Period;#;Cum. net profit;Net profit;Gross profit;Gross loss;Commission;Cum. max. drawdown;Max. drawdown;% Win;Avg. trade;Avg. winner;Avg. loser;Lrg. winner;Lrg. loser;MTR;Avg. MAE;Avg. MFE;Avg. ETD;% Trade;
06/02/2019;1;-95,68 $;-95,68 $;0,00 $;-95,68 $;5,68 $;-95,68 $;-95,68 $;0,00%;-95,68 $;0,00 $;-95,68 $;0,00 $;-95,68 $;0,00;90,00 $;5,00 $;100,68 $;0,07%;
07/02/2019;1;18,64 $;114,32 $;114,32 $;0,00 $;5,68 $;0,00 $;0,00 $;100,00%;114,32 $;114,32 $;0,00 $;114,32 $;0,00 $;90,00;235,00 $;280,00 $;165,68 $;0,07%;
08/02/2019;1;692,96 $;674,32 $;674,32 $;0,00 $;5,68 $;0,00 $;0,00 $;100,00%;674,32 $;674,32 $;0,00 $;674,32 $;0,00 $;150,00;55,00 $;710,00 $;35,68 $;0,07%;
11/02/2019;1;567,28 $;-125,68 $;0,00 $;-125,68 $;5,68 $;-125,68 $;-125,68 $;0,00%;-125,68 $;0,00 $;-125,68 $;0,00 $;-125,68 $;240,00;385,00 $;120,00 $;245,68 $;0,07%;
12/02/2019;1;821,60 $;254,32 $;254,32 $;0,00 $;5,68 $;0,00 $;0,00 $;100,00%;254,32 $;254,32 $;0,00 $;254,32 $;0,00 $;210,00;85,00 $;420,00 $;165,68 $;0,07%;
13/02/2019;1;1140,92 $;319,32 $;319,32 $;0,00 $;5,68 $;0,00 $;0,00 $;100,00%;319,32 $;319,32 $;0,00 $;319,32 $;0,00 $;240,00;230,00 $;325,00 $;5,68 $;0,07%;
14/02/2019;1;720,24 $;-420,68 $;0,00 $;-420,68 $;5,68 $;-420,68 $;-420,68 $;0,00%;-420,68 $;0,00 $;-420,68 $;0,00 $;-420,68 $;210,00;465,00 $;240,00 $;660,68 $;0,07%;
15/02/2019;1;1264,56 $;544,32 $;544,32 $;0,00 $;5,68 $;0,00 $;0,00 $;100,00%;544,32 $;544,32 $;0,00 $;544,32 $;0,00 $;90,00;30,00 $;580,00 $;35,68 $;0,07%;
19/02/2019;1;1673,88 $;409,32 $;409,32 $;0,00 $;5,68 $;0,00 $;0,00 $;100,00%;409,32 $;409,32 $;0,00 $;409,32 $;0,00 $;240,00;15,00 $;565,00 $;155,68 $;0,07%;
20/02/2019;2;1787,52 $;113,64 $;159,32 $;-45,68 $;11,36 $;-45,68 $;-45,68 $;50,00%;56,82 $;159,32 $;-45,68 $;159,32 $;-45,68 $;270,00;202,50 $;205,00 $;148,18 $;0,14%;
22/02/2019;1;1566,84 $;-220,68 $;0,00 $;-220,68 $;5,68 $;-266,36 $;-220,68 $;0,00%;-220,68 $;0,00 $;-220,68 $;0,00 $;-220,68 $;240,00;645,00 $;70,00 $;290,68 $;0,07%;
25/02/2019;1;1506,16 $;-60,68 $;0,00 $;-60,68 $;5,68 $;-327,04 $;-60,68 $;0,00%;-60,68 $;0,00 $;-60,68 $;0,00 $;-60,68 $;30,00;105,00 $;215,00 $;275,68 $;0,07%;
26/02/2019;2;1559,80 $;53,64 $;129,32 $;-75,68 $;11,36 $;-273,40 $;-75,68 $;50,00%;26,82 $;129,32 $;-75,68 $;129,32 $;-75,68 $;270,00;150,00 $;182,50 $;155,68 $;0,14%;
28/02/2019;1;1384,12 $;-175,68 $;0,00 $;-175,68 $;5,68 $;-449,08 $;-175,68 $;0,00%;-175,68 $;0,00 $;-175,68 $;0,00 $;-175,68 $;210,00;405,00 $;40,00 $;215,68 $;0,07%;
04/03/2019;1;1553,44 $;169,32 $;169,32 $;0,00 $;5,68 $;-279,76 $;0,00 $;100,00%;169,32 $;169,32 $;0,00 $;169,32 $;0,00 $;30,00;65,00 $;285,00 $;115,68 $;0,07%;
05/03/2019;1;1627,76 $;74,32 $;74,32 $;0,00 $;5,68 $;-205,44 $;0,00 $;100,00%;74,32 $;74,32 $;0,00 $;74,32 $;0,00 $;210,00;140,00 $;300,00 $;225,68 $;0,07%;
08/03/2019;1;2462,08 $;834,32 $;834,32 $;0,00 $;5,68 $;0,00 $;0,00 $;100,00%;834,32 $;834,32 $;0,00 $;834,32 $;0,00 $;210,00;295,00 $;855,00 $;20,68 $;0,07%;
11/03/2019;1;2716,40 $;254,32 $;254,32 $;0,00 $;5,68 $;0,00 $;0,00 $;100,00%;254,32 $;254,32 $;0,00 $;254,32 $;0,00 $;90,00;140,00 $;385,00 $;130,68 $;0,07%;
12/03/2019;1;2640,72 $;-75,68 $;0,00 $;-75,68 $;5,68 $;-75,68 $;-75,68 $;0,00%;-75,68 $;0,00 $;-75,68 $;0,00 $;-75,68 $;210,00;295,00 $;200,00 $;275,68 $;0,07%;
13/03/2019;2;2229,36 $;-411,36 $;59,32 $;-470,68 $;11,36 $;-546,36 $;-470,68 $;50,00%;-205,68 $;59,32 $;-470,68 $;59,32 $;-470,68 $;270,00;460,00 $;135,00 $;340,68 $;0,14%;
14/03/2019;1;2213,68 $;-15,68 $;0,00 $;-15,68 $;5,68 $;-502,72 $;-15,68 $;0,00%;-15,68 $;0,00 $;-15,68 $;0,00 $;-15,68 $;150,00;190,00 $;110,00 $;125,68 $;0,07%;
15/03/2019;1;2398,00 $;184,32 $;184,32 $;0,00 $;5,68 $;-318,40 $;0,00 $;100,00%;184,32 $;184,32 $;0,00 $;184,32 $;0,00 $;240,00;120,00 $;575,00 $;390,68 $;0,07%;
18/03/2019;1;2747,32 $;349,32 $;349,32 $;0,00 $;5,68 $;0,00 $;0,00 $;100,00%;349,32 $;349,32 $;0,00 $;349,32 $;0,00 $;150,00;30,00 $;430,00 $;80,68 $;0,07%;
19/03/2019;1;1916,64 $;-830,68 $;0,00 $;-830,68 $;5,68 $;-830,68 $;-830,68 $;0,00%;-830,68 $;0,00 $;-830,68 $;0,00 $;-830,68 $;240,00;890,00 $;360,00 $;1190,68 $;0,07%;
20/03/2019;1;735,96 $;-1180,68 $;0,00 $;-1180,68 $;5,68 $;-2011,36 $;-1180,68 $;0,00%;-1180,68 $;0,00 $;-1180,68 $;0,00 $;-1180,68 $;90,00;1200,00 $;135,00 $;1315,68 $;0,07%;
25/03/2019;1;890,28 $;154,32 $;154,32 $;0,00 $;5,68 $;-1857,04 $;0,00 $;100,00%;154,32 $;154,32 $;0,00 $;154,32 $;0,00 $;210,00;700,00 $;160,00 $;5,68 $;0,07%;
26/03/2019;1;944,60 $;54,32 $;54,32 $;0,00 $;5,68 $;-1802,72 $;0,00 $;100,00%;54,32 $;54,32 $;0,00 $;54,32 $;0,00 $;210,00;475,00 $;115,00 $;60,68 $;0,07%;
27/03/2019;1;1048,92 $;104,32 $;104,32 $;0,00 $;5,68 $;-1698,40 $;0,00 $;100,00%;104,32 $;104,32 $;0,00 $;104,32 $;0,00 $;150,00;105,00 $;455,00 $;350,68 $;0,07%;
28/03/2019;1;1583,24 $;534,32 $;534,32 $;0,00 $;5,68 $;-1164,08 $;0,00 $;100,00%;534,32 $;534,32 $;0,00 $;534,32 $;0,00 $;240,00;100,00 $;620,00 $;85,68 $;0,07%;
29/03/2019;1;1952,56 $;369,32 $;369,32 $;0,00 $;5,68 $;-794,76 $;0,00 $;100,00%;369,32 $;369,32 $;0,00 $;369,32 $;0,00 $;150,00;110,00 $;445,00 $;75,68 $;0,07%;
02/04/2019;1;1806,88 $;-145,68 $;0,00 $;-145,68 $;5,68 $;-940,44 $;-145,68 $;0,00%;-145,68 $;0,00 $;-145,68 $;0,00 $;-145,68 $;90,00;150,00 $;175,00 $;320,68 $;0,07%;
03/04/2019;1;1506,20 $;-300,68 $;0,00 $;-300,68 $;5,68 $;-1241,12 $;-300,68 $;0,00%;-300,68 $;0,00 $;-300,68 $;0,00 $;-300,68 $;240,00;550,00 $;225,00 $;525,68 $;0,07%;
04/04/2019;1;1505,52 $;-0,68 $;0,00 $;-0,68 $;5,68 $;-1241,80 $;-0,68 $;0,00%;-0,68 $;0,00 $;-0,68 $;0,00 $;-0,68 $;240,00;355,00 $;80,00 $;80,68 $;0,07%;
08/04/2019;1;1499,84 $;-5,68 $;0,00 $;-5,68 $;5,68 $;-1247,48 $;-5,68 $;0,00%;-5,68 $;0,00 $;-5,68 $;0,00 $;-5,68 $;240,00;195,00 $;150,00 $;155,68 $;0,07%;
10/04/2019;1;1629,16 $;129,32 $;129,32 $;0,00 $;5,68 $;-1118,16 $;0,00 $;100,00%;129,32 $;129,32 $;0,00 $;129,32 $;0,00 $;210,00;185,00 $;150,00 $;20,68 $;0,07%;
12/04/2019;1;1883,48 $;254,32 $;254,32 $;0,00 $;5,68 $;-863,84 $;0,00 $;100,00%;254,32 $;254,32 $;0,00 $;254,32 $;0,00 $;240,00;60,00 $;380,00 $;125,68 $;0,07%;
15/04/2019;1;2047,80 $;164,32 $;164,32 $;0,00 $;5,68 $;-699,52 $;0,00 $;100,00%;164,32 $;164,32 $;0,00 $;164,32 $;0,00 $;210,00;10,00 $;255,00 $;90,68 $;0,07%;
16/04/2019;1;2202,12 $;154,32 $;154,32 $;0,00 $;5,68 $;-545,20 $;0,00 $;100,00%;154,32 $;154,32 $;0,00 $;154,32 $;0,00 $;240,00;160,00 $;215,00 $;60,68 $;0,07%;
18/04/2019;1;2111,44 $;-90,68 $;0,00 $;-90,68 $;5,68 $;-635,88 $;-90,68 $;0,00%;-90,68 $;0,00 $;-90,68 $;0,00 $;-90,68 $;90,00;200,00 $;75,00 $;165,68 $;0,07%;
23/04/2019;1;1975,76 $;-135,68 $;0,00 $;-135,68 $;5,68 $;-771,56 $;-135,68 $;0,00%;-135,68 $;0,00 $;-135,68 $;0,00 $;-135,68 $;210,00;255,00 $;15,00 $;150,68 $;0,07%;
25/04/2019;1;2325,08 $;349,32 $;349,32 $;0,00 $;5,68 $;-422,24 $;0,00 $;100,00%;349,32 $;349,32 $;0,00 $;349,32 $;0,00 $;240,00;0,00 $;525,00 $;175,68 $;0,07%;
26/04/2019;1;2284,40 $;-40,68 $;0,00 $;-40,68 $;5,68 $;-462,92 $;-40,68 $;0,00%;-40,68 $;0,00 $;-40,68 $;0,00 $;-40,68 $;240,00;215,00 $;115,00 $;155,68 $;0,07%;
29/04/2019;1;2248,72 $;-35,68 $;0,00 $;-35,68 $;5,68 $;-498,60 $;-35,68 $;0,00%;-35,68 $;0,00 $;-35,68 $;0,00 $;-35,68 $;210,00;120,00 $;170,00 $;205,68 $;0,07%;
30/04/2019;1;2823,04 $;574,32 $;574,32 $;0,00 $;5,68 $;0,00 $;0,00 $;100,00%;574,32 $;574,32 $;0,00 $;574,32 $;0,00 $;150,00;50,00 $;650,00 $;75,68 $;0,07%;
01/05/2019;1;2242,36 $;-580,68 $;0,00 $;-580,68 $;5,68 $;-580,68 $;-580,68 $;0,00%;-580,68 $;0,00 $;-580,68 $;0,00 $;-580,68 $;240,00;675,00 $;170,00 $;750,68 $;0,07%;
03/05/2019;1;2651,68 $;409,32 $;409,32 $;0,00 $;5,68 $;-171,36 $;0,00 $;100,00%;409,32 $;409,32 $;0,00 $;409,32 $;0,00 $;240,00;45,00 $;540,00 $;130,68 $;0,07%;
06/05/2019;2;2235,32 $;-416,36 $;619,32 $;-1035,68 $;11,36 $;-1035,68 $;-1035,68 $;50,00%;-208,18 $;619,32 $;-1035,68 $;619,32 $;-1035,68 $;270,00;710,00 $;385,00 $;593,18 $;0,14%;
07/05/2019;1;2244,64 $;9,32 $;9,32 $;0,00 $;5,68 $;-1026,36 $;0,00 $;100,00%;9,32 $;9,32 $;0,00 $;9,32 $;0,00 $;0,00;130,00 $;25,00 $;15,68 $;0,07%;
08/05/2019;1;2448,96 $;204,32 $;204,32 $;0,00 $;5,68 $;-822,04 $;0,00 $;100,00%;204,32 $;204,32 $;0,00 $;204,32 $;0,00 $;210,00;215,00 $;575,00 $;370,68 $;0,07%;
09/05/2019;1;3808,28 $;1359,32 $;1359,32 $;0,00 $;5,68 $;0,00 $;0,00 $;100,00%;1359,32 $;1359,32 $;0,00 $;1359,32 $;0,00 $;240,00;20,00 $;1760,00 $;400,68 $;0,07%;
10/05/2019;1;3807,60 $;-0,68 $;0,00 $;-0,68 $;5,68 $;-0,68 $;-0,68 $;0,00%;-0,68 $;0,00 $;-0,68 $;0,00 $;-0,68 $;0,00;15,00 $;130,00 $;130,68 $;0,07%;
13/05/2019;1;3826,92 $;19,32 $;19,32 $;0,00 $;5,68 $;0,00 $;0,00 $;100,00%;19,32 $;19,32 $;0,00 $;19,32 $;0,00 $;30,00;240,00 $;240,00 $;220,68 $;0,07%;
14/05/2019;1;3721,24 $;-105,68 $;0,00 $;-105,68 $;5,68 $;-105,68 $;-105,68 $;0,00%;-105,68 $;0,00 $;-105,68 $;0,00 $;-105,68 $;210,00;385,00 $;430,00 $;535,68 $;0,07%;
15/05/2019;1;4110,56 $;389,32 $;389,32 $;0,00 $;5,68 $;0,00 $;0,00 $;100,00%;389,32 $;389,32 $;0,00 $;389,32 $;0,00 $;240,00;100,00 $;440,00 $;50,68 $;0,07%;
20/05/2019;1;3974,88 $;-135,68 $;0,00 $;-135,68 $;5,68 $;-135,68 $;-135,68 $;0,00%;-135,68 $;0,00 $;-135,68 $;0,00 $;-135,68 $;240,00;445,00 $;305,00 $;440,68 $;0,07%;
21/05/2019;1;4274,20 $;299,32 $;299,32 $;0,00 $;5,68 $;0,00 $;0,00 $;100,00%;299,32 $;299,32 $;0,00 $;299,32 $;0,00 $;210,00;115,00 $;395,00 $;95,68 $;0,07%;
22/05/2019;1;4098,52 $;-175,68 $;0,00 $;-175,68 $;5,68 $;-175,68 $;-175,68 $;0,00%;-175,68 $;0,00 $;-175,68 $;0,00 $;-175,68 $;30,00;245,00 $;30,00 $;205,68 $;0,07%;
23/05/2019;1;4232,84 $;134,32 $;134,32 $;0,00 $;5,68 $;-41,36 $;0,00 $;100,00%;134,32 $;134,32 $;0,00 $;134,32 $;0,00 $;240,00;535,00 $;235,00 $;100,68 $;0,07%;
24/05/2019;2;4531,48 $;298,64 $;369,32 $;-70,68 $;11,36 $;-70,68 $;-70,68 $;50,00%;149,32 $;369,32 $;-70,68 $;369,32 $;-70,68 $;270,00;70,00 $;237,50 $;88,18 $;0,14%;
29/05/2019;1;4670,80 $;139,32 $;139,32 $;0,00 $;5,68 $;0,00 $;0,00 $;100,00%;139,32 $;139,32 $;0,00 $;139,32 $;0,00 $;150,00;520,00 $;370,00 $;230,68 $;0,07%;
30/05/2019;1;4875,12 $;204,32 $;204,32 $;0,00 $;5,68 $;0,00 $;0,00 $;100,00%;204,32 $;204,32 $;0,00 $;204,32 $;0,00 $;210,00;410,00 $;330,00 $;125,68 $;0,07%;
31/05/2019;1;4229,44 $;-645,68 $;0,00 $;-645,68 $;5,68 $;-645,68 $;-645,68 $;0,00%;-645,68 $;0,00 $;-645,68 $;0,00 $;-645,68 $;240,00;790,00 $;25,00 $;670,68 $;0,07%;
03/06/2019;1;3423,76 $;-805,68 $;0,00 $;-805,68 $;5,68 $;-1451,36 $;-805,68 $;0,00%;-805,68 $;0,00 $;-805,68 $;0,00 $;-805,68 $;240,00;920,00 $;210,00 $;1015,68 $;0,07%;
04/06/2019;1;3618,08 $;194,32 $;194,32 $;0,00 $;5,68 $;-1257,04 $;0,00 $;100,00%;194,32 $;194,32 $;0,00 $;194,32 $;0,00 $;240,00;225,00 $;235,00 $;40,68 $;0,07%;
06/06/2019;2;3881,72 $;263,64 $;489,32 $;-225,68 $;11,36 $;-993,40 $;-225,68 $;50,00%;131,82 $;489,32 $;-225,68 $;489,32 $;-225,68 $;270,00;347,50 $;265,00 $;133,18 $;0,14%;
07/06/2019;1;4081,04 $;199,32 $;199,32 $;0,00 $;5,68 $;-794,08 $;0,00 $;100,00%;199,32 $;199,32 $;0,00 $;199,32 $;0,00 $;240,00;120,00 $;300,00 $;100,68 $;0,07%;
10/06/2019;1;3755,36 $;-325,68 $;0,00 $;-325,68 $;5,68 $;-1119,76 $;-325,68 $;0,00%;-325,68 $;0,00 $;-325,68 $;0,00 $;-325,68 $;240,00;490,00 $;280,00 $;605,68 $;0,07%;
11/06/2019;1;3894,68 $;139,32 $;139,32 $;0,00 $;5,68 $;-980,44 $;0,00 $;100,00%;139,32 $;139,32 $;0,00 $;139,32 $;0,00 $;150,00;115,00 $;390,00 $;250,68 $;0,07%;
12/06/2019;1;3814,00 $;-80,68 $;0,00 $;-80,68 $;5,68 $;-1061,12 $;-80,68 $;0,00%;-80,68 $;0,00 $;-80,68 $;0,00 $;-80,68 $;240,00;265,00 $;135,00 $;215,68 $;0,07%;
13/06/2019;1;3773,32 $;-40,68 $;0,00 $;-40,68 $;5,68 $;-1101,80 $;-40,68 $;0,00%;-40,68 $;0,00 $;-40,68 $;0,00 $;-40,68 $;240,00;145,00 $;400,00 $;440,68 $;0,07%;
14/06/2019;2;4071,96 $;298,64 $;298,64 $;0,00 $;11,36 $;-842,48 $;0,00 $;100,00%;149,32 $;149,32 $;0,00 $;259,32 $;0,00 $;240,00;100,00 $;197,50 $;48,18 $;0,14%;
18/06/2019;1;4131,28 $;59,32 $;59,32 $;0,00 $;5,68 $;-743,84 $;0,00 $;100,00%;59,32 $;59,32 $;0,00 $;59,32 $;0,00 $;240,00;360,00 $;135,00 $;75,68 $;0,07%;
19/06/2019;1;4270,60 $;139,32 $;139,32 $;0,00 $;5,68 $;-604,52 $;0,00 $;100,00%;139,32 $;139,32 $;0,00 $;139,32 $;0,00 $;210,00;370,00 $;415,00 $;275,68 $;0,07%;
21/06/2019;2;3894,24 $;-376,36 $;0,00 $;-376,36 $;11,36 $;-980,88 $;-376,36 $;0,00%;-188,18 $;0,00 $;-188,18 $;0,00 $;-240,68 $;270,00;237,50 $;80,00 $;268,18 $;0,14%;
24/06/2019;1;3833,56 $;-60,68 $;0,00 $;-60,68 $;5,68 $;-1041,56 $;-60,68 $;0,00%;-60,68 $;0,00 $;-60,68 $;0,00 $;-60,68 $;210,00;190,00 $;45,00 $;105,68 $;0,07%;
25/06/2019;1;3752,88 $;-80,68 $;0,00 $;-80,68 $;5,68 $;-1122,24 $;-80,68 $;0,00%;-80,68 $;0,00 $;-80,68 $;0,00 $;-80,68 $;30,00;225,00 $;85,00 $;165,68 $;0,07%;
27/06/2019;1;4127,20 $;374,32 $;374,32 $;0,00 $;5,68 $;-747,92 $;0,00 $;100,00%;374,32 $;374,32 $;0,00 $;374,32 $;0,00 $;240,00;50,00 $;605,00 $;230,68 $;0,07%;
28/06/2019;1;4271,52 $;144,32 $;144,32 $;0,00 $;5,68 $;-603,60 $;0,00 $;100,00%;144,32 $;144,32 $;0,00 $;144,32 $;0,00 $;210,00;485,00 $;230,00 $;85,68 $;0,07%;
03/07/2019;1;4830,84 $;559,32 $;559,32 $;0,00 $;5,68 $;-44,28 $;0,00 $;100,00%;559,32 $;559,32 $;0,00 $;559,32 $;0,00 $;45,00;15,00 $;585,00 $;25,68 $;0,07%;
05/07/2019;1;4745,16 $;-85,68 $;0,00 $;-85,68 $;5,68 $;-129,96 $;-85,68 $;0,00%;-85,68 $;0,00 $;-85,68 $;0,00 $;-85,68 $;150,00;225,00 $;155,00 $;240,68 $;0,07%;
09/07/2019;1;4984,48 $;239,32 $;239,32 $;0,00 $;5,68 $;0,00 $;0,00 $;100,00%;239,32 $;239,32 $;0,00 $;239,32 $;0,00 $;90,00;110,00 $;350,00 $;110,68 $;0,07%;
10/07/2019;1;5048,80 $;64,32 $;64,32 $;0,00 $;5,68 $;0,00 $;0,00 $;100,00%;64,32 $;64,32 $;0,00 $;64,32 $;0,00 $;210,00;25,00 $;400,00 $;335,68 $;0,07%;
11/07/2019;1;5183,12 $;134,32 $;134,32 $;0,00 $;5,68 $;0,00 $;0,00 $;100,00%;134,32 $;134,32 $;0,00 $;134,32 $;0,00 $;210,00;370,00 $;215,00 $;80,68 $;0,07%;
12/07/2019;1;5597,44 $;414,32 $;414,32 $;0,00 $;5,68 $;0,00 $;0,00 $;100,00%;414,32 $;414,32 $;0,00 $;414,32 $;0,00 $;210,00;20,00 $;550,00 $;135,68 $;0,07%;
16/07/2019;1;5521,76 $;-75,68 $;0,00 $;-75,68 $;5,68 $;-75,68 $;-75,68 $;0,00%;-75,68 $;0,00 $;-75,68 $;0,00 $;-75,68 $;90,00;90,00 $;190,00 $;265,68 $;0,07%;
17/07/2019;1;5376,08 $;-145,68 $;0,00 $;-145,68 $;5,68 $;-221,36 $;-145,68 $;0,00%;-145,68 $;0,00 $;-145,68 $;0,00 $;-145,68 $;240,00;160,00 $;215,00 $;360,68 $;0,07%;
18/07/2019;2;6249,72 $;873,64 $;873,64 $;0,00 $;11,36 $;0,00 $;0,00 $;100,00%;436,82 $;436,82 $;0,00 $;444,32 $;0,00 $;240,00;120,00 $;627,50 $;190,68 $;0,14%;
19/07/2019;1;5929,04 $;-320,68 $;0,00 $;-320,68 $;5,68 $;-320,68 $;-320,68 $;0,00%;-320,68 $;0,00 $;-320,68 $;0,00 $;-320,68 $;240,00;480,00 $;225,00 $;545,68 $;0,07%;
23/07/2019;1;5758,36 $;-170,68 $;0,00 $;-170,68 $;5,68 $;-491,36 $;-170,68 $;0,00%;-170,68 $;0,00 $;-170,68 $;0,00 $;-170,68 $;30,00;255,00 $;90,00 $;260,68 $;0,07%;
24/07/2019;1;5887,68 $;129,32 $;129,32 $;0,00 $;5,68 $;-362,04 $;0,00 $;100,00%;129,32 $;129,32 $;0,00 $;129,32 $;0,00 $;240,00;100,00 $;150,00 $;20,68 $;0,07%;
26/07/2019;1;5707,00 $;-180,68 $;0,00 $;-180,68 $;5,68 $;-542,72 $;-180,68 $;0,00%;-180,68 $;0,00 $;-180,68 $;0,00 $;-180,68 $;30,00;175,00 $;85,00 $;265,68 $;0,07%;
29/07/2019;1;5591,32 $;-115,68 $;0,00 $;-115,68 $;5,68 $;-658,40 $;-115,68 $;0,00%;-115,68 $;0,00 $;-115,68 $;0,00 $;-115,68 $;210,00;145,00 $;135,00 $;250,68 $;0,07%;
30/07/2019;1;5865,64 $;274,32 $;274,32 $;0,00 $;5,68 $;-384,08 $;0,00 $;100,00%;274,32 $;274,32 $;0,00 $;274,32 $;0,00 $;30,00;65,00 $;295,00 $;20,68 $;0,07%;
31/07/2019;1;4029,96 $;-1835,68 $;0,00 $;-1835,68 $;5,68 $;-2219,76 $;-1835,68 $;0,00%;-1835,68 $;0,00 $;-1835,68 $;0,00 $;-1835,68 $;210,00;2470,00 $;40,00 $;1875,68 $;0,07%;
01/08/2019;1;1454,28 $;-2575,68 $;0,00 $;-2575,68 $;5,68 $;-4795,44 $;-2575,68 $;0,00%;-2575,68 $;0,00 $;-2575,68 $;0,00 $;-2575,68 $;240,00;2960,00 $;150,00 $;2725,68 $;0,07%;
02/08/2019;1;2163,60 $;709,32 $;709,32 $;0,00 $;5,68 $;-4086,12 $;0,00 $;100,00%;709,32 $;709,32 $;0,00 $;709,32 $;0,00 $;240,00;200,00 $;820,00 $;110,68 $;0,07%;
05/08/2019;1;672,92 $;-1490,68 $;0,00 $;-1490,68 $;5,68 $;-5576,80 $;-1490,68 $;0,00%;-1490,68 $;0,00 $;-1490,68 $;0,00 $;-1490,68 $;240,00;2090,00 $;125,00 $;1615,68 $;0,07%;
07/08/2019;1;2197,24 $;1524,32 $;1524,32 $;0,00 $;5,68 $;-4052,48 $;0,00 $;100,00%;1524,32 $;1524,32 $;0,00 $;1524,32 $;0,00 $;240,00;365,00 $;1550,00 $;25,68 $;0,07%;
08/08/2019;1;2566,56 $;369,32 $;369,32 $;0,00 $;5,68 $;-3683,16 $;0,00 $;100,00%;369,32 $;369,32 $;0,00 $;369,32 $;0,00 $;240,00;30,00 $;715,00 $;345,68 $;0,07%;
09/08/2019;1;2465,88 $;-100,68 $;0,00 $;-100,68 $;5,68 $;-3783,84 $;-100,68 $;0,00%;-100,68 $;0,00 $;-100,68 $;0,00 $;-100,68 $;90,00;305,00 $;395,00 $;495,68 $;0,07%;
13/08/2019;1;2680,20 $;214,32 $;214,32 $;0,00 $;5,68 $;-3569,52 $;0,00 $;100,00%;214,32 $;214,32 $;0,00 $;214,32 $;0,00 $;240,00;155,00 $;575,00 $;360,68 $;0,07%;
14/08/2019;1;1944,52 $;-735,68 $;0,00 $;-735,68 $;5,68 $;-4305,20 $;-735,68 $;0,00%;-735,68 $;0,00 $;-735,68 $;0,00 $;-735,68 $;240,00;1105,00 $;205,00 $;940,68 $;0,07%;
15/08/2019;1;2083,84 $;139,32 $;139,32 $;0,00 $;5,68 $;-4165,88 $;0,00 $;100,00%;139,32 $;139,32 $;0,00 $;139,32 $;0,00 $;240,00;870,00 $;510,00 $;370,68 $;0,07%;
16/08/2019;1;2058,16 $;-25,68 $;0,00 $;-25,68 $;5,68 $;-4191,56 $;-25,68 $;0,00%;-25,68 $;0,00 $;-25,68 $;0,00 $;-25,68 $;240,00;185,00 $;260,00 $;285,68 $;0,07%;
19/08/2019;1;2042,48 $;-15,68 $;0,00 $;-15,68 $;5,68 $;-4207,24 $;-15,68 $;0,00%;-15,68 $;0,00 $;-15,68 $;0,00 $;-15,68 $;240,00;200,00 $;165,00 $;180,68 $;0,07%;
20/08/2019;1;1751,80 $;-290,68 $;0,00 $;-290,68 $;5,68 $;-4497,92 $;-290,68 $;0,00%;-290,68 $;0,00 $;-290,68 $;0,00 $;-290,68 $;240,00;535,00 $;65,00 $;355,68 $;0,07%;
21/08/2019;1;1871,12 $;119,32 $;119,32 $;0,00 $;5,68 $;-4378,60 $;0,00 $;100,00%;119,32 $;119,32 $;0,00 $;119,32 $;0,00 $;150,00;425,00 $;135,00 $;15,68 $;0,07%;
22/08/2019;1;1775,44 $;-95,68 $;0,00 $;-95,68 $;5,68 $;-4474,28 $;-95,68 $;0,00%;-95,68 $;0,00 $;-95,68 $;0,00 $;-95,68 $;210,00;110,00 $;460,00 $;555,68 $;0,07%;
23/08/2019;1;579,76 $;-1195,68 $;0,00 $;-1195,68 $;5,68 $;-5669,96 $;-1195,68 $;0,00%;-1195,68 $;0,00 $;-1195,68 $;0,00 $;-1195,68 $;240,00;1240,00 $;105,00 $;1300,68 $;0,07%;
26/08/2019;1;829,08 $;249,32 $;249,32 $;0,00 $;5,68 $;-5420,64 $;0,00 $;100,00%;249,32 $;249,32 $;0,00 $;249,32 $;0,00 $;210,00;635,00 $;285,00 $;35,68 $;0,07%;
27/08/2019;1;463,40 $;-365,68 $;0,00 $;-365,68 $;5,68 $;-5786,32 $;-365,68 $;0,00%;-365,68 $;0,00 $;-365,68 $;0,00 $;-365,68 $;210,00;540,00 $;380,00 $;745,68 $;0,07%;
28/08/2019;1;882,72 $;419,32 $;419,32 $;0,00 $;5,68 $;-5367,00 $;0,00 $;100,00%;419,32 $;419,32 $;0,00 $;419,32 $;0,00 $;210,00;160,00 $;460,00 $;40,68 $;0,07%;
30/08/2019;2;1246,36 $;363,64 $;363,64 $;0,00 $;11,36 $;-5127,68 $;0,00 $;100,00%;181,82 $;181,82 $;0,00 $;239,32 $;0,00 $;240,00;30,00 $;382,50 $;200,68 $;0,14%;
02/09/2019;1;1190,68 $;-55,68 $;0,00 $;-55,68 $;5,68 $;-5059,04 $;-55,68 $;0,00%;-55,68 $;0,00 $;-55,68 $;0,00 $;-55,68 $;0,00;65,00 $;165,00 $;220,68 $;0,07%;
03/09/2019;1;1390,00 $;199,32 $;199,32 $;0,00 $;5,68 $;-4859,72 $;0,00 $;100,00%;199,32 $;199,32 $;0,00 $;199,32 $;0,00 $;240,00;285,00 $;280,00 $;80,68 $;0,07%;
04/09/2019;1;1469,32 $;79,32 $;79,32 $;0,00 $;5,68 $;-4780,40 $;0,00 $;100,00%;79,32 $;79,32 $;0,00 $;79,32 $;0,00 $;240,00;215,00 $;135,00 $;55,68 $;0,07%;
05/09/2019;1;1113,64 $;-355,68 $;0,00 $;-355,68 $;5,68 $;-5136,08 $;-355,68 $;0,00%;-355,68 $;0,00 $;-355,68 $;0,00 $;-355,68 $;210,00;370,00 $;120,00 $;475,68 $;0,07%;
06/09/2019;1;1202,96 $;89,32 $;89,32 $;0,00 $;5,68 $;-5046,76 $;0,00 $;100,00%;89,32 $;89,32 $;0,00 $;89,32 $;0,00 $;240,00;200,00 $;265,00 $;175,68 $;0,07%;
09/09/2019;1;992,28 $;-210,68 $;0,00 $;-210,68 $;5,68 $;-5257,44 $;-210,68 $;0,00%;-210,68 $;0,00 $;-210,68 $;0,00 $;-210,68 $;240,00;595,00 $;25,00 $;235,68 $;0,07%;
10/09/2019;1;1281,60 $;289,32 $;289,32 $;0,00 $;5,68 $;-4968,12 $;0,00 $;100,00%;289,32 $;289,32 $;0,00 $;289,32 $;0,00 $;210,00;320,00 $;335,00 $;45,68 $;0,07%;
12/09/2019;1;1350,92 $;69,32 $;69,32 $;0,00 $;5,68 $;-4898,80 $;0,00 $;100,00%;69,32 $;69,32 $;0,00 $;69,32 $;0,00 $;240,00;55,00 $;425,00 $;355,68 $;0,07%;
13/09/2019;1;1275,24 $;-75,68 $;0,00 $;-75,68 $;5,68 $;-4974,48 $;-75,68 $;0,00%;-75,68 $;0,00 $;-75,68 $;0,00 $;-75,68 $;210,00;130,00 $;145,00 $;220,68 $;0,07%;
16/09/2019;2;1208,88 $;-66,36 $;134,32 $;-200,68 $;11,36 $;-5175,16 $;-200,68 $;50,00%;-33,18 $;134,32 $;-200,68 $;134,32 $;-200,68 $;270,00;217,50 $;87,50 $;120,68 $;0,14%;
17/09/2019;1;1348,20 $;139,32 $;139,32 $;0,00 $;5,68 $;-4901,52 $;0,00 $;100,00%;139,32 $;139,32 $;0,00 $;139,32 $;0,00 $;240,00;135,00 $;250,00 $;110,68 $;0,07%;
18/09/2019;1;2387,52 $;1039,32 $;1039,32 $;0,00 $;5,68 $;-3862,20 $;0,00 $;100,00%;1039,32 $;1039,32 $;0,00 $;1039,32 $;0,00 $;90,00;220,00 $;1190,00 $;150,68 $;0,07%;
23/09/2019;1;2476,84 $;89,32 $;89,32 $;0,00 $;5,68 $;-3772,88 $;0,00 $;100,00%;89,32 $;89,32 $;0,00 $;89,32 $;0,00 $;210,00;115,00 $;250,00 $;160,68 $;0,07%;
24/09/2019;2;1515,48 $;-961,36 $;39,32 $;-1000,68 $;11,36 $;-4773,56 $;-1000,68 $;50,00%;-480,68 $;39,32 $;-1000,68 $;39,32 $;-1000,68 $;270,00;697,50 $;30,00 $;510,68 $;0,14%;
25/09/2019;1;1544,80 $;29,32 $;29,32 $;0,00 $;5,68 $;-4704,92 $;0,00 $;100,00%;29,32 $;29,32 $;0,00 $;29,32 $;0,00 $;210,00;220,00 $;310,00 $;280,68 $;0,07%;
27/09/2019;1;299,12 $;-1245,68 $;0,00 $;-1245,68 $;5,68 $;-5950,60 $;-1245,68 $;0,00%;-1245,68 $;0,00 $;-1245,68 $;0,00 $;-1245,68 $;240,00;1430,00 $;55,00 $;1300,68 $;0,07%;
30/09/2019;1;263,44 $;-35,68 $;0,00 $;-35,68 $;5,68 $;-5986,28 $;-35,68 $;0,00%;-35,68 $;0,00 $;-35,68 $;0,00 $;-35,68 $;240,00;75,00 $;215,00 $;250,68 $;0,07%;
01/10/2019;1;-167,24 $;-430,68 $;0,00 $;-430,68 $;5,68 $;-6416,96 $;-430,68 $;0,00%;-430,68 $;0,00 $;-430,68 $;0,00 $;-430,68 $;210,00;490,00 $;155,00 $;585,68 $;0,07%;
02/10/2019;1;-72,92 $;94,32 $;94,32 $;0,00 $;5,68 $;-6322,64 $;0,00 $;100,00%;94,32 $;94,32 $;0,00 $;94,32 $;0,00 $;240,00;645,00 $;300,00 $;205,68 $;0,07%;
03/10/2019;1;271,40 $;344,32 $;344,32 $;0,00 $;5,68 $;-5978,32 $;0,00 $;100,00%;344,32 $;344,32 $;0,00 $;344,32 $;0,00 $;240,00;280,00 $;605,00 $;260,68 $;0,07%;
07/10/2019;1;255,72 $;-15,68 $;0,00 $;-15,68 $;5,68 $;-5994,00 $;-15,68 $;0,00%;-15,68 $;0,00 $;-15,68 $;0,00 $;-15,68 $;240,00;350,00 $;515,00 $;530,68 $;0,07%;
08/10/2019;1;-489,96 $;-745,68 $;0,00 $;-745,68 $;5,68 $;-6739,68 $;-745,68 $;0,00%;-745,68 $;0,00 $;-745,68 $;0,00 $;-745,68 $;150,00;895,00 $;465,00 $;1210,68 $;0,07%;
10/10/2019;1;-885,64 $;-395,68 $;0,00 $;-395,68 $;5,68 $;-7135,36 $;-395,68 $;0,00%;-395,68 $;0,00 $;-395,68 $;0,00 $;-395,68 $;240,00;930,00 $;50,00 $;445,68 $;0,07%;
11/10/2019;1;-1241,32 $;-355,68 $;0,00 $;-355,68 $;5,68 $;-7491,04 $;-355,68 $;0,00%;-355,68 $;0,00 $;-355,68 $;0,00 $;-355,68 $;210,00;630,00 $;645,00 $;1000,68 $;0,07%;
14/10/2019;1;-1437,00 $;-195,68 $;0,00 $;-195,68 $;5,68 $;-7686,72 $;-195,68 $;0,00%;-195,68 $;0,00 $;-195,68 $;0,00 $;-195,68 $;210,00;290,00 $;125,00 $;320,68 $;0,07%;
15/10/2019;1;-1442,68 $;-5,68 $;0,00 $;-5,68 $;5,68 $;-7692,40 $;-5,68 $;0,00%;-5,68 $;0,00 $;-5,68 $;0,00 $;-5,68 $;240,00;245,00 $;165,00 $;170,68 $;0,07%;
16/10/2019;1;-1518,36 $;-75,68 $;0,00 $;-75,68 $;5,68 $;-7768,08 $;-75,68 $;0,00%;-75,68 $;0,00 $;-75,68 $;0,00 $;-75,68 $;240,00;170,00 $;205,00 $;280,68 $;0,07%;
18/10/2019;1;-1774,04 $;-255,68 $;0,00 $;-255,68 $;5,68 $;-8023,76 $;-255,68 $;0,00%;-255,68 $;0,00 $;-255,68 $;0,00 $;-255,68 $;90,00;465,00 $;60,00 $;315,68 $;0,07%;
21/10/2019;1;-1579,72 $;194,32 $;194,32 $;0,00 $;5,68 $;-7829,44 $;0,00 $;100,00%;194,32 $;194,32 $;0,00 $;194,32 $;0,00 $;150,00;75,00 $;240,00 $;45,68 $;0,07%;
22/10/2019;1;-2305,40 $;-725,68 $;0,00 $;-725,68 $;5,68 $;-8555,12 $;-725,68 $;0,00%;-725,68 $;0,00 $;-725,68 $;0,00 $;-725,68 $;150,00;805,00 $;140,00 $;865,68 $;0,07%;
23/10/2019;1;-2026,08 $;279,32 $;279,32 $;0,00 $;5,68 $;-8275,80 $;0,00 $;100,00%;279,32 $;279,32 $;0,00 $;279,32 $;0,00 $;210,00;260,00 $;310,00 $;30,68 $;0,07%;
25/10/2019;1;-2271,76 $;-245,68 $;0,00 $;-245,68 $;5,68 $;-8521,48 $;-245,68 $;0,00%;-245,68 $;0,00 $;-245,68 $;0,00 $;-245,68 $;210,00;365,00 $;30,00 $;275,68 $;0,07%;
28/10/2019;1;-2137,44 $;134,32 $;134,32 $;0,00 $;5,68 $;-8387,16 $;0,00 $;100,00%;134,32 $;134,32 $;0,00 $;134,32 $;0,00 $;240,00;240,00 $;200,00 $;65,68 $;0,07%;
29/10/2019;1;-2343,12 $;-205,68 $;0,00 $;-205,68 $;5,68 $;-8592,84 $;-205,68 $;0,00%;-205,68 $;0,00 $;-205,68 $;0,00 $;-205,68 $;240,00;420,00 $;40,00 $;245,68 $;0,07%;
30/10/2019;2;-1504,48 $;838,64 $;838,64 $;0,00 $;11,36 $;-7958,52 $;0,00 $;100,00%;419,32 $;419,32 $;0,00 $;634,32 $;0,00 $;240,00;95,00 $;612,50 $;193,18 $;0,14%;
01/11/2019;1;-1430,16 $;74,32 $;74,32 $;0,00 $;5,68 $;-7679,88 $;0,00 $;100,00%;74,32 $;74,32 $;0,00 $;74,32 $;0,00 $;240,00;105,00 $;180,00 $;105,68 $;0,07%;
05/11/2019;1;-1350,84 $;79,32 $;79,32 $;0,00 $;5,68 $;-7600,56 $;0,00 $;100,00%;79,32 $;79,32 $;0,00 $;79,32 $;0,00 $;210,00;25,00 $;415,00 $;335,68 $;0,07%;
06/11/2019;1;-1241,52 $;109,32 $;109,32 $;0,00 $;5,68 $;-7491,24 $;0,00 $;100,00%;109,32 $;109,32 $;0,00 $;109,32 $;0,00 $;30,00;85,00 $;145,00 $;35,68 $;0,07%;
07/11/2019;1;-1512,20 $;-270,68 $;0,00 $;-270,68 $;5,68 $;-7761,92 $;-270,68 $;0,00%;-270,68 $;0,00 $;-270,68 $;0,00 $;-270,68 $;240,00;420,00 $;265,00 $;535,68 $;0,07%;
08/11/2019;1;-1167,88 $;344,32 $;344,32 $;0,00 $;5,68 $;-7417,60 $;0,00 $;100,00%;344,32 $;344,32 $;0,00 $;344,32 $;0,00 $;240,00;15,00 $;355,00 $;10,68 $;0,07%;
11/11/2019;1;-1138,56 $;29,32 $;29,32 $;0,00 $;5,68 $;-7388,28 $;0,00 $;100,00%;29,32 $;29,32 $;0,00 $;29,32 $;0,00 $;90,00;145,00 $;65,00 $;35,68 $;0,07%;
12/11/2019;1;-1244,24 $;-105,68 $;0,00 $;-105,68 $;5,68 $;-7493,96 $;-105,68 $;0,00%;-105,68 $;0,00 $;-105,68 $;0,00 $;-105,68 $;210,00;410,00 $;125,00 $;230,68 $;0,07%;
13/11/2019;2;-690,60 $;553,64 $;553,64 $;0,00 $;11,36 $;-6979,64 $;0,00 $;100,00%;276,82 $;276,82 $;0,00 $;514,32 $;0,00 $;240,00;17,50 $;335,00 $;58,18 $;0,14%;
14/11/2019;1;-696,28 $;-5,68 $;0,00 $;-5,68 $;5,68 $;-6946,00 $;-5,68 $;0,00%;-5,68 $;0,00 $;-5,68 $;0,00 $;-5,68 $;0,00;25,00 $;30,00 $;35,68 $;0,07%;
15/11/2019;1;-581,96 $;114,32 $;114,32 $;0,00 $;5,68 $;-6831,68 $;0,00 $;100,00%;114,32 $;114,32 $;0,00 $;114,32 $;0,00 $;240,00;160,00 $;245,00 $;130,68 $;0,07%;
18/11/2019;1;-402,64 $;179,32 $;179,32 $;0,00 $;5,68 $;-6652,36 $;0,00 $;100,00%;179,32 $;179,32 $;0,00 $;179,32 $;0,00 $;240,00;105,00 $;235,00 $;55,68 $;0,07%;
19/11/2019;1;-543,32 $;-140,68 $;0,00 $;-140,68 $;5,68 $;-6793,04 $;-140,68 $;0,00%;-140,68 $;0,00 $;-140,68 $;0,00 $;-140,68 $;210,00;175,00 $;40,00 $;180,68 $;0,07%;
20/11/2019;2;-649,68 $;-106,36 $;269,32 $;-375,68 $;11,36 $;-7168,72 $;-375,68 $;50,00%;-53,18 $;269,32 $;-375,68 $;269,32 $;-375,68 $;330,00;445,00 $;235,00 $;288,18 $;0,14%;
25/11/2019;1;-420,36 $;229,32 $;229,32 $;0,00 $;5,68 $;-6670,08 $;0,00 $;100,00%;229,32 $;229,32 $;0,00 $;229,32 $;0,00 $;240,00;85,00 $;240,00 $;10,68 $;0,07%;
26/11/2019;1;-256,04 $;164,32 $;164,32 $;0,00 $;5,68 $;-6505,76 $;0,00 $;100,00%;164,32 $;164,32 $;0,00 $;164,32 $;0,00 $;210,00;220,00 $;175,00 $;10,68 $;0,07%;
29/11/2019;1;-316,72 $;-60,68 $;0,00 $;-60,68 $;5,68 $;-6566,44 $;-60,68 $;0,00%;-60,68 $;0,00 $;-60,68 $;0,00 $;-60,68 $;45,00;170,00 $;95,00 $;155,68 $;0,07%;
02/12/2019;1;-472,40 $;-155,68 $;0,00 $;-155,68 $;5,68 $;-6722,12 $;-155,68 $;0,00%;-155,68 $;0,00 $;-155,68 $;0,00 $;-155,68 $;240,00;250,00 $;180,00 $;335,68 $;0,07%;
04/12/2019;1;-308,08 $;164,32 $;164,32 $;0,00 $;5,68 $;-6557,80 $;0,00 $;100,00%;164,32 $;164,32 $;0,00 $;164,32 $;0,00 $;240,00;45,00 $;265,00 $;100,68 $;0,07%;
05/12/2019;1;76,24 $;384,32 $;384,32 $;0,00 $;5,68 $;-6173,48 $;0,00 $;100,00%;384,32 $;384,32 $;0,00 $;384,32 $;0,00 $;210,00;70,00 $;500,00 $;115,68 $;0,07%;
06/12/2019;1;50,56 $;-25,68 $;0,00 $;-25,68 $;5,68 $;-6199,16 $;-25,68 $;0,00%;-25,68 $;0,00 $;-25,68 $;0,00 $;-25,68 $;210,00;95,00 $;100,00 $;125,68 $;0,07%;
09/12/2019;1;9,88 $;-40,68 $;0,00 $;-40,68 $;5,68 $;-6239,84 $;-40,68 $;0,00%;-40,68 $;0,00 $;-40,68 $;0,00 $;-40,68 $;240,00;235,00 $;15,00 $;55,68 $;0,07%;
10/12/2019;1;204,20 $;194,32 $;194,32 $;0,00 $;5,68 $;-6045,52 $;0,00 $;100,00%;194,32 $;194,32 $;0,00 $;194,32 $;0,00 $;210,00;115,00 $;280,00 $;85,68 $;0,07%;
11/12/2019;2;487,84 $;283,64 $;283,64 $;0,00 $;11,36 $;-5801,20 $;0,00 $;100,00%;141,82 $;141,82 $;0,00 $;244,32 $;0,00 $;240,00;77,50 $;212,50 $;70,68 $;0,14%;
12/12/2019;2;811,48 $;323,64 $;323,64 $;0,00 $;11,36 $;-5527,56 $;0,00 $;100,00%;161,82 $;161,82 $;0,00 $;234,32 $;0,00 $;240,00;332,50 $;255,00 $;93,18 $;0,14%;
13/12/2019;1;1275,80 $;464,32 $;464,32 $;0,00 $;5,68 $;-4973,92 $;0,00 $;100,00%;464,32 $;464,32 $;0,00 $;464,32 $;0,00 $;240,00;20,00 $;590,00 $;125,68 $;0,07%;
17/12/2019;1;1315,12 $;39,32 $;39,32 $;0,00 $;5,68 $;-4934,60 $;0,00 $;100,00%;39,32 $;39,32 $;0,00 $;39,32 $;0,00 $;240,00;95,00 $;195,00 $;155,68 $;0,07%;
18/12/2019;1;1254,44 $;-60,68 $;0,00 $;-60,68 $;5,68 $;-4995,28 $;-60,68 $;0,00%;-60,68 $;0,00 $;-60,68 $;0,00 $;-60,68 $;240,00;200,00 $;45,00 $;105,68 $;0,07%;
19/12/2019;1;1158,76 $;-95,68 $;0,00 $;-95,68 $;5,68 $;-5090,96 $;-95,68 $;0,00%;-95,68 $;0,00 $;-95,68 $;0,00 $;-95,68 $;240,00;200,00 $;75,00 $;170,68 $;0,07%;
20/12/2019;1;998,08 $;-160,68 $;0,00 $;-160,68 $;5,68 $;-5251,64 $;-160,68 $;0,00%;-160,68 $;0,00 $;-160,68 $;0,00 $;-160,68 $;150,00;260,00 $;105,00 $;265,68 $;0,07%;
23/12/2019;1;932,40 $;-65,68 $;0,00 $;-65,68 $;5,68 $;-5317,32 $;-65,68 $;0,00%;-65,68 $;0,00 $;-65,68 $;0,00 $;-65,68 $;240,00;155,00 $;20,00 $;85,68 $;0,07%;
24/12/2019;1;871,72 $;-60,68 $;0,00 $;-60,68 $;5,68 $;-5378,00 $;-60,68 $;0,00%;-60,68 $;0,00 $;-60,68 $;0,00 $;-60,68 $;45,00;100,00 $;25,00 $;85,68 $;0,07%;
26/12/2019;1;746,04 $;-125,68 $;0,00 $;-125,68 $;5,68 $;-5503,68 $;-125,68 $;0,00%;-125,68 $;0,00 $;-125,68 $;0,00 $;-125,68 $;240,00;160,00 $;10,00 $;135,68 $;0,07%;
27/12/2019;1;620,36 $;-125,68 $;0,00 $;-125,68 $;5,68 $;-5629,36 $;-125,68 $;0,00%;-125,68 $;0,00 $;-125,68 $;0,00 $;-125,68 $;240,00;140,00 $;55,00 $;180,68 $;0,07%;
30/12/2019;1;134,68 $;-485,68 $;0,00 $;-485,68 $;5,68 $;-6115,04 $;-485,68 $;0,00%;-485,68 $;0,00 $;-485,68 $;0,00 $;-485,68 $;210,00;600,00 $;60,00 $;545,68 $;0,07%;
31/12/2019;1;454,00 $;319,32 $;319,32 $;0,00 $;5,68 $;-5795,72 $;0,00 $;100,00%;319,32 $;319,32 $;0,00 $;319,32 $;0,00 $;240,00;105,00 $;330,00 $;10,68 $;0,07%;
02/01/2020;2;902,64 $;448,64 $;448,64 $;0,00 $;11,36 $;-5461,40 $;0,00 $;100,00%;224,32 $;224,32 $;0,00 $;334,32 $;0,00 $;240,00;117,50 $;242,50 $;18,18 $;0,14%;
03/01/2020;1;981,96 $;79,32 $;79,32 $;0,00 $;5,68 $;-5267,76 $;0,00 $;100,00%;79,32 $;79,32 $;0,00 $;79,32 $;0,00 $;240,00;150,00 $;430,00 $;350,68 $;0,07%;
06/01/2020;1;791,28 $;-190,68 $;0,00 $;-190,68 $;5,68 $;-5458,44 $;-190,68 $;0,00%;-190,68 $;0,00 $;-190,68 $;0,00 $;-190,68 $;0,00;190,00 $;0,00 $;190,68 $;0,07%;
07/01/2020;1;475,60 $;-315,68 $;0,00 $;-315,68 $;5,68 $;-5774,12 $;-315,68 $;0,00%;-315,68 $;0,00 $;-315,68 $;0,00 $;-315,68 $;150,00;590,00 $;180,00 $;495,68 $;0,07%;
08/01/2020;1;1374,92 $;899,32 $;899,32 $;0,00 $;5,68 $;-4874,80 $;0,00 $;100,00%;899,32 $;899,32 $;0,00 $;899,32 $;0,00 $;240,00;170,00 $;1040,00 $;140,68 $;0,07%;
10/01/2020;1;1119,24 $;-255,68 $;0,00 $;-255,68 $;5,68 $;-5130,48 $;-255,68 $;0,00%;-255,68 $;0,00 $;-255,68 $;0,00 $;-255,68 $;240,00;350,00 $;145,00 $;400,68 $;0,07%;
13/01/2020;1;1088,56 $;-30,68 $;0,00 $;-30,68 $;5,68 $;-5161,16 $;-30,68 $;0,00%;-30,68 $;0,00 $;-30,68 $;0,00 $;-30,68 $;240,00;80,00 $;195,00 $;225,68 $;0,07%;
14/01/2020;1;807,88 $;-280,68 $;0,00 $;-280,68 $;5,68 $;-5441,84 $;-280,68 $;0,00%;-280,68 $;0,00 $;-280,68 $;0,00 $;-280,68 $;210,00;680,00 $;145,00 $;425,68 $;0,07%;
15/01/2020;1;647,20 $;-160,68 $;0,00 $;-160,68 $;5,68 $;-5602,52 $;-160,68 $;0,00%;-160,68 $;0,00 $;-160,68 $;0,00 $;-160,68 $;210,00;640,00 $;75,00 $;235,68 $;0,07%;
20/01/2020;1;691,52 $;44,32 $;44,32 $;0,00 $;5,68 $;-5558,20 $;0,00 $;100,00%;44,32 $;44,32 $;0,00 $;44,32 $;0,00 $;30,00;15,00 $;95,00 $;50,68 $;0,07%;
24/01/2020;1;565,84 $;-125,68 $;0,00 $;-125,68 $;5,68 $;-5683,88 $;-125,68 $;0,00%;-125,68 $;0,00 $;-125,68 $;0,00 $;-125,68 $;210,00;780,00 $;380,00 $;505,68 $;0,07%;
27/01/2020;1;840,16 $;274,32 $;274,32 $;0,00 $;5,68 $;-5409,56 $;0,00 $;100,00%;274,32 $;274,32 $;0,00 $;274,32 $;0,00 $;240,00;130,00 $;645,00 $;370,68 $;0,07%;
28/01/2020;1;1024,48 $;184,32 $;184,32 $;0,00 $;5,68 $;-5225,24 $;0,00 $;100,00%;184,32 $;184,32 $;0,00 $;184,32 $;0,00 $;240,00;135,00 $;315,00 $;130,68 $;0,07%;
29/01/2020;2;963,12 $;-61,36 $;279,32 $;-340,68 $;11,36 $;-5286,60 $;-340,68 $;50,00%;-30,68 $;279,32 $;-340,68 $;279,32 $;-340,68 $;330,00;322,50 $;240,00 $;270,68 $;0,14%;
30/01/2020;1;2237,44 $;1274,32 $;1274,32 $;0,00 $;5,68 $;-4012,28 $;0,00 $;100,00%;1274,32 $;1274,32 $;0,00 $;1274,32 $;0,00 $;210,00;350,00 $;1550,00 $;275,68 $;0,07%;
31/01/2020;1;1511,76 $;-725,68 $;0,00 $;-725,68 $;5,68 $;-4737,96 $;-725,68 $;0,00%;-725,68 $;0,00 $;-725,68 $;0,00 $;-725,68 $;210,00;1350,00 $;0,00 $;725,68 $;0,07%;
04/02/2020;1;1196,08 $;-315,68 $;0,00 $;-315,68 $;5,68 $;-5053,64 $;-315,68 $;0,00%;-315,68 $;0,00 $;-315,68 $;0,00 $;-315,68 $;210,00;500,00 $;75,00 $;390,68 $;0,07%;
06/02/2020;1;1100,40 $;-95,68 $;0,00 $;-95,68 $;5,68 $;-5149,32 $;-95,68 $;0,00%;-95,68 $;0,00 $;-95,68 $;0,00 $;-95,68 $;210,00;425,00 $;15,00 $;110,68 $;0,07%;
07/02/2020;1;519,72 $;-580,68 $;0,00 $;-580,68 $;5,68 $;-5730,00 $;-580,68 $;0,00%;-580,68 $;0,00 $;-580,68 $;0,00 $;-580,68 $;240,00;825,00 $;100,00 $;680,68 $;0,07%;
10/02/2020;1;764,04 $;244,32 $;244,32 $;0,00 $;5,68 $;-5485,68 $;0,00 $;100,00%;244,32 $;244,32 $;0,00 $;244,32 $;0,00 $;240,00;310,00 $;275,00 $;30,68 $;0,07%;
11/02/2020;1;448,36 $;-315,68 $;0,00 $;-315,68 $;5,68 $;-5801,36 $;-315,68 $;0,00%;-315,68 $;0,00 $;-315,68 $;0,00 $;-315,68 $;240,00;540,00 $;110,00 $;425,68 $;0,07%;
12/02/2020;1;817,68 $;369,32 $;369,32 $;0,00 $;5,68 $;-5432,04 $;0,00 $;100,00%;369,32 $;369,32 $;0,00 $;369,32 $;0,00 $;210,00;230,00 $;415,00 $;45,68 $;0,07%;
13/02/2020;1;777,00 $;-40,68 $;0,00 $;-40,68 $;5,68 $;-5472,72 $;-40,68 $;0,00%;-40,68 $;0,00 $;-40,68 $;0,00 $;-40,68 $;240,00;155,00 $;325,00 $;365,68 $;0,07%;
17/02/2020;1;821,32 $;44,32 $;44,32 $;0,00 $;5,68 $;-5428,40 $;0,00 $;100,00%;44,32 $;44,32 $;0,00 $;44,32 $;0,00 $;0,00;5,00 $;95,00 $;50,68 $;0,07%;
18/02/2020;1;1350,64 $;529,32 $;529,32 $;0,00 $;5,68 $;-4899,08 $;0,00 $;100,00%;529,32 $;529,32 $;0,00 $;529,32 $;0,00 $;240,00;120,00 $;665,00 $;135,68 $;0,07%;
19/02/2020;1;1139,96 $;-210,68 $;0,00 $;-210,68 $;5,68 $;-5109,76 $;-210,68 $;0,00%;-210,68 $;0,00 $;-210,68 $;0,00 $;-210,68 $;210,00;245,00 $;120,00 $;330,68 $;0,07%;
20/02/2020;1;1469,28 $;329,32 $;329,32 $;0,00 $;5,68 $;-4780,44 $;0,00 $;100,00%;329,32 $;329,32 $;0,00 $;329,32 $;0,00 $;240,00;950,00 $;445,00 $;115,68 $;0,07%;
21/02/2020;1;1153,60 $;-315,68 $;0,00 $;-315,68 $;5,68 $;-5096,12 $;-315,68 $;0,00%;-315,68 $;0,00 $;-315,68 $;0,00 $;-315,68 $;240,00;460,00 $;315,00 $;630,68 $;0,07%;
24/02/2020;1;922,92 $;-230,68 $;0,00 $;-230,68 $;5,68 $;-5326,80 $;-230,68 $;0,00%;-230,68 $;0,00 $;-230,68 $;0,00 $;-230,68 $;240,00;1260,00 $;340,00 $;570,68 $;0,07%;
25/02/2020;1;-1727,76 $;-2650,68 $;0,00 $;-2650,68 $;5,68 $;-7977,48 $;-2650,68 $;0,00%;-2650,68 $;0,00 $;-2650,68 $;0,00 $;-2650,68 $;240,00;3110,00 $;320,00 $;2970,68 $;0,07%;
26/02/2020;1;-4278,44 $;-2550,68 $;0,00 $;-2550,68 $;5,68 $;-10528,16 $;-2550,68 $;0,00%;-2550,68 $;0,00 $;-2550,68 $;0,00 $;-2550,68 $;240,00;3070,00 $;0,00 $;2550,68 $;0,07%;
27/02/2020;1;-5644,12 $;-1365,68 $;0,00 $;-1365,68 $;5,68 $;-11893,84 $;-1365,68 $;0,00%;-1365,68 $;0,00 $;-1365,68 $;0,00 $;-1365,68 $;240,00;1385,00 $;1855,00 $;3220,68 $;0,07%;
28/02/2020;1;-4859,80 $;784,32 $;784,32 $;0,00 $;5,68 $;-11109,52 $;0,00 $;100,00%;784,32 $;784,32 $;0,00 $;784,32 $;0,00 $;0,00;0,00 $;1025,00 $;240,68 $;0,07%;
03/03/2020;1;-4625,48 $;234,32 $;234,32 $;0,00 $;5,68 $;-10875,20 $;0,00 $;100,00%;234,32 $;234,32 $;0,00 $;234,32 $;0,00 $;240,00;2315,00 $;1980,00 $;1745,68 $;0,07%;
05/03/2020;1;-7576,16 $;-2950,68 $;0,00 $;-2950,68 $;5,68 $;-13825,88 $;-2950,68 $;0,00%;-2950,68 $;0,00 $;-2950,68 $;0,00 $;-2950,68 $;240,00;3240,00 $;130,00 $;3080,68 $;0,07%;
06/03/2020;2;-8207,52 $;-631,36 $;0,00 $;-631,36 $;11,36 $;-14457,24 $;-631,36 $;0,00%;-315,68 $;0,00 $;-315,68 $;0,00 $;-600,68 $;330,00;647,50 $;492,50 $;808,18 $;0,14%;
09/03/2020;1;-9458,20 $;-1250,68 $;0,00 $;-1250,68 $;5,68 $;-15707,92 $;-1250,68 $;0,00%;-1250,68 $;0,00 $;-1250,68 $;0,00 $;-1250,68 $;240,00;3425,00 $;1530,00 $;2780,68 $;0,07%;
11/03/2020;1;-11713,88 $;-2255,68 $;0,00 $;-2255,68 $;5,68 $;-17963,60 $;-2255,68 $;0,00%;-2255,68 $;0,00 $;-2255,68 $;0,00 $;-2255,68 $;240,00;2400,00 $;780,00 $;3035,68 $;0,07%;
12/03/2020;1;-15049,56 $;-3335,68 $;0,00 $;-3335,68 $;5,68 $;-21299,28 $;-3335,68 $;0,00%;-3335,68 $;0,00 $;-3335,68 $;0,00 $;-3335,68 $;90,00;3590,00 $;1155,00 $;4490,68 $;0,07%;
16/03/2020;1;-19595,24 $;-4545,68 $;0,00 $;-4545,68 $;5,68 $;-25844,96 $;-4545,68 $;0,00%;-4545,68 $;0,00 $;-4545,68 $;0,00 $;-4545,68 $;240,00;4635,00 $;225,00 $;4770,68 $;0,07%;
17/03/2020;1;-19000,92 $;594,32 $;594,32 $;0,00 $;5,68 $;-25250,64 $;0,00 $;100,00%;594,32 $;594,32 $;0,00 $;594,32 $;0,00 $;30,00;150,00 $;2805,00 $;2210,68 $;0,07%;
18/03/2020;1;-14581,60 $;4419,32 $;4419,32 $;0,00 $;5,68 $;-20831,32 $;0,00 $;100,00%;4419,32 $;4419,32 $;0,00 $;4419,32 $;0,00 $;30,00;625,00 $;4500,00 $;80,68 $;0,07%;
19/03/2020;1;-15272,28 $;-690,68 $;0,00 $;-690,68 $;5,68 $;-21522,00 $;-690,68 $;0,00%;-690,68 $;0,00 $;-690,68 $;0,00 $;-690,68 $;240,00;2230,00 $;860,00 $;1550,68 $;0,07%;
20/03/2020;1;-17772,96 $;-2500,68 $;0,00 $;-2500,68 $;5,68 $;-24022,68 $;-2500,68 $;0,00%;-2500,68 $;0,00 $;-2500,68 $;0,00 $;-2500,68 $;240,00;4055,00 $;630,00 $;3130,68 $;0,07%;
23/03/2020;1;-18083,64 $;-310,68 $;0,00 $;-310,68 $;5,68 $;-24333,36 $;-310,68 $;0,00%;-310,68 $;0,00 $;-310,68 $;0,00 $;-310,68 $;240,00;925,00 $;3615,00 $;3925,68 $;0,07%;
24/03/2020;1;-16399,32 $;1684,32 $;1684,32 $;0,00 $;5,68 $;-22649,04 $;0,00 $;100,00%;1684,32 $;1684,32 $;0,00 $;1684,32 $;0,00 $;210,00;2505,00 $;1895,00 $;210,68 $;0,07%;
25/03/2020;1;-19610,00 $;-3210,68 $;0,00 $;-3210,68 $;5,68 $;-25859,72 $;-3210,68 $;0,00%;-3210,68 $;0,00 $;-3210,68 $;0,00 $;-3210,68 $;150,00;3605,00 $;1080,00 $;4290,68 $;0,07%;
26/03/2020;2;-19361,36 $;248,64 $;539,32 $;-290,68 $;11,36 $;-26150,40 $;-290,68 $;50,00%;124,32 $;539,32 $;-290,68 $;539,32 $;-290,68 $;240,00;702,50 $;780,00 $;655,68 $;0,14%;
27/03/2020;1;-17142,04 $;2219,32 $;2219,32 $;0,00 $;5,68 $;-23391,76 $;0,00 $;100,00%;2219,32 $;2219,32 $;0,00 $;2219,32 $;0,00 $;240,00;725,00 $;2695,00 $;475,68 $;0,07%;
30/03/2020;1;-16052,72 $;1089,32 $;1089,32 $;0,00 $;5,68 $;-22302,44 $;0,00 $;100,00%;1089,32 $;1089,32 $;0,00 $;1089,32 $;0,00 $;150,00;900,00 $;1375,00 $;285,68 $;0,07%;
31/03/2020;2;-18709,08 $;-2656,36 $;0,00 $;-2656,36 $;11,36 $;-24958,80 $;-2656,36 $;0,00%;-1328,18 $;0,00 $;-1328,18 $;0,00 $;-2580,68 $;270,00;1527,50 $;170,00 $;1498,18 $;0,14%;
01/04/2020;1;-19799,76 $;-1090,68 $;0,00 $;-1090,68 $;5,68 $;-26049,48 $;-1090,68 $;0,00%;-1090,68 $;0,00 $;-1090,68 $;0,00 $;-1090,68 $;210,00;1525,00 $;565,00 $;1655,68 $;0,07%;
02/04/2020;1;-19445,44 $;354,32 $;354,32 $;0,00 $;5,68 $;-25695,16 $;0,00 $;100,00%;354,32 $;354,32 $;0,00 $;354,32 $;0,00 $;240,00;1515,00 $;1195,00 $;840,68 $;0,07%;
06/04/2020;1;-18106,12 $;1339,32 $;1339,32 $;0,00 $;5,68 $;-24355,84 $;0,00 $;100,00%;1339,32 $;1339,32 $;0,00 $;1339,32 $;0,00 $;240,00;215,00 $;1385,00 $;45,68 $;0,07%;
07/04/2020;1;-21966,80 $;-3860,68 $;0,00 $;-3860,68 $;5,68 $;-28216,52 $;-3860,68 $;0,00%;-3860,68 $;0,00 $;-3860,68 $;0,00 $;-3860,68 $;150,00;3980,00 $;20,00 $;3880,68 $;0,07%;
08/04/2020;1;-20747,48 $;1219,32 $;1219,32 $;0,00 $;5,68 $;-26997,20 $;0,00 $;100,00%;1219,32 $;1219,32 $;0,00 $;1219,32 $;0,00 $;240,00;310,00 $;1590,00 $;370,68 $;0,07%;
09/04/2020;2;-20738,84 $;8,64 $;269,32 $;-260,68 $;11,36 $;-27257,88 $;-260,68 $;50,00%;4,32 $;269,32 $;-260,68 $;269,32 $;-260,68 $;240,00;807,50 $;650,00 $;645,68 $;0,14%;
13/04/2020;1;-20289,52 $;449,32 $;449,32 $;0,00 $;5,68 $;-26539,24 $;0,00 $;100,00%;449,32 $;449,32 $;0,00 $;449,32 $;0,00 $;30,00;115,00 $;860,00 $;410,68 $;0,07%;
14/04/2020;1;-19490,20 $;799,32 $;799,32 $;0,00 $;5,68 $;-25739,92 $;0,00 $;100,00%;799,32 $;799,32 $;0,00 $;799,32 $;0,00 $;240,00;10,00 $;1230,00 $;430,68 $;0,07%;
15/04/2020;1;-18535,88 $;954,32 $;954,32 $;0,00 $;5,68 $;-24785,60 $;0,00 $;100,00%;954,32 $;954,32 $;0,00 $;954,32 $;0,00 $;240,00;210,00 $;1670,00 $;715,68 $;0,07%;
16/04/2020;1;-18256,56 $;279,32 $;279,32 $;0,00 $;5,68 $;-24506,28 $;0,00 $;100,00%;279,32 $;279,32 $;0,00 $;279,32 $;0,00 $;240,00;1125,00 $;475,00 $;195,68 $;0,07%;
17/04/2020;1;-18182,24 $;74,32 $;74,32 $;0,00 $;5,68 $;-24431,96 $;0,00 $;100,00%;74,32 $;74,32 $;0,00 $;74,32 $;0,00 $;240,00;415,00 $;645,00 $;570,68 $;0,07%;
20/04/2020;1;-19722,92 $;-1540,68 $;0,00 $;-1540,68 $;5,68 $;-25972,64 $;-1540,68 $;0,00%;-1540,68 $;0,00 $;-1540,68 $;0,00 $;-1540,68 $;240,00;1955,00 $;490,00 $;2030,68 $;0,07%;
21/04/2020;1;-19118,60 $;604,32 $;604,32 $;0,00 $;5,68 $;-25368,32 $;0,00 $;100,00%;604,32 $;604,32 $;0,00 $;604,32 $;0,00 $;240,00;395,00 $;1115,00 $;510,68 $;0,07%;
23/04/2020;1;-20414,28 $;-1295,68 $;0,00 $;-1295,68 $;5,68 $;-26664,00 $;-1295,68 $;0,00%;-1295,68 $;0,00 $;-1295,68 $;0,00 $;-1295,68 $;240,00;1835,00 $;15,00 $;1310,68 $;0,07%;
27/04/2020;1;-20094,96 $;319,32 $;319,32 $;0,00 $;5,68 $;-26344,68 $;0,00 $;100,00%;319,32 $;319,32 $;0,00 $;319,32 $;0,00 $;210,00;225,00 $;830,00 $;510,68 $;0,07%;
28/04/2020;1;-19930,64 $;164,32 $;164,32 $;0,00 $;5,68 $;-26180,36 $;0,00 $;100,00%;164,32 $;164,32 $;0,00 $;164,32 $;0,00 $;210,00;220,00 $;735,00 $;570,68 $;0,07%;
29/04/2020;1;-19731,32 $;199,32 $;199,32 $;0,00 $;5,68 $;-25981,04 $;0,00 $;100,00%;199,32 $;199,32 $;0,00 $;199,32 $;0,00 $;210,00;375,00 $;570,00 $;370,68 $;0,07%;
30/04/2020;1;-19722,00 $;9,32 $;9,32 $;0,00 $;5,68 $;-25971,72 $;0,00 $;100,00%;9,32 $;9,32 $;0,00 $;9,32 $;0,00 $;240,00;895,00 $;185,00 $;175,68 $;0,07%;
04/05/2020;1;-19102,68 $;619,32 $;619,32 $;0,00 $;5,68 $;-25352,40 $;0,00 $;100,00%;619,32 $;619,32 $;0,00 $;619,32 $;0,00 $;210,00;595,00 $;1025,00 $;405,68 $;0,07%;
06/05/2020;1;-20363,36 $;-1260,68 $;0,00 $;-1260,68 $;5,68 $;-26613,08 $;-1260,68 $;0,00%;-1260,68 $;0,00 $;-1260,68 $;0,00 $;-1260,68 $;150,00;1365,00 $;225,00 $;1485,68 $;0,07%;
07/05/2020;1;-21004,04 $;-640,68 $;0,00 $;-640,68 $;5,68 $;-27253,76 $;-640,68 $;0,00%;-640,68 $;0,00 $;-640,68 $;0,00 $;-640,68 $;210,00;1175,00 $;40,00 $;680,68 $;0,07%;
08/05/2020;1;-20909,72 $;94,32 $;94,32 $;0,00 $;5,68 $;-27159,44 $;0,00 $;100,00%;94,32 $;94,32 $;0,00 $;94,32 $;0,00 $;240,00;455,00 $;135,00 $;40,68 $;0,07%;
11/05/2020;1;-20305,40 $;604,32 $;604,32 $;0,00 $;5,68 $;-26555,12 $;0,00 $;100,00%;604,32 $;604,32 $;0,00 $;604,32 $;0,00 $;240,00;20,00 $;975,00 $;370,68 $;0,07%;
12/05/2020;1;-23301,08 $;-2995,68 $;0,00 $;-2995,68 $;5,68 $;-29550,80 $;-2995,68 $;0,00%;-2995,68 $;0,00 $;-2995,68 $;0,00 $;-2995,68 $;210,00;3015,00 $;65,00 $;3060,68 $;0,07%;
14/05/2020;2;-21377,44 $;1923,64 $;1923,64 $;0,00 $;11,36 $;-27631,48 $;0,00 $;100,00%;961,82 $;961,82 $;0,00 $;1919,32 $;0,00 $;240,00;237,50 $;1077,50 $;115,68 $;0,14%;
15/05/2020;1;-20423,12 $;954,32 $;954,32 $;0,00 $;5,68 $;-26672,84 $;0,00 $;100,00%;954,32 $;954,32 $;0,00 $;954,32 $;0,00 $;240,00;320,00 $;1320,00 $;365,68 $;0,07%;
18/05/2020;1;-20013,80 $;409,32 $;409,32 $;0,00 $;5,68 $;-26263,52 $;0,00 $;100,00%;409,32 $;409,32 $;0,00 $;409,32 $;0,00 $;240,00;275,00 $;525,00 $;115,68 $;0,07%;
19/05/2020;1;-20684,48 $;-670,68 $;0,00 $;-670,68 $;5,68 $;-26934,20 $;-670,68 $;0,00%;-670,68 $;0,00 $;-670,68 $;0,00 $;-670,68 $;240,00;1110,00 $;145,00 $;815,68 $;0,07%;
20/05/2020;1;-20925,16 $;-240,68 $;0,00 $;-240,68 $;5,68 $;-27174,88 $;-240,68 $;0,00%;-240,68 $;0,00 $;-240,68 $;0,00 $;-240,68 $;240,00;875,00 $;55,00 $;295,68 $;0,07%;
21/05/2020;1;-20945,84 $;-20,68 $;0,00 $;-20,68 $;5,68 $;-27195,56 $;-20,68 $;0,00%;-20,68 $;0,00 $;-20,68 $;0,00 $;-20,68 $;0,00;40,00 $;70,00 $;90,68 $;0,07%;
22/05/2020;1;-20721,52 $;224,32 $;224,32 $;0,00 $;5,68 $;-26971,24 $;0,00 $;100,00%;224,32 $;224,32 $;0,00 $;224,32 $;0,00 $;240,00;125,00 $;600,00 $;375,68 $;0,07%;
26/05/2020;1;-20647,20 $;74,32 $;74,32 $;0,00 $;5,68 $;-26896,92 $;0,00 $;100,00%;74,32 $;74,32 $;0,00 $;74,32 $;0,00 $;210,00;405,00 $;690,00 $;615,68 $;0,07%;
27/05/2020;1;-18927,88 $;1719,32 $;1719,32 $;0,00 $;5,68 $;-25177,60 $;0,00 $;100,00%;1719,32 $;1719,32 $;0,00 $;1719,32 $;0,00 $;150,00;290,00 $;1905,00 $;185,68 $;0,07%;
28/05/2020;1;-19788,56 $;-860,68 $;0,00 $;-860,68 $;5,68 $;-26038,28 $;-860,68 $;0,00%;-860,68 $;0,00 $;-860,68 $;0,00 $;-860,68 $;210,00;1520,00 $;495,00 $;1355,68 $;0,07%;
29/05/2020;2;-18784,92 $;1003,64 $;1003,64 $;0,00 $;11,36 $;-25103,96 $;0,00 $;100,00%;501,82 $;501,82 $;0,00 $;934,32 $;0,00 $;240,00;517,50 $;807,50 $;305,68 $;0,14%;
01/06/2020;1;-18340,60 $;444,32 $;444,32 $;0,00 $;5,68 $;-24590,32 $;0,00 $;100,00%;444,32 $;444,32 $;0,00 $;444,32 $;0,00 $;240,00;40,00 $;580,00 $;135,68 $;0,07%;
02/06/2020;1;-18251,28 $;89,32 $;89,32 $;0,00 $;5,68 $;-24501,00 $;0,00 $;100,00%;89,32 $;89,32 $;0,00 $;89,32 $;0,00 $;240,00;95,00 $;465,00 $;375,68 $;0,07%;
03/06/2020;1;-17606,96 $;644,32 $;644,32 $;0,00 $;5,68 $;-23856,68 $;0,00 $;100,00%;644,32 $;644,32 $;0,00 $;644,32 $;0,00 $;240,00;160,00 $;690,00 $;45,68 $;0,07%;
04/06/2020;1;-18062,64 $;-455,68 $;0,00 $;-455,68 $;5,68 $;-24312,36 $;-455,68 $;0,00%;-455,68 $;0,00 $;-455,68 $;0,00 $;-455,68 $;240,00;910,00 $;190,00 $;645,68 $;0,07%;
08/06/2020;1;-16978,32 $;1084,32 $;1084,32 $;0,00 $;5,68 $;-23228,04 $;0,00 $;100,00%;1084,32 $;1084,32 $;0,00 $;1084,32 $;0,00 $;210,00;70,00 $;1295,00 $;210,68 $;0,07%;
09/06/2020;1;-16729,00 $;249,32 $;249,32 $;0,00 $;5,68 $;-22978,72 $;0,00 $;100,00%;249,32 $;249,32 $;0,00 $;249,32 $;0,00 $;240,00;565,00 $;295,00 $;45,68 $;0,07%;
10/06/2020;1;-17889,68 $;-1160,68 $;0,00 $;-1160,68 $;5,68 $;-24139,40 $;-1160,68 $;0,00%;-1160,68 $;0,00 $;-1160,68 $;0,00 $;-1160,68 $;30,00;1410,00 $;75,00 $;1235,68 $;0,07%;
11/06/2020;1;-21895,36 $;-4005,68 $;0,00 $;-4005,68 $;5,68 $;-28145,08 $;-4005,68 $;0,00%;-4005,68 $;0,00 $;-4005,68 $;0,00 $;-4005,68 $;240,00;4135,00 $;145,00 $;4150,68 $;0,07%;
12/06/2020;1;-20881,04 $;1014,32 $;1014,32 $;0,00 $;5,68 $;-27130,76 $;0,00 $;100,00%;1014,32 $;1014,32 $;0,00 $;1014,32 $;0,00 $;150,00;1310,00 $;1545,00 $;530,68 $;0,07%;
15/06/2020;1;-18956,72 $;1924,32 $;1924,32 $;0,00 $;5,68 $;-25206,44 $;0,00 $;100,00%;1924,32 $;1924,32 $;0,00 $;1924,32 $;0,00 $;240,00;280,00 $;3075,00 $;1150,68 $;0,07%;
17/06/2020;1;-19342,40 $;-385,68 $;0,00 $;-385,68 $;5,68 $;-25592,12 $;-385,68 $;0,00%;-385,68 $;0,00 $;-385,68 $;0,00 $;-385,68 $;210,00;920,00 $;705,00 $;1090,68 $;0,07%;
18/06/2020;1;-19468,08 $;-125,68 $;0,00 $;-125,68 $;5,68 $;-25717,80 $;-125,68 $;0,00%;-125,68 $;0,00 $;-125,68 $;0,00 $;-125,68 $;210,00;710,00 $;220,00 $;345,68 $;0,07%;
19/06/2020;1;-20233,76 $;-765,68 $;0,00 $;-765,68 $;5,68 $;-26483,48 $;-765,68 $;0,00%;-765,68 $;0,00 $;-765,68 $;0,00 $;-765,68 $;90,00;780,00 $;1330,00 $;2095,68 $;0,07%;
22/06/2020;1;-19939,44 $;294,32 $;294,32 $;0,00 $;5,68 $;-26189,16 $;0,00 $;100,00%;294,32 $;294,32 $;0,00 $;294,32 $;0,00 $;240,00;175,00 $;900,00 $;605,68 $;0,07%;
23/06/2020;1;-20255,12 $;-315,68 $;0,00 $;-315,68 $;5,68 $;-26504,84 $;-315,68 $;0,00%;-315,68 $;0,00 $;-315,68 $;0,00 $;-315,68 $;240,00;370,00 $;230,00 $;545,68 $;0,07%;
24/06/2020;1;-20375,80 $;-120,68 $;0,00 $;-120,68 $;5,68 $;-26625,52 $;-120,68 $;0,00%;-120,68 $;0,00 $;-120,68 $;0,00 $;-120,68 $;240,00;1240,00 $;400,00 $;520,68 $;0,07%;
25/06/2020;1;-19301,48 $;1074,32 $;1074,32 $;0,00 $;5,68 $;-25551,20 $;0,00 $;100,00%;1074,32 $;1074,32 $;0,00 $;1074,32 $;0,00 $;150,00;510,00 $;1495,00 $;420,68 $;0,07%;
26/06/2020;1;-19467,16 $;-165,68 $;0,00 $;-165,68 $;5,68 $;-25716,88 $;-165,68 $;0,00%;-165,68 $;0,00 $;-165,68 $;0,00 $;-165,68 $;90,00;475,00 $;385,00 $;550,68 $;0,07%;
29/06/2020;1;-18887,84 $;579,32 $;579,32 $;0,00 $;5,68 $;-25137,56 $;0,00 $;100,00%;579,32 $;579,32 $;0,00 $;579,32 $;0,00 $;150,00;440,00 $;850,00 $;270,68 $;0,07%;
30/06/2020;1;-18763,52 $;124,32 $;124,32 $;0,00 $;5,68 $;-25013,24 $;0,00 $;100,00%;124,32 $;124,32 $;0,00 $;124,32 $;0,00 $;240,00;710,00 $;225,00 $;100,68 $;0,07%;
01/07/2020;1;-18249,20 $;514,32 $;514,32 $;0,00 $;5,68 $;-24498,92 $;0,00 $;100,00%;514,32 $;514,32 $;0,00 $;514,32 $;0,00 $;240,00;20,00 $;920,00 $;405,68 $;0,07%;
02/07/2020;1;-18274,88 $;-25,68 $;0,00 $;-25,68 $;5,68 $;-24524,60 $;-25,68 $;0,00%;-25,68 $;0,00 $;-25,68 $;0,00 $;-25,68 $;240,00;110,00 $;545,00 $;570,68 $;0,07%;
03/07/2020;1;-18365,56 $;-90,68 $;0,00 $;-90,68 $;5,68 $;-24615,28 $;-90,68 $;0,00%;-90,68 $;0,00 $;-90,68 $;0,00 $;-90,68 $;0,00;115,00 $;65,00 $;155,68 $;0,07%;
06/07/2020;1;-17681,24 $;684,32 $;684,32 $;0,00 $;5,68 $;-23930,96 $;0,00 $;100,00%;684,32 $;684,32 $;0,00 $;684,32 $;0,00 $;210,00;115,00 $;755,00 $;70,68 $;0,07%;
07/07/2020;1;-18396,92 $;-715,68 $;0,00 $;-715,68 $;5,68 $;-24646,64 $;-715,68 $;0,00%;-715,68 $;0,00 $;-715,68 $;0,00 $;-715,68 $;240,00;745,00 $;60,00 $;775,68 $;0,07%;
08/07/2020;1;-17572,60 $;824,32 $;824,32 $;0,00 $;5,68 $;-23822,32 $;0,00 $;100,00%;824,32 $;824,32 $;0,00 $;824,32 $;0,00 $;240,00;235,00 $;1015,00 $;190,68 $;0,07%;
13/07/2020;1;-18748,28 $;-1175,68 $;0,00 $;-1175,68 $;5,68 $;-24998,00 $;-1175,68 $;0,00%;-1175,68 $;0,00 $;-1175,68 $;0,00 $;-1175,68 $;240,00;1170,00 $;615,00 $;1790,68 $;0,07%;
14/07/2020;1;-17558,96 $;1189,32 $;1189,32 $;0,00 $;5,68 $;-23808,68 $;0,00 $;100,00%;1189,32 $;1189,32 $;0,00 $;1189,32 $;0,00 $;240,00;180,00 $;1235,00 $;45,68 $;0,07%;
16/07/2020;1;-17974,64 $;-415,68 $;0,00 $;-415,68 $;5,68 $;-24224,36 $;-415,68 $;0,00%;-415,68 $;0,00 $;-415,68 $;0,00 $;-415,68 $;240,00;1115,00 $;20,00 $;435,68 $;0,07%;
17/07/2020;1;-18380,32 $;-405,68 $;0,00 $;-405,68 $;5,68 $;-24630,04 $;-405,68 $;0,00%;-405,68 $;0,00 $;-405,68 $;0,00 $;-405,68 $;210,00;455,00 $;95,00 $;500,68 $;0,07%;
20/07/2020;1;-17866,00 $;514,32 $;514,32 $;0,00 $;5,68 $;-24115,72 $;0,00 $;100,00%;514,32 $;514,32 $;0,00 $;514,32 $;0,00 $;240,00;155,00 $;575,00 $;60,68 $;0,07%;
21/07/2020;1;-18646,68 $;-780,68 $;0,00 $;-780,68 $;5,68 $;-24896,40 $;-780,68 $;0,00%;-780,68 $;0,00 $;-780,68 $;0,00 $;-780,68 $;240,00;865,00 $;100,00 $;880,68 $;0,07%;
22/07/2020;1;-18157,36 $;489,32 $;489,32 $;0,00 $;5,68 $;-24407,08 $;0,00 $;100,00%;489,32 $;489,32 $;0,00 $;489,32 $;0,00 $;210,00;425,00 $;655,00 $;165,68 $;0,07%;
23/07/2020;1;-19618,04 $;-1460,68 $;0,00 $;-1460,68 $;5,68 $;-25867,76 $;-1460,68 $;0,00%;-1460,68 $;0,00 $;-1460,68 $;0,00 $;-1460,68 $;240,00;1680,00 $;215,00 $;1675,68 $;0,07%;
24/07/2020;1;-20183,72 $;-565,68 $;0,00 $;-565,68 $;5,68 $;-26433,44 $;-565,68 $;0,00%;-565,68 $;0,00 $;-565,68 $;0,00 $;-565,68 $;240,00;625,00 $;30,00 $;595,68 $;0,07%;
27/07/2020;1;-20019,40 $;164,32 $;164,32 $;0,00 $;5,68 $;-26269,12 $;0,00 $;100,00%;164,32 $;164,32 $;0,00 $;164,32 $;0,00 $;240,00;260,00 $;225,00 $;60,68 $;0,07%;
28/07/2020;1;-20505,08 $;-485,68 $;0,00 $;-485,68 $;5,68 $;-26754,80 $;-485,68 $;0,00%;-485,68 $;0,00 $;-485,68 $;0,00 $;-485,68 $;210,00;570,00 $;450,00 $;935,68 $;0,07%;
29/07/2020;1;-20395,76 $;109,32 $;109,32 $;0,00 $;5,68 $;-26645,48 $;0,00 $;100,00%;109,32 $;109,32 $;0,00 $;109,32 $;0,00 $;30,00;225,00 $;265,00 $;155,68 $;0,07%;
30/07/2020;1;-19356,44 $;1039,32 $;1039,32 $;0,00 $;5,68 $;-25606,16 $;0,00 $;100,00%;1039,32 $;1039,32 $;0,00 $;1039,32 $;0,00 $;150,00;220,00 $;1085,00 $;45,68 $;0,07%;
03/08/2020;1;-19367,12 $;-10,68 $;0,00 $;-10,68 $;5,68 $;-25616,84 $;-10,68 $;0,00%;-10,68 $;0,00 $;-10,68 $;0,00 $;-10,68 $;240,00;205,00 $;210,00 $;220,68 $;0,07%;
04/08/2020;2;-19343,48 $;23,64 $;89,32 $;-65,68 $;11,36 $;-25682,52 $;-65,68 $;50,00%;11,82 $;89,32 $;-65,68 $;89,32 $;-65,68 $;240,00;325,00 $;157,50 $;145,68 $;0,14%;
06/08/2020;1;-18589,16 $;754,32 $;754,32 $;0,00 $;5,68 $;-24838,88 $;0,00 $;100,00%;754,32 $;754,32 $;0,00 $;754,32 $;0,00 $;240,00;240,00 $;905,00 $;150,68 $;0,07%;
07/08/2020;1;-18184,84 $;404,32 $;404,32 $;0,00 $;5,68 $;-24434,56 $;0,00 $;100,00%;404,32 $;404,32 $;0,00 $;404,32 $;0,00 $;210,00;435,00 $;595,00 $;190,68 $;0,07%;
10/08/2020;1;-17545,52 $;639,32 $;639,32 $;0,00 $;5,68 $;-23795,24 $;0,00 $;100,00%;639,32 $;639,32 $;0,00 $;639,32 $;0,00 $;240,00;30,00 $;735,00 $;95,68 $;0,07%;
11/08/2020;1;-19246,20 $;-1700,68 $;0,00 $;-1700,68 $;5,68 $;-25495,92 $;-1700,68 $;0,00%;-1700,68 $;0,00 $;-1700,68 $;0,00 $;-1700,68 $;150,00;2360,00 $;140,00 $;1840,68 $;0,07%;
12/08/2020;1;-18761,88 $;484,32 $;484,32 $;0,00 $;5,68 $;-25011,60 $;0,00 $;100,00%;484,32 $;484,32 $;0,00 $;484,32 $;0,00 $;240,00;460,00 $;550,00 $;65,68 $;0,07%;
13/08/2020;1;-18917,56 $;-155,68 $;0,00 $;-155,68 $;5,68 $;-25167,28 $;-155,68 $;0,00%;-155,68 $;0,00 $;-155,68 $;0,00 $;-155,68 $;240,00;750,00 $;140,00 $;295,68 $;0,07%;
14/08/2020;1;-19248,24 $;-330,68 $;0,00 $;-330,68 $;5,68 $;-25497,96 $;-330,68 $;0,00%;-330,68 $;0,00 $;-330,68 $;0,00 $;-330,68 $;240,00;425,00 $;275,00 $;605,68 $;0,07%;
17/08/2020;1;-19508,92 $;-260,68 $;0,00 $;-260,68 $;5,68 $;-25758,64 $;-260,68 $;0,00%;-260,68 $;0,00 $;-260,68 $;0,00 $;-260,68 $;240,00;365,00 $;10,00 $;270,68 $;0,07%;
18/08/2020;1;-19589,60 $;-80,68 $;0,00 $;-80,68 $;5,68 $;-25839,32 $;-80,68 $;0,00%;-80,68 $;0,00 $;-80,68 $;0,00 $;-80,68 $;210,00;265,00 $;245,00 $;325,68 $;0,07%;
20/08/2020;1;-19250,28 $;339,32 $;339,32 $;0,00 $;5,68 $;-25500,00 $;0,00 $;100,00%;339,32 $;339,32 $;0,00 $;339,32 $;0,00 $;240,00;70,00 $;610,00 $;270,68 $;0,07%;
21/08/2020;1;-18745,96 $;504,32 $;504,32 $;0,00 $;5,68 $;-24995,68 $;0,00 $;100,00%;504,32 $;504,32 $;0,00 $;504,32 $;0,00 $;210,00;20,00 $;715,00 $;210,68 $;0,07%;
25/08/2020;1;-18736,64 $;9,32 $;9,32 $;0,00 $;5,68 $;-24986,36 $;0,00 $;100,00%;9,32 $;9,32 $;0,00 $;9,32 $;0,00 $;30,00;130,00 $;85,00 $;75,68 $;0,07%;
26/08/2020;1;-18027,32 $;709,32 $;709,32 $;0,00 $;5,68 $;-24277,04 $;0,00 $;100,00%;709,32 $;709,32 $;0,00 $;709,32 $;0,00 $;240,00;115,00 $;750,00 $;40,68 $;0,07%;
27/08/2020;1;-17858,00 $;169,32 $;169,32 $;0,00 $;5,68 $;-24107,72 $;0,00 $;100,00%;169,32 $;169,32 $;0,00 $;169,32 $;0,00 $;210,00;620,00 $;770,00 $;600,68 $;0,07%;
28/08/2020;1;-18098,68 $;-240,68 $;0,00 $;-240,68 $;5,68 $;-24348,40 $;-240,68 $;0,00%;-240,68 $;0,00 $;-240,68 $;0,00 $;-240,68 $;30,00;375,00 $;85,00 $;325,68 $;0,07%;
31/08/2020;1;-17694,36 $;404,32 $;404,32 $;0,00 $;5,68 $;-23944,08 $;0,00 $;100,00%;404,32 $;404,32 $;0,00 $;404,32 $;0,00 $;240,00;60,00 $;525,00 $;120,68 $;0,07%;
01/09/2020;1;-16930,04 $;764,32 $;764,32 $;0,00 $;5,68 $;-23179,76 $;0,00 $;100,00%;764,32 $;764,32 $;0,00 $;764,32 $;0,00 $;210,00;55,00 $;845,00 $;80,68 $;0,07%;
02/09/2020;1;-16265,72 $;664,32 $;664,32 $;0,00 $;5,68 $;-22515,44 $;0,00 $;100,00%;664,32 $;664,32 $;0,00 $;664,32 $;0,00 $;150,00;275,00 $;1085,00 $;420,68 $;0,07%;
04/09/2020;1;-15441,40 $;824,32 $;824,32 $;0,00 $;5,68 $;-21691,12 $;0,00 $;100,00%;824,32 $;824,32 $;0,00 $;824,32 $;0,00 $;210,00;390,00 $;2065,00 $;1240,68 $;0,07%;
08/09/2020;1;-15682,08 $;-240,68 $;0,00 $;-240,68 $;5,68 $;-21931,80 $;-240,68 $;0,00%;-240,68 $;0,00 $;-240,68 $;0,00 $;-240,68 $;240,00;1155,00 $;750,00 $;990,68 $;0,07%;
09/09/2020;1;-14877,76 $;804,32 $;804,32 $;0,00 $;5,68 $;-21127,48 $;0,00 $;100,00%;804,32 $;804,32 $;0,00 $;804,32 $;0,00 $;240,00;95,00 $;960,00 $;155,68 $;0,07%;
10/09/2020;1;-15218,44 $;-340,68 $;0,00 $;-340,68 $;5,68 $;-21468,16 $;-340,68 $;0,00%;-340,68 $;0,00 $;-340,68 $;0,00 $;-340,68 $;90,00;940,00 $;325,00 $;665,68 $;0,07%;
14/09/2020;1;-15469,12 $;-250,68 $;0,00 $;-250,68 $;5,68 $;-21718,84 $;-250,68 $;0,00%;-250,68 $;0,00 $;-250,68 $;0,00 $;-250,68 $;240,00;585,00 $;330,00 $;580,68 $;0,07%;
15/09/2020;1;-15689,80 $;-220,68 $;0,00 $;-220,68 $;5,68 $;-21939,52 $;-220,68 $;0,00%;-220,68 $;0,00 $;-220,68 $;0,00 $;-220,68 $;90,00;735,00 $;25,00 $;245,68 $;0,07%;
16/09/2020;1;-16525,48 $;-835,68 $;0,00 $;-835,68 $;5,68 $;-22775,20 $;-835,68 $;0,00%;-835,68 $;0,00 $;-835,68 $;0,00 $;-835,68 $;210,00;980,00 $;740,00 $;1575,68 $;0,07%;
18/09/2020;1;-17166,16 $;-640,68 $;0,00 $;-640,68 $;5,68 $;-23415,88 $;-640,68 $;0,00%;-640,68 $;0,00 $;-640,68 $;0,00 $;-640,68 $;240,00;1820,00 $;305,00 $;945,68 $;0,07%;
21/09/2020;1;-16041,84 $;1124,32 $;1124,32 $;0,00 $;5,68 $;-22291,56 $;0,00 $;100,00%;1124,32 $;1124,32 $;0,00 $;1124,32 $;0,00 $;150,00;735,00 $;1415,00 $;290,68 $;0,07%;
23/09/2020;1;-17922,52 $;-1880,68 $;0,00 $;-1880,68 $;5,68 $;-24172,24 $;-1880,68 $;0,00%;-1880,68 $;0,00 $;-1880,68 $;0,00 $;-1880,68 $;210,00;2380,00 $;280,00 $;2160,68 $;0,07%;
24/09/2020;1;-18013,20 $;-90,68 $;0,00 $;-90,68 $;5,68 $;-24262,92 $;-90,68 $;0,00%;-90,68 $;0,00 $;-90,68 $;0,00 $;-90,68 $;240,00;225,00 $;1815,00 $;1905,68 $;0,07%;
28/09/2020;1;-17913,88 $;99,32 $;99,32 $;0,00 $;5,68 $;-24163,60 $;0,00 $;100,00%;99,32 $;99,32 $;0,00 $;99,32 $;0,00 $;240,00;105,00 $;445,00 $;345,68 $;0,07%;
29/09/2020;1;-17509,56 $;404,32 $;404,32 $;0,00 $;5,68 $;-23759,28 $;0,00 $;100,00%;404,32 $;404,32 $;0,00 $;404,32 $;0,00 $;240,00;490,00 $;670,00 $;265,68 $;0,07%;
30/09/2020;1;-18550,24 $;-1040,68 $;0,00 $;-1040,68 $;5,68 $;-24799,96 $;-1040,68 $;0,00%;-1040,68 $;0,00 $;-1040,68 $;0,00 $;-1040,68 $;240,00;1615,00 $;625,00 $;1665,68 $;0,07%;
01/10/2020;1;-18995,92 $;-445,68 $;0,00 $;-445,68 $;5,68 $;-25245,64 $;-445,68 $;0,00%;-445,68 $;0,00 $;-445,68 $;0,00 $;-445,68 $;210,00;1245,00 $;125,00 $;570,68 $;0,07%;
02/10/2020;1;-18541,60 $;454,32 $;454,32 $;0,00 $;5,68 $;-24791,32 $;0,00 $;100,00%;454,32 $;454,32 $;0,00 $;454,32 $;0,00 $;240,00;940,00 $;885,00 $;430,68 $;0,07%;
05/10/2020;2;-17997,96 $;543,64 $;543,64 $;0,00 $;11,36 $;-24267,00 $;0,00 $;100,00%;271,82 $;271,82 $;0,00 $;524,32 $;0,00 $;240,00;192,50 $;330,00 $;58,18 $;0,14%;
06/10/2020;1;-19758,64 $;-1760,68 $;0,00 $;-1760,68 $;5,68 $;-26008,36 $;-1760,68 $;0,00%;-1760,68 $;0,00 $;-1760,68 $;0,00 $;-1760,68 $;240,00;2320,00 $;815,00 $;2575,68 $;0,07%;
08/10/2020;1;-19614,32 $;144,32 $;144,32 $;0,00 $;5,68 $;-25864,04 $;0,00 $;100,00%;144,32 $;144,32 $;0,00 $;144,32 $;0,00 $;210,00;195,00 $;225,00 $;80,68 $;0,07%;
09/10/2020;1;-19370,00 $;244,32 $;244,32 $;0,00 $;5,68 $;-25619,72 $;0,00 $;100,00%;244,32 $;244,32 $;0,00 $;244,32 $;0,00 $;240,00;245,00 $;635,00 $;390,68 $;0,07%;
12/10/2020;1;-19510,68 $;-140,68 $;0,00 $;-140,68 $;5,68 $;-25760,40 $;-140,68 $;0,00%;-140,68 $;0,00 $;-140,68 $;0,00 $;-140,68 $;150,00;580,00 $;110,00 $;250,68 $;0,07%;
14/10/2020;1;-19516,36 $;-5,68 $;0,00 $;-5,68 $;5,68 $;-25766,08 $;-5,68 $;0,00%;-5,68 $;0,00 $;-5,68 $;0,00 $;-5,68 $;210,00;300,00 $;515,00 $;520,68 $;0,07%;
15/10/2020;1;-18722,04 $;794,32 $;794,32 $;0,00 $;5,68 $;-24971,76 $;0,00 $;100,00%;794,32 $;794,32 $;0,00 $;794,32 $;0,00 $;240,00;80,00 $;845,00 $;50,68 $;0,07%;
16/10/2020;1;-18922,72 $;-200,68 $;0,00 $;-200,68 $;5,68 $;-25172,44 $;-200,68 $;0,00%;-200,68 $;0,00 $;-200,68 $;0,00 $;-200,68 $;240,00;320,00 $;235,00 $;435,68 $;0,07%;
20/10/2020;2;-18939,08 $;-16,36 $;274,32 $;-290,68 $;11,36 $;-25188,80 $;-290,68 $;50,00%;-8,18 $;274,32 $;-290,68 $;274,32 $;-290,68 $;270,00;192,50 $;217,50 $;225,68 $;0,14%;
21/10/2020;2;-18600,44 $;338,64 $;338,64 $;0,00 $;11,36 $;-24999,48 $;0,00 $;100,00%;169,32 $;169,32 $;0,00 $;189,32 $;0,00 $;240,00;290,00 $;255,00 $;85,68 $;0,14%;
22/10/2020;1;-18766,12 $;-165,68 $;0,00 $;-165,68 $;5,68 $;-25015,84 $;-165,68 $;0,00%;-165,68 $;0,00 $;-165,68 $;0,00 $;-165,68 $;240,00;305,00 $;295,00 $;460,68 $;0,07%;
26/10/2020;1;-17396,80 $;1369,32 $;1369,32 $;0,00 $;5,68 $;-23646,52 $;0,00 $;100,00%;1369,32 $;1369,32 $;0,00 $;1369,32 $;0,00 $;150,00;245,00 $;1585,00 $;215,68 $;0,07%;
27/10/2020;1;-18157,48 $;-760,68 $;0,00 $;-760,68 $;5,68 $;-24407,20 $;-760,68 $;0,00%;-760,68 $;0,00 $;-760,68 $;0,00 $;-760,68 $;210,00;925,00 $;295,00 $;1055,68 $;0,07%;
28/10/2020;1;-19033,16 $;-875,68 $;0,00 $;-875,68 $;5,68 $;-25282,88 $;-875,68 $;0,00%;-875,68 $;0,00 $;-875,68 $;0,00 $;-875,68 $;210,00;1140,00 $;205,00 $;1080,68 $;0,07%;
29/10/2020;1;-18033,84 $;999,32 $;999,32 $;0,00 $;5,68 $;-24283,56 $;0,00 $;100,00%;999,32 $;999,32 $;0,00 $;999,32 $;0,00 $;240,00;485,00 $;1545,00 $;545,68 $;0,07%;
30/10/2020;1;-16639,52 $;1394,32 $;1394,32 $;0,00 $;5,68 $;-22889,24 $;0,00 $;100,00%;1394,32 $;1394,32 $;0,00 $;1394,32 $;0,00 $;150,00;995,00 $;1550,00 $;155,68 $;0,07%;
03/11/2020;1;-17110,20 $;-470,68 $;0,00 $;-470,68 $;5,68 $;-23359,92 $;-470,68 $;0,00%;-470,68 $;0,00 $;-470,68 $;0,00 $;-470,68 $;210,00;815,00 $;675,00 $;1145,68 $;0,07%;
04/11/2020;1;-18060,88 $;-950,68 $;0,00 $;-950,68 $;5,68 $;-24310,60 $;-950,68 $;0,00%;-950,68 $;0,00 $;-950,68 $;0,00 $;-950,68 $;240,00;990,00 $;1070,00 $;2020,68 $;0,07%;
05/11/2020;1;-18031,56 $;29,32 $;29,32 $;0,00 $;5,68 $;-24281,28 $;0,00 $;100,00%;29,32 $;29,32 $;0,00 $;29,32 $;0,00 $;240,00;920,00 $;345,00 $;315,68 $;0,07%;
06/11/2020;1;-18172,24 $;-140,68 $;0,00 $;-140,68 $;5,68 $;-24421,96 $;-140,68 $;0,00%;-140,68 $;0,00 $;-140,68 $;0,00 $;-140,68 $;240,00;460,00 $;340,00 $;480,68 $;0,07%;
09/11/2020;1;-20732,92 $;-2560,68 $;0,00 $;-2560,68 $;5,68 $;-26982,64 $;-2560,68 $;0,00%;-2560,68 $;0,00 $;-2560,68 $;0,00 $;-2560,68 $;150,00;2780,00 $;200,00 $;2760,68 $;0,07%;
12/11/2020;1;-20943,60 $;-210,68 $;0,00 $;-210,68 $;5,68 $;-27193,32 $;-210,68 $;0,00%;-210,68 $;0,00 $;-210,68 $;0,00 $;-210,68 $;210,00;1430,00 $;125,00 $;335,68 $;0,07%;
13/11/2020;1;-20314,28 $;629,32 $;629,32 $;0,00 $;5,68 $;-26564,00 $;0,00 $;100,00%;629,32 $;629,32 $;0,00 $;629,32 $;0,00 $;210,00;50,00 $;1030,00 $;400,68 $;0,07%;
16/11/2020;1;-20779,96 $;-465,68 $;0,00 $;-465,68 $;5,68 $;-27029,68 $;-465,68 $;0,00%;-465,68 $;0,00 $;-465,68 $;0,00 $;-465,68 $;240,00;915,00 $;60,00 $;525,68 $;0,07%;
17/11/2020;1;-20905,64 $;-125,68 $;0,00 $;-125,68 $;5,68 $;-27155,36 $;-125,68 $;0,00%;-125,68 $;0,00 $;-125,68 $;0,00 $;-125,68 $;210,00;560,00 $;245,00 $;370,68 $;0,07%;
18/11/2020;1;-22261,32 $;-1355,68 $;0,00 $;-1355,68 $;5,68 $;-28511,04 $;-1355,68 $;0,00%;-1355,68 $;0,00 $;-1355,68 $;0,00 $;-1355,68 $;240,00;1370,00 $;5,00 $;1360,68 $;0,07%;
19/11/2020;1;-21817,00 $;444,32 $;444,32 $;0,00 $;5,68 $;-28066,72 $;0,00 $;100,00%;444,32 $;444,32 $;0,00 $;444,32 $;0,00 $;240,00;405,00 $;875,00 $;430,68 $;0,07%;
20/11/2020;1;-22317,68 $;-500,68 $;0,00 $;-500,68 $;5,68 $;-28567,40 $;-500,68 $;0,00%;-500,68 $;0,00 $;-500,68 $;0,00 $;-500,68 $;240,00;745,00 $;175,00 $;675,68 $;0,07%;
23/11/2020;1;-21593,36 $;724,32 $;724,32 $;0,00 $;5,68 $;-27843,08 $;0,00 $;100,00%;724,32 $;724,32 $;0,00 $;724,32 $;0,00 $;210,00;40,00 $;1145,00 $;420,68 $;0,07%;
24/11/2020;1;-21664,04 $;-70,68 $;0,00 $;-70,68 $;5,68 $;-27913,76 $;-70,68 $;0,00%;-70,68 $;0,00 $;-70,68 $;0,00 $;-70,68 $;210,00;530,00 $;125,00 $;195,68 $;0,07%;
25/11/2020;2;-21690,40 $;-26,36 $;84,32 $;-110,68 $;11,36 $;-28024,44 $;-110,68 $;50,00%;-13,18 $;84,32 $;-110,68 $;84,32 $;-110,68 $;270,00;245,00 $;95,00 $;108,18 $;0,14%;
27/11/2020;1;-21566,08 $;124,32 $;124,32 $;0,00 $;5,68 $;-27815,80 $;0,00 $;100,00%;124,32 $;124,32 $;0,00 $;124,32 $;0,00 $;45,00;460,00 $;145,00 $;20,68 $;0,07%;
01/12/2020;1;-22121,76 $;-555,68 $;0,00 $;-555,68 $;5,68 $;-28371,48 $;-555,68 $;0,00%;-555,68 $;0,00 $;-555,68 $;0,00 $;-555,68 $;240,00;800,00 $;115,00 $;670,68 $;0,07%;
02/12/2020;1;-21847,44 $;274,32 $;274,32 $;0,00 $;5,68 $;-28097,16 $;0,00 $;100,00%;274,32 $;274,32 $;0,00 $;274,32 $;0,00 $;240,00;245,00 $;410,00 $;135,68 $;0,07%;
03/12/2020;1;-22163,12 $;-315,68 $;0,00 $;-315,68 $;5,68 $;-28412,84 $;-315,68 $;0,00%;-315,68 $;0,00 $;-315,68 $;0,00 $;-315,68 $;210,00;870,00 $;310,00 $;625,68 $;0,07%;
04/12/2020;1;-22083,80 $;79,32 $;79,32 $;0,00 $;5,68 $;-28333,52 $;0,00 $;100,00%;79,32 $;79,32 $;0,00 $;79,32 $;0,00 $;90,00;90,00 $;440,00 $;360,68 $;0,07%;
07/12/2020;1;-22254,48 $;-170,68 $;0,00 $;-170,68 $;5,68 $;-28504,20 $;-170,68 $;0,00%;-170,68 $;0,00 $;-170,68 $;0,00 $;-170,68 $;240,00;550,00 $;215,00 $;385,68 $;0,07%;
08/12/2020;1;-22240,16 $;14,32 $;14,32 $;0,00 $;5,68 $;-28489,88 $;0,00 $;100,00%;14,32 $;14,32 $;0,00 $;14,32 $;0,00 $;210,00;135,00 $;360,00 $;345,68 $;0,07%;
10/12/2020;1;-22310,84 $;-70,68 $;0,00 $;-70,68 $;5,68 $;-28560,56 $;-70,68 $;0,00%;-70,68 $;0,00 $;-70,68 $;0,00 $;-70,68 $;240,00;670,00 $;25,00 $;95,68 $;0,07%;
11/12/2020;1;-22186,52 $;124,32 $;124,32 $;0,00 $;5,68 $;-28436,24 $;0,00 $;100,00%;124,32 $;124,32 $;0,00 $;124,32 $;0,00 $;30,00;85,00 $;235,00 $;110,68 $;0,07%;
15/12/2020;1;-21527,20 $;659,32 $;659,32 $;0,00 $;5,68 $;-27776,92 $;0,00 $;100,00%;659,32 $;659,32 $;0,00 $;659,32 $;0,00 $;240,00;135,00 $;1045,00 $;385,68 $;0,07%;
16/12/2020;2;-21348,56 $;178,64 $;179,32 $;-0,68 $;11,36 $;-27598,28 $;-0,68 $;50,00%;89,32 $;179,32 $;-0,68 $;179,32 $;-0,68 $;270,00;252,50 $;165,00 $;75,68 $;0,14%;
17/12/2020;1;-21279,24 $;69,32 $;69,32 $;0,00 $;5,68 $;-27528,96 $;0,00 $;100,00%;69,32 $;69,32 $;0,00 $;69,32 $;0,00 $;240,00;180,00 $;185,00 $;115,68 $;0,07%;
18/12/2020;1;-20769,92 $;509,32 $;509,32 $;0,00 $;5,68 $;-27019,64 $;0,00 $;100,00%;509,32 $;509,32 $;0,00 $;509,32 $;0,00 $;210,00;610,00 $;665,00 $;155,68 $;0,07%;
21/12/2020;1;-19645,60 $;1124,32 $;1124,32 $;0,00 $;5,68 $;-25895,32 $;0,00 $;100,00%;1124,32 $;1124,32 $;0,00 $;1124,32 $;0,00 $;240,00;20,00 $;1565,00 $;440,68 $;0,07%;
22/12/2020;1;-19911,28 $;-265,68 $;0,00 $;-265,68 $;5,68 $;-26161,00 $;-265,68 $;0,00%;-265,68 $;0,00 $;-265,68 $;0,00 $;-265,68 $;210,00;435,00 $;345,00 $;610,68 $;0,07%;
23/12/2020;1;-20326,96 $;-415,68 $;0,00 $;-415,68 $;5,68 $;-26576,68 $;-415,68 $;0,00%;-415,68 $;0,00 $;-415,68 $;0,00 $;-415,68 $;210,00;535,00 $;320,00 $;735,68 $;0,07%;
29/12/2020;1;-20377,64 $;-50,68 $;0,00 $;-50,68 $;5,68 $;-26627,36 $;-50,68 $;0,00%;-50,68 $;0,00 $;-50,68 $;0,00 $;-50,68 $;210,00;530,00 $;60,00 $;110,68 $;0,07%;
30/12/2020;1;-20728,32 $;-350,68 $;0,00 $;-350,68 $;5,68 $;-26978,04 $;-350,68 $;0,00%;-350,68 $;0,00 $;-350,68 $;0,00 $;-350,68 $;240,00;515,00 $;150,00 $;500,68 $;0,07%;
04/01/2021;1;-20154,00 $;574,32 $;574,32 $;0,00 $;5,68 $;-26403,72 $;0,00 $;100,00%;574,32 $;574,32 $;0,00 $;574,32 $;0,00 $;90,00;415,00 $;780,00 $;205,68 $;0,07%;
05/01/2021;1;-19834,68 $;319,32 $;319,32 $;0,00 $;5,68 $;-26084,40 $;0,00 $;100,00%;319,32 $;319,32 $;0,00 $;319,32 $;0,00 $;210,00;25,00 $;945,00 $;625,68 $;0,07%;
06/01/2021;2;-20096,04 $;-261,36 $;79,32 $;-340,68 $;11,36 $;-26425,08 $;-340,68 $;50,00%;-130,68 $;79,32 $;-340,68 $;79,32 $;-340,68 $;270,00;470,00 $;460,00 $;590,68 $;0,14%;
07/01/2021;1;-20016,72 $;79,32 $;79,32 $;0,00 $;5,68 $;-26266,44 $;0,00 $;100,00%;79,32 $;79,32 $;0,00 $;79,32 $;0,00 $;210,00;60,00 $;430,00 $;350,68 $;0,07%;
08/01/2021;1;-19477,40 $;539,32 $;539,32 $;0,00 $;5,68 $;-25727,12 $;0,00 $;100,00%;539,32 $;539,32 $;0,00 $;539,32 $;0,00 $;210,00;1155,00 $;615,00 $;75,68 $;0,07%;
11/01/2021;1;-19723,08 $;-245,68 $;0,00 $;-245,68 $;5,68 $;-25972,80 $;-245,68 $;0,00%;-245,68 $;0,00 $;-245,68 $;0,00 $;-245,68 $;240,00;445,00 $;275,00 $;520,68 $;0,07%;
12/01/2021;1;-19563,76 $;159,32 $;159,32 $;0,00 $;5,68 $;-25813,48 $;0,00 $;100,00%;159,32 $;159,32 $;0,00 $;159,32 $;0,00 $;240,00;765,00 $;290,00 $;130,68 $;0,07%;
13/01/2021;1;-19559,44 $;4,32 $;4,32 $;0,00 $;5,68 $;-25809,16 $;0,00 $;100,00%;4,32 $;4,32 $;0,00 $;4,32 $;0,00 $;240,00;170,00 $;485,00 $;480,68 $;0,07%;
14/01/2021;1;-20145,12 $;-585,68 $;0,00 $;-585,68 $;5,68 $;-26394,84 $;-585,68 $;0,00%;-585,68 $;0,00 $;-585,68 $;0,00 $;-585,68 $;240,00;810,00 $;125,00 $;710,68 $;0,07%;
15/01/2021;1;-20725,80 $;-580,68 $;0,00 $;-580,68 $;5,68 $;-26975,52 $;-580,68 $;0,00%;-580,68 $;0,00 $;-580,68 $;0,00 $;-580,68 $;210,00;605,00 $;365,00 $;945,68 $;0,07%;
20/01/2021;1;-20251,48 $;474,32 $;474,32 $;0,00 $;5,68 $;-26501,20 $;0,00 $;100,00%;474,32 $;474,32 $;0,00 $;474,32 $;0,00 $;240,00;30,00 $;560,00 $;85,68 $;0,07%;
21/01/2021;1;-20132,16 $;119,32 $;119,32 $;0,00 $;5,68 $;-26381,88 $;0,00 $;100,00%;119,32 $;119,32 $;0,00 $;119,32 $;0,00 $;240,00;355,00 $;280,00 $;160,68 $;0,07%;
22/01/2021;1;-19727,84 $;404,32 $;404,32 $;0,00 $;5,68 $;-25977,56 $;0,00 $;100,00%;404,32 $;404,32 $;0,00 $;404,32 $;0,00 $;240,00;45,00 $;495,00 $;90,68 $;0,07%;
25/01/2021;1;-19573,52 $;154,32 $;154,32 $;0,00 $;5,68 $;-25823,24 $;0,00 $;100,00%;154,32 $;154,32 $;0,00 $;154,32 $;0,00 $;150,00;465,00 $;325,00 $;170,68 $;0,07%;
26/01/2021;1;-19429,20 $;144,32 $;144,32 $;0,00 $;5,68 $;-25678,92 $;0,00 $;100,00%;144,32 $;144,32 $;0,00 $;144,32 $;0,00 $;240,00;275,00 $;180,00 $;35,68 $;0,07%;
27/01/2021;1;-21429,88 $;-2000,68 $;0,00 $;-2000,68 $;5,68 $;-27679,60 $;-2000,68 $;0,00%;-2000,68 $;0,00 $;-2000,68 $;0,00 $;-2000,68 $;210,00;2170,00 $;325,00 $;2325,68 $;0,07%;
28/01/2021;1;-22050,56 $;-620,68 $;0,00 $;-620,68 $;5,68 $;-28300,28 $;-620,68 $;0,00%;-620,68 $;0,00 $;-620,68 $;0,00 $;-620,68 $;240,00;635,00 $;455,00 $;1075,68 $;0,07%;
29/01/2021;1;-22371,24 $;-320,68 $;0,00 $;-320,68 $;5,68 $;-28620,96 $;-320,68 $;0,00%;-320,68 $;0,00 $;-320,68 $;0,00 $;-320,68 $;240,00;1710,00 $;185,00 $;505,68 $;0,07%;
03/02/2021;1;-21656,92 $;714,32 $;714,32 $;0,00 $;5,68 $;-27906,64 $;0,00 $;100,00%;714,32 $;714,32 $;0,00 $;714,32 $;0,00 $;210,00;160,00 $;745,00 $;30,68 $;0,07%;
04/02/2021;1;-21037,60 $;619,32 $;619,32 $;0,00 $;5,68 $;-27287,32 $;0,00 $;100,00%;619,32 $;619,32 $;0,00 $;619,32 $;0,00 $;210,00;65,00 $;625,00 $;5,68 $;0,07%;
05/02/2021;1;-21283,28 $;-245,68 $;0,00 $;-245,68 $;5,68 $;-27533,00 $;-245,68 $;0,00%;-245,68 $;0,00 $;-245,68 $;0,00 $;-245,68 $;240,00;275,00 $;165,00 $;410,68 $;0,07%;
08/02/2021;1;-21143,96 $;139,32 $;139,32 $;0,00 $;5,68 $;-27393,68 $;0,00 $;100,00%;139,32 $;139,32 $;0,00 $;139,32 $;0,00 $;240,00;270,00 $;155,00 $;15,68 $;0,07%;
09/02/2021;2;-20720,32 $;423,64 $;423,64 $;0,00 $;11,36 $;-27034,36 $;0,00 $;100,00%;211,82 $;211,82 $;0,00 $;359,32 $;0,00 $;240,00;52,50 $;327,50 $;115,68 $;0,14%;
12/02/2021;1;-20786,00 $;-65,68 $;0,00 $;-65,68 $;5,68 $;-27035,72 $;-65,68 $;0,00%;-65,68 $;0,00 $;-65,68 $;0,00 $;-65,68 $;240,00;295,00 $;175,00 $;240,68 $;0,07%;
15/02/2021;1;-20831,68 $;-45,68 $;0,00 $;-45,68 $;5,68 $;-27081,40 $;-45,68 $;0,00%;-45,68 $;0,00 $;-45,68 $;0,00 $;-45,68 $;0,00;90,00 $;50,00 $;95,68 $;0,07%;
16/02/2021;1;-20672,36 $;159,32 $;159,32 $;0,00 $;5,68 $;-26922,08 $;0,00 $;100,00%;159,32 $;159,32 $;0,00 $;159,32 $;0,00 $;240,00;315,00 $;375,00 $;215,68 $;0,07%;
17/02/2021;1;-20183,04 $;489,32 $;489,32 $;0,00 $;5,68 $;-26432,76 $;0,00 $;100,00%;489,32 $;489,32 $;0,00 $;489,32 $;0,00 $;210,00;45,00 $;655,00 $;165,68 $;0,07%;
18/02/2021;1;-19528,72 $;654,32 $;654,32 $;0,00 $;5,68 $;-25778,44 $;0,00 $;100,00%;654,32 $;654,32 $;0,00 $;654,32 $;0,00 $;210,00;110,00 $;870,00 $;215,68 $;0,07%;
19/02/2021;2;-19940,08 $;-411,36 $;14,32 $;-425,68 $;11,36 $;-26204,12 $;-425,68 $;50,00%;-205,68 $;14,32 $;-425,68 $;14,32 $;-425,68 $;270,00;412,50 $;27,50 $;233,18 $;0,14%;
22/02/2021;1;-19540,76 $;399,32 $;399,32 $;0,00 $;5,68 $;-25790,48 $;0,00 $;100,00%;399,32 $;399,32 $;0,00 $;399,32 $;0,00 $;240,00;65,00 $;770,00 $;370,68 $;0,07%;
23/02/2021;1;-18471,44 $;1069,32 $;1069,32 $;0,00 $;5,68 $;-24721,16 $;0,00 $;100,00%;1069,32 $;1069,32 $;0,00 $;1069,32 $;0,00 $;240,00;685,00 $;1115,00 $;45,68 $;0,07%;
24/02/2021;2;-17412,80 $;1058,64 $;1174,32 $;-115,68 $;11,36 $;-23662,52 $;-115,68 $;50,00%;529,32 $;1174,32 $;-115,68 $;1174,32 $;-115,68 $;270,00;85,00 $;667,50 $;138,18 $;0,14%;
25/02/2021;1;-17728,48 $;-315,68 $;0,00 $;-315,68 $;5,68 $;-23978,20 $;-315,68 $;0,00%;-315,68 $;0,00 $;-315,68 $;0,00 $;-315,68 $;30,00;510,00 $;695,00 $;1010,68 $;0,07%;
01/03/2021;1;-17659,16 $;69,32 $;69,32 $;0,00 $;5,68 $;-23908,88 $;0,00 $;100,00%;69,32 $;69,32 $;0,00 $;69,32 $;0,00 $;240,00;560,00 $;435,00 $;365,68 $;0,07%;
02/03/2021;1;-17919,84 $;-260,68 $;0,00 $;-260,68 $;5,68 $;-24169,56 $;-260,68 $;0,00%;-260,68 $;0,00 $;-260,68 $;0,00 $;-260,68 $;210,00;615,00 $;480,00 $;740,68 $;0,07%;
03/03/2021;1;-18790,52 $;-870,68 $;0,00 $;-870,68 $;5,68 $;-25040,24 $;-870,68 $;0,00%;-870,68 $;0,00 $;-870,68 $;0,00 $;-870,68 $;210,00;1015,00 $;550,00 $;1420,68 $;0,07%;
04/03/2021;1;-20176,20 $;-1385,68 $;0,00 $;-1385,68 $;5,68 $;-26425,92 $;-1385,68 $;0,00%;-1385,68 $;0,00 $;-1385,68 $;0,00 $;-1385,68 $;210,00;3460,00 $;25,00 $;1410,68 $;0,07%;
08/03/2021;1;-20601,88 $;-425,68 $;0,00 $;-425,68 $;5,68 $;-26851,60 $;-425,68 $;0,00%;-425,68 $;0,00 $;-425,68 $;0,00 $;-425,68 $;240,00;590,00 $;780,00 $;1205,68 $;0,07%;
10/03/2021;1;-20222,56 $;379,32 $;379,32 $;0,00 $;5,68 $;-26472,28 $;0,00 $;100,00%;379,32 $;379,32 $;0,00 $;379,32 $;0,00 $;150,00;240,00 $;470,00 $;90,68 $;0,07%;
11/03/2021;1;-20823,24 $;-600,68 $;0,00 $;-600,68 $;5,68 $;-27072,96 $;-600,68 $;0,00%;-600,68 $;0,00 $;-600,68 $;0,00 $;-600,68 $;210,00;700,00 $;145,00 $;745,68 $;0,07%;
12/03/2021;1;-20093,92 $;729,32 $;729,32 $;0,00 $;5,68 $;-26343,64 $;0,00 $;100,00%;729,32 $;729,32 $;0,00 $;729,32 $;0,00 $;210,00;140,00 $;860,00 $;130,68 $;0,07%;
15/03/2021;1;-19514,60 $;579,32 $;579,32 $;0,00 $;5,68 $;-25764,32 $;0,00 $;100,00%;579,32 $;579,32 $;0,00 $;579,32 $;0,00 $;150,00;75,00 $;815,00 $;235,68 $;0,07%;
16/03/2021;1;-19355,28 $;159,32 $;159,32 $;0,00 $;5,68 $;-25605,00 $;0,00 $;100,00%;159,32 $;159,32 $;0,00 $;159,32 $;0,00 $;150,00;290,00 $;305,00 $;145,68 $;0,07%;
17/03/2021;2;-18871,64 $;483,64 $;584,32 $;-100,68 $;11,36 $;-25121,36 $;-100,68 $;50,00%;241,82 $;584,32 $;-100,68 $;584,32 $;-100,68 $;270,00;130,00 $;435,00 $;193,18 $;0,14%;
19/03/2021;1;-18142,32 $;729,32 $;729,32 $;0,00 $;5,68 $;-24392,04 $;0,00 $;100,00%;729,32 $;729,32 $;0,00 $;729,32 $;0,00 $;240,00;65,00 $;945,00 $;215,68 $;0,07%;
22/03/2021;1;-17763,00 $;379,32 $;379,32 $;0,00 $;5,68 $;-24012,72 $;0,00 $;100,00%;379,32 $;379,32 $;0,00 $;379,32 $;0,00 $;210,00;40,00 $;600,00 $;220,68 $;0,07%;
23/03/2021;1;-19338,68 $;-1575,68 $;0,00 $;-1575,68 $;5,68 $;-25588,40 $;-1575,68 $;0,00%;-1575,68 $;0,00 $;-1575,68 $;0,00 $;-1575,68 $;240,00;1725,00 $;105,00 $;1680,68 $;0,07%;
24/03/2021;1;-20129,36 $;-790,68 $;0,00 $;-790,68 $;5,68 $;-26379,08 $;-790,68 $;0,00%;-790,68 $;0,00 $;-790,68 $;0,00 $;-790,68 $;240,00;845,00 $;305,00 $;1095,68 $;0,07%;
25/03/2021;1;-18450,04 $;1679,32 $;1679,32 $;0,00 $;5,68 $;-24699,76 $;0,00 $;100,00%;1679,32 $;1679,32 $;0,00 $;1679,32 $;0,00 $;240,00;115,00 $;1730,00 $;50,68 $;0,07%;
26/03/2021;1;-17315,72 $;1134,32 $;1134,32 $;0,00 $;5,68 $;-23565,44 $;0,00 $;100,00%;1134,32 $;1134,32 $;0,00 $;1134,32 $;0,00 $;150,00;885,00 $;1270,00 $;135,68 $;0,07%;
29/03/2021;1;-16591,40 $;724,32 $;724,32 $;0,00 $;5,68 $;-22841,12 $;0,00 $;100,00%;724,32 $;724,32 $;0,00 $;724,32 $;0,00 $;210,00;75,00 $;1110,00 $;385,68 $;0,07%;
30/03/2021;2;-16397,76 $;193,64 $;193,64 $;0,00 $;11,36 $;-22671,80 $;0,00 $;100,00%;96,82 $;96,82 $;0,00 $;169,32 $;0,00 $;240,00;255,00 $;225,00 $;128,18 $;0,14%;
31/03/2021;1;-16138,44 $;259,32 $;259,32 $;0,00 $;5,68 $;-22388,16 $;0,00 $;100,00%;259,32 $;259,32 $;0,00 $;259,32 $;0,00 $;240,00;25,00 $;530,00 $;270,68 $;0,07%;
05/04/2021;1;-16154,12 $;-15,68 $;0,00 $;-15,68 $;5,68 $;-22403,84 $;-15,68 $;0,00%;-15,68 $;0,00 $;-15,68 $;0,00 $;-15,68 $;240,00;160,00 $;500,00 $;515,68 $;0,07%;
06/04/2021;1;-16464,80 $;-310,68 $;0,00 $;-310,68 $;5,68 $;-22714,52 $;-310,68 $;0,00%;-310,68 $;0,00 $;-310,68 $;0,00 $;-310,68 $;240,00;395,00 $;170,00 $;480,68 $;0,07%;
07/04/2021;1;-16610,48 $;-145,68 $;0,00 $;-145,68 $;5,68 $;-22860,20 $;-145,68 $;0,00%;-145,68 $;0,00 $;-145,68 $;0,00 $;-145,68 $;240,00;340,00 $;155,00 $;300,68 $;0,07%;
08/04/2021;1;-16046,16 $;564,32 $;564,32 $;0,00 $;5,68 $;-22295,88 $;0,00 $;100,00%;564,32 $;564,32 $;0,00 $;564,32 $;0,00 $;150,00;120,00 $;615,00 $;50,68 $;0,07%;
09/04/2021;1;-15266,84 $;779,32 $;779,32 $;0,00 $;5,68 $;-21516,56 $;0,00 $;100,00%;779,32 $;779,32 $;0,00 $;779,32 $;0,00 $;150,00;5,00 $;1050,00 $;270,68 $;0,07%;
12/04/2021;1;-15297,52 $;-30,68 $;0,00 $;-30,68 $;5,68 $;-21547,24 $;-30,68 $;0,00%;-30,68 $;0,00 $;-30,68 $;0,00 $;-30,68 $;210,00;415,00 $;150,00 $;180,68 $;0,07%;
13/04/2021;1;-15003,20 $;294,32 $;294,32 $;0,00 $;5,68 $;-21252,92 $;0,00 $;100,00%;294,32 $;294,32 $;0,00 $;294,32 $;0,00 $;240,00;495,00 $;445,00 $;150,68 $;0,07%;
14/04/2021;1;-15603,88 $;-600,68 $;0,00 $;-600,68 $;5,68 $;-21853,60 $;-600,68 $;0,00%;-600,68 $;0,00 $;-600,68 $;0,00 $;-600,68 $;240,00;935,00 $;45,00 $;645,68 $;0,07%;
15/04/2021;1;-15609,56 $;-5,68 $;0,00 $;-5,68 $;5,68 $;-21859,28 $;-5,68 $;0,00%;-5,68 $;0,00 $;-5,68 $;0,00 $;-5,68 $;240,00;45,00 $;285,00 $;290,68 $;0,07%;
20/04/2021;1;-15745,24 $;-135,68 $;0,00 $;-135,68 $;5,68 $;-21994,96 $;-135,68 $;0,00%;-135,68 $;0,00 $;-135,68 $;0,00 $;-135,68 $;240,00;605,00 $;285,00 $;420,68 $;0,07%;
21/04/2021;1;-15230,92 $;514,32 $;514,32 $;0,00 $;5,68 $;-21480,64 $;0,00 $;100,00%;514,32 $;514,32 $;0,00 $;514,32 $;0,00 $;240,00;15,00 $;600,00 $;85,68 $;0,07%;
22/04/2021;1;-16606,60 $;-1375,68 $;0,00 $;-1375,68 $;5,68 $;-22856,32 $;-1375,68 $;0,00%;-1375,68 $;0,00 $;-1375,68 $;0,00 $;-1375,68 $;210,00;1905,00 $;140,00 $;1515,68 $;0,07%;
26/04/2021;1;-17167,28 $;-560,68 $;0,00 $;-560,68 $;5,68 $;-23417,00 $;-560,68 $;0,00%;-560,68 $;0,00 $;-560,68 $;0,00 $;-560,68 $;240,00;595,00 $;40,00 $;600,68 $;0,07%;
27/04/2021;1;-16782,96 $;384,32 $;384,32 $;0,00 $;5,68 $;-23032,68 $;0,00 $;100,00%;384,32 $;384,32 $;0,00 $;384,32 $;0,00 $;240,00;140,00 $;460,00 $;75,68 $;0,07%;
28/04/2021;2;-16804,32 $;-21,36 $;0,00 $;-21,36 $;11,36 $;-23054,04 $;-21,36 $;0,00%;-10,68 $;0,00 $;-10,68 $;0,00 $;-20,68 $;270,00;260,00 $;207,50 $;218,18 $;0,14%;
29/04/2021;1;-15790,00 $;1014,32 $;1014,32 $;0,00 $;5,68 $;-22039,72 $;0,00 $;100,00%;1014,32 $;1014,32 $;0,00 $;1014,32 $;0,00 $;210,00;80,00 $;1325,00 $;310,68 $;0,07%;
03/05/2021;1;-15980,68 $;-190,68 $;0,00 $;-190,68 $;5,68 $;-22230,40 $;-190,68 $;0,00%;-190,68 $;0,00 $;-190,68 $;0,00 $;-190,68 $;240,00;230,00 $;200,00 $;390,68 $;0,07%;
04/05/2021;1;-15446,36 $;534,32 $;534,32 $;0,00 $;5,68 $;-21696,08 $;0,00 $;100,00%;534,32 $;534,32 $;0,00 $;534,32 $;0,00 $;150,00;175,00 $;650,00 $;115,68 $;0,07%;
05/05/2021;1;-15607,04 $;-160,68 $;0,00 $;-160,68 $;5,68 $;-21856,76 $;-160,68 $;0,00%;-160,68 $;0,00 $;-160,68 $;0,00 $;-160,68 $;210,00;375,00 $;280,00 $;440,68 $;0,07%;
06/05/2021;2;-15268,40 $;338,64 $;338,64 $;0,00 $;11,36 $;-21562,44 $;0,00 $;100,00%;169,32 $;169,32 $;0,00 $;294,32 $;0,00 $;240,00;140,00 $;307,50 $;138,18 $;0,14%;
07/05/2021;1;-14759,08 $;509,32 $;509,32 $;0,00 $;5,68 $;-21008,80 $;0,00 $;100,00%;509,32 $;509,32 $;0,00 $;509,32 $;0,00 $;240,00;85,00 $;560,00 $;50,68 $;0,07%;
11/05/2021;1;-14814,76 $;-55,68 $;0,00 $;-55,68 $;5,68 $;-21064,48 $;-55,68 $;0,00%;-55,68 $;0,00 $;-55,68 $;0,00 $;-55,68 $;240,00;945,00 $;180,00 $;235,68 $;0,07%;
12/05/2021;1;-15585,44 $;-770,68 $;0,00 $;-770,68 $;5,68 $;-21835,16 $;-770,68 $;0,00%;-770,68 $;0,00 $;-770,68 $;0,00 $;-770,68 $;90,00;875,00 $;570,00 $;1340,68 $;0,07%;
13/05/2021;1;-14871,12 $;714,32 $;714,32 $;0,00 $;5,68 $;-21120,84 $;0,00 $;100,00%;714,32 $;714,32 $;0,00 $;714,32 $;0,00 $;240,00;750,00 $;855,00 $;140,68 $;0,07%;
14/05/2021;1;-14306,80 $;564,32 $;564,32 $;0,00 $;5,68 $;-20556,52 $;0,00 $;100,00%;564,32 $;564,32 $;0,00 $;564,32 $;0,00 $;240,00;190,00 $;745,00 $;180,68 $;0,07%;
17/05/2021;1;-13822,48 $;484,32 $;484,32 $;0,00 $;5,68 $;-20072,20 $;0,00 $;100,00%;484,32 $;484,32 $;0,00 $;484,32 $;0,00 $;210,00;310,00 $;585,00 $;100,68 $;0,07%;
18/05/2021;1;-14988,16 $;-1165,68 $;0,00 $;-1165,68 $;5,68 $;-21237,88 $;-1165,68 $;0,00%;-1165,68 $;0,00 $;-1165,68 $;0,00 $;-1165,68 $;90,00;1240,00 $;200,00 $;1365,68 $;0,07%;
19/05/2021;1;-14323,84 $;664,32 $;664,32 $;0,00 $;5,68 $;-20573,56 $;0,00 $;100,00%;664,32 $;664,32 $;0,00 $;664,32 $;0,00 $;240,00;390,00 $;915,00 $;250,68 $;0,07%;
24/05/2021;1;-14294,52 $;29,32 $;29,32 $;0,00 $;5,68 $;-20544,24 $;0,00 $;100,00%;29,32 $;29,32 $;0,00 $;29,32 $;0,00 $;240,00;375,00 $;150,00 $;120,68 $;0,07%;
25/05/2021;1;-14320,20 $;-25,68 $;0,00 $;-25,68 $;5,68 $;-20569,92 $;-25,68 $;0,00%;-25,68 $;0,00 $;-25,68 $;0,00 $;-25,68 $;240,00;215,00 $;555,00 $;580,68 $;0,07%;
26/05/2021;1;-14485,88 $;-165,68 $;0,00 $;-165,68 $;5,68 $;-20735,60 $;-165,68 $;0,00%;-165,68 $;0,00 $;-165,68 $;0,00 $;-165,68 $;240,00;305,00 $;235,00 $;400,68 $;0,07%;
27/05/2021;1;-14381,56 $;104,32 $;104,32 $;0,00 $;5,68 $;-20631,28 $;0,00 $;100,00%;104,32 $;104,32 $;0,00 $;104,32 $;0,00 $;240,00;145,00 $;315,00 $;210,68 $;0,07%;
28/05/2021;1;-14407,24 $;-25,68 $;0,00 $;-25,68 $;5,68 $;-20656,96 $;-25,68 $;0,00%;-25,68 $;0,00 $;-25,68 $;0,00 $;-25,68 $;240,00;125,00 $;165,00 $;190,68 $;0,07%;
01/06/2021;1;-14817,92 $;-410,68 $;0,00 $;-410,68 $;5,68 $;-21067,64 $;-410,68 $;0,00%;-410,68 $;0,00 $;-410,68 $;0,00 $;-410,68 $;240,00;580,00 $;125,00 $;535,68 $;0,07%;
02/06/2021;1;-15318,60 $;-500,68 $;0,00 $;-500,68 $;5,68 $;-21568,32 $;-500,68 $;0,00%;-500,68 $;0,00 $;-500,68 $;0,00 $;-500,68 $;240,00;615,00 $;80,00 $;580,68 $;0,07%;
04/06/2021;1;-14939,28 $;379,32 $;379,32 $;0,00 $;5,68 $;-21189,00 $;0,00 $;100,00%;379,32 $;379,32 $;0,00 $;379,32 $;0,00 $;210,00;0,00 $;500,00 $;120,68 $;0,07%;
07/06/2021;1;-14829,96 $;109,32 $;109,32 $;0,00 $;5,68 $;-21079,68 $;0,00 $;100,00%;109,32 $;109,32 $;0,00 $;109,32 $;0,00 $;210,00;150,00 $;190,00 $;80,68 $;0,07%;
08/06/2021;1;-14985,64 $;-155,68 $;0,00 $;-155,68 $;5,68 $;-21235,36 $;-155,68 $;0,00%;-155,68 $;0,00 $;-155,68 $;0,00 $;-155,68 $;210,00;180,00 $;160,00 $;315,68 $;0,07%;
09/06/2021;1;-15391,32 $;-405,68 $;0,00 $;-405,68 $;5,68 $;-21641,04 $;-405,68 $;0,00%;-405,68 $;0,00 $;-405,68 $;0,00 $;-405,68 $;90,00;630,00 $;30,00 $;435,68 $;0,07%;
10/06/2021;1;-15822,00 $;-430,68 $;0,00 $;-430,68 $;5,68 $;-22071,72 $;-430,68 $;0,00%;-430,68 $;0,00 $;-430,68 $;0,00 $;-430,68 $;240,00;465,00 $;210,00 $;640,68 $;0,07%;
18/06/2021;1;-16742,68 $;-920,68 $;0,00 $;-920,68 $;5,68 $;-22992,40 $;-920,68 $;0,00%;-920,68 $;0,00 $;-920,68 $;0,00 $;-920,68 $;150,00;915,00 $;285,00 $;1205,68 $;0,07%;
21/06/2021;1;-16278,36 $;464,32 $;464,32 $;0,00 $;5,68 $;-22528,08 $;0,00 $;100,00%;464,32 $;464,32 $;0,00 $;464,32 $;0,00 $;240,00;25,00 $;635,00 $;170,68 $;0,07%;
22/06/2021;1;-16024,04 $;254,32 $;254,32 $;0,00 $;5,68 $;-22273,76 $;0,00 $;100,00%;254,32 $;254,32 $;0,00 $;254,32 $;0,00 $;210,00;160,00 $;685,00 $;430,68 $;0,07%;
23/06/2021;1;-15884,72 $;139,32 $;139,32 $;0,00 $;5,68 $;-22134,44 $;0,00 $;100,00%;139,32 $;139,32 $;0,00 $;139,32 $;0,00 $;240,00;260,00 $;185,00 $;45,68 $;0,07%;
24/06/2021;1;-15440,40 $;444,32 $;444,32 $;0,00 $;5,68 $;-21690,12 $;0,00 $;100,00%;444,32 $;444,32 $;0,00 $;444,32 $;0,00 $;240,00;125,00 $;600,00 $;155,68 $;0,07%;
28/06/2021;1;-15336,08 $;104,32 $;104,32 $;0,00 $;5,68 $;-21585,80 $;0,00 $;100,00%;104,32 $;104,32 $;0,00 $;104,32 $;0,00 $;240,00;205,00 $;270,00 $;165,68 $;0,07%;
29/06/2021;1;-15396,76 $;-60,68 $;0,00 $;-60,68 $;5,68 $;-21646,48 $;-60,68 $;0,00%;-60,68 $;0,00 $;-60,68 $;0,00 $;-60,68 $;30,00;145,00 $;60,00 $;120,68 $;0,07%;
30/06/2021;1;-14872,44 $;524,32 $;524,32 $;0,00 $;5,68 $;-21122,16 $;0,00 $;100,00%;524,32 $;524,32 $;0,00 $;524,32 $;0,00 $;210,00;15,00 $;550,00 $;25,68 $;0,07%;
02/07/2021;1;-14403,12 $;469,32 $;469,32 $;0,00 $;5,68 $;-20652,84 $;0,00 $;100,00%;469,32 $;469,32 $;0,00 $;469,32 $;0,00 $;240,00;65,00 $;580,00 $;110,68 $;0,07%;
07/07/2021;1;-14303,80 $;99,32 $;99,32 $;0,00 $;5,68 $;-20553,52 $;0,00 $;100,00%;99,32 $;99,32 $;0,00 $;99,32 $;0,00 $;30,00;95,00 $;140,00 $;40,68 $;0,07%;
09/07/2021;1;-14074,48 $;229,32 $;229,32 $;0,00 $;5,68 $;-20324,20 $;0,00 $;100,00%;229,32 $;229,32 $;0,00 $;229,32 $;0,00 $;240,00;125,00 $;295,00 $;65,68 $;0,07%;
12/07/2021;1;-13905,16 $;169,32 $;169,32 $;0,00 $;5,68 $;-20154,88 $;0,00 $;100,00%;169,32 $;169,32 $;0,00 $;169,32 $;0,00 $;240,00;235,00 $;195,00 $;25,68 $;0,07%;
13/07/2021;1;-14210,84 $;-305,68 $;0,00 $;-305,68 $;5,68 $;-20460,56 $;-305,68 $;0,00%;-305,68 $;0,00 $;-305,68 $;0,00 $;-305,68 $;240,00;380,00 $;140,00 $;445,68 $;0,07%;
14/07/2021;1;-14101,52 $;109,32 $;109,32 $;0,00 $;5,68 $;-20351,24 $;0,00 $;100,00%;109,32 $;109,32 $;0,00 $;109,32 $;0,00 $;150,00;15,00 $;395,00 $;285,68 $;0,07%;
16/07/2021;1;-15292,20 $;-1190,68 $;0,00 $;-1190,68 $;5,68 $;-21541,92 $;-1190,68 $;0,00%;-1190,68 $;0,00 $;-1190,68 $;0,00 $;-1190,68 $;210,00;1270,00 $;95,00 $;1285,68 $;0,07%;
20/07/2021;1;-14772,88 $;519,32 $;519,32 $;0,00 $;5,68 $;-21022,60 $;0,00 $;100,00%;519,32 $;519,32 $;0,00 $;519,32 $;0,00 $;240,00;105,00 $;725,00 $;205,68 $;0,07%;
21/07/2021;1;-14363,56 $;409,32 $;409,32 $;0,00 $;5,68 $;-20613,28 $;0,00 $;100,00%;409,32 $;409,32 $;0,00 $;409,32 $;0,00 $;240,00;45,00 $;495,00 $;85,68 $;0,07%;
22/07/2021;1;-14264,24 $;99,32 $;99,32 $;0,00 $;5,68 $;-20513,96 $;0,00 $;100,00%;99,32 $;99,32 $;0,00 $;99,32 $;0,00 $;90,00;225,00 $;135,00 $;35,68 $;0,07%;
26/07/2021;1;-13994,92 $;269,32 $;269,32 $;0,00 $;5,68 $;-20244,64 $;0,00 $;100,00%;269,32 $;269,32 $;0,00 $;269,32 $;0,00 $;240,00;120,00 $;295,00 $;25,68 $;0,07%;
27/07/2021;1;-13820,60 $;174,32 $;174,32 $;0,00 $;5,68 $;-20070,32 $;0,00 $;100,00%;174,32 $;174,32 $;0,00 $;174,32 $;0,00 $;210,00;295,00 $;575,00 $;400,68 $;0,07%;
28/07/2021;1;-13701,28 $;119,32 $;119,32 $;0,00 $;5,68 $;-19951,00 $;0,00 $;100,00%;119,32 $;119,32 $;0,00 $;119,32 $;0,00 $;210,00;415,00 $;495,00 $;375,68 $;0,07%;
29/07/2021;1;-13631,96 $;69,32 $;69,32 $;0,00 $;5,68 $;-19881,68 $;0,00 $;100,00%;69,32 $;69,32 $;0,00 $;69,32 $;0,00 $;240,00;10,00 $;375,00 $;305,68 $;0,07%;
02/08/2021;1;-14482,64 $;-850,68 $;0,00 $;-850,68 $;5,68 $;-20732,36 $;-850,68 $;0,00%;-850,68 $;0,00 $;-850,68 $;0,00 $;-850,68 $;240,00;890,00 $;35,00 $;885,68 $;0,07%;
03/08/2021;1;-14003,32 $;479,32 $;479,32 $;0,00 $;5,68 $;-20253,04 $;0,00 $;100,00%;479,32 $;479,32 $;0,00 $;479,32 $;0,00 $;210,00;85,00 $;670,00 $;190,68 $;0,07%;
05/08/2021;1;-14029,00 $;-25,68 $;0,00 $;-25,68 $;5,68 $;-20278,72 $;-25,68 $;0,00%;-25,68 $;0,00 $;-25,68 $;0,00 $;-25,68 $;240,00;210,00 $;80,00 $;105,68 $;0,07%;
09/08/2021;1;-14004,68 $;24,32 $;24,32 $;0,00 $;5,68 $;-20254,40 $;0,00 $;100,00%;24,32 $;24,32 $;0,00 $;24,32 $;0,00 $;30,00;140,00 $;145,00 $;120,68 $;0,07%;
10/08/2021;1;-13960,36 $;44,32 $;44,32 $;0,00 $;5,68 $;-20210,08 $;0,00 $;100,00%;44,32 $;44,32 $;0,00 $;44,32 $;0,00 $;240,00;145,00 $;145,00 $;100,68 $;0,07%;
11/08/2021;1;-13736,04 $;224,32 $;224,32 $;0,00 $;5,68 $;-19985,76 $;0,00 $;100,00%;224,32 $;224,32 $;0,00 $;224,32 $;0,00 $;210,00;0,00 $;305,00 $;80,68 $;0,07%;
12/08/2021;1;-13331,72 $;404,32 $;404,32 $;0,00 $;5,68 $;-19581,44 $;0,00 $;100,00%;404,32 $;404,32 $;0,00 $;404,32 $;0,00 $;210,00;85,00 $;460,00 $;55,68 $;0,07%;
13/08/2021;1;-13582,40 $;-250,68 $;0,00 $;-250,68 $;5,68 $;-19832,12 $;-250,68 $;0,00%;-250,68 $;0,00 $;-250,68 $;0,00 $;-250,68 $;240,00;350,00 $;15,00 $;265,68 $;0,07%;
16/08/2021;1;-12863,08 $;719,32 $;719,32 $;0,00 $;5,68 $;-19112,80 $;0,00 $;100,00%;719,32 $;719,32 $;0,00 $;719,32 $;0,00 $;210,00;80,00 $;850,00 $;130,68 $;0,07%;
18/08/2021;1;-14628,76 $;-1765,68 $;0,00 $;-1765,68 $;5,68 $;-20878,48 $;-1765,68 $;0,00%;-1765,68 $;0,00 $;-1765,68 $;0,00 $;-1765,68 $;90,00;2015,00 $;115,00 $;1880,68 $;0,07%;
19/08/2021;1;-13759,44 $;869,32 $;869,32 $;0,00 $;5,68 $;-20009,16 $;0,00 $;100,00%;869,32 $;869,32 $;0,00 $;869,32 $;0,00 $;240,00;515,00 $;900,00 $;30,68 $;0,07%;
20/08/2021;1;-13375,12 $;384,32 $;384,32 $;0,00 $;5,68 $;-19624,84 $;0,00 $;100,00%;384,32 $;384,32 $;0,00 $;384,32 $;0,00 $;240,00;0,00 $;640,00 $;255,68 $;0,07%;
23/08/2021;1;-13345,80 $;29,32 $;29,32 $;0,00 $;5,68 $;-19595,52 $;0,00 $;100,00%;29,32 $;29,32 $;0,00 $;29,32 $;0,00 $;240,00;90,00 $;225,00 $;195,68 $;0,07%;
24/08/2021;1;-13246,48 $;99,32 $;99,32 $;0,00 $;5,68 $;-19496,20 $;0,00 $;100,00%;99,32 $;99,32 $;0,00 $;99,32 $;0,00 $;240,00;120,00 $;300,00 $;200,68 $;0,07%;
25/08/2021;1;-13417,16 $;-170,68 $;0,00 $;-170,68 $;5,68 $;-19666,88 $;-170,68 $;0,00%;-170,68 $;0,00 $;-170,68 $;0,00 $;-170,68 $;240,00;270,00 $;260,00 $;430,68 $;0,07%;
27/08/2021;1;-13207,84 $;209,32 $;209,32 $;0,00 $;5,68 $;-19457,56 $;0,00 $;100,00%;209,32 $;209,32 $;0,00 $;209,32 $;0,00 $;240,00;5,00 $;295,00 $;85,68 $;0,07%;
31/08/2021;1;-12793,52 $;414,32 $;414,32 $;0,00 $;5,68 $;-19043,24 $;0,00 $;100,00%;414,32 $;414,32 $;0,00 $;414,32 $;0,00 $;30,00;50,00 $;440,00 $;25,68 $;0,07%;
01/09/2021;1;-12689,20 $;104,32 $;104,32 $;0,00 $;5,68 $;-18938,92 $;0,00 $;100,00%;104,32 $;104,32 $;0,00 $;104,32 $;0,00 $;240,00;30,00 $;435,00 $;330,68 $;0,07%;
02/09/2021;1;-13119,88 $;-430,68 $;0,00 $;-430,68 $;5,68 $;-19369,60 $;-430,68 $;0,00%;-430,68 $;0,00 $;-430,68 $;0,00 $;-430,68 $;240,00;575,00 $;50,00 $;480,68 $;0,07%;
03/09/2021;1;-13295,56 $;-175,68 $;0,00 $;-175,68 $;5,68 $;-19545,28 $;-175,68 $;0,00%;-175,68 $;0,00 $;-175,68 $;0,00 $;-175,68 $;150,00;215,00 $;145,00 $;320,68 $;0,07%;
07/09/2021;1;-13476,24 $;-180,68 $;0,00 $;-180,68 $;5,68 $;-19725,96 $;-180,68 $;0,00%;-180,68 $;0,00 $;-180,68 $;0,00 $;-180,68 $;210,00;265,00 $;420,00 $;600,68 $;0,07%;
08/09/2021;1;-13576,92 $;-100,68 $;0,00 $;-100,68 $;5,68 $;-19826,64 $;-100,68 $;0,00%;-100,68 $;0,00 $;-100,68 $;0,00 $;-100,68 $;210,00;360,00 $;75,00 $;175,68 $;0,07%;
09/09/2021;1;-14252,60 $;-675,68 $;0,00 $;-675,68 $;5,68 $;-20502,32 $;-675,68 $;0,00%;-675,68 $;0,00 $;-675,68 $;0,00 $;-675,68 $;240,00;895,00 $;260,00 $;935,68 $;0,07%;
10/09/2021;1;-15263,28 $;-1010,68 $;0,00 $;-1010,68 $;5,68 $;-21513,00 $;-1010,68 $;0,00%;-1010,68 $;0,00 $;-1010,68 $;0,00 $;-1010,68 $;150,00;1230,00 $;90,00 $;1100,68 $;0,07%;
13/09/2021;1;-14948,96 $;314,32 $;314,32 $;0,00 $;5,68 $;-21198,68 $;0,00 $;100,00%;314,32 $;314,32 $;0,00 $;314,32 $;0,00 $;210,00;805,00 $;340,00 $;25,68 $;0,07%;
15/09/2021;1;-14224,64 $;724,32 $;724,32 $;0,00 $;5,68 $;-20474,36 $;0,00 $;100,00%;724,32 $;724,32 $;0,00 $;724,32 $;0,00 $;240,00;195,00 $;990,00 $;265,68 $;0,07%;
16/09/2021;1;-13975,32 $;249,32 $;249,32 $;0,00 $;5,68 $;-20225,04 $;0,00 $;100,00%;249,32 $;249,32 $;0,00 $;249,32 $;0,00 $;210,00;240,00 $;855,00 $;605,68 $;0,07%;
20/09/2021;1;-13861,00 $;114,32 $;114,32 $;0,00 $;5,68 $;-20110,72 $;0,00 $;100,00%;114,32 $;114,32 $;0,00 $;114,32 $;0,00 $;210,00;1375,00 $;530,00 $;415,68 $;0,07%;
21/09/2021;1;-14491,68 $;-630,68 $;0,00 $;-630,68 $;5,68 $;-20741,40 $;-630,68 $;0,00%;-630,68 $;0,00 $;-630,68 $;0,00 $;-630,68 $;150,00;830,00 $;435,00 $;1065,68 $;0,07%;
22/09/2021;1;-14212,36 $;279,32 $;279,32 $;0,00 $;5,68 $;-20462,08 $;0,00 $;100,00%;279,32 $;279,32 $;0,00 $;279,32 $;0,00 $;240,00;560,00 $;725,00 $;445,68 $;0,07%;
23/09/2021;1;-14028,04 $;184,32 $;184,32 $;0,00 $;5,68 $;-20277,76 $;0,00 $;100,00%;184,32 $;184,32 $;0,00 $;184,32 $;0,00 $;240,00;40,00 $;545,00 $;360,68 $;0,07%;
24/09/2021;1;-13748,72 $;279,32 $;279,32 $;0,00 $;5,68 $;-19998,44 $;0,00 $;100,00%;279,32 $;279,32 $;0,00 $;279,32 $;0,00 $;210,00;125,00 $;485,00 $;205,68 $;0,07%;
27/09/2021;1;-13994,40 $;-245,68 $;0,00 $;-245,68 $;5,68 $;-20244,12 $;-245,68 $;0,00%;-245,68 $;0,00 $;-245,68 $;0,00 $;-245,68 $;240,00;340,00 $;135,00 $;380,68 $;0,07%;
29/09/2021;1;-14410,08 $;-415,68 $;0,00 $;-415,68 $;5,68 $;-20659,80 $;-415,68 $;0,00%;-415,68 $;0,00 $;-415,68 $;0,00 $;-415,68 $;30,00;785,00 $;30,00 $;445,68 $;0,07%;
30/09/2021;1;-15600,76 $;-1190,68 $;0,00 $;-1190,68 $;5,68 $;-21850,48 $;-1190,68 $;0,00%;-1190,68 $;0,00 $;-1190,68 $;0,00 $;-1190,68 $;240,00;2005,00 $;0,00 $;1190,68 $;0,07%;
04/10/2021;1;-15051,44 $;549,32 $;549,32 $;0,00 $;5,68 $;-21301,16 $;0,00 $;100,00%;549,32 $;549,32 $;0,00 $;549,32 $;0,00 $;150,00;0,00 $;745,00 $;195,68 $;0,07%;
05/10/2021;1;-15152,12 $;-100,68 $;0,00 $;-100,68 $;5,68 $;-21401,84 $;-100,68 $;0,00%;-100,68 $;0,00 $;-100,68 $;0,00 $;-100,68 $;240,00;485,00 $;210,00 $;310,68 $;0,07%;
06/10/2021;1;-13252,80 $;1899,32 $;1899,32 $;0,00 $;5,68 $;-19502,52 $;0,00 $;100,00%;1899,32 $;1899,32 $;0,00 $;1899,32 $;0,00 $;240,00;225,00 $;2055,00 $;155,68 $;0,07%;
07/10/2021;1;-13753,48 $;-500,68 $;0,00 $;-500,68 $;5,68 $;-20003,20 $;-500,68 $;0,00%;-500,68 $;0,00 $;-500,68 $;0,00 $;-500,68 $;240,00;830,00 $;270,00 $;770,68 $;0,07%;
08/10/2021;1;-13719,16 $;34,32 $;34,32 $;0,00 $;5,68 $;-19968,88 $;0,00 $;100,00%;34,32 $;34,32 $;0,00 $;34,32 $;0,00 $;210,00;195,00 $;610,00 $;575,68 $;0,07%;
11/10/2021;1;-15354,84 $;-1635,68 $;0,00 $;-1635,68 $;5,68 $;-21604,56 $;-1635,68 $;0,00%;-1635,68 $;0,00 $;-1635,68 $;0,00 $;-1635,68 $;240,00;1645,00 $;350,00 $;1985,68 $;0,07%;
12/10/2021;1;-16470,52 $;-1115,68 $;0,00 $;-1115,68 $;5,68 $;-22720,24 $;-1115,68 $;0,00%;-1115,68 $;0,00 $;-1115,68 $;0,00 $;-1115,68 $;210,00;1160,00 $;40,00 $;1155,68 $;0,07%;
13/10/2021;1;-15701,20 $;769,32 $;769,32 $;0,00 $;5,68 $;-21950,92 $;0,00 $;100,00%;769,32 $;769,32 $;0,00 $;769,32 $;0,00 $;240,00;120,00 $;1275,00 $;505,68 $;0,07%;
15/10/2021;1;-15141,88 $;559,32 $;559,32 $;0,00 $;5,68 $;-21391,60 $;0,00 $;100,00%;559,32 $;559,32 $;0,00 $;559,32 $;0,00 $;210,00;70,00 $;665,00 $;105,68 $;0,07%;
18/10/2021;1;-15347,56 $;-205,68 $;0,00 $;-205,68 $;5,68 $;-21597,28 $;-205,68 $;0,00%;-205,68 $;0,00 $;-205,68 $;0,00 $;-205,68 $;240,00;345,00 $;155,00 $;360,68 $;0,07%;
19/10/2021;1;-15348,24 $;-0,68 $;0,00 $;-0,68 $;5,68 $;-21597,96 $;-0,68 $;0,00%;-0,68 $;0,00 $;-0,68 $;0,00 $;-0,68 $;240,00;325,00 $;140,00 $;140,68 $;0,07%;
20/10/2021;1;-15328,92 $;19,32 $;19,32 $;0,00 $;5,68 $;-21578,64 $;0,00 $;100,00%;19,32 $;19,32 $;0,00 $;19,32 $;0,00 $;240,00;115,00 $;430,00 $;410,68 $;0,07%;
21/10/2021;1;-14719,60 $;609,32 $;609,32 $;0,00 $;5,68 $;-20969,32 $;0,00 $;100,00%;609,32 $;609,32 $;0,00 $;609,32 $;0,00 $;240,00;80,00 $;625,00 $;15,68 $;0,07%;
22/10/2021;1;-14330,28 $;389,32 $;389,32 $;0,00 $;5,68 $;-20580,00 $;0,00 $;100,00%;389,32 $;389,32 $;0,00 $;389,32 $;0,00 $;240,00;295,00 $;835,00 $;445,68 $;0,07%;
26/10/2021;1;-14420,96 $;-90,68 $;0,00 $;-90,68 $;5,68 $;-20670,68 $;-90,68 $;0,00%;-90,68 $;0,00 $;-90,68 $;0,00 $;-90,68 $;90,00;265,00 $;300,00 $;390,68 $;0,07%;
27/10/2021;1;-14626,64 $;-205,68 $;0,00 $;-205,68 $;5,68 $;-20876,36 $;-205,68 $;0,00%;-205,68 $;0,00 $;-205,68 $;0,00 $;-205,68 $;240,00;495,00 $;320,00 $;525,68 $;0,07%;
28/10/2021;1;-14767,32 $;-140,68 $;0,00 $;-140,68 $;5,68 $;-21017,04 $;-140,68 $;0,00%;-140,68 $;0,00 $;-140,68 $;0,00 $;-140,68 $;240,00;275,00 $;200,00 $;340,68 $;0,07%;
29/10/2021;1;-14068,00 $;699,32 $;699,32 $;0,00 $;5,68 $;-20317,72 $;0,00 $;100,00%;699,32 $;699,32 $;0,00 $;699,32 $;0,00 $;90,00;40,00 $;735,00 $;35,68 $;0,07%;
01/11/2021;1;-13943,68 $;124,32 $;124,32 $;0,00 $;5,68 $;-20193,40 $;0,00 $;100,00%;124,32 $;124,32 $;0,00 $;124,32 $;0,00 $;210,00;310,00 $;230,00 $;105,68 $;0,07%;
02/11/2021;1;-14019,36 $;-75,68 $;0,00 $;-75,68 $;5,68 $;-20269,08 $;-75,68 $;0,00%;-75,68 $;0,00 $;-75,68 $;0,00 $;-75,68 $;210,00;95,00 $;225,00 $;300,68 $;0,07%;
03/11/2021;1;-13060,04 $;959,32 $;959,32 $;0,00 $;5,68 $;-19309,76 $;0,00 $;100,00%;959,32 $;959,32 $;0,00 $;959,32 $;0,00 $;210,00;305,00 $;1170,00 $;210,68 $;0,07%;
04/11/2021;1;-12855,72 $;204,32 $;204,32 $;0,00 $;5,68 $;-19105,44 $;0,00 $;100,00%;204,32 $;204,32 $;0,00 $;204,32 $;0,00 $;150,00;395,00 $;365,00 $;160,68 $;0,07%;
05/11/2021;1;-13146,40 $;-290,68 $;0,00 $;-290,68 $;5,68 $;-19396,12 $;-290,68 $;0,00%;-290,68 $;0,00 $;-290,68 $;0,00 $;-290,68 $;210,00;820,00 $;160,00 $;450,68 $;0,07%;
08/11/2021;1;-12982,08 $;164,32 $;164,32 $;0,00 $;5,68 $;-19231,80 $;0,00 $;100,00%;164,32 $;164,32 $;0,00 $;164,32 $;0,00 $;150,00;45,00 $;410,00 $;245,68 $;0,07%;
09/11/2021;1;-12822,76 $;159,32 $;159,32 $;0,00 $;5,68 $;-19072,48 $;0,00 $;100,00%;159,32 $;159,32 $;0,00 $;159,32 $;0,00 $;150,00;320,00 $;365,00 $;205,68 $;0,07%;
12/11/2021;1;-12703,44 $;119,32 $;119,32 $;0,00 $;5,68 $;-18953,16 $;0,00 $;100,00%;119,32 $;119,32 $;0,00 $;119,32 $;0,00 $;240,00;195,00 $;220,00 $;100,68 $;0,07%;
15/11/2021;1;-12679,12 $;24,32 $;24,32 $;0,00 $;5,68 $;-18928,84 $;0,00 $;100,00%;24,32 $;24,32 $;0,00 $;24,32 $;0,00 $;210,00;345,00 $;225,00 $;200,68 $;0,07%;
16/11/2021;1;-13069,80 $;-390,68 $;0,00 $;-390,68 $;5,68 $;-19319,52 $;-390,68 $;0,00%;-390,68 $;0,00 $;-390,68 $;0,00 $;-390,68 $;90,00;555,00 $;30,00 $;420,68 $;0,07%;
17/11/2021;1;-12795,48 $;274,32 $;274,32 $;0,00 $;5,68 $;-19045,20 $;0,00 $;100,00%;274,32 $;274,32 $;0,00 $;274,32 $;0,00 $;240,00;180,00 $;385,00 $;110,68 $;0,07%;
18/11/2021;1;-12976,16 $;-180,68 $;0,00 $;-180,68 $;5,68 $;-19225,88 $;-180,68 $;0,00%;-180,68 $;0,00 $;-180,68 $;0,00 $;-180,68 $;210,00;340,00 $;35,00 $;215,68 $;0,07%;
19/11/2021;1;-13356,84 $;-380,68 $;0,00 $;-380,68 $;5,68 $;-19606,56 $;-380,68 $;0,00%;-380,68 $;0,00 $;-380,68 $;0,00 $;-380,68 $;210,00;760,00 $;190,00 $;570,68 $;0,07%;
22/11/2021;1;-13512,52 $;-155,68 $;0,00 $;-155,68 $;5,68 $;-19762,24 $;-155,68 $;0,00%;-155,68 $;0,00 $;-155,68 $;0,00 $;-155,68 $;240,00;720,00 $;155,00 $;310,68 $;0,07%;
23/11/2021;1;-12848,20 $;664,32 $;664,32 $;0,00 $;5,68 $;-19097,92 $;0,00 $;100,00%;664,32 $;664,32 $;0,00 $;664,32 $;0,00 $;210,00;330,00 $;945,00 $;280,68 $;0,07%;
24/11/2021;1;-12603,88 $;244,32 $;244,32 $;0,00 $;5,68 $;-18853,60 $;0,00 $;100,00%;244,32 $;244,32 $;0,00 $;244,32 $;0,00 $;240,00;435,00 $;285,00 $;40,68 $;0,07%;
25/11/2021;1;-12669,56 $;-65,68 $;0,00 $;-65,68 $;5,68 $;-18919,28 $;-65,68 $;0,00%;-65,68 $;0,00 $;-65,68 $;0,00 $;-65,68 $;30,00;80,00 $;80,00 $;145,68 $;0,07%;
29/11/2021;1;-12920,24 $;-250,68 $;0,00 $;-250,68 $;5,68 $;-19169,96 $;-250,68 $;0,00%;-250,68 $;0,00 $;-250,68 $;0,00 $;-250,68 $;150,00;575,00 $;90,00 $;340,68 $;0,07%;
30/11/2021;1;-13655,92 $;-735,68 $;0,00 $;-735,68 $;5,68 $;-19905,64 $;-735,68 $;0,00%;-735,68 $;0,00 $;-735,68 $;0,00 $;-735,68 $;240,00;965,00 $;195,00 $;930,68 $;0,07%;
02/12/2021;1;-13211,60 $;444,32 $;444,32 $;0,00 $;5,68 $;-19461,32 $;0,00 $;100,00%;444,32 $;444,32 $;0,00 $;444,32 $;0,00 $;240,00;715,00 $;815,00 $;370,68 $;0,07%;
06/12/2021;1;-12952,28 $;259,32 $;259,32 $;0,00 $;5,68 $;-19202,00 $;0,00 $;100,00%;259,32 $;259,32 $;0,00 $;259,32 $;0,00 $;240,00;225,00 $;870,00 $;610,68 $;0,07%;
07/12/2021;1;-13372,96 $;-420,68 $;0,00 $;-420,68 $;5,68 $;-19622,68 $;-420,68 $;0,00%;-420,68 $;0,00 $;-420,68 $;0,00 $;-420,68 $;240,00;420,00 $;80,00 $;500,68 $;0,07%;
08/12/2021;1;-12843,64 $;529,32 $;529,32 $;0,00 $;5,68 $;-19093,36 $;0,00 $;100,00%;529,32 $;529,32 $;0,00 $;529,32 $;0,00 $;240,00;230,00 $;590,00 $;60,68 $;0,07%;
10/12/2021;1;-12244,32 $;599,32 $;599,32 $;0,00 $;5,68 $;-18494,04 $;0,00 $;100,00%;599,32 $;599,32 $;0,00 $;599,32 $;0,00 $;240,00;75,00 $;690,00 $;90,68 $;0,07%;
13/12/2021;1;-12465,00 $;-220,68 $;0,00 $;-220,68 $;5,68 $;-18714,72 $;-220,68 $;0,00%;-220,68 $;0,00 $;-220,68 $;0,00 $;-220,68 $;90,00;495,00 $;310,00 $;530,68 $;0,07%;
14/12/2021;1;-12350,68 $;114,32 $;114,32 $;0,00 $;5,68 $;-18600,40 $;0,00 $;100,00%;114,32 $;114,32 $;0,00 $;114,32 $;0,00 $;240,00;735,00 $;140,00 $;25,68 $;0,07%;
15/12/2021;1;-10446,36 $;1904,32 $;1904,32 $;0,00 $;5,68 $;-16696,08 $;0,00 $;100,00%;1904,32 $;1904,32 $;0,00 $;1904,32 $;0,00 $;210,00;785,00 $;2065,00 $;160,68 $;0,07%;
17/12/2021;1;-10457,04 $;-10,68 $;0,00 $;-10,68 $;5,68 $;-16706,76 $;-10,68 $;0,00%;-10,68 $;0,00 $;-10,68 $;0,00 $;-10,68 $;210,00;620,00 $;740,00 $;750,68 $;0,07%;
21/12/2021;1;-9602,72 $;854,32 $;854,32 $;0,00 $;5,68 $;-15852,44 $;0,00 $;100,00%;854,32 $;854,32 $;0,00 $;854,32 $;0,00 $;240,00;45,00 $;1060,00 $;205,68 $;0,07%;
22/12/2021;1;-9408,40 $;194,32 $;194,32 $;0,00 $;5,68 $;-15658,12 $;0,00 $;100,00%;194,32 $;194,32 $;0,00 $;194,32 $;0,00 $;240,00;65,00 $;420,00 $;225,68 $;0,07%;
23/12/2021;1;-9044,08 $;364,32 $;364,32 $;0,00 $;5,68 $;-15293,80 $;0,00 $;100,00%;364,32 $;364,32 $;0,00 $;364,32 $;0,00 $;240,00;5,00 $;490,00 $;125,68 $;0,07%;
27/12/2021;1;-8704,76 $;339,32 $;339,32 $;0,00 $;5,68 $;-14954,48 $;0,00 $;100,00%;339,32 $;339,32 $;0,00 $;339,32 $;0,00 $;240,00;80,00 $;505,00 $;165,68 $;0,07%;
28/12/2021;1;-8490,44 $;214,32 $;214,32 $;0,00 $;5,68 $;-14740,16 $;0,00 $;100,00%;214,32 $;214,32 $;0,00 $;214,32 $;0,00 $;210,00;300,00 $;465,00 $;250,68 $;0,07%;
29/12/2021;1;-7906,12 $;584,32 $;584,32 $;0,00 $;5,68 $;-14155,84 $;0,00 $;100,00%;584,32 $;584,32 $;0,00 $;584,32 $;0,00 $;240,00;75,00 $;590,00 $;5,68 $;0,07%;
30/12/2021;1;-8031,80 $;-125,68 $;0,00 $;-125,68 $;5,68 $;-14281,52 $;-125,68 $;0,00%;-125,68 $;0,00 $;-125,68 $;0,00 $;-125,68 $;240,00;230,00 $;130,00 $;255,68 $;0,07%;
31/12/2021;1;-7762,48 $;269,32 $;269,32 $;0,00 $;5,68 $;-14012,20 $;0,00 $;100,00%;269,32 $;269,32 $;0,00 $;269,32 $;0,00 $;210,00;45,00 $;825,00 $;555,68 $;0,07%;
03/01/2022;1;-7508,16 $;254,32 $;254,32 $;0,00 $;5,68 $;-13757,88 $;0,00 $;100,00%;254,32 $;254,32 $;0,00 $;254,32 $;0,00 $;90,00;65,00 $;485,00 $;230,68 $;0,07%;
04/01/2022;1;-7263,84 $;244,32 $;244,32 $;0,00 $;5,68 $;-13513,56 $;0,00 $;100,00%;244,32 $;244,32 $;0,00 $;244,32 $;0,00 $;240,00;465,00 $;275,00 $;30,68 $;0,07%;
05/01/2022;1;-8999,52 $;-1735,68 $;0,00 $;-1735,68 $;5,68 $;-15249,24 $;-1735,68 $;0,00%;-1735,68 $;0,00 $;-1735,68 $;0,00 $;-1735,68 $;240,00;1800,00 $;395,00 $;2130,68 $;0,07%;
06/01/2022;1;-8920,20 $;79,32 $;79,32 $;0,00 $;5,68 $;-15169,92 $;0,00 $;100,00%;79,32 $;79,32 $;0,00 $;79,32 $;0,00 $;240,00;245,00 $;815,00 $;735,68 $;0,07%;
07/01/2022;1;-8500,88 $;419,32 $;419,32 $;0,00 $;5,68 $;-14750,60 $;0,00 $;100,00%;419,32 $;419,32 $;0,00 $;419,32 $;0,00 $;240,00;55,00 $;755,00 $;335,68 $;0,07%;
10/01/2022;1;-6996,56 $;1504,32 $;1504,32 $;0,00 $;5,68 $;-13246,28 $;0,00 $;100,00%;1504,32 $;1504,32 $;0,00 $;1504,32 $;0,00 $;210,00;130,00 $;1615,00 $;110,68 $;0,07%;
11/01/2022;1;-5912,24 $;1084,32 $;1084,32 $;0,00 $;5,68 $;-12161,96 $;0,00 $;100,00%;1084,32 $;1084,32 $;0,00 $;1084,32 $;0,00 $;240,00;115,00 $;1225,00 $;140,68 $;0,07%;
12/01/2022;1;-5997,92 $;-85,68 $;0,00 $;-85,68 $;5,68 $;-12247,64 $;-85,68 $;0,00%;-85,68 $;0,00 $;-85,68 $;0,00 $;-85,68 $;240,00;340,00 $;510,00 $;595,68 $;0,07%;
13/01/2022;1;-7078,60 $;-1080,68 $;0,00 $;-1080,68 $;5,68 $;-13328,32 $;-1080,68 $;0,00%;-1080,68 $;0,00 $;-1080,68 $;0,00 $;-1080,68 $;210,00;1260,00 $;535,00 $;1615,68 $;0,07%;
14/01/2022;1;-6794,28 $;284,32 $;284,32 $;0,00 $;5,68 $;-13044,00 $;0,00 $;100,00%;284,32 $;284,32 $;0,00 $;284,32 $;0,00 $;240,00;685,00 $;590,00 $;305,68 $;0,07%;
18/01/2022;1;-6799,96 $;-5,68 $;0,00 $;-5,68 $;5,68 $;-13049,68 $;-5,68 $;0,00%;-5,68 $;0,00 $;-5,68 $;0,00 $;-5,68 $;240,00;700,00 $;635,00 $;640,68 $;0,07%;
19/01/2022;1;-8325,64 $;-1525,68 $;0,00 $;-1525,68 $;5,68 $;-14575,36 $;-1525,68 $;0,00%;-1525,68 $;0,00 $;-1525,68 $;0,00 $;-1525,68 $;150,00;1790,00 $;155,00 $;1680,68 $;0,07%;
20/01/2022;1;-10511,32 $;-2185,68 $;0,00 $;-2185,68 $;5,68 $;-16761,04 $;-2185,68 $;0,00%;-2185,68 $;0,00 $;-2185,68 $;0,00 $;-2185,68 $;240,00;2325,00 $;115,00 $;2300,68 $;0,07%;
21/01/2022;1;-12422,00 $;-1910,68 $;0,00 $;-1910,68 $;5,68 $;-18671,72 $;-1910,68 $;0,00%;-1910,68 $;0,00 $;-1910,68 $;0,00 $;-1910,68 $;210,00;1970,00 $;175,00 $;2085,68 $;0,07%;
24/01/2022;1;-6727,68 $;5694,32 $;5694,32 $;0,00 $;5,68 $;-12977,40 $;0,00 $;100,00%;5694,32 $;5694,32 $;0,00 $;5694,32 $;0,00 $;210,00;530,00 $;6000,00 $;305,68 $;0,07%;
25/01/2022;1;-5438,36 $;1289,32 $;1289,32 $;0,00 $;5,68 $;-11688,08 $;0,00 $;100,00%;1289,32 $;1289,32 $;0,00 $;1289,32 $;0,00 $;240,00;1015,00 $;2665,00 $;1375,68 $;0,07%;
28/01/2022;1;-3279,04 $;2159,32 $;2159,32 $;0,00 $;5,68 $;-9528,76 $;0,00 $;100,00%;2159,32 $;2159,32 $;0,00 $;2159,32 $;0,00 $;210,00;1145,00 $;2390,00 $;230,68 $;0,07%;
31/01/2022;1;-1934,72 $;1344,32 $;1344,32 $;0,00 $;5,68 $;-8184,44 $;0,00 $;100,00%;1344,32 $;1344,32 $;0,00 $;1344,32 $;0,00 $;240,00;145,00 $;1695,00 $;350,68 $;0,07%;
01/02/2022;1;-760,40 $;1174,32 $;1174,32 $;0,00 $;5,68 $;-7010,12 $;0,00 $;100,00%;1174,32 $;1174,32 $;0,00 $;1174,32 $;0,00 $;210,00;320,00 $;1485,00 $;310,68 $;0,07%;
04/02/2022;1;-726,08 $;34,32 $;34,32 $;0,00 $;5,68 $;-6975,80 $;0,00 $;100,00%;34,32 $;34,32 $;0,00 $;34,32 $;0,00 $;210,00;180,00 $;1425,00 $;1390,68 $;0,07%;
07/02/2022;1;-401,76 $;324,32 $;324,32 $;0,00 $;5,68 $;-6651,48 $;0,00 $;100,00%;324,32 $;324,32 $;0,00 $;324,32 $;0,00 $;240,00;830,00 $;880,00 $;555,68 $;0,07%;
08/02/2022;1;147,56 $;549,32 $;549,32 $;0,00 $;5,68 $;-6102,16 $;0,00 $;100,00%;549,32 $;549,32 $;0,00 $;549,32 $;0,00 $;210,00;555,00 $;780,00 $;230,68 $;0,07%;
09/02/2022;1;186,88 $;39,32 $;39,32 $;0,00 $;5,68 $;-6062,84 $;0,00 $;100,00%;39,32 $;39,32 $;0,00 $;39,32 $;0,00 $;240,00;355,00 $;325,00 $;285,68 $;0,07%;
10/02/2022;1;-1608,80 $;-1795,68 $;0,00 $;-1795,68 $;5,68 $;-7858,52 $;-1795,68 $;0,00%;-1795,68 $;0,00 $;-1795,68 $;0,00 $;-1795,68 $;240,00;2110,00 $;565,00 $;2360,68 $;0,07%;
14/02/2022;1;-1859,48 $;-250,68 $;0,00 $;-250,68 $;5,68 $;-8109,20 $;-250,68 $;0,00%;-250,68 $;0,00 $;-250,68 $;0,00 $;-250,68 $;150,00;1530,00 $;230,00 $;480,68 $;0,07%;
15/02/2022;1;-1875,16 $;-15,68 $;0,00 $;-15,68 $;5,68 $;-8124,88 $;-15,68 $;0,00%;-15,68 $;0,00 $;-15,68 $;0,00 $;-15,68 $;240,00;485,00 $;430,00 $;445,68 $;0,07%;
16/02/2022;1;-910,84 $;964,32 $;964,32 $;0,00 $;5,68 $;-7160,56 $;0,00 $;100,00%;964,32 $;964,32 $;0,00 $;964,32 $;0,00 $;240,00;775,00 $;1080,00 $;115,68 $;0,07%;
22/02/2022;2;-1307,20 $;-396,36 $;0,00 $;-396,36 $;11,36 $;-7556,92 $;-396,36 $;0,00%;-198,18 $;0,00 $;-198,18 $;0,00 $;-355,68 $;270,00;1107,50 $;287,50 $;485,68 $;0,14%;
24/02/2022;1;1962,12 $;3269,32 $;3269,32 $;0,00 $;5,68 $;-4287,60 $;0,00 $;100,00%;3269,32 $;3269,32 $;0,00 $;3269,32 $;0,00 $;210,00;395,00 $;4130,00 $;860,68 $;0,07%;
25/02/2022;1;2841,44 $;879,32 $;879,32 $;0,00 $;5,68 $;-3408,28 $;0,00 $;100,00%;879,32 $;879,32 $;0,00 $;879,32 $;0,00 $;240,00;215,00 $;1380,00 $;500,68 $;0,07%;
28/02/2022;2;1515,08 $;-1326,36 $;9,32 $;-1335,68 $;11,36 $;-4743,96 $;-1335,68 $;50,00%;-663,18 $;9,32 $;-1335,68 $;9,32 $;-1335,68 $;270,00;1205,00 $;105,00 $;768,18 $;0,14%;
01/03/2022;1;1919,40 $;404,32 $;404,32 $;0,00 $;5,68 $;-4330,32 $;0,00 $;100,00%;404,32 $;404,32 $;0,00 $;404,32 $;0,00 $;90,00;915,00 $;695,00 $;290,68 $;0,07%;
02/03/2022;1;1728,72 $;-190,68 $;0,00 $;-190,68 $;5,68 $;-4521,00 $;-190,68 $;0,00%;-190,68 $;0,00 $;-190,68 $;0,00 $;-190,68 $;210,00;220,00 $;620,00 $;810,68 $;0,07%;
03/03/2022;1;2253,04 $;524,32 $;524,32 $;0,00 $;5,68 $;-3996,68 $;0,00 $;100,00%;524,32 $;524,32 $;0,00 $;524,32 $;0,00 $;240,00;310,00 $;1505,00 $;980,68 $;0,07%;
04/03/2022;1;2932,36 $;679,32 $;679,32 $;0,00 $;5,68 $;-3317,36 $;0,00 $;100,00%;679,32 $;679,32 $;0,00 $;679,32 $;0,00 $;240,00;320,00 $;1610,00 $;930,68 $;0,07%;
07/03/2022;1;1576,68 $;-1355,68 $;0,00 $;-1355,68 $;5,68 $;-4673,04 $;-1355,68 $;0,00%;-1355,68 $;0,00 $;-1355,68 $;0,00 $;-1355,68 $;90,00;1370,00 $;110,00 $;1465,68 $;0,07%;
08/03/2022;1;-1494,00 $;-3070,68 $;0,00 $;-3070,68 $;5,68 $;-7743,72 $;-3070,68 $;0,00%;-3070,68 $;0,00 $;-3070,68 $;0,00 $;-3070,68 $;150,00;3240,00 $;0,00 $;3070,68 $;0,07%;
09/03/2022;1;-1674,68 $;-180,68 $;0,00 $;-180,68 $;5,68 $;-7924,40 $;-180,68 $;0,00%;-180,68 $;0,00 $;-180,68 $;0,00 $;-180,68 $;0,00;290,00 $;40,00 $;220,68 $;0,07%;
10/03/2022;1;-235,36 $;1439,32 $;1439,32 $;0,00 $;5,68 $;-6485,08 $;0,00 $;100,00%;1439,32 $;1439,32 $;0,00 $;1439,32 $;0,00 $;240,00;150,00 $;1720,00 $;280,68 $;0,07%;
11/03/2022;1;-1551,04 $;-1315,68 $;0,00 $;-1315,68 $;5,68 $;-7800,76 $;-1315,68 $;0,00%;-1315,68 $;0,00 $;-1315,68 $;0,00 $;-1315,68 $;240,00;1350,00 $;15,00 $;1330,68 $;0,07%;
14/03/2022;1;-3201,72 $;-1650,68 $;0,00 $;-1650,68 $;5,68 $;-9451,44 $;-1650,68 $;0,00%;-1650,68 $;0,00 $;-1650,68 $;0,00 $;-1650,68 $;240,00;2395,00 $;15,00 $;1665,68 $;0,07%;
15/03/2022;2;-1938,08 $;1263,64 $;1304,32 $;-40,68 $;11,36 $;-8187,80 $;-40,68 $;50,00%;631,82 $;1304,32 $;-40,68 $;1304,32 $;-40,68 $;270,00;295,00 $;767,50 $;135,68 $;0,14%;
16/03/2022;2;-2079,44 $;-141,36 $;54,32 $;-195,68 $;11,36 $;-8383,48 $;-195,68 $;50,00%;-70,68 $;54,32 $;-195,68 $;54,32 $;-195,68 $;270,00;1395,00 $;230,00 $;300,68 $;0,14%;
17/03/2022;1;-1860,12 $;219,32 $;219,32 $;0,00 $;5,68 $;-8109,84 $;0,00 $;100,00%;219,32 $;219,32 $;0,00 $;219,32 $;0,00 $;150,00;160,00 $;1005,00 $;785,68 $;0,07%;
18/03/2022;1;-215,80 $;1644,32 $;1644,32 $;0,00 $;5,68 $;-6465,52 $;0,00 $;100,00%;1644,32 $;1644,32 $;0,00 $;1644,32 $;0,00 $;240,00;190,00 $;1695,00 $;50,68 $;0,07%;
22/03/2022;1;133,52 $;349,32 $;349,32 $;0,00 $;5,68 $;-6116,20 $;0,00 $;100,00%;349,32 $;349,32 $;0,00 $;349,32 $;0,00 $;90,00;80,00 $;675,00 $;325,68 $;0,07%;
23/03/2022;1;-347,16 $;-480,68 $;0,00 $;-480,68 $;5,68 $;-6596,88 $;-480,68 $;0,00%;-480,68 $;0,00 $;-480,68 $;0,00 $;-480,68 $;240,00;990,00 $;60,00 $;540,68 $;0,07%;
24/03/2022;2;46,48 $;393,64 $;464,32 $;-70,68 $;11,36 $;-6203,24 $;-70,68 $;50,00%;196,82 $;464,32 $;-70,68 $;464,32 $;-70,68 $;270,00;250,00 $;277,50 $;80,68 $;0,14%;
25/03/2022;1;610,80 $;564,32 $;564,32 $;0,00 $;5,68 $;-5638,92 $;0,00 $;100,00%;564,32 $;564,32 $;0,00 $;564,32 $;0,00 $;210,00;370,00 $;695,00 $;130,68 $;0,07%;
28/03/2022;1;2485,12 $;1874,32 $;1874,32 $;0,00 $;5,68 $;-3764,60 $;0,00 $;100,00%;1874,32 $;1874,32 $;0,00 $;1874,32 $;0,00 $;210,00;15,00 $;2000,00 $;125,68 $;0,07%;
29/03/2022;2;2843,76 $;358,64 $;358,64 $;0,00 $;11,36 $;-3420,28 $;0,00 $;100,00%;179,32 $;179,32 $;0,00 $;344,32 $;0,00 $;240,00;470,00 $;247,50 $;68,18 $;0,14%;
31/03/2022;1;1403,08 $;-1440,68 $;0,00 $;-1440,68 $;5,68 $;-4846,64 $;-1440,68 $;0,00%;-1440,68 $;0,00 $;-1440,68 $;0,00 $;-1440,68 $;210,00;1850,00 $;105,00 $;1545,68 $;0,07%;
01/04/2022;1;2277,40 $;874,32 $;874,32 $;0,00 $;5,68 $;-3972,32 $;0,00 $;100,00%;874,32 $;874,32 $;0,00 $;874,32 $;0,00 $;210,00;400,00 $;1165,00 $;290,68 $;0,07%;
04/04/2022;1;2561,72 $;284,32 $;284,32 $;0,00 $;5,68 $;-3688,00 $;0,00 $;100,00%;284,32 $;284,32 $;0,00 $;284,32 $;0,00 $;240,00;150,00 $;515,00 $;230,68 $;0,07%;
06/04/2022;1;2446,04 $;-115,68 $;0,00 $;-115,68 $;5,68 $;-3803,68 $;-115,68 $;0,00%;-115,68 $;0,00 $;-115,68 $;0,00 $;-115,68 $;0,00;135,00 $;30,00 $;145,68 $;0,07%;
08/04/2022;1;2510,36 $;64,32 $;64,32 $;0,00 $;5,68 $;-3739,36 $;0,00 $;100,00%;64,32 $;64,32 $;0,00 $;64,32 $;0,00 $;240,00;415,00 $;515,00 $;450,68 $;0,07%;
11/04/2022;1;2629,68 $;119,32 $;119,32 $;0,00 $;5,68 $;-3620,04 $;0,00 $;100,00%;119,32 $;119,32 $;0,00 $;119,32 $;0,00 $;0,00;35,00 $;145,00 $;25,68 $;0,07%;
12/04/2022;1;414,00 $;-2215,68 $;0,00 $;-2215,68 $;5,68 $;-5835,72 $;-2215,68 $;0,00%;-2215,68 $;0,00 $;-2215,68 $;0,00 $;-2215,68 $;240,00;2360,00 $;170,00 $;2385,68 $;0,07%;
13/04/2022;1;1168,32 $;754,32 $;754,32 $;0,00 $;5,68 $;-5081,40 $;0,00 $;100,00%;754,32 $;754,32 $;0,00 $;754,32 $;0,00 $;240,00;350,00 $;850,00 $;95,68 $;0,07%;
14/04/2022;1;682,64 $;-485,68 $;0,00 $;-485,68 $;5,68 $;-5567,08 $;-485,68 $;0,00%;-485,68 $;0,00 $;-485,68 $;0,00 $;-485,68 $;150,00;725,00 $;660,00 $;1145,68 $;0,07%;
19/04/2022;1;1221,96 $;539,32 $;539,32 $;0,00 $;5,68 $;-5027,76 $;0,00 $;100,00%;539,32 $;539,32 $;0,00 $;539,32 $;0,00 $;240,00;380,00 $;670,00 $;130,68 $;0,07%;
20/04/2022;1;1561,28 $;339,32 $;339,32 $;0,00 $;5,68 $;-4688,44 $;0,00 $;100,00%;339,32 $;339,32 $;0,00 $;339,32 $;0,00 $;240,00;535,00 $;760,00 $;420,68 $;0,07%;
21/04/2022;1;315,60 $;-1245,68 $;0,00 $;-1245,68 $;5,68 $;-5934,12 $;-1245,68 $;0,00%;-1245,68 $;0,00 $;-1245,68 $;0,00 $;-1245,68 $;90,00;1430,00 $;455,00 $;1700,68 $;0,07%;
25/04/2022;1;2324,92 $;2009,32 $;2009,32 $;0,00 $;5,68 $;-3924,80 $;0,00 $;100,00%;2009,32 $;2009,32 $;0,00 $;2009,32 $;0,00 $;150,00;520,00 $;2220,00 $;210,68 $;0,07%;
26/04/2022;1;1254,24 $;-1070,68 $;0,00 $;-1070,68 $;5,68 $;-4995,48 $;-1070,68 $;0,00%;-1070,68 $;0,00 $;-1070,68 $;0,00 $;-1070,68 $;150,00;1235,00 $;590,00 $;1660,68 $;0,07%;
27/04/2022;1;248,56 $;-1005,68 $;0,00 $;-1005,68 $;5,68 $;-6001,16 $;-1005,68 $;0,00%;-1005,68 $;0,00 $;-1005,68 $;0,00 $;-1005,68 $;150,00;1775,00 $;300,00 $;1305,68 $;0,07%;
28/04/2022;1;1482,88 $;1234,32 $;1234,32 $;0,00 $;5,68 $;-4766,84 $;0,00 $;100,00%;1234,32 $;1234,32 $;0,00 $;1234,32 $;0,00 $;210,00;20,00 $;2205,00 $;970,68 $;0,07%;
02/05/2022;1;1982,20 $;499,32 $;499,32 $;0,00 $;5,68 $;-4267,52 $;0,00 $;100,00%;499,32 $;499,32 $;0,00 $;499,32 $;0,00 $;240,00;1940,00 $;740,00 $;240,68 $;0,07%;
03/05/2022;2;1410,84 $;-571,36 $;59,32 $;-630,68 $;11,36 $;-4898,20 $;-630,68 $;50,00%;-285,68 $;59,32 $;-630,68 $;59,32 $;-630,68 $;270,00;817,50 $;220,00 $;505,68 $;0,14%;
04/05/2022;1;5380,16 $;3969,32 $;3969,32 $;0,00 $;5,68 $;-869,56 $;0,00 $;100,00%;3969,32 $;3969,32 $;0,00 $;3969,32 $;0,00 $;210,00;870,00 $;4470,00 $;500,68 $;0,07%;
06/05/2022;1;3939,48 $;-1440,68 $;0,00 $;-1440,68 $;5,68 $;-2310,24 $;-1440,68 $;0,00%;-1440,68 $;0,00 $;-1440,68 $;0,00 $;-1440,68 $;240,00;1910,00 $;325,00 $;1765,68 $;0,07%;
09/05/2022;1;3108,80 $;-830,68 $;0,00 $;-830,68 $;5,68 $;-3140,92 $;-830,68 $;0,00%;-830,68 $;0,00 $;-830,68 $;0,00 $;-830,68 $;150,00;1585,00 $;695,00 $;1525,68 $;0,07%;
10/05/2022;1;2923,12 $;-185,68 $;0,00 $;-185,68 $;5,68 $;-3326,60 $;-185,68 $;0,00%;-185,68 $;0,00 $;-185,68 $;0,00 $;-185,68 $;30,00;525,00 $;110,00 $;295,68 $;0,07%;
11/05/2022;1;702,44 $;-2220,68 $;0,00 $;-2220,68 $;5,68 $;-5547,28 $;-2220,68 $;0,00%;-2220,68 $;0,00 $;-2220,68 $;0,00 $;-2220,68 $;240,00;2955,00 $;680,00 $;2900,68 $;0,07%;
12/05/2022;1;-918,24 $;-1620,68 $;0,00 $;-1620,68 $;5,68 $;-7167,96 $;-1620,68 $;0,00%;-1620,68 $;0,00 $;-1620,68 $;0,00 $;-1620,68 $;240,00;2520,00 $;105,00 $;1725,68 $;0,07%;
13/05/2022;1;-933,92 $;-15,68 $;0,00 $;-15,68 $;5,68 $;-7183,64 $;-15,68 $;0,00%;-15,68 $;0,00 $;-15,68 $;0,00 $;-15,68 $;240,00;1885,00 $;230,00 $;245,68 $;0,07%;
16/05/2022;1;90,40 $;1024,32 $;1024,32 $;0,00 $;5,68 $;-6159,32 $;0,00 $;100,00%;1024,32 $;1024,32 $;0,00 $;1024,32 $;0,00 $;240,00;220,00 $;2150,00 $;1125,68 $;0,07%;
17/05/2022;1;99,72 $;9,32 $;9,32 $;0,00 $;5,68 $;-6150,00 $;0,00 $;100,00%;9,32 $;9,32 $;0,00 $;9,32 $;0,00 $;0,00;40,00 $;25,00 $;15,68 $;0,07%;
19/05/2022;1;549,04 $;449,32 $;449,32 $;0,00 $;5,68 $;-5700,68 $;0,00 $;100,00%;449,32 $;449,32 $;0,00 $;449,32 $;0,00 $;240,00;220,00 $;1985,00 $;1535,68 $;0,07%;
20/05/2022;1;723,36 $;174,32 $;174,32 $;0,00 $;5,68 $;-5526,36 $;0,00 $;100,00%;174,32 $;174,32 $;0,00 $;174,32 $;0,00 $;0,00;15,00 $;230,00 $;55,68 $;0,07%;
23/05/2022;1;497,68 $;-225,68 $;0,00 $;-225,68 $;5,68 $;-5752,04 $;-225,68 $;0,00%;-225,68 $;0,00 $;-225,68 $;0,00 $;-225,68 $;240,00;750,00 $;345,00 $;570,68 $;0,07%;
24/05/2022;1;2252,00 $;1754,32 $;1754,32 $;0,00 $;5,68 $;-3997,72 $;0,00 $;100,00%;1754,32 $;1754,32 $;0,00 $;1754,32 $;0,00 $;150,00;285,00 $;1940,00 $;185,68 $;0,07%;
25/05/2022;2;3290,64 $;1038,64 $;1038,64 $;0,00 $;11,36 $;-3098,40 $;0,00 $;100,00%;519,32 $;519,32 $;0,00 $;899,32 $;0,00 $;240,00;710,00 $;717,50 $;198,18 $;0,14%;
26/05/2022;1;3534,96 $;244,32 $;244,32 $;0,00 $;5,68 $;-2714,76 $;0,00 $;100,00%;244,32 $;244,32 $;0,00 $;244,32 $;0,00 $;240,00;260,00 $;810,00 $;565,68 $;0,07%;
30/05/2022;1;3554,28 $;19,32 $;19,32 $;0,00 $;5,68 $;-2695,44 $;0,00 $;100,00%;19,32 $;19,32 $;0,00 $;19,32 $;0,00 $;30,00;210,00 $;235,00 $;215,68 $;0,07%;
31/05/2022;1;3353,60 $;-200,68 $;0,00 $;-200,68 $;5,68 $;-2896,12 $;-200,68 $;0,00%;-200,68 $;0,00 $;-200,68 $;0,00 $;-200,68 $;210,00;845,00 $;780,00 $;980,68 $;0,07%;
02/06/2022;1;4732,92 $;1379,32 $;1379,32 $;0,00 $;5,68 $;-1516,80 $;0,00 $;100,00%;1379,32 $;1379,32 $;0,00 $;1379,32 $;0,00 $;210,00;70,00 $;1445,00 $;65,68 $;0,07%;
06/06/2022;1;4702,24 $;-30,68 $;0,00 $;-30,68 $;5,68 $;-1547,48 $;-30,68 $;0,00%;-30,68 $;0,00 $;-30,68 $;0,00 $;-30,68 $;150,00;565,00 $;500,00 $;530,68 $;0,07%;
07/06/2022;1;5756,56 $;1054,32 $;1054,32 $;0,00 $;5,68 $;-493,16 $;0,00 $;100,00%;1054,32 $;1054,32 $;0,00 $;1054,32 $;0,00 $;240,00;395,00 $;1080,00 $;25,68 $;0,07%;
08/06/2022;1;4950,88 $;-805,68 $;0,00 $;-805,68 $;5,68 $;-1298,84 $;-805,68 $;0,00%;-805,68 $;0,00 $;-805,68 $;0,00 $;-805,68 $;240,00;1455,00 $;250,00 $;1055,68 $;0,07%;
10/06/2022;1;4750,20 $;-200,68 $;0,00 $;-200,68 $;5,68 $;-1499,52 $;-200,68 $;0,00%;-200,68 $;0,00 $;-200,68 $;0,00 $;-200,68 $;210,00;695,00 $;1020,00 $;1220,68 $;0,07%;
13/06/2022;1;4159,52 $;-590,68 $;0,00 $;-590,68 $;5,68 $;-2090,20 $;-590,68 $;0,00%;-590,68 $;0,00 $;-590,68 $;0,00 $;-590,68 $;150,00;1430,00 $;925,00 $;1515,68 $;0,07%;
14/06/2022;1;4398,84 $;239,32 $;239,32 $;0,00 $;5,68 $;-1850,88 $;0,00 $;100,00%;239,32 $;239,32 $;0,00 $;239,32 $;0,00 $;90,00;980,00 $;695,00 $;455,68 $;0,07%;
15/06/2022;2;6557,48 $;2158,64 $;2158,64 $;0,00 $;11,36 $;0,00 $;0,00 $;100,00%;1079,32 $;1079,32 $;0,00 $;2014,32 $;0,00 $;240,00;830,00 $;1180,00 $;100,68 $;0,14%;
16/06/2022;1;6351,80 $;-205,68 $;0,00 $;-205,68 $;5,68 $;-205,68 $;-205,68 $;0,00%;-205,68 $;0,00 $;-205,68 $;0,00 $;-205,68 $;240,00;1250,00 $;550,00 $;755,68 $;0,07%;
21/06/2022;1;7171,12 $;819,32 $;819,32 $;0,00 $;5,68 $;0,00 $;0,00 $;100,00%;819,32 $;819,32 $;0,00 $;819,32 $;0,00 $;240,00;335,00 $;1120,00 $;300,68 $;0,07%;
22/06/2022;1;6905,44 $;-265,68 $;0,00 $;-265,68 $;5,68 $;-265,68 $;-265,68 $;0,00%;-265,68 $;0,00 $;-265,68 $;0,00 $;-265,68 $;240,00;890,00 $;795,00 $;1060,68 $;0,07%;
23/06/2022;1;8189,76 $;1284,32 $;1284,32 $;0,00 $;5,68 $;0,00 $;0,00 $;100,00%;1284,32 $;1284,32 $;0,00 $;1284,32 $;0,00 $;210,00;455,00 $;1660,00 $;375,68 $;0,07%;
24/06/2022;1;8509,08 $;319,32 $;319,32 $;0,00 $;5,68 $;0,00 $;0,00 $;100,00%;319,32 $;319,32 $;0,00 $;319,32 $;0,00 $;240,00;200,00 $;350,00 $;30,68 $;0,07%;
27/06/2022;1;8408,40 $;-100,68 $;0,00 $;-100,68 $;5,68 $;-100,68 $;-100,68 $;0,00%;-100,68 $;0,00 $;-100,68 $;0,00 $;-100,68 $;210,00;700,00 $;320,00 $;420,68 $;0,07%;
28/06/2022;1;7397,72 $;-1010,68 $;0,00 $;-1010,68 $;5,68 $;-1111,36 $;-1010,68 $;0,00%;-1010,68 $;0,00 $;-1010,68 $;0,00 $;-1010,68 $;150,00;1295,00 $;75,00 $;1085,68 $;0,07%;
29/06/2022;1;8002,04 $;604,32 $;604,32 $;0,00 $;5,68 $;-507,04 $;0,00 $;100,00%;604,32 $;604,32 $;0,00 $;604,32 $;0,00 $;240,00;430,00 $;850,00 $;245,68 $;0,07%;
30/06/2022;1;7201,36 $;-800,68 $;0,00 $;-800,68 $;5,68 $;-1307,72 $;-800,68 $;0,00%;-800,68 $;0,00 $;-800,68 $;0,00 $;-800,68 $;210,00;1665,00 $;260,00 $;1060,68 $;0,07%;
01/07/2022;1;8965,68 $;1764,32 $;1764,32 $;0,00 $;5,68 $;0,00 $;0,00 $;100,00%;1764,32 $;1764,32 $;0,00 $;1764,32 $;0,00 $;240,00;480,00 $;1975,00 $;210,68 $;0,07%;
05/07/2022;1;11480,00 $;2514,32 $;2514,32 $;0,00 $;5,68 $;0,00 $;0,00 $;100,00%;2514,32 $;2514,32 $;0,00 $;2514,32 $;0,00 $;240,00;135,00 $;2610,00 $;95,68 $;0,07%;
06/07/2022;1;11739,32 $;259,32 $;259,32 $;0,00 $;5,68 $;0,00 $;0,00 $;100,00%;259,32 $;259,32 $;0,00 $;259,32 $;0,00 $;90,00;195,00 $;1005,00 $;745,68 $;0,07%;
07/07/2022;1;12268,64 $;529,32 $;529,32 $;0,00 $;5,68 $;0,00 $;0,00 $;100,00%;529,32 $;529,32 $;0,00 $;529,32 $;0,00 $;150,00;70,00 $;925,00 $;395,68 $;0,07%;
08/07/2022;1;11982,96 $;-285,68 $;0,00 $;-285,68 $;5,68 $;-285,68 $;-285,68 $;0,00%;-285,68 $;0,00 $;-285,68 $;0,00 $;-285,68 $;240,00;1175,00 $;90,00 $;375,68 $;0,07%;
11/07/2022;1;11922,28 $;-60,68 $;0,00 $;-60,68 $;5,68 $;-346,36 $;-60,68 $;0,00%;-60,68 $;0,00 $;-60,68 $;0,00 $;-60,68 $;210,00;530,00 $;780,00 $;840,68 $;0,07%;
12/07/2022;1;10301,60 $;-1620,68 $;0,00 $;-1620,68 $;5,68 $;-1967,04 $;-1620,68 $;0,00%;-1620,68 $;0,00 $;-1620,68 $;0,00 $;-1620,68 $;210,00;2230,00 $;270,00 $;1890,68 $;0,07%;
13/07/2022;1;9730,92 $;-570,68 $;0,00 $;-570,68 $;5,68 $;-2537,72 $;-570,68 $;0,00%;-570,68 $;0,00 $;-570,68 $;0,00 $;-570,68 $;210,00;655,00 $;695,00 $;1265,68 $;0,07%;
14/07/2022;1;11360,24 $;1629,32 $;1629,32 $;0,00 $;5,68 $;-908,40 $;0,00 $;100,00%;1629,32 $;1629,32 $;0,00 $;1629,32 $;0,00 $;240,00;345,00 $;1640,00 $;10,68 $;0,07%;
15/07/2022;1;11074,56 $;-285,68 $;0,00 $;-285,68 $;5,68 $;-1194,08 $;-285,68 $;0,00%;-285,68 $;0,00 $;-285,68 $;0,00 $;-285,68 $;240,00;565,00 $;90,00 $;375,68 $;0,07%;
18/07/2022;1;9653,88 $;-1420,68 $;0,00 $;-1420,68 $;5,68 $;-2614,76 $;-1420,68 $;0,00%;-1420,68 $;0,00 $;-1420,68 $;0,00 $;-1420,68 $;240,00;1430,00 $;320,00 $;1740,68 $;0,07%;
19/07/2022;1;10588,20 $;934,32 $;934,32 $;0,00 $;5,68 $;-1680,44 $;0,00 $;100,00%;934,32 $;934,32 $;0,00 $;934,32 $;0,00 $;240,00;235,00 $;1060,00 $;125,68 $;0,07%;
20/07/2022;1;10307,52 $;-280,68 $;0,00 $;-280,68 $;5,68 $;-1961,12 $;-280,68 $;0,00%;-280,68 $;0,00 $;-280,68 $;0,00 $;-280,68 $;210,00;1075,00 $;235,00 $;515,68 $;0,07%;
21/07/2022;1;11466,84 $;1159,32 $;1159,32 $;0,00 $;5,68 $;-801,80 $;0,00 $;100,00%;1159,32 $;1159,32 $;0,00 $;1159,32 $;0,00 $;240,00;90,00 $;1290,00 $;130,68 $;0,07%;
22/07/2022;1;9941,16 $;-1525,68 $;0,00 $;-1525,68 $;5,68 $;-2327,48 $;-1525,68 $;0,00%;-1525,68 $;0,00 $;-1525,68 $;0,00 $;-1525,68 $;240,00;1805,00 $;315,00 $;1840,68 $;0,07%;
26/07/2022;1;9735,48 $;-205,68 $;0,00 $;-205,68 $;5,68 $;-2533,16 $;-205,68 $;0,00%;-205,68 $;0,00 $;-205,68 $;0,00 $;-205,68 $;210,00;680,00 $;500,00 $;705,68 $;0,07%;
27/07/2022;1;11094,80 $;1359,32 $;1359,32 $;0,00 $;5,68 $;-1173,84 $;0,00 $;100,00%;1359,32 $;1359,32 $;0,00 $;1359,32 $;0,00 $;210,00;490,00 $;2230,00 $;870,68 $;0,07%;
29/07/2022;2;12568,44 $;1473,64 $;1514,32 $;-40,68 $;11,36 $;-40,68 $;-40,68 $;50,00%;736,82 $;1514,32 $;-40,68 $;1514,32 $;-40,68 $;270,00;45,00 $;787,50 $;50,68 $;0,14%;
01/08/2022;1;12012,76 $;-555,68 $;0,00 $;-555,68 $;5,68 $;-596,36 $;-555,68 $;0,00%;-555,68 $;0,00 $;-555,68 $;0,00 $;-555,68 $;240,00;1235,00 $;190,00 $;745,68 $;0,07%;
02/08/2022;1;10237,08 $;-1775,68 $;0,00 $;-1775,68 $;5,68 $;-2372,04 $;-1775,68 $;0,00%;-1775,68 $;0,00 $;-1775,68 $;0,00 $;-1775,68 $;210,00;1830,00 $;120,00 $;1895,68 $;0,07%;
03/08/2022;1;10001,40 $;-235,68 $;0,00 $;-235,68 $;5,68 $;-2607,72 $;-235,68 $;0,00%;-235,68 $;0,00 $;-235,68 $;0,00 $;-235,68 $;150,00;275,00 $;365,00 $;600,68 $;0,07%;
04/08/2022;1;10265,72 $;264,32 $;264,32 $;0,00 $;5,68 $;-2343,40 $;0,00 $;100,00%;264,32 $;264,32 $;0,00 $;264,32 $;0,00 $;240,00;310,00 $;390,00 $;125,68 $;0,07%;
05/08/2022;1;11210,04 $;944,32 $;944,32 $;0,00 $;5,68 $;-1399,08 $;0,00 $;100,00%;944,32 $;944,32 $;0,00 $;944,32 $;0,00 $;240,00;45,00 $;1190,00 $;245,68 $;0,07%;
08/08/2022;1;10314,36 $;-895,68 $;0,00 $;-895,68 $;5,68 $;-2294,76 $;-895,68 $;0,00%;-895,68 $;0,00 $;-895,68 $;0,00 $;-895,68 $;240,00;1150,00 $;30,00 $;925,68 $;0,07%;
09/08/2022;1;10003,68 $;-310,68 $;0,00 $;-310,68 $;5,68 $;-2605,44 $;-310,68 $;0,00%;-310,68 $;0,00 $;-310,68 $;0,00 $;-310,68 $;240,00;705,00 $;10,00 $;320,68 $;0,07%;
10/08/2022;1;9603,00 $;-400,68 $;0,00 $;-400,68 $;5,68 $;-3006,12 $;-400,68 $;0,00%;-400,68 $;0,00 $;-400,68 $;0,00 $;-400,68 $;240,00;720,00 $;70,00 $;470,68 $;0,07%;
11/08/2022;1;8707,32 $;-895,68 $;0,00 $;-895,68 $;5,68 $;-3901,80 $;-895,68 $;0,00%;-895,68 $;0,00 $;-895,68 $;0,00 $;-895,68 $;240,00;1090,00 $;230,00 $;1125,68 $;0,07%;
12/08/2022;1;9416,64 $;709,32 $;709,32 $;0,00 $;5,68 $;-3192,48 $;0,00 $;100,00%;709,32 $;709,32 $;0,00 $;709,32 $;0,00 $;210,00;60,00 $;800,00 $;90,68 $;0,07%;
15/08/2022;1;9405,96 $;-10,68 $;0,00 $;-10,68 $;5,68 $;-3203,16 $;-10,68 $;0,00%;-10,68 $;0,00 $;-10,68 $;0,00 $;-10,68 $;210,00;100,00 $;320,00 $;330,68 $;0,07%;
16/08/2022;1;9695,28 $;289,32 $;289,32 $;0,00 $;5,68 $;-2913,84 $;0,00 $;100,00%;289,32 $;289,32 $;0,00 $;289,32 $;0,00 $;240,00;130,00 $;1025,00 $;735,68 $;0,07%;
17/08/2022;1;9744,60 $;49,32 $;49,32 $;0,00 $;5,68 $;-2864,52 $;0,00 $;100,00%;49,32 $;49,32 $;0,00 $;49,32 $;0,00 $;30,00;295,00 $;75,00 $;25,68 $;0,07%;
18/08/2022;1;10338,92 $;594,32 $;594,32 $;0,00 $;5,68 $;-2270,20 $;0,00 $;100,00%;594,32 $;594,32 $;0,00 $;594,32 $;0,00 $;210,00;240,00 $;805,00 $;210,68 $;0,07%;
22/08/2022;1;10198,24 $;-140,68 $;0,00 $;-140,68 $;5,68 $;-2410,88 $;-140,68 $;0,00%;-140,68 $;0,00 $;-140,68 $;0,00 $;-140,68 $;150,00;655,00 $;0,00 $;140,68 $;0,07%;
23/08/2022;1;10307,56 $;109,32 $;109,32 $;0,00 $;5,68 $;-2301,56 $;0,00 $;100,00%;109,32 $;109,32 $;0,00 $;109,32 $;0,00 $;240,00;380,00 $;340,00 $;230,68 $;0,07%;
24/08/2022;1;10031,88 $;-275,68 $;0,00 $;-275,68 $;5,68 $;-2577,24 $;-275,68 $;0,00%;-275,68 $;0,00 $;-275,68 $;0,00 $;-275,68 $;240,00;765,00 $;275,00 $;550,68 $;0,07%;
25/08/2022;1;10866,20 $;834,32 $;834,32 $;0,00 $;5,68 $;-1742,92 $;0,00 $;100,00%;834,32 $;834,32 $;0,00 $;834,32 $;0,00 $;240,00;305,00 $;860,00 $;25,68 $;0,07%;
29/08/2022;1;11540,52 $;674,32 $;674,32 $;0,00 $;5,68 $;-1068,60 $;0,00 $;100,00%;674,32 $;674,32 $;0,00 $;674,32 $;0,00 $;240,00;85,00 $;1315,00 $;640,68 $;0,07%;
30/08/2022;1;11419,84 $;-120,68 $;0,00 $;-120,68 $;5,68 $;-1189,28 $;-120,68 $;0,00%;-120,68 $;0,00 $;-120,68 $;0,00 $;-120,68 $;210,00;1050,00 $;160,00 $;280,68 $;0,07%;
31/08/2022;1;10439,16 $;-980,68 $;0,00 $;-980,68 $;5,68 $;-2169,96 $;-980,68 $;0,00%;-980,68 $;0,00 $;-980,68 $;0,00 $;-980,68 $;210,00;1250,00 $;115,00 $;1095,68 $;0,07%;
02/09/2022;1;7338,48 $;-3100,68 $;0,00 $;-3100,68 $;5,68 $;-5270,64 $;-3100,68 $;0,00%;-3100,68 $;0,00 $;-3100,68 $;0,00 $;-3100,68 $;240,00;3315,00 $;225,00 $;3325,68 $;0,07%;
07/09/2022;1;8657,80 $;1319,32 $;1319,32 $;0,00 $;5,68 $;-3951,32 $;0,00 $;100,00%;1319,32 $;1319,32 $;0,00 $;1319,32 $;0,00 $;240,00;490,00 $;1350,00 $;30,68 $;0,07%;
08/09/2022;1;8322,12 $;-335,68 $;0,00 $;-335,68 $;5,68 $;-4287,00 $;-335,68 $;0,00%;-335,68 $;0,00 $;-335,68 $;0,00 $;-335,68 $;240,00;1885,00 $;90,00 $;425,68 $;0,07%;
09/09/2022;1;8816,44 $;494,32 $;494,32 $;0,00 $;5,68 $;-3792,68 $;0,00 $;100,00%;494,32 $;494,32 $;0,00 $;494,32 $;0,00 $;240,00;480,00 $;600,00 $;105,68 $;0,07%;
12/09/2022;1;8165,76 $;-650,68 $;0,00 $;-650,68 $;5,68 $;-4443,36 $;-650,68 $;0,00%;-650,68 $;0,00 $;-650,68 $;0,00 $;-650,68 $;240,00;975,00 $;55,00 $;705,68 $;0,07%;
13/09/2022;1;6510,08 $;-1655,68 $;0,00 $;-1655,68 $;5,68 $;-6099,04 $;-1655,68 $;0,00%;-1655,68 $;0,00 $;-1655,68 $;0,00 $;-1655,68 $;240,00;1660,00 $;380,00 $;2035,68 $;0,07%;
14/09/2022;1;6654,40 $;144,32 $;144,32 $;0,00 $;5,68 $;-5954,72 $;0,00 $;100,00%;144,32 $;144,32 $;0,00 $;144,32 $;0,00 $;210,00;1320,00 $;430,00 $;285,68 $;0,07%;
15/09/2022;1;5518,72 $;-1135,68 $;0,00 $;-1135,68 $;5,68 $;-7090,40 $;-1135,68 $;0,00%;-1135,68 $;0,00 $;-1135,68 $;0,00 $;-1135,68 $;240,00;1245,00 $;785,00 $;1920,68 $;0,07%;
16/09/2022;1;6188,04 $;669,32 $;669,32 $;0,00 $;5,68 $;-6421,08 $;0,00 $;100,00%;669,32 $;669,32 $;0,00 $;669,32 $;0,00 $;240,00;400,00 $;1125,00 $;455,68 $;0,07%;
19/09/2022;2;7236,68 $;1048,64 $;1048,64 $;0,00 $;11,36 $;-5486,76 $;0,00 $;100,00%;524,32 $;524,32 $;0,00 $;934,32 $;0,00 $;240,00;237,50 $;622,50 $;98,18 $;0,14%;
20/09/2022;2;7345,32 $;108,64 $;114,32 $;-5,68 $;11,36 $;-5378,12 $;-5,68 $;50,00%;54,32 $;114,32 $;-5,68 $;114,32 $;-5,68 $;240,00;590,00 $;367,50 $;313,18 $;0,14%;
21/09/2022;1;7499,64 $;154,32 $;154,32 $;0,00 $;5,68 $;-5109,48 $;0,00 $;100,00%;154,32 $;154,32 $;0,00 $;154,32 $;0,00 $;0,00;30,00 $;190,00 $;35,68 $;0,07%;
22/09/2022;1;8188,96 $;689,32 $;689,32 $;0,00 $;5,68 $;-4420,16 $;0,00 $;100,00%;689,32 $;689,32 $;0,00 $;689,32 $;0,00 $;240,00;135,00 $;1100,00 $;410,68 $;0,07%;
23/09/2022;1;8158,28 $;-30,68 $;0,00 $;-30,68 $;5,68 $;-4450,84 $;-30,68 $;0,00%;-30,68 $;0,00 $;-30,68 $;0,00 $;-30,68 $;0,00;115,00 $;35,00 $;65,68 $;0,07%;
26/09/2022;2;7951,92 $;-206,36 $;44,32 $;-250,68 $;11,36 $;-4701,52 $;-250,68 $;50,00%;-103,18 $;44,32 $;-250,68 $;44,32 $;-250,68 $;270,00;610,00 $;295,00 $;398,18 $;0,14%;
28/09/2022;1;9356,24 $;1404,32 $;1404,32 $;0,00 $;5,68 $;-3252,88 $;0,00 $;100,00%;1404,32 $;1404,32 $;0,00 $;1404,32 $;0,00 $;240,00;320,00 $;1515,00 $;110,68 $;0,07%;
29/09/2022;1;9410,56 $;54,32 $;54,32 $;0,00 $;5,68 $;-3198,56 $;0,00 $;100,00%;54,32 $;54,32 $;0,00 $;54,32 $;0,00 $;210,00;1200,00 $;305,00 $;250,68 $;0,07%;
03/10/2022;1;10444,88 $;1034,32 $;1034,32 $;0,00 $;5,68 $;-2164,24 $;0,00 $;100,00%;1034,32 $;1034,32 $;0,00 $;1034,32 $;0,00 $;240,00;600,00 $;1290,00 $;255,68 $;0,07%;
04/10/2022;2;10148,52 $;-296,36 $;0,00 $;-296,36 $;11,36 $;-2460,60 $;-296,36 $;0,00%;-148,18 $;0,00 $;-148,18 $;0,00 $;-295,68 $;270,00;560,00 $;150,00 $;298,18 $;0,14%;
05/10/2022;1;10952,84 $;804,32 $;804,32 $;0,00 $;5,68 $;-1656,28 $;0,00 $;100,00%;804,32 $;804,32 $;0,00 $;804,32 $;0,00 $;210,00;70,00 $;1690,00 $;885,68 $;0,07%;
06/10/2022;1;9967,16 $;-985,68 $;0,00 $;-985,68 $;5,68 $;-2641,96 $;-985,68 $;0,00%;-985,68 $;0,00 $;-985,68 $;0,00 $;-985,68 $;210,00;1270,00 $;330,00 $;1315,68 $;0,07%;
07/10/2022;1;9401,48 $;-565,68 $;0,00 $;-565,68 $;5,68 $;-3207,64 $;-565,68 $;0,00%;-565,68 $;0,00 $;-565,68 $;0,00 $;-565,68 $;210,00;1225,00 $;40,00 $;605,68 $;0,07%;
10/10/2022;1;10040,80 $;639,32 $;639,32 $;0,00 $;5,68 $;-2568,32 $;0,00 $;100,00%;639,32 $;639,32 $;0,00 $;639,32 $;0,00 $;150,00;0,00 $;1300,00 $;660,68 $;0,07%;
11/10/2022;1;8770,12 $;-1270,68 $;0,00 $;-1270,68 $;5,68 $;-3839,00 $;-1270,68 $;0,00%;-1270,68 $;0,00 $;-1270,68 $;0,00 $;-1270,68 $;210,00;2060,00 $;555,00 $;1825,68 $;0,07%;
12/10/2022;1;8629,44 $;-140,68 $;0,00 $;-140,68 $;5,68 $;-3979,68 $;-140,68 $;0,00%;-140,68 $;0,00 $;-140,68 $;0,00 $;-140,68 $;30,00;425,00 $;275,00 $;415,68 $;0,07%;
13/10/2022;1;11043,76 $;2414,32 $;2414,32 $;0,00 $;5,68 $;-1565,36 $;0,00 $;100,00%;2414,32 $;2414,32 $;0,00 $;2414,32 $;0,00 $;240,00;150,00 $;2980,00 $;565,68 $;0,07%;
17/10/2022;1;11363,08 $;319,32 $;319,32 $;0,00 $;5,68 $;-1246,04 $;0,00 $;100,00%;319,32 $;319,32 $;0,00 $;319,32 $;0,00 $;240,00;150,00 $;720,00 $;400,68 $;0,07%;
18/10/2022;1;12027,40 $;664,32 $;664,32 $;0,00 $;5,68 $;-581,72 $;0,00 $;100,00%;664,32 $;664,32 $;0,00 $;664,32 $;0,00 $;150,00;905,00 $;810,00 $;145,68 $;0,07%;
19/10/2022;1;11176,72 $;-850,68 $;0,00 $;-850,68 $;5,68 $;-1432,40 $;-850,68 $;0,00%;-850,68 $;0,00 $;-850,68 $;0,00 $;-850,68 $;240,00;1565,00 $;190,00 $;1040,68 $;0,07%;
20/10/2022;1;9461,04 $;-1715,68 $;0,00 $;-1715,68 $;5,68 $;-3148,08 $;-1715,68 $;0,00%;-1715,68 $;0,00 $;-1715,68 $;0,00 $;-1715,68 $;240,00;1870,00 $;435,00 $;2150,68 $;0,07%;
21/10/2022;2;12254,68 $;2793,64 $;2793,64 $;0,00 $;11,36 $;-393,76 $;0,00 $;100,00%;1396,82 $;1396,82 $;0,00 $;2754,32 $;0,00 $;240,00;50,00 $;1425,00 $;28,18 $;0,14%;
24/10/2022;1;13189,00 $;934,32 $;934,32 $;0,00 $;5,68 $;0,00 $;0,00 $;100,00%;934,32 $;934,32 $;0,00 $;934,32 $;0,00 $;240,00;170,00 $;1140,00 $;205,68 $;0,07%;
25/10/2022;1;13678,32 $;489,32 $;489,32 $;0,00 $;5,68 $;0,00 $;0,00 $;100,00%;489,32 $;489,32 $;0,00 $;489,32 $;0,00 $;240,00;295,00 $;500,00 $;10,68 $;0,07%;
26/10/2022;1;12282,64 $;-1395,68 $;0,00 $;-1395,68 $;5,68 $;-1395,68 $;-1395,68 $;0,00%;-1395,68 $;0,00 $;-1395,68 $;0,00 $;-1395,68 $;240,00;1760,00 $;230,00 $;1625,68 $;0,07%;
27/10/2022;1;11881,96 $;-400,68 $;0,00 $;-400,68 $;5,68 $;-1796,36 $;-400,68 $;0,00%;-400,68 $;0,00 $;-400,68 $;0,00 $;-400,68 $;240,00;770,00 $;340,00 $;740,68 $;0,07%;
31/10/2022;1;11716,28 $;-165,68 $;0,00 $;-165,68 $;5,68 $;-1962,04 $;-165,68 $;0,00%;-165,68 $;0,00 $;-165,68 $;0,00 $;-165,68 $;240,00;625,00 $;400,00 $;565,68 $;0,07%;
01/11/2022;1;11680,60 $;-35,68 $;0,00 $;-35,68 $;5,68 $;-1997,72 $;-35,68 $;0,00%;-35,68 $;0,00 $;-35,68 $;0,00 $;-35,68 $;210,00;180,00 $;565,00 $;600,68 $;0,07%;
02/11/2022;1;11014,92 $;-665,68 $;0,00 $;-665,68 $;5,68 $;-2663,40 $;-665,68 $;0,00%;-665,68 $;0,00 $;-665,68 $;0,00 $;-665,68 $;30,00;990,00 $;190,00 $;855,68 $;0,07%;
04/11/2022;2;10688,56 $;-326,36 $;0,00 $;-326,36 $;11,36 $;-2989,76 $;-326,36 $;0,00%;-163,18 $;0,00 $;-163,18 $;0,00 $;-185,68 $;270,00;1015,00 $;135,00 $;298,18 $;0,14%;
08/11/2022;2;10762,20 $;73,64 $;79,32 $;-5,68 $;11,36 $;-2995,44 $;-5,68 $;50,00%;36,82 $;79,32 $;-5,68 $;79,32 $;-5,68 $;240,00;1022,50 $;377,50 $;340,68 $;0,14%;
09/11/2022;1;9331,52 $;-1430,68 $;0,00 $;-1430,68 $;5,68 $;-4346,80 $;-1430,68 $;0,00%;-1430,68 $;0,00 $;-1430,68 $;0,00 $;-1430,68 $;240,00;1750,00 $;385,00 $;1815,68 $;0,07%;
10/11/2022;1;10155,84 $;824,32 $;824,32 $;0,00 $;5,68 $;-3522,48 $;0,00 $;100,00%;824,32 $;824,32 $;0,00 $;824,32 $;0,00 $;240,00;960,00 $;940,00 $;115,68 $;0,07%;
11/11/2022;1;11880,16 $;1724,32 $;1724,32 $;0,00 $;5,68 $;-1798,16 $;0,00 $;100,00%;1724,32 $;1724,32 $;0,00 $;1724,32 $;0,00 $;240,00;95,00 $;1915,00 $;190,68 $;0,07%;
14/11/2022;1;12149,48 $;269,32 $;269,32 $;0,00 $;5,68 $;-1528,84 $;0,00 $;100,00%;269,32 $;269,32 $;0,00 $;269,32 $;0,00 $;240,00;85,00 $;1260,00 $;990,68 $;0,07%;
15/11/2022;1;11478,80 $;-670,68 $;0,00 $;-670,68 $;5,68 $;-2199,52 $;-670,68 $;0,00%;-670,68 $;0,00 $;-670,68 $;0,00 $;-670,68 $;210,00;1940,00 $;215,00 $;885,68 $;0,07%;
17/11/2022;1;11843,12 $;364,32 $;364,32 $;0,00 $;5,68 $;-1835,20 $;0,00 $;100,00%;364,32 $;364,32 $;0,00 $;364,32 $;0,00 $;240,00;55,00 $;1410,00 $;1045,68 $;0,07%;
21/11/2022;1;11612,44 $;-230,68 $;0,00 $;-230,68 $;5,68 $;-2065,88 $;-230,68 $;0,00%;-230,68 $;0,00 $;-230,68 $;0,00 $;-230,68 $;90,00;375,00 $;125,00 $;355,68 $;0,07%;
22/11/2022;1;12146,76 $;534,32 $;534,32 $;0,00 $;5,68 $;-1531,56 $;0,00 $;100,00%;534,32 $;534,32 $;0,00 $;534,32 $;0,00 $;240,00;145,00 $;595,00 $;60,68 $;0,07%;
23/11/2022;1;12221,08 $;74,32 $;74,32 $;0,00 $;5,68 $;-1457,24 $;0,00 $;100,00%;74,32 $;74,32 $;0,00 $;74,32 $;0,00 $;240,00;985,00 $;325,00 $;250,68 $;0,07%;
25/11/2022;1;12220,40 $;-0,68 $;0,00 $;-0,68 $;5,68 $;-1457,92 $;-0,68 $;0,00%;-0,68 $;0,00 $;-0,68 $;0,00 $;-0,68 $;45,00;250,00 $;80,00 $;80,68 $;0,07%;
28/11/2022;1;10879,72 $;-1340,68 $;0,00 $;-1340,68 $;5,68 $;-2798,60 $;-1340,68 $;0,00%;-1340,68 $;0,00 $;-1340,68 $;0,00 $;-1340,68 $;240,00;1390,00 $;275,00 $;1615,68 $;0,07%;
29/11/2022;1;11534,04 $;654,32 $;654,32 $;0,00 $;5,68 $;-2144,28 $;0,00 $;100,00%;654,32 $;654,32 $;0,00 $;654,32 $;0,00 $;240,00;75,00 $;1215,00 $;560,68 $;0,07%;
30/11/2022;1;16253,36 $;4719,32 $;4719,32 $;0,00 $;5,68 $;0,00 $;0,00 $;100,00%;4719,32 $;4719,32 $;0,00 $;4719,32 $;0,00 $;210,00;145,00 $;4960,00 $;240,68 $;0,07%;
02/12/2022;1;16497,68 $;244,32 $;244,32 $;0,00 $;5,68 $;0,00 $;0,00 $;100,00%;244,32 $;244,32 $;0,00 $;244,32 $;0,00 $;210,00;415,00 $;840,00 $;595,68 $;0,07%;
06/12/2022;1;16257,00 $;-240,68 $;0,00 $;-240,68 $;5,68 $;-240,68 $;-240,68 $;0,00%;-240,68 $;0,00 $;-240,68 $;0,00 $;-240,68 $;210,00;1085,00 $;60,00 $;300,68 $;0,07%;
07/12/2022;1;16376,32 $;119,32 $;119,32 $;0,00 $;5,68 $;-121,36 $;0,00 $;100,00%;119,32 $;119,32 $;0,00 $;119,32 $;0,00 $;240,00;185,00 $;780,00 $;660,68 $;0,07%;
08/12/2022;1;16090,64 $;-285,68 $;0,00 $;-285,68 $;5,68 $;-407,04 $;-285,68 $;0,00%;-285,68 $;0,00 $;-285,68 $;0,00 $;-285,68 $;240,00;810,00 $;335,00 $;620,68 $;0,07%;
09/12/2022;1;14634,96 $;-1455,68 $;0,00 $;-1455,68 $;5,68 $;-1862,72 $;-1455,68 $;0,00%;-1455,68 $;0,00 $;-1455,68 $;0,00 $;-1455,68 $;210,00;1490,00 $;225,00 $;1680,68 $;0,07%;
12/12/2022;2;15623,60 $;988,64 $;988,64 $;0,00 $;11,36 $;-893,40 $;0,00 $;100,00%;494,32 $;494,32 $;0,00 $;969,32 $;0,00 $;240,00;112,50 $;545,00 $;50,68 $;0,14%;
13/12/2022;1;16282,92 $;659,32 $;659,32 $;0,00 $;5,68 $;-214,76 $;0,00 $;100,00%;659,32 $;659,32 $;0,00 $;659,32 $;0,00 $;210,00;450,00 $;1095,00 $;435,68 $;0,07%;
14/12/2022;1;16357,24 $;74,32 $;74,32 $;0,00 $;5,68 $;-140,44 $;0,00 $;100,00%;74,32 $;74,32 $;0,00 $;74,32 $;0,00 $;0,00;10,00 $;205,00 $;130,68 $;0,07%;
16/12/2022;1;16981,56 $;624,32 $;624,32 $;0,00 $;5,68 $;0,00 $;0,00 $;100,00%;624,32 $;624,32 $;0,00 $;624,32 $;0,00 $;240,00;800,00 $;675,00 $;50,68 $;0,07%;
19/12/2022;1;15720,88 $;-1260,68 $;0,00 $;-1260,68 $;5,68 $;-1260,68 $;-1260,68 $;0,00%;-1260,68 $;0,00 $;-1260,68 $;0,00 $;-1260,68 $;240,00;1605,00 $;25,00 $;1285,68 $;0,07%;
20/12/2022;1;16445,20 $;724,32 $;724,32 $;0,00 $;5,68 $;-536,36 $;0,00 $;100,00%;724,32 $;724,32 $;0,00 $;724,32 $;0,00 $;240,00;30,00 $;1315,00 $;590,68 $;0,07%;
21/12/2022;1;16089,52 $;-355,68 $;0,00 $;-355,68 $;5,68 $;-892,04 $;-355,68 $;0,00%;-355,68 $;0,00 $;-355,68 $;0,00 $;-355,68 $;240,00;430,00 $;270,00 $;625,68 $;0,07%;
22/12/2022;1;16208,84 $;119,32 $;119,32 $;0,00 $;5,68 $;-772,72 $;0,00 $;100,00%;119,32 $;119,32 $;0,00 $;119,32 $;0,00 $;0,00;15,00 $;125,00 $;5,68 $;0,07%;
23/12/2022;1;16673,16 $;464,32 $;464,32 $;0,00 $;5,68 $;-308,40 $;0,00 $;100,00%;464,32 $;464,32 $;0,00 $;464,32 $;0,00 $;240,00;60,00 $;890,00 $;425,68 $;0,07%;
27/12/2022;1;16517,48 $;-155,68 $;0,00 $;-155,68 $;5,68 $;-464,08 $;-155,68 $;0,00%;-155,68 $;0,00 $;-155,68 $;0,00 $;-155,68 $;240,00;680,00 $;405,00 $;560,68 $;0,07%;
28/12/2022;1;15891,80 $;-625,68 $;0,00 $;-625,68 $;5,68 $;-1089,76 $;-625,68 $;0,00%;-625,68 $;0,00 $;-625,68 $;0,00 $;-625,68 $;90,00;820,00 $;430,00 $;1055,68 $;0,07%;
29/12/2022;1;15976,12 $;84,32 $;84,32 $;0,00 $;5,68 $;-1005,44 $;0,00 $;100,00%;84,32 $;84,32 $;0,00 $;84,32 $;0,00 $;240,00;10,00 $;510,00 $;425,68 $;0,07%;
30/12/2022;1;16645,44 $;669,32 $;669,32 $;0,00 $;5,68 $;-336,12 $;0,00 $;100,00%;669,32 $;669,32 $;0,00 $;669,32 $;0,00 $;210,00;945,00 $;730,00 $;60,68 $;0,07%;
04/01/2023;1;16219,76 $;-425,68 $;0,00 $;-425,68 $;5,68 $;-761,80 $;-425,68 $;0,00%;-425,68 $;0,00 $;-425,68 $;0,00 $;-425,68 $;150,00;1335,00 $;275,00 $;700,68 $;0,07%;
05/01/2023;1;16214,08 $;-5,68 $;0,00 $;-5,68 $;5,68 $;-767,48 $;-5,68 $;0,00%;-5,68 $;0,00 $;-5,68 $;0,00 $;-5,68 $;90,00;305,00 $;665,00 $;670,68 $;0,07%;
06/01/2023;1;17113,40 $;899,32 $;899,32 $;0,00 $;5,68 $;0,00 $;0,00 $;100,00%;899,32 $;899,32 $;0,00 $;899,32 $;0,00 $;240,00;170,00 $;1295,00 $;395,68 $;0,07%;
09/01/2023;1;15127,72 $;-1985,68 $;0,00 $;-1985,68 $;5,68 $;-1985,68 $;-1985,68 $;0,00%;-1985,68 $;0,00 $;-1985,68 $;0,00 $;-1985,68 $;240,00;2030,00 $;10,00 $;1995,68 $;0,07%;
10/01/2023;1;16022,04 $;894,32 $;894,32 $;0,00 $;5,68 $;-1091,36 $;0,00 $;100,00%;894,32 $;894,32 $;0,00 $;894,32 $;0,00 $;210,00;30,00 $;1030,00 $;135,68 $;0,07%;
12/01/2023;1;15576,36 $;-445,68 $;0,00 $;-445,68 $;5,68 $;-1537,04 $;-445,68 $;0,00%;-445,68 $;0,00 $;-445,68 $;0,00 $;-445,68 $;210,00;950,00 $;115,00 $;560,68 $;0,07%;
13/01/2023;1;15775,68 $;199,32 $;199,32 $;0,00 $;5,68 $;-1337,72 $;0,00 $;100,00%;199,32 $;199,32 $;0,00 $;199,32 $;0,00 $;240,00;425,00 $;240,00 $;40,68 $;0,07%;
17/01/2023;1;15790,00 $;14,32 $;14,32 $;0,00 $;5,68 $;-1323,40 $;0,00 $;100,00%;14,32 $;14,32 $;0,00 $;14,32 $;0,00 $;240,00;175,00 $;430,00 $;415,68 $;0,07%;
19/01/2023;1;15489,32 $;-300,68 $;0,00 $;-300,68 $;5,68 $;-1624,08 $;-300,68 $;0,00%;-300,68 $;0,00 $;-300,68 $;0,00 $;-300,68 $;150,00;435,00 $;540,00 $;840,68 $;0,07%;
20/01/2023;1;15978,64 $;489,32 $;489,32 $;0,00 $;5,68 $;-1134,76 $;0,00 $;100,00%;489,32 $;489,32 $;0,00 $;489,32 $;0,00 $;240,00;835,00 $;665,00 $;175,68 $;0,07%;
23/01/2023;1;15357,96 $;-620,68 $;0,00 $;-620,68 $;5,68 $;-1755,44 $;-620,68 $;0,00%;-620,68 $;0,00 $;-620,68 $;0,00 $;-620,68 $;240,00;1045,00 $;520,00 $;1140,68 $;0,07%;
24/01/2023;1;15692,28 $;334,32 $;334,32 $;0,00 $;5,68 $;-1421,12 $;0,00 $;100,00%;334,32 $;334,32 $;0,00 $;334,32 $;0,00 $;240,00;560,00 $;560,00 $;225,68 $;0,07%;
25/01/2023;1;16811,60 $;1119,32 $;1119,32 $;0,00 $;5,68 $;-301,80 $;0,00 $;100,00%;1119,32 $;1119,32 $;0,00 $;1119,32 $;0,00 $;210,00;0,00 $;1380,00 $;260,68 $;0,07%;
27/01/2023;1;17665,92 $;854,32 $;854,32 $;0,00 $;5,68 $;0,00 $;0,00 $;100,00%;854,32 $;854,32 $;0,00 $;854,32 $;0,00 $;240,00;5,00 $;1110,00 $;255,68 $;0,07%;
30/01/2023;2;16604,56 $;-1061,36 $;0,00 $;-1061,36 $;11,36 $;-1061,36 $;-1061,36 $;0,00%;-530,68 $;0,00 $;-530,68 $;0,00 $;-1055,68 $;270,00;617,50 $;77,50 $;608,18 $;0,14%;
31/01/2023;1;17038,88 $;434,32 $;434,32 $;0,00 $;5,68 $;-627,04 $;0,00 $;100,00%;434,32 $;434,32 $;0,00 $;434,32 $;0,00 $;240,00;230,00 $;785,00 $;350,68 $;0,07%;
01/02/2023;1;18703,20 $;1664,32 $;1664,32 $;0,00 $;5,68 $;0,00 $;0,00 $;100,00%;1664,32 $;1664,32 $;0,00 $;1664,32 $;0,00 $;210,00;810,00 $;3105,00 $;1440,68 $;0,07%;
03/02/2023;1;17517,52 $;-1185,68 $;0,00 $;-1185,68 $;5,68 $;-1185,68 $;-1185,68 $;0,00%;-1185,68 $;0,00 $;-1185,68 $;0,00 $;-1185,68 $;240,00;1665,00 $;210,00 $;1395,68 $;0,07%;
06/02/2023;1;17711,84 $;194,32 $;194,32 $;0,00 $;5,68 $;-991,36 $;0,00 $;100,00%;194,32 $;194,32 $;0,00 $;194,32 $;0,00 $;30,00;175,00 $;370,00 $;175,68 $;0,07%;
07/02/2023;1;19271,16 $;1559,32 $;1559,32 $;0,00 $;5,68 $;0,00 $;0,00 $;100,00%;1559,32 $;1559,32 $;0,00 $;1559,32 $;0,00 $;210,00;860,00 $;2250,00 $;690,68 $;0,07%;
13/02/2023;1;19470,48 $;199,32 $;199,32 $;0,00 $;5,68 $;0,00 $;0,00 $;100,00%;199,32 $;199,32 $;0,00 $;199,32 $;0,00 $;240,00;155,00 $;525,00 $;325,68 $;0,07%;
14/02/2023;1;20604,80 $;1134,32 $;1134,32 $;0,00 $;5,68 $;0,00 $;0,00 $;100,00%;1134,32 $;1134,32 $;0,00 $;1134,32 $;0,00 $;240,00;490,00 $;1430,00 $;295,68 $;0,07%;
15/02/2023;1;21739,12 $;1134,32 $;1134,32 $;0,00 $;5,68 $;0,00 $;0,00 $;100,00%;1134,32 $;1134,32 $;0,00 $;1134,32 $;0,00 $;210,00;80,00 $;1235,00 $;100,68 $;0,07%;
16/02/2023;1;21228,44 $;-510,68 $;0,00 $;-510,68 $;5,68 $;-510,68 $;-510,68 $;0,00%;-510,68 $;0,00 $;-510,68 $;0,00 $;-510,68 $;240,00;515,00 $;720,00 $;1230,68 $;0,07%;
17/02/2023;1;22127,76 $;899,32 $;899,32 $;0,00 $;5,68 $;0,00 $;0,00 $;100,00%;899,32 $;899,32 $;0,00 $;899,32 $;0,00 $;240,00;115,00 $;1185,00 $;285,68 $;0,07%;
21/02/2023;1;21572,08 $;-555,68 $;0,00 $;-555,68 $;5,68 $;-555,68 $;-555,68 $;0,00%;-555,68 $;0,00 $;-555,68 $;0,00 $;-555,68 $;240,00;900,00 $;105,00 $;660,68 $;0,07%;
23/02/2023;1;21236,40 $;-335,68 $;0,00 $;-335,68 $;5,68 $;-891,36 $;-335,68 $;0,00%;-335,68 $;0,00 $;-335,68 $;0,00 $;-335,68 $;30,00;385,00 $;80,00 $;415,68 $;0,07%;
24/02/2023;1;21600,72 $;364,32 $;364,32 $;0,00 $;5,68 $;-527,04 $;0,00 $;100,00%;364,32 $;364,32 $;0,00 $;364,32 $;0,00 $;240,00;530,00 $;625,00 $;260,68 $;0,07%;
27/02/2023;1;21425,04 $;-175,68 $;0,00 $;-175,68 $;5,68 $;-702,72 $;-175,68 $;0,00%;-175,68 $;0,00 $;-175,68 $;0,00 $;-175,68 $;240,00;310,00 $;550,00 $;725,68 $;0,07%;
28/02/2023;1;20929,36 $;-495,68 $;0,00 $;-495,68 $;5,68 $;-1198,40 $;-495,68 $;0,00%;-495,68 $;0,00 $;-495,68 $;0,00 $;-495,68 $;240,00;520,00 $;220,00 $;715,68 $;0,07%;
01/03/2023;1;21438,68 $;509,32 $;509,32 $;0,00 $;5,68 $;-689,08 $;0,00 $;100,00%;509,32 $;509,32 $;0,00 $;509,32 $;0,00 $;210,00;770,00 $;570,00 $;60,68 $;0,07%;
02/03/2023;1;22608,00 $;1169,32 $;1169,32 $;0,00 $;5,68 $;0,00 $;0,00 $;100,00%;1169,32 $;1169,32 $;0,00 $;1169,32 $;0,00 $;240,00;255,00 $;1255,00 $;85,68 $;0,07%;
03/03/2023;1;23637,32 $;1029,32 $;1029,32 $;0,00 $;5,68 $;0,00 $;0,00 $;100,00%;1029,32 $;1029,32 $;0,00 $;1029,32 $;0,00 $;240,00;60,00 $;1215,00 $;185,68 $;0,07%;
06/03/2023;1;23616,64 $;-20,68 $;0,00 $;-20,68 $;5,68 $;-20,68 $;-20,68 $;0,00%;-20,68 $;0,00 $;-20,68 $;0,00 $;-20,68 $;150,00;330,00 $;35,00 $;55,68 $;0,07%;
07/03/2023;1;23145,96 $;-470,68 $;0,00 $;-470,68 $;5,68 $;-491,36 $;-470,68 $;0,00%;-470,68 $;0,00 $;-470,68 $;0,00 $;-470,68 $;150,00;635,00 $;115,00 $;585,68 $;0,07%;
08/03/2023;1;22720,28 $;-425,68 $;0,00 $;-425,68 $;5,68 $;-917,04 $;-425,68 $;0,00%;-425,68 $;0,00 $;-425,68 $;0,00 $;-425,68 $;240,00;760,00 $;435,00 $;860,68 $;0,07%;
10/03/2023;1;20574,60 $;-2145,68 $;0,00 $;-2145,68 $;5,68 $;-3062,72 $;-2145,68 $;0,00%;-2145,68 $;0,00 $;-2145,68 $;0,00 $;-2145,68 $;240,00;2995,00 $;240,00 $;2385,68 $;0,07%;
13/03/2023;1;18793,92 $;-1780,68 $;0,00 $;-1780,68 $;5,68 $;-4843,40 $;-1780,68 $;0,00%;-1780,68 $;0,00 $;-1780,68 $;0,00 $;-1780,68 $;240,00;1940,00 $;225,00 $;2005,68 $;0,07%;
14/03/2023;1;20053,24 $;1259,32 $;1259,32 $;0,00 $;5,68 $;-3584,08 $;0,00 $;100,00%;1259,32 $;1259,32 $;0,00 $;1259,32 $;0,00 $;30,00;115,00 $;1445,00 $;185,68 $;0,07%;
15/03/2023;1;20207,56 $;154,32 $;154,32 $;0,00 $;5,68 $;-3429,76 $;0,00 $;100,00%;154,32 $;154,32 $;0,00 $;154,32 $;0,00 $;90,00;715,00 $;380,00 $;225,68 $;0,07%;
16/03/2023;1;21266,88 $;1059,32 $;1059,32 $;0,00 $;5,68 $;-2370,44 $;0,00 $;100,00%;1059,32 $;1059,32 $;0,00 $;1059,32 $;0,00 $;210,00;285,00 $;1145,00 $;85,68 $;0,07%;
17/03/2023;1;21581,20 $;314,32 $;314,32 $;0,00 $;5,68 $;-2056,12 $;0,00 $;100,00%;314,32 $;314,32 $;0,00 $;314,32 $;0,00 $;240,00;455,00 $;845,00 $;530,68 $;0,07%;
20/03/2023;1;21240,52 $;-340,68 $;0,00 $;-340,68 $;5,68 $;-2396,80 $;-340,68 $;0,00%;-340,68 $;0,00 $;-340,68 $;0,00 $;-340,68 $;240,00;1125,00 $;145,00 $;485,68 $;0,07%;
21/03/2023;1;21144,84 $;-95,68 $;0,00 $;-95,68 $;5,68 $;-2492,48 $;-95,68 $;0,00%;-95,68 $;0,00 $;-95,68 $;0,00 $;-95,68 $;0,00;160,00 $;10,00 $;105,68 $;0,07%;
22/03/2023;1;19044,16 $;-2100,68 $;0,00 $;-2100,68 $;5,68 $;-4593,16 $;-2100,68 $;0,00%;-2100,68 $;0,00 $;-2100,68 $;0,00 $;-2100,68 $;30,00;2420,00 $;100,00 $;2200,68 $;0,07%;
24/03/2023;1;20723,48 $;1679,32 $;1679,32 $;0,00 $;5,68 $;-2913,84 $;0,00 $;100,00%;1679,32 $;1679,32 $;0,00 $;1679,32 $;0,00 $;240,00;155,00 $;1775,00 $;95,68 $;0,07%;
27/03/2023;1;21307,80 $;584,32 $;584,32 $;0,00 $;5,68 $;-2329,52 $;0,00 $;100,00%;584,32 $;584,32 $;0,00 $;584,32 $;0,00 $;240,00;240,00 $;805,00 $;220,68 $;0,07%;
28/03/2023;1;20462,12 $;-845,68 $;0,00 $;-845,68 $;5,68 $;-3175,20 $;-845,68 $;0,00%;-845,68 $;0,00 $;-845,68 $;0,00 $;-845,68 $;240,00;1025,00 $;165,00 $;1010,68 $;0,07%;
29/03/2023;1;21161,44 $;699,32 $;699,32 $;0,00 $;5,68 $;-2475,88 $;0,00 $;100,00%;699,32 $;699,32 $;0,00 $;699,32 $;0,00 $;240,00;30,00 $;770,00 $;70,68 $;0,07%;
30/03/2023;1;21810,76 $;649,32 $;649,32 $;0,00 $;5,68 $;-1826,56 $;0,00 $;100,00%;649,32 $;649,32 $;0,00 $;649,32 $;0,00 $;210,00;295,00 $;700,00 $;50,68 $;0,07%;
31/03/2023;1;22620,08 $;809,32 $;809,32 $;0,00 $;5,68 $;-1017,24 $;0,00 $;100,00%;809,32 $;809,32 $;0,00 $;809,32 $;0,00 $;240,00;45,00 $;875,00 $;65,68 $;0,07%;
03/04/2023;1;23369,40 $;749,32 $;749,32 $;0,00 $;5,68 $;-267,92 $;0,00 $;100,00%;749,32 $;749,32 $;0,00 $;749,32 $;0,00 $;240,00;30,00 $;830,00 $;80,68 $;0,07%;
04/04/2023;1;23093,72 $;-275,68 $;0,00 $;-275,68 $;5,68 $;-543,60 $;-275,68 $;0,00%;-275,68 $;0,00 $;-275,68 $;0,00 $;-275,68 $;240,00;665,00 $;45,00 $;320,68 $;0,07%;
05/04/2023;1;23383,04 $;289,32 $;289,32 $;0,00 $;5,68 $;-254,28 $;0,00 $;100,00%;289,32 $;289,32 $;0,00 $;289,32 $;0,00 $;120,00;200,00 $;395,00 $;105,68 $;0,07%;
18/04/2023;1;23837,36 $;454,32 $;454,32 $;0,00 $;5,68 $;0,00 $;0,00 $;100,00%;454,32 $;454,32 $;0,00 $;454,32 $;0,00 $;240,00;270,00 $;645,00 $;190,68 $;0,07%;
19/04/2023;1;23871,68 $;34,32 $;34,32 $;0,00 $;5,68 $;0,00 $;0,00 $;100,00%;34,32 $;34,32 $;0,00 $;34,32 $;0,00 $;240,00;170,00 $;420,00 $;385,68 $;0,07%;
20/04/2023;1;23281,00 $;-590,68 $;0,00 $;-590,68 $;5,68 $;-590,68 $;-590,68 $;0,00%;-590,68 $;0,00 $;-590,68 $;0,00 $;-590,68 $;240,00;650,00 $;380,00 $;970,68 $;0,07%;
24/04/2023;1;23645,32 $;364,32 $;364,32 $;0,00 $;5,68 $;-226,36 $;0,00 $;100,00%;364,32 $;364,32 $;0,00 $;364,32 $;0,00 $;240,00;370,00 $;425,00 $;60,68 $;0,07%;
26/04/2023;1;22739,64 $;-905,68 $;0,00 $;-905,68 $;5,68 $;-1132,04 $;-905,68 $;0,00%;-905,68 $;0,00 $;-905,68 $;0,00 $;-905,68 $;210,00;1385,00 $;80,00 $;985,68 $;0,07%;
27/04/2023;1;24278,96 $;1539,32 $;1539,32 $;0,00 $;5,68 $;0,00 $;0,00 $;100,00%;1539,32 $;1539,32 $;0,00 $;1539,32 $;0,00 $;240,00;0,00 $;1705,00 $;165,68 $;0,07%;
28/04/2023;1;24578,28 $;299,32 $;299,32 $;0,00 $;5,68 $;0,00 $;0,00 $;100,00%;299,32 $;299,32 $;0,00 $;299,32 $;0,00 $;240,00;30,00 $;640,00 $;340,68 $;0,07%;
02/05/2023;1;24857,60 $;279,32 $;279,32 $;0,00 $;5,68 $;0,00 $;0,00 $;100,00%;279,32 $;279,32 $;0,00 $;279,32 $;0,00 $;150,00;140,00 $;535,00 $;255,68 $;0,07%;
03/05/2023;1;24011,92 $;-845,68 $;0,00 $;-845,68 $;5,68 $;-845,68 $;-845,68 $;0,00%;-845,68 $;0,00 $;-845,68 $;0,00 $;-845,68 $;240,00;875,00 $;1060,00 $;1905,68 $;0,07%;
04/05/2023;1;23766,24 $;-245,68 $;0,00 $;-245,68 $;5,68 $;-1091,36 $;-245,68 $;0,00%;-245,68 $;0,00 $;-245,68 $;0,00 $;-245,68 $;150,00;605,00 $;175,00 $;420,68 $;0,07%;
05/05/2023;1;24455,56 $;689,32 $;689,32 $;0,00 $;5,68 $;-402,04 $;0,00 $;100,00%;689,32 $;689,32 $;0,00 $;689,32 $;0,00 $;240,00;520,00 $;925,00 $;235,68 $;0,07%;
09/05/2023;1;24669,88 $;214,32 $;214,32 $;0,00 $;5,68 $;-187,72 $;0,00 $;100,00%;214,32 $;214,32 $;0,00 $;214,32 $;0,00 $;210,00;30,00 $;530,00 $;315,68 $;0,07%;
10/05/2023;1;24564,20 $;-105,68 $;0,00 $;-105,68 $;5,68 $;-293,40 $;-105,68 $;0,00%;-105,68 $;0,00 $;-105,68 $;0,00 $;-105,68 $;30,00;100,00 $;270,00 $;375,68 $;0,07%;
12/05/2023;1;25053,52 $;489,32 $;489,32 $;0,00 $;5,68 $;0,00 $;0,00 $;100,00%;489,32 $;489,32 $;0,00 $;489,32 $;0,00 $;90,00;200,00 $;785,00 $;295,68 $;0,07%;
15/05/2023;1;25327,84 $;274,32 $;274,32 $;0,00 $;5,68 $;0,00 $;0,00 $;100,00%;274,32 $;274,32 $;0,00 $;274,32 $;0,00 $;210,00;190,00 $;635,00 $;360,68 $;0,07%;
17/05/2023;1;25232,16 $;-95,68 $;0,00 $;-95,68 $;5,68 $;-95,68 $;-95,68 $;0,00%;-95,68 $;0,00 $;-95,68 $;0,00 $;-95,68 $;90,00;330,00 $;130,00 $;225,68 $;0,07%;
18/05/2023;1;25361,48 $;129,32 $;129,32 $;0,00 $;5,68 $;0,00 $;0,00 $;100,00%;129,32 $;129,32 $;0,00 $;129,32 $;0,00 $;0,00;5,00 $;170,00 $;40,68 $;0,07%;
19/05/2023;1;25190,80 $;-170,68 $;0,00 $;-170,68 $;5,68 $;-170,68 $;-170,68 $;0,00%;-170,68 $;0,00 $;-170,68 $;0,00 $;-170,68 $;240,00;565,00 $;190,00 $;360,68 $;0,07%;
22/05/2023;1;24985,12 $;-205,68 $;0,00 $;-205,68 $;5,68 $;-376,36 $;-205,68 $;0,00%;-205,68 $;0,00 $;-205,68 $;0,00 $;-205,68 $;240,00;500,00 $;185,00 $;390,68 $;0,07%;
23/05/2023;1;24069,44 $;-915,68 $;0,00 $;-915,68 $;5,68 $;-1292,04 $;-915,68 $;0,00%;-915,68 $;0,00 $;-915,68 $;0,00 $;-915,68 $;240,00;1430,00 $;120,00 $;1035,68 $;0,07%;
24/05/2023;1;24303,76 $;234,32 $;234,32 $;0,00 $;5,68 $;-1057,72 $;0,00 $;100,00%;234,32 $;234,32 $;0,00 $;234,32 $;0,00 $;210,00;75,00 $;830,00 $;595,68 $;0,07%;
25/05/2023;1;24683,08 $;379,32 $;379,32 $;0,00 $;5,68 $;-678,40 $;0,00 $;100,00%;379,32 $;379,32 $;0,00 $;379,32 $;0,00 $;210,00;385,00 $;945,00 $;565,68 $;0,07%;
26/05/2023;1;25042,40 $;359,32 $;359,32 $;0,00 $;5,68 $;-319,08 $;0,00 $;100,00%;359,32 $;359,32 $;0,00 $;359,32 $;0,00 $;240,00;20,00 $;575,00 $;215,68 $;0,07%;
30/05/2023;1;25536,72 $;494,32 $;494,32 $;0,00 $;5,68 $;0,00 $;0,00 $;100,00%;494,32 $;494,32 $;0,00 $;494,32 $;0,00 $;150,00;120,00 $;695,00 $;200,68 $;0,07%;
31/05/2023;1;26001,04 $;464,32 $;464,32 $;0,00 $;5,68 $;0,00 $;0,00 $;100,00%;464,32 $;464,32 $;0,00 $;464,32 $;0,00 $;210,00;130,00 $;910,00 $;445,68 $;0,07%;
01/06/2023;1;26400,36 $;399,32 $;399,32 $;0,00 $;5,68 $;0,00 $;0,00 $;100,00%;399,32 $;399,32 $;0,00 $;399,32 $;0,00 $;240,00;10,00 $;810,00 $;410,68 $;0,07%;
02/06/2023;1;26749,68 $;349,32 $;349,32 $;0,00 $;5,68 $;0,00 $;0,00 $;100,00%;349,32 $;349,32 $;0,00 $;349,32 $;0,00 $;210,00;65,00 $;630,00 $;280,68 $;0,07%;
05/06/2023;1;26409,00 $;-340,68 $;0,00 $;-340,68 $;5,68 $;-340,68 $;-340,68 $;0,00%;-340,68 $;0,00 $;-340,68 $;0,00 $;-340,68 $;240,00;540,00 $;360,00 $;700,68 $;0,07%;
06/06/2023;1;26628,32 $;219,32 $;219,32 $;0,00 $;5,68 $;-121,36 $;0,00 $;100,00%;219,32 $;219,32 $;0,00 $;219,32 $;0,00 $;210,00;610,00 $;380,00 $;160,68 $;0,07%;
07/06/2023;1;26532,64 $;-95,68 $;0,00 $;-95,68 $;5,68 $;-217,04 $;-95,68 $;0,00%;-95,68 $;0,00 $;-95,68 $;0,00 $;-95,68 $;30,00;270,00 $;65,00 $;160,68 $;0,07%;
09/06/2023;1;26796,96 $;264,32 $;264,32 $;0,00 $;5,68 $;0,00 $;0,00 $;100,00%;264,32 $;264,32 $;0,00 $;264,32 $;0,00 $;240,00;345,00 $;340,00 $;75,68 $;0,07%;
12/06/2023;1;27446,28 $;649,32 $;649,32 $;0,00 $;5,68 $;0,00 $;0,00 $;100,00%;649,32 $;649,32 $;0,00 $;649,32 $;0,00 $;210,00;20,00 $;735,00 $;85,68 $;0,07%;
13/06/2023;1;27195,60 $;-250,68 $;0,00 $;-250,68 $;5,68 $;-250,68 $;-250,68 $;0,00%;-250,68 $;0,00 $;-250,68 $;0,00 $;-250,68 $;210,00;575,00 $;215,00 $;465,68 $;0,07%;
14/06/2023;2;26444,24 $;-751,36 $;69,32 $;-820,68 $;11,36 $;-1071,36 $;-820,68 $;50,00%;-375,68 $;69,32 $;-820,68 $;69,32 $;-820,68 $;270,00;882,50 $;100,00 $;475,68 $;0,14%;
15/06/2023;1;26878,56 $;434,32 $;434,32 $;0,00 $;5,68 $;-567,72 $;0,00 $;100,00%;434,32 $;434,32 $;0,00 $;434,32 $;0,00 $;240,00;350,00 $;695,00 $;260,68 $;0,07%;
16/06/2023;1;26242,88 $;-635,68 $;0,00 $;-635,68 $;5,68 $;-1203,40 $;-635,68 $;0,00%;-635,68 $;0,00 $;-635,68 $;0,00 $;-635,68 $;210,00;885,00 $;175,00 $;810,68 $;0,07%;
20/06/2023;1;26152,20 $;-90,68 $;0,00 $;-90,68 $;5,68 $;-1294,08 $;-90,68 $;0,00%;-90,68 $;0,00 $;-90,68 $;0,00 $;-90,68 $;210,00;215,00 $;475,00 $;565,68 $;0,07%;
21/06/2023;1;25821,52 $;-330,68 $;0,00 $;-330,68 $;5,68 $;-1624,76 $;-330,68 $;0,00%;-330,68 $;0,00 $;-330,68 $;0,00 $;-330,68 $;240,00;345,00 $;195,00 $;525,68 $;0,07%;
22/06/2023;1;26115,84 $;294,32 $;294,32 $;0,00 $;5,68 $;-1330,44 $;0,00 $;100,00%;294,32 $;294,32 $;0,00 $;294,32 $;0,00 $;30,00;155,00 $;345,00 $;50,68 $;0,07%;
23/06/2023;1;25620,16 $;-495,68 $;0,00 $;-495,68 $;5,68 $;-1826,12 $;-495,68 $;0,00%;-495,68 $;0,00 $;-495,68 $;0,00 $;-495,68 $;210,00;750,00 $;145,00 $;640,68 $;0,07%;
26/06/2023;1;26294,48 $;674,32 $;674,32 $;0,00 $;5,68 $;-1151,80 $;0,00 $;100,00%;674,32 $;674,32 $;0,00 $;674,32 $;0,00 $;240,00;20,00 $;710,00 $;35,68 $;0,07%;
28/06/2023;1;26203,80 $;-90,68 $;0,00 $;-90,68 $;5,68 $;-1242,48 $;-90,68 $;0,00%;-90,68 $;0,00 $;-90,68 $;0,00 $;-90,68 $;240,00;280,00 $;475,00 $;565,68 $;0,07%;
29/06/2023;1;26393,12 $;189,32 $;189,32 $;0,00 $;5,68 $;-1053,16 $;0,00 $;100,00%;189,32 $;189,32 $;0,00 $;189,32 $;0,00 $;240,00;260,00 $;460,00 $;270,68 $;0,07%;
30/06/2023;1;26842,44 $;449,32 $;449,32 $;0,00 $;5,68 $;-603,84 $;0,00 $;100,00%;449,32 $;449,32 $;0,00 $;449,32 $;0,00 $;240,00;245,00 $;510,00 $;60,68 $;0,07%;
03/07/2023;1;26891,76 $;49,32 $;49,32 $;0,00 $;5,68 $;-554,52 $;0,00 $;100,00%;49,32 $;49,32 $;0,00 $;49,32 $;0,00 $;45,00;110,00 $;235,00 $;185,68 $;0,07%;
05/07/2023;1;26816,08 $;-75,68 $;0,00 $;-75,68 $;5,68 $;-630,20 $;-75,68 $;0,00%;-75,68 $;0,00 $;-75,68 $;0,00 $;-75,68 $;150,00;230,00 $;185,00 $;260,68 $;0,07%;
06/07/2023;1;27175,40 $;359,32 $;359,32 $;0,00 $;5,68 $;-270,88 $;0,00 $;100,00%;359,32 $;359,32 $;0,00 $;359,32 $;0,00 $;210,00;100,00 $;530,00 $;170,68 $;0,07%;
07/07/2023;1;27119,72 $;-55,68 $;0,00 $;-55,68 $;5,68 $;-326,56 $;-55,68 $;0,00%;-55,68 $;0,00 $;-55,68 $;0,00 $;-55,68 $;240,00;120,00 $;835,00 $;890,68 $;0,07%;
10/07/2023;1;27314,04 $;194,32 $;194,32 $;0,00 $;5,68 $;-132,24 $;0,00 $;100,00%;194,32 $;194,32 $;0,00 $;194,32 $;0,00 $;240,00;320,00 $;350,00 $;155,68 $;0,07%;
11/07/2023;2;27792,68 $;478,64 $;519,32 $;-40,68 $;11,36 $;-40,68 $;-40,68 $;50,00%;239,32 $;519,32 $;-40,68 $;519,32 $;-40,68 $;270,00;65,00 $;292,50 $;53,18 $;0,14%;
12/07/2023;1;27012,00 $;-780,68 $;0,00 $;-780,68 $;5,68 $;-821,36 $;-780,68 $;0,00%;-780,68 $;0,00 $;-780,68 $;0,00 $;-780,68 $;240,00;940,00 $;50,00 $;830,68 $;0,07%;
13/07/2023;1;27181,32 $;169,32 $;169,32 $;0,00 $;5,68 $;-652,04 $;0,00 $;100,00%;169,32 $;169,32 $;0,00 $;169,32 $;0,00 $;240,00;125,00 $;250,00 $;80,68 $;0,07%;
17/07/2023;1;27490,64 $;309,32 $;309,32 $;0,00 $;5,68 $;-342,72 $;0,00 $;100,00%;309,32 $;309,32 $;0,00 $;309,32 $;0,00 $;240,00;135,00 $;465,00 $;155,68 $;0,07%;
18/07/2023;1;27549,96 $;59,32 $;59,32 $;0,00 $;5,68 $;-283,40 $;0,00 $;100,00%;59,32 $;59,32 $;0,00 $;59,32 $;0,00 $;240,00;325,00 $;235,00 $;175,68 $;0,07%;
20/07/2023;1;27729,28 $;179,32 $;179,32 $;0,00 $;5,68 $;-104,08 $;0,00 $;100,00%;179,32 $;179,32 $;0,00 $;179,32 $;0,00 $;90,00;45,00 $;410,00 $;230,68 $;0,07%;
24/07/2023;1;27533,60 $;-195,68 $;0,00 $;-195,68 $;5,68 $;-299,76 $;-195,68 $;0,00%;-195,68 $;0,00 $;-195,68 $;0,00 $;-195,68 $;240,00;205,00 $;230,00 $;425,68 $;0,07%;
25/07/2023;1;27672,92 $;139,32 $;139,32 $;0,00 $;5,68 $;-160,44 $;0,00 $;100,00%;139,32 $;139,32 $;0,00 $;139,32 $;0,00 $;240,00;10,00 $;465,00 $;325,68 $;0,07%;
26/07/2023;2;27536,56 $;-136,36 $;14,32 $;-150,68 $;11,36 $;-296,80 $;-150,68 $;50,00%;-68,18 $;14,32 $;-150,68 $;14,32 $;-150,68 $;270,00;247,50 $;477,50 $;545,68 $;0,14%;
28/07/2023;1;27065,88 $;-470,68 $;0,00 $;-470,68 $;5,68 $;-767,48 $;-470,68 $;0,00%;-470,68 $;0,00 $;-470,68 $;0,00 $;-470,68 $;240,00;965,00 $;130,00 $;600,68 $;0,07%;
31/07/2023;1;26940,20 $;-125,68 $;0,00 $;-125,68 $;5,68 $;-893,16 $;-125,68 $;0,00%;-125,68 $;0,00 $;-125,68 $;0,00 $;-125,68 $;240,00;365,00 $;45,00 $;170,68 $;0,07%;
01/08/2023;1;26939,52 $;-0,68 $;0,00 $;-0,68 $;5,68 $;-893,84 $;-0,68 $;0,00%;-0,68 $;0,00 $;-0,68 $;0,00 $;-0,68 $;30,00;170,00 $;140,00 $;140,68 $;0,07%;
02/08/2023;1;26533,84 $;-405,68 $;0,00 $;-405,68 $;5,68 $;-1299,52 $;-405,68 $;0,00%;-405,68 $;0,00 $;-405,68 $;0,00 $;-405,68 $;210,00;835,00 $;140,00 $;545,68 $;0,07%;
03/08/2023;1;26543,16 $;9,32 $;9,32 $;0,00 $;5,68 $;-1290,20 $;0,00 $;100,00%;9,32 $;9,32 $;0,00 $;9,32 $;0,00 $;240,00;175,00 $;570,00 $;560,68 $;0,07%;
04/08/2023;1;24487,48 $;-2055,68 $;0,00 $;-2055,68 $;5,68 $;-3345,88 $;-2055,68 $;0,00%;-2055,68 $;0,00 $;-2055,68 $;0,00 $;-2055,68 $;210,00;2280,00 $;145,00 $;2200,68 $;0,07%;
08/08/2023;1;25201,80 $;714,32 $;714,32 $;0,00 $;5,68 $;-2631,56 $;0,00 $;100,00%;714,32 $;714,32 $;0,00 $;714,32 $;0,00 $;210,00;30,00 $;960,00 $;245,68 $;0,07%;
09/08/2023;1;24546,12 $;-655,68 $;0,00 $;-655,68 $;5,68 $;-3287,24 $;-655,68 $;0,00%;-655,68 $;0,00 $;-655,68 $;0,00 $;-655,68 $;90,00;1115,00 $;150,00 $;805,68 $;0,07%;
10/08/2023;1;23535,44 $;-1010,68 $;0,00 $;-1010,68 $;5,68 $;-4297,92 $;-1010,68 $;0,00%;-1010,68 $;0,00 $;-1010,68 $;0,00 $;-1010,68 $;240,00;1415,00 $;130,00 $;1140,68 $;0,07%;
11/08/2023;1;23959,76 $;424,32 $;424,32 $;0,00 $;5,68 $;-3873,60 $;0,00 $;100,00%;424,32 $;424,32 $;0,00 $;424,32 $;0,00 $;240,00;135,00 $;535,00 $;110,68 $;0,07%;
14/08/2023;1;23634,08 $;-325,68 $;0,00 $;-325,68 $;5,68 $;-4199,28 $;-325,68 $;0,00%;-325,68 $;0,00 $;-325,68 $;0,00 $;-325,68 $;240,00;395,00 $;245,00 $;570,68 $;0,07%;
15/08/2023;1;23328,40 $;-305,68 $;0,00 $;-305,68 $;5,68 $;-4504,96 $;-305,68 $;0,00%;-305,68 $;0,00 $;-305,68 $;0,00 $;-305,68 $;210,00;580,00 $;160,00 $;465,68 $;0,07%;
16/08/2023;1;22012,72 $;-1315,68 $;0,00 $;-1315,68 $;5,68 $;-5820,64 $;-1315,68 $;0,00%;-1315,68 $;0,00 $;-1315,68 $;0,00 $;-1315,68 $;240,00;1425,00 $;95,00 $;1410,68 $;0,07%;
17/08/2023;1;20912,04 $;-1100,68 $;0,00 $;-1100,68 $;5,68 $;-6921,32 $;-1100,68 $;0,00%;-1100,68 $;0,00 $;-1100,68 $;0,00 $;-1100,68 $;150,00;1210,00 $;85,00 $;1185,68 $;0,07%;
18/08/2023;1;20916,36 $;4,32 $;4,32 $;0,00 $;5,68 $;-6917,00 $;0,00 $;100,00%;4,32 $;4,32 $;0,00 $;4,32 $;0,00 $;240,00;285,00 $;350,00 $;345,68 $;0,07%;
21/08/2023;1;21040,68 $;124,32 $;124,32 $;0,00 $;5,68 $;-6792,68 $;0,00 $;100,00%;124,32 $;124,32 $;0,00 $;124,32 $;0,00 $;150,00;125,00 $;635,00 $;510,68 $;0,07%;
22/08/2023;1;20880,00 $;-160,68 $;0,00 $;-160,68 $;5,68 $;-6953,36 $;-160,68 $;0,00%;-160,68 $;0,00 $;-160,68 $;0,00 $;-160,68 $;210,00;350,00 $;310,00 $;470,68 $;0,07%;
23/08/2023;1;20994,32 $;114,32 $;114,32 $;0,00 $;5,68 $;-6839,04 $;0,00 $;100,00%;114,32 $;114,32 $;0,00 $;114,32 $;0,00 $;240,00;160,00 $;490,00 $;375,68 $;0,07%;
24/08/2023;1;20273,64 $;-720,68 $;0,00 $;-720,68 $;5,68 $;-7559,72 $;-720,68 $;0,00%;-720,68 $;0,00 $;-720,68 $;0,00 $;-720,68 $;240,00;985,00 $;10,00 $;730,68 $;0,07%;
25/08/2023;1;20512,96 $;239,32 $;239,32 $;0,00 $;5,68 $;-7320,40 $;0,00 $;100,00%;239,32 $;239,32 $;0,00 $;239,32 $;0,00 $;210,00;495,00 $;740,00 $;500,68 $;0,07%;
29/08/2023;2;21151,60 $;638,64 $;644,32 $;-5,68 $;11,36 $;-6681,76 $;-5,68 $;50,00%;319,32 $;644,32 $;-5,68 $;644,32 $;-5,68 $;270,00;22,50 $;357,50 $;38,18 $;0,14%;
31/08/2023;1;20500,92 $;-650,68 $;0,00 $;-650,68 $;5,68 $;-7332,44 $;-650,68 $;0,00%;-650,68 $;0,00 $;-650,68 $;0,00 $;-650,68 $;210,00;790,00 $;55,00 $;705,68 $;0,07%;
05/09/2023;1;19860,24 $;-640,68 $;0,00 $;-640,68 $;5,68 $;-7973,12 $;-640,68 $;0,00%;-640,68 $;0,00 $;-640,68 $;0,00 $;-640,68 $;210,00;730,00 $;40,00 $;680,68 $;0,07%;
06/09/2023;1;20049,56 $;189,32 $;189,32 $;0,00 $;5,68 $;-7783,80 $;0,00 $;100,00%;189,32 $;189,32 $;0,00 $;189,32 $;0,00 $;210,00;500,00 $;430,00 $;240,68 $;0,07%;
07/09/2023;1;19918,88 $;-130,68 $;0,00 $;-130,68 $;5,68 $;-7914,48 $;-130,68 $;0,00%;-130,68 $;0,00 $;-130,68 $;0,00 $;-130,68 $;150,00;455,00 $;70,00 $;200,68 $;0,07%;
08/09/2023;1;19398,20 $;-520,68 $;0,00 $;-520,68 $;5,68 $;-8435,16 $;-520,68 $;0,00%;-520,68 $;0,00 $;-520,68 $;0,00 $;-520,68 $;240,00;555,00 $;120,00 $;640,68 $;0,07%;
11/09/2023;1;19267,52 $;-130,68 $;0,00 $;-130,68 $;5,68 $;-8565,84 $;-130,68 $;0,00%;-130,68 $;0,00 $;-130,68 $;0,00 $;-130,68 $;150,00;240,00 $;85,00 $;215,68 $;0,07%;
12/09/2023;1;19021,84 $;-245,68 $;0,00 $;-245,68 $;5,68 $;-8811,52 $;-245,68 $;0,00%;-245,68 $;0,00 $;-245,68 $;0,00 $;-245,68 $;240,00;370,00 $;955,00 $;1200,68 $;0,07%;
13/09/2023;1;18426,16 $;-595,68 $;0,00 $;-595,68 $;5,68 $;-9407,20 $;-595,68 $;0,00%;-595,68 $;0,00 $;-595,68 $;0,00 $;-595,68 $;210,00;1015,00 $;55,00 $;650,68 $;0,07%;
14/09/2023;1;18825,48 $;399,32 $;399,32 $;0,00 $;5,68 $;-9007,88 $;0,00 $;100,00%;399,32 $;399,32 $;0,00 $;399,32 $;0,00 $;210,00;10,00 $;500,00 $;100,68 $;0,07%;
15/09/2023;1;18269,80 $;-555,68 $;0,00 $;-555,68 $;5,68 $;-9563,56 $;-555,68 $;0,00%;-555,68 $;0,00 $;-555,68 $;0,00 $;-555,68 $;240,00;945,00 $;35,00 $;590,68 $;0,07%;
18/09/2023;1;17954,12 $;-315,68 $;0,00 $;-315,68 $;5,68 $;-9879,24 $;-315,68 $;0,00%;-315,68 $;0,00 $;-315,68 $;0,00 $;-315,68 $;150,00;475,00 $;105,00 $;420,68 $;0,07%;
19/09/2023;1;18443,44 $;489,32 $;489,32 $;0,00 $;5,68 $;-9389,92 $;0,00 $;100,00%;489,32 $;489,32 $;0,00 $;489,32 $;0,00 $;240,00;435,00 $;750,00 $;260,68 $;0,07%;
20/09/2023;1;17987,76 $;-455,68 $;0,00 $;-455,68 $;5,68 $;-9845,60 $;-455,68 $;0,00%;-455,68 $;0,00 $;-455,68 $;0,00 $;-455,68 $;240,00;755,00 $;490,00 $;945,68 $;0,07%;
21/09/2023;1;17352,08 $;-635,68 $;0,00 $;-635,68 $;5,68 $;-10481,28 $;-635,68 $;0,00%;-635,68 $;0,00 $;-635,68 $;0,00 $;-635,68 $;240,00;650,00 $;355,00 $;990,68 $;0,07%;
22/09/2023;2;17105,72 $;-246,36 $;0,00 $;-246,36 $;11,36 $;-10727,64 $;-246,36 $;0,00%;-123,18 $;0,00 $;-123,18 $;0,00 $;-170,68 $;270,00;487,50 $;32,50 $;155,68 $;0,14%;
25/09/2023;1;17310,04 $;204,32 $;204,32 $;0,00 $;5,68 $;-10523,32 $;0,00 $;100,00%;204,32 $;204,32 $;0,00 $;204,32 $;0,00 $;210,00;575,00 $;245,00 $;40,68 $;0,07%;
26/09/2023;1;17229,36 $;-80,68 $;0,00 $;-80,68 $;5,68 $;-10604,00 $;-80,68 $;0,00%;-80,68 $;0,00 $;-80,68 $;0,00 $;-80,68 $;150,00;555,00 $;60,00 $;140,68 $;0,07%;
27/09/2023;2;17403,00 $;173,64 $;173,64 $;0,00 $;11,36 $;-10474,68 $;0,00 $;100,00%;86,82 $;86,82 $;0,00 $;129,32 $;0,00 $;240,00;660,00 $;257,50 $;170,68 $;0,14%;
28/09/2023;1;17692,32 $;289,32 $;289,32 $;0,00 $;5,68 $;-10141,04 $;0,00 $;100,00%;289,32 $;289,32 $;0,00 $;289,32 $;0,00 $;240,00;495,00 $;485,00 $;195,68 $;0,07%;
29/09/2023;1;17631,64 $;-60,68 $;0,00 $;-60,68 $;5,68 $;-10201,72 $;-60,68 $;0,00%;-60,68 $;0,00 $;-60,68 $;0,00 $;-60,68 $;0,00;55,00 $;60,00 $;120,68 $;0,07%;
03/10/2023;1;17205,96 $;-425,68 $;0,00 $;-425,68 $;5,68 $;-10627,40 $;-425,68 $;0,00%;-425,68 $;0,00 $;-425,68 $;0,00 $;-425,68 $;150,00;730,00 $;20,00 $;445,68 $;0,07%;
04/10/2023;1;17110,28 $;-95,68 $;0,00 $;-95,68 $;5,68 $;-10723,08 $;-95,68 $;0,00%;-95,68 $;0,00 $;-95,68 $;0,00 $;-95,68 $;210,00;1010,00 $;260,00 $;355,68 $;0,07%;
05/10/2023;1;17544,60 $;434,32 $;434,32 $;0,00 $;5,68 $;-10288,76 $;0,00 $;100,00%;434,32 $;434,32 $;0,00 $;434,32 $;0,00 $;150,00;150,00 $;820,00 $;385,68 $;0,07%;
06/10/2023;1;18798,92 $;1254,32 $;1254,32 $;0,00 $;5,68 $;-9034,44 $;0,00 $;100,00%;1254,32 $;1254,32 $;0,00 $;1254,32 $;0,00 $;240,00;0,00 $;1520,00 $;265,68 $;0,07%;
09/10/2023;1;18828,24 $;29,32 $;29,32 $;0,00 $;5,68 $;-9005,12 $;0,00 $;100,00%;29,32 $;29,32 $;0,00 $;29,32 $;0,00 $;30,00;225,00 $;160,00 $;130,68 $;0,07%;
10/10/2023;1;18387,56 $;-440,68 $;0,00 $;-440,68 $;5,68 $;-9445,80 $;-440,68 $;0,00%;-440,68 $;0,00 $;-440,68 $;0,00 $;-440,68 $;240,00;555,00 $;370,00 $;810,68 $;0,07%;
11/10/2023;1;18961,88 $;574,32 $;574,32 $;0,00 $;5,68 $;-8871,48 $;0,00 $;100,00%;574,32 $;574,32 $;0,00 $;574,32 $;0,00 $;30,00;45,00 $;615,00 $;40,68 $;0,07%;
16/10/2023;1;18876,20 $;-85,68 $;0,00 $;-85,68 $;5,68 $;-8957,16 $;-85,68 $;0,00%;-85,68 $;0,00 $;-85,68 $;0,00 $;-85,68 $;240,00;830,00 $;40,00 $;125,68 $;0,07%;
17/10/2023;1;18720,52 $;-155,68 $;0,00 $;-155,68 $;5,68 $;-9112,84 $;-155,68 $;0,00%;-155,68 $;0,00 $;-155,68 $;0,00 $;-155,68 $;240,00;735,00 $;765,00 $;920,68 $;0,07%;
18/10/2023;1;18094,84 $;-625,68 $;0,00 $;-625,68 $;5,68 $;-9738,52 $;-625,68 $;0,00%;-625,68 $;0,00 $;-625,68 $;0,00 $;-625,68 $;90,00;1045,00 $;200,00 $;825,68 $;0,07%;
19/10/2023;1;16249,16 $;-1845,68 $;0,00 $;-1845,68 $;5,68 $;-11584,20 $;-1845,68 $;0,00%;-1845,68 $;0,00 $;-1845,68 $;0,00 $;-1845,68 $;150,00;2030,00 $;165,00 $;2010,68 $;0,07%;
23/10/2023;1;15343,48 $;-905,68 $;0,00 $;-905,68 $;5,68 $;-12489,88 $;-905,68 $;0,00%;-905,68 $;0,00 $;-905,68 $;0,00 $;-905,68 $;240,00;930,00 $;485,00 $;1390,68 $;0,07%;
24/10/2023;1;15617,80 $;274,32 $;274,32 $;0,00 $;5,68 $;-12215,56 $;0,00 $;100,00%;274,32 $;274,32 $;0,00 $;274,32 $;0,00 $;240,00;810,00 $;325,00 $;50,68 $;0,07%;
25/10/2023;1;15387,12 $;-230,68 $;0,00 $;-230,68 $;5,68 $;-12446,24 $;-230,68 $;0,00%;-230,68 $;0,00 $;-230,68 $;0,00 $;-230,68 $;210,00;705,00 $;235,00 $;465,68 $;0,07%;
26/10/2023;1;14921,44 $;-465,68 $;0,00 $;-465,68 $;5,68 $;-12911,92 $;-465,68 $;0,00%;-465,68 $;0,00 $;-465,68 $;0,00 $;-465,68 $;90,00;875,00 $;550,00 $;1015,68 $;0,07%;
30/10/2023;1;15795,76 $;874,32 $;874,32 $;0,00 $;5,68 $;-12037,60 $;0,00 $;100,00%;874,32 $;874,32 $;0,00 $;874,32 $;0,00 $;210,00;195,00 $;1270,00 $;395,68 $;0,07%;
31/10/2023;1;15900,08 $;104,32 $;104,32 $;0,00 $;5,68 $;-11933,28 $;0,00 $;100,00%;104,32 $;104,32 $;0,00 $;104,32 $;0,00 $;150,00;55,00 $;465,00 $;360,68 $;0,07%;
01/11/2023;2;16483,72 $;583,64 $;583,64 $;0,00 $;11,36 $;-11438,96 $;0,00 $;100,00%;291,82 $;291,82 $;0,00 $;494,32 $;0,00 $;240,00;345,00 $;410,00 $;118,18 $;0,14%;
03/11/2023;1;16428,04 $;-55,68 $;0,00 $;-55,68 $;5,68 $;-11405,32 $;-55,68 $;0,00%;-55,68 $;0,00 $;-55,68 $;0,00 $;-55,68 $;210,00;245,00 $;315,00 $;370,68 $;0,07%;
07/11/2023;1;16437,36 $;9,32 $;9,32 $;0,00 $;5,68 $;-11396,00 $;0,00 $;100,00%;9,32 $;9,32 $;0,00 $;9,32 $;0,00 $;240,00;330,00 $;220,00 $;210,68 $;0,07%;
08/11/2023;1;16751,68 $;314,32 $;314,32 $;0,00 $;5,68 $;-11081,68 $;0,00 $;100,00%;314,32 $;314,32 $;0,00 $;314,32 $;0,00 $;210,00;115,00 $;530,00 $;215,68 $;0,07%;
09/11/2023;1;15621,00 $;-1130,68 $;0,00 $;-1130,68 $;5,68 $;-12212,36 $;-1130,68 $;0,00%;-1130,68 $;0,00 $;-1130,68 $;0,00 $;-1130,68 $;240,00;1190,00 $;170,00 $;1300,68 $;0,07%;
10/11/2023;1;16665,32 $;1044,32 $;1044,32 $;0,00 $;5,68 $;-11168,04 $;0,00 $;100,00%;1044,32 $;1044,32 $;0,00 $;1044,32 $;0,00 $;210,00;0,00 $;1245,00 $;200,68 $;0,07%;
13/11/2023;1;16849,64 $;184,32 $;184,32 $;0,00 $;5,68 $;-10983,72 $;0,00 $;100,00%;184,32 $;184,32 $;0,00 $;184,32 $;0,00 $;240,00;100,00 $;440,00 $;255,68 $;0,07%;
14/11/2023;2;16793,28 $;-56,36 $;0,00 $;-56,36 $;11,36 $;-11040,08 $;-56,36 $;0,00%;-28,18 $;0,00 $;-28,18 $;0,00 $;-35,68 $;270,00;380,00 $;55,00 $;83,18 $;0,14%;
15/11/2023;1;16722,60 $;-70,68 $;0,00 $;-70,68 $;5,68 $;-11110,76 $;-70,68 $;0,00%;-70,68 $;0,00 $;-70,68 $;0,00 $;-70,68 $;210,00;315,00 $;375,00 $;445,68 $;0,07%;
16/11/2023;1;16896,92 $;174,32 $;174,32 $;0,00 $;5,68 $;-10936,44 $;0,00 $;100,00%;174,32 $;174,32 $;0,00 $;174,32 $;0,00 $;240,00;195,00 $;360,00 $;185,68 $;0,07%;
17/11/2023;1;17241,24 $;344,32 $;344,32 $;0,00 $;5,68 $;-10592,12 $;0,00 $;100,00%;344,32 $;344,32 $;0,00 $;344,32 $;0,00 $;240,00;105,00 $;455,00 $;110,68 $;0,07%;
20/11/2023;1;18115,56 $;874,32 $;874,32 $;0,00 $;5,68 $;-9717,80 $;0,00 $;100,00%;874,32 $;874,32 $;0,00 $;874,32 $;0,00 $;240,00;45,00 $;900,00 $;25,68 $;0,07%;
21/11/2023;1;18174,88 $;59,32 $;59,32 $;0,00 $;5,68 $;-9658,48 $;0,00 $;100,00%;59,32 $;59,32 $;0,00 $;59,32 $;0,00 $;30,00;115,00 $;150,00 $;90,68 $;0,07%;
22/11/2023;1;18274,20 $;99,32 $;99,32 $;0,00 $;5,68 $;-9559,16 $;0,00 $;100,00%;99,32 $;99,32 $;0,00 $;99,32 $;0,00 $;210,00;390,00 $;160,00 $;60,68 $;0,07%;
23/11/2023;1;18143,52 $;-130,68 $;0,00 $;-130,68 $;5,68 $;-9689,84 $;-130,68 $;0,00%;-130,68 $;0,00 $;-130,68 $;0,00 $;-130,68 $;30,00;160,00 $;25,00 $;155,68 $;0,07%;
24/11/2023;1;18267,84 $;124,32 $;124,32 $;0,00 $;5,68 $;-9565,52 $;0,00 $;100,00%;124,32 $;124,32 $;0,00 $;124,32 $;0,00 $;45,00;195,00 $;160,00 $;35,68 $;0,07%;
27/11/2023;2;18336,48 $;68,64 $;68,64 $;0,00 $;11,36 $;-9546,20 $;0,00 $;100,00%;34,32 $;34,32 $;0,00 $;49,32 $;0,00 $;240,00;222,50 $;120,00 $;85,68 $;0,14%;
28/11/2023;1;18170,80 $;-165,68 $;0,00 $;-165,68 $;5,68 $;-9662,56 $;-165,68 $;0,00%;-165,68 $;0,00 $;-165,68 $;0,00 $;-165,68 $;210,00;615,00 $;0,00 $;165,68 $;0,07%;
30/11/2023;1;18230,12 $;59,32 $;59,32 $;0,00 $;5,68 $;-9603,24 $;0,00 $;100,00%;59,32 $;59,32 $;0,00 $;59,32 $;0,00 $;240,00;550,00 $;375,00 $;315,68 $;0,07%;
01/12/2023;1;19029,44 $;799,32 $;799,32 $;0,00 $;5,68 $;-8803,92 $;0,00 $;100,00%;799,32 $;799,32 $;0,00 $;799,32 $;0,00 $;240,00;170,00 $;1035,00 $;235,68 $;0,07%;
05/12/2023;1;19303,76 $;274,32 $;274,32 $;0,00 $;5,68 $;-8529,60 $;0,00 $;100,00%;274,32 $;274,32 $;0,00 $;274,32 $;0,00 $;240,00;350,00 $;315,00 $;40,68 $;0,07%;
07/12/2023;1;19733,08 $;429,32 $;429,32 $;0,00 $;5,68 $;-8100,28 $;0,00 $;100,00%;429,32 $;429,32 $;0,00 $;429,32 $;0,00 $;240,00;45,00 $;625,00 $;195,68 $;0,07%;
08/12/2023;1;20377,40 $;644,32 $;644,32 $;0,00 $;5,68 $;-7455,96 $;0,00 $;100,00%;644,32 $;644,32 $;0,00 $;644,32 $;0,00 $;240,00;310,00 $;680,00 $;35,68 $;0,07%;
11/12/2023;1;20666,72 $;289,32 $;289,32 $;0,00 $;5,68 $;-7166,64 $;0,00 $;100,00%;289,32 $;289,32 $;0,00 $;289,32 $;0,00 $;90,00;75,00 $;335,00 $;45,68 $;0,07%;
12/12/2023;1;20886,04 $;219,32 $;219,32 $;0,00 $;5,68 $;-6947,32 $;0,00 $;100,00%;219,32 $;219,32 $;0,00 $;219,32 $;0,00 $;210,00;290,00 $;245,00 $;25,68 $;0,07%;
13/12/2023;1;23650,36 $;2764,32 $;2764,32 $;0,00 $;5,68 $;-4183,00 $;0,00 $;100,00%;2764,32 $;2764,32 $;0,00 $;2764,32 $;0,00 $;210,00;45,00 $;2880,00 $;115,68 $;0,07%;
14/12/2023;1;23909,68 $;259,32 $;259,32 $;0,00 $;5,68 $;-3923,68 $;0,00 $;100,00%;259,32 $;259,32 $;0,00 $;259,32 $;0,00 $;240,00;605,00 $;645,00 $;385,68 $;0,07%;
15/12/2023;2;23653,32 $;-256,36 $;0,00 $;-256,36 $;11,36 $;-4180,04 $;-256,36 $;0,00%;-128,18 $;0,00 $;-128,18 $;0,00 $;-205,68 $;270,00;327,50 $;85,00 $;213,18 $;0,14%;
19/12/2023;1;23532,64 $;-120,68 $;0,00 $;-120,68 $;5,68 $;-4300,72 $;-120,68 $;0,00%;-120,68 $;0,00 $;-120,68 $;0,00 $;-120,68 $;240,00;320,00 $;35,00 $;155,68 $;0,07%;
20/12/2023;1;20786,96 $;-2745,68 $;0,00 $;-2745,68 $;5,68 $;-7046,40 $;-2745,68 $;0,00%;-2745,68 $;0,00 $;-2745,68 $;0,00 $;-2745,68 $;210,00;3045,00 $;65,00 $;2810,68 $;0,07%;
21/12/2023;1;21816,28 $;1029,32 $;1029,32 $;0,00 $;5,68 $;-6017,08 $;0,00 $;100,00%;1029,32 $;1029,32 $;0,00 $;1029,32 $;0,00 $;210,00;275,00 $;1240,00 $;210,68 $;0,07%;
22/12/2023;1;21765,60 $;-50,68 $;0,00 $;-50,68 $;5,68 $;-6067,76 $;-50,68 $;0,00%;-50,68 $;0,00 $;-50,68 $;0,00 $;-50,68 $;0,00;95,00 $;25,00 $;75,68 $;0,07%;
27/12/2023;1;21834,92 $;69,32 $;69,32 $;0,00 $;5,68 $;-5998,44 $;0,00 $;100,00%;69,32 $;69,32 $;0,00 $;69,32 $;0,00 $;240,00;265,00 $;485,00 $;415,68 $;0,07%;
28/12/2023;1;22119,24 $;284,32 $;284,32 $;0,00 $;5,68 $;-5714,12 $;0,00 $;100,00%;284,32 $;284,32 $;0,00 $;284,32 $;0,00 $;240,00;60,00 $;390,00 $;105,68 $;0,07%;
29/12/2023;1;22648,56 $;529,32 $;529,32 $;0,00 $;5,68 $;-5184,80 $;0,00 $;100,00%;529,32 $;529,32 $;0,00 $;529,32 $;0,00 $;240,00;290,00 $;570,00 $;40,68 $;0,07%;
03/01/2024;1;22662,88 $;14,32 $;14,32 $;0,00 $;5,68 $;-5170,48 $;0,00 $;100,00%;14,32 $;14,32 $;0,00 $;14,32 $;0,00 $;240,00;190,00 $;745,00 $;730,68 $;0,07%;
04/01/2024;1;21682,20 $;-980,68 $;0,00 $;-980,68 $;5,68 $;-6151,16 $;-980,68 $;0,00%;-980,68 $;0,00 $;-980,68 $;0,00 $;-980,68 $;240,00;1055,00 $;75,00 $;1055,68 $;0,07%;
05/01/2024;1;21236,52 $;-445,68 $;0,00 $;-445,68 $;5,68 $;-6596,84 $;-445,68 $;0,00%;-445,68 $;0,00 $;-445,68 $;0,00 $;-445,68 $;240,00;935,00 $;120,00 $;565,68 $;0,07%;
08/01/2024;1;22305,84 $;1069,32 $;1069,32 $;0,00 $;5,68 $;-5527,52 $;0,00 $;100,00%;1069,32 $;1069,32 $;0,00 $;1069,32 $;0,00 $;240,00;110,00 $;1265,00 $;195,68 $;0,07%;
09/01/2024;1;22130,16 $;-175,68 $;0,00 $;-175,68 $;5,68 $;-5703,20 $;-175,68 $;0,00%;-175,68 $;0,00 $;-175,68 $;0,00 $;-175,68 $;210,00;525,00 $;115,00 $;290,68 $;0,07%;
11/01/2024;1;22264,48 $;134,32 $;134,32 $;0,00 $;5,68 $;-5568,88 $;0,00 $;100,00%;134,32 $;134,32 $;0,00 $;134,32 $;0,00 $;90,00;110,00 $;355,00 $;220,68 $;0,07%;
16/01/2024;1;22378,80 $;114,32 $;114,32 $;0,00 $;5,68 $;-5454,56 $;0,00 $;100,00%;114,32 $;114,32 $;0,00 $;114,32 $;0,00 $;210,00;680,00 $;230,00 $;115,68 $;0,07%;
17/01/2024;1;22853,12 $;474,32 $;474,32 $;0,00 $;5,68 $;-4980,24 $;0,00 $;100,00%;474,32 $;474,32 $;0,00 $;474,32 $;0,00 $;30,00;20,00 $;635,00 $;160,68 $;0,07%;
18/01/2024;1;24042,44 $;1189,32 $;1189,32 $;0,00 $;5,68 $;-3790,92 $;0,00 $;100,00%;1189,32 $;1189,32 $;0,00 $;1189,32 $;0,00 $;240,00;470,00 $;1195,00 $;5,68 $;0,07%;
19/01/2024;1;25231,76 $;1189,32 $;1189,32 $;0,00 $;5,68 $;-2601,60 $;0,00 $;100,00%;1189,32 $;1189,32 $;0,00 $;1189,32 $;0,00 $;210,00;45,00 $;1505,00 $;315,68 $;0,07%;
22/01/2024;1;25141,08 $;-90,68 $;0,00 $;-90,68 $;5,68 $;-2692,28 $;-90,68 $;0,00%;-90,68 $;0,00 $;-90,68 $;0,00 $;-90,68 $;240,00;560,00 $;5,00 $;95,68 $;0,07%;
23/01/2024;1;25400,40 $;259,32 $;259,32 $;0,00 $;5,68 $;-2432,96 $;0,00 $;100,00%;259,32 $;259,32 $;0,00 $;259,32 $;0,00 $;90,00;45,00 $;330,00 $;70,68 $;0,07%;
29/01/2024;1;26394,72 $;994,32 $;994,32 $;0,00 $;5,68 $;-1438,64 $;0,00 $;100,00%;994,32 $;994,32 $;0,00 $;994,32 $;0,00 $;210,00;290,00 $;1180,00 $;185,68 $;0,07%;
30/01/2024;1;26519,04 $;124,32 $;124,32 $;0,00 $;5,68 $;-1314,32 $;0,00 $;100,00%;124,32 $;124,32 $;0,00 $;124,32 $;0,00 $;150,00;135,00 $;340,00 $;215,68 $;0,07%;
31/01/2024;1;25183,36 $;-1335,68 $;0,00 $;-1335,68 $;5,68 $;-2650,00 $;-1335,68 $;0,00%;-1335,68 $;0,00 $;-1335,68 $;0,00 $;-1335,68 $;240,00;1450,00 $;320,00 $;1655,68 $;0,07%;
01/02/2024;1;26702,68 $;1519,32 $;1519,32 $;0,00 $;5,68 $;-1130,68 $;0,00 $;100,00%;1519,32 $;1519,32 $;0,00 $;1519,32 $;0,00 $;240,00;10,00 $;1565,00 $;45,68 $;0,07%;
02/02/2024;1;27092,00 $;389,32 $;389,32 $;0,00 $;5,68 $;-741,36 $;0,00 $;100,00%;389,32 $;389,32 $;0,00 $;389,32 $;0,00 $;210,00;655,00 $;995,00 $;605,68 $;0,07%;
05/02/2024;1;27056,32 $;-35,68 $;0,00 $;-35,68 $;5,68 $;-777,04 $;-35,68 $;0,00%;-35,68 $;0,00 $;-35,68 $;0,00 $;-35,68 $;150,00;180,00 $;650,00 $;685,68 $;0,07%;
06/02/2024;2;27004,96 $;-51,36 $;64,32 $;-115,68 $;11,36 $;-892,72 $;-115,68 $;50,00%;-25,68 $;64,32 $;-115,68 $;64,32 $;-115,68 $;270,00;205,00 $;152,50 $;178,18 $;0,14%;
07/02/2024;1;27014,28 $;9,32 $;9,32 $;0,00 $;5,68 $;-819,08 $;0,00 $;100,00%;9,32 $;9,32 $;0,00 $;9,32 $;0,00 $;240,00;190,00 $;365,00 $;355,68 $;0,07%;
08/02/2024;1;27383,60 $;369,32 $;369,32 $;0,00 $;5,68 $;-449,76 $;0,00 $;100,00%;369,32 $;369,32 $;0,00 $;369,32 $;0,00 $;150,00;60,00 $;550,00 $;180,68 $;0,07%;
09/02/2024;1;27557,92 $;174,32 $;174,32 $;0,00 $;5,68 $;-275,44 $;0,00 $;100,00%;174,32 $;174,32 $;0,00 $;174,32 $;0,00 $;240,00;355,00 $;440,00 $;265,68 $;0,07%;
12/02/2024;1;27247,24 $;-310,68 $;0,00 $;-310,68 $;5,68 $;-586,12 $;-310,68 $;0,00%;-310,68 $;0,00 $;-310,68 $;0,00 $;-310,68 $;240,00;415,00 $;500,00 $;810,68 $;0,07%;
14/02/2024;1;27626,56 $;379,32 $;379,32 $;0,00 $;5,68 $;-206,80 $;0,00 $;100,00%;379,32 $;379,32 $;0,00 $;379,32 $;0,00 $;240,00;655,00 $;445,00 $;65,68 $;0,07%;
15/02/2024;1;28590,88 $;964,32 $;964,32 $;0,00 $;5,68 $;0,00 $;0,00 $;100,00%;964,32 $;964,32 $;0,00 $;964,32 $;0,00 $;240,00;40,00 $;1075,00 $;110,68 $;0,07%;
16/02/2024;1;28360,20 $;-230,68 $;0,00 $;-230,68 $;5,68 $;-230,68 $;-230,68 $;0,00%;-230,68 $;0,00 $;-230,68 $;0,00 $;-230,68 $;240,00;540,00 $;490,00 $;720,68 $;0,07%;
21/02/2024;1;29229,52 $;869,32 $;869,32 $;0,00 $;5,68 $;0,00 $;0,00 $;100,00%;869,32 $;869,32 $;0,00 $;869,32 $;0,00 $;30,00;5,00 $;1440,00 $;570,68 $;0,07%;
23/02/2024;1;28763,84 $;-465,68 $;0,00 $;-465,68 $;5,68 $;-465,68 $;-465,68 $;0,00%;-465,68 $;0,00 $;-465,68 $;0,00 $;-465,68 $;150,00;500,00 $;35,00 $;500,68 $;0,07%;
26/02/2024;1;28698,16 $;-65,68 $;0,00 $;-65,68 $;5,68 $;-531,36 $;-65,68 $;0,00%;-65,68 $;0,00 $;-65,68 $;0,00 $;-65,68 $;0,00;100,00 $;20,00 $;85,68 $;0,07%;
27/02/2024;1;29047,48 $;349,32 $;349,32 $;0,00 $;5,68 $;-182,04 $;0,00 $;100,00%;349,32 $;349,32 $;0,00 $;349,32 $;0,00 $;210,00;110,00 $;495,00 $;145,68 $;0,07%;
28/02/2024;1;28591,80 $;-455,68 $;0,00 $;-455,68 $;5,68 $;-637,72 $;-455,68 $;0,00%;-455,68 $;0,00 $;-455,68 $;0,00 $;-455,68 $;150,00;680,00 $;155,00 $;610,68 $;0,07%;
29/02/2024;1;28646,12 $;54,32 $;54,32 $;0,00 $;5,68 $;-583,40 $;0,00 $;100,00%;54,32 $;54,32 $;0,00 $;54,32 $;0,00 $;240,00;705,00 $;105,00 $;50,68 $;0,07%;
01/03/2024;1;29035,44 $;389,32 $;389,32 $;0,00 $;5,68 $;-194,08 $;0,00 $;100,00%;389,32 $;389,32 $;0,00 $;389,32 $;0,00 $;240,00;265,00 $;595,00 $;205,68 $;0,07%;
05/03/2024;1;27654,76 $;-1380,68 $;0,00 $;-1380,68 $;5,68 $;-1574,76 $;-1380,68 $;0,00%;-1380,68 $;0,00 $;-1380,68 $;0,00 $;-1380,68 $;240,00;1440,00 $;135,00 $;1515,68 $;0,07%;
06/03/2024;1;26524,08 $;-1130,68 $;0,00 $;-1130,68 $;5,68 $;-2705,44 $;-1130,68 $;0,00%;-1130,68 $;0,00 $;-1130,68 $;0,00 $;-1130,68 $;240,00;1420,00 $;100,00 $;1230,68 $;0,07%;
07/03/2024;1;26518,40 $;-5,68 $;0,00 $;-5,68 $;5,68 $;-2711,12 $;-5,68 $;0,00%;-5,68 $;0,00 $;-5,68 $;0,00 $;-5,68 $;210,00;260,00 $;565,00 $;570,68 $;0,07%;
08/03/2024;1;26332,72 $;-185,68 $;0,00 $;-185,68 $;5,68 $;-2896,80 $;-185,68 $;0,00%;-185,68 $;0,00 $;-185,68 $;0,00 $;-185,68 $;150,00;420,00 $;735,00 $;920,68 $;0,07%;
11/03/2024;1;26537,04 $;204,32 $;204,32 $;0,00 $;5,68 $;-2692,48 $;0,00 $;100,00%;204,32 $;204,32 $;0,00 $;204,32 $;0,00 $;150,00;210,00 $;260,00 $;55,68 $;0,07%;
12/03/2024;1;26941,36 $;404,32 $;404,32 $;0,00 $;5,68 $;-2288,16 $;0,00 $;100,00%;404,32 $;404,32 $;0,00 $;404,32 $;0,00 $;150,00;10,00 $;835,00 $;430,68 $;0,07%;
13/03/2024;1;26095,68 $;-845,68 $;0,00 $;-845,68 $;5,68 $;-3133,84 $;-845,68 $;0,00%;-845,68 $;0,00 $;-845,68 $;0,00 $;-845,68 $;240,00;1075,00 $;315,00 $;1160,68 $;0,07%;
14/03/2024;1;26470,00 $;374,32 $;374,32 $;0,00 $;5,68 $;-2759,52 $;0,00 $;100,00%;374,32 $;374,32 $;0,00 $;374,32 $;0,00 $;150,00;685,00 $;600,00 $;225,68 $;0,07%;
19/03/2024;1;26794,32 $;324,32 $;324,32 $;0,00 $;5,68 $;-2435,20 $;0,00 $;100,00%;324,32 $;324,32 $;0,00 $;324,32 $;0,00 $;240,00;0,00 $;700,00 $;375,68 $;0,07%;
20/03/2024;2;28707,96 $;1913,64 $;1913,64 $;0,00 $;11,36 $;-550,88 $;0,00 $;100,00%;956,82 $;956,82 $;0,00 $;1884,32 $;0,00 $;240,00;202,50 $;1037,50 $;80,68 $;0,14%;
22/03/2024;1;28127,28 $;-580,68 $;0,00 $;-580,68 $;5,68 $;-1102,24 $;-580,68 $;0,00%;-580,68 $;0,00 $;-580,68 $;0,00 $;-580,68 $;240,00;710,00 $;20,00 $;600,68 $;0,07%;
25/03/2024;1;27896,60 $;-230,68 $;0,00 $;-230,68 $;5,68 $;-1332,92 $;-230,68 $;0,00%;-230,68 $;0,00 $;-230,68 $;0,00 $;-230,68 $;240,00;290,00 $;120,00 $;350,68 $;0,07%;
26/03/2024;1;27535,92 $;-360,68 $;0,00 $;-360,68 $;5,68 $;-1693,60 $;-360,68 $;0,00%;-360,68 $;0,00 $;-360,68 $;0,00 $;-360,68 $;210,00;715,00 $;45,00 $;405,68 $;0,07%;
27/03/2024;1;28185,24 $;649,32 $;649,32 $;0,00 $;5,68 $;-1044,28 $;0,00 $;100,00%;649,32 $;649,32 $;0,00 $;649,32 $;0,00 $;240,00;260,00 $;720,00 $;70,68 $;0,07%;
28/03/2024;1;28539,56 $;354,32 $;354,32 $;0,00 $;5,68 $;-689,96 $;0,00 $;100,00%;354,32 $;354,32 $;0,00 $;354,32 $;0,00 $;240,00;185,00 $;425,00 $;70,68 $;0,07%;
02/04/2024;1;28693,88 $;154,32 $;154,32 $;0,00 $;5,68 $;-535,64 $;0,00 $;100,00%;154,32 $;154,32 $;0,00 $;154,32 $;0,00 $;240,00;500,00 $;240,00 $;85,68 $;0,07%;
03/04/2024;1;27778,20 $;-915,68 $;0,00 $;-915,68 $;5,68 $;-1451,32 $;-915,68 $;0,00%;-915,68 $;0,00 $;-915,68 $;0,00 $;-915,68 $;240,00;1200,00 $;85,00 $;1000,68 $;0,07%;
05/04/2024;1;27987,52 $;209,32 $;209,32 $;0,00 $;5,68 $;-1242,00 $;0,00 $;100,00%;209,32 $;209,32 $;0,00 $;209,32 $;0,00 $;240,00;215,00 $;875,00 $;665,68 $;0,07%;
08/04/2024;1;27976,84 $;-10,68 $;0,00 $;-10,68 $;5,68 $;-1252,68 $;-10,68 $;0,00%;-10,68 $;0,00 $;-10,68 $;0,00 $;-10,68 $;240,00;515,00 $;85,00 $;95,68 $;0,07%;
09/04/2024;1;27966,16 $;-10,68 $;0,00 $;-10,68 $;5,68 $;-1263,36 $;-10,68 $;0,00%;-10,68 $;0,00 $;-10,68 $;0,00 $;-10,68 $;0,00;55,00 $;50,00 $;60,68 $;0,07%;
10/04/2024;1;28355,48 $;389,32 $;389,32 $;0,00 $;5,68 $;-874,04 $;0,00 $;100,00%;389,32 $;389,32 $;0,00 $;389,32 $;0,00 $;90,00;250,00 $;775,00 $;385,68 $;0,07%;
12/04/2024;1;28744,80 $;389,32 $;389,32 $;0,00 $;5,68 $;-484,72 $;0,00 $;100,00%;389,32 $;389,32 $;0,00 $;389,32 $;0,00 $;30,00;65,00 $;555,00 $;165,68 $;0,07%;
15/04/2024;1;27064,12 $;-1680,68 $;0,00 $;-1680,68 $;5,68 $;-2165,40 $;-1680,68 $;0,00%;-1680,68 $;0,00 $;-1680,68 $;0,00 $;-1680,68 $;210,00;1965,00 $;0,00 $;1680,68 $;0,07%;
16/04/2024;1;26683,44 $;-380,68 $;0,00 $;-380,68 $;5,68 $;-2546,08 $;-380,68 $;0,00%;-380,68 $;0,00 $;-380,68 $;0,00 $;-380,68 $;210,00;925,00 $;545,00 $;925,68 $;0,07%;
17/04/2024;1;26352,76 $;-330,68 $;0,00 $;-330,68 $;5,68 $;-2876,76 $;-330,68 $;0,00%;-330,68 $;0,00 $;-330,68 $;0,00 $;-330,68 $;90,00;510,00 $;775,00 $;1105,68 $;0,07%;
19/04/2024;1;26372,08 $;19,32 $;19,32 $;0,00 $;5,68 $;-2857,44 $;0,00 $;100,00%;19,32 $;19,32 $;0,00 $;19,32 $;0,00 $;240,00;560,00 $;860,00 $;840,68 $;0,07%;
22/04/2024;1;27856,40 $;1484,32 $;1484,32 $;0,00 $;5,68 $;-1373,12 $;0,00 $;100,00%;1484,32 $;1484,32 $;0,00 $;1484,32 $;0,00 $;240,00;85,00 $;2165,00 $;680,68 $;0,07%;
23/04/2024;1;27975,72 $;119,32 $;119,32 $;0,00 $;5,68 $;-1253,80 $;0,00 $;100,00%;119,32 $;119,32 $;0,00 $;119,32 $;0,00 $;240,00;260,00 $;525,00 $;405,68 $;0,07%;
24/04/2024;1;27670,04 $;-305,68 $;0,00 $;-305,68 $;5,68 $;-1559,48 $;-305,68 $;0,00%;-305,68 $;0,00 $;-305,68 $;0,00 $;-305,68 $;90,00;515,00 $;330,00 $;635,68 $;0,07%;
25/04/2024;2;29048,68 $;1378,64 $;1389,32 $;-10,68 $;11,36 $;-180,84 $;-10,68 $;50,00%;689,32 $;1389,32 $;-10,68 $;1389,32 $;-10,68 $;270,00;157,50 $;790,00 $;100,68 $;0,14%;
29/04/2024;1;29218,00 $;169,32 $;169,32 $;0,00 $;5,68 $;-11,52 $;0,00 $;100,00%;169,32 $;169,32 $;0,00 $;169,32 $;0,00 $;210,00;665,00 $;340,00 $;170,68 $;0,07%;
01/05/2024;2;31156,64 $;1938,64 $;1938,64 $;0,00 $;11,36 $;0,00 $;0,00 $;100,00%;969,32 $;969,32 $;0,00 $;1799,32 $;0,00 $;240,00;117,50 $;1210,00 $;240,68 $;0,14%;
03/05/2024;1;31405,96 $;249,32 $;249,32 $;0,00 $;5,68 $;0,00 $;0,00 $;100,00%;249,32 $;249,32 $;0,00 $;249,32 $;0,00 $;210,00;160,00 $;355,00 $;105,68 $;0,07%;
06/05/2024;1;31330,28 $;-75,68 $;0,00 $;-75,68 $;5,68 $;-75,68 $;-75,68 $;0,00%;-75,68 $;0,00 $;-75,68 $;0,00 $;-75,68 $;90,00;535,00 $;15,00 $;90,68 $;0,07%;
07/05/2024;1;31249,60 $;-80,68 $;0,00 $;-80,68 $;5,68 $;-156,36 $;-80,68 $;0,00%;-80,68 $;0,00 $;-80,68 $;0,00 $;-80,68 $;0,00;100,00 $;30,00 $;110,68 $;0,07%;
08/05/2024;1;31658,92 $;409,32 $;409,32 $;0,00 $;5,68 $;0,00 $;0,00 $;100,00%;409,32 $;409,32 $;0,00 $;409,32 $;0,00 $;240,00;235,00 $;480,00 $;70,68 $;0,07%;
09/05/2024;1;32308,24 $;649,32 $;649,32 $;0,00 $;5,68 $;0,00 $;0,00 $;100,00%;649,32 $;649,32 $;0,00 $;649,32 $;0,00 $;240,00;255,00 $;715,00 $;65,68 $;0,07%;
13/05/2024;1;32212,56 $;-95,68 $;0,00 $;-95,68 $;5,68 $;-95,68 $;-95,68 $;0,00%;-95,68 $;0,00 $;-95,68 $;0,00 $;-95,68 $;150,00;230,00 $;125,00 $;220,68 $;0,07%;
14/05/2024;1;32936,88 $;724,32 $;724,32 $;0,00 $;5,68 $;0,00 $;0,00 $;100,00%;724,32 $;724,32 $;0,00 $;724,32 $;0,00 $;240,00;345,00 $;895,00 $;170,68 $;0,07%;
15/05/2024;1;33411,20 $;474,32 $;474,32 $;0,00 $;5,68 $;0,00 $;0,00 $;100,00%;474,32 $;474,32 $;0,00 $;474,32 $;0,00 $;210,00;45,00 $;740,00 $;265,68 $;0,07%;
16/05/2024;1;33080,52 $;-330,68 $;0,00 $;-330,68 $;5,68 $;-330,68 $;-330,68 $;0,00%;-330,68 $;0,00 $;-330,68 $;0,00 $;-330,68 $;240,00;775,00 $;110,00 $;440,68 $;0,07%;
17/05/2024;2;33559,16 $;478,64 $;478,64 $;0,00 $;11,36 $;0,00 $;0,00 $;100,00%;239,32 $;239,32 $;0,00 $;474,32 $;0,00 $;240,00;82,50 $;252,50 $;13,18 $;0,14%;
20/05/2024;1;32383,48 $;-1175,68 $;0,00 $;-1175,68 $;5,68 $;-1175,68 $;-1175,68 $;0,00%;-1175,68 $;0,00 $;-1175,68 $;0,00 $;-1175,68 $;240,00;1395,00 $;65,00 $;1240,68 $;0,07%;
21/05/2024;1;32497,80 $;114,32 $;114,32 $;0,00 $;5,68 $;-1061,36 $;0,00 $;100,00%;114,32 $;114,32 $;0,00 $;114,32 $;0,00 $;90,00;135,00 $;320,00 $;205,68 $;0,07%;
22/05/2024;1;31387,12 $;-1110,68 $;0,00 $;-1110,68 $;5,68 $;-2172,04 $;-1110,68 $;0,00%;-1110,68 $;0,00 $;-1110,68 $;0,00 $;-1110,68 $;210,00;1440,00 $;115,00 $;1225,68 $;0,07%;
24/05/2024;1;30726,44 $;-660,68 $;0,00 $;-660,68 $;5,68 $;-2832,72 $;-660,68 $;0,00%;-660,68 $;0,00 $;-660,68 $;0,00 $;-660,68 $;240,00;835,00 $;110,00 $;770,68 $;0,07%;
27/05/2024;1;31000,76 $;274,32 $;274,32 $;0,00 $;5,68 $;-2558,40 $;0,00 $;100,00%;274,32 $;274,32 $;0,00 $;274,32 $;0,00 $;30,00;55,00 $;280,00 $;5,68 $;0,07%;
28/05/2024;1;30685,08 $;-315,68 $;0,00 $;-315,68 $;5,68 $;-2874,08 $;-315,68 $;0,00%;-315,68 $;0,00 $;-315,68 $;0,00 $;-315,68 $;210,00;1040,00 $;100,00 $;415,68 $;0,07%;
29/05/2024;1;29174,40 $;-1510,68 $;0,00 $;-1510,68 $;5,68 $;-4384,76 $;-1510,68 $;0,00%;-1510,68 $;0,00 $;-1510,68 $;0,00 $;-1510,68 $;90,00;1615,00 $;305,00 $;1815,68 $;0,07%;
30/05/2024;1;29318,72 $;144,32 $;144,32 $;0,00 $;5,68 $;-4240,44 $;0,00 $;100,00%;144,32 $;144,32 $;0,00 $;144,32 $;0,00 $;240,00;155,00 $;470,00 $;325,68 $;0,07%;
03/06/2024;1;29418,04 $;99,32 $;99,32 $;0,00 $;5,68 $;-4141,12 $;0,00 $;100,00%;99,32 $;99,32 $;0,00 $;99,32 $;0,00 $;240,00;1115,00 $;210,00 $;110,68 $;0,07%;
04/06/2024;1;30292,36 $;874,32 $;874,32 $;0,00 $;5,68 $;-3266,80 $;0,00 $;100,00%;874,32 $;874,32 $;0,00 $;874,32 $;0,00 $;210,00;110,00 $;1240,00 $;365,68 $;0,07%;
05/06/2024;1;30606,68 $;314,32 $;314,32 $;0,00 $;5,68 $;-2952,48 $;0,00 $;100,00%;314,32 $;314,32 $;0,00 $;314,32 $;0,00 $;210,00;210,00 $;600,00 $;285,68 $;0,07%;
06/06/2024;1;30731,00 $;124,32 $;124,32 $;0,00 $;5,68 $;-2828,16 $;0,00 $;100,00%;124,32 $;124,32 $;0,00 $;124,32 $;0,00 $;240,00;730,00 $;175,00 $;50,68 $;0,07%;
07/06/2024;1;29860,32 $;-870,68 $;0,00 $;-870,68 $;5,68 $;-3698,84 $;-870,68 $;0,00%;-870,68 $;0,00 $;-870,68 $;0,00 $;-870,68 $;150,00;1010,00 $;50,00 $;920,68 $;0,07%;
10/06/2024;1;30424,64 $;564,32 $;564,32 $;0,00 $;5,68 $;-3134,52 $;0,00 $;100,00%;564,32 $;564,32 $;0,00 $;564,32 $;0,00 $;240,00;55,00 $;735,00 $;170,68 $;0,07%;
11/06/2024;1;30383,96 $;-40,68 $;0,00 $;-40,68 $;5,68 $;-3175,20 $;-40,68 $;0,00%;-40,68 $;0,00 $;-40,68 $;0,00 $;-40,68 $;90,00;310,00 $;170,00 $;210,68 $;0,07%;
12/06/2024;1;29278,28 $;-1105,68 $;0,00 $;-1105,68 $;5,68 $;-4280,88 $;-1105,68 $;0,00%;-1105,68 $;0,00 $;-1105,68 $;0,00 $;-1105,68 $;240,00;1150,00 $;40,00 $;1145,68 $;0,07%;
14/06/2024;1;29477,60 $;199,32 $;199,32 $;0,00 $;5,68 $;-4081,56 $;0,00 $;100,00%;199,32 $;199,32 $;0,00 $;199,32 $;0,00 $;210,00;280,00 $;425,00 $;225,68 $;0,07%;
17/06/2024;1;30061,92 $;584,32 $;584,32 $;0,00 $;5,68 $;-3497,24 $;0,00 $;100,00%;584,32 $;584,32 $;0,00 $;584,32 $;0,00 $;210,00;175,00 $;805,00 $;220,68 $;0,07%;
18/06/2024;1;30196,24 $;134,32 $;134,32 $;0,00 $;5,68 $;-3362,92 $;0,00 $;100,00%;134,32 $;134,32 $;0,00 $;134,32 $;0,00 $;240,00;100,00 $;390,00 $;255,68 $;0,07%;
20/06/2024;1;31480,56 $;1284,32 $;1284,32 $;0,00 $;5,68 $;-2078,60 $;0,00 $;100,00%;1284,32 $;1284,32 $;0,00 $;1284,32 $;0,00 $;240,00;60,00 $;1730,00 $;445,68 $;0,07%;
24/06/2024;1;30919,88 $;-560,68 $;0,00 $;-560,68 $;5,68 $;-2639,28 $;-560,68 $;0,00%;-560,68 $;0,00 $;-560,68 $;0,00 $;-560,68 $;240,00;925,00 $;65,00 $;625,68 $;0,07%;
25/06/2024;1;30574,20 $;-345,68 $;0,00 $;-345,68 $;5,68 $;-2984,96 $;-345,68 $;0,00%;-345,68 $;0,00 $;-345,68 $;0,00 $;-345,68 $;90,00;420,00 $;40,00 $;385,68 $;0,07%;
26/06/2024;1;30928,52 $;354,32 $;354,32 $;0,00 $;5,68 $;-2630,64 $;0,00 $;100,00%;354,32 $;354,32 $;0,00 $;354,32 $;0,00 $;240,00;35,00 $;640,00 $;285,68 $;0,07%;
28/06/2024;1;29757,84 $;-1170,68 $;0,00 $;-1170,68 $;5,68 $;-3801,32 $;-1170,68 $;0,00%;-1170,68 $;0,00 $;-1170,68 $;0,00 $;-1170,68 $;240,00;1370,00 $;280,00 $;1450,68 $;0,07%;
02/07/2024;1;30322,16 $;564,32 $;564,32 $;0,00 $;5,68 $;-3237,00 $;0,00 $;100,00%;564,32 $;564,32 $;0,00 $;564,32 $;0,00 $;240,00;465,00 $;630,00 $;65,68 $;0,07%;
03/07/2024;1;30516,48 $;194,32 $;194,32 $;0,00 $;5,68 $;-3042,68 $;0,00 $;100,00%;194,32 $;194,32 $;0,00 $;194,32 $;0,00 $;45,00;150,00 $;385,00 $;190,68 $;0,07%;
05/07/2024;1;30945,80 $;429,32 $;429,32 $;0,00 $;5,68 $;-2613,36 $;0,00 $;100,00%;429,32 $;429,32 $;0,00 $;429,32 $;0,00 $;210,00;220,00 $;700,00 $;270,68 $;0,07%;
09/07/2024;1;30295,12 $;-650,68 $;0,00 $;-650,68 $;5,68 $;-3264,04 $;-650,68 $;0,00%;-650,68 $;0,00 $;-650,68 $;0,00 $;-650,68 $;150,00;870,00 $;100,00 $;750,68 $;0,07%;
10/07/2024;2;31133,76 $;838,64 $;929,32 $;-90,68 $;11,36 $;-2425,40 $;-90,68 $;50,00%;419,32 $;929,32 $;-90,68 $;929,32 $;-90,68 $;270,00;50,00 $;502,50 $;83,18 $;0,14%;
11/07/2024;1;31153,08 $;19,32 $;19,32 $;0,00 $;5,68 $;-2406,08 $;0,00 $;100,00%;19,32 $;19,32 $;0,00 $;19,32 $;0,00 $;210,00;395,00 $;205,00 $;185,68 $;0,07%;
12/07/2024;1;31632,40 $;479,32 $;479,32 $;0,00 $;5,68 $;-1926,76 $;0,00 $;100,00%;479,32 $;479,32 $;0,00 $;479,32 $;0,00 $;240,00;305,00 $;865,00 $;385,68 $;0,07%;
15/07/2024;1;31421,72 $;-210,68 $;0,00 $;-210,68 $;5,68 $;-2137,44 $;-210,68 $;0,00%;-210,68 $;0,00 $;-210,68 $;0,00 $;-210,68 $;210,00;750,00 $;285,00 $;495,68 $;0,07%;
16/07/2024;1;32121,04 $;699,32 $;699,32 $;0,00 $;5,68 $;-1438,12 $;0,00 $;100,00%;699,32 $;699,32 $;0,00 $;699,32 $;0,00 $;240,00;550,00 $;755,00 $;55,68 $;0,07%;
18/07/2024;1;30000,36 $;-2120,68 $;0,00 $;-2120,68 $;5,68 $;-3558,80 $;-2120,68 $;0,00%;-2120,68 $;0,00 $;-2120,68 $;0,00 $;-2120,68 $;240,00;2350,00 $;135,00 $;2255,68 $;0,07%;
19/07/2024;1;30534,68 $;534,32 $;534,32 $;0,00 $;5,68 $;-3024,48 $;0,00 $;100,00%;534,32 $;534,32 $;0,00 $;534,32 $;0,00 $;240,00;195,00 $;905,00 $;370,68 $;0,07%;
22/07/2024;1;31199,00 $;664,32 $;664,32 $;0,00 $;5,68 $;-2360,16 $;0,00 $;100,00%;664,32 $;664,32 $;0,00 $;664,32 $;0,00 $;210,00;130,00 $;895,00 $;230,68 $;0,07%;
23/07/2024;1;31188,32 $;-10,68 $;0,00 $;-10,68 $;5,68 $;-2370,84 $;-10,68 $;0,00%;-10,68 $;0,00 $;-10,68 $;0,00 $;-10,68 $;240,00;590,00 $;315,00 $;325,68 $;0,07%;
24/07/2024;1;30822,64 $;-365,68 $;0,00 $;-365,68 $;5,68 $;-2736,52 $;-365,68 $;0,00%;-365,68 $;0,00 $;-365,68 $;0,00 $;-365,68 $;240,00;425,00 $;535,00 $;900,68 $;0,07%;
25/07/2024;2;31411,28 $;588,64 $;588,64 $;0,00 $;11,36 $;-2247,20 $;0,00 $;100,00%;294,32 $;294,32 $;0,00 $;489,32 $;0,00 $;240,00;247,50 $;882,50 $;588,18 $;0,14%;
26/07/2024;1;30730,60 $;-680,68 $;0,00 $;-680,68 $;5,68 $;-2828,56 $;-680,68 $;0,00%;-680,68 $;0,00 $;-680,68 $;0,00 $;-680,68 $;150,00;1225,00 $;20,00 $;700,68 $;0,07%;
29/07/2024;1;30474,92 $;-255,68 $;0,00 $;-255,68 $;5,68 $;-3084,24 $;-255,68 $;0,00%;-255,68 $;0,00 $;-255,68 $;0,00 $;-255,68 $;210,00;360,00 $;280,00 $;535,68 $;0,07%;
30/07/2024;1;30949,24 $;474,32 $;474,32 $;0,00 $;5,68 $;-2609,92 $;0,00 $;100,00%;474,32 $;474,32 $;0,00 $;474,32 $;0,00 $;240,00;370,00 $;880,00 $;405,68 $;0,07%;
31/07/2024;2;30472,88 $;-476,36 $;0,00 $;-476,36 $;11,36 $;-3086,28 $;-476,36 $;0,00%;-238,18 $;0,00 $;-238,18 $;0,00 $;-475,68 $;270,00;350,00 $;710,00 $;948,18 $;0,14%;
05/08/2024;1;29707,20 $;-765,68 $;0,00 $;-765,68 $;5,68 $;-3851,96 $;-765,68 $;0,00%;-765,68 $;0,00 $;-765,68 $;0,00 $;-765,68 $;240,00;1020,00 $;1025,00 $;1790,68 $;0,07%;
06/08/2024;1;31381,52 $;1674,32 $;1674,32 $;0,00 $;5,68 $;-2177,64 $;0,00 $;100,00%;1674,32 $;1674,32 $;0,00 $;1674,32 $;0,00 $;240,00;20,00 $;2635,00 $;960,68 $;0,07%;
08/08/2024;1;31795,84 $;414,32 $;414,32 $;0,00 $;5,68 $;-1763,32 $;0,00 $;100,00%;414,32 $;414,32 $;0,00 $;414,32 $;0,00 $;240,00;555,00 $;1015,00 $;600,68 $;0,07%;
12/08/2024;1;32080,16 $;284,32 $;284,32 $;0,00 $;5,68 $;-1479,00 $;0,00 $;100,00%;284,32 $;284,32 $;0,00 $;284,32 $;0,00 $;90,00;150,00 $;395,00 $;110,68 $;0,07%;
13/08/2024;1;33054,48 $;974,32 $;974,32 $;0,00 $;5,68 $;-504,68 $;0,00 $;100,00%;974,32 $;974,32 $;0,00 $;974,32 $;0,00 $;240,00;55,00 $;1065,00 $;90,68 $;0,07%;
14/08/2024;1;33438,80 $;384,32 $;384,32 $;0,00 $;5,68 $;-120,36 $;0,00 $;100,00%;384,32 $;384,32 $;0,00 $;384,32 $;0,00 $;240,00;95,00 $;800,00 $;415,68 $;0,07%;
15/08/2024;1;34058,12 $;619,32 $;619,32 $;0,00 $;5,68 $;0,00 $;0,00 $;100,00%;619,32 $;619,32 $;0,00 $;619,32 $;0,00 $;240,00;50,00 $;650,00 $;30,68 $;0,07%;
16/08/2024;1;34392,44 $;334,32 $;334,32 $;0,00 $;5,68 $;0,00 $;0,00 $;100,00%;334,32 $;334,32 $;0,00 $;334,32 $;0,00 $;210,00;40,00 $;550,00 $;215,68 $;0,07%;
19/08/2024;1;34256,76 $;-135,68 $;0,00 $;-135,68 $;5,68 $;-135,68 $;-135,68 $;0,00%;-135,68 $;0,00 $;-135,68 $;0,00 $;-135,68 $;240,00;350,00 $;340,00 $;475,68 $;0,07%;
20/08/2024;1;34526,08 $;269,32 $;269,32 $;0,00 $;5,68 $;0,00 $;0,00 $;100,00%;269,32 $;269,32 $;0,00 $;269,32 $;0,00 $;240,00;55,00 $;765,00 $;495,68 $;0,07%;
21/08/2024;1;34855,40 $;329,32 $;329,32 $;0,00 $;5,68 $;0,00 $;0,00 $;100,00%;329,32 $;329,32 $;0,00 $;329,32 $;0,00 $;210,00;75,00 $;525,00 $;195,68 $;0,07%;
23/08/2024;1;34879,72 $;24,32 $;24,32 $;0,00 $;5,68 $;0,00 $;0,00 $;100,00%;24,32 $;24,32 $;0,00 $;24,32 $;0,00 $;240,00;1650,00 $;190,00 $;165,68 $;0,07%;
27/08/2024;1;35189,04 $;309,32 $;309,32 $;0,00 $;5,68 $;0,00 $;0,00 $;100,00%;309,32 $;309,32 $;0,00 $;309,32 $;0,00 $;240,00;420,00 $;390,00 $;80,68 $;0,07%;
28/08/2024;2;34657,68 $;-531,36 $;219,32 $;-750,68 $;11,36 $;-750,68 $;-750,68 $;50,00%;-265,68 $;219,32 $;-750,68 $;219,32 $;-750,68 $;270,00;965,00 $;145,00 $;410,68 $;0,14%;
29/08/2024;1;34862,00 $;204,32 $;204,32 $;0,00 $;5,68 $;-327,04 $;0,00 $;100,00%;204,32 $;204,32 $;0,00 $;204,32 $;0,00 $;240,00;650,00 $;980,00 $;775,68 $;0,07%;
30/08/2024;1;35396,32 $;534,32 $;534,32 $;0,00 $;5,68 $;0,00 $;0,00 $;100,00%;534,32 $;534,32 $;0,00 $;534,32 $;0,00 $;240,00;735,00 $;600,00 $;65,68 $;0,07%;
02/09/2024;1;35500,64 $;104,32 $;104,32 $;0,00 $;5,68 $;0,00 $;0,00 $;100,00%;104,32 $;104,32 $;0,00 $;104,32 $;0,00 $;0,00;45,00 $;115,00 $;10,68 $;0,07%;
03/09/2024;1;34439,96 $;-1060,68 $;0,00 $;-1060,68 $;5,68 $;-1060,68 $;-1060,68 $;0,00%;-1060,68 $;0,00 $;-1060,68 $;0,00 $;-1060,68 $;210,00;1715,00 $;110,00 $;1170,68 $;0,07%;
04/09/2024;1;34049,28 $;-390,68 $;0,00 $;-390,68 $;5,68 $;-1451,36 $;-390,68 $;0,00%;-390,68 $;0,00 $;-390,68 $;0,00 $;-390,68 $;240,00;865,00 $;125,00 $;515,68 $;0,07%;
05/09/2024;1;34873,60 $;824,32 $;824,32 $;0,00 $;5,68 $;-627,04 $;0,00 $;100,00%;824,32 $;824,32 $;0,00 $;824,32 $;0,00 $;150,00;30,00 $;1230,00 $;405,68 $;0,07%;
06/09/2024;1;34452,92 $;-420,68 $;0,00 $;-420,68 $;5,68 $;-1047,72 $;-420,68 $;0,00%;-420,68 $;0,00 $;-420,68 $;0,00 $;-420,68 $;90,00;695,00 $;500,00 $;920,68 $;0,07%;
09/09/2024;1;33982,24 $;-470,68 $;0,00 $;-470,68 $;5,68 $;-1518,40 $;-470,68 $;0,00%;-470,68 $;0,00 $;-470,68 $;0,00 $;-470,68 $;150,00;1025,00 $;50,00 $;520,68 $;0,07%;
10/09/2024;1;35261,56 $;1279,32 $;1279,32 $;0,00 $;5,68 $;-239,08 $;0,00 $;100,00%;1279,32 $;1279,32 $;0,00 $;1279,32 $;0,00 $;210,00;50,00 $;1565,00 $;285,68 $;0,07%;
11/09/2024;1;37500,88 $;2239,32 $;2239,32 $;0,00 $;5,68 $;0,00 $;0,00 $;100,00%;2239,32 $;2239,32 $;0,00 $;2239,32 $;0,00 $;210,00;100,00 $;2570,00 $;330,68 $;0,07%;
12/09/2024;1;38790,20 $;1289,32 $;1289,32 $;0,00 $;5,68 $;0,00 $;0,00 $;100,00%;1289,32 $;1289,32 $;0,00 $;1289,32 $;0,00 $;240,00;145,00 $;1495,00 $;205,68 $;0,07%;
13/09/2024;1;38684,52 $;-105,68 $;0,00 $;-105,68 $;5,68 $;-105,68 $;-105,68 $;0,00%;-105,68 $;0,00 $;-105,68 $;0,00 $;-105,68 $;240,00;430,00 $;620,00 $;725,68 $;0,07%;
16/09/2024;1;38663,84 $;-20,68 $;0,00 $;-20,68 $;5,68 $;-126,36 $;-20,68 $;0,00%;-20,68 $;0,00 $;-20,68 $;0,00 $;-20,68 $;30,00;15,00 $;315,00 $;335,68 $;0,07%;
17/09/2024;1;37603,16 $;-1060,68 $;0,00 $;-1060,68 $;5,68 $;-1187,04 $;-1060,68 $;0,00%;-1060,68 $;0,00 $;-1060,68 $;0,00 $;-1060,68 $;240,00;1580,00 $;115,00 $;1175,68 $;0,07%;
18/09/2024;1;36922,48 $;-680,68 $;0,00 $;-680,68 $;5,68 $;-1867,72 $;-680,68 $;0,00%;-680,68 $;0,00 $;-680,68 $;0,00 $;-680,68 $;30,00;1280,00 $;160,00 $;840,68 $;0,07%;
20/09/2024;1;36666,80 $;-255,68 $;0,00 $;-255,68 $;5,68 $;-2123,40 $;-255,68 $;0,00%;-255,68 $;0,00 $;-255,68 $;0,00 $;-255,68 $;150,00;895,00 $;255,00 $;510,68 $;0,07%;
23/09/2024;1;36666,12 $;-0,68 $;0,00 $;-0,68 $;5,68 $;-2124,08 $;-0,68 $;0,00%;-0,68 $;0,00 $;-0,68 $;0,00 $;-0,68 $;240,00;450,00 $;150,00 $;150,68 $;0,07%;
24/09/2024;1;36450,44 $;-215,68 $;0,00 $;-215,68 $;5,68 $;-2339,76 $;-215,68 $;0,00%;-215,68 $;0,00 $;-215,68 $;0,00 $;-215,68 $;240,00;870,00 $;20,00 $;235,68 $;0,07%;
26/09/2024;1;36509,76 $;59,32 $;59,32 $;0,00 $;5,68 $;-2280,44 $;0,00 $;100,00%;59,32 $;59,32 $;0,00 $;59,32 $;0,00 $;210,00;480,00 $;315,00 $;255,68 $;0,07%;
27/09/2024;2;34918,40 $;-1591,36 $;0,00 $;-1591,36 $;11,36 $;-3871,80 $;-1591,36 $;0,00%;-795,68 $;0,00 $;-795,68 $;0,00 $;-1435,68 $;270,00;1062,50 $;22,50 $;818,18 $;0,14%;
30/09/2024;1;35387,72 $;469,32 $;469,32 $;0,00 $;5,68 $;-3402,48 $;0,00 $;100,00%;469,32 $;469,32 $;0,00 $;469,32 $;0,00 $;210,00;1470,00 $;670,00 $;200,68 $;0,07%;
01/10/2024;1;34617,04 $;-770,68 $;0,00 $;-770,68 $;5,68 $;-4173,16 $;-770,68 $;0,00%;-770,68 $;0,00 $;-770,68 $;0,00 $;-770,68 $;30,00;790,00 $;0,00 $;770,68 $;0,07%;
03/10/2024;1;34191,36 $;-425,68 $;0,00 $;-425,68 $;5,68 $;-4598,84 $;-425,68 $;0,00%;-425,68 $;0,00 $;-425,68 $;0,00 $;-425,68 $;210,00;1175,00 $;0,00 $;425,68 $;0,07%;
04/10/2024;1;35560,68 $;1369,32 $;1369,32 $;0,00 $;5,68 $;-3229,52 $;0,00 $;100,00%;1369,32 $;1369,32 $;0,00 $;1369,32 $;0,00 $;240,00;140,00 $;1405,00 $;35,68 $;0,07%;
08/10/2024;1;36030,00 $;469,32 $;469,32 $;0,00 $;5,68 $;-2760,20 $;0,00 $;100,00%;469,32 $;469,32 $;0,00 $;469,32 $;0,00 $;150,00;55,00 $;805,00 $;335,68 $;0,07%;
09/10/2024;1;36879,32 $;849,32 $;849,32 $;0,00 $;5,68 $;-1910,88 $;0,00 $;100,00%;849,32 $;849,32 $;0,00 $;849,32 $;0,00 $;240,00;25,00 $;870,00 $;20,68 $;0,07%;
10/10/2024;1;36713,64 $;-165,68 $;0,00 $;-165,68 $;5,68 $;-2076,56 $;-165,68 $;0,00%;-165,68 $;0,00 $;-165,68 $;0,00 $;-165,68 $;210,00;1025,00 $;10,00 $;175,68 $;0,07%;
11/10/2024;1;37147,96 $;434,32 $;434,32 $;0,00 $;5,68 $;-1642,24 $;0,00 $;100,00%;434,32 $;434,32 $;0,00 $;434,32 $;0,00 $;240,00;450,00 $;505,00 $;70,68 $;0,07%;
14/10/2024;1;37697,28 $;549,32 $;549,32 $;0,00 $;5,68 $;-1092,92 $;0,00 $;100,00%;549,32 $;549,32 $;0,00 $;549,32 $;0,00 $;240,00;55,00 $;715,00 $;165,68 $;0,07%;
17/10/2024;1;37821,60 $;124,32 $;124,32 $;0,00 $;5,68 $;-968,60 $;0,00 $;100,00%;124,32 $;124,32 $;0,00 $;124,32 $;0,00 $;210,00;235,00 $;395,00 $;270,68 $;0,07%;
22/10/2024;1;36620,92 $;-1200,68 $;0,00 $;-1200,68 $;5,68 $;-2169,28 $;-1200,68 $;0,00%;-1200,68 $;0,00 $;-1200,68 $;0,00 $;-1200,68 $;30,00;1195,00 $;185,00 $;1385,68 $;0,07%;
24/10/2024;1;36855,24 $;234,32 $;234,32 $;0,00 $;5,68 $;-1934,96 $;0,00 $;100,00%;234,32 $;234,32 $;0,00 $;234,32 $;0,00 $;90,00;230,00 $;350,00 $;115,68 $;0,07%;
29/10/2024;1;36864,56 $;9,32 $;9,32 $;0,00 $;5,68 $;-1925,64 $;0,00 $;100,00%;9,32 $;9,32 $;0,00 $;9,32 $;0,00 $;240,00;280,00 $;390,00 $;380,68 $;0,07%;
30/10/2024;1;36083,88 $;-780,68 $;0,00 $;-780,68 $;5,68 $;-2706,32 $;-780,68 $;0,00%;-780,68 $;0,00 $;-780,68 $;0,00 $;-780,68 $;240,00;915,00 $;465,00 $;1245,68 $;0,07%;
31/10/2024;1;35208,20 $;-875,68 $;0,00 $;-875,68 $;5,68 $;-3582,00 $;-875,68 $;0,00%;-875,68 $;0,00 $;-875,68 $;0,00 $;-875,68 $;150,00;995,00 $;80,00 $;955,68 $;0,07%;
01/11/2024;1;33812,52 $;-1395,68 $;0,00 $;-1395,68 $;5,68 $;-4977,68 $;-1395,68 $;0,00%;-1395,68 $;0,00 $;-1395,68 $;0,00 $;-1395,68 $;240,00;1580,00 $;30,00 $;1425,68 $;0,07%;
04/11/2024;1;33646,84 $;-165,68 $;0,00 $;-165,68 $;5,68 $;-5143,36 $;-165,68 $;0,00%;-165,68 $;0,00 $;-165,68 $;0,00 $;-165,68 $;240,00;1070,00 $;205,00 $;370,68 $;0,07%;
05/11/2024;1;34326,16 $;679,32 $;679,32 $;0,00 $;5,68 $;-4464,04 $;0,00 $;100,00%;679,32 $;679,32 $;0,00 $;679,32 $;0,00 $;90,00;250,00 $;745,00 $;65,68 $;0,07%;
06/11/2024;1;35290,48 $;964,32 $;964,32 $;0,00 $;5,68 $;-3499,72 $;0,00 $;100,00%;964,32 $;964,32 $;0,00 $;964,32 $;0,00 $;240,00;90,00 $;1190,00 $;225,68 $;0,07%;
07/11/2024;2;35589,12 $;298,64 $;389,32 $;-90,68 $;11,36 $;-3201,08 $;-90,68 $;50,00%;149,32 $;389,32 $;-90,68 $;389,32 $;-90,68 $;270,00;192,50 $;320,00 $;170,68 $;0,14%;
08/11/2024;1;35158,44 $;-430,68 $;0,00 $;-430,68 $;5,68 $;-3631,76 $;-430,68 $;0,00%;-430,68 $;0,00 $;-430,68 $;0,00 $;-430,68 $;90,00;540,00 $;415,00 $;845,68 $;0,07%;
12/11/2024;1;34502,76 $;-655,68 $;0,00 $;-655,68 $;5,68 $;-4287,44 $;-655,68 $;0,00%;-655,68 $;0,00 $;-655,68 $;0,00 $;-655,68 $;90,00;890,00 $;125,00 $;780,68 $;0,07%;
13/11/2024;1;34157,08 $;-345,68 $;0,00 $;-345,68 $;5,68 $;-4633,12 $;-345,68 $;0,00%;-345,68 $;0,00 $;-345,68 $;0,00 $;-345,68 $;210,00;810,00 $;280,00 $;625,68 $;0,07%;
14/11/2024;1;33666,40 $;-490,68 $;0,00 $;-490,68 $;5,68 $;-5123,80 $;-490,68 $;0,00%;-490,68 $;0,00 $;-490,68 $;0,00 $;-490,68 $;210,00;730,00 $;320,00 $;810,68 $;0,07%;
15/11/2024;1;34000,72 $;334,32 $;334,32 $;0,00 $;5,68 $;-4789,48 $;0,00 $;100,00%;334,32 $;334,32 $;0,00 $;334,32 $;0,00 $;210,00;245,00 $;600,00 $;265,68 $;0,07%;
18/11/2024;1;33715,04 $;-285,68 $;0,00 $;-285,68 $;5,68 $;-5075,16 $;-285,68 $;0,00%;-285,68 $;0,00 $;-285,68 $;0,00 $;-285,68 $;240,00;715,00 $;285,00 $;570,68 $;0,07%;
19/11/2024;1;33724,36 $;9,32 $;9,32 $;0,00 $;5,68 $;-5065,84 $;0,00 $;100,00%;9,32 $;9,32 $;0,00 $;9,32 $;0,00 $;210,00;295,00 $;635,00 $;625,68 $;0,07%;
21/11/2024;1;34428,68 $;704,32 $;704,32 $;0,00 $;5,68 $;-4361,52 $;0,00 $;100,00%;704,32 $;704,32 $;0,00 $;704,32 $;0,00 $;240,00;540,00 $;1075,00 $;370,68 $;0,07%;
22/11/2024;1;35043,00 $;614,32 $;614,32 $;0,00 $;5,68 $;-3747,20 $;0,00 $;100,00%;614,32 $;614,32 $;0,00 $;614,32 $;0,00 $;150,00;335,00 $;645,00 $;30,68 $;0,07%;
26/11/2024;1;34927,32 $;-115,68 $;0,00 $;-115,68 $;5,68 $;-3862,88 $;-115,68 $;0,00%;-115,68 $;0,00 $;-115,68 $;0,00 $;-115,68 $;0,00;135,00 $;0,00 $;115,68 $;0,07%;
27/11/2024;1;34496,64 $;-430,68 $;0,00 $;-430,68 $;5,68 $;-4293,56 $;-430,68 $;0,00%;-430,68 $;0,00 $;-430,68 $;0,00 $;-430,68 $;210,00;635,00 $;20,00 $;450,68 $;0,07%;
28/11/2024;1;34415,96 $;-80,68 $;0,00 $;-80,68 $;5,68 $;-4374,24 $;-80,68 $;0,00%;-80,68 $;0,00 $;-80,68 $;0,00 $;-80,68 $;0,00;115,00 $;45,00 $;125,68 $;0,07%;
29/11/2024;1;34295,28 $;-120,68 $;0,00 $;-120,68 $;5,68 $;-4494,92 $;-120,68 $;0,00%;-120,68 $;0,00 $;-120,68 $;0,00 $;-120,68 $;45,00;185,00 $;490,00 $;610,68 $;0,07%;
02/12/2024;2;34763,92 $;468,64 $;468,64 $;0,00 $;11,36 $;-4075,60 $;0,00 $;100,00%;234,32 $;234,32 $;0,00 $;419,32 $;0,00 $;240,00;62,50 $;280,00 $;45,68 $;0,14%;
03/12/2024;1;35313,24 $;549,32 $;549,32 $;0,00 $;5,68 $;-3476,96 $;0,00 $;100,00%;549,32 $;549,32 $;0,00 $;549,32 $;0,00 $;210,00;425,00 $;865,00 $;315,68 $;0,07%;
04/12/2024;1;35557,56 $;244,32 $;244,32 $;0,00 $;5,68 $;-3232,64 $;0,00 $;100,00%;244,32 $;244,32 $;0,00 $;244,32 $;0,00 $;240,00;845,00 $;435,00 $;190,68 $;0,07%;
05/12/2024;1;35026,88 $;-530,68 $;0,00 $;-530,68 $;5,68 $;-3763,32 $;-530,68 $;0,00%;-530,68 $;0,00 $;-530,68 $;0,00 $;-530,68 $;210,00;695,00 $;285,00 $;815,68 $;0,07%;
10/12/2024;1;34676,20 $;-350,68 $;0,00 $;-350,68 $;5,68 $;-4114,00 $;-350,68 $;0,00%;-350,68 $;0,00 $;-350,68 $;0,00 $;-350,68 $;210,00;815,00 $;380,00 $;730,68 $;0,07%;
11/12/2024;1;34040,52 $;-635,68 $;0,00 $;-635,68 $;5,68 $;-4749,68 $;-635,68 $;0,00%;-635,68 $;0,00 $;-635,68 $;0,00 $;-635,68 $;210,00;680,00 $;445,00 $;1080,68 $;0,07%;
12/12/2024;1;33144,84 $;-895,68 $;0,00 $;-895,68 $;5,68 $;-5645,36 $;-895,68 $;0,00%;-895,68 $;0,00 $;-895,68 $;0,00 $;-895,68 $;210,00;1020,00 $;45,00 $;940,68 $;0,07%;
16/12/2024;1;33189,16 $;44,32 $;44,32 $;0,00 $;5,68 $;-5601,04 $;0,00 $;100,00%;44,32 $;44,32 $;0,00 $;44,32 $;0,00 $;240,00;235,00 $;195,00 $;150,68 $;0,07%;
17/12/2024;1;33378,48 $;189,32 $;189,32 $;0,00 $;5,68 $;-5411,72 $;0,00 $;100,00%;189,32 $;189,32 $;0,00 $;189,32 $;0,00 $;150,00;305,00 $;480,00 $;290,68 $;0,07%;
20/12/2024;1;33362,80 $;-15,68 $;0,00 $;-15,68 $;5,68 $;-5427,40 $;-15,68 $;0,00%;-15,68 $;0,00 $;-15,68 $;0,00 $;-15,68 $;240,00;210,00 $;1385,00 $;1400,68 $;0,07%;
23/12/2024;1;33802,12 $;439,32 $;439,32 $;0,00 $;5,68 $;-4988,08 $;0,00 $;100,00%;439,32 $;439,32 $;0,00 $;439,32 $;0,00 $;150,00;315,00 $;685,00 $;245,68 $;0,07%;
26/12/2024;1;33816,44 $;14,32 $;14,32 $;0,00 $;5,68 $;-4973,76 $;0,00 $;100,00%;14,32 $;14,32 $;0,00 $;14,32 $;0,00 $;210,00;355,00 $;290,00 $;275,68 $;0,07%;
27/12/2024;1;34900,76 $;1084,32 $;1084,32 $;0,00 $;5,68 $;-3889,44 $;0,00 $;100,00%;1084,32 $;1084,32 $;0,00 $;1084,32 $;0,00 $;210,00;270,00 $;1420,00 $;335,68 $;0,07%;
30/12/2024;1;34525,08 $;-375,68 $;0,00 $;-375,68 $;5,68 $;-4265,12 $;-375,68 $;0,00%;-375,68 $;0,00 $;-375,68 $;0,00 $;-375,68 $;210,00;580,00 $;525,00 $;900,68 $;0,07%;
02/01/2025;1;35259,40 $;734,32 $;734,32 $;0,00 $;5,68 $;-3530,80 $;0,00 $;100,00%;734,32 $;734,32 $;0,00 $;734,32 $;0,00 $;150,00;545,00 $;1035,00 $;300,68 $;0,07%;
03/01/2025;1;35148,72 $;-110,68 $;0,00 $;-110,68 $;5,68 $;-3641,48 $;-110,68 $;0,00%;-110,68 $;0,00 $;-110,68 $;0,00 $;-110,68 $;150,00;245,00 $;305,00 $;415,68 $;0,07%;
07/01/2025;1;34173,04 $;-975,68 $;0,00 $;-975,68 $;5,68 $;-4617,16 $;-975,68 $;0,00%;-975,68 $;0,00 $;-975,68 $;0,00 $;-975,68 $;150,00;1620,00 $;10,00 $;985,68 $;0,07%;
08/01/2025;1;34572,36 $;399,32 $;399,32 $;0,00 $;5,68 $;-4217,84 $;0,00 $;100,00%;399,32 $;399,32 $;0,00 $;399,32 $;0,00 $;240,00;825,00 $;740,00 $;340,68 $;0,07%;
10/01/2025;1;34361,68 $;-210,68 $;0,00 $;-210,68 $;5,68 $;-4428,52 $;-210,68 $;0,00%;-210,68 $;0,00 $;-210,68 $;0,00 $;-210,68 $;240,00;465,00 $;1100,00 $;1310,68 $;0,07%;
13/01/2025;1;35251,00 $;889,32 $;889,32 $;0,00 $;5,68 $;-3539,20 $;0,00 $;100,00%;889,32 $;889,32 $;0,00 $;889,32 $;0,00 $;240,00;605,00 $;1120,00 $;230,68 $;0,07%;
14/01/2025;1;35415,32 $;164,32 $;164,32 $;0,00 $;5,68 $;-3374,88 $;0,00 $;100,00%;164,32 $;164,32 $;0,00 $;164,32 $;0,00 $;240,00;1590,00 $;410,00 $;245,68 $;0,07%;
15/01/2025;1;35614,64 $;199,32 $;199,32 $;0,00 $;5,68 $;-3175,56 $;0,00 $;100,00%;199,32 $;199,32 $;0,00 $;199,32 $;0,00 $;150,00;75,00 $;625,00 $;425,68 $;0,07%;
16/01/2025;1;35323,96 $;-290,68 $;0,00 $;-290,68 $;5,68 $;-3466,24 $;-290,68 $;0,00%;-290,68 $;0,00 $;-290,68 $;0,00 $;-290,68 $;240,00;690,00 $;290,00 $;580,68 $;0,07%;
17/01/2025;1;34983,28 $;-340,68 $;0,00 $;-340,68 $;5,68 $;-3806,92 $;-340,68 $;0,00%;-340,68 $;0,00 $;-340,68 $;0,00 $;-340,68 $;240,00;605,00 $;300,00 $;640,68 $;0,07%;
21/01/2025;1;35902,60 $;919,32 $;919,32 $;0,00 $;5,68 $;-2887,60 $;0,00 $;100,00%;919,32 $;919,32 $;0,00 $;919,32 $;0,00 $;240,00;160,00 $;1010,00 $;90,68 $;0,07%;
23/01/2025;1;36406,92 $;504,32 $;504,32 $;0,00 $;5,68 $;-2383,28 $;0,00 $;100,00%;504,32 $;504,32 $;0,00 $;504,32 $;0,00 $;210,00;55,00 $;620,00 $;115,68 $;0,07%;
24/01/2025;1;35646,24 $;-760,68 $;0,00 $;-760,68 $;5,68 $;-3143,96 $;-760,68 $;0,00%;-760,68 $;0,00 $;-760,68 $;0,00 $;-760,68 $;240,00;800,00 $;185,00 $;945,68 $;0,07%;
27/01/2025;1;36500,56 $;854,32 $;854,32 $;0,00 $;5,68 $;-2289,64 $;0,00 $;100,00%;854,32 $;854,32 $;0,00 $;854,32 $;0,00 $;210,00;480,00 $;995,00 $;140,68 $;0,07%;
28/01/2025;1;36879,88 $;379,32 $;379,32 $;0,00 $;5,68 $;-1910,32 $;0,00 $;100,00%;379,32 $;379,32 $;0,00 $;379,32 $;0,00 $;240,00;295,00 $;705,00 $;325,68 $;0,07%;
29/01/2025;2;36603,52 $;-276,36 $;0,00 $;-276,36 $;11,36 $;-2186,68 $;-276,36 $;0,00%;-138,18 $;0,00 $;-138,18 $;0,00 $;-145,68 $;270,00;885,00 $;102,50 $;240,68 $;0,14%;
31/01/2025;1;34877,84 $;-1725,68 $;0,00 $;-1725,68 $;5,68 $;-3912,36 $;-1725,68 $;0,00%;-1725,68 $;0,00 $;-1725,68 $;0,00 $;-1725,68 $;240,00;1875,00 $;420,00 $;2145,68 $;0,07%;
03/02/2025;1;34957,16 $;79,32 $;79,32 $;0,00 $;5,68 $;-3833,04 $;0,00 $;100,00%;79,32 $;79,32 $;0,00 $;79,32 $;0,00 $;240,00;640,00 $;740,00 $;660,68 $;0,07%;
04/02/2025;1;35706,48 $;749,32 $;749,32 $;0,00 $;5,68 $;-3083,72 $;0,00 $;100,00%;749,32 $;749,32 $;0,00 $;749,32 $;0,00 $;240,00;115,00 $;900,00 $;150,68 $;0,07%;
05/02/2025;1;36915,80 $;1209,32 $;1209,32 $;0,00 $;5,68 $;-1874,40 $;0,00 $;100,00%;1209,32 $;1209,32 $;0,00 $;1209,32 $;0,00 $;240,00;50,00 $;1380,00 $;170,68 $;0,07%;
06/02/2025;1;36450,12 $;-465,68 $;0,00 $;-465,68 $;5,68 $;-2340,08 $;-465,68 $;0,00%;-465,68 $;0,00 $;-465,68 $;0,00 $;-465,68 $;240,00;1225,00 $;35,00 $;500,68 $;0,07%;
07/02/2025;1;36414,44 $;-35,68 $;0,00 $;-35,68 $;5,68 $;-2375,76 $;-35,68 $;0,00%;-35,68 $;0,00 $;-35,68 $;0,00 $;-35,68 $;90,00;185,00 $;260,00 $;295,68 $;0,07%;
11/02/2025;1;36873,76 $;459,32 $;459,32 $;0,00 $;5,68 $;-1916,44 $;0,00 $;100,00%;459,32 $;459,32 $;0,00 $;459,32 $;0,00 $;210,00;340,00 $;655,00 $;195,68 $;0,07%;
12/02/2025;1;37698,08 $;824,32 $;824,32 $;0,00 $;5,68 $;-1092,12 $;0,00 $;100,00%;824,32 $;824,32 $;0,00 $;824,32 $;0,00 $;240,00;30,00 $;1560,00 $;735,68 $;0,07%;
13/02/2025;1;39152,40 $;1454,32 $;1454,32 $;0,00 $;5,68 $;0,00 $;0,00 $;100,00%;1454,32 $;1454,32 $;0,00 $;1454,32 $;0,00 $;240,00;395,00 $;1525,00 $;70,68 $;0,07%;
18/02/2025;1;39091,72 $;-60,68 $;0,00 $;-60,68 $;5,68 $;-60,68 $;-60,68 $;0,00%;-60,68 $;0,00 $;-60,68 $;0,00 $;-60,68 $;240,00;725,00 $;265,00 $;325,68 $;0,07%;
19/02/2025;1;39751,04 $;659,32 $;659,32 $;0,00 $;5,68 $;0,00 $;0,00 $;100,00%;659,32 $;659,32 $;0,00 $;659,32 $;0,00 $;240,00;595,00 $;815,00 $;155,68 $;0,07%;
20/02/2025;1;40195,36 $;444,32 $;444,32 $;0,00 $;5,68 $;0,00 $;0,00 $;100,00%;444,32 $;444,32 $;0,00 $;444,32 $;0,00 $;240,00;505,00 $;515,00 $;70,68 $;0,07%;
24/02/2025;1;39659,68 $;-535,68 $;0,00 $;-535,68 $;5,68 $;-535,68 $;-535,68 $;0,00%;-535,68 $;0,00 $;-535,68 $;0,00 $;-535,68 $;210,00;920,00 $;445,00 $;980,68 $;0,07%;
25/02/2025;1;40609,00 $;949,32 $;949,32 $;0,00 $;5,68 $;0,00 $;0,00 $;100,00%;949,32 $;949,32 $;0,00 $;949,32 $;0,00 $;90,00;10,00 $;1430,00 $;480,68 $;0,07%;
26/02/2025;1;38828,32 $;-1780,68 $;0,00 $;-1780,68 $;5,68 $;-1780,68 $;-1780,68 $;0,00%;-1780,68 $;0,00 $;-1780,68 $;0,00 $;-1780,68 $;240,00;2285,00 $;170,00 $;1950,68 $;0,07%;
28/02/2025;1;41612,64 $;2784,32 $;2784,32 $;0,00 $;5,68 $;0,00 $;0,00 $;100,00%;2784,32 $;2784,32 $;0,00 $;2784,32 $;0,00 $;150,00;280,00 $;3245,00 $;460,68 $;0,07%;
03/03/2025;1;37991,96 $;-3620,68 $;0,00 $;-3620,68 $;5,68 $;-3620,68 $;-3620,68 $;0,00%;-3620,68 $;0,00 $;-3620,68 $;0,00 $;-3620,68 $;240,00;3715,00 $;510,00 $;4130,68 $;0,07%;
04/03/2025;1;37566,28 $;-425,68 $;0,00 $;-425,68 $;5,68 $;-4046,36 $;-425,68 $;0,00%;-425,68 $;0,00 $;-425,68 $;0,00 $;-425,68 $;90,00;2145,00 $;1195,00 $;1620,68 $;0,07%;
05/03/2025;1;40505,60 $;2939,32 $;2939,32 $;0,00 $;5,68 $;-1107,04 $;0,00 $;100,00%;2939,32 $;2939,32 $;0,00 $;2939,32 $;0,00 $;240,00;395,00 $;3215,00 $;275,68 $;0,07%;
06/03/2025;1;38939,92 $;-1565,68 $;0,00 $;-1565,68 $;5,68 $;-2672,72 $;-1565,68 $;0,00%;-1565,68 $;0,00 $;-1565,68 $;0,00 $;-1565,68 $;240,00;2540,00 $;555,00 $;2120,68 $;0,07%;
07/03/2025;1;41649,24 $;2709,32 $;2709,32 $;0,00 $;5,68 $;0,00 $;0,00 $;100,00%;2709,32 $;2709,32 $;0,00 $;2709,32 $;0,00 $;240,00;475,00 $;3205,00 $;495,68 $;0,07%;
10/03/2025;1;41583,56 $;-65,68 $;0,00 $;-65,68 $;5,68 $;-65,68 $;-65,68 $;0,00%;-65,68 $;0,00 $;-65,68 $;0,00 $;-65,68 $;0,00;85,00 $;55,00 $;120,68 $;0,07%;
11/03/2025;1;41907,88 $;324,32 $;324,32 $;0,00 $;5,68 $;0,00 $;0,00 $;100,00%;324,32 $;324,32 $;0,00 $;324,32 $;0,00 $;210,00;1060,00 $;2095,00 $;1770,68 $;0,07%;
12/03/2025;1;41542,20 $;-365,68 $;0,00 $;-365,68 $;5,68 $;-365,68 $;-365,68 $;0,00%;-365,68 $;0,00 $;-365,68 $;0,00 $;-365,68 $;210,00;435,00 $;870,00 $;1235,68 $;0,07%;
13/03/2025;1;40536,52 $;-1005,68 $;0,00 $;-1005,68 $;5,68 $;-1371,36 $;-1005,68 $;0,00%;-1005,68 $;0,00 $;-1005,68 $;0,00 $;-1005,68 $;240,00;1825,00 $;165,00 $;1170,68 $;0,07%;
14/03/2025;1;41040,84 $;504,32 $;504,32 $;0,00 $;5,68 $;-867,04 $;0,00 $;100,00%;504,32 $;504,32 $;0,00 $;504,32 $;0,00 $;210,00;20,00 $;1150,00 $;645,68 $;0,07%;
17/03/2025;1;42450,16 $;1409,32 $;1409,32 $;0,00 $;5,68 $;0,00 $;0,00 $;100,00%;1409,32 $;1409,32 $;0,00 $;1409,32 $;0,00 $;240,00;480,00 $;1595,00 $;185,68 $;0,07%;
19/03/2025;2;43178,80 $;728,64 $;804,32 $;-75,68 $;11,36 $;-75,68 $;-75,68 $;50,00%;364,32 $;804,32 $;-75,68 $;804,32 $;-75,68 $;270,00;722,50 $;955,00 $;590,68 $;0,14%;
20/03/2025;1;41878,12 $;-1300,68 $;0,00 $;-1300,68 $;5,68 $;-1376,36 $;-1300,68 $;0,00%;-1300,68 $;0,00 $;-1300,68 $;0,00 $;-1300,68 $;240,00;1600,00 $;310,00 $;1610,68 $;0,07%;
21/03/2025;1;42657,44 $;779,32 $;779,32 $;0,00 $;5,68 $;-597,04 $;0,00 $;100,00%;779,32 $;779,32 $;0,00 $;779,32 $;0,00 $;30,00;80,00 $;845,00 $;65,68 $;0,07%;
24/03/2025;2;42536,08 $;-121,36 $;4,32 $;-125,68 $;11,36 $;-718,40 $;-125,68 $;50,00%;-60,68 $;4,32 $;-125,68 $;4,32 $;-125,68 $;270,00;512,50 $;107,50 $;168,18 $;0,14%;
26/03/2025;1;41670,40 $;-865,68 $;0,00 $;-865,68 $;5,68 $;-1584,08 $;-865,68 $;0,00%;-865,68 $;0,00 $;-865,68 $;0,00 $;-865,68 $;210,00;1255,00 $;120,00 $;985,68 $;0,07%;
27/03/2025;1;41364,72 $;-305,68 $;0,00 $;-305,68 $;5,68 $;-1889,76 $;-305,68 $;0,00%;-305,68 $;0,00 $;-305,68 $;0,00 $;-305,68 $;210,00;880,00 $;405,00 $;710,68 $;0,07%;
28/03/2025;1;40424,04 $;-940,68 $;0,00 $;-940,68 $;5,68 $;-2830,44 $;-940,68 $;0,00%;-940,68 $;0,00 $;-940,68 $;0,00 $;-940,68 $;210,00;940,00 $;300,00 $;1240,68 $;0,07%;
31/03/2025;1;41498,36 $;1074,32 $;1074,32 $;0,00 $;5,68 $;-1756,12 $;0,00 $;100,00%;1074,32 $;1074,32 $;0,00 $;1074,32 $;0,00 $;210,00;655,00 $;2075,00 $;1000,68 $;0,07%;
01/04/2025;2;40662,00 $;-836,36 $;124,32 $;-960,68 $;11,36 $;-2716,80 $;-960,68 $;50,00%;-418,18 $;124,32 $;-960,68 $;124,32 $;-960,68 $;270,00;945,00 $;420,00 $;838,18 $;0,14%;
02/04/2025;1;38916,32 $;-1745,68 $;0,00 $;-1745,68 $;5,68 $;-4338,16 $;-1745,68 $;0,00%;-1745,68 $;0,00 $;-1745,68 $;0,00 $;-1745,68 $;210,00;2190,00 $;2115,00 $;3860,68 $;0,07%;
03/04/2025;1;39240,64 $;324,32 $;324,32 $;0,00 $;5,68 $;-4013,84 $;0,00 $;100,00%;324,32 $;324,32 $;0,00 $;324,32 $;0,00 $;240,00;540,00 $;2095,00 $;1770,68 $;0,07%;
04/04/2025;1;36969,96 $;-2270,68 $;0,00 $;-2270,68 $;5,68 $;-6284,52 $;-2270,68 $;0,00%;-2270,68 $;0,00 $;-2270,68 $;0,00 $;-2270,68 $;30,00;2935,00 $;1120,00 $;3390,68 $;0,07%;
07/04/2025;1;39344,28 $;2374,32 $;2374,32 $;0,00 $;5,68 $;-3910,20 $;0,00 $;100,00%;2374,32 $;2374,32 $;0,00 $;2374,32 $;0,00 $;240,00;90,00 $;5615,00 $;3240,68 $;0,07%;
08/04/2025;1;39683,60 $;339,32 $;339,32 $;0,00 $;5,68 $;-3570,88 $;0,00 $;100,00%;339,32 $;339,32 $;0,00 $;339,32 $;0,00 $;0,00;30,00 $;530,00 $;190,68 $;0,07%;
09/04/2025;1;41807,92 $;2124,32 $;2124,32 $;0,00 $;5,68 $;-1446,56 $;0,00 $;100,00%;2124,32 $;2124,32 $;0,00 $;2124,32 $;0,00 $;90,00;2905,00 $;2255,00 $;130,68 $;0,07%;
10/04/2025;1;46787,24 $;4979,32 $;4979,32 $;0,00 $;5,68 $;0,00 $;0,00 $;100,00%;4979,32 $;4979,32 $;0,00 $;4979,32 $;0,00 $;210,00;105,00 $;6375,00 $;1395,68 $;0,07%;
14/04/2025;1;47981,56 $;1194,32 $;1194,32 $;0,00 $;5,68 $;0,00 $;0,00 $;100,00%;1194,32 $;1194,32 $;0,00 $;1194,32 $;0,00 $;240,00;1465,00 $;1620,00 $;425,68 $;0,07%;
16/04/2025;1;43045,88 $;-4935,68 $;0,00 $;-4935,68 $;5,68 $;-4935,68 $;-4935,68 $;0,00%;-4935,68 $;0,00 $;-4935,68 $;0,00 $;-4935,68 $;240,00;5075,00 $;30,00 $;4965,68 $;0,07%;
17/04/2025;1;43020,20 $;-25,68 $;0,00 $;-25,68 $;5,68 $;-4961,36 $;-25,68 $;0,00%;-25,68 $;0,00 $;-25,68 $;0,00 $;-25,68 $;150,00;625,00 $;1160,00 $;1185,68 $;0,07%;
21/04/2025;2;42168,84 $;-851,36 $;119,32 $;-970,68 $;11,36 $;-5932,04 $;-970,68 $;50,00%;-425,68 $;119,32 $;-970,68 $;119,32 $;-970,68 $;270,00;840,00 $;170,00 $;595,68 $;0,14%;
22/04/2025;1;42598,16 $;429,32 $;429,32 $;0,00 $;5,68 $;-5383,40 $;0,00 $;100,00%;429,32 $;429,32 $;0,00 $;429,32 $;0,00 $;240,00;915,00 $;1545,00 $;1115,68 $;0,07%;
23/04/2025;1;40817,48 $;-1780,68 $;0,00 $;-1780,68 $;5,68 $;-7164,08 $;-1780,68 $;0,00%;-1780,68 $;0,00 $;-1780,68 $;0,00 $;-1780,68 $;240,00;1985,00 $;215,00 $;1995,68 $;0,07%;
24/04/2025;1;41686,80 $;869,32 $;869,32 $;0,00 $;5,68 $;-6294,76 $;0,00 $;100,00%;869,32 $;869,32 $;0,00 $;869,32 $;0,00 $;240,00;220,00 $;1415,00 $;545,68 $;0,07%;
25/04/2025;1;42751,12 $;1064,32 $;1064,32 $;0,00 $;5,68 $;-5230,44 $;0,00 $;100,00%;1064,32 $;1064,32 $;0,00 $;1064,32 $;0,00 $;240,00;280,00 $;1415,00 $;350,68 $;0,07%;
28/04/2025;1;43415,44 $;664,32 $;664,32 $;0,00 $;5,68 $;-4566,12 $;0,00 $;100,00%;664,32 $;664,32 $;0,00 $;664,32 $;0,00 $;240,00;1035,00 $;785,00 $;120,68 $;0,07%;
29/04/2025;1;43874,76 $;459,32 $;459,32 $;0,00 $;5,68 $;-4106,80 $;0,00 $;100,00%;459,32 $;459,32 $;0,00 $;459,32 $;0,00 $;210,00;925,00 $;615,00 $;155,68 $;0,07%;
30/04/2025;1;44119,08 $;244,32 $;244,32 $;0,00 $;5,68 $;-3862,48 $;0,00 $;100,00%;244,32 $;244,32 $;0,00 $;244,32 $;0,00 $;240,00;420,00 $;1480,00 $;1235,68 $;0,07%;
01/05/2025;1;43468,40 $;-650,68 $;0,00 $;-650,68 $;5,68 $;-4513,16 $;-650,68 $;0,00%;-650,68 $;0,00 $;-650,68 $;0,00 $;-650,68 $;210,00;1125,00 $;760,00 $;1410,68 $;0,07%;
02/05/2025;1;44787,72 $;1319,32 $;1319,32 $;0,00 $;5,68 $;-3193,84 $;0,00 $;100,00%;1319,32 $;1319,32 $;0,00 $;1319,32 $;0,00 $;240,00;40,00 $;1515,00 $;195,68 $;0,07%;
05/05/2025;1;44872,04 $;84,32 $;84,32 $;0,00 $;5,68 $;-3109,52 $;0,00 $;100,00%;84,32 $;84,32 $;0,00 $;84,32 $;0,00 $;0,00;25,00 $;105,00 $;20,68 $;0,07%;
06/05/2025;1;44101,36 $;-770,68 $;0,00 $;-770,68 $;5,68 $;-3880,20 $;-770,68 $;0,00%;-770,68 $;0,00 $;-770,68 $;0,00 $;-770,68 $;240,00;1450,00 $;530,00 $;1300,68 $;0,07%;
07/05/2025;1;43685,68 $;-415,68 $;0,00 $;-415,68 $;5,68 $;-4295,88 $;-415,68 $;0,00%;-415,68 $;0,00 $;-415,68 $;0,00 $;-415,68 $;240,00;1070,00 $;1065,00 $;1480,68 $;0,07%;
09/05/2025;1;43700,00 $;14,32 $;14,32 $;0,00 $;5,68 $;-4281,56 $;0,00 $;100,00%;14,32 $;14,32 $;0,00 $;14,32 $;0,00 $;240,00;695,00 $;365,00 $;350,68 $;0,07%;
12/05/2025;1;43759,32 $;59,32 $;59,32 $;0,00 $;5,68 $;-4222,24 $;0,00 $;100,00%;59,32 $;59,32 $;0,00 $;59,32 $;0,00 $;0,00;45,00 $;90,00 $;30,68 $;0,07%;
13/05/2025;1;43313,64 $;-445,68 $;0,00 $;-445,68 $;5,68 $;-4667,92 $;-445,68 $;0,00%;-445,68 $;0,00 $;-445,68 $;0,00 $;-445,68 $;210,00;525,00 $;580,00 $;1025,68 $;0,07%;
15/05/2025;1;43777,96 $;464,32 $;464,32 $;0,00 $;5,68 $;-4203,60 $;0,00 $;100,00%;464,32 $;464,32 $;0,00 $;464,32 $;0,00 $;150,00;380,00 $;605,00 $;140,68 $;0,07%;
19/05/2025;1;44577,28 $;799,32 $;799,32 $;0,00 $;5,68 $;-3404,28 $;0,00 $;100,00%;799,32 $;799,32 $;0,00 $;799,32 $;0,00 $;240,00;15,00 $;1465,00 $;665,68 $;0,07%;
20/05/2025;1;44361,60 $;-215,68 $;0,00 $;-215,68 $;5,68 $;-3619,96 $;-215,68 $;0,00%;-215,68 $;0,00 $;-215,68 $;0,00 $;-215,68 $;150,00;1080,00 $;70,00 $;285,68 $;0,07%;
21/05/2025;1;41665,92 $;-2695,68 $;0,00 $;-2695,68 $;5,68 $;-6315,64 $;-2695,68 $;0,00%;-2695,68 $;0,00 $;-2695,68 $;0,00 $;-2695,68 $;240,00;2815,00 $;290,00 $;2985,68 $;0,07%;
23/05/2025;1;42000,24 $;334,32 $;334,32 $;0,00 $;5,68 $;-5981,32 $;0,00 $;100,00%;334,32 $;334,32 $;0,00 $;334,32 $;0,00 $;240,00;400,00 $;1030,00 $;695,68 $;0,07%;
27/05/2025;1;42499,56 $;499,32 $;499,32 $;0,00 $;5,68 $;-5482,00 $;0,00 $;100,00%;499,32 $;499,32 $;0,00 $;499,32 $;0,00 $;30,00;80,00 $;540,00 $;40,68 $;0,07%;
28/05/2025;1;42403,88 $;-95,68 $;0,00 $;-95,68 $;5,68 $;-5577,68 $;-95,68 $;0,00%;-95,68 $;0,00 $;-95,68 $;0,00 $;-95,68 $;240,00;635,00 $;425,00 $;520,68 $;0,07%;
29/05/2025;1;43223,20 $;819,32 $;819,32 $;0,00 $;5,68 $;-4758,36 $;0,00 $;100,00%;819,32 $;819,32 $;0,00 $;819,32 $;0,00 $;210,00;45,00 $;1165,00 $;345,68 $;0,07%;
30/05/2025;1;43932,52 $;709,32 $;709,32 $;0,00 $;5,68 $;-4049,04 $;0,00 $;100,00%;709,32 $;709,32 $;0,00 $;709,32 $;0,00 $;240,00;1590,00 $;825,00 $;115,68 $;0,07%;
02/06/2025;1;45161,84 $;1229,32 $;1229,32 $;0,00 $;5,68 $;-2819,72 $;0,00 $;100,00%;1229,32 $;1229,32 $;0,00 $;1229,32 $;0,00 $;240,00;210,00 $;1350,00 $;120,68 $;0,07%;
03/06/2025;1;45681,16 $;519,32 $;519,32 $;0,00 $;5,68 $;-2300,40 $;0,00 $;100,00%;519,32 $;519,32 $;0,00 $;519,32 $;0,00 $;240,00;20,00 $;785,00 $;265,68 $;0,07%;
04/06/2025;1;45470,48 $;-210,68 $;0,00 $;-210,68 $;5,68 $;-2511,08 $;-210,68 $;0,00%;-210,68 $;0,00 $;-210,68 $;0,00 $;-210,68 $;240,00;370,00 $;240,00 $;450,68 $;0,07%;
06/06/2025;1;45899,80 $;429,32 $;429,32 $;0,00 $;5,68 $;-2081,76 $;0,00 $;100,00%;429,32 $;429,32 $;0,00 $;429,32 $;0,00 $;240,00;560,00 $;610,00 $;180,68 $;0,07%;
09/06/2025;1;45934,12 $;34,32 $;34,32 $;0,00 $;5,68 $;-2047,44 $;0,00 $;100,00%;34,32 $;34,32 $;0,00 $;34,32 $;0,00 $;210,00;70,00 $;720,00 $;685,68 $;0,07%;
10/06/2025;2;46102,76 $;168,64 $;168,64 $;0,00 $;11,36 $;-1883,12 $;0,00 $;100,00%;84,32 $;84,32 $;0,00 $;164,32 $;0,00 $;240,00;282,50 $;337,50 $;253,18 $;0,14%;
11/06/2025;1;45072,08 $;-1030,68 $;0,00 $;-1030,68 $;5,68 $;-2909,48 $;-1030,68 $;0,00%;-1030,68 $;0,00 $;-1030,68 $;0,00 $;-1030,68 $;240,00;1445,00 $;520,00 $;1550,68 $;0,07%;
12/06/2025;1;45526,40 $;454,32 $;454,32 $;0,00 $;5,68 $;-2455,16 $;0,00 $;100,00%;454,32 $;454,32 $;0,00 $;454,32 $;0,00 $;240,00;290,00 $;590,00 $;135,68 $;0,07%;
13/06/2025;1;43585,72 $;-1940,68 $;0,00 $;-1940,68 $;5,68 $;-4395,84 $;-1940,68 $;0,00%;-1940,68 $;0,00 $;-1940,68 $;0,00 $;-1940,68 $;240,00;2210,00 $;465,00 $;2405,68 $;0,07%;
16/06/2025;1;42970,04 $;-615,68 $;0,00 $;-615,68 $;5,68 $;-5011,52 $;-615,68 $;0,00%;-615,68 $;0,00 $;-615,68 $;0,00 $;-615,68 $;240,00;710,00 $;185,00 $;800,68 $;0,07%;
17/06/2025;1;42494,36 $;-475,68 $;0,00 $;-475,68 $;5,68 $;-5487,20 $;-475,68 $;0,00%;-475,68 $;0,00 $;-475,68 $;0,00 $;-475,68 $;150,00;895,00 $;305,00 $;780,68 $;0,07%;
18/06/2025;1;41018,68 $;-1475,68 $;0,00 $;-1475,68 $;5,68 $;-6962,88 $;-1475,68 $;0,00%;-1475,68 $;0,00 $;-1475,68 $;0,00 $;-1475,68 $;240,00;1480,00 $;210,00 $;1685,68 $;0,07%;
23/06/2025;1;42328,00 $;1309,32 $;1309,32 $;0,00 $;5,68 $;-5653,56 $;0,00 $;100,00%;1309,32 $;1309,32 $;0,00 $;1309,32 $;0,00 $;240,00;1490,00 $;1395,00 $;85,68 $;0,07%;
24/06/2025;1;43092,32 $;764,32 $;764,32 $;0,00 $;5,68 $;-4889,24 $;0,00 $;100,00%;764,32 $;764,32 $;0,00 $;764,32 $;0,00 $;240,00;50,00 $;775,00 $;10,68 $;0,07%;
25/06/2025;1;43171,64 $;79,32 $;79,32 $;0,00 $;5,68 $;-4809,92 $;0,00 $;100,00%;79,32 $;79,32 $;0,00 $;79,32 $;0,00 $;150,00;500,00 $;230,00 $;150,68 $;0,07%;
26/06/2025;1;43700,96 $;529,32 $;529,32 $;0,00 $;5,68 $;-4280,60 $;0,00 $;100,00%;529,32 $;529,32 $;0,00 $;529,32 $;0,00 $;240,00;115,00 $;735,00 $;205,68 $;0,07%;
27/06/2025;1;42800,28 $;-900,68 $;0,00 $;-900,68 $;5,68 $;-5181,28 $;-900,68 $;0,00%;-900,68 $;0,00 $;-900,68 $;0,00 $;-900,68 $;210,00;1980,00 $;100,00 $;1000,68 $;0,07%;
30/06/2025;1;42979,60 $;179,32 $;179,32 $;0,00 $;5,68 $;-5001,96 $;0,00 $;100,00%;179,32 $;179,32 $;0,00 $;179,32 $;0,00 $;240,00;640,00 $;305,00 $;125,68 $;0,07%;
01/07/2025;1;43223,92 $;244,32 $;244,32 $;0,00 $;5,68 $;-4757,64 $;0,00 $;100,00%;244,32 $;244,32 $;0,00 $;244,32 $;0,00 $;240,00;565,00 $;435,00 $;190,68 $;0,07%;
02/07/2025;1;43233,24 $;9,32 $;9,32 $;0,00 $;5,68 $;-4748,32 $;0,00 $;100,00%;9,32 $;9,32 $;0,00 $;9,32 $;0,00 $;210,00;195,00 $;180,00 $;170,68 $;0,07%;
03/07/2025;1;43307,56 $;74,32 $;74,32 $;0,00 $;5,68 $;-4674,00 $;0,00 $;100,00%;74,32 $;74,32 $;0,00 $;74,32 $;0,00 $;45,00;30,00 $;430,00 $;355,68 $;0,07%;
07/07/2025;2;41956,20 $;-1351,36 $;0,00 $;-1351,36 $;11,36 $;-6025,36 $;-1351,36 $;0,00%;-675,68 $;0,00 $;-675,68 $;0,00 $;-1155,68 $;270,00;1070,00 $;57,50 $;733,18 $;0,14%;
08/07/2025;1;41275,52 $;-680,68 $;0,00 $;-680,68 $;5,68 $;-6706,04 $;-680,68 $;0,00%;-680,68 $;0,00 $;-680,68 $;0,00 $;-680,68 $;210,00;880,00 $;60,00 $;740,68 $;0,07%;
09/07/2025;1;41979,84 $;704,32 $;704,32 $;0,00 $;5,68 $;-6001,72 $;0,00 $;100,00%;704,32 $;704,32 $;0,00 $;704,32 $;0,00 $;240,00;200,00 $;795,00 $;90,68 $;0,07%;
10/07/2025;1;41579,16 $;-400,68 $;0,00 $;-400,68 $;5,68 $;-6402,40 $;-400,68 $;0,00%;-400,68 $;0,00 $;-400,68 $;0,00 $;-400,68 $;210,00;440,00 $;415,00 $;815,68 $;0,07%;
16/07/2025;1;42338,48 $;759,32 $;759,32 $;0,00 $;5,68 $;-5643,08 $;0,00 $;100,00%;759,32 $;759,32 $;0,00 $;759,32 $;0,00 $;210,00;290,00 $;1100,00 $;340,68 $;0,07%;
21/07/2025;1;41592,80 $;-745,68 $;0,00 $;-745,68 $;5,68 $;-6388,76 $;-745,68 $;0,00%;-745,68 $;0,00 $;-745,68 $;0,00 $;-745,68 $;240,00;890,00 $;245,00 $;990,68 $;0,07%;
22/07/2025;1;42452,12 $;859,32 $;859,32 $;0,00 $;5,68 $;-5529,44 $;0,00 $;100,00%;859,32 $;859,32 $;0,00 $;859,32 $;0,00 $;210,00;35,00 $;975,00 $;115,68 $;0,07%;
23/07/2025;1;42681,44 $;229,32 $;229,32 $;0,00 $;5,68 $;-5300,12 $;0,00 $;100,00%;229,32 $;229,32 $;0,00 $;229,32 $;0,00 $;210,00;260,00 $;715,00 $;485,68 $;0,07%;
24/07/2025;1;42250,76 $;-430,68 $;0,00 $;-430,68 $;5,68 $;-5730,80 $;-430,68 $;0,00%;-430,68 $;0,00 $;-430,68 $;0,00 $;-430,68 $;240,00;610,00 $;90,00 $;520,68 $;0,07%;
25/07/2025;1;43035,08 $;784,32 $;784,32 $;0,00 $;5,68 $;-4946,48 $;0,00 $;100,00%;784,32 $;784,32 $;0,00 $;784,32 $;0,00 $;240,00;175,00 $;825,00 $;40,68 $;0,07%;
28/07/2025;1;42469,40 $;-565,68 $;0,00 $;-565,68 $;5,68 $;-5512,16 $;-565,68 $;0,00%;-565,68 $;0,00 $;-565,68 $;0,00 $;-565,68 $;240,00;775,00 $;290,00 $;855,68 $;0,07%;
29/07/2025;1;42398,72 $;-70,68 $;0,00 $;-70,68 $;5,68 $;-5582,84 $;-70,68 $;0,00%;-70,68 $;0,00 $;-70,68 $;0,00 $;-70,68 $;240,00;260,00 $;595,00 $;665,68 $;0,07%;
30/07/2025;1;41083,04 $;-1315,68 $;0,00 $;-1315,68 $;5,68 $;-6898,52 $;-1315,68 $;0,00%;-1315,68 $;0,00 $;-1315,68 $;0,00 $;-1315,68 $;240,00;1595,00 $;860,00 $;2175,68 $;0,07%;
01/08/2025;1;41617,36 $;534,32 $;534,32 $;0,00 $;5,68 $;-6364,20 $;0,00 $;100,00%;534,32 $;534,32 $;0,00 $;534,32 $;0,00 $;150,00;275,00 $;1055,00 $;520,68 $;0,07%;
05/08/2025;1;41541,68 $;-75,68 $;0,00 $;-75,68 $;5,68 $;-6439,88 $;-75,68 $;0,00%;-75,68 $;0,00 $;-75,68 $;0,00 $;-75,68 $;210,00;345,00 $;545,00 $;620,68 $;0,07%;
06/08/2025;1;41411,00 $;-130,68 $;0,00 $;-130,68 $;5,68 $;-6570,56 $;-130,68 $;0,00%;-130,68 $;0,00 $;-130,68 $;0,00 $;-130,68 $;210,00;240,00 $;350,00 $;480,68 $;0,07%;
11/08/2025;1;40490,32 $;-920,68 $;0,00 $;-920,68 $;5,68 $;-7491,24 $;-920,68 $;0,00%;-920,68 $;0,00 $;-920,68 $;0,00 $;-920,68 $;210,00;1210,00 $;5,00 $;925,68 $;0,07%;
12/08/2025;1;40559,64 $;69,32 $;69,32 $;0,00 $;5,68 $;-7421,92 $;0,00 $;100,00%;69,32 $;69,32 $;0,00 $;69,32 $;0,00 $;240,00;45,00 $;500,00 $;430,68 $;0,07%;
13/08/2025;1;41118,96 $;559,32 $;559,32 $;0,00 $;5,68 $;-6862,60 $;0,00 $;100,00%;559,32 $;559,32 $;0,00 $;559,32 $;0,00 $;240,00;360,00 $;655,00 $;95,68 $;0,07%;
14/08/2025;1;41928,28 $;809,32 $;809,32 $;0,00 $;5,68 $;-6053,28 $;0,00 $;100,00%;809,32 $;809,32 $;0,00 $;809,32 $;0,00 $;240,00;335,00 $;1005,00 $;195,68 $;0,07%;
15/08/2025;1;42082,60 $;154,32 $;154,32 $;0,00 $;5,68 $;-5898,96 $;0,00 $;100,00%;154,32 $;154,32 $;0,00 $;154,32 $;0,00 $;240,00;40,00 $;680,00 $;525,68 $;0,07%;
18/08/2025;1;41911,92 $;-170,68 $;0,00 $;-170,68 $;5,68 $;-6069,64 $;-170,68 $;0,00%;-170,68 $;0,00 $;-170,68 $;0,00 $;-170,68 $;150,00;390,00 $;245,00 $;415,68 $;0,07%;
20/08/2025;1;41811,24 $;-100,68 $;0,00 $;-100,68 $;5,68 $;-6170,32 $;-100,68 $;0,00%;-100,68 $;0,00 $;-100,68 $;0,00 $;-100,68 $;210,00;685,00 $;440,00 $;540,68 $;0,07%;
21/08/2025;1;42135,56 $;324,32 $;324,32 $;0,00 $;5,68 $;-5846,00 $;0,00 $;100,00%;324,32 $;324,32 $;0,00 $;324,32 $;0,00 $;210,00;440,00 $;475,00 $;150,68 $;0,07%;
22/08/2025;1;41704,88 $;-430,68 $;0,00 $;-430,68 $;5,68 $;-6276,68 $;-430,68 $;0,00%;-430,68 $;0,00 $;-430,68 $;0,00 $;-430,68 $;240,00;505,00 $;265,00 $;695,68 $;0,07%;
26/08/2025;1;42529,20 $;824,32 $;824,32 $;0,00 $;5,68 $;-5452,36 $;0,00 $;100,00%;824,32 $;824,32 $;0,00 $;824,32 $;0,00 $;240,00;30,00 $;875,00 $;50,68 $;0,07%;
27/08/2025;1;42698,52 $;169,32 $;169,32 $;0,00 $;5,68 $;-5283,04 $;0,00 $;100,00%;169,32 $;169,32 $;0,00 $;169,32 $;0,00 $;240,00;340,00 $;345,00 $;175,68 $;0,07%;
28/08/2025;1;43572,84 $;874,32 $;874,32 $;0,00 $;5,68 $;-4408,72 $;0,00 $;100,00%;874,32 $;874,32 $;0,00 $;874,32 $;0,00 $;240,00;0,00 $;950,00 $;75,68 $;0,07%;
02/09/2025;1;44207,16 $;634,32 $;634,32 $;0,00 $;5,68 $;-3774,40 $;0,00 $;100,00%;634,32 $;634,32 $;0,00 $;634,32 $;0,00 $;240,00;545,00 $;760,00 $;125,68 $;0,07%;
03/09/2025;1;43816,48 $;-390,68 $;0,00 $;-390,68 $;5,68 $;-4165,08 $;-390,68 $;0,00%;-390,68 $;0,00 $;-390,68 $;0,00 $;-390,68 $;240,00;815,00 $;145,00 $;535,68 $;0,07%;
05/09/2025;1;44040,80 $;224,32 $;224,32 $;0,00 $;5,68 $;-3940,76 $;0,00 $;100,00%;224,32 $;224,32 $;0,00 $;224,32 $;0,00 $;210,00;365,00 $;615,00 $;390,68 $;0,07%;
10/09/2025;1;43880,12 $;-160,68 $;0,00 $;-160,68 $;5,68 $;-4101,44 $;-160,68 $;0,00%;-160,68 $;0,00 $;-160,68 $;0,00 $;-160,68 $;240,00;235,00 $;510,00 $;670,68 $;0,07%;
11/09/2025;1;43969,44 $;89,32 $;89,32 $;0,00 $;5,68 $;-4012,12 $;0,00 $;100,00%;89,32 $;89,32 $;0,00 $;89,32 $;0,00 $;240,00;325,00 $;340,00 $;250,68 $;0,07%;
12/09/2025;1;43883,76 $;-85,68 $;0,00 $;-85,68 $;5,68 $;-4097,80 $;-85,68 $;0,00%;-85,68 $;0,00 $;-85,68 $;0,00 $;-85,68 $;240,00;125,00 $;280,00 $;365,68 $;0,07%;
15/09/2025;1;43853,08 $;-30,68 $;0,00 $;-30,68 $;5,68 $;-4128,48 $;-30,68 $;0,00%;-30,68 $;0,00 $;-30,68 $;0,00 $;-30,68 $;210,00;360,00 $;215,00 $;245,68 $;0,07%;
16/09/2025;1;43962,40 $;109,32 $;109,32 $;0,00 $;5,68 $;-4019,16 $;0,00 $;100,00%;109,32 $;109,32 $;0,00 $;109,32 $;0,00 $;150,00;255,00 $;265,00 $;155,68 $;0,07%;
17/09/2025;1;43971,72 $;9,32 $;9,32 $;0,00 $;5,68 $;-4009,84 $;0,00 $;100,00%;9,32 $;9,32 $;0,00 $;9,32 $;0,00 $;30,00;360,00 $;195,00 $;185,68 $;0,07%;
22/09/2025;1;43976,04 $;4,32 $;4,32 $;0,00 $;5,68 $;-4005,52 $;0,00 $;100,00%;4,32 $;4,32 $;0,00 $;4,32 $;0,00 $;210,00;75,00 $;500,00 $;495,68 $;0,07%;
24/09/2025;1;43905,36 $;-70,68 $;0,00 $;-70,68 $;5,68 $;-4076,20 $;-70,68 $;0,00%;-70,68 $;0,00 $;-70,68 $;0,00 $;-70,68 $;210,00;400,00 $;265,00 $;335,68 $;0,07%;
26/09/2025;1;44309,68 $;404,32 $;404,32 $;0,00 $;5,68 $;-3671,88 $;0,00 $;100,00%;404,32 $;404,32 $;0,00 $;404,32 $;0,00 $;240,00;435,00 $;815,00 $;410,68 $;0,07%;
29/09/2025;1;44844,00 $;534,32 $;534,32 $;0,00 $;5,68 $;-3137,56 $;0,00 $;100,00%;534,32 $;534,32 $;0,00 $;534,32 $;0,00 $;210,00;290,00 $;670,00 $;135,68 $;0,07%;
30/09/2025;1;45848,32 $;1004,32 $;1004,32 $;0,00 $;5,68 $;-2133,24 $;0,00 $;100,00%;1004,32 $;1004,32 $;0,00 $;1004,32 $;0,00 $;240,00;185,00 $;1060,00 $;55,68 $;0,07%;
01/10/2025;1;45897,64 $;49,32 $;49,32 $;0,00 $;5,68 $;-2083,92 $;0,00 $;100,00%;49,32 $;49,32 $;0,00 $;49,32 $;0,00 $;240,00;700,00 $;300,00 $;250,68 $;0,07%;
02/10/2025;1;46431,96 $;534,32 $;534,32 $;0,00 $;5,68 $;-1549,60 $;0,00 $;100,00%;534,32 $;534,32 $;0,00 $;534,32 $;0,00 $;150,00;50,00 $;900,00 $;365,68 $;0,07%;
03/10/2025;1;46261,28 $;-170,68 $;0,00 $;-170,68 $;5,68 $;-1720,28 $;-170,68 $;0,00%;-170,68 $;0,00 $;-170,68 $;0,00 $;-170,68 $;240,00;415,00 $;1070,00 $;1240,68 $;0,07%;
06/10/2025;1;46130,60 $;-130,68 $;0,00 $;-130,68 $;5,68 $;-1850,96 $;-130,68 $;0,00%;-130,68 $;0,00 $;-130,68 $;0,00 $;-130,68 $;240,00;480,00 $;255,00 $;385,68 $;0,07%;
07/10/2025;1;46819,92 $;689,32 $;689,32 $;0,00 $;5,68 $;-1161,64 $;0,00 $;100,00%;689,32 $;689,32 $;0,00 $;689,32 $;0,00 $;210,00;70,00 $;705,00 $;15,68 $;0,07%;
08/10/2025;1;46239,24 $;-580,68 $;0,00 $;-580,68 $;5,68 $;-1742,32 $;-580,68 $;0,00%;-580,68 $;0,00 $;-580,68 $;0,00 $;-580,68 $;240,00;730,00 $;420,00 $;1000,68 $;0,07%;
09/10/2025;1;46483,56 $;244,32 $;244,32 $;0,00 $;5,68 $;-1498,00 $;0,00 $;100,00%;244,32 $;244,32 $;0,00 $;244,32 $;0,00 $;150,00;255,00 $;375,00 $;130,68 $;0,07%;
14/10/2025;1;48602,88 $;2119,32 $;2119,32 $;0,00 $;5,68 $;0,00 $;0,00 $;100,00%;2119,32 $;2119,32 $;0,00 $;2119,32 $;0,00 $;240,00;25,00 $;2605,00 $;485,68 $;0,07%;
15/10/2025;1;48477,20 $;-125,68 $;0,00 $;-125,68 $;5,68 $;-125,68 $;-125,68 $;0,00%;-125,68 $;0,00 $;-125,68 $;0,00 $;-125,68 $;30,00;555,00 $;210,00 $;335,68 $;0,07%;
16/10/2025;2;46590,84 $;-1886,36 $;169,32 $;-2055,68 $;11,36 $;-2181,36 $;-2055,68 $;50,00%;-943,18 $;169,32 $;-2055,68 $;169,32 $;-2055,68 $;270,00;1235,00 $;367,50 $;1310,68 $;0,14%;
17/10/2025;1;47540,16 $;949,32 $;949,32 $;0,00 $;5,68 $;-1062,72 $;0,00 $;100,00%;949,32 $;949,32 $;0,00 $;949,32 $;0,00 $;150,00;140,00 $;1400,00 $;450,68 $;0,07%;
20/10/2025;1;48359,48 $;819,32 $;819,32 $;0,00 $;5,68 $;-243,40 $;0,00 $;100,00%;819,32 $;819,32 $;0,00 $;819,32 $;0,00 $;240,00;285,00 $;940,00 $;120,68 $;0,07%;
21/10/2025;1;47893,80 $;-465,68 $;0,00 $;-465,68 $;5,68 $;-709,08 $;-465,68 $;0,00%;-465,68 $;0,00 $;-465,68 $;0,00 $;-465,68 $;210,00;625,00 $;190,00 $;655,68 $;0,07%;
22/10/2025;1;47003,12 $;-890,68 $;0,00 $;-890,68 $;5,68 $;-1599,76 $;-890,68 $;0,00%;-890,68 $;0,00 $;-890,68 $;0,00 $;-890,68 $;240,00;1640,00 $;345,00 $;1235,68 $;0,07%;
23/10/2025;1;47222,44 $;219,32 $;219,32 $;0,00 $;5,68 $;-1380,44 $;0,00 $;100,00%;219,32 $;219,32 $;0,00 $;219,32 $;0,00 $;210,00;50,00 $;770,00 $;550,68 $;0,07%;
24/10/2025;1;46916,76 $;-305,68 $;0,00 $;-305,68 $;5,68 $;-1686,12 $;-305,68 $;0,00%;-305,68 $;0,00 $;-305,68 $;0,00 $;-305,68 $;210,00;425,00 $;285,00 $;590,68 $;0,07%;
