Period;#;Cum. net profit;Net profit;Gross profit;Gross loss;Commission;Cum. max. drawdown;Max. drawdown;% Win;Avg. trade;Avg. winner;Avg. loser;Lrg. winner;Lrg. loser;MTR;Avg. MAE;Avg. MFE;Avg. ETD;% Trade;
25/01/2019;1;-655,52 $;-655,52 $;0,00 $;-655,52 $;5,52 $;-655,52 $;-655,52 $;0,00%;-655,52 $;0,00 $;-655,52 $;0,00 $;-655,52 $;240,00;900,00 $;450,00 $;1105,52 $;0,08%;
28/01/2019;1;-1461,04 $;-805,52 $;0,00 $;-805,52 $;5,52 $;-1461,04 $;-805,52 $;0,00%;-805,52 $;0,00 $;-805,52 $;0,00 $;-805,52 $;240,00;1400,00 $;50,00 $;855,52 $;0,08%;
04/02/2019;1;-1016,56 $;444,48 $;444,48 $;0,00 $;5,52 $;-1016,56 $;0,00 $;100,00%;444,48 $;444,48 $;0,00 $;444,48 $;0,00 $;240,00;1550,00 $;525,00 $;80,52 $;0,08%;
05/02/2019;1;-422,08 $;594,48 $;594,48 $;0,00 $;5,52 $;-422,08 $;0,00 $;100,00%;594,48 $;594,48 $;0,00 $;594,48 $;0,00 $;240,00;475,00 $;1275,00 $;680,52 $;0,08%;
06/02/2019;1;-302,60 $;119,48 $;119,48 $;0,00 $;5,52 $;-302,60 $;0,00 $;100,00%;119,48 $;119,48 $;0,00 $;119,48 $;0,00 $;240,00;525,00 $;550,00 $;430,52 $;0,08%;
11/02/2019;1;-383,12 $;-80,52 $;0,00 $;-80,52 $;5,52 $;-383,12 $;-80,52 $;0,00%;-80,52 $;0,00 $;-80,52 $;0,00 $;-80,52 $;240,00;1125,00 $;475,00 $;555,52 $;0,08%;
12/02/2019;1;86,36 $;469,48 $;469,48 $;0,00 $;5,52 $;0,00 $;0,00 $;100,00%;469,48 $;469,48 $;0,00 $;469,48 $;0,00 $;180,00;200,00 $;475,00 $;5,52 $;0,08%;
13/02/2019;1;780,84 $;694,48 $;694,48 $;0,00 $;5,52 $;0,00 $;0,00 $;100,00%;694,48 $;694,48 $;0,00 $;694,48 $;0,00 $;240,00;100,00 $;1575,00 $;880,52 $;0,08%;
14/02/2019;1;100,32 $;-680,52 $;0,00 $;-680,52 $;5,52 $;-680,52 $;-680,52 $;0,00%;-680,52 $;0,00 $;-680,52 $;0,00 $;-680,52 $;60,00;700,00 $;250,00 $;930,52 $;0,08%;
15/02/2019;1;369,80 $;269,48 $;269,48 $;0,00 $;5,52 $;-411,04 $;0,00 $;100,00%;269,48 $;269,48 $;0,00 $;269,48 $;0,00 $;0,00;125,00 $;300,00 $;30,52 $;0,08%;
18/02/2019;1;739,28 $;369,48 $;369,48 $;0,00 $;5,52 $;-41,56 $;0,00 $;100,00%;369,48 $;369,48 $;0,00 $;369,48 $;0,00 $;240,00;350,00 $;500,00 $;130,52 $;0,08%;
19/02/2019;1;708,76 $;-30,52 $;0,00 $;-30,52 $;5,52 $;-72,08 $;-30,52 $;0,00%;-30,52 $;0,00 $;-30,52 $;0,00 $;-30,52 $;60,00;100,00 $;350,00 $;380,52 $;0,08%;
20/02/2019;2;1372,72 $;663,96 $;944,48 $;-280,52 $;11,04 $;-280,52 $;-280,52 $;50,00%;331,98 $;944,48 $;-280,52 $;944,48 $;-280,52 $;360,00;500,00 $;1000,00 $;668,02 $;0,15%;
21/02/2019;1;967,20 $;-405,52 $;0,00 $;-405,52 $;5,52 $;-686,04 $;-405,52 $;0,00%;-405,52 $;0,00 $;-405,52 $;0,00 $;-405,52 $;180,00;925,00 $;350,00 $;755,52 $;0,08%;
22/02/2019;1;536,68 $;-430,52 $;0,00 $;-430,52 $;5,52 $;-1116,56 $;-430,52 $;0,00%;-430,52 $;0,00 $;-430,52 $;0,00 $;-430,52 $;240,00;650,00 $;200,00 $;630,52 $;0,08%;
26/02/2019;1;656,16 $;119,48 $;119,48 $;0,00 $;5,52 $;-997,08 $;0,00 $;100,00%;119,48 $;119,48 $;0,00 $;119,48 $;0,00 $;120,00;0,00 $;550,00 $;430,52 $;0,08%;
28/02/2019;1;1725,64 $;1069,48 $;1069,48 $;0,00 $;5,52 $;0,00 $;0,00 $;100,00%;1069,48 $;1069,48 $;0,00 $;1069,48 $;0,00 $;240,00;475,00 $;1250,00 $;180,52 $;0,08%;
04/03/2019;1;2295,12 $;569,48 $;569,48 $;0,00 $;5,52 $;0,00 $;0,00 $;100,00%;569,48 $;569,48 $;0,00 $;569,48 $;0,00 $;240,00;275,00 $;825,00 $;255,52 $;0,08%;
07/03/2019;1;1389,60 $;-905,52 $;0,00 $;-905,52 $;5,52 $;-905,52 $;-905,52 $;0,00%;-905,52 $;0,00 $;-905,52 $;0,00 $;-905,52 $;240,00;2200,00 $;1950,00 $;2855,52 $;0,08%;
08/03/2019;1;2334,08 $;944,48 $;944,48 $;0,00 $;5,52 $;0,00 $;0,00 $;100,00%;944,48 $;944,48 $;0,00 $;944,48 $;0,00 $;240,00;225,00 $;1525,00 $;580,52 $;0,08%;
11/03/2019;1;2778,56 $;444,48 $;444,48 $;0,00 $;5,52 $;0,00 $;0,00 $;100,00%;444,48 $;444,48 $;0,00 $;444,48 $;0,00 $;240,00;175,00 $;625,00 $;180,52 $;0,08%;
13/03/2019;2;3767,52 $;988,96 $;988,96 $;0,00 $;11,04 $;0,00 $;0,00 $;100,00%;494,48 $;494,48 $;0,00 $;544,48 $;0,00 $;240,00;0,00 $;1062,50 $;568,02 $;0,15%;
25/03/2019;2;4506,48 $;738,96 $;738,96 $;0,00 $;11,04 $;0,00 $;0,00 $;100,00%;369,48 $;369,48 $;0,00 $;644,48 $;0,00 $;240,00;162,50 $;850,00 $;480,52 $;0,15%;
26/03/2019;1;5100,96 $;594,48 $;594,48 $;0,00 $;5,52 $;0,00 $;0,00 $;100,00%;594,48 $;594,48 $;0,00 $;594,48 $;0,00 $;180,00;250,00 $;775,00 $;180,52 $;0,08%;
28/03/2019;1;5770,44 $;669,48 $;669,48 $;0,00 $;5,52 $;0,00 $;0,00 $;100,00%;669,48 $;669,48 $;0,00 $;669,48 $;0,00 $;180,00;50,00 $;700,00 $;30,52 $;0,08%;
29/03/2019;1;7264,92 $;1494,48 $;1494,48 $;0,00 $;5,52 $;0,00 $;0,00 $;100,00%;1494,48 $;1494,48 $;0,00 $;1494,48 $;0,00 $;240,00;950,00 $;1675,00 $;180,52 $;0,08%;
01/04/2019;1;8934,40 $;1669,48 $;1669,48 $;0,00 $;5,52 $;0,00 $;0,00 $;100,00%;1669,48 $;1669,48 $;0,00 $;1669,48 $;0,00 $;240,00;0,00 $;1725,00 $;55,52 $;0,08%;
02/04/2019;1;9228,88 $;294,48 $;294,48 $;0,00 $;5,52 $;0,00 $;0,00 $;100,00%;294,48 $;294,48 $;0,00 $;294,48 $;0,00 $;240,00;675,00 $;425,00 $;130,52 $;0,08%;
03/04/2019;1;9748,36 $;519,48 $;519,48 $;0,00 $;5,52 $;0,00 $;0,00 $;100,00%;519,48 $;519,48 $;0,00 $;519,48 $;0,00 $;240,00;300,00 $;1500,00 $;980,52 $;0,08%;
05/04/2019;1;9792,84 $;44,48 $;44,48 $;0,00 $;5,52 $;0,00 $;0,00 $;100,00%;44,48 $;44,48 $;0,00 $;44,48 $;0,00 $;240,00;50,00 $;675,00 $;630,52 $;0,08%;
08/04/2019;1;9812,32 $;19,48 $;19,48 $;0,00 $;5,52 $;0,00 $;0,00 $;100,00%;19,48 $;19,48 $;0,00 $;19,48 $;0,00 $;60,00;250,00 $;75,00 $;55,52 $;0,08%;
10/04/2019;1;9906,80 $;94,48 $;94,48 $;0,00 $;5,52 $;0,00 $;0,00 $;100,00%;94,48 $;94,48 $;0,00 $;94,48 $;0,00 $;240,00;250,00 $;1150,00 $;1055,52 $;0,08%;
12/04/2019;1;9726,28 $;-180,52 $;0,00 $;-180,52 $;5,52 $;-180,52 $;-180,52 $;0,00%;-180,52 $;0,00 $;-180,52 $;0,00 $;-180,52 $;240,00;525,00 $;200,00 $;380,52 $;0,08%;
15/04/2019;1;9970,76 $;244,48 $;244,48 $;0,00 $;5,52 $;0,00 $;0,00 $;100,00%;244,48 $;244,48 $;0,00 $;244,48 $;0,00 $;240,00;200,00 $;400,00 $;155,52 $;0,08%;
23/04/2019;1;10065,24 $;94,48 $;94,48 $;0,00 $;5,52 $;0,00 $;0,00 $;100,00%;94,48 $;94,48 $;0,00 $;94,48 $;0,00 $;240,00;200,00 $;275,00 $;180,52 $;0,08%;
25/04/2019;1;10459,72 $;394,48 $;394,48 $;0,00 $;5,52 $;0,00 $;0,00 $;100,00%;394,48 $;394,48 $;0,00 $;394,48 $;0,00 $;240,00;250,00 $;900,00 $;505,52 $;0,08%;
29/04/2019;1;10779,20 $;319,48 $;319,48 $;0,00 $;5,52 $;0,00 $;0,00 $;100,00%;319,48 $;319,48 $;0,00 $;319,48 $;0,00 $;180,00;125,00 $;500,00 $;180,52 $;0,08%;
30/04/2019;1;10448,68 $;-330,52 $;0,00 $;-330,52 $;5,52 $;-330,52 $;-330,52 $;0,00%;-330,52 $;0,00 $;-330,52 $;0,00 $;-330,52 $;240,00;850,00 $;850,00 $;1180,52 $;0,08%;
03/05/2019;1;11018,16 $;569,48 $;569,48 $;0,00 $;5,52 $;0,00 $;0,00 $;100,00%;569,48 $;569,48 $;0,00 $;569,48 $;0,00 $;240,00;900,00 $;1350,00 $;780,52 $;0,08%;
06/05/2019;1;11912,64 $;894,48 $;894,48 $;0,00 $;5,52 $;0,00 $;0,00 $;100,00%;894,48 $;894,48 $;0,00 $;894,48 $;0,00 $;60,00;125,00 $;1125,00 $;230,52 $;0,08%;
08/05/2019;1;11307,12 $;-605,52 $;0,00 $;-605,52 $;5,52 $;-605,52 $;-605,52 $;0,00%;-605,52 $;0,00 $;-605,52 $;0,00 $;-605,52 $;120,00;825,00 $;200,00 $;805,52 $;0,08%;
09/05/2019;1;12851,60 $;1544,48 $;1544,48 $;0,00 $;5,52 $;0,00 $;0,00 $;100,00%;1544,48 $;1544,48 $;0,00 $;1544,48 $;0,00 $;240,00;1600,00 $;2000,00 $;455,52 $;0,08%;
13/05/2019;1;12971,08 $;119,48 $;119,48 $;0,00 $;5,52 $;0,00 $;0,00 $;100,00%;119,48 $;119,48 $;0,00 $;119,48 $;0,00 $;240,00;975,00 $;1150,00 $;1030,52 $;0,08%;
14/05/2019;1;14890,56 $;1919,48 $;1919,48 $;0,00 $;5,52 $;0,00 $;0,00 $;100,00%;1919,48 $;1919,48 $;0,00 $;1919,48 $;0,00 $;240,00;375,00 $;2200,00 $;280,52 $;0,08%;
16/05/2019;1;17310,04 $;2419,48 $;2419,48 $;0,00 $;5,52 $;0,00 $;0,00 $;100,00%;2419,48 $;2419,48 $;0,00 $;2419,48 $;0,00 $;240,00;125,00 $;3125,00 $;705,52 $;0,08%;
20/05/2019;2;13424,00 $;-3886,04 $;0,00 $;-3886,04 $;11,04 $;-3886,04 $;-3886,04 $;0,00%;-1943,02 $;0,00 $;-1943,02 $;0,00 $;-3880,52 $;660,00;2512,50 $;487,50 $;2430,52 $;0,15%;
21/05/2019;2;15637,96 $;2213,96 $;2213,96 $;0,00 $;11,04 $;-2566,56 $;0,00 $;100,00%;1106,98 $;1106,98 $;0,00 $;1319,48 $;0,00 $;240,00;287,50 $;1325,00 $;218,02 $;0,15%;
22/05/2019;1;14457,44 $;-1180,52 $;0,00 $;-1180,52 $;5,52 $;-2852,60 $;-1180,52 $;0,00%;-1180,52 $;0,00 $;-1180,52 $;0,00 $;-1180,52 $;240,00;3450,00 $;575,00 $;1755,52 $;0,08%;
23/05/2019;1;14851,92 $;394,48 $;394,48 $;0,00 $;5,52 $;-2458,12 $;0,00 $;100,00%;394,48 $;394,48 $;0,00 $;394,48 $;0,00 $;120,00;225,00 $;775,00 $;380,52 $;0,08%;
24/05/2019;1;14896,40 $;44,48 $;44,48 $;0,00 $;5,52 $;-2413,64 $;0,00 $;100,00%;44,48 $;44,48 $;0,00 $;44,48 $;0,00 $;240,00;850,00 $;375,00 $;330,52 $;0,08%;
29/05/2019;1;14515,88 $;-380,52 $;0,00 $;-380,52 $;5,52 $;-2794,16 $;-380,52 $;0,00%;-380,52 $;0,00 $;-380,52 $;0,00 $;-380,52 $;240,00;950,00 $;550,00 $;930,52 $;0,08%;
30/05/2019;1;15410,36 $;894,48 $;894,48 $;0,00 $;5,52 $;-1899,68 $;0,00 $;100,00%;894,48 $;894,48 $;0,00 $;894,48 $;0,00 $;240,00;400,00 $;1200,00 $;305,52 $;0,08%;
31/05/2019;2;15999,32 $;588,96 $;644,48 $;-55,52 $;11,04 $;-1310,72 $;-55,52 $;50,00%;294,48 $;644,48 $;-55,52 $;644,48 $;-55,52 $;300,00;337,50 $;650,00 $;355,52 $;0,15%;
04/06/2019;1;16643,80 $;644,48 $;644,48 $;0,00 $;5,52 $;-666,24 $;0,00 $;100,00%;644,48 $;644,48 $;0,00 $;644,48 $;0,00 $;0,00;25,00 $;750,00 $;105,52 $;0,08%;
10/06/2019;1;16938,28 $;294,48 $;294,48 $;0,00 $;5,52 $;-371,76 $;0,00 $;100,00%;294,48 $;294,48 $;0,00 $;294,48 $;0,00 $;240,00;125,00 $;1125,00 $;830,52 $;0,08%;
11/06/2019;1;15257,76 $;-1680,52 $;0,00 $;-1680,52 $;5,52 $;-2052,28 $;-1680,52 $;0,00%;-1680,52 $;0,00 $;-1680,52 $;0,00 $;-1680,52 $;240,00;2100,00 $;150,00 $;1830,52 $;0,08%;
13/06/2019;1;15427,24 $;169,48 $;169,48 $;0,00 $;5,52 $;-1882,80 $;0,00 $;100,00%;169,48 $;169,48 $;0,00 $;169,48 $;0,00 $;0,00;300,00 $;250,00 $;80,52 $;0,08%;
17/06/2019;2;14416,20 $;-1011,04 $;0,00 $;-1011,04 $;11,04 $;-2893,84 $;-1011,04 $;0,00%;-505,52 $;0,00 $;-505,52 $;0,00 $;-705,52 $;600,00;625,00 $;475,00 $;980,52 $;0,15%;
18/06/2019;1;14835,68 $;419,48 $;419,48 $;0,00 $;5,52 $;-2474,36 $;0,00 $;100,00%;419,48 $;419,48 $;0,00 $;419,48 $;0,00 $;120,00;375,00 $;475,00 $;55,52 $;0,08%;
19/06/2019;2;14349,64 $;-486,04 $;169,48 $;-655,52 $;11,04 $;-3129,88 $;-655,52 $;50,00%;-243,02 $;169,48 $;-655,52 $;169,48 $;-655,52 $;480,00;875,00 $;625,00 $;868,02 $;0,15%;
20/06/2019;1;13219,12 $;-1130,52 $;0,00 $;-1130,52 $;5,52 $;-4090,92 $;-1130,52 $;0,00%;-1130,52 $;0,00 $;-1130,52 $;0,00 $;-1130,52 $;240,00;2025,00 $;375,00 $;1505,52 $;0,08%;
21/06/2019;1;12513,60 $;-705,52 $;0,00 $;-705,52 $;5,52 $;-4796,44 $;-705,52 $;0,00%;-705,52 $;0,00 $;-705,52 $;0,00 $;-705,52 $;240,00;825,00 $;475,00 $;1180,52 $;0,08%;
24/06/2019;1;12333,08 $;-180,52 $;0,00 $;-180,52 $;5,52 $;-4976,96 $;-180,52 $;0,00%;-180,52 $;0,00 $;-180,52 $;0,00 $;-180,52 $;180,00;325,00 $;225,00 $;405,52 $;0,08%;
26/06/2019;1;12127,56 $;-205,52 $;0,00 $;-205,52 $;5,52 $;-5182,48 $;-205,52 $;0,00%;-205,52 $;0,00 $;-205,52 $;0,00 $;-205,52 $;180,00;400,00 $;200,00 $;405,52 $;0,08%;
27/06/2019;1;12322,04 $;194,48 $;194,48 $;0,00 $;5,52 $;-4988,00 $;0,00 $;100,00%;194,48 $;194,48 $;0,00 $;194,48 $;0,00 $;180,00;50,00 $;425,00 $;230,52 $;0,08%;
01/07/2019;1;11066,52 $;-1255,52 $;0,00 $;-1255,52 $;5,52 $;-6243,52 $;-1255,52 $;0,00%;-1255,52 $;0,00 $;-1255,52 $;0,00 $;-1255,52 $;240,00;1350,00 $;175,00 $;1430,52 $;0,08%;
02/07/2019;2;11930,48 $;863,96 $;863,96 $;0,00 $;11,04 $;-5899,04 $;0,00 $;100,00%;431,98 $;431,98 $;0,00 $;519,48 $;0,00 $;240,00;525,00 $;637,50 $;205,52 $;0,15%;
04/07/2019;2;12469,44 $;538,96 $;538,96 $;0,00 $;11,04 $;-5060,08 $;0,00 $;100,00%;269,48 $;269,48 $;0,00 $;319,48 $;0,00 $;240,00;62,50 $;362,50 $;93,02 $;0,15%;
09/07/2019;1;12888,92 $;419,48 $;419,48 $;0,00 $;5,52 $;-4421,12 $;0,00 $;100,00%;419,48 $;419,48 $;0,00 $;419,48 $;0,00 $;240,00;175,00 $;450,00 $;30,52 $;0,08%;
11/07/2019;1;12558,40 $;-330,52 $;0,00 $;-330,52 $;5,52 $;-4751,64 $;-330,52 $;0,00%;-330,52 $;0,00 $;-330,52 $;0,00 $;-330,52 $;240,00;1575,00 $;700,00 $;1030,52 $;0,08%;
12/07/2019;2;12247,36 $;-311,04 $;344,48 $;-655,52 $;11,04 $;-5062,68 $;-655,52 $;50,00%;-155,52 $;344,48 $;-655,52 $;344,48 $;-655,52 $;540,00;537,50 $;450,00 $;605,52 $;0,15%;
16/07/2019;1;12391,84 $;144,48 $;144,48 $;0,00 $;5,52 $;-4918,20 $;0,00 $;100,00%;144,48 $;144,48 $;0,00 $;144,48 $;0,00 $;60,00;50,00 $;350,00 $;205,52 $;0,08%;
19/07/2019;1;11361,32 $;-1030,52 $;0,00 $;-1030,52 $;5,52 $;-5948,72 $;-1030,52 $;0,00%;-1030,52 $;0,00 $;-1030,52 $;0,00 $;-1030,52 $;60,00;1175,00 $;100,00 $;1130,52 $;0,08%;
24/07/2019;2;12275,28 $;913,96 $;913,96 $;0,00 $;11,04 $;-5804,24 $;0,00 $;100,00%;456,98 $;456,98 $;0,00 $;769,48 $;0,00 $;240,00;187,50 $;712,50 $;255,52 $;0,15%;
29/07/2019;1;11994,76 $;-280,52 $;0,00 $;-280,52 $;5,52 $;-5315,28 $;-280,52 $;0,00%;-280,52 $;0,00 $;-280,52 $;0,00 $;-280,52 $;240,00;600,00 $;0,00 $;280,52 $;0,08%;
31/07/2019;1;12364,24 $;369,48 $;369,48 $;0,00 $;5,52 $;-4945,80 $;0,00 $;100,00%;369,48 $;369,48 $;0,00 $;369,48 $;0,00 $;240,00;200,00 $;1175,00 $;805,52 $;0,08%;
05/08/2019;1;11558,72 $;-805,52 $;0,00 $;-805,52 $;5,52 $;-5751,32 $;-805,52 $;0,00%;-805,52 $;0,00 $;-805,52 $;0,00 $;-805,52 $;180,00;2700,00 $;225,00 $;1030,52 $;0,08%;
06/08/2019;1;11903,20 $;344,48 $;344,48 $;0,00 $;5,52 $;-5406,84 $;0,00 $;100,00%;344,48 $;344,48 $;0,00 $;344,48 $;0,00 $;60,00;275,00 $;850,00 $;505,52 $;0,08%;
07/08/2019;1;13347,68 $;1444,48 $;1444,48 $;0,00 $;5,52 $;-3962,36 $;0,00 $;100,00%;1444,48 $;1444,48 $;0,00 $;1444,48 $;0,00 $;240,00;1250,00 $;2500,00 $;1055,52 $;0,08%;
08/08/2019;1;13167,16 $;-180,52 $;0,00 $;-180,52 $;5,52 $;-4142,88 $;-180,52 $;0,00%;-180,52 $;0,00 $;-180,52 $;0,00 $;-180,52 $;180,00;750,00 $;150,00 $;330,52 $;0,08%;
09/08/2019;1;13611,64 $;444,48 $;444,48 $;0,00 $;5,52 $;-3698,40 $;0,00 $;100,00%;444,48 $;444,48 $;0,00 $;444,48 $;0,00 $;240,00;1250,00 $;700,00 $;255,52 $;0,08%;
12/08/2019;1;13306,12 $;-305,52 $;0,00 $;-305,52 $;5,52 $;-4003,92 $;-305,52 $;0,00%;-305,52 $;0,00 $;-305,52 $;0,00 $;-305,52 $;240,00;550,00 $;1275,00 $;1580,52 $;0,08%;
14/08/2019;1;11975,60 $;-1330,52 $;0,00 $;-1330,52 $;5,52 $;-5334,44 $;-1330,52 $;0,00%;-1330,52 $;0,00 $;-1330,52 $;0,00 $;-1330,52 $;180,00;1325,00 $;175,00 $;1505,52 $;0,08%;
15/08/2019;1;12245,08 $;269,48 $;269,48 $;0,00 $;5,52 $;-5064,96 $;0,00 $;100,00%;269,48 $;269,48 $;0,00 $;269,48 $;0,00 $;0,00;100,00 $;575,00 $;305,52 $;0,08%;
16/08/2019;1;12514,56 $;269,48 $;269,48 $;0,00 $;5,52 $;-4795,48 $;0,00 $;100,00%;269,48 $;269,48 $;0,00 $;269,48 $;0,00 $;60,00;325,00 $;525,00 $;255,52 $;0,08%;
20/08/2019;2;11003,52 $;-1511,04 $;0,00 $;-1511,04 $;11,04 $;-6306,52 $;-1511,04 $;0,00%;-755,52 $;0,00 $;-755,52 $;0,00 $;-805,52 $;600,00;775,00 $;400,00 $;1155,52 $;0,15%;
21/08/2019;1;10873,00 $;-130,52 $;0,00 $;-130,52 $;5,52 $;-6437,04 $;-130,52 $;0,00%;-130,52 $;0,00 $;-130,52 $;0,00 $;-130,52 $;60,00;425,00 $;300,00 $;430,52 $;0,08%;
26/08/2019;1;12117,48 $;1244,48 $;1244,48 $;0,00 $;5,52 $;-5192,56 $;0,00 $;100,00%;1244,48 $;1244,48 $;0,00 $;1244,48 $;0,00 $;240,00;150,00 $;1475,00 $;230,52 $;0,08%;
27/08/2019;2;9781,44 $;-2336,04 $;0,00 $;-2336,04 $;11,04 $;-7528,60 $;-2336,04 $;0,00%;-1168,02 $;0,00 $;-1168,02 $;0,00 $;-1855,52 $;360,00;1237,50 $;487,50 $;1655,52 $;0,15%;
29/08/2019;1;10150,92 $;369,48 $;369,48 $;0,00 $;5,52 $;-7159,12 $;0,00 $;100,00%;369,48 $;369,48 $;0,00 $;369,48 $;0,00 $;240,00;2225,00 $;675,00 $;305,52 $;0,08%;
30/08/2019;1;9920,40 $;-230,52 $;0,00 $;-230,52 $;5,52 $;-7389,64 $;-230,52 $;0,00%;-230,52 $;0,00 $;-230,52 $;0,00 $;-230,52 $;240,00;450,00 $;600,00 $;830,52 $;0,08%;
02/09/2019;1;10264,88 $;344,48 $;344,48 $;0,00 $;5,52 $;-7045,16 $;0,00 $;100,00%;344,48 $;344,48 $;0,00 $;344,48 $;0,00 $;120,00;50,00 $;475,00 $;130,52 $;0,08%;
04/09/2019;1;10584,36 $;319,48 $;319,48 $;0,00 $;5,52 $;-6725,68 $;0,00 $;100,00%;319,48 $;319,48 $;0,00 $;319,48 $;0,00 $;180,00;400,00 $;325,00 $;5,52 $;0,08%;
05/09/2019;1;10478,84 $;-105,52 $;0,00 $;-105,52 $;5,52 $;-6831,20 $;-105,52 $;0,00%;-105,52 $;0,00 $;-105,52 $;0,00 $;-105,52 $;240,00;425,00 $;725,00 $;830,52 $;0,08%;
06/09/2019;1;10198,32 $;-280,52 $;0,00 $;-280,52 $;5,52 $;-7111,72 $;-280,52 $;0,00%;-280,52 $;0,00 $;-280,52 $;0,00 $;-280,52 $;180,00;500,00 $;125,00 $;405,52 $;0,08%;
09/09/2019;2;9737,28 $;-461,04 $;269,48 $;-730,52 $;11,04 $;-7842,24 $;-730,52 $;50,00%;-230,52 $;269,48 $;-730,52 $;269,48 $;-730,52 $;360,00;687,50 $;250,00 $;480,52 $;0,15%;
10/09/2019;1;11256,76 $;1519,48 $;1519,48 $;0,00 $;5,52 $;-6053,28 $;0,00 $;100,00%;1519,48 $;1519,48 $;0,00 $;1519,48 $;0,00 $;240,00;0,00 $;1950,00 $;430,52 $;0,08%;
12/09/2019;1;13201,24 $;1944,48 $;1944,48 $;0,00 $;5,52 $;-4108,80 $;0,00 $;100,00%;1944,48 $;1944,48 $;0,00 $;1944,48 $;0,00 $;240,00;1675,00 $;2575,00 $;630,52 $;0,08%;
16/09/2019;1;13420,72 $;219,48 $;219,48 $;0,00 $;5,52 $;-3889,32 $;0,00 $;100,00%;219,48 $;219,48 $;0,00 $;219,48 $;0,00 $;180,00;25,00 $;475,00 $;255,52 $;0,08%;
17/09/2019;1;14240,20 $;819,48 $;819,48 $;0,00 $;5,52 $;-3069,84 $;0,00 $;100,00%;819,48 $;819,48 $;0,00 $;819,48 $;0,00 $;240,00;1225,00 $;900,00 $;80,52 $;0,08%;
18/09/2019;1;14884,68 $;644,48 $;644,48 $;0,00 $;5,52 $;-2425,36 $;0,00 $;100,00%;644,48 $;644,48 $;0,00 $;644,48 $;0,00 $;120,00;700,00 $;850,00 $;205,52 $;0,08%;
19/09/2019;1;14704,16 $;-180,52 $;0,00 $;-180,52 $;5,52 $;-2605,88 $;-180,52 $;0,00%;-180,52 $;0,00 $;-180,52 $;0,00 $;-180,52 $;0,00;400,00 $;175,00 $;355,52 $;0,08%;
20/09/2019;1;14123,64 $;-580,52 $;0,00 $;-580,52 $;5,52 $;-3186,40 $;-580,52 $;0,00%;-580,52 $;0,00 $;-580,52 $;0,00 $;-580,52 $;0,00;625,00 $;50,00 $;630,52 $;0,08%;
23/09/2019;1;14218,12 $;94,48 $;94,48 $;0,00 $;5,52 $;-3091,92 $;0,00 $;100,00%;94,48 $;94,48 $;0,00 $;94,48 $;0,00 $;180,00;150,00 $;450,00 $;355,52 $;0,08%;
24/09/2019;2;12257,08 $;-1961,04 $;0,00 $;-1961,04 $;11,04 $;-5052,96 $;-1961,04 $;0,00%;-980,52 $;0,00 $;-980,52 $;0,00 $;-1230,52 $;480,00;1200,00 $;225,00 $;1205,52 $;0,15%;
26/09/2019;1;12651,56 $;394,48 $;394,48 $;0,00 $;5,52 $;-4658,48 $;0,00 $;100,00%;394,48 $;394,48 $;0,00 $;394,48 $;0,00 $;240,00;650,00 $;425,00 $;30,52 $;0,08%;
27/09/2019;1;11821,04 $;-830,52 $;0,00 $;-830,52 $;5,52 $;-5489,00 $;-830,52 $;0,00%;-830,52 $;0,00 $;-830,52 $;0,00 $;-830,52 $;240,00;1900,00 $;150,00 $;980,52 $;0,08%;
03/10/2019;1;11090,52 $;-730,52 $;0,00 $;-730,52 $;5,52 $;-6219,52 $;-730,52 $;0,00%;-730,52 $;0,00 $;-730,52 $;0,00 $;-730,52 $;240,00;1550,00 $;250,00 $;980,52 $;0,08%;
04/10/2019;1;12510,00 $;1419,48 $;1419,48 $;0,00 $;5,52 $;-4800,04 $;0,00 $;100,00%;1419,48 $;1419,48 $;0,00 $;1419,48 $;0,00 $;240,00;1400,00 $;1625,00 $;205,52 $;0,08%;
07/10/2019;1;14404,48 $;1894,48 $;1894,48 $;0,00 $;5,52 $;-2905,56 $;0,00 $;100,00%;1894,48 $;1894,48 $;0,00 $;1894,48 $;0,00 $;240,00;25,00 $;2150,00 $;255,52 $;0,08%;
10/10/2019;1;14398,96 $;-5,52 $;0,00 $;-5,52 $;5,52 $;-2911,08 $;-5,52 $;0,00%;-5,52 $;0,00 $;-5,52 $;0,00 $;-5,52 $;120,00;1200,00 $;350,00 $;355,52 $;0,08%;
11/10/2019;1;15793,44 $;1394,48 $;1394,48 $;0,00 $;5,52 $;-1516,60 $;0,00 $;100,00%;1394,48 $;1394,48 $;0,00 $;1394,48 $;0,00 $;240,00;650,00 $;2750,00 $;1355,52 $;0,08%;
14/10/2019;1;17062,92 $;1269,48 $;1269,48 $;0,00 $;5,52 $;-247,12 $;0,00 $;100,00%;1269,48 $;1269,48 $;0,00 $;1269,48 $;0,00 $;240,00;225,00 $;1450,00 $;180,52 $;0,08%;
15/10/2019;1;19482,40 $;2419,48 $;2419,48 $;0,00 $;5,52 $;0,00 $;0,00 $;100,00%;2419,48 $;2419,48 $;0,00 $;2419,48 $;0,00 $;240,00;200,00 $;3800,00 $;1380,52 $;0,08%;
16/10/2019;1;19651,88 $;169,48 $;169,48 $;0,00 $;5,52 $;0,00 $;0,00 $;100,00%;169,48 $;169,48 $;0,00 $;169,48 $;0,00 $;240,00;300,00 $;1175,00 $;1005,52 $;0,08%;
17/10/2019;1;20346,36 $;694,48 $;694,48 $;0,00 $;5,52 $;0,00 $;0,00 $;100,00%;694,48 $;694,48 $;0,00 $;694,48 $;0,00 $;240,00;500,00 $;3250,00 $;2555,52 $;0,08%;
18/10/2019;2;20810,32 $;463,96 $;769,48 $;-305,52 $;11,04 $;-305,52 $;-305,52 $;50,00%;231,98 $;769,48 $;-305,52 $;769,48 $;-305,52 $;240,00;612,50 $;887,50 $;655,52 $;0,15%;
22/10/2019;1;20754,80 $;-55,52 $;0,00 $;-55,52 $;5,52 $;-55,52 $;-55,52 $;0,00%;-55,52 $;0,00 $;-55,52 $;0,00 $;-55,52 $;240,00;625,00 $;275,00 $;330,52 $;0,08%;
24/10/2019;1;20824,28 $;69,48 $;69,48 $;0,00 $;5,52 $;0,00 $;0,00 $;100,00%;69,48 $;69,48 $;0,00 $;69,48 $;0,00 $;240,00;225,00 $;775,00 $;705,52 $;0,08%;
25/10/2019;1;21143,76 $;319,48 $;319,48 $;0,00 $;5,52 $;0,00 $;0,00 $;100,00%;319,48 $;319,48 $;0,00 $;319,48 $;0,00 $;240,00;50,00 $;575,00 $;255,52 $;0,08%;
28/10/2019;1;20963,24 $;-180,52 $;0,00 $;-180,52 $;5,52 $;-180,52 $;-180,52 $;0,00%;-180,52 $;0,00 $;-180,52 $;0,00 $;-180,52 $;240,00;300,00 $;150,00 $;330,52 $;0,08%;
31/10/2019;1;21682,72 $;719,48 $;719,48 $;0,00 $;5,52 $;0,00 $;0,00 $;100,00%;719,48 $;719,48 $;0,00 $;719,48 $;0,00 $;180,00;425,00 $;775,00 $;55,52 $;0,08%;
01/11/2019;1;21627,20 $;-55,52 $;0,00 $;-55,52 $;5,52 $;-55,52 $;-55,52 $;0,00%;-55,52 $;0,00 $;-55,52 $;0,00 $;-55,52 $;240,00;575,00 $;25,00 $;80,52 $;0,08%;
04/11/2019;1;21821,68 $;194,48 $;194,48 $;0,00 $;5,52 $;0,00 $;0,00 $;100,00%;194,48 $;194,48 $;0,00 $;194,48 $;0,00 $;180,00;175,00 $;350,00 $;155,52 $;0,08%;
11/11/2019;1;21766,16 $;-55,52 $;0,00 $;-55,52 $;5,52 $;-55,52 $;-55,52 $;0,00%;-55,52 $;0,00 $;-55,52 $;0,00 $;-55,52 $;120,00;250,00 $;200,00 $;255,52 $;0,08%;
12/11/2019;1;21810,64 $;44,48 $;44,48 $;0,00 $;5,52 $;-11,04 $;0,00 $;100,00%;44,48 $;44,48 $;0,00 $;44,48 $;0,00 $;240,00;350,00 $;925,00 $;880,52 $;0,08%;
13/11/2019;1;22080,12 $;269,48 $;269,48 $;0,00 $;5,52 $;0,00 $;0,00 $;100,00%;269,48 $;269,48 $;0,00 $;269,48 $;0,00 $;240,00;475,00 $;650,00 $;380,52 $;0,08%;
15/11/2019;1;22774,60 $;694,48 $;694,48 $;0,00 $;5,52 $;0,00 $;0,00 $;100,00%;694,48 $;694,48 $;0,00 $;694,48 $;0,00 $;240,00;50,00 $;1225,00 $;530,52 $;0,08%;
20/11/2019;1;21844,08 $;-930,52 $;0,00 $;-930,52 $;5,52 $;-930,52 $;-930,52 $;0,00%;-930,52 $;0,00 $;-930,52 $;0,00 $;-930,52 $;180,00;1875,00 $;150,00 $;1080,52 $;0,08%;
21/11/2019;1;22388,56 $;544,48 $;544,48 $;0,00 $;5,52 $;-386,04 $;0,00 $;100,00%;544,48 $;544,48 $;0,00 $;544,48 $;0,00 $;180,00;75,00 $;975,00 $;430,52 $;0,08%;
25/11/2019;1;22708,04 $;319,48 $;319,48 $;0,00 $;5,52 $;-66,56 $;0,00 $;100,00%;319,48 $;319,48 $;0,00 $;319,48 $;0,00 $;240,00;275,00 $;375,00 $;55,52 $;0,08%;
26/11/2019;1;22652,52 $;-55,52 $;0,00 $;-55,52 $;5,52 $;-122,08 $;-55,52 $;0,00%;-55,52 $;0,00 $;-55,52 $;0,00 $;-55,52 $;240,00;250,00 $;425,00 $;480,52 $;0,08%;
28/11/2019;1;22922,00 $;269,48 $;269,48 $;0,00 $;5,52 $;0,00 $;0,00 $;100,00%;269,48 $;269,48 $;0,00 $;269,48 $;0,00 $;240,00;125,00 $;400,00 $;130,52 $;0,08%;
04/12/2019;1;23566,48 $;644,48 $;644,48 $;0,00 $;5,52 $;0,00 $;0,00 $;100,00%;644,48 $;644,48 $;0,00 $;644,48 $;0,00 $;240,00;250,00 $;800,00 $;155,52 $;0,08%;
05/12/2019;1;23860,96 $;294,48 $;294,48 $;0,00 $;5,52 $;0,00 $;0,00 $;100,00%;294,48 $;294,48 $;0,00 $;294,48 $;0,00 $;180,00;475,00 $;725,00 $;430,52 $;0,08%;
06/12/2019;1;25030,44 $;1169,48 $;1169,48 $;0,00 $;5,52 $;0,00 $;0,00 $;100,00%;1169,48 $;1169,48 $;0,00 $;1169,48 $;0,00 $;240,00;1250,00 $;1475,00 $;305,52 $;0,08%;
09/12/2019;2;23994,40 $;-1036,04 $;0,00 $;-1036,04 $;11,04 $;-1036,04 $;-1036,04 $;0,00%;-518,02 $;0,00 $;-518,02 $;0,00 $;-605,52 $;600,00;662,50 $;212,50 $;730,52 $;0,15%;
11/12/2019;2;23658,36 $;-336,04 $;0,00 $;-336,04 $;11,04 $;-1372,08 $;-336,04 $;0,00%;-168,02 $;0,00 $;-168,02 $;0,00 $;-280,52 $;300,00;462,50 $;212,50 $;380,52 $;0,15%;
16/12/2019;1;24427,84 $;769,48 $;769,48 $;0,00 $;5,52 $;-602,60 $;0,00 $;100,00%;769,48 $;769,48 $;0,00 $;769,48 $;0,00 $;240,00;75,00 $;1275,00 $;505,52 $;0,08%;
17/12/2019;1;23922,32 $;-505,52 $;0,00 $;-505,52 $;5,52 $;-1108,12 $;-505,52 $;0,00%;-505,52 $;0,00 $;-505,52 $;0,00 $;-505,52 $;180,00;600,00 $;50,00 $;555,52 $;0,08%;
18/12/2019;2;23411,28 $;-511,04 $;0,00 $;-511,04 $;11,04 $;-1619,16 $;-511,04 $;0,00%;-255,52 $;0,00 $;-255,52 $;0,00 $;-455,52 $;540,00;487,50 $;187,50 $;443,02 $;0,15%;
19/12/2019;1;24505,76 $;1094,48 $;1094,48 $;0,00 $;5,52 $;-524,68 $;0,00 $;100,00%;1094,48 $;1094,48 $;0,00 $;1094,48 $;0,00 $;240,00;275,00 $;1400,00 $;305,52 $;0,08%;
23/12/2019;1;24500,24 $;-5,52 $;0,00 $;-5,52 $;5,52 $;-530,20 $;-5,52 $;0,00%;-5,52 $;0,00 $;-5,52 $;0,00 $;-5,52 $;240,00;125,00 $;500,00 $;505,52 $;0,08%;
27/12/2019;1;23969,72 $;-530,52 $;0,00 $;-530,52 $;5,52 $;-1060,72 $;-530,52 $;0,00%;-530,52 $;0,00 $;-530,52 $;0,00 $;-530,52 $;120,00;875,00 $;50,00 $;580,52 $;0,08%;
02/01/2020;1;24839,20 $;869,48 $;869,48 $;0,00 $;5,52 $;-191,24 $;0,00 $;100,00%;869,48 $;869,48 $;0,00 $;869,48 $;0,00 $;180,00;475,00 $;975,00 $;105,52 $;0,08%;
03/01/2020;1;24033,68 $;-805,52 $;0,00 $;-805,52 $;5,52 $;-996,76 $;-805,52 $;0,00%;-805,52 $;0,00 $;-805,52 $;0,00 $;-805,52 $;180,00;1150,00 $;325,00 $;1130,52 $;0,08%;
06/01/2020;1;24878,16 $;844,48 $;844,48 $;0,00 $;5,52 $;-152,28 $;0,00 $;100,00%;844,48 $;844,48 $;0,00 $;844,48 $;0,00 $;180,00;25,00 $;1000,00 $;155,52 $;0,08%;
07/01/2020;1;24372,64 $;-505,52 $;0,00 $;-505,52 $;5,52 $;-657,80 $;-505,52 $;0,00%;-505,52 $;0,00 $;-505,52 $;0,00 $;-505,52 $;60,00;575,00 $;25,00 $;530,52 $;0,08%;
09/01/2020;1;24642,12 $;269,48 $;269,48 $;0,00 $;5,52 $;-388,32 $;0,00 $;100,00%;269,48 $;269,48 $;0,00 $;269,48 $;0,00 $;240,00;375,00 $;1075,00 $;805,52 $;0,08%;
10/01/2020;1;23786,60 $;-855,52 $;0,00 $;-855,52 $;5,52 $;-1243,84 $;-855,52 $;0,00%;-855,52 $;0,00 $;-855,52 $;0,00 $;-855,52 $;240,00;1100,00 $;600,00 $;1455,52 $;0,08%;
13/01/2020;1;24181,08 $;394,48 $;394,48 $;0,00 $;5,52 $;-849,36 $;0,00 $;100,00%;394,48 $;394,48 $;0,00 $;394,48 $;0,00 $;120,00;350,00 $;400,00 $;5,52 $;0,08%;
14/01/2020;1;24675,56 $;494,48 $;494,48 $;0,00 $;5,52 $;-354,88 $;0,00 $;100,00%;494,48 $;494,48 $;0,00 $;494,48 $;0,00 $;240,00;300,00 $;975,00 $;480,52 $;0,08%;
15/01/2020;2;23414,52 $;-1261,04 $;0,00 $;-1261,04 $;11,04 $;-1615,92 $;-1261,04 $;0,00%;-630,52 $;0,00 $;-630,52 $;0,00 $;-1230,52 $;600,00;912,50 $;350,00 $;980,52 $;0,15%;
17/01/2020;1;23459,00 $;44,48 $;44,48 $;0,00 $;5,52 $;-1571,44 $;0,00 $;100,00%;44,48 $;44,48 $;0,00 $;44,48 $;0,00 $;240,00;450,00 $;150,00 $;105,52 $;0,08%;
20/01/2020;2;24547,96 $;1088,96 $;1088,96 $;0,00 $;11,04 $;-951,96 $;0,00 $;100,00%;544,48 $;544,48 $;0,00 $;619,48 $;0,00 $;240,00;100,00 $;612,50 $;68,02 $;0,15%;
22/01/2020;1;23567,44 $;-980,52 $;0,00 $;-980,52 $;5,52 $;-1463,00 $;-980,52 $;0,00%;-980,52 $;0,00 $;-980,52 $;0,00 $;-980,52 $;240,00;1375,00 $;500,00 $;1480,52 $;0,08%;
24/01/2020;1;21486,92 $;-2080,52 $;0,00 $;-2080,52 $;5,52 $;-3543,52 $;-2080,52 $;0,00%;-2080,52 $;0,00 $;-2080,52 $;0,00 $;-2080,52 $;240,00;2100,00 $;25,00 $;2105,52 $;0,08%;
28/01/2020;1;23606,40 $;2119,48 $;2119,48 $;0,00 $;5,52 $;-1424,04 $;0,00 $;100,00%;2119,48 $;2119,48 $;0,00 $;2119,48 $;0,00 $;240,00;725,00 $;2400,00 $;280,52 $;0,08%;
29/01/2020;1;22750,88 $;-855,52 $;0,00 $;-855,52 $;5,52 $;-2279,56 $;-855,52 $;0,00%;-855,52 $;0,00 $;-855,52 $;0,00 $;-855,52 $;180,00;875,00 $;650,00 $;1505,52 $;0,08%;
03/02/2020;1;22370,36 $;-380,52 $;0,00 $;-380,52 $;5,52 $;-2660,08 $;-380,52 $;0,00%;-380,52 $;0,00 $;-380,52 $;0,00 $;-380,52 $;120,00;625,00 $;225,00 $;605,52 $;0,08%;
04/02/2020;2;23509,32 $;1138,96 $;1369,48 $;-230,52 $;11,04 $;-1521,12 $;-230,52 $;50,00%;569,48 $;1369,48 $;-230,52 $;1369,48 $;-230,52 $;480,00;375,00 $;925,00 $;355,52 $;0,15%;
05/02/2020;1;24128,80 $;619,48 $;619,48 $;0,00 $;5,52 $;-901,64 $;0,00 $;100,00%;619,48 $;619,48 $;0,00 $;619,48 $;0,00 $;180,00;125,00 $;1025,00 $;405,52 $;0,08%;
06/02/2020;1;24473,28 $;344,48 $;344,48 $;0,00 $;5,52 $;-557,16 $;0,00 $;100,00%;344,48 $;344,48 $;0,00 $;344,48 $;0,00 $;240,00;450,00 $;825,00 $;480,52 $;0,08%;
07/02/2020;1;24392,76 $;-80,52 $;0,00 $;-80,52 $;5,52 $;-637,68 $;-80,52 $;0,00%;-80,52 $;0,00 $;-80,52 $;0,00 $;-80,52 $;240,00;1025,00 $;825,00 $;905,52 $;0,08%;
10/02/2020;1;24712,24 $;319,48 $;319,48 $;0,00 $;5,52 $;-318,20 $;0,00 $;100,00%;319,48 $;319,48 $;0,00 $;319,48 $;0,00 $;240,00;425,00 $;900,00 $;580,52 $;0,08%;
11/02/2020;1;23781,72 $;-930,52 $;0,00 $;-930,52 $;5,52 $;-1248,72 $;-930,52 $;0,00%;-930,52 $;0,00 $;-930,52 $;0,00 $;-930,52 $;240,00;1200,00 $;50,00 $;980,52 $;0,08%;
14/02/2020;1;23276,20 $;-505,52 $;0,00 $;-505,52 $;5,52 $;-1754,24 $;-505,52 $;0,00%;-505,52 $;0,00 $;-505,52 $;0,00 $;-505,52 $;240,00;1275,00 $;250,00 $;755,52 $;0,08%;
17/02/2020;1;23620,68 $;344,48 $;344,48 $;0,00 $;5,52 $;-1409,76 $;0,00 $;100,00%;344,48 $;344,48 $;0,00 $;344,48 $;0,00 $;300,00;200,00 $;550,00 $;205,52 $;0,08%;
19/02/2020;1;24265,16 $;644,48 $;644,48 $;0,00 $;5,52 $;-765,28 $;0,00 $;100,00%;644,48 $;644,48 $;0,00 $;644,48 $;0,00 $;240,00;0,00 $;900,00 $;255,52 $;0,08%;
20/02/2020;1;22159,64 $;-2105,52 $;0,00 $;-2105,52 $;5,52 $;-2870,80 $;-2105,52 $;0,00%;-2105,52 $;0,00 $;-2105,52 $;0,00 $;-2105,52 $;240,00;3100,00 $;400,00 $;2505,52 $;0,08%;
25/02/2020;1;15979,12 $;-6180,52 $;0,00 $;-6180,52 $;5,52 $;-9051,32 $;-6180,52 $;0,00%;-6180,52 $;0,00 $;-6180,52 $;0,00 $;-6180,52 $;240,00;6175,00 $;475,00 $;6655,52 $;0,08%;
26/02/2020;1;14223,60 $;-1755,52 $;0,00 $;-1755,52 $;5,52 $;-10806,84 $;-1755,52 $;0,00%;-1755,52 $;0,00 $;-1755,52 $;0,00 $;-1755,52 $;120,00;2600,00 $;225,00 $;1980,52 $;0,08%;
27/02/2020;1;9718,08 $;-4505,52 $;0,00 $;-4505,52 $;5,52 $;-15312,36 $;-4505,52 $;0,00%;-4505,52 $;0,00 $;-4505,52 $;0,00 $;-4505,52 $;240,00;4750,00 $;500,00 $;5005,52 $;0,08%;
02/03/2020;1;12737,56 $;3019,48 $;3019,48 $;0,00 $;5,52 $;-12292,88 $;0,00 $;100,00%;3019,48 $;3019,48 $;0,00 $;3019,48 $;0,00 $;240,00;2150,00 $;3650,00 $;630,52 $;0,08%;
03/03/2020;1;9407,04 $;-3330,52 $;0,00 $;-3330,52 $;5,52 $;-15623,40 $;-3330,52 $;0,00%;-3330,52 $;0,00 $;-3330,52 $;0,00 $;-3330,52 $;240,00;5500,00 $;3775,00 $;7105,52 $;0,08%;
04/03/2020;2;14421,00 $;5013,96 $;5013,96 $;0,00 $;11,04 $;-15178,92 $;0,00 $;100,00%;2506,98 $;2506,98 $;0,00 $;4569,48 $;0,00 $;240,00;375,00 $;3562,50 $;1055,52 $;0,15%;
05/03/2020;2;9759,96 $;-4661,04 $;0,00 $;-4661,04 $;11,04 $;-15270,48 $;-4661,04 $;0,00%;-2330,52 $;0,00 $;-2330,52 $;0,00 $;-3230,52 $;540,00;3437,50 $;1500,00 $;3830,52 $;0,15%;
06/03/2020;1;11079,44 $;1319,48 $;1319,48 $;0,00 $;5,52 $;-13951,00 $;0,00 $;100,00%;1319,48 $;1319,48 $;0,00 $;1319,48 $;0,00 $;240,00;350,00 $;3850,00 $;2530,52 $;0,08%;
19/03/2020;1;18923,92 $;7844,48 $;7844,48 $;0,00 $;5,52 $;-6106,52 $;0,00 $;100,00%;7844,48 $;7844,48 $;0,00 $;7844,48 $;0,00 $;240,00;1000,00 $;9025,00 $;1180,52 $;0,08%;
20/03/2020;1;18093,40 $;-830,52 $;0,00 $;-830,52 $;5,52 $;-6937,04 $;-830,52 $;0,00%;-830,52 $;0,00 $;-830,52 $;0,00 $;-830,52 $;240,00;4050,00 $;1175,00 $;2005,52 $;0,08%;
23/03/2020;1;27637,88 $;9544,48 $;9544,48 $;0,00 $;5,52 $;0,00 $;0,00 $;100,00%;9544,48 $;9544,48 $;0,00 $;9544,48 $;0,00 $;240,00;0,00 $;15100,00 $;5555,52 $;0,08%;
24/03/2020;1;31732,36 $;4094,48 $;4094,48 $;0,00 $;5,52 $;0,00 $;0,00 $;100,00%;4094,48 $;4094,48 $;0,00 $;4094,48 $;0,00 $;240,00;1900,00 $;4575,00 $;480,52 $;0,08%;
26/03/2020;2;37071,32 $;5338,96 $;5338,96 $;0,00 $;11,04 $;0,00 $;0,00 $;100,00%;2669,48 $;2669,48 $;0,00 $;2919,48 $;0,00 $;240,00;2512,50 $;4412,50 $;1743,02 $;0,15%;
27/03/2020;2;34185,28 $;-2886,04 $;0,00 $;-2886,04 $;11,04 $;-2886,04 $;-2886,04 $;0,00%;-1443,02 $;0,00 $;-1443,02 $;0,00 $;-2030,52 $;480,00;2712,50 $;2312,50 $;3755,52 $;0,15%;
30/03/2020;1;36804,76 $;2619,48 $;2619,48 $;0,00 $;5,52 $;-266,56 $;0,00 $;100,00%;2619,48 $;2619,48 $;0,00 $;2619,48 $;0,00 $;240,00;100,00 $;3525,00 $;905,52 $;0,08%;
31/03/2020;1;37074,24 $;269,48 $;269,48 $;0,00 $;5,52 $;0,00 $;0,00 $;100,00%;269,48 $;269,48 $;0,00 $;269,48 $;0,00 $;240,00;1400,00 $;3775,00 $;3505,52 $;0,08%;
01/04/2020;1;33093,72 $;-3980,52 $;0,00 $;-3980,52 $;5,52 $;-3980,52 $;-3980,52 $;0,00%;-3980,52 $;0,00 $;-3980,52 $;0,00 $;-3980,52 $;240,00;4450,00 $;825,00 $;4805,52 $;0,08%;
03/04/2020;2;33782,68 $;688,96 $;688,96 $;0,00 $;11,04 $;-3561,04 $;0,00 $;100,00%;344,48 $;344,48 $;0,00 $;419,48 $;0,00 $;240,00;1287,50 $;1600,00 $;1255,52 $;0,15%;
06/04/2020;1;35827,16 $;2044,48 $;2044,48 $;0,00 $;5,52 $;-1247,08 $;0,00 $;100,00%;2044,48 $;2044,48 $;0,00 $;2044,48 $;0,00 $;240,00;375,00 $;2250,00 $;205,52 $;0,08%;
07/04/2020;1;33271,64 $;-2555,52 $;0,00 $;-2555,52 $;5,52 $;-3802,60 $;-2555,52 $;0,00%;-2555,52 $;0,00 $;-2555,52 $;0,00 $;-2555,52 $;240,00;6000,00 $;1025,00 $;3580,52 $;0,08%;
08/04/2020;1;33366,12 $;94,48 $;94,48 $;0,00 $;5,52 $;-3708,12 $;0,00 $;100,00%;94,48 $;94,48 $;0,00 $;94,48 $;0,00 $;240,00;1425,00 $;1900,00 $;1805,52 $;0,08%;
14/04/2020;1;34110,60 $;744,48 $;744,48 $;0,00 $;5,52 $;-2963,64 $;0,00 $;100,00%;744,48 $;744,48 $;0,00 $;744,48 $;0,00 $;180,00;0,00 $;1575,00 $;830,52 $;0,08%;
15/04/2020;1;34055,08 $;-55,52 $;0,00 $;-55,52 $;5,52 $;-3019,16 $;-55,52 $;0,00%;-55,52 $;0,00 $;-55,52 $;0,00 $;-55,52 $;180,00;550,00 $;2175,00 $;2230,52 $;0,08%;
16/04/2020;1;33349,56 $;-705,52 $;0,00 $;-705,52 $;5,52 $;-3724,68 $;-705,52 $;0,00%;-705,52 $;0,00 $;-705,52 $;0,00 $;-705,52 $;240,00;3450,00 $;1225,00 $;1930,52 $;0,08%;
17/04/2020;1;32919,04 $;-430,52 $;0,00 $;-430,52 $;5,52 $;-4155,20 $;-430,52 $;0,00%;-430,52 $;0,00 $;-430,52 $;0,00 $;-430,52 $;240,00;3200,00 $;50,00 $;480,52 $;0,08%;
20/04/2020;1;29313,52 $;-3605,52 $;0,00 $;-3605,52 $;5,52 $;-7760,72 $;-3605,52 $;0,00%;-3605,52 $;0,00 $;-3605,52 $;0,00 $;-3605,52 $;240,00;5100,00 $;400,00 $;4005,52 $;0,08%;
22/04/2020;1;30858,00 $;1544,48 $;1544,48 $;0,00 $;5,52 $;-6216,24 $;0,00 $;100,00%;1544,48 $;1544,48 $;0,00 $;1544,48 $;0,00 $;240,00;825,00 $;2025,00 $;480,52 $;0,08%;
23/04/2020;1;32952,48 $;2094,48 $;2094,48 $;0,00 $;5,52 $;-4121,76 $;0,00 $;100,00%;2094,48 $;2094,48 $;0,00 $;2094,48 $;0,00 $;240,00;600,00 $;5250,00 $;3155,52 $;0,08%;
24/04/2020;1;35696,96 $;2744,48 $;2744,48 $;0,00 $;5,52 $;-1377,28 $;0,00 $;100,00%;2744,48 $;2744,48 $;0,00 $;2744,48 $;0,00 $;180,00;250,00 $;2925,00 $;180,52 $;0,08%;
27/04/2020;1;37116,44 $;1419,48 $;1419,48 $;0,00 $;5,52 $;0,00 $;0,00 $;100,00%;1419,48 $;1419,48 $;0,00 $;1419,48 $;0,00 $;240,00;1200,00 $;1925,00 $;505,52 $;0,08%;
28/04/2020;1;40910,92 $;3794,48 $;3794,48 $;0,00 $;5,52 $;0,00 $;0,00 $;100,00%;3794,48 $;3794,48 $;0,00 $;3794,48 $;0,00 $;240,00;125,00 $;3925,00 $;130,52 $;0,08%;
04/05/2020;1;43505,40 $;2594,48 $;2594,48 $;0,00 $;5,52 $;0,00 $;0,00 $;100,00%;2594,48 $;2594,48 $;0,00 $;2594,48 $;0,00 $;180,00;750,00 $;2650,00 $;55,52 $;0,08%;
05/05/2020;1;44349,88 $;844,48 $;844,48 $;0,00 $;5,52 $;0,00 $;0,00 $;100,00%;844,48 $;844,48 $;0,00 $;844,48 $;0,00 $;240,00;150,00 $;1575,00 $;730,52 $;0,08%;
06/05/2020;1;41494,36 $;-2855,52 $;0,00 $;-2855,52 $;5,52 $;-2855,52 $;-2855,52 $;0,00%;-2855,52 $;0,00 $;-2855,52 $;0,00 $;-2855,52 $;240,00;3300,00 $;550,00 $;3405,52 $;0,08%;
07/05/2020;2;40908,32 $;-586,04 $;244,48 $;-830,52 $;11,04 $;-3441,56 $;-830,52 $;50,00%;-293,02 $;244,48 $;-830,52 $;244,48 $;-830,52 $;480,00;737,50 $;962,50 $;1255,52 $;0,15%;
08/05/2020;1;41577,80 $;669,48 $;669,48 $;0,00 $;5,52 $;-2772,08 $;0,00 $;100,00%;669,48 $;669,48 $;0,00 $;669,48 $;0,00 $;240,00;550,00 $;1125,00 $;455,52 $;0,08%;
12/05/2020;1;40522,28 $;-1055,52 $;0,00 $;-1055,52 $;5,52 $;-3827,60 $;-1055,52 $;0,00%;-1055,52 $;0,00 $;-1055,52 $;0,00 $;-1055,52 $;240,00;2150,00 $;125,00 $;1180,52 $;0,08%;
13/05/2020;1;35941,76 $;-4580,52 $;0,00 $;-4580,52 $;5,52 $;-8408,12 $;-4580,52 $;0,00%;-4580,52 $;0,00 $;-4580,52 $;0,00 $;-4580,52 $;240,00;5850,00 $;0,00 $;4580,52 $;0,08%;
15/05/2020;2;34730,72 $;-1211,04 $;694,48 $;-1905,52 $;11,04 $;-10313,64 $;-1905,52 $;50,00%;-605,52 $;694,48 $;-1905,52 $;694,48 $;-1905,52 $;600,00;2062,50 $;1262,50 $;1868,02 $;0,15%;
18/05/2020;1;40500,20 $;5769,48 $;5769,48 $;0,00 $;5,52 $;-3849,68 $;0,00 $;100,00%;5769,48 $;5769,48 $;0,00 $;5769,48 $;0,00 $;240,00;50,00 $;6675,00 $;905,52 $;0,08%;
20/05/2020;2;42514,16 $;2013,96 $;2169,48 $;-155,52 $;11,04 $;-1835,72 $;-155,52 $;50,00%;1006,98 $;2169,48 $;-155,52 $;2169,48 $;-155,52 $;480,00;1075,00 $;1487,50 $;480,52 $;0,15%;
21/05/2020;1;42283,64 $;-230,52 $;0,00 $;-230,52 $;5,52 $;-2066,24 $;-230,52 $;0,00%;-230,52 $;0,00 $;-230,52 $;0,00 $;-230,52 $;240,00;1275,00 $;2775,00 $;3005,52 $;0,08%;
25/05/2020;1;45853,12 $;3569,48 $;3569,48 $;0,00 $;5,52 $;0,00 $;0,00 $;100,00%;3569,48 $;3569,48 $;0,00 $;3569,48 $;0,00 $;240,00;625,00 $;3950,00 $;380,52 $;0,08%;
26/05/2020;2;44617,08 $;-1236,04 $;394,48 $;-1630,52 $;11,04 $;-1630,52 $;-1630,52 $;50,00%;-618,02 $;394,48 $;-1630,52 $;394,48 $;-1630,52 $;540,00;1275,00 $;862,50 $;1480,52 $;0,15%;
28/05/2020;1;45886,56 $;1269,48 $;1269,48 $;0,00 $;5,52 $;-361,04 $;0,00 $;100,00%;1269,48 $;1269,48 $;0,00 $;1269,48 $;0,00 $;240,00;400,00 $;1675,00 $;405,52 $;0,08%;
29/05/2020;1;47831,04 $;1944,48 $;1944,48 $;0,00 $;5,52 $;0,00 $;0,00 $;100,00%;1944,48 $;1944,48 $;0,00 $;1944,48 $;0,00 $;180,00;2025,00 $;2375,00 $;430,52 $;0,08%;
08/06/2020;2;50220,00 $;2388,96 $;2388,96 $;0,00 $;11,04 $;0,00 $;0,00 $;100,00%;1194,48 $;1194,48 $;0,00 $;1594,48 $;0,00 $;240,00;1437,50 $;1775,00 $;580,52 $;0,15%;
09/06/2020;1;51489,48 $;1269,48 $;1269,48 $;0,00 $;5,52 $;0,00 $;0,00 $;100,00%;1269,48 $;1269,48 $;0,00 $;1269,48 $;0,00 $;240,00;900,00 $;2325,00 $;1055,52 $;0,08%;
10/06/2020;1;50133,96 $;-1355,52 $;0,00 $;-1355,52 $;5,52 $;-1355,52 $;-1355,52 $;0,00%;-1355,52 $;0,00 $;-1355,52 $;0,00 $;-1355,52 $;120,00;2200,00 $;1575,00 $;2930,52 $;0,08%;
15/06/2020;2;56372,92 $;6238,96 $;6238,96 $;0,00 $;11,04 $;0,00 $;0,00 $;100,00%;3119,48 $;3119,48 $;0,00 $;3819,48 $;0,00 $;240,00;975,00 $;3400,00 $;280,52 $;0,15%;
16/06/2020;1;54392,40 $;-1980,52 $;0,00 $;-1980,52 $;5,52 $;-1980,52 $;-1980,52 $;0,00%;-1980,52 $;0,00 $;-1980,52 $;0,00 $;-1980,52 $;240,00;2525,00 $;3375,00 $;5355,52 $;0,08%;
17/06/2020;2;54031,36 $;-361,04 $;444,48 $;-805,52 $;11,04 $;-2341,56 $;-805,52 $;50,00%;-180,52 $;444,48 $;-805,52 $;444,48 $;-805,52 $;600,00;2075,00 $;575,00 $;755,52 $;0,15%;
18/06/2020;2;53345,32 $;-686,04 $;194,48 $;-880,52 $;11,04 $;-3222,08 $;-880,52 $;50,00%;-343,02 $;194,48 $;-880,52 $;194,48 $;-880,52 $;480,00;2200,00 $;612,50 $;955,52 $;0,15%;
19/06/2020;1;49464,80 $;-3880,52 $;0,00 $;-3880,52 $;5,52 $;-6908,12 $;-3880,52 $;0,00%;-3880,52 $;0,00 $;-3880,52 $;0,00 $;-3880,52 $;240,00;5725,00 $;125,00 $;4005,52 $;0,08%;
22/06/2020;1;52584,28 $;3119,48 $;3119,48 $;0,00 $;5,52 $;-3788,64 $;0,00 $;100,00%;3119,48 $;3119,48 $;0,00 $;3119,48 $;0,00 $;240,00;150,00 $;3225,00 $;105,52 $;0,08%;
23/06/2020;1;52153,76 $;-430,52 $;0,00 $;-430,52 $;5,52 $;-4219,16 $;-430,52 $;0,00%;-430,52 $;0,00 $;-430,52 $;0,00 $;-430,52 $;240,00;1975,00 $;500,00 $;930,52 $;0,08%;
25/06/2020;1;55298,24 $;3144,48 $;3144,48 $;0,00 $;5,52 $;-1074,68 $;0,00 $;100,00%;3144,48 $;3144,48 $;0,00 $;3144,48 $;0,00 $;240,00;150,00 $;3850,00 $;705,52 $;0,08%;
26/06/2020;2;51512,20 $;-3786,04 $;0,00 $;-3786,04 $;11,04 $;-4860,72 $;-3786,04 $;0,00%;-1893,02 $;0,00 $;-1893,02 $;0,00 $;-3230,52 $;540,00;2762,50 $;1087,50 $;2980,52 $;0,15%;
30/06/2020;1;52181,68 $;669,48 $;669,48 $;0,00 $;5,52 $;-4191,24 $;0,00 $;100,00%;669,48 $;669,48 $;0,00 $;669,48 $;0,00 $;240,00;1850,00 $;1675,00 $;1005,52 $;0,08%;
02/07/2020;1;56176,16 $;3994,48 $;3994,48 $;0,00 $;5,52 $;-196,76 $;0,00 $;100,00%;3994,48 $;3994,48 $;0,00 $;3994,48 $;0,00 $;240,00;1150,00 $;4125,00 $;130,52 $;0,08%;
03/07/2020;1;57245,64 $;1069,48 $;1069,48 $;0,00 $;5,52 $;0,00 $;0,00 $;100,00%;1069,48 $;1069,48 $;0,00 $;1069,48 $;0,00 $;180,00;150,00 $;1325,00 $;255,52 $;0,08%;
06/07/2020;1;56740,12 $;-505,52 $;0,00 $;-505,52 $;5,52 $;-505,52 $;-505,52 $;0,00%;-505,52 $;0,00 $;-505,52 $;0,00 $;-505,52 $;240,00;2300,00 $;625,00 $;1130,52 $;0,08%;
07/07/2020;1;58084,60 $;1344,48 $;1344,48 $;0,00 $;5,52 $;0,00 $;0,00 $;100,00%;1344,48 $;1344,48 $;0,00 $;1344,48 $;0,00 $;240,00;275,00 $;1925,00 $;580,52 $;0,08%;
08/07/2020;1;57454,08 $;-630,52 $;0,00 $;-630,52 $;5,52 $;-630,52 $;-630,52 $;0,00%;-630,52 $;0,00 $;-630,52 $;0,00 $;-630,52 $;240,00;2425,00 $;125,00 $;755,52 $;0,08%;
09/07/2020;1;53648,56 $;-3805,52 $;0,00 $;-3805,52 $;5,52 $;-4436,04 $;-3805,52 $;0,00%;-3805,52 $;0,00 $;-3805,52 $;0,00 $;-3805,52 $;240,00;6050,00 $;125,00 $;3930,52 $;0,08%;
10/07/2020;1;56418,04 $;2769,48 $;2769,48 $;0,00 $;5,52 $;-1666,56 $;0,00 $;100,00%;2769,48 $;2769,48 $;0,00 $;2769,48 $;0,00 $;240,00;625,00 $;2875,00 $;105,52 $;0,08%;
13/07/2020;1;55812,52 $;-605,52 $;0,00 $;-605,52 $;5,52 $;-2272,08 $;-605,52 $;0,00%;-605,52 $;0,00 $;-605,52 $;0,00 $;-605,52 $;240,00;1875,00 $;1575,00 $;2180,52 $;0,08%;
14/07/2020;1;57357,00 $;1544,48 $;1544,48 $;0,00 $;5,52 $;-727,60 $;0,00 $;100,00%;1544,48 $;1544,48 $;0,00 $;1544,48 $;0,00 $;240,00;1750,00 $;2025,00 $;480,52 $;0,08%;
15/07/2020;1;60426,48 $;3069,48 $;3069,48 $;0,00 $;5,52 $;0,00 $;0,00 $;100,00%;3069,48 $;3069,48 $;0,00 $;3069,48 $;0,00 $;240,00;225,00 $;3900,00 $;830,52 $;0,08%;
16/07/2020;2;60565,44 $;138,96 $;744,48 $;-605,52 $;11,04 $;-605,52 $;-605,52 $;50,00%;69,48 $;744,48 $;-605,52 $;744,48 $;-605,52 $;600,00;750,00 $;662,50 $;593,02 $;0,15%;
17/07/2020;2;61029,40 $;463,96 $;463,96 $;0,00 $;11,04 $;-436,04 $;0,00 $;100,00%;231,98 $;231,98 $;0,00 $;294,48 $;0,00 $;240,00;500,00 $;825,00 $;593,02 $;0,15%;
21/07/2020;1;57223,88 $;-3805,52 $;0,00 $;-3805,52 $;5,52 $;-3947,08 $;-3805,52 $;0,00%;-3805,52 $;0,00 $;-3805,52 $;0,00 $;-3805,52 $;240,00;4025,00 $;150,00 $;3955,52 $;0,08%;
22/07/2020;1;56918,36 $;-305,52 $;0,00 $;-305,52 $;5,52 $;-4252,60 $;-305,52 $;0,00%;-305,52 $;0,00 $;-305,52 $;0,00 $;-305,52 $;240,00;1550,00 $;450,00 $;755,52 $;0,08%;
23/07/2020;1;54612,84 $;-2305,52 $;0,00 $;-2305,52 $;5,52 $;-6558,12 $;-2305,52 $;0,00%;-2305,52 $;0,00 $;-2305,52 $;0,00 $;-2305,52 $;240,00;2775,00 $;200,00 $;2505,52 $;0,08%;
24/07/2020;1;54357,32 $;-255,52 $;0,00 $;-255,52 $;5,52 $;-6813,64 $;-255,52 $;0,00%;-255,52 $;0,00 $;-255,52 $;0,00 $;-255,52 $;180,00;1625,00 $;225,00 $;480,52 $;0,08%;
27/07/2020;1;54376,80 $;19,48 $;19,48 $;0,00 $;5,52 $;-6794,16 $;0,00 $;100,00%;19,48 $;19,48 $;0,00 $;19,48 $;0,00 $;240,00;1650,00 $;550,00 $;530,52 $;0,08%;
29/07/2020;1;54546,28 $;169,48 $;169,48 $;0,00 $;5,52 $;-6624,68 $;0,00 $;100,00%;169,48 $;169,48 $;0,00 $;169,48 $;0,00 $;240,00;275,00 $;775,00 $;605,52 $;0,08%;
30/07/2020;1;54540,76 $;-5,52 $;0,00 $;-5,52 $;5,52 $;-6630,20 $;-5,52 $;0,00%;-5,52 $;0,00 $;-5,52 $;0,00 $;-5,52 $;0,00;500,00 $;625,00 $;630,52 $;0,08%;
03/08/2020;1;54785,24 $;244,48 $;244,48 $;0,00 $;5,52 $;-6385,72 $;0,00 $;100,00%;244,48 $;244,48 $;0,00 $;244,48 $;0,00 $;180,00;775,00 $;575,00 $;330,52 $;0,08%;
04/08/2020;1;55279,72 $;494,48 $;494,48 $;0,00 $;5,52 $;-5891,24 $;0,00 $;100,00%;494,48 $;494,48 $;0,00 $;494,48 $;0,00 $;180,00;1300,00 $;550,00 $;55,52 $;0,08%;
05/08/2020;1;54049,20 $;-1230,52 $;0,00 $;-1230,52 $;5,52 $;-7121,76 $;-1230,52 $;0,00%;-1230,52 $;0,00 $;-1230,52 $;0,00 $;-1230,52 $;240,00;2000,00 $;50,00 $;1280,52 $;0,08%;
07/08/2020;1;53468,68 $;-580,52 $;0,00 $;-580,52 $;5,52 $;-7702,28 $;-580,52 $;0,00%;-580,52 $;0,00 $;-580,52 $;0,00 $;-580,52 $;240,00;725,00 $;850,00 $;1430,52 $;0,08%;
10/08/2020;1;55438,16 $;1969,48 $;1969,48 $;0,00 $;5,52 $;-5732,80 $;0,00 $;100,00%;1969,48 $;1969,48 $;0,00 $;1969,48 $;0,00 $;240,00;200,00 $;2025,00 $;55,52 $;0,08%;
12/08/2020;2;57877,12 $;2438,96 $;2438,96 $;0,00 $;11,04 $;-3913,32 $;0,00 $;100,00%;1219,48 $;1219,48 $;0,00 $;1819,48 $;0,00 $;240,00;400,00 $;1500,00 $;280,52 $;0,15%;
13/08/2020;2;55591,08 $;-2286,04 $;0,00 $;-2286,04 $;11,04 $;-5579,88 $;-2286,04 $;0,00%;-1143,02 $;0,00 $;-1143,02 $;0,00 $;-1230,52 $;540,00;1862,50 $;587,50 $;1730,52 $;0,15%;
14/08/2020;1;55185,56 $;-405,52 $;0,00 $;-405,52 $;5,52 $;-5985,40 $;-405,52 $;0,00%;-405,52 $;0,00 $;-405,52 $;0,00 $;-405,52 $;240,00;650,00 $;675,00 $;1080,52 $;0,08%;
17/08/2020;1;54855,04 $;-330,52 $;0,00 $;-330,52 $;5,52 $;-6315,92 $;-330,52 $;0,00%;-330,52 $;0,00 $;-330,52 $;0,00 $;-330,52 $;240,00;900,00 $;525,00 $;855,52 $;0,08%;
24/08/2020;1;54474,52 $;-380,52 $;0,00 $;-380,52 $;5,52 $;-6696,44 $;-380,52 $;0,00%;-380,52 $;0,00 $;-380,52 $;0,00 $;-380,52 $;240,00;1650,00 $;250,00 $;630,52 $;0,08%;
25/08/2020;1;53794,00 $;-680,52 $;0,00 $;-680,52 $;5,52 $;-7376,96 $;-680,52 $;0,00%;-680,52 $;0,00 $;-680,52 $;0,00 $;-680,52 $;240,00;950,00 $;575,00 $;1255,52 $;0,08%;
26/08/2020;1;55563,48 $;1769,48 $;1769,48 $;0,00 $;5,52 $;-5607,48 $;0,00 $;100,00%;1769,48 $;1769,48 $;0,00 $;1769,48 $;0,00 $;240,00;25,00 $;2850,00 $;1080,52 $;0,08%;
27/08/2020;2;53027,44 $;-2536,04 $;0,00 $;-2536,04 $;11,04 $;-8143,52 $;-2536,04 $;0,00%;-1268,02 $;0,00 $;-1268,02 $;0,00 $;-2430,52 $;540,00;2475,00 $;262,50 $;1530,52 $;0,15%;
28/08/2020;1;53771,92 $;744,48 $;744,48 $;0,00 $;5,52 $;-7399,04 $;0,00 $;100,00%;744,48 $;744,48 $;0,00 $;744,48 $;0,00 $;180,00;400,00 $;950,00 $;205,52 $;0,08%;
31/08/2020;1;50791,40 $;-2980,52 $;0,00 $;-2980,52 $;5,52 $;-10379,56 $;-2980,52 $;0,00%;-2980,52 $;0,00 $;-2980,52 $;0,00 $;-2980,52 $;240,00;3450,00 $;50,00 $;3030,52 $;0,08%;
07/09/2020;2;52905,36 $;2113,96 $;2113,96 $;0,00 $;11,04 $;-8560,08 $;0,00 $;100,00%;1056,98 $;1056,98 $;0,00 $;1819,48 $;0,00 $;240,00;287,50 $;1325,00 $;268,02 $;0,15%;
09/09/2020;1;56899,84 $;3994,48 $;3994,48 $;0,00 $;5,52 $;-4271,12 $;0,00 $;100,00%;3994,48 $;3994,48 $;0,00 $;3994,48 $;0,00 $;240,00;100,00 $;4050,00 $;55,52 $;0,08%;
10/09/2020;2;54313,80 $;-2586,04 $;0,00 $;-2586,04 $;11,04 $;-6857,16 $;-2586,04 $;0,00%;-1293,02 $;0,00 $;-1293,02 $;0,00 $;-2430,52 $;540,00;2062,50 $;812,50 $;2105,52 $;0,15%;
14/09/2020;1;53883,28 $;-430,52 $;0,00 $;-430,52 $;5,52 $;-7287,68 $;-430,52 $;0,00%;-430,52 $;0,00 $;-430,52 $;0,00 $;-430,52 $;240,00;1000,00 $;575,00 $;1005,52 $;0,08%;
15/09/2020;1;53477,76 $;-405,52 $;0,00 $;-405,52 $;5,52 $;-7693,20 $;-405,52 $;0,00%;-405,52 $;0,00 $;-405,52 $;0,00 $;-405,52 $;240,00;825,00 $;750,00 $;1155,52 $;0,08%;
16/09/2020;1;53172,24 $;-305,52 $;0,00 $;-305,52 $;5,52 $;-7998,72 $;-305,52 $;0,00%;-305,52 $;0,00 $;-305,52 $;0,00 $;-305,52 $;240,00;1000,00 $;975,00 $;1280,52 $;0,08%;
18/09/2020;1;50866,72 $;-2305,52 $;0,00 $;-2305,52 $;5,52 $;-10304,24 $;-2305,52 $;0,00%;-2305,52 $;0,00 $;-2305,52 $;0,00 $;-2305,52 $;240,00;2550,00 $;550,00 $;2855,52 $;0,08%;
22/09/2020;1;50311,20 $;-555,52 $;0,00 $;-555,52 $;5,52 $;-10859,76 $;-555,52 $;0,00%;-555,52 $;0,00 $;-555,52 $;0,00 $;-555,52 $;240,00;1000,00 $;800,00 $;1355,52 $;0,08%;
23/09/2020;1;48880,68 $;-1430,52 $;0,00 $;-1430,52 $;5,52 $;-12290,28 $;-1430,52 $;0,00%;-1430,52 $;0,00 $;-1430,52 $;0,00 $;-1430,52 $;240,00;1800,00 $;450,00 $;1880,52 $;0,08%;
24/09/2020;1;48550,16 $;-330,52 $;0,00 $;-330,52 $;5,52 $;-12620,80 $;-330,52 $;0,00%;-330,52 $;0,00 $;-330,52 $;0,00 $;-330,52 $;240,00;2700,00 $;425,00 $;755,52 $;0,08%;
28/09/2020;2;49239,12 $;688,96 $;769,48 $;-80,52 $;11,04 $;-11931,84 $;-80,52 $;50,00%;344,48 $;769,48 $;-80,52 $;769,48 $;-80,52 $;420,00;637,50 $;825,00 $;480,52 $;0,15%;
29/09/2020;2;50553,08 $;1313,96 $;1369,48 $;-55,52 $;11,04 $;-10617,88 $;-55,52 $;50,00%;656,98 $;1369,48 $;-55,52 $;1369,48 $;-55,52 $;600,00;487,50 $;975,00 $;318,02 $;0,15%;
01/10/2020;1;50272,56 $;-280,52 $;0,00 $;-280,52 $;5,52 $;-10898,40 $;-280,52 $;0,00%;-280,52 $;0,00 $;-280,52 $;0,00 $;-280,52 $;120,00;1375,00 $;400,00 $;680,52 $;0,08%;
02/10/2020;1;53967,04 $;3694,48 $;3694,48 $;0,00 $;5,52 $;-7203,92 $;0,00 $;100,00%;3694,48 $;3694,48 $;0,00 $;3694,48 $;0,00 $;240,00;875,00 $;4200,00 $;505,52 $;0,08%;
05/10/2020;2;54856,00 $;888,96 $;888,96 $;0,00 $;11,04 $;-6934,44 $;0,00 $;100,00%;444,48 $;444,48 $;0,00 $;619,48 $;0,00 $;240,00;337,50 $;850,00 $;405,52 $;0,15%;
06/10/2020;1;56525,48 $;1669,48 $;1669,48 $;0,00 $;5,52 $;-4645,48 $;0,00 $;100,00%;1669,48 $;1669,48 $;0,00 $;1669,48 $;0,00 $;240,00;100,00 $;3225,00 $;1555,52 $;0,08%;
07/10/2020;1;57319,96 $;794,48 $;794,48 $;0,00 $;5,52 $;-3851,00 $;0,00 $;100,00%;794,48 $;794,48 $;0,00 $;794,48 $;0,00 $;180,00;500,00 $;1225,00 $;430,52 $;0,08%;
08/10/2020;1;57789,44 $;469,48 $;469,48 $;0,00 $;5,52 $;-3381,52 $;0,00 $;100,00%;469,48 $;469,48 $;0,00 $;469,48 $;0,00 $;180,00;100,00 $;700,00 $;230,52 $;0,08%;
09/10/2020;2;59253,40 $;1463,96 $;1463,96 $;0,00 $;11,04 $;-2087,04 $;0,00 $;100,00%;731,98 $;731,98 $;0,00 $;1294,48 $;0,00 $;240,00;662,50 $;1025,00 $;293,02 $;0,15%;
12/10/2020;1;60847,88 $;1594,48 $;1594,48 $;0,00 $;5,52 $;-323,08 $;0,00 $;100,00%;1594,48 $;1594,48 $;0,00 $;1594,48 $;0,00 $;240,00;75,00 $;2025,00 $;430,52 $;0,08%;
14/10/2020;2;58386,84 $;-2461,04 $;0,00 $;-2461,04 $;11,04 $;-2784,12 $;-2461,04 $;0,00%;-1230,52 $;0,00 $;-1230,52 $;0,00 $;-1780,52 $;540,00;2212,50 $;225,00 $;1455,52 $;0,15%;
16/10/2020;2;61450,80 $;3063,96 $;3063,96 $;0,00 $;11,04 $;-1064,64 $;0,00 $;100,00%;1531,98 $;1531,98 $;0,00 $;1719,48 $;0,00 $;240,00;612,50 $;2087,50 $;555,52 $;0,15%;
20/10/2020;1;59195,28 $;-2255,52 $;0,00 $;-2255,52 $;5,52 $;-2255,52 $;-2255,52 $;0,00%;-2255,52 $;0,00 $;-2255,52 $;0,00 $;-2255,52 $;180,00;2375,00 $;725,00 $;2980,52 $;0,08%;
21/10/2020;1;56014,76 $;-3180,52 $;0,00 $;-3180,52 $;5,52 $;-5436,04 $;-3180,52 $;0,00%;-3180,52 $;0,00 $;-3180,52 $;0,00 $;-3180,52 $;0,00;3425,00 $;450,00 $;3630,52 $;0,08%;
22/10/2020;1;55159,24 $;-855,52 $;0,00 $;-855,52 $;5,52 $;-6291,56 $;-855,52 $;0,00%;-855,52 $;0,00 $;-855,52 $;0,00 $;-855,52 $;180,00;1750,00 $;750,00 $;1605,52 $;0,08%;
27/10/2020;1;52803,72 $;-2355,52 $;0,00 $;-2355,52 $;5,52 $;-8647,08 $;-2355,52 $;0,00%;-2355,52 $;0,00 $;-2355,52 $;0,00 $;-2355,52 $;240,00;2725,00 $;650,00 $;3005,52 $;0,08%;
30/10/2020;1;51773,20 $;-1030,52 $;0,00 $;-1030,52 $;5,52 $;-9677,60 $;-1030,52 $;0,00%;-1030,52 $;0,00 $;-1030,52 $;0,00 $;-1030,52 $;240,00;2600,00 $;725,00 $;1755,52 $;0,08%;
03/11/2020;1;53692,68 $;1919,48 $;1919,48 $;0,00 $;5,52 $;-7758,12 $;0,00 $;100,00%;1919,48 $;1919,48 $;0,00 $;1919,48 $;0,00 $;240,00;800,00 $;2700,00 $;780,52 $;0,08%;
05/11/2020;1;54637,16 $;944,48 $;944,48 $;0,00 $;5,52 $;-6813,64 $;0,00 $;100,00%;944,48 $;944,48 $;0,00 $;944,48 $;0,00 $;240,00;775,00 $;1300,00 $;355,52 $;0,08%;
10/11/2020;1;56056,64 $;1419,48 $;1419,48 $;0,00 $;5,52 $;-5394,16 $;0,00 $;100,00%;1419,48 $;1419,48 $;0,00 $;1419,48 $;0,00 $;240,00;400,00 $;3100,00 $;1680,52 $;0,08%;
11/11/2020;1;56226,12 $;169,48 $;169,48 $;0,00 $;5,52 $;-5224,68 $;0,00 $;100,00%;169,48 $;169,48 $;0,00 $;169,48 $;0,00 $;240,00;700,00 $;625,00 $;455,52 $;0,08%;
12/11/2020;1;54370,60 $;-1855,52 $;0,00 $;-1855,52 $;5,52 $;-7080,20 $;-1855,52 $;0,00%;-1855,52 $;0,00 $;-1855,52 $;0,00 $;-1855,52 $;240,00;2525,00 $;575,00 $;2430,52 $;0,08%;
13/11/2020;1;53990,08 $;-380,52 $;0,00 $;-380,52 $;5,52 $;-7460,72 $;-380,52 $;0,00%;-380,52 $;0,00 $;-380,52 $;0,00 $;-380,52 $;240,00;1275,00 $;25,00 $;405,52 $;0,08%;
17/11/2020;2;55304,04 $;1313,96 $;2244,48 $;-930,52 $;11,04 $;-8391,24 $;-930,52 $;50,00%;656,98 $;2244,48 $;-930,52 $;2244,48 $;-930,52 $;240,00;925,00 $;1462,50 $;805,52 $;0,15%;
18/11/2020;2;54918,00 $;-386,04 $;319,48 $;-705,52 $;11,04 $;-6532,80 $;-705,52 $;50,00%;-193,02 $;319,48 $;-705,52 $;319,48 $;-705,52 $;540,00;812,50 $;900,00 $;1093,02 $;0,15%;
19/11/2020;1;54362,48 $;-555,52 $;0,00 $;-555,52 $;5,52 $;-7088,32 $;-555,52 $;0,00%;-555,52 $;0,00 $;-555,52 $;0,00 $;-555,52 $;240,00;775,00 $;725,00 $;1280,52 $;0,08%;
20/11/2020;1;54131,96 $;-230,52 $;0,00 $;-230,52 $;5,52 $;-7318,84 $;-230,52 $;0,00%;-230,52 $;0,00 $;-230,52 $;0,00 $;-230,52 $;240,00;875,00 $;325,00 $;555,52 $;0,08%;
24/11/2020;1;55301,44 $;1169,48 $;1169,48 $;0,00 $;5,52 $;-6149,36 $;0,00 $;100,00%;1169,48 $;1169,48 $;0,00 $;1169,48 $;0,00 $;240,00;200,00 $;1575,00 $;405,52 $;0,08%;
25/11/2020;1;56270,92 $;969,48 $;969,48 $;0,00 $;5,52 $;-5179,88 $;0,00 $;100,00%;969,48 $;969,48 $;0,00 $;969,48 $;0,00 $;240,00;850,00 $;1025,00 $;55,52 $;0,08%;
26/11/2020;1;55665,40 $;-605,52 $;0,00 $;-605,52 $;5,52 $;-5785,40 $;-605,52 $;0,00%;-605,52 $;0,00 $;-605,52 $;0,00 $;-605,52 $;180,00;1275,00 $;25,00 $;630,52 $;0,08%;
27/11/2020;1;56309,88 $;644,48 $;644,48 $;0,00 $;5,52 $;-5140,92 $;0,00 $;100,00%;644,48 $;644,48 $;0,00 $;644,48 $;0,00 $;240,00;600,00 $;650,00 $;5,52 $;0,08%;
01/12/2020;1;55854,36 $;-455,52 $;0,00 $;-455,52 $;5,52 $;-5596,44 $;-455,52 $;0,00%;-455,52 $;0,00 $;-455,52 $;0,00 $;-455,52 $;240,00;925,00 $;250,00 $;705,52 $;0,08%;
02/12/2020;1;54523,84 $;-1330,52 $;0,00 $;-1330,52 $;5,52 $;-6926,96 $;-1330,52 $;0,00%;-1330,52 $;0,00 $;-1330,52 $;0,00 $;-1330,52 $;240,00;2000,00 $;50,00 $;1380,52 $;0,08%;
03/12/2020;2;53037,80 $;-1486,04 $;0,00 $;-1486,04 $;11,04 $;-8413,00 $;-1486,04 $;0,00%;-743,02 $;0,00 $;-743,02 $;0,00 $;-1380,52 $;480,00;1337,50 $;275,00 $;1018,02 $;0,15%;
04/12/2020;1;53432,28 $;394,48 $;394,48 $;0,00 $;5,52 $;-8018,52 $;0,00 $;100,00%;394,48 $;394,48 $;0,00 $;394,48 $;0,00 $;240,00;150,00 $;900,00 $;505,52 $;0,08%;
07/12/2020;1;53276,76 $;-155,52 $;0,00 $;-155,52 $;5,52 $;-8174,04 $;-155,52 $;0,00%;-155,52 $;0,00 $;-155,52 $;0,00 $;-155,52 $;240,00;550,00 $;800,00 $;955,52 $;0,08%;
08/12/2020;1;54246,24 $;969,48 $;969,48 $;0,00 $;5,52 $;-7204,56 $;0,00 $;100,00%;969,48 $;969,48 $;0,00 $;969,48 $;0,00 $;240,00;550,00 $;1225,00 $;255,52 $;0,08%;
09/12/2020;1;51640,72 $;-2605,52 $;0,00 $;-2605,52 $;5,52 $;-9810,08 $;-2605,52 $;0,00%;-2605,52 $;0,00 $;-2605,52 $;0,00 $;-2605,52 $;240,00;2600,00 $;300,00 $;2905,52 $;0,08%;
10/12/2020;1;49710,20 $;-1930,52 $;0,00 $;-1930,52 $;5,52 $;-11740,60 $;-1930,52 $;0,00%;-1930,52 $;0,00 $;-1930,52 $;0,00 $;-1930,52 $;240,00;3675,00 $;175,00 $;2105,52 $;0,08%;
11/12/2020;1;49729,68 $;19,48 $;19,48 $;0,00 $;5,52 $;-11721,12 $;0,00 $;100,00%;19,48 $;19,48 $;0,00 $;19,48 $;0,00 $;240,00;1450,00 $;450,00 $;430,52 $;0,08%;
14/12/2020;2;48468,64 $;-1261,04 $;0,00 $;-1261,04 $;11,04 $;-12982,16 $;-1261,04 $;0,00%;-630,52 $;0,00 $;-630,52 $;0,00 $;-705,52 $;540,00;725,00 $;525,00 $;1155,52 $;0,15%;
15/12/2020;1;49813,12 $;1344,48 $;1344,48 $;0,00 $;5,52 $;-11637,68 $;0,00 $;100,00%;1344,48 $;1344,48 $;0,00 $;1344,48 $;0,00 $;240,00;50,00 $;1675,00 $;330,52 $;0,08%;
17/12/2020;1;49657,60 $;-155,52 $;0,00 $;-155,52 $;5,52 $;-11793,20 $;-155,52 $;0,00%;-155,52 $;0,00 $;-155,52 $;0,00 $;-155,52 $;120,00;575,00 $;175,00 $;330,52 $;0,08%;
22/12/2020;1;50177,08 $;519,48 $;519,48 $;0,00 $;5,52 $;-11273,72 $;0,00 $;100,00%;519,48 $;519,48 $;0,00 $;519,48 $;0,00 $;240,00;925,00 $;650,00 $;130,52 $;0,08%;
23/12/2020;1;50921,56 $;744,48 $;744,48 $;0,00 $;5,52 $;-10529,24 $;0,00 $;100,00%;744,48 $;744,48 $;0,00 $;744,48 $;0,00 $;240,00;25,00 $;1475,00 $;730,52 $;0,08%;
28/12/2020;1;50591,04 $;-330,52 $;0,00 $;-330,52 $;5,52 $;-10859,76 $;-330,52 $;0,00%;-330,52 $;0,00 $;-330,52 $;0,00 $;-330,52 $;240,00;600,00 $;350,00 $;680,52 $;0,08%;
29/12/2020;1;47935,52 $;-2655,52 $;0,00 $;-2655,52 $;5,52 $;-13515,28 $;-2655,52 $;0,00%;-2655,52 $;0,00 $;-2655,52 $;0,00 $;-2655,52 $;240,00;3225,00 $;300,00 $;2955,52 $;0,08%;
30/12/2020;2;45499,48 $;-2436,04 $;0,00 $;-2436,04 $;11,04 $;-15951,32 $;-2436,04 $;0,00%;-1218,02 $;0,00 $;-1218,02 $;0,00 $;-1280,52 $;540,00;1675,00 $;375,00 $;1593,02 $;0,15%;
04/01/2021;1;39468,96 $;-6030,52 $;0,00 $;-6030,52 $;5,52 $;-21981,84 $;-6030,52 $;0,00%;-6030,52 $;0,00 $;-6030,52 $;0,00 $;-6030,52 $;240,00;7400,00 $;150,00 $;6180,52 $;0,08%;
05/01/2021;2;40482,92 $;1013,96 $;1013,96 $;0,00 $;11,04 $;-21562,36 $;0,00 $;100,00%;506,98 $;506,98 $;0,00 $;594,48 $;0,00 $;240,00;987,50 $;1175,00 $;668,02 $;0,15%;
06/01/2021;1;43202,40 $;2719,48 $;2719,48 $;0,00 $;5,52 $;-18248,40 $;0,00 $;100,00%;2719,48 $;2719,48 $;0,00 $;2719,48 $;0,00 $;240,00;1225,00 $;3625,00 $;905,52 $;0,08%;
07/01/2021;1;43696,88 $;494,48 $;494,48 $;0,00 $;5,52 $;-17753,92 $;0,00 $;100,00%;494,48 $;494,48 $;0,00 $;494,48 $;0,00 $;120,00;225,00 $;850,00 $;355,52 $;0,08%;
08/01/2021;2;44285,84 $;588,96 $;769,48 $;-180,52 $;11,04 $;-17934,44 $;-180,52 $;50,00%;294,48 $;769,48 $;-180,52 $;769,48 $;-180,52 $;240,00;1225,00 $;675,00 $;380,52 $;0,15%;
11/01/2021;1;44055,32 $;-230,52 $;0,00 $;-230,52 $;5,52 $;-17395,48 $;-230,52 $;0,00%;-230,52 $;0,00 $;-230,52 $;0,00 $;-230,52 $;120,00;975,00 $;300,00 $;530,52 $;0,08%;
12/01/2021;2;43794,28 $;-261,04 $;419,48 $;-680,52 $;11,04 $;-18076,00 $;-680,52 $;50,00%;-130,52 $;419,48 $;-680,52 $;419,48 $;-680,52 $;540,00;975,00 $;450,00 $;580,52 $;0,15%;
13/01/2021;1;43363,76 $;-430,52 $;0,00 $;-430,52 $;5,52 $;-18087,04 $;-430,52 $;0,00%;-430,52 $;0,00 $;-430,52 $;0,00 $;-430,52 $;240,00;1350,00 $;0,00 $;430,52 $;0,08%;
14/01/2021;1;43158,24 $;-205,52 $;0,00 $;-205,52 $;5,52 $;-18292,56 $;-205,52 $;0,00%;-205,52 $;0,00 $;-205,52 $;0,00 $;-205,52 $;240,00;725,00 $;650,00 $;855,52 $;0,08%;
18/01/2021;1;44552,72 $;1394,48 $;1394,48 $;0,00 $;5,52 $;-16898,08 $;0,00 $;100,00%;1394,48 $;1394,48 $;0,00 $;1394,48 $;0,00 $;240,00;50,00 $;1475,00 $;80,52 $;0,08%;
20/01/2021;1;45447,20 $;894,48 $;894,48 $;0,00 $;5,52 $;-16003,60 $;0,00 $;100,00%;894,48 $;894,48 $;0,00 $;894,48 $;0,00 $;180,00;175,00 $;1100,00 $;205,52 $;0,08%;
26/01/2021;1;45491,68 $;44,48 $;44,48 $;0,00 $;5,52 $;-15959,12 $;0,00 $;100,00%;44,48 $;44,48 $;0,00 $;44,48 $;0,00 $;240,00;900,00 $;900,00 $;855,52 $;0,08%;
01/02/2021;1;45536,16 $;44,48 $;44,48 $;0,00 $;5,52 $;-15914,64 $;0,00 $;100,00%;44,48 $;44,48 $;0,00 $;44,48 $;0,00 $;240,00;475,00 $;1650,00 $;1605,52 $;0,08%;
02/02/2021;1;44280,64 $;-1255,52 $;0,00 $;-1255,52 $;5,52 $;-17170,16 $;-1255,52 $;0,00%;-1255,52 $;0,00 $;-1255,52 $;0,00 $;-1255,52 $;240,00;1575,00 $;300,00 $;1555,52 $;0,08%;
05/02/2021;1;43650,12 $;-630,52 $;0,00 $;-630,52 $;5,52 $;-17800,68 $;-630,52 $;0,00%;-630,52 $;0,00 $;-630,52 $;0,00 $;-630,52 $;240,00;1825,00 $;100,00 $;730,52 $;0,08%;
08/02/2021;1;41844,60 $;-1805,52 $;0,00 $;-1805,52 $;5,52 $;-19606,20 $;-1805,52 $;0,00%;-1805,52 $;0,00 $;-1805,52 $;0,00 $;-1805,52 $;240,00;2150,00 $;75,00 $;1880,52 $;0,08%;
09/02/2021;1;42114,08 $;269,48 $;269,48 $;0,00 $;5,52 $;-19336,72 $;0,00 $;100,00%;269,48 $;269,48 $;0,00 $;269,48 $;0,00 $;180,00;75,00 $;725,00 $;455,52 $;0,08%;
10/02/2021;1;39658,56 $;-2455,52 $;0,00 $;-2455,52 $;5,52 $;-21792,24 $;-2455,52 $;0,00%;-2455,52 $;0,00 $;-2455,52 $;0,00 $;-2455,52 $;240,00;4975,00 $;250,00 $;2705,52 $;0,08%;
11/02/2021;1;40153,04 $;494,48 $;494,48 $;0,00 $;5,52 $;-21297,76 $;0,00 $;100,00%;494,48 $;494,48 $;0,00 $;494,48 $;0,00 $;240,00;225,00 $;950,00 $;455,52 $;0,08%;
12/02/2021;1;40597,52 $;444,48 $;444,48 $;0,00 $;5,52 $;-20853,28 $;0,00 $;100,00%;444,48 $;444,48 $;0,00 $;444,48 $;0,00 $;180,00;550,00 $;700,00 $;255,52 $;0,08%;
15/02/2021;2;40861,48 $;263,96 $;369,48 $;-105,52 $;11,04 $;-20589,32 $;-105,52 $;50,00%;131,98 $;369,48 $;-105,52 $;369,48 $;-105,52 $;540,00;287,50 $;400,00 $;268,02 $;0,15%;
16/02/2021;1;40455,96 $;-405,52 $;0,00 $;-405,52 $;5,52 $;-20994,84 $;-405,52 $;0,00%;-405,52 $;0,00 $;-405,52 $;0,00 $;-405,52 $;240,00;1200,00 $;425,00 $;830,52 $;0,08%;
19/02/2021;2;42369,92 $;1913,96 $;1919,48 $;-5,52 $;11,04 $;-19080,88 $;-5,52 $;50,00%;956,98 $;1919,48 $;-5,52 $;1919,48 $;-5,52 $;600,00;425,00 $;1200,00 $;243,02 $;0,15%;
22/02/2021;1;43014,40 $;644,48 $;644,48 $;0,00 $;5,52 $;-18436,40 $;0,00 $;100,00%;644,48 $;644,48 $;0,00 $;644,48 $;0,00 $;240,00;175,00 $;900,00 $;255,52 $;0,08%;
24/02/2021;2;41653,36 $;-1361,04 $;469,48 $;-1830,52 $;11,04 $;-20266,92 $;-1830,52 $;50,00%;-680,52 $;469,48 $;-1830,52 $;469,48 $;-1830,52 $;540,00;1250,00 $;587,50 $;1268,02 $;0,15%;
25/02/2021;1;41047,84 $;-605,52 $;0,00 $;-605,52 $;5,52 $;-20402,96 $;-605,52 $;0,00%;-605,52 $;0,00 $;-605,52 $;0,00 $;-605,52 $;240,00;1500,00 $;675,00 $;1280,52 $;0,08%;
01/03/2021;1;43642,32 $;2594,48 $;2594,48 $;0,00 $;5,52 $;-17808,48 $;0,00 $;100,00%;2594,48 $;2594,48 $;0,00 $;2594,48 $;0,00 $;240,00;300,00 $;2700,00 $;105,52 $;0,08%;
02/03/2021;2;44931,28 $;1288,96 $;1288,96 $;0,00 $;11,04 $;-16814,00 $;0,00 $;100,00%;644,48 $;644,48 $;0,00 $;994,48 $;0,00 $;240,00;412,50 $;937,50 $;293,02 $;0,15%;
05/03/2021;1;44375,76 $;-555,52 $;0,00 $;-555,52 $;5,52 $;-17075,04 $;-555,52 $;0,00%;-555,52 $;0,00 $;-555,52 $;0,00 $;-555,52 $;240,00;1875,00 $;2125,00 $;2680,52 $;0,08%;
09/03/2021;2;45314,72 $;938,96 $;938,96 $;0,00 $;11,04 $;-16555,56 $;0,00 $;100,00%;469,48 $;469,48 $;0,00 $;519,48 $;0,00 $;240,00;325,00 $;975,00 $;505,52 $;0,15%;
10/03/2021;1;45059,20 $;-255,52 $;0,00 $;-255,52 $;5,52 $;-16391,60 $;-255,52 $;0,00%;-255,52 $;0,00 $;-255,52 $;0,00 $;-255,52 $;240,00;700,00 $;400,00 $;655,52 $;0,08%;
11/03/2021;2;46173,16 $;1113,96 $;1113,96 $;0,00 $;11,04 $;-15372,12 $;0,00 $;100,00%;556,98 $;556,98 $;0,00 $;1019,48 $;0,00 $;240,00;275,00 $;1175,00 $;618,02 $;0,15%;
12/03/2021;1;47117,64 $;944,48 $;944,48 $;0,00 $;5,52 $;-14333,16 $;0,00 $;100,00%;944,48 $;944,48 $;0,00 $;944,48 $;0,00 $;240,00;250,00 $;1175,00 $;230,52 $;0,08%;
16/03/2021;2;47406,60 $;288,96 $;869,48 $;-580,52 $;11,04 $;-14044,20 $;-580,52 $;50,00%;144,48 $;869,48 $;-580,52 $;869,48 $;-580,52 $;540,00;537,50 $;812,50 $;668,02 $;0,15%;
17/03/2021;2;49170,56 $;1763,96 $;1994,48 $;-230,52 $;11,04 $;-14274,72 $;-230,52 $;50,00%;881,98 $;1994,48 $;-230,52 $;1994,48 $;-230,52 $;240,00;250,00 $;1500,00 $;618,02 $;0,15%;
22/03/2021;2;49734,52 $;563,96 $;619,48 $;-55,52 $;11,04 $;-11716,28 $;-55,52 $;50,00%;281,98 $;619,48 $;-55,52 $;619,48 $;-55,52 $;600,00;287,50 $;862,50 $;580,52 $;0,15%;
24/03/2021;2;49948,48 $;213,96 $;519,48 $;-305,52 $;11,04 $;-11502,32 $;-305,52 $;50,00%;106,98 $;519,48 $;-305,52 $;519,48 $;-305,52 $;420,00;587,50 $;637,50 $;530,52 $;0,15%;
25/03/2021;1;48267,96 $;-1680,52 $;0,00 $;-1680,52 $;5,52 $;-13182,84 $;-1680,52 $;0,00%;-1680,52 $;0,00 $;-1680,52 $;0,00 $;-1680,52 $;240,00;4200,00 $;75,00 $;1755,52 $;0,08%;
26/03/2021;2;51031,92 $;2763,96 $;2763,96 $;0,00 $;11,04 $;-12688,36 $;0,00 $;100,00%;1381,98 $;1381,98 $;0,00 $;2269,48 $;0,00 $;240,00;587,50 $;1800,00 $;418,02 $;0,15%;
29/03/2021;1;52276,40 $;1244,48 $;1244,48 $;0,00 $;5,52 $;-9174,40 $;0,00 $;100,00%;1244,48 $;1244,48 $;0,00 $;1244,48 $;0,00 $;240,00;325,00 $;1775,00 $;530,52 $;0,08%;
30/03/2021;1;54770,88 $;2494,48 $;2494,48 $;0,00 $;5,52 $;-6679,92 $;0,00 $;100,00%;2494,48 $;2494,48 $;0,00 $;2494,48 $;0,00 $;240,00;100,00 $;3050,00 $;555,52 $;0,08%;
31/03/2021;2;55284,84 $;513,96 $;819,48 $;-305,52 $;11,04 $;-6985,44 $;-305,52 $;50,00%;256,98 $;819,48 $;-305,52 $;819,48 $;-305,52 $;240,00;512,50 $;750,00 $;493,02 $;0,15%;
01/04/2021;1;56129,32 $;844,48 $;844,48 $;0,00 $;5,52 $;-5321,48 $;0,00 $;100,00%;844,48 $;844,48 $;0,00 $;844,48 $;0,00 $;240,00;150,00 $;1050,00 $;205,52 $;0,08%;
06/04/2021;1;54598,80 $;-1530,52 $;0,00 $;-1530,52 $;5,52 $;-6852,00 $;-1530,52 $;0,00%;-1530,52 $;0,00 $;-1530,52 $;0,00 $;-1530,52 $;240,00;1550,00 $;50,00 $;1580,52 $;0,08%;
07/04/2021;2;53187,76 $;-1411,04 $;0,00 $;-1411,04 $;11,04 $;-8263,04 $;-1411,04 $;0,00%;-705,52 $;0,00 $;-705,52 $;0,00 $;-1330,52 $;600,00;1225,00 $;150,00 $;855,52 $;0,15%;
08/04/2021;2;53426,72 $;238,96 $;319,48 $;-80,52 $;11,04 $;-8024,08 $;-80,52 $;50,00%;119,48 $;319,48 $;-80,52 $;319,48 $;-80,52 $;360,00;537,50 $;537,50 $;418,02 $;0,15%;
09/04/2021;1;53721,20 $;294,48 $;294,48 $;0,00 $;5,52 $;-7729,60 $;0,00 $;100,00%;294,48 $;294,48 $;0,00 $;294,48 $;0,00 $;240,00;75,00 $;525,00 $;230,52 $;0,08%;
12/04/2021;1;53540,68 $;-180,52 $;0,00 $;-180,52 $;5,52 $;-7910,12 $;-180,52 $;0,00%;-180,52 $;0,00 $;-180,52 $;0,00 $;-180,52 $;240,00;475,00 $;375,00 $;555,52 $;0,08%;
13/04/2021;1;53610,16 $;69,48 $;69,48 $;0,00 $;5,52 $;-7840,64 $;0,00 $;100,00%;69,48 $;69,48 $;0,00 $;69,48 $;0,00 $;240,00;1900,00 $;650,00 $;580,52 $;0,08%;
15/04/2021;1;53804,64 $;194,48 $;194,48 $;0,00 $;5,52 $;-7646,16 $;0,00 $;100,00%;194,48 $;194,48 $;0,00 $;194,48 $;0,00 $;240,00;725,00 $;300,00 $;105,52 $;0,08%;
19/04/2021;1;53274,12 $;-530,52 $;0,00 $;-530,52 $;5,52 $;-8176,68 $;-530,52 $;0,00%;-530,52 $;0,00 $;-530,52 $;0,00 $;-530,52 $;240,00;1200,00 $;25,00 $;555,52 $;0,08%;
22/04/2021;2;52288,08 $;-986,04 $;1194,48 $;-2180,52 $;11,04 $;-9162,72 $;-2180,52 $;50,00%;-493,02 $;1194,48 $;-2180,52 $;1194,48 $;-2180,52 $;480,00;1550,00 $;975,00 $;1468,02 $;0,15%;
23/04/2021;2;51527,04 $;-761,04 $;0,00 $;-761,04 $;11,04 $;-9923,76 $;-761,04 $;0,00%;-380,52 $;0,00 $;-380,52 $;0,00 $;-405,52 $;480,00;1750,00 $;212,50 $;593,02 $;0,15%;
26/04/2021;2;53041,00 $;1513,96 $;1513,96 $;0,00 $;11,04 $;-8504,28 $;0,00 $;100,00%;756,98 $;756,98 $;0,00 $;1419,48 $;0,00 $;240,00;287,50 $;1025,00 $;268,02 $;0,15%;
27/04/2021;2;52129,96 $;-911,04 $;0,00 $;-911,04 $;11,04 $;-9320,84 $;-911,04 $;0,00%;-455,52 $;0,00 $;-455,52 $;0,00 $;-630,52 $;600,00;1200,00 $;112,50 $;568,02 $;0,15%;
28/04/2021;1;52299,44 $;169,48 $;169,48 $;0,00 $;5,52 $;-9151,36 $;0,00 $;100,00%;169,48 $;169,48 $;0,00 $;169,48 $;0,00 $;240,00;475,00 $;1175,00 $;1005,52 $;0,08%;
03/05/2021;1;52493,92 $;194,48 $;194,48 $;0,00 $;5,52 $;-8956,88 $;0,00 $;100,00%;194,48 $;194,48 $;0,00 $;194,48 $;0,00 $;240,00;625,00 $;500,00 $;305,52 $;0,08%;
05/05/2021;1;55588,40 $;3094,48 $;3094,48 $;0,00 $;5,52 $;-5862,40 $;0,00 $;100,00%;3094,48 $;3094,48 $;0,00 $;3094,48 $;0,00 $;240,00;75,00 $;3175,00 $;80,52 $;0,08%;
07/05/2021;2;55927,36 $;338,96 $;338,96 $;0,00 $;11,04 $;-5642,92 $;0,00 $;100,00%;169,48 $;169,48 $;0,00 $;219,48 $;0,00 $;240,00;962,50 $;600,00 $;430,52 $;0,15%;
10/05/2021;2;54391,32 $;-1536,04 $;594,48 $;-2130,52 $;11,04 $;-7059,48 $;-2130,52 $;50,00%;-768,02 $;594,48 $;-2130,52 $;594,48 $;-2130,52 $;540,00;1212,50 $;587,50 $;1355,52 $;0,15%;
12/05/2021;1;55435,80 $;1044,48 $;1044,48 $;0,00 $;5,52 $;-6015,00 $;0,00 $;100,00%;1044,48 $;1044,48 $;0,00 $;1044,48 $;0,00 $;240,00;2125,00 $;2200,00 $;1155,52 $;0,08%;
13/05/2021;1;56855,28 $;1419,48 $;1419,48 $;0,00 $;5,52 $;-4595,52 $;0,00 $;100,00%;1419,48 $;1419,48 $;0,00 $;1419,48 $;0,00 $;60,00;25,00 $;2025,00 $;605,52 $;0,08%;
14/05/2021;1;57974,76 $;1119,48 $;1119,48 $;0,00 $;5,52 $;-3476,04 $;0,00 $;100,00%;1119,48 $;1119,48 $;0,00 $;1119,48 $;0,00 $;240,00;800,00 $;1300,00 $;180,52 $;0,08%;
17/05/2021;1;58544,24 $;569,48 $;569,48 $;0,00 $;5,52 $;-2906,56 $;0,00 $;100,00%;569,48 $;569,48 $;0,00 $;569,48 $;0,00 $;240,00;850,00 $;1350,00 $;780,52 $;0,08%;
18/05/2021;1;57863,72 $;-680,52 $;0,00 $;-680,52 $;5,52 $;-3587,08 $;-680,52 $;0,00%;-680,52 $;0,00 $;-680,52 $;0,00 $;-680,52 $;240,00;1675,00 $;175,00 $;855,52 $;0,08%;
20/05/2021;1;58058,20 $;194,48 $;194,48 $;0,00 $;5,52 $;-3392,60 $;0,00 $;100,00%;194,48 $;194,48 $;0,00 $;194,48 $;0,00 $;120,00;175,00 $;1075,00 $;880,52 $;0,08%;
21/05/2021;1;60027,68 $;1969,48 $;1969,48 $;0,00 $;5,52 $;-1423,12 $;0,00 $;100,00%;1969,48 $;1969,48 $;0,00 $;1969,48 $;0,00 $;240,00;0,00 $;2300,00 $;330,52 $;0,08%;
24/05/2021;1;61047,16 $;1019,48 $;1019,48 $;0,00 $;5,52 $;-403,64 $;0,00 $;100,00%;1019,48 $;1019,48 $;0,00 $;1019,48 $;0,00 $;240,00;800,00 $;1150,00 $;130,52 $;0,08%;
25/05/2021;2;60386,12 $;-661,04 $;344,48 $;-1005,52 $;11,04 $;-1409,16 $;-1005,52 $;50,00%;-330,52 $;344,48 $;-1005,52 $;344,48 $;-1005,52 $;600,00;700,00 $;362,50 $;693,02 $;0,15%;
27/05/2021;1;60555,60 $;169,48 $;169,48 $;0,00 $;5,52 $;-895,20 $;0,00 $;100,00%;169,48 $;169,48 $;0,00 $;169,48 $;0,00 $;240,00;525,00 $;1825,00 $;1655,52 $;0,08%;
28/05/2021;2;61469,56 $;913,96 $;1419,48 $;-505,52 $;11,04 $;-505,52 $;-505,52 $;50,00%;456,98 $;1419,48 $;-505,52 $;1419,48 $;-505,52 $;540,00;675,00 $;825,00 $;368,02 $;0,15%;
31/05/2021;1;61614,04 $;144,48 $;144,48 $;0,00 $;5,52 $;-361,04 $;0,00 $;100,00%;144,48 $;144,48 $;0,00 $;144,48 $;0,00 $;120,00;75,00 $;450,00 $;305,52 $;0,08%;
02/06/2021;1;61583,52 $;-30,52 $;0,00 $;-30,52 $;5,52 $;-391,56 $;-30,52 $;0,00%;-30,52 $;0,00 $;-30,52 $;0,00 $;-30,52 $;240,00;450,00 $;400,00 $;430,52 $;0,08%;
03/06/2021;1;61878,00 $;294,48 $;294,48 $;0,00 $;5,52 $;-97,08 $;0,00 $;100,00%;294,48 $;294,48 $;0,00 $;294,48 $;0,00 $;240,00;2650,00 $;450,00 $;155,52 $;0,08%;
04/06/2021;1;62197,48 $;319,48 $;319,48 $;0,00 $;5,52 $;0,00 $;0,00 $;100,00%;319,48 $;319,48 $;0,00 $;319,48 $;0,00 $;240,00;500,00 $;850,00 $;530,52 $;0,08%;
07/06/2021;1;61591,96 $;-605,52 $;0,00 $;-605,52 $;5,52 $;-605,52 $;-605,52 $;0,00%;-605,52 $;0,00 $;-605,52 $;0,00 $;-605,52 $;240,00;1400,00 $;275,00 $;880,52 $;0,08%;
15/06/2021;1;61586,44 $;-5,52 $;0,00 $;-5,52 $;5,52 $;-611,04 $;-5,52 $;0,00%;-5,52 $;0,00 $;-5,52 $;0,00 $;-5,52 $;240,00;525,00 $;250,00 $;255,52 $;0,08%;
16/06/2021;1;61480,92 $;-105,52 $;0,00 $;-105,52 $;5,52 $;-716,56 $;-105,52 $;0,00%;-105,52 $;0,00 $;-105,52 $;0,00 $;-105,52 $;180,00;1125,00 $;675,00 $;780,52 $;0,08%;
17/06/2021;1;62100,40 $;619,48 $;619,48 $;0,00 $;5,52 $;-97,08 $;0,00 $;100,00%;619,48 $;619,48 $;0,00 $;619,48 $;0,00 $;180,00;725,00 $;1225,00 $;605,52 $;0,08%;
21/06/2021;1;63069,88 $;969,48 $;969,48 $;0,00 $;5,52 $;0,00 $;0,00 $;100,00%;969,48 $;969,48 $;0,00 $;969,48 $;0,00 $;240,00;575,00 $;1025,00 $;55,52 $;0,08%;
22/06/2021;2;63183,84 $;113,96 $;113,96 $;0,00 $;11,04 $;0,00 $;0,00 $;100,00%;56,98 $;56,98 $;0,00 $;69,48 $;0,00 $;240,00;700,00 $;650,00 $;593,02 $;0,15%;
24/06/2021;1;63528,32 $;344,48 $;344,48 $;0,00 $;5,52 $;0,00 $;0,00 $;100,00%;344,48 $;344,48 $;0,00 $;344,48 $;0,00 $;240,00;200,00 $;675,00 $;330,52 $;0,08%;
25/06/2021;2;65067,28 $;1538,96 $;1538,96 $;0,00 $;11,04 $;0,00 $;0,00 $;100,00%;769,48 $;769,48 $;0,00 $;1094,48 $;0,00 $;240,00;300,00 $;1037,50 $;268,02 $;0,15%;
29/06/2021;1;65161,76 $;94,48 $;94,48 $;0,00 $;5,52 $;0,00 $;0,00 $;100,00%;94,48 $;94,48 $;0,00 $;94,48 $;0,00 $;180,00;525,00 $;225,00 $;130,52 $;0,08%;
02/07/2021;2;65250,72 $;88,96 $;219,48 $;-130,52 $;11,04 $;-130,52 $;-130,52 $;50,00%;44,48 $;219,48 $;-130,52 $;219,48 $;-130,52 $;240,00;650,00 $;762,50 $;718,02 $;0,15%;
06/07/2021;1;63020,20 $;-2230,52 $;0,00 $;-2230,52 $;5,52 $;-2230,52 $;-2230,52 $;0,00%;-2230,52 $;0,00 $;-2230,52 $;0,00 $;-2230,52 $;240,00;3600,00 $;1075,00 $;3305,52 $;0,08%;
09/07/2021;2;65784,16 $;2763,96 $;2894,48 $;-130,52 $;11,04 $;-130,52 $;-130,52 $;50,00%;1381,98 $;2894,48 $;-130,52 $;2894,48 $;-130,52 $;480,00;200,00 $;1625,00 $;243,02 $;0,15%;
13/07/2021;1;65678,64 $;-105,52 $;0,00 $;-105,52 $;5,52 $;-236,04 $;-105,52 $;0,00%;-105,52 $;0,00 $;-105,52 $;0,00 $;-105,52 $;240,00;1025,00 $;275,00 $;380,52 $;0,08%;
14/07/2021;1;65548,12 $;-130,52 $;0,00 $;-130,52 $;5,52 $;-366,56 $;-130,52 $;0,00%;-130,52 $;0,00 $;-130,52 $;0,00 $;-130,52 $;240,00;900,00 $;400,00 $;530,52 $;0,08%;
21/07/2021;2;68037,08 $;2488,96 $;2488,96 $;0,00 $;11,04 $;0,00 $;0,00 $;100,00%;1244,48 $;1244,48 $;0,00 $;1669,48 $;0,00 $;240,00;1287,50 $;1412,50 $;168,02 $;0,15%;
22/07/2021;1;68181,56 $;144,48 $;144,48 $;0,00 $;5,52 $;0,00 $;0,00 $;100,00%;144,48 $;144,48 $;0,00 $;144,48 $;0,00 $;240,00;1325,00 $;425,00 $;280,52 $;0,08%;
23/07/2021;2;70695,52 $;2513,96 $;2513,96 $;0,00 $;11,04 $;0,00 $;0,00 $;100,00%;1256,98 $;1256,98 $;0,00 $;1419,48 $;0,00 $;240,00;37,50 $;1450,00 $;193,02 $;0,15%;
28/07/2021;2;69959,48 $;-736,04 $;0,00 $;-736,04 $;11,04 $;-736,04 $;-736,04 $;0,00%;-368,02 $;0,00 $;-368,02 $;0,00 $;-530,52 $;540,00;1025,00 $;300,00 $;668,02 $;0,15%;
29/07/2021;1;69728,96 $;-230,52 $;0,00 $;-230,52 $;5,52 $;-966,56 $;-230,52 $;0,00%;-230,52 $;0,00 $;-230,52 $;0,00 $;-230,52 $;240,00;225,00 $;300,00 $;530,52 $;0,08%;
02/08/2021;1;68698,44 $;-1030,52 $;0,00 $;-1030,52 $;5,52 $;-1997,08 $;-1030,52 $;0,00%;-1030,52 $;0,00 $;-1030,52 $;0,00 $;-1030,52 $;240,00;1500,00 $;375,00 $;1405,52 $;0,08%;
03/08/2021;1;67917,92 $;-780,52 $;0,00 $;-780,52 $;5,52 $;-2777,60 $;-780,52 $;0,00%;-780,52 $;0,00 $;-780,52 $;0,00 $;-780,52 $;240,00;1125,00 $;550,00 $;1330,52 $;0,08%;
04/08/2021;1;67662,40 $;-255,52 $;0,00 $;-255,52 $;5,52 $;-3033,12 $;-255,52 $;0,00%;-255,52 $;0,00 $;-255,52 $;0,00 $;-255,52 $;120,00;375,00 $;350,00 $;605,52 $;0,08%;
05/08/2021;1;67381,88 $;-280,52 $;0,00 $;-280,52 $;5,52 $;-3313,64 $;-280,52 $;0,00%;-280,52 $;0,00 $;-280,52 $;0,00 $;-280,52 $;240,00;1075,00 $;125,00 $;405,52 $;0,08%;
06/08/2021;1;67826,36 $;444,48 $;444,48 $;0,00 $;5,52 $;-2869,16 $;0,00 $;100,00%;444,48 $;444,48 $;0,00 $;444,48 $;0,00 $;240,00;500,00 $;450,00 $;5,52 $;0,08%;
09/08/2021;1;67895,84 $;69,48 $;69,48 $;0,00 $;5,52 $;-2799,68 $;0,00 $;100,00%;69,48 $;69,48 $;0,00 $;69,48 $;0,00 $;240,00;1400,00 $;300,00 $;230,52 $;0,08%;
10/08/2021;1;68115,32 $;219,48 $;219,48 $;0,00 $;5,52 $;-2580,20 $;0,00 $;100,00%;219,48 $;219,48 $;0,00 $;219,48 $;0,00 $;180,00;325,00 $;350,00 $;130,52 $;0,08%;
13/08/2021;1;67859,80 $;-255,52 $;0,00 $;-255,52 $;5,52 $;-2835,72 $;-255,52 $;0,00%;-255,52 $;0,00 $;-255,52 $;0,00 $;-255,52 $;240,00;775,00 $;125,00 $;380,52 $;0,08%;
17/08/2021;1;66479,28 $;-1380,52 $;0,00 $;-1380,52 $;5,52 $;-4216,24 $;-1380,52 $;0,00%;-1380,52 $;0,00 $;-1380,52 $;0,00 $;-1380,52 $;240,00;1525,00 $;700,00 $;2080,52 $;0,08%;
18/08/2021;1;67673,76 $;1194,48 $;1194,48 $;0,00 $;5,52 $;-3021,76 $;0,00 $;100,00%;1194,48 $;1194,48 $;0,00 $;1194,48 $;0,00 $;240,00;450,00 $;1300,00 $;105,52 $;0,08%;
20/08/2021;1;70468,24 $;2794,48 $;2794,48 $;0,00 $;5,52 $;-227,28 $;0,00 $;100,00%;2794,48 $;2794,48 $;0,00 $;2794,48 $;0,00 $;240,00;100,00 $;2950,00 $;155,52 $;0,08%;
23/08/2021;1;70837,72 $;369,48 $;369,48 $;0,00 $;5,52 $;0,00 $;0,00 $;100,00%;369,48 $;369,48 $;0,00 $;369,48 $;0,00 $;240,00;1175,00 $;725,00 $;355,52 $;0,08%;
24/08/2021;2;70676,68 $;-161,04 $;244,48 $;-405,52 $;11,04 $;-405,52 $;-405,52 $;50,00%;-80,52 $;244,48 $;-405,52 $;244,48 $;-405,52 $;480,00;825,00 $;337,50 $;418,02 $;0,15%;
25/08/2021;2;70190,64 $;-486,04 $;0,00 $;-486,04 $;11,04 $;-891,56 $;-486,04 $;0,00%;-243,02 $;0,00 $;-243,02 $;0,00 $;-455,52 $;600,00;737,50 $;37,50 $;280,52 $;0,15%;
27/08/2021;1;71510,12 $;1319,48 $;1319,48 $;0,00 $;5,52 $;0,00 $;0,00 $;100,00%;1319,48 $;1319,48 $;0,00 $;1319,48 $;0,00 $;240,00;575,00 $;1750,00 $;430,52 $;0,08%;
30/08/2021;1;71304,60 $;-205,52 $;0,00 $;-205,52 $;5,52 $;-205,52 $;-205,52 $;0,00%;-205,52 $;0,00 $;-205,52 $;0,00 $;-205,52 $;180,00;525,00 $;75,00 $;280,52 $;0,08%;
01/09/2021;1;70824,08 $;-480,52 $;0,00 $;-480,52 $;5,52 $;-686,04 $;-480,52 $;0,00%;-480,52 $;0,00 $;-480,52 $;0,00 $;-480,52 $;180,00;700,00 $;575,00 $;1055,52 $;0,08%;
02/09/2021;1;71043,56 $;219,48 $;219,48 $;0,00 $;5,52 $;-466,56 $;0,00 $;100,00%;219,48 $;219,48 $;0,00 $;219,48 $;0,00 $;240,00;250,00 $;725,00 $;505,52 $;0,08%;
06/09/2021;1;70763,04 $;-280,52 $;0,00 $;-280,52 $;5,52 $;-747,08 $;-280,52 $;0,00%;-280,52 $;0,00 $;-280,52 $;0,00 $;-280,52 $;240,00;775,00 $;150,00 $;430,52 $;0,08%;
09/09/2021;1;68907,52 $;-1855,52 $;0,00 $;-1855,52 $;5,52 $;-2602,60 $;-1855,52 $;0,00%;-1855,52 $;0,00 $;-1855,52 $;0,00 $;-1855,52 $;180,00;2150,00 $;50,00 $;1905,52 $;0,08%;
13/09/2021;1;68077,00 $;-830,52 $;0,00 $;-830,52 $;5,52 $;-3433,12 $;-830,52 $;0,00%;-830,52 $;0,00 $;-830,52 $;0,00 $;-830,52 $;240,00;975,00 $;75,00 $;905,52 $;0,08%;
15/09/2021;1;67221,48 $;-855,52 $;0,00 $;-855,52 $;5,52 $;-4288,64 $;-855,52 $;0,00%;-855,52 $;0,00 $;-855,52 $;0,00 $;-855,52 $;240,00;1600,00 $;175,00 $;1030,52 $;0,08%;
20/09/2021;1;67090,96 $;-130,52 $;0,00 $;-130,52 $;5,52 $;-4419,16 $;-130,52 $;0,00%;-130,52 $;0,00 $;-130,52 $;0,00 $;-130,52 $;240,00;650,00 $;2175,00 $;2305,52 $;0,08%;
21/09/2021;2;64804,92 $;-2286,04 $;0,00 $;-2286,04 $;11,04 $;-6705,20 $;-2286,04 $;0,00%;-1143,02 $;0,00 $;-1143,02 $;0,00 $;-1330,52 $;480,00;1287,50 $;800,00 $;1943,02 $;0,15%;
22/09/2021;2;65918,88 $;1113,96 $;1244,48 $;-130,52 $;11,04 $;-5591,24 $;-130,52 $;50,00%;556,98 $;1244,48 $;-130,52 $;1244,48 $;-130,52 $;540,00;375,00 $;1212,50 $;655,52 $;0,15%;
27/09/2021;1;66088,36 $;169,48 $;169,48 $;0,00 $;5,52 $;-5421,76 $;0,00 $;100,00%;169,48 $;169,48 $;0,00 $;169,48 $;0,00 $;240,00;875,00 $;475,00 $;305,52 $;0,08%;
29/09/2021;1;65582,84 $;-505,52 $;0,00 $;-505,52 $;5,52 $;-5927,28 $;-505,52 $;0,00%;-505,52 $;0,00 $;-505,52 $;0,00 $;-505,52 $;240,00;2525,00 $;175,00 $;680,52 $;0,08%;
30/09/2021;1;63627,32 $;-1955,52 $;0,00 $;-1955,52 $;5,52 $;-7882,80 $;-1955,52 $;0,00%;-1955,52 $;0,00 $;-1955,52 $;0,00 $;-1955,52 $;240,00;2600,00 $;775,00 $;2730,52 $;0,08%;
01/10/2021;1;65496,80 $;1869,48 $;1869,48 $;0,00 $;5,52 $;-6013,32 $;0,00 $;100,00%;1869,48 $;1869,48 $;0,00 $;1869,48 $;0,00 $;120,00;200,00 $;2625,00 $;755,52 $;0,08%;
04/10/2021;1;64216,28 $;-1280,52 $;0,00 $;-1280,52 $;5,52 $;-7293,84 $;-1280,52 $;0,00%;-1280,52 $;0,00 $;-1280,52 $;0,00 $;-1280,52 $;240,00;2750,00 $;1325,00 $;2605,52 $;0,08%;
05/10/2021;1;66185,76 $;1969,48 $;1969,48 $;0,00 $;5,52 $;-5324,36 $;0,00 $;100,00%;1969,48 $;1969,48 $;0,00 $;1969,48 $;0,00 $;240,00;950,00 $;2500,00 $;530,52 $;0,08%;
07/10/2021;1;67955,24 $;1769,48 $;1769,48 $;0,00 $;5,52 $;-3554,88 $;0,00 $;100,00%;1769,48 $;1769,48 $;0,00 $;1769,48 $;0,00 $;240,00;925,00 $;1825,00 $;55,52 $;0,08%;
08/10/2021;2;67444,20 $;-511,04 $;0,00 $;-511,04 $;11,04 $;-4065,92 $;-511,04 $;0,00%;-255,52 $;0,00 $;-255,52 $;0,00 $;-405,52 $;480,00;650,00 $;650,00 $;905,52 $;0,15%;
12/10/2021;1;67288,68 $;-155,52 $;0,00 $;-155,52 $;5,52 $;-4221,44 $;-155,52 $;0,00%;-155,52 $;0,00 $;-155,52 $;0,00 $;-155,52 $;180,00;575,00 $;500,00 $;655,52 $;0,08%;
13/10/2021;1;66908,16 $;-380,52 $;0,00 $;-380,52 $;5,52 $;-4601,96 $;-380,52 $;0,00%;-380,52 $;0,00 $;-380,52 $;0,00 $;-380,52 $;240,00;950,00 $;1200,00 $;1580,52 $;0,08%;
18/10/2021;1;67527,64 $;619,48 $;619,48 $;0,00 $;5,52 $;-3982,48 $;0,00 $;100,00%;619,48 $;619,48 $;0,00 $;619,48 $;0,00 $;120,00;150,00 $;650,00 $;30,52 $;0,08%;
19/10/2021;2;67766,60 $;238,96 $;544,48 $;-305,52 $;11,04 $;-3743,52 $;-305,52 $;50,00%;119,48 $;544,48 $;-305,52 $;544,48 $;-305,52 $;540,00;325,00 $;687,50 $;568,02 $;0,15%;
21/10/2021;1;67036,08 $;-730,52 $;0,00 $;-730,52 $;5,52 $;-4474,04 $;-730,52 $;0,00%;-730,52 $;0,00 $;-730,52 $;0,00 $;-730,52 $;240,00;975,00 $;50,00 $;780,52 $;0,08%;
22/10/2021;1;66580,56 $;-455,52 $;0,00 $;-455,52 $;5,52 $;-4929,56 $;-455,52 $;0,00%;-455,52 $;0,00 $;-455,52 $;0,00 $;-455,52 $;240,00;1350,00 $;125,00 $;580,52 $;0,08%;
25/10/2021;2;68169,52 $;1588,96 $;1588,96 $;0,00 $;11,04 $;-4210,08 $;0,00 $;100,00%;794,48 $;794,48 $;0,00 $;869,48 $;0,00 $;240,00;75,00 $;1037,50 $;243,02 $;0,15%;
26/10/2021;1;68339,00 $;169,48 $;169,48 $;0,00 $;5,52 $;-3171,12 $;0,00 $;100,00%;169,48 $;169,48 $;0,00 $;169,48 $;0,00 $;240,00;75,00 $;925,00 $;755,52 $;0,08%;
27/10/2021;1;68558,48 $;219,48 $;219,48 $;0,00 $;5,52 $;-2951,64 $;0,00 $;100,00%;219,48 $;219,48 $;0,00 $;219,48 $;0,00 $;240,00;450,00 $;525,00 $;305,52 $;0,08%;
01/11/2021;2;69022,44 $;463,96 $;669,48 $;-205,52 $;11,04 $;-2487,68 $;-205,52 $;50,00%;231,98 $;669,48 $;-205,52 $;669,48 $;-205,52 $;420,00;600,00 $;437,50 $;205,52 $;0,15%;
03/11/2021;1;68841,92 $;-180,52 $;0,00 $;-180,52 $;5,52 $;-2668,20 $;-180,52 $;0,00%;-180,52 $;0,00 $;-180,52 $;0,00 $;-180,52 $;240,00;450,00 $;650,00 $;830,52 $;0,08%;
04/11/2021;1;68761,40 $;-80,52 $;0,00 $;-80,52 $;5,52 $;-2748,72 $;-80,52 $;0,00%;-80,52 $;0,00 $;-80,52 $;0,00 $;-80,52 $;180,00;225,00 $;275,00 $;355,52 $;0,08%;
08/11/2021;1;68180,88 $;-580,52 $;0,00 $;-580,52 $;5,52 $;-3329,24 $;-580,52 $;0,00%;-580,52 $;0,00 $;-580,52 $;0,00 $;-580,52 $;240,00;850,00 $;225,00 $;805,52 $;0,08%;
11/11/2021;1;68350,36 $;169,48 $;169,48 $;0,00 $;5,52 $;-3159,76 $;0,00 $;100,00%;169,48 $;169,48 $;0,00 $;169,48 $;0,00 $;240,00;325,00 $;450,00 $;280,52 $;0,08%;
12/11/2021;1;68244,84 $;-105,52 $;0,00 $;-105,52 $;5,52 $;-3265,28 $;-105,52 $;0,00%;-105,52 $;0,00 $;-105,52 $;0,00 $;-105,52 $;180,00;500,00 $;100,00 $;205,52 $;0,08%;
17/11/2021;2;68008,80 $;-236,04 $;0,00 $;-236,04 $;11,04 $;-3501,32 $;-236,04 $;0,00%;-118,02 $;0,00 $;-118,02 $;0,00 $;-130,52 $;600,00;487,50 $;175,00 $;293,02 $;0,15%;
22/11/2021;1;66753,28 $;-1255,52 $;0,00 $;-1255,52 $;5,52 $;-4756,84 $;-1255,52 $;0,00%;-1255,52 $;0,00 $;-1255,52 $;0,00 $;-1255,52 $;240,00;1875,00 $;525,00 $;1780,52 $;0,08%;
25/11/2021;1;67572,76 $;819,48 $;819,48 $;0,00 $;5,52 $;-3937,36 $;0,00 $;100,00%;819,48 $;819,48 $;0,00 $;819,48 $;0,00 $;240,00;275,00 $;1325,00 $;505,52 $;0,08%;
29/11/2021;1;65917,24 $;-1655,52 $;0,00 $;-1655,52 $;5,52 $;-5592,88 $;-1655,52 $;0,00%;-1655,52 $;0,00 $;-1655,52 $;0,00 $;-1655,52 $;240,00;3250,00 $;975,00 $;2630,52 $;0,08%;
30/11/2021;1;67636,72 $;1719,48 $;1719,48 $;0,00 $;5,52 $;-3873,40 $;0,00 $;100,00%;1719,48 $;1719,48 $;0,00 $;1719,48 $;0,00 $;240,00;150,00 $;5050,00 $;3330,52 $;0,08%;
01/12/2021;1;66431,20 $;-1205,52 $;0,00 $;-1205,52 $;5,52 $;-5078,92 $;-1205,52 $;0,00%;-1205,52 $;0,00 $;-1205,52 $;0,00 $;-1205,52 $;240,00;2300,00 $;3200,00 $;4405,52 $;0,08%;
02/12/2021;1;69600,68 $;3169,48 $;3169,48 $;0,00 $;5,52 $;-1909,44 $;0,00 $;100,00%;3169,48 $;3169,48 $;0,00 $;3169,48 $;0,00 $;240,00;525,00 $;3900,00 $;730,52 $;0,08%;
03/12/2021;1;68520,16 $;-1080,52 $;0,00 $;-1080,52 $;5,52 $;-2989,96 $;-1080,52 $;0,00%;-1080,52 $;0,00 $;-1080,52 $;0,00 $;-1080,52 $;240,00;1175,00 $;2950,00 $;4030,52 $;0,08%;
07/12/2021;2;69909,12 $;1388,96 $;1388,96 $;0,00 $;11,04 $;-1645,48 $;0,00 $;100,00%;694,48 $;694,48 $;0,00 $;1344,48 $;0,00 $;240,00;425,00 $;1137,50 $;443,02 $;0,15%;
09/12/2021;2;68273,08 $;-1636,04 $;0,00 $;-1636,04 $;11,04 $;-3237,04 $;-1636,04 $;0,00%;-818,02 $;0,00 $;-818,02 $;0,00 $;-1455,52 $;540,00;1225,00 $;312,50 $;1130,52 $;0,15%;
10/12/2021;2;70412,04 $;2138,96 $;2138,96 $;0,00 $;11,04 $;-1167,56 $;0,00 $;100,00%;1069,48 $;1069,48 $;0,00 $;2069,48 $;0,00 $;240,00;312,50 $;1387,50 $;318,02 $;0,15%;
13/12/2021;1;67681,52 $;-2730,52 $;0,00 $;-2730,52 $;5,52 $;-3828,60 $;-2730,52 $;0,00%;-2730,52 $;0,00 $;-2730,52 $;0,00 $;-2730,52 $;240,00;3875,00 $;0,00 $;2730,52 $;0,08%;
15/12/2021;1;68526,00 $;844,48 $;844,48 $;0,00 $;5,52 $;-2984,12 $;0,00 $;100,00%;844,48 $;844,48 $;0,00 $;844,48 $;0,00 $;240,00;575,00 $;950,00 $;105,52 $;0,08%;
20/12/2021;1;69595,48 $;1069,48 $;1069,48 $;0,00 $;5,52 $;-1914,64 $;0,00 $;100,00%;1069,48 $;1069,48 $;0,00 $;1069,48 $;0,00 $;240,00;1000,00 $;1325,00 $;255,52 $;0,08%;
21/12/2021;1;72689,96 $;3094,48 $;3094,48 $;0,00 $;5,52 $;0,00 $;0,00 $;100,00%;3094,48 $;3094,48 $;0,00 $;3094,48 $;0,00 $;240,00;150,00 $;3175,00 $;80,52 $;0,08%;
22/12/2021;2;74503,92 $;1813,96 $;1813,96 $;0,00 $;11,04 $;0,00 $;0,00 $;100,00%;906,98 $;906,98 $;0,00 $;1494,48 $;0,00 $;240,00;925,00 $;1112,50 $;205,52 $;0,15%;
23/12/2021;2;76267,88 $;1763,96 $;1763,96 $;0,00 $;11,04 $;0,00 $;0,00 $;100,00%;881,98 $;881,98 $;0,00 $;1694,48 $;0,00 $;240,00;487,50 $;1087,50 $;205,52 $;0,15%;
27/12/2021;1;77962,36 $;1694,48 $;1694,48 $;0,00 $;5,52 $;0,00 $;0,00 $;100,00%;1694,48 $;1694,48 $;0,00 $;1694,48 $;0,00 $;240,00;75,00 $;1750,00 $;55,52 $;0,08%;
29/12/2021;1;76431,84 $;-1530,52 $;0,00 $;-1530,52 $;5,52 $;-1530,52 $;-1530,52 $;0,00%;-1530,52 $;0,00 $;-1530,52 $;0,00 $;-1530,52 $;240,00;2675,00 $;0,00 $;1530,52 $;0,08%;
04/01/2022;1;74701,32 $;-1730,52 $;0,00 $;-1730,52 $;5,52 $;-3261,04 $;-1730,52 $;0,00%;-1730,52 $;0,00 $;-1730,52 $;0,00 $;-1730,52 $;240,00;1925,00 $;125,00 $;1855,52 $;0,08%;
07/01/2022;1;74820,80 $;119,48 $;119,48 $;0,00 $;5,52 $;-3141,56 $;0,00 $;100,00%;119,48 $;119,48 $;0,00 $;119,48 $;0,00 $;120,00;400,00 $;550,00 $;430,52 $;0,08%;
11/01/2022;2;75684,76 $;863,96 $;1819,48 $;-955,52 $;11,04 $;-4097,08 $;-955,52 $;50,00%;431,98 $;1819,48 $;-955,52 $;1819,48 $;-955,52 $;240,00;612,50 $;1187,50 $;755,52 $;0,15%;
12/01/2022;1;75354,24 $;-330,52 $;0,00 $;-330,52 $;5,52 $;-2608,12 $;-330,52 $;0,00%;-330,52 $;0,00 $;-330,52 $;0,00 $;-330,52 $;120,00;825,00 $;100,00 $;430,52 $;0,08%;
13/01/2022;1;76123,72 $;769,48 $;769,48 $;0,00 $;5,52 $;-1838,64 $;0,00 $;100,00%;769,48 $;769,48 $;0,00 $;769,48 $;0,00 $;240,00;200,00 $;2050,00 $;1280,52 $;0,08%;
14/01/2022;1;76243,20 $;119,48 $;119,48 $;0,00 $;5,52 $;-1719,16 $;0,00 $;100,00%;119,48 $;119,48 $;0,00 $;119,48 $;0,00 $;240,00;400,00 $;2375,00 $;2255,52 $;0,08%;
17/01/2022;2;75882,16 $;-361,04 $;0,00 $;-361,04 $;11,04 $;-2080,20 $;-361,04 $;0,00%;-180,52 $;0,00 $;-180,52 $;0,00 $;-305,52 $;540,00;500,00 $;362,50 $;543,02 $;0,15%;
19/01/2022;1;73726,64 $;-2155,52 $;0,00 $;-2155,52 $;5,52 $;-4235,72 $;-2155,52 $;0,00%;-2155,52 $;0,00 $;-2155,52 $;0,00 $;-2155,52 $;120,00;2550,00 $;75,00 $;2230,52 $;0,08%;
20/01/2022;1;74021,12 $;294,48 $;294,48 $;0,00 $;5,52 $;-3941,24 $;0,00 $;100,00%;294,48 $;294,48 $;0,00 $;294,48 $;0,00 $;240,00;400,00 $;1275,00 $;980,52 $;0,08%;
25/01/2022;1;77940,60 $;3919,48 $;3919,48 $;0,00 $;5,52 $;-21,76 $;0,00 $;100,00%;3919,48 $;3919,48 $;0,00 $;3919,48 $;0,00 $;240,00;1100,00 $;3925,00 $;5,52 $;0,08%;
26/01/2022;1;77735,08 $;-205,52 $;0,00 $;-205,52 $;5,52 $;-227,28 $;-205,52 $;0,00%;-205,52 $;0,00 $;-205,52 $;0,00 $;-205,52 $;240,00;650,00 $;3350,00 $;3555,52 $;0,08%;
27/01/2022;1;74529,56 $;-3205,52 $;0,00 $;-3205,52 $;5,52 $;-3432,80 $;-3205,52 $;0,00%;-3205,52 $;0,00 $;-3205,52 $;0,00 $;-3205,52 $;240,00;4125,00 $;350,00 $;3555,52 $;0,08%;
31/01/2022;2;78468,52 $;3938,96 $;3938,96 $;0,00 $;11,04 $;-338,32 $;0,00 $;100,00%;1969,48 $;1969,48 $;0,00 $;3094,48 $;0,00 $;240,00;812,50 $;2262,50 $;293,02 $;0,15%;
01/02/2022;1;77413,00 $;-1055,52 $;0,00 $;-1055,52 $;5,52 $;-1055,52 $;-1055,52 $;0,00%;-1055,52 $;0,00 $;-1055,52 $;0,00 $;-1055,52 $;240,00;2300,00 $;375,00 $;1430,52 $;0,08%;
02/02/2022;2;78101,96 $;688,96 $;688,96 $;0,00 $;11,04 $;-536,04 $;0,00 $;100,00%;344,48 $;344,48 $;0,00 $;519,48 $;0,00 $;240,00;775,00 $;1325,00 $;980,52 $;0,15%;
03/02/2022;1;76621,44 $;-1480,52 $;0,00 $;-1480,52 $;5,52 $;-1847,08 $;-1480,52 $;0,00%;-1480,52 $;0,00 $;-1480,52 $;0,00 $;-1480,52 $;60,00;1775,00 $;275,00 $;1755,52 $;0,08%;
07/02/2022;1;79665,92 $;3044,48 $;3044,48 $;0,00 $;5,52 $;0,00 $;0,00 $;100,00%;3044,48 $;3044,48 $;0,00 $;3044,48 $;0,00 $;240,00;0,00 $;3150,00 $;105,52 $;0,08%;
08/02/2022;1;79960,40 $;294,48 $;294,48 $;0,00 $;5,52 $;0,00 $;0,00 $;100,00%;294,48 $;294,48 $;0,00 $;294,48 $;0,00 $;180,00;1150,00 $;675,00 $;380,52 $;0,08%;
09/02/2022;1;79879,88 $;-80,52 $;0,00 $;-80,52 $;5,52 $;-80,52 $;-80,52 $;0,00%;-80,52 $;0,00 $;-80,52 $;0,00 $;-80,52 $;240,00;875,00 $;350,00 $;430,52 $;0,08%;
11/02/2022;1;78174,36 $;-1705,52 $;0,00 $;-1705,52 $;5,52 $;-1786,04 $;-1705,52 $;0,00%;-1705,52 $;0,00 $;-1705,52 $;0,00 $;-1705,52 $;240,00;1975,00 $;1300,00 $;3005,52 $;0,08%;
15/02/2022;1;79443,84 $;1269,48 $;1269,48 $;0,00 $;5,52 $;-516,56 $;0,00 $;100,00%;1269,48 $;1269,48 $;0,00 $;1269,48 $;0,00 $;240,00;350,00 $;1450,00 $;180,52 $;0,08%;
16/02/2022;2;78982,80 $;-461,04 $;1669,48 $;-2130,52 $;11,04 $;-2647,08 $;-2130,52 $;50,00%;-230,52 $;1669,48 $;-2130,52 $;1669,48 $;-2130,52 $;540,00;1725,00 $;1175,00 $;1405,52 $;0,15%;
17/02/2022;1;74527,28 $;-4455,52 $;0,00 $;-4455,52 $;5,52 $;-5433,12 $;-4455,52 $;0,00%;-4455,52 $;0,00 $;-4455,52 $;0,00 $;-4455,52 $;240,00;4500,00 $;225,00 $;4680,52 $;0,08%;
18/02/2022;1;68346,76 $;-6180,52 $;0,00 $;-6180,52 $;5,52 $;-11613,64 $;-6180,52 $;0,00%;-6180,52 $;0,00 $;-6180,52 $;0,00 $;-6180,52 $;240,00;6625,00 $;200,00 $;6380,52 $;0,08%;
23/02/2022;2;63585,72 $;-4761,04 $;0,00 $;-4761,04 $;11,04 $;-16374,68 $;-4761,04 $;0,00%;-2380,52 $;0,00 $;-2380,52 $;0,00 $;-2430,52 $;540,00;2675,00 $;1412,50 $;3793,02 $;0,15%;
25/02/2022;1;66380,20 $;2794,48 $;2794,48 $;0,00 $;5,52 $;-13580,20 $;0,00 $;100,00%;2794,48 $;2794,48 $;0,00 $;2794,48 $;0,00 $;120,00;950,00 $;2825,00 $;30,52 $;0,08%;
28/02/2022;1;71799,68 $;5419,48 $;5419,48 $;0,00 $;5,52 $;-8160,72 $;0,00 $;100,00%;5419,48 $;5419,48 $;0,00 $;5419,48 $;0,00 $;240,00;575,00 $;5825,00 $;405,52 $;0,08%;
01/03/2022;1;66194,16 $;-5605,52 $;0,00 $;-5605,52 $;5,52 $;-13766,24 $;-5605,52 $;0,00%;-5605,52 $;0,00 $;-5605,52 $;0,00 $;-5605,52 $;240,00;6575,00 $;3825,00 $;9430,52 $;0,08%;
02/03/2022;1;65888,64 $;-305,52 $;0,00 $;-305,52 $;5,52 $;-14071,76 $;-305,52 $;0,00%;-305,52 $;0,00 $;-305,52 $;0,00 $;-305,52 $;120,00;1850,00 $;1325,00 $;1630,52 $;0,08%;
03/03/2022;1;59533,12 $;-6355,52 $;0,00 $;-6355,52 $;5,52 $;-20427,28 $;-6355,52 $;0,00%;-6355,52 $;0,00 $;-6355,52 $;0,00 $;-6355,52 $;240,00;8700,00 $;1675,00 $;8030,52 $;0,08%;
04/03/2022;1;56277,60 $;-3255,52 $;0,00 $;-3255,52 $;5,52 $;-23682,80 $;-3255,52 $;0,00%;-3255,52 $;0,00 $;-3255,52 $;0,00 $;-3255,52 $;240,00;3275,00 $;1325,00 $;4580,52 $;0,08%;
08/03/2022;1;54897,08 $;-1380,52 $;0,00 $;-1380,52 $;5,52 $;-25063,32 $;-1380,52 $;0,00%;-1380,52 $;0,00 $;-1380,52 $;0,00 $;-1380,52 $;240,00;6000,00 $;3225,00 $;4605,52 $;0,08%;
09/03/2022;2;56436,04 $;1538,96 $;3419,48 $;-1880,52 $;11,04 $;-23524,36 $;-1880,52 $;50,00%;769,48 $;3419,48 $;-1880,52 $;3419,48 $;-1880,52 $;540,00;2325,00 $;3787,50 $;3018,02 $;0,15%;
10/03/2022;2;59800,00 $;3363,96 $;3363,96 $;0,00 $;11,04 $;-21104,88 $;0,00 $;100,00%;1681,98 $;1681,98 $;0,00 $;2419,48 $;0,00 $;240,00;2850,00 $;2800,00 $;1118,02 $;0,15%;
16/03/2022;1;62594,48 $;2794,48 $;2794,48 $;0,00 $;5,52 $;-17365,92 $;0,00 $;100,00%;2794,48 $;2794,48 $;0,00 $;2794,48 $;0,00 $;240,00;1025,00 $;6800,00 $;4005,52 $;0,08%;
17/03/2022;1;65663,96 $;3069,48 $;3069,48 $;0,00 $;5,52 $;-14296,44 $;0,00 $;100,00%;3069,48 $;3069,48 $;0,00 $;3069,48 $;0,00 $;240,00;375,00 $;3900,00 $;830,52 $;0,08%;
18/03/2022;2;68027,92 $;2363,96 $;2869,48 $;-505,52 $;11,04 $;-11932,48 $;-505,52 $;50,00%;1181,98 $;2869,48 $;-505,52 $;2869,48 $;-505,52 $;300,00;650,00 $;1725,00 $;543,02 $;0,15%;
21/03/2022;1;66797,40 $;-1230,52 $;0,00 $;-1230,52 $;5,52 $;-13163,00 $;-1230,52 $;0,00%;-1230,52 $;0,00 $;-1230,52 $;0,00 $;-1230,52 $;240,00;1600,00 $;1400,00 $;2630,52 $;0,08%;
22/03/2022;1;67941,88 $;1144,48 $;1144,48 $;0,00 $;5,52 $;-12018,52 $;0,00 $;100,00%;1144,48 $;1144,48 $;0,00 $;1144,48 $;0,00 $;240,00;675,00 $;2225,00 $;1080,52 $;0,08%;
24/03/2022;1;68936,36 $;994,48 $;994,48 $;0,00 $;5,52 $;-11024,04 $;0,00 $;100,00%;994,48 $;994,48 $;0,00 $;994,48 $;0,00 $;60,00;325,00 $;1175,00 $;180,52 $;0,08%;
28/03/2022;1;67305,84 $;-1630,52 $;0,00 $;-1630,52 $;5,52 $;-12654,56 $;-1630,52 $;0,00%;-1630,52 $;0,00 $;-1630,52 $;0,00 $;-1630,52 $;240,00;2700,00 $;1875,00 $;3505,52 $;0,08%;
30/03/2022;2;66269,80 $;-1036,04 $;169,48 $;-1205,52 $;11,04 $;-13860,08 $;-1205,52 $;50,00%;-518,02 $;169,48 $;-1205,52 $;169,48 $;-1205,52 $;540,00;1562,50 $;675,00 $;1193,02 $;0,15%;
31/03/2022;1;63689,28 $;-2580,52 $;0,00 $;-2580,52 $;5,52 $;-16271,12 $;-2580,52 $;0,00%;-2580,52 $;0,00 $;-2580,52 $;0,00 $;-2580,52 $;240,00;3450,00 $;400,00 $;2980,52 $;0,08%;
01/04/2022;1;65758,76 $;2069,48 $;2069,48 $;0,00 $;5,52 $;-14201,64 $;0,00 $;100,00%;2069,48 $;2069,48 $;0,00 $;2069,48 $;0,00 $;120,00;475,00 $;2350,00 $;280,52 $;0,08%;
04/04/2022;1;66828,24 $;1069,48 $;1069,48 $;0,00 $;5,52 $;-13132,16 $;0,00 $;100,00%;1069,48 $;1069,48 $;0,00 $;1069,48 $;0,00 $;240,00;650,00 $;1475,00 $;405,52 $;0,08%;
07/04/2022;1;66322,72 $;-505,52 $;0,00 $;-505,52 $;5,52 $;-13637,68 $;-505,52 $;0,00%;-505,52 $;0,00 $;-505,52 $;0,00 $;-505,52 $;0,00;875,00 $;375,00 $;880,52 $;0,08%;
08/04/2022;1;66242,20 $;-80,52 $;0,00 $;-80,52 $;5,52 $;-13718,20 $;-80,52 $;0,00%;-80,52 $;0,00 $;-80,52 $;0,00 $;-80,52 $;240,00;2350,00 $;575,00 $;655,52 $;0,08%;
11/04/2022;1;63336,68 $;-2905,52 $;0,00 $;-2905,52 $;5,52 $;-16623,72 $;-2905,52 $;0,00%;-2905,52 $;0,00 $;-2905,52 $;0,00 $;-2905,52 $;180,00;3275,00 $;25,00 $;2930,52 $;0,08%;
12/04/2022;1;60806,16 $;-2530,52 $;0,00 $;-2530,52 $;5,52 $;-19154,24 $;-2530,52 $;0,00%;-2530,52 $;0,00 $;-2530,52 $;0,00 $;-2530,52 $;180,00;3725,00 $;25,00 $;2555,52 $;0,08%;
13/04/2022;2;58845,12 $;-1961,04 $;894,48 $;-2855,52 $;11,04 $;-22009,76 $;-2855,52 $;50,00%;-980,52 $;894,48 $;-2855,52 $;894,48 $;-2855,52 $;600,00;1612,50 $;775,00 $;1755,52 $;0,15%;
19/04/2022;1;61314,60 $;2469,48 $;2469,48 $;0,00 $;5,52 $;-18645,80 $;0,00 $;100,00%;2469,48 $;2469,48 $;0,00 $;2469,48 $;0,00 $;240,00;650,00 $;3325,00 $;855,52 $;0,08%;
20/04/2022;1;62084,08 $;769,48 $;769,48 $;0,00 $;5,52 $;-17876,32 $;0,00 $;100,00%;769,48 $;769,48 $;0,00 $;769,48 $;0,00 $;240,00;900,00 $;1025,00 $;255,52 $;0,08%;
26/04/2022;1;56453,56 $;-5630,52 $;0,00 $;-5630,52 $;5,52 $;-23506,84 $;-5630,52 $;0,00%;-5630,52 $;0,00 $;-5630,52 $;0,00 $;-5630,52 $;240,00;5675,00 $;925,00 $;6555,52 $;0,08%;
28/04/2022;1;61173,04 $;4719,48 $;4719,48 $;0,00 $;5,52 $;-18787,36 $;0,00 $;100,00%;4719,48 $;4719,48 $;0,00 $;4719,48 $;0,00 $;240,00;250,00 $;4925,00 $;205,52 $;0,08%;
29/04/2022;1;60192,52 $;-980,52 $;0,00 $;-980,52 $;5,52 $;-19767,88 $;-980,52 $;0,00%;-980,52 $;0,00 $;-980,52 $;0,00 $;-980,52 $;240,00;3125,00 $;25,00 $;1005,52 $;0,08%;
03/05/2022;1;61012,00 $;819,48 $;819,48 $;0,00 $;5,52 $;-18948,40 $;0,00 $;100,00%;819,48 $;819,48 $;0,00 $;819,48 $;0,00 $;240,00;575,00 $;1575,00 $;755,52 $;0,08%;
04/05/2022;1;61856,48 $;844,48 $;844,48 $;0,00 $;5,52 $;-18103,92 $;0,00 $;100,00%;844,48 $;844,48 $;0,00 $;844,48 $;0,00 $;240,00;1425,00 $;1350,00 $;505,52 $;0,08%;
09/05/2022;1;60350,96 $;-1505,52 $;0,00 $;-1505,52 $;5,52 $;-19609,44 $;-1505,52 $;0,00%;-1505,52 $;0,00 $;-1505,52 $;0,00 $;-1505,52 $;240,00;4275,00 $;575,00 $;2080,52 $;0,08%;
10/05/2022;1;56045,44 $;-4305,52 $;0,00 $;-4305,52 $;5,52 $;-23914,96 $;-4305,52 $;0,00%;-4305,52 $;0,00 $;-4305,52 $;0,00 $;-4305,52 $;240,00;4975,00 $;1025,00 $;5330,52 $;0,08%;
11/05/2022;1;53014,92 $;-3030,52 $;0,00 $;-3030,52 $;5,52 $;-26945,48 $;-3030,52 $;0,00%;-3030,52 $;0,00 $;-3030,52 $;0,00 $;-3030,52 $;240,00;3675,00 $;2125,00 $;5155,52 $;0,08%;
12/05/2022;1;54159,40 $;1144,48 $;1144,48 $;0,00 $;5,52 $;-25801,00 $;0,00 $;100,00%;1144,48 $;1144,48 $;0,00 $;1144,48 $;0,00 $;240,00;425,00 $;5150,00 $;4005,52 $;0,08%;
13/05/2022;1;54653,88 $;494,48 $;494,48 $;0,00 $;5,52 $;-25306,52 $;0,00 $;100,00%;494,48 $;494,48 $;0,00 $;494,48 $;0,00 $;180,00;1625,00 $;825,00 $;330,52 $;0,08%;
16/05/2022;1;57948,36 $;3294,48 $;3294,48 $;0,00 $;5,52 $;-22012,04 $;0,00 $;100,00%;3294,48 $;3294,48 $;0,00 $;3294,48 $;0,00 $;240,00;800,00 $;3650,00 $;355,52 $;0,08%;
17/05/2022;1;58192,84 $;244,48 $;244,48 $;0,00 $;5,52 $;-21767,56 $;0,00 $;100,00%;244,48 $;244,48 $;0,00 $;244,48 $;0,00 $;240,00;1875,00 $;650,00 $;405,52 $;0,08%;
18/05/2022;1;53462,32 $;-4730,52 $;0,00 $;-4730,52 $;5,52 $;-26498,08 $;-4730,52 $;0,00%;-4730,52 $;0,00 $;-4730,52 $;0,00 $;-4730,52 $;240,00;4850,00 $;25,00 $;4755,52 $;0,08%;
20/05/2022;1;48231,80 $;-5230,52 $;0,00 $;-5230,52 $;5,52 $;-31728,60 $;-5230,52 $;0,00%;-5230,52 $;0,00 $;-5230,52 $;0,00 $;-5230,52 $;240,00;5425,00 $;275,00 $;5505,52 $;0,08%;
23/05/2022;1;50051,28 $;1819,48 $;1819,48 $;0,00 $;5,52 $;-29909,12 $;0,00 $;100,00%;1819,48 $;1819,48 $;0,00 $;1819,48 $;0,00 $;240,00;1050,00 $;2700,00 $;880,52 $;0,08%;
24/05/2022;1;50570,76 $;519,48 $;519,48 $;0,00 $;5,52 $;-29389,64 $;0,00 $;100,00%;519,48 $;519,48 $;0,00 $;519,48 $;0,00 $;240,00;875,00 $;1875,00 $;1355,52 $;0,08%;
25/05/2022;1;52515,24 $;1944,48 $;1944,48 $;0,00 $;5,52 $;-27445,16 $;0,00 $;100,00%;1944,48 $;1944,48 $;0,00 $;1944,48 $;0,00 $;240,00;225,00 $;2875,00 $;930,52 $;0,08%;
26/05/2022;2;53904,20 $;1388,96 $;1769,48 $;-380,52 $;11,04 $;-26056,20 $;-380,52 $;50,00%;694,48 $;1769,48 $;-380,52 $;1769,48 $;-380,52 $;600,00;675,00 $;1275,00 $;580,52 $;0,15%;
27/05/2022;2;57393,16 $;3488,96 $;3488,96 $;0,00 $;11,04 $;-24011,72 $;0,00 $;100,00%;1744,48 $;1744,48 $;0,00 $;2044,48 $;0,00 $;240,00;362,50 $;2275,00 $;530,52 $;0,15%;
30/05/2022;2;56832,12 $;-561,04 $;369,48 $;-930,52 $;11,04 $;-23497,76 $;-930,52 $;50,00%;-280,52 $;369,48 $;-930,52 $;369,48 $;-930,52 $;540,00;975,00 $;387,50 $;668,02 $;0,15%;
01/06/2022;1;54926,60 $;-1905,52 $;0,00 $;-1905,52 $;5,52 $;-25033,80 $;-1905,52 $;0,00%;-1905,52 $;0,00 $;-1905,52 $;0,00 $;-1905,52 $;240,00;3775,00 $;225,00 $;2130,52 $;0,08%;
02/06/2022;1;58221,08 $;3294,48 $;3294,48 $;0,00 $;5,52 $;-21739,32 $;0,00 $;100,00%;3294,48 $;3294,48 $;0,00 $;3294,48 $;0,00 $;240,00;650,00 $;3325,00 $;30,52 $;0,08%;
03/06/2022;2;57385,04 $;-836,04 $;544,48 $;-1380,52 $;11,04 $;-23119,84 $;-1380,52 $;50,00%;-418,02 $;544,48 $;-1380,52 $;544,48 $;-1380,52 $;600,00;1212,50 $;725,00 $;1143,02 $;0,15%;
07/06/2022;1;59904,52 $;2519,48 $;2519,48 $;0,00 $;5,52 $;-20055,88 $;0,00 $;100,00%;2519,48 $;2519,48 $;0,00 $;2519,48 $;0,00 $;240,00;75,00 $;2775,00 $;255,52 $;0,08%;
08/06/2022;1;58074,00 $;-1830,52 $;0,00 $;-1830,52 $;5,52 $;-21886,40 $;-1830,52 $;0,00%;-1830,52 $;0,00 $;-1830,52 $;0,00 $;-1830,52 $;240,00;2800,00 $;300,00 $;2130,52 $;0,08%;
13/06/2022;1;59693,48 $;1619,48 $;1619,48 $;0,00 $;5,52 $;-20266,92 $;0,00 $;100,00%;1619,48 $;1619,48 $;0,00 $;1619,48 $;0,00 $;240,00;1950,00 $;2525,00 $;905,52 $;0,08%;
15/06/2022;1;59312,96 $;-380,52 $;0,00 $;-380,52 $;5,52 $;-20647,44 $;-380,52 $;0,00%;-380,52 $;0,00 $;-380,52 $;0,00 $;-380,52 $;240,00;3300,00 $;1675,00 $;2055,52 $;0,08%;
16/06/2022;1;57832,44 $;-1480,52 $;0,00 $;-1480,52 $;5,52 $;-22127,96 $;-1480,52 $;0,00%;-1480,52 $;0,00 $;-1480,52 $;0,00 $;-1480,52 $;240,00;1975,00 $;500,00 $;1980,52 $;0,08%;
17/06/2022;1;56901,92 $;-930,52 $;0,00 $;-930,52 $;5,52 $;-23058,48 $;-930,52 $;0,00%;-930,52 $;0,00 $;-930,52 $;0,00 $;-930,52 $;240,00;1000,00 $;1650,00 $;2580,52 $;0,08%;
20/06/2022;1;58471,40 $;1569,48 $;1569,48 $;0,00 $;5,52 $;-21489,00 $;0,00 $;100,00%;1569,48 $;1569,48 $;0,00 $;1569,48 $;0,00 $;240,00;150,00 $;1925,00 $;355,52 $;0,08%;
21/06/2022;1;57390,88 $;-1080,52 $;0,00 $;-1080,52 $;5,52 $;-22569,52 $;-1080,52 $;0,00%;-1080,52 $;0,00 $;-1080,52 $;0,00 $;-1080,52 $;240,00;2000,00 $;175,00 $;1255,52 $;0,08%;
22/06/2022;1;58610,36 $;1219,48 $;1219,48 $;0,00 $;5,52 $;-21350,04 $;0,00 $;100,00%;1219,48 $;1219,48 $;0,00 $;1219,48 $;0,00 $;240,00;750,00 $;4325,00 $;3105,52 $;0,08%;
24/06/2022;2;62724,32 $;4113,96 $;4113,96 $;0,00 $;11,04 $;-19830,56 $;0,00 $;100,00%;2056,98 $;2056,98 $;0,00 $;2594,48 $;0,00 $;240,00;150,00 $;2350,00 $;293,02 $;0,15%;
27/06/2022;1;61318,80 $;-1405,52 $;0,00 $;-1405,52 $;5,52 $;-18641,60 $;-1405,52 $;0,00%;-1405,52 $;0,00 $;-1405,52 $;0,00 $;-1405,52 $;240,00;1750,00 $;475,00 $;1880,52 $;0,08%;
01/07/2022;1;64013,28 $;2694,48 $;2694,48 $;0,00 $;5,52 $;-15947,12 $;0,00 $;100,00%;2694,48 $;2694,48 $;0,00 $;2694,48 $;0,00 $;120,00;25,00 $;2950,00 $;255,52 $;0,08%;
04/07/2022;1;64107,76 $;94,48 $;94,48 $;0,00 $;5,52 $;-15852,64 $;0,00 $;100,00%;94,48 $;94,48 $;0,00 $;94,48 $;0,00 $;120,00;375,00 $;125,00 $;30,52 $;0,08%;
06/07/2022;1;65552,24 $;1444,48 $;1444,48 $;0,00 $;5,52 $;-14408,16 $;0,00 $;100,00%;1444,48 $;1444,48 $;0,00 $;1444,48 $;0,00 $;180,00;600,00 $;2375,00 $;930,52 $;0,08%;
11/07/2022;1;65271,72 $;-280,52 $;0,00 $;-280,52 $;5,52 $;-14688,68 $;-280,52 $;0,00%;-280,52 $;0,00 $;-280,52 $;0,00 $;-280,52 $;180,00;500,00 $;1550,00 $;1830,52 $;0,08%;
12/07/2022;1;69816,20 $;4544,48 $;4544,48 $;0,00 $;5,52 $;-10144,20 $;0,00 $;100,00%;4544,48 $;4544,48 $;0,00 $;4544,48 $;0,00 $;240,00;25,00 $;4875,00 $;330,52 $;0,08%;
13/07/2022;1;67410,68 $;-2405,52 $;0,00 $;-2405,52 $;5,52 $;-12549,72 $;-2405,52 $;0,00%;-2405,52 $;0,00 $;-2405,52 $;0,00 $;-2405,52 $;240,00;4425,00 $;1475,00 $;3880,52 $;0,08%;
15/07/2022;1;67730,16 $;319,48 $;319,48 $;0,00 $;5,52 $;-12230,24 $;0,00 $;100,00%;319,48 $;319,48 $;0,00 $;319,48 $;0,00 $;180,00;900,00 $;475,00 $;155,52 $;0,08%;
18/07/2022;1;65874,64 $;-1855,52 $;0,00 $;-1855,52 $;5,52 $;-14085,76 $;-1855,52 $;0,00%;-1855,52 $;0,00 $;-1855,52 $;0,00 $;-1855,52 $;240,00;1950,00 $;825,00 $;2680,52 $;0,08%;
19/07/2022;1;73819,12 $;7944,48 $;7944,48 $;0,00 $;5,52 $;-6141,28 $;0,00 $;100,00%;7944,48 $;7944,48 $;0,00 $;7944,48 $;0,00 $;240,00;275,00 $;9700,00 $;1755,52 $;0,08%;
22/07/2022;1;73838,60 $;19,48 $;19,48 $;0,00 $;5,52 $;-6121,80 $;0,00 $;100,00%;19,48 $;19,48 $;0,00 $;19,48 $;0,00 $;240,00;925,00 $;1925,00 $;1905,52 $;0,08%;
26/07/2022;1;72733,08 $;-1105,52 $;0,00 $;-1105,52 $;5,52 $;-7227,32 $;-1105,52 $;0,00%;-1105,52 $;0,00 $;-1105,52 $;0,00 $;-1105,52 $;240,00;2600,00 $;975,00 $;2080,52 $;0,08%;
27/07/2022;2;73247,04 $;513,96 $;1794,48 $;-1280,52 $;11,04 $;-6713,36 $;-1280,52 $;50,00%;256,98 $;1794,48 $;-1280,52 $;1794,48 $;-1280,52 $;540,00;850,00 $;1650,00 $;1393,02 $;0,15%;
29/07/2022;1;74841,52 $;1594,48 $;1594,48 $;0,00 $;5,52 $;-5118,88 $;0,00 $;100,00%;1594,48 $;1594,48 $;0,00 $;1594,48 $;0,00 $;240,00;550,00 $;2125,00 $;530,52 $;0,08%;
01/08/2022;1;74286,00 $;-555,52 $;0,00 $;-555,52 $;5,52 $;-5674,40 $;-555,52 $;0,00%;-555,52 $;0,00 $;-555,52 $;0,00 $;-555,52 $;240,00;1725,00 $;1025,00 $;1580,52 $;0,08%;
02/08/2022;1;73505,48 $;-780,52 $;0,00 $;-780,52 $;5,52 $;-6454,92 $;-780,52 $;0,00%;-780,52 $;0,00 $;-780,52 $;0,00 $;-780,52 $;180,00;850,00 $;1450,00 $;2230,52 $;0,08%;
03/08/2022;1;76674,96 $;3169,48 $;3169,48 $;0,00 $;5,52 $;-3285,44 $;0,00 $;100,00%;3169,48 $;3169,48 $;0,00 $;3169,48 $;0,00 $;240,00;200,00 $;3250,00 $;80,52 $;0,08%;
04/08/2022;1;75544,44 $;-1130,52 $;0,00 $;-1130,52 $;5,52 $;-4415,96 $;-1130,52 $;0,00%;-1130,52 $;0,00 $;-1130,52 $;0,00 $;-1130,52 $;240,00;1725,00 $;0,00 $;1130,52 $;0,08%;
05/08/2022;1;74513,92 $;-1030,52 $;0,00 $;-1030,52 $;5,52 $;-5446,48 $;-1030,52 $;0,00%;-1030,52 $;0,00 $;-1030,52 $;0,00 $;-1030,52 $;240,00;2025,00 $;800,00 $;1830,52 $;0,08%;
08/08/2022;1;72658,40 $;-1855,52 $;0,00 $;-1855,52 $;5,52 $;-7302,00 $;-1855,52 $;0,00%;-1855,52 $;0,00 $;-1855,52 $;0,00 $;-1855,52 $;240,00;2200,00 $;275,00 $;2130,52 $;0,08%;
09/08/2022;1;71552,88 $;-1105,52 $;0,00 $;-1105,52 $;5,52 $;-8407,52 $;-1105,52 $;0,00%;-1105,52 $;0,00 $;-1105,52 $;0,00 $;-1105,52 $;240,00;1925,00 $;275,00 $;1380,52 $;0,08%;
10/08/2022;1;74672,36 $;3119,48 $;3119,48 $;0,00 $;5,52 $;-5288,04 $;0,00 $;100,00%;3119,48 $;3119,48 $;0,00 $;3119,48 $;0,00 $;240,00;225,00 $;3600,00 $;480,52 $;0,08%;
11/08/2022;1;75066,84 $;394,48 $;394,48 $;0,00 $;5,52 $;-4893,56 $;0,00 $;100,00%;394,48 $;394,48 $;0,00 $;394,48 $;0,00 $;240,00;325,00 $;1850,00 $;1455,52 $;0,08%;
12/08/2022;1;76961,32 $;1894,48 $;1894,48 $;0,00 $;5,52 $;-2999,08 $;0,00 $;100,00%;1894,48 $;1894,48 $;0,00 $;1894,48 $;0,00 $;240,00;700,00 $;2125,00 $;230,52 $;0,08%;
15/08/2022;1;76630,80 $;-330,52 $;0,00 $;-330,52 $;5,52 $;-3329,60 $;-330,52 $;0,00%;-330,52 $;0,00 $;-330,52 $;0,00 $;-330,52 $;240,00;1750,00 $;375,00 $;705,52 $;0,08%;
18/08/2022;1;76350,28 $;-280,52 $;0,00 $;-280,52 $;5,52 $;-3610,12 $;-280,52 $;0,00%;-280,52 $;0,00 $;-280,52 $;0,00 $;-280,52 $;240,00;1900,00 $;400,00 $;680,52 $;0,08%;
22/08/2022;1;76319,76 $;-30,52 $;0,00 $;-30,52 $;5,52 $;-3640,64 $;-30,52 $;0,00%;-30,52 $;0,00 $;-30,52 $;0,00 $;-30,52 $;240,00;1550,00 $;525,00 $;555,52 $;0,08%;
24/08/2022;1;75214,24 $;-1105,52 $;0,00 $;-1105,52 $;5,52 $;-4746,16 $;-1105,52 $;0,00%;-1105,52 $;0,00 $;-1105,52 $;0,00 $;-1105,52 $;180,00;1650,00 $;150,00 $;1255,52 $;0,08%;
25/08/2022;1;77033,72 $;1819,48 $;1819,48 $;0,00 $;5,52 $;-2926,68 $;0,00 $;100,00%;1819,48 $;1819,48 $;0,00 $;1819,48 $;0,00 $;180,00;475,00 $;1850,00 $;30,52 $;0,08%;
26/08/2022;1;77553,20 $;519,48 $;519,48 $;0,00 $;5,52 $;-2407,20 $;0,00 $;100,00%;519,48 $;519,48 $;0,00 $;519,48 $;0,00 $;240,00;1550,00 $;675,00 $;155,52 $;0,08%;
29/08/2022;1;79547,68 $;1994,48 $;1994,48 $;0,00 $;5,52 $;-412,72 $;0,00 $;100,00%;1994,48 $;1994,48 $;0,00 $;1994,48 $;0,00 $;240,00;325,00 $;3800,00 $;1805,52 $;0,08%;
31/08/2022;1;78467,16 $;-1080,52 $;0,00 $;-1080,52 $;5,52 $;-1493,24 $;-1080,52 $;0,00%;-1080,52 $;0,00 $;-1080,52 $;0,00 $;-1080,52 $;180,00;1550,00 $;275,00 $;1355,52 $;0,08%;
05/09/2022;1;78086,64 $;-380,52 $;0,00 $;-380,52 $;5,52 $;-1873,76 $;-380,52 $;0,00%;-380,52 $;0,00 $;-380,52 $;0,00 $;-380,52 $;120,00;375,00 $;150,00 $;530,52 $;0,08%;
06/09/2022;1;79856,12 $;1769,48 $;1769,48 $;0,00 $;5,52 $;-104,28 $;0,00 $;100,00%;1769,48 $;1769,48 $;0,00 $;1769,48 $;0,00 $;240,00;1225,00 $;2725,00 $;955,52 $;0,08%;
07/09/2022;1;80050,60 $;194,48 $;194,48 $;0,00 $;5,52 $;0,00 $;0,00 $;100,00%;194,48 $;194,48 $;0,00 $;194,48 $;0,00 $;0,00;300,00 $;300,00 $;105,52 $;0,08%;
08/09/2022;1;77345,08 $;-2705,52 $;0,00 $;-2705,52 $;5,52 $;-2705,52 $;-2705,52 $;0,00%;-2705,52 $;0,00 $;-2705,52 $;0,00 $;-2705,52 $;240,00;3300,00 $;300,00 $;3005,52 $;0,08%;
09/09/2022;1;78289,56 $;944,48 $;944,48 $;0,00 $;5,52 $;-1761,04 $;0,00 $;100,00%;944,48 $;944,48 $;0,00 $;944,48 $;0,00 $;240,00;350,00 $;1175,00 $;230,52 $;0,08%;
12/09/2022;1;78809,04 $;519,48 $;519,48 $;0,00 $;5,52 $;-1241,56 $;0,00 $;100,00%;519,48 $;519,48 $;0,00 $;519,48 $;0,00 $;240,00;900,00 $;725,00 $;205,52 $;0,08%;
13/09/2022;1;75503,52 $;-3305,52 $;0,00 $;-3305,52 $;5,52 $;-4547,08 $;-3305,52 $;0,00%;-3305,52 $;0,00 $;-3305,52 $;0,00 $;-3305,52 $;240,00;3325,00 $;3600,00 $;6905,52 $;0,08%;
15/09/2022;1;74498,00 $;-1005,52 $;0,00 $;-1005,52 $;5,52 $;-5552,60 $;-1005,52 $;0,00%;-1005,52 $;0,00 $;-1005,52 $;0,00 $;-1005,52 $;240,00;3375,00 $;300,00 $;1305,52 $;0,08%;
16/09/2022;1;74117,48 $;-380,52 $;0,00 $;-380,52 $;5,52 $;-5933,12 $;-380,52 $;0,00%;-380,52 $;0,00 $;-380,52 $;0,00 $;-380,52 $;240,00;1275,00 $;1325,00 $;1705,52 $;0,08%;
19/09/2022;1;77511,96 $;3394,48 $;3394,48 $;0,00 $;5,52 $;-2538,64 $;0,00 $;100,00%;3394,48 $;3394,48 $;0,00 $;3394,48 $;0,00 $;240,00;50,00 $;5325,00 $;1930,52 $;0,08%;
20/09/2022;1;75781,44 $;-1730,52 $;0,00 $;-1730,52 $;5,52 $;-4269,16 $;-1730,52 $;0,00%;-1730,52 $;0,00 $;-1730,52 $;0,00 $;-1730,52 $;180,00;4200,00 $;150,00 $;1880,52 $;0,08%;
21/09/2022;1;77800,92 $;2019,48 $;2019,48 $;0,00 $;5,52 $;-2249,68 $;0,00 $;100,00%;2019,48 $;2019,48 $;0,00 $;2019,48 $;0,00 $;240,00;650,00 $;2850,00 $;830,52 $;0,08%;
26/09/2022;1;73995,40 $;-3805,52 $;0,00 $;-3805,52 $;5,52 $;-6055,20 $;-3805,52 $;0,00%;-3805,52 $;0,00 $;-3805,52 $;0,00 $;-3805,52 $;240,00;3925,00 $;850,00 $;4655,52 $;0,08%;
27/09/2022;1;67514,88 $;-6480,52 $;0,00 $;-6480,52 $;5,52 $;-12535,72 $;-6480,52 $;0,00%;-6480,52 $;0,00 $;-6480,52 $;0,00 $;-6480,52 $;240,00;6775,00 $;975,00 $;7455,52 $;0,08%;
28/09/2022;1;68909,36 $;1394,48 $;1394,48 $;0,00 $;5,52 $;-11141,24 $;0,00 $;100,00%;1394,48 $;1394,48 $;0,00 $;1394,48 $;0,00 $;180,00;425,00 $;2225,00 $;830,52 $;0,08%;
29/09/2022;1;68478,84 $;-430,52 $;0,00 $;-430,52 $;5,52 $;-11571,76 $;-430,52 $;0,00%;-430,52 $;0,00 $;-430,52 $;0,00 $;-430,52 $;240,00;3825,00 $;675,00 $;1105,52 $;0,08%;
30/09/2022;2;65142,80 $;-3336,04 $;0,00 $;-3336,04 $;11,04 $;-14907,80 $;-3336,04 $;0,00%;-1668,02 $;0,00 $;-1668,02 $;0,00 $;-1930,52 $;540,00;2787,50 $;750,00 $;2418,02 $;0,15%;
03/10/2022;1;66412,28 $;1269,48 $;1269,48 $;0,00 $;5,52 $;-13638,32 $;0,00 $;100,00%;1269,48 $;1269,48 $;0,00 $;1269,48 $;0,00 $;240,00;950,00 $;2300,00 $;1030,52 $;0,08%;
04/10/2022;1;66931,76 $;519,48 $;519,48 $;0,00 $;5,52 $;-13118,84 $;0,00 $;100,00%;519,48 $;519,48 $;0,00 $;519,48 $;0,00 $;240,00;725,00 $;1950,00 $;1430,52 $;0,08%;
05/10/2022;1;68151,24 $;1219,48 $;1219,48 $;0,00 $;5,52 $;-11899,36 $;0,00 $;100,00%;1219,48 $;1219,48 $;0,00 $;1219,48 $;0,00 $;240,00;1900,00 $;2700,00 $;1480,52 $;0,08%;
11/10/2022;2;66265,20 $;-1886,04 $;869,48 $;-2755,52 $;11,04 $;-13785,40 $;-2755,52 $;50,00%;-943,02 $;869,48 $;-2755,52 $;869,48 $;-2755,52 $;420,00;3200,00 $;912,50 $;1855,52 $;0,15%;
13/10/2022;1;64784,68 $;-1480,52 $;0,00 $;-1480,52 $;5,52 $;-15265,92 $;-1480,52 $;0,00%;-1480,52 $;0,00 $;-1480,52 $;0,00 $;-1480,52 $;240,00;7125,00 $;2300,00 $;3780,52 $;0,08%;
14/10/2022;1;63629,16 $;-1155,52 $;0,00 $;-1155,52 $;5,52 $;-16421,44 $;-1155,52 $;0,00%;-1155,52 $;0,00 $;-1155,52 $;0,00 $;-1155,52 $;240,00;1300,00 $;5800,00 $;6955,52 $;0,08%;
17/10/2022;2;65743,12 $;2113,96 $;2113,96 $;0,00 $;11,04 $;-14901,96 $;0,00 $;100,00%;1056,98 $;1056,98 $;0,00 $;1519,48 $;0,00 $;240,00;412,50 $;2187,50 $;1130,52 $;0,15%;
18/10/2022;1;67112,60 $;1369,48 $;1369,48 $;0,00 $;5,52 $;-12938,00 $;0,00 $;100,00%;1369,48 $;1369,48 $;0,00 $;1369,48 $;0,00 $;240,00;150,00 $;3625,00 $;2255,52 $;0,08%;
19/10/2022;1;66057,08 $;-1055,52 $;0,00 $;-1055,52 $;5,52 $;-13993,52 $;-1055,52 $;0,00%;-1055,52 $;0,00 $;-1055,52 $;0,00 $;-1055,52 $;240,00;1225,00 $;1350,00 $;2405,52 $;0,08%;
20/10/2022;2;65196,04 $;-861,04 $;1369,48 $;-2230,52 $;11,04 $;-14854,56 $;-2230,52 $;50,00%;-430,52 $;1369,48 $;-2230,52 $;1369,48 $;-2230,52 $;600,00;1300,00 $;1600,00 $;2030,52 $;0,15%;
21/10/2022;1;65665,52 $;469,48 $;469,48 $;0,00 $;5,52 $;-14385,08 $;0,00 $;100,00%;469,48 $;469,48 $;0,00 $;469,48 $;0,00 $;240,00;675,00 $;1375,00 $;905,52 $;0,08%;
25/10/2022;1;71335,00 $;5669,48 $;5669,48 $;0,00 $;5,52 $;-8715,60 $;0,00 $;100,00%;5669,48 $;5669,48 $;0,00 $;5669,48 $;0,00 $;240,00;0,00 $;6350,00 $;680,52 $;0,08%;
26/10/2022;1;69629,48 $;-1705,52 $;0,00 $;-1705,52 $;5,52 $;-10421,12 $;-1705,52 $;0,00%;-1705,52 $;0,00 $;-1705,52 $;0,00 $;-1705,52 $;240,00;2425,00 $;125,00 $;1830,52 $;0,08%;
28/10/2022;1;72273,96 $;2644,48 $;2644,48 $;0,00 $;5,52 $;-7776,64 $;0,00 $;100,00%;2644,48 $;2644,48 $;0,00 $;2644,48 $;0,00 $;240,00;850,00 $;2925,00 $;280,52 $;0,08%;
31/10/2022;2;72587,92 $;313,96 $;344,48 $;-30,52 $;11,04 $;-7462,68 $;-30,52 $;50,00%;156,98 $;344,48 $;-30,52 $;344,48 $;-30,52 $;540,00;687,50 $;912,50 $;755,52 $;0,15%;
01/11/2022;1;71407,40 $;-1180,52 $;0,00 $;-1180,52 $;5,52 $;-8643,20 $;-1180,52 $;0,00%;-1180,52 $;0,00 $;-1180,52 $;0,00 $;-1180,52 $;240,00;3450,00 $;275,00 $;1455,52 $;0,08%;
02/11/2022;1;70251,88 $;-1155,52 $;0,00 $;-1155,52 $;5,52 $;-9798,72 $;-1155,52 $;0,00%;-1155,52 $;0,00 $;-1155,52 $;0,00 $;-1155,52 $;240,00;1750,00 $;25,00 $;1180,52 $;0,08%;
07/11/2022;2;69590,84 $;-661,04 $;219,48 $;-880,52 $;11,04 $;-10679,24 $;-880,52 $;50,00%;-330,52 $;219,48 $;-880,52 $;219,48 $;-880,52 $;360,00;700,00 $;725,00 $;1055,52 $;0,15%;
08/11/2022;2;70429,80 $;838,96 $;869,48 $;-30,52 $;11,04 $;-9620,80 $;-30,52 $;50,00%;419,48 $;869,48 $;-30,52 $;869,48 $;-30,52 $;540,00;212,50 $;1600,00 $;1180,52 $;0,15%;
09/11/2022;1;71574,28 $;1144,48 $;1144,48 $;0,00 $;5,52 $;-8476,32 $;0,00 $;100,00%;1144,48 $;1144,48 $;0,00 $;1144,48 $;0,00 $;240,00;1100,00 $;1675,00 $;530,52 $;0,08%;
11/11/2022;2;73063,24 $;1488,96 $;1719,48 $;-230,52 $;11,04 $;-8706,84 $;-230,52 $;50,00%;744,48 $;1719,48 $;-230,52 $;1719,48 $;-230,52 $;240,00;1012,50 $;1262,50 $;518,02 $;0,15%;
14/11/2022;2;72752,20 $;-311,04 $;1269,48 $;-1580,52 $;11,04 $;-7298,40 $;-1580,52 $;50,00%;-155,52 $;1269,48 $;-1580,52 $;1269,48 $;-1580,52 $;600,00;1012,50 $;1225,00 $;1380,52 $;0,15%;
18/11/2022;1;72696,68 $;-55,52 $;0,00 $;-55,52 $;5,52 $;-7353,92 $;-55,52 $;0,00%;-55,52 $;0,00 $;-55,52 $;0,00 $;-55,52 $;240,00;975,00 $;925,00 $;980,52 $;0,08%;
21/11/2022;1;73316,16 $;619,48 $;619,48 $;0,00 $;5,52 $;-6734,44 $;0,00 $;100,00%;619,48 $;619,48 $;0,00 $;619,48 $;0,00 $;240,00;175,00 $;1725,00 $;1105,52 $;0,08%;
22/11/2022;1;74135,64 $;819,48 $;819,48 $;0,00 $;5,52 $;-5914,96 $;0,00 $;100,00%;819,48 $;819,48 $;0,00 $;819,48 $;0,00 $;240,00;0,00 $;1325,00 $;505,52 $;0,08%;
23/11/2022;1;73755,12 $;-380,52 $;0,00 $;-380,52 $;5,52 $;-6295,48 $;-380,52 $;0,00%;-380,52 $;0,00 $;-380,52 $;0,00 $;-380,52 $;240,00;1425,00 $;775,00 $;1155,52 $;0,08%;
24/11/2022;1;73049,60 $;-705,52 $;0,00 $;-705,52 $;5,52 $;-7001,00 $;-705,52 $;0,00%;-705,52 $;0,00 $;-705,52 $;0,00 $;-705,52 $;240,00;1900,00 $;250,00 $;955,52 $;0,08%;
25/11/2022;2;73288,56 $;238,96 $;394,48 $;-155,52 $;11,04 $;-6762,04 $;-155,52 $;50,00%;119,48 $;394,48 $;-155,52 $;394,48 $;-155,52 $;600,00;375,00 $;762,50 $;643,02 $;0,15%;
30/11/2022;2;77002,52 $;3713,96 $;4444,48 $;-730,52 $;11,04 $;-7492,56 $;-730,52 $;50,00%;1856,98 $;4444,48 $;-730,52 $;4444,48 $;-730,52 $;240,00;1025,00 $;2287,50 $;430,52 $;0,15%;
01/12/2022;1;76297,00 $;-705,52 $;0,00 $;-705,52 $;5,52 $;-3753,60 $;-705,52 $;0,00%;-705,52 $;0,00 $;-705,52 $;0,00 $;-705,52 $;240,00;2400,00 $;400,00 $;1105,52 $;0,08%;
02/12/2022;2;75460,96 $;-836,04 $;644,48 $;-1480,52 $;11,04 $;-5234,12 $;-1480,52 $;50,00%;-418,02 $;644,48 $;-1480,52 $;644,48 $;-1480,52 $;600,00;2212,50 $;1250,00 $;1668,02 $;0,15%;
05/12/2022;1;75055,44 $;-405,52 $;0,00 $;-405,52 $;5,52 $;-4995,16 $;-405,52 $;0,00%;-405,52 $;0,00 $;-405,52 $;0,00 $;-405,52 $;240,00;1475,00 $;900,00 $;1305,52 $;0,08%;
06/12/2022;1;72824,92 $;-2230,52 $;0,00 $;-2230,52 $;5,52 $;-7225,68 $;-2230,52 $;0,00%;-2230,52 $;0,00 $;-2230,52 $;0,00 $;-2230,52 $;240,00;2950,00 $;200,00 $;2430,52 $;0,08%;
07/12/2022;1;72819,40 $;-5,52 $;0,00 $;-5,52 $;5,52 $;-7231,20 $;-5,52 $;0,00%;-5,52 $;0,00 $;-5,52 $;0,00 $;-5,52 $;240,00;2000,00 $;1200,00 $;1205,52 $;0,08%;
08/12/2022;2;74433,36 $;1613,96 $;1613,96 $;0,00 $;11,04 $;-6061,72 $;0,00 $;100,00%;806,98 $;806,98 $;0,00 $;1169,48 $;0,00 $;240,00;612,50 $;1050,00 $;243,02 $;0,15%;
09/12/2022;2;74122,32 $;-311,04 $;594,48 $;-905,52 $;11,04 $;-5928,28 $;-905,52 $;50,00%;-155,52 $;594,48 $;-905,52 $;594,48 $;-905,52 $;480,00;2187,50 $;737,50 $;893,02 $;0,15%;
12/12/2022;1;74041,80 $;-80,52 $;0,00 $;-80,52 $;5,52 $;-6008,80 $;-80,52 $;0,00%;-80,52 $;0,00 $;-80,52 $;0,00 $;-80,52 $;240,00;1000,00 $;525,00 $;605,52 $;0,08%;
14/12/2022;2;73330,76 $;-711,04 $;794,48 $;-1505,52 $;11,04 $;-6719,84 $;-1505,52 $;50,00%;-355,52 $;794,48 $;-1505,52 $;794,48 $;-1505,52 $;600,00;1650,00 $;862,50 $;1218,02 $;0,15%;
19/12/2022;1;72275,24 $;-1055,52 $;0,00 $;-1055,52 $;5,52 $;-7775,36 $;-1055,52 $;0,00%;-1055,52 $;0,00 $;-1055,52 $;0,00 $;-1055,52 $;120,00;1725,00 $;125,00 $;1180,52 $;0,08%;
20/12/2022;1;72419,72 $;144,48 $;144,48 $;0,00 $;5,52 $;-7630,88 $;0,00 $;100,00%;144,48 $;144,48 $;0,00 $;144,48 $;0,00 $;240,00;1325,00 $;550,00 $;405,52 $;0,08%;
21/12/2022;1;73339,20 $;919,48 $;919,48 $;0,00 $;5,52 $;-6711,40 $;0,00 $;100,00%;919,48 $;919,48 $;0,00 $;919,48 $;0,00 $;240,00;600,00 $;1125,00 $;205,52 $;0,08%;
27/12/2022;2;71478,16 $;-1861,04 $;0,00 $;-1861,04 $;11,04 $;-8572,44 $;-1861,04 $;0,00%;-930,52 $;0,00 $;-930,52 $;0,00 $;-1330,52 $;480,00;1400,00 $;375,00 $;1305,52 $;0,15%;
28/12/2022;1;69572,64 $;-1905,52 $;0,00 $;-1905,52 $;5,52 $;-10477,96 $;-1905,52 $;0,00%;-1905,52 $;0,00 $;-1905,52 $;0,00 $;-1905,52 $;240,00;1975,00 $;550,00 $;2455,52 $;0,08%;
29/12/2022;2;70636,60 $;1063,96 $;1569,48 $;-505,52 $;11,04 $;-9414,00 $;-505,52 $;50,00%;531,98 $;1569,48 $;-505,52 $;1569,48 $;-505,52 $;540,00;600,00 $;912,50 $;380,52 $;0,15%;
04/01/2023;1;71106,08 $;469,48 $;469,48 $;0,00 $;5,52 $;-8944,52 $;0,00 $;100,00%;469,48 $;469,48 $;0,00 $;469,48 $;0,00 $;240,00;1625,00 $;1100,00 $;630,52 $;0,08%;
05/01/2023;1;69875,56 $;-1230,52 $;0,00 $;-1230,52 $;5,52 $;-10175,04 $;-1230,52 $;0,00%;-1230,52 $;0,00 $;-1230,52 $;0,00 $;-1230,52 $;240,00;1975,00 $;475,00 $;1705,52 $;0,08%;
06/01/2023;1;74195,04 $;4319,48 $;4319,48 $;0,00 $;5,52 $;-5855,56 $;0,00 $;100,00%;4319,48 $;4319,48 $;0,00 $;4319,48 $;0,00 $;240,00;325,00 $;4775,00 $;455,52 $;0,08%;
09/01/2023;1;76264,52 $;2069,48 $;2069,48 $;0,00 $;5,52 $;-3786,08 $;0,00 $;100,00%;2069,48 $;2069,48 $;0,00 $;2069,48 $;0,00 $;240,00;150,00 $;2875,00 $;805,52 $;0,08%;
10/01/2023;1;77009,00 $;744,48 $;744,48 $;0,00 $;5,52 $;-3041,60 $;0,00 $;100,00%;744,48 $;744,48 $;0,00 $;744,48 $;0,00 $;240,00;525,00 $;1025,00 $;280,52 $;0,08%;
11/01/2023;1;77578,48 $;569,48 $;569,48 $;0,00 $;5,52 $;-2472,12 $;0,00 $;100,00%;569,48 $;569,48 $;0,00 $;569,48 $;0,00 $;0,00;150,00 $;600,00 $;30,52 $;0,08%;
12/01/2023;1;77197,96 $;-380,52 $;0,00 $;-380,52 $;5,52 $;-2852,64 $;-380,52 $;0,00%;-380,52 $;0,00 $;-380,52 $;0,00 $;-380,52 $;240,00;2025,00 $;1750,00 $;2130,52 $;0,08%;
13/01/2023;2;79336,92 $;2138,96 $;2138,96 $;0,00 $;11,04 $;-2208,16 $;0,00 $;100,00%;1069,48 $;1069,48 $;0,00 $;1494,48 $;0,00 $;240,00;612,50 $;1400,00 $;330,52 $;0,15%;
16/01/2023;1;79506,40 $;169,48 $;169,48 $;0,00 $;5,52 $;-544,20 $;0,00 $;100,00%;169,48 $;169,48 $;0,00 $;169,48 $;0,00 $;240,00;250,00 $;725,00 $;555,52 $;0,08%;
17/01/2023;1;81325,88 $;1819,48 $;1819,48 $;0,00 $;5,52 $;0,00 $;0,00 $;100,00%;1819,48 $;1819,48 $;0,00 $;1819,48 $;0,00 $;240,00;250,00 $;3700,00 $;1880,52 $;0,08%;
18/01/2023;1;82595,36 $;1269,48 $;1269,48 $;0,00 $;5,52 $;0,00 $;0,00 $;100,00%;1269,48 $;1269,48 $;0,00 $;1269,48 $;0,00 $;240,00;400,00 $;1975,00 $;705,52 $;0,08%;
20/01/2023;1;84589,84 $;1994,48 $;1994,48 $;0,00 $;5,52 $;0,00 $;0,00 $;100,00%;1994,48 $;1994,48 $;0,00 $;1994,48 $;0,00 $;180,00;125,00 $;2000,00 $;5,52 $;0,08%;
24/01/2023;1;85659,32 $;1069,48 $;1069,48 $;0,00 $;5,52 $;0,00 $;0,00 $;100,00%;1069,48 $;1069,48 $;0,00 $;1069,48 $;0,00 $;240,00;1000,00 $;1200,00 $;130,52 $;0,08%;
25/01/2023;1;87578,80 $;1919,48 $;1919,48 $;0,00 $;5,52 $;0,00 $;0,00 $;100,00%;1919,48 $;1919,48 $;0,00 $;1919,48 $;0,00 $;240,00;325,00 $;2175,00 $;255,52 $;0,08%;
27/01/2023;2;85867,76 $;-1711,04 $;0,00 $;-1711,04 $;11,04 $;-1711,04 $;-1711,04 $;0,00%;-855,52 $;0,00 $;-855,52 $;0,00 $;-1555,52 $;600,00;1050,00 $;850,00 $;1705,52 $;0,15%;
31/01/2023;2;89156,72 $;3288,96 $;3288,96 $;0,00 $;11,04 $;0,00 $;0,00 $;100,00%;1644,48 $;1644,48 $;0,00 $;1719,48 $;0,00 $;240,00;312,50 $;2125,00 $;480,52 $;0,15%;
03/02/2023;1;88801,20 $;-355,52 $;0,00 $;-355,52 $;5,52 $;-355,52 $;-355,52 $;0,00%;-355,52 $;0,00 $;-355,52 $;0,00 $;-355,52 $;240,00;1650,00 $;975,00 $;1330,52 $;0,08%;
06/02/2023;1;89295,68 $;494,48 $;494,48 $;0,00 $;5,52 $;0,00 $;0,00 $;100,00%;494,48 $;494,48 $;0,00 $;494,48 $;0,00 $;240,00;625,00 $;1500,00 $;1005,52 $;0,08%;
07/02/2023;2;91284,64 $;1988,96 $;2744,48 $;-755,52 $;11,04 $;-755,52 $;-755,52 $;50,00%;994,48 $;2744,48 $;-755,52 $;2744,48 $;-755,52 $;240,00;1350,00 $;1650,00 $;655,52 $;0,15%;
09/02/2023;1;89079,12 $;-2205,52 $;0,00 $;-2205,52 $;5,52 $;-2205,52 $;-2205,52 $;0,00%;-2205,52 $;0,00 $;-2205,52 $;0,00 $;-2205,52 $;240,00;3000,00 $;25,00 $;2230,52 $;0,08%;
13/02/2023;2;90668,08 $;1588,96 $;1588,96 $;0,00 $;11,04 $;-886,04 $;0,00 $;100,00%;794,48 $;794,48 $;0,00 $;1319,48 $;0,00 $;240,00;312,50 $;1062,50 $;268,02 $;0,15%;
15/02/2023;2;92482,04 $;1813,96 $;1813,96 $;0,00 $;11,04 $;0,00 $;0,00 $;100,00%;906,98 $;906,98 $;0,00 $;1044,48 $;0,00 $;240,00;250,00 $;1262,50 $;355,52 $;0,15%;
17/02/2023;1;93626,52 $;1144,48 $;1144,48 $;0,00 $;5,52 $;0,00 $;0,00 $;100,00%;1144,48 $;1144,48 $;0,00 $;1144,48 $;0,00 $;240,00;50,00 $;1775,00 $;630,52 $;0,08%;
23/02/2023;1;93946,00 $;319,48 $;319,48 $;0,00 $;5,52 $;0,00 $;0,00 $;100,00%;319,48 $;319,48 $;0,00 $;319,48 $;0,00 $;240,00;450,00 $;1900,00 $;1580,52 $;0,08%;
27/02/2023;2;93109,96 $;-836,04 $;144,48 $;-980,52 $;11,04 $;-980,52 $;-980,52 $;50,00%;-418,02 $;144,48 $;-980,52 $;144,48 $;-980,52 $;480,00;1050,00 $;887,50 $;1305,52 $;0,15%;
28/02/2023;1;91929,44 $;-1180,52 $;0,00 $;-1180,52 $;5,52 $;-2016,56 $;-1180,52 $;0,00%;-1180,52 $;0,00 $;-1180,52 $;0,00 $;-1180,52 $;240,00;2025,00 $;50,00 $;1230,52 $;0,08%;
02/03/2023;1;93498,92 $;1569,48 $;1569,48 $;0,00 $;5,52 $;-447,08 $;0,00 $;100,00%;1569,48 $;1569,48 $;0,00 $;1569,48 $;0,00 $;180,00;250,00 $;1775,00 $;205,52 $;0,08%;
03/03/2023;2;96512,88 $;3013,96 $;3013,96 $;0,00 $;11,04 $;0,00 $;0,00 $;100,00%;1506,98 $;1506,98 $;0,00 $;1519,48 $;0,00 $;240,00;512,50 $;1725,00 $;218,02 $;0,15%;
06/03/2023;1;95932,36 $;-580,52 $;0,00 $;-580,52 $;5,52 $;-580,52 $;-580,52 $;0,00%;-580,52 $;0,00 $;-580,52 $;0,00 $;-580,52 $;240,00;625,00 $;425,00 $;1005,52 $;0,08%;
07/03/2023;1;93651,84 $;-2280,52 $;0,00 $;-2280,52 $;5,52 $;-2861,04 $;-2280,52 $;0,00%;-2280,52 $;0,00 $;-2280,52 $;0,00 $;-2280,52 $;240,00;2900,00 $;25,00 $;2305,52 $;0,08%;
09/03/2023;1;92896,32 $;-755,52 $;0,00 $;-755,52 $;5,52 $;-3616,56 $;-755,52 $;0,00%;-755,52 $;0,00 $;-755,52 $;0,00 $;-755,52 $;0,00;1475,00 $;125,00 $;880,52 $;0,08%;
14/03/2023;1;98265,80 $;5369,48 $;5369,48 $;0,00 $;5,52 $;0,00 $;0,00 $;100,00%;5369,48 $;5369,48 $;0,00 $;5369,48 $;0,00 $;240,00;325,00 $;6350,00 $;980,52 $;0,08%;
17/03/2023;1;97835,28 $;-430,52 $;0,00 $;-430,52 $;5,52 $;-430,52 $;-430,52 $;0,00%;-430,52 $;0,00 $;-430,52 $;0,00 $;-430,52 $;0,00;650,00 $;225,00 $;655,52 $;0,08%;
20/03/2023;1;98204,76 $;369,48 $;369,48 $;0,00 $;5,52 $;-61,04 $;0,00 $;100,00%;369,48 $;369,48 $;0,00 $;369,48 $;0,00 $;240,00;1050,00 $;1400,00 $;1030,52 $;0,08%;
21/03/2023;2;100318,72 $;2113,96 $;2113,96 $;0,00 $;11,04 $;0,00 $;0,00 $;100,00%;1056,98 $;1056,98 $;0,00 $;1569,48 $;0,00 $;240,00;437,50 $;1212,50 $;155,52 $;0,15%;
22/03/2023;2;96832,68 $;-3486,04 $;394,48 $;-3880,52 $;11,04 $;-3880,52 $;-3880,52 $;50,00%;-1743,02 $;394,48 $;-3880,52 $;394,48 $;-3880,52 $;600,00;2287,50 $;1550,00 $;3293,02 $;0,15%;
23/03/2023;1;97302,16 $;469,48 $;469,48 $;0,00 $;5,52 $;-3411,04 $;0,00 $;100,00%;469,48 $;469,48 $;0,00 $;469,48 $;0,00 $;120,00;2875,00 $;625,00 $;155,52 $;0,08%;
27/03/2023;2;100341,12 $;3038,96 $;3038,96 $;0,00 $;11,04 $;-1716,56 $;0,00 $;100,00%;1519,48 $;1519,48 $;0,00 $;1694,48 $;0,00 $;240,00;387,50 $;1787,50 $;268,02 $;0,15%;
28/03/2023;2;98105,08 $;-2236,04 $;0,00 $;-2236,04 $;11,04 $;-2608,12 $;-2236,04 $;0,00%;-1118,02 $;0,00 $;-1118,02 $;0,00 $;-1230,52 $;540,00;1312,50 $;725,00 $;1843,02 $;0,15%;
29/03/2023;1;98499,56 $;394,48 $;394,48 $;0,00 $;5,52 $;-2213,64 $;0,00 $;100,00%;394,48 $;394,48 $;0,00 $;394,48 $;0,00 $;0,00;400,00 $;750,00 $;355,52 $;0,08%;
30/03/2023;1;98644,04 $;144,48 $;144,48 $;0,00 $;5,52 $;-2069,16 $;0,00 $;100,00%;144,48 $;144,48 $;0,00 $;144,48 $;0,00 $;240,00;1225,00 $;600,00 $;455,52 $;0,08%;
31/03/2023;1;98738,52 $;94,48 $;94,48 $;0,00 $;5,52 $;-1974,68 $;0,00 $;100,00%;94,48 $;94,48 $;0,00 $;94,48 $;0,00 $;240,00;175,00 $;1000,00 $;905,52 $;0,08%;
03/04/2023;2;98827,48 $;88,96 $;1069,48 $;-980,52 $;11,04 $;-2955,20 $;-980,52 $;50,00%;44,48 $;1069,48 $;-980,52 $;1069,48 $;-980,52 $;240,00;662,50 $;762,50 $;718,02 $;0,15%;
18/04/2023;1;100921,96 $;2094,48 $;2094,48 $;0,00 $;5,52 $;0,00 $;0,00 $;100,00%;2094,48 $;2094,48 $;0,00 $;2094,48 $;0,00 $;240,00;175,00 $;2225,00 $;130,52 $;0,08%;
19/04/2023;1;101991,44 $;1069,48 $;1069,48 $;0,00 $;5,52 $;0,00 $;0,00 $;100,00%;1069,48 $;1069,48 $;0,00 $;1069,48 $;0,00 $;240,00;75,00 $;1325,00 $;255,52 $;0,08%;
20/04/2023;1;103185,92 $;1194,48 $;1194,48 $;0,00 $;5,52 $;0,00 $;0,00 $;100,00%;1194,48 $;1194,48 $;0,00 $;1194,48 $;0,00 $;240,00;150,00 $;1525,00 $;330,52 $;0,08%;
24/04/2023;1;104155,40 $;969,48 $;969,48 $;0,00 $;5,52 $;0,00 $;0,00 $;100,00%;969,48 $;969,48 $;0,00 $;969,48 $;0,00 $;240,00;150,00 $;1300,00 $;330,52 $;0,08%;
02/05/2023;1;101899,88 $;-2255,52 $;0,00 $;-2255,52 $;5,52 $;-2255,52 $;-2255,52 $;0,00%;-2255,52 $;0,00 $;-2255,52 $;0,00 $;-2255,52 $;240,00;3600,00 $;500,00 $;2755,52 $;0,08%;
03/05/2023;2;103038,84 $;1138,96 $;1144,48 $;-5,52 $;11,04 $;-2261,04 $;-5,52 $;50,00%;569,48 $;1144,48 $;-5,52 $;1144,48 $;-5,52 $;240,00;537,50 $;1450,00 $;880,52 $;0,15%;
08/05/2023;1;103508,32 $;469,48 $;469,48 $;0,00 $;5,52 $;-647,08 $;0,00 $;100,00%;469,48 $;469,48 $;0,00 $;469,48 $;0,00 $;240,00;400,00 $;475,00 $;5,52 $;0,08%;
12/05/2023;1;103127,80 $;-380,52 $;0,00 $;-380,52 $;5,52 $;-1027,60 $;-380,52 $;0,00%;-380,52 $;0,00 $;-380,52 $;0,00 $;-380,52 $;240,00;800,00 $;200,00 $;580,52 $;0,08%;
15/05/2023;1;101697,28 $;-1430,52 $;0,00 $;-1430,52 $;5,52 $;-2458,12 $;-1430,52 $;0,00%;-1430,52 $;0,00 $;-1430,52 $;0,00 $;-1430,52 $;240,00;2050,00 $;50,00 $;1480,52 $;0,08%;
17/05/2023;2;103011,24 $;1313,96 $;1644,48 $;-330,52 $;11,04 $;-2788,64 $;-330,52 $;50,00%;656,98 $;1644,48 $;-330,52 $;1644,48 $;-330,52 $;240,00;300,00 $;1362,50 $;705,52 $;0,15%;
19/05/2023;1;104705,72 $;1694,48 $;1694,48 $;0,00 $;5,52 $;0,00 $;0,00 $;100,00%;1694,48 $;1694,48 $;0,00 $;1694,48 $;0,00 $;240,00;50,00 $;1950,00 $;255,52 $;0,08%;
22/05/2023;1;103325,20 $;-1380,52 $;0,00 $;-1380,52 $;5,52 $;-1380,52 $;-1380,52 $;0,00%;-1380,52 $;0,00 $;-1380,52 $;0,00 $;-1380,52 $;240,00;1550,00 $;50,00 $;1430,52 $;0,08%;
23/05/2023;1;101169,68 $;-2155,52 $;0,00 $;-2155,52 $;5,52 $;-3536,04 $;-2155,52 $;0,00%;-2155,52 $;0,00 $;-2155,52 $;0,00 $;-2155,52 $;180,00;2525,00 $;100,00 $;2255,52 $;0,08%;
25/05/2023;1;100514,16 $;-655,52 $;0,00 $;-655,52 $;5,52 $;-4191,56 $;-655,52 $;0,00%;-655,52 $;0,00 $;-655,52 $;0,00 $;-655,52 $;240,00;1625,00 $;375,00 $;1030,52 $;0,08%;
29/05/2023;1;99208,64 $;-1305,52 $;0,00 $;-1305,52 $;5,52 $;-5497,08 $;-1305,52 $;0,00%;-1305,52 $;0,00 $;-1305,52 $;0,00 $;-1305,52 $;240,00;1550,00 $;75,00 $;1380,52 $;0,08%;
31/05/2023;2;95122,60 $;-4086,04 $;0,00 $;-4086,04 $;11,04 $;-9583,12 $;-4086,04 $;0,00%;-2043,02 $;0,00 $;-2043,02 $;0,00 $;-3830,52 $;420,00;2925,00 $;250,00 $;2293,02 $;0,15%;
01/06/2023;2;95236,56 $;113,96 $;113,96 $;0,00 $;11,04 $;-9563,64 $;0,00 $;100,00%;56,98 $;56,98 $;0,00 $;94,48 $;0,00 $;240,00;1475,00 $;425,00 $;368,02 $;0,15%;
02/06/2023;1;95606,04 $;369,48 $;369,48 $;0,00 $;5,52 $;-9099,68 $;0,00 $;100,00%;369,48 $;369,48 $;0,00 $;369,48 $;0,00 $;240,00;1500,00 $;1275,00 $;905,52 $;0,08%;
05/06/2023;1;92800,52 $;-2805,52 $;0,00 $;-2805,52 $;5,52 $;-11905,20 $;-2805,52 $;0,00%;-2805,52 $;0,00 $;-2805,52 $;0,00 $;-2805,52 $;240,00;3700,00 $;350,00 $;3155,52 $;0,08%;
08/06/2023;1;93320,00 $;519,48 $;519,48 $;0,00 $;5,52 $;-11385,72 $;0,00 $;100,00%;519,48 $;519,48 $;0,00 $;519,48 $;0,00 $;240,00;1200,00 $;700,00 $;180,52 $;0,08%;
09/06/2023;1;93164,48 $;-155,52 $;0,00 $;-155,52 $;5,52 $;-11541,24 $;-155,52 $;0,00%;-155,52 $;0,00 $;-155,52 $;0,00 $;-155,52 $;240,00;1025,00 $;175,00 $;330,52 $;0,08%;
14/06/2023;1;92783,96 $;-380,52 $;0,00 $;-380,52 $;5,52 $;-11921,76 $;-380,52 $;0,00%;-380,52 $;0,00 $;-380,52 $;0,00 $;-380,52 $;240,00;1200,00 $;275,00 $;655,52 $;0,08%;
19/06/2023;1;92103,44 $;-680,52 $;0,00 $;-680,52 $;5,52 $;-12602,28 $;-680,52 $;0,00%;-680,52 $;0,00 $;-680,52 $;0,00 $;-680,52 $;240,00;1350,00 $;125,00 $;805,52 $;0,08%;
21/06/2023;2;88667,40 $;-3436,04 $;0,00 $;-3436,04 $;11,04 $;-16038,32 $;-3436,04 $;0,00%;-1718,02 $;0,00 $;-1718,02 $;0,00 $;-2605,52 $;540,00;1787,50 $;375,00 $;2093,02 $;0,15%;
22/06/2023;1;89061,88 $;394,48 $;394,48 $;0,00 $;5,52 $;-15643,84 $;0,00 $;100,00%;394,48 $;394,48 $;0,00 $;394,48 $;0,00 $;240,00;75,00 $;925,00 $;530,52 $;0,08%;
26/06/2023;1;89956,36 $;894,48 $;894,48 $;0,00 $;5,52 $;-14749,36 $;0,00 $;100,00%;894,48 $;894,48 $;0,00 $;894,48 $;0,00 $;240,00;325,00 $;1700,00 $;805,52 $;0,08%;
27/06/2023;2;92520,32 $;2563,96 $;2563,96 $;0,00 $;11,04 $;-12679,88 $;0,00 $;100,00%;1281,98 $;1281,98 $;0,00 $;2069,48 $;0,00 $;240,00;362,50 $;1675,00 $;393,02 $;0,15%;
28/06/2023;1;92464,80 $;-55,52 $;0,00 $;-55,52 $;5,52 $;-12240,92 $;-55,52 $;0,00%;-55,52 $;0,00 $;-55,52 $;0,00 $;-55,52 $;240,00;725,00 $;800,00 $;855,52 $;0,08%;
29/06/2023;2;93078,76 $;613,96 $;613,96 $;0,00 $;11,04 $;-11871,44 $;0,00 $;100,00%;306,98 $;306,98 $;0,00 $;369,48 $;0,00 $;240,00;637,50 $;725,00 $;418,02 $;0,15%;
30/06/2023;1;93598,24 $;519,48 $;519,48 $;0,00 $;5,52 $;-11107,48 $;0,00 $;100,00%;519,48 $;519,48 $;0,00 $;519,48 $;0,00 $;240,00;675,00 $;675,00 $;155,52 $;0,08%;
03/07/2023;1;94067,72 $;469,48 $;469,48 $;0,00 $;5,52 $;-10638,00 $;0,00 $;100,00%;469,48 $;469,48 $;0,00 $;469,48 $;0,00 $;240,00;375,00 $;600,00 $;130,52 $;0,08%;
04/07/2023;1;93512,20 $;-555,52 $;0,00 $;-555,52 $;5,52 $;-11193,52 $;-555,52 $;0,00%;-555,52 $;0,00 $;-555,52 $;0,00 $;-555,52 $;240,00;1175,00 $;50,00 $;605,52 $;0,08%;
07/07/2023;1;93356,68 $;-155,52 $;0,00 $;-155,52 $;5,52 $;-11349,04 $;-155,52 $;0,00%;-155,52 $;0,00 $;-155,52 $;0,00 $;-155,52 $;240,00;950,00 $;1500,00 $;1655,52 $;0,08%;
10/07/2023;1;93676,16 $;319,48 $;319,48 $;0,00 $;5,52 $;-11029,56 $;0,00 $;100,00%;319,48 $;319,48 $;0,00 $;319,48 $;0,00 $;240,00;725,00 $;400,00 $;80,52 $;0,08%;
11/07/2023;2;97865,12 $;4188,96 $;4188,96 $;0,00 $;11,04 $;-7685,08 $;0,00 $;100,00%;2094,48 $;2094,48 $;0,00 $;3344,48 $;0,00 $;240,00;137,50 $;2212,50 $;118,02 $;0,15%;
12/07/2023;1;99659,60 $;1794,48 $;1794,48 $;0,00 $;5,52 $;-5046,12 $;0,00 $;100,00%;1794,48 $;1794,48 $;0,00 $;1794,48 $;0,00 $;240,00;350,00 $;1925,00 $;130,52 $;0,08%;
13/07/2023;1;100029,08 $;369,48 $;369,48 $;0,00 $;5,52 $;-4676,64 $;0,00 $;100,00%;369,48 $;369,48 $;0,00 $;369,48 $;0,00 $;60,00;25,00 $;700,00 $;330,52 $;0,08%;
14/07/2023;2;100143,04 $;113,96 $;719,48 $;-605,52 $;11,04 $;-4562,68 $;-605,52 $;50,00%;56,98 $;719,48 $;-605,52 $;719,48 $;-605,52 $;600,00;950,00 $;375,00 $;318,02 $;0,15%;
18/07/2023;1;101662,52 $;1519,48 $;1519,48 $;0,00 $;5,52 $;-3043,20 $;0,00 $;100,00%;1519,48 $;1519,48 $;0,00 $;1519,48 $;0,00 $;240,00;350,00 $;2100,00 $;580,52 $;0,08%;
24/07/2023;1;101832,00 $;169,48 $;169,48 $;0,00 $;5,52 $;-2873,72 $;0,00 $;100,00%;169,48 $;169,48 $;0,00 $;169,48 $;0,00 $;240,00;975,00 $;375,00 $;205,52 $;0,08%;
25/07/2023;1;101751,48 $;-80,52 $;0,00 $;-80,52 $;5,52 $;-2954,24 $;-80,52 $;0,00%;-80,52 $;0,00 $;-80,52 $;0,00 $;-80,52 $;120,00;225,00 $;350,00 $;430,52 $;0,08%;
28/07/2023;1;103345,96 $;1594,48 $;1594,48 $;0,00 $;5,52 $;-1359,76 $;0,00 $;100,00%;1594,48 $;1594,48 $;0,00 $;1594,48 $;0,00 $;240,00;325,00 $;1900,00 $;305,52 $;0,08%;
31/07/2023;2;103434,92 $;88,96 $;269,48 $;-180,52 $;11,04 $;-1270,80 $;-180,52 $;50,00%;44,48 $;269,48 $;-180,52 $;269,48 $;-180,52 $;600,00;737,50 $;587,50 $;543,02 $;0,15%;
02/08/2023;1;103154,40 $;-280,52 $;0,00 $;-280,52 $;5,52 $;-1551,32 $;-280,52 $;0,00%;-280,52 $;0,00 $;-280,52 $;0,00 $;-280,52 $;60,00;850,00 $;300,00 $;580,52 $;0,08%;
03/08/2023;2;102818,36 $;-336,04 $;619,48 $;-955,52 $;11,04 $;-1887,36 $;-955,52 $;50,00%;-168,02 $;619,48 $;-955,52 $;619,48 $;-955,52 $;420,00;1137,50 $;500,00 $;668,02 $;0,15%;
07/08/2023;1;104812,84 $;1994,48 $;1994,48 $;0,00 $;5,52 $;0,00 $;0,00 $;100,00%;1994,48 $;1994,48 $;0,00 $;1994,48 $;0,00 $;240,00;500,00 $;2050,00 $;55,52 $;0,08%;
08/08/2023;1;106432,32 $;1619,48 $;1619,48 $;0,00 $;5,52 $;0,00 $;0,00 $;100,00%;1619,48 $;1619,48 $;0,00 $;1619,48 $;0,00 $;180,00;50,00 $;1775,00 $;155,52 $;0,08%;
09/08/2023;1;106801,80 $;369,48 $;369,48 $;0,00 $;5,52 $;0,00 $;0,00 $;100,00%;369,48 $;369,48 $;0,00 $;369,48 $;0,00 $;240,00;1525,00 $;650,00 $;280,52 $;0,08%;
11/08/2023;1;105796,28 $;-1005,52 $;0,00 $;-1005,52 $;5,52 $;-1005,52 $;-1005,52 $;0,00%;-1005,52 $;0,00 $;-1005,52 $;0,00 $;-1005,52 $;240,00;2325,00 $;250,00 $;1255,52 $;0,08%;
14/08/2023;1;106240,76 $;444,48 $;444,48 $;0,00 $;5,52 $;-561,04 $;0,00 $;100,00%;444,48 $;444,48 $;0,00 $;444,48 $;0,00 $;120,00;500,00 $;475,00 $;30,52 $;0,08%;
16/08/2023;1;105160,24 $;-1080,52 $;0,00 $;-1080,52 $;5,52 $;-1641,56 $;-1080,52 $;0,00%;-1080,52 $;0,00 $;-1080,52 $;0,00 $;-1080,52 $;240,00;1550,00 $;150,00 $;1230,52 $;0,08%;
17/08/2023;1;103429,72 $;-1730,52 $;0,00 $;-1730,52 $;5,52 $;-3372,08 $;-1730,52 $;0,00%;-1730,52 $;0,00 $;-1730,52 $;0,00 $;-1730,52 $;240,00;2650,00 $;100,00 $;1830,52 $;0,08%;
21/08/2023;2;102043,68 $;-1386,04 $;494,48 $;-1880,52 $;11,04 $;-5252,60 $;-1880,52 $;50,00%;-693,02 $;494,48 $;-1880,52 $;494,48 $;-1880,52 $;480,00;1300,00 $;850,00 $;1543,02 $;0,15%;
22/08/2023;2;100382,64 $;-1661,04 $;0,00 $;-1661,04 $;11,04 $;-6419,16 $;-1661,04 $;0,00%;-830,52 $;0,00 $;-830,52 $;0,00 $;-1605,52 $;480,00;1212,50 $;587,50 $;1418,02 $;0,15%;
25/08/2023;1;100652,12 $;269,48 $;269,48 $;0,00 $;5,52 $;-6149,68 $;0,00 $;100,00%;269,48 $;269,48 $;0,00 $;269,48 $;0,00 $;240,00;25,00 $;1950,00 $;1680,52 $;0,08%;
28/08/2023;2;102191,08 $;1538,96 $;1694,48 $;-155,52 $;11,04 $;-4610,72 $;-155,52 $;50,00%;769,48 $;1694,48 $;-155,52 $;1694,48 $;-155,52 $;420,00;462,50 $;1062,50 $;293,02 $;0,15%;
29/08/2023;1;102760,56 $;569,48 $;569,48 $;0,00 $;5,52 $;-4041,24 $;0,00 $;100,00%;569,48 $;569,48 $;0,00 $;569,48 $;0,00 $;120,00;275,00 $;600,00 $;30,52 $;0,08%;
04/09/2023;1;101505,04 $;-1255,52 $;0,00 $;-1255,52 $;5,52 $;-5296,76 $;-1255,52 $;0,00%;-1255,52 $;0,00 $;-1255,52 $;0,00 $;-1255,52 $;240,00;2000,00 $;150,00 $;1405,52 $;0,08%;
05/09/2023;1;101274,52 $;-230,52 $;0,00 $;-230,52 $;5,52 $;-5527,28 $;-230,52 $;0,00%;-230,52 $;0,00 $;-230,52 $;0,00 $;-230,52 $;120,00;300,00 $;275,00 $;505,52 $;0,08%;
06/09/2023;1;101919,00 $;644,48 $;644,48 $;0,00 $;5,52 $;-4882,80 $;0,00 $;100,00%;644,48 $;644,48 $;0,00 $;644,48 $;0,00 $;120,00;200,00 $;900,00 $;255,52 $;0,08%;
11/09/2023;1;102588,48 $;669,48 $;669,48 $;0,00 $;5,52 $;-4213,32 $;0,00 $;100,00%;669,48 $;669,48 $;0,00 $;669,48 $;0,00 $;180,00;100,00 $;775,00 $;105,52 $;0,08%;
12/09/2023;1;101957,96 $;-630,52 $;0,00 $;-630,52 $;5,52 $;-4843,84 $;-630,52 $;0,00%;-630,52 $;0,00 $;-630,52 $;0,00 $;-630,52 $;120,00;775,00 $;625,00 $;1255,52 $;0,08%;
15/09/2023;1;101327,44 $;-630,52 $;0,00 $;-630,52 $;5,52 $;-5474,36 $;-630,52 $;0,00%;-630,52 $;0,00 $;-630,52 $;0,00 $;-630,52 $;120,00;1000,00 $;25,00 $;655,52 $;0,08%;
18/09/2023;2;100041,40 $;-1286,04 $;0,00 $;-1286,04 $;11,04 $;-6760,40 $;-1286,04 $;0,00%;-643,02 $;0,00 $;-643,02 $;0,00 $;-1080,52 $;600,00;1150,00 $;250,00 $;893,02 $;0,15%;
19/09/2023;1;98810,88 $;-1230,52 $;0,00 $;-1230,52 $;5,52 $;-7990,92 $;-1230,52 $;0,00%;-1230,52 $;0,00 $;-1230,52 $;0,00 $;-1230,52 $;240,00;1475,00 $;750,00 $;1980,52 $;0,08%;
20/09/2023;2;97149,84 $;-1661,04 $;444,48 $;-2105,52 $;11,04 $;-9651,96 $;-2105,52 $;50,00%;-830,52 $;444,48 $;-2105,52 $;444,48 $;-2105,52 $;480,00;1287,50 $;862,50 $;1693,02 $;0,15%;
21/09/2023;1;95194,32 $;-1955,52 $;0,00 $;-1955,52 $;5,52 $;-11607,48 $;-1955,52 $;0,00%;-1955,52 $;0,00 $;-1955,52 $;0,00 $;-1955,52 $;180,00;2000,00 $;350,00 $;2305,52 $;0,08%;
26/09/2023;1;94463,80 $;-730,52 $;0,00 $;-730,52 $;5,52 $;-12338,00 $;-730,52 $;0,00%;-730,52 $;0,00 $;-730,52 $;0,00 $;-730,52 $;240,00;1525,00 $;950,00 $;1680,52 $;0,08%;
27/09/2023;2;91852,76 $;-2611,04 $;0,00 $;-2611,04 $;11,04 $;-14949,04 $;-2611,04 $;0,00%;-1305,52 $;0,00 $;-1305,52 $;0,00 $;-2280,52 $;540,00;2237,50 $;187,50 $;1493,02 $;0,15%;
29/09/2023;1;87747,24 $;-4105,52 $;0,00 $;-4105,52 $;5,52 $;-19054,56 $;-4105,52 $;0,00%;-4105,52 $;0,00 $;-4105,52 $;0,00 $;-4105,52 $;240,00;4125,00 $;275,00 $;4380,52 $;0,08%;
03/10/2023;1;87691,72 $;-55,52 $;0,00 $;-55,52 $;5,52 $;-19110,08 $;-55,52 $;0,00%;-55,52 $;0,00 $;-55,52 $;0,00 $;-55,52 $;180,00;600,00 $;925,00 $;980,52 $;0,08%;
04/10/2023;1;87536,20 $;-155,52 $;0,00 $;-155,52 $;5,52 $;-19265,60 $;-155,52 $;0,00%;-155,52 $;0,00 $;-155,52 $;0,00 $;-155,52 $;240,00;1375,00 $;1075,00 $;1230,52 $;0,08%;
05/10/2023;1;85955,68 $;-1580,52 $;0,00 $;-1580,52 $;5,52 $;-20846,12 $;-1580,52 $;0,00%;-1580,52 $;0,00 $;-1580,52 $;0,00 $;-1580,52 $;240,00;2325,00 $;400,00 $;1980,52 $;0,08%;
06/10/2023;1;84150,16 $;-1805,52 $;0,00 $;-1805,52 $;5,52 $;-22651,64 $;-1805,52 $;0,00%;-1805,52 $;0,00 $;-1805,52 $;0,00 $;-1805,52 $;240,00;2350,00 $;2150,00 $;3955,52 $;0,08%;
09/10/2023;2;84989,12 $;838,96 $;894,48 $;-55,52 $;11,04 $;-21812,68 $;-55,52 $;50,00%;419,48 $;894,48 $;-55,52 $;894,48 $;-55,52 $;360,00;162,50 $;987,50 $;568,02 $;0,15%;
10/10/2023;2;84603,08 $;-386,04 $;344,48 $;-730,52 $;11,04 $;-22198,72 $;-730,52 $;50,00%;-193,02 $;344,48 $;-730,52 $;344,48 $;-730,52 $;540,00;1062,50 $;612,50 $;805,52 $;0,15%;
11/10/2023;2;85092,04 $;488,96 $;1569,48 $;-1080,52 $;11,04 $;-21709,76 $;-1080,52 $;50,00%;244,48 $;1569,48 $;-1080,52 $;1569,48 $;-1080,52 $;540,00;800,00 $;1025,00 $;780,52 $;0,15%;
16/10/2023;2;86006,00 $;913,96 $;913,96 $;0,00 $;11,04 $;-20815,28 $;0,00 $;100,00%;456,98 $;456,98 $;0,00 $;894,48 $;0,00 $;240,00;262,50 $;1050,00 $;593,02 $;0,15%;
19/10/2023;1;85325,48 $;-680,52 $;0,00 $;-680,52 $;5,52 $;-21476,32 $;-680,52 $;0,00%;-680,52 $;0,00 $;-680,52 $;0,00 $;-680,52 $;240,00;2225,00 $;425,00 $;1105,52 $;0,08%;
23/10/2023;1;84169,96 $;-1155,52 $;0,00 $;-1155,52 $;5,52 $;-22631,84 $;-1155,52 $;0,00%;-1155,52 $;0,00 $;-1155,52 $;0,00 $;-1155,52 $;180,00;1350,00 $;775,00 $;1930,52 $;0,08%;
27/10/2023;2;81283,92 $;-2886,04 $;0,00 $;-2886,04 $;11,04 $;-25517,88 $;-2886,04 $;0,00%;-1443,02 $;0,00 $;-1443,02 $;0,00 $;-2105,52 $;480,00;2100,00 $;537,50 $;1980,52 $;0,15%;
30/10/2023;1;81253,40 $;-30,52 $;0,00 $;-30,52 $;5,52 $;-25548,40 $;-30,52 $;0,00%;-30,52 $;0,00 $;-30,52 $;0,00 $;-30,52 $;240,00;1875,00 $;100,00 $;130,52 $;0,08%;
31/10/2023;1;80772,88 $;-480,52 $;0,00 $;-480,52 $;5,52 $;-26028,92 $;-480,52 $;0,00%;-480,52 $;0,00 $;-480,52 $;0,00 $;-480,52 $;240,00;1025,00 $;725,00 $;1205,52 $;0,08%;
01/11/2023;1;80917,36 $;144,48 $;144,48 $;0,00 $;5,52 $;-25884,44 $;0,00 $;100,00%;144,48 $;144,48 $;0,00 $;144,48 $;0,00 $;0,00;175,00 $;250,00 $;105,52 $;0,08%;
02/11/2023;1;81361,84 $;444,48 $;444,48 $;0,00 $;5,52 $;-25439,96 $;0,00 $;100,00%;444,48 $;444,48 $;0,00 $;444,48 $;0,00 $;240,00;1275,00 $;900,00 $;455,52 $;0,08%;
03/11/2023;1;82406,32 $;1044,48 $;1044,48 $;0,00 $;5,52 $;-24395,48 $;0,00 $;100,00%;1044,48 $;1044,48 $;0,00 $;1044,48 $;0,00 $;240,00;575,00 $;2425,00 $;1380,52 $;0,08%;
06/11/2023;2;82645,28 $;238,96 $;238,96 $;0,00 $;11,04 $;-24276,00 $;0,00 $;100,00%;119,48 $;119,48 $;0,00 $;119,48 $;0,00 $;240,00;675,00 $;287,50 $;168,02 $;0,15%;
07/11/2023;1;82764,76 $;119,48 $;119,48 $;0,00 $;5,52 $;-24037,04 $;0,00 $;100,00%;119,48 $;119,48 $;0,00 $;119,48 $;0,00 $;0,00;125,00 $;350,00 $;230,52 $;0,08%;
09/11/2023;1;82059,24 $;-705,52 $;0,00 $;-705,52 $;5,52 $;-24742,56 $;-705,52 $;0,00%;-705,52 $;0,00 $;-705,52 $;0,00 $;-705,52 $;240,00;1200,00 $;800,00 $;1505,52 $;0,08%;
10/11/2023;1;81528,72 $;-530,52 $;0,00 $;-530,52 $;5,52 $;-25273,08 $;-530,52 $;0,00%;-530,52 $;0,00 $;-530,52 $;0,00 $;-530,52 $;240,00;1575,00 $;1025,00 $;1555,52 $;0,08%;
13/11/2023;1;83148,20 $;1619,48 $;1619,48 $;0,00 $;5,52 $;-23653,60 $;0,00 $;100,00%;1619,48 $;1619,48 $;0,00 $;1619,48 $;0,00 $;240,00;275,00 $;1950,00 $;330,52 $;0,08%;
15/11/2023;1;83367,68 $;219,48 $;219,48 $;0,00 $;5,52 $;-23434,12 $;0,00 $;100,00%;219,48 $;219,48 $;0,00 $;219,48 $;0,00 $;180,00;325,00 $;550,00 $;330,52 $;0,08%;
17/11/2023;1;83787,16 $;419,48 $;419,48 $;0,00 $;5,52 $;-23014,64 $;0,00 $;100,00%;419,48 $;419,48 $;0,00 $;419,48 $;0,00 $;240,00;400,00 $;575,00 $;155,52 $;0,08%;
20/11/2023;1;84631,64 $;844,48 $;844,48 $;0,00 $;5,52 $;-22170,16 $;0,00 $;100,00%;844,48 $;844,48 $;0,00 $;844,48 $;0,00 $;240,00;150,00 $;925,00 $;80,52 $;0,08%;
21/11/2023;2;84270,60 $;-361,04 $;94,48 $;-455,52 $;11,04 $;-22625,68 $;-455,52 $;50,00%;-180,52 $;94,48 $;-455,52 $;94,48 $;-455,52 $;480,00;737,50 $;225,00 $;405,52 $;0,15%;
22/11/2023;1;84290,08 $;19,48 $;19,48 $;0,00 $;5,52 $;-22511,72 $;0,00 $;100,00%;19,48 $;19,48 $;0,00 $;19,48 $;0,00 $;60,00;500,00 $;150,00 $;130,52 $;0,08%;
23/11/2023;1;84109,56 $;-180,52 $;0,00 $;-180,52 $;5,52 $;-22692,24 $;-180,52 $;0,00%;-180,52 $;0,00 $;-180,52 $;0,00 $;-180,52 $;240,00;300,00 $;225,00 $;405,52 $;0,08%;
24/11/2023;1;83804,04 $;-305,52 $;0,00 $;-305,52 $;5,52 $;-22997,76 $;-305,52 $;0,00%;-305,52 $;0,00 $;-305,52 $;0,00 $;-305,52 $;180,00;325,00 $;200,00 $;505,52 $;0,08%;
01/12/2023;1;83648,52 $;-155,52 $;0,00 $;-155,52 $;5,52 $;-23153,28 $;-155,52 $;0,00%;-155,52 $;0,00 $;-155,52 $;0,00 $;-155,52 $;0,00;250,00 $;100,00 $;255,52 $;0,08%;
04/12/2023;1;84393,00 $;744,48 $;744,48 $;0,00 $;5,52 $;-22408,80 $;0,00 $;100,00%;744,48 $;744,48 $;0,00 $;744,48 $;0,00 $;240,00;275,00 $;1000,00 $;255,52 $;0,08%;
05/12/2023;1;85712,48 $;1319,48 $;1319,48 $;0,00 $;5,52 $;-21089,32 $;0,00 $;100,00%;1319,48 $;1319,48 $;0,00 $;1319,48 $;0,00 $;240,00;0,00 $;1750,00 $;430,52 $;0,08%;
06/12/2023;1;84981,96 $;-730,52 $;0,00 $;-730,52 $;5,52 $;-21819,84 $;-730,52 $;0,00%;-730,52 $;0,00 $;-730,52 $;0,00 $;-730,52 $;0,00;850,00 $;0,00 $;730,52 $;0,08%;
07/12/2023;2;85170,92 $;188,96 $;188,96 $;0,00 $;11,04 $;-21675,36 $;0,00 $;100,00%;94,48 $;94,48 $;0,00 $;144,48 $;0,00 $;240,00;475,00 $;387,50 $;293,02 $;0,15%;
11/12/2023;2;86334,88 $;1163,96 $;1163,96 $;0,00 $;11,04 $;-20536,40 $;0,00 $;100,00%;581,98 $;581,98 $;0,00 $;1094,48 $;0,00 $;240,00;125,00 $;737,50 $;155,52 $;0,15%;
13/12/2023;1;85254,36 $;-1080,52 $;0,00 $;-1080,52 $;5,52 $;-21547,44 $;-1080,52 $;0,00%;-1080,52 $;0,00 $;-1080,52 $;0,00 $;-1080,52 $;240,00;1450,00 $;100,00 $;1180,52 $;0,08%;
15/12/2023;1;84123,84 $;-1130,52 $;0,00 $;-1130,52 $;5,52 $;-22677,96 $;-1130,52 $;0,00%;-1130,52 $;0,00 $;-1130,52 $;0,00 $;-1130,52 $;240,00;1250,00 $;575,00 $;1705,52 $;0,08%;
18/12/2023;1;83293,32 $;-830,52 $;0,00 $;-830,52 $;5,52 $;-23508,48 $;-830,52 $;0,00%;-830,52 $;0,00 $;-830,52 $;0,00 $;-830,52 $;240,00;1625,00 $;250,00 $;1080,52 $;0,08%;
19/12/2023;2;84757,28 $;1463,96 $;1463,96 $;0,00 $;11,04 $;-22764,00 $;0,00 $;100,00%;731,98 $;731,98 $;0,00 $;744,48 $;0,00 $;240,00;437,50 $;1025,00 $;293,02 $;0,15%;
21/12/2023;1;85251,76 $;494,48 $;494,48 $;0,00 $;5,52 $;-21550,04 $;0,00 $;100,00%;494,48 $;494,48 $;0,00 $;494,48 $;0,00 $;240,00;350,00 $;1175,00 $;680,52 $;0,08%;
22/12/2023;1;86121,24 $;869,48 $;869,48 $;0,00 $;5,52 $;-20680,56 $;0,00 $;100,00%;869,48 $;869,48 $;0,00 $;869,48 $;0,00 $;240,00;125,00 $;1425,00 $;555,52 $;0,08%;
27/12/2023;1;86815,72 $;694,48 $;694,48 $;0,00 $;5,52 $;-19986,08 $;0,00 $;100,00%;694,48 $;694,48 $;0,00 $;694,48 $;0,00 $;240,00;275,00 $;1350,00 $;655,52 $;0,08%;
28/12/2023;1;87035,20 $;219,48 $;219,48 $;0,00 $;5,52 $;-19766,60 $;0,00 $;100,00%;219,48 $;219,48 $;0,00 $;219,48 $;0,00 $;240,00;625,00 $;525,00 $;305,52 $;0,08%;
29/12/2023;1;87754,68 $;719,48 $;719,48 $;0,00 $;5,52 $;-19047,12 $;0,00 $;100,00%;719,48 $;719,48 $;0,00 $;719,48 $;0,00 $;240,00;50,00 $;1225,00 $;505,52 $;0,08%;
04/01/2024;1;86999,16 $;-755,52 $;0,00 $;-755,52 $;5,52 $;-19802,64 $;-755,52 $;0,00%;-755,52 $;0,00 $;-755,52 $;0,00 $;-755,52 $;180,00;750,00 $;375,00 $;1130,52 $;0,08%;
08/01/2024;1;89543,64 $;2544,48 $;2544,48 $;0,00 $;5,52 $;-17258,16 $;0,00 $;100,00%;2544,48 $;2544,48 $;0,00 $;2544,48 $;0,00 $;240,00;0,00 $;2575,00 $;30,52 $;0,08%;
09/01/2024;1;90613,12 $;1069,48 $;1069,48 $;0,00 $;5,52 $;-16188,68 $;0,00 $;100,00%;1069,48 $;1069,48 $;0,00 $;1069,48 $;0,00 $;240,00;525,00 $;1275,00 $;205,52 $;0,08%;
10/01/2024;1;91257,60 $;644,48 $;644,48 $;0,00 $;5,52 $;-15544,20 $;0,00 $;100,00%;644,48 $;644,48 $;0,00 $;644,48 $;0,00 $;180,00;150,00 $;1150,00 $;505,52 $;0,08%;
18/01/2024;2;93346,56 $;2088,96 $;2088,96 $;0,00 $;11,04 $;-14324,72 $;0,00 $;100,00%;1044,48 $;1044,48 $;0,00 $;1219,48 $;0,00 $;240,00;337,50 $;1287,50 $;243,02 $;0,15%;
22/01/2024;2;94135,52 $;788,96 $;969,48 $;-180,52 $;11,04 $;-12666,28 $;-180,52 $;50,00%;394,48 $;969,48 $;-180,52 $;969,48 $;-180,52 $;540,00;525,00 $;675,00 $;280,52 $;0,15%;
26/01/2024;1;94305,00 $;169,48 $;169,48 $;0,00 $;5,52 $;-12496,80 $;0,00 $;100,00%;169,48 $;169,48 $;0,00 $;169,48 $;0,00 $;240,00;350,00 $;850,00 $;680,52 $;0,08%;
01/02/2024;1;95199,48 $;894,48 $;894,48 $;0,00 $;5,52 $;-11602,32 $;0,00 $;100,00%;894,48 $;894,48 $;0,00 $;894,48 $;0,00 $;240,00;1325,00 $;1250,00 $;355,52 $;0,08%;
05/02/2024;1;94993,96 $;-205,52 $;0,00 $;-205,52 $;5,52 $;-11807,84 $;-205,52 $;0,00%;-205,52 $;0,00 $;-205,52 $;0,00 $;-205,52 $;60,00;300,00 $;475,00 $;680,52 $;0,08%;
08/02/2024;1;94788,44 $;-205,52 $;0,00 $;-205,52 $;5,52 $;-12013,36 $;-205,52 $;0,00%;-205,52 $;0,00 $;-205,52 $;0,00 $;-205,52 $;240,00;550,00 $;75,00 $;280,52 $;0,08%;
12/02/2024;1;95857,92 $;1069,48 $;1069,48 $;0,00 $;5,52 $;-10943,88 $;0,00 $;100,00%;1069,48 $;1069,48 $;0,00 $;1069,48 $;0,00 $;240,00;650,00 $;1250,00 $;180,52 $;0,08%;
14/02/2024;1;96452,40 $;594,48 $;594,48 $;0,00 $;5,52 $;-10349,40 $;0,00 $;100,00%;594,48 $;594,48 $;0,00 $;594,48 $;0,00 $;240,00;650,00 $;925,00 $;330,52 $;0,08%;
15/02/2024;1;97771,88 $;1319,48 $;1319,48 $;0,00 $;5,52 $;-9029,92 $;0,00 $;100,00%;1319,48 $;1319,48 $;0,00 $;1319,48 $;0,00 $;240,00;525,00 $;1525,00 $;205,52 $;0,08%;
16/02/2024;1;97191,36 $;-580,52 $;0,00 $;-580,52 $;5,52 $;-9610,44 $;-580,52 $;0,00%;-580,52 $;0,00 $;-580,52 $;0,00 $;-580,52 $;240,00;2125,00 $;200,00 $;780,52 $;0,08%;
19/02/2024;1;97535,84 $;344,48 $;344,48 $;0,00 $;5,52 $;-9265,96 $;0,00 $;100,00%;344,48 $;344,48 $;0,00 $;344,48 $;0,00 $;240,00;300,00 $;375,00 $;30,52 $;0,08%;
21/02/2024;1;98255,32 $;719,48 $;719,48 $;0,00 $;5,52 $;-8546,48 $;0,00 $;100,00%;719,48 $;719,48 $;0,00 $;719,48 $;0,00 $;120,00;950,00 $;825,00 $;105,52 $;0,08%;
23/02/2024;2;99194,28 $;938,96 $;1169,48 $;-230,52 $;11,04 $;-7607,52 $;-230,52 $;50,00%;469,48 $;1169,48 $;-230,52 $;1169,48 $;-230,52 $;420,00;312,50 $;887,50 $;418,02 $;0,15%;
26/02/2024;2;99983,24 $;788,96 $;894,48 $;-105,52 $;11,04 $;-6818,56 $;-105,52 $;50,00%;394,48 $;894,48 $;-105,52 $;894,48 $;-105,52 $;540,00;375,00 $;700,00 $;305,52 $;0,15%;
28/02/2024;1;100902,72 $;919,48 $;919,48 $;0,00 $;5,52 $;-5899,08 $;0,00 $;100,00%;919,48 $;919,48 $;0,00 $;919,48 $;0,00 $;240,00;50,00 $;1150,00 $;230,52 $;0,08%;
04/03/2024;1;101197,20 $;294,48 $;294,48 $;0,00 $;5,52 $;-5604,60 $;0,00 $;100,00%;294,48 $;294,48 $;0,00 $;294,48 $;0,00 $;240,00;325,00 $;725,00 $;430,52 $;0,08%;
06/03/2024;1;100966,68 $;-230,52 $;0,00 $;-230,52 $;5,52 $;-5835,12 $;-230,52 $;0,00%;-230,52 $;0,00 $;-230,52 $;0,00 $;-230,52 $;240,00;700,00 $;475,00 $;705,52 $;0,08%;
07/03/2024;2;104805,64 $;3838,96 $;3838,96 $;0,00 $;11,04 $;-2215,64 $;0,00 $;100,00%;1919,48 $;1919,48 $;0,00 $;3619,48 $;0,00 $;240,00;387,50 $;2200,00 $;280,52 $;0,15%;
08/03/2024;1;103650,12 $;-1155,52 $;0,00 $;-1155,52 $;5,52 $;-3151,68 $;-1155,52 $;0,00%;-1155,52 $;0,00 $;-1155,52 $;0,00 $;-1155,52 $;180,00;1575,00 $;375,00 $;1530,52 $;0,08%;
11/03/2024;1;104744,60 $;1094,48 $;1094,48 $;0,00 $;5,52 $;-2057,20 $;0,00 $;100,00%;1094,48 $;1094,48 $;0,00 $;1094,48 $;0,00 $;240,00;875,00 $;1250,00 $;155,52 $;0,08%;
12/03/2024;1;106014,08 $;1269,48 $;1269,48 $;0,00 $;5,52 $;-787,72 $;0,00 $;100,00%;1269,48 $;1269,48 $;0,00 $;1269,48 $;0,00 $;240,00;975,00 $;1625,00 $;355,52 $;0,08%;
13/03/2024;1;106683,56 $;669,48 $;669,48 $;0,00 $;5,52 $;-118,24 $;0,00 $;100,00%;669,48 $;669,48 $;0,00 $;669,48 $;0,00 $;240,00;75,00 $;1000,00 $;330,52 $;0,08%;
19/03/2024;1;106603,04 $;-80,52 $;0,00 $;-80,52 $;5,52 $;-198,76 $;-80,52 $;0,00%;-80,52 $;0,00 $;-80,52 $;0,00 $;-80,52 $;240,00;1075,00 $;825,00 $;905,52 $;0,08%;
20/03/2024;1;106697,52 $;94,48 $;94,48 $;0,00 $;5,52 $;-104,28 $;0,00 $;100,00%;94,48 $;94,48 $;0,00 $;94,48 $;0,00 $;240,00;1025,00 $;350,00 $;255,52 $;0,08%;
22/03/2024;1;107017,00 $;319,48 $;319,48 $;0,00 $;5,52 $;0,00 $;0,00 $;100,00%;319,48 $;319,48 $;0,00 $;319,48 $;0,00 $;240,00;850,00 $;975,00 $;655,52 $;0,08%;
25/03/2024;1;106686,48 $;-330,52 $;0,00 $;-330,52 $;5,52 $;-330,52 $;-330,52 $;0,00%;-330,52 $;0,00 $;-330,52 $;0,00 $;-330,52 $;240,00;1000,00 $;225,00 $;555,52 $;0,08%;
28/03/2024;2;106450,44 $;-236,04 $;0,00 $;-236,04 $;11,04 $;-566,56 $;-236,04 $;0,00%;-118,02 $;0,00 $;-118,02 $;0,00 $;-205,52 $;480,00;550,00 $;425,00 $;543,02 $;0,15%;
03/04/2024;2;107239,40 $;788,96 $;844,48 $;-55,52 $;11,04 $;-55,52 $;-55,52 $;50,00%;394,48 $;844,48 $;-55,52 $;844,48 $;-55,52 $;420,00;675,00 $;937,50 $;543,02 $;0,15%;
04/04/2024;1;102133,88 $;-5105,52 $;0,00 $;-5105,52 $;5,52 $;-5161,04 $;-5105,52 $;0,00%;-5105,52 $;0,00 $;-5105,52 $;0,00 $;-5105,52 $;240,00;5425,00 $;125,00 $;5230,52 $;0,08%;
05/04/2024;1;101503,36 $;-630,52 $;0,00 $;-630,52 $;5,52 $;-5791,56 $;-630,52 $;0,00%;-630,52 $;0,00 $;-630,52 $;0,00 $;-630,52 $;120,00;1625,00 $;75,00 $;705,52 $;0,08%;
08/04/2024;2;101317,32 $;-186,04 $;294,48 $;-480,52 $;11,04 $;-5977,60 $;-480,52 $;50,00%;-93,02 $;294,48 $;-480,52 $;294,48 $;-480,52 $;300,00;812,50 $;187,50 $;280,52 $;0,15%;
10/04/2024;1;102186,80 $;869,48 $;869,48 $;0,00 $;5,52 $;-5108,12 $;0,00 $;100,00%;869,48 $;869,48 $;0,00 $;869,48 $;0,00 $;0,00;125,00 $;1100,00 $;230,52 $;0,08%;
16/04/2024;1;100806,28 $;-1380,52 $;0,00 $;-1380,52 $;5,52 $;-6488,64 $;-1380,52 $;0,00%;-1380,52 $;0,00 $;-1380,52 $;0,00 $;-1380,52 $;240,00;3325,00 $;75,00 $;1455,52 $;0,08%;
17/04/2024;2;99020,24 $;-1786,04 $;0,00 $;-1786,04 $;11,04 $;-8274,68 $;-1786,04 $;0,00%;-893,02 $;0,00 $;-893,02 $;0,00 $;-980,52 $;540,00;1325,00 $;637,50 $;1530,52 $;0,15%;
19/04/2024;1;98789,72 $;-230,52 $;0,00 $;-230,52 $;5,52 $;-8505,20 $;-230,52 $;0,00%;-230,52 $;0,00 $;-230,52 $;0,00 $;-230,52 $;240,00;1350,00 $;525,00 $;755,52 $;0,08%;
22/04/2024;2;100453,68 $;1663,96 $;2369,48 $;-705,52 $;11,04 $;-6841,24 $;-705,52 $;50,00%;831,98 $;2369,48 $;-705,52 $;2369,48 $;-705,52 $;300,00;887,50 $;1325,00 $;493,02 $;0,15%;
23/04/2024;1;101573,16 $;1119,48 $;1119,48 $;0,00 $;5,52 $;-5721,76 $;0,00 $;100,00%;1119,48 $;1119,48 $;0,00 $;1119,48 $;0,00 $;240,00;500,00 $;1325,00 $;205,52 $;0,08%;
24/04/2024;1;101567,64 $;-5,52 $;0,00 $;-5,52 $;5,52 $;-5727,28 $;-5,52 $;0,00%;-5,52 $;0,00 $;-5,52 $;0,00 $;-5,52 $;240,00;1600,00 $;550,00 $;555,52 $;0,08%;
26/04/2024;1;102087,12 $;519,48 $;519,48 $;0,00 $;5,52 $;-5207,80 $;0,00 $;100,00%;519,48 $;519,48 $;0,00 $;519,48 $;0,00 $;240,00;425,00 $;1500,00 $;980,52 $;0,08%;
29/04/2024;2;100926,08 $;-1161,04 $;0,00 $;-1161,04 $;11,04 $;-6368,84 $;-1161,04 $;0,00%;-580,52 $;0,00 $;-580,52 $;0,00 $;-1130,52 $;600,00;1250,00 $;187,50 $;768,02 $;0,15%;
02/05/2024;1;101495,56 $;569,48 $;569,48 $;0,00 $;5,52 $;-5799,36 $;0,00 $;100,00%;569,48 $;569,48 $;0,00 $;569,48 $;0,00 $;120,00;75,00 $;1050,00 $;480,52 $;0,08%;
06/05/2024;1;101490,04 $;-5,52 $;0,00 $;-5,52 $;5,52 $;-5804,88 $;-5,52 $;0,00%;-5,52 $;0,00 $;-5,52 $;0,00 $;-5,52 $;240,00;1800,00 $;525,00 $;530,52 $;0,08%;
07/05/2024;1;105359,52 $;3869,48 $;3869,48 $;0,00 $;5,52 $;-1935,40 $;0,00 $;100,00%;3869,48 $;3869,48 $;0,00 $;3869,48 $;0,00 $;240,00;25,00 $;4150,00 $;280,52 $;0,08%;
08/05/2024;1;105579,00 $;219,48 $;219,48 $;0,00 $;5,52 $;-1715,92 $;0,00 $;100,00%;219,48 $;219,48 $;0,00 $;219,48 $;0,00 $;120,00;225,00 $;450,00 $;230,52 $;0,08%;
10/05/2024;1;105598,48 $;19,48 $;19,48 $;0,00 $;5,52 $;-1696,44 $;0,00 $;100,00%;19,48 $;19,48 $;0,00 $;19,48 $;0,00 $;240,00;550,00 $;75,00 $;55,52 $;0,08%;
13/05/2024;1;105767,96 $;169,48 $;169,48 $;0,00 $;5,52 $;-1526,96 $;0,00 $;100,00%;169,48 $;169,48 $;0,00 $;169,48 $;0,00 $;240,00;300,00 $;1200,00 $;1030,52 $;0,08%;
14/05/2024;1;105862,44 $;94,48 $;94,48 $;0,00 $;5,52 $;-1432,48 $;0,00 $;100,00%;94,48 $;94,48 $;0,00 $;94,48 $;0,00 $;240,00;2275,00 $;300,00 $;205,52 $;0,08%;
17/05/2024;1;106956,92 $;1094,48 $;1094,48 $;0,00 $;5,52 $;-338,00 $;0,00 $;100,00%;1094,48 $;1094,48 $;0,00 $;1094,48 $;0,00 $;240,00;150,00 $;1125,00 $;30,52 $;0,08%;
24/05/2024;2;108645,88 $;1688,96 $;1688,96 $;0,00 $;11,04 $;0,00 $;0,00 $;100,00%;844,48 $;844,48 $;0,00 $;1419,48 $;0,00 $;240,00;625,00 $;1287,50 $;443,02 $;0,15%;
27/05/2024;2;110359,84 $;1713,96 $;1713,96 $;0,00 $;11,04 $;0,00 $;0,00 $;100,00%;856,98 $;856,98 $;0,00 $;969,48 $;0,00 $;240,00;200,00 $;1287,50 $;430,52 $;0,15%;
28/05/2024;1;107054,32 $;-3305,52 $;0,00 $;-3305,52 $;5,52 $;-3305,52 $;-3305,52 $;0,00%;-3305,52 $;0,00 $;-3305,52 $;0,00 $;-3305,52 $;240,00;3650,00 $;125,00 $;3430,52 $;0,08%;
30/05/2024;2;107118,28 $;63,96 $;419,48 $;-355,52 $;11,04 $;-3241,56 $;-355,52 $;50,00%;31,98 $;419,48 $;-355,52 $;419,48 $;-355,52 $;480,00;737,50 $;1087,50 $;1055,52 $;0,15%;
10/06/2024;1;108887,76 $;1769,48 $;1769,48 $;0,00 $;5,52 $;-1472,08 $;0,00 $;100,00%;1769,48 $;1769,48 $;0,00 $;1769,48 $;0,00 $;240,00;100,00 $;1825,00 $;55,52 $;0,08%;
11/06/2024;1;108207,24 $;-680,52 $;0,00 $;-680,52 $;5,52 $;-2152,60 $;-680,52 $;0,00%;-680,52 $;0,00 $;-680,52 $;0,00 $;-680,52 $;0,00;1150,00 $;175,00 $;855,52 $;0,08%;
12/06/2024;1;111626,72 $;3419,48 $;3419,48 $;0,00 $;5,52 $;0,00 $;0,00 $;100,00%;3419,48 $;3419,48 $;0,00 $;3419,48 $;0,00 $;240,00;475,00 $;4000,00 $;580,52 $;0,08%;
17/06/2024;1;113271,20 $;1644,48 $;1644,48 $;0,00 $;5,52 $;0,00 $;0,00 $;100,00%;1644,48 $;1644,48 $;0,00 $;1644,48 $;0,00 $;240,00;350,00 $;2150,00 $;505,52 $;0,08%;
18/06/2024;2;115585,16 $;2313,96 $;2313,96 $;0,00 $;11,04 $;0,00 $;0,00 $;100,00%;1156,98 $;1156,98 $;0,00 $;1844,48 $;0,00 $;240,00;250,00 $;1912,50 $;755,52 $;0,15%;
19/06/2024;1;114879,64 $;-705,52 $;0,00 $;-705,52 $;5,52 $;-705,52 $;-705,52 $;0,00%;-705,52 $;0,00 $;-705,52 $;0,00 $;-705,52 $;240,00;850,00 $;575,00 $;1280,52 $;0,08%;
27/06/2024;1;115449,12 $;569,48 $;569,48 $;0,00 $;5,52 $;-136,04 $;0,00 $;100,00%;569,48 $;569,48 $;0,00 $;569,48 $;0,00 $;240,00;500,00 $;2000,00 $;1430,52 $;0,08%;
02/07/2024;1;116343,60 $;894,48 $;894,48 $;0,00 $;5,52 $;0,00 $;0,00 $;100,00%;894,48 $;894,48 $;0,00 $;894,48 $;0,00 $;180,00;300,00 $;925,00 $;30,52 $;0,08%;
03/07/2024;1;117638,08 $;1294,48 $;1294,48 $;0,00 $;5,52 $;0,00 $;0,00 $;100,00%;1294,48 $;1294,48 $;0,00 $;1294,48 $;0,00 $;240,00;350,00 $;1375,00 $;80,52 $;0,08%;
04/07/2024;1;118132,56 $;494,48 $;494,48 $;0,00 $;5,52 $;0,00 $;0,00 $;100,00%;494,48 $;494,48 $;0,00 $;494,48 $;0,00 $;240,00;525,00 $;500,00 $;5,52 $;0,08%;
10/07/2024;2;119846,52 $;1713,96 $;1713,96 $;0,00 $;11,04 $;0,00 $;0,00 $;100,00%;856,98 $;856,98 $;0,00 $;1069,48 $;0,00 $;240,00;337,50 $;1312,50 $;455,52 $;0,15%;
11/07/2024;1;121416,00 $;1569,48 $;1569,48 $;0,00 $;5,52 $;0,00 $;0,00 $;100,00%;1569,48 $;1569,48 $;0,00 $;1569,48 $;0,00 $;240,00;675,00 $;3275,00 $;1705,52 $;0,08%;
15/07/2024;2;118754,96 $;-2661,04 $;19,48 $;-2680,52 $;11,04 $;-2680,52 $;-2680,52 $;50,00%;-1330,52 $;19,48 $;-2680,52 $;19,48 $;-2680,52 $;540,00;2150,00 $;462,50 $;1793,02 $;0,15%;
16/07/2024;1;120374,44 $;1619,48 $;1619,48 $;0,00 $;5,52 $;-1041,56 $;0,00 $;100,00%;1619,48 $;1619,48 $;0,00 $;1619,48 $;0,00 $;240,00;875,00 $;1675,00 $;55,52 $;0,08%;
18/07/2024;1;116243,92 $;-4130,52 $;0,00 $;-4130,52 $;5,52 $;-5172,08 $;-4130,52 $;0,00%;-4130,52 $;0,00 $;-4130,52 $;0,00 $;-4130,52 $;240,00;4425,00 $;75,00 $;4205,52 $;0,08%;
19/07/2024;1;115438,40 $;-805,52 $;0,00 $;-805,52 $;5,52 $;-5977,60 $;-805,52 $;0,00%;-805,52 $;0,00 $;-805,52 $;0,00 $;-805,52 $;180,00;1375,00 $;300,00 $;1105,52 $;0,08%;
23/07/2024;1;115582,88 $;144,48 $;144,48 $;0,00 $;5,52 $;-5833,12 $;0,00 $;100,00%;144,48 $;144,48 $;0,00 $;144,48 $;0,00 $;120,00;50,00 $;775,00 $;630,52 $;0,08%;
26/07/2024;1;117202,36 $;1619,48 $;1619,48 $;0,00 $;5,52 $;-4213,64 $;0,00 $;100,00%;1619,48 $;1619,48 $;0,00 $;1619,48 $;0,00 $;240,00;525,00 $;1700,00 $;80,52 $;0,08%;
29/07/2024;1;113396,84 $;-3805,52 $;0,00 $;-3805,52 $;5,52 $;-8019,16 $;-3805,52 $;0,00%;-3805,52 $;0,00 $;-3805,52 $;0,00 $;-3805,52 $;240,00;4125,00 $;100,00 $;3905,52 $;0,08%;
30/07/2024;2;114985,80 $;1588,96 $;1588,96 $;0,00 $;11,04 $;-6624,68 $;0,00 $;100,00%;794,48 $;794,48 $;0,00 $;1394,48 $;0,00 $;240,00;812,50 $;1112,50 $;318,02 $;0,15%;
01/08/2024;1;108180,28 $;-6805,52 $;0,00 $;-6805,52 $;5,52 $;-13235,72 $;-6805,52 $;0,00%;-6805,52 $;0,00 $;-6805,52 $;0,00 $;-6805,52 $;240,00;7550,00 $;50,00 $;6855,52 $;0,08%;
06/08/2024;1;110124,76 $;1944,48 $;1944,48 $;0,00 $;5,52 $;-11291,24 $;0,00 $;100,00%;1944,48 $;1944,48 $;0,00 $;1944,48 $;0,00 $;240,00;1100,00 $;2425,00 $;480,52 $;0,08%;
07/08/2024;1;110519,24 $;394,48 $;394,48 $;0,00 $;5,52 $;-10896,76 $;0,00 $;100,00%;394,48 $;394,48 $;0,00 $;394,48 $;0,00 $;240,00;1125,00 $;1200,00 $;805,52 $;0,08%;
09/08/2024;1;111438,72 $;919,48 $;919,48 $;0,00 $;5,52 $;-9977,28 $;0,00 $;100,00%;919,48 $;919,48 $;0,00 $;919,48 $;0,00 $;240,00;1400,00 $;1450,00 $;530,52 $;0,08%;
12/08/2024;1;111633,20 $;194,48 $;194,48 $;0,00 $;5,52 $;-9782,80 $;0,00 $;100,00%;194,48 $;194,48 $;0,00 $;194,48 $;0,00 $;240,00;1925,00 $;650,00 $;455,52 $;0,08%;
13/08/2024;1;113502,68 $;1869,48 $;1869,48 $;0,00 $;5,52 $;-7913,32 $;0,00 $;100,00%;1869,48 $;1869,48 $;0,00 $;1869,48 $;0,00 $;240,00;350,00 $;2100,00 $;230,52 $;0,08%;
14/08/2024;2;113991,64 $;488,96 $;488,96 $;0,00 $;11,04 $;-7618,84 $;0,00 $;100,00%;244,48 $;244,48 $;0,00 $;294,48 $;0,00 $;240,00;950,00 $;537,50 $;293,02 $;0,15%;
16/08/2024;3;114125,08 $;133,44 $;1269,48 $;-1136,04 $;16,56 $;-8129,88 $;-705,52 $;33,33%;44,48 $;1269,48 $;-568,02 $;1269,48 $;-705,52 $;240,00;833,33 $;1033,33 $;988,85 $;0,23%;
19/08/2024;2;115539,04 $;1413,96 $;1413,96 $;0,00 $;11,04 $;-6146,44 $;0,00 $;100,00%;706,98 $;706,98 $;0,00 $;1144,48 $;0,00 $;240,00;475,00 $;1012,50 $;305,52 $;0,15%;
20/08/2024;1;114858,52 $;-680,52 $;0,00 $;-680,52 $;5,52 $;-6557,48 $;-680,52 $;0,00%;-680,52 $;0,00 $;-680,52 $;0,00 $;-680,52 $;180,00;1425,00 $;0,00 $;680,52 $;0,08%;
23/08/2024;2;115947,48 $;1088,96 $;1088,96 $;0,00 $;11,04 $;-6163,00 $;0,00 $;100,00%;544,48 $;544,48 $;0,00 $;694,48 $;0,00 $;240,00;375,00 $;1387,50 $;843,02 $;0,15%;
26/08/2024;1;116641,96 $;694,48 $;694,48 $;0,00 $;5,52 $;-4774,04 $;0,00 $;100,00%;694,48 $;694,48 $;0,00 $;694,48 $;0,00 $;180,00;225,00 $;975,00 $;280,52 $;0,08%;
27/08/2024;2;117805,92 $;1163,96 $;1244,48 $;-80,52 $;11,04 $;-3610,08 $;-80,52 $;50,00%;581,98 $;1244,48 $;-80,52 $;1244,48 $;-80,52 $;480,00;237,50 $;862,50 $;280,52 $;0,15%;
28/08/2024;1;117225,40 $;-580,52 $;0,00 $;-580,52 $;5,52 $;-4190,60 $;-580,52 $;0,00%;-580,52 $;0,00 $;-580,52 $;0,00 $;-580,52 $;120,00;2200,00 $;325,00 $;905,52 $;0,08%;
30/08/2024;1;117394,88 $;169,48 $;169,48 $;0,00 $;5,52 $;-4021,12 $;0,00 $;100,00%;169,48 $;169,48 $;0,00 $;169,48 $;0,00 $;240,00;1500,00 $;375,00 $;205,52 $;0,08%;
02/09/2024;1;117689,36 $;294,48 $;294,48 $;0,00 $;5,52 $;-3726,64 $;0,00 $;100,00%;294,48 $;294,48 $;0,00 $;294,48 $;0,00 $;180,00;75,00 $;350,00 $;55,52 $;0,08%;
05/09/2024;1;117383,84 $;-305,52 $;0,00 $;-305,52 $;5,52 $;-4032,16 $;-305,52 $;0,00%;-305,52 $;0,00 $;-305,52 $;0,00 $;-305,52 $;240,00;2450,00 $;1075,00 $;1380,52 $;0,08%;
09/09/2024;1;118003,32 $;619,48 $;619,48 $;0,00 $;5,52 $;-3412,68 $;0,00 $;100,00%;619,48 $;619,48 $;0,00 $;619,48 $;0,00 $;240,00;750,00 $;1625,00 $;1005,52 $;0,08%;
12/09/2024;1;116347,80 $;-1655,52 $;0,00 $;-1655,52 $;5,52 $;-5068,20 $;-1655,52 $;0,00%;-1655,52 $;0,00 $;-1655,52 $;0,00 $;-1655,52 $;240,00;4375,00 $;600,00 $;2255,52 $;0,08%;
13/09/2024;2;117936,76 $;1588,96 $;1588,96 $;0,00 $;11,04 $;-3723,72 $;0,00 $;100,00%;794,48 $;794,48 $;0,00 $;1344,48 $;0,00 $;240,00;325,00 $;1475,00 $;680,52 $;0,15%;
16/09/2024;2;119650,72 $;1713,96 $;1894,48 $;-180,52 $;11,04 $;-3659,76 $;-180,52 $;50,00%;856,98 $;1894,48 $;-180,52 $;1894,48 $;-180,52 $;240,00;475,00 $;1225,00 $;368,02 $;0,15%;
17/09/2024;1;121995,20 $;2344,48 $;2344,48 $;0,00 $;5,52 $;0,00 $;0,00 $;100,00%;2344,48 $;2344,48 $;0,00 $;2344,48 $;0,00 $;240,00;150,00 $;2500,00 $;155,52 $;0,08%;
18/09/2024;1;122564,68 $;569,48 $;569,48 $;0,00 $;5,52 $;0,00 $;0,00 $;100,00%;569,48 $;569,48 $;0,00 $;569,48 $;0,00 $;240,00;525,00 $;675,00 $;105,52 $;0,08%;
20/09/2024;1;122609,16 $;44,48 $;44,48 $;0,00 $;5,52 $;0,00 $;0,00 $;100,00%;44,48 $;44,48 $;0,00 $;44,48 $;0,00 $;120,00;750,00 $;625,00 $;580,52 $;0,08%;
23/09/2024;2;123773,12 $;1163,96 $;1163,96 $;0,00 $;11,04 $;0,00 $;0,00 $;100,00%;581,98 $;581,98 $;0,00 $;694,48 $;0,00 $;240,00;525,00 $;1037,50 $;455,52 $;0,15%;
27/09/2024;2;127087,08 $;3313,96 $;3794,48 $;-480,52 $;11,04 $;-480,52 $;-480,52 $;50,00%;1656,98 $;3794,48 $;-480,52 $;3794,48 $;-480,52 $;540,00;512,50 $;2937,50 $;1280,52 $;0,15%;
30/09/2024;1;127881,56 $;794,48 $;794,48 $;0,00 $;5,52 $;0,00 $;0,00 $;100,00%;794,48 $;794,48 $;0,00 $;794,48 $;0,00 $;240,00;175,00 $;1200,00 $;405,52 $;0,08%;
03/10/2024;2;126745,52 $;-1136,04 $;0,00 $;-1136,04 $;11,04 $;-1136,04 $;-1136,04 $;0,00%;-568,02 $;0,00 $;-568,02 $;0,00 $;-1105,52 $;540,00;1050,00 $;925,00 $;1493,02 $;0,15%;
04/10/2024;1;129915,00 $;3169,48 $;3169,48 $;0,00 $;5,52 $;0,00 $;0,00 $;100,00%;3169,48 $;3169,48 $;0,00 $;3169,48 $;0,00 $;240,00;50,00 $;3175,00 $;5,52 $;0,08%;
07/10/2024;1;129659,48 $;-255,52 $;0,00 $;-255,52 $;5,52 $;-255,52 $;-255,52 $;0,00%;-255,52 $;0,00 $;-255,52 $;0,00 $;-255,52 $;240,00;825,00 $;775,00 $;1030,52 $;0,08%;
09/10/2024;1;130828,96 $;1169,48 $;1169,48 $;0,00 $;5,52 $;0,00 $;0,00 $;100,00%;1169,48 $;1169,48 $;0,00 $;1169,48 $;0,00 $;240,00;0,00 $;2025,00 $;855,52 $;0,08%;
10/10/2024;1;129498,44 $;-1330,52 $;0,00 $;-1330,52 $;5,52 $;-1330,52 $;-1330,52 $;0,00%;-1330,52 $;0,00 $;-1330,52 $;0,00 $;-1330,52 $;240,00;2350,00 $;1175,00 $;2505,52 $;0,08%;
15/10/2024;1;127842,92 $;-1655,52 $;0,00 $;-1655,52 $;5,52 $;-2986,04 $;-1655,52 $;0,00%;-1655,52 $;0,00 $;-1655,52 $;0,00 $;-1655,52 $;240,00;2300,00 $;500,00 $;2155,52 $;0,08%;
16/10/2024;1;127712,40 $;-130,52 $;0,00 $;-130,52 $;5,52 $;-3116,56 $;-130,52 $;0,00%;-130,52 $;0,00 $;-130,52 $;0,00 $;-130,52 $;240,00;1875,00 $;75,00 $;205,52 $;0,08%;
18/10/2024;1;128581,88 $;869,48 $;869,48 $;0,00 $;5,52 $;-2247,08 $;0,00 $;100,00%;869,48 $;869,48 $;0,00 $;869,48 $;0,00 $;240,00;325,00 $;1275,00 $;405,52 $;0,08%;
21/10/2024;1;126501,36 $;-2080,52 $;0,00 $;-2080,52 $;5,52 $;-4327,60 $;-2080,52 $;0,00%;-2080,52 $;0,00 $;-2080,52 $;0,00 $;-2080,52 $;240,00;3425,00 $;375,00 $;2455,52 $;0,08%;
22/10/2024;1;127095,84 $;594,48 $;594,48 $;0,00 $;5,52 $;-3733,12 $;0,00 $;100,00%;594,48 $;594,48 $;0,00 $;594,48 $;0,00 $;180,00;750,00 $;1000,00 $;405,52 $;0,08%;
25/10/2024;1;127365,32 $;269,48 $;269,48 $;0,00 $;5,52 $;-3463,64 $;0,00 $;100,00%;269,48 $;269,48 $;0,00 $;269,48 $;0,00 $;240,00;675,00 $;1375,00 $;1105,52 $;0,08%;
29/10/2024;2;124354,28 $;-3011,04 $;0,00 $;-3011,04 $;11,04 $;-6474,68 $;-3011,04 $;0,00%;-1505,52 $;0,00 $;-1505,52 $;0,00 $;-2630,52 $;540,00;1975,00 $;375,00 $;1880,52 $;0,15%;
30/10/2024;1;122773,76 $;-1580,52 $;0,00 $;-1580,52 $;5,52 $;-8055,20 $;-1580,52 $;0,00%;-1580,52 $;0,00 $;-1580,52 $;0,00 $;-1580,52 $;240,00;4150,00 $;200,00 $;1780,52 $;0,08%;
31/10/2024;2;121087,72 $;-1686,04 $;169,48 $;-1855,52 $;11,04 $;-9910,72 $;-1855,52 $;50,00%;-843,02 $;169,48 $;-1855,52 $;169,48 $;-1855,52 $;420,00;2262,50 $;375,00 $;1218,02 $;0,15%;
01/11/2024;1;122482,20 $;1394,48 $;1394,48 $;0,00 $;5,52 $;-8346,76 $;0,00 $;100,00%;1394,48 $;1394,48 $;0,00 $;1394,48 $;0,00 $;240,00;450,00 $;1875,00 $;480,52 $;0,08%;
04/11/2024;1;120351,68 $;-2130,52 $;0,00 $;-2130,52 $;5,52 $;-10477,28 $;-2130,52 $;0,00%;-2130,52 $;0,00 $;-2130,52 $;0,00 $;-2130,52 $;240,00;2800,00 $;275,00 $;2405,52 $;0,08%;
05/11/2024;1;119996,16 $;-355,52 $;0,00 $;-355,52 $;5,52 $;-10832,80 $;-355,52 $;0,00%;-355,52 $;0,00 $;-355,52 $;0,00 $;-355,52 $;120,00;1500,00 $;75,00 $;430,52 $;0,08%;
07/11/2024;1;122090,64 $;2094,48 $;2094,48 $;0,00 $;5,52 $;-8738,32 $;0,00 $;100,00%;2094,48 $;2094,48 $;0,00 $;2094,48 $;0,00 $;240,00;250,00 $;3000,00 $;905,52 $;0,08%;
08/11/2024;1;119935,12 $;-2155,52 $;0,00 $;-2155,52 $;5,52 $;-10893,84 $;-2155,52 $;0,00%;-2155,52 $;0,00 $;-2155,52 $;0,00 $;-2155,52 $;240,00;4875,00 $;225,00 $;2380,52 $;0,08%;
13/11/2024;1;116379,60 $;-3555,52 $;0,00 $;-3555,52 $;5,52 $;-14449,36 $;-3555,52 $;0,00%;-3555,52 $;0,00 $;-3555,52 $;0,00 $;-3555,52 $;240,00;5125,00 $;25,00 $;3580,52 $;0,08%;
14/11/2024;1;116474,08 $;94,48 $;94,48 $;0,00 $;5,52 $;-14354,88 $;0,00 $;100,00%;94,48 $;94,48 $;0,00 $;94,48 $;0,00 $;240,00;425,00 $;1550,00 $;1455,52 $;0,08%;
15/11/2024;1;117893,56 $;1419,48 $;1419,48 $;0,00 $;5,52 $;-12935,40 $;0,00 $;100,00%;1419,48 $;1419,48 $;0,00 $;1419,48 $;0,00 $;180,00;750,00 $;1650,00 $;230,52 $;0,08%;
18/11/2024;1;117413,04 $;-480,52 $;0,00 $;-480,52 $;5,52 $;-13415,92 $;-480,52 $;0,00%;-480,52 $;0,00 $;-480,52 $;0,00 $;-480,52 $;60,00;850,00 $;25,00 $;505,52 $;0,08%;
20/11/2024;2;117002,00 $;-411,04 $;1694,48 $;-2105,52 $;11,04 $;-15521,44 $;-2105,52 $;50,00%;-205,52 $;1694,48 $;-2105,52 $;1694,48 $;-2105,52 $;360,00;2050,00 $;1025,00 $;1230,52 $;0,15%;
21/11/2024;1;120296,48 $;3294,48 $;3294,48 $;0,00 $;5,52 $;-10532,48 $;0,00 $;100,00%;3294,48 $;3294,48 $;0,00 $;3294,48 $;0,00 $;240,00;1125,00 $;3500,00 $;205,52 $;0,08%;
25/11/2024;2;120785,44 $;488,96 $;944,48 $;-455,52 $;11,04 $;-10043,52 $;-455,52 $;50,00%;244,48 $;944,48 $;-455,52 $;944,48 $;-455,52 $;540,00;937,50 $;737,50 $;493,02 $;0,15%;
26/11/2024;1;119929,92 $;-855,52 $;0,00 $;-855,52 $;5,52 $;-10899,04 $;-855,52 $;0,00%;-855,52 $;0,00 $;-855,52 $;0,00 $;-855,52 $;240,00;2200,00 $;725,00 $;1580,52 $;0,08%;
27/11/2024;1;120549,40 $;619,48 $;619,48 $;0,00 $;5,52 $;-10279,56 $;0,00 $;100,00%;619,48 $;619,48 $;0,00 $;619,48 $;0,00 $;180,00;425,00 $;775,00 $;155,52 $;0,08%;
28/11/2024;1;121218,88 $;669,48 $;669,48 $;0,00 $;5,52 $;-9610,08 $;0,00 $;100,00%;669,48 $;669,48 $;0,00 $;669,48 $;0,00 $;240,00;75,00 $;1100,00 $;430,52 $;0,08%;
29/11/2024;1;122088,36 $;869,48 $;869,48 $;0,00 $;5,52 $;-8740,60 $;0,00 $;100,00%;869,48 $;869,48 $;0,00 $;869,48 $;0,00 $;240,00;500,00 $;2675,00 $;1805,52 $;0,08%;
03/12/2024;1;122807,84 $;719,48 $;719,48 $;0,00 $;5,52 $;-8021,12 $;0,00 $;100,00%;719,48 $;719,48 $;0,00 $;719,48 $;0,00 $;240,00;1000,00 $;1800,00 $;1080,52 $;0,08%;
05/12/2024;1;123227,32 $;419,48 $;419,48 $;0,00 $;5,52 $;-7601,64 $;0,00 $;100,00%;419,48 $;419,48 $;0,00 $;419,48 $;0,00 $;240,00;150,00 $;1125,00 $;705,52 $;0,08%;
06/12/2024;1;122696,80 $;-530,52 $;0,00 $;-530,52 $;5,52 $;-8132,16 $;-530,52 $;0,00%;-530,52 $;0,00 $;-530,52 $;0,00 $;-530,52 $;240,00;550,00 $;900,00 $;1430,52 $;0,08%;
10/12/2024;1;121816,28 $;-880,52 $;0,00 $;-880,52 $;5,52 $;-9012,68 $;-880,52 $;0,00%;-880,52 $;0,00 $;-880,52 $;0,00 $;-880,52 $;240,00;1125,00 $;725,00 $;1605,52 $;0,08%;
11/12/2024;1;123660,76 $;1844,48 $;1844,48 $;0,00 $;5,52 $;-7168,20 $;0,00 $;100,00%;1844,48 $;1844,48 $;0,00 $;1844,48 $;0,00 $;240,00;25,00 $;2250,00 $;405,52 $;0,08%;
12/12/2024;1;124205,24 $;544,48 $;544,48 $;0,00 $;5,52 $;-6623,72 $;0,00 $;100,00%;544,48 $;544,48 $;0,00 $;544,48 $;0,00 $;240,00;500,00 $;1225,00 $;680,52 $;0,08%;
16/12/2024;2;124194,20 $;-11,04 $;69,48 $;-80,52 $;11,04 $;-6634,76 $;-80,52 $;50,00%;-5,52 $;69,48 $;-80,52 $;69,48 $;-80,52 $;600,00;537,50 $;537,50 $;543,02 $;0,15%;
17/12/2024;1;123463,68 $;-730,52 $;0,00 $;-730,52 $;5,52 $;-7365,28 $;-730,52 $;0,00%;-730,52 $;0,00 $;-730,52 $;0,00 $;-730,52 $;120,00;1325,00 $;100,00 $;830,52 $;0,08%;
18/12/2024;1;117358,16 $;-6105,52 $;0,00 $;-6105,52 $;5,52 $;-13470,80 $;-6105,52 $;0,00%;-6105,52 $;0,00 $;-6105,52 $;0,00 $;-6105,52 $;60,00;6600,00 $;125,00 $;6230,52 $;0,08%;
19/12/2024;1;116677,64 $;-680,52 $;0,00 $;-680,52 $;5,52 $;-14151,32 $;-680,52 $;0,00%;-680,52 $;0,00 $;-680,52 $;0,00 $;-680,52 $;180,00;1100,00 $;500,00 $;1180,52 $;0,08%;
20/12/2024;1;115472,12 $;-1205,52 $;0,00 $;-1205,52 $;5,52 $;-15356,84 $;-1205,52 $;0,00%;-1205,52 $;0,00 $;-1205,52 $;0,00 $;-1205,52 $;120,00;1600,00 $;650,00 $;1855,52 $;0,08%;
23/12/2024;1;115566,60 $;94,48 $;94,48 $;0,00 $;5,52 $;-15262,36 $;0,00 $;100,00%;94,48 $;94,48 $;0,00 $;94,48 $;0,00 $;240,00;1850,00 $;275,00 $;180,52 $;0,08%;
30/12/2024;1;111911,08 $;-3655,52 $;0,00 $;-3655,52 $;5,52 $;-18917,88 $;-3655,52 $;0,00%;-3655,52 $;0,00 $;-3655,52 $;0,00 $;-3655,52 $;240,00;3825,00 $;825,00 $;4480,52 $;0,08%;
03/01/2025;2;111875,04 $;-36,04 $;0,00 $;-36,04 $;11,04 $;-18953,92 $;-36,04 $;0,00%;-18,02 $;0,00 $;-18,02 $;0,00 $;-30,52 $;540,00;787,50 $;787,50 $;805,52 $;0,15%;
06/01/2025;1;115744,52 $;3869,48 $;3869,48 $;0,00 $;5,52 $;-15084,44 $;0,00 $;100,00%;3869,48 $;3869,48 $;0,00 $;3869,48 $;0,00 $;240,00;1125,00 $;5150,00 $;1280,52 $;0,08%;
07/01/2025;1;115414,00 $;-330,52 $;0,00 $;-330,52 $;5,52 $;-15414,96 $;-330,52 $;0,00%;-330,52 $;0,00 $;-330,52 $;0,00 $;-330,52 $;240,00;2200,00 $;275,00 $;605,52 $;0,08%;
09/01/2025;2;116277,96 $;863,96 $;1269,48 $;-405,52 $;11,04 $;-14551,00 $;-405,52 $;50,00%;431,98 $;1269,48 $;-405,52 $;1269,48 $;-405,52 $;540,00;400,00 $;1062,50 $;630,52 $;0,15%;
13/01/2025;1;117022,44 $;744,48 $;744,48 $;0,00 $;5,52 $;-13806,52 $;0,00 $;100,00%;744,48 $;744,48 $;0,00 $;744,48 $;0,00 $;120,00;350,00 $;775,00 $;30,52 $;0,08%;
14/01/2025;1;117841,92 $;819,48 $;819,48 $;0,00 $;5,52 $;-12987,04 $;0,00 $;100,00%;819,48 $;819,48 $;0,00 $;819,48 $;0,00 $;180,00;250,00 $;1650,00 $;830,52 $;0,08%;
16/01/2025;1;118411,40 $;569,48 $;569,48 $;0,00 $;5,52 $;-12417,56 $;0,00 $;100,00%;569,48 $;569,48 $;0,00 $;569,48 $;0,00 $;240,00;550,00 $;1600,00 $;1030,52 $;0,08%;
17/01/2025;1;117980,88 $;-430,52 $;0,00 $;-430,52 $;5,52 $;-12848,08 $;-430,52 $;0,00%;-430,52 $;0,00 $;-430,52 $;0,00 $;-430,52 $;240,00;475,00 $;450,00 $;880,52 $;0,08%;
21/01/2025;1;119900,36 $;1919,48 $;1919,48 $;0,00 $;5,52 $;-10928,60 $;0,00 $;100,00%;1919,48 $;1919,48 $;0,00 $;1919,48 $;0,00 $;240,00;575,00 $;2175,00 $;255,52 $;0,08%;
23/01/2025;1;121219,84 $;1319,48 $;1319,48 $;0,00 $;5,52 $;-9609,12 $;0,00 $;100,00%;1319,48 $;1319,48 $;0,00 $;1319,48 $;0,00 $;240,00;200,00 $;1475,00 $;155,52 $;0,08%;
24/01/2025;1;121414,32 $;194,48 $;194,48 $;0,00 $;5,52 $;-9414,64 $;0,00 $;100,00%;194,48 $;194,48 $;0,00 $;194,48 $;0,00 $;240,00;200,00 $;1075,00 $;880,52 $;0,08%;
28/01/2025;1;121508,80 $;94,48 $;94,48 $;0,00 $;5,52 $;-9320,16 $;0,00 $;100,00%;94,48 $;94,48 $;0,00 $;94,48 $;0,00 $;240,00;2075,00 $;350,00 $;255,52 $;0,08%;
29/01/2025;2;122397,76 $;888,96 $;994,48 $;-105,52 $;11,04 $;-8431,20 $;-105,52 $;50,00%;444,48 $;994,48 $;-105,52 $;994,48 $;-105,52 $;480,00;1037,50 $;1237,50 $;793,02 $;0,15%;
30/01/2025;1;124717,24 $;2319,48 $;2319,48 $;0,00 $;5,52 $;-6111,72 $;0,00 $;100,00%;2319,48 $;2319,48 $;0,00 $;2319,48 $;0,00 $;240,00;775,00 $;2475,00 $;155,52 $;0,08%;
31/01/2025;1;123986,72 $;-730,52 $;0,00 $;-730,52 $;5,52 $;-6842,24 $;-730,52 $;0,00%;-730,52 $;0,00 $;-730,52 $;0,00 $;-730,52 $;240,00;2750,00 $;0,00 $;730,52 $;0,08%;
04/02/2025;1;124381,20 $;394,48 $;394,48 $;0,00 $;5,52 $;-6447,76 $;0,00 $;100,00%;394,48 $;394,48 $;0,00 $;394,48 $;0,00 $;240,00;200,00 $;1125,00 $;730,52 $;0,08%;
05/02/2025;2;129270,16 $;4888,96 $;4888,96 $;0,00 $;11,04 $;-3453,28 $;0,00 $;100,00%;2444,48 $;2444,48 $;0,00 $;2994,48 $;0,00 $;240,00;225,00 $;2662,50 $;218,02 $;0,15%;
06/02/2025;1;130039,64 $;769,48 $;769,48 $;0,00 $;5,52 $;-789,32 $;0,00 $;100,00%;769,48 $;769,48 $;0,00 $;769,48 $;0,00 $;0,00;50,00 $;975,00 $;205,52 $;0,08%;
07/02/2025;1;129334,12 $;-705,52 $;0,00 $;-705,52 $;5,52 $;-1494,84 $;-705,52 $;0,00%;-705,52 $;0,00 $;-705,52 $;0,00 $;-705,52 $;240,00;1475,00 $;300,00 $;1005,52 $;0,08%;
12/02/2025;1;129278,60 $;-55,52 $;0,00 $;-55,52 $;5,52 $;-1550,36 $;-55,52 $;0,00%;-55,52 $;0,00 $;-55,52 $;0,00 $;-55,52 $;240,00;3400,00 $;525,00 $;580,52 $;0,08%;
14/02/2025;2;126867,56 $;-2411,04 $;0,00 $;-2411,04 $;11,04 $;-3961,40 $;-2411,04 $;0,00%;-1205,52 $;0,00 $;-1205,52 $;0,00 $;-1305,52 $;540,00;2225,00 $;125,00 $;1330,52 $;0,15%;
21/02/2025;1;128037,04 $;1169,48 $;1169,48 $;0,00 $;5,52 $;-2791,92 $;0,00 $;100,00%;1169,48 $;1169,48 $;0,00 $;1169,48 $;0,00 $;240,00;375,00 $;2300,00 $;1130,52 $;0,08%;
24/02/2025;1;127131,52 $;-905,52 $;0,00 $;-905,52 $;5,52 $;-3697,44 $;-905,52 $;0,00%;-905,52 $;0,00 $;-905,52 $;0,00 $;-905,52 $;0,00;1225,00 $;275,00 $;1180,52 $;0,08%;
25/02/2025;1;126926,00 $;-205,52 $;0,00 $;-205,52 $;5,52 $;-3902,96 $;-205,52 $;0,00%;-205,52 $;0,00 $;-205,52 $;0,00 $;-205,52 $;240,00;3875,00 $;2350,00 $;2555,52 $;0,08%;
26/02/2025;1;123595,48 $;-3330,52 $;0,00 $;-3330,52 $;5,52 $;-7233,48 $;-3330,52 $;0,00%;-3330,52 $;0,00 $;-3330,52 $;0,00 $;-3330,52 $;240,00;3600,00 $;1850,00 $;5180,52 $;0,08%;
28/02/2025;2;122684,44 $;-911,04 $;0,00 $;-911,04 $;11,04 $;-8144,52 $;-911,04 $;0,00%;-455,52 $;0,00 $;-455,52 $;0,00 $;-755,52 $;600,00;4362,50 $;575,00 $;1030,52 $;0,15%;
03/03/2025;1;119303,92 $;-3380,52 $;0,00 $;-3380,52 $;5,52 $;-11525,04 $;-3380,52 $;0,00%;-3380,52 $;0,00 $;-3380,52 $;0,00 $;-3380,52 $;120,00;6175,00 $;175,00 $;3555,52 $;0,08%;
04/03/2025;1;115998,40 $;-3305,52 $;0,00 $;-3305,52 $;5,52 $;-14830,56 $;-3305,52 $;0,00%;-3305,52 $;0,00 $;-3305,52 $;0,00 $;-3305,52 $;240,00;6050,00 $;400,00 $;3705,52 $;0,08%;
05/03/2025;1;119317,88 $;3319,48 $;3319,48 $;0,00 $;5,52 $;-11511,08 $;0,00 $;100,00%;3319,48 $;3319,48 $;0,00 $;3319,48 $;0,00 $;240,00;25,00 $;4150,00 $;830,52 $;0,08%;
06/03/2025;1;123412,36 $;4094,48 $;4094,48 $;0,00 $;5,52 $;-7416,60 $;0,00 $;100,00%;4094,48 $;4094,48 $;0,00 $;4094,48 $;0,00 $;240,00;700,00 $;5350,00 $;1255,52 $;0,08%;
11/03/2025;1;117681,84 $;-5730,52 $;0,00 $;-5730,52 $;5,52 $;-13147,12 $;-5730,52 $;0,00%;-5730,52 $;0,00 $;-5730,52 $;0,00 $;-5730,52 $;240,00;7500,00 $;1725,00 $;7455,52 $;0,08%;
13/03/2025;1;117126,32 $;-555,52 $;0,00 $;-555,52 $;5,52 $;-13702,64 $;-555,52 $;0,00%;-555,52 $;0,00 $;-555,52 $;0,00 $;-555,52 $;60,00;1500,00 $;525,00 $;1080,52 $;0,08%;
14/03/2025;2;126140,28 $;9013,96 $;9013,96 $;0,00 $;11,04 $;-6883,16 $;0,00 $;100,00%;4506,98 $;4506,98 $;0,00 $;6819,48 $;0,00 $;240,00;912,50 $;6125,00 $;1618,02 $;0,15%;
17/03/2025;2;130029,24 $;3888,96 $;3888,96 $;0,00 $;11,04 $;-3319,20 $;0,00 $;100,00%;1944,48 $;1944,48 $;0,00 $;2519,48 $;0,00 $;240,00;950,00 $;2862,50 $;918,02 $;0,15%;
18/03/2025;1;127448,72 $;-2580,52 $;0,00 $;-2580,52 $;5,52 $;-3380,24 $;-2580,52 $;0,00%;-2580,52 $;0,00 $;-2580,52 $;0,00 $;-2580,52 $;240,00;4450,00 $;675,00 $;3255,52 $;0,08%;
19/03/2025;2;129112,68 $;1663,96 $;1663,96 $;0,00 $;11,04 $;-2635,76 $;0,00 $;100,00%;831,98 $;831,98 $;0,00 $;919,48 $;0,00 $;240,00;2437,50 $;1687,50 $;855,52 $;0,15%;
25/03/2025;2;131651,64 $;2538,96 $;2538,96 $;0,00 $;11,04 $;-821,80 $;0,00 $;100,00%;1269,48 $;1269,48 $;0,00 $;1644,48 $;0,00 $;240,00;800,00 $;3487,50 $;2218,02 $;0,15%;
27/03/2025;1;132821,12 $;1169,48 $;1169,48 $;0,00 $;5,52 $;0,00 $;0,00 $;100,00%;1169,48 $;1169,48 $;0,00 $;1169,48 $;0,00 $;240,00;1175,00 $;4325,00 $;3155,52 $;0,08%;
31/03/2025;1;135615,60 $;2794,48 $;2794,48 $;0,00 $;5,52 $;0,00 $;0,00 $;100,00%;2794,48 $;2794,48 $;0,00 $;2794,48 $;0,00 $;120,00;125,00 $;4000,00 $;1205,52 $;0,08%;
02/04/2025;1;141310,08 $;5694,48 $;5694,48 $;0,00 $;5,52 $;0,00 $;0,00 $;100,00%;5694,48 $;5694,48 $;0,00 $;5694,48 $;0,00 $;240,00;650,00 $;5875,00 $;180,52 $;0,08%;
08/04/2025;2;132849,04 $;-8461,04 $;819,48 $;-9280,52 $;11,04 $;-9280,52 $;-9280,52 $;50,00%;-4230,52 $;819,48 $;-9280,52 $;819,48 $;-9280,52 $;420,00;9137,50 $;2600,00 $;6830,52 $;0,15%;
09/04/2025;1;166018,52 $;33169,48 $;33169,48 $;0,00 $;5,52 $;0,00 $;0,00 $;100,00%;33169,48 $;33169,48 $;0,00 $;33169,48 $;0,00 $;240,00;5125,00 $;37550,00 $;4380,52 $;0,08%;
10/04/2025;1;164163,00 $;-1855,52 $;0,00 $;-1855,52 $;5,52 $;-1855,52 $;-1855,52 $;0,00%;-1855,52 $;0,00 $;-1855,52 $;0,00 $;-1855,52 $;240,00;12575,00 $;3600,00 $;5455,52 $;0,08%;
11/04/2025;1;171957,48 $;7794,48 $;7794,48 $;0,00 $;5,52 $;0,00 $;0,00 $;100,00%;7794,48 $;7794,48 $;0,00 $;7794,48 $;0,00 $;240,00;3725,00 $;8650,00 $;855,52 $;0,08%;
14/04/2025;1;175876,96 $;3919,48 $;3919,48 $;0,00 $;5,52 $;0,00 $;0,00 $;100,00%;3919,48 $;3919,48 $;0,00 $;3919,48 $;0,00 $;180,00;1075,00 $;5450,00 $;1530,52 $;0,08%;
15/04/2025;1;176696,44 $;819,48 $;819,48 $;0,00 $;5,52 $;0,00 $;0,00 $;100,00%;819,48 $;819,48 $;0,00 $;819,48 $;0,00 $;180,00;600,00 $;2250,00 $;1430,52 $;0,08%;
16/04/2025;2;179160,40 $;2463,96 $;2463,96 $;0,00 $;11,04 $;0,00 $;0,00 $;100,00%;1231,98 $;1231,98 $;0,00 $;1369,48 $;0,00 $;240,00;1437,50 $;2825,00 $;1593,02 $;0,15%;
22/04/2025;1;176729,88 $;-2430,52 $;0,00 $;-2430,52 $;5,52 $;-2430,52 $;-2430,52 $;0,00%;-2430,52 $;0,00 $;-2430,52 $;0,00 $;-2430,52 $;240,00;3500,00 $;275,00 $;2705,52 $;0,08%;
23/04/2025;1;180199,36 $;3469,48 $;3469,48 $;0,00 $;5,52 $;0,00 $;0,00 $;100,00%;3469,48 $;3469,48 $;0,00 $;3469,48 $;0,00 $;240,00;900,00 $;6500,00 $;3030,52 $;0,08%;
24/04/2025;1;182918,84 $;2719,48 $;2719,48 $;0,00 $;5,52 $;0,00 $;0,00 $;100,00%;2719,48 $;2719,48 $;0,00 $;2719,48 $;0,00 $;240,00;1175,00 $;2850,00 $;130,52 $;0,08%;
25/04/2025;2;185507,80 $;2588,96 $;2588,96 $;0,00 $;11,04 $;0,00 $;0,00 $;100,00%;1294,48 $;1294,48 $;0,00 $;1644,48 $;0,00 $;240,00;1037,50 $;2575,00 $;1280,52 $;0,15%;
28/04/2025;2;185921,76 $;413,96 $;1119,48 $;-705,52 $;11,04 $;-705,52 $;-705,52 $;50,00%;206,98 $;1119,48 $;-705,52 $;1119,48 $;-705,52 $;240,00;1175,00 $;1750,00 $;1543,02 $;0,15%;
02/05/2025;1;191016,24 $;5094,48 $;5094,48 $;0,00 $;5,52 $;0,00 $;0,00 $;100,00%;5094,48 $;5094,48 $;0,00 $;5094,48 $;0,00 $;240,00;125,00 $;5175,00 $;80,52 $;0,08%;
05/05/2025;2;194355,20 $;3338,96 $;3338,96 $;0,00 $;11,04 $;0,00 $;0,00 $;100,00%;1669,48 $;1669,48 $;0,00 $;2469,48 $;0,00 $;240,00;425,00 $;2212,50 $;543,02 $;0,15%;
06/05/2025;1;194999,68 $;644,48 $;644,48 $;0,00 $;5,52 $;0,00 $;0,00 $;100,00%;644,48 $;644,48 $;0,00 $;644,48 $;0,00 $;60,00;100,00 $;1725,00 $;1080,52 $;0,08%;
07/05/2025;2;193888,64 $;-1111,04 $;969,48 $;-2080,52 $;11,04 $;-2080,52 $;-2080,52 $;50,00%;-555,52 $;969,48 $;-2080,52 $;969,48 $;-2080,52 $;480,00;2562,50 $;1925,00 $;2480,52 $;0,15%;
09/05/2025;1;193483,12 $;-405,52 $;0,00 $;-405,52 $;5,52 $;-1516,56 $;-405,52 $;0,00%;-405,52 $;0,00 $;-405,52 $;0,00 $;-405,52 $;240,00;2100,00 $;75,00 $;480,52 $;0,08%;
13/05/2025;2;194322,08 $;838,96 $;838,96 $;0,00 $;11,04 $;-797,08 $;0,00 $;100,00%;419,48 $;419,48 $;0,00 $;719,48 $;0,00 $;240,00;412,50 $;1425,00 $;1005,52 $;0,15%;
19/05/2025;1;195766,56 $;1444,48 $;1444,48 $;0,00 $;5,52 $;0,00 $;0,00 $;100,00%;1444,48 $;1444,48 $;0,00 $;1444,48 $;0,00 $;240,00;850,00 $;2050,00 $;605,52 $;0,08%;
20/05/2025;1;195486,04 $;-280,52 $;0,00 $;-280,52 $;5,52 $;-280,52 $;-280,52 $;0,00%;-280,52 $;0,00 $;-280,52 $;0,00 $;-280,52 $;180,00;1375,00 $;625,00 $;905,52 $;0,08%;
26/05/2025;1;195480,52 $;-5,52 $;0,00 $;-5,52 $;5,52 $;-286,04 $;-5,52 $;0,00%;-5,52 $;0,00 $;-5,52 $;0,00 $;-5,52 $;240,00;925,00 $;575,00 $;580,52 $;0,08%;
27/05/2025;1;194650,00 $;-830,52 $;0,00 $;-830,52 $;5,52 $;-1116,56 $;-830,52 $;0,00%;-830,52 $;0,00 $;-830,52 $;0,00 $;-830,52 $;240,00;1750,00 $;200,00 $;1030,52 $;0,08%;
29/05/2025;1;195819,48 $;1169,48 $;1169,48 $;0,00 $;5,52 $;0,00 $;0,00 $;100,00%;1169,48 $;1169,48 $;0,00 $;1169,48 $;0,00 $;0,00;200,00 $;1575,00 $;405,52 $;0,08%;
03/06/2025;2;197733,44 $;1913,96 $;1913,96 $;0,00 $;11,04 $;0,00 $;0,00 $;100,00%;956,98 $;956,98 $;0,00 $;1094,48 $;0,00 $;240,00;837,50 $;1325,00 $;368,02 $;0,15%;
06/06/2025;1;197452,92 $;-280,52 $;0,00 $;-280,52 $;5,52 $;-280,52 $;-280,52 $;0,00%;-280,52 $;0,00 $;-280,52 $;0,00 $;-280,52 $;180,00;1400,00 $;225,00 $;505,52 $;0,08%;
09/06/2025;1;197847,40 $;394,48 $;394,48 $;0,00 $;5,52 $;0,00 $;0,00 $;100,00%;394,48 $;394,48 $;0,00 $;394,48 $;0,00 $;240,00;475,00 $;1050,00 $;655,52 $;0,08%;
11/06/2025;1;197416,88 $;-430,52 $;0,00 $;-430,52 $;5,52 $;-430,52 $;-430,52 $;0,00%;-430,52 $;0,00 $;-430,52 $;0,00 $;-430,52 $;240,00;2125,00 $;1050,00 $;1480,52 $;0,08%;
12/06/2025;1;198011,36 $;594,48 $;594,48 $;0,00 $;5,52 $;0,00 $;0,00 $;100,00%;594,48 $;594,48 $;0,00 $;594,48 $;0,00 $;240,00;1000,00 $;2975,00 $;2380,52 $;0,08%;
13/06/2025;1;195705,84 $;-2305,52 $;0,00 $;-2305,52 $;5,52 $;-2305,52 $;-2305,52 $;0,00%;-2305,52 $;0,00 $;-2305,52 $;0,00 $;-2305,52 $;180,00;3825,00 $;850,00 $;3155,52 $;0,08%;
16/06/2025;1;197425,32 $;1719,48 $;1719,48 $;0,00 $;5,52 $;-586,04 $;0,00 $;100,00%;1719,48 $;1719,48 $;0,00 $;1719,48 $;0,00 $;240,00;2025,00 $;1975,00 $;255,52 $;0,08%;
17/06/2025;1;194969,80 $;-2455,52 $;0,00 $;-2455,52 $;5,52 $;-3041,56 $;-2455,52 $;0,00%;-2455,52 $;0,00 $;-2455,52 $;0,00 $;-2455,52 $;120,00;3125,00 $;100,00 $;2555,52 $;0,08%;
20/06/2025;1;193214,28 $;-1755,52 $;0,00 $;-1755,52 $;5,52 $;-4797,08 $;-1755,52 $;0,00%;-1755,52 $;0,00 $;-1755,52 $;0,00 $;-1755,52 $;120,00;1900,00 $;250,00 $;2005,52 $;0,08%;
23/06/2025;1;195508,76 $;2294,48 $;2294,48 $;0,00 $;5,52 $;-2502,60 $;0,00 $;100,00%;2294,48 $;2294,48 $;0,00 $;2294,48 $;0,00 $;240,00;3625,00 $;2500,00 $;205,52 $;0,08%;
24/06/2025;1;195153,24 $;-355,52 $;0,00 $;-355,52 $;5,52 $;-2858,12 $;-355,52 $;0,00%;-355,52 $;0,00 $;-355,52 $;0,00 $;-355,52 $;240,00;2600,00 $;500,00 $;855,52 $;0,08%;
25/06/2025;2;193217,20 $;-1936,04 $;0,00 $;-1936,04 $;11,04 $;-4794,16 $;-1936,04 $;0,00%;-968,02 $;0,00 $;-968,02 $;0,00 $;-1730,52 $;600,00;1850,00 $;350,00 $;1318,02 $;0,15%;
26/06/2025;1;190036,68 $;-3180,52 $;0,00 $;-3180,52 $;5,52 $;-7974,68 $;-3180,52 $;0,00%;-3180,52 $;0,00 $;-3180,52 $;0,00 $;-3180,52 $;240,00;4425,00 $;525,00 $;3705,52 $;0,08%;
27/06/2025;1;191381,16 $;1344,48 $;1344,48 $;0,00 $;5,52 $;-6630,20 $;0,00 $;100,00%;1344,48 $;1344,48 $;0,00 $;1344,48 $;0,00 $;240,00;1350,00 $;1575,00 $;230,52 $;0,08%;
30/06/2025;1;192100,64 $;719,48 $;719,48 $;0,00 $;5,52 $;-5910,72 $;0,00 $;100,00%;719,48 $;719,48 $;0,00 $;719,48 $;0,00 $;180,00;950,00 $;1150,00 $;430,52 $;0,08%;
02/07/2025;1;192495,12 $;394,48 $;394,48 $;0,00 $;5,52 $;-5516,24 $;0,00 $;100,00%;394,48 $;394,48 $;0,00 $;394,48 $;0,00 $;120,00;450,00 $;600,00 $;205,52 $;0,08%;
03/07/2025;1;195564,60 $;3069,48 $;3069,48 $;0,00 $;5,52 $;-2446,76 $;0,00 $;100,00%;3069,48 $;3069,48 $;0,00 $;3069,48 $;0,00 $;240,00;675,00 $;3475,00 $;405,52 $;0,08%;
04/07/2025;1;194234,08 $;-1330,52 $;0,00 $;-1330,52 $;5,52 $;-3777,28 $;-1330,52 $;0,00%;-1330,52 $;0,00 $;-1330,52 $;0,00 $;-1330,52 $;240,00;1950,00 $;575,00 $;1905,52 $;0,08%;
08/07/2025;1;194578,56 $;344,48 $;344,48 $;0,00 $;5,52 $;-3432,80 $;0,00 $;100,00%;344,48 $;344,48 $;0,00 $;344,48 $;0,00 $;180,00;450,00 $;1275,00 $;930,52 $;0,08%;
10/07/2025;1;193623,04 $;-955,52 $;0,00 $;-955,52 $;5,52 $;-4388,32 $;-955,52 $;0,00%;-955,52 $;0,00 $;-955,52 $;0,00 $;-955,52 $;240,00;1825,00 $;225,00 $;1180,52 $;0,08%;
11/07/2025;1;193417,52 $;-205,52 $;0,00 $;-205,52 $;5,52 $;-4593,84 $;-205,52 $;0,00%;-205,52 $;0,00 $;-205,52 $;0,00 $;-205,52 $;240,00;1475,00 $;275,00 $;480,52 $;0,08%;
15/07/2025;1;192412,00 $;-1005,52 $;0,00 $;-1005,52 $;5,52 $;-5599,36 $;-1005,52 $;0,00%;-1005,52 $;0,00 $;-1005,52 $;0,00 $;-1005,52 $;240,00;1975,00 $;50,00 $;1055,52 $;0,08%;
17/07/2025;1;194506,48 $;2094,48 $;2094,48 $;0,00 $;5,52 $;-3504,88 $;0,00 $;100,00%;2094,48 $;2094,48 $;0,00 $;2094,48 $;0,00 $;240,00;650,00 $;2525,00 $;430,52 $;0,08%;
18/07/2025;1;190850,96 $;-3655,52 $;0,00 $;-3655,52 $;5,52 $;-7160,40 $;-3655,52 $;0,00%;-3655,52 $;0,00 $;-3655,52 $;0,00 $;-3655,52 $;240,00;4400,00 $;75,00 $;3730,52 $;0,08%;
21/07/2025;2;189789,92 $;-1061,04 $;0,00 $;-1061,04 $;11,04 $;-8221,44 $;-1061,04 $;0,00%;-530,52 $;0,00 $;-530,52 $;0,00 $;-955,52 $;540,00;1537,50 $;500,00 $;1030,52 $;0,15%;
22/07/2025;1;185809,40 $;-3980,52 $;0,00 $;-3980,52 $;5,52 $;-12201,96 $;-3980,52 $;0,00%;-3980,52 $;0,00 $;-3980,52 $;0,00 $;-3980,52 $;240,00;4725,00 $;575,00 $;4555,52 $;0,08%;
24/07/2025;1;185653,88 $;-155,52 $;0,00 $;-155,52 $;5,52 $;-12357,48 $;-155,52 $;0,00%;-155,52 $;0,00 $;-155,52 $;0,00 $;-155,52 $;240,00;800,00 $;1225,00 $;1380,52 $;0,08%;
25/07/2025;2;189667,84 $;4013,96 $;4013,96 $;0,00 $;11,04 $;-9063,00 $;0,00 $;100,00%;2006,98 $;2006,98 $;0,00 $;3294,48 $;0,00 $;240,00;675,00 $;2100,00 $;93,02 $;0,15%;
29/07/2025;1;190112,32 $;444,48 $;444,48 $;0,00 $;5,52 $;-7899,04 $;0,00 $;100,00%;444,48 $;444,48 $;0,00 $;444,48 $;0,00 $;240,00;850,00 $;1775,00 $;1330,52 $;0,08%;
04/08/2025;1;190631,80 $;519,48 $;519,48 $;0,00 $;5,52 $;-7379,56 $;0,00 $;100,00%;519,48 $;519,48 $;0,00 $;519,48 $;0,00 $;240,00;1375,00 $;950,00 $;430,52 $;0,08%;
05/08/2025;1;192876,28 $;2244,48 $;2244,48 $;0,00 $;5,52 $;-5135,08 $;0,00 $;100,00%;2244,48 $;2244,48 $;0,00 $;2244,48 $;0,00 $;240,00;950,00 $;3050,00 $;805,52 $;0,08%;
06/08/2025;1;194270,76 $;1394,48 $;1394,48 $;0,00 $;5,52 $;-3740,60 $;0,00 $;100,00%;1394,48 $;1394,48 $;0,00 $;1394,48 $;0,00 $;240,00;75,00 $;2475,00 $;1080,52 $;0,08%;
08/08/2025;2;198684,72 $;4413,96 $;4413,96 $;0,00 $;11,04 $;-1521,12 $;0,00 $;100,00%;2206,98 $;2206,98 $;0,00 $;2219,48 $;0,00 $;240,00;162,50 $;3175,00 $;968,02 $;0,15%;
12/08/2025;2;200323,68 $;1638,96 $;2169,48 $;-530,52 $;11,04 $;-530,52 $;-530,52 $;50,00%;819,48 $;2169,48 $;-530,52 $;2169,48 $;-530,52 $;240,00;1487,50 $;1462,50 $;643,02 $;0,15%;
18/08/2025;1;202368,16 $;2044,48 $;2044,48 $;0,00 $;5,52 $;0,00 $;0,00 $;100,00%;2044,48 $;2044,48 $;0,00 $;2044,48 $;0,00 $;240,00;275,00 $;2125,00 $;80,52 $;0,08%;
19/08/2025;1;202887,64 $;519,48 $;519,48 $;0,00 $;5,52 $;0,00 $;0,00 $;100,00%;519,48 $;519,48 $;0,00 $;519,48 $;0,00 $;240,00;100,00 $;2100,00 $;1580,52 $;0,08%;
21/08/2025;1;203432,12 $;544,48 $;544,48 $;0,00 $;5,52 $;0,00 $;0,00 $;100,00%;544,48 $;544,48 $;0,00 $;544,48 $;0,00 $;240,00;300,00 $;1650,00 $;1105,52 $;0,08%;
22/08/2025;1;204851,60 $;1419,48 $;1419,48 $;0,00 $;5,52 $;0,00 $;0,00 $;100,00%;1419,48 $;1419,48 $;0,00 $;1419,48 $;0,00 $;240,00;275,00 $;4050,00 $;2630,52 $;0,08%;
25/08/2025;1;203971,08 $;-880,52 $;0,00 $;-880,52 $;5,52 $;-880,52 $;-880,52 $;0,00%;-880,52 $;0,00 $;-880,52 $;0,00 $;-880,52 $;240,00;2275,00 $;1350,00 $;2230,52 $;0,08%;
26/08/2025;1;204740,56 $;769,48 $;769,48 $;0,00 $;5,52 $;-111,04 $;0,00 $;100,00%;769,48 $;769,48 $;0,00 $;769,48 $;0,00 $;180,00;250,00 $;1000,00 $;230,52 $;0,08%;
27/08/2025;1;204835,04 $;94,48 $;94,48 $;0,00 $;5,52 $;-16,56 $;0,00 $;100,00%;94,48 $;94,48 $;0,00 $;94,48 $;0,00 $;60,00;300,00 $;550,00 $;455,52 $;0,08%;
01/09/2025;1;205604,52 $;769,48 $;769,48 $;0,00 $;5,52 $;0,00 $;0,00 $;100,00%;769,48 $;769,48 $;0,00 $;769,48 $;0,00 $;240,00;175,00 $;1050,00 $;280,52 $;0,08%;
03/09/2025;2;204893,48 $;-711,04 $;819,48 $;-1530,52 $;11,04 $;-1530,52 $;-1530,52 $;50,00%;-355,52 $;819,48 $;-1530,52 $;819,48 $;-1530,52 $;480,00;1787,50 $;650,00 $;1005,52 $;0,15%;
05/09/2025;1;205112,96 $;219,48 $;219,48 $;0,00 $;5,52 $;-491,56 $;0,00 $;100,00%;219,48 $;219,48 $;0,00 $;219,48 $;0,00 $;240,00;1550,00 $;1175,00 $;955,52 $;0,08%;
08/09/2025;1;207882,44 $;2769,48 $;2769,48 $;0,00 $;5,52 $;0,00 $;0,00 $;100,00%;2769,48 $;2769,48 $;0,00 $;2769,48 $;0,00 $;240,00;950,00 $;3525,00 $;755,52 $;0,08%;
12/09/2025;2;208371,40 $;488,96 $;769,48 $;-280,52 $;11,04 $;-280,52 $;-280,52 $;50,00%;244,48 $;769,48 $;-280,52 $;769,48 $;-280,52 $;420,00;687,50 $;662,50 $;418,02 $;0,15%;
15/09/2025;1;208565,88 $;194,48 $;194,48 $;0,00 $;5,52 $;-86,04 $;0,00 $;100,00%;194,48 $;194,48 $;0,00 $;194,48 $;0,00 $;120,00;550,00 $;525,00 $;330,52 $;0,08%;
19/09/2025;2;206954,84 $;-1611,04 $;0,00 $;-1611,04 $;11,04 $;-1697,08 $;-1611,04 $;0,00%;-805,52 $;0,00 $;-805,52 $;0,00 $;-1280,52 $;600,00;2100,00 $;300,00 $;1105,52 $;0,15%;
22/09/2025;1;208924,32 $;1969,48 $;1969,48 $;0,00 $;5,52 $;0,00 $;0,00 $;100,00%;1969,48 $;1969,48 $;0,00 $;1969,48 $;0,00 $;240,00;875,00 $;2200,00 $;230,52 $;0,08%;
23/09/2025;2;208288,28 $;-636,04 $;0,00 $;-636,04 $;11,04 $;-636,04 $;-636,04 $;0,00%;-318,02 $;0,00 $;-318,02 $;0,00 $;-505,52 $;360,00;1262,50 $;562,50 $;880,52 $;0,15%;
24/09/2025;1;209532,76 $;1244,48 $;1244,48 $;0,00 $;5,52 $;0,00 $;0,00 $;100,00%;1244,48 $;1244,48 $;0,00 $;1244,48 $;0,00 $;240,00;75,00 $;2850,00 $;1605,52 $;0,08%;
26/09/2025;1;212827,24 $;3294,48 $;3294,48 $;0,00 $;5,52 $;0,00 $;0,00 $;100,00%;3294,48 $;3294,48 $;0,00 $;3294,48 $;0,00 $;240,00;550,00 $;3650,00 $;355,52 $;0,08%;
29/09/2025;1;213571,72 $;744,48 $;744,48 $;0,00 $;5,52 $;0,00 $;0,00 $;100,00%;744,48 $;744,48 $;0,00 $;744,48 $;0,00 $;240,00;125,00 $;2025,00 $;1280,52 $;0,08%;
30/09/2025;2;216885,68 $;3313,96 $;3313,96 $;0,00 $;11,04 $;0,00 $;0,00 $;100,00%;1656,98 $;1656,98 $;0,00 $;2144,48 $;0,00 $;240,00;425,00 $;2400,00 $;743,02 $;0,15%;
02/10/2025;2;216649,64 $;-236,04 $;244,48 $;-480,52 $;11,04 $;-480,52 $;-480,52 $;50,00%;-118,02 $;244,48 $;-480,52 $;244,48 $;-480,52 $;420,00;1050,00 $;900,00 $;1018,02 $;0,15%;
03/10/2025;2;214338,60 $;-2311,04 $;0,00 $;-2311,04 $;11,04 $;-2791,56 $;-2311,04 $;0,00%;-1155,52 $;0,00 $;-1155,52 $;0,00 $;-2005,52 $;600,00;2087,50 $;187,50 $;1343,02 $;0,15%;
07/10/2025;2;212552,56 $;-1786,04 $;0,00 $;-1786,04 $;11,04 $;-4577,60 $;-1786,04 $;0,00%;-893,02 $;0,00 $;-893,02 $;0,00 $;-1380,52 $;420,00;1350,00 $;450,00 $;1343,02 $;0,15%;
09/10/2025;1;212147,04 $;-405,52 $;0,00 $;-405,52 $;5,52 $;-4983,12 $;-405,52 $;0,00%;-405,52 $;0,00 $;-405,52 $;0,00 $;-405,52 $;240,00;1600,00 $;2300,00 $;2705,52 $;0,08%;
10/10/2025;1;203641,52 $;-8505,52 $;0,00 $;-8505,52 $;5,52 $;-13488,64 $;-8505,52 $;0,00%;-8505,52 $;0,00 $;-8505,52 $;0,00 $;-8505,52 $;240,00;10475,00 $;550,00 $;9055,52 $;0,08%;
14/10/2025;1;203411,00 $;-230,52 $;0,00 $;-230,52 $;5,52 $;-13719,16 $;-230,52 $;0,00%;-230,52 $;0,00 $;-230,52 $;0,00 $;-230,52 $;120,00;1550,00 $;1050,00 $;1280,52 $;0,08%;
15/10/2025;1;201455,48 $;-1955,52 $;0,00 $;-1955,52 $;5,52 $;-15674,68 $;-1955,52 $;0,00%;-1955,52 $;0,00 $;-1955,52 $;0,00 $;-1955,52 $;240,00;5375,00 $;175,00 $;2130,52 $;0,08%;
16/10/2025;1;202049,96 $;594,48 $;594,48 $;0,00 $;5,52 $;-15080,20 $;0,00 $;100,00%;594,48 $;594,48 $;0,00 $;594,48 $;0,00 $;240,00;1350,00 $;3525,00 $;2930,52 $;0,08%;
20/10/2025;2;206313,92 $;4263,96 $;4263,96 $;0,00 $;11,04 $;-12310,72 $;0,00 $;100,00%;2131,98 $;2131,98 $;0,00 $;2769,48 $;0,00 $;240,00;200,00 $;2287,50 $;155,52 $;0,15%;
21/10/2025;1;207033,40 $;719,48 $;719,48 $;0,00 $;5,52 $;-10096,76 $;0,00 $;100,00%;719,48 $;719,48 $;0,00 $;719,48 $;0,00 $;240,00;2375,00 $;1550,00 $;830,52 $;0,08%;
22/10/2025;1;201802,88 $;-5230,52 $;0,00 $;-5230,52 $;5,52 $;-15327,28 $;-5230,52 $;0,00%;-5230,52 $;0,00 $;-5230,52 $;0,00 $;-5230,52 $;240,00;9125,00 $;75,00 $;5305,52 $;0,08%;
23/10/2025;1;203872,36 $;2069,48 $;2069,48 $;0,00 $;5,52 $;-13257,80 $;0,00 $;100,00%;2069,48 $;2069,48 $;0,00 $;2069,48 $;0,00 $;240,00;650,00 $;2150,00 $;80,52 $;0,08%;
24/10/2025;1;204041,84 $;169,48 $;169,48 $;0,00 $;5,52 $;-13088,32 $;0,00 $;100,00%;169,48 $;169,48 $;0,00 $;169,48 $;0,00 $;240,00;450,00 $;1000,00 $;830,52 $;0,08%;
