Period;#;Cum. net profit;Net profit;Gross profit;Gross loss;Commission;Cum. max. drawdown;Max. drawdown;% Win;Avg. trade;Avg. winner;Avg. loser;Lrg. winner;Lrg. loser;MTR;Avg. MAE;Avg. MFE;Avg. ETD;% Trade;
07/02/2019;1;-105,68 $;-105,68 $;0,00 $;-105,68 $;5,68 $;-105,68 $;-105,68 $;0,00%;-105,68 $;0,00 $;-105,68 $;0,00 $;-105,68 $;0,00;140,00 $;0,00 $;105,68 $;0,07%;
08/02/2019;1;358,64 $;464,32 $;464,32 $;0,00 $;5,68 $;0,00 $;0,00 $;100,00%;464,32 $;464,32 $;0,00 $;464,32 $;0,00 $;30,00;95,00 $;500,00 $;35,68 $;0,07%;
11/02/2019;1;92,96 $;-265,68 $;0,00 $;-265,68 $;5,68 $;-265,68 $;-265,68 $;0,00%;-265,68 $;0,00 $;-265,68 $;0,00 $;-265,68 $;210,00;455,00 $;50,00 $;315,68 $;0,07%;
12/02/2019;1;422,28 $;329,32 $;329,32 $;0,00 $;5,68 $;0,00 $;0,00 $;100,00%;329,32 $;329,32 $;0,00 $;329,32 $;0,00 $;240,00;80,00 $;460,00 $;130,68 $;0,07%;
13/02/2019;1;271,60 $;-150,68 $;0,00 $;-150,68 $;5,68 $;-150,68 $;-150,68 $;0,00%;-150,68 $;0,00 $;-150,68 $;0,00 $;-150,68 $;90,00;145,00 $;380,00 $;530,68 $;0,07%;
14/02/2019;1;-284,08 $;-555,68 $;0,00 $;-555,68 $;5,68 $;-706,36 $;-555,68 $;0,00%;-555,68 $;0,00 $;-555,68 $;0,00 $;-555,68 $;150,00;550,00 $;225,00 $;780,68 $;0,07%;
15/02/2019;1;225,24 $;509,32 $;509,32 $;0,00 $;5,68 $;-197,04 $;0,00 $;100,00%;509,32 $;509,32 $;0,00 $;509,32 $;0,00 $;30,00;35,00 $;545,00 $;35,68 $;0,07%;
19/02/2019;1;634,56 $;409,32 $;409,32 $;0,00 $;5,68 $;0,00 $;0,00 $;100,00%;409,32 $;409,32 $;0,00 $;409,32 $;0,00 $;240,00;15,00 $;565,00 $;155,68 $;0,07%;
21/02/2019;1;453,88 $;-180,68 $;0,00 $;-180,68 $;5,68 $;-180,68 $;-180,68 $;0,00%;-180,68 $;0,00 $;-180,68 $;0,00 $;-180,68 $;210,00;595,00 $;170,00 $;350,68 $;0,07%;
22/02/2019;1;233,20 $;-220,68 $;0,00 $;-220,68 $;5,68 $;-401,36 $;-220,68 $;0,00%;-220,68 $;0,00 $;-220,68 $;0,00 $;-220,68 $;240,00;645,00 $;70,00 $;290,68 $;0,07%;
25/02/2019;1;-47,48 $;-280,68 $;0,00 $;-280,68 $;5,68 $;-682,04 $;-280,68 $;0,00%;-280,68 $;0,00 $;-280,68 $;0,00 $;-280,68 $;150,00;325,00 $;165,00 $;445,68 $;0,07%;
27/02/2019;1;141,84 $;189,32 $;189,32 $;0,00 $;5,68 $;-492,72 $;0,00 $;100,00%;189,32 $;189,32 $;0,00 $;189,32 $;0,00 $;210,00;45,00 $;335,00 $;145,68 $;0,07%;
28/02/2019;1;36,16 $;-105,68 $;0,00 $;-105,68 $;5,68 $;-598,40 $;-105,68 $;0,00%;-105,68 $;0,00 $;-105,68 $;0,00 $;-105,68 $;150,00;260,00 $;125,00 $;230,68 $;0,07%;
01/03/2019;1;50,48 $;14,32 $;14,32 $;0,00 $;5,68 $;-584,08 $;0,00 $;100,00%;14,32 $;14,32 $;0,00 $;14,32 $;0,00 $;90,00;180,00 $;135,00 $;120,68 $;0,07%;
04/03/2019;1;624,80 $;574,32 $;574,32 $;0,00 $;5,68 $;-9,76 $;0,00 $;100,00%;574,32 $;574,32 $;0,00 $;574,32 $;0,00 $;150,00;65,00 $;690,00 $;115,68 $;0,07%;
05/03/2019;1;699,12 $;74,32 $;74,32 $;0,00 $;5,68 $;0,00 $;0,00 $;100,00%;74,32 $;74,32 $;0,00 $;74,32 $;0,00 $;210,00;140,00 $;300,00 $;225,68 $;0,07%;
06/03/2019;1;708,44 $;9,32 $;9,32 $;0,00 $;5,68 $;0,00 $;0,00 $;100,00%;9,32 $;9,32 $;0,00 $;9,32 $;0,00 $;30,00;35,00 $;220,00 $;210,68 $;0,07%;
07/03/2019;1;607,76 $;-100,68 $;0,00 $;-100,68 $;5,68 $;-100,68 $;-100,68 $;0,00%;-100,68 $;0,00 $;-100,68 $;0,00 $;-100,68 $;240,00;240,00 $;590,00 $;690,68 $;0,07%;
11/03/2019;1;967,08 $;359,32 $;359,32 $;0,00 $;5,68 $;0,00 $;0,00 $;100,00%;359,32 $;359,32 $;0,00 $;359,32 $;0,00 $;150,00;65,00 $;490,00 $;130,68 $;0,07%;
12/03/2019;1;1126,40 $;159,32 $;159,32 $;0,00 $;5,68 $;0,00 $;0,00 $;100,00%;159,32 $;159,32 $;0,00 $;159,32 $;0,00 $;30,00;150,00 $;175,00 $;15,68 $;0,07%;
13/03/2019;1;655,72 $;-470,68 $;0,00 $;-470,68 $;5,68 $;-470,68 $;-470,68 $;0,00%;-470,68 $;0,00 $;-470,68 $;0,00 $;-470,68 $;240,00;915,00 $;145,00 $;615,68 $;0,07%;
14/03/2019;1;635,04 $;-20,68 $;0,00 $;-20,68 $;5,68 $;-491,36 $;-20,68 $;0,00%;-20,68 $;0,00 $;-20,68 $;0,00 $;-20,68 $;30,00;85,00 $;105,00 $;125,68 $;0,07%;
15/03/2019;1;529,36 $;-105,68 $;0,00 $;-105,68 $;5,68 $;-597,04 $;-105,68 $;0,00%;-105,68 $;0,00 $;-105,68 $;0,00 $;-105,68 $;150,00;355,00 $;125,00 $;230,68 $;0,07%;
18/03/2019;1;808,68 $;279,32 $;279,32 $;0,00 $;5,68 $;-317,72 $;0,00 $;100,00%;279,32 $;279,32 $;0,00 $;279,32 $;0,00 $;240,00;150,00 $;440,00 $;160,68 $;0,07%;
19/03/2019;1;208,00 $;-600,68 $;0,00 $;-600,68 $;5,68 $;-918,40 $;-600,68 $;0,00%;-600,68 $;0,00 $;-600,68 $;0,00 $;-600,68 $;150,00;915,00 $;70,00 $;670,68 $;0,07%;
20/03/2019;1;-12,68 $;-220,68 $;0,00 $;-220,68 $;5,68 $;-1139,08 $;-220,68 $;0,00%;-220,68 $;0,00 $;-220,68 $;0,00 $;-220,68 $;150,00;240,00 $;1095,00 $;1315,68 $;0,07%;
21/03/2019;1;311,64 $;324,32 $;324,32 $;0,00 $;5,68 $;-814,76 $;0,00 $;100,00%;324,32 $;324,32 $;0,00 $;324,32 $;0,00 $;240,00;220,00 $;495,00 $;170,68 $;0,07%;
22/03/2019;2;-19,72 $;-331,36 $;0,00 $;-331,36 $;11,36 $;-1146,12 $;-331,36 $;0,00%;-165,68 $;0,00 $;-165,68 $;0,00 $;-200,68 $;270,00;440,00 $;180,00 $;345,68 $;0,14%;
25/03/2019;1;-435,40 $;-415,68 $;0,00 $;-415,68 $;5,68 $;-1561,80 $;-415,68 $;0,00%;-415,68 $;0,00 $;-415,68 $;0,00 $;-415,68 $;240,00;1075,00 $;20,00 $;435,68 $;0,07%;
26/03/2019;1;-1326,08 $;-890,68 $;0,00 $;-890,68 $;5,68 $;-2452,48 $;-890,68 $;0,00%;-890,68 $;0,00 $;-890,68 $;0,00 $;-890,68 $;240,00;1030,00 $;130,00 $;1020,68 $;0,07%;
27/03/2019;1;-661,76 $;664,32 $;664,32 $;0,00 $;5,68 $;-1788,16 $;0,00 $;100,00%;664,32 $;664,32 $;0,00 $;664,32 $;0,00 $;240,00;430,00 $;725,00 $;60,68 $;0,07%;
28/03/2019;1;-162,44 $;499,32 $;499,32 $;0,00 $;5,68 $;-1288,84 $;0,00 $;100,00%;499,32 $;499,32 $;0,00 $;499,32 $;0,00 $;210,00;85,00 $;540,00 $;40,68 $;0,07%;
29/03/2019;1;-53,12 $;109,32 $;109,32 $;0,00 $;5,68 $;-1179,52 $;0,00 $;100,00%;109,32 $;109,32 $;0,00 $;109,32 $;0,00 $;240,00;225,00 $;360,00 $;250,68 $;0,07%;
01/04/2019;1;246,20 $;299,32 $;299,32 $;0,00 $;5,68 $;-880,20 $;0,00 $;100,00%;299,32 $;299,32 $;0,00 $;299,32 $;0,00 $;240,00;145,00 $;330,00 $;30,68 $;0,07%;
03/04/2019;1;210,52 $;-35,68 $;0,00 $;-35,68 $;5,68 $;-915,88 $;-35,68 $;0,00%;-35,68 $;0,00 $;-35,68 $;0,00 $;-35,68 $;150,00;555,00 $;10,00 $;45,68 $;0,07%;
05/04/2019;1;259,84 $;49,32 $;49,32 $;0,00 $;5,68 $;-866,56 $;0,00 $;100,00%;49,32 $;49,32 $;0,00 $;49,32 $;0,00 $;240,00;275,00 $;85,00 $;35,68 $;0,07%;
08/04/2019;1;254,16 $;-5,68 $;0,00 $;-5,68 $;5,68 $;-872,24 $;-5,68 $;0,00%;-5,68 $;0,00 $;-5,68 $;0,00 $;-5,68 $;240,00;195,00 $;150,00 $;155,68 $;0,07%;
09/04/2019;1;58,48 $;-195,68 $;0,00 $;-195,68 $;5,68 $;-1067,92 $;-195,68 $;0,00%;-195,68 $;0,00 $;-195,68 $;0,00 $;-195,68 $;240,00;230,00 $;225,00 $;420,68 $;0,07%;
10/04/2019;1;187,80 $;129,32 $;129,32 $;0,00 $;5,68 $;-938,60 $;0,00 $;100,00%;129,32 $;129,32 $;0,00 $;129,32 $;0,00 $;240,00;70,00 $;265,00 $;135,68 $;0,07%;
11/04/2019;1;302,12 $;114,32 $;114,32 $;0,00 $;5,68 $;-824,28 $;0,00 $;100,00%;114,32 $;114,32 $;0,00 $;114,32 $;0,00 $;210,00;250,00 $;245,00 $;130,68 $;0,07%;
15/04/2019;1;406,44 $;104,32 $;104,32 $;0,00 $;5,68 $;-719,96 $;0,00 $;100,00%;104,32 $;104,32 $;0,00 $;104,32 $;0,00 $;240,00;205,00 $;170,00 $;65,68 $;0,07%;
17/04/2019;1;525,76 $;119,32 $;119,32 $;0,00 $;5,68 $;-600,64 $;0,00 $;100,00%;119,32 $;119,32 $;0,00 $;119,32 $;0,00 $;240,00;180,00 $;195,00 $;75,68 $;0,07%;
18/04/2019;1;545,08 $;19,32 $;19,32 $;0,00 $;5,68 $;-581,32 $;0,00 $;100,00%;19,32 $;19,32 $;0,00 $;19,32 $;0,00 $;210,00;150,00 $;170,00 $;150,68 $;0,07%;
22/04/2019;1;599,40 $;54,32 $;54,32 $;0,00 $;5,68 $;-527,00 $;0,00 $;100,00%;54,32 $;54,32 $;0,00 $;54,32 $;0,00 $;30,00;0,00 $;165,00 $;110,68 $;0,07%;
23/04/2019;1;508,72 $;-90,68 $;0,00 $;-90,68 $;5,68 $;-617,68 $;-90,68 $;0,00%;-90,68 $;0,00 $;-90,68 $;0,00 $;-90,68 $;150,00;205,00 $;20,00 $;110,68 $;0,07%;
24/04/2019;1;118,04 $;-390,68 $;0,00 $;-390,68 $;5,68 $;-1008,36 $;-390,68 $;0,00%;-390,68 $;0,00 $;-390,68 $;0,00 $;-390,68 $;90,00;415,00 $;175,00 $;565,68 $;0,07%;
25/04/2019;1;72,36 $;-45,68 $;0,00 $;-45,68 $;5,68 $;-1054,04 $;-45,68 $;0,00%;-45,68 $;0,00 $;-45,68 $;0,00 $;-45,68 $;210,00;95,00 $;355,00 $;400,68 $;0,07%;
26/04/2019;1;206,68 $;134,32 $;134,32 $;0,00 $;5,68 $;-919,72 $;0,00 $;100,00%;134,32 $;134,32 $;0,00 $;134,32 $;0,00 $;150,00;160,00 $;330,00 $;195,68 $;0,07%;
29/04/2019;1;171,00 $;-35,68 $;0,00 $;-35,68 $;5,68 $;-955,40 $;-35,68 $;0,00%;-35,68 $;0,00 $;-35,68 $;0,00 $;-35,68 $;210,00;120,00 $;170,00 $;205,68 $;0,07%;
01/05/2019;1;-409,68 $;-580,68 $;0,00 $;-580,68 $;5,68 $;-1536,08 $;-580,68 $;0,00%;-580,68 $;0,00 $;-580,68 $;0,00 $;-580,68 $;240,00;675,00 $;170,00 $;750,68 $;0,07%;
02/05/2019;1;-350,36 $;59,32 $;59,32 $;0,00 $;5,68 $;-1476,76 $;0,00 $;100,00%;59,32 $;59,32 $;0,00 $;59,32 $;0,00 $;30,00;190,00 $;105,00 $;45,68 $;0,07%;
03/05/2019;1;-216,04 $;134,32 $;134,32 $;0,00 $;5,68 $;-1342,44 $;0,00 $;100,00%;134,32 $;134,32 $;0,00 $;134,32 $;0,00 $;90,00;110,00 $;145,00 $;10,68 $;0,07%;
06/05/2019;1;403,28 $;619,32 $;619,32 $;0,00 $;5,68 $;-723,12 $;0,00 $;100,00%;619,32 $;619,32 $;0,00 $;619,32 $;0,00 $;240,00;385,00 $;705,00 $;85,68 $;0,07%;
07/05/2019;1;877,60 $;474,32 $;474,32 $;0,00 $;5,68 $;-248,80 $;0,00 $;100,00%;474,32 $;474,32 $;0,00 $;474,32 $;0,00 $;150,00;615,00 $;555,00 $;80,68 $;0,07%;
08/05/2019;1;1231,92 $;354,32 $;354,32 $;0,00 $;5,68 $;0,00 $;0,00 $;100,00%;354,32 $;354,32 $;0,00 $;354,32 $;0,00 $;240,00;400,00 $;395,00 $;40,68 $;0,07%;
09/05/2019;1;1426,24 $;194,32 $;194,32 $;0,00 $;5,68 $;0,00 $;0,00 $;100,00%;194,32 $;194,32 $;0,00 $;194,32 $;0,00 $;150,00;285,00 $;525,00 $;330,68 $;0,07%;
10/05/2019;1;3730,56 $;2304,32 $;2304,32 $;0,00 $;5,68 $;0,00 $;0,00 $;100,00%;2304,32 $;2304,32 $;0,00 $;2304,32 $;0,00 $;240,00;305,00 $;2420,00 $;115,68 $;0,07%;
14/05/2019;1;3324,88 $;-405,68 $;0,00 $;-405,68 $;5,68 $;-405,68 $;-405,68 $;0,00%;-405,68 $;0,00 $;-405,68 $;0,00 $;-405,68 $;150,00;700,00 $;115,00 $;520,68 $;0,07%;
15/05/2019;1;3534,20 $;209,32 $;209,32 $;0,00 $;5,68 $;-196,36 $;0,00 $;100,00%;209,32 $;209,32 $;0,00 $;209,32 $;0,00 $;150,00;0,00 $;455,00 $;245,68 $;0,07%;
16/05/2019;1;3218,52 $;-315,68 $;0,00 $;-315,68 $;5,68 $;-512,04 $;-315,68 $;0,00%;-315,68 $;0,00 $;-315,68 $;0,00 $;-315,68 $;210,00;530,00 $;65,00 $;380,68 $;0,07%;
17/05/2019;1;2827,84 $;-390,68 $;0,00 $;-390,68 $;5,68 $;-902,72 $;-390,68 $;0,00%;-390,68 $;0,00 $;-390,68 $;0,00 $;-390,68 $;210,00;595,00 $;400,00 $;790,68 $;0,07%;
20/05/2019;1;2692,16 $;-135,68 $;0,00 $;-135,68 $;5,68 $;-1038,40 $;-135,68 $;0,00%;-135,68 $;0,00 $;-135,68 $;0,00 $;-135,68 $;240,00;445,00 $;305,00 $;440,68 $;0,07%;
23/05/2019;1;3161,48 $;469,32 $;469,32 $;0,00 $;5,68 $;-569,08 $;0,00 $;100,00%;469,32 $;469,32 $;0,00 $;469,32 $;0,00 $;210,00;310,00 $;560,00 $;90,68 $;0,07%;
24/05/2019;1;3530,80 $;369,32 $;369,32 $;0,00 $;5,68 $;-199,76 $;0,00 $;100,00%;369,32 $;369,32 $;0,00 $;369,32 $;0,00 $;240,00;50,00 $;470,00 $;100,68 $;0,07%;
27/05/2019;1;3545,12 $;14,32 $;14,32 $;0,00 $;5,68 $;-185,44 $;0,00 $;100,00%;14,32 $;14,32 $;0,00 $;14,32 $;0,00 $;30,00;85,00 $;40,00 $;25,68 $;0,07%;
28/05/2019;1;2849,44 $;-695,68 $;0,00 $;-695,68 $;5,68 $;-881,12 $;-695,68 $;0,00%;-695,68 $;0,00 $;-695,68 $;0,00 $;-695,68 $;240,00;730,00 $;225,00 $;920,68 $;0,07%;
29/05/2019;1;3218,76 $;369,32 $;369,32 $;0,00 $;5,68 $;-511,80 $;0,00 $;100,00%;369,32 $;369,32 $;0,00 $;369,32 $;0,00 $;210,00;275,00 $;615,00 $;245,68 $;0,07%;
31/05/2019;1;2723,08 $;-495,68 $;0,00 $;-495,68 $;5,68 $;-1007,48 $;-495,68 $;0,00%;-495,68 $;0,00 $;-495,68 $;0,00 $;-495,68 $;210,00;575,00 $;225,00 $;720,68 $;0,07%;
03/06/2019;1;3037,40 $;314,32 $;314,32 $;0,00 $;5,68 $;-693,16 $;0,00 $;100,00%;314,32 $;314,32 $;0,00 $;314,32 $;0,00 $;90,00;820,00 $;335,00 $;20,68 $;0,07%;
04/06/2019;1;3231,72 $;194,32 $;194,32 $;0,00 $;5,68 $;-498,84 $;0,00 $;100,00%;194,32 $;194,32 $;0,00 $;194,32 $;0,00 $;240,00;225,00 $;235,00 $;40,68 $;0,07%;
06/06/2019;1;3721,04 $;489,32 $;489,32 $;0,00 $;5,68 $;-9,52 $;0,00 $;100,00%;489,32 $;489,32 $;0,00 $;489,32 $;0,00 $;240,00;345,00 $;525,00 $;35,68 $;0,07%;
10/06/2019;1;3395,36 $;-325,68 $;0,00 $;-325,68 $;5,68 $;-335,20 $;-325,68 $;0,00%;-325,68 $;0,00 $;-325,68 $;0,00 $;-325,68 $;240,00;490,00 $;280,00 $;605,68 $;0,07%;
11/06/2019;1;2969,68 $;-425,68 $;0,00 $;-425,68 $;5,68 $;-760,88 $;-425,68 $;0,00%;-425,68 $;0,00 $;-425,68 $;0,00 $;-425,68 $;240,00;615,00 $;35,00 $;460,68 $;0,07%;
12/06/2019;1;2889,00 $;-80,68 $;0,00 $;-80,68 $;5,68 $;-841,56 $;-80,68 $;0,00%;-80,68 $;0,00 $;-80,68 $;0,00 $;-80,68 $;240,00;265,00 $;135,00 $;215,68 $;0,07%;
13/06/2019;1;3113,32 $;224,32 $;224,32 $;0,00 $;5,68 $;-617,24 $;0,00 $;100,00%;224,32 $;224,32 $;0,00 $;224,32 $;0,00 $;90,00;295,00 $;275,00 $;50,68 $;0,07%;
14/06/2019;1;3442,64 $;329,32 $;329,32 $;0,00 $;5,68 $;-287,92 $;0,00 $;100,00%;329,32 $;329,32 $;0,00 $;329,32 $;0,00 $;240,00;125,00 $;385,00 $;55,68 $;0,07%;
17/06/2019;1;3446,96 $;4,32 $;4,32 $;0,00 $;5,68 $;-283,60 $;0,00 $;100,00%;4,32 $;4,32 $;0,00 $;4,32 $;0,00 $;210,00;145,00 $;210,00 $;205,68 $;0,07%;
18/06/2019;1;3506,28 $;59,32 $;59,32 $;0,00 $;5,68 $;-224,28 $;0,00 $;100,00%;59,32 $;59,32 $;0,00 $;59,32 $;0,00 $;240,00;360,00 $;135,00 $;75,68 $;0,07%;
24/06/2019;1;3445,60 $;-60,68 $;0,00 $;-60,68 $;5,68 $;-284,96 $;-60,68 $;0,00%;-60,68 $;0,00 $;-60,68 $;0,00 $;-60,68 $;210,00;190,00 $;45,00 $;105,68 $;0,07%;
25/06/2019;1;3019,92 $;-425,68 $;0,00 $;-425,68 $;5,68 $;-710,64 $;-425,68 $;0,00%;-425,68 $;0,00 $;-425,68 $;0,00 $;-425,68 $;150,00;570,00 $;140,00 $;565,68 $;0,07%;
26/06/2019;1;2844,24 $;-175,68 $;0,00 $;-175,68 $;5,68 $;-886,32 $;-175,68 $;0,00%;-175,68 $;0,00 $;-175,68 $;0,00 $;-175,68 $;240,00;320,00 $;145,00 $;320,68 $;0,07%;
27/06/2019;1;3218,56 $;374,32 $;374,32 $;0,00 $;5,68 $;-512,00 $;0,00 $;100,00%;374,32 $;374,32 $;0,00 $;374,32 $;0,00 $;240,00;50,00 $;605,00 $;230,68 $;0,07%;
01/07/2019;1;3417,88 $;199,32 $;199,32 $;0,00 $;5,68 $;-312,68 $;0,00 $;100,00%;199,32 $;199,32 $;0,00 $;199,32 $;0,00 $;150,00;245,00 $;305,00 $;105,68 $;0,07%;
05/07/2019;1;3907,20 $;489,32 $;489,32 $;0,00 $;5,68 $;0,00 $;0,00 $;100,00%;489,32 $;489,32 $;0,00 $;489,32 $;0,00 $;240,00;100,00 $;605,00 $;115,68 $;0,07%;
08/07/2019;1;3846,52 $;-60,68 $;0,00 $;-60,68 $;5,68 $;-60,68 $;-60,68 $;0,00%;-60,68 $;0,00 $;-60,68 $;0,00 $;-60,68 $;30,00;120,00 $;105,00 $;165,68 $;0,07%;
09/07/2019;1;4170,84 $;324,32 $;324,32 $;0,00 $;5,68 $;0,00 $;0,00 $;100,00%;324,32 $;324,32 $;0,00 $;324,32 $;0,00 $;210,00;15,00 $;470,00 $;145,68 $;0,07%;
10/07/2019;1;4275,16 $;104,32 $;104,32 $;0,00 $;5,68 $;0,00 $;0,00 $;100,00%;104,32 $;104,32 $;0,00 $;104,32 $;0,00 $;240,00;45,00 $;465,00 $;360,68 $;0,07%;
15/07/2019;1;4334,48 $;59,32 $;59,32 $;0,00 $;5,68 $;0,00 $;0,00 $;100,00%;59,32 $;59,32 $;0,00 $;59,32 $;0,00 $;30,00;35,00 $;150,00 $;90,68 $;0,07%;
16/07/2019;1;4443,80 $;109,32 $;109,32 $;0,00 $;5,68 $;0,00 $;0,00 $;100,00%;109,32 $;109,32 $;0,00 $;109,32 $;0,00 $;210,00;15,00 $;325,00 $;215,68 $;0,07%;
17/07/2019;1;4298,12 $;-145,68 $;0,00 $;-145,68 $;5,68 $;-145,68 $;-145,68 $;0,00%;-145,68 $;0,00 $;-145,68 $;0,00 $;-145,68 $;240,00;160,00 $;215,00 $;360,68 $;0,07%;
18/07/2019;1;4772,44 $;474,32 $;474,32 $;0,00 $;5,68 $;0,00 $;0,00 $;100,00%;474,32 $;474,32 $;0,00 $;474,32 $;0,00 $;90,00;175,00 $;530,00 $;55,68 $;0,07%;
22/07/2019;1;5021,76 $;249,32 $;249,32 $;0,00 $;5,68 $;0,00 $;0,00 $;100,00%;249,32 $;249,32 $;0,00 $;249,32 $;0,00 $;240,00;65,00 $;475,00 $;225,68 $;0,07%;
23/07/2019;1;5391,08 $;369,32 $;369,32 $;0,00 $;5,68 $;0,00 $;0,00 $;100,00%;369,32 $;369,32 $;0,00 $;369,32 $;0,00 $;150,00;10,00 $;630,00 $;260,68 $;0,07%;
24/07/2019;1;5410,40 $;19,32 $;19,32 $;0,00 $;5,68 $;0,00 $;0,00 $;100,00%;19,32 $;19,32 $;0,00 $;19,32 $;0,00 $;30,00;90,00 $;120,00 $;100,68 $;0,07%;
25/07/2019;1;5149,72 $;-260,68 $;0,00 $;-260,68 $;5,68 $;-260,68 $;-260,68 $;0,00%;-260,68 $;0,00 $;-260,68 $;0,00 $;-260,68 $;240,00;605,00 $;5,00 $;265,68 $;0,07%;
26/07/2019;1;5184,04 $;34,32 $;34,32 $;0,00 $;5,68 $;-226,36 $;0,00 $;100,00%;34,32 $;34,32 $;0,00 $;34,32 $;0,00 $;150,00;95,00 $;300,00 $;265,68 $;0,07%;
29/07/2019;1;5068,36 $;-115,68 $;0,00 $;-115,68 $;5,68 $;-342,04 $;-115,68 $;0,00%;-115,68 $;0,00 $;-115,68 $;0,00 $;-115,68 $;150,00;220,00 $;25,00 $;140,68 $;0,07%;
30/07/2019;1;4997,68 $;-70,68 $;0,00 $;-70,68 $;5,68 $;-412,72 $;-70,68 $;0,00%;-70,68 $;0,00 $;-70,68 $;0,00 $;-70,68 $;240,00;205,00 $;210,00 $;280,68 $;0,07%;
31/07/2019;1;3802,00 $;-1195,68 $;0,00 $;-1195,68 $;5,68 $;-1608,40 $;-1195,68 $;0,00%;-1195,68 $;0,00 $;-1195,68 $;0,00 $;-1195,68 $;240,00;2455,00 $;80,00 $;1275,68 $;0,07%;
05/08/2019;1;2311,32 $;-1490,68 $;0,00 $;-1490,68 $;5,68 $;-3099,08 $;-1490,68 $;0,00%;-1490,68 $;0,00 $;-1490,68 $;0,00 $;-1490,68 $;240,00;2090,00 $;125,00 $;1615,68 $;0,07%;
06/08/2019;1;3275,64 $;964,32 $;964,32 $;0,00 $;5,68 $;-2134,76 $;0,00 $;100,00%;964,32 $;964,32 $;0,00 $;964,32 $;0,00 $;240,00;260,00 $;1295,00 $;330,68 $;0,07%;
07/08/2019;1;4799,96 $;1524,32 $;1524,32 $;0,00 $;5,68 $;-610,44 $;0,00 $;100,00%;1524,32 $;1524,32 $;0,00 $;1524,32 $;0,00 $;240,00;365,00 $;1550,00 $;25,68 $;0,07%;
08/08/2019;1;5264,28 $;464,32 $;464,32 $;0,00 $;5,68 $;-146,12 $;0,00 $;100,00%;464,32 $;464,32 $;0,00 $;464,32 $;0,00 $;210,00;215,00 $;480,00 $;15,68 $;0,07%;
09/08/2019;1;6628,60 $;1364,32 $;1364,32 $;0,00 $;5,68 $;0,00 $;0,00 $;100,00%;1364,32 $;1364,32 $;0,00 $;1364,32 $;0,00 $;240,00;15,00 $;1580,00 $;215,68 $;0,07%;
13/08/2019;1;6842,92 $;214,32 $;214,32 $;0,00 $;5,68 $;0,00 $;0,00 $;100,00%;214,32 $;214,32 $;0,00 $;214,32 $;0,00 $;240,00;155,00 $;575,00 $;360,68 $;0,07%;
14/08/2019;2;5876,56 $;-966,36 $;0,00 $;-966,36 $;11,36 $;-966,36 $;-966,36 $;0,00%;-483,18 $;0,00 $;-483,18 $;0,00 $;-735,68 $;270,00;670,00 $;117,50 $;600,68 $;0,14%;
15/08/2019;1;6015,88 $;139,32 $;139,32 $;0,00 $;5,68 $;-827,04 $;0,00 $;100,00%;139,32 $;139,32 $;0,00 $;139,32 $;0,00 $;240,00;870,00 $;510,00 $;370,68 $;0,07%;
16/08/2019;1;6390,20 $;374,32 $;374,32 $;0,00 $;5,68 $;-452,72 $;0,00 $;100,00%;374,32 $;374,32 $;0,00 $;374,32 $;0,00 $;30,00;80,00 $;460,00 $;85,68 $;0,07%;
19/08/2019;1;6374,52 $;-15,68 $;0,00 $;-15,68 $;5,68 $;-468,40 $;-15,68 $;0,00%;-15,68 $;0,00 $;-15,68 $;0,00 $;-15,68 $;240,00;200,00 $;165,00 $;180,68 $;0,07%;
20/08/2019;1;5518,84 $;-855,68 $;0,00 $;-855,68 $;5,68 $;-1324,08 $;-855,68 $;0,00%;-855,68 $;0,00 $;-855,68 $;0,00 $;-855,68 $;210,00;895,00 $;40,00 $;895,68 $;0,07%;
21/08/2019;1;5848,16 $;329,32 $;329,32 $;0,00 $;5,68 $;-994,76 $;0,00 $;100,00%;329,32 $;329,32 $;0,00 $;329,32 $;0,00 $;30,00;60,00 $;345,00 $;15,68 $;0,07%;
22/08/2019;1;5752,48 $;-95,68 $;0,00 $;-95,68 $;5,68 $;-1090,44 $;-95,68 $;0,00%;-95,68 $;0,00 $;-95,68 $;0,00 $;-95,68 $;210,00;110,00 $;460,00 $;555,68 $;0,07%;
23/08/2019;1;4556,80 $;-1195,68 $;0,00 $;-1195,68 $;5,68 $;-2286,12 $;-1195,68 $;0,00%;-1195,68 $;0,00 $;-1195,68 $;0,00 $;-1195,68 $;240,00;1240,00 $;105,00 $;1300,68 $;0,07%;
26/08/2019;1;4806,12 $;249,32 $;249,32 $;0,00 $;5,68 $;-2036,80 $;0,00 $;100,00%;249,32 $;249,32 $;0,00 $;249,32 $;0,00 $;210,00;635,00 $;285,00 $;35,68 $;0,07%;
27/08/2019;1;4450,44 $;-355,68 $;0,00 $;-355,68 $;5,68 $;-2392,48 $;-355,68 $;0,00%;-355,68 $;0,00 $;-355,68 $;0,00 $;-355,68 $;240,00;735,00 $;255,00 $;610,68 $;0,07%;
28/08/2019;1;4619,76 $;169,32 $;169,32 $;0,00 $;5,68 $;-2223,16 $;0,00 $;100,00%;169,32 $;169,32 $;0,00 $;169,32 $;0,00 $;240,00;160,00 $;410,00 $;240,68 $;0,07%;
29/08/2019;1;4654,08 $;34,32 $;34,32 $;0,00 $;5,68 $;-2188,84 $;0,00 $;100,00%;34,32 $;34,32 $;0,00 $;34,32 $;0,00 $;240,00;25,00 $;380,00 $;345,68 $;0,07%;
30/08/2019;1;4893,40 $;239,32 $;239,32 $;0,00 $;5,68 $;-1949,52 $;0,00 $;100,00%;239,32 $;239,32 $;0,00 $;239,32 $;0,00 $;240,00;25,00 $;605,00 $;365,68 $;0,07%;
02/09/2019;1;4327,72 $;-565,68 $;0,00 $;-565,68 $;5,68 $;-2515,20 $;-565,68 $;0,00%;-565,68 $;0,00 $;-565,68 $;0,00 $;-565,68 $;30,00;890,00 $;65,00 $;630,68 $;0,07%;
03/09/2019;1;4307,04 $;-20,68 $;0,00 $;-20,68 $;5,68 $;-2535,88 $;-20,68 $;0,00%;-20,68 $;0,00 $;-20,68 $;0,00 $;-20,68 $;240,00;300,00 $;335,00 $;355,68 $;0,07%;
04/09/2019;1;4576,36 $;269,32 $;269,32 $;0,00 $;5,68 $;-2266,56 $;0,00 $;100,00%;269,32 $;269,32 $;0,00 $;269,32 $;0,00 $;210,00;150,00 $;275,00 $;5,68 $;0,07%;
05/09/2019;1;4430,68 $;-145,68 $;0,00 $;-145,68 $;5,68 $;-2412,24 $;-145,68 $;0,00%;-145,68 $;0,00 $;-145,68 $;0,00 $;-145,68 $;240,00;345,00 $;95,00 $;240,68 $;0,07%;
06/09/2019;1;4520,00 $;89,32 $;89,32 $;0,00 $;5,68 $;-2322,92 $;0,00 $;100,00%;89,32 $;89,32 $;0,00 $;89,32 $;0,00 $;240,00;200,00 $;265,00 $;175,68 $;0,07%;
09/09/2019;1;4309,32 $;-210,68 $;0,00 $;-210,68 $;5,68 $;-2533,60 $;-210,68 $;0,00%;-210,68 $;0,00 $;-210,68 $;0,00 $;-210,68 $;240,00;595,00 $;25,00 $;235,68 $;0,07%;
10/09/2019;1;4598,64 $;289,32 $;289,32 $;0,00 $;5,68 $;-2244,28 $;0,00 $;100,00%;289,32 $;289,32 $;0,00 $;289,32 $;0,00 $;210,00;320,00 $;335,00 $;45,68 $;0,07%;
11/09/2019;1;5007,96 $;409,32 $;409,32 $;0,00 $;5,68 $;-1834,96 $;0,00 $;100,00%;409,32 $;409,32 $;0,00 $;409,32 $;0,00 $;240,00;70,00 $;455,00 $;45,68 $;0,07%;
12/09/2019;1;4677,28 $;-330,68 $;0,00 $;-330,68 $;5,68 $;-2165,64 $;-330,68 $;0,00%;-330,68 $;0,00 $;-330,68 $;0,00 $;-330,68 $;210,00;425,00 $;245,00 $;575,68 $;0,07%;
13/09/2019;1;4601,60 $;-75,68 $;0,00 $;-75,68 $;5,68 $;-2241,32 $;-75,68 $;0,00%;-75,68 $;0,00 $;-75,68 $;0,00 $;-75,68 $;210,00;130,00 $;145,00 $;220,68 $;0,07%;
16/09/2019;1;4400,92 $;-200,68 $;0,00 $;-200,68 $;5,68 $;-2442,00 $;-200,68 $;0,00%;-200,68 $;0,00 $;-200,68 $;0,00 $;-200,68 $;240,00;405,00 $;20,00 $;220,68 $;0,07%;
17/09/2019;1;4540,24 $;139,32 $;139,32 $;0,00 $;5,68 $;-2302,68 $;0,00 $;100,00%;139,32 $;139,32 $;0,00 $;139,32 $;0,00 $;240,00;135,00 $;250,00 $;110,68 $;0,07%;
18/09/2019;1;5039,56 $;499,32 $;499,32 $;0,00 $;5,68 $;-1803,36 $;0,00 $;100,00%;499,32 $;499,32 $;0,00 $;499,32 $;0,00 $;30,00;0,00 $;650,00 $;150,68 $;0,07%;
23/09/2019;1;5128,88 $;89,32 $;89,32 $;0,00 $;5,68 $;-1714,04 $;0,00 $;100,00%;89,32 $;89,32 $;0,00 $;89,32 $;0,00 $;210,00;115,00 $;250,00 $;160,68 $;0,07%;
25/09/2019;1;5278,20 $;149,32 $;149,32 $;0,00 $;5,68 $;-1564,72 $;0,00 $;100,00%;149,32 $;149,32 $;0,00 $;149,32 $;0,00 $;240,00;100,00 $;240,00 $;90,68 $;0,07%;
27/09/2019;1;4032,52 $;-1245,68 $;0,00 $;-1245,68 $;5,68 $;-2810,40 $;-1245,68 $;0,00%;-1245,68 $;0,00 $;-1245,68 $;0,00 $;-1245,68 $;240,00;1430,00 $;55,00 $;1300,68 $;0,07%;
01/10/2019;1;3931,84 $;-100,68 $;0,00 $;-100,68 $;5,68 $;-2911,08 $;-100,68 $;0,00%;-100,68 $;0,00 $;-100,68 $;0,00 $;-100,68 $;150,00;285,00 $;265,00 $;365,68 $;0,07%;
03/10/2019;1;4551,16 $;619,32 $;619,32 $;0,00 $;5,68 $;-2291,76 $;0,00 $;100,00%;619,32 $;619,32 $;0,00 $;619,32 $;0,00 $;210,00;35,00 $;645,00 $;25,68 $;0,07%;
04/10/2019;1;5115,48 $;564,32 $;564,32 $;0,00 $;5,68 $;-1727,44 $;0,00 $;100,00%;564,32 $;564,32 $;0,00 $;564,32 $;0,00 $;240,00;20,00 $;650,00 $;85,68 $;0,07%;
07/10/2019;1;4729,80 $;-385,68 $;0,00 $;-385,68 $;5,68 $;-2113,12 $;-385,68 $;0,00%;-385,68 $;0,00 $;-385,68 $;0,00 $;-385,68 $;150,00;415,00 $;580,00 $;965,68 $;0,07%;
08/10/2019;1;5324,12 $;594,32 $;594,32 $;0,00 $;5,68 $;-1518,80 $;0,00 $;100,00%;594,32 $;594,32 $;0,00 $;594,32 $;0,00 $;240,00;270,00 $;1185,00 $;590,68 $;0,07%;
09/10/2019;1;5903,44 $;579,32 $;579,32 $;0,00 $;5,68 $;-939,48 $;0,00 $;100,00%;579,32 $;579,32 $;0,00 $;579,32 $;0,00 $;240,00;20,00 $;625,00 $;45,68 $;0,07%;
10/10/2019;1;5507,76 $;-395,68 $;0,00 $;-395,68 $;5,68 $;-1335,16 $;-395,68 $;0,00%;-395,68 $;0,00 $;-395,68 $;0,00 $;-395,68 $;240,00;930,00 $;50,00 $;445,68 $;0,07%;
11/10/2019;1;5597,08 $;89,32 $;89,32 $;0,00 $;5,68 $;-1245,84 $;0,00 $;100,00%;89,32 $;89,32 $;0,00 $;89,32 $;0,00 $;240,00;1005,00 $;240,00 $;150,68 $;0,07%;
14/10/2019;1;5486,40 $;-110,68 $;0,00 $;-110,68 $;5,68 $;-1356,52 $;-110,68 $;0,00%;-110,68 $;0,00 $;-110,68 $;0,00 $;-110,68 $;150,00;225,00 $;190,00 $;300,68 $;0,07%;
15/10/2019;1;5555,72 $;69,32 $;69,32 $;0,00 $;5,68 $;-1287,20 $;0,00 $;100,00%;69,32 $;69,32 $;0,00 $;69,32 $;0,00 $;210,00;45,00 $;365,00 $;295,68 $;0,07%;
17/10/2019;1;5660,04 $;104,32 $;104,32 $;0,00 $;5,68 $;-1182,88 $;0,00 $;100,00%;104,32 $;104,32 $;0,00 $;104,32 $;0,00 $;240,00;365,00 $;175,00 $;70,68 $;0,07%;
18/10/2019;2;5123,68 $;-536,36 $;64,32 $;-600,68 $;11,36 $;-1783,56 $;-600,68 $;50,00%;-268,18 $;64,32 $;-600,68 $;64,32 $;-600,68 $;270,00;390,00 $;62,50 $;330,68 $;0,14%;
21/10/2019;1;5243,00 $;119,32 $;119,32 $;0,00 $;5,68 $;-1599,92 $;0,00 $;100,00%;119,32 $;119,32 $;0,00 $;119,32 $;0,00 $;210,00;145,00 $;170,00 $;50,68 $;0,07%;
22/10/2019;1;5227,32 $;-15,68 $;0,00 $;-15,68 $;5,68 $;-1615,60 $;-15,68 $;0,00%;-15,68 $;0,00 $;-15,68 $;0,00 $;-15,68 $;240,00;330,00 $;395,00 $;410,68 $;0,07%;
23/10/2019;1;5401,64 $;174,32 $;174,32 $;0,00 $;5,68 $;-1441,28 $;0,00 $;100,00%;174,32 $;174,32 $;0,00 $;174,32 $;0,00 $;150,00;315,00 $;255,00 $;80,68 $;0,07%;
24/10/2019;1;5510,96 $;109,32 $;109,32 $;0,00 $;5,68 $;-1331,96 $;0,00 $;100,00%;109,32 $;109,32 $;0,00 $;109,32 $;0,00 $;150,00;190,00 $;430,00 $;320,68 $;0,07%;
25/10/2019;1;5265,28 $;-245,68 $;0,00 $;-245,68 $;5,68 $;-1577,64 $;-245,68 $;0,00%;-245,68 $;0,00 $;-245,68 $;0,00 $;-245,68 $;210,00;365,00 $;30,00 $;275,68 $;0,07%;
28/10/2019;2;5373,92 $;108,64 $;134,32 $;-25,68 $;11,36 $;-1469,00 $;-25,68 $;50,00%;54,32 $;134,32 $;-25,68 $;134,32 $;-25,68 $;270,00;145,00 $;135,00 $;80,68 $;0,14%;
29/10/2019;1;5378,24 $;4,32 $;4,32 $;0,00 $;5,68 $;-1464,68 $;0,00 $;100,00%;4,32 $;4,32 $;0,00 $;4,32 $;0,00 $;150,00;210,00 $;80,00 $;75,68 $;0,07%;
30/10/2019;1;5647,56 $;269,32 $;269,32 $;0,00 $;5,68 $;-1195,36 $;0,00 $;100,00%;269,32 $;269,32 $;0,00 $;269,32 $;0,00 $;30,00;135,00 $;525,00 $;255,68 $;0,07%;
31/10/2019;1;5991,88 $;344,32 $;344,32 $;0,00 $;5,68 $;-851,04 $;0,00 $;100,00%;344,32 $;344,32 $;0,00 $;344,32 $;0,00 $;150,00;310,00 $;475,00 $;130,68 $;0,07%;
01/11/2019;1;6066,20 $;74,32 $;74,32 $;0,00 $;5,68 $;-776,72 $;0,00 $;100,00%;74,32 $;74,32 $;0,00 $;74,32 $;0,00 $;240,00;105,00 $;180,00 $;105,68 $;0,07%;
04/11/2019;1;6070,52 $;4,32 $;4,32 $;0,00 $;5,68 $;-772,40 $;0,00 $;100,00%;4,32 $;4,32 $;0,00 $;4,32 $;0,00 $;210,00;190,00 $;145,00 $;140,68 $;0,07%;
05/11/2019;1;5904,84 $;-165,68 $;0,00 $;-165,68 $;5,68 $;-938,08 $;-165,68 $;0,00%;-165,68 $;0,00 $;-165,68 $;0,00 $;-165,68 $;30,00;195,00 $;85,00 $;250,68 $;0,07%;
06/11/2019;1;5864,16 $;-40,68 $;0,00 $;-40,68 $;5,68 $;-978,76 $;-40,68 $;0,00%;-40,68 $;0,00 $;-40,68 $;0,00 $;-40,68 $;240,00;455,00 $;185,00 $;225,68 $;0,07%;
07/11/2019;1;5593,48 $;-270,68 $;0,00 $;-270,68 $;5,68 $;-1249,44 $;-270,68 $;0,00%;-270,68 $;0,00 $;-270,68 $;0,00 $;-270,68 $;240,00;420,00 $;265,00 $;535,68 $;0,07%;
08/11/2019;1;5772,80 $;179,32 $;179,32 $;0,00 $;5,68 $;-1070,12 $;0,00 $;100,00%;179,32 $;179,32 $;0,00 $;179,32 $;0,00 $;150,00;175,00 $;220,00 $;40,68 $;0,07%;
11/11/2019;1;5802,12 $;29,32 $;29,32 $;0,00 $;5,68 $;-1040,80 $;0,00 $;100,00%;29,32 $;29,32 $;0,00 $;29,32 $;0,00 $;30,00;145,00 $;65,00 $;35,68 $;0,07%;
12/11/2019;1;5666,44 $;-135,68 $;0,00 $;-135,68 $;5,68 $;-1176,48 $;-135,68 $;0,00%;-135,68 $;0,00 $;-135,68 $;0,00 $;-135,68 $;150,00;385,00 $;150,00 $;285,68 $;0,07%;
13/11/2019;1;5760,76 $;94,32 $;94,32 $;0,00 $;5,68 $;-1082,16 $;0,00 $;100,00%;94,32 $;94,32 $;0,00 $;94,32 $;0,00 $;30,00;110,00 $;120,00 $;25,68 $;0,07%;
14/11/2019;1;5960,08 $;199,32 $;199,32 $;0,00 $;5,68 $;-882,84 $;0,00 $;100,00%;199,32 $;199,32 $;0,00 $;199,32 $;0,00 $;150,00;380,00 $;250,00 $;50,68 $;0,07%;
15/11/2019;1;6074,40 $;114,32 $;114,32 $;0,00 $;5,68 $;-768,52 $;0,00 $;100,00%;114,32 $;114,32 $;0,00 $;114,32 $;0,00 $;240,00;160,00 $;245,00 $;130,68 $;0,07%;
18/11/2019;1;6203,72 $;129,32 $;129,32 $;0,00 $;5,68 $;-639,20 $;0,00 $;100,00%;129,32 $;129,32 $;0,00 $;129,32 $;0,00 $;240,00;35,00 $;190,00 $;60,68 $;0,07%;
19/11/2019;1;6163,04 $;-40,68 $;0,00 $;-40,68 $;5,68 $;-679,88 $;-40,68 $;0,00%;-40,68 $;0,00 $;-40,68 $;0,00 $;-40,68 $;240,00;320,00 $;315,00 $;355,68 $;0,07%;
20/11/2019;1;5792,36 $;-370,68 $;0,00 $;-370,68 $;5,68 $;-1050,56 $;-370,68 $;0,00%;-370,68 $;0,00 $;-370,68 $;0,00 $;-370,68 $;240,00;880,00 $;85,00 $;455,68 $;0,07%;
21/11/2019;1;6021,68 $;229,32 $;229,32 $;0,00 $;5,68 $;-821,24 $;0,00 $;100,00%;229,32 $;229,32 $;0,00 $;229,32 $;0,00 $;240,00;105,00 $;405,00 $;175,68 $;0,07%;
22/11/2019;1;6306,00 $;284,32 $;284,32 $;0,00 $;5,68 $;-536,92 $;0,00 $;100,00%;284,32 $;284,32 $;0,00 $;284,32 $;0,00 $;240,00;30,00 $;515,00 $;230,68 $;0,07%;
26/11/2019;1;6605,32 $;299,32 $;299,32 $;0,00 $;5,68 $;-237,60 $;0,00 $;100,00%;299,32 $;299,32 $;0,00 $;299,32 $;0,00 $;30,00;15,00 $;330,00 $;30,68 $;0,07%;
27/11/2019;1;6674,64 $;69,32 $;69,32 $;0,00 $;5,68 $;-168,28 $;0,00 $;100,00%;69,32 $;69,32 $;0,00 $;69,32 $;0,00 $;150,00;55,00 $;105,00 $;35,68 $;0,07%;
02/12/2019;1;6473,96 $;-200,68 $;0,00 $;-200,68 $;5,68 $;-368,96 $;-200,68 $;0,00%;-200,68 $;0,00 $;-200,68 $;0,00 $;-200,68 $;210,00;255,00 $;220,00 $;420,68 $;0,07%;
03/12/2019;1;6883,28 $;409,32 $;409,32 $;0,00 $;5,68 $;0,00 $;0,00 $;100,00%;409,32 $;409,32 $;0,00 $;409,32 $;0,00 $;210,00;150,00 $;525,00 $;115,68 $;0,07%;
04/12/2019;1;6627,60 $;-255,68 $;0,00 $;-255,68 $;5,68 $;-255,68 $;-255,68 $;0,00%;-255,68 $;0,00 $;-255,68 $;0,00 $;-255,68 $;30,00;360,00 $;40,00 $;295,68 $;0,07%;
05/12/2019;1;7011,92 $;384,32 $;384,32 $;0,00 $;5,68 $;0,00 $;0,00 $;100,00%;384,32 $;384,32 $;0,00 $;384,32 $;0,00 $;210,00;70,00 $;500,00 $;115,68 $;0,07%;
09/12/2019;1;6971,24 $;-40,68 $;0,00 $;-40,68 $;5,68 $;-40,68 $;-40,68 $;0,00%;-40,68 $;0,00 $;-40,68 $;0,00 $;-40,68 $;240,00;235,00 $;15,00 $;55,68 $;0,07%;
10/12/2019;1;7165,56 $;194,32 $;194,32 $;0,00 $;5,68 $;0,00 $;0,00 $;100,00%;194,32 $;194,32 $;0,00 $;194,32 $;0,00 $;210,00;115,00 $;280,00 $;85,68 $;0,07%;
11/12/2019;1;7409,88 $;244,32 $;244,32 $;0,00 $;5,68 $;0,00 $;0,00 $;100,00%;244,32 $;244,32 $;0,00 $;244,32 $;0,00 $;240,00;130,00 $;370,00 $;125,68 $;0,07%;
12/12/2019;1;7644,20 $;234,32 $;234,32 $;0,00 $;5,68 $;0,00 $;0,00 $;100,00%;234,32 $;234,32 $;0,00 $;234,32 $;0,00 $;240,00;635,00 $;415,00 $;180,68 $;0,07%;
13/12/2019;1;8108,52 $;464,32 $;464,32 $;0,00 $;5,68 $;0,00 $;0,00 $;100,00%;464,32 $;464,32 $;0,00 $;464,32 $;0,00 $;240,00;20,00 $;590,00 $;125,68 $;0,07%;
16/12/2019;1;7892,84 $;-215,68 $;0,00 $;-215,68 $;5,68 $;-215,68 $;-215,68 $;0,00%;-215,68 $;0,00 $;-215,68 $;0,00 $;-215,68 $;240,00;245,00 $;100,00 $;315,68 $;0,07%;
17/12/2019;1;7932,16 $;39,32 $;39,32 $;0,00 $;5,68 $;-176,36 $;0,00 $;100,00%;39,32 $;39,32 $;0,00 $;39,32 $;0,00 $;240,00;95,00 $;195,00 $;155,68 $;0,07%;
18/12/2019;1;7851,48 $;-80,68 $;0,00 $;-80,68 $;5,68 $;-257,04 $;-80,68 $;0,00%;-80,68 $;0,00 $;-80,68 $;0,00 $;-80,68 $;210,00;260,00 $;125,00 $;205,68 $;0,07%;
19/12/2019;2;7795,12 $;-56,36 $;39,32 $;-95,68 $;11,36 $;-352,72 $;-95,68 $;50,00%;-28,18 $;39,32 $;-95,68 $;39,32 $;-95,68 $;270,00;107,50 $;95,00 $;123,18 $;0,14%;
20/12/2019;1;7634,44 $;-160,68 $;0,00 $;-160,68 $;5,68 $;-474,08 $;-160,68 $;0,00%;-160,68 $;0,00 $;-160,68 $;0,00 $;-160,68 $;150,00;260,00 $;105,00 $;265,68 $;0,07%;
24/12/2019;1;7608,76 $;-25,68 $;0,00 $;-25,68 $;5,68 $;-499,76 $;-25,68 $;0,00%;-25,68 $;0,00 $;-25,68 $;0,00 $;-25,68 $;0,00;55,00 $;20,00 $;45,68 $;0,07%;
26/12/2019;1;7483,08 $;-125,68 $;0,00 $;-125,68 $;5,68 $;-625,44 $;-125,68 $;0,00%;-125,68 $;0,00 $;-125,68 $;0,00 $;-125,68 $;240,00;160,00 $;10,00 $;135,68 $;0,07%;
27/12/2019;1;7357,40 $;-125,68 $;0,00 $;-125,68 $;5,68 $;-751,12 $;-125,68 $;0,00%;-125,68 $;0,00 $;-125,68 $;0,00 $;-125,68 $;240,00;140,00 $;55,00 $;180,68 $;0,07%;
31/12/2019;1;8176,72 $;819,32 $;819,32 $;0,00 $;5,68 $;0,00 $;0,00 $;100,00%;819,32 $;819,32 $;0,00 $;819,32 $;0,00 $;150,00;0,00 $;850,00 $;30,68 $;0,07%;
02/01/2020;1;9106,04 $;929,32 $;929,32 $;0,00 $;5,68 $;0,00 $;0,00 $;100,00%;929,32 $;929,32 $;0,00 $;929,32 $;0,00 $;150,00;70,00 $;950,00 $;20,68 $;0,07%;
03/01/2020;1;8835,36 $;-270,68 $;0,00 $;-270,68 $;5,68 $;-270,68 $;-270,68 $;0,00%;-270,68 $;0,00 $;-270,68 $;0,00 $;-270,68 $;210,00;420,00 $;145,00 $;415,68 $;0,07%;
06/01/2020;1;9034,68 $;199,32 $;199,32 $;0,00 $;5,68 $;-71,36 $;0,00 $;100,00%;199,32 $;199,32 $;0,00 $;199,32 $;0,00 $;150,00;60,00 $;570,00 $;370,68 $;0,07%;
07/01/2020;1;8849,00 $;-185,68 $;0,00 $;-185,68 $;5,68 $;-257,04 $;-185,68 $;0,00%;-185,68 $;0,00 $;-185,68 $;0,00 $;-185,68 $;210,00;225,00 $;195,00 $;380,68 $;0,07%;
08/01/2020;1;8903,32 $;54,32 $;54,32 $;0,00 $;5,68 $;-202,72 $;0,00 $;100,00%;54,32 $;54,32 $;0,00 $;54,32 $;0,00 $;90,00;245,00 $;410,00 $;355,68 $;0,07%;
09/01/2020;1;9032,64 $;129,32 $;129,32 $;0,00 $;5,68 $;-73,40 $;0,00 $;100,00%;129,32 $;129,32 $;0,00 $;129,32 $;0,00 $;210,00;265,00 $;195,00 $;65,68 $;0,07%;
10/01/2020;1;8776,96 $;-255,68 $;0,00 $;-255,68 $;5,68 $;-329,08 $;-255,68 $;0,00%;-255,68 $;0,00 $;-255,68 $;0,00 $;-255,68 $;240,00;350,00 $;145,00 $;400,68 $;0,07%;
13/01/2020;1;8836,28 $;59,32 $;59,32 $;0,00 $;5,68 $;-269,76 $;0,00 $;100,00%;59,32 $;59,32 $;0,00 $;59,32 $;0,00 $;210,00;215,00 $;65,00 $;5,68 $;0,07%;
14/01/2020;1;8455,60 $;-380,68 $;0,00 $;-380,68 $;5,68 $;-650,44 $;-380,68 $;0,00%;-380,68 $;0,00 $;-380,68 $;0,00 $;-380,68 $;150,00;765,00 $;60,00 $;440,68 $;0,07%;
16/01/2020;1;8684,92 $;229,32 $;229,32 $;0,00 $;5,68 $;-421,12 $;0,00 $;100,00%;229,32 $;229,32 $;0,00 $;229,32 $;0,00 $;240,00;75,00 $;250,00 $;20,68 $;0,07%;
21/01/2020;1;8274,24 $;-410,68 $;0,00 $;-410,68 $;5,68 $;-831,80 $;-410,68 $;0,00%;-410,68 $;0,00 $;-410,68 $;0,00 $;-410,68 $;240,00;755,00 $;195,00 $;605,68 $;0,07%;
22/01/2020;1;8213,56 $;-60,68 $;0,00 $;-60,68 $;5,68 $;-892,48 $;-60,68 $;0,00%;-60,68 $;0,00 $;-60,68 $;0,00 $;-60,68 $;240,00;185,00 $;425,00 $;485,68 $;0,07%;
23/01/2020;1;9137,88 $;924,32 $;924,32 $;0,00 $;5,68 $;0,00 $;0,00 $;100,00%;924,32 $;924,32 $;0,00 $;924,32 $;0,00 $;240,00;15,00 $;985,00 $;60,68 $;0,07%;
27/01/2020;1;8547,20 $;-590,68 $;0,00 $;-590,68 $;5,68 $;-590,68 $;-590,68 $;0,00%;-590,68 $;0,00 $;-590,68 $;0,00 $;-590,68 $;150,00;755,00 $;55,00 $;645,68 $;0,07%;
28/01/2020;2;8945,84 $;398,64 $;398,64 $;0,00 $;11,36 $;-406,36 $;0,00 $;100,00%;199,32 $;199,32 $;0,00 $;214,32 $;0,00 $;240,00;70,00 $;297,50 $;98,18 $;0,14%;
29/01/2020;1;8945,16 $;-0,68 $;0,00 $;-0,68 $;5,68 $;-192,72 $;-0,68 $;0,00%;-0,68 $;0,00 $;-0,68 $;0,00 $;-0,68 $;0,00;235,00 $;65,00 $;65,68 $;0,07%;
30/01/2020;1;9544,48 $;599,32 $;599,32 $;0,00 $;5,68 $;0,00 $;0,00 $;100,00%;599,32 $;599,32 $;0,00 $;599,32 $;0,00 $;240,00;515,00 $;745,00 $;145,68 $;0,07%;
31/01/2020;1;8643,80 $;-900,68 $;0,00 $;-900,68 $;5,68 $;-900,68 $;-900,68 $;0,00%;-900,68 $;0,00 $;-900,68 $;0,00 $;-900,68 $;240,00;895,00 $;405,00 $;1305,68 $;0,07%;
03/02/2020;1;8748,12 $;104,32 $;104,32 $;0,00 $;5,68 $;-796,36 $;0,00 $;100,00%;104,32 $;104,32 $;0,00 $;104,32 $;0,00 $;90,00;165,00 $;415,00 $;310,68 $;0,07%;
04/02/2020;1;8432,44 $;-315,68 $;0,00 $;-315,68 $;5,68 $;-1112,04 $;-315,68 $;0,00%;-315,68 $;0,00 $;-315,68 $;0,00 $;-315,68 $;210,00;500,00 $;75,00 $;390,68 $;0,07%;
05/02/2020;1;9316,76 $;884,32 $;884,32 $;0,00 $;5,68 $;-227,72 $;0,00 $;100,00%;884,32 $;884,32 $;0,00 $;884,32 $;0,00 $;240,00;250,00 $;965,00 $;80,68 $;0,07%;
06/02/2020;1;9186,08 $;-130,68 $;0,00 $;-130,68 $;5,68 $;-358,40 $;-130,68 $;0,00%;-130,68 $;0,00 $;-130,68 $;0,00 $;-130,68 $;240,00;325,00 $;180,00 $;310,68 $;0,07%;
10/02/2020;1;9170,40 $;-15,68 $;0,00 $;-15,68 $;5,68 $;-374,08 $;-15,68 $;0,00%;-15,68 $;0,00 $;-15,68 $;0,00 $;-15,68 $;0,00;35,00 $;25,00 $;40,68 $;0,07%;
11/02/2020;1;8974,72 $;-195,68 $;0,00 $;-195,68 $;5,68 $;-569,76 $;-195,68 $;0,00%;-195,68 $;0,00 $;-195,68 $;0,00 $;-195,68 $;210,00;525,00 $;125,00 $;320,68 $;0,07%;
12/02/2020;1;9484,04 $;509,32 $;509,32 $;0,00 $;5,68 $;-60,44 $;0,00 $;100,00%;509,32 $;509,32 $;0,00 $;509,32 $;0,00 $;150,00;25,00 $;585,00 $;75,68 $;0,07%;
13/02/2020;1;9368,36 $;-115,68 $;0,00 $;-115,68 $;5,68 $;-176,12 $;-115,68 $;0,00%;-115,68 $;0,00 $;-115,68 $;0,00 $;-115,68 $;150,00;370,00 $;240,00 $;355,68 $;0,07%;
14/02/2020;1;9767,68 $;399,32 $;399,32 $;0,00 $;5,68 $;0,00 $;0,00 $;100,00%;399,32 $;399,32 $;0,00 $;399,32 $;0,00 $;150,00;195,00 $;510,00 $;110,68 $;0,07%;
17/02/2020;1;9742,00 $;-25,68 $;0,00 $;-25,68 $;5,68 $;-25,68 $;-25,68 $;0,00%;-25,68 $;0,00 $;-25,68 $;0,00 $;-25,68 $;30,00;75,00 $;30,00 $;55,68 $;0,07%;
18/02/2020;1;10106,32 $;364,32 $;364,32 $;0,00 $;5,68 $;0,00 $;0,00 $;100,00%;364,32 $;364,32 $;0,00 $;364,32 $;0,00 $;210,00;0,00 $;570,00 $;205,68 $;0,07%;
19/02/2020;1;10100,64 $;-5,68 $;0,00 $;-5,68 $;5,68 $;-5,68 $;-5,68 $;0,00%;-5,68 $;0,00 $;-5,68 $;0,00 $;-5,68 $;240,00;105,00 $;170,00 $;175,68 $;0,07%;
20/02/2020;1;10429,96 $;329,32 $;329,32 $;0,00 $;5,68 $;0,00 $;0,00 $;100,00%;329,32 $;329,32 $;0,00 $;329,32 $;0,00 $;240,00;950,00 $;445,00 $;115,68 $;0,07%;
24/02/2020;1;10269,28 $;-160,68 $;0,00 $;-160,68 $;5,68 $;-160,68 $;-160,68 $;0,00%;-160,68 $;0,00 $;-160,68 $;0,00 $;-160,68 $;150,00;415,00 $;1035,00 $;1195,68 $;0,07%;
27/02/2020;1;7383,60 $;-2885,68 $;0,00 $;-2885,68 $;5,68 $;-3046,36 $;-2885,68 $;0,00%;-2885,68 $;0,00 $;-2885,68 $;0,00 $;-2885,68 $;30,00;3055,00 $;185,00 $;3070,68 $;0,07%;
28/02/2020;1;9932,92 $;2549,32 $;2549,32 $;0,00 $;5,68 $;-497,04 $;0,00 $;100,00%;2549,32 $;2549,32 $;0,00 $;2549,32 $;0,00 $;150,00;2170,00 $;2790,00 $;240,68 $;0,07%;
02/03/2020;1;12062,24 $;2129,32 $;2129,32 $;0,00 $;5,68 $;0,00 $;0,00 $;100,00%;2129,32 $;2129,32 $;0,00 $;2129,32 $;0,00 $;210,00;1100,00 $;3270,00 $;1140,68 $;0,07%;
03/03/2020;1;12296,56 $;234,32 $;234,32 $;0,00 $;5,68 $;0,00 $;0,00 $;100,00%;234,32 $;234,32 $;0,00 $;234,32 $;0,00 $;240,00;2315,00 $;1980,00 $;1745,68 $;0,07%;
04/03/2020;1;12515,88 $;219,32 $;219,32 $;0,00 $;5,68 $;0,00 $;0,00 $;100,00%;219,32 $;219,32 $;0,00 $;219,32 $;0,00 $;30,00;180,00 $;850,00 $;630,68 $;0,07%;
06/03/2020;1;13070,20 $;554,32 $;554,32 $;0,00 $;5,68 $;0,00 $;0,00 $;100,00%;554,32 $;554,32 $;0,00 $;554,32 $;0,00 $;150,00;2225,00 $;1515,00 $;960,68 $;0,07%;
09/03/2020;1;11294,52 $;-1775,68 $;0,00 $;-1775,68 $;5,68 $;-1775,68 $;-1775,68 $;0,00%;-1775,68 $;0,00 $;-1775,68 $;0,00 $;-1775,68 $;150,00;2270,00 $;555,00 $;2330,68 $;0,07%;
10/03/2020;1;15418,84 $;4124,32 $;4124,32 $;0,00 $;5,68 $;0,00 $;0,00 $;100,00%;4124,32 $;4124,32 $;0,00 $;4124,32 $;0,00 $;240,00;620,00 $;5130,00 $;1005,68 $;0,07%;
11/03/2020;1;13258,16 $;-2160,68 $;0,00 $;-2160,68 $;5,68 $;-2160,68 $;-2160,68 $;0,00%;-2160,68 $;0,00 $;-2160,68 $;0,00 $;-2160,68 $;240,00;2920,00 $;1630,00 $;3790,68 $;0,07%;
12/03/2020;1;12502,48 $;-755,68 $;0,00 $;-755,68 $;5,68 $;-2916,36 $;-755,68 $;0,00%;-755,68 $;0,00 $;-755,68 $;0,00 $;-755,68 $;240,00;1410,00 $;6355,00 $;7110,68 $;0,07%;
13/03/2020;1;15481,80 $;2979,32 $;2979,32 $;0,00 $;5,68 $;0,00 $;0,00 $;100,00%;2979,32 $;2979,32 $;0,00 $;2979,32 $;0,00 $;240,00;1300,00 $;3560,00 $;580,68 $;0,07%;
16/03/2020;1;10936,12 $;-4545,68 $;0,00 $;-4545,68 $;5,68 $;-4545,68 $;-4545,68 $;0,00%;-4545,68 $;0,00 $;-4545,68 $;0,00 $;-4545,68 $;240,00;4635,00 $;225,00 $;4770,68 $;0,07%;
17/03/2020;1;12105,44 $;1169,32 $;1169,32 $;0,00 $;5,68 $;-3376,36 $;0,00 $;100,00%;1169,32 $;1169,32 $;0,00 $;1169,32 $;0,00 $;150,00;305,00 $;3545,00 $;2375,68 $;0,07%;
18/03/2020;1;8589,76 $;-3515,68 $;0,00 $;-3515,68 $;5,68 $;-6892,04 $;-3515,68 $;0,00%;-3515,68 $;0,00 $;-3515,68 $;0,00 $;-3515,68 $;240,00;4915,00 $;1440,00 $;4955,68 $;0,07%;
19/03/2020;1;6604,08 $;-1985,68 $;0,00 $;-1985,68 $;5,68 $;-8877,72 $;-1985,68 $;0,00%;-1985,68 $;0,00 $;-1985,68 $;0,00 $;-1985,68 $;30,00;2365,00 $;960,00 $;2945,68 $;0,07%;
23/03/2020;1;6313,40 $;-290,68 $;0,00 $;-290,68 $;5,68 $;-9168,40 $;-290,68 $;0,00%;-290,68 $;0,00 $;-290,68 $;0,00 $;-290,68 $;90,00;1930,00 $;785,00 $;1075,68 $;0,07%;
24/03/2020;1;7997,72 $;1684,32 $;1684,32 $;0,00 $;5,68 $;-7484,08 $;0,00 $;100,00%;1684,32 $;1684,32 $;0,00 $;1684,32 $;0,00 $;210,00;2505,00 $;1895,00 $;210,68 $;0,07%;
25/03/2020;1;6067,04 $;-1930,68 $;0,00 $;-1930,68 $;5,68 $;-9414,76 $;-1930,68 $;0,00%;-1930,68 $;0,00 $;-1930,68 $;0,00 $;-1930,68 $;210,00;2220,00 $;2415,00 $;4345,68 $;0,07%;
26/03/2020;1;5776,36 $;-290,68 $;0,00 $;-290,68 $;5,68 $;-9705,44 $;-290,68 $;0,00%;-290,68 $;0,00 $;-290,68 $;0,00 $;-290,68 $;240,00;1385,00 $;980,00 $;1270,68 $;0,07%;
27/03/2020;1;5100,68 $;-675,68 $;0,00 $;-675,68 $;5,68 $;-10381,12 $;-675,68 $;0,00%;-675,68 $;0,00 $;-675,68 $;0,00 $;-675,68 $;210,00;1070,00 $;2980,00 $;3655,68 $;0,07%;
30/03/2020;2;5039,32 $;-61,36 $;0,00 $;-61,36 $;11,36 $;-10442,48 $;-61,36 $;0,00%;-30,68 $;0,00 $;-30,68 $;0,00 $;-55,68 $;270,00;577,50 $;560,00 $;590,68 $;0,14%;
02/04/2020;1;6913,64 $;1874,32 $;1874,32 $;0,00 $;5,68 $;-8568,16 $;0,00 $;100,00%;1874,32 $;1874,32 $;0,00 $;1874,32 $;0,00 $;150,00;880,00 $;2395,00 $;520,68 $;0,07%;
03/04/2020;2;6452,28 $;-461,36 $;0,00 $;-461,36 $;11,36 $;-9029,52 $;-461,36 $;0,00%;-230,68 $;0,00 $;-230,68 $;0,00 $;-355,68 $;270,00;665,00 $;225,00 $;455,68 $;0,14%;
06/04/2020;1;7791,60 $;1339,32 $;1339,32 $;0,00 $;5,68 $;-7690,20 $;0,00 $;100,00%;1339,32 $;1339,32 $;0,00 $;1339,32 $;0,00 $;240,00;215,00 $;1385,00 $;45,68 $;0,07%;
07/04/2020;1;5200,92 $;-2590,68 $;0,00 $;-2590,68 $;5,68 $;-10280,88 $;-2590,68 $;0,00%;-2590,68 $;0,00 $;-2590,68 $;0,00 $;-2590,68 $;90,00;2710,00 $;255,00 $;2845,68 $;0,07%;
08/04/2020;1;6120,24 $;919,32 $;919,32 $;0,00 $;5,68 $;-9361,56 $;0,00 $;100,00%;919,32 $;919,32 $;0,00 $;919,32 $;0,00 $;210,00;635,00 $;1645,00 $;725,68 $;0,07%;
09/04/2020;1;5479,56 $;-640,68 $;0,00 $;-640,68 $;5,68 $;-10002,24 $;-640,68 $;0,00%;-640,68 $;0,00 $;-640,68 $;0,00 $;-640,68 $;210,00;1845,00 $;705,00 $;1345,68 $;0,07%;
13/04/2020;1;5928,88 $;449,32 $;449,32 $;0,00 $;5,68 $;-9552,92 $;0,00 $;100,00%;449,32 $;449,32 $;0,00 $;449,32 $;0,00 $;30,00;115,00 $;860,00 $;410,68 $;0,07%;
15/04/2020;1;5858,20 $;-70,68 $;0,00 $;-70,68 $;5,68 $;-9623,60 $;-70,68 $;0,00%;-70,68 $;0,00 $;-70,68 $;0,00 $;-70,68 $;150,00;335,00 $;855,00 $;925,68 $;0,07%;
16/04/2020;1;7067,52 $;1209,32 $;1209,32 $;0,00 $;5,68 $;-8414,28 $;0,00 $;100,00%;1209,32 $;1209,32 $;0,00 $;1209,32 $;0,00 $;210,00;430,00 $;1530,00 $;320,68 $;0,07%;
17/04/2020;1;8956,84 $;1889,32 $;1889,32 $;0,00 $;5,68 $;-6524,96 $;0,00 $;100,00%;1889,32 $;1889,32 $;0,00 $;1889,32 $;0,00 $;210,00;185,00 $;1950,00 $;60,68 $;0,07%;
20/04/2020;2;7545,48 $;-1411,36 $;129,32 $;-1540,68 $;11,36 $;-8065,64 $;-1540,68 $;50,00%;-705,68 $;129,32 $;-1540,68 $;129,32 $;-1540,68 $;270,00;1027,50 $;380,00 $;1085,68 $;0,14%;
21/04/2020;1;8149,80 $;604,32 $;604,32 $;0,00 $;5,68 $;-7332,00 $;0,00 $;100,00%;604,32 $;604,32 $;0,00 $;604,32 $;0,00 $;240,00;395,00 $;1115,00 $;510,68 $;0,07%;
22/04/2020;1;8814,12 $;664,32 $;664,32 $;0,00 $;5,68 $;-6667,68 $;0,00 $;100,00%;664,32 $;664,32 $;0,00 $;664,32 $;0,00 $;240,00;50,00 $;800,00 $;135,68 $;0,07%;
24/04/2020;1;9323,44 $;509,32 $;509,32 $;0,00 $;5,68 $;-6158,36 $;0,00 $;100,00%;509,32 $;509,32 $;0,00 $;509,32 $;0,00 $;90,00;40,00 $;970,00 $;460,68 $;0,07%;
27/04/2020;1;9847,76 $;524,32 $;524,32 $;0,00 $;5,68 $;-5634,04 $;0,00 $;100,00%;524,32 $;524,32 $;0,00 $;524,32 $;0,00 $;240,00;245,00 $;700,00 $;175,68 $;0,07%;
28/04/2020;1;10012,08 $;164,32 $;164,32 $;0,00 $;5,68 $;-5469,72 $;0,00 $;100,00%;164,32 $;164,32 $;0,00 $;164,32 $;0,00 $;210,00;220,00 $;735,00 $;570,68 $;0,07%;
29/04/2020;1;10616,40 $;604,32 $;604,32 $;0,00 $;5,68 $;-4865,40 $;0,00 $;100,00%;604,32 $;604,32 $;0,00 $;604,32 $;0,00 $;90,00;300,00 $;665,00 $;60,68 $;0,07%;
30/04/2020;1;11060,72 $;444,32 $;444,32 $;0,00 $;5,68 $;-4421,08 $;0,00 $;100,00%;444,32 $;444,32 $;0,00 $;444,32 $;0,00 $;210,00;295,00 $;830,00 $;385,68 $;0,07%;
04/05/2020;1;12135,04 $;1074,32 $;1074,32 $;0,00 $;5,68 $;-3346,76 $;0,00 $;100,00%;1074,32 $;1074,32 $;0,00 $;1074,32 $;0,00 $;150,00;0,00 $;1370,00 $;295,68 $;0,07%;
05/05/2020;1;11399,36 $;-735,68 $;0,00 $;-735,68 $;5,68 $;-4082,44 $;-735,68 $;0,00%;-735,68 $;0,00 $;-735,68 $;0,00 $;-735,68 $;240,00;825,00 $;250,00 $;985,68 $;0,07%;
08/05/2020;1;11493,68 $;94,32 $;94,32 $;0,00 $;5,68 $;-3988,12 $;0,00 $;100,00%;94,32 $;94,32 $;0,00 $;94,32 $;0,00 $;240,00;455,00 $;135,00 $;40,68 $;0,07%;
11/05/2020;1;10993,00 $;-500,68 $;0,00 $;-500,68 $;5,68 $;-4488,80 $;-500,68 $;0,00%;-500,68 $;0,00 $;-500,68 $;0,00 $;-500,68 $;30,00;595,00 $;75,00 $;575,68 $;0,07%;
14/05/2020;1;12912,32 $;1919,32 $;1919,32 $;0,00 $;5,68 $;-2569,48 $;0,00 $;100,00%;1919,32 $;1919,32 $;0,00 $;1919,32 $;0,00 $;240,00;390,00 $;2030,00 $;110,68 $;0,07%;
18/05/2020;2;13215,96 $;303,64 $;409,32 $;-105,68 $;11,36 $;-2265,84 $;-105,68 $;50,00%;151,82 $;409,32 $;-105,68 $;409,32 $;-105,68 $;270,00;262,50 $;272,50 $;120,68 $;0,14%;
21/05/2020;1;12865,28 $;-350,68 $;0,00 $;-350,68 $;5,68 $;-2616,52 $;-350,68 $;0,00%;-350,68 $;0,00 $;-350,68 $;0,00 $;-350,68 $;30,00;405,00 $;60,00 $;410,68 $;0,07%;
22/05/2020;1;13089,60 $;224,32 $;224,32 $;0,00 $;5,68 $;-2392,20 $;0,00 $;100,00%;224,32 $;224,32 $;0,00 $;224,32 $;0,00 $;240,00;125,00 $;600,00 $;375,68 $;0,07%;
26/05/2020;1;13163,92 $;74,32 $;74,32 $;0,00 $;5,68 $;-2317,88 $;0,00 $;100,00%;74,32 $;74,32 $;0,00 $;74,32 $;0,00 $;210,00;405,00 $;690,00 $;615,68 $;0,07%;
27/05/2020;1;14098,24 $;934,32 $;934,32 $;0,00 $;5,68 $;-1383,56 $;0,00 $;100,00%;934,32 $;934,32 $;0,00 $;934,32 $;0,00 $;240,00;605,00 $;985,00 $;50,68 $;0,07%;
29/05/2020;1;15102,56 $;1004,32 $;1004,32 $;0,00 $;5,68 $;-379,24 $;0,00 $;100,00%;1004,32 $;1004,32 $;0,00 $;1004,32 $;0,00 $;90,00;1220,00 $;1075,00 $;70,68 $;0,07%;
01/06/2020;1;15546,88 $;444,32 $;444,32 $;0,00 $;5,68 $;0,00 $;0,00 $;100,00%;444,32 $;444,32 $;0,00 $;444,32 $;0,00 $;240,00;40,00 $;580,00 $;135,68 $;0,07%;
03/06/2020;1;16161,20 $;614,32 $;614,32 $;0,00 $;5,68 $;0,00 $;0,00 $;100,00%;614,32 $;614,32 $;0,00 $;614,32 $;0,00 $;150,00;155,00 $;960,00 $;345,68 $;0,07%;
04/06/2020;1;15705,52 $;-455,68 $;0,00 $;-455,68 $;5,68 $;-455,68 $;-455,68 $;0,00%;-455,68 $;0,00 $;-455,68 $;0,00 $;-455,68 $;240,00;910,00 $;190,00 $;645,68 $;0,07%;
05/06/2020;1;15689,84 $;-15,68 $;0,00 $;-15,68 $;5,68 $;-471,36 $;-15,68 $;0,00%;-15,68 $;0,00 $;-15,68 $;0,00 $;-15,68 $;0,00;40,00 $;135,00 $;150,68 $;0,07%;
08/06/2020;1;15824,16 $;134,32 $;134,32 $;0,00 $;5,68 $;-337,04 $;0,00 $;100,00%;134,32 $;134,32 $;0,00 $;134,32 $;0,00 $;240,00;480,00 $;245,00 $;110,68 $;0,07%;
09/06/2020;1;16073,48 $;249,32 $;249,32 $;0,00 $;5,68 $;-87,72 $;0,00 $;100,00%;249,32 $;249,32 $;0,00 $;249,32 $;0,00 $;240,00;565,00 $;295,00 $;45,68 $;0,07%;
10/06/2020;1;16697,80 $;624,32 $;624,32 $;0,00 $;5,68 $;0,00 $;0,00 $;100,00%;624,32 $;624,32 $;0,00 $;624,32 $;0,00 $;240,00;405,00 $;1465,00 $;840,68 $;0,07%;
11/06/2020;1;12692,12 $;-4005,68 $;0,00 $;-4005,68 $;5,68 $;-4005,68 $;-4005,68 $;0,00%;-4005,68 $;0,00 $;-4005,68 $;0,00 $;-4005,68 $;240,00;4135,00 $;145,00 $;4150,68 $;0,07%;
15/06/2020;1;14271,44 $;1579,32 $;1579,32 $;0,00 $;5,68 $;-2426,36 $;0,00 $;100,00%;1579,32 $;1579,32 $;0,00 $;1579,32 $;0,00 $;210,00;235,00 $;2050,00 $;470,68 $;0,07%;
16/06/2020;1;13935,76 $;-335,68 $;0,00 $;-335,68 $;5,68 $;-2762,04 $;-335,68 $;0,00%;-335,68 $;0,00 $;-335,68 $;0,00 $;-335,68 $;150,00;1370,00 $;270,00 $;605,68 $;0,07%;
17/06/2020;1;13720,08 $;-215,68 $;0,00 $;-215,68 $;5,68 $;-2977,72 $;-215,68 $;0,00%;-215,68 $;0,00 $;-215,68 $;0,00 $;-215,68 $;240,00;395,00 $;950,00 $;1165,68 $;0,07%;
18/06/2020;1;13169,40 $;-550,68 $;0,00 $;-550,68 $;5,68 $;-3528,40 $;-550,68 $;0,00%;-550,68 $;0,00 $;-550,68 $;0,00 $;-550,68 $;240,00;865,00 $;170,00 $;720,68 $;0,07%;
19/06/2020;1;12043,72 $;-1125,68 $;0,00 $;-1125,68 $;5,68 $;-4654,08 $;-1125,68 $;0,00%;-1125,68 $;0,00 $;-1125,68 $;0,00 $;-1125,68 $;240,00;2335,00 $;40,00 $;1165,68 $;0,07%;
22/06/2020;1;12338,04 $;294,32 $;294,32 $;0,00 $;5,68 $;-4359,76 $;0,00 $;100,00%;294,32 $;294,32 $;0,00 $;294,32 $;0,00 $;240,00;175,00 $;900,00 $;605,68 $;0,07%;
24/06/2020;1;12217,36 $;-120,68 $;0,00 $;-120,68 $;5,68 $;-4480,44 $;-120,68 $;0,00%;-120,68 $;0,00 $;-120,68 $;0,00 $;-120,68 $;240,00;1240,00 $;400,00 $;520,68 $;0,07%;
25/06/2020;1;12296,68 $;79,32 $;79,32 $;0,00 $;5,68 $;-4401,12 $;0,00 $;100,00%;79,32 $;79,32 $;0,00 $;79,32 $;0,00 $;30,00;315,00 $;500,00 $;420,68 $;0,07%;
26/06/2020;1;11461,00 $;-835,68 $;0,00 $;-835,68 $;5,68 $;-5236,80 $;-835,68 $;0,00%;-835,68 $;0,00 $;-835,68 $;0,00 $;-835,68 $;240,00;1125,00 $;225,00 $;1060,68 $;0,07%;
29/06/2020;1;11465,32 $;4,32 $;4,32 $;0,00 $;5,68 $;-5232,48 $;0,00 $;100,00%;4,32 $;4,32 $;0,00 $;4,32 $;0,00 $;240,00;415,00 $;425,00 $;420,68 $;0,07%;
30/06/2020;1;11964,64 $;499,32 $;499,32 $;0,00 $;5,68 $;-4733,16 $;0,00 $;100,00%;499,32 $;499,32 $;0,00 $;499,32 $;0,00 $;30,00;45,00 $;1145,00 $;645,68 $;0,07%;
02/07/2020;1;11433,96 $;-530,68 $;0,00 $;-530,68 $;5,68 $;-5263,84 $;-530,68 $;0,00%;-530,68 $;0,00 $;-530,68 $;0,00 $;-530,68 $;210,00;1055,00 $;290,00 $;820,68 $;0,07%;
06/07/2020;1;11413,28 $;-20,68 $;0,00 $;-20,68 $;5,68 $;-5284,52 $;-20,68 $;0,00%;-20,68 $;0,00 $;-20,68 $;0,00 $;-20,68 $;240,00;350,00 $;195,00 $;215,68 $;0,07%;
07/07/2020;1;10697,60 $;-715,68 $;0,00 $;-715,68 $;5,68 $;-6000,20 $;-715,68 $;0,00%;-715,68 $;0,00 $;-715,68 $;0,00 $;-715,68 $;240,00;745,00 $;60,00 $;775,68 $;0,07%;
10/07/2020;1;11606,92 $;909,32 $;909,32 $;0,00 $;5,68 $;-5090,88 $;0,00 $;100,00%;909,32 $;909,32 $;0,00 $;909,32 $;0,00 $;240,00;205,00 $;965,00 $;55,68 $;0,07%;
13/07/2020;1;10431,24 $;-1175,68 $;0,00 $;-1175,68 $;5,68 $;-6266,56 $;-1175,68 $;0,00%;-1175,68 $;0,00 $;-1175,68 $;0,00 $;-1175,68 $;240,00;1170,00 $;615,00 $;1790,68 $;0,07%;
14/07/2020;1;11620,56 $;1189,32 $;1189,32 $;0,00 $;5,68 $;-5077,24 $;0,00 $;100,00%;1189,32 $;1189,32 $;0,00 $;1189,32 $;0,00 $;240,00;180,00 $;1235,00 $;45,68 $;0,07%;
15/07/2020;1;11854,88 $;234,32 $;234,32 $;0,00 $;5,68 $;-4842,92 $;0,00 $;100,00%;234,32 $;234,32 $;0,00 $;234,32 $;0,00 $;90,00;750,00 $;475,00 $;240,68 $;0,07%;
16/07/2020;1;11439,20 $;-415,68 $;0,00 $;-415,68 $;5,68 $;-5258,60 $;-415,68 $;0,00%;-415,68 $;0,00 $;-415,68 $;0,00 $;-415,68 $;240,00;1115,00 $;20,00 $;435,68 $;0,07%;
20/07/2020;1;11833,52 $;394,32 $;394,32 $;0,00 $;5,68 $;-4864,28 $;0,00 $;100,00%;394,32 $;394,32 $;0,00 $;394,32 $;0,00 $;150,00;40,00 $;550,00 $;155,68 $;0,07%;
21/07/2020;1;11747,84 $;-85,68 $;0,00 $;-85,68 $;5,68 $;-4949,96 $;-85,68 $;0,00%;-85,68 $;0,00 $;-85,68 $;0,00 $;-85,68 $;30,00;460,00 $;115,00 $;200,68 $;0,07%;
22/07/2020;1;11932,16 $;184,32 $;184,32 $;0,00 $;5,68 $;-4765,64 $;0,00 $;100,00%;184,32 $;184,32 $;0,00 $;184,32 $;0,00 $;240,00;470,00 $;310,00 $;125,68 $;0,07%;
23/07/2020;1;10461,48 $;-1470,68 $;0,00 $;-1470,68 $;5,68 $;-6236,32 $;-1470,68 $;0,00%;-1470,68 $;0,00 $;-1470,68 $;0,00 $;-1470,68 $;210,00;1860,00 $;75,00 $;1545,68 $;0,07%;
24/07/2020;1;10005,80 $;-455,68 $;0,00 $;-455,68 $;5,68 $;-6692,00 $;-455,68 $;0,00%;-455,68 $;0,00 $;-455,68 $;0,00 $;-455,68 $;210,00;615,00 $;80,00 $;535,68 $;0,07%;
27/07/2020;1;10345,12 $;339,32 $;339,32 $;0,00 $;5,68 $;-6352,68 $;0,00 $;100,00%;339,32 $;339,32 $;0,00 $;339,32 $;0,00 $;150,00;345,00 $;365,00 $;25,68 $;0,07%;
28/07/2020;1;9989,44 $;-355,68 $;0,00 $;-355,68 $;5,68 $;-6708,36 $;-355,68 $;0,00%;-355,68 $;0,00 $;-355,68 $;0,00 $;-355,68 $;30,00;490,00 $;170,00 $;525,68 $;0,07%;
29/07/2020;1;10428,76 $;439,32 $;439,32 $;0,00 $;5,68 $;-6269,04 $;0,00 $;100,00%;439,32 $;439,32 $;0,00 $;439,32 $;0,00 $;240,00;135,00 $;555,00 $;115,68 $;0,07%;
03/08/2020;1;10418,08 $;-10,68 $;0,00 $;-10,68 $;5,68 $;-6279,72 $;-10,68 $;0,00%;-10,68 $;0,00 $;-10,68 $;0,00 $;-10,68 $;240,00;205,00 $;210,00 $;220,68 $;0,07%;
04/08/2020;1;10352,40 $;-65,68 $;0,00 $;-65,68 $;5,68 $;-6345,40 $;-65,68 $;0,00%;-65,68 $;0,00 $;-65,68 $;0,00 $;-65,68 $;240,00;565,00 $;135,00 $;200,68 $;0,07%;
05/08/2020;2;10341,04 $;-11,36 $;74,32 $;-85,68 $;11,36 $;-6431,08 $;-85,68 $;50,00%;-5,68 $;74,32 $;-85,68 $;74,32 $;-85,68 $;270,00;182,50 $;125,00 $;130,68 $;0,14%;
07/08/2020;1;10790,36 $;449,32 $;449,32 $;0,00 $;5,68 $;-5907,44 $;0,00 $;100,00%;449,32 $;449,32 $;0,00 $;449,32 $;0,00 $;150,00;505,00 $;525,00 $;75,68 $;0,07%;
11/08/2020;1;8959,68 $;-1830,68 $;0,00 $;-1830,68 $;5,68 $;-7738,12 $;-1830,68 $;0,00%;-1830,68 $;0,00 $;-1830,68 $;0,00 $;-1830,68 $;210,00;2290,00 $;210,00 $;2040,68 $;0,07%;
12/08/2020;1;9444,00 $;484,32 $;484,32 $;0,00 $;5,68 $;-7253,80 $;0,00 $;100,00%;484,32 $;484,32 $;0,00 $;484,32 $;0,00 $;240,00;460,00 $;550,00 $;65,68 $;0,07%;
13/08/2020;1;9288,32 $;-155,68 $;0,00 $;-155,68 $;5,68 $;-7409,48 $;-155,68 $;0,00%;-155,68 $;0,00 $;-155,68 $;0,00 $;-155,68 $;240,00;750,00 $;140,00 $;295,68 $;0,07%;
14/08/2020;1;8957,64 $;-330,68 $;0,00 $;-330,68 $;5,68 $;-7740,16 $;-330,68 $;0,00%;-330,68 $;0,00 $;-330,68 $;0,00 $;-330,68 $;240,00;425,00 $;275,00 $;605,68 $;0,07%;
17/08/2020;1;8836,96 $;-120,68 $;0,00 $;-120,68 $;5,68 $;-7860,84 $;-120,68 $;0,00%;-120,68 $;0,00 $;-120,68 $;0,00 $;-120,68 $;150,00;220,00 $;90,00 $;210,68 $;0,07%;
18/08/2020;1;8756,28 $;-80,68 $;0,00 $;-80,68 $;5,68 $;-7941,52 $;-80,68 $;0,00%;-80,68 $;0,00 $;-80,68 $;0,00 $;-80,68 $;210,00;265,00 $;245,00 $;325,68 $;0,07%;
19/08/2020;1;7955,60 $;-800,68 $;0,00 $;-800,68 $;5,68 $;-8742,20 $;-800,68 $;0,00%;-800,68 $;0,00 $;-800,68 $;0,00 $;-800,68 $;210,00;1145,00 $;70,00 $;870,68 $;0,07%;
20/08/2020;1;8294,92 $;339,32 $;339,32 $;0,00 $;5,68 $;-8402,88 $;0,00 $;100,00%;339,32 $;339,32 $;0,00 $;339,32 $;0,00 $;240,00;70,00 $;610,00 $;270,68 $;0,07%;
21/08/2020;1;8904,24 $;609,32 $;609,32 $;0,00 $;5,68 $;-7793,56 $;0,00 $;100,00%;609,32 $;609,32 $;0,00 $;609,32 $;0,00 $;240,00;270,00 $;715,00 $;105,68 $;0,07%;
25/08/2020;1;9218,56 $;314,32 $;314,32 $;0,00 $;5,68 $;-7479,24 $;0,00 $;100,00%;314,32 $;314,32 $;0,00 $;314,32 $;0,00 $;240,00;440,00 $;350,00 $;35,68 $;0,07%;
26/08/2020;1;9927,88 $;709,32 $;709,32 $;0,00 $;5,68 $;-6769,92 $;0,00 $;100,00%;709,32 $;709,32 $;0,00 $;709,32 $;0,00 $;240,00;115,00 $;750,00 $;40,68 $;0,07%;
27/08/2020;1;10252,20 $;324,32 $;324,32 $;0,00 $;5,68 $;-6445,60 $;0,00 $;100,00%;324,32 $;324,32 $;0,00 $;324,32 $;0,00 $;240,00;925,00 $;465,00 $;140,68 $;0,07%;
28/08/2020;1;10481,52 $;229,32 $;229,32 $;0,00 $;5,68 $;-6216,28 $;0,00 $;100,00%;229,32 $;229,32 $;0,00 $;229,32 $;0,00 $;210,00;210,00 $;660,00 $;430,68 $;0,07%;
31/08/2020;1;10885,84 $;404,32 $;404,32 $;0,00 $;5,68 $;-5811,96 $;0,00 $;100,00%;404,32 $;404,32 $;0,00 $;404,32 $;0,00 $;240,00;60,00 $;525,00 $;120,68 $;0,07%;
01/09/2020;1;11480,16 $;594,32 $;594,32 $;0,00 $;5,68 $;-5217,64 $;0,00 $;100,00%;594,32 $;594,32 $;0,00 $;594,32 $;0,00 $;90,00;70,00 $;630,00 $;35,68 $;0,07%;
02/09/2020;1;12549,48 $;1069,32 $;1069,32 $;0,00 $;5,68 $;-4148,32 $;0,00 $;100,00%;1069,32 $;1069,32 $;0,00 $;1069,32 $;0,00 $;210,00;75,00 $;1360,00 $;290,68 $;0,07%;
04/09/2020;1;13373,80 $;824,32 $;824,32 $;0,00 $;5,68 $;-3324,00 $;0,00 $;100,00%;824,32 $;824,32 $;0,00 $;824,32 $;0,00 $;210,00;390,00 $;2065,00 $;1240,68 $;0,07%;
09/09/2020;1;13168,12 $;-205,68 $;0,00 $;-205,68 $;5,68 $;-3529,68 $;-205,68 $;0,00%;-205,68 $;0,00 $;-205,68 $;0,00 $;-205,68 $;210,00;710,00 $;905,00 $;1110,68 $;0,07%;
10/09/2020;1;10812,44 $;-2355,68 $;0,00 $;-2355,68 $;5,68 $;-5885,36 $;-2355,68 $;0,00%;-2355,68 $;0,00 $;-2355,68 $;0,00 $;-2355,68 $;240,00;2685,00 $;5,00 $;2360,68 $;0,07%;
14/09/2020;1;10516,76 $;-295,68 $;0,00 $;-295,68 $;5,68 $;-6181,04 $;-295,68 $;0,00%;-295,68 $;0,00 $;-295,68 $;0,00 $;-295,68 $;210,00;745,00 $;170,00 $;465,68 $;0,07%;
15/09/2020;1;9796,08 $;-720,68 $;0,00 $;-720,68 $;5,68 $;-6901,72 $;-720,68 $;0,00%;-720,68 $;0,00 $;-720,68 $;0,00 $;-720,68 $;240,00;815,00 $;60,00 $;780,68 $;0,07%;
16/09/2020;1;9245,40 $;-550,68 $;0,00 $;-550,68 $;5,68 $;-7452,40 $;-550,68 $;0,00%;-550,68 $;0,00 $;-550,68 $;0,00 $;-550,68 $;150,00;740,00 $;980,00 $;1530,68 $;0,07%;
17/09/2020;1;9939,72 $;694,32 $;694,32 $;0,00 $;5,68 $;-6758,08 $;0,00 $;100,00%;694,32 $;694,32 $;0,00 $;694,32 $;0,00 $;90,00;415,00 $;935,00 $;240,68 $;0,07%;
18/09/2020;1;9384,04 $;-555,68 $;0,00 $;-555,68 $;5,68 $;-7313,76 $;-555,68 $;0,00%;-555,68 $;0,00 $;-555,68 $;0,00 $;-555,68 $;210,00;1735,00 $;10,00 $;565,68 $;0,07%;
21/09/2020;1;10508,36 $;1124,32 $;1124,32 $;0,00 $;5,68 $;-6189,44 $;0,00 $;100,00%;1124,32 $;1124,32 $;0,00 $;1124,32 $;0,00 $;150,00;735,00 $;1415,00 $;290,68 $;0,07%;
22/09/2020;1;10557,68 $;49,32 $;49,32 $;0,00 $;5,68 $;-6140,12 $;0,00 $;100,00%;49,32 $;49,32 $;0,00 $;49,32 $;0,00 $;30,00;280,00 $;180,00 $;130,68 $;0,07%;
23/09/2020;2;8546,32 $;-2011,36 $;19,32 $;-2030,68 $;11,36 $;-8170,80 $;-2030,68 $;50,00%;-1005,68 $;19,32 $;-2030,68 $;19,32 $;-2030,68 $;270,00;1292,50 $;125,00 $;1130,68 $;0,14%;
24/09/2020;1;8455,64 $;-90,68 $;0,00 $;-90,68 $;5,68 $;-8242,16 $;-90,68 $;0,00%;-90,68 $;0,00 $;-90,68 $;0,00 $;-90,68 $;240,00;225,00 $;1815,00 $;1905,68 $;0,07%;
28/09/2020;1;8554,96 $;99,32 $;99,32 $;0,00 $;5,68 $;-8142,84 $;0,00 $;100,00%;99,32 $;99,32 $;0,00 $;99,32 $;0,00 $;240,00;105,00 $;445,00 $;345,68 $;0,07%;
29/09/2020;1;8454,28 $;-100,68 $;0,00 $;-100,68 $;5,68 $;-8243,52 $;-100,68 $;0,00%;-100,68 $;0,00 $;-100,68 $;0,00 $;-100,68 $;30,00;365,00 $;215,00 $;315,68 $;0,07%;
30/09/2020;1;7193,60 $;-1260,68 $;0,00 $;-1260,68 $;5,68 $;-9504,20 $;-1260,68 $;0,00%;-1260,68 $;0,00 $;-1260,68 $;0,00 $;-1260,68 $;210,00;1880,00 $;360,00 $;1620,68 $;0,07%;
01/10/2020;1;7532,92 $;339,32 $;339,32 $;0,00 $;5,68 $;-9164,88 $;0,00 $;100,00%;339,32 $;339,32 $;0,00 $;339,32 $;0,00 $;30,00;125,00 $;615,00 $;275,68 $;0,07%;
02/10/2020;1;7987,24 $;454,32 $;454,32 $;0,00 $;5,68 $;-8710,56 $;0,00 $;100,00%;454,32 $;454,32 $;0,00 $;454,32 $;0,00 $;240,00;940,00 $;885,00 $;430,68 $;0,07%;
05/10/2020;1;8511,56 $;524,32 $;524,32 $;0,00 $;5,68 $;-8186,24 $;0,00 $;100,00%;524,32 $;524,32 $;0,00 $;524,32 $;0,00 $;240,00;340,00 $;565,00 $;40,68 $;0,07%;
06/10/2020;1;6750,88 $;-1760,68 $;0,00 $;-1760,68 $;5,68 $;-9946,92 $;-1760,68 $;0,00%;-1760,68 $;0,00 $;-1760,68 $;0,00 $;-1760,68 $;240,00;2320,00 $;815,00 $;2575,68 $;0,07%;
07/10/2020;1;6670,20 $;-80,68 $;0,00 $;-80,68 $;5,68 $;-10027,60 $;-80,68 $;0,00%;-80,68 $;0,00 $;-80,68 $;0,00 $;-80,68 $;90,00;275,00 $;210,00 $;290,68 $;0,07%;
08/10/2020;1;7004,52 $;334,32 $;334,32 $;0,00 $;5,68 $;-9693,28 $;0,00 $;100,00%;334,32 $;334,32 $;0,00 $;334,32 $;0,00 $;240,00;400,00 $;375,00 $;40,68 $;0,07%;
09/10/2020;1;7248,84 $;244,32 $;244,32 $;0,00 $;5,68 $;-9448,96 $;0,00 $;100,00%;244,32 $;244,32 $;0,00 $;244,32 $;0,00 $;240,00;245,00 $;635,00 $;390,68 $;0,07%;
12/10/2020;1;7238,16 $;-10,68 $;0,00 $;-10,68 $;5,68 $;-9459,64 $;-10,68 $;0,00%;-10,68 $;0,00 $;-10,68 $;0,00 $;-10,68 $;90,00;450,00 $;185,00 $;195,68 $;0,07%;
13/10/2020;1;7117,48 $;-120,68 $;0,00 $;-120,68 $;5,68 $;-9580,32 $;-120,68 $;0,00%;-120,68 $;0,00 $;-120,68 $;0,00 $;-120,68 $;240,00;800,00 $;40,00 $;160,68 $;0,07%;
14/10/2020;1;6691,80 $;-425,68 $;0,00 $;-425,68 $;5,68 $;-10006,00 $;-425,68 $;0,00%;-425,68 $;0,00 $;-425,68 $;0,00 $;-425,68 $;240,00;995,00 $;50,00 $;475,68 $;0,07%;
15/10/2020;1;6896,12 $;204,32 $;204,32 $;0,00 $;5,68 $;-9801,68 $;0,00 $;100,00%;204,32 $;204,32 $;0,00 $;204,32 $;0,00 $;150,00;50,00 $;430,00 $;225,68 $;0,07%;
16/10/2020;1;5750,44 $;-1145,68 $;0,00 $;-1145,68 $;5,68 $;-10947,36 $;-1145,68 $;0,00%;-1145,68 $;0,00 $;-1145,68 $;0,00 $;-1145,68 $;90,00;1250,00 $;90,00 $;1235,68 $;0,07%;
20/10/2020;1;6024,76 $;274,32 $;274,32 $;0,00 $;5,68 $;-10673,04 $;0,00 $;100,00%;274,32 $;274,32 $;0,00 $;274,32 $;0,00 $;240,00;45,00 $;400,00 $;125,68 $;0,07%;
26/10/2020;1;6554,08 $;529,32 $;529,32 $;0,00 $;5,68 $;-10143,72 $;0,00 $;100,00%;529,32 $;529,32 $;0,00 $;529,32 $;0,00 $;210,00;1150,00 $;680,00 $;150,68 $;0,07%;
27/10/2020;1;6473,40 $;-80,68 $;0,00 $;-80,68 $;5,68 $;-10224,40 $;-80,68 $;0,00%;-80,68 $;0,00 $;-80,68 $;0,00 $;-80,68 $;240,00;455,00 $;565,00 $;645,68 $;0,07%;
28/10/2020;1;6762,72 $;289,32 $;289,32 $;0,00 $;5,68 $;-9935,08 $;0,00 $;100,00%;289,32 $;289,32 $;0,00 $;289,32 $;0,00 $;240,00;415,00 $;970,00 $;680,68 $;0,07%;
29/10/2020;1;7762,04 $;999,32 $;999,32 $;0,00 $;5,68 $;-8935,76 $;0,00 $;100,00%;999,32 $;999,32 $;0,00 $;999,32 $;0,00 $;240,00;485,00 $;1545,00 $;545,68 $;0,07%;
30/10/2020;1;9536,36 $;1774,32 $;1774,32 $;0,00 $;5,68 $;-7161,44 $;0,00 $;100,00%;1774,32 $;1774,32 $;0,00 $;1774,32 $;0,00 $;30,00;295,00 $;1930,00 $;155,68 $;0,07%;
02/11/2020;1;9635,68 $;99,32 $;99,32 $;0,00 $;5,68 $;-7062,12 $;0,00 $;100,00%;99,32 $;99,32 $;0,00 $;99,32 $;0,00 $;240,00;1095,00 $;330,00 $;230,68 $;0,07%;
03/11/2020;1;9895,00 $;259,32 $;259,32 $;0,00 $;5,68 $;-6802,80 $;0,00 $;100,00%;259,32 $;259,32 $;0,00 $;259,32 $;0,00 $;150,00;545,00 $;945,00 $;685,68 $;0,07%;
04/11/2020;1;7984,32 $;-1910,68 $;0,00 $;-1910,68 $;5,68 $;-8713,48 $;-1910,68 $;0,00%;-1910,68 $;0,00 $;-1910,68 $;0,00 $;-1910,68 $;210,00;2130,00 $;195,00 $;2105,68 $;0,07%;
05/11/2020;1;8013,64 $;29,32 $;29,32 $;0,00 $;5,68 $;-8684,16 $;0,00 $;100,00%;29,32 $;29,32 $;0,00 $;29,32 $;0,00 $;240,00;920,00 $;345,00 $;315,68 $;0,07%;
06/11/2020;1;8182,96 $;169,32 $;169,32 $;0,00 $;5,68 $;-8514,84 $;0,00 $;100,00%;169,32 $;169,32 $;0,00 $;169,32 $;0,00 $;150,00;510,00 $;430,00 $;260,68 $;0,07%;
09/11/2020;1;6027,28 $;-2155,68 $;0,00 $;-2155,68 $;5,68 $;-10670,52 $;-2155,68 $;0,00%;-2155,68 $;0,00 $;-2155,68 $;0,00 $;-2155,68 $;210,00;2490,00 $;450,00 $;2605,68 $;0,07%;
10/11/2020;1;6601,60 $;574,32 $;574,32 $;0,00 $;5,68 $;-10096,20 $;0,00 $;100,00%;574,32 $;574,32 $;0,00 $;574,32 $;0,00 $;240,00;660,00 $;645,00 $;70,68 $;0,07%;
11/11/2020;1;7425,92 $;824,32 $;824,32 $;0,00 $;5,68 $;-9271,88 $;0,00 $;100,00%;824,32 $;824,32 $;0,00 $;824,32 $;0,00 $;30,00;50,00 $;965,00 $;140,68 $;0,07%;
12/11/2020;1;7215,24 $;-210,68 $;0,00 $;-210,68 $;5,68 $;-9482,56 $;-210,68 $;0,00%;-210,68 $;0,00 $;-210,68 $;0,00 $;-210,68 $;210,00;1430,00 $;125,00 $;335,68 $;0,07%;
13/11/2020;1;7844,56 $;629,32 $;629,32 $;0,00 $;5,68 $;-8853,24 $;0,00 $;100,00%;629,32 $;629,32 $;0,00 $;629,32 $;0,00 $;210,00;50,00 $;1030,00 $;400,68 $;0,07%;
16/11/2020;1;8413,88 $;569,32 $;569,32 $;0,00 $;5,68 $;-8283,92 $;0,00 $;100,00%;569,32 $;569,32 $;0,00 $;569,32 $;0,00 $;210,00;585,00 $;600,00 $;30,68 $;0,07%;
17/11/2020;1;8318,20 $;-95,68 $;0,00 $;-95,68 $;5,68 $;-8379,60 $;-95,68 $;0,00%;-95,68 $;0,00 $;-95,68 $;0,00 $;-95,68 $;150,00;400,00 $;405,00 $;500,68 $;0,07%;
18/11/2020;1;6392,52 $;-1925,68 $;0,00 $;-1925,68 $;5,68 $;-10305,28 $;-1925,68 $;0,00%;-1925,68 $;0,00 $;-1925,68 $;0,00 $;-1925,68 $;210,00;2005,00 $;125,00 $;2050,68 $;0,07%;
19/11/2020;1;6836,84 $;444,32 $;444,32 $;0,00 $;5,68 $;-9860,96 $;0,00 $;100,00%;444,32 $;444,32 $;0,00 $;444,32 $;0,00 $;240,00;405,00 $;875,00 $;430,68 $;0,07%;
23/11/2020;1;7426,16 $;589,32 $;589,32 $;0,00 $;5,68 $;-9271,64 $;0,00 $;100,00%;589,32 $;589,32 $;0,00 $;589,32 $;0,00 $;150,00;45,00 $;940,00 $;350,68 $;0,07%;
24/11/2020;1;7645,48 $;219,32 $;219,32 $;0,00 $;5,68 $;-9052,32 $;0,00 $;100,00%;219,32 $;219,32 $;0,00 $;219,32 $;0,00 $;30,00;185,00 $;295,00 $;75,68 $;0,07%;
25/11/2020;1;7769,80 $;124,32 $;124,32 $;0,00 $;5,68 $;-8928,00 $;0,00 $;100,00%;124,32 $;124,32 $;0,00 $;124,32 $;0,00 $;150,00;250,00 $;220,00 $;95,68 $;0,07%;
30/11/2020;2;7833,44 $;63,64 $;154,32 $;-90,68 $;11,36 $;-9018,68 $;-90,68 $;50,00%;31,82 $;154,32 $;-90,68 $;154,32 $;-90,68 $;240,00;370,00 $;147,50 $;115,68 $;0,14%;
01/12/2020;1;7177,76 $;-655,68 $;0,00 $;-655,68 $;5,68 $;-9520,04 $;-655,68 $;0,00%;-655,68 $;0,00 $;-655,68 $;0,00 $;-655,68 $;210,00;755,00 $;225,00 $;880,68 $;0,07%;
02/12/2020;1;7452,08 $;274,32 $;274,32 $;0,00 $;5,68 $;-9245,72 $;0,00 $;100,00%;274,32 $;274,32 $;0,00 $;274,32 $;0,00 $;240,00;245,00 $;410,00 $;135,68 $;0,07%;
03/12/2020;1;7126,40 $;-325,68 $;0,00 $;-325,68 $;5,68 $;-9571,40 $;-325,68 $;0,00%;-325,68 $;0,00 $;-325,68 $;0,00 $;-325,68 $;90,00;760,00 $;420,00 $;745,68 $;0,07%;
04/12/2020;1;7205,72 $;79,32 $;79,32 $;0,00 $;5,68 $;-9492,08 $;0,00 $;100,00%;79,32 $;79,32 $;0,00 $;79,32 $;0,00 $;90,00;90,00 $;440,00 $;360,68 $;0,07%;
07/12/2020;1;7080,04 $;-125,68 $;0,00 $;-125,68 $;5,68 $;-9617,76 $;-125,68 $;0,00%;-125,68 $;0,00 $;-125,68 $;0,00 $;-125,68 $;210,00;550,00 $;40,00 $;165,68 $;0,07%;
08/12/2020;1;7244,36 $;164,32 $;164,32 $;0,00 $;5,68 $;-9453,44 $;0,00 $;100,00%;164,32 $;164,32 $;0,00 $;164,32 $;0,00 $;240,00;5,00 $;485,00 $;320,68 $;0,07%;
10/12/2020;1;7018,68 $;-225,68 $;0,00 $;-225,68 $;5,68 $;-9679,12 $;-225,68 $;0,00%;-225,68 $;0,00 $;-225,68 $;0,00 $;-225,68 $;210,00;555,00 $;140,00 $;365,68 $;0,07%;
11/12/2020;1;7538,00 $;519,32 $;519,32 $;0,00 $;5,68 $;-9159,80 $;0,00 $;100,00%;519,32 $;519,32 $;0,00 $;519,32 $;0,00 $;240,00;495,00 $;715,00 $;195,68 $;0,07%;
14/12/2020;1;6792,32 $;-745,68 $;0,00 $;-745,68 $;5,68 $;-9905,48 $;-745,68 $;0,00%;-745,68 $;0,00 $;-745,68 $;0,00 $;-745,68 $;240,00;920,00 $;80,00 $;825,68 $;0,07%;
15/12/2020;1;7451,64 $;659,32 $;659,32 $;0,00 $;5,68 $;-9246,16 $;0,00 $;100,00%;659,32 $;659,32 $;0,00 $;659,32 $;0,00 $;240,00;135,00 $;1045,00 $;385,68 $;0,07%;
16/12/2020;1;7630,96 $;179,32 $;179,32 $;0,00 $;5,68 $;-9066,84 $;0,00 $;100,00%;179,32 $;179,32 $;0,00 $;179,32 $;0,00 $;240,00;425,00 $;280,00 $;100,68 $;0,07%;
17/12/2020;2;7794,60 $;163,64 $;163,64 $;0,00 $;11,36 $;-8997,52 $;0,00 $;100,00%;81,82 $;81,82 $;0,00 $;94,32 $;0,00 $;240,00;92,50 $;142,50 $;60,68 $;0,14%;
18/12/2020;1;9458,92 $;1664,32 $;1664,32 $;0,00 $;5,68 $;-7238,88 $;0,00 $;100,00%;1664,32 $;1664,32 $;0,00 $;1664,32 $;0,00 $;30,00;15,00 $;1705,00 $;40,68 $;0,07%;
21/12/2020;1;9083,24 $;-375,68 $;0,00 $;-375,68 $;5,68 $;-7614,56 $;-375,68 $;0,00%;-375,68 $;0,00 $;-375,68 $;0,00 $;-375,68 $;90,00;795,00 $;160,00 $;535,68 $;0,07%;
22/12/2020;1;8522,56 $;-560,68 $;0,00 $;-560,68 $;5,68 $;-8175,24 $;-560,68 $;0,00%;-560,68 $;0,00 $;-560,68 $;0,00 $;-560,68 $;240,00;565,00 $;65,00 $;625,68 $;0,07%;
23/12/2020;1;8356,88 $;-165,68 $;0,00 $;-165,68 $;5,68 $;-8340,92 $;-165,68 $;0,00%;-165,68 $;0,00 $;-165,68 $;0,00 $;-165,68 $;30,00;510,00 $;155,00 $;320,68 $;0,07%;
28/12/2020;1;8226,20 $;-130,68 $;0,00 $;-130,68 $;5,68 $;-8471,60 $;-130,68 $;0,00%;-130,68 $;0,00 $;-130,68 $;0,00 $;-130,68 $;240,00;285,00 $;50,00 $;180,68 $;0,07%;
29/12/2020;1;8105,52 $;-120,68 $;0,00 $;-120,68 $;5,68 $;-8592,28 $;-120,68 $;0,00%;-120,68 $;0,00 $;-120,68 $;0,00 $;-120,68 $;240,00;670,00 $;85,00 $;205,68 $;0,07%;
30/12/2020;1;7754,84 $;-350,68 $;0,00 $;-350,68 $;5,68 $;-8942,96 $;-350,68 $;0,00%;-350,68 $;0,00 $;-350,68 $;0,00 $;-350,68 $;240,00;515,00 $;150,00 $;500,68 $;0,07%;
31/12/2020;1;8659,16 $;904,32 $;904,32 $;0,00 $;5,68 $;-8038,64 $;0,00 $;100,00%;904,32 $;904,32 $;0,00 $;904,32 $;0,00 $;150,00;150,00 $;1130,00 $;225,68 $;0,07%;
05/01/2021;2;9497,80 $;838,64 $;838,64 $;0,00 $;11,36 $;-7269,32 $;0,00 $;100,00%;419,32 $;419,32 $;0,00 $;769,32 $;0,00 $;240,00;42,50 $;737,50 $;318,18 $;0,14%;
06/01/2021;1;9157,12 $;-340,68 $;0,00 $;-340,68 $;5,68 $;-7540,68 $;-340,68 $;0,00%;-340,68 $;0,00 $;-340,68 $;0,00 $;-340,68 $;240,00;930,00 $;590,00 $;930,68 $;0,07%;
07/01/2021;1;9236,44 $;79,32 $;79,32 $;0,00 $;5,68 $;-7461,36 $;0,00 $;100,00%;79,32 $;79,32 $;0,00 $;79,32 $;0,00 $;210,00;60,00 $;430,00 $;350,68 $;0,07%;
08/01/2021;1;9610,76 $;374,32 $;374,32 $;0,00 $;5,68 $;-7087,04 $;0,00 $;100,00%;374,32 $;374,32 $;0,00 $;374,32 $;0,00 $;240,00;910,00 $;490,00 $;115,68 $;0,07%;
11/01/2021;2;9249,40 $;-361,36 $;0,00 $;-361,36 $;11,36 $;-7448,40 $;-361,36 $;0,00%;-180,68 $;0,00 $;-180,68 $;0,00 $;-245,68 $;270,00;292,50 $;137,50 $;318,18 $;0,14%;
13/01/2021;1;9253,72 $;4,32 $;4,32 $;0,00 $;5,68 $;-7444,08 $;0,00 $;100,00%;4,32 $;4,32 $;0,00 $;4,32 $;0,00 $;240,00;170,00 $;485,00 $;480,68 $;0,07%;
18/01/2021;1;9368,04 $;114,32 $;114,32 $;0,00 $;5,68 $;-7329,76 $;0,00 $;100,00%;114,32 $;114,32 $;0,00 $;114,32 $;0,00 $;30,00;40,00 $;125,00 $;10,68 $;0,07%;
19/01/2021;1;9197,36 $;-170,68 $;0,00 $;-170,68 $;5,68 $;-7500,44 $;-170,68 $;0,00%;-170,68 $;0,00 $;-170,68 $;0,00 $;-170,68 $;90,00;370,00 $;45,00 $;215,68 $;0,07%;
20/01/2021;1;9116,68 $;-80,68 $;0,00 $;-80,68 $;5,68 $;-7581,12 $;-80,68 $;0,00%;-80,68 $;0,00 $;-80,68 $;0,00 $;-80,68 $;30,00;140,00 $;280,00 $;360,68 $;0,07%;
21/01/2021;1;9236,00 $;119,32 $;119,32 $;0,00 $;5,68 $;-7461,80 $;0,00 $;100,00%;119,32 $;119,32 $;0,00 $;119,32 $;0,00 $;240,00;355,00 $;280,00 $;160,68 $;0,07%;
22/01/2021;1;8915,32 $;-320,68 $;0,00 $;-320,68 $;5,68 $;-7782,48 $;-320,68 $;0,00%;-320,68 $;0,00 $;-320,68 $;0,00 $;-320,68 $;90,00;365,00 $;170,00 $;490,68 $;0,07%;
25/01/2021;1;9959,64 $;1044,32 $;1044,32 $;0,00 $;5,68 $;-6738,16 $;0,00 $;100,00%;1044,32 $;1044,32 $;0,00 $;1044,32 $;0,00 $;240,00;145,00 $;1395,00 $;350,68 $;0,07%;
26/01/2021;1;9918,96 $;-40,68 $;0,00 $;-40,68 $;5,68 $;-6778,84 $;-40,68 $;0,00%;-40,68 $;0,00 $;-40,68 $;0,00 $;-40,68 $;210,00;280,00 $;210,00 $;250,68 $;0,07%;
27/01/2021;1;7918,28 $;-2000,68 $;0,00 $;-2000,68 $;5,68 $;-8779,52 $;-2000,68 $;0,00%;-2000,68 $;0,00 $;-2000,68 $;0,00 $;-2000,68 $;210,00;2170,00 $;325,00 $;2325,68 $;0,07%;
28/01/2021;1;6317,60 $;-1600,68 $;0,00 $;-1600,68 $;5,68 $;-10380,20 $;-1600,68 $;0,00%;-1600,68 $;0,00 $;-1600,68 $;0,00 $;-1600,68 $;150,00;1675,00 $;410,00 $;2010,68 $;0,07%;
29/01/2021;1;5996,92 $;-320,68 $;0,00 $;-320,68 $;5,68 $;-10700,88 $;-320,68 $;0,00%;-320,68 $;0,00 $;-320,68 $;0,00 $;-320,68 $;240,00;1710,00 $;185,00 $;505,68 $;0,07%;
01/02/2021;1;5861,24 $;-135,68 $;0,00 $;-135,68 $;5,68 $;-10836,56 $;-135,68 $;0,00%;-135,68 $;0,00 $;-135,68 $;0,00 $;-135,68 $;150,00;405,00 $;470,00 $;605,68 $;0,07%;
03/02/2021;1;6435,56 $;574,32 $;574,32 $;0,00 $;5,68 $;-10262,24 $;0,00 $;100,00%;574,32 $;574,32 $;0,00 $;574,32 $;0,00 $;150,00;20,00 $;655,00 $;80,68 $;0,07%;
04/02/2021;1;7054,88 $;619,32 $;619,32 $;0,00 $;5,68 $;-9642,92 $;0,00 $;100,00%;619,32 $;619,32 $;0,00 $;619,32 $;0,00 $;210,00;65,00 $;625,00 $;5,68 $;0,07%;
08/02/2021;1;7579,20 $;524,32 $;524,32 $;0,00 $;5,68 $;-9118,60 $;0,00 $;100,00%;524,32 $;524,32 $;0,00 $;524,32 $;0,00 $;90,00;70,00 $;575,00 $;50,68 $;0,07%;
09/02/2021;1;7653,52 $;74,32 $;74,32 $;0,00 $;5,68 $;-9044,28 $;0,00 $;100,00%;74,32 $;74,32 $;0,00 $;74,32 $;0,00 $;30,00;215,00 $;165,00 $;90,68 $;0,07%;
10/02/2021;1;8217,84 $;564,32 $;564,32 $;0,00 $;5,68 $;-8479,96 $;0,00 $;100,00%;564,32 $;564,32 $;0,00 $;564,32 $;0,00 $;210,00;105,00 $;790,00 $;225,68 $;0,07%;
11/02/2021;1;8562,16 $;344,32 $;344,32 $;0,00 $;5,68 $;-8135,64 $;0,00 $;100,00%;344,32 $;344,32 $;0,00 $;344,32 $;0,00 $;150,00;330,00 $;530,00 $;185,68 $;0,07%;
12/02/2021;1;9136,48 $;574,32 $;574,32 $;0,00 $;5,68 $;-7561,32 $;0,00 $;100,00%;574,32 $;574,32 $;0,00 $;574,32 $;0,00 $;150,00;90,00 $;580,00 $;5,68 $;0,07%;
16/02/2021;1;9165,80 $;29,32 $;29,32 $;0,00 $;5,68 $;-7532,00 $;0,00 $;100,00%;29,32 $;29,32 $;0,00 $;29,32 $;0,00 $;150,00;250,00 $;185,00 $;155,68 $;0,07%;
17/02/2021;1;9655,12 $;489,32 $;489,32 $;0,00 $;5,68 $;-7042,68 $;0,00 $;100,00%;489,32 $;489,32 $;0,00 $;489,32 $;0,00 $;210,00;45,00 $;655,00 $;165,68 $;0,07%;
18/02/2021;1;10309,44 $;654,32 $;654,32 $;0,00 $;5,68 $;-6388,36 $;0,00 $;100,00%;654,32 $;654,32 $;0,00 $;654,32 $;0,00 $;210,00;110,00 $;870,00 $;215,68 $;0,07%;
22/02/2021;1;9923,76 $;-385,68 $;0,00 $;-385,68 $;5,68 $;-6774,04 $;-385,68 $;0,00%;-385,68 $;0,00 $;-385,68 $;0,00 $;-385,68 $;90,00;635,00 $;45,00 $;430,68 $;0,07%;
25/02/2021;1;7933,08 $;-1990,68 $;0,00 $;-1990,68 $;5,68 $;-8764,72 $;-1990,68 $;0,00%;-1990,68 $;0,00 $;-1990,68 $;0,00 $;-1990,68 $;240,00;2130,00 $;35,00 $;2025,68 $;0,07%;
26/02/2021;1;6512,40 $;-1420,68 $;0,00 $;-1420,68 $;5,68 $;-10185,40 $;-1420,68 $;0,00%;-1420,68 $;0,00 $;-1420,68 $;0,00 $;-1420,68 $;150,00;1975,00 $;60,00 $;1480,68 $;0,07%;
01/03/2021;1;6581,72 $;69,32 $;69,32 $;0,00 $;5,68 $;-10116,08 $;0,00 $;100,00%;69,32 $;69,32 $;0,00 $;69,32 $;0,00 $;240,00;560,00 $;435,00 $;365,68 $;0,07%;
02/03/2021;1;6546,04 $;-35,68 $;0,00 $;-35,68 $;5,68 $;-10151,76 $;-35,68 $;0,00%;-35,68 $;0,00 $;-35,68 $;0,00 $;-35,68 $;240,00;540,00 $;560,00 $;595,68 $;0,07%;
05/03/2021;1;6960,36 $;414,32 $;414,32 $;0,00 $;5,68 $;-9737,44 $;0,00 $;100,00%;414,32 $;414,32 $;0,00 $;414,32 $;0,00 $;30,00;85,00 $;635,00 $;220,68 $;0,07%;
08/03/2021;1;6044,68 $;-915,68 $;0,00 $;-915,68 $;5,68 $;-10653,12 $;-915,68 $;0,00%;-915,68 $;0,00 $;-915,68 $;0,00 $;-915,68 $;210,00;1350,00 $;435,00 $;1350,68 $;0,07%;
09/03/2021;1;4529,00 $;-1515,68 $;0,00 $;-1515,68 $;5,68 $;-12168,80 $;-1515,68 $;0,00%;-1515,68 $;0,00 $;-1515,68 $;0,00 $;-1515,68 $;210,00;1595,00 $;35,00 $;1550,68 $;0,07%;
10/03/2021;1;5118,32 $;589,32 $;589,32 $;0,00 $;5,68 $;-11579,48 $;0,00 $;100,00%;589,32 $;589,32 $;0,00 $;589,32 $;0,00 $;240,00;160,00 $;860,00 $;270,68 $;0,07%;
11/03/2021;1;4517,64 $;-600,68 $;0,00 $;-600,68 $;5,68 $;-12180,16 $;-600,68 $;0,00%;-600,68 $;0,00 $;-600,68 $;0,00 $;-600,68 $;210,00;700,00 $;145,00 $;745,68 $;0,07%;
15/03/2021;1;4431,96 $;-85,68 $;0,00 $;-85,68 $;5,68 $;-12265,84 $;-85,68 $;0,00%;-85,68 $;0,00 $;-85,68 $;0,00 $;-85,68 $;0,00;85,00 $;5,00 $;90,68 $;0,07%;
16/03/2021;1;4736,28 $;304,32 $;304,32 $;0,00 $;5,68 $;-11961,52 $;0,00 $;100,00%;304,32 $;304,32 $;0,00 $;304,32 $;0,00 $;210,00;130,00 $;465,00 $;160,68 $;0,07%;
17/03/2021;1;5150,60 $;414,32 $;414,32 $;0,00 $;5,68 $;-11547,20 $;0,00 $;100,00%;414,32 $;414,32 $;0,00 $;414,32 $;0,00 $;90,00;125,00 $;565,00 $;150,68 $;0,07%;
18/03/2021;1;4154,92 $;-995,68 $;0,00 $;-995,68 $;5,68 $;-12542,88 $;-995,68 $;0,00%;-995,68 $;0,00 $;-995,68 $;0,00 $;-995,68 $;240,00;1335,00 $;350,00 $;1345,68 $;0,07%;
19/03/2021;1;4884,24 $;729,32 $;729,32 $;0,00 $;5,68 $;-11813,56 $;0,00 $;100,00%;729,32 $;729,32 $;0,00 $;729,32 $;0,00 $;240,00;65,00 $;945,00 $;215,68 $;0,07%;
22/03/2021;1;5463,56 $;579,32 $;579,32 $;0,00 $;5,68 $;-11234,24 $;0,00 $;100,00%;579,32 $;579,32 $;0,00 $;579,32 $;0,00 $;240,00;5,00 $;795,00 $;215,68 $;0,07%;
23/03/2021;1;3887,88 $;-1575,68 $;0,00 $;-1575,68 $;5,68 $;-12809,92 $;-1575,68 $;0,00%;-1575,68 $;0,00 $;-1575,68 $;0,00 $;-1575,68 $;240,00;1725,00 $;105,00 $;1680,68 $;0,07%;
24/03/2021;2;3081,52 $;-806,36 $;0,00 $;-806,36 $;11,36 $;-13616,28 $;-806,36 $;0,00%;-403,18 $;0,00 $;-403,18 $;0,00 $;-790,68 $;270,00;455,00 $;170,00 $;573,18 $;0,14%;
25/03/2021;1;4310,84 $;1229,32 $;1229,32 $;0,00 $;5,68 $;-12386,96 $;0,00 $;100,00%;1229,32 $;1229,32 $;0,00 $;1229,32 $;0,00 $;210,00;0,00 $;1335,00 $;105,68 $;0,07%;
26/03/2021;1;5850,16 $;1539,32 $;1539,32 $;0,00 $;5,68 $;-10847,64 $;0,00 $;100,00%;1539,32 $;1539,32 $;0,00 $;1539,32 $;0,00 $;90,00;435,00 $;1675,00 $;135,68 $;0,07%;
29/03/2021;1;6159,48 $;309,32 $;309,32 $;0,00 $;5,68 $;-10538,32 $;0,00 $;100,00%;309,32 $;309,32 $;0,00 $;309,32 $;0,00 $;150,00;110,00 $;720,00 $;410,68 $;0,07%;
30/03/2021;1;6328,80 $;169,32 $;169,32 $;0,00 $;5,68 $;-10369,00 $;0,00 $;100,00%;169,32 $;169,32 $;0,00 $;169,32 $;0,00 $;240,00;490,00 $;400,00 $;230,68 $;0,07%;
31/03/2021;1;6588,12 $;259,32 $;259,32 $;0,00 $;5,68 $;-10109,68 $;0,00 $;100,00%;259,32 $;259,32 $;0,00 $;259,32 $;0,00 $;240,00;25,00 $;530,00 $;270,68 $;0,07%;
01/04/2021;1;6767,44 $;179,32 $;179,32 $;0,00 $;5,68 $;-9930,36 $;0,00 $;100,00%;179,32 $;179,32 $;0,00 $;179,32 $;0,00 $;210,00;280,00 $;200,00 $;20,68 $;0,07%;
06/04/2021;1;6326,76 $;-440,68 $;0,00 $;-440,68 $;5,68 $;-10371,04 $;-440,68 $;0,00%;-440,68 $;0,00 $;-440,68 $;0,00 $;-440,68 $;210,00;640,00 $;10,00 $;450,68 $;0,07%;
07/04/2021;1;6181,08 $;-145,68 $;0,00 $;-145,68 $;5,68 $;-10516,72 $;-145,68 $;0,00%;-145,68 $;0,00 $;-145,68 $;0,00 $;-145,68 $;240,00;340,00 $;155,00 $;300,68 $;0,07%;
08/04/2021;1;6565,40 $;384,32 $;384,32 $;0,00 $;5,68 $;-10132,40 $;0,00 $;100,00%;384,32 $;384,32 $;0,00 $;384,32 $;0,00 $;30,00;120,00 $;435,00 $;50,68 $;0,07%;
12/04/2021;1;6814,72 $;249,32 $;249,32 $;0,00 $;5,68 $;-9883,08 $;0,00 $;100,00%;249,32 $;249,32 $;0,00 $;249,32 $;0,00 $;90,00;165,00 $;380,00 $;130,68 $;0,07%;
13/04/2021;2;7068,36 $;253,64 $;294,32 $;-40,68 $;11,36 $;-9629,44 $;-40,68 $;50,00%;126,82 $;294,32 $;-40,68 $;294,32 $;-40,68 $;270,00;277,50 $;237,50 $;110,68 $;0,14%;
14/04/2021;1;6552,68 $;-515,68 $;0,00 $;-515,68 $;5,68 $;-10145,12 $;-515,68 $;0,00%;-515,68 $;0,00 $;-515,68 $;0,00 $;-515,68 $;210,00;820,00 $;120,00 $;635,68 $;0,07%;
15/04/2021;1;6547,00 $;-5,68 $;0,00 $;-5,68 $;5,68 $;-10150,80 $;-5,68 $;0,00%;-5,68 $;0,00 $;-5,68 $;0,00 $;-5,68 $;240,00;45,00 $;285,00 $;290,68 $;0,07%;
16/04/2021;1;6666,32 $;119,32 $;119,32 $;0,00 $;5,68 $;-10031,48 $;0,00 $;100,00%;119,32 $;119,32 $;0,00 $;119,32 $;0,00 $;150,00;35,00 $;590,00 $;470,68 $;0,07%;
19/04/2021;1;6475,64 $;-190,68 $;0,00 $;-190,68 $;5,68 $;-10222,16 $;-190,68 $;0,00%;-190,68 $;0,00 $;-190,68 $;0,00 $;-190,68 $;240,00;460,00 $;135,00 $;325,68 $;0,07%;
20/04/2021;1;6339,96 $;-135,68 $;0,00 $;-135,68 $;5,68 $;-10357,84 $;-135,68 $;0,00%;-135,68 $;0,00 $;-135,68 $;0,00 $;-135,68 $;240,00;605,00 $;285,00 $;420,68 $;0,07%;
21/04/2021;1;6854,28 $;514,32 $;514,32 $;0,00 $;5,68 $;-9843,52 $;0,00 $;100,00%;514,32 $;514,32 $;0,00 $;514,32 $;0,00 $;240,00;15,00 $;600,00 $;85,68 $;0,07%;
22/04/2021;1;5598,60 $;-1255,68 $;0,00 $;-1255,68 $;5,68 $;-11099,20 $;-1255,68 $;0,00%;-1255,68 $;0,00 $;-1255,68 $;0,00 $;-1255,68 $;240,00;1705,00 $;340,00 $;1595,68 $;0,07%;
26/04/2021;1;5037,92 $;-560,68 $;0,00 $;-560,68 $;5,68 $;-11659,88 $;-560,68 $;0,00%;-560,68 $;0,00 $;-560,68 $;0,00 $;-560,68 $;240,00;595,00 $;40,00 $;600,68 $;0,07%;
27/04/2021;1;5422,24 $;384,32 $;384,32 $;0,00 $;5,68 $;-11275,56 $;0,00 $;100,00%;384,32 $;384,32 $;0,00 $;384,32 $;0,00 $;240,00;140,00 $;460,00 $;75,68 $;0,07%;
28/04/2021;1;5421,56 $;-0,68 $;0,00 $;-0,68 $;5,68 $;-11276,24 $;-0,68 $;0,00%;-0,68 $;0,00 $;-0,68 $;0,00 $;-0,68 $;240,00;370,00 $;350,00 $;350,68 $;0,07%;
29/04/2021;1;5430,88 $;9,32 $;9,32 $;0,00 $;5,68 $;-11266,92 $;0,00 $;100,00%;9,32 $;9,32 $;0,00 $;9,32 $;0,00 $;30,00;90,00 $;295,00 $;285,68 $;0,07%;
30/04/2021;1;5515,20 $;84,32 $;84,32 $;0,00 $;5,68 $;-11182,60 $;0,00 $;100,00%;84,32 $;84,32 $;0,00 $;84,32 $;0,00 $;30,00;445,00 $;150,00 $;65,68 $;0,07%;
03/05/2021;1;5324,52 $;-190,68 $;0,00 $;-190,68 $;5,68 $;-11373,28 $;-190,68 $;0,00%;-190,68 $;0,00 $;-190,68 $;0,00 $;-190,68 $;240,00;230,00 $;200,00 $;390,68 $;0,07%;
04/05/2021;1;5993,84 $;669,32 $;669,32 $;0,00 $;5,68 $;-10703,96 $;0,00 $;100,00%;669,32 $;669,32 $;0,00 $;669,32 $;0,00 $;210,00;225,00 $;880,00 $;210,68 $;0,07%;
05/05/2021;1;5833,16 $;-160,68 $;0,00 $;-160,68 $;5,68 $;-10864,64 $;-160,68 $;0,00%;-160,68 $;0,00 $;-160,68 $;0,00 $;-160,68 $;210,00;375,00 $;280,00 $;440,68 $;0,07%;
06/05/2021;1;6127,48 $;294,32 $;294,32 $;0,00 $;5,68 $;-10570,32 $;0,00 $;100,00%;294,32 $;294,32 $;0,00 $;294,32 $;0,00 $;240,00;190,00 $;525,00 $;230,68 $;0,07%;
07/05/2021;1;6616,80 $;489,32 $;489,32 $;0,00 $;5,68 $;-10081,00 $;0,00 $;100,00%;489,32 $;489,32 $;0,00 $;489,32 $;0,00 $;210,00;140,00 $;550,00 $;60,68 $;0,07%;
11/05/2021;1;6561,12 $;-55,68 $;0,00 $;-55,68 $;5,68 $;-10136,68 $;-55,68 $;0,00%;-55,68 $;0,00 $;-55,68 $;0,00 $;-55,68 $;240,00;945,00 $;180,00 $;235,68 $;0,07%;
12/05/2021;2;4719,76 $;-1841,36 $;0,00 $;-1841,36 $;11,36 $;-11978,04 $;-1841,36 $;0,00%;-920,68 $;0,00 $;-920,68 $;0,00 $;-1785,68 $;270,00;1022,50 $;100,00 $;1020,68 $;0,14%;
13/05/2021;1;5434,08 $;714,32 $;714,32 $;0,00 $;5,68 $;-11263,72 $;0,00 $;100,00%;714,32 $;714,32 $;0,00 $;714,32 $;0,00 $;240,00;750,00 $;855,00 $;140,68 $;0,07%;
14/05/2021;1;5533,40 $;99,32 $;99,32 $;0,00 $;5,68 $;-11164,40 $;0,00 $;100,00%;99,32 $;99,32 $;0,00 $;99,32 $;0,00 $;90,00;165,00 $;255,00 $;155,68 $;0,07%;
17/05/2021;1;6142,72 $;609,32 $;609,32 $;0,00 $;5,68 $;-10555,08 $;0,00 $;100,00%;609,32 $;609,32 $;0,00 $;609,32 $;0,00 $;240,00;110,00 $;795,00 $;185,68 $;0,07%;
19/05/2021;1;6287,04 $;144,32 $;144,32 $;0,00 $;5,68 $;-10410,76 $;0,00 $;100,00%;144,32 $;144,32 $;0,00 $;144,32 $;0,00 $;150,00;995,00 $;475,00 $;330,68 $;0,07%;
20/05/2021;1;6031,36 $;-255,68 $;0,00 $;-255,68 $;5,68 $;-10666,44 $;-255,68 $;0,00%;-255,68 $;0,00 $;-255,68 $;0,00 $;-255,68 $;150,00;320,00 $;505,00 $;760,68 $;0,07%;
21/05/2021;1;5955,68 $;-75,68 $;0,00 $;-75,68 $;5,68 $;-10742,12 $;-75,68 $;0,00%;-75,68 $;0,00 $;-75,68 $;0,00 $;-75,68 $;240,00;800,00 $;265,00 $;340,68 $;0,07%;
24/05/2021;1;5985,00 $;29,32 $;29,32 $;0,00 $;5,68 $;-10712,80 $;0,00 $;100,00%;29,32 $;29,32 $;0,00 $;29,32 $;0,00 $;240,00;375,00 $;150,00 $;120,68 $;0,07%;
25/05/2021;1;5379,32 $;-605,68 $;0,00 $;-605,68 $;5,68 $;-11318,48 $;-605,68 $;0,00%;-605,68 $;0,00 $;-605,68 $;0,00 $;-605,68 $;210,00;885,00 $;30,00 $;635,68 $;0,07%;
26/05/2021;1;5478,64 $;99,32 $;99,32 $;0,00 $;5,68 $;-11219,16 $;0,00 $;100,00%;99,32 $;99,32 $;0,00 $;99,32 $;0,00 $;30,00;125,00 $;160,00 $;60,68 $;0,07%;
27/05/2021;1;5582,96 $;104,32 $;104,32 $;0,00 $;5,68 $;-11114,84 $;0,00 $;100,00%;104,32 $;104,32 $;0,00 $;104,32 $;0,00 $;240,00;145,00 $;315,00 $;210,68 $;0,07%;
01/06/2021;1;5172,28 $;-410,68 $;0,00 $;-410,68 $;5,68 $;-11525,52 $;-410,68 $;0,00%;-410,68 $;0,00 $;-410,68 $;0,00 $;-410,68 $;240,00;580,00 $;125,00 $;535,68 $;0,07%;
02/06/2021;1;5296,60 $;124,32 $;124,32 $;0,00 $;5,68 $;-11401,20 $;0,00 $;100,00%;124,32 $;124,32 $;0,00 $;124,32 $;0,00 $;30,00;70,00 $;160,00 $;35,68 $;0,07%;
03/06/2021;1;5090,92 $;-205,68 $;0,00 $;-205,68 $;5,68 $;-11606,88 $;-205,68 $;0,00%;-205,68 $;0,00 $;-205,68 $;0,00 $;-205,68 $;210,00;335,00 $;195,00 $;400,68 $;0,07%;
04/06/2021;1;5465,24 $;374,32 $;374,32 $;0,00 $;5,68 $;-11232,56 $;0,00 $;100,00%;374,32 $;374,32 $;0,00 $;374,32 $;0,00 $;150,00;5,00 $;405,00 $;30,68 $;0,07%;
07/06/2021;1;5539,56 $;74,32 $;74,32 $;0,00 $;5,68 $;-11158,24 $;0,00 $;100,00%;74,32 $;74,32 $;0,00 $;74,32 $;0,00 $;150,00;210,00 $;130,00 $;55,68 $;0,07%;
08/06/2021;1;5383,88 $;-155,68 $;0,00 $;-155,68 $;5,68 $;-11313,92 $;-155,68 $;0,00%;-155,68 $;0,00 $;-155,68 $;0,00 $;-155,68 $;210,00;180,00 $;160,00 $;315,68 $;0,07%;
09/06/2021;1;5408,20 $;24,32 $;24,32 $;0,00 $;5,68 $;-11289,60 $;0,00 $;100,00%;24,32 $;24,32 $;0,00 $;24,32 $;0,00 $;0,00;30,00 $;30,00 $;5,68 $;0,07%;
10/06/2021;1;4977,52 $;-430,68 $;0,00 $;-430,68 $;5,68 $;-11720,28 $;-430,68 $;0,00%;-430,68 $;0,00 $;-430,68 $;0,00 $;-430,68 $;240,00;465,00 $;210,00 $;640,68 $;0,07%;
11/06/2021;1;5546,84 $;569,32 $;569,32 $;0,00 $;5,68 $;-11150,96 $;0,00 $;100,00%;569,32 $;569,32 $;0,00 $;569,32 $;0,00 $;210,00;110,00 $;685,00 $;115,68 $;0,07%;
14/06/2021;1;6036,16 $;489,32 $;489,32 $;0,00 $;5,68 $;-10661,64 $;0,00 $;100,00%;489,32 $;489,32 $;0,00 $;489,32 $;0,00 $;30,00;5,00 $;685,00 $;195,68 $;0,07%;
15/06/2021;1;6315,48 $;279,32 $;279,32 $;0,00 $;5,68 $;-10382,32 $;0,00 $;100,00%;279,32 $;279,32 $;0,00 $;279,32 $;0,00 $;240,00;195,00 $;550,00 $;270,68 $;0,07%;
16/06/2021;1;5329,80 $;-985,68 $;0,00 $;-985,68 $;5,68 $;-11368,00 $;-985,68 $;0,00%;-985,68 $;0,00 $;-985,68 $;0,00 $;-985,68 $;240,00;1930,00 $;25,00 $;1010,68 $;0,07%;
17/06/2021;1;5584,12 $;254,32 $;254,32 $;0,00 $;5,68 $;-11113,68 $;0,00 $;100,00%;254,32 $;254,32 $;0,00 $;254,32 $;0,00 $;240,00;975,00 $;285,00 $;30,68 $;0,07%;
18/06/2021;1;5833,44 $;249,32 $;249,32 $;0,00 $;5,68 $;-10864,36 $;0,00 $;100,00%;249,32 $;249,32 $;0,00 $;249,32 $;0,00 $;240,00;25,00 $;560,00 $;310,68 $;0,07%;
21/06/2021;1;6297,76 $;464,32 $;464,32 $;0,00 $;5,68 $;-10400,04 $;0,00 $;100,00%;464,32 $;464,32 $;0,00 $;464,32 $;0,00 $;240,00;25,00 $;635,00 $;170,68 $;0,07%;
23/06/2021;1;6437,08 $;139,32 $;139,32 $;0,00 $;5,68 $;-10260,72 $;0,00 $;100,00%;139,32 $;139,32 $;0,00 $;139,32 $;0,00 $;240,00;260,00 $;185,00 $;45,68 $;0,07%;
24/06/2021;1;6881,40 $;444,32 $;444,32 $;0,00 $;5,68 $;-9816,40 $;0,00 $;100,00%;444,32 $;444,32 $;0,00 $;444,32 $;0,00 $;240,00;125,00 $;600,00 $;155,68 $;0,07%;
25/06/2021;1;6920,72 $;39,32 $;39,32 $;0,00 $;5,68 $;-9777,08 $;0,00 $;100,00%;39,32 $;39,32 $;0,00 $;39,32 $;0,00 $;240,00;150,00 $;220,00 $;180,68 $;0,07%;
28/06/2021;1;7025,04 $;104,32 $;104,32 $;0,00 $;5,68 $;-9672,76 $;0,00 $;100,00%;104,32 $;104,32 $;0,00 $;104,32 $;0,00 $;240,00;205,00 $;270,00 $;165,68 $;0,07%;
29/06/2021;1;6894,36 $;-130,68 $;0,00 $;-130,68 $;5,68 $;-9803,44 $;-130,68 $;0,00%;-130,68 $;0,00 $;-130,68 $;0,00 $;-130,68 $;210,00;350,00 $;35,00 $;165,68 $;0,07%;
30/06/2021;1;7388,68 $;494,32 $;494,32 $;0,00 $;5,68 $;-9309,12 $;0,00 $;100,00%;494,32 $;494,32 $;0,00 $;494,32 $;0,00 $;150,00;70,00 $;510,00 $;15,68 $;0,07%;
01/07/2021;1;7568,00 $;179,32 $;179,32 $;0,00 $;5,68 $;-9129,80 $;0,00 $;100,00%;179,32 $;179,32 $;0,00 $;179,32 $;0,00 $;150,00;100,00 $;300,00 $;120,68 $;0,07%;
02/07/2021;1;7337,32 $;-230,68 $;0,00 $;-230,68 $;5,68 $;-9360,48 $;-230,68 $;0,00%;-230,68 $;0,00 $;-230,68 $;0,00 $;-230,68 $;90,00;285,00 $;120,00 $;350,68 $;0,07%;
05/07/2021;1;7106,64 $;-230,68 $;0,00 $;-230,68 $;5,68 $;-9591,16 $;-230,68 $;0,00%;-230,68 $;0,00 $;-230,68 $;0,00 $;-230,68 $;0,00;250,00 $;40,00 $;270,68 $;0,07%;
06/07/2021;1;6995,96 $;-110,68 $;0,00 $;-110,68 $;5,68 $;-9701,84 $;-110,68 $;0,00%;-110,68 $;0,00 $;-110,68 $;0,00 $;-110,68 $;90,00;160,00 $;375,00 $;485,68 $;0,07%;
07/07/2021;1;7460,28 $;464,32 $;464,32 $;0,00 $;5,68 $;-9237,52 $;0,00 $;100,00%;464,32 $;464,32 $;0,00 $;464,32 $;0,00 $;150,00;40,00 $;505,00 $;40,68 $;0,07%;
08/07/2021;1;7364,60 $;-95,68 $;0,00 $;-95,68 $;5,68 $;-9333,20 $;-95,68 $;0,00%;-95,68 $;0,00 $;-95,68 $;0,00 $;-95,68 $;240,00;305,00 $;655,00 $;750,68 $;0,07%;
09/07/2021;1;7593,92 $;229,32 $;229,32 $;0,00 $;5,68 $;-9103,88 $;0,00 $;100,00%;229,32 $;229,32 $;0,00 $;229,32 $;0,00 $;240,00;125,00 $;295,00 $;65,68 $;0,07%;
12/07/2021;1;7598,24 $;4,32 $;4,32 $;0,00 $;5,68 $;-9099,56 $;0,00 $;100,00%;4,32 $;4,32 $;0,00 $;4,32 $;0,00 $;150,00;140,00 $;120,00 $;115,68 $;0,07%;
13/07/2021;1;7337,56 $;-260,68 $;0,00 $;-260,68 $;5,68 $;-9360,24 $;-260,68 $;0,00%;-260,68 $;0,00 $;-260,68 $;0,00 $;-260,68 $;210,00;325,00 $;80,00 $;340,68 $;0,07%;
14/07/2021;1;7241,88 $;-95,68 $;0,00 $;-95,68 $;5,68 $;-9455,92 $;-95,68 $;0,00%;-95,68 $;0,00 $;-95,68 $;0,00 $;-95,68 $;30,00;140,00 $;115,00 $;210,68 $;0,07%;
15/07/2021;1;7441,20 $;199,32 $;199,32 $;0,00 $;5,68 $;-9256,60 $;0,00 $;100,00%;199,32 $;199,32 $;0,00 $;199,32 $;0,00 $;240,00;425,00 $;265,00 $;65,68 $;0,07%;
16/07/2021;1;7220,52 $;-220,68 $;0,00 $;-220,68 $;5,68 $;-9477,28 $;-220,68 $;0,00%;-220,68 $;0,00 $;-220,68 $;0,00 $;-220,68 $;30,00;370,00 $;30,00 $;250,68 $;0,07%;
19/07/2021;1;8114,84 $;894,32 $;894,32 $;0,00 $;5,68 $;-8582,96 $;0,00 $;100,00%;894,32 $;894,32 $;0,00 $;894,32 $;0,00 $;210,00;435,00 $;1015,00 $;120,68 $;0,07%;
20/07/2021;1;8209,16 $;94,32 $;94,32 $;0,00 $;5,68 $;-8488,64 $;0,00 $;100,00%;94,32 $;94,32 $;0,00 $;94,32 $;0,00 $;150,00;145,00 $;430,00 $;335,68 $;0,07%;
21/07/2021;1;8618,48 $;409,32 $;409,32 $;0,00 $;5,68 $;-8079,32 $;0,00 $;100,00%;409,32 $;409,32 $;0,00 $;409,32 $;0,00 $;240,00;45,00 $;495,00 $;85,68 $;0,07%;
22/07/2021;1;9017,80 $;399,32 $;399,32 $;0,00 $;5,68 $;-7680,00 $;0,00 $;100,00%;399,32 $;399,32 $;0,00 $;399,32 $;0,00 $;240,00;320,00 $;580,00 $;180,68 $;0,07%;
23/07/2021;1;8802,12 $;-215,68 $;0,00 $;-215,68 $;5,68 $;-7895,68 $;-215,68 $;0,00%;-215,68 $;0,00 $;-215,68 $;0,00 $;-215,68 $;240,00;465,00 $;80,00 $;295,68 $;0,07%;
26/07/2021;1;9116,44 $;314,32 $;314,32 $;0,00 $;5,68 $;-7581,36 $;0,00 $;100,00%;314,32 $;314,32 $;0,00 $;314,32 $;0,00 $;210,00;110,00 $;425,00 $;110,68 $;0,07%;
27/07/2021;1;8900,76 $;-215,68 $;0,00 $;-215,68 $;5,68 $;-7797,04 $;-215,68 $;0,00%;-215,68 $;0,00 $;-215,68 $;0,00 $;-215,68 $;30,00;310,00 $;280,00 $;495,68 $;0,07%;
28/07/2021;1;9145,08 $;244,32 $;244,32 $;0,00 $;5,68 $;-7552,72 $;0,00 $;100,00%;244,32 $;244,32 $;0,00 $;244,32 $;0,00 $;150,00;270,00 $;640,00 $;395,68 $;0,07%;
29/07/2021;1;9214,40 $;69,32 $;69,32 $;0,00 $;5,68 $;-7483,40 $;0,00 $;100,00%;69,32 $;69,32 $;0,00 $;69,32 $;0,00 $;240,00;10,00 $;375,00 $;305,68 $;0,07%;
30/07/2021;1;9318,72 $;104,32 $;104,32 $;0,00 $;5,68 $;-7379,08 $;0,00 $;100,00%;104,32 $;104,32 $;0,00 $;104,32 $;0,00 $;210,00;430,00 $;200,00 $;95,68 $;0,07%;
02/08/2021;2;8517,36 $;-801,36 $;49,32 $;-850,68 $;11,36 $;-8229,76 $;-850,68 $;50,00%;-400,68 $;49,32 $;-850,68 $;49,32 $;-850,68 $;270,00;452,50 $;52,50 $;453,18 $;0,14%;
03/08/2021;2;9246,00 $;728,64 $;819,32 $;-90,68 $;11,36 $;-7451,80 $;-90,68 $;50,00%;364,32 $;819,32 $;-90,68 $;819,32 $;-90,68 $;270,00;52,50 $;440,00 $;75,68 $;0,14%;
04/08/2021;1;9305,32 $;59,32 $;59,32 $;0,00 $;5,68 $;-7392,48 $;0,00 $;100,00%;59,32 $;59,32 $;0,00 $;59,32 $;0,00 $;240,00;255,00 $;175,00 $;115,68 $;0,07%;
06/08/2021;1;9239,64 $;-65,68 $;0,00 $;-65,68 $;5,68 $;-7458,16 $;-65,68 $;0,00%;-65,68 $;0,00 $;-65,68 $;0,00 $;-65,68 $;240,00;305,00 $;65,00 $;130,68 $;0,07%;
09/08/2021;1;9263,96 $;24,32 $;24,32 $;0,00 $;5,68 $;-7433,84 $;0,00 $;100,00%;24,32 $;24,32 $;0,00 $;24,32 $;0,00 $;30,00;140,00 $;145,00 $;120,68 $;0,07%;
10/08/2021;1;9308,28 $;44,32 $;44,32 $;0,00 $;5,68 $;-7389,52 $;0,00 $;100,00%;44,32 $;44,32 $;0,00 $;44,32 $;0,00 $;240,00;145,00 $;145,00 $;100,68 $;0,07%;
11/08/2021;1;9607,60 $;299,32 $;299,32 $;0,00 $;5,68 $;-7090,20 $;0,00 $;100,00%;299,32 $;299,32 $;0,00 $;299,32 $;0,00 $;240,00;115,00 $;325,00 $;25,68 $;0,07%;
12/08/2021;1;9956,92 $;349,32 $;349,32 $;0,00 $;5,68 $;-6740,88 $;0,00 $;100,00%;349,32 $;349,32 $;0,00 $;349,32 $;0,00 $;240,00;175,00 $;390,00 $;40,68 $;0,07%;
13/08/2021;1;9706,24 $;-250,68 $;0,00 $;-250,68 $;5,68 $;-6991,56 $;-250,68 $;0,00%;-250,68 $;0,00 $;-250,68 $;0,00 $;-250,68 $;240,00;350,00 $;15,00 $;265,68 $;0,07%;
16/08/2021;1;10470,56 $;764,32 $;764,32 $;0,00 $;5,68 $;-6227,24 $;0,00 $;100,00%;764,32 $;764,32 $;0,00 $;764,32 $;0,00 $;240,00;25,00 $;835,00 $;70,68 $;0,07%;
17/08/2021;1;10519,88 $;49,32 $;49,32 $;0,00 $;5,68 $;-6177,92 $;0,00 $;100,00%;49,32 $;49,32 $;0,00 $;49,32 $;0,00 $;210,00;820,00 $;360,00 $;310,68 $;0,07%;
18/08/2021;1;8904,20 $;-1615,68 $;0,00 $;-1615,68 $;5,68 $;-7793,60 $;-1615,68 $;0,00%;-1615,68 $;0,00 $;-1615,68 $;0,00 $;-1615,68 $;210,00;1615,00 $;430,00 $;2045,68 $;0,07%;
19/08/2021;1;8833,52 $;-70,68 $;0,00 $;-70,68 $;5,68 $;-7864,28 $;-70,68 $;0,00%;-70,68 $;0,00 $;-70,68 $;0,00 $;-70,68 $;210,00;1100,00 $;355,00 $;425,68 $;0,07%;
20/08/2021;1;9062,84 $;229,32 $;229,32 $;0,00 $;5,68 $;-7634,96 $;0,00 $;100,00%;229,32 $;229,32 $;0,00 $;229,32 $;0,00 $;90,00;125,00 $;385,00 $;155,68 $;0,07%;
23/08/2021;1;9092,16 $;29,32 $;29,32 $;0,00 $;5,68 $;-7605,64 $;0,00 $;100,00%;29,32 $;29,32 $;0,00 $;29,32 $;0,00 $;240,00;90,00 $;225,00 $;195,68 $;0,07%;
25/08/2021;1;8921,48 $;-170,68 $;0,00 $;-170,68 $;5,68 $;-7776,32 $;-170,68 $;0,00%;-170,68 $;0,00 $;-170,68 $;0,00 $;-170,68 $;240,00;270,00 $;260,00 $;430,68 $;0,07%;
26/08/2021;1;8335,80 $;-585,68 $;0,00 $;-585,68 $;5,68 $;-8362,00 $;-585,68 $;0,00%;-585,68 $;0,00 $;-585,68 $;0,00 $;-585,68 $;240,00;775,00 $;140,00 $;725,68 $;0,07%;
27/08/2021;1;8545,12 $;209,32 $;209,32 $;0,00 $;5,68 $;-8152,68 $;0,00 $;100,00%;209,32 $;209,32 $;0,00 $;209,32 $;0,00 $;240,00;5,00 $;295,00 $;85,68 $;0,07%;
30/08/2021;1;8504,44 $;-40,68 $;0,00 $;-40,68 $;5,68 $;-8193,36 $;-40,68 $;0,00%;-40,68 $;0,00 $;-40,68 $;0,00 $;-40,68 $;90,00;285,00 $;90,00 $;130,68 $;0,07%;
31/08/2021;1;8083,76 $;-420,68 $;0,00 $;-420,68 $;5,68 $;-8614,04 $;-420,68 $;0,00%;-420,68 $;0,00 $;-420,68 $;0,00 $;-420,68 $;240,00;480,00 $;165,00 $;585,68 $;0,07%;
01/09/2021;1;8188,08 $;104,32 $;104,32 $;0,00 $;5,68 $;-8509,72 $;0,00 $;100,00%;104,32 $;104,32 $;0,00 $;104,32 $;0,00 $;240,00;30,00 $;435,00 $;330,68 $;0,07%;
02/09/2021;1;8142,40 $;-45,68 $;0,00 $;-45,68 $;5,68 $;-8555,40 $;-45,68 $;0,00%;-45,68 $;0,00 $;-45,68 $;0,00 $;-45,68 $;210,00;525,00 $;70,00 $;115,68 $;0,07%;
03/09/2021;1;7961,72 $;-180,68 $;0,00 $;-180,68 $;5,68 $;-8736,08 $;-180,68 $;0,00%;-180,68 $;0,00 $;-180,68 $;0,00 $;-180,68 $;30,00;220,00 $;115,00 $;295,68 $;0,07%;
06/09/2021;1;7901,04 $;-60,68 $;0,00 $;-60,68 $;5,68 $;-8796,76 $;-60,68 $;0,00%;-60,68 $;0,00 $;-60,68 $;0,00 $;-60,68 $;30,00;125,00 $;15,00 $;75,68 $;0,07%;
07/09/2021;1;7710,36 $;-190,68 $;0,00 $;-190,68 $;5,68 $;-8987,44 $;-190,68 $;0,00%;-190,68 $;0,00 $;-190,68 $;0,00 $;-190,68 $;30,00;250,00 $;50,00 $;240,68 $;0,07%;
08/09/2021;1;7759,68 $;49,32 $;49,32 $;0,00 $;5,68 $;-8938,12 $;0,00 $;100,00%;49,32 $;49,32 $;0,00 $;49,32 $;0,00 $;240,00;385,00 $;235,00 $;185,68 $;0,07%;
09/09/2021;1;7049,00 $;-710,68 $;0,00 $;-710,68 $;5,68 $;-9648,80 $;-710,68 $;0,00%;-710,68 $;0,00 $;-710,68 $;0,00 $;-710,68 $;210,00;850,00 $;170,00 $;880,68 $;0,07%;
10/09/2021;1;7018,32 $;-30,68 $;0,00 $;-30,68 $;5,68 $;-9679,48 $;-30,68 $;0,00%;-30,68 $;0,00 $;-30,68 $;0,00 $;-30,68 $;0,00;115,00 $;45,00 $;75,68 $;0,07%;
13/09/2021;1;7332,64 $;314,32 $;314,32 $;0,00 $;5,68 $;-9365,16 $;0,00 $;100,00%;314,32 $;314,32 $;0,00 $;314,32 $;0,00 $;210,00;805,00 $;340,00 $;25,68 $;0,07%;
14/09/2021;1;7101,96 $;-230,68 $;0,00 $;-230,68 $;5,68 $;-9595,84 $;-230,68 $;0,00%;-230,68 $;0,00 $;-230,68 $;0,00 $;-230,68 $;150,00;670,00 $;120,00 $;350,68 $;0,07%;
15/09/2021;1;7826,28 $;724,32 $;724,32 $;0,00 $;5,68 $;-8871,52 $;0,00 $;100,00%;724,32 $;724,32 $;0,00 $;724,32 $;0,00 $;240,00;195,00 $;990,00 $;265,68 $;0,07%;
16/09/2021;1;8075,60 $;249,32 $;249,32 $;0,00 $;5,68 $;-8622,20 $;0,00 $;100,00%;249,32 $;249,32 $;0,00 $;249,32 $;0,00 $;210,00;240,00 $;855,00 $;605,68 $;0,07%;
17/09/2021;1;8109,92 $;34,32 $;34,32 $;0,00 $;5,68 $;-8587,88 $;0,00 $;100,00%;34,32 $;34,32 $;0,00 $;34,32 $;0,00 $;240,00;245,00 $;490,00 $;455,68 $;0,07%;
20/09/2021;1;8224,24 $;114,32 $;114,32 $;0,00 $;5,68 $;-8473,56 $;0,00 $;100,00%;114,32 $;114,32 $;0,00 $;114,32 $;0,00 $;210,00;1375,00 $;530,00 $;415,68 $;0,07%;
23/09/2021;2;8477,88 $;253,64 $;253,64 $;0,00 $;11,36 $;-8289,24 $;0,00 $;100,00%;126,82 $;126,82 $;0,00 $;184,32 $;0,00 $;240,00;40,00 $;352,50 $;225,68 $;0,14%;
24/09/2021;1;8757,20 $;279,32 $;279,32 $;0,00 $;5,68 $;-7940,60 $;0,00 $;100,00%;279,32 $;279,32 $;0,00 $;279,32 $;0,00 $;210,00;125,00 $;485,00 $;205,68 $;0,07%;
27/09/2021;2;8480,84 $;-276,36 $;0,00 $;-276,36 $;11,36 $;-8216,96 $;-276,36 $;0,00%;-138,18 $;0,00 $;-138,18 $;0,00 $;-245,68 $;270,00;192,50 $;85,00 $;223,18 $;0,14%;
28/09/2021;1;8190,16 $;-290,68 $;0,00 $;-290,68 $;5,68 $;-8507,64 $;-290,68 $;0,00%;-290,68 $;0,00 $;-290,68 $;0,00 $;-290,68 $;240,00;870,00 $;480,00 $;770,68 $;0,07%;
30/09/2021;1;6999,48 $;-1190,68 $;0,00 $;-1190,68 $;5,68 $;-9698,32 $;-1190,68 $;0,00%;-1190,68 $;0,00 $;-1190,68 $;0,00 $;-1190,68 $;240,00;2005,00 $;0,00 $;1190,68 $;0,07%;
01/10/2021;1;8868,80 $;1869,32 $;1869,32 $;0,00 $;5,68 $;-7829,00 $;0,00 $;100,00%;1869,32 $;1869,32 $;0,00 $;1869,32 $;0,00 $;240,00;10,00 $;2355,00 $;485,68 $;0,07%;
04/10/2021;1;9068,12 $;199,32 $;199,32 $;0,00 $;5,68 $;-7629,68 $;0,00 $;100,00%;199,32 $;199,32 $;0,00 $;199,32 $;0,00 $;240,00;505,00 $;610,00 $;410,68 $;0,07%;
05/10/2021;1;8967,44 $;-100,68 $;0,00 $;-100,68 $;5,68 $;-7730,36 $;-100,68 $;0,00%;-100,68 $;0,00 $;-100,68 $;0,00 $;-100,68 $;240,00;485,00 $;210,00 $;310,68 $;0,07%;
07/10/2021;1;8251,76 $;-715,68 $;0,00 $;-715,68 $;5,68 $;-8446,04 $;-715,68 $;0,00%;-715,68 $;0,00 $;-715,68 $;0,00 $;-715,68 $;210,00;960,00 $;90,00 $;805,68 $;0,07%;
11/10/2021;1;6616,08 $;-1635,68 $;0,00 $;-1635,68 $;5,68 $;-10081,72 $;-1635,68 $;0,00%;-1635,68 $;0,00 $;-1635,68 $;0,00 $;-1635,68 $;240,00;1645,00 $;350,00 $;1985,68 $;0,07%;
12/10/2021;1;6150,40 $;-465,68 $;0,00 $;-465,68 $;5,68 $;-10547,40 $;-465,68 $;0,00%;-465,68 $;0,00 $;-465,68 $;0,00 $;-465,68 $;240,00;595,00 $;420,00 $;885,68 $;0,07%;
13/10/2021;1;6234,72 $;84,32 $;84,32 $;0,00 $;5,68 $;-10463,08 $;0,00 $;100,00%;84,32 $;84,32 $;0,00 $;84,32 $;0,00 $;90,00;290,00 $;260,00 $;175,68 $;0,07%;
14/10/2021;1;6449,04 $;214,32 $;214,32 $;0,00 $;5,68 $;-10248,76 $;0,00 $;100,00%;214,32 $;214,32 $;0,00 $;214,32 $;0,00 $;240,00;100,00 $;415,00 $;200,68 $;0,07%;
19/10/2021;1;6448,36 $;-0,68 $;0,00 $;-0,68 $;5,68 $;-10249,44 $;-0,68 $;0,00%;-0,68 $;0,00 $;-0,68 $;0,00 $;-0,68 $;240,00;325,00 $;140,00 $;140,68 $;0,07%;
20/10/2021;1;6467,68 $;19,32 $;19,32 $;0,00 $;5,68 $;-10230,12 $;0,00 $;100,00%;19,32 $;19,32 $;0,00 $;19,32 $;0,00 $;240,00;115,00 $;430,00 $;410,68 $;0,07%;
21/10/2021;1;7072,00 $;604,32 $;604,32 $;0,00 $;5,68 $;-9625,80 $;0,00 $;100,00%;604,32 $;604,32 $;0,00 $;604,32 $;0,00 $;150,00;170,00 $;830,00 $;225,68 $;0,07%;
22/10/2021;1;6781,32 $;-290,68 $;0,00 $;-290,68 $;5,68 $;-9916,48 $;-290,68 $;0,00%;-290,68 $;0,00 $;-290,68 $;0,00 $;-290,68 $;30,00;350,00 $;250,00 $;540,68 $;0,07%;
25/10/2021;2;6764,96 $;-16,36 $;54,32 $;-70,68 $;11,36 $;-9932,84 $;-70,68 $;50,00%;-8,18 $;54,32 $;-70,68 $;54,32 $;-70,68 $;270,00;120,00 $;162,50 $;170,68 $;0,14%;
26/10/2021;1;6799,28 $;34,32 $;34,32 $;0,00 $;5,68 $;-9898,52 $;0,00 $;100,00%;34,32 $;34,32 $;0,00 $;34,32 $;0,00 $;150,00;140,00 $;425,00 $;390,68 $;0,07%;
27/10/2021;1;6108,60 $;-690,68 $;0,00 $;-690,68 $;5,68 $;-10589,20 $;-690,68 $;0,00%;-690,68 $;0,00 $;-690,68 $;0,00 $;-690,68 $;90,00;855,00 $;15,00 $;705,68 $;0,07%;
29/10/2021;1;6102,92 $;-5,68 $;0,00 $;-5,68 $;5,68 $;-10594,88 $;-5,68 $;0,00%;-5,68 $;0,00 $;-5,68 $;0,00 $;-5,68 $;0,00;105,00 $;30,00 $;35,68 $;0,07%;
01/11/2021;1;6227,24 $;124,32 $;124,32 $;0,00 $;5,68 $;-10470,56 $;0,00 $;100,00%;124,32 $;124,32 $;0,00 $;124,32 $;0,00 $;210,00;310,00 $;230,00 $;105,68 $;0,07%;
02/11/2021;1;6161,56 $;-65,68 $;0,00 $;-65,68 $;5,68 $;-10536,24 $;-65,68 $;0,00%;-65,68 $;0,00 $;-65,68 $;0,00 $;-65,68 $;90,00;125,00 $;165,00 $;230,68 $;0,07%;
03/11/2021;2;6940,20 $;778,64 $;778,64 $;0,00 $;11,36 $;-9771,92 $;0,00 $;100,00%;389,32 $;389,32 $;0,00 $;764,32 $;0,00 $;240,00;237,50 $;432,50 $;43,18 $;0,14%;
04/11/2021;1;7419,52 $;479,32 $;479,32 $;0,00 $;5,68 $;-9278,28 $;0,00 $;100,00%;479,32 $;479,32 $;0,00 $;479,32 $;0,00 $;90,00;120,00 $;640,00 $;160,68 $;0,07%;
05/11/2021;1;7393,84 $;-25,68 $;0,00 $;-25,68 $;5,68 $;-9303,96 $;-25,68 $;0,00%;-25,68 $;0,00 $;-25,68 $;0,00 $;-25,68 $;0,00;20,00 $;35,00 $;60,68 $;0,07%;
08/11/2021;1;7413,16 $;19,32 $;19,32 $;0,00 $;5,68 $;-9284,64 $;0,00 $;100,00%;19,32 $;19,32 $;0,00 $;19,32 $;0,00 $;210,00;290,00 $;315,00 $;295,68 $;0,07%;
09/11/2021;1;7572,48 $;159,32 $;159,32 $;0,00 $;5,68 $;-9125,32 $;0,00 $;100,00%;159,32 $;159,32 $;0,00 $;159,32 $;0,00 $;150,00;320,00 $;365,00 $;205,68 $;0,07%;
10/11/2021;1;6751,80 $;-820,68 $;0,00 $;-820,68 $;5,68 $;-9946,00 $;-820,68 $;0,00%;-820,68 $;0,00 $;-820,68 $;0,00 $;-820,68 $;240,00;1335,00 $;85,00 $;905,68 $;0,07%;
11/11/2021;1;6626,12 $;-125,68 $;0,00 $;-125,68 $;5,68 $;-10071,68 $;-125,68 $;0,00%;-125,68 $;0,00 $;-125,68 $;0,00 $;-125,68 $;210,00;260,00 $;160,00 $;285,68 $;0,07%;
15/11/2021;1;6650,44 $;24,32 $;24,32 $;0,00 $;5,68 $;-10047,36 $;0,00 $;100,00%;24,32 $;24,32 $;0,00 $;24,32 $;0,00 $;210,00;345,00 $;225,00 $;200,68 $;0,07%;
16/11/2021;1;6204,76 $;-445,68 $;0,00 $;-445,68 $;5,68 $;-10493,04 $;-445,68 $;0,00%;-445,68 $;0,00 $;-445,68 $;0,00 $;-445,68 $;210,00;680,00 $;250,00 $;695,68 $;0,07%;
17/11/2021;1;6479,08 $;274,32 $;274,32 $;0,00 $;5,68 $;-10218,72 $;0,00 $;100,00%;274,32 $;274,32 $;0,00 $;274,32 $;0,00 $;240,00;180,00 $;385,00 $;110,68 $;0,07%;
19/11/2021;1;6633,40 $;154,32 $;154,32 $;0,00 $;5,68 $;-10064,40 $;0,00 $;100,00%;154,32 $;154,32 $;0,00 $;154,32 $;0,00 $;90,00;165,00 $;180,00 $;25,68 $;0,07%;
22/11/2021;1;6477,72 $;-155,68 $;0,00 $;-155,68 $;5,68 $;-10220,08 $;-155,68 $;0,00%;-155,68 $;0,00 $;-155,68 $;0,00 $;-155,68 $;240,00;720,00 $;155,00 $;310,68 $;0,07%;
23/11/2021;1;6937,04 $;459,32 $;459,32 $;0,00 $;5,68 $;-9760,76 $;0,00 $;100,00%;459,32 $;459,32 $;0,00 $;459,32 $;0,00 $;240,00;475,00 $;790,00 $;330,68 $;0,07%;
24/11/2021;1;7196,36 $;259,32 $;259,32 $;0,00 $;5,68 $;-9501,44 $;0,00 $;100,00%;259,32 $;259,32 $;0,00 $;259,32 $;0,00 $;150,00;540,00 $;325,00 $;65,68 $;0,07%;
25/11/2021;1;7130,68 $;-65,68 $;0,00 $;-65,68 $;5,68 $;-9567,12 $;-65,68 $;0,00%;-65,68 $;0,00 $;-65,68 $;0,00 $;-65,68 $;30,00;80,00 $;80,00 $;145,68 $;0,07%;
26/11/2021;1;5655,00 $;-1475,68 $;0,00 $;-1475,68 $;5,68 $;-11042,80 $;-1475,68 $;0,00%;-1475,68 $;0,00 $;-1475,68 $;0,00 $;-1475,68 $;0,00;1490,00 $;455,00 $;1930,68 $;0,07%;
29/11/2021;1;7084,32 $;1429,32 $;1429,32 $;0,00 $;5,68 $;-9613,48 $;0,00 $;100,00%;1429,32 $;1429,32 $;0,00 $;1429,32 $;0,00 $;240,00;215,00 $;1630,00 $;200,68 $;0,07%;
30/11/2021;1;6348,64 $;-735,68 $;0,00 $;-735,68 $;5,68 $;-10349,16 $;-735,68 $;0,00%;-735,68 $;0,00 $;-735,68 $;0,00 $;-735,68 $;240,00;965,00 $;195,00 $;930,68 $;0,07%;
03/12/2021;1;5942,96 $;-405,68 $;0,00 $;-405,68 $;5,68 $;-10754,84 $;-405,68 $;0,00%;-405,68 $;0,00 $;-405,68 $;0,00 $;-405,68 $;240,00;1280,00 $;400,00 $;805,68 $;0,07%;
07/12/2021;1;6182,28 $;239,32 $;239,32 $;0,00 $;5,68 $;-10515,52 $;0,00 $;100,00%;239,32 $;239,32 $;0,00 $;239,32 $;0,00 $;90,00;735,00 $;320,00 $;80,68 $;0,07%;
08/12/2021;1;6811,60 $;629,32 $;629,32 $;0,00 $;5,68 $;-9886,20 $;0,00 $;100,00%;629,32 $;629,32 $;0,00 $;629,32 $;0,00 $;210,00;20,00 $;785,00 $;155,68 $;0,07%;
09/12/2021;1;6865,92 $;54,32 $;54,32 $;0,00 $;5,68 $;-9831,88 $;0,00 $;100,00%;54,32 $;54,32 $;0,00 $;54,32 $;0,00 $;210,00;45,00 $;665,00 $;610,68 $;0,07%;
10/12/2021;1;7420,24 $;554,32 $;554,32 $;0,00 $;5,68 $;-9277,56 $;0,00 $;100,00%;554,32 $;554,32 $;0,00 $;554,32 $;0,00 $;150,00;175,00 $;585,00 $;30,68 $;0,07%;
14/12/2021;1;7209,56 $;-210,68 $;0,00 $;-210,68 $;5,68 $;-9488,24 $;-210,68 $;0,00%;-210,68 $;0,00 $;-210,68 $;0,00 $;-210,68 $;30,00;555,00 $;175,00 $;385,68 $;0,07%;
15/12/2021;1;9113,88 $;1904,32 $;1904,32 $;0,00 $;5,68 $;-7583,92 $;0,00 $;100,00%;1904,32 $;1904,32 $;0,00 $;1904,32 $;0,00 $;210,00;785,00 $;2065,00 $;160,68 $;0,07%;
16/12/2021;1;8468,20 $;-645,68 $;0,00 $;-645,68 $;5,68 $;-8229,60 $;-645,68 $;0,00%;-645,68 $;0,00 $;-645,68 $;0,00 $;-645,68 $;210,00;1355,00 $;35,00 $;680,68 $;0,07%;
17/12/2021;1;8457,52 $;-10,68 $;0,00 $;-10,68 $;5,68 $;-8240,28 $;-10,68 $;0,00%;-10,68 $;0,00 $;-10,68 $;0,00 $;-10,68 $;210,00;620,00 $;740,00 $;750,68 $;0,07%;
20/12/2021;1;9341,84 $;884,32 $;884,32 $;0,00 $;5,68 $;-7355,96 $;0,00 $;100,00%;884,32 $;884,32 $;0,00 $;884,32 $;0,00 $;90,00;270,00 $;965,00 $;80,68 $;0,07%;
21/12/2021;1;9701,16 $;359,32 $;359,32 $;0,00 $;5,68 $;-6996,64 $;0,00 $;100,00%;359,32 $;359,32 $;0,00 $;359,32 $;0,00 $;210,00;395,00 $;380,00 $;20,68 $;0,07%;
23/12/2021;1;9685,48 $;-15,68 $;0,00 $;-15,68 $;5,68 $;-7012,32 $;-15,68 $;0,00%;-15,68 $;0,00 $;-15,68 $;0,00 $;-15,68 $;210,00;155,00 $;465,00 $;480,68 $;0,07%;
27/12/2021;1;10024,80 $;339,32 $;339,32 $;0,00 $;5,68 $;-6673,00 $;0,00 $;100,00%;339,32 $;339,32 $;0,00 $;339,32 $;0,00 $;240,00;80,00 $;505,00 $;165,68 $;0,07%;
28/12/2021;1;10239,12 $;214,32 $;214,32 $;0,00 $;5,68 $;-6458,68 $;0,00 $;100,00%;214,32 $;214,32 $;0,00 $;214,32 $;0,00 $;210,00;300,00 $;465,00 $;250,68 $;0,07%;
29/12/2021;1;10498,44 $;259,32 $;259,32 $;0,00 $;5,68 $;-6199,36 $;0,00 $;100,00%;259,32 $;259,32 $;0,00 $;259,32 $;0,00 $;210,00;5,00 $;670,00 $;410,68 $;0,07%;
30/12/2021;1;10372,76 $;-125,68 $;0,00 $;-125,68 $;5,68 $;-6325,04 $;-125,68 $;0,00%;-125,68 $;0,00 $;-125,68 $;0,00 $;-125,68 $;240,00;230,00 $;130,00 $;255,68 $;0,07%;
31/12/2021;1;10022,08 $;-350,68 $;0,00 $;-350,68 $;5,68 $;-6675,72 $;-350,68 $;0,00%;-350,68 $;0,00 $;-350,68 $;0,00 $;-350,68 $;90,00;555,00 $;140,00 $;490,68 $;0,07%;
03/01/2022;1;10581,40 $;559,32 $;559,32 $;0,00 $;5,68 $;-6116,40 $;0,00 $;100,00%;559,32 $;559,32 $;0,00 $;559,32 $;0,00 $;150,00;130,00 $;790,00 $;230,68 $;0,07%;
05/01/2022;1;8460,72 $;-2120,68 $;0,00 $;-2120,68 $;5,68 $;-8237,08 $;-2120,68 $;0,00%;-2120,68 $;0,00 $;-2120,68 $;0,00 $;-2120,68 $;150,00;2300,00 $;285,00 $;2405,68 $;0,07%;
06/01/2022;2;8629,36 $;168,64 $;168,64 $;0,00 $;11,36 $;-8157,76 $;0,00 $;100,00%;84,32 $;84,32 $;0,00 $;89,32 $;0,00 $;240,00;160,00 $;470,00 $;385,68 $;0,14%;
07/01/2022;1;9048,68 $;419,32 $;419,32 $;0,00 $;5,68 $;-7649,12 $;0,00 $;100,00%;419,32 $;419,32 $;0,00 $;419,32 $;0,00 $;240,00;55,00 $;755,00 $;335,68 $;0,07%;
10/01/2022;1;10148,00 $;1099,32 $;1099,32 $;0,00 $;5,68 $;-6549,80 $;0,00 $;100,00%;1099,32 $;1099,32 $;0,00 $;1099,32 $;0,00 $;150,00;75,00 $;1270,00 $;170,68 $;0,07%;
11/01/2022;1;11147,32 $;999,32 $;999,32 $;0,00 $;5,68 $;-5550,48 $;0,00 $;100,00%;999,32 $;999,32 $;0,00 $;999,32 $;0,00 $;210,00;50,00 $;1085,00 $;85,68 $;0,07%;
12/01/2022;1;11061,64 $;-85,68 $;0,00 $;-85,68 $;5,68 $;-5636,16 $;-85,68 $;0,00%;-85,68 $;0,00 $;-85,68 $;0,00 $;-85,68 $;240,00;340,00 $;510,00 $;595,68 $;0,07%;
14/01/2022;1;11750,96 $;689,32 $;689,32 $;0,00 $;5,68 $;-4946,84 $;0,00 $;100,00%;689,32 $;689,32 $;0,00 $;689,32 $;0,00 $;30,00;0,00 $;735,00 $;45,68 $;0,07%;
18/01/2022;1;11745,28 $;-5,68 $;0,00 $;-5,68 $;5,68 $;-4952,52 $;-5,68 $;0,00%;-5,68 $;0,00 $;-5,68 $;0,00 $;-5,68 $;240,00;700,00 $;635,00 $;640,68 $;0,07%;
21/01/2022;1;9834,60 $;-1910,68 $;0,00 $;-1910,68 $;5,68 $;-6863,20 $;-1910,68 $;0,00%;-1910,68 $;0,00 $;-1910,68 $;0,00 $;-1910,68 $;210,00;1970,00 $;175,00 $;2085,68 $;0,07%;
24/01/2022;1;15528,92 $;5694,32 $;5694,32 $;0,00 $;5,68 $;-1168,88 $;0,00 $;100,00%;5694,32 $;5694,32 $;0,00 $;5694,32 $;0,00 $;210,00;530,00 $;6000,00 $;305,68 $;0,07%;
25/01/2022;1;15098,24 $;-430,68 $;0,00 $;-430,68 $;5,68 $;-1599,56 $;-430,68 $;0,00%;-430,68 $;0,00 $;-430,68 $;0,00 $;-430,68 $;150,00;780,00 $;2175,00 $;2605,68 $;0,07%;
26/01/2022;1;12782,56 $;-2315,68 $;0,00 $;-2315,68 $;5,68 $;-3915,24 $;-2315,68 $;0,00%;-2315,68 $;0,00 $;-2315,68 $;0,00 $;-2315,68 $;90,00;3795,00 $;120,00 $;2435,68 $;0,07%;
27/01/2022;1;12151,88 $;-630,68 $;0,00 $;-630,68 $;5,68 $;-4545,92 $;-630,68 $;0,00%;-630,68 $;0,00 $;-630,68 $;0,00 $;-630,68 $;210,00;1950,00 $;160,00 $;790,68 $;0,07%;
28/01/2022;1;14311,20 $;2159,32 $;2159,32 $;0,00 $;5,68 $;-2386,60 $;0,00 $;100,00%;2159,32 $;2159,32 $;0,00 $;2159,32 $;0,00 $;210,00;1145,00 $;2390,00 $;230,68 $;0,07%;
31/01/2022;1;14520,52 $;209,32 $;209,32 $;0,00 $;5,68 $;-2177,28 $;0,00 $;100,00%;209,32 $;209,32 $;0,00 $;209,32 $;0,00 $;90,00;830,00 $;765,00 $;555,68 $;0,07%;
01/02/2022;1;15574,84 $;1054,32 $;1054,32 $;0,00 $;5,68 $;-1122,96 $;0,00 $;100,00%;1054,32 $;1054,32 $;0,00 $;1054,32 $;0,00 $;240,00;350,00 $;1110,00 $;55,68 $;0,07%;
02/02/2022;1;16849,16 $;1274,32 $;1274,32 $;0,00 $;5,68 $;0,00 $;0,00 $;100,00%;1274,32 $;1274,32 $;0,00 $;1274,32 $;0,00 $;240,00;230,00 $;1430,00 $;155,68 $;0,07%;
03/02/2022;1;16088,48 $;-760,68 $;0,00 $;-760,68 $;5,68 $;-760,68 $;-760,68 $;0,00%;-760,68 $;0,00 $;-760,68 $;0,00 $;-760,68 $;240,00;1110,00 $;80,00 $;840,68 $;0,07%;
04/02/2022;1;17947,80 $;1859,32 $;1859,32 $;0,00 $;5,68 $;0,00 $;0,00 $;100,00%;1859,32 $;1859,32 $;0,00 $;1859,32 $;0,00 $;240,00;60,00 $;2055,00 $;195,68 $;0,07%;
07/02/2022;1;17247,12 $;-700,68 $;0,00 $;-700,68 $;5,68 $;-700,68 $;-700,68 $;0,00%;-700,68 $;0,00 $;-700,68 $;0,00 $;-700,68 $;90,00;1350,00 $;275,00 $;975,68 $;0,07%;
08/02/2022;1;17881,44 $;634,32 $;634,32 $;0,00 $;5,68 $;-66,36 $;0,00 $;100,00%;634,32 $;634,32 $;0,00 $;634,32 $;0,00 $;240,00;115,00 $;885,00 $;250,68 $;0,07%;
10/02/2022;1;15270,76 $;-2610,68 $;0,00 $;-2610,68 $;5,68 $;-2677,04 $;-2610,68 $;0,00%;-2610,68 $;0,00 $;-2610,68 $;0,00 $;-2610,68 $;210,00;3060,00 $;130,00 $;2740,68 $;0,07%;
11/02/2022;2;12799,40 $;-2471,36 $;0,00 $;-2471,36 $;11,36 $;-5148,40 $;-2471,36 $;0,00%;-1235,68 $;0,00 $;-1235,68 $;0,00 $;-2390,68 $;270,00;1517,50 $;137,50 $;1373,18 $;0,14%;
14/02/2022;1;12783,72 $;-15,68 $;0,00 $;-15,68 $;5,68 $;-5164,08 $;-15,68 $;0,00%;-15,68 $;0,00 $;-15,68 $;0,00 $;-15,68 $;240,00;1025,00 $;1125,00 $;1140,68 $;0,07%;
15/02/2022;1;12958,04 $;174,32 $;174,32 $;0,00 $;5,68 $;-4989,76 $;0,00 $;100,00%;174,32 $;174,32 $;0,00 $;174,32 $;0,00 $;210,00;525,00 $;400,00 $;225,68 $;0,07%;
16/02/2022;1;13922,36 $;964,32 $;964,32 $;0,00 $;5,68 $;-4025,44 $;0,00 $;100,00%;964,32 $;964,32 $;0,00 $;964,32 $;0,00 $;240,00;775,00 $;1080,00 $;115,68 $;0,07%;
17/02/2022;1;12911,68 $;-1010,68 $;0,00 $;-1010,68 $;5,68 $;-5036,12 $;-1010,68 $;0,00%;-1010,68 $;0,00 $;-1010,68 $;0,00 $;-1010,68 $;240,00;1285,00 $;375,00 $;1385,68 $;0,07%;
22/02/2022;1;12556,00 $;-355,68 $;0,00 $;-355,68 $;5,68 $;-5391,80 $;-355,68 $;0,00%;-355,68 $;0,00 $;-355,68 $;0,00 $;-355,68 $;240,00;2130,00 $;355,00 $;710,68 $;0,07%;
23/02/2022;1;11375,32 $;-1180,68 $;0,00 $;-1180,68 $;5,68 $;-6572,48 $;-1180,68 $;0,00%;-1180,68 $;0,00 $;-1180,68 $;0,00 $;-1180,68 $;240,00;1715,00 $;1005,00 $;2185,68 $;0,07%;
24/02/2022;1;14644,64 $;3269,32 $;3269,32 $;0,00 $;5,68 $;-3303,16 $;0,00 $;100,00%;3269,32 $;3269,32 $;0,00 $;3269,32 $;0,00 $;210,00;395,00 $;4130,00 $;860,68 $;0,07%;
28/02/2022;1;15283,96 $;639,32 $;639,32 $;0,00 $;5,68 $;-2663,84 $;0,00 $;100,00%;639,32 $;639,32 $;0,00 $;639,32 $;0,00 $;210,00;1495,00 $;770,00 $;130,68 $;0,07%;
01/03/2022;1;14288,28 $;-995,68 $;0,00 $;-995,68 $;5,68 $;-3659,52 $;-995,68 $;0,00%;-995,68 $;0,00 $;-995,68 $;0,00 $;-995,68 $;240,00;1765,00 $;25,00 $;1020,68 $;0,07%;
02/03/2022;1;13762,60 $;-525,68 $;0,00 $;-525,68 $;5,68 $;-4185,20 $;-525,68 $;0,00%;-525,68 $;0,00 $;-525,68 $;0,00 $;-525,68 $;150,00;630,00 $;375,00 $;900,68 $;0,07%;
03/03/2022;1;14286,92 $;524,32 $;524,32 $;0,00 $;5,68 $;-3660,88 $;0,00 $;100,00%;524,32 $;524,32 $;0,00 $;524,32 $;0,00 $;240,00;310,00 $;1505,00 $;980,68 $;0,07%;
04/03/2022;1;14966,24 $;679,32 $;679,32 $;0,00 $;5,68 $;-2981,56 $;0,00 $;100,00%;679,32 $;679,32 $;0,00 $;679,32 $;0,00 $;240,00;320,00 $;1610,00 $;930,68 $;0,07%;
08/03/2022;1;15685,56 $;719,32 $;719,32 $;0,00 $;5,68 $;-2262,24 $;0,00 $;100,00%;719,32 $;719,32 $;0,00 $;719,32 $;0,00 $;240,00;470,00 $;3695,00 $;2975,68 $;0,07%;
10/03/2022;1;17124,88 $;1439,32 $;1439,32 $;0,00 $;5,68 $;-822,92 $;0,00 $;100,00%;1439,32 $;1439,32 $;0,00 $;1439,32 $;0,00 $;240,00;150,00 $;1720,00 $;280,68 $;0,07%;
11/03/2022;1;15579,20 $;-1545,68 $;0,00 $;-1545,68 $;5,68 $;-2368,60 $;-1545,68 $;0,00%;-1545,68 $;0,00 $;-1545,68 $;0,00 $;-1545,68 $;150,00;1805,00 $;195,00 $;1740,68 $;0,07%;
14/03/2022;1;16393,52 $;814,32 $;814,32 $;0,00 $;5,68 $;-1554,28 $;0,00 $;100,00%;814,32 $;814,32 $;0,00 $;814,32 $;0,00 $;90,00;30,00 $;1045,00 $;230,68 $;0,07%;
15/03/2022;1;16872,84 $;479,32 $;479,32 $;0,00 $;5,68 $;-1074,96 $;0,00 $;100,00%;479,32 $;479,32 $;0,00 $;479,32 $;0,00 $;210,00;860,00 $;1030,00 $;550,68 $;0,07%;
16/03/2022;1;17767,16 $;894,32 $;894,32 $;0,00 $;5,68 $;-180,64 $;0,00 $;100,00%;894,32 $;894,32 $;0,00 $;894,32 $;0,00 $;210,00;2800,00 $;935,00 $;40,68 $;0,07%;
17/03/2022;1;19341,48 $;1574,32 $;1574,32 $;0,00 $;5,68 $;0,00 $;0,00 $;100,00%;1574,32 $;1574,32 $;0,00 $;1574,32 $;0,00 $;240,00;130,00 $;1785,00 $;210,68 $;0,07%;
18/03/2022;1;20605,80 $;1264,32 $;1264,32 $;0,00 $;5,68 $;0,00 $;0,00 $;100,00%;1264,32 $;1264,32 $;0,00 $;1264,32 $;0,00 $;150,00;205,00 $;1275,00 $;10,68 $;0,07%;
21/03/2022;1;20460,12 $;-145,68 $;0,00 $;-145,68 $;5,68 $;-145,68 $;-145,68 $;0,00%;-145,68 $;0,00 $;-145,68 $;0,00 $;-145,68 $;210,00;1455,00 $;0,00 $;145,68 $;0,07%;
22/03/2022;1;20809,44 $;349,32 $;349,32 $;0,00 $;5,68 $;0,00 $;0,00 $;100,00%;349,32 $;349,32 $;0,00 $;349,32 $;0,00 $;90,00;80,00 $;675,00 $;325,68 $;0,07%;
23/03/2022;1;19853,76 $;-955,68 $;0,00 $;-955,68 $;5,68 $;-955,68 $;-955,68 $;0,00%;-955,68 $;0,00 $;-955,68 $;0,00 $;-955,68 $;210,00;1005,00 $;120,00 $;1075,68 $;0,07%;
24/03/2022;1;20958,08 $;1104,32 $;1104,32 $;0,00 $;5,68 $;0,00 $;0,00 $;100,00%;1104,32 $;1104,32 $;0,00 $;1104,32 $;0,00 $;210,00;125,00 $;1115,00 $;10,68 $;0,07%;
28/03/2022;1;21742,40 $;784,32 $;784,32 $;0,00 $;5,68 $;0,00 $;0,00 $;100,00%;784,32 $;784,32 $;0,00 $;784,32 $;0,00 $;240,00;710,00 $;800,00 $;15,68 $;0,07%;
29/03/2022;1;22246,72 $;504,32 $;504,32 $;0,00 $;5,68 $;0,00 $;0,00 $;100,00%;504,32 $;504,32 $;0,00 $;504,32 $;0,00 $;90,00;25,00 $;785,00 $;280,68 $;0,07%;
30/03/2022;1;21621,04 $;-625,68 $;0,00 $;-625,68 $;5,68 $;-625,68 $;-625,68 $;0,00%;-625,68 $;0,00 $;-625,68 $;0,00 $;-625,68 $;240,00;905,00 $;215,00 $;840,68 $;0,07%;
31/03/2022;1;20880,36 $;-740,68 $;0,00 $;-740,68 $;5,68 $;-1366,36 $;-740,68 $;0,00%;-740,68 $;0,00 $;-740,68 $;0,00 $;-740,68 $;240,00;790,00 $;180,00 $;920,68 $;0,07%;
01/04/2022;1;20934,68 $;54,32 $;54,32 $;0,00 $;5,68 $;-1312,04 $;0,00 $;100,00%;54,32 $;54,32 $;0,00 $;54,32 $;0,00 $;240,00;850,00 $;650,00 $;595,68 $;0,07%;
04/04/2022;1;21219,00 $;284,32 $;284,32 $;0,00 $;5,68 $;-1027,72 $;0,00 $;100,00%;284,32 $;284,32 $;0,00 $;284,32 $;0,00 $;240,00;150,00 $;515,00 $;230,68 $;0,07%;
05/04/2022;1;20173,32 $;-1045,68 $;0,00 $;-1045,68 $;5,68 $;-2073,40 $;-1045,68 $;0,00%;-1045,68 $;0,00 $;-1045,68 $;0,00 $;-1045,68 $;240,00;1170,00 $;200,00 $;1245,68 $;0,07%;
06/04/2022;1;20427,64 $;254,32 $;254,32 $;0,00 $;5,68 $;-1819,08 $;0,00 $;100,00%;254,32 $;254,32 $;0,00 $;254,32 $;0,00 $;240,00;465,00 $;1235,00 $;980,68 $;0,07%;
07/04/2022;1;21646,96 $;1219,32 $;1219,32 $;0,00 $;5,68 $;-599,76 $;0,00 $;100,00%;1219,32 $;1219,32 $;0,00 $;1219,32 $;0,00 $;210,00;125,00 $;1940,00 $;720,68 $;0,07%;
11/04/2022;1;20976,28 $;-670,68 $;0,00 $;-670,68 $;5,68 $;-1270,44 $;-670,68 $;0,00%;-670,68 $;0,00 $;-670,68 $;0,00 $;-670,68 $;150,00;920,00 $;430,00 $;1100,68 $;0,07%;
12/04/2022;1;20200,60 $;-775,68 $;0,00 $;-775,68 $;5,68 $;-2046,12 $;-775,68 $;0,00%;-775,68 $;0,00 $;-775,68 $;0,00 $;-775,68 $;210,00;1600,00 $;260,00 $;1035,68 $;0,07%;
13/04/2022;1;20984,92 $;784,32 $;784,32 $;0,00 $;5,68 $;-1261,80 $;0,00 $;100,00%;784,32 $;784,32 $;0,00 $;784,32 $;0,00 $;210,00;0,00 $;1025,00 $;240,68 $;0,07%;
14/04/2022;1;20454,24 $;-530,68 $;0,00 $;-530,68 $;5,68 $;-1792,48 $;-530,68 $;0,00%;-530,68 $;0,00 $;-530,68 $;0,00 $;-530,68 $;210,00;660,00 $;725,00 $;1255,68 $;0,07%;
18/04/2022;1;20288,56 $;-165,68 $;0,00 $;-165,68 $;5,68 $;-1958,16 $;-165,68 $;0,00%;-165,68 $;0,00 $;-165,68 $;0,00 $;-165,68 $;240,00;505,00 $;895,00 $;1060,68 $;0,07%;
19/04/2022;1;19997,88 $;-290,68 $;0,00 $;-290,68 $;5,68 $;-2248,84 $;-290,68 $;0,00%;-290,68 $;0,00 $;-290,68 $;0,00 $;-290,68 $;30,00;470,00 $;300,00 $;590,68 $;0,07%;
20/04/2022;1;20157,20 $;159,32 $;159,32 $;0,00 $;5,68 $;-2089,52 $;0,00 $;100,00%;159,32 $;159,32 $;0,00 $;159,32 $;0,00 $;90,00;680,00 $;510,00 $;350,68 $;0,07%;
21/04/2022;1;19521,52 $;-635,68 $;0,00 $;-635,68 $;5,68 $;-2725,20 $;-635,68 $;0,00%;-635,68 $;0,00 $;-635,68 $;0,00 $;-635,68 $;30,00;820,00 $;30,00 $;665,68 $;0,07%;
25/04/2022;2;22260,16 $;2738,64 $;2738,64 $;0,00 $;11,36 $;-10,88 $;0,00 $;100,00%;1369,32 $;1369,32 $;0,00 $;2714,32 $;0,00 $;240,00;350,00 $;1442,50 $;73,18 $;0,14%;
26/04/2022;1;20244,48 $;-2015,68 $;0,00 $;-2015,68 $;5,68 $;-2015,68 $;-2015,68 $;0,00%;-2015,68 $;0,00 $;-2015,68 $;0,00 $;-2015,68 $;210,00;2200,00 $;80,00 $;2095,68 $;0,07%;
27/04/2022;1;19688,80 $;-555,68 $;0,00 $;-555,68 $;5,68 $;-2571,36 $;-555,68 $;0,00%;-555,68 $;0,00 $;-555,68 $;0,00 $;-555,68 $;240,00;880,00 $;950,00 $;1505,68 $;0,07%;
28/04/2022;1;20923,12 $;1234,32 $;1234,32 $;0,00 $;5,68 $;-1337,04 $;0,00 $;100,00%;1234,32 $;1234,32 $;0,00 $;1234,32 $;0,00 $;210,00;20,00 $;2205,00 $;970,68 $;0,07%;
29/04/2022;1;19567,44 $;-1355,68 $;0,00 $;-1355,68 $;5,68 $;-2692,72 $;-1355,68 $;0,00%;-1355,68 $;0,00 $;-1355,68 $;0,00 $;-1355,68 $;90,00;2120,00 $;80,00 $;1435,68 $;0,07%;
02/05/2022;1;20066,76 $;499,32 $;499,32 $;0,00 $;5,68 $;-2193,40 $;0,00 $;100,00%;499,32 $;499,32 $;0,00 $;499,32 $;0,00 $;240,00;1940,00 $;740,00 $;240,68 $;0,07%;
03/05/2022;1;19436,08 $;-630,68 $;0,00 $;-630,68 $;5,68 $;-2824,08 $;-630,68 $;0,00%;-630,68 $;0,00 $;-630,68 $;0,00 $;-630,68 $;240,00;1520,00 $;370,00 $;1000,68 $;0,07%;
05/05/2022;1;19435,40 $;-0,68 $;0,00 $;-0,68 $;5,68 $;-2824,76 $;-0,68 $;0,00%;-0,68 $;0,00 $;-0,68 $;0,00 $;-0,68 $;210,00;1715,00 $;850,00 $;850,68 $;0,07%;
10/05/2022;1;19449,72 $;14,32 $;14,32 $;0,00 $;5,68 $;-2810,44 $;0,00 $;100,00%;14,32 $;14,32 $;0,00 $;14,32 $;0,00 $;240,00;1395,00 $;1335,00 $;1320,68 $;0,07%;
12/05/2022;1;17829,04 $;-1620,68 $;0,00 $;-1620,68 $;5,68 $;-4431,12 $;-1620,68 $;0,00%;-1620,68 $;0,00 $;-1620,68 $;0,00 $;-1620,68 $;240,00;2520,00 $;105,00 $;1725,68 $;0,07%;
16/05/2022;1;17323,36 $;-505,68 $;0,00 $;-505,68 $;5,68 $;-4936,80 $;-505,68 $;0,00%;-505,68 $;0,00 $;-505,68 $;0,00 $;-505,68 $;30,00;590,00 $;75,00 $;580,68 $;0,07%;
17/05/2022;1;18362,68 $;1039,32 $;1039,32 $;0,00 $;5,68 $;-3897,48 $;0,00 $;100,00%;1039,32 $;1039,32 $;0,00 $;1039,32 $;0,00 $;240,00;515,00 $;1185,00 $;145,68 $;0,07%;
18/05/2022;1;17052,00 $;-1310,68 $;0,00 $;-1310,68 $;5,68 $;-5208,16 $;-1310,68 $;0,00%;-1310,68 $;0,00 $;-1310,68 $;0,00 $;-1310,68 $;150,00;1695,00 $;160,00 $;1470,68 $;0,07%;
19/05/2022;1;16721,32 $;-330,68 $;0,00 $;-330,68 $;5,68 $;-5538,84 $;-330,68 $;0,00%;-330,68 $;0,00 $;-330,68 $;0,00 $;-330,68 $;210,00;895,00 $;1310,00 $;1640,68 $;0,07%;
20/05/2022;1;18335,64 $;1614,32 $;1614,32 $;0,00 $;5,68 $;-3924,52 $;0,00 $;100,00%;1614,32 $;1614,32 $;0,00 $;1614,32 $;0,00 $;30,00;300,00 $;1675,00 $;60,68 $;0,07%;
23/05/2022;1;18109,96 $;-225,68 $;0,00 $;-225,68 $;5,68 $;-4150,20 $;-225,68 $;0,00%;-225,68 $;0,00 $;-225,68 $;0,00 $;-225,68 $;240,00;750,00 $;345,00 $;570,68 $;0,07%;
24/05/2022;1;19564,28 $;1454,32 $;1454,32 $;0,00 $;5,68 $;-2695,88 $;0,00 $;100,00%;1454,32 $;1454,32 $;0,00 $;1454,32 $;0,00 $;210,00;595,00 $;1835,00 $;380,68 $;0,07%;
25/05/2022;1;20463,60 $;899,32 $;899,32 $;0,00 $;5,68 $;-1796,56 $;0,00 $;100,00%;899,32 $;899,32 $;0,00 $;899,32 $;0,00 $;240,00;1360,00 $;1210,00 $;310,68 $;0,07%;
26/05/2022;1;20707,92 $;244,32 $;244,32 $;0,00 $;5,68 $;-1552,24 $;0,00 $;100,00%;244,32 $;244,32 $;0,00 $;244,32 $;0,00 $;240,00;260,00 $;810,00 $;565,68 $;0,07%;
27/05/2022;1;21662,24 $;954,32 $;954,32 $;0,00 $;5,68 $;-597,92 $;0,00 $;100,00%;954,32 $;954,32 $;0,00 $;954,32 $;0,00 $;240,00;125,00 $;1005,00 $;50,68 $;0,07%;
31/05/2022;1;21461,56 $;-200,68 $;0,00 $;-200,68 $;5,68 $;-798,60 $;-200,68 $;0,00%;-200,68 $;0,00 $;-200,68 $;0,00 $;-200,68 $;210,00;845,00 $;780,00 $;980,68 $;0,07%;
01/06/2022;1;22310,88 $;849,32 $;849,32 $;0,00 $;5,68 $;0,00 $;0,00 $;100,00%;849,32 $;849,32 $;0,00 $;849,32 $;0,00 $;210,00;265,00 $;1775,00 $;925,68 $;0,07%;
02/06/2022;1;23730,20 $;1419,32 $;1419,32 $;0,00 $;5,68 $;0,00 $;0,00 $;100,00%;1419,32 $;1419,32 $;0,00 $;1419,32 $;0,00 $;150,00;25,00 $;1460,00 $;40,68 $;0,07%;
06/06/2022;1;22919,52 $;-810,68 $;0,00 $;-810,68 $;5,68 $;-810,68 $;-810,68 $;0,00%;-810,68 $;0,00 $;-810,68 $;0,00 $;-810,68 $;240,00;965,00 $;320,00 $;1130,68 $;0,07%;
07/06/2022;1;23973,84 $;1054,32 $;1054,32 $;0,00 $;5,68 $;0,00 $;0,00 $;100,00%;1054,32 $;1054,32 $;0,00 $;1054,32 $;0,00 $;240,00;395,00 $;1080,00 $;25,68 $;0,07%;
08/06/2022;2;23147,48 $;-826,36 $;0,00 $;-826,36 $;11,36 $;-826,36 $;-826,36 $;0,00%;-413,18 $;0,00 $;-413,18 $;0,00 $;-805,68 $;270,00;762,50 $;152,50 $;565,68 $;0,14%;
09/06/2022;1;20656,80 $;-2490,68 $;0,00 $;-2490,68 $;5,68 $;-3317,04 $;-2490,68 $;0,00%;-2490,68 $;0,00 $;-2490,68 $;0,00 $;-2490,68 $;210,00;2725,00 $;515,00 $;3005,68 $;0,07%;
10/06/2022;1;20076,12 $;-580,68 $;0,00 $;-580,68 $;5,68 $;-3897,72 $;-580,68 $;0,00%;-580,68 $;0,00 $;-580,68 $;0,00 $;-580,68 $;90,00;940,00 $;775,00 $;1355,68 $;0,07%;
13/06/2022;1;19485,44 $;-590,68 $;0,00 $;-590,68 $;5,68 $;-4488,40 $;-590,68 $;0,00%;-590,68 $;0,00 $;-590,68 $;0,00 $;-590,68 $;150,00;1430,00 $;925,00 $;1515,68 $;0,07%;
15/06/2022;1;19629,76 $;144,32 $;144,32 $;0,00 $;5,68 $;-4344,08 $;0,00 $;100,00%;144,32 $;144,32 $;0,00 $;144,32 $;0,00 $;0,00;10,00 $;325,00 $;180,68 $;0,07%;
21/06/2022;1;20449,08 $;819,32 $;819,32 $;0,00 $;5,68 $;-3524,76 $;0,00 $;100,00%;819,32 $;819,32 $;0,00 $;819,32 $;0,00 $;240,00;335,00 $;1120,00 $;300,68 $;0,07%;
22/06/2022;1;20183,40 $;-265,68 $;0,00 $;-265,68 $;5,68 $;-3790,44 $;-265,68 $;0,00%;-265,68 $;0,00 $;-265,68 $;0,00 $;-265,68 $;240,00;890,00 $;795,00 $;1060,68 $;0,07%;
23/06/2022;1;20852,72 $;669,32 $;669,32 $;0,00 $;5,68 $;-3121,12 $;0,00 $;100,00%;669,32 $;669,32 $;0,00 $;669,32 $;0,00 $;90,00;10,00 $;1285,00 $;615,68 $;0,07%;
24/06/2022;1;21172,04 $;319,32 $;319,32 $;0,00 $;5,68 $;-2801,80 $;0,00 $;100,00%;319,32 $;319,32 $;0,00 $;319,32 $;0,00 $;240,00;200,00 $;350,00 $;30,68 $;0,07%;
27/06/2022;1;20496,36 $;-675,68 $;0,00 $;-675,68 $;5,68 $;-3477,48 $;-675,68 $;0,00%;-675,68 $;0,00 $;-675,68 $;0,00 $;-675,68 $;240,00;1170,00 $;20,00 $;695,68 $;0,07%;
28/06/2022;1;18855,68 $;-1640,68 $;0,00 $;-1640,68 $;5,68 $;-5118,16 $;-1640,68 $;0,00%;-1640,68 $;0,00 $;-1640,68 $;0,00 $;-1640,68 $;240,00;1885,00 $;185,00 $;1825,68 $;0,07%;
30/06/2022;1;18605,00 $;-250,68 $;0,00 $;-250,68 $;5,68 $;-5368,84 $;-250,68 $;0,00%;-250,68 $;0,00 $;-250,68 $;0,00 $;-250,68 $;0,00;245,00 $;5,00 $;255,68 $;0,07%;
05/07/2022;1;21119,32 $;2514,32 $;2514,32 $;0,00 $;5,68 $;-2854,52 $;0,00 $;100,00%;2514,32 $;2514,32 $;0,00 $;2514,32 $;0,00 $;240,00;135,00 $;2610,00 $;95,68 $;0,07%;
07/07/2022;1;21263,64 $;144,32 $;144,32 $;0,00 $;5,68 $;-2710,20 $;0,00 $;100,00%;144,32 $;144,32 $;0,00 $;144,32 $;0,00 $;210,00;480,00 $;515,00 $;370,68 $;0,07%;
12/07/2022;1;20067,96 $;-1195,68 $;0,00 $;-1195,68 $;5,68 $;-3905,88 $;-1195,68 $;0,00%;-1195,68 $;0,00 $;-1195,68 $;0,00 $;-1195,68 $;90,00;1895,00 $;55,00 $;1250,68 $;0,07%;
13/07/2022;1;20552,28 $;484,32 $;484,32 $;0,00 $;5,68 $;-3421,56 $;0,00 $;100,00%;484,32 $;484,32 $;0,00 $;484,32 $;0,00 $;240,00;225,00 $;1110,00 $;625,68 $;0,07%;
14/07/2022;1;22181,60 $;1629,32 $;1629,32 $;0,00 $;5,68 $;-1792,24 $;0,00 $;100,00%;1629,32 $;1629,32 $;0,00 $;1629,32 $;0,00 $;240,00;345,00 $;1640,00 $;10,68 $;0,07%;
15/07/2022;2;21930,24 $;-251,36 $;34,32 $;-285,68 $;11,36 $;-2077,92 $;-285,68 $;50,00%;-125,68 $;34,32 $;-285,68 $;34,32 $;-285,68 $;270,00;320,00 $;70,00 $;195,68 $;0,14%;
18/07/2022;1;20509,56 $;-1420,68 $;0,00 $;-1420,68 $;5,68 $;-3464,28 $;-1420,68 $;0,00%;-1420,68 $;0,00 $;-1420,68 $;0,00 $;-1420,68 $;240,00;1430,00 $;320,00 $;1740,68 $;0,07%;
19/07/2022;1;21443,88 $;934,32 $;934,32 $;0,00 $;5,68 $;-2529,96 $;0,00 $;100,00%;934,32 $;934,32 $;0,00 $;934,32 $;0,00 $;240,00;235,00 $;1060,00 $;125,68 $;0,07%;
20/07/2022;1;21163,20 $;-280,68 $;0,00 $;-280,68 $;5,68 $;-2810,64 $;-280,68 $;0,00%;-280,68 $;0,00 $;-280,68 $;0,00 $;-280,68 $;210,00;1075,00 $;235,00 $;515,68 $;0,07%;
21/07/2022;1;21662,52 $;499,32 $;499,32 $;0,00 $;5,68 $;-2311,32 $;0,00 $;100,00%;499,32 $;499,32 $;0,00 $;499,32 $;0,00 $;210,00;665,00 $;730,00 $;230,68 $;0,07%;
22/07/2022;1;21006,84 $;-655,68 $;0,00 $;-655,68 $;5,68 $;-2967,00 $;-655,68 $;0,00%;-655,68 $;0,00 $;-655,68 $;0,00 $;-655,68 $;240,00;1385,00 $;80,00 $;735,68 $;0,07%;
25/07/2022;2;20275,48 $;-731,36 $;0,00 $;-731,36 $;11,36 $;-3698,36 $;-731,36 $;0,00%;-365,68 $;0,00 $;-365,68 $;0,00 $;-645,68 $;270,00;500,00 $;115,00 $;480,68 $;0,14%;
26/07/2022;1;20069,80 $;-205,68 $;0,00 $;-205,68 $;5,68 $;-3904,04 $;-205,68 $;0,00%;-205,68 $;0,00 $;-205,68 $;0,00 $;-205,68 $;210,00;680,00 $;500,00 $;705,68 $;0,07%;
27/07/2022;1;19279,12 $;-790,68 $;0,00 $;-790,68 $;5,68 $;-4694,72 $;-790,68 $;0,00%;-790,68 $;0,00 $;-790,68 $;0,00 $;-790,68 $;30,00;935,00 $;25,00 $;815,68 $;0,07%;
28/07/2022;1;20203,44 $;924,32 $;924,32 $;0,00 $;5,68 $;-3770,40 $;0,00 $;100,00%;924,32 $;924,32 $;0,00 $;924,32 $;0,00 $;240,00;265,00 $;1075,00 $;150,68 $;0,07%;
29/07/2022;1;21087,76 $;884,32 $;884,32 $;0,00 $;5,68 $;-2886,08 $;0,00 $;100,00%;884,32 $;884,32 $;0,00 $;884,32 $;0,00 $;210,00;60,00 $;1250,00 $;365,68 $;0,07%;
01/08/2022;1;21257,08 $;169,32 $;169,32 $;0,00 $;5,68 $;-2716,76 $;0,00 $;100,00%;169,32 $;169,32 $;0,00 $;169,32 $;0,00 $;150,00;465,00 $;505,00 $;335,68 $;0,07%;
02/08/2022;1;19481,40 $;-1775,68 $;0,00 $;-1775,68 $;5,68 $;-4492,44 $;-1775,68 $;0,00%;-1775,68 $;0,00 $;-1775,68 $;0,00 $;-1775,68 $;210,00;1830,00 $;120,00 $;1895,68 $;0,07%;
03/08/2022;1;20220,72 $;739,32 $;739,32 $;0,00 $;5,68 $;-3753,12 $;0,00 $;100,00%;739,32 $;739,32 $;0,00 $;739,32 $;0,00 $;240,00;80,00 $;915,00 $;175,68 $;0,07%;
04/08/2022;1;20130,04 $;-90,68 $;0,00 $;-90,68 $;5,68 $;-3843,80 $;-90,68 $;0,00%;-90,68 $;0,00 $;-90,68 $;0,00 $;-90,68 $;210,00;535,00 $;165,00 $;255,68 $;0,07%;
05/08/2022;1;21074,36 $;944,32 $;944,32 $;0,00 $;5,68 $;-2899,48 $;0,00 $;100,00%;944,32 $;944,32 $;0,00 $;944,32 $;0,00 $;240,00;45,00 $;1190,00 $;245,68 $;0,07%;
08/08/2022;1;21383,68 $;309,32 $;309,32 $;0,00 $;5,68 $;-2590,16 $;0,00 $;100,00%;309,32 $;309,32 $;0,00 $;309,32 $;0,00 $;210,00;190,00 $;540,00 $;230,68 $;0,07%;
09/08/2022;1;21073,00 $;-310,68 $;0,00 $;-310,68 $;5,68 $;-2900,84 $;-310,68 $;0,00%;-310,68 $;0,00 $;-310,68 $;0,00 $;-310,68 $;240,00;705,00 $;10,00 $;320,68 $;0,07%;
10/08/2022;1;20672,32 $;-400,68 $;0,00 $;-400,68 $;5,68 $;-3301,52 $;-400,68 $;0,00%;-400,68 $;0,00 $;-400,68 $;0,00 $;-400,68 $;240,00;720,00 $;70,00 $;470,68 $;0,07%;
11/08/2022;1;20246,64 $;-425,68 $;0,00 $;-425,68 $;5,68 $;-3727,20 $;-425,68 $;0,00%;-425,68 $;0,00 $;-425,68 $;0,00 $;-425,68 $;210,00;1000,00 $;320,00 $;745,68 $;0,07%;
15/08/2022;1;21155,96 $;909,32 $;909,32 $;0,00 $;5,68 $;-2817,88 $;0,00 $;100,00%;909,32 $;909,32 $;0,00 $;909,32 $;0,00 $;240,00;35,00 $;1080,00 $;170,68 $;0,07%;
16/08/2022;1;21285,28 $;129,32 $;129,32 $;0,00 $;5,68 $;-2688,56 $;0,00 $;100,00%;129,32 $;129,32 $;0,00 $;129,32 $;0,00 $;30,00;115,00 $;340,00 $;210,68 $;0,07%;
17/08/2022;1;21399,60 $;114,32 $;114,32 $;0,00 $;5,68 $;-2574,24 $;0,00 $;100,00%;114,32 $;114,32 $;0,00 $;114,32 $;0,00 $;150,00;230,00 $;865,00 $;750,68 $;0,07%;
18/08/2022;1;21753,92 $;354,32 $;354,32 $;0,00 $;5,68 $;-2219,92 $;0,00 $;100,00%;354,32 $;354,32 $;0,00 $;354,32 $;0,00 $;240,00;540,00 $;385,00 $;30,68 $;0,07%;
22/08/2022;1;21228,24 $;-525,68 $;0,00 $;-525,68 $;5,68 $;-2745,60 $;-525,68 $;0,00%;-525,68 $;0,00 $;-525,68 $;0,00 $;-525,68 $;210,00;1025,00 $;150,00 $;675,68 $;0,07%;
23/08/2022;1;21337,56 $;109,32 $;109,32 $;0,00 $;5,68 $;-2636,28 $;0,00 $;100,00%;109,32 $;109,32 $;0,00 $;109,32 $;0,00 $;240,00;380,00 $;340,00 $;230,68 $;0,07%;
25/08/2022;1;22646,88 $;1309,32 $;1309,32 $;0,00 $;5,68 $;-1326,96 $;0,00 $;100,00%;1309,32 $;1309,32 $;0,00 $;1309,32 $;0,00 $;210,00;350,00 $;1535,00 $;225,68 $;0,07%;
29/08/2022;1;23321,20 $;674,32 $;674,32 $;0,00 $;5,68 $;-652,64 $;0,00 $;100,00%;674,32 $;674,32 $;0,00 $;674,32 $;0,00 $;240,00;85,00 $;1315,00 $;640,68 $;0,07%;
30/08/2022;2;23099,84 $;-221,36 $;0,00 $;-221,36 $;11,36 $;-874,00 $;-221,36 $;0,00%;-110,68 $;0,00 $;-110,68 $;0,00 $;-140,68 $;270,00;595,00 $;235,00 $;345,68 $;0,14%;
31/08/2022;1;22664,16 $;-435,68 $;0,00 $;-435,68 $;5,68 $;-1309,68 $;-435,68 $;0,00%;-435,68 $;0,00 $;-435,68 $;0,00 $;-435,68 $;240,00;915,00 $;605,00 $;1040,68 $;0,07%;
01/09/2022;1;23238,48 $;574,32 $;574,32 $;0,00 $;5,68 $;-735,36 $;0,00 $;100,00%;574,32 $;574,32 $;0,00 $;574,32 $;0,00 $;90,00;365,00 $;690,00 $;115,68 $;0,07%;
02/09/2022;1;22942,80 $;-295,68 $;0,00 $;-295,68 $;5,68 $;-1031,04 $;-295,68 $;0,00%;-295,68 $;0,00 $;-295,68 $;0,00 $;-295,68 $;150,00;1320,00 $;345,00 $;640,68 $;0,07%;
06/09/2022;1;22362,12 $;-580,68 $;0,00 $;-580,68 $;5,68 $;-1611,72 $;-580,68 $;0,00%;-580,68 $;0,00 $;-580,68 $;0,00 $;-580,68 $;240,00;1195,00 $;690,00 $;1270,68 $;0,07%;
07/09/2022;1;23681,44 $;1319,32 $;1319,32 $;0,00 $;5,68 $;-292,40 $;0,00 $;100,00%;1319,32 $;1319,32 $;0,00 $;1319,32 $;0,00 $;240,00;490,00 $;1350,00 $;30,68 $;0,07%;
08/09/2022;1;24145,76 $;464,32 $;464,32 $;0,00 $;5,68 $;0,00 $;0,00 $;100,00%;464,32 $;464,32 $;0,00 $;464,32 $;0,00 $;150,00;545,00 $;540,00 $;75,68 $;0,07%;
12/09/2022;1;23495,08 $;-650,68 $;0,00 $;-650,68 $;5,68 $;-650,68 $;-650,68 $;0,00%;-650,68 $;0,00 $;-650,68 $;0,00 $;-650,68 $;240,00;975,00 $;55,00 $;705,68 $;0,07%;
13/09/2022;1;23334,40 $;-160,68 $;0,00 $;-160,68 $;5,68 $;-811,36 $;-160,68 $;0,00%;-160,68 $;0,00 $;-160,68 $;0,00 $;-160,68 $;30,00;825,00 $;30,00 $;190,68 $;0,07%;
14/09/2022;1;22238,72 $;-1095,68 $;0,00 $;-1095,68 $;5,68 $;-1907,04 $;-1095,68 $;0,00%;-1095,68 $;0,00 $;-1095,68 $;0,00 $;-1095,68 $;240,00;1395,00 $;380,00 $;1475,68 $;0,07%;
16/09/2022;1;22908,04 $;669,32 $;669,32 $;0,00 $;5,68 $;-1237,72 $;0,00 $;100,00%;669,32 $;669,32 $;0,00 $;669,32 $;0,00 $;240,00;400,00 $;1125,00 $;455,68 $;0,07%;
19/09/2022;1;23842,36 $;934,32 $;934,32 $;0,00 $;5,68 $;-303,40 $;0,00 $;100,00%;934,32 $;934,32 $;0,00 $;934,32 $;0,00 $;240,00;465,00 $;1090,00 $;155,68 $;0,07%;
20/09/2022;1;23896,68 $;54,32 $;54,32 $;0,00 $;5,68 $;-249,08 $;0,00 $;100,00%;54,32 $;54,32 $;0,00 $;54,32 $;0,00 $;210,00;1240,00 $;445,00 $;390,68 $;0,07%;
23/09/2022;1;23176,00 $;-720,68 $;0,00 $;-720,68 $;5,68 $;-969,76 $;-720,68 $;0,00%;-720,68 $;0,00 $;-720,68 $;0,00 $;-720,68 $;240,00;1850,00 $;130,00 $;850,68 $;0,07%;
26/09/2022;1;22925,32 $;-250,68 $;0,00 $;-250,68 $;5,68 $;-1220,44 $;-250,68 $;0,00%;-250,68 $;0,00 $;-250,68 $;0,00 $;-250,68 $;240,00;1130,00 $;485,00 $;735,68 $;0,07%;
27/09/2022;1;22094,64 $;-830,68 $;0,00 $;-830,68 $;5,68 $;-2051,12 $;-830,68 $;0,00%;-830,68 $;0,00 $;-830,68 $;0,00 $;-830,68 $;240,00;1685,00 $;280,00 $;1110,68 $;0,07%;
28/09/2022;1;22408,96 $;314,32 $;314,32 $;0,00 $;5,68 $;-1736,80 $;0,00 $;100,00%;314,32 $;314,32 $;0,00 $;314,32 $;0,00 $;150,00;355,00 $;1040,00 $;725,68 $;0,07%;
29/09/2022;1;22463,28 $;54,32 $;54,32 $;0,00 $;5,68 $;-1682,48 $;0,00 $;100,00%;54,32 $;54,32 $;0,00 $;54,32 $;0,00 $;210,00;1200,00 $;305,00 $;250,68 $;0,07%;
30/09/2022;1;20532,60 $;-1930,68 $;0,00 $;-1930,68 $;5,68 $;-3613,16 $;-1930,68 $;0,00%;-1930,68 $;0,00 $;-1930,68 $;0,00 $;-1930,68 $;240,00;2345,00 $;135,00 $;2065,68 $;0,07%;
03/10/2022;1;21006,92 $;474,32 $;474,32 $;0,00 $;5,68 $;-3138,84 $;0,00 $;100,00%;474,32 $;474,32 $;0,00 $;474,32 $;0,00 $;150,00;25,00 $;1200,00 $;725,68 $;0,07%;
04/10/2022;1;20711,24 $;-295,68 $;0,00 $;-295,68 $;5,68 $;-3434,52 $;-295,68 $;0,00%;-295,68 $;0,00 $;-295,68 $;0,00 $;-295,68 $;240,00;1055,00 $;245,00 $;540,68 $;0,07%;
06/10/2022;1;19725,56 $;-985,68 $;0,00 $;-985,68 $;5,68 $;-4420,20 $;-985,68 $;0,00%;-985,68 $;0,00 $;-985,68 $;0,00 $;-985,68 $;210,00;1270,00 $;330,00 $;1315,68 $;0,07%;
07/10/2022;1;19389,88 $;-335,68 $;0,00 $;-335,68 $;5,68 $;-4755,88 $;-335,68 $;0,00%;-335,68 $;0,00 $;-335,68 $;0,00 $;-335,68 $;150,00;1115,00 $;150,00 $;485,68 $;0,07%;
10/10/2022;1;19394,20 $;4,32 $;4,32 $;0,00 $;5,68 $;-4751,56 $;0,00 $;100,00%;4,32 $;4,32 $;0,00 $;4,32 $;0,00 $;0,00;25,00 $;55,00 $;50,68 $;0,07%;
11/10/2022;1;18168,52 $;-1225,68 $;0,00 $;-1225,68 $;5,68 $;-5977,24 $;-1225,68 $;0,00%;-1225,68 $;0,00 $;-1225,68 $;0,00 $;-1225,68 $;150,00;2140,00 $;320,00 $;1545,68 $;0,07%;
13/10/2022;1;19767,84 $;1599,32 $;1599,32 $;0,00 $;5,68 $;-4377,92 $;0,00 $;100,00%;1599,32 $;1599,32 $;0,00 $;1599,32 $;0,00 $;210,00;95,00 $;2200,00 $;600,68 $;0,07%;
17/10/2022;1;20087,16 $;319,32 $;319,32 $;0,00 $;5,68 $;-4058,60 $;0,00 $;100,00%;319,32 $;319,32 $;0,00 $;319,32 $;0,00 $;240,00;150,00 $;720,00 $;400,68 $;0,07%;
19/10/2022;1;19236,48 $;-850,68 $;0,00 $;-850,68 $;5,68 $;-4909,28 $;-850,68 $;0,00%;-850,68 $;0,00 $;-850,68 $;0,00 $;-850,68 $;240,00;1565,00 $;190,00 $;1040,68 $;0,07%;
20/10/2022;1;17520,80 $;-1715,68 $;0,00 $;-1715,68 $;5,68 $;-6624,96 $;-1715,68 $;0,00%;-1715,68 $;0,00 $;-1715,68 $;0,00 $;-1715,68 $;240,00;1870,00 $;435,00 $;2150,68 $;0,07%;
21/10/2022;1;17665,12 $;144,32 $;144,32 $;0,00 $;5,68 $;-6480,64 $;0,00 $;100,00%;144,32 $;144,32 $;0,00 $;144,32 $;0,00 $;30,00;355,00 $;190,00 $;45,68 $;0,07%;
24/10/2022;1;18599,44 $;934,32 $;934,32 $;0,00 $;5,68 $;-5546,32 $;0,00 $;100,00%;934,32 $;934,32 $;0,00 $;934,32 $;0,00 $;240,00;170,00 $;1140,00 $;205,68 $;0,07%;
25/10/2022;1;19088,76 $;489,32 $;489,32 $;0,00 $;5,68 $;-5057,00 $;0,00 $;100,00%;489,32 $;489,32 $;0,00 $;489,32 $;0,00 $;240,00;295,00 $;500,00 $;10,68 $;0,07%;
26/10/2022;1;17693,08 $;-1395,68 $;0,00 $;-1395,68 $;5,68 $;-6452,68 $;-1395,68 $;0,00%;-1395,68 $;0,00 $;-1395,68 $;0,00 $;-1395,68 $;240,00;1760,00 $;230,00 $;1625,68 $;0,07%;
27/10/2022;1;17052,40 $;-640,68 $;0,00 $;-640,68 $;5,68 $;-7093,36 $;-640,68 $;0,00%;-640,68 $;0,00 $;-640,68 $;0,00 $;-640,68 $;90,00;1455,00 $;240,00 $;880,68 $;0,07%;
28/10/2022;1;17126,72 $;74,32 $;74,32 $;0,00 $;5,68 $;-7019,04 $;0,00 $;100,00%;74,32 $;74,32 $;0,00 $;74,32 $;0,00 $;0,00;10,00 $;140,00 $;65,68 $;0,07%;
31/10/2022;1;16886,04 $;-240,68 $;0,00 $;-240,68 $;5,68 $;-7259,72 $;-240,68 $;0,00%;-240,68 $;0,00 $;-240,68 $;0,00 $;-240,68 $;90,00;525,00 $;260,00 $;500,68 $;0,07%;
01/11/2022;1;16850,36 $;-35,68 $;0,00 $;-35,68 $;5,68 $;-7295,40 $;-35,68 $;0,00%;-35,68 $;0,00 $;-35,68 $;0,00 $;-35,68 $;210,00;180,00 $;565,00 $;600,68 $;0,07%;
02/11/2022;1;16184,68 $;-665,68 $;0,00 $;-665,68 $;5,68 $;-7961,08 $;-665,68 $;0,00%;-665,68 $;0,00 $;-665,68 $;0,00 $;-665,68 $;30,00;990,00 $;190,00 $;855,68 $;0,07%;
03/11/2022;1;17004,00 $;819,32 $;819,32 $;0,00 $;5,68 $;-7141,76 $;0,00 $;100,00%;819,32 $;819,32 $;0,00 $;819,32 $;0,00 $;240,00;330,00 $;950,00 $;130,68 $;0,07%;
04/11/2022;1;18378,32 $;1374,32 $;1374,32 $;0,00 $;5,68 $;-5767,44 $;0,00 $;100,00%;1374,32 $;1374,32 $;0,00 $;1374,32 $;0,00 $;210,00;960,00 $;1720,00 $;345,68 $;0,07%;
07/11/2022;1;19522,64 $;1144,32 $;1144,32 $;0,00 $;5,68 $;-4623,12 $;0,00 $;100,00%;1144,32 $;1144,32 $;0,00 $;1144,32 $;0,00 $;240,00;570,00 $;1260,00 $;115,68 $;0,07%;
09/11/2022;1;17991,96 $;-1530,68 $;0,00 $;-1530,68 $;5,68 $;-6153,80 $;-1530,68 $;0,00%;-1530,68 $;0,00 $;-1530,68 $;0,00 $;-1530,68 $;210,00;1740,00 $;285,00 $;1815,68 $;0,07%;
10/11/2022;1;19706,28 $;1714,32 $;1714,32 $;0,00 $;5,68 $;-4439,48 $;0,00 $;100,00%;1714,32 $;1714,32 $;0,00 $;1714,32 $;0,00 $;210,00;730,00 $;1760,00 $;45,68 $;0,07%;
11/11/2022;1;21430,60 $;1724,32 $;1724,32 $;0,00 $;5,68 $;-2715,16 $;0,00 $;100,00%;1724,32 $;1724,32 $;0,00 $;1724,32 $;0,00 $;240,00;95,00 $;1915,00 $;190,68 $;0,07%;
15/11/2022;1;20704,92 $;-725,68 $;0,00 $;-725,68 $;5,68 $;-3440,84 $;-725,68 $;0,00%;-725,68 $;0,00 $;-725,68 $;0,00 $;-725,68 $;240,00;2265,00 $;445,00 $;1170,68 $;0,07%;
16/11/2022;1;20539,24 $;-165,68 $;0,00 $;-165,68 $;5,68 $;-3606,52 $;-165,68 $;0,00%;-165,68 $;0,00 $;-165,68 $;0,00 $;-165,68 $;240,00;370,00 $;460,00 $;625,68 $;0,07%;
17/11/2022;1;20333,56 $;-205,68 $;0,00 $;-205,68 $;5,68 $;-3812,20 $;-205,68 $;0,00%;-205,68 $;0,00 $;-205,68 $;0,00 $;-205,68 $;150,00;1030,00 $;55,00 $;260,68 $;0,07%;
18/11/2022;1;20297,88 $;-35,68 $;0,00 $;-35,68 $;5,68 $;-3847,88 $;-35,68 $;0,00%;-35,68 $;0,00 $;-35,68 $;0,00 $;-35,68 $;240,00;995,00 $;185,00 $;220,68 $;0,07%;
21/11/2022;1;20597,20 $;299,32 $;299,32 $;0,00 $;5,68 $;-3548,56 $;0,00 $;100,00%;299,32 $;299,32 $;0,00 $;299,32 $;0,00 $;240,00;415,00 $;860,00 $;560,68 $;0,07%;
22/11/2022;1;21316,52 $;719,32 $;719,32 $;0,00 $;5,68 $;-2829,24 $;0,00 $;100,00%;719,32 $;719,32 $;0,00 $;719,32 $;0,00 $;210,00;40,00 $;770,00 $;50,68 $;0,07%;
23/11/2022;1;21445,84 $;129,32 $;129,32 $;0,00 $;5,68 $;-2699,92 $;0,00 $;100,00%;129,32 $;129,32 $;0,00 $;129,32 $;0,00 $;30,00;285,00 $;160,00 $;30,68 $;0,07%;
25/11/2022;1;21445,16 $;-0,68 $;0,00 $;-0,68 $;5,68 $;-2700,60 $;-0,68 $;0,00%;-0,68 $;0,00 $;-0,68 $;0,00 $;-0,68 $;45,00;250,00 $;80,00 $;80,68 $;0,07%;
28/11/2022;2;20093,80 $;-1351,36 $;0,00 $;-1351,36 $;11,36 $;-4051,96 $;-1351,36 $;0,00%;-675,68 $;0,00 $;-675,68 $;0,00 $;-1340,68 $;270,00;717,50 $;167,50 $;843,18 $;0,14%;
29/11/2022;1;20748,12 $;654,32 $;654,32 $;0,00 $;5,68 $;-3397,64 $;0,00 $;100,00%;654,32 $;654,32 $;0,00 $;654,32 $;0,00 $;240,00;75,00 $;1215,00 $;560,68 $;0,07%;
30/11/2022;1;21542,44 $;794,32 $;794,32 $;0,00 $;5,68 $;-2603,32 $;0,00 $;100,00%;794,32 $;794,32 $;0,00 $;794,32 $;0,00 $;30,00;50,00 $;955,00 $;160,68 $;0,07%;
01/12/2022;1;21581,76 $;39,32 $;39,32 $;0,00 $;5,68 $;-2564,00 $;0,00 $;100,00%;39,32 $;39,32 $;0,00 $;39,32 $;0,00 $;0,00;45,00 $;110,00 $;70,68 $;0,07%;
02/12/2022;1;22376,08 $;794,32 $;794,32 $;0,00 $;5,68 $;-1769,68 $;0,00 $;100,00%;794,32 $;794,32 $;0,00 $;794,32 $;0,00 $;240,00;110,00 $;1180,00 $;385,68 $;0,07%;
06/12/2022;1;21060,40 $;-1315,68 $;0,00 $;-1315,68 $;5,68 $;-3085,36 $;-1315,68 $;0,00%;-1315,68 $;0,00 $;-1315,68 $;0,00 $;-1315,68 $;240,00;1490,00 $;160,00 $;1475,68 $;0,07%;
07/12/2022;1;20684,72 $;-375,68 $;0,00 $;-375,68 $;5,68 $;-3461,04 $;-375,68 $;0,00%;-375,68 $;0,00 $;-375,68 $;0,00 $;-375,68 $;150,00;770,00 $;45,00 $;420,68 $;0,07%;
08/12/2022;1;20399,04 $;-285,68 $;0,00 $;-285,68 $;5,68 $;-3746,72 $;-285,68 $;0,00%;-285,68 $;0,00 $;-285,68 $;0,00 $;-285,68 $;240,00;810,00 $;335,00 $;620,68 $;0,07%;
09/12/2022;1;19413,36 $;-985,68 $;0,00 $;-985,68 $;5,68 $;-4732,40 $;-985,68 $;0,00%;-985,68 $;0,00 $;-985,68 $;0,00 $;-985,68 $;30,00;1025,00 $;40,00 $;1025,68 $;0,07%;
13/12/2022;1;18677,68 $;-735,68 $;0,00 $;-735,68 $;5,68 $;-5468,08 $;-735,68 $;0,00%;-735,68 $;0,00 $;-735,68 $;0,00 $;-735,68 $;240,00;1740,00 $;495,00 $;1230,68 $;0,07%;
14/12/2022;1;18802,00 $;124,32 $;124,32 $;0,00 $;5,68 $;-5343,76 $;0,00 $;100,00%;124,32 $;124,32 $;0,00 $;124,32 $;0,00 $;90,00;1560,00 $;1115,00 $;990,68 $;0,07%;
15/12/2022;1;19111,32 $;309,32 $;309,32 $;0,00 $;5,68 $;-5034,44 $;0,00 $;100,00%;309,32 $;309,32 $;0,00 $;309,32 $;0,00 $;240,00;1005,00 $;370,00 $;60,68 $;0,07%;
16/12/2022;1;19735,64 $;624,32 $;624,32 $;0,00 $;5,68 $;-4410,12 $;0,00 $;100,00%;624,32 $;624,32 $;0,00 $;624,32 $;0,00 $;240,00;800,00 $;675,00 $;50,68 $;0,07%;
20/12/2022;1;19639,96 $;-95,68 $;0,00 $;-95,68 $;5,68 $;-4505,80 $;-95,68 $;0,00%;-95,68 $;0,00 $;-95,68 $;0,00 $;-95,68 $;90,00;605,00 $;10,00 $;105,68 $;0,07%;
21/12/2022;1;20124,28 $;484,32 $;484,32 $;0,00 $;5,68 $;-4021,48 $;0,00 $;100,00%;484,32 $;484,32 $;0,00 $;484,32 $;0,00 $;210,00;205,00 $;610,00 $;125,68 $;0,07%;
22/12/2022;1;20533,60 $;409,32 $;409,32 $;0,00 $;5,68 $;-3612,16 $;0,00 $;100,00%;409,32 $;409,32 $;0,00 $;409,32 $;0,00 $;240,00;1710,00 $;440,00 $;30,68 $;0,07%;
23/12/2022;1;20997,92 $;464,32 $;464,32 $;0,00 $;5,68 $;-3147,84 $;0,00 $;100,00%;464,32 $;464,32 $;0,00 $;464,32 $;0,00 $;240,00;60,00 $;890,00 $;425,68 $;0,07%;
27/12/2022;1;20842,24 $;-155,68 $;0,00 $;-155,68 $;5,68 $;-3303,52 $;-155,68 $;0,00%;-155,68 $;0,00 $;-155,68 $;0,00 $;-155,68 $;240,00;680,00 $;405,00 $;560,68 $;0,07%;
28/12/2022;1;20386,56 $;-455,68 $;0,00 $;-455,68 $;5,68 $;-3759,20 $;-455,68 $;0,00%;-455,68 $;0,00 $;-455,68 $;0,00 $;-455,68 $;210,00;560,00 $;895,00 $;1350,68 $;0,07%;
29/12/2022;1;20160,88 $;-225,68 $;0,00 $;-225,68 $;5,68 $;-3984,88 $;-225,68 $;0,00%;-225,68 $;0,00 $;-225,68 $;0,00 $;-225,68 $;150,00;260,00 $;280,00 $;505,68 $;0,07%;
30/12/2022;1;21495,20 $;1334,32 $;1334,32 $;0,00 $;5,68 $;-2650,56 $;0,00 $;100,00%;1334,32 $;1334,32 $;0,00 $;1334,32 $;0,00 $;90,00;160,00 $;1385,00 $;50,68 $;0,07%;
03/01/2023;1;21779,52 $;284,32 $;284,32 $;0,00 $;5,68 $;-2366,24 $;0,00 $;100,00%;284,32 $;284,32 $;0,00 $;284,32 $;0,00 $;30,00;20,00 $;500,00 $;215,68 $;0,07%;
04/01/2023;1;21553,84 $;-225,68 $;0,00 $;-225,68 $;5,68 $;-2591,92 $;-225,68 $;0,00%;-225,68 $;0,00 $;-225,68 $;0,00 $;-225,68 $;240,00;845,00 $;950,00 $;1175,68 $;0,07%;
06/01/2023;2;22387,48 $;833,64 $;899,32 $;-65,68 $;11,36 $;-1758,28 $;-65,68 $;50,00%;416,82 $;899,32 $;-65,68 $;899,32 $;-65,68 $;270,00;125,00 $;657,50 $;240,68 $;0,14%;
09/01/2023;1;20401,80 $;-1985,68 $;0,00 $;-1985,68 $;5,68 $;-3743,96 $;-1985,68 $;0,00%;-1985,68 $;0,00 $;-1985,68 $;0,00 $;-1985,68 $;240,00;2030,00 $;10,00 $;1995,68 $;0,07%;
10/01/2023;1;21036,12 $;634,32 $;634,32 $;0,00 $;5,68 $;-3109,64 $;0,00 $;100,00%;634,32 $;634,32 $;0,00 $;634,32 $;0,00 $;150,00;60,00 $;750,00 $;115,68 $;0,07%;
11/01/2023;1;21575,44 $;539,32 $;539,32 $;0,00 $;5,68 $;-2570,32 $;0,00 $;100,00%;539,32 $;539,32 $;0,00 $;539,32 $;0,00 $;150,00;255,00 $;545,00 $;5,68 $;0,07%;
12/01/2023;1;21129,76 $;-445,68 $;0,00 $;-445,68 $;5,68 $;-3016,00 $;-445,68 $;0,00%;-445,68 $;0,00 $;-445,68 $;0,00 $;-445,68 $;210,00;950,00 $;115,00 $;560,68 $;0,07%;
13/01/2023;1;21214,08 $;84,32 $;84,32 $;0,00 $;5,68 $;-2931,68 $;0,00 $;100,00%;84,32 $;84,32 $;0,00 $;84,32 $;0,00 $;0,00;5,00 $;120,00 $;35,68 $;0,07%;
17/01/2023;2;21227,72 $;13,64 $;14,32 $;-0,68 $;11,36 $;-2918,04 $;-0,68 $;50,00%;6,82 $;14,32 $;-0,68 $;14,32 $;-0,68 $;270,00;105,00 $;237,50 $;230,68 $;0,14%;
18/01/2023;1;20297,04 $;-930,68 $;0,00 $;-930,68 $;5,68 $;-3848,72 $;-930,68 $;0,00%;-930,68 $;0,00 $;-930,68 $;0,00 $;-930,68 $;240,00;945,00 $;0,00 $;930,68 $;0,07%;
20/01/2023;1;21316,36 $;1019,32 $;1019,32 $;0,00 $;5,68 $;-2829,40 $;0,00 $;100,00%;1019,32 $;1019,32 $;0,00 $;1019,32 $;0,00 $;210,00;465,00 $;1150,00 $;130,68 $;0,07%;
23/01/2023;1;21320,68 $;4,32 $;4,32 $;0,00 $;5,68 $;-2825,08 $;0,00 $;100,00%;4,32 $;4,32 $;0,00 $;4,32 $;0,00 $;90,00;800,00 $;130,00 $;125,68 $;0,07%;
26/01/2023;1;21795,00 $;474,32 $;474,32 $;0,00 $;5,68 $;-2350,76 $;0,00 $;100,00%;474,32 $;474,32 $;0,00 $;474,32 $;0,00 $;90,00;20,00 $;690,00 $;215,68 $;0,07%;
27/01/2023;1;22649,32 $;854,32 $;854,32 $;0,00 $;5,68 $;-1496,44 $;0,00 $;100,00%;854,32 $;854,32 $;0,00 $;854,32 $;0,00 $;240,00;5,00 $;1110,00 $;255,68 $;0,07%;
30/01/2023;1;21818,64 $;-830,68 $;0,00 $;-830,68 $;5,68 $;-2327,12 $;-830,68 $;0,00%;-830,68 $;0,00 $;-830,68 $;0,00 $;-830,68 $;210,00;1060,00 $;140,00 $;970,68 $;0,07%;
31/01/2023;2;22252,28 $;433,64 $;434,32 $;-0,68 $;11,36 $;-1893,48 $;-0,68 $;50,00%;216,82 $;434,32 $;-0,68 $;434,32 $;-0,68 $;270,00;150,00 $;412,50 $;195,68 $;0,14%;
02/02/2023;1;22171,60 $;-80,68 $;0,00 $;-80,68 $;5,68 $;-1974,16 $;-80,68 $;0,00%;-80,68 $;0,00 $;-80,68 $;0,00 $;-80,68 $;150,00;805,00 $;615,00 $;695,68 $;0,07%;
03/02/2023;1;22195,92 $;24,32 $;24,32 $;0,00 $;5,68 $;-1949,84 $;0,00 $;100,00%;24,32 $;24,32 $;0,00 $;24,32 $;0,00 $;90,00;445,00 $;265,00 $;240,68 $;0,07%;
06/02/2023;1;22390,24 $;194,32 $;194,32 $;0,00 $;5,68 $;-1755,52 $;0,00 $;100,00%;194,32 $;194,32 $;0,00 $;194,32 $;0,00 $;30,00;175,00 $;370,00 $;175,68 $;0,07%;
07/02/2023;1;23944,56 $;1554,32 $;1554,32 $;0,00 $;5,68 $;-201,20 $;0,00 $;100,00%;1554,32 $;1554,32 $;0,00 $;1554,32 $;0,00 $;240,00;825,00 $;1935,00 $;380,68 $;0,07%;
08/02/2023;1;24318,88 $;374,32 $;374,32 $;0,00 $;5,68 $;0,00 $;0,00 $;100,00%;374,32 $;374,32 $;0,00 $;374,32 $;0,00 $;30,00;125,00 $;425,00 $;50,68 $;0,07%;
09/02/2023;2;22522,52 $;-1796,36 $;14,32 $;-1810,68 $;11,36 $;-1810,68 $;-1810,68 $;50,00%;-898,18 $;14,32 $;-1810,68 $;14,32 $;-1810,68 $;270,00;945,00 $;107,50 $;1005,68 $;0,14%;
10/02/2023;1;22576,84 $;54,32 $;54,32 $;0,00 $;5,68 $;-1742,04 $;0,00 $;100,00%;54,32 $;54,32 $;0,00 $;54,32 $;0,00 $;150,00;465,00 $;225,00 $;170,68 $;0,07%;
14/02/2023;2;23700,48 $;1123,64 $;1134,32 $;-10,68 $;11,36 $;-618,40 $;-10,68 $;50,00%;561,82 $;1134,32 $;-10,68 $;1134,32 $;-10,68 $;270,00;255,00 $;740,00 $;178,18 $;0,14%;
15/02/2023;1;23979,80 $;279,32 $;279,32 $;0,00 $;5,68 $;-339,08 $;0,00 $;100,00%;279,32 $;279,32 $;0,00 $;279,32 $;0,00 $;240,00;545,00 $;510,00 $;230,68 $;0,07%;
16/02/2023;1;22634,12 $;-1345,68 $;0,00 $;-1345,68 $;5,68 $;-1684,76 $;-1345,68 $;0,00%;-1345,68 $;0,00 $;-1345,68 $;0,00 $;-1345,68 $;150,00;1395,00 $;495,00 $;1840,68 $;0,07%;
17/02/2023;1;22833,44 $;199,32 $;199,32 $;0,00 $;5,68 $;-1485,44 $;0,00 $;100,00%;199,32 $;199,32 $;0,00 $;199,32 $;0,00 $;30,00;55,00 $;335,00 $;135,68 $;0,07%;
21/02/2023;1;22337,76 $;-495,68 $;0,00 $;-495,68 $;5,68 $;-1981,12 $;-495,68 $;0,00%;-495,68 $;0,00 $;-495,68 $;0,00 $;-495,68 $;210,00;705,00 $;255,00 $;750,68 $;0,07%;
22/02/2023;1;21402,08 $;-935,68 $;0,00 $;-935,68 $;5,68 $;-2916,80 $;-935,68 $;0,00%;-935,68 $;0,00 $;-935,68 $;0,00 $;-935,68 $;240,00;1040,00 $;405,00 $;1340,68 $;0,07%;
23/02/2023;1;22546,40 $;1144,32 $;1144,32 $;0,00 $;5,68 $;-1772,48 $;0,00 $;100,00%;1144,32 $;1144,32 $;0,00 $;1144,32 $;0,00 $;150,00;135,00 $;1560,00 $;415,68 $;0,07%;
24/02/2023;1;22200,72 $;-345,68 $;0,00 $;-345,68 $;5,68 $;-2118,16 $;-345,68 $;0,00%;-345,68 $;0,00 $;-345,68 $;0,00 $;-345,68 $;30,00;645,00 $;35,00 $;380,68 $;0,07%;
27/02/2023;1;22315,04 $;114,32 $;114,32 $;0,00 $;5,68 $;-2003,84 $;0,00 $;100,00%;114,32 $;114,32 $;0,00 $;114,32 $;0,00 $;210,00;400,00 $;625,00 $;510,68 $;0,07%;
28/02/2023;1;21494,36 $;-820,68 $;0,00 $;-820,68 $;5,68 $;-2824,52 $;-820,68 $;0,00%;-820,68 $;0,00 $;-820,68 $;0,00 $;-820,68 $;150,00;1055,00 $;105,00 $;925,68 $;0,07%;
01/03/2023;1;22768,68 $;1274,32 $;1274,32 $;0,00 $;5,68 $;-1550,20 $;0,00 $;100,00%;1274,32 $;1274,32 $;0,00 $;1274,32 $;0,00 $;90,00;110,00 $;1310,00 $;35,68 $;0,07%;
02/03/2023;1;22748,00 $;-20,68 $;0,00 $;-20,68 $;5,68 $;-1570,88 $;-20,68 $;0,00%;-20,68 $;0,00 $;-20,68 $;0,00 $;-20,68 $;30,00;65,00 $;480,00 $;500,68 $;0,07%;
03/03/2023;1;23212,32 $;464,32 $;464,32 $;0,00 $;5,68 $;-1106,56 $;0,00 $;100,00%;464,32 $;464,32 $;0,00 $;464,32 $;0,00 $;150,00;170,00 $;565,00 $;100,68 $;0,07%;
06/03/2023;1;22786,64 $;-425,68 $;0,00 $;-425,68 $;5,68 $;-1532,24 $;-425,68 $;0,00%;-425,68 $;0,00 $;-425,68 $;0,00 $;-425,68 $;210,00;775,00 $;20,00 $;445,68 $;0,07%;
07/03/2023;1;22740,96 $;-45,68 $;0,00 $;-45,68 $;5,68 $;-1577,92 $;-45,68 $;0,00%;-45,68 $;0,00 $;-45,68 $;0,00 $;-45,68 $;90,00;210,00 $;280,00 $;325,68 $;0,07%;
08/03/2023;1;22770,28 $;29,32 $;29,32 $;0,00 $;5,68 $;-1548,60 $;0,00 $;100,00%;29,32 $;29,32 $;0,00 $;29,32 $;0,00 $;0,00;25,00 $;40,00 $;10,68 $;0,07%;
09/03/2023;1;20914,60 $;-1855,68 $;0,00 $;-1855,68 $;5,68 $;-3404,28 $;-1855,68 $;0,00%;-1855,68 $;0,00 $;-1855,68 $;0,00 $;-1855,68 $;150,00;2220,00 $;60,00 $;1915,68 $;0,07%;
13/03/2023;1;19133,92 $;-1780,68 $;0,00 $;-1780,68 $;5,68 $;-5184,96 $;-1780,68 $;0,00%;-1780,68 $;0,00 $;-1780,68 $;0,00 $;-1780,68 $;240,00;1940,00 $;225,00 $;2005,68 $;0,07%;
15/03/2023;1;20088,24 $;954,32 $;954,32 $;0,00 $;5,68 $;-4230,64 $;0,00 $;100,00%;954,32 $;954,32 $;0,00 $;954,32 $;0,00 $;240,00;1070,00 $;1400,00 $;445,68 $;0,07%;
16/03/2023;1;21222,56 $;1134,32 $;1134,32 $;0,00 $;5,68 $;-3096,32 $;0,00 $;100,00%;1134,32 $;1134,32 $;0,00 $;1134,32 $;0,00 $;240,00;260,00 $;1305,00 $;170,68 $;0,07%;
17/03/2023;1;20776,88 $;-445,68 $;0,00 $;-445,68 $;5,68 $;-3542,00 $;-445,68 $;0,00%;-445,68 $;0,00 $;-445,68 $;0,00 $;-445,68 $;150,00;985,00 $;195,00 $;640,68 $;0,07%;
21/03/2023;1;21006,20 $;229,32 $;229,32 $;0,00 $;5,68 $;-3312,68 $;0,00 $;100,00%;229,32 $;229,32 $;0,00 $;229,32 $;0,00 $;240,00;600,00 $;370,00 $;140,68 $;0,07%;
23/03/2023;1;19420,52 $;-1585,68 $;0,00 $;-1585,68 $;5,68 $;-4898,36 $;-1585,68 $;0,00%;-1585,68 $;0,00 $;-1585,68 $;0,00 $;-1585,68 $;210,00;2780,00 $;160,00 $;1745,68 $;0,07%;
24/03/2023;1;20099,84 $;679,32 $;679,32 $;0,00 $;5,68 $;-4219,04 $;0,00 $;100,00%;679,32 $;679,32 $;0,00 $;679,32 $;0,00 $;90,00;105,00 $;705,00 $;25,68 $;0,07%;
27/03/2023;1;20684,16 $;584,32 $;584,32 $;0,00 $;5,68 $;-3634,72 $;0,00 $;100,00%;584,32 $;584,32 $;0,00 $;584,32 $;0,00 $;240,00;240,00 $;805,00 $;220,68 $;0,07%;
28/03/2023;1;19838,48 $;-845,68 $;0,00 $;-845,68 $;5,68 $;-4480,40 $;-845,68 $;0,00%;-845,68 $;0,00 $;-845,68 $;0,00 $;-845,68 $;240,00;1025,00 $;165,00 $;1010,68 $;0,07%;
29/03/2023;1;20537,80 $;699,32 $;699,32 $;0,00 $;5,68 $;-3781,08 $;0,00 $;100,00%;699,32 $;699,32 $;0,00 $;699,32 $;0,00 $;240,00;30,00 $;770,00 $;70,68 $;0,07%;
31/03/2023;1;21347,12 $;809,32 $;809,32 $;0,00 $;5,68 $;-2971,76 $;0,00 $;100,00%;809,32 $;809,32 $;0,00 $;809,32 $;0,00 $;240,00;45,00 $;875,00 $;65,68 $;0,07%;
03/04/2023;1;21556,44 $;209,32 $;209,32 $;0,00 $;5,68 $;-2762,44 $;0,00 $;100,00%;209,32 $;209,32 $;0,00 $;209,32 $;0,00 $;90,00;25,00 $;435,00 $;225,68 $;0,07%;
04/04/2023;1;22005,76 $;449,32 $;449,32 $;0,00 $;5,68 $;-2313,12 $;0,00 $;100,00%;449,32 $;449,32 $;0,00 $;449,32 $;0,00 $;30,00;130,00 $;460,00 $;10,68 $;0,07%;
17/04/2023;2;21664,40 $;-341,36 $;69,32 $;-410,68 $;11,36 $;-2723,80 $;-410,68 $;50,00%;-170,68 $;69,32 $;-410,68 $;69,32 $;-410,68 $;330,00;440,00 $;160,00 $;330,68 $;0,14%;
18/04/2023;1;21668,72 $;4,32 $;4,32 $;0,00 $;5,68 $;-2650,16 $;0,00 $;100,00%;4,32 $;4,32 $;0,00 $;4,32 $;0,00 $;210,00;230,00 $;230,00 $;225,68 $;0,07%;
19/04/2023;1;21683,04 $;14,32 $;14,32 $;0,00 $;5,68 $;-2635,84 $;0,00 $;100,00%;14,32 $;14,32 $;0,00 $;14,32 $;0,00 $;210,00;300,00 $;385,00 $;370,68 $;0,07%;
20/04/2023;1;21197,36 $;-485,68 $;0,00 $;-485,68 $;5,68 $;-3121,52 $;-485,68 $;0,00%;-485,68 $;0,00 $;-485,68 $;0,00 $;-485,68 $;150,00;970,00 $;60,00 $;545,68 $;0,07%;
21/04/2023;1;21386,68 $;189,32 $;189,32 $;0,00 $;5,68 $;-2932,20 $;0,00 $;100,00%;189,32 $;189,32 $;0,00 $;189,32 $;0,00 $;150,00;55,00 $;385,00 $;195,68 $;0,07%;
24/04/2023;1;21751,00 $;364,32 $;364,32 $;0,00 $;5,68 $;-2567,88 $;0,00 $;100,00%;364,32 $;364,32 $;0,00 $;364,32 $;0,00 $;240,00;370,00 $;425,00 $;60,68 $;0,07%;
25/04/2023;1;21165,32 $;-585,68 $;0,00 $;-585,68 $;5,68 $;-3153,56 $;-585,68 $;0,00%;-585,68 $;0,00 $;-585,68 $;0,00 $;-585,68 $;210,00;985,00 $;80,00 $;665,68 $;0,07%;
26/04/2023;1;21394,64 $;229,32 $;229,32 $;0,00 $;5,68 $;-2924,24 $;0,00 $;100,00%;229,32 $;229,32 $;0,00 $;229,32 $;0,00 $;30,00;245,00 $;295,00 $;65,68 $;0,07%;
27/04/2023;1;22128,96 $;734,32 $;734,32 $;0,00 $;5,68 $;-2189,92 $;0,00 $;100,00%;734,32 $;734,32 $;0,00 $;734,32 $;0,00 $;210,00;135,00 $;1235,00 $;500,68 $;0,07%;
28/04/2023;1;22428,28 $;299,32 $;299,32 $;0,00 $;5,68 $;-1890,60 $;0,00 $;100,00%;299,32 $;299,32 $;0,00 $;299,32 $;0,00 $;240,00;30,00 $;640,00 $;340,68 $;0,07%;
01/05/2023;1;22142,60 $;-285,68 $;0,00 $;-285,68 $;5,68 $;-2176,28 $;-285,68 $;0,00%;-285,68 $;0,00 $;-285,68 $;0,00 $;-285,68 $;30,00;315,00 $;60,00 $;345,68 $;0,07%;
02/05/2023;1;21941,92 $;-200,68 $;0,00 $;-200,68 $;5,68 $;-2376,96 $;-200,68 $;0,00%;-200,68 $;0,00 $;-200,68 $;0,00 $;-200,68 $;30,00;290,00 $;55,00 $;255,68 $;0,07%;
03/05/2023;1;19901,24 $;-2040,68 $;0,00 $;-2040,68 $;5,68 $;-4417,64 $;-2040,68 $;0,00%;-2040,68 $;0,00 $;-2040,68 $;0,00 $;-2040,68 $;90,00;2070,00 $;455,00 $;2495,68 $;0,07%;
04/05/2023;1;20125,56 $;224,32 $;224,32 $;0,00 $;5,68 $;-4193,32 $;0,00 $;100,00%;224,32 $;224,32 $;0,00 $;224,32 $;0,00 $;210,00;285,00 $;730,00 $;505,68 $;0,07%;
05/05/2023;1;20814,88 $;689,32 $;689,32 $;0,00 $;5,68 $;-3504,00 $;0,00 $;100,00%;689,32 $;689,32 $;0,00 $;689,32 $;0,00 $;240,00;520,00 $;925,00 $;235,68 $;0,07%;
08/05/2023;1;20959,20 $;144,32 $;144,32 $;0,00 $;5,68 $;-3359,68 $;0,00 $;100,00%;144,32 $;144,32 $;0,00 $;144,32 $;0,00 $;210,00;485,00 $;225,00 $;80,68 $;0,07%;
09/05/2023;1;20878,52 $;-80,68 $;0,00 $;-80,68 $;5,68 $;-3440,36 $;-80,68 $;0,00%;-80,68 $;0,00 $;-80,68 $;0,00 $;-80,68 $;150,00;175,00 $;275,00 $;355,68 $;0,07%;
10/05/2023;1;21412,84 $;534,32 $;534,32 $;0,00 $;5,68 $;-2906,04 $;0,00 $;100,00%;534,32 $;534,32 $;0,00 $;534,32 $;0,00 $;210,00;935,00 $;845,00 $;310,68 $;0,07%;
11/05/2023;1;21557,16 $;144,32 $;144,32 $;0,00 $;5,68 $;-2761,72 $;0,00 $;100,00%;144,32 $;144,32 $;0,00 $;144,32 $;0,00 $;210,00;655,00 $;220,00 $;75,68 $;0,07%;
12/05/2023;1;21521,48 $;-35,68 $;0,00 $;-35,68 $;5,68 $;-2797,40 $;-35,68 $;0,00%;-35,68 $;0,00 $;-35,68 $;0,00 $;-35,68 $;240,00;550,00 $;335,00 $;370,68 $;0,07%;
15/05/2023;1;21705,80 $;184,32 $;184,32 $;0,00 $;5,68 $;-2613,08 $;0,00 $;100,00%;184,32 $;184,32 $;0,00 $;184,32 $;0,00 $;240,00;250,00 $;575,00 $;390,68 $;0,07%;
16/05/2023;1;21420,12 $;-285,68 $;0,00 $;-285,68 $;5,68 $;-2898,76 $;-285,68 $;0,00%;-285,68 $;0,00 $;-285,68 $;0,00 $;-285,68 $;240,00;480,00 $;210,00 $;495,68 $;0,07%;
17/05/2023;1;22524,44 $;1104,32 $;1104,32 $;0,00 $;5,68 $;-1794,44 $;0,00 $;100,00%;1104,32 $;1104,32 $;0,00 $;1104,32 $;0,00 $;240,00;85,00 $;1650,00 $;545,68 $;0,07%;
18/05/2023;1;23658,76 $;1134,32 $;1134,32 $;0,00 $;5,68 $;-660,12 $;0,00 $;100,00%;1134,32 $;1134,32 $;0,00 $;1134,32 $;0,00 $;210,00;435,00 $;1415,00 $;280,68 $;0,07%;
23/05/2023;1;22743,08 $;-915,68 $;0,00 $;-915,68 $;5,68 $;-1575,80 $;-915,68 $;0,00%;-915,68 $;0,00 $;-915,68 $;0,00 $;-915,68 $;240,00;1430,00 $;120,00 $;1035,68 $;0,07%;
24/05/2023;2;22811,72 $;68,64 $;94,32 $;-25,68 $;11,36 $;-1507,16 $;-25,68 $;50,00%;34,32 $;94,32 $;-25,68 $;94,32 $;-25,68 $;270,00;317,50 $;200,00 $;165,68 $;0,14%;
25/05/2023;1;22606,04 $;-205,68 $;0,00 $;-205,68 $;5,68 $;-1712,84 $;-205,68 $;0,00%;-205,68 $;0,00 $;-205,68 $;0,00 $;-205,68 $;30,00;220,00 $;135,00 $;340,68 $;0,07%;
26/05/2023;1;22770,36 $;164,32 $;164,32 $;0,00 $;5,68 $;-1548,52 $;0,00 $;100,00%;164,32 $;164,32 $;0,00 $;164,32 $;0,00 $;90,00;10,00 $;295,00 $;130,68 $;0,07%;
30/05/2023;1;23144,68 $;374,32 $;374,32 $;0,00 $;5,68 $;-1174,20 $;0,00 $;100,00%;374,32 $;374,32 $;0,00 $;374,32 $;0,00 $;240,00;195,00 $;525,00 $;150,68 $;0,07%;
01/06/2023;1;23544,00 $;399,32 $;399,32 $;0,00 $;5,68 $;-774,88 $;0,00 $;100,00%;399,32 $;399,32 $;0,00 $;399,32 $;0,00 $;240,00;10,00 $;810,00 $;410,68 $;0,07%;
02/06/2023;2;24147,64 $;603,64 $;603,64 $;0,00 $;11,36 $;-215,56 $;0,00 $;100,00%;301,82 $;301,82 $;0,00 $;559,32 $;0,00 $;240,00;142,50 $;420,00 $;118,18 $;0,14%;
05/06/2023;1;23501,96 $;-645,68 $;0,00 $;-645,68 $;5,68 $;-816,92 $;-645,68 $;0,00%;-645,68 $;0,00 $;-645,68 $;0,00 $;-645,68 $;210,00;775,00 $;125,00 $;770,68 $;0,07%;
06/06/2023;1;23721,28 $;219,32 $;219,32 $;0,00 $;5,68 $;-597,60 $;0,00 $;100,00%;219,32 $;219,32 $;0,00 $;219,32 $;0,00 $;240,00;630,00 $;255,00 $;35,68 $;0,07%;
07/06/2023;1;24145,60 $;424,32 $;424,32 $;0,00 $;5,68 $;-173,28 $;0,00 $;100,00%;424,32 $;424,32 $;0,00 $;424,32 $;0,00 $;240,00;185,00 $;520,00 $;95,68 $;0,07%;
08/06/2023;1;24589,92 $;444,32 $;444,32 $;0,00 $;5,68 $;0,00 $;0,00 $;100,00%;444,32 $;444,32 $;0,00 $;444,32 $;0,00 $;240,00;270,00 $;500,00 $;55,68 $;0,07%;
09/06/2023;1;24964,24 $;374,32 $;374,32 $;0,00 $;5,68 $;0,00 $;0,00 $;100,00%;374,32 $;374,32 $;0,00 $;374,32 $;0,00 $;210,00;115,00 $;525,00 $;150,68 $;0,07%;
12/06/2023;1;25613,56 $;649,32 $;649,32 $;0,00 $;5,68 $;0,00 $;0,00 $;100,00%;649,32 $;649,32 $;0,00 $;649,32 $;0,00 $;210,00;20,00 $;735,00 $;85,68 $;0,07%;
13/06/2023;1;25697,88 $;84,32 $;84,32 $;0,00 $;5,68 $;0,00 $;0,00 $;100,00%;84,32 $;84,32 $;0,00 $;84,32 $;0,00 $;30,00;180,00 $;165,00 $;80,68 $;0,07%;
14/06/2023;1;24972,20 $;-725,68 $;0,00 $;-725,68 $;5,68 $;-725,68 $;-725,68 $;0,00%;-725,68 $;0,00 $;-725,68 $;0,00 $;-725,68 $;210,00;1725,00 $;5,00 $;730,68 $;0,07%;
15/06/2023;1;25406,52 $;434,32 $;434,32 $;0,00 $;5,68 $;-291,36 $;0,00 $;100,00%;434,32 $;434,32 $;0,00 $;434,32 $;0,00 $;240,00;350,00 $;695,00 $;260,68 $;0,07%;
16/06/2023;1;24980,84 $;-425,68 $;0,00 $;-425,68 $;5,68 $;-717,04 $;-425,68 $;0,00%;-425,68 $;0,00 $;-425,68 $;0,00 $;-425,68 $;240,00;500,00 $;425,00 $;850,68 $;0,07%;
19/06/2023;1;25145,16 $;164,32 $;164,32 $;0,00 $;5,68 $;-552,72 $;0,00 $;100,00%;164,32 $;164,32 $;0,00 $;164,32 $;0,00 $;30,00;10,00 $;245,00 $;80,68 $;0,07%;
20/06/2023;1;24629,48 $;-515,68 $;0,00 $;-515,68 $;5,68 $;-1068,40 $;-515,68 $;0,00%;-515,68 $;0,00 $;-515,68 $;0,00 $;-515,68 $;150,00;605,00 $;55,00 $;570,68 $;0,07%;
21/06/2023;1;24298,80 $;-330,68 $;0,00 $;-330,68 $;5,68 $;-1399,08 $;-330,68 $;0,00%;-330,68 $;0,00 $;-330,68 $;0,00 $;-330,68 $;240,00;345,00 $;195,00 $;525,68 $;0,07%;
22/06/2023;1;24328,12 $;29,32 $;29,32 $;0,00 $;5,68 $;-1369,76 $;0,00 $;100,00%;29,32 $;29,32 $;0,00 $;29,32 $;0,00 $;240,00;230,00 $;380,00 $;350,68 $;0,07%;
23/06/2023;1;24197,44 $;-130,68 $;0,00 $;-130,68 $;5,68 $;-1500,44 $;-130,68 $;0,00%;-130,68 $;0,00 $;-130,68 $;0,00 $;-130,68 $;240,00;445,00 $;450,00 $;580,68 $;0,07%;
26/06/2023;1;23966,76 $;-230,68 $;0,00 $;-230,68 $;5,68 $;-1731,12 $;-230,68 $;0,00%;-230,68 $;0,00 $;-230,68 $;0,00 $;-230,68 $;150,00;500,00 $;150,00 $;380,68 $;0,07%;
27/06/2023;1;24526,08 $;559,32 $;559,32 $;0,00 $;5,68 $;-1171,80 $;0,00 $;100,00%;559,32 $;559,32 $;0,00 $;559,32 $;0,00 $;240,00;55,00 $;670,00 $;110,68 $;0,07%;
29/06/2023;1;24390,40 $;-135,68 $;0,00 $;-135,68 $;5,68 $;-1307,48 $;-135,68 $;0,00%;-135,68 $;0,00 $;-135,68 $;0,00 $;-135,68 $;210,00;660,00 $;50,00 $;185,68 $;0,07%;
30/06/2023;1;24839,72 $;449,32 $;449,32 $;0,00 $;5,68 $;-858,16 $;0,00 $;100,00%;449,32 $;449,32 $;0,00 $;449,32 $;0,00 $;240,00;245,00 $;510,00 $;60,68 $;0,07%;
06/07/2023;1;24849,04 $;9,32 $;9,32 $;0,00 $;5,68 $;-848,84 $;0,00 $;100,00%;9,32 $;9,32 $;0,00 $;9,32 $;0,00 $;90,00;10,00 $;240,00 $;230,68 $;0,07%;
07/07/2023;1;24793,36 $;-55,68 $;0,00 $;-55,68 $;5,68 $;-904,52 $;-55,68 $;0,00%;-55,68 $;0,00 $;-55,68 $;0,00 $;-55,68 $;240,00;120,00 $;835,00 $;890,68 $;0,07%;
11/07/2023;1;25312,68 $;519,32 $;519,32 $;0,00 $;5,68 $;-385,20 $;0,00 $;100,00%;519,32 $;519,32 $;0,00 $;519,32 $;0,00 $;240,00;85,00 $;575,00 $;55,68 $;0,07%;
12/07/2023;2;24491,32 $;-821,36 $;0,00 $;-821,36 $;11,36 $;-1206,56 $;-821,36 $;0,00%;-410,68 $;0,00 $;-410,68 $;0,00 $;-780,68 $;270,00;492,50 $;40,00 $;450,68 $;0,14%;
13/07/2023;1;24660,64 $;169,32 $;169,32 $;0,00 $;5,68 $;-1037,24 $;0,00 $;100,00%;169,32 $;169,32 $;0,00 $;169,32 $;0,00 $;240,00;125,00 $;250,00 $;80,68 $;0,07%;
14/07/2023;1;24424,96 $;-235,68 $;0,00 $;-235,68 $;5,68 $;-1272,92 $;-235,68 $;0,00%;-235,68 $;0,00 $;-235,68 $;0,00 $;-235,68 $;30,00;270,00 $;20,00 $;255,68 $;0,07%;
17/07/2023;1;24734,28 $;309,32 $;309,32 $;0,00 $;5,68 $;-963,60 $;0,00 $;100,00%;309,32 $;309,32 $;0,00 $;309,32 $;0,00 $;240,00;135,00 $;465,00 $;155,68 $;0,07%;
18/07/2023;1;24793,60 $;59,32 $;59,32 $;0,00 $;5,68 $;-904,28 $;0,00 $;100,00%;59,32 $;59,32 $;0,00 $;59,32 $;0,00 $;240,00;325,00 $;235,00 $;175,68 $;0,07%;
19/07/2023;1;24617,92 $;-175,68 $;0,00 $;-175,68 $;5,68 $;-1079,96 $;-175,68 $;0,00%;-175,68 $;0,00 $;-175,68 $;0,00 $;-175,68 $;210,00;240,00 $;220,00 $;395,68 $;0,07%;
20/07/2023;1;24152,24 $;-465,68 $;0,00 $;-465,68 $;5,68 $;-1545,64 $;-465,68 $;0,00%;-465,68 $;0,00 $;-465,68 $;0,00 $;-465,68 $;210,00;755,00 $;25,00 $;490,68 $;0,07%;
21/07/2023;1;23911,56 $;-240,68 $;0,00 $;-240,68 $;5,68 $;-1786,32 $;-240,68 $;0,00%;-240,68 $;0,00 $;-240,68 $;0,00 $;-240,68 $;240,00;335,00 $;195,00 $;435,68 $;0,07%;
24/07/2023;1;23715,88 $;-195,68 $;0,00 $;-195,68 $;5,68 $;-1982,00 $;-195,68 $;0,00%;-195,68 $;0,00 $;-195,68 $;0,00 $;-195,68 $;240,00;205,00 $;230,00 $;425,68 $;0,07%;
25/07/2023;1;23320,20 $;-395,68 $;0,00 $;-395,68 $;5,68 $;-2377,68 $;-395,68 $;0,00%;-395,68 $;0,00 $;-395,68 $;0,00 $;-395,68 $;150,00;470,00 $;205,00 $;600,68 $;0,07%;
26/07/2023;1;23334,52 $;14,32 $;14,32 $;0,00 $;5,68 $;-2363,36 $;0,00 $;100,00%;14,32 $;14,32 $;0,00 $;14,32 $;0,00 $;240,00;340,00 $;935,00 $;920,68 $;0,07%;
27/07/2023;1;22018,84 $;-1315,68 $;0,00 $;-1315,68 $;5,68 $;-3679,04 $;-1315,68 $;0,00%;-1315,68 $;0,00 $;-1315,68 $;0,00 $;-1315,68 $;240,00;1355,00 $;540,00 $;1855,68 $;0,07%;
28/07/2023;1;21943,16 $;-75,68 $;0,00 $;-75,68 $;5,68 $;-3754,72 $;-75,68 $;0,00%;-75,68 $;0,00 $;-75,68 $;0,00 $;-75,68 $;30,00;145,00 $;155,00 $;230,68 $;0,07%;
31/07/2023;1;21817,48 $;-125,68 $;0,00 $;-125,68 $;5,68 $;-3880,40 $;-125,68 $;0,00%;-125,68 $;0,00 $;-125,68 $;0,00 $;-125,68 $;240,00;365,00 $;45,00 $;170,68 $;0,07%;
01/08/2023;1;22121,80 $;304,32 $;304,32 $;0,00 $;5,68 $;-3576,08 $;0,00 $;100,00%;304,32 $;304,32 $;0,00 $;304,32 $;0,00 $;240,00;180,00 $;515,00 $;210,68 $;0,07%;
02/08/2023;1;22431,12 $;309,32 $;309,32 $;0,00 $;5,68 $;-3266,76 $;0,00 $;100,00%;309,32 $;309,32 $;0,00 $;309,32 $;0,00 $;30,00;60,00 $;440,00 $;130,68 $;0,07%;
03/08/2023;1;22440,44 $;9,32 $;9,32 $;0,00 $;5,68 $;-3257,44 $;0,00 $;100,00%;9,32 $;9,32 $;0,00 $;9,32 $;0,00 $;240,00;175,00 $;570,00 $;560,68 $;0,07%;
04/08/2023;1;22264,76 $;-175,68 $;0,00 $;-175,68 $;5,68 $;-3433,12 $;-175,68 $;0,00%;-175,68 $;0,00 $;-175,68 $;0,00 $;-175,68 $;30,00;310,00 $;80,00 $;255,68 $;0,07%;
07/08/2023;1;22554,08 $;289,32 $;289,32 $;0,00 $;5,68 $;-3143,80 $;0,00 $;100,00%;289,32 $;289,32 $;0,00 $;289,32 $;0,00 $;240,00;90,00 $;685,00 $;395,68 $;0,07%;
08/08/2023;1;23478,40 $;924,32 $;924,32 $;0,00 $;5,68 $;-2219,48 $;0,00 $;100,00%;924,32 $;924,32 $;0,00 $;924,32 $;0,00 $;240,00;190,00 $;1010,00 $;85,68 $;0,07%;
09/08/2023;1;23677,72 $;199,32 $;199,32 $;0,00 $;5,68 $;-2020,16 $;0,00 $;100,00%;199,32 $;199,32 $;0,00 $;199,32 $;0,00 $;210,00;165,00 $;1100,00 $;900,68 $;0,07%;
11/08/2023;1;24102,04 $;424,32 $;424,32 $;0,00 $;5,68 $;-1595,84 $;0,00 $;100,00%;424,32 $;424,32 $;0,00 $;424,32 $;0,00 $;240,00;135,00 $;535,00 $;110,68 $;0,07%;
14/08/2023;1;24181,36 $;79,32 $;79,32 $;0,00 $;5,68 $;-1516,52 $;0,00 $;100,00%;79,32 $;79,32 $;0,00 $;79,32 $;0,00 $;150,00;365,00 $;165,00 $;85,68 $;0,07%;
15/08/2023;1;23935,68 $;-245,68 $;0,00 $;-245,68 $;5,68 $;-1762,20 $;-245,68 $;0,00%;-245,68 $;0,00 $;-245,68 $;0,00 $;-245,68 $;90,00;485,00 $;255,00 $;500,68 $;0,07%;
17/08/2023;1;22850,00 $;-1085,68 $;0,00 $;-1085,68 $;5,68 $;-2847,88 $;-1085,68 $;0,00%;-1085,68 $;0,00 $;-1085,68 $;0,00 $;-1085,68 $;240,00;1290,00 $;40,00 $;1125,68 $;0,07%;
18/08/2023;1;22789,32 $;-60,68 $;0,00 $;-60,68 $;5,68 $;-2908,56 $;-60,68 $;0,00%;-60,68 $;0,00 $;-60,68 $;0,00 $;-60,68 $;210,00;385,00 $;460,00 $;520,68 $;0,07%;
21/08/2023;1;23173,64 $;384,32 $;384,32 $;0,00 $;5,68 $;-2524,24 $;0,00 $;100,00%;384,32 $;384,32 $;0,00 $;384,32 $;0,00 $;210,00;115,00 $;910,00 $;525,68 $;0,07%;
24/08/2023;1;22187,96 $;-985,68 $;0,00 $;-985,68 $;5,68 $;-3509,92 $;-985,68 $;0,00%;-985,68 $;0,00 $;-985,68 $;0,00 $;-985,68 $;210,00;1065,00 $;275,00 $;1260,68 $;0,07%;
25/08/2023;1;22427,28 $;239,32 $;239,32 $;0,00 $;5,68 $;-3270,60 $;0,00 $;100,00%;239,32 $;239,32 $;0,00 $;239,32 $;0,00 $;210,00;495,00 $;740,00 $;500,68 $;0,07%;
29/08/2023;1;22616,60 $;189,32 $;189,32 $;0,00 $;5,68 $;-3081,28 $;0,00 $;100,00%;189,32 $;189,32 $;0,00 $;189,32 $;0,00 $;30,00;80,00 $;235,00 $;45,68 $;0,07%;
30/08/2023;1;22890,92 $;274,32 $;274,32 $;0,00 $;5,68 $;-2806,96 $;0,00 $;100,00%;274,32 $;274,32 $;0,00 $;274,32 $;0,00 $;210,00;400,00 $;330,00 $;55,68 $;0,07%;
31/08/2023;1;22000,24 $;-890,68 $;0,00 $;-890,68 $;5,68 $;-3697,64 $;-890,68 $;0,00%;-890,68 $;0,00 $;-890,68 $;0,00 $;-890,68 $;240,00;995,00 $;5,00 $;895,68 $;0,07%;
05/09/2023;1;21559,56 $;-440,68 $;0,00 $;-440,68 $;5,68 $;-4138,32 $;-440,68 $;0,00%;-440,68 $;0,00 $;-440,68 $;0,00 $;-440,68 $;90,00;530,00 $;70,00 $;510,68 $;0,07%;
06/09/2023;1;21618,88 $;59,32 $;59,32 $;0,00 $;5,68 $;-4079,00 $;0,00 $;100,00%;59,32 $;59,32 $;0,00 $;59,32 $;0,00 $;240,00;750,00 $;175,00 $;115,68 $;0,07%;
07/09/2023;1;21768,20 $;149,32 $;149,32 $;0,00 $;5,68 $;-3929,68 $;0,00 $;100,00%;149,32 $;149,32 $;0,00 $;149,32 $;0,00 $;240,00;120,00 $;425,00 $;275,68 $;0,07%;
11/09/2023;1;22002,52 $;234,32 $;234,32 $;0,00 $;5,68 $;-3695,36 $;0,00 $;100,00%;234,32 $;234,32 $;0,00 $;234,32 $;0,00 $;240,00;230,00 $;390,00 $;155,68 $;0,07%;
12/09/2023;1;21566,84 $;-435,68 $;0,00 $;-435,68 $;5,68 $;-4131,04 $;-435,68 $;0,00%;-435,68 $;0,00 $;-435,68 $;0,00 $;-435,68 $;210,00;770,00 $;555,00 $;990,68 $;0,07%;
13/09/2023;1;20626,16 $;-940,68 $;0,00 $;-940,68 $;5,68 $;-5071,72 $;-940,68 $;0,00%;-940,68 $;0,00 $;-940,68 $;0,00 $;-940,68 $;240,00;1115,00 $;30,00 $;970,68 $;0,07%;
15/09/2023;1;20070,48 $;-555,68 $;0,00 $;-555,68 $;5,68 $;-5627,40 $;-555,68 $;0,00%;-555,68 $;0,00 $;-555,68 $;0,00 $;-555,68 $;240,00;945,00 $;35,00 $;590,68 $;0,07%;
18/09/2023;1;19924,80 $;-145,68 $;0,00 $;-145,68 $;5,68 $;-5773,08 $;-145,68 $;0,00%;-145,68 $;0,00 $;-145,68 $;0,00 $;-145,68 $;240,00;260,00 $;320,00 $;465,68 $;0,07%;
19/09/2023;1;20414,12 $;489,32 $;489,32 $;0,00 $;5,68 $;-5283,76 $;0,00 $;100,00%;489,32 $;489,32 $;0,00 $;489,32 $;0,00 $;240,00;435,00 $;750,00 $;260,68 $;0,07%;
20/09/2023;1;19958,44 $;-455,68 $;0,00 $;-455,68 $;5,68 $;-5739,44 $;-455,68 $;0,00%;-455,68 $;0,00 $;-455,68 $;0,00 $;-455,68 $;240,00;755,00 $;490,00 $;945,68 $;0,07%;
21/09/2023;1;19322,76 $;-635,68 $;0,00 $;-635,68 $;5,68 $;-6375,12 $;-635,68 $;0,00%;-635,68 $;0,00 $;-635,68 $;0,00 $;-635,68 $;240,00;650,00 $;355,00 $;990,68 $;0,07%;
25/09/2023;1;19437,08 $;114,32 $;114,32 $;0,00 $;5,68 $;-6260,80 $;0,00 $;100,00%;114,32 $;114,32 $;0,00 $;114,32 $;0,00 $;240,00;215,00 $;415,00 $;300,68 $;0,07%;
26/09/2023;1;19026,40 $;-410,68 $;0,00 $;-410,68 $;5,68 $;-6671,48 $;-410,68 $;0,00%;-410,68 $;0,00 $;-410,68 $;0,00 $;-410,68 $;240,00;555,00 $;365,00 $;775,68 $;0,07%;
27/09/2023;1;19155,72 $;129,32 $;129,32 $;0,00 $;5,68 $;-6542,16 $;0,00 $;100,00%;129,32 $;129,32 $;0,00 $;129,32 $;0,00 $;240,00;1315,00 $;400,00 $;270,68 $;0,07%;
28/09/2023;1;19445,04 $;289,32 $;289,32 $;0,00 $;5,68 $;-6252,84 $;0,00 $;100,00%;289,32 $;289,32 $;0,00 $;289,32 $;0,00 $;240,00;495,00 $;485,00 $;195,68 $;0,07%;
29/09/2023;1;18929,36 $;-515,68 $;0,00 $;-515,68 $;5,68 $;-6768,52 $;-515,68 $;0,00%;-515,68 $;0,00 $;-515,68 $;0,00 $;-515,68 $;210,00;1170,00 $;65,00 $;580,68 $;0,07%;
02/10/2023;1;19593,68 $;664,32 $;664,32 $;0,00 $;5,68 $;-6104,20 $;0,00 $;100,00%;664,32 $;664,32 $;0,00 $;664,32 $;0,00 $;210,00;370,00 $;830,00 $;165,68 $;0,07%;
03/10/2023;1;19098,00 $;-495,68 $;0,00 $;-495,68 $;5,68 $;-6599,88 $;-495,68 $;0,00%;-495,68 $;0,00 $;-495,68 $;0,00 $;-495,68 $;240,00;655,00 $;370,00 $;865,68 $;0,07%;
04/10/2023;1;19017,32 $;-80,68 $;0,00 $;-80,68 $;5,68 $;-6680,56 $;-80,68 $;0,00%;-80,68 $;0,00 $;-80,68 $;0,00 $;-80,68 $;0,00;85,00 $;10,00 $;90,68 $;0,07%;
05/10/2023;1;19801,64 $;784,32 $;784,32 $;0,00 $;5,68 $;-5896,24 $;0,00 $;100,00%;784,32 $;784,32 $;0,00 $;784,32 $;0,00 $;240,00;245,00 $;975,00 $;190,68 $;0,07%;
06/10/2023;1;21055,96 $;1254,32 $;1254,32 $;0,00 $;5,68 $;-4641,92 $;0,00 $;100,00%;1254,32 $;1254,32 $;0,00 $;1254,32 $;0,00 $;240,00;0,00 $;1520,00 $;265,68 $;0,07%;
09/10/2023;1;22090,28 $;1034,32 $;1034,32 $;0,00 $;5,68 $;-3607,60 $;0,00 $;100,00%;1034,32 $;1034,32 $;0,00 $;1034,32 $;0,00 $;240,00;195,00 $;1280,00 $;245,68 $;0,07%;
10/10/2023;1;21379,60 $;-710,68 $;0,00 $;-710,68 $;5,68 $;-4318,28 $;-710,68 $;0,00%;-710,68 $;0,00 $;-710,68 $;0,00 $;-710,68 $;210,00;830,00 $;45,00 $;755,68 $;0,07%;
11/10/2023;1;22238,92 $;859,32 $;859,32 $;0,00 $;5,68 $;-3458,96 $;0,00 $;100,00%;859,32 $;859,32 $;0,00 $;859,32 $;0,00 $;210,00;310,00 $;905,00 $;45,68 $;0,07%;
12/10/2023;1;21343,24 $;-895,68 $;0,00 $;-895,68 $;5,68 $;-4354,64 $;-895,68 $;0,00%;-895,68 $;0,00 $;-895,68 $;0,00 $;-895,68 $;210,00;1830,00 $;25,00 $;920,68 $;0,07%;
13/10/2023;1;21122,56 $;-220,68 $;0,00 $;-220,68 $;5,68 $;-4575,32 $;-220,68 $;0,00%;-220,68 $;0,00 $;-220,68 $;0,00 $;-220,68 $;90,00;410,00 $;270,00 $;490,68 $;0,07%;
16/10/2023;1;21321,88 $;199,32 $;199,32 $;0,00 $;5,68 $;-4376,00 $;0,00 $;100,00%;199,32 $;199,32 $;0,00 $;199,32 $;0,00 $;90,00;95,00 $;400,00 $;200,68 $;0,07%;
17/10/2023;1;21691,20 $;369,32 $;369,32 $;0,00 $;5,68 $;-4006,68 $;0,00 $;100,00%;369,32 $;369,32 $;0,00 $;369,32 $;0,00 $;90,00;295,00 $;470,00 $;100,68 $;0,07%;
18/10/2023;1;21065,52 $;-625,68 $;0,00 $;-625,68 $;5,68 $;-4632,36 $;-625,68 $;0,00%;-625,68 $;0,00 $;-625,68 $;0,00 $;-625,68 $;90,00;1045,00 $;200,00 $;825,68 $;0,07%;
19/10/2023;1;20144,84 $;-920,68 $;0,00 $;-920,68 $;5,68 $;-5553,04 $;-920,68 $;0,00%;-920,68 $;0,00 $;-920,68 $;0,00 $;-920,68 $;240,00;1095,00 $;1195,00 $;2115,68 $;0,07%;
20/10/2023;1;20029,16 $;-115,68 $;0,00 $;-115,68 $;5,68 $;-5668,72 $;-115,68 $;0,00%;-115,68 $;0,00 $;-115,68 $;0,00 $;-115,68 $;0,00;125,00 $;0,00 $;115,68 $;0,07%;
23/10/2023;1;19123,48 $;-905,68 $;0,00 $;-905,68 $;5,68 $;-6574,40 $;-905,68 $;0,00%;-905,68 $;0,00 $;-905,68 $;0,00 $;-905,68 $;240,00;930,00 $;485,00 $;1390,68 $;0,07%;
24/10/2023;1;19397,80 $;274,32 $;274,32 $;0,00 $;5,68 $;-6300,08 $;0,00 $;100,00%;274,32 $;274,32 $;0,00 $;274,32 $;0,00 $;240,00;810,00 $;325,00 $;50,68 $;0,07%;
25/10/2023;1;18532,12 $;-865,68 $;0,00 $;-865,68 $;5,68 $;-7165,76 $;-865,68 $;0,00%;-865,68 $;0,00 $;-865,68 $;0,00 $;-865,68 $;240,00;1260,00 $;145,00 $;1010,68 $;0,07%;
26/10/2023;1;18726,44 $;194,32 $;194,32 $;0,00 $;5,68 $;-6971,44 $;0,00 $;100,00%;194,32 $;194,32 $;0,00 $;194,32 $;0,00 $;150,00;250,00 $;1210,00 $;1015,68 $;0,07%;
27/10/2023;1;17195,76 $;-1530,68 $;0,00 $;-1530,68 $;5,68 $;-8502,12 $;-1530,68 $;0,00%;-1530,68 $;0,00 $;-1530,68 $;0,00 $;-1530,68 $;240,00;1910,00 $;30,00 $;1560,68 $;0,07%;
30/10/2023;1;17315,08 $;119,32 $;119,32 $;0,00 $;5,68 $;-8382,80 $;0,00 $;100,00%;119,32 $;119,32 $;0,00 $;119,32 $;0,00 $;150,00;160,00 $;480,00 $;360,68 $;0,07%;
31/10/2023;1;18079,40 $;764,32 $;764,32 $;0,00 $;5,68 $;-7618,48 $;0,00 $;100,00%;764,32 $;764,32 $;0,00 $;764,32 $;0,00 $;240,00;215,00 $;880,00 $;115,68 $;0,07%;
01/11/2023;1;18858,72 $;779,32 $;779,32 $;0,00 $;5,68 $;-6839,16 $;0,00 $;100,00%;779,32 $;779,32 $;0,00 $;779,32 $;0,00 $;210,00;255,00 $;1185,00 $;405,68 $;0,07%;
02/11/2023;1;19833,04 $;974,32 $;974,32 $;0,00 $;5,68 $;-5864,84 $;0,00 $;100,00%;974,32 $;974,32 $;0,00 $;974,32 $;0,00 $;210,00;10,00 $;1070,00 $;95,68 $;0,07%;
03/11/2023;1;20237,36 $;404,32 $;404,32 $;0,00 $;5,68 $;-5460,52 $;0,00 $;100,00%;404,32 $;404,32 $;0,00 $;404,32 $;0,00 $;240,00;0,00 $;745,00 $;340,68 $;0,07%;
06/11/2023;1;20196,68 $;-40,68 $;0,00 $;-40,68 $;5,68 $;-5501,20 $;-40,68 $;0,00%;-40,68 $;0,00 $;-40,68 $;0,00 $;-40,68 $;0,00;45,00 $;15,00 $;55,68 $;0,07%;
07/11/2023;2;20225,32 $;28,64 $;28,64 $;0,00 $;11,36 $;-5491,88 $;0,00 $;100,00%;14,32 $;14,32 $;0,00 $;19,32 $;0,00 $;240,00;195,00 $;122,50 $;108,18 $;0,14%;
08/11/2023;1;19994,64 $;-230,68 $;0,00 $;-230,68 $;5,68 $;-5703,24 $;-230,68 $;0,00%;-230,68 $;0,00 $;-230,68 $;0,00 $;-230,68 $;240,00;660,00 $;70,00 $;300,68 $;0,07%;
10/11/2023;1;20018,96 $;24,32 $;24,32 $;0,00 $;5,68 $;-5678,92 $;0,00 $;100,00%;24,32 $;24,32 $;0,00 $;24,32 $;0,00 $;90,00;145,00 $;475,00 $;450,68 $;0,07%;
13/11/2023;1;20133,28 $;114,32 $;114,32 $;0,00 $;5,68 $;-5564,60 $;0,00 $;100,00%;114,32 $;114,32 $;0,00 $;114,32 $;0,00 $;150,00;100,00 $;280,00 $;165,68 $;0,07%;
14/11/2023;1;20097,60 $;-35,68 $;0,00 $;-35,68 $;5,68 $;-5600,28 $;-35,68 $;0,00%;-35,68 $;0,00 $;-35,68 $;0,00 $;-35,68 $;240,00;735,00 $;85,00 $;120,68 $;0,07%;
15/11/2023;1;20026,92 $;-70,68 $;0,00 $;-70,68 $;5,68 $;-5670,96 $;-70,68 $;0,00%;-70,68 $;0,00 $;-70,68 $;0,00 $;-70,68 $;210,00;315,00 $;375,00 $;445,68 $;0,07%;
17/11/2023;1;19781,24 $;-245,68 $;0,00 $;-245,68 $;5,68 $;-5916,64 $;-245,68 $;0,00%;-245,68 $;0,00 $;-245,68 $;0,00 $;-245,68 $;30,00;315,00 $;10,00 $;255,68 $;0,07%;
20/11/2023;1;20655,56 $;874,32 $;874,32 $;0,00 $;5,68 $;-5042,32 $;0,00 $;100,00%;874,32 $;874,32 $;0,00 $;874,32 $;0,00 $;240,00;45,00 $;900,00 $;25,68 $;0,07%;
21/11/2023;1;20729,88 $;74,32 $;74,32 $;0,00 $;5,68 $;-4968,00 $;0,00 $;100,00%;74,32 $;74,32 $;0,00 $;74,32 $;0,00 $;240,00;90,00 $;255,00 $;180,68 $;0,07%;
22/11/2023;1;20979,20 $;249,32 $;249,32 $;0,00 $;5,68 $;-4718,68 $;0,00 $;100,00%;249,32 $;249,32 $;0,00 $;249,32 $;0,00 $;240,00;260,00 $;390,00 $;140,68 $;0,07%;
24/11/2023;1;21233,52 $;254,32 $;254,32 $;0,00 $;5,68 $;-4464,36 $;0,00 $;100,00%;254,32 $;254,32 $;0,00 $;254,32 $;0,00 $;0,00;30,00 $;290,00 $;35,68 $;0,07%;
27/11/2023;1;21482,84 $;249,32 $;249,32 $;0,00 $;5,68 $;-4215,04 $;0,00 $;100,00%;249,32 $;249,32 $;0,00 $;249,32 $;0,00 $;210,00;20,00 $;420,00 $;170,68 $;0,07%;
28/11/2023;1;21227,16 $;-255,68 $;0,00 $;-255,68 $;5,68 $;-4470,72 $;-255,68 $;0,00%;-255,68 $;0,00 $;-255,68 $;0,00 $;-255,68 $;240,00;645,00 $;270,00 $;525,68 $;0,07%;
30/11/2023;1;22476,48 $;1249,32 $;1249,32 $;0,00 $;5,68 $;-3221,40 $;0,00 $;100,00%;1249,32 $;1249,32 $;0,00 $;1249,32 $;0,00 $;150,00;130,00 $;1445,00 $;195,68 $;0,07%;
01/12/2023;1;23275,80 $;799,32 $;799,32 $;0,00 $;5,68 $;-2422,08 $;0,00 $;100,00%;799,32 $;799,32 $;0,00 $;799,32 $;0,00 $;240,00;170,00 $;1035,00 $;235,68 $;0,07%;
04/12/2023;1;23520,12 $;244,32 $;244,32 $;0,00 $;5,68 $;-2177,76 $;0,00 $;100,00%;244,32 $;244,32 $;0,00 $;244,32 $;0,00 $;210,00;55,00 $;485,00 $;240,68 $;0,07%;
07/12/2023;1;23949,44 $;429,32 $;429,32 $;0,00 $;5,68 $;-1748,44 $;0,00 $;100,00%;429,32 $;429,32 $;0,00 $;429,32 $;0,00 $;240,00;45,00 $;625,00 $;195,68 $;0,07%;
08/12/2023;1;24033,76 $;84,32 $;84,32 $;0,00 $;5,68 $;-1664,12 $;0,00 $;100,00%;84,32 $;84,32 $;0,00 $;84,32 $;0,00 $;90,00;50,00 $;345,00 $;260,68 $;0,07%;
11/12/2023;1;24088,08 $;54,32 $;54,32 $;0,00 $;5,68 $;-1609,80 $;0,00 $;100,00%;54,32 $;54,32 $;0,00 $;54,32 $;0,00 $;240,00;265,00 $;205,00 $;150,68 $;0,07%;
12/12/2023;1;24537,40 $;449,32 $;449,32 $;0,00 $;5,68 $;-1160,48 $;0,00 $;100,00%;449,32 $;449,32 $;0,00 $;449,32 $;0,00 $;240,00;25,00 $;500,00 $;50,68 $;0,07%;
13/12/2023;1;26411,72 $;1874,32 $;1874,32 $;0,00 $;5,68 $;0,00 $;0,00 $;100,00%;1874,32 $;1874,32 $;0,00 $;1874,32 $;0,00 $;240,00;175,00 $;2370,00 $;495,68 $;0,07%;
14/12/2023;1;26671,04 $;259,32 $;259,32 $;0,00 $;5,68 $;0,00 $;0,00 $;100,00%;259,32 $;259,32 $;0,00 $;259,32 $;0,00 $;240,00;605,00 $;645,00 $;385,68 $;0,07%;
15/12/2023;1;26650,36 $;-20,68 $;0,00 $;-20,68 $;5,68 $;-20,68 $;-20,68 $;0,00%;-20,68 $;0,00 $;-20,68 $;0,00 $;-20,68 $;210,00;710,00 $;270,00 $;290,68 $;0,07%;
18/12/2023;1;26479,68 $;-170,68 $;0,00 $;-170,68 $;5,68 $;-191,36 $;-170,68 $;0,00%;-170,68 $;0,00 $;-170,68 $;0,00 $;-170,68 $;150,00;290,00 $;85,00 $;255,68 $;0,07%;
19/12/2023;1;26829,00 $;349,32 $;349,32 $;0,00 $;5,68 $;0,00 $;0,00 $;100,00%;349,32 $;349,32 $;0,00 $;349,32 $;0,00 $;210,00;10,00 $;490,00 $;140,68 $;0,07%;
21/12/2023;1;27858,32 $;1029,32 $;1029,32 $;0,00 $;5,68 $;0,00 $;0,00 $;100,00%;1029,32 $;1029,32 $;0,00 $;1029,32 $;0,00 $;210,00;275,00 $;1240,00 $;210,68 $;0,07%;
22/12/2023;1;28217,64 $;359,32 $;359,32 $;0,00 $;5,68 $;0,00 $;0,00 $;100,00%;359,32 $;359,32 $;0,00 $;359,32 $;0,00 $;90,00;125,00 $;700,00 $;340,68 $;0,07%;
26/12/2023;1;28496,96 $;279,32 $;279,32 $;0,00 $;5,68 $;0,00 $;0,00 $;100,00%;279,32 $;279,32 $;0,00 $;279,32 $;0,00 $;210,00;80,00 $;585,00 $;305,68 $;0,07%;
27/12/2023;1;28566,28 $;69,32 $;69,32 $;0,00 $;5,68 $;0,00 $;0,00 $;100,00%;69,32 $;69,32 $;0,00 $;69,32 $;0,00 $;240,00;265,00 $;485,00 $;415,68 $;0,07%;
28/12/2023;1;28850,60 $;284,32 $;284,32 $;0,00 $;5,68 $;0,00 $;0,00 $;100,00%;284,32 $;284,32 $;0,00 $;284,32 $;0,00 $;240,00;60,00 $;390,00 $;105,68 $;0,07%;
29/12/2023;1;29384,92 $;534,32 $;534,32 $;0,00 $;5,68 $;0,00 $;0,00 $;100,00%;534,32 $;534,32 $;0,00 $;534,32 $;0,00 $;210,00;25,00 $;830,00 $;295,68 $;0,07%;
02/01/2024;1;29334,24 $;-50,68 $;0,00 $;-50,68 $;5,68 $;-50,68 $;-50,68 $;0,00%;-50,68 $;0,00 $;-50,68 $;0,00 $;-50,68 $;150,00;755,00 $;105,00 $;155,68 $;0,07%;
03/01/2024;1;29048,56 $;-285,68 $;0,00 $;-285,68 $;5,68 $;-336,36 $;-285,68 $;0,00%;-285,68 $;0,00 $;-285,68 $;0,00 $;-285,68 $;210,00;450,00 $;670,00 $;955,68 $;0,07%;
04/01/2024;1;28657,88 $;-390,68 $;0,00 $;-390,68 $;5,68 $;-727,04 $;-390,68 $;0,00%;-390,68 $;0,00 $;-390,68 $;0,00 $;-390,68 $;150,00;655,00 $;35,00 $;425,68 $;0,07%;
05/01/2024;1;28212,20 $;-445,68 $;0,00 $;-445,68 $;5,68 $;-1172,72 $;-445,68 $;0,00%;-445,68 $;0,00 $;-445,68 $;0,00 $;-445,68 $;240,00;935,00 $;120,00 $;565,68 $;0,07%;
08/01/2024;1;29281,52 $;1069,32 $;1069,32 $;0,00 $;5,68 $;-103,40 $;0,00 $;100,00%;1069,32 $;1069,32 $;0,00 $;1069,32 $;0,00 $;240,00;110,00 $;1265,00 $;195,68 $;0,07%;
09/01/2024;1;29375,84 $;94,32 $;94,32 $;0,00 $;5,68 $;-9,08 $;0,00 $;100,00%;94,32 $;94,32 $;0,00 $;94,32 $;0,00 $;150,00;225,00 $;415,00 $;320,68 $;0,07%;
10/01/2024;1;29565,16 $;189,32 $;189,32 $;0,00 $;5,68 $;0,00 $;0,00 $;100,00%;189,32 $;189,32 $;0,00 $;189,32 $;0,00 $;30,00;310,00 $;255,00 $;65,68 $;0,07%;
11/01/2024;1;30644,48 $;1079,32 $;1079,32 $;0,00 $;5,68 $;0,00 $;0,00 $;100,00%;1079,32 $;1079,32 $;0,00 $;1079,32 $;0,00 $;240,00;240,00 $;1390,00 $;310,68 $;0,07%;
12/01/2024;1;30338,80 $;-305,68 $;0,00 $;-305,68 $;5,68 $;-305,68 $;-305,68 $;0,00%;-305,68 $;0,00 $;-305,68 $;0,00 $;-305,68 $;90,00;360,00 $;20,00 $;325,68 $;0,07%;
16/01/2024;1;29663,12 $;-675,68 $;0,00 $;-675,68 $;5,68 $;-981,36 $;-675,68 $;0,00%;-675,68 $;0,00 $;-675,68 $;0,00 $;-675,68 $;240,00;1090,00 $;220,00 $;895,68 $;0,07%;
17/01/2024;1;29652,44 $;-10,68 $;0,00 $;-10,68 $;5,68 $;-992,04 $;-10,68 $;0,00%;-10,68 $;0,00 $;-10,68 $;0,00 $;-10,68 $;210,00;685,00 $;175,00 $;185,68 $;0,07%;
22/01/2024;2;29531,08 $;-121,36 $;0,00 $;-121,36 $;11,36 $;-1113,40 $;-121,36 $;0,00%;-60,68 $;0,00 $;-60,68 $;0,00 $;-90,68 $;270,00;297,50 $;7,50 $;68,18 $;0,14%;
23/01/2024;1;29990,40 $;459,32 $;459,32 $;0,00 $;5,68 $;-654,08 $;0,00 $;100,00%;459,32 $;459,32 $;0,00 $;459,32 $;0,00 $;240,00;90,00 $;605,00 $;145,68 $;0,07%;
24/01/2024;1;29009,72 $;-980,68 $;0,00 $;-980,68 $;5,68 $;-1634,76 $;-980,68 $;0,00%;-980,68 $;0,00 $;-980,68 $;0,00 $;-980,68 $;240,00;1035,00 $;100,00 $;1080,68 $;0,07%;
25/01/2024;1;29404,04 $;394,32 $;394,32 $;0,00 $;5,68 $;-1240,44 $;0,00 $;100,00%;394,32 $;394,32 $;0,00 $;394,32 $;0,00 $;30,00;35,00 $;715,00 $;320,68 $;0,07%;
26/01/2024;1;29398,36 $;-5,68 $;0,00 $;-5,68 $;5,68 $;-1246,12 $;-5,68 $;0,00%;-5,68 $;0,00 $;-5,68 $;0,00 $;-5,68 $;30,00;115,00 $;170,00 $;175,68 $;0,07%;
30/01/2024;1;29262,68 $;-135,68 $;0,00 $;-135,68 $;5,68 $;-1381,80 $;-135,68 $;0,00%;-135,68 $;0,00 $;-135,68 $;0,00 $;-135,68 $;30,00;305,00 $;80,00 $;215,68 $;0,07%;
31/01/2024;1;27927,00 $;-1335,68 $;0,00 $;-1335,68 $;5,68 $;-2717,48 $;-1335,68 $;0,00%;-1335,68 $;0,00 $;-1335,68 $;0,00 $;-1335,68 $;240,00;1450,00 $;320,00 $;1655,68 $;0,07%;
01/02/2024;1;29446,32 $;1519,32 $;1519,32 $;0,00 $;5,68 $;-1198,16 $;0,00 $;100,00%;1519,32 $;1519,32 $;0,00 $;1519,32 $;0,00 $;240,00;10,00 $;1565,00 $;45,68 $;0,07%;
02/02/2024;2;30594,96 $;1148,64 $;1324,32 $;-175,68 $;11,36 $;-175,68 $;-175,68 $;50,00%;574,32 $;1324,32 $;-175,68 $;1324,32 $;-175,68 $;270,00;242,50 $;672,50 $;98,18 $;0,14%;
05/02/2024;1;30034,28 $;-560,68 $;0,00 $;-560,68 $;5,68 $;-736,36 $;-560,68 $;0,00%;-560,68 $;0,00 $;-560,68 $;0,00 $;-560,68 $;30,00;705,00 $;125,00 $;685,68 $;0,07%;
06/02/2024;1;29938,60 $;-95,68 $;0,00 $;-95,68 $;5,68 $;-832,04 $;-95,68 $;0,00%;-95,68 $;0,00 $;-95,68 $;0,00 $;-95,68 $;210,00;505,00 $;160,00 $;255,68 $;0,07%;
07/02/2024;1;29732,92 $;-205,68 $;0,00 $;-205,68 $;5,68 $;-1037,72 $;-205,68 $;0,00%;-205,68 $;0,00 $;-205,68 $;0,00 $;-205,68 $;150,00;425,00 $;90,00 $;295,68 $;0,07%;
08/02/2024;1;30102,24 $;369,32 $;369,32 $;0,00 $;5,68 $;-668,40 $;0,00 $;100,00%;369,32 $;369,32 $;0,00 $;369,32 $;0,00 $;150,00;60,00 $;550,00 $;180,68 $;0,07%;
09/02/2024;1;29911,56 $;-190,68 $;0,00 $;-190,68 $;5,68 $;-859,08 $;-190,68 $;0,00%;-190,68 $;0,00 $;-190,68 $;0,00 $;-190,68 $;30,00;240,00 $;10,00 $;200,68 $;0,07%;
12/02/2024;1;29600,88 $;-310,68 $;0,00 $;-310,68 $;5,68 $;-1169,76 $;-310,68 $;0,00%;-310,68 $;0,00 $;-310,68 $;0,00 $;-310,68 $;240,00;415,00 $;500,00 $;810,68 $;0,07%;
13/02/2024;1;29315,20 $;-285,68 $;0,00 $;-285,68 $;5,68 $;-1455,44 $;-285,68 $;0,00%;-285,68 $;0,00 $;-285,68 $;0,00 $;-285,68 $;210,00;1340,00 $;230,00 $;515,68 $;0,07%;
14/02/2024;1;30094,52 $;779,32 $;779,32 $;0,00 $;5,68 $;-676,12 $;0,00 $;100,00%;779,32 $;779,32 $;0,00 $;779,32 $;0,00 $;150,00;265,00 $;915,00 $;135,68 $;0,07%;
15/02/2024;1;30408,84 $;314,32 $;314,32 $;0,00 $;5,68 $;-361,80 $;0,00 $;100,00%;314,32 $;314,32 $;0,00 $;314,32 $;0,00 $;90,00;50,00 $;355,00 $;40,68 $;0,07%;
16/02/2024;1;30178,16 $;-230,68 $;0,00 $;-230,68 $;5,68 $;-592,48 $;-230,68 $;0,00%;-230,68 $;0,00 $;-230,68 $;0,00 $;-230,68 $;240,00;540,00 $;490,00 $;720,68 $;0,07%;
20/02/2024;1;30612,48 $;434,32 $;434,32 $;0,00 $;5,68 $;-158,16 $;0,00 $;100,00%;434,32 $;434,32 $;0,00 $;434,32 $;0,00 $;210,00;165,00 $;590,00 $;155,68 $;0,07%;
21/02/2024;1;30406,80 $;-205,68 $;0,00 $;-205,68 $;5,68 $;-363,84 $;-205,68 $;0,00%;-205,68 $;0,00 $;-205,68 $;0,00 $;-205,68 $;240,00;370,00 $;375,00 $;580,68 $;0,07%;
22/02/2024;1;30306,12 $;-100,68 $;0,00 $;-100,68 $;5,68 $;-464,52 $;-100,68 $;0,00%;-100,68 $;0,00 $;-100,68 $;0,00 $;-100,68 $;30,00;160,00 $;305,00 $;405,68 $;0,07%;
26/02/2024;1;29860,44 $;-445,68 $;0,00 $;-445,68 $;5,68 $;-910,20 $;-445,68 $;0,00%;-445,68 $;0,00 $;-445,68 $;0,00 $;-445,68 $;210,00;635,00 $;40,00 $;485,68 $;0,07%;
27/02/2024;1;30169,76 $;309,32 $;309,32 $;0,00 $;5,68 $;-600,88 $;0,00 $;100,00%;309,32 $;309,32 $;0,00 $;309,32 $;0,00 $;240,00;170,00 $;355,00 $;45,68 $;0,07%;
28/02/2024;1;30284,08 $;114,32 $;114,32 $;0,00 $;5,68 $;-486,56 $;0,00 $;100,00%;114,32 $;114,32 $;0,00 $;114,32 $;0,00 $;240,00;415,00 $;185,00 $;70,68 $;0,07%;
29/02/2024;1;30338,40 $;54,32 $;54,32 $;0,00 $;5,68 $;-432,24 $;0,00 $;100,00%;54,32 $;54,32 $;0,00 $;54,32 $;0,00 $;240,00;705,00 $;105,00 $;50,68 $;0,07%;
01/03/2024;1;30727,72 $;389,32 $;389,32 $;0,00 $;5,68 $;-42,92 $;0,00 $;100,00%;389,32 $;389,32 $;0,00 $;389,32 $;0,00 $;240,00;265,00 $;595,00 $;205,68 $;0,07%;
04/03/2024;1;30957,04 $;229,32 $;229,32 $;0,00 $;5,68 $;0,00 $;0,00 $;100,00%;229,32 $;229,32 $;0,00 $;229,32 $;0,00 $;240,00;25,00 $;555,00 $;325,68 $;0,07%;
05/03/2024;1;30826,36 $;-130,68 $;0,00 $;-130,68 $;5,68 $;-130,68 $;-130,68 $;0,00%;-130,68 $;0,00 $;-130,68 $;0,00 $;-130,68 $;90,00;865,00 $;10,00 $;140,68 $;0,07%;
07/03/2024;1;30670,68 $;-155,68 $;0,00 $;-155,68 $;5,68 $;-286,36 $;-155,68 $;0,00%;-155,68 $;0,00 $;-155,68 $;0,00 $;-155,68 $;240,00;345,00 $;480,00 $;635,68 $;0,07%;
08/03/2024;1;30050,00 $;-620,68 $;0,00 $;-620,68 $;5,68 $;-907,04 $;-620,68 $;0,00%;-620,68 $;0,00 $;-620,68 $;0,00 $;-620,68 $;90,00;750,00 $;300,00 $;920,68 $;0,07%;
11/03/2024;1;30549,32 $;499,32 $;499,32 $;0,00 $;5,68 $;-407,72 $;0,00 $;100,00%;499,32 $;499,32 $;0,00 $;499,32 $;0,00 $;210,00;20,00 $;640,00 $;140,68 $;0,07%;
12/03/2024;1;30163,64 $;-385,68 $;0,00 $;-385,68 $;5,68 $;-793,40 $;-385,68 $;0,00%;-385,68 $;0,00 $;-385,68 $;0,00 $;-385,68 $;30,00;395,00 $;5,00 $;390,68 $;0,07%;
13/03/2024;1;29317,96 $;-845,68 $;0,00 $;-845,68 $;5,68 $;-1639,08 $;-845,68 $;0,00%;-845,68 $;0,00 $;-845,68 $;0,00 $;-845,68 $;240,00;1075,00 $;315,00 $;1160,68 $;0,07%;
14/03/2024;2;28416,60 $;-901,36 $;29,32 $;-930,68 $;11,36 $;-2569,76 $;-930,68 $;50,00%;-450,68 $;29,32 $;-930,68 $;29,32 $;-930,68 $;270,00;562,50 $;172,50 $;623,18 $;0,14%;
15/03/2024;1;28520,92 $;104,32 $;104,32 $;0,00 $;5,68 $;-2436,12 $;0,00 $;100,00%;104,32 $;104,32 $;0,00 $;104,32 $;0,00 $;210,00;475,00 $;345,00 $;240,68 $;0,07%;
18/03/2024;1;28165,24 $;-355,68 $;0,00 $;-355,68 $;5,68 $;-2791,80 $;-355,68 $;0,00%;-355,68 $;0,00 $;-355,68 $;0,00 $;-355,68 $;30,00;490,00 $;100,00 $;455,68 $;0,07%;
19/03/2024;1;28489,56 $;324,32 $;324,32 $;0,00 $;5,68 $;-2467,48 $;0,00 $;100,00%;324,32 $;324,32 $;0,00 $;324,32 $;0,00 $;240,00;0,00 $;700,00 $;375,68 $;0,07%;
20/03/2024;1;30598,88 $;2109,32 $;2109,32 $;0,00 $;5,68 $;-358,16 $;0,00 $;100,00%;2109,32 $;2109,32 $;0,00 $;2109,32 $;0,00 $;210,00;185,00 $;2240,00 $;130,68 $;0,07%;
21/03/2024;1;30638,20 $;39,32 $;39,32 $;0,00 $;5,68 $;-318,84 $;0,00 $;100,00%;39,32 $;39,32 $;0,00 $;39,32 $;0,00 $;150,00;310,00 $;130,00 $;90,68 $;0,07%;
22/03/2024;1;30057,52 $;-580,68 $;0,00 $;-580,68 $;5,68 $;-899,52 $;-580,68 $;0,00%;-580,68 $;0,00 $;-580,68 $;0,00 $;-580,68 $;240,00;710,00 $;20,00 $;600,68 $;0,07%;
25/03/2024;1;29826,84 $;-230,68 $;0,00 $;-230,68 $;5,68 $;-1130,20 $;-230,68 $;0,00%;-230,68 $;0,00 $;-230,68 $;0,00 $;-230,68 $;240,00;290,00 $;120,00 $;350,68 $;0,07%;
26/03/2024;1;29661,16 $;-165,68 $;0,00 $;-165,68 $;5,68 $;-1295,88 $;-165,68 $;0,00%;-165,68 $;0,00 $;-165,68 $;0,00 $;-165,68 $;150,00;605,00 $;100,00 $;265,68 $;0,07%;
27/03/2024;1;30725,48 $;1064,32 $;1064,32 $;0,00 $;5,68 $;-231,56 $;0,00 $;100,00%;1064,32 $;1064,32 $;0,00 $;1064,32 $;0,00 $;150,00;185,00 $;1205,00 $;140,68 $;0,07%;
28/03/2024;1;30594,80 $;-130,68 $;0,00 $;-130,68 $;5,68 $;-362,24 $;-130,68 $;0,00%;-130,68 $;0,00 $;-130,68 $;0,00 $;-130,68 $;90,00;230,00 $;375,00 $;505,68 $;0,07%;
01/04/2024;1;29684,12 $;-910,68 $;0,00 $;-910,68 $;5,68 $;-1272,92 $;-910,68 $;0,00%;-910,68 $;0,00 $;-910,68 $;0,00 $;-910,68 $;210,00;955,00 $;155,00 $;1065,68 $;0,07%;
02/04/2024;1;29838,44 $;154,32 $;154,32 $;0,00 $;5,68 $;-1118,60 $;0,00 $;100,00%;154,32 $;154,32 $;0,00 $;154,32 $;0,00 $;240,00;500,00 $;240,00 $;85,68 $;0,07%;
05/04/2024;1;29487,76 $;-350,68 $;0,00 $;-350,68 $;5,68 $;-1469,28 $;-350,68 $;0,00%;-350,68 $;0,00 $;-350,68 $;0,00 $;-350,68 $;210,00;800,00 $;285,00 $;635,68 $;0,07%;
08/04/2024;1;29332,08 $;-155,68 $;0,00 $;-155,68 $;5,68 $;-1624,96 $;-155,68 $;0,00%;-155,68 $;0,00 $;-155,68 $;0,00 $;-155,68 $;240,00;585,00 $;170,00 $;325,68 $;0,07%;
09/04/2024;2;30235,72 $;903,64 $;914,32 $;-10,68 $;11,36 $;-721,32 $;-10,68 $;50,00%;451,82 $;914,32 $;-10,68 $;914,32 $;-10,68 $;270,00;65,00 $;502,50 $;50,68 $;0,14%;
12/04/2024;1;29010,04 $;-1225,68 $;0,00 $;-1225,68 $;5,68 $;-1947,00 $;-1225,68 $;0,00%;-1225,68 $;0,00 $;-1225,68 $;0,00 $;-1225,68 $;240,00;1315,00 $;295,00 $;1520,68 $;0,07%;
15/04/2024;1;27189,36 $;-1820,68 $;0,00 $;-1820,68 $;5,68 $;-3767,68 $;-1820,68 $;0,00%;-1820,68 $;0,00 $;-1820,68 $;0,00 $;-1820,68 $;240,00;2125,00 $;395,00 $;2215,68 $;0,07%;
16/04/2024;1;26683,68 $;-505,68 $;0,00 $;-505,68 $;5,68 $;-4273,36 $;-505,68 $;0,00%;-505,68 $;0,00 $;-505,68 $;0,00 $;-505,68 $;30,00;800,00 $;10,00 $;515,68 $;0,07%;
18/04/2024;1;25853,00 $;-830,68 $;0,00 $;-830,68 $;5,68 $;-5104,04 $;-830,68 $;0,00%;-830,68 $;0,00 $;-830,68 $;0,00 $;-830,68 $;210,00;1350,00 $;0,00 $;830,68 $;0,07%;
22/04/2024;1;25582,32 $;-270,68 $;0,00 $;-270,68 $;5,68 $;-5374,72 $;-270,68 $;0,00%;-270,68 $;0,00 $;-270,68 $;0,00 $;-270,68 $;30,00;595,00 $;5,00 $;275,68 $;0,07%;
23/04/2024;2;25675,96 $;93,64 $;119,32 $;-25,68 $;11,36 $;-5281,08 $;-25,68 $;50,00%;46,82 $;119,32 $;-25,68 $;119,32 $;-25,68 $;270,00;160,00 $;275,00 $;228,18 $;0,14%;
24/04/2024;1;25490,28 $;-185,68 $;0,00 $;-185,68 $;5,68 $;-5466,76 $;-185,68 $;0,00%;-185,68 $;0,00 $;-185,68 $;0,00 $;-185,68 $;240,00;895,00 $;355,00 $;540,68 $;0,07%;
25/04/2024;1;26354,60 $;864,32 $;864,32 $;0,00 $;5,68 $;-4602,44 $;0,00 $;100,00%;864,32 $;864,32 $;0,00 $;864,32 $;0,00 $;210,00;95,00 $;1180,00 $;315,68 $;0,07%;
26/04/2024;1;26118,92 $;-235,68 $;0,00 $;-235,68 $;5,68 $;-4838,12 $;-235,68 $;0,00%;-235,68 $;0,00 $;-235,68 $;0,00 $;-235,68 $;30,00;395,00 $;5,00 $;240,68 $;0,07%;
29/04/2024;1;26078,24 $;-40,68 $;0,00 $;-40,68 $;5,68 $;-4878,80 $;-40,68 $;0,00%;-40,68 $;0,00 $;-40,68 $;0,00 $;-40,68 $;240,00;550,00 $;455,00 $;495,68 $;0,07%;
30/04/2024;1;25372,56 $;-705,68 $;0,00 $;-705,68 $;5,68 $;-5584,48 $;-705,68 $;0,00%;-705,68 $;0,00 $;-705,68 $;0,00 $;-705,68 $;30,00;900,00 $;185,00 $;890,68 $;0,07%;
02/05/2024;1;26186,88 $;814,32 $;814,32 $;0,00 $;5,68 $;-4770,16 $;0,00 $;100,00%;814,32 $;814,32 $;0,00 $;814,32 $;0,00 $;240,00;440,00 $;1125,00 $;310,68 $;0,07%;
03/05/2024;1;26436,20 $;249,32 $;249,32 $;0,00 $;5,68 $;-4520,84 $;0,00 $;100,00%;249,32 $;249,32 $;0,00 $;249,32 $;0,00 $;210,00;160,00 $;355,00 $;105,68 $;0,07%;
06/05/2024;1;26665,52 $;229,32 $;229,32 $;0,00 $;5,68 $;-4291,52 $;0,00 $;100,00%;229,32 $;229,32 $;0,00 $;229,32 $;0,00 $;240,00;175,00 $;720,00 $;490,68 $;0,07%;
07/05/2024;1;26434,84 $;-230,68 $;0,00 $;-230,68 $;5,68 $;-4522,20 $;-230,68 $;0,00%;-230,68 $;0,00 $;-230,68 $;0,00 $;-230,68 $;240,00;490,00 $;90,00 $;320,68 $;0,07%;
08/05/2024;1;26834,16 $;399,32 $;399,32 $;0,00 $;5,68 $;-4122,88 $;0,00 $;100,00%;399,32 $;399,32 $;0,00 $;399,32 $;0,00 $;210,00;200,00 $;685,00 $;285,68 $;0,07%;
09/05/2024;1;27483,48 $;649,32 $;649,32 $;0,00 $;5,68 $;-3473,56 $;0,00 $;100,00%;649,32 $;649,32 $;0,00 $;649,32 $;0,00 $;240,00;255,00 $;715,00 $;65,68 $;0,07%;
13/05/2024;1;27082,80 $;-400,68 $;0,00 $;-400,68 $;5,68 $;-3874,24 $;-400,68 $;0,00%;-400,68 $;0,00 $;-400,68 $;0,00 $;-400,68 $;240,00;620,00 $;15,00 $;415,68 $;0,07%;
14/05/2024;1;27807,12 $;724,32 $;724,32 $;0,00 $;5,68 $;-3149,92 $;0,00 $;100,00%;724,32 $;724,32 $;0,00 $;724,32 $;0,00 $;240,00;345,00 $;895,00 $;170,68 $;0,07%;
15/05/2024;1;27866,44 $;59,32 $;59,32 $;0,00 $;5,68 $;-3090,60 $;0,00 $;100,00%;59,32 $;59,32 $;0,00 $;59,32 $;0,00 $;240,00;400,00 $;150,00 $;90,68 $;0,07%;
16/05/2024;1;27535,76 $;-330,68 $;0,00 $;-330,68 $;5,68 $;-3421,28 $;-330,68 $;0,00%;-330,68 $;0,00 $;-330,68 $;0,00 $;-330,68 $;240,00;775,00 $;110,00 $;440,68 $;0,07%;
17/05/2024;1;28010,08 $;474,32 $;474,32 $;0,00 $;5,68 $;-2946,96 $;0,00 $;100,00%;474,32 $;474,32 $;0,00 $;474,32 $;0,00 $;240,00;150,00 $;485,00 $;10,68 $;0,07%;
20/05/2024;1;26834,40 $;-1175,68 $;0,00 $;-1175,68 $;5,68 $;-4122,64 $;-1175,68 $;0,00%;-1175,68 $;0,00 $;-1175,68 $;0,00 $;-1175,68 $;240,00;1395,00 $;65,00 $;1240,68 $;0,07%;
21/05/2024;1;26773,72 $;-60,68 $;0,00 $;-60,68 $;5,68 $;-4183,32 $;-60,68 $;0,00%;-60,68 $;0,00 $;-60,68 $;0,00 $;-60,68 $;240,00;435,00 $;20,00 $;80,68 $;0,07%;
22/05/2024;1;25663,04 $;-1110,68 $;0,00 $;-1110,68 $;5,68 $;-5294,00 $;-1110,68 $;0,00%;-1110,68 $;0,00 $;-1110,68 $;0,00 $;-1110,68 $;210,00;1440,00 $;115,00 $;1225,68 $;0,07%;
23/05/2024;1;23782,36 $;-1880,68 $;0,00 $;-1880,68 $;5,68 $;-7174,68 $;-1880,68 $;0,00%;-1880,68 $;0,00 $;-1880,68 $;0,00 $;-1880,68 $;210,00;2030,00 $;45,00 $;1925,68 $;0,07%;
27/05/2024;1;24056,68 $;274,32 $;274,32 $;0,00 $;5,68 $;-6900,36 $;0,00 $;100,00%;274,32 $;274,32 $;0,00 $;274,32 $;0,00 $;30,00;55,00 $;280,00 $;5,68 $;0,07%;
28/05/2024;1;24061,00 $;4,32 $;4,32 $;0,00 $;5,68 $;-6896,04 $;0,00 $;100,00%;4,32 $;4,32 $;0,00 $;4,32 $;0,00 $;150,00;650,00 $;305,00 $;300,68 $;0,07%;
29/05/2024;1;22350,32 $;-1710,68 $;0,00 $;-1710,68 $;5,68 $;-8606,72 $;-1710,68 $;0,00%;-1710,68 $;0,00 $;-1710,68 $;0,00 $;-1710,68 $;30,00;1815,00 $;105,00 $;1815,68 $;0,07%;
30/05/2024;1;22344,64 $;-5,68 $;0,00 $;-5,68 $;5,68 $;-8612,40 $;-5,68 $;0,00%;-5,68 $;0,00 $;-5,68 $;0,00 $;-5,68 $;210,00;435,00 $;510,00 $;515,68 $;0,07%;
31/05/2024;1;23383,96 $;1039,32 $;1039,32 $;0,00 $;5,68 $;-7573,08 $;0,00 $;100,00%;1039,32 $;1039,32 $;0,00 $;1039,32 $;0,00 $;240,00;255,00 $;1215,00 $;175,68 $;0,07%;
03/06/2024;1;24443,28 $;1059,32 $;1059,32 $;0,00 $;5,68 $;-6513,76 $;0,00 $;100,00%;1059,32 $;1059,32 $;0,00 $;1059,32 $;0,00 $;150,00;20,00 $;1200,00 $;140,68 $;0,07%;
05/06/2024;1;24657,60 $;214,32 $;214,32 $;0,00 $;5,68 $;-6299,44 $;0,00 $;100,00%;214,32 $;214,32 $;0,00 $;214,32 $;0,00 $;240,00;225,00 $;585,00 $;370,68 $;0,07%;
06/06/2024;1;25071,92 $;414,32 $;414,32 $;0,00 $;5,68 $;-5885,12 $;0,00 $;100,00%;414,32 $;414,32 $;0,00 $;414,32 $;0,00 $;90,00;105,00 $;545,00 $;130,68 $;0,07%;
07/06/2024;1;24621,24 $;-450,68 $;0,00 $;-450,68 $;5,68 $;-6335,80 $;-450,68 $;0,00%;-450,68 $;0,00 $;-450,68 $;0,00 $;-450,68 $;240,00;725,00 $;275,00 $;725,68 $;0,07%;
10/06/2024;1;24570,56 $;-50,68 $;0,00 $;-50,68 $;5,68 $;-6386,48 $;-50,68 $;0,00%;-50,68 $;0,00 $;-50,68 $;0,00 $;-50,68 $;30,00;230,00 $;150,00 $;200,68 $;0,07%;
11/06/2024;1;24674,88 $;104,32 $;104,32 $;0,00 $;5,68 $;-6282,16 $;0,00 $;100,00%;104,32 $;104,32 $;0,00 $;104,32 $;0,00 $;30,00;165,00 $;245,00 $;140,68 $;0,07%;
12/06/2024;1;23569,20 $;-1105,68 $;0,00 $;-1105,68 $;5,68 $;-7387,84 $;-1105,68 $;0,00%;-1105,68 $;0,00 $;-1105,68 $;0,00 $;-1105,68 $;240,00;1150,00 $;40,00 $;1145,68 $;0,07%;
13/06/2024;1;23478,52 $;-90,68 $;0,00 $;-90,68 $;5,68 $;-7478,52 $;-90,68 $;0,00%;-90,68 $;0,00 $;-90,68 $;0,00 $;-90,68 $;90,00;125,00 $;415,00 $;505,68 $;0,07%;
14/06/2024;1;23717,84 $;239,32 $;239,32 $;0,00 $;5,68 $;-7239,20 $;0,00 $;100,00%;239,32 $;239,32 $;0,00 $;239,32 $;0,00 $;240,00;280,00 $;425,00 $;185,68 $;0,07%;
17/06/2024;1;24262,16 $;544,32 $;544,32 $;0,00 $;5,68 $;-6694,88 $;0,00 $;100,00%;544,32 $;544,32 $;0,00 $;544,32 $;0,00 $;150,00;10,00 $;790,00 $;245,68 $;0,07%;
18/06/2024;1;24396,48 $;134,32 $;134,32 $;0,00 $;5,68 $;-6560,56 $;0,00 $;100,00%;134,32 $;134,32 $;0,00 $;134,32 $;0,00 $;240,00;100,00 $;390,00 $;255,68 $;0,07%;
24/06/2024;1;23835,80 $;-560,68 $;0,00 $;-560,68 $;5,68 $;-7121,24 $;-560,68 $;0,00%;-560,68 $;0,00 $;-560,68 $;0,00 $;-560,68 $;240,00;925,00 $;65,00 $;625,68 $;0,07%;
25/06/2024;1;23885,12 $;49,32 $;49,32 $;0,00 $;5,68 $;-7071,92 $;0,00 $;100,00%;49,32 $;49,32 $;0,00 $;49,32 $;0,00 $;210,00;390,00 $;490,00 $;440,68 $;0,07%;
26/06/2024;1;23489,44 $;-395,68 $;0,00 $;-395,68 $;5,68 $;-7467,60 $;-395,68 $;0,00%;-395,68 $;0,00 $;-395,68 $;0,00 $;-395,68 $;90,00;415,00 $;110,00 $;505,68 $;0,07%;
27/06/2024;1;23138,76 $;-350,68 $;0,00 $;-350,68 $;5,68 $;-7818,28 $;-350,68 $;0,00%;-350,68 $;0,00 $;-350,68 $;0,00 $;-350,68 $;210,00;1030,00 $;140,00 $;490,68 $;0,07%;
02/07/2024;1;23878,08 $;739,32 $;739,32 $;0,00 $;5,68 $;-7078,96 $;0,00 $;100,00%;739,32 $;739,32 $;0,00 $;739,32 $;0,00 $;150,00;35,00 $;945,00 $;205,68 $;0,07%;
03/07/2024;1;24072,40 $;194,32 $;194,32 $;0,00 $;5,68 $;-6884,64 $;0,00 $;100,00%;194,32 $;194,32 $;0,00 $;194,32 $;0,00 $;45,00;150,00 $;385,00 $;190,68 $;0,07%;
08/07/2024;1;24216,72 $;144,32 $;144,32 $;0,00 $;5,68 $;-6740,32 $;0,00 $;100,00%;144,32 $;144,32 $;0,00 $;144,32 $;0,00 $;210,00;250,00 $;180,00 $;35,68 $;0,07%;
09/07/2024;1;23856,04 $;-360,68 $;0,00 $;-360,68 $;5,68 $;-7101,00 $;-360,68 $;0,00%;-360,68 $;0,00 $;-360,68 $;0,00 $;-360,68 $;210,00;630,00 $;685,00 $;1045,68 $;0,07%;
10/07/2024;1;24850,36 $;994,32 $;994,32 $;0,00 $;5,68 $;-6106,68 $;0,00 $;100,00%;994,32 $;994,32 $;0,00 $;994,32 $;0,00 $;90,00;20,00 $;1280,00 $;285,68 $;0,07%;
12/07/2024;1;25329,68 $;479,32 $;479,32 $;0,00 $;5,68 $;-5627,36 $;0,00 $;100,00%;479,32 $;479,32 $;0,00 $;479,32 $;0,00 $;240,00;305,00 $;865,00 $;385,68 $;0,07%;
15/07/2024;1;25504,00 $;174,32 $;174,32 $;0,00 $;5,68 $;-5453,04 $;0,00 $;100,00%;174,32 $;174,32 $;0,00 $;174,32 $;0,00 $;240,00;680,00 $;445,00 $;270,68 $;0,07%;
16/07/2024;1;26263,32 $;759,32 $;759,32 $;0,00 $;5,68 $;-4693,72 $;0,00 $;100,00%;759,32 $;759,32 $;0,00 $;759,32 $;0,00 $;210,00;190,00 $;990,00 $;230,68 $;0,07%;
18/07/2024;1;24142,64 $;-2120,68 $;0,00 $;-2120,68 $;5,68 $;-6814,40 $;-2120,68 $;0,00%;-2120,68 $;0,00 $;-2120,68 $;0,00 $;-2120,68 $;240,00;2350,00 $;135,00 $;2255,68 $;0,07%;
19/07/2024;1;24186,96 $;44,32 $;44,32 $;0,00 $;5,68 $;-6770,08 $;0,00 $;100,00%;44,32 $;44,32 $;0,00 $;44,32 $;0,00 $;90,00;215,00 $;575,00 $;530,68 $;0,07%;
22/07/2024;1;24776,28 $;589,32 $;589,32 $;0,00 $;5,68 $;-6180,76 $;0,00 $;100,00%;589,32 $;589,32 $;0,00 $;589,32 $;0,00 $;240,00;330,00 $;690,00 $;100,68 $;0,07%;
24/07/2024;1;24410,60 $;-365,68 $;0,00 $;-365,68 $;5,68 $;-6546,44 $;-365,68 $;0,00%;-365,68 $;0,00 $;-365,68 $;0,00 $;-365,68 $;240,00;425,00 $;535,00 $;900,68 $;0,07%;
25/07/2024;1;24899,92 $;489,32 $;489,32 $;0,00 $;5,68 $;-6057,12 $;0,00 $;100,00%;489,32 $;489,32 $;0,00 $;489,32 $;0,00 $;240,00;395,00 $;1660,00 $;1170,68 $;0,07%;
26/07/2024;1;24709,24 $;-190,68 $;0,00 $;-190,68 $;5,68 $;-6247,80 $;-190,68 $;0,00%;-190,68 $;0,00 $;-190,68 $;0,00 $;-190,68 $;210,00;800,00 $;465,00 $;655,68 $;0,07%;
29/07/2024;1;24573,56 $;-135,68 $;0,00 $;-135,68 $;5,68 $;-6383,48 $;-135,68 $;0,00%;-135,68 $;0,00 $;-135,68 $;0,00 $;-135,68 $;90,00;225,00 $;350,00 $;485,68 $;0,07%;
30/07/2024;1;25047,88 $;474,32 $;474,32 $;0,00 $;5,68 $;-5909,16 $;0,00 $;100,00%;474,32 $;474,32 $;0,00 $;474,32 $;0,00 $;240,00;370,00 $;880,00 $;405,68 $;0,07%;
31/07/2024;1;24572,20 $;-475,68 $;0,00 $;-475,68 $;5,68 $;-6384,84 $;-475,68 $;0,00%;-475,68 $;0,00 $;-475,68 $;0,00 $;-475,68 $;240,00;620,00 $;1275,00 $;1750,68 $;0,07%;
02/08/2024;1;24251,52 $;-320,68 $;0,00 $;-320,68 $;5,68 $;-6705,52 $;-320,68 $;0,00%;-320,68 $;0,00 $;-320,68 $;0,00 $;-320,68 $;30,00;530,00 $;375,00 $;695,68 $;0,07%;
05/08/2024;1;24405,84 $;154,32 $;154,32 $;0,00 $;5,68 $;-6551,20 $;0,00 $;100,00%;154,32 $;154,32 $;0,00 $;154,32 $;0,00 $;150,00;1295,00 $;270,00 $;115,68 $;0,07%;
06/08/2024;1;23355,16 $;-1050,68 $;0,00 $;-1050,68 $;5,68 $;-7601,88 $;-1050,68 $;0,00%;-1050,68 $;0,00 $;-1050,68 $;0,00 $;-1050,68 $;210,00;1245,00 $;1390,00 $;2440,68 $;0,07%;
07/08/2024;1;21574,48 $;-1780,68 $;0,00 $;-1780,68 $;5,68 $;-9382,56 $;-1780,68 $;0,00%;-1780,68 $;0,00 $;-1780,68 $;0,00 $;-1780,68 $;150,00;1930,00 $;535,00 $;2315,68 $;0,07%;
08/08/2024;1;22428,80 $;854,32 $;854,32 $;0,00 $;5,68 $;-8528,24 $;0,00 $;100,00%;854,32 $;854,32 $;0,00 $;854,32 $;0,00 $;210,00;525,00 $;1055,00 $;200,68 $;0,07%;
09/08/2024;1;22703,12 $;274,32 $;274,32 $;0,00 $;5,68 $;-8253,92 $;0,00 $;100,00%;274,32 $;274,32 $;0,00 $;274,32 $;0,00 $;90,00;160,00 $;555,00 $;280,68 $;0,07%;
12/08/2024;1;22697,44 $;-5,68 $;0,00 $;-5,68 $;5,68 $;-8259,60 $;-5,68 $;0,00%;-5,68 $;0,00 $;-5,68 $;0,00 $;-5,68 $;150,00;505,00 $;165,00 $;170,68 $;0,07%;
14/08/2024;1;23081,76 $;384,32 $;384,32 $;0,00 $;5,68 $;-7875,28 $;0,00 $;100,00%;384,32 $;384,32 $;0,00 $;384,32 $;0,00 $;240,00;95,00 $;800,00 $;415,68 $;0,07%;
15/08/2024;1;23701,08 $;619,32 $;619,32 $;0,00 $;5,68 $;-7255,96 $;0,00 $;100,00%;619,32 $;619,32 $;0,00 $;619,32 $;0,00 $;240,00;50,00 $;650,00 $;30,68 $;0,07%;
19/08/2024;1;23565,40 $;-135,68 $;0,00 $;-135,68 $;5,68 $;-7391,64 $;-135,68 $;0,00%;-135,68 $;0,00 $;-135,68 $;0,00 $;-135,68 $;240,00;350,00 $;340,00 $;475,68 $;0,07%;
20/08/2024;1;23734,72 $;169,32 $;169,32 $;0,00 $;5,68 $;-7222,32 $;0,00 $;100,00%;169,32 $;169,32 $;0,00 $;169,32 $;0,00 $;240,00;555,00 $;265,00 $;95,68 $;0,07%;
21/08/2024;1;23719,04 $;-15,68 $;0,00 $;-15,68 $;5,68 $;-7238,00 $;-15,68 $;0,00%;-15,68 $;0,00 $;-15,68 $;0,00 $;-15,68 $;90,00;450,00 $;150,00 $;165,68 $;0,07%;
22/08/2024;1;23888,36 $;169,32 $;169,32 $;0,00 $;5,68 $;-7068,68 $;0,00 $;100,00%;169,32 $;169,32 $;0,00 $;169,32 $;0,00 $;90,00;280,00 $;250,00 $;80,68 $;0,07%;
26/08/2024;1;23902,68 $;14,32 $;14,32 $;0,00 $;5,68 $;-7054,36 $;0,00 $;100,00%;14,32 $;14,32 $;0,00 $;14,32 $;0,00 $;240,00;355,00 $;530,00 $;515,68 $;0,07%;
27/08/2024;1;23932,00 $;29,32 $;29,32 $;0,00 $;5,68 $;-7025,04 $;0,00 $;100,00%;29,32 $;29,32 $;0,00 $;29,32 $;0,00 $;30,00;100,00 $;155,00 $;125,68 $;0,07%;
28/08/2024;1;24366,32 $;434,32 $;434,32 $;0,00 $;5,68 $;-6590,72 $;0,00 $;100,00%;434,32 $;434,32 $;0,00 $;434,32 $;0,00 $;210,00;1000,00 $;710,00 $;275,68 $;0,07%;
29/08/2024;1;24570,64 $;204,32 $;204,32 $;0,00 $;5,68 $;-6386,40 $;0,00 $;100,00%;204,32 $;204,32 $;0,00 $;204,32 $;0,00 $;240,00;650,00 $;980,00 $;775,68 $;0,07%;
30/08/2024;1;25104,96 $;534,32 $;534,32 $;0,00 $;5,68 $;-5852,08 $;0,00 $;100,00%;534,32 $;534,32 $;0,00 $;534,32 $;0,00 $;240,00;735,00 $;600,00 $;65,68 $;0,07%;
03/09/2024;1;24219,28 $;-885,68 $;0,00 $;-885,68 $;5,68 $;-6737,76 $;-885,68 $;0,00%;-885,68 $;0,00 $;-885,68 $;0,00 $;-885,68 $;240,00;1065,00 $;90,00 $;975,68 $;0,07%;
04/09/2024;1;24278,60 $;59,32 $;59,32 $;0,00 $;5,68 $;-6678,44 $;0,00 $;100,00%;59,32 $;59,32 $;0,00 $;59,32 $;0,00 $;30,00;285,00 $;385,00 $;325,68 $;0,07%;
05/09/2024;1;24767,92 $;489,32 $;489,32 $;0,00 $;5,68 $;-6189,12 $;0,00 $;100,00%;489,32 $;489,32 $;0,00 $;489,32 $;0,00 $;240,00;630,00 $;1170,00 $;680,68 $;0,07%;
06/09/2024;1;24742,24 $;-25,68 $;0,00 $;-25,68 $;5,68 $;-6214,80 $;-25,68 $;0,00%;-25,68 $;0,00 $;-25,68 $;0,00 $;-25,68 $;240,00;600,00 $;405,00 $;430,68 $;0,07%;
09/09/2024;1;24271,56 $;-470,68 $;0,00 $;-470,68 $;5,68 $;-6685,48 $;-470,68 $;0,00%;-470,68 $;0,00 $;-470,68 $;0,00 $;-470,68 $;150,00;1025,00 $;50,00 $;520,68 $;0,07%;
10/09/2024;1;24510,88 $;239,32 $;239,32 $;0,00 $;5,68 $;-6446,16 $;0,00 $;100,00%;239,32 $;239,32 $;0,00 $;239,32 $;0,00 $;240,00;1355,00 $;315,00 $;75,68 $;0,07%;
11/09/2024;1;27685,20 $;3174,32 $;3174,32 $;0,00 $;5,68 $;-3271,84 $;0,00 $;100,00%;3174,32 $;3174,32 $;0,00 $;3174,32 $;0,00 $;240,00;20,00 $;3235,00 $;60,68 $;0,07%;
12/09/2024;1;28974,52 $;1289,32 $;1289,32 $;0,00 $;5,68 $;-1982,52 $;0,00 $;100,00%;1289,32 $;1289,32 $;0,00 $;1289,32 $;0,00 $;240,00;145,00 $;1495,00 $;205,68 $;0,07%;
16/09/2024;1;29678,84 $;704,32 $;704,32 $;0,00 $;5,68 $;-1278,20 $;0,00 $;100,00%;704,32 $;704,32 $;0,00 $;704,32 $;0,00 $;240,00;20,00 $;940,00 $;235,68 $;0,07%;
18/09/2024;1;28498,16 $;-1180,68 $;0,00 $;-1180,68 $;5,68 $;-2458,88 $;-1180,68 $;0,00%;-1180,68 $;0,00 $;-1180,68 $;0,00 $;-1180,68 $;90,00;1780,00 $;450,00 $;1630,68 $;0,07%;
19/09/2024;1;28632,48 $;134,32 $;134,32 $;0,00 $;5,68 $;-2324,56 $;0,00 $;100,00%;134,32 $;134,32 $;0,00 $;134,32 $;0,00 $;210,00;270,00 $;670,00 $;535,68 $;0,07%;
20/09/2024;1;29191,80 $;559,32 $;559,32 $;0,00 $;5,68 $;-1765,24 $;0,00 $;100,00%;559,32 $;559,32 $;0,00 $;559,32 $;0,00 $;240,00;190,00 $;1090,00 $;530,68 $;0,07%;
23/09/2024;1;29191,12 $;-0,68 $;0,00 $;-0,68 $;5,68 $;-1765,92 $;-0,68 $;0,00%;-0,68 $;0,00 $;-0,68 $;0,00 $;-0,68 $;240,00;450,00 $;150,00 $;150,68 $;0,07%;
24/09/2024;1;29465,44 $;274,32 $;274,32 $;0,00 $;5,68 $;-1491,60 $;0,00 $;100,00%;274,32 $;274,32 $;0,00 $;274,32 $;0,00 $;150,00;455,00 $;510,00 $;235,68 $;0,07%;
25/09/2024;1;29469,76 $;4,32 $;4,32 $;0,00 $;5,68 $;-1487,28 $;0,00 $;100,00%;4,32 $;4,32 $;0,00 $;4,32 $;0,00 $;150,00;285,00 $;415,00 $;410,68 $;0,07%;
27/09/2024;1;28034,08 $;-1435,68 $;0,00 $;-1435,68 $;5,68 $;-2922,96 $;-1435,68 $;0,00%;-1435,68 $;0,00 $;-1435,68 $;0,00 $;-1435,68 $;240,00;1955,00 $;20,00 $;1455,68 $;0,07%;
30/09/2024;1;27858,40 $;-175,68 $;0,00 $;-175,68 $;5,68 $;-3098,64 $;-175,68 $;0,00%;-175,68 $;0,00 $;-175,68 $;0,00 $;-175,68 $;240,00;1375,00 $;260,00 $;435,68 $;0,07%;
01/10/2024;1;28587,72 $;729,32 $;729,32 $;0,00 $;5,68 $;-2369,32 $;0,00 $;100,00%;729,32 $;729,32 $;0,00 $;729,32 $;0,00 $;240,00;680,00 $;1055,00 $;325,68 $;0,07%;
02/10/2024;1;29067,04 $;479,32 $;479,32 $;0,00 $;5,68 $;-1890,00 $;0,00 $;100,00%;479,32 $;479,32 $;0,00 $;479,32 $;0,00 $;150,00;155,00 $;585,00 $;105,68 $;0,07%;
04/10/2024;1;29301,36 $;234,32 $;234,32 $;0,00 $;5,68 $;-1655,68 $;0,00 $;100,00%;234,32 $;234,32 $;0,00 $;234,32 $;0,00 $;30,00;60,00 $;410,00 $;175,68 $;0,07%;
07/10/2024;1;29330,68 $;29,32 $;29,32 $;0,00 $;5,68 $;-1626,36 $;0,00 $;100,00%;29,32 $;29,32 $;0,00 $;29,32 $;0,00 $;30,00;285,00 $;305,00 $;275,68 $;0,07%;
08/10/2024;1;29655,00 $;324,32 $;324,32 $;0,00 $;5,68 $;-1302,04 $;0,00 $;100,00%;324,32 $;324,32 $;0,00 $;324,32 $;0,00 $;240,00;435,00 $;430,00 $;105,68 $;0,07%;
09/10/2024;1;29649,32 $;-5,68 $;0,00 $;-5,68 $;5,68 $;-1307,72 $;-5,68 $;0,00%;-5,68 $;0,00 $;-5,68 $;0,00 $;-5,68 $;30,00;155,00 $;280,00 $;285,68 $;0,07%;
10/10/2024;1;29333,64 $;-315,68 $;0,00 $;-315,68 $;5,68 $;-1623,40 $;-315,68 $;0,00%;-315,68 $;0,00 $;-315,68 $;0,00 $;-315,68 $;240,00;620,00 $;415,00 $;730,68 $;0,07%;
11/10/2024;1;29767,96 $;434,32 $;434,32 $;0,00 $;5,68 $;-1189,08 $;0,00 $;100,00%;434,32 $;434,32 $;0,00 $;434,32 $;0,00 $;240,00;450,00 $;505,00 $;70,68 $;0,07%;
15/10/2024;1;28467,28 $;-1300,68 $;0,00 $;-1300,68 $;5,68 $;-2489,76 $;-1300,68 $;0,00%;-1300,68 $;0,00 $;-1300,68 $;0,00 $;-1300,68 $;210,00;1500,00 $;55,00 $;1355,68 $;0,07%;
21/10/2024;2;28555,92 $;88,64 $;154,32 $;-65,68 $;11,36 $;-2401,12 $;-65,68 $;50,00%;44,32 $;154,32 $;-65,68 $;154,32 $;-65,68 $;270,00;102,50 $;300,00 $;255,68 $;0,14%;
22/10/2024;1;29790,24 $;1234,32 $;1234,32 $;0,00 $;5,68 $;-1166,80 $;0,00 $;100,00%;1234,32 $;1234,32 $;0,00 $;1234,32 $;0,00 $;240,00;160,00 $;1530,00 $;295,68 $;0,07%;
23/10/2024;1;29599,56 $;-190,68 $;0,00 $;-190,68 $;5,68 $;-1357,48 $;-190,68 $;0,00%;-190,68 $;0,00 $;-190,68 $;0,00 $;-190,68 $;30,00;600,00 $;230,00 $;420,68 $;0,07%;
24/10/2024;1;29833,88 $;234,32 $;234,32 $;0,00 $;5,68 $;-1123,16 $;0,00 $;100,00%;234,32 $;234,32 $;0,00 $;234,32 $;0,00 $;90,00;230,00 $;350,00 $;115,68 $;0,07%;
25/10/2024;1;29343,20 $;-490,68 $;0,00 $;-490,68 $;5,68 $;-1613,84 $;-490,68 $;0,00%;-490,68 $;0,00 $;-490,68 $;0,00 $;-490,68 $;150,00;685,00 $;165,00 $;655,68 $;0,07%;
28/10/2024;1;29227,52 $;-115,68 $;0,00 $;-115,68 $;5,68 $;-1729,52 $;-115,68 $;0,00%;-115,68 $;0,00 $;-115,68 $;0,00 $;-115,68 $;30,00;295,00 $;125,00 $;240,68 $;0,07%;
29/10/2024;1;29176,84 $;-50,68 $;0,00 $;-50,68 $;5,68 $;-1780,20 $;-50,68 $;0,00%;-50,68 $;0,00 $;-50,68 $;0,00 $;-50,68 $;150,00;460,00 $;195,00 $;245,68 $;0,07%;
30/10/2024;1;28581,16 $;-595,68 $;0,00 $;-595,68 $;5,68 $;-2375,88 $;-595,68 $;0,00%;-595,68 $;0,00 $;-595,68 $;0,00 $;-595,68 $;240,00;775,00 $;410,00 $;1005,68 $;0,07%;
01/11/2024;1;28545,48 $;-35,68 $;0,00 $;-35,68 $;5,68 $;-2411,56 $;-35,68 $;0,00%;-35,68 $;0,00 $;-35,68 $;0,00 $;-35,68 $;30,00;265,00 $;180,00 $;215,68 $;0,07%;
04/11/2024;1;28379,80 $;-165,68 $;0,00 $;-165,68 $;5,68 $;-2577,24 $;-165,68 $;0,00%;-165,68 $;0,00 $;-165,68 $;0,00 $;-165,68 $;240,00;1070,00 $;205,00 $;370,68 $;0,07%;
06/11/2024;1;28934,12 $;554,32 $;554,32 $;0,00 $;5,68 $;-2022,92 $;0,00 $;100,00%;554,32 $;554,32 $;0,00 $;554,32 $;0,00 $;150,00;230,00 $;575,00 $;20,68 $;0,07%;
07/11/2024;1;28988,44 $;54,32 $;54,32 $;0,00 $;5,68 $;-1968,60 $;0,00 $;100,00%;54,32 $;54,32 $;0,00 $;54,32 $;0,00 $;210,00;640,00 $;275,00 $;220,68 $;0,07%;
08/11/2024;1;28957,76 $;-30,68 $;0,00 $;-30,68 $;5,68 $;-1999,28 $;-30,68 $;0,00%;-30,68 $;0,00 $;-30,68 $;0,00 $;-30,68 $;240,00;520,00 $;600,00 $;630,68 $;0,07%;
11/11/2024;1;28712,08 $;-245,68 $;0,00 $;-245,68 $;5,68 $;-2244,96 $;-245,68 $;0,00%;-245,68 $;0,00 $;-245,68 $;0,00 $;-245,68 $;240,00;455,00 $;225,00 $;470,68 $;0,07%;
12/11/2024;1;28231,40 $;-480,68 $;0,00 $;-480,68 $;5,68 $;-2725,64 $;-480,68 $;0,00%;-480,68 $;0,00 $;-480,68 $;0,00 $;-480,68 $;240,00;945,00 $;265,00 $;745,68 $;0,07%;
13/11/2024;1;27815,72 $;-415,68 $;0,00 $;-415,68 $;5,68 $;-3141,32 $;-415,68 $;0,00%;-415,68 $;0,00 $;-415,68 $;0,00 $;-415,68 $;240,00;815,00 $;280,00 $;695,68 $;0,07%;
15/11/2024;1;28160,04 $;344,32 $;344,32 $;0,00 $;5,68 $;-2797,00 $;0,00 $;100,00%;344,32 $;344,32 $;0,00 $;344,32 $;0,00 $;90,00;35,00 $;655,00 $;310,68 $;0,07%;
18/11/2024;1;27874,36 $;-285,68 $;0,00 $;-285,68 $;5,68 $;-3082,68 $;-285,68 $;0,00%;-285,68 $;0,00 $;-285,68 $;0,00 $;-285,68 $;240,00;715,00 $;285,00 $;570,68 $;0,07%;
19/11/2024;1;27738,68 $;-135,68 $;0,00 $;-135,68 $;5,68 $;-3218,36 $;-135,68 $;0,00%;-135,68 $;0,00 $;-135,68 $;0,00 $;-135,68 $;240,00;360,00 $;595,00 $;730,68 $;0,07%;
20/11/2024;1;28968,00 $;1229,32 $;1229,32 $;0,00 $;5,68 $;-1989,04 $;0,00 $;100,00%;1229,32 $;1229,32 $;0,00 $;1229,32 $;0,00 $;210,00;230,00 $;1555,00 $;325,68 $;0,07%;
21/11/2024;1;29672,32 $;704,32 $;704,32 $;0,00 $;5,68 $;-1284,72 $;0,00 $;100,00%;704,32 $;704,32 $;0,00 $;704,32 $;0,00 $;240,00;540,00 $;1075,00 $;370,68 $;0,07%;
22/11/2024;1;30266,64 $;594,32 $;594,32 $;0,00 $;5,68 $;-690,40 $;0,00 $;100,00%;594,32 $;594,32 $;0,00 $;594,32 $;0,00 $;90,00;320,00 $;625,00 $;30,68 $;0,07%;
25/11/2024;1;30520,96 $;254,32 $;254,32 $;0,00 $;5,68 $;-436,08 $;0,00 $;100,00%;254,32 $;254,32 $;0,00 $;254,32 $;0,00 $;240,00;730,00 $;390,00 $;135,68 $;0,07%;
26/11/2024;1;31810,28 $;1289,32 $;1289,32 $;0,00 $;5,68 $;0,00 $;0,00 $;100,00%;1289,32 $;1289,32 $;0,00 $;1289,32 $;0,00 $;240,00;85,00 $;1465,00 $;175,68 $;0,07%;
28/11/2024;1;31864,60 $;54,32 $;54,32 $;0,00 $;5,68 $;0,00 $;0,00 $;100,00%;54,32 $;54,32 $;0,00 $;54,32 $;0,00 $;30,00;35,00 $;180,00 $;125,68 $;0,07%;
29/11/2024;1;31743,92 $;-120,68 $;0,00 $;-120,68 $;5,68 $;-120,68 $;-120,68 $;0,00%;-120,68 $;0,00 $;-120,68 $;0,00 $;-120,68 $;45,00;185,00 $;490,00 $;610,68 $;0,07%;
02/12/2024;1;31823,24 $;79,32 $;79,32 $;0,00 $;5,68 $;-41,36 $;0,00 $;100,00%;79,32 $;79,32 $;0,00 $;79,32 $;0,00 $;240,00;305,00 $;260,00 $;180,68 $;0,07%;
04/12/2024;1;32067,56 $;244,32 $;244,32 $;0,00 $;5,68 $;0,00 $;0,00 $;100,00%;244,32 $;244,32 $;0,00 $;244,32 $;0,00 $;90,00;60,00 $;635,00 $;390,68 $;0,07%;
05/12/2024;1;31331,88 $;-735,68 $;0,00 $;-735,68 $;5,68 $;-735,68 $;-735,68 $;0,00%;-735,68 $;0,00 $;-735,68 $;0,00 $;-735,68 $;240,00;875,00 $;10,00 $;745,68 $;0,07%;
06/12/2024;1;31106,20 $;-225,68 $;0,00 $;-225,68 $;5,68 $;-961,36 $;-225,68 $;0,00%;-225,68 $;0,00 $;-225,68 $;0,00 $;-225,68 $;210,00;355,00 $;340,00 $;565,68 $;0,07%;
09/12/2024;1;30230,52 $;-875,68 $;0,00 $;-875,68 $;5,68 $;-1837,04 $;-875,68 $;0,00%;-875,68 $;0,00 $;-875,68 $;0,00 $;-875,68 $;210,00;945,00 $;160,00 $;1035,68 $;0,07%;
10/12/2024;1;29704,84 $;-525,68 $;0,00 $;-525,68 $;5,68 $;-2362,72 $;-525,68 $;0,00%;-525,68 $;0,00 $;-525,68 $;0,00 $;-525,68 $;90,00;885,00 $;220,00 $;745,68 $;0,07%;
11/12/2024;1;29539,16 $;-165,68 $;0,00 $;-165,68 $;5,68 $;-2528,40 $;-165,68 $;0,00%;-165,68 $;0,00 $;-165,68 $;0,00 $;-165,68 $;240,00;285,00 $;455,00 $;620,68 $;0,07%;
12/12/2024;1;28643,48 $;-895,68 $;0,00 $;-895,68 $;5,68 $;-3424,08 $;-895,68 $;0,00%;-895,68 $;0,00 $;-895,68 $;0,00 $;-895,68 $;210,00;1020,00 $;45,00 $;940,68 $;0,07%;
16/12/2024;1;28687,80 $;44,32 $;44,32 $;0,00 $;5,68 $;-3379,76 $;0,00 $;100,00%;44,32 $;44,32 $;0,00 $;44,32 $;0,00 $;240,00;235,00 $;195,00 $;150,68 $;0,07%;
17/12/2024;1;28652,12 $;-35,68 $;0,00 $;-35,68 $;5,68 $;-3415,44 $;-35,68 $;0,00%;-35,68 $;0,00 $;-35,68 $;0,00 $;-35,68 $;210,00;645,00 $;140,00 $;175,68 $;0,07%;
18/12/2024;1;21976,44 $;-6675,68 $;0,00 $;-6675,68 $;5,68 $;-10091,12 $;-6675,68 $;0,00%;-6675,68 $;0,00 $;-6675,68 $;0,00 $;-6675,68 $;210,00;7590,00 $;155,00 $;6830,68 $;0,07%;
19/12/2024;1;21655,76 $;-320,68 $;0,00 $;-320,68 $;5,68 $;-10411,80 $;-320,68 $;0,00%;-320,68 $;0,00 $;-320,68 $;0,00 $;-320,68 $;210,00;625,00 $;1165,00 $;1485,68 $;0,07%;
20/12/2024;1;19650,08 $;-2005,68 $;0,00 $;-2005,68 $;5,68 $;-12417,48 $;-2005,68 $;0,00%;-2005,68 $;0,00 $;-2005,68 $;0,00 $;-2005,68 $;210,00;2010,00 $;0,00 $;2005,68 $;0,07%;
23/12/2024;1;20414,40 $;764,32 $;764,32 $;0,00 $;5,68 $;-11653,16 $;0,00 $;100,00%;764,32 $;764,32 $;0,00 $;764,32 $;0,00 $;210,00;205,00 $;1035,00 $;270,68 $;0,07%;
24/12/2024;1;21193,72 $;779,32 $;779,32 $;0,00 $;5,68 $;-10873,84 $;0,00 $;100,00%;779,32 $;779,32 $;0,00 $;779,32 $;0,00 $;45,00;0,00 $;905,00 $;125,68 $;0,07%;
27/12/2024;1;20923,04 $;-270,68 $;0,00 $;-270,68 $;5,68 $;-11144,52 $;-270,68 $;0,00%;-270,68 $;0,00 $;-270,68 $;0,00 $;-270,68 $;240,00;1240,00 $;450,00 $;720,68 $;0,07%;
30/12/2024;1;21647,36 $;724,32 $;724,32 $;0,00 $;5,68 $;-10420,20 $;0,00 $;100,00%;724,32 $;724,32 $;0,00 $;724,32 $;0,00 $;240,00;15,00 $;1265,00 $;540,68 $;0,07%;
02/01/2025;1;21806,68 $;159,32 $;159,32 $;0,00 $;5,68 $;-10260,88 $;0,00 $;100,00%;159,32 $;159,32 $;0,00 $;159,32 $;0,00 $;210,00;1215,00 $;365,00 $;205,68 $;0,07%;
06/01/2025;1;20371,00 $;-1435,68 $;0,00 $;-1435,68 $;5,68 $;-11696,56 $;-1435,68 $;0,00%;-1435,68 $;0,00 $;-1435,68 $;0,00 $;-1435,68 $;210,00;2105,00 $;65,00 $;1500,68 $;0,07%;
08/01/2025;1;20770,32 $;399,32 $;399,32 $;0,00 $;5,68 $;-11297,24 $;0,00 $;100,00%;399,32 $;399,32 $;0,00 $;399,32 $;0,00 $;240,00;825,00 $;740,00 $;340,68 $;0,07%;
10/01/2025;1;21014,64 $;244,32 $;244,32 $;0,00 $;5,68 $;-11052,92 $;0,00 $;100,00%;244,32 $;244,32 $;0,00 $;244,32 $;0,00 $;210,00;425,00 $;1215,00 $;970,68 $;0,07%;
13/01/2025;1;21903,96 $;889,32 $;889,32 $;0,00 $;5,68 $;-10163,60 $;0,00 $;100,00%;889,32 $;889,32 $;0,00 $;889,32 $;0,00 $;240,00;605,00 $;1120,00 $;230,68 $;0,07%;
14/01/2025;1;22353,28 $;449,32 $;449,32 $;0,00 $;5,68 $;-9714,28 $;0,00 $;100,00%;449,32 $;449,32 $;0,00 $;449,32 $;0,00 $;240,00;825,00 $;1220,00 $;770,68 $;0,07%;
15/01/2025;1;22552,60 $;199,32 $;199,32 $;0,00 $;5,68 $;-9514,96 $;0,00 $;100,00%;199,32 $;199,32 $;0,00 $;199,32 $;0,00 $;150,00;75,00 $;625,00 $;425,68 $;0,07%;
16/01/2025;1;22211,92 $;-340,68 $;0,00 $;-340,68 $;5,68 $;-9855,64 $;-340,68 $;0,00%;-340,68 $;0,00 $;-340,68 $;0,00 $;-340,68 $;90,00;490,00 $;330,00 $;670,68 $;0,07%;
17/01/2025;1;21871,24 $;-340,68 $;0,00 $;-340,68 $;5,68 $;-10196,32 $;-340,68 $;0,00%;-340,68 $;0,00 $;-340,68 $;0,00 $;-340,68 $;240,00;605,00 $;300,00 $;640,68 $;0,07%;
20/01/2025;1;22205,56 $;334,32 $;334,32 $;0,00 $;5,68 $;-9862,00 $;0,00 $;100,00%;334,32 $;334,32 $;0,00 $;334,32 $;0,00 $;0,00;25,00 $;500,00 $;165,68 $;0,07%;
22/01/2025;1;22424,88 $;219,32 $;219,32 $;0,00 $;5,68 $;-9642,68 $;0,00 $;100,00%;219,32 $;219,32 $;0,00 $;219,32 $;0,00 $;240,00;80,00 $;440,00 $;220,68 $;0,07%;
23/01/2025;1;22899,20 $;474,32 $;474,32 $;0,00 $;5,68 $;-9168,36 $;0,00 $;100,00%;474,32 $;474,32 $;0,00 $;474,32 $;0,00 $;240,00;95,00 $;700,00 $;225,68 $;0,07%;
24/01/2025;1;22223,52 $;-675,68 $;0,00 $;-675,68 $;5,68 $;-9844,04 $;-675,68 $;0,00%;-675,68 $;0,00 $;-675,68 $;0,00 $;-675,68 $;210,00;860,00 $;125,00 $;800,68 $;0,07%;
28/01/2025;1;22602,84 $;379,32 $;379,32 $;0,00 $;5,68 $;-9464,72 $;0,00 $;100,00%;379,32 $;379,32 $;0,00 $;379,32 $;0,00 $;240,00;295,00 $;705,00 $;325,68 $;0,07%;
29/01/2025;1;22347,16 $;-255,68 $;0,00 $;-255,68 $;5,68 $;-9720,40 $;-255,68 $;0,00%;-255,68 $;0,00 $;-255,68 $;0,00 $;-255,68 $;210,00;1395,00 $;80,00 $;335,68 $;0,07%;
30/01/2025;1;23266,48 $;919,32 $;919,32 $;0,00 $;5,68 $;-8801,08 $;0,00 $;100,00%;919,32 $;919,32 $;0,00 $;919,32 $;0,00 $;240,00;155,00 $;1140,00 $;220,68 $;0,07%;
31/01/2025;1;21265,80 $;-2000,68 $;0,00 $;-2000,68 $;5,68 $;-10801,76 $;-2000,68 $;0,00%;-2000,68 $;0,00 $;-2000,68 $;0,00 $;-2000,68 $;210,00;2205,00 $;90,00 $;2090,68 $;0,07%;
03/02/2025;1;21770,12 $;504,32 $;504,32 $;0,00 $;5,68 $;-10297,44 $;0,00 $;100,00%;504,32 $;504,32 $;0,00 $;504,32 $;0,00 $;210,00;575,00 $;805,00 $;300,68 $;0,07%;
04/02/2025;1;21684,44 $;-85,68 $;0,00 $;-85,68 $;5,68 $;-10383,12 $;-85,68 $;0,00%;-85,68 $;0,00 $;-85,68 $;0,00 $;-85,68 $;240,00;700,00 $;350,00 $;435,68 $;0,07%;
05/02/2025;1;22893,76 $;1209,32 $;1209,32 $;0,00 $;5,68 $;-9173,80 $;0,00 $;100,00%;1209,32 $;1209,32 $;0,00 $;1209,32 $;0,00 $;240,00;50,00 $;1380,00 $;170,68 $;0,07%;
06/02/2025;1;22428,08 $;-465,68 $;0,00 $;-465,68 $;5,68 $;-9639,48 $;-465,68 $;0,00%;-465,68 $;0,00 $;-465,68 $;0,00 $;-465,68 $;240,00;1225,00 $;35,00 $;500,68 $;0,07%;
10/02/2025;1;22772,40 $;344,32 $;344,32 $;0,00 $;5,68 $;-9295,16 $;0,00 $;100,00%;344,32 $;344,32 $;0,00 $;344,32 $;0,00 $;240,00;355,00 $;650,00 $;305,68 $;0,07%;
11/02/2025;1;23231,72 $;459,32 $;459,32 $;0,00 $;5,68 $;-8835,84 $;0,00 $;100,00%;459,32 $;459,32 $;0,00 $;459,32 $;0,00 $;210,00;340,00 $;655,00 $;195,68 $;0,07%;
12/02/2025;1;23671,04 $;439,32 $;439,32 $;0,00 $;5,68 $;-8396,52 $;0,00 $;100,00%;439,32 $;439,32 $;0,00 $;439,32 $;0,00 $;30,00;125,00 $;460,00 $;20,68 $;0,07%;
13/02/2025;1;25125,36 $;1454,32 $;1454,32 $;0,00 $;5,68 $;-6942,20 $;0,00 $;100,00%;1454,32 $;1454,32 $;0,00 $;1454,32 $;0,00 $;240,00;395,00 $;1525,00 $;70,68 $;0,07%;
14/02/2025;1;24689,68 $;-435,68 $;0,00 $;-435,68 $;5,68 $;-7377,88 $;-435,68 $;0,00%;-435,68 $;0,00 $;-435,68 $;0,00 $;-435,68 $;240,00;465,00 $;230,00 $;665,68 $;0,07%;
18/02/2025;1;25104,00 $;414,32 $;414,32 $;0,00 $;5,68 $;-6963,56 $;0,00 $;100,00%;414,32 $;414,32 $;0,00 $;414,32 $;0,00 $;210,00;830,00 $;510,00 $;95,68 $;0,07%;
19/02/2025;1;25763,32 $;659,32 $;659,32 $;0,00 $;5,68 $;-6304,24 $;0,00 $;100,00%;659,32 $;659,32 $;0,00 $;659,32 $;0,00 $;240,00;595,00 $;815,00 $;155,68 $;0,07%;
20/02/2025;1;26257,64 $;494,32 $;494,32 $;0,00 $;5,68 $;-5809,92 $;0,00 $;100,00%;494,32 $;494,32 $;0,00 $;494,32 $;0,00 $;90,00;145,00 $;685,00 $;190,68 $;0,07%;
21/02/2025;1;24536,96 $;-1720,68 $;0,00 $;-1720,68 $;5,68 $;-7530,60 $;-1720,68 $;0,00%;-1720,68 $;0,00 $;-1720,68 $;0,00 $;-1720,68 $;240,00;2260,00 $;240,00 $;1960,68 $;0,07%;
25/02/2025;1;25561,28 $;1024,32 $;1024,32 $;0,00 $;5,68 $;-6506,28 $;0,00 $;100,00%;1024,32 $;1024,32 $;0,00 $;1024,32 $;0,00 $;210,00;65,00 $;1445,00 $;420,68 $;0,07%;
26/02/2025;1;25640,60 $;79,32 $;79,32 $;0,00 $;5,68 $;-6426,96 $;0,00 $;100,00%;79,32 $;79,32 $;0,00 $;79,32 $;0,00 $;90,00;765,00 $;575,00 $;495,68 $;0,07%;
27/02/2025;1;23429,92 $;-2210,68 $;0,00 $;-2210,68 $;5,68 $;-8637,64 $;-2210,68 $;0,00%;-2210,68 $;0,00 $;-2210,68 $;0,00 $;-2210,68 $;210,00;2485,00 $;255,00 $;2465,68 $;0,07%;
03/03/2025;1;19809,24 $;-3620,68 $;0,00 $;-3620,68 $;5,68 $;-12258,32 $;-3620,68 $;0,00%;-3620,68 $;0,00 $;-3620,68 $;0,00 $;-3620,68 $;240,00;3715,00 $;510,00 $;4130,68 $;0,07%;
04/03/2025;1;22668,56 $;2859,32 $;2859,32 $;0,00 $;5,68 $;-9399,00 $;0,00 $;100,00%;2859,32 $;2859,32 $;0,00 $;2859,32 $;0,00 $;240,00;55,00 $;3385,00 $;525,68 $;0,07%;
05/03/2025;1;25607,88 $;2939,32 $;2939,32 $;0,00 $;5,68 $;-6459,68 $;0,00 $;100,00%;2939,32 $;2939,32 $;0,00 $;2939,32 $;0,00 $;240,00;395,00 $;3215,00 $;275,68 $;0,07%;
06/03/2025;1;26207,20 $;599,32 $;599,32 $;0,00 $;5,68 $;-5860,36 $;0,00 $;100,00%;599,32 $;599,32 $;0,00 $;599,32 $;0,00 $;210,00;630,00 $;990,00 $;390,68 $;0,07%;
07/03/2025;1;28916,52 $;2709,32 $;2709,32 $;0,00 $;5,68 $;-3151,04 $;0,00 $;100,00%;2709,32 $;2709,32 $;0,00 $;2709,32 $;0,00 $;240,00;475,00 $;3205,00 $;495,68 $;0,07%;
10/03/2025;1;28075,84 $;-840,68 $;0,00 $;-840,68 $;5,68 $;-3991,72 $;-840,68 $;0,00%;-840,68 $;0,00 $;-840,68 $;0,00 $;-840,68 $;150,00;2520,00 $;10,00 $;850,68 $;0,07%;
11/03/2025;1;29315,16 $;1239,32 $;1239,32 $;0,00 $;5,68 $;-2752,40 $;0,00 $;100,00%;1239,32 $;1239,32 $;0,00 $;1239,32 $;0,00 $;150,00;30,00 $;3105,00 $;1865,68 $;0,07%;
12/03/2025;1;28614,48 $;-700,68 $;0,00 $;-700,68 $;5,68 $;-3453,08 $;-700,68 $;0,00%;-700,68 $;0,00 $;-700,68 $;0,00 $;-700,68 $;90,00;770,00 $;580,00 $;1280,68 $;0,07%;
13/03/2025;1;27608,80 $;-1005,68 $;0,00 $;-1005,68 $;5,68 $;-4458,76 $;-1005,68 $;0,00%;-1005,68 $;0,00 $;-1005,68 $;0,00 $;-1005,68 $;240,00;1825,00 $;165,00 $;1170,68 $;0,07%;
14/03/2025;1;27923,12 $;314,32 $;314,32 $;0,00 $;5,68 $;-4144,44 $;0,00 $;100,00%;314,32 $;314,32 $;0,00 $;314,32 $;0,00 $;240,00;360,00 $;670,00 $;355,68 $;0,07%;
17/03/2025;1;29332,44 $;1409,32 $;1409,32 $;0,00 $;5,68 $;-2735,12 $;0,00 $;100,00%;1409,32 $;1409,32 $;0,00 $;1409,32 $;0,00 $;240,00;480,00 $;1595,00 $;185,68 $;0,07%;
18/03/2025;1;29411,76 $;79,32 $;79,32 $;0,00 $;5,68 $;-2655,80 $;0,00 $;100,00%;79,32 $;79,32 $;0,00 $;79,32 $;0,00 $;210,00;810,00 $;425,00 $;345,68 $;0,07%;
19/03/2025;1;30401,08 $;989,32 $;989,32 $;0,00 $;5,68 $;-1666,48 $;0,00 $;100,00%;989,32 $;989,32 $;0,00 $;989,32 $;0,00 $;90,00;0,00 $;2080,00 $;1090,68 $;0,07%;
24/03/2025;1;30790,40 $;389,32 $;389,32 $;0,00 $;5,68 $;-1277,16 $;0,00 $;100,00%;389,32 $;389,32 $;0,00 $;389,32 $;0,00 $;210,00;650,00 $;665,00 $;275,68 $;0,07%;
25/03/2025;1;31079,72 $;289,32 $;289,32 $;0,00 $;5,68 $;-987,84 $;0,00 $;100,00%;289,32 $;289,32 $;0,00 $;289,32 $;0,00 $;150,00;490,00 $;375,00 $;85,68 $;0,07%;
26/03/2025;1;30844,04 $;-235,68 $;0,00 $;-235,68 $;5,68 $;-1223,52 $;-235,68 $;0,00%;-235,68 $;0,00 $;-235,68 $;0,00 $;-235,68 $;90,00;690,00 $;155,00 $;390,68 $;0,07%;
27/03/2025;1;30538,36 $;-305,68 $;0,00 $;-305,68 $;5,68 $;-1529,20 $;-305,68 $;0,00%;-305,68 $;0,00 $;-305,68 $;0,00 $;-305,68 $;210,00;880,00 $;405,00 $;710,68 $;0,07%;
28/03/2025;1;29597,68 $;-940,68 $;0,00 $;-940,68 $;5,68 $;-2469,88 $;-940,68 $;0,00%;-940,68 $;0,00 $;-940,68 $;0,00 $;-940,68 $;210,00;940,00 $;300,00 $;1240,68 $;0,07%;
31/03/2025;1;29612,00 $;14,32 $;14,32 $;0,00 $;5,68 $;-2455,56 $;0,00 $;100,00%;14,32 $;14,32 $;0,00 $;14,32 $;0,00 $;30,00;135,00 $;1040,00 $;1025,68 $;0,07%;
02/04/2025;1;29501,32 $;-110,68 $;0,00 $;-110,68 $;5,68 $;-2566,24 $;-110,68 $;0,00%;-110,68 $;0,00 $;-110,68 $;0,00 $;-110,68 $;240,00;1020,00 $;1170,00 $;1280,68 $;0,07%;
03/04/2025;1;25990,64 $;-3510,68 $;0,00 $;-3510,68 $;5,68 $;-6076,92 $;-3510,68 $;0,00%;-3510,68 $;0,00 $;-3510,68 $;0,00 $;-3510,68 $;210,00;3520,00 $;145,00 $;3655,68 $;0,07%;
04/04/2025;1;23554,96 $;-2435,68 $;0,00 $;-2435,68 $;5,68 $;-8512,60 $;-2435,68 $;0,00%;-2435,68 $;0,00 $;-2435,68 $;0,00 $;-2435,68 $;240,00;4040,00 $;610,00 $;3045,68 $;0,07%;
07/04/2025;1;25929,28 $;2374,32 $;2374,32 $;0,00 $;5,68 $;-6138,28 $;0,00 $;100,00%;2374,32 $;2374,32 $;0,00 $;2374,32 $;0,00 $;240,00;90,00 $;5615,00 $;3240,68 $;0,07%;
09/04/2025;1;40588,60 $;14659,32 $;14659,32 $;0,00 $;5,68 $;0,00 $;0,00 $;100,00%;14659,32 $;14659,32 $;0,00 $;14659,32 $;0,00 $;210,00;790,00 $;15105,00 $;445,68 $;0,07%;
11/04/2025;1;44972,92 $;4384,32 $;4384,32 $;0,00 $;5,68 $;0,00 $;0,00 $;100,00%;4384,32 $;4384,32 $;0,00 $;4384,32 $;0,00 $;240,00;235,00 $;5110,00 $;725,68 $;0,07%;
15/04/2025;1;44467,24 $;-505,68 $;0,00 $;-505,68 $;5,68 $;-505,68 $;-505,68 $;0,00%;-505,68 $;0,00 $;-505,68 $;0,00 $;-505,68 $;150,00;615,00 $;455,00 $;960,68 $;0,07%;
16/04/2025;1;41926,56 $;-2540,68 $;0,00 $;-2540,68 $;5,68 $;-3046,36 $;-2540,68 $;0,00%;-2540,68 $;0,00 $;-2540,68 $;0,00 $;-2540,68 $;150,00;3785,00 $;20,00 $;2560,68 $;0,07%;
17/04/2025;1;42250,88 $;324,32 $;324,32 $;0,00 $;5,68 $;-2722,04 $;0,00 $;100,00%;324,32 $;324,32 $;0,00 $;324,32 $;0,00 $;240,00;155,00 $;1560,00 $;1235,68 $;0,07%;
22/04/2025;1;44085,20 $;1834,32 $;1834,32 $;0,00 $;5,68 $;-887,72 $;0,00 $;100,00%;1834,32 $;1834,32 $;0,00 $;1834,32 $;0,00 $;150,00;185,00 $;2205,00 $;370,68 $;0,07%;
23/04/2025;1;43929,52 $;-155,68 $;0,00 $;-155,68 $;5,68 $;-1043,40 $;-155,68 $;0,00%;-155,68 $;0,00 $;-155,68 $;0,00 $;-155,68 $;210,00;1035,00 $;985,00 $;1140,68 $;0,07%;
24/04/2025;1;44798,84 $;869,32 $;869,32 $;0,00 $;5,68 $;-174,08 $;0,00 $;100,00%;869,32 $;869,32 $;0,00 $;869,32 $;0,00 $;240,00;220,00 $;1415,00 $;545,68 $;0,07%;
25/04/2025;1;45863,16 $;1064,32 $;1064,32 $;0,00 $;5,68 $;0,00 $;0,00 $;100,00%;1064,32 $;1064,32 $;0,00 $;1064,32 $;0,00 $;240,00;280,00 $;1415,00 $;350,68 $;0,07%;
28/04/2025;1;46527,48 $;664,32 $;664,32 $;0,00 $;5,68 $;0,00 $;0,00 $;100,00%;664,32 $;664,32 $;0,00 $;664,32 $;0,00 $;240,00;1035,00 $;785,00 $;120,68 $;0,07%;
29/04/2025;1;46986,80 $;459,32 $;459,32 $;0,00 $;5,68 $;0,00 $;0,00 $;100,00%;459,32 $;459,32 $;0,00 $;459,32 $;0,00 $;210,00;925,00 $;615,00 $;155,68 $;0,07%;
30/04/2025;1;49601,12 $;2614,32 $;2614,32 $;0,00 $;5,68 $;0,00 $;0,00 $;100,00%;2614,32 $;2614,32 $;0,00 $;2614,32 $;0,00 $;210,00;250,00 $;2890,00 $;275,68 $;0,07%;
01/05/2025;1;48975,44 $;-625,68 $;0,00 $;-625,68 $;5,68 $;-625,68 $;-625,68 $;0,00%;-625,68 $;0,00 $;-625,68 $;0,00 $;-625,68 $;240,00;1495,00 $;35,00 $;660,68 $;0,07%;
02/05/2025;2;50294,08 $;1318,64 $;1319,32 $;-0,68 $;11,36 $;-0,68 $;-0,68 $;50,00%;659,32 $;1319,32 $;-0,68 $;1319,32 $;-0,68 $;270,00;72,50 $;782,50 $;123,18 $;0,14%;
05/05/2025;1;50063,40 $;-230,68 $;0,00 $;-230,68 $;5,68 $;-231,36 $;-230,68 $;0,00%;-230,68 $;0,00 $;-230,68 $;0,00 $;-230,68 $;240,00;290,00 $;555,00 $;785,68 $;0,07%;
06/05/2025;1;49292,72 $;-770,68 $;0,00 $;-770,68 $;5,68 $;-1002,04 $;-770,68 $;0,00%;-770,68 $;0,00 $;-770,68 $;0,00 $;-770,68 $;240,00;1450,00 $;530,00 $;1300,68 $;0,07%;
07/05/2025;1;50012,04 $;719,32 $;719,32 $;0,00 $;5,68 $;-282,72 $;0,00 $;100,00%;719,32 $;719,32 $;0,00 $;719,32 $;0,00 $;30,00;100,00 $;1670,00 $;950,68 $;0,07%;
08/05/2025;1;50931,36 $;919,32 $;919,32 $;0,00 $;5,68 $;0,00 $;0,00 $;100,00%;919,32 $;919,32 $;0,00 $;919,32 $;0,00 $;240,00;210,00 $;1490,00 $;570,68 $;0,07%;
09/05/2025;1;50945,68 $;14,32 $;14,32 $;0,00 $;5,68 $;0,00 $;0,00 $;100,00%;14,32 $;14,32 $;0,00 $;14,32 $;0,00 $;240,00;695,00 $;365,00 $;350,68 $;0,07%;
13/05/2025;1;50275,00 $;-670,68 $;0,00 $;-670,68 $;5,68 $;-670,68 $;-670,68 $;0,00%;-670,68 $;0,00 $;-670,68 $;0,00 $;-670,68 $;150,00;830,00 $;275,00 $;945,68 $;0,07%;
15/05/2025;1;51014,32 $;739,32 $;739,32 $;0,00 $;5,68 $;0,00 $;0,00 $;100,00%;739,32 $;739,32 $;0,00 $;739,32 $;0,00 $;240,00;95,00 $;975,00 $;235,68 $;0,07%;
16/05/2025;1;52438,64 $;1424,32 $;1424,32 $;0,00 $;5,68 $;0,00 $;0,00 $;100,00%;1424,32 $;1424,32 $;0,00 $;1424,32 $;0,00 $;240,00;135,00 $;1635,00 $;210,68 $;0,07%;
19/05/2025;1;52337,96 $;-100,68 $;0,00 $;-100,68 $;5,68 $;-100,68 $;-100,68 $;0,00%;-100,68 $;0,00 $;-100,68 $;0,00 $;-100,68 $;150,00;655,00 $;115,00 $;215,68 $;0,07%;
20/05/2025;1;51617,28 $;-720,68 $;0,00 $;-720,68 $;5,68 $;-821,36 $;-720,68 $;0,00%;-720,68 $;0,00 $;-720,68 $;0,00 $;-720,68 $;240,00;1235,00 $;135,00 $;855,68 $;0,07%;
21/05/2025;1;48921,60 $;-2695,68 $;0,00 $;-2695,68 $;5,68 $;-3517,04 $;-2695,68 $;0,00%;-2695,68 $;0,00 $;-2695,68 $;0,00 $;-2695,68 $;240,00;2815,00 $;290,00 $;2985,68 $;0,07%;
22/05/2025;1;50300,92 $;1379,32 $;1379,32 $;0,00 $;5,68 $;-2137,72 $;0,00 $;100,00%;1379,32 $;1379,32 $;0,00 $;1379,32 $;0,00 $;240,00;50,00 $;1425,00 $;45,68 $;0,07%;
23/05/2025;1;50635,24 $;334,32 $;334,32 $;0,00 $;5,68 $;-1803,40 $;0,00 $;100,00%;334,32 $;334,32 $;0,00 $;334,32 $;0,00 $;240,00;400,00 $;1030,00 $;695,68 $;0,07%;
26/05/2025;1;50814,56 $;179,32 $;179,32 $;0,00 $;5,68 $;-1624,08 $;0,00 $;100,00%;179,32 $;179,32 $;0,00 $;179,32 $;0,00 $;30,00;5,00 $;275,00 $;95,68 $;0,07%;
27/05/2025;1;51448,88 $;634,32 $;634,32 $;0,00 $;5,68 $;-989,76 $;0,00 $;100,00%;634,32 $;634,32 $;0,00 $;634,32 $;0,00 $;240,00;105,00 $;910,00 $;275,68 $;0,07%;
29/05/2025;1;51588,20 $;139,32 $;139,32 $;0,00 $;5,68 $;-850,44 $;0,00 $;100,00%;139,32 $;139,32 $;0,00 $;139,32 $;0,00 $;30,00;0,00 $;620,00 $;480,68 $;0,07%;
02/06/2025;1;52867,52 $;1279,32 $;1279,32 $;0,00 $;5,68 $;0,00 $;0,00 $;100,00%;1279,32 $;1279,32 $;0,00 $;1279,32 $;0,00 $;150,00;5,00 $;1460,00 $;180,68 $;0,07%;
03/06/2025;1;53386,84 $;519,32 $;519,32 $;0,00 $;5,68 $;0,00 $;0,00 $;100,00%;519,32 $;519,32 $;0,00 $;519,32 $;0,00 $;240,00;20,00 $;785,00 $;265,68 $;0,07%;
04/06/2025;1;53176,16 $;-210,68 $;0,00 $;-210,68 $;5,68 $;-210,68 $;-210,68 $;0,00%;-210,68 $;0,00 $;-210,68 $;0,00 $;-210,68 $;240,00;370,00 $;240,00 $;450,68 $;0,07%;
05/06/2025;1;52340,48 $;-835,68 $;0,00 $;-835,68 $;5,68 $;-1046,36 $;-835,68 $;0,00%;-835,68 $;0,00 $;-835,68 $;0,00 $;-835,68 $;150,00;1535,00 $;275,00 $;1110,68 $;0,07%;
06/06/2025;1;52564,80 $;224,32 $;224,32 $;0,00 $;5,68 $;-822,04 $;0,00 $;100,00%;224,32 $;224,32 $;0,00 $;224,32 $;0,00 $;90,00;10,00 $;350,00 $;125,68 $;0,07%;
09/06/2025;1;53434,12 $;869,32 $;869,32 $;0,00 $;5,68 $;0,00 $;0,00 $;100,00%;869,32 $;869,32 $;0,00 $;869,32 $;0,00 $;240,00;25,00 $;1215,00 $;345,68 $;0,07%;
11/06/2025;1;53648,44 $;214,32 $;214,32 $;0,00 $;5,68 $;0,00 $;0,00 $;100,00%;214,32 $;214,32 $;0,00 $;214,32 $;0,00 $;90,00;270,00 $;610,00 $;395,68 $;0,07%;
13/06/2025;1;51707,76 $;-1940,68 $;0,00 $;-1940,68 $;5,68 $;-1940,68 $;-1940,68 $;0,00%;-1940,68 $;0,00 $;-1940,68 $;0,00 $;-1940,68 $;240,00;2210,00 $;465,00 $;2405,68 $;0,07%;
16/06/2025;1;51587,08 $;-120,68 $;0,00 $;-120,68 $;5,68 $;-2061,36 $;-120,68 $;0,00%;-120,68 $;0,00 $;-120,68 $;0,00 $;-120,68 $;210,00;590,00 $;290,00 $;410,68 $;0,07%;
17/06/2025;1;51481,40 $;-105,68 $;0,00 $;-105,68 $;5,68 $;-2167,04 $;-105,68 $;0,00%;-105,68 $;0,00 $;-105,68 $;0,00 $;-105,68 $;30,00;265,00 $;110,00 $;215,68 $;0,07%;
18/06/2025;1;50665,72 $;-815,68 $;0,00 $;-815,68 $;5,68 $;-2982,72 $;-815,68 $;0,00%;-815,68 $;0,00 $;-815,68 $;0,00 $;-815,68 $;90,00;1185,00 $;470,00 $;1285,68 $;0,07%;
19/06/2025;1;50440,04 $;-225,68 $;0,00 $;-225,68 $;5,68 $;-3208,40 $;-225,68 $;0,00%;-225,68 $;0,00 $;-225,68 $;0,00 $;-225,68 $;30,00;345,00 $;75,00 $;300,68 $;0,07%;
20/06/2025;1;51009,36 $;569,32 $;569,32 $;0,00 $;5,68 $;-2639,08 $;0,00 $;100,00%;569,32 $;569,32 $;0,00 $;569,32 $;0,00 $;30,00;10,00 $;725,00 $;155,68 $;0,07%;
23/06/2025;1;51988,68 $;979,32 $;979,32 $;0,00 $;5,68 $;-1659,76 $;0,00 $;100,00%;979,32 $;979,32 $;0,00 $;979,32 $;0,00 $;150,00;0,00 $;1075,00 $;95,68 $;0,07%;
24/06/2025;1;52753,00 $;764,32 $;764,32 $;0,00 $;5,68 $;-895,44 $;0,00 $;100,00%;764,32 $;764,32 $;0,00 $;764,32 $;0,00 $;240,00;50,00 $;775,00 $;10,68 $;0,07%;
26/06/2025;1;52907,32 $;154,32 $;154,32 $;0,00 $;5,68 $;-741,12 $;0,00 $;100,00%;154,32 $;154,32 $;0,00 $;154,32 $;0,00 $;90,00;225,00 $;300,00 $;145,68 $;0,07%;
27/06/2025;1;52206,64 $;-700,68 $;0,00 $;-700,68 $;5,68 $;-1441,80 $;-700,68 $;0,00%;-700,68 $;0,00 $;-700,68 $;0,00 $;-700,68 $;240,00;1130,00 $;950,00 $;1650,68 $;0,07%;
30/06/2025;1;52645,96 $;439,32 $;439,32 $;0,00 $;5,68 $;-1002,48 $;0,00 $;100,00%;439,32 $;439,32 $;0,00 $;439,32 $;0,00 $;210,00;425,00 $;860,00 $;420,68 $;0,07%;
01/07/2025;1;52495,28 $;-150,68 $;0,00 $;-150,68 $;5,68 $;-1153,16 $;-150,68 $;0,00%;-150,68 $;0,00 $;-150,68 $;0,00 $;-150,68 $;210,00;660,00 $;280,00 $;430,68 $;0,07%;
02/07/2025;1;52659,60 $;164,32 $;164,32 $;0,00 $;5,68 $;-988,84 $;0,00 $;100,00%;164,32 $;164,32 $;0,00 $;164,32 $;0,00 $;150,00;210,00 $;250,00 $;85,68 $;0,07%;
03/07/2025;1;52788,92 $;129,32 $;129,32 $;0,00 $;5,68 $;-859,52 $;0,00 $;100,00%;129,32 $;129,32 $;0,00 $;129,32 $;0,00 $;105,00;65,00 $;485,00 $;355,68 $;0,07%;
07/07/2025;1;52553,24 $;-235,68 $;0,00 $;-235,68 $;5,68 $;-1095,20 $;-235,68 $;0,00%;-235,68 $;0,00 $;-235,68 $;0,00 $;-235,68 $;210,00;1125,00 $;240,00 $;475,68 $;0,07%;
08/07/2025;1;52612,56 $;59,32 $;59,32 $;0,00 $;5,68 $;-1035,88 $;0,00 $;100,00%;59,32 $;59,32 $;0,00 $;59,32 $;0,00 $;240,00;295,00 $;645,00 $;585,68 $;0,07%;
09/07/2025;1;53016,88 $;404,32 $;404,32 $;0,00 $;5,68 $;-631,56 $;0,00 $;100,00%;404,32 $;404,32 $;0,00 $;404,32 $;0,00 $;90,00;60,00 $;530,00 $;125,68 $;0,07%;
10/07/2025;1;52616,20 $;-400,68 $;0,00 $;-400,68 $;5,68 $;-1032,24 $;-400,68 $;0,00%;-400,68 $;0,00 $;-400,68 $;0,00 $;-400,68 $;210,00;440,00 $;415,00 $;815,68 $;0,07%;
11/07/2025;1;52585,52 $;-30,68 $;0,00 $;-30,68 $;5,68 $;-1062,92 $;-30,68 $;0,00%;-30,68 $;0,00 $;-30,68 $;0,00 $;-30,68 $;0,00;55,00 $;80,00 $;110,68 $;0,07%;
14/07/2025;1;52699,84 $;114,32 $;114,32 $;0,00 $;5,68 $;-948,60 $;0,00 $;100,00%;114,32 $;114,32 $;0,00 $;114,32 $;0,00 $;240,00;365,00 $;310,00 $;195,68 $;0,07%;
15/07/2025;1;52039,16 $;-660,68 $;0,00 $;-660,68 $;5,68 $;-1609,28 $;-660,68 $;0,00%;-660,68 $;0,00 $;-660,68 $;0,00 $;-660,68 $;240,00;860,00 $;135,00 $;795,68 $;0,07%;
16/07/2025;1;51898,48 $;-140,68 $;0,00 $;-140,68 $;5,68 $;-1749,96 $;-140,68 $;0,00%;-140,68 $;0,00 $;-140,68 $;0,00 $;-140,68 $;30,00;155,00 $;190,00 $;330,68 $;0,07%;
18/07/2025;1;52232,80 $;334,32 $;334,32 $;0,00 $;5,68 $;-1415,64 $;0,00 $;100,00%;334,32 $;334,32 $;0,00 $;334,32 $;0,00 $;150,00;125,00 $;490,00 $;155,68 $;0,07%;
22/07/2025;1;53092,12 $;859,32 $;859,32 $;0,00 $;5,68 $;-556,32 $;0,00 $;100,00%;859,32 $;859,32 $;0,00 $;859,32 $;0,00 $;210,00;35,00 $;975,00 $;115,68 $;0,07%;
23/07/2025;1;53061,44 $;-30,68 $;0,00 $;-30,68 $;5,68 $;-587,00 $;-30,68 $;0,00%;-30,68 $;0,00 $;-30,68 $;0,00 $;-30,68 $;150,00;50,00 $;625,00 $;655,68 $;0,07%;
24/07/2025;1;52770,76 $;-290,68 $;0,00 $;-290,68 $;5,68 $;-877,68 $;-290,68 $;0,00%;-290,68 $;0,00 $;-290,68 $;0,00 $;-290,68 $;210,00;400,00 $;535,00 $;825,68 $;0,07%;
25/07/2025;1;53555,08 $;784,32 $;784,32 $;0,00 $;5,68 $;-93,36 $;0,00 $;100,00%;784,32 $;784,32 $;0,00 $;784,32 $;0,00 $;240,00;175,00 $;825,00 $;40,68 $;0,07%;
28/07/2025;1;53544,40 $;-10,68 $;0,00 $;-10,68 $;5,68 $;-104,04 $;-10,68 $;0,00%;-10,68 $;0,00 $;-10,68 $;0,00 $;-10,68 $;0,00;65,00 $;55,00 $;65,68 $;0,07%;
29/07/2025;1;53473,72 $;-70,68 $;0,00 $;-70,68 $;5,68 $;-174,72 $;-70,68 $;0,00%;-70,68 $;0,00 $;-70,68 $;0,00 $;-70,68 $;240,00;260,00 $;595,00 $;665,68 $;0,07%;
30/07/2025;1;52778,04 $;-695,68 $;0,00 $;-695,68 $;5,68 $;-870,40 $;-695,68 $;0,00%;-695,68 $;0,00 $;-695,68 $;0,00 $;-695,68 $;150,00;1950,00 $;505,00 $;1200,68 $;0,07%;
31/07/2025;1;52102,36 $;-675,68 $;0,00 $;-675,68 $;5,68 $;-1546,08 $;-675,68 $;0,00%;-675,68 $;0,00 $;-675,68 $;0,00 $;-675,68 $;240,00;1020,00 $;835,00 $;1510,68 $;0,07%;
01/08/2025;1;51666,68 $;-435,68 $;0,00 $;-435,68 $;5,68 $;-1981,76 $;-435,68 $;0,00%;-435,68 $;0,00 $;-435,68 $;0,00 $;-435,68 $;210,00;1360,00 $;60,00 $;495,68 $;0,07%;
04/08/2025;1;52246,00 $;579,32 $;579,32 $;0,00 $;5,68 $;-1402,44 $;0,00 $;100,00%;579,32 $;579,32 $;0,00 $;579,32 $;0,00 $;30,00;120,00 $;585,00 $;5,68 $;0,07%;
05/08/2025;1;51800,32 $;-445,68 $;0,00 $;-445,68 $;5,68 $;-1848,12 $;-445,68 $;0,00%;-445,68 $;0,00 $;-445,68 $;0,00 $;-445,68 $;150,00;780,00 $;110,00 $;555,68 $;0,07%;
06/08/2025;1;51669,64 $;-130,68 $;0,00 $;-130,68 $;5,68 $;-1978,80 $;-130,68 $;0,00%;-130,68 $;0,00 $;-130,68 $;0,00 $;-130,68 $;210,00;240,00 $;350,00 $;480,68 $;0,07%;
07/08/2025;1;51623,96 $;-45,68 $;0,00 $;-45,68 $;5,68 $;-2024,48 $;-45,68 $;0,00%;-45,68 $;0,00 $;-45,68 $;0,00 $;-45,68 $;240,00;485,00 $;430,00 $;475,68 $;0,07%;
08/08/2025;1;51783,28 $;159,32 $;159,32 $;0,00 $;5,68 $;-1865,16 $;0,00 $;100,00%;159,32 $;159,32 $;0,00 $;159,32 $;0,00 $;30,00;530,00 $;245,00 $;85,68 $;0,07%;
11/08/2025;1;51637,60 $;-145,68 $;0,00 $;-145,68 $;5,68 $;-2010,84 $;-145,68 $;0,00%;-145,68 $;0,00 $;-145,68 $;0,00 $;-145,68 $;30,00;455,00 $;60,00 $;205,68 $;0,07%;
12/08/2025;1;51786,92 $;149,32 $;149,32 $;0,00 $;5,68 $;-1861,52 $;0,00 $;100,00%;149,32 $;149,32 $;0,00 $;149,32 $;0,00 $;30,00;35,00 $;295,00 $;145,68 $;0,07%;
13/08/2025;1;52486,24 $;699,32 $;699,32 $;0,00 $;5,68 $;-1162,20 $;0,00 $;100,00%;699,32 $;699,32 $;0,00 $;699,32 $;0,00 $;150,00;305,00 $;990,00 $;290,68 $;0,07%;
14/08/2025;1;53295,56 $;809,32 $;809,32 $;0,00 $;5,68 $;-352,88 $;0,00 $;100,00%;809,32 $;809,32 $;0,00 $;809,32 $;0,00 $;240,00;335,00 $;1005,00 $;195,68 $;0,07%;
15/08/2025;1;53449,88 $;154,32 $;154,32 $;0,00 $;5,68 $;-198,56 $;0,00 $;100,00%;154,32 $;154,32 $;0,00 $;154,32 $;0,00 $;240,00;40,00 $;680,00 $;525,68 $;0,07%;
18/08/2025;1;53324,20 $;-125,68 $;0,00 $;-125,68 $;5,68 $;-324,24 $;-125,68 $;0,00%;-125,68 $;0,00 $;-125,68 $;0,00 $;-125,68 $;240,00;320,00 $;315,00 $;440,68 $;0,07%;
19/08/2025;1;53463,52 $;139,32 $;139,32 $;0,00 $;5,68 $;-184,92 $;0,00 $;100,00%;139,32 $;139,32 $;0,00 $;139,32 $;0,00 $;150,00;520,00 $;175,00 $;35,68 $;0,07%;
20/08/2025;1;53362,84 $;-100,68 $;0,00 $;-100,68 $;5,68 $;-285,60 $;-100,68 $;0,00%;-100,68 $;0,00 $;-100,68 $;0,00 $;-100,68 $;210,00;685,00 $;440,00 $;540,68 $;0,07%;
21/08/2025;1;53687,16 $;324,32 $;324,32 $;0,00 $;5,68 $;0,00 $;0,00 $;100,00%;324,32 $;324,32 $;0,00 $;324,32 $;0,00 $;210,00;440,00 $;475,00 $;150,68 $;0,07%;
25/08/2025;1;53041,48 $;-645,68 $;0,00 $;-645,68 $;5,68 $;-645,68 $;-645,68 $;0,00%;-645,68 $;0,00 $;-645,68 $;0,00 $;-645,68 $;240,00;770,00 $;20,00 $;665,68 $;0,07%;
26/08/2025;1;53810,80 $;769,32 $;769,32 $;0,00 $;5,68 $;0,00 $;0,00 $;100,00%;769,32 $;769,32 $;0,00 $;769,32 $;0,00 $;210,00;145,00 $;805,00 $;35,68 $;0,07%;
27/08/2025;1;54035,12 $;224,32 $;224,32 $;0,00 $;5,68 $;0,00 $;0,00 $;100,00%;224,32 $;224,32 $;0,00 $;224,32 $;0,00 $;150,00;545,00 $;450,00 $;225,68 $;0,07%;
28/08/2025;1;54279,44 $;244,32 $;244,32 $;0,00 $;5,68 $;0,00 $;0,00 $;100,00%;244,32 $;244,32 $;0,00 $;244,32 $;0,00 $;210,00;315,00 $;355,00 $;110,68 $;0,07%;
02/09/2025;1;54843,76 $;564,32 $;564,32 $;0,00 $;5,68 $;0,00 $;0,00 $;100,00%;564,32 $;564,32 $;0,00 $;564,32 $;0,00 $;150,00;235,00 $;945,00 $;380,68 $;0,07%;
03/09/2025;1;54823,08 $;-20,68 $;0,00 $;-20,68 $;5,68 $;-20,68 $;-20,68 $;0,00%;-20,68 $;0,00 $;-20,68 $;0,00 $;-20,68 $;0,00;65,00 $;45,00 $;65,68 $;0,07%;
04/09/2025;1;55617,40 $;794,32 $;794,32 $;0,00 $;5,68 $;0,00 $;0,00 $;100,00%;794,32 $;794,32 $;0,00 $;794,32 $;0,00 $;210,00;160,00 $;870,00 $;75,68 $;0,07%;
08/09/2025;1;56146,72 $;529,32 $;529,32 $;0,00 $;5,68 $;0,00 $;0,00 $;100,00%;529,32 $;529,32 $;0,00 $;529,32 $;0,00 $;90,00;190,00 $;560,00 $;30,68 $;0,07%;
09/09/2025;1;55661,04 $;-485,68 $;0,00 $;-485,68 $;5,68 $;-485,68 $;-485,68 $;0,00%;-485,68 $;0,00 $;-485,68 $;0,00 $;-485,68 $;90,00;510,00 $;65,00 $;550,68 $;0,07%;
11/09/2025;1;55750,36 $;89,32 $;89,32 $;0,00 $;5,68 $;-396,36 $;0,00 $;100,00%;89,32 $;89,32 $;0,00 $;89,32 $;0,00 $;240,00;325,00 $;340,00 $;250,68 $;0,07%;
15/09/2025;1;56004,68 $;254,32 $;254,32 $;0,00 $;5,68 $;-142,04 $;0,00 $;100,00%;254,32 $;254,32 $;0,00 $;254,32 $;0,00 $;240,00;250,00 $;360,00 $;105,68 $;0,07%;
16/09/2025;1;56264,00 $;259,32 $;259,32 $;0,00 $;5,68 $;0,00 $;0,00 $;100,00%;259,32 $;259,32 $;0,00 $;259,32 $;0,00 $;240,00;145,00 $;575,00 $;315,68 $;0,07%;
17/09/2025;1;56273,32 $;9,32 $;9,32 $;0,00 $;5,68 $;0,00 $;0,00 $;100,00%;9,32 $;9,32 $;0,00 $;9,32 $;0,00 $;30,00;360,00 $;195,00 $;185,68 $;0,07%;
19/09/2025;1;57447,64 $;1174,32 $;1174,32 $;0,00 $;5,68 $;0,00 $;0,00 $;100,00%;1174,32 $;1174,32 $;0,00 $;1174,32 $;0,00 $;240,00;145,00 $;1240,00 $;65,68 $;0,07%;
23/09/2025;1;56166,96 $;-1280,68 $;0,00 $;-1280,68 $;5,68 $;-1280,68 $;-1280,68 $;0,00%;-1280,68 $;0,00 $;-1280,68 $;0,00 $;-1280,68 $;240,00;1580,00 $;25,00 $;1305,68 $;0,07%;
24/09/2025;1;55561,28 $;-605,68 $;0,00 $;-605,68 $;5,68 $;-1886,36 $;-605,68 $;0,00%;-605,68 $;0,00 $;-605,68 $;0,00 $;-605,68 $;240,00;815,00 $;45,00 $;650,68 $;0,07%;
25/09/2025;1;55425,60 $;-135,68 $;0,00 $;-135,68 $;5,68 $;-2022,04 $;-135,68 $;0,00%;-135,68 $;0,00 $;-135,68 $;0,00 $;-135,68 $;210,00;1110,00 $;340,00 $;475,68 $;0,07%;
26/09/2025;1;55829,92 $;404,32 $;404,32 $;0,00 $;5,68 $;-1617,72 $;0,00 $;100,00%;404,32 $;404,32 $;0,00 $;404,32 $;0,00 $;240,00;435,00 $;815,00 $;410,68 $;0,07%;
29/09/2025;1;56249,24 $;419,32 $;419,32 $;0,00 $;5,68 $;-1198,40 $;0,00 $;100,00%;419,32 $;419,32 $;0,00 $;419,32 $;0,00 $;240,00;215,00 $;605,00 $;185,68 $;0,07%;
30/09/2025;1;56978,56 $;729,32 $;729,32 $;0,00 $;5,68 $;-469,08 $;0,00 $;100,00%;729,32 $;729,32 $;0,00 $;729,32 $;0,00 $;150,00;120,00 $;1330,00 $;600,68 $;0,07%;
01/10/2025;1;56997,88 $;19,32 $;19,32 $;0,00 $;5,68 $;-449,76 $;0,00 $;100,00%;19,32 $;19,32 $;0,00 $;19,32 $;0,00 $;210,00;320,00 $;590,00 $;570,68 $;0,07%;
02/10/2025;1;57592,20 $;594,32 $;594,32 $;0,00 $;5,68 $;0,00 $;0,00 $;100,00%;594,32 $;594,32 $;0,00 $;594,32 $;0,00 $;210,00;215,00 $;995,00 $;400,68 $;0,07%;
06/10/2025;1;57641,52 $;49,32 $;49,32 $;0,00 $;5,68 $;0,00 $;0,00 $;100,00%;49,32 $;49,32 $;0,00 $;49,32 $;0,00 $;150,00;125,00 $;310,00 $;260,68 $;0,07%;
07/10/2025;1;58080,84 $;439,32 $;439,32 $;0,00 $;5,68 $;0,00 $;0,00 $;100,00%;439,32 $;439,32 $;0,00 $;439,32 $;0,00 $;90,00;15,00 $;510,00 $;70,68 $;0,07%;
08/10/2025;1;58050,16 $;-30,68 $;0,00 $;-30,68 $;5,68 $;-30,68 $;-30,68 $;0,00%;-30,68 $;0,00 $;-30,68 $;0,00 $;-30,68 $;30,00;155,00 $;90,00 $;120,68 $;0,07%;
10/10/2025;1;56369,48 $;-1680,68 $;0,00 $;-1680,68 $;5,68 $;-1711,36 $;-1680,68 $;0,00%;-1680,68 $;0,00 $;-1680,68 $;0,00 $;-1680,68 $;240,00;1840,00 $;485,00 $;2165,68 $;0,07%;
13/10/2025;1;56238,80 $;-130,68 $;0,00 $;-130,68 $;5,68 $;-1842,04 $;-130,68 $;0,00%;-130,68 $;0,00 $;-130,68 $;0,00 $;-130,68 $;240,00;590,00 $;395,00 $;525,68 $;0,07%;
14/10/2025;1;58358,12 $;2119,32 $;2119,32 $;0,00 $;5,68 $;0,00 $;0,00 $;100,00%;2119,32 $;2119,32 $;0,00 $;2119,32 $;0,00 $;240,00;25,00 $;2605,00 $;485,68 $;0,07%;
15/10/2025;1;57802,44 $;-555,68 $;0,00 $;-555,68 $;5,68 $;-555,68 $;-555,68 $;0,00%;-555,68 $;0,00 $;-555,68 $;0,00 $;-555,68 $;210,00;1760,00 $;65,00 $;620,68 $;0,07%;
16/10/2025;1;56646,76 $;-1155,68 $;0,00 $;-1155,68 $;5,68 $;-1711,36 $;-1155,68 $;0,00%;-1155,68 $;0,00 $;-1155,68 $;0,00 $;-1155,68 $;210,00;1650,00 $;520,00 $;1675,68 $;0,07%;
17/10/2025;1;56986,08 $;339,32 $;339,32 $;0,00 $;5,68 $;-1372,04 $;0,00 $;100,00%;339,32 $;339,32 $;0,00 $;339,32 $;0,00 $;210,00;775,00 $;800,00 $;460,68 $;0,07%;
20/10/2025;1;57805,40 $;819,32 $;819,32 $;0,00 $;5,68 $;-552,72 $;0,00 $;100,00%;819,32 $;819,32 $;0,00 $;819,32 $;0,00 $;240,00;285,00 $;940,00 $;120,68 $;0,07%;
21/10/2025;2;58489,04 $;683,64 $;809,32 $;-125,68 $;11,36 $;-125,68 $;-125,68 $;50,00%;341,82 $;809,32 $;-125,68 $;809,32 $;-125,68 $;330,00;182,50 $;782,50 $;440,68 $;0,14%;
23/10/2025;1;58478,36 $;-10,68 $;0,00 $;-10,68 $;5,68 $;-136,36 $;-10,68 $;0,00%;-10,68 $;0,00 $;-10,68 $;0,00 $;-10,68 $;150,00;140,00 $;545,00 $;555,68 $;0,07%;
24/10/2025;1;58157,68 $;-320,68 $;0,00 $;-320,68 $;5,68 $;-457,04 $;-320,68 $;0,00%;-320,68 $;0,00 $;-320,68 $;0,00 $;-320,68 $;30,00;370,00 $;65,00 $;385,68 $;0,07%;
