Period;#;Cum. net profit;Net profit;Gross profit;Gross loss;Commission;Cum. max. drawdown;Max. drawdown;% Win;Avg. trade;Avg. winner;Avg. loser;Lrg. winner;Lrg. loser;MTR;Avg. MAE;Avg. MFE;Avg. ETD;% Trade;
17/03/2021;1;-75,00 $;-75,00 $;0,00 $;-75,00 $;0,00 $;-75,00 $;-75,00 $;0,00%;-75,00 $;0,00 $;-75,00 $;0,00 $;-75,00 $;90,00;1575,00 $;100,00 $;175,00 $;0,15%;
18/03/2021;1;1325,00 $;1400,00 $;1400,00 $;0,00 $;0,00 $;0,00 $;0,00 $;100,00%;1400,00 $;1400,00 $;0,00 $;1400,00 $;0,00 $;240,00;1350,00 $;1400,00 $;0,00 $;0,15%;
22/03/2021;1;3125,00 $;1800,00 $;1800,00 $;0,00 $;0,00 $;0,00 $;0,00 $;100,00%;1800,00 $;1800,00 $;0,00 $;1800,00 $;0,00 $;240,00;100,00 $;2050,00 $;250,00 $;0,15%;
24/03/2021;1;6500,00 $;3375,00 $;3375,00 $;0,00 $;0,00 $;0,00 $;0,00 $;100,00%;3375,00 $;3375,00 $;0,00 $;3375,00 $;0,00 $;240,00;0,00 $;3375,00 $;0,00 $;0,15%;
26/03/2021;1;6175,00 $;-325,00 $;0,00 $;-325,00 $;0,00 $;-325,00 $;-325,00 $;0,00%;-325,00 $;0,00 $;-325,00 $;0,00 $;-325,00 $;90,00;775,00 $;175,00 $;500,00 $;0,15%;
30/03/2021;1;5500,00 $;-675,00 $;0,00 $;-675,00 $;0,00 $;-1000,00 $;-675,00 $;0,00%;-675,00 $;0,00 $;-675,00 $;0,00 $;-675,00 $;240,00;800,00 $;200,00 $;875,00 $;0,15%;
31/03/2021;1;2950,00 $;-2550,00 $;0,00 $;-2550,00 $;0,00 $;-3550,00 $;-2550,00 $;0,00%;-2550,00 $;0,00 $;-2550,00 $;0,00 $;-2550,00 $;240,00;3125,00 $;575,00 $;3125,00 $;0,15%;
08/04/2021;1;3175,00 $;225,00 $;225,00 $;0,00 $;0,00 $;-3325,00 $;0,00 $;100,00%;225,00 $;225,00 $;0,00 $;225,00 $;0,00 $;30,00;225,00 $;500,00 $;275,00 $;0,15%;
12/04/2021;1;2275,00 $;-900,00 $;0,00 $;-900,00 $;0,00 $;-4225,00 $;-900,00 $;0,00%;-900,00 $;0,00 $;-900,00 $;0,00 $;-900,00 $;90,00;1025,00 $;125,00 $;1025,00 $;0,15%;
19/04/2021;1;650,00 $;-1625,00 $;0,00 $;-1625,00 $;0,00 $;-5850,00 $;-1625,00 $;0,00%;-1625,00 $;0,00 $;-1625,00 $;0,00 $;-1625,00 $;30,00;2250,00 $;500,00 $;2125,00 $;0,15%;
20/04/2021;1;-6400,00 $;-7050,00 $;0,00 $;-7050,00 $;0,00 $;-12900,00 $;-7050,00 $;0,00%;-7050,00 $;0,00 $;-7050,00 $;0,00 $;-7050,00 $;240,00;7050,00 $;850,00 $;7900,00 $;0,15%;
21/04/2021;1;-5200,00 $;1200,00 $;1200,00 $;0,00 $;0,00 $;-11700,00 $;0,00 $;100,00%;1200,00 $;1200,00 $;0,00 $;1200,00 $;0,00 $;90,00;1225,00 $;1700,00 $;500,00 $;0,15%;
26/04/2021;1;-6125,00 $;-925,00 $;0,00 $;-925,00 $;0,00 $;-12625,00 $;-925,00 $;0,00%;-925,00 $;0,00 $;-925,00 $;0,00 $;-925,00 $;210,00;3825,00 $;0,00 $;925,00 $;0,15%;
27/04/2021;1;-5450,00 $;675,00 $;675,00 $;0,00 $;0,00 $;-11950,00 $;0,00 $;100,00%;675,00 $;675,00 $;0,00 $;675,00 $;0,00 $;240,00;2450,00 $;1100,00 $;425,00 $;0,15%;
28/04/2021;1;-8500,00 $;-3050,00 $;0,00 $;-3050,00 $;0,00 $;-15000,00 $;-3050,00 $;0,00%;-3050,00 $;0,00 $;-3050,00 $;0,00 $;-3050,00 $;240,00;3100,00 $;575,00 $;3625,00 $;0,15%;
29/04/2021;1;-7300,00 $;1200,00 $;1200,00 $;0,00 $;0,00 $;-13800,00 $;0,00 $;100,00%;1200,00 $;1200,00 $;0,00 $;1200,00 $;0,00 $;30,00;250,00 $;2475,00 $;1275,00 $;0,15%;
30/04/2021;1;-6300,00 $;1000,00 $;1000,00 $;0,00 $;0,00 $;-12800,00 $;0,00 $;100,00%;1000,00 $;1000,00 $;0,00 $;1000,00 $;0,00 $;30,00;475,00 $;1300,00 $;300,00 $;0,15%;
06/05/2021;1;450,00 $;6750,00 $;6750,00 $;0,00 $;0,00 $;-6050,00 $;0,00 $;100,00%;6750,00 $;6750,00 $;0,00 $;6750,00 $;0,00 $;240,00;2025,00 $;8650,00 $;1900,00 $;0,15%;
07/05/2021;1;3025,00 $;2575,00 $;2575,00 $;0,00 $;0,00 $;-3475,00 $;0,00 $;100,00%;2575,00 $;2575,00 $;0,00 $;2575,00 $;0,00 $;210,00;1100,00 $;2600,00 $;25,00 $;0,15%;
11/05/2021;1;-525,00 $;-3550,00 $;0,00 $;-3550,00 $;0,00 $;-7025,00 $;-3550,00 $;0,00%;-3550,00 $;0,00 $;-3550,00 $;0,00 $;-3550,00 $;210,00;3550,00 $;2350,00 $;5900,00 $;0,15%;
14/05/2021;1;3875,00 $;4400,00 $;4400,00 $;0,00 $;0,00 $;-2625,00 $;0,00 $;100,00%;4400,00 $;4400,00 $;0,00 $;4400,00 $;0,00 $;90,00;950,00 $;5450,00 $;1050,00 $;0,15%;
21/05/2021;1;9475,00 $;5600,00 $;5600,00 $;0,00 $;0,00 $;0,00 $;0,00 $;100,00%;5600,00 $;5600,00 $;0,00 $;5600,00 $;0,00 $;240,00;1600,00 $;6550,00 $;950,00 $;0,15%;
24/05/2021;1;6725,00 $;-2750,00 $;0,00 $;-2750,00 $;0,00 $;-2750,00 $;-2750,00 $;0,00%;-2750,00 $;0,00 $;-2750,00 $;0,00 $;-2750,00 $;240,00;5350,00 $;3750,00 $;6500,00 $;0,15%;
25/05/2021;1;8350,00 $;1625,00 $;1625,00 $;0,00 $;0,00 $;-1125,00 $;0,00 $;100,00%;1625,00 $;1625,00 $;0,00 $;1625,00 $;0,00 $;210,00;2550,00 $;4350,00 $;2725,00 $;0,15%;
26/05/2021;1;4300,00 $;-4050,00 $;0,00 $;-4050,00 $;0,00 $;-5175,00 $;-4050,00 $;0,00%;-4050,00 $;0,00 $;-4050,00 $;0,00 $;-4050,00 $;30,00;4575,00 $;1300,00 $;5350,00 $;0,15%;
27/05/2021;1;7425,00 $;3125,00 $;3125,00 $;0,00 $;0,00 $;-2050,00 $;0,00 $;100,00%;3125,00 $;3125,00 $;0,00 $;3125,00 $;0,00 $;240,00;1200,00 $;3250,00 $;125,00 $;0,15%;
01/06/2021;1;8175,00 $;750,00 $;750,00 $;0,00 $;0,00 $;-1300,00 $;0,00 $;100,00%;750,00 $;750,00 $;0,00 $;750,00 $;0,00 $;240,00;1250,00 $;1200,00 $;450,00 $;0,15%;
02/06/2021;1;9475,00 $;1300,00 $;1300,00 $;0,00 $;0,00 $;0,00 $;0,00 $;100,00%;1300,00 $;1300,00 $;0,00 $;1300,00 $;0,00 $;30,00;700,00 $;1850,00 $;550,00 $;0,15%;
03/06/2021;1;10100,00 $;625,00 $;625,00 $;0,00 $;0,00 $;0,00 $;0,00 $;100,00%;625,00 $;625,00 $;0,00 $;625,00 $;0,00 $;210,00;2125,00 $;1325,00 $;700,00 $;0,15%;
07/06/2021;1;14600,00 $;4500,00 $;4500,00 $;0,00 $;0,00 $;0,00 $;0,00 $;100,00%;4500,00 $;4500,00 $;0,00 $;4500,00 $;0,00 $;150,00;100,00 $;5525,00 $;1025,00 $;0,15%;
09/06/2021;1;14875,00 $;275,00 $;275,00 $;0,00 $;0,00 $;0,00 $;0,00 $;100,00%;275,00 $;275,00 $;0,00 $;275,00 $;0,00 $;0,00;275,00 $;275,00 $;0,00 $;0,15%;
10/06/2021;1;18125,00 $;3250,00 $;3250,00 $;0,00 $;0,00 $;0,00 $;0,00 $;100,00%;3250,00 $;3250,00 $;0,00 $;3250,00 $;0,00 $;240,00;0,00 $;3875,00 $;625,00 $;0,15%;
11/06/2021;1;17575,00 $;-550,00 $;0,00 $;-550,00 $;0,00 $;-550,00 $;-550,00 $;0,00%;-550,00 $;0,00 $;-550,00 $;0,00 $;-550,00 $;210,00;1125,00 $;1500,00 $;2050,00 $;0,15%;
14/06/2021;1;17275,00 $;-300,00 $;0,00 $;-300,00 $;0,00 $;-850,00 $;-300,00 $;0,00%;-300,00 $;0,00 $;-300,00 $;0,00 $;-300,00 $;30,00;725,00 $;100,00 $;400,00 $;0,15%;
15/06/2021;1;17450,00 $;175,00 $;175,00 $;0,00 $;0,00 $;-675,00 $;0,00 $;100,00%;175,00 $;175,00 $;0,00 $;175,00 $;0,00 $;240,00;3300,00 $;450,00 $;275,00 $;0,15%;
17/06/2021;1;20900,00 $;3450,00 $;3450,00 $;0,00 $;0,00 $;0,00 $;0,00 $;100,00%;3450,00 $;3450,00 $;0,00 $;3450,00 $;0,00 $;240,00;925,00 $;5100,00 $;1650,00 $;0,15%;
21/06/2021;1;20350,00 $;-550,00 $;0,00 $;-550,00 $;0,00 $;-550,00 $;-550,00 $;0,00%;-550,00 $;0,00 $;-550,00 $;0,00 $;-550,00 $;30,00;1525,00 $;450,00 $;1000,00 $;0,15%;
23/06/2021;1;21800,00 $;1450,00 $;1450,00 $;0,00 $;0,00 $;0,00 $;0,00 $;100,00%;1450,00 $;1450,00 $;0,00 $;1450,00 $;0,00 $;240,00;1250,00 $;1900,00 $;450,00 $;0,15%;
24/06/2021;1;21750,00 $;-50,00 $;0,00 $;-50,00 $;0,00 $;-50,00 $;-50,00 $;0,00%;-50,00 $;0,00 $;-50,00 $;0,00 $;-50,00 $;240,00;1100,00 $;2025,00 $;2075,00 $;0,15%;
29/06/2021;1;22025,00 $;275,00 $;275,00 $;0,00 $;0,00 $;0,00 $;0,00 $;100,00%;275,00 $;275,00 $;0,00 $;275,00 $;0,00 $;210,00;1200,00 $;550,00 $;275,00 $;0,15%;
30/06/2021;1;16725,00 $;-5300,00 $;0,00 $;-5300,00 $;0,00 $;-5300,00 $;-5300,00 $;0,00%;-5300,00 $;0,00 $;-5300,00 $;0,00 $;-5300,00 $;150,00;7600,00 $;0,00 $;5300,00 $;0,15%;
02/07/2021;1;16925,00 $;200,00 $;200,00 $;0,00 $;0,00 $;-5100,00 $;0,00 $;100,00%;200,00 $;200,00 $;0,00 $;200,00 $;0,00 $;90,00;425,00 $;750,00 $;550,00 $;0,15%;
05/07/2021;1;17075,00 $;150,00 $;150,00 $;0,00 $;0,00 $;-4950,00 $;0,00 $;100,00%;150,00 $;150,00 $;0,00 $;150,00 $;0,00 $;0,00;50,00 $;325,00 $;175,00 $;0,15%;
06/07/2021;1;17900,00 $;825,00 $;825,00 $;0,00 $;0,00 $;-4125,00 $;0,00 $;100,00%;825,00 $;825,00 $;0,00 $;825,00 $;0,00 $;90,00;175,00 $;1525,00 $;700,00 $;0,15%;
07/07/2021;1;17475,00 $;-425,00 $;0,00 $;-425,00 $;0,00 $;-4550,00 $;-425,00 $;0,00%;-425,00 $;0,00 $;-425,00 $;0,00 $;-425,00 $;150,00;1050,00 $;225,00 $;650,00 $;0,15%;
09/07/2021;1;20050,00 $;2575,00 $;2575,00 $;0,00 $;0,00 $;-1975,00 $;0,00 $;100,00%;2575,00 $;2575,00 $;0,00 $;2575,00 $;0,00 $;240,00;575,00 $;2825,00 $;250,00 $;0,15%;
12/07/2021;1;20700,00 $;650,00 $;650,00 $;0,00 $;0,00 $;-1325,00 $;0,00 $;100,00%;650,00 $;650,00 $;0,00 $;650,00 $;0,00 $;150,00;275,00 $;1675,00 $;1025,00 $;0,15%;
13/07/2021;1;23450,00 $;2750,00 $;2750,00 $;0,00 $;0,00 $;0,00 $;0,00 $;100,00%;2750,00 $;2750,00 $;0,00 $;2750,00 $;0,00 $;210,00;300,00 $;3925,00 $;1175,00 $;0,15%;
14/07/2021;1;23175,00 $;-275,00 $;0,00 $;-275,00 $;0,00 $;-275,00 $;-275,00 $;0,00%;-275,00 $;0,00 $;-275,00 $;0,00 $;-275,00 $;30,00;675,00 $;325,00 $;600,00 $;0,15%;
16/07/2021;1;24150,00 $;975,00 $;975,00 $;0,00 $;0,00 $;0,00 $;0,00 $;100,00%;975,00 $;975,00 $;0,00 $;975,00 $;0,00 $;30,00;0,00 $;975,00 $;0,00 $;0,15%;
19/07/2021;1;24375,00 $;225,00 $;225,00 $;0,00 $;0,00 $;0,00 $;0,00 $;100,00%;225,00 $;225,00 $;0,00 $;225,00 $;0,00 $;90,00;75,00 $;975,00 $;750,00 $;0,15%;
20/07/2021;1;24600,00 $;225,00 $;225,00 $;0,00 $;0,00 $;0,00 $;0,00 $;100,00%;225,00 $;225,00 $;0,00 $;225,00 $;0,00 $;30,00;200,00 $;800,00 $;575,00 $;0,15%;
22/07/2021;1;24875,00 $;275,00 $;275,00 $;0,00 $;0,00 $;0,00 $;0,00 $;100,00%;275,00 $;275,00 $;0,00 $;275,00 $;0,00 $;150,00;800,00 $;350,00 $;75,00 $;0,15%;
23/07/2021;1;27000,00 $;2125,00 $;2125,00 $;0,00 $;0,00 $;0,00 $;0,00 $;100,00%;2125,00 $;2125,00 $;0,00 $;2125,00 $;0,00 $;240,00;50,00 $;3325,00 $;1200,00 $;0,15%;
27/07/2021;1;26750,00 $;-250,00 $;0,00 $;-250,00 $;0,00 $;-250,00 $;-250,00 $;0,00%;-250,00 $;0,00 $;-250,00 $;0,00 $;-250,00 $;30,00;950,00 $;275,00 $;525,00 $;0,15%;
28/07/2021;1;26300,00 $;-450,00 $;0,00 $;-450,00 $;0,00 $;-700,00 $;-450,00 $;0,00%;-450,00 $;0,00 $;-450,00 $;0,00 $;-450,00 $;150,00;2000,00 $;1875,00 $;2325,00 $;0,15%;
29/07/2021;1;27225,00 $;925,00 $;925,00 $;0,00 $;0,00 $;0,00 $;0,00 $;100,00%;925,00 $;925,00 $;0,00 $;925,00 $;0,00 $;240,00;1150,00 $;1025,00 $;100,00 $;0,15%;
30/07/2021;1;24300,00 $;-2925,00 $;0,00 $;-2925,00 $;0,00 $;-2925,00 $;-2925,00 $;0,00%;-2925,00 $;0,00 $;-2925,00 $;0,00 $;-2925,00 $;210,00;2925,00 $;500,00 $;3425,00 $;0,15%;
03/08/2021;1;23875,00 $;-425,00 $;0,00 $;-425,00 $;0,00 $;-3350,00 $;-425,00 $;0,00%;-425,00 $;0,00 $;-425,00 $;0,00 $;-425,00 $;0,00;425,00 $;950,00 $;1375,00 $;0,15%;
06/08/2021;1;17300,00 $;-6575,00 $;0,00 $;-6575,00 $;0,00 $;-9925,00 $;-6575,00 $;0,00%;-6575,00 $;0,00 $;-6575,00 $;0,00 $;-6575,00 $;240,00;6850,00 $;600,00 $;7175,00 $;0,15%;
09/08/2021;1;22500,00 $;5200,00 $;5200,00 $;0,00 $;0,00 $;-4725,00 $;0,00 $;100,00%;5200,00 $;5200,00 $;0,00 $;5200,00 $;0,00 $;30,00;0,00 $;5200,00 $;0,00 $;0,15%;
11/08/2021;1;23550,00 $;1050,00 $;1050,00 $;0,00 $;0,00 $;-3675,00 $;0,00 $;100,00%;1050,00 $;1050,00 $;0,00 $;1050,00 $;0,00 $;240,00;0,00 $;2000,00 $;950,00 $;0,15%;
16/08/2021;1;23050,00 $;-500,00 $;0,00 $;-500,00 $;0,00 $;-4175,00 $;-500,00 $;0,00%;-500,00 $;0,00 $;-500,00 $;0,00 $;-500,00 $;240,00;3200,00 $;250,00 $;750,00 $;0,15%;
17/08/2021;1;30000,00 $;6950,00 $;6950,00 $;0,00 $;0,00 $;0,00 $;0,00 $;100,00%;6950,00 $;6950,00 $;0,00 $;6950,00 $;0,00 $;210,00;725,00 $;6975,00 $;25,00 $;0,15%;
19/08/2021;1;25500,00 $;-4500,00 $;0,00 $;-4500,00 $;0,00 $;-4500,00 $;-4500,00 $;0,00%;-4500,00 $;0,00 $;-4500,00 $;0,00 $;-4500,00 $;210,00;5175,00 $;2000,00 $;6500,00 $;0,15%;
20/08/2021;1;24175,00 $;-1325,00 $;0,00 $;-1325,00 $;0,00 $;-5825,00 $;-1325,00 $;0,00%;-1325,00 $;0,00 $;-1325,00 $;0,00 $;-1325,00 $;90,00;2050,00 $;700,00 $;2025,00 $;0,15%;
23/08/2021;1;24525,00 $;350,00 $;350,00 $;0,00 $;0,00 $;-5475,00 $;0,00 $;100,00%;350,00 $;350,00 $;0,00 $;350,00 $;0,00 $;150,00;100,00 $;3100,00 $;2750,00 $;0,15%;
25/08/2021;1;25675,00 $;1150,00 $;1150,00 $;0,00 $;0,00 $;-4325,00 $;0,00 $;100,00%;1150,00 $;1150,00 $;0,00 $;1150,00 $;0,00 $;30,00;200,00 $;1700,00 $;550,00 $;0,15%;
26/08/2021;1;25125,00 $;-550,00 $;0,00 $;-550,00 $;0,00 $;-4875,00 $;-550,00 $;0,00%;-550,00 $;0,00 $;-550,00 $;0,00 $;-550,00 $;90,00;1200,00 $;625,00 $;1175,00 $;0,15%;
27/08/2021;1;23750,00 $;-1375,00 $;0,00 $;-1375,00 $;0,00 $;-6250,00 $;-1375,00 $;0,00%;-1375,00 $;0,00 $;-1375,00 $;0,00 $;-1375,00 $;30,00;2375,00 $;350,00 $;1725,00 $;0,15%;
02/09/2021;1;23000,00 $;-750,00 $;0,00 $;-750,00 $;0,00 $;-7000,00 $;-750,00 $;0,00%;-750,00 $;0,00 $;-750,00 $;0,00 $;-750,00 $;210,00;1600,00 $;1150,00 $;1900,00 $;0,15%;
03/09/2021;1;24850,00 $;1850,00 $;1850,00 $;0,00 $;0,00 $;-5150,00 $;0,00 $;100,00%;1850,00 $;1850,00 $;0,00 $;1850,00 $;0,00 $;30,00;100,00 $;2075,00 $;225,00 $;0,15%;
06/09/2021;1;25850,00 $;1000,00 $;1000,00 $;0,00 $;0,00 $;-4150,00 $;0,00 $;100,00%;1000,00 $;1000,00 $;0,00 $;1000,00 $;0,00 $;30,00;250,00 $;1225,00 $;225,00 $;0,15%;
08/09/2021;1;20225,00 $;-5625,00 $;0,00 $;-5625,00 $;0,00 $;-9775,00 $;-5625,00 $;0,00%;-5625,00 $;0,00 $;-5625,00 $;0,00 $;-5625,00 $;240,00;6425,00 $;1025,00 $;6650,00 $;0,15%;
09/09/2021;1;24475,00 $;4250,00 $;4250,00 $;0,00 $;0,00 $;-5525,00 $;0,00 $;100,00%;4250,00 $;4250,00 $;0,00 $;4250,00 $;0,00 $;210,00;775,00 $;5000,00 $;750,00 $;0,15%;
10/09/2021;1;27450,00 $;2975,00 $;2975,00 $;0,00 $;0,00 $;-2550,00 $;0,00 $;100,00%;2975,00 $;2975,00 $;0,00 $;2975,00 $;0,00 $;0,00;0,00 $;3525,00 $;550,00 $;0,15%;
13/09/2021;1;24200,00 $;-3250,00 $;0,00 $;-3250,00 $;0,00 $;-5800,00 $;-3250,00 $;0,00%;-3250,00 $;0,00 $;-3250,00 $;0,00 $;-3250,00 $;90,00;3500,00 $;450,00 $;3700,00 $;0,15%;
14/09/2021;1;23600,00 $;-600,00 $;0,00 $;-600,00 $;0,00 $;-6400,00 $;-600,00 $;0,00%;-600,00 $;0,00 $;-600,00 $;0,00 $;-600,00 $;150,00;1125,00 $;1050,00 $;1650,00 $;0,15%;
16/09/2021;1;28550,00 $;4950,00 $;4950,00 $;0,00 $;0,00 $;-1450,00 $;0,00 $;100,00%;4950,00 $;4950,00 $;0,00 $;4950,00 $;0,00 $;30,00;250,00 $;5425,00 $;475,00 $;0,15%;
17/09/2021;1;31650,00 $;3100,00 $;3100,00 $;0,00 $;0,00 $;0,00 $;0,00 $;100,00%;3100,00 $;3100,00 $;0,00 $;3100,00 $;0,00 $;240,00;275,00 $;5325,00 $;2225,00 $;0,15%;
23/09/2021;2;29900,00 $;-1750,00 $;0,00 $;-1750,00 $;0,00 $;-1750,00 $;-1750,00 $;0,00%;-875,00 $;0,00 $;-875,00 $;0,00 $;-1325,00 $;270,00;1862,50 $;575,00 $;1450,00 $;0,30%;
24/09/2021;1;28200,00 $;-1700,00 $;0,00 $;-1700,00 $;0,00 $;-3450,00 $;-1700,00 $;0,00%;-1700,00 $;0,00 $;-1700,00 $;0,00 $;-1700,00 $;30,00;2200,00 $;1275,00 $;2975,00 $;0,15%;
27/09/2021;1;30950,00 $;2750,00 $;2750,00 $;0,00 $;0,00 $;-700,00 $;0,00 $;100,00%;2750,00 $;2750,00 $;0,00 $;2750,00 $;0,00 $;210,00;300,00 $;4075,00 $;1325,00 $;0,15%;
28/09/2021;1;31400,00 $;450,00 $;450,00 $;0,00 $;0,00 $;-250,00 $;0,00 $;100,00%;450,00 $;450,00 $;0,00 $;450,00 $;0,00 $;240,00;1175,00 $;2450,00 $;2000,00 $;0,15%;
30/09/2021;1;34175,00 $;2775,00 $;2775,00 $;0,00 $;0,00 $;0,00 $;0,00 $;100,00%;2775,00 $;2775,00 $;0,00 $;2775,00 $;0,00 $;30,00;200,00 $;3250,00 $;475,00 $;0,15%;
05/10/2021;1;32250,00 $;-1925,00 $;0,00 $;-1925,00 $;0,00 $;-1925,00 $;-1925,00 $;0,00%;-1925,00 $;0,00 $;-1925,00 $;0,00 $;-1925,00 $;240,00;2575,00 $;1175,00 $;3100,00 $;0,15%;
07/10/2021;1;30600,00 $;-1650,00 $;0,00 $;-1650,00 $;0,00 $;-3575,00 $;-1650,00 $;0,00%;-1650,00 $;0,00 $;-1650,00 $;0,00 $;-1650,00 $;90,00;1925,00 $;675,00 $;2325,00 $;0,15%;
11/10/2021;1;35025,00 $;4425,00 $;4425,00 $;0,00 $;0,00 $;0,00 $;0,00 $;100,00%;4425,00 $;4425,00 $;0,00 $;4425,00 $;0,00 $;150,00;250,00 $;5825,00 $;1400,00 $;0,15%;
13/10/2021;1;32375,00 $;-2650,00 $;0,00 $;-2650,00 $;0,00 $;-2650,00 $;-2650,00 $;0,00%;-2650,00 $;0,00 $;-2650,00 $;0,00 $;-2650,00 $;90,00;3425,00 $;700,00 $;3350,00 $;0,15%;
19/10/2021;1;33000,00 $;625,00 $;625,00 $;0,00 $;0,00 $;-2025,00 $;0,00 $;100,00%;625,00 $;625,00 $;0,00 $;625,00 $;0,00 $;150,00;1525,00 $;875,00 $;250,00 $;0,15%;
22/10/2021;1;32725,00 $;-275,00 $;0,00 $;-275,00 $;0,00 $;-2300,00 $;-275,00 $;0,00%;-275,00 $;0,00 $;-275,00 $;0,00 $;-275,00 $;30,00;1575,00 $;600,00 $;875,00 $;0,15%;
25/10/2021;2;30825,00 $;-1900,00 $;500,00 $;-2400,00 $;0,00 $;-4700,00 $;-2400,00 $;50,00%;-950,00 $;500,00 $;-2400,00 $;500,00 $;-2400,00 $;270,00;2212,50 $;412,50 $;1362,50 $;0,30%;
26/10/2021;1;26625,00 $;-4200,00 $;0,00 $;-4200,00 $;0,00 $;-8400,00 $;-4200,00 $;0,00%;-4200,00 $;0,00 $;-4200,00 $;0,00 $;-4200,00 $;150,00;6050,00 $;0,00 $;4200,00 $;0,15%;
27/10/2021;1;25350,00 $;-1275,00 $;0,00 $;-1275,00 $;0,00 $;-9675,00 $;-1275,00 $;0,00%;-1275,00 $;0,00 $;-1275,00 $;0,00 $;-1275,00 $;30,00;3475,00 $;675,00 $;1950,00 $;0,15%;
29/10/2021;1;25775,00 $;425,00 $;425,00 $;0,00 $;0,00 $;-9250,00 $;0,00 $;100,00%;425,00 $;425,00 $;0,00 $;425,00 $;0,00 $;0,00;75,00 $;675,00 $;250,00 $;0,15%;
01/11/2021;1;27350,00 $;1575,00 $;1575,00 $;0,00 $;0,00 $;-7675,00 $;0,00 $;100,00%;1575,00 $;1575,00 $;0,00 $;1575,00 $;0,00 $;210,00;725,00 $;4100,00 $;2525,00 $;0,15%;
02/11/2021;1;27775,00 $;425,00 $;425,00 $;0,00 $;0,00 $;-7250,00 $;0,00 $;100,00%;425,00 $;425,00 $;0,00 $;425,00 $;0,00 $;90,00;1125,00 $;550,00 $;125,00 $;0,15%;
03/11/2021;1;22600,00 $;-5175,00 $;0,00 $;-5175,00 $;0,00 $;-12425,00 $;-5175,00 $;0,00%;-5175,00 $;0,00 $;-5175,00 $;0,00 $;-5175,00 $;240,00;7850,00 $;1650,00 $;6825,00 $;0,15%;
05/11/2021;1;23400,00 $;800,00 $;800,00 $;0,00 $;0,00 $;-11625,00 $;0,00 $;100,00%;800,00 $;800,00 $;0,00 $;800,00 $;0,00 $;0,00;0,00 $;1050,00 $;250,00 $;0,15%;
09/11/2021;1;22025,00 $;-1375,00 $;0,00 $;-1375,00 $;0,00 $;-13000,00 $;-1375,00 $;0,00%;-1375,00 $;0,00 $;-1375,00 $;0,00 $;-1375,00 $;150,00;1375,00 $;3100,00 $;4475,00 $;0,15%;
10/11/2021;1;29625,00 $;7600,00 $;7600,00 $;0,00 $;0,00 $;-5400,00 $;0,00 $;100,00%;7600,00 $;7600,00 $;0,00 $;7600,00 $;0,00 $;240,00;525,00 $;10225,00 $;2625,00 $;0,15%;
11/11/2021;1;29825,00 $;200,00 $;200,00 $;0,00 $;0,00 $;-5200,00 $;0,00 $;100,00%;200,00 $;200,00 $;0,00 $;200,00 $;0,00 $;30,00;525,00 $;550,00 $;350,00 $;0,15%;
15/11/2021;1;31975,00 $;2150,00 $;2150,00 $;0,00 $;0,00 $;-3050,00 $;0,00 $;100,00%;2150,00 $;2150,00 $;0,00 $;2150,00 $;0,00 $;210,00;750,00 $;3500,00 $;1350,00 $;0,15%;
19/11/2021;1;31325,00 $;-650,00 $;0,00 $;-650,00 $;0,00 $;-3700,00 $;-650,00 $;0,00%;-650,00 $;0,00 $;-650,00 $;0,00 $;-650,00 $;90,00;2175,00 $;950,00 $;1600,00 $;0,15%;
22/11/2021;1;39450,00 $;8125,00 $;8125,00 $;0,00 $;0,00 $;0,00 $;0,00 $;100,00%;8125,00 $;8125,00 $;0,00 $;8125,00 $;0,00 $;240,00;625,00 $;9400,00 $;1275,00 $;0,15%;
24/11/2021;1;38575,00 $;-875,00 $;0,00 $;-875,00 $;0,00 $;-875,00 $;-875,00 $;0,00%;-875,00 $;0,00 $;-875,00 $;0,00 $;-875,00 $;150,00;2100,00 $;1825,00 $;2700,00 $;0,15%;
07/12/2021;1;40575,00 $;2000,00 $;2000,00 $;0,00 $;0,00 $;0,00 $;0,00 $;100,00%;2000,00 $;2000,00 $;0,00 $;2000,00 $;0,00 $;90,00;0,00 $;3625,00 $;1625,00 $;0,15%;
08/12/2021;1;40050,00 $;-525,00 $;0,00 $;-525,00 $;0,00 $;-525,00 $;-525,00 $;0,00%;-525,00 $;0,00 $;-525,00 $;0,00 $;-525,00 $;210,00;2375,00 $;1075,00 $;1600,00 $;0,15%;
10/12/2021;1;41000,00 $;950,00 $;950,00 $;0,00 $;0,00 $;0,00 $;0,00 $;100,00%;950,00 $;950,00 $;0,00 $;950,00 $;0,00 $;90,00;2475,00 $;950,00 $;0,00 $;0,15%;
14/12/2021;1;38750,00 $;-2250,00 $;0,00 $;-2250,00 $;0,00 $;-2250,00 $;-2250,00 $;0,00%;-2250,00 $;0,00 $;-2250,00 $;0,00 $;-2250,00 $;30,00;4025,00 $;75,00 $;2325,00 $;0,15%;
15/12/2021;1;19700,00 $;-19050,00 $;0,00 $;-19050,00 $;0,00 $;-21300,00 $;-19050,00 $;0,00%;-19050,00 $;0,00 $;-19050,00 $;0,00 $;-19050,00 $;210,00;19150,00 $;450,00 $;19500,00 $;0,15%;
16/12/2021;1;21025,00 $;1325,00 $;1325,00 $;0,00 $;0,00 $;-19975,00 $;0,00 $;100,00%;1325,00 $;1325,00 $;0,00 $;1325,00 $;0,00 $;210,00;425,00 $;4075,00 $;2750,00 $;0,15%;
20/12/2021;1;18425,00 $;-2600,00 $;0,00 $;-2600,00 $;0,00 $;-22575,00 $;-2600,00 $;0,00%;-2600,00 $;0,00 $;-2600,00 $;0,00 $;-2600,00 $;90,00;5350,00 $;300,00 $;2900,00 $;0,15%;
21/12/2021;1;17400,00 $;-1025,00 $;0,00 $;-1025,00 $;0,00 $;-23600,00 $;-1025,00 $;0,00%;-1025,00 $;0,00 $;-1025,00 $;0,00 $;-1025,00 $;210,00;1550,00 $;875,00 $;1900,00 $;0,15%;
27/12/2021;1;17675,00 $;275,00 $;275,00 $;0,00 $;0,00 $;-23325,00 $;0,00 $;100,00%;275,00 $;275,00 $;0,00 $;275,00 $;0,00 $;240,00;2250,00 $;625,00 $;350,00 $;0,15%;
29/12/2021;1;20650,00 $;2975,00 $;2975,00 $;0,00 $;0,00 $;-20350,00 $;0,00 $;100,00%;2975,00 $;2975,00 $;0,00 $;2975,00 $;0,00 $;210,00;175,00 $;3400,00 $;425,00 $;0,15%;
30/12/2021;1;19700,00 $;-950,00 $;0,00 $;-950,00 $;0,00 $;-21300,00 $;-950,00 $;0,00%;-950,00 $;0,00 $;-950,00 $;0,00 $;-950,00 $;240,00;1925,00 $;250,00 $;1200,00 $;0,15%;
05/01/2022;1;29525,00 $;9825,00 $;9825,00 $;0,00 $;0,00 $;-11475,00 $;0,00 $;100,00%;9825,00 $;9825,00 $;0,00 $;9825,00 $;0,00 $;150,00;1250,00 $;9900,00 $;75,00 $;0,15%;
06/01/2022;1;29375,00 $;-150,00 $;0,00 $;-150,00 $;0,00 $;-11625,00 $;-150,00 $;0,00%;-150,00 $;0,00 $;-150,00 $;0,00 $;-150,00 $;0,00;150,00 $;225,00 $;375,00 $;0,15%;
10/01/2022;1;29650,00 $;275,00 $;275,00 $;0,00 $;0,00 $;-11350,00 $;0,00 $;100,00%;275,00 $;275,00 $;0,00 $;275,00 $;0,00 $;0,00;150,00 $;275,00 $;0,00 $;0,15%;
11/01/2022;1;28650,00 $;-1000,00 $;0,00 $;-1000,00 $;0,00 $;-12350,00 $;-1000,00 $;0,00%;-1000,00 $;0,00 $;-1000,00 $;0,00 $;-1000,00 $;210,00;2125,00 $;150,00 $;1150,00 $;0,15%;
12/01/2022;1;28175,00 $;-475,00 $;0,00 $;-475,00 $;0,00 $;-12825,00 $;-475,00 $;0,00%;-475,00 $;0,00 $;-475,00 $;0,00 $;-475,00 $;240,00;1900,00 $;25,00 $;500,00 $;0,15%;
14/01/2022;1;26425,00 $;-1750,00 $;0,00 $;-1750,00 $;0,00 $;-14575,00 $;-1750,00 $;0,00%;-1750,00 $;0,00 $;-1750,00 $;0,00 $;-1750,00 $;30,00;2000,00 $;150,00 $;1900,00 $;0,15%;
18/01/2022;1;23850,00 $;-2575,00 $;0,00 $;-2575,00 $;0,00 $;-17150,00 $;-2575,00 $;0,00%;-2575,00 $;0,00 $;-2575,00 $;0,00 $;-2575,00 $;30,00;3150,00 $;575,00 $;3150,00 $;0,15%;
25/01/2022;1;27550,00 $;3700,00 $;3700,00 $;0,00 $;0,00 $;-13450,00 $;0,00 $;100,00%;3700,00 $;3700,00 $;0,00 $;3700,00 $;0,00 $;150,00;750,00 $;4200,00 $;500,00 $;0,15%;
27/01/2022;1;34150,00 $;6600,00 $;6600,00 $;0,00 $;0,00 $;-6850,00 $;0,00 $;100,00%;6600,00 $;6600,00 $;0,00 $;6600,00 $;0,00 $;210,00;250,00 $;7225,00 $;625,00 $;0,15%;
28/01/2022;1;30100,00 $;-4050,00 $;0,00 $;-4050,00 $;0,00 $;-10900,00 $;-4050,00 $;0,00%;-4050,00 $;0,00 $;-4050,00 $;0,00 $;-4050,00 $;210,00;4125,00 $;1950,00 $;6000,00 $;0,15%;
31/01/2022;1;30750,00 $;650,00 $;650,00 $;0,00 $;0,00 $;-10250,00 $;0,00 $;100,00%;650,00 $;650,00 $;0,00 $;650,00 $;0,00 $;90,00;525,00 $;1325,00 $;675,00 $;0,15%;
01/02/2022;1;30575,00 $;-175,00 $;0,00 $;-175,00 $;0,00 $;-10425,00 $;-175,00 $;0,00%;-175,00 $;0,00 $;-175,00 $;0,00 $;-175,00 $;150,00;325,00 $;2025,00 $;2200,00 $;0,15%;
02/02/2022;1;33075,00 $;2500,00 $;2500,00 $;0,00 $;0,00 $;-7925,00 $;0,00 $;100,00%;2500,00 $;2500,00 $;0,00 $;2500,00 $;0,00 $;90,00;1525,00 $;4650,00 $;2150,00 $;0,15%;
03/02/2022;1;30625,00 $;-2450,00 $;0,00 $;-2450,00 $;0,00 $;-10375,00 $;-2450,00 $;0,00%;-2450,00 $;0,00 $;-2450,00 $;0,00 $;-2450,00 $;90,00;2450,00 $;2025,00 $;4475,00 $;0,15%;
07/02/2022;1;31800,00 $;1175,00 $;1175,00 $;0,00 $;0,00 $;-9200,00 $;0,00 $;100,00%;1175,00 $;1175,00 $;0,00 $;1175,00 $;0,00 $;30,00;200,00 $;2225,00 $;1050,00 $;0,15%;
11/02/2022;1;40425,00 $;8625,00 $;8625,00 $;0,00 $;0,00 $;-575,00 $;0,00 $;100,00%;8625,00 $;8625,00 $;0,00 $;8625,00 $;0,00 $;240,00;875,00 $;9025,00 $;400,00 $;0,15%;
14/02/2022;1;44525,00 $;4100,00 $;4100,00 $;0,00 $;0,00 $;0,00 $;0,00 $;100,00%;4100,00 $;4100,00 $;0,00 $;4100,00 $;0,00 $;240,00;425,00 $;5075,00 $;975,00 $;0,15%;
15/02/2022;1;45025,00 $;500,00 $;500,00 $;0,00 $;0,00 $;0,00 $;0,00 $;100,00%;500,00 $;500,00 $;0,00 $;500,00 $;0,00 $;30,00;375,00 $;800,00 $;300,00 $;0,15%;
16/02/2022;1;39625,00 $;-5400,00 $;0,00 $;-5400,00 $;0,00 $;-5400,00 $;-5400,00 $;0,00%;-5400,00 $;0,00 $;-5400,00 $;0,00 $;-5400,00 $;240,00;6100,00 $;200,00 $;5600,00 $;0,15%;
23/02/2022;1;40675,00 $;1050,00 $;1050,00 $;0,00 $;0,00 $;-4350,00 $;0,00 $;100,00%;1050,00 $;1050,00 $;0,00 $;1050,00 $;0,00 $;30,00;300,00 $;1300,00 $;250,00 $;0,15%;
28/02/2022;1;39900,00 $;-775,00 $;0,00 $;-775,00 $;0,00 $;-5125,00 $;-775,00 $;0,00%;-775,00 $;0,00 $;-775,00 $;0,00 $;-775,00 $;210,00;1850,00 $;850,00 $;1625,00 $;0,15%;
01/03/2022;1;39850,00 $;-50,00 $;0,00 $;-50,00 $;0,00 $;-5175,00 $;-50,00 $;0,00%;-50,00 $;0,00 $;-50,00 $;0,00 $;-50,00 $;30,00;1275,00 $;650,00 $;700,00 $;0,15%;
02/03/2022;1;38425,00 $;-1425,00 $;0,00 $;-1425,00 $;0,00 $;-6600,00 $;-1425,00 $;0,00%;-1425,00 $;0,00 $;-1425,00 $;0,00 $;-1425,00 $;150,00;1425,00 $;1700,00 $;3125,00 $;0,15%;
10/03/2022;1;37950,00 $;-475,00 $;0,00 $;-475,00 $;0,00 $;-7075,00 $;-475,00 $;0,00%;-475,00 $;0,00 $;-475,00 $;0,00 $;-475,00 $;210,00;1050,00 $;800,00 $;1275,00 $;0,15%;
11/03/2022;1;37750,00 $;-200,00 $;0,00 $;-200,00 $;0,00 $;-7275,00 $;-200,00 $;0,00%;-200,00 $;0,00 $;-200,00 $;0,00 $;-200,00 $;150,00;1075,00 $;2050,00 $;2250,00 $;0,15%;
14/03/2022;1;37525,00 $;-225,00 $;0,00 $;-225,00 $;0,00 $;-7500,00 $;-225,00 $;0,00%;-225,00 $;0,00 $;-225,00 $;0,00 $;-225,00 $;90,00;1550,00 $;150,00 $;375,00 $;0,15%;
15/03/2022;1;35175,00 $;-2350,00 $;0,00 $;-2350,00 $;0,00 $;-9850,00 $;-2350,00 $;0,00%;-2350,00 $;0,00 $;-2350,00 $;0,00 $;-2350,00 $;210,00;3925,00 $;525,00 $;2875,00 $;0,15%;
17/03/2022;1;35075,00 $;-100,00 $;0,00 $;-100,00 $;0,00 $;-9950,00 $;-100,00 $;0,00%;-100,00 $;0,00 $;-100,00 $;0,00 $;-100,00 $;210,00;1550,00 $;1625,00 $;1725,00 $;0,15%;
21/03/2022;1;36550,00 $;1475,00 $;1475,00 $;0,00 $;0,00 $;-8475,00 $;0,00 $;100,00%;1475,00 $;1475,00 $;0,00 $;1475,00 $;0,00 $;210,00;0,00 $;2750,00 $;1275,00 $;0,15%;
22/03/2022;1;36225,00 $;-325,00 $;0,00 $;-325,00 $;0,00 $;-8800,00 $;-325,00 $;0,00%;-325,00 $;0,00 $;-325,00 $;0,00 $;-325,00 $;90,00;1200,00 $;525,00 $;850,00 $;0,15%;
23/03/2022;1;35650,00 $;-575,00 $;0,00 $;-575,00 $;0,00 $;-9375,00 $;-575,00 $;0,00%;-575,00 $;0,00 $;-575,00 $;0,00 $;-575,00 $;30,00;1025,00 $;525,00 $;1100,00 $;0,15%;
29/03/2022;1;36650,00 $;1000,00 $;1000,00 $;0,00 $;0,00 $;-8375,00 $;0,00 $;100,00%;1000,00 $;1000,00 $;0,00 $;1000,00 $;0,00 $;90,00;1850,00 $;1000,00 $;0,00 $;0,15%;
30/03/2022;1;35375,00 $;-1275,00 $;0,00 $;-1275,00 $;0,00 $;-9650,00 $;-1275,00 $;0,00%;-1275,00 $;0,00 $;-1275,00 $;0,00 $;-1275,00 $;240,00;4600,00 $;150,00 $;1425,00 $;0,15%;
04/04/2022;1;33225,00 $;-2150,00 $;0,00 $;-2150,00 $;0,00 $;-11800,00 $;-2150,00 $;0,00%;-2150,00 $;0,00 $;-2150,00 $;0,00 $;-2150,00 $;240,00;2275,00 $;1500,00 $;3650,00 $;0,15%;
05/04/2022;1;32975,00 $;-250,00 $;0,00 $;-250,00 $;0,00 $;-12050,00 $;-250,00 $;0,00%;-250,00 $;0,00 $;-250,00 $;0,00 $;-250,00 $;240,00;1325,00 $;1825,00 $;2075,00 $;0,15%;
07/04/2022;1;32025,00 $;-950,00 $;0,00 $;-950,00 $;0,00 $;-13000,00 $;-950,00 $;0,00%;-950,00 $;0,00 $;-950,00 $;0,00 $;-950,00 $;210,00;1900,00 $;900,00 $;1850,00 $;0,15%;
11/04/2022;1;33325,00 $;1300,00 $;1300,00 $;0,00 $;0,00 $;-11700,00 $;0,00 $;100,00%;1300,00 $;1300,00 $;0,00 $;1300,00 $;0,00 $;90,00;925,00 $;2675,00 $;1375,00 $;0,15%;
12/04/2022;1;35925,00 $;2600,00 $;2600,00 $;0,00 $;0,00 $;-9100,00 $;0,00 $;100,00%;2600,00 $;2600,00 $;0,00 $;2600,00 $;0,00 $;210,00;875,00 $;3350,00 $;750,00 $;0,15%;
13/04/2022;1;35925,00 $;0,00 $;0,00 $;0,00 $;0,00 $;-9100,00 $;0,00 $;0,00%;0,00 $;0,00 $;0,00 $;0,00 $;0,00 $;210,00;1000,00 $;1375,00 $;1375,00 $;0,15%;
14/04/2022;1;37100,00 $;1175,00 $;1175,00 $;0,00 $;0,00 $;-7925,00 $;0,00 $;100,00%;1175,00 $;1175,00 $;0,00 $;1175,00 $;0,00 $;210,00;500,00 $;2150,00 $;975,00 $;0,15%;
18/04/2022;1;31925,00 $;-5175,00 $;0,00 $;-5175,00 $;0,00 $;-13100,00 $;-5175,00 $;0,00%;-5175,00 $;0,00 $;-5175,00 $;0,00 $;-5175,00 $;210,00;5625,00 $;25,00 $;5200,00 $;0,15%;
19/04/2022;1;33175,00 $;1250,00 $;1250,00 $;0,00 $;0,00 $;-11850,00 $;0,00 $;100,00%;1250,00 $;1250,00 $;0,00 $;1250,00 $;0,00 $;30,00;275,00 $;1425,00 $;175,00 $;0,15%;
20/04/2022;1;31550,00 $;-1625,00 $;0,00 $;-1625,00 $;0,00 $;-13475,00 $;-1625,00 $;0,00%;-1625,00 $;0,00 $;-1625,00 $;0,00 $;-1625,00 $;90,00;1625,00 $;1025,00 $;2650,00 $;0,15%;
21/04/2022;1;34850,00 $;3300,00 $;3300,00 $;0,00 $;0,00 $;-10175,00 $;0,00 $;100,00%;3300,00 $;3300,00 $;0,00 $;3300,00 $;0,00 $;30,00;300,00 $;3675,00 $;375,00 $;0,15%;
25/04/2022;1;32000,00 $;-2850,00 $;0,00 $;-2850,00 $;0,00 $;-13025,00 $;-2850,00 $;0,00%;-2850,00 $;0,00 $;-2850,00 $;0,00 $;-2850,00 $;90,00;4525,00 $;125,00 $;2975,00 $;0,15%;
27/04/2022;1;30925,00 $;-1075,00 $;0,00 $;-1075,00 $;0,00 $;-14100,00 $;-1075,00 $;0,00%;-1075,00 $;0,00 $;-1075,00 $;0,00 $;-1075,00 $;30,00;1825,00 $;225,00 $;1300,00 $;0,15%;
29/04/2022;1;31750,00 $;825,00 $;825,00 $;0,00 $;0,00 $;-13275,00 $;0,00 $;100,00%;825,00 $;825,00 $;0,00 $;825,00 $;0,00 $;90,00;300,00 $;2350,00 $;1525,00 $;0,15%;
02/05/2022;1;31150,00 $;-600,00 $;0,00 $;-600,00 $;0,00 $;-13875,00 $;-600,00 $;0,00%;-600,00 $;0,00 $;-600,00 $;0,00 $;-600,00 $;240,00;800,00 $;2325,00 $;2925,00 $;0,15%;
03/05/2022;1;33975,00 $;2825,00 $;2825,00 $;0,00 $;0,00 $;-11050,00 $;0,00 $;100,00%;2825,00 $;2825,00 $;0,00 $;2825,00 $;0,00 $;240,00;250,00 $;3150,00 $;325,00 $;0,15%;
12/05/2022;1;34700,00 $;725,00 $;725,00 $;0,00 $;0,00 $;-10325,00 $;0,00 $;100,00%;725,00 $;725,00 $;0,00 $;725,00 $;0,00 $;90,00;1475,00 $;2050,00 $;1325,00 $;0,15%;
16/05/2022;1;34300,00 $;-400,00 $;0,00 $;-400,00 $;0,00 $;-10725,00 $;-400,00 $;0,00%;-400,00 $;0,00 $;-400,00 $;0,00 $;-400,00 $;30,00;425,00 $;950,00 $;1350,00 $;0,15%;
17/05/2022;1;33850,00 $;-450,00 $;0,00 $;-450,00 $;0,00 $;-11175,00 $;-450,00 $;0,00%;-450,00 $;0,00 $;-450,00 $;0,00 $;-450,00 $;240,00;1100,00 $;2025,00 $;2475,00 $;0,15%;
18/05/2022;1;33750,00 $;-100,00 $;0,00 $;-100,00 $;0,00 $;-11275,00 $;-100,00 $;0,00%;-100,00 $;0,00 $;-100,00 $;0,00 $;-100,00 $;150,00;1325,00 $;850,00 $;950,00 $;0,15%;
19/05/2022;1;34550,00 $;800,00 $;800,00 $;0,00 $;0,00 $;-10475,00 $;0,00 $;100,00%;800,00 $;800,00 $;0,00 $;800,00 $;0,00 $;210,00;0,00 $;1575,00 $;775,00 $;0,15%;
20/05/2022;1;34100,00 $;-450,00 $;0,00 $;-450,00 $;0,00 $;-10925,00 $;-450,00 $;0,00%;-450,00 $;0,00 $;-450,00 $;0,00 $;-450,00 $;30,00;1375,00 $;100,00 $;550,00 $;0,15%;
23/05/2022;1;36825,00 $;2725,00 $;2725,00 $;0,00 $;0,00 $;-8200,00 $;0,00 $;100,00%;2725,00 $;2725,00 $;0,00 $;2725,00 $;0,00 $;150,00;475,00 $;3650,00 $;925,00 $;0,15%;
25/05/2022;1;36850,00 $;25,00 $;25,00 $;0,00 $;0,00 $;-8175,00 $;0,00 $;100,00%;25,00 $;25,00 $;0,00 $;25,00 $;0,00 $;240,00;900,00 $;1250,00 $;1225,00 $;0,15%;
27/05/2022;1;39150,00 $;2300,00 $;2300,00 $;0,00 $;0,00 $;-5875,00 $;0,00 $;100,00%;2300,00 $;2300,00 $;0,00 $;2300,00 $;0,00 $;240,00;175,00 $;3125,00 $;825,00 $;0,15%;
02/06/2022;1;38775,00 $;-375,00 $;0,00 $;-375,00 $;0,00 $;-6250,00 $;-375,00 $;0,00%;-375,00 $;0,00 $;-375,00 $;0,00 $;-375,00 $;150,00;700,00 $;925,00 $;1300,00 $;0,15%;
07/06/2022;1;35550,00 $;-3225,00 $;0,00 $;-3225,00 $;0,00 $;-9475,00 $;-3225,00 $;0,00%;-3225,00 $;0,00 $;-3225,00 $;0,00 $;-3225,00 $;150,00;4500,00 $;325,00 $;3550,00 $;0,15%;
08/06/2022;2;36650,00 $;1100,00 $;1100,00 $;0,00 $;0,00 $;-8475,00 $;0,00 $;100,00%;550,00 $;550,00 $;0,00 $;1000,00 $;0,00 $;240,00;412,50 $;1225,00 $;675,00 $;0,30%;
09/06/2022;1;36825,00 $;175,00 $;175,00 $;0,00 $;0,00 $;-8200,00 $;0,00 $;100,00%;175,00 $;175,00 $;0,00 $;175,00 $;0,00 $;210,00;1250,00 $;625,00 $;450,00 $;0,15%;
21/06/2022;1;39500,00 $;2675,00 $;2675,00 $;0,00 $;0,00 $;-5525,00 $;0,00 $;100,00%;2675,00 $;2675,00 $;0,00 $;2675,00 $;0,00 $;210,00;200,00 $;2800,00 $;125,00 $;0,15%;
22/06/2022;1;40775,00 $;1275,00 $;1275,00 $;0,00 $;0,00 $;-4250,00 $;0,00 $;100,00%;1275,00 $;1275,00 $;0,00 $;1275,00 $;0,00 $;240,00;225,00 $;2350,00 $;1075,00 $;0,15%;
23/06/2022;1;38900,00 $;-1875,00 $;0,00 $;-1875,00 $;0,00 $;-6125,00 $;-1875,00 $;0,00%;-1875,00 $;0,00 $;-1875,00 $;0,00 $;-1875,00 $;90,00;2375,00 $;75,00 $;1950,00 $;0,15%;
27/06/2022;1;38200,00 $;-700,00 $;0,00 $;-700,00 $;0,00 $;-6825,00 $;-700,00 $;0,00%;-700,00 $;0,00 $;-700,00 $;0,00 $;-700,00 $;240,00;1350,00 $;500,00 $;1200,00 $;0,15%;
28/06/2022;1;39850,00 $;1650,00 $;1650,00 $;0,00 $;0,00 $;-5175,00 $;0,00 $;100,00%;1650,00 $;1650,00 $;0,00 $;1650,00 $;0,00 $;240,00;150,00 $;1800,00 $;150,00 $;0,15%;
30/06/2022;1;40900,00 $;1050,00 $;1050,00 $;0,00 $;0,00 $;-4125,00 $;0,00 $;100,00%;1050,00 $;1050,00 $;0,00 $;1050,00 $;0,00 $;0,00;0,00 $;1300,00 $;250,00 $;0,15%;
05/07/2022;1;38475,00 $;-2425,00 $;0,00 $;-2425,00 $;0,00 $;-6550,00 $;-2425,00 $;0,00%;-2425,00 $;0,00 $;-2425,00 $;0,00 $;-2425,00 $;240,00;2475,00 $;100,00 $;2525,00 $;0,15%;
07/07/2022;1;37625,00 $;-850,00 $;0,00 $;-850,00 $;0,00 $;-7400,00 $;-850,00 $;0,00%;-850,00 $;0,00 $;-850,00 $;0,00 $;-850,00 $;210,00;1600,00 $;200,00 $;1050,00 $;0,15%;
12/07/2022;1;38625,00 $;1000,00 $;1000,00 $;0,00 $;0,00 $;-6400,00 $;0,00 $;100,00%;1000,00 $;1000,00 $;0,00 $;1000,00 $;0,00 $;90,00;75,00 $;1750,00 $;750,00 $;0,15%;
15/07/2022;1;37525,00 $;-1100,00 $;0,00 $;-1100,00 $;0,00 $;-7500,00 $;-1100,00 $;0,00%;-1100,00 $;0,00 $;-1100,00 $;0,00 $;-1100,00 $;240,00;1575,00 $;1150,00 $;2250,00 $;0,15%;
20/07/2022;1;41125,00 $;3600,00 $;3600,00 $;0,00 $;0,00 $;-3900,00 $;0,00 $;100,00%;3600,00 $;3600,00 $;0,00 $;3600,00 $;0,00 $;210,00;300,00 $;4325,00 $;725,00 $;0,15%;
22/07/2022;1;41450,00 $;325,00 $;325,00 $;0,00 $;0,00 $;-3575,00 $;0,00 $;100,00%;325,00 $;325,00 $;0,00 $;325,00 $;0,00 $;240,00;375,00 $;1225,00 $;900,00 $;0,15%;
25/07/2022;1;44100,00 $;2650,00 $;2650,00 $;0,00 $;0,00 $;-925,00 $;0,00 $;100,00%;2650,00 $;2650,00 $;0,00 $;2650,00 $;0,00 $;240,00;700,00 $;2700,00 $;50,00 $;0,15%;
26/07/2022;1;44075,00 $;-25,00 $;0,00 $;-25,00 $;0,00 $;-950,00 $;-25,00 $;0,00%;-25,00 $;0,00 $;-25,00 $;0,00 $;-25,00 $;90,00;150,00 $;1075,00 $;1100,00 $;0,15%;
29/07/2022;1;43225,00 $;-850,00 $;0,00 $;-850,00 $;0,00 $;-1800,00 $;-850,00 $;0,00%;-850,00 $;0,00 $;-850,00 $;0,00 $;-850,00 $;30,00;1375,00 $;100,00 $;950,00 $;0,15%;
01/08/2022;1;43850,00 $;625,00 $;625,00 $;0,00 $;0,00 $;-1175,00 $;0,00 $;100,00%;625,00 $;625,00 $;0,00 $;625,00 $;0,00 $;150,00;300,00 $;1300,00 $;675,00 $;0,15%;
03/08/2022;1;43950,00 $;100,00 $;100,00 $;0,00 $;0,00 $;-1075,00 $;0,00 $;100,00%;100,00 $;100,00 $;0,00 $;100,00 $;0,00 $;240,00;825,00 $;625,00 $;525,00 $;0,15%;
04/08/2022;1;45075,00 $;1125,00 $;1125,00 $;0,00 $;0,00 $;0,00 $;0,00 $;100,00%;1125,00 $;1125,00 $;0,00 $;1125,00 $;0,00 $;210,00;0,00 $;1950,00 $;825,00 $;0,15%;
08/08/2022;1;44700,00 $;-375,00 $;0,00 $;-375,00 $;0,00 $;-375,00 $;-375,00 $;0,00%;-375,00 $;0,00 $;-375,00 $;0,00 $;-375,00 $;0,00;425,00 $;150,00 $;525,00 $;0,15%;
09/08/2022;1;44225,00 $;-475,00 $;0,00 $;-475,00 $;0,00 $;-850,00 $;-475,00 $;0,00%;-475,00 $;0,00 $;-475,00 $;0,00 $;-475,00 $;30,00;600,00 $;75,00 $;550,00 $;0,15%;
10/08/2022;1;43375,00 $;-850,00 $;0,00 $;-850,00 $;0,00 $;-1700,00 $;-850,00 $;0,00%;-850,00 $;0,00 $;-850,00 $;0,00 $;-850,00 $;90,00;1025,00 $;1075,00 $;1925,00 $;0,15%;
11/08/2022;1;43425,00 $;50,00 $;50,00 $;0,00 $;0,00 $;-1650,00 $;0,00 $;100,00%;50,00 $;50,00 $;0,00 $;50,00 $;0,00 $;150,00;300,00 $;1325,00 $;1275,00 $;0,15%;
15/08/2022;1;43375,00 $;-50,00 $;0,00 $;-50,00 $;0,00 $;-1700,00 $;-50,00 $;0,00%;-50,00 $;0,00 $;-50,00 $;0,00 $;-50,00 $;90,00;375,00 $;750,00 $;800,00 $;0,15%;
16/08/2022;1;43400,00 $;25,00 $;25,00 $;0,00 $;0,00 $;-1675,00 $;0,00 $;100,00%;25,00 $;25,00 $;0,00 $;25,00 $;0,00 $;0,00;275,00 $;275,00 $;250,00 $;0,15%;
17/08/2022;1;43150,00 $;-250,00 $;0,00 $;-250,00 $;0,00 $;-1925,00 $;-250,00 $;0,00%;-250,00 $;0,00 $;-250,00 $;0,00 $;-250,00 $;150,00;1425,00 $;750,00 $;1000,00 $;0,15%;
18/08/2022;1;43100,00 $;-50,00 $;0,00 $;-50,00 $;0,00 $;-1975,00 $;-50,00 $;0,00%;-50,00 $;0,00 $;-50,00 $;0,00 $;-50,00 $;240,00;425,00 $;700,00 $;750,00 $;0,15%;
25/08/2022;1;42900,00 $;-200,00 $;0,00 $;-200,00 $;0,00 $;-2175,00 $;-200,00 $;0,00%;-200,00 $;0,00 $;-200,00 $;0,00 $;-200,00 $;210,00;600,00 $;500,00 $;700,00 $;0,15%;
31/08/2022;1;41225,00 $;-1675,00 $;0,00 $;-1675,00 $;0,00 $;-3850,00 $;-1675,00 $;0,00%;-1675,00 $;0,00 $;-1675,00 $;0,00 $;-1675,00 $;90,00;2600,00 $;125,00 $;1800,00 $;0,15%;
01/09/2022;1;40550,00 $;-675,00 $;0,00 $;-675,00 $;0,00 $;-4525,00 $;-675,00 $;0,00%;-675,00 $;0,00 $;-675,00 $;0,00 $;-675,00 $;90,00;1000,00 $;450,00 $;1125,00 $;0,15%;
02/09/2022;1;41825,00 $;1275,00 $;1275,00 $;0,00 $;0,00 $;-3250,00 $;0,00 $;100,00%;1275,00 $;1275,00 $;0,00 $;1275,00 $;0,00 $;150,00;225,00 $;2625,00 $;1350,00 $;0,15%;
07/09/2022;1;40125,00 $;-1700,00 $;0,00 $;-1700,00 $;0,00 $;-4950,00 $;-1700,00 $;0,00%;-1700,00 $;0,00 $;-1700,00 $;0,00 $;-1700,00 $;240,00;2025,00 $;325,00 $;2025,00 $;0,15%;
08/09/2022;1;39525,00 $;-600,00 $;0,00 $;-600,00 $;0,00 $;-5550,00 $;-600,00 $;0,00%;-600,00 $;0,00 $;-600,00 $;0,00 $;-600,00 $;150,00;1650,00 $;550,00 $;1150,00 $;0,15%;
12/09/2022;1;40050,00 $;525,00 $;525,00 $;0,00 $;0,00 $;-5025,00 $;0,00 $;100,00%;525,00 $;525,00 $;0,00 $;525,00 $;0,00 $;240,00;0,00 $;2000,00 $;1475,00 $;0,15%;
14/09/2022;1;40450,00 $;400,00 $;400,00 $;0,00 $;0,00 $;-4625,00 $;0,00 $;100,00%;400,00 $;400,00 $;0,00 $;400,00 $;0,00 $;240,00;400,00 $;1900,00 $;1500,00 $;0,15%;
19/09/2022;1;39275,00 $;-1175,00 $;0,00 $;-1175,00 $;0,00 $;-5800,00 $;-1175,00 $;0,00%;-1175,00 $;0,00 $;-1175,00 $;0,00 $;-1175,00 $;150,00;1700,00 $;650,00 $;1825,00 $;0,15%;
20/09/2022;1;39900,00 $;625,00 $;625,00 $;0,00 $;0,00 $;-5175,00 $;0,00 $;100,00%;625,00 $;625,00 $;0,00 $;625,00 $;0,00 $;210,00;525,00 $;1550,00 $;925,00 $;0,15%;
23/09/2022;1;39300,00 $;-600,00 $;0,00 $;-600,00 $;0,00 $;-5775,00 $;-600,00 $;0,00%;-600,00 $;0,00 $;-600,00 $;0,00 $;-600,00 $;90,00;950,00 $;800,00 $;1400,00 $;0,15%;
26/09/2022;1;38700,00 $;-600,00 $;0,00 $;-600,00 $;0,00 $;-6375,00 $;-600,00 $;0,00%;-600,00 $;0,00 $;-600,00 $;0,00 $;-600,00 $;240,00;950,00 $;375,00 $;975,00 $;0,15%;
28/09/2022;1;38000,00 $;-700,00 $;0,00 $;-700,00 $;0,00 $;-7075,00 $;-700,00 $;0,00%;-700,00 $;0,00 $;-700,00 $;0,00 $;-700,00 $;150,00;1000,00 $;1200,00 $;1900,00 $;0,15%;
03/10/2022;1;38075,00 $;75,00 $;75,00 $;0,00 $;0,00 $;-7000,00 $;0,00 $;100,00%;75,00 $;75,00 $;0,00 $;75,00 $;0,00 $;150,00;225,00 $;825,00 $;750,00 $;0,15%;
04/10/2022;1;38000,00 $;-75,00 $;0,00 $;-75,00 $;0,00 $;-7075,00 $;-75,00 $;0,00%;-75,00 $;0,00 $;-75,00 $;0,00 $;-75,00 $;240,00;300,00 $;600,00 $;675,00 $;0,15%;
06/10/2022;1;37900,00 $;-100,00 $;0,00 $;-100,00 $;0,00 $;-7175,00 $;-100,00 $;0,00%;-100,00 $;0,00 $;-100,00 $;0,00 $;-100,00 $;90,00;150,00 $;475,00 $;575,00 $;0,15%;
07/10/2022;1;37575,00 $;-325,00 $;0,00 $;-325,00 $;0,00 $;-7500,00 $;-325,00 $;0,00%;-325,00 $;0,00 $;-325,00 $;0,00 $;-325,00 $;150,00;400,00 $;450,00 $;775,00 $;0,15%;
10/10/2022;1;37600,00 $;25,00 $;25,00 $;0,00 $;0,00 $;-7475,00 $;0,00 $;100,00%;25,00 $;25,00 $;0,00 $;25,00 $;0,00 $;0,00;0,00 $;175,00 $;150,00 $;0,15%;
11/10/2022;1;37975,00 $;375,00 $;375,00 $;0,00 $;0,00 $;-7100,00 $;0,00 $;100,00%;375,00 $;375,00 $;0,00 $;375,00 $;0,00 $;150,00;100,00 $;775,00 $;400,00 $;0,15%;
17/10/2022;1;38150,00 $;175,00 $;175,00 $;0,00 $;0,00 $;-6925,00 $;0,00 $;100,00%;175,00 $;175,00 $;0,00 $;175,00 $;0,00 $;240,00;275,00 $;675,00 $;500,00 $;0,15%;
20/10/2022;1;39075,00 $;925,00 $;925,00 $;0,00 $;0,00 $;-6000,00 $;0,00 $;100,00%;925,00 $;925,00 $;0,00 $;925,00 $;0,00 $;240,00;125,00 $;1325,00 $;400,00 $;0,15%;
21/10/2022;1;38875,00 $;-200,00 $;0,00 $;-200,00 $;0,00 $;-6200,00 $;-200,00 $;0,00%;-200,00 $;0,00 $;-200,00 $;0,00 $;-200,00 $;30,00;400,00 $;100,00 $;300,00 $;0,15%;
26/10/2022;1;39225,00 $;350,00 $;350,00 $;0,00 $;0,00 $;-5850,00 $;0,00 $;100,00%;350,00 $;350,00 $;0,00 $;350,00 $;0,00 $;30,00;825,00 $;800,00 $;450,00 $;0,15%;
27/10/2022;1;40475,00 $;1250,00 $;1250,00 $;0,00 $;0,00 $;-4600,00 $;0,00 $;100,00%;1250,00 $;1250,00 $;0,00 $;1250,00 $;0,00 $;90,00;575,00 $;2325,00 $;1075,00 $;0,15%;
28/10/2022;1;40625,00 $;150,00 $;150,00 $;0,00 $;0,00 $;-4450,00 $;0,00 $;100,00%;150,00 $;150,00 $;0,00 $;150,00 $;0,00 $;0,00;575,00 $;150,00 $;0,00 $;0,15%;
31/10/2022;1;40675,00 $;50,00 $;50,00 $;0,00 $;0,00 $;-4400,00 $;0,00 $;100,00%;50,00 $;50,00 $;0,00 $;50,00 $;0,00 $;90,00;575,00 $;325,00 $;275,00 $;0,15%;
01/11/2022;1;40425,00 $;-250,00 $;0,00 $;-250,00 $;0,00 $;-4650,00 $;-250,00 $;0,00%;-250,00 $;0,00 $;-250,00 $;0,00 $;-250,00 $;210,00;775,00 $;150,00 $;400,00 $;0,15%;
03/11/2022;1;40225,00 $;-200,00 $;0,00 $;-200,00 $;0,00 $;-4850,00 $;-200,00 $;0,00%;-200,00 $;0,00 $;-200,00 $;0,00 $;-200,00 $;210,00;550,00 $;25,00 $;225,00 $;0,15%;
04/11/2022;1;40050,00 $;-175,00 $;0,00 $;-175,00 $;0,00 $;-5025,00 $;-175,00 $;0,00%;-175,00 $;0,00 $;-175,00 $;0,00 $;-175,00 $;30,00;425,00 $;75,00 $;250,00 $;0,15%;
10/11/2022;1;38750,00 $;-1300,00 $;0,00 $;-1300,00 $;0,00 $;-6325,00 $;-1300,00 $;0,00%;-1300,00 $;0,00 $;-1300,00 $;0,00 $;-1300,00 $;30,00;2050,00 $;300,00 $;1600,00 $;0,15%;
11/11/2022;1;37475,00 $;-1275,00 $;0,00 $;-1275,00 $;0,00 $;-7600,00 $;-1275,00 $;0,00%;-1275,00 $;0,00 $;-1275,00 $;0,00 $;-1275,00 $;240,00;2500,00 $;175,00 $;1450,00 $;0,15%;
15/11/2022;1;37950,00 $;475,00 $;475,00 $;0,00 $;0,00 $;-7125,00 $;0,00 $;100,00%;475,00 $;475,00 $;0,00 $;475,00 $;0,00 $;240,00;525,00 $;1650,00 $;1175,00 $;0,15%;
16/11/2022;1;37475,00 $;-475,00 $;0,00 $;-475,00 $;0,00 $;-7600,00 $;-475,00 $;0,00%;-475,00 $;0,00 $;-475,00 $;0,00 $;-475,00 $;240,00;1075,00 $;125,00 $;600,00 $;0,15%;
17/11/2022;1;37625,00 $;150,00 $;150,00 $;0,00 $;0,00 $;-7450,00 $;0,00 $;100,00%;150,00 $;150,00 $;0,00 $;150,00 $;0,00 $;150,00;175,00 $;750,00 $;600,00 $;0,15%;
18/11/2022;1;37475,00 $;-150,00 $;0,00 $;-150,00 $;0,00 $;-7600,00 $;-150,00 $;0,00%;-150,00 $;0,00 $;-150,00 $;0,00 $;-150,00 $;240,00;225,00 $;525,00 $;675,00 $;0,15%;
22/11/2022;1;37325,00 $;-150,00 $;0,00 $;-150,00 $;0,00 $;-7750,00 $;-150,00 $;0,00%;-150,00 $;0,00 $;-150,00 $;0,00 $;-150,00 $;0,00;225,00 $;0,00 $;150,00 $;0,15%;
23/11/2022;1;37350,00 $;25,00 $;25,00 $;0,00 $;0,00 $;-7725,00 $;0,00 $;100,00%;25,00 $;25,00 $;0,00 $;25,00 $;0,00 $;30,00;450,00 $;25,00 $;0,00 $;0,15%;
25/11/2022;1;37050,00 $;-300,00 $;0,00 $;-300,00 $;0,00 $;-8025,00 $;-300,00 $;0,00%;-300,00 $;0,00 $;-300,00 $;0,00 $;-300,00 $;45,00;375,00 $;175,00 $;475,00 $;0,15%;
28/11/2022;1;37000,00 $;-50,00 $;0,00 $;-50,00 $;0,00 $;-8075,00 $;-50,00 $;0,00%;-50,00 $;0,00 $;-50,00 $;0,00 $;-50,00 $;30,00;200,00 $;100,00 $;150,00 $;0,15%;
29/11/2022;1;37125,00 $;125,00 $;125,00 $;0,00 $;0,00 $;-7950,00 $;0,00 $;100,00%;125,00 $;125,00 $;0,00 $;125,00 $;0,00 $;30,00;250,00 $;125,00 $;0,00 $;0,15%;
01/12/2022;1;36900,00 $;-225,00 $;0,00 $;-225,00 $;0,00 $;-8175,00 $;-225,00 $;0,00%;-225,00 $;0,00 $;-225,00 $;0,00 $;-225,00 $;0,00;225,00 $;25,00 $;250,00 $;0,15%;
02/12/2022;1;36300,00 $;-600,00 $;0,00 $;-600,00 $;0,00 $;-8775,00 $;-600,00 $;0,00%;-600,00 $;0,00 $;-600,00 $;0,00 $;-600,00 $;240,00;675,00 $;125,00 $;725,00 $;0,15%;
06/12/2022;1;36825,00 $;525,00 $;525,00 $;0,00 $;0,00 $;-8250,00 $;0,00 $;100,00%;525,00 $;525,00 $;0,00 $;525,00 $;0,00 $;240,00;0,00 $;950,00 $;425,00 $;0,15%;
07/12/2022;1;36825,00 $;0,00 $;0,00 $;0,00 $;0,00 $;-8250,00 $;0,00 $;0,00%;0,00 $;0,00 $;0,00 $;0,00 $;0,00 $;150,00;125,00 $;350,00 $;350,00 $;0,15%;
08/12/2022;1;35400,00 $;-1425,00 $;0,00 $;-1425,00 $;0,00 $;-9675,00 $;-1425,00 $;0,00%;-1425,00 $;0,00 $;-1425,00 $;0,00 $;-1425,00 $;240,00;2125,00 $;125,00 $;1550,00 $;0,15%;
09/12/2022;1;35900,00 $;500,00 $;500,00 $;0,00 $;0,00 $;-9175,00 $;0,00 $;100,00%;500,00 $;500,00 $;0,00 $;500,00 $;0,00 $;30,00;0,00 $;625,00 $;125,00 $;0,15%;
15/12/2022;1;36050,00 $;150,00 $;150,00 $;0,00 $;0,00 $;-9025,00 $;0,00 $;100,00%;150,00 $;150,00 $;0,00 $;150,00 $;0,00 $;150,00;350,00 $;525,00 $;375,00 $;0,15%;
16/12/2022;1;35975,00 $;-75,00 $;0,00 $;-75,00 $;0,00 $;-9100,00 $;-75,00 $;0,00%;-75,00 $;0,00 $;-75,00 $;0,00 $;-75,00 $;90,00;900,00 $;150,00 $;225,00 $;0,15%;
20/12/2022;1;35950,00 $;-25,00 $;0,00 $;-25,00 $;0,00 $;-9125,00 $;-25,00 $;0,00%;-25,00 $;0,00 $;-25,00 $;0,00 $;-25,00 $;90,00;200,00 $;225,00 $;250,00 $;0,15%;
21/12/2022;1;35975,00 $;25,00 $;25,00 $;0,00 $;0,00 $;-9100,00 $;0,00 $;100,00%;25,00 $;25,00 $;0,00 $;25,00 $;0,00 $;210,00;150,00 $;150,00 $;125,00 $;0,15%;
23/12/2022;1;35900,00 $;-75,00 $;0,00 $;-75,00 $;0,00 $;-9175,00 $;-75,00 $;0,00%;-75,00 $;0,00 $;-75,00 $;0,00 $;-75,00 $;240,00;225,00 $;25,00 $;100,00 $;0,15%;
27/12/2022;1;36025,00 $;125,00 $;125,00 $;0,00 $;0,00 $;-9050,00 $;0,00 $;100,00%;125,00 $;125,00 $;0,00 $;125,00 $;0,00 $;240,00;25,00 $;650,00 $;525,00 $;0,15%;
28/12/2022;1;36300,00 $;275,00 $;275,00 $;0,00 $;0,00 $;-8775,00 $;0,00 $;100,00%;275,00 $;275,00 $;0,00 $;275,00 $;0,00 $;90,00;75,00 $;675,00 $;400,00 $;0,15%;
29/12/2022;1;36250,00 $;-50,00 $;0,00 $;-50,00 $;0,00 $;-8825,00 $;-50,00 $;0,00%;-50,00 $;0,00 $;-50,00 $;0,00 $;-50,00 $;150,00;225,00 $;275,00 $;325,00 $;0,15%;
30/12/2022;1;36225,00 $;-25,00 $;0,00 $;-25,00 $;0,00 $;-8850,00 $;-25,00 $;0,00%;-25,00 $;0,00 $;-25,00 $;0,00 $;-25,00 $;90,00;225,00 $;100,00 $;125,00 $;0,15%;
03/01/2023;1;36075,00 $;-150,00 $;0,00 $;-150,00 $;0,00 $;-9000,00 $;-150,00 $;0,00%;-150,00 $;0,00 $;-150,00 $;0,00 $;-150,00 $;30,00;150,00 $;75,00 $;225,00 $;0,15%;
06/01/2023;1;36150,00 $;75,00 $;75,00 $;0,00 $;0,00 $;-8925,00 $;0,00 $;100,00%;75,00 $;75,00 $;0,00 $;75,00 $;0,00 $;0,00;50,00 $;150,00 $;75,00 $;0,15%;
10/01/2023;1;36150,00 $;0,00 $;0,00 $;0,00 $;0,00 $;-8925,00 $;0,00 $;0,00%;0,00 $;0,00 $;0,00 $;0,00 $;0,00 $;150,00;500,00 $;150,00 $;150,00 $;0,15%;
11/01/2023;1;36250,00 $;100,00 $;100,00 $;0,00 $;0,00 $;-8825,00 $;0,00 $;100,00%;100,00 $;100,00 $;0,00 $;100,00 $;0,00 $;30,00;50,00 $;200,00 $;100,00 $;0,15%;
13/01/2023;1;35050,00 $;-1200,00 $;0,00 $;-1200,00 $;0,00 $;-10025,00 $;-1200,00 $;0,00%;-1200,00 $;0,00 $;-1200,00 $;0,00 $;-1200,00 $;0,00;1575,00 $;50,00 $;1250,00 $;0,15%;
17/01/2023;1;35700,00 $;650,00 $;650,00 $;0,00 $;0,00 $;-9375,00 $;0,00 $;100,00%;650,00 $;650,00 $;0,00 $;650,00 $;0,00 $;90,00;100,00 $;800,00 $;150,00 $;0,15%;
20/01/2023;1;33100,00 $;-2600,00 $;0,00 $;-2600,00 $;0,00 $;-11975,00 $;-2600,00 $;0,00%;-2600,00 $;0,00 $;-2600,00 $;0,00 $;-2600,00 $;210,00;3125,00 $;200,00 $;2800,00 $;0,15%;
23/01/2023;1;32825,00 $;-275,00 $;0,00 $;-275,00 $;0,00 $;-12250,00 $;-275,00 $;0,00%;-275,00 $;0,00 $;-275,00 $;0,00 $;-275,00 $;30,00;625,00 $;75,00 $;350,00 $;0,15%;
26/01/2023;1;32650,00 $;-175,00 $;0,00 $;-175,00 $;0,00 $;-12425,00 $;-175,00 $;0,00%;-175,00 $;0,00 $;-175,00 $;0,00 $;-175,00 $;90,00;575,00 $;375,00 $;550,00 $;0,15%;
27/01/2023;1;33425,00 $;775,00 $;775,00 $;0,00 $;0,00 $;-11650,00 $;0,00 $;100,00%;775,00 $;775,00 $;0,00 $;775,00 $;0,00 $;30,00;0,00 $;1125,00 $;350,00 $;0,15%;
30/01/2023;1;34875,00 $;1450,00 $;1450,00 $;0,00 $;0,00 $;-10200,00 $;0,00 $;100,00%;1450,00 $;1450,00 $;0,00 $;1450,00 $;0,00 $;210,00;50,00 $;2550,00 $;1100,00 $;0,15%;
31/01/2023;2;35050,00 $;175,00 $;225,00 $;-50,00 $;0,00 $;-10025,00 $;-50,00 $;50,00%;87,50 $;225,00 $;-50,00 $;225,00 $;-50,00 $;270,00;450,00 $;262,50 $;175,00 $;0,30%;
03/02/2023;1;34975,00 $;-75,00 $;0,00 $;-75,00 $;0,00 $;-10100,00 $;-75,00 $;0,00%;-75,00 $;0,00 $;-75,00 $;0,00 $;-75,00 $;90,00;350,00 $;675,00 $;750,00 $;0,15%;
06/02/2023;1;35375,00 $;400,00 $;400,00 $;0,00 $;0,00 $;-9700,00 $;0,00 $;100,00%;400,00 $;400,00 $;0,00 $;400,00 $;0,00 $;30,00;75,00 $;600,00 $;200,00 $;0,15%;
07/02/2023;1;33700,00 $;-1675,00 $;0,00 $;-1675,00 $;0,00 $;-11375,00 $;-1675,00 $;0,00%;-1675,00 $;0,00 $;-1675,00 $;0,00 $;-1675,00 $;240,00;2425,00 $;375,00 $;2050,00 $;0,15%;
08/02/2023;1;33475,00 $;-225,00 $;0,00 $;-225,00 $;0,00 $;-11600,00 $;-225,00 $;0,00%;-225,00 $;0,00 $;-225,00 $;0,00 $;-225,00 $;30,00;500,00 $;225,00 $;450,00 $;0,15%;
09/02/2023;1;36350,00 $;2875,00 $;2875,00 $;0,00 $;0,00 $;-8725,00 $;0,00 $;100,00%;2875,00 $;2875,00 $;0,00 $;2875,00 $;0,00 $;240,00;175,00 $;3550,00 $;675,00 $;0,15%;
10/02/2023;1;37475,00 $;1125,00 $;1125,00 $;0,00 $;0,00 $;-7600,00 $;0,00 $;100,00%;1125,00 $;1125,00 $;0,00 $;1125,00 $;0,00 $;150,00;600,00 $;1825,00 $;700,00 $;0,15%;
14/02/2023;1;37425,00 $;-50,00 $;0,00 $;-50,00 $;0,00 $;-7650,00 $;-50,00 $;0,00%;-50,00 $;0,00 $;-50,00 $;0,00 $;-50,00 $;0,00;175,00 $;50,00 $;100,00 $;0,15%;
15/02/2023;1;34050,00 $;-3375,00 $;0,00 $;-3375,00 $;0,00 $;-11025,00 $;-3375,00 $;0,00%;-3375,00 $;0,00 $;-3375,00 $;0,00 $;-3375,00 $;240,00;3650,00 $;400,00 $;3775,00 $;0,15%;
21/02/2023;1;35250,00 $;1200,00 $;1200,00 $;0,00 $;0,00 $;-9825,00 $;0,00 $;100,00%;1200,00 $;1200,00 $;0,00 $;1200,00 $;0,00 $;210,00;1200,00 $;1425,00 $;225,00 $;0,15%;
22/02/2023;1;35150,00 $;-100,00 $;0,00 $;-100,00 $;0,00 $;-9925,00 $;-100,00 $;0,00%;-100,00 $;0,00 $;-100,00 $;0,00 $;-100,00 $;150,00;725,00 $;550,00 $;650,00 $;0,15%;
23/02/2023;1;35925,00 $;775,00 $;775,00 $;0,00 $;0,00 $;-9150,00 $;0,00 $;100,00%;775,00 $;775,00 $;0,00 $;775,00 $;0,00 $;30,00;25,00 $;775,00 $;0,00 $;0,15%;
27/02/2023;1;35525,00 $;-400,00 $;0,00 $;-400,00 $;0,00 $;-9550,00 $;-400,00 $;0,00%;-400,00 $;0,00 $;-400,00 $;0,00 $;-400,00 $;30,00;425,00 $;225,00 $;625,00 $;0,15%;
28/02/2023;1;37350,00 $;1825,00 $;1825,00 $;0,00 $;0,00 $;-7725,00 $;0,00 $;100,00%;1825,00 $;1825,00 $;0,00 $;1825,00 $;0,00 $;150,00;150,00 $;2225,00 $;400,00 $;0,15%;
01/03/2023;1;37050,00 $;-300,00 $;0,00 $;-300,00 $;0,00 $;-8025,00 $;-300,00 $;0,00%;-300,00 $;0,00 $;-300,00 $;0,00 $;-300,00 $;90,00;325,00 $;1125,00 $;1425,00 $;0,15%;
02/03/2023;1;37500,00 $;450,00 $;450,00 $;0,00 $;0,00 $;-7575,00 $;0,00 $;100,00%;450,00 $;450,00 $;0,00 $;450,00 $;0,00 $;30,00;125,00 $;450,00 $;0,00 $;0,15%;
03/03/2023;1;38100,00 $;600,00 $;600,00 $;0,00 $;0,00 $;-6975,00 $;0,00 $;100,00%;600,00 $;600,00 $;0,00 $;600,00 $;0,00 $;150,00;0,00 $;1200,00 $;600,00 $;0,15%;
06/03/2023;1;38650,00 $;550,00 $;550,00 $;0,00 $;0,00 $;-6425,00 $;0,00 $;100,00%;550,00 $;550,00 $;0,00 $;550,00 $;0,00 $;210,00;250,00 $;700,00 $;150,00 $;0,15%;
07/03/2023;1;38850,00 $;200,00 $;200,00 $;0,00 $;0,00 $;-6225,00 $;0,00 $;100,00%;200,00 $;200,00 $;0,00 $;200,00 $;0,00 $;90,00;75,00 $;600,00 $;400,00 $;0,15%;
08/03/2023;1;39300,00 $;450,00 $;450,00 $;0,00 $;0,00 $;-5775,00 $;0,00 $;100,00%;450,00 $;450,00 $;0,00 $;450,00 $;0,00 $;0,00;0,00 $;650,00 $;200,00 $;0,15%;
09/03/2023;1;43825,00 $;4525,00 $;4525,00 $;0,00 $;0,00 $;-1250,00 $;0,00 $;100,00%;4525,00 $;4525,00 $;0,00 $;4525,00 $;0,00 $;150,00;0,00 $;5950,00 $;1425,00 $;0,15%;
15/03/2023;1;43500,00 $;-325,00 $;0,00 $;-325,00 $;0,00 $;-1575,00 $;-325,00 $;0,00%;-325,00 $;0,00 $;-325,00 $;0,00 $;-325,00 $;240,00;400,00 $;1875,00 $;2200,00 $;0,15%;
16/03/2023;1;42200,00 $;-1300,00 $;0,00 $;-1300,00 $;0,00 $;-2875,00 $;-1300,00 $;0,00%;-1300,00 $;0,00 $;-1300,00 $;0,00 $;-1300,00 $;240,00;1650,00 $;375,00 $;1675,00 $;0,15%;
24/03/2023;1;41925,00 $;-275,00 $;0,00 $;-275,00 $;0,00 $;-3150,00 $;-275,00 $;0,00%;-275,00 $;0,00 $;-275,00 $;0,00 $;-275,00 $;90,00;1050,00 $;225,00 $;500,00 $;0,15%;
27/03/2023;1;42325,00 $;400,00 $;400,00 $;0,00 $;0,00 $;-2750,00 $;0,00 $;100,00%;400,00 $;400,00 $;0,00 $;400,00 $;0,00 $;30,00;0,00 $;1050,00 $;650,00 $;0,15%;
28/03/2023;1;40850,00 $;-1475,00 $;0,00 $;-1475,00 $;0,00 $;-4225,00 $;-1475,00 $;0,00%;-1475,00 $;0,00 $;-1475,00 $;0,00 $;-1475,00 $;240,00;2000,00 $;700,00 $;2175,00 $;0,15%;
29/03/2023;1;40975,00 $;125,00 $;125,00 $;0,00 $;0,00 $;-4100,00 $;0,00 $;100,00%;125,00 $;125,00 $;0,00 $;125,00 $;0,00 $;240,00;175,00 $;725,00 $;600,00 $;0,15%;
31/03/2023;1;41550,00 $;575,00 $;575,00 $;0,00 $;0,00 $;-3525,00 $;0,00 $;100,00%;575,00 $;575,00 $;0,00 $;575,00 $;0,00 $;90,00;300,00 $;700,00 $;125,00 $;0,15%;
03/04/2023;1;43150,00 $;1600,00 $;1600,00 $;0,00 $;0,00 $;-1925,00 $;0,00 $;100,00%;1600,00 $;1600,00 $;0,00 $;1600,00 $;0,00 $;90,00;1300,00 $;1950,00 $;350,00 $;0,15%;
04/04/2023;1;42475,00 $;-675,00 $;0,00 $;-675,00 $;0,00 $;-2600,00 $;-675,00 $;0,00%;-675,00 $;0,00 $;-675,00 $;0,00 $;-675,00 $;30,00;1150,00 $;25,00 $;700,00 $;0,15%;
17/04/2023;1;43000,00 $;525,00 $;525,00 $;0,00 $;0,00 $;-2075,00 $;0,00 $;100,00%;525,00 $;525,00 $;0,00 $;525,00 $;0,00 $;30,00;75,00 $;700,00 $;175,00 $;0,15%;
18/04/2023;1;43500,00 $;500,00 $;500,00 $;0,00 $;0,00 $;-1575,00 $;0,00 $;100,00%;500,00 $;500,00 $;0,00 $;500,00 $;0,00 $;210,00;75,00 $;1325,00 $;825,00 $;0,15%;
21/04/2023;1;45850,00 $;2350,00 $;2350,00 $;0,00 $;0,00 $;0,00 $;0,00 $;100,00%;2350,00 $;2350,00 $;0,00 $;2350,00 $;0,00 $;150,00;500,00 $;2900,00 $;550,00 $;0,15%;
25/04/2023;1;43925,00 $;-1925,00 $;0,00 $;-1925,00 $;0,00 $;-1925,00 $;-1925,00 $;0,00%;-1925,00 $;0,00 $;-1925,00 $;0,00 $;-1925,00 $;210,00;2200,00 $;100,00 $;2025,00 $;0,15%;
27/04/2023;1;44475,00 $;550,00 $;550,00 $;0,00 $;0,00 $;-1375,00 $;0,00 $;100,00%;550,00 $;550,00 $;0,00 $;550,00 $;0,00 $;90,00;525,00 $;750,00 $;200,00 $;0,15%;
28/04/2023;1;43800,00 $;-675,00 $;0,00 $;-675,00 $;0,00 $;-2050,00 $;-675,00 $;0,00%;-675,00 $;0,00 $;-675,00 $;0,00 $;-675,00 $;240,00;1300,00 $;0,00 $;675,00 $;0,15%;
01/05/2023;1;44700,00 $;900,00 $;900,00 $;0,00 $;0,00 $;-1150,00 $;0,00 $;100,00%;900,00 $;900,00 $;0,00 $;900,00 $;0,00 $;30,00;100,00 $;900,00 $;0,00 $;0,15%;
02/05/2023;1;44875,00 $;175,00 $;175,00 $;0,00 $;0,00 $;-975,00 $;0,00 $;100,00%;175,00 $;175,00 $;0,00 $;175,00 $;0,00 $;30,00;75,00 $;375,00 $;200,00 $;0,15%;
04/05/2023;1;45475,00 $;600,00 $;600,00 $;0,00 $;0,00 $;-375,00 $;0,00 $;100,00%;600,00 $;600,00 $;0,00 $;600,00 $;0,00 $;210,00;25,00 $;1175,00 $;575,00 $;0,15%;
09/05/2023;1;45825,00 $;350,00 $;350,00 $;0,00 $;0,00 $;-25,00 $;0,00 $;100,00%;350,00 $;350,00 $;0,00 $;350,00 $;0,00 $;150,00;450,00 $;675,00 $;325,00 $;0,15%;
10/05/2023;1;46900,00 $;1075,00 $;1075,00 $;0,00 $;0,00 $;0,00 $;0,00 $;100,00%;1075,00 $;1075,00 $;0,00 $;1075,00 $;0,00 $;210,00;25,00 $;4675,00 $;3600,00 $;0,15%;
12/05/2023;1;47125,00 $;225,00 $;225,00 $;0,00 $;0,00 $;0,00 $;0,00 $;100,00%;225,00 $;225,00 $;0,00 $;225,00 $;0,00 $;240,00;775,00 $;875,00 $;650,00 $;0,15%;
16/05/2023;1;46850,00 $;-275,00 $;0,00 $;-275,00 $;0,00 $;-275,00 $;-275,00 $;0,00%;-275,00 $;0,00 $;-275,00 $;0,00 $;-275,00 $;240,00;650,00 $;125,00 $;400,00 $;0,15%;
17/05/2023;1;45650,00 $;-1200,00 $;0,00 $;-1200,00 $;0,00 $;-1475,00 $;-1200,00 $;0,00%;-1200,00 $;0,00 $;-1200,00 $;0,00 $;-1200,00 $;150,00;1600,00 $;25,00 $;1225,00 $;0,15%;
18/05/2023;1;46125,00 $;475,00 $;475,00 $;0,00 $;0,00 $;-1000,00 $;0,00 $;100,00%;475,00 $;475,00 $;0,00 $;475,00 $;0,00 $;210,00;325,00 $;1850,00 $;1375,00 $;0,15%;
24/05/2023;1;45600,00 $;-525,00 $;0,00 $;-525,00 $;0,00 $;-1525,00 $;-525,00 $;0,00%;-525,00 $;0,00 $;-525,00 $;0,00 $;-525,00 $;30,00;750,00 $;200,00 $;725,00 $;0,15%;
25/05/2023;1;45550,00 $;-50,00 $;0,00 $;-50,00 $;0,00 $;-1575,00 $;-50,00 $;0,00%;-50,00 $;0,00 $;-50,00 $;0,00 $;-50,00 $;30,00;200,00 $;175,00 $;225,00 $;0,15%;
26/05/2023;1;45150,00 $;-400,00 $;0,00 $;-400,00 $;0,00 $;-1975,00 $;-400,00 $;0,00%;-400,00 $;0,00 $;-400,00 $;0,00 $;-400,00 $;90,00;450,00 $;25,00 $;425,00 $;0,15%;
30/05/2023;1;45450,00 $;300,00 $;300,00 $;0,00 $;0,00 $;-1675,00 $;0,00 $;100,00%;300,00 $;300,00 $;0,00 $;300,00 $;0,00 $;30,00;75,00 $;300,00 $;0,00 $;0,15%;
01/06/2023;1;45000,00 $;-450,00 $;0,00 $;-450,00 $;0,00 $;-2125,00 $;-450,00 $;0,00%;-450,00 $;0,00 $;-450,00 $;0,00 $;-450,00 $;240,00;1075,00 $;75,00 $;525,00 $;0,15%;
02/06/2023;1;45000,00 $;0,00 $;0,00 $;0,00 $;0,00 $;-2125,00 $;0,00 $;0,00%;0,00 $;0,00 $;0,00 $;0,00 $;0,00 $;0,00;50,00 $;75,00 $;75,00 $;0,15%;
07/06/2023;1;45125,00 $;125,00 $;125,00 $;0,00 $;0,00 $;-2000,00 $;0,00 $;100,00%;125,00 $;125,00 $;0,00 $;125,00 $;0,00 $;150,00;550,00 $;125,00 $;0,00 $;0,15%;
08/06/2023;1;45550,00 $;425,00 $;425,00 $;0,00 $;0,00 $;-1575,00 $;0,00 $;100,00%;425,00 $;425,00 $;0,00 $;425,00 $;0,00 $;240,00;325,00 $;675,00 $;250,00 $;0,15%;
09/06/2023;1;45975,00 $;425,00 $;425,00 $;0,00 $;0,00 $;-1150,00 $;0,00 $;100,00%;425,00 $;425,00 $;0,00 $;425,00 $;0,00 $;210,00;25,00 $;750,00 $;325,00 $;0,15%;
13/06/2023;1;46175,00 $;200,00 $;200,00 $;0,00 $;0,00 $;-950,00 $;0,00 $;100,00%;200,00 $;200,00 $;0,00 $;200,00 $;0,00 $;30,00;150,00 $;225,00 $;25,00 $;0,15%;
14/06/2023;1;49350,00 $;3175,00 $;3175,00 $;0,00 $;0,00 $;0,00 $;0,00 $;100,00%;3175,00 $;3175,00 $;0,00 $;3175,00 $;0,00 $;210,00;225,00 $;4200,00 $;1025,00 $;0,15%;
15/06/2023;1;47800,00 $;-1550,00 $;0,00 $;-1550,00 $;0,00 $;-1550,00 $;-1550,00 $;0,00%;-1550,00 $;0,00 $;-1550,00 $;0,00 $;-1550,00 $;150,00;1700,00 $;175,00 $;1725,00 $;0,15%;
19/06/2023;1;47875,00 $;75,00 $;75,00 $;0,00 $;0,00 $;-1475,00 $;0,00 $;100,00%;75,00 $;75,00 $;0,00 $;75,00 $;0,00 $;30,00;150,00 $;1000,00 $;925,00 $;0,15%;
22/06/2023;1;47850,00 $;-25,00 $;0,00 $;-25,00 $;0,00 $;-1500,00 $;-25,00 $;0,00%;-25,00 $;0,00 $;-25,00 $;0,00 $;-25,00 $;90,00;250,00 $;250,00 $;275,00 $;0,15%;
23/06/2023;1;47125,00 $;-725,00 $;0,00 $;-725,00 $;0,00 $;-2225,00 $;-725,00 $;0,00%;-725,00 $;0,00 $;-725,00 $;0,00 $;-725,00 $;240,00;2350,00 $;225,00 $;950,00 $;0,15%;
29/06/2023;1;47575,00 $;450,00 $;450,00 $;0,00 $;0,00 $;-1775,00 $;0,00 $;100,00%;450,00 $;450,00 $;0,00 $;450,00 $;0,00 $;210,00;400,00 $;525,00 $;75,00 $;0,15%;
06/07/2023;1;47725,00 $;150,00 $;150,00 $;0,00 $;0,00 $;-1625,00 $;0,00 $;100,00%;150,00 $;150,00 $;0,00 $;150,00 $;0,00 $;90,00;400,00 $;375,00 $;225,00 $;0,15%;
07/07/2023;1;48225,00 $;500,00 $;500,00 $;0,00 $;0,00 $;-1125,00 $;0,00 $;100,00%;500,00 $;500,00 $;0,00 $;500,00 $;0,00 $;240,00;250,00 $;750,00 $;250,00 $;0,15%;
17/07/2023;1;49175,00 $;950,00 $;950,00 $;0,00 $;0,00 $;-175,00 $;0,00 $;100,00%;950,00 $;950,00 $;0,00 $;950,00 $;0,00 $;240,00;375,00 $;1650,00 $;700,00 $;0,15%;
18/07/2023;1;49150,00 $;-25,00 $;0,00 $;-25,00 $;0,00 $;-200,00 $;-25,00 $;0,00%;-25,00 $;0,00 $;-25,00 $;0,00 $;-25,00 $;240,00;500,00 $;1000,00 $;1025,00 $;0,15%;
19/07/2023;1;49200,00 $;50,00 $;50,00 $;0,00 $;0,00 $;-150,00 $;0,00 $;100,00%;50,00 $;50,00 $;0,00 $;50,00 $;0,00 $;210,00;750,00 $;125,00 $;75,00 $;0,15%;
20/07/2023;1;49125,00 $;-75,00 $;0,00 $;-75,00 $;0,00 $;-225,00 $;-75,00 $;0,00%;-75,00 $;0,00 $;-75,00 $;0,00 $;-75,00 $;30,00;125,00 $;200,00 $;275,00 $;0,15%;
21/07/2023;1;49000,00 $;-125,00 $;0,00 $;-125,00 $;0,00 $;-350,00 $;-125,00 $;0,00%;-125,00 $;0,00 $;-125,00 $;0,00 $;-125,00 $;240,00;800,00 $;325,00 $;450,00 $;0,15%;
24/07/2023;1;48875,00 $;-125,00 $;0,00 $;-125,00 $;0,00 $;-475,00 $;-125,00 $;0,00%;-125,00 $;0,00 $;-125,00 $;0,00 $;-125,00 $;90,00;225,00 $;25,00 $;150,00 $;0,15%;
25/07/2023;1;48700,00 $;-175,00 $;0,00 $;-175,00 $;0,00 $;-650,00 $;-175,00 $;0,00%;-175,00 $;0,00 $;-175,00 $;0,00 $;-175,00 $;150,00;350,00 $;250,00 $;425,00 $;0,15%;
26/07/2023;1;48050,00 $;-650,00 $;0,00 $;-650,00 $;0,00 $;-1300,00 $;-650,00 $;0,00%;-650,00 $;0,00 $;-650,00 $;0,00 $;-650,00 $;240,00;1300,00 $;200,00 $;850,00 $;0,15%;
27/07/2023;1;48125,00 $;75,00 $;75,00 $;0,00 $;0,00 $;-1225,00 $;0,00 $;100,00%;75,00 $;75,00 $;0,00 $;75,00 $;0,00 $;30,00;150,00 $;225,00 $;150,00 $;0,15%;
28/07/2023;1;48100,00 $;-25,00 $;0,00 $;-25,00 $;0,00 $;-1250,00 $;-25,00 $;0,00%;-25,00 $;0,00 $;-25,00 $;0,00 $;-25,00 $;30,00;200,00 $;125,00 $;150,00 $;0,15%;
31/07/2023;1;47925,00 $;-175,00 $;0,00 $;-175,00 $;0,00 $;-1425,00 $;-175,00 $;0,00%;-175,00 $;0,00 $;-175,00 $;0,00 $;-175,00 $;240,00;275,00 $;350,00 $;525,00 $;0,15%;
03/08/2023;1;47775,00 $;-150,00 $;0,00 $;-150,00 $;0,00 $;-1575,00 $;-150,00 $;0,00%;-150,00 $;0,00 $;-150,00 $;0,00 $;-150,00 $;240,00;1050,00 $;25,00 $;175,00 $;0,15%;
04/08/2023;1;48225,00 $;450,00 $;450,00 $;0,00 $;0,00 $;-1125,00 $;0,00 $;100,00%;450,00 $;450,00 $;0,00 $;450,00 $;0,00 $;30,00;175,00 $;825,00 $;375,00 $;0,15%;
08/08/2023;1;47125,00 $;-1100,00 $;0,00 $;-1100,00 $;0,00 $;-2225,00 $;-1100,00 $;0,00%;-1100,00 $;0,00 $;-1100,00 $;0,00 $;-1100,00 $;240,00;1725,00 $;0,00 $;1100,00 $;0,15%;
09/08/2023;1;47100,00 $;-25,00 $;0,00 $;-25,00 $;0,00 $;-2250,00 $;-25,00 $;0,00%;-25,00 $;0,00 $;-25,00 $;0,00 $;-25,00 $;210,00;200,00 $;250,00 $;275,00 $;0,15%;
11/08/2023;1;47000,00 $;-100,00 $;0,00 $;-100,00 $;0,00 $;-2350,00 $;-100,00 $;0,00%;-100,00 $;0,00 $;-100,00 $;0,00 $;-100,00 $;150,00;175,00 $;150,00 $;250,00 $;0,15%;
14/08/2023;1;47350,00 $;350,00 $;350,00 $;0,00 $;0,00 $;-2000,00 $;0,00 $;100,00%;350,00 $;350,00 $;0,00 $;350,00 $;0,00 $;150,00;0,00 $;575,00 $;225,00 $;0,15%;
15/08/2023;1;47925,00 $;575,00 $;575,00 $;0,00 $;0,00 $;-1425,00 $;0,00 $;100,00%;575,00 $;575,00 $;0,00 $;575,00 $;0,00 $;90,00;125,00 $;1500,00 $;925,00 $;0,15%;
21/08/2023;1;47525,00 $;-400,00 $;0,00 $;-400,00 $;0,00 $;-1825,00 $;-400,00 $;0,00%;-400,00 $;0,00 $;-400,00 $;0,00 $;-400,00 $;90,00;575,00 $;100,00 $;500,00 $;0,15%;
24/08/2023;1;47300,00 $;-225,00 $;0,00 $;-225,00 $;0,00 $;-2050,00 $;-225,00 $;0,00%;-225,00 $;0,00 $;-225,00 $;0,00 $;-225,00 $;210,00;375,00 $;625,00 $;850,00 $;0,15%;
30/08/2023;1;47100,00 $;-200,00 $;0,00 $;-200,00 $;0,00 $;-2250,00 $;-200,00 $;0,00%;-200,00 $;0,00 $;-200,00 $;0,00 $;-200,00 $;210,00;200,00 $;275,00 $;475,00 $;0,15%;
31/08/2023;1;49425,00 $;2325,00 $;2325,00 $;0,00 $;0,00 $;0,00 $;0,00 $;100,00%;2325,00 $;2325,00 $;0,00 $;2325,00 $;0,00 $;240,00;0,00 $;2900,00 $;575,00 $;0,15%;
05/09/2023;1;49650,00 $;225,00 $;225,00 $;0,00 $;0,00 $;0,00 $;0,00 $;100,00%;225,00 $;225,00 $;0,00 $;225,00 $;0,00 $;90,00;225,00 $;325,00 $;100,00 $;0,15%;
06/09/2023;1;49250,00 $;-400,00 $;0,00 $;-400,00 $;0,00 $;-400,00 $;-400,00 $;0,00%;-400,00 $;0,00 $;-400,00 $;0,00 $;-400,00 $;240,00;2600,00 $;825,00 $;1225,00 $;0,15%;
07/09/2023;1;48950,00 $;-300,00 $;0,00 $;-300,00 $;0,00 $;-700,00 $;-300,00 $;0,00%;-300,00 $;0,00 $;-300,00 $;0,00 $;-300,00 $;240,00;600,00 $;75,00 $;375,00 $;0,15%;
13/09/2023;1;49500,00 $;550,00 $;550,00 $;0,00 $;0,00 $;-150,00 $;0,00 $;100,00%;550,00 $;550,00 $;0,00 $;550,00 $;0,00 $;240,00;300,00 $;800,00 $;250,00 $;0,15%;
15/09/2023;1;49100,00 $;-400,00 $;0,00 $;-400,00 $;0,00 $;-550,00 $;-400,00 $;0,00%;-400,00 $;0,00 $;-400,00 $;0,00 $;-400,00 $;240,00;400,00 $;50,00 $;450,00 $;0,15%;
20/09/2023;1;49725,00 $;625,00 $;625,00 $;0,00 $;0,00 $;0,00 $;0,00 $;100,00%;625,00 $;625,00 $;0,00 $;625,00 $;0,00 $;240,00;775,00 $;1150,00 $;525,00 $;0,15%;
25/09/2023;1;49775,00 $;50,00 $;50,00 $;0,00 $;0,00 $;0,00 $;0,00 $;100,00%;50,00 $;50,00 $;0,00 $;50,00 $;0,00 $;30,00;425,00 $;50,00 $;0,00 $;0,15%;
26/09/2023;1;49500,00 $;-275,00 $;0,00 $;-275,00 $;0,00 $;-275,00 $;-275,00 $;0,00%;-275,00 $;0,00 $;-275,00 $;0,00 $;-275,00 $;240,00;600,00 $;25,00 $;300,00 $;0,15%;
03/10/2023;1;49250,00 $;-250,00 $;0,00 $;-250,00 $;0,00 $;-525,00 $;-250,00 $;0,00%;-250,00 $;0,00 $;-250,00 $;0,00 $;-250,00 $;240,00;375,00 $;375,00 $;625,00 $;0,15%;
04/10/2023;1;49425,00 $;175,00 $;175,00 $;0,00 $;0,00 $;-350,00 $;0,00 $;100,00%;175,00 $;175,00 $;0,00 $;175,00 $;0,00 $;0,00;25,00 $;175,00 $;0,00 $;0,15%;
06/10/2023;1;49625,00 $;200,00 $;200,00 $;0,00 $;0,00 $;-150,00 $;0,00 $;100,00%;200,00 $;200,00 $;0,00 $;200,00 $;0,00 $;90,00;325,00 $;275,00 $;75,00 $;0,15%;
10/10/2023;1;50075,00 $;450,00 $;450,00 $;0,00 $;0,00 $;0,00 $;0,00 $;100,00%;450,00 $;450,00 $;0,00 $;450,00 $;0,00 $;210,00;100,00 $;600,00 $;150,00 $;0,15%;
11/10/2023;1;49875,00 $;-200,00 $;0,00 $;-200,00 $;0,00 $;-200,00 $;-200,00 $;0,00%;-200,00 $;0,00 $;-200,00 $;0,00 $;-200,00 $;210,00;350,00 $;550,00 $;750,00 $;0,15%;
13/10/2023;1;49150,00 $;-725,00 $;0,00 $;-725,00 $;0,00 $;-925,00 $;-725,00 $;0,00%;-725,00 $;0,00 $;-725,00 $;0,00 $;-725,00 $;90,00;900,00 $;150,00 $;875,00 $;0,15%;
17/10/2023;1;49400,00 $;250,00 $;250,00 $;0,00 $;0,00 $;-675,00 $;0,00 $;100,00%;250,00 $;250,00 $;0,00 $;250,00 $;0,00 $;90,00;150,00 $;750,00 $;500,00 $;0,15%;
18/10/2023;1;49875,00 $;475,00 $;475,00 $;0,00 $;0,00 $;-200,00 $;0,00 $;100,00%;475,00 $;475,00 $;0,00 $;475,00 $;0,00 $;90,00;75,00 $;675,00 $;200,00 $;0,15%;
19/10/2023;1;49425,00 $;-450,00 $;0,00 $;-450,00 $;0,00 $;-650,00 $;-450,00 $;0,00%;-450,00 $;0,00 $;-450,00 $;0,00 $;-450,00 $;240,00;850,00 $;25,00 $;475,00 $;0,15%;
20/10/2023;1;49425,00 $;0,00 $;0,00 $;0,00 $;0,00 $;-650,00 $;0,00 $;0,00%;0,00 $;0,00 $;0,00 $;0,00 $;0,00 $;0,00;200,00 $;0,00 $;0,00 $;0,15%;
25/10/2023;1;50150,00 $;725,00 $;725,00 $;0,00 $;0,00 $;0,00 $;0,00 $;100,00%;725,00 $;725,00 $;0,00 $;725,00 $;0,00 $;240,00;800,00 $;1075,00 $;350,00 $;0,15%;
26/10/2023;1;49175,00 $;-975,00 $;0,00 $;-975,00 $;0,00 $;-975,00 $;-975,00 $;0,00%;-975,00 $;0,00 $;-975,00 $;0,00 $;-975,00 $;150,00;1175,00 $;125,00 $;1100,00 $;0,15%;
27/10/2023;1;49775,00 $;600,00 $;600,00 $;0,00 $;0,00 $;-375,00 $;0,00 $;100,00%;600,00 $;600,00 $;0,00 $;600,00 $;0,00 $;240,00;525,00 $;2025,00 $;1425,00 $;0,15%;
31/10/2023;1;48750,00 $;-1025,00 $;0,00 $;-1025,00 $;0,00 $;-1400,00 $;-1025,00 $;0,00%;-1025,00 $;0,00 $;-1025,00 $;0,00 $;-1025,00 $;240,00;1450,00 $;350,00 $;1375,00 $;0,15%;
02/11/2023;1;48775,00 $;25,00 $;25,00 $;0,00 $;0,00 $;-1375,00 $;0,00 $;100,00%;25,00 $;25,00 $;0,00 $;25,00 $;0,00 $;0,00;0,00 $;500,00 $;475,00 $;0,15%;
03/11/2023;1;48475,00 $;-300,00 $;0,00 $;-300,00 $;0,00 $;-1675,00 $;-300,00 $;0,00%;-300,00 $;0,00 $;-300,00 $;0,00 $;-300,00 $;240,00;850,00 $;375,00 $;675,00 $;0,15%;
06/11/2023;1;48525,00 $;50,00 $;50,00 $;0,00 $;0,00 $;-1625,00 $;0,00 $;100,00%;50,00 $;50,00 $;0,00 $;50,00 $;0,00 $;0,00;75,00 $;100,00 $;50,00 $;0,15%;
07/11/2023;2;47125,00 $;-1400,00 $;125,00 $;-1525,00 $;0,00 $;-3150,00 $;-1525,00 $;50,00%;-700,00 $;125,00 $;-1525,00 $;125,00 $;-1525,00 $;270,00;1000,00 $;487,50 $;1187,50 $;0,30%;
08/11/2023;1;46875,00 $;-250,00 $;0,00 $;-250,00 $;0,00 $;-3275,00 $;-250,00 $;0,00%;-250,00 $;0,00 $;-250,00 $;0,00 $;-250,00 $;240,00;825,00 $;100,00 $;350,00 $;0,15%;
10/11/2023;1;46850,00 $;-25,00 $;0,00 $;-25,00 $;0,00 $;-3300,00 $;-25,00 $;0,00%;-25,00 $;0,00 $;-25,00 $;0,00 $;-25,00 $;90,00;425,00 $;550,00 $;575,00 $;0,15%;
13/11/2023;1;48550,00 $;1700,00 $;1700,00 $;0,00 $;0,00 $;-1600,00 $;0,00 $;100,00%;1700,00 $;1700,00 $;0,00 $;1700,00 $;0,00 $;30,00;175,00 $;2550,00 $;850,00 $;0,15%;
15/11/2023;1;46725,00 $;-1825,00 $;0,00 $;-1825,00 $;0,00 $;-3425,00 $;-1825,00 $;0,00%;-1825,00 $;0,00 $;-1825,00 $;0,00 $;-1825,00 $;210,00;2750,00 $;275,00 $;2100,00 $;0,15%;
17/11/2023;1;46825,00 $;100,00 $;100,00 $;0,00 $;0,00 $;-3325,00 $;0,00 $;100,00%;100,00 $;100,00 $;0,00 $;100,00 $;0,00 $;30,00;125,00 $;425,00 $;325,00 $;0,15%;
22/11/2023;1;44750,00 $;-2075,00 $;0,00 $;-2075,00 $;0,00 $;-5400,00 $;-2075,00 $;0,00%;-2075,00 $;0,00 $;-2075,00 $;0,00 $;-2075,00 $;240,00;2325,00 $;450,00 $;2525,00 $;0,15%;
28/11/2023;1;43400,00 $;-1350,00 $;0,00 $;-1350,00 $;0,00 $;-6750,00 $;-1350,00 $;0,00%;-1350,00 $;0,00 $;-1350,00 $;0,00 $;-1350,00 $;240,00;2400,00 $;0,00 $;1350,00 $;0,15%;
30/11/2023;1;43150,00 $;-250,00 $;0,00 $;-250,00 $;0,00 $;-7000,00 $;-250,00 $;0,00%;-250,00 $;0,00 $;-250,00 $;0,00 $;-250,00 $;150,00;250,00 $;425,00 $;675,00 $;0,15%;
04/12/2023;1;43125,00 $;-25,00 $;0,00 $;-25,00 $;0,00 $;-7025,00 $;-25,00 $;0,00%;-25,00 $;0,00 $;-25,00 $;0,00 $;-25,00 $;30,00;25,00 $;450,00 $;475,00 $;0,15%;
08/12/2023;1;42000,00 $;-1125,00 $;0,00 $;-1125,00 $;0,00 $;-8150,00 $;-1125,00 $;0,00%;-1125,00 $;0,00 $;-1125,00 $;0,00 $;-1125,00 $;90,00;1375,00 $;50,00 $;1175,00 $;0,15%;
12/12/2023;1;43025,00 $;1025,00 $;1025,00 $;0,00 $;0,00 $;-7125,00 $;0,00 $;100,00%;1025,00 $;1025,00 $;0,00 $;1025,00 $;0,00 $;240,00;150,00 $;1425,00 $;400,00 $;0,15%;
13/12/2023;1;41225,00 $;-1800,00 $;0,00 $;-1800,00 $;0,00 $;-8925,00 $;-1800,00 $;0,00%;-1800,00 $;0,00 $;-1800,00 $;0,00 $;-1800,00 $;240,00;2550,00 $;575,00 $;2375,00 $;0,15%;
14/12/2023;1;41000,00 $;-225,00 $;0,00 $;-225,00 $;0,00 $;-9150,00 $;-225,00 $;0,00%;-225,00 $;0,00 $;-225,00 $;0,00 $;-225,00 $;240,00;1725,00 $;125,00 $;350,00 $;0,15%;
15/12/2023;1;40975,00 $;-25,00 $;0,00 $;-25,00 $;0,00 $;-9175,00 $;-25,00 $;0,00%;-25,00 $;0,00 $;-25,00 $;0,00 $;-25,00 $;90,00;425,00 $;275,00 $;300,00 $;0,15%;
18/12/2023;1;38350,00 $;-2625,00 $;0,00 $;-2625,00 $;0,00 $;-11800,00 $;-2625,00 $;0,00%;-2625,00 $;0,00 $;-2625,00 $;0,00 $;-2625,00 $;150,00;2925,00 $;0,00 $;2625,00 $;0,15%;
19/12/2023;1;38100,00 $;-250,00 $;0,00 $;-250,00 $;0,00 $;-12050,00 $;-250,00 $;0,00%;-250,00 $;0,00 $;-250,00 $;0,00 $;-250,00 $;0,00;325,00 $;125,00 $;375,00 $;0,15%;
21/12/2023;1;36525,00 $;-1575,00 $;0,00 $;-1575,00 $;0,00 $;-13625,00 $;-1575,00 $;0,00%;-1575,00 $;0,00 $;-1575,00 $;0,00 $;-1575,00 $;90,00;2125,00 $;175,00 $;1750,00 $;0,15%;
22/12/2023;1;36600,00 $;75,00 $;75,00 $;0,00 $;0,00 $;-13550,00 $;0,00 $;100,00%;75,00 $;75,00 $;0,00 $;75,00 $;0,00 $;90,00;250,00 $;425,00 $;350,00 $;0,15%;
26/12/2023;1;36350,00 $;-250,00 $;0,00 $;-250,00 $;0,00 $;-13800,00 $;-250,00 $;0,00%;-250,00 $;0,00 $;-250,00 $;0,00 $;-250,00 $;30,00;425,00 $;125,00 $;375,00 $;0,15%;
28/12/2023;1;37325,00 $;975,00 $;975,00 $;0,00 $;0,00 $;-12825,00 $;0,00 $;100,00%;975,00 $;975,00 $;0,00 $;975,00 $;0,00 $;240,00;550,00 $;975,00 $;0,00 $;0,15%;
02/01/2024;1;37425,00 $;100,00 $;100,00 $;0,00 $;0,00 $;-12725,00 $;0,00 $;100,00%;100,00 $;100,00 $;0,00 $;100,00 $;0,00 $;150,00;900,00 $;1100,00 $;1000,00 $;0,15%;
04/01/2024;1;37400,00 $;-25,00 $;0,00 $;-25,00 $;0,00 $;-12750,00 $;-25,00 $;0,00%;-25,00 $;0,00 $;-25,00 $;0,00 $;-25,00 $;150,00;1450,00 $;275,00 $;300,00 $;0,15%;
05/01/2024;1;36675,00 $;-725,00 $;0,00 $;-725,00 $;0,00 $;-13475,00 $;-725,00 $;0,00%;-725,00 $;0,00 $;-725,00 $;0,00 $;-725,00 $;240,00;825,00 $;1000,00 $;1725,00 $;0,15%;
08/01/2024;1;32500,00 $;-4175,00 $;0,00 $;-4175,00 $;0,00 $;-17650,00 $;-4175,00 $;0,00%;-4175,00 $;0,00 $;-4175,00 $;0,00 $;-4175,00 $;240,00;4525,00 $;675,00 $;4850,00 $;0,15%;
09/01/2024;1;29950,00 $;-2550,00 $;0,00 $;-2550,00 $;0,00 $;-20200,00 $;-2550,00 $;0,00%;-2550,00 $;0,00 $;-2550,00 $;0,00 $;-2550,00 $;90,00;5675,00 $;1350,00 $;3900,00 $;0,15%;
12/01/2024;1;32725,00 $;2775,00 $;2775,00 $;0,00 $;0,00 $;-17425,00 $;0,00 $;100,00%;2775,00 $;2775,00 $;0,00 $;2775,00 $;0,00 $;30,00;50,00 $;3800,00 $;1025,00 $;0,15%;
16/01/2024;1;31275,00 $;-1450,00 $;0,00 $;-1450,00 $;0,00 $;-18875,00 $;-1450,00 $;0,00%;-1450,00 $;0,00 $;-1450,00 $;0,00 $;-1450,00 $;240,00;1650,00 $;25,00 $;1475,00 $;0,15%;
17/01/2024;1;31325,00 $;50,00 $;50,00 $;0,00 $;0,00 $;-18825,00 $;0,00 $;100,00%;50,00 $;50,00 $;0,00 $;50,00 $;0,00 $;210,00;600,00 $;950,00 $;900,00 $;0,15%;
23/01/2024;1;30875,00 $;-450,00 $;0,00 $;-450,00 $;0,00 $;-19275,00 $;-450,00 $;0,00%;-450,00 $;0,00 $;-450,00 $;0,00 $;-450,00 $;30,00;625,00 $;125,00 $;575,00 $;0,15%;
24/01/2024;1;31600,00 $;725,00 $;725,00 $;0,00 $;0,00 $;-18550,00 $;0,00 $;100,00%;725,00 $;725,00 $;0,00 $;725,00 $;0,00 $;240,00;550,00 $;1500,00 $;775,00 $;0,15%;
25/01/2024;1;31425,00 $;-175,00 $;0,00 $;-175,00 $;0,00 $;-18725,00 $;-175,00 $;0,00%;-175,00 $;0,00 $;-175,00 $;0,00 $;-175,00 $;30,00;450,00 $;450,00 $;625,00 $;0,15%;
26/01/2024;1;31450,00 $;25,00 $;25,00 $;0,00 $;0,00 $;-18700,00 $;0,00 $;100,00%;25,00 $;25,00 $;0,00 $;25,00 $;0,00 $;30,00;150,00 $;300,00 $;275,00 $;0,15%;
30/01/2024;1;31550,00 $;100,00 $;100,00 $;0,00 $;0,00 $;-18600,00 $;0,00 $;100,00%;100,00 $;100,00 $;0,00 $;100,00 $;0,00 $;30,00;600,00 $;475,00 $;375,00 $;0,15%;
02/02/2024;2;32075,00 $;525,00 $;525,00 $;0,00 $;0,00 $;-18325,00 $;0,00 $;100,00%;262,50 $;262,50 $;0,00 $;275,00 $;0,00 $;240,00;150,00 $;637,50 $;375,00 $;0,30%;
05/02/2024;1;31925,00 $;-150,00 $;0,00 $;-150,00 $;0,00 $;-18225,00 $;-150,00 $;0,00%;-150,00 $;0,00 $;-150,00 $;0,00 $;-150,00 $;30,00;475,00 $;75,00 $;225,00 $;0,15%;
08/02/2024;1;32125,00 $;200,00 $;200,00 $;0,00 $;0,00 $;-18025,00 $;0,00 $;100,00%;200,00 $;200,00 $;0,00 $;200,00 $;0,00 $;30,00;300,00 $;300,00 $;100,00 $;0,15%;
13/02/2024;1;31275,00 $;-850,00 $;0,00 $;-850,00 $;0,00 $;-18875,00 $;-850,00 $;0,00%;-850,00 $;0,00 $;-850,00 $;0,00 $;-850,00 $;30,00;1875,00 $;0,00 $;850,00 $;0,15%;
15/02/2024;1;32425,00 $;1150,00 $;1150,00 $;0,00 $;0,00 $;-17725,00 $;0,00 $;100,00%;1150,00 $;1150,00 $;0,00 $;1150,00 $;0,00 $;90,00;1650,00 $;1250,00 $;100,00 $;0,15%;
22/02/2024;1;34100,00 $;1675,00 $;1675,00 $;0,00 $;0,00 $;-16050,00 $;0,00 $;100,00%;1675,00 $;1675,00 $;0,00 $;1675,00 $;0,00 $;30,00;750,00 $;2450,00 $;775,00 $;0,15%;
26/02/2024;1;33975,00 $;-125,00 $;0,00 $;-125,00 $;0,00 $;-16175,00 $;-125,00 $;0,00%;-125,00 $;0,00 $;-125,00 $;0,00 $;-125,00 $;0,00;225,00 $;25,00 $;150,00 $;0,15%;
27/02/2024;1;34150,00 $;175,00 $;175,00 $;0,00 $;0,00 $;-16000,00 $;0,00 $;100,00%;175,00 $;175,00 $;0,00 $;175,00 $;0,00 $;30,00;475,00 $;575,00 $;400,00 $;0,15%;
01/03/2024;1;32050,00 $;-2100,00 $;0,00 $;-2100,00 $;0,00 $;-18100,00 $;-2100,00 $;0,00%;-2100,00 $;0,00 $;-2100,00 $;0,00 $;-2100,00 $;240,00;2350,00 $;650,00 $;2750,00 $;0,15%;
04/03/2024;1;30050,00 $;-2000,00 $;0,00 $;-2000,00 $;0,00 $;-20100,00 $;-2000,00 $;0,00%;-2000,00 $;0,00 $;-2000,00 $;0,00 $;-2000,00 $;240,00;3150,00 $;1025,00 $;3025,00 $;0,15%;
07/03/2024;1;25800,00 $;-4250,00 $;0,00 $;-4250,00 $;0,00 $;-24350,00 $;-4250,00 $;0,00%;-4250,00 $;0,00 $;-4250,00 $;0,00 $;-4250,00 $;240,00;4375,00 $;500,00 $;4750,00 $;0,15%;
08/03/2024;1;24925,00 $;-875,00 $;0,00 $;-875,00 $;0,00 $;-25225,00 $;-875,00 $;0,00%;-875,00 $;0,00 $;-875,00 $;0,00 $;-875,00 $;90,00;3025,00 $;25,00 $;900,00 $;0,15%;
11/03/2024;1;24425,00 $;-500,00 $;0,00 $;-500,00 $;0,00 $;-25725,00 $;-500,00 $;0,00%;-500,00 $;0,00 $;-500,00 $;0,00 $;-500,00 $;210,00;3375,00 $;25,00 $;525,00 $;0,15%;
13/03/2024;1;23800,00 $;-625,00 $;0,00 $;-625,00 $;0,00 $;-26350,00 $;-625,00 $;0,00%;-625,00 $;0,00 $;-625,00 $;0,00 $;-625,00 $;240,00;1800,00 $;1150,00 $;1775,00 $;0,15%;
18/03/2024;1;23750,00 $;-50,00 $;0,00 $;-50,00 $;0,00 $;-26400,00 $;-50,00 $;0,00%;-50,00 $;0,00 $;-50,00 $;0,00 $;-50,00 $;30,00;425,00 $;1375,00 $;1425,00 $;0,15%;
19/03/2024;1;26750,00 $;3000,00 $;3000,00 $;0,00 $;0,00 $;-23400,00 $;0,00 $;100,00%;3000,00 $;3000,00 $;0,00 $;3000,00 $;0,00 $;30,00;500,00 $;3650,00 $;650,00 $;0,15%;
21/03/2024;1;27050,00 $;300,00 $;300,00 $;0,00 $;0,00 $;-23100,00 $;0,00 $;100,00%;300,00 $;300,00 $;0,00 $;300,00 $;0,00 $;150,00;475,00 $;3850,00 $;3550,00 $;0,15%;
25/03/2024;1;24600,00 $;-2450,00 $;0,00 $;-2450,00 $;0,00 $;-25550,00 $;-2450,00 $;0,00%;-2450,00 $;0,00 $;-2450,00 $;0,00 $;-2450,00 $;210,00;3875,00 $;50,00 $;2500,00 $;0,15%;
26/03/2024;1;25000,00 $;400,00 $;400,00 $;0,00 $;0,00 $;-25150,00 $;0,00 $;100,00%;400,00 $;400,00 $;0,00 $;400,00 $;0,00 $;150,00;850,00 $;1150,00 $;750,00 $;0,15%;
27/03/2024;1;25475,00 $;475,00 $;475,00 $;0,00 $;0,00 $;-24675,00 $;0,00 $;100,00%;475,00 $;475,00 $;0,00 $;475,00 $;0,00 $;150,00;125,00 $;3075,00 $;2600,00 $;0,15%;
28/03/2024;1;25800,00 $;325,00 $;325,00 $;0,00 $;0,00 $;-24350,00 $;0,00 $;100,00%;325,00 $;325,00 $;0,00 $;325,00 $;0,00 $;90,00;650,00 $;750,00 $;425,00 $;0,15%;
09/04/2024;1;26200,00 $;400,00 $;400,00 $;0,00 $;0,00 $;-23950,00 $;0,00 $;100,00%;400,00 $;400,00 $;0,00 $;400,00 $;0,00 $;30,00;325,00 $;450,00 $;50,00 $;0,15%;
12/04/2024;1;37600,00 $;11400,00 $;11400,00 $;0,00 $;0,00 $;-12550,00 $;0,00 $;100,00%;11400,00 $;11400,00 $;0,00 $;11400,00 $;0,00 $;240,00;75,00 $;19525,00 $;8125,00 $;0,15%;
16/04/2024;1;37725,00 $;125,00 $;125,00 $;0,00 $;0,00 $;-12425,00 $;0,00 $;100,00%;125,00 $;125,00 $;0,00 $;125,00 $;0,00 $;30,00;0,00 $;875,00 $;750,00 $;0,15%;
18/04/2024;1;38425,00 $;700,00 $;700,00 $;0,00 $;0,00 $;-11725,00 $;0,00 $;100,00%;700,00 $;700,00 $;0,00 $;700,00 $;0,00 $;210,00;75,00 $;2900,00 $;2200,00 $;0,15%;
22/04/2024;1;37900,00 $;-525,00 $;0,00 $;-525,00 $;0,00 $;-12250,00 $;-525,00 $;0,00%;-525,00 $;0,00 $;-525,00 $;0,00 $;-525,00 $;30,00;1000,00 $;300,00 $;825,00 $;0,15%;
23/04/2024;1;39000,00 $;1100,00 $;1100,00 $;0,00 $;0,00 $;-11150,00 $;0,00 $;100,00%;1100,00 $;1100,00 $;0,00 $;1100,00 $;0,00 $;150,00;600,00 $;2300,00 $;1200,00 $;0,15%;
24/04/2024;1;41650,00 $;2650,00 $;2650,00 $;0,00 $;0,00 $;-8500,00 $;0,00 $;100,00%;2650,00 $;2650,00 $;0,00 $;2650,00 $;0,00 $;240,00;175,00 $;2850,00 $;200,00 $;0,15%;
25/04/2024;1;40950,00 $;-700,00 $;0,00 $;-700,00 $;0,00 $;-9200,00 $;-700,00 $;0,00%;-700,00 $;0,00 $;-700,00 $;0,00 $;-700,00 $;210,00;1475,00 $;300,00 $;1000,00 $;0,15%;
26/04/2024;1;40850,00 $;-100,00 $;0,00 $;-100,00 $;0,00 $;-9300,00 $;-100,00 $;0,00%;-100,00 $;0,00 $;-100,00 $;0,00 $;-100,00 $;30,00;275,00 $;600,00 $;700,00 $;0,15%;
29/04/2024;1;41225,00 $;375,00 $;375,00 $;0,00 $;0,00 $;-8925,00 $;0,00 $;100,00%;375,00 $;375,00 $;0,00 $;375,00 $;0,00 $;240,00;900,00 $;675,00 $;300,00 $;0,15%;
02/05/2024;1;41875,00 $;650,00 $;650,00 $;0,00 $;0,00 $;-8275,00 $;0,00 $;100,00%;650,00 $;650,00 $;0,00 $;650,00 $;0,00 $;240,00;325,00 $;1350,00 $;700,00 $;0,15%;
03/05/2024;1;41075,00 $;-800,00 $;0,00 $;-800,00 $;0,00 $;-9075,00 $;-800,00 $;0,00%;-800,00 $;0,00 $;-800,00 $;0,00 $;-800,00 $;210,00;1100,00 $;1200,00 $;2000,00 $;0,15%;
06/05/2024;1;42100,00 $;1025,00 $;1025,00 $;0,00 $;0,00 $;-8050,00 $;0,00 $;100,00%;1025,00 $;1025,00 $;0,00 $;1025,00 $;0,00 $;240,00;825,00 $;1550,00 $;525,00 $;0,15%;
13/05/2024;1;41000,00 $;-1100,00 $;0,00 $;-1100,00 $;0,00 $;-9150,00 $;-1100,00 $;0,00%;-1100,00 $;0,00 $;-1100,00 $;0,00 $;-1100,00 $;90,00;1400,00 $;0,00 $;1100,00 $;0,15%;
15/05/2024;1;39200,00 $;-1800,00 $;0,00 $;-1800,00 $;0,00 $;-10950,00 $;-1800,00 $;0,00%;-1800,00 $;0,00 $;-1800,00 $;0,00 $;-1800,00 $;150,00;2225,00 $;175,00 $;1975,00 $;0,15%;
16/05/2024;1;39900,00 $;700,00 $;700,00 $;0,00 $;0,00 $;-10250,00 $;0,00 $;100,00%;700,00 $;700,00 $;0,00 $;700,00 $;0,00 $;210,00;500,00 $;1200,00 $;500,00 $;0,15%;
17/05/2024;1;39475,00 $;-425,00 $;0,00 $;-425,00 $;0,00 $;-10675,00 $;-425,00 $;0,00%;-425,00 $;0,00 $;-425,00 $;0,00 $;-425,00 $;30,00;425,00 $;200,00 $;625,00 $;0,15%;
20/05/2024;1;27275,00 $;-12200,00 $;0,00 $;-12200,00 $;0,00 $;-22875,00 $;-12200,00 $;0,00%;-12200,00 $;0,00 $;-12200,00 $;0,00 $;-12200,00 $;240,00;12225,00 $;325,00 $;12525,00 $;0,15%;
22/05/2024;1;27625,00 $;350,00 $;350,00 $;0,00 $;0,00 $;-22525,00 $;0,00 $;100,00%;350,00 $;350,00 $;0,00 $;350,00 $;0,00 $;210,00;2000,00 $;2900,00 $;2550,00 $;0,15%;
23/05/2024;1;31200,00 $;3575,00 $;3575,00 $;0,00 $;0,00 $;-18950,00 $;0,00 $;100,00%;3575,00 $;3575,00 $;0,00 $;3575,00 $;0,00 $;210,00;1775,00 $;14025,00 $;10450,00 $;0,15%;
27/05/2024;1;30550,00 $;-650,00 $;0,00 $;-650,00 $;0,00 $;-19600,00 $;-650,00 $;0,00%;-650,00 $;0,00 $;-650,00 $;0,00 $;-650,00 $;30,00;1900,00 $;0,00 $;650,00 $;0,15%;
28/05/2024;1;30600,00 $;50,00 $;50,00 $;0,00 $;0,00 $;-19550,00 $;0,00 $;100,00%;50,00 $;50,00 $;0,00 $;50,00 $;0,00 $;150,00;900,00 $;3125,00 $;3075,00 $;0,15%;
29/05/2024;1;30975,00 $;375,00 $;375,00 $;0,00 $;0,00 $;-19175,00 $;0,00 $;100,00%;375,00 $;375,00 $;0,00 $;375,00 $;0,00 $;30,00;0,00 $;1075,00 $;700,00 $;0,15%;
30/05/2024;1;32625,00 $;1650,00 $;1650,00 $;0,00 $;0,00 $;-17525,00 $;0,00 $;100,00%;1650,00 $;1650,00 $;0,00 $;1650,00 $;0,00 $;210,00;2450,00 $;2875,00 $;1225,00 $;0,15%;
31/05/2024;1;31600,00 $;-1025,00 $;0,00 $;-1025,00 $;0,00 $;-18550,00 $;-1025,00 $;0,00%;-1025,00 $;0,00 $;-1025,00 $;0,00 $;-1025,00 $;90,00;1250,00 $;450,00 $;1475,00 $;0,15%;
03/06/2024;1;31650,00 $;50,00 $;50,00 $;0,00 $;0,00 $;-18500,00 $;0,00 $;100,00%;50,00 $;50,00 $;0,00 $;50,00 $;0,00 $;150,00;975,00 $;275,00 $;225,00 $;0,15%;
05/06/2024;1;29850,00 $;-1800,00 $;0,00 $;-1800,00 $;0,00 $;-20300,00 $;-1800,00 $;0,00%;-1800,00 $;0,00 $;-1800,00 $;0,00 $;-1800,00 $;240,00;2925,00 $;1300,00 $;3100,00 $;0,15%;
06/06/2024;1;31575,00 $;1725,00 $;1725,00 $;0,00 $;0,00 $;-18575,00 $;0,00 $;100,00%;1725,00 $;1725,00 $;0,00 $;1725,00 $;0,00 $;90,00;200,00 $;3550,00 $;1825,00 $;0,15%;
07/06/2024;1;37450,00 $;5875,00 $;5875,00 $;0,00 $;0,00 $;-12700,00 $;0,00 $;100,00%;5875,00 $;5875,00 $;0,00 $;5875,00 $;0,00 $;240,00;150,00 $;11800,00 $;5925,00 $;0,15%;
10/06/2024;1;38225,00 $;775,00 $;775,00 $;0,00 $;0,00 $;-11925,00 $;0,00 $;100,00%;775,00 $;775,00 $;0,00 $;775,00 $;0,00 $;30,00;25,00 $;1625,00 $;850,00 $;0,15%;
13/06/2024;1;38000,00 $;-225,00 $;0,00 $;-225,00 $;0,00 $;-12150,00 $;-225,00 $;0,00%;-225,00 $;0,00 $;-225,00 $;0,00 $;-225,00 $;90,00;800,00 $;575,00 $;800,00 $;0,15%;
14/06/2024;1;42525,00 $;4525,00 $;4525,00 $;0,00 $;0,00 $;-7625,00 $;0,00 $;100,00%;4525,00 $;4525,00 $;0,00 $;4525,00 $;0,00 $;240,00;250,00 $;6400,00 $;1875,00 $;0,15%;
18/06/2024;1;39925,00 $;-2600,00 $;0,00 $;-2600,00 $;0,00 $;-10225,00 $;-2600,00 $;0,00%;-2600,00 $;0,00 $;-2600,00 $;0,00 $;-2600,00 $;150,00;3025,00 $;1000,00 $;3600,00 $;0,15%;
25/06/2024;1;39175,00 $;-750,00 $;0,00 $;-750,00 $;0,00 $;-10975,00 $;-750,00 $;0,00%;-750,00 $;0,00 $;-750,00 $;0,00 $;-750,00 $;210,00;1375,00 $;950,00 $;1700,00 $;0,15%;
26/06/2024;1;37750,00 $;-1425,00 $;0,00 $;-1425,00 $;0,00 $;-12400,00 $;-1425,00 $;0,00%;-1425,00 $;0,00 $;-1425,00 $;0,00 $;-1425,00 $;90,00;2550,00 $;450,00 $;1875,00 $;0,15%;
27/06/2024;1;37850,00 $;100,00 $;100,00 $;0,00 $;0,00 $;-12300,00 $;0,00 $;100,00%;100,00 $;100,00 $;0,00 $;100,00 $;0,00 $;210,00;1150,00 $;350,00 $;250,00 $;0,15%;
02/07/2024;1;37500,00 $;-350,00 $;0,00 $;-350,00 $;0,00 $;-12650,00 $;-350,00 $;0,00%;-350,00 $;0,00 $;-350,00 $;0,00 $;-350,00 $;150,00;950,00 $;200,00 $;550,00 $;0,15%;
08/07/2024;1;37500,00 $;0,00 $;0,00 $;0,00 $;0,00 $;-12650,00 $;0,00 $;0,00%;0,00 $;0,00 $;0,00 $;0,00 $;0,00 $;30,00;800,00 $;425,00 $;425,00 $;0,15%;
10/07/2024;1;37500,00 $;0,00 $;0,00 $;0,00 $;0,00 $;-12650,00 $;0,00 $;0,00%;0,00 $;0,00 $;0,00 $;0,00 $;0,00 $;90,00;750,00 $;250,00 $;250,00 $;0,15%;
12/07/2024;1;37375,00 $;-125,00 $;0,00 $;-125,00 $;0,00 $;-12775,00 $;-125,00 $;0,00%;-125,00 $;0,00 $;-125,00 $;0,00 $;-125,00 $;240,00;1200,00 $;875,00 $;1000,00 $;0,15%;
16/07/2024;1;38875,00 $;1500,00 $;1500,00 $;0,00 $;0,00 $;-11275,00 $;0,00 $;100,00%;1500,00 $;1500,00 $;0,00 $;1500,00 $;0,00 $;30,00;250,00 $;1500,00 $;0,00 $;0,15%;
19/07/2024;1;38250,00 $;-625,00 $;0,00 $;-625,00 $;0,00 $;-11900,00 $;-625,00 $;0,00%;-625,00 $;0,00 $;-625,00 $;0,00 $;-625,00 $;90,00;2200,00 $;75,00 $;700,00 $;0,15%;
22/07/2024;1;36625,00 $;-1625,00 $;0,00 $;-1625,00 $;0,00 $;-13525,00 $;-1625,00 $;0,00%;-1625,00 $;0,00 $;-1625,00 $;0,00 $;-1625,00 $;240,00;1925,00 $;225,00 $;1850,00 $;0,15%;
26/07/2024;1;36475,00 $;-150,00 $;0,00 $;-150,00 $;0,00 $;-13675,00 $;-150,00 $;0,00%;-150,00 $;0,00 $;-150,00 $;0,00 $;-150,00 $;210,00;1275,00 $;1050,00 $;1200,00 $;0,15%;
29/07/2024;1;35475,00 $;-1000,00 $;0,00 $;-1000,00 $;0,00 $;-14675,00 $;-1000,00 $;0,00%;-1000,00 $;0,00 $;-1000,00 $;0,00 $;-1000,00 $;90,00;1000,00 $;375,00 $;1375,00 $;0,15%;
30/07/2024;1;38400,00 $;2925,00 $;2925,00 $;0,00 $;0,00 $;-11750,00 $;0,00 $;100,00%;2925,00 $;2925,00 $;0,00 $;2925,00 $;0,00 $;240,00;350,00 $;3050,00 $;125,00 $;0,15%;
31/07/2024;1;42300,00 $;3900,00 $;3900,00 $;0,00 $;0,00 $;-7850,00 $;0,00 $;100,00%;3900,00 $;3900,00 $;0,00 $;3900,00 $;0,00 $;150,00;1075,00 $;4225,00 $;325,00 $;0,15%;
02/08/2024;1;42100,00 $;-200,00 $;0,00 $;-200,00 $;0,00 $;-8050,00 $;-200,00 $;0,00%;-200,00 $;0,00 $;-200,00 $;0,00 $;-200,00 $;30,00;1425,00 $;1275,00 $;1475,00 $;0,15%;
06/08/2024;1;44025,00 $;1925,00 $;1925,00 $;0,00 $;0,00 $;-6125,00 $;0,00 $;100,00%;1925,00 $;1925,00 $;0,00 $;1925,00 $;0,00 $;210,00;1650,00 $;2000,00 $;75,00 $;0,15%;
07/08/2024;1;45650,00 $;1625,00 $;1625,00 $;0,00 $;0,00 $;-4500,00 $;0,00 $;100,00%;1625,00 $;1625,00 $;0,00 $;1625,00 $;0,00 $;150,00;475,00 $;3100,00 $;1475,00 $;0,15%;
09/08/2024;1;45625,00 $;-25,00 $;0,00 $;-25,00 $;0,00 $;-4525,00 $;-25,00 $;0,00%;-25,00 $;0,00 $;-25,00 $;0,00 $;-25,00 $;90,00;950,00 $;525,00 $;550,00 $;0,15%;
12/08/2024;1;45175,00 $;-450,00 $;0,00 $;-450,00 $;0,00 $;-4975,00 $;-450,00 $;0,00%;-450,00 $;0,00 $;-450,00 $;0,00 $;-450,00 $;150,00;1475,00 $;2025,00 $;2475,00 $;0,15%;
14/08/2024;1;44325,00 $;-850,00 $;0,00 $;-850,00 $;0,00 $;-5825,00 $;-850,00 $;0,00%;-850,00 $;0,00 $;-850,00 $;0,00 $;-850,00 $;240,00;2125,00 $;25,00 $;875,00 $;0,15%;
15/08/2024;1;50850,00 $;6525,00 $;6525,00 $;0,00 $;0,00 $;0,00 $;0,00 $;100,00%;6525,00 $;6525,00 $;0,00 $;6525,00 $;0,00 $;240,00;525,00 $;6775,00 $;250,00 $;0,15%;
19/08/2024;1;49800,00 $;-1050,00 $;0,00 $;-1050,00 $;0,00 $;-1050,00 $;-1050,00 $;0,00%;-1050,00 $;0,00 $;-1050,00 $;0,00 $;-1050,00 $;240,00;2275,00 $;425,00 $;1475,00 $;0,15%;
20/08/2024;1;50800,00 $;1000,00 $;1000,00 $;0,00 $;0,00 $;-50,00 $;0,00 $;100,00%;1000,00 $;1000,00 $;0,00 $;1000,00 $;0,00 $;240,00;25,00 $;2800,00 $;1800,00 $;0,15%;
21/08/2024;1;51100,00 $;300,00 $;300,00 $;0,00 $;0,00 $;0,00 $;0,00 $;100,00%;300,00 $;300,00 $;0,00 $;300,00 $;0,00 $;90,00;1125,00 $;600,00 $;300,00 $;0,15%;
22/08/2024;1;50550,00 $;-550,00 $;0,00 $;-550,00 $;0,00 $;-550,00 $;-550,00 $;0,00%;-550,00 $;0,00 $;-550,00 $;0,00 $;-550,00 $;90,00;550,00 $;825,00 $;1375,00 $;0,15%;
27/08/2024;1;51125,00 $;575,00 $;575,00 $;0,00 $;0,00 $;0,00 $;0,00 $;100,00%;575,00 $;575,00 $;0,00 $;575,00 $;0,00 $;30,00;0,00 $;600,00 $;25,00 $;0,15%;
29/08/2024;1;53925,00 $;2800,00 $;2800,00 $;0,00 $;0,00 $;0,00 $;0,00 $;100,00%;2800,00 $;2800,00 $;0,00 $;2800,00 $;0,00 $;240,00;450,00 $;3825,00 $;1025,00 $;0,15%;
03/09/2024;1;53300,00 $;-625,00 $;0,00 $;-625,00 $;0,00 $;-625,00 $;-625,00 $;0,00%;-625,00 $;0,00 $;-625,00 $;0,00 $;-625,00 $;240,00;1200,00 $;575,00 $;1200,00 $;0,15%;
04/09/2024;1;53050,00 $;-250,00 $;0,00 $;-250,00 $;0,00 $;-875,00 $;-250,00 $;0,00%;-250,00 $;0,00 $;-250,00 $;0,00 $;-250,00 $;30,00;300,00 $;325,00 $;575,00 $;0,15%;
10/09/2024;1;52075,00 $;-975,00 $;0,00 $;-975,00 $;0,00 $;-1850,00 $;-975,00 $;0,00%;-975,00 $;0,00 $;-975,00 $;0,00 $;-975,00 $;240,00;2225,00 $;1150,00 $;2125,00 $;0,15%;
12/09/2024;1;49850,00 $;-2225,00 $;0,00 $;-2225,00 $;0,00 $;-4075,00 $;-2225,00 $;0,00%;-2225,00 $;0,00 $;-2225,00 $;0,00 $;-2225,00 $;240,00;2275,00 $;200,00 $;2425,00 $;0,15%;
18/09/2024;1;50425,00 $;575,00 $;575,00 $;0,00 $;0,00 $;-3500,00 $;0,00 $;100,00%;575,00 $;575,00 $;0,00 $;575,00 $;0,00 $;90,00;1525,00 $;2175,00 $;1600,00 $;0,15%;
20/09/2024;1;50250,00 $;-175,00 $;0,00 $;-175,00 $;0,00 $;-3675,00 $;-175,00 $;0,00%;-175,00 $;0,00 $;-175,00 $;0,00 $;-175,00 $;90,00;575,00 $;225,00 $;400,00 $;0,15%;
24/09/2024;1;49775,00 $;-475,00 $;0,00 $;-475,00 $;0,00 $;-4150,00 $;-475,00 $;0,00%;-475,00 $;0,00 $;-475,00 $;0,00 $;-475,00 $;150,00;1050,00 $;200,00 $;675,00 $;0,15%;
25/09/2024;1;49725,00 $;-50,00 $;0,00 $;-50,00 $;0,00 $;-4200,00 $;-50,00 $;0,00%;-50,00 $;0,00 $;-50,00 $;0,00 $;-50,00 $;150,00;600,00 $;625,00 $;675,00 $;0,15%;
30/09/2024;1;48025,00 $;-1700,00 $;0,00 $;-1700,00 $;0,00 $;-5900,00 $;-1700,00 $;0,00%;-1700,00 $;0,00 $;-1700,00 $;0,00 $;-1700,00 $;90,00;1875,00 $;275,00 $;1975,00 $;0,15%;
02/10/2024;1;51000,00 $;2975,00 $;2975,00 $;0,00 $;0,00 $;-2925,00 $;0,00 $;100,00%;2975,00 $;2975,00 $;0,00 $;2975,00 $;0,00 $;150,00;200,00 $;4150,00 $;1175,00 $;0,15%;
04/10/2024;1;51000,00 $;0,00 $;0,00 $;0,00 $;0,00 $;-2925,00 $;0,00 $;0,00%;0,00 $;0,00 $;0,00 $;0,00 $;0,00 $;30,00;175,00 $;400,00 $;400,00 $;0,15%;
08/10/2024;1;50025,00 $;-975,00 $;0,00 $;-975,00 $;0,00 $;-3900,00 $;-975,00 $;0,00%;-975,00 $;0,00 $;-975,00 $;0,00 $;-975,00 $;240,00;2175,00 $;625,00 $;1600,00 $;0,15%;
09/10/2024;1;52775,00 $;2750,00 $;2750,00 $;0,00 $;0,00 $;-1150,00 $;0,00 $;100,00%;2750,00 $;2750,00 $;0,00 $;2750,00 $;0,00 $;30,00;300,00 $;3150,00 $;400,00 $;0,15%;
11/10/2024;1;52025,00 $;-750,00 $;0,00 $;-750,00 $;0,00 $;-1900,00 $;-750,00 $;0,00%;-750,00 $;0,00 $;-750,00 $;0,00 $;-750,00 $;90,00;1425,00 $;0,00 $;750,00 $;0,15%;
21/10/2024;2;51175,00 $;-850,00 $;0,00 $;-850,00 $;0,00 $;-2750,00 $;-850,00 $;0,00%;-425,00 $;0,00 $;-425,00 $;0,00 $;-725,00 $;270,00;600,00 $;225,00 $;650,00 $;0,30%;
22/10/2024;1;50650,00 $;-525,00 $;0,00 $;-525,00 $;0,00 $;-3275,00 $;-525,00 $;0,00%;-525,00 $;0,00 $;-525,00 $;0,00 $;-525,00 $;150,00;575,00 $;50,00 $;575,00 $;0,15%;
24/10/2024;1;50200,00 $;-450,00 $;0,00 $;-450,00 $;0,00 $;-3725,00 $;-450,00 $;0,00%;-450,00 $;0,00 $;-450,00 $;0,00 $;-450,00 $;90,00;800,00 $;125,00 $;575,00 $;0,15%;
01/11/2024;1;49250,00 $;-950,00 $;0,00 $;-950,00 $;0,00 $;-4675,00 $;-950,00 $;0,00%;-950,00 $;0,00 $;-950,00 $;0,00 $;-950,00 $;30,00;1200,00 $;50,00 $;1000,00 $;0,15%;
04/11/2024;1;49300,00 $;50,00 $;50,00 $;0,00 $;0,00 $;-4625,00 $;0,00 $;100,00%;50,00 $;50,00 $;0,00 $;50,00 $;0,00 $;240,00;450,00 $;1250,00 $;1200,00 $;0,15%;
06/11/2024;1;48850,00 $;-450,00 $;0,00 $;-450,00 $;0,00 $;-5075,00 $;-450,00 $;0,00%;-450,00 $;0,00 $;-450,00 $;0,00 $;-450,00 $;30,00;1425,00 $;475,00 $;925,00 $;0,15%;
08/11/2024;1;48350,00 $;-500,00 $;0,00 $;-500,00 $;0,00 $;-5575,00 $;-500,00 $;0,00%;-500,00 $;0,00 $;-500,00 $;0,00 $;-500,00 $;240,00;2925,00 $;1800,00 $;2300,00 $;0,15%;
12/11/2024;1;48350,00 $;0,00 $;0,00 $;0,00 $;0,00 $;-5575,00 $;0,00 $;0,00%;0,00 $;0,00 $;0,00 $;0,00 $;0,00 $;30,00;1475,00 $;1050,00 $;1050,00 $;0,15%;
13/11/2024;1;54500,00 $;6150,00 $;6150,00 $;0,00 $;0,00 $;0,00 $;0,00 $;100,00%;6150,00 $;6150,00 $;0,00 $;6150,00 $;0,00 $;210,00;700,00 $;7875,00 $;1725,00 $;0,15%;
15/11/2024;1;51400,00 $;-3100,00 $;0,00 $;-3100,00 $;0,00 $;-3100,00 $;-3100,00 $;0,00%;-3100,00 $;0,00 $;-3100,00 $;0,00 $;-3100,00 $;90,00;3525,00 $;75,00 $;3175,00 $;0,15%;
19/11/2024;1;51000,00 $;-400,00 $;0,00 $;-400,00 $;0,00 $;-3500,00 $;-400,00 $;0,00%;-400,00 $;0,00 $;-400,00 $;0,00 $;-400,00 $;240,00;1700,00 $;425,00 $;825,00 $;0,15%;
20/11/2024;1;51350,00 $;350,00 $;350,00 $;0,00 $;0,00 $;-3150,00 $;0,00 $;100,00%;350,00 $;350,00 $;0,00 $;350,00 $;0,00 $;210,00;725,00 $;2400,00 $;2050,00 $;0,15%;
22/11/2024;1;50825,00 $;-525,00 $;0,00 $;-525,00 $;0,00 $;-3675,00 $;-525,00 $;0,00%;-525,00 $;0,00 $;-525,00 $;0,00 $;-525,00 $;90,00;725,00 $;1175,00 $;1700,00 $;0,15%;
26/11/2024;1;48525,00 $;-2300,00 $;0,00 $;-2300,00 $;0,00 $;-5975,00 $;-2300,00 $;0,00%;-2300,00 $;0,00 $;-2300,00 $;0,00 $;-2300,00 $;150,00;2725,00 $;1250,00 $;3550,00 $;0,15%;
28/11/2024;1;48200,00 $;-325,00 $;0,00 $;-325,00 $;0,00 $;-6300,00 $;-325,00 $;0,00%;-325,00 $;0,00 $;-325,00 $;0,00 $;-325,00 $;30,00;825,00 $;775,00 $;1100,00 $;0,15%;
29/11/2024;1;48800,00 $;600,00 $;600,00 $;0,00 $;0,00 $;-5700,00 $;0,00 $;100,00%;600,00 $;600,00 $;0,00 $;600,00 $;0,00 $;45,00;400,00 $;1200,00 $;600,00 $;0,15%;
02/12/2024;1;49850,00 $;1050,00 $;1050,00 $;0,00 $;0,00 $;-4650,00 $;0,00 $;100,00%;1050,00 $;1050,00 $;0,00 $;1050,00 $;0,00 $;240,00;775,00 $;4525,00 $;3475,00 $;0,15%;
05/12/2024;1;53950,00 $;4100,00 $;4100,00 $;0,00 $;0,00 $;-550,00 $;0,00 $;100,00%;4100,00 $;4100,00 $;0,00 $;4100,00 $;0,00 $;210,00;225,00 $;7300,00 $;3200,00 $;0,15%;
06/12/2024;1;56600,00 $;2650,00 $;2650,00 $;0,00 $;0,00 $;0,00 $;0,00 $;100,00%;2650,00 $;2650,00 $;0,00 $;2650,00 $;0,00 $;90,00;1050,00 $;2925,00 $;275,00 $;0,15%;
09/12/2024;1;62700,00 $;6100,00 $;6100,00 $;0,00 $;0,00 $;0,00 $;0,00 $;100,00%;6100,00 $;6100,00 $;0,00 $;6100,00 $;0,00 $;90,00;25,00 $;17750,00 $;11650,00 $;0,15%;
10/12/2024;1;63700,00 $;1000,00 $;1000,00 $;0,00 $;0,00 $;0,00 $;0,00 $;100,00%;1000,00 $;1000,00 $;0,00 $;1000,00 $;0,00 $;30,00;1275,00 $;1100,00 $;100,00 $;0,15%;
11/12/2024;1;62325,00 $;-1375,00 $;0,00 $;-1375,00 $;0,00 $;-1375,00 $;-1375,00 $;0,00%;-1375,00 $;0,00 $;-1375,00 $;0,00 $;-1375,00 $;240,00;1500,00 $;2450,00 $;3825,00 $;0,15%;
12/12/2024;1;65300,00 $;2975,00 $;2975,00 $;0,00 $;0,00 $;0,00 $;0,00 $;100,00%;2975,00 $;2975,00 $;0,00 $;2975,00 $;0,00 $;210,00;1375,00 $;4675,00 $;1700,00 $;0,15%;
16/12/2024;1;59550,00 $;-5750,00 $;0,00 $;-5750,00 $;0,00 $;-5750,00 $;-5750,00 $;0,00%;-5750,00 $;0,00 $;-5750,00 $;0,00 $;-5750,00 $;240,00;8375,00 $;175,00 $;5925,00 $;0,15%;
17/12/2024;1;60575,00 $;1025,00 $;1025,00 $;0,00 $;0,00 $;-4725,00 $;0,00 $;100,00%;1025,00 $;1025,00 $;0,00 $;1025,00 $;0,00 $;150,00;500,00 $;1600,00 $;575,00 $;0,15%;
18/12/2024;1;69775,00 $;9200,00 $;9200,00 $;0,00 $;0,00 $;0,00 $;0,00 $;100,00%;9200,00 $;9200,00 $;0,00 $;9200,00 $;0,00 $;210,00;2350,00 $;11825,00 $;2625,00 $;0,15%;
20/12/2024;1;70375,00 $;600,00 $;600,00 $;0,00 $;0,00 $;0,00 $;0,00 $;100,00%;600,00 $;600,00 $;0,00 $;600,00 $;0,00 $;210,00;3575,00 $;1675,00 $;1075,00 $;0,15%;
24/12/2024;1;69350,00 $;-1025,00 $;0,00 $;-1025,00 $;0,00 $;-1025,00 $;-1025,00 $;0,00%;-1025,00 $;0,00 $;-1025,00 $;0,00 $;-1025,00 $;45,00;1025,00 $;1525,00 $;2550,00 $;0,15%;
27/12/2024;1;68525,00 $;-825,00 $;0,00 $;-825,00 $;0,00 $;-1850,00 $;-825,00 $;0,00%;-825,00 $;0,00 $;-825,00 $;0,00 $;-825,00 $;240,00;2025,00 $;1075,00 $;1900,00 $;0,15%;
30/12/2024;1;64600,00 $;-3925,00 $;0,00 $;-3925,00 $;0,00 $;-5775,00 $;-3925,00 $;0,00%;-3925,00 $;0,00 $;-3925,00 $;0,00 $;-3925,00 $;240,00;4600,00 $;450,00 $;4375,00 $;0,15%;
08/01/2025;1;67325,00 $;2725,00 $;2725,00 $;0,00 $;0,00 $;-3050,00 $;0,00 $;100,00%;2725,00 $;2725,00 $;0,00 $;2725,00 $;0,00 $;240,00;375,00 $;6350,00 $;3625,00 $;0,15%;
10/01/2025;1;67800,00 $;475,00 $;475,00 $;0,00 $;0,00 $;-2575,00 $;0,00 $;100,00%;475,00 $;475,00 $;0,00 $;475,00 $;0,00 $;30,00;75,00 $;875,00 $;400,00 $;0,15%;
13/01/2025;1;63200,00 $;-4600,00 $;0,00 $;-4600,00 $;0,00 $;-7175,00 $;-4600,00 $;0,00%;-4600,00 $;0,00 $;-4600,00 $;0,00 $;-4600,00 $;30,00;4675,00 $;0,00 $;4600,00 $;0,15%;
14/01/2025;1;62075,00 $;-1125,00 $;0,00 $;-1125,00 $;0,00 $;-8300,00 $;-1125,00 $;0,00%;-1125,00 $;0,00 $;-1125,00 $;0,00 $;-1125,00 $;210,00;1575,00 $;700,00 $;1825,00 $;0,15%;
15/01/2025;1;57775,00 $;-4300,00 $;0,00 $;-4300,00 $;0,00 $;-12600,00 $;-4300,00 $;0,00%;-4300,00 $;0,00 $;-4300,00 $;0,00 $;-4300,00 $;150,00;6450,00 $;0,00 $;4300,00 $;0,15%;
16/01/2025;1;58050,00 $;275,00 $;275,00 $;0,00 $;0,00 $;-12325,00 $;0,00 $;100,00%;275,00 $;275,00 $;0,00 $;275,00 $;0,00 $;90,00;1325,00 $;800,00 $;525,00 $;0,15%;
22/01/2025;1;58500,00 $;450,00 $;450,00 $;0,00 $;0,00 $;-11875,00 $;0,00 $;100,00%;450,00 $;450,00 $;0,00 $;450,00 $;0,00 $;240,00;400,00 $;2125,00 $;1675,00 $;0,15%;
23/01/2025;1;58200,00 $;-300,00 $;0,00 $;-300,00 $;0,00 $;-12175,00 $;-300,00 $;0,00%;-300,00 $;0,00 $;-300,00 $;0,00 $;-300,00 $;240,00;1225,00 $;4400,00 $;4700,00 $;0,15%;
24/01/2025;1;61700,00 $;3500,00 $;3500,00 $;0,00 $;0,00 $;-8675,00 $;0,00 $;100,00%;3500,00 $;3500,00 $;0,00 $;3500,00 $;0,00 $;150,00;175,00 $;3700,00 $;200,00 $;0,15%;
28/01/2025;1;66150,00 $;4450,00 $;4450,00 $;0,00 $;0,00 $;-4225,00 $;0,00 $;100,00%;4450,00 $;4450,00 $;0,00 $;4450,00 $;0,00 $;90,00;650,00 $;4450,00 $;0,00 $;0,15%;
29/01/2025;1;64550,00 $;-1600,00 $;0,00 $;-1600,00 $;0,00 $;-5825,00 $;-1600,00 $;0,00%;-1600,00 $;0,00 $;-1600,00 $;0,00 $;-1600,00 $;210,00;3100,00 $;3350,00 $;4950,00 $;0,15%;
31/01/2025;1;70750,00 $;6200,00 $;6200,00 $;0,00 $;0,00 $;0,00 $;0,00 $;100,00%;6200,00 $;6200,00 $;0,00 $;6200,00 $;0,00 $;210,00;50,00 $;6200,00 $;0,00 $;0,15%;
04/02/2025;1;73175,00 $;2425,00 $;2425,00 $;0,00 $;0,00 $;0,00 $;0,00 $;100,00%;2425,00 $;2425,00 $;0,00 $;2425,00 $;0,00 $;240,00;4175,00 $;3475,00 $;1050,00 $;0,15%;
05/02/2025;1;72225,00 $;-950,00 $;0,00 $;-950,00 $;0,00 $;-950,00 $;-950,00 $;0,00%;-950,00 $;0,00 $;-950,00 $;0,00 $;-950,00 $;210,00;1650,00 $;2025,00 $;2975,00 $;0,15%;
06/02/2025;1;72600,00 $;375,00 $;375,00 $;0,00 $;0,00 $;-575,00 $;0,00 $;100,00%;375,00 $;375,00 $;0,00 $;375,00 $;0,00 $;240,00;750,00 $;1650,00 $;1275,00 $;0,15%;
10/02/2025;1;71675,00 $;-925,00 $;0,00 $;-925,00 $;0,00 $;-1500,00 $;-925,00 $;0,00%;-925,00 $;0,00 $;-925,00 $;0,00 $;-925,00 $;240,00;1900,00 $;425,00 $;1350,00 $;0,15%;
11/02/2025;1;73750,00 $;2075,00 $;2075,00 $;0,00 $;0,00 $;0,00 $;0,00 $;100,00%;2075,00 $;2075,00 $;0,00 $;2075,00 $;0,00 $;210,00;0,00 $;3325,00 $;1250,00 $;0,15%;
18/02/2025;1;72950,00 $;-800,00 $;0,00 $;-800,00 $;0,00 $;-800,00 $;-800,00 $;0,00%;-800,00 $;0,00 $;-800,00 $;0,00 $;-800,00 $;150,00;1275,00 $;950,00 $;1750,00 $;0,15%;
19/02/2025;1;72850,00 $;-100,00 $;0,00 $;-100,00 $;0,00 $;-900,00 $;-100,00 $;0,00%;-100,00 $;0,00 $;-100,00 $;0,00 $;-100,00 $;240,00;625,00 $;925,00 $;1025,00 $;0,15%;
20/02/2025;1;74650,00 $;1800,00 $;1800,00 $;0,00 $;0,00 $;0,00 $;0,00 $;100,00%;1800,00 $;1800,00 $;0,00 $;1800,00 $;0,00 $;90,00;50,00 $;2225,00 $;425,00 $;0,15%;
27/02/2025;1;77675,00 $;3025,00 $;3025,00 $;0,00 $;0,00 $;0,00 $;0,00 $;100,00%;3025,00 $;3025,00 $;0,00 $;3025,00 $;0,00 $;210,00;700,00 $;4625,00 $;1600,00 $;0,15%;
03/03/2025;1;85200,00 $;7525,00 $;7525,00 $;0,00 $;0,00 $;0,00 $;0,00 $;100,00%;7525,00 $;7525,00 $;0,00 $;7525,00 $;0,00 $;210,00;725,00 $;9350,00 $;1825,00 $;0,15%;
05/03/2025;1;82425,00 $;-2775,00 $;0,00 $;-2775,00 $;0,00 $;-2775,00 $;-2775,00 $;0,00%;-2775,00 $;0,00 $;-2775,00 $;0,00 $;-2775,00 $;240,00;3025,00 $;250,00 $;3025,00 $;0,15%;
06/03/2025;1;82700,00 $;275,00 $;275,00 $;0,00 $;0,00 $;-2500,00 $;0,00 $;100,00%;275,00 $;275,00 $;0,00 $;275,00 $;0,00 $;210,00;275,00 $;2000,00 $;1725,00 $;0,15%;
07/03/2025;1;84800,00 $;2100,00 $;2100,00 $;0,00 $;0,00 $;-400,00 $;0,00 $;100,00%;2100,00 $;2100,00 $;0,00 $;2100,00 $;0,00 $;90,00;150,00 $;3550,00 $;1450,00 $;0,15%;
11/03/2025;1;82725,00 $;-2075,00 $;0,00 $;-2075,00 $;0,00 $;-2475,00 $;-2075,00 $;0,00%;-2075,00 $;0,00 $;-2075,00 $;0,00 $;-2075,00 $;150,00;3350,00 $;425,00 $;2500,00 $;0,15%;
12/03/2025;1;82225,00 $;-500,00 $;0,00 $;-500,00 $;0,00 $;-2975,00 $;-500,00 $;0,00%;-500,00 $;0,00 $;-500,00 $;0,00 $;-500,00 $;90,00;550,00 $;650,00 $;1150,00 $;0,15%;
13/03/2025;1;83975,00 $;1750,00 $;1750,00 $;0,00 $;0,00 $;-1225,00 $;0,00 $;100,00%;1750,00 $;1750,00 $;0,00 $;1750,00 $;0,00 $;240,00;50,00 $;2950,00 $;1200,00 $;0,15%;
14/03/2025;1;84300,00 $;325,00 $;325,00 $;0,00 $;0,00 $;-900,00 $;0,00 $;100,00%;325,00 $;325,00 $;0,00 $;325,00 $;0,00 $;90,00;725,00 $;700,00 $;375,00 $;0,15%;
17/03/2025;1;82700,00 $;-1600,00 $;0,00 $;-1600,00 $;0,00 $;-2500,00 $;-1600,00 $;0,00%;-1600,00 $;0,00 $;-1600,00 $;0,00 $;-1600,00 $;240,00;1975,00 $;325,00 $;1925,00 $;0,15%;
18/03/2025;1;82175,00 $;-525,00 $;0,00 $;-525,00 $;0,00 $;-3025,00 $;-525,00 $;0,00%;-525,00 $;0,00 $;-525,00 $;0,00 $;-525,00 $;210,00;1100,00 $;775,00 $;1300,00 $;0,15%;
25/03/2025;1;82625,00 $;450,00 $;450,00 $;0,00 $;0,00 $;-2575,00 $;0,00 $;100,00%;450,00 $;450,00 $;0,00 $;450,00 $;0,00 $;150,00;450,00 $;925,00 $;475,00 $;0,15%;
26/03/2025;1;82425,00 $;-200,00 $;0,00 $;-200,00 $;0,00 $;-2775,00 $;-200,00 $;0,00%;-200,00 $;0,00 $;-200,00 $;0,00 $;-200,00 $;90,00;250,00 $;1450,00 $;1650,00 $;0,15%;
27/03/2025;1;82275,00 $;-150,00 $;0,00 $;-150,00 $;0,00 $;-2925,00 $;-150,00 $;0,00%;-150,00 $;0,00 $;-150,00 $;0,00 $;-150,00 $;150,00;575,00 $;450,00 $;600,00 $;0,15%;
31/03/2025;1;83075,00 $;800,00 $;800,00 $;0,00 $;0,00 $;-2125,00 $;0,00 $;100,00%;800,00 $;800,00 $;0,00 $;800,00 $;0,00 $;30,00;125,00 $;875,00 $;75,00 $;0,15%;
02/04/2025;1;83675,00 $;600,00 $;600,00 $;0,00 $;0,00 $;-1525,00 $;0,00 $;100,00%;600,00 $;600,00 $;0,00 $;600,00 $;0,00 $;90,00;3425,00 $;1175,00 $;575,00 $;0,15%;
04/04/2025;1;82625,00 $;-1050,00 $;0,00 $;-1050,00 $;0,00 $;-2575,00 $;-1050,00 $;0,00%;-1050,00 $;0,00 $;-1050,00 $;0,00 $;-1050,00 $;210,00;2025,00 $;175,00 $;1225,00 $;0,15%;
09/04/2025;1;74450,00 $;-8175,00 $;0,00 $;-8175,00 $;0,00 $;-10750,00 $;-8175,00 $;0,00%;-8175,00 $;0,00 $;-8175,00 $;0,00 $;-8175,00 $;210,00;9150,00 $;350,00 $;8525,00 $;0,15%;
11/04/2025;1;74100,00 $;-350,00 $;0,00 $;-350,00 $;0,00 $;-11100,00 $;-350,00 $;0,00%;-350,00 $;0,00 $;-350,00 $;0,00 $;-350,00 $;240,00;1500,00 $;275,00 $;625,00 $;0,15%;
15/04/2025;1;75125,00 $;1025,00 $;1025,00 $;0,00 $;0,00 $;-10075,00 $;0,00 $;100,00%;1025,00 $;1025,00 $;0,00 $;1025,00 $;0,00 $;150,00;375,00 $;1450,00 $;425,00 $;0,15%;
24/04/2025;1;75300,00 $;175,00 $;175,00 $;0,00 $;0,00 $;-9900,00 $;0,00 $;100,00%;175,00 $;175,00 $;0,00 $;175,00 $;0,00 $;240,00;525,00 $;975,00 $;800,00 $;0,15%;
25/04/2025;1;75125,00 $;-175,00 $;0,00 $;-175,00 $;0,00 $;-10075,00 $;-175,00 $;0,00%;-175,00 $;0,00 $;-175,00 $;0,00 $;-175,00 $;30,00;450,00 $;375,00 $;550,00 $;0,15%;
28/04/2025;1;73375,00 $;-1750,00 $;0,00 $;-1750,00 $;0,00 $;-11825,00 $;-1750,00 $;0,00%;-1750,00 $;0,00 $;-1750,00 $;0,00 $;-1750,00 $;240,00;2100,00 $;850,00 $;2600,00 $;0,15%;
29/04/2025;1;73875,00 $;500,00 $;500,00 $;0,00 $;0,00 $;-11325,00 $;0,00 $;100,00%;500,00 $;500,00 $;0,00 $;500,00 $;0,00 $;210,00;450,00 $;750,00 $;250,00 $;0,15%;
30/04/2025;1;72975,00 $;-900,00 $;0,00 $;-900,00 $;0,00 $;-12225,00 $;-900,00 $;0,00%;-900,00 $;0,00 $;-900,00 $;0,00 $;-900,00 $;30,00;1675,00 $;125,00 $;1025,00 $;0,15%;
01/05/2025;1;73475,00 $;500,00 $;500,00 $;0,00 $;0,00 $;-11725,00 $;0,00 $;100,00%;500,00 $;500,00 $;0,00 $;500,00 $;0,00 $;30,00;250,00 $;575,00 $;75,00 $;0,15%;
02/05/2025;2;72725,00 $;-750,00 $;0,00 $;-750,00 $;0,00 $;-12475,00 $;-750,00 $;0,00%;-375,00 $;0,00 $;-375,00 $;0,00 $;-575,00 $;270,00;950,00 $;50,00 $;425,00 $;0,30%;
13/05/2025;1;68225,00 $;-4500,00 $;0,00 $;-4500,00 $;0,00 $;-16975,00 $;-4500,00 $;0,00%;-4500,00 $;0,00 $;-4500,00 $;0,00 $;-4500,00 $;150,00;6975,00 $;475,00 $;4975,00 $;0,15%;
15/05/2025;1;71250,00 $;3025,00 $;3025,00 $;0,00 $;0,00 $;-13950,00 $;0,00 $;100,00%;3025,00 $;3025,00 $;0,00 $;3025,00 $;0,00 $;150,00;0,00 $;4200,00 $;1175,00 $;0,15%;
16/05/2025;1;71425,00 $;175,00 $;175,00 $;0,00 $;0,00 $;-13775,00 $;0,00 $;100,00%;175,00 $;175,00 $;0,00 $;175,00 $;0,00 $;240,00;650,00 $;875,00 $;700,00 $;0,15%;
20/05/2025;1;71500,00 $;75,00 $;75,00 $;0,00 $;0,00 $;-13700,00 $;0,00 $;100,00%;75,00 $;75,00 $;0,00 $;75,00 $;0,00 $;240,00;1200,00 $;2025,00 $;1950,00 $;0,15%;
23/05/2025;1;72025,00 $;525,00 $;525,00 $;0,00 $;0,00 $;-13175,00 $;0,00 $;100,00%;525,00 $;525,00 $;0,00 $;525,00 $;0,00 $;240,00;500,00 $;1525,00 $;1000,00 $;0,15%;
26/05/2025;1;73200,00 $;1175,00 $;1175,00 $;0,00 $;0,00 $;-12000,00 $;0,00 $;100,00%;1175,00 $;1175,00 $;0,00 $;1175,00 $;0,00 $;30,00;275,00 $;1725,00 $;550,00 $;0,15%;
27/05/2025;1;73800,00 $;600,00 $;600,00 $;0,00 $;0,00 $;-11400,00 $;0,00 $;100,00%;600,00 $;600,00 $;0,00 $;600,00 $;0,00 $;30,00;775,00 $;775,00 $;175,00 $;0,15%;
29/05/2025;1;73825,00 $;25,00 $;25,00 $;0,00 $;0,00 $;-11375,00 $;0,00 $;100,00%;25,00 $;25,00 $;0,00 $;25,00 $;0,00 $;30,00;925,00 $;250,00 $;225,00 $;0,15%;
02/06/2025;1;74200,00 $;375,00 $;375,00 $;0,00 $;0,00 $;-11000,00 $;0,00 $;100,00%;375,00 $;375,00 $;0,00 $;375,00 $;0,00 $;150,00;1000,00 $;1050,00 $;675,00 $;0,15%;
03/06/2025;1;74200,00 $;0,00 $;0,00 $;0,00 $;0,00 $;-11000,00 $;0,00 $;0,00%;0,00 $;0,00 $;0,00 $;0,00 $;0,00 $;90,00;775,00 $;925,00 $;925,00 $;0,15%;
06/06/2025;1;73800,00 $;-400,00 $;0,00 $;-400,00 $;0,00 $;-11400,00 $;-400,00 $;0,00%;-400,00 $;0,00 $;-400,00 $;0,00 $;-400,00 $;90,00;750,00 $;525,00 $;925,00 $;0,15%;
09/06/2025;1;71475,00 $;-2325,00 $;0,00 $;-2325,00 $;0,00 $;-13725,00 $;-2325,00 $;0,00%;-2325,00 $;0,00 $;-2325,00 $;0,00 $;-2325,00 $;240,00;2375,00 $;375,00 $;2700,00 $;0,15%;
13/06/2025;1;70200,00 $;-1275,00 $;0,00 $;-1275,00 $;0,00 $;-15000,00 $;-1275,00 $;0,00%;-1275,00 $;0,00 $;-1275,00 $;0,00 $;-1275,00 $;90,00;1675,00 $;600,00 $;1875,00 $;0,15%;
16/06/2025;1;69275,00 $;-925,00 $;0,00 $;-925,00 $;0,00 $;-15925,00 $;-925,00 $;0,00%;-925,00 $;0,00 $;-925,00 $;0,00 $;-925,00 $;210,00;1725,00 $;525,00 $;1450,00 $;0,15%;
18/06/2025;1;67625,00 $;-1650,00 $;0,00 $;-1650,00 $;0,00 $;-17575,00 $;-1650,00 $;0,00%;-1650,00 $;0,00 $;-1650,00 $;0,00 $;-1650,00 $;90,00;2050,00 $;1200,00 $;2850,00 $;0,15%;
19/06/2025;1;68225,00 $;600,00 $;600,00 $;0,00 $;0,00 $;-16975,00 $;0,00 $;100,00%;600,00 $;600,00 $;0,00 $;600,00 $;0,00 $;30,00;200,00 $;775,00 $;175,00 $;0,15%;
24/06/2025;1;68650,00 $;425,00 $;425,00 $;0,00 $;0,00 $;-16550,00 $;0,00 $;100,00%;425,00 $;425,00 $;0,00 $;425,00 $;0,00 $;240,00;2175,00 $;650,00 $;225,00 $;0,15%;
26/06/2025;1;67825,00 $;-825,00 $;0,00 $;-825,00 $;0,00 $;-17375,00 $;-825,00 $;0,00%;-825,00 $;0,00 $;-825,00 $;0,00 $;-825,00 $;90,00;1475,00 $;300,00 $;1125,00 $;0,15%;
27/06/2025;1;68925,00 $;1100,00 $;1100,00 $;0,00 $;0,00 $;-16275,00 $;0,00 $;100,00%;1100,00 $;1100,00 $;0,00 $;1100,00 $;0,00 $;240,00;1100,00 $;2050,00 $;950,00 $;0,15%;
01/07/2025;1;69200,00 $;275,00 $;275,00 $;0,00 $;0,00 $;-16000,00 $;0,00 $;100,00%;275,00 $;275,00 $;0,00 $;275,00 $;0,00 $;30,00;0,00 $;1300,00 $;1025,00 $;0,15%;
07/07/2025;1;68725,00 $;-475,00 $;0,00 $;-475,00 $;0,00 $;-16475,00 $;-475,00 $;0,00%;-475,00 $;0,00 $;-475,00 $;0,00 $;-475,00 $;90,00;1775,00 $;0,00 $;475,00 $;0,15%;
10/07/2025;1;68550,00 $;-175,00 $;0,00 $;-175,00 $;0,00 $;-16650,00 $;-175,00 $;0,00%;-175,00 $;0,00 $;-175,00 $;0,00 $;-175,00 $;30,00;625,00 $;325,00 $;500,00 $;0,15%;
11/07/2025;1;69725,00 $;1175,00 $;1175,00 $;0,00 $;0,00 $;-15475,00 $;0,00 $;100,00%;1175,00 $;1175,00 $;0,00 $;1175,00 $;0,00 $;0,00;0,00 $;1175,00 $;0,00 $;0,15%;
14/07/2025;1;69725,00 $;0,00 $;0,00 $;0,00 $;0,00 $;-15475,00 $;0,00 $;0,00%;0,00 $;0,00 $;0,00 $;0,00 $;0,00 $;90,00;250,00 $;1450,00 $;1450,00 $;0,15%;
22/07/2025;1;71825,00 $;2100,00 $;2100,00 $;0,00 $;0,00 $;-13375,00 $;0,00 $;100,00%;2100,00 $;2100,00 $;0,00 $;2100,00 $;0,00 $;210,00;300,00 $;4000,00 $;1900,00 $;0,15%;
23/07/2025;1;71625,00 $;-200,00 $;0,00 $;-200,00 $;0,00 $;-13575,00 $;-200,00 $;0,00%;-200,00 $;0,00 $;-200,00 $;0,00 $;-200,00 $;150,00;2300,00 $;1000,00 $;1200,00 $;0,15%;
24/07/2025;1;71550,00 $;-75,00 $;0,00 $;-75,00 $;0,00 $;-13650,00 $;-75,00 $;0,00%;-75,00 $;0,00 $;-75,00 $;0,00 $;-75,00 $;30,00;650,00 $;750,00 $;825,00 $;0,15%;
25/07/2025;1;71550,00 $;0,00 $;0,00 $;0,00 $;0,00 $;-13650,00 $;0,00 $;0,00%;0,00 $;0,00 $;0,00 $;0,00 $;0,00 $;240,00;775,00 $;1825,00 $;1825,00 $;0,15%;
28/07/2025;1;70425,00 $;-1125,00 $;0,00 $;-1125,00 $;0,00 $;-14775,00 $;-1125,00 $;0,00%;-1125,00 $;0,00 $;-1125,00 $;0,00 $;-1125,00 $;0,00;1175,00 $;25,00 $;1150,00 $;0,15%;
30/07/2025;1;72275,00 $;1850,00 $;1850,00 $;0,00 $;0,00 $;-12925,00 $;0,00 $;100,00%;1850,00 $;1850,00 $;0,00 $;1850,00 $;0,00 $;150,00;975,00 $;6550,00 $;4700,00 $;0,15%;
31/07/2025;1;73900,00 $;1625,00 $;1625,00 $;0,00 $;0,00 $;-11300,00 $;0,00 $;100,00%;1625,00 $;1625,00 $;0,00 $;1625,00 $;0,00 $;240,00;1725,00 $;1975,00 $;350,00 $;0,15%;
04/08/2025;1;72825,00 $;-1075,00 $;0,00 $;-1075,00 $;0,00 $;-12375,00 $;-1075,00 $;0,00%;-1075,00 $;0,00 $;-1075,00 $;0,00 $;-1075,00 $;30,00;1375,00 $;1300,00 $;2375,00 $;0,15%;
05/08/2025;1;74125,00 $;1300,00 $;1300,00 $;0,00 $;0,00 $;-11075,00 $;0,00 $;100,00%;1300,00 $;1300,00 $;0,00 $;1300,00 $;0,00 $;150,00;550,00 $;2175,00 $;875,00 $;0,15%;
06/08/2025;1;72625,00 $;-1500,00 $;0,00 $;-1500,00 $;0,00 $;-12575,00 $;-1500,00 $;0,00%;-1500,00 $;0,00 $;-1500,00 $;0,00 $;-1500,00 $;210,00;2575,00 $;600,00 $;2100,00 $;0,15%;
07/08/2025;1;69725,00 $;-2900,00 $;0,00 $;-2900,00 $;0,00 $;-15475,00 $;-2900,00 $;0,00%;-2900,00 $;0,00 $;-2900,00 $;0,00 $;-2900,00 $;90,00;3275,00 $;275,00 $;3175,00 $;0,15%;
12/08/2025;1;64000,00 $;-5725,00 $;0,00 $;-5725,00 $;0,00 $;-21200,00 $;-5725,00 $;0,00%;-5725,00 $;0,00 $;-5725,00 $;0,00 $;-5725,00 $;30,00;6475,00 $;475,00 $;6200,00 $;0,15%;
13/08/2025;1;65400,00 $;1400,00 $;1400,00 $;0,00 $;0,00 $;-19800,00 $;0,00 $;100,00%;1400,00 $;1400,00 $;0,00 $;1400,00 $;0,00 $;30,00;75,00 $;2275,00 $;875,00 $;0,15%;
15/08/2025;1;64525,00 $;-875,00 $;0,00 $;-875,00 $;0,00 $;-20675,00 $;-875,00 $;0,00%;-875,00 $;0,00 $;-875,00 $;0,00 $;-875,00 $;90,00;925,00 $;2350,00 $;3225,00 $;0,15%;
18/08/2025;1;65200,00 $;675,00 $;675,00 $;0,00 $;0,00 $;-20000,00 $;0,00 $;100,00%;675,00 $;675,00 $;0,00 $;675,00 $;0,00 $;90,00;1850,00 $;1425,00 $;750,00 $;0,15%;
19/08/2025;1;65425,00 $;225,00 $;225,00 $;0,00 $;0,00 $;-19775,00 $;0,00 $;100,00%;225,00 $;225,00 $;0,00 $;225,00 $;0,00 $;150,00;1100,00 $;2625,00 $;2400,00 $;0,15%;
21/08/2025;1;66150,00 $;725,00 $;725,00 $;0,00 $;0,00 $;-19050,00 $;0,00 $;100,00%;725,00 $;725,00 $;0,00 $;725,00 $;0,00 $;210,00;1700,00 $;1750,00 $;1025,00 $;0,15%;
25/08/2025;1;74325,00 $;8175,00 $;8175,00 $;0,00 $;0,00 $;-10875,00 $;0,00 $;100,00%;8175,00 $;8175,00 $;0,00 $;8175,00 $;0,00 $;30,00;50,00 $;9275,00 $;1100,00 $;0,15%;
26/08/2025;1;70125,00 $;-4200,00 $;0,00 $;-4200,00 $;0,00 $;-15075,00 $;-4200,00 $;0,00%;-4200,00 $;0,00 $;-4200,00 $;0,00 $;-4200,00 $;210,00;4925,00 $;600,00 $;4800,00 $;0,15%;
27/08/2025;1;72000,00 $;1875,00 $;1875,00 $;0,00 $;0,00 $;-13200,00 $;0,00 $;100,00%;1875,00 $;1875,00 $;0,00 $;1875,00 $;0,00 $;150,00;725,00 $;5900,00 $;4025,00 $;0,15%;
28/08/2025;1;75525,00 $;3525,00 $;3525,00 $;0,00 $;0,00 $;-9675,00 $;0,00 $;100,00%;3525,00 $;3525,00 $;0,00 $;3525,00 $;0,00 $;210,00;50,00 $;5075,00 $;1550,00 $;0,15%;
02/09/2025;1;75800,00 $;275,00 $;275,00 $;0,00 $;0,00 $;-9400,00 $;0,00 $;100,00%;275,00 $;275,00 $;0,00 $;275,00 $;0,00 $;150,00;975,00 $;2900,00 $;2625,00 $;0,15%;
03/09/2025;1;75850,00 $;50,00 $;50,00 $;0,00 $;0,00 $;-9350,00 $;0,00 $;100,00%;50,00 $;50,00 $;0,00 $;50,00 $;0,00 $;0,00;400,00 $;175,00 $;125,00 $;0,15%;
08/09/2025;1;77450,00 $;1600,00 $;1600,00 $;0,00 $;0,00 $;-7750,00 $;0,00 $;100,00%;1600,00 $;1600,00 $;0,00 $;1600,00 $;0,00 $;90,00;325,00 $;2500,00 $;900,00 $;0,15%;
09/09/2025;1;76650,00 $;-800,00 $;0,00 $;-800,00 $;0,00 $;-8550,00 $;-800,00 $;0,00%;-800,00 $;0,00 $;-800,00 $;0,00 $;-800,00 $;90,00;800,00 $;375,00 $;1175,00 $;0,15%;
15/09/2025;1;75675,00 $;-975,00 $;0,00 $;-975,00 $;0,00 $;-9525,00 $;-975,00 $;0,00%;-975,00 $;0,00 $;-975,00 $;0,00 $;-975,00 $;90,00;1275,00 $;750,00 $;1725,00 $;0,15%;
16/09/2025;1;73775,00 $;-1900,00 $;0,00 $;-1900,00 $;0,00 $;-11425,00 $;-1900,00 $;0,00%;-1900,00 $;0,00 $;-1900,00 $;0,00 $;-1900,00 $;240,00;3500,00 $;25,00 $;1925,00 $;0,15%;
23/09/2025;1;74875,00 $;1100,00 $;1100,00 $;0,00 $;0,00 $;-10325,00 $;0,00 $;100,00%;1100,00 $;1100,00 $;0,00 $;1100,00 $;0,00 $;240,00;750,00 $;2950,00 $;1850,00 $;0,15%;
24/09/2025;1;76400,00 $;1525,00 $;1525,00 $;0,00 $;0,00 $;-8800,00 $;0,00 $;100,00%;1525,00 $;1525,00 $;0,00 $;1525,00 $;0,00 $;240,00;50,00 $;2025,00 $;500,00 $;0,15%;
26/09/2025;1;77125,00 $;725,00 $;725,00 $;0,00 $;0,00 $;-8075,00 $;0,00 $;100,00%;725,00 $;725,00 $;0,00 $;725,00 $;0,00 $;30,00;450,00 $;950,00 $;225,00 $;0,15%;
29/09/2025;1;75500,00 $;-1625,00 $;0,00 $;-1625,00 $;0,00 $;-9700,00 $;-1625,00 $;0,00%;-1625,00 $;0,00 $;-1625,00 $;0,00 $;-1625,00 $;210,00;2175,00 $;1575,00 $;3200,00 $;0,15%;
30/09/2025;1;70725,00 $;-4775,00 $;0,00 $;-4775,00 $;0,00 $;-14475,00 $;-4775,00 $;0,00%;-4775,00 $;0,00 $;-4775,00 $;0,00 $;-4775,00 $;150,00;4925,00 $;500,00 $;5275,00 $;0,15%;
01/10/2025;1;71175,00 $;450,00 $;450,00 $;0,00 $;0,00 $;-14025,00 $;0,00 $;100,00%;450,00 $;450,00 $;0,00 $;450,00 $;0,00 $;210,00;375,00 $;2425,00 $;1975,00 $;0,15%;
07/10/2025;1;68625,00 $;-2550,00 $;0,00 $;-2550,00 $;0,00 $;-16575,00 $;-2550,00 $;0,00%;-2550,00 $;0,00 $;-2550,00 $;0,00 $;-2550,00 $;30,00;2675,00 $;175,00 $;2725,00 $;0,15%;
08/10/2025;1;69675,00 $;1050,00 $;1050,00 $;0,00 $;0,00 $;-15525,00 $;0,00 $;100,00%;1050,00 $;1050,00 $;0,00 $;1050,00 $;0,00 $;30,00;350,00 $;1050,00 $;0,00 $;0,15%;
15/10/2025;1;71650,00 $;1975,00 $;1975,00 $;0,00 $;0,00 $;-13550,00 $;0,00 $;100,00%;1975,00 $;1975,00 $;0,00 $;1975,00 $;0,00 $;210,00;850,00 $;3325,00 $;1350,00 $;0,15%;
20/10/2025;1;73775,00 $;2125,00 $;2125,00 $;0,00 $;0,00 $;-11425,00 $;0,00 $;100,00%;2125,00 $;2125,00 $;0,00 $;2125,00 $;0,00 $;240,00;1125,00 $;5050,00 $;2925,00 $;0,15%;
23/10/2025;1;76525,00 $;2750,00 $;2750,00 $;0,00 $;0,00 $;-8675,00 $;0,00 $;100,00%;2750,00 $;2750,00 $;0,00 $;2750,00 $;0,00 $;150,00;2075,00 $;3375,00 $;625,00 $;0,15%;
24/10/2025;1;76400,00 $;-125,00 $;0,00 $;-125,00 $;0,00 $;-8800,00 $;-125,00 $;0,00%;-125,00 $;0,00 $;-125,00 $;0,00 $;-125,00 $;30,00;375,00 $;625,00 $;750,00 $;0,15%;
