Ticker,Period,Net profit
BTC,2019-01-04 16:15:00,-490.92
BTC,2019-02-15 16:00:00,9.08
BTC,2019-02-25 15:45:00,-215.92
BTC,2019-02-27 15:30:00,-90.92
BTC,2019-03-11 15:45:00,-90.92
BTC,2019-03-21 16:00:00,34.08
BTC,2019-03-24 23:15:00,-15.92
BTC,2019-04-03 15:45:00,-315.92
BTC,2019-04-09 15:45:00,-265.92
BTC,2019-04-12 16:00:00,134.08
BTC,2019-04-30 16:00:00,59.08
BTC,2019-05-07 16:15:00,-1115.92
BTC,2019-05-09 16:15:00,684.08
BTC,2019-05-13 15:45:00,2234.08
BTC,2019-05-21 15:30:00,-290.92
BTC,2019-06-03 16:15:00,1809.08
BTC,2019-06-05 16:15:00,-90.92
BTC,2019-06-06 15:45:00,-640.92
BTC,2019-06-13 15:45:00,309.08
BTC,2019-06-20 15:45:00,1109.08
BTC,2019-06-26 15:30:00,-2515.92
BTC,2019-06-28 15:30:00,-2515.92
BTC,2019-07-05 16:15:00,834.08
BTC,2019-07-15 00:15:00,-2515.92
BTC,2019-07-15 15:30:00,-2515.92
BTC,2019-07-16 15:30:00,5259.08
BTC,2019-07-23 15:45:00,259.08
BTC,2019-07-24 16:00:00,-65.92
BTC,2019-07-26 15:30:00,-415.92
BTC,2019-07-30 16:00:00,-190.92
BTC,2019-07-31 16:00:00,934.08
BTC,2019-08-01 16:15:00,1909.08
BTC,2019-08-07 15:30:00,-2515.92
BTC,2019-08-08 16:15:00,-1765.92
BTC,2019-08-09 15:45:00,159.08
BTC,2019-08-13 15:30:00,1809.08
BTC,2019-08-14 16:15:00,2834.08
BTC,2019-08-23 16:15:00,-240.92
BTC,2019-08-28 15:45:00,-2515.92
BTC,2019-09-03 15:30:00,-240.92
BTC,2019-09-09 15:30:00,159.08
BTC,2019-09-10 15:45:00,659.08
BTC,2019-09-11 15:45:00,-815.92
BTC,2019-09-12 15:30:00,784.08
BTC,2019-09-16 16:15:00,-615.92
BTC,2019-09-17 16:15:00,-140.92
BTC,2019-09-26 15:45:00,1409.08
BTC,2019-09-30 16:00:00,984.08
BTC,2019-10-10 16:15:00,409.08
BTC,2019-10-14 15:30:00,-490.92
BTC,2019-10-24 15:45:00,134.08
BTC,2019-10-25 16:15:00,4684.08
BTC,2019-11-04 15:45:00,859.08
BTC,2019-11-05 15:30:00,-340.92
BTC,2019-11-06 15:30:00,-115.92
BTC,2019-11-08 16:15:00,-615.92
BTC,2019-11-13 16:00:00,34.08
BTC,2019-11-15 15:30:00,734.08
BTC,2019-11-21 16:00:00,984.08
BTC,2019-11-22 15:45:00,-2190.92
BTC,2019-12-02 16:15:00,34.08
BTC,2019-12-12 16:00:00,-265.92
BTC,2019-12-23 16:15:00,-1365.92
BTC,2019-12-24 16:15:00,634.08
BTC,2019-12-31 16:00:00,-515.92
BTC,2020-01-07 16:00:00,1509.08
BTC,2020-01-10 15:30:00,-940.92
BTC,2020-01-14 15:30:00,834.08
BTC,2020-01-30 16:15:00,909.08
BTC,2020-02-06 16:00:00,-465.92
BTC,2020-02-10 16:15:00,-165.92
BTC,2020-02-14 16:15:00,-615.92
BTC,2020-02-21 15:45:00,334.08
BTC,2020-02-25 15:45:00,759.08
BTC,2020-02-26 15:30:00,1534.08
BTC,2020-03-04 16:15:00,-215.92
BTC,2020-03-11 15:30:00,-465.92
BTC,2020-03-13 16:15:00,459.08
BTC,2020-03-17 16:00:00,384.08
BTC,2020-03-20 15:30:00,-2515.92
BTC,2020-03-26 16:15:00,-965.92
BTC,2020-03-31 15:30:00,-190.92
BTC,2020-04-01 16:15:00,-2515.92
BTC,2020-04-22 16:00:00,209.08
BTC,2020-04-23 16:15:00,1184.08
BTC,2020-04-28 15:30:00,-115.92
BTC,2020-04-29 15:30:00,2284.08
BTC,2020-05-07 16:00:00,2759.08
BTC,2020-05-11 15:30:00,1784.08
BTC,2020-05-12 15:45:00,-390.92
BTC,2020-05-21 16:15:00,1034.08
BTC,2020-05-22 15:45:00,-290.92
BTC,2020-06-04 15:45:00,184.08
BTC,2020-06-08 15:30:00,-490.92
BTC,2020-06-09 16:00:00,-440.92
BTC,2020-06-11 15:30:00,2109.08
BTC,2020-06-18 15:30:00,109.08
BTC,2020-06-25 16:15:00,-240.92
BTC,2020-06-26 16:00:00,-190.92
BTC,2020-06-29 15:45:00,-815.92
BTC,2020-07-01 16:15:00,34.08
BTC,2020-07-08 15:45:00,659.08
BTC,2020-07-10 16:00:00,-315.92
BTC,2020-07-21 15:45:00,-240.92
BTC,2020-07-24 15:45:00,259.08
BTC,2020-07-30 16:00:00,584.08
BTC,2020-08-04 15:45:00,-540.92
BTC,2020-08-05 15:30:00,734.08
BTC,2020-08-06 16:00:00,-640.92
BTC,2020-08-07 15:30:00,-2515.92
BTC,2020-08-17 16:00:00,609.08
BTC,2020-08-18 15:30:00,-1540.92
BTC,2020-08-19 16:00:00,409.08
BTC,2020-08-21 16:15:00,559.08
BTC,2020-08-25 16:15:00,534.08
BTC,2020-08-27 15:30:00,-840.92
BTC,2020-08-31 15:30:00,-565.92
BTC,2020-09-02 16:15:00,-415.92
BTC,2020-09-09 15:45:00,-90.92
BTC,2020-09-10 16:15:00,-565.92
BTC,2020-09-11 15:30:00,84.08
BTC,2020-09-14 15:30:00,434.08
BTC,2020-09-17 15:30:00,-965.92
BTC,2020-09-18 16:15:00,109.08
BTC,2020-09-24 16:15:00,-2015.92
BTC,2020-09-28 15:45:00,-1365.92
BTC,2020-10-02 15:45:00,-540.92
BTC,2020-10-08 15:45:00,909.08
BTC,2020-10-12 16:15:00,184.08
BTC,2020-10-13 16:15:00,-465.92
BTC,2020-10-14 16:15:00,-615.92
BTC,2020-10-15 16:15:00,459.08
BTC,2020-10-21 15:30:00,534.08
BTC,2020-10-28 15:30:00,-1615.92
BTC,2020-10-29 15:45:00,309.08
BTC,2020-11-16 15:45:00,1534.08
BTC,2020-11-17 15:45:00,2959.08
BTC,2020-11-20 16:15:00,-490.92
BTC,2020-11-23 15:30:00,-2515.92
BTC,2020-11-26 15:30:00,-1515.92
BTC,2020-11-27 15:45:00,384.08
BTC,2020-11-30 15:30:00,2559.08
BTC,2020-12-02 16:00:00,-1765.92
BTC,2020-12-08 16:15:00,2909.08
BTC,2020-12-15 15:30:00,209.08
BTC,2020-12-22 15:30:00,1184.08
BTC,2021-01-05 16:15:00,-2515.92
BTC,2021-01-07 15:45:00,-2515.92
BTC,2021-01-12 16:00:00,-2515.92
BTC,2021-01-14 15:30:00,-2515.92
BTC,2021-01-15 15:45:00,5659.08
BTC,2021-01-18 16:15:00,-940.92
BTC,2021-01-21 15:30:00,-2515.92
BTC,2021-01-27 15:30:00,-2515.92
BTC,2021-01-28 15:30:00,7259.08
BTC,2021-02-01 15:30:00,-2515.92
BTC,2021-02-05 15:30:00,-2515.92
BTC,2021-02-09 15:30:00,859.08
BTC,2021-02-17 15:30:00,5259.08
BTC,2021-02-18 16:15:00,-2515.92
BTC,2021-02-19 16:15:00,13059.08
BTC,2021-02-22 15:30:00,-2515.92
BTC,2021-02-22 15:45:00,-2515.92
BTC,2021-02-23 16:00:00,-2515.92
BTC,2021-02-23 16:15:00,-2515.92
BTC,2021-03-01 16:00:00,-2515.92
BTC,2021-03-02 15:45:00,-2515.92
BTC,2021-03-19 16:00:00,-2515.92
BTC,2021-03-25 16:15:00,-2515.92
BTC,2021-04-01 15:30:00,-2515.92
BTC,2021-04-06 15:30:00,3909.08
BTC,2021-04-08 15:30:00,3634.08
BTC,2021-04-19 15:30:00,3359.08
BTC,2021-04-22 16:15:00,-2515.92
BTC,2021-04-23 15:30:00,-2515.92
BTC,2021-04-26 16:00:00,-2515.92
BTC,2021-04-29 15:45:00,1834.08
BTC,2021-04-30 16:00:00,6959.08
BTC,2021-05-04 16:15:00,11634.08
BTC,2021-05-05 16:00:00,-2515.92
BTC,2021-05-12 15:45:00,-2515.92
BTC,2021-05-12 16:15:00,-2515.92
BTC,2021-05-18 15:30:00,4659.08
BTC,2021-05-19 15:30:00,-2515.92
BTC,2021-05-24 15:45:00,-2515.92
BTC,2021-05-25 16:00:00,-2515.92
BTC,2021-05-27 15:45:00,-2515.92
BTC,2021-06-01 15:30:00,-2515.92
BTC,2021-06-01 16:00:00,-2515.92
BTC,2021-06-02 16:00:00,159.08
BTC,2021-06-03 15:30:00,-2515.92
BTC,2021-06-07 16:00:00,14684.08
BTC,2021-06-14 15:45:00,-2515.92
BTC,2021-06-15 15:30:00,-2515.92
BTC,2021-06-18 15:45:00,8359.08
BTC,2021-06-21 15:30:00,-2515.92
BTC,2021-06-23 15:45:00,-2515.92
BTC,2021-06-28 15:30:00,-2515.92
BTC,2021-06-29 15:45:00,-2515.92
BTC,2021-07-01 16:15:00,-840.92
BTC,2021-07-08 15:30:00,-2515.92
BTC,2021-07-09 16:00:00,809.08
BTC,2021-07-19 16:15:00,-1440.92
BTC,2021-07-20 16:00:00,-2515.92
BTC,2021-07-23 15:30:00,359.08
BTC,2021-07-27 16:15:00,-2515.92
BTC,2021-08-04 15:30:00,4609.08
BTC,2021-08-06 15:45:00,9109.08
BTC,2021-08-11 15:45:00,-2515.92
BTC,2021-08-17 15:45:00,9534.08
BTC,2021-08-20 15:30:00,7734.08
BTC,2021-08-24 16:00:00,4234.08
BTC,2021-08-27 15:45:00,-2515.92
BTC,2021-08-31 16:00:00,-2515.92
BTC,2021-09-07 16:15:00,24984.08
BTC,2021-09-08 15:30:00,1209.08
BTC,2021-09-09 15:30:00,-2515.92
BTC,2021-09-13 16:00:00,-2515.92
BTC,2021-09-21 15:45:00,12234.08
BTC,2021-09-23 16:00:00,3959.08
BTC,2021-10-06 15:30:00,-2515.92
BTC,2021-10-07 16:00:00,-2515.92
BTC,2021-10-08 16:15:00,-2515.92
BTC,2021-10-11 15:45:00,2684.08
BTC,2021-10-12 15:45:00,-2515.92
BTC,2021-10-15 15:45:00,14134.08
BTC,2021-10-18 16:00:00,2859.08
BTC,2021-10-19 16:00:00,-2515.92
BTC,2021-10-20 16:15:00,-2515.92
BTC,2021-10-28 16:00:00,-2515.92
BTC,2021-11-03 15:30:00,-2515.92
BTC,2021-11-04 16:00:00,3959.08
BTC,2021-11-05 16:00:00,2809.08
BTC,2021-11-10 15:30:00,-2515.92
BTC,2021-11-10 15:45:00,-2515.92
BTC,2021-11-12 16:00:00,-2515.92
BTC,2021-11-17 16:15:00,-2515.92
BTC,2021-11-24 15:30:00,-2515.92
BTC,2021-11-29 16:15:00,-2515.92
BTC,2021-12-01 15:45:00,-2515.92
BTC,2021-12-03 15:30:00,24984.08
BTC,2021-12-07 16:00:00,-2515.92
BTC,2021-12-08 15:45:00,1159.08
BTC,2021-12-09 16:00:00,6784.08
BTC,2021-12-13 15:45:00,6109.08
BTC,2021-12-14 15:45:00,-2515.92
BTC,2021-12-15 16:15:00,-2515.92
BTC,2021-12-17 15:30:00,-2515.92
BTC,2021-12-22 16:15:00,-1365.92
BTC,2021-12-23 15:30:00,-2515.92
BTC,2021-12-30 15:30:00,-2515.92
BTC,2022-01-03 15:30:00,2809.08
BTC,2022-01-04 16:15:00,-2515.92
BTC,2022-01-10 15:30:00,-2515.92
BTC,2022-01-11 16:00:00,-2515.92
BTC,2022-01-13 15:45:00,-2515.92
BTC,2022-01-19 16:15:00,-2515.92
BTC,2022-01-20 16:15:00,-2515.92
BTC,2022-01-26 15:30:00,-2515.92
BTC,2022-01-28 15:45:00,3559.08
BTC,2022-02-02 16:15:00,4484.08
BTC,2022-02-04 16:00:00,14134.08
BTC,2022-02-07 16:15:00,2159.08
BTC,2022-02-09 16:15:00,1234.08
BTC,2022-02-10 15:45:00,-2515.92
BTC,2022-02-28 15:45:00,21359.08
BTC,2022-03-02 15:45:00,984.08
BTC,2022-03-03 16:15:00,5159.08
BTC,2022-03-07 16:15:00,-2515.92
BTC,2022-03-09 15:45:00,-790.92
BTC,2022-03-14 15:45:00,-2515.92
BTC,2022-03-15 16:00:00,1259.08
BTC,2022-03-16 15:45:00,-2515.92
BTC,2022-03-17 15:30:00,-840.92
BTC,2022-03-18 15:30:00,5634.08
BTC,2022-03-21 15:30:00,-265.92
BTC,2022-03-23 15:45:00,3434.08
BTC,2022-03-28 15:45:00,-1165.92
BTC,2022-03-30 15:45:00,-2515.92
BTC,2022-03-31 15:45:00,8984.08
BTC,2022-04-06 16:15:00,4684.08
BTC,2022-04-07 15:30:00,234.08
BTC,2022-04-08 15:30:00,-2515.92
BTC,2022-04-11 15:45:00,7084.08
BTC,2022-04-13 16:15:00,3109.08
BTC,2022-04-14 15:30:00,-2515.92
BTC,2022-04-19 16:15:00,34.08
BTC,2022-04-25 15:30:00,-2515.92
BTC,2022-04-27 16:15:00,-2515.92
BTC,2022-05-03 15:45:00,3534.08
BTC,2022-05-06 15:30:00,-1065.92
BTC,2022-05-09 15:30:00,-2515.92
BTC,2022-05-10 16:15:00,4109.08
BTC,2022-05-11 15:30:00,-2515.92
BTC,2022-05-18 15:30:00,4634.08
BTC,2022-05-26 15:45:00,-2515.92
BTC,2022-05-31 15:45:00,-2515.92
BTC,2022-06-02 15:45:00,-2515.92
BTC,2022-06-08 16:15:00,-2515.92
BTC,2022-06-10 16:00:00,1534.08
BTC,2022-06-13 15:30:00,-2515.92
BTC,2022-06-17 15:30:00,-215.92
BTC,2022-06-21 16:15:00,-2515.92
BTC,2022-06-23 16:15:00,-2515.92
BTC,2022-06-27 16:15:00,184.08
BTC,2022-06-30 16:15:00,-2515.92
BTC,2022-07-07 16:15:00,5459.08
BTC,2022-07-11 16:15:00,1834.08
BTC,2022-07-15 15:30:00,-15.92
BTC,2022-07-18 15:30:00,-2515.92
BTC,2022-07-27 15:45:00,-2515.92
BTC,2022-07-29 16:15:00,1159.08
BTC,2022-08-01 15:30:00,-1215.92
BTC,2022-08-08 16:15:00,-2515.92
BTC,2022-08-10 15:30:00,9.08
BTC,2022-08-17 16:15:00,484.08
BTC,2022-08-18 16:00:00,1559.08
BTC,2022-08-19 16:15:00,684.08
BTC,2022-08-26 15:45:00,-2515.92
BTC,2022-09-02 15:45:00,-2515.92
BTC,2022-09-06 15:30:00,5659.08
BTC,2022-09-08 16:15:00,634.08
BTC,2022-09-13 15:30:00,6159.08
BTC,2022-09-16 15:30:00,9.08
BTC,2022-09-20 15:45:00,-65.92
BTC,2022-09-22 16:15:00,-2515.92
BTC,2022-09-23 16:15:00,-1265.92
BTC,2022-09-26 15:30:00,709.08
BTC,2022-09-29 16:15:00,-2515.92
BTC,2022-09-30 16:15:00,-415.92
BTC,2022-10-06 15:30:00,984.08
BTC,2022-10-07 16:15:00,434.08
BTC,2022-10-10 16:15:00,1009.08
BTC,2022-10-11 15:30:00,359.08
BTC,2022-10-14 15:30:00,-2515.92
BTC,2022-10-25 15:30:00,4034.08
BTC,2022-10-28 16:00:00,484.08
BTC,2022-10-31 15:30:00,-840.92
BTC,2022-11-04 15:45:00,-2515.92
BTC,2022-11-11 15:30:00,359.08
BTC,2022-11-14 15:30:00,59.08
BTC,2022-11-22 15:30:00,109.08
BTC,2022-11-25 16:15:00,59.08
BTC,2022-11-30 16:15:00,2159.08
BTC,2022-12-01 16:15:00,-915.92
BTC,2022-12-06 16:15:00,-815.92
BTC,2022-12-09 16:15:00,-340.92
BTC,2022-12-14 15:45:00,-765.92
BTC,2022-12-22 16:15:00,-840.92
BTC,2022-12-27 16:15:00,509.08
BTC,2023-01-05 15:45:00,109.08
BTC,2023-01-10 15:45:00,934.08
BTC,2023-01-11 16:15:00,2859.08
BTC,2023-01-13 15:45:00,4384.08
BTC,2023-01-16 16:00:00,1609.08
BTC,2023-01-17 15:45:00,-765.92
BTC,2023-01-25 16:15:00,-2515.92
BTC,2023-01-26 15:45:00,-940.92
BTC,2023-01-27 16:15:00,259.08
BTC,2023-02-02 15:45:00,-2515.92
BTC,2023-02-06 15:30:00,159.08
BTC,2023-02-08 15:45:00,359.08
BTC,2023-02-14 16:15:00,-215.92
BTC,2023-02-17 16:00:00,1359.08
BTC,2023-02-22 15:45:00,859.08
BTC,2023-03-08 15:30:00,1459.08
BTC,2023-03-10 15:45:00,-440.92
BTC,2023-03-13 15:45:00,3709.08
BTC,2023-03-16 16:15:00,634.08
BTC,2023-03-31 15:45:00,1009.08
BTC,2023-04-04 16:15:00,-115.92
BTC,2023-04-28 16:15:00,-1640.92
BTC,2023-05-01 16:15:00,1834.08
BTC,2023-05-02 15:45:00,-2515.92
BTC,2023-05-05 16:15:00,1984.08
BTC,2023-05-09 16:00:00,184.08
BTC,2023-05-10 15:30:00,-2515.92
BTC,2023-05-22 15:30:00,-340.92
BTC,2023-05-24 16:15:00,-65.92
BTC,2023-05-25 16:15:00,-665.92
BTC,2023-05-26 16:15:00,1109.08
BTC,2023-05-30 15:45:00,-2515.92
BTC,2023-06-01 16:00:00,484.08
BTC,2023-06-08 15:45:00,-565.92
BTC,2023-06-12 15:45:00,-240.92
BTC,2023-06-19 16:00:00,1509.08
BTC,2023-06-21 16:00:00,4359.08
BTC,2023-06-22 15:45:00,-2515.92
BTC,2023-06-29 15:45:00,-1390.92
BTC,2023-06-30 16:15:00,-2515.92
BTC,2023-07-05 15:30:00,-1240.92
BTC,2023-07-06 16:15:00,2659.08
BTC,2023-07-10 16:00:00,559.08
BTC,2023-07-13 16:15:00,4109.08
BTC,2023-07-24 16:15:00,-115.92
BTC,2023-07-26 16:15:00,-265.92
BTC,2023-08-09 15:30:00,-2515.92
BTC,2023-08-10 16:15:00,-1490.92
BTC,2023-08-14 15:45:00,-615.92
BTC,2023-08-17 16:15:00,8634.08
BTC,2023-08-22 15:30:00,-90.92
BTC,2023-08-23 15:30:00,-2515.92
BTC,2023-08-29 16:15:00,8609.08
BTC,2023-09-01 16:15:00,859.08
BTC,2023-09-12 16:15:00,-2515.92
BTC,2023-09-14 15:30:00,-40.92
BTC,2023-09-21 16:00:00,-1065.92
BTC,2023-09-22 15:30:00,434.08
BTC,2023-10-04 15:30:00,-1265.92
BTC,2023-10-05 15:30:00,-2515.92
BTC,2023-10-06 15:30:00,-2515.92
BTC,2023-10-10 15:30:00,-140.92
BTC,2023-10-12 16:00:00,-240.92
BTC,2023-10-16 16:00:00,1859.08
BTC,2023-10-25 15:45:00,259.08
BTC,2023-11-06 15:45:00,-565.92
BTC,2023-11-09 15:30:00,-2515.92
BTC,2023-11-13 16:15:00,1359.08
BTC,2023-11-17 16:15:00,-2515.92
BTC,2023-11-20 16:15:00,-2515.92
BTC,2023-11-21 15:30:00,-2515.92
BTC,2023-11-22 16:15:00,-2515.92
BTC,2023-11-28 15:30:00,2584.08
BTC,2023-11-30 15:30:00,-40.92
BTC,2023-12-05 16:00:00,9884.08
BTC,2023-12-08 16:15:00,2434.08
BTC,2023-12-12 16:15:00,459.08
BTC,2023-12-15 16:00:00,-715.92
BTC,2023-12-20 15:30:00,-590.92
BTC,2023-12-22 15:45:00,-2515.92
BTC,2023-12-28 15:45:00,1534.08
BTC,2023-12-29 16:15:00,-2515.92
BTC,2024-01-11 15:30:00,-2515.92
BTC,2024-01-12 16:15:00,10209.08
BTC,2024-01-15 15:45:00,-2515.92
BTC,2024-01-16 15:30:00,-2515.92
BTC,2024-01-19 16:00:00,-2515.92
BTC,2024-01-22 15:45:00,5409.08
BTC,2024-01-23 15:30:00,-2515.92
BTC,2024-01-26 16:15:00,2184.08
BTC,2024-01-30 16:00:00,-2540.92
BTC,2024-02-08 15:30:00,509.08
BTC,2024-02-12 15:45:00,8984.08
BTC,2024-02-15 16:00:00,-2515.92
BTC,2024-02-26 16:00:00,15459.08
BTC,2024-03-04 16:15:00,10484.08
BTC,2024-03-05 16:15:00,-2515.92
BTC,2024-03-06 15:30:00,-2515.92
BTC,2024-03-07 15:45:00,-2515.92
BTC,2024-03-08 16:15:00,-2515.92
BTC,2024-03-11 15:45:00,-340.92
BTC,2024-03-14 16:15:00,1509.08
BTC,2024-03-18 16:15:00,-2515.92
BTC,2024-03-19 15:45:00,-2515.92
BTC,2024-03-25 15:30:00,8409.08
BTC,2024-03-27 15:30:00,-2515.92
BTC,2024-03-28 16:15:00,-2515.92
BTC,2024-04-02 15:30:00,-2515.92
BTC,2024-04-04 15:45:00,5659.08
BTC,2024-04-05 16:15:00,609.08
BTC,2024-04-12 15:45:00,24984.08
BTC,2024-04-22 15:30:00,3484.08
BTC,2024-04-23 16:15:00,-2515.92
BTC,2024-04-24 15:30:00,9784.08
BTC,2024-04-25 15:30:00,-2515.92
BTC,2024-04-26 15:30:00,-2515.92
BTC,2024-04-26 16:15:00,-2515.92
BTC,2024-04-29 16:15:00,-2515.92
BTC,2024-05-03 15:30:00,8484.08
BTC,2024-05-06 16:15:00,-2515.92
BTC,2024-05-09 16:15:00,-2515.92
BTC,2024-05-15 16:00:00,9734.08
BTC,2024-05-16 16:00:00,-2515.92
BTC,2024-05-22 16:15:00,-2515.92
BTC,2024-05-23 15:30:00,8784.08
BTC,2024-05-24 15:30:00,-2515.92
BTC,2024-05-27 15:30:00,1909.08
BTC,2024-05-28 15:30:00,-915.92
BTC,2024-05-31 16:15:00,2809.08
BTC,2024-06-03 16:15:00,-2515.92
BTC,2024-06-04 15:45:00,6009.08
BTC,2024-06-10 15:30:00,-2515.92
BTC,2024-06-11 16:15:00,-2515.92
BTC,2024-06-13 15:45:00,-2515.92
BTC,2024-06-17 16:15:00,-2515.92
BTC,2024-06-26 16:15:00,-2515.92
BTC,2024-06-27 15:45:00,-165.92
BTC,2024-07-04 15:30:00,-2515.92
BTC,2024-07-18 16:15:00,3309.08
BTC,2024-07-19 16:15:00,9234.08
BTC,2024-07-23 16:15:00,-2515.92
BTC,2024-07-26 16:15:00,-2515.92
BTC,2024-07-30 16:15:00,934.08
BTC,2024-08-02 16:15:00,-2515.92
BTC,2024-08-12 16:15:00,-2515.92
BTC,2024-08-13 16:15:00,6159.08
BTC,2024-08-14 16:15:00,4609.08
BTC,2024-08-19 15:45:00,-2515.92
BTC,2024-08-19 16:15:00,-2515.92
BTC,2024-08-20 16:15:00,-2515.92
BTC,2024-08-23 15:30:00,13959.08
BTC,2024-08-26 15:45:00,-2515.92
BTC,2024-08-28 15:30:00,5184.08
BTC,2024-09-02 15:45:00,-2515.92
BTC,2024-09-03 16:15:00,4384.08
BTC,2024-09-04 15:45:00,-2515.92
BTC,2024-09-06 16:15:00,15584.08
BTC,2024-09-11 16:15:00,-2515.92
BTC,2024-09-13 16:15:00,9409.08
BTC,2024-09-19 15:45:00,-2515.92
BTC,2024-09-25 15:30:00,2434.08
BTC,2024-10-01 15:45:00,13159.08
BTC,2024-10-02 15:30:00,-2515.92
BTC,2024-10-07 16:15:00,-2515.92
BTC,2024-10-08 16:00:00,-2515.92
BTC,2024-10-11 16:00:00,7984.08
BTC,2024-10-14 16:15:00,4534.08
BTC,2024-10-15 16:15:00,-2515.92
BTC,2024-10-18 15:45:00,3209.08
BTC,2024-10-21 15:45:00,2809.08
BTC,2024-10-24 15:30:00,2934.08
BTC,2024-10-30 15:30:00,-2515.92
BTC,2024-10-31 15:30:00,5534.08
BTC,2024-11-01 15:30:00,-2515.92
BTC,2024-11-04 15:30:00,4159.08
BTC,2024-11-05 16:00:00,-2515.92
BTC,2024-11-08 15:30:00,1884.08
BTC,2024-11-12 16:15:00,-2515.92
BTC,2024-11-13 16:15:00,-2515.92
BTC,2024-11-14 16:15:00,-2515.92
BTC,2024-11-15 15:45:00,-2515.92
BTC,2024-11-18 15:45:00,-2515.92
BTC,2024-11-25 15:45:00,22159.08
BTC,2024-11-26 15:30:00,-2515.92
BTC,2024-11-27 15:30:00,8209.08
BTC,2024-11-28 15:30:00,-2515.92
BTC,2024-11-29 16:15:00,-2515.92
BTC,2024-12-02 16:00:00,-2515.92
BTC,2024-12-02 16:15:00,-2515.92
BTC,2024-12-03 15:30:00,-2515.92
BTC,2024-12-05 16:15:00,-2515.92
BTC,2024-12-09 16:15:00,-2515.92
BTC,2024-12-11 16:15:00,7484.08
BTC,2024-12-13 15:30:00,-2515.92
BTC,2024-12-16 15:45:00,8409.08
BTC,2024-12-17 15:45:00,-2515.92
BTC,2024-12-18 15:30:00,-2515.92
BTC,2024-12-19 16:15:00,24984.08
BTC,2024-12-23 16:15:00,-3190.92
BTC,2024-12-24 15:30:00,12059.08
BTC,2024-12-27 16:15:00,5734.08
BTC,2024-12-30 15:30:00,-2515.92
BTC,2025-01-02 16:15:00,-2515.92
BTC,2025-01-03 15:45:00,6509.08
BTC,2025-01-06 16:15:00,7534.08
BTC,2025-01-10 15:45:00,-2515.92
BTC,2025-01-14 16:00:00,-2515.92
BTC,2025-01-15 15:30:00,7634.08
BTC,2025-01-16 16:15:00,-2515.92
BTC,2025-01-21 16:15:00,-2515.92
BTC,2025-01-22 15:30:00,-2515.92
BTC,2025-01-23 16:15:00,-2515.92
BTC,2025-01-24 16:15:00,-2515.92
BTC,2025-01-27 15:30:00,-2515.92
BTC,2025-01-29 15:45:00,-2515.92
BTC,2025-01-30 16:15:00,-2515.92
BTC,2025-01-31 16:15:00,-2515.92
BTC,2025-02-04 15:30:00,-2515.92
BTC,2025-02-04 16:15:00,-2515.92
BTC,2025-02-07 15:30:00,-2515.92
BTC,2025-02-11 15:30:00,6059.08
BTC,2025-02-14 16:15:00,-2515.92
BTC,2025-02-17 15:30:00,-2515.92
BTC,2025-02-18 16:15:00,-340.92
BTC,2025-02-20 15:30:00,-2515.92
BTC,2025-02-24 15:30:00,20934.08
BTC,2025-02-25 16:15:00,-2515.92
BTC,2025-02-26 15:30:00,-2515.92
BTC,2025-03-07 16:15:00,-2515.92
BTC,2025-03-10 15:30:00,-2515.92
BTC,2025-03-13 15:30:00,4984.08
BTC,2025-03-14 16:15:00,2634.08
BTC,2025-03-19 15:30:00,-2515.92
BTC,2025-03-24 15:45:00,-2515.92
BTC,2025-03-26 15:30:00,884.08
BTC,2025-03-28 15:45:00,3084.08
BTC,2025-04-02 16:15:00,-2515.92
BTC,2025-04-03 15:30:00,-2515.92
BTC,2025-04-08 15:45:00,-2515.92
BTC,2025-04-11 16:15:00,-2515.92
BTC,2025-04-15 15:30:00,-2515.92
BTC,2025-04-16 15:30:00,-2515.92
BTC,2025-04-22 15:30:00,7759.08
BTC,2025-04-23 15:45:00,-2515.92
BTC,2025-04-28 16:15:00,-2515.92
BTC,2025-04-30 16:15:00,-2515.92
BTC,2025-05-01 15:45:00,-2515.92
BTC,2025-05-06 15:45:00,-2515.92
BTC,2025-05-15 16:15:00,-2515.92
BTC,2025-05-16 16:15:00,-2515.92
BTC,2025-05-21 16:15:00,-2515.92
BTC,2025-05-27 15:45:00,-2515.92
BTC,2025-05-28 15:30:00,5659.08
BTC,2025-05-29 16:00:00,10959.08
BTC,2025-05-30 15:45:00,6484.08
BTC,2025-06-05 15:30:00,-2515.92
BTC,2025-06-05 16:15:00,15159.08
BTC,2025-06-13 15:30:00,-2515.92
BTC,2025-06-17 15:30:00,5059.08
BTC,2025-06-18 15:45:00,-2515.92
BTC,2025-06-19 16:15:00,-2565.92
BTC,2025-06-23 15:45:00,-2515.92
BTC,2025-06-25 15:45:00,-2515.92
BTC,2025-07-02 15:45:00,6884.08
BTC,2025-07-03 15:45:00,1484.08
BTC,2025-07-04 15:30:00,5359.08
BTC,2025-07-08 16:15:00,-2515.92
BTC,2025-07-09 15:45:00,-2515.92
BTC,2025-07-18 15:45:00,-2515.92
BTC,2025-07-21 16:15:00,-2515.92
BTC,2025-07-23 15:30:00,-2515.92
BTC,2025-08-01 16:00:00,-2515.92
BTC,2025-08-06 15:30:00,-2515.92
BTC,2025-08-11 16:15:00,-2515.92
BTC,2025-08-13 15:45:00,-2515.92
BTC,2025-08-15 15:45:00,6509.08
BTC,2025-08-18 16:15:00,-2515.92
BTC,2025-08-19 16:15:00,12209.08
BTC,2025-08-20 15:30:00,-2515.92
BTC,2025-08-22 15:45:00,-2515.92
BTC,2025-08-27 16:15:00,-1065.92
BTC,2025-08-29 16:00:00,9909.08
BTC,2025-09-02 15:45:00,9384.08
BTC,2025-09-03 15:45:00,1259.08
BTC,2025-09-04 16:15:00,-2515.92
BTC,2025-09-08 15:45:00,-440.92
BTC,2025-09-10 15:45:00,-2515.92
BTC,2025-09-16 16:15:00,-2515.92
BTC,2025-09-18 15:45:00,-2515.92
BTC,2025-09-25 15:30:00,-2515.92
BTC,2025-09-29 16:15:00,5659.08
BTC,2025-10-02 16:15:00,-2515.92
BTC,2025-10-06 15:30:00,59.08
BTC,2025-10-07 15:30:00,-2515.92
BTC,2025-10-09 16:15:00,3284.08
BTC,2025-10-16 15:45:00,15134.08
BTC,2025-10-20 16:15:00,-2515.92
BTC,2025-10-23 16:15:00,-2515.92
ES,2019-01-04 16:15:00,-505.68
ES,2019-01-04 17:00:00,1494.32
ES,2019-01-07 17:15:00,554.32
ES,2019-01-10 16:15:00,-505.68
ES,2019-01-10 17:00:00,934.32
ES,2019-01-15 16:15:00,669.32
ES,2019-01-16 16:15:00,-505.68
ES,2019-01-17 16:15:00,834.32
ES,2019-01-18 17:00:00,384.32
ES,2019-01-21 16:45:00,84.32
ES,2019-01-23 17:00:00,1494.32
ES,2019-01-25 16:30:00,269.32
ES,2019-01-28 16:15:00,-505.68
ES,2019-01-29 16:00:00,-5.68
ES,2019-01-31 16:15:00,1129.32
ES,2019-02-05 16:15:00,149.32
ES,2019-02-06 17:15:00,-505.68
ES,2019-02-07 16:00:00,-505.68
ES,2019-02-12 16:15:00,749.32
ES,2019-02-15 17:00:00,-505.68
ES,2019-02-19 16:15:00,19.32
ES,2019-02-21 16:15:00,-505.68
ES,2019-02-26 16:15:00,-70.68
ES,2019-02-27 16:45:00,-505.68
ES,2019-02-28 16:15:00,-505.68
ES,2019-02-28 16:45:00,-505.68
ES,2019-03-05 16:15:00,-505.68
ES,2019-03-06 17:00:00,299.32
ES,2019-03-07 16:00:00,779.32
ES,2019-03-11 16:15:00,1054.32
ES,2019-03-12 16:00:00,189.32
ES,2019-03-13 16:30:00,-55.68
ES,2019-03-15 16:45:00,234.32
ES,2019-03-19 17:00:00,-505.68
ES,2019-03-20 17:15:00,-505.68
ES,2019-03-21 16:30:00,1069.32
ES,2019-03-22 16:30:00,1494.32
ES,2019-03-27 16:15:00,1494.32
ES,2019-03-27 17:00:00,-505.68
ES,2019-03-28 16:30:00,-505.68
ES,2019-03-29 17:00:00,349.32
ES,2019-04-02 17:00:00,124.32
ES,2019-04-03 17:00:00,-505.68
ES,2019-04-04 16:15:00,-505.68
ES,2019-04-04 16:45:00,-165.68
ES,2019-04-08 16:15:00,-505.68
ES,2019-04-10 17:15:00,499.32
ES,2019-04-15 16:30:00,-355.68
ES,2019-04-16 16:45:00,-505.68
ES,2019-04-17 17:00:00,-505.68
ES,2019-04-18 16:30:00,-505.68
ES,2019-04-22 16:15:00,849.32
ES,2019-04-23 16:15:00,1089.32
ES,2019-04-24 16:45:00,-505.68
ES,2019-04-25 16:45:00,-505.68
ES,2019-04-26 16:00:00,-505.68
ES,2019-04-29 17:15:00,-505.68
ES,2019-05-03 17:15:00,774.32
ES,2019-05-07 16:30:00,1494.32
ES,2019-05-09 16:15:00,-505.68
ES,2019-05-10 16:30:00,1494.32
ES,2019-05-10 17:00:00,-505.68
ES,2019-05-13 16:30:00,1239.32
ES,2019-05-15 16:15:00,1494.32
ES,2019-05-15 17:00:00,964.32
ES,2019-05-16 16:15:00,444.32
ES,2019-05-17 16:15:00,-505.68
ES,2019-05-22 16:15:00,-505.68
ES,2019-05-23 16:15:00,109.32
ES,2019-05-24 17:00:00,524.32
ES,2019-05-28 16:15:00,-505.68
ES,2019-05-30 16:15:00,-505.68
ES,2019-05-31 16:15:00,-505.68
ES,2019-06-03 16:15:00,-505.68
ES,2019-06-04 17:00:00,1494.32
ES,2019-06-07 16:15:00,1494.32
ES,2019-06-10 16:00:00,169.32
ES,2019-06-12 16:45:00,-75.68
ES,2019-06-13 16:15:00,-505.68
ES,2019-06-17 16:15:00,69.32
ES,2019-06-18 16:15:00,-505.68
ES,2019-06-21 17:15:00,-505.68
ES,2019-06-25 16:15:00,1494.32
ES,2019-06-28 16:15:00,-505.68
ES,2019-07-03 17:00:00,404.32
ES,2019-07-08 16:15:00,-505.68
ES,2019-07-09 16:45:00,669.32
ES,2019-07-10 16:15:00,-505.68
ES,2019-07-12 16:15:00,419.32
ES,2019-07-17 16:45:00,1414.32
ES,2019-07-22 16:15:00,-505.68
ES,2019-07-23 17:15:00,-505.68
ES,2019-07-24 16:15:00,1494.32
ES,2019-07-25 16:15:00,-505.68
ES,2019-07-26 16:15:00,-505.68
ES,2019-07-29 16:15:00,-505.68
ES,2019-07-31 16:15:00,1494.32
ES,2019-08-01 16:45:00,-505.68
ES,2019-08-02 16:45:00,-135.68
ES,2019-08-05 16:15:00,1494.32
ES,2019-08-07 16:45:00,1494.32
ES,2019-08-08 17:00:00,1494.32
ES,2019-08-13 16:00:00,1494.32
ES,2019-08-13 16:15:00,-505.68
ES,2019-08-13 16:30:00,-505.68
ES,2019-08-21 16:15:00,-505.68
ES,2019-08-22 16:45:00,-505.68
ES,2019-08-26 16:15:00,-505.68
ES,2019-08-29 16:15:00,-505.68
ES,2019-09-02 16:15:00,-505.68
ES,2019-09-03 16:45:00,199.32
ES,2019-09-05 16:15:00,129.32
ES,2019-09-06 17:15:00,-505.68
ES,2019-09-09 16:15:00,-505.68
ES,2019-09-10 16:15:00,-505.68
ES,2019-09-11 16:45:00,629.32
ES,2019-09-12 16:45:00,-505.68
ES,2019-09-13 16:00:00,289.32
ES,2019-09-19 16:15:00,-505.68
ES,2019-09-24 16:15:00,-505.68
ES,2019-09-24 16:45:00,1494.32
ES,2019-09-25 16:15:00,-505.68
ES,2019-09-26 16:15:00,-505.68
ES,2019-09-27 16:15:00,-505.68
ES,2019-10-01 16:15:00,-505.68
ES,2019-10-02 16:15:00,1494.32
ES,2019-10-03 16:45:00,-505.68
ES,2019-10-08 16:15:00,-505.68
ES,2019-10-10 16:15:00,-505.68
ES,2019-10-11 16:00:00,-505.68
ES,2019-10-14 17:15:00,-505.68
ES,2019-10-15 16:15:00,1494.32
ES,2019-10-16 17:00:00,394.32
ES,2019-10-18 16:45:00,1494.32
ES,2019-10-23 16:45:00,-505.68
ES,2019-10-25 16:15:00,1494.32
ES,2019-10-28 17:15:00,-505.68
ES,2019-10-29 17:00:00,189.32
ES,2019-10-30 17:00:00,-505.68
ES,2019-10-31 16:30:00,-505.68
ES,2019-11-06 16:00:00,-350.68
ES,2019-11-07 16:15:00,-505.68
ES,2019-11-08 17:00:00,489.32
ES,2019-11-11 17:00:00,274.32
ES,2019-11-12 16:15:00,-505.68
ES,2019-11-13 16:45:00,119.32
ES,2019-11-18 17:15:00,519.32
ES,2019-11-22 16:15:00,49.32
ES,2019-11-25 16:15:00,474.32
ES,2019-11-27 16:45:00,654.32
ES,2019-11-29 16:30:00,-505.68
ES,2019-12-02 16:15:00,619.32
ES,2019-12-06 16:15:00,369.32
ES,2019-12-09 16:15:00,-505.68
ES,2019-12-10 16:45:00,-505.68
ES,2019-12-11 16:30:00,379.32
ES,2019-12-12 16:15:00,-505.68
ES,2019-12-13 16:15:00,319.32
ES,2019-12-16 16:15:00,214.32
ES,2019-12-18 16:00:00,-55.68
ES,2019-12-19 16:15:00,989.32
ES,2019-12-24 16:15:00,-280.68
ES,2019-12-26 16:15:00,904.32
ES,2019-12-30 16:15:00,-505.68
ES,2019-12-31 16:45:00,-505.68
ES,2020-01-02 16:15:00,-505.68
ES,2020-01-03 16:15:00,-275.68
ES,2020-01-06 17:15:00,569.32
ES,2020-01-08 16:15:00,-505.68
ES,2020-01-15 16:15:00,-505.68
ES,2020-01-16 16:15:00,-505.68
ES,2020-01-20 16:15:00,79.32
ES,2020-01-21 16:00:00,249.32
ES,2020-01-23 16:45:00,-505.68
ES,2020-01-28 16:45:00,1494.32
ES,2020-01-29 17:15:00,-505.68
ES,2020-01-30 17:15:00,-505.68
ES,2020-02-03 16:15:00,-505.68
ES,2020-02-07 17:00:00,-505.68
ES,2020-02-10 16:15:00,1494.32
ES,2020-02-11 16:45:00,-505.68
ES,2020-02-13 16:15:00,1079.32
ES,2020-02-19 16:15:00,459.32
ES,2020-02-21 16:15:00,1494.32
ES,2020-02-24 17:00:00,1494.32
ES,2020-02-25 16:15:00,1494.32
ES,2020-02-25 17:00:00,1494.32
ES,2020-02-27 17:00:00,-505.68
ES,2020-03-02 17:15:00,1494.32
ES,2020-03-04 16:15:00,-505.68
ES,2020-03-04 16:45:00,-505.68
ES,2020-03-10 16:15:00,-505.68
ES,2020-03-10 16:30:00,1494.32
ES,2020-03-10 17:00:00,-505.68
ES,2020-03-12 16:45:00,-505.68
ES,2020-03-12 17:15:00,1494.32
ES,2020-03-13 17:00:00,-505.68
ES,2020-03-16 16:45:00,-505.68
ES,2020-03-18 16:30:00,-505.68
ES,2020-03-19 17:00:00,-505.68
ES,2020-03-23 17:00:00,-505.68
ES,2020-03-27 16:45:00,-505.68
ES,2020-03-30 16:45:00,1494.32
ES,2020-03-31 16:45:00,-505.68
ES,2020-04-06 16:30:00,1494.32
ES,2020-04-14 16:15:00,-505.68
ES,2020-04-16 17:15:00,1494.32
ES,2020-04-20 17:00:00,-505.68
ES,2020-04-21 16:15:00,1494.32
ES,2020-04-21 17:00:00,1494.32
ES,2020-04-21 17:15:00,-505.68
ES,2020-04-23 16:15:00,-505.68
ES,2020-04-24 16:15:00,-505.68
ES,2020-04-28 16:45:00,1494.32
ES,2020-04-29 17:00:00,1494.32
ES,2020-05-05 16:15:00,-505.68
ES,2020-05-06 17:15:00,-505.68
ES,2020-05-08 17:00:00,-505.68
ES,2020-05-11 16:15:00,1494.32
ES,2020-05-18 17:00:00,-125.68
ES,2020-05-20 16:15:00,-505.68
ES,2020-05-27 16:15:00,-505.68
ES,2020-05-27 16:30:00,1494.32
ES,2020-05-27 17:15:00,-505.68
ES,2020-05-28 16:00:00,-505.68
ES,2020-05-28 17:15:00,-505.68
ES,2020-05-29 16:45:00,-505.68
ES,2020-06-01 16:15:00,829.32
ES,2020-06-04 16:15:00,-505.68
ES,2020-06-05 16:15:00,1494.32
ES,2020-06-08 17:15:00,1494.32
ES,2020-06-09 16:15:00,1494.32
ES,2020-06-12 16:45:00,1494.32
ES,2020-06-12 17:15:00,-505.68
ES,2020-06-22 16:30:00,-505.68
ES,2020-06-23 17:00:00,1494.32
ES,2020-06-24 16:30:00,1494.32
ES,2020-06-25 16:15:00,-505.68
ES,2020-06-26 16:15:00,1494.32
ES,2020-06-26 16:45:00,1494.32
ES,2020-06-29 16:15:00,-505.68
ES,2020-06-30 16:15:00,1494.32
ES,2020-07-01 16:45:00,1494.32
ES,2020-07-02 16:15:00,-505.68
ES,2020-07-06 16:15:00,1494.32
ES,2020-07-07 16:15:00,1494.32
ES,2020-07-08 16:15:00,-505.68
ES,2020-07-09 17:15:00,-505.68
ES,2020-07-10 17:00:00,-505.68
ES,2020-07-13 16:15:00,1494.32
ES,2020-07-17 16:15:00,-505.68
ES,2020-07-20 16:45:00,1494.32
ES,2020-07-22 17:00:00,1494.32
ES,2020-07-23 16:45:00,-505.68
ES,2020-07-24 16:15:00,-505.68
ES,2020-07-27 16:15:00,-505.68
ES,2020-07-29 16:45:00,-505.68
ES,2020-08-03 16:15:00,-505.68
ES,2020-08-04 16:15:00,-505.68
ES,2020-08-06 16:45:00,-505.68
ES,2020-08-10 16:30:00,1494.32
ES,2020-08-10 17:15:00,-505.68
ES,2020-08-12 16:15:00,1494.32
ES,2020-08-13 17:00:00,-505.68
ES,2020-08-17 16:15:00,-505.68
ES,2020-08-19 16:45:00,-505.68
ES,2020-08-20 16:15:00,1494.32
ES,2020-08-21 17:00:00,-505.68
ES,2020-08-26 17:00:00,1494.32
ES,2020-08-27 17:00:00,-505.68
ES,2020-08-31 17:00:00,-505.68
ES,2020-09-03 16:15:00,-505.68
ES,2020-09-03 17:00:00,-505.68
ES,2020-09-03 17:15:00,1494.32
ES,2020-09-04 16:30:00,-505.68
ES,2020-09-04 16:45:00,-505.68
ES,2020-09-04 17:00:00,-505.68
ES,2020-09-09 17:00:00,-505.68
ES,2020-09-14 16:15:00,-505.68
ES,2020-09-16 17:00:00,-505.68
ES,2020-09-18 16:00:00,1494.32
ES,2020-09-18 17:00:00,1494.32
ES,2020-09-18 17:15:00,1494.32
ES,2020-09-21 17:00:00,-505.68
ES,2020-09-25 17:00:00,-505.68
ES,2020-09-30 16:30:00,1494.32
ES,2020-10-02 16:45:00,-505.68
ES,2020-10-02 17:15:00,1494.32
ES,2020-10-06 16:45:00,-505.68
ES,2020-10-07 16:00:00,-505.68
ES,2020-10-07 16:45:00,-505.68
ES,2020-10-09 17:15:00,1494.32
ES,2020-10-14 16:45:00,-505.68
ES,2020-10-15 17:00:00,-505.68
ES,2020-10-16 16:45:00,-505.68
ES,2020-10-19 16:15:00,-505.68
ES,2020-10-26 16:00:00,1494.32
ES,2020-10-26 16:15:00,1494.32
ES,2020-10-30 16:00:00,-505.68
ES,2020-11-02 16:15:00,-505.68
ES,2020-11-02 17:15:00,1494.32
ES,2020-11-03 16:30:00,1494.32
ES,2020-11-04 16:45:00,-505.68
ES,2020-11-05 16:30:00,-505.68
ES,2020-11-06 16:15:00,-505.68
ES,2020-11-06 16:45:00,-505.68
ES,2020-11-09 16:45:00,-505.68
ES,2020-11-10 17:00:00,-505.68
ES,2020-11-17 16:15:00,-505.68
ES,2020-11-17 17:15:00,-505.68
ES,2020-11-20 17:15:00,-505.68
ES,2020-11-23 16:15:00,-505.68
ES,2020-11-23 16:45:00,-505.68
ES,2020-11-24 16:15:00,-505.68
ES,2020-11-24 17:15:00,1494.32
ES,2020-11-27 16:45:00,-505.68
ES,2020-11-30 17:00:00,-505.68
ES,2020-11-30 17:15:00,-505.68
ES,2020-12-01 16:45:00,-505.68
ES,2020-12-02 16:45:00,889.32
ES,2020-12-03 16:45:00,-505.68
ES,2020-12-04 16:30:00,-505.68
ES,2020-12-07 16:15:00,-505.68
ES,2020-12-14 16:15:00,-505.68
ES,2020-12-16 17:15:00,1494.32
ES,2020-12-21 16:45:00,-505.68
ES,2020-12-24 16:15:00,-505.68
ES,2020-12-28 17:15:00,624.32
ES,2021-01-06 16:45:00,1494.32
ES,2021-01-07 16:15:00,1494.32
ES,2021-01-13 17:00:00,329.32
ES,2021-01-14 17:15:00,-505.68
ES,2021-01-15 16:45:00,-505.68
ES,2021-01-20 16:15:00,1494.32
ES,2021-01-21 16:45:00,-505.68
ES,2021-01-22 16:15:00,-505.68
ES,2021-01-25 16:00:00,-505.68
ES,2021-01-25 16:15:00,-505.68
ES,2021-01-25 17:15:00,-505.68
ES,2021-01-27 16:15:00,-505.68
ES,2021-01-29 16:15:00,-505.68
ES,2021-02-01 17:00:00,-505.68
ES,2021-02-02 16:15:00,1494.32
ES,2021-02-09 16:15:00,-505.68
ES,2021-02-10 16:45:00,1494.32
ES,2021-02-10 17:00:00,-505.68
ES,2021-02-12 17:15:00,1494.32
ES,2021-02-15 16:00:00,334.32
ES,2021-02-17 17:00:00,-505.68
ES,2021-02-18 16:45:00,-505.68
ES,2021-02-22 17:00:00,-505.68
ES,2021-02-23 16:15:00,-505.68
ES,2021-02-25 16:15:00,-505.68
ES,2021-02-25 16:45:00,1494.32
ES,2021-02-25 17:15:00,-505.68
ES,2021-02-26 16:30:00,-505.68
ES,2021-03-01 17:00:00,1494.32
ES,2021-03-03 16:30:00,-505.68
ES,2021-03-03 16:45:00,-505.68
ES,2021-03-04 16:30:00,-505.68
ES,2021-03-05 16:15:00,-505.68
ES,2021-03-09 16:30:00,-505.68
ES,2021-03-15 16:30:00,-505.68
ES,2021-03-15 17:00:00,-505.68
ES,2021-03-16 16:00:00,-505.68
ES,2021-03-17 16:15:00,-505.68
ES,2021-03-22 16:15:00,1494.32
ES,2021-03-23 16:30:00,-505.68
ES,2021-03-25 16:00:00,1494.32
ES,2021-03-25 16:15:00,-505.68
ES,2021-03-26 16:45:00,-505.68
ES,2021-03-26 17:15:00,-505.68
ES,2021-03-30 16:15:00,-505.68
ES,2021-03-31 16:15:00,1494.32
ES,2021-04-01 16:15:00,-505.68
ES,2021-04-05 16:15:00,1494.32
ES,2021-04-07 16:30:00,-505.68
ES,2021-04-09 16:15:00,-505.68
ES,2021-04-13 16:15:00,-505.68
ES,2021-04-15 16:15:00,1494.32
ES,2021-04-19 16:15:00,-505.68
ES,2021-04-19 16:45:00,1494.32
ES,2021-04-20 17:15:00,1494.32
ES,2021-04-22 17:00:00,-505.68
ES,2021-04-26 16:45:00,1494.32
ES,2021-04-27 16:30:00,-505.68
ES,2021-04-28 17:00:00,-505.68
ES,2021-04-29 16:15:00,1494.32
ES,2021-05-03 16:15:00,-505.68
ES,2021-05-03 16:45:00,-505.68
ES,2021-05-03 17:15:00,1494.32
ES,2021-05-04 16:15:00,1494.32
ES,2021-05-05 16:45:00,-505.68
ES,2021-05-07 16:45:00,-505.68
ES,2021-05-10 16:15:00,1494.32
ES,2021-05-10 17:15:00,-505.68
ES,2021-05-11 17:00:00,-505.68
ES,2021-05-12 17:15:00,-505.68
ES,2021-05-14 16:45:00,1494.32
ES,2021-05-18 16:45:00,-505.68
ES,2021-05-20 16:15:00,1494.32
ES,2021-05-24 16:15:00,1494.32
ES,2021-05-26 17:00:00,149.32
ES,2021-05-27 16:15:00,-505.68
ES,2021-05-27 16:45:00,-505.68
ES,2021-05-28 16:00:00,-505.68
ES,2021-06-01 16:30:00,-505.68
ES,2021-06-02 16:15:00,-505.68
ES,2021-06-03 16:15:00,-505.68
ES,2021-06-04 16:15:00,1494.32
ES,2021-06-10 16:15:00,-505.68
ES,2021-06-16 16:15:00,-505.68
ES,2021-06-16 17:15:00,1494.32
ES,2021-06-17 16:15:00,1494.32
ES,2021-06-17 17:00:00,-505.68
ES,2021-06-21 17:15:00,799.32
ES,2021-06-24 16:15:00,-505.68
ES,2021-06-28 16:15:00,1014.32
ES,2021-06-29 16:15:00,-505.68
ES,2021-06-29 17:15:00,1384.32
ES,2021-07-13 16:00:00,1494.32
ES,2021-07-13 16:45:00,-505.68
ES,2021-07-15 17:00:00,-505.68
ES,2021-07-16 16:30:00,1494.32
ES,2021-07-20 17:15:00,1494.32
ES,2021-07-21 16:15:00,-505.68
ES,2021-07-22 16:15:00,-505.68
ES,2021-07-26 16:30:00,544.32
ES,2021-07-27 16:15:00,1494.32
ES,2021-07-27 16:45:00,1494.32
ES,2021-07-27 17:15:00,1494.32
ES,2021-07-28 16:15:00,-505.68
ES,2021-07-28 16:45:00,-505.68
ES,2021-07-29 16:15:00,-505.68
ES,2021-07-30 16:30:00,-505.68
ES,2021-08-02 16:45:00,-505.68
ES,2021-08-03 16:30:00,-505.68
ES,2021-08-04 16:00:00,-505.68
ES,2021-08-10 17:00:00,-505.68
ES,2021-08-10 17:15:00,-505.68
ES,2021-08-11 16:15:00,1494.32
ES,2021-08-12 16:15:00,-505.68
ES,2021-08-12 17:15:00,549.32
ES,2021-08-16 16:30:00,-505.68
ES,2021-08-20 16:15:00,-505.68
ES,2021-08-23 16:15:00,1494.32
ES,2021-08-24 16:45:00,-505.68
ES,2021-08-26 17:00:00,-505.68
ES,2021-08-27 16:45:00,-505.68
ES,2021-08-30 16:00:00,1494.32
ES,2021-08-30 17:00:00,639.32
ES,2021-09-01 16:15:00,-505.68
ES,2021-09-03 16:30:00,-505.68
ES,2021-09-06 16:30:00,-70.68
ES,2021-09-07 17:15:00,-505.68
ES,2021-09-08 16:15:00,1494.32
ES,2021-09-08 17:15:00,-505.68
ES,2021-09-09 16:15:00,-505.68
ES,2021-09-10 16:00:00,-505.68
ES,2021-09-13 16:15:00,1494.32
ES,2021-09-13 16:45:00,-505.68
ES,2021-09-14 16:15:00,-505.68
ES,2021-09-15 16:15:00,-505.68
ES,2021-09-16 16:15:00,-505.68
ES,2021-09-17 16:00:00,1494.32
ES,2021-09-17 17:15:00,1319.32
ES,2021-09-20 16:45:00,1494.32
ES,2021-09-21 16:45:00,-505.68
ES,2021-09-22 16:00:00,-505.68
ES,2021-09-22 16:30:00,1494.32
ES,2021-09-23 16:15:00,409.32
ES,2021-09-27 16:15:00,-505.68
ES,2021-09-28 16:15:00,1494.32
ES,2021-09-28 16:45:00,1494.32
ES,2021-09-30 16:15:00,-505.68
ES,2021-10-01 16:15:00,1494.32
ES,2021-10-01 17:00:00,-505.68
ES,2021-10-04 16:15:00,1494.32
ES,2021-10-04 16:45:00,1494.32
ES,2021-10-04 17:00:00,1494.32
ES,2021-10-05 16:30:00,1494.32
ES,2021-10-06 17:00:00,-505.68
ES,2021-10-07 16:45:00,-505.68
ES,2021-10-11 16:15:00,-505.68
ES,2021-10-12 16:15:00,-505.68
ES,2021-10-13 16:00:00,-505.68
ES,2021-10-14 16:15:00,1494.32
ES,2021-10-15 17:15:00,-505.68
ES,2021-10-18 16:15:00,1494.32
ES,2021-10-20 17:00:00,-505.68
ES,2021-10-21 16:15:00,1494.32
ES,2021-10-26 16:15:00,-505.68
ES,2021-10-27 16:15:00,-505.68
ES,2021-10-28 17:15:00,-505.68
ES,2021-10-29 16:15:00,1494.32
ES,2021-11-01 17:00:00,-505.68
ES,2021-11-04 16:00:00,-505.68
ES,2021-11-09 16:15:00,-505.68
ES,2021-11-12 16:15:00,-505.68
ES,2021-11-16 16:15:00,-505.68
ES,2021-11-17 17:15:00,-505.68
ES,2021-11-19 16:30:00,-505.68
ES,2021-11-22 16:15:00,-505.68
ES,2021-11-23 16:45:00,-505.68
ES,2021-11-25 16:15:00,-200.68
ES,2021-11-30 16:30:00,-505.68
ES,2021-11-30 17:15:00,-505.68
ES,2021-12-03 16:15:00,-505.68
ES,2021-12-03 16:30:00,-505.68
ES,2021-12-03 16:45:00,1494.32
ES,2021-12-03 17:15:00,-505.68
ES,2021-12-06 16:15:00,-505.68
ES,2021-12-06 17:15:00,-505.68
ES,2021-12-07 16:15:00,1494.32
ES,2021-12-09 17:00:00,-505.68
ES,2021-12-10 16:15:00,-505.68
ES,2021-12-10 17:15:00,-505.68
ES,2021-12-13 17:00:00,-505.68
ES,2021-12-15 16:15:00,-505.68
ES,2021-12-21 16:15:00,-505.68
ES,2021-12-21 16:30:00,-505.68
ES,2021-12-21 17:00:00,-505.68
ES,2021-12-22 16:15:00,-505.68
ES,2021-12-22 17:15:00,-505.68
ES,2021-12-23 16:45:00,1494.32
ES,2021-12-27 16:15:00,1494.32
ES,2021-12-27 17:00:00,1104.32
ES,2021-12-29 16:45:00,-505.68
ES,2021-12-30 16:45:00,-505.68
ES,2022-01-04 16:30:00,1494.32
ES,2022-01-04 17:15:00,1494.32
ES,2022-01-07 16:45:00,1494.32
ES,2022-01-07 17:00:00,1494.32
ES,2022-01-07 17:15:00,-505.68
ES,2022-01-10 16:15:00,1494.32
ES,2022-01-11 16:45:00,-505.68
ES,2022-01-11 17:15:00,-505.68
ES,2022-01-13 17:15:00,-505.68
ES,2022-01-19 17:00:00,1494.32
ES,2022-01-20 16:15:00,-505.68
ES,2022-01-20 17:15:00,-505.68
ES,2022-01-25 16:30:00,-505.68
ES,2022-01-28 16:15:00,-505.68
ES,2022-01-31 16:15:00,1494.32
ES,2022-01-31 16:30:00,-505.68
ES,2022-01-31 16:45:00,1494.32
ES,2022-02-04 17:15:00,-505.68
ES,2022-02-10 16:15:00,1494.32
ES,2022-02-10 16:30:00,-505.68
ES,2022-02-15 17:15:00,-505.68
ES,2022-02-16 16:15:00,-505.68
ES,2022-02-17 16:30:00,1494.32
ES,2022-02-18 17:00:00,1494.32
ES,2022-02-22 16:15:00,-505.68
ES,2022-02-23 16:45:00,-505.68
ES,2022-02-25 17:15:00,-505.68
ES,2022-02-28 17:15:00,-505.68
ES,2022-03-03 17:00:00,-505.68
ES,2022-03-07 16:15:00,1494.32
ES,2022-03-07 16:45:00,-505.68
ES,2022-03-10 17:15:00,-505.68
ES,2022-03-11 16:15:00,1494.32
ES,2022-03-11 16:30:00,-505.68
ES,2022-03-14 17:00:00,1494.32
ES,2022-03-15 16:00:00,-505.68
ES,2022-03-15 16:15:00,1494.32
ES,2022-03-15 17:00:00,-505.68
ES,2022-03-16 16:00:00,-505.68
ES,2022-03-17 17:00:00,-505.68
ES,2022-03-18 16:45:00,1494.32
ES,2022-03-21 16:30:00,1494.32
ES,2022-03-21 17:00:00,-505.68
ES,2022-03-22 16:00:00,-505.68
ES,2022-03-23 16:45:00,-505.68
ES,2022-03-24 16:45:00,-505.68
ES,2022-03-25 16:45:00,-505.68
ES,2022-03-28 16:15:00,-505.68
ES,2022-03-31 16:15:00,-505.68
ES,2022-04-01 16:15:00,-505.68
ES,2022-04-04 16:15:00,-505.68
ES,2022-04-05 16:45:00,1494.32
ES,2022-04-06 16:15:00,1494.32
ES,2022-04-07 17:15:00,-505.68
ES,2022-04-08 16:15:00,-505.68
ES,2022-04-11 17:00:00,-505.68
ES,2022-04-12 16:00:00,-505.68
ES,2022-04-12 16:30:00,-505.68
ES,2022-04-12 17:00:00,-505.68
ES,2022-04-14 16:15:00,-505.68
ES,2022-04-14 16:45:00,1494.32
ES,2022-04-19 16:30:00,1494.32
ES,2022-04-19 17:15:00,-505.68
ES,2022-04-21 16:15:00,-505.68
ES,2022-04-26 16:15:00,1494.32
ES,2022-04-26 16:45:00,1494.32
ES,2022-04-27 16:45:00,-505.68
ES,2022-04-28 16:15:00,-505.68
ES,2022-04-29 17:00:00,-505.68
ES,2022-05-03 16:00:00,-505.68
ES,2022-05-04 16:15:00,1494.32
ES,2022-05-04 16:45:00,1494.32
ES,2022-05-05 16:15:00,1494.32
ES,2022-05-05 16:30:00,1494.32
ES,2022-05-05 16:45:00,1494.32
ES,2022-05-05 17:00:00,1494.32
ES,2022-05-06 16:15:00,-505.68
ES,2022-05-09 17:00:00,-505.68
ES,2022-05-10 16:15:00,-505.68
ES,2022-05-10 17:15:00,-505.68
ES,2022-05-11 16:15:00,-505.68
ES,2022-05-13 16:15:00,1494.32
ES,2022-05-18 16:15:00,-505.68
ES,2022-05-20 16:45:00,1494.32
ES,2022-05-24 16:15:00,1494.32
ES,2022-05-24 16:30:00,-505.68
ES,2022-05-24 16:45:00,-505.68
ES,2022-05-25 17:00:00,-505.68
ES,2022-05-26 16:15:00,1494.32
ES,2022-05-26 16:45:00,-505.68
ES,2022-05-27 16:15:00,1494.32
ES,2022-05-31 16:15:00,-505.68
ES,2022-06-01 16:00:00,-505.68
ES,2022-06-01 16:45:00,-505.68
ES,2022-06-01 17:00:00,-505.68
ES,2022-06-03 17:15:00,-505.68
ES,2022-06-06 16:45:00,-505.68
ES,2022-06-07 17:00:00,-505.68
ES,2022-06-08 16:15:00,-505.68
ES,2022-06-10 16:30:00,-505.68
ES,2022-06-13 16:45:00,-505.68
ES,2022-06-13 17:00:00,-505.68
ES,2022-06-16 17:15:00,-505.68
ES,2022-06-17 17:00:00,-505.68
ES,2022-06-21 16:15:00,-505.68
ES,2022-06-22 16:00:00,1494.32
ES,2022-06-22 16:15:00,-505.68
ES,2022-06-22 16:30:00,1494.32
ES,2022-06-22 17:00:00,-505.68
ES,2022-06-23 17:15:00,-505.68
ES,2022-06-24 16:15:00,1494.32
ES,2022-06-24 16:45:00,-505.68
ES,2022-06-28 16:15:00,-505.68
ES,2022-06-28 16:45:00,1494.32
ES,2022-06-28 17:15:00,1494.32
ES,2022-06-30 16:15:00,-505.68
ES,2022-07-01 17:00:00,-505.68
ES,2022-07-07 16:15:00,-505.68
ES,2022-07-08 17:00:00,-505.68
ES,2022-07-11 16:15:00,-505.68
ES,2022-07-12 16:30:00,-505.68
ES,2022-07-14 16:15:00,-505.68
ES,2022-07-19 17:00:00,1494.32
ES,2022-07-20 17:00:00,1494.32
ES,2022-07-25 16:45:00,-505.68
ES,2022-07-26 16:15:00,-505.68
ES,2022-07-26 17:00:00,-505.68
ES,2022-07-27 16:15:00,1494.32
ES,2022-07-29 16:15:00,-505.68
ES,2022-08-01 16:15:00,1494.32
ES,2022-08-01 16:30:00,-505.68
ES,2022-08-02 17:15:00,-505.68
ES,2022-08-03 16:15:00,-505.68
ES,2022-08-05 16:45:00,-505.68
ES,2022-08-08 16:15:00,-505.68
ES,2022-08-09 16:30:00,-505.68
ES,2022-08-10 17:15:00,1494.32
ES,2022-08-11 16:45:00,-505.68
ES,2022-08-15 16:00:00,1494.32
ES,2022-08-15 16:15:00,-505.68
ES,2022-08-16 17:00:00,-505.68
ES,2022-08-19 16:15:00,1494.32
ES,2022-08-25 16:30:00,-505.68
ES,2022-08-26 17:00:00,-505.68
ES,2022-08-26 17:15:00,1494.32
ES,2022-08-29 17:15:00,-505.68
ES,2022-08-30 16:15:00,1494.32
ES,2022-08-30 16:45:00,1494.32
ES,2022-08-30 17:15:00,-505.68
ES,2022-08-31 16:45:00,-505.68
ES,2022-09-01 17:15:00,-505.68
ES,2022-09-02 17:00:00,-505.68
ES,2022-09-06 16:15:00,1494.32
ES,2022-09-06 16:30:00,-505.68
ES,2022-09-06 16:45:00,-505.68
ES,2022-09-07 16:00:00,-505.68
ES,2022-09-08 16:15:00,-505.68
ES,2022-09-08 17:15:00,-505.68
ES,2022-09-09 16:30:00,-505.68
ES,2022-09-12 16:15:00,-505.68
ES,2022-09-13 16:30:00,1494.32
ES,2022-09-13 17:15:00,-505.68
ES,2022-09-15 17:00:00,1494.32
ES,2022-09-19 17:15:00,-505.68
ES,2022-09-22 16:00:00,-505.68
ES,2022-09-23 16:15:00,-505.68
ES,2022-09-26 16:15:00,-505.68
ES,2022-09-28 17:00:00,1494.32
ES,2022-09-29 16:15:00,1494.32
ES,2022-09-29 16:45:00,-505.68
ES,2022-10-03 16:45:00,-505.68
ES,2022-10-04 16:15:00,-505.68
ES,2022-10-05 16:45:00,-505.68
ES,2022-10-06 16:15:00,-505.68
ES,2022-10-06 16:45:00,-505.68
ES,2022-10-07 16:15:00,-505.68
ES,2022-10-10 16:15:00,-505.68
ES,2022-10-10 17:15:00,-505.68
ES,2022-10-11 16:15:00,-505.68
ES,2022-10-14 16:30:00,-505.68
ES,2022-10-14 16:45:00,-505.68
ES,2022-10-17 16:00:00,-505.68
ES,2022-10-17 16:15:00,-505.68
ES,2022-10-19 16:45:00,-505.68
ES,2022-10-20 16:15:00,1494.32
ES,2022-10-20 16:30:00,-505.68
ES,2022-10-21 16:30:00,-505.68
ES,2022-10-25 16:15:00,-505.68
ES,2022-10-25 16:30:00,-505.68
ES,2022-10-26 17:15:00,1494.32
ES,2022-10-27 17:15:00,-505.68
ES,2022-10-28 16:00:00,-505.68
ES,2022-10-28 17:00:00,1494.32
ES,2022-11-02 16:45:00,-505.68
ES,2022-11-03 16:45:00,-505.68
ES,2022-11-04 16:00:00,-505.68
ES,2022-11-04 17:00:00,1494.32
ES,2022-11-08 17:00:00,1494.32
ES,2022-11-09 17:15:00,-505.68
ES,2022-11-10 16:30:00,-505.68
ES,2022-11-11 16:45:00,-505.68
ES,2022-11-14 16:45:00,-505.68
ES,2022-11-18 16:45:00,1494.32
ES,2022-11-21 16:45:00,-505.68
ES,2022-11-22 16:15:00,-505.68
ES,2022-11-23 16:15:00,-505.68
ES,2022-11-28 17:00:00,-505.68
ES,2022-11-29 16:00:00,-505.68
ES,2022-12-01 16:15:00,-505.68
ES,2022-12-05 16:45:00,-505.68
ES,2022-12-06 16:00:00,1494.32
ES,2022-12-06 16:30:00,1494.32
ES,2022-12-08 16:30:00,-505.68
ES,2022-12-08 16:45:00,-505.68
ES,2022-12-14 16:15:00,-505.68
ES,2022-12-15 16:15:00,1494.32
ES,2022-12-16 16:45:00,-505.68
ES,2022-12-19 16:15:00,-505.68
ES,2022-12-21 16:45:00,1494.32
ES,2022-12-22 16:15:00,1494.32
ES,2022-12-22 16:45:00,1494.32
ES,2022-12-23 16:15:00,-505.68
ES,2022-12-27 16:15:00,-505.68
ES,2022-12-28 17:00:00,1494.32
ES,2022-12-29 16:15:00,1494.32
ES,2023-01-03 16:30:00,-505.68
ES,2023-01-04 16:45:00,-505.68
ES,2023-01-05 16:15:00,-505.68
ES,2023-01-06 16:15:00,-505.68
ES,2023-01-09 16:00:00,1494.32
ES,2023-01-09 16:30:00,1494.32
ES,2023-01-12 16:45:00,-505.68
ES,2023-01-13 16:45:00,-505.68
ES,2023-01-17 16:45:00,-505.68
ES,2023-01-23 16:15:00,1494.32
ES,2023-01-24 16:15:00,-505.68
ES,2023-01-25 16:15:00,-505.68
ES,2023-01-27 16:15:00,-505.68
ES,2023-01-30 17:00:00,-505.68
ES,2023-02-02 17:00:00,-505.68
ES,2023-02-03 16:15:00,-505.68
ES,2023-02-06 17:00:00,-505.68
ES,2023-02-08 17:15:00,1494.32
ES,2023-02-10 17:15:00,-505.68
ES,2023-02-14 16:15:00,1494.32
ES,2023-02-14 16:30:00,-505.68
ES,2023-02-16 17:15:00,-505.68
ES,2023-02-17 16:15:00,-505.68
ES,2023-02-20 16:45:00,129.32
ES,2023-02-22 16:45:00,-505.68
ES,2023-02-27 16:45:00,-505.68
ES,2023-03-01 16:45:00,-505.68
ES,2023-03-06 16:45:00,-505.68
ES,2023-03-07 16:45:00,-505.68
ES,2023-03-09 16:15:00,-505.68
ES,2023-03-10 16:15:00,-505.68
ES,2023-03-13 16:45:00,-505.68
ES,2023-03-14 16:00:00,-505.68
ES,2023-03-16 16:15:00,1494.32
ES,2023-03-16 16:45:00,1494.32
ES,2023-03-22 16:00:00,-505.68
ES,2023-03-22 17:00:00,-505.68
ES,2023-03-23 16:30:00,-505.68
ES,2023-03-24 16:45:00,-505.68
ES,2023-03-28 16:15:00,-505.68
ES,2023-03-28 17:15:00,-505.68
ES,2023-03-29 16:00:00,-505.68
ES,2023-03-31 16:15:00,1494.32
ES,2023-04-05 16:00:00,1494.32
ES,2023-04-05 17:15:00,-505.68
ES,2023-04-06 16:15:00,-505.68
ES,2023-04-10 16:15:00,-505.68
ES,2023-04-11 16:15:00,-505.68
ES,2023-04-12 16:15:00,-505.68
ES,2023-04-12 17:15:00,-505.68
ES,2023-04-13 16:15:00,1494.32
ES,2023-04-14 16:15:00,-505.68
ES,2023-04-17 17:15:00,-505.68
ES,2023-04-18 16:45:00,-505.68
ES,2023-04-21 16:30:00,-505.68
ES,2023-04-24 16:15:00,-505.68
ES,2023-04-24 17:15:00,-505.68
ES,2023-04-25 16:45:00,-505.68
ES,2023-04-27 16:45:00,1494.32
ES,2023-04-28 16:45:00,-505.68
ES,2023-05-02 16:45:00,1494.32
ES,2023-05-04 16:15:00,-505.68
ES,2023-05-05 16:15:00,1494.32
ES,2023-05-05 17:15:00,1494.32
ES,2023-05-12 16:30:00,1494.32
ES,2023-05-15 16:30:00,-505.68
ES,2023-05-16 16:15:00,-505.68
ES,2023-05-18 16:00:00,1494.32
ES,2023-05-18 17:00:00,1494.32
ES,2023-05-22 16:15:00,-505.68
ES,2023-05-25 17:15:00,1494.32
ES,2023-05-26 16:15:00,1494.32
ES,2023-05-26 16:45:00,1494.32
ES,2023-05-31 16:45:00,-505.68
ES,2023-06-01 17:15:00,1494.32
ES,2023-06-02 16:00:00,-505.68
ES,2023-06-02 17:15:00,-505.68
ES,2023-06-05 16:15:00,1494.32
ES,2023-06-06 16:00:00,-505.68
ES,2023-06-07 16:15:00,-505.68
ES,2023-06-07 16:45:00,1494.32
ES,2023-06-07 17:15:00,-505.68
ES,2023-06-09 16:00:00,-505.68
ES,2023-06-14 16:15:00,1494.32
ES,2023-06-15 16:15:00,1494.32
ES,2023-06-19 16:15:00,14.32
ES,2023-06-20 16:45:00,-505.68
ES,2023-06-20 17:00:00,-505.68
ES,2023-06-21 16:30:00,1494.32
ES,2023-06-21 17:15:00,-505.68
ES,2023-06-22 17:15:00,-505.68
ES,2023-06-26 16:15:00,-505.68
ES,2023-06-26 17:15:00,1494.32
ES,2023-06-28 17:00:00,-505.68
ES,2023-06-30 16:15:00,-505.68
ES,2023-07-04 16:00:00,-505.68
ES,2023-07-05 16:15:00,-505.68
ES,2023-07-07 17:00:00,-505.68
ES,2023-07-11 16:15:00,-505.68
ES,2023-07-11 17:00:00,-505.68
ES,2023-07-12 16:30:00,-505.68
ES,2023-07-13 16:15:00,-505.68
ES,2023-07-14 16:00:00,1494.32
ES,2023-07-14 16:45:00,-505.68
ES,2023-07-17 16:00:00,-505.68
ES,2023-07-17 16:45:00,1494.32
ES,2023-07-20 16:45:00,-505.68
ES,2023-07-21 16:30:00,1494.32
ES,2023-07-24 16:30:00,-505.68
ES,2023-07-25 16:15:00,-505.68
ES,2023-07-27 16:15:00,-505.68
ES,2023-07-28 16:15:00,1494.32
ES,2023-08-02 16:15:00,1494.32
ES,2023-08-02 16:45:00,1494.32
ES,2023-08-04 16:30:00,-505.68
ES,2023-08-04 17:00:00,1494.32
ES,2023-08-08 16:15:00,1494.32
ES,2023-08-09 16:15:00,1494.32
ES,2023-08-10 16:30:00,-505.68
ES,2023-08-14 17:15:00,-505.68
ES,2023-08-15 16:30:00,-505.68
ES,2023-08-15 16:45:00,-505.68
ES,2023-08-17 16:15:00,-505.68
ES,2023-08-21 16:15:00,-505.68
ES,2023-08-23 16:15:00,1494.32
ES,2023-08-23 17:15:00,1494.32
ES,2023-08-24 16:45:00,1494.32
ES,2023-08-25 17:15:00,-505.68
ES,2023-08-29 16:15:00,1494.32
ES,2023-08-29 16:30:00,1494.32
ES,2023-08-29 17:00:00,1494.32
ES,2023-08-30 16:30:00,-505.68
ES,2023-08-31 16:15:00,-505.68
ES,2023-08-31 17:00:00,-505.68
ES,2023-09-01 17:15:00,-505.68
ES,2023-09-04 16:00:00,-505.68
ES,2023-09-04 17:15:00,-90.68
ES,2023-09-06 16:45:00,-505.68
ES,2023-09-08 16:15:00,-505.68
ES,2023-09-08 17:15:00,-505.68
ES,2023-09-12 16:15:00,-505.68
ES,2023-09-12 17:00:00,-505.68
ES,2023-09-14 17:15:00,-505.68
ES,2023-09-15 16:15:00,1494.32
ES,2023-09-19 16:30:00,-505.68
ES,2023-09-19 17:15:00,-505.68
ES,2023-09-20 16:45:00,1494.32
ES,2023-09-22 16:00:00,-505.68
ES,2023-09-26 16:30:00,-505.68
ES,2023-09-28 16:30:00,-505.68
ES,2023-10-02 16:15:00,1494.32
ES,2023-10-03 16:15:00,-505.68
ES,2023-10-03 16:45:00,-505.68
ES,2023-10-03 17:00:00,1494.32
ES,2023-10-05 16:30:00,-505.68
ES,2023-10-06 17:00:00,1494.32
ES,2023-10-10 16:30:00,1494.32
ES,2023-10-12 16:45:00,-505.68
ES,2023-10-13 16:45:00,1494.32
ES,2023-10-16 16:45:00,-505.68
ES,2023-10-17 16:00:00,-505.68
ES,2023-10-18 17:15:00,-505.68
ES,2023-10-19 16:15:00,-505.68
ES,2023-10-20 16:45:00,1494.32
ES,2023-10-20 17:15:00,-505.68
ES,2023-10-25 16:15:00,-505.68
ES,2023-10-26 16:30:00,-505.68
ES,2023-10-30 16:00:00,-505.68
ES,2023-11-01 16:00:00,-505.68
ES,2023-11-02 16:15:00,-505.68
ES,2023-11-03 17:15:00,1494.32
ES,2023-11-07 17:00:00,-505.68
ES,2023-11-10 16:15:00,-505.68
ES,2023-11-16 16:00:00,-505.68
ES,2023-11-16 16:30:00,-505.68
ES,2023-11-17 16:00:00,-505.68
ES,2023-11-20 16:15:00,-505.68
ES,2023-11-21 17:00:00,-505.68
ES,2023-11-23 17:15:00,-220.68
ES,2023-11-27 17:15:00,-505.68
ES,2023-11-29 16:15:00,-505.68
ES,2023-11-30 16:15:00,1494.32
ES,2023-11-30 17:15:00,-505.68
ES,2023-12-04 17:00:00,-505.68
ES,2023-12-07 16:45:00,-505.68
ES,2023-12-08 16:15:00,1494.32
ES,2023-12-08 16:45:00,-505.68
ES,2023-12-11 16:15:00,-505.68
ES,2023-12-12 16:30:00,1494.32
ES,2023-12-15 17:00:00,-505.68
ES,2023-12-20 16:15:00,-505.68
ES,2023-12-22 16:15:00,-505.68
ES,2023-12-26 16:15:00,974.32
ES,2023-12-29 17:15:00,1494.32
ES,2024-01-02 16:15:00,-505.68
ES,2024-01-02 17:00:00,-505.68
ES,2024-01-03 16:45:00,-505.68
ES,2024-01-05 16:45:00,-505.68
ES,2024-01-08 16:00:00,1494.32
ES,2024-01-08 17:15:00,1494.32
ES,2024-01-09 16:45:00,1494.32
ES,2024-01-10 16:00:00,-505.68
ES,2024-01-10 17:15:00,-505.68
ES,2024-01-11 16:00:00,-505.68
ES,2024-01-11 16:30:00,-505.68
ES,2024-01-16 16:45:00,-505.68
ES,2024-01-17 16:15:00,-505.68
ES,2024-01-18 17:15:00,-505.68
ES,2024-01-24 16:45:00,-505.68
ES,2024-01-26 17:15:00,-505.68
ES,2024-01-31 17:00:00,-505.68
ES,2024-02-02 16:15:00,-505.68
ES,2024-02-02 17:15:00,-505.68
ES,2024-02-05 17:00:00,-505.68
ES,2024-02-05 17:15:00,-505.68
ES,2024-02-06 16:15:00,1494.32
ES,2024-02-07 16:45:00,-505.68
ES,2024-02-07 17:00:00,-505.68
ES,2024-02-09 16:30:00,1494.32
ES,2024-02-12 17:15:00,-505.68
ES,2024-02-16 16:15:00,-505.68
ES,2024-02-20 16:15:00,1494.32
ES,2024-02-23 16:00:00,-505.68
ES,2024-03-01 16:00:00,-505.68
ES,2024-03-01 16:45:00,-505.68
ES,2024-03-04 17:15:00,-505.68
ES,2024-03-05 16:15:00,-505.68
ES,2024-03-05 16:45:00,1494.32
ES,2024-03-06 16:30:00,-505.68
ES,2024-03-06 16:45:00,-505.68
ES,2024-03-07 16:00:00,-505.68
ES,2024-03-07 17:00:00,-505.68
ES,2024-03-08 16:30:00,-505.68
ES,2024-03-12 16:00:00,-505.68
ES,2024-03-15 17:15:00,-505.68
ES,2024-03-20 16:45:00,-505.68
ES,2024-03-21 17:15:00,-505.68
ES,2024-03-22 16:45:00,-505.68
ES,2024-03-26 16:00:00,-505.68
ES,2024-04-01 16:15:00,-505.68
ES,2024-04-01 17:00:00,1494.32
ES,2024-04-02 16:15:00,-505.68
ES,2024-04-03 16:45:00,-505.68
ES,2024-04-08 17:00:00,-505.68
ES,2024-04-09 17:00:00,-505.68
ES,2024-04-09 17:15:00,-505.68
ES,2024-04-11 16:45:00,-505.68
ES,2024-04-12 17:15:00,-505.68
ES,2024-04-15 16:15:00,1494.32
ES,2024-04-15 16:45:00,1494.32
ES,2024-04-17 16:15:00,1494.32
ES,2024-04-17 16:45:00,1494.32
ES,2024-04-18 16:15:00,-505.68
ES,2024-04-22 16:45:00,-505.68
ES,2024-04-22 17:00:00,-505.68
ES,2024-04-23 16:15:00,-505.68
ES,2024-04-23 17:00:00,-505.68
ES,2024-04-24 16:00:00,-505.68
ES,2024-04-25 17:15:00,-505.68
ES,2024-04-26 16:15:00,1494.32
ES,2024-04-29 16:45:00,-505.68
ES,2024-05-02 16:15:00,1494.32
ES,2024-05-02 16:30:00,-505.68
ES,2024-05-06 16:15:00,-505.68
ES,2024-05-08 17:00:00,-505.68
ES,2024-05-09 16:15:00,-505.68
ES,2024-05-09 17:15:00,-505.68
ES,2024-05-10 16:15:00,-505.68
ES,2024-05-15 17:00:00,1494.32
ES,2024-05-17 16:00:00,-505.68
ES,2024-05-17 17:00:00,-505.68
ES,2024-05-20 16:15:00,-505.68
ES,2024-05-21 17:00:00,1134.32
ES,2024-05-24 16:45:00,1494.32
ES,2024-05-27 17:15:00,804.32
ES,2024-05-28 16:15:00,-505.68
ES,2024-05-28 17:15:00,-505.68
ES,2024-05-30 17:15:00,-505.68
ES,2024-05-31 16:30:00,1494.32
ES,2024-05-31 17:00:00,-505.68
ES,2024-05-31 17:15:00,1494.32
ES,2024-06-03 17:15:00,-505.68
ES,2024-06-05 17:00:00,1494.32
ES,2024-06-07 17:15:00,-505.68
ES,2024-06-11 17:00:00,-505.68
ES,2024-06-12 16:15:00,-505.68
ES,2024-06-14 16:15:00,-505.68
ES,2024-06-20 16:45:00,-505.68
ES,2024-06-21 16:15:00,-505.68
ES,2024-06-26 16:15:00,-505.68
ES,2024-06-27 16:15:00,-505.68
ES,2024-06-28 16:15:00,1494.32
ES,2024-06-28 16:30:00,-505.68
ES,2024-06-28 16:45:00,-505.68
ES,2024-07-01 16:15:00,-505.68
ES,2024-07-02 16:00:00,-505.68
ES,2024-07-02 16:15:00,-505.68
ES,2024-07-03 16:15:00,-505.68
ES,2024-07-05 16:00:00,-505.68
ES,2024-07-05 17:15:00,1494.32
ES,2024-07-11 16:45:00,-505.68
ES,2024-07-11 17:00:00,-505.68
ES,2024-07-15 16:45:00,1494.32
ES,2024-07-16 16:30:00,-505.68
ES,2024-07-16 16:45:00,-505.68
ES,2024-07-17 16:15:00,1494.32
ES,2024-07-17 16:45:00,-505.68
ES,2024-07-18 16:15:00,-505.68
ES,2024-07-18 17:15:00,1494.32
ES,2024-07-19 17:00:00,-505.68
ES,2024-07-23 16:15:00,-505.68
ES,2024-07-24 16:15:00,1494.32
ES,2024-07-24 17:15:00,1494.32
ES,2024-07-25 16:15:00,1494.32
ES,2024-07-25 16:30:00,-505.68
ES,2024-07-26 16:15:00,-505.68
ES,2024-07-29 16:15:00,-505.68
ES,2024-07-30 16:30:00,-505.68
ES,2024-07-31 16:45:00,-505.68
ES,2024-08-01 16:15:00,-505.68
ES,2024-08-02 16:45:00,-505.68
ES,2024-08-06 17:15:00,-505.68
ES,2024-08-07 16:15:00,-505.68
ES,2024-08-08 16:45:00,-505.68
ES,2024-08-08 17:00:00,-505.68
ES,2024-08-12 16:45:00,-505.68
ES,2024-08-13 16:15:00,-505.68
ES,2024-08-15 16:15:00,-505.68
ES,2024-08-15 16:30:00,1494.32
ES,2024-08-16 16:45:00,-505.68
ES,2024-08-20 16:15:00,-505.68
ES,2024-08-23 16:45:00,-505.68
ES,2024-08-26 16:30:00,1494.32
ES,2024-08-26 17:00:00,-505.68
ES,2024-08-26 17:15:00,-505.68
ES,2024-08-28 16:15:00,-505.68
ES,2024-08-28 17:15:00,1494.32
ES,2024-08-29 16:15:00,-505.68
ES,2024-08-29 17:15:00,-505.68
ES,2024-09-02 17:15:00,-505.68
ES,2024-09-03 16:15:00,1494.32
ES,2024-09-03 17:15:00,-505.68
ES,2024-09-05 16:15:00,1494.32
ES,2024-09-06 16:15:00,-505.68
ES,2024-09-06 17:00:00,-505.68
ES,2024-09-09 17:00:00,-505.68
ES,2024-09-09 17:15:00,-505.68
ES,2024-09-11 16:45:00,1494.32
ES,2024-09-11 17:00:00,-505.68
ES,2024-09-12 16:45:00,-505.68
ES,2024-09-13 16:15:00,-505.68
ES,2024-09-16 17:00:00,-505.68
ES,2024-09-19 17:00:00,-505.68
ES,2024-09-24 16:30:00,-505.68
ES,2024-09-25 16:15:00,-505.68
ES,2024-09-30 16:45:00,-505.68
ES,2024-10-01 16:15:00,-505.68
ES,2024-10-03 16:15:00,-505.68
ES,2024-10-08 16:30:00,-505.68
ES,2024-10-08 17:15:00,-505.68
ES,2024-10-09 16:45:00,-505.68
ES,2024-10-11 16:00:00,-505.68
ES,2024-10-11 16:45:00,-505.68
ES,2024-10-14 16:15:00,-505.68
ES,2024-10-14 16:30:00,-505.68
ES,2024-10-15 16:45:00,1494.32
ES,2024-10-15 17:00:00,-505.68
ES,2024-10-15 17:15:00,-505.68
ES,2024-10-16 16:15:00,-505.68
ES,2024-10-21 16:00:00,1494.32
ES,2024-10-21 17:15:00,1494.32
ES,2024-10-24 16:00:00,-505.68
ES,2024-10-25 16:15:00,-505.68
ES,2024-11-04 17:00:00,-505.68
ES,2024-11-05 16:00:00,1494.32
ES,2024-11-05 16:15:00,-505.68
ES,2024-11-05 16:30:00,-505.68
ES,2024-11-07 16:15:00,1494.32
ES,2024-11-08 16:00:00,-505.68
ES,2024-11-11 16:15:00,-505.68
ES,2024-11-13 16:45:00,-505.68
ES,2024-11-15 16:00:00,-505.68
ES,2024-11-15 16:15:00,1494.32
ES,2024-11-15 16:45:00,1494.32
ES,2024-11-18 16:15:00,-505.68
ES,2024-11-19 17:00:00,1494.32
ES,2024-11-20 16:00:00,1494.32
ES,2024-11-20 16:45:00,-505.68
ES,2024-11-21 16:15:00,1494.32
ES,2024-11-22 17:15:00,-505.68
ES,2024-11-27 16:15:00,1494.32
ES,2024-11-27 16:45:00,1494.32
ES,2024-11-29 16:30:00,-505.68
ES,2024-11-29 16:45:00,904.32
ES,2024-12-02 16:15:00,1494.32
ES,2024-12-03 16:15:00,-505.68
ES,2024-12-04 17:15:00,-505.68
ES,2024-12-06 16:15:00,-505.68
ES,2024-12-09 17:00:00,1494.32
ES,2024-12-11 16:15:00,1494.32
ES,2024-12-12 17:00:00,-505.68
ES,2024-12-13 16:15:00,-505.68
ES,2024-12-13 17:15:00,-505.68
ES,2024-12-16 16:15:00,-505.68
ES,2024-12-23 16:00:00,-505.68
ES,2024-12-24 16:15:00,1494.32
ES,2024-12-27 16:00:00,-505.68
ES,2024-12-27 16:15:00,1494.32
ES,2024-12-27 16:45:00,-505.68
ES,2024-12-30 16:15:00,-505.68
ES,2024-12-31 16:15:00,-505.68
ES,2025-01-02 17:00:00,-505.68
ES,2025-01-03 16:00:00,-505.68
ES,2025-01-03 16:15:00,-505.68
ES,2025-01-06 16:15:00,-505.68
ES,2025-01-07 16:45:00,1494.32
ES,2025-01-10 16:15:00,1494.32
ES,2025-01-10 16:30:00,-505.68
ES,2025-01-15 16:15:00,1494.32
ES,2025-01-15 16:45:00,-505.68
ES,2025-01-20 16:00:00,-505.68
ES,2025-01-20 16:15:00,-505.68
ES,2025-01-22 16:15:00,-505.68
ES,2025-01-23 17:15:00,-505.68
ES,2025-01-28 16:45:00,-505.68
ES,2025-01-30 16:45:00,-505.68
ES,2025-01-31 16:15:00,1494.32
ES,2025-02-04 16:15:00,1494.32
ES,2025-02-04 16:30:00,-505.68
ES,2025-02-07 16:45:00,-505.68
ES,2025-02-10 16:45:00,-505.68
ES,2025-02-11 16:15:00,1494.32
ES,2025-02-11 17:00:00,-505.68
ES,2025-02-13 16:45:00,1494.32
ES,2025-02-13 17:00:00,-505.68
ES,2025-02-13 17:15:00,-505.68
ES,2025-02-17 17:00:00,99.32
ES,2025-02-18 16:15:00,1494.32
ES,2025-02-20 16:15:00,-505.68
ES,2025-02-20 16:30:00,-505.68
ES,2025-02-21 16:00:00,-505.68
ES,2025-02-21 16:15:00,1494.32
ES,2025-02-21 17:00:00,-505.68
ES,2025-02-24 16:15:00,1494.32
ES,2025-02-24 16:30:00,1494.32
ES,2025-02-25 16:15:00,1494.32
ES,2025-02-25 16:30:00,-505.68
ES,2025-02-25 16:45:00,-505.68
ES,2025-02-25 17:00:00,-505.68
ES,2025-02-27 16:15:00,-505.68
ES,2025-02-27 16:30:00,-505.68
ES,2025-03-03 16:15:00,-505.68
ES,2025-03-03 16:30:00,-505.68
ES,2025-03-04 16:30:00,1494.32
ES,2025-03-04 16:45:00,-505.68
ES,2025-03-07 16:45:00,1494.32
ES,2025-03-07 17:00:00,-505.68
ES,2025-03-10 16:15:00,-505.68
ES,2025-03-12 16:15:00,1494.32
ES,2025-03-12 16:30:00,-505.68
ES,2025-03-12 17:00:00,1494.32
ES,2025-03-14 16:15:00,1494.32
ES,2025-03-19 16:15:00,-505.68
ES,2025-03-19 17:15:00,-505.68
ES,2025-03-25 16:15:00,-505.68
ES,2025-03-27 17:00:00,-505.68
ES,2025-03-28 16:00:00,1494.32
ES,2025-03-31 16:00:00,-505.68
ES,2025-03-31 16:15:00,-505.68
ES,2025-04-01 16:45:00,-505.68
ES,2025-04-01 17:15:00,1494.32
ES,2025-04-02 16:15:00,-505.68
ES,2025-04-04 17:00:00,-505.68
ES,2025-04-04 17:15:00,-505.68
ES,2025-04-07 16:00:00,-505.68
ES,2025-04-07 16:30:00,1494.32
ES,2025-04-08 16:30:00,-505.68
ES,2025-04-11 16:15:00,-505.68
ES,2025-04-15 16:15:00,1494.32
ES,2025-04-17 17:00:00,-505.68
ES,2025-04-21 16:30:00,1494.32
ES,2025-04-22 16:15:00,1494.32
ES,2025-04-23 16:15:00,-505.68
ES,2025-04-24 16:15:00,1494.32
ES,2025-04-24 17:00:00,-505.68
ES,2025-04-29 16:15:00,-505.68
ES,2025-04-30 16:15:00,-505.68
ES,2025-05-01 17:00:00,1494.32
ES,2025-05-09 17:00:00,-505.68
ES,2025-05-13 16:15:00,1494.32
ES,2025-05-13 16:30:00,1494.32
ES,2025-05-19 16:15:00,1494.32
ES,2025-05-19 16:30:00,-505.68
ES,2025-05-19 16:45:00,-505.68
ES,2025-05-27 16:30:00,1494.32
ES,2025-05-29 16:15:00,1494.32
ES,2025-05-29 16:45:00,-505.68
ES,2025-06-02 17:00:00,1494.32
ES,2025-06-09 16:45:00,-505.68
ES,2025-06-11 16:45:00,-505.68
ES,2025-06-12 16:45:00,-505.68
ES,2025-06-13 16:45:00,-505.68
ES,2025-06-16 16:15:00,209.32
ES,2025-06-18 16:45:00,-505.68
ES,2025-06-19 16:15:00,-505.68
ES,2025-06-20 17:00:00,1494.32
ES,2025-06-20 17:15:00,-505.68
ES,2025-06-23 16:30:00,-505.68
ES,2025-06-27 16:15:00,-505.68
ES,2025-07-01 17:00:00,1494.32
ES,2025-07-02 16:45:00,1239.32
ES,2025-07-03 16:00:00,1494.32
ES,2025-07-03 16:30:00,144.32
ES,2025-07-08 16:15:00,-505.68
ES,2025-07-09 16:00:00,-505.68
ES,2025-07-10 16:30:00,-505.68
ES,2025-07-11 16:45:00,-505.68
ES,2025-07-16 16:15:00,-505.68
ES,2025-07-17 16:30:00,-505.68
ES,2025-07-17 17:15:00,1494.32
ES,2025-07-21 16:00:00,1494.32
ES,2025-07-22 16:15:00,-505.68
ES,2025-07-22 16:30:00,-505.68
ES,2025-07-23 16:15:00,-505.68
ES,2025-07-24 17:15:00,-505.68
ES,2025-07-25 16:30:00,849.32
ES,2025-07-28 16:15:00,-505.68
ES,2025-07-29 16:00:00,-505.68
ES,2025-07-30 17:00:00,-505.68
ES,2025-08-01 16:15:00,-505.68
ES,2025-08-04 16:00:00,1494.32
ES,2025-08-08 16:15:00,-505.68
ES,2025-08-12 17:00:00,1494.32
ES,2025-08-14 16:15:00,-505.68
ES,2025-08-14 17:00:00,-505.68
ES,2025-08-15 16:15:00,-505.68
ES,2025-08-15 17:15:00,-505.68
ES,2025-08-19 16:15:00,-505.68
ES,2025-08-19 17:00:00,1494.32
ES,2025-08-20 16:15:00,-505.68
ES,2025-08-20 16:30:00,-505.68
ES,2025-08-22 16:45:00,1494.32
ES,2025-08-27 16:45:00,-505.68
ES,2025-08-28 17:15:00,-505.68
ES,2025-08-29 16:15:00,-505.68
ES,2025-08-29 16:30:00,-505.68
ES,2025-08-29 16:45:00,1494.32
ES,2025-09-03 17:15:00,-505.68
ES,2025-09-08 16:15:00,-505.68
ES,2025-09-12 17:00:00,1494.32
ES,2025-09-15 16:15:00,-505.68
ES,2025-09-18 16:45:00,-505.68
ES,2025-09-22 16:00:00,1494.32
ES,2025-09-22 17:15:00,-505.68
ES,2025-09-24 16:15:00,1494.32
ES,2025-09-25 16:15:00,-505.68
ES,2025-09-26 16:45:00,-505.68
ES,2025-09-29 16:15:00,-505.68
ES,2025-09-30 16:15:00,-505.68
ES,2025-10-01 17:00:00,1494.32
ES,2025-10-08 16:15:00,1494.32
ES,2025-10-10 16:15:00,-505.68
ES,2025-10-14 16:15:00,-505.68
ES,2025-10-15 16:30:00,-505.68
ES,2025-10-17 17:15:00,-505.68
ES,2025-10-20 16:15:00,1494.32
ES,2025-10-20 17:00:00,604.32
ES,2025-10-22 17:00:00,-505.68
FDAX,2019-01-09 11:30:00,-230.52
FDAX,2019-01-11 11:15:00,919.48
FDAX,2019-01-14 11:45:00,-1380.52
FDAX,2019-01-15 10:45:00,-380.52
FDAX,2019-01-16 12:15:00,-1005.52
FDAX,2019-01-17 10:30:00,1069.48
FDAX,2019-01-22 11:45:00,819.48
FDAX,2019-01-23 10:45:00,-955.52
FDAX,2019-01-28 11:15:00,-1430.52
FDAX,2019-01-29 10:30:00,244.48
FDAX,2019-01-31 10:30:00,1144.48
FDAX,2019-02-01 11:15:00,-5.52
FDAX,2019-02-05 10:30:00,2144.48
FDAX,2019-02-06 12:15:00,244.48
FDAX,2019-02-07 11:45:00,4244.48
FDAX,2019-02-08 11:00:00,2244.48
FDAX,2019-02-11 10:30:00,69.48
FDAX,2019-02-13 10:30:00,-180.52
FDAX,2019-02-14 11:15:00,1369.48
FDAX,2019-02-15 12:30:00,3194.48
FDAX,2019-02-20 11:15:00,-1905.52
FDAX,2019-02-25 10:30:00,-405.52
FDAX,2019-02-26 11:30:00,1344.48
FDAX,2019-03-01 10:30:00,-580.52
FDAX,2019-03-04 11:00:00,1594.48
FDAX,2019-03-05 12:00:00,-1180.52
FDAX,2019-03-06 11:30:00,194.48
FDAX,2019-03-12 11:00:00,594.48
FDAX,2019-03-14 10:30:00,-680.52
FDAX,2019-03-15 12:00:00,1069.48
FDAX,2019-03-18 12:00:00,-55.52
FDAX,2019-03-19 11:00:00,994.48
FDAX,2019-03-20 10:45:00,1669.48
FDAX,2019-03-22 10:30:00,3244.48
FDAX,2019-03-25 12:30:00,169.48
FDAX,2019-03-27 11:15:00,-1730.52
FDAX,2019-03-29 12:30:00,719.48
FDAX,2019-04-01 10:30:00,694.48
FDAX,2019-04-02 10:30:00,1694.48
FDAX,2019-04-03 12:30:00,-1755.52
FDAX,2019-04-09 11:15:00,-3130.52
FDAX,2019-04-11 12:15:00,219.48
FDAX,2019-04-12 10:45:00,1219.48
FDAX,2019-04-16 10:45:00,-80.52
FDAX,2019-04-17 12:30:00,719.48
FDAX,2019-04-18 11:00:00,2294.48
FDAX,2019-04-24 11:15:00,1244.48
FDAX,2019-04-26 12:30:00,494.48
FDAX,2019-04-29 10:30:00,-830.52
FDAX,2019-05-02 10:30:00,-480.52
FDAX,2019-05-03 10:45:00,994.48
FDAX,2019-05-06 11:15:00,-3130.52
FDAX,2019-05-07 11:30:00,3469.48
FDAX,2019-05-08 11:30:00,-1880.52
FDAX,2019-05-10 12:15:00,-855.52
FDAX,2019-05-13 10:30:00,2194.48
FDAX,2019-05-14 10:45:00,-2380.52
FDAX,2019-05-15 10:45:00,3369.48
FDAX,2019-05-16 12:30:00,2969.48
FDAX,2019-05-17 12:00:00,-1255.52
FDAX,2019-05-20 11:15:00,2369.48
FDAX,2019-05-22 12:00:00,-3130.52
FDAX,2019-05-23 11:00:00,769.48
FDAX,2019-05-28 10:45:00,-780.52
FDAX,2019-05-29 10:30:00,1569.48
FDAX,2019-05-31 12:00:00,-830.52
FDAX,2019-06-04 10:30:00,3769.48
FDAX,2019-06-05 12:00:00,-1580.52
FDAX,2019-06-06 10:30:00,-3130.52
FDAX,2019-06-10 12:00:00,-1155.52
FDAX,2019-06-11 10:30:00,-1580.52
FDAX,2019-06-13 11:15:00,-405.52
FDAX,2019-06-14 11:00:00,-255.52
FDAX,2019-06-17 10:30:00,44.48
FDAX,2019-06-18 10:45:00,4319.48
FDAX,2019-06-21 12:15:00,1044.48
FDAX,2019-06-24 10:30:00,494.48
FDAX,2019-06-25 11:00:00,-1455.52
FDAX,2019-06-26 10:30:00,894.48
FDAX,2019-06-27 11:15:00,844.48
FDAX,2019-06-28 11:00:00,1519.48
FDAX,2019-07-01 10:30:00,1069.48
FDAX,2019-07-03 11:15:00,369.48
FDAX,2019-07-05 12:00:00,-830.52
FDAX,2019-07-08 11:15:00,44.48
FDAX,2019-07-09 10:30:00,-1380.52
FDAX,2019-07-10 11:15:00,294.48
FDAX,2019-07-15 10:45:00,-1555.52
FDAX,2019-07-16 12:00:00,-1155.52
FDAX,2019-07-17 12:30:00,-2505.52
FDAX,2019-07-19 11:15:00,1144.48
FDAX,2019-07-22 12:15:00,-655.52
FDAX,2019-07-23 11:15:00,1369.48
FDAX,2019-07-29 12:00:00,-555.52
FDAX,2019-07-30 11:00:00,4244.48
FDAX,2019-08-01 11:45:00,519.48
FDAX,2019-08-02 11:30:00,294.48
FDAX,2019-08-05 10:45:00,344.48
FDAX,2019-08-06 11:00:00,-3130.52
FDAX,2019-08-07 10:30:00,-3130.52
FDAX,2019-08-08 10:45:00,-3130.52
FDAX,2019-08-09 12:30:00,1194.48
FDAX,2019-08-12 10:30:00,1069.48
FDAX,2019-08-13 11:45:00,-3130.52
FDAX,2019-08-14 11:15:00,5094.48
FDAX,2019-08-15 11:45:00,-305.52
FDAX,2019-08-16 12:00:00,-2005.52
FDAX,2019-08-21 11:15:00,419.48
FDAX,2019-08-22 12:00:00,169.48
FDAX,2019-08-27 11:15:00,-3130.52
FDAX,2019-08-28 10:45:00,-3130.52
FDAX,2019-09-04 12:30:00,494.48
FDAX,2019-09-06 10:30:00,-1205.52
FDAX,2019-09-09 10:30:00,-30.52
FDAX,2019-09-10 11:45:00,2269.48
FDAX,2019-09-17 12:15:00,-755.52
FDAX,2019-09-19 11:15:00,194.48
FDAX,2019-09-20 11:00:00,-755.52
FDAX,2019-09-23 11:00:00,-2105.52
FDAX,2019-09-24 11:45:00,-2655.52
FDAX,2019-09-25 10:30:00,-1555.52
FDAX,2019-09-26 12:00:00,-430.52
FDAX,2019-10-01 10:30:00,4494.48
FDAX,2019-10-02 11:30:00,5144.48
FDAX,2019-10-03 12:00:00,269.48
FDAX,2019-10-04 12:00:00,-3130.52
FDAX,2019-10-07 10:30:00,-3130.52
FDAX,2019-10-08 12:00:00,469.48
FDAX,2019-10-09 11:45:00,-380.52
FDAX,2019-10-10 10:45:00,344.48
FDAX,2019-10-11 11:15:00,2544.48
FDAX,2019-10-14 12:00:00,-2355.52
FDAX,2019-10-15 10:30:00,-3130.52
FDAX,2019-10-17 12:00:00,-3130.52
FDAX,2019-10-18 12:00:00,-2030.52
FDAX,2019-10-22 12:15:00,-480.52
FDAX,2019-10-23 10:45:00,944.48
FDAX,2019-10-24 10:45:00,-230.52
FDAX,2019-10-25 12:00:00,-1380.52
FDAX,2019-10-31 10:45:00,-705.52
FDAX,2019-11-04 10:45:00,1244.48
FDAX,2019-11-06 10:45:00,-430.52
FDAX,2019-11-11 10:45:00,-330.52
FDAX,2019-11-12 11:45:00,344.48
FDAX,2019-11-13 10:30:00,-2155.52
FDAX,2019-11-14 11:00:00,-355.52
FDAX,2019-11-15 12:00:00,-530.52
FDAX,2019-11-18 10:45:00,244.48
FDAX,2019-11-19 10:45:00,-3130.52
FDAX,2019-11-20 10:30:00,-2130.52
FDAX,2019-11-21 10:30:00,1194.48
FDAX,2019-11-22 10:45:00,-455.52
FDAX,2019-11-26 10:45:00,-1305.52
FDAX,2019-11-27 10:45:00,-480.52
FDAX,2019-11-29 10:30:00,144.48
FDAX,2019-12-03 11:45:00,-180.52
FDAX,2019-12-04 10:30:00,-55.52
FDAX,2019-12-05 10:45:00,1194.48
FDAX,2019-12-06 10:30:00,1894.48
FDAX,2019-12-10 10:30:00,-3130.52
FDAX,2019-12-11 10:30:00,-1805.52
FDAX,2019-12-17 12:15:00,-155.52
FDAX,2019-12-18 12:00:00,1094.48
FDAX,2019-12-19 11:45:00,-780.52
FDAX,2019-12-20 10:45:00,-2155.52
FDAX,2019-12-23 11:30:00,-130.52
FDAX,2019-12-27 10:45:00,369.48
FDAX,2019-12-30 10:45:00,2744.48
FDAX,2020-01-02 10:30:00,1569.48
FDAX,2020-01-03 10:30:00,-855.52
FDAX,2020-01-09 12:15:00,-330.52
FDAX,2020-01-13 10:45:00,769.48
FDAX,2020-01-14 10:30:00,94.48
FDAX,2020-01-16 11:00:00,219.48
FDAX,2020-01-17 10:30:00,-155.52
FDAX,2020-01-22 10:30:00,1844.48
FDAX,2020-01-27 10:30:00,2794.48
FDAX,2020-01-29 10:45:00,-955.52
FDAX,2020-01-30 10:45:00,-3130.52
FDAX,2020-01-31 11:15:00,4169.48
FDAX,2020-02-05 10:30:00,3044.48
FDAX,2020-02-07 12:30:00,-330.52
FDAX,2020-02-10 10:45:00,144.48
FDAX,2020-02-11 10:30:00,-1955.52
FDAX,2020-02-12 10:45:00,-1230.52
FDAX,2020-02-13 11:30:00,-3130.52
FDAX,2020-02-24 10:45:00,1969.48
FDAX,2020-02-25 12:00:00,3044.48
FDAX,2020-02-26 10:30:00,-3130.52
FDAX,2020-02-26 11:15:00,6244.48
FDAX,2020-02-27 12:30:00,6244.48
FDAX,2020-02-28 10:45:00,-3130.52
FDAX,2020-03-02 11:15:00,6244.48
FDAX,2020-03-05 10:45:00,4444.48
FDAX,2020-03-06 11:00:00,2219.48
FDAX,2020-03-09 10:45:00,-3130.52
FDAX,2020-03-11 10:45:00,6244.48
FDAX,2020-03-17 11:00:00,-3130.52
FDAX,2020-03-19 11:00:00,6244.48
FDAX,2020-03-20 12:00:00,3094.48
FDAX,2020-03-25 11:15:00,6244.48
FDAX,2020-03-25 12:00:00,-3130.52
FDAX,2020-03-26 11:00:00,-3130.52
FDAX,2020-03-31 12:30:00,6244.48
FDAX,2020-04-06 10:45:00,-3130.52
FDAX,2020-04-07 11:15:00,1244.48
FDAX,2020-04-08 11:00:00,-3130.52
FDAX,2020-04-09 10:45:00,-3130.52
FDAX,2020-04-15 11:30:00,6244.48
FDAX,2020-04-16 11:30:00,2794.48
FDAX,2020-04-20 11:00:00,-1005.52
FDAX,2020-04-21 12:00:00,4119.48
FDAX,2020-04-23 10:30:00,-3130.52
FDAX,2020-04-24 10:45:00,-3130.52
FDAX,2020-04-27 10:45:00,-3130.52
FDAX,2020-04-28 12:00:00,-1455.52
FDAX,2020-05-04 11:45:00,-1755.52
FDAX,2020-05-05 11:15:00,-3130.52
FDAX,2020-05-06 10:45:00,-3130.52
FDAX,2020-05-08 10:30:00,-1430.52
FDAX,2020-05-11 10:45:00,1244.48
FDAX,2020-05-14 10:30:00,1519.48
FDAX,2020-05-19 10:45:00,-1205.52
FDAX,2020-05-20 10:45:00,2919.48
FDAX,2020-05-21 10:45:00,-3130.52
FDAX,2020-05-25 11:00:00,2819.48
FDAX,2020-05-26 10:45:00,519.48
FDAX,2020-05-27 11:00:00,344.48
FDAX,2020-05-28 12:15:00,-3130.52
FDAX,2020-05-29 12:30:00,-2005.52
FDAX,2020-06-01 10:30:00,-3130.52
FDAX,2020-06-03 12:00:00,4644.48
FDAX,2020-06-04 10:30:00,-3130.52
FDAX,2020-06-05 10:45:00,-3130.52
FDAX,2020-06-08 11:30:00,-505.52
FDAX,2020-06-09 11:00:00,-3130.52
FDAX,2020-06-10 11:15:00,1569.48
FDAX,2020-06-11 11:15:00,6244.48
FDAX,2020-06-12 10:45:00,-3130.52
FDAX,2020-06-16 10:30:00,-3130.52
FDAX,2020-06-17 12:00:00,-880.52
FDAX,2020-06-22 12:30:00,-380.52
FDAX,2020-06-23 11:30:00,-130.52
FDAX,2020-06-24 10:45:00,6244.48
FDAX,2020-06-25 10:45:00,2094.48
FDAX,2020-06-26 10:45:00,-3130.52
FDAX,2020-07-01 12:15:00,-1355.52
FDAX,2020-07-02 10:30:00,3144.48
FDAX,2020-07-03 12:00:00,994.48
FDAX,2020-07-06 11:15:00,269.48
FDAX,2020-07-07 11:00:00,-1755.52
FDAX,2020-07-08 11:15:00,-3130.52
FDAX,2020-07-09 10:45:00,-3130.52
FDAX,2020-07-10 10:30:00,2294.48
FDAX,2020-07-13 10:30:00,-80.52
FDAX,2020-07-20 11:15:00,1394.48
FDAX,2020-07-22 11:45:00,-1305.52
FDAX,2020-07-23 10:30:00,-3130.52
FDAX,2020-07-27 10:30:00,-1330.52
FDAX,2020-07-28 12:00:00,569.48
FDAX,2020-07-29 10:45:00,394.48
FDAX,2020-07-30 11:00:00,6244.48
FDAX,2020-07-31 12:30:00,4169.48
FDAX,2020-08-03 10:30:00,3694.48
FDAX,2020-08-04 10:30:00,-30.52
FDAX,2020-08-05 11:00:00,2019.48
FDAX,2020-08-06 10:45:00,1819.48
FDAX,2020-08-07 10:30:00,1644.48
FDAX,2020-08-10 10:30:00,-1105.52
FDAX,2020-08-14 10:30:00,-505.52
FDAX,2020-08-18 10:45:00,-1705.52
FDAX,2020-08-20 10:45:00,-2180.52
FDAX,2020-08-24 11:15:00,-330.52
FDAX,2020-08-25 10:30:00,2719.48
FDAX,2020-08-26 11:15:00,2069.48
FDAX,2020-08-27 10:45:00,2319.48
FDAX,2020-08-28 10:45:00,-1005.52
FDAX,2020-09-01 10:45:00,1319.48
FDAX,2020-09-02 10:45:00,1794.48
FDAX,2020-09-03 12:30:00,6244.48
FDAX,2020-09-04 11:30:00,6244.48
FDAX,2020-09-08 10:45:00,1569.48
FDAX,2020-09-09 10:45:00,2919.48
FDAX,2020-09-11 11:15:00,-105.52
FDAX,2020-09-14 11:00:00,1594.48
FDAX,2020-09-15 11:15:00,569.48
FDAX,2020-09-16 10:45:00,-180.52
FDAX,2020-09-18 12:30:00,1769.48
FDAX,2020-09-21 11:15:00,3919.48
FDAX,2020-09-25 10:45:00,2194.48
FDAX,2020-09-30 10:30:00,-1655.52
FDAX,2020-10-01 11:15:00,-230.52
FDAX,2020-10-02 12:00:00,-3130.52
FDAX,2020-10-06 10:45:00,-3130.52
FDAX,2020-10-07 11:45:00,-455.52
FDAX,2020-10-08 10:30:00,-3130.52
FDAX,2020-10-12 11:00:00,1544.48
FDAX,2020-10-15 10:45:00,-580.52
FDAX,2020-10-16 12:00:00,-3130.52
FDAX,2020-10-20 10:30:00,-905.52
FDAX,2020-10-21 11:00:00,1619.48
FDAX,2020-10-22 15:15:00,-355.52
FDAX,2020-10-26 11:15:00,6244.48
FDAX,2020-10-27 10:45:00,1369.48
FDAX,2020-10-28 10:30:00,-3130.52
FDAX,2020-10-29 11:45:00,-730.52
FDAX,2020-11-02 10:30:00,4094.48
FDAX,2020-11-03 12:15:00,-2180.52
FDAX,2020-11-04 10:45:00,6244.48
FDAX,2020-11-06 10:30:00,-3130.52
FDAX,2020-11-12 11:15:00,-3130.52
FDAX,2020-11-13 11:00:00,-105.52
FDAX,2020-11-18 11:30:00,294.48
FDAX,2020-11-19 10:30:00,19.48
FDAX,2020-11-20 11:00:00,19.48
FDAX,2020-11-23 11:15:00,2444.48
FDAX,2020-11-25 10:30:00,119.48
FDAX,2020-11-30 10:45:00,-1205.52
FDAX,2020-12-01 11:15:00,94.48
FDAX,2020-12-02 10:30:00,-630.52
FDAX,2020-12-03 10:45:00,-330.52
FDAX,2020-12-04 11:15:00,119.48
FDAX,2020-12-07 11:00:00,1244.48
FDAX,2020-12-08 11:00:00,-1130.52
FDAX,2020-12-09 10:45:00,744.48
FDAX,2020-12-11 12:15:00,-330.52
FDAX,2020-12-15 10:30:00,1694.48
FDAX,2020-12-16 10:45:00,-505.52
FDAX,2020-12-17 11:30:00,-380.52
FDAX,2020-12-18 11:15:00,1194.48
FDAX,2020-12-21 11:15:00,-1205.52
FDAX,2020-12-22 11:30:00,-455.52
FDAX,2020-12-29 11:30:00,2844.48
FDAX,2020-12-30 10:30:00,994.48
FDAX,2021-01-04 10:45:00,-3130.52
FDAX,2021-01-05 10:30:00,1044.48
FDAX,2021-01-06 10:45:00,4719.48
FDAX,2021-01-07 12:15:00,-555.52
FDAX,2021-01-13 12:00:00,-1155.52
FDAX,2021-01-14 12:00:00,-605.52
FDAX,2021-01-15 12:30:00,3419.48
FDAX,2021-01-19 12:00:00,1119.48
FDAX,2021-01-22 10:30:00,1669.48
FDAX,2021-01-25 11:30:00,4969.48
FDAX,2021-01-27 10:45:00,-3130.52
FDAX,2021-01-27 12:30:00,6244.48
FDAX,2021-01-28 11:30:00,6244.48
FDAX,2021-02-01 11:15:00,-1755.52
FDAX,2021-02-02 10:45:00,844.48
FDAX,2021-02-04 11:15:00,-2180.52
FDAX,2021-02-05 10:45:00,-780.52
FDAX,2021-02-09 10:30:00,-255.52
FDAX,2021-02-10 10:30:00,-3130.52
FDAX,2021-02-15 11:00:00,-705.52
FDAX,2021-02-16 10:45:00,719.48
FDAX,2021-02-17 10:45:00,994.48
FDAX,2021-02-18 11:00:00,569.48
FDAX,2021-02-22 10:45:00,2269.48
FDAX,2021-02-23 10:30:00,-680.52
FDAX,2021-02-26 12:30:00,-630.52
FDAX,2021-03-02 11:15:00,769.48
FDAX,2021-03-04 12:00:00,-3130.52
FDAX,2021-03-12 11:45:00,-1230.52
FDAX,2021-03-17 10:45:00,-1880.52
FDAX,2021-03-18 10:45:00,969.48
FDAX,2021-03-24 12:15:00,-55.52
FDAX,2021-03-26 12:00:00,-1705.52
FDAX,2021-04-01 11:45:00,-1530.52
FDAX,2021-04-06 10:45:00,194.48
FDAX,2021-04-08 11:00:00,-455.52
FDAX,2021-04-09 11:15:00,819.48
FDAX,2021-04-16 10:30:00,3144.48
FDAX,2021-04-19 11:45:00,1469.48
FDAX,2021-04-20 10:30:00,4569.48
FDAX,2021-04-23 11:45:00,-305.52
FDAX,2021-04-26 11:00:00,-130.52
FDAX,2021-04-27 12:00:00,-980.52
FDAX,2021-04-28 11:15:00,-130.52
FDAX,2021-04-29 11:00:00,3794.48
FDAX,2021-05-03 11:00:00,-505.52
FDAX,2021-05-04 11:45:00,6244.48
FDAX,2021-05-06 11:15:00,-680.52
FDAX,2021-05-10 12:15:00,-1030.52
FDAX,2021-05-12 10:45:00,269.48
FDAX,2021-05-13 10:30:00,-3130.52
FDAX,2021-05-17 12:30:00,-855.52
FDAX,2021-05-19 10:45:00,394.48
FDAX,2021-05-20 11:15:00,-3130.52
FDAX,2021-05-26 11:15:00,269.48
FDAX,2021-05-27 10:45:00,619.48
FDAX,2021-05-31 12:15:00,919.48
FDAX,2021-06-01 10:30:00,-555.52
FDAX,2021-06-04 11:15:00,-1705.52
FDAX,2021-06-08 11:30:00,-855.52
FDAX,2021-06-09 10:30:00,1219.48
FDAX,2021-06-15 12:30:00,-5.52
FDAX,2021-06-16 10:30:00,-480.52
FDAX,2021-06-17 11:45:00,-330.52
FDAX,2021-06-18 12:30:00,3519.48
FDAX,2021-06-23 11:45:00,1419.48
FDAX,2021-06-24 10:45:00,969.48
FDAX,2021-06-25 12:15:00,644.48
FDAX,2021-06-28 10:30:00,969.48
FDAX,2021-06-30 10:30:00,1319.48
FDAX,2021-07-01 11:30:00,1394.48
FDAX,2021-07-02 10:45:00,-280.52
FDAX,2021-07-05 10:45:00,1369.48
FDAX,2021-07-07 11:15:00,-1580.52
FDAX,2021-07-08 12:30:00,-405.52
FDAX,2021-07-09 12:15:00,-3130.52
FDAX,2021-07-14 12:30:00,-630.52
FDAX,2021-07-15 11:45:00,1094.48
FDAX,2021-07-19 11:15:00,3669.48
FDAX,2021-07-20 11:30:00,-430.52
FDAX,2021-07-21 11:00:00,2269.48
FDAX,2021-07-26 10:45:00,-1105.52
FDAX,2021-07-30 10:30:00,919.48
FDAX,2021-08-02 10:30:00,1569.48
FDAX,2021-08-04 10:30:00,-1105.52
FDAX,2021-08-09 11:45:00,-580.52
FDAX,2021-08-10 10:45:00,-580.52
FDAX,2021-08-12 12:30:00,1619.48
FDAX,2021-08-13 10:30:00,-130.52
FDAX,2021-08-16 11:00:00,-130.52
FDAX,2021-08-19 10:45:00,-3130.52
FDAX,2021-08-25 11:15:00,769.48
FDAX,2021-08-26 11:30:00,-980.52
FDAX,2021-08-30 10:45:00,-55.52
FDAX,2021-08-31 11:45:00,-3130.52
FDAX,2021-09-01 11:00:00,2994.48
FDAX,2021-09-02 10:30:00,-1005.52
FDAX,2021-09-08 10:45:00,-3130.52
FDAX,2021-09-09 10:30:00,1619.48
FDAX,2021-09-10 11:45:00,869.48
FDAX,2021-09-14 10:30:00,369.48
FDAX,2021-09-16 12:15:00,219.48
FDAX,2021-09-17 11:45:00,6244.48
FDAX,2021-09-24 11:15:00,-830.52
FDAX,2021-09-27 12:15:00,1069.48
FDAX,2021-09-28 10:45:00,4269.48
FDAX,2021-09-30 10:45:00,4194.48
FDAX,2021-10-01 11:15:00,1044.48
FDAX,2021-10-04 10:30:00,-2130.52
FDAX,2021-10-06 11:30:00,-3130.52
FDAX,2021-10-08 11:45:00,169.48
FDAX,2021-10-13 11:00:00,319.48
FDAX,2021-10-15 10:45:00,2119.48
FDAX,2021-10-19 10:45:00,394.48
FDAX,2021-10-20 10:30:00,419.48
FDAX,2021-10-22 10:30:00,-705.52
FDAX,2021-10-26 10:30:00,-380.52
FDAX,2021-10-28 10:45:00,-280.52
FDAX,2021-10-29 10:30:00,-2780.52
FDAX,2021-11-05 12:00:00,694.48
FDAX,2021-11-08 11:15:00,-5.52
FDAX,2021-11-09 12:00:00,919.48
FDAX,2021-11-10 12:15:00,-880.52
FDAX,2021-11-11 11:00:00,-380.52
FDAX,2021-11-17 10:45:00,469.48
FDAX,2021-11-18 11:15:00,-255.52
FDAX,2021-11-19 11:00:00,719.48
FDAX,2021-11-22 11:15:00,1544.48
FDAX,2021-11-24 11:15:00,-105.52
FDAX,2021-11-25 11:30:00,144.48
FDAX,2021-11-26 12:15:00,4369.48
FDAX,2021-12-02 10:45:00,-3130.52
FDAX,2021-12-03 11:30:00,2794.48
FDAX,2021-12-06 11:15:00,-3130.52
FDAX,2021-12-07 10:30:00,3644.48
FDAX,2021-12-08 11:00:00,2194.48
FDAX,2021-12-09 11:45:00,444.48
FDAX,2021-12-10 10:45:00,-1905.52
FDAX,2021-12-13 10:30:00,-3130.52
FDAX,2021-12-14 11:15:00,4044.48
FDAX,2021-12-16 10:45:00,2194.48
FDAX,2021-12-17 10:45:00,444.48
FDAX,2021-12-20 10:30:00,-3130.52
FDAX,2021-12-21 11:15:00,-3130.52
FDAX,2021-12-23 10:30:00,1769.48
FDAX,2021-12-28 10:30:00,44.48
FDAX,2021-12-29 11:45:00,2119.48
FDAX,2021-12-30 11:45:00,-1480.52
FDAX,2022-01-05 10:45:00,619.48
FDAX,2022-01-06 10:30:00,-405.52
FDAX,2022-01-07 10:45:00,-3130.52
FDAX,2022-01-10 10:45:00,-3130.52
FDAX,2022-01-12 10:45:00,-430.52
FDAX,2022-01-14 11:00:00,-3130.52
FDAX,2022-01-17 12:15:00,-205.52
FDAX,2022-01-18 10:45:00,-3130.52
FDAX,2022-01-20 11:15:00,2744.48
FDAX,2022-01-24 10:30:00,6244.48
FDAX,2022-01-25 12:15:00,-455.52
FDAX,2022-01-27 12:30:00,-3130.52
FDAX,2022-01-28 11:45:00,-3130.52
FDAX,2022-01-31 11:30:00,-355.52
FDAX,2022-02-01 10:45:00,-1005.52
FDAX,2022-02-02 11:45:00,1419.48
FDAX,2022-02-03 10:45:00,4794.48
FDAX,2022-02-04 11:30:00,1919.48
FDAX,2022-02-07 11:15:00,-3130.52
FDAX,2022-02-08 11:30:00,-405.52
FDAX,2022-02-16 12:00:00,1369.48
FDAX,2022-02-18 10:45:00,6244.48
FDAX,2022-02-21 10:45:00,6244.48
FDAX,2022-02-22 11:15:00,-3130.52
FDAX,2022-02-23 10:30:00,-3130.52
FDAX,2022-02-24 12:00:00,-3130.52
FDAX,2022-02-28 12:00:00,-3130.52
FDAX,2022-03-01 10:45:00,6244.48
FDAX,2022-03-02 11:15:00,2269.48
FDAX,2022-03-03 11:45:00,-3130.52
FDAX,2022-03-04 10:45:00,2744.48
FDAX,2022-03-07 10:45:00,6244.48
FDAX,2022-03-08 11:45:00,-3130.52
FDAX,2022-03-11 12:30:00,-3130.52
FDAX,2022-03-14 10:30:00,-3130.52
FDAX,2022-03-15 10:30:00,-3130.52
FDAX,2022-03-15 12:30:00,1244.48
FDAX,2022-03-16 11:15:00,-3130.52
FDAX,2022-03-17 10:30:00,-755.52
FDAX,2022-03-18 12:30:00,-3130.52
FDAX,2022-03-23 10:45:00,6119.48
FDAX,2022-03-24 11:00:00,-755.52
FDAX,2022-03-25 11:30:00,394.48
FDAX,2022-03-30 10:45:00,419.48
FDAX,2022-03-31 10:30:00,4994.48
FDAX,2022-04-04 11:45:00,2444.48
FDAX,2022-04-05 12:00:00,3194.48
FDAX,2022-04-06 10:30:00,3244.48
FDAX,2022-04-07 11:15:00,-3130.52
FDAX,2022-04-08 11:15:00,-655.52
FDAX,2022-04-11 10:45:00,-730.52
FDAX,2022-04-12 11:15:00,1144.48
FDAX,2022-04-13 12:00:00,-1030.52
FDAX,2022-04-14 11:00:00,44.48
FDAX,2022-04-19 10:30:00,2319.48
FDAX,2022-04-20 10:30:00,-3130.52
FDAX,2022-04-20 12:15:00,969.48
FDAX,2022-04-21 10:30:00,-2405.52
FDAX,2022-04-22 12:15:00,2294.48
FDAX,2022-04-25 11:30:00,-3130.52
FDAX,2022-04-27 10:30:00,1844.48
FDAX,2022-04-29 12:00:00,1319.48
FDAX,2022-05-03 11:15:00,544.48
FDAX,2022-05-04 11:45:00,-1055.52
FDAX,2022-05-05 11:15:00,6244.48
FDAX,2022-05-06 11:45:00,594.48
FDAX,2022-05-09 10:30:00,1719.48
FDAX,2022-05-10 12:30:00,-3130.52
FDAX,2022-05-12 10:30:00,4119.48
FDAX,2022-05-16 12:00:00,-230.52
FDAX,2022-05-23 10:45:00,-1905.52
FDAX,2022-05-25 10:45:00,-1355.52
FDAX,2022-05-26 11:00:00,-3130.52
FDAX,2022-05-27 11:00:00,3769.48
FDAX,2022-05-30 11:30:00,-705.52
FDAX,2022-05-31 10:45:00,-3130.52
FDAX,2022-06-01 10:45:00,1719.48
FDAX,2022-06-08 12:30:00,1194.48
FDAX,2022-06-09 11:15:00,-3130.52
FDAX,2022-06-13 10:45:00,-605.52
FDAX,2022-06-14 10:45:00,5119.48
FDAX,2022-06-15 10:45:00,619.48
FDAX,2022-06-16 11:30:00,2719.48
FDAX,2022-06-20 11:45:00,-3130.52
FDAX,2022-06-21 12:30:00,2944.48
FDAX,2022-06-23 10:45:00,-3130.52
FDAX,2022-06-27 10:30:00,-3130.52
FDAX,2022-06-27 12:15:00,1969.48
FDAX,2022-06-28 12:15:00,1694.48
FDAX,2022-06-29 12:00:00,1594.48
FDAX,2022-06-30 11:45:00,-3130.52
FDAX,2022-07-05 10:45:00,6244.48
FDAX,2022-07-06 11:15:00,-3130.52
FDAX,2022-07-07 12:30:00,-2155.52
FDAX,2022-07-08 11:00:00,-3130.52
FDAX,2022-07-12 12:15:00,-3130.52
FDAX,2022-07-13 11:15:00,-3130.52
FDAX,2022-07-14 11:00:00,2494.48
FDAX,2022-07-15 12:30:00,-3130.52
FDAX,2022-07-19 11:15:00,6244.48
FDAX,2022-07-21 10:45:00,-2355.52
FDAX,2022-07-22 10:45:00,-730.52
FDAX,2022-07-25 11:45:00,-3130.52
FDAX,2022-07-27 11:00:00,-930.52
FDAX,2022-07-28 10:30:00,-3130.52
FDAX,2022-08-05 11:00:00,1244.48
FDAX,2022-08-08 10:45:00,-255.52
FDAX,2022-08-09 12:00:00,2019.48
FDAX,2022-08-12 11:30:00,-1630.52
FDAX,2022-08-16 10:30:00,519.48
FDAX,2022-08-17 10:30:00,6244.48
FDAX,2022-08-18 11:00:00,-730.52
FDAX,2022-08-19 11:00:00,794.48
FDAX,2022-08-22 10:30:00,1444.48
FDAX,2022-08-23 10:30:00,-2805.52
FDAX,2022-08-24 10:45:00,1069.48
FDAX,2022-08-25 11:45:00,-780.52
FDAX,2022-08-26 10:45:00,6244.48
FDAX,2022-08-30 10:30:00,-3130.52
FDAX,2022-08-31 11:45:00,-3130.52
FDAX,2022-09-01 11:00:00,-605.52
FDAX,2022-09-02 11:45:00,-3130.52
FDAX,2022-09-05 10:30:00,-3130.52
FDAX,2022-09-06 10:30:00,-3130.52
FDAX,2022-09-08 11:45:00,3394.48
FDAX,2022-09-09 12:15:00,-605.52
FDAX,2022-09-15 10:45:00,2769.48
FDAX,2022-09-16 11:15:00,394.48
FDAX,2022-09-19 12:00:00,-3130.52
FDAX,2022-09-20 10:30:00,2844.48
FDAX,2022-09-22 10:30:00,-3130.52
FDAX,2022-09-23 11:30:00,4069.48
FDAX,2022-09-26 11:45:00,1244.48
FDAX,2022-09-27 11:00:00,6244.48
FDAX,2022-09-28 11:45:00,-3130.52
FDAX,2022-10-05 10:45:00,-605.52
FDAX,2022-10-06 12:15:00,144.48
FDAX,2022-10-11 11:15:00,-2280.52
FDAX,2022-10-12 11:00:00,-855.52
FDAX,2022-10-14 11:30:00,-3130.52
FDAX,2022-10-19 10:45:00,-405.52
FDAX,2022-10-21 10:30:00,-3130.52
FDAX,2022-10-24 11:00:00,-3130.52
FDAX,2022-10-25 11:00:00,-3130.52
FDAX,2022-10-26 11:45:00,-3130.52
FDAX,2022-11-02 10:45:00,1119.48
FDAX,2022-11-03 10:30:00,-3130.52
FDAX,2022-11-04 10:45:00,6244.48
FDAX,2022-11-07 12:00:00,-1330.52
FDAX,2022-11-09 10:30:00,-1755.52
FDAX,2022-11-14 10:45:00,-3130.52
FDAX,2022-11-15 10:45:00,-3130.52
FDAX,2022-11-16 11:00:00,1244.48
FDAX,2022-11-17 10:45:00,-605.52
FDAX,2022-11-18 10:30:00,69.48
FDAX,2022-11-21 10:30:00,-705.52
FDAX,2022-11-22 10:30:00,94.48
FDAX,2022-11-23 11:15:00,-630.52
FDAX,2022-11-24 11:15:00,-305.52
FDAX,2022-11-25 12:00:00,-55.52
FDAX,2022-11-28 10:30:00,494.48
FDAX,2022-11-29 10:30:00,-555.52
FDAX,2022-11-30 10:45:00,-2730.52
FDAX,2022-12-01 10:45:00,-1055.52
FDAX,2022-12-02 12:00:00,-630.52
FDAX,2022-12-06 12:00:00,1719.48
FDAX,2022-12-07 10:30:00,-3130.52
FDAX,2022-12-08 12:15:00,-1255.52
FDAX,2022-12-09 12:30:00,-3130.52
FDAX,2022-12-13 11:00:00,6244.48
FDAX,2022-12-14 10:45:00,-980.52
FDAX,2022-12-16 10:30:00,369.48
FDAX,2022-12-19 12:30:00,844.48
FDAX,2022-12-20 10:30:00,294.48
FDAX,2022-12-22 11:00:00,6244.48
FDAX,2022-12-27 10:30:00,-155.52
FDAX,2022-12-29 10:30:00,3169.48
FDAX,2022-12-30 10:30:00,2669.48
FDAX,2023-01-02 11:15:00,-1255.52
FDAX,2023-01-03 10:30:00,-2205.52
FDAX,2023-01-04 11:00:00,-3130.52
FDAX,2023-01-10 10:30:00,-2255.52
FDAX,2023-01-11 10:30:00,2444.48
FDAX,2023-01-12 10:30:00,2594.48
FDAX,2023-01-19 10:30:00,3094.48
FDAX,2023-01-23 11:45:00,-1805.52
FDAX,2023-01-24 12:00:00,-1680.52
FDAX,2023-01-25 10:45:00,-705.52
FDAX,2023-01-30 11:00:00,-3130.52
FDAX,2023-02-01 10:30:00,-880.52
FDAX,2023-02-02 11:00:00,-3130.52
FDAX,2023-02-06 10:45:00,119.48
FDAX,2023-02-08 10:45:00,-780.52
FDAX,2023-02-10 11:30:00,1619.48
FDAX,2023-02-13 11:15:00,-1730.52
FDAX,2023-02-15 11:30:00,-1880.52
FDAX,2023-02-16 12:30:00,469.48
FDAX,2023-02-17 11:00:00,1944.48
FDAX,2023-02-20 11:00:00,-655.52
FDAX,2023-02-21 10:30:00,-3130.52
FDAX,2023-02-24 11:15:00,6244.48
FDAX,2023-03-02 10:30:00,1869.48
FDAX,2023-03-07 10:45:00,-3130.52
FDAX,2023-03-09 11:00:00,-1530.52
FDAX,2023-03-10 11:00:00,-880.52
FDAX,2023-03-13 10:30:00,2944.48
FDAX,2023-03-14 10:45:00,-3130.52
FDAX,2023-03-15 10:30:00,6244.48
FDAX,2023-03-15 11:45:00,1644.48
FDAX,2023-03-16 10:30:00,-3130.52
FDAX,2023-03-17 11:45:00,6244.48
FDAX,2023-03-20 10:30:00,6244.48
FDAX,2023-03-22 11:00:00,-1080.52
FDAX,2023-03-23 10:45:00,69.48
FDAX,2023-03-24 11:00:00,-1380.52
FDAX,2023-03-28 11:15:00,1169.48
FDAX,2023-03-29 11:00:00,2919.48
FDAX,2023-03-31 11:00:00,2494.48
FDAX,2023-04-03 12:00:00,569.48
FDAX,2023-04-04 10:45:00,-1555.52
FDAX,2023-04-17 10:30:00,1419.48
FDAX,2023-04-18 11:15:00,1394.48
FDAX,2023-04-19 12:15:00,-1855.52
FDAX,2023-04-21 10:30:00,2894.48
FDAX,2023-04-25 11:15:00,294.48
FDAX,2023-04-26 11:00:00,319.48
FDAX,2023-04-28 10:45:00,-3130.52
FDAX,2023-05-02 10:30:00,2669.48
FDAX,2023-05-05 11:30:00,2994.48
FDAX,2023-05-09 11:00:00,-780.52
FDAX,2023-05-10 10:30:00,294.48
FDAX,2023-05-11 11:00:00,1644.48
FDAX,2023-05-12 10:45:00,-730.52
FDAX,2023-05-15 11:15:00,394.48
FDAX,2023-05-17 10:30:00,794.48
FDAX,2023-05-18 10:30:00,-1830.52
FDAX,2023-05-19 11:15:00,-30.52
FDAX,2023-05-24 11:45:00,2144.48
FDAX,2023-05-25 10:45:00,1219.48
FDAX,2023-05-26 11:45:00,-3130.52
FDAX,2023-05-29 12:00:00,1019.48
FDAX,2023-05-30 11:45:00,-3130.52
FDAX,2023-06-02 11:45:00,394.48
FDAX,2023-06-06 11:30:00,-1580.52
FDAX,2023-06-08 11:00:00,319.48
FDAX,2023-06-09 10:30:00,-855.52
FDAX,2023-06-12 10:30:00,119.48
FDAX,2023-06-13 10:30:00,-1905.52
FDAX,2023-06-15 11:15:00,-755.52
FDAX,2023-06-16 11:15:00,244.48
FDAX,2023-06-20 10:45:00,-930.52
FDAX,2023-06-22 10:45:00,1894.48
FDAX,2023-06-26 10:30:00,1244.48
FDAX,2023-06-29 11:45:00,-505.52
FDAX,2023-06-30 10:45:00,3094.48
FDAX,2023-07-03 11:45:00,1869.48
FDAX,2023-07-04 11:15:00,844.48
FDAX,2023-07-05 11:45:00,519.48
FDAX,2023-07-06 10:30:00,6244.48
FDAX,2023-07-07 11:30:00,1369.48
FDAX,2023-07-10 10:30:00,569.48
FDAX,2023-07-11 10:30:00,-3130.52
FDAX,2023-07-12 10:30:00,2344.48
FDAX,2023-07-13 12:15:00,-1255.52
FDAX,2023-07-14 11:45:00,569.48
FDAX,2023-07-17 11:15:00,-880.52
FDAX,2023-07-18 10:30:00,1019.48
FDAX,2023-07-19 12:30:00,544.48
FDAX,2023-07-20 10:30:00,1069.48
FDAX,2023-07-25 10:45:00,419.48
FDAX,2023-07-27 10:30:00,4569.48
FDAX,2023-07-28 10:30:00,-3130.52
FDAX,2023-07-31 11:30:00,-1680.52
FDAX,2023-08-01 10:45:00,2419.48
FDAX,2023-08-02 10:30:00,-3130.52
FDAX,2023-08-03 11:45:00,769.48
FDAX,2023-08-04 10:30:00,-3130.52
FDAX,2023-08-07 11:00:00,-2030.52
FDAX,2023-08-08 10:45:00,2069.48
FDAX,2023-08-09 12:00:00,2819.48
FDAX,2023-08-10 10:30:00,-3130.52
FDAX,2023-08-11 10:30:00,1069.48
FDAX,2023-08-14 10:30:00,-255.52
FDAX,2023-08-15 10:30:00,1119.48
FDAX,2023-08-17 10:45:00,-1680.52
FDAX,2023-08-18 12:30:00,-3130.52
FDAX,2023-08-23 10:45:00,-1905.52
FDAX,2023-08-24 11:30:00,4644.48
FDAX,2023-08-28 11:30:00,-2555.52
FDAX,2023-08-29 10:30:00,-3130.52
FDAX,2023-08-30 11:00:00,-405.52
FDAX,2023-09-01 12:30:00,2219.48
FDAX,2023-09-04 12:15:00,2369.48
FDAX,2023-09-05 11:15:00,519.48
FDAX,2023-09-07 10:30:00,119.48
FDAX,2023-09-08 10:45:00,-1830.52
FDAX,2023-09-11 10:45:00,-280.52
FDAX,2023-09-12 11:15:00,-80.52
FDAX,2023-09-18 10:45:00,2044.48
FDAX,2023-09-20 11:00:00,769.48
FDAX,2023-09-21 12:30:00,1519.48
FDAX,2023-09-25 10:45:00,1544.48
FDAX,2023-09-26 12:30:00,819.48
FDAX,2023-09-27 11:15:00,2594.48
FDAX,2023-09-28 10:30:00,-3130.52
FDAX,2023-10-02 11:30:00,4419.48
FDAX,2023-10-03 10:45:00,-3130.52
FDAX,2023-10-05 10:30:00,-1130.52
FDAX,2023-10-09 12:15:00,394.48
FDAX,2023-10-11 11:15:00,494.48
FDAX,2023-10-12 10:45:00,-3130.52
FDAX,2023-10-13 11:45:00,2894.48
FDAX,2023-10-16 11:00:00,2019.48
FDAX,2023-10-17 10:45:00,-1305.52
FDAX,2023-10-18 12:00:00,3569.48
FDAX,2023-10-20 11:30:00,1869.48
FDAX,2023-10-23 12:00:00,-3130.52
FDAX,2023-10-24 11:30:00,994.48
FDAX,2023-10-25 11:00:00,-30.52
FDAX,2023-10-26 12:30:00,644.48
FDAX,2023-10-30 10:45:00,-955.52
FDAX,2023-10-31 10:45:00,-1555.52
FDAX,2023-11-02 11:00:00,994.48
FDAX,2023-11-03 10:45:00,-5.52
FDAX,2023-11-07 12:00:00,719.48
FDAX,2023-11-08 10:45:00,-3130.52
FDAX,2023-11-09 11:00:00,2494.48
FDAX,2023-11-10 10:45:00,-280.52
FDAX,2023-11-13 10:30:00,794.48
FDAX,2023-11-14 10:30:00,4469.48
FDAX,2023-11-15 11:15:00,-2005.52
FDAX,2023-11-16 11:15:00,94.48
FDAX,2023-11-17 11:15:00,594.48
FDAX,2023-11-20 11:30:00,-330.52
FDAX,2023-11-22 10:30:00,-405.52
FDAX,2023-11-24 10:45:00,694.48
FDAX,2023-11-27 10:30:00,1044.48
FDAX,2023-11-28 11:00:00,1044.48
FDAX,2023-11-29 10:45:00,719.48
FDAX,2023-11-30 10:45:00,294.48
FDAX,2023-12-01 10:30:00,2169.48
FDAX,2023-12-04 10:45:00,-830.52
FDAX,2023-12-05 10:45:00,2269.48
FDAX,2023-12-08 10:45:00,2244.48
FDAX,2023-12-12 11:45:00,194.48
FDAX,2023-12-13 12:00:00,1219.48
FDAX,2023-12-14 10:30:00,2794.48
FDAX,2023-12-15 12:30:00,1694.48
FDAX,2023-12-18 11:30:00,1219.48
FDAX,2023-12-19 10:30:00,-1330.52
FDAX,2023-12-20 10:30:00,-1430.52
FDAX,2023-12-28 10:30:00,394.48
FDAX,2024-01-02 11:00:00,2344.48
FDAX,2024-01-03 10:45:00,4694.48
FDAX,2024-01-08 10:30:00,-3130.52
FDAX,2024-01-09 11:15:00,-230.52
FDAX,2024-01-10 10:45:00,-1230.52
FDAX,2024-01-11 10:45:00,5394.48
FDAX,2024-01-15 10:30:00,1144.48
FDAX,2024-01-19 11:15:00,919.48
FDAX,2024-01-23 11:45:00,494.48
FDAX,2024-01-29 10:30:00,-1130.52
FDAX,2024-01-31 10:45:00,794.48
FDAX,2024-02-05 10:45:00,-430.52
FDAX,2024-02-06 11:15:00,-3130.52
FDAX,2024-02-07 12:00:00,1194.48
FDAX,2024-02-08 10:45:00,819.48
FDAX,2024-02-12 10:45:00,1094.48
FDAX,2024-02-16 11:00:00,-1330.52
FDAX,2024-02-19 12:00:00,-830.52
FDAX,2024-02-21 10:45:00,569.48
FDAX,2024-02-22 10:45:00,-3130.52
FDAX,2024-02-26 11:45:00,-455.52
FDAX,2024-02-27 10:45:00,1194.48
FDAX,2024-03-01 11:45:00,-605.52
FDAX,2024-03-04 12:30:00,-105.52
FDAX,2024-03-06 12:15:00,-680.52
FDAX,2024-03-18 10:30:00,-1605.52
FDAX,2024-03-19 12:30:00,-1105.52
FDAX,2024-03-20 10:30:00,444.48
FDAX,2024-03-21 10:45:00,-1605.52
FDAX,2024-03-25 11:30:00,-2455.52
FDAX,2024-03-26 11:00:00,1769.48
FDAX,2024-03-27 11:15:00,1569.48
FDAX,2024-04-02 11:15:00,5194.48
FDAX,2024-04-04 10:30:00,194.48
FDAX,2024-04-05 11:30:00,-1905.52
FDAX,2024-04-09 11:15:00,2694.48
FDAX,2024-04-10 12:15:00,2769.48
FDAX,2024-04-11 11:30:00,1494.48
FDAX,2024-04-12 11:45:00,6244.48
FDAX,2024-04-17 10:30:00,-1755.52
FDAX,2024-04-18 12:00:00,-780.52
FDAX,2024-04-22 10:30:00,-3130.52
FDAX,2024-04-24 11:30:00,2919.48
FDAX,2024-04-29 12:00:00,619.48
FDAX,2024-04-30 11:15:00,2194.48
FDAX,2024-05-02 11:30:00,-155.52
FDAX,2024-05-06 12:30:00,844.48
FDAX,2024-05-07 11:00:00,4119.48
FDAX,2024-05-08 10:45:00,-830.52
FDAX,2024-05-13 10:45:00,519.48
FDAX,2024-05-15 10:30:00,1969.48
FDAX,2024-05-16 10:45:00,2744.48
FDAX,2024-05-17 10:45:00,-2055.52
FDAX,2024-05-21 10:30:00,-780.52
FDAX,2024-05-23 10:45:00,-130.52
FDAX,2024-05-28 11:15:00,-3130.52
FDAX,2024-05-29 11:45:00,1344.48
FDAX,2024-05-31 10:45:00,-605.52
FDAX,2024-06-03 11:00:00,-3130.52
FDAX,2024-06-04 10:45:00,1894.48
FDAX,2024-06-06 10:30:00,-3130.52
FDAX,2024-06-07 11:15:00,-1480.52
FDAX,2024-06-10 11:30:00,-2530.52
FDAX,2024-06-11 11:15:00,2544.48
FDAX,2024-06-13 10:30:00,6244.48
FDAX,2024-06-14 10:30:00,4844.48
FDAX,2024-06-17 11:15:00,-1930.52
FDAX,2024-06-18 10:30:00,-1355.52
FDAX,2024-06-19 11:00:00,369.48
FDAX,2024-06-24 10:30:00,1019.48
FDAX,2024-06-26 11:45:00,2894.48
FDAX,2024-06-27 10:45:00,-1805.52
FDAX,2024-06-28 10:30:00,-3130.52
FDAX,2024-07-01 11:45:00,-1380.52
FDAX,2024-07-03 10:30:00,-3130.52
FDAX,2024-07-08 10:45:00,-3130.52
FDAX,2024-07-09 11:15:00,-3130.52
FDAX,2024-07-11 11:30:00,-3130.52
FDAX,2024-07-12 10:45:00,3744.48
FDAX,2024-07-16 10:30:00,-1705.52
FDAX,2024-07-17 10:30:00,819.48
FDAX,2024-07-18 11:15:00,-3130.52
FDAX,2024-07-22 10:45:00,2144.48
FDAX,2024-07-24 10:30:00,-530.52
FDAX,2024-07-25 11:15:00,3744.48
FDAX,2024-07-29 12:00:00,-3130.52
FDAX,2024-07-30 10:45:00,-2080.52
FDAX,2024-07-31 10:45:00,-105.52
FDAX,2024-08-01 10:30:00,5494.48
FDAX,2024-08-02 11:45:00,3169.48
FDAX,2024-08-06 11:30:00,-3130.52
FDAX,2024-08-08 12:00:00,-3130.52
FDAX,2024-08-09 10:30:00,-1180.52
FDAX,2024-08-12 11:00:00,244.48
FDAX,2024-08-13 10:45:00,-1555.52
FDAX,2024-08-14 10:30:00,-280.52
FDAX,2024-08-15 10:45:00,-3130.52
FDAX,2024-08-16 10:45:00,1594.48
FDAX,2024-08-20 11:00:00,1944.48
FDAX,2024-08-21 11:45:00,669.48
FDAX,2024-08-22 12:15:00,-480.52
FDAX,2024-08-27 10:45:00,469.48
FDAX,2024-08-28 11:15:00,69.48
FDAX,2024-08-29 10:45:00,3069.48
FDAX,2024-09-02 10:30:00,2019.48
FDAX,2024-09-03 10:45:00,4194.48
FDAX,2024-09-05 12:00:00,769.48
FDAX,2024-09-06 10:30:00,-3130.52
FDAX,2024-09-10 11:15:00,4969.48
FDAX,2024-09-11 11:15:00,-3130.52
FDAX,2024-09-12 10:30:00,569.48
FDAX,2024-09-13 10:30:00,-930.52
FDAX,2024-09-19 10:45:00,3794.48
FDAX,2024-09-24 10:30:00,-330.52
FDAX,2024-09-26 12:15:00,-3130.52
FDAX,2024-09-27 11:00:00,3619.48
FDAX,2024-09-30 11:30:00,494.48
FDAX,2024-10-01 10:45:00,4269.48
FDAX,2024-10-02 11:30:00,119.48
FDAX,2024-10-11 11:45:00,3319.48
FDAX,2024-10-14 11:00:00,-3005.52
FDAX,2024-10-15 10:45:00,1194.48
FDAX,2024-10-16 11:15:00,-705.52
FDAX,2024-10-17 11:00:00,69.48
FDAX,2024-10-21 12:00:00,1969.48
FDAX,2024-10-22 11:15:00,2169.48
FDAX,2024-10-23 11:15:00,69.48
FDAX,2024-10-24 11:00:00,-3130.52
FDAX,2024-10-25 11:30:00,19.48
FDAX,2024-10-28 11:00:00,-830.52
FDAX,2024-10-29 11:45:00,2844.48
FDAX,2024-10-30 10:30:00,2519.48
FDAX,2024-11-04 11:15:00,-3130.52
FDAX,2024-11-05 10:30:00,2294.48
FDAX,2024-11-06 11:00:00,6244.48
FDAX,2024-11-08 11:15:00,694.48
FDAX,2024-11-13 11:45:00,1094.48
FDAX,2024-11-14 10:45:00,-530.52
FDAX,2024-11-15 10:30:00,-880.52
FDAX,2024-11-18 10:45:00,69.48
FDAX,2024-11-19 11:00:00,-3130.52
FDAX,2024-11-20 11:15:00,2644.48
FDAX,2024-11-21 11:30:00,4719.48
FDAX,2024-11-22 10:45:00,-3130.52
FDAX,2024-11-25 12:30:00,-180.52
FDAX,2024-11-26 10:45:00,-230.52
FDAX,2024-11-27 11:00:00,-2255.52
FDAX,2024-11-28 12:00:00,-1005.52
FDAX,2024-11-29 11:15:00,5569.48
FDAX,2024-12-02 11:45:00,4744.48
FDAX,2024-12-03 10:45:00,-505.52
FDAX,2024-12-04 12:00:00,-1105.52
FDAX,2024-12-05 11:45:00,1069.48
FDAX,2024-12-09 10:45:00,819.48
FDAX,2024-12-11 10:45:00,1269.48
FDAX,2024-12-16 11:45:00,-155.52
FDAX,2024-12-17 10:30:00,-1530.52
FDAX,2024-12-19 10:45:00,2669.48
FDAX,2024-12-23 10:30:00,69.48
FDAX,2024-12-27 12:00:00,-880.52
FDAX,2025-01-02 12:30:00,-3130.52
FDAX,2025-01-03 11:45:00,719.48
FDAX,2025-01-06 10:30:00,6244.48
FDAX,2025-01-10 12:00:00,-3130.52
FDAX,2025-01-17 10:30:00,694.48
FDAX,2025-01-27 11:45:00,-3130.52
FDAX,2025-01-31 10:45:00,-605.52
FDAX,2025-02-03 11:30:00,-3130.52
FDAX,2025-02-06 12:00:00,-3130.52
FDAX,2025-02-11 11:00:00,-2655.52
FDAX,2025-02-14 12:00:00,1194.48
FDAX,2025-02-17 10:30:00,4669.48
FDAX,2025-02-18 10:45:00,-3130.52
FDAX,2025-02-19 11:15:00,6244.48
FDAX,2025-02-20 11:45:00,6244.48
FDAX,2025-02-24 10:30:00,-3130.52
FDAX,2025-02-25 11:00:00,219.48
FDAX,2025-02-27 10:45:00,-3130.52
FDAX,2025-03-03 10:45:00,6244.48
FDAX,2025-03-05 11:00:00,1194.48
FDAX,2025-03-06 11:30:00,-3130.52
FDAX,2025-03-07 11:45:00,944.48
FDAX,2025-03-10 10:30:00,-3130.52
FDAX,2025-03-10 11:00:00,-3130.52
FDAX,2025-03-13 12:30:00,2694.48
FDAX,2025-03-14 12:15:00,2469.48
FDAX,2025-03-17 10:45:00,-3130.52
FDAX,2025-03-18 11:00:00,-3130.52
FDAX,2025-03-20 10:30:00,6244.48
FDAX,2025-03-20 11:45:00,-3130.52
FDAX,2025-03-20 12:30:00,419.48
FDAX,2025-03-21 11:45:00,869.48
FDAX,2025-03-24 11:00:00,2744.48
FDAX,2025-03-26 10:30:00,5444.48
FDAX,2025-03-28 11:00:00,1344.48
FDAX,2025-03-31 12:15:00,-2180.52
FDAX,2025-04-01 10:45:00,-3130.52
FDAX,2025-04-02 12:30:00,-3130.52
FDAX,2025-04-03 11:45:00,6244.48
FDAX,2025-04-04 10:30:00,6244.48
FDAX,2025-04-07 10:30:00,6244.48
FDAX,2025-04-09 10:45:00,-3130.52
FDAX,2025-04-09 12:15:00,-3130.52
FDAX,2025-04-11 10:30:00,6244.48
FDAX,2025-04-11 11:15:00,-3130.52
FDAX,2025-04-16 11:00:00,494.48
FDAX,2025-04-23 12:00:00,-3130.52
FDAX,2025-04-25 10:30:00,4569.48
FDAX,2025-04-28 10:30:00,-3130.52
FDAX,2025-05-05 11:30:00,-3130.52
FDAX,2025-05-06 10:30:00,6244.48
FDAX,2025-05-06 11:45:00,-3130.52
FDAX,2025-05-06 12:30:00,4569.48
FDAX,2025-05-07 11:15:00,3044.48
FDAX,2025-05-08 10:45:00,1644.48
FDAX,2025-05-12 10:30:00,-3130.52
FDAX,2025-05-12 11:15:00,-3130.52
FDAX,2025-05-14 11:30:00,-3130.52
FDAX,2025-05-15 10:45:00,5744.48
FDAX,2025-05-19 11:15:00,-3130.52
FDAX,2025-05-20 11:00:00,1744.48
FDAX,2025-05-21 12:15:00,-3130.52
FDAX,2025-05-22 11:00:00,-3130.52
FDAX,2025-05-23 11:30:00,6244.48
FDAX,2025-05-27 11:45:00,1644.48
FDAX,2025-05-28 11:00:00,4344.48
FDAX,2025-05-29 10:45:00,6244.48
FDAX,2025-05-30 10:30:00,-3130.52
FDAX,2025-06-02 12:15:00,-2155.52
FDAX,2025-06-03 11:30:00,3369.48
FDAX,2025-06-04 12:30:00,-1055.52
FDAX,2025-06-05 11:00:00,-3130.52
FDAX,2025-06-09 11:45:00,644.48
FDAX,2025-06-10 10:45:00,119.48
FDAX,2025-06-11 10:30:00,-3130.52
FDAX,2025-06-12 10:30:00,-3130.52
FDAX,2025-06-13 11:00:00,-3130.52
FDAX,2025-06-16 11:45:00,-3130.52
FDAX,2025-06-17 10:30:00,1394.48
FDAX,2025-06-18 11:00:00,2419.48
FDAX,2025-06-20 11:15:00,-3130.52
FDAX,2025-06-23 10:30:00,-3130.52
FDAX,2025-06-25 11:00:00,2594.48
FDAX,2025-06-26 10:45:00,-3130.52
FDAX,2025-06-30 11:00:00,1794.48
FDAX,2025-07-01 10:45:00,3994.48
FDAX,2025-07-03 11:30:00,-3130.52
FDAX,2025-07-04 11:15:00,-1255.52
FDAX,2025-07-07 11:45:00,2069.48
FDAX,2025-07-08 10:30:00,3344.48
FDAX,2025-07-09 10:30:00,4844.48
FDAX,2025-07-10 10:30:00,3169.48
FDAX,2025-07-11 10:45:00,819.48
FDAX,2025-07-15 11:45:00,2544.48
FDAX,2025-07-17 10:30:00,-3130.52
FDAX,2025-07-21 12:00:00,-130.52
FDAX,2025-07-22 11:15:00,2319.48
FDAX,2025-07-23 10:45:00,-3130.52
FDAX,2025-07-24 12:00:00,4669.48
FDAX,2025-07-28 11:30:00,6244.48
FDAX,2025-07-31 11:15:00,6244.48
FDAX,2025-08-06 11:00:00,-780.52
FDAX,2025-08-07 10:30:00,6244.48
FDAX,2025-08-07 11:45:00,-3130.52
FDAX,2025-08-11 10:30:00,-1030.52
FDAX,2025-08-12 10:45:00,894.48
FDAX,2025-08-14 10:30:00,2544.48
FDAX,2025-08-15 10:30:00,-3130.52
FDAX,2025-08-19 10:45:00,444.48
FDAX,2025-08-20 10:30:00,-330.52
FDAX,2025-08-21 11:30:00,-280.52
FDAX,2025-08-22 10:30:00,1219.48
FDAX,2025-08-27 10:45:00,1219.48
FDAX,2025-08-28 11:00:00,19.48
FDAX,2025-08-29 10:30:00,-3130.52
FDAX,2025-09-01 11:45:00,-880.52
FDAX,2025-09-02 11:45:00,6244.48
FDAX,2025-09-03 10:45:00,-1130.52
FDAX,2025-09-08 10:45:00,-1505.52
FDAX,2025-09-09 10:30:00,19.48
FDAX,2025-09-10 11:00:00,2819.48
FDAX,2025-09-12 10:45:00,-1705.52
FDAX,2025-09-15 10:45:00,-3130.52
FDAX,2025-09-16 10:45:00,-3130.52
FDAX,2025-09-17 11:45:00,-130.52
FDAX,2025-09-19 10:30:00,-3130.52
FDAX,2025-09-19 12:15:00,269.48
FDAX,2025-09-22 11:45:00,-2430.52
FDAX,2025-09-23 11:15:00,-3130.52
FDAX,2025-09-24 10:30:00,1994.48
FDAX,2025-09-25 11:00:00,469.48
FDAX,2025-09-26 11:30:00,-3130.52
FDAX,2025-09-29 12:15:00,744.48
FDAX,2025-09-30 11:15:00,4694.48
FDAX,2025-10-01 11:00:00,6244.48
FDAX,2025-10-02 10:45:00,1694.48
FDAX,2025-10-06 11:00:00,694.48
FDAX,2025-10-08 10:30:00,3494.48
FDAX,2025-10-10 11:00:00,6244.48
FDAX,2025-10-14 11:00:00,-3130.52
FDAX,2025-10-15 10:30:00,-3130.52
FDAX,2025-10-16 10:30:00,744.48
FDAX,2025-10-20 11:00:00,-3130.52
FDAX,2025-10-21 11:00:00,-3130.52
FDAX,2025-10-22 10:45:00,2869.48
FDAX,2025-10-24 10:30:00,-1705.52
FESX,2019-01-24 11:00:00,-23.78
FESX,2019-01-28 11:15:00,-193.78
FESX,2019-02-05 10:30:00,176.22
FESX,2019-02-06 11:15:00,-3.78
FESX,2019-02-11 10:30:00,-43.78
FESX,2019-02-25 10:30:00,-93.78
FESX,2019-03-14 10:30:00,6.22
FESX,2019-03-19 10:30:00,26.22
FESX,2019-03-20 10:45:00,146.22
FESX,2019-03-22 10:30:00,366.22
FESX,2019-04-01 11:00:00,36.22
FESX,2019-04-12 10:45:00,126.22
FESX,2019-05-02 10:30:00,-163.78
FESX,2019-05-03 10:45:00,16.22
FESX,2019-05-13 10:30:00,216.22
FESX,2019-05-14 10:45:00,-333.78
FESX,2019-05-15 10:45:00,346.22
FESX,2019-05-20 11:15:00,266.22
FESX,2019-05-23 11:00:00,86.22
FESX,2019-05-28 10:45:00,-83.78
FESX,2019-06-04 11:15:00,196.22
FESX,2019-06-06 10:30:00,-343.78
FESX,2019-06-11 10:30:00,-153.78
FESX,2019-06-18 10:45:00,426.22
FESX,2019-06-24 10:30:00,56.22
FESX,2019-06-28 11:00:00,196.22
FESX,2019-07-15 10:45:00,-143.78
FESX,2019-07-18 10:45:00,-43.78
FESX,2019-07-22 11:00:00,-3.78
FESX,2019-07-23 11:15:00,146.22
FESX,2019-07-30 10:45:00,466.22
FESX,2019-08-05 10:45:00,86.22
FESX,2019-08-12 10:45:00,86.22
FESX,2019-08-21 11:15:00,16.22
FESX,2019-08-28 10:45:00,36.22
FESX,2019-09-19 11:15:00,-3.78
FESX,2019-09-25 10:30:00,-183.78
FESX,2019-09-26 10:30:00,66.22
FESX,2019-10-10 10:45:00,146.22
FESX,2019-10-11 11:00:00,326.22
FESX,2019-10-23 10:45:00,86.22
FESX,2019-10-31 10:45:00,6.22
FESX,2019-11-08 11:15:00,56.22
FESX,2019-11-13 10:45:00,-173.78
FESX,2019-11-15 10:45:00,-63.78
FESX,2019-11-19 10:45:00,-263.78
FESX,2019-11-27 10:45:00,-93.78
FESX,2019-12-04 10:30:00,16.22
FESX,2019-12-10 10:30:00,-363.78
FESX,2019-12-11 10:30:00,-203.78
FESX,2020-01-02 10:30:00,116.22
FESX,2020-01-03 10:30:00,-213.78
FESX,2020-01-22 10:30:00,196.22
FESX,2020-01-27 10:30:00,306.22
FESX,2020-01-31 11:15:00,416.22
FESX,2020-02-04 11:15:00,256.22
FESX,2020-02-05 11:00:00,86.22
FESX,2020-02-26 10:30:00,-643.78
FESX,2020-03-02 11:15:00,36.22
FESX,2020-03-05 10:45:00,556.22
FESX,2020-03-20 10:45:00,-523.78
FESX,2020-03-24 11:15:00,516.22
FESX,2020-03-25 10:30:00,-1253.78
FESX,2020-04-08 11:00:00,-493.78
FESX,2020-04-15 10:30:00,546.22
FESX,2020-04-23 11:00:00,256.22
FESX,2020-04-24 10:45:00,-173.78
FESX,2020-05-14 10:30:00,76.22
FESX,2020-05-18 10:30:00,806.22
FESX,2020-05-20 10:45:00,236.22
FESX,2020-05-21 10:45:00,-133.78
FESX,2020-05-25 11:00:00,226.22
FESX,2020-05-26 10:45:00,-53.78
FESX,2020-05-27 10:30:00,296.22
FESX,2020-06-01 10:45:00,-353.78
FESX,2020-06-09 11:00:00,-223.78
FESX,2020-06-10 11:15:00,206.22
FESX,2020-06-11 11:15:00,796.22
FESX,2020-06-18 11:15:00,-363.78
FESX,2020-06-22 11:15:00,-113.78
FESX,2020-06-24 10:45:00,506.22
FESX,2020-06-26 11:15:00,-463.78
FESX,2020-06-30 11:15:00,-223.78
FESX,2020-07-07 11:00:00,-163.78
FESX,2020-07-20 11:15:00,136.22
FESX,2020-07-30 11:00:00,356.22
FESX,2020-08-06 10:30:00,156.22
FESX,2020-08-07 11:00:00,-213.78
FESX,2020-08-10 10:45:00,-173.78
FESX,2020-08-11 11:15:00,-113.78
FESX,2020-08-14 10:30:00,-43.78
FESX,2020-08-18 10:45:00,-263.78
FESX,2020-08-20 10:45:00,-203.78
FESX,2020-08-24 11:15:00,-23.78
FESX,2020-08-27 10:45:00,156.22
FESX,2020-09-01 10:45:00,96.22
FESX,2020-09-02 10:45:00,136.22
FESX,2020-09-08 10:45:00,186.22
FESX,2020-09-15 11:15:00,66.22
FESX,2020-09-21 11:15:00,206.22
FESX,2020-09-23 11:15:00,-403.78
FESX,2020-09-25 10:45:00,76.22
FESX,2020-09-30 10:30:00,-163.78
FESX,2020-10-01 11:15:00,-73.78
FESX,2020-10-12 11:00:00,186.22
FESX,2020-10-15 10:45:00,-23.78
FESX,2020-10-21 11:00:00,156.22
FESX,2020-10-23 10:30:00,6.22
FESX,2020-10-27 10:45:00,126.22
FESX,2020-11-02 10:30:00,466.22
FESX,2020-11-03 11:15:00,186.22
FESX,2020-11-04 11:00:00,566.22
FESX,2020-11-10 10:45:00,176.22
FESX,2020-11-12 11:00:00,-343.78
FESX,2020-11-19 10:30:00,-33.78
FESX,2020-12-03 11:00:00,-143.78
FESX,2020-12-04 11:15:00,36.22
FESX,2020-12-08 11:00:00,-113.78
FESX,2020-12-21 11:15:00,-163.78
FESX,2020-12-30 10:30:00,106.22
FESX,2021-01-04 10:45:00,-593.78
FESX,2021-01-05 10:30:00,66.22
FESX,2021-01-22 11:00:00,-293.78
FESX,2021-01-26 10:45:00,46.22
FESX,2021-02-01 11:15:00,-183.78
FESX,2021-02-02 10:45:00,16.22
FESX,2021-02-09 10:45:00,-73.78
FESX,2021-02-15 10:30:00,106.22
FESX,2021-02-17 10:45:00,86.22
FESX,2021-02-18 11:00:00,156.22
FESX,2021-02-23 10:45:00,-163.78
FESX,2021-03-02 11:15:00,76.22
FESX,2021-03-16 10:45:00,76.22
FESX,2021-03-23 11:00:00,-193.78
FESX,2021-04-06 11:15:00,-53.78
FESX,2021-04-09 11:15:00,-13.78
FESX,2021-04-20 11:15:00,446.22
FESX,2021-04-21 11:00:00,-173.78
FESX,2021-05-03 11:00:00,-123.78
FESX,2021-05-12 10:45:00,66.22
FESX,2021-05-13 10:30:00,-973.78
FESX,2021-05-20 11:15:00,-483.78
FESX,2021-06-24 11:15:00,86.22
FESX,2021-06-30 10:45:00,126.22
FESX,2021-07-07 11:15:00,-113.78
FESX,2021-07-09 11:15:00,266.22
FESX,2021-07-12 10:45:00,406.22
FESX,2021-07-19 11:15:00,336.22
FESX,2021-07-21 11:00:00,196.22
FESX,2021-07-26 11:15:00,186.22
FESX,2021-07-28 10:45:00,136.22
FESX,2021-07-30 10:45:00,-83.78
FESX,2021-08-06 11:15:00,156.22
FESX,2021-08-13 11:15:00,-63.78
FESX,2021-08-19 10:45:00,-383.78
FESX,2021-09-02 10:30:00,-93.78
FESX,2021-09-08 10:45:00,-203.78
FESX,2021-09-10 11:15:00,-283.78
FESX,2021-09-22 11:15:00,236.22
FESX,2021-09-24 11:15:00,-103.78
FESX,2021-09-28 10:45:00,466.22
FESX,2021-09-30 10:45:00,656.22
FESX,2021-10-04 11:00:00,56.22
FESX,2021-10-05 11:15:00,366.22
FESX,2021-10-13 11:00:00,146.22
FESX,2021-10-14 10:30:00,296.22
FESX,2021-10-15 10:45:00,136.22
FESX,2021-10-19 10:45:00,36.22
FESX,2021-10-22 11:15:00,-53.78
FESX,2021-10-26 10:30:00,-53.78
FESX,2021-10-28 11:15:00,26.22
FESX,2021-11-11 11:00:00,16.22
FESX,2021-11-19 11:00:00,86.22
FESX,2021-11-22 11:15:00,256.22
FESX,2021-11-24 11:15:00,-63.78
FESX,2021-12-01 10:30:00,446.22
FESX,2021-12-02 10:45:00,26.22
FESX,2021-12-06 11:15:00,-553.78
FESX,2021-12-07 10:30:00,466.22
FESX,2021-12-13 10:45:00,-493.78
FESX,2021-12-14 11:15:00,406.22
FESX,2021-12-17 10:45:00,126.22
FESX,2021-12-20 10:45:00,-643.78
FESX,2021-12-21 11:15:00,-623.78
FESX,2021-12-23 10:30:00,246.22
FESX,2021-12-28 10:30:00,-3.78
FESX,2021-12-30 11:15:00,86.22
FESX,2022-01-04 10:45:00,116.22
FESX,2022-01-05 10:45:00,56.22
FESX,2022-01-11 11:00:00,-103.78
FESX,2022-01-12 10:45:00,56.22
FESX,2022-01-17 11:00:00,56.22
FESX,2022-01-18 10:45:00,-203.78
FESX,2022-01-24 10:30:00,1576.22
FESX,2022-01-27 10:30:00,476.22
FESX,2022-02-02 11:15:00,-303.78
FESX,2022-02-03 10:45:00,616.22
FESX,2022-02-07 11:15:00,-283.78
FESX,2022-02-09 10:30:00,66.22
FESX,2022-02-21 10:45:00,946.22
FESX,2022-02-22 11:15:00,-303.78
FESX,2022-02-23 10:30:00,-523.78
FESX,2022-03-01 10:45:00,1056.22
FESX,2022-03-04 10:45:00,506.22
FESX,2022-03-09 11:00:00,1066.22
FESX,2022-03-11 10:45:00,16.22
FESX,2022-03-14 10:45:00,-193.78
FESX,2022-03-15 10:30:00,-663.78
FESX,2022-03-23 11:15:00,526.22
FESX,2022-03-31 10:30:00,516.22
FESX,2022-04-06 10:30:00,516.22
FESX,2022-04-08 10:30:00,-113.78
FESX,2022-04-11 10:45:00,-53.78
FESX,2022-04-20 11:00:00,266.22
FESX,2022-04-21 10:30:00,-423.78
FESX,2022-05-03 11:15:00,66.22
FESX,2022-05-09 10:30:00,276.22
FESX,2022-05-11 10:45:00,266.22
FESX,2022-05-12 11:15:00,-513.78
FESX,2022-05-17 10:45:00,16.22
FESX,2022-05-20 11:15:00,-523.78
FESX,2022-05-25 10:45:00,-183.78
FESX,2022-05-27 11:00:00,426.22
FESX,2022-05-31 10:45:00,-273.78
FESX,2022-06-01 10:45:00,316.22
FESX,2022-06-06 10:30:00,-83.78
FESX,2022-06-13 10:45:00,-93.78
FESX,2022-06-15 10:45:00,116.22
FESX,2022-06-27 10:30:00,-643.78
FESX,2022-06-28 10:45:00,-333.78
FESX,2022-07-05 10:45:00,546.22
FESX,2022-07-06 11:15:00,-233.78
FESX,2022-07-13 11:15:00,-63.78
FESX,2022-07-14 11:00:00,76.22
FESX,2022-07-15 11:00:00,276.22
FESX,2022-07-18 11:00:00,-103.78
FESX,2022-07-19 11:15:00,886.22
FESX,2022-07-29 10:45:00,156.22
FESX,2022-08-16 10:45:00,-13.78
FESX,2022-08-19 11:00:00,156.22
FESX,2022-08-22 10:30:00,16.22
FESX,2022-09-01 11:00:00,-43.78
FESX,2022-09-05 10:30:00,-433.78
FESX,2022-09-09 10:45:00,-53.78
FESX,2022-09-12 11:00:00,186.22
FESX,2022-09-22 11:15:00,-473.78
FESX,2022-09-27 11:00:00,576.22
FESX,2022-10-04 10:30:00,506.22
FESX,2022-10-17 10:30:00,496.22
FESX,2022-10-21 10:30:00,-413.78
FESX,2022-11-04 10:30:00,486.22
FESX,2022-11-08 11:00:00,226.22
FESX,2022-11-17 10:30:00,-33.78
FESX,2022-11-18 10:30:00,-13.78
FESX,2022-11-22 10:45:00,56.22
FESX,2022-11-29 10:30:00,-103.78
FESX,2022-11-30 10:45:00,-173.78
FESX,2022-12-07 11:15:00,6.22
FESX,2022-12-12 11:00:00,-73.78
FESX,2022-12-21 10:30:00,356.22
FESX,2022-12-27 10:30:00,46.22
FESX,2022-12-30 10:30:00,296.22
FESX,2023-01-02 10:30:00,86.22
FESX,2023-01-03 10:30:00,-323.78
FESX,2023-01-06 11:15:00,586.22
FESX,2023-01-11 10:30:00,216.22
FESX,2023-01-12 10:30:00,206.22
FESX,2023-01-13 10:30:00,46.22
FESX,2023-01-19 10:30:00,476.22
FESX,2023-01-25 11:00:00,-83.78
FESX,2023-02-06 10:30:00,16.22
FESX,2023-02-08 10:45:00,-213.78
FESX,2023-02-20 11:00:00,-23.78
FESX,2023-02-21 10:30:00,-263.78
FESX,2023-02-27 11:15:00,16.22
FESX,2023-03-09 11:00:00,-243.78
FESX,2023-03-13 10:30:00,396.22
FESX,2023-03-15 10:30:00,906.22
FESX,2023-03-16 10:30:00,-823.78
FESX,2023-03-23 10:45:00,16.22
FESX,2023-03-24 11:00:00,-153.78
FESX,2023-03-29 11:00:00,326.22
FESX,2023-03-31 11:00:00,296.22
FESX,2023-04-04 10:45:00,-153.78
FESX,2023-04-28 10:45:00,-393.78
FESX,2023-05-02 10:30:00,376.22
FESX,2023-05-10 10:30:00,56.22
FESX,2023-05-12 10:45:00,-263.78
FESX,2023-05-18 10:30:00,-153.78
FESX,2023-06-02 10:30:00,266.22
FESX,2023-06-08 11:00:00,46.22
FESX,2023-06-12 10:30:00,-63.78
FESX,2023-06-16 11:15:00,96.22
FESX,2023-06-20 11:00:00,-33.78
FESX,2023-06-29 10:45:00,66.22
FESX,2023-06-30 10:30:00,366.22
FESX,2023-07-06 10:45:00,616.22
FESX,2023-07-12 10:30:00,306.22
FESX,2023-07-17 11:15:00,36.22
FESX,2023-07-19 11:00:00,-253.78
FESX,2023-07-21 11:15:00,166.22
FESX,2023-07-25 10:45:00,-103.78
FESX,2023-07-26 10:45:00,126.22
FESX,2023-07-27 10:30:00,556.22
FESX,2023-08-01 10:45:00,396.22
FESX,2023-08-02 10:30:00,126.22
FESX,2023-08-04 10:30:00,36.22
FESX,2023-08-07 11:15:00,-363.78
FESX,2023-08-09 11:15:00,-363.78
FESX,2023-08-11 10:30:00,126.22
FESX,2023-08-23 10:45:00,-223.78
FESX,2023-08-29 11:00:00,276.22
FESX,2023-09-08 10:45:00,-353.78
FESX,2023-09-13 11:15:00,-133.78
FESX,2023-09-20 11:00:00,136.22
FESX,2023-09-25 10:45:00,146.22
FESX,2023-10-05 10:30:00,-93.78
FESX,2023-10-09 11:15:00,-173.78
FESX,2023-10-11 11:15:00,26.22
FESX,2023-10-12 11:00:00,-243.78
FESX,2023-10-17 11:15:00,-283.78
FESX,2023-10-25 11:00:00,56.22
FESX,2023-10-27 11:00:00,-463.78
FESX,2023-10-30 10:45:00,-73.78
FESX,2023-10-31 10:30:00,76.22
FESX,2023-11-02 10:30:00,236.22
FESX,2023-11-07 10:45:00,-13.78
FESX,2023-11-09 11:00:00,276.22
FESX,2023-11-13 10:30:00,6.22
FESX,2023-11-14 10:30:00,386.22
FESX,2023-11-30 10:45:00,86.22
FESX,2023-12-01 10:30:00,106.22
FESX,2023-12-05 10:45:00,236.22
FESX,2023-12-08 10:45:00,256.22
FESX,2023-12-11 10:45:00,126.22
FESX,2023-12-20 10:30:00,-253.78
FESX,2023-12-28 10:30:00,46.22
FESX,2024-01-03 10:30:00,376.22
FESX,2024-01-08 11:00:00,-443.78
FESX,2024-01-10 10:45:00,-123.78
FESX,2024-01-26 11:15:00,216.22
FESX,2024-02-08 10:45:00,86.22
FESX,2024-02-27 10:45:00,6.22
FESX,2024-03-01 10:45:00,36.22
FESX,2024-03-13 10:45:00,86.22
FESX,2024-03-15 11:15:00,-183.78
FESX,2024-04-04 10:45:00,-113.78
FESX,2024-04-24 10:30:00,-483.78
FESX,2024-05-06 11:00:00,236.22
FESX,2024-05-07 11:00:00,376.22
FESX,2024-05-08 11:00:00,-23.78
FESX,2024-05-17 10:45:00,-243.78
FESX,2024-05-21 10:45:00,-33.78
FESX,2024-05-23 11:15:00,-23.78
FESX,2024-05-31 10:45:00,-163.78
FESX,2024-06-03 11:00:00,-413.78
FESX,2024-06-04 10:45:00,86.22
FESX,2024-06-06 10:45:00,-153.78
FESX,2024-06-14 10:30:00,696.22
FESX,2024-06-17 11:15:00,-283.78
FESX,2024-06-24 10:30:00,56.22
FESX,2024-07-03 11:15:00,206.22
FESX,2024-07-08 10:45:00,-603.78
FESX,2024-07-15 10:30:00,-453.78
FESX,2024-07-16 10:30:00,-113.78
FESX,2024-07-17 10:30:00,146.22
FESX,2024-07-22 10:45:00,266.22
FESX,2024-07-23 10:45:00,-123.78
FESX,2024-07-26 10:30:00,306.22
FESX,2024-07-30 10:45:00,-83.78
FESX,2024-08-01 10:45:00,616.22
FESX,2024-08-09 10:30:00,-203.78
FESX,2024-08-13 10:45:00,-153.78
FESX,2024-08-14 11:00:00,-3.78
FESX,2024-08-26 10:45:00,-73.78
FESX,2024-08-27 10:45:00,-103.78
FESX,2024-09-06 11:15:00,506.22
FESX,2024-09-10 11:15:00,526.22
FESX,2024-09-11 11:15:00,-243.78
FESX,2024-09-16 10:30:00,-143.78
FESX,2024-09-19 11:15:00,426.22
FESX,2024-09-24 10:30:00,-93.78
FESX,2024-09-26 10:30:00,306.22
FESX,2024-09-27 11:00:00,176.22
FESX,2024-10-09 10:30:00,346.22
FESX,2024-10-23 11:15:00,-33.78
FESX,2024-10-24 10:45:00,-373.78
FESX,2024-10-30 10:30:00,256.22
FESX,2024-11-04 11:15:00,-423.78
FESX,2024-11-05 10:30:00,116.22
FESX,2024-11-08 11:15:00,116.22
FESX,2024-11-14 10:45:00,226.22
FESX,2024-11-15 10:30:00,-283.78
FESX,2024-11-19 11:00:00,-303.78
FESX,2024-11-22 10:45:00,-653.78
FESX,2024-11-27 11:00:00,-123.78
FESX,2024-11-29 11:15:00,496.22
FESX,2024-12-19 10:45:00,216.22
FESX,2024-12-27 11:15:00,-23.78
FESX,2025-01-03 10:45:00,-303.78
FESX,2025-01-06 10:30:00,706.22
FESX,2025-01-07 10:30:00,106.22
FESX,2025-01-13 10:45:00,-323.78
FESX,2025-01-16 11:00:00,236.22
FESX,2025-01-17 10:30:00,26.22
FESX,2025-01-23 11:15:00,326.22
FESX,2025-01-28 10:45:00,-113.78
FESX,2025-02-13 11:00:00,316.22
FESX,2025-02-14 10:30:00,-253.78
FESX,2025-02-17 10:45:00,186.22
FESX,2025-03-03 11:00:00,726.22
FESX,2025-03-05 11:00:00,-43.78
FESX,2025-03-10 10:30:00,386.22
FESX,2025-03-17 11:15:00,446.22
FESX,2025-03-19 11:15:00,-13.78
FESX,2025-03-20 10:30:00,416.22
FESX,2025-03-24 11:00:00,226.22
FESX,2025-03-25 11:15:00,196.22
FESX,2025-03-26 10:30:00,486.22
FESX,2025-03-28 11:00:00,236.22
FESX,2025-04-01 11:00:00,76.22
FESX,2025-04-02 11:15:00,146.22
FESX,2025-04-04 10:30:00,1816.22
FESX,2025-04-08 10:45:00,-1253.78
FESX,2025-04-09 10:45:00,16.22
FESX,2025-04-11 11:15:00,-683.78
FESX,2025-04-15 11:15:00,116.22
FESX,2025-04-16 11:00:00,-73.78
FESX,2025-04-23 10:45:00,106.22
FESX,2025-04-28 11:15:00,-213.78
FESX,2025-05-07 11:15:00,176.22
FESX,2025-05-08 11:00:00,216.22
FESX,2025-05-12 11:15:00,-113.78
FESX,2025-05-19 11:15:00,-483.78
FESX,2025-05-20 11:00:00,206.22
FESX,2025-05-26 10:30:00,-103.78
FESX,2025-05-29 10:45:00,396.22
FESX,2025-06-04 10:30:00,-103.78
FESX,2025-06-10 10:45:00,-163.78
FESX,2025-06-12 10:30:00,-243.78
FESX,2025-06-13 11:00:00,-133.78
FESX,2025-06-18 11:00:00,146.22
FESX,2025-06-20 11:15:00,6.22
FESX,2025-06-23 10:30:00,-413.78
FESX,2025-07-01 10:45:00,-3.78
FESX,2025-07-02 10:45:00,86.22
FESX,2025-07-04 11:15:00,-23.78
FESX,2025-07-07 10:45:00,-353.78
FESX,2025-07-09 10:30:00,426.22
FESX,2025-07-11 10:45:00,136.22
FESX,2025-07-14 10:45:00,-363.78
FESX,2025-07-23 10:45:00,436.22
FESX,2025-07-30 11:15:00,196.22
FESX,2025-08-01 11:00:00,496.22
FESX,2025-08-07 10:30:00,396.22
FESX,2025-08-13 10:45:00,66.22
FESX,2025-08-15 10:30:00,-163.78
FESX,2025-08-19 10:45:00,156.22
FESX,2025-08-20 11:15:00,-13.78
FESX,2025-08-22 10:30:00,86.22
FESX,2025-09-04 10:45:00,-193.78
FESX,2025-09-11 10:30:00,176.22
FESX,2025-09-12 10:45:00,-263.78
FESX,2025-09-15 10:45:00,-43.78
FESX,2025-09-18 11:15:00,226.22
FESX,2025-09-19 10:30:00,-313.78
FESX,2025-09-22 10:45:00,-3.78
FESX,2025-09-23 10:45:00,-3.78
FESX,2025-09-24 10:30:00,-23.78
FESX,2025-09-25 11:00:00,-93.78
FESX,2025-09-29 11:15:00,-73.78
FESX,2025-10-01 11:15:00,796.22
FESX,2025-10-02 10:45:00,36.22
FESX,2025-10-10 11:00:00,936.22
FESX,2025-10-15 10:30:00,-373.78
FESX,2025-10-16 10:30:00,256.22
FESX,2025-10-22 10:45:00,206.22
FESX,2025-10-24 10:30:00,-83.78
FESX,2025-10-27 11:15:00,36.22
GC,2019-01-07 15:40:00,-306.12
GC,2019-01-09 15:45:00,593.88
GC,2019-01-11 16:35:00,-346.12
GC,2019-01-14 15:40:00,-126.12
GC,2019-01-15 15:40:00,-356.12
GC,2019-01-16 15:40:00,233.88
GC,2019-01-25 15:40:00,1103.88
GC,2019-01-28 15:50:00,323.88
GC,2019-01-29 15:40:00,313.88
GC,2019-01-31 15:40:00,-366.12
GC,2019-02-01 15:40:00,-566.12
GC,2019-02-08 15:40:00,113.88
GC,2019-02-12 15:40:00,-86.12
GC,2019-02-13 15:55:00,-696.12
GC,2019-02-15 15:40:00,503.88
GC,2019-02-18 15:40:00,3.88
GC,2019-02-19 15:40:00,763.88
GC,2019-02-20 15:40:00,-536.12
GC,2019-02-25 15:40:00,-496.12
GC,2019-03-08 15:40:00,-96.12
GC,2019-03-11 16:10:00,43.88
GC,2019-03-15 15:25:00,-386.12
GC,2019-03-18 16:05:00,-216.12
GC,2019-03-19 16:35:00,-176.12
GC,2019-03-25 15:20:00,53.88
GC,2019-04-01 15:40:00,-796.12
GC,2019-04-05 16:40:00,43.88
GC,2019-04-08 15:40:00,-406.12
GC,2019-04-09 15:40:00,-66.12
GC,2019-04-10 15:40:00,303.88
GC,2019-04-18 16:00:00,-86.12
GC,2019-04-24 16:35:00,183.88
GC,2019-04-25 15:40:00,-246.12
GC,2019-04-26 15:40:00,153.88
GC,2019-04-30 15:45:00,33.88
GC,2019-05-01 16:15:00,-696.12
GC,2019-05-03 15:45:00,83.88
GC,2019-05-07 15:40:00,303.88
GC,2019-05-08 15:40:00,-636.12
GC,2019-05-09 15:55:00,-26.12
GC,2019-05-10 15:40:00,3.88
GC,2019-05-13 15:40:00,123.88
GC,2019-05-15 15:40:00,-316.12
GC,2019-05-23 15:40:00,323.88
GC,2019-05-24 16:10:00,273.88
GC,2019-05-27 15:40:00,-116.12
GC,2019-05-29 15:40:00,-276.12
GC,2019-05-30 16:20:00,633.88
GC,2019-05-31 15:40:00,653.88
GC,2019-06-03 15:40:00,1203.88
GC,2019-06-05 15:40:00,-856.12
GC,2019-06-06 15:40:00,33.88
GC,2019-06-07 15:40:00,-266.12
GC,2019-06-12 15:40:00,113.88
GC,2019-06-13 15:40:00,713.88
GC,2019-06-14 15:40:00,-576.12
GC,2019-06-17 15:40:00,-346.12
GC,2019-06-18 15:40:00,-676.12
GC,2019-06-19 16:25:00,1483.88
GC,2019-06-20 15:40:00,483.88
GC,2019-06-21 15:40:00,143.88
GC,2019-06-24 15:40:00,1223.88
GC,2019-06-25 15:40:00,-566.12
GC,2019-06-28 16:05:00,-86.12
GC,2019-07-03 16:15:00,-126.12
GC,2019-07-04 16:35:00,-186.12
GC,2019-07-10 15:40:00,903.88
GC,2019-07-12 15:40:00,593.88
GC,2019-07-17 15:45:00,1593.88
GC,2019-07-18 16:20:00,2463.88
GC,2019-07-19 15:50:00,-1646.12
GC,2019-07-23 16:10:00,-1106.12
GC,2019-07-24 15:40:00,-56.12
GC,2019-07-26 15:40:00,-446.12
GC,2019-07-29 15:40:00,483.88
GC,2019-07-30 15:40:00,183.88
GC,2019-08-02 16:40:00,-386.12
GC,2019-08-05 15:40:00,73.88
GC,2019-08-06 16:20:00,673.88
GC,2019-08-07 15:40:00,243.88
GC,2019-08-09 16:30:00,-646.12
GC,2019-08-12 15:40:00,793.88
GC,2019-08-13 15:40:00,-3006.12
GC,2019-08-14 15:40:00,173.88
GC,2019-08-15 16:45:00,363.88
GC,2019-08-21 16:25:00,-136.12
GC,2019-08-23 15:40:00,2223.88
GC,2019-08-26 15:40:00,-316.12
GC,2019-08-27 15:40:00,1193.88
GC,2019-08-28 16:30:00,153.88
GC,2019-08-29 16:15:00,-1336.12
GC,2019-09-03 15:40:00,1083.88
GC,2019-09-04 16:20:00,383.88
GC,2019-09-12 15:40:00,-1536.12
GC,2019-09-13 15:40:00,-1666.12
GC,2019-09-16 15:40:00,-316.12
GC,2019-09-17 15:40:00,43.88
GC,2019-09-18 15:40:00,-1096.12
GC,2019-09-20 15:40:00,1383.88
GC,2019-09-23 15:40:00,333.88
GC,2019-09-24 16:15:00,1043.88
GC,2019-10-02 15:40:00,213.88
GC,2019-10-03 16:15:00,-1096.12
GC,2019-10-04 16:20:00,103.88
GC,2019-10-08 15:40:00,-156.12
GC,2019-10-09 15:45:00,-196.12
GC,2019-10-14 15:50:00,-86.12
GC,2019-10-17 15:40:00,-36.12
GC,2019-10-18 16:30:00,-116.12
GC,2019-10-21 15:40:00,-886.12
GC,2019-10-23 15:40:00,-116.12
GC,2019-10-24 15:40:00,493.88
GC,2019-10-25 15:40:00,-1046.12
GC,2019-10-30 16:15:00,203.88
GC,2019-10-31 15:20:00,-46.12
GC,2019-11-01 15:35:00,223.88
GC,2019-11-13 15:40:00,183.88
GC,2019-11-14 15:40:00,303.88
GC,2019-11-15 16:35:00,13.88
GC,2019-11-18 15:40:00,153.88
GC,2019-11-19 16:15:00,163.88
GC,2019-11-20 16:05:00,-96.12
GC,2019-11-22 15:40:00,-806.12
GC,2019-11-29 16:00:00,573.88
GC,2019-12-02 16:15:00,123.88
GC,2019-12-03 15:40:00,193.88
GC,2019-12-05 15:50:00,-66.12
GC,2019-12-10 15:40:00,-336.12
GC,2019-12-11 15:40:00,803.88
GC,2019-12-12 15:40:00,-1446.12
GC,2019-12-13 15:40:00,403.88
GC,2019-12-16 15:40:00,-136.12
GC,2019-12-18 16:40:00,-226.12
GC,2019-12-19 16:00:00,223.88
GC,2019-12-23 15:40:00,343.88
GC,2019-12-24 15:40:00,723.88
GC,2019-12-26 15:40:00,293.88
GC,2019-12-30 15:45:00,33.88
GC,2019-12-31 15:40:00,-166.12
GC,2020-01-02 15:40:00,23.88
GC,2020-01-03 15:40:00,823.88
GC,2020-01-06 15:40:00,-836.12
GC,2020-01-07 15:40:00,693.88
GC,2020-01-08 15:40:00,-1996.12
GC,2020-01-15 15:40:00,373.88
GC,2020-01-17 15:40:00,133.88
GC,2020-01-20 15:40:00,43.88
GC,2020-01-23 15:55:00,-96.12
GC,2020-01-24 16:00:00,703.88
GC,2020-01-27 15:40:00,-146.12
GC,2020-01-30 16:45:00,-856.12
GC,2020-01-31 15:40:00,683.88
GC,2020-02-06 15:40:00,193.88
GC,2020-02-07 15:40:00,-356.12
GC,2020-02-10 15:40:00,-156.12
GC,2020-02-11 15:45:00,-576.12
GC,2020-02-13 15:40:00,253.88
GC,2020-02-14 15:40:00,423.88
GC,2020-02-18 15:40:00,1133.88
GC,2020-02-19 15:40:00,723.88
GC,2020-02-20 15:40:00,443.88
GC,2020-02-21 15:40:00,133.88
GC,2020-02-24 15:40:00,-1796.12
GC,2020-02-25 16:30:00,-3006.12
GC,2020-02-27 15:40:00,-776.12
GC,2020-03-03 15:40:00,3813.88
GC,2020-03-05 15:40:00,1233.88
GC,2020-03-06 15:40:00,-3006.12
GC,2020-03-17 15:55:00,-426.12
GC,2020-03-20 16:05:00,-116.12
GC,2020-03-23 16:15:00,1753.88
GC,2020-03-24 16:20:00,2183.88
GC,2020-03-26 15:20:00,-3006.12
GC,2020-04-02 15:40:00,1223.88
GC,2020-04-03 15:45:00,873.88
GC,2020-04-06 15:40:00,3463.88
GC,2020-04-07 16:30:00,-1156.12
GC,2020-04-08 15:40:00,-1106.12
GC,2020-04-09 15:40:00,1163.88
GC,2020-04-13 16:35:00,2023.88
GC,2020-04-14 15:40:00,-1196.12
GC,2020-04-16 16:20:00,-3006.12
GC,2020-04-22 15:40:00,763.88
GC,2020-04-23 15:40:00,-226.12
GC,2020-04-24 15:40:00,-3006.12
GC,2020-05-04 15:40:00,-376.12
GC,2020-05-05 15:55:00,353.88
GC,2020-05-07 16:05:00,2603.88
GC,2020-05-08 15:50:00,-1916.12
GC,2020-05-12 16:10:00,-486.12
GC,2020-05-13 15:40:00,1123.88
GC,2020-05-14 15:45:00,433.88
GC,2020-05-15 15:40:00,523.88
GC,2020-05-19 16:30:00,193.88
GC,2020-05-20 16:00:00,-226.12
GC,2020-05-28 15:40:00,-996.12
GC,2020-05-29 15:40:00,-76.12
GC,2020-06-01 16:25:00,583.88
GC,2020-06-02 15:40:00,-1976.12
GC,2020-06-09 15:40:00,-126.12
GC,2020-06-10 15:40:00,1533.88
GC,2020-06-11 16:20:00,-1856.12
GC,2020-06-12 15:40:00,-1076.12
GC,2020-06-17 16:10:00,363.88
GC,2020-06-19 15:40:00,1383.88
GC,2020-06-22 15:40:00,-636.12
GC,2020-06-23 15:40:00,693.88
GC,2020-06-24 15:50:00,-1206.12
GC,2020-06-30 16:25:00,1083.88
GC,2020-07-06 15:40:00,-236.12
GC,2020-07-07 15:50:00,1373.88
GC,2020-07-08 15:40:00,-836.12
GC,2020-07-09 16:00:00,-1166.12
GC,2020-07-13 15:40:00,-1176.12
GC,2020-07-14 16:40:00,243.88
GC,2020-07-15 16:20:00,273.88
GC,2020-07-17 15:40:00,223.88
GC,2020-07-20 15:40:00,343.88
GC,2020-07-21 15:40:00,613.88
GC,2020-07-22 15:40:00,2123.88
GC,2020-07-23 15:55:00,913.88
GC,2020-07-24 15:40:00,-146.12
GC,2020-07-27 15:40:00,763.88
GC,2020-07-28 16:25:00,1053.88
GC,2020-07-29 15:40:00,973.88
GC,2020-07-30 15:50:00,-176.12
GC,2020-07-31 15:40:00,1723.88
GC,2020-08-03 16:20:00,1013.88
GC,2020-08-04 16:10:00,4263.88
GC,2020-08-05 15:40:00,-146.12
GC,2020-08-06 15:40:00,493.88
GC,2020-08-10 16:00:00,-1876.12
GC,2020-08-17 15:40:00,1503.88
GC,2020-08-18 15:40:00,-3006.12
GC,2020-08-24 15:40:00,-1316.12
GC,2020-08-26 15:50:00,2403.88
GC,2020-08-28 15:40:00,393.88
GC,2020-08-31 15:40:00,-336.12
GC,2020-09-01 15:40:00,-1636.12
GC,2020-09-09 15:40:00,93.88
GC,2020-09-10 15:40:00,-1496.12
GC,2020-09-11 15:40:00,-1276.12
GC,2020-09-14 15:40:00,-56.12
GC,2020-09-15 15:40:00,-956.12
GC,2020-09-16 15:40:00,-1016.12
GC,2020-09-28 15:40:00,693.88
GC,2020-09-29 15:40:00,1043.88
GC,2020-09-30 16:25:00,-336.12
GC,2020-10-01 15:40:00,143.88
GC,2020-10-05 15:40:00,263.88
GC,2020-10-06 15:40:00,-3006.12
GC,2020-10-08 15:40:00,-276.12
GC,2020-10-09 15:40:00,1133.88
GC,2020-10-12 16:00:00,-126.12
GC,2020-10-14 16:00:00,-966.12
GC,2020-10-16 16:00:00,-866.12
GC,2020-10-19 15:40:00,-366.12
GC,2020-10-20 15:40:00,853.88
GC,2020-10-27 16:30:00,-26.12
GC,2020-10-30 16:15:00,-336.12
GC,2020-11-02 15:40:00,533.88
GC,2020-11-03 15:40:00,373.88
GC,2020-11-04 16:10:00,-96.12
GC,2020-11-05 15:40:00,2083.88
GC,2020-11-12 15:40:00,23.88
GC,2020-11-13 15:40:00,-276.12
GC,2020-11-16 16:20:00,-36.12
GC,2020-11-20 15:40:00,-696.12
GC,2020-11-26 15:40:00,-246.12
GC,2020-12-01 15:40:00,733.88
GC,2020-12-02 16:00:00,1343.88
GC,2020-12-03 15:40:00,413.88
GC,2020-12-04 15:45:00,-686.12
GC,2020-12-07 15:40:00,2203.88
GC,2020-12-08 15:40:00,-96.12
GC,2020-12-11 16:00:00,-66.12
GC,2020-12-15 15:40:00,523.88
GC,2020-12-16 15:40:00,723.88
GC,2020-12-17 15:40:00,-636.12
GC,2020-12-18 16:20:00,-316.12
GC,2020-12-23 15:45:00,-236.12
GC,2020-12-24 16:00:00,313.88
GC,2020-12-28 15:40:00,-2026.12
GC,2020-12-29 15:40:00,-126.12
GC,2020-12-30 15:40:00,1173.88
GC,2020-12-31 15:40:00,63.88
GC,2021-01-04 15:40:00,373.88
GC,2021-01-05 15:40:00,443.88
GC,2021-01-13 16:00:00,-1416.12
GC,2021-01-20 15:40:00,1193.88
GC,2021-01-21 16:25:00,463.88
GC,2021-01-25 15:40:00,-666.12
GC,2021-01-26 16:05:00,-616.12
GC,2021-01-28 15:40:00,-1876.12
GC,2021-01-29 15:40:00,-1616.12
GC,2021-02-01 15:40:00,-446.12
GC,2021-02-08 15:40:00,-246.12
GC,2021-02-09 15:40:00,-506.12
GC,2021-02-10 15:40:00,-176.12
GC,2021-02-19 15:40:00,273.88
GC,2021-02-22 15:40:00,923.88
GC,2021-02-23 16:20:00,113.88
GC,2021-03-09 15:40:00,-156.12
GC,2021-03-10 15:40:00,1043.88
GC,2021-03-15 16:15:00,493.88
GC,2021-03-16 15:35:00,-866.12
GC,2021-03-17 15:30:00,1283.88
GC,2021-03-22 16:45:00,233.88
GC,2021-03-26 16:15:00,-156.12
GC,2021-04-01 15:40:00,603.88
GC,2021-04-05 16:00:00,243.88
GC,2021-04-06 15:40:00,543.88
GC,2021-04-07 16:05:00,-236.12
GC,2021-04-08 15:40:00,253.88
GC,2021-04-13 15:40:00,133.88
GC,2021-04-15 15:40:00,893.88
GC,2021-04-16 15:40:00,343.88
GC,2021-04-20 16:15:00,173.88
GC,2021-04-21 15:40:00,723.88
GC,2021-04-27 16:05:00,-706.12
GC,2021-05-03 15:40:00,503.88
GC,2021-05-04 16:10:00,-1946.12
GC,2021-05-06 15:40:00,1853.88
GC,2021-05-07 15:40:00,423.88
GC,2021-05-10 15:40:00,-896.12
GC,2021-05-14 15:40:00,653.88
GC,2021-05-17 15:40:00,1493.88
GC,2021-05-18 15:45:00,-66.12
GC,2021-05-19 15:45:00,-1286.12
GC,2021-05-20 16:00:00,-96.12
GC,2021-05-21 15:40:00,-366.12
GC,2021-05-24 15:50:00,-246.12
GC,2021-05-25 16:15:00,663.88
GC,2021-05-26 15:40:00,-1026.12
GC,2021-05-28 15:45:00,403.88
GC,2021-05-31 16:05:00,43.88
GC,2021-06-02 15:40:00,213.88
GC,2021-06-04 16:40:00,-336.12
GC,2021-06-08 16:15:00,-296.12
GC,2021-06-09 15:40:00,-636.12
GC,2021-06-10 15:55:00,583.88
GC,2021-06-21 16:20:00,463.88
GC,2021-06-23 15:40:00,-766.12
GC,2021-06-24 15:40:00,-936.12
GC,2021-06-25 15:40:00,-436.12
GC,2021-06-28 16:15:00,-346.12
GC,2021-07-01 15:40:00,-316.12
GC,2021-07-02 15:40:00,-286.12
GC,2021-07-05 15:40:00,-16.12
GC,2021-07-06 15:40:00,-1346.12
GC,2021-07-07 15:40:00,83.88
GC,2021-07-08 15:40:00,-916.12
GC,2021-07-09 15:40:00,473.88
GC,2021-07-12 16:40:00,93.88
GC,2021-07-13 15:40:00,-506.12
GC,2021-07-14 15:40:00,163.88
GC,2021-07-16 15:50:00,-1336.12
GC,2021-07-20 15:40:00,-1176.12
GC,2021-07-27 15:40:00,-456.12
GC,2021-07-29 15:40:00,223.88
GC,2021-08-04 15:40:00,-2126.12
GC,2021-08-11 15:40:00,603.88
GC,2021-08-13 15:40:00,1583.88
GC,2021-08-16 15:40:00,533.88
GC,2021-08-17 15:45:00,-406.12
GC,2021-08-20 15:40:00,-366.12
GC,2021-08-23 15:40:00,3.88
GC,2021-08-24 16:00:00,-406.12
GC,2021-08-27 16:00:00,2433.88
GC,2021-08-30 15:55:00,-436.12
GC,2021-08-31 15:50:00,-36.12
GC,2021-09-01 15:40:00,-246.12
GC,2021-09-03 15:40:00,283.88
GC,2021-09-06 16:05:00,-26.12
GC,2021-09-10 16:40:00,-1006.12
GC,2021-09-13 16:10:00,-166.12
GC,2021-09-14 15:40:00,1063.88
GC,2021-09-20 16:35:00,93.88
GC,2021-09-21 15:40:00,123.88
GC,2021-09-27 15:40:00,-176.12
GC,2021-09-30 15:40:00,1493.88
GC,2021-10-01 16:45:00,-276.12
GC,2021-10-04 16:10:00,1433.88
GC,2021-10-07 16:10:00,-576.12
GC,2021-10-08 15:40:00,-2096.12
GC,2021-10-12 15:40:00,93.88
GC,2021-10-13 15:40:00,2123.88
GC,2021-10-14 15:40:00,-106.12
GC,2021-10-19 15:40:00,-956.12
GC,2021-10-20 15:40:00,503.88
GC,2021-10-22 15:40:00,-1476.12
GC,2021-10-25 15:40:00,383.88
GC,2021-10-28 15:40:00,-806.12
GC,2021-11-02 15:45:00,-276.12
GC,2021-11-05 16:05:00,1653.88
GC,2021-11-08 15:40:00,323.88
GC,2021-11-09 15:40:00,493.88
GC,2021-11-10 15:40:00,-1166.12
GC,2021-11-11 15:40:00,-26.12
GC,2021-11-12 16:15:00,333.88
GC,2021-11-16 15:45:00,-1436.12
GC,2021-11-17 15:40:00,113.88
GC,2021-11-19 16:30:00,-1766.12
GC,2021-11-25 15:40:00,-286.12
GC,2021-11-26 15:40:00,-1736.12
GC,2021-11-30 15:40:00,-2076.12
GC,2021-12-01 15:40:00,-266.12
GC,2021-12-06 16:15:00,-206.12
GC,2021-12-07 15:45:00,373.88
GC,2021-12-08 16:15:00,3.88
GC,2021-12-10 15:40:00,33.88
GC,2021-12-13 15:40:00,103.88
GC,2021-12-16 15:40:00,983.88
GC,2021-12-17 15:40:00,-786.12
GC,2021-12-22 15:40:00,1073.88
GC,2021-12-23 16:15:00,303.88
GC,2021-12-27 16:15:00,83.88
GC,2021-12-28 15:45:00,-866.12
GC,2021-12-30 15:45:00,653.88
GC,2021-12-31 15:40:00,483.88
GC,2022-01-04 16:35:00,-6.12
GC,2022-01-05 15:40:00,-1656.12
GC,2022-01-11 15:40:00,1723.88
GC,2022-01-12 16:20:00,193.88
GC,2022-01-14 15:55:00,-596.12
GC,2022-01-19 15:40:00,1673.88
GC,2022-01-20 15:40:00,-476.12
GC,2022-01-21 15:40:00,-496.12
GC,2022-01-25 15:55:00,-386.12
GC,2022-01-31 15:40:00,-116.12
GC,2022-02-01 15:40:00,-426.12
GC,2022-02-02 15:40:00,243.88
GC,2022-02-04 15:50:00,183.88
GC,2022-02-07 15:40:00,643.88
GC,2022-02-08 16:25:00,163.88
GC,2022-02-09 15:40:00,613.88
GC,2022-02-10 15:50:00,-556.12
GC,2022-02-11 16:30:00,2393.88
GC,2022-02-14 16:05:00,463.88
GC,2022-02-16 15:40:00,763.88
GC,2022-02-17 15:40:00,713.88
GC,2022-02-18 16:45:00,333.88
GC,2022-02-21 15:55:00,163.88
GC,2022-02-22 15:40:00,-596.12
GC,2022-02-23 15:40:00,793.88
GC,2022-02-24 15:40:00,-3006.12
GC,2022-02-28 15:40:00,-6.12
GC,2022-03-01 15:40:00,2673.88
GC,2022-03-02 16:05:00,-116.12
GC,2022-03-04 15:40:00,1703.88
GC,2022-03-07 15:40:00,2123.88
GC,2022-03-08 15:40:00,3463.88
GC,2022-03-23 15:55:00,1073.88
GC,2022-03-24 15:25:00,-176.12
GC,2022-03-25 16:15:00,253.88
GC,2022-03-30 15:40:00,303.88
GC,2022-03-31 15:40:00,-226.12
GC,2022-04-04 15:45:00,-216.12
GC,2022-04-05 15:40:00,-1906.12
GC,2022-04-06 15:40:00,-576.12
GC,2022-04-07 15:40:00,263.88
GC,2022-04-08 15:40:00,953.88
GC,2022-04-11 15:40:00,-996.12
GC,2022-04-12 15:40:00,-216.12
GC,2022-04-13 15:40:00,-136.12
GC,2022-04-18 15:40:00,-1266.12
GC,2022-04-29 15:40:00,-1206.12
GC,2022-05-05 15:40:00,-2426.12
GC,2022-05-06 16:00:00,-206.12
GC,2022-05-11 15:55:00,-506.12
GC,2022-05-17 16:35:00,-886.12
GC,2022-05-19 15:40:00,703.88
GC,2022-05-23 15:40:00,-296.12
GC,2022-05-24 15:40:00,603.88
GC,2022-05-27 15:40:00,-546.12
GC,2022-05-30 15:40:00,-426.12
GC,2022-06-02 15:40:00,453.88
GC,2022-06-03 16:00:00,-1346.12
GC,2022-06-07 16:00:00,-56.12
GC,2022-06-08 15:40:00,-86.12
GC,2022-06-15 15:40:00,923.88
GC,2022-06-16 16:35:00,2763.88
GC,2022-06-21 16:45:00,-996.12
GC,2022-06-22 15:40:00,-246.12
GC,2022-06-23 16:00:00,-2166.12
GC,2022-06-29 15:40:00,-1136.12
GC,2022-07-08 16:40:00,-406.12
GC,2022-07-18 15:40:00,-1186.12
GC,2022-07-19 15:40:00,-96.12
GC,2022-07-21 16:45:00,1173.88
GC,2022-07-22 15:40:00,83.88
GC,2022-07-28 15:40:00,543.88
GC,2022-07-29 16:35:00,823.88
GC,2022-08-01 15:40:00,263.88
GC,2022-08-02 15:40:00,-2116.12
GC,2022-08-04 15:40:00,1623.88
GC,2022-08-08 15:40:00,753.88
GC,2022-08-09 15:40:00,-536.12
GC,2022-08-10 16:00:00,-466.12
GC,2022-08-11 15:55:00,-726.12
GC,2022-08-12 15:40:00,763.88
GC,2022-08-23 15:55:00,13.88
GC,2022-08-24 16:05:00,543.88
GC,2022-08-25 15:40:00,83.88
GC,2022-09-02 15:40:00,23.88
GC,2022-09-05 16:45:00,3.88
GC,2022-09-07 16:40:00,673.88
GC,2022-09-09 15:40:00,253.88
GC,2022-09-12 15:40:00,-346.12
GC,2022-09-21 15:40:00,123.88
GC,2022-09-22 15:40:00,-786.12
GC,2022-09-28 15:40:00,1623.88
GC,2022-09-30 15:40:00,-956.12
GC,2022-10-03 15:40:00,3313.88
GC,2022-10-04 15:40:00,1623.88
GC,2022-10-17 15:40:00,-1546.12
GC,2022-10-18 15:40:00,-256.12
GC,2022-10-20 16:30:00,-1396.12
GC,2022-10-21 15:40:00,2283.88
GC,2022-10-24 16:00:00,-296.12
GC,2022-10-25 15:40:00,-366.12
GC,2022-10-26 15:40:00,-6.12
GC,2022-10-27 16:15:00,133.88
GC,2022-11-01 15:45:00,183.88
GC,2022-11-04 15:20:00,1223.88
GC,2022-11-08 16:00:00,3443.88
GC,2022-11-09 15:55:00,-716.12
GC,2022-11-10 15:40:00,1573.88
GC,2022-11-11 15:40:00,1153.88
GC,2022-11-14 16:05:00,193.88
GC,2022-11-16 16:45:00,-466.12
GC,2022-11-23 16:00:00,533.88
GC,2022-11-24 15:40:00,-66.12
GC,2022-11-25 16:05:00,233.88
GC,2022-11-29 15:40:00,-36.12
GC,2022-11-30 15:40:00,1073.88
GC,2022-12-01 15:40:00,473.88
GC,2022-12-07 15:40:00,493.88
GC,2022-12-08 15:40:00,83.88
GC,2022-12-09 15:40:00,-56.12
GC,2022-12-13 15:40:00,-816.12
GC,2022-12-14 15:50:00,-436.12
GC,2022-12-19 16:30:00,-786.12
GC,2022-12-20 15:40:00,1063.88
GC,2022-12-21 16:40:00,-676.12
GC,2022-12-27 15:40:00,803.88
GC,2022-12-29 15:40:00,163.88
GC,2022-12-30 15:40:00,143.88
GC,2023-01-03 15:40:00,-546.12
GC,2023-01-04 15:40:00,-286.12
GC,2023-01-06 15:40:00,1753.88
GC,2023-01-09 15:40:00,-366.12
GC,2023-01-10 15:40:00,-186.12
GC,2023-01-12 15:40:00,553.88
GC,2023-01-13 15:40:00,1513.88
GC,2023-01-16 16:00:00,-156.12
GC,2023-01-18 15:40:00,-2076.12
GC,2023-01-19 15:40:00,1573.88
GC,2023-01-20 15:55:00,123.88
GC,2023-01-24 16:25:00,1073.88
GC,2023-01-25 16:15:00,1103.88
GC,2023-02-01 15:40:00,1903.88
GC,2023-02-07 16:45:00,-76.12
GC,2023-02-08 15:45:00,-156.12
GC,2023-02-09 15:40:00,-2186.12
GC,2023-02-14 16:10:00,-676.12
GC,2023-02-17 16:45:00,393.88
GC,2023-02-20 15:40:00,-536.12
GC,2023-02-21 16:45:00,-676.12
GC,2023-02-28 15:55:00,1013.88
GC,2023-03-01 15:40:00,-336.12
GC,2023-03-02 16:05:00,-76.12
GC,2023-03-03 15:40:00,1313.88
GC,2023-03-09 15:40:00,293.88
GC,2023-03-10 15:40:00,1673.88
GC,2023-03-13 15:20:00,643.88
GC,2023-03-14 15:20:00,-226.12
GC,2023-03-16 15:25:00,-966.12
GC,2023-03-17 15:35:00,3403.88
GC,2023-03-23 15:35:00,913.88
GC,2023-03-24 15:20:00,-1616.12
GC,2023-03-29 16:45:00,-416.12
GC,2023-03-30 16:30:00,953.88
GC,2023-03-31 15:45:00,-1466.12
GC,2023-04-03 15:55:00,453.88
GC,2023-04-04 15:40:00,3183.88
GC,2023-04-05 15:40:00,-406.12
GC,2023-04-20 15:40:00,-126.12
GC,2023-04-26 15:40:00,-1786.12
GC,2023-04-28 16:45:00,3.88
GC,2023-05-01 15:40:00,-1796.12
GC,2023-05-02 15:40:00,2993.88
GC,2023-05-03 16:45:00,2163.88
GC,2023-05-04 15:50:00,933.88
GC,2023-05-09 15:40:00,823.88
GC,2023-05-10 16:00:00,-946.12
GC,2023-05-15 15:40:00,-86.12
GC,2023-05-22 16:45:00,-116.12
GC,2023-05-29 15:40:00,-436.12
GC,2023-05-30 15:40:00,443.88
GC,2023-05-31 15:40:00,-206.12
GC,2023-06-01 15:40:00,533.88
GC,2023-06-06 16:15:00,293.88
GC,2023-06-07 16:00:00,-2966.12
GC,2023-06-08 15:40:00,203.88
GC,2023-06-09 16:25:00,-396.12
GC,2023-06-13 15:40:00,-2046.12
GC,2023-06-14 15:40:00,-1596.12
GC,2023-06-15 16:00:00,663.88
GC,2023-06-16 15:50:00,-446.12
GC,2023-06-23 15:40:00,-1406.12
GC,2023-06-26 15:40:00,-286.12
GC,2023-06-27 15:40:00,-1526.12
GC,2023-06-30 15:40:00,873.88
GC,2023-07-03 15:40:00,-296.12
GC,2023-07-04 15:40:00,-486.12
GC,2023-07-05 15:40:00,-1336.12
GC,2023-07-07 15:40:00,-76.12
GC,2023-07-10 16:00:00,223.88
GC,2023-07-11 15:40:00,-56.12
GC,2023-07-12 15:40:00,553.88
GC,2023-07-13 16:20:00,-106.12
GC,2023-07-14 16:00:00,-476.12
GC,2023-07-18 15:40:00,1453.88
GC,2023-07-26 15:40:00,493.88
GC,2023-07-28 16:20:00,-56.12
GC,2023-07-31 15:40:00,-306.12
GC,2023-08-04 15:40:00,-36.12
GC,2023-08-10 15:50:00,-1256.12
GC,2023-08-21 15:40:00,-46.12
GC,2023-08-22 16:15:00,493.88
GC,2023-08-23 15:40:00,413.88
GC,2023-08-24 16:00:00,53.88
GC,2023-08-28 15:50:00,263.88
GC,2023-08-29 15:55:00,1693.88
GC,2023-08-30 15:40:00,-416.12
GC,2023-09-01 15:40:00,-1076.12
GC,2023-09-08 15:40:00,-456.12
GC,2023-09-11 15:40:00,-756.12
GC,2023-09-15 15:40:00,-226.12
GC,2023-09-18 15:40:00,813.88
GC,2023-09-19 15:55:00,-476.12
GC,2023-09-20 15:40:00,-556.12
GC,2023-09-25 16:05:00,-996.12
GC,2023-10-06 15:40:00,1073.88
GC,2023-10-09 15:40:00,1693.88
GC,2023-10-11 15:40:00,493.88
GC,2023-10-12 15:40:00,-736.12
GC,2023-10-13 15:40:00,2293.88
GC,2023-10-16 15:55:00,-96.12
GC,2023-10-17 15:40:00,53.88
GC,2023-10-18 15:40:00,-636.12
GC,2023-10-19 15:45:00,2083.88
GC,2023-10-20 15:40:00,203.88
GC,2023-10-25 15:40:00,123.88
GC,2023-10-26 16:45:00,723.88
GC,2023-10-27 16:20:00,2173.88
GC,2023-10-31 15:25:00,-2336.12
GC,2023-11-14 15:40:00,93.88
GC,2023-11-15 16:40:00,-176.12
GC,2023-11-16 15:40:00,693.88
GC,2023-11-17 15:40:00,-336.12
GC,2023-11-21 15:40:00,-556.12
GC,2023-11-22 15:45:00,-1156.12
GC,2023-11-24 15:40:00,-166.12
GC,2023-11-27 15:40:00,153.88
GC,2023-11-28 15:40:00,1453.88
GC,2023-11-29 15:50:00,113.88
GC,2023-12-01 16:15:00,2503.88
GC,2023-12-06 15:40:00,-736.12
GC,2023-12-07 15:40:00,-376.12
GC,2023-12-14 15:40:00,-716.12
GC,2023-12-15 16:25:00,-1896.12
GC,2023-12-19 15:40:00,783.88
GC,2023-12-20 16:45:00,-356.12
GC,2023-12-21 15:40:00,193.88
GC,2023-12-22 15:40:00,-1406.12
GC,2023-12-26 15:40:00,703.88
GC,2023-12-27 15:40:00,743.88
GC,2023-12-28 16:05:00,-1306.12
GC,2024-01-05 15:40:00,-76.12
GC,2024-01-11 15:40:00,-306.12
GC,2024-01-12 15:40:00,-1256.12
GC,2024-01-15 15:40:00,383.88
GC,2024-01-19 15:40:00,-126.12
GC,2024-01-22 16:25:00,-356.12
GC,2024-01-24 15:40:00,-1856.12
GC,2024-01-25 15:45:00,-206.12
GC,2024-01-29 15:40:00,373.88
GC,2024-01-30 15:40:00,-1046.12
GC,2024-01-31 15:40:00,-656.12
GC,2024-02-01 15:40:00,623.88
GC,2024-02-06 16:20:00,183.88
GC,2024-02-07 15:50:00,-576.12
GC,2024-02-15 15:40:00,-346.12
GC,2024-02-16 16:15:00,1183.88
GC,2024-02-19 15:40:00,73.88
GC,2024-02-20 15:40:00,-326.12
GC,2024-02-21 15:40:00,-216.12
GC,2024-02-23 16:10:00,893.88
GC,2024-02-27 15:40:00,-606.12
GC,2024-02-28 15:40:00,73.88
GC,2024-02-29 15:40:00,-296.12
GC,2024-03-01 15:40:00,3053.88
GC,2024-03-04 15:40:00,1843.88
GC,2024-03-05 15:40:00,-416.12
GC,2024-03-06 15:40:00,383.88
GC,2024-03-07 15:40:00,623.88
GC,2024-03-08 15:40:00,983.88
GC,2024-03-11 15:30:00,203.88
GC,2024-03-13 16:20:00,293.88
GC,2024-03-18 16:35:00,-66.12
GC,2024-03-25 16:00:00,-666.12
GC,2024-03-27 15:40:00,173.88
GC,2024-03-28 15:45:00,2383.88
GC,2024-04-01 15:40:00,-186.12
GC,2024-04-02 15:40:00,2253.88
GC,2024-04-04 16:15:00,-186.12
GC,2024-04-05 15:40:00,3513.88
GC,2024-04-08 16:35:00,1353.88
GC,2024-04-09 15:40:00,-336.12
GC,2024-04-10 16:20:00,-826.12
GC,2024-04-11 15:40:00,2853.88
GC,2024-04-12 15:40:00,-3006.12
GC,2024-04-16 16:45:00,1323.88
GC,2024-04-17 15:40:00,-3006.12
GC,2024-04-18 15:40:00,-876.12
GC,2024-04-19 15:40:00,713.88
GC,2024-04-25 16:45:00,-1066.12
GC,2024-04-26 15:40:00,-546.12
GC,2024-04-29 16:15:00,-86.12
GC,2024-05-06 15:40:00,-166.12
GC,2024-05-09 15:40:00,2653.88
GC,2024-05-10 15:40:00,-616.12
GC,2024-05-14 16:10:00,253.88
GC,2024-05-15 15:40:00,1783.88
GC,2024-05-16 16:45:00,133.88
GC,2024-05-17 15:40:00,1433.88
GC,2024-05-20 16:05:00,603.88
GC,2024-05-21 15:45:00,-726.12
GC,2024-05-27 15:40:00,403.88
GC,2024-05-28 15:40:00,83.88
GC,2024-05-31 15:40:00,-3006.12
GC,2024-06-03 16:15:00,1113.88
GC,2024-06-05 15:40:00,1383.88
GC,2024-06-06 15:40:00,1063.88
GC,2024-06-12 15:40:00,-1306.12
GC,2024-06-14 15:40:00,473.88
GC,2024-06-17 16:30:00,-496.12
GC,2024-06-18 16:05:00,283.88
GC,2024-06-20 15:40:00,2073.88
GC,2024-06-27 15:40:00,393.88
GC,2024-07-01 15:50:00,-96.12
GC,2024-07-03 15:40:00,463.88
GC,2024-07-04 15:40:00,-26.12
GC,2024-07-05 15:40:00,1213.88
GC,2024-07-08 16:10:00,-1926.12
GC,2024-07-10 15:40:00,-796.12
GC,2024-07-11 15:40:00,783.88
GC,2024-07-12 16:10:00,413.88
GC,2024-07-15 15:40:00,693.88
GC,2024-07-16 15:40:00,3173.88
GC,2024-07-17 15:40:00,-1766.12
GC,2024-07-18 16:10:00,-1976.12
GC,2024-07-23 15:40:00,733.88
GC,2024-07-24 15:40:00,-2256.12
GC,2024-07-29 15:40:00,-906.12
GC,2024-07-30 15:40:00,1423.88
GC,2024-07-31 15:40:00,2593.88
GC,2024-08-01 15:40:00,-966.12
GC,2024-08-02 15:40:00,-3006.12
GC,2024-08-07 15:40:00,-2056.12
GC,2024-08-08 15:40:00,1783.88
GC,2024-08-09 15:40:00,73.88
GC,2024-08-12 15:40:00,2373.88
GC,2024-08-16 15:40:00,1843.88
GC,2024-08-19 16:00:00,923.88
GC,2024-08-20 15:40:00,-1396.12
GC,2024-08-23 16:15:00,-106.12
GC,2024-08-26 15:40:00,-626.12
GC,2024-08-27 16:25:00,703.88
GC,2024-09-04 16:45:00,-316.12
GC,2024-09-05 15:40:00,-16.12
GC,2024-09-10 15:40:00,423.88
GC,2024-09-12 15:40:00,2113.88
GC,2024-09-13 15:40:00,-206.12
GC,2024-09-16 15:40:00,-276.12
GC,2024-09-17 16:20:00,-1136.12
GC,2024-09-19 15:40:00,993.88
GC,2024-09-20 15:40:00,1623.88
GC,2024-09-23 15:40:00,143.88
GC,2024-09-24 15:40:00,2323.88
GC,2024-09-25 15:40:00,-606.12
GC,2024-09-26 15:40:00,393.88
GC,2024-10-01 15:40:00,-46.12
GC,2024-10-02 16:00:00,-96.12
GC,2024-10-10 15:45:00,1053.88
GC,2024-10-11 15:40:00,683.88
GC,2024-10-14 15:55:00,-1136.12
GC,2024-10-15 16:20:00,803.88
GC,2024-10-16 15:40:00,-1046.12
GC,2024-10-17 15:40:00,963.88
GC,2024-10-18 15:40:00,1353.88
GC,2024-10-21 15:40:00,-1856.12
GC,2024-10-22 15:40:00,823.88
GC,2024-10-24 15:40:00,-536.12
GC,2024-10-25 16:15:00,1443.88
GC,2024-10-28 15:20:00,-126.12
GC,2024-10-29 15:30:00,423.88
GC,2024-10-30 16:30:00,823.88
GC,2024-11-05 15:40:00,-576.12
GC,2024-11-08 16:35:00,-606.12
GC,2024-11-18 15:40:00,273.88
GC,2024-11-19 15:40:00,453.88
GC,2024-11-20 15:40:00,983.88
GC,2024-11-21 15:40:00,13.88
GC,2024-11-22 15:40:00,2783.88
GC,2024-11-27 15:40:00,-1856.12
GC,2024-11-28 15:40:00,-456.12
GC,2024-11-29 15:40:00,223.88
GC,2024-12-02 16:30:00,-916.12
GC,2024-12-03 15:40:00,-826.12
GC,2024-12-04 15:40:00,-76.12
GC,2024-12-09 15:40:00,-916.12
GC,2024-12-10 15:40:00,903.88
GC,2024-12-11 15:40:00,2123.88
GC,2024-12-20 15:40:00,473.88
GC,2024-12-26 15:40:00,1143.88
GC,2024-12-31 15:45:00,973.88
GC,2025-01-02 15:40:00,873.88
GC,2025-01-07 15:40:00,-1196.12
GC,2025-01-08 15:40:00,-86.12
GC,2025-01-10 15:40:00,-1686.12
GC,2025-01-15 15:40:00,1723.88
GC,2025-01-16 15:40:00,-86.12
GC,2025-01-17 15:55:00,-526.12
GC,2025-01-21 15:45:00,1233.88
GC,2025-01-22 15:40:00,443.88
GC,2025-01-24 15:40:00,-616.12
GC,2025-01-29 15:45:00,-476.12
GC,2025-01-30 15:40:00,2473.88
GC,2025-01-31 16:10:00,-3006.12
GC,2025-02-03 15:40:00,-586.12
GC,2025-02-04 15:40:00,483.88
GC,2025-02-05 15:40:00,-806.12
GC,2025-02-07 15:40:00,-1076.12
GC,2025-02-10 15:40:00,613.88
GC,2025-02-13 15:40:00,1913.88
GC,2025-02-18 15:40:00,1343.88
GC,2025-02-20 15:45:00,313.88
GC,2025-02-24 15:40:00,1303.88
GC,2025-03-03 15:40:00,1273.88
GC,2025-03-04 15:40:00,343.88
GC,2025-03-05 15:50:00,433.88
GC,2025-03-07 15:45:00,-1096.12
GC,2025-03-11 15:20:00,-246.12
GC,2025-03-12 15:45:00,1953.88
GC,2025-03-13 15:45:00,3283.88
GC,2025-03-14 15:20:00,-876.12
GC,2025-03-18 16:35:00,253.88
GC,2025-03-19 16:20:00,1663.88
GC,2025-03-20 15:25:00,903.88
GC,2025-03-26 15:50:00,133.88
GC,2025-03-27 15:30:00,1033.88
GC,2025-03-28 16:20:00,713.88
GC,2025-03-31 15:40:00,1193.88
GC,2025-04-01 15:45:00,-3006.12
GC,2025-04-02 15:40:00,2363.88
GC,2025-04-08 16:45:00,-3006.12
GC,2025-04-09 15:40:00,1043.88
GC,2025-04-10 15:40:00,5523.88
GC,2025-04-11 15:40:00,-346.12
GC,2025-04-14 15:55:00,293.88
GC,2025-04-15 15:40:00,1023.88
GC,2025-04-16 15:40:00,3823.88
GC,2025-04-17 15:50:00,-3006.12
GC,2025-04-21 15:40:00,1533.88
GC,2025-04-22 15:40:00,-3006.12
GC,2025-04-28 16:30:00,3003.88
GC,2025-04-29 16:40:00,353.88
GC,2025-05-05 15:40:00,1973.88
GC,2025-05-06 15:40:00,3893.88
GC,2025-05-07 15:55:00,-3006.12
GC,2025-05-19 15:40:00,173.88
GC,2025-05-20 15:40:00,4883.88
GC,2025-05-21 15:40:00,593.88
GC,2025-05-22 16:35:00,-236.12
GC,2025-05-23 15:40:00,1573.88
GC,2025-05-29 15:40:00,3.88
GC,2025-06-02 15:40:00,2563.88
GC,2025-06-03 16:35:00,583.88
GC,2025-06-04 16:15:00,833.88
GC,2025-06-05 15:40:00,-3006.12
GC,2025-06-10 15:40:00,-2086.12
GC,2025-06-11 15:40:00,1853.88
GC,2025-06-12 15:40:00,-176.12
GC,2025-06-13 15:40:00,-986.12
GC,2025-06-18 15:45:00,-3006.12
GC,2025-06-23 15:45:00,-816.12
GC,2025-06-26 16:00:00,33.88
GC,2025-07-01 15:40:00,-866.12
GC,2025-07-02 15:40:00,1443.88
GC,2025-07-10 15:40:00,-76.12
GC,2025-07-11 15:40:00,-6.12
GC,2025-07-18 15:40:00,-696.12
GC,2025-07-21 15:40:00,1433.88
GC,2025-07-22 15:40:00,1613.88
GC,2025-07-23 15:55:00,-3006.12
GC,2025-08-01 15:40:00,1533.88
GC,2025-08-04 15:40:00,-136.12
GC,2025-08-05 15:45:00,223.88
GC,2025-08-06 16:35:00,-16.12
GC,2025-08-07 15:40:00,2193.88
GC,2025-08-08 15:40:00,-3006.12
GC,2025-08-13 15:40:00,23.88
GC,2025-08-20 15:40:00,583.88
GC,2025-08-22 16:15:00,1913.88
GC,2025-08-25 16:00:00,-456.12
GC,2025-08-26 15:40:00,2053.88
GC,2025-08-27 16:30:00,2143.88
GC,2025-08-28 15:40:00,1343.88
GC,2025-08-29 15:45:00,3273.88
GC,2025-09-01 15:40:00,-176.12
GC,2025-09-02 15:55:00,4683.88
GC,2025-09-03 15:40:00,-296.12
GC,2025-09-05 15:40:00,363.88
GC,2025-09-08 15:40:00,1193.88
GC,2025-09-09 15:40:00,-3006.12
GC,2025-09-10 15:40:00,-1176.12
GC,2025-09-12 15:40:00,-776.12
GC,2025-09-15 15:40:00,2743.88
GC,2025-09-16 15:40:00,-546.12
GC,2025-09-17 16:25:00,-3006.12
GC,2025-09-19 16:05:00,2313.88
GC,2025-09-22 15:40:00,3043.88
GC,2025-09-23 15:40:00,-3006.12
GC,2025-09-26 15:45:00,463.88
GC,2025-09-29 15:40:00,893.88
GC,2025-09-30 15:55:00,2993.88
GC,2025-10-01 15:40:00,-836.12
GC,2025-10-02 15:40:00,-3006.12
GC,2025-10-03 15:40:00,253.88
GC,2025-10-06 15:40:00,3253.88
GC,2025-10-07 15:40:00,1023.88
GC,2025-10-08 15:40:00,763.88
GC,2025-10-13 15:40:00,2093.88
GC,2025-10-14 15:50:00,1743.88
GC,2025-10-15 15:40:00,2253.88
GC,2025-10-16 15:40:00,6993.88
GC,2025-10-20 15:40:00,6993.88
GC,2025-10-23 15:40:00,-3006.12
GC,2025-10-24 16:20:00,-3006.12
NG,2013-01-28 16:00:00,83.88
NG,2013-01-29 16:00:00,-256.12
NG,2013-02-11 16:00:00,-256.12
NG,2013-02-14 16:00:00,493.88
NG,2013-02-21 16:00:00,-256.12
NG,2013-04-02 16:00:00,-256.12
NG,2013-04-25 16:00:00,-256.12
NG,2013-04-26 16:00:00,493.88
NG,2013-05-02 16:00:00,493.88
NG,2013-05-29 16:00:00,-46.12
NG,2013-05-30 16:00:00,-256.12
NG,2013-06-05 16:00:00,-256.12
NG,2013-06-06 16:00:00,493.88
NG,2013-06-11 16:00:00,263.88
NG,2013-06-13 16:00:00,-256.12
NG,2013-06-14 16:00:00,253.88
NG,2013-06-24 16:00:00,313.88
NG,2013-06-25 16:00:00,493.88
NG,2013-07-03 16:00:00,-256.12
NG,2013-07-05 16:00:00,133.88
NG,2013-07-22 16:00:00,-126.12
NG,2013-07-26 16:00:00,453.88
NG,2013-07-29 16:00:00,-256.12
NG,2013-08-07 16:00:00,143.88
NG,2013-08-13 16:00:00,-256.12
NG,2013-08-15 16:00:00,-256.12
NG,2013-09-06 16:00:00,323.88
NG,2013-09-12 16:00:00,-256.12
NG,2013-09-24 16:00:00,493.88
NG,2013-09-26 16:00:00,493.88
NG,2013-09-30 16:00:00,-216.12
NG,2013-10-03 16:00:00,263.88
NG,2013-10-22 16:00:00,-256.12
NG,2013-10-24 16:00:00,-256.12
NG,2013-10-28 15:15:00,183.88
NG,2013-10-29 15:15:00,493.88
NG,2013-10-31 15:15:00,23.88
NG,2013-11-01 15:15:00,-256.12
NG,2013-11-04 16:00:00,-16.12
NG,2013-11-05 16:00:00,-256.12
NG,2013-11-14 16:00:00,-256.12
NG,2013-12-27 16:00:00,23.88
NG,2013-12-31 16:00:00,493.88
NG,2014-01-03 16:00:00,493.88
NG,2014-01-09 16:00:00,-256.12
NG,2014-01-10 16:00:00,-256.12
NG,2014-01-20 16:00:00,-26.12
NG,2014-03-10 15:30:00,-256.12
NG,2014-03-12 15:15:00,-256.12
NG,2014-03-13 15:15:00,493.88
NG,2014-03-18 15:15:00,353.88
NG,2014-03-19 15:15:00,-256.12
NG,2014-03-20 15:15:00,493.88
NG,2014-03-21 15:15:00,93.88
NG,2014-03-24 15:15:00,163.88
NG,2014-03-26 15:15:00,-256.12
NG,2014-03-31 16:00:00,183.88
NG,2014-04-01 16:00:00,493.88
NG,2014-04-17 16:00:00,-256.12
NG,2014-05-08 16:00:00,493.88
NG,2014-05-09 16:00:00,243.88
NG,2014-05-12 16:00:00,113.88
NG,2014-05-13 16:00:00,493.88
NG,2014-05-16 16:00:00,-256.12
NG,2014-05-22 16:00:00,-256.12
NG,2014-06-10 16:00:00,493.88
NG,2014-06-20 16:00:00,143.88
NG,2014-06-23 16:00:00,183.88
NG,2014-06-27 16:00:00,63.88
NG,2014-07-01 16:00:00,-256.12
NG,2014-07-02 16:00:00,293.88
NG,2014-07-03 16:00:00,-256.12
NG,2014-07-07 16:00:00,493.88
NG,2014-07-10 16:00:00,493.88
NG,2014-07-17 16:00:00,493.88
NG,2014-07-21 16:00:00,263.88
NG,2014-07-22 16:00:00,213.88
NG,2014-07-23 16:00:00,173.88
NG,2014-07-25 16:00:00,203.88
NG,2014-08-01 16:00:00,-256.12
NG,2014-08-15 16:00:00,303.88
NG,2014-08-20 16:00:00,163.88
NG,2014-09-03 16:00:00,283.88
NG,2014-09-11 16:00:00,493.88
NG,2014-09-12 16:00:00,-256.12
NG,2014-09-16 16:00:00,-256.12
NG,2014-09-19 16:00:00,23.88
NG,2014-09-24 16:00:00,-256.12
NG,2014-09-25 16:00:00,-256.12
NG,2014-10-02 16:00:00,493.88
NG,2014-10-06 16:00:00,283.88
NG,2014-10-08 16:00:00,493.88
NG,2014-10-09 16:00:00,-256.12
NG,2014-10-15 16:00:00,-256.12
NG,2014-10-17 16:00:00,-256.12
NG,2014-10-20 16:00:00,113.88
NG,2014-10-21 16:00:00,-256.12
NG,2014-10-23 16:00:00,-256.12
NG,2014-10-24 16:00:00,-256.12
NG,2014-10-27 15:15:00,-256.12
NG,2014-11-13 16:00:00,-256.12
NG,2014-11-24 16:00:00,-256.12
NG,2014-11-25 16:00:00,-256.12
NG,2014-11-27 16:00:00,493.88
NG,2014-12-01 16:00:00,-256.12
NG,2014-12-02 16:00:00,-256.12
NG,2014-12-03 16:00:00,-256.12
NG,2014-12-04 16:00:00,493.88
NG,2014-12-08 16:00:00,493.88
NG,2014-12-16 16:00:00,-256.12
NG,2014-12-19 16:00:00,-256.12
NG,2014-12-22 16:00:00,-256.12
NG,2014-12-23 16:00:00,-256.12
NG,2014-12-24 16:00:00,493.88
NG,2014-12-30 16:00:00,153.88
NG,2014-12-31 16:00:00,-256.12
NG,2015-01-06 16:00:00,-256.12
NG,2015-01-20 16:00:00,493.88
NG,2015-01-22 16:00:00,493.88
NG,2015-01-26 16:00:00,-256.12
NG,2015-01-28 16:00:00,-256.12
NG,2015-02-04 16:00:00,493.88
NG,2015-02-05 16:00:00,-256.12
NG,2015-02-26 16:00:00,493.88
NG,2015-03-09 15:15:00,-256.12
NG,2015-03-10 16:00:00,-256.12
NG,2015-03-13 15:15:00,-256.12
NG,2015-03-16 15:15:00,-46.12
NG,2015-03-23 15:15:00,-256.12
NG,2015-03-25 15:15:00,173.88
NG,2015-03-27 15:15:00,113.88
NG,2015-04-01 16:00:00,-46.12
NG,2015-04-06 16:00:00,-36.12
NG,2015-04-08 16:00:00,153.88
NG,2015-04-16 16:00:00,-256.12
NG,2015-04-20 16:00:00,133.88
NG,2015-04-23 16:00:00,193.88
NG,2015-04-27 16:00:00,-46.12
NG,2015-04-30 16:00:00,-256.12
NG,2015-05-22 16:00:00,493.88
NG,2015-05-25 16:00:00,3.88
NG,2015-05-26 16:00:00,253.88
NG,2015-05-28 16:00:00,493.88
NG,2015-05-29 16:00:00,243.88
NG,2015-06-02 16:00:00,-256.12
NG,2015-06-03 16:00:00,313.88
NG,2015-06-05 16:00:00,-6.12
NG,2015-06-19 16:00:00,-256.12
NG,2015-06-22 16:00:00,73.88
NG,2015-06-26 16:00:00,183.88
NG,2015-06-30 16:00:00,-256.12
NG,2015-07-06 16:00:00,53.88
NG,2015-07-07 16:00:00,113.88
NG,2015-07-20 16:00:00,-256.12
NG,2015-07-24 16:00:00,123.88
NG,2015-07-30 16:00:00,-256.12
NG,2015-08-06 16:00:00,-256.12
NG,2015-08-17 16:00:00,143.88
NG,2015-08-18 16:00:00,-66.12
NG,2015-08-21 16:00:00,373.88
NG,2015-08-24 16:00:00,-256.12
NG,2015-08-27 16:00:00,-256.12
NG,2015-08-31 16:00:00,-256.12
NG,2015-09-02 16:00:00,83.88
NG,2015-09-03 16:00:00,-256.12
NG,2015-09-04 16:00:00,273.88
NG,2015-09-09 16:00:00,223.88
NG,2015-09-16 16:00:00,163.88
NG,2015-09-18 16:00:00,183.88
NG,2015-09-21 16:00:00,-256.12
NG,2015-09-24 16:00:00,-256.12
NG,2015-09-25 16:00:00,-66.12
NG,2015-09-29 16:00:00,283.88
NG,2015-09-30 16:00:00,493.88
NG,2015-10-01 16:00:00,393.88
NG,2015-10-02 16:00:00,-256.12
NG,2015-10-19 16:00:00,153.88
NG,2015-10-21 16:00:00,43.88
NG,2015-10-23 16:00:00,233.88
NG,2015-10-26 15:15:00,493.88
NG,2015-10-28 15:15:00,193.88
NG,2015-10-30 15:15:00,-256.12
NG,2015-11-02 16:00:00,153.88
NG,2015-11-06 16:00:00,-256.12
NG,2015-11-09 16:00:00,-56.12
NG,2015-11-12 16:00:00,-256.12
NG,2015-11-20 16:00:00,433.88
NG,2015-11-24 16:00:00,-256.12
NG,2015-11-25 16:00:00,-256.12
NG,2015-11-27 16:00:00,13.88
NG,2015-12-02 16:00:00,253.88
NG,2015-12-03 16:00:00,-256.12
NG,2015-12-07 16:00:00,493.88
NG,2015-12-08 16:00:00,-256.12
NG,2015-12-10 16:00:00,-256.12
NG,2015-12-11 16:00:00,-256.12
NG,2015-12-14 16:00:00,-196.12
NG,2015-12-15 16:00:00,233.88
NG,2015-12-16 16:00:00,243.88
NG,2015-12-22 16:00:00,-256.12
NG,2016-01-12 16:00:00,373.88
NG,2016-01-14 16:00:00,-256.12
NG,2016-01-25 16:00:00,-256.12
NG,2016-01-28 16:00:00,-256.12
NG,2016-02-02 16:00:00,-256.12
NG,2016-02-04 16:00:00,-256.12
NG,2016-02-09 16:00:00,-256.12
NG,2016-02-10 16:00:00,103.88
NG,2016-02-16 16:00:00,-136.12
NG,2016-02-18 16:00:00,-256.12
NG,2016-02-19 16:00:00,243.88
NG,2016-02-25 16:00:00,93.88
NG,2016-02-26 16:00:00,-116.12
NG,2016-02-29 16:00:00,-256.12
NG,2016-03-01 16:00:00,-256.12
NG,2016-03-02 16:00:00,-256.12
NG,2016-03-03 16:00:00,-256.12
NG,2016-03-04 16:00:00,-256.12
NG,2016-04-06 16:00:00,43.88
NG,2016-04-11 16:00:00,13.88
NG,2016-04-15 16:00:00,-256.12
NG,2016-04-27 16:00:00,-256.12
NG,2016-04-28 16:00:00,93.88
NG,2016-05-02 16:00:00,493.88
NG,2016-05-05 16:00:00,493.88
NG,2016-05-13 16:00:00,-256.12
NG,2016-05-16 16:00:00,93.88
NG,2016-05-18 16:00:00,153.88
NG,2016-05-19 16:00:00,-256.12
NG,2016-05-24 16:00:00,143.88
NG,2016-07-06 16:00:00,-256.12
NG,2016-07-15 16:00:00,-256.12
NG,2016-07-20 16:00:00,-256.12
NG,2016-07-21 16:00:00,-256.12
NG,2016-07-26 16:00:00,-256.12
NG,2016-08-08 16:00:00,-256.12
NG,2016-08-09 16:00:00,493.88
NG,2016-08-10 16:00:00,493.88
NG,2016-08-19 16:00:00,-256.12
NG,2016-09-06 16:00:00,223.88
NG,2016-09-28 16:00:00,-186.12
NG,2016-09-30 16:00:00,303.88
NG,2016-10-03 16:00:00,-256.12
NG,2016-10-04 16:00:00,-256.12
NG,2016-10-19 16:00:00,163.88
NG,2016-10-21 16:00:00,493.88
NG,2016-10-24 16:00:00,-16.12
NG,2016-10-25 16:00:00,-256.12
NG,2016-10-26 16:00:00,493.88
NG,2016-10-31 15:30:00,493.88
NG,2016-11-01 15:15:00,-256.12
NG,2016-11-02 15:15:00,493.88
NG,2016-11-03 15:15:00,-256.12
NG,2016-11-04 15:15:00,-256.12
NG,2016-11-08 16:00:00,493.88
NG,2016-11-09 16:00:00,-256.12
NG,2016-11-10 16:00:00,-256.12
NG,2016-11-17 16:00:00,-256.12
NG,2016-12-16 16:00:00,-256.12
NG,2016-12-20 16:00:00,-256.12
NG,2017-01-03 16:00:00,493.88
NG,2017-01-04 16:00:00,-256.12
NG,2017-01-09 16:00:00,183.88
NG,2017-01-19 16:00:00,-256.12
NG,2017-01-20 16:00:00,-256.12
NG,2017-01-27 16:00:00,-256.12
NG,2017-01-30 16:00:00,143.88
NG,2017-01-31 16:00:00,-256.12
NG,2017-02-02 16:00:00,-256.12
NG,2017-02-03 16:00:00,143.88
NG,2017-02-06 16:00:00,-256.12
NG,2017-02-10 16:00:00,-106.12
NG,2017-02-13 16:00:00,363.88
NG,2017-02-14 16:00:00,433.88
NG,2017-02-16 16:00:00,493.88
NG,2017-02-21 16:00:00,493.88
NG,2017-02-27 16:00:00,-56.12
NG,2017-03-16 15:15:00,-256.12
NG,2017-04-11 16:00:00,393.88
NG,2017-04-17 16:00:00,-256.12
NG,2017-04-24 16:00:00,-256.12
NG,2017-04-25 16:00:00,73.88
NG,2017-04-27 16:00:00,-256.12
NG,2017-05-08 16:00:00,63.88
NG,2017-05-24 16:00:00,-256.12
NG,2017-05-30 16:00:00,163.88
NG,2017-05-31 16:00:00,393.88
NG,2017-06-05 16:00:00,33.88
NG,2017-06-08 16:00:00,-256.12
NG,2017-06-14 16:00:00,-256.12
NG,2017-06-19 16:00:00,-46.12
NG,2017-06-20 16:00:00,-136.12
NG,2017-07-05 16:00:00,493.88
NG,2017-07-13 16:00:00,-256.12
NG,2017-07-24 16:00:00,493.88
NG,2017-07-31 16:00:00,493.88
NG,2017-08-04 16:00:00,23.88
NG,2017-08-08 16:00:00,-256.12
NG,2017-08-21 16:00:00,-256.12
NG,2017-08-23 16:00:00,-256.12
NG,2017-08-25 16:00:00,103.88
NG,2017-08-30 16:00:00,23.88
NG,2017-08-31 16:00:00,-256.12
NG,2017-09-08 16:00:00,303.88
NG,2017-09-21 16:00:00,493.88
NG,2017-09-25 16:00:00,293.88
NG,2017-09-28 16:00:00,-256.12
NG,2017-09-29 16:00:00,-176.12
NG,2017-10-02 16:00:00,193.88
NG,2017-10-06 16:00:00,313.88
NG,2017-10-18 16:00:00,363.88
NG,2017-10-25 16:00:00,133.88
NG,2017-10-26 16:00:00,-56.12
NG,2017-10-27 16:00:00,153.88
NG,2017-10-31 15:15:00,183.88
NG,2017-11-01 15:15:00,-126.12
NG,2017-11-20 16:00:00,-256.12
NG,2017-11-22 16:00:00,-256.12
NG,2017-11-24 16:00:00,493.88
NG,2017-11-30 16:00:00,493.88
NG,2017-12-04 16:00:00,493.88
NG,2017-12-05 16:00:00,93.88
NG,2017-12-07 16:00:00,493.88
NG,2017-12-14 16:00:00,493.88
NG,2017-12-15 16:00:00,493.88
NG,2017-12-19 16:00:00,-256.12
NG,2017-12-20 16:00:00,493.88
NG,2018-01-05 16:00:00,-256.12
NG,2018-02-01 16:00:00,493.88
NG,2018-02-05 16:00:00,493.88
NG,2018-02-06 16:00:00,-256.12
NG,2018-02-07 16:00:00,103.88
NG,2018-02-09 16:00:00,493.88
NG,2018-02-14 16:00:00,-256.12
NG,2018-02-15 16:00:00,-256.12
NG,2018-02-23 16:00:00,-256.12
NG,2018-03-14 15:15:00,-66.12
NG,2018-03-19 15:15:00,43.88
NG,2018-03-21 16:00:00,183.88
NG,2018-03-23 15:15:00,-256.12
NG,2018-04-02 16:00:00,-76.12
NG,2018-04-09 16:00:00,-146.12
NG,2018-04-10 16:00:00,173.88
NG,2018-04-19 16:00:00,-256.12
NG,2018-04-30 16:00:00,-166.12
NG,2018-05-02 16:00:00,113.88
NG,2018-05-03 16:00:00,43.88
NG,2018-05-29 16:00:00,-56.12
NG,2018-06-05 16:00:00,43.88
NG,2018-06-08 16:00:00,-76.12
NG,2018-06-19 16:00:00,83.88
NG,2018-06-22 16:00:00,-256.12
NG,2018-06-25 16:00:00,-126.12
NG,2018-07-02 16:00:00,23.88
NG,2018-07-05 16:00:00,-6.12
NG,2018-07-09 16:00:00,93.88
NG,2018-07-12 16:00:00,53.88
NG,2018-07-13 16:00:00,103.88
NG,2018-07-19 16:00:00,-256.12
NG,2018-07-23 16:00:00,-56.12
NG,2018-08-24 16:00:00,123.88
NG,2018-08-27 16:00:00,73.88
NG,2018-08-28 16:00:00,53.88
NG,2018-09-04 16:00:00,383.88
NG,2018-09-10 16:00:00,-256.12
NG,2018-09-11 16:00:00,-256.12
NG,2018-09-14 16:00:00,53.88
NG,2018-10-22 16:00:00,233.88
NG,2018-10-26 16:00:00,-256.12
NG,2018-10-29 15:15:00,-256.12
NG,2018-10-31 15:30:00,-256.12
NG,2018-11-02 15:15:00,-256.12
NG,2018-11-26 16:00:00,-256.12
NG,2018-11-27 16:00:00,493.88
NG,2018-12-03 16:00:00,-256.12
NG,2018-12-06 16:00:00,-256.12
NG,2018-12-11 16:00:00,493.88
NG,2018-12-12 16:00:00,-256.12
NG,2018-12-14 16:00:00,493.88
NG,2018-12-17 16:00:00,493.88
NG,2018-12-19 16:00:00,-256.12
NG,2018-12-24 16:00:00,-256.12
NG,2018-12-26 16:00:00,493.88
NG,2018-12-27 16:00:00,-256.12
NG,2018-12-28 16:00:00,-256.12
NG,2018-12-31 16:00:00,493.88
NG,2019-01-02 16:00:00,-256.12
NG,2019-01-03 16:00:00,-256.12
NG,2019-01-07 16:00:00,-256.12
NG,2019-01-22 16:00:00,493.88
NG,2019-01-28 16:00:00,173.88
NG,2019-01-29 16:00:00,-256.12
NG,2019-01-30 16:00:00,-256.12
NG,2019-02-01 16:00:00,493.88
NG,2019-02-04 16:00:00,-16.12
NG,2019-02-07 16:00:00,493.88
NG,2019-02-13 16:00:00,-256.12
NG,2019-03-11 15:15:00,33.88
NG,2019-03-15 15:15:00,133.88
NG,2019-03-21 15:15:00,-256.12
NG,2019-03-22 15:15:00,-26.12
NG,2019-03-25 15:15:00,-66.12
NG,2019-03-27 15:15:00,-126.12
NG,2019-03-29 15:15:00,133.88
NG,2019-04-09 16:00:00,-6.12
NG,2019-04-11 16:00:00,283.88
NG,2019-04-15 16:00:00,103.88
NG,2019-04-16 16:00:00,83.88
NG,2019-04-17 16:00:00,3.88
NG,2019-04-18 16:00:00,113.88
NG,2019-04-23 16:00:00,13.88
NG,2019-04-29 16:00:00,-256.12
NG,2019-05-06 16:00:00,63.88
NG,2019-05-22 16:00:00,233.88
NG,2019-05-24 16:00:00,-256.12
NG,2019-05-28 16:00:00,-256.12
NG,2019-05-30 16:00:00,223.88
NG,2019-05-31 16:00:00,363.88
NG,2019-06-03 16:00:00,303.88
NG,2019-06-05 16:00:00,123.88
NG,2019-06-06 16:00:00,493.88
NG,2019-06-13 16:00:00,233.88
NG,2019-06-18 16:00:00,203.88
NG,2019-06-20 16:00:00,493.88
NG,2019-06-25 16:00:00,-256.12
NG,2019-07-01 16:00:00,-66.12
NG,2019-07-16 16:00:00,233.88
NG,2019-07-19 16:00:00,-16.12
NG,2019-07-24 16:00:00,223.88
NG,2019-07-26 16:00:00,123.88
NG,2019-07-29 16:00:00,63.88
NG,2019-08-02 16:00:00,-216.12
NG,2019-08-05 16:00:00,-256.12
NG,2019-08-23 16:00:00,-256.12
NG,2019-09-23 16:00:00,-256.12
NG,2019-09-25 16:00:00,-256.12
NG,2019-09-26 16:00:00,493.88
NG,2019-09-27 16:00:00,-256.12
NG,2019-09-30 16:00:00,133.88
NG,2019-10-01 16:00:00,193.88
NG,2019-10-03 16:00:00,-256.12
NG,2019-10-04 16:00:00,-256.12
NG,2019-10-07 16:00:00,-256.12
NG,2019-10-08 16:00:00,-96.12
NG,2019-10-11 16:00:00,-256.12
NG,2019-10-21 16:00:00,-36.12
NG,2019-11-11 16:00:00,263.88
NG,2019-11-13 16:00:00,-6.12
NG,2019-11-15 16:00:00,-256.12
NG,2019-11-18 16:00:00,-256.12
NG,2019-11-19 16:00:00,-256.12
NG,2019-11-21 16:00:00,-256.12
NG,2019-11-25 16:00:00,83.88
NG,2019-11-26 16:00:00,-66.12
NG,2019-11-29 16:00:00,493.88
NG,2019-12-04 16:00:00,-256.12
NG,2019-12-06 16:00:00,493.88
NG,2019-12-09 16:00:00,13.88
NG,2019-12-13 16:00:00,63.88
NG,2019-12-17 16:00:00,-256.12
NG,2019-12-18 16:00:00,-256.12
NG,2019-12-19 16:00:00,-256.12
NG,2019-12-23 16:00:00,-96.12
NG,2019-12-24 16:00:00,-106.12
NG,2019-12-27 16:00:00,-256.12
NG,2019-12-31 16:00:00,-256.12
NG,2020-01-02 16:00:00,213.88
NG,2020-01-15 16:00:00,23.88
NG,2020-01-17 16:00:00,23.88
NG,2020-01-21 16:00:00,493.88
NG,2020-01-24 16:00:00,23.88
NG,2020-01-29 16:00:00,-76.12
NG,2020-01-30 16:00:00,323.88
NG,2020-02-05 16:00:00,-256.12
NG,2020-02-10 16:00:00,203.88
NG,2020-02-24 16:00:00,133.88
NG,2020-02-27 16:00:00,113.88
NG,2020-02-28 16:00:00,173.88
NG,2020-03-06 16:00:00,243.88
NG,2020-03-09 16:00:00,-256.12
NG,2020-03-16 15:15:00,-256.12
NG,2020-03-17 15:15:00,493.88
NG,2020-03-18 15:15:00,493.88
NG,2020-03-20 15:30:00,53.88
NG,2020-03-25 15:30:00,-256.12
NG,2020-03-30 16:00:00,-256.12
NG,2020-04-01 16:00:00,223.88
NG,2020-04-02 16:00:00,23.88
NG,2020-04-14 16:00:00,-256.12
NG,2020-04-15 16:00:00,403.88
NG,2020-04-16 16:00:00,-256.12
NG,2020-04-27 16:00:00,-256.12
NG,2020-04-30 16:00:00,-256.12
NG,2020-05-08 16:00:00,203.88
NG,2020-05-12 16:00:00,493.88
NG,2020-05-13 16:00:00,493.88
NG,2020-05-21 16:00:00,-256.12
NG,2020-05-28 16:00:00,373.88
NG,2020-05-29 16:00:00,-256.12
NG,2020-06-02 16:00:00,103.88
NG,2020-06-12 16:00:00,493.88
NG,2020-06-15 16:00:00,163.88
NG,2020-06-16 16:00:00,-256.12
NG,2020-06-23 16:00:00,-16.12
NG,2020-06-24 16:00:00,-256.12
NG,2020-06-25 16:00:00,493.88
NG,2020-06-26 16:00:00,-86.12
NG,2020-07-14 16:00:00,-256.12
NG,2020-07-20 16:00:00,103.88
NG,2020-07-22 16:00:00,-256.12
NG,2020-08-31 16:00:00,-256.12
NG,2020-09-02 16:00:00,-256.12
NG,2020-09-10 16:00:00,-256.12
NG,2020-09-11 16:00:00,53.88
NG,2020-09-16 16:00:00,493.88
NG,2020-09-17 16:00:00,493.88
NG,2020-09-18 16:00:00,-256.12
NG,2020-09-21 16:00:00,493.88
NG,2020-09-25 16:00:00,493.88
NG,2020-09-28 16:00:00,-256.12
NG,2020-09-29 16:00:00,493.88
NG,2020-10-06 16:00:00,-256.12
NG,2020-10-29 15:15:00,-256.12
NG,2020-11-03 16:00:00,493.88
NG,2020-11-04 16:00:00,-256.12
NG,2020-11-06 16:00:00,493.88
NG,2020-11-16 16:00:00,493.88
NG,2020-11-19 16:00:00,-256.12
NG,2020-11-27 16:00:00,493.88
NG,2020-12-03 16:00:00,-256.12
NG,2020-12-07 16:00:00,-256.12
NG,2020-12-28 16:00:00,-256.12
NG,2020-12-30 16:00:00,493.88
NG,2021-01-19 16:00:00,243.88
NG,2021-01-20 16:00:00,-146.12
NG,2021-02-23 16:00:00,-136.12
NG,2021-02-24 16:00:00,293.88
NG,2021-02-26 16:00:00,-256.12
NG,2021-03-04 16:00:00,493.88
NG,2021-03-08 16:00:00,-96.12
NG,2021-03-10 16:00:00,-256.12
NG,2021-03-11 16:00:00,-256.12
NG,2021-03-15 15:15:00,233.88
NG,2021-03-17 16:00:00,-256.12
NG,2021-03-18 15:15:00,-256.12
NG,2021-03-31 16:00:00,-256.12
NG,2021-04-05 16:00:00,493.88
NG,2021-04-08 16:00:00,93.88
NG,2021-05-10 16:00:00,-256.12
NG,2021-05-11 16:00:00,-256.12
NG,2021-05-20 16:00:00,193.88
NG,2021-05-21 16:00:00,-46.12
NG,2021-05-24 16:00:00,-106.12
NG,2021-06-21 16:00:00,-256.12
NG,2021-07-30 16:00:00,103.88
NG,2021-08-11 16:00:00,-256.12
NG,2021-08-12 16:00:00,493.88
NG,2021-08-17 16:00:00,493.88
NG,2021-08-19 16:00:00,-256.12
NG,2021-09-21 16:00:00,493.88
NG,2021-10-07 16:00:00,493.88
NG,2021-10-11 16:00:00,-256.12
NG,2021-10-15 16:00:00,-256.12
NG,2021-10-18 16:00:00,-256.12
NG,2021-10-19 16:00:00,-256.12
NG,2021-10-20 16:00:00,-256.12
NG,2021-10-21 16:00:00,-256.12
NG,2021-10-29 16:00:00,-256.12
NG,2021-11-01 15:15:00,493.88
NG,2021-11-01 15:45:00,-256.12
NG,2021-11-05 15:15:00,-256.12
NG,2021-11-09 16:00:00,493.88
NG,2021-11-10 16:00:00,-256.12
NG,2021-11-17 16:00:00,-256.12
NG,2021-11-22 16:00:00,-256.12
NG,2021-11-29 16:00:00,493.88
NG,2021-11-30 16:00:00,-256.12
NG,2021-12-01 16:00:00,493.88
NG,2021-12-06 16:00:00,493.88
NG,2021-12-14 16:00:00,493.88
NG,2021-12-17 16:00:00,-256.12
NG,2021-12-23 16:00:00,493.88
NG,2021-12-30 16:00:00,493.88
NG,2022-01-20 16:00:00,493.88
NG,2022-02-07 16:00:00,493.88
NG,2022-02-09 16:00:00,493.88
NG,2022-02-10 16:00:00,-256.12
NG,2022-02-11 16:00:00,-256.12
NG,2022-03-08 16:00:00,-256.12
NG,2022-03-09 16:00:00,-256.12
NG,2022-03-14 15:45:00,493.88
NG,2022-03-15 15:15:00,-256.12
NG,2022-03-16 16:00:00,-256.12
NG,2022-04-22 16:00:00,-256.12
NG,2022-04-25 16:00:00,-256.12
NG,2022-04-28 16:00:00,493.88
NG,2022-05-09 16:00:00,-256.12
NG,2022-05-10 16:00:00,493.88
NG,2022-05-12 16:00:00,-256.12
NG,2022-05-27 16:00:00,493.88
NG,2022-06-03 16:00:00,-256.12
NG,2022-06-09 16:00:00,-256.12
NG,2022-06-10 16:00:00,-256.12
NG,2022-06-14 16:00:00,493.88
NG,2022-06-20 16:00:00,493.88
NG,2022-06-22 16:00:00,-256.12
NG,2022-06-23 16:00:00,-256.12
NG,2022-06-24 16:00:00,-256.12
NG,2022-06-27 16:00:00,-256.12
NG,2022-08-01 16:00:00,-256.12
NG,2022-08-02 16:00:00,493.88
NG,2022-08-03 16:00:00,493.88
NG,2022-08-05 16:00:00,-256.12
NG,2022-08-08 16:00:00,493.88
NG,2022-08-29 16:00:00,-256.12
NG,2022-08-30 16:00:00,-256.12
NG,2022-08-31 16:00:00,-256.12
NG,2022-09-02 16:00:00,-256.12
NG,2022-09-06 16:00:00,-256.12
NG,2022-09-07 16:00:00,493.88
NG,2022-09-15 16:00:00,-256.12
NG,2022-09-16 16:00:00,-256.12
NG,2022-09-19 16:00:00,-256.12
NG,2022-09-22 16:00:00,-256.12
NG,2022-09-23 16:00:00,-256.12
NG,2022-09-26 16:00:00,-256.12
NG,2022-09-27 16:00:00,-256.12
NG,2022-09-28 16:00:00,-256.12
NG,2022-09-29 16:00:00,-256.12
NG,2022-09-30 16:00:00,-256.12
NG,2022-10-03 16:00:00,493.88
NG,2022-10-14 16:00:00,493.88
NG,2022-10-17 16:00:00,493.88
NG,2022-10-19 16:00:00,-256.12
NG,2022-10-20 16:00:00,-256.12
NG,2022-10-21 16:00:00,-256.12
NG,2022-10-26 16:00:00,-256.12
NG,2022-10-28 16:00:00,-256.12
NG,2022-11-01 15:15:00,493.88
NG,2022-11-01 15:30:00,-256.12
NG,2022-11-09 16:00:00,-256.12
NG,2022-11-15 16:00:00,493.88
NG,2022-11-16 16:00:00,-256.12
NG,2022-11-18 16:00:00,-256.12
NG,2022-12-02 16:00:00,-256.12
NG,2022-12-05 16:00:00,493.88
NG,2022-12-19 16:00:00,-256.12
NG,2022-12-20 16:00:00,-256.12
NG,2022-12-23 16:00:00,-256.12
NG,2022-12-28 16:00:00,493.88
NG,2022-12-29 16:00:00,-256.12
NG,2022-12-30 16:00:00,493.88
NG,2023-01-03 16:00:00,-256.12
NG,2023-01-05 16:00:00,493.88
NG,2023-01-10 16:00:00,493.88
NG,2023-01-11 16:00:00,-256.12
NG,2023-01-13 16:00:00,-256.12
NG,2023-01-18 16:00:00,493.88
NG,2023-01-25 16:00:00,-256.12
NG,2023-01-26 16:00:00,-256.12
NG,2023-01-30 16:00:00,-256.12
NG,2023-01-31 16:00:00,-256.12
NG,2023-02-03 16:00:00,-256.12
NG,2023-02-13 16:00:00,-256.12
NG,2023-02-17 16:00:00,493.88
NG,2023-02-21 16:00:00,493.88
NG,2023-03-15 15:15:00,493.88
NG,2023-03-15 16:00:00,-256.12
NG,2023-03-17 15:15:00,153.88
NG,2023-03-20 15:15:00,493.88
NG,2023-03-21 15:15:00,-256.12
NG,2023-03-27 16:00:00,-256.12
NG,2023-03-29 16:00:00,-256.12
NG,2023-03-30 16:00:00,493.88
NG,2023-04-03 16:00:00,493.88
NG,2023-04-26 16:00:00,243.88
NG,2023-05-01 16:00:00,493.88
NG,2023-05-02 16:00:00,273.88
NG,2023-05-03 16:00:00,493.88
NG,2023-05-04 16:00:00,-256.12
NG,2023-05-10 16:00:00,-256.12
NG,2023-05-23 16:00:00,-256.12
NG,2023-05-26 16:00:00,-256.12
NG,2023-05-30 16:00:00,-256.12
NG,2023-06-01 16:00:00,-256.12
NG,2023-06-06 16:00:00,-256.12
NG,2023-06-09 16:00:00,-256.12
NG,2023-06-12 16:00:00,-256.12
NG,2023-06-29 16:00:00,-256.12
NG,2023-06-30 16:00:00,-256.12
NG,2023-07-03 16:00:00,173.88
NG,2023-07-12 16:00:00,493.88
NG,2023-07-13 16:00:00,493.88
NG,2023-07-27 16:00:00,493.88
NG,2023-08-01 16:00:00,-256.12
NG,2023-08-02 16:00:00,123.88
NG,2023-08-16 16:00:00,13.88
NG,2023-08-18 16:00:00,493.88
NG,2023-08-24 16:00:00,-256.12
NG,2023-08-25 16:00:00,-256.12
NG,2023-09-05 16:00:00,493.88
NG,2023-09-06 16:00:00,123.88
NG,2023-09-26 16:00:00,-256.12
NG,2023-09-29 16:00:00,-256.12
NG,2023-10-02 16:00:00,493.88
NG,2023-10-16 16:00:00,-256.12
NG,2023-10-17 16:00:00,63.88
NG,2023-10-20 16:00:00,93.88
NG,2023-10-30 15:15:00,-256.12
NG,2023-11-06 16:00:00,493.88
NG,2023-11-07 16:00:00,-256.12
NG,2023-11-16 16:00:00,493.88
NG,2023-11-17 16:00:00,493.88
NG,2023-11-24 16:00:00,-256.12
NG,2023-11-27 16:00:00,-256.12
NG,2023-11-28 16:00:00,-256.12
NG,2023-11-29 16:00:00,493.88
NG,2023-12-01 16:00:00,-256.12
NG,2023-12-04 16:00:00,-76.12
NG,2023-12-11 16:00:00,-256.12
NG,2023-12-12 16:00:00,-256.12
NG,2023-12-13 16:00:00,-256.12
NG,2023-12-19 16:00:00,-256.12
NG,2024-01-17 16:00:00,-256.12
NG,2024-01-18 16:00:00,493.88
NG,2024-01-19 16:00:00,-256.12
NG,2024-01-22 16:00:00,-256.12
NG,2024-01-23 16:00:00,-256.12
NG,2024-01-26 16:00:00,493.88
NG,2024-01-29 16:00:00,363.88
NG,2024-02-06 16:00:00,33.88
NG,2024-02-07 16:00:00,493.88
NG,2024-02-08 16:00:00,73.88
NG,2024-02-09 16:00:00,233.88
NG,2024-02-13 16:00:00,-56.12
NG,2024-02-20 16:00:00,-256.12
NG,2024-02-22 16:00:00,493.88
NG,2024-02-23 16:00:00,-256.12
NG,2024-03-08 16:00:00,-256.12
NG,2024-03-11 15:15:00,43.88
NG,2024-03-12 15:45:00,493.88
NG,2024-03-15 15:15:00,-256.12
NG,2024-03-18 16:00:00,-36.12
NG,2024-03-20 15:15:00,83.88
NG,2024-03-21 15:15:00,3.88
NG,2024-03-22 15:15:00,-126.12
NG,2024-03-25 15:15:00,-256.12
NG,2024-03-27 15:15:00,63.88
NG,2024-04-02 16:00:00,-256.12
NG,2024-04-11 16:00:00,493.88
NG,2024-04-15 16:00:00,423.88
NG,2024-04-24 16:00:00,303.88
NG,2024-04-25 16:00:00,-256.12
NG,2024-04-26 16:00:00,223.88
NG,2024-05-01 16:00:00,-126.12
NG,2024-05-28 16:00:00,-256.12
NG,2024-05-29 16:00:00,493.88
NG,2024-05-30 16:00:00,-256.12
NG,2024-06-17 16:00:00,493.88
NG,2024-06-20 16:00:00,493.88
NG,2024-06-25 16:00:00,-256.12
NG,2024-06-26 16:00:00,393.88
NG,2024-06-27 16:00:00,-256.12
NG,2024-06-28 16:00:00,493.88
NG,2024-07-01 16:00:00,493.88
NG,2024-07-02 16:00:00,-66.12
NG,2024-07-05 16:00:00,493.88
NG,2024-07-10 16:00:00,493.88
NG,2024-07-11 16:00:00,223.88
NG,2024-07-15 16:00:00,343.88
NG,2024-07-16 16:00:00,-256.12
NG,2024-07-17 16:00:00,493.88
NG,2024-07-19 16:00:00,-256.12
NG,2024-07-23 16:00:00,203.88
NG,2024-07-24 16:00:00,-256.12
NG,2024-07-25 16:00:00,493.88
NG,2024-07-29 16:00:00,-256.12
NG,2024-07-30 16:00:00,-256.12
NG,2024-07-31 16:00:00,-256.12
NG,2024-08-22 16:00:00,493.88
NG,2024-08-23 16:00:00,23.88
NG,2024-08-27 16:00:00,133.88
NG,2024-08-28 16:00:00,-256.12
NG,2024-08-29 16:00:00,-256.12
NG,2024-09-03 16:00:00,-256.12
NG,2024-09-19 16:00:00,-256.12
NG,2024-10-07 16:00:00,493.88
NG,2024-10-09 16:00:00,493.88
NG,2024-10-10 16:00:00,-256.12
NG,2024-10-14 16:00:00,493.88
NG,2024-10-16 16:00:00,493.88
NG,2024-10-18 16:00:00,413.88
NG,2024-10-28 15:15:00,-16.12
NG,2024-10-30 15:15:00,-256.12
NG,2024-10-31 15:15:00,493.88
NG,2024-11-01 15:15:00,493.88
NG,2024-11-07 16:00:00,-256.12
NG,2024-11-15 16:00:00,-256.12
NG,2024-12-02 16:00:00,-256.12
NG,2024-12-03 16:00:00,493.88
NG,2024-12-06 16:00:00,-256.12
NG,2024-12-10 16:00:00,-256.12
NG,2024-12-17 16:00:00,-256.12
NG,2025-01-24 16:00:00,-256.12
NG,2025-01-27 16:00:00,493.88
NG,2025-01-28 16:00:00,-256.12
NG,2025-01-30 16:00:00,-256.12
NG,2025-02-04 16:00:00,-256.12
NG,2025-02-28 16:00:00,-256.12
NG,2025-03-12 15:15:00,493.88
NG,2025-03-13 15:15:00,-256.12
NG,2025-03-14 15:15:00,-256.12
NG,2025-03-17 15:15:00,-256.12
NG,2025-03-20 15:15:00,-256.12
NG,2025-03-24 15:45:00,-256.12
NG,2025-03-25 15:15:00,493.88
NG,2025-03-27 15:15:00,-256.12
NG,2025-03-28 15:15:00,-256.12
NG,2025-04-04 16:00:00,493.88
NG,2025-04-15 16:00:00,-256.12
NG,2025-04-16 16:00:00,493.88
NG,2025-04-21 16:00:00,493.88
NG,2025-04-24 16:00:00,-256.12
NG,2025-05-14 16:00:00,-256.12
NG,2025-05-15 16:00:00,-256.12
NG,2025-05-19 16:00:00,493.88
NG,2025-05-22 16:00:00,-256.12
NG,2025-05-29 16:00:00,-256.12
NG,2025-06-09 16:00:00,-256.12
NG,2025-06-10 16:00:00,493.88
NG,2025-06-24 16:00:00,-256.12
NG,2025-06-25 16:00:00,-256.12
NG,2025-06-26 16:00:00,493.88
NG,2025-06-30 16:00:00,493.88
NG,2025-07-01 16:00:00,-256.12
NG,2025-07-07 16:00:00,-256.12
NG,2025-07-08 16:00:00,-256.12
NG,2025-07-09 16:00:00,493.88
NG,2025-07-21 16:00:00,493.88
NG,2025-07-22 16:00:00,-256.12
NG,2025-07-23 16:00:00,493.88
NG,2025-07-30 16:00:00,-256.12
NG,2025-07-31 16:00:00,-256.12
NG,2025-08-04 16:00:00,493.88
NG,2025-08-08 16:00:00,493.88
NG,2025-08-12 16:00:00,493.88
NG,2025-08-18 16:00:00,-256.12
NG,2025-08-19 16:00:00,-16.12
NG,2025-08-22 16:00:00,493.88
NG,2025-08-25 16:00:00,-256.12
NG,2025-09-18 16:00:00,493.88
NG,2025-09-19 16:00:00,-256.12
NG,2025-09-23 16:00:00,-256.12
NG,2025-09-26 16:00:00,-256.12
NG,2025-10-10 16:00:00,493.88
NG,2025-10-13 16:00:00,-256.12
NG,2025-10-14 16:00:00,-256.12
NQ,2019-01-04 16:15:00,2000.0
NQ,2019-01-07 15:45:00,1275.0
NQ,2019-01-10 16:15:00,-1000.0
NQ,2019-01-15 16:15:00,675.0
NQ,2019-01-16 16:15:00,-1000.0
NQ,2019-01-17 16:15:00,840.0
NQ,2019-01-25 16:30:00,275.0
NQ,2019-01-28 15:45:00,35.0
NQ,2019-01-29 16:00:00,0.0
NQ,2019-01-30 15:45:00,2000.0
NQ,2019-01-31 16:15:00,1135.0
NQ,2019-02-05 15:45:00,800.0
NQ,2019-02-07 16:00:00,260.0
NQ,2019-02-12 16:15:00,755.0
NQ,2019-02-18 16:30:00,170.0
NQ,2019-02-19 16:15:00,25.0
NQ,2019-02-21 16:15:00,-280.0
NQ,2019-02-26 16:15:00,-65.0
NQ,2019-02-28 16:15:00,-20.0
NQ,2019-03-05 16:15:00,-425.0
NQ,2019-03-07 16:00:00,785.0
NQ,2019-03-11 16:15:00,1060.0
NQ,2019-03-12 16:00:00,195.0
NQ,2019-03-13 16:30:00,-50.0
NQ,2019-03-21 16:30:00,1075.0
NQ,2019-03-22 16:30:00,1705.0
NQ,2019-03-27 16:15:00,690.0
NQ,2019-03-28 16:30:00,-490.0
NQ,2019-04-04 16:15:00,-1000.0
NQ,2019-04-08 16:15:00,-1000.0
NQ,2019-04-15 16:30:00,-350.0
NQ,2019-04-17 15:45:00,-785.0
NQ,2019-04-18 15:45:00,25.0
NQ,2019-04-22 16:15:00,855.0
NQ,2019-04-23 15:45:00,1650.0
NQ,2019-04-26 16:00:00,-1000.0
NQ,2019-05-06 15:45:00,-1000.0
NQ,2019-05-07 15:45:00,2000.0
NQ,2019-05-09 16:15:00,-1000.0
NQ,2019-05-10 16:30:00,-1000.0
NQ,2019-05-13 16:30:00,1245.0
NQ,2019-05-15 16:15:00,2000.0
NQ,2019-05-16 16:15:00,450.0
NQ,2019-05-17 16:15:00,-665.0
NQ,2019-05-22 16:15:00,-470.0
NQ,2019-05-23 16:15:00,115.0
NQ,2019-05-28 16:15:00,-1000.0
NQ,2019-05-30 16:15:00,-1000.0
NQ,2019-05-31 16:15:00,265.0
NQ,2019-06-03 16:15:00,2000.0
NQ,2019-06-05 15:45:00,-1000.0
NQ,2019-06-07 16:15:00,1140.0
NQ,2019-06-10 16:00:00,175.0
NQ,2019-06-13 16:15:00,-395.0
NQ,2019-06-17 16:15:00,75.0
NQ,2019-06-18 16:15:00,-420.0
NQ,2019-06-25 16:15:00,2000.0
NQ,2019-06-28 16:15:00,-1000.0
NQ,2019-07-01 15:45:00,-1000.0
NQ,2019-07-08 16:15:00,-440.0
NQ,2019-07-10 16:15:00,-1000.0
NQ,2019-07-12 16:15:00,425.0
NQ,2019-07-18 15:45:00,-1000.0
NQ,2019-07-22 16:15:00,240.0
NQ,2019-07-24 16:15:00,655.0
NQ,2019-07-25 16:15:00,-390.0
NQ,2019-07-26 16:15:00,-215.0
NQ,2019-07-29 16:15:00,-700.0
NQ,2019-07-31 16:15:00,2000.0
NQ,2019-08-05 16:15:00,2000.0
NQ,2019-08-08 15:45:00,2000.0
NQ,2019-08-13 16:00:00,2000.0
NQ,2019-08-13 16:15:00,-1000.0
NQ,2019-08-21 16:15:00,15.0
NQ,2019-08-29 16:15:00,-1000.0
NQ,2019-09-02 16:15:00,695.0
NQ,2019-09-05 16:15:00,135.0
NQ,2019-09-09 16:15:00,370.0
NQ,2019-09-10 16:15:00,-1000.0
NQ,2019-09-13 16:00:00,295.0
NQ,2019-09-19 16:15:00,-730.0
NQ,2019-09-24 16:15:00,-1000.0
NQ,2019-09-25 16:15:00,-1000.0
NQ,2019-09-26 16:15:00,-230.0
NQ,2019-09-27 16:15:00,2000.0
NQ,2019-10-01 16:15:00,-1000.0
NQ,2019-10-02 16:15:00,1035.0
NQ,2019-10-08 16:15:00,-1000.0
NQ,2019-10-10 16:15:00,600.0
NQ,2019-10-11 16:00:00,-145.0
NQ,2019-10-15 16:15:00,1290.0
NQ,2019-10-25 16:15:00,1440.0
NQ,2019-10-31 15:45:00,-540.0
NQ,2019-11-01 15:45:00,235.0
NQ,2019-11-06 16:00:00,-345.0
NQ,2019-11-07 16:15:00,-450.0
NQ,2019-11-12 16:15:00,-25.0
NQ,2019-11-22 16:15:00,55.0
NQ,2019-11-25 16:15:00,480.0
NQ,2019-11-29 16:30:00,-300.0
NQ,2019-12-02 16:15:00,625.0
NQ,2019-12-03 15:45:00,-860.0
NQ,2019-12-06 16:15:00,375.0
NQ,2019-12-09 16:15:00,-1000.0
NQ,2019-12-11 16:30:00,385.0
NQ,2019-12-12 16:15:00,-1000.0
NQ,2019-12-13 16:15:00,325.0
NQ,2019-12-16 16:15:00,220.0
NQ,2019-12-18 16:00:00,-50.0
NQ,2019-12-19 16:15:00,995.0
NQ,2019-12-24 16:15:00,-275.0
NQ,2019-12-26 16:15:00,910.0
NQ,2019-12-30 16:15:00,-360.0
NQ,2020-01-02 16:15:00,1060.0
NQ,2020-01-03 16:15:00,-270.0
NQ,2020-01-08 16:15:00,1140.0
NQ,2020-01-15 16:15:00,-1000.0
NQ,2020-01-16 16:15:00,580.0
NQ,2020-01-20 16:15:00,85.0
NQ,2020-01-21 16:00:00,255.0
NQ,2020-01-27 15:45:00,-1000.0
NQ,2020-02-03 16:15:00,-420.0
NQ,2020-02-10 15:45:00,-1000.0
NQ,2020-02-10 16:15:00,1565.0
NQ,2020-02-13 16:15:00,1085.0
NQ,2020-02-19 15:45:00,880.0
NQ,2020-02-21 16:15:00,2000.0
NQ,2020-02-24 15:45:00,-1000.0
NQ,2020-02-25 16:15:00,2000.0
NQ,2020-02-27 15:45:00,-1000.0
NQ,2020-02-28 15:45:00,-1000.0
NQ,2020-03-04 16:15:00,-1000.0
NQ,2020-03-10 16:15:00,-1000.0
NQ,2020-03-10 16:30:00,2000.0
NQ,2020-03-18 16:30:00,-1000.0
NQ,2020-03-19 15:45:00,-1000.0
NQ,2020-03-31 15:45:00,2000.0
NQ,2020-04-02 15:45:00,-1000.0
NQ,2020-04-06 16:30:00,2000.0
NQ,2020-04-09 15:45:00,-1000.0
NQ,2020-04-14 16:15:00,2000.0
NQ,2020-04-21 16:15:00,2000.0
NQ,2020-04-23 16:15:00,-1000.0
NQ,2020-04-24 16:15:00,-1000.0
NQ,2020-05-05 16:15:00,-1000.0
NQ,2020-05-11 16:15:00,2000.0
NQ,2020-05-13 15:45:00,-1000.0
NQ,2020-05-20 16:15:00,660.0
NQ,2020-05-27 16:15:00,2000.0
NQ,2020-05-28 16:00:00,2000.0
NQ,2020-06-01 16:15:00,835.0
NQ,2020-06-04 15:45:00,-1000.0
NQ,2020-06-05 15:45:00,2000.0
NQ,2020-06-05 16:15:00,1020.0
NQ,2020-06-09 16:15:00,2000.0
NQ,2020-06-22 16:30:00,1465.0
NQ,2020-06-24 16:30:00,2000.0
NQ,2020-06-25 16:15:00,-1000.0
NQ,2020-06-26 16:15:00,2000.0
NQ,2020-06-29 16:15:00,-1000.0
NQ,2020-06-30 16:15:00,2000.0
NQ,2020-07-02 16:15:00,-1000.0
NQ,2020-07-06 16:15:00,1565.0
NQ,2020-07-07 16:15:00,-1000.0
NQ,2020-07-08 16:15:00,-1000.0
NQ,2020-07-10 15:45:00,-1000.0
NQ,2020-07-13 16:15:00,-1000.0
NQ,2020-07-14 15:45:00,-1000.0
NQ,2020-07-17 15:45:00,-1000.0
NQ,2020-07-17 16:15:00,-1000.0
NQ,2020-07-24 15:45:00,2000.0
NQ,2020-07-24 16:15:00,-1000.0
NQ,2020-07-27 16:15:00,-1000.0
NQ,2020-08-03 16:15:00,425.0
NQ,2020-08-04 16:15:00,-1000.0
NQ,2020-08-10 16:30:00,2000.0
NQ,2020-08-12 16:15:00,2000.0
NQ,2020-08-17 16:15:00,460.0
NQ,2020-08-20 15:45:00,-1000.0
NQ,2020-08-20 16:15:00,2000.0
NQ,2020-08-21 15:45:00,1605.0
NQ,2020-08-25 15:45:00,-1000.0
NQ,2020-08-26 15:45:00,2000.0
NQ,2020-08-28 15:45:00,-1000.0
NQ,2020-09-03 15:45:00,2000.0
NQ,2020-09-04 16:30:00,2000.0
NQ,2020-09-14 16:15:00,-1000.0
NQ,2020-09-17 15:45:00,-1000.0
NQ,2020-09-18 16:00:00,2000.0
NQ,2020-09-30 16:30:00,2000.0
NQ,2020-10-07 16:00:00,-1000.0
NQ,2020-10-26 16:00:00,2000.0
NQ,2020-10-26 16:30:00,2000.0
NQ,2020-10-30 15:45:00,2000.0
NQ,2020-11-02 16:15:00,-1000.0
NQ,2020-11-03 16:30:00,-270.0
NQ,2020-11-05 16:30:00,-1000.0
NQ,2020-11-06 15:45:00,-1000.0
NQ,2020-11-06 16:15:00,-1000.0
NQ,2020-11-17 16:15:00,-1000.0
NQ,2020-11-18 15:45:00,-1000.0
NQ,2020-11-23 16:15:00,-1000.0
NQ,2020-11-24 16:15:00,-1000.0
NQ,2020-12-04 16:30:00,70.0
NQ,2020-12-07 16:15:00,-255.0
NQ,2020-12-08 15:45:00,-1000.0
NQ,2020-12-14 16:15:00,-1000.0
NQ,2020-12-24 16:15:00,-20.0
NQ,2021-01-07 16:15:00,2000.0
NQ,2021-01-20 15:45:00,2000.0
NQ,2021-01-22 15:45:00,150.0
NQ,2021-01-25 16:00:00,-1000.0
NQ,2021-01-26 15:45:00,-1000.0
NQ,2021-01-27 16:15:00,-1000.0
NQ,2021-01-29 16:15:00,-1000.0
NQ,2021-02-02 16:15:00,2000.0
NQ,2021-02-08 15:45:00,-1000.0
NQ,2021-02-09 16:15:00,-125.0
NQ,2021-02-15 16:00:00,340.0
NQ,2021-02-17 15:45:00,-1000.0
NQ,2021-02-18 15:45:00,-1000.0
NQ,2021-02-22 15:45:00,-1000.0
NQ,2021-02-23 16:15:00,-1000.0
NQ,2021-02-25 16:15:00,-1000.0
NQ,2021-02-26 16:30:00,-1000.0
NQ,2021-03-02 15:45:00,-1000.0
NQ,2021-03-03 16:30:00,-1000.0
NQ,2021-03-04 16:30:00,-1000.0
NQ,2021-03-05 16:15:00,-1000.0
NQ,2021-03-09 16:30:00,2000.0
NQ,2021-03-10 15:45:00,-1000.0
NQ,2021-03-15 16:30:00,-1000.0
NQ,2021-03-16 16:00:00,-1000.0
NQ,2021-03-17 16:15:00,-1000.0
NQ,2021-03-22 16:15:00,2000.0
NQ,2021-03-23 15:45:00,-1000.0
NQ,2021-03-23 16:30:00,-1000.0
NQ,2021-03-25 16:00:00,2000.0
NQ,2021-03-30 16:15:00,-1000.0
NQ,2021-03-31 16:15:00,2000.0
NQ,2021-04-01 16:15:00,705.0
NQ,2021-04-05 16:15:00,2000.0
NQ,2021-04-07 16:30:00,325.0
NQ,2021-04-09 16:15:00,2000.0
NQ,2021-04-13 16:15:00,-1000.0
NQ,2021-04-15 16:15:00,865.0
NQ,2021-04-19 16:15:00,-1000.0
NQ,2021-04-27 16:30:00,-40.0
NQ,2021-04-29 16:15:00,2000.0
NQ,2021-05-03 16:15:00,-1000.0
NQ,2021-05-04 16:15:00,2000.0
NQ,2021-05-10 16:15:00,2000.0
NQ,2021-05-20 15:45:00,2000.0
NQ,2021-05-20 16:15:00,2000.0
NQ,2021-05-24 16:15:00,2000.0
NQ,2021-05-27 15:45:00,150.0
NQ,2021-05-28 16:00:00,-815.0
NQ,2021-06-01 15:45:00,-1000.0
NQ,2021-06-01 16:30:00,205.0
NQ,2021-06-02 16:15:00,-1000.0
NQ,2021-06-03 16:15:00,-1000.0
NQ,2021-06-04 15:45:00,2000.0
NQ,2021-06-04 16:30:00,600.0
NQ,2021-06-10 16:15:00,-1000.0
NQ,2021-06-16 16:15:00,-1000.0
NQ,2021-06-17 16:15:00,2000.0
NQ,2021-06-24 16:15:00,-355.0
NQ,2021-06-28 16:15:00,1020.0
NQ,2021-06-29 16:15:00,1375.0
NQ,2021-07-13 16:00:00,2000.0
NQ,2021-07-16 16:30:00,2000.0
NQ,2021-07-21 16:15:00,1650.0
NQ,2021-07-22 16:15:00,2000.0
NQ,2021-07-26 16:30:00,550.0
NQ,2021-07-27 16:15:00,2000.0
NQ,2021-07-28 16:15:00,-1000.0
NQ,2021-07-29 16:15:00,-1000.0
NQ,2021-07-30 16:30:00,-1000.0
NQ,2021-08-03 16:30:00,-1000.0
NQ,2021-08-04 16:00:00,-1000.0
NQ,2021-08-11 16:15:00,975.0
NQ,2021-08-12 16:15:00,-1000.0
NQ,2021-08-13 15:45:00,660.0
NQ,2021-08-16 16:30:00,-1000.0
NQ,2021-08-17 15:45:00,2000.0
NQ,2021-08-20 15:45:00,2000.0
NQ,2021-08-23 16:15:00,2000.0
NQ,2021-08-24 15:45:00,605.0
NQ,2021-08-27 15:45:00,-1000.0
NQ,2021-08-30 16:00:00,2000.0
NQ,2021-08-31 15:45:00,-1000.0
NQ,2021-09-01 16:15:00,-1000.0
NQ,2021-09-03 16:30:00,395.0
NQ,2021-09-06 16:30:00,-65.0
NQ,2021-09-08 16:15:00,2000.0
NQ,2021-09-09 16:15:00,-1000.0
NQ,2021-09-10 16:00:00,-1000.0
NQ,2021-09-13 16:15:00,-125.0
NQ,2021-09-14 16:15:00,-1000.0
NQ,2021-09-15 16:15:00,-1000.0
NQ,2021-09-16 16:15:00,-1000.0
NQ,2021-09-17 16:00:00,2000.0
NQ,2021-09-22 16:00:00,-1000.0
NQ,2021-09-22 16:30:00,2000.0
NQ,2021-09-23 16:15:00,415.0
NQ,2021-09-27 16:15:00,-1000.0
NQ,2021-09-28 16:15:00,2000.0
NQ,2021-09-29 15:45:00,-1000.0
NQ,2021-09-30 16:15:00,-1000.0
NQ,2021-10-01 16:15:00,-1000.0
NQ,2021-10-04 16:15:00,2000.0
NQ,2021-10-05 16:30:00,2000.0
NQ,2021-10-11 16:15:00,-1000.0
NQ,2021-10-12 15:45:00,-1000.0
NQ,2021-10-12 16:15:00,-1000.0
NQ,2021-10-13 15:45:00,-1000.0
NQ,2021-10-14 16:15:00,2000.0
NQ,2021-10-18 16:15:00,2000.0
NQ,2021-10-21 16:15:00,2000.0
NQ,2021-10-26 16:15:00,-1000.0
NQ,2021-10-27 16:15:00,-1000.0
NQ,2021-10-29 16:15:00,2000.0
NQ,2021-11-04 15:45:00,-1000.0
NQ,2021-11-09 16:15:00,-1000.0
NQ,2021-11-12 16:15:00,-1000.0
NQ,2021-11-16 15:45:00,-1000.0
NQ,2021-11-16 16:15:00,1395.0
NQ,2021-11-19 16:30:00,-1000.0
NQ,2021-11-22 16:15:00,-1000.0
NQ,2021-11-25 16:15:00,-195.0
NQ,2021-11-30 16:30:00,-1000.0
NQ,2021-12-03 16:15:00,2000.0
NQ,2021-12-03 16:30:00,-1000.0
NQ,2021-12-06 16:15:00,-1000.0
NQ,2021-12-07 16:15:00,2000.0
NQ,2021-12-10 16:15:00,-1000.0
NQ,2021-12-15 16:15:00,-1000.0
NQ,2021-12-21 16:15:00,-1000.0
NQ,2021-12-22 15:45:00,2000.0
NQ,2021-12-27 16:15:00,2000.0
NQ,2022-01-04 16:30:00,2000.0
NQ,2022-01-10 16:15:00,2000.0
NQ,2022-01-11 15:45:00,-1000.0
NQ,2022-01-20 16:15:00,-1000.0
NQ,2022-01-25 16:30:00,-1000.0
NQ,2022-01-27 15:45:00,-1000.0
NQ,2022-01-28 16:15:00,-1000.0
NQ,2022-01-31 16:15:00,2000.0
NQ,2022-02-10 15:45:00,-1000.0
NQ,2022-02-10 16:15:00,2000.0
NQ,2022-02-11 15:45:00,-1000.0
NQ,2022-02-16 16:15:00,-1000.0
NQ,2022-02-17 16:30:00,2000.0
NQ,2022-02-22 16:15:00,-1000.0
NQ,2022-03-03 15:45:00,-1000.0
NQ,2022-03-07 16:15:00,2000.0
NQ,2022-03-11 16:15:00,2000.0
NQ,2022-03-15 16:00:00,2000.0
NQ,2022-03-16 15:45:00,-1000.0
NQ,2022-03-18 15:45:00,-1000.0
NQ,2022-03-21 16:30:00,-1000.0
NQ,2022-03-22 15:45:00,2000.0
NQ,2022-03-23 15:45:00,2000.0
NQ,2022-03-28 16:15:00,-1000.0
NQ,2022-03-31 16:15:00,-1000.0
NQ,2022-04-01 16:15:00,-1000.0
NQ,2022-04-04 16:15:00,2000.0
NQ,2022-04-06 16:15:00,-1000.0
NQ,2022-04-08 15:45:00,2000.0
NQ,2022-04-08 16:15:00,-1000.0
NQ,2022-04-12 16:00:00,-1000.0
NQ,2022-04-12 16:30:00,-1000.0
NQ,2022-04-14 16:15:00,2000.0
NQ,2022-04-19 16:30:00,2000.0
NQ,2022-04-21 16:15:00,-1000.0
NQ,2022-04-26 16:15:00,2000.0
NQ,2022-04-28 16:15:00,-1000.0
NQ,2022-05-03 16:00:00,-1000.0
NQ,2022-05-04 16:15:00,2000.0
NQ,2022-05-05 16:15:00,2000.0
NQ,2022-05-05 16:30:00,2000.0
NQ,2022-05-06 16:15:00,-1000.0
NQ,2022-05-10 15:45:00,-1000.0
NQ,2022-05-10 16:15:00,-1000.0
NQ,2022-05-11 16:15:00,-1000.0
NQ,2022-05-13 16:15:00,2000.0
NQ,2022-05-18 16:15:00,-1000.0
NQ,2022-05-24 16:15:00,2000.0
NQ,2022-05-26 16:15:00,2000.0
NQ,2022-05-27 16:15:00,2000.0
NQ,2022-05-31 15:45:00,-1000.0
NQ,2022-05-31 16:15:00,-1000.0
NQ,2022-06-01 16:00:00,-1000.0
NQ,2022-06-02 15:45:00,-1000.0
NQ,2022-06-08 16:15:00,-1000.0
NQ,2022-06-10 16:30:00,-1000.0
NQ,2022-06-17 15:45:00,-1000.0
NQ,2022-06-21 16:15:00,-1000.0
NQ,2022-06-22 15:45:00,2000.0
NQ,2022-06-22 16:15:00,2000.0
NQ,2022-06-23 15:45:00,-1000.0
NQ,2022-06-24 15:45:00,2000.0
NQ,2022-06-24 16:15:00,2000.0
NQ,2022-06-28 16:15:00,-1000.0
NQ,2022-06-30 16:15:00,-1000.0
NQ,2022-07-07 16:15:00,2000.0
NQ,2022-07-11 16:15:00,-1000.0
NQ,2022-07-12 16:30:00,-1000.0
NQ,2022-07-14 16:15:00,-1000.0
NQ,2022-07-26 16:15:00,2000.0
NQ,2022-07-27 16:15:00,2000.0
NQ,2022-07-29 16:15:00,-1000.0
NQ,2022-08-01 16:15:00,2000.0
NQ,2022-08-03 16:15:00,-1000.0
NQ,2022-08-08 15:45:00,-1000.0
NQ,2022-08-08 16:15:00,-1000.0
NQ,2022-08-09 16:30:00,-1000.0
NQ,2022-08-12 15:45:00,2000.0
NQ,2022-08-15 16:00:00,2000.0
NQ,2022-08-19 16:15:00,1170.0
NQ,2022-08-25 16:30:00,-1000.0
NQ,2022-08-30 16:15:00,2000.0
NQ,2022-09-02 15:45:00,-1000.0
NQ,2022-09-06 16:15:00,2000.0
NQ,2022-09-06 16:30:00,-1000.0
NQ,2022-09-07 16:00:00,-1000.0
NQ,2022-09-08 16:15:00,-1000.0
NQ,2022-09-09 16:30:00,1465.0
NQ,2022-09-12 16:15:00,-1000.0
NQ,2022-09-13 16:30:00,2000.0
NQ,2022-09-15 15:45:00,-1000.0
NQ,2022-09-22 15:45:00,2000.0
NQ,2022-09-23 16:15:00,-1000.0
NQ,2022-09-26 16:15:00,-1000.0
NQ,2022-09-29 16:15:00,2000.0
NQ,2022-09-30 15:45:00,-1000.0
NQ,2022-10-04 16:15:00,-1000.0
NQ,2022-10-06 16:15:00,-1000.0
NQ,2022-10-07 16:15:00,-1000.0
NQ,2022-10-10 16:15:00,-1000.0
NQ,2022-10-11 16:15:00,-1000.0
NQ,2022-10-14 16:30:00,-1000.0
NQ,2022-10-17 15:45:00,2000.0
NQ,2022-10-17 16:00:00,-1000.0
NQ,2022-10-20 16:15:00,2000.0
NQ,2022-10-21 16:30:00,-1000.0
NQ,2022-10-25 15:45:00,2000.0
NQ,2022-10-25 16:15:00,-1000.0
NQ,2022-10-28 16:00:00,-1000.0
NQ,2022-11-01 15:45:00,2000.0
NQ,2022-11-04 15:45:00,-1000.0
NQ,2022-11-10 16:30:00,-1000.0
NQ,2022-11-22 16:15:00,-1000.0
NQ,2022-11-23 16:15:00,-1000.0
NQ,2022-11-25 15:45:00,230.0
NQ,2022-11-29 16:00:00,-1000.0
NQ,2022-12-01 16:15:00,-1000.0
NQ,2022-12-06 16:00:00,2000.0
NQ,2022-12-06 16:30:00,2000.0
NQ,2022-12-08 16:30:00,-1000.0
NQ,2022-12-14 16:15:00,-1000.0
NQ,2022-12-15 16:15:00,2000.0
NQ,2022-12-19 16:15:00,2000.0
NQ,2022-12-22 16:15:00,2000.0
NQ,2022-12-23 16:15:00,-1000.0
NQ,2022-12-27 16:15:00,-1000.0
NQ,2022-12-29 16:15:00,2000.0
NQ,2023-01-03 16:30:00,2000.0
NQ,2023-01-05 16:15:00,-1000.0
NQ,2023-01-06 16:15:00,-1000.0
NQ,2023-01-09 16:00:00,2000.0
NQ,2023-01-10 15:45:00,2000.0
NQ,2023-01-23 16:15:00,2000.0
NQ,2023-01-24 16:15:00,2000.0
NQ,2023-01-25 16:15:00,-1000.0
NQ,2023-01-27 16:15:00,2000.0
NQ,2023-02-03 16:15:00,-1000.0
NQ,2023-02-14 16:15:00,-1000.0
NQ,2023-02-17 16:15:00,-1000.0
NQ,2023-02-23 15:45:00,-1000.0
NQ,2023-02-28 15:45:00,-1000.0
NQ,2023-03-09 16:15:00,-1000.0
NQ,2023-03-10 15:45:00,2000.0
NQ,2023-03-10 16:15:00,-1000.0
NQ,2023-03-14 16:00:00,-1000.0
NQ,2023-03-16 16:15:00,2000.0
NQ,2023-03-22 16:00:00,-1000.0
NQ,2023-03-23 15:45:00,-1000.0
NQ,2023-03-28 16:15:00,-1000.0
NQ,2023-03-29 15:45:00,2000.0
NQ,2023-03-31 16:15:00,2000.0
NQ,2023-04-05 16:00:00,2000.0
NQ,2023-04-06 16:15:00,-1000.0
NQ,2023-04-10 16:15:00,-1000.0
NQ,2023-04-11 16:15:00,515.0
NQ,2023-04-12 16:15:00,-1000.0
NQ,2023-04-13 16:15:00,2000.0
NQ,2023-04-14 16:15:00,-1000.0
NQ,2023-04-21 16:30:00,-1000.0
NQ,2023-04-24 16:15:00,-1000.0
NQ,2023-05-04 16:15:00,-1000.0
NQ,2023-05-05 16:15:00,2000.0
NQ,2023-05-12 16:30:00,2000.0
NQ,2023-05-15 16:30:00,-1000.0
NQ,2023-05-16 16:15:00,350.0
NQ,2023-05-18 16:00:00,2000.0
NQ,2023-05-22 16:15:00,-1000.0
NQ,2023-05-26 16:15:00,2000.0
NQ,2023-06-02 15:45:00,-1000.0
NQ,2023-06-05 16:15:00,-1000.0
NQ,2023-06-06 16:00:00,-1000.0
NQ,2023-06-07 16:15:00,-1000.0
NQ,2023-06-09 16:00:00,-1000.0
NQ,2023-06-14 16:15:00,-1000.0
NQ,2023-06-15 16:15:00,2000.0
NQ,2023-06-21 16:30:00,2000.0
NQ,2023-06-26 16:15:00,-1000.0
NQ,2023-06-30 16:15:00,-55.0
NQ,2023-07-04 16:00:00,-420.0
NQ,2023-07-05 16:15:00,-1000.0
NQ,2023-07-11 16:15:00,-1000.0
NQ,2023-07-12 16:30:00,-1000.0
NQ,2023-07-13 16:15:00,2000.0
NQ,2023-07-14 16:00:00,-1000.0
NQ,2023-07-17 15:45:00,2000.0
NQ,2023-07-21 16:30:00,2000.0
NQ,2023-07-24 16:30:00,-325.0
NQ,2023-07-25 16:15:00,-1000.0
NQ,2023-07-27 16:15:00,-1000.0
NQ,2023-07-28 16:15:00,2000.0
NQ,2023-08-02 16:15:00,2000.0
NQ,2023-08-04 16:30:00,-1000.0
NQ,2023-08-08 16:15:00,-1000.0
NQ,2023-08-09 16:15:00,2000.0
NQ,2023-08-10 16:30:00,-1000.0
NQ,2023-08-15 15:45:00,-1000.0
NQ,2023-08-15 16:30:00,-1000.0
NQ,2023-08-17 15:45:00,2000.0
NQ,2023-08-21 16:15:00,-1000.0
NQ,2023-08-23 15:45:00,2000.0
NQ,2023-08-23 16:30:00,2000.0
NQ,2023-08-29 16:15:00,2000.0
NQ,2023-08-30 16:30:00,-1000.0
NQ,2023-08-31 16:15:00,-1000.0
NQ,2023-09-04 16:00:00,-1000.0
NQ,2023-09-08 16:15:00,-1000.0
NQ,2023-09-12 16:15:00,-1000.0
NQ,2023-09-15 16:15:00,2000.0
NQ,2023-09-19 15:45:00,2000.0
NQ,2023-09-22 16:00:00,-1000.0
NQ,2023-09-26 16:30:00,-1000.0
NQ,2023-09-28 16:30:00,-1000.0
NQ,2023-10-02 16:15:00,2000.0
NQ,2023-10-03 16:15:00,-1000.0
NQ,2023-10-04 15:45:00,-1000.0
NQ,2023-10-05 16:30:00,-1000.0
NQ,2023-10-09 15:45:00,-1000.0
NQ,2023-10-10 16:30:00,2000.0
NQ,2023-10-17 15:45:00,-1000.0
NQ,2023-10-19 16:15:00,-1000.0
NQ,2023-10-25 16:15:00,2000.0
NQ,2023-10-26 16:30:00,-1000.0
NQ,2023-10-30 16:00:00,-1000.0
NQ,2023-10-31 15:45:00,-1000.0
NQ,2023-11-01 16:00:00,-1000.0
NQ,2023-11-02 16:15:00,225.0
NQ,2023-11-08 15:45:00,-1000.0
NQ,2023-11-10 16:15:00,-1000.0
NQ,2023-11-16 15:45:00,-1000.0
NQ,2023-11-16 16:30:00,-1000.0
NQ,2023-11-17 16:00:00,-1000.0
NQ,2023-11-20 16:15:00,-1000.0
NQ,2023-11-29 16:15:00,-1000.0
NQ,2023-11-30 16:15:00,2000.0
NQ,2023-12-04 15:45:00,2000.0
NQ,2023-12-06 15:45:00,-1000.0
NQ,2023-12-07 15:45:00,2000.0
NQ,2023-12-08 16:15:00,2000.0
NQ,2023-12-11 16:15:00,1640.0
NQ,2023-12-12 16:30:00,2000.0
NQ,2023-12-20 16:15:00,-1000.0
NQ,2023-12-22 16:15:00,-1000.0
NQ,2023-12-26 16:15:00,980.0
NQ,2024-01-02 16:15:00,2000.0
NQ,2024-01-08 15:45:00,2000.0
NQ,2024-01-08 16:15:00,2000.0
NQ,2024-01-10 15:45:00,2000.0
NQ,2024-01-11 16:00:00,-1000.0
NQ,2024-01-11 16:30:00,-1000.0
NQ,2024-01-12 15:45:00,-1000.0
NQ,2024-01-17 16:15:00,-1000.0
NQ,2024-01-26 15:45:00,-1000.0
NQ,2024-02-02 16:15:00,2000.0
NQ,2024-02-06 16:15:00,75.0
NQ,2024-02-07 15:45:00,-1000.0
NQ,2024-02-09 16:30:00,2000.0
NQ,2024-02-16 16:15:00,-1000.0
NQ,2024-02-20 16:15:00,2000.0
NQ,2024-02-23 15:45:00,-1000.0
NQ,2024-03-01 16:00:00,2000.0
NQ,2024-03-05 16:15:00,2000.0
NQ,2024-03-06 16:30:00,-1000.0
NQ,2024-03-07 16:00:00,2000.0
NQ,2024-03-08 16:30:00,-1000.0
NQ,2024-03-12 16:00:00,-1000.0
NQ,2024-03-26 16:00:00,2000.0
NQ,2024-03-27 15:45:00,-1000.0
NQ,2024-03-28 15:45:00,510.0
NQ,2024-04-01 15:45:00,-1000.0
NQ,2024-04-01 16:15:00,-1000.0
NQ,2024-04-02 15:45:00,-1000.0
NQ,2024-04-15 16:15:00,2000.0
NQ,2024-04-17 15:45:00,-1000.0
NQ,2024-04-17 16:15:00,2000.0
NQ,2024-04-18 16:15:00,-1000.0
NQ,2024-04-23 16:15:00,2000.0
NQ,2024-04-24 16:00:00,-1000.0
NQ,2024-04-25 15:45:00,-1000.0
NQ,2024-04-26 16:15:00,2000.0
NQ,2024-05-02 16:15:00,2000.0
NQ,2024-05-02 16:30:00,-1000.0
NQ,2024-05-06 16:15:00,1515.0
NQ,2024-05-09 16:15:00,-1000.0
NQ,2024-05-10 16:15:00,-1000.0
NQ,2024-05-17 16:00:00,2000.0
NQ,2024-05-20 16:15:00,-90.0
NQ,2024-05-21 15:45:00,-1000.0
NQ,2024-05-28 16:15:00,-1000.0
NQ,2024-05-31 16:30:00,2000.0
NQ,2024-06-03 15:45:00,-1000.0
NQ,2024-06-04 15:45:00,-1000.0
NQ,2024-06-05 15:45:00,2000.0
NQ,2024-06-12 16:15:00,-1000.0
NQ,2024-06-14 16:15:00,-1000.0
NQ,2024-06-21 16:15:00,-1000.0
NQ,2024-06-26 16:15:00,-1000.0
NQ,2024-06-27 16:15:00,-1000.0
NQ,2024-06-28 16:15:00,2000.0
NQ,2024-06-28 16:30:00,-1000.0
NQ,2024-07-01 16:15:00,-1000.0
NQ,2024-07-02 16:00:00,-1000.0
NQ,2024-07-03 16:15:00,2000.0
NQ,2024-07-05 16:00:00,2000.0
NQ,2024-07-16 16:30:00,-1000.0
NQ,2024-07-17 16:15:00,2000.0
NQ,2024-07-18 16:15:00,2000.0
NQ,2024-07-22 15:45:00,-1000.0
NQ,2024-07-23 16:15:00,-1000.0
NQ,2024-07-24 16:15:00,2000.0
NQ,2024-07-25 16:15:00,2000.0
NQ,2024-07-25 16:30:00,-1000.0
NQ,2024-07-26 16:15:00,-1000.0
NQ,2024-07-29 16:15:00,-1000.0
NQ,2024-07-30 16:30:00,2000.0
NQ,2024-08-01 16:15:00,-1000.0
NQ,2024-08-07 16:15:00,-1000.0
NQ,2024-08-13 16:15:00,2000.0
NQ,2024-08-15 16:15:00,-1000.0
NQ,2024-08-15 16:30:00,2000.0
NQ,2024-08-20 16:15:00,-1000.0
NQ,2024-08-26 16:30:00,2000.0
NQ,2024-08-28 16:15:00,2000.0
NQ,2024-08-29 16:15:00,-1000.0
NQ,2024-09-03 16:15:00,2000.0
NQ,2024-09-05 16:15:00,-1000.0
NQ,2024-09-06 16:15:00,2000.0
NQ,2024-09-11 15:45:00,-1000.0
NQ,2024-09-13 16:15:00,-1000.0
NQ,2024-09-19 15:45:00,-1000.0
NQ,2024-09-24 15:45:00,-1000.0
NQ,2024-09-24 16:30:00,-1000.0
NQ,2024-09-25 16:15:00,-1000.0
NQ,2024-10-01 16:15:00,2000.0
NQ,2024-10-02 15:45:00,2000.0
NQ,2024-10-03 16:15:00,-1000.0
NQ,2024-10-08 16:30:00,2000.0
NQ,2024-10-09 15:45:00,2000.0
NQ,2024-10-11 16:00:00,-1000.0
NQ,2024-10-14 15:45:00,2000.0
NQ,2024-10-14 16:15:00,-1000.0
NQ,2024-10-16 16:15:00,-1000.0
NQ,2024-10-17 15:45:00,-1000.0
NQ,2024-10-21 16:00:00,-1000.0
NQ,2024-10-24 16:00:00,-1000.0
NQ,2024-10-25 16:15:00,-1000.0
NQ,2024-10-30 15:45:00,-1000.0
NQ,2024-11-04 15:45:00,2000.0
NQ,2024-11-05 16:00:00,2000.0
NQ,2024-11-05 16:30:00,2000.0
NQ,2024-11-07 15:45:00,2000.0
NQ,2024-11-07 16:15:00,2000.0
NQ,2024-11-08 15:45:00,825.0
NQ,2024-11-11 16:15:00,-1000.0
NQ,2024-11-15 15:45:00,2000.0
NQ,2024-11-18 16:15:00,-1000.0
NQ,2024-11-20 16:00:00,2000.0
NQ,2024-11-21 15:45:00,-1000.0
NQ,2024-11-21 16:15:00,2000.0
NQ,2024-11-27 16:15:00,2000.0
NQ,2024-11-29 16:30:00,590.0
NQ,2024-12-02 16:15:00,2000.0
NQ,2024-12-03 16:15:00,2000.0
NQ,2024-12-06 16:15:00,530.0
NQ,2024-12-11 15:45:00,2000.0
NQ,2024-12-11 16:15:00,2000.0
NQ,2024-12-13 16:15:00,-1000.0
NQ,2024-12-16 16:15:00,2000.0
NQ,2024-12-23 16:00:00,-1000.0
NQ,2024-12-24 16:15:00,2000.0
NQ,2024-12-27 15:45:00,2000.0
NQ,2024-12-27 16:00:00,-1000.0
NQ,2024-12-27 16:15:00,2000.0
NQ,2024-12-30 16:15:00,-1000.0
NQ,2024-12-31 16:15:00,2000.0
NQ,2025-01-02 15:45:00,2000.0
NQ,2025-01-03 16:00:00,-1000.0
NQ,2025-01-03 16:15:00,-1000.0
NQ,2025-01-06 16:15:00,-1000.0
NQ,2025-01-10 16:15:00,2000.0
NQ,2025-01-10 16:30:00,-1000.0
NQ,2025-01-13 15:45:00,-1000.0
NQ,2025-01-15 16:15:00,-1000.0
NQ,2025-01-17 15:45:00,-1000.0
NQ,2025-01-20 16:00:00,-1000.0
NQ,2025-01-22 16:15:00,-575.0
NQ,2025-01-24 15:45:00,-1000.0
NQ,2025-01-31 16:15:00,-1000.0
NQ,2025-02-04 16:15:00,2000.0
NQ,2025-02-11 16:15:00,-1000.0
NQ,2025-02-18 16:15:00,-435.0
NQ,2025-02-20 16:15:00,-1000.0
NQ,2025-02-21 16:00:00,2000.0
NQ,2025-02-24 16:15:00,2000.0
NQ,2025-02-24 16:30:00,2000.0
NQ,2025-02-25 16:15:00,2000.0
NQ,2025-02-25 16:30:00,2000.0
NQ,2025-02-27 16:15:00,-1000.0
NQ,2025-02-27 16:30:00,-1000.0
NQ,2025-03-03 16:15:00,-1000.0
NQ,2025-03-03 16:30:00,-1000.0
NQ,2025-03-04 16:30:00,2000.0
NQ,2025-03-10 16:15:00,-1000.0
NQ,2025-03-11 15:45:00,-1000.0
NQ,2025-03-12 16:15:00,-1000.0
NQ,2025-03-14 15:45:00,-1000.0
NQ,2025-03-14 16:15:00,2000.0
NQ,2025-03-19 16:15:00,-1000.0
NQ,2025-03-20 15:45:00,-1000.0
NQ,2025-03-25 16:15:00,-1000.0
NQ,2025-03-28 15:45:00,2000.0
NQ,2025-03-31 16:00:00,-1000.0
NQ,2025-03-31 16:15:00,-1000.0
NQ,2025-04-02 15:45:00,-1000.0
NQ,2025-04-02 16:15:00,2000.0
NQ,2025-04-07 16:00:00,-1000.0
NQ,2025-04-07 16:30:00,2000.0
NQ,2025-04-08 15:45:00,-1000.0
NQ,2025-04-08 16:30:00,-1000.0
NQ,2025-04-11 15:45:00,-1000.0
NQ,2025-04-11 16:15:00,-1000.0
NQ,2025-04-15 15:45:00,2000.0
NQ,2025-04-15 16:15:00,-1000.0
NQ,2025-04-21 16:30:00,2000.0
NQ,2025-04-22 16:15:00,2000.0
NQ,2025-04-23 16:15:00,-1000.0
NQ,2025-04-24 16:15:00,2000.0
NQ,2025-04-29 15:45:00,-1000.0
NQ,2025-04-29 16:15:00,2000.0
NQ,2025-04-30 16:15:00,-1000.0
NQ,2025-05-07 15:45:00,-1000.0
NQ,2025-05-13 16:15:00,2000.0
NQ,2025-05-19 16:15:00,2000.0
NQ,2025-05-21 15:45:00,-1000.0
NQ,2025-05-27 16:30:00,2000.0
NQ,2025-05-29 16:15:00,2000.0
NQ,2025-06-16 16:15:00,215.0
NQ,2025-06-19 16:15:00,-1000.0
NQ,2025-06-23 16:30:00,-1000.0
NQ,2025-06-27 16:15:00,-1000.0
NQ,2025-07-03 15:45:00,2000.0
NQ,2025-07-03 16:30:00,150.0
NQ,2025-07-08 16:15:00,-1000.0
NQ,2025-07-09 16:00:00,-1000.0
NQ,2025-07-10 16:30:00,-1000.0
NQ,2025-07-16 16:15:00,-1000.0
NQ,2025-07-17 16:30:00,2000.0
NQ,2025-07-21 16:00:00,165.0
NQ,2025-07-22 16:15:00,-1000.0
NQ,2025-07-23 16:15:00,-1000.0
NQ,2025-07-25 16:30:00,855.0
NQ,2025-07-28 16:15:00,-1000.0
NQ,2025-07-29 16:00:00,-1000.0
NQ,2025-08-01 16:15:00,-1000.0
NQ,2025-08-04 16:00:00,2000.0
NQ,2025-08-08 16:15:00,2000.0
NQ,2025-08-14 16:15:00,-1000.0
NQ,2025-08-15 16:15:00,-1000.0
NQ,2025-08-19 16:15:00,-1000.0
NQ,2025-08-20 16:15:00,2000.0
NQ,2025-08-29 16:15:00,2000.0
NQ,2025-09-08 16:15:00,-1000.0
NQ,2025-09-15 16:15:00,710.0
NQ,2025-09-19 15:45:00,-1000.0
NQ,2025-09-22 16:00:00,2000.0
NQ,2025-09-24 16:15:00,2000.0
NQ,2025-09-25 16:15:00,-1000.0
NQ,2025-09-29 16:15:00,-1000.0
NQ,2025-09-30 16:15:00,-1000.0
NQ,2025-10-08 16:15:00,2000.0
NQ,2025-10-10 16:15:00,-1000.0
NQ,2025-10-14 16:15:00,-1000.0
NQ,2025-10-15 16:30:00,-1000.0
NQ,2025-10-20 16:15:00,2000.0
NQ,2025-11-03 15:45:00,-1000.0
NQ,2025-11-06 16:00:00,-1000.0
NQ,2025-11-06 16:30:00,-1000.0
NQ,2025-11-07 16:15:00,2000.0
NQ,2025-11-10 16:15:00,-1000.0
NQ,2025-11-12 16:00:00,2000.0
NQ,2025-11-13 16:15:00,-1000.0
NQ,2025-11-17 16:15:00,-1000.0
NQ,2025-11-18 16:30:00,-1000.0
NQ,2025-11-19 15:45:00,-1000.0
NQ,2025-11-19 16:15:00,-1000.0
