Trade number,Instrument,Account,Strategy,Market pos.,Qty,Entry price,Exit price,Entry time,Exit time,Entry name,Exit name,Profit,Cum. net profit,Commission,MAE,MFE,ETD,Bars,
1,BTC DEC25,Backtest,FairValueGapStrategyFiltered,Short,1,27050,27145,1/4/2019 4:15:00 PM,1/4/2019 11:00:00 PM,FVG Short,Exit on session close,($490.92),($490.92),$15.92,$850.00,$25.00,$515.92,28,
2,BTC DEC25,Backtest,FairValueGapStrategyFiltered,Short,1,26950,26945,2/15/2019 4:00:00 PM,2/15/2019 11:00:00 PM,FVG Short,Exit on session close,$9.08,($481.84),$15.92,$25.00,$100.00,$90.92,26,
3,BTC DEC25,Backtest,FairValueGapStrategyFiltered,Short,1,27125,27165,2/25/2019 3:45:00 PM,2/26/2019 1:00:00 AM,FVG Short,Exit on session close,($215.92),($697.76),$15.92,$400.00,$50.00,$265.92,34,
4,BTC DEC25,Backtest,FairValueGapStrategyFiltered,Short,1,27135,27150,2/27/2019 3:30:00 PM,2/28/2019 1:00:00 AM,FVG Short,Exit on session close,($90.92),($788.68),$15.92,$125.00,$775.00,$865.92,34,
5,BTC DEC25,Backtest,FairValueGapStrategyFiltered,Short,1,27190,27205,3/11/2019 3:45:00 PM,3/12/2019 1:00:00 AM,FVG Short,Exit on session close,($90.92),($879.60),$15.92,$100.00,$25.00,$115.92,30,
6,BTC DEC25,Backtest,FairValueGapStrategyFiltered,Short,1,27335,27325,3/21/2019 4:00:00 PM,3/22/2019 1:00:00 AM,FVG Short,Exit on session close,$34.08,($845.52),$15.92,$0.00,$375.00,$340.92,30,
7,BTC DEC25,Backtest,FairValueGapStrategyFiltered,Short,1,27325,27325,3/24/2019 11:15:00 PM,3/25/2019 1:00:00 AM,FVG Short,Exit on session close,($15.92),($861.44),$15.92,$25.00,$25.00,$40.92,7,
8,BTC DEC25,Backtest,FairValueGapStrategyFiltered,Long,1,28400,28340,4/3/2019 3:45:00 PM,4/4/2019 2:00:00 AM,FVG Long,Exit on session close,($315.92),($1177.36),$15.92,$1125.00,$1425.00,$1740.92,38,
9,BTC DEC25,Backtest,FairValueGapStrategyFiltered,Long,1,28605,28555,4/9/2019 3:45:00 PM,4/10/2019 2:00:00 AM,FVG Long,Exit on session close,($265.92),($1443.28),$15.92,$425.00,$25.00,$290.92,38,
10,BTC DEC25,Backtest,FairValueGapStrategyFiltered,Short,1,28440,28410,4/12/2019 4:00:00 PM,4/12/2019 11:00:00 PM,FVG Short,Exit on session close,$134.08,($1309.20),$15.92,$225.00,$200.00,$65.92,29,
11,BTC DEC25,Backtest,FairValueGapStrategyFiltered,Long,1,28615,28630,4/30/2019 4:00:00 PM,5/1/2019 2:00:00 AM,FVG Long,Exit on session close,$59.08,($1250.12),$15.92,$125.00,$150.00,$90.92,37,
12,BTC DEC25,Backtest,FairValueGapStrategyFiltered,Long,1,29325,29105,5/7/2019 4:15:00 PM,5/8/2019 2:00:00 AM,FVG Long,Exit on session close,($1115.92),($2366.04),$15.92,$1325.00,$125.00,$1240.92,36,
13,BTC DEC25,Backtest,FairValueGapStrategyFiltered,Long,1,29375,29515,5/9/2019 4:15:00 PM,5/10/2019 2:00:00 AM,FVG Long,Exit on session close,$684.08,($1681.96),$15.92,$150.00,$825.00,$140.92,36,
14,BTC DEC25,Backtest,FairValueGapStrategyFiltered,Long,1,30770,31220,5/13/2019 3:45:00 PM,5/14/2019 2:00:00 AM,FVG Long,Exit on session close,$2234.08,$552.12,$15.92,$100.00,$3975.00,$1740.92,38,
15,BTC DEC25,Backtest,FairValueGapStrategyFiltered,Long,1,31395,31340,5/21/2019 3:30:00 PM,5/22/2019 2:00:00 AM,FVG Long,Exit on session close,($290.92),$261.20,$15.92,$650.00,$500.00,$790.92,39,
16,BTC DEC25,Backtest,FairValueGapStrategyFiltered,Short,1,31815,31450,6/3/2019 4:15:00 PM,6/4/2019 2:00:00 AM,FVG Short,Exit on session close,$1809.08,$2070.28,$15.92,$725.00,$2175.00,$365.92,36,
17,BTC DEC25,Backtest,FairValueGapStrategyFiltered,Short,1,31120,31135,6/5/2019 4:15:00 PM,6/6/2019 2:00:00 AM,FVG Short,Exit on session close,($90.92),$1979.36,$15.92,$800.00,$1025.00,$1115.92,36,
18,BTC DEC25,Backtest,FairValueGapStrategyFiltered,Short,1,31015,31140,6/6/2019 3:45:00 PM,6/7/2019 2:00:00 AM,FVG Short,Exit on session close,($640.92),$1338.44,$15.92,$775.00,$1225.00,$1865.92,37,
19,BTC DEC25,Backtest,FairValueGapStrategyFiltered,Long,1,31510,31575,6/13/2019 3:45:00 PM,6/14/2019 2:00:00 AM,FVG Long,Exit on session close,$309.08,$1647.52,$15.92,$125.00,$900.00,$590.92,38,
20,BTC DEC25,Backtest,FairValueGapStrategyFiltered,Long,1,32695,32920,6/20/2019 3:45:00 PM,6/21/2019 2:00:00 AM,FVG Long,Exit on session close,$1109.08,$2756.60,$15.92,$75.00,$1600.00,$490.92,38,
21,BTC DEC25,Backtest,FairValueGapStrategyFiltered,Long,1,36175,35675,6/26/2019 3:30:00 PM,6/26/2019 10:45:00 PM,FVG Long,Stop loss,($2515.92),$240.68,$15.92,$2500.00,$5250.00,$7765.92,30,
22,BTC DEC25,Backtest,FairValueGapStrategyFiltered,Short,1,35045,35545,6/28/2019 3:30:00 PM,6/28/2019 9:30:00 PM,FVG Short,Stop loss,($2515.92),($2275.24),$15.92,$2500.00,$800.00,$3315.92,25,
23,BTC DEC25,Backtest,FairValueGapStrategyFiltered,Short,1,34405,34235,7/5/2019 4:15:00 PM,7/5/2019 11:00:00 PM,FVG Short,Exit on session close,$834.08,($1441.16),$15.92,$1300.00,$1925.00,$1090.92,28,
24,BTC DEC25,Backtest,FairValueGapStrategyFiltered,Long,1,34010,33510,7/15/2019 12:15:00 AM,7/15/2019 1:15:00 AM,FVG Long,Stop loss,($2515.92),($3957.08),$15.92,$2500.00,$0.00,$2515.92,5,
25,BTC DEC25,Backtest,FairValueGapStrategyFiltered,Short,1,33195,33695,7/15/2019 3:30:00 PM,7/15/2019 4:15:00 PM,FVG Short,Stop loss,($2515.92),($6473.00),$15.92,$2500.00,$0.00,$2515.92,4,
26,BTC DEC25,Backtest,FairValueGapStrategyFiltered,Short,1,33565,32510,7/16/2019 3:30:00 PM,7/17/2019 2:00:00 AM,FVG Short,Exit on session close,$5259.08,($1213.92),$15.92,$650.00,$5600.00,$340.92,39,
27,BTC DEC25,Backtest,FairValueGapStrategyFiltered,Short,1,32970,32915,7/23/2019 3:45:00 PM,7/24/2019 2:00:00 AM,FVG Short,Exit on session close,$259.08,($954.84),$15.92,$1600.00,$500.00,$240.92,38,
28,BTC DEC25,Backtest,FairValueGapStrategyFiltered,Short,1,32735,32745,7/24/2019 4:00:00 PM,7/24/2019 11:00:00 PM,FVG Short,Exit on session close,($65.92),($1020.76),$15.92,$1200.00,$925.00,$990.92,29,
29,BTC DEC25,Backtest,FairValueGapStrategyFiltered,Short,1,32795,32875,7/26/2019 3:30:00 PM,7/26/2019 11:00:00 PM,FVG Short,Exit on session close,($415.92),($1436.68),$15.92,$775.00,$250.00,$665.92,31,
30,BTC DEC25,Backtest,FairValueGapStrategyFiltered,Short,1,32570,32605,7/30/2019 4:00:00 PM,7/31/2019 2:00:00 AM,FVG Short,Exit on session close,($190.92),($1627.60),$15.92,$1275.00,$225.00,$415.92,36,
31,BTC DEC25,Backtest,FairValueGapStrategyFiltered,Long,1,32930,33120,7/31/2019 4:00:00 PM,8/1/2019 2:00:00 AM,FVG Long,Exit on session close,$934.08,($693.52),$15.92,$25.00,$1300.00,$365.92,37,
32,BTC DEC25,Backtest,FairValueGapStrategyFiltered,Long,1,33085,33470,8/1/2019 4:15:00 PM,8/2/2019 2:00:00 AM,FVG Long,Exit on session close,$1909.08,$1215.56,$15.92,$375.00,$2375.00,$465.92,36,
33,BTC DEC25,Backtest,FairValueGapStrategyFiltered,Long,1,35045,34545,8/7/2019 3:30:00 PM,8/7/2019 7:00:00 PM,FVG Long,Stop loss,($2515.92),($1300.36),$15.92,$2500.00,$900.00,$3415.92,15,
34,BTC DEC25,Backtest,FairValueGapStrategyFiltered,Short,1,34695,35045,8/8/2019 4:15:00 PM,8/9/2019 2:00:00 AM,FVG Short,Exit on session close,($1765.92),($3066.28),$15.92,$2175.00,$1000.00,$2765.92,36,
35,BTC DEC25,Backtest,FairValueGapStrategyFiltered,Long,1,34860,34895,8/9/2019 3:45:00 PM,8/9/2019 11:00:00 PM,FVG Long,Exit on session close,$159.08,($2907.20),$15.92,$750.00,$300.00,$140.92,30,
36,BTC DEC25,Backtest,FairValueGapStrategyFiltered,Short,1,34180,33815,8/13/2019 3:30:00 PM,8/14/2019 2:00:00 AM,FVG Short,Exit on session close,$1809.08,($1098.12),$15.92,$0.00,$2425.00,$615.92,39,
37,BTC DEC25,Backtest,FairValueGapStrategyFiltered,Short,1,33530,32960,8/14/2019 4:15:00 PM,8/15/2019 2:00:00 AM,FVG Short,Exit on session close,$2834.08,$1735.96,$15.92,$125.00,$3425.00,$590.92,36,
38,BTC DEC25,Backtest,FairValueGapStrategyFiltered,Long,1,33320,33275,8/23/2019 4:15:00 PM,8/23/2019 11:00:00 PM,FVG Long,Exit on session close,($240.92),$1495.04,$15.92,$450.00,$550.00,$790.92,28,
39,BTC DEC25,Backtest,FairValueGapStrategyFiltered,Long,1,33125,32625,8/28/2019 3:45:00 PM,8/28/2019 8:30:00 PM,FVG Long,Stop loss,($2515.92),($1020.88),$15.92,$2500.00,$325.00,$2840.92,20,
40,BTC DEC25,Backtest,FairValueGapStrategyFiltered,Long,1,33620,33575,9/3/2019 3:30:00 PM,9/4/2019 2:00:00 AM,FVG Long,Exit on session close,($240.92),($1261.80),$15.92,$800.00,$650.00,$890.92,38,
41,BTC DEC25,Backtest,FairValueGapStrategyFiltered,Short,1,33235,33200,9/9/2019 3:30:00 PM,9/10/2019 2:00:00 AM,FVG Short,Exit on session close,$159.08,($1102.72),$15.92,$300.00,$925.00,$765.92,39,
42,BTC DEC25,Backtest,FairValueGapStrategyFiltered,Short,1,33100,32965,9/10/2019 3:45:00 PM,9/11/2019 2:00:00 AM,FVG Short,Exit on session close,$659.08,($443.64),$15.92,$125.00,$1650.00,$990.92,38,
43,BTC DEC25,Backtest,FairValueGapStrategyFiltered,Short,1,32885,33045,9/11/2019 3:45:00 PM,9/12/2019 2:00:00 AM,FVG Short,Exit on session close,($815.92),($1259.56),$15.92,$950.00,$425.00,$1240.92,36,
44,BTC DEC25,Backtest,FairValueGapStrategyFiltered,Long,1,33180,33340,9/12/2019 3:30:00 PM,9/13/2019 2:00:00 AM,FVG Long,Exit on session close,$784.08,($475.48),$15.92,$150.00,$1025.00,$240.92,39,
45,BTC DEC25,Backtest,FairValueGapStrategyFiltered,Short,1,33000,33120,9/16/2019 4:15:00 PM,9/17/2019 2:00:00 AM,FVG Short,Exit on session close,($615.92),($1091.40),$15.92,$1150.00,$350.00,$965.92,35,
46,BTC DEC25,Backtest,FairValueGapStrategyFiltered,Short,1,33050,33075,9/17/2019 4:15:00 PM,9/18/2019 2:00:00 AM,FVG Short,Exit on session close,($140.92),($1232.32),$15.92,$500.00,$50.00,$190.92,34,
47,BTC DEC25,Backtest,FairValueGapStrategyFiltered,Short,1,31170,30885,9/26/2019 3:45:00 PM,9/27/2019 2:00:00 AM,FVG Short,Exit on session close,$1409.08,$176.76,$15.92,$350.00,$3125.00,$1715.92,38,
48,BTC DEC25,Backtest,FairValueGapStrategyFiltered,Long,1,30940,31140,9/30/2019 4:00:00 PM,10/1/2019 2:00:00 AM,FVG Long,Exit on session close,$984.08,$1160.84,$15.92,$150.00,$1275.00,$290.92,37,
49,BTC DEC25,Backtest,FairValueGapStrategyFiltered,Long,1,31290,31375,10/10/2019 4:15:00 PM,10/11/2019 2:00:00 AM,FVG Long,Exit on session close,$409.08,$1569.92,$15.92,$100.00,$550.00,$140.92,36,
50,BTC DEC25,Backtest,FairValueGapStrategyFiltered,Short,1,31065,31160,10/14/2019 3:30:00 PM,10/15/2019 2:00:00 AM,FVG Short,Exit on session close,($490.92),$1079.00,$15.92,$750.00,$325.00,$815.92,38,
51,BTC DEC25,Backtest,FairValueGapStrategyFiltered,Short,1,30215,30185,10/24/2019 3:45:00 PM,10/25/2019 2:00:00 AM,FVG Short,Exit on session close,$134.08,$1213.08,$15.92,$375.00,$175.00,$40.92,38,
52,BTC DEC25,Backtest,FairValueGapStrategyFiltered,Long,1,30480,31420,10/25/2019 4:15:00 PM,10/25/2019 11:00:00 PM,FVG Long,Exit on session close,$4684.08,$5897.16,$15.92,$150.00,$5800.00,$1115.92,28,
53,BTC DEC25,Backtest,FairValueGapStrategyFiltered,Long,1,32110,32285,11/4/2019 3:45:00 PM,11/5/2019 1:00:00 AM,FVG Long,Exit on session close,$859.08,$6756.24,$15.92,$50.00,$2175.00,$1315.92,34,
54,BTC DEC25,Backtest,FairValueGapStrategyFiltered,Short,1,32065,32130,11/5/2019 3:30:00 PM,11/6/2019 1:00:00 AM,FVG Short,Exit on session close,($340.92),$6415.32,$15.92,$1000.00,$0.00,$340.92,35,
55,BTC DEC25,Backtest,FairValueGapStrategyFiltered,Short,1,32165,32185,11/6/2019 3:30:00 PM,11/7/2019 1:00:00 AM,FVG Short,Exit on session close,($115.92),$6299.40,$15.92,$250.00,$425.00,$540.92,35,
56,BTC DEC25,Backtest,FairValueGapStrategyFiltered,Short,1,31520,31640,11/8/2019 4:15:00 PM,11/8/2019 11:00:00 PM,FVG Short,Exit on session close,($615.92),$5683.48,$15.92,$700.00,$225.00,$840.92,28,
57,BTC DEC25,Backtest,FairValueGapStrategyFiltered,Long,1,31550,31560,11/13/2019 4:00:00 PM,11/14/2019 1:00:00 AM,FVG Long,Exit on session close,$34.08,$5717.56,$15.92,$175.00,$175.00,$140.92,33,
58,BTC DEC25,Backtest,FairValueGapStrategyFiltered,Short,1,31390,31240,11/15/2019 3:30:00 PM,11/15/2019 11:00:00 PM,FVG Short,Exit on session close,$734.08,$6451.64,$15.92,$0.00,$1400.00,$665.92,31,
59,BTC DEC25,Backtest,FairValueGapStrategyFiltered,Short,1,30575,30375,11/21/2019 4:00:00 PM,11/22/2019 1:00:00 AM,FVG Short,Exit on session close,$984.08,$7435.72,$15.92,$75.00,$2300.00,$1315.92,33,
60,BTC DEC25,Backtest,FairValueGapStrategyFiltered,Short,1,29665,30100,11/22/2019 3:45:00 PM,11/22/2019 11:00:00 PM,FVG Short,Exit on session close,($2190.92),$5244.80,$15.92,$2375.00,$75.00,$2265.92,30,
61,BTC DEC25,Backtest,FairValueGapStrategyFiltered,Short,1,30070,30060,12/2/2019 4:15:00 PM,12/3/2019 1:00:00 AM,FVG Short,Exit on session close,$34.08,$5278.88,$15.92,$200.00,$250.00,$215.92,32,
62,BTC DEC25,Backtest,FairValueGapStrategyFiltered,Short,1,29890,29940,12/12/2019 4:00:00 PM,12/13/2019 1:00:00 AM,FVG Short,Exit on session close,($265.92),$5012.96,$15.92,$600.00,$50.00,$315.92,32,
63,BTC DEC25,Backtest,FairValueGapStrategyFiltered,Long,1,30325,30055,12/23/2019 4:15:00 PM,12/24/2019 1:00:00 AM,FVG Long,Exit on session close,($1365.92),$3647.04,$15.92,$1525.00,$600.00,$1965.92,32,
64,BTC DEC25,Backtest,FairValueGapStrategyFiltered,Short,1,30080,29950,12/24/2019 4:15:00 PM,12/24/2019 7:15:00 PM,FVG Short,Exit on session close,$634.08,$4281.12,$15.92,$0.00,$675.00,$40.92,13,
65,BTC DEC25,Backtest,FairValueGapStrategyFiltered,Long,1,30005,29905,12/31/2019 4:00:00 PM,12/31/2019 11:00:00 PM,FVG Long,Exit on session close,($515.92),$3765.20,$15.92,$800.00,$150.00,$665.92,29,
66,BTC DEC25,Backtest,FairValueGapStrategyFiltered,Long,1,30665,30970,1/7/2020 4:00:00 PM,1/8/2020 1:00:00 AM,FVG Long,Exit on session close,$1509.08,$5274.28,$15.92,$875.00,$1800.00,$290.92,33,
67,BTC DEC25,Backtest,FairValueGapStrategyFiltered,Short,1,30625,30810,1/10/2020 3:30:00 PM,1/10/2020 11:00:00 PM,FVG Short,Exit on session close,($940.92),$4333.36,$15.92,$1400.00,$0.00,$940.92,31,
68,BTC DEC25,Backtest,FairValueGapStrategyFiltered,Long,1,31405,31575,1/14/2020 3:30:00 PM,1/15/2020 1:00:00 AM,FVG Long,Exit on session close,$834.08,$5167.44,$15.92,$650.00,$1300.00,$465.92,35,
69,BTC DEC25,Backtest,FairValueGapStrategyFiltered,Long,1,32035,32220,1/30/2020 4:15:00 PM,1/31/2020 1:00:00 AM,FVG Long,Exit on session close,$909.08,$6076.52,$15.92,$800.00,$1250.00,$340.92,32,
70,BTC DEC25,Backtest,FairValueGapStrategyFiltered,Long,1,32510,32420,2/6/2020 4:00:00 PM,2/7/2020 1:00:00 AM,FVG Long,Exit on session close,($465.92),$5610.60,$15.92,$1150.00,$50.00,$515.92,33,
71,BTC DEC25,Backtest,FairValueGapStrategyFiltered,Long,1,32510,32480,2/10/2020 4:15:00 PM,2/11/2020 1:00:00 AM,FVG Long,Exit on session close,($165.92),$5444.68,$15.92,$500.00,$250.00,$415.92,32,
72,BTC DEC25,Backtest,FairValueGapStrategyFiltered,Short,1,32895,33015,2/14/2020 4:15:00 PM,2/14/2020 11:00:00 PM,FVG Short,Exit on session close,($615.92),$4828.76,$15.92,$1400.00,$0.00,$615.92,28,
73,BTC DEC25,Backtest,FairValueGapStrategyFiltered,Short,1,32320,32250,2/21/2020 3:45:00 PM,2/21/2020 11:00:00 PM,FVG Short,Exit on session close,$334.08,$5162.84,$15.92,$150.00,$900.00,$565.92,30,
74,BTC DEC25,Backtest,FairValueGapStrategyFiltered,Short,1,32015,31860,2/25/2020 3:45:00 PM,2/26/2020 1:00:00 AM,FVG Short,Exit on session close,$759.08,$5921.92,$15.92,$25.00,$1175.00,$415.92,33,
75,BTC DEC25,Backtest,FairValueGapStrategyFiltered,Short,1,31595,31285,2/26/2020 3:30:00 PM,2/26/2020 11:00:00 PM,FVG Short,Exit on session close,$1534.08,$7456.00,$15.92,$25.00,$2300.00,$765.92,31,
76,BTC DEC25,Backtest,FairValueGapStrategyFiltered,Short,1,31220,31260,3/4/2020 4:15:00 PM,3/5/2020 1:00:00 AM,FVG Short,Exit on session close,($215.92),$7240.08,$15.92,$250.00,$350.00,$565.92,32,
77,BTC DEC25,Backtest,FairValueGapStrategyFiltered,Short,1,30310,30400,3/11/2020 3:30:00 PM,3/12/2020 1:00:00 AM,FVG Short,Exit on session close,($465.92),$6774.16,$15.92,$700.00,$1250.00,$1715.92,35,
78,BTC DEC25,Backtest,FairValueGapStrategyFiltered,Short,1,27865,27770,3/13/2020 4:15:00 PM,3/13/2020 10:00:00 PM,FVG Short,Exit on session close,$459.08,$7233.24,$15.92,$200.00,$3325.00,$2865.92,24,
79,BTC DEC25,Backtest,FairValueGapStrategyFiltered,Long,1,27705,27785,3/17/2020 4:00:00 PM,3/18/2020 1:00:00 AM,FVG Long,Exit on session close,$384.08,$7617.32,$15.92,$150.00,$1350.00,$965.92,33,
80,BTC DEC25,Backtest,FairValueGapStrategyFiltered,Long,1,29105,28605,3/20/2020 3:30:00 PM,3/20/2020 9:15:00 PM,FVG Long,Stop loss,($2515.92),$5101.40,$15.92,$2500.00,$425.00,$2940.92,24,
81,BTC DEC25,Backtest,FairValueGapStrategyFiltered,Short,1,29025,29215,3/26/2020 4:15:00 PM,3/27/2020 1:00:00 AM,FVG Short,Exit on session close,($965.92),$4135.48,$15.92,$1000.00,$100.00,$1065.92,31,
82,BTC DEC25,Backtest,FairValueGapStrategyFiltered,Long,1,28870,28835,3/31/2020 3:30:00 PM,4/1/2020 2:00:00 AM,FVG Long,Exit on session close,($190.92),$3944.56,$15.92,$225.00,$300.00,$490.92,38,
83,BTC DEC25,Backtest,FairValueGapStrategyFiltered,Short,1,28625,29125,4/1/2020 4:15:00 PM,4/2/2020 12:45:00 AM,FVG Short,Stop loss,($2515.92),$1428.64,$15.92,$2500.00,$300.00,$2815.92,31,
84,BTC DEC25,Backtest,FairValueGapStrategyFiltered,Long,1,29500,29545,4/22/2020 4:00:00 PM,4/22/2020 11:00:00 PM,FVG Long,Exit on session close,$209.08,$1637.72,$15.92,$75.00,$525.00,$315.92,29,
85,BTC DEC25,Backtest,FairValueGapStrategyFiltered,Long,1,29715,29955,4/23/2020 4:15:00 PM,4/24/2020 2:00:00 AM,FVG Long,Exit on session close,$1184.08,$2821.80,$15.92,$25.00,$2650.00,$1465.92,35,
86,BTC DEC25,Backtest,FairValueGapStrategyFiltered,Long,1,30225,30205,4/28/2020 3:30:00 PM,4/29/2020 2:00:00 AM,FVG Long,Exit on session close,($115.92),$2705.88,$15.92,$575.00,$25.00,$140.92,38,
87,BTC DEC25,Backtest,FairValueGapStrategyFiltered,Long,1,30790,31250,4/29/2020 3:30:00 PM,4/30/2020 2:00:00 AM,FVG Long,Exit on session close,$2284.08,$4989.96,$15.92,$250.00,$3250.00,$965.92,39,
88,BTC DEC25,Backtest,FairValueGapStrategyFiltered,Long,1,31965,32520,5/7/2020 4:00:00 PM,5/8/2020 2:00:00 AM,FVG Long,Exit on session close,$2759.08,$7749.04,$15.92,$750.00,$3150.00,$390.92,37,
89,BTC DEC25,Backtest,FairValueGapStrategyFiltered,Short,1,31355,30995,5/11/2020 3:30:00 PM,5/12/2020 2:00:00 AM,FVG Short,Exit on session close,$1784.08,$9533.12,$15.92,$200.00,$3800.00,$2015.92,39,
90,BTC DEC25,Backtest,FairValueGapStrategyFiltered,Short,1,31175,31250,5/12/2020 3:45:00 PM,5/13/2020 2:00:00 AM,FVG Short,Exit on session close,($390.92),$9142.20,$15.92,$1250.00,$150.00,$540.92,38,
91,BTC DEC25,Backtest,FairValueGapStrategyFiltered,Short,1,31665,31455,5/21/2020 4:15:00 PM,5/22/2020 2:00:00 AM,FVG Short,Exit on session close,$1034.08,$10176.28,$15.92,$125.00,$2375.00,$1340.92,36,
92,BTC DEC25,Backtest,FairValueGapStrategyFiltered,Short,1,31515,31570,5/22/2020 3:45:00 PM,5/22/2020 11:00:00 PM,FVG Short,Exit on session close,($290.92),$9885.36,$15.92,$725.00,$250.00,$540.92,30,
93,BTC DEC25,Backtest,FairValueGapStrategyFiltered,Long,1,32130,32170,6/4/2020 3:45:00 PM,6/5/2020 2:00:00 AM,FVG Long,Exit on session close,$184.08,$10069.44,$15.92,$100.00,$750.00,$565.92,38,
94,BTC DEC25,Backtest,FairValueGapStrategyFiltered,Short,1,32080,32175,6/8/2020 3:30:00 PM,6/9/2020 2:00:00 AM,FVG Short,Exit on session close,($490.92),$9578.52,$15.92,$550.00,$825.00,$1315.92,38,
95,BTC DEC25,Backtest,FairValueGapStrategyFiltered,Short,1,32060,32145,6/9/2020 4:00:00 PM,6/10/2020 2:00:00 AM,FVG Short,Exit on session close,($440.92),$9137.60,$15.92,$775.00,$50.00,$490.92,37,
96,BTC DEC25,Backtest,FairValueGapStrategyFiltered,Short,1,32025,31600,6/11/2020 3:30:00 PM,6/12/2020 2:00:00 AM,FVG Short,Exit on session close,$2109.08,$11246.68,$15.92,$0.00,$3200.00,$1090.92,39,
97,BTC DEC25,Backtest,FairValueGapStrategyFiltered,Short,1,31725,31700,6/18/2020 3:30:00 PM,6/19/2020 2:00:00 AM,FVG Short,Exit on session close,$109.08,$11355.76,$15.92,$150.00,$550.00,$440.92,39,
98,BTC DEC25,Backtest,FairValueGapStrategyFiltered,Short,1,31480,31525,6/25/2020 4:15:00 PM,6/26/2020 2:00:00 AM,FVG Short,Exit on session close,($240.92),$11114.84,$15.92,$850.00,$50.00,$290.92,34,
99,BTC DEC25,Backtest,FairValueGapStrategyFiltered,Short,1,31425,31460,6/26/2020 4:00:00 PM,6/26/2020 11:00:00 PM,FVG Short,Exit on session close,($190.92),$10923.92,$15.92,$250.00,$725.00,$915.92,29,
100,BTC DEC25,Backtest,FairValueGapStrategyFiltered,Short,1,31295,31455,6/29/2020 3:45:00 PM,6/30/2020 2:00:00 AM,FVG Short,Exit on session close,($815.92),$10108.00,$15.92,$1050.00,$175.00,$990.92,38,
101,BTC DEC25,Backtest,FairValueGapStrategyFiltered,Long,1,31505,31515,7/1/2020 4:15:00 PM,7/2/2020 2:00:00 AM,FVG Long,Exit on session close,$34.08,$10142.08,$15.92,$75.00,$475.00,$440.92,36,
102,BTC DEC25,Backtest,FairValueGapStrategyFiltered,Long,1,31585,31720,7/8/2020 3:45:00 PM,7/9/2020 2:00:00 AM,FVG Long,Exit on session close,$659.08,$10801.16,$15.92,$0.00,$975.00,$315.92,38,
103,BTC DEC25,Backtest,FairValueGapStrategyFiltered,Short,1,31425,31485,7/10/2020 4:00:00 PM,7/10/2020 11:00:00 PM,FVG Short,Exit on session close,($315.92),$10485.24,$15.92,$350.00,$125.00,$440.92,29,
104,BTC DEC25,Backtest,FairValueGapStrategyFiltered,Long,1,31685,31640,7/21/2020 3:45:00 PM,7/22/2020 2:00:00 AM,FVG Long,Exit on session close,($240.92),$10244.32,$15.92,$575.00,$25.00,$265.92,38,
105,BTC DEC25,Backtest,FairValueGapStrategyFiltered,Long,1,31800,31855,7/24/2020 3:45:00 PM,7/24/2020 11:00:00 PM,FVG Long,Exit on session close,$259.08,$10503.40,$15.92,$200.00,$375.00,$115.92,30,
106,BTC DEC25,Backtest,FairValueGapStrategyFiltered,Long,1,33270,33390,7/30/2020 4:00:00 PM,7/31/2020 2:00:00 AM,FVG Long,Exit on session close,$584.08,$11087.48,$15.92,$375.00,$975.00,$390.92,37,
107,BTC DEC25,Backtest,FairValueGapStrategyFiltered,Short,1,33245,33350,8/4/2020 3:45:00 PM,8/5/2020 2:00:00 AM,FVG Short,Exit on session close,($540.92),$10546.56,$15.92,$975.00,$100.00,$640.92,37,
108,BTC DEC25,Backtest,FairValueGapStrategyFiltered,Long,1,33795,33945,8/5/2020 3:30:00 PM,8/6/2020 2:00:00 AM,FVG Long,Exit on session close,$734.08,$11280.64,$15.92,$350.00,$1025.00,$290.92,39,
109,BTC DEC25,Backtest,FairValueGapStrategyFiltered,Long,1,34075,33950,8/6/2020 4:00:00 PM,8/7/2020 2:00:00 AM,FVG Long,Exit on session close,($640.92),$10639.72,$15.92,$925.00,$150.00,$790.92,37,
110,BTC DEC25,Backtest,FairValueGapStrategyFiltered,Long,1,33940,33440,8/7/2020 3:30:00 PM,8/7/2020 8:45:00 PM,FVG Long,Stop loss,($2515.92),$8123.80,$15.92,$2500.00,$0.00,$2515.92,22,
111,BTC DEC25,Backtest,FairValueGapStrategyFiltered,Long,1,34300,34425,8/17/2020 4:00:00 PM,8/18/2020 2:00:00 AM,FVG Long,Exit on session close,$609.08,$8732.88,$15.92,$200.00,$1775.00,$1165.92,37,
112,BTC DEC25,Backtest,FairValueGapStrategyFiltered,Long,1,34340,34035,8/18/2020 3:30:00 PM,8/19/2020 2:00:00 AM,FVG Long,Exit on session close,($1540.92),$7191.96,$15.92,$2350.00,$25.00,$1565.92,39,
113,BTC DEC25,Backtest,FairValueGapStrategyFiltered,Short,1,33900,33815,8/19/2020 4:00:00 PM,8/20/2020 2:00:00 AM,FVG Short,Exit on session close,$409.08,$7601.04,$15.92,$225.00,$1500.00,$1090.92,37,
114,BTC DEC25,Backtest,FairValueGapStrategyFiltered,Short,1,33735,33620,8/21/2020 4:15:00 PM,8/21/2020 11:00:00 PM,FVG Short,Exit on session close,$559.08,$8160.12,$15.92,$350.00,$575.00,$15.92,28,
115,BTC DEC25,Backtest,FairValueGapStrategyFiltered,Short,1,33465,33355,8/25/2020 4:15:00 PM,8/26/2020 2:00:00 AM,FVG Short,Exit on session close,$534.08,$8694.20,$15.92,$0.00,$1650.00,$1115.92,36,
116,BTC DEC25,Backtest,FairValueGapStrategyFiltered,Long,1,33480,33315,8/27/2020 3:30:00 PM,8/28/2020 2:00:00 AM,FVG Long,Exit on session close,($840.92),$7853.28,$15.92,$1950.00,$725.00,$1565.92,39,
117,BTC DEC25,Backtest,FairValueGapStrategyFiltered,Long,1,33755,33645,8/31/2020 3:30:00 PM,9/1/2020 2:00:00 AM,FVG Long,Exit on session close,($565.92),$7287.36,$15.92,$625.00,$225.00,$790.92,39,
118,BTC DEC25,Backtest,FairValueGapStrategyFiltered,Short,1,33255,33335,9/2/2020 4:15:00 PM,9/3/2020 2:00:00 AM,FVG Short,Exit on session close,($415.92),$6871.44,$15.92,$700.00,$650.00,$1065.92,36,
119,BTC DEC25,Backtest,FairValueGapStrategyFiltered,Long,1,32190,32175,9/9/2020 3:45:00 PM,9/10/2020 2:00:00 AM,FVG Long,Exit on session close,($90.92),$6780.52,$15.92,$450.00,$400.00,$490.92,38,
120,BTC DEC25,Backtest,FairValueGapStrategyFiltered,Long,1,32390,32280,9/10/2020 4:15:00 PM,9/11/2020 2:00:00 AM,FVG Long,Exit on session close,($565.92),$6214.60,$15.92,$1075.00,$100.00,$665.92,35,
121,BTC DEC25,Backtest,FairValueGapStrategyFiltered,Long,1,32215,32235,9/11/2020 3:30:00 PM,9/11/2020 11:00:00 PM,FVG Long,Exit on session close,$84.08,$6298.68,$15.92,$325.00,$200.00,$115.92,31,
122,BTC DEC25,Backtest,FairValueGapStrategyFiltered,Long,1,32500,32590,9/14/2020 3:30:00 PM,9/15/2020 2:00:00 AM,FVG Long,Exit on session close,$434.08,$6732.76,$15.92,$150.00,$950.00,$515.92,39,
123,BTC DEC25,Backtest,FairValueGapStrategyFiltered,Short,1,32660,32850,9/17/2020 3:30:00 PM,9/18/2020 2:00:00 AM,FVG Short,Exit on session close,($965.92),$5766.84,$15.92,$1125.00,$0.00,$965.92,39,
124,BTC DEC25,Backtest,FairValueGapStrategyFiltered,Short,1,32810,32785,9/18/2020 4:15:00 PM,9/18/2020 11:00:00 PM,FVG Short,Exit on session close,$109.08,$5875.92,$15.92,$275.00,$550.00,$440.92,28,
125,BTC DEC25,Backtest,FairValueGapStrategyFiltered,Short,1,32235,32635,9/24/2020 4:15:00 PM,9/25/2020 2:00:00 AM,FVG Short,Exit on session close,($2015.92),$3860.00,$15.92,$2400.00,$0.00,$2015.92,36,
126,BTC DEC25,Backtest,FairValueGapStrategyFiltered,Long,1,32875,32605,9/28/2020 3:45:00 PM,9/29/2020 2:00:00 AM,FVG Long,Exit on session close,($1365.92),$2494.08,$15.92,$1750.00,$50.00,$1415.92,38,
127,BTC DEC25,Backtest,FairValueGapStrategyFiltered,Short,1,32290,32395,10/2/2020 3:45:00 PM,10/2/2020 11:00:00 PM,FVG Short,Exit on session close,($540.92),$1953.16,$15.92,$775.00,$50.00,$590.92,30,
128,BTC DEC25,Backtest,FairValueGapStrategyFiltered,Long,1,32640,32825,10/8/2020 3:45:00 PM,10/9/2020 2:00:00 AM,FVG Long,Exit on session close,$909.08,$2862.24,$15.92,$225.00,$1225.00,$315.92,37,
129,BTC DEC25,Backtest,FairValueGapStrategyFiltered,Long,1,33410,33450,10/12/2020 4:15:00 PM,10/13/2020 2:00:00 AM,FVG Long,Exit on session close,$184.08,$3046.32,$15.92,$225.00,$1075.00,$890.92,36,
130,BTC DEC25,Backtest,FairValueGapStrategyFiltered,Short,1,33215,33305,10/13/2020 4:15:00 PM,10/14/2020 2:00:00 AM,FVG Short,Exit on session close,($465.92),$2580.40,$15.92,$700.00,$200.00,$665.92,36,
131,BTC DEC25,Backtest,FairValueGapStrategyFiltered,Long,1,33435,33315,10/14/2020 4:15:00 PM,10/15/2020 2:00:00 AM,FVG Long,Exit on session close,($615.92),$1964.48,$15.92,$1375.00,$25.00,$640.92,36,
132,BTC DEC25,Backtest,FairValueGapStrategyFiltered,Long,1,33300,33395,10/15/2020 4:15:00 PM,10/16/2020 2:00:00 AM,FVG Long,Exit on session close,$459.08,$2423.56,$15.92,$275.00,$1075.00,$615.92,36,
133,BTC DEC25,Backtest,FairValueGapStrategyFiltered,Long,1,34760,34870,10/21/2020 3:30:00 PM,10/22/2020 2:00:00 AM,FVG Long,Exit on session close,$534.08,$2957.64,$15.92,$1075.00,$750.00,$215.92,43,
134,BTC DEC25,Backtest,FairValueGapStrategyFiltered,Short,1,34785,35105,10/28/2020 3:30:00 PM,10/29/2020 12:00:00 AM,FVG Short,Exit on session close,($1615.92),$1341.72,$15.92,$1675.00,$400.00,$2015.92,31,
135,BTC DEC25,Backtest,FairValueGapStrategyFiltered,Long,1,35285,35350,10/29/2020 3:45:00 PM,10/30/2020 1:00:00 AM,FVG Long,Exit on session close,$309.08,$1650.80,$15.92,$125.00,$1475.00,$1165.92,34,
136,BTC DEC25,Backtest,FairValueGapStrategyFiltered,Long,1,38145,38455,11/16/2020 3:45:00 PM,11/17/2020 1:00:00 AM,FVG Long,Exit on session close,$1534.08,$3184.88,$15.92,$250.00,$2325.00,$790.92,34,
137,BTC DEC25,Backtest,FairValueGapStrategyFiltered,Long,1,38805,39400,11/17/2020 3:45:00 PM,11/18/2020 1:00:00 AM,FVG Long,Exit on session close,$2959.08,$6143.96,$15.92,$175.00,$4000.00,$1040.92,34,
138,BTC DEC25,Backtest,FairValueGapStrategyFiltered,Long,1,40380,40285,11/20/2020 4:15:00 PM,11/20/2020 11:00:00 PM,FVG Long,Exit on session close,($490.92),$5653.04,$15.92,$1125.00,$875.00,$1365.92,28,
139,BTC DEC25,Backtest,FairValueGapStrategyFiltered,Long,1,40365,39865,11/23/2020 3:30:00 PM,11/23/2020 5:45:00 PM,FVG Long,Stop loss,($2515.92),$3137.12,$15.92,$2500.00,$100.00,$2615.92,10,
140,BTC DEC25,Backtest,FairValueGapStrategyFiltered,Short,1,38585,38885,11/26/2020 3:30:00 PM,11/27/2020 1:00:00 AM,FVG Short,Exit on session close,($1515.92),$1621.20,$15.92,$2100.00,$3225.00,$4740.92,19,
141,BTC DEC25,Backtest,FairValueGapStrategyFiltered,Short,1,38495,38415,11/27/2020 3:45:00 PM,11/27/2020 7:15:00 PM,FVG Short,Exit on session close,$384.08,$2005.28,$15.92,$475.00,$2175.00,$1790.92,15,
142,BTC DEC25,Backtest,FairValueGapStrategyFiltered,Long,1,40920,41435,11/30/2020 3:30:00 PM,12/1/2020 1:00:00 AM,FVG Long,Exit on session close,$2559.08,$4564.36,$15.92,$1050.00,$3800.00,$1240.92,35,
143,BTC DEC25,Backtest,FairValueGapStrategyFiltered,Short,1,40520,40870,12/2/2020 4:00:00 PM,12/3/2020 1:00:00 AM,FVG Short,Exit on session close,($1765.92),$2798.44,$15.92,$2000.00,$825.00,$2590.92,33,
144,BTC DEC25,Backtest,FairValueGapStrategyFiltered,Short,1,40385,39800,12/8/2020 4:15:00 PM,12/9/2020 1:00:00 AM,FVG Short,Exit on session close,$2909.08,$5707.52,$15.92,$375.00,$3800.00,$890.92,32,
145,BTC DEC25,Backtest,FairValueGapStrategyFiltered,Long,1,40865,40910,12/15/2020 3:30:00 PM,12/16/2020 1:00:00 AM,FVG Long,Exit on session close,$209.08,$5916.60,$15.92,$625.00,$925.00,$715.92,35,
146,BTC DEC25,Backtest,FairValueGapStrategyFiltered,Long,1,45020,45260,12/22/2020 3:30:00 PM,12/23/2020 1:00:00 AM,FVG Long,Exit on session close,$1184.08,$7100.68,$15.92,$1850.00,$1225.00,$40.92,35,
147,BTC DEC25,Backtest,FairValueGapStrategyFiltered,Long,1,53915,53415,1/5/2021 4:15:00 PM,1/5/2021 5:15:00 PM,FVG Long,Stop loss,($2515.92),$4584.76,$15.92,$2500.00,$50.00,$2565.92,5,
148,BTC DEC25,Backtest,FairValueGapStrategyFiltered,Long,1,60145,59645,1/7/2021 3:45:00 PM,1/7/2021 7:45:00 PM,FVG Long,Stop loss,($2515.92),$2068.84,$15.92,$2500.00,$10000.00,$12515.92,17,
149,BTC DEC25,Backtest,FairValueGapStrategyFiltered,Short,1,54655,55155,1/12/2021 4:00:00 PM,1/12/2021 4:15:00 PM,FVG Short,Stop loss,($2515.92),($447.08),$15.92,$2500.00,$1575.00,$4090.92,2,
150,BTC DEC25,Backtest,FairValueGapStrategyFiltered,Long,1,60585,60085,1/14/2021 3:30:00 PM,1/14/2021 10:30:00 PM,FVG Long,Stop loss,($2515.92),($2963.00),$15.92,$2500.00,$4625.00,$7140.92,29,
151,BTC DEC25,Backtest,FairValueGapStrategyFiltered,Short,1,58550,57415,1/15/2021 3:45:00 PM,1/15/2021 11:00:00 PM,FVG Short,Exit on session close,$5659.08,$2696.08,$15.92,$300.00,$14250.00,$8590.92,30,
152,BTC DEC25,Backtest,FairValueGapStrategyFiltered,Short,1,57745,57930,1/18/2021 4:15:00 PM,1/19/2021 1:00:00 AM,FVG Short,Exit on session close,($940.92),$1755.16,$15.92,$1800.00,$5325.00,$6265.92,16,
153,BTC DEC25,Backtest,FairValueGapStrategyFiltered,Short,1,52930,53430,1/21/2021 3:30:00 PM,1/21/2021 8:30:00 PM,FVG Short,Stop loss,($2515.92),($760.76),$15.92,$2500.00,$4275.00,$6790.92,21,
154,BTC DEC25,Backtest,FairValueGapStrategyFiltered,Short,1,51560,52060,1/27/2021 3:30:00 PM,1/27/2021 5:30:00 PM,FVG Short,Stop loss,($2515.92),($3276.68),$15.92,$2500.00,$6700.00,$9215.92,9,
155,BTC DEC25,Backtest,FairValueGapStrategyFiltered,Long,1,53155,54610,1/28/2021 3:30:00 PM,1/29/2021 1:00:00 AM,FVG Long,Exit on session close,$7259.08,$3982.40,$15.92,$1700.00,$9050.00,$1790.92,35,
156,BTC DEC25,Backtest,FairValueGapStrategyFiltered,Short,1,54690,55190,2/1/2021 3:30:00 PM,2/1/2021 7:00:00 PM,FVG Short,Stop loss,($2515.92),$1466.48,$15.92,$2500.00,$2050.00,$4565.92,15,
157,BTC DEC25,Backtest,FairValueGapStrategyFiltered,Long,1,59555,59055,2/5/2021 3:30:00 PM,2/5/2021 5:15:00 PM,FVG Long,Stop loss,($2515.92),($1049.44),$15.92,$2500.00,$725.00,$3240.92,8,
158,BTC DEC25,Backtest,FairValueGapStrategyFiltered,Long,1,67855,68030,2/9/2021 3:30:00 PM,2/10/2021 1:00:00 AM,FVG Long,Exit on session close,$859.08,($190.36),$15.92,$1225.00,$6450.00,$5590.92,35,
159,BTC DEC25,Backtest,FairValueGapStrategyFiltered,Long,1,72575,73630,2/17/2021 3:30:00 PM,2/18/2021 1:00:00 AM,FVG Long,Exit on session close,$5259.08,$5068.72,$15.92,$2375.00,$8150.00,$2890.92,35,
160,BTC DEC25,Backtest,FairValueGapStrategyFiltered,Long,1,73760,73260,2/18/2021 4:15:00 PM,2/18/2021 4:15:00 PM,FVG Long,Stop loss,($2515.92),$2552.80,$15.92,$2500.00,$0.00,$2515.92,1,
161,BTC DEC25,Backtest,FairValueGapStrategyFiltered,Long,1,74280,76895,2/19/2021 4:15:00 PM,2/19/2021 11:00:00 PM,FVG Long,Exit on session close,$13059.08,$15611.88,$15.92,$300.00,$16450.00,$3390.92,28,
162,BTC DEC25,Backtest,FairValueGapStrategyFiltered,Short,1,71880,72380,2/22/2021 3:30:00 PM,2/22/2021 3:30:00 PM,FVG Short,Stop loss,($2515.92),$13095.96,$15.92,$2500.00,$0.00,$2515.92,1,
163,BTC DEC25,Backtest,FairValueGapStrategyFiltered,Short,1,72195,72695,2/22/2021 3:45:00 PM,2/22/2021 3:45:00 PM,FVG Short,Stop loss,($2515.92),$10580.04,$15.92,$2500.00,$0.00,$2515.92,1,
164,BTC DEC25,Backtest,FairValueGapStrategyFiltered,Short,1,67460,67960,2/23/2021 4:00:00 PM,2/23/2021 4:00:00 PM,FVG Short,Stop loss,($2515.92),$8064.12,$15.92,$2500.00,$0.00,$2515.92,1,
165,BTC DEC25,Backtest,FairValueGapStrategyFiltered,Short,1,67785,68285,2/23/2021 4:15:00 PM,2/23/2021 4:15:00 PM,FVG Short,Stop loss,($2515.92),$5548.20,$15.92,$2500.00,$0.00,$2515.92,1,
166,BTC DEC25,Backtest,FairValueGapStrategyFiltered,Long,1,69070,68570,3/1/2021 4:00:00 PM,3/1/2021 8:45:00 PM,FVG Long,Stop loss,($2515.92),$3032.28,$15.92,$2500.00,$5800.00,$8315.92,20,
167,BTC DEC25,Backtest,FairValueGapStrategyFiltered,Long,1,70340,69840,3/2/2021 3:45:00 PM,3/2/2021 4:00:00 PM,FVG Long,Stop loss,($2515.92),$516.36,$15.92,$2500.00,$0.00,$2515.92,2,
168,BTC DEC25,Backtest,FairValueGapStrategyFiltered,Long,1,79100,78600,3/19/2021 4:00:00 PM,3/19/2021 9:45:00 PM,FVG Long,Stop loss,($2515.92),($1999.56),$15.92,$2500.00,$3600.00,$6115.92,24,
169,BTC DEC25,Backtest,FairValueGapStrategyFiltered,Short,1,71330,71830,3/25/2021 4:15:00 PM,3/25/2021 6:15:00 PM,FVG Short,Stop loss,($2515.92),($4515.48),$15.92,$2500.00,$3825.00,$6340.92,9,
170,BTC DEC25,Backtest,FairValueGapStrategyFiltered,Long,1,79560,79060,4/1/2021 3:30:00 PM,4/1/2021 8:00:00 PM,FVG Long,Stop loss,($2515.92),($7031.40),$15.92,$2500.00,$2025.00,$4540.92,19,
171,BTC DEC25,Backtest,FairValueGapStrategyFiltered,Short,1,79245,78460,4/6/2021 3:30:00 PM,4/7/2021 2:00:00 AM,FVG Short,Exit on session close,$3909.08,($3122.32),$15.92,$275.00,$7900.00,$3990.92,39,
172,BTC DEC25,Backtest,FairValueGapStrategyFiltered,Long,1,77725,78455,4/8/2021 3:30:00 PM,4/9/2021 2:00:00 AM,FVG Long,Exit on session close,$3634.08,$511.76,$15.92,$775.00,$4225.00,$590.92,39,
173,BTC DEC25,Backtest,FairValueGapStrategyFiltered,Short,1,76405,75730,4/19/2021 3:30:00 PM,4/20/2021 2:00:00 AM,FVG Short,Exit on session close,$3359.08,$3870.84,$15.92,$2250.00,$10200.00,$6840.92,39,
174,BTC DEC25,Backtest,FairValueGapStrategyFiltered,Short,1,74440,74940,4/22/2021 4:15:00 PM,4/22/2021 6:30:00 PM,FVG Short,Stop loss,($2515.92),$1354.92,$15.92,$2500.00,$1125.00,$3640.92,10,
175,BTC DEC25,Backtest,FairValueGapStrategyFiltered,Short,1,69165,69665,4/23/2021 3:30:00 PM,4/23/2021 4:45:00 PM,FVG Short,Stop loss,($2515.92),($1161.00),$15.92,$2500.00,$4000.00,$6515.92,6,
176,BTC DEC25,Backtest,FairValueGapStrategyFiltered,Long,1,73930,73430,4/26/2021 4:00:00 PM,4/26/2021 4:45:00 PM,FVG Long,Stop loss,($2515.92),($3676.92),$15.92,$2500.00,$0.00,$2515.92,4,
177,BTC DEC25,Backtest,FairValueGapStrategyFiltered,Short,1,73850,73480,4/29/2021 3:45:00 PM,4/30/2021 2:00:00 AM,FVG Short,Exit on session close,$1834.08,($1842.84),$15.92,$75.00,$8725.00,$6890.92,38,
178,BTC DEC25,Backtest,FairValueGapStrategyFiltered,Long,1,75230,76625,4/30/2021 4:00:00 PM,4/30/2021 11:00:00 PM,FVG Long,Exit on session close,$6959.08,$5116.24,$15.92,$100.00,$9675.00,$2715.92,29,
179,BTC DEC25,Backtest,FairValueGapStrategyFiltered,Short,1,75205,72875,5/4/2021 4:15:00 PM,5/5/2021 2:00:00 AM,FVG Short,Exit on session close,$11634.08,$16750.32,$15.92,$300.00,$12875.00,$1240.92,36,
180,BTC DEC25,Backtest,FairValueGapStrategyFiltered,Long,1,75890,75390,5/5/2021 4:00:00 PM,5/5/2021 4:30:00 PM,FVG Long,Stop loss,($2515.92),$14234.40,$15.92,$2500.00,$975.00,$3490.92,3,
181,BTC DEC25,Backtest,FairValueGapStrategyFiltered,Short,1,75540,76040,5/12/2021 3:45:00 PM,5/12/2021 3:45:00 PM,FVG Short,Stop loss,($2515.92),$11718.48,$15.92,$2500.00,$0.00,$2515.92,1,
182,BTC DEC25,Backtest,FairValueGapStrategyFiltered,Long,1,76470,75970,5/12/2021 4:15:00 PM,5/12/2021 5:00:00 PM,FVG Long,Stop loss,($2515.92),$9202.56,$15.92,$2500.00,$900.00,$3415.92,4,
183,BTC DEC25,Backtest,FairValueGapStrategyFiltered,Short,1,63290,62355,5/18/2021 3:30:00 PM,5/19/2021 2:00:00 AM,FVG Short,Exit on session close,$4659.08,$13861.64,$15.92,$700.00,$7800.00,$3140.92,39,
184,BTC DEC25,Backtest,FairValueGapStrategyFiltered,Short,1,51495,51995,5/19/2021 3:30:00 PM,5/19/2021 3:30:00 PM,FVG Short,Stop loss,($2515.92),$11345.72,$15.92,$2500.00,$0.00,$2515.92,1,
185,BTC DEC25,Backtest,FairValueGapStrategyFiltered,Short,1,57570,58070,5/24/2021 3:45:00 PM,5/24/2021 8:45:00 PM,FVG Short,Stop loss,($2515.92),$8829.80,$15.92,$2500.00,$4650.00,$7165.92,21,
186,BTC DEC25,Backtest,FairValueGapStrategyFiltered,Long,1,57385,56885,5/25/2021 4:00:00 PM,5/25/2021 10:00:00 PM,FVG Long,Stop loss,($2515.92),$6313.88,$15.92,$2500.00,$4225.00,$6740.92,25,
187,BTC DEC25,Backtest,FairValueGapStrategyFiltered,Long,1,59930,59430,5/27/2021 3:45:00 PM,5/27/2021 5:30:00 PM,FVG Long,Stop loss,($2515.92),$3797.96,$15.92,$2500.00,$900.00,$3415.92,8,
188,BTC DEC25,Backtest,FairValueGapStrategyFiltered,Short,1,55370,55870,6/1/2021 3:30:00 PM,6/1/2021 3:30:00 PM,FVG Short,Stop loss,($2515.92),$1282.04,$15.92,$2500.00,$0.00,$2515.92,1,
189,BTC DEC25,Backtest,FairValueGapStrategyFiltered,Long,1,56970,56470,6/1/2021 4:00:00 PM,6/1/2021 4:30:00 PM,FVG Long,Stop loss,($2515.92),($1233.88),$15.92,$2500.00,$0.00,$2515.92,3,
190,BTC DEC25,Backtest,FairValueGapStrategyFiltered,Long,1,57195,57230,6/2/2021 4:00:00 PM,6/3/2021 2:00:00 AM,FVG Long,Exit on session close,$159.08,($1074.80),$15.92,$850.00,$3450.00,$3290.92,37,
191,BTC DEC25,Backtest,FairValueGapStrategyFiltered,Long,1,58700,58200,6/3/2021 3:30:00 PM,6/3/2021 3:45:00 PM,FVG Long,Stop loss,($2515.92),($3590.72),$15.92,$2500.00,$0.00,$2515.92,2,
192,BTC DEC25,Backtest,FairValueGapStrategyFiltered,Short,1,56055,53115,6/7/2021 4:00:00 PM,6/8/2021 2:00:00 AM,FVG Short,Exit on session close,$14684.08,$11093.36,$15.92,$175.00,$15900.00,$1215.92,37,
193,BTC DEC25,Backtest,FairValueGapStrategyFiltered,Long,1,60065,59565,6/14/2021 3:45:00 PM,6/14/2021 6:45:00 PM,FVG Long,Stop loss,($2515.92),$8577.44,$15.92,$2500.00,$2750.00,$5265.92,13,
194,BTC DEC25,Backtest,FairValueGapStrategyFiltered,Long,1,59810,59310,6/15/2021 3:30:00 PM,6/15/2021 5:15:00 PM,FVG Long,Stop loss,($2515.92),$6061.52,$15.92,$2500.00,$750.00,$3265.92,8,
195,BTC DEC25,Backtest,FairValueGapStrategyFiltered,Short,1,56670,54995,6/18/2021 3:45:00 PM,6/18/2021 11:00:00 PM,FVG Short,Exit on session close,$8359.08,$14420.60,$15.92,$600.00,$10125.00,$1765.92,30,
196,BTC DEC25,Backtest,FairValueGapStrategyFiltered,Short,1,51725,52225,6/21/2021 3:30:00 PM,6/21/2021 3:45:00 PM,FVG Short,Stop loss,($2515.92),$11904.68,$15.92,$2500.00,$25.00,$2540.92,2,
197,BTC DEC25,Backtest,FairValueGapStrategyFiltered,Long,1,54200,53700,6/23/2021 3:45:00 PM,6/23/2021 3:45:00 PM,FVG Long,Stop loss,($2515.92),$9388.76,$15.92,$2500.00,$0.00,$2515.92,1,
198,BTC DEC25,Backtest,FairValueGapStrategyFiltered,Long,1,54120,53620,6/28/2021 3:30:00 PM,6/28/2021 9:00:00 PM,FVG Long,Stop loss,($2515.92),$6872.84,$15.92,$2500.00,$2825.00,$5340.92,23,
199,BTC DEC25,Backtest,FairValueGapStrategyFiltered,Long,1,55965,55465,6/29/2021 3:45:00 PM,6/30/2021 12:30:00 AM,FVG Long,Stop loss,($2515.92),$4356.92,$15.92,$2500.00,$1375.00,$3890.92,32,
200,BTC DEC25,Backtest,FairValueGapStrategyFiltered,Short,1,52955,53120,7/1/2021 4:15:00 PM,7/2/2021 2:00:00 AM,FVG Short,Exit on session close,($840.92),$3516.00,$15.92,$1650.00,$3350.00,$4190.92,36,
201,BTC DEC25,Backtest,FairValueGapStrategyFiltered,Short,1,52190,52690,7/8/2021 3:30:00 PM,7/8/2021 10:00:00 PM,FVG Short,Stop loss,($2515.92),$1000.08,$15.92,$2500.00,$1750.00,$4265.92,27,
202,BTC DEC25,Backtest,FairValueGapStrategyFiltered,Long,1,52990,53155,7/9/2021 4:00:00 PM,7/9/2021 11:00:00 PM,FVG Long,Exit on session close,$809.08,$1809.16,$15.92,$575.00,$1700.00,$890.92,29,
203,BTC DEC25,Backtest,FairValueGapStrategyFiltered,Short,1,50030,50315,7/19/2021 4:15:00 PM,7/20/2021 2:00:00 AM,FVG Short,Exit on session close,($1440.92),$368.24,$15.92,$2300.00,$800.00,$2240.92,36,
204,BTC DEC25,Backtest,FairValueGapStrategyFiltered,Short,1,48980,49480,7/20/2021 4:00:00 PM,7/20/2021 5:30:00 PM,FVG Short,Stop loss,($2515.92),($2147.68),$15.92,$2500.00,$850.00,$3365.92,7,
205,BTC DEC25,Backtest,FairValueGapStrategyFiltered,Long,1,51995,52070,7/23/2021 3:30:00 PM,7/23/2021 11:00:00 PM,FVG Long,Exit on session close,$359.08,($1788.60),$15.92,$2125.00,$1225.00,$865.92,31,
206,BTC DEC25,Backtest,FairValueGapStrategyFiltered,Long,1,58100,57600,7/27/2021 4:15:00 PM,7/27/2021 4:15:00 PM,FVG Long,Stop loss,($2515.92),($4304.52),$15.92,$2500.00,$0.00,$2515.92,1,
207,BTC DEC25,Backtest,FairValueGapStrategyFiltered,Long,1,58410,59335,8/4/2021 3:30:00 PM,8/5/2021 2:00:00 AM,FVG Long,Exit on session close,$4609.08,$304.56,$15.92,$525.00,$5675.00,$1065.92,38,
208,BTC DEC25,Backtest,FairValueGapStrategyFiltered,Long,1,60515,62340,8/6/2021 3:45:00 PM,8/6/2021 11:00:00 PM,FVG Long,Exit on session close,$9109.08,$9413.64,$15.92,$1875.00,$12000.00,$2890.92,30,
209,BTC DEC25,Backtest,FairValueGapStrategyFiltered,Long,1,65870,65370,8/11/2021 3:45:00 PM,8/12/2021 12:30:00 AM,FVG Long,Stop loss,($2515.92),$6897.72,$15.92,$2500.00,$2250.00,$4765.92,32,
210,BTC DEC25,Backtest,FairValueGapStrategyFiltered,Short,1,66015,64105,8/17/2021 3:45:00 PM,8/18/2021 2:00:00 AM,FVG Short,Exit on session close,$9534.08,$16431.80,$15.92,$475.00,$10950.00,$1415.92,38,
211,BTC DEC25,Backtest,FairValueGapStrategyFiltered,Long,1,66650,68200,8/20/2021 3:30:00 PM,8/20/2021 11:00:00 PM,FVG Long,Exit on session close,$7734.08,$24165.88,$15.92,$250.00,$10100.00,$2365.92,31,
212,BTC DEC25,Backtest,FairValueGapStrategyFiltered,Short,1,67970,67120,8/24/2021 4:00:00 PM,8/25/2021 2:00:00 AM,FVG Short,Exit on session close,$4234.08,$28399.96,$15.92,$825.00,$4700.00,$465.92,37,
213,BTC DEC25,Backtest,FairValueGapStrategyFiltered,Short,1,66500,67000,8/27/2021 3:45:00 PM,8/27/2021 4:15:00 PM,FVG Short,Stop loss,($2515.92),$25884.04,$15.92,$2500.00,$0.00,$2515.92,3,
214,BTC DEC25,Backtest,FairValueGapStrategyFiltered,Short,1,67210,67710,8/31/2021 4:00:00 PM,8/31/2021 4:15:00 PM,FVG Short,Stop loss,($2515.92),$23368.12,$15.92,$2500.00,$0.00,$2515.92,2,
215,BTC DEC25,Backtest,FairValueGapStrategyFiltered,Short,1,69960,64960,9/7/2021 4:15:00 PM,9/7/2021 5:15:00 PM,FVG Short,Profit target,$24984.08,$48352.20,$15.92,$1275.00,$25000.00,$15.92,5,
216,BTC DEC25,Backtest,FairValueGapStrategyFiltered,Short,1,65740,65495,9/8/2021 3:30:00 PM,9/9/2021 2:00:00 AM,FVG Short,Exit on session close,$1209.08,$49561.28,$15.92,$2450.00,$3350.00,$2140.92,39,
217,BTC DEC25,Backtest,FairValueGapStrategyFiltered,Long,1,66350,65850,9/9/2021 3:30:00 PM,9/9/2021 10:30:00 PM,FVG Long,Stop loss,($2515.92),$47045.36,$15.92,$2500.00,$2325.00,$4840.92,29,
218,BTC DEC25,Backtest,FairValueGapStrategyFiltered,Long,1,65800,65300,9/13/2021 4:00:00 PM,9/13/2021 4:15:00 PM,FVG Long,Stop loss,($2515.92),$44529.44,$15.92,$2500.00,$2475.00,$4990.92,2,
219,BTC DEC25,Backtest,FairValueGapStrategyFiltered,Short,1,62390,59940,9/21/2021 3:45:00 PM,9/22/2021 2:00:00 AM,FVG Short,Exit on session close,$12234.08,$56763.52,$15.92,$1525.00,$14475.00,$2240.92,38,
220,BTC DEC25,Backtest,FairValueGapStrategyFiltered,Long,1,63465,64260,9/23/2021 4:00:00 PM,9/24/2021 2:00:00 AM,FVG Long,Exit on session close,$3959.08,$60722.60,$15.92,$2400.00,$4600.00,$640.92,37,
221,BTC DEC25,Backtest,FairValueGapStrategyFiltered,Long,1,74290,73790,10/6/2021 3:30:00 PM,10/6/2021 3:45:00 PM,FVG Long,Stop loss,($2515.92),$58206.68,$15.92,$2500.00,$2050.00,$4565.92,2,
222,BTC DEC25,Backtest,FairValueGapStrategyFiltered,Long,1,74400,73900,10/7/2021 4:00:00 PM,10/7/2021 4:45:00 PM,FVG Long,Stop loss,($2515.92),$55690.76,$15.92,$2500.00,$325.00,$2840.92,4,
223,BTC DEC25,Backtest,FairValueGapStrategyFiltered,Short,1,73885,74385,10/8/2021 4:15:00 PM,10/8/2021 4:45:00 PM,FVG Short,Stop loss,($2515.92),$53174.84,$15.92,$2500.00,$100.00,$2615.92,3,
224,BTC DEC25,Backtest,FairValueGapStrategyFiltered,Long,1,76675,77215,10/11/2021 3:45:00 PM,10/12/2021 2:00:00 AM,FVG Long,Exit on session close,$2684.08,$55858.92,$15.92,$1100.00,$4450.00,$1765.92,37,
225,BTC DEC25,Backtest,FairValueGapStrategyFiltered,Long,1,76975,76475,10/12/2021 3:45:00 PM,10/12/2021 4:45:00 PM,FVG Long,Stop loss,($2515.92),$53343.00,$15.92,$2500.00,$975.00,$3490.92,5,
226,BTC DEC25,Backtest,FairValueGapStrategyFiltered,Long,1,79560,82390,10/15/2021 3:45:00 PM,10/15/2021 11:00:00 PM,FVG Long,Exit on session close,$14134.08,$67477.08,$15.92,$700.00,$15875.00,$1740.92,30,
227,BTC DEC25,Backtest,FairValueGapStrategyFiltered,Long,1,80885,81460,10/18/2021 4:00:00 PM,10/19/2021 2:00:00 AM,FVG Long,Exit on session close,$2859.08,$70336.16,$15.92,$2125.00,$5400.00,$2540.92,37,
228,BTC DEC25,Backtest,FairValueGapStrategyFiltered,Long,1,82620,82120,10/19/2021 4:00:00 PM,10/19/2021 4:15:00 PM,FVG Long,Stop loss,($2515.92),$67820.24,$15.92,$2500.00,$1750.00,$4265.92,2,
229,BTC DEC25,Backtest,FairValueGapStrategyFiltered,Long,1,85905,85405,10/20/2021 4:15:00 PM,10/20/2021 10:30:00 PM,FVG Long,Stop loss,($2515.92),$65304.32,$15.92,$2500.00,$4925.00,$7440.92,26,
230,BTC DEC25,Backtest,FairValueGapStrategyFiltered,Long,1,80780,80280,10/28/2021 4:00:00 PM,10/28/2021 7:45:00 PM,FVG Long,Stop loss,($2515.92),$62788.40,$15.92,$2500.00,$1050.00,$3565.92,16,
231,BTC DEC25,Backtest,FairValueGapStrategyFiltered,Short,1,81020,81520,11/3/2021 3:30:00 PM,11/3/2021 5:15:00 PM,FVG Short,Stop loss,($2515.92),$60272.48,$15.92,$2500.00,$1325.00,$3840.92,8,
232,BTC DEC25,Backtest,FairValueGapStrategyFiltered,Short,1,81125,80330,11/4/2021 4:00:00 PM,11/5/2021 12:45:00 AM,FVG Short,Exit on session close,$3959.08,$64231.56,$15.92,$200.00,$7025.00,$3065.92,32,
233,BTC DEC25,Backtest,FairValueGapStrategyFiltered,Short,1,80500,79935,11/5/2021 4:00:00 PM,11/5/2021 10:00:00 PM,FVG Short,Exit on session close,$2809.08,$67040.64,$15.92,$600.00,$3675.00,$865.92,25,
234,BTC DEC25,Backtest,FairValueGapStrategyFiltered,Long,1,87945,87445,11/10/2021 3:30:00 PM,11/10/2021 3:30:00 PM,FVG Long,Stop loss,($2515.92),$64524.72,$15.92,$2500.00,$0.00,$2515.92,1,
235,BTC DEC25,Backtest,FairValueGapStrategyFiltered,Long,1,87480,86980,11/10/2021 3:45:00 PM,11/10/2021 8:00:00 PM,FVG Long,Stop loss,($2515.92),$62008.80,$15.92,$2500.00,$2825.00,$5340.92,18,
236,BTC DEC25,Backtest,FairValueGapStrategyFiltered,Short,1,82670,83170,11/12/2021 4:00:00 PM,11/12/2021 9:15:00 PM,FVG Short,Stop loss,($2515.92),$59492.88,$15.92,$2500.00,$7125.00,$9640.92,22,
237,BTC DEC25,Backtest,FairValueGapStrategyFiltered,Short,1,78525,79025,11/17/2021 4:15:00 PM,11/17/2021 5:45:00 PM,FVG Short,Stop loss,($2515.92),$56976.96,$15.92,$2500.00,$1500.00,$4015.92,7,
238,BTC DEC25,Backtest,FairValueGapStrategyFiltered,Short,1,74930,75430,11/24/2021 3:30:00 PM,11/24/2021 4:45:00 PM,FVG Short,Stop loss,($2515.92),$54461.04,$15.92,$2500.00,$1225.00,$3740.92,6,
239,BTC DEC25,Backtest,FairValueGapStrategyFiltered,Short,1,75910,76410,11/29/2021 4:15:00 PM,11/29/2021 6:15:00 PM,FVG Short,Stop loss,($2515.92),$51945.12,$15.92,$2500.00,$1575.00,$4090.92,9,
240,BTC DEC25,Backtest,FairValueGapStrategyFiltered,Long,1,77425,76925,12/1/2021 3:45:00 PM,12/1/2021 7:00:00 PM,FVG Long,Stop loss,($2515.92),$49429.20,$15.92,$2500.00,$3075.00,$5590.92,14,
241,BTC DEC25,Backtest,FairValueGapStrategyFiltered,Short,1,75440,70440,12/3/2021 3:30:00 PM,12/3/2021 9:30:00 PM,FVG Short,Profit target,$24984.08,$74413.28,$15.92,$175.00,$25000.00,$15.92,25,
242,BTC DEC25,Backtest,FairValueGapStrategyFiltered,Long,1,70105,69605,12/7/2021 4:00:00 PM,12/7/2021 6:45:00 PM,FVG Long,Stop loss,($2515.92),$71897.36,$15.92,$2500.00,$2925.00,$5440.92,12,
243,BTC DEC25,Backtest,FairValueGapStrategyFiltered,Long,1,68910,69145,12/8/2021 3:45:00 PM,12/9/2021 1:00:00 AM,FVG Long,Exit on session close,$1159.08,$73056.44,$15.92,$2300.00,$4775.00,$3615.92,34,
244,BTC DEC25,Backtest,FairValueGapStrategyFiltered,Short,1,67450,66090,12/9/2021 4:00:00 PM,12/10/2021 1:00:00 AM,FVG Short,Exit on session close,$6784.08,$79840.52,$15.92,$0.00,$8050.00,$1265.92,33,
245,BTC DEC25,Backtest,FairValueGapStrategyFiltered,Short,1,66460,65235,12/13/2021 3:45:00 PM,12/14/2021 1:00:00 AM,FVG Short,Exit on session close,$6109.08,$85949.60,$15.92,$350.00,$11325.00,$5215.92,34,
246,BTC DEC25,Backtest,FairValueGapStrategyFiltered,Short,1,65445,65945,12/14/2021 3:45:00 PM,12/14/2021 4:30:00 PM,FVG Short,Stop loss,($2515.92),$83433.68,$15.92,$2500.00,$0.00,$2515.92,4,
247,BTC DEC25,Backtest,FairValueGapStrategyFiltered,Short,1,65850,66350,12/15/2021 4:15:00 PM,12/15/2021 8:00:00 PM,FVG Short,Stop loss,($2515.92),$80917.76,$15.92,$2500.00,$3925.00,$6440.92,16,
248,BTC DEC25,Backtest,FairValueGapStrategyFiltered,Short,1,65245,65745,12/17/2021 3:30:00 PM,12/17/2021 5:30:00 PM,FVG Short,Stop loss,($2515.92),$78401.84,$15.92,$2500.00,$6675.00,$9190.92,9,
249,BTC DEC25,Backtest,FairValueGapStrategyFiltered,Long,1,67405,67135,12/22/2021 4:15:00 PM,12/23/2021 1:00:00 AM,FVG Long,Exit on session close,($1365.92),$77035.92,$15.92,$1900.00,$2025.00,$3390.92,32,
250,BTC DEC25,Backtest,FairValueGapStrategyFiltered,Short,1,67230,67730,12/23/2021 3:30:00 PM,12/23/2021 6:00:00 PM,FVG Short,Stop loss,($2515.92),$74520.00,$15.92,$2500.00,$1050.00,$3565.92,11,
251,BTC DEC25,Backtest,FairValueGapStrategyFiltered,Short,1,65735,66235,12/30/2021 3:30:00 PM,12/30/2021 8:00:00 PM,FVG Short,Stop loss,($2515.92),$72004.08,$15.92,$2500.00,$1050.00,$3565.92,19,
252,BTC DEC25,Backtest,FairValueGapStrategyFiltered,Short,1,65395,64830,1/3/2022 3:30:00 PM,1/4/2022 1:00:00 AM,FVG Short,Exit on session close,$2809.08,$74813.16,$15.92,$1650.00,$6600.00,$3790.92,35,
253,BTC DEC25,Backtest,FairValueGapStrategyFiltered,Long,1,65890,65390,1/4/2022 4:15:00 PM,1/4/2022 5:00:00 PM,FVG Long,Stop loss,($2515.92),$72297.24,$15.92,$2500.00,$775.00,$3290.92,4,
254,BTC DEC25,Backtest,FairValueGapStrategyFiltered,Short,1,58960,59460,1/10/2022 3:30:00 PM,1/10/2022 4:00:00 PM,FVG Short,Stop loss,($2515.92),$69781.32,$15.92,$2500.00,$5475.00,$7990.92,3,
255,BTC DEC25,Backtest,FairValueGapStrategyFiltered,Short,1,59720,60220,1/11/2022 4:00:00 PM,1/11/2022 4:15:00 PM,FVG Short,Stop loss,($2515.92),$67265.40,$15.92,$2500.00,$0.00,$2515.92,2,
256,BTC DEC25,Backtest,FairValueGapStrategyFiltered,Long,1,62640,62140,1/13/2022 3:45:00 PM,1/13/2022 4:15:00 PM,FVG Long,Stop loss,($2515.92),$64749.48,$15.92,$2500.00,$1025.00,$3540.92,3,
257,BTC DEC25,Backtest,FairValueGapStrategyFiltered,Long,1,61000,60500,1/19/2022 4:15:00 PM,1/19/2022 4:45:00 PM,FVG Long,Stop loss,($2515.92),$62233.56,$15.92,$2500.00,$0.00,$2515.92,3,
258,BTC DEC25,Backtest,FairValueGapStrategyFiltered,Long,1,61435,60935,1/20/2022 4:15:00 PM,1/20/2022 10:00:00 PM,FVG Long,Stop loss,($2515.92),$59717.64,$15.92,$2500.00,$2525.00,$5040.92,24,
259,BTC DEC25,Backtest,FairValueGapStrategyFiltered,Long,1,56805,56305,1/26/2022 3:30:00 PM,1/26/2022 4:30:00 PM,FVG Long,Stop loss,($2515.92),$57201.72,$15.92,$2500.00,$25.00,$2540.92,5,
260,BTC DEC25,Backtest,FairValueGapStrategyFiltered,Long,1,55315,56030,1/28/2022 3:45:00 PM,1/28/2022 11:00:00 PM,FVG Long,Exit on session close,$3559.08,$60760.80,$15.92,$2325.00,$4800.00,$1240.92,30,
261,BTC DEC25,Backtest,FairValueGapStrategyFiltered,Short,1,55960,55060,2/2/2022 4:15:00 PM,2/3/2022 1:00:00 AM,FVG Short,Exit on session close,$4484.08,$65244.88,$15.92,$350.00,$5925.00,$1440.92,32,
262,BTC DEC25,Backtest,FairValueGapStrategyFiltered,Long,1,56180,59010,2/4/2022 4:00:00 PM,2/4/2022 11:00:00 PM,FVG Long,Exit on session close,$14134.08,$79378.96,$15.92,$800.00,$15075.00,$940.92,29,
263,BTC DEC25,Backtest,FairValueGapStrategyFiltered,Long,1,61745,62180,2/7/2022 4:15:00 PM,2/8/2022 1:00:00 AM,FVG Long,Exit on session close,$2159.08,$81538.04,$15.92,$1800.00,$5650.00,$3490.92,32,
264,BTC DEC25,Backtest,FairValueGapStrategyFiltered,Long,1,62465,62715,2/9/2022 4:15:00 PM,2/10/2022 1:00:00 AM,FVG Long,Exit on session close,$1234.08,$82772.12,$15.92,$2250.00,$3475.00,$2240.92,32,
265,BTC DEC25,Backtest,FairValueGapStrategyFiltered,Short,1,61885,62385,2/10/2022 3:45:00 PM,2/10/2022 4:00:00 PM,FVG Short,Stop loss,($2515.92),$80256.20,$15.92,$2500.00,$0.00,$2515.92,2,
266,BTC DEC25,Backtest,FairValueGapStrategyFiltered,Long,1,57200,61475,2/28/2022 3:45:00 PM,3/1/2022 1:00:00 AM,FVG Long,Exit on session close,$21359.08,$101615.28,$15.92,$0.00,$22050.00,$690.92,34,
267,BTC DEC25,Backtest,FairValueGapStrategyFiltered,Long,1,62090,62290,3/2/2022 3:45:00 PM,3/3/2022 1:00:00 AM,FVG Long,Exit on session close,$984.08,$102599.36,$15.92,$1675.00,$7775.00,$6790.92,34,
268,BTC DEC25,Backtest,FairValueGapStrategyFiltered,Short,1,61725,60690,3/3/2022 4:15:00 PM,3/4/2022 1:00:00 AM,FVG Short,Exit on session close,$5159.08,$107758.44,$15.92,$450.00,$8325.00,$3165.92,32,
269,BTC DEC25,Backtest,FairValueGapStrategyFiltered,Short,1,57020,57520,3/7/2022 4:15:00 PM,3/7/2022 5:15:00 PM,FVG Short,Stop loss,($2515.92),$105242.52,$15.92,$2500.00,$950.00,$3465.92,5,
270,BTC DEC25,Backtest,FairValueGapStrategyFiltered,Long,1,60435,60280,3/9/2022 3:45:00 PM,3/10/2022 1:00:00 AM,FVG Long,Exit on session close,($790.92),$104451.60,$15.92,$2125.00,$2350.00,$3140.92,34,
271,BTC DEC25,Backtest,FairValueGapStrategyFiltered,Long,1,57155,56655,3/14/2022 3:45:00 PM,3/14/2022 7:45:00 PM,FVG Long,Stop loss,($2515.92),$101935.68,$15.92,$2500.00,$1275.00,$3790.92,17,
272,BTC DEC25,Backtest,FairValueGapStrategyFiltered,Long,1,57330,57585,3/15/2022 4:00:00 PM,3/16/2022 1:00:00 AM,FVG Long,Exit on session close,$1259.08,$103194.76,$15.92,$950.00,$3850.00,$2590.92,33,
273,BTC DEC25,Backtest,FairValueGapStrategyFiltered,Long,1,59170,58670,3/16/2022 3:45:00 PM,3/16/2022 5:30:00 PM,FVG Long,Stop loss,($2515.92),$100678.84,$15.92,$2500.00,$675.00,$3190.92,8,
274,BTC DEC25,Backtest,FairValueGapStrategyFiltered,Long,1,59305,59140,3/17/2022 3:30:00 PM,3/18/2022 1:00:00 AM,FVG Long,Exit on session close,($840.92),$99837.92,$15.92,$2350.00,$0.00,$840.92,34,
275,BTC DEC25,Backtest,FairValueGapStrategyFiltered,Long,1,58990,60120,3/18/2022 3:30:00 PM,3/18/2022 10:00:00 PM,FVG Long,Exit on session close,$5634.08,$105472.00,$15.92,$1500.00,$7800.00,$2165.92,27,
276,BTC DEC25,Backtest,FairValueGapStrategyFiltered,Short,1,59140,59190,3/21/2022 3:30:00 PM,3/22/2022 1:00:00 AM,FVG Short,Exit on session close,($265.92),$105206.08,$15.92,$2250.00,$1075.00,$1340.92,34,
277,BTC DEC25,Backtest,FairValueGapStrategyFiltered,Long,1,60505,61195,3/23/2022 3:45:00 PM,3/24/2022 1:00:00 AM,FVG Long,Exit on session close,$3434.08,$108640.16,$15.92,$1000.00,$3950.00,$515.92,33,
278,BTC DEC25,Backtest,FairValueGapStrategyFiltered,Long,1,65770,65540,3/28/2022 3:45:00 PM,3/29/2022 2:00:00 AM,FVG Long,Exit on session close,($1165.92),$107474.24,$15.92,$1950.00,$4250.00,$5415.92,38,
279,BTC DEC25,Backtest,FairValueGapStrategyFiltered,Short,1,65515,66015,3/30/2022 3:45:00 PM,3/30/2022 8:00:00 PM,FVG Short,Stop loss,($2515.92),$104958.32,$15.92,$2500.00,$1750.00,$4265.92,18,
280,BTC DEC25,Backtest,FairValueGapStrategyFiltered,Short,1,65525,63725,3/31/2022 3:45:00 PM,4/1/2022 2:00:00 AM,FVG Short,Exit on session close,$8984.08,$113942.40,$15.92,$100.00,$10550.00,$1565.92,38,
281,BTC DEC25,Backtest,FairValueGapStrategyFiltered,Short,1,62265,61325,4/6/2022 4:15:00 PM,4/7/2022 2:00:00 AM,FVG Short,Exit on session close,$4684.08,$118626.48,$15.92,$1325.00,$5100.00,$415.92,36,
282,BTC DEC25,Backtest,FairValueGapStrategyFiltered,Short,1,61625,61575,4/7/2022 3:30:00 PM,4/8/2022 2:00:00 AM,FVG Short,Exit on session close,$234.08,$118860.56,$15.92,$1875.00,$2125.00,$1890.92,39,
283,BTC DEC25,Backtest,FairValueGapStrategyFiltered,Short,1,61200,61700,4/8/2022 3:30:00 PM,4/8/2022 4:30:00 PM,FVG Short,Stop loss,($2515.92),$116344.64,$15.92,$2500.00,$1550.00,$4065.92,5,
284,BTC DEC25,Backtest,FairValueGapStrategyFiltered,Short,1,59090,57670,4/11/2022 3:45:00 PM,4/12/2022 2:00:00 AM,FVG Short,Exit on session close,$7084.08,$123428.72,$15.92,$1425.00,$8775.00,$1690.92,38,
285,BTC DEC25,Backtest,FairValueGapStrategyFiltered,Long,1,58710,59335,4/13/2022 4:15:00 PM,4/14/2022 2:00:00 AM,FVG Long,Exit on session close,$3109.08,$126537.80,$15.92,$750.00,$5125.00,$2015.92,35,
286,BTC DEC25,Backtest,FairValueGapStrategyFiltered,Long,1,59355,58855,4/14/2022 3:30:00 PM,4/14/2022 3:45:00 PM,FVG Long,Stop loss,($2515.92),$124021.88,$15.92,$2500.00,$50.00,$2565.92,2,
287,BTC DEC25,Backtest,FairValueGapStrategyFiltered,Long,1,59695,59705,4/19/2022 4:15:00 PM,4/20/2022 2:00:00 AM,FVG Long,Exit on session close,$34.08,$124055.96,$15.92,$1500.00,$1350.00,$1315.92,35,
288,BTC DEC25,Backtest,FairValueGapStrategyFiltered,Short,1,56910,57410,4/25/2022 3:30:00 PM,4/25/2022 3:45:00 PM,FVG Short,Stop loss,($2515.92),$121540.04,$15.92,$2500.00,$75.00,$2590.92,2,
289,BTC DEC25,Backtest,FairValueGapStrategyFiltered,Long,1,57510,57010,4/27/2022 4:15:00 PM,4/27/2022 4:15:00 PM,FVG Long,Stop loss,($2515.92),$119024.12,$15.92,$2500.00,$0.00,$2515.92,1,
290,BTC DEC25,Backtest,FairValueGapStrategyFiltered,Short,1,56410,55700,5/3/2022 3:45:00 PM,5/4/2022 2:00:00 AM,FVG Short,Exit on session close,$3534.08,$122558.20,$15.92,$825.00,$4425.00,$890.92,38,
291,BTC DEC25,Backtest,FairValueGapStrategyFiltered,Short,1,53960,54170,5/6/2022 3:30:00 PM,5/6/2022 11:00:00 PM,FVG Short,Exit on session close,($1065.92),$121492.28,$15.92,$2475.00,$3375.00,$4440.92,31,
292,BTC DEC25,Backtest,FairValueGapStrategyFiltered,Short,1,50985,51485,5/9/2022 3:30:00 PM,5/9/2022 3:45:00 PM,FVG Short,Stop loss,($2515.92),$118976.36,$15.92,$2500.00,$900.00,$3415.92,2,
293,BTC DEC25,Backtest,FairValueGapStrategyFiltered,Short,1,49875,49050,5/10/2022 4:15:00 PM,5/11/2022 2:00:00 AM,FVG Short,Exit on session close,$4109.08,$123085.44,$15.92,$1900.00,$8350.00,$4240.92,36,
294,BTC DEC25,Backtest,FairValueGapStrategyFiltered,Short,1,47350,47850,5/11/2022 3:30:00 PM,5/11/2022 3:30:00 PM,FVG Short,Stop loss,($2515.92),$120569.52,$15.92,$2500.00,$0.00,$2515.92,1,
295,BTC DEC25,Backtest,FairValueGapStrategyFiltered,Short,1,47620,46690,5/18/2022 3:30:00 PM,5/19/2022 2:00:00 AM,FVG Short,Exit on session close,$4634.08,$125203.60,$15.92,$300.00,$4800.00,$165.92,39,
296,BTC DEC25,Backtest,FairValueGapStrategyFiltered,Short,1,46185,46685,5/26/2022 3:45:00 PM,5/26/2022 4:00:00 PM,FVG Short,Stop loss,($2515.92),$122687.68,$15.92,$2500.00,$50.00,$2565.92,2,
297,BTC DEC25,Backtest,FairValueGapStrategyFiltered,Long,1,49955,49455,5/31/2022 3:45:00 PM,5/31/2022 3:45:00 PM,FVG Long,Stop loss,($2515.92),$120171.76,$15.92,$2500.00,$0.00,$2515.92,1,
298,BTC DEC25,Backtest,FairValueGapStrategyFiltered,Short,1,47930,48430,6/2/2022 3:45:00 PM,6/2/2022 5:30:00 PM,FVG Short,Stop loss,($2515.92),$117655.84,$15.92,$2500.00,$850.00,$3365.92,8,
299,BTC DEC25,Backtest,FairValueGapStrategyFiltered,Long,1,48805,48305,6/8/2022 4:15:00 PM,6/8/2022 6:45:00 PM,FVG Long,Stop loss,($2515.92),$115139.92,$15.92,$2500.00,$25.00,$2540.92,11,
300,BTC DEC25,Backtest,FairValueGapStrategyFiltered,Short,1,47530,47220,6/10/2022 4:00:00 PM,6/10/2022 11:00:00 PM,FVG Short,Exit on session close,$1534.08,$116674.00,$15.92,$775.00,$3600.00,$2065.92,29,
301,BTC DEC25,Backtest,FairValueGapStrategyFiltered,Short,1,41640,42140,6/13/2022 3:30:00 PM,6/13/2022 6:45:00 PM,FVG Short,Stop loss,($2515.92),$114158.08,$15.92,$2500.00,$5400.00,$7915.92,14,
302,BTC DEC25,Backtest,FairValueGapStrategyFiltered,Short,1,38655,38695,6/17/2022 3:30:00 PM,6/17/2022 11:00:00 PM,FVG Short,Exit on session close,($215.92),$113942.16,$15.92,$1475.00,$1325.00,$1540.92,31,
303,BTC DEC25,Backtest,FairValueGapStrategyFiltered,Long,1,39665,39165,6/21/2022 4:15:00 PM,6/21/2022 8:45:00 PM,FVG Long,Stop loss,($2515.92),$111426.24,$15.92,$2500.00,$600.00,$3115.92,19,
304,BTC DEC25,Backtest,FairValueGapStrategyFiltered,Short,1,38410,38910,6/23/2022 4:15:00 PM,6/23/2022 10:00:00 PM,FVG Short,Stop loss,($2515.92),$108910.32,$15.92,$2500.00,$1400.00,$3915.92,24,
305,BTC DEC25,Backtest,FairValueGapStrategyFiltered,Short,1,38705,38665,6/27/2022 4:15:00 PM,6/28/2022 2:00:00 AM,FVG Short,Exit on session close,$184.08,$109094.40,$15.92,$1100.00,$1300.00,$1115.92,36,
306,BTC DEC25,Backtest,FairValueGapStrategyFiltered,Short,1,36775,37275,6/30/2022 4:15:00 PM,7/1/2022 2:00:00 AM,FVG Short,Stop loss,($2515.92),$106578.48,$15.92,$2500.00,$1125.00,$3640.92,36,
307,BTC DEC25,Backtest,FairValueGapStrategyFiltered,Long,1,38560,39655,7/7/2022 4:15:00 PM,7/8/2022 2:00:00 AM,FVG Long,Exit on session close,$5459.08,$112037.56,$15.92,$275.00,$6775.00,$1315.92,36,
308,BTC DEC25,Backtest,FairValueGapStrategyFiltered,Short,1,38330,37960,7/11/2022 4:15:00 PM,7/12/2022 2:00:00 AM,FVG Short,Exit on session close,$1834.08,$113871.64,$15.92,$1900.00,$2275.00,$440.92,36,
309,BTC DEC25,Backtest,FairValueGapStrategyFiltered,Long,1,38980,38980,7/15/2022 3:30:00 PM,7/15/2022 11:00:00 PM,FVG Long,Exit on session close,($15.92),$113855.72,$15.92,$1600.00,$1300.00,$1315.92,31,
310,BTC DEC25,Backtest,FairValueGapStrategyFiltered,Long,1,40275,39775,7/18/2022 3:30:00 PM,7/18/2022 9:15:00 PM,FVG Long,Stop loss,($2515.92),$111339.80,$15.92,$2500.00,$2675.00,$5190.92,24,
311,BTC DEC25,Backtest,FairValueGapStrategyFiltered,Short,1,39405,39905,7/27/2022 3:45:00 PM,7/27/2022 8:15:00 PM,FVG Short,Stop loss,($2515.92),$108823.88,$15.92,$2500.00,$75.00,$2590.92,19,
312,BTC DEC25,Backtest,FairValueGapStrategyFiltered,Long,1,41900,42135,7/29/2022 4:15:00 PM,7/29/2022 11:00:00 PM,FVG Long,Exit on session close,$1159.08,$109982.96,$15.92,$400.00,$2775.00,$1615.92,28,
313,BTC DEC25,Backtest,FairValueGapStrategyFiltered,Short,1,41200,41440,8/1/2022 3:30:00 PM,8/2/2022 2:00:00 AM,FVG Short,Exit on session close,($1215.92),$108767.04,$15.92,$2375.00,$1075.00,$2290.92,39,
314,BTC DEC25,Backtest,FairValueGapStrategyFiltered,Long,1,42365,41865,8/8/2022 4:15:00 PM,8/9/2022 12:45:00 AM,FVG Long,Stop loss,($2515.92),$106251.12,$15.92,$2500.00,$225.00,$2740.92,31,
315,BTC DEC25,Backtest,FairValueGapStrategyFiltered,Long,1,42090,42095,8/10/2022 3:30:00 PM,8/11/2022 2:00:00 AM,FVG Long,Exit on session close,$9.08,$106260.20,$15.92,$2400.00,$1200.00,$1190.92,39,
316,BTC DEC25,Backtest,FairValueGapStrategyFiltered,Short,1,41480,41380,8/17/2022 4:15:00 PM,8/18/2022 2:00:00 AM,FVG Short,Exit on session close,$484.08,$106744.28,$15.92,$1150.00,$1225.00,$740.92,36,
317,BTC DEC25,Backtest,FairValueGapStrategyFiltered,Short,1,41570,41255,8/18/2022 4:00:00 PM,8/19/2022 2:00:00 AM,FVG Short,Exit on session close,$1559.08,$108303.36,$15.92,$100.00,$1975.00,$415.92,37,
318,BTC DEC25,Backtest,FairValueGapStrategyFiltered,Short,1,39410,39270,8/19/2022 4:15:00 PM,8/19/2022 11:00:00 PM,FVG Short,Exit on session close,$684.08,$108987.44,$15.92,$1225.00,$1425.00,$740.92,28,
319,BTC DEC25,Backtest,FairValueGapStrategyFiltered,Long,1,39830,39330,8/26/2022 3:45:00 PM,8/26/2022 4:45:00 PM,FVG Long,Stop loss,($2515.92),$106471.52,$15.92,$2500.00,$125.00,$2640.92,5,
320,BTC DEC25,Backtest,FairValueGapStrategyFiltered,Long,1,38395,37895,9/2/2022 3:45:00 PM,9/2/2022 7:30:00 PM,FVG Long,Stop loss,($2515.92),$103955.60,$15.92,$2500.00,$500.00,$3015.92,16,
321,BTC DEC25,Backtest,FairValueGapStrategyFiltered,Short,1,37855,36720,9/6/2022 3:30:00 PM,9/7/2022 2:00:00 AM,FVG Short,Exit on session close,$5659.08,$109614.68,$15.92,$125.00,$6350.00,$690.92,39,
322,BTC DEC25,Backtest,FairValueGapStrategyFiltered,Long,1,37230,37360,9/8/2022 4:15:00 PM,9/9/2022 2:00:00 AM,FVG Long,Exit on session close,$634.08,$110248.76,$15.92,$700.00,$1375.00,$740.92,36,
323,BTC DEC25,Backtest,FairValueGapStrategyFiltered,Short,1,39480,38245,9/13/2022 3:30:00 PM,9/14/2022 2:00:00 AM,FVG Short,Exit on session close,$6159.08,$116407.84,$15.92,$625.00,$6625.00,$465.92,39,
324,BTC DEC25,Backtest,FairValueGapStrategyFiltered,Short,1,37805,37800,9/16/2022 3:30:00 PM,9/16/2022 11:00:00 PM,FVG Short,Exit on session close,$9.08,$116416.92,$15.92,$250.00,$2125.00,$2115.92,31,
325,BTC DEC25,Backtest,FairValueGapStrategyFiltered,Short,1,36935,36945,9/20/2022 3:45:00 PM,9/21/2022 1:45:00 AM,FVG Short,Exit on session close,($65.92),$116351.00,$15.92,$2175.00,$700.00,$765.92,37,
326,BTC DEC25,Backtest,FairValueGapStrategyFiltered,Short,1,36960,37460,9/22/2022 4:15:00 PM,9/22/2022 9:45:00 PM,FVG Short,Stop loss,($2515.92),$113835.08,$15.92,$2500.00,$525.00,$3040.92,23,
327,BTC DEC25,Backtest,FairValueGapStrategyFiltered,Short,1,36670,36920,9/23/2022 4:15:00 PM,9/23/2022 11:00:00 PM,FVG Short,Exit on session close,($1265.92),$112569.16,$15.92,$1675.00,$550.00,$1815.92,28,
328,BTC DEC25,Backtest,FairValueGapStrategyFiltered,Long,1,37175,37320,9/26/2022 3:30:00 PM,9/27/2022 2:00:00 AM,FVG Long,Exit on session close,$709.08,$113278.24,$15.92,$600.00,$1050.00,$340.92,39,
329,BTC DEC25,Backtest,FairValueGapStrategyFiltered,Short,1,37070,37570,9/29/2022 4:15:00 PM,9/29/2022 6:45:00 PM,FVG Short,Stop loss,($2515.92),$110762.32,$15.92,$2500.00,$800.00,$3315.92,11,
330,BTC DEC25,Backtest,FairValueGapStrategyFiltered,Long,1,37605,37525,9/30/2022 4:15:00 PM,9/30/2022 11:00:00 PM,FVG Long,Exit on session close,($415.92),$110346.40,$15.92,$675.00,$3750.00,$4165.92,28,
331,BTC DEC25,Backtest,FairValueGapStrategyFiltered,Short,1,38335,38135,10/6/2022 3:30:00 PM,10/7/2022 2:00:00 AM,FVG Short,Exit on session close,$984.08,$111330.48,$15.92,$975.00,$1550.00,$565.92,39,
332,BTC DEC25,Backtest,FairValueGapStrategyFiltered,Short,1,37725,37635,10/7/2022 4:15:00 PM,10/7/2022 11:00:00 PM,FVG Short,Exit on session close,$434.08,$111764.56,$15.92,$500.00,$1450.00,$1015.92,28,
333,BTC DEC25,Backtest,FairValueGapStrategyFiltered,Short,1,37430,37225,10/10/2022 4:15:00 PM,10/11/2022 2:00:00 AM,FVG Short,Exit on session close,$1009.08,$112773.64,$15.92,$425.00,$1600.00,$590.92,36,
334,BTC DEC25,Backtest,FairValueGapStrategyFiltered,Short,1,37235,37160,10/11/2022 3:30:00 PM,10/12/2022 2:00:00 AM,FVG Short,Exit on session close,$359.08,$113132.72,$15.92,$375.00,$1500.00,$1140.92,39,
335,BTC DEC25,Backtest,FairValueGapStrategyFiltered,Long,1,37970,37470,10/14/2022 3:30:00 PM,10/14/2022 5:30:00 PM,FVG Long,Stop loss,($2515.92),$110616.80,$15.92,$2500.00,$25.00,$2540.92,9,
336,BTC DEC25,Backtest,FairValueGapStrategyFiltered,Long,1,37560,38370,10/25/2022 3:30:00 PM,10/25/2022 11:00:00 PM,FVG Long,Exit on session close,$4034.08,$114650.88,$15.92,$75.00,$5300.00,$1265.92,31,
337,BTC DEC25,Backtest,FairValueGapStrategyFiltered,Long,1,38785,38885,10/28/2022 4:00:00 PM,10/28/2022 11:00:00 PM,FVG Long,Exit on session close,$484.08,$115134.96,$15.92,$1200.00,$1050.00,$565.92,29,
338,BTC DEC25,Backtest,FairValueGapStrategyFiltered,Short,1,38530,38695,10/31/2022 3:30:00 PM,11/1/2022 12:45:00 AM,FVG Short,Exit on session close,($840.92),$114294.04,$15.92,$950.00,$625.00,$1465.92,34,
339,BTC DEC25,Backtest,FairValueGapStrategyFiltered,Long,1,39430,38930,11/4/2022 3:45:00 PM,11/4/2022 5:15:00 PM,FVG Long,Stop loss,($2515.92),$111778.12,$15.92,$2500.00,$775.00,$3290.92,7,
340,BTC DEC25,Backtest,FairValueGapStrategyFiltered,Short,1,34340,34265,11/11/2022 3:30:00 PM,11/11/2022 11:00:00 PM,FVG Short,Exit on session close,$359.08,$112137.20,$15.92,$2175.00,$2200.00,$1840.92,31,
341,BTC DEC25,Backtest,FairValueGapStrategyFiltered,Short,1,34485,34470,11/14/2022 3:30:00 PM,11/15/2022 1:00:00 AM,FVG Short,Exit on session close,$59.08,$112196.28,$15.92,$700.00,$2275.00,$2215.92,35,
342,BTC DEC25,Backtest,FairValueGapStrategyFiltered,Long,1,34260,34285,11/22/2022 3:30:00 PM,11/23/2022 1:00:00 AM,FVG Long,Exit on session close,$109.08,$112305.36,$15.92,$650.00,$1100.00,$990.92,35,
343,BTC DEC25,Backtest,FairValueGapStrategyFiltered,Long,1,34775,34790,11/25/2022 4:15:00 PM,11/25/2022 7:45:00 PM,FVG Long,Exit on session close,$59.08,$112364.44,$15.92,$175.00,$325.00,$265.92,15,
344,BTC DEC25,Backtest,FairValueGapStrategyFiltered,Long,1,35210,35645,11/30/2022 4:15:00 PM,12/1/2022 1:00:00 AM,FVG Long,Exit on session close,$2159.08,$114523.52,$15.92,$750.00,$2475.00,$315.92,32,
345,BTC DEC25,Backtest,FairValueGapStrategyFiltered,Long,1,35555,35375,12/1/2022 4:15:00 PM,12/2/2022 1:00:00 AM,FVG Long,Exit on session close,($915.92),$113607.60,$15.92,$1425.00,$100.00,$1015.92,32,
346,BTC DEC25,Backtest,FairValueGapStrategyFiltered,Short,1,35400,35560,12/6/2022 4:15:00 PM,12/7/2022 1:00:00 AM,FVG Short,Exit on session close,($815.92),$112791.68,$15.92,$850.00,$450.00,$1265.92,32,
347,BTC DEC25,Backtest,FairValueGapStrategyFiltered,Long,1,35660,35595,12/9/2022 4:15:00 PM,12/9/2022 11:45:00 PM,FVG Long,Exit on session close,($340.92),$112450.76,$15.92,$725.00,$250.00,$590.92,29,
348,BTC DEC25,Backtest,FairValueGapStrategyFiltered,Long,1,36480,36330,12/14/2022 3:45:00 PM,12/15/2022 1:00:00 AM,FVG Long,Exit on session close,($765.92),$111684.84,$15.92,$1450.00,$2250.00,$3015.92,32,
349,BTC DEC25,Backtest,FairValueGapStrategyFiltered,Short,1,35110,35275,12/22/2022 4:15:00 PM,12/23/2022 12:45:00 AM,FVG Short,Exit on session close,($840.92),$110843.92,$15.92,$1025.00,$700.00,$1540.92,31,
350,BTC DEC25,Backtest,FairValueGapStrategyFiltered,Short,1,35235,35130,12/27/2022 4:15:00 PM,12/27/2022 11:00:00 PM,FVG Short,Exit on session close,$509.08,$111353.00,$15.92,$425.00,$1050.00,$540.92,28,
351,BTC DEC25,Backtest,FairValueGapStrategyFiltered,Long,1,35430,35455,1/5/2023 3:45:00 PM,1/6/2023 1:00:00 AM,FVG Long,Exit on session close,$109.08,$111462.08,$15.92,$375.00,$475.00,$365.92,34,
352,BTC DEC25,Backtest,FairValueGapStrategyFiltered,Long,1,35950,36140,1/10/2023 3:45:00 PM,1/11/2023 1:00:00 AM,FVG Long,Exit on session close,$934.08,$112396.16,$15.92,$300.00,$1200.00,$265.92,31,
353,BTC DEC25,Backtest,FairValueGapStrategyFiltered,Long,1,36075,36650,1/11/2023 4:15:00 PM,1/12/2023 1:00:00 AM,FVG Long,Exit on session close,$2859.08,$115255.24,$15.92,$550.00,$3025.00,$165.92,32,
354,BTC DEC25,Backtest,FairValueGapStrategyFiltered,Long,1,37650,38530,1/13/2023 3:45:00 PM,1/13/2023 11:00:00 PM,FVG Long,Exit on session close,$4384.08,$119639.32,$15.92,$150.00,$4900.00,$515.92,30,
355,BTC DEC25,Backtest,FairValueGapStrategyFiltered,Long,1,39565,39890,1/16/2023 4:00:00 PM,1/17/2023 1:00:00 AM,FVG Long,Exit on session close,$1609.08,$121248.40,$15.92,$1200.00,$3350.00,$1740.92,33,
356,BTC DEC25,Backtest,FairValueGapStrategyFiltered,Long,1,40000,39850,1/17/2023 3:45:00 PM,1/18/2023 1:00:00 AM,FVG Long,Exit on session close,($765.92),$120482.48,$15.92,$1375.00,$825.00,$1590.92,34,
357,BTC DEC25,Backtest,FairValueGapStrategyFiltered,Short,1,41030,41530,1/25/2023 4:15:00 PM,1/25/2023 10:00:00 PM,FVG Short,Stop loss,($2515.92),$117966.56,$15.92,$2500.00,$475.00,$2990.92,24,
358,BTC DEC25,Backtest,FairValueGapStrategyFiltered,Long,1,41790,41605,1/26/2023 3:45:00 PM,1/27/2023 1:00:00 AM,FVG Long,Exit on session close,($940.92),$117025.64,$15.92,$1600.00,$250.00,$1190.92,34,
359,BTC DEC25,Backtest,FairValueGapStrategyFiltered,Long,1,41595,41650,1/27/2023 4:15:00 PM,1/27/2023 11:00:00 PM,FVG Long,Exit on session close,$259.08,$117284.72,$15.92,$725.00,$2725.00,$2465.92,28,
360,BTC DEC25,Backtest,FairValueGapStrategyFiltered,Long,1,42475,41975,2/2/2023 3:45:00 PM,2/2/2023 11:00:00 PM,FVG Long,Stop loss,($2515.92),$114768.80,$15.92,$2500.00,$1250.00,$3765.92,30,
361,BTC DEC25,Backtest,FairValueGapStrategyFiltered,Short,1,41285,41250,2/6/2023 3:30:00 PM,2/7/2023 1:00:00 AM,FVG Short,Exit on session close,$159.08,$114927.88,$15.92,$1900.00,$850.00,$690.92,35,
362,BTC DEC25,Backtest,FairValueGapStrategyFiltered,Short,1,41505,41430,2/8/2023 3:45:00 PM,2/9/2023 1:00:00 AM,FVG Short,Exit on session close,$359.08,$115286.96,$15.92,$425.00,$2100.00,$1740.92,32,
363,BTC DEC25,Backtest,FairValueGapStrategyFiltered,Long,1,40705,40665,2/14/2023 4:15:00 PM,2/15/2023 1:00:00 AM,FVG Long,Exit on session close,($215.92),$115071.04,$15.92,$2025.00,$300.00,$515.92,32,
364,BTC DEC25,Backtest,FairValueGapStrategyFiltered,Long,1,42650,42925,2/17/2023 4:00:00 PM,2/17/2023 11:00:00 PM,FVG Long,Exit on session close,$1359.08,$116430.12,$15.92,$2425.00,$4175.00,$2815.92,29,
365,BTC DEC25,Backtest,FairValueGapStrategyFiltered,Short,1,42400,42225,2/22/2023 3:45:00 PM,2/22/2023 11:00:00 PM,FVG Short,Exit on session close,$859.08,$117289.20,$15.92,$450.00,$2100.00,$1240.92,30,
366,BTC DEC25,Backtest,FairValueGapStrategyFiltered,Short,1,40235,39940,3/8/2023 3:30:00 PM,3/9/2023 1:00:00 AM,FVG Short,Exit on session close,$1459.08,$118748.28,$15.92,$1250.00,$2075.00,$615.92,35,
367,BTC DEC25,Backtest,FairValueGapStrategyFiltered,Short,1,38220,38305,3/10/2023 3:45:00 PM,3/10/2023 11:00:00 PM,FVG Short,Exit on session close,($440.92),$118307.36,$15.92,$1450.00,$1800.00,$2240.92,30,
368,BTC DEC25,Backtest,FairValueGapStrategyFiltered,Long,1,41675,42420,3/13/2023 3:45:00 PM,3/14/2023 1:00:00 AM,FVG Long,Exit on session close,$3709.08,$122016.44,$15.92,$525.00,$5800.00,$2090.92,34,
369,BTC DEC25,Backtest,FairValueGapStrategyFiltered,Long,1,43215,43345,3/16/2023 4:15:00 PM,3/17/2023 1:00:00 AM,FVG Long,Exit on session close,$634.08,$122650.52,$15.92,$1375.00,$1500.00,$865.92,32,
370,BTC DEC25,Backtest,FairValueGapStrategyFiltered,Long,1,46590,46795,3/31/2023 3:45:00 PM,3/31/2023 11:00:00 PM,FVG Long,Exit on session close,$1009.08,$123659.60,$15.92,$25.00,$3125.00,$2115.92,30,
371,BTC DEC25,Backtest,FairValueGapStrategyFiltered,Short,1,46370,46390,4/4/2023 4:15:00 PM,4/5/2023 2:00:00 AM,FVG Short,Exit on session close,($115.92),$123543.68,$15.92,$850.00,$1100.00,$1215.92,36,
372,BTC DEC25,Backtest,FairValueGapStrategyFiltered,Short,1,47080,47405,4/28/2023 4:15:00 PM,4/28/2023 11:00:00 PM,FVG Short,Exit on session close,($1640.92),$121902.76,$15.92,$2050.00,$475.00,$2115.92,28,
373,BTC DEC25,Backtest,FairValueGapStrategyFiltered,Short,1,46400,46030,5/1/2023 4:15:00 PM,5/2/2023 2:00:00 AM,FVG Short,Exit on session close,$1834.08,$123736.84,$15.92,$750.00,$4000.00,$2165.92,36,
374,BTC DEC25,Backtest,FairValueGapStrategyFiltered,Short,1,46010,46510,5/2/2023 3:45:00 PM,5/2/2023 4:30:00 PM,FVG Short,Stop loss,($2515.92),$121220.92,$15.92,$2500.00,$750.00,$3265.92,4,
375,BTC DEC25,Backtest,FairValueGapStrategyFiltered,Long,1,47215,47615,5/5/2023 4:15:00 PM,5/6/2023 2:00:00 AM,FVG Long,Exit on session close,$1984.08,$123205.00,$15.92,$325.00,$2925.00,$940.92,29,
376,BTC DEC25,Backtest,FairValueGapStrategyFiltered,Short,1,45625,45585,5/9/2023 4:00:00 PM,5/10/2023 2:00:00 AM,FVG Short,Exit on session close,$184.08,$123389.08,$15.92,$500.00,$1675.00,$1490.92,37,
377,BTC DEC25,Backtest,FairValueGapStrategyFiltered,Long,1,46130,45630,5/10/2023 3:30:00 PM,5/10/2023 7:30:00 PM,FVG Long,Stop loss,($2515.92),$120873.16,$15.92,$2500.00,$875.00,$3390.92,17,
378,BTC DEC25,Backtest,FairValueGapStrategyFiltered,Short,1,44685,44750,5/22/2023 3:30:00 PM,5/23/2023 2:00:00 AM,FVG Short,Exit on session close,($340.92),$120532.24,$15.92,$1825.00,$0.00,$340.92,39,
379,BTC DEC25,Backtest,FairValueGapStrategyFiltered,Short,1,44295,44305,5/24/2023 4:15:00 PM,5/24/2023 11:00:00 PM,FVG Short,Exit on session close,($65.92),$120466.32,$15.92,$375.00,$1950.00,$2015.92,28,
380,BTC DEC25,Backtest,FairValueGapStrategyFiltered,Short,1,44155,44285,5/25/2023 4:15:00 PM,5/26/2023 1:30:00 AM,FVG Short,Exit on session close,($665.92),$119800.40,$15.92,$1125.00,$1075.00,$1740.92,34,
381,BTC DEC25,Backtest,FairValueGapStrategyFiltered,Long,1,44400,44625,5/26/2023 4:15:00 PM,5/26/2023 11:00:00 PM,FVG Long,Exit on session close,$1109.08,$120909.48,$15.92,$75.00,$2150.00,$1040.92,28,
382,BTC DEC25,Backtest,FairValueGapStrategyFiltered,Long,1,45930,45430,5/30/2023 3:45:00 PM,5/30/2023 6:30:00 PM,FVG Long,Stop loss,($2515.92),$118393.56,$15.92,$2500.00,$100.00,$2615.92,12,
383,BTC DEC25,Backtest,FairValueGapStrategyFiltered,Short,1,44690,44590,6/1/2023 4:00:00 PM,6/2/2023 2:00:00 AM,FVG Short,Exit on session close,$484.08,$118877.64,$15.92,$1550.00,$1125.00,$640.92,37,
384,BTC DEC25,Backtest,FairValueGapStrategyFiltered,Short,1,44220,44330,6/8/2023 3:45:00 PM,6/9/2023 2:00:00 AM,FVG Short,Exit on session close,($565.92),$118311.72,$15.92,$2300.00,$650.00,$1215.92,38,
385,BTC DEC25,Backtest,FairValueGapStrategyFiltered,Short,1,43640,43685,6/12/2023 3:45:00 PM,6/13/2023 2:00:00 AM,FVG Short,Exit on session close,($240.92),$118070.80,$15.92,$550.00,$1200.00,$1440.92,37,
386,BTC DEC25,Backtest,FairValueGapStrategyFiltered,Long,1,44330,44635,6/19/2023 4:00:00 PM,6/20/2023 2:00:00 AM,FVG Long,Exit on session close,$1509.08,$119579.88,$15.92,$1200.00,$2625.00,$1115.92,37,
387,BTC DEC25,Backtest,FairValueGapStrategyFiltered,Long,1,47035,47910,6/21/2023 4:00:00 PM,6/22/2023 2:00:00 AM,FVG Long,Exit on session close,$4359.08,$123938.96,$15.92,$100.00,$8150.00,$3790.92,37,
388,BTC DEC25,Backtest,FairValueGapStrategyFiltered,Long,1,48240,47740,6/22/2023 3:45:00 PM,6/22/2023 4:45:00 PM,FVG Long,Stop loss,($2515.92),$121423.04,$15.92,$2500.00,$450.00,$2965.92,5,
389,BTC DEC25,Backtest,FairValueGapStrategyFiltered,Long,1,48530,48255,6/29/2023 3:45:00 PM,6/30/2023 2:00:00 AM,FVG Long,Exit on session close,($1390.92),$120032.12,$15.92,$2250.00,$425.00,$1815.92,38,
390,BTC DEC25,Backtest,FairValueGapStrategyFiltered,Short,1,47755,48255,6/30/2023 4:15:00 PM,6/30/2023 7:30:00 PM,FVG Short,Stop loss,($2515.92),$117516.20,$15.92,$2500.00,$875.00,$3390.92,14,
391,BTC DEC25,Backtest,FairValueGapStrategyFiltered,Short,1,47910,48155,7/5/2023 3:30:00 PM,7/6/2023 2:00:00 AM,FVG Short,Exit on session close,($1240.92),$116275.28,$15.92,$1875.00,$425.00,$1665.92,39,
392,BTC DEC25,Backtest,FairValueGapStrategyFiltered,Short,1,48015,47480,7/6/2023 4:15:00 PM,7/7/2023 2:00:00 AM,FVG Short,Exit on session close,$2659.08,$118934.36,$15.92,$575.00,$2950.00,$290.92,36,
393,BTC DEC25,Backtest,FairValueGapStrategyFiltered,Long,1,47875,47990,7/10/2023 4:00:00 PM,7/11/2023 2:00:00 AM,FVG Long,Exit on session close,$559.08,$119493.44,$15.92,$825.00,$3950.00,$3390.92,37,
394,BTC DEC25,Backtest,FairValueGapStrategyFiltered,Long,1,48285,49110,7/13/2023 4:15:00 PM,7/14/2023 2:00:00 AM,FVG Long,Exit on session close,$4109.08,$123602.52,$15.92,$1275.00,$6425.00,$2315.92,36,
395,BTC DEC25,Backtest,FairValueGapStrategyFiltered,Short,1,46565,46585,7/24/2023 4:15:00 PM,7/25/2023 2:00:00 AM,FVG Short,Exit on session close,($115.92),$123486.60,$15.92,$250.00,$1750.00,$1865.92,36,
396,BTC DEC25,Backtest,FairValueGapStrategyFiltered,Long,1,46705,46655,7/26/2023 4:15:00 PM,7/27/2023 2:00:00 AM,FVG Long,Exit on session close,($265.92),$123220.68,$15.92,$850.00,$1575.00,$1840.92,35,
397,BTC DEC25,Backtest,FairValueGapStrategyFiltered,Long,1,47270,46770,8/9/2023 3:30:00 PM,8/9/2023 7:00:00 PM,FVG Long,Stop loss,($2515.92),$120704.76,$15.92,$2500.00,$100.00,$2615.92,15,
398,BTC DEC25,Backtest,FairValueGapStrategyFiltered,Long,1,46930,46635,8/10/2023 4:15:00 PM,8/11/2023 2:00:00 AM,FVG Long,Exit on session close,($1490.92),$119213.84,$15.92,$2100.00,$225.00,$1715.92,36,
399,BTC DEC25,Backtest,FairValueGapStrategyFiltered,Short,1,46490,46610,8/14/2023 3:45:00 PM,8/15/2023 2:00:00 AM,FVG Short,Exit on session close,($615.92),$118597.92,$15.92,$2200.00,$375.00,$990.92,38,
400,BTC DEC25,Backtest,FairValueGapStrategyFiltered,Short,1,45480,43750,8/17/2023 4:15:00 PM,8/18/2023 2:00:00 AM,FVG Short,Exit on session close,$8634.08,$127232.00,$15.92,$525.00,$12175.00,$3540.92,36,
401,BTC DEC25,Backtest,FairValueGapStrategyFiltered,Short,1,43130,43145,8/22/2023 3:30:00 PM,8/23/2023 2:00:00 AM,FVG Short,Exit on session close,($90.92),$127141.08,$15.92,$175.00,$2125.00,$2215.92,39,
402,BTC DEC25,Backtest,FairValueGapStrategyFiltered,Short,1,42920,43420,8/23/2023 3:30:00 PM,8/23/2023 6:30:00 PM,FVG Short,Stop loss,($2515.92),$124625.16,$15.92,$2500.00,$50.00,$2565.92,13,
403,BTC DEC25,Backtest,FairValueGapStrategyFiltered,Long,1,43150,44875,8/29/2023 4:15:00 PM,8/30/2023 2:00:00 AM,FVG Long,Exit on session close,$8609.08,$133234.24,$15.92,$0.00,$10800.00,$2190.92,36,
404,BTC DEC25,Backtest,FairValueGapStrategyFiltered,Short,1,43000,42825,9/1/2023 4:15:00 PM,9/1/2023 11:00:00 PM,FVG Short,Exit on session close,$859.08,$134093.32,$15.92,$125.00,$3125.00,$2265.92,28,
405,BTC DEC25,Backtest,FairValueGapStrategyFiltered,Long,1,43370,42870,9/12/2023 4:15:00 PM,9/13/2023 1:15:00 AM,FVG Long,Stop loss,($2515.92),$131577.40,$15.92,$2500.00,$1450.00,$3965.92,33,
406,BTC DEC25,Backtest,FairValueGapStrategyFiltered,Long,1,43600,43595,9/14/2023 3:30:00 PM,9/15/2023 2:00:00 AM,FVG Long,Exit on session close,($40.92),$131536.48,$15.92,$50.00,$1650.00,$1690.92,38,
407,BTC DEC25,Backtest,FairValueGapStrategyFiltered,Short,1,43390,43600,9/21/2023 4:00:00 PM,9/22/2023 2:00:00 AM,FVG Short,Exit on session close,($1065.92),$130470.56,$15.92,$1775.00,$175.00,$1240.92,34,
408,BTC DEC25,Backtest,FairValueGapStrategyFiltered,Short,1,43605,43515,9/22/2023 3:30:00 PM,9/22/2023 11:00:00 PM,FVG Short,Exit on session close,$434.08,$130904.64,$15.92,$625.00,$525.00,$90.92,31,
409,BTC DEC25,Backtest,FairValueGapStrategyFiltered,Short,1,44570,44820,10/4/2023 3:30:00 PM,10/5/2023 2:00:00 AM,FVG Short,Exit on session close,($1265.92),$129638.72,$15.92,$1625.00,$1325.00,$2590.92,39,
410,BTC DEC25,Backtest,FairValueGapStrategyFiltered,Long,1,44905,44405,10/5/2023 3:30:00 PM,10/5/2023 5:45:00 PM,FVG Long,Stop loss,($2515.92),$127122.80,$15.92,$2500.00,$1575.00,$4090.92,10,
411,BTC DEC25,Backtest,FairValueGapStrategyFiltered,Short,1,44395,44895,10/6/2023 3:30:00 PM,10/6/2023 5:30:00 PM,FVG Short,Stop loss,($2515.92),$124606.88,$15.92,$2500.00,$125.00,$2640.92,9,
412,BTC DEC25,Backtest,FairValueGapStrategyFiltered,Short,1,44380,44405,10/10/2023 3:30:00 PM,10/11/2023 2:00:00 AM,FVG Short,Exit on session close,($140.92),$124465.96,$15.92,$1225.00,$550.00,$690.92,39,
413,BTC DEC25,Backtest,FairValueGapStrategyFiltered,Short,1,43640,43685,10/12/2023 4:00:00 PM,10/13/2023 2:00:00 AM,FVG Short,Exit on session close,($240.92),$124225.04,$15.92,$500.00,$925.00,$1165.92,37,
414,BTC DEC25,Backtest,FairValueGapStrategyFiltered,Long,1,45145,45520,10/16/2023 4:00:00 PM,10/17/2023 2:00:00 AM,FVG Long,Exit on session close,$1859.08,$126084.12,$15.92,$2025.00,$3275.00,$1415.92,37,
415,BTC DEC25,Backtest,FairValueGapStrategyFiltered,Long,1,51450,51505,10/25/2023 3:45:00 PM,10/26/2023 2:00:00 AM,FVG Long,Exit on session close,$259.08,$126343.20,$15.92,$925.00,$3900.00,$3640.92,38,
416,BTC DEC25,Backtest,FairValueGapStrategyFiltered,Long,1,52040,51930,11/6/2023 3:45:00 PM,11/7/2023 1:00:00 AM,FVG Long,Exit on session close,($565.92),$125777.28,$15.92,$1800.00,$650.00,$1215.92,34,
417,BTC DEC25,Backtest,FairValueGapStrategyFiltered,Long,1,54560,54060,11/9/2023 3:30:00 PM,11/9/2023 5:00:00 PM,FVG Long,Stop loss,($2515.92),$123261.36,$15.92,$2500.00,$2125.00,$4640.92,7,
418,BTC DEC25,Backtest,FairValueGapStrategyFiltered,Short,1,53585,53310,11/13/2023 4:15:00 PM,11/14/2023 1:00:00 AM,FVG Short,Exit on session close,$1359.08,$124620.44,$15.92,$1450.00,$2375.00,$1015.92,32,
419,BTC DEC25,Backtest,FairValueGapStrategyFiltered,Short,1,52730,53230,11/17/2023 4:15:00 PM,11/17/2023 6:15:00 PM,FVG Short,Stop loss,($2515.92),$122104.52,$15.92,$2500.00,$575.00,$3090.92,9,
420,BTC DEC25,Backtest,FairValueGapStrategyFiltered,Long,1,54135,53635,11/20/2023 4:15:00 PM,11/20/2023 6:30:00 PM,FVG Long,Stop loss,($2515.92),$119588.60,$15.92,$2500.00,$1100.00,$3615.92,10,
421,BTC DEC25,Backtest,FairValueGapStrategyFiltered,Short,1,53570,54070,11/21/2023 3:30:00 PM,11/21/2023 6:30:00 PM,FVG Short,Stop loss,($2515.92),$117072.68,$15.92,$2500.00,$3700.00,$6215.92,13,
422,BTC DEC25,Backtest,FairValueGapStrategyFiltered,Short,1,52995,53495,11/22/2023 4:15:00 PM,11/22/2023 7:30:00 PM,FVG Short,Stop loss,($2515.92),$114556.76,$15.92,$2500.00,$700.00,$3215.92,14,
423,BTC DEC25,Backtest,FairValueGapStrategyFiltered,Long,1,53825,54345,11/28/2023 3:30:00 PM,11/29/2023 1:00:00 AM,FVG Long,Exit on session close,$2584.08,$117140.84,$15.92,$500.00,$6550.00,$3965.92,35,
424,BTC DEC25,Backtest,FairValueGapStrategyFiltered,Short,1,54050,54055,11/30/2023 3:30:00 PM,12/1/2023 1:00:00 AM,FVG Short,Exit on session close,($40.92),$117099.92,$15.92,$500.00,$1475.00,$1515.92,35,
425,BTC DEC25,Backtest,FairValueGapStrategyFiltered,Long,1,58470,60450,12/5/2023 4:00:00 PM,12/6/2023 1:00:00 AM,FVG Long,Exit on session close,$9884.08,$126984.00,$15.92,$125.00,$10925.00,$1040.92,33,
426,BTC DEC25,Backtest,FairValueGapStrategyFiltered,Long,1,60425,60915,12/8/2023 4:15:00 PM,12/8/2023 11:00:00 PM,FVG Long,Exit on session close,$2434.08,$129418.08,$15.92,$2225.00,$3600.00,$1165.92,28,
427,BTC DEC25,Backtest,FairValueGapStrategyFiltered,Short,1,57640,57545,12/12/2023 4:15:00 PM,12/13/2023 1:00:00 AM,FVG Short,Exit on session close,$459.08,$129877.16,$15.92,$425.00,$4300.00,$3840.92,32,
428,BTC DEC25,Backtest,FairValueGapStrategyFiltered,Short,1,58195,58335,12/15/2023 4:00:00 PM,12/15/2023 11:00:00 PM,FVG Short,Exit on session close,($715.92),$129161.24,$15.92,$900.00,$2275.00,$2990.92,29,
429,BTC DEC25,Backtest,FairValueGapStrategyFiltered,Long,1,59785,59670,12/20/2023 3:30:00 PM,12/21/2023 1:00:00 AM,FVG Long,Exit on session close,($590.92),$128570.32,$15.92,$2350.00,$3425.00,$4015.92,35,
430,BTC DEC25,Backtest,FairValueGapStrategyFiltered,Short,1,59395,59895,12/22/2023 3:45:00 PM,12/22/2023 7:30:00 PM,FVG Short,Stop loss,($2515.92),$126054.40,$15.92,$2500.00,$0.00,$2515.92,16,
431,BTC DEC25,Backtest,FairValueGapStrategyFiltered,Short,1,58635,58325,12/28/2023 3:45:00 PM,12/29/2023 1:00:00 AM,FVG Short,Exit on session close,$1534.08,$127588.48,$15.92,$275.00,$2900.00,$1365.92,34,
432,BTC DEC25,Backtest,FairValueGapStrategyFiltered,Long,1,58850,58350,12/29/2023 4:15:00 PM,12/29/2023 4:45:00 PM,FVG Long,Stop loss,($2515.92),$125072.56,$15.92,$2500.00,$75.00,$2590.92,3,
433,BTC DEC25,Backtest,FairValueGapStrategyFiltered,Long,1,63315,62815,1/11/2024 3:30:00 PM,1/11/2024 4:30:00 PM,FVG Long,Stop loss,($2515.92),$122556.64,$15.92,$2500.00,$6650.00,$9165.92,5,
434,BTC DEC25,Backtest,FairValueGapStrategyFiltered,Short,1,60680,58635,1/12/2024 4:15:00 PM,1/12/2024 11:00:00 PM,FVG Short,Exit on session close,$10209.08,$132765.72,$15.92,$150.00,$11525.00,$1315.92,28,
435,BTC DEC25,Backtest,FairValueGapStrategyFiltered,Short,1,57690,58190,1/15/2024 3:45:00 PM,1/15/2024 7:30:00 PM,FVG Short,Stop loss,($2515.92),$130249.80,$15.92,$2500.00,$1350.00,$3865.92,16,
436,BTC DEC25,Backtest,FairValueGapStrategyFiltered,Short,1,58070,58570,1/16/2024 3:30:00 PM,1/16/2024 4:45:00 PM,FVG Short,Stop loss,($2515.92),$127733.88,$15.92,$2500.00,$3825.00,$6340.92,6,
437,BTC DEC25,Backtest,FairValueGapStrategyFiltered,Short,1,56095,56595,1/19/2024 4:00:00 PM,1/19/2024 7:45:00 PM,FVG Short,Stop loss,($2515.92),$125217.96,$15.92,$2500.00,$2925.00,$5440.92,16,
438,BTC DEC25,Backtest,FairValueGapStrategyFiltered,Short,1,55760,54675,1/22/2024 3:45:00 PM,1/23/2024 1:00:00 AM,FVG Short,Exit on session close,$5409.08,$130627.04,$15.92,$1400.00,$6025.00,$615.92,34,
439,BTC DEC25,Backtest,FairValueGapStrategyFiltered,Short,1,53915,54415,1/23/2024 3:30:00 PM,1/23/2024 4:45:00 PM,FVG Short,Stop loss,($2515.92),$128111.12,$15.92,$2500.00,$825.00,$3340.92,6,
440,BTC DEC25,Backtest,FairValueGapStrategyFiltered,Long,1,56825,57265,1/26/2024 4:15:00 PM,1/26/2024 11:00:00 PM,FVG Long,Exit on session close,$2184.08,$130295.20,$15.92,$1575.00,$3500.00,$1315.92,28,
441,BTC DEC25,Backtest,FairValueGapStrategyFiltered,Long,1,58655,58150,1/30/2024 4:00:00 PM,1/31/2024 12:45:00 AM,FVG Long,Stop loss,($2540.92),$127754.28,$15.92,$2525.00,$1600.00,$4140.92,32,
442,BTC DEC25,Backtest,FairValueGapStrategyFiltered,Long,1,60400,60505,2/8/2024 3:30:00 PM,2/9/2024 1:00:00 AM,FVG Long,Exit on session close,$509.08,$128263.36,$15.92,$1800.00,$2075.00,$1565.92,35,
443,BTC DEC25,Backtest,FairValueGapStrategyFiltered,Long,1,63370,65170,2/12/2024 3:45:00 PM,2/13/2024 1:00:00 AM,FVG Long,Exit on session close,$8984.08,$137247.44,$15.92,$175.00,$11175.00,$2190.92,34,
444,BTC DEC25,Backtest,FairValueGapStrategyFiltered,Long,1,67865,67365,2/15/2024 4:00:00 PM,2/15/2024 4:30:00 PM,FVG Long,Stop loss,($2515.92),$134731.52,$15.92,$2500.00,$950.00,$3465.92,3,
445,BTC DEC25,Backtest,FairValueGapStrategyFiltered,Long,1,66435,69530,2/26/2024 4:00:00 PM,2/27/2024 1:00:00 AM,FVG Long,Exit on session close,$15459.08,$150190.60,$15.92,$75.00,$17700.00,$2240.92,33,
446,BTC DEC25,Backtest,FairValueGapStrategyFiltered,Long,1,81180,83280,3/4/2024 4:15:00 PM,3/5/2024 1:00:00 AM,FVG Long,Exit on session close,$10484.08,$160674.68,$15.92,$1675.00,$12575.00,$2090.92,32,
447,BTC DEC25,Backtest,FairValueGapStrategyFiltered,Long,1,83785,83285,3/5/2024 4:15:00 PM,3/5/2024 4:15:00 PM,FVG Long,Stop loss,($2515.92),$158158.76,$15.92,$2500.00,$0.00,$2515.92,1,
448,BTC DEC25,Backtest,FairValueGapStrategyFiltered,Long,1,81540,81040,3/6/2024 3:30:00 PM,3/6/2024 4:00:00 PM,FVG Long,Stop loss,($2515.92),$155642.84,$15.92,$2500.00,$2700.00,$5215.92,3,
449,BTC DEC25,Backtest,FairValueGapStrategyFiltered,Long,1,82250,81750,3/7/2024 3:45:00 PM,3/7/2024 4:00:00 PM,FVG Long,Stop loss,($2515.92),$153126.92,$15.92,$2500.00,$3475.00,$5990.92,2,
450,BTC DEC25,Backtest,FairValueGapStrategyFiltered,Long,1,83530,83030,3/8/2024 4:15:00 PM,3/8/2024 4:45:00 PM,FVG Long,Stop loss,($2515.92),$150611.00,$15.92,$2500.00,$7525.00,$10040.92,3,
451,BTC DEC25,Backtest,FairValueGapStrategyFiltered,Long,1,87120,87055,3/11/2024 3:45:00 PM,3/12/2024 1:00:00 AM,FVG Long,Exit on session close,($340.92),$150270.08,$15.92,$2250.00,$3600.00,$3940.92,34,
452,BTC DEC25,Backtest,FairValueGapStrategyFiltered,Short,1,86245,85940,3/14/2024 4:15:00 PM,3/15/2024 1:00:00 AM,FVG Short,Exit on session close,$1509.08,$151779.16,$15.92,$2375.00,$16025.00,$14515.92,32,
453,BTC DEC25,Backtest,FairValueGapStrategyFiltered,Short,1,81465,81965,3/18/2024 4:15:00 PM,3/18/2024 5:00:00 PM,FVG Short,Stop loss,($2515.92),$149263.24,$15.92,$2500.00,$2000.00,$4515.92,4,
454,BTC DEC25,Backtest,FairValueGapStrategyFiltered,Short,1,76870,77370,3/19/2024 3:45:00 PM,3/19/2024 3:45:00 PM,FVG Short,Stop loss,($2515.92),$146747.32,$15.92,$2500.00,$0.00,$2515.92,1,
455,BTC DEC25,Backtest,FairValueGapStrategyFiltered,Long,1,83015,84700,3/25/2024 3:30:00 PM,3/26/2024 12:00:00 AM,FVG Long,Exit on session close,$8409.08,$155156.40,$15.92,$0.00,$13225.00,$4815.92,31,
456,BTC DEC25,Backtest,FairValueGapStrategyFiltered,Short,1,83425,83925,3/27/2024 3:30:00 PM,3/27/2024 3:30:00 PM,FVG Short,Stop loss,($2515.92),$152640.48,$15.92,$2500.00,$0.00,$2515.92,1,
457,BTC DEC25,Backtest,FairValueGapStrategyFiltered,Long,1,86005,85505,3/28/2024 4:15:00 PM,3/28/2024 4:30:00 PM,FVG Long,Stop loss,($2515.92),$150124.56,$15.92,$2500.00,$25.00,$2540.92,2,
458,BTC DEC25,Backtest,FairValueGapStrategyFiltered,Short,1,79270,79770,4/2/2024 3:30:00 PM,4/2/2024 4:30:00 PM,FVG Short,Stop loss,($2515.92),$147608.64,$15.92,$2500.00,$3675.00,$6190.92,5,
459,BTC DEC25,Backtest,FairValueGapStrategyFiltered,Long,1,81345,82480,4/4/2024 3:45:00 PM,4/5/2024 2:00:00 AM,FVG Long,Exit on session close,$5659.08,$153267.72,$15.92,$875.00,$10500.00,$4840.92,37,
460,BTC DEC25,Backtest,FairValueGapStrategyFiltered,Long,1,81450,81575,4/5/2024 4:15:00 PM,4/5/2024 11:00:00 PM,FVG Long,Exit on session close,$609.08,$153876.80,$15.92,$1350.00,$5775.00,$5165.92,28,
461,BTC DEC25,Backtest,FairValueGapStrategyFiltered,Short,1,83985,78985,4/12/2024 3:45:00 PM,4/12/2024 8:45:00 PM,FVG Short,Profit target,$24984.08,$178860.88,$15.92,$900.00,$25000.00,$15.92,21,
462,BTC DEC25,Backtest,FairValueGapStrategyFiltered,Long,1,79720,80420,4/22/2024 3:30:00 PM,4/23/2024 2:00:00 AM,FVG Long,Exit on session close,$3484.08,$182344.96,$15.92,$2275.00,$5775.00,$2290.92,39,
463,BTC DEC25,Backtest,FairValueGapStrategyFiltered,Long,1,80115,79615,4/23/2024 4:15:00 PM,4/23/2024 10:30:00 PM,FVG Long,Stop loss,($2515.92),$179829.04,$15.92,$2500.00,$3300.00,$5815.92,26,
464,BTC DEC25,Backtest,FairValueGapStrategyFiltered,Short,1,79635,77675,4/24/2024 3:30:00 PM,4/25/2024 2:00:00 AM,FVG Short,Exit on session close,$9784.08,$189613.12,$15.92,$1200.00,$13500.00,$3715.92,39,
465,BTC DEC25,Backtest,FairValueGapStrategyFiltered,Short,1,76605,77105,4/25/2024 3:30:00 PM,4/25/2024 4:15:00 PM,FVG Short,Stop loss,($2515.92),$187097.20,$15.92,$2500.00,$2150.00,$4665.92,4,
466,BTC DEC25,Backtest,FairValueGapStrategyFiltered,Short,1,77330,77830,4/26/2024 3:30:00 PM,4/26/2024 4:00:00 PM,FVG Short,Stop loss,($2515.92),$184581.28,$15.92,$2500.00,$1275.00,$3790.92,3,
467,BTC DEC25,Backtest,FairValueGapStrategyFiltered,Long,1,78025,77525,4/26/2024 4:15:00 PM,4/26/2024 4:45:00 PM,FVG Long,Stop loss,($2515.92),$182065.36,$15.92,$2500.00,$1350.00,$3865.92,3,
468,BTC DEC25,Backtest,FairValueGapStrategyFiltered,Short,1,75290,75790,4/29/2024 4:15:00 PM,4/29/2024 4:30:00 PM,FVG Short,Stop loss,($2515.92),$179549.44,$15.92,$2500.00,$725.00,$3240.92,2,
469,BTC DEC25,Backtest,FairValueGapStrategyFiltered,Long,1,74565,76265,5/3/2024 3:30:00 PM,5/3/2024 11:00:00 PM,FVG Long,Exit on session close,$8484.08,$188033.52,$15.92,$1600.00,$9975.00,$1490.92,31,
470,BTC DEC25,Backtest,FairValueGapStrategyFiltered,Long,1,77200,76700,5/6/2024 4:15:00 PM,5/6/2024 5:00:00 PM,FVG Long,Stop loss,($2515.92),$185517.60,$15.92,$2500.00,$1925.00,$4440.92,4,
471,BTC DEC25,Backtest,FairValueGapStrategyFiltered,Short,1,74350,74850,5/9/2024 4:15:00 PM,5/9/2024 5:15:00 PM,FVG Short,Stop loss,($2515.92),$183001.68,$15.92,$2500.00,$100.00,$2615.92,5,
472,BTC DEC25,Backtest,FairValueGapStrategyFiltered,Long,1,77590,79540,5/15/2024 4:00:00 PM,5/16/2024 2:00:00 AM,FVG Long,Exit on session close,$9734.08,$192735.76,$15.92,$2025.00,$10925.00,$1190.92,37,
473,BTC DEC25,Backtest,FairValueGapStrategyFiltered,Long,1,79400,78900,5/16/2024 4:00:00 PM,5/16/2024 5:00:00 PM,FVG Long,Stop loss,($2515.92),$190219.84,$15.92,$2500.00,$1400.00,$3915.92,5,
474,BTC DEC25,Backtest,FairValueGapStrategyFiltered,Short,1,82815,83315,5/22/2024 4:15:00 PM,5/22/2024 5:00:00 PM,FVG Short,Stop loss,($2515.92),$187703.92,$15.92,$2500.00,$1075.00,$3590.92,4,
475,BTC DEC25,Backtest,FairValueGapStrategyFiltered,Short,1,82545,80785,5/23/2024 3:30:00 PM,5/23/2024 11:00:00 PM,FVG Short,Exit on session close,$8784.08,$196488.00,$15.92,$0.00,$16225.00,$7440.92,31,
476,BTC DEC25,Backtest,FairValueGapStrategyFiltered,Short,1,80250,80750,5/24/2024 3:30:00 PM,5/24/2024 4:30:00 PM,FVG Short,Stop loss,($2515.92),$193972.08,$15.92,$2500.00,$1100.00,$3615.92,5,
477,BTC DEC25,Backtest,FairValueGapStrategyFiltered,Long,1,81930,82315,5/27/2024 3:30:00 PM,5/28/2024 2:00:00 AM,FVG Long,Exit on session close,$1909.08,$195881.16,$15.92,$525.00,$8500.00,$6590.92,34,
478,BTC DEC25,Backtest,FairValueGapStrategyFiltered,Short,1,81085,81265,5/28/2024 3:30:00 PM,5/29/2024 2:00:00 AM,FVG Short,Exit on session close,($915.92),$194965.24,$15.92,$2175.00,$4900.00,$5815.92,37,
479,BTC DEC25,Backtest,FairValueGapStrategyFiltered,Short,1,80825,80260,5/31/2024 4:15:00 PM,5/31/2024 11:00:00 PM,FVG Short,Exit on session close,$2809.08,$197774.32,$15.92,$0.00,$7975.00,$5165.92,28,
480,BTC DEC25,Backtest,FairValueGapStrategyFiltered,Long,1,82725,82225,6/3/2024 4:15:00 PM,6/3/2024 4:45:00 PM,FVG Long,Stop loss,($2515.92),$195258.40,$15.92,$2500.00,$1400.00,$3915.92,3,
481,BTC DEC25,Backtest,FairValueGapStrategyFiltered,Long,1,82235,83440,6/4/2024 3:45:00 PM,6/5/2024 2:00:00 AM,FVG Long,Exit on session close,$6009.08,$201267.48,$15.92,$1225.00,$8825.00,$2815.92,38,
482,BTC DEC25,Backtest,FairValueGapStrategyFiltered,Short,1,81790,82290,6/10/2024 3:30:00 PM,6/10/2024 4:45:00 PM,FVG Short,Stop loss,($2515.92),$198751.56,$15.92,$2500.00,$375.00,$2890.92,6,
483,BTC DEC25,Backtest,FairValueGapStrategyFiltered,Short,1,79225,79725,6/11/2024 4:15:00 PM,6/11/2024 8:45:00 PM,FVG Short,Stop loss,($2515.92),$196235.64,$15.92,$2500.00,$3300.00,$5815.92,19,
484,BTC DEC25,Backtest,FairValueGapStrategyFiltered,Long,1,80575,80075,6/13/2024 3:45:00 PM,6/13/2024 4:00:00 PM,FVG Long,Stop loss,($2515.92),$193719.72,$15.92,$2500.00,$1350.00,$3865.92,2,
485,BTC DEC25,Backtest,FairValueGapStrategyFiltered,Short,1,77490,77990,6/17/2024 4:15:00 PM,6/17/2024 4:45:00 PM,FVG Short,Stop loss,($2515.92),$191203.80,$15.92,$2500.00,$400.00,$2915.92,3,
486,BTC DEC25,Backtest,FairValueGapStrategyFiltered,Long,1,73950,73450,6/26/2024 4:15:00 PM,6/26/2024 5:15:00 PM,FVG Long,Stop loss,($2515.92),$188687.88,$15.92,$2500.00,$1350.00,$3865.92,5,
487,BTC DEC25,Backtest,FairValueGapStrategyFiltered,Long,1,73805,73775,6/27/2024 3:45:00 PM,6/28/2024 2:00:00 AM,FVG Long,Exit on session close,($165.92),$188521.96,$15.92,$1425.00,$4350.00,$4515.92,38,
488,BTC DEC25,Backtest,FairValueGapStrategyFiltered,Short,1,69270,69770,7/4/2024 3:30:00 PM,7/4/2024 6:00:00 PM,FVG Short,Stop loss,($2515.92),$186006.04,$15.92,$2500.00,$3075.00,$5590.92,11,
489,BTC DEC25,Backtest,FairValueGapStrategyFiltered,Short,1,76485,75820,7/18/2024 4:15:00 PM,7/19/2024 2:00:00 AM,FVG Short,Exit on session close,$3309.08,$189315.12,$15.92,$875.00,$7025.00,$3715.92,36,
490,BTC DEC25,Backtest,FairValueGapStrategyFiltered,Long,1,77190,79040,7/19/2024 4:15:00 PM,7/19/2024 11:00:00 PM,FVG Long,Exit on session close,$9234.08,$198549.20,$15.92,$0.00,$11450.00,$2215.92,28,
491,BTC DEC25,Backtest,FairValueGapStrategyFiltered,Short,1,77925,78425,7/23/2024 4:15:00 PM,7/23/2024 4:30:00 PM,FVG Short,Stop loss,($2515.92),$196033.28,$15.92,$2500.00,$575.00,$3090.92,2,
492,BTC DEC25,Backtest,FairValueGapStrategyFiltered,Long,1,79650,79150,7/26/2024 4:15:00 PM,7/26/2024 4:30:00 PM,FVG Long,Stop loss,($2515.92),$193517.36,$15.92,$2500.00,$625.00,$3140.92,2,
493,BTC DEC25,Backtest,FairValueGapStrategyFiltered,Short,1,77845,77655,7/30/2024 4:15:00 PM,7/31/2024 2:00:00 AM,FVG Short,Exit on session close,$934.08,$194451.44,$15.92,$875.00,$5625.00,$4690.92,36,
494,BTC DEC25,Backtest,FairValueGapStrategyFiltered,Long,1,76625,76125,8/2/2024 4:15:00 PM,8/2/2024 4:15:00 PM,FVG Long,Stop loss,($2515.92),$191935.52,$15.92,$2500.00,$0.00,$2515.92,1,
495,BTC DEC25,Backtest,FairValueGapStrategyFiltered,Short,1,69345,69845,8/12/2024 4:15:00 PM,8/12/2024 4:15:00 PM,FVG Short,Stop loss,($2515.92),$189419.60,$15.92,$2500.00,$0.00,$2515.92,1,
496,BTC DEC25,Backtest,FairValueGapStrategyFiltered,Long,1,70520,71755,8/13/2024 4:15:00 PM,8/14/2024 2:00:00 AM,FVG Long,Exit on session close,$6159.08,$195578.68,$15.92,$1925.00,$11475.00,$5315.92,36,
497,BTC DEC25,Backtest,FairValueGapStrategyFiltered,Short,1,70725,69800,8/14/2024 4:15:00 PM,8/15/2024 2:00:00 AM,FVG Short,Exit on session close,$4609.08,$200187.76,$15.92,$1000.00,$5950.00,$1340.92,36,
498,BTC DEC25,Backtest,FairValueGapStrategyFiltered,Long,1,69850,69350,8/19/2024 3:45:00 PM,8/19/2024 4:00:00 PM,FVG Long,Stop loss,($2515.92),$197671.84,$15.92,$2500.00,$1175.00,$3690.92,2,
499,BTC DEC25,Backtest,FairValueGapStrategyFiltered,Short,1,69280,69780,8/19/2024 4:15:00 PM,8/19/2024 5:15:00 PM,FVG Short,Stop loss,($2515.92),$195155.92,$15.92,$2500.00,$625.00,$3140.92,5,
500,BTC DEC25,Backtest,FairValueGapStrategyFiltered,Long,1,72000,71500,8/20/2024 4:15:00 PM,8/20/2024 4:15:00 PM,FVG Long,Stop loss,($2515.92),$192640.00,$15.92,$2500.00,$0.00,$2515.92,1,
501,BTC DEC25,Backtest,FairValueGapStrategyFiltered,Long,1,72065,74860,8/23/2024 3:30:00 PM,8/24/2024 12:45:00 AM,FVG Long,Exit on session close,$13959.08,$206599.08,$15.92,$1175.00,$14500.00,$540.92,32,
502,BTC DEC25,Backtest,FairValueGapStrategyFiltered,Long,1,74830,74330,8/26/2024 3:45:00 PM,8/26/2024 4:30:00 PM,FVG Long,Stop loss,($2515.92),$204083.16,$15.92,$2500.00,$650.00,$3165.92,4,
503,BTC DEC25,Backtest,FairValueGapStrategyFiltered,Short,1,70830,69790,8/28/2024 3:30:00 PM,8/29/2024 2:00:00 AM,FVG Short,Exit on session close,$5184.08,$209267.24,$15.92,$750.00,$10425.00,$5240.92,39,
504,BTC DEC25,Backtest,FairValueGapStrategyFiltered,Short,1,68995,69495,9/2/2024 3:45:00 PM,9/2/2024 4:45:00 PM,FVG Short,Stop loss,($2515.92),$206751.32,$15.92,$2500.00,$650.00,$3165.92,5,
505,BTC DEC25,Backtest,FairValueGapStrategyFiltered,Short,1,69075,68195,9/3/2024 4:15:00 PM,9/4/2024 2:00:00 AM,FVG Short,Exit on session close,$4384.08,$211135.40,$15.92,$0.00,$4875.00,$490.92,36,
506,BTC DEC25,Backtest,FairValueGapStrategyFiltered,Short,1,67185,67685,9/4/2024 3:45:00 PM,9/4/2024 4:45:00 PM,FVG Short,Stop loss,($2515.92),$208619.48,$15.92,$2500.00,$1775.00,$4290.92,5,
507,BTC DEC25,Backtest,FairValueGapStrategyFiltered,Short,1,66560,63440,9/6/2024 4:15:00 PM,9/6/2024 11:00:00 PM,FVG Short,Exit on session close,$15584.08,$224203.56,$15.92,$100.00,$16400.00,$815.92,28,
508,BTC DEC25,Backtest,FairValueGapStrategyFiltered,Short,1,66320,66820,9/11/2024 4:15:00 PM,9/11/2024 5:30:00 PM,FVG Short,Stop loss,($2515.92),$221687.64,$15.92,$2500.00,$1075.00,$3590.92,6,
509,BTC DEC25,Backtest,FairValueGapStrategyFiltered,Long,1,68685,70570,9/13/2024 4:15:00 PM,9/13/2024 11:00:00 PM,FVG Long,Exit on session close,$9409.08,$231096.72,$15.92,$1050.00,$10100.00,$690.92,28,
510,BTC DEC25,Backtest,FairValueGapStrategyFiltered,Long,1,73870,73370,9/19/2024 3:45:00 PM,9/19/2024 4:00:00 PM,FVG Long,Stop loss,($2515.92),$228580.80,$15.92,$2500.00,$0.00,$2515.92,2,
511,BTC DEC25,Backtest,FairValueGapStrategyFiltered,Short,1,74045,73555,9/25/2024 3:30:00 PM,9/26/2024 2:00:00 AM,FVG Short,Exit on session close,$2434.08,$231014.88,$15.92,$2425.00,$3175.00,$740.92,38,
512,BTC DEC25,Backtest,FairValueGapStrategyFiltered,Short,1,73725,71090,10/1/2024 3:45:00 PM,10/2/2024 2:00:00 AM,FVG Short,Exit on session close,$13159.08,$244173.96,$15.92,$500.00,$16125.00,$2965.92,38,
513,BTC DEC25,Backtest,FairValueGapStrategyFiltered,Short,1,71205,71705,10/2/2024 3:30:00 PM,10/2/2024 4:00:00 PM,FVG Short,Stop loss,($2515.92),$241658.04,$15.92,$2500.00,$1875.00,$4390.92,3,
514,BTC DEC25,Backtest,FairValueGapStrategyFiltered,Long,1,73745,73245,10/7/2024 4:15:00 PM,10/7/2024 9:00:00 PM,FVG Long,Stop loss,($2515.92),$239142.12,$15.92,$2500.00,$5375.00,$7890.92,20,
515,BTC DEC25,Backtest,FairValueGapStrategyFiltered,Long,1,73105,72605,10/8/2024 4:00:00 PM,10/8/2024 4:30:00 PM,FVG Long,Stop loss,($2515.92),$236626.20,$15.92,$2500.00,$1975.00,$4490.92,3,
516,BTC DEC25,Backtest,FairValueGapStrategyFiltered,Long,1,71730,73330,10/11/2024 4:00:00 PM,10/11/2024 11:00:00 PM,FVG Long,Exit on session close,$7984.08,$244610.28,$15.92,$375.00,$9975.00,$1990.92,29,
517,BTC DEC25,Backtest,FairValueGapStrategyFiltered,Long,1,75430,76340,10/14/2024 4:15:00 PM,10/15/2024 2:00:00 AM,FVG Long,Exit on session close,$4534.08,$249144.36,$15.92,$350.00,$6925.00,$2390.92,36,
518,BTC DEC25,Backtest,FairValueGapStrategyFiltered,Long,1,77985,77485,10/15/2024 4:15:00 PM,10/15/2024 4:30:00 PM,FVG Long,Stop loss,($2515.92),$246628.44,$15.92,$2500.00,$1450.00,$3965.92,2,
519,BTC DEC25,Backtest,FairValueGapStrategyFiltered,Long,1,78010,78655,10/18/2024 3:45:00 PM,10/18/2024 11:00:00 PM,FVG Long,Exit on session close,$3209.08,$249837.52,$15.92,$575.00,$6475.00,$3265.92,30,
520,BTC DEC25,Backtest,FairValueGapStrategyFiltered,Short,1,78015,77450,10/21/2024 3:45:00 PM,10/22/2024 2:00:00 AM,FVG Short,Exit on session close,$2809.08,$252646.60,$15.92,$50.00,$5550.00,$2740.92,38,
521,BTC DEC25,Backtest,FairValueGapStrategyFiltered,Long,1,77765,78355,10/24/2024 3:30:00 PM,10/25/2024 2:00:00 AM,FVG Long,Exit on session close,$2934.08,$255580.68,$15.92,$1625.00,$5100.00,$2165.92,39,
522,BTC DEC25,Backtest,FairValueGapStrategyFiltered,Long,1,82595,82095,10/30/2024 3:30:00 PM,10/30/2024 4:15:00 PM,FVG Long,Stop loss,($2515.92),$253064.76,$15.92,$2500.00,$800.00,$3315.92,4,
523,BTC DEC25,Backtest,FairValueGapStrategyFiltered,Short,1,81295,80185,10/31/2024 3:30:00 PM,11/1/2024 1:00:00 AM,FVG Short,Exit on session close,$5534.08,$258598.84,$15.92,$775.00,$8400.00,$2865.92,35,
524,BTC DEC25,Backtest,FairValueGapStrategyFiltered,Long,1,81400,80900,11/1/2024 3:30:00 PM,11/1/2024 4:30:00 PM,FVG Long,Stop loss,($2515.92),$256082.92,$15.92,$2500.00,$1625.00,$4140.92,5,
525,BTC DEC25,Backtest,FairValueGapStrategyFiltered,Short,1,78510,77675,11/4/2024 3:30:00 PM,11/5/2024 1:00:00 AM,FVG Short,Exit on session close,$4159.08,$260242.00,$15.92,$1150.00,$9175.00,$5015.92,35,
526,BTC DEC25,Backtest,FairValueGapStrategyFiltered,Long,1,79910,79410,11/5/2024 4:00:00 PM,11/5/2024 4:30:00 PM,FVG Long,Stop loss,($2515.92),$257726.08,$15.92,$2500.00,$1925.00,$4440.92,3,
527,BTC DEC25,Backtest,FairValueGapStrategyFiltered,Long,1,86255,86635,11/8/2024 3:30:00 PM,11/8/2024 11:00:00 PM,FVG Long,Exit on session close,$1884.08,$259610.16,$15.92,$2475.00,$6050.00,$4165.92,31,
528,BTC DEC25,Backtest,FairValueGapStrategyFiltered,Long,1,97225,96725,11/12/2024 4:15:00 PM,11/12/2024 4:45:00 PM,FVG Long,Stop loss,($2515.92),$257094.24,$15.92,$2500.00,$2800.00,$5315.92,3,
529,BTC DEC25,Backtest,FairValueGapStrategyFiltered,Long,1,101735,101235,11/13/2024 4:15:00 PM,11/13/2024 4:15:00 PM,FVG Long,Stop loss,($2515.92),$254578.32,$15.92,$2500.00,$0.00,$2515.92,1,
530,BTC DEC25,Backtest,FairValueGapStrategyFiltered,Short,1,98770,99270,11/14/2024 4:15:00 PM,11/14/2024 4:15:00 PM,FVG Short,Stop loss,($2515.92),$252062.40,$15.92,$2500.00,$0.00,$2515.92,1,
531,BTC DEC25,Backtest,FairValueGapStrategyFiltered,Short,1,99335,99835,11/15/2024 3:45:00 PM,11/15/2024 4:00:00 PM,FVG Short,Stop loss,($2515.92),$249546.48,$15.92,$2500.00,$3800.00,$6315.92,2,
532,BTC DEC25,Backtest,FairValueGapStrategyFiltered,Long,1,100385,99885,11/18/2024 3:45:00 PM,11/18/2024 4:00:00 PM,FVG Long,Stop loss,($2515.92),$247030.56,$15.92,$2500.00,$3325.00,$5840.92,2,
533,BTC DEC25,Backtest,FairValueGapStrategyFiltered,Short,1,107135,102700,11/25/2024 3:45:00 PM,11/26/2024 1:00:00 AM,FVG Short,Exit on session close,$22159.08,$269189.64,$15.92,$450.00,$22500.00,$340.92,34,
534,BTC DEC25,Backtest,FairValueGapStrategyFiltered,Short,1,101755,102255,11/26/2024 3:30:00 PM,11/26/2024 3:45:00 PM,FVG Short,Stop loss,($2515.92),$266673.72,$15.92,$2500.00,$0.00,$2515.92,2,
535,BTC DEC25,Backtest,FairValueGapStrategyFiltered,Long,1,104175,105820,11/27/2024 3:30:00 PM,11/28/2024 1:00:00 AM,FVG Long,Exit on session close,$8209.08,$274882.80,$15.92,$725.00,$14925.00,$6715.92,35,
536,BTC DEC25,Backtest,FairValueGapStrategyFiltered,Long,1,105805,105305,11/28/2024 3:30:00 PM,11/28/2024 3:30:00 PM,FVG Long,Stop loss,($2515.92),$272366.88,$15.92,$2500.00,$0.00,$2515.92,1,
537,BTC DEC25,Backtest,FairValueGapStrategyFiltered,Long,1,108095,107595,11/29/2024 4:15:00 PM,11/29/2024 6:15:00 PM,FVG Long,Stop loss,($2515.92),$269850.96,$15.92,$2500.00,$4025.00,$6540.92,9,
538,BTC DEC25,Backtest,FairValueGapStrategyFiltered,Long,1,106540,106040,12/2/2024 4:00:00 PM,12/2/2024 4:00:00 PM,FVG Long,Stop loss,($2515.92),$267335.04,$15.92,$2500.00,$0.00,$2515.92,1,
539,BTC DEC25,Backtest,FairValueGapStrategyFiltered,Long,1,106160,105660,12/2/2024 4:15:00 PM,12/2/2024 4:15:00 PM,FVG Long,Stop loss,($2515.92),$264819.12,$15.92,$2500.00,$0.00,$2515.92,1,
540,BTC DEC25,Backtest,FairValueGapStrategyFiltered,Short,1,103665,104165,12/3/2024 3:30:00 PM,12/3/2024 3:45:00 PM,FVG Short,Stop loss,($2515.92),$262303.20,$15.92,$2500.00,$1700.00,$4215.92,2,
541,BTC DEC25,Backtest,FairValueGapStrategyFiltered,Long,1,113305,112805,12/5/2024 4:15:00 PM,12/5/2024 4:15:00 PM,FVG Long,Stop loss,($2515.92),$259787.28,$15.92,$2500.00,$0.00,$2515.92,1,
542,BTC DEC25,Backtest,FairValueGapStrategyFiltered,Long,1,109560,109060,12/9/2024 4:15:00 PM,12/9/2024 4:15:00 PM,FVG Long,Stop loss,($2515.92),$257271.36,$15.92,$2500.00,$0.00,$2515.92,1,
543,BTC DEC25,Backtest,FairValueGapStrategyFiltered,Long,1,108940,110440,12/11/2024 4:15:00 PM,12/12/2024 1:00:00 AM,FVG Long,Exit on session close,$7484.08,$264755.44,$15.92,$975.00,$10550.00,$3065.92,32,
544,BTC DEC25,Backtest,FairValueGapStrategyFiltered,Long,1,109585,109085,12/13/2024 3:30:00 PM,12/13/2024 5:00:00 PM,FVG Long,Stop loss,($2515.92),$262239.52,$15.92,$2500.00,$5250.00,$7765.92,7,
545,BTC DEC25,Backtest,FairValueGapStrategyFiltered,Long,1,113460,115145,12/16/2024 3:45:00 PM,12/17/2024 1:00:00 AM,FVG Long,Exit on session close,$8409.08,$270648.60,$15.92,$650.00,$18000.00,$9590.92,34,
546,BTC DEC25,Backtest,FairValueGapStrategyFiltered,Long,1,116865,116365,12/17/2024 3:45:00 PM,12/17/2024 3:45:00 PM,FVG Long,Stop loss,($2515.92),$268132.68,$15.92,$2500.00,$0.00,$2515.92,1,
547,BTC DEC25,Backtest,FairValueGapStrategyFiltered,Short,1,113430,113930,12/18/2024 3:30:00 PM,12/18/2024 7:15:00 PM,FVG Short,Stop loss,($2515.92),$265616.76,$15.92,$2500.00,$5800.00,$8315.92,16,
548,BTC DEC25,Backtest,FairValueGapStrategyFiltered,Short,1,109820,104820,12/19/2024 4:15:00 PM,12/19/2024 9:15:00 PM,FVG Short,Profit target,$24984.08,$290600.84,$15.92,$1000.00,$25000.00,$15.92,21,
549,BTC DEC25,Backtest,FairValueGapStrategyFiltered,Short,1,102965,103600,12/23/2024 4:15:00 PM,12/24/2024 12:15:00 AM,FVG Short,Stop loss,($3190.92),$287409.92,$15.92,$3175.00,$9600.00,$12790.92,29,
550,BTC DEC25,Backtest,FairValueGapStrategyFiltered,Long,1,104925,107340,12/24/2024 3:30:00 PM,12/24/2024 9:15:00 PM,FVG Long,Exit on session close,$12059.08,$299469.00,$15.92,$450.00,$16725.00,$4665.92,24,
551,BTC DEC25,Backtest,FairValueGapStrategyFiltered,Short,1,103705,102555,12/27/2024 4:15:00 PM,12/27/2024 11:00:00 PM,FVG Short,Exit on session close,$5734.08,$305203.08,$15.92,$500.00,$12075.00,$6340.92,28,
552,BTC DEC25,Backtest,FairValueGapStrategyFiltered,Short,1,100600,101100,12/30/2024 3:30:00 PM,12/30/2024 6:45:00 PM,FVG Short,Stop loss,($2515.92),$302687.16,$15.92,$2500.00,$7800.00,$10315.92,14,
553,BTC DEC25,Backtest,FairValueGapStrategyFiltered,Long,1,105400,104900,1/2/2025 4:15:00 PM,1/2/2025 4:30:00 PM,FVG Long,Stop loss,($2515.92),$300171.24,$15.92,$2500.00,$350.00,$2865.92,2,
554,BTC DEC25,Backtest,FairValueGapStrategyFiltered,Long,1,105140,106445,1/3/2025 3:45:00 PM,1/3/2025 11:00:00 PM,FVG Long,Exit on session close,$6509.08,$306680.32,$15.92,$2275.00,$10425.00,$3915.92,30,
555,BTC DEC25,Backtest,FairValueGapStrategyFiltered,Long,1,109000,110510,1/6/2025 4:15:00 PM,1/7/2025 1:00:00 AM,FVG Long,Exit on session close,$7534.08,$314214.40,$15.92,$1675.00,$9350.00,$1815.92,32,
556,BTC DEC25,Backtest,FairValueGapStrategyFiltered,Long,1,102145,101645,1/10/2025 3:45:00 PM,1/10/2025 3:45:00 PM,FVG Long,Stop loss,($2515.92),$311698.48,$15.92,$2500.00,$0.00,$2515.92,1,
557,BTC DEC25,Backtest,FairValueGapStrategyFiltered,Long,1,104400,103900,1/14/2025 4:00:00 PM,1/14/2025 4:00:00 PM,FVG Long,Stop loss,($2515.92),$309182.56,$15.92,$2500.00,$0.00,$2515.92,1,
558,BTC DEC25,Backtest,FairValueGapStrategyFiltered,Long,1,106765,108295,1/15/2025 3:30:00 PM,1/16/2025 1:00:00 AM,FVG Long,Exit on session close,$7634.08,$316816.64,$15.92,$2275.00,$8900.00,$1265.92,35,
559,BTC DEC25,Backtest,FairValueGapStrategyFiltered,Short,1,105130,105630,1/16/2025 4:15:00 PM,1/16/2025 4:15:00 PM,FVG Short,Stop loss,($2515.92),$314300.72,$15.92,$2500.00,$0.00,$2515.92,1,
560,BTC DEC25,Backtest,FairValueGapStrategyFiltered,Short,1,110795,111295,1/21/2025 4:15:00 PM,1/21/2025 4:30:00 PM,FVG Short,Stop loss,($2515.92),$311784.80,$15.92,$2500.00,$2250.00,$4765.92,2,
561,BTC DEC25,Backtest,FairValueGapStrategyFiltered,Short,1,111535,112035,1/22/2025 3:30:00 PM,1/22/2025 3:30:00 PM,FVG Short,Stop loss,($2515.92),$309268.88,$15.92,$2500.00,$0.00,$2515.92,1,
562,BTC DEC25,Backtest,FairValueGapStrategyFiltered,Long,1,112705,112205,1/23/2025 4:15:00 PM,1/23/2025 4:15:00 PM,FVG Long,Stop loss,($2515.92),$306752.96,$15.92,$2500.00,$0.00,$2515.92,1,
563,BTC DEC25,Backtest,FairValueGapStrategyFiltered,Long,1,113335,112835,1/24/2025 4:15:00 PM,1/24/2025 4:30:00 PM,FVG Long,Stop loss,($2515.92),$304237.04,$15.92,$2500.00,$825.00,$3340.92,2,
564,BTC DEC25,Backtest,FairValueGapStrategyFiltered,Short,1,107590,108090,1/27/2025 3:30:00 PM,1/27/2025 3:30:00 PM,FVG Short,Stop loss,($2515.92),$301721.12,$15.92,$2500.00,$0.00,$2515.92,1,
565,BTC DEC25,Backtest,FairValueGapStrategyFiltered,Long,1,109500,109000,1/29/2025 3:45:00 PM,1/29/2025 4:00:00 PM,FVG Long,Stop loss,($2515.92),$299205.20,$15.92,$2500.00,$600.00,$3115.92,2,
566,BTC DEC25,Backtest,FairValueGapStrategyFiltered,Long,1,113410,112910,1/30/2025 4:15:00 PM,1/30/2025 4:30:00 PM,FVG Long,Stop loss,($2515.92),$296689.28,$15.92,$2500.00,$3350.00,$5865.92,2,
567,BTC DEC25,Backtest,FairValueGapStrategyFiltered,Short,1,111820,112320,1/31/2025 4:15:00 PM,1/31/2025 4:15:00 PM,FVG Short,Stop loss,($2515.92),$294173.36,$15.92,$2500.00,$0.00,$2515.92,1,
568,BTC DEC25,Backtest,FairValueGapStrategyFiltered,Short,1,105865,106365,2/4/2025 3:30:00 PM,2/4/2025 3:30:00 PM,FVG Short,Stop loss,($2515.92),$291657.44,$15.92,$2500.00,$0.00,$2515.92,1,
569,BTC DEC25,Backtest,FairValueGapStrategyFiltered,Long,1,107220,106720,2/4/2025 4:15:00 PM,2/4/2025 4:15:00 PM,FVG Long,Stop loss,($2515.92),$289141.52,$15.92,$2500.00,$0.00,$2515.92,1,
570,BTC DEC25,Backtest,FairValueGapStrategyFiltered,Long,1,106815,106315,2/7/2025 3:30:00 PM,2/7/2025 3:45:00 PM,FVG Long,Stop loss,($2515.92),$286625.60,$15.92,$2500.00,$2050.00,$4565.92,2,
571,BTC DEC25,Backtest,FairValueGapStrategyFiltered,Short,1,103785,102570,2/11/2025 3:30:00 PM,2/12/2025 1:00:00 AM,FVG Short,Exit on session close,$6059.08,$292684.68,$15.92,$2425.00,$10700.00,$4640.92,35,
572,BTC DEC25,Backtest,FairValueGapStrategyFiltered,Long,1,104210,103710,2/14/2025 4:15:00 PM,2/14/2025 4:15:00 PM,FVG Long,Stop loss,($2515.92),$290168.76,$15.92,$2500.00,$0.00,$2515.92,1,
573,BTC DEC25,Backtest,FairValueGapStrategyFiltered,Long,1,103685,103185,2/17/2025 3:30:00 PM,2/17/2025 4:45:00 PM,FVG Long,Stop loss,($2515.92),$287652.84,$15.92,$2500.00,$475.00,$2990.92,6,
574,BTC DEC25,Backtest,FairValueGapStrategyFiltered,Short,1,102165,102230,2/18/2025 4:15:00 PM,2/19/2025 1:00:00 AM,FVG Short,Exit on session close,($340.92),$287311.92,$15.92,$1000.00,$11400.00,$11740.92,32,
575,BTC DEC25,Backtest,FairValueGapStrategyFiltered,Long,1,104520,104020,2/20/2025 3:30:00 PM,2/20/2025 4:00:00 PM,FVG Long,Stop loss,($2515.92),$284796.00,$15.92,$2500.00,$1875.00,$4390.92,3,
576,BTC DEC25,Backtest,FairValueGapStrategyFiltered,Short,1,102025,97835,2/24/2025 3:30:00 PM,2/25/2025 1:00:00 AM,FVG Short,Exit on session close,$20934.08,$305730.08,$15.92,$1175.00,$22000.00,$1065.92,35,
577,BTC DEC25,Backtest,FairValueGapStrategyFiltered,Short,1,93350,93850,2/25/2025 4:15:00 PM,2/25/2025 5:00:00 PM,FVG Short,Stop loss,($2515.92),$303214.16,$15.92,$2500.00,$6125.00,$8640.92,4,
578,BTC DEC25,Backtest,FairValueGapStrategyFiltered,Short,1,92690,93190,2/26/2025 3:30:00 PM,2/26/2025 4:00:00 PM,FVG Short,Stop loss,($2515.92),$300698.24,$15.92,$2500.00,$5575.00,$8090.92,3,
579,BTC DEC25,Backtest,FairValueGapStrategyFiltered,Long,1,96745,96245,3/7/2025 4:15:00 PM,3/7/2025 4:15:00 PM,FVG Long,Stop loss,($2515.92),$298182.32,$15.92,$2500.00,$0.00,$2515.92,1,
580,BTC DEC25,Backtest,FairValueGapStrategyFiltered,Short,1,86240,86740,3/10/2025 3:30:00 PM,3/10/2025 4:45:00 PM,FVG Short,Stop loss,($2515.92),$295666.40,$15.92,$2500.00,$5000.00,$7515.92,6,
581,BTC DEC25,Backtest,FairValueGapStrategyFiltered,Short,1,88085,87085,3/13/2025 3:30:00 PM,3/14/2025 1:00:00 AM,FVG Short,Exit on session close,$4984.08,$300650.48,$15.92,$2250.00,$10625.00,$5640.92,35,
582,BTC DEC25,Backtest,FairValueGapStrategyFiltered,Long,1,89795,90325,3/14/2025 4:15:00 PM,3/14/2025 10:00:00 PM,FVG Long,Exit on session close,$2634.08,$303284.56,$15.92,$175.00,$8600.00,$5965.92,24,
583,BTC DEC25,Backtest,FairValueGapStrategyFiltered,Long,1,90210,89710,3/19/2025 3:30:00 PM,3/19/2025 7:15:00 PM,FVG Long,Stop loss,($2515.92),$300768.64,$15.92,$2500.00,$3900.00,$6415.92,16,
584,BTC DEC25,Backtest,FairValueGapStrategyFiltered,Long,1,94310,93810,3/24/2025 3:45:00 PM,3/24/2025 4:15:00 PM,FVG Long,Stop loss,($2515.92),$298252.72,$15.92,$2500.00,$0.00,$2515.92,3,
585,BTC DEC25,Backtest,FairValueGapStrategyFiltered,Short,1,92910,92730,3/26/2025 3:30:00 PM,3/27/2025 1:00:00 AM,FVG Short,Exit on session close,$884.08,$299136.80,$15.92,$1525.00,$6225.00,$5340.92,35,
586,BTC DEC25,Backtest,FairValueGapStrategyFiltered,Short,1,90010,89390,3/28/2025 3:45:00 PM,3/28/2025 10:00:00 PM,FVG Short,Exit on session close,$3084.08,$302220.88,$15.92,$1175.00,$4000.00,$915.92,26,
587,BTC DEC25,Backtest,FairValueGapStrategyFiltered,Long,1,91030,90530,4/2/2025 4:15:00 PM,4/3/2025 12:15:00 AM,FVG Long,Stop loss,($2515.92),$299704.96,$15.92,$2500.00,$17000.00,$19515.92,29,
588,BTC DEC25,Backtest,FairValueGapStrategyFiltered,Short,1,87505,88005,4/3/2025 3:30:00 PM,4/3/2025 3:45:00 PM,FVG Short,Stop loss,($2515.92),$297189.04,$15.92,$2500.00,$575.00,$3090.92,2,
589,BTC DEC25,Backtest,FairValueGapStrategyFiltered,Long,1,85780,85280,4/8/2025 3:45:00 PM,4/8/2025 3:45:00 PM,FVG Long,Stop loss,($2515.92),$294673.12,$15.92,$2500.00,$0.00,$2515.92,1,
590,BTC DEC25,Backtest,FairValueGapStrategyFiltered,Long,1,88535,88035,4/11/2025 4:15:00 PM,4/11/2025 4:15:00 PM,FVG Long,Stop loss,($2515.92),$292157.20,$15.92,$2500.00,$0.00,$2515.92,1,
591,BTC DEC25,Backtest,FairValueGapStrategyFiltered,Long,1,91445,90945,4/15/2025 3:30:00 PM,4/15/2025 4:30:00 PM,FVG Long,Stop loss,($2515.92),$289641.28,$15.92,$2500.00,$3600.00,$6115.92,5,
592,BTC DEC25,Backtest,FairValueGapStrategyFiltered,Short,1,89175,89675,4/16/2025 3:30:00 PM,4/16/2025 3:45:00 PM,FVG Short,Stop loss,($2515.92),$287125.36,$15.92,$2500.00,$0.00,$2515.92,2,
593,BTC DEC25,Backtest,FairValueGapStrategyFiltered,Long,1,95270,96825,4/22/2025 3:30:00 PM,4/22/2025 11:00:00 PM,FVG Long,Exit on session close,$7759.08,$294884.44,$15.92,$1175.00,$10550.00,$2790.92,31,
594,BTC DEC25,Backtest,FairValueGapStrategyFiltered,Long,1,99555,99055,4/23/2025 3:45:00 PM,4/23/2025 3:45:00 PM,FVG Long,Stop loss,($2515.92),$292368.52,$15.92,$2500.00,$0.00,$2515.92,1,
595,BTC DEC25,Backtest,FairValueGapStrategyFiltered,Short,1,99475,99975,4/28/2025 4:15:00 PM,4/28/2025 4:15:00 PM,FVG Short,Stop loss,($2515.92),$289852.60,$15.92,$2500.00,$0.00,$2515.92,1,
596,BTC DEC25,Backtest,FairValueGapStrategyFiltered,Short,1,98435,98935,4/30/2025 4:15:00 PM,4/30/2025 4:15:00 PM,FVG Short,Stop loss,($2515.92),$287336.68,$15.92,$2500.00,$0.00,$2515.92,1,
597,BTC DEC25,Backtest,FairValueGapStrategyFiltered,Long,1,102185,101685,5/1/2025 3:45:00 PM,5/1/2025 3:45:00 PM,FVG Long,Stop loss,($2515.92),$284820.76,$15.92,$2500.00,$0.00,$2515.92,1,
598,BTC DEC25,Backtest,FairValueGapStrategyFiltered,Short,1,98870,99370,5/6/2025 3:45:00 PM,5/6/2025 4:30:00 PM,FVG Short,Stop loss,($2515.92),$282304.84,$15.92,$2500.00,$2075.00,$4590.92,4,
599,BTC DEC25,Backtest,FairValueGapStrategyFiltered,Short,1,107260,107760,5/15/2025 4:15:00 PM,5/15/2025 5:45:00 PM,FVG Short,Stop loss,($2515.92),$279788.92,$15.92,$2500.00,$3925.00,$6440.92,7,
600,BTC DEC25,Backtest,FairValueGapStrategyFiltered,Long,1,109135,108635,5/16/2025 4:15:00 PM,5/16/2025 4:45:00 PM,FVG Long,Stop loss,($2515.92),$277273.00,$15.92,$2500.00,$175.00,$2690.92,3,
601,BTC DEC25,Backtest,FairValueGapStrategyFiltered,Long,1,112235,111735,5/21/2025 4:15:00 PM,5/21/2025 7:45:00 PM,FVG Long,Stop loss,($2515.92),$274757.08,$15.92,$2500.00,$13550.00,$16065.92,15,
602,BTC DEC25,Backtest,FairValueGapStrategyFiltered,Long,1,115595,115095,5/27/2025 3:45:00 PM,5/27/2025 3:45:00 PM,FVG Long,Stop loss,($2515.92),$272241.16,$15.92,$2500.00,$0.00,$2515.92,1,
603,BTC DEC25,Backtest,FairValueGapStrategyFiltered,Short,1,113870,112735,5/28/2025 3:30:00 PM,5/29/2025 2:00:00 AM,FVG Short,Exit on session close,$5659.08,$277900.24,$15.92,$850.00,$11700.00,$6040.92,39,
604,BTC DEC25,Backtest,FairValueGapStrategyFiltered,Short,1,112460,110265,5/29/2025 4:00:00 PM,5/30/2025 2:00:00 AM,FVG Short,Exit on session close,$10959.08,$288859.32,$15.92,$1425.00,$12650.00,$1690.92,37,
605,BTC DEC25,Backtest,FairValueGapStrategyFiltered,Short,1,110440,109140,5/30/2025 3:45:00 PM,5/30/2025 11:00:00 PM,FVG Short,Exit on session close,$6484.08,$295343.40,$15.92,$1850.00,$10675.00,$4190.92,30,
606,BTC DEC25,Backtest,FairValueGapStrategyFiltered,Long,1,110510,110010,6/5/2025 3:30:00 PM,6/5/2025 3:45:00 PM,FVG Long,Stop loss,($2515.92),$292827.48,$15.92,$2500.00,$275.00,$2790.92,2,
607,BTC DEC25,Backtest,FairValueGapStrategyFiltered,Short,1,109045,106010,6/5/2025 4:15:00 PM,6/6/2025 2:00:00 AM,FVG Short,Exit on session close,$15159.08,$307986.56,$15.92,$1975.00,$20750.00,$5590.92,36,
608,BTC DEC25,Backtest,FairValueGapStrategyFiltered,Short,1,109265,109765,6/13/2025 3:30:00 PM,6/13/2025 5:15:00 PM,FVG Short,Stop loss,($2515.92),$305470.64,$15.92,$2500.00,$4075.00,$6590.92,8,
609,BTC DEC25,Backtest,FairValueGapStrategyFiltered,Short,1,109875,108860,6/17/2025 3:30:00 PM,6/18/2025 2:00:00 AM,FVG Short,Exit on session close,$5059.08,$310529.72,$15.92,$800.00,$11375.00,$6315.92,39,
610,BTC DEC25,Backtest,FairValueGapStrategyFiltered,Short,1,108145,108645,6/18/2025 3:45:00 PM,6/18/2025 3:45:00 PM,FVG Short,Stop loss,($2515.92),$308013.80,$15.92,$2500.00,$0.00,$2515.92,1,
611,BTC DEC25,Backtest,FairValueGapStrategyFiltered,Short,1,108530,109040,6/19/2025 4:15:00 PM,6/20/2025 1:30:00 AM,FVG Short,Stop loss,($2565.92),$305447.88,$15.92,$2550.00,$2225.00,$4790.92,31,
612,BTC DEC25,Backtest,FairValueGapStrategyFiltered,Short,1,105310,105810,6/23/2025 3:45:00 PM,6/23/2025 3:45:00 PM,FVG Short,Stop loss,($2515.92),$302931.96,$15.92,$2500.00,$0.00,$2515.92,1,
613,BTC DEC25,Backtest,FairValueGapStrategyFiltered,Long,1,112255,111755,6/25/2025 3:45:00 PM,6/25/2025 4:30:00 PM,FVG Long,Stop loss,($2515.92),$300416.04,$15.92,$2500.00,$1375.00,$3890.92,4,
614,BTC DEC25,Backtest,FairValueGapStrategyFiltered,Long,1,111605,112985,7/2/2025 3:45:00 PM,7/3/2025 2:00:00 AM,FVG Long,Exit on session close,$6884.08,$307300.12,$15.92,$975.00,$11900.00,$5015.92,38,
615,BTC DEC25,Backtest,FairValueGapStrategyFiltered,Long,1,113470,113770,7/3/2025 3:45:00 PM,7/4/2025 2:00:00 AM,FVG Long,Exit on session close,$1484.08,$308784.20,$15.92,$1775.00,$6400.00,$4915.92,38,
616,BTC DEC25,Backtest,FairValueGapStrategyFiltered,Short,1,112730,111655,7/4/2025 3:30:00 PM,7/4/2025 7:00:00 PM,FVG Short,Exit on session close,$5359.08,$314143.28,$15.92,$0.00,$6675.00,$1315.92,15,
617,BTC DEC25,Backtest,FairValueGapStrategyFiltered,Long,1,113040,112540,7/8/2025 4:15:00 PM,7/8/2025 4:15:00 PM,FVG Long,Stop loss,($2515.92),$311627.36,$15.92,$2500.00,$0.00,$2515.92,1,
618,BTC DEC25,Backtest,FairValueGapStrategyFiltered,Long,1,113555,113055,7/9/2025 3:45:00 PM,7/9/2025 4:30:00 PM,FVG Long,Stop loss,($2515.92),$309111.44,$15.92,$2500.00,$725.00,$3240.92,4,
619,BTC DEC25,Backtest,FairValueGapStrategyFiltered,Short,1,122580,123080,7/18/2025 3:45:00 PM,7/18/2025 4:15:00 PM,FVG Short,Stop loss,($2515.92),$306595.52,$15.92,$2500.00,$1625.00,$4140.92,3,
620,BTC DEC25,Backtest,FairValueGapStrategyFiltered,Long,1,122635,122135,7/21/2025 4:15:00 PM,7/21/2025 4:15:00 PM,FVG Long,Stop loss,($2515.92),$304079.60,$15.92,$2500.00,$0.00,$2515.92,1,
621,BTC DEC25,Backtest,FairValueGapStrategyFiltered,Short,1,121720,122220,7/23/2025 3:30:00 PM,7/23/2025 6:00:00 PM,FVG Short,Stop loss,($2515.92),$301563.68,$15.92,$2500.00,$4275.00,$6790.92,11,
622,BTC DEC25,Backtest,FairValueGapStrategyFiltered,Short,1,117930,118430,8/1/2025 4:00:00 PM,8/1/2025 4:30:00 PM,FVG Short,Stop loss,($2515.92),$299047.76,$15.92,$2500.00,$5950.00,$8465.92,3,
623,BTC DEC25,Backtest,FairValueGapStrategyFiltered,Short,1,116850,117350,8/6/2025 3:30:00 PM,8/6/2025 4:00:00 PM,FVG Short,Stop loss,($2515.92),$296531.84,$15.92,$2500.00,$1550.00,$4065.92,3,
624,BTC DEC25,Backtest,FairValueGapStrategyFiltered,Long,1,122990,122490,8/11/2025 4:15:00 PM,8/11/2025 8:00:00 PM,FVG Long,Stop loss,($2515.92),$294015.92,$15.92,$2500.00,$4150.00,$6665.92,16,
625,BTC DEC25,Backtest,FairValueGapStrategyFiltered,Long,1,123655,123155,8/13/2025 3:45:00 PM,8/13/2025 3:45:00 PM,FVG Long,Stop loss,($2515.92),$291500.00,$15.92,$2500.00,$0.00,$2515.92,1,
626,BTC DEC25,Backtest,FairValueGapStrategyFiltered,Short,1,121440,120135,8/15/2025 3:45:00 PM,8/15/2025 11:00:00 PM,FVG Short,Exit on session close,$6509.08,$298009.08,$15.92,$275.00,$8700.00,$2190.92,30,
627,BTC DEC25,Backtest,FairValueGapStrategyFiltered,Short,1,117690,118190,8/18/2025 4:15:00 PM,8/18/2025 4:30:00 PM,FVG Short,Stop loss,($2515.92),$295493.16,$15.92,$2500.00,$425.00,$2940.92,2,
628,BTC DEC25,Backtest,FairValueGapStrategyFiltered,Short,1,117990,115545,8/19/2025 4:15:00 PM,8/20/2025 2:00:00 AM,FVG Short,Exit on session close,$12209.08,$307702.24,$15.92,$875.00,$13225.00,$1015.92,36,
629,BTC DEC25,Backtest,FairValueGapStrategyFiltered,Short,1,115990,116490,8/20/2025 3:30:00 PM,8/20/2025 4:45:00 PM,FVG Short,Stop loss,($2515.92),$305186.32,$15.92,$2500.00,$4900.00,$7415.92,6,
630,BTC DEC25,Backtest,FairValueGapStrategyFiltered,Short,1,114665,115165,8/22/2025 3:45:00 PM,8/22/2025 4:00:00 PM,FVG Short,Stop loss,($2515.92),$302670.40,$15.92,$2500.00,$925.00,$3440.92,2,
631,BTC DEC25,Backtest,FairValueGapStrategyFiltered,Long,1,113965,113755,8/27/2025 4:15:00 PM,8/28/2025 2:00:00 AM,FVG Long,Exit on session close,($1065.92),$301604.48,$15.92,$1975.00,$6075.00,$7140.92,36,
632,BTC DEC25,Backtest,FairValueGapStrategyFiltered,Short,1,111970,109985,8/29/2025 4:00:00 PM,8/29/2025 11:00:00 PM,FVG Short,Exit on session close,$9909.08,$311513.56,$15.92,$0.00,$11150.00,$1240.92,29,
633,BTC DEC25,Backtest,FairValueGapStrategyFiltered,Long,1,111705,113585,9/2/2025 3:45:00 PM,9/3/2025 2:00:00 AM,FVG Long,Exit on session close,$9384.08,$320897.64,$15.92,$1450.00,$12125.00,$2740.92,38,
634,BTC DEC25,Backtest,FairValueGapStrategyFiltered,Long,1,113720,113975,9/3/2025 3:45:00 PM,9/4/2025 2:00:00 AM,FVG Long,Exit on session close,$1259.08,$322156.72,$15.92,$1300.00,$6075.00,$4815.92,38,
635,BTC DEC25,Backtest,FairValueGapStrategyFiltered,Short,1,112620,113120,9/4/2025 4:15:00 PM,9/5/2025 1:00:00 AM,FVG Short,Stop loss,($2515.92),$319640.80,$15.92,$2500.00,$5900.00,$8415.92,32,
636,BTC DEC25,Backtest,FairValueGapStrategyFiltered,Long,1,114365,114280,9/8/2025 3:45:00 PM,9/9/2025 2:00:00 AM,FVG Long,Exit on session close,($440.92),$319199.88,$15.92,$1925.00,$3875.00,$4315.92,38,
637,BTC DEC25,Backtest,FairValueGapStrategyFiltered,Long,1,115915,115415,9/10/2025 3:45:00 PM,9/10/2025 9:30:00 PM,FVG Long,Stop loss,($2515.92),$316683.96,$15.92,$2500.00,$3650.00,$6165.92,24,
638,BTC DEC25,Backtest,FairValueGapStrategyFiltered,Short,1,117110,117610,9/16/2025 4:15:00 PM,9/16/2025 6:00:00 PM,FVG Short,Stop loss,($2515.92),$314168.04,$15.92,$2500.00,$1675.00,$4190.92,8,
639,BTC DEC25,Backtest,FairValueGapStrategyFiltered,Long,1,119450,118950,9/18/2025 3:45:00 PM,9/19/2025 1:15:00 AM,FVG Long,Stop loss,($2515.92),$311652.12,$15.92,$2500.00,$2700.00,$5215.92,35,
640,BTC DEC25,Backtest,FairValueGapStrategyFiltered,Short,1,112895,113395,9/25/2025 3:30:00 PM,9/25/2025 4:30:00 PM,FVG Short,Stop loss,($2515.92),$309136.20,$15.92,$2500.00,$3325.00,$5840.92,5,
641,BTC DEC25,Backtest,FairValueGapStrategyFiltered,Long,1,115000,116135,9/29/2025 4:15:00 PM,9/30/2025 2:00:00 AM,FVG Long,Exit on session close,$5659.08,$314795.28,$15.92,$275.00,$6175.00,$515.92,36,
642,BTC DEC25,Backtest,FairValueGapStrategyFiltered,Long,1,121450,120950,10/2/2025 4:15:00 PM,10/2/2025 4:45:00 PM,FVG Long,Stop loss,($2515.92),$312279.36,$15.92,$2500.00,$825.00,$3340.92,3,
643,BTC DEC25,Backtest,FairValueGapStrategyFiltered,Long,1,126540,126555,10/6/2025 3:30:00 PM,10/7/2025 2:00:00 AM,FVG Long,Exit on session close,$59.08,$312338.44,$15.92,$1925.00,$7975.00,$7915.92,39,
644,BTC DEC25,Backtest,FairValueGapStrategyFiltered,Long,1,126620,126120,10/7/2025 3:30:00 PM,10/7/2025 3:45:00 PM,FVG Long,Stop loss,($2515.92),$309822.52,$15.92,$2500.00,$500.00,$3015.92,2,
645,BTC DEC25,Backtest,FairValueGapStrategyFiltered,Short,1,123860,123200,10/9/2025 4:15:00 PM,10/10/2025 2:00:00 AM,FVG Short,Exit on session close,$3284.08,$313106.60,$15.92,$1625.00,$12975.00,$9690.92,36,
646,BTC DEC25,Backtest,FairValueGapStrategyFiltered,Short,1,112315,109285,10/16/2025 3:45:00 PM,10/17/2025 2:00:00 AM,FVG Short,Exit on session close,$15134.08,$328240.68,$15.92,$1875.00,$18500.00,$3365.92,38,
647,BTC DEC25,Backtest,FairValueGapStrategyFiltered,Long,1,112380,111880,10/20/2025 4:15:00 PM,10/20/2025 4:30:00 PM,FVG Long,Stop loss,($2515.92),$325724.76,$15.92,$2500.00,$25.00,$2540.92,2,
648,BTC DEC25,Backtest,FairValueGapStrategyFiltered,Long,1,110605,110105,10/23/2025 4:15:00 PM,10/23/2025 4:15:00 PM,FVG Long,Stop loss,($2515.92),$323208.84,$15.92,$2500.00,$0.00,$2515.92,1,
