Trade number,Instrument,Account,Strategy,Market pos.,Qty,Entry price,Exit price,Entry time,Exit time,Entry name,Exit name,Profit,Cum. net profit,Commission,MAE,MFE,ETD,Bars,
1,NQ DEC25,Backtest,FairValueGapStrategyFiltered,Long,1,8957.75,8932.75,1/4/2019 4:15:00 PM,1/4/2019 4:30:00 PM,FVG Long,Stop loss,($505.68),($505.68),$5.68,$500.00,$220.00,$725.68,2,
2,NQ DEC25,Backtest,FairValueGapStrategyFiltered,Long,1,9006.00,9081.00,1/4/2019 5:00:00 PM,1/4/2019 6:45:00 PM,FVG Long,Profit target,$1494.32,$988.64,$5.68,$20.00,$1500.00,$5.68,8,
3,NQ DEC25,Backtest,FairValueGapStrategyFiltered,Long,1,9127.00,9155.00,1/7/2019 5:15:00 PM,1/7/2019 11:00:00 PM,FVG Long,Exit on session close,$554.32,$1542.96,$5.68,$285.00,$1175.00,$620.68,23,
4,NQ DEC25,Backtest,FairValueGapStrategyFiltered,Short,1,9189.50,9214.50,1/10/2019 4:15:00 PM,1/10/2019 4:30:00 PM,FVG Short,Stop loss,($505.68),$1037.28,$5.68,$500.00,$60.00,$565.68,2,
5,NQ DEC25,Backtest,FairValueGapStrategyFiltered,Long,1,9230.75,9277.75,1/10/2019 5:00:00 PM,1/10/2019 11:00:00 PM,FVG Long,Exit on session close,$934.32,$1971.60,$5.68,$325.00,$1220.00,$285.68,24,
6,NQ DEC25,Backtest,FairValueGapStrategyFiltered,Long,1,9294.75,9328.50,1/15/2019 4:15:00 PM,1/15/2019 11:00:00 PM,FVG Long,Exit on session close,$669.32,$2640.92,$5.68,$315.00,$885.00,$215.68,27,
7,NQ DEC25,Backtest,FairValueGapStrategyFiltered,Long,1,9372.50,9347.50,1/16/2019 4:15:00 PM,1/16/2019 4:45:00 PM,FVG Long,Stop loss,($505.68),$2135.24,$5.68,$500.00,$195.00,$700.68,3,
8,NQ DEC25,Backtest,FairValueGapStrategyFiltered,Long,1,9338.75,9380.75,1/17/2019 4:15:00 PM,1/17/2019 11:00:00 PM,FVG Long,Exit on session close,$834.32,$2969.56,$5.68,$345.00,$1425.00,$590.68,27,
9,NQ DEC25,Backtest,FairValueGapStrategyFiltered,Long,1,9436.00,9455.50,1/18/2019 5:00:00 PM,1/18/2019 11:00:00 PM,FVG Long,Exit on session close,$384.32,$3353.88,$5.68,$320.00,$845.00,$460.68,24,
10,NQ DEC25,Backtest,FairValueGapStrategyFiltered,Long,1,9407.00,9411.50,1/21/2019 4:45:00 PM,1/21/2019 7:00:00 PM,FVG Long,Exit on session close,$84.32,$3438.20,$5.68,$130.00,$195.00,$110.68,10,
11,NQ DEC25,Backtest,FairValueGapStrategyFiltered,Short,1,9320.75,9245.75,1/23/2019 5:00:00 PM,1/23/2019 6:30:00 PM,FVG Short,Profit target,$1494.32,$4932.52,$5.68,$40.00,$1500.00,$5.68,7,
12,NQ DEC25,Backtest,FairValueGapStrategyFiltered,Long,1,9431.50,9445.25,1/25/2019 4:30:00 PM,1/25/2019 11:00:00 PM,FVG Long,Exit on session close,$269.32,$5201.84,$5.68,$265.00,$580.00,$310.68,26,
13,NQ DEC25,Backtest,FairValueGapStrategyFiltered,Short,1,9322.75,9347.75,1/28/2019 4:15:00 PM,1/28/2019 9:00:00 PM,FVG Short,Stop loss,($505.68),$4696.16,$5.68,$500.00,$490.00,$995.68,20,
14,NQ DEC25,Backtest,FairValueGapStrategyFiltered,Short,1,9331.25,9331.25,1/29/2019 4:00:00 PM,1/29/2019 11:00:00 PM,FVG Short,Exit on session close,($5.68),$4690.48,$5.68,$460.00,$1290.00,$1295.68,28,
15,NQ DEC25,Backtest,FairValueGapStrategyFiltered,Long,1,9525.75,9582.50,1/31/2019 4:15:00 PM,1/31/2019 11:00:00 PM,FVG Long,Exit on session close,$1129.32,$5819.80,$5.68,$100.00,$1345.00,$215.68,27,
16,NQ DEC25,Backtest,FairValueGapStrategyFiltered,Long,1,9654.75,9662.50,2/5/2019 4:15:00 PM,2/5/2019 11:00:00 PM,FVG Long,Exit on session close,$149.32,$5969.12,$5.68,$460.00,$580.00,$430.68,27,
17,NQ DEC25,Backtest,FairValueGapStrategyFiltered,Long,1,9668.50,9643.50,2/6/2019 5:15:00 PM,2/6/2019 6:15:00 PM,FVG Long,Stop loss,($505.68),$5463.44,$5.68,$500.00,$120.00,$625.68,5,
18,NQ DEC25,Backtest,FairValueGapStrategyFiltered,Short,1,9567.50,9592.50,2/7/2019 4:00:00 PM,2/7/2019 4:30:00 PM,FVG Short,Stop loss,($505.68),$4957.76,$5.68,$500.00,$100.00,$605.68,3,
19,NQ DEC25,Backtest,FairValueGapStrategyFiltered,Long,1,9632.75,9670.50,2/12/2019 4:15:00 PM,2/12/2019 11:00:00 PM,FVG Long,Exit on session close,$749.32,$5707.08,$5.68,$5.00,$915.00,$165.68,27,
20,NQ DEC25,Backtest,FairValueGapStrategyFiltered,Long,1,9709.25,9684.25,2/15/2019 5:00:00 PM,2/15/2019 5:30:00 PM,FVG Long,Stop loss,($505.68),$5201.40,$5.68,$500.00,$150.00,$655.68,3,
21,NQ DEC25,Backtest,FairValueGapStrategyFiltered,Long,1,9717.25,9718.50,2/19/2019 4:15:00 PM,2/19/2019 11:00:00 PM,FVG Long,Exit on session close,$19.32,$5220.72,$5.68,$130.00,$550.00,$530.68,27,
22,NQ DEC25,Backtest,FairValueGapStrategyFiltered,Short,1,9673.50,9698.50,2/21/2019 4:15:00 PM,2/21/2019 6:00:00 PM,FVG Short,Stop loss,($505.68),$4715.04,$5.68,$500.00,$370.00,$875.68,8,
23,NQ DEC25,Backtest,FairValueGapStrategyFiltered,Long,1,9764.50,9761.25,2/26/2019 4:15:00 PM,2/26/2019 11:00:00 PM,FVG Long,Exit on session close,($70.68),$4644.36,$5.68,$240.00,$730.00,$800.68,27,
24,NQ DEC25,Backtest,FairValueGapStrategyFiltered,Short,1,9709.00,9734.00,2/27/2019 4:45:00 PM,2/27/2019 5:15:00 PM,FVG Short,Stop loss,($505.68),$4138.68,$5.68,$500.00,$155.00,$660.68,3,
25,NQ DEC25,Backtest,FairValueGapStrategyFiltered,Long,1,9761.25,9736.25,2/28/2019 4:15:00 PM,2/28/2019 4:15:00 PM,FVG Long,Stop loss,($505.68),$3633.00,$5.68,$500.00,$0.00,$505.68,1,
26,NQ DEC25,Backtest,FairValueGapStrategyFiltered,Short,1,9744.75,9769.75,2/28/2019 4:45:00 PM,2/28/2019 6:00:00 PM,FVG Short,Stop loss,($505.68),$3127.32,$5.68,$500.00,$85.00,$590.68,6,
27,NQ DEC25,Backtest,FairValueGapStrategyFiltered,Short,1,9787.50,9812.50,3/5/2019 4:15:00 PM,3/5/2019 5:00:00 PM,FVG Short,Stop loss,($505.68),$2621.64,$5.68,$500.00,$60.00,$565.68,4,
28,NQ DEC25,Backtest,FairValueGapStrategyFiltered,Short,1,9775.25,9760.00,3/6/2019 5:00:00 PM,3/6/2019 11:00:00 PM,FVG Short,Exit on session close,$299.32,$2920.96,$5.68,$455.00,$365.00,$65.68,24,
29,NQ DEC25,Backtest,FairValueGapStrategyFiltered,Short,1,9716.25,9677.00,3/7/2019 4:00:00 PM,3/7/2019 11:00:00 PM,FVG Short,Exit on session close,$779.32,$3700.28,$5.68,$270.00,$1275.00,$495.68,28,
30,NQ DEC25,Backtest,FairValueGapStrategyFiltered,Long,1,9768.25,9821.25,3/11/2019 4:15:00 PM,3/11/2019 10:00:00 PM,FVG Long,Exit on session close,$1054.32,$4754.60,$5.68,$75.00,$1130.00,$75.68,23,
31,NQ DEC25,Backtest,FairValueGapStrategyFiltered,Long,1,9850.75,9860.50,3/12/2019 4:00:00 PM,3/12/2019 10:00:00 PM,FVG Long,Exit on session close,$189.32,$4943.92,$5.68,$290.00,$415.00,$225.68,24,
32,NQ DEC25,Backtest,FairValueGapStrategyFiltered,Long,1,9923.75,9921.25,3/13/2019 4:30:00 PM,3/13/2019 10:00:00 PM,FVG Long,Exit on session close,($55.68),$4888.24,$5.68,$420.00,$430.00,$485.68,22,
33,NQ DEC25,Backtest,FairValueGapStrategyFiltered,Long,1,9955.00,9967.00,3/15/2019 4:45:00 PM,3/15/2019 10:00:00 PM,FVG Long,Exit on session close,$234.32,$5122.56,$5.68,$180.00,$540.00,$305.68,21,
34,NQ DEC25,Backtest,FairValueGapStrategyFiltered,Long,1,10016.50,9991.50,3/19/2019 5:00:00 PM,3/19/2019 8:30:00 PM,FVG Long,Stop loss,($505.68),$4616.88,$5.68,$500.00,$515.00,$1020.68,15,
35,NQ DEC25,Backtest,FairValueGapStrategyFiltered,Short,1,9980.25,10005.25,3/20/2019 5:15:00 PM,3/20/2019 7:15:00 PM,FVG Short,Stop loss,($505.68),$4111.20,$5.68,$500.00,$195.00,$700.68,9,
36,NQ DEC25,Backtest,FairValueGapStrategyFiltered,Long,1,10097.25,10151.00,3/21/2019 4:30:00 PM,3/21/2019 10:00:00 PM,FVG Long,Exit on session close,$1069.32,$5180.52,$5.68,$250.00,$1295.00,$225.68,22,
37,NQ DEC25,Backtest,FairValueGapStrategyFiltered,Short,1,10064.75,9989.75,3/22/2019 4:30:00 PM,3/22/2019 8:45:00 PM,FVG Short,Profit target,$1494.32,$6674.84,$5.68,$115.00,$1500.00,$5.68,18,
38,NQ DEC25,Backtest,FairValueGapStrategyFiltered,Short,1,9978.50,9903.50,3/27/2019 4:15:00 PM,3/27/2019 4:45:00 PM,FVG Short,Profit target,$1494.32,$8169.16,$5.68,$145.00,$1500.00,$5.68,3,
39,NQ DEC25,Backtest,FairValueGapStrategyFiltered,Short,1,9898.50,9923.50,3/27/2019 5:00:00 PM,3/27/2019 5:15:00 PM,FVG Short,Stop loss,($505.68),$7663.48,$5.68,$500.00,$5.00,$510.68,2,
40,NQ DEC25,Backtest,FairValueGapStrategyFiltered,Short,1,9951.50,9976.50,3/28/2019 4:30:00 PM,3/28/2019 9:45:00 PM,FVG Short,Stop loss,($505.68),$7157.80,$5.68,$500.00,$580.00,$1085.68,21,
41,NQ DEC25,Backtest,FairValueGapStrategyFiltered,Long,1,10016.00,10033.75,3/29/2019 5:00:00 PM,3/29/2019 10:00:00 PM,FVG Long,Exit on session close,$349.32,$7507.12,$5.68,$460.00,$390.00,$40.68,20,
42,NQ DEC25,Backtest,FairValueGapStrategyFiltered,Long,1,10130.25,10136.75,4/2/2019 5:00:00 PM,4/2/2019 11:00:00 PM,FVG Long,Exit on session close,$124.32,$7631.44,$5.68,$355.00,$465.00,$340.68,24,
43,NQ DEC25,Backtest,FairValueGapStrategyFiltered,Long,1,10207.75,10182.75,4/3/2019 5:00:00 PM,4/3/2019 8:15:00 PM,FVG Long,Stop loss,($505.68),$7125.76,$5.68,$500.00,$590.00,$1095.68,14,
44,NQ DEC25,Backtest,FairValueGapStrategyFiltered,Long,1,10212.00,10187.00,4/4/2019 4:15:00 PM,4/4/2019 4:30:00 PM,FVG Long,Stop loss,($505.68),$6620.08,$5.68,$500.00,$70.00,$575.68,2,
45,NQ DEC25,Backtest,FairValueGapStrategyFiltered,Short,1,10175.75,10183.75,4/4/2019 4:45:00 PM,4/4/2019 11:00:00 PM,FVG Short,Exit on session close,($165.68),$6454.40,$5.68,$390.00,$655.00,$820.68,25,
46,NQ DEC25,Backtest,FairValueGapStrategyFiltered,Short,1,10197.00,10222.00,4/8/2019 4:15:00 PM,4/8/2019 5:45:00 PM,FVG Short,Stop loss,($505.68),$5948.72,$5.68,$500.00,$160.00,$665.68,7,
47,NQ DEC25,Backtest,FairValueGapStrategyFiltered,Long,1,10240.00,10265.25,4/10/2019 5:15:00 PM,4/10/2019 11:00:00 PM,FVG Long,Exit on session close,$499.32,$6448.04,$5.68,$320.00,$540.00,$40.68,23,
48,NQ DEC25,Backtest,FairValueGapStrategyFiltered,Short,1,10254.75,10272.25,4/15/2019 4:30:00 PM,4/15/2019 11:00:00 PM,FVG Short,Exit on session close,($355.68),$6092.36,$5.68,$495.00,$700.00,$1055.68,26,
49,NQ DEC25,Backtest,FairValueGapStrategyFiltered,Long,1,10309.00,10284.00,4/16/2019 4:45:00 PM,4/16/2019 9:45:00 PM,FVG Long,Stop loss,($505.68),$5586.68,$5.68,$500.00,$35.00,$540.68,21,
50,NQ DEC25,Backtest,FairValueGapStrategyFiltered,Long,1,10331.50,10306.50,4/17/2019 5:00:00 PM,4/17/2019 5:45:00 PM,FVG Long,Stop loss,($505.68),$5081.00,$5.68,$500.00,$60.00,$565.68,4,
51,NQ DEC25,Backtest,FairValueGapStrategyFiltered,Short,1,10308.25,10333.25,4/18/2019 4:30:00 PM,4/18/2019 8:30:00 PM,FVG Short,Stop loss,($505.68),$4575.32,$5.68,$500.00,$445.00,$950.68,17,
52,NQ DEC25,Backtest,FairValueGapStrategyFiltered,Long,1,10317.75,10360.50,4/22/2019 4:15:00 PM,4/22/2019 11:00:00 PM,FVG Long,Exit on session close,$849.32,$5424.64,$5.68,$50.00,$1000.00,$150.68,27,
53,NQ DEC25,Backtest,FairValueGapStrategyFiltered,Long,1,10398.50,10453.25,4/23/2019 4:15:00 PM,4/23/2019 11:00:00 PM,FVG Long,Exit on session close,$1089.32,$6513.96,$5.68,$25.00,$1325.00,$235.68,27,
54,NQ DEC25,Backtest,FairValueGapStrategyFiltered,Long,1,10454.75,10429.75,4/24/2019 4:45:00 PM,4/24/2019 7:00:00 PM,FVG Long,Stop loss,($505.68),$6008.28,$5.68,$500.00,$240.00,$745.68,10,
55,NQ DEC25,Backtest,FairValueGapStrategyFiltered,Short,1,10436.50,10461.50,4/25/2019 4:45:00 PM,4/25/2019 5:30:00 PM,FVG Short,Stop loss,($505.68),$5502.60,$5.68,$500.00,$245.00,$750.68,4,
56,NQ DEC25,Backtest,FairValueGapStrategyFiltered,Short,1,10405.50,10430.50,4/26/2019 4:00:00 PM,4/26/2019 5:15:00 PM,FVG Short,Stop loss,($505.68),$4996.92,$5.68,$500.00,$580.00,$1085.68,6,
57,NQ DEC25,Backtest,FairValueGapStrategyFiltered,Long,1,10474.50,10449.50,4/29/2019 5:15:00 PM,4/29/2019 10:15:00 PM,FVG Long,Stop loss,($505.68),$4491.24,$5.68,$500.00,$285.00,$790.68,21,
58,NQ DEC25,Backtest,FairValueGapStrategyFiltered,Long,1,10454.50,10493.50,5/3/2019 5:15:00 PM,5/3/2019 11:00:00 PM,FVG Long,Exit on session close,$774.32,$5265.56,$5.68,$200.00,$780.00,$5.68,23,
59,NQ DEC25,Backtest,FairValueGapStrategyFiltered,Short,1,10310.00,10235.00,5/7/2019 4:30:00 PM,5/7/2019 7:45:00 PM,FVG Short,Profit target,$1494.32,$6759.88,$5.68,$440.00,$1500.00,$5.68,14,
60,NQ DEC25,Backtest,FairValueGapStrategyFiltered,Short,1,10146.50,10171.50,5/9/2019 4:15:00 PM,5/9/2019 6:30:00 PM,FVG Short,Stop loss,($505.68),$6254.20,$5.68,$500.00,$890.00,$1395.68,10,
61,NQ DEC25,Backtest,FairValueGapStrategyFiltered,Short,1,10142.00,10067.00,5/10/2019 4:30:00 PM,5/10/2019 4:45:00 PM,FVG Short,Profit target,$1494.32,$7748.52,$5.68,$60.00,$1500.00,$5.68,2,
62,NQ DEC25,Backtest,FairValueGapStrategyFiltered,Short,1,10084.50,10109.50,5/10/2019 5:00:00 PM,5/10/2019 6:30:00 PM,FVG Short,Stop loss,($505.68),$7242.84,$5.68,$500.00,$555.00,$1060.68,7,
63,NQ DEC25,Backtest,FairValueGapStrategyFiltered,Short,1,9997.50,9935.25,5/13/2019 4:30:00 PM,5/13/2019 11:00:00 PM,FVG Short,Exit on session close,$1239.32,$8482.16,$5.68,$410.00,$1430.00,$190.68,26,
64,NQ DEC25,Backtest,FairValueGapStrategyFiltered,Long,1,10029.00,10104.00,5/15/2019 4:15:00 PM,5/15/2019 4:45:00 PM,FVG Long,Profit target,$1494.32,$9976.48,$5.68,$40.00,$1500.00,$5.68,3,
65,NQ DEC25,Backtest,FairValueGapStrategyFiltered,Long,1,10099.50,10148.00,5/15/2019 5:00:00 PM,5/15/2019 11:00:00 PM,FVG Long,Exit on session close,$964.32,$10940.80,$5.68,$260.00,$1200.00,$235.68,24,
66,NQ DEC25,Backtest,FairValueGapStrategyFiltered,Long,1,10200.75,10223.25,5/16/2019 4:15:00 PM,5/16/2019 11:00:00 PM,FVG Long,Exit on session close,$444.32,$11385.12,$5.68,$120.00,$1225.00,$780.68,27,
67,NQ DEC25,Backtest,FairValueGapStrategyFiltered,Long,1,10166.50,10141.50,5/17/2019 4:15:00 PM,5/17/2019 9:15:00 PM,FVG Long,Stop loss,($505.68),$10879.44,$5.68,$500.00,$1490.00,$1995.68,21,
68,NQ DEC25,Backtest,FairValueGapStrategyFiltered,Long,1,10070.50,10045.50,5/22/2019 4:15:00 PM,5/22/2019 5:15:00 PM,FVG Long,Stop loss,($505.68),$10373.76,$5.68,$500.00,$470.00,$975.68,5,
69,NQ DEC25,Backtest,FairValueGapStrategyFiltered,Short,1,9943.25,9937.50,5/23/2019 4:15:00 PM,5/23/2019 11:00:00 PM,FVG Short,Exit on session close,$109.32,$10483.08,$5.68,$450.00,$1085.00,$975.68,27,
70,NQ DEC25,Backtest,FairValueGapStrategyFiltered,Short,1,9960.00,9933.50,5/24/2019 5:00:00 PM,5/24/2019 11:00:00 PM,FVG Short,Exit on session close,$524.32,$11007.40,$5.68,$200.00,$770.00,$245.68,24,
71,NQ DEC25,Backtest,FairValueGapStrategyFiltered,Long,1,9979.25,9954.25,5/28/2019 4:15:00 PM,5/28/2019 4:30:00 PM,FVG Long,Stop loss,($505.68),$10501.72,$5.68,$500.00,$100.00,$605.68,2,
72,NQ DEC25,Backtest,FairValueGapStrategyFiltered,Long,1,9883.50,9858.50,5/30/2019 4:15:00 PM,5/30/2019 5:15:00 PM,FVG Long,Stop loss,($505.68),$9996.04,$5.68,$500.00,$175.00,$680.68,5,
73,NQ DEC25,Backtest,FairValueGapStrategyFiltered,Short,1,9771.75,9796.75,5/31/2019 4:15:00 PM,5/31/2019 5:00:00 PM,FVG Short,Stop loss,($505.68),$9490.36,$5.68,$500.00,$130.00,$635.68,4,
74,NQ DEC25,Backtest,FairValueGapStrategyFiltered,Short,1,9673.25,9698.25,6/3/2019 4:15:00 PM,6/3/2019 4:30:00 PM,FVG Short,Stop loss,($505.68),$8984.68,$5.68,$500.00,$475.00,$980.68,2,
75,NQ DEC25,Backtest,FairValueGapStrategyFiltered,Long,1,9703.50,9778.50,6/4/2019 5:00:00 PM,6/4/2019 8:00:00 PM,FVG Long,Profit target,$1494.32,$10479.00,$5.68,$260.00,$1500.00,$5.68,13,
76,NQ DEC25,Backtest,FairValueGapStrategyFiltered,Long,1,9993.25,10068.25,6/7/2019 4:15:00 PM,6/7/2019 5:15:00 PM,FVG Long,Profit target,$1494.32,$11973.32,$5.68,$5.00,$1500.00,$5.68,5,
77,NQ DEC25,Backtest,FairValueGapStrategyFiltered,Long,1,10131.50,10140.25,6/10/2019 4:00:00 PM,6/10/2019 11:00:00 PM,FVG Long,Exit on session close,$169.32,$12142.64,$5.68,$345.00,$1360.00,$1190.68,28,
78,NQ DEC25,Backtest,FairValueGapStrategyFiltered,Short,1,10094.50,10098.00,6/12/2019 4:45:00 PM,6/12/2019 11:00:00 PM,FVG Short,Exit on session close,($75.68),$12066.96,$5.68,$485.00,$250.00,$325.68,25,
79,NQ DEC25,Backtest,FairValueGapStrategyFiltered,Long,1,10152.50,10127.50,6/13/2019 4:15:00 PM,6/13/2019 4:15:00 PM,FVG Long,Stop loss,($505.68),$11561.28,$5.68,$500.00,$0.00,$505.68,1,
80,NQ DEC25,Backtest,FairValueGapStrategyFiltered,Long,1,10160.50,10164.25,6/17/2019 4:15:00 PM,6/17/2019 11:00:00 PM,FVG Long,Exit on session close,$69.32,$11630.60,$5.68,$360.00,$245.00,$175.68,27,
81,NQ DEC25,Backtest,FairValueGapStrategyFiltered,Long,1,10288.75,10263.75,6/18/2019 4:15:00 PM,6/18/2019 7:15:00 PM,FVG Long,Stop loss,($505.68),$11124.92,$5.68,$500.00,$565.00,$1070.68,13,
82,NQ DEC25,Backtest,FairValueGapStrategyFiltered,Long,1,10369.00,10344.00,6/21/2019 5:15:00 PM,6/21/2019 10:45:00 PM,FVG Long,Stop loss,($505.68),$10619.24,$5.68,$500.00,$595.00,$1100.68,22,
83,NQ DEC25,Backtest,FairValueGapStrategyFiltered,Short,1,10321.25,10246.25,6/25/2019 4:15:00 PM,6/25/2019 7:15:00 PM,FVG Short,Profit target,$1494.32,$12113.56,$5.68,$105.00,$1500.00,$5.68,13,
84,NQ DEC25,Backtest,FairValueGapStrategyFiltered,Short,1,10266.75,10291.75,6/28/2019 4:15:00 PM,6/28/2019 6:15:00 PM,FVG Short,Stop loss,($505.68),$11607.88,$5.68,$500.00,$140.00,$645.68,9,
85,NQ DEC25,Backtest,FairValueGapStrategyFiltered,Long,1,10463.00,10483.50,7/3/2019 5:00:00 PM,7/3/2019 7:15:00 PM,FVG Long,Exit on session close,$404.32,$12012.20,$5.68,$245.00,$500.00,$95.68,10,
86,NQ DEC25,Backtest,FairValueGapStrategyFiltered,Short,1,10374.75,10399.75,7/8/2019 4:15:00 PM,7/8/2019 5:15:00 PM,FVG Short,Stop loss,($505.68),$11506.52,$5.68,$500.00,$25.00,$530.68,5,
87,NQ DEC25,Backtest,FairValueGapStrategyFiltered,Long,1,10408.25,10442.00,7/9/2019 4:45:00 PM,7/9/2019 11:00:00 PM,FVG Long,Exit on session close,$669.32,$12175.84,$5.68,$40.00,$915.00,$245.68,25,
88,NQ DEC25,Backtest,FairValueGapStrategyFiltered,Long,1,10539.75,10514.75,7/10/2019 4:15:00 PM,7/10/2019 4:30:00 PM,FVG Long,Stop loss,($505.68),$11670.16,$5.68,$500.00,$90.00,$595.68,2,
89,NQ DEC25,Backtest,FairValueGapStrategyFiltered,Long,1,10532.50,10553.75,7/12/2019 4:15:00 PM,7/12/2019 11:00:00 PM,FVG Long,Exit on session close,$419.32,$12089.48,$5.68,$335.00,$605.00,$185.68,27,
90,NQ DEC25,Backtest,FairValueGapStrategyFiltered,Short,1,10536.50,10465.50,7/17/2019 4:45:00 PM,7/17/2019 11:00:00 PM,FVG Short,Exit on session close,$1414.32,$13503.80,$5.68,$155.00,$1465.00,$50.68,25,
91,NQ DEC25,Backtest,FairValueGapStrategyFiltered,Long,1,10509.50,10484.50,7/22/2019 4:15:00 PM,7/22/2019 5:00:00 PM,FVG Long,Stop loss,($505.68),$12998.12,$5.68,$500.00,$110.00,$615.68,4,
92,NQ DEC25,Backtest,FairValueGapStrategyFiltered,Long,1,10533.75,10508.75,7/23/2019 5:15:00 PM,7/23/2019 6:15:00 PM,FVG Long,Stop loss,($505.68),$12492.44,$5.68,$500.00,$100.00,$605.68,5,
93,NQ DEC25,Backtest,FairValueGapStrategyFiltered,Long,1,10564.50,10639.50,7/24/2019 4:15:00 PM,7/24/2019 10:15:00 PM,FVG Long,Profit target,$1494.32,$13986.76,$5.68,$105.00,$1500.00,$5.68,25,
94,NQ DEC25,Backtest,FairValueGapStrategyFiltered,Short,1,10557.75,10582.75,7/25/2019 4:15:00 PM,7/25/2019 10:15:00 PM,FVG Short,Stop loss,($505.68),$13481.08,$5.68,$500.00,$605.00,$1110.68,25,
95,NQ DEC25,Backtest,FairValueGapStrategyFiltered,Long,1,10621.25,10596.25,7/26/2019 4:15:00 PM,7/26/2019 4:45:00 PM,FVG Long,Stop loss,($505.68),$12975.40,$5.68,$500.00,$90.00,$595.68,3,
96,NQ DEC25,Backtest,FairValueGapStrategyFiltered,Short,1,10565.25,10590.25,7/29/2019 4:15:00 PM,7/29/2019 7:15:00 PM,FVG Short,Stop loss,($505.68),$12469.72,$5.68,$500.00,$365.00,$870.68,13,
97,NQ DEC25,Backtest,FairValueGapStrategyFiltered,Short,1,10575.00,10500.00,7/31/2019 4:15:00 PM,7/31/2019 8:45:00 PM,FVG Short,Profit target,$1494.32,$13964.04,$5.68,$265.00,$1500.00,$5.68,19,
98,NQ DEC25,Backtest,FairValueGapStrategyFiltered,Long,1,10563.50,10538.50,8/1/2019 4:45:00 PM,8/1/2019 7:30:00 PM,FVG Long,Stop loss,($505.68),$13458.36,$5.68,$500.00,$925.00,$1430.68,12,
99,NQ DEC25,Backtest,FairValueGapStrategyFiltered,Short,1,10296.75,10303.25,8/2/2019 4:45:00 PM,8/2/2019 11:00:00 PM,FVG Short,Exit on session close,($135.68),$13322.68,$5.68,$475.00,$1025.00,$1160.68,25,
100,NQ DEC25,Backtest,FairValueGapStrategyFiltered,Short,1,10109.25,10034.25,8/5/2019 4:15:00 PM,8/5/2019 7:00:00 PM,FVG Short,Profit target,$1494.32,$14817.00,$5.68,$100.00,$1500.00,$5.68,12,
101,NQ DEC25,Backtest,FairValueGapStrategyFiltered,Long,1,10066.75,10141.75,8/7/2019 4:45:00 PM,8/7/2019 7:45:00 PM,FVG Long,Profit target,$1494.32,$16311.32,$5.68,$470.00,$1500.00,$5.68,13,
102,NQ DEC25,Backtest,FairValueGapStrategyFiltered,Long,1,10246.25,10321.25,8/8/2019 5:00:00 PM,8/8/2019 9:45:00 PM,FVG Long,Profit target,$1494.32,$17805.64,$5.68,$130.00,$1500.00,$5.68,20,
103,NQ DEC25,Backtest,FairValueGapStrategyFiltered,Long,1,10224.00,10299.00,8/13/2019 4:00:00 PM,8/13/2019 4:00:00 PM,FVG Long,Profit target,$1494.32,$19299.96,$5.68,$0.00,$1500.00,$5.68,1,
104,NQ DEC25,Backtest,FairValueGapStrategyFiltered,Long,1,10357.50,10332.50,8/13/2019 4:15:00 PM,8/13/2019 4:15:00 PM,FVG Long,Stop loss,($505.68),$18794.28,$5.68,$500.00,$0.00,$505.68,1,
105,NQ DEC25,Backtest,FairValueGapStrategyFiltered,Long,1,10336.00,10311.00,8/13/2019 4:30:00 PM,8/13/2019 5:30:00 PM,FVG Long,Stop loss,($505.68),$18288.60,$5.68,$500.00,$975.00,$1480.68,5,
106,NQ DEC25,Backtest,FairValueGapStrategyFiltered,Long,1,10352.50,10327.50,8/21/2019 4:15:00 PM,8/21/2019 8:00:00 PM,FVG Long,Stop loss,($505.68),$17782.92,$5.68,$500.00,$95.00,$600.68,16,
107,NQ DEC25,Backtest,FairValueGapStrategyFiltered,Short,1,10305.25,10330.25,8/22/2019 4:45:00 PM,8/22/2019 9:00:00 PM,FVG Short,Stop loss,($505.68),$17277.24,$5.68,$500.00,$1120.00,$1625.68,18,
108,NQ DEC25,Backtest,FairValueGapStrategyFiltered,Short,1,10142.50,10167.50,8/26/2019 4:15:00 PM,8/26/2019 6:30:00 PM,FVG Short,Stop loss,($505.68),$16771.56,$5.68,$500.00,$735.00,$1240.68,10,
109,NQ DEC25,Backtest,FairValueGapStrategyFiltered,Long,1,10311.00,10286.00,8/29/2019 4:15:00 PM,8/29/2019 4:45:00 PM,FVG Long,Stop loss,($505.68),$16265.88,$5.68,$500.00,$35.00,$540.68,3,
110,NQ DEC25,Backtest,FairValueGapStrategyFiltered,Short,1,10242.25,10267.25,9/2/2019 4:15:00 PM,9/2/2019 4:30:00 PM,FVG Short,Stop loss,($505.68),$15760.20,$5.68,$500.00,$10.00,$515.68,2,
111,NQ DEC25,Backtest,FairValueGapStrategyFiltered,Short,1,10222.50,10212.25,9/3/2019 4:45:00 PM,9/3/2019 11:00:00 PM,FVG Short,Exit on session close,$199.32,$15959.52,$5.68,$435.00,$795.00,$595.68,25,
112,NQ DEC25,Backtest,FairValueGapStrategyFiltered,Long,1,10438.75,10445.50,9/5/2019 4:15:00 PM,9/5/2019 11:00:00 PM,FVG Long,Exit on session close,$129.32,$16088.84,$5.68,$95.00,$865.00,$735.68,27,
113,NQ DEC25,Backtest,FairValueGapStrategyFiltered,Long,1,10465.00,10440.00,9/6/2019 5:15:00 PM,9/6/2019 7:00:00 PM,FVG Long,Stop loss,($505.68),$15583.16,$5.68,$500.00,$95.00,$600.68,8,
114,NQ DEC25,Backtest,FairValueGapStrategyFiltered,Short,1,10447.25,10472.25,9/9/2019 4:15:00 PM,9/9/2019 5:15:00 PM,FVG Short,Stop loss,($505.68),$15077.48,$5.68,$500.00,$155.00,$660.68,5,
115,NQ DEC25,Backtest,FairValueGapStrategyFiltered,Short,1,10357.50,10382.50,9/10/2019 4:15:00 PM,9/10/2019 4:45:00 PM,FVG Short,Stop loss,($505.68),$14571.80,$5.68,$500.00,$245.00,$750.68,3,
116,NQ DEC25,Backtest,FairValueGapStrategyFiltered,Long,1,10456.50,10488.25,9/11/2019 4:45:00 PM,9/11/2019 11:00:00 PM,FVG Long,Exit on session close,$629.32,$15201.12,$5.68,$110.00,$875.00,$245.68,26,
117,NQ DEC25,Backtest,FairValueGapStrategyFiltered,Long,1,10566.75,10541.75,9/12/2019 4:45:00 PM,9/12/2019 5:00:00 PM,FVG Long,Stop loss,($505.68),$14695.44,$5.68,$500.00,$80.00,$585.68,2,
118,NQ DEC25,Backtest,FairValueGapStrategyFiltered,Short,1,10499.75,10485.00,9/13/2019 4:00:00 PM,9/13/2019 11:00:00 PM,FVG Short,Exit on session close,$289.32,$14984.76,$5.68,$470.00,$430.00,$140.68,28,
119,NQ DEC25,Backtest,FairValueGapStrategyFiltered,Long,1,10528.00,10503.00,9/19/2019 4:15:00 PM,9/19/2019 6:30:00 PM,FVG Long,Stop loss,($505.68),$14479.08,$5.68,$500.00,$400.00,$905.68,10,
120,NQ DEC25,Backtest,FairValueGapStrategyFiltered,Long,1,10460.00,10435.00,9/24/2019 4:15:00 PM,9/24/2019 4:30:00 PM,FVG Long,Stop loss,($505.68),$13973.40,$5.68,$500.00,$20.00,$525.68,2,
121,NQ DEC25,Backtest,FairValueGapStrategyFiltered,Short,1,10429.00,10354.00,9/24/2019 4:45:00 PM,9/24/2019 5:45:00 PM,FVG Short,Profit target,$1494.32,$15467.72,$5.68,$210.00,$1500.00,$5.68,5,
122,NQ DEC25,Backtest,FairValueGapStrategyFiltered,Short,1,10272.00,10297.00,9/25/2019 4:15:00 PM,9/25/2019 4:45:00 PM,FVG Short,Stop loss,($505.68),$14962.04,$5.68,$500.00,$695.00,$1200.68,3,
123,NQ DEC25,Backtest,FairValueGapStrategyFiltered,Short,1,10348.25,10373.25,9/26/2019 4:15:00 PM,9/26/2019 8:15:00 PM,FVG Short,Stop loss,($505.68),$14456.36,$5.68,$500.00,$785.00,$1290.68,17,
124,NQ DEC25,Backtest,FairValueGapStrategyFiltered,Short,1,10335.50,10360.50,9/27/2019 4:15:00 PM,9/27/2019 5:00:00 PM,FVG Short,Stop loss,($505.68),$13950.68,$5.68,$500.00,$360.00,$865.68,4,
125,NQ DEC25,Backtest,FairValueGapStrategyFiltered,Long,1,10408.75,10383.75,10/1/2019 4:15:00 PM,10/1/2019 4:15:00 PM,FVG Long,Stop loss,($505.68),$13445.00,$5.68,$500.00,$0.00,$505.68,1,
126,NQ DEC25,Backtest,FairValueGapStrategyFiltered,Short,1,10180.50,10105.50,10/2/2019 4:15:00 PM,10/2/2019 7:00:00 PM,FVG Short,Profit target,$1494.32,$14939.32,$5.68,$260.00,$1500.00,$5.68,12,
127,NQ DEC25,Backtest,FairValueGapStrategyFiltered,Short,1,10114.75,10139.75,10/3/2019 4:45:00 PM,10/3/2019 5:15:00 PM,FVG Short,Stop loss,($505.68),$14433.64,$5.68,$500.00,$455.00,$960.68,3,
128,NQ DEC25,Backtest,FairValueGapStrategyFiltered,Short,1,10219.50,10244.50,10/8/2019 4:15:00 PM,10/8/2019 5:30:00 PM,FVG Short,Stop loss,($505.68),$13927.96,$5.68,$500.00,$395.00,$900.68,6,
129,NQ DEC25,Backtest,FairValueGapStrategyFiltered,Long,1,10331.00,10306.00,10/10/2019 4:15:00 PM,10/10/2019 7:45:00 PM,FVG Long,Stop loss,($505.68),$13422.28,$5.68,$500.00,$590.00,$1095.68,15,
130,NQ DEC25,Backtest,FairValueGapStrategyFiltered,Long,1,10440.00,10415.00,10/11/2019 4:00:00 PM,10/11/2019 6:45:00 PM,FVG Long,Stop loss,($505.68),$12916.60,$5.68,$500.00,$920.00,$1425.68,12,
131,NQ DEC25,Backtest,FairValueGapStrategyFiltered,Long,1,10450.00,10425.00,10/14/2019 5:15:00 PM,10/14/2019 7:00:00 PM,FVG Long,Stop loss,($505.68),$12410.92,$5.68,$500.00,$60.00,$565.68,8,
132,NQ DEC25,Backtest,FairValueGapStrategyFiltered,Long,1,10469.25,10544.25,10/15/2019 4:15:00 PM,10/15/2019 8:30:00 PM,FVG Long,Profit target,$1494.32,$13905.24,$5.68,$10.00,$1500.00,$5.68,18,
133,NQ DEC25,Backtest,FairValueGapStrategyFiltered,Long,1,10508.00,10528.00,10/16/2019 5:00:00 PM,10/16/2019 11:00:00 PM,FVG Long,Exit on session close,$394.32,$14299.56,$5.68,$405.00,$400.00,$5.68,24,
134,NQ DEC25,Backtest,FairValueGapStrategyFiltered,Short,1,10500.50,10425.50,10/18/2019 4:45:00 PM,10/18/2019 6:30:00 PM,FVG Short,Profit target,$1494.32,$15793.88,$5.68,$20.00,$1500.00,$5.68,8,
135,NQ DEC25,Backtest,FairValueGapStrategyFiltered,Short,1,10444.75,10469.75,10/23/2019 4:45:00 PM,10/23/2019 5:30:00 PM,FVG Short,Stop loss,($505.68),$15288.20,$5.68,$500.00,$335.00,$840.68,4,
136,NQ DEC25,Backtest,FairValueGapStrategyFiltered,Long,1,10538.75,10613.75,10/25/2019 4:15:00 PM,10/25/2019 6:00:00 PM,FVG Long,Profit target,$1494.32,$16782.52,$5.68,$35.00,$1500.00,$5.68,8,
137,NQ DEC25,Backtest,FairValueGapStrategyFiltered,Long,1,10685.75,10660.75,10/28/2019 5:15:00 PM,10/28/2019 9:15:00 PM,FVG Long,Stop loss,($505.68),$16276.84,$5.68,$500.00,$320.00,$825.68,17,
138,NQ DEC25,Backtest,FairValueGapStrategyFiltered,Short,1,10640.00,10630.25,10/29/2019 5:00:00 PM,10/29/2019 10:00:00 PM,FVG Short,Exit on session close,$189.32,$16466.16,$5.68,$430.00,$300.00,$110.68,20,
139,NQ DEC25,Backtest,FairValueGapStrategyFiltered,Short,1,10615.25,10640.25,10/30/2019 5:00:00 PM,10/30/2019 7:30:00 PM,FVG Short,Stop loss,($505.68),$15960.48,$5.68,$500.00,$260.00,$765.68,11,
140,NQ DEC25,Backtest,FairValueGapStrategyFiltered,Long,1,10665.25,10640.25,10/31/2019 4:30:00 PM,10/31/2019 5:15:00 PM,FVG Long,Stop loss,($505.68),$15454.80,$5.68,$500.00,$105.00,$610.68,4,
141,NQ DEC25,Backtest,FairValueGapStrategyFiltered,Short,1,10770.00,10787.25,11/6/2019 4:00:00 PM,11/6/2019 11:00:00 PM,FVG Short,Exit on session close,($350.68),$15104.12,$5.68,$375.00,$695.00,$1045.68,28,
142,NQ DEC25,Backtest,FairValueGapStrategyFiltered,Long,1,10828.00,10803.00,11/7/2019 4:15:00 PM,11/7/2019 8:45:00 PM,FVG Long,Stop loss,($505.68),$14598.44,$5.68,$500.00,$570.00,$1075.68,19,
143,NQ DEC25,Backtest,FairValueGapStrategyFiltered,Long,1,10810.00,10834.75,11/8/2019 5:00:00 PM,11/8/2019 11:00:00 PM,FVG Long,Exit on session close,$489.32,$15087.76,$5.68,$240.00,$570.00,$80.68,24,
144,NQ DEC25,Backtest,FairValueGapStrategyFiltered,Long,1,10814.00,10828.00,11/11/2019 5:00:00 PM,11/11/2019 11:00:00 PM,FVG Long,Exit on session close,$274.32,$15362.08,$5.68,$185.00,$295.00,$20.68,24,
145,NQ DEC25,Backtest,FairValueGapStrategyFiltered,Long,1,10846.75,10821.75,11/12/2019 4:15:00 PM,11/12/2019 9:00:00 PM,FVG Long,Stop loss,($505.68),$14856.40,$5.68,$500.00,$555.00,$1060.68,20,
146,NQ DEC25,Backtest,FairValueGapStrategyFiltered,Long,1,10838.25,10844.50,11/13/2019 4:45:00 PM,11/13/2019 11:00:00 PM,FVG Long,Exit on session close,$119.32,$14975.72,$5.68,$490.00,$350.00,$230.68,25,
147,NQ DEC25,Backtest,FairValueGapStrategyFiltered,Long,1,10882.25,10908.50,11/18/2019 5:15:00 PM,11/18/2019 11:00:00 PM,FVG Long,Exit on session close,$519.32,$15495.04,$5.68,$160.00,$755.00,$235.68,23,
148,NQ DEC25,Backtest,FairValueGapStrategyFiltered,Short,1,10860.00,10857.25,11/22/2019 4:15:00 PM,11/22/2019 11:00:00 PM,FVG Short,Exit on session close,$49.32,$15544.36,$5.68,$130.00,$1050.00,$1000.68,27,
149,NQ DEC25,Backtest,FairValueGapStrategyFiltered,Long,1,10925.25,10949.25,11/25/2019 4:15:00 PM,11/25/2019 11:00:00 PM,FVG Long,Exit on session close,$474.32,$16018.68,$5.68,$60.00,$565.00,$90.68,27,
150,NQ DEC25,Backtest,FairValueGapStrategyFiltered,Long,1,10997.75,11030.75,11/27/2019 4:45:00 PM,11/27/2019 11:00:00 PM,FVG Long,Exit on session close,$654.32,$16673.00,$5.68,$65.00,$705.00,$50.68,25,
151,NQ DEC25,Backtest,FairValueGapStrategyFiltered,Long,1,11011.75,10986.75,11/29/2019 4:30:00 PM,11/29/2019 6:30:00 PM,FVG Long,Stop loss,($505.68),$16167.32,$5.68,$500.00,$50.00,$555.68,9,
152,NQ DEC25,Backtest,FairValueGapStrategyFiltered,Short,1,10915.50,10884.25,12/2/2019 4:15:00 PM,12/2/2019 11:00:00 PM,FVG Short,Exit on session close,$619.32,$16786.64,$5.68,$0.00,$1295.00,$675.68,27,
153,NQ DEC25,Backtest,FairValueGapStrategyFiltered,Long,1,10960.50,10979.25,12/6/2019 4:15:00 PM,12/6/2019 11:00:00 PM,FVG Long,Exit on session close,$369.32,$17155.96,$5.68,$210.00,$465.00,$95.68,27,
154,NQ DEC25,Backtest,FairValueGapStrategyFiltered,Long,1,10993.75,10968.75,12/9/2019 4:15:00 PM,12/9/2019 5:30:00 PM,FVG Long,Stop loss,($505.68),$16650.28,$5.68,$500.00,$100.00,$605.68,6,
155,NQ DEC25,Backtest,FairValueGapStrategyFiltered,Long,1,10966.75,10941.75,12/10/2019 4:45:00 PM,12/10/2019 5:15:00 PM,FVG Long,Stop loss,($505.68),$16144.60,$5.68,$500.00,$40.00,$545.68,3,
156,NQ DEC25,Backtest,FairValueGapStrategyFiltered,Long,1,10962.75,10982.00,12/11/2019 4:30:00 PM,12/11/2019 11:00:00 PM,FVG Long,Exit on session close,$379.32,$16523.92,$5.68,$355.00,$450.00,$70.68,26,
157,NQ DEC25,Backtest,FairValueGapStrategyFiltered,Long,1,11038.25,11013.25,12/12/2019 4:15:00 PM,12/12/2019 5:30:00 PM,FVG Long,Stop loss,($505.68),$16018.24,$5.68,$500.00,$665.00,$1170.68,6,
158,NQ DEC25,Backtest,FairValueGapStrategyFiltered,Long,1,11054.50,11070.75,12/13/2019 4:15:00 PM,12/13/2019 11:00:00 PM,FVG Long,Exit on session close,$319.32,$16337.56,$5.68,$480.00,$830.00,$510.68,27,
159,NQ DEC25,Backtest,FairValueGapStrategyFiltered,Long,1,11146.00,11157.00,12/16/2019 4:15:00 PM,12/16/2019 11:00:00 PM,FVG Long,Exit on session close,$214.32,$16551.88,$5.68,$55.00,$420.00,$205.68,27,
160,NQ DEC25,Backtest,FairValueGapStrategyFiltered,Long,1,11176.25,11173.75,12/18/2019 4:00:00 PM,12/18/2019 11:00:00 PM,FVG Long,Exit on session close,($55.68),$16496.20,$5.68,$385.00,$290.00,$345.68,28,
161,NQ DEC25,Backtest,FairValueGapStrategyFiltered,Long,1,11180.25,11230.00,12/19/2019 4:15:00 PM,12/19/2019 11:00:00 PM,FVG Long,Exit on session close,$989.32,$17485.52,$5.68,$125.00,$1035.00,$45.68,27,
162,NQ DEC25,Backtest,FairValueGapStrategyFiltered,Short,1,11265.50,11279.25,12/24/2019 4:15:00 PM,12/24/2019 7:15:00 PM,FVG Short,Exit on session close,($280.68),$17204.84,$5.68,$305.00,$0.00,$280.68,13,
163,NQ DEC25,Backtest,FairValueGapStrategyFiltered,Long,1,11306.25,11351.75,12/26/2019 4:15:00 PM,12/26/2019 11:00:00 PM,FVG Long,Exit on session close,$904.32,$18109.16,$5.68,$0.00,$965.00,$60.68,27,
164,NQ DEC25,Backtest,FairValueGapStrategyFiltered,Short,1,11264.00,11289.00,12/30/2019 4:15:00 PM,12/30/2019 6:00:00 PM,FVG Short,Stop loss,($505.68),$17603.48,$5.68,$500.00,$465.00,$970.68,8,
165,NQ DEC25,Backtest,FairValueGapStrategyFiltered,Short,1,11266.75,11291.75,12/31/2019 4:45:00 PM,12/31/2019 9:45:00 PM,FVG Short,Stop loss,($505.68),$17097.80,$5.68,$500.00,$265.00,$770.68,21,
166,NQ DEC25,Backtest,FairValueGapStrategyFiltered,Long,1,11397.50,11372.50,1/2/2020 4:15:00 PM,1/2/2020 4:15:00 PM,FVG Long,Stop loss,($505.68),$16592.12,$5.68,$500.00,$0.00,$505.68,1,
167,NQ DEC25,Backtest,FairValueGapStrategyFiltered,Long,1,11374.75,11361.25,1/3/2020 4:15:00 PM,1/3/2020 11:00:00 PM,FVG Long,Exit on session close,($275.68),$16316.44,$5.68,$405.00,$730.00,$1005.68,27,
168,NQ DEC25,Backtest,FairValueGapStrategyFiltered,Long,1,11373.25,11402.00,1/6/2020 5:15:00 PM,1/6/2020 11:00:00 PM,FVG Long,Exit on session close,$569.32,$16885.76,$5.68,$240.00,$985.00,$415.68,23,
169,NQ DEC25,Backtest,FairValueGapStrategyFiltered,Long,1,11440.00,11415.00,1/8/2020 4:15:00 PM,1/8/2020 5:00:00 PM,FVG Long,Stop loss,($505.68),$16380.08,$5.68,$500.00,$140.00,$645.68,4,
170,NQ DEC25,Backtest,FairValueGapStrategyFiltered,Long,1,11633.50,11608.50,1/15/2020 4:15:00 PM,1/15/2020 7:15:00 PM,FVG Long,Stop loss,($505.68),$15874.40,$5.68,$500.00,$240.00,$745.68,13,
171,NQ DEC25,Backtest,FairValueGapStrategyFiltered,Long,1,11659.00,11634.00,1/16/2020 4:15:00 PM,1/16/2020 5:15:00 PM,FVG Long,Stop loss,($505.68),$15368.72,$5.68,$500.00,$200.00,$705.68,5,
172,NQ DEC25,Backtest,FairValueGapStrategyFiltered,Long,1,11721.00,11725.25,1/20/2020 4:15:00 PM,1/20/2020 7:00:00 PM,FVG Long,Exit on session close,$79.32,$15448.04,$5.68,$205.00,$110.00,$30.68,12,
173,NQ DEC25,Backtest,FairValueGapStrategyFiltered,Long,1,11711.50,11724.25,1/21/2020 4:00:00 PM,1/21/2020 11:00:00 PM,FVG Long,Exit on session close,$249.32,$15697.36,$5.68,$200.00,$755.00,$505.68,28,
174,NQ DEC25,Backtest,FairValueGapStrategyFiltered,Long,1,11754.25,11729.25,1/23/2020 4:45:00 PM,1/23/2020 5:15:00 PM,FVG Long,Stop loss,($505.68),$15191.68,$5.68,$500.00,$205.00,$710.68,3,
175,NQ DEC25,Backtest,FairValueGapStrategyFiltered,Long,1,11600.00,11675.00,1/28/2020 4:45:00 PM,1/28/2020 10:45:00 PM,FVG Long,Profit target,$1494.32,$16686.00,$5.68,$40.00,$1500.00,$5.68,24,
176,NQ DEC25,Backtest,FairValueGapStrategyFiltered,Long,1,11663.75,11638.75,1/29/2020 5:15:00 PM,1/29/2020 10:15:00 PM,FVG Long,Stop loss,($505.68),$16180.32,$5.68,$500.00,$875.00,$1380.68,21,
177,NQ DEC25,Backtest,FairValueGapStrategyFiltered,Short,1,11577.00,11602.00,1/30/2020 5:15:00 PM,1/30/2020 5:15:00 PM,FVG Short,Stop loss,($505.68),$15674.64,$5.68,$500.00,$0.00,$505.68,1,
178,NQ DEC25,Backtest,FairValueGapStrategyFiltered,Long,1,11676.00,11651.00,2/3/2020 4:15:00 PM,2/3/2020 10:15:00 PM,FVG Long,Stop loss,($505.68),$15168.96,$5.68,$500.00,$585.00,$1090.68,25,
179,NQ DEC25,Backtest,FairValueGapStrategyFiltered,Long,1,11983.75,11958.75,2/7/2020 5:00:00 PM,2/7/2020 8:15:00 PM,FVG Long,Stop loss,($505.68),$14663.28,$5.68,$500.00,$585.00,$1090.68,14,
180,NQ DEC25,Backtest,FairValueGapStrategyFiltered,Long,1,11997.25,12072.25,2/10/2020 4:15:00 PM,2/10/2020 10:00:00 PM,FVG Long,Profit target,$1494.32,$16157.60,$5.68,$75.00,$1500.00,$5.68,24,
181,NQ DEC25,Backtest,FairValueGapStrategyFiltered,Long,1,12146.00,12121.00,2/11/2020 4:45:00 PM,2/11/2020 5:45:00 PM,FVG Long,Stop loss,($505.68),$15651.92,$5.68,$500.00,$260.00,$765.68,5,
182,NQ DEC25,Backtest,FairValueGapStrategyFiltered,Long,1,12120.50,12174.75,2/13/2020 4:15:00 PM,2/13/2020 11:00:00 PM,FVG Long,Exit on session close,$1079.32,$16731.24,$5.68,$335.00,$1475.00,$395.68,27,
183,NQ DEC25,Backtest,FairValueGapStrategyFiltered,Long,1,12260.50,12283.75,2/19/2020 4:15:00 PM,2/19/2020 11:00:00 PM,FVG Long,Exit on session close,$459.32,$17190.56,$5.68,$110.00,$755.00,$295.68,27,
184,NQ DEC25,Backtest,FairValueGapStrategyFiltered,Short,1,12062.50,11987.50,2/21/2020 4:15:00 PM,2/21/2020 8:00:00 PM,FVG Short,Profit target,$1494.32,$18684.88,$5.68,$475.00,$1500.00,$5.68,16,
185,NQ DEC25,Backtest,FairValueGapStrategyFiltered,Short,1,11687.00,11612.00,2/24/2020 5:00:00 PM,2/24/2020 7:15:00 PM,FVG Short,Profit target,$1494.32,$20179.20,$5.68,$445.00,$1500.00,$5.68,10,
186,NQ DEC25,Backtest,FairValueGapStrategyFiltered,Short,1,11679.50,11604.50,2/25/2020 4:15:00 PM,2/25/2020 4:30:00 PM,FVG Short,Profit target,$1494.32,$21673.52,$5.68,$320.00,$1500.00,$5.68,2,
187,NQ DEC25,Backtest,FairValueGapStrategyFiltered,Short,1,11624.00,11549.00,2/25/2020 5:00:00 PM,2/25/2020 5:00:00 PM,FVG Short,Profit target,$1494.32,$23167.84,$5.68,$0.00,$1500.00,$5.68,1,
188,NQ DEC25,Backtest,FairValueGapStrategyFiltered,Short,1,11116.50,11141.50,2/27/2020 5:00:00 PM,2/27/2020 5:00:00 PM,FVG Short,Stop loss,($505.68),$22662.16,$5.68,$500.00,$0.00,$505.68,1,
189,NQ DEC25,Backtest,FairValueGapStrategyFiltered,Long,1,11106.00,11181.00,3/2/2020 5:15:00 PM,3/2/2020 5:15:00 PM,FVG Long,Profit target,$1494.32,$24156.48,$5.68,$0.00,$1500.00,$5.68,1,
190,NQ DEC25,Backtest,FairValueGapStrategyFiltered,Short,1,11244.25,11269.25,3/4/2020 4:15:00 PM,3/4/2020 4:15:00 PM,FVG Short,Stop loss,($505.68),$23650.80,$5.68,$500.00,$0.00,$505.68,1,
191,NQ DEC25,Backtest,FairValueGapStrategyFiltered,Long,1,11332.75,11307.75,3/4/2020 4:45:00 PM,3/4/2020 4:45:00 PM,FVG Long,Stop loss,($505.68),$23145.12,$5.68,$500.00,$0.00,$505.68,1,
192,NQ DEC25,Backtest,FairValueGapStrategyFiltered,Short,1,10633.25,10658.25,3/10/2020 4:15:00 PM,3/10/2020 4:15:00 PM,FVG Short,Stop loss,($505.68),$22639.44,$5.68,$500.00,$0.00,$505.68,1,
193,NQ DEC25,Backtest,FairValueGapStrategyFiltered,Short,1,10625.00,10550.00,3/10/2020 4:30:00 PM,3/10/2020 4:30:00 PM,FVG Short,Profit target,$1494.32,$24133.76,$5.68,$0.00,$1500.00,$5.68,1,
194,NQ DEC25,Backtest,FairValueGapStrategyFiltered,Short,1,10571.00,10596.00,3/10/2020 5:00:00 PM,3/10/2020 5:00:00 PM,FVG Short,Stop loss,($505.68),$23628.08,$5.68,$500.00,$0.00,$505.68,1,
195,NQ DEC25,Backtest,FairValueGapStrategyFiltered,Short,1,10014.50,10039.50,3/12/2020 4:45:00 PM,3/12/2020 4:45:00 PM,FVG Short,Stop loss,($505.68),$23122.40,$5.68,$500.00,$0.00,$505.68,1,
196,NQ DEC25,Backtest,FairValueGapStrategyFiltered,Short,1,9952.50,9877.50,3/12/2020 5:15:00 PM,3/12/2020 5:15:00 PM,FVG Short,Profit target,$1494.32,$24616.72,$5.68,$0.00,$1500.00,$5.68,1,
197,NQ DEC25,Backtest,FairValueGapStrategyFiltered,Short,1,9875.25,9900.25,3/13/2020 5:00:00 PM,3/13/2020 5:00:00 PM,FVG Short,Stop loss,($505.68),$24111.04,$5.68,$500.00,$0.00,$505.68,1,
198,NQ DEC25,Backtest,FairValueGapStrategyFiltered,Long,1,10081.50,10056.50,3/16/2020 4:45:00 PM,3/16/2020 4:45:00 PM,FVG Long,Stop loss,($505.68),$23605.36,$5.68,$500.00,$0.00,$505.68,1,
199,NQ DEC25,Backtest,FairValueGapStrategyFiltered,Short,1,9666.25,9691.25,3/18/2020 4:30:00 PM,3/18/2020 4:30:00 PM,FVG Short,Stop loss,($505.68),$23099.68,$5.68,$500.00,$0.00,$505.68,1,
200,NQ DEC25,Backtest,FairValueGapStrategyFiltered,Long,1,9959.00,9934.00,3/19/2020 5:00:00 PM,3/19/2020 5:00:00 PM,FVG Long,Stop loss,($505.68),$22594.00,$5.68,$500.00,$0.00,$505.68,1,
201,NQ DEC25,Backtest,FairValueGapStrategyFiltered,Short,1,9327.00,9352.00,3/23/2020 5:00:00 PM,3/23/2020 5:00:00 PM,FVG Short,Stop loss,($505.68),$22088.32,$5.68,$500.00,$0.00,$505.68,1,
202,NQ DEC25,Backtest,FairValueGapStrategyFiltered,Long,1,10206.50,10181.50,3/27/2020 4:45:00 PM,3/27/2020 4:45:00 PM,FVG Long,Stop loss,($505.68),$21582.64,$5.68,$500.00,$0.00,$505.68,1,
203,NQ DEC25,Backtest,FairValueGapStrategyFiltered,Long,1,10304.25,10379.25,3/30/2020 4:45:00 PM,3/30/2020 5:30:00 PM,FVG Long,Profit target,$1494.32,$23076.96,$5.68,$120.00,$1500.00,$5.68,4,
204,NQ DEC25,Backtest,FairValueGapStrategyFiltered,Long,1,10516.50,10491.50,3/31/2020 4:45:00 PM,3/31/2020 5:00:00 PM,FVG Long,Stop loss,($505.68),$22571.28,$5.68,$500.00,$750.00,$1255.68,2,
205,NQ DEC25,Backtest,FairValueGapStrategyFiltered,Long,1,10392.25,10467.25,4/6/2020 4:30:00 PM,4/6/2020 6:30:00 PM,FVG Long,Profit target,$1494.32,$24065.60,$5.68,$0.00,$1500.00,$5.68,9,
206,NQ DEC25,Backtest,FairValueGapStrategyFiltered,Long,1,11148.75,11123.75,4/14/2020 4:15:00 PM,4/14/2020 5:15:00 PM,FVG Long,Stop loss,($505.68),$23559.92,$5.68,$500.00,$400.00,$905.68,5,
207,NQ DEC25,Backtest,FairValueGapStrategyFiltered,Long,1,11264.75,11339.75,4/16/2020 5:15:00 PM,4/16/2020 6:00:00 PM,FVG Long,Profit target,$1494.32,$25054.24,$5.68,$260.00,$1500.00,$5.68,4,
208,NQ DEC25,Backtest,FairValueGapStrategyFiltered,Long,1,11362.75,11337.75,4/20/2020 5:00:00 PM,4/20/2020 8:30:00 PM,FVG Long,Stop loss,($505.68),$24548.56,$5.68,$500.00,$845.00,$1350.68,15,
209,NQ DEC25,Backtest,FairValueGapStrategyFiltered,Short,1,11142.75,11067.75,4/21/2020 4:15:00 PM,4/21/2020 4:45:00 PM,FVG Short,Profit target,$1494.32,$26042.88,$5.68,$130.00,$1500.00,$5.68,3,
210,NQ DEC25,Backtest,FairValueGapStrategyFiltered,Short,1,11047.50,10972.50,4/21/2020 5:00:00 PM,4/21/2020 5:00:00 PM,FVG Short,Profit target,$1494.32,$27537.20,$5.68,$0.00,$1500.00,$5.68,1,
211,NQ DEC25,Backtest,FairValueGapStrategyFiltered,Short,1,10953.75,10978.75,4/21/2020 5:15:00 PM,4/21/2020 7:15:00 PM,FVG Short,Stop loss,($505.68),$27031.52,$5.68,$500.00,$1055.00,$1560.68,9,
212,NQ DEC25,Backtest,FairValueGapStrategyFiltered,Long,1,11281.75,11256.75,4/23/2020 4:15:00 PM,4/23/2020 6:45:00 PM,FVG Long,Stop loss,($505.68),$26525.84,$5.68,$500.00,$1275.00,$1780.68,11,
213,NQ DEC25,Backtest,FairValueGapStrategyFiltered,Short,1,11147.50,11172.50,4/24/2020 4:15:00 PM,4/24/2020 4:15:00 PM,FVG Short,Stop loss,($505.68),$26020.16,$5.68,$500.00,$0.00,$505.68,1,
214,NQ DEC25,Backtest,FairValueGapStrategyFiltered,Short,1,11335.50,11260.50,4/28/2020 4:45:00 PM,4/28/2020 5:00:00 PM,FVG Short,Profit target,$1494.32,$27514.48,$5.68,$360.00,$1500.00,$5.68,2,
215,NQ DEC25,Backtest,FairValueGapStrategyFiltered,Long,1,11475.25,11550.25,4/29/2020 5:00:00 PM,4/29/2020 9:30:00 PM,FVG Long,Profit target,$1494.32,$29008.80,$5.68,$240.00,$1500.00,$5.68,19,
216,NQ DEC25,Backtest,FairValueGapStrategyFiltered,Long,1,11515.75,11490.75,5/5/2020 4:15:00 PM,5/5/2020 9:45:00 PM,FVG Long,Stop loss,($505.68),$28503.12,$5.68,$500.00,$1265.00,$1770.68,23,
217,NQ DEC25,Backtest,FairValueGapStrategyFiltered,Long,1,11587.25,11562.25,5/6/2020 5:15:00 PM,5/6/2020 5:30:00 PM,FVG Long,Stop loss,($505.68),$27997.44,$5.68,$500.00,$295.00,$800.68,2,
218,NQ DEC25,Backtest,FairValueGapStrategyFiltered,Long,1,11737.00,11712.00,5/8/2020 5:00:00 PM,5/8/2020 8:15:00 PM,FVG Long,Stop loss,($505.68),$27491.76,$5.68,$500.00,$805.00,$1310.68,14,
219,NQ DEC25,Backtest,FairValueGapStrategyFiltered,Long,1,11763.50,11838.50,5/11/2020 4:15:00 PM,5/11/2020 6:45:00 PM,FVG Long,Profit target,$1494.32,$28986.08,$5.68,$45.00,$1500.00,$5.68,11,
220,NQ DEC25,Backtest,FairValueGapStrategyFiltered,Long,1,11882.00,11876.00,5/18/2020 5:00:00 PM,5/18/2020 11:00:00 PM,FVG Long,Exit on session close,($125.68),$28860.40,$5.68,$345.00,$770.00,$895.68,24,
221,NQ DEC25,Backtest,FairValueGapStrategyFiltered,Long,1,12020.00,11995.00,5/20/2020 4:15:00 PM,5/20/2020 7:00:00 PM,FVG Long,Stop loss,($505.68),$28354.72,$5.68,$500.00,$720.00,$1225.68,12,
222,NQ DEC25,Backtest,FairValueGapStrategyFiltered,Short,1,11846.50,11871.50,5/27/2020 4:15:00 PM,5/27/2020 4:15:00 PM,FVG Short,Stop loss,($505.68),$27849.04,$5.68,$500.00,$0.00,$505.68,1,
223,NQ DEC25,Backtest,FairValueGapStrategyFiltered,Short,1,11874.00,11799.00,5/27/2020 4:30:00 PM,5/27/2020 4:45:00 PM,FVG Short,Profit target,$1494.32,$29343.36,$5.68,$175.00,$1500.00,$5.68,2,
224,NQ DEC25,Backtest,FairValueGapStrategyFiltered,Short,1,11772.50,11797.50,5/27/2020 5:15:00 PM,5/27/2020 5:30:00 PM,FVG Short,Stop loss,($505.68),$28837.68,$5.68,$500.00,$705.00,$1210.68,2,
225,NQ DEC25,Backtest,FairValueGapStrategyFiltered,Long,1,12014.00,11989.00,5/28/2020 4:00:00 PM,5/28/2020 4:00:00 PM,FVG Long,Stop loss,($505.68),$28332.00,$5.68,$500.00,$0.00,$505.68,1,
226,NQ DEC25,Backtest,FairValueGapStrategyFiltered,Long,1,12050.50,12025.50,5/28/2020 5:15:00 PM,5/28/2020 5:30:00 PM,FVG Long,Stop loss,($505.68),$27826.32,$5.68,$500.00,$290.00,$795.68,2,
227,NQ DEC25,Backtest,FairValueGapStrategyFiltered,Short,1,11966.00,11991.00,5/29/2020 4:45:00 PM,5/29/2020 4:45:00 PM,FVG Short,Stop loss,($505.68),$27320.64,$5.68,$500.00,$0.00,$505.68,1,
228,NQ DEC25,Backtest,FairValueGapStrategyFiltered,Long,1,12109.75,12151.50,6/1/2020 4:15:00 PM,6/1/2020 11:00:00 PM,FVG Long,Exit on session close,$829.32,$28149.96,$5.68,$305.00,$1100.00,$270.68,27,
229,NQ DEC25,Backtest,FairValueGapStrategyFiltered,Long,1,12283.50,12258.50,6/4/2020 4:15:00 PM,6/4/2020 5:15:00 PM,FVG Long,Stop loss,($505.68),$27644.28,$5.68,$500.00,$330.00,$835.68,5,
230,NQ DEC25,Backtest,FairValueGapStrategyFiltered,Long,1,12315.75,12390.75,6/5/2020 4:15:00 PM,6/5/2020 6:45:00 PM,FVG Long,Profit target,$1494.32,$29138.60,$5.68,$410.00,$1500.00,$5.68,11,
231,NQ DEC25,Backtest,FairValueGapStrategyFiltered,Long,1,12360.25,12435.25,6/8/2020 5:15:00 PM,6/8/2020 9:45:00 PM,FVG Long,Profit target,$1494.32,$30632.92,$5.68,$145.00,$1500.00,$5.68,19,
232,NQ DEC25,Backtest,FairValueGapStrategyFiltered,Long,1,12455.00,12530.00,6/9/2020 4:15:00 PM,6/9/2020 5:15:00 PM,FVG Long,Profit target,$1494.32,$32127.24,$5.68,$410.00,$1500.00,$5.68,5,
233,NQ DEC25,Backtest,FairValueGapStrategyFiltered,Short,1,12319.00,12244.00,6/12/2020 4:45:00 PM,6/12/2020 5:00:00 PM,FVG Short,Profit target,$1494.32,$33621.56,$5.68,$285.00,$1500.00,$5.68,2,
234,NQ DEC25,Backtest,FairValueGapStrategyFiltered,Short,1,12207.25,12232.25,6/12/2020 5:15:00 PM,6/12/2020 5:15:00 PM,FVG Short,Stop loss,($505.68),$33115.88,$5.68,$500.00,$0.00,$505.68,1,
235,NQ DEC25,Backtest,FairValueGapStrategyFiltered,Long,1,12624.25,12599.25,6/22/2020 4:30:00 PM,6/22/2020 5:00:00 PM,FVG Long,Stop loss,($505.68),$32610.20,$5.68,$500.00,$120.00,$625.68,3,
236,NQ DEC25,Backtest,FairValueGapStrategyFiltered,Long,1,12790.75,12865.75,6/23/2020 5:00:00 PM,6/23/2020 7:45:00 PM,FVG Long,Profit target,$1494.32,$34104.52,$5.68,$375.00,$1500.00,$5.68,12,
237,NQ DEC25,Backtest,FairValueGapStrategyFiltered,Short,1,12689.75,12614.75,6/24/2020 4:30:00 PM,6/24/2020 5:15:00 PM,FVG Short,Profit target,$1494.32,$35598.84,$5.68,$260.00,$1500.00,$5.68,4,
238,NQ DEC25,Backtest,FairValueGapStrategyFiltered,Short,1,12522.25,12547.25,6/25/2020 4:15:00 PM,6/25/2020 4:15:00 PM,FVG Short,Stop loss,($505.68),$35093.16,$5.68,$500.00,$0.00,$505.68,1,
239,NQ DEC25,Backtest,FairValueGapStrategyFiltered,Short,1,12595.00,12520.00,6/26/2020 4:15:00 PM,6/26/2020 4:30:00 PM,FVG Short,Profit target,$1494.32,$36587.48,$5.68,$0.00,$1500.00,$5.68,2,
240,NQ DEC25,Backtest,FairValueGapStrategyFiltered,Short,1,12504.25,12429.25,6/26/2020 4:45:00 PM,6/26/2020 5:00:00 PM,FVG Short,Profit target,$1494.32,$38081.80,$5.68,$170.00,$1500.00,$5.68,2,
241,NQ DEC25,Backtest,FairValueGapStrategyFiltered,Short,1,12368.00,12393.00,6/29/2020 4:15:00 PM,6/29/2020 4:15:00 PM,FVG Short,Stop loss,($505.68),$37576.12,$5.68,$500.00,$0.00,$505.68,1,
242,NQ DEC25,Backtest,FairValueGapStrategyFiltered,Long,1,12599.50,12674.50,6/30/2020 4:15:00 PM,6/30/2020 6:30:00 PM,FVG Long,Profit target,$1494.32,$39070.44,$5.68,$90.00,$1500.00,$5.68,10,
243,NQ DEC25,Backtest,FairValueGapStrategyFiltered,Long,1,12782.75,12857.75,7/1/2020 4:45:00 PM,7/1/2020 9:15:00 PM,FVG Long,Profit target,$1494.32,$40564.76,$5.68,$260.00,$1500.00,$5.68,19,
244,NQ DEC25,Backtest,FairValueGapStrategyFiltered,Long,1,12989.25,12964.25,7/2/2020 4:15:00 PM,7/2/2020 4:30:00 PM,FVG Long,Stop loss,($505.68),$40059.08,$5.68,$500.00,$180.00,$685.68,2,
245,NQ DEC25,Backtest,FairValueGapStrategyFiltered,Long,1,13095.50,13170.50,7/6/2020 4:15:00 PM,7/6/2020 5:15:00 PM,FVG Long,Profit target,$1494.32,$41553.40,$5.68,$180.00,$1500.00,$5.68,5,
246,NQ DEC25,Backtest,FairValueGapStrategyFiltered,Long,1,13183.50,13258.50,7/7/2020 4:15:00 PM,7/7/2020 5:15:00 PM,FVG Long,Profit target,$1494.32,$43047.72,$5.68,$170.00,$1500.00,$5.68,5,
247,NQ DEC25,Backtest,FairValueGapStrategyFiltered,Long,1,13203.50,13178.50,7/8/2020 4:15:00 PM,7/8/2020 4:30:00 PM,FVG Long,Stop loss,($505.68),$42542.04,$5.68,$500.00,$260.00,$765.68,2,
248,NQ DEC25,Backtest,FairValueGapStrategyFiltered,Short,1,13169.50,13194.50,7/9/2020 5:15:00 PM,7/9/2020 5:15:00 PM,FVG Short,Stop loss,($505.68),$42036.36,$5.68,$500.00,$0.00,$505.68,1,
249,NQ DEC25,Backtest,FairValueGapStrategyFiltered,Long,1,13300.00,13275.00,7/10/2020 5:00:00 PM,7/10/2020 5:00:00 PM,FVG Long,Stop loss,($505.68),$41530.68,$5.68,$500.00,$0.00,$505.68,1,
250,NQ DEC25,Backtest,FairValueGapStrategyFiltered,Long,1,13541.00,13616.00,7/13/2020 4:15:00 PM,7/13/2020 5:15:00 PM,FVG Long,Profit target,$1494.32,$43025.00,$5.68,$435.00,$1500.00,$5.68,5,
251,NQ DEC25,Backtest,FairValueGapStrategyFiltered,Short,1,13180.00,13205.00,7/17/2020 4:15:00 PM,7/17/2020 6:15:00 PM,FVG Short,Stop loss,($505.68),$42519.32,$5.68,$500.00,$1330.00,$1835.68,9,
252,NQ DEC25,Backtest,FairValueGapStrategyFiltered,Long,1,13341.00,13416.00,7/20/2020 4:45:00 PM,7/20/2020 7:45:00 PM,FVG Long,Profit target,$1494.32,$44013.64,$5.68,$375.00,$1500.00,$5.68,13,
253,NQ DEC25,Backtest,FairValueGapStrategyFiltered,Short,1,13413.25,13338.25,7/22/2020 5:00:00 PM,7/22/2020 5:30:00 PM,FVG Short,Profit target,$1494.32,$45507.96,$5.68,$115.00,$1500.00,$5.68,3,
254,NQ DEC25,Backtest,FairValueGapStrategyFiltered,Short,1,13390.00,13415.00,7/23/2020 4:45:00 PM,7/23/2020 5:00:00 PM,FVG Short,Stop loss,($505.68),$45002.28,$5.68,$500.00,$20.00,$525.68,2,
255,NQ DEC25,Backtest,FairValueGapStrategyFiltered,Short,1,12958.00,12983.00,7/24/2020 4:15:00 PM,7/24/2020 4:15:00 PM,FVG Short,Stop loss,($505.68),$44496.60,$5.68,$500.00,$0.00,$505.68,1,
256,NQ DEC25,Backtest,FairValueGapStrategyFiltered,Long,1,13196.00,13171.00,7/27/2020 4:15:00 PM,7/27/2020 4:15:00 PM,FVG Long,Stop loss,($505.68),$43990.92,$5.68,$500.00,$0.00,$505.68,1,
257,NQ DEC25,Backtest,FairValueGapStrategyFiltered,Long,1,13195.50,13170.50,7/29/2020 4:45:00 PM,7/29/2020 6:15:00 PM,FVG Long,Stop loss,($505.68),$43485.24,$5.68,$500.00,$515.00,$1020.68,7,
258,NQ DEC25,Backtest,FairValueGapStrategyFiltered,Long,1,13608.25,13583.25,8/3/2020 4:15:00 PM,8/3/2020 5:00:00 PM,FVG Long,Stop loss,($505.68),$42979.56,$5.68,$500.00,$710.00,$1215.68,4,
259,NQ DEC25,Backtest,FairValueGapStrategyFiltered,Long,1,13636.00,13611.00,8/4/2020 4:15:00 PM,8/4/2020 5:15:00 PM,FVG Long,Stop loss,($505.68),$42473.88,$5.68,$500.00,$440.00,$945.68,5,
260,NQ DEC25,Backtest,FairValueGapStrategyFiltered,Long,1,13709.50,13684.50,8/6/2020 4:45:00 PM,8/6/2020 4:45:00 PM,FVG Long,Stop loss,($505.68),$41968.20,$5.68,$500.00,$0.00,$505.68,1,
261,NQ DEC25,Backtest,FairValueGapStrategyFiltered,Short,1,13650.25,13575.25,8/10/2020 4:30:00 PM,8/10/2020 5:00:00 PM,FVG Short,Profit target,$1494.32,$43462.52,$5.68,$75.00,$1500.00,$5.68,3,
262,NQ DEC25,Backtest,FairValueGapStrategyFiltered,Short,1,13520.00,13545.00,8/10/2020 5:15:00 PM,8/10/2020 5:15:00 PM,FVG Short,Stop loss,($505.68),$42956.84,$5.68,$500.00,$0.00,$505.68,1,
263,NQ DEC25,Backtest,FairValueGapStrategyFiltered,Long,1,13637.50,13712.50,8/12/2020 4:15:00 PM,8/12/2020 6:00:00 PM,FVG Long,Profit target,$1494.32,$44451.16,$5.68,$225.00,$1500.00,$5.68,8,
264,NQ DEC25,Backtest,FairValueGapStrategyFiltered,Long,1,13812.00,13787.00,8/13/2020 5:00:00 PM,8/13/2020 7:30:00 PM,FVG Long,Stop loss,($505.68),$43945.48,$5.68,$500.00,$600.00,$1105.68,11,
265,NQ DEC25,Backtest,FairValueGapStrategyFiltered,Long,1,13840.00,13815.00,8/17/2020 4:15:00 PM,8/17/2020 4:30:00 PM,FVG Long,Stop loss,($505.68),$43439.80,$5.68,$500.00,$255.00,$760.68,2,
266,NQ DEC25,Backtest,FairValueGapStrategyFiltered,Long,1,13976.50,13951.50,8/19/2020 4:45:00 PM,8/19/2020 8:30:00 PM,FVG Long,Stop loss,($505.68),$42934.12,$5.68,$500.00,$750.00,$1255.68,16,
267,NQ DEC25,Backtest,FairValueGapStrategyFiltered,Long,1,13944.50,14019.50,8/20/2020 4:15:00 PM,8/20/2020 8:30:00 PM,FVG Long,Profit target,$1494.32,$44428.44,$5.68,$380.00,$1500.00,$5.68,18,
268,NQ DEC25,Backtest,FairValueGapStrategyFiltered,Long,1,14108.25,14083.25,8/21/2020 5:00:00 PM,8/21/2020 5:45:00 PM,FVG Long,Stop loss,($505.68),$43922.76,$5.68,$500.00,$515.00,$1020.68,4,
269,NQ DEC25,Backtest,FairValueGapStrategyFiltered,Long,1,14406.25,14481.25,8/26/2020 5:00:00 PM,8/26/2020 6:15:00 PM,FVG Long,Profit target,$1494.32,$45417.08,$5.68,$110.00,$1500.00,$5.68,6,
270,NQ DEC25,Backtest,FairValueGapStrategyFiltered,Long,1,14574.00,14549.00,8/27/2020 5:00:00 PM,8/27/2020 5:00:00 PM,FVG Long,Stop loss,($505.68),$44911.40,$5.68,$500.00,$0.00,$505.68,1,
271,NQ DEC25,Backtest,FairValueGapStrategyFiltered,Long,1,14631.25,14606.25,8/31/2020 5:00:00 PM,8/31/2020 5:30:00 PM,FVG Long,Stop loss,($505.68),$44405.72,$5.68,$500.00,$910.00,$1415.68,3,
272,NQ DEC25,Backtest,FairValueGapStrategyFiltered,Short,1,14752.00,14777.00,9/3/2020 4:15:00 PM,9/3/2020 4:15:00 PM,FVG Short,Stop loss,($505.68),$43900.04,$5.68,$500.00,$0.00,$505.68,1,
273,NQ DEC25,Backtest,FairValueGapStrategyFiltered,Short,1,14548.00,14573.00,9/3/2020 5:00:00 PM,9/3/2020 5:00:00 PM,FVG Short,Stop loss,($505.68),$43394.36,$5.68,$500.00,$0.00,$505.68,1,
274,NQ DEC25,Backtest,FairValueGapStrategyFiltered,Short,1,14559.75,14484.75,9/3/2020 5:15:00 PM,9/3/2020 5:15:00 PM,FVG Short,Profit target,$1494.32,$44888.68,$5.68,$0.00,$1500.00,$5.68,1,
275,NQ DEC25,Backtest,FairValueGapStrategyFiltered,Short,1,14047.00,14072.00,9/4/2020 4:30:00 PM,9/4/2020 4:30:00 PM,FVG Short,Stop loss,($505.68),$44383.00,$5.68,$500.00,$0.00,$505.68,1,
276,NQ DEC25,Backtest,FairValueGapStrategyFiltered,Short,1,13935.50,13960.50,9/4/2020 4:45:00 PM,9/4/2020 4:45:00 PM,FVG Short,Stop loss,($505.68),$43877.32,$5.68,$500.00,$0.00,$505.68,1,
277,NQ DEC25,Backtest,FairValueGapStrategyFiltered,Short,1,13726.50,13751.50,9/4/2020 5:00:00 PM,9/4/2020 5:00:00 PM,FVG Short,Stop loss,($505.68),$43371.64,$5.68,$500.00,$0.00,$505.68,1,
278,NQ DEC25,Backtest,FairValueGapStrategyFiltered,Long,1,13927.00,13902.00,9/9/2020 5:00:00 PM,9/9/2020 5:15:00 PM,FVG Long,Stop loss,($505.68),$42865.96,$5.68,$500.00,$650.00,$1155.68,2,
279,NQ DEC25,Backtest,FairValueGapStrategyFiltered,Long,1,13872.75,13847.75,9/14/2020 4:15:00 PM,9/14/2020 7:00:00 PM,FVG Long,Stop loss,($505.68),$42360.28,$5.68,$500.00,$1275.00,$1780.68,12,
280,NQ DEC25,Backtest,FairValueGapStrategyFiltered,Short,1,13948.75,13973.75,9/16/2020 5:00:00 PM,9/16/2020 5:15:00 PM,FVG Short,Stop loss,($505.68),$41854.60,$5.68,$500.00,$505.00,$1010.68,2,
281,NQ DEC25,Backtest,FairValueGapStrategyFiltered,Short,1,13679.25,13604.25,9/18/2020 4:00:00 PM,9/18/2020 4:45:00 PM,FVG Short,Profit target,$1494.32,$43348.92,$5.68,$275.00,$1500.00,$5.68,4,
282,NQ DEC25,Backtest,FairValueGapStrategyFiltered,Short,1,13610.25,13535.25,9/18/2020 5:00:00 PM,9/18/2020 5:00:00 PM,FVG Short,Profit target,$1494.32,$44843.24,$5.68,$0.00,$1500.00,$5.68,1,
283,NQ DEC25,Backtest,FairValueGapStrategyFiltered,Short,1,13546.00,13471.00,9/18/2020 5:15:00 PM,9/18/2020 6:45:00 PM,FVG Short,Profit target,$1494.32,$46337.56,$5.68,$360.00,$1500.00,$5.68,7,
284,NQ DEC25,Backtest,FairValueGapStrategyFiltered,Short,1,13261.50,13286.50,9/21/2020 5:00:00 PM,9/21/2020 5:00:00 PM,FVG Short,Stop loss,($505.68),$45831.88,$5.68,$500.00,$0.00,$505.68,1,
285,NQ DEC25,Backtest,FairValueGapStrategyFiltered,Long,1,13561.50,13536.50,9/25/2020 5:00:00 PM,9/25/2020 5:15:00 PM,FVG Long,Stop loss,($505.68),$45326.20,$5.68,$500.00,$270.00,$775.68,2,
286,NQ DEC25,Backtest,FairValueGapStrategyFiltered,Long,1,14010.25,14085.25,9/30/2020 4:30:00 PM,9/30/2020 6:00:00 PM,FVG Long,Profit target,$1494.32,$46820.52,$5.68,$120.00,$1500.00,$5.68,7,
287,NQ DEC25,Backtest,FairValueGapStrategyFiltered,Long,1,14052.25,14027.25,10/2/2020 4:45:00 PM,10/2/2020 4:45:00 PM,FVG Long,Stop loss,($505.68),$46314.84,$5.68,$500.00,$0.00,$505.68,1,
288,NQ DEC25,Backtest,FairValueGapStrategyFiltered,Short,1,14008.00,13933.00,10/2/2020 5:15:00 PM,10/2/2020 5:45:00 PM,FVG Short,Profit target,$1494.32,$47809.16,$5.68,$75.00,$1500.00,$5.68,3,
289,NQ DEC25,Backtest,FairValueGapStrategyFiltered,Long,1,14068.75,14043.75,10/6/2020 4:45:00 PM,10/6/2020 4:45:00 PM,FVG Long,Stop loss,($505.68),$47303.48,$5.68,$500.00,$0.00,$505.68,1,
290,NQ DEC25,Backtest,FairValueGapStrategyFiltered,Long,1,14012.25,13987.25,10/7/2020 4:00:00 PM,10/7/2020 4:15:00 PM,FVG Long,Stop loss,($505.68),$46797.80,$5.68,$500.00,$255.00,$760.68,2,
291,NQ DEC25,Backtest,FairValueGapStrategyFiltered,Short,1,13963.50,13988.50,10/7/2020 4:45:00 PM,10/7/2020 4:45:00 PM,FVG Short,Stop loss,($505.68),$46292.12,$5.68,$500.00,$0.00,$505.68,1,
292,NQ DEC25,Backtest,FairValueGapStrategyFiltered,Long,1,14241.25,14316.25,10/9/2020 5:15:00 PM,10/9/2020 10:45:00 PM,FVG Long,Profit target,$1494.32,$47786.44,$5.68,$110.00,$1500.00,$5.68,22,
293,NQ DEC25,Backtest,FairValueGapStrategyFiltered,Short,1,14640.75,14665.75,10/14/2020 4:45:00 PM,10/14/2020 5:00:00 PM,FVG Short,Stop loss,($505.68),$47280.76,$5.68,$500.00,$525.00,$1030.68,2,
294,NQ DEC25,Backtest,FairValueGapStrategyFiltered,Short,1,14347.75,14372.75,10/15/2020 5:00:00 PM,10/15/2020 5:00:00 PM,FVG Short,Stop loss,($505.68),$46775.08,$5.68,$500.00,$0.00,$505.68,1,
295,NQ DEC25,Backtest,FairValueGapStrategyFiltered,Long,1,14602.25,14577.25,10/16/2020 4:45:00 PM,10/16/2020 5:00:00 PM,FVG Long,Stop loss,($505.68),$46269.40,$5.68,$500.00,$115.00,$620.68,2,
296,NQ DEC25,Backtest,FairValueGapStrategyFiltered,Short,1,14300.75,14325.75,10/19/2020 4:15:00 PM,10/19/2020 10:00:00 PM,FVG Short,Stop loss,($505.68),$45763.72,$5.68,$500.00,$930.00,$1435.68,24,
297,NQ DEC25,Backtest,FairValueGapStrategyFiltered,Short,1,14193.25,14118.25,10/26/2020 4:00:00 PM,10/26/2020 4:00:00 PM,FVG Short,Profit target,$1494.32,$47258.04,$5.68,$0.00,$1500.00,$5.68,1,
298,NQ DEC25,Backtest,FairValueGapStrategyFiltered,Short,1,14123.50,14048.50,10/26/2020 4:15:00 PM,10/26/2020 4:45:00 PM,FVG Short,Profit target,$1494.32,$48752.36,$5.68,$25.00,$1500.00,$5.68,3,
299,NQ DEC25,Backtest,FairValueGapStrategyFiltered,Short,1,13619.25,13644.25,10/30/2020 4:00:00 PM,10/30/2020 4:15:00 PM,FVG Short,Stop loss,($505.68),$48246.68,$5.68,$500.00,$875.00,$1380.68,2,
300,NQ DEC25,Backtest,FairValueGapStrategyFiltered,Long,1,13763.75,13738.75,11/2/2020 4:15:00 PM,11/2/2020 4:15:00 PM,FVG Long,Stop loss,($505.68),$47741.00,$5.68,$500.00,$0.00,$505.68,1,
301,NQ DEC25,Backtest,FairValueGapStrategyFiltered,Short,1,13707.75,13632.75,11/2/2020 5:15:00 PM,11/2/2020 6:45:00 PM,FVG Short,Profit target,$1494.32,$49235.32,$5.68,$305.00,$1500.00,$5.68,7,
302,NQ DEC25,Backtest,FairValueGapStrategyFiltered,Long,1,13848.25,13923.25,11/3/2020 4:30:00 PM,11/3/2020 5:15:00 PM,FVG Long,Profit target,$1494.32,$50729.64,$5.68,$0.00,$1500.00,$5.68,4,
303,NQ DEC25,Backtest,FairValueGapStrategyFiltered,Long,1,14350.25,14325.25,11/4/2020 4:45:00 PM,11/4/2020 4:45:00 PM,FVG Long,Stop loss,($505.68),$50223.96,$5.68,$500.00,$0.00,$505.68,1,
304,NQ DEC25,Backtest,FairValueGapStrategyFiltered,Long,1,14655.00,14630.00,11/5/2020 4:30:00 PM,11/5/2020 4:30:00 PM,FVG Long,Stop loss,($505.68),$49718.28,$5.68,$500.00,$0.00,$505.68,1,
305,NQ DEC25,Backtest,FairValueGapStrategyFiltered,Short,1,14486.00,14511.00,11/6/2020 4:15:00 PM,11/6/2020 4:15:00 PM,FVG Short,Stop loss,($505.68),$49212.60,$5.68,$500.00,$0.00,$505.68,1,
306,NQ DEC25,Backtest,FairValueGapStrategyFiltered,Long,1,14581.50,14556.50,11/6/2020 4:45:00 PM,11/6/2020 5:00:00 PM,FVG Long,Stop loss,($505.68),$48706.92,$5.68,$500.00,$255.00,$760.68,2,
307,NQ DEC25,Backtest,FairValueGapStrategyFiltered,Long,1,14816.50,14791.50,11/9/2020 4:45:00 PM,11/9/2020 4:45:00 PM,FVG Long,Stop loss,($505.68),$48201.24,$5.68,$500.00,$0.00,$505.68,1,
308,NQ DEC25,Backtest,FairValueGapStrategyFiltered,Short,1,14103.00,14128.00,11/10/2020 5:00:00 PM,11/10/2020 5:00:00 PM,FVG Short,Stop loss,($505.68),$47695.56,$5.68,$500.00,$0.00,$505.68,1,
309,NQ DEC25,Backtest,FairValueGapStrategyFiltered,Short,1,14550.75,14575.75,11/17/2020 4:15:00 PM,11/17/2020 4:15:00 PM,FVG Short,Stop loss,($505.68),$47189.88,$5.68,$500.00,$0.00,$505.68,1,
310,NQ DEC25,Backtest,FairValueGapStrategyFiltered,Long,1,14619.75,14594.75,11/17/2020 5:15:00 PM,11/17/2020 5:30:00 PM,FVG Long,Stop loss,($505.68),$46684.20,$5.68,$500.00,$80.00,$585.68,2,
311,NQ DEC25,Backtest,FairValueGapStrategyFiltered,Long,1,14582.50,14557.50,11/20/2020 5:15:00 PM,11/20/2020 6:00:00 PM,FVG Long,Stop loss,($505.68),$46178.52,$5.68,$500.00,$400.00,$905.68,4,
312,NQ DEC25,Backtest,FairValueGapStrategyFiltered,Long,1,14560.50,14535.50,11/23/2020 4:15:00 PM,11/23/2020 4:15:00 PM,FVG Long,Stop loss,($505.68),$45672.84,$5.68,$500.00,$0.00,$505.68,1,
313,NQ DEC25,Backtest,FairValueGapStrategyFiltered,Short,1,14471.50,14496.50,11/23/2020 4:45:00 PM,11/23/2020 4:45:00 PM,FVG Short,Stop loss,($505.68),$45167.16,$5.68,$500.00,$0.00,$505.68,1,
314,NQ DEC25,Backtest,FairValueGapStrategyFiltered,Short,1,14509.75,14534.75,11/24/2020 4:15:00 PM,11/24/2020 4:45:00 PM,FVG Short,Stop loss,($505.68),$44661.48,$5.68,$500.00,$430.00,$935.68,3,
315,NQ DEC25,Backtest,FairValueGapStrategyFiltered,Long,1,14573.75,14648.75,11/24/2020 5:15:00 PM,11/24/2020 7:45:00 PM,FVG Long,Profit target,$1494.32,$46155.80,$5.68,$15.00,$1500.00,$5.68,11,
316,NQ DEC25,Backtest,FairValueGapStrategyFiltered,Long,1,14874.00,14849.00,11/27/2020 4:45:00 PM,11/27/2020 6:00:00 PM,FVG Long,Stop loss,($505.68),$45650.12,$5.68,$500.00,$415.00,$920.68,6,
317,NQ DEC25,Backtest,FairValueGapStrategyFiltered,Short,1,14686.50,14711.50,11/30/2020 5:00:00 PM,11/30/2020 5:00:00 PM,FVG Short,Stop loss,($505.68),$45144.44,$5.68,$500.00,$0.00,$505.68,1,
318,NQ DEC25,Backtest,FairValueGapStrategyFiltered,Short,1,14752.75,14777.75,11/30/2020 5:15:00 PM,11/30/2020 5:45:00 PM,FVG Short,Stop loss,($505.68),$44638.76,$5.68,$500.00,$390.00,$895.68,3,
319,NQ DEC25,Backtest,FairValueGapStrategyFiltered,Long,1,14991.50,14966.50,12/1/2020 4:45:00 PM,12/1/2020 4:45:00 PM,FVG Long,Stop loss,($505.68),$44133.08,$5.68,$500.00,$0.00,$505.68,1,
320,NQ DEC25,Backtest,FairValueGapStrategyFiltered,Long,1,15004.75,15049.50,12/2/2020 4:45:00 PM,12/2/2020 11:00:00 PM,FVG Long,Exit on session close,$889.32,$45022.40,$5.68,$375.00,$1090.00,$200.68,25,
321,NQ DEC25,Backtest,FairValueGapStrategyFiltered,Long,1,15104.75,15079.75,12/3/2020 4:45:00 PM,12/3/2020 5:00:00 PM,FVG Long,Stop loss,($505.68),$44516.72,$5.68,$500.00,$260.00,$765.68,2,
322,NQ DEC25,Backtest,FairValueGapStrategyFiltered,Long,1,15093.00,15068.00,12/4/2020 4:30:00 PM,12/4/2020 4:30:00 PM,FVG Long,Stop loss,($505.68),$44011.04,$5.68,$500.00,$0.00,$505.68,1,
323,NQ DEC25,Backtest,FairValueGapStrategyFiltered,Long,1,15171.75,15146.75,12/7/2020 4:15:00 PM,12/7/2020 7:15:00 PM,FVG Long,Stop loss,($505.68),$43505.36,$5.68,$500.00,$555.00,$1060.68,13,
324,NQ DEC25,Backtest,FairValueGapStrategyFiltered,Long,1,15107.50,15082.50,12/14/2020 4:15:00 PM,12/14/2020 7:00:00 PM,FVG Long,Stop loss,($505.68),$42999.68,$5.68,$500.00,$600.00,$1105.68,12,
325,NQ DEC25,Backtest,FairValueGapStrategyFiltered,Long,1,15210.75,15285.75,12/16/2020 5:15:00 PM,12/16/2020 9:45:00 PM,FVG Long,Profit target,$1494.32,$44494.00,$5.68,$250.00,$1500.00,$5.68,19,
326,NQ DEC25,Backtest,FairValueGapStrategyFiltered,Short,1,15094.00,15119.00,12/21/2020 4:45:00 PM,12/21/2020 5:30:00 PM,FVG Short,Stop loss,($505.68),$43988.32,$5.68,$500.00,$900.00,$1405.68,4,
327,NQ DEC25,Backtest,FairValueGapStrategyFiltered,Long,1,15292.00,15267.00,12/24/2020 4:15:00 PM,12/24/2020 5:15:00 PM,FVG Long,Stop loss,($505.68),$43482.64,$5.68,$500.00,$400.00,$905.68,5,
328,NQ DEC25,Backtest,FairValueGapStrategyFiltered,Long,1,15399.00,15430.50,12/28/2020 5:15:00 PM,12/28/2020 11:00:00 PM,FVG Long,Exit on session close,$624.32,$44106.96,$5.68,$120.00,$890.00,$265.68,23,
329,NQ DEC25,Backtest,FairValueGapStrategyFiltered,Long,1,15288.25,15363.25,1/6/2021 4:45:00 PM,1/6/2021 5:30:00 PM,FVG Long,Profit target,$1494.32,$45601.28,$5.68,$5.00,$1500.00,$5.68,4,
330,NQ DEC25,Backtest,FairValueGapStrategyFiltered,Long,1,15426.25,15501.25,1/7/2021 4:15:00 PM,1/7/2021 5:45:00 PM,FVG Long,Profit target,$1494.32,$47095.60,$5.68,$115.00,$1500.00,$5.68,7,
331,NQ DEC25,Backtest,FairValueGapStrategyFiltered,Long,1,15544.25,15561.00,1/13/2021 5:00:00 PM,1/13/2021 11:00:00 PM,FVG Long,Exit on session close,$329.32,$47424.92,$5.68,$360.00,$935.00,$605.68,24,
332,NQ DEC25,Backtest,FairValueGapStrategyFiltered,Long,1,15601.50,15576.50,1/14/2021 5:15:00 PM,1/14/2021 5:30:00 PM,FVG Long,Stop loss,($505.68),$46919.24,$5.68,$500.00,$200.00,$705.68,2,
333,NQ DEC25,Backtest,FairValueGapStrategyFiltered,Short,1,15380.25,15405.25,1/15/2021 4:45:00 PM,1/15/2021 4:45:00 PM,FVG Short,Stop loss,($505.68),$46413.56,$5.68,$500.00,$0.00,$505.68,1,
334,NQ DEC25,Backtest,FairValueGapStrategyFiltered,Long,1,15752.25,15827.25,1/20/2021 4:15:00 PM,1/20/2021 4:45:00 PM,FVG Long,Profit target,$1494.32,$47907.88,$5.68,$15.00,$1500.00,$5.68,3,
335,NQ DEC25,Backtest,FairValueGapStrategyFiltered,Long,1,15951.75,15926.75,1/21/2021 4:45:00 PM,1/21/2021 6:15:00 PM,FVG Long,Stop loss,($505.68),$47402.20,$5.68,$500.00,$580.00,$1085.68,7,
336,NQ DEC25,Backtest,FairValueGapStrategyFiltered,Long,1,15971.00,15946.00,1/22/2021 4:15:00 PM,1/22/2021 4:30:00 PM,FVG Long,Stop loss,($505.68),$46896.52,$5.68,$500.00,$175.00,$680.68,2,
337,NQ DEC25,Backtest,FairValueGapStrategyFiltered,Long,1,16135.25,16110.25,1/25/2021 4:00:00 PM,1/25/2021 4:00:00 PM,FVG Long,Stop loss,($505.68),$46390.84,$5.68,$500.00,$0.00,$505.68,1,
338,NQ DEC25,Backtest,FairValueGapStrategyFiltered,Long,1,16126.75,16101.75,1/25/2021 4:15:00 PM,1/25/2021 4:30:00 PM,FVG Long,Stop loss,($505.68),$45885.16,$5.68,$500.00,$240.00,$745.68,2,
339,NQ DEC25,Backtest,FairValueGapStrategyFiltered,Short,1,15936.50,15961.50,1/25/2021 5:15:00 PM,1/25/2021 5:15:00 PM,FVG Short,Stop loss,($505.68),$45379.48,$5.68,$500.00,$0.00,$505.68,1,
340,NQ DEC25,Backtest,FairValueGapStrategyFiltered,Short,1,15869.00,15894.00,1/27/2021 4:15:00 PM,1/27/2021 4:15:00 PM,FVG Short,Stop loss,($505.68),$44873.80,$5.68,$500.00,$0.00,$505.68,1,
341,NQ DEC25,Backtest,FairValueGapStrategyFiltered,Short,1,15672.00,15697.00,1/29/2021 4:15:00 PM,1/29/2021 4:15:00 PM,FVG Short,Stop loss,($505.68),$44368.12,$5.68,$500.00,$0.00,$505.68,1,
342,NQ DEC25,Backtest,FairValueGapStrategyFiltered,Long,1,15704.25,15679.25,2/1/2021 5:00:00 PM,2/1/2021 5:00:00 PM,FVG Long,Stop loss,($505.68),$43862.44,$5.68,$500.00,$0.00,$505.68,1,
343,NQ DEC25,Backtest,FairValueGapStrategyFiltered,Long,1,15969.50,16044.50,2/2/2021 4:15:00 PM,2/2/2021 6:00:00 PM,FVG Long,Profit target,$1494.32,$45356.76,$5.68,$260.00,$1500.00,$5.68,8,
344,NQ DEC25,Backtest,FairValueGapStrategyFiltered,Long,1,16291.75,16266.75,2/9/2021 4:15:00 PM,2/9/2021 5:30:00 PM,FVG Long,Stop loss,($505.68),$44851.08,$5.68,$500.00,$630.00,$1135.68,6,
345,NQ DEC25,Backtest,FairValueGapStrategyFiltered,Short,1,16197.50,16122.50,2/10/2021 4:45:00 PM,2/10/2021 4:45:00 PM,FVG Short,Profit target,$1494.32,$46345.40,$5.68,$0.00,$1500.00,$5.68,1,
346,NQ DEC25,Backtest,FairValueGapStrategyFiltered,Short,1,16118.50,16143.50,2/10/2021 5:00:00 PM,2/10/2021 5:00:00 PM,FVG Short,Stop loss,($505.68),$45839.72,$5.68,$500.00,$0.00,$505.68,1,
347,NQ DEC25,Backtest,FairValueGapStrategyFiltered,Long,1,16311.00,16386.00,2/12/2021 5:15:00 PM,2/12/2021 10:00:00 PM,FVG Long,Profit target,$1494.32,$47334.04,$5.68,$270.00,$1500.00,$5.68,20,
348,NQ DEC25,Backtest,FairValueGapStrategyFiltered,Long,1,16443.00,16460.00,2/15/2021 4:00:00 PM,2/15/2021 7:00:00 PM,FVG Long,Exit on session close,$334.32,$47668.36,$5.68,$50.00,$465.00,$130.68,13,
349,NQ DEC25,Backtest,FairValueGapStrategyFiltered,Short,1,16183.00,16208.00,2/17/2021 5:00:00 PM,2/17/2021 5:00:00 PM,FVG Short,Stop loss,($505.68),$47162.68,$5.68,$500.00,$0.00,$505.68,1,
350,NQ DEC25,Backtest,FairValueGapStrategyFiltered,Short,1,16084.00,16109.00,2/18/2021 4:45:00 PM,2/18/2021 4:45:00 PM,FVG Short,Stop loss,($505.68),$46657.00,$5.68,$500.00,$0.00,$505.68,1,
351,NQ DEC25,Backtest,FairValueGapStrategyFiltered,Short,1,15942.50,15967.50,2/22/2021 5:00:00 PM,2/22/2021 8:00:00 PM,FVG Short,Stop loss,($505.68),$46151.32,$5.68,$500.00,$1475.00,$1980.68,13,
352,NQ DEC25,Backtest,FairValueGapStrategyFiltered,Short,1,15473.00,15498.00,2/23/2021 4:15:00 PM,2/23/2021 4:15:00 PM,FVG Short,Stop loss,($505.68),$45645.64,$5.68,$500.00,$0.00,$505.68,1,
353,NQ DEC25,Backtest,FairValueGapStrategyFiltered,Long,1,15808.00,15783.00,2/25/2021 4:15:00 PM,2/25/2021 4:15:00 PM,FVG Long,Stop loss,($505.68),$45139.96,$5.68,$500.00,$0.00,$505.68,1,
354,NQ DEC25,Backtest,FairValueGapStrategyFiltered,Short,1,15740.50,15665.50,2/25/2021 4:45:00 PM,2/25/2021 5:00:00 PM,FVG Short,Profit target,$1494.32,$46634.28,$5.68,$5.00,$1500.00,$5.68,2,
355,NQ DEC25,Backtest,FairValueGapStrategyFiltered,Short,1,15719.50,15744.50,2/25/2021 5:15:00 PM,2/25/2021 5:15:00 PM,FVG Short,Stop loss,($505.68),$46128.60,$5.68,$500.00,$0.00,$505.68,1,
356,NQ DEC25,Backtest,FairValueGapStrategyFiltered,Short,1,15438.25,15463.25,2/26/2021 4:30:00 PM,2/26/2021 4:30:00 PM,FVG Short,Stop loss,($505.68),$45622.92,$5.68,$500.00,$0.00,$505.68,1,
357,NQ DEC25,Backtest,FairValueGapStrategyFiltered,Long,1,15759.25,15834.25,3/1/2021 5:00:00 PM,3/1/2021 8:30:00 PM,FVG Long,Profit target,$1494.32,$47117.24,$5.68,$260.00,$1500.00,$5.68,15,
358,NQ DEC25,Backtest,FairValueGapStrategyFiltered,Short,1,15430.25,15455.25,3/3/2021 4:30:00 PM,3/3/2021 4:30:00 PM,FVG Short,Stop loss,($505.68),$46611.56,$5.68,$500.00,$0.00,$505.68,1,
359,NQ DEC25,Backtest,FairValueGapStrategyFiltered,Short,1,15434.75,15459.75,3/3/2021 4:45:00 PM,3/3/2021 4:45:00 PM,FVG Short,Stop loss,($505.68),$46105.88,$5.68,$500.00,$0.00,$505.68,1,
360,NQ DEC25,Backtest,FairValueGapStrategyFiltered,Short,1,15155.25,15180.25,3/4/2021 4:30:00 PM,3/4/2021 4:30:00 PM,FVG Short,Stop loss,($505.68),$45600.20,$5.68,$500.00,$0.00,$505.68,1,
361,NQ DEC25,Backtest,FairValueGapStrategyFiltered,Short,1,15010.25,15035.25,3/5/2021 4:15:00 PM,3/5/2021 4:15:00 PM,FVG Short,Stop loss,($505.68),$45094.52,$5.68,$500.00,$0.00,$505.68,1,
362,NQ DEC25,Backtest,FairValueGapStrategyFiltered,Long,1,15306.75,15281.75,3/9/2021 4:30:00 PM,3/9/2021 5:00:00 PM,FVG Long,Stop loss,($505.68),$44588.84,$5.68,$500.00,$980.00,$1485.68,3,
363,NQ DEC25,Backtest,FairValueGapStrategyFiltered,Long,1,15558.75,15533.75,3/15/2021 4:30:00 PM,3/15/2021 4:30:00 PM,FVG Long,Stop loss,($505.68),$44083.16,$5.68,$500.00,$0.00,$505.68,1,
364,NQ DEC25,Backtest,FairValueGapStrategyFiltered,Short,1,15501.75,15526.75,3/15/2021 5:00:00 PM,3/15/2021 5:15:00 PM,FVG Short,Stop loss,($505.68),$43577.48,$5.68,$500.00,$85.00,$590.68,2,
365,NQ DEC25,Backtest,FairValueGapStrategyFiltered,Long,1,15858.50,15833.50,3/16/2021 4:00:00 PM,3/16/2021 5:15:00 PM,FVG Long,Stop loss,($505.68),$43071.80,$5.68,$500.00,$480.00,$985.68,6,
366,NQ DEC25,Backtest,FairValueGapStrategyFiltered,Short,1,15605.75,15630.75,3/17/2021 4:15:00 PM,3/17/2021 7:15:00 PM,FVG Short,Stop loss,($505.68),$42566.12,$5.68,$500.00,$1435.00,$1940.68,13,
367,NQ DEC25,Backtest,FairValueGapStrategyFiltered,Long,1,15652.00,15727.00,3/22/2021 4:15:00 PM,3/22/2021 5:30:00 PM,FVG Long,Profit target,$1494.32,$44060.44,$5.68,$165.00,$1500.00,$5.68,6,
368,NQ DEC25,Backtest,FairValueGapStrategyFiltered,Long,1,15753.50,15728.50,3/23/2021 4:30:00 PM,3/23/2021 4:45:00 PM,FVG Long,Stop loss,($505.68),$43554.76,$5.68,$500.00,$275.00,$780.68,2,
369,NQ DEC25,Backtest,FairValueGapStrategyFiltered,Short,1,15311.25,15236.25,3/25/2021 4:00:00 PM,3/25/2021 4:00:00 PM,FVG Short,Profit target,$1494.32,$45049.08,$5.68,$0.00,$1500.00,$5.68,1,
370,NQ DEC25,Backtest,FairValueGapStrategyFiltered,Short,1,15262.00,15287.00,3/25/2021 4:15:00 PM,3/25/2021 4:45:00 PM,FVG Short,Stop loss,($505.68),$44543.40,$5.68,$500.00,$1140.00,$1645.68,3,
371,NQ DEC25,Backtest,FairValueGapStrategyFiltered,Short,1,15368.50,15393.50,3/26/2021 4:45:00 PM,3/26/2021 4:45:00 PM,FVG Short,Stop loss,($505.68),$44037.72,$5.68,$500.00,$0.00,$505.68,1,
372,NQ DEC25,Backtest,FairValueGapStrategyFiltered,Long,1,15434.25,15409.25,3/26/2021 5:15:00 PM,3/26/2021 5:15:00 PM,FVG Long,Stop loss,($505.68),$43532.04,$5.68,$500.00,$0.00,$505.68,1,
373,NQ DEC25,Backtest,FairValueGapStrategyFiltered,Short,1,15426.00,15451.00,3/30/2021 4:15:00 PM,3/30/2021 4:45:00 PM,FVG Short,Stop loss,($505.68),$43026.36,$5.68,$500.00,$1085.00,$1590.68,3,
374,NQ DEC25,Backtest,FairValueGapStrategyFiltered,Long,1,15647.25,15722.25,3/31/2021 4:15:00 PM,3/31/2021 6:15:00 PM,FVG Long,Profit target,$1494.32,$44520.68,$5.68,$5.00,$1500.00,$5.68,9,
375,NQ DEC25,Backtest,FairValueGapStrategyFiltered,Long,1,15887.25,15862.25,4/1/2021 4:15:00 PM,4/1/2021 4:15:00 PM,FVG Long,Stop loss,($505.68),$44015.00,$5.68,$500.00,$0.00,$505.68,1,
376,NQ DEC25,Backtest,FairValueGapStrategyFiltered,Long,1,16071.25,16146.25,4/5/2021 4:15:00 PM,4/5/2021 5:45:00 PM,FVG Long,Profit target,$1494.32,$45509.32,$5.68,$380.00,$1500.00,$5.68,7,
377,NQ DEC25,Backtest,FairValueGapStrategyFiltered,Long,1,16200.00,16175.00,4/7/2021 4:30:00 PM,4/7/2021 5:45:00 PM,FVG Long,Stop loss,($505.68),$45003.64,$5.68,$500.00,$525.00,$1030.68,6,
378,NQ DEC25,Backtest,FairValueGapStrategyFiltered,Long,1,16315.75,16290.75,4/9/2021 4:15:00 PM,4/9/2021 5:15:00 PM,FVG Long,Stop loss,($505.68),$44497.96,$5.68,$500.00,$530.00,$1035.68,5,
379,NQ DEC25,Backtest,FairValueGapStrategyFiltered,Long,1,16536.75,16511.75,4/13/2021 4:15:00 PM,4/13/2021 4:30:00 PM,FVG Long,Stop loss,($505.68),$43992.28,$5.68,$500.00,$145.00,$650.68,2,
380,NQ DEC25,Backtest,FairValueGapStrategyFiltered,Long,1,16551.00,16626.00,4/15/2021 4:15:00 PM,4/15/2021 10:00:00 PM,FVG Long,Profit target,$1494.32,$45486.60,$5.68,$480.00,$1500.00,$5.68,24,
381,NQ DEC25,Backtest,FairValueGapStrategyFiltered,Long,1,16590.75,16565.75,4/19/2021 4:15:00 PM,4/19/2021 4:15:00 PM,FVG Long,Stop loss,($505.68),$44980.92,$5.68,$500.00,$0.00,$505.68,1,
382,NQ DEC25,Backtest,FairValueGapStrategyFiltered,Short,1,16525.00,16450.00,4/19/2021 4:45:00 PM,4/19/2021 6:15:00 PM,FVG Short,Profit target,$1494.32,$46475.24,$5.68,$385.00,$1500.00,$5.68,7,
383,NQ DEC25,Backtest,FairValueGapStrategyFiltered,Short,1,16400.00,16325.00,4/20/2021 5:15:00 PM,4/20/2021 5:45:00 PM,FVG Short,Profit target,$1494.32,$47969.56,$5.68,$375.00,$1500.00,$5.68,3,
384,NQ DEC25,Backtest,FairValueGapStrategyFiltered,Long,1,16515.50,16490.50,4/22/2021 5:00:00 PM,4/22/2021 5:45:00 PM,FVG Long,Stop loss,($505.68),$47463.88,$5.68,$500.00,$490.00,$995.68,4,
385,NQ DEC25,Backtest,FairValueGapStrategyFiltered,Long,1,16548.75,16623.75,4/26/2021 4:45:00 PM,4/26/2021 10:15:00 PM,FVG Long,Profit target,$1494.32,$48958.20,$5.68,$180.00,$1500.00,$5.68,23,
386,NQ DEC25,Backtest,FairValueGapStrategyFiltered,Short,1,16543.75,16568.75,4/27/2021 4:30:00 PM,4/27/2021 6:15:00 PM,FVG Short,Stop loss,($505.68),$48452.52,$5.68,$500.00,$720.00,$1225.68,8,
387,NQ DEC25,Backtest,FairValueGapStrategyFiltered,Short,1,16518.75,16543.75,4/28/2021 5:00:00 PM,4/28/2021 8:45:00 PM,FVG Short,Stop loss,($505.68),$47946.84,$5.68,$500.00,$910.00,$1415.68,16,
388,NQ DEC25,Backtest,FairValueGapStrategyFiltered,Short,1,16561.25,16486.25,4/29/2021 4:15:00 PM,4/29/2021 4:45:00 PM,FVG Short,Profit target,$1494.32,$49441.16,$5.68,$50.00,$1500.00,$5.68,3,
389,NQ DEC25,Backtest,FairValueGapStrategyFiltered,Short,1,16469.25,16494.25,5/3/2021 4:15:00 PM,5/3/2021 4:15:00 PM,FVG Short,Stop loss,($505.68),$48935.48,$5.68,$500.00,$0.00,$505.68,1,
390,NQ DEC25,Backtest,FairValueGapStrategyFiltered,Long,1,16520.75,16495.75,5/3/2021 4:45:00 PM,5/3/2021 4:45:00 PM,FVG Long,Stop loss,($505.68),$48429.80,$5.68,$500.00,$0.00,$505.68,1,
391,NQ DEC25,Backtest,FairValueGapStrategyFiltered,Short,1,16443.00,16368.00,5/3/2021 5:15:00 PM,5/3/2021 7:00:00 PM,FVG Short,Profit target,$1494.32,$49924.12,$5.68,$0.00,$1500.00,$5.68,8,
392,NQ DEC25,Backtest,FairValueGapStrategyFiltered,Short,1,16138.75,16063.75,5/4/2021 4:15:00 PM,5/4/2021 5:15:00 PM,FVG Short,Profit target,$1494.32,$51418.44,$5.68,$180.00,$1500.00,$5.68,5,
393,NQ DEC25,Backtest,FairValueGapStrategyFiltered,Short,1,16177.00,16202.00,5/5/2021 4:45:00 PM,5/5/2021 4:45:00 PM,FVG Short,Stop loss,($505.68),$50912.76,$5.68,$500.00,$0.00,$505.68,1,
394,NQ DEC25,Backtest,FairValueGapStrategyFiltered,Long,1,16374.00,16349.00,5/7/2021 4:45:00 PM,5/7/2021 5:00:00 PM,FVG Long,Stop loss,($505.68),$50407.08,$5.68,$500.00,$435.00,$940.68,2,
395,NQ DEC25,Backtest,FairValueGapStrategyFiltered,Short,1,16131.50,16056.50,5/10/2021 4:15:00 PM,5/10/2021 5:00:00 PM,FVG Short,Profit target,$1494.32,$51901.40,$5.68,$370.00,$1500.00,$5.68,4,
396,NQ DEC25,Backtest,FairValueGapStrategyFiltered,Short,1,16078.50,16103.50,5/10/2021 5:15:00 PM,5/10/2021 5:45:00 PM,FVG Short,Stop loss,($505.68),$51395.72,$5.68,$500.00,$600.00,$1105.68,3,
397,NQ DEC25,Backtest,FairValueGapStrategyFiltered,Short,1,15764.00,15789.00,5/11/2021 5:00:00 PM,5/11/2021 5:00:00 PM,FVG Short,Stop loss,($505.68),$50890.04,$5.68,$500.00,$0.00,$505.68,1,
398,NQ DEC25,Backtest,FairValueGapStrategyFiltered,Short,1,15655.50,15680.50,5/12/2021 5:15:00 PM,5/12/2021 5:15:00 PM,FVG Short,Stop loss,($505.68),$50384.36,$5.68,$500.00,$0.00,$505.68,1,
399,NQ DEC25,Backtest,FairValueGapStrategyFiltered,Long,1,15884.25,15959.25,5/14/2021 4:45:00 PM,5/14/2021 7:00:00 PM,FVG Long,Profit target,$1494.32,$51878.68,$5.68,$60.00,$1500.00,$5.68,10,
400,NQ DEC25,Backtest,FairValueGapStrategyFiltered,Long,1,15977.75,15952.75,5/18/2021 4:45:00 PM,5/18/2021 5:45:00 PM,FVG Long,Stop loss,($505.68),$51373.00,$5.68,$500.00,$280.00,$785.68,5,
401,NQ DEC25,Backtest,FairValueGapStrategyFiltered,Long,1,15979.75,16054.75,5/20/2021 4:15:00 PM,5/20/2021 5:30:00 PM,FVG Long,Profit target,$1494.32,$52867.32,$5.68,$65.00,$1500.00,$5.68,6,
402,NQ DEC25,Backtest,FairValueGapStrategyFiltered,Long,1,16174.00,16249.00,5/24/2021 4:15:00 PM,5/24/2021 5:30:00 PM,FVG Long,Profit target,$1494.32,$54361.64,$5.68,$0.00,$1500.00,$5.68,6,
403,NQ DEC25,Backtest,FairValueGapStrategyFiltered,Long,1,16290.25,16298.00,5/26/2021 5:00:00 PM,5/26/2021 11:00:00 PM,FVG Long,Exit on session close,$149.32,$54510.96,$5.68,$385.00,$595.00,$445.68,24,
404,NQ DEC25,Backtest,FairValueGapStrategyFiltered,Short,1,16250.75,16275.75,5/27/2021 4:15:00 PM,5/27/2021 4:15:00 PM,FVG Short,Stop loss,($505.68),$54005.28,$5.68,$500.00,$0.00,$505.68,1,
405,NQ DEC25,Backtest,FairValueGapStrategyFiltered,Long,1,16290.00,16265.00,5/27/2021 4:45:00 PM,5/27/2021 8:15:00 PM,FVG Long,Stop loss,($505.68),$53499.60,$5.68,$500.00,$520.00,$1025.68,15,
406,NQ DEC25,Backtest,FairValueGapStrategyFiltered,Long,1,16322.50,16297.50,5/28/2021 4:00:00 PM,5/28/2021 4:30:00 PM,FVG Long,Stop loss,($505.68),$52993.92,$5.68,$500.00,$130.00,$635.68,3,
407,NQ DEC25,Backtest,FairValueGapStrategyFiltered,Short,1,16253.00,16278.00,6/1/2021 4:30:00 PM,6/1/2021 8:45:00 PM,FVG Short,Stop loss,($505.68),$52488.24,$5.68,$500.00,$1310.00,$1815.68,18,
408,NQ DEC25,Backtest,FairValueGapStrategyFiltered,Long,1,16274.25,16249.25,6/2/2021 4:15:00 PM,6/2/2021 7:30:00 PM,FVG Long,Stop loss,($505.68),$51982.56,$5.68,$500.00,$675.00,$1180.68,14,
409,NQ DEC25,Backtest,FairValueGapStrategyFiltered,Short,1,16092.25,16117.25,6/3/2021 4:15:00 PM,6/3/2021 4:15:00 PM,FVG Short,Stop loss,($505.68),$51476.88,$5.68,$500.00,$0.00,$505.68,1,
410,NQ DEC25,Backtest,FairValueGapStrategyFiltered,Long,1,16294.00,16369.00,6/4/2021 4:15:00 PM,6/4/2021 8:00:00 PM,FVG Long,Profit target,$1494.32,$52971.20,$5.68,$0.00,$1500.00,$5.68,16,
411,NQ DEC25,Backtest,FairValueGapStrategyFiltered,Long,1,16540.50,16515.50,6/10/2021 4:15:00 PM,6/10/2021 4:45:00 PM,FVG Long,Stop loss,($505.68),$52465.52,$5.68,$500.00,$335.00,$840.68,3,
412,NQ DEC25,Backtest,FairValueGapStrategyFiltered,Long,1,16686.00,16661.00,6/16/2021 4:15:00 PM,6/16/2021 4:45:00 PM,FVG Long,Stop loss,($505.68),$51959.84,$5.68,$500.00,$320.00,$825.68,3,
413,NQ DEC25,Backtest,FairValueGapStrategyFiltered,Short,1,16666.25,16591.25,6/16/2021 5:15:00 PM,6/16/2021 6:30:00 PM,FVG Short,Profit target,$1494.32,$53454.16,$5.68,$60.00,$1500.00,$5.68,6,
414,NQ DEC25,Backtest,FairValueGapStrategyFiltered,Long,1,16631.25,16706.25,6/17/2021 4:15:00 PM,6/17/2021 4:45:00 PM,FVG Long,Profit target,$1494.32,$54948.48,$5.68,$195.00,$1500.00,$5.68,3,
415,NQ DEC25,Backtest,FairValueGapStrategyFiltered,Long,1,16728.25,16703.25,6/17/2021 5:00:00 PM,6/17/2021 5:00:00 PM,FVG Long,Stop loss,($505.68),$54442.80,$5.68,$500.00,$0.00,$505.68,1,
416,NQ DEC25,Backtest,FairValueGapStrategyFiltered,Long,1,16703.50,16743.75,6/21/2021 5:15:00 PM,6/21/2021 11:00:00 PM,FVG Long,Exit on session close,$799.32,$55242.12,$5.68,$105.00,$935.00,$135.68,23,
417,NQ DEC25,Backtest,FairValueGapStrategyFiltered,Long,1,16983.00,16958.00,6/24/2021 4:15:00 PM,6/24/2021 7:30:00 PM,FVG Long,Stop loss,($505.68),$54736.44,$5.68,$500.00,$905.00,$1410.68,14,
418,NQ DEC25,Backtest,FairValueGapStrategyFiltered,Long,1,17058.00,17109.00,6/28/2021 4:15:00 PM,6/28/2021 11:00:00 PM,FVG Long,Exit on session close,$1014.32,$55750.76,$5.68,$15.00,$1360.00,$345.68,28,
419,NQ DEC25,Backtest,FairValueGapStrategyFiltered,Long,1,17120.25,17095.25,6/29/2021 4:15:00 PM,6/29/2021 4:15:00 PM,FVG Long,Stop loss,($505.68),$55245.08,$5.68,$500.00,$0.00,$505.68,1,
420,NQ DEC25,Backtest,FairValueGapStrategyFiltered,Long,1,17119.50,17189.00,6/29/2021 5:15:00 PM,6/29/2021 11:00:00 PM,FVG Long,Exit on session close,$1384.32,$56629.40,$5.68,$410.00,$1430.00,$45.68,24,
421,NQ DEC25,Backtest,FairValueGapStrategyFiltered,Long,1,17475.75,17550.75,7/13/2021 4:00:00 PM,7/13/2021 4:30:00 PM,FVG Long,Profit target,$1494.32,$58123.72,$5.68,$55.00,$1500.00,$5.68,3,
422,NQ DEC25,Backtest,FairValueGapStrategyFiltered,Long,1,17560.25,17535.25,7/13/2021 4:45:00 PM,7/13/2021 7:30:00 PM,FVG Long,Stop loss,($505.68),$57618.04,$5.68,$500.00,$815.00,$1320.68,12,
423,NQ DEC25,Backtest,FairValueGapStrategyFiltered,Short,1,17392.50,17417.50,7/15/2021 5:00:00 PM,7/15/2021 5:15:00 PM,FVG Short,Stop loss,($505.68),$57112.36,$5.68,$500.00,$625.00,$1130.68,2,
424,NQ DEC25,Backtest,FairValueGapStrategyFiltered,Short,1,17392.25,17317.25,7/16/2021 4:30:00 PM,7/16/2021 5:30:00 PM,FVG Short,Profit target,$1494.32,$58606.68,$5.68,$230.00,$1500.00,$5.68,5,
425,NQ DEC25,Backtest,FairValueGapStrategyFiltered,Long,1,17257.50,17332.50,7/20/2021 5:15:00 PM,7/20/2021 6:45:00 PM,FVG Long,Profit target,$1494.32,$60101.00,$5.68,$240.00,$1500.00,$5.68,7,
426,NQ DEC25,Backtest,FairValueGapStrategyFiltered,Long,1,17362.00,17337.00,7/21/2021 4:15:00 PM,7/21/2021 4:15:00 PM,FVG Long,Stop loss,($505.68),$59595.32,$5.68,$500.00,$0.00,$505.68,1,
427,NQ DEC25,Backtest,FairValueGapStrategyFiltered,Long,1,17484.50,17459.50,7/22/2021 4:15:00 PM,7/22/2021 6:30:00 PM,FVG Long,Stop loss,($505.68),$59089.64,$5.68,$500.00,$900.00,$1405.68,10,
428,NQ DEC25,Backtest,FairValueGapStrategyFiltered,Long,1,17703.25,17730.75,7/26/2021 4:30:00 PM,7/26/2021 11:00:00 PM,FVG Long,Exit on session close,$544.32,$59633.96,$5.68,$295.00,$740.00,$195.68,27,
429,NQ DEC25,Backtest,FairValueGapStrategyFiltered,Short,1,17649.00,17574.00,7/27/2021 4:15:00 PM,7/27/2021 4:15:00 PM,FVG Short,Profit target,$1494.32,$61128.28,$5.68,$0.00,$1500.00,$5.68,1,
430,NQ DEC25,Backtest,FairValueGapStrategyFiltered,Short,1,17592.75,17517.75,7/27/2021 4:45:00 PM,7/27/2021 4:45:00 PM,FVG Short,Profit target,$1494.32,$62622.60,$5.68,$0.00,$1500.00,$5.68,1,
431,NQ DEC25,Backtest,FairValueGapStrategyFiltered,Short,1,17518.25,17443.25,7/27/2021 5:15:00 PM,7/27/2021 5:45:00 PM,FVG Short,Profit target,$1494.32,$64116.92,$5.68,$480.00,$1500.00,$5.68,3,
432,NQ DEC25,Backtest,FairValueGapStrategyFiltered,Short,1,17585.00,17610.00,7/28/2021 4:15:00 PM,7/28/2021 4:15:00 PM,FVG Short,Stop loss,($505.68),$63611.24,$5.68,$500.00,$0.00,$505.68,1,
433,NQ DEC25,Backtest,FairValueGapStrategyFiltered,Long,1,17658.75,17633.75,7/28/2021 4:45:00 PM,7/28/2021 4:45:00 PM,FVG Long,Stop loss,($505.68),$63105.56,$5.68,$500.00,$0.00,$505.68,1,
434,NQ DEC25,Backtest,FairValueGapStrategyFiltered,Long,1,17660.75,17635.75,7/29/2021 4:15:00 PM,7/29/2021 4:15:00 PM,FVG Long,Stop loss,($505.68),$62599.88,$5.68,$500.00,$0.00,$505.68,1,
435,NQ DEC25,Backtest,FairValueGapStrategyFiltered,Long,1,17575.50,17550.50,7/30/2021 4:30:00 PM,7/30/2021 4:30:00 PM,FVG Long,Stop loss,($505.68),$62094.20,$5.68,$500.00,$0.00,$505.68,1,
436,NQ DEC25,Backtest,FairValueGapStrategyFiltered,Long,1,17615.00,17590.00,8/2/2021 4:45:00 PM,8/2/2021 6:15:00 PM,FVG Long,Stop loss,($505.68),$61588.52,$5.68,$500.00,$855.00,$1360.68,7,
437,NQ DEC25,Backtest,FairValueGapStrategyFiltered,Short,1,17483.25,17508.25,8/3/2021 4:30:00 PM,8/3/2021 4:30:00 PM,FVG Short,Stop loss,($505.68),$61082.84,$5.68,$500.00,$0.00,$505.68,1,
438,NQ DEC25,Backtest,FairValueGapStrategyFiltered,Long,1,17661.00,17636.00,8/4/2021 4:00:00 PM,8/4/2021 4:00:00 PM,FVG Long,Stop loss,($505.68),$60577.16,$5.68,$500.00,$0.00,$505.68,1,
439,NQ DEC25,Backtest,FairValueGapStrategyFiltered,Short,1,17630.25,17655.25,8/10/2021 5:00:00 PM,8/10/2021 5:00:00 PM,FVG Short,Stop loss,($505.68),$60071.48,$5.68,$500.00,$0.00,$505.68,1,
440,NQ DEC25,Backtest,FairValueGapStrategyFiltered,Short,1,17641.75,17666.75,8/10/2021 5:15:00 PM,8/10/2021 6:15:00 PM,FVG Short,Stop loss,($505.68),$59565.80,$5.68,$500.00,$820.00,$1325.68,5,
441,NQ DEC25,Backtest,FairValueGapStrategyFiltered,Short,1,17663.50,17588.50,8/11/2021 4:15:00 PM,8/11/2021 5:15:00 PM,FVG Short,Profit target,$1494.32,$61060.12,$5.68,$490.00,$1500.00,$5.68,5,
442,NQ DEC25,Backtest,FairValueGapStrategyFiltered,Short,1,17581.25,17606.25,8/12/2021 4:15:00 PM,8/12/2021 4:30:00 PM,FVG Short,Stop loss,($505.68),$60554.44,$5.68,$500.00,$675.00,$1180.68,2,
443,NQ DEC25,Backtest,FairValueGapStrategyFiltered,Long,1,17658.00,17685.75,8/12/2021 5:15:00 PM,8/12/2021 11:00:00 PM,FVG Long,Exit on session close,$549.32,$61103.76,$5.68,$375.00,$775.00,$225.68,24,
444,NQ DEC25,Backtest,FairValueGapStrategyFiltered,Short,1,17592.00,17617.00,8/16/2021 4:30:00 PM,8/16/2021 6:15:00 PM,FVG Short,Stop loss,($505.68),$60598.08,$5.68,$500.00,$1370.00,$1875.68,8,
445,NQ DEC25,Backtest,FairValueGapStrategyFiltered,Long,1,17647.50,17622.50,8/20/2021 4:15:00 PM,8/20/2021 6:00:00 PM,FVG Long,Stop loss,($505.68),$60092.40,$5.68,$500.00,$1135.00,$1640.68,8,
446,NQ DEC25,Backtest,FairValueGapStrategyFiltered,Long,1,17809.75,17884.75,8/23/2021 4:15:00 PM,8/23/2021 5:45:00 PM,FVG Long,Profit target,$1494.32,$61586.72,$5.68,$210.00,$1500.00,$5.68,7,
447,NQ DEC25,Backtest,FairValueGapStrategyFiltered,Long,1,17973.75,17948.75,8/24/2021 4:45:00 PM,8/24/2021 5:30:00 PM,FVG Long,Stop loss,($505.68),$61081.04,$5.68,$500.00,$260.00,$765.68,4,
448,NQ DEC25,Backtest,FairValueGapStrategyFiltered,Short,1,17893.75,17918.75,8/26/2021 5:00:00 PM,8/26/2021 5:30:00 PM,FVG Short,Stop loss,($505.68),$60575.36,$5.68,$500.00,$645.00,$1150.68,3,
449,NQ DEC25,Backtest,FairValueGapStrategyFiltered,Long,1,17996.25,17971.25,8/27/2021 4:45:00 PM,8/27/2021 4:45:00 PM,FVG Long,Stop loss,($505.68),$60069.68,$5.68,$500.00,$0.00,$505.68,1,
450,NQ DEC25,Backtest,FairValueGapStrategyFiltered,Long,1,18111.25,18186.25,8/30/2021 4:00:00 PM,8/30/2021 4:45:00 PM,FVG Long,Profit target,$1494.32,$61564.00,$5.68,$260.00,$1500.00,$5.68,4,
451,NQ DEC25,Backtest,FairValueGapStrategyFiltered,Long,1,18180.50,18212.75,8/30/2021 5:00:00 PM,8/30/2021 11:00:00 PM,FVG Long,Exit on session close,$639.32,$62203.32,$5.68,$290.00,$870.00,$230.68,25,
452,NQ DEC25,Backtest,FairValueGapStrategyFiltered,Long,1,18277.00,18252.00,9/1/2021 4:15:00 PM,9/1/2021 8:45:00 PM,FVG Long,Stop loss,($505.68),$61697.64,$5.68,$500.00,$365.00,$870.68,19,
453,NQ DEC25,Backtest,FairValueGapStrategyFiltered,Long,1,18241.50,18216.50,9/3/2021 4:30:00 PM,9/3/2021 4:45:00 PM,FVG Long,Stop loss,($505.68),$61191.96,$5.68,$500.00,$75.00,$580.68,2,
454,NQ DEC25,Backtest,FairValueGapStrategyFiltered,Long,1,18310.75,18307.50,9/6/2021 4:30:00 PM,9/6/2021 7:00:00 PM,FVG Long,Exit on session close,($70.68),$61121.28,$5.68,$220.00,$50.00,$120.68,11,
455,NQ DEC25,Backtest,FairValueGapStrategyFiltered,Long,1,18280.25,18255.25,9/7/2021 5:15:00 PM,9/7/2021 5:15:00 PM,FVG Long,Stop loss,($505.68),$60615.60,$5.68,$500.00,$0.00,$505.68,1,
456,NQ DEC25,Backtest,FairValueGapStrategyFiltered,Short,1,18241.25,18166.25,9/8/2021 4:15:00 PM,9/8/2021 5:00:00 PM,FVG Short,Profit target,$1494.32,$62109.92,$5.68,$475.00,$1500.00,$5.68,4,
457,NQ DEC25,Backtest,FairValueGapStrategyFiltered,Short,1,18156.75,18181.75,9/8/2021 5:15:00 PM,9/8/2021 5:15:00 PM,FVG Short,Stop loss,($505.68),$61604.24,$5.68,$500.00,$0.00,$505.68,1,
458,NQ DEC25,Backtest,FairValueGapStrategyFiltered,Long,1,18267.00,18242.00,9/9/2021 4:15:00 PM,9/9/2021 5:30:00 PM,FVG Long,Stop loss,($505.68),$61098.56,$5.68,$500.00,$330.00,$835.68,6,
459,NQ DEC25,Backtest,FairValueGapStrategyFiltered,Long,1,18264.00,18239.00,9/10/2021 4:00:00 PM,9/10/2021 4:15:00 PM,FVG Long,Stop loss,($505.68),$60592.88,$5.68,$500.00,$170.00,$675.68,2,
460,NQ DEC25,Backtest,FairValueGapStrategyFiltered,Short,1,18056.50,17981.50,9/13/2021 4:15:00 PM,9/13/2021 4:30:00 PM,FVG Short,Profit target,$1494.32,$62087.20,$5.68,$205.00,$1500.00,$5.68,2,
461,NQ DEC25,Backtest,FairValueGapStrategyFiltered,Short,1,18003.50,18028.50,9/13/2021 4:45:00 PM,9/13/2021 5:00:00 PM,FVG Short,Stop loss,($505.68),$61581.52,$5.68,$500.00,$415.00,$920.68,2,
462,NQ DEC25,Backtest,FairValueGapStrategyFiltered,Short,1,18049.50,18074.50,9/14/2021 4:15:00 PM,9/14/2021 5:45:00 PM,FVG Short,Stop loss,($505.68),$61075.84,$5.68,$500.00,$915.00,$1420.68,7,
463,NQ DEC25,Backtest,FairValueGapStrategyFiltered,Short,1,17974.00,17999.00,9/15/2021 4:15:00 PM,9/15/2021 6:30:00 PM,FVG Short,Stop loss,($505.68),$60570.16,$5.68,$500.00,$975.00,$1480.68,10,
464,NQ DEC25,Backtest,FairValueGapStrategyFiltered,Short,1,18026.50,18051.50,9/16/2021 4:15:00 PM,9/16/2021 6:45:00 PM,FVG Short,Stop loss,($505.68),$60064.48,$5.68,$500.00,$1005.00,$1510.68,11,
465,NQ DEC25,Backtest,FairValueGapStrategyFiltered,Short,1,18040.25,17965.25,9/17/2021 4:00:00 PM,9/17/2021 4:45:00 PM,FVG Short,Profit target,$1494.32,$61558.80,$5.68,$320.00,$1500.00,$5.68,4,
466,NQ DEC25,Backtest,FairValueGapStrategyFiltered,Short,1,17966.50,17900.25,9/17/2021 5:15:00 PM,9/17/2021 11:00:00 PM,FVG Short,Exit on session close,$1319.32,$62878.12,$5.68,$300.00,$1455.00,$135.68,24,
467,NQ DEC25,Backtest,FairValueGapStrategyFiltered,Short,1,17656.00,17581.00,9/20/2021 4:45:00 PM,9/20/2021 6:00:00 PM,FVG Short,Profit target,$1494.32,$64372.44,$5.68,$280.00,$1500.00,$5.68,6,
468,NQ DEC25,Backtest,FairValueGapStrategyFiltered,Short,1,17661.50,17686.50,9/21/2021 4:45:00 PM,9/21/2021 5:15:00 PM,FVG Short,Stop loss,($505.68),$63866.76,$5.68,$500.00,$1390.00,$1895.68,3,
469,NQ DEC25,Backtest,FairValueGapStrategyFiltered,Short,1,17639.25,17664.25,9/22/2021 4:00:00 PM,9/22/2021 4:00:00 PM,FVG Short,Stop loss,($505.68),$63361.08,$5.68,$500.00,$0.00,$505.68,1,
470,NQ DEC25,Backtest,FairValueGapStrategyFiltered,Long,1,17717.25,17792.25,9/22/2021 4:30:00 PM,9/22/2021 6:00:00 PM,FVG Long,Profit target,$1494.32,$64855.40,$5.68,$0.00,$1500.00,$5.68,7,
471,NQ DEC25,Backtest,FairValueGapStrategyFiltered,Long,1,17892.75,17913.50,9/23/2021 4:15:00 PM,9/23/2021 11:00:00 PM,FVG Long,Exit on session close,$409.32,$65264.72,$5.68,$195.00,$1435.00,$1025.68,28,
472,NQ DEC25,Backtest,FairValueGapStrategyFiltered,Short,1,17740.75,17765.75,9/27/2021 4:15:00 PM,9/27/2021 4:15:00 PM,FVG Short,Stop loss,($505.68),$64759.04,$5.68,$500.00,$0.00,$505.68,1,
473,NQ DEC25,Backtest,FairValueGapStrategyFiltered,Short,1,17568.50,17493.50,9/28/2021 4:15:00 PM,9/28/2021 4:15:00 PM,FVG Short,Profit target,$1494.32,$66253.36,$5.68,$0.00,$1500.00,$5.68,1,
474,NQ DEC25,Backtest,FairValueGapStrategyFiltered,Short,1,17491.00,17416.00,9/28/2021 4:45:00 PM,9/28/2021 5:15:00 PM,FVG Short,Profit target,$1494.32,$67747.68,$5.68,$190.00,$1500.00,$5.68,3,
475,NQ DEC25,Backtest,FairValueGapStrategyFiltered,Long,1,17459.25,17434.25,9/30/2021 4:15:00 PM,9/30/2021 4:15:00 PM,FVG Long,Stop loss,($505.68),$67242.00,$5.68,$500.00,$0.00,$505.68,1,
476,NQ DEC25,Backtest,FairValueGapStrategyFiltered,Short,1,17247.25,17172.25,10/1/2021 4:15:00 PM,10/1/2021 4:30:00 PM,FVG Short,Profit target,$1494.32,$68736.32,$5.68,$295.00,$1500.00,$5.68,2,
477,NQ DEC25,Backtest,FairValueGapStrategyFiltered,Short,1,17164.00,17189.00,10/1/2021 5:00:00 PM,10/1/2021 5:00:00 PM,FVG Short,Stop loss,($505.68),$68230.64,$5.68,$500.00,$0.00,$505.68,1,
478,NQ DEC25,Backtest,FairValueGapStrategyFiltered,Short,1,17214.50,17139.50,10/4/2021 4:15:00 PM,10/4/2021 4:30:00 PM,FVG Short,Profit target,$1494.32,$69724.96,$5.68,$250.00,$1500.00,$5.68,2,
479,NQ DEC25,Backtest,FairValueGapStrategyFiltered,Short,1,17128.50,17053.50,10/4/2021 4:45:00 PM,10/4/2021 4:45:00 PM,FVG Short,Profit target,$1494.32,$71219.28,$5.68,$0.00,$1500.00,$5.68,1,
480,NQ DEC25,Backtest,FairValueGapStrategyFiltered,Short,1,17088.00,17013.00,10/4/2021 5:00:00 PM,10/4/2021 5:45:00 PM,FVG Short,Profit target,$1494.32,$72713.60,$5.68,$135.00,$1500.00,$5.68,4,
481,NQ DEC25,Backtest,FairValueGapStrategyFiltered,Long,1,17244.25,17319.25,10/5/2021 4:30:00 PM,10/5/2021 5:15:00 PM,FVG Long,Profit target,$1494.32,$74207.92,$5.68,$440.00,$1500.00,$5.68,4,
482,NQ DEC25,Backtest,FairValueGapStrategyFiltered,Long,1,17260.50,17235.50,10/6/2021 5:00:00 PM,10/6/2021 5:30:00 PM,FVG Long,Stop loss,($505.68),$73702.24,$5.68,$500.00,$905.00,$1410.68,3,
483,NQ DEC25,Backtest,FairValueGapStrategyFiltered,Long,1,17598.50,17573.50,10/7/2021 4:45:00 PM,10/7/2021 5:30:00 PM,FVG Long,Stop loss,($505.68),$73196.56,$5.68,$500.00,$335.00,$840.68,4,
484,NQ DEC25,Backtest,FairValueGapStrategyFiltered,Long,1,17476.75,17451.75,10/11/2021 4:15:00 PM,10/11/2021 6:15:00 PM,FVG Long,Stop loss,($505.68),$72690.88,$5.68,$500.00,$760.00,$1265.68,9,
485,NQ DEC25,Backtest,FairValueGapStrategyFiltered,Short,1,17279.00,17304.00,10/12/2021 4:15:00 PM,10/12/2021 4:15:00 PM,FVG Short,Stop loss,($505.68),$72185.20,$5.68,$500.00,$0.00,$505.68,1,
486,NQ DEC25,Backtest,FairValueGapStrategyFiltered,Long,1,17374.50,17349.50,10/13/2021 4:00:00 PM,10/13/2021 4:00:00 PM,FVG Long,Stop loss,($505.68),$71679.52,$5.68,$500.00,$0.00,$505.68,1,
487,NQ DEC25,Backtest,FairValueGapStrategyFiltered,Long,1,17562.50,17637.50,10/14/2021 4:15:00 PM,10/14/2021 6:15:00 PM,FVG Long,Profit target,$1494.32,$73173.84,$5.68,$140.00,$1500.00,$5.68,9,
488,NQ DEC25,Backtest,FairValueGapStrategyFiltered,Long,1,17727.75,17702.75,10/15/2021 5:15:00 PM,10/15/2021 5:45:00 PM,FVG Long,Stop loss,($505.68),$72668.16,$5.68,$500.00,$215.00,$720.68,3,
489,NQ DEC25,Backtest,FairValueGapStrategyFiltered,Long,1,17755.50,17830.50,10/18/2021 4:15:00 PM,10/18/2021 6:00:00 PM,FVG Long,Profit target,$1494.32,$74162.48,$5.68,$250.00,$1500.00,$5.68,8,
490,NQ DEC25,Backtest,FairValueGapStrategyFiltered,Long,1,18043.25,18018.25,10/20/2021 5:00:00 PM,10/20/2021 5:15:00 PM,FVG Long,Stop loss,($505.68),$73656.80,$5.68,$500.00,$120.00,$625.68,2,
491,NQ DEC25,Backtest,FairValueGapStrategyFiltered,Long,1,17997.75,18072.75,10/21/2021 4:15:00 PM,10/21/2021 9:15:00 PM,FVG Long,Profit target,$1494.32,$75151.12,$5.68,$105.00,$1500.00,$5.68,21,
492,NQ DEC25,Backtest,FairValueGapStrategyFiltered,Long,1,18257.25,18232.25,10/26/2021 4:15:00 PM,10/26/2021 5:45:00 PM,FVG Long,Stop loss,($505.68),$74645.44,$5.68,$500.00,$1225.00,$1730.68,7,
493,NQ DEC25,Backtest,FairValueGapStrategyFiltered,Long,1,18259.50,18234.50,10/27/2021 4:15:00 PM,10/27/2021 4:15:00 PM,FVG Long,Stop loss,($505.68),$74139.76,$5.68,$500.00,$0.00,$505.68,1,
494,NQ DEC25,Backtest,FairValueGapStrategyFiltered,Long,1,18330.25,18305.25,10/28/2021 5:15:00 PM,10/28/2021 7:00:00 PM,FVG Long,Stop loss,($505.68),$73634.08,$5.68,$500.00,$815.00,$1320.68,8,
495,NQ DEC25,Backtest,FairValueGapStrategyFiltered,Long,1,18300.25,18375.25,10/29/2021 4:15:00 PM,10/29/2021 6:15:00 PM,FVG Long,Profit target,$1494.32,$75128.40,$5.68,$305.00,$1500.00,$5.68,9,
496,NQ DEC25,Backtest,FairValueGapStrategyFiltered,Long,1,18463.00,18438.00,11/1/2021 5:00:00 PM,11/1/2021 6:45:00 PM,FVG Long,Stop loss,($505.68),$74622.72,$5.68,$500.00,$525.00,$1030.68,8,
497,NQ DEC25,Backtest,FairValueGapStrategyFiltered,Long,1,18925.75,18900.75,11/4/2021 4:00:00 PM,11/4/2021 4:30:00 PM,FVG Long,Stop loss,($505.68),$74117.04,$5.68,$500.00,$465.00,$970.68,3,
498,NQ DEC25,Backtest,FairValueGapStrategyFiltered,Short,1,18842.75,18867.75,11/9/2021 4:15:00 PM,11/9/2021 4:30:00 PM,FVG Short,Stop loss,($505.68),$73611.36,$5.68,$500.00,$715.00,$1220.68,2,
499,NQ DEC25,Backtest,FairValueGapStrategyFiltered,Short,1,18637.75,18662.75,11/12/2021 4:15:00 PM,11/12/2021 4:15:00 PM,FVG Short,Stop loss,($505.68),$73105.68,$5.68,$500.00,$0.00,$505.68,1,
500,NQ DEC25,Backtest,FairValueGapStrategyFiltered,Long,1,18842.00,18817.00,11/16/2021 4:15:00 PM,11/16/2021 4:30:00 PM,FVG Long,Stop loss,($505.68),$72600.00,$5.68,$500.00,$495.00,$1000.68,2,
501,NQ DEC25,Backtest,FairValueGapStrategyFiltered,Long,1,18951.00,18926.00,11/17/2021 5:15:00 PM,11/17/2021 6:30:00 PM,FVG Long,Stop loss,($505.68),$72094.32,$5.68,$500.00,$1260.00,$1765.68,6,
502,NQ DEC25,Backtest,FairValueGapStrategyFiltered,Long,1,19205.25,19180.25,11/19/2021 4:30:00 PM,11/19/2021 4:30:00 PM,FVG Long,Stop loss,($505.68),$71588.64,$5.68,$500.00,$0.00,$505.68,1,
503,NQ DEC25,Backtest,FairValueGapStrategyFiltered,Long,1,19339.00,19314.00,11/22/2021 4:15:00 PM,11/22/2021 5:00:00 PM,FVG Long,Stop loss,($505.68),$71082.96,$5.68,$500.00,$920.00,$1425.68,4,
504,NQ DEC25,Backtest,FairValueGapStrategyFiltered,Short,1,18859.75,18884.75,11/23/2021 4:45:00 PM,11/23/2021 4:45:00 PM,FVG Short,Stop loss,($505.68),$70577.28,$5.68,$500.00,$0.00,$505.68,1,
505,NQ DEC25,Backtest,FairValueGapStrategyFiltered,Long,1,19031.75,19022.00,11/25/2021 4:15:00 PM,11/25/2021 7:00:00 PM,FVG Long,Exit on session close,($200.68),$70376.60,$5.68,$425.00,$75.00,$275.68,12,
506,NQ DEC25,Backtest,FairValueGapStrategyFiltered,Long,1,19036.25,19011.25,11/30/2021 4:30:00 PM,11/30/2021 4:30:00 PM,FVG Long,Stop loss,($505.68),$69870.92,$5.68,$500.00,$0.00,$505.68,1,
507,NQ DEC25,Backtest,FairValueGapStrategyFiltered,Short,1,18762.00,18787.00,11/30/2021 5:15:00 PM,11/30/2021 5:15:00 PM,FVG Short,Stop loss,($505.68),$69365.24,$5.68,$500.00,$0.00,$505.68,1,
508,NQ DEC25,Backtest,FairValueGapStrategyFiltered,Short,1,18463.75,18488.75,12/3/2021 4:15:00 PM,12/3/2021 4:15:00 PM,FVG Short,Stop loss,($505.68),$68859.56,$5.68,$500.00,$0.00,$505.68,1,
509,NQ DEC25,Backtest,FairValueGapStrategyFiltered,Short,1,18384.50,18409.50,12/3/2021 4:30:00 PM,12/3/2021 4:30:00 PM,FVG Short,Stop loss,($505.68),$68353.88,$5.68,$500.00,$0.00,$505.68,1,
510,NQ DEC25,Backtest,FairValueGapStrategyFiltered,Short,1,18425.75,18350.75,12/3/2021 4:45:00 PM,12/3/2021 4:45:00 PM,FVG Short,Profit target,$1494.32,$69848.20,$5.68,$0.00,$1500.00,$5.68,1,
511,NQ DEC25,Backtest,FairValueGapStrategyFiltered,Short,1,18305.25,18330.25,12/3/2021 5:15:00 PM,12/3/2021 5:15:00 PM,FVG Short,Stop loss,($505.68),$69342.52,$5.68,$500.00,$0.00,$505.68,1,
512,NQ DEC25,Backtest,FairValueGapStrategyFiltered,Short,1,18283.75,18308.75,12/6/2021 4:15:00 PM,12/6/2021 4:15:00 PM,FVG Short,Stop loss,($505.68),$68836.84,$5.68,$500.00,$0.00,$505.68,1,
513,NQ DEC25,Backtest,FairValueGapStrategyFiltered,Short,1,18349.00,18374.00,12/6/2021 5:15:00 PM,12/6/2021 5:45:00 PM,FVG Short,Stop loss,($505.68),$68331.16,$5.68,$500.00,$1500.00,$2005.68,3,
514,NQ DEC25,Backtest,FairValueGapStrategyFiltered,Long,1,18846.00,18921.00,12/7/2021 4:15:00 PM,12/7/2021 5:00:00 PM,FVG Long,Profit target,$1494.32,$69825.48,$5.68,$335.00,$1500.00,$5.68,4,
515,NQ DEC25,Backtest,FairValueGapStrategyFiltered,Short,1,18907.00,18932.00,12/9/2021 5:00:00 PM,12/9/2021 5:30:00 PM,FVG Short,Stop loss,($505.68),$69319.80,$5.68,$500.00,$150.00,$655.68,3,
516,NQ DEC25,Backtest,FairValueGapStrategyFiltered,Short,1,18835.25,18860.25,12/10/2021 4:15:00 PM,12/10/2021 4:15:00 PM,FVG Short,Stop loss,($505.68),$68814.12,$5.68,$500.00,$0.00,$505.68,1,
517,NQ DEC25,Backtest,FairValueGapStrategyFiltered,Short,1,18824.50,18849.50,12/10/2021 5:15:00 PM,12/10/2021 5:45:00 PM,FVG Short,Stop loss,($505.68),$68308.44,$5.68,$500.00,$1430.00,$1935.68,3,
518,NQ DEC25,Backtest,FairValueGapStrategyFiltered,Short,1,18815.25,18840.25,12/13/2021 5:00:00 PM,12/13/2021 5:00:00 PM,FVG Short,Stop loss,($505.68),$67802.76,$5.68,$500.00,$0.00,$505.68,1,
519,NQ DEC25,Backtest,FairValueGapStrategyFiltered,Short,1,18457.75,18482.75,12/15/2021 4:15:00 PM,12/15/2021 4:15:00 PM,FVG Short,Stop loss,($505.68),$67297.08,$5.68,$500.00,$0.00,$505.68,1,
520,NQ DEC25,Backtest,FairValueGapStrategyFiltered,Short,1,18282.00,18307.00,12/21/2021 4:15:00 PM,12/21/2021 4:15:00 PM,FVG Short,Stop loss,($505.68),$66791.40,$5.68,$500.00,$0.00,$505.68,1,
521,NQ DEC25,Backtest,FairValueGapStrategyFiltered,Short,1,18289.25,18314.25,12/21/2021 4:30:00 PM,12/21/2021 4:30:00 PM,FVG Short,Stop loss,($505.68),$66285.72,$5.68,$500.00,$0.00,$505.68,1,
522,NQ DEC25,Backtest,FairValueGapStrategyFiltered,Short,1,18257.25,18282.25,12/21/2021 5:00:00 PM,12/21/2021 5:00:00 PM,FVG Short,Stop loss,($505.68),$65780.04,$5.68,$500.00,$0.00,$505.68,1,
523,NQ DEC25,Backtest,FairValueGapStrategyFiltered,Long,1,18622.50,18597.50,12/22/2021 4:15:00 PM,12/22/2021 4:15:00 PM,FVG Long,Stop loss,($505.68),$65274.36,$5.68,$500.00,$0.00,$505.68,1,
524,NQ DEC25,Backtest,FairValueGapStrategyFiltered,Long,1,18712.00,18687.00,12/22/2021 5:15:00 PM,12/22/2021 7:45:00 PM,FVG Long,Stop loss,($505.68),$64768.68,$5.68,$500.00,$915.00,$1420.68,11,
525,NQ DEC25,Backtest,FairValueGapStrategyFiltered,Long,1,18881.50,18956.50,12/23/2021 4:45:00 PM,12/23/2021 10:00:00 PM,FVG Long,Profit target,$1494.32,$66263.00,$5.68,$370.00,$1500.00,$5.68,22,
526,NQ DEC25,Backtest,FairValueGapStrategyFiltered,Long,1,19053.00,19128.00,12/27/2021 4:15:00 PM,12/27/2021 4:45:00 PM,FVG Long,Profit target,$1494.32,$67757.32,$5.68,$140.00,$1500.00,$5.68,3,
527,NQ DEC25,Backtest,FairValueGapStrategyFiltered,Long,1,19131.50,19187.00,12/27/2021 5:00:00 PM,12/27/2021 11:00:00 PM,FVG Long,Exit on session close,$1104.32,$68861.64,$5.68,$475.00,$1325.00,$220.68,25,
528,NQ DEC25,Backtest,FairValueGapStrategyFiltered,Short,1,19052.50,19077.50,12/29/2021 4:45:00 PM,12/29/2021 4:45:00 PM,FVG Short,Stop loss,($505.68),$68355.96,$5.68,$500.00,$0.00,$505.68,1,
529,NQ DEC25,Backtest,FairValueGapStrategyFiltered,Long,1,19174.25,19149.25,12/30/2021 4:45:00 PM,12/30/2021 5:00:00 PM,FVG Long,Stop loss,($505.68),$67850.28,$5.68,$500.00,$110.00,$615.68,2,
530,NQ DEC25,Backtest,FairValueGapStrategyFiltered,Short,1,19006.50,18931.50,1/4/2022 4:30:00 PM,1/4/2022 4:45:00 PM,FVG Short,Profit target,$1494.32,$69344.60,$5.68,$355.00,$1500.00,$5.68,2,
531,NQ DEC25,Backtest,FairValueGapStrategyFiltered,Short,1,18843.75,18768.75,1/4/2022 5:15:00 PM,1/4/2022 8:00:00 PM,FVG Short,Profit target,$1494.32,$70838.92,$5.68,$480.00,$1500.00,$5.68,12,
532,NQ DEC25,Backtest,FairValueGapStrategyFiltered,Short,1,18275.75,18200.75,1/7/2022 4:45:00 PM,1/7/2022 4:45:00 PM,FVG Short,Profit target,$1494.32,$72333.24,$5.68,$0.00,$1500.00,$5.68,1,
533,NQ DEC25,Backtest,FairValueGapStrategyFiltered,Short,1,18204.00,18129.00,1/7/2022 5:00:00 PM,1/7/2022 5:00:00 PM,FVG Short,Profit target,$1494.32,$73827.56,$5.68,$0.00,$1500.00,$5.68,1,
534,NQ DEC25,Backtest,FairValueGapStrategyFiltered,Short,1,18169.25,18194.25,1/7/2022 5:15:00 PM,1/7/2022 5:15:00 PM,FVG Short,Stop loss,($505.68),$73321.88,$5.68,$500.00,$0.00,$505.68,1,
535,NQ DEC25,Backtest,FairValueGapStrategyFiltered,Short,1,17876.25,17801.25,1/10/2022 4:15:00 PM,1/10/2022 4:45:00 PM,FVG Short,Profit target,$1494.32,$74816.20,$5.68,$260.00,$1500.00,$5.68,3,
536,NQ DEC25,Backtest,FairValueGapStrategyFiltered,Long,1,18220.75,18195.75,1/11/2022 4:45:00 PM,1/11/2022 4:45:00 PM,FVG Long,Stop loss,($505.68),$74310.52,$5.68,$500.00,$0.00,$505.68,1,
537,NQ DEC25,Backtest,FairValueGapStrategyFiltered,Short,1,18181.50,18206.50,1/11/2022 5:15:00 PM,1/11/2022 5:15:00 PM,FVG Short,Stop loss,($505.68),$73804.84,$5.68,$500.00,$0.00,$505.68,1,
538,NQ DEC25,Backtest,FairValueGapStrategyFiltered,Short,1,18380.50,18405.50,1/13/2022 5:15:00 PM,1/13/2022 5:30:00 PM,FVG Short,Stop loss,($505.68),$73299.16,$5.68,$500.00,$675.00,$1180.68,2,
539,NQ DEC25,Backtest,FairValueGapStrategyFiltered,Short,1,17820.75,17745.75,1/19/2022 5:00:00 PM,1/19/2022 5:15:00 PM,FVG Short,Profit target,$1494.32,$74793.48,$5.68,$225.00,$1500.00,$5.68,2,
540,NQ DEC25,Backtest,FairValueGapStrategyFiltered,Long,1,17894.25,17869.25,1/20/2022 4:15:00 PM,1/20/2022 4:15:00 PM,FVG Long,Stop loss,($505.68),$74287.80,$5.68,$500.00,$0.00,$505.68,1,
541,NQ DEC25,Backtest,FairValueGapStrategyFiltered,Long,1,17927.25,17902.25,1/20/2022 5:15:00 PM,1/20/2022 5:30:00 PM,FVG Long,Stop loss,($505.68),$73782.12,$5.68,$500.00,$600.00,$1105.68,2,
542,NQ DEC25,Backtest,FairValueGapStrategyFiltered,Short,1,16747.75,16772.75,1/25/2022 4:30:00 PM,1/25/2022 4:30:00 PM,FVG Short,Stop loss,($505.68),$73276.44,$5.68,$500.00,$0.00,$505.68,1,
543,NQ DEC25,Backtest,FairValueGapStrategyFiltered,Short,1,16517.00,16542.00,1/28/2022 4:15:00 PM,1/28/2022 4:15:00 PM,FVG Short,Stop loss,($505.68),$72770.76,$5.68,$500.00,$0.00,$505.68,1,
544,NQ DEC25,Backtest,FairValueGapStrategyFiltered,Long,1,17246.75,17321.75,1/31/2022 4:15:00 PM,1/31/2022 4:15:00 PM,FVG Long,Profit target,$1494.32,$74265.08,$5.68,$0.00,$1500.00,$5.68,1,
545,NQ DEC25,Backtest,FairValueGapStrategyFiltered,Long,1,17304.75,17279.75,1/31/2022 4:30:00 PM,1/31/2022 4:30:00 PM,FVG Long,Stop loss,($505.68),$73759.40,$5.68,$500.00,$0.00,$505.68,1,
546,NQ DEC25,Backtest,FairValueGapStrategyFiltered,Long,1,17278.25,17353.25,1/31/2022 4:45:00 PM,1/31/2022 5:15:00 PM,FVG Long,Profit target,$1494.32,$75253.72,$5.68,$280.00,$1500.00,$5.68,3,
547,NQ DEC25,Backtest,FairValueGapStrategyFiltered,Short,1,17120.25,17145.25,2/4/2022 5:15:00 PM,2/4/2022 5:15:00 PM,FVG Short,Stop loss,($505.68),$74748.04,$5.68,$500.00,$0.00,$505.68,1,
548,NQ DEC25,Backtest,FairValueGapStrategyFiltered,Long,1,17526.25,17601.25,2/10/2022 4:15:00 PM,2/10/2022 4:15:00 PM,FVG Long,Profit target,$1494.32,$76242.36,$5.68,$0.00,$1500.00,$5.68,1,
549,NQ DEC25,Backtest,FairValueGapStrategyFiltered,Long,1,17561.50,17536.50,2/10/2022 4:30:00 PM,2/10/2022 4:30:00 PM,FVG Long,Stop loss,($505.68),$75736.68,$5.68,$500.00,$0.00,$505.68,1,
550,NQ DEC25,Backtest,FairValueGapStrategyFiltered,Long,1,17140.00,17115.00,2/15/2022 5:15:00 PM,2/15/2022 6:30:00 PM,FVG Long,Stop loss,($505.68),$75231.00,$5.68,$500.00,$815.00,$1320.68,6,
551,NQ DEC25,Backtest,FairValueGapStrategyFiltered,Short,1,17024.75,17049.75,2/16/2022 4:15:00 PM,2/16/2022 4:15:00 PM,FVG Short,Stop loss,($505.68),$74725.32,$5.68,$500.00,$0.00,$505.68,1,
552,NQ DEC25,Backtest,FairValueGapStrategyFiltered,Short,1,17027.00,16952.00,2/17/2022 4:30:00 PM,2/17/2022 5:00:00 PM,FVG Short,Profit target,$1494.32,$76219.64,$5.68,$180.00,$1500.00,$5.68,3,
553,NQ DEC25,Backtest,FairValueGapStrategyFiltered,Short,1,16686.00,16611.00,2/18/2022 5:00:00 PM,2/18/2022 5:15:00 PM,FVG Short,Profit target,$1494.32,$77713.96,$5.68,$140.00,$1500.00,$5.68,2,
554,NQ DEC25,Backtest,FairValueGapStrategyFiltered,Long,1,16638.25,16613.25,2/22/2022 4:15:00 PM,2/22/2022 4:15:00 PM,FVG Long,Stop loss,($505.68),$77208.28,$5.68,$500.00,$0.00,$505.68,1,
555,NQ DEC25,Backtest,FairValueGapStrategyFiltered,Short,1,16420.75,16445.75,2/23/2022 4:45:00 PM,2/23/2022 4:45:00 PM,FVG Short,Stop loss,($505.68),$76702.60,$5.68,$500.00,$0.00,$505.68,1,
556,NQ DEC25,Backtest,FairValueGapStrategyFiltered,Long,1,16674.00,16649.00,2/25/2022 5:15:00 PM,2/25/2022 5:15:00 PM,FVG Long,Stop loss,($505.68),$76196.92,$5.68,$500.00,$0.00,$505.68,1,
557,NQ DEC25,Backtest,FairValueGapStrategyFiltered,Long,1,16832.75,16807.75,2/28/2022 5:15:00 PM,2/28/2022 5:15:00 PM,FVG Long,Stop loss,($505.68),$75691.24,$5.68,$500.00,$0.00,$505.68,1,
558,NQ DEC25,Backtest,FairValueGapStrategyFiltered,Short,1,16706.75,16731.75,3/3/2022 5:00:00 PM,3/3/2022 5:30:00 PM,FVG Short,Stop loss,($505.68),$75185.56,$5.68,$500.00,$925.00,$1430.68,3,
559,NQ DEC25,Backtest,FairValueGapStrategyFiltered,Short,1,16290.25,16215.25,3/7/2022 4:15:00 PM,3/7/2022 4:30:00 PM,FVG Short,Profit target,$1494.32,$76679.88,$5.68,$415.00,$1500.00,$5.68,2,
560,NQ DEC25,Backtest,FairValueGapStrategyFiltered,Short,1,16194.75,16219.75,3/7/2022 4:45:00 PM,3/7/2022 4:45:00 PM,FVG Short,Stop loss,($505.68),$76174.20,$5.68,$500.00,$0.00,$505.68,1,
561,NQ DEC25,Backtest,FairValueGapStrategyFiltered,Short,1,16062.00,16087.00,3/10/2022 5:15:00 PM,3/10/2022 6:15:00 PM,FVG Short,Stop loss,($505.68),$75668.52,$5.68,$500.00,$1010.00,$1515.68,5,
562,NQ DEC25,Backtest,FairValueGapStrategyFiltered,Short,1,16210.75,16135.75,3/11/2022 4:15:00 PM,3/11/2022 4:15:00 PM,FVG Short,Profit target,$1494.32,$77162.84,$5.68,$0.00,$1500.00,$5.68,1,
563,NQ DEC25,Backtest,FairValueGapStrategyFiltered,Short,1,16164.50,16189.50,3/11/2022 4:30:00 PM,3/11/2022 4:45:00 PM,FVG Short,Stop loss,($505.68),$76657.16,$5.68,$500.00,$780.00,$1285.68,2,
564,NQ DEC25,Backtest,FairValueGapStrategyFiltered,Short,1,15819.00,15744.00,3/14/2022 5:00:00 PM,3/14/2022 6:00:00 PM,FVG Short,Profit target,$1494.32,$78151.48,$5.68,$60.00,$1500.00,$5.68,5,
565,NQ DEC25,Backtest,FairValueGapStrategyFiltered,Long,1,15923.00,15898.00,3/15/2022 4:00:00 PM,3/15/2022 4:00:00 PM,FVG Long,Stop loss,($505.68),$77645.80,$5.68,$500.00,$0.00,$505.68,1,
566,NQ DEC25,Backtest,FairValueGapStrategyFiltered,Long,1,15909.75,15984.75,3/15/2022 4:15:00 PM,3/15/2022 4:45:00 PM,FVG Long,Profit target,$1494.32,$79140.12,$5.68,$135.00,$1500.00,$5.68,3,
567,NQ DEC25,Backtest,FairValueGapStrategyFiltered,Long,1,15995.50,15970.50,3/15/2022 5:00:00 PM,3/15/2022 5:00:00 PM,FVG Long,Stop loss,($505.68),$78634.44,$5.68,$500.00,$0.00,$505.68,1,
568,NQ DEC25,Backtest,FairValueGapStrategyFiltered,Long,1,16429.25,16404.25,3/16/2022 4:00:00 PM,3/16/2022 5:30:00 PM,FVG Long,Stop loss,($505.68),$78128.76,$5.68,$500.00,$700.00,$1205.68,7,
569,NQ DEC25,Backtest,FairValueGapStrategyFiltered,Long,1,16554.75,16529.75,3/17/2022 5:00:00 PM,3/17/2022 5:00:00 PM,FVG Long,Stop loss,($505.68),$77623.08,$5.68,$500.00,$0.00,$505.68,1,
570,NQ DEC25,Backtest,FairValueGapStrategyFiltered,Long,1,16848.50,16923.50,3/18/2022 4:45:00 PM,3/18/2022 5:45:00 PM,FVG Long,Profit target,$1494.32,$79117.40,$5.68,$335.00,$1500.00,$5.68,5,
571,NQ DEC25,Backtest,FairValueGapStrategyFiltered,Long,1,16983.25,17058.25,3/21/2022 4:30:00 PM,3/21/2022 4:30:00 PM,FVG Long,Profit target,$1494.32,$80611.72,$5.68,$0.00,$1500.00,$5.68,1,
572,NQ DEC25,Backtest,FairValueGapStrategyFiltered,Long,1,17031.25,17006.25,3/21/2022 5:00:00 PM,3/21/2022 5:15:00 PM,FVG Long,Stop loss,($505.68),$80106.04,$5.68,$500.00,$890.00,$1395.68,2,
573,NQ DEC25,Backtest,FairValueGapStrategyFiltered,Long,1,17237.25,17212.25,3/22/2022 4:00:00 PM,3/22/2022 5:30:00 PM,FVG Long,Stop loss,($505.68),$79600.36,$5.68,$500.00,$1370.00,$1875.68,7,
574,NQ DEC25,Backtest,FairValueGapStrategyFiltered,Long,1,17249.25,17224.25,3/23/2022 4:45:00 PM,3/23/2022 5:15:00 PM,FVG Long,Stop loss,($505.68),$79094.68,$5.68,$500.00,$515.00,$1020.68,3,
575,NQ DEC25,Backtest,FairValueGapStrategyFiltered,Long,1,17246.75,17221.75,3/24/2022 4:45:00 PM,3/24/2022 5:15:00 PM,FVG Long,Stop loss,($505.68),$78589.00,$5.68,$500.00,$765.00,$1270.68,3,
576,NQ DEC25,Backtest,FairValueGapStrategyFiltered,Short,1,17219.00,17244.00,3/25/2022 4:45:00 PM,3/25/2022 4:45:00 PM,FVG Short,Stop loss,($505.68),$78083.32,$5.68,$500.00,$0.00,$505.68,1,
577,NQ DEC25,Backtest,FairValueGapStrategyFiltered,Long,1,17508.00,17483.00,3/28/2022 4:15:00 PM,3/28/2022 4:15:00 PM,FVG Long,Stop loss,($505.68),$77577.64,$5.68,$500.00,$0.00,$505.68,1,
578,NQ DEC25,Backtest,FairValueGapStrategyFiltered,Short,1,17647.25,17672.25,3/31/2022 4:15:00 PM,3/31/2022 4:45:00 PM,FVG Short,Stop loss,($505.68),$77071.96,$5.68,$500.00,$1205.00,$1710.68,3,
579,NQ DEC25,Backtest,FairValueGapStrategyFiltered,Short,1,17459.75,17484.75,4/1/2022 4:15:00 PM,4/1/2022 4:15:00 PM,FVG Short,Stop loss,($505.68),$76566.28,$5.68,$500.00,$0.00,$505.68,1,
580,NQ DEC25,Backtest,FairValueGapStrategyFiltered,Long,1,17668.50,17643.50,4/4/2022 4:15:00 PM,4/4/2022 4:30:00 PM,FVG Long,Stop loss,($505.68),$76060.60,$5.68,$500.00,$425.00,$930.68,2,
581,NQ DEC25,Backtest,FairValueGapStrategyFiltered,Short,1,17586.25,17511.25,4/5/2022 4:45:00 PM,4/5/2022 6:00:00 PM,FVG Short,Profit target,$1494.32,$77554.92,$5.68,$410.00,$1500.00,$5.68,6,
582,NQ DEC25,Backtest,FairValueGapStrategyFiltered,Short,1,17127.50,17052.50,4/6/2022 4:15:00 PM,4/6/2022 6:30:00 PM,FVG Short,Profit target,$1494.32,$79049.24,$5.68,$380.00,$1500.00,$5.68,10,
583,NQ DEC25,Backtest,FairValueGapStrategyFiltered,Short,1,17092.00,17117.00,4/7/2022 5:15:00 PM,4/7/2022 5:15:00 PM,FVG Short,Stop loss,($505.68),$78543.56,$5.68,$500.00,$0.00,$505.68,1,
584,NQ DEC25,Backtest,FairValueGapStrategyFiltered,Short,1,16944.25,16969.25,4/8/2022 4:15:00 PM,4/8/2022 4:15:00 PM,FVG Short,Stop loss,($505.68),$78037.88,$5.68,$500.00,$0.00,$505.68,1,
585,NQ DEC25,Backtest,FairValueGapStrategyFiltered,Short,1,16668.25,16693.25,4/11/2022 5:00:00 PM,4/11/2022 5:15:00 PM,FVG Short,Stop loss,($505.68),$77532.20,$5.68,$500.00,$270.00,$775.68,2,
586,NQ DEC25,Backtest,FairValueGapStrategyFiltered,Short,1,16797.00,16822.00,4/12/2022 4:00:00 PM,4/12/2022 4:00:00 PM,FVG Short,Stop loss,($505.68),$77026.52,$5.68,$500.00,$0.00,$505.68,1,
587,NQ DEC25,Backtest,FairValueGapStrategyFiltered,Long,1,16870.25,16845.25,4/12/2022 4:30:00 PM,4/12/2022 4:30:00 PM,FVG Long,Stop loss,($505.68),$76520.84,$5.68,$500.00,$0.00,$505.68,1,
588,NQ DEC25,Backtest,FairValueGapStrategyFiltered,Short,1,16763.50,16788.50,4/12/2022 5:00:00 PM,4/12/2022 5:30:00 PM,FVG Short,Stop loss,($505.68),$76015.16,$5.68,$500.00,$1145.00,$1650.68,3,
589,NQ DEC25,Backtest,FairValueGapStrategyFiltered,Short,1,16736.25,16761.25,4/14/2022 4:15:00 PM,4/14/2022 4:15:00 PM,FVG Short,Stop loss,($505.68),$75509.48,$5.68,$500.00,$0.00,$505.68,1,
590,NQ DEC25,Backtest,FairValueGapStrategyFiltered,Short,1,16684.50,16609.50,4/14/2022 4:45:00 PM,4/14/2022 6:30:00 PM,FVG Short,Profit target,$1494.32,$77003.80,$5.68,$465.00,$1500.00,$5.68,8,
591,NQ DEC25,Backtest,FairValueGapStrategyFiltered,Long,1,16691.25,16766.25,4/19/2022 4:30:00 PM,4/19/2022 5:00:00 PM,FVG Long,Profit target,$1494.32,$78498.12,$5.68,$330.00,$1500.00,$5.68,3,
592,NQ DEC25,Backtest,FairValueGapStrategyFiltered,Long,1,16757.00,16732.00,4/19/2022 5:15:00 PM,4/19/2022 8:15:00 PM,FVG Long,Stop loss,($505.68),$77992.44,$5.68,$500.00,$1210.00,$1715.68,13,
593,NQ DEC25,Backtest,FairValueGapStrategyFiltered,Long,1,16826.25,16801.25,4/21/2022 4:15:00 PM,4/21/2022 4:15:00 PM,FVG Long,Stop loss,($505.68),$77486.76,$5.68,$500.00,$0.00,$505.68,1,
594,NQ DEC25,Backtest,FairValueGapStrategyFiltered,Short,1,15888.75,15813.75,4/26/2022 4:15:00 PM,4/26/2022 4:30:00 PM,FVG Short,Profit target,$1494.32,$78981.08,$5.68,$140.00,$1500.00,$5.68,2,
595,NQ DEC25,Backtest,FairValueGapStrategyFiltered,Short,1,15832.75,15757.75,4/26/2022 4:45:00 PM,4/26/2022 5:15:00 PM,FVG Short,Profit target,$1494.32,$80475.40,$5.68,$185.00,$1500.00,$5.68,3,
596,NQ DEC25,Backtest,FairValueGapStrategyFiltered,Short,1,15584.50,15609.50,4/27/2022 4:45:00 PM,4/27/2022 4:45:00 PM,FVG Short,Stop loss,($505.68),$79969.72,$5.68,$500.00,$0.00,$505.68,1,
597,NQ DEC25,Backtest,FairValueGapStrategyFiltered,Short,1,15756.25,15781.25,4/28/2022 4:15:00 PM,4/28/2022 4:30:00 PM,FVG Short,Stop loss,($505.68),$79464.04,$5.68,$500.00,$1225.00,$1730.68,2,
598,NQ DEC25,Backtest,FairValueGapStrategyFiltered,Short,1,15830.50,15855.50,4/29/2022 5:00:00 PM,4/29/2022 5:45:00 PM,FVG Short,Stop loss,($505.68),$78958.36,$5.68,$500.00,$1100.00,$1605.68,4,
599,NQ DEC25,Backtest,FairValueGapStrategyFiltered,Short,1,15634.50,15659.50,5/3/2022 4:00:00 PM,5/3/2022 4:00:00 PM,FVG Short,Stop loss,($505.68),$78452.68,$5.68,$500.00,$0.00,$505.68,1,
600,NQ DEC25,Backtest,FairValueGapStrategyFiltered,Short,1,15638.50,15563.50,5/4/2022 4:15:00 PM,5/4/2022 4:30:00 PM,FVG Short,Profit target,$1494.32,$79947.00,$5.68,$225.00,$1500.00,$5.68,2,
601,NQ DEC25,Backtest,FairValueGapStrategyFiltered,Short,1,15583.25,15508.25,5/4/2022 4:45:00 PM,5/4/2022 5:45:00 PM,FVG Short,Profit target,$1494.32,$81441.32,$5.68,$410.00,$1500.00,$5.68,5,
602,NQ DEC25,Backtest,FairValueGapStrategyFiltered,Short,1,15795.75,15720.75,5/5/2022 4:15:00 PM,5/5/2022 4:15:00 PM,FVG Short,Profit target,$1494.32,$82935.64,$5.68,$0.00,$1500.00,$5.68,1,
603,NQ DEC25,Backtest,FairValueGapStrategyFiltered,Short,1,15723.00,15648.00,5/5/2022 4:30:00 PM,5/5/2022 4:30:00 PM,FVG Short,Profit target,$1494.32,$84429.96,$5.68,$0.00,$1500.00,$5.68,1,
604,NQ DEC25,Backtest,FairValueGapStrategyFiltered,Short,1,15634.50,15559.50,5/5/2022 4:45:00 PM,5/5/2022 4:45:00 PM,FVG Short,Profit target,$1494.32,$85924.28,$5.68,$0.00,$1500.00,$5.68,1,
605,NQ DEC25,Backtest,FairValueGapStrategyFiltered,Short,1,15609.00,15534.00,5/5/2022 5:00:00 PM,5/5/2022 5:15:00 PM,FVG Short,Profit target,$1494.32,$87418.60,$5.68,$195.00,$1500.00,$5.68,2,
606,NQ DEC25,Backtest,FairValueGapStrategyFiltered,Short,1,15171.50,15196.50,5/6/2022 4:15:00 PM,5/6/2022 4:15:00 PM,FVG Short,Stop loss,($505.68),$86912.92,$5.68,$500.00,$0.00,$505.68,1,
607,NQ DEC25,Backtest,FairValueGapStrategyFiltered,Short,1,14966.25,14991.25,5/9/2022 5:00:00 PM,5/9/2022 5:00:00 PM,FVG Short,Stop loss,($505.68),$86407.24,$5.68,$500.00,$0.00,$505.68,1,
608,NQ DEC25,Backtest,FairValueGapStrategyFiltered,Short,1,15084.75,15109.75,5/10/2022 4:15:00 PM,5/10/2022 4:15:00 PM,FVG Short,Stop loss,($505.68),$85901.56,$5.68,$500.00,$0.00,$505.68,1,
609,NQ DEC25,Backtest,FairValueGapStrategyFiltered,Short,1,14889.75,14914.75,5/10/2022 5:15:00 PM,5/10/2022 5:15:00 PM,FVG Short,Stop loss,($505.68),$85395.88,$5.68,$500.00,$0.00,$505.68,1,
610,NQ DEC25,Backtest,FairValueGapStrategyFiltered,Long,1,15007.00,14982.00,5/11/2022 4:15:00 PM,5/11/2022 4:15:00 PM,FVG Long,Stop loss,($505.68),$84890.20,$5.68,$500.00,$0.00,$505.68,1,
611,NQ DEC25,Backtest,FairValueGapStrategyFiltered,Long,1,14863.75,14938.75,5/13/2022 4:15:00 PM,5/13/2022 4:30:00 PM,FVG Long,Profit target,$1494.32,$86384.52,$5.68,$120.00,$1500.00,$5.68,2,
612,NQ DEC25,Backtest,FairValueGapStrategyFiltered,Short,1,14920.50,14945.50,5/18/2022 4:15:00 PM,5/18/2022 4:15:00 PM,FVG Short,Stop loss,($505.68),$85878.84,$5.68,$500.00,$0.00,$505.68,1,
613,NQ DEC25,Backtest,FairValueGapStrategyFiltered,Short,1,14565.00,14490.00,5/20/2022 4:45:00 PM,5/20/2022 5:00:00 PM,FVG Short,Profit target,$1494.32,$87373.16,$5.68,$170.00,$1500.00,$5.68,2,
614,NQ DEC25,Backtest,FairValueGapStrategyFiltered,Short,1,14299.25,14224.25,5/24/2022 4:15:00 PM,5/24/2022 4:15:00 PM,FVG Short,Profit target,$1494.32,$88867.48,$5.68,$0.00,$1500.00,$5.68,1,
615,NQ DEC25,Backtest,FairValueGapStrategyFiltered,Short,1,14223.50,14248.50,5/24/2022 4:30:00 PM,5/24/2022 4:30:00 PM,FVG Short,Stop loss,($505.68),$88361.80,$5.68,$500.00,$0.00,$505.68,1,
616,NQ DEC25,Backtest,FairValueGapStrategyFiltered,Short,1,14267.75,14292.75,5/24/2022 4:45:00 PM,5/24/2022 5:30:00 PM,FVG Short,Stop loss,($505.68),$87856.12,$5.68,$500.00,$1145.00,$1650.68,4,
617,NQ DEC25,Backtest,FairValueGapStrategyFiltered,Long,1,14509.75,14484.75,5/25/2022 5:00:00 PM,5/25/2022 5:00:00 PM,FVG Long,Stop loss,($505.68),$87350.44,$5.68,$500.00,$0.00,$505.68,1,
618,NQ DEC25,Backtest,FairValueGapStrategyFiltered,Long,1,14735.00,14810.00,5/26/2022 4:15:00 PM,5/26/2022 4:30:00 PM,FVG Long,Profit target,$1494.32,$88844.76,$5.68,$355.00,$1500.00,$5.68,2,
619,NQ DEC25,Backtest,FairValueGapStrategyFiltered,Long,1,14778.75,14753.75,5/26/2022 4:45:00 PM,5/26/2022 4:45:00 PM,FVG Long,Stop loss,($505.68),$88339.08,$5.68,$500.00,$0.00,$505.68,1,
620,NQ DEC25,Backtest,FairValueGapStrategyFiltered,Long,1,15140.50,15215.50,5/27/2022 4:15:00 PM,5/27/2022 6:00:00 PM,FVG Long,Profit target,$1494.32,$89833.40,$5.68,$340.00,$1500.00,$5.68,8,
621,NQ DEC25,Backtest,FairValueGapStrategyFiltered,Short,1,15172.25,15197.25,5/31/2022 4:15:00 PM,5/31/2022 4:30:00 PM,FVG Short,Stop loss,($505.68),$89327.72,$5.68,$500.00,$1425.00,$1930.68,2,
622,NQ DEC25,Backtest,FairValueGapStrategyFiltered,Long,1,15400.00,15375.00,6/1/2022 4:00:00 PM,6/1/2022 4:15:00 PM,FVG Long,Stop loss,($505.68),$88822.04,$5.68,$500.00,$890.00,$1395.68,2,
623,NQ DEC25,Backtest,FairValueGapStrategyFiltered,Short,1,15233.75,15258.75,6/1/2022 4:45:00 PM,6/1/2022 4:45:00 PM,FVG Short,Stop loss,($505.68),$88316.36,$5.68,$500.00,$0.00,$505.68,1,
624,NQ DEC25,Backtest,FairValueGapStrategyFiltered,Short,1,15248.75,15273.75,6/1/2022 5:00:00 PM,6/1/2022 5:00:00 PM,FVG Short,Stop loss,($505.68),$87810.68,$5.68,$500.00,$0.00,$505.68,1,
625,NQ DEC25,Backtest,FairValueGapStrategyFiltered,Short,1,15188.50,15213.50,6/3/2022 5:15:00 PM,6/3/2022 6:45:00 PM,FVG Short,Stop loss,($505.68),$87305.00,$5.68,$500.00,$1290.00,$1795.68,7,
626,NQ DEC25,Backtest,FairValueGapStrategyFiltered,Long,1,15401.75,15376.75,6/6/2022 4:45:00 PM,6/6/2022 5:15:00 PM,FVG Long,Stop loss,($505.68),$86799.32,$5.68,$500.00,$520.00,$1025.68,3,
627,NQ DEC25,Backtest,FairValueGapStrategyFiltered,Long,1,15294.75,15269.75,6/7/2022 5:00:00 PM,6/7/2022 5:15:00 PM,FVG Long,Stop loss,($505.68),$86293.64,$5.68,$500.00,$670.00,$1175.68,2,
628,NQ DEC25,Backtest,FairValueGapStrategyFiltered,Long,1,15380.75,15355.75,6/8/2022 4:15:00 PM,6/8/2022 4:15:00 PM,FVG Long,Stop loss,($505.68),$85787.96,$5.68,$500.00,$0.00,$505.68,1,
629,NQ DEC25,Backtest,FairValueGapStrategyFiltered,Short,1,14504.75,14529.75,6/10/2022 4:30:00 PM,6/10/2022 5:00:00 PM,FVG Short,Stop loss,($505.68),$85282.28,$5.68,$500.00,$770.00,$1275.68,3,
630,NQ DEC25,Backtest,FairValueGapStrategyFiltered,Short,1,14012.75,14037.75,6/13/2022 4:45:00 PM,6/13/2022 4:45:00 PM,FVG Short,Stop loss,($505.68),$84776.60,$5.68,$500.00,$0.00,$505.68,1,
631,NQ DEC25,Backtest,FairValueGapStrategyFiltered,Short,1,13971.50,13996.50,6/13/2022 5:00:00 PM,6/13/2022 5:30:00 PM,FVG Short,Stop loss,($505.68),$84270.92,$5.68,$500.00,$810.00,$1315.68,3,
632,NQ DEC25,Backtest,FairValueGapStrategyFiltered,Short,1,13729.50,13754.50,6/16/2022 5:15:00 PM,6/16/2022 5:15:00 PM,FVG Short,Stop loss,($505.68),$83765.24,$5.68,$500.00,$0.00,$505.68,1,
633,NQ DEC25,Backtest,FairValueGapStrategyFiltered,Short,1,13762.25,13787.25,6/17/2022 5:00:00 PM,6/17/2022 5:15:00 PM,FVG Short,Stop loss,($505.68),$83259.56,$5.68,$500.00,$1140.00,$1645.68,2,
634,NQ DEC25,Backtest,FairValueGapStrategyFiltered,Long,1,14215.00,14190.00,6/21/2022 4:15:00 PM,6/21/2022 6:15:00 PM,FVG Long,Stop loss,($505.68),$82753.88,$5.68,$500.00,$990.00,$1495.68,9,
635,NQ DEC25,Backtest,FairValueGapStrategyFiltered,Long,1,14107.25,14182.25,6/22/2022 4:00:00 PM,6/22/2022 4:00:00 PM,FVG Long,Profit target,$1494.32,$84248.20,$5.68,$0.00,$1500.00,$5.68,1,
636,NQ DEC25,Backtest,FairValueGapStrategyFiltered,Long,1,14178.25,14153.25,6/22/2022 4:15:00 PM,6/22/2022 4:15:00 PM,FVG Long,Stop loss,($505.68),$83742.52,$5.68,$500.00,$0.00,$505.68,1,
637,NQ DEC25,Backtest,FairValueGapStrategyFiltered,Long,1,14215.75,14290.75,6/22/2022 4:30:00 PM,6/22/2022 4:30:00 PM,FVG Long,Profit target,$1494.32,$85236.84,$5.68,$0.00,$1500.00,$5.68,1,
638,NQ DEC25,Backtest,FairValueGapStrategyFiltered,Long,1,14305.50,14280.50,6/22/2022 5:00:00 PM,6/22/2022 5:00:00 PM,FVG Long,Stop loss,($505.68),$84731.16,$5.68,$500.00,$0.00,$505.68,1,
639,NQ DEC25,Backtest,FairValueGapStrategyFiltered,Long,1,14308.75,14283.75,6/23/2022 5:15:00 PM,6/23/2022 5:15:00 PM,FVG Long,Stop loss,($505.68),$84225.48,$5.68,$500.00,$0.00,$505.68,1,
640,NQ DEC25,Backtest,FairValueGapStrategyFiltered,Long,1,14540.50,14615.50,6/24/2022 4:15:00 PM,6/24/2022 4:15:00 PM,FVG Long,Profit target,$1494.32,$85719.80,$5.68,$0.00,$1500.00,$5.68,1,
641,NQ DEC25,Backtest,FairValueGapStrategyFiltered,Long,1,14633.00,14608.00,6/24/2022 4:45:00 PM,6/24/2022 4:45:00 PM,FVG Long,Stop loss,($505.68),$85214.12,$5.68,$500.00,$0.00,$505.68,1,
642,NQ DEC25,Backtest,FairValueGapStrategyFiltered,Long,1,14689.00,14664.00,6/28/2022 4:15:00 PM,6/28/2022 4:15:00 PM,FVG Long,Stop loss,($505.68),$84708.44,$5.68,$500.00,$0.00,$505.68,1,
643,NQ DEC25,Backtest,FairValueGapStrategyFiltered,Short,1,14599.25,14524.25,6/28/2022 4:45:00 PM,6/28/2022 5:00:00 PM,FVG Short,Profit target,$1494.32,$86202.76,$5.68,$70.00,$1500.00,$5.68,2,
644,NQ DEC25,Backtest,FairValueGapStrategyFiltered,Short,1,14555.00,14480.00,6/28/2022 5:15:00 PM,6/28/2022 5:30:00 PM,FVG Short,Profit target,$1494.32,$87697.08,$5.68,$265.00,$1500.00,$5.68,2,
645,NQ DEC25,Backtest,FairValueGapStrategyFiltered,Short,1,13984.25,14009.25,6/30/2022 4:15:00 PM,6/30/2022 4:45:00 PM,FVG Short,Stop loss,($505.68),$87191.40,$5.68,$500.00,$940.00,$1445.68,3,
646,NQ DEC25,Backtest,FairValueGapStrategyFiltered,Short,1,14021.25,14046.25,7/1/2022 5:00:00 PM,7/1/2022 5:00:00 PM,FVG Short,Stop loss,($505.68),$86685.72,$5.68,$500.00,$0.00,$505.68,1,
647,NQ DEC25,Backtest,FairValueGapStrategyFiltered,Long,1,14620.75,14595.75,7/7/2022 4:15:00 PM,7/7/2022 4:15:00 PM,FVG Long,Stop loss,($505.68),$86180.04,$5.68,$500.00,$0.00,$505.68,1,
648,NQ DEC25,Backtest,FairValueGapStrategyFiltered,Long,1,14739.50,14714.50,7/8/2022 5:00:00 PM,7/8/2022 5:00:00 PM,FVG Long,Stop loss,($505.68),$85674.36,$5.68,$500.00,$0.00,$505.68,1,
649,NQ DEC25,Backtest,FairValueGapStrategyFiltered,Short,1,14471.00,14496.00,7/11/2022 4:15:00 PM,7/11/2022 4:15:00 PM,FVG Short,Stop loss,($505.68),$85168.68,$5.68,$500.00,$0.00,$505.68,1,
650,NQ DEC25,Backtest,FairValueGapStrategyFiltered,Short,1,14426.25,14451.25,7/12/2022 4:30:00 PM,7/12/2022 4:30:00 PM,FVG Short,Stop loss,($505.68),$84663.00,$5.68,$500.00,$0.00,$505.68,1,
651,NQ DEC25,Backtest,FairValueGapStrategyFiltered,Short,1,14153.00,14178.00,7/14/2022 4:15:00 PM,7/14/2022 4:45:00 PM,FVG Short,Stop loss,($505.68),$84157.32,$5.68,$500.00,$1110.00,$1615.68,3,
652,NQ DEC25,Backtest,FairValueGapStrategyFiltered,Long,1,14689.00,14764.00,7/19/2022 5:00:00 PM,7/19/2022 5:45:00 PM,FVG Long,Profit target,$1494.32,$85651.64,$5.68,$40.00,$1500.00,$5.68,4,
653,NQ DEC25,Backtest,FairValueGapStrategyFiltered,Long,1,15011.50,15086.50,7/20/2022 5:00:00 PM,7/20/2022 6:00:00 PM,FVG Long,Profit target,$1494.32,$87145.96,$5.68,$95.00,$1500.00,$5.68,5,
654,NQ DEC25,Backtest,FairValueGapStrategyFiltered,Short,1,14918.75,14943.75,7/25/2022 4:45:00 PM,7/25/2022 4:45:00 PM,FVG Short,Stop loss,($505.68),$86640.28,$5.68,$500.00,$0.00,$505.68,1,
655,NQ DEC25,Backtest,FairValueGapStrategyFiltered,Short,1,14819.50,14844.50,7/26/2022 4:15:00 PM,7/26/2022 4:15:00 PM,FVG Short,Stop loss,($505.68),$86134.60,$5.68,$500.00,$0.00,$505.68,1,
656,NQ DEC25,Backtest,FairValueGapStrategyFiltered,Short,1,14758.25,14783.25,7/26/2022 5:00:00 PM,7/26/2022 5:00:00 PM,FVG Short,Stop loss,($505.68),$85628.92,$5.68,$500.00,$0.00,$505.68,1,
657,NQ DEC25,Backtest,FairValueGapStrategyFiltered,Long,1,14972.25,15047.25,7/27/2022 4:15:00 PM,7/27/2022 6:30:00 PM,FVG Long,Profit target,$1494.32,$87123.24,$5.68,$270.00,$1500.00,$5.68,10,
658,NQ DEC25,Backtest,FairValueGapStrategyFiltered,Long,1,15450.50,15425.50,7/29/2022 4:15:00 PM,7/29/2022 5:15:00 PM,FVG Long,Stop loss,($505.68),$86617.56,$5.68,$500.00,$1330.00,$1835.68,5,
659,NQ DEC25,Backtest,FairValueGapStrategyFiltered,Long,1,15576.25,15651.25,8/1/2022 4:15:00 PM,8/1/2022 4:15:00 PM,FVG Long,Profit target,$1494.32,$88111.88,$5.68,$0.00,$1500.00,$5.68,1,
660,NQ DEC25,Backtest,FairValueGapStrategyFiltered,Long,1,15644.50,15619.50,8/1/2022 4:30:00 PM,8/1/2022 4:30:00 PM,FVG Long,Stop loss,($505.68),$87606.20,$5.68,$500.00,$0.00,$505.68,1,
661,NQ DEC25,Backtest,FairValueGapStrategyFiltered,Long,1,15554.75,15529.75,8/2/2022 5:15:00 PM,8/2/2022 5:15:00 PM,FVG Long,Stop loss,($505.68),$87100.52,$5.68,$500.00,$0.00,$505.68,1,
662,NQ DEC25,Backtest,FairValueGapStrategyFiltered,Long,1,15700.50,15675.50,8/3/2022 4:15:00 PM,8/3/2022 4:15:00 PM,FVG Long,Stop loss,($505.68),$86594.84,$5.68,$500.00,$0.00,$505.68,1,
663,NQ DEC25,Backtest,FairValueGapStrategyFiltered,Long,1,15861.00,15836.00,8/5/2022 4:45:00 PM,8/5/2022 4:45:00 PM,FVG Long,Stop loss,($505.68),$86089.16,$5.68,$500.00,$0.00,$505.68,1,
664,NQ DEC25,Backtest,FairValueGapStrategyFiltered,Long,1,15978.75,15953.75,8/8/2022 4:15:00 PM,8/8/2022 4:30:00 PM,FVG Long,Stop loss,($505.68),$85583.48,$5.68,$500.00,$535.00,$1040.68,2,
665,NQ DEC25,Backtest,FairValueGapStrategyFiltered,Short,1,15582.75,15607.75,8/9/2022 4:30:00 PM,8/9/2022 4:30:00 PM,FVG Short,Stop loss,($505.68),$85077.80,$5.68,$500.00,$0.00,$505.68,1,
666,NQ DEC25,Backtest,FairValueGapStrategyFiltered,Long,1,15917.00,15992.00,8/10/2022 5:15:00 PM,8/10/2022 10:00:00 PM,FVG Long,Profit target,$1494.32,$86572.12,$5.68,$285.00,$1500.00,$5.68,20,
667,NQ DEC25,Backtest,FairValueGapStrategyFiltered,Long,1,16110.00,16085.00,8/11/2022 4:45:00 PM,8/11/2022 4:45:00 PM,FVG Long,Stop loss,($505.68),$86066.44,$5.68,$500.00,$0.00,$505.68,1,
668,NQ DEC25,Backtest,FairValueGapStrategyFiltered,Long,1,16142.00,16217.00,8/15/2022 4:00:00 PM,8/15/2022 4:00:00 PM,FVG Long,Profit target,$1494.32,$87560.76,$5.68,$0.00,$1500.00,$5.68,1,
669,NQ DEC25,Backtest,FairValueGapStrategyFiltered,Long,1,16204.00,16179.00,8/15/2022 4:15:00 PM,8/15/2022 4:15:00 PM,FVG Long,Stop loss,($505.68),$87055.08,$5.68,$500.00,$0.00,$505.68,1,
670,NQ DEC25,Backtest,FairValueGapStrategyFiltered,Short,1,16148.00,16173.00,8/16/2022 5:00:00 PM,8/16/2022 5:15:00 PM,FVG Short,Stop loss,($505.68),$86549.40,$5.68,$500.00,$215.00,$720.68,2,
671,NQ DEC25,Backtest,FairValueGapStrategyFiltered,Short,1,15894.75,15819.75,8/19/2022 4:15:00 PM,8/19/2022 7:45:00 PM,FVG Short,Profit target,$1494.32,$88043.72,$5.68,$365.00,$1500.00,$5.68,15,
672,NQ DEC25,Backtest,FairValueGapStrategyFiltered,Long,1,15641.00,15616.00,8/25/2022 4:30:00 PM,8/25/2022 5:30:00 PM,FVG Long,Stop loss,($505.68),$87538.04,$5.68,$500.00,$1265.00,$1770.68,5,
673,NQ DEC25,Backtest,FairValueGapStrategyFiltered,Short,1,15482.00,15507.00,8/26/2022 5:00:00 PM,8/26/2022 5:00:00 PM,FVG Short,Stop loss,($505.68),$87032.36,$5.68,$500.00,$0.00,$505.68,1,
674,NQ DEC25,Backtest,FairValueGapStrategyFiltered,Short,1,15477.25,15402.25,8/26/2022 5:15:00 PM,8/26/2022 5:15:00 PM,FVG Short,Profit target,$1494.32,$88526.68,$5.68,$0.00,$1500.00,$5.68,1,
675,NQ DEC25,Backtest,FairValueGapStrategyFiltered,Short,1,15049.00,15074.00,8/29/2022 5:15:00 PM,8/29/2022 5:15:00 PM,FVG Short,Stop loss,($505.68),$88021.00,$5.68,$500.00,$0.00,$505.68,1,
676,NQ DEC25,Backtest,FairValueGapStrategyFiltered,Short,1,15067.25,14992.25,8/30/2022 4:15:00 PM,8/30/2022 4:30:00 PM,FVG Short,Profit target,$1494.32,$89515.32,$5.68,$315.00,$1500.00,$5.68,2,
677,NQ DEC25,Backtest,FairValueGapStrategyFiltered,Short,1,14990.75,14915.75,8/30/2022 4:45:00 PM,8/30/2022 4:45:00 PM,FVG Short,Profit target,$1494.32,$91009.64,$5.68,$0.00,$1500.00,$5.68,1,
678,NQ DEC25,Backtest,FairValueGapStrategyFiltered,Short,1,14931.75,14956.75,8/30/2022 5:15:00 PM,8/30/2022 5:45:00 PM,FVG Short,Stop loss,($505.68),$90503.96,$5.68,$500.00,$800.00,$1305.68,3,
679,NQ DEC25,Backtest,FairValueGapStrategyFiltered,Short,1,14971.00,14996.00,8/31/2022 4:45:00 PM,8/31/2022 5:00:00 PM,FVG Short,Stop loss,($505.68),$89998.28,$5.68,$500.00,$650.00,$1155.68,2,
680,NQ DEC25,Backtest,FairValueGapStrategyFiltered,Short,1,14639.50,14664.50,9/1/2022 5:15:00 PM,9/1/2022 5:15:00 PM,FVG Short,Stop loss,($505.68),$89492.60,$5.68,$500.00,$0.00,$505.68,1,
681,NQ DEC25,Backtest,FairValueGapStrategyFiltered,Long,1,15031.00,15006.00,9/2/2022 5:00:00 PM,9/2/2022 5:00:00 PM,FVG Long,Stop loss,($505.68),$88986.92,$5.68,$500.00,$0.00,$505.68,1,
682,NQ DEC25,Backtest,FairValueGapStrategyFiltered,Short,1,14632.25,14557.25,9/6/2022 4:15:00 PM,9/6/2022 4:15:00 PM,FVG Short,Profit target,$1494.32,$90481.24,$5.68,$0.00,$1500.00,$5.68,1,
683,NQ DEC25,Backtest,FairValueGapStrategyFiltered,Short,1,14552.25,14577.25,9/6/2022 4:30:00 PM,9/6/2022 4:30:00 PM,FVG Short,Stop loss,($505.68),$89975.56,$5.68,$500.00,$0.00,$505.68,1,
684,NQ DEC25,Backtest,FairValueGapStrategyFiltered,Short,1,14581.00,14606.00,9/6/2022 4:45:00 PM,9/6/2022 4:45:00 PM,FVG Short,Stop loss,($505.68),$89469.88,$5.68,$500.00,$0.00,$505.68,1,
685,NQ DEC25,Backtest,FairValueGapStrategyFiltered,Long,1,14688.50,14663.50,9/7/2022 4:00:00 PM,9/7/2022 4:00:00 PM,FVG Long,Stop loss,($505.68),$88964.20,$5.68,$500.00,$0.00,$505.68,1,
686,NQ DEC25,Backtest,FairValueGapStrategyFiltered,Long,1,14833.75,14808.75,9/8/2022 4:15:00 PM,9/8/2022 4:15:00 PM,FVG Long,Stop loss,($505.68),$88458.52,$5.68,$500.00,$0.00,$505.68,1,
687,NQ DEC25,Backtest,FairValueGapStrategyFiltered,Long,1,14926.25,14901.25,9/8/2022 5:15:00 PM,9/8/2022 5:45:00 PM,FVG Long,Stop loss,($505.68),$87952.84,$5.68,$500.00,$740.00,$1245.68,3,
688,NQ DEC25,Backtest,FairValueGapStrategyFiltered,Long,1,15105.75,15080.75,9/9/2022 4:30:00 PM,9/9/2022 4:30:00 PM,FVG Long,Stop loss,($505.68),$87447.16,$5.68,$500.00,$0.00,$505.68,1,
689,NQ DEC25,Backtest,FairValueGapStrategyFiltered,Long,1,15326.25,15301.25,9/12/2022 4:15:00 PM,9/12/2022 4:45:00 PM,FVG Long,Stop loss,($505.68),$86941.48,$5.68,$500.00,$435.00,$940.68,3,
690,NQ DEC25,Backtest,FairValueGapStrategyFiltered,Short,1,14896.50,14821.50,9/13/2022 4:30:00 PM,9/13/2022 5:00:00 PM,FVG Short,Profit target,$1494.32,$88435.80,$5.68,$480.00,$1500.00,$5.68,3,
691,NQ DEC25,Backtest,FairValueGapStrategyFiltered,Short,1,14819.25,14844.25,9/13/2022 5:15:00 PM,9/13/2022 7:30:00 PM,FVG Short,Stop loss,($505.68),$87930.12,$5.68,$500.00,$940.00,$1445.68,10,
692,NQ DEC25,Backtest,FairValueGapStrategyFiltered,Short,1,14635.25,14560.25,9/15/2022 5:00:00 PM,9/15/2022 5:00:00 PM,FVG Short,Profit target,$1494.32,$89424.44,$5.68,$0.00,$1500.00,$5.68,1,
693,NQ DEC25,Backtest,FairValueGapStrategyFiltered,Long,1,14456.25,14431.25,9/19/2022 5:15:00 PM,9/19/2022 5:30:00 PM,FVG Long,Stop loss,($505.68),$88918.76,$5.68,$500.00,$395.00,$900.68,2,
694,NQ DEC25,Backtest,FairValueGapStrategyFiltered,Short,1,14110.50,14135.50,9/22/2022 4:00:00 PM,9/22/2022 4:15:00 PM,FVG Short,Stop loss,($505.68),$88413.08,$5.68,$500.00,$580.00,$1085.68,2,
695,NQ DEC25,Backtest,FairValueGapStrategyFiltered,Short,1,13864.00,13889.00,9/23/2022 4:15:00 PM,9/23/2022 4:15:00 PM,FVG Short,Stop loss,($505.68),$87907.40,$5.68,$500.00,$0.00,$505.68,1,
696,NQ DEC25,Backtest,FairValueGapStrategyFiltered,Long,1,14001.25,13976.25,9/26/2022 4:15:00 PM,9/26/2022 4:15:00 PM,FVG Long,Stop loss,($505.68),$87401.72,$5.68,$500.00,$0.00,$505.68,1,
697,NQ DEC25,Backtest,FairValueGapStrategyFiltered,Long,1,13918.00,13993.00,9/28/2022 5:00:00 PM,9/28/2022 6:15:00 PM,FVG Long,Profit target,$1494.32,$88896.04,$5.68,$495.00,$1500.00,$5.68,6,
698,NQ DEC25,Backtest,FairValueGapStrategyFiltered,Short,1,13766.00,13691.00,9/29/2022 4:15:00 PM,9/29/2022 4:15:00 PM,FVG Short,Profit target,$1494.32,$90390.36,$5.68,$0.00,$1500.00,$5.68,1,
699,NQ DEC25,Backtest,FairValueGapStrategyFiltered,Short,1,13710.00,13735.00,9/29/2022 4:45:00 PM,9/29/2022 5:00:00 PM,FVG Short,Stop loss,($505.68),$89884.68,$5.68,$500.00,$825.00,$1330.68,2,
700,NQ DEC25,Backtest,FairValueGapStrategyFiltered,Long,1,13715.25,13690.25,10/3/2022 4:45:00 PM,10/3/2022 5:45:00 PM,FVG Long,Stop loss,($505.68),$89379.00,$5.68,$500.00,$620.00,$1125.68,5,
701,NQ DEC25,Backtest,FairValueGapStrategyFiltered,Long,1,14126.25,14101.25,10/4/2022 4:15:00 PM,10/4/2022 7:00:00 PM,FVG Long,Stop loss,($505.68),$88873.32,$5.68,$500.00,$1170.00,$1675.68,12,
702,NQ DEC25,Backtest,FairValueGapStrategyFiltered,Short,1,13895.75,13920.75,10/5/2022 4:45:00 PM,10/5/2022 5:00:00 PM,FVG Short,Stop loss,($505.68),$88367.64,$5.68,$500.00,$390.00,$895.68,2,
703,NQ DEC25,Backtest,FairValueGapStrategyFiltered,Long,1,14147.75,14122.75,10/6/2022 4:15:00 PM,10/6/2022 4:15:00 PM,FVG Long,Stop loss,($505.68),$87861.96,$5.68,$500.00,$0.00,$505.68,1,
704,NQ DEC25,Backtest,FairValueGapStrategyFiltered,Short,1,14038.75,14063.75,10/6/2022 4:45:00 PM,10/6/2022 4:45:00 PM,FVG Short,Stop loss,($505.68),$87356.28,$5.68,$500.00,$0.00,$505.68,1,
705,NQ DEC25,Backtest,FairValueGapStrategyFiltered,Short,1,13735.50,13760.50,10/7/2022 4:15:00 PM,10/7/2022 4:30:00 PM,FVG Short,Stop loss,($505.68),$86850.60,$5.68,$500.00,$425.00,$930.68,2,
706,NQ DEC25,Backtest,FairValueGapStrategyFiltered,Short,1,13524.75,13549.75,10/10/2022 4:15:00 PM,10/10/2022 4:30:00 PM,FVG Short,Stop loss,($505.68),$86344.92,$5.68,$500.00,$640.00,$1145.68,2,
707,NQ DEC25,Backtest,FairValueGapStrategyFiltered,Short,1,13461.50,13486.50,10/10/2022 5:15:00 PM,10/10/2022 5:30:00 PM,FVG Short,Stop loss,($505.68),$85839.24,$5.68,$500.00,$480.00,$985.68,2,
708,NQ DEC25,Backtest,FairValueGapStrategyFiltered,Short,1,13333.25,13358.25,10/11/2022 4:15:00 PM,10/11/2022 4:30:00 PM,FVG Short,Stop loss,($505.68),$85333.56,$5.68,$500.00,$700.00,$1205.68,2,
709,NQ DEC25,Backtest,FairValueGapStrategyFiltered,Short,1,13421.25,13446.25,10/14/2022 4:30:00 PM,10/14/2022 4:30:00 PM,FVG Short,Stop loss,($505.68),$84827.88,$5.68,$500.00,$0.00,$505.68,1,
710,NQ DEC25,Backtest,FairValueGapStrategyFiltered,Short,1,13429.50,13454.50,10/14/2022 4:45:00 PM,10/14/2022 4:45:00 PM,FVG Short,Stop loss,($505.68),$84322.20,$5.68,$500.00,$0.00,$505.68,1,
711,NQ DEC25,Backtest,FairValueGapStrategyFiltered,Long,1,13603.50,13578.50,10/17/2022 4:00:00 PM,10/17/2022 4:00:00 PM,FVG Long,Stop loss,($505.68),$83816.52,$5.68,$500.00,$0.00,$505.68,1,
712,NQ DEC25,Backtest,FairValueGapStrategyFiltered,Long,1,13583.75,13558.75,10/17/2022 4:15:00 PM,10/17/2022 5:00:00 PM,FVG Long,Stop loss,($505.68),$83310.84,$5.68,$500.00,$1185.00,$1690.68,4,
713,NQ DEC25,Backtest,FairValueGapStrategyFiltered,Long,1,13783.00,13758.00,10/19/2022 4:45:00 PM,10/19/2022 4:45:00 PM,FVG Long,Stop loss,($505.68),$82805.16,$5.68,$500.00,$0.00,$505.68,1,
714,NQ DEC25,Backtest,FairValueGapStrategyFiltered,Long,1,13712.00,13787.00,10/20/2022 4:15:00 PM,10/20/2022 4:15:00 PM,FVG Long,Profit target,$1494.32,$84299.48,$5.68,$0.00,$1500.00,$5.68,1,
715,NQ DEC25,Backtest,FairValueGapStrategyFiltered,Long,1,13773.00,13748.00,10/20/2022 4:30:00 PM,10/20/2022 6:15:00 PM,FVG Long,Stop loss,($505.68),$83793.80,$5.68,$500.00,$1310.00,$1815.68,8,
716,NQ DEC25,Backtest,FairValueGapStrategyFiltered,Long,1,13707.50,13682.50,10/21/2022 4:30:00 PM,10/21/2022 4:30:00 PM,FVG Long,Stop loss,($505.68),$83288.12,$5.68,$500.00,$0.00,$505.68,1,
717,NQ DEC25,Backtest,FairValueGapStrategyFiltered,Long,1,14159.50,14134.50,10/25/2022 4:15:00 PM,10/25/2022 4:15:00 PM,FVG Long,Stop loss,($505.68),$82782.44,$5.68,$500.00,$0.00,$505.68,1,
718,NQ DEC25,Backtest,FairValueGapStrategyFiltered,Long,1,14149.00,14124.00,10/25/2022 4:30:00 PM,10/25/2022 4:45:00 PM,FVG Long,Stop loss,($505.68),$82276.76,$5.68,$500.00,$430.00,$935.68,2,
719,NQ DEC25,Backtest,FairValueGapStrategyFiltered,Long,1,14114.75,14189.75,10/26/2022 5:15:00 PM,10/26/2022 5:15:00 PM,FVG Long,Profit target,$1494.32,$83771.08,$5.68,$0.00,$1500.00,$5.68,1,
720,NQ DEC25,Backtest,FairValueGapStrategyFiltered,Short,1,13830.25,13855.25,10/27/2022 5:15:00 PM,10/27/2022 5:15:00 PM,FVG Short,Stop loss,($505.68),$83265.40,$5.68,$500.00,$0.00,$505.68,1,
721,NQ DEC25,Backtest,FairValueGapStrategyFiltered,Long,1,13862.25,13837.25,10/28/2022 4:00:00 PM,10/28/2022 4:00:00 PM,FVG Long,Stop loss,($505.68),$82759.72,$5.68,$500.00,$0.00,$505.68,1,
722,NQ DEC25,Backtest,FairValueGapStrategyFiltered,Long,1,13941.50,14016.50,10/28/2022 5:00:00 PM,10/28/2022 6:30:00 PM,FVG Long,Profit target,$1494.32,$84254.04,$5.68,$55.00,$1500.00,$5.68,7,
723,NQ DEC25,Backtest,FairValueGapStrategyFiltered,Short,1,13743.25,13768.25,11/2/2022 4:45:00 PM,11/2/2022 7:00:00 PM,FVG Short,Stop loss,($505.68),$83748.36,$5.68,$500.00,$850.00,$1355.68,10,
724,NQ DEC25,Backtest,FairValueGapStrategyFiltered,Short,1,13287.25,13312.25,11/3/2022 4:45:00 PM,11/3/2022 5:00:00 PM,FVG Short,Stop loss,($505.68),$83242.68,$5.68,$500.00,$470.00,$975.68,2,
725,NQ DEC25,Backtest,FairValueGapStrategyFiltered,Long,1,13448.75,13423.75,11/4/2022 4:00:00 PM,11/4/2022 4:00:00 PM,FVG Long,Stop loss,($505.68),$82737.00,$5.68,$500.00,$0.00,$505.68,1,
726,NQ DEC25,Backtest,FairValueGapStrategyFiltered,Short,1,13278.75,13203.75,11/4/2022 5:00:00 PM,11/4/2022 5:15:00 PM,FVG Short,Profit target,$1494.32,$84231.32,$5.68,$20.00,$1500.00,$5.68,2,
727,NQ DEC25,Backtest,FairValueGapStrategyFiltered,Long,1,13629.50,13704.50,11/8/2022 5:00:00 PM,11/8/2022 5:45:00 PM,FVG Long,Profit target,$1494.32,$85725.64,$5.68,$185.00,$1500.00,$5.68,4,
728,NQ DEC25,Backtest,FairValueGapStrategyFiltered,Short,1,13462.25,13487.25,11/9/2022 5:15:00 PM,11/9/2022 5:15:00 PM,FVG Short,Stop loss,($505.68),$85219.96,$5.68,$500.00,$0.00,$505.68,1,
729,NQ DEC25,Backtest,FairValueGapStrategyFiltered,Long,1,13932.25,13907.25,11/10/2022 4:30:00 PM,11/10/2022 4:45:00 PM,FVG Long,Stop loss,($505.68),$84714.28,$5.68,$500.00,$440.00,$945.68,2,
730,NQ DEC25,Backtest,FairValueGapStrategyFiltered,Long,1,14262.00,14237.00,11/11/2022 4:45:00 PM,11/11/2022 4:45:00 PM,FVG Long,Stop loss,($505.68),$84208.60,$5.68,$500.00,$0.00,$505.68,1,
731,NQ DEC25,Backtest,FairValueGapStrategyFiltered,Long,1,14289.50,14264.50,11/14/2022 4:45:00 PM,11/14/2022 5:15:00 PM,FVG Long,Stop loss,($505.68),$83702.92,$5.68,$500.00,$745.00,$1250.68,3,
732,NQ DEC25,Backtest,FairValueGapStrategyFiltered,Short,1,14223.00,14148.00,11/18/2022 4:45:00 PM,11/18/2022 6:30:00 PM,FVG Short,Profit target,$1494.32,$85197.24,$5.68,$285.00,$1500.00,$5.68,8,
733,NQ DEC25,Backtest,FairValueGapStrategyFiltered,Short,1,14114.25,14139.25,11/21/2022 4:45:00 PM,11/21/2022 7:45:00 PM,FVG Short,Stop loss,($505.68),$84691.56,$5.68,$500.00,$1030.00,$1535.68,13,
734,NQ DEC25,Backtest,FairValueGapStrategyFiltered,Short,1,14056.25,14081.25,11/22/2022 4:15:00 PM,11/22/2022 4:15:00 PM,FVG Short,Stop loss,($505.68),$84185.88,$5.68,$500.00,$0.00,$505.68,1,
735,NQ DEC25,Backtest,FairValueGapStrategyFiltered,Long,1,14342.50,14317.50,11/23/2022 4:15:00 PM,11/23/2022 4:15:00 PM,FVG Long,Stop loss,($505.68),$83680.20,$5.68,$500.00,$0.00,$505.68,1,
736,NQ DEC25,Backtest,FairValueGapStrategyFiltered,Short,1,14214.50,14239.50,11/28/2022 5:00:00 PM,11/28/2022 6:15:00 PM,FVG Short,Stop loss,($505.68),$83174.52,$5.68,$500.00,$690.00,$1195.68,6,
737,NQ DEC25,Backtest,FairValueGapStrategyFiltered,Short,1,14094.00,14119.00,11/29/2022 4:00:00 PM,11/29/2022 4:15:00 PM,FVG Short,Stop loss,($505.68),$82668.84,$5.68,$500.00,$380.00,$885.68,2,
738,NQ DEC25,Backtest,FairValueGapStrategyFiltered,Long,1,14623.00,14598.00,12/1/2022 4:15:00 PM,12/1/2022 4:15:00 PM,FVG Long,Stop loss,($505.68),$82163.16,$5.68,$500.00,$0.00,$505.68,1,
739,NQ DEC25,Backtest,FairValueGapStrategyFiltered,Short,1,14394.00,14419.00,12/5/2022 4:45:00 PM,12/5/2022 4:45:00 PM,FVG Short,Stop loss,($505.68),$81657.48,$5.68,$500.00,$0.00,$505.68,1,
740,NQ DEC25,Backtest,FairValueGapStrategyFiltered,Short,1,14232.75,14157.75,12/6/2022 4:00:00 PM,12/6/2022 4:15:00 PM,FVG Short,Profit target,$1494.32,$83151.80,$5.68,$260.00,$1500.00,$5.68,2,
741,NQ DEC25,Backtest,FairValueGapStrategyFiltered,Short,1,14142.50,14067.50,12/6/2022 4:30:00 PM,12/6/2022 7:30:00 PM,FVG Short,Profit target,$1494.32,$84646.12,$5.68,$445.00,$1500.00,$5.68,13,
742,NQ DEC25,Backtest,FairValueGapStrategyFiltered,Long,1,14146.25,14121.25,12/8/2022 4:30:00 PM,12/8/2022 4:30:00 PM,FVG Long,Stop loss,($505.68),$84140.44,$5.68,$500.00,$0.00,$505.68,1,
743,NQ DEC25,Backtest,FairValueGapStrategyFiltered,Long,1,14158.50,14133.50,12/8/2022 4:45:00 PM,12/8/2022 5:15:00 PM,FVG Long,Stop loss,($505.68),$83634.76,$5.68,$500.00,$450.00,$955.68,3,
744,NQ DEC25,Backtest,FairValueGapStrategyFiltered,Long,1,14408.00,14383.00,12/14/2022 4:15:00 PM,12/14/2022 8:15:00 PM,FVG Long,Stop loss,($505.68),$83129.08,$5.68,$500.00,$1200.00,$1705.68,17,
745,NQ DEC25,Backtest,FairValueGapStrategyFiltered,Short,1,13972.00,13897.00,12/15/2022 4:15:00 PM,12/15/2022 5:15:00 PM,FVG Short,Profit target,$1494.32,$84623.40,$5.68,$70.00,$1500.00,$5.68,5,
746,NQ DEC25,Backtest,FairValueGapStrategyFiltered,Short,1,13737.25,13762.25,12/16/2022 4:45:00 PM,12/16/2022 9:30:00 PM,FVG Short,Stop loss,($505.68),$84117.72,$5.68,$500.00,$1265.00,$1770.68,20,
747,NQ DEC25,Backtest,FairValueGapStrategyFiltered,Short,1,13667.75,13692.75,12/19/2022 4:15:00 PM,12/19/2022 4:30:00 PM,FVG Short,Stop loss,($505.68),$83612.04,$5.68,$500.00,$780.00,$1285.68,2,
748,NQ DEC25,Backtest,FairValueGapStrategyFiltered,Long,1,13691.00,13766.00,12/21/2022 4:45:00 PM,12/21/2022 5:15:00 PM,FVG Long,Profit target,$1494.32,$85106.36,$5.68,$185.00,$1500.00,$5.68,3,
749,NQ DEC25,Backtest,FairValueGapStrategyFiltered,Short,1,13522.00,13447.00,12/22/2022 4:15:00 PM,12/22/2022 4:15:00 PM,FVG Short,Profit target,$1494.32,$86600.68,$5.68,$0.00,$1500.00,$5.68,1,
750,NQ DEC25,Backtest,FairValueGapStrategyFiltered,Short,1,13424.25,13349.25,12/22/2022 4:45:00 PM,12/22/2022 6:30:00 PM,FVG Short,Profit target,$1494.32,$88095.00,$5.68,$155.00,$1500.00,$5.68,8,
751,NQ DEC25,Backtest,FairValueGapStrategyFiltered,Short,1,13338.50,13363.50,12/23/2022 4:15:00 PM,12/23/2022 4:15:00 PM,FVG Short,Stop loss,($505.68),$87589.32,$5.68,$500.00,$0.00,$505.68,1,
752,NQ DEC25,Backtest,FairValueGapStrategyFiltered,Short,1,13328.50,13353.50,12/27/2022 4:15:00 PM,12/27/2022 4:30:00 PM,FVG Short,Stop loss,($505.68),$87083.64,$5.68,$500.00,$680.00,$1185.68,2,
753,NQ DEC25,Backtest,FairValueGapStrategyFiltered,Short,1,13285.00,13210.00,12/28/2022 5:00:00 PM,12/28/2022 5:15:00 PM,FVG Short,Profit target,$1494.32,$88577.96,$5.68,$245.00,$1500.00,$5.68,2,
754,NQ DEC25,Backtest,FairValueGapStrategyFiltered,Long,1,13362.25,13437.25,12/29/2022 4:15:00 PM,12/29/2022 5:45:00 PM,FVG Long,Profit target,$1494.32,$90072.28,$5.68,$405.00,$1500.00,$5.68,7,
755,NQ DEC25,Backtest,FairValueGapStrategyFiltered,Short,1,13354.50,13379.50,1/3/2023 4:30:00 PM,1/3/2023 5:15:00 PM,FVG Short,Stop loss,($505.68),$89566.60,$5.68,$500.00,$855.00,$1360.68,4,
756,NQ DEC25,Backtest,FairValueGapStrategyFiltered,Short,1,13312.00,13337.00,1/4/2023 4:45:00 PM,1/4/2023 4:45:00 PM,FVG Short,Stop loss,($505.68),$89060.92,$5.68,$500.00,$0.00,$505.68,1,
757,NQ DEC25,Backtest,FairValueGapStrategyFiltered,Short,1,13267.00,13292.00,1/5/2023 4:15:00 PM,1/5/2023 4:15:00 PM,FVG Short,Stop loss,($505.68),$88555.24,$5.68,$500.00,$0.00,$505.68,1,
758,NQ DEC25,Backtest,FairValueGapStrategyFiltered,Short,1,13213.50,13238.50,1/6/2023 4:15:00 PM,1/6/2023 4:15:00 PM,FVG Short,Stop loss,($505.68),$88049.56,$5.68,$500.00,$0.00,$505.68,1,
759,NQ DEC25,Backtest,FairValueGapStrategyFiltered,Long,1,13640.50,13715.50,1/9/2023 4:00:00 PM,1/9/2023 4:15:00 PM,FVG Long,Profit target,$1494.32,$89543.88,$5.68,$0.00,$1500.00,$5.68,2,
760,NQ DEC25,Backtest,FairValueGapStrategyFiltered,Long,1,13689.50,13764.50,1/9/2023 4:30:00 PM,1/9/2023 5:15:00 PM,FVG Long,Profit target,$1494.32,$91038.20,$5.68,$220.00,$1500.00,$5.68,4,
761,NQ DEC25,Backtest,FairValueGapStrategyFiltered,Long,1,13864.50,13839.50,1/12/2023 4:45:00 PM,1/12/2023 4:45:00 PM,FVG Long,Stop loss,($505.68),$90532.52,$5.68,$500.00,$0.00,$505.68,1,
762,NQ DEC25,Backtest,FairValueGapStrategyFiltered,Long,1,13917.25,13892.25,1/13/2023 4:45:00 PM,1/13/2023 5:15:00 PM,FVG Long,Stop loss,($505.68),$90026.84,$5.68,$500.00,$390.00,$895.68,3,
763,NQ DEC25,Backtest,FairValueGapStrategyFiltered,Long,1,14057.00,14032.00,1/17/2023 4:45:00 PM,1/17/2023 4:45:00 PM,FVG Long,Stop loss,($505.68),$89521.16,$5.68,$500.00,$0.00,$505.68,1,
764,NQ DEC25,Backtest,FairValueGapStrategyFiltered,Long,1,14199.50,14274.50,1/23/2023 4:15:00 PM,1/23/2023 5:00:00 PM,FVG Long,Profit target,$1494.32,$91015.48,$5.68,$185.00,$1500.00,$5.68,4,
765,NQ DEC25,Backtest,FairValueGapStrategyFiltered,Long,1,14282.50,14257.50,1/24/2023 4:15:00 PM,1/24/2023 4:15:00 PM,FVG Long,Stop loss,($505.68),$90509.80,$5.68,$500.00,$0.00,$505.68,1,
766,NQ DEC25,Backtest,FairValueGapStrategyFiltered,Short,1,14023.00,14048.00,1/25/2023 4:15:00 PM,1/25/2023 4:15:00 PM,FVG Short,Stop loss,($505.68),$90004.12,$5.68,$500.00,$0.00,$505.68,1,
767,NQ DEC25,Backtest,FairValueGapStrategyFiltered,Long,1,14525.50,14500.50,1/27/2023 4:15:00 PM,1/27/2023 5:00:00 PM,FVG Long,Stop loss,($505.68),$89498.44,$5.68,$500.00,$1325.00,$1830.68,4,
768,NQ DEC25,Backtest,FairValueGapStrategyFiltered,Short,1,14391.25,14416.25,1/30/2023 5:00:00 PM,1/30/2023 5:00:00 PM,FVG Short,Stop loss,($505.68),$88992.76,$5.68,$500.00,$0.00,$505.68,1,
769,NQ DEC25,Backtest,FairValueGapStrategyFiltered,Long,1,15207.75,15182.75,2/2/2023 5:00:00 PM,2/2/2023 5:30:00 PM,FVG Long,Stop loss,($505.68),$88487.08,$5.68,$500.00,$460.00,$965.68,3,
770,NQ DEC25,Backtest,FairValueGapStrategyFiltered,Long,1,15121.00,15096.00,2/3/2023 4:15:00 PM,2/3/2023 4:15:00 PM,FVG Long,Stop loss,($505.68),$87981.40,$5.68,$500.00,$0.00,$505.68,1,
771,NQ DEC25,Backtest,FairValueGapStrategyFiltered,Short,1,14895.75,14920.75,2/6/2023 5:00:00 PM,2/6/2023 5:00:00 PM,FVG Short,Stop loss,($505.68),$87475.72,$5.68,$500.00,$0.00,$505.68,1,
772,NQ DEC25,Backtest,FairValueGapStrategyFiltered,Short,1,15008.75,14933.75,2/8/2023 5:15:00 PM,2/8/2023 5:30:00 PM,FVG Short,Profit target,$1494.32,$88970.04,$5.68,$175.00,$1500.00,$5.68,2,
773,NQ DEC25,Backtest,FairValueGapStrategyFiltered,Short,1,14731.50,14756.50,2/10/2023 5:15:00 PM,2/10/2023 5:15:00 PM,FVG Short,Stop loss,($505.68),$88464.36,$5.68,$500.00,$0.00,$505.68,1,
774,NQ DEC25,Backtest,FairValueGapStrategyFiltered,Long,1,14984.50,15059.50,2/14/2023 4:15:00 PM,2/14/2023 4:15:00 PM,FVG Long,Profit target,$1494.32,$89958.68,$5.68,$0.00,$1500.00,$5.68,1,
775,NQ DEC25,Backtest,FairValueGapStrategyFiltered,Long,1,15048.75,15023.75,2/14/2023 4:30:00 PM,2/14/2023 4:30:00 PM,FVG Long,Stop loss,($505.68),$89453.00,$5.68,$500.00,$0.00,$505.68,1,
776,NQ DEC25,Backtest,FairValueGapStrategyFiltered,Long,1,15048.25,15023.25,2/16/2023 5:15:00 PM,2/16/2023 5:15:00 PM,FVG Long,Stop loss,($505.68),$88947.32,$5.68,$500.00,$0.00,$505.68,1,
777,NQ DEC25,Backtest,FairValueGapStrategyFiltered,Short,1,14727.50,14752.50,2/17/2023 4:15:00 PM,2/17/2023 4:15:00 PM,FVG Short,Stop loss,($505.68),$88441.64,$5.68,$500.00,$0.00,$505.68,1,
778,NQ DEC25,Backtest,FairValueGapStrategyFiltered,Short,1,14772.00,14765.25,2/20/2023 4:45:00 PM,2/20/2023 7:00:00 PM,FVG Short,Exit on session close,$129.32,$88570.96,$5.68,$285.00,$150.00,$20.68,10,
779,NQ DEC25,Backtest,FairValueGapStrategyFiltered,Short,1,14457.50,14482.50,2/22/2023 4:45:00 PM,2/22/2023 5:00:00 PM,FVG Short,Stop loss,($505.68),$88065.28,$5.68,$500.00,$500.00,$1005.68,2,
780,NQ DEC25,Backtest,FairValueGapStrategyFiltered,Long,1,14555.00,14530.00,2/27/2023 4:45:00 PM,2/27/2023 4:45:00 PM,FVG Long,Stop loss,($505.68),$87559.60,$5.68,$500.00,$0.00,$505.68,1,
781,NQ DEC25,Backtest,FairValueGapStrategyFiltered,Short,1,14368.50,14393.50,3/1/2023 4:45:00 PM,3/1/2023 4:45:00 PM,FVG Short,Stop loss,($505.68),$87053.92,$5.68,$500.00,$0.00,$505.68,1,
782,NQ DEC25,Backtest,FairValueGapStrategyFiltered,Long,1,14832.75,14807.75,3/6/2023 4:45:00 PM,3/6/2023 7:00:00 PM,FVG Long,Stop loss,($505.68),$86548.24,$5.68,$500.00,$1040.00,$1545.68,10,
783,NQ DEC25,Backtest,FairValueGapStrategyFiltered,Short,1,14636.75,14661.75,3/7/2023 4:45:00 PM,3/7/2023 4:45:00 PM,FVG Short,Stop loss,($505.68),$86042.56,$5.68,$500.00,$0.00,$505.68,1,
784,NQ DEC25,Backtest,FairValueGapStrategyFiltered,Long,1,14725.25,14700.25,3/9/2023 4:15:00 PM,3/9/2023 4:30:00 PM,FVG Long,Stop loss,($505.68),$85536.88,$5.68,$500.00,$535.00,$1040.68,2,
785,NQ DEC25,Backtest,FairValueGapStrategyFiltered,Short,1,14308.25,14333.25,3/10/2023 4:15:00 PM,3/10/2023 4:15:00 PM,FVG Short,Stop loss,($505.68),$85031.20,$5.68,$500.00,$0.00,$505.68,1,
786,NQ DEC25,Backtest,FairValueGapStrategyFiltered,Long,1,14433.75,14408.75,3/13/2023 4:45:00 PM,3/13/2023 4:45:00 PM,FVG Long,Stop loss,($505.68),$84525.52,$5.68,$500.00,$0.00,$505.68,1,
787,NQ DEC25,Backtest,FairValueGapStrategyFiltered,Long,1,14576.00,14551.00,3/14/2023 4:00:00 PM,3/14/2023 6:15:00 PM,FVG Long,Stop loss,($505.68),$84019.84,$5.68,$500.00,$975.00,$1480.68,10,
788,NQ DEC25,Backtest,FairValueGapStrategyFiltered,Long,1,14787.75,14862.75,3/16/2023 4:15:00 PM,3/16/2023 4:30:00 PM,FVG Long,Profit target,$1494.32,$85514.16,$5.68,$385.00,$1500.00,$5.68,2,
789,NQ DEC25,Backtest,FairValueGapStrategyFiltered,Long,1,14864.25,14939.25,3/16/2023 4:45:00 PM,3/16/2023 6:00:00 PM,FVG Long,Profit target,$1494.32,$87008.48,$5.68,$265.00,$1500.00,$5.68,6,
790,NQ DEC25,Backtest,FairValueGapStrategyFiltered,Long,1,15190.00,15165.00,3/22/2023 4:00:00 PM,3/22/2023 4:15:00 PM,FVG Long,Stop loss,($505.68),$86502.80,$5.68,$500.00,$30.00,$535.68,2,
791,NQ DEC25,Backtest,FairValueGapStrategyFiltered,Long,1,15201.00,15176.00,3/22/2023 5:00:00 PM,3/22/2023 5:15:00 PM,FVG Long,Stop loss,($505.68),$85997.12,$5.68,$500.00,$215.00,$720.68,2,
792,NQ DEC25,Backtest,FairValueGapStrategyFiltered,Long,1,15280.00,15255.00,3/23/2023 4:30:00 PM,3/23/2023 4:30:00 PM,FVG Long,Stop loss,($505.68),$85491.44,$5.68,$500.00,$0.00,$505.68,1,
793,NQ DEC25,Backtest,FairValueGapStrategyFiltered,Short,1,15018.50,15043.50,3/24/2023 4:45:00 PM,3/24/2023 5:00:00 PM,FVG Short,Stop loss,($505.68),$84985.76,$5.68,$500.00,$290.00,$795.68,2,
794,NQ DEC25,Backtest,FairValueGapStrategyFiltered,Short,1,14960.50,14985.50,3/28/2023 4:15:00 PM,3/28/2023 4:15:00 PM,FVG Short,Stop loss,($505.68),$84480.08,$5.68,$500.00,$0.00,$505.68,1,
795,NQ DEC25,Backtest,FairValueGapStrategyFiltered,Short,1,14924.50,14949.50,3/28/2023 5:15:00 PM,3/28/2023 5:15:00 PM,FVG Short,Stop loss,($505.68),$83974.40,$5.68,$500.00,$0.00,$505.68,1,
796,NQ DEC25,Backtest,FairValueGapStrategyFiltered,Long,1,15177.50,15152.50,3/29/2023 4:00:00 PM,3/29/2023 4:30:00 PM,FVG Long,Stop loss,($505.68),$83468.72,$5.68,$500.00,$470.00,$975.68,3,
797,NQ DEC25,Backtest,FairValueGapStrategyFiltered,Long,1,15409.50,15484.50,3/31/2023 4:15:00 PM,3/31/2023 6:15:00 PM,FVG Long,Profit target,$1494.32,$84963.04,$5.68,$220.00,$1500.00,$5.68,9,
798,NQ DEC25,Backtest,FairValueGapStrategyFiltered,Short,1,15414.50,15339.50,4/5/2023 4:00:00 PM,4/5/2023 4:45:00 PM,FVG Short,Profit target,$1494.32,$86457.36,$5.68,$375.00,$1500.00,$5.68,4,
799,NQ DEC25,Backtest,FairValueGapStrategyFiltered,Short,1,15296.75,15321.75,4/5/2023 5:15:00 PM,4/5/2023 5:45:00 PM,FVG Short,Stop loss,($505.68),$85951.68,$5.68,$500.00,$180.00,$685.68,3,
800,NQ DEC25,Backtest,FairValueGapStrategyFiltered,Short,1,15254.00,15279.00,4/6/2023 4:15:00 PM,4/6/2023 4:15:00 PM,FVG Short,Stop loss,($505.68),$85446.00,$5.68,$500.00,$0.00,$505.68,1,
801,NQ DEC25,Backtest,FairValueGapStrategyFiltered,Short,1,15255.25,15280.25,4/10/2023 4:15:00 PM,4/10/2023 4:30:00 PM,FVG Short,Stop loss,($505.68),$84940.32,$5.68,$500.00,$320.00,$825.68,2,
802,NQ DEC25,Backtest,FairValueGapStrategyFiltered,Short,1,15375.25,15400.25,4/11/2023 4:15:00 PM,4/11/2023 8:45:00 PM,FVG Short,Stop loss,($505.68),$84434.64,$5.68,$500.00,$1070.00,$1575.68,19,
803,NQ DEC25,Backtest,FairValueGapStrategyFiltered,Short,1,15333.25,15358.25,4/12/2023 4:15:00 PM,4/12/2023 4:15:00 PM,FVG Short,Stop loss,($505.68),$83928.96,$5.68,$500.00,$0.00,$505.68,1,
804,NQ DEC25,Backtest,FairValueGapStrategyFiltered,Short,1,15277.75,15302.75,4/12/2023 5:15:00 PM,4/12/2023 5:45:00 PM,FVG Short,Stop loss,($505.68),$83423.28,$5.68,$500.00,$675.00,$1180.68,3,
805,NQ DEC25,Backtest,FairValueGapStrategyFiltered,Long,1,15335.50,15410.50,4/13/2023 4:15:00 PM,4/13/2023 6:00:00 PM,FVG Long,Profit target,$1494.32,$84917.60,$5.68,$255.00,$1500.00,$5.68,8,
806,NQ DEC25,Backtest,FairValueGapStrategyFiltered,Long,1,15503.00,15478.00,4/14/2023 4:15:00 PM,4/14/2023 4:15:00 PM,FVG Long,Stop loss,($505.68),$84411.92,$5.68,$500.00,$0.00,$505.68,1,
807,NQ DEC25,Backtest,FairValueGapStrategyFiltered,Short,1,15407.25,15432.25,4/17/2023 5:15:00 PM,4/17/2023 9:30:00 PM,FVG Short,Stop loss,($505.68),$83906.24,$5.68,$500.00,$1245.00,$1750.68,18,
808,NQ DEC25,Backtest,FairValueGapStrategyFiltered,Short,1,15445.50,15470.50,4/18/2023 4:45:00 PM,4/18/2023 6:45:00 PM,FVG Short,Stop loss,($505.68),$83400.56,$5.68,$500.00,$515.00,$1020.68,9,
809,NQ DEC25,Backtest,FairValueGapStrategyFiltered,Short,1,15296.25,15321.25,4/21/2023 4:30:00 PM,4/21/2023 4:30:00 PM,FVG Short,Stop loss,($505.68),$82894.88,$5.68,$500.00,$0.00,$505.68,1,
810,NQ DEC25,Backtest,FairValueGapStrategyFiltered,Long,1,15368.50,15343.50,4/24/2023 4:15:00 PM,4/24/2023 4:15:00 PM,FVG Long,Stop loss,($505.68),$82389.20,$5.68,$500.00,$0.00,$505.68,1,
811,NQ DEC25,Backtest,FairValueGapStrategyFiltered,Short,1,15292.25,15317.25,4/24/2023 5:15:00 PM,4/24/2023 8:00:00 PM,FVG Short,Stop loss,($505.68),$81883.52,$5.68,$500.00,$1135.00,$1640.68,12,
812,NQ DEC25,Backtest,FairValueGapStrategyFiltered,Short,1,15216.75,15241.75,4/25/2023 4:45:00 PM,4/25/2023 5:30:00 PM,FVG Short,Stop loss,($505.68),$81377.84,$5.68,$500.00,$370.00,$875.68,4,
813,NQ DEC25,Backtest,FairValueGapStrategyFiltered,Long,1,15347.75,15422.75,4/27/2023 4:45:00 PM,4/27/2023 6:15:00 PM,FVG Long,Profit target,$1494.32,$82872.16,$5.68,$130.00,$1500.00,$5.68,7,
814,NQ DEC25,Backtest,FairValueGapStrategyFiltered,Long,1,15559.50,15534.50,4/28/2023 4:45:00 PM,4/28/2023 4:45:00 PM,FVG Long,Stop loss,($505.68),$82366.48,$5.68,$500.00,$0.00,$505.68,1,
815,NQ DEC25,Backtest,FairValueGapStrategyFiltered,Short,1,15479.25,15404.25,5/2/2023 4:45:00 PM,5/2/2023 5:15:00 PM,FVG Short,Profit target,$1494.32,$83860.80,$5.68,$5.00,$1500.00,$5.68,3,
816,NQ DEC25,Backtest,FairValueGapStrategyFiltered,Short,1,15310.00,15335.00,5/4/2023 4:15:00 PM,5/4/2023 5:15:00 PM,FVG Short,Stop loss,($505.68),$83355.12,$5.68,$500.00,$800.00,$1305.68,5,
817,NQ DEC25,Backtest,FairValueGapStrategyFiltered,Long,1,15459.00,15534.00,5/5/2023 4:15:00 PM,5/5/2023 4:45:00 PM,FVG Long,Profit target,$1494.32,$84849.44,$5.68,$0.00,$1500.00,$5.68,3,
818,NQ DEC25,Backtest,FairValueGapStrategyFiltered,Long,1,15527.00,15602.00,5/5/2023 5:15:00 PM,5/5/2023 8:45:00 PM,FVG Long,Profit target,$1494.32,$86343.76,$5.68,$395.00,$1500.00,$5.68,15,
819,NQ DEC25,Backtest,FairValueGapStrategyFiltered,Short,1,15687.75,15612.75,5/12/2023 4:30:00 PM,5/12/2023 6:45:00 PM,FVG Short,Profit target,$1494.32,$87838.08,$5.68,$125.00,$1500.00,$5.68,10,
820,NQ DEC25,Backtest,FairValueGapStrategyFiltered,Short,1,15626.50,15651.50,5/15/2023 4:30:00 PM,5/15/2023 4:45:00 PM,FVG Short,Stop loss,($505.68),$87332.40,$5.68,$500.00,$90.00,$595.68,2,
821,NQ DEC25,Backtest,FairValueGapStrategyFiltered,Long,1,15754.00,15729.00,5/16/2023 4:15:00 PM,5/16/2023 4:15:00 PM,FVG Long,Stop loss,($505.68),$86826.72,$5.68,$500.00,$0.00,$505.68,1,
822,NQ DEC25,Backtest,FairValueGapStrategyFiltered,Long,1,15970.75,16045.75,5/18/2023 4:00:00 PM,5/18/2023 4:45:00 PM,FVG Long,Profit target,$1494.32,$88321.04,$5.68,$205.00,$1500.00,$5.68,4,
823,NQ DEC25,Backtest,FairValueGapStrategyFiltered,Long,1,16033.25,16108.25,5/18/2023 5:00:00 PM,5/18/2023 6:00:00 PM,FVG Long,Profit target,$1494.32,$89815.36,$5.68,$140.00,$1500.00,$5.68,5,
824,NQ DEC25,Backtest,FairValueGapStrategyFiltered,Long,1,16197.50,16172.50,5/22/2023 4:15:00 PM,5/22/2023 4:15:00 PM,FVG Long,Stop loss,($505.68),$89309.68,$5.68,$500.00,$0.00,$505.68,1,
825,NQ DEC25,Backtest,FairValueGapStrategyFiltered,Long,1,16200.50,16275.50,5/25/2023 5:15:00 PM,5/25/2023 8:15:00 PM,FVG Long,Profit target,$1494.32,$90804.00,$5.68,$225.00,$1500.00,$5.68,13,
826,NQ DEC25,Backtest,FairValueGapStrategyFiltered,Long,1,16387.00,16462.00,5/26/2023 4:15:00 PM,5/26/2023 4:30:00 PM,FVG Long,Profit target,$1494.32,$92298.32,$5.68,$140.00,$1500.00,$5.68,2,
827,NQ DEC25,Backtest,FairValueGapStrategyFiltered,Long,1,16471.00,16546.00,5/26/2023 4:45:00 PM,5/26/2023 5:45:00 PM,FVG Long,Profit target,$1494.32,$93792.64,$5.68,$190.00,$1500.00,$5.68,5,
828,NQ DEC25,Backtest,FairValueGapStrategyFiltered,Short,1,16566.25,16591.25,5/31/2023 4:45:00 PM,5/31/2023 5:00:00 PM,FVG Short,Stop loss,($505.68),$93286.96,$5.68,$500.00,$245.00,$750.68,2,
829,NQ DEC25,Backtest,FairValueGapStrategyFiltered,Long,1,16625.00,16700.00,6/1/2023 5:15:00 PM,6/1/2023 6:15:00 PM,FVG Long,Profit target,$1494.32,$94781.28,$5.68,$250.00,$1500.00,$5.68,5,
830,NQ DEC25,Backtest,FairValueGapStrategyFiltered,Long,1,16873.25,16848.25,6/2/2023 4:00:00 PM,6/2/2023 4:00:00 PM,FVG Long,Stop loss,($505.68),$94275.60,$5.68,$500.00,$0.00,$505.68,1,
831,NQ DEC25,Backtest,FairValueGapStrategyFiltered,Long,1,16854.50,16829.50,6/2/2023 5:15:00 PM,6/2/2023 6:00:00 PM,FVG Long,Stop loss,($505.68),$93769.92,$5.68,$500.00,$380.00,$885.68,4,
832,NQ DEC25,Backtest,FairValueGapStrategyFiltered,Long,1,16865.75,16940.75,6/5/2023 4:15:00 PM,6/5/2023 5:30:00 PM,FVG Long,Profit target,$1494.32,$95264.24,$5.68,$145.00,$1500.00,$5.68,6,
833,NQ DEC25,Backtest,FairValueGapStrategyFiltered,Short,1,16799.75,16824.75,6/6/2023 4:00:00 PM,6/6/2023 4:00:00 PM,FVG Short,Stop loss,($505.68),$94758.56,$5.68,$500.00,$0.00,$505.68,1,
834,NQ DEC25,Backtest,FairValueGapStrategyFiltered,Long,1,16899.00,16874.00,6/7/2023 4:15:00 PM,6/7/2023 4:15:00 PM,FVG Long,Stop loss,($505.68),$94252.88,$5.68,$500.00,$0.00,$505.68,1,
835,NQ DEC25,Backtest,FairValueGapStrategyFiltered,Short,1,16816.75,16741.75,6/7/2023 4:45:00 PM,6/7/2023 5:00:00 PM,FVG Short,Profit target,$1494.32,$95747.20,$5.68,$230.00,$1500.00,$5.68,2,
836,NQ DEC25,Backtest,FairValueGapStrategyFiltered,Short,1,16742.50,16767.50,6/7/2023 5:15:00 PM,6/7/2023 5:45:00 PM,FVG Short,Stop loss,($505.68),$95241.52,$5.68,$500.00,$490.00,$995.68,3,
837,NQ DEC25,Backtest,FairValueGapStrategyFiltered,Long,1,16888.50,16863.50,6/9/2023 4:00:00 PM,6/9/2023 4:45:00 PM,FVG Long,Stop loss,($505.68),$94735.84,$5.68,$500.00,$1345.00,$1850.68,4,
838,NQ DEC25,Backtest,FairValueGapStrategyFiltered,Long,1,17212.25,17287.25,6/14/2023 4:15:00 PM,6/14/2023 5:30:00 PM,FVG Long,Profit target,$1494.32,$96230.16,$5.68,$280.00,$1500.00,$5.68,6,
839,NQ DEC25,Backtest,FairValueGapStrategyFiltered,Long,1,17293.00,17368.00,6/15/2023 4:15:00 PM,6/15/2023 5:00:00 PM,FVG Long,Profit target,$1494.32,$97724.48,$5.68,$335.00,$1500.00,$5.68,4,
840,NQ DEC25,Backtest,FairValueGapStrategyFiltered,Short,1,17332.00,17331.00,6/19/2023 4:15:00 PM,6/19/2023 7:00:00 PM,FVG Short,Exit on session close,$14.32,$97738.80,$5.68,$205.00,$195.00,$180.68,12,
841,NQ DEC25,Backtest,FairValueGapStrategyFiltered,Short,1,17233.75,17258.75,6/20/2023 4:45:00 PM,6/20/2023 4:45:00 PM,FVG Short,Stop loss,($505.68),$97233.12,$5.68,$500.00,$0.00,$505.68,1,
842,NQ DEC25,Backtest,FairValueGapStrategyFiltered,Short,1,17257.00,17282.00,6/20/2023 5:00:00 PM,6/20/2023 5:15:00 PM,FVG Short,Stop loss,($505.68),$96727.44,$5.68,$500.00,$465.00,$970.68,2,
843,NQ DEC25,Backtest,FairValueGapStrategyFiltered,Short,1,17206.00,17131.00,6/21/2023 4:30:00 PM,6/21/2023 5:00:00 PM,FVG Short,Profit target,$1494.32,$98221.76,$5.68,$455.00,$1500.00,$5.68,3,
844,NQ DEC25,Backtest,FairValueGapStrategyFiltered,Short,1,17149.25,17174.25,6/21/2023 5:15:00 PM,6/21/2023 5:45:00 PM,FVG Short,Stop loss,($505.68),$97716.08,$5.68,$500.00,$1105.00,$1610.68,3,
845,NQ DEC25,Backtest,FairValueGapStrategyFiltered,Short,1,17173.75,17198.75,6/22/2023 5:15:00 PM,6/22/2023 5:15:00 PM,FVG Short,Stop loss,($505.68),$97210.40,$5.68,$500.00,$0.00,$505.68,1,
846,NQ DEC25,Backtest,FairValueGapStrategyFiltered,Long,1,17228.75,17203.75,6/26/2023 4:15:00 PM,6/26/2023 4:30:00 PM,FVG Long,Stop loss,($505.68),$96704.72,$5.68,$500.00,$280.00,$785.68,2,
847,NQ DEC25,Backtest,FairValueGapStrategyFiltered,Short,1,17172.75,17097.75,6/26/2023 5:15:00 PM,6/26/2023 5:30:00 PM,FVG Short,Profit target,$1494.32,$98199.04,$5.68,$35.00,$1500.00,$5.68,2,
848,NQ DEC25,Backtest,FairValueGapStrategyFiltered,Long,1,17274.00,17249.00,6/28/2023 5:00:00 PM,6/28/2023 5:15:00 PM,FVG Long,Stop loss,($505.68),$97693.36,$5.68,$500.00,$500.00,$1005.68,2,
849,NQ DEC25,Backtest,FairValueGapStrategyFiltered,Long,1,17411.00,17386.00,6/30/2023 4:15:00 PM,6/30/2023 5:45:00 PM,FVG Long,Stop loss,($505.68),$97187.68,$5.68,$500.00,$1150.00,$1655.68,7,
850,NQ DEC25,Backtest,FairValueGapStrategyFiltered,Long,1,17457.25,17432.25,7/4/2023 4:00:00 PM,7/4/2023 7:00:00 PM,FVG Long,Stop loss,($505.68),$96682.00,$5.68,$500.00,$20.00,$525.68,13,
851,NQ DEC25,Backtest,FairValueGapStrategyFiltered,Long,1,17466.50,17441.50,7/5/2023 4:15:00 PM,7/5/2023 6:00:00 PM,FVG Long,Stop loss,($505.68),$96176.32,$5.68,$500.00,$1145.00,$1650.68,8,
852,NQ DEC25,Backtest,FairValueGapStrategyFiltered,Short,1,17303.00,17328.00,7/7/2023 5:00:00 PM,7/7/2023 5:00:00 PM,FVG Short,Stop loss,($505.68),$95670.64,$5.68,$500.00,$0.00,$505.68,1,
853,NQ DEC25,Backtest,FairValueGapStrategyFiltered,Short,1,17257.75,17282.75,7/11/2023 4:15:00 PM,7/11/2023 4:45:00 PM,FVG Short,Stop loss,($505.68),$95164.96,$5.68,$500.00,$1130.00,$1635.68,3,
854,NQ DEC25,Backtest,FairValueGapStrategyFiltered,Long,1,17296.50,17271.50,7/11/2023 5:00:00 PM,7/11/2023 5:30:00 PM,FVG Long,Stop loss,($505.68),$94659.28,$5.68,$500.00,$330.00,$835.68,3,
855,NQ DEC25,Backtest,FairValueGapStrategyFiltered,Long,1,17578.50,17553.50,7/12/2023 4:30:00 PM,7/12/2023 5:00:00 PM,FVG Long,Stop loss,($505.68),$94153.60,$5.68,$500.00,$420.00,$925.68,3,
856,NQ DEC25,Backtest,FairValueGapStrategyFiltered,Long,1,17698.00,17673.00,7/13/2023 4:15:00 PM,7/13/2023 4:15:00 PM,FVG Long,Stop loss,($505.68),$93647.92,$5.68,$500.00,$0.00,$505.68,1,
857,NQ DEC25,Backtest,FairValueGapStrategyFiltered,Long,1,17859.75,17934.75,7/14/2023 4:00:00 PM,7/14/2023 4:30:00 PM,FVG Long,Profit target,$1494.32,$95142.24,$5.68,$110.00,$1500.00,$5.68,3,
858,NQ DEC25,Backtest,FairValueGapStrategyFiltered,Long,1,17909.75,17884.75,7/14/2023 4:45:00 PM,7/14/2023 4:45:00 PM,FVG Long,Stop loss,($505.68),$94636.56,$5.68,$500.00,$0.00,$505.68,1,
859,NQ DEC25,Backtest,FairValueGapStrategyFiltered,Long,1,17831.25,17806.25,7/17/2023 4:00:00 PM,7/17/2023 4:00:00 PM,FVG Long,Stop loss,($505.68),$94130.88,$5.68,$500.00,$0.00,$505.68,1,
860,NQ DEC25,Backtest,FairValueGapStrategyFiltered,Long,1,17843.50,17918.50,7/17/2023 4:45:00 PM,7/17/2023 8:30:00 PM,FVG Long,Profit target,$1494.32,$95625.20,$5.68,$260.00,$1500.00,$5.68,16,
861,NQ DEC25,Backtest,FairValueGapStrategyFiltered,Short,1,17846.25,17871.25,7/20/2023 4:45:00 PM,7/20/2023 5:45:00 PM,FVG Short,Stop loss,($505.68),$95119.52,$5.68,$500.00,$1105.00,$1610.68,5,
862,NQ DEC25,Backtest,FairValueGapStrategyFiltered,Short,1,17717.25,17642.25,7/21/2023 4:30:00 PM,7/21/2023 4:45:00 PM,FVG Short,Profit target,$1494.32,$96613.84,$5.68,$450.00,$1500.00,$5.68,2,
863,NQ DEC25,Backtest,FairValueGapStrategyFiltered,Short,1,17644.50,17669.50,7/24/2023 4:30:00 PM,7/24/2023 4:30:00 PM,FVG Short,Stop loss,($505.68),$96108.16,$5.68,$500.00,$0.00,$505.68,1,
864,NQ DEC25,Backtest,FairValueGapStrategyFiltered,Long,1,17754.75,17729.75,7/25/2023 4:15:00 PM,7/25/2023 4:15:00 PM,FVG Long,Stop loss,($505.68),$95602.48,$5.68,$500.00,$0.00,$505.68,1,
865,NQ DEC25,Backtest,FairValueGapStrategyFiltered,Long,1,17962.25,17937.25,7/27/2023 4:15:00 PM,7/27/2023 4:15:00 PM,FVG Long,Stop loss,($505.68),$95096.80,$5.68,$500.00,$0.00,$505.68,1,
866,NQ DEC25,Backtest,FairValueGapStrategyFiltered,Long,1,17880.50,17955.50,7/28/2023 4:15:00 PM,7/28/2023 5:30:00 PM,FVG Long,Profit target,$1494.32,$96591.12,$5.68,$130.00,$1500.00,$5.68,6,
867,NQ DEC25,Backtest,FairValueGapStrategyFiltered,Short,1,17693.50,17618.50,8/2/2023 4:15:00 PM,8/2/2023 4:15:00 PM,FVG Short,Profit target,$1494.32,$98085.44,$5.68,$0.00,$1500.00,$5.68,1,
868,NQ DEC25,Backtest,FairValueGapStrategyFiltered,Short,1,17636.25,17561.25,8/2/2023 4:45:00 PM,8/2/2023 6:00:00 PM,FVG Short,Profit target,$1494.32,$99579.76,$5.68,$275.00,$1500.00,$5.68,6,
869,NQ DEC25,Backtest,FairValueGapStrategyFiltered,Short,1,17523.25,17548.25,8/4/2023 4:30:00 PM,8/4/2023 4:30:00 PM,FVG Short,Stop loss,($505.68),$99074.08,$5.68,$500.00,$0.00,$505.68,1,
870,NQ DEC25,Backtest,FairValueGapStrategyFiltered,Long,1,17592.25,17667.25,8/4/2023 5:00:00 PM,8/4/2023 6:00:00 PM,FVG Long,Profit target,$1494.32,$100568.40,$5.68,$240.00,$1500.00,$5.68,5,
871,NQ DEC25,Backtest,FairValueGapStrategyFiltered,Short,1,17385.75,17310.75,8/8/2023 4:15:00 PM,8/8/2023 6:00:00 PM,FVG Short,Profit target,$1494.32,$102062.72,$5.68,$275.00,$1500.00,$5.68,8,
872,NQ DEC25,Backtest,FairValueGapStrategyFiltered,Short,1,17371.25,17296.25,8/9/2023 4:15:00 PM,8/9/2023 5:15:00 PM,FVG Short,Profit target,$1494.32,$103557.04,$5.68,$455.00,$1500.00,$5.68,5,
873,NQ DEC25,Backtest,FairValueGapStrategyFiltered,Long,1,17503.25,17478.25,8/10/2023 4:30:00 PM,8/10/2023 4:30:00 PM,FVG Long,Stop loss,($505.68),$103051.36,$5.68,$500.00,$0.00,$505.68,1,
874,NQ DEC25,Backtest,FairValueGapStrategyFiltered,Long,1,17321.75,17296.75,8/14/2023 5:15:00 PM,8/14/2023 5:15:00 PM,FVG Long,Stop loss,($505.68),$102545.68,$5.68,$500.00,$0.00,$505.68,1,
875,NQ DEC25,Backtest,FairValueGapStrategyFiltered,Short,1,17227.25,17252.25,8/15/2023 4:30:00 PM,8/15/2023 4:30:00 PM,FVG Short,Stop loss,($505.68),$102040.00,$5.68,$500.00,$0.00,$505.68,1,
876,NQ DEC25,Backtest,FairValueGapStrategyFiltered,Short,1,17228.50,17253.50,8/15/2023 4:45:00 PM,8/15/2023 5:15:00 PM,FVG Short,Stop loss,($505.68),$101534.32,$5.68,$500.00,$585.00,$1090.68,3,
877,NQ DEC25,Backtest,FairValueGapStrategyFiltered,Short,1,17020.50,17045.50,8/17/2023 4:15:00 PM,8/17/2023 7:15:00 PM,FVG Short,Stop loss,($505.68),$101028.64,$5.68,$500.00,$1440.00,$1945.68,13,
878,NQ DEC25,Backtest,FairValueGapStrategyFiltered,Long,1,17005.00,16980.00,8/21/2023 4:15:00 PM,8/21/2023 4:30:00 PM,FVG Long,Stop loss,($505.68),$100522.96,$5.68,$500.00,$385.00,$890.68,2,
879,NQ DEC25,Backtest,FairValueGapStrategyFiltered,Long,1,17185.25,17260.25,8/23/2023 4:15:00 PM,8/23/2023 5:00:00 PM,FVG Long,Profit target,$1494.32,$102017.28,$5.68,$225.00,$1500.00,$5.68,4,
880,NQ DEC25,Backtest,FairValueGapStrategyFiltered,Long,1,17269.75,17344.75,8/23/2023 5:15:00 PM,8/23/2023 10:30:00 PM,FVG Long,Profit target,$1494.32,$103511.60,$5.68,$235.00,$1500.00,$5.68,22,
881,NQ DEC25,Backtest,FairValueGapStrategyFiltered,Short,1,17165.25,17090.25,8/24/2023 4:45:00 PM,8/24/2023 5:15:00 PM,FVG Short,Profit target,$1494.32,$105005.92,$5.68,$260.00,$1500.00,$5.68,3,
882,NQ DEC25,Backtest,FairValueGapStrategyFiltered,Short,1,16852.00,16877.00,8/25/2023 5:15:00 PM,8/25/2023 5:15:00 PM,FVG Short,Stop loss,($505.68),$104500.24,$5.68,$500.00,$0.00,$505.68,1,
883,NQ DEC25,Backtest,FairValueGapStrategyFiltered,Long,1,17249.25,17324.25,8/29/2023 4:15:00 PM,8/29/2023 4:15:00 PM,FVG Long,Profit target,$1494.32,$105994.56,$5.68,$0.00,$1500.00,$5.68,1,
884,NQ DEC25,Backtest,FairValueGapStrategyFiltered,Long,1,17335.75,17410.75,8/29/2023 4:30:00 PM,8/29/2023 4:45:00 PM,FVG Long,Profit target,$1494.32,$107488.88,$5.68,$55.00,$1500.00,$5.68,2,
885,NQ DEC25,Backtest,FairValueGapStrategyFiltered,Long,1,17395.75,17470.75,8/29/2023 5:00:00 PM,8/29/2023 5:45:00 PM,FVG Long,Profit target,$1494.32,$108983.20,$5.68,$300.00,$1500.00,$5.68,4,
886,NQ DEC25,Backtest,FairValueGapStrategyFiltered,Long,1,17597.25,17572.25,8/30/2023 4:30:00 PM,8/30/2023 4:30:00 PM,FVG Long,Stop loss,($505.68),$108477.52,$5.68,$500.00,$0.00,$505.68,1,
887,NQ DEC25,Backtest,FairValueGapStrategyFiltered,Long,1,17658.50,17633.50,8/31/2023 4:15:00 PM,8/31/2023 4:15:00 PM,FVG Long,Stop loss,($505.68),$107971.84,$5.68,$500.00,$0.00,$505.68,1,
888,NQ DEC25,Backtest,FairValueGapStrategyFiltered,Long,1,17679.25,17654.25,8/31/2023 5:00:00 PM,8/31/2023 5:00:00 PM,FVG Long,Stop loss,($505.68),$107466.16,$5.68,$500.00,$0.00,$505.68,1,
889,NQ DEC25,Backtest,FairValueGapStrategyFiltered,Short,1,17587.00,17612.00,9/1/2023 5:15:00 PM,9/1/2023 5:30:00 PM,FVG Short,Stop loss,($505.68),$106960.48,$5.68,$500.00,$200.00,$705.68,2,
890,NQ DEC25,Backtest,FairValueGapStrategyFiltered,Long,1,17664.75,17639.75,9/4/2023 4:00:00 PM,9/4/2023 4:45:00 PM,FVG Long,Stop loss,($505.68),$106454.80,$5.68,$500.00,$115.00,$620.68,4,
891,NQ DEC25,Backtest,FairValueGapStrategyFiltered,Short,1,17611.25,17615.50,9/4/2023 5:15:00 PM,9/4/2023 7:00:00 PM,FVG Short,Exit on session close,($90.68),$106364.12,$5.68,$290.00,$145.00,$235.68,8,
892,NQ DEC25,Backtest,FairValueGapStrategyFiltered,Short,1,17478.50,17503.50,9/6/2023 4:45:00 PM,9/6/2023 4:45:00 PM,FVG Short,Stop loss,($505.68),$105858.44,$5.68,$500.00,$0.00,$505.68,1,
893,NQ DEC25,Backtest,FairValueGapStrategyFiltered,Long,1,17424.75,17399.75,9/8/2023 4:15:00 PM,9/8/2023 5:00:00 PM,FVG Long,Stop loss,($505.68),$105352.76,$5.68,$500.00,$1155.00,$1660.68,4,
894,NQ DEC25,Backtest,FairValueGapStrategyFiltered,Short,1,17389.75,17414.75,9/8/2023 5:15:00 PM,9/8/2023 5:15:00 PM,FVG Short,Stop loss,($505.68),$104847.08,$5.68,$500.00,$0.00,$505.68,1,
895,NQ DEC25,Backtest,FairValueGapStrategyFiltered,Long,1,17544.50,17519.50,9/12/2023 4:15:00 PM,9/12/2023 4:30:00 PM,FVG Long,Stop loss,($505.68),$104341.40,$5.68,$500.00,$40.00,$545.68,2,
896,NQ DEC25,Backtest,FairValueGapStrategyFiltered,Short,1,17471.00,17496.00,9/12/2023 5:00:00 PM,9/12/2023 7:30:00 PM,FVG Short,Stop loss,($505.68),$103835.72,$5.68,$500.00,$1195.00,$1700.68,11,
897,NQ DEC25,Backtest,FairValueGapStrategyFiltered,Long,1,17548.50,17523.50,9/14/2023 5:15:00 PM,9/14/2023 5:45:00 PM,FVG Long,Stop loss,($505.68),$103330.04,$5.68,$500.00,$815.00,$1320.68,3,
898,NQ DEC25,Backtest,FairValueGapStrategyFiltered,Short,1,17406.75,17331.75,9/15/2023 4:15:00 PM,9/15/2023 5:00:00 PM,FVG Short,Profit target,$1494.32,$104824.36,$5.68,$405.00,$1500.00,$5.68,4,
899,NQ DEC25,Backtest,FairValueGapStrategyFiltered,Short,1,17179.25,17204.25,9/19/2023 4:30:00 PM,9/19/2023 4:30:00 PM,FVG Short,Stop loss,($505.68),$104318.68,$5.68,$500.00,$0.00,$505.68,1,
900,NQ DEC25,Backtest,FairValueGapStrategyFiltered,Short,1,17147.75,17172.75,9/19/2023 5:15:00 PM,9/19/2023 5:30:00 PM,FVG Short,Stop loss,($505.68),$103813.00,$5.68,$500.00,$50.00,$555.68,2,
901,NQ DEC25,Backtest,FairValueGapStrategyFiltered,Short,1,17268.00,17193.00,9/20/2023 4:45:00 PM,9/20/2023 8:15:00 PM,FVG Short,Profit target,$1494.32,$105307.32,$5.68,$380.00,$1500.00,$5.68,15,
902,NQ DEC25,Backtest,FairValueGapStrategyFiltered,Short,1,16799.25,16824.25,9/22/2023 4:00:00 PM,9/22/2023 4:00:00 PM,FVG Short,Stop loss,($505.68),$104801.64,$5.68,$500.00,$0.00,$505.68,1,
903,NQ DEC25,Backtest,FairValueGapStrategyFiltered,Short,1,16637.00,16662.00,9/26/2023 4:30:00 PM,9/26/2023 4:30:00 PM,FVG Short,Stop loss,($505.68),$104295.96,$5.68,$500.00,$0.00,$505.68,1,
904,NQ DEC25,Backtest,FairValueGapStrategyFiltered,Long,1,16648.25,16623.25,9/28/2023 4:30:00 PM,9/28/2023 4:30:00 PM,FVG Long,Stop loss,($505.68),$103790.28,$5.68,$500.00,$0.00,$505.68,1,
905,NQ DEC25,Backtest,FairValueGapStrategyFiltered,Long,1,16815.75,16890.75,10/2/2023 4:15:00 PM,10/2/2023 5:30:00 PM,FVG Long,Profit target,$1494.32,$105284.60,$5.68,$325.00,$1500.00,$5.68,6,
906,NQ DEC25,Backtest,FairValueGapStrategyFiltered,Long,1,16845.50,16820.50,10/3/2023 4:15:00 PM,10/3/2023 4:15:00 PM,FVG Long,Stop loss,($505.68),$104778.92,$5.68,$500.00,$0.00,$505.68,1,
907,NQ DEC25,Backtest,FairValueGapStrategyFiltered,Short,1,16670.75,16695.75,10/3/2023 4:45:00 PM,10/3/2023 4:45:00 PM,FVG Short,Stop loss,($505.68),$104273.24,$5.68,$500.00,$0.00,$505.68,1,
908,NQ DEC25,Backtest,FairValueGapStrategyFiltered,Short,1,16684.75,16609.75,10/3/2023 5:00:00 PM,10/3/2023 5:45:00 PM,FVG Short,Profit target,$1494.32,$105767.56,$5.68,$55.00,$1500.00,$5.68,4,
909,NQ DEC25,Backtest,FairValueGapStrategyFiltered,Short,1,16680.00,16705.00,10/5/2023 4:30:00 PM,10/5/2023 6:15:00 PM,FVG Short,Stop loss,($505.68),$105261.88,$5.68,$500.00,$1385.00,$1890.68,8,
910,NQ DEC25,Backtest,FairValueGapStrategyFiltered,Long,1,16772.75,16847.75,10/6/2023 5:00:00 PM,10/6/2023 5:45:00 PM,FVG Long,Profit target,$1494.32,$106756.20,$5.68,$395.00,$1500.00,$5.68,4,
911,NQ DEC25,Backtest,FairValueGapStrategyFiltered,Long,1,17158.50,17233.50,10/10/2023 4:30:00 PM,10/10/2023 5:15:00 PM,FVG Long,Profit target,$1494.32,$108250.52,$5.68,$145.00,$1500.00,$5.68,4,
912,NQ DEC25,Backtest,FairValueGapStrategyFiltered,Long,1,17313.00,17288.00,10/12/2023 4:45:00 PM,10/12/2023 7:15:00 PM,FVG Long,Stop loss,($505.68),$107744.84,$5.68,$500.00,$1005.00,$1510.68,11,
913,NQ DEC25,Backtest,FairValueGapStrategyFiltered,Short,1,17172.25,17097.25,10/13/2023 4:45:00 PM,10/13/2023 5:00:00 PM,FVG Short,Profit target,$1494.32,$109239.16,$5.68,$375.00,$1500.00,$5.68,2,
914,NQ DEC25,Backtest,FairValueGapStrategyFiltered,Long,1,17192.50,17167.50,10/16/2023 4:45:00 PM,10/16/2023 5:45:00 PM,FVG Long,Stop loss,($505.68),$108733.48,$5.68,$500.00,$555.00,$1060.68,5,
915,NQ DEC25,Backtest,FairValueGapStrategyFiltered,Short,1,17003.25,17028.25,10/17/2023 4:00:00 PM,10/17/2023 4:15:00 PM,FVG Short,Stop loss,($505.68),$108227.80,$5.68,$500.00,$1170.00,$1675.68,2,
916,NQ DEC25,Backtest,FairValueGapStrategyFiltered,Short,1,16995.50,17020.50,10/18/2023 5:15:00 PM,10/18/2023 5:15:00 PM,FVG Short,Stop loss,($505.68),$107722.12,$5.68,$500.00,$0.00,$505.68,1,
917,NQ DEC25,Backtest,FairValueGapStrategyFiltered,Short,1,16951.75,16976.75,10/19/2023 4:15:00 PM,10/19/2023 4:15:00 PM,FVG Short,Stop loss,($505.68),$107216.44,$5.68,$500.00,$0.00,$505.68,1,
918,NQ DEC25,Backtest,FairValueGapStrategyFiltered,Short,1,16659.75,16584.75,10/20/2023 4:45:00 PM,10/20/2023 5:00:00 PM,FVG Short,Profit target,$1494.32,$108710.76,$5.68,$205.00,$1500.00,$5.68,2,
919,NQ DEC25,Backtest,FairValueGapStrategyFiltered,Short,1,16577.50,16602.50,10/20/2023 5:15:00 PM,10/20/2023 5:15:00 PM,FVG Short,Stop loss,($505.68),$108205.08,$5.68,$500.00,$0.00,$505.68,1,
920,NQ DEC25,Backtest,FairValueGapStrategyFiltered,Short,1,16546.25,16571.25,10/25/2023 4:15:00 PM,10/25/2023 5:00:00 PM,FVG Short,Stop loss,($505.68),$107699.40,$5.68,$500.00,$1100.00,$1605.68,4,
921,NQ DEC25,Backtest,FairValueGapStrategyFiltered,Short,1,16196.25,16221.25,10/26/2023 4:30:00 PM,10/26/2023 4:30:00 PM,FVG Short,Stop loss,($505.68),$107193.72,$5.68,$500.00,$0.00,$505.68,1,
922,NQ DEC25,Backtest,FairValueGapStrategyFiltered,Short,1,16207.25,16232.25,10/30/2023 4:00:00 PM,10/30/2023 4:00:00 PM,FVG Short,Stop loss,($505.68),$106688.04,$5.68,$500.00,$0.00,$505.68,1,
923,NQ DEC25,Backtest,FairValueGapStrategyFiltered,Long,1,16537.00,16512.00,11/1/2023 4:00:00 PM,11/1/2023 4:00:00 PM,FVG Long,Stop loss,($505.68),$106182.36,$5.68,$500.00,$0.00,$505.68,1,
924,NQ DEC25,Backtest,FairValueGapStrategyFiltered,Long,1,16853.75,16828.75,11/2/2023 4:15:00 PM,11/2/2023 4:30:00 PM,FVG Long,Stop loss,($505.68),$105676.68,$5.68,$500.00,$255.00,$760.68,2,
925,NQ DEC25,Backtest,FairValueGapStrategyFiltered,Long,1,17038.25,17113.25,11/3/2023 5:15:00 PM,11/3/2023 8:15:00 PM,FVG Long,Profit target,$1494.32,$107171.00,$5.68,$160.00,$1500.00,$5.68,13,
926,NQ DEC25,Backtest,FairValueGapStrategyFiltered,Long,1,17256.75,17231.75,11/7/2023 5:00:00 PM,11/7/2023 6:45:00 PM,FVG Long,Stop loss,($505.68),$106665.32,$5.68,$500.00,$810.00,$1315.68,8,
927,NQ DEC25,Backtest,FairValueGapStrategyFiltered,Long,1,17269.75,17244.75,11/10/2023 4:15:00 PM,11/10/2023 4:15:00 PM,FVG Long,Stop loss,($505.68),$106159.64,$5.68,$500.00,$0.00,$505.68,1,
928,NQ DEC25,Backtest,FairValueGapStrategyFiltered,Short,1,17747.50,17772.50,11/16/2023 4:00:00 PM,11/16/2023 4:00:00 PM,FVG Short,Stop loss,($505.68),$105653.96,$5.68,$500.00,$0.00,$505.68,1,
929,NQ DEC25,Backtest,FairValueGapStrategyFiltered,Long,1,17773.25,17748.25,11/16/2023 4:30:00 PM,11/16/2023 4:30:00 PM,FVG Long,Stop loss,($505.68),$105148.28,$5.68,$500.00,$0.00,$505.68,1,
930,NQ DEC25,Backtest,FairValueGapStrategyFiltered,Short,1,17734.50,17759.50,11/17/2023 4:00:00 PM,11/17/2023 4:00:00 PM,FVG Short,Stop loss,($505.68),$104642.60,$5.68,$500.00,$0.00,$505.68,1,
931,NQ DEC25,Backtest,FairValueGapStrategyFiltered,Long,1,17890.75,17865.75,11/20/2023 4:15:00 PM,11/20/2023 4:15:00 PM,FVG Long,Stop loss,($505.68),$104136.92,$5.68,$500.00,$0.00,$505.68,1,
932,NQ DEC25,Backtest,FairValueGapStrategyFiltered,Short,1,17831.50,17856.50,11/21/2023 5:00:00 PM,11/21/2023 6:00:00 PM,FVG Short,Stop loss,($505.68),$103631.24,$5.68,$500.00,$215.00,$720.68,5,
933,NQ DEC25,Backtest,FairValueGapStrategyFiltered,Long,1,17967.75,17957.00,11/23/2023 5:15:00 PM,11/23/2023 7:00:00 PM,FVG Long,Exit on session close,($220.68),$103410.56,$5.68,$295.00,$20.00,$240.68,8,
934,NQ DEC25,Backtest,FairValueGapStrategyFiltered,Long,1,17935.25,17910.25,11/27/2023 5:15:00 PM,11/27/2023 5:15:00 PM,FVG Long,Stop loss,($505.68),$102904.88,$5.68,$500.00,$0.00,$505.68,1,
935,NQ DEC25,Backtest,FairValueGapStrategyFiltered,Long,1,18089.25,18064.25,11/29/2023 4:15:00 PM,11/29/2023 4:15:00 PM,FVG Long,Stop loss,($505.68),$102399.20,$5.68,$500.00,$0.00,$505.68,1,
936,NQ DEC25,Backtest,FairValueGapStrategyFiltered,Short,1,17870.75,17795.75,11/30/2023 4:15:00 PM,11/30/2023 4:45:00 PM,FVG Short,Profit target,$1494.32,$103893.52,$5.68,$455.00,$1500.00,$5.68,3,
937,NQ DEC25,Backtest,FairValueGapStrategyFiltered,Short,1,17813.75,17838.75,11/30/2023 5:15:00 PM,11/30/2023 10:00:00 PM,FVG Short,Stop loss,($505.68),$103387.84,$5.68,$500.00,$1265.00,$1770.68,20,
938,NQ DEC25,Backtest,FairValueGapStrategyFiltered,Short,1,17641.50,17666.50,12/4/2023 5:00:00 PM,12/4/2023 5:45:00 PM,FVG Short,Stop loss,($505.68),$102882.16,$5.68,$500.00,$515.00,$1020.68,4,
939,NQ DEC25,Backtest,FairValueGapStrategyFiltered,Long,1,17887.00,17862.00,12/7/2023 4:45:00 PM,12/7/2023 5:15:00 PM,FVG Long,Stop loss,($505.68),$102376.48,$5.68,$500.00,$300.00,$805.68,3,
940,NQ DEC25,Backtest,FairValueGapStrategyFiltered,Long,1,17892.25,17967.25,12/8/2023 4:15:00 PM,12/8/2023 4:15:00 PM,FVG Long,Profit target,$1494.32,$103870.80,$5.68,$0.00,$1500.00,$5.68,1,
941,NQ DEC25,Backtest,FairValueGapStrategyFiltered,Long,1,17992.50,17967.50,12/8/2023 4:45:00 PM,12/8/2023 4:45:00 PM,FVG Long,Stop loss,($505.68),$103365.12,$5.68,$500.00,$0.00,$505.68,1,
942,NQ DEC25,Backtest,FairValueGapStrategyFiltered,Long,1,18058.25,18033.25,12/11/2023 4:15:00 PM,12/11/2023 5:15:00 PM,FVG Long,Stop loss,($505.68),$102859.44,$5.68,$500.00,$785.00,$1290.68,5,
943,NQ DEC25,Backtest,FairValueGapStrategyFiltered,Long,1,18149.25,18224.25,12/12/2023 4:30:00 PM,12/12/2023 8:45:00 PM,FVG Long,Profit target,$1494.32,$104353.76,$5.68,$115.00,$1500.00,$5.68,18,
944,NQ DEC25,Backtest,FairValueGapStrategyFiltered,Long,1,18532.50,18507.50,12/15/2023 5:00:00 PM,12/15/2023 7:00:00 PM,FVG Long,Stop loss,($505.68),$103848.08,$5.68,$500.00,$790.00,$1295.68,9,
945,NQ DEC25,Backtest,FairValueGapStrategyFiltered,Long,1,18701.25,18676.25,12/20/2023 4:15:00 PM,12/20/2023 8:45:00 PM,FVG Long,Stop loss,($505.68),$103342.40,$5.68,$500.00,$1140.00,$1645.68,19,
946,NQ DEC25,Backtest,FairValueGapStrategyFiltered,Long,1,18709.25,18684.25,12/22/2023 4:15:00 PM,12/22/2023 5:00:00 PM,FVG Long,Stop loss,($505.68),$102836.72,$5.68,$500.00,$220.00,$725.68,4,
947,NQ DEC25,Backtest,FairValueGapStrategyFiltered,Long,1,18725.75,18774.75,12/26/2023 4:15:00 PM,12/26/2023 11:00:00 PM,FVG Long,Exit on session close,$974.32,$103811.04,$5.68,$370.00,$1405.00,$430.68,28,
948,NQ DEC25,Backtest,FairValueGapStrategyFiltered,Short,1,18704.50,18629.50,12/29/2023 5:15:00 PM,12/29/2023 5:30:00 PM,FVG Short,Profit target,$1494.32,$105305.36,$5.68,$155.00,$1500.00,$5.68,2,
949,NQ DEC25,Backtest,FairValueGapStrategyFiltered,Short,1,18448.25,18473.25,1/2/2024 4:15:00 PM,1/2/2024 4:15:00 PM,FVG Short,Stop loss,($505.68),$104799.68,$5.68,$500.00,$0.00,$505.68,1,
950,NQ DEC25,Backtest,FairValueGapStrategyFiltered,Short,1,18400.25,18425.25,1/2/2024 5:00:00 PM,1/2/2024 5:15:00 PM,FVG Short,Stop loss,($505.68),$104294.00,$5.68,$500.00,$610.00,$1115.68,2,
951,NQ DEC25,Backtest,FairValueGapStrategyFiltered,Short,1,18264.25,18289.25,1/3/2024 4:45:00 PM,1/3/2024 5:15:00 PM,FVG Short,Stop loss,($505.68),$103788.32,$5.68,$500.00,$710.00,$1215.68,3,
952,NQ DEC25,Backtest,FairValueGapStrategyFiltered,Long,1,18223.50,18198.50,1/5/2024 4:45:00 PM,1/5/2024 5:45:00 PM,FVG Long,Stop loss,($505.68),$103282.64,$5.68,$500.00,$770.00,$1275.68,5,
953,NQ DEC25,Backtest,FairValueGapStrategyFiltered,Long,1,18261.50,18336.50,1/8/2024 4:00:00 PM,1/8/2024 4:45:00 PM,FVG Long,Profit target,$1494.32,$104776.96,$5.68,$0.00,$1500.00,$5.68,4,
954,NQ DEC25,Backtest,FairValueGapStrategyFiltered,Long,1,18342.75,18417.75,1/8/2024 5:15:00 PM,1/8/2024 8:00:00 PM,FVG Long,Profit target,$1494.32,$106271.28,$5.68,$355.00,$1500.00,$5.68,12,
955,NQ DEC25,Backtest,FairValueGapStrategyFiltered,Long,1,18412.25,18487.25,1/9/2024 4:45:00 PM,1/9/2024 6:00:00 PM,FVG Long,Profit target,$1494.32,$107765.60,$5.68,$310.00,$1500.00,$5.68,6,
956,NQ DEC25,Backtest,FairValueGapStrategyFiltered,Long,1,18541.75,18516.75,1/10/2024 4:00:00 PM,1/10/2024 4:00:00 PM,FVG Long,Stop loss,($505.68),$107259.92,$5.68,$500.00,$0.00,$505.68,1,
957,NQ DEC25,Backtest,FairValueGapStrategyFiltered,Long,1,18577.50,18552.50,1/10/2024 5:15:00 PM,1/10/2024 5:15:00 PM,FVG Long,Stop loss,($505.68),$106754.24,$5.68,$500.00,$0.00,$505.68,1,
958,NQ DEC25,Backtest,FairValueGapStrategyFiltered,Long,1,18672.50,18647.50,1/11/2024 4:00:00 PM,1/11/2024 4:00:00 PM,FVG Long,Stop loss,($505.68),$106248.56,$5.68,$500.00,$0.00,$505.68,1,
959,NQ DEC25,Backtest,FairValueGapStrategyFiltered,Short,1,18522.50,18547.50,1/11/2024 4:30:00 PM,1/11/2024 4:30:00 PM,FVG Short,Stop loss,($505.68),$105742.88,$5.68,$500.00,$0.00,$505.68,1,
960,NQ DEC25,Backtest,FairValueGapStrategyFiltered,Long,1,18676.50,18651.50,1/16/2024 4:45:00 PM,1/16/2024 5:15:00 PM,FVG Long,Stop loss,($505.68),$105237.20,$5.68,$500.00,$840.00,$1345.68,3,
961,NQ DEC25,Backtest,FairValueGapStrategyFiltered,Short,1,18392.25,18417.25,1/17/2024 4:15:00 PM,1/17/2024 4:15:00 PM,FVG Short,Stop loss,($505.68),$104731.52,$5.68,$500.00,$0.00,$505.68,1,
962,NQ DEC25,Backtest,FairValueGapStrategyFiltered,Long,1,18740.75,18715.75,1/18/2024 5:15:00 PM,1/18/2024 5:15:00 PM,FVG Long,Stop loss,($505.68),$104225.84,$5.68,$500.00,$0.00,$505.68,1,
963,NQ DEC25,Backtest,FairValueGapStrategyFiltered,Long,1,19400.50,19375.50,1/24/2024 4:45:00 PM,1/24/2024 5:30:00 PM,FVG Long,Stop loss,($505.68),$103720.16,$5.68,$500.00,$985.00,$1490.68,4,
964,NQ DEC25,Backtest,FairValueGapStrategyFiltered,Long,1,19311.00,19286.00,1/26/2024 5:15:00 PM,1/26/2024 5:15:00 PM,FVG Long,Stop loss,($505.68),$103214.48,$5.68,$500.00,$0.00,$505.68,1,
965,NQ DEC25,Backtest,FairValueGapStrategyFiltered,Short,1,18983.75,19008.75,1/31/2024 5:00:00 PM,1/31/2024 5:15:00 PM,FVG Short,Stop loss,($505.68),$102708.80,$5.68,$500.00,$280.00,$785.68,2,
966,NQ DEC25,Backtest,FairValueGapStrategyFiltered,Long,1,19275.25,19250.25,2/2/2024 4:15:00 PM,2/2/2024 4:15:00 PM,FVG Long,Stop loss,($505.68),$102203.12,$5.68,$500.00,$0.00,$505.68,1,
967,NQ DEC25,Backtest,FairValueGapStrategyFiltered,Long,1,19324.75,19299.75,2/2/2024 5:15:00 PM,2/2/2024 5:15:00 PM,FVG Long,Stop loss,($505.68),$101697.44,$5.68,$500.00,$0.00,$505.68,1,
968,NQ DEC25,Backtest,FairValueGapStrategyFiltered,Short,1,19250.00,19275.00,2/5/2024 5:00:00 PM,2/5/2024 5:00:00 PM,FVG Short,Stop loss,($505.68),$101191.76,$5.68,$500.00,$0.00,$505.68,1,
969,NQ DEC25,Backtest,FairValueGapStrategyFiltered,Short,1,19277.75,19302.75,2/5/2024 5:15:00 PM,2/5/2024 5:15:00 PM,FVG Short,Stop loss,($505.68),$100686.08,$5.68,$500.00,$0.00,$505.68,1,
970,NQ DEC25,Backtest,FairValueGapStrategyFiltered,Short,1,19338.75,19263.75,2/6/2024 4:15:00 PM,2/6/2024 6:00:00 PM,FVG Short,Profit target,$1494.32,$102180.40,$5.68,$185.00,$1500.00,$5.68,8,
971,NQ DEC25,Backtest,FairValueGapStrategyFiltered,Long,1,19549.75,19524.75,2/7/2024 4:45:00 PM,2/7/2024 4:45:00 PM,FVG Long,Stop loss,($505.68),$101674.72,$5.68,$500.00,$0.00,$505.68,1,
972,NQ DEC25,Backtest,FairValueGapStrategyFiltered,Long,1,19539.00,19514.00,2/7/2024 5:00:00 PM,2/7/2024 5:15:00 PM,FVG Long,Stop loss,($505.68),$101169.04,$5.68,$500.00,$425.00,$930.68,2,
973,NQ DEC25,Backtest,FairValueGapStrategyFiltered,Long,1,19620.00,19695.00,2/9/2024 4:30:00 PM,2/9/2024 7:00:00 PM,FVG Long,Profit target,$1494.32,$102663.36,$5.68,$50.00,$1500.00,$5.68,11,
974,NQ DEC25,Backtest,FairValueGapStrategyFiltered,Long,1,19764.25,19739.25,2/12/2024 5:15:00 PM,2/12/2024 7:30:00 PM,FVG Long,Stop loss,($505.68),$102157.68,$5.68,$500.00,$840.00,$1345.68,10,
975,NQ DEC25,Backtest,FairValueGapStrategyFiltered,Short,1,19456.75,19481.75,2/16/2024 4:15:00 PM,2/16/2024 4:45:00 PM,FVG Short,Stop loss,($505.68),$101652.00,$5.68,$500.00,$1100.00,$1605.68,3,
976,NQ DEC25,Backtest,FairValueGapStrategyFiltered,Short,1,19247.25,19172.25,2/20/2024 4:15:00 PM,2/20/2024 4:45:00 PM,FVG Short,Profit target,$1494.32,$103146.32,$5.68,$60.00,$1500.00,$5.68,3,
977,NQ DEC25,Backtest,FairValueGapStrategyFiltered,Long,1,19824.75,19799.75,2/23/2024 4:00:00 PM,2/23/2024 4:00:00 PM,FVG Long,Stop loss,($505.68),$102640.64,$5.68,$500.00,$0.00,$505.68,1,
978,NQ DEC25,Backtest,FairValueGapStrategyFiltered,Long,1,19818.75,19793.75,3/1/2024 4:00:00 PM,3/1/2024 4:00:00 PM,FVG Long,Stop loss,($505.68),$102134.96,$5.68,$500.00,$0.00,$505.68,1,
979,NQ DEC25,Backtest,FairValueGapStrategyFiltered,Long,1,19864.75,19839.75,3/1/2024 4:45:00 PM,3/1/2024 4:45:00 PM,FVG Long,Stop loss,($505.68),$101629.28,$5.68,$500.00,$0.00,$505.68,1,
980,NQ DEC25,Backtest,FairValueGapStrategyFiltered,Long,1,20006.50,19981.50,3/4/2024 5:15:00 PM,3/4/2024 5:45:00 PM,FVG Long,Stop loss,($505.68),$101123.60,$5.68,$500.00,$95.00,$600.68,3,
981,NQ DEC25,Backtest,FairValueGapStrategyFiltered,Short,1,19724.25,19749.25,3/5/2024 4:15:00 PM,3/5/2024 4:15:00 PM,FVG Short,Stop loss,($505.68),$100617.92,$5.68,$500.00,$0.00,$505.68,1,
982,NQ DEC25,Backtest,FairValueGapStrategyFiltered,Short,1,19646.75,19571.75,3/5/2024 4:45:00 PM,3/5/2024 7:45:00 PM,FVG Short,Profit target,$1494.32,$102112.24,$5.68,$330.00,$1500.00,$5.68,13,
983,NQ DEC25,Backtest,FairValueGapStrategyFiltered,Short,1,19685.25,19710.25,3/6/2024 4:30:00 PM,3/6/2024 4:30:00 PM,FVG Short,Stop loss,($505.68),$101606.56,$5.68,$500.00,$0.00,$505.68,1,
984,NQ DEC25,Backtest,FairValueGapStrategyFiltered,Short,1,19702.00,19727.00,3/6/2024 4:45:00 PM,3/6/2024 4:45:00 PM,FVG Short,Stop loss,($505.68),$101100.88,$5.68,$500.00,$0.00,$505.68,1,
985,NQ DEC25,Backtest,FairValueGapStrategyFiltered,Long,1,19848.00,19823.00,3/7/2024 4:00:00 PM,3/7/2024 4:00:00 PM,FVG Long,Stop loss,($505.68),$100595.20,$5.68,$500.00,$0.00,$505.68,1,
986,NQ DEC25,Backtest,FairValueGapStrategyFiltered,Long,1,19949.50,19924.50,3/7/2024 5:00:00 PM,3/7/2024 5:00:00 PM,FVG Long,Stop loss,($505.68),$100089.52,$5.68,$500.00,$0.00,$505.68,1,
987,NQ DEC25,Backtest,FairValueGapStrategyFiltered,Long,1,20106.50,20081.50,3/8/2024 4:30:00 PM,3/8/2024 4:45:00 PM,FVG Long,Stop loss,($505.68),$99583.84,$5.68,$500.00,$260.00,$765.68,2,
988,NQ DEC25,Backtest,FairValueGapStrategyFiltered,Long,1,19844.75,19819.75,3/12/2024 4:00:00 PM,3/12/2024 5:30:00 PM,FVG Long,Stop loss,($505.68),$99078.16,$5.68,$500.00,$1000.00,$1505.68,7,
989,NQ DEC25,Backtest,FairValueGapStrategyFiltered,Short,1,19500.75,19525.75,3/15/2024 5:15:00 PM,3/15/2024 7:15:00 PM,FVG Short,Stop loss,($505.68),$98572.48,$5.68,$500.00,$1145.00,$1650.68,9,
990,NQ DEC25,Backtest,FairValueGapStrategyFiltered,Long,1,19722.25,19697.25,3/20/2024 4:45:00 PM,3/20/2024 5:00:00 PM,FVG Long,Stop loss,($505.68),$98066.80,$5.68,$500.00,$220.00,$725.68,2,
991,NQ DEC25,Backtest,FairValueGapStrategyFiltered,Long,1,20119.25,20094.25,3/21/2024 5:15:00 PM,3/21/2024 6:30:00 PM,FVG Long,Stop loss,($505.68),$97561.12,$5.68,$500.00,$510.00,$1015.68,6,
992,NQ DEC25,Backtest,FairValueGapStrategyFiltered,Long,1,19990.75,19965.75,3/22/2024 4:45:00 PM,3/22/2024 5:45:00 PM,FVG Long,Stop loss,($505.68),$97055.44,$5.68,$500.00,$295.00,$800.68,5,
993,NQ DEC25,Backtest,FairValueGapStrategyFiltered,Short,1,19980.25,20005.25,3/26/2024 4:00:00 PM,3/26/2024 4:15:00 PM,FVG Short,Stop loss,($505.68),$96549.76,$5.68,$500.00,$125.00,$630.68,2,
994,NQ DEC25,Backtest,FairValueGapStrategyFiltered,Long,1,20021.75,19996.75,4/1/2024 4:15:00 PM,4/1/2024 4:15:00 PM,FVG Long,Stop loss,($505.68),$96044.08,$5.68,$500.00,$0.00,$505.68,1,
995,NQ DEC25,Backtest,FairValueGapStrategyFiltered,Short,1,19941.00,19866.00,4/1/2024 5:00:00 PM,4/1/2024 5:30:00 PM,FVG Short,Profit target,$1494.32,$97538.40,$5.68,$75.00,$1500.00,$5.68,3,
996,NQ DEC25,Backtest,FairValueGapStrategyFiltered,Short,1,19692.00,19717.00,4/2/2024 4:15:00 PM,4/2/2024 5:45:00 PM,FVG Short,Stop loss,($505.68),$97032.72,$5.68,$500.00,$1065.00,$1570.68,7,
997,NQ DEC25,Backtest,FairValueGapStrategyFiltered,Long,1,19846.75,19821.75,4/3/2024 4:45:00 PM,4/3/2024 6:15:00 PM,FVG Long,Stop loss,($505.68),$96527.04,$5.68,$500.00,$845.00,$1350.68,7,
998,NQ DEC25,Backtest,FairValueGapStrategyFiltered,Long,1,19784.75,19759.75,4/8/2024 5:00:00 PM,4/8/2024 5:45:00 PM,FVG Long,Stop loss,($505.68),$96021.36,$5.68,$500.00,$570.00,$1075.68,4,
999,NQ DEC25,Backtest,FairValueGapStrategyFiltered,Short,1,19624.25,19649.25,4/9/2024 5:00:00 PM,4/9/2024 5:00:00 PM,FVG Short,Stop loss,($505.68),$95515.68,$5.68,$500.00,$0.00,$505.68,1,
1000,NQ DEC25,Backtest,FairValueGapStrategyFiltered,Short,1,19654.00,19679.00,4/9/2024 5:15:00 PM,4/9/2024 5:15:00 PM,FVG Short,Stop loss,($505.68),$95010.00,$5.68,$500.00,$0.00,$505.68,1,
1001,NQ DEC25,Backtest,FairValueGapStrategyFiltered,Short,1,19646.50,19671.50,4/11/2024 4:45:00 PM,4/11/2024 4:45:00 PM,FVG Short,Stop loss,($505.68),$94504.32,$5.68,$500.00,$0.00,$505.68,1,
1002,NQ DEC25,Backtest,FairValueGapStrategyFiltered,Short,1,19635.50,19660.50,4/12/2024 5:15:00 PM,4/12/2024 5:15:00 PM,FVG Short,Stop loss,($505.68),$93998.64,$5.68,$500.00,$0.00,$505.68,1,
1003,NQ DEC25,Backtest,FairValueGapStrategyFiltered,Short,1,19741.75,19666.75,4/15/2024 4:15:00 PM,4/15/2024 4:15:00 PM,FVG Short,Profit target,$1494.32,$95492.96,$5.68,$0.00,$1500.00,$5.68,1,
1004,NQ DEC25,Backtest,FairValueGapStrategyFiltered,Short,1,19665.75,19590.75,4/15/2024 4:45:00 PM,4/15/2024 6:30:00 PM,FVG Short,Profit target,$1494.32,$96987.28,$5.68,$415.00,$1500.00,$5.68,8,
1005,NQ DEC25,Backtest,FairValueGapStrategyFiltered,Short,1,19329.25,19254.25,4/17/2024 4:15:00 PM,4/17/2024 4:30:00 PM,FVG Short,Profit target,$1494.32,$98481.60,$5.68,$45.00,$1500.00,$5.68,2,
1006,NQ DEC25,Backtest,FairValueGapStrategyFiltered,Short,1,19286.75,19211.75,4/17/2024 4:45:00 PM,4/17/2024 5:00:00 PM,FVG Short,Profit target,$1494.32,$99975.92,$5.68,$160.00,$1500.00,$5.68,2,
1007,NQ DEC25,Backtest,FairValueGapStrategyFiltered,Short,1,19047.25,19072.25,4/18/2024 4:15:00 PM,4/18/2024 4:15:00 PM,FVG Short,Stop loss,($505.68),$99470.24,$5.68,$500.00,$0.00,$505.68,1,
1008,NQ DEC25,Backtest,FairValueGapStrategyFiltered,Short,1,18630.50,18655.50,4/22/2024 4:45:00 PM,4/22/2024 4:45:00 PM,FVG Short,Stop loss,($505.68),$98964.56,$5.68,$500.00,$0.00,$505.68,1,
1009,NQ DEC25,Backtest,FairValueGapStrategyFiltered,Short,1,18653.00,18678.00,4/22/2024 5:00:00 PM,4/22/2024 5:45:00 PM,FVG Short,Stop loss,($505.68),$98458.88,$5.68,$500.00,$1345.00,$1850.68,4,
1010,NQ DEC25,Backtest,FairValueGapStrategyFiltered,Long,1,18938.00,18913.00,4/23/2024 4:15:00 PM,4/23/2024 4:15:00 PM,FVG Long,Stop loss,($505.68),$97953.20,$5.68,$500.00,$0.00,$505.68,1,
1011,NQ DEC25,Backtest,FairValueGapStrategyFiltered,Long,1,19012.75,18987.75,4/23/2024 5:00:00 PM,4/23/2024 5:15:00 PM,FVG Long,Stop loss,($505.68),$97447.52,$5.68,$500.00,$430.00,$935.68,2,
1012,NQ DEC25,Backtest,FairValueGapStrategyFiltered,Long,1,19206.75,19181.75,4/24/2024 4:00:00 PM,4/24/2024 4:00:00 PM,FVG Long,Stop loss,($505.68),$96941.84,$5.68,$500.00,$0.00,$505.68,1,
1013,NQ DEC25,Backtest,FairValueGapStrategyFiltered,Short,1,18790.25,18815.25,4/25/2024 5:15:00 PM,4/25/2024 5:15:00 PM,FVG Short,Stop loss,($505.68),$96436.16,$5.68,$500.00,$0.00,$505.68,1,
1014,NQ DEC25,Backtest,FairValueGapStrategyFiltered,Long,1,19222.50,19297.50,4/26/2024 4:15:00 PM,4/26/2024 5:15:00 PM,FVG Long,Profit target,$1494.32,$97930.48,$5.68,$330.00,$1500.00,$5.68,5,
1015,NQ DEC25,Backtest,FairValueGapStrategyFiltered,Long,1,19331.25,19306.25,4/29/2024 4:45:00 PM,4/29/2024 5:15:00 PM,FVG Long,Stop loss,($505.68),$97424.80,$5.68,$500.00,$450.00,$955.68,3,
1016,NQ DEC25,Backtest,FairValueGapStrategyFiltered,Short,1,18937.50,18862.50,5/2/2024 4:15:00 PM,5/2/2024 4:15:00 PM,FVG Short,Profit target,$1494.32,$98919.12,$5.68,$0.00,$1500.00,$5.68,1,
1017,NQ DEC25,Backtest,FairValueGapStrategyFiltered,Short,1,18882.50,18907.50,5/2/2024 4:30:00 PM,5/2/2024 4:30:00 PM,FVG Short,Stop loss,($505.68),$98413.44,$5.68,$500.00,$0.00,$505.68,1,
1018,NQ DEC25,Backtest,FairValueGapStrategyFiltered,Long,1,19547.00,19522.00,5/6/2024 4:15:00 PM,5/6/2024 4:30:00 PM,FVG Long,Stop loss,($505.68),$97907.76,$5.68,$500.00,$145.00,$650.68,2,
1019,NQ DEC25,Backtest,FairValueGapStrategyFiltered,Long,1,19656.00,19631.00,5/8/2024 5:00:00 PM,5/8/2024 5:15:00 PM,FVG Long,Stop loss,($505.68),$97402.08,$5.68,$500.00,$470.00,$975.68,2,
1020,NQ DEC25,Backtest,FairValueGapStrategyFiltered,Short,1,19594.50,19619.50,5/9/2024 4:15:00 PM,5/9/2024 4:15:00 PM,FVG Short,Stop loss,($505.68),$96896.40,$5.68,$500.00,$0.00,$505.68,1,
1021,NQ DEC25,Backtest,FairValueGapStrategyFiltered,Long,1,19648.00,19623.00,5/9/2024 5:15:00 PM,5/9/2024 6:00:00 PM,FVG Long,Stop loss,($505.68),$96390.72,$5.68,$500.00,$530.00,$1035.68,4,
1022,NQ DEC25,Backtest,FairValueGapStrategyFiltered,Long,1,19766.00,19741.00,5/10/2024 4:15:00 PM,5/10/2024 4:15:00 PM,FVG Long,Stop loss,($505.68),$95885.04,$5.68,$500.00,$0.00,$505.68,1,
1023,NQ DEC25,Backtest,FairValueGapStrategyFiltered,Long,1,20001.75,20076.75,5/15/2024 5:00:00 PM,5/15/2024 7:15:00 PM,FVG Long,Profit target,$1494.32,$97379.36,$5.68,$120.00,$1500.00,$5.68,10,
1024,NQ DEC25,Backtest,FairValueGapStrategyFiltered,Short,1,20083.00,20108.00,5/17/2024 4:00:00 PM,5/17/2024 4:45:00 PM,FVG Short,Stop loss,($505.68),$96873.68,$5.68,$500.00,$505.00,$1010.68,4,
1025,NQ DEC25,Backtest,FairValueGapStrategyFiltered,Long,1,20108.00,20083.00,5/17/2024 5:00:00 PM,5/17/2024 5:15:00 PM,FVG Long,Stop loss,($505.68),$96368.00,$5.68,$500.00,$125.00,$630.68,2,
1026,NQ DEC25,Backtest,FairValueGapStrategyFiltered,Long,1,20187.00,20162.00,5/20/2024 4:15:00 PM,5/20/2024 8:15:00 PM,FVG Long,Stop loss,($505.68),$95862.32,$5.68,$500.00,$895.00,$1400.68,17,
1027,NQ DEC25,Backtest,FairValueGapStrategyFiltered,Long,1,20179.00,20236.00,5/21/2024 5:00:00 PM,5/21/2024 11:00:00 PM,FVG Long,Exit on session close,$1134.32,$96996.64,$5.68,$205.00,$1340.00,$205.68,25,
1028,NQ DEC25,Backtest,FairValueGapStrategyFiltered,Long,1,20270.75,20345.75,5/24/2024 4:45:00 PM,5/24/2024 5:15:00 PM,FVG Long,Profit target,$1494.32,$98490.96,$5.68,$400.00,$1500.00,$5.68,3,
1029,NQ DEC25,Backtest,FairValueGapStrategyFiltered,Long,1,20347.50,20388.00,5/27/2024 5:15:00 PM,5/27/2024 7:00:00 PM,FVG Long,Exit on session close,$804.32,$99295.28,$5.68,$15.00,$915.00,$110.68,8,
1030,NQ DEC25,Backtest,FairValueGapStrategyFiltered,Short,1,20301.75,20326.75,5/28/2024 4:15:00 PM,5/28/2024 4:15:00 PM,FVG Short,Stop loss,($505.68),$98789.60,$5.68,$500.00,$0.00,$505.68,1,
1031,NQ DEC25,Backtest,FairValueGapStrategyFiltered,Long,1,20361.25,20336.25,5/28/2024 5:15:00 PM,5/28/2024 8:00:00 PM,FVG Long,Stop loss,($505.68),$98283.92,$5.68,$500.00,$410.00,$915.68,12,
1032,NQ DEC25,Backtest,FairValueGapStrategyFiltered,Short,1,20095.50,20120.50,5/30/2024 5:15:00 PM,5/30/2024 5:45:00 PM,FVG Short,Stop loss,($505.68),$97778.24,$5.68,$500.00,$690.00,$1195.68,3,
1033,NQ DEC25,Backtest,FairValueGapStrategyFiltered,Short,1,19925.25,19850.25,5/31/2024 4:30:00 PM,5/31/2024 4:45:00 PM,FVG Short,Profit target,$1494.32,$99272.56,$5.68,$180.00,$1500.00,$5.68,2,
1034,NQ DEC25,Backtest,FairValueGapStrategyFiltered,Short,1,19807.50,19832.50,5/31/2024 5:00:00 PM,5/31/2024 5:00:00 PM,FVG Short,Stop loss,($505.68),$98766.88,$5.68,$500.00,$0.00,$505.68,1,
1035,NQ DEC25,Backtest,FairValueGapStrategyFiltered,Short,1,19824.00,19749.00,5/31/2024 5:15:00 PM,5/31/2024 5:45:00 PM,FVG Short,Profit target,$1494.32,$100261.20,$5.68,$30.00,$1500.00,$5.68,3,
1036,NQ DEC25,Backtest,FairValueGapStrategyFiltered,Short,1,20027.75,20052.75,6/3/2024 5:15:00 PM,6/3/2024 5:30:00 PM,FVG Short,Stop loss,($505.68),$99755.52,$5.68,$500.00,$525.00,$1030.68,2,
1037,NQ DEC25,Backtest,FairValueGapStrategyFiltered,Long,1,20353.25,20428.25,6/5/2024 5:00:00 PM,6/5/2024 6:45:00 PM,FVG Long,Profit target,$1494.32,$101249.84,$5.68,$170.00,$1500.00,$5.68,8,
1038,NQ DEC25,Backtest,FairValueGapStrategyFiltered,Long,1,20513.50,20488.50,6/7/2024 5:15:00 PM,6/7/2024 5:15:00 PM,FVG Long,Stop loss,($505.68),$100744.16,$5.68,$500.00,$0.00,$505.68,1,
1039,NQ DEC25,Backtest,FairValueGapStrategyFiltered,Long,1,20544.25,20519.25,6/11/2024 5:00:00 PM,6/11/2024 5:45:00 PM,FVG Long,Stop loss,($505.68),$100238.48,$5.68,$500.00,$600.00,$1105.68,4,
1040,NQ DEC25,Backtest,FairValueGapStrategyFiltered,Long,1,20928.25,20903.25,6/12/2024 4:15:00 PM,6/12/2024 8:15:00 PM,FVG Long,Stop loss,($505.68),$99732.80,$5.68,$500.00,$1115.00,$1620.68,17,
1041,NQ DEC25,Backtest,FairValueGapStrategyFiltered,Long,1,21076.00,21051.00,6/14/2024 4:15:00 PM,6/14/2024 4:15:00 PM,FVG Long,Stop loss,($505.68),$99227.12,$5.68,$500.00,$0.00,$505.68,1,
1042,NQ DEC25,Backtest,FairValueGapStrategyFiltered,Short,1,21343.50,21368.50,6/20/2024 4:45:00 PM,6/20/2024 4:45:00 PM,FVG Short,Stop loss,($505.68),$98721.44,$5.68,$500.00,$0.00,$505.68,1,
1043,NQ DEC25,Backtest,FairValueGapStrategyFiltered,Short,1,21130.00,21155.00,6/21/2024 4:15:00 PM,6/21/2024 4:15:00 PM,FVG Short,Stop loss,($505.68),$98215.76,$5.68,$500.00,$0.00,$505.68,1,
1044,NQ DEC25,Backtest,FairValueGapStrategyFiltered,Long,1,21147.00,21122.00,6/26/2024 4:15:00 PM,6/26/2024 4:30:00 PM,FVG Long,Stop loss,($505.68),$97710.08,$5.68,$500.00,$925.00,$1430.68,2,
1045,NQ DEC25,Backtest,FairValueGapStrategyFiltered,Long,1,21236.25,21211.25,6/27/2024 4:15:00 PM,6/27/2024 5:00:00 PM,FVG Long,Stop loss,($505.68),$97204.40,$5.68,$500.00,$1140.00,$1645.68,4,
1046,NQ DEC25,Backtest,FairValueGapStrategyFiltered,Long,1,21324.75,21399.75,6/28/2024 4:15:00 PM,6/28/2024 4:15:00 PM,FVG Long,Profit target,$1494.32,$98698.72,$5.68,$0.00,$1500.00,$5.68,1,
1047,NQ DEC25,Backtest,FairValueGapStrategyFiltered,Long,1,21440.50,21415.50,6/28/2024 4:30:00 PM,6/28/2024 4:30:00 PM,FVG Long,Stop loss,($505.68),$98193.04,$5.68,$500.00,$0.00,$505.68,1,
1048,NQ DEC25,Backtest,FairValueGapStrategyFiltered,Long,1,21392.00,21367.00,6/28/2024 4:45:00 PM,6/28/2024 4:45:00 PM,FVG Long,Stop loss,($505.68),$97687.36,$5.68,$500.00,$0.00,$505.68,1,
1049,NQ DEC25,Backtest,FairValueGapStrategyFiltered,Short,1,21064.25,21089.25,7/1/2024 4:15:00 PM,7/1/2024 4:15:00 PM,FVG Short,Stop loss,($505.68),$97181.68,$5.68,$500.00,$0.00,$505.68,1,
1050,NQ DEC25,Backtest,FairValueGapStrategyFiltered,Long,1,21247.00,21222.00,7/2/2024 4:00:00 PM,7/2/2024 4:00:00 PM,FVG Long,Stop loss,($505.68),$96676.00,$5.68,$500.00,$0.00,$505.68,1,
1051,NQ DEC25,Backtest,FairValueGapStrategyFiltered,Long,1,21239.75,21214.75,7/2/2024 4:15:00 PM,7/2/2024 4:15:00 PM,FVG Long,Stop loss,($505.68),$96170.32,$5.68,$500.00,$0.00,$505.68,1,
1052,NQ DEC25,Backtest,FairValueGapStrategyFiltered,Long,1,21451.75,21426.75,7/3/2024 4:15:00 PM,7/3/2024 4:15:00 PM,FVG Long,Stop loss,($505.68),$95664.64,$5.68,$500.00,$0.00,$505.68,1,
1053,NQ DEC25,Backtest,FairValueGapStrategyFiltered,Long,1,21647.75,21622.75,7/5/2024 4:00:00 PM,7/5/2024 4:00:00 PM,FVG Long,Stop loss,($505.68),$95158.96,$5.68,$500.00,$0.00,$505.68,1,
1054,NQ DEC25,Backtest,FairValueGapStrategyFiltered,Long,1,21700.00,21775.00,7/5/2024 5:15:00 PM,7/5/2024 6:00:00 PM,FVG Long,Profit target,$1494.32,$96653.28,$5.68,$270.00,$1500.00,$5.68,4,
1055,NQ DEC25,Backtest,FairValueGapStrategyFiltered,Short,1,21868.00,21893.00,7/11/2024 4:45:00 PM,7/11/2024 4:45:00 PM,FVG Short,Stop loss,($505.68),$96147.60,$5.68,$500.00,$0.00,$505.68,1,
1056,NQ DEC25,Backtest,FairValueGapStrategyFiltered,Short,1,21824.25,21849.25,7/11/2024 5:00:00 PM,7/11/2024 5:00:00 PM,FVG Short,Stop loss,($505.68),$95641.92,$5.68,$500.00,$0.00,$505.68,1,
1057,NQ DEC25,Backtest,FairValueGapStrategyFiltered,Long,1,21857.75,21932.75,7/15/2024 4:45:00 PM,7/15/2024 5:15:00 PM,FVG Long,Profit target,$1494.32,$97136.24,$5.68,$50.00,$1500.00,$5.68,3,
1058,NQ DEC25,Backtest,FairValueGapStrategyFiltered,Short,1,21679.00,21704.00,7/16/2024 4:30:00 PM,7/16/2024 4:30:00 PM,FVG Short,Stop loss,($505.68),$96630.56,$5.68,$500.00,$0.00,$505.68,1,
1059,NQ DEC25,Backtest,FairValueGapStrategyFiltered,Short,1,21700.25,21725.25,7/16/2024 4:45:00 PM,7/16/2024 4:45:00 PM,FVG Short,Stop loss,($505.68),$96124.88,$5.68,$500.00,$0.00,$505.68,1,
1060,NQ DEC25,Backtest,FairValueGapStrategyFiltered,Short,1,21385.50,21310.50,7/17/2024 4:15:00 PM,7/17/2024 4:15:00 PM,FVG Short,Profit target,$1494.32,$97619.20,$5.68,$0.00,$1500.00,$5.68,1,
1061,NQ DEC25,Backtest,FairValueGapStrategyFiltered,Short,1,21307.25,21332.25,7/17/2024 4:45:00 PM,7/17/2024 4:45:00 PM,FVG Short,Stop loss,($505.68),$97113.52,$5.68,$500.00,$0.00,$505.68,1,
1062,NQ DEC25,Backtest,FairValueGapStrategyFiltered,Short,1,21244.50,21269.50,7/18/2024 4:15:00 PM,7/18/2024 4:15:00 PM,FVG Short,Stop loss,($505.68),$96607.84,$5.68,$500.00,$0.00,$505.68,1,
1063,NQ DEC25,Backtest,FairValueGapStrategyFiltered,Short,1,21166.50,21091.50,7/18/2024 5:15:00 PM,7/18/2024 5:15:00 PM,FVG Short,Profit target,$1494.32,$98102.16,$5.68,$0.00,$1500.00,$5.68,1,
1064,NQ DEC25,Backtest,FairValueGapStrategyFiltered,Short,1,20953.25,20978.25,7/19/2024 5:00:00 PM,7/19/2024 5:00:00 PM,FVG Short,Stop loss,($505.68),$97596.48,$5.68,$500.00,$0.00,$505.68,1,
1065,NQ DEC25,Backtest,FairValueGapStrategyFiltered,Long,1,21183.00,21158.00,7/23/2024 4:15:00 PM,7/23/2024 4:15:00 PM,FVG Long,Stop loss,($505.68),$97090.80,$5.68,$500.00,$0.00,$505.68,1,
1066,NQ DEC25,Backtest,FairValueGapStrategyFiltered,Short,1,20688.00,20613.00,7/24/2024 4:15:00 PM,7/24/2024 5:00:00 PM,FVG Short,Profit target,$1494.32,$98585.12,$5.68,$245.00,$1500.00,$5.68,4,
1067,NQ DEC25,Backtest,FairValueGapStrategyFiltered,Short,1,20612.75,20537.75,7/24/2024 5:15:00 PM,7/24/2024 6:00:00 PM,FVG Short,Profit target,$1494.32,$100079.44,$5.68,$145.00,$1500.00,$5.68,4,
1068,NQ DEC25,Backtest,FairValueGapStrategyFiltered,Short,1,20207.75,20132.75,7/25/2024 4:15:00 PM,7/25/2024 4:15:00 PM,FVG Short,Profit target,$1494.32,$101573.76,$5.68,$0.00,$1500.00,$5.68,1,
1069,NQ DEC25,Backtest,FairValueGapStrategyFiltered,Short,1,20104.75,20129.75,7/25/2024 4:30:00 PM,7/25/2024 4:30:00 PM,FVG Short,Stop loss,($505.68),$101068.08,$5.68,$500.00,$0.00,$505.68,1,
1070,NQ DEC25,Backtest,FairValueGapStrategyFiltered,Short,1,20306.50,20331.50,7/26/2024 4:15:00 PM,7/26/2024 4:15:00 PM,FVG Short,Stop loss,($505.68),$100562.40,$5.68,$500.00,$0.00,$505.68,1,
1071,NQ DEC25,Backtest,FairValueGapStrategyFiltered,Long,1,20533.75,20508.75,7/29/2024 4:15:00 PM,7/29/2024 4:15:00 PM,FVG Long,Stop loss,($505.68),$100056.72,$5.68,$500.00,$0.00,$505.68,1,
1072,NQ DEC25,Backtest,FairValueGapStrategyFiltered,Short,1,20395.00,20420.00,7/30/2024 4:30:00 PM,7/30/2024 4:30:00 PM,FVG Short,Stop loss,($505.68),$99551.04,$5.68,$500.00,$0.00,$505.68,1,
1073,NQ DEC25,Backtest,FairValueGapStrategyFiltered,Long,1,20618.75,20593.75,7/31/2024 4:45:00 PM,7/31/2024 5:00:00 PM,FVG Long,Stop loss,($505.68),$99045.36,$5.68,$500.00,$1035.00,$1540.68,2,
1074,NQ DEC25,Backtest,FairValueGapStrategyFiltered,Long,1,20817.75,20792.75,8/1/2024 4:15:00 PM,8/1/2024 4:15:00 PM,FVG Long,Stop loss,($505.68),$98539.68,$5.68,$500.00,$0.00,$505.68,1,
1075,NQ DEC25,Backtest,FairValueGapStrategyFiltered,Short,1,19663.50,19688.50,8/2/2024 4:45:00 PM,8/2/2024 4:45:00 PM,FVG Short,Stop loss,($505.68),$98034.00,$5.68,$500.00,$0.00,$505.68,1,
1076,NQ DEC25,Backtest,FairValueGapStrategyFiltered,Long,1,19478.25,19453.25,8/6/2024 5:15:00 PM,8/6/2024 5:15:00 PM,FVG Long,Stop loss,($505.68),$97528.32,$5.68,$500.00,$0.00,$505.68,1,
1077,NQ DEC25,Backtest,FairValueGapStrategyFiltered,Long,1,19696.00,19671.00,8/7/2024 4:15:00 PM,8/7/2024 4:15:00 PM,FVG Long,Stop loss,($505.68),$97022.64,$5.68,$500.00,$0.00,$505.68,1,
1078,NQ DEC25,Backtest,FairValueGapStrategyFiltered,Long,1,19558.50,19533.50,8/8/2024 4:45:00 PM,8/8/2024 4:45:00 PM,FVG Long,Stop loss,($505.68),$96516.96,$5.68,$500.00,$0.00,$505.68,1,
1079,NQ DEC25,Backtest,FairValueGapStrategyFiltered,Long,1,19543.50,19518.50,8/8/2024 5:00:00 PM,8/8/2024 5:15:00 PM,FVG Long,Stop loss,($505.68),$96011.28,$5.68,$500.00,$1420.00,$1925.68,2,
1080,NQ DEC25,Backtest,FairValueGapStrategyFiltered,Long,1,19873.50,19848.50,8/12/2024 4:45:00 PM,8/12/2024 5:30:00 PM,FVG Long,Stop loss,($505.68),$95505.60,$5.68,$500.00,$1365.00,$1870.68,4,
1081,NQ DEC25,Backtest,FairValueGapStrategyFiltered,Long,1,20075.75,20050.75,8/13/2024 4:15:00 PM,8/13/2024 4:30:00 PM,FVG Long,Stop loss,($505.68),$94999.92,$5.68,$500.00,$465.00,$970.68,2,
1082,NQ DEC25,Backtest,FairValueGapStrategyFiltered,Long,1,20637.75,20612.75,8/15/2024 4:15:00 PM,8/15/2024 4:15:00 PM,FVG Long,Stop loss,($505.68),$94494.24,$5.68,$500.00,$0.00,$505.68,1,
1083,NQ DEC25,Backtest,FairValueGapStrategyFiltered,Long,1,20622.50,20697.50,8/15/2024 4:30:00 PM,8/15/2024 5:30:00 PM,FVG Long,Profit target,$1494.32,$95988.56,$5.68,$330.00,$1500.00,$5.68,5,
1084,NQ DEC25,Backtest,FairValueGapStrategyFiltered,Long,1,20744.00,20719.00,8/16/2024 4:45:00 PM,8/16/2024 4:45:00 PM,FVG Long,Stop loss,($505.68),$95482.88,$5.68,$500.00,$0.00,$505.68,1,
1085,NQ DEC25,Backtest,FairValueGapStrategyFiltered,Long,1,21095.00,21070.00,8/20/2024 4:15:00 PM,8/20/2024 4:15:00 PM,FVG Long,Stop loss,($505.68),$94977.20,$5.68,$500.00,$0.00,$505.68,1,
1086,NQ DEC25,Backtest,FairValueGapStrategyFiltered,Long,1,21059.00,21034.00,8/23/2024 4:45:00 PM,8/23/2024 4:45:00 PM,FVG Long,Stop loss,($505.68),$94471.52,$5.68,$500.00,$0.00,$505.68,1,
1087,NQ DEC25,Backtest,FairValueGapStrategyFiltered,Short,1,20825.75,20750.75,8/26/2024 4:30:00 PM,8/26/2024 4:45:00 PM,FVG Short,Profit target,$1494.32,$95965.84,$5.68,$40.00,$1500.00,$5.68,2,
1088,NQ DEC25,Backtest,FairValueGapStrategyFiltered,Short,1,20720.75,20745.75,8/26/2024 5:00:00 PM,8/26/2024 5:00:00 PM,FVG Short,Stop loss,($505.68),$95460.16,$5.68,$500.00,$0.00,$505.68,1,
1089,NQ DEC25,Backtest,FairValueGapStrategyFiltered,Short,1,20777.00,20802.00,8/26/2024 5:15:00 PM,8/26/2024 5:30:00 PM,FVG Short,Stop loss,($505.68),$94954.48,$5.68,$500.00,$305.00,$810.68,2,
1090,NQ DEC25,Backtest,FairValueGapStrategyFiltered,Short,1,20734.50,20759.50,8/28/2024 4:15:00 PM,8/28/2024 4:30:00 PM,FVG Short,Stop loss,($505.68),$94448.80,$5.68,$500.00,$895.00,$1400.68,2,
1091,NQ DEC25,Backtest,FairValueGapStrategyFiltered,Short,1,20631.25,20556.25,8/28/2024 5:15:00 PM,8/28/2024 5:15:00 PM,FVG Short,Profit target,$1494.32,$95943.12,$5.68,$0.00,$1500.00,$5.68,1,
1092,NQ DEC25,Backtest,FairValueGapStrategyFiltered,Long,1,20820.25,20795.25,8/29/2024 4:15:00 PM,8/29/2024 4:15:00 PM,FVG Long,Stop loss,($505.68),$95437.44,$5.68,$500.00,$0.00,$505.68,1,
1093,NQ DEC25,Backtest,FairValueGapStrategyFiltered,Long,1,20817.25,20792.25,8/29/2024 5:15:00 PM,8/29/2024 5:30:00 PM,FVG Long,Stop loss,($505.68),$94931.76,$5.68,$500.00,$685.00,$1190.68,2,
1094,NQ DEC25,Backtest,FairValueGapStrategyFiltered,Long,1,20834.25,20809.25,9/2/2024 5:15:00 PM,9/2/2024 7:00:00 PM,FVG Long,Stop loss,($505.68),$94426.08,$5.68,$500.00,$250.00,$755.68,8,
1095,NQ DEC25,Backtest,FairValueGapStrategyFiltered,Short,1,20543.00,20468.00,9/3/2024 4:15:00 PM,9/3/2024 4:15:00 PM,FVG Short,Profit target,$1494.32,$95920.40,$5.68,$0.00,$1500.00,$5.68,1,
1096,NQ DEC25,Backtest,FairValueGapStrategyFiltered,Short,1,20339.00,20364.00,9/3/2024 5:15:00 PM,9/3/2024 5:15:00 PM,FVG Short,Stop loss,($505.68),$95414.72,$5.68,$500.00,$0.00,$505.68,1,
1097,NQ DEC25,Backtest,FairValueGapStrategyFiltered,Long,1,20227.50,20302.50,9/5/2024 4:15:00 PM,9/5/2024 4:30:00 PM,FVG Long,Profit target,$1494.32,$96909.04,$5.68,$425.00,$1500.00,$5.68,2,
1098,NQ DEC25,Backtest,FairValueGapStrategyFiltered,Short,1,19922.25,19947.25,9/6/2024 4:15:00 PM,9/6/2024 4:15:00 PM,FVG Short,Stop loss,($505.68),$96403.36,$5.68,$500.00,$0.00,$505.68,1,
1099,NQ DEC25,Backtest,FairValueGapStrategyFiltered,Short,1,19727.75,19752.75,9/6/2024 5:00:00 PM,9/6/2024 5:15:00 PM,FVG Short,Stop loss,($505.68),$95897.68,$5.68,$500.00,$925.00,$1430.68,2,
1100,NQ DEC25,Backtest,FairValueGapStrategyFiltered,Short,1,19726.50,19751.50,9/9/2024 5:00:00 PM,9/9/2024 5:00:00 PM,FVG Short,Stop loss,($505.68),$95392.00,$5.68,$500.00,$0.00,$505.68,1,
1101,NQ DEC25,Backtest,FairValueGapStrategyFiltered,Short,1,19694.25,19719.25,9/9/2024 5:15:00 PM,9/9/2024 5:15:00 PM,FVG Short,Stop loss,($505.68),$94886.32,$5.68,$500.00,$0.00,$505.68,1,
1102,NQ DEC25,Backtest,FairValueGapStrategyFiltered,Short,1,19831.75,19756.75,9/11/2024 4:45:00 PM,9/11/2024 4:45:00 PM,FVG Short,Profit target,$1494.32,$96380.64,$5.68,$0.00,$1500.00,$5.68,1,
1103,NQ DEC25,Backtest,FairValueGapStrategyFiltered,Short,1,19763.00,19788.00,9/11/2024 5:00:00 PM,9/11/2024 5:15:00 PM,FVG Short,Stop loss,($505.68),$95874.96,$5.68,$500.00,$790.00,$1295.68,2,
1104,NQ DEC25,Backtest,FairValueGapStrategyFiltered,Long,1,20513.00,20488.00,9/12/2024 4:45:00 PM,9/12/2024 4:45:00 PM,FVG Long,Stop loss,($505.68),$95369.28,$5.68,$500.00,$0.00,$505.68,1,
1105,NQ DEC25,Backtest,FairValueGapStrategyFiltered,Long,1,20642.25,20617.25,9/13/2024 4:15:00 PM,9/13/2024 4:15:00 PM,FVG Long,Stop loss,($505.68),$94863.60,$5.68,$500.00,$0.00,$505.68,1,
1106,NQ DEC25,Backtest,FairValueGapStrategyFiltered,Short,1,20527.25,20552.25,9/16/2024 5:00:00 PM,9/16/2024 5:30:00 PM,FVG Short,Stop loss,($505.68),$94357.92,$5.68,$500.00,$1020.00,$1525.68,3,
1107,NQ DEC25,Backtest,FairValueGapStrategyFiltered,Long,1,21058.75,21033.75,9/19/2024 5:00:00 PM,9/19/2024 5:00:00 PM,FVG Long,Stop loss,($505.68),$93852.24,$5.68,$500.00,$0.00,$505.68,1,
1108,NQ DEC25,Backtest,FairValueGapStrategyFiltered,Short,1,20964.25,20989.25,9/24/2024 4:30:00 PM,9/24/2024 5:00:00 PM,FVG Short,Stop loss,($505.68),$93346.56,$5.68,$500.00,$1395.00,$1900.68,3,
1109,NQ DEC25,Backtest,FairValueGapStrategyFiltered,Long,1,21173.00,21148.00,9/25/2024 4:15:00 PM,9/25/2024 5:00:00 PM,FVG Long,Stop loss,($505.68),$92840.88,$5.68,$500.00,$790.00,$1295.68,4,
1110,NQ DEC25,Backtest,FairValueGapStrategyFiltered,Short,1,21126.00,21151.00,9/30/2024 4:45:00 PM,9/30/2024 4:45:00 PM,FVG Short,Stop loss,($505.68),$92335.20,$5.68,$500.00,$0.00,$505.68,1,
1111,NQ DEC25,Backtest,FairValueGapStrategyFiltered,Short,1,20986.00,21011.00,10/1/2024 4:15:00 PM,10/1/2024 4:15:00 PM,FVG Short,Stop loss,($505.68),$91829.52,$5.68,$500.00,$0.00,$505.68,1,
1112,NQ DEC25,Backtest,FairValueGapStrategyFiltered,Long,1,20964.50,20939.50,10/3/2024 4:15:00 PM,10/3/2024 4:15:00 PM,FVG Long,Stop loss,($505.68),$91323.84,$5.68,$500.00,$0.00,$505.68,1,
1113,NQ DEC25,Backtest,FairValueGapStrategyFiltered,Long,1,21124.25,21099.25,10/8/2024 4:30:00 PM,10/8/2024 4:30:00 PM,FVG Long,Stop loss,($505.68),$90818.16,$5.68,$500.00,$0.00,$505.68,1,
1114,NQ DEC25,Backtest,FairValueGapStrategyFiltered,Long,1,21181.50,21156.50,10/8/2024 5:15:00 PM,10/8/2024 5:30:00 PM,FVG Long,Stop loss,($505.68),$90312.48,$5.68,$500.00,$435.00,$940.68,2,
1115,NQ DEC25,Backtest,FairValueGapStrategyFiltered,Long,1,21285.25,21260.25,10/9/2024 4:45:00 PM,10/9/2024 5:00:00 PM,FVG Long,Stop loss,($505.68),$89806.80,$5.68,$500.00,$255.00,$760.68,2,
1116,NQ DEC25,Backtest,FairValueGapStrategyFiltered,Short,1,21281.00,21306.00,10/11/2024 4:00:00 PM,10/11/2024 4:00:00 PM,FVG Short,Stop loss,($505.68),$89301.12,$5.68,$500.00,$0.00,$505.68,1,
1117,NQ DEC25,Backtest,FairValueGapStrategyFiltered,Long,1,21397.75,21372.75,10/11/2024 4:45:00 PM,10/11/2024 5:00:00 PM,FVG Long,Stop loss,($505.68),$88795.44,$5.68,$500.00,$460.00,$965.68,2,
1118,NQ DEC25,Backtest,FairValueGapStrategyFiltered,Long,1,21612.25,21587.25,10/14/2024 4:15:00 PM,10/14/2024 4:15:00 PM,FVG Long,Stop loss,($505.68),$88289.76,$5.68,$500.00,$0.00,$505.68,1,
1119,NQ DEC25,Backtest,FairValueGapStrategyFiltered,Long,1,21570.50,21545.50,10/14/2024 4:30:00 PM,10/14/2024 4:30:00 PM,FVG Long,Stop loss,($505.68),$87784.08,$5.68,$500.00,$0.00,$505.68,1,
1120,NQ DEC25,Backtest,FairValueGapStrategyFiltered,Short,1,21457.00,21382.00,10/15/2024 4:45:00 PM,10/15/2024 4:45:00 PM,FVG Short,Profit target,$1494.32,$89278.40,$5.68,$0.00,$1500.00,$5.68,1,
1121,NQ DEC25,Backtest,FairValueGapStrategyFiltered,Short,1,21330.50,21355.50,10/15/2024 5:00:00 PM,10/15/2024 5:00:00 PM,FVG Short,Stop loss,($505.68),$88772.72,$5.68,$500.00,$0.00,$505.68,1,
1122,NQ DEC25,Backtest,FairValueGapStrategyFiltered,Short,1,21341.50,21366.50,10/15/2024 5:15:00 PM,10/15/2024 5:15:00 PM,FVG Short,Stop loss,($505.68),$88267.04,$5.68,$500.00,$0.00,$505.68,1,
1123,NQ DEC25,Backtest,FairValueGapStrategyFiltered,Short,1,21165.75,21190.75,10/16/2024 4:15:00 PM,10/16/2024 4:15:00 PM,FVG Short,Stop loss,($505.68),$87761.36,$5.68,$500.00,$0.00,$505.68,1,
1124,NQ DEC25,Backtest,FairValueGapStrategyFiltered,Long,1,21417.00,21492.00,10/21/2024 4:00:00 PM,10/21/2024 4:30:00 PM,FVG Long,Profit target,$1494.32,$89255.68,$5.68,$155.00,$1500.00,$5.68,3,
1125,NQ DEC25,Backtest,FairValueGapStrategyFiltered,Short,1,21369.50,21294.50,10/21/2024 5:15:00 PM,10/21/2024 5:15:00 PM,FVG Short,Profit target,$1494.32,$90750.00,$5.68,$0.00,$1500.00,$5.68,1,
1126,NQ DEC25,Backtest,FairValueGapStrategyFiltered,Short,1,21283.50,21308.50,10/24/2024 4:00:00 PM,10/24/2024 4:15:00 PM,FVG Short,Stop loss,($505.68),$90244.32,$5.68,$500.00,$915.00,$1420.68,2,
1127,NQ DEC25,Backtest,FairValueGapStrategyFiltered,Long,1,21590.75,21565.75,10/25/2024 4:15:00 PM,10/25/2024 5:00:00 PM,FVG Long,Stop loss,($505.68),$89738.64,$5.68,$500.00,$1160.00,$1665.68,4,
1128,NQ DEC25,Backtest,FairValueGapStrategyFiltered,Long,1,21129.00,21104.00,11/4/2024 5:00:00 PM,11/4/2024 5:45:00 PM,FVG Long,Stop loss,($505.68),$89232.96,$5.68,$500.00,$785.00,$1290.68,4,
1129,NQ DEC25,Backtest,FairValueGapStrategyFiltered,Long,1,21158.75,21233.75,11/5/2024 4:00:00 PM,11/5/2024 4:00:00 PM,FVG Long,Profit target,$1494.32,$90727.28,$5.68,$0.00,$1500.00,$5.68,1,
1130,NQ DEC25,Backtest,FairValueGapStrategyFiltered,Long,1,21233.50,21208.50,11/5/2024 4:15:00 PM,11/5/2024 4:15:00 PM,FVG Long,Stop loss,($505.68),$90221.60,$5.68,$500.00,$0.00,$505.68,1,
1131,NQ DEC25,Backtest,FairValueGapStrategyFiltered,Long,1,21217.75,21192.75,11/5/2024 4:30:00 PM,11/5/2024 5:00:00 PM,FVG Long,Stop loss,($505.68),$89715.92,$5.68,$500.00,$695.00,$1200.68,3,
1132,NQ DEC25,Backtest,FairValueGapStrategyFiltered,Long,1,22050.25,22125.25,11/7/2024 4:15:00 PM,11/7/2024 6:00:00 PM,FVG Long,Profit target,$1494.32,$91210.24,$5.68,$445.00,$1500.00,$5.68,8,
1133,NQ DEC25,Backtest,FairValueGapStrategyFiltered,Long,1,22130.25,22105.25,11/8/2024 4:00:00 PM,11/8/2024 4:15:00 PM,FVG Long,Stop loss,($505.68),$90704.56,$5.68,$500.00,$670.00,$1175.68,2,
1134,NQ DEC25,Backtest,FairValueGapStrategyFiltered,Short,1,22113.50,22138.50,11/11/2024 4:15:00 PM,11/11/2024 4:15:00 PM,FVG Short,Stop loss,($505.68),$90198.88,$5.68,$500.00,$0.00,$505.68,1,
1135,NQ DEC25,Backtest,FairValueGapStrategyFiltered,Short,1,22041.25,22066.25,11/13/2024 4:45:00 PM,11/13/2024 4:45:00 PM,FVG Short,Stop loss,($505.68),$89693.20,$5.68,$500.00,$0.00,$505.68,1,
1136,NQ DEC25,Backtest,FairValueGapStrategyFiltered,Short,1,21643.00,21668.00,11/15/2024 4:00:00 PM,11/15/2024 4:00:00 PM,FVG Short,Stop loss,($505.68),$89187.52,$5.68,$500.00,$0.00,$505.68,1,
1137,NQ DEC25,Backtest,FairValueGapStrategyFiltered,Short,1,21630.75,21555.75,11/15/2024 4:15:00 PM,11/15/2024 4:30:00 PM,FVG Short,Profit target,$1494.32,$90681.84,$5.68,$165.00,$1500.00,$5.68,2,
1138,NQ DEC25,Backtest,FairValueGapStrategyFiltered,Short,1,21530.75,21455.75,11/15/2024 4:45:00 PM,11/15/2024 6:00:00 PM,FVG Short,Profit target,$1494.32,$92176.16,$5.68,$380.00,$1500.00,$5.68,6,
1139,NQ DEC25,Backtest,FairValueGapStrategyFiltered,Short,1,21472.50,21497.50,11/18/2024 4:15:00 PM,11/18/2024 4:15:00 PM,FVG Short,Stop loss,($505.68),$91670.48,$5.68,$500.00,$0.00,$505.68,1,
1140,NQ DEC25,Backtest,FairValueGapStrategyFiltered,Long,1,21566.00,21641.00,11/19/2024 5:00:00 PM,11/19/2024 5:45:00 PM,FVG Long,Profit target,$1494.32,$93164.80,$5.68,$70.00,$1500.00,$5.68,4,
1141,NQ DEC25,Backtest,FairValueGapStrategyFiltered,Short,1,21596.75,21521.75,11/20/2024 4:00:00 PM,11/20/2024 4:15:00 PM,FVG Short,Profit target,$1494.32,$94659.12,$5.68,$340.00,$1500.00,$5.68,2,
1142,NQ DEC25,Backtest,FairValueGapStrategyFiltered,Short,1,21460.25,21485.25,11/20/2024 4:45:00 PM,11/20/2024 4:45:00 PM,FVG Short,Stop loss,($505.68),$94153.44,$5.68,$500.00,$0.00,$505.68,1,
1143,NQ DEC25,Backtest,FairValueGapStrategyFiltered,Short,1,21608.50,21533.50,11/21/2024 4:15:00 PM,11/21/2024 4:15:00 PM,FVG Short,Profit target,$1494.32,$95647.76,$5.68,$0.00,$1500.00,$5.68,1,
1144,NQ DEC25,Backtest,FairValueGapStrategyFiltered,Long,1,21784.25,21759.25,11/22/2024 5:15:00 PM,11/22/2024 5:15:00 PM,FVG Long,Stop loss,($505.68),$95142.08,$5.68,$500.00,$0.00,$505.68,1,
1145,NQ DEC25,Backtest,FairValueGapStrategyFiltered,Short,1,21802.00,21727.00,11/27/2024 4:15:00 PM,11/27/2024 4:30:00 PM,FVG Short,Profit target,$1494.32,$96636.40,$5.68,$20.00,$1500.00,$5.68,2,
1146,NQ DEC25,Backtest,FairValueGapStrategyFiltered,Short,1,21716.25,21641.25,11/27/2024 4:45:00 PM,11/27/2024 5:15:00 PM,FVG Short,Profit target,$1494.32,$98130.72,$5.68,$235.00,$1500.00,$5.68,3,
1147,NQ DEC25,Backtest,FairValueGapStrategyFiltered,Long,1,21903.25,21878.25,11/29/2024 4:30:00 PM,11/29/2024 4:30:00 PM,FVG Long,Stop loss,($505.68),$97625.04,$5.68,$500.00,$0.00,$505.68,1,
1148,NQ DEC25,Backtest,FairValueGapStrategyFiltered,Long,1,21887.25,21932.75,11/29/2024 4:45:00 PM,11/29/2024 7:15:00 PM,FVG Long,Exit on session close,$904.32,$98529.36,$5.68,$190.00,$1435.00,$530.68,11,
1149,NQ DEC25,Backtest,FairValueGapStrategyFiltered,Long,1,22093.75,22168.75,12/2/2024 4:15:00 PM,12/2/2024 5:45:00 PM,FVG Long,Profit target,$1494.32,$100023.68,$5.68,$225.00,$1500.00,$5.68,7,
1150,NQ DEC25,Backtest,FairValueGapStrategyFiltered,Long,1,22144.25,22119.25,12/3/2024 4:15:00 PM,12/3/2024 4:30:00 PM,FVG Long,Stop loss,($505.68),$99518.00,$5.68,$500.00,$625.00,$1130.68,2,
1151,NQ DEC25,Backtest,FairValueGapStrategyFiltered,Long,1,22424.50,22399.50,12/4/2024 5:15:00 PM,12/4/2024 5:45:00 PM,FVG Long,Stop loss,($505.68),$99012.32,$5.68,$500.00,$275.00,$780.68,3,
1152,NQ DEC25,Backtest,FairValueGapStrategyFiltered,Long,1,22549.00,22524.00,12/6/2024 4:15:00 PM,12/6/2024 5:15:00 PM,FVG Long,Stop loss,($505.68),$98506.64,$5.68,$500.00,$755.00,$1260.68,5,
1153,NQ DEC25,Backtest,FairValueGapStrategyFiltered,Short,1,22485.75,22410.75,12/9/2024 5:00:00 PM,12/9/2024 5:15:00 PM,FVG Short,Profit target,$1494.32,$100000.96,$5.68,$195.00,$1500.00,$5.68,2,
1154,NQ DEC25,Backtest,FairValueGapStrategyFiltered,Long,1,22637.50,22712.50,12/11/2024 4:15:00 PM,12/11/2024 6:15:00 PM,FVG Long,Profit target,$1494.32,$101495.28,$5.68,$465.00,$1500.00,$5.68,9,
1155,NQ DEC25,Backtest,FairValueGapStrategyFiltered,Long,1,22642.25,22617.25,12/12/2024 5:00:00 PM,12/12/2024 6:00:00 PM,FVG Long,Stop loss,($505.68),$100989.60,$5.68,$500.00,$780.00,$1285.68,5,
1156,NQ DEC25,Backtest,FairValueGapStrategyFiltered,Long,1,22822.25,22797.25,12/13/2024 4:15:00 PM,12/13/2024 4:15:00 PM,FVG Long,Stop loss,($505.68),$100483.92,$5.68,$500.00,$0.00,$505.68,1,
1157,NQ DEC25,Backtest,FairValueGapStrategyFiltered,Short,1,22629.50,22654.50,12/13/2024 5:15:00 PM,12/13/2024 5:30:00 PM,FVG Short,Stop loss,($505.68),$99978.24,$5.68,$500.00,$430.00,$935.68,2,
1158,NQ DEC25,Backtest,FairValueGapStrategyFiltered,Long,1,22922.75,22897.75,12/16/2024 4:15:00 PM,12/16/2024 4:30:00 PM,FVG Long,Stop loss,($505.68),$99472.56,$5.68,$500.00,$425.00,$930.68,2,
1159,NQ DEC25,Backtest,FairValueGapStrategyFiltered,Long,1,22271.00,22246.00,12/23/2024 4:00:00 PM,12/23/2024 4:00:00 PM,FVG Long,Stop loss,($505.68),$98966.88,$5.68,$500.00,$0.00,$505.68,1,
1160,NQ DEC25,Backtest,FairValueGapStrategyFiltered,Long,1,22558.75,22633.75,12/24/2024 4:15:00 PM,12/24/2024 5:15:00 PM,FVG Long,Profit target,$1494.32,$100461.20,$5.68,$120.00,$1500.00,$5.68,5,
1161,NQ DEC25,Backtest,FairValueGapStrategyFiltered,Short,1,22337.25,22362.25,12/27/2024 4:00:00 PM,12/27/2024 4:00:00 PM,FVG Short,Stop loss,($505.68),$99955.52,$5.68,$500.00,$0.00,$505.68,1,
1162,NQ DEC25,Backtest,FairValueGapStrategyFiltered,Short,1,22350.75,22275.75,12/27/2024 4:15:00 PM,12/27/2024 4:15:00 PM,FVG Short,Profit target,$1494.32,$101449.84,$5.68,$0.00,$1500.00,$5.68,1,
1163,NQ DEC25,Backtest,FairValueGapStrategyFiltered,Short,1,22215.50,22240.50,12/27/2024 4:45:00 PM,12/27/2024 4:45:00 PM,FVG Short,Stop loss,($505.68),$100944.16,$5.68,$500.00,$0.00,$505.68,1,
1164,NQ DEC25,Backtest,FairValueGapStrategyFiltered,Short,1,21943.50,21968.50,12/30/2024 4:15:00 PM,12/30/2024 4:15:00 PM,FVG Short,Stop loss,($505.68),$100438.48,$5.68,$500.00,$0.00,$505.68,1,
1165,NQ DEC25,Backtest,FairValueGapStrategyFiltered,Short,1,22089.50,22114.50,12/31/2024 4:15:00 PM,12/31/2024 4:15:00 PM,FVG Short,Stop loss,($505.68),$99932.80,$5.68,$500.00,$0.00,$505.68,1,
1166,NQ DEC25,Backtest,FairValueGapStrategyFiltered,Short,1,21896.00,21921.00,1/2/2025 5:00:00 PM,1/2/2025 5:00:00 PM,FVG Short,Stop loss,($505.68),$99427.12,$5.68,$500.00,$0.00,$505.68,1,
1167,NQ DEC25,Backtest,FairValueGapStrategyFiltered,Long,1,22079.75,22054.75,1/3/2025 4:00:00 PM,1/3/2025 4:00:00 PM,FVG Long,Stop loss,($505.68),$98921.44,$5.68,$500.00,$0.00,$505.68,1,
1168,NQ DEC25,Backtest,FairValueGapStrategyFiltered,Long,1,22038.25,22013.25,1/3/2025 4:15:00 PM,1/3/2025 4:15:00 PM,FVG Long,Stop loss,($505.68),$98415.76,$5.68,$500.00,$0.00,$505.68,1,
1169,NQ DEC25,Backtest,FairValueGapStrategyFiltered,Long,1,22473.75,22448.75,1/6/2025 4:15:00 PM,1/6/2025 4:15:00 PM,FVG Long,Stop loss,($505.68),$97910.08,$5.68,$500.00,$0.00,$505.68,1,
1170,NQ DEC25,Backtest,FairValueGapStrategyFiltered,Short,1,22232.50,22157.50,1/7/2025 4:45:00 PM,1/7/2025 4:45:00 PM,FVG Short,Profit target,$1494.32,$99404.40,$5.68,$0.00,$1500.00,$5.68,1,
1171,NQ DEC25,Backtest,FairValueGapStrategyFiltered,Short,1,21708.50,21633.50,1/10/2025 4:15:00 PM,1/10/2025 4:15:00 PM,FVG Short,Profit target,$1494.32,$100898.72,$5.68,$0.00,$1500.00,$5.68,1,
1172,NQ DEC25,Backtest,FairValueGapStrategyFiltered,Short,1,21560.50,21585.50,1/10/2025 4:30:00 PM,1/10/2025 4:30:00 PM,FVG Short,Stop loss,($505.68),$100393.04,$5.68,$500.00,$0.00,$505.68,1,
1173,NQ DEC25,Backtest,FairValueGapStrategyFiltered,Long,1,21983.50,22058.50,1/15/2025 4:15:00 PM,1/15/2025 4:30:00 PM,FVG Long,Profit target,$1494.32,$101887.36,$5.68,$25.00,$1500.00,$5.68,2,
1174,NQ DEC25,Backtest,FairValueGapStrategyFiltered,Long,1,22047.00,22022.00,1/15/2025 4:45:00 PM,1/15/2025 4:45:00 PM,FVG Long,Stop loss,($505.68),$101381.68,$5.68,$500.00,$0.00,$505.68,1,
1175,NQ DEC25,Backtest,FairValueGapStrategyFiltered,Long,1,22426.00,22401.00,1/20/2025 4:00:00 PM,1/20/2025 4:00:00 PM,FVG Long,Stop loss,($505.68),$100876.00,$5.68,$500.00,$0.00,$505.68,1,
1176,NQ DEC25,Backtest,FairValueGapStrategyFiltered,Long,1,22397.50,22372.50,1/20/2025 4:15:00 PM,1/20/2025 4:15:00 PM,FVG Long,Stop loss,($505.68),$100370.32,$5.68,$500.00,$0.00,$505.68,1,
1177,NQ DEC25,Backtest,FairValueGapStrategyFiltered,Long,1,22669.25,22644.25,1/22/2025 4:15:00 PM,1/22/2025 4:15:00 PM,FVG Long,Stop loss,($505.68),$99864.64,$5.68,$500.00,$0.00,$505.68,1,
1178,NQ DEC25,Backtest,FairValueGapStrategyFiltered,Long,1,22587.50,22562.50,1/23/2025 5:15:00 PM,1/23/2025 5:15:00 PM,FVG Long,Stop loss,($505.68),$99358.96,$5.68,$500.00,$0.00,$505.68,1,
1179,NQ DEC25,Backtest,FairValueGapStrategyFiltered,Long,1,22122.75,22097.75,1/28/2025 4:45:00 PM,1/28/2025 4:45:00 PM,FVG Long,Stop loss,($505.68),$98853.28,$5.68,$500.00,$0.00,$505.68,1,
1180,NQ DEC25,Backtest,FairValueGapStrategyFiltered,Short,1,22187.50,22212.50,1/30/2025 4:45:00 PM,1/30/2025 4:45:00 PM,FVG Short,Stop loss,($505.68),$98347.60,$5.68,$500.00,$0.00,$505.68,1,
1181,NQ DEC25,Backtest,FairValueGapStrategyFiltered,Long,1,22522.75,22597.75,1/31/2025 4:15:00 PM,1/31/2025 5:00:00 PM,FVG Long,Profit target,$1494.32,$99841.92,$5.68,$30.00,$1500.00,$5.68,4,
1182,NQ DEC25,Backtest,FairValueGapStrategyFiltered,Long,1,22216.50,22291.50,2/4/2025 4:15:00 PM,2/4/2025 4:15:00 PM,FVG Long,Profit target,$1494.32,$101336.24,$5.68,$0.00,$1500.00,$5.68,1,
1183,NQ DEC25,Backtest,FairValueGapStrategyFiltered,Long,1,22280.25,22255.25,2/4/2025 4:30:00 PM,2/4/2025 6:30:00 PM,FVG Long,Stop loss,($505.68),$100830.56,$5.68,$500.00,$1385.00,$1890.68,9,
1184,NQ DEC25,Backtest,FairValueGapStrategyFiltered,Short,1,22399.75,22424.75,2/7/2025 4:45:00 PM,2/7/2025 4:45:00 PM,FVG Short,Stop loss,($505.68),$100324.88,$5.68,$500.00,$0.00,$505.68,1,
1185,NQ DEC25,Backtest,FairValueGapStrategyFiltered,Long,1,22518.75,22493.75,2/10/2025 4:45:00 PM,2/10/2025 6:00:00 PM,FVG Long,Stop loss,($505.68),$99819.20,$5.68,$500.00,$615.00,$1120.68,6,
1186,NQ DEC25,Backtest,FairValueGapStrategyFiltered,Long,1,22433.00,22508.00,2/11/2025 4:15:00 PM,2/11/2025 4:45:00 PM,FVG Long,Profit target,$1494.32,$101313.52,$5.68,$330.00,$1500.00,$5.68,3,
1187,NQ DEC25,Backtest,FairValueGapStrategyFiltered,Long,1,22505.75,22480.75,2/11/2025 5:00:00 PM,2/11/2025 5:30:00 PM,FVG Long,Stop loss,($505.68),$100807.84,$5.68,$500.00,$425.00,$930.68,3,
1188,NQ DEC25,Backtest,FairValueGapStrategyFiltered,Long,1,22629.25,22704.25,2/13/2025 4:45:00 PM,2/13/2025 4:45:00 PM,FVG Long,Profit target,$1494.32,$102302.16,$5.68,$0.00,$1500.00,$5.68,1,
1189,NQ DEC25,Backtest,FairValueGapStrategyFiltered,Long,1,22708.25,22683.25,2/13/2025 5:00:00 PM,2/13/2025 5:00:00 PM,FVG Long,Stop loss,($505.68),$101796.48,$5.68,$500.00,$0.00,$505.68,1,
1190,NQ DEC25,Backtest,FairValueGapStrategyFiltered,Long,1,22693.50,22668.50,2/13/2025 5:15:00 PM,2/13/2025 5:30:00 PM,FVG Long,Stop loss,($505.68),$101290.80,$5.68,$500.00,$170.00,$675.68,2,
1191,NQ DEC25,Backtest,FairValueGapStrategyFiltered,Long,1,22885.50,22890.75,2/17/2025 5:00:00 PM,2/17/2025 7:00:00 PM,FVG Long,Exit on session close,$99.32,$101390.12,$5.68,$150.00,$435.00,$335.68,9,
1192,NQ DEC25,Backtest,FairValueGapStrategyFiltered,Short,1,22858.00,22783.00,2/18/2025 4:15:00 PM,2/18/2025 4:45:00 PM,FVG Short,Profit target,$1494.32,$102884.44,$5.68,$95.00,$1500.00,$5.68,3,
1193,NQ DEC25,Backtest,FairValueGapStrategyFiltered,Short,1,22666.50,22691.50,2/20/2025 4:15:00 PM,2/20/2025 4:15:00 PM,FVG Short,Stop loss,($505.68),$102378.76,$5.68,$500.00,$0.00,$505.68,1,
1194,NQ DEC25,Backtest,FairValueGapStrategyFiltered,Short,1,22688.00,22713.00,2/20/2025 4:30:00 PM,2/20/2025 4:30:00 PM,FVG Short,Stop loss,($505.68),$101873.08,$5.68,$500.00,$0.00,$505.68,1,
1195,NQ DEC25,Backtest,FairValueGapStrategyFiltered,Short,1,22775.75,22800.75,2/21/2025 4:00:00 PM,2/21/2025 4:00:00 PM,FVG Short,Stop loss,($505.68),$101367.40,$5.68,$500.00,$0.00,$505.68,1,
1196,NQ DEC25,Backtest,FairValueGapStrategyFiltered,Short,1,22751.25,22676.25,2/21/2025 4:15:00 PM,2/21/2025 4:30:00 PM,FVG Short,Profit target,$1494.32,$102861.72,$5.68,$300.00,$1500.00,$5.68,2,
1197,NQ DEC25,Backtest,FairValueGapStrategyFiltered,Short,1,22597.25,22622.25,2/21/2025 5:00:00 PM,2/21/2025 5:00:00 PM,FVG Short,Stop loss,($505.68),$102356.04,$5.68,$500.00,$0.00,$505.68,1,
1198,NQ DEC25,Backtest,FairValueGapStrategyFiltered,Short,1,22223.00,22148.00,2/24/2025 4:15:00 PM,2/24/2025 4:15:00 PM,FVG Short,Profit target,$1494.32,$103850.36,$5.68,$0.00,$1500.00,$5.68,1,
1199,NQ DEC25,Backtest,FairValueGapStrategyFiltered,Short,1,22226.25,22151.25,2/24/2025 4:30:00 PM,2/24/2025 4:45:00 PM,FVG Short,Profit target,$1494.32,$105344.68,$5.68,$290.00,$1500.00,$5.68,2,
1200,NQ DEC25,Backtest,FairValueGapStrategyFiltered,Short,1,21915.25,21840.25,2/25/2025 4:15:00 PM,2/25/2025 4:15:00 PM,FVG Short,Profit target,$1494.32,$106839.00,$5.68,$0.00,$1500.00,$5.68,1,
1201,NQ DEC25,Backtest,FairValueGapStrategyFiltered,Short,1,21796.00,21821.00,2/25/2025 4:30:00 PM,2/25/2025 4:30:00 PM,FVG Short,Stop loss,($505.68),$106333.32,$5.68,$500.00,$0.00,$505.68,1,
1202,NQ DEC25,Backtest,FairValueGapStrategyFiltered,Short,1,21704.25,21729.25,2/25/2025 4:45:00 PM,2/25/2025 4:45:00 PM,FVG Short,Stop loss,($505.68),$105827.64,$5.68,$500.00,$0.00,$505.68,1,
1203,NQ DEC25,Backtest,FairValueGapStrategyFiltered,Short,1,21749.75,21774.75,2/25/2025 5:00:00 PM,2/25/2025 5:00:00 PM,FVG Short,Stop loss,($505.68),$105321.96,$5.68,$500.00,$0.00,$505.68,1,
1204,NQ DEC25,Backtest,FairValueGapStrategyFiltered,Short,1,21662.25,21687.25,2/27/2025 4:15:00 PM,2/27/2025 4:15:00 PM,FVG Short,Stop loss,($505.68),$104816.28,$5.68,$500.00,$0.00,$505.68,1,
1205,NQ DEC25,Backtest,FairValueGapStrategyFiltered,Short,1,21722.00,21747.00,2/27/2025 4:30:00 PM,2/27/2025 4:30:00 PM,FVG Short,Stop loss,($505.68),$104310.60,$5.68,$500.00,$0.00,$505.68,1,
1206,NQ DEC25,Backtest,FairValueGapStrategyFiltered,Short,1,21500.50,21525.50,3/3/2025 4:15:00 PM,3/3/2025 4:15:00 PM,FVG Short,Stop loss,($505.68),$103804.92,$5.68,$500.00,$0.00,$505.68,1,
1207,NQ DEC25,Backtest,FairValueGapStrategyFiltered,Short,1,21485.25,21510.25,3/3/2025 4:30:00 PM,3/3/2025 4:30:00 PM,FVG Short,Stop loss,($505.68),$103299.24,$5.68,$500.00,$0.00,$505.68,1,
1208,NQ DEC25,Backtest,FairValueGapStrategyFiltered,Short,1,20861.00,20786.00,3/4/2025 4:30:00 PM,3/4/2025 4:30:00 PM,FVG Short,Profit target,$1494.32,$104793.56,$5.68,$0.00,$1500.00,$5.68,1,
1209,NQ DEC25,Backtest,FairValueGapStrategyFiltered,Short,1,20814.50,20839.50,3/4/2025 4:45:00 PM,3/4/2025 4:45:00 PM,FVG Short,Stop loss,($505.68),$104287.88,$5.68,$500.00,$0.00,$505.68,1,
1210,NQ DEC25,Backtest,FairValueGapStrategyFiltered,Short,1,20714.50,20639.50,3/7/2025 4:45:00 PM,3/7/2025 4:45:00 PM,FVG Short,Profit target,$1494.32,$105782.20,$5.68,$0.00,$1500.00,$5.68,1,
1211,NQ DEC25,Backtest,FairValueGapStrategyFiltered,Short,1,20601.50,20626.50,3/7/2025 5:00:00 PM,3/7/2025 5:00:00 PM,FVG Short,Stop loss,($505.68),$105276.52,$5.68,$500.00,$0.00,$505.68,1,
1212,NQ DEC25,Backtest,FairValueGapStrategyFiltered,Short,1,20210.00,20235.00,3/10/2025 4:15:00 PM,3/10/2025 4:15:00 PM,FVG Short,Stop loss,($505.68),$104770.84,$5.68,$500.00,$0.00,$505.68,1,
1213,NQ DEC25,Backtest,FairValueGapStrategyFiltered,Short,1,20129.75,20054.75,3/12/2025 4:15:00 PM,3/12/2025 4:15:00 PM,FVG Short,Profit target,$1494.32,$106265.16,$5.68,$0.00,$1500.00,$5.68,1,
1214,NQ DEC25,Backtest,FairValueGapStrategyFiltered,Short,1,20092.75,20117.75,3/12/2025 4:30:00 PM,3/12/2025 4:30:00 PM,FVG Short,Stop loss,($505.68),$105759.48,$5.68,$500.00,$0.00,$505.68,1,
1215,NQ DEC25,Backtest,FairValueGapStrategyFiltered,Long,1,20233.25,20308.25,3/12/2025 5:00:00 PM,3/12/2025 5:15:00 PM,FVG Long,Profit target,$1494.32,$107253.80,$5.68,$310.00,$1500.00,$5.68,2,
1216,NQ DEC25,Backtest,FairValueGapStrategyFiltered,Long,1,20265.75,20340.75,3/14/2025 4:15:00 PM,3/14/2025 4:45:00 PM,FVG Long,Profit target,$1494.32,$108748.12,$5.68,$425.00,$1500.00,$5.68,3,
1217,NQ DEC25,Backtest,FairValueGapStrategyFiltered,Short,1,20250.00,20275.00,3/19/2025 4:15:00 PM,3/19/2025 4:15:00 PM,FVG Short,Stop loss,($505.68),$108242.44,$5.68,$500.00,$0.00,$505.68,1,
1218,NQ DEC25,Backtest,FairValueGapStrategyFiltered,Long,1,20371.75,20346.75,3/19/2025 5:15:00 PM,3/19/2025 5:15:00 PM,FVG Long,Stop loss,($505.68),$107736.76,$5.68,$500.00,$0.00,$505.68,1,
1219,NQ DEC25,Backtest,FairValueGapStrategyFiltered,Long,1,20928.00,20903.00,3/25/2025 4:15:00 PM,3/25/2025 4:45:00 PM,FVG Long,Stop loss,($505.68),$107231.08,$5.68,$500.00,$385.00,$890.68,3,
1220,NQ DEC25,Backtest,FairValueGapStrategyFiltered,Short,1,20526.50,20551.50,3/27/2025 5:00:00 PM,3/27/2025 5:15:00 PM,FVG Short,Stop loss,($505.68),$106725.40,$5.68,$500.00,$680.00,$1185.68,2,
1221,NQ DEC25,Backtest,FairValueGapStrategyFiltered,Short,1,20097.50,20022.50,3/28/2025 4:00:00 PM,3/28/2025 4:15:00 PM,FVG Short,Profit target,$1494.32,$108219.72,$5.68,$15.00,$1500.00,$5.68,2,
1222,NQ DEC25,Backtest,FairValueGapStrategyFiltered,Short,1,19456.75,19481.75,3/31/2025 4:00:00 PM,3/31/2025 4:00:00 PM,FVG Short,Stop loss,($505.68),$107714.04,$5.68,$500.00,$0.00,$505.68,1,
1223,NQ DEC25,Backtest,FairValueGapStrategyFiltered,Short,1,19542.00,19567.00,3/31/2025 4:15:00 PM,3/31/2025 4:15:00 PM,FVG Short,Stop loss,($505.68),$107208.36,$5.68,$500.00,$0.00,$505.68,1,
1224,NQ DEC25,Backtest,FairValueGapStrategyFiltered,Short,1,19784.50,19809.50,4/1/2025 4:45:00 PM,4/1/2025 4:45:00 PM,FVG Short,Stop loss,($505.68),$106702.68,$5.68,$500.00,$0.00,$505.68,1,
1225,NQ DEC25,Backtest,FairValueGapStrategyFiltered,Long,1,19967.75,20042.75,4/1/2025 5:15:00 PM,4/1/2025 5:30:00 PM,FVG Long,Profit target,$1494.32,$108197.00,$5.68,$260.00,$1500.00,$5.68,2,
1226,NQ DEC25,Backtest,FairValueGapStrategyFiltered,Long,1,19983.25,19958.25,4/2/2025 4:15:00 PM,4/2/2025 4:15:00 PM,FVG Long,Stop loss,($505.68),$107691.32,$5.68,$500.00,$0.00,$505.68,1,
1227,NQ DEC25,Backtest,FairValueGapStrategyFiltered,Short,1,18296.00,18321.00,4/4/2025 5:00:00 PM,4/4/2025 5:00:00 PM,FVG Short,Stop loss,($505.68),$107185.64,$5.68,$500.00,$0.00,$505.68,1,
1228,NQ DEC25,Backtest,FairValueGapStrategyFiltered,Short,1,18306.75,18331.75,4/4/2025 5:15:00 PM,4/4/2025 5:15:00 PM,FVG Short,Stop loss,($505.68),$106679.96,$5.68,$500.00,$0.00,$505.68,1,
1229,NQ DEC25,Backtest,FairValueGapStrategyFiltered,Short,1,17207.50,17232.50,4/7/2025 4:00:00 PM,4/7/2025 4:00:00 PM,FVG Short,Stop loss,($505.68),$106174.28,$5.68,$500.00,$0.00,$505.68,1,
1230,NQ DEC25,Backtest,FairValueGapStrategyFiltered,Long,1,18407.00,18482.00,4/7/2025 4:30:00 PM,4/7/2025 4:30:00 PM,FVG Long,Profit target,$1494.32,$107668.60,$5.68,$0.00,$1500.00,$5.68,1,
1231,NQ DEC25,Backtest,FairValueGapStrategyFiltered,Long,1,18744.75,18719.75,4/8/2025 4:30:00 PM,4/8/2025 4:45:00 PM,FVG Long,Stop loss,($505.68),$107162.92,$5.68,$500.00,$1290.00,$1795.68,2,
1232,NQ DEC25,Backtest,FairValueGapStrategyFiltered,Long,1,19014.00,18989.00,4/11/2025 4:15:00 PM,4/11/2025 4:15:00 PM,FVG Long,Stop loss,($505.68),$106657.24,$5.68,$500.00,$0.00,$505.68,1,
1233,NQ DEC25,Backtest,FairValueGapStrategyFiltered,Long,1,19520.25,19595.25,4/15/2025 4:15:00 PM,4/15/2025 4:15:00 PM,FVG Long,Profit target,$1494.32,$108151.56,$5.68,$0.00,$1500.00,$5.68,1,
1234,NQ DEC25,Backtest,FairValueGapStrategyFiltered,Short,1,18800.00,18825.00,4/17/2025 5:00:00 PM,4/17/2025 5:15:00 PM,FVG Short,Stop loss,($505.68),$107645.88,$5.68,$500.00,$960.00,$1465.68,2,
1235,NQ DEC25,Backtest,FairValueGapStrategyFiltered,Short,1,18416.50,18341.50,4/21/2025 4:30:00 PM,4/21/2025 5:15:00 PM,FVG Short,Profit target,$1494.32,$109140.20,$5.68,$475.00,$1500.00,$5.68,4,
1236,NQ DEC25,Backtest,FairValueGapStrategyFiltered,Long,1,18705.50,18780.50,4/22/2025 4:15:00 PM,4/22/2025 5:00:00 PM,FVG Long,Profit target,$1494.32,$110634.52,$5.68,$255.00,$1500.00,$5.68,4,
1237,NQ DEC25,Backtest,FairValueGapStrategyFiltered,Long,1,19526.25,19501.25,4/23/2025 4:15:00 PM,4/23/2025 4:15:00 PM,FVG Long,Stop loss,($505.68),$110128.84,$5.68,$500.00,$0.00,$505.68,1,
1238,NQ DEC25,Backtest,FairValueGapStrategyFiltered,Long,1,19504.50,19579.50,4/24/2025 4:15:00 PM,4/24/2025 4:30:00 PM,FVG Long,Profit target,$1494.32,$111623.16,$5.68,$155.00,$1500.00,$5.68,2,
1239,NQ DEC25,Backtest,FairValueGapStrategyFiltered,Long,1,19573.75,19548.75,4/24/2025 5:00:00 PM,4/24/2025 5:00:00 PM,FVG Long,Stop loss,($505.68),$111117.48,$5.68,$500.00,$0.00,$505.68,1,
1240,NQ DEC25,Backtest,FairValueGapStrategyFiltered,Long,1,19958.00,19933.00,4/29/2025 4:15:00 PM,4/29/2025 4:15:00 PM,FVG Long,Stop loss,($505.68),$110611.80,$5.68,$500.00,$0.00,$505.68,1,
1241,NQ DEC25,Backtest,FairValueGapStrategyFiltered,Short,1,19572.50,19597.50,4/30/2025 4:15:00 PM,4/30/2025 4:15:00 PM,FVG Short,Stop loss,($505.68),$110106.12,$5.68,$500.00,$0.00,$505.68,1,
1242,NQ DEC25,Backtest,FairValueGapStrategyFiltered,Long,1,20471.50,20546.50,5/1/2025 5:00:00 PM,5/1/2025 5:15:00 PM,FVG Long,Profit target,$1494.32,$111600.44,$5.68,$95.00,$1500.00,$5.68,2,
1243,NQ DEC25,Backtest,FairValueGapStrategyFiltered,Short,1,20562.25,20587.25,5/9/2025 5:00:00 PM,5/9/2025 5:00:00 PM,FVG Short,Stop loss,($505.68),$111094.76,$5.68,$500.00,$0.00,$505.68,1,
1244,NQ DEC25,Backtest,FairValueGapStrategyFiltered,Long,1,21577.00,21652.00,5/13/2025 4:15:00 PM,5/13/2025 4:15:00 PM,FVG Long,Profit target,$1494.32,$112589.08,$5.68,$0.00,$1500.00,$5.68,1,
1245,NQ DEC25,Backtest,FairValueGapStrategyFiltered,Long,1,21655.25,21730.25,5/13/2025 4:30:00 PM,5/13/2025 5:30:00 PM,FVG Long,Profit target,$1494.32,$114083.40,$5.68,$325.00,$1500.00,$5.68,5,
1246,NQ DEC25,Backtest,FairValueGapStrategyFiltered,Long,1,21808.25,21883.25,5/19/2025 4:15:00 PM,5/19/2025 4:15:00 PM,FVG Long,Profit target,$1494.32,$115577.72,$5.68,$0.00,$1500.00,$5.68,1,
1247,NQ DEC25,Backtest,FairValueGapStrategyFiltered,Long,1,21872.00,21847.00,5/19/2025 4:30:00 PM,5/19/2025 4:30:00 PM,FVG Long,Stop loss,($505.68),$115072.04,$5.68,$500.00,$0.00,$505.68,1,
1248,NQ DEC25,Backtest,FairValueGapStrategyFiltered,Long,1,21857.00,21832.00,5/19/2025 4:45:00 PM,5/19/2025 5:00:00 PM,FVG Long,Stop loss,($505.68),$114566.36,$5.68,$500.00,$595.00,$1100.68,2,
1249,NQ DEC25,Backtest,FairValueGapStrategyFiltered,Long,1,21802.75,21877.75,5/27/2025 4:30:00 PM,5/27/2025 6:45:00 PM,FVG Long,Profit target,$1494.32,$116060.68,$5.68,$80.00,$1500.00,$5.68,10,
1250,NQ DEC25,Backtest,FairValueGapStrategyFiltered,Short,1,21969.50,21894.50,5/29/2025 4:15:00 PM,5/29/2025 4:15:00 PM,FVG Short,Profit target,$1494.32,$117555.00,$5.68,$0.00,$1500.00,$5.68,1,
1251,NQ DEC25,Backtest,FairValueGapStrategyFiltered,Short,1,21908.00,21933.00,5/29/2025 4:45:00 PM,5/29/2025 5:00:00 PM,FVG Short,Stop loss,($505.68),$117049.32,$5.68,$500.00,$520.00,$1025.68,2,
1252,NQ DEC25,Backtest,FairValueGapStrategyFiltered,Long,1,21818.75,21893.75,6/2/2025 5:00:00 PM,6/2/2025 6:00:00 PM,FVG Long,Profit target,$1494.32,$118543.64,$5.68,$230.00,$1500.00,$5.68,5,
1253,NQ DEC25,Backtest,FairValueGapStrategyFiltered,Long,1,22304.50,22279.50,6/9/2025 4:45:00 PM,6/9/2025 5:30:00 PM,FVG Long,Stop loss,($505.68),$118037.96,$5.68,$500.00,$765.00,$1270.68,4,
1254,NQ DEC25,Backtest,FairValueGapStrategyFiltered,Long,1,22490.75,22465.75,6/11/2025 4:45:00 PM,6/11/2025 5:15:00 PM,FVG Long,Stop loss,($505.68),$117532.28,$5.68,$500.00,$465.00,$970.68,3,
1255,NQ DEC25,Backtest,FairValueGapStrategyFiltered,Long,1,22373.00,22348.00,6/12/2025 4:45:00 PM,6/12/2025 5:30:00 PM,FVG Long,Stop loss,($505.68),$117026.60,$5.68,$500.00,$1125.00,$1630.68,4,
1256,NQ DEC25,Backtest,FairValueGapStrategyFiltered,Short,1,22079.50,22104.50,6/13/2025 4:45:00 PM,6/13/2025 4:45:00 PM,FVG Short,Stop loss,($505.68),$116520.92,$5.68,$500.00,$0.00,$505.68,1,
1257,NQ DEC25,Backtest,FairValueGapStrategyFiltered,Long,1,22389.50,22400.25,6/16/2025 4:15:00 PM,6/16/2025 11:00:00 PM,FVG Long,Exit on session close,$209.32,$116730.24,$5.68,$300.00,$1400.00,$1190.68,28,
1258,NQ DEC25,Backtest,FairValueGapStrategyFiltered,Long,1,22310.25,22285.25,6/18/2025 4:45:00 PM,6/18/2025 5:30:00 PM,FVG Long,Stop loss,($505.68),$116224.56,$5.68,$500.00,$500.00,$1005.68,4,
1259,NQ DEC25,Backtest,FairValueGapStrategyFiltered,Short,1,21923.00,21948.00,6/19/2025 4:15:00 PM,6/19/2025 4:15:00 PM,FVG Short,Stop loss,($505.68),$115718.88,$5.68,$500.00,$0.00,$505.68,1,
1260,NQ DEC25,Backtest,FairValueGapStrategyFiltered,Short,1,22117.75,22042.75,6/20/2025 5:00:00 PM,6/20/2025 5:00:00 PM,FVG Short,Profit target,$1494.32,$117213.20,$5.68,$0.00,$1500.00,$5.68,1,
1261,NQ DEC25,Backtest,FairValueGapStrategyFiltered,Short,1,22056.00,22081.00,6/20/2025 5:15:00 PM,6/20/2025 5:15:00 PM,FVG Short,Stop loss,($505.68),$116707.52,$5.68,$500.00,$0.00,$505.68,1,
1262,NQ DEC25,Backtest,FairValueGapStrategyFiltered,Long,1,22218.75,22193.75,6/23/2025 4:30:00 PM,6/23/2025 5:00:00 PM,FVG Long,Stop loss,($505.68),$116201.84,$5.68,$500.00,$620.00,$1125.68,3,
1263,NQ DEC25,Backtest,FairValueGapStrategyFiltered,Long,1,23002.00,22977.00,6/27/2025 4:15:00 PM,6/27/2025 7:45:00 PM,FVG Long,Stop loss,($505.68),$115696.16,$5.68,$500.00,$1220.00,$1725.68,15,
1264,NQ DEC25,Backtest,FairValueGapStrategyFiltered,Short,1,22949.75,22874.75,7/1/2025 5:00:00 PM,7/1/2025 5:15:00 PM,FVG Short,Profit target,$1494.32,$117190.48,$5.68,$145.00,$1500.00,$5.68,2,
1265,NQ DEC25,Backtest,FairValueGapStrategyFiltered,Long,1,23028.00,23090.25,7/2/2025 4:45:00 PM,7/2/2025 11:00:00 PM,FVG Long,Exit on session close,$1239.32,$118429.80,$5.68,$390.00,$1365.00,$125.68,26,
1266,NQ DEC25,Backtest,FairValueGapStrategyFiltered,Long,1,23197.00,23272.00,7/3/2025 4:00:00 PM,7/3/2025 4:15:00 PM,FVG Long,Profit target,$1494.32,$119924.12,$5.68,$235.00,$1500.00,$5.68,2,
1267,NQ DEC25,Backtest,FairValueGapStrategyFiltered,Long,1,23289.00,23296.50,7/3/2025 4:30:00 PM,7/3/2025 7:15:00 PM,FVG Long,Exit on session close,$144.32,$120068.44,$5.68,$480.00,$1020.00,$875.68,12,
1268,NQ DEC25,Backtest,FairValueGapStrategyFiltered,Short,1,23119.50,23144.50,7/8/2025 4:15:00 PM,7/8/2025 4:45:00 PM,FVG Short,Stop loss,($505.68),$119562.76,$5.68,$500.00,$660.00,$1165.68,3,
1269,NQ DEC25,Backtest,FairValueGapStrategyFiltered,Long,1,23292.25,23267.25,7/9/2025 4:00:00 PM,7/9/2025 4:45:00 PM,FVG Long,Stop loss,($505.68),$119057.08,$5.68,$500.00,$1145.00,$1650.68,4,
1270,NQ DEC25,Backtest,FairValueGapStrategyFiltered,Short,1,23179.50,23204.50,7/10/2025 4:30:00 PM,7/10/2025 4:30:00 PM,FVG Short,Stop loss,($505.68),$118551.40,$5.68,$500.00,$0.00,$505.68,1,
1271,NQ DEC25,Backtest,FairValueGapStrategyFiltered,Long,1,23228.25,23203.25,7/11/2025 4:45:00 PM,7/11/2025 5:00:00 PM,FVG Long,Stop loss,($505.68),$118045.72,$5.68,$500.00,$365.00,$870.68,2,
1272,NQ DEC25,Backtest,FairValueGapStrategyFiltered,Short,1,23206.00,23231.00,7/16/2025 4:15:00 PM,7/16/2025 4:15:00 PM,FVG Short,Stop loss,($505.68),$117540.04,$5.68,$500.00,$0.00,$505.68,1,
1273,NQ DEC25,Backtest,FairValueGapStrategyFiltered,Long,1,23390.50,23365.50,7/17/2025 4:30:00 PM,7/17/2025 4:30:00 PM,FVG Long,Stop loss,($505.68),$117034.36,$5.68,$500.00,$0.00,$505.68,1,
1274,NQ DEC25,Backtest,FairValueGapStrategyFiltered,Long,1,23432.00,23507.00,7/17/2025 5:15:00 PM,7/17/2025 6:30:00 PM,FVG Long,Profit target,$1494.32,$118528.68,$5.68,$15.00,$1500.00,$5.68,6,
1275,NQ DEC25,Backtest,FairValueGapStrategyFiltered,Long,1,23576.25,23651.25,7/21/2025 4:00:00 PM,7/21/2025 4:30:00 PM,FVG Long,Profit target,$1494.32,$120023.00,$5.68,$20.00,$1500.00,$5.68,3,
1276,NQ DEC25,Backtest,FairValueGapStrategyFiltered,Short,1,23379.50,23404.50,7/22/2025 4:15:00 PM,7/22/2025 4:15:00 PM,FVG Short,Stop loss,($505.68),$119517.32,$5.68,$500.00,$0.00,$505.68,1,
1277,NQ DEC25,Backtest,FairValueGapStrategyFiltered,Short,1,23419.00,23444.00,7/22/2025 4:30:00 PM,7/22/2025 4:45:00 PM,FVG Short,Stop loss,($505.68),$119011.64,$5.68,$500.00,$480.00,$985.68,2,
1278,NQ DEC25,Backtest,FairValueGapStrategyFiltered,Short,1,23403.00,23428.00,7/23/2025 4:15:00 PM,7/23/2025 4:30:00 PM,FVG Short,Stop loss,($505.68),$118505.96,$5.68,$500.00,$375.00,$880.68,2,
1279,NQ DEC25,Backtest,FairValueGapStrategyFiltered,Long,1,23610.00,23585.00,7/24/2025 5:15:00 PM,7/24/2025 6:30:00 PM,FVG Long,Stop loss,($505.68),$118000.28,$5.68,$500.00,$560.00,$1065.68,6,
1280,NQ DEC25,Backtest,FairValueGapStrategyFiltered,Long,1,23642.50,23685.25,7/25/2025 4:30:00 PM,7/25/2025 11:00:00 PM,FVG Long,Exit on session close,$849.32,$118849.60,$5.68,$300.00,$1420.00,$570.68,27,
1281,NQ DEC25,Backtest,FairValueGapStrategyFiltered,Long,1,23758.50,23733.50,7/28/2025 4:15:00 PM,7/28/2025 4:30:00 PM,FVG Long,Stop loss,($505.68),$118343.92,$5.68,$500.00,$160.00,$665.68,2,
1282,NQ DEC25,Backtest,FairValueGapStrategyFiltered,Long,1,23859.00,23834.00,7/29/2025 4:00:00 PM,7/29/2025 4:00:00 PM,FVG Long,Stop loss,($505.68),$117838.24,$5.68,$500.00,$0.00,$505.68,1,
1283,NQ DEC25,Backtest,FairValueGapStrategyFiltered,Long,1,23756.25,23731.25,7/30/2025 5:00:00 PM,7/30/2025 5:15:00 PM,FVG Long,Stop loss,($505.68),$117332.56,$5.68,$500.00,$450.00,$955.68,2,
1284,NQ DEC25,Backtest,FairValueGapStrategyFiltered,Short,1,23117.50,23142.50,8/1/2025 4:15:00 PM,8/1/2025 4:15:00 PM,FVG Short,Stop loss,($505.68),$116826.88,$5.68,$500.00,$0.00,$505.68,1,
1285,NQ DEC25,Backtest,FairValueGapStrategyFiltered,Long,1,23427.00,23502.00,8/4/2025 4:00:00 PM,8/4/2025 6:15:00 PM,FVG Long,Profit target,$1494.32,$118321.20,$5.68,$35.00,$1500.00,$5.68,10,
1286,NQ DEC25,Backtest,FairValueGapStrategyFiltered,Long,1,23881.25,23856.25,8/8/2025 4:15:00 PM,8/8/2025 5:45:00 PM,FVG Long,Stop loss,($505.68),$117815.52,$5.68,$500.00,$1185.00,$1690.68,7,
1287,NQ DEC25,Backtest,FairValueGapStrategyFiltered,Long,1,23993.25,24068.25,8/12/2025 5:00:00 PM,8/12/2025 5:15:00 PM,FVG Long,Profit target,$1494.32,$119309.84,$5.68,$465.00,$1500.00,$5.68,2,
1288,NQ DEC25,Backtest,FairValueGapStrategyFiltered,Long,1,24173.25,24148.25,8/14/2025 4:15:00 PM,8/14/2025 4:15:00 PM,FVG Long,Stop loss,($505.68),$118804.16,$5.68,$500.00,$0.00,$505.68,1,
1289,NQ DEC25,Backtest,FairValueGapStrategyFiltered,Long,1,24219.75,24194.75,8/14/2025 5:00:00 PM,8/14/2025 5:00:00 PM,FVG Long,Stop loss,($505.68),$118298.48,$5.68,$500.00,$0.00,$505.68,1,
1290,NQ DEC25,Backtest,FairValueGapStrategyFiltered,Short,1,24038.50,24063.50,8/15/2025 4:15:00 PM,8/15/2025 4:15:00 PM,FVG Short,Stop loss,($505.68),$117792.80,$5.68,$500.00,$0.00,$505.68,1,
1291,NQ DEC25,Backtest,FairValueGapStrategyFiltered,Short,1,24037.75,24062.75,8/15/2025 5:15:00 PM,8/15/2025 5:30:00 PM,FVG Short,Stop loss,($505.68),$117287.12,$5.68,$500.00,$250.00,$755.68,2,
1292,NQ DEC25,Backtest,FairValueGapStrategyFiltered,Short,1,23915.75,23940.75,8/19/2025 4:15:00 PM,8/19/2025 4:15:00 PM,FVG Short,Stop loss,($505.68),$116781.44,$5.68,$500.00,$0.00,$505.68,1,
1293,NQ DEC25,Backtest,FairValueGapStrategyFiltered,Short,1,23821.50,23746.50,8/19/2025 5:00:00 PM,8/19/2025 6:45:00 PM,FVG Short,Profit target,$1494.32,$118275.76,$5.68,$320.00,$1500.00,$5.68,8,
1294,NQ DEC25,Backtest,FairValueGapStrategyFiltered,Short,1,23411.50,23436.50,8/20/2025 4:15:00 PM,8/20/2025 4:15:00 PM,FVG Short,Stop loss,($505.68),$117770.08,$5.68,$500.00,$0.00,$505.68,1,
1295,NQ DEC25,Backtest,FairValueGapStrategyFiltered,Short,1,23347.25,23372.25,8/20/2025 4:30:00 PM,8/20/2025 4:30:00 PM,FVG Short,Stop loss,($505.68),$117264.40,$5.68,$500.00,$0.00,$505.68,1,
1296,NQ DEC25,Backtest,FairValueGapStrategyFiltered,Long,1,23792.00,23867.00,8/22/2025 4:45:00 PM,8/22/2025 5:00:00 PM,FVG Long,Profit target,$1494.32,$118758.72,$5.68,$0.00,$1500.00,$5.68,2,
1297,NQ DEC25,Backtest,FairValueGapStrategyFiltered,Long,1,23835.75,23810.75,8/27/2025 4:45:00 PM,8/27/2025 5:45:00 PM,FVG Long,Stop loss,($505.68),$118253.04,$5.68,$500.00,$360.00,$865.68,5,
1298,NQ DEC25,Backtest,FairValueGapStrategyFiltered,Long,1,23951.75,23926.75,8/28/2025 5:15:00 PM,8/28/2025 5:30:00 PM,FVG Long,Stop loss,($505.68),$117747.36,$5.68,$500.00,$345.00,$850.68,2,
1299,NQ DEC25,Backtest,FairValueGapStrategyFiltered,Short,1,23757.25,23782.25,8/29/2025 4:15:00 PM,8/29/2025 4:15:00 PM,FVG Short,Stop loss,($505.68),$117241.68,$5.68,$500.00,$0.00,$505.68,1,
1300,NQ DEC25,Backtest,FairValueGapStrategyFiltered,Short,1,23695.00,23720.00,8/29/2025 4:30:00 PM,8/29/2025 4:30:00 PM,FVG Short,Stop loss,($505.68),$116736.00,$5.68,$500.00,$0.00,$505.68,1,
1301,NQ DEC25,Backtest,FairValueGapStrategyFiltered,Short,1,23735.50,23660.50,8/29/2025 4:45:00 PM,8/29/2025 5:00:00 PM,FVG Short,Profit target,$1494.32,$118230.32,$5.68,$350.00,$1500.00,$5.68,2,
1302,NQ DEC25,Backtest,FairValueGapStrategyFiltered,Long,1,23746.25,23721.25,9/3/2025 5:15:00 PM,9/3/2025 5:30:00 PM,FVG Long,Stop loss,($505.68),$117724.64,$5.68,$500.00,$155.00,$660.68,2,
1303,NQ DEC25,Backtest,FairValueGapStrategyFiltered,Long,1,24083.75,24058.75,9/8/2025 4:15:00 PM,9/8/2025 4:30:00 PM,FVG Long,Stop loss,($505.68),$117218.96,$5.68,$500.00,$475.00,$980.68,2,
1304,NQ DEC25,Backtest,FairValueGapStrategyFiltered,Long,1,24319.50,24394.50,9/12/2025 5:00:00 PM,9/12/2025 9:00:00 PM,FVG Long,Profit target,$1494.32,$118713.28,$5.68,$205.00,$1500.00,$5.68,17,
1305,NQ DEC25,Backtest,FairValueGapStrategyFiltered,Long,1,24502.50,24477.50,9/15/2025 4:15:00 PM,9/15/2025 4:30:00 PM,FVG Long,Stop loss,($505.68),$118207.60,$5.68,$500.00,$110.00,$615.68,2,
1306,NQ DEC25,Backtest,FairValueGapStrategyFiltered,Long,1,24786.50,24761.50,9/18/2025 4:45:00 PM,9/18/2025 4:45:00 PM,FVG Long,Stop loss,($505.68),$117701.92,$5.68,$500.00,$0.00,$505.68,1,
1307,NQ DEC25,Backtest,FairValueGapStrategyFiltered,Long,1,24847.50,24922.50,9/22/2025 4:00:00 PM,9/22/2025 5:00:00 PM,FVG Long,Profit target,$1494.32,$119196.24,$5.68,$130.00,$1500.00,$5.68,5,
1308,NQ DEC25,Backtest,FairValueGapStrategyFiltered,Long,1,24926.50,24901.50,9/22/2025 5:15:00 PM,9/22/2025 5:45:00 PM,FVG Long,Stop loss,($505.68),$118690.56,$5.68,$500.00,$225.00,$730.68,3,
1309,NQ DEC25,Backtest,FairValueGapStrategyFiltered,Short,1,24821.00,24746.00,9/24/2025 4:15:00 PM,9/24/2025 6:00:00 PM,FVG Short,Profit target,$1494.32,$120184.88,$5.68,$400.00,$1500.00,$5.68,8,
1310,NQ DEC25,Backtest,FairValueGapStrategyFiltered,Short,1,24452.50,24477.50,9/25/2025 4:15:00 PM,9/25/2025 4:15:00 PM,FVG Short,Stop loss,($505.68),$119679.20,$5.68,$500.00,$0.00,$505.68,1,
1311,NQ DEC25,Backtest,FairValueGapStrategyFiltered,Short,1,24569.00,24594.00,9/26/2025 4:45:00 PM,9/26/2025 4:45:00 PM,FVG Short,Stop loss,($505.68),$119173.52,$5.68,$500.00,$0.00,$505.68,1,
1312,NQ DEC25,Backtest,FairValueGapStrategyFiltered,Long,1,24942.00,24917.00,9/29/2025 4:15:00 PM,9/29/2025 5:15:00 PM,FVG Long,Stop loss,($505.68),$118667.84,$5.68,$500.00,$670.00,$1175.68,5,
1313,NQ DEC25,Backtest,FairValueGapStrategyFiltered,Short,1,24785.50,24810.50,9/30/2025 4:15:00 PM,9/30/2025 4:15:00 PM,FVG Short,Stop loss,($505.68),$118162.16,$5.68,$500.00,$0.00,$505.68,1,
1314,NQ DEC25,Backtest,FairValueGapStrategyFiltered,Long,1,24890.50,24965.50,10/1/2025 5:00:00 PM,10/1/2025 7:15:00 PM,FVG Long,Profit target,$1494.32,$119656.48,$5.68,$305.00,$1500.00,$5.68,10,
1315,NQ DEC25,Backtest,FairValueGapStrategyFiltered,Long,1,25174.25,25249.25,10/8/2025 4:15:00 PM,10/8/2025 6:00:00 PM,FVG Long,Profit target,$1494.32,$121150.80,$5.68,$30.00,$1500.00,$5.68,8,
1316,NQ DEC25,Backtest,FairValueGapStrategyFiltered,Long,1,25355.50,25330.50,10/10/2025 4:15:00 PM,10/10/2025 4:15:00 PM,FVG Long,Stop loss,($505.68),$120645.12,$5.68,$500.00,$0.00,$505.68,1,
1317,NQ DEC25,Backtest,FairValueGapStrategyFiltered,Short,1,24575.00,24600.00,10/14/2025 4:15:00 PM,10/14/2025 4:15:00 PM,FVG Short,Stop loss,($505.68),$120139.44,$5.68,$500.00,$0.00,$505.68,1,
1318,NQ DEC25,Backtest,FairValueGapStrategyFiltered,Long,1,25078.50,25053.50,10/15/2025 4:30:00 PM,10/15/2025 5:30:00 PM,FVG Long,Stop loss,($505.68),$119633.76,$5.68,$500.00,$730.00,$1235.68,5,
1319,NQ DEC25,Backtest,FairValueGapStrategyFiltered,Short,1,24764.50,24789.50,10/17/2025 5:15:00 PM,10/17/2025 5:15:00 PM,FVG Short,Stop loss,($505.68),$119128.08,$5.68,$500.00,$0.00,$505.68,1,
1320,NQ DEC25,Backtest,FairValueGapStrategyFiltered,Long,1,25222.50,25297.50,10/20/2025 4:15:00 PM,10/20/2025 4:45:00 PM,FVG Long,Profit target,$1494.32,$120622.40,$5.68,$215.00,$1500.00,$5.68,3,
1321,NQ DEC25,Backtest,FairValueGapStrategyFiltered,Long,1,25296.25,25326.75,10/20/2025 5:00:00 PM,10/20/2025 11:00:00 PM,FVG Long,Exit on session close,$604.32,$121226.72,$5.68,$140.00,$1165.00,$560.68,25,
1322,NQ DEC25,Backtest,FairValueGapStrategyFiltered,Short,1,25074.25,25099.25,10/22/2025 5:00:00 PM,10/22/2025 5:00:00 PM,FVG Short,Stop loss,($505.68),$120721.04,$5.68,$500.00,$0.00,$505.68,1,
