Trade number,Instrument,Account,Strategy,Market pos.,Qty,Entry price,Exit price,Entry time,Exit time,Entry name,Exit name,Profit,Cum. net profit,Commission,MAE,MFE,ETD,Bars,
1,FDAX DEC25,Backtest,FairValueGapStrategyFiltered,Short,1,12874,12883,1/9/2019 11:30:00 AM,1/9/2019 6:30:00 PM,FVG Short,Exit on session close,($230.52),($230.52),$5.52,$1700.00,$1425.00,$1655.52,29,
2,FDAX DEC25,Backtest,FairValueGapStrategyFiltered,Short,1,12905,12868,1/11/2019 11:15:00 AM,1/11/2019 6:30:00 PM,FVG Short,Exit on session close,$919.48,$688.96,$5.52,$125.00,$2425.00,$1505.52,30,
3,FDAX DEC25,Backtest,FairValueGapStrategyFiltered,Short,1,12792,12847,1/14/2019 11:45:00 AM,1/14/2019 6:30:00 PM,FVG Short,Exit on session close,($1380.52),($691.56),$5.52,$1900.00,$675.00,$2055.52,28,
4,FDAX DEC25,Backtest,FairValueGapStrategyFiltered,Short,1,12875,12890,1/15/2019 10:45:00 AM,1/15/2019 6:30:00 PM,FVG Short,Exit on session close,($380.52),($1072.08),$5.52,$600.00,$2050.00,$2430.52,32,
5,FDAX DEC25,Backtest,FairValueGapStrategyFiltered,Short,1,12862,12902,1/16/2019 12:15:00 PM,1/16/2019 6:30:00 PM,FVG Short,Exit on session close,($1005.52),($2077.60),$5.52,$1625.00,$375.00,$1380.52,26,
6,FDAX DEC25,Backtest,FairValueGapStrategyFiltered,Long,1,12850,12893,1/17/2019 10:30:00 AM,1/17/2019 6:30:00 PM,FVG Long,Exit on session close,$1069.48,($1008.12),$5.52,$750.00,$1550.00,$480.52,33,
7,FDAX DEC25,Backtest,FairValueGapStrategyFiltered,Short,1,13081,13048,1/22/2019 11:45:00 AM,1/22/2019 6:30:00 PM,FVG Short,Exit on session close,$819.48,($188.64),$5.52,$150.00,$1625.00,$805.52,28,
8,FDAX DEC25,Backtest,FairValueGapStrategyFiltered,Long,1,13050,13012,1/23/2019 10:45:00 AM,1/23/2019 6:30:00 PM,FVG Long,Exit on session close,($955.52),($1144.16),$5.52,$1425.00,$1725.00,$2680.52,32,
9,FDAX DEC25,Backtest,FairValueGapStrategyFiltered,Long,1,13248,13191,1/28/2019 11:15:00 AM,1/28/2019 6:30:00 PM,FVG Long,Exit on session close,($1430.52),($2574.68),$5.52,$2200.00,$300.00,$1730.52,30,
10,FDAX DEC25,Backtest,FairValueGapStrategyFiltered,Long,1,13201,13211,1/29/2019 10:30:00 AM,1/29/2019 6:30:00 PM,FVG Long,Exit on session close,$244.48,($2330.20),$5.52,$625.00,$1500.00,$1255.52,33,
11,FDAX DEC25,Backtest,FairValueGapStrategyFiltered,Short,1,13217,13171,1/31/2019 10:30:00 AM,1/31/2019 6:30:00 PM,FVG Short,Exit on session close,$1144.48,($1185.72),$5.52,$50.00,$4775.00,$3630.52,33,
12,FDAX DEC25,Backtest,FairValueGapStrategyFiltered,Short,1,13161,13161,2/1/2019 11:15:00 AM,2/1/2019 6:30:00 PM,FVG Short,Exit on session close,($5.52),($1191.24),$5.52,$500.00,$1725.00,$1730.52,30,
13,FDAX DEC25,Backtest,FairValueGapStrategyFiltered,Long,1,13254,13340,2/5/2019 10:30:00 AM,2/5/2019 6:30:00 PM,FVG Long,Exit on session close,$2144.48,$953.24,$5.52,$200.00,$2925.00,$780.52,33,
14,FDAX DEC25,Backtest,FairValueGapStrategyFiltered,Short,1,13294,13284,2/6/2019 12:15:00 PM,2/6/2019 6:30:00 PM,FVG Short,Exit on session close,$244.48,$1197.72,$5.52,$750.00,$425.00,$180.52,26,
15,FDAX DEC25,Backtest,FairValueGapStrategyFiltered,Short,1,13188,13018,2/7/2019 11:45:00 AM,2/7/2019 6:30:00 PM,FVG Short,Exit on session close,$4244.48,$5442.20,$5.52,$500.00,$5175.00,$930.52,28,
16,FDAX DEC25,Backtest,FairValueGapStrategyFiltered,Short,1,12998,12908,2/8/2019 11:00:00 AM,2/8/2019 6:30:00 PM,FVG Short,Exit on session close,$2244.48,$7686.68,$5.52,$525.00,$3875.00,$1630.52,31,
17,FDAX DEC25,Backtest,FairValueGapStrategyFiltered,Long,1,12996,12999,2/11/2019 10:30:00 AM,2/11/2019 6:30:00 PM,FVG Long,Exit on session close,$69.48,$7756.16,$5.52,$1125.00,$700.00,$630.52,33,
18,FDAX DEC25,Backtest,FairValueGapStrategyFiltered,Short,1,13160,13167,2/13/2019 10:30:00 AM,2/13/2019 6:30:00 PM,FVG Short,Exit on session close,($180.52),$7575.64,$5.52,$975.00,$1400.00,$1580.52,33,
19,FDAX DEC25,Backtest,FairValueGapStrategyFiltered,Short,1,13171,13116,2/14/2019 11:15:00 AM,2/14/2019 6:30:00 PM,FVG Short,Exit on session close,$1369.48,$8945.12,$5.52,$700.00,$2825.00,$1455.52,30,
20,FDAX DEC25,Backtest,FairValueGapStrategyFiltered,Long,1,13160,13288,2/15/2019 12:30:00 PM,2/15/2019 6:30:00 PM,FVG Long,Exit on session close,$3194.48,$12139.60,$5.52,$325.00,$3700.00,$505.52,25,
21,FDAX DEC25,Backtest,FairValueGapStrategyFiltered,Short,1,13313,13389,2/20/2019 11:15:00 AM,2/20/2019 6:30:00 PM,FVG Short,Exit on session close,($1905.52),$10234.08,$5.52,$2725.00,$375.00,$2280.52,30,
22,FDAX DEC25,Backtest,FairValueGapStrategyFiltered,Long,1,13498,13482,2/25/2019 10:30:00 AM,2/25/2019 6:30:00 PM,FVG Long,Exit on session close,($405.52),$9828.56,$5.52,$900.00,$775.00,$1180.52,33,
23,FDAX DEC25,Backtest,FairValueGapStrategyFiltered,Long,1,13470,13524,2/26/2019 11:30:00 AM,2/26/2019 6:30:00 PM,FVG Long,Exit on session close,$1344.48,$11173.04,$5.52,$750.00,$1800.00,$455.52,29,
24,FDAX DEC25,Backtest,FairValueGapStrategyFiltered,Long,1,13632,13609,3/1/2019 10:30:00 AM,3/1/2019 6:30:00 PM,FVG Long,Exit on session close,($580.52),$10592.52,$5.52,$1600.00,$750.00,$1330.52,33,
25,FDAX DEC25,Backtest,FairValueGapStrategyFiltered,Short,1,13590,13526,3/4/2019 11:00:00 AM,3/4/2019 6:30:00 PM,FVG Short,Exit on session close,$1594.48,$12187.00,$5.52,$900.00,$2000.00,$405.52,31,
26,FDAX DEC25,Backtest,FairValueGapStrategyFiltered,Short,1,13562,13609,3/5/2019 12:00:00 PM,3/5/2019 6:30:00 PM,FVG Short,Exit on session close,($1180.52),$11006.48,$5.52,$1350.00,$725.00,$1905.52,27,
27,FDAX DEC25,Backtest,FairValueGapStrategyFiltered,Short,1,13569,13561,3/6/2019 11:30:00 AM,3/6/2019 6:30:00 PM,FVG Short,Exit on session close,$194.48,$11200.96,$5.52,$1775.00,$575.00,$380.52,29,
28,FDAX DEC25,Backtest,FairValueGapStrategyFiltered,Short,1,13534,13510,3/12/2019 11:00:00 AM,3/12/2019 6:30:00 PM,FVG Short,Exit on session close,$594.48,$11795.44,$5.52,$400.00,$1300.00,$705.52,31,
29,FDAX DEC25,Backtest,FairValueGapStrategyFiltered,Long,1,13613,13586,3/14/2019 10:30:00 AM,3/14/2019 6:30:00 PM,FVG Long,Exit on session close,($680.52),$11114.92,$5.52,$2225.00,$150.00,$830.52,33,
30,FDAX DEC25,Backtest,FairValueGapStrategyFiltered,Long,1,13630,13673,3/15/2019 12:00:00 PM,3/15/2019 6:30:00 PM,FVG Long,Exit on session close,$1069.48,$12184.40,$5.52,$750.00,$1875.00,$805.52,27,
31,FDAX DEC25,Backtest,FairValueGapStrategyFiltered,Short,1,13649,13651,3/18/2019 12:00:00 PM,3/18/2019 6:30:00 PM,FVG Short,Exit on session close,($55.52),$12128.88,$5.52,$325.00,$775.00,$830.52,27,
32,FDAX DEC25,Backtest,FairValueGapStrategyFiltered,Long,1,13709,13749,3/19/2019 11:00:00 AM,3/19/2019 6:30:00 PM,FVG Long,Exit on session close,$994.48,$13123.36,$5.52,$200.00,$2500.00,$1505.52,31,
33,FDAX DEC25,Backtest,FairValueGapStrategyFiltered,Short,1,13669,13602,3/20/2019 10:45:00 AM,3/20/2019 6:30:00 PM,FVG Short,Exit on session close,$1669.48,$14792.84,$5.52,$50.00,$2400.00,$730.52,32,
34,FDAX DEC25,Backtest,FairValueGapStrategyFiltered,Short,1,13465,13335,3/22/2019 10:30:00 AM,3/22/2019 6:30:00 PM,FVG Short,Exit on session close,$3244.48,$18037.32,$5.52,$900.00,$3875.00,$630.52,33,
35,FDAX DEC25,Backtest,FairValueGapStrategyFiltered,Short,1,13332,13325,3/25/2019 12:30:00 PM,3/25/2019 6:30:00 PM,FVG Short,Exit on session close,$169.48,$18206.80,$5.52,$625.00,$875.00,$705.52,25,
36,FDAX DEC25,Backtest,FairValueGapStrategyFiltered,Short,1,13368,13437,3/27/2019 11:15:00 AM,3/27/2019 6:30:00 PM,FVG Short,Exit on session close,($1730.52),$16476.28,$5.52,$3075.00,$400.00,$2130.52,30,
37,FDAX DEC25,Backtest,FairValueGapStrategyFiltered,Long,1,13488,13517,3/29/2019 12:30:00 PM,3/29/2019 6:30:00 PM,FVG Long,Exit on session close,$719.48,$17195.76,$5.52,$900.00,$1175.00,$455.52,25,
38,FDAX DEC25,Backtest,FairValueGapStrategyFiltered,Long,1,13651,13679,4/1/2019 10:30:00 AM,4/1/2019 6:30:00 PM,FVG Long,Exit on session close,$694.48,$17890.24,$5.52,$950.00,$1075.00,$380.52,33,
39,FDAX DEC25,Backtest,FairValueGapStrategyFiltered,Long,1,13675,13743,4/2/2019 10:30:00 AM,4/2/2019 6:30:00 PM,FVG Long,Exit on session close,$1694.48,$19584.72,$5.52,$425.00,$2225.00,$530.52,33,
40,FDAX DEC25,Backtest,FairValueGapStrategyFiltered,Short,1,13883,13953,4/3/2019 12:30:00 PM,4/3/2019 6:30:00 PM,FVG Short,Exit on session close,($1755.52),$17829.20,$5.52,$2100.00,$400.00,$2155.52,25,
41,FDAX DEC25,Backtest,FairValueGapStrategyFiltered,Long,1,13972,13847,4/9/2019 11:15:00 AM,4/9/2019 3:45:00 PM,FVG Long,Stop loss,($3130.52),$14698.68,$5.52,$3125.00,$275.00,$3405.52,19,
42,FDAX DEC25,Backtest,FairValueGapStrategyFiltered,Long,1,13913,13922,4/11/2019 12:15:00 PM,4/11/2019 6:30:00 PM,FVG Long,Exit on session close,$219.48,$14918.16,$5.52,$100.00,$1200.00,$980.52,26,
43,FDAX DEC25,Backtest,FairValueGapStrategyFiltered,Long,1,13945,13994,4/12/2019 10:45:00 AM,4/12/2019 6:30:00 PM,FVG Long,Exit on session close,$1219.48,$16137.64,$5.52,$0.00,$2075.00,$855.52,32,
44,FDAX DEC25,Backtest,FairValueGapStrategyFiltered,Long,1,14099,14096,4/16/2019 10:45:00 AM,4/16/2019 6:30:00 PM,FVG Long,Exit on session close,($80.52),$16057.12,$5.52,$675.00,$325.00,$405.52,32,
45,FDAX DEC25,Backtest,FairValueGapStrategyFiltered,Long,1,14121,14150,4/17/2019 12:30:00 PM,4/17/2019 6:30:00 PM,FVG Long,Exit on session close,$719.48,$16776.60,$5.52,$150.00,$1725.00,$1005.52,25,
46,FDAX DEC25,Backtest,FairValueGapStrategyFiltered,Long,1,14142,14234,4/18/2019 11:00:00 AM,4/18/2019 6:30:00 PM,FVG Long,Exit on session close,$2294.48,$19071.08,$5.52,$125.00,$2475.00,$180.52,31,
47,FDAX DEC25,Backtest,FairValueGapStrategyFiltered,Long,1,14250,14300,4/24/2019 11:15:00 AM,4/24/2019 6:30:00 PM,FVG Long,Exit on session close,$1244.48,$20315.56,$5.52,$75.00,$2450.00,$1205.52,30,
48,FDAX DEC25,Backtest,FairValueGapStrategyFiltered,Long,1,14287,14307,4/26/2019 12:30:00 PM,4/26/2019 6:30:00 PM,FVG Long,Exit on session close,$494.48,$20810.04,$5.52,$325.00,$775.00,$280.52,25,
49,FDAX DEC25,Backtest,FairValueGapStrategyFiltered,Long,1,14354,14321,4/29/2019 10:30:00 AM,4/29/2019 6:30:00 PM,FVG Long,Exit on session close,($830.52),$19979.52,$5.52,$2525.00,$100.00,$930.52,33,
50,FDAX DEC25,Backtest,FairValueGapStrategyFiltered,Long,1,14325,14306,5/2/2019 10:30:00 AM,5/2/2019 6:30:00 PM,FVG Long,Exit on session close,($480.52),$19499.00,$5.52,$950.00,$1625.00,$2105.52,33,
51,FDAX DEC25,Backtest,FairValueGapStrategyFiltered,Long,1,14373,14413,5/3/2019 10:45:00 AM,5/3/2019 6:30:00 PM,FVG Long,Exit on session close,$994.48,$20493.48,$5.52,$600.00,$1650.00,$655.52,32,
52,FDAX DEC25,Backtest,FairValueGapStrategyFiltered,Short,1,14131,14256,5/6/2019 11:15:00 AM,5/6/2019 5:30:00 PM,FVG Short,Stop loss,($3130.52),$17362.96,$5.52,$3125.00,$275.00,$3405.52,26,
53,FDAX DEC25,Backtest,FairValueGapStrategyFiltered,Short,1,14222,14083,5/7/2019 11:30:00 AM,5/7/2019 6:30:00 PM,FVG Short,Exit on session close,$3469.48,$20832.44,$5.52,$350.00,$4650.00,$1180.52,29,
54,FDAX DEC25,Backtest,FairValueGapStrategyFiltered,Short,1,14100,14175,5/8/2019 11:30:00 AM,5/8/2019 6:30:00 PM,FVG Short,Exit on session close,($1880.52),$18951.92,$5.52,$2300.00,$1425.00,$3305.52,29,
55,FDAX DEC25,Backtest,FairValueGapStrategyFiltered,Short,1,14057,14091,5/10/2019 12:15:00 PM,5/10/2019 6:30:00 PM,FVG Short,Exit on session close,($855.52),$18096.40,$5.52,$1450.00,$1900.00,$2755.52,26,
56,FDAX DEC25,Backtest,FairValueGapStrategyFiltered,Short,1,13921,13833,5/13/2019 10:30:00 AM,5/13/2019 6:30:00 PM,FVG Short,Exit on session close,$2194.48,$20290.88,$5.52,$1050.00,$2650.00,$455.52,33,
57,FDAX DEC25,Backtest,FairValueGapStrategyFiltered,Short,1,13880,13975,5/14/2019 10:45:00 AM,5/14/2019 6:30:00 PM,FVG Short,Exit on session close,($2380.52),$17910.36,$5.52,$2700.00,$225.00,$2605.52,32,
58,FDAX DEC25,Backtest,FairValueGapStrategyFiltered,Long,1,13936,14071,5/15/2019 10:45:00 AM,5/15/2019 6:30:00 PM,FVG Long,Exit on session close,$3369.48,$21279.84,$5.52,$2650.00,$4175.00,$805.52,32,
59,FDAX DEC25,Backtest,FairValueGapStrategyFiltered,Long,1,14156,14275,5/16/2019 12:30:00 PM,5/16/2019 6:30:00 PM,FVG Long,Exit on session close,$2969.48,$24249.32,$5.52,$925.00,$3275.00,$305.52,25,
60,FDAX DEC25,Backtest,FairValueGapStrategyFiltered,Long,1,14238,14188,5/17/2019 12:00:00 PM,5/17/2019 6:30:00 PM,FVG Long,Exit on session close,($1255.52),$22993.80,$5.52,$3075.00,$50.00,$1305.52,27,
61,FDAX DEC25,Backtest,FairValueGapStrategyFiltered,Short,1,14112,14017,5/20/2019 11:15:00 AM,5/20/2019 6:30:00 PM,FVG Short,Exit on session close,$2369.48,$25363.28,$5.52,$800.00,$3900.00,$1530.52,30,
62,FDAX DEC25,Backtest,FairValueGapStrategyFiltered,Long,1,14153,14028,5/22/2019 12:00:00 PM,5/22/2019 2:30:00 PM,FVG Long,Stop loss,($3130.52),$22232.76,$5.52,$3125.00,$650.00,$3780.52,11,
63,FDAX DEC25,Backtest,FairValueGapStrategyFiltered,Short,1,13940,13909,5/23/2019 11:00:00 AM,5/23/2019 6:30:00 PM,FVG Short,Exit on session close,$769.48,$23002.24,$5.52,$800.00,$1300.00,$530.52,31,
64,FDAX DEC25,Backtest,FairValueGapStrategyFiltered,Short,1,13984,14015,5/28/2019 10:45:00 AM,5/28/2019 6:30:00 PM,FVG Short,Exit on session close,($780.52),$22221.72,$5.52,$1875.00,$775.00,$1555.52,32,
65,FDAX DEC25,Backtest,FairValueGapStrategyFiltered,Short,1,13863,13800,5/29/2019 10:30:00 AM,5/29/2019 6:30:00 PM,FVG Short,Exit on session close,$1569.48,$23791.20,$5.52,$100.00,$2200.00,$630.52,33,
66,FDAX DEC25,Backtest,FairValueGapStrategyFiltered,Short,1,13646,13679,5/31/2019 12:00:00 PM,5/31/2019 6:30:00 PM,FVG Short,Exit on session close,($830.52),$22960.68,$5.52,$1575.00,$475.00,$1305.52,27,
67,FDAX DEC25,Backtest,FairValueGapStrategyFiltered,Long,1,13777,13928,6/4/2019 10:30:00 AM,6/4/2019 6:30:00 PM,FVG Long,Exit on session close,$3769.48,$26730.16,$5.52,$250.00,$4450.00,$680.52,33,
68,FDAX DEC25,Backtest,FairValueGapStrategyFiltered,Long,1,14007,13944,6/5/2019 12:00:00 PM,6/5/2019 6:30:00 PM,FVG Long,Exit on session close,($1580.52),$25149.64,$5.52,$2850.00,$450.00,$2030.52,27,
69,FDAX DEC25,Backtest,FairValueGapStrategyFiltered,Long,1,14004,13879,6/6/2019 10:30:00 AM,6/6/2019 3:00:00 PM,FVG Long,Stop loss,($3130.52),$22019.12,$5.52,$3125.00,$1050.00,$4180.52,19,
70,FDAX DEC25,Backtest,FairValueGapStrategyFiltered,Short,1,14035,14081,6/10/2019 12:00:00 PM,6/10/2019 6:30:00 PM,FVG Short,Exit on session close,($1155.52),$20863.60,$5.52,$1575.00,$400.00,$1555.52,27,
71,FDAX DEC25,Backtest,FairValueGapStrategyFiltered,Long,1,14161,14098,6/11/2019 10:30:00 AM,6/11/2019 6:30:00 PM,FVG Long,Exit on session close,($1580.52),$19283.08,$5.52,$1675.00,$800.00,$2380.52,33,
72,FDAX DEC25,Backtest,FairValueGapStrategyFiltered,Long,1,14145,14129,6/13/2019 11:15:00 AM,6/13/2019 6:30:00 PM,FVG Long,Exit on session close,($405.52),$18877.56,$5.52,$850.00,$700.00,$1105.52,30,
73,FDAX DEC25,Backtest,FairValueGapStrategyFiltered,Short,1,14060,14070,6/14/2019 11:00:00 AM,6/14/2019 6:30:00 PM,FVG Short,Exit on session close,($255.52),$18622.04,$5.52,$725.00,$1075.00,$1330.52,31,
74,FDAX DEC25,Backtest,FairValueGapStrategyFiltered,Short,1,14065,14063,6/17/2019 10:30:00 AM,6/17/2019 6:30:00 PM,FVG Short,Exit on session close,$44.48,$18666.52,$5.52,$700.00,$975.00,$930.52,33,
75,FDAX DEC25,Backtest,FairValueGapStrategyFiltered,Long,1,14118,14291,6/18/2019 10:45:00 AM,6/18/2019 6:30:00 PM,FVG Long,Exit on session close,$4319.48,$22986.00,$5.52,$125.00,$5275.00,$955.52,32,
76,FDAX DEC25,Backtest,FairValueGapStrategyFiltered,Short,1,14329,14287,6/21/2019 12:15:00 PM,6/21/2019 6:30:00 PM,FVG Short,Exit on session close,$1044.48,$24030.48,$5.52,$250.00,$1325.00,$280.52,26,
77,FDAX DEC25,Backtest,FairValueGapStrategyFiltered,Short,1,14247,14227,6/24/2019 10:30:00 AM,6/24/2019 6:30:00 PM,FVG Short,Exit on session close,$494.48,$24524.96,$5.52,$475.00,$800.00,$305.52,33,
78,FDAX DEC25,Backtest,FairValueGapStrategyFiltered,Long,1,14248,14190,6/25/2019 11:00:00 AM,6/25/2019 6:30:00 PM,FVG Long,Exit on session close,($1455.52),$23069.44,$5.52,$1750.00,$50.00,$1505.52,31,
79,FDAX DEC25,Backtest,FairValueGapStrategyFiltered,Long,1,14180,14216,6/26/2019 10:30:00 AM,6/26/2019 6:30:00 PM,FVG Long,Exit on session close,$894.48,$23963.92,$5.52,$50.00,$2625.00,$1730.52,33,
80,FDAX DEC25,Backtest,FairValueGapStrategyFiltered,Short,1,14279,14245,6/27/2019 11:15:00 AM,6/27/2019 6:30:00 PM,FVG Short,Exit on session close,$844.48,$24808.40,$5.52,$175.00,$2650.00,$1805.52,30,
81,FDAX DEC25,Backtest,FairValueGapStrategyFiltered,Long,1,14307,14368,6/28/2019 11:00:00 AM,6/28/2019 6:30:00 PM,FVG Long,Exit on session close,$1519.48,$26327.88,$5.52,$675.00,$1750.00,$230.52,31,
82,FDAX DEC25,Backtest,FairValueGapStrategyFiltered,Short,1,14534,14491,7/1/2019 10:30:00 AM,7/1/2019 6:30:00 PM,FVG Short,Exit on session close,$1069.48,$27397.36,$5.52,$175.00,$1150.00,$80.52,33,
83,FDAX DEC25,Backtest,FairValueGapStrategyFiltered,Long,1,14586,14601,7/3/2019 11:15:00 AM,7/3/2019 6:30:00 PM,FVG Long,Exit on session close,$369.48,$27766.84,$5.52,$625.00,$525.00,$155.52,30,
84,FDAX DEC25,Backtest,FairValueGapStrategyFiltered,Long,1,14580,14547,7/5/2019 12:00:00 PM,7/5/2019 6:30:00 PM,FVG Long,Exit on session close,($830.52),$26936.32,$5.52,$2250.00,$0.00,$830.52,27,
85,FDAX DEC25,Backtest,FairValueGapStrategyFiltered,Short,1,14514,14512,7/8/2019 11:15:00 AM,7/8/2019 6:30:00 PM,FVG Short,Exit on session close,$44.48,$26980.80,$5.52,$600.00,$900.00,$855.52,30,
86,FDAX DEC25,Backtest,FairValueGapStrategyFiltered,Short,1,14363,14418,7/9/2019 10:30:00 AM,7/9/2019 6:30:00 PM,FVG Short,Exit on session close,($1380.52),$25600.28,$5.52,$1475.00,$700.00,$2080.52,33,
87,FDAX DEC25,Backtest,FairValueGapStrategyFiltered,Short,1,14364,14352,7/10/2019 11:15:00 AM,7/10/2019 6:30:00 PM,FVG Short,Exit on session close,$294.48,$25894.76,$5.52,$1450.00,$950.00,$655.52,30,
88,FDAX DEC25,Backtest,FairValueGapStrategyFiltered,Short,1,14300,14362,7/15/2019 10:45:00 AM,7/15/2019 6:30:00 PM,FVG Short,Exit on session close,($1555.52),$24339.24,$5.52,$1900.00,$775.00,$2330.52,32,
89,FDAX DEC25,Backtest,FairValueGapStrategyFiltered,Short,1,14344,14390,7/16/2019 12:00:00 PM,7/16/2019 6:30:00 PM,FVG Short,Exit on session close,($1155.52),$23183.72,$5.52,$2300.00,$25.00,$1180.52,27,
90,FDAX DEC25,Backtest,FairValueGapStrategyFiltered,Long,1,14408,14308,7/17/2019 12:30:00 PM,7/17/2019 6:30:00 PM,FVG Long,Exit on session close,($2505.52),$20678.20,$5.52,$2900.00,$75.00,$2580.52,25,
91,FDAX DEC25,Backtest,FairValueGapStrategyFiltered,Short,1,14295,14249,7/19/2019 11:15:00 AM,7/19/2019 6:30:00 PM,FVG Short,Exit on session close,$1144.48,$21822.68,$5.52,$0.00,$2825.00,$1680.52,30,
92,FDAX DEC25,Backtest,FairValueGapStrategyFiltered,Short,1,14248,14274,7/22/2019 12:15:00 PM,7/22/2019 6:30:00 PM,FVG Short,Exit on session close,($655.52),$21167.16,$5.52,$1825.00,$250.00,$905.52,26,
93,FDAX DEC25,Backtest,FairValueGapStrategyFiltered,Long,1,14414,14469,7/23/2019 11:15:00 AM,7/23/2019 6:30:00 PM,FVG Long,Exit on session close,$1369.48,$22536.64,$5.52,$400.00,$2300.00,$930.52,30,
94,FDAX DEC25,Backtest,FairValueGapStrategyFiltered,Short,1,14368,14390,7/29/2019 12:00:00 PM,7/29/2019 6:30:00 PM,FVG Short,Exit on session close,($555.52),$21981.12,$5.52,$2000.00,$50.00,$605.52,27,
95,FDAX DEC25,Backtest,FairValueGapStrategyFiltered,Short,1,14266,14096,7/30/2019 11:00:00 AM,7/30/2019 6:30:00 PM,FVG Short,Exit on session close,$4244.48,$26225.60,$5.52,$50.00,$4575.00,$330.52,31,
96,FDAX DEC25,Backtest,FairValueGapStrategyFiltered,Long,1,14200,14221,8/1/2019 11:45:00 AM,8/1/2019 6:30:00 PM,FVG Long,Exit on session close,$519.48,$26745.08,$5.52,$1850.00,$1050.00,$530.52,28,
97,FDAX DEC25,Backtest,FairValueGapStrategyFiltered,Short,1,13900,13888,8/2/2019 11:30:00 AM,8/2/2019 6:30:00 PM,FVG Short,Exit on session close,$294.48,$27039.56,$5.52,$1775.00,$2300.00,$2005.52,29,
98,FDAX DEC25,Backtest,FairValueGapStrategyFiltered,Short,1,13633,13619,8/5/2019 10:45:00 AM,8/5/2019 6:30:00 PM,FVG Short,Exit on session close,$344.48,$27384.04,$5.52,$2050.00,$800.00,$455.52,32,
99,FDAX DEC25,Backtest,FairValueGapStrategyFiltered,Long,1,13692,13567,8/6/2019 11:00:00 AM,8/6/2019 5:15:00 PM,FVG Long,Stop loss,($3130.52),$24253.52,$5.52,$3125.00,$775.00,$3905.52,26,
100,FDAX DEC25,Backtest,FairValueGapStrategyFiltered,Long,1,13678,13553,8/7/2019 10:30:00 AM,8/7/2019 3:45:00 PM,FVG Long,Stop loss,($3130.52),$21123.00,$5.52,$3125.00,$1025.00,$4155.52,22,
101,FDAX DEC25,Backtest,FairValueGapStrategyFiltered,Short,1,13679,13804,8/8/2019 10:45:00 AM,8/8/2019 5:45:00 PM,FVG Short,Stop loss,($3130.52),$17992.48,$5.52,$3125.00,$100.00,$3230.52,29,
102,FDAX DEC25,Backtest,FairValueGapStrategyFiltered,Short,1,13714,13666,8/9/2019 12:30:00 PM,8/9/2019 6:30:00 PM,FVG Short,Exit on session close,$1194.48,$19186.96,$5.52,$375.00,$1750.00,$555.52,25,
103,FDAX DEC25,Backtest,FairValueGapStrategyFiltered,Short,1,13717,13674,8/12/2019 10:30:00 AM,8/12/2019 6:30:00 PM,FVG Short,Exit on session close,$1069.48,$20256.44,$5.52,$25.00,$2425.00,$1355.52,33,
104,FDAX DEC25,Backtest,FairValueGapStrategyFiltered,Short,1,13558,13683,8/13/2019 11:45:00 AM,8/13/2019 4:00:00 PM,FVG Short,Stop loss,($3130.52),$17125.92,$5.52,$3125.00,$1175.00,$4305.52,18,
105,FDAX DEC25,Backtest,FairValueGapStrategyFiltered,Short,1,13658,13454,8/14/2019 11:15:00 AM,8/14/2019 6:30:00 PM,FVG Short,Exit on session close,$5094.48,$22220.40,$5.52,$200.00,$5650.00,$555.52,30,
106,FDAX DEC25,Backtest,FairValueGapStrategyFiltered,Short,1,13403,13415,8/15/2019 11:45:00 AM,8/15/2019 6:30:00 PM,FVG Short,Exit on session close,($305.52),$21914.88,$5.52,$2450.00,$4100.00,$4405.52,28,
107,FDAX DEC25,Backtest,FairValueGapStrategyFiltered,Short,1,13452,13532,8/16/2019 12:00:00 PM,8/16/2019 6:30:00 PM,FVG Short,Exit on session close,($2005.52),$19909.36,$5.52,$2650.00,$725.00,$2730.52,27,
108,FDAX DEC25,Backtest,FairValueGapStrategyFiltered,Long,1,13761,13778,8/21/2019 11:15:00 AM,8/21/2019 6:30:00 PM,FVG Long,Exit on session close,$419.48,$20328.84,$5.52,$600.00,$1000.00,$580.52,30,
109,FDAX DEC25,Backtest,FairValueGapStrategyFiltered,Short,1,13734,13727,8/22/2019 12:00:00 PM,8/22/2019 6:30:00 PM,FVG Short,Exit on session close,$169.48,$20498.32,$5.52,$2400.00,$1200.00,$1030.52,27,
110,FDAX DEC25,Backtest,FairValueGapStrategyFiltered,Short,1,13609,13734,8/27/2019 11:15:00 AM,8/27/2019 3:00:00 PM,FVG Short,Stop loss,($3130.52),$17367.80,$5.52,$3125.00,$25.00,$3155.52,16,
111,FDAX DEC25,Backtest,FairValueGapStrategyFiltered,Long,1,13684,13559,8/28/2019 10:45:00 AM,8/28/2019 1:45:00 PM,FVG Long,Stop loss,($3130.52),$14237.28,$5.52,$3125.00,$200.00,$3330.52,13,
112,FDAX DEC25,Backtest,FairValueGapStrategyFiltered,Short,1,14014,13994,9/4/2019 12:30:00 PM,9/4/2019 6:30:00 PM,FVG Short,Exit on session close,$494.48,$14731.76,$5.52,$400.00,$950.00,$455.52,25,
113,FDAX DEC25,Backtest,FairValueGapStrategyFiltered,Short,1,14116,14164,9/6/2019 10:30:00 AM,9/6/2019 6:30:00 PM,FVG Short,Exit on session close,($1205.52),$13526.24,$5.52,$1750.00,$150.00,$1355.52,33,
114,FDAX DEC25,Backtest,FairValueGapStrategyFiltered,Short,1,14178,14179,9/9/2019 10:30:00 AM,9/9/2019 6:30:00 PM,FVG Short,Exit on session close,($30.52),$13495.72,$5.52,$1250.00,$250.00,$280.52,33,
115,FDAX DEC25,Backtest,FairValueGapStrategyFiltered,Long,1,14192,14283,9/10/2019 11:45:00 AM,9/10/2019 6:30:00 PM,FVG Long,Exit on session close,$2269.48,$15765.20,$5.52,$350.00,$2425.00,$155.52,28,
116,FDAX DEC25,Backtest,FairValueGapStrategyFiltered,Short,1,14328,14358,9/17/2019 12:15:00 PM,9/17/2019 6:30:00 PM,FVG Short,Exit on session close,($755.52),$15009.68,$5.52,$1050.00,$1075.00,$1830.52,26,
117,FDAX DEC25,Backtest,FairValueGapStrategyFiltered,Long,1,14419,14427,9/19/2019 11:15:00 AM,9/19/2019 6:30:00 PM,FVG Long,Exit on session close,$194.48,$15204.16,$5.52,$1175.00,$875.00,$680.52,30,
118,FDAX DEC25,Backtest,FairValueGapStrategyFiltered,Short,1,14414,14444,9/20/2019 11:00:00 AM,9/20/2019 6:30:00 PM,FVG Short,Exit on session close,($755.52),$14448.64,$5.52,$1400.00,$400.00,$1155.52,31,
119,FDAX DEC25,Backtest,FairValueGapStrategyFiltered,Short,1,14253,14337,9/23/2019 11:00:00 AM,9/23/2019 6:30:00 PM,FVG Short,Exit on session close,($2105.52),$12343.12,$5.52,$2275.00,$225.00,$2330.52,31,
120,FDAX DEC25,Backtest,FairValueGapStrategyFiltered,Long,1,14345,14239,9/24/2019 11:45:00 AM,9/24/2019 6:30:00 PM,FVG Long,Exit on session close,($2655.52),$9687.60,$5.52,$3000.00,$125.00,$2780.52,28,
121,FDAX DEC25,Backtest,FairValueGapStrategyFiltered,Short,1,14169,14231,9/25/2019 10:30:00 AM,9/25/2019 6:30:00 PM,FVG Short,Exit on session close,($1555.52),$8132.08,$5.52,$1800.00,$1150.00,$2705.52,33,
122,FDAX DEC25,Backtest,FairValueGapStrategyFiltered,Short,1,14270,14287,9/26/2019 12:00:00 PM,9/26/2019 6:30:00 PM,FVG Short,Exit on session close,($430.52),$7701.56,$5.52,$650.00,$425.00,$855.52,27,
123,FDAX DEC25,Backtest,FairValueGapStrategyFiltered,Short,1,14411,14231,10/1/2019 10:30:00 AM,10/1/2019 6:30:00 PM,FVG Short,Exit on session close,$4494.48,$12196.04,$5.52,$450.00,$4975.00,$480.52,33,
124,FDAX DEC25,Backtest,FairValueGapStrategyFiltered,Short,1,14120,13914,10/2/2019 11:30:00 AM,10/2/2019 6:30:00 PM,FVG Short,Exit on session close,$5144.48,$17340.52,$5.52,$350.00,$5550.00,$405.52,29,
125,FDAX DEC25,Backtest,FairValueGapStrategyFiltered,Short,1,13929,13918,10/3/2019 12:00:00 PM,10/3/2019 6:30:00 PM,FVG Short,Exit on session close,$269.48,$17610.00,$5.52,$725.00,$3125.00,$2855.52,27,
126,FDAX DEC25,Backtest,FairValueGapStrategyFiltered,Short,1,13876,14001,10/4/2019 12:00:00 PM,10/4/2019 5:45:00 PM,FVG Short,Stop loss,($3130.52),$14479.48,$5.52,$3125.00,$75.00,$3205.52,24,
127,FDAX DEC25,Backtest,FairValueGapStrategyFiltered,Short,1,13964,14089,10/7/2019 10:30:00 AM,10/7/2019 5:30:00 PM,FVG Short,Stop loss,($3130.52),$11348.96,$5.52,$3125.00,$150.00,$3280.52,29,
128,FDAX DEC25,Backtest,FairValueGapStrategyFiltered,Short,1,13999,13980,10/8/2019 12:00:00 PM,10/8/2019 6:30:00 PM,FVG Short,Exit on session close,$469.48,$11818.44,$5.52,$175.00,$2475.00,$2005.52,27,
129,FDAX DEC25,Backtest,FairValueGapStrategyFiltered,Long,1,14106,14091,10/9/2019 11:45:00 AM,10/9/2019 6:30:00 PM,FVG Long,Exit on session close,($380.52),$11437.92,$5.52,$1625.00,$625.00,$1005.52,28,
130,FDAX DEC25,Backtest,FairValueGapStrategyFiltered,Long,1,14118,14132,10/10/2019 10:45:00 AM,10/10/2019 6:30:00 PM,FVG Long,Exit on session close,$344.48,$11782.40,$5.52,$1625.00,$1700.00,$1355.52,32,
131,FDAX DEC25,Backtest,FairValueGapStrategyFiltered,Long,1,14362,14464,10/11/2019 11:15:00 AM,10/11/2019 6:30:00 PM,FVG Long,Exit on session close,$2544.48,$14326.88,$5.52,$500.00,$3450.00,$905.52,30,
132,FDAX DEC25,Backtest,FairValueGapStrategyFiltered,Short,1,14376,14470,10/14/2019 12:00:00 PM,10/14/2019 6:30:00 PM,FVG Short,Exit on session close,($2355.52),$11971.36,$5.52,$2700.00,$50.00,$2405.52,27,
133,FDAX DEC25,Backtest,FairValueGapStrategyFiltered,Short,1,14520,14645,10/15/2019 10:30:00 AM,10/15/2019 4:45:00 PM,FVG Short,Stop loss,($3130.52),$8840.84,$5.52,$3125.00,$625.00,$3755.52,26,
134,FDAX DEC25,Backtest,FairValueGapStrategyFiltered,Long,1,14784,14659,10/17/2019 12:00:00 PM,10/17/2019 2:15:00 PM,FVG Long,Stop loss,($3130.52),$5710.32,$5.52,$3125.00,$500.00,$3630.52,10,
135,FDAX DEC25,Backtest,FairValueGapStrategyFiltered,Long,1,14681,14600,10/18/2019 12:00:00 PM,10/18/2019 6:30:00 PM,FVG Long,Exit on session close,($2030.52),$3679.80,$5.52,$2375.00,$100.00,$2130.52,27,
136,FDAX DEC25,Backtest,FairValueGapStrategyFiltered,Long,1,14773,14754,10/22/2019 12:15:00 PM,10/22/2019 6:30:00 PM,FVG Long,Exit on session close,($480.52),$3199.28,$5.52,$1150.00,$50.00,$530.52,26,
137,FDAX DEC25,Backtest,FairValueGapStrategyFiltered,Long,1,14752,14790,10/23/2019 10:45:00 AM,10/23/2019 6:30:00 PM,FVG Long,Exit on session close,$944.48,$4143.76,$5.52,$600.00,$1425.00,$480.52,32,
138,FDAX DEC25,Backtest,FairValueGapStrategyFiltered,Short,1,14837,14846,10/24/2019 10:45:00 AM,10/24/2019 6:30:00 PM,FVG Short,Exit on session close,($230.52),$3913.24,$5.52,$925.00,$175.00,$405.52,32,
139,FDAX DEC25,Backtest,FairValueGapStrategyFiltered,Short,1,14825,14880,10/25/2019 12:00:00 PM,10/25/2019 6:30:00 PM,FVG Short,Exit on session close,($1380.52),$2532.72,$5.52,$1575.00,$50.00,$1430.52,27,
140,FDAX DEC25,Backtest,FairValueGapStrategyFiltered,Short,1,14835,14863,10/31/2019 10:45:00 AM,10/31/2019 6:30:00 PM,FVG Short,Exit on session close,($705.52),$1827.20,$5.52,$1925.00,$1325.00,$2030.52,32,
141,FDAX DEC25,Backtest,FairValueGapStrategyFiltered,Long,1,15066,15116,11/4/2019 10:45:00 AM,11/4/2019 6:30:00 PM,FVG Long,Exit on session close,$1244.48,$3071.68,$5.52,$200.00,$2400.00,$1155.52,32,
142,FDAX DEC25,Backtest,FairValueGapStrategyFiltered,Short,1,15129,15146,11/6/2019 10:45:00 AM,11/6/2019 6:30:00 PM,FVG Short,Exit on session close,($430.52),$2641.16,$5.52,$1875.00,$750.00,$1180.52,32,
143,FDAX DEC25,Backtest,FairValueGapStrategyFiltered,Short,1,15192,15205,11/11/2019 10:45:00 AM,11/11/2019 6:30:00 PM,FVG Short,Exit on session close,($330.52),$2310.64,$5.52,$450.00,$1575.00,$1905.52,32,
144,FDAX DEC25,Backtest,FairValueGapStrategyFiltered,Long,1,15253,15267,11/12/2019 11:45:00 AM,11/12/2019 6:30:00 PM,FVG Long,Exit on session close,$344.48,$2655.12,$5.52,$225.00,$1225.00,$880.52,28,
145,FDAX DEC25,Backtest,FairValueGapStrategyFiltered,Short,1,15155,15241,11/13/2019 10:30:00 AM,11/13/2019 6:30:00 PM,FVG Short,Exit on session close,($2155.52),$499.60,$5.52,$2200.00,$675.00,$2830.52,33,
146,FDAX DEC25,Backtest,FairValueGapStrategyFiltered,Long,1,15186,15172,11/14/2019 11:00:00 AM,11/14/2019 6:30:00 PM,FVG Long,Exit on session close,($355.52),$144.08,$5.52,$925.00,$675.00,$1030.52,31,
147,FDAX DEC25,Backtest,FairValueGapStrategyFiltered,Short,1,15200,15221,11/15/2019 12:00:00 PM,11/15/2019 6:30:00 PM,FVG Short,Exit on session close,($530.52),($386.44),$5.52,$975.00,$900.00,$1430.52,27,
148,FDAX DEC25,Backtest,FairValueGapStrategyFiltered,Short,1,15207,15197,11/18/2019 10:45:00 AM,11/18/2019 6:30:00 PM,FVG Short,Exit on session close,$244.48,($141.96),$5.52,$625.00,$1975.00,$1730.52,32,
149,FDAX DEC25,Backtest,FairValueGapStrategyFiltered,Long,1,15325,15200,11/19/2019 10:45:00 AM,11/19/2019 5:00:00 PM,FVG Long,Stop loss,($3130.52),($3272.48),$5.52,$3125.00,$1125.00,$4255.52,26,
150,FDAX DEC25,Backtest,FairValueGapStrategyFiltered,Short,1,15071,15156,11/20/2019 10:30:00 AM,11/20/2019 6:30:00 PM,FVG Short,Exit on session close,($2130.52),($5403.00),$5.52,$2675.00,$225.00,$2355.52,33,
151,FDAX DEC25,Backtest,FairValueGapStrategyFiltered,Long,1,15101,15149,11/21/2019 10:30:00 AM,11/21/2019 6:30:00 PM,FVG Long,Exit on session close,$1194.48,($4208.52),$5.52,$575.00,$1725.00,$530.52,33,
152,FDAX DEC25,Backtest,FairValueGapStrategyFiltered,Short,1,15156,15174,11/22/2019 10:45:00 AM,11/22/2019 6:30:00 PM,FVG Short,Exit on session close,($455.52),($4664.04),$5.52,$900.00,$1100.00,$1555.52,32,
153,FDAX DEC25,Backtest,FairValueGapStrategyFiltered,Short,1,15191,15243,11/26/2019 10:45:00 AM,11/26/2019 6:30:00 PM,FVG Short,Exit on session close,($1305.52),($5969.56),$5.52,$1450.00,$175.00,$1480.52,32,
154,FDAX DEC25,Backtest,FairValueGapStrategyFiltered,Long,1,15301,15282,11/27/2019 10:45:00 AM,11/27/2019 6:30:00 PM,FVG Long,Exit on session close,($480.52),($6450.08),$5.52,$1200.00,$275.00,$755.52,32,
155,FDAX DEC25,Backtest,FairValueGapStrategyFiltered,Long,1,15214,15220,11/29/2019 10:30:00 AM,11/29/2019 6:30:00 PM,FVG Long,Exit on session close,$144.48,($6305.60),$5.52,$150.00,$1825.00,$1680.52,33,
156,FDAX DEC25,Backtest,FairValueGapStrategyFiltered,Short,1,14999,15006,12/3/2019 11:45:00 AM,12/3/2019 6:30:00 PM,FVG Short,Exit on session close,($180.52),($6486.12),$5.52,$1225.00,$1975.00,$2155.52,28,
157,FDAX DEC25,Backtest,FairValueGapStrategyFiltered,Long,1,15146,15144,12/4/2019 10:30:00 AM,12/4/2019 6:30:00 PM,FVG Long,Exit on session close,($55.52),($6541.64),$5.52,$1300.00,$250.00,$305.52,33,
158,FDAX DEC25,Backtest,FairValueGapStrategyFiltered,Short,1,15101,15053,12/5/2019 10:45:00 AM,12/5/2019 6:30:00 PM,FVG Short,Exit on session close,$1194.48,($5347.16),$5.52,$2125.00,$1425.00,$230.52,32,
159,FDAX DEC25,Backtest,FairValueGapStrategyFiltered,Long,1,15093,15169,12/6/2019 10:30:00 AM,12/6/2019 6:30:00 PM,FVG Long,Exit on session close,$1894.48,($3452.68),$5.52,$1300.00,$1950.00,$55.52,33,
160,FDAX DEC25,Backtest,FairValueGapStrategyFiltered,Short,1,14931,15056,12/10/2019 10:30:00 AM,12/10/2019 4:30:00 PM,FVG Short,Stop loss,($3130.52),($6583.20),$5.52,$3125.00,$1325.00,$4455.52,25,
161,FDAX DEC25,Backtest,FairValueGapStrategyFiltered,Short,1,15064,15136,12/11/2019 10:30:00 AM,12/11/2019 6:30:00 PM,FVG Short,Exit on session close,($1805.52),($8388.72),$5.52,$2600.00,$350.00,$2155.52,33,
162,FDAX DEC25,Backtest,FairValueGapStrategyFiltered,Short,1,15293,15299,12/17/2019 12:15:00 PM,12/17/2019 6:30:00 PM,FVG Short,Exit on session close,($155.52),($8544.24),$5.52,$1200.00,$525.00,$680.52,26,
163,FDAX DEC25,Backtest,FairValueGapStrategyFiltered,Short,1,15253,15209,12/18/2019 12:00:00 PM,12/18/2019 6:30:00 PM,FVG Short,Exit on session close,$1094.48,($7449.76),$5.52,$425.00,$1300.00,$205.52,27,
164,FDAX DEC25,Backtest,FairValueGapStrategyFiltered,Short,1,15172,15203,12/19/2019 11:45:00 AM,12/19/2019 6:30:00 PM,FVG Short,Exit on session close,($780.52),($8230.28),$5.52,$1100.00,$900.00,$1680.52,28,
165,FDAX DEC25,Backtest,FairValueGapStrategyFiltered,Short,1,15226,15312,12/20/2019 10:45:00 AM,12/20/2019 6:30:00 PM,FVG Short,Exit on session close,($2155.52),($10385.80),$5.52,$2200.00,$400.00,$2555.52,32,
166,FDAX DEC25,Backtest,FairValueGapStrategyFiltered,Short,1,15280,15285,12/23/2019 11:30:00 AM,12/23/2019 6:30:00 PM,FVG Short,Exit on session close,($130.52),($10516.32),$5.52,$450.00,$200.00,$330.52,29,
167,FDAX DEC25,Backtest,FairValueGapStrategyFiltered,Short,1,15312,15297,12/27/2019 10:45:00 AM,12/27/2019 6:30:00 PM,FVG Short,Exit on session close,$369.48,($10146.84),$5.52,$1375.00,$650.00,$280.52,32,
168,FDAX DEC25,Backtest,FairValueGapStrategyFiltered,Short,1,15248,15138,12/30/2019 10:45:00 AM,12/30/2019 6:30:00 PM,FVG Short,Exit on session close,$2744.48,($7402.36),$5.52,$200.00,$3600.00,$855.52,32,
169,FDAX DEC25,Backtest,FairValueGapStrategyFiltered,Long,1,15319,15382,1/2/2020 10:30:00 AM,1/2/2020 6:30:00 PM,FVG Long,Exit on session close,$1569.48,($5832.88),$5.52,$375.00,$2275.00,$705.52,33,
170,FDAX DEC25,Backtest,FairValueGapStrategyFiltered,Short,1,15160,15194,1/3/2020 10:30:00 AM,1/3/2020 6:30:00 PM,FVG Short,Exit on session close,($855.52),($6688.40),$5.52,$1700.00,$1525.00,$2380.52,33,
171,FDAX DEC25,Backtest,FairValueGapStrategyFiltered,Short,1,15455,15468,1/9/2020 12:15:00 PM,1/9/2020 6:30:00 PM,FVG Short,Exit on session close,($330.52),($7018.92),$5.52,$1375.00,$425.00,$755.52,26,
172,FDAX DEC25,Backtest,FairValueGapStrategyFiltered,Short,1,15476,15445,1/13/2020 10:45:00 AM,1/13/2020 6:30:00 PM,FVG Short,Exit on session close,$769.48,($6249.44),$5.52,$500.00,$2250.00,$1480.52,32,
173,FDAX DEC25,Backtest,FairValueGapStrategyFiltered,Long,1,15442,15446,1/14/2020 10:30:00 AM,1/14/2020 6:30:00 PM,FVG Long,Exit on session close,$94.48,($6154.96),$5.52,$1050.00,$800.00,$705.52,33,
174,FDAX DEC25,Backtest,FairValueGapStrategyFiltered,Short,1,15429,15420,1/16/2020 11:00:00 AM,1/16/2020 6:30:00 PM,FVG Short,Exit on session close,$219.48,($5935.48),$5.52,$0.00,$1600.00,$1380.52,31,
175,FDAX DEC25,Backtest,FairValueGapStrategyFiltered,Short,1,15504,15510,1/17/2020 10:30:00 AM,1/17/2020 6:30:00 PM,FVG Short,Exit on session close,($155.52),($6091.00),$5.52,$1050.00,$650.00,$805.52,33,
176,FDAX DEC25,Backtest,FairValueGapStrategyFiltered,Short,1,15558,15484,1/22/2020 10:30:00 AM,1/22/2020 6:30:00 PM,FVG Short,Exit on session close,$1844.48,($4246.52),$5.52,$400.00,$1950.00,$105.52,33,
177,FDAX DEC25,Backtest,FairValueGapStrategyFiltered,Short,1,15338,15226,1/27/2020 10:30:00 AM,1/27/2020 6:30:00 PM,FVG Short,Exit on session close,$2794.48,($1452.04),$5.52,$50.00,$4075.00,$1280.52,33,
178,FDAX DEC25,Backtest,FairValueGapStrategyFiltered,Short,1,15302,15340,1/29/2020 10:45:00 AM,1/29/2020 6:30:00 PM,FVG Short,Exit on session close,($955.52),($2407.56),$5.52,$1375.00,$600.00,$1555.52,32,
179,FDAX DEC25,Backtest,FairValueGapStrategyFiltered,Long,1,15230,15105,1/30/2020 10:45:00 AM,1/30/2020 5:00:00 PM,FVG Long,Stop loss,($3130.52),($5538.08),$5.52,$3125.00,$50.00,$3180.52,26,
180,FDAX DEC25,Backtest,FairValueGapStrategyFiltered,Short,1,15139,14972,1/31/2020 11:15:00 AM,1/31/2020 6:30:00 PM,FVG Short,Exit on session close,$4169.48,($1368.60),$5.52,$0.00,$4925.00,$755.52,30,
181,FDAX DEC25,Backtest,FairValueGapStrategyFiltered,Long,1,15342,15464,2/5/2020 10:30:00 AM,2/5/2020 6:30:00 PM,FVG Long,Exit on session close,$3044.48,$1675.88,$5.52,$0.00,$3350.00,$305.52,33,
182,FDAX DEC25,Backtest,FairValueGapStrategyFiltered,Short,1,15474,15487,2/7/2020 12:30:00 PM,2/7/2020 6:30:00 PM,FVG Short,Exit on session close,($330.52),$1345.36,$5.52,$1100.00,$750.00,$1080.52,25,
183,FDAX DEC25,Backtest,FairValueGapStrategyFiltered,Long,1,15458,15464,2/10/2020 10:45:00 AM,2/10/2020 6:30:00 PM,FVG Long,Exit on session close,$144.48,$1489.84,$5.52,$700.00,$625.00,$480.52,32,
184,FDAX DEC25,Backtest,FairValueGapStrategyFiltered,Short,1,15546,15624,2/11/2020 10:30:00 AM,2/11/2020 6:30:00 PM,FVG Short,Exit on session close,($1955.52),($465.68),$5.52,$2650.00,$75.00,$2030.52,33,
185,FDAX DEC25,Backtest,FairValueGapStrategyFiltered,Short,1,15684,15733,2/12/2020 10:45:00 AM,2/12/2020 6:30:00 PM,FVG Short,Exit on session close,($1230.52),($1696.20),$5.52,$1450.00,$100.00,$1330.52,32,
186,FDAX DEC25,Backtest,FairValueGapStrategyFiltered,Short,1,15577,15702,2/13/2020 11:30:00 AM,2/13/2020 3:45:00 PM,FVG Short,Stop loss,($3130.52),($4826.72),$5.52,$3125.00,$50.00,$3180.52,18,
187,FDAX DEC25,Backtest,FairValueGapStrategyFiltered,Short,1,15057,14978,2/24/2020 10:45:00 AM,2/24/2020 6:30:00 PM,FVG Short,Exit on session close,$1969.48,($2857.24),$5.52,$1325.00,$2375.00,$405.52,32,
188,FDAX DEC25,Backtest,FairValueGapStrategyFiltered,Short,1,14886,14764,2/25/2020 12:00:00 PM,2/25/2020 6:30:00 PM,FVG Short,Exit on session close,$3044.48,$187.24,$5.52,$2800.00,$3650.00,$605.52,27,
189,FDAX DEC25,Backtest,FairValueGapStrategyFiltered,Short,1,14408,14533,2/26/2020 10:30:00 AM,2/26/2020 10:45:00 AM,FVG Short,Stop loss,($3130.52),($2943.28),$5.52,$3125.00,$100.00,$3230.52,2,
190,FDAX DEC25,Backtest,FairValueGapStrategyFiltered,Long,1,14531,14781,2/26/2020 11:15:00 AM,2/26/2020 2:45:00 PM,FVG Long,Profit target,$6244.48,$3301.20,$5.52,$1025.00,$6250.00,$5.52,15,
191,FDAX DEC25,Backtest,FairValueGapStrategyFiltered,Short,1,14443,14193,2/27/2020 12:30:00 PM,2/27/2020 4:45:00 PM,FVG Short,Profit target,$6244.48,$9545.68,$5.52,$1825.00,$6250.00,$5.52,18,
192,FDAX DEC25,Backtest,FairValueGapStrategyFiltered,Short,1,13726,13851,2/28/2020 10:45:00 AM,2/28/2020 11:00:00 AM,FVG Short,Stop loss,($3130.52),$6415.16,$5.52,$3125.00,$500.00,$3630.52,2,
193,FDAX DEC25,Backtest,FairValueGapStrategyFiltered,Short,1,13888,13638,3/2/2020 11:15:00 AM,3/2/2020 1:00:00 PM,FVG Short,Profit target,$6244.48,$12659.64,$5.52,$700.00,$6250.00,$5.52,8,
194,FDAX DEC25,Backtest,FairValueGapStrategyFiltered,Short,1,14012,13834,3/5/2020 10:45:00 AM,3/5/2020 6:30:00 PM,FVG Short,Exit on session close,$4444.48,$17104.12,$5.52,$625.00,$5000.00,$555.52,32,
195,FDAX DEC25,Backtest,FairValueGapStrategyFiltered,Short,1,13591,13502,3/6/2020 11:00:00 AM,3/6/2020 6:30:00 PM,FVG Short,Exit on session close,$2219.48,$19323.60,$5.52,$775.00,$4050.00,$1830.52,31,
196,FDAX DEC25,Backtest,FairValueGapStrategyFiltered,Long,1,12930,12805,3/9/2020 10:45:00 AM,3/9/2020 11:15:00 AM,FVG Long,Stop loss,($3130.52),$16193.08,$5.52,$3125.00,$350.00,$3480.52,3,
197,FDAX DEC25,Backtest,FairValueGapStrategyFiltered,Short,1,12666,12416,3/11/2020 10:45:00 AM,3/11/2020 4:00:00 PM,FVG Short,Profit target,$6244.48,$22437.56,$5.52,$400.00,$6250.00,$5.52,22,
198,FDAX DEC25,Backtest,FairValueGapStrategyFiltered,Short,1,10502,10627,3/17/2020 11:00:00 AM,3/17/2020 11:15:00 AM,FVG Short,Stop loss,($3130.52),$19307.04,$5.52,$3125.00,$850.00,$3980.52,2,
199,FDAX DEC25,Backtest,FairValueGapStrategyFiltered,Short,1,10516,10266,3/19/2020 11:00:00 AM,3/19/2020 2:45:00 PM,FVG Short,Profit target,$6244.48,$25551.52,$5.52,$150.00,$6250.00,$5.52,16,
200,FDAX DEC25,Backtest,FairValueGapStrategyFiltered,Short,1,11017,10893,3/20/2020 12:00:00 PM,3/20/2020 6:30:00 PM,FVG Short,Exit on session close,$3094.48,$28646.00,$5.52,$600.00,$4625.00,$1530.52,27,
201,FDAX DEC25,Backtest,FairValueGapStrategyFiltered,Short,1,11944,11694,3/25/2020 11:15:00 AM,3/25/2020 11:45:00 AM,FVG Short,Profit target,$6244.48,$34890.48,$5.52,$125.00,$6250.00,$5.52,3,
202,FDAX DEC25,Backtest,FairValueGapStrategyFiltered,Short,1,11609,11734,3/25/2020 12:00:00 PM,3/25/2020 5:30:00 PM,FVG Short,Stop loss,($3130.52),$31759.96,$5.52,$3125.00,$4325.00,$7455.52,23,
203,FDAX DEC25,Backtest,FairValueGapStrategyFiltered,Short,1,11638,11763,3/26/2020 11:00:00 AM,3/26/2020 2:30:00 PM,FVG Short,Stop loss,($3130.52),$28629.44,$5.52,$3125.00,$3050.00,$6180.52,15,
204,FDAX DEC25,Backtest,FairValueGapStrategyFiltered,Short,1,11974,11724,3/31/2020 12:30:00 PM,3/31/2020 2:30:00 PM,FVG Short,Profit target,$6244.48,$34873.92,$5.52,$50.00,$6250.00,$5.52,9,
205,FDAX DEC25,Backtest,FairValueGapStrategyFiltered,Short,1,11888,12013,4/6/2020 10:45:00 AM,4/6/2020 3:30:00 PM,FVG Short,Stop loss,($3130.52),$31743.40,$5.52,$3125.00,$1175.00,$4305.52,20,
206,FDAX DEC25,Backtest,FairValueGapStrategyFiltered,Short,1,12428,12378,4/7/2020 11:15:00 AM,4/7/2020 6:30:00 PM,FVG Short,Exit on session close,$1244.48,$32987.88,$5.52,$2050.00,$5000.00,$3755.52,30,
207,FDAX DEC25,Backtest,FairValueGapStrategyFiltered,Short,1,12241,12366,4/8/2020 11:00:00 AM,4/8/2020 5:45:00 PM,FVG Short,Stop loss,($3130.52),$29857.36,$5.52,$3125.00,$750.00,$3880.52,28,
208,FDAX DEC25,Backtest,FairValueGapStrategyFiltered,Short,1,12513,12638,4/9/2020 10:45:00 AM,4/9/2020 4:00:00 PM,FVG Short,Stop loss,($3130.52),$26726.84,$5.52,$3125.00,$4875.00,$8005.52,22,
209,FDAX DEC25,Backtest,FairValueGapStrategyFiltered,Short,1,12507,12257,4/15/2020 11:30:00 AM,4/15/2020 5:30:00 PM,FVG Short,Profit target,$6244.48,$32971.32,$5.52,$400.00,$6250.00,$5.52,25,
210,FDAX DEC25,Backtest,FairValueGapStrategyFiltered,Short,1,12408,12296,4/16/2020 11:30:00 AM,4/16/2020 6:30:00 PM,FVG Short,Exit on session close,$2794.48,$35765.80,$5.52,$725.00,$3950.00,$1155.52,29,
211,FDAX DEC25,Backtest,FairValueGapStrategyFiltered,Short,1,12652,12692,4/20/2020 11:00:00 AM,4/20/2020 6:30:00 PM,FVG Short,Exit on session close,($1005.52),$34760.28,$5.52,$1675.00,$4850.00,$5855.52,31,
212,FDAX DEC25,Backtest,FairValueGapStrategyFiltered,Short,1,12448,12283,4/21/2020 12:00:00 PM,4/21/2020 6:30:00 PM,FVG Short,Exit on session close,$4119.48,$38879.76,$5.52,$150.00,$5000.00,$880.52,27,
213,FDAX DEC25,Backtest,FairValueGapStrategyFiltered,Short,1,12365,12490,4/23/2020 10:30:00 AM,4/23/2020 3:45:00 PM,FVG Short,Stop loss,($3130.52),$35749.24,$5.52,$3125.00,$25.00,$3155.52,22,
214,FDAX DEC25,Backtest,FairValueGapStrategyFiltered,Short,1,12333,12458,4/24/2020 10:45:00 AM,4/24/2020 12:00:00 PM,FVG Short,Stop loss,($3130.52),$32618.72,$5.52,$3125.00,$175.00,$3305.52,6,
215,FDAX DEC25,Backtest,FairValueGapStrategyFiltered,Short,1,12558,12683,4/27/2020 10:45:00 AM,4/27/2020 5:45:00 PM,FVG Short,Stop loss,($3130.52),$29488.20,$5.52,$3125.00,$225.00,$3355.52,29,
216,FDAX DEC25,Backtest,FairValueGapStrategyFiltered,Long,1,12836,12778,4/28/2020 12:00:00 PM,4/28/2020 6:30:00 PM,FVG Long,Exit on session close,($1455.52),$28032.68,$5.52,$2325.00,$2150.00,$3605.52,27,
217,FDAX DEC25,Backtest,FairValueGapStrategyFiltered,Short,1,12470,12540,5/4/2020 11:45:00 AM,5/4/2020 6:30:00 PM,FVG Short,Exit on session close,($1755.52),$26277.16,$5.52,$2800.00,$450.00,$2205.52,28,
218,FDAX DEC25,Backtest,FairValueGapStrategyFiltered,Short,1,12553,12678,5/5/2020 11:15:00 AM,5/5/2020 12:15:00 PM,FVG Short,Stop loss,($3130.52),$23146.64,$5.52,$3125.00,$150.00,$3280.52,5,
219,FDAX DEC25,Backtest,FairValueGapStrategyFiltered,Long,1,12734,12609,5/6/2020 10:45:00 AM,5/6/2020 6:00:00 PM,FVG Long,Stop loss,($3130.52),$20016.12,$5.52,$3125.00,$1650.00,$4780.52,30,
220,FDAX DEC25,Backtest,FairValueGapStrategyFiltered,Short,1,12861,12918,5/8/2020 10:30:00 AM,5/8/2020 6:30:00 PM,FVG Short,Exit on session close,($1430.52),$18585.60,$5.52,$2025.00,$675.00,$2105.52,33,
221,FDAX DEC25,Backtest,FairValueGapStrategyFiltered,Short,1,12938,12888,5/11/2020 10:45:00 AM,5/11/2020 6:30:00 PM,FVG Short,Exit on session close,$1244.48,$19830.08,$5.52,$100.00,$4500.00,$3255.52,32,
222,FDAX DEC25,Backtest,FairValueGapStrategyFiltered,Short,1,12409,12348,5/14/2020 10:30:00 AM,5/14/2020 6:30:00 PM,FVG Short,Exit on session close,$1519.48,$21349.56,$5.52,$325.00,$5650.00,$4130.52,33,
223,FDAX DEC25,Backtest,FairValueGapStrategyFiltered,Short,1,13028,13076,5/19/2020 10:45:00 AM,5/19/2020 6:30:00 PM,FVG Short,Exit on session close,($1205.52),$20144.04,$5.52,$2450.00,$1850.00,$3055.52,32,
224,FDAX DEC25,Backtest,FairValueGapStrategyFiltered,Long,1,13097,13214,5/20/2020 10:45:00 AM,5/20/2020 6:30:00 PM,FVG Long,Exit on session close,$2919.48,$23063.52,$5.52,$725.00,$4325.00,$1405.52,32,
225,FDAX DEC25,Backtest,FairValueGapStrategyFiltered,Short,1,13077,13202,5/21/2020 10:45:00 AM,5/21/2020 3:45:00 PM,FVG Short,Stop loss,($3130.52),$19933.00,$5.52,$3125.00,$375.00,$3505.52,21,
226,FDAX DEC25,Backtest,FairValueGapStrategyFiltered,Long,1,13278,13391,5/25/2020 11:00:00 AM,5/25/2020 6:30:00 PM,FVG Long,Exit on session close,$2819.48,$22752.48,$5.52,$450.00,$3525.00,$705.52,31,
227,FDAX DEC25,Backtest,FairValueGapStrategyFiltered,Long,1,13499,13520,5/26/2020 10:45:00 AM,5/26/2020 6:30:00 PM,FVG Long,Exit on session close,$519.48,$23271.96,$5.52,$1050.00,$1700.00,$1180.52,32,
228,FDAX DEC25,Backtest,FairValueGapStrategyFiltered,Long,1,13674,13688,5/27/2020 11:00:00 AM,5/27/2020 6:30:00 PM,FVG Long,Exit on session close,$344.48,$23616.44,$5.52,$2000.00,$2400.00,$2055.52,31,
229,FDAX DEC25,Backtest,FairValueGapStrategyFiltered,Short,1,13702,13827,5/28/2020 12:15:00 PM,5/28/2020 4:45:00 PM,FVG Short,Stop loss,($3130.52),$20485.92,$5.52,$3125.00,$625.00,$3755.52,19,
230,FDAX DEC25,Backtest,FairValueGapStrategyFiltered,Long,1,13690,13610,5/29/2020 12:30:00 PM,5/29/2020 6:30:00 PM,FVG Long,Exit on session close,($2005.52),$18480.40,$5.52,$2700.00,$1600.00,$3605.52,25,
231,FDAX DEC25,Backtest,FairValueGapStrategyFiltered,Short,1,13733,13858,6/1/2020 10:30:00 AM,6/1/2020 4:45:00 PM,FVG Short,Stop loss,($3130.52),$15349.88,$5.52,$3125.00,$1475.00,$4605.52,26,
232,FDAX DEC25,Backtest,FairValueGapStrategyFiltered,Long,1,14315,14501,6/3/2020 12:00:00 PM,6/3/2020 6:30:00 PM,FVG Long,Exit on session close,$4644.48,$19994.36,$5.52,$625.00,$5550.00,$905.52,27,
233,FDAX DEC25,Backtest,FairValueGapStrategyFiltered,Long,1,14489,14364,6/4/2020 10:30:00 AM,6/4/2020 2:45:00 PM,FVG Long,Stop loss,($3130.52),$16863.84,$5.52,$3125.00,$2475.00,$5605.52,18,
234,FDAX DEC25,Backtest,FairValueGapStrategyFiltered,Short,1,14697,14822,6/5/2020 10:45:00 AM,6/5/2020 3:45:00 PM,FVG Short,Stop loss,($3130.52),$13733.32,$5.52,$3125.00,$2275.00,$5405.52,21,
235,FDAX DEC25,Backtest,FairValueGapStrategyFiltered,Long,1,14856,14836,6/8/2020 11:30:00 AM,6/8/2020 6:30:00 PM,FVG Long,Exit on session close,($505.52),$13227.80,$5.52,$2100.00,$2150.00,$2655.52,29,
236,FDAX DEC25,Backtest,FairValueGapStrategyFiltered,Short,1,14529,14654,6/9/2020 11:00:00 AM,6/9/2020 2:00:00 PM,FVG Short,Stop loss,($3130.52),$10097.28,$5.52,$3125.00,$75.00,$3205.52,13,
237,FDAX DEC25,Backtest,FairValueGapStrategyFiltered,Short,1,14644,14581,6/10/2020 11:15:00 AM,6/10/2020 6:30:00 PM,FVG Short,Exit on session close,$1569.48,$11666.76,$5.52,$1250.00,$3700.00,$2130.52,30,
238,FDAX DEC25,Backtest,FairValueGapStrategyFiltered,Short,1,14218,13968,6/11/2020 11:15:00 AM,6/11/2020 6:00:00 PM,FVG Short,Profit target,$6244.48,$17911.24,$5.52,$2825.00,$6250.00,$5.52,28,
239,FDAX DEC25,Backtest,FairValueGapStrategyFiltered,Long,1,14088,13963,6/12/2020 10:45:00 AM,6/12/2020 5:15:00 PM,FVG Long,Stop loss,($3130.52),$14780.72,$5.52,$3125.00,$2800.00,$5930.52,27,
240,FDAX DEC25,Backtest,FairValueGapStrategyFiltered,Short,1,14208,14333,6/16/2020 10:30:00 AM,6/16/2020 12:45:00 PM,FVG Short,Stop loss,($3130.52),$11650.20,$5.52,$3125.00,$1000.00,$4130.52,10,
241,FDAX DEC25,Backtest,FairValueGapStrategyFiltered,Short,1,14375,14410,6/17/2020 12:00:00 PM,6/17/2020 6:30:00 PM,FVG Short,Exit on session close,($880.52),$10769.68,$5.52,$2075.00,$1575.00,$2455.52,27,
242,FDAX DEC25,Backtest,FairValueGapStrategyFiltered,Short,1,14333,14348,6/22/2020 12:30:00 PM,6/22/2020 6:30:00 PM,FVG Short,Exit on session close,($380.52),$10389.16,$5.52,$400.00,$2800.00,$3180.52,25,
243,FDAX DEC25,Backtest,FairValueGapStrategyFiltered,Short,1,14520,14525,6/23/2020 11:30:00 AM,6/23/2020 6:30:00 PM,FVG Short,Exit on session close,($130.52),$10258.64,$5.52,$3000.00,$1175.00,$1305.52,29,
244,FDAX DEC25,Backtest,FairValueGapStrategyFiltered,Short,1,14313,14063,6/24/2020 10:45:00 AM,6/24/2020 5:45:00 PM,FVG Short,Profit target,$6244.48,$16503.12,$5.52,$1375.00,$6250.00,$5.52,29,
245,FDAX DEC25,Backtest,FairValueGapStrategyFiltered,Long,1,14197,14281,6/25/2020 10:45:00 AM,6/25/2020 6:30:00 PM,FVG Long,Exit on session close,$2094.48,$18597.60,$5.52,$2425.00,$2325.00,$230.52,32,
246,FDAX DEC25,Backtest,FairValueGapStrategyFiltered,Short,1,14232,14357,6/26/2020 10:45:00 AM,6/26/2020 1:15:00 PM,FVG Short,Stop loss,($3130.52),$15467.08,$5.52,$3125.00,$125.00,$3255.52,11,
247,FDAX DEC25,Backtest,FairValueGapStrategyFiltered,Short,1,14297,14351,7/1/2020 12:15:00 PM,7/1/2020 6:30:00 PM,FVG Short,Exit on session close,($1355.52),$14111.56,$5.52,$2200.00,$4575.00,$5930.52,26,
248,FDAX DEC25,Backtest,FairValueGapStrategyFiltered,Long,1,14519,14645,7/2/2020 10:30:00 AM,7/2/2020 6:30:00 PM,FVG Long,Exit on session close,$3144.48,$17256.04,$5.52,$1150.00,$4350.00,$1205.52,33,
249,FDAX DEC25,Backtest,FairValueGapStrategyFiltered,Short,1,14621,14581,7/3/2020 12:00:00 PM,7/3/2020 6:30:00 PM,FVG Short,Exit on session close,$994.48,$18250.52,$5.52,$175.00,$2875.00,$1880.52,27,
250,FDAX DEC25,Backtest,FairValueGapStrategyFiltered,Short,1,14752,14741,7/6/2020 11:15:00 AM,7/6/2020 6:30:00 PM,FVG Short,Exit on session close,$269.48,$18520.00,$5.52,$1700.00,$1675.00,$1405.52,30,
251,FDAX DEC25,Backtest,FairValueGapStrategyFiltered,Short,1,14591,14661,7/7/2020 11:00:00 AM,7/7/2020 6:30:00 PM,FVG Short,Exit on session close,($1755.52),$16764.48,$5.52,$2200.00,$900.00,$2655.52,31,
252,FDAX DEC25,Backtest,FairValueGapStrategyFiltered,Long,1,14645,14520,7/8/2020 11:15:00 AM,7/8/2020 5:30:00 PM,FVG Long,Stop loss,($3130.52),$13633.96,$5.52,$3125.00,$175.00,$3305.52,26,
253,FDAX DEC25,Backtest,FairValueGapStrategyFiltered,Long,1,14686,14561,7/9/2020 10:45:00 AM,7/9/2020 5:00:00 PM,FVG Long,Stop loss,($3130.52),$10503.44,$5.52,$3125.00,$1450.00,$4580.52,26,
254,FDAX DEC25,Backtest,FairValueGapStrategyFiltered,Long,1,14577,14669,7/10/2020 10:30:00 AM,7/10/2020 6:30:00 PM,FVG Long,Exit on session close,$2294.48,$12797.92,$5.52,$1575.00,$3225.00,$930.52,33,
255,FDAX DEC25,Backtest,FairValueGapStrategyFiltered,Short,1,14810,14813,7/13/2020 10:30:00 AM,7/13/2020 6:30:00 PM,FVG Short,Exit on session close,($80.52),$12717.40,$5.52,$1100.00,$2250.00,$2330.52,33,
256,FDAX DEC25,Backtest,FairValueGapStrategyFiltered,Long,1,15015,15071,7/20/2020 11:15:00 AM,7/20/2020 6:30:00 PM,FVG Long,Exit on session close,$1394.48,$14111.88,$5.52,$1000.00,$2200.00,$805.52,30,
257,FDAX DEC25,Backtest,FairValueGapStrategyFiltered,Short,1,15115,15167,7/22/2020 11:45:00 AM,7/22/2020 6:30:00 PM,FVG Short,Exit on session close,($1305.52),$12806.36,$5.52,$1725.00,$325.00,$1630.52,28,
258,FDAX DEC25,Backtest,FairValueGapStrategyFiltered,Long,1,15235,15110,7/23/2020 10:30:00 AM,7/23/2020 4:30:00 PM,FVG Long,Stop loss,($3130.52),$9675.84,$5.52,$3125.00,$550.00,$3680.52,25,
259,FDAX DEC25,Backtest,FairValueGapStrategyFiltered,Long,1,14946,14893,7/27/2020 10:30:00 AM,7/27/2020 6:30:00 PM,FVG Long,Exit on session close,($1330.52),$8345.32,$5.52,$2425.00,$50.00,$1380.52,33,
260,FDAX DEC25,Backtest,FairValueGapStrategyFiltered,Short,1,14892,14869,7/28/2020 12:00:00 PM,7/28/2020 6:30:00 PM,FVG Short,Exit on session close,$569.48,$8914.80,$5.52,$75.00,$2700.00,$2130.52,27,
261,FDAX DEC25,Backtest,FairValueGapStrategyFiltered,Short,1,14873,14857,7/29/2020 10:45:00 AM,7/29/2020 6:30:00 PM,FVG Short,Exit on session close,$394.48,$9309.28,$5.52,$750.00,$1050.00,$655.52,32,
262,FDAX DEC25,Backtest,FairValueGapStrategyFiltered,Short,1,14595,14345,7/30/2020 11:00:00 AM,7/30/2020 4:00:00 PM,FVG Short,Profit target,$6244.48,$15553.76,$5.52,$450.00,$6250.00,$5.52,21,
263,FDAX DEC25,Backtest,FairValueGapStrategyFiltered,Short,1,14467,14300,7/31/2020 12:30:00 PM,7/31/2020 6:30:00 PM,FVG Short,Exit on session close,$4169.48,$19723.24,$5.52,$2100.00,$5275.00,$1105.52,25,
264,FDAX DEC25,Backtest,FairValueGapStrategyFiltered,Long,1,14521,14669,8/3/2020 10:30:00 AM,8/3/2020 6:30:00 PM,FVG Long,Exit on session close,$3694.48,$23417.72,$5.52,$1925.00,$5525.00,$1830.52,33,
265,FDAX DEC25,Backtest,FairValueGapStrategyFiltered,Short,1,14641,14642,8/4/2020 10:30:00 AM,8/4/2020 6:30:00 PM,FVG Short,Exit on session close,($30.52),$23387.20,$5.52,$1150.00,$1850.00,$1880.52,33,
266,FDAX DEC25,Backtest,FairValueGapStrategyFiltered,Short,1,14740,14659,8/5/2020 11:00:00 AM,8/5/2020 6:30:00 PM,FVG Short,Exit on session close,$2019.48,$25406.68,$5.52,$1150.00,$2175.00,$155.52,31,
267,FDAX DEC25,Backtest,FairValueGapStrategyFiltered,Short,1,14727,14654,8/6/2020 10:45:00 AM,8/6/2020 6:30:00 PM,FVG Short,Exit on session close,$1819.48,$27226.16,$5.52,$150.00,$4200.00,$2380.52,32,
268,FDAX DEC25,Backtest,FairValueGapStrategyFiltered,Long,1,14657,14723,8/7/2020 10:30:00 AM,8/7/2020 6:30:00 PM,FVG Long,Exit on session close,$1644.48,$28870.64,$5.52,$2500.00,$1975.00,$330.52,33,
269,FDAX DEC25,Backtest,FairValueGapStrategyFiltered,Short,1,14684,14728,8/10/2020 10:30:00 AM,8/10/2020 6:30:00 PM,FVG Short,Exit on session close,($1105.52),$27765.12,$5.52,$2275.00,$1025.00,$2130.52,33,
270,FDAX DEC25,Backtest,FairValueGapStrategyFiltered,Short,1,14893,14913,8/14/2020 10:30:00 AM,8/14/2020 6:30:00 PM,FVG Short,Exit on session close,($505.52),$27259.60,$5.52,$1575.00,$1450.00,$1955.52,33,
271,FDAX DEC25,Backtest,FairValueGapStrategyFiltered,Long,1,14982,14914,8/18/2020 10:45:00 AM,8/18/2020 6:30:00 PM,FVG Long,Exit on session close,($1705.52),$25554.08,$5.52,$2650.00,$2925.00,$4630.52,32,
272,FDAX DEC25,Backtest,FairValueGapStrategyFiltered,Short,1,14810,14897,8/20/2020 10:45:00 AM,8/20/2020 6:30:00 PM,FVG Short,Exit on session close,($2180.52),$23373.56,$5.52,$2900.00,$200.00,$2380.52,32,
273,FDAX DEC25,Backtest,FairValueGapStrategyFiltered,Long,1,15108,15095,8/24/2020 11:15:00 AM,8/24/2020 6:30:00 PM,FVG Long,Exit on session close,($330.52),$23043.04,$5.52,$1450.00,$1125.00,$1455.52,30,
274,FDAX DEC25,Backtest,FairValueGapStrategyFiltered,Short,1,15190,15081,8/25/2020 10:30:00 AM,8/25/2020 6:30:00 PM,FVG Short,Exit on session close,$2719.48,$25762.52,$5.52,$900.00,$3350.00,$630.52,33,
275,FDAX DEC25,Backtest,FairValueGapStrategyFiltered,Long,1,15180,15263,8/26/2020 11:15:00 AM,8/26/2020 6:30:00 PM,FVG Long,Exit on session close,$2069.48,$27832.00,$5.52,$1100.00,$2225.00,$155.52,30,
276,FDAX DEC25,Backtest,FairValueGapStrategyFiltered,Short,1,15217,15124,8/27/2020 10:45:00 AM,8/27/2020 6:30:00 PM,FVG Short,Exit on session close,$2319.48,$30151.48,$5.52,$650.00,$2550.00,$230.52,32,
277,FDAX DEC25,Backtest,FairValueGapStrategyFiltered,Long,1,15112,15072,8/28/2020 10:45:00 AM,8/28/2020 6:30:00 PM,FVG Long,Exit on session close,($1005.52),$29145.96,$5.52,$1950.00,$775.00,$1780.52,32,
278,FDAX DEC25,Backtest,FairValueGapStrategyFiltered,Short,1,15062,15009,9/1/2020 10:45:00 AM,9/1/2020 6:30:00 PM,FVG Short,Exit on session close,$1319.48,$30465.44,$5.52,$1200.00,$4200.00,$2880.52,32,
279,FDAX DEC25,Backtest,FairValueGapStrategyFiltered,Long,1,15251,15323,9/2/2020 10:45:00 AM,9/2/2020 6:30:00 PM,FVG Long,Exit on session close,$1794.48,$32259.92,$5.52,$650.00,$2550.00,$755.52,32,
280,FDAX DEC25,Backtest,FairValueGapStrategyFiltered,Short,1,15430,15180,9/3/2020 12:30:00 PM,9/3/2020 5:15:00 PM,FVG Short,Profit target,$6244.48,$38504.40,$5.52,$1100.00,$6250.00,$5.52,20,
281,FDAX DEC25,Backtest,FairValueGapStrategyFiltered,Short,1,15106,14856,9/4/2020 11:30:00 AM,9/4/2020 4:45:00 PM,FVG Short,Profit target,$6244.48,$44748.88,$5.52,$1750.00,$6250.00,$5.52,22,
282,FDAX DEC25,Backtest,FairValueGapStrategyFiltered,Short,1,15088,15025,9/8/2020 10:45:00 AM,9/8/2020 6:30:00 PM,FVG Short,Exit on session close,$1569.48,$46318.36,$5.52,$250.00,$4675.00,$3105.52,32,
283,FDAX DEC25,Backtest,FairValueGapStrategyFiltered,Long,1,15163,15280,9/9/2020 10:45:00 AM,9/9/2020 6:30:00 PM,FVG Long,Exit on session close,$2919.48,$49237.84,$5.52,$1725.00,$3600.00,$680.52,32,
284,FDAX DEC25,Backtest,FairValueGapStrategyFiltered,Short,1,15213,15217,9/11/2020 11:15:00 AM,9/11/2020 6:30:00 PM,FVG Short,Exit on session close,($105.52),$49132.32,$5.52,$2000.00,$1275.00,$1380.52,30,
285,FDAX DEC25,Backtest,FairValueGapStrategyFiltered,Short,1,15288,15224,9/14/2020 11:00:00 AM,9/14/2020 6:30:00 PM,FVG Short,Exit on session close,$1594.48,$50726.80,$5.52,$125.00,$2100.00,$505.52,31,
286,FDAX DEC25,Backtest,FairValueGapStrategyFiltered,Long,1,15246,15269,9/15/2020 11:15:00 AM,9/15/2020 6:30:00 PM,FVG Long,Exit on session close,$569.48,$51296.28,$5.52,$25.00,$1625.00,$1055.52,30,
287,FDAX DEC25,Backtest,FairValueGapStrategyFiltered,Long,1,15284,15277,9/16/2020 10:45:00 AM,9/16/2020 6:30:00 PM,FVG Long,Exit on session close,($180.52),$51115.76,$5.52,$1325.00,$1100.00,$1280.52,32,
288,FDAX DEC25,Backtest,FairValueGapStrategyFiltered,Short,1,15268,15197,9/18/2020 12:30:00 PM,9/18/2020 6:30:00 PM,FVG Short,Exit on session close,$1769.48,$52885.24,$5.52,$1050.00,$2625.00,$855.52,25,
289,FDAX DEC25,Backtest,FairValueGapStrategyFiltered,Short,1,14792,14635,9/21/2020 11:15:00 AM,9/21/2020 6:30:00 PM,FVG Short,Exit on session close,$3919.48,$56804.72,$5.52,$1575.00,$6200.00,$2280.52,30,
290,FDAX DEC25,Backtest,FairValueGapStrategyFiltered,Short,1,14586,14498,9/25/2020 10:45:00 AM,9/25/2020 6:30:00 PM,FVG Short,Exit on session close,$2194.48,$58999.20,$5.52,$850.00,$5100.00,$2905.52,32,
291,FDAX DEC25,Backtest,FairValueGapStrategyFiltered,Short,1,14798,14864,9/30/2020 10:30:00 AM,9/30/2020 6:30:00 PM,FVG Short,Exit on session close,($1655.52),$57343.68,$5.52,$3100.00,$1375.00,$3030.52,33,
292,FDAX DEC25,Backtest,FairValueGapStrategyFiltered,Short,1,14771,14780,10/1/2020 11:15:00 AM,10/1/2020 6:30:00 PM,FVG Short,Exit on session close,($230.52),$57113.16,$5.52,$2050.00,$1375.00,$1605.52,30,
293,FDAX DEC25,Backtest,FairValueGapStrategyFiltered,Short,1,14644,14769,10/2/2020 12:00:00 PM,10/2/2020 6:15:00 PM,FVG Short,Stop loss,($3130.52),$53982.64,$5.52,$3125.00,$1425.00,$4555.52,26,
294,FDAX DEC25,Backtest,FairValueGapStrategyFiltered,Short,1,14842,14967,10/6/2020 10:45:00 AM,10/6/2020 2:30:00 PM,FVG Short,Stop loss,($3130.52),$50852.12,$5.52,$3125.00,$425.00,$3555.52,16,
295,FDAX DEC25,Backtest,FairValueGapStrategyFiltered,Short,1,14932,14950,10/7/2020 11:45:00 AM,10/7/2020 6:30:00 PM,FVG Short,Exit on session close,($455.52),$50396.60,$5.52,$1200.00,$1200.00,$1655.52,28,
296,FDAX DEC25,Backtest,FairValueGapStrategyFiltered,Short,1,15026,15151,10/8/2020 10:30:00 AM,10/8/2020 4:45:00 PM,FVG Short,Stop loss,($3130.52),$47266.08,$5.52,$3125.00,$550.00,$3680.52,26,
297,FDAX DEC25,Backtest,FairValueGapStrategyFiltered,Long,1,15150,15212,10/12/2020 11:00:00 AM,10/12/2020 6:30:00 PM,FVG Long,Exit on session close,$1544.48,$48810.56,$5.52,$900.00,$1650.00,$105.52,31,
298,FDAX DEC25,Backtest,FairValueGapStrategyFiltered,Short,1,14730,14753,10/15/2020 10:45:00 AM,10/15/2020 6:30:00 PM,FVG Short,Exit on session close,($580.52),$48230.04,$5.52,$1250.00,$2075.00,$2655.52,32,
299,FDAX DEC25,Backtest,FairValueGapStrategyFiltered,Short,1,14798,14923,10/16/2020 12:00:00 PM,10/16/2020 3:15:00 PM,FVG Short,Stop loss,($3130.52),$45099.52,$5.52,$3125.00,$275.00,$3405.52,14,
300,FDAX DEC25,Backtest,FairValueGapStrategyFiltered,Short,1,14802,14838,10/20/2020 10:30:00 AM,10/20/2020 6:30:00 PM,FVG Short,Exit on session close,($905.52),$44194.00,$5.52,$1275.00,$625.00,$1530.52,17,
301,FDAX DEC25,Backtest,FairValueGapStrategyFiltered,Short,1,14605,14540,10/21/2020 11:00:00 AM,10/21/2020 6:30:00 PM,FVG Short,Exit on session close,$1619.48,$45813.48,$5.52,$25.00,$2175.00,$555.52,15,
302,FDAX DEC25,Backtest,FairValueGapStrategyFiltered,Short,1,14619,14633,10/22/2020 3:15:00 PM,10/22/2020 6:30:00 PM,FVG Short,Exit on session close,($355.52),$45457.96,$5.52,$400.00,$675.00,$1030.52,14,
303,FDAX DEC25,Backtest,FairValueGapStrategyFiltered,Short,1,14415,14165,10/26/2020 11:15:00 AM,10/26/2020 6:30:00 PM,FVG Short,Profit target,$6244.48,$51702.44,$5.52,$675.00,$6250.00,$5.52,30,
304,FDAX DEC25,Backtest,FairValueGapStrategyFiltered,Short,1,14157,14102,10/27/2020 10:45:00 AM,10/27/2020 6:30:00 PM,FVG Short,Exit on session close,$1369.48,$53071.92,$5.52,$2150.00,$2175.00,$805.52,32,
305,FDAX DEC25,Backtest,FairValueGapStrategyFiltered,Long,1,13797,13672,10/28/2020 10:30:00 AM,10/28/2020 1:45:00 PM,FVG Long,Stop loss,($3130.52),$49941.40,$5.52,$3125.00,$625.00,$3755.52,14,
306,FDAX DEC25,Backtest,FairValueGapStrategyFiltered,Short,1,13647,13676,10/29/2020 11:45:00 AM,10/29/2020 6:30:00 PM,FVG Short,Exit on session close,($730.52),$49210.88,$5.52,$2875.00,$3475.00,$4205.52,28,
307,FDAX DEC25,Backtest,FairValueGapStrategyFiltered,Long,1,13692,13856,11/2/2020 10:30:00 AM,11/2/2020 6:30:00 PM,FVG Long,Exit on session close,$4094.48,$53305.36,$5.52,$300.00,$5100.00,$1005.52,33,
308,FDAX DEC25,Backtest,FairValueGapStrategyFiltered,Short,1,14044,14131,11/3/2020 12:15:00 PM,11/3/2020 6:30:00 PM,FVG Short,Exit on session close,($2180.52),$51124.84,$5.52,$2925.00,$575.00,$2755.52,26,
309,FDAX DEC25,Backtest,FairValueGapStrategyFiltered,Long,1,14171,14421,11/4/2020 10:45:00 AM,11/4/2020 6:15:00 PM,FVG Long,Profit target,$6244.48,$57369.32,$5.52,$2075.00,$6250.00,$5.52,31,
310,FDAX DEC25,Backtest,FairValueGapStrategyFiltered,Short,1,14489,14614,11/6/2020 10:30:00 AM,11/6/2020 3:30:00 PM,FVG Short,Stop loss,($3130.52),$54238.80,$5.52,$3125.00,$1600.00,$4730.52,21,
311,FDAX DEC25,Backtest,FairValueGapStrategyFiltered,Long,1,15213,15088,11/12/2020 11:15:00 AM,11/12/2020 2:00:00 PM,FVG Long,Stop loss,($3130.52),$51108.28,$5.52,$3125.00,$200.00,$3330.52,12,
312,FDAX DEC25,Backtest,FairValueGapStrategyFiltered,Long,1,15150,15146,11/13/2020 11:00:00 AM,11/13/2020 6:30:00 PM,FVG Long,Exit on session close,($105.52),$51002.76,$5.52,$1200.00,$1275.00,$1380.52,31,
313,FDAX DEC25,Backtest,FairValueGapStrategyFiltered,Long,1,15238,15250,11/18/2020 11:30:00 AM,11/18/2020 6:30:00 PM,FVG Long,Exit on session close,$294.48,$51297.24,$5.52,$975.00,$875.00,$580.52,29,
314,FDAX DEC25,Backtest,FairValueGapStrategyFiltered,Short,1,15146,15145,11/19/2020 10:30:00 AM,11/19/2020 6:30:00 PM,FVG Short,Exit on session close,$19.48,$51316.72,$5.52,$1300.00,$1375.00,$1355.52,33,
315,FDAX DEC25,Backtest,FairValueGapStrategyFiltered,Long,1,15191,15192,11/20/2020 11:00:00 AM,11/20/2020 6:30:00 PM,FVG Long,Exit on session close,$19.48,$51336.20,$5.52,$775.00,$975.00,$955.52,31,
316,FDAX DEC25,Backtest,FairValueGapStrategyFiltered,Short,1,15312,15214,11/23/2020 11:15:00 AM,11/23/2020 6:30:00 PM,FVG Short,Exit on session close,$2444.48,$53780.68,$5.52,$650.00,$3250.00,$805.52,30,
317,FDAX DEC25,Backtest,FairValueGapStrategyFiltered,Short,1,15353,15348,11/25/2020 10:30:00 AM,11/25/2020 6:30:00 PM,FVG Short,Exit on session close,$119.48,$53900.16,$5.52,$475.00,$1525.00,$1405.52,33,
318,FDAX DEC25,Backtest,FairValueGapStrategyFiltered,Long,1,15426,15378,11/30/2020 10:45:00 AM,11/30/2020 6:30:00 PM,FVG Long,Exit on session close,($1205.52),$52694.64,$5.52,$2500.00,$2075.00,$3280.52,32,
319,FDAX DEC25,Backtest,FairValueGapStrategyFiltered,Short,1,15455,15451,12/1/2020 11:15:00 AM,12/1/2020 6:30:00 PM,FVG Short,Exit on session close,$94.48,$52789.12,$5.52,$1100.00,$700.00,$605.52,30,
320,FDAX DEC25,Backtest,FairValueGapStrategyFiltered,Long,1,15399,15374,12/2/2020 10:30:00 AM,12/2/2020 6:30:00 PM,FVG Long,Exit on session close,($630.52),$52158.60,$5.52,$1725.00,$600.00,$1230.52,33,
321,FDAX DEC25,Backtest,FairValueGapStrategyFiltered,Short,1,15306,15319,12/3/2020 10:45:00 AM,12/3/2020 6:30:00 PM,FVG Short,Exit on session close,($330.52),$51828.08,$5.52,$850.00,$550.00,$880.52,32,
322,FDAX DEC25,Backtest,FairValueGapStrategyFiltered,Long,1,15349,15354,12/4/2020 11:15:00 AM,12/4/2020 6:30:00 PM,FVG Long,Exit on session close,$119.48,$51947.56,$5.52,$1625.00,$375.00,$255.52,30,
323,FDAX DEC25,Backtest,FairValueGapStrategyFiltered,Long,1,15292,15342,12/7/2020 11:00:00 AM,12/7/2020 6:30:00 PM,FVG Long,Exit on session close,$1244.48,$53192.04,$5.52,$125.00,$1650.00,$405.52,31,
324,FDAX DEC25,Backtest,FairValueGapStrategyFiltered,Short,1,15306,15351,12/8/2020 11:00:00 AM,12/8/2020 6:30:00 PM,FVG Short,Exit on session close,($1130.52),$52061.52,$5.52,$1425.00,$1125.00,$2255.52,31,
325,FDAX DEC25,Backtest,FairValueGapStrategyFiltered,Short,1,15450,15420,12/9/2020 10:45:00 AM,12/9/2020 6:30:00 PM,FVG Short,Exit on session close,$744.48,$52806.00,$5.52,$1100.00,$1450.00,$705.52,32,
326,FDAX DEC25,Backtest,FairValueGapStrategyFiltered,Short,1,15133,15146,12/11/2020 12:15:00 PM,12/11/2020 6:30:00 PM,FVG Short,Exit on session close,($330.52),$52475.48,$5.52,$2300.00,$1625.00,$1955.52,26,
327,FDAX DEC25,Backtest,FairValueGapStrategyFiltered,Long,1,15371,15439,12/15/2020 10:30:00 AM,12/15/2020 6:30:00 PM,FVG Long,Exit on session close,$1694.48,$54169.96,$5.52,$375.00,$1950.00,$255.52,33,
328,FDAX DEC25,Backtest,FairValueGapStrategyFiltered,Long,1,15652,15632,12/16/2020 10:45:00 AM,12/16/2020 6:30:00 PM,FVG Long,Exit on session close,($505.52),$53664.44,$5.52,$2200.00,$300.00,$805.52,32,
329,FDAX DEC25,Backtest,FairValueGapStrategyFiltered,Short,1,15726,15741,12/17/2020 11:30:00 AM,12/17/2020 6:30:00 PM,FVG Short,Exit on session close,($380.52),$53283.92,$5.52,$1125.00,$100.00,$480.52,29,
330,FDAX DEC25,Backtest,FairValueGapStrategyFiltered,Short,1,15763,15715,12/18/2020 11:15:00 AM,12/18/2020 6:30:00 PM,FVG Short,Exit on session close,$1194.48,$54478.40,$5.52,$750.00,$2225.00,$1030.52,30,
331,FDAX DEC25,Backtest,FairValueGapStrategyFiltered,Short,1,15321,15369,12/21/2020 11:15:00 AM,12/21/2020 6:30:00 PM,FVG Short,Exit on session close,($1205.52),$53272.88,$5.52,$1225.00,$5325.00,$6530.52,30,
332,FDAX DEC25,Backtest,FairValueGapStrategyFiltered,Short,1,15446,15464,12/22/2020 11:30:00 AM,12/22/2020 6:30:00 PM,FVG Short,Exit on session close,($455.52),$52817.36,$5.52,$1150.00,$900.00,$1355.52,29,
333,FDAX DEC25,Backtest,FairValueGapStrategyFiltered,Short,1,15908,15794,12/29/2020 11:30:00 AM,12/29/2020 6:30:00 PM,FVG Short,Exit on session close,$2844.48,$55661.84,$5.52,$175.00,$3250.00,$405.52,29,
334,FDAX DEC25,Backtest,FairValueGapStrategyFiltered,Short,1,15812,15772,12/30/2020 10:30:00 AM,12/30/2020 6:30:00 PM,FVG Short,Exit on session close,$994.48,$56656.32,$5.52,$925.00,$1450.00,$455.52,33,
335,FDAX DEC25,Backtest,FairValueGapStrategyFiltered,Long,1,15942,15817,1/4/2021 10:45:00 AM,1/4/2021 4:30:00 PM,FVG Long,Stop loss,($3130.52),$53525.80,$5.52,$3125.00,$750.00,$3880.52,24,
336,FDAX DEC25,Backtest,FairValueGapStrategyFiltered,Short,1,15769,15727,1/5/2021 10:30:00 AM,1/5/2021 6:30:00 PM,FVG Short,Exit on session close,$1044.48,$54570.28,$5.52,$625.00,$3500.00,$2455.52,33,
337,FDAX DEC25,Backtest,FairValueGapStrategyFiltered,Long,1,15784,15973,1/6/2021 10:45:00 AM,1/6/2021 6:30:00 PM,FVG Long,Exit on session close,$4719.48,$59289.76,$5.52,$300.00,$5075.00,$355.52,32,
338,FDAX DEC25,Backtest,FairValueGapStrategyFiltered,Short,1,16005,16027,1/7/2021 12:15:00 PM,1/7/2021 6:30:00 PM,FVG Short,Exit on session close,($555.52),$58734.24,$5.52,$1875.00,$675.00,$1230.52,26,
339,FDAX DEC25,Backtest,FairValueGapStrategyFiltered,Short,1,15961,16007,1/13/2021 12:00:00 PM,1/13/2021 6:30:00 PM,FVG Short,Exit on session close,($1155.52),$57578.72,$5.52,$2075.00,$725.00,$1880.52,27,
340,FDAX DEC25,Backtest,FairValueGapStrategyFiltered,Short,1,16037,16061,1/14/2021 12:00:00 PM,1/14/2021 6:30:00 PM,FVG Short,Exit on session close,($605.52),$56973.20,$5.52,$1200.00,$875.00,$1480.52,27,
341,FDAX DEC25,Backtest,FairValueGapStrategyFiltered,Short,1,15974,15837,1/15/2021 12:30:00 PM,1/15/2021 6:30:00 PM,FVG Short,Exit on session close,$3419.48,$60392.68,$5.52,$25.00,$5950.00,$2530.52,25,
342,FDAX DEC25,Backtest,FairValueGapStrategyFiltered,Short,1,15940,15895,1/19/2021 12:00:00 PM,1/19/2021 6:30:00 PM,FVG Short,Exit on session close,$1119.48,$61512.16,$5.52,$975.00,$1825.00,$705.52,27,
343,FDAX DEC25,Backtest,FairValueGapStrategyFiltered,Long,1,15893,15960,1/22/2021 10:30:00 AM,1/22/2021 6:30:00 PM,FVG Long,Exit on session close,$1669.48,$63181.64,$5.52,$2125.00,$2075.00,$405.52,33,
344,FDAX DEC25,Backtest,FairValueGapStrategyFiltered,Short,1,15902,15703,1/25/2021 11:30:00 AM,1/25/2021 6:30:00 PM,FVG Short,Exit on session close,$4969.48,$68151.12,$5.52,$650.00,$5925.00,$955.52,29,
345,FDAX DEC25,Backtest,FairValueGapStrategyFiltered,Long,1,15914,15789,1/27/2021 10:45:00 AM,1/27/2021 12:15:00 PM,FVG Long,Stop loss,($3130.52),$65020.60,$5.52,$3125.00,$150.00,$3280.52,7,
346,FDAX DEC25,Backtest,FairValueGapStrategyFiltered,Short,1,15813,15563,1/27/2021 12:30:00 PM,1/27/2021 4:00:00 PM,FVG Short,Profit target,$6244.48,$71265.08,$5.52,$200.00,$6250.00,$5.52,15,
347,FDAX DEC25,Backtest,FairValueGapStrategyFiltered,Long,1,15512,15762,1/28/2021 11:30:00 AM,1/28/2021 5:30:00 PM,FVG Long,Profit target,$6244.48,$77509.56,$5.52,$50.00,$6250.00,$5.52,25,
348,FDAX DEC25,Backtest,FairValueGapStrategyFiltered,Short,1,15640,15710,2/1/2021 11:15:00 AM,2/1/2021 6:30:00 PM,FVG Short,Exit on session close,($1755.52),$75754.04,$5.52,$2050.00,$150.00,$1905.52,30,
349,FDAX DEC25,Backtest,FairValueGapStrategyFiltered,Long,1,15878,15912,2/2/2021 10:45:00 AM,2/2/2021 6:30:00 PM,FVG Long,Exit on session close,$844.48,$76598.52,$5.52,$1650.00,$1375.00,$530.52,32,
350,FDAX DEC25,Backtest,FairValueGapStrategyFiltered,Short,1,16029,16116,2/4/2021 11:15:00 AM,2/4/2021 6:30:00 PM,FVG Short,Exit on session close,($2180.52),$74418.00,$5.52,$2725.00,$200.00,$2380.52,30,
351,FDAX DEC25,Backtest,FairValueGapStrategyFiltered,Long,1,16152,16121,2/5/2021 10:45:00 AM,2/5/2021 6:30:00 PM,FVG Long,Exit on session close,($780.52),$73637.48,$5.52,$1850.00,$750.00,$1530.52,32,
352,FDAX DEC25,Backtest,FairValueGapStrategyFiltered,Short,1,16079,16089,2/9/2021 10:30:00 AM,2/9/2021 6:30:00 PM,FVG Short,Exit on session close,($255.52),$73381.96,$5.52,$525.00,$1350.00,$1605.52,33,
353,FDAX DEC25,Backtest,FairValueGapStrategyFiltered,Long,1,16069,15944,2/10/2021 10:30:00 AM,2/10/2021 4:45:00 PM,FVG Long,Stop loss,($3130.52),$70251.44,$5.52,$3125.00,$875.00,$4005.52,26,
354,FDAX DEC25,Backtest,FairValueGapStrategyFiltered,Short,1,16162,16190,2/15/2021 11:00:00 AM,2/15/2021 6:30:00 PM,FVG Short,Exit on session close,($705.52),$69545.92,$5.52,$975.00,$475.00,$1180.52,31,
355,FDAX DEC25,Backtest,FairValueGapStrategyFiltered,Short,1,16161,16132,2/16/2021 10:45:00 AM,2/16/2021 6:30:00 PM,FVG Short,Exit on session close,$719.48,$70265.40,$5.52,$975.00,$1400.00,$680.52,32,
356,FDAX DEC25,Backtest,FairValueGapStrategyFiltered,Short,1,16034,15994,2/17/2021 10:45:00 AM,2/17/2021 6:30:00 PM,FVG Short,Exit on session close,$994.48,$71259.88,$5.52,$1025.00,$2050.00,$1055.52,32,
357,FDAX DEC25,Backtest,FairValueGapStrategyFiltered,Short,1,15994,15971,2/18/2021 11:00:00 AM,2/18/2021 6:30:00 PM,FVG Short,Exit on session close,$569.48,$71829.36,$5.52,$900.00,$1800.00,$1230.52,31,
358,FDAX DEC25,Backtest,FairValueGapStrategyFiltered,Long,1,15937,16028,2/22/2021 10:45:00 AM,2/22/2021 6:30:00 PM,FVG Long,Exit on session close,$2269.48,$74098.84,$5.52,$200.00,$2725.00,$455.52,32,
359,FDAX DEC25,Backtest,FairValueGapStrategyFiltered,Short,1,15885,15912,2/23/2021 10:30:00 AM,2/23/2021 6:30:00 PM,FVG Short,Exit on session close,($680.52),$73418.32,$5.52,$1400.00,$3825.00,$4505.52,33,
360,FDAX DEC25,Backtest,FairValueGapStrategyFiltered,Short,1,15877,15902,2/26/2021 12:30:00 PM,2/26/2021 6:30:00 PM,FVG Short,Exit on session close,($630.52),$72787.80,$5.52,$1325.00,$1800.00,$2430.52,25,
361,FDAX DEC25,Backtest,FairValueGapStrategyFiltered,Long,1,16095,16126,3/2/2021 11:15:00 AM,3/2/2021 6:30:00 PM,FVG Long,Exit on session close,$769.48,$73557.28,$5.52,$0.00,$2000.00,$1230.52,30,
362,FDAX DEC25,Backtest,FairValueGapStrategyFiltered,Short,1,16039,16164,3/4/2021 12:00:00 PM,3/4/2021 3:45:00 PM,FVG Short,Stop loss,($3130.52),$70426.76,$5.52,$3125.00,$225.00,$3355.52,16,
363,FDAX DEC25,Backtest,FairValueGapStrategyFiltered,Short,1,16542,16591,3/12/2021 11:45:00 AM,3/12/2021 6:30:00 PM,FVG Short,Exit on session close,($1230.52),$69196.24,$5.52,$1325.00,$425.00,$1655.52,28,
364,FDAX DEC25,Backtest,FairValueGapStrategyFiltered,Short,1,16624,16699,3/17/2021 10:45:00 AM,3/17/2021 6:30:00 PM,FVG Short,Exit on session close,($1880.52),$67315.72,$5.52,$1875.00,$75.00,$1955.52,32,
365,FDAX DEC25,Backtest,FairValueGapStrategyFiltered,Long,1,16803,16842,3/18/2021 10:45:00 AM,3/18/2021 6:30:00 PM,FVG Long,Exit on session close,$969.48,$68285.20,$5.52,$850.00,$2000.00,$1030.52,32,
366,FDAX DEC25,Backtest,FairValueGapStrategyFiltered,Short,1,16664,16666,3/24/2021 12:15:00 PM,3/24/2021 6:30:00 PM,FVG Short,Exit on session close,($55.52),$68229.68,$5.52,$850.00,$675.00,$730.52,26,
367,FDAX DEC25,Backtest,FairValueGapStrategyFiltered,Short,1,16776,16844,3/26/2021 12:00:00 PM,3/26/2021 6:30:00 PM,FVG Short,Exit on session close,($1705.52),$66524.16,$5.52,$1850.00,$75.00,$1780.52,27,
368,FDAX DEC25,Backtest,FairValueGapStrategyFiltered,Short,1,17142,17203,4/1/2021 11:45:00 AM,4/1/2021 6:30:00 PM,FVG Short,Exit on session close,($1530.52),$64993.64,$5.52,$1600.00,$700.00,$2230.52,28,
369,FDAX DEC25,Backtest,FairValueGapStrategyFiltered,Short,1,17314,17306,4/6/2021 10:45:00 AM,4/6/2021 6:30:00 PM,FVG Short,Exit on session close,$194.48,$65188.12,$5.52,$1500.00,$700.00,$505.52,32,
370,FDAX DEC25,Backtest,FairValueGapStrategyFiltered,Short,1,17265,17283,4/8/2021 11:00:00 AM,4/8/2021 6:30:00 PM,FVG Short,Exit on session close,($455.52),$64732.60,$5.52,$650.00,$950.00,$1405.52,31,
371,FDAX DEC25,Backtest,FairValueGapStrategyFiltered,Long,1,17280,17313,4/9/2021 11:15:00 AM,4/9/2021 6:30:00 PM,FVG Long,Exit on session close,$819.48,$65552.08,$5.52,$450.00,$1125.00,$305.52,30,
372,FDAX DEC25,Backtest,FairValueGapStrategyFiltered,Long,1,17429,17555,4/16/2021 10:30:00 AM,4/16/2021 6:30:00 PM,FVG Long,Exit on session close,$3144.48,$68696.56,$5.52,$250.00,$3250.00,$105.52,33,
373,FDAX DEC25,Backtest,FairValueGapStrategyFiltered,Short,1,17510,17451,4/19/2021 11:45:00 AM,4/19/2021 6:30:00 PM,FVG Short,Exit on session close,$1469.48,$70166.04,$5.52,$750.00,$2300.00,$830.52,28,
374,FDAX DEC25,Backtest,FairValueGapStrategyFiltered,Short,1,17427,17244,4/20/2021 10:30:00 AM,4/20/2021 6:30:00 PM,FVG Short,Exit on session close,$4569.48,$74735.52,$5.52,$150.00,$5975.00,$1405.52,33,
375,FDAX DEC25,Backtest,FairValueGapStrategyFiltered,Short,1,17345,17357,4/23/2021 11:45:00 AM,4/23/2021 6:30:00 PM,FVG Short,Exit on session close,($305.52),$74430.00,$5.52,$500.00,$2850.00,$3155.52,28,
376,FDAX DEC25,Backtest,FairValueGapStrategyFiltered,Short,1,17359,17364,4/26/2021 11:00:00 AM,4/26/2021 6:30:00 PM,FVG Short,Exit on session close,($130.52),$74299.48,$5.52,$900.00,$1050.00,$1180.52,31,
377,FDAX DEC25,Backtest,FairValueGapStrategyFiltered,Short,1,17315,17354,4/27/2021 12:00:00 PM,4/27/2021 6:30:00 PM,FVG Short,Exit on session close,($980.52),$73318.96,$5.52,$1100.00,$1200.00,$2180.52,27,
378,FDAX DEC25,Backtest,FairValueGapStrategyFiltered,Long,1,17380,17375,4/28/2021 11:15:00 AM,4/28/2021 6:30:00 PM,FVG Long,Exit on session close,($130.52),$73188.44,$5.52,$600.00,$1400.00,$1530.52,30,
379,FDAX DEC25,Backtest,FairValueGapStrategyFiltered,Short,1,17344,17192,4/29/2021 11:00:00 AM,4/29/2021 6:30:00 PM,FVG Short,Exit on session close,$3794.48,$76982.92,$5.52,$200.00,$4575.00,$780.52,31,
380,FDAX DEC25,Backtest,FairValueGapStrategyFiltered,Short,1,17298,17318,5/3/2021 11:00:00 AM,5/3/2021 6:30:00 PM,FVG Short,Exit on session close,($505.52),$76477.40,$5.52,$1175.00,$2875.00,$3380.52,31,
381,FDAX DEC25,Backtest,FairValueGapStrategyFiltered,Short,1,17202,16952,5/4/2021 11:45:00 AM,5/4/2021 4:30:00 PM,FVG Short,Profit target,$6244.48,$82721.88,$5.52,$2425.00,$6250.00,$5.52,20,
382,FDAX DEC25,Backtest,FairValueGapStrategyFiltered,Short,1,17270,17297,5/6/2021 11:15:00 AM,5/6/2021 6:30:00 PM,FVG Short,Exit on session close,($680.52),$82041.36,$5.52,$675.00,$2725.00,$3405.52,30,
383,FDAX DEC25,Backtest,FairValueGapStrategyFiltered,Short,1,17423,17464,5/10/2021 12:15:00 PM,5/10/2021 6:30:00 PM,FVG Short,Exit on session close,($1030.52),$81010.84,$5.52,$1425.00,$150.00,$1180.52,26,
384,FDAX DEC25,Backtest,FairValueGapStrategyFiltered,Short,1,17193,17182,5/12/2021 10:45:00 AM,5/12/2021 6:30:00 PM,FVG Short,Exit on session close,$269.48,$81280.32,$5.52,$2500.00,$1825.00,$1555.52,32,
385,FDAX DEC25,Backtest,FairValueGapStrategyFiltered,Short,1,16906,17031,5/13/2021 10:30:00 AM,5/13/2021 1:30:00 PM,FVG Short,Stop loss,($3130.52),$78149.80,$5.52,$3125.00,$825.00,$3955.52,13,
386,FDAX DEC25,Backtest,FairValueGapStrategyFiltered,Short,1,17431,17465,5/17/2021 12:30:00 PM,5/17/2021 6:30:00 PM,FVG Short,Exit on session close,($855.52),$77294.28,$5.52,$1750.00,$450.00,$1305.52,25,
387,FDAX DEC25,Backtest,FairValueGapStrategyFiltered,Short,1,17223,17207,5/19/2021 10:45:00 AM,5/19/2021 6:30:00 PM,FVG Short,Exit on session close,$394.48,$77688.76,$5.52,$1850.00,$5050.00,$4655.52,32,
388,FDAX DEC25,Backtest,FairValueGapStrategyFiltered,Short,1,17209,17334,5/20/2021 11:15:00 AM,5/20/2021 3:45:00 PM,FVG Short,Stop loss,($3130.52),$74558.24,$5.52,$3125.00,$1175.00,$4305.52,19,
389,FDAX DEC25,Backtest,FairValueGapStrategyFiltered,Short,1,17534,17523,5/26/2021 11:15:00 AM,5/26/2021 6:30:00 PM,FVG Short,Exit on session close,$269.48,$74827.72,$5.52,$475.00,$1700.00,$1430.52,30,
390,FDAX DEC25,Backtest,FairValueGapStrategyFiltered,Long,1,17468,17493,5/27/2021 10:45:00 AM,5/27/2021 6:30:00 PM,FVG Long,Exit on session close,$619.48,$75447.20,$5.52,$675.00,$2150.00,$1530.52,32,
391,FDAX DEC25,Backtest,FairValueGapStrategyFiltered,Short,1,17527,17490,5/31/2021 12:15:00 PM,5/31/2021 6:30:00 PM,FVG Short,Exit on session close,$919.48,$76366.68,$5.52,$600.00,$1300.00,$380.52,26,
392,FDAX DEC25,Backtest,FairValueGapStrategyFiltered,Long,1,17658,17636,6/1/2021 10:30:00 AM,6/1/2021 6:30:00 PM,FVG Long,Exit on session close,($555.52),$75811.16,$5.52,$950.00,$2300.00,$2855.52,33,
393,FDAX DEC25,Backtest,FairValueGapStrategyFiltered,Short,1,17690,17758,6/4/2021 11:15:00 AM,6/4/2021 6:30:00 PM,FVG Short,Exit on session close,($1705.52),$74105.64,$5.52,$2025.00,$475.00,$2180.52,30,
394,FDAX DEC25,Backtest,FairValueGapStrategyFiltered,Long,1,17770,17736,6/8/2021 11:30:00 AM,6/8/2021 6:30:00 PM,FVG Long,Exit on session close,($855.52),$73250.12,$5.52,$1750.00,$600.00,$1455.52,29,
395,FDAX DEC25,Backtest,FairValueGapStrategyFiltered,Short,1,17700,17651,6/9/2021 10:30:00 AM,6/9/2021 6:30:00 PM,FVG Short,Exit on session close,$1219.48,$74469.60,$5.52,$400.00,$3325.00,$2105.52,33,
396,FDAX DEC25,Backtest,FairValueGapStrategyFiltered,Short,1,17805,17805,6/15/2021 12:30:00 PM,6/15/2021 6:30:00 PM,FVG Short,Exit on session close,($5.52),$74464.08,$5.52,$850.00,$625.00,$630.52,25,
397,FDAX DEC25,Backtest,FairValueGapStrategyFiltered,Short,1,17754,17773,6/16/2021 10:30:00 AM,6/16/2021 6:30:00 PM,FVG Short,Exit on session close,($480.52),$73983.56,$5.52,$1750.00,$275.00,$755.52,33,
398,FDAX DEC25,Backtest,FairValueGapStrategyFiltered,Long,1,17769,17756,6/17/2021 11:45:00 AM,6/17/2021 6:30:00 PM,FVG Long,Exit on session close,($330.52),$73653.04,$5.52,$600.00,$1300.00,$1630.52,28,
399,FDAX DEC25,Backtest,FairValueGapStrategyFiltered,Short,1,17687,17546,6/18/2021 12:30:00 PM,6/18/2021 6:30:00 PM,FVG Short,Exit on session close,$3519.48,$77172.52,$5.52,$1075.00,$4850.00,$1330.52,25,
400,FDAX DEC25,Backtest,FairValueGapStrategyFiltered,Short,1,17612,17555,6/23/2021 11:45:00 AM,6/23/2021 6:30:00 PM,FVG Short,Exit on session close,$1419.48,$78592.00,$5.52,$1400.00,$2225.00,$805.52,28,
401,FDAX DEC25,Backtest,FairValueGapStrategyFiltered,Long,1,17619,17658,6/24/2021 10:45:00 AM,6/24/2021 6:30:00 PM,FVG Long,Exit on session close,$969.48,$79561.48,$5.52,$75.00,$1500.00,$530.52,32,
402,FDAX DEC25,Backtest,FairValueGapStrategyFiltered,Long,1,17644,17670,6/25/2021 12:15:00 PM,6/25/2021 6:30:00 PM,FVG Long,Exit on session close,$644.48,$80205.96,$5.52,$550.00,$1025.00,$380.52,26,
403,FDAX DEC25,Backtest,FairValueGapStrategyFiltered,Short,1,17676,17637,6/28/2021 10:30:00 AM,6/28/2021 6:30:00 PM,FVG Short,Exit on session close,$969.48,$81175.44,$5.52,$1025.00,$1600.00,$630.52,33,
404,FDAX DEC25,Backtest,FairValueGapStrategyFiltered,Short,1,17658,17605,6/30/2021 10:30:00 AM,6/30/2021 6:30:00 PM,FVG Short,Exit on session close,$1319.48,$82494.92,$5.52,$275.00,$3200.00,$1880.52,33,
405,FDAX DEC25,Backtest,FairValueGapStrategyFiltered,Short,1,17720,17664,7/1/2021 11:30:00 AM,7/1/2021 6:30:00 PM,FVG Short,Exit on session close,$1394.48,$83889.40,$5.52,$125.00,$3925.00,$2530.52,29,
406,FDAX DEC25,Backtest,FairValueGapStrategyFiltered,Short,1,17720,17731,7/2/2021 10:45:00 AM,7/2/2021 6:30:00 PM,FVG Short,Exit on session close,($280.52),$83608.88,$5.52,$1600.00,$825.00,$1105.52,32,
407,FDAX DEC25,Backtest,FairValueGapStrategyFiltered,Long,1,17680,17735,7/5/2021 10:45:00 AM,7/5/2021 6:30:00 PM,FVG Long,Exit on session close,$1369.48,$84978.36,$5.52,$750.00,$1675.00,$305.52,32,
408,FDAX DEC25,Backtest,FairValueGapStrategyFiltered,Short,1,17704,17767,7/7/2021 11:15:00 AM,7/7/2021 6:30:00 PM,FVG Short,Exit on session close,($1580.52),$83397.84,$5.52,$2025.00,$450.00,$2030.52,30,
409,FDAX DEC25,Backtest,FairValueGapStrategyFiltered,Short,1,17514,17530,7/8/2021 12:30:00 PM,7/8/2021 6:30:00 PM,FVG Short,Exit on session close,($405.52),$82992.32,$5.52,$575.00,$3425.00,$3830.52,25,
410,FDAX DEC25,Backtest,FairValueGapStrategyFiltered,Short,1,17593,17718,7/9/2021 12:15:00 PM,7/9/2021 4:15:00 PM,FVG Short,Stop loss,($3130.52),$79861.80,$5.52,$3125.00,$100.00,$3230.52,17,
411,FDAX DEC25,Backtest,FairValueGapStrategyFiltered,Short,1,17839,17864,7/14/2021 12:30:00 PM,7/14/2021 6:30:00 PM,FVG Short,Exit on session close,($630.52),$79231.28,$5.52,$1200.00,$225.00,$855.52,25,
412,FDAX DEC25,Backtest,FairValueGapStrategyFiltered,Short,1,17750,17706,7/15/2021 11:45:00 AM,7/15/2021 6:30:00 PM,FVG Short,Exit on session close,$1094.48,$80325.76,$5.52,$650.00,$2100.00,$1005.52,28,
413,FDAX DEC25,Backtest,FairValueGapStrategyFiltered,Short,1,17332,17185,7/19/2021 11:15:00 AM,7/19/2021 6:30:00 PM,FVG Short,Exit on session close,$3669.48,$83995.24,$5.52,$500.00,$5250.00,$1580.52,30,
414,FDAX DEC25,Backtest,FairValueGapStrategyFiltered,Short,1,17298,17315,7/20/2021 11:30:00 AM,7/20/2021 6:30:00 PM,FVG Short,Exit on session close,($430.52),$83564.72,$5.52,$1475.00,$3275.00,$3705.52,29,
415,FDAX DEC25,Backtest,FairValueGapStrategyFiltered,Long,1,17421,17512,7/21/2021 11:00:00 AM,7/21/2021 6:30:00 PM,FVG Long,Exit on session close,$2269.48,$85834.20,$5.52,$2025.00,$2500.00,$230.52,31,
416,FDAX DEC25,Backtest,FairValueGapStrategyFiltered,Short,1,17637,17681,7/26/2021 10:45:00 AM,7/26/2021 6:30:00 PM,FVG Short,Exit on session close,($1105.52),$84728.68,$5.52,$2075.00,$75.00,$1180.52,32,
417,FDAX DEC25,Backtest,FairValueGapStrategyFiltered,Long,1,17598,17635,7/30/2021 10:30:00 AM,7/30/2021 6:30:00 PM,FVG Long,Exit on session close,$919.48,$85648.16,$5.52,$1275.00,$2325.00,$1405.52,33,
418,FDAX DEC25,Backtest,FairValueGapStrategyFiltered,Short,1,17684,17621,8/2/2021 10:30:00 AM,8/2/2021 6:30:00 PM,FVG Short,Exit on session close,$1569.48,$87217.64,$5.52,$325.00,$2375.00,$805.52,33,
419,FDAX DEC25,Backtest,FairValueGapStrategyFiltered,Short,1,17720,17764,8/4/2021 10:30:00 AM,8/4/2021 6:30:00 PM,FVG Short,Exit on session close,($1105.52),$86112.12,$5.52,$1800.00,$1100.00,$2205.52,33,
420,FDAX DEC25,Backtest,FairValueGapStrategyFiltered,Short,1,17807,17830,8/9/2021 11:45:00 AM,8/9/2021 6:30:00 PM,FVG Short,Exit on session close,($580.52),$85531.60,$5.52,$900.00,$800.00,$1380.52,28,
421,FDAX DEC25,Backtest,FairValueGapStrategyFiltered,Short,1,17833,17856,8/10/2021 10:45:00 AM,8/10/2021 6:30:00 PM,FVG Short,Exit on session close,($580.52),$84951.08,$5.52,$1200.00,$275.00,$855.52,32,
422,FDAX DEC25,Backtest,FairValueGapStrategyFiltered,Long,1,17964,18029,8/12/2021 12:30:00 PM,8/12/2021 6:30:00 PM,FVG Long,Exit on session close,$1619.48,$86570.56,$5.52,$150.00,$2100.00,$480.52,25,
423,FDAX DEC25,Backtest,FairValueGapStrategyFiltered,Long,1,18063,18058,8/13/2021 10:30:00 AM,8/13/2021 6:30:00 PM,FVG Long,Exit on session close,($130.52),$86440.04,$5.52,$600.00,$1275.00,$1405.52,33,
424,FDAX DEC25,Backtest,FairValueGapStrategyFiltered,Short,1,17991,17996,8/16/2021 11:00:00 AM,8/16/2021 6:30:00 PM,FVG Short,Exit on session close,($130.52),$86309.52,$5.52,$475.00,$1500.00,$1630.52,31,
425,FDAX DEC25,Backtest,FairValueGapStrategyFiltered,Short,1,17746,17871,8/19/2021 10:45:00 AM,8/19/2021 4:30:00 PM,FVG Short,Stop loss,($3130.52),$83179.00,$5.52,$3125.00,$1025.00,$4155.52,24,
426,FDAX DEC25,Backtest,FairValueGapStrategyFiltered,Short,1,17980,17949,8/25/2021 11:15:00 AM,8/25/2021 6:30:00 PM,FVG Short,Exit on session close,$769.48,$83948.48,$5.52,$75.00,$1200.00,$430.52,30,
427,FDAX DEC25,Backtest,FairValueGapStrategyFiltered,Short,1,17849,17888,8/26/2021 11:30:00 AM,8/26/2021 6:30:00 PM,FVG Short,Exit on session close,($980.52),$82967.96,$5.52,$1450.00,$625.00,$1605.52,29,
428,FDAX DEC25,Backtest,FairValueGapStrategyFiltered,Long,1,17976,17974,8/30/2021 10:45:00 AM,8/30/2021 6:30:00 PM,FVG Long,Exit on session close,($55.52),$82912.44,$5.52,$1025.00,$200.00,$255.52,32,
429,FDAX DEC25,Backtest,FairValueGapStrategyFiltered,Long,1,18085,17960,8/31/2021 11:45:00 AM,8/31/2021 1:00:00 PM,FVG Long,Stop loss,($3130.52),$79781.92,$5.52,$3125.00,$25.00,$3155.52,6,
430,FDAX DEC25,Backtest,FairValueGapStrategyFiltered,Short,1,18043,17923,9/1/2021 11:00:00 AM,9/1/2021 6:30:00 PM,FVG Short,Exit on session close,$2994.48,$82776.40,$5.52,$25.00,$4650.00,$1655.52,31,
431,FDAX DEC25,Backtest,FairValueGapStrategyFiltered,Long,1,17951,17911,9/2/2021 10:30:00 AM,9/2/2021 6:30:00 PM,FVG Long,Exit on session close,($1005.52),$81770.88,$5.52,$1300.00,$175.00,$1180.52,33,
432,FDAX DEC25,Backtest,FairValueGapStrategyFiltered,Short,1,17704,17829,9/8/2021 10:45:00 AM,9/8/2021 1:00:00 PM,FVG Short,Stop loss,($3130.52),$78640.36,$5.52,$3125.00,$550.00,$3680.52,10,
433,FDAX DEC25,Backtest,FairValueGapStrategyFiltered,Long,1,17655,17720,9/9/2021 10:30:00 AM,9/9/2021 6:30:00 PM,FVG Long,Exit on session close,$1619.48,$80259.84,$5.52,$950.00,$3200.00,$1580.52,33,
434,FDAX DEC25,Backtest,FairValueGapStrategyFiltered,Short,1,17748,17713,9/10/2021 11:45:00 AM,9/10/2021 6:30:00 PM,FVG Short,Exit on session close,$869.48,$81129.32,$5.52,$1000.00,$2175.00,$1305.52,28,
435,FDAX DEC25,Backtest,FairValueGapStrategyFiltered,Long,1,17806,17821,9/14/2021 10:30:00 AM,9/14/2021 6:30:00 PM,FVG Long,Exit on session close,$369.48,$81498.80,$5.52,$1225.00,$1175.00,$805.52,33,
436,FDAX DEC25,Backtest,FairValueGapStrategyFiltered,Short,1,17783,17774,9/16/2021 12:15:00 PM,9/16/2021 6:30:00 PM,FVG Short,Exit on session close,$219.48,$81718.28,$5.52,$1300.00,$1425.00,$1205.52,26,
437,FDAX DEC25,Backtest,FairValueGapStrategyFiltered,Short,1,17789,17539,9/17/2021 11:45:00 AM,9/17/2021 5:45:00 PM,FVG Short,Profit target,$6244.48,$87962.76,$5.52,$25.00,$6250.00,$5.52,25,
438,FDAX DEC25,Backtest,FairValueGapStrategyFiltered,Long,1,17658,17625,9/24/2021 11:15:00 AM,9/24/2021 6:30:00 PM,FVG Long,Exit on session close,($830.52),$87132.24,$5.52,$1650.00,$0.00,$830.52,30,
439,FDAX DEC25,Backtest,FairValueGapStrategyFiltered,Short,1,17722,17679,9/27/2021 12:15:00 PM,9/27/2021 6:30:00 PM,FVG Short,Exit on session close,$1069.48,$88201.72,$5.52,$525.00,$2000.00,$930.52,26,
440,FDAX DEC25,Backtest,FairValueGapStrategyFiltered,Short,1,17523,17352,9/28/2021 10:45:00 AM,9/28/2021 6:30:00 PM,FVG Short,Exit on session close,$4269.48,$92471.20,$5.52,$1050.00,$4975.00,$705.52,32,
441,FDAX DEC25,Backtest,FairValueGapStrategyFiltered,Short,1,17471,17303,9/30/2021 10:45:00 AM,9/30/2021 6:30:00 PM,FVG Short,Exit on session close,$4194.48,$96665.68,$5.52,$650.00,$4250.00,$55.52,32,
442,FDAX DEC25,Backtest,FairValueGapStrategyFiltered,Long,1,17226,17268,10/1/2021 11:15:00 AM,10/1/2021 6:30:00 PM,FVG Long,Exit on session close,$1044.48,$97710.16,$5.52,$675.00,$3300.00,$2255.52,30,
443,FDAX DEC25,Backtest,FairValueGapStrategyFiltered,Long,1,17222,17137,10/4/2021 10:30:00 AM,10/4/2021 6:30:00 PM,FVG Long,Exit on session close,($2130.52),$95579.64,$5.52,$2900.00,$1175.00,$3305.52,33,
444,FDAX DEC25,Backtest,FairValueGapStrategyFiltered,Short,1,16950,17075,10/6/2021 11:30:00 AM,10/6/2021 3:45:00 PM,FVG Short,Stop loss,($3130.52),$92449.12,$5.52,$3125.00,$1100.00,$4230.52,18,
445,FDAX DEC25,Backtest,FairValueGapStrategyFiltered,Short,1,17296,17289,10/8/2021 11:45:00 AM,10/8/2021 6:30:00 PM,FVG Short,Exit on session close,$169.48,$92618.60,$5.52,$1675.00,$325.00,$155.52,28,
446,FDAX DEC25,Backtest,FairValueGapStrategyFiltered,Long,1,17351,17364,10/13/2021 11:00:00 AM,10/13/2021 6:30:00 PM,FVG Long,Exit on session close,$319.48,$92938.08,$5.52,$975.00,$1175.00,$855.52,31,
447,FDAX DEC25,Backtest,FairValueGapStrategyFiltered,Long,1,17586,17671,10/15/2021 10:45:00 AM,10/15/2021 6:30:00 PM,FVG Long,Exit on session close,$2119.48,$95057.56,$5.52,$200.00,$2700.00,$580.52,32,
448,FDAX DEC25,Backtest,FairValueGapStrategyFiltered,Long,1,17586,17602,10/19/2021 10:45:00 AM,10/19/2021 6:30:00 PM,FVG Long,Exit on session close,$394.48,$95452.04,$5.52,$600.00,$900.00,$505.52,32,
449,FDAX DEC25,Backtest,FairValueGapStrategyFiltered,Short,1,17630,17613,10/20/2021 10:30:00 AM,10/20/2021 6:30:00 PM,FVG Short,Exit on session close,$419.48,$95871.52,$5.52,$400.00,$1850.00,$1430.52,33,
450,FDAX DEC25,Backtest,FairValueGapStrategyFiltered,Short,1,17621,17649,10/22/2021 10:30:00 AM,10/22/2021 6:30:00 PM,FVG Short,Exit on session close,($705.52),$95166.00,$5.52,$2200.00,$175.00,$880.52,33,
451,FDAX DEC25,Backtest,FairValueGapStrategyFiltered,Long,1,17853,17838,10/26/2021 10:30:00 AM,10/26/2021 6:30:00 PM,FVG Long,Exit on session close,($380.52),$94785.48,$5.52,$700.00,$650.00,$1030.52,33,
452,FDAX DEC25,Backtest,FairValueGapStrategyFiltered,Short,1,17760,17771,10/28/2021 10:45:00 AM,10/28/2021 6:30:00 PM,FVG Short,Exit on session close,($280.52),$94504.96,$5.52,$1050.00,$875.00,$1155.52,32,
453,FDAX DEC25,Backtest,FairValueGapStrategyFiltered,Short,1,17713,17824,10/29/2021 10:30:00 AM,10/29/2021 6:30:00 PM,FVG Short,Exit on session close,($2780.52),$91724.44,$5.52,$2800.00,$2975.00,$5755.52,33,
454,FDAX DEC25,Backtest,FairValueGapStrategyFiltered,Short,1,18142,18114,11/5/2021 12:00:00 PM,11/5/2021 6:30:00 PM,FVG Short,Exit on session close,$694.48,$92418.92,$5.52,$1175.00,$725.00,$30.52,27,
455,FDAX DEC25,Backtest,FairValueGapStrategyFiltered,Short,1,18137,18137,11/8/2021 11:15:00 AM,11/8/2021 6:30:00 PM,FVG Short,Exit on session close,($5.52),$92413.40,$5.52,$850.00,$500.00,$505.52,30,
456,FDAX DEC25,Backtest,FairValueGapStrategyFiltered,Short,1,18172,18135,11/9/2021 12:00:00 PM,11/9/2021 6:30:00 PM,FVG Short,Exit on session close,$919.48,$93332.88,$5.52,$925.00,$1175.00,$255.52,27,
457,FDAX DEC25,Backtest,FairValueGapStrategyFiltered,Short,1,18122,18157,11/10/2021 12:15:00 PM,11/10/2021 6:30:00 PM,FVG Short,Exit on session close,($880.52),$92452.36,$5.52,$1475.00,$425.00,$1305.52,26,
458,FDAX DEC25,Backtest,FairValueGapStrategyFiltered,Long,1,18192,18177,11/11/2021 11:00:00 AM,11/11/2021 6:30:00 PM,FVG Long,Exit on session close,($380.52),$92071.84,$5.52,$850.00,$450.00,$830.52,31,
459,FDAX DEC25,Backtest,FairValueGapStrategyFiltered,Short,1,18371,18352,11/17/2021 10:45:00 AM,11/17/2021 6:30:00 PM,FVG Short,Exit on session close,$469.48,$92541.32,$5.52,$400.00,$475.00,$5.52,32,
460,FDAX DEC25,Backtest,FairValueGapStrategyFiltered,Short,1,18349,18359,11/18/2021 11:15:00 AM,11/18/2021 6:30:00 PM,FVG Short,Exit on session close,($255.52),$92285.80,$5.52,$650.00,$1275.00,$1530.52,30,
461,FDAX DEC25,Backtest,FairValueGapStrategyFiltered,Short,1,18298,18269,11/19/2021 11:00:00 AM,11/19/2021 6:30:00 PM,FVG Short,Exit on session close,$719.48,$93005.28,$5.52,$1150.00,$2500.00,$1780.52,31,
462,FDAX DEC25,Backtest,FairValueGapStrategyFiltered,Short,1,18268,18206,11/22/2021 11:15:00 AM,11/22/2021 6:30:00 PM,FVG Short,Exit on session close,$1544.48,$94549.76,$5.52,$525.00,$2575.00,$1030.52,30,
463,FDAX DEC25,Backtest,FairValueGapStrategyFiltered,Short,1,17981,17985,11/24/2021 11:15:00 AM,11/24/2021 6:30:00 PM,FVG Short,Exit on session close,($105.52),$94444.24,$5.52,$875.00,$3375.00,$3480.52,30,
464,FDAX DEC25,Backtest,FairValueGapStrategyFiltered,Short,1,18029,18023,11/25/2021 11:30:00 AM,11/25/2021 6:30:00 PM,FVG Short,Exit on session close,$144.48,$94588.72,$5.52,$150.00,$1475.00,$1330.52,29,
465,FDAX DEC25,Backtest,FairValueGapStrategyFiltered,Short,1,17565,17390,11/26/2021 12:15:00 PM,11/26/2021 6:30:00 PM,FVG Short,Exit on session close,$4369.48,$98958.20,$5.52,$1775.00,$5825.00,$1455.52,26,
466,FDAX DEC25,Backtest,FairValueGapStrategyFiltered,Long,1,17456,17331,12/2/2021 10:45:00 AM,12/2/2021 1:15:00 PM,FVG Long,Stop loss,($3130.52),$95827.68,$5.52,$3125.00,$50.00,$3180.52,11,
467,FDAX DEC25,Backtest,FairValueGapStrategyFiltered,Short,1,17362,17250,12/3/2021 11:30:00 AM,12/3/2021 6:30:00 PM,FVG Short,Exit on session close,$2794.48,$98622.16,$5.52,$2525.00,$4275.00,$1480.52,29,
468,FDAX DEC25,Backtest,FairValueGapStrategyFiltered,Short,1,17301,17426,12/6/2021 11:15:00 AM,12/6/2021 3:30:00 PM,FVG Short,Stop loss,($3130.52),$95491.64,$5.52,$3125.00,$1150.00,$4280.52,18,
469,FDAX DEC25,Backtest,FairValueGapStrategyFiltered,Long,1,17779,17925,12/7/2021 10:30:00 AM,12/7/2021 6:30:00 PM,FVG Long,Exit on session close,$3644.48,$99136.12,$5.52,$350.00,$4000.00,$355.52,33,
470,FDAX DEC25,Backtest,FairValueGapStrategyFiltered,Short,1,17883,17795,12/8/2021 11:00:00 AM,12/8/2021 6:30:00 PM,FVG Short,Exit on session close,$2194.48,$101330.60,$5.52,$1200.00,$2400.00,$205.52,31,
471,FDAX DEC25,Backtest,FairValueGapStrategyFiltered,Short,1,17749,17731,12/9/2021 11:45:00 AM,12/9/2021 6:30:00 PM,FVG Short,Exit on session close,$444.48,$101775.08,$5.52,$925.00,$700.00,$255.52,28,
472,FDAX DEC25,Backtest,FairValueGapStrategyFiltered,Short,1,17676,17752,12/10/2021 10:45:00 AM,12/10/2021 6:30:00 PM,FVG Short,Exit on session close,($1905.52),$99869.56,$5.52,$3075.00,$0.00,$1905.52,32,
473,FDAX DEC25,Backtest,FairValueGapStrategyFiltered,Long,1,17898,17773,12/13/2021 10:30:00 AM,12/13/2021 4:00:00 PM,FVG Long,Stop loss,($3130.52),$96739.04,$5.52,$3125.00,$200.00,$3330.52,23,
474,FDAX DEC25,Backtest,FairValueGapStrategyFiltered,Short,1,17718,17556,12/14/2021 11:15:00 AM,12/14/2021 6:30:00 PM,FVG Short,Exit on session close,$4044.48,$100783.52,$5.52,$725.00,$4525.00,$480.52,30,
475,FDAX DEC25,Backtest,FairValueGapStrategyFiltered,Short,1,17821,17733,12/16/2021 10:45:00 AM,12/16/2021 6:30:00 PM,FVG Short,Exit on session close,$2194.48,$102978.00,$5.52,$1900.00,$2475.00,$280.52,32,
476,FDAX DEC25,Backtest,FairValueGapStrategyFiltered,Short,1,17649,17631,12/17/2021 10:45:00 AM,12/17/2021 6:30:00 PM,FVG Short,Exit on session close,$444.48,$103422.48,$5.52,$950.00,$2800.00,$2355.52,32,
477,FDAX DEC25,Backtest,FairValueGapStrategyFiltered,Short,1,17190,17315,12/20/2021 10:30:00 AM,12/20/2021 11:15:00 AM,FVG Short,Stop loss,($3130.52),$100291.96,$5.52,$3125.00,$325.00,$3455.52,4,
478,FDAX DEC25,Backtest,FairValueGapStrategyFiltered,Short,1,17425,17550,12/21/2021 11:15:00 AM,12/21/2021 3:00:00 PM,FVG Short,Stop loss,($3130.52),$97161.44,$5.52,$3125.00,$150.00,$3280.52,16,
479,FDAX DEC25,Backtest,FairValueGapStrategyFiltered,Long,1,17786,17857,12/23/2021 10:30:00 AM,12/23/2021 6:30:00 PM,FVG Long,Exit on session close,$1769.48,$98930.92,$5.52,$625.00,$2500.00,$730.52,33,
480,FDAX DEC25,Backtest,FairValueGapStrategyFiltered,Long,1,18063,18065,12/28/2021 10:30:00 AM,12/28/2021 6:30:00 PM,FVG Long,Exit on session close,$44.48,$98975.40,$5.52,$750.00,$825.00,$780.52,33,
481,FDAX DEC25,Backtest,FairValueGapStrategyFiltered,Short,1,18040,17955,12/29/2021 11:45:00 AM,12/29/2021 6:30:00 PM,FVG Short,Exit on session close,$2119.48,$101094.88,$5.52,$275.00,$3050.00,$930.52,28,
482,FDAX DEC25,Backtest,FairValueGapStrategyFiltered,Short,1,17962,18021,12/30/2021 11:45:00 AM,12/30/2021 6:30:00 PM,FVG Short,Exit on session close,($1480.52),$99614.36,$5.52,$2150.00,$225.00,$1705.52,28,
483,FDAX DEC25,Backtest,FairValueGapStrategyFiltered,Long,1,18350,18375,1/5/2022 10:45:00 AM,1/5/2022 6:30:00 PM,FVG Long,Exit on session close,$619.48,$100233.84,$5.52,$300.00,$1375.00,$755.52,32,
484,FDAX DEC25,Backtest,FairValueGapStrategyFiltered,Long,1,18203,18187,1/6/2022 10:30:00 AM,1/6/2022 6:30:00 PM,FVG Long,Exit on session close,($405.52),$99828.32,$5.52,$2475.00,$1800.00,$2205.52,33,
485,FDAX DEC25,Backtest,FairValueGapStrategyFiltered,Long,1,18127,18002,1/7/2022 10:45:00 AM,1/7/2022 5:00:00 PM,FVG Long,Stop loss,($3130.52),$96697.80,$5.52,$3125.00,$800.00,$3930.52,26,
486,FDAX DEC25,Backtest,FairValueGapStrategyFiltered,Long,1,18066,17941,1/10/2022 10:45:00 AM,1/10/2022 3:45:00 PM,FVG Long,Stop loss,($3130.52),$93567.28,$5.52,$3125.00,$175.00,$3305.52,21,
487,FDAX DEC25,Backtest,FairValueGapStrategyFiltered,Long,1,18145,18128,1/12/2022 10:45:00 AM,1/12/2022 6:30:00 PM,FVG Long,Exit on session close,($430.52),$93136.76,$5.52,$1700.00,$625.00,$1055.52,32,
488,FDAX DEC25,Backtest,FairValueGapStrategyFiltered,Long,1,18079,17954,1/14/2022 11:00:00 AM,1/14/2022 2:15:00 PM,FVG Long,Stop loss,($3130.52),$90006.24,$5.52,$3125.00,$75.00,$3205.52,14,
489,FDAX DEC25,Backtest,FairValueGapStrategyFiltered,Short,1,18055,18063,1/17/2022 12:15:00 PM,1/17/2022 6:30:00 PM,FVG Short,Exit on session close,($205.52),$89800.72,$5.52,$650.00,$100.00,$305.52,26,
490,FDAX DEC25,Backtest,FairValueGapStrategyFiltered,Short,1,17825,17950,1/18/2022 10:45:00 AM,1/18/2022 4:15:00 PM,FVG Short,Stop loss,($3130.52),$86670.20,$5.52,$3125.00,$950.00,$4080.52,23,
491,FDAX DEC25,Backtest,FairValueGapStrategyFiltered,Long,1,17919,18029,1/20/2022 11:15:00 AM,1/20/2022 6:30:00 PM,FVG Long,Exit on session close,$2744.48,$89414.68,$5.52,$700.00,$3100.00,$355.52,30,
492,FDAX DEC25,Backtest,FairValueGapStrategyFiltered,Short,1,17565,17315,1/24/2022 10:30:00 AM,1/24/2022 2:45:00 PM,FVG Short,Profit target,$6244.48,$95659.16,$5.52,$200.00,$6250.00,$5.52,18,
493,FDAX DEC25,Backtest,FairValueGapStrategyFiltered,Short,1,17215,17233,1/25/2022 12:15:00 PM,1/25/2022 6:30:00 PM,FVG Short,Exit on session close,($455.52),$95203.64,$5.52,$1825.00,$2800.00,$3255.52,26,
494,FDAX DEC25,Backtest,FairValueGapStrategyFiltered,Short,1,17499,17624,1/27/2022 12:30:00 PM,1/27/2022 3:00:00 PM,FVG Short,Stop loss,($3130.52),$92073.12,$5.52,$3125.00,$475.00,$3605.52,11,
495,FDAX DEC25,Backtest,FairValueGapStrategyFiltered,Short,1,17374,17499,1/28/2022 11:45:00 AM,1/28/2022 6:15:00 PM,FVG Short,Stop loss,($3130.52),$88942.60,$5.52,$3125.00,$3250.00,$6380.52,27,
496,FDAX DEC25,Backtest,FairValueGapStrategyFiltered,Short,1,17603,17617,1/31/2022 11:30:00 AM,1/31/2022 6:30:00 PM,FVG Short,Exit on session close,($355.52),$88587.08,$5.52,$725.00,$3575.00,$3930.52,29,
497,FDAX DEC25,Backtest,FairValueGapStrategyFiltered,Short,1,17681,17721,2/1/2022 10:45:00 AM,2/1/2022 6:30:00 PM,FVG Short,Exit on session close,($1005.52),$87581.56,$5.52,$2900.00,$600.00,$1605.52,32,
498,FDAX DEC25,Backtest,FairValueGapStrategyFiltered,Short,1,17811,17754,2/2/2022 11:45:00 AM,2/2/2022 6:30:00 PM,FVG Short,Exit on session close,$1419.48,$89001.04,$5.52,$325.00,$2450.00,$1030.52,28,
499,FDAX DEC25,Backtest,FairValueGapStrategyFiltered,Short,1,17674,17482,2/3/2022 10:45:00 AM,2/3/2022 6:30:00 PM,FVG Short,Exit on session close,$4794.48,$93795.52,$5.52,$525.00,$5425.00,$630.52,32,
500,FDAX DEC25,Backtest,FairValueGapStrategyFiltered,Short,1,17347,17270,2/4/2022 11:30:00 AM,2/4/2022 6:30:00 PM,FVG Short,Exit on session close,$1919.48,$95715.00,$5.52,$250.00,$4125.00,$2205.52,29,
501,FDAX DEC25,Backtest,FairValueGapStrategyFiltered,Short,1,17237,17362,2/7/2022 11:15:00 AM,2/7/2022 4:30:00 PM,FVG Short,Stop loss,($3130.52),$92584.48,$5.52,$3125.00,$800.00,$3930.52,22,
502,FDAX DEC25,Backtest,FairValueGapStrategyFiltered,Short,1,17376,17392,2/8/2022 11:30:00 AM,2/8/2022 6:30:00 PM,FVG Short,Exit on session close,($405.52),$92178.96,$5.52,$750.00,$2350.00,$2755.52,29,
503,FDAX DEC25,Backtest,FairValueGapStrategyFiltered,Short,1,17529,17474,2/16/2022 12:00:00 PM,2/16/2022 6:30:00 PM,FVG Short,Exit on session close,$1369.48,$93548.44,$5.52,$750.00,$2050.00,$680.52,27,
504,FDAX DEC25,Backtest,FairValueGapStrategyFiltered,Short,1,17386,17136,2/18/2022 10:45:00 AM,2/18/2022 5:15:00 PM,FVG Short,Profit target,$6244.48,$99792.92,$5.52,$400.00,$6250.00,$5.52,27,
505,FDAX DEC25,Backtest,FairValueGapStrategyFiltered,Short,1,17191,16941,2/21/2022 10:45:00 AM,2/21/2022 2:00:00 PM,FVG Short,Profit target,$6244.48,$106037.40,$5.52,$425.00,$6250.00,$5.52,14,
506,FDAX DEC25,Backtest,FairValueGapStrategyFiltered,Short,1,16654,16779,2/22/2022 11:15:00 AM,2/22/2022 11:45:00 AM,FVG Short,Stop loss,($3130.52),$102906.88,$5.52,$3125.00,$175.00,$3305.52,3,
507,FDAX DEC25,Backtest,FairValueGapStrategyFiltered,Long,1,16993,16868,2/23/2022 10:30:00 AM,2/23/2022 4:00:00 PM,FVG Long,Stop loss,($3130.52),$99776.36,$5.52,$3125.00,$775.00,$3905.52,23,
508,FDAX DEC25,Backtest,FairValueGapStrategyFiltered,Short,1,16090,16215,2/24/2022 12:00:00 PM,2/24/2022 4:30:00 PM,FVG Short,Stop loss,($3130.52),$96645.84,$5.52,$3125.00,$4125.00,$7255.52,19,
509,FDAX DEC25,Backtest,FairValueGapStrategyFiltered,Short,1,16294,16419,2/28/2022 12:00:00 PM,2/28/2022 1:45:00 PM,FVG Short,Stop loss,($3130.52),$93515.32,$5.52,$3125.00,$0.00,$3130.52,8,
510,FDAX DEC25,Backtest,FairValueGapStrategyFiltered,Short,1,16292,16042,3/1/2022 10:45:00 AM,3/1/2022 5:45:00 PM,FVG Short,Profit target,$6244.48,$99759.80,$5.52,$1200.00,$6250.00,$5.52,29,
511,FDAX DEC25,Backtest,FairValueGapStrategyFiltered,Long,1,16057,16148,3/2/2022 11:15:00 AM,3/2/2022 6:30:00 PM,FVG Long,Exit on session close,$2269.48,$102029.28,$5.52,$2175.00,$4625.00,$2355.52,30,
512,FDAX DEC25,Backtest,FairValueGapStrategyFiltered,Short,1,15959,16084,3/3/2022 11:45:00 AM,3/3/2022 3:00:00 PM,FVG Short,Stop loss,($3130.52),$98898.76,$5.52,$3125.00,$50.00,$3180.52,14,
513,FDAX DEC25,Backtest,FairValueGapStrategyFiltered,Short,1,15396,15286,3/4/2022 10:45:00 AM,3/4/2022 6:30:00 PM,FVG Short,Exit on session close,$2744.48,$101643.24,$5.52,$1250.00,$5425.00,$2680.52,32,
514,FDAX DEC25,Backtest,FairValueGapStrategyFiltered,Long,1,14745,14995,3/7/2022 10:45:00 AM,3/7/2022 1:15:00 PM,FVG Long,Profit target,$6244.48,$107887.72,$5.52,$2700.00,$6250.00,$5.52,11,
515,FDAX DEC25,Backtest,FairValueGapStrategyFiltered,Short,1,15056,15181,3/8/2022 11:45:00 AM,3/8/2022 1:15:00 PM,FVG Short,Stop loss,($3130.52),$104757.20,$5.52,$3125.00,$2025.00,$5155.52,7,
516,FDAX DEC25,Backtest,FairValueGapStrategyFiltered,Short,1,15689,15814,3/11/2022 12:30:00 PM,3/11/2022 12:30:00 PM,FVG Short,Stop loss,($3130.52),$101626.68,$5.52,$3125.00,$0.00,$3130.52,1,
517,FDAX DEC25,Backtest,FairValueGapStrategyFiltered,Long,1,16098,15973,3/14/2022 10:30:00 AM,3/14/2022 1:00:00 PM,FVG Long,Stop loss,($3130.52),$98496.16,$5.52,$3125.00,$2800.00,$5930.52,11,
518,FDAX DEC25,Backtest,FairValueGapStrategyFiltered,Short,1,15761,15886,3/15/2022 10:30:00 AM,3/15/2022 12:00:00 PM,FVG Short,Stop loss,($3130.52),$95365.64,$5.52,$3125.00,$925.00,$4055.52,7,
519,FDAX DEC25,Backtest,FairValueGapStrategyFiltered,Long,1,15943,15993,3/15/2022 12:30:00 PM,3/15/2022 6:30:00 PM,FVG Long,Exit on session close,$1244.48,$96610.12,$5.52,$1700.00,$4225.00,$2980.52,25,
520,FDAX DEC25,Backtest,FairValueGapStrategyFiltered,Short,1,16341,16466,3/16/2022 11:15:00 AM,3/16/2022 11:30:00 AM,FVG Short,Stop loss,($3130.52),$93479.60,$5.52,$3125.00,$150.00,$3280.52,2,
521,FDAX DEC25,Backtest,FairValueGapStrategyFiltered,Short,1,16503,16533,3/17/2022 10:30:00 AM,3/17/2022 6:30:00 PM,FVG Short,Exit on session close,($755.52),$92724.08,$5.52,$1325.00,$3250.00,$4005.52,33,
522,FDAX DEC25,Backtest,FairValueGapStrategyFiltered,Short,1,16297,16422,3/18/2022 12:30:00 PM,3/18/2022 3:00:00 PM,FVG Short,Stop loss,($3130.52),$89593.56,$5.52,$3125.00,$1625.00,$4755.52,11,
523,FDAX DEC25,Backtest,FairValueGapStrategyFiltered,Short,1,16597,16352,3/23/2022 10:45:00 AM,3/23/2022 6:30:00 PM,FVG Short,Exit on session close,$6119.48,$95713.04,$5.52,$25.00,$6200.00,$80.52,32,
524,FDAX DEC25,Backtest,FairValueGapStrategyFiltered,Short,1,16415,16445,3/24/2022 11:00:00 AM,3/24/2022 6:30:00 PM,FVG Short,Exit on session close,($755.52),$94957.52,$5.52,$1875.00,$2475.00,$3230.52,31,
525,FDAX DEC25,Backtest,FairValueGapStrategyFiltered,Long,1,16443,16459,3/25/2022 11:30:00 AM,3/25/2022 6:30:00 PM,FVG Long,Exit on session close,$394.48,$95352.00,$5.52,$1700.00,$2950.00,$2555.52,29,
526,FDAX DEC25,Backtest,FairValueGapStrategyFiltered,Short,1,16755,16738,3/30/2022 10:45:00 AM,3/30/2022 6:30:00 PM,FVG Short,Exit on session close,$419.48,$95771.48,$5.52,$725.00,$1800.00,$1380.52,32,
527,FDAX DEC25,Backtest,FairValueGapStrategyFiltered,Short,1,16756,16556,3/31/2022 10:30:00 AM,3/31/2022 6:30:00 PM,FVG Short,Exit on session close,$4994.48,$100765.96,$5.52,$150.00,$5675.00,$680.52,33,
528,FDAX DEC25,Backtest,FairValueGapStrategyFiltered,Long,1,16572,16670,4/4/2022 11:45:00 AM,4/4/2022 6:30:00 PM,FVG Long,Exit on session close,$2444.48,$103210.44,$5.52,$475.00,$2975.00,$530.52,28,
529,FDAX DEC25,Backtest,FairValueGapStrategyFiltered,Short,1,16627,16499,4/5/2022 12:00:00 PM,4/5/2022 6:30:00 PM,FVG Short,Exit on session close,$3194.48,$106404.92,$5.52,$150.00,$3725.00,$530.52,27,
530,FDAX DEC25,Backtest,FairValueGapStrategyFiltered,Short,1,16392,16262,4/6/2022 10:30:00 AM,4/6/2022 6:30:00 PM,FVG Short,Exit on session close,$3244.48,$109649.40,$5.52,$325.00,$5875.00,$2630.52,33,
531,FDAX DEC25,Backtest,FairValueGapStrategyFiltered,Long,1,16345,16220,4/7/2022 11:15:00 AM,4/7/2022 5:30:00 PM,FVG Long,Stop loss,($3130.52),$106518.88,$5.52,$3125.00,$2650.00,$5780.52,26,
532,FDAX DEC25,Backtest,FairValueGapStrategyFiltered,Short,1,16381,16407,4/8/2022 11:15:00 AM,4/8/2022 6:30:00 PM,FVG Short,Exit on session close,($655.52),$105863.36,$5.52,$1100.00,$1825.00,$2480.52,30,
533,FDAX DEC25,Backtest,FairValueGapStrategyFiltered,Short,1,16275,16304,4/11/2022 10:45:00 AM,4/11/2022 6:30:00 PM,FVG Short,Exit on session close,($730.52),$105132.84,$5.52,$3025.00,$225.00,$955.52,32,
534,FDAX DEC25,Backtest,FairValueGapStrategyFiltered,Long,1,16165,16211,4/12/2022 11:15:00 AM,4/12/2022 6:30:00 PM,FVG Long,Exit on session close,$1144.48,$106277.32,$5.52,$575.00,$3700.00,$2555.52,30,
535,FDAX DEC25,Backtest,FairValueGapStrategyFiltered,Short,1,16136,16177,4/13/2022 12:00:00 PM,4/13/2022 6:30:00 PM,FVG Short,Exit on session close,($1030.52),$105246.80,$5.52,$2150.00,$1125.00,$2155.52,27,
536,FDAX DEC25,Backtest,FairValueGapStrategyFiltered,Short,1,16225,16223,4/14/2022 11:00:00 AM,4/14/2022 6:30:00 PM,FVG Short,Exit on session close,$44.48,$105291.28,$5.52,$2775.00,$1400.00,$1355.52,31,
537,FDAX DEC25,Backtest,FairValueGapStrategyFiltered,Long,1,16216,16309,4/19/2022 10:30:00 AM,4/19/2022 6:30:00 PM,FVG Long,Exit on session close,$2319.48,$107610.76,$5.52,$2375.00,$2925.00,$605.52,33,
538,FDAX DEC25,Backtest,FairValueGapStrategyFiltered,Short,1,16316,16441,4/20/2022 10:30:00 AM,4/20/2022 12:00:00 PM,FVG Short,Stop loss,($3130.52),$104480.24,$5.52,$3125.00,$125.00,$3255.52,7,
539,FDAX DEC25,Backtest,FairValueGapStrategyFiltered,Long,1,16444,16483,4/20/2022 12:15:00 PM,4/20/2022 6:30:00 PM,FVG Long,Exit on session close,$969.48,$105449.72,$5.52,$550.00,$1725.00,$755.52,26,
540,FDAX DEC25,Backtest,FairValueGapStrategyFiltered,Long,1,16649,16553,4/21/2022 10:30:00 AM,4/21/2022 6:30:00 PM,FVG Long,Exit on session close,($2405.52),$103044.20,$5.52,$2650.00,$2075.00,$4480.52,33,
541,FDAX DEC25,Backtest,FairValueGapStrategyFiltered,Short,1,16357,16265,4/22/2022 12:15:00 PM,4/22/2022 6:30:00 PM,FVG Short,Exit on session close,$2294.48,$105338.68,$5.52,$1775.00,$2900.00,$605.52,26,
542,FDAX DEC25,Backtest,FairValueGapStrategyFiltered,Short,1,15999,16124,4/25/2022 11:30:00 AM,4/25/2022 2:30:00 PM,FVG Short,Stop loss,($3130.52),$102208.16,$5.52,$3125.00,$150.00,$3280.52,13,
543,FDAX DEC25,Backtest,FairValueGapStrategyFiltered,Long,1,15901,15975,4/27/2022 10:30:00 AM,4/27/2022 6:30:00 PM,FVG Long,Exit on session close,$1844.48,$104052.64,$5.52,$2775.00,$2075.00,$230.52,33,
544,FDAX DEC25,Backtest,FairValueGapStrategyFiltered,Short,1,16235,16182,4/29/2022 12:00:00 PM,4/29/2022 6:30:00 PM,FVG Short,Exit on session close,$1319.48,$105372.12,$5.52,$2175.00,$1750.00,$430.52,27,
545,FDAX DEC25,Backtest,FairValueGapStrategyFiltered,Short,1,16137,16115,5/3/2022 11:15:00 AM,5/3/2022 6:30:00 PM,FVG Short,Exit on session close,$544.48,$105916.60,$5.52,$675.00,$2475.00,$1930.52,30,
546,FDAX DEC25,Backtest,FairValueGapStrategyFiltered,Short,1,16117,16159,5/4/2022 11:45:00 AM,5/4/2022 6:30:00 PM,FVG Short,Exit on session close,($1055.52),$104861.08,$5.52,$1875.00,$900.00,$1955.52,28,
547,FDAX DEC25,Backtest,FairValueGapStrategyFiltered,Short,1,16278,16028,5/5/2022 11:15:00 AM,5/5/2022 5:15:00 PM,FVG Short,Profit target,$6244.48,$111105.56,$5.52,$1200.00,$6250.00,$5.52,25,
548,FDAX DEC25,Backtest,FairValueGapStrategyFiltered,Short,1,15810,15786,5/6/2022 11:45:00 AM,5/6/2022 6:30:00 PM,FVG Short,Exit on session close,$594.48,$111700.04,$5.52,$3025.00,$2700.00,$2105.52,28,
549,FDAX DEC25,Backtest,FairValueGapStrategyFiltered,Short,1,15664,15595,5/9/2022 10:30:00 AM,5/9/2022 6:30:00 PM,FVG Short,Exit on session close,$1719.48,$113419.52,$5.52,$1150.00,$5175.00,$3455.52,33,
550,FDAX DEC25,Backtest,FairValueGapStrategyFiltered,Short,1,15676,15801,5/10/2022 12:30:00 PM,5/10/2022 3:15:00 PM,FVG Short,Stop loss,($3130.52),$110289.00,$5.52,$3125.00,$875.00,$4005.52,12,
551,FDAX DEC25,Backtest,FairValueGapStrategyFiltered,Long,1,15686,15851,5/12/2022 10:30:00 AM,5/12/2022 6:30:00 PM,FVG Long,Exit on session close,$4119.48,$114408.48,$5.52,$2400.00,$5875.00,$1755.52,33,
552,FDAX DEC25,Backtest,FairValueGapStrategyFiltered,Short,1,16076,16085,5/16/2022 12:00:00 PM,5/16/2022 6:30:00 PM,FVG Short,Exit on session close,($230.52),$114177.96,$5.52,$1075.00,$2650.00,$2880.52,27,
553,FDAX DEC25,Backtest,FairValueGapStrategyFiltered,Short,1,16203,16279,5/23/2022 10:45:00 AM,5/23/2022 6:30:00 PM,FVG Short,Exit on session close,($1905.52),$112272.44,$5.52,$2550.00,$1875.00,$3780.52,32,
554,FDAX DEC25,Backtest,FairValueGapStrategyFiltered,Short,1,16052,16106,5/25/2022 10:45:00 AM,5/25/2022 6:30:00 PM,FVG Short,Exit on session close,($1355.52),$110916.92,$5.52,$2700.00,$1975.00,$3330.52,32,
555,FDAX DEC25,Backtest,FairValueGapStrategyFiltered,Short,1,16162,16287,5/26/2022 11:00:00 AM,5/26/2022 3:45:00 PM,FVG Short,Stop loss,($3130.52),$107786.40,$5.52,$3125.00,$225.00,$3355.52,20,
556,FDAX DEC25,Backtest,FairValueGapStrategyFiltered,Long,1,16435,16586,5/27/2022 11:00:00 AM,5/27/2022 6:30:00 PM,FVG Long,Exit on session close,$3769.48,$111555.88,$5.52,$775.00,$4350.00,$580.52,31,
557,FDAX DEC25,Backtest,FairValueGapStrategyFiltered,Short,1,16655,16683,5/30/2022 11:30:00 AM,5/30/2022 6:30:00 PM,FVG Short,Exit on session close,($705.52),$110850.36,$5.52,$1025.00,$950.00,$1655.52,29,
558,FDAX DEC25,Backtest,FairValueGapStrategyFiltered,Long,1,16643,16518,5/31/2022 10:45:00 AM,5/31/2022 2:45:00 PM,FVG Long,Stop loss,($3130.52),$107719.84,$5.52,$3125.00,$300.00,$3430.52,17,
559,FDAX DEC25,Backtest,FairValueGapStrategyFiltered,Short,1,16519,16450,6/1/2022 10:45:00 AM,6/1/2022 6:30:00 PM,FVG Short,Exit on session close,$1719.48,$109439.32,$5.52,$1900.00,$2475.00,$755.52,32,
560,FDAX DEC25,Backtest,FairValueGapStrategyFiltered,Short,1,16585,16537,6/8/2022 12:30:00 PM,6/8/2022 6:30:00 PM,FVG Short,Exit on session close,$1194.48,$110633.80,$5.52,$675.00,$2425.00,$1230.52,25,
561,FDAX DEC25,Backtest,FairValueGapStrategyFiltered,Long,1,16496,16371,6/9/2022 11:15:00 AM,6/9/2022 2:45:00 PM,FVG Long,Stop loss,($3130.52),$107503.28,$5.52,$3125.00,$1050.00,$4180.52,15,
562,FDAX DEC25,Backtest,FairValueGapStrategyFiltered,Short,1,15586,15610,6/13/2022 10:45:00 AM,6/13/2022 6:30:00 PM,FVG Short,Exit on session close,($605.52),$106897.76,$5.52,$1275.00,$2350.00,$2955.52,32,
563,FDAX DEC25,Backtest,FairValueGapStrategyFiltered,Short,1,15575,15370,6/14/2022 10:45:00 AM,6/14/2022 6:30:00 PM,FVG Short,Exit on session close,$5119.48,$112017.24,$5.52,$575.00,$5575.00,$455.52,32,
564,FDAX DEC25,Backtest,FairValueGapStrategyFiltered,Long,1,15612,15637,6/15/2022 10:45:00 AM,6/15/2022 6:30:00 PM,FVG Long,Exit on session close,$619.48,$112636.72,$5.52,$1950.00,$1800.00,$1180.52,32,
565,FDAX DEC25,Backtest,FairValueGapStrategyFiltered,Short,1,15238,15129,6/16/2022 11:30:00 AM,6/16/2022 6:30:00 PM,FVG Short,Exit on session close,$2719.48,$115356.20,$5.52,$925.00,$3450.00,$730.52,29,
566,FDAX DEC25,Backtest,FairValueGapStrategyFiltered,Short,1,15276,15401,6/20/2022 11:45:00 AM,6/20/2022 6:00:00 PM,FVG Short,Stop loss,($3130.52),$112225.68,$5.52,$3125.00,$525.00,$3655.52,26,
567,FDAX DEC25,Backtest,FairValueGapStrategyFiltered,Short,1,15508,15390,6/21/2022 12:30:00 PM,6/21/2022 6:30:00 PM,FVG Short,Exit on session close,$2944.48,$115170.16,$5.52,$475.00,$3575.00,$630.52,25,
568,FDAX DEC25,Backtest,FairValueGapStrategyFiltered,Long,1,15114,14989,6/23/2022 10:45:00 AM,6/23/2022 6:15:00 PM,FVG Long,Stop loss,($3130.52),$112039.64,$5.52,$3125.00,$3175.00,$6305.52,31,
569,FDAX DEC25,Backtest,FairValueGapStrategyFiltered,Long,1,15499,15374,6/27/2022 10:30:00 AM,6/27/2022 11:45:00 AM,FVG Long,Stop loss,($3130.52),$108909.12,$5.52,$3125.00,$150.00,$3280.52,6,
570,FDAX DEC25,Backtest,FairValueGapStrategyFiltered,Short,1,15363,15284,6/27/2022 12:15:00 PM,6/27/2022 6:30:00 PM,FVG Short,Exit on session close,$1969.48,$110878.60,$5.52,$175.00,$2900.00,$930.52,26,
571,FDAX DEC25,Backtest,FairValueGapStrategyFiltered,Short,1,15383,15315,6/28/2022 12:15:00 PM,6/28/2022 6:30:00 PM,FVG Short,Exit on session close,$1694.48,$112573.08,$5.52,$2475.00,$2375.00,$680.52,26,
572,FDAX DEC25,Backtest,FairValueGapStrategyFiltered,Short,1,15156,15092,6/29/2022 12:00:00 PM,6/29/2022 6:30:00 PM,FVG Short,Exit on session close,$1594.48,$114167.56,$5.52,$1350.00,$2325.00,$730.52,27,
573,FDAX DEC25,Backtest,FairValueGapStrategyFiltered,Short,1,14789,14914,6/30/2022 11:45:00 AM,6/30/2022 5:30:00 PM,FVG Short,Stop loss,($3130.52),$111037.04,$5.52,$3125.00,$1300.00,$4430.52,24,
574,FDAX DEC25,Backtest,FairValueGapStrategyFiltered,Short,1,14811,14561,7/5/2022 10:45:00 AM,7/5/2022 2:30:00 PM,FVG Short,Profit target,$6244.48,$117281.52,$5.52,$450.00,$6250.00,$5.52,16,
575,FDAX DEC25,Backtest,FairValueGapStrategyFiltered,Short,1,14666,14791,7/6/2022 11:15:00 AM,7/6/2022 4:15:00 PM,FVG Short,Stop loss,($3130.52),$114151.00,$5.52,$3125.00,$900.00,$4030.52,21,
576,FDAX DEC25,Backtest,FairValueGapStrategyFiltered,Short,1,14893,14979,7/7/2022 12:30:00 PM,7/7/2022 6:30:00 PM,FVG Short,Exit on session close,($2155.52),$111995.48,$5.52,$2525.00,$450.00,$2605.52,25,
577,FDAX DEC25,Backtest,FairValueGapStrategyFiltered,Short,1,14906,15031,7/8/2022 11:00:00 AM,7/8/2022 12:15:00 PM,FVG Short,Stop loss,($3130.52),$108864.96,$5.52,$3125.00,$425.00,$3555.52,6,
578,FDAX DEC25,Backtest,FairValueGapStrategyFiltered,Short,1,14849,14974,7/12/2022 12:15:00 PM,7/12/2022 4:45:00 PM,FVG Short,Stop loss,($3130.52),$105734.44,$5.52,$3125.00,$775.00,$3905.52,19,
579,FDAX DEC25,Backtest,FairValueGapStrategyFiltered,Long,1,14944,14819,7/13/2022 11:15:00 AM,7/13/2022 2:45:00 PM,FVG Long,Stop loss,($3130.52),$102603.92,$5.52,$3125.00,$1125.00,$4255.52,15,
580,FDAX DEC25,Backtest,FairValueGapStrategyFiltered,Short,1,14757,14657,7/14/2022 11:00:00 AM,7/14/2022 6:30:00 PM,FVG Short,Exit on session close,$2494.48,$105098.40,$5.52,$1725.00,$4975.00,$2480.52,31,
581,FDAX DEC25,Backtest,FairValueGapStrategyFiltered,Short,1,14828,14953,7/15/2022 12:30:00 PM,7/15/2022 4:30:00 PM,FVG Short,Stop loss,($3130.52),$101967.88,$5.52,$3125.00,$1125.00,$4255.52,17,
582,FDAX DEC25,Backtest,FairValueGapStrategyFiltered,Long,1,15021,15271,7/19/2022 11:15:00 AM,7/19/2022 4:15:00 PM,FVG Long,Profit target,$6244.48,$108212.36,$5.52,$50.00,$6250.00,$5.52,21,
583,FDAX DEC25,Backtest,FairValueGapStrategyFiltered,Short,1,15298,15392,7/21/2022 10:45:00 AM,7/21/2022 6:30:00 PM,FVG Short,Exit on session close,($2355.52),$105856.84,$5.52,$3100.00,$1875.00,$4230.52,32,
584,FDAX DEC25,Backtest,FairValueGapStrategyFiltered,Long,1,15395,15366,7/22/2022 10:45:00 AM,7/22/2022 6:30:00 PM,FVG Long,Exit on session close,($730.52),$105126.32,$5.52,$1100.00,$2600.00,$3330.52,32,
585,FDAX DEC25,Backtest,FairValueGapStrategyFiltered,Long,1,15428,15303,7/25/2022 11:45:00 AM,7/25/2022 4:30:00 PM,FVG Long,Stop loss,($3130.52),$101995.80,$5.52,$3125.00,$1050.00,$4180.52,20,
586,FDAX DEC25,Backtest,FairValueGapStrategyFiltered,Short,1,15241,15278,7/27/2022 11:00:00 AM,7/27/2022 6:30:00 PM,FVG Short,Exit on session close,($930.52),$101065.28,$5.52,$2525.00,$250.00,$1180.52,31,
587,FDAX DEC25,Backtest,FairValueGapStrategyFiltered,Short,1,15261,15386,7/28/2022 10:30:00 AM,7/28/2022 3:45:00 PM,FVG Short,Stop loss,($3130.52),$97934.76,$5.52,$3125.00,$925.00,$4055.52,22,
588,FDAX DEC25,Backtest,FairValueGapStrategyFiltered,Short,1,15777,15727,8/5/2022 11:00:00 AM,8/5/2022 6:30:00 PM,FVG Short,Exit on session close,$1244.48,$99179.24,$5.52,$950.00,$2175.00,$930.52,31,
589,FDAX DEC25,Backtest,FairValueGapStrategyFiltered,Short,1,15762,15772,8/8/2022 10:45:00 AM,8/8/2022 6:30:00 PM,FVG Short,Exit on session close,($255.52),$98923.72,$5.52,$3000.00,$650.00,$905.52,32,
590,FDAX DEC25,Backtest,FairValueGapStrategyFiltered,Short,1,15745,15664,8/9/2022 12:00:00 PM,8/9/2022 6:30:00 PM,FVG Short,Exit on session close,$2019.48,$100943.20,$5.52,$75.00,$2500.00,$480.52,27,
591,FDAX DEC25,Backtest,FairValueGapStrategyFiltered,Short,1,15891,15956,8/12/2022 11:30:00 AM,8/12/2022 6:30:00 PM,FVG Short,Exit on session close,($1630.52),$99312.68,$5.52,$1650.00,$1025.00,$2655.52,29,
592,FDAX DEC25,Backtest,FairValueGapStrategyFiltered,Long,1,16038,16059,8/16/2022 10:30:00 AM,8/16/2022 6:30:00 PM,FVG Long,Exit on session close,$519.48,$99832.16,$5.52,$2050.00,$1225.00,$705.52,33,
593,FDAX DEC25,Backtest,FairValueGapStrategyFiltered,Short,1,16029,15779,8/17/2022 10:30:00 AM,8/17/2022 5:00:00 PM,FVG Short,Profit target,$6244.48,$106076.64,$5.52,$25.00,$6250.00,$5.52,27,
594,FDAX DEC25,Backtest,FairValueGapStrategyFiltered,Short,1,15803,15832,8/18/2022 11:00:00 AM,8/18/2022 6:30:00 PM,FVG Short,Exit on session close,($730.52),$105346.12,$5.52,$2875.00,$450.00,$1180.52,31,
595,FDAX DEC25,Backtest,FairValueGapStrategyFiltered,Short,1,15707,15675,8/19/2022 11:00:00 AM,8/19/2022 6:30:00 PM,FVG Short,Exit on session close,$794.48,$106140.60,$5.52,$1950.00,$1200.00,$405.52,31,
596,FDAX DEC25,Backtest,FairValueGapStrategyFiltered,Short,1,15435,15377,8/22/2022 10:30:00 AM,8/22/2022 6:30:00 PM,FVG Short,Exit on session close,$1444.48,$107585.08,$5.52,$1475.00,$2800.00,$1355.52,33,
597,FDAX DEC25,Backtest,FairValueGapStrategyFiltered,Long,1,15415,15303,8/23/2022 10:30:00 AM,8/23/2022 6:30:00 PM,FVG Long,Exit on session close,($2805.52),$104779.56,$5.52,$3000.00,$375.00,$3180.52,33,
598,FDAX DEC25,Backtest,FairValueGapStrategyFiltered,Long,1,15306,15349,8/24/2022 10:45:00 AM,8/24/2022 6:30:00 PM,FVG Long,Exit on session close,$1069.48,$105849.04,$5.52,$975.00,$1850.00,$780.52,32,
599,FDAX DEC25,Backtest,FairValueGapStrategyFiltered,Short,1,15385,15416,8/25/2022 11:45:00 AM,8/25/2022 6:30:00 PM,FVG Short,Exit on session close,($780.52),$105068.52,$5.52,$1675.00,$975.00,$1755.52,28,
600,FDAX DEC25,Backtest,FairValueGapStrategyFiltered,Short,1,15402,15152,8/26/2022 10:45:00 AM,8/26/2022 4:45:00 PM,FVG Short,Profit target,$6244.48,$111313.00,$5.52,$1975.00,$6250.00,$5.52,25,
601,FDAX DEC25,Backtest,FairValueGapStrategyFiltered,Long,1,15214,15089,8/30/2022 10:30:00 AM,8/30/2022 4:15:00 PM,FVG Long,Stop loss,($3130.52),$108182.48,$5.52,$3125.00,$2025.00,$5155.52,24,
602,FDAX DEC25,Backtest,FairValueGapStrategyFiltered,Short,1,14964,15089,8/31/2022 11:45:00 AM,8/31/2022 1:30:00 PM,FVG Short,Stop loss,($3130.52),$105051.96,$5.52,$3125.00,$400.00,$3530.52,8,
603,FDAX DEC25,Backtest,FairValueGapStrategyFiltered,Short,1,14776,14800,9/1/2022 11:00:00 AM,9/1/2022 6:30:00 PM,FVG Short,Exit on session close,($605.52),$104446.44,$5.52,$2000.00,$950.00,$1555.52,31,
604,FDAX DEC25,Backtest,FairValueGapStrategyFiltered,Short,1,14939,15064,9/2/2022 11:45:00 AM,9/2/2022 3:30:00 PM,FVG Short,Stop loss,($3130.52),$101315.92,$5.52,$3125.00,$1325.00,$4455.52,16,
605,FDAX DEC25,Backtest,FairValueGapStrategyFiltered,Short,1,14757,14882,9/5/2022 10:30:00 AM,9/5/2022 11:45:00 AM,FVG Short,Stop loss,($3130.52),$98185.40,$5.52,$3125.00,$25.00,$3155.52,6,
606,FDAX DEC25,Backtest,FairValueGapStrategyFiltered,Short,1,14910,15035,9/6/2022 10:30:00 AM,9/6/2022 12:15:00 PM,FVG Short,Stop loss,($3130.52),$95054.88,$5.52,$3125.00,$375.00,$3505.52,8,
607,FDAX DEC25,Backtest,FairValueGapStrategyFiltered,Short,1,15038,14902,9/8/2022 11:45:00 AM,9/8/2022 6:30:00 PM,FVG Short,Exit on session close,$3394.48,$98449.36,$5.52,$1325.00,$5325.00,$1930.52,28,
608,FDAX DEC25,Backtest,FairValueGapStrategyFiltered,Short,1,15199,15223,9/9/2022 12:15:00 PM,9/9/2022 6:30:00 PM,FVG Short,Exit on session close,($605.52),$97843.84,$5.52,$1625.00,$625.00,$1230.52,26,
609,FDAX DEC25,Backtest,FairValueGapStrategyFiltered,Short,1,15199,15088,9/15/2022 10:45:00 AM,9/15/2022 6:30:00 PM,FVG Short,Exit on session close,$2769.48,$100613.32,$5.52,$600.00,$3525.00,$755.52,32,
610,FDAX DEC25,Backtest,FairValueGapStrategyFiltered,Short,1,14847,14831,9/16/2022 11:15:00 AM,9/16/2022 6:30:00 PM,FVG Short,Exit on session close,$394.48,$101007.80,$5.52,$2525.00,$600.00,$205.52,30,
611,FDAX DEC25,Backtest,FairValueGapStrategyFiltered,Short,1,14745,14870,9/19/2022 12:00:00 PM,9/19/2022 3:45:00 PM,FVG Short,Stop loss,($3130.52),$97877.28,$5.52,$3125.00,$225.00,$3355.52,16,
612,FDAX DEC25,Backtest,FairValueGapStrategyFiltered,Short,1,14913,14799,9/20/2022 10:30:00 AM,9/20/2022 6:30:00 PM,FVG Short,Exit on session close,$2844.48,$100721.76,$5.52,$400.00,$3625.00,$780.52,33,
613,FDAX DEC25,Backtest,FairValueGapStrategyFiltered,Long,1,14812,14687,9/22/2022 10:30:00 AM,9/22/2022 4:15:00 PM,FVG Long,Stop loss,($3130.52),$97591.24,$5.52,$3125.00,$2600.00,$5730.52,24,
614,FDAX DEC25,Backtest,FairValueGapStrategyFiltered,Short,1,14537,14374,9/23/2022 11:30:00 AM,9/23/2022 6:30:00 PM,FVG Short,Exit on session close,$4069.48,$101660.72,$5.52,$600.00,$5675.00,$1605.52,29,
615,FDAX DEC25,Backtest,FairValueGapStrategyFiltered,Short,1,14397,14347,9/26/2022 11:45:00 AM,9/26/2022 6:30:00 PM,FVG Short,Exit on session close,$1244.48,$102905.20,$5.52,$2625.00,$2125.00,$880.52,28,
616,FDAX DEC25,Backtest,FairValueGapStrategyFiltered,Short,1,14420,14170,9/27/2022 11:00:00 AM,9/27/2022 6:15:00 PM,FVG Short,Profit target,$6244.48,$109149.68,$5.52,$1675.00,$6250.00,$5.52,30,
617,FDAX DEC25,Backtest,FairValueGapStrategyFiltered,Short,1,14025,14150,9/28/2022 11:45:00 AM,9/28/2022 12:15:00 PM,FVG Short,Stop loss,($3130.52),$106019.16,$5.52,$3125.00,$325.00,$3455.52,3,
618,FDAX DEC25,Backtest,FairValueGapStrategyFiltered,Short,1,14673,14697,10/5/2022 10:45:00 AM,10/5/2022 6:30:00 PM,FVG Short,Exit on session close,($605.52),$105413.64,$5.52,$1450.00,$2250.00,$2855.52,32,
619,FDAX DEC25,Backtest,FairValueGapStrategyFiltered,Short,1,14616,14610,10/6/2022 12:15:00 PM,10/6/2022 6:30:00 PM,FVG Short,Exit on session close,$144.48,$105558.12,$5.52,$1250.00,$1725.00,$1580.52,26,
620,FDAX DEC25,Backtest,FairValueGapStrategyFiltered,Short,1,14276,14367,10/11/2022 11:15:00 AM,10/11/2022 6:30:00 PM,FVG Short,Exit on session close,($2280.52),$103277.60,$5.52,$2875.00,$1275.00,$3555.52,30,
621,FDAX DEC25,Backtest,FairValueGapStrategyFiltered,Long,1,14347,14313,10/12/2022 11:00:00 AM,10/12/2022 6:30:00 PM,FVG Long,Exit on session close,($855.52),$102422.08,$5.52,$2125.00,$2075.00,$2930.52,31,
622,FDAX DEC25,Backtest,FairValueGapStrategyFiltered,Short,1,14548,14673,10/14/2022 11:30:00 AM,10/14/2022 3:00:00 PM,FVG Short,Stop loss,($3130.52),$99291.56,$5.52,$3125.00,$625.00,$3755.52,15,
623,FDAX DEC25,Backtest,FairValueGapStrategyFiltered,Short,1,14843,14859,10/19/2022 10:45:00 AM,10/19/2022 6:30:00 PM,FVG Short,Exit on session close,($405.52),$98886.04,$5.52,$2375.00,$325.00,$730.52,32,
624,FDAX DEC25,Backtest,FairValueGapStrategyFiltered,Short,1,14703,14828,10/21/2022 10:30:00 AM,10/21/2022 4:00:00 PM,FVG Short,Stop loss,($3130.52),$95755.52,$5.52,$3125.00,$775.00,$3905.52,23,
625,FDAX DEC25,Backtest,FairValueGapStrategyFiltered,Short,1,14895,15020,10/24/2022 11:00:00 AM,10/24/2022 12:30:00 PM,FVG Short,Stop loss,($3130.52),$92625.00,$5.52,$3125.00,$125.00,$3255.52,7,
626,FDAX DEC25,Backtest,FairValueGapStrategyFiltered,Short,1,15034,15159,10/25/2022 11:00:00 AM,10/25/2022 5:15:00 PM,FVG Short,Stop loss,($3130.52),$89494.48,$5.52,$3125.00,$2950.00,$6080.52,26,
627,FDAX DEC25,Backtest,FairValueGapStrategyFiltered,Short,1,15221,15346,10/26/2022 11:45:00 AM,10/26/2022 5:45:00 PM,FVG Short,Stop loss,($3130.52),$86363.96,$5.52,$3125.00,$1300.00,$4430.52,25,
628,FDAX DEC25,Backtest,FairValueGapStrategyFiltered,Short,1,15445,15400,11/2/2022 10:45:00 AM,11/2/2022 6:30:00 PM,FVG Short,Exit on session close,$1119.48,$87483.44,$5.52,$825.00,$1650.00,$530.52,32,
629,FDAX DEC25,Backtest,FairValueGapStrategyFiltered,Long,1,15298,15173,11/3/2022 10:30:00 AM,11/3/2022 1:45:00 PM,FVG Long,Stop loss,($3130.52),$84352.92,$5.52,$3125.00,$225.00,$3355.52,14,
630,FDAX DEC25,Backtest,FairValueGapStrategyFiltered,Long,1,15407,15657,11/4/2022 10:45:00 AM,11/4/2022 3:45:00 PM,FVG Long,Profit target,$6244.48,$90597.40,$5.52,$650.00,$6250.00,$5.52,21,
631,FDAX DEC25,Backtest,FairValueGapStrategyFiltered,Long,1,15703,15650,11/7/2022 12:00:00 PM,11/7/2022 6:30:00 PM,FVG Long,Exit on session close,($1330.52),$89266.88,$5.52,$1950.00,$1025.00,$2355.52,27,
632,FDAX DEC25,Backtest,FairValueGapStrategyFiltered,Short,1,15719,15789,11/9/2022 10:30:00 AM,11/9/2022 6:30:00 PM,FVG Short,Exit on session close,($1755.52),$87511.36,$5.52,$2625.00,$800.00,$2555.52,33,
633,FDAX DEC25,Backtest,FairValueGapStrategyFiltered,Short,1,16387,16512,11/14/2022 10:45:00 AM,11/14/2022 4:15:00 PM,FVG Short,Stop loss,($3130.52),$84380.84,$5.52,$3125.00,$325.00,$3455.52,23,
634,FDAX DEC25,Backtest,FairValueGapStrategyFiltered,Short,1,16408,16533,11/15/2022 10:45:00 AM,11/15/2022 2:45:00 PM,FVG Short,Stop loss,($3130.52),$81250.32,$5.52,$3125.00,$400.00,$3530.52,17,
635,FDAX DEC25,Backtest,FairValueGapStrategyFiltered,Short,1,16410,16360,11/16/2022 11:00:00 AM,11/16/2022 6:30:00 PM,FVG Short,Exit on session close,$1244.48,$82494.80,$5.52,$1050.00,$2175.00,$930.52,31,
636,FDAX DEC25,Backtest,FairValueGapStrategyFiltered,Short,1,16412,16436,11/17/2022 10:45:00 AM,11/17/2022 6:30:00 PM,FVG Short,Exit on session close,($605.52),$81889.28,$5.52,$1125.00,$3425.00,$4030.52,32,
637,FDAX DEC25,Backtest,FairValueGapStrategyFiltered,Long,1,16522,16525,11/18/2022 10:30:00 AM,11/18/2022 6:30:00 PM,FVG Long,Exit on session close,$69.48,$81958.76,$5.52,$875.00,$1600.00,$1530.52,33,
638,FDAX DEC25,Backtest,FairValueGapStrategyFiltered,Short,1,16485,16513,11/21/2022 10:30:00 AM,11/21/2022 6:30:00 PM,FVG Short,Exit on session close,($705.52),$81253.24,$5.52,$1725.00,$950.00,$1655.52,33,
639,FDAX DEC25,Backtest,FairValueGapStrategyFiltered,Long,1,16548,16552,11/22/2022 10:30:00 AM,11/22/2022 6:30:00 PM,FVG Long,Exit on session close,$94.48,$81347.72,$5.52,$1450.00,$1825.00,$1730.52,33,
640,FDAX DEC25,Backtest,FairValueGapStrategyFiltered,Long,1,16560,16535,11/23/2022 11:15:00 AM,11/23/2022 6:30:00 PM,FVG Long,Exit on session close,($630.52),$80717.20,$5.52,$1850.00,$350.00,$980.52,30,
641,FDAX DEC25,Backtest,FairValueGapStrategyFiltered,Short,1,16660,16672,11/24/2022 11:15:00 AM,11/24/2022 6:30:00 PM,FVG Short,Exit on session close,($305.52),$80411.68,$5.52,$1025.00,$1125.00,$1430.52,30,
642,FDAX DEC25,Backtest,FairValueGapStrategyFiltered,Long,1,16675,16673,11/25/2022 12:00:00 PM,11/25/2022 6:30:00 PM,FVG Long,Exit on session close,($55.52),$80356.16,$5.52,$1000.00,$450.00,$505.52,27,
643,FDAX DEC25,Backtest,FairValueGapStrategyFiltered,Short,1,16546,16526,11/28/2022 10:30:00 AM,11/28/2022 6:30:00 PM,FVG Short,Exit on session close,$494.48,$80850.64,$5.52,$700.00,$1225.00,$730.52,33,
644,FDAX DEC25,Backtest,FairValueGapStrategyFiltered,Short,1,16487,16509,11/29/2022 10:30:00 AM,11/29/2022 6:30:00 PM,FVG Short,Exit on session close,($555.52),$80295.12,$5.52,$1575.00,$950.00,$1505.52,33,
645,FDAX DEC25,Backtest,FairValueGapStrategyFiltered,Long,1,16599,16490,11/30/2022 10:45:00 AM,11/30/2022 6:30:00 PM,FVG Long,Exit on session close,($2730.52),$77564.60,$5.52,$3050.00,$50.00,$2780.52,32,
646,FDAX DEC25,Backtest,FairValueGapStrategyFiltered,Short,1,16570,16612,12/1/2022 10:45:00 AM,12/1/2022 6:30:00 PM,FVG Short,Exit on session close,($1055.52),$76509.08,$5.52,$2450.00,$800.00,$1855.52,32,
647,FDAX DEC25,Backtest,FairValueGapStrategyFiltered,Short,1,16630,16655,12/2/2022 12:00:00 PM,12/2/2022 6:30:00 PM,FVG Short,Exit on session close,($630.52),$75878.56,$5.52,$1900.00,$3650.00,$4280.52,27,
648,FDAX DEC25,Backtest,FairValueGapStrategyFiltered,Short,1,16507,16438,12/6/2022 12:00:00 PM,12/6/2022 6:30:00 PM,FVG Short,Exit on session close,$1719.48,$77598.04,$5.52,$1350.00,$2125.00,$405.52,27,
649,FDAX DEC25,Backtest,FairValueGapStrategyFiltered,Long,1,16484,16359,12/7/2022 10:30:00 AM,12/7/2022 1:30:00 PM,FVG Long,Stop loss,($3130.52),$74467.52,$5.52,$3125.00,$125.00,$3255.52,13,
650,FDAX DEC25,Backtest,FairValueGapStrategyFiltered,Short,1,16332,16382,12/8/2022 12:15:00 PM,12/8/2022 6:30:00 PM,FVG Short,Exit on session close,($1255.52),$73212.00,$5.52,$2175.00,$575.00,$1830.52,26,
651,FDAX DEC25,Backtest,FairValueGapStrategyFiltered,Long,1,16469,16344,12/9/2022 12:30:00 PM,12/9/2022 2:45:00 PM,FVG Long,Stop loss,($3130.52),$70081.48,$5.52,$3125.00,$900.00,$4030.52,10,
652,FDAX DEC25,Backtest,FairValueGapStrategyFiltered,Long,1,16450,16700,12/13/2022 11:00:00 AM,12/13/2022 2:45:00 PM,FVG Long,Profit target,$6244.48,$76325.96,$5.52,$75.00,$6250.00,$5.52,16,
653,FDAX DEC25,Backtest,FairValueGapStrategyFiltered,Short,1,16529,16568,12/14/2022 10:45:00 AM,12/14/2022 6:30:00 PM,FVG Short,Exit on session close,($980.52),$75345.44,$5.52,$1550.00,$1075.00,$2055.52,32,
654,FDAX DEC25,Backtest,FairValueGapStrategyFiltered,Short,1,15986,15971,12/16/2022 10:30:00 AM,12/16/2022 6:30:00 PM,FVG Short,Exit on session close,$369.48,$75714.92,$5.52,$1975.00,$1650.00,$1280.52,33,
655,FDAX DEC25,Backtest,FairValueGapStrategyFiltered,Short,1,16074,16040,12/19/2022 12:30:00 PM,12/19/2022 6:30:00 PM,FVG Short,Exit on session close,$844.48,$76559.40,$5.52,$250.00,$1225.00,$380.52,25,
656,FDAX DEC25,Backtest,FairValueGapStrategyFiltered,Long,1,15994,16006,12/20/2022 10:30:00 AM,12/20/2022 6:30:00 PM,FVG Long,Exit on session close,$294.48,$76853.88,$5.52,$1275.00,$1025.00,$730.52,33,
657,FDAX DEC25,Backtest,FairValueGapStrategyFiltered,Short,1,16215,15965,12/22/2022 11:00:00 AM,12/22/2022 6:30:00 PM,FVG Short,Profit target,$6244.48,$83098.36,$5.52,$0.00,$6250.00,$5.52,31,
658,FDAX DEC25,Backtest,FairValueGapStrategyFiltered,Short,1,16091,16097,12/27/2022 10:30:00 AM,12/27/2022 6:30:00 PM,FVG Short,Exit on session close,($155.52),$82942.84,$5.52,$1650.00,$825.00,$980.52,33,
659,FDAX DEC25,Backtest,FairValueGapStrategyFiltered,Long,1,16028,16155,12/29/2022 10:30:00 AM,12/29/2022 6:30:00 PM,FVG Long,Exit on session close,$3169.48,$86112.32,$5.52,$0.00,$3725.00,$555.52,33,
660,FDAX DEC25,Backtest,FairValueGapStrategyFiltered,Short,1,16054,15947,12/30/2022 10:30:00 AM,12/30/2022 6:30:00 PM,FVG Short,Exit on session close,$2669.48,$88781.80,$5.52,$900.00,$3375.00,$705.52,33,
661,FDAX DEC25,Backtest,FairValueGapStrategyFiltered,Short,1,16102,16152,1/2/2023 11:15:00 AM,1/2/2023 6:30:00 PM,FVG Short,Exit on session close,($1255.52),$87526.28,$5.52,$2200.00,$300.00,$1555.52,30,
662,FDAX DEC25,Backtest,FairValueGapStrategyFiltered,Long,1,16347,16259,1/3/2023 10:30:00 AM,1/3/2023 6:30:00 PM,FVG Long,Exit on session close,($2205.52),$85320.76,$5.52,$2875.00,$1050.00,$3255.52,33,
663,FDAX DEC25,Backtest,FairValueGapStrategyFiltered,Short,1,16445,16570,1/4/2023 11:00:00 AM,1/4/2023 3:45:00 PM,FVG Short,Stop loss,($3130.52),$82190.24,$5.52,$3125.00,$275.00,$3405.52,20,
664,FDAX DEC25,Backtest,FairValueGapStrategyFiltered,Short,1,16798,16888,1/10/2023 10:30:00 AM,1/10/2023 6:30:00 PM,FVG Short,Exit on session close,($2255.52),$79934.72,$5.52,$2475.00,$300.00,$2555.52,33,
665,FDAX DEC25,Backtest,FairValueGapStrategyFiltered,Long,1,16956,17054,1/11/2023 10:30:00 AM,1/11/2023 6:30:00 PM,FVG Long,Exit on session close,$2444.48,$82379.20,$5.52,$100.00,$2575.00,$130.52,33,
666,FDAX DEC25,Backtest,FairValueGapStrategyFiltered,Long,1,17101,17205,1/12/2023 10:30:00 AM,1/12/2023 6:30:00 PM,FVG Long,Exit on session close,$2594.48,$84973.68,$5.52,$1625.00,$2725.00,$130.52,33,
667,FDAX DEC25,Backtest,FairValueGapStrategyFiltered,Short,1,17155,17031,1/19/2023 10:30:00 AM,1/19/2023 6:30:00 PM,FVG Short,Exit on session close,$3094.48,$88068.16,$5.52,$175.00,$4075.00,$980.52,33,
668,FDAX DEC25,Backtest,FairValueGapStrategyFiltered,Short,1,17119,17191,1/23/2023 11:45:00 AM,1/23/2023 6:30:00 PM,FVG Short,Exit on session close,($1805.52),$86262.64,$5.52,$2250.00,$325.00,$2130.52,28,
669,FDAX DEC25,Backtest,FairValueGapStrategyFiltered,Short,1,17125,17192,1/24/2023 12:00:00 PM,1/24/2023 6:30:00 PM,FVG Short,Exit on session close,($1680.52),$84582.12,$5.52,$1825.00,$525.00,$2205.52,27,
670,FDAX DEC25,Backtest,FairValueGapStrategyFiltered,Short,1,17145,17173,1/25/2023 10:45:00 AM,1/25/2023 6:30:00 PM,FVG Short,Exit on session close,($705.52),$83876.60,$5.52,$1225.00,$2400.00,$3105.52,32,
671,FDAX DEC25,Backtest,FairValueGapStrategyFiltered,Short,1,17118,17243,1/30/2023 11:00:00 AM,1/30/2023 4:15:00 PM,FVG Short,Stop loss,($3130.52),$80746.08,$5.52,$3125.00,$1350.00,$4480.52,22,
672,FDAX DEC25,Backtest,FairValueGapStrategyFiltered,Short,1,17199,17234,2/1/2023 10:30:00 AM,2/1/2023 6:30:00 PM,FVG Short,Exit on session close,($880.52),$79865.56,$5.52,$2725.00,$275.00,$1155.52,33,
673,FDAX DEC25,Backtest,FairValueGapStrategyFiltered,Short,1,17471,17596,2/2/2023 11:00:00 AM,2/2/2023 5:30:00 PM,FVG Short,Stop loss,($3130.52),$76735.04,$5.52,$3125.00,$1200.00,$4330.52,27,
674,FDAX DEC25,Backtest,FairValueGapStrategyFiltered,Short,1,17419,17414,2/6/2023 10:45:00 AM,2/6/2023 6:30:00 PM,FVG Short,Exit on session close,$119.48,$76854.52,$5.52,$725.00,$1700.00,$1580.52,32,
675,FDAX DEC25,Backtest,FairValueGapStrategyFiltered,Long,1,17532,17501,2/8/2023 10:45:00 AM,2/8/2023 6:30:00 PM,FVG Long,Exit on session close,($780.52),$76074.00,$5.52,$1725.00,$900.00,$1680.52,32,
676,FDAX DEC25,Backtest,FairValueGapStrategyFiltered,Short,1,17419,17354,2/10/2023 11:30:00 AM,2/10/2023 6:30:00 PM,FVG Short,Exit on session close,$1619.48,$77693.48,$5.52,$175.00,$2900.00,$1280.52,29,
677,FDAX DEC25,Backtest,FairValueGapStrategyFiltered,Short,1,17410,17479,2/13/2023 11:15:00 AM,2/13/2023 6:30:00 PM,FVG Short,Exit on session close,($1730.52),$75962.96,$5.52,$1950.00,$425.00,$2155.52,30,
678,FDAX DEC25,Backtest,FairValueGapStrategyFiltered,Short,1,17494,17569,2/15/2023 11:30:00 AM,2/15/2023 6:30:00 PM,FVG Short,Exit on session close,($1880.52),$74082.44,$5.52,$2825.00,$500.00,$2380.52,29,
679,FDAX DEC25,Backtest,FairValueGapStrategyFiltered,Short,1,17627,17608,2/16/2023 12:30:00 PM,2/16/2023 6:30:00 PM,FVG Short,Exit on session close,$469.48,$74551.92,$5.52,$775.00,$3875.00,$3405.52,25,
680,FDAX DEC25,Backtest,FairValueGapStrategyFiltered,Long,1,17475,17553,2/17/2023 11:00:00 AM,2/17/2023 6:30:00 PM,FVG Long,Exit on session close,$1944.48,$76496.40,$5.52,$1900.00,$2700.00,$755.52,31,
681,FDAX DEC25,Backtest,FairValueGapStrategyFiltered,Short,1,17498,17524,2/20/2023 11:00:00 AM,2/20/2023 6:30:00 PM,FVG Short,Exit on session close,($655.52),$75840.88,$5.52,$1525.00,$125.00,$780.52,31,
682,FDAX DEC25,Backtest,FairValueGapStrategyFiltered,Short,1,17382,17507,2/21/2023 10:30:00 AM,2/21/2023 3:45:00 PM,FVG Short,Stop loss,($3130.52),$72710.36,$5.52,$3125.00,$200.00,$3330.52,22,
683,FDAX DEC25,Backtest,FairValueGapStrategyFiltered,Short,1,17521,17271,2/24/2023 11:15:00 AM,2/24/2023 4:45:00 PM,FVG Short,Profit target,$6244.48,$78954.84,$5.52,$475.00,$6250.00,$5.52,23,
684,FDAX DEC25,Backtest,FairValueGapStrategyFiltered,Long,1,17290,17365,3/2/2023 10:30:00 AM,3/2/2023 6:30:00 PM,FVG Long,Exit on session close,$1869.48,$80824.32,$5.52,$1975.00,$2225.00,$355.52,33,
685,FDAX DEC25,Backtest,FairValueGapStrategyFiltered,Long,1,17739,17614,3/7/2023 10:45:00 AM,3/7/2023 4:15:00 PM,FVG Long,Stop loss,($3130.52),$77693.80,$5.52,$3125.00,$275.00,$3405.52,23,
686,FDAX DEC25,Backtest,FairValueGapStrategyFiltered,Short,1,17605,17666,3/9/2023 11:00:00 AM,3/9/2023 6:30:00 PM,FVG Short,Exit on session close,($1530.52),$76163.28,$5.52,$2550.00,$850.00,$2380.52,31,
687,FDAX DEC25,Backtest,FairValueGapStrategyFiltered,Long,1,17428,17393,3/10/2023 11:00:00 AM,3/10/2023 6:30:00 PM,FVG Long,Exit on session close,($880.52),$75282.76,$5.52,$1750.00,$2725.00,$3605.52,31,
688,FDAX DEC25,Backtest,FairValueGapStrategyFiltered,Short,1,17133,17015,3/13/2023 10:30:00 AM,3/13/2023 6:30:00 PM,FVG Short,Exit on session close,$2944.48,$78227.24,$5.52,$900.00,$5300.00,$2355.52,33,
689,FDAX DEC25,Backtest,FairValueGapStrategyFiltered,Short,1,17049,17174,3/14/2023 10:45:00 AM,3/14/2023 1:45:00 PM,FVG Short,Stop loss,($3130.52),$75096.72,$5.52,$3125.00,$475.00,$3605.52,13,
690,FDAX DEC25,Backtest,FairValueGapStrategyFiltered,Short,1,17147,16897,3/15/2023 10:30:00 AM,3/15/2023 11:30:00 AM,FVG Short,Profit target,$6244.48,$81341.20,$5.52,$275.00,$6250.00,$5.52,5,
691,FDAX DEC25,Backtest,FairValueGapStrategyFiltered,Short,1,16857,16791,3/15/2023 11:45:00 AM,3/15/2023 6:30:00 PM,FVG Short,Exit on session close,$1644.48,$82985.68,$5.52,$1900.00,$3650.00,$2005.52,28,
692,FDAX DEC25,Backtest,FairValueGapStrategyFiltered,Short,1,16828,16953,3/16/2023 10:30:00 AM,3/16/2023 4:00:00 PM,FVG Short,Stop loss,($3130.52),$79855.16,$5.52,$3125.00,$3950.00,$7080.52,23,
693,FDAX DEC25,Backtest,FairValueGapStrategyFiltered,Short,1,17047,16797,3/17/2023 11:45:00 AM,3/17/2023 2:00:00 PM,FVG Short,Profit target,$6244.48,$86099.64,$5.52,$325.00,$6250.00,$5.52,10,
694,FDAX DEC25,Backtest,FairValueGapStrategyFiltered,Long,1,16730,16980,3/20/2023 10:30:00 AM,3/20/2023 4:15:00 PM,FVG Long,Profit target,$6244.48,$92344.12,$5.52,$1300.00,$6250.00,$5.52,24,
695,FDAX DEC25,Backtest,FairValueGapStrategyFiltered,Long,1,17281,17238,3/22/2023 11:00:00 AM,3/22/2023 6:30:00 PM,FVG Long,Exit on session close,($1080.52),$91263.60,$5.52,$1725.00,$975.00,$2055.52,31,
696,FDAX DEC25,Backtest,FairValueGapStrategyFiltered,Short,1,17153,17150,3/23/2023 10:45:00 AM,3/23/2023 6:30:00 PM,FVG Short,Exit on session close,$69.48,$91333.08,$5.52,$2700.00,$1575.00,$1505.52,32,
697,FDAX DEC25,Backtest,FairValueGapStrategyFiltered,Short,1,16952,17007,3/24/2023 11:00:00 AM,3/24/2023 6:30:00 PM,FVG Short,Exit on session close,($1380.52),$89952.56,$5.52,$1600.00,$3425.00,$4805.52,31,
698,FDAX DEC25,Backtest,FairValueGapStrategyFiltered,Short,1,17177,17130,3/28/2023 11:15:00 AM,3/28/2023 6:30:00 PM,FVG Short,Exit on session close,$1169.48,$91122.04,$5.52,$550.00,$1575.00,$405.52,30,
699,FDAX DEC25,Backtest,FairValueGapStrategyFiltered,Long,1,17237,17354,3/29/2023 11:00:00 AM,3/29/2023 6:30:00 PM,FVG Long,Exit on session close,$2919.48,$94041.52,$5.52,$175.00,$3175.00,$255.52,31,
700,FDAX DEC25,Backtest,FairValueGapStrategyFiltered,Long,1,17563,17663,3/31/2023 11:00:00 AM,3/31/2023 6:30:00 PM,FVG Long,Exit on session close,$2494.48,$96536.00,$5.52,$350.00,$2800.00,$305.52,31,
701,FDAX DEC25,Backtest,FairValueGapStrategyFiltered,Short,1,17630,17607,4/3/2023 12:00:00 PM,4/3/2023 6:30:00 PM,FVG Short,Exit on session close,$569.48,$97105.48,$5.52,$750.00,$1650.00,$1080.52,27,
702,FDAX DEC25,Backtest,FairValueGapStrategyFiltered,Long,1,17678,17616,4/4/2023 10:45:00 AM,4/4/2023 6:30:00 PM,FVG Long,Exit on session close,($1555.52),$95549.96,$5.52,$2075.00,$1775.00,$3330.52,32,
703,FDAX DEC25,Backtest,FairValueGapStrategyFiltered,Short,1,17848,17791,4/17/2023 10:30:00 AM,4/17/2023 6:30:00 PM,FVG Short,Exit on session close,$1419.48,$96969.44,$5.52,$75.00,$2200.00,$780.52,33,
704,FDAX DEC25,Backtest,FairValueGapStrategyFiltered,Long,1,17826,17882,4/18/2023 11:15:00 AM,4/18/2023 6:30:00 PM,FVG Long,Exit on session close,$1394.48,$98363.92,$5.52,$175.00,$2225.00,$830.52,30,
705,FDAX DEC25,Backtest,FairValueGapStrategyFiltered,Short,1,17837,17911,4/19/2023 12:15:00 PM,4/19/2023 6:30:00 PM,FVG Short,Exit on session close,($1855.52),$96508.40,$5.52,$1925.00,$125.00,$1980.52,26,
706,FDAX DEC25,Backtest,FairValueGapStrategyFiltered,Long,1,17764,17880,4/21/2023 10:30:00 AM,4/21/2023 6:30:00 PM,FVG Long,Exit on session close,$2894.48,$99402.88,$5.52,$1250.00,$3275.00,$380.52,33,
707,FDAX DEC25,Backtest,FairValueGapStrategyFiltered,Long,1,17828,17840,4/25/2023 11:15:00 AM,4/25/2023 6:30:00 PM,FVG Long,Exit on session close,$294.48,$99697.36,$5.52,$375.00,$1325.00,$1030.52,30,
708,FDAX DEC25,Backtest,FairValueGapStrategyFiltered,Long,1,17766,17779,4/26/2023 11:00:00 AM,4/26/2023 6:30:00 PM,FVG Long,Exit on session close,$319.48,$100016.84,$5.52,$1325.00,$725.00,$405.52,31,
709,FDAX DEC25,Backtest,FairValueGapStrategyFiltered,Short,1,17721,17846,4/28/2023 10:45:00 AM,4/28/2023 4:15:00 PM,FVG Short,Stop loss,($3130.52),$96886.32,$5.52,$3125.00,$1575.00,$4705.52,23,
710,FDAX DEC25,Backtest,FairValueGapStrategyFiltered,Short,1,17823,17716,5/2/2023 10:30:00 AM,5/2/2023 6:30:00 PM,FVG Short,Exit on session close,$2669.48,$99555.80,$5.52,$1125.00,$3850.00,$1180.52,33,
711,FDAX DEC25,Backtest,FairValueGapStrategyFiltered,Long,1,17775,17895,5/5/2023 11:30:00 AM,5/5/2023 6:30:00 PM,FVG Long,Exit on session close,$2994.48,$102550.28,$5.52,$300.00,$3250.00,$255.52,29,
712,FDAX DEC25,Backtest,FairValueGapStrategyFiltered,Short,1,17845,17876,5/9/2023 11:00:00 AM,5/9/2023 6:30:00 PM,FVG Short,Exit on session close,($780.52),$101769.76,$5.52,$1100.00,$875.00,$1655.52,31,
713,FDAX DEC25,Backtest,FairValueGapStrategyFiltered,Short,1,17826,17814,5/10/2023 10:30:00 AM,5/10/2023 6:30:00 PM,FVG Short,Exit on session close,$294.48,$102064.24,$5.52,$2350.00,$1250.00,$955.52,33,
714,FDAX DEC25,Backtest,FairValueGapStrategyFiltered,Short,1,17829,17763,5/11/2023 11:00:00 AM,5/11/2023 6:30:00 PM,FVG Short,Exit on session close,$1644.48,$103708.72,$5.52,$875.00,$3775.00,$2130.52,31,
715,FDAX DEC25,Backtest,FairValueGapStrategyFiltered,Long,1,17828,17799,5/12/2023 10:45:00 AM,5/12/2023 6:30:00 PM,FVG Long,Exit on session close,($730.52),$102978.20,$5.52,$775.00,$575.00,$1305.52,32,
716,FDAX DEC25,Backtest,FairValueGapStrategyFiltered,Short,1,17842,17826,5/15/2023 11:15:00 AM,5/15/2023 6:30:00 PM,FVG Short,Exit on session close,$394.48,$103372.68,$5.52,$700.00,$1475.00,$1080.52,30,
717,FDAX DEC25,Backtest,FairValueGapStrategyFiltered,Long,1,17846,17878,5/17/2023 10:30:00 AM,5/17/2023 6:30:00 PM,FVG Long,Exit on session close,$794.48,$104167.16,$5.52,$425.00,$1300.00,$505.52,33,
718,FDAX DEC25,Backtest,FairValueGapStrategyFiltered,Long,1,18112,18039,5/18/2023 10:30:00 AM,5/18/2023 6:30:00 PM,FVG Long,Exit on session close,($1830.52),$102336.64,$5.52,$3000.00,$475.00,$2305.52,33,
719,FDAX DEC25,Backtest,FairValueGapStrategyFiltered,Long,1,18172,18171,5/19/2023 11:15:00 AM,5/19/2023 6:30:00 PM,FVG Long,Exit on session close,($30.52),$102306.12,$5.52,$725.00,$1525.00,$1555.52,30,
720,FDAX DEC25,Backtest,FairValueGapStrategyFiltered,Short,1,17815,17729,5/24/2023 11:45:00 AM,5/24/2023 6:30:00 PM,FVG Short,Exit on session close,$2144.48,$104450.60,$5.52,$100.00,$3025.00,$880.52,28,
721,FDAX DEC25,Backtest,FairValueGapStrategyFiltered,Long,1,17665,17714,5/25/2023 10:45:00 AM,5/25/2023 6:30:00 PM,FVG Long,Exit on session close,$1219.48,$105670.08,$5.52,$625.00,$2150.00,$930.52,32,
722,FDAX DEC25,Backtest,FairValueGapStrategyFiltered,Short,1,17632,17757,5/26/2023 11:45:00 AM,5/26/2023 3:15:00 PM,FVG Short,Stop loss,($3130.52),$102539.56,$5.52,$3125.00,$525.00,$3655.52,15,
723,FDAX DEC25,Backtest,FairValueGapStrategyFiltered,Short,1,17877,17836,5/29/2023 12:00:00 PM,5/29/2023 6:30:00 PM,FVG Short,Exit on session close,$1019.48,$103559.04,$5.52,$150.00,$1725.00,$705.52,27,
724,FDAX DEC25,Backtest,FairValueGapStrategyFiltered,Long,1,17912,17787,5/30/2023 11:45:00 AM,5/30/2023 5:30:00 PM,FVG Long,Stop loss,($3130.52),$100428.52,$5.52,$3125.00,$875.00,$4005.52,24,
725,FDAX DEC25,Backtest,FairValueGapStrategyFiltered,Long,1,17903,17919,6/2/2023 11:45:00 AM,6/2/2023 6:30:00 PM,FVG Long,Exit on session close,$394.48,$100823.00,$5.52,$1550.00,$1225.00,$830.52,28,
726,FDAX DEC25,Backtest,FairValueGapStrategyFiltered,Short,1,17813,17876,6/6/2023 11:30:00 AM,6/6/2023 6:30:00 PM,FVG Short,Exit on session close,($1580.52),$99242.48,$5.52,$1975.00,$475.00,$2055.52,29,
727,FDAX DEC25,Backtest,FairValueGapStrategyFiltered,Long,1,17867,17880,6/8/2023 11:00:00 AM,6/8/2023 6:30:00 PM,FVG Long,Exit on session close,$319.48,$99561.96,$5.52,$1500.00,$550.00,$230.52,31,
728,FDAX DEC25,Backtest,FairValueGapStrategyFiltered,Long,1,17846,17812,6/9/2023 10:30:00 AM,6/9/2023 6:30:00 PM,FVG Long,Exit on session close,($855.52),$98706.44,$5.52,$1500.00,$450.00,$1305.52,33,
729,FDAX DEC25,Backtest,FairValueGapStrategyFiltered,Long,1,17971,17976,6/12/2023 10:30:00 AM,6/12/2023 6:30:00 PM,FVG Long,Exit on session close,$119.48,$98825.92,$5.52,$2000.00,$600.00,$480.52,33,
730,FDAX DEC25,Backtest,FairValueGapStrategyFiltered,Short,1,18016,18092,6/13/2023 10:30:00 AM,6/13/2023 6:30:00 PM,FVG Short,Exit on session close,($1905.52),$96920.40,$5.52,$2050.00,$1750.00,$3655.52,33,
731,FDAX DEC25,Backtest,FairValueGapStrategyFiltered,Short,1,18124,18154,6/15/2023 11:15:00 AM,6/15/2023 6:30:00 PM,FVG Short,Exit on session close,($755.52),$96164.88,$5.52,$950.00,$2475.00,$3230.52,30,
732,FDAX DEC25,Backtest,FairValueGapStrategyFiltered,Long,1,18216,18226,6/16/2023 11:15:00 AM,6/16/2023 6:30:00 PM,FVG Long,Exit on session close,$244.48,$96409.36,$5.52,$1250.00,$1925.00,$1680.52,30,
733,FDAX DEC25,Backtest,FairValueGapStrategyFiltered,Short,1,17967,18004,6/20/2023 10:45:00 AM,6/20/2023 6:30:00 PM,FVG Short,Exit on session close,($930.52),$95478.84,$5.52,$1950.00,$1025.00,$1955.52,32,
734,FDAX DEC25,Backtest,FairValueGapStrategyFiltered,Long,1,17765,17841,6/22/2023 10:45:00 AM,6/22/2023 6:30:00 PM,FVG Long,Exit on session close,$1894.48,$97373.32,$5.52,$925.00,$2125.00,$230.52,32,
735,FDAX DEC25,Backtest,FairValueGapStrategyFiltered,Long,1,17621,17671,6/26/2023 10:30:00 AM,6/26/2023 6:30:00 PM,FVG Long,Exit on session close,$1244.48,$98617.80,$5.52,$1675.00,$2200.00,$955.52,33,
736,FDAX DEC25,Backtest,FairValueGapStrategyFiltered,Short,1,17776,17796,6/29/2023 11:45:00 AM,6/29/2023 6:30:00 PM,FVG Short,Exit on session close,($505.52),$98112.28,$5.52,$1625.00,$425.00,$930.52,28,
737,FDAX DEC25,Backtest,FairValueGapStrategyFiltered,Long,1,17889,18013,6/30/2023 10:45:00 AM,6/30/2023 6:30:00 PM,FVG Long,Exit on session close,$3094.48,$101206.76,$5.52,$0.00,$3250.00,$155.52,32,
738,FDAX DEC25,Backtest,FairValueGapStrategyFiltered,Short,1,18021,17946,7/3/2023 11:45:00 AM,7/3/2023 6:30:00 PM,FVG Short,Exit on session close,$1869.48,$103076.24,$5.52,$0.00,$2775.00,$905.52,28,
739,FDAX DEC25,Backtest,FairValueGapStrategyFiltered,Short,1,17909,17875,7/4/2023 11:15:00 AM,7/4/2023 6:30:00 PM,FVG Short,Exit on session close,$844.48,$103920.72,$5.52,$125.00,$1250.00,$405.52,30,
740,FDAX DEC25,Backtest,FairValueGapStrategyFiltered,Short,1,17777,17756,7/5/2023 11:45:00 AM,7/5/2023 6:30:00 PM,FVG Short,Exit on session close,$519.48,$104440.20,$5.52,$750.00,$1025.00,$505.52,28,
741,FDAX DEC25,Backtest,FairValueGapStrategyFiltered,Short,1,17601,17351,7/6/2023 10:30:00 AM,7/6/2023 5:00:00 PM,FVG Short,Profit target,$6244.48,$110684.68,$5.52,$1050.00,$6250.00,$5.52,27,
742,FDAX DEC25,Backtest,FairValueGapStrategyFiltered,Long,1,17395,17450,7/7/2023 11:30:00 AM,7/7/2023 6:30:00 PM,FVG Long,Exit on session close,$1369.48,$112054.16,$5.52,$750.00,$2375.00,$1005.52,29,
743,FDAX DEC25,Backtest,FairValueGapStrategyFiltered,Long,1,17457,17480,7/10/2023 10:30:00 AM,7/10/2023 6:30:00 PM,FVG Long,Exit on session close,$569.48,$112623.64,$5.52,$175.00,$2325.00,$1755.52,33,
744,FDAX DEC25,Backtest,FairValueGapStrategyFiltered,Short,1,17504,17629,7/11/2023 10:30:00 AM,7/11/2023 2:45:00 PM,FVG Short,Stop loss,($3130.52),$109493.12,$5.52,$3125.00,$550.00,$3680.52,18,
745,FDAX DEC25,Backtest,FairValueGapStrategyFiltered,Long,1,17721,17815,7/12/2023 10:30:00 AM,7/12/2023 6:30:00 PM,FVG Long,Exit on session close,$2344.48,$111837.60,$5.52,$575.00,$3750.00,$1405.52,33,
746,FDAX DEC25,Backtest,FairValueGapStrategyFiltered,Short,1,17918,17968,7/13/2023 12:15:00 PM,7/13/2023 6:30:00 PM,FVG Short,Exit on session close,($1255.52),$110582.08,$5.52,$2375.00,$300.00,$1555.52,26,
747,FDAX DEC25,Backtest,FairValueGapStrategyFiltered,Short,1,17921,17898,7/14/2023 11:45:00 AM,7/14/2023 6:30:00 PM,FVG Short,Exit on session close,$569.48,$111151.56,$5.52,$1275.00,$750.00,$180.52,28,
748,FDAX DEC25,Backtest,FairValueGapStrategyFiltered,Short,1,17874,17909,7/17/2023 11:15:00 AM,7/17/2023 6:30:00 PM,FVG Short,Exit on session close,($880.52),$110271.04,$5.52,$975.00,$1525.00,$2405.52,30,
749,FDAX DEC25,Backtest,FairValueGapStrategyFiltered,Long,1,17906,17947,7/18/2023 10:30:00 AM,7/18/2023 6:30:00 PM,FVG Long,Exit on session close,$1019.48,$111290.52,$5.52,$1375.00,$1325.00,$305.52,33,
750,FDAX DEC25,Backtest,FairValueGapStrategyFiltered,Short,1,17954,17932,7/19/2023 12:30:00 PM,7/19/2023 6:30:00 PM,FVG Short,Exit on session close,$544.48,$111835.00,$5.52,$650.00,$1625.00,$1080.52,25,
751,FDAX DEC25,Backtest,FairValueGapStrategyFiltered,Long,1,17949,17992,7/20/2023 10:30:00 AM,7/20/2023 6:30:00 PM,FVG Long,Exit on session close,$1069.48,$112904.48,$5.52,$275.00,$2550.00,$1480.52,33,
752,FDAX DEC25,Backtest,FairValueGapStrategyFiltered,Long,1,18002,18019,7/25/2023 10:45:00 AM,7/25/2023 6:30:00 PM,FVG Long,Exit on session close,$419.48,$113323.96,$5.52,$1250.00,$925.00,$505.52,32,
753,FDAX DEC25,Backtest,FairValueGapStrategyFiltered,Long,1,18065,18248,7/27/2023 10:30:00 AM,7/27/2023 6:30:00 PM,FVG Long,Exit on session close,$4569.48,$117893.44,$5.52,$150.00,$4575.00,$5.52,33,
754,FDAX DEC25,Backtest,FairValueGapStrategyFiltered,Short,1,18158,18283,7/28/2023 10:30:00 AM,7/28/2023 5:15:00 PM,FVG Short,Stop loss,($3130.52),$114762.92,$5.52,$3125.00,$425.00,$3555.52,28,
755,FDAX DEC25,Backtest,FairValueGapStrategyFiltered,Long,1,18323,18256,7/31/2023 11:30:00 AM,7/31/2023 6:30:00 PM,FVG Long,Exit on session close,($1680.52),$113082.40,$5.52,$1925.00,$225.00,$1905.52,29,
756,FDAX DEC25,Backtest,FairValueGapStrategyFiltered,Short,1,18134,18037,8/1/2023 10:45:00 AM,8/1/2023 6:30:00 PM,FVG Short,Exit on session close,$2419.48,$115501.88,$5.52,$425.00,$2700.00,$280.52,32,
757,FDAX DEC25,Backtest,FairValueGapStrategyFiltered,Short,1,17806,17931,8/2/2023 10:30:00 AM,8/2/2023 1:15:00 PM,FVG Short,Stop loss,($3130.52),$112371.36,$5.52,$3125.00,$1400.00,$4530.52,12,
758,FDAX DEC25,Backtest,FairValueGapStrategyFiltered,Long,1,17676,17707,8/3/2023 11:45:00 AM,8/3/2023 6:30:00 PM,FVG Long,Exit on session close,$769.48,$113140.84,$5.52,$1225.00,$975.00,$205.52,28,
759,FDAX DEC25,Backtest,FairValueGapStrategyFiltered,Long,1,17762,17637,8/4/2023 10:30:00 AM,8/4/2023 1:00:00 PM,FVG Long,Stop loss,($3130.52),$110010.32,$5.52,$3125.00,$125.00,$3255.52,11,
760,FDAX DEC25,Backtest,FairValueGapStrategyFiltered,Short,1,17668,17749,8/7/2023 11:00:00 AM,8/7/2023 6:30:00 PM,FVG Short,Exit on session close,($2030.52),$107979.80,$5.52,$2300.00,$1475.00,$3505.52,31,
761,FDAX DEC25,Backtest,FairValueGapStrategyFiltered,Short,1,17648,17565,8/8/2023 10:45:00 AM,8/8/2023 6:30:00 PM,FVG Short,Exit on session close,$2069.48,$110049.28,$5.52,$1000.00,$3950.00,$1880.52,32,
762,FDAX DEC25,Backtest,FairValueGapStrategyFiltered,Short,1,17749,17636,8/9/2023 12:00:00 PM,8/9/2023 6:30:00 PM,FVG Short,Exit on session close,$2819.48,$112868.76,$5.52,$100.00,$3425.00,$605.52,27,
763,FDAX DEC25,Backtest,FairValueGapStrategyFiltered,Short,1,17718,17843,8/10/2023 10:30:00 AM,8/10/2023 4:15:00 PM,FVG Short,Stop loss,($3130.52),$109738.24,$5.52,$3125.00,$1600.00,$4730.52,24,
764,FDAX DEC25,Backtest,FairValueGapStrategyFiltered,Short,1,17662,17619,8/11/2023 10:30:00 AM,8/11/2023 6:30:00 PM,FVG Short,Exit on session close,$1069.48,$110807.72,$5.52,$1800.00,$2125.00,$1055.52,33,
765,FDAX DEC25,Backtest,FairValueGapStrategyFiltered,Long,1,17678,17668,8/14/2023 10:30:00 AM,8/14/2023 6:30:00 PM,FVG Long,Exit on session close,($255.52),$110552.20,$5.52,$2125.00,$975.00,$1230.52,33,
766,FDAX DEC25,Backtest,FairValueGapStrategyFiltered,Short,1,17576,17531,8/15/2023 10:30:00 AM,8/15/2023 6:30:00 PM,FVG Short,Exit on session close,$1119.48,$111671.68,$5.52,$475.00,$2550.00,$1430.52,33,
767,FDAX DEC25,Backtest,FairValueGapStrategyFiltered,Long,1,17521,17454,8/17/2023 10:45:00 AM,8/17/2023 6:30:00 PM,FVG Long,Exit on session close,($1680.52),$109991.16,$5.52,$2350.00,$1075.00,$2755.52,32,
768,FDAX DEC25,Backtest,FairValueGapStrategyFiltered,Long,1,17365,17240,8/18/2023 12:30:00 PM,8/18/2023 3:00:00 PM,FVG Long,Stop loss,($3130.52),$106860.64,$5.52,$3125.00,$25.00,$3155.52,11,
769,FDAX DEC25,Backtest,FairValueGapStrategyFiltered,Long,1,17553,17477,8/23/2023 10:45:00 AM,8/23/2023 6:30:00 PM,FVG Long,Exit on session close,($1905.52),$104955.12,$5.52,$3025.00,$175.00,$2080.52,32,
770,FDAX DEC25,Backtest,FairValueGapStrategyFiltered,Short,1,17555,17369,8/24/2023 11:30:00 AM,8/24/2023 6:30:00 PM,FVG Short,Exit on session close,$4644.48,$109599.60,$5.52,$0.00,$5350.00,$705.52,29,
771,FDAX DEC25,Backtest,FairValueGapStrategyFiltered,Short,1,17446,17548,8/28/2023 11:30:00 AM,8/28/2023 6:30:00 PM,FVG Short,Exit on session close,($2555.52),$107044.08,$5.52,$2900.00,$525.00,$3080.52,29,
772,FDAX DEC25,Backtest,FairValueGapStrategyFiltered,Short,1,17567,17692,8/29/2023 10:30:00 AM,8/29/2023 5:30:00 PM,FVG Short,Stop loss,($3130.52),$103913.56,$5.52,$3125.00,$225.00,$3355.52,29,
773,FDAX DEC25,Backtest,FairValueGapStrategyFiltered,Short,1,17640,17656,8/30/2023 11:00:00 AM,8/30/2023 6:30:00 PM,FVG Short,Exit on session close,($405.52),$103508.04,$5.52,$1225.00,$1700.00,$2105.52,31,
774,FDAX DEC25,Backtest,FairValueGapStrategyFiltered,Short,1,17686,17597,9/1/2023 12:30:00 PM,9/1/2023 6:30:00 PM,FVG Short,Exit on session close,$2219.48,$105727.52,$5.52,$650.00,$2950.00,$730.52,25,
775,FDAX DEC25,Backtest,FairValueGapStrategyFiltered,Short,1,17661,17566,9/4/2023 12:15:00 PM,9/4/2023 6:30:00 PM,FVG Short,Exit on session close,$2369.48,$108097.00,$5.52,$400.00,$3100.00,$730.52,26,
776,FDAX DEC25,Backtest,FairValueGapStrategyFiltered,Long,1,17501,17522,9/5/2023 11:15:00 AM,9/5/2023 6:30:00 PM,FVG Long,Exit on session close,$519.48,$108616.48,$5.52,$250.00,$2025.00,$1505.52,30,
777,FDAX DEC25,Backtest,FairValueGapStrategyFiltered,Long,1,17453,17458,9/7/2023 10:30:00 AM,9/7/2023 6:30:00 PM,FVG Long,Exit on session close,$119.48,$108735.96,$5.52,$1225.00,$1925.00,$1805.52,33,
778,FDAX DEC25,Backtest,FairValueGapStrategyFiltered,Short,1,17402,17475,9/8/2023 10:45:00 AM,9/8/2023 6:30:00 PM,FVG Short,Exit on session close,($1830.52),$106905.44,$5.52,$2125.00,$2400.00,$4230.52,32,
779,FDAX DEC25,Backtest,FairValueGapStrategyFiltered,Short,1,17539,17550,9/11/2023 10:45:00 AM,9/11/2023 6:30:00 PM,FVG Short,Exit on session close,($280.52),$106624.92,$5.52,$800.00,$950.00,$1230.52,32,
780,FDAX DEC25,Backtest,FairValueGapStrategyFiltered,Short,1,17457,17460,9/12/2023 11:15:00 AM,9/12/2023 6:30:00 PM,FVG Short,Exit on session close,($80.52),$106544.40,$5.52,$1125.00,$1075.00,$1155.52,30,
781,FDAX DEC25,Backtest,FairValueGapStrategyFiltered,Short,1,17535,17453,9/18/2023 10:45:00 AM,9/18/2023 6:30:00 PM,FVG Short,Exit on session close,$2044.48,$108588.88,$5.52,$700.00,$3075.00,$1030.52,32,
782,FDAX DEC25,Backtest,FairValueGapStrategyFiltered,Long,1,17481,17512,9/20/2023 11:00:00 AM,9/20/2023 6:30:00 PM,FVG Long,Exit on session close,$769.48,$109358.36,$5.52,$675.00,$1175.00,$405.52,31,
783,FDAX DEC25,Backtest,FairValueGapStrategyFiltered,Short,1,17333,17272,9/21/2023 12:30:00 PM,9/21/2023 6:30:00 PM,FVG Short,Exit on session close,$1519.48,$110877.84,$5.52,$175.00,$1925.00,$405.52,25,
784,FDAX DEC25,Backtest,FairValueGapStrategyFiltered,Short,1,17190,17128,9/25/2023 10:45:00 AM,9/25/2023 6:30:00 PM,FVG Short,Exit on session close,$1544.48,$112422.32,$5.52,$0.00,$3950.00,$2405.52,32,
785,FDAX DEC25,Backtest,FairValueGapStrategyFiltered,Short,1,16995,16962,9/26/2023 12:30:00 PM,9/26/2023 6:30:00 PM,FVG Short,Exit on session close,$819.48,$113241.80,$5.52,$875.00,$1675.00,$855.52,25,
786,FDAX DEC25,Backtest,FairValueGapStrategyFiltered,Short,1,16967,16863,9/27/2023 11:15:00 AM,9/27/2023 6:30:00 PM,FVG Short,Exit on session close,$2594.48,$115836.28,$5.52,$350.00,$2775.00,$180.52,30,
787,FDAX DEC25,Backtest,FairValueGapStrategyFiltered,Short,1,16894,17019,9/28/2023 10:30:00 AM,9/28/2023 5:45:00 PM,FVG Short,Stop loss,($3130.52),$112705.76,$5.52,$3125.00,$1625.00,$4755.52,30,
788,FDAX DEC25,Backtest,FairValueGapStrategyFiltered,Short,1,17069,16892,10/2/2023 11:30:00 AM,10/2/2023 6:30:00 PM,FVG Short,Exit on session close,$4419.48,$117125.24,$5.52,$425.00,$4875.00,$455.52,29,
789,FDAX DEC25,Backtest,FairValueGapStrategyFiltered,Long,1,16937,16812,10/3/2023 10:45:00 AM,10/3/2023 1:30:00 PM,FVG Long,Stop loss,($3130.52),$113994.72,$5.52,$3125.00,$275.00,$3405.52,12,
790,FDAX DEC25,Backtest,FairValueGapStrategyFiltered,Long,1,16821,16776,10/5/2023 10:30:00 AM,10/5/2023 6:30:00 PM,FVG Long,Exit on session close,($1130.52),$112864.20,$5.52,$2375.00,$500.00,$1630.52,33,
791,FDAX DEC25,Backtest,FairValueGapStrategyFiltered,Short,1,16830,16814,10/9/2023 12:15:00 PM,10/9/2023 6:30:00 PM,FVG Short,Exit on session close,$394.48,$113258.68,$5.52,$550.00,$1675.00,$1280.52,26,
792,FDAX DEC25,Backtest,FairValueGapStrategyFiltered,Long,1,17086,17106,10/11/2023 11:15:00 AM,10/11/2023 6:30:00 PM,FVG Long,Exit on session close,$494.48,$113753.16,$5.52,$175.00,$1950.00,$1455.52,30,
793,FDAX DEC25,Backtest,FairValueGapStrategyFiltered,Long,1,17212,17087,10/12/2023 10:45:00 AM,10/12/2023 4:15:00 PM,FVG Long,Stop loss,($3130.52),$110622.64,$5.52,$3125.00,$925.00,$4055.52,23,
794,FDAX DEC25,Backtest,FairValueGapStrategyFiltered,Short,1,16973,16857,10/13/2023 11:45:00 AM,10/13/2023 6:30:00 PM,FVG Short,Exit on session close,$2894.48,$113517.12,$5.52,$900.00,$3700.00,$805.52,28,
795,FDAX DEC25,Backtest,FairValueGapStrategyFiltered,Long,1,16825,16906,10/16/2023 11:00:00 AM,10/16/2023 6:30:00 PM,FVG Long,Exit on session close,$2019.48,$115536.60,$5.52,$475.00,$2875.00,$855.52,31,
796,FDAX DEC25,Backtest,FairValueGapStrategyFiltered,Short,1,16910,16962,10/17/2023 10:45:00 AM,10/17/2023 6:30:00 PM,FVG Short,Exit on session close,($1305.52),$114231.08,$5.52,$1300.00,$3225.00,$4530.52,32,
797,FDAX DEC25,Backtest,FairValueGapStrategyFiltered,Short,1,16872,16729,10/18/2023 12:00:00 PM,10/18/2023 6:30:00 PM,FVG Short,Exit on session close,$3569.48,$117800.56,$5.52,$300.00,$3650.00,$80.52,27,
798,FDAX DEC25,Backtest,FairValueGapStrategyFiltered,Short,1,16544,16469,10/20/2023 11:30:00 AM,10/20/2023 6:30:00 PM,FVG Short,Exit on session close,$1869.48,$119670.04,$5.52,$700.00,$2400.00,$530.52,29,
799,FDAX DEC25,Backtest,FairValueGapStrategyFiltered,Short,1,16304,16429,10/23/2023 12:00:00 PM,10/23/2023 5:00:00 PM,FVG Short,Stop loss,($3130.52),$116539.52,$5.52,$3125.00,$625.00,$3755.52,21,
800,FDAX DEC25,Backtest,FairValueGapStrategyFiltered,Long,1,16460,16500,10/24/2023 11:30:00 AM,10/24/2023 6:30:00 PM,FVG Long,Exit on session close,$994.48,$117534.00,$5.52,$150.00,$2675.00,$1680.52,29,
801,FDAX DEC25,Backtest,FairValueGapStrategyFiltered,Long,1,16513,16512,10/25/2023 11:00:00 AM,10/25/2023 6:30:00 PM,FVG Long,Exit on session close,($30.52),$117503.48,$5.52,$1950.00,$1800.00,$1830.52,31,
802,FDAX DEC25,Backtest,FairValueGapStrategyFiltered,Short,1,16348,16322,10/26/2023 12:30:00 PM,10/26/2023 6:30:00 PM,FVG Short,Exit on session close,$644.48,$118147.96,$5.52,$2325.00,$1250.00,$605.52,25,
803,FDAX DEC25,Backtest,FairValueGapStrategyFiltered,Long,1,16418,16380,10/30/2023 10:45:00 AM,10/30/2023 6:30:00 PM,FVG Long,Exit on session close,($955.52),$117192.44,$5.52,$2500.00,$600.00,$1555.52,32,
804,FDAX DEC25,Backtest,FairValueGapStrategyFiltered,Short,1,16392,16454,10/31/2023 10:45:00 AM,10/31/2023 6:30:00 PM,FVG Short,Exit on session close,($1555.52),$115636.92,$5.52,$2000.00,$200.00,$1755.52,32,
805,FDAX DEC25,Backtest,FairValueGapStrategyFiltered,Long,1,16780,16820,11/2/2023 11:00:00 AM,11/2/2023 6:30:00 PM,FVG Long,Exit on session close,$994.48,$116631.40,$5.52,$625.00,$1550.00,$555.52,31,
806,FDAX DEC25,Backtest,FairValueGapStrategyFiltered,Short,1,16806,16806,11/3/2023 10:45:00 AM,11/3/2023 6:30:00 PM,FVG Short,Exit on session close,($5.52),$116625.88,$5.52,$2425.00,$575.00,$580.52,32,
807,FDAX DEC25,Backtest,FairValueGapStrategyFiltered,Long,1,16745,16774,11/7/2023 12:00:00 PM,11/7/2023 6:30:00 PM,FVG Long,Exit on session close,$719.48,$117345.36,$5.52,$1175.00,$2050.00,$1330.52,27,
808,FDAX DEC25,Backtest,FairValueGapStrategyFiltered,Short,1,16721,16846,11/8/2023 10:45:00 AM,11/8/2023 3:15:00 PM,FVG Short,Stop loss,($3130.52),$114214.84,$5.52,$3125.00,$150.00,$3280.52,19,
809,FDAX DEC25,Backtest,FairValueGapStrategyFiltered,Long,1,16872,16972,11/9/2023 11:00:00 AM,11/9/2023 6:30:00 PM,FVG Long,Exit on session close,$2494.48,$116709.32,$5.52,$125.00,$2975.00,$480.52,31,
810,FDAX DEC25,Backtest,FairValueGapStrategyFiltered,Short,1,16874,16885,11/10/2023 10:45:00 AM,11/10/2023 6:30:00 PM,FVG Short,Exit on session close,($280.52),$116428.80,$5.52,$725.00,$2025.00,$2305.52,32,
811,FDAX DEC25,Backtest,FairValueGapStrategyFiltered,Long,1,16936,16968,11/13/2023 10:30:00 AM,11/13/2023 6:30:00 PM,FVG Long,Exit on session close,$794.48,$117223.28,$5.52,$1625.00,$1175.00,$380.52,33,
812,FDAX DEC25,Backtest,FairValueGapStrategyFiltered,Long,1,17039,17218,11/14/2023 10:30:00 AM,11/14/2023 6:30:00 PM,FVG Long,Exit on session close,$4469.48,$121692.76,$5.52,$1000.00,$5400.00,$930.52,33,
813,FDAX DEC25,Backtest,FairValueGapStrategyFiltered,Short,1,17285,17365,11/15/2023 11:15:00 AM,11/15/2023 6:30:00 PM,FVG Short,Exit on session close,($2005.52),$119687.24,$5.52,$2500.00,$125.00,$2130.52,30,
814,FDAX DEC25,Backtest,FairValueGapStrategyFiltered,Short,1,17424,17420,11/16/2023 11:15:00 AM,11/16/2023 6:30:00 PM,FVG Short,Exit on session close,$94.48,$119781.72,$5.52,$1675.00,$750.00,$655.52,30,
815,FDAX DEC25,Backtest,FairValueGapStrategyFiltered,Long,1,17519,17543,11/17/2023 11:15:00 AM,11/17/2023 6:30:00 PM,FVG Long,Exit on session close,$594.48,$120376.20,$5.52,$50.00,$1100.00,$505.52,30,
816,FDAX DEC25,Backtest,FairValueGapStrategyFiltered,Long,1,17539,17526,11/20/2023 11:30:00 AM,11/20/2023 6:30:00 PM,FVG Long,Exit on session close,($330.52),$120045.68,$5.52,$1775.00,$25.00,$355.52,29,
817,FDAX DEC25,Backtest,FairValueGapStrategyFiltered,Long,1,17586,17570,11/22/2023 10:30:00 AM,11/22/2023 6:30:00 PM,FVG Long,Exit on session close,($405.52),$119640.16,$5.52,$975.00,$575.00,$980.52,33,
818,FDAX DEC25,Backtest,FairValueGapStrategyFiltered,Long,1,17612,17640,11/24/2023 10:45:00 AM,11/24/2023 6:30:00 PM,FVG Long,Exit on session close,$694.48,$120334.64,$5.52,$500.00,$950.00,$255.52,32,
819,FDAX DEC25,Backtest,FairValueGapStrategyFiltered,Short,1,17608,17566,11/27/2023 10:30:00 AM,11/27/2023 6:30:00 PM,FVG Short,Exit on session close,$1044.48,$121379.12,$5.52,$325.00,$1225.00,$180.52,33,
820,FDAX DEC25,Backtest,FairValueGapStrategyFiltered,Long,1,17552,17594,11/28/2023 11:00:00 AM,11/28/2023 6:30:00 PM,FVG Long,Exit on session close,$1044.48,$122423.60,$5.52,$575.00,$1250.00,$205.52,31,
821,FDAX DEC25,Backtest,FairValueGapStrategyFiltered,Long,1,17766,17795,11/29/2023 10:45:00 AM,11/29/2023 6:30:00 PM,FVG Long,Exit on session close,$719.48,$123143.08,$5.52,$1125.00,$1100.00,$380.52,32,
822,FDAX DEC25,Backtest,FairValueGapStrategyFiltered,Long,1,17791,17803,11/30/2023 10:45:00 AM,11/30/2023 6:30:00 PM,FVG Long,Exit on session close,$294.48,$123437.56,$5.52,$300.00,$1725.00,$1430.52,32,
823,FDAX DEC25,Backtest,FairValueGapStrategyFiltered,Long,1,17932,18019,12/1/2023 10:30:00 AM,12/1/2023 6:30:00 PM,FVG Long,Exit on session close,$2169.48,$125607.04,$5.52,$1425.00,$2200.00,$30.52,33,
824,FDAX DEC25,Backtest,FairValueGapStrategyFiltered,Short,1,17990,18023,12/4/2023 10:45:00 AM,12/4/2023 6:30:00 PM,FVG Short,Exit on session close,($830.52),$124776.52,$5.52,$1050.00,$300.00,$1130.52,32,
825,FDAX DEC25,Backtest,FairValueGapStrategyFiltered,Long,1,18040,18131,12/5/2023 10:45:00 AM,12/5/2023 6:30:00 PM,FVG Long,Exit on session close,$2269.48,$127046.00,$5.52,$875.00,$2525.00,$255.52,32,
826,FDAX DEC25,Backtest,FairValueGapStrategyFiltered,Long,1,18262,18352,12/8/2023 10:45:00 AM,12/8/2023 6:30:00 PM,FVG Long,Exit on session close,$2244.48,$129290.48,$5.52,$1300.00,$2525.00,$280.52,32,
827,FDAX DEC25,Backtest,FairValueGapStrategyFiltered,Short,1,18376,18368,12/12/2023 11:45:00 AM,12/12/2023 6:30:00 PM,FVG Short,Exit on session close,$194.48,$129484.96,$5.52,$900.00,$1150.00,$955.52,28,
828,FDAX DEC25,Backtest,FairValueGapStrategyFiltered,Short,1,18383,18334,12/13/2023 12:00:00 PM,12/13/2023 6:30:00 PM,FVG Short,Exit on session close,$1219.48,$130704.44,$5.52,$475.00,$1350.00,$130.52,27,
829,FDAX DEC25,Backtest,FairValueGapStrategyFiltered,Short,1,18466,18354,12/14/2023 10:30:00 AM,12/14/2023 6:30:00 PM,FVG Short,Exit on session close,$2794.48,$133498.92,$5.52,$650.00,$5775.00,$2980.52,33,
830,FDAX DEC25,Backtest,FairValueGapStrategyFiltered,Short,1,18390,18322,12/15/2023 12:30:00 PM,12/15/2023 6:30:00 PM,FVG Short,Exit on session close,$1694.48,$135193.40,$5.52,$275.00,$2900.00,$1205.52,25,
831,FDAX DEC25,Backtest,FairValueGapStrategyFiltered,Short,1,18275,18226,12/18/2023 11:30:00 AM,12/18/2023 6:30:00 PM,FVG Short,Exit on session close,$1219.48,$136412.88,$5.52,$475.00,$2175.00,$955.52,29,
832,FDAX DEC25,Backtest,FairValueGapStrategyFiltered,Short,1,18259,18312,12/19/2023 10:30:00 AM,12/19/2023 6:30:00 PM,FVG Short,Exit on session close,($1330.52),$135082.36,$5.52,$1675.00,$500.00,$1830.52,33,
833,FDAX DEC25,Backtest,FairValueGapStrategyFiltered,Short,1,18259,18316,12/20/2023 10:30:00 AM,12/20/2023 6:30:00 PM,FVG Short,Exit on session close,($1430.52),$133651.84,$5.52,$2100.00,$0.00,$1430.52,33,
834,FDAX DEC25,Backtest,FairValueGapStrategyFiltered,Short,1,18269,18253,12/28/2023 10:30:00 AM,12/28/2023 6:30:00 PM,FVG Short,Exit on session close,$394.48,$134046.32,$5.52,$300.00,$1125.00,$730.52,33,
835,FDAX DEC25,Backtest,FairValueGapStrategyFiltered,Short,1,18398,18304,1/2/2024 11:00:00 AM,1/2/2024 6:30:00 PM,FVG Short,Exit on session close,$2344.48,$136390.80,$5.52,$375.00,$5600.00,$3255.52,31,
836,FDAX DEC25,Backtest,FairValueGapStrategyFiltered,Short,1,18248,18060,1/3/2024 10:45:00 AM,1/3/2024 6:30:00 PM,FVG Short,Exit on session close,$4694.48,$141085.28,$5.52,$150.00,$6250.00,$1555.52,32,
837,FDAX DEC25,Backtest,FairValueGapStrategyFiltered,Short,1,18103,18228,1/8/2024 10:30:00 AM,1/8/2024 4:45:00 PM,FVG Short,Stop loss,($3130.52),$137954.76,$5.52,$3125.00,$1850.00,$4980.52,26,
838,FDAX DEC25,Backtest,FairValueGapStrategyFiltered,Long,1,18207,18198,1/9/2024 11:15:00 AM,1/9/2024 6:30:00 PM,FVG Long,Exit on session close,($230.52),$137724.24,$5.52,$2175.00,$125.00,$355.52,30,
839,FDAX DEC25,Backtest,FairValueGapStrategyFiltered,Long,1,18258,18209,1/10/2024 10:45:00 AM,1/10/2024 6:30:00 PM,FVG Long,Exit on session close,($1230.52),$136493.72,$5.52,$2375.00,$225.00,$1455.52,32,
840,FDAX DEC25,Backtest,FairValueGapStrategyFiltered,Short,1,18273,18057,1/11/2024 10:45:00 AM,1/11/2024 6:30:00 PM,FVG Short,Exit on session close,$5394.48,$141888.20,$5.52,$0.00,$5850.00,$455.52,32,
841,FDAX DEC25,Backtest,FairValueGapStrategyFiltered,Short,1,18168,18122,1/15/2024 10:30:00 AM,1/15/2024 6:30:00 PM,FVG Short,Exit on session close,$1144.48,$143032.68,$5.52,$725.00,$1500.00,$355.52,33,
842,FDAX DEC25,Backtest,FairValueGapStrategyFiltered,Short,1,18100,18063,1/19/2024 11:15:00 AM,1/19/2024 6:30:00 PM,FVG Short,Exit on session close,$919.48,$143952.16,$5.52,$600.00,$2450.00,$1530.52,30,
843,FDAX DEC25,Backtest,FairValueGapStrategyFiltered,Short,1,18140,18120,1/23/2024 11:45:00 AM,1/23/2024 6:30:00 PM,FVG Short,Exit on session close,$494.48,$144446.64,$5.52,$1175.00,$775.00,$280.52,28,
844,FDAX DEC25,Backtest,FairValueGapStrategyFiltered,Short,1,18365,18410,1/29/2024 10:30:00 AM,1/29/2024 6:30:00 PM,FVG Short,Exit on session close,($1130.52),$143316.12,$5.52,$1525.00,$725.00,$1855.52,33,
845,FDAX DEC25,Backtest,FairValueGapStrategyFiltered,Short,1,18428,18396,1/31/2024 10:45:00 AM,1/31/2024 6:30:00 PM,FVG Short,Exit on session close,$794.48,$144110.60,$5.52,$675.00,$1750.00,$955.52,32,
846,FDAX DEC25,Backtest,FairValueGapStrategyFiltered,Short,1,18362,18379,2/5/2024 10:45:00 AM,2/5/2024 6:30:00 PM,FVG Short,Exit on session close,($430.52),$143680.08,$5.52,$1850.00,$1025.00,$1455.52,32,
847,FDAX DEC25,Backtest,FairValueGapStrategyFiltered,Short,1,18346,18471,2/6/2024 11:15:00 AM,2/6/2024 4:30:00 PM,FVG Short,Stop loss,($3130.52),$140549.56,$5.52,$3125.00,$350.00,$3480.52,22,
848,FDAX DEC25,Backtest,FairValueGapStrategyFiltered,Short,1,18442,18394,2/7/2024 12:00:00 PM,2/7/2024 6:30:00 PM,FVG Short,Exit on session close,$1194.48,$141744.04,$5.52,$975.00,$1775.00,$580.52,27,
849,FDAX DEC25,Backtest,FairValueGapStrategyFiltered,Long,1,18399,18432,2/8/2024 10:45:00 AM,2/8/2024 6:30:00 PM,FVG Long,Exit on session close,$819.48,$142563.52,$5.52,$700.00,$2125.00,$1305.52,32,
850,FDAX DEC25,Backtest,FairValueGapStrategyFiltered,Long,1,18432,18476,2/12/2024 10:45:00 AM,2/12/2024 6:30:00 PM,FVG Long,Exit on session close,$1094.48,$143658.00,$5.52,$750.00,$1300.00,$205.52,32,
851,FDAX DEC25,Backtest,FairValueGapStrategyFiltered,Long,1,18607,18554,2/16/2024 11:00:00 AM,2/16/2024 6:30:00 PM,FVG Long,Exit on session close,($1330.52),$142327.48,$5.52,$2925.00,$600.00,$1930.52,31,
852,FDAX DEC25,Backtest,FairValueGapStrategyFiltered,Short,1,18487,18520,2/19/2024 12:00:00 PM,2/19/2024 6:30:00 PM,FVG Short,Exit on session close,($830.52),$141496.96,$5.52,$1025.00,$250.00,$1080.52,27,
853,FDAX DEC25,Backtest,FairValueGapStrategyFiltered,Long,1,18520,18543,2/21/2024 10:45:00 AM,2/21/2024 6:30:00 PM,FVG Long,Exit on session close,$569.48,$142066.44,$5.52,$225.00,$1625.00,$1055.52,32,
854,FDAX DEC25,Backtest,FairValueGapStrategyFiltered,Short,1,18706,18831,2/22/2024 10:45:00 AM,2/22/2024 4:00:00 PM,FVG Short,Stop loss,($3130.52),$138935.92,$5.52,$3125.00,$100.00,$3230.52,22,
855,FDAX DEC25,Backtest,FairValueGapStrategyFiltered,Short,1,18832,18850,2/26/2024 11:45:00 AM,2/26/2024 6:30:00 PM,FVG Short,Exit on session close,($455.52),$138480.40,$5.52,$1150.00,$300.00,$755.52,28,
856,FDAX DEC25,Backtest,FairValueGapStrategyFiltered,Long,1,18910,18958,2/27/2024 10:45:00 AM,2/27/2024 6:30:00 PM,FVG Long,Exit on session close,$1194.48,$139674.88,$5.52,$325.00,$1775.00,$580.52,32,
857,FDAX DEC25,Backtest,FairValueGapStrategyFiltered,Short,1,19121,19145,3/1/2024 11:45:00 AM,3/1/2024 6:30:00 PM,FVG Short,Exit on session close,($605.52),$139069.36,$5.52,$1900.00,$675.00,$1280.52,28,
858,FDAX DEC25,Backtest,FairValueGapStrategyFiltered,Short,1,19120,19124,3/4/2024 12:30:00 PM,3/4/2024 6:30:00 PM,FVG Short,Exit on session close,($105.52),$138963.84,$5.52,$800.00,$825.00,$930.52,25,
859,FDAX DEC25,Backtest,FairValueGapStrategyFiltered,Short,1,19103,19130,3/6/2024 12:15:00 PM,3/6/2024 6:30:00 PM,FVG Short,Exit on session close,($680.52),$138283.32,$5.52,$750.00,$575.00,$1255.52,26,
860,FDAX DEC25,Backtest,FairValueGapStrategyFiltered,Long,1,19357,19293,3/18/2024 10:30:00 AM,3/18/2024 6:30:00 PM,FVG Long,Exit on session close,($1605.52),$136677.80,$5.52,$2350.00,$475.00,$2080.52,33,
861,FDAX DEC25,Backtest,FairValueGapStrategyFiltered,Short,1,19301,19345,3/19/2024 12:30:00 PM,3/19/2024 6:30:00 PM,FVG Short,Exit on session close,($1105.52),$135572.28,$5.52,$1700.00,$600.00,$1705.52,25,
862,FDAX DEC25,Backtest,FairValueGapStrategyFiltered,Long,1,19361,19379,3/20/2024 10:30:00 AM,3/20/2024 6:30:00 PM,FVG Long,Exit on session close,$444.48,$136016.76,$5.52,$450.00,$1100.00,$655.52,33,
863,FDAX DEC25,Backtest,FairValueGapStrategyFiltered,Short,1,19466,19530,3/21/2024 10:45:00 AM,3/21/2024 6:30:00 PM,FVG Short,Exit on session close,($1605.52),$134411.24,$5.52,$1875.00,$1425.00,$3030.52,32,
864,FDAX DEC25,Backtest,FairValueGapStrategyFiltered,Short,1,19532,19630,3/25/2024 11:30:00 AM,3/25/2024 6:30:00 PM,FVG Short,Exit on session close,($2455.52),$131955.72,$5.52,$2800.00,$0.00,$2455.52,29,
865,FDAX DEC25,Backtest,FairValueGapStrategyFiltered,Long,1,19664,19735,3/26/2024 11:00:00 AM,3/26/2024 6:30:00 PM,FVG Long,Exit on session close,$1769.48,$133725.20,$5.52,$0.00,$2625.00,$855.52,31,
866,FDAX DEC25,Backtest,FairValueGapStrategyFiltered,Long,1,19776,19839,3/27/2024 11:15:00 AM,3/27/2024 6:30:00 PM,FVG Long,Exit on session close,$1569.48,$135294.68,$5.52,$225.00,$2100.00,$530.52,30,
867,FDAX DEC25,Backtest,FairValueGapStrategyFiltered,Short,1,19829,19621,4/2/2024 11:15:00 AM,4/2/2024 6:30:00 PM,FVG Short,Exit on session close,$5194.48,$140489.16,$5.52,$700.00,$5775.00,$580.52,30,
868,FDAX DEC25,Backtest,FairValueGapStrategyFiltered,Long,1,19733,19741,4/4/2024 10:30:00 AM,4/4/2024 6:30:00 PM,FVG Long,Exit on session close,$194.48,$140683.64,$5.52,$1025.00,$675.00,$480.52,33,
869,FDAX DEC25,Backtest,FairValueGapStrategyFiltered,Short,1,19450,19526,4/5/2024 11:30:00 AM,4/5/2024 6:30:00 PM,FVG Short,Exit on session close,($1905.52),$138778.12,$5.52,$2000.00,$950.00,$2855.52,29,
870,FDAX DEC25,Backtest,FairValueGapStrategyFiltered,Short,1,19530,19422,4/9/2024 11:15:00 AM,4/9/2024 6:30:00 PM,FVG Short,Exit on session close,$2694.48,$141472.60,$5.52,$675.00,$3750.00,$1055.52,30,
871,FDAX DEC25,Backtest,FairValueGapStrategyFiltered,Short,1,19509,19398,4/10/2024 12:15:00 PM,4/10/2024 6:30:00 PM,FVG Short,Exit on session close,$2769.48,$144242.08,$5.52,$1250.00,$5375.00,$2605.52,26,
872,FDAX DEC25,Backtest,FairValueGapStrategyFiltered,Short,1,19353,19293,4/11/2024 11:30:00 AM,4/11/2024 6:30:00 PM,FVG Short,Exit on session close,$1494.48,$145736.56,$5.52,$1150.00,$4425.00,$2930.52,29,
873,FDAX DEC25,Backtest,FairValueGapStrategyFiltered,Short,1,19419,19169,4/12/2024 11:45:00 AM,4/12/2024 5:00:00 PM,FVG Short,Profit target,$6244.48,$151981.04,$5.52,$375.00,$6250.00,$5.52,22,
874,FDAX DEC25,Backtest,FairValueGapStrategyFiltered,Long,1,19135,19065,4/17/2024 10:30:00 AM,4/17/2024 6:30:00 PM,FVG Long,Exit on session close,($1755.52),$150225.52,$5.52,$2250.00,$1825.00,$3580.52,33,
875,FDAX DEC25,Backtest,FairValueGapStrategyFiltered,Short,1,19067,19098,4/18/2024 12:00:00 PM,4/18/2024 6:30:00 PM,FVG Short,Exit on session close,($780.52),$149445.00,$5.52,$2250.00,$1525.00,$2305.52,27,
876,FDAX DEC25,Backtest,FairValueGapStrategyFiltered,Short,1,19065,19190,4/22/2024 10:30:00 AM,4/22/2024 6:30:00 PM,FVG Short,Stop loss,($3130.52),$146314.48,$5.52,$3125.00,$275.00,$3405.52,33,
877,FDAX DEC25,Backtest,FairValueGapStrategyFiltered,Short,1,19465,19348,4/24/2024 11:30:00 AM,4/24/2024 6:30:00 PM,FVG Short,Exit on session close,$2919.48,$149233.96,$5.52,$475.00,$3300.00,$380.52,29,
878,FDAX DEC25,Backtest,FairValueGapStrategyFiltered,Short,1,19410,19385,4/29/2024 12:00:00 PM,4/29/2024 6:30:00 PM,FVG Short,Exit on session close,$619.48,$149853.44,$5.52,$300.00,$1275.00,$655.52,27,
879,FDAX DEC25,Backtest,FairValueGapStrategyFiltered,Short,1,19279,19191,4/30/2024 11:15:00 AM,4/30/2024 6:30:00 PM,FVG Short,Exit on session close,$2194.48,$152047.92,$5.52,$1350.00,$2825.00,$630.52,30,
880,FDAX DEC25,Backtest,FairValueGapStrategyFiltered,Short,1,19151,19157,5/2/2024 11:30:00 AM,5/2/2024 6:30:00 PM,FVG Short,Exit on session close,($155.52),$151892.40,$5.52,$1900.00,$925.00,$1080.52,29,
881,FDAX DEC25,Backtest,FairValueGapStrategyFiltered,Long,1,19382,19416,5/6/2024 12:30:00 PM,5/6/2024 6:30:00 PM,FVG Long,Exit on session close,$844.48,$152736.88,$5.52,$1050.00,$1275.00,$430.52,25,
882,FDAX DEC25,Backtest,FairValueGapStrategyFiltered,Long,1,19491,19656,5/7/2024 11:00:00 AM,5/7/2024 6:30:00 PM,FVG Long,Exit on session close,$4119.48,$156856.36,$5.52,$25.00,$4650.00,$530.52,31,
883,FDAX DEC25,Backtest,FairValueGapStrategyFiltered,Long,1,19754,19721,5/8/2024 10:45:00 AM,5/8/2024 6:30:00 PM,FVG Long,Exit on session close,($830.52),$156025.84,$5.52,$2525.00,$450.00,$1280.52,32,
884,FDAX DEC25,Backtest,FairValueGapStrategyFiltered,Short,1,19948,19927,5/13/2024 10:45:00 AM,5/13/2024 6:30:00 PM,FVG Short,Exit on session close,$519.48,$156545.32,$5.52,$300.00,$1200.00,$680.52,32,
885,FDAX DEC25,Backtest,FairValueGapStrategyFiltered,Long,1,19981,20060,5/15/2024 10:30:00 AM,5/15/2024 6:30:00 PM,FVG Long,Exit on session close,$1969.48,$158514.80,$5.52,$175.00,$2575.00,$605.52,33,
886,FDAX DEC25,Backtest,FairValueGapStrategyFiltered,Short,1,20009,19899,5/16/2024 10:45:00 AM,5/16/2024 6:30:00 PM,FVG Short,Exit on session close,$2744.48,$161259.28,$5.52,$550.00,$3050.00,$305.52,32,
887,FDAX DEC25,Backtest,FairValueGapStrategyFiltered,Short,1,19801,19883,5/17/2024 10:45:00 AM,5/17/2024 6:30:00 PM,FVG Short,Exit on session close,($2055.52),$159203.76,$5.52,$2250.00,$300.00,$2355.52,32,
888,FDAX DEC25,Backtest,FairValueGapStrategyFiltered,Short,1,19854,19885,5/21/2024 10:30:00 AM,5/21/2024 6:30:00 PM,FVG Short,Exit on session close,($780.52),$158423.24,$5.52,$925.00,$1575.00,$2355.52,33,
889,FDAX DEC25,Backtest,FairValueGapStrategyFiltered,Short,1,19847,19852,5/23/2024 10:45:00 AM,5/23/2024 6:30:00 PM,FVG Short,Exit on session close,($130.52),$158292.72,$5.52,$1675.00,$1550.00,$1680.52,32,
890,FDAX DEC25,Backtest,FairValueGapStrategyFiltered,Long,1,19989,19864,5/28/2024 11:15:00 AM,5/28/2024 2:45:00 PM,FVG Long,Stop loss,($3130.52),$155162.20,$5.52,$3125.00,$125.00,$3255.52,15,
891,FDAX DEC25,Backtest,FairValueGapStrategyFiltered,Short,1,19694,19640,5/29/2024 11:45:00 AM,5/29/2024 6:30:00 PM,FVG Short,Exit on session close,$1344.48,$156506.68,$5.52,$600.00,$3025.00,$1680.52,28,
892,FDAX DEC25,Backtest,FairValueGapStrategyFiltered,Long,1,19626,19602,5/31/2024 10:45:00 AM,5/31/2024 6:30:00 PM,FVG Long,Exit on session close,($605.52),$155901.16,$5.52,$1875.00,$1100.00,$1705.52,32,
893,FDAX DEC25,Backtest,FairValueGapStrategyFiltered,Long,1,19787,19662,6/3/2024 11:00:00 AM,6/3/2024 6:15:00 PM,FVG Long,Stop loss,($3130.52),$152770.64,$5.52,$3125.00,$975.00,$4105.52,30,
894,FDAX DEC25,Backtest,FairValueGapStrategyFiltered,Short,1,19619,19543,6/4/2024 10:45:00 AM,6/4/2024 6:30:00 PM,FVG Short,Exit on session close,$1894.48,$154665.12,$5.52,$1175.00,$3400.00,$1505.52,32,
895,FDAX DEC25,Backtest,FairValueGapStrategyFiltered,Long,1,19881,19756,6/6/2024 10:30:00 AM,6/6/2024 2:45:00 PM,FVG Long,Stop loss,($3130.52),$151534.60,$5.52,$3125.00,$450.00,$3580.52,18,
896,FDAX DEC25,Backtest,FairValueGapStrategyFiltered,Short,1,19626,19685,6/7/2024 11:15:00 AM,6/7/2024 6:30:00 PM,FVG Short,Exit on session close,($1480.52),$150054.08,$5.52,$2200.00,$2375.00,$3855.52,30,
897,FDAX DEC25,Backtest,FairValueGapStrategyFiltered,Short,1,19495,19596,6/10/2024 11:30:00 AM,6/10/2024 6:30:00 PM,FVG Short,Exit on session close,($2530.52),$147523.56,$5.52,$2900.00,$775.00,$3305.52,29,
898,FDAX DEC25,Backtest,FairValueGapStrategyFiltered,Short,1,19563,19461,6/11/2024 11:15:00 AM,6/11/2024 6:30:00 PM,FVG Short,Exit on session close,$2544.48,$150068.04,$5.52,$825.00,$4575.00,$2030.52,30,
899,FDAX DEC25,Backtest,FairValueGapStrategyFiltered,Short,1,19593,19343,6/13/2024 10:30:00 AM,6/13/2024 6:15:00 PM,FVG Short,Profit target,$6244.48,$156312.52,$5.52,$375.00,$6250.00,$5.52,32,
900,FDAX DEC25,Backtest,FairValueGapStrategyFiltered,Short,1,19276,19082,6/14/2024 10:30:00 AM,6/14/2024 6:30:00 PM,FVG Short,Exit on session close,$4844.48,$161157.00,$5.52,$625.00,$5850.00,$1005.52,33,
901,FDAX DEC25,Backtest,FairValueGapStrategyFiltered,Short,1,19108,19185,6/17/2024 11:15:00 AM,6/17/2024 6:30:00 PM,FVG Short,Exit on session close,($1930.52),$159226.48,$5.52,$1925.00,$1225.00,$3155.52,30,
902,FDAX DEC25,Backtest,FairValueGapStrategyFiltered,Short,1,19187,19241,6/18/2024 10:30:00 AM,6/18/2024 6:30:00 PM,FVG Short,Exit on session close,($1355.52),$157870.96,$5.52,$1625.00,$725.00,$2080.52,33,
903,FDAX DEC25,Backtest,FairValueGapStrategyFiltered,Short,1,19161,19146,6/19/2024 11:00:00 AM,6/19/2024 6:30:00 PM,FVG Short,Exit on session close,$369.48,$158240.44,$5.52,$1075.00,$650.00,$280.52,31,
904,FDAX DEC25,Backtest,FairValueGapStrategyFiltered,Long,1,19349,19390,6/24/2024 10:30:00 AM,6/24/2024 6:30:00 PM,FVG Long,Exit on session close,$1019.48,$159259.92,$5.52,$1200.00,$1950.00,$930.52,33,
905,FDAX DEC25,Backtest,FairValueGapStrategyFiltered,Short,1,19355,19239,6/26/2024 11:45:00 AM,6/26/2024 6:30:00 PM,FVG Short,Exit on session close,$2894.48,$162154.40,$5.52,$0.00,$6125.00,$3230.52,28,
906,FDAX DEC25,Backtest,FairValueGapStrategyFiltered,Short,1,19233,19305,6/27/2024 10:45:00 AM,6/27/2024 6:30:00 PM,FVG Short,Exit on session close,($1805.52),$160348.88,$5.52,$2300.00,$775.00,$2580.52,32,
907,FDAX DEC25,Backtest,FairValueGapStrategyFiltered,Short,1,19285,19410,6/28/2024 10:30:00 AM,6/28/2024 11:45:00 AM,FVG Short,Stop loss,($3130.52),$157218.36,$5.52,$3125.00,$125.00,$3255.52,6,
908,FDAX DEC25,Backtest,FairValueGapStrategyFiltered,Short,1,19335,19390,7/1/2024 11:45:00 AM,7/1/2024 6:30:00 PM,FVG Short,Exit on session close,($1380.52),$155837.84,$5.52,$2625.00,$475.00,$1855.52,28,
909,FDAX DEC25,Backtest,FairValueGapStrategyFiltered,Short,1,19308,19433,7/3/2024 10:30:00 AM,7/3/2024 5:15:00 PM,FVG Short,Stop loss,($3130.52),$152707.32,$5.52,$3125.00,$350.00,$3480.52,28,
910,FDAX DEC25,Backtest,FairValueGapStrategyFiltered,Long,1,19644,19519,7/8/2024 10:45:00 AM,7/8/2024 4:45:00 PM,FVG Long,Stop loss,($3130.52),$149576.80,$5.52,$3125.00,$750.00,$3880.52,25,
911,FDAX DEC25,Backtest,FairValueGapStrategyFiltered,Long,1,19501,19376,7/9/2024 11:15:00 AM,7/9/2024 2:30:00 PM,FVG Long,Stop loss,($3130.52),$146446.28,$5.52,$3125.00,$275.00,$3405.52,14,
912,FDAX DEC25,Backtest,FairValueGapStrategyFiltered,Short,1,19462,19587,7/11/2024 11:30:00 AM,7/11/2024 2:45:00 PM,FVG Short,Stop loss,($3130.52),$143315.76,$5.52,$3125.00,$225.00,$3355.52,14,
913,FDAX DEC25,Backtest,FairValueGapStrategyFiltered,Long,1,19617,19767,7/12/2024 10:45:00 AM,7/12/2024 6:30:00 PM,FVG Long,Exit on session close,$3744.48,$147060.24,$5.52,$1700.00,$5000.00,$1255.52,32,
914,FDAX DEC25,Backtest,FairValueGapStrategyFiltered,Short,1,19501,19569,7/16/2024 10:30:00 AM,7/16/2024 6:30:00 PM,FVG Short,Exit on session close,($1705.52),$145354.72,$5.52,$1950.00,$500.00,$2205.52,33,
915,FDAX DEC25,Backtest,FairValueGapStrategyFiltered,Short,1,19489,19456,7/17/2024 10:30:00 AM,7/17/2024 6:30:00 PM,FVG Short,Exit on session close,$819.48,$146174.20,$5.52,$1050.00,$3000.00,$2180.52,33,
916,FDAX DEC25,Backtest,FairValueGapStrategyFiltered,Long,1,19496,19371,7/18/2024 11:15:00 AM,7/18/2024 5:45:00 PM,FVG Long,Stop loss,($3130.52),$143043.68,$5.52,$3125.00,$1550.00,$4680.52,27,
917,FDAX DEC25,Backtest,FairValueGapStrategyFiltered,Long,1,19345,19431,7/22/2024 10:45:00 AM,7/22/2024 6:30:00 PM,FVG Long,Exit on session close,$2144.48,$145188.16,$5.52,$75.00,$3450.00,$1305.52,32,
918,FDAX DEC25,Backtest,FairValueGapStrategyFiltered,Short,1,19369,19390,7/24/2024 10:30:00 AM,7/24/2024 6:30:00 PM,FVG Short,Exit on session close,($530.52),$144657.64,$5.52,$2400.00,$350.00,$880.52,33,
919,FDAX DEC25,Backtest,FairValueGapStrategyFiltered,Long,1,19188,19338,7/25/2024 11:15:00 AM,7/25/2024 6:30:00 PM,FVG Long,Exit on session close,$3744.48,$148402.12,$5.52,$2300.00,$3900.00,$155.52,30,
920,FDAX DEC25,Backtest,FairValueGapStrategyFiltered,Long,1,19483,19358,7/29/2024 12:00:00 PM,7/29/2024 4:30:00 PM,FVG Long,Stop loss,($3130.52),$145271.60,$5.52,$3125.00,$500.00,$3630.52,19,
921,FDAX DEC25,Backtest,FairValueGapStrategyFiltered,Short,1,19344,19427,7/30/2024 10:45:00 AM,7/30/2024 6:30:00 PM,FVG Short,Exit on session close,($2080.52),$143191.08,$5.52,$3100.00,$0.00,$2080.52,32,
922,FDAX DEC25,Backtest,FairValueGapStrategyFiltered,Short,1,19516,19520,7/31/2024 10:45:00 AM,7/31/2024 6:30:00 PM,FVG Short,Exit on session close,($105.52),$143085.56,$5.52,$350.00,$2225.00,$2330.52,32,
923,FDAX DEC25,Backtest,FairValueGapStrategyFiltered,Short,1,19271,19051,8/1/2024 10:30:00 AM,8/1/2024 6:30:00 PM,FVG Short,Exit on session close,$5494.48,$148580.04,$5.52,$2625.00,$5875.00,$380.52,33,
924,FDAX DEC25,Backtest,FairValueGapStrategyFiltered,Short,1,18816,18689,8/2/2024 11:45:00 AM,8/2/2024 6:30:00 PM,FVG Short,Exit on session close,$3169.48,$151749.52,$5.52,$550.00,$5325.00,$2155.52,28,
925,FDAX DEC25,Backtest,FairValueGapStrategyFiltered,Short,1,18263,18388,8/6/2024 11:30:00 AM,8/6/2024 5:00:00 PM,FVG Short,Stop loss,($3130.52),$148619.00,$5.52,$3125.00,$1575.00,$4705.52,23,
926,FDAX DEC25,Backtest,FairValueGapStrategyFiltered,Short,1,18432,18557,8/8/2024 12:00:00 PM,8/8/2024 2:45:00 PM,FVG Short,Stop loss,($3130.52),$145488.48,$5.52,$3125.00,$400.00,$3530.52,12,
927,FDAX DEC25,Backtest,FairValueGapStrategyFiltered,Long,1,18699,18652,8/9/2024 10:30:00 AM,8/9/2024 6:30:00 PM,FVG Long,Exit on session close,($1180.52),$144307.96,$5.52,$3075.00,$1325.00,$2505.52,33,
928,FDAX DEC25,Backtest,FairValueGapStrategyFiltered,Short,1,18710,18700,8/12/2024 11:00:00 AM,8/12/2024 6:30:00 PM,FVG Short,Exit on session close,$244.48,$144552.44,$5.52,$700.00,$1875.00,$1630.52,31,
929,FDAX DEC25,Backtest,FairValueGapStrategyFiltered,Short,1,18709,18771,8/13/2024 10:45:00 AM,8/13/2024 6:30:00 PM,FVG Short,Exit on session close,($1555.52),$142996.92,$5.52,$1850.00,$2100.00,$3655.52,32,
930,FDAX DEC25,Backtest,FairValueGapStrategyFiltered,Short,1,18806,18817,8/14/2024 10:30:00 AM,8/14/2024 6:30:00 PM,FVG Short,Exit on session close,($280.52),$142716.40,$5.52,$1900.00,$575.00,$855.52,33,
931,FDAX DEC25,Backtest,FairValueGapStrategyFiltered,Short,1,18897,19022,8/15/2024 10:45:00 AM,8/15/2024 2:45:00 PM,FVG Short,Stop loss,($3130.52),$139585.88,$5.52,$3125.00,$875.00,$4005.52,17,
932,FDAX DEC25,Backtest,FairValueGapStrategyFiltered,Long,1,19221,19285,8/16/2024 10:45:00 AM,8/16/2024 6:30:00 PM,FVG Long,Exit on session close,$1594.48,$141180.36,$5.52,$675.00,$1975.00,$380.52,32,
933,FDAX DEC25,Backtest,FairValueGapStrategyFiltered,Short,1,19383,19305,8/20/2024 11:00:00 AM,8/20/2024 6:30:00 PM,FVG Short,Exit on session close,$1944.48,$143124.84,$5.52,$825.00,$2100.00,$155.52,31,
934,FDAX DEC25,Backtest,FairValueGapStrategyFiltered,Long,1,19371,19398,8/21/2024 11:45:00 AM,8/21/2024 6:30:00 PM,FVG Long,Exit on session close,$669.48,$143794.32,$5.52,$475.00,$1425.00,$755.52,28,
935,FDAX DEC25,Backtest,FairValueGapStrategyFiltered,Short,1,19437,19456,8/22/2024 12:15:00 PM,8/22/2024 6:30:00 PM,FVG Short,Exit on session close,($480.52),$143313.80,$5.52,$1550.00,$825.00,$1305.52,26,
936,FDAX DEC25,Backtest,FairValueGapStrategyFiltered,Long,1,19616,19635,8/27/2024 10:45:00 AM,8/27/2024 6:30:00 PM,FVG Long,Exit on session close,$469.48,$143783.28,$5.52,$975.00,$1350.00,$880.52,32,
937,FDAX DEC25,Backtest,FairValueGapStrategyFiltered,Long,1,19723,19726,8/28/2024 11:15:00 AM,8/28/2024 6:30:00 PM,FVG Long,Exit on session close,$69.48,$143852.76,$5.52,$250.00,$1925.00,$1855.52,30,
938,FDAX DEC25,Backtest,FairValueGapStrategyFiltered,Long,1,19770,19893,8/29/2024 10:45:00 AM,8/29/2024 6:30:00 PM,FVG Long,Exit on session close,$3069.48,$146922.24,$5.52,$0.00,$3425.00,$355.52,32,
939,FDAX DEC25,Backtest,FairValueGapStrategyFiltered,Long,1,19787,19868,9/2/2024 10:30:00 AM,9/2/2024 6:30:00 PM,FVG Long,Exit on session close,$2019.48,$148941.72,$5.52,$50.00,$2125.00,$105.52,33,
940,FDAX DEC25,Backtest,FairValueGapStrategyFiltered,Short,1,19841,19673,9/3/2024 10:45:00 AM,9/3/2024 6:30:00 PM,FVG Short,Exit on session close,$4194.48,$153136.20,$5.52,$450.00,$4675.00,$480.52,32,
941,FDAX DEC25,Backtest,FairValueGapStrategyFiltered,Short,1,19519,19488,9/5/2024 12:00:00 PM,9/5/2024 6:30:00 PM,FVG Short,Exit on session close,$769.48,$153905.68,$5.52,$1975.00,$1550.00,$780.52,27,
942,FDAX DEC25,Backtest,FairValueGapStrategyFiltered,Long,1,19433,19308,9/6/2024 10:30:00 AM,9/6/2024 4:45:00 PM,FVG Long,Stop loss,($3130.52),$150775.16,$5.52,$3125.00,$2350.00,$5480.52,26,
943,FDAX DEC25,Backtest,FairValueGapStrategyFiltered,Short,1,19321,19122,9/10/2024 11:15:00 AM,9/10/2024 6:30:00 PM,FVG Short,Exit on session close,$4969.48,$155744.64,$5.52,$1100.00,$5550.00,$580.52,30,
944,FDAX DEC25,Backtest,FairValueGapStrategyFiltered,Short,1,19201,19326,9/11/2024 11:15:00 AM,9/11/2024 3:15:00 PM,FVG Short,Stop loss,($3130.52),$152614.12,$5.52,$3125.00,$725.00,$3855.52,17,
945,FDAX DEC25,Backtest,FairValueGapStrategyFiltered,Short,1,19433,19410,9/12/2024 10:30:00 AM,9/12/2024 6:30:00 PM,FVG Short,Exit on session close,$569.48,$153183.60,$5.52,$1675.00,$3825.00,$3255.52,33,
946,FDAX DEC25,Backtest,FairValueGapStrategyFiltered,Short,1,19526,19563,9/13/2024 10:30:00 AM,9/13/2024 6:30:00 PM,FVG Short,Exit on session close,($930.52),$152253.08,$5.52,$2525.00,$1275.00,$2205.52,33,
947,FDAX DEC25,Backtest,FairValueGapStrategyFiltered,Long,1,19766,19918,9/19/2024 10:45:00 AM,9/19/2024 6:30:00 PM,FVG Long,Exit on session close,$3794.48,$156047.56,$5.52,$225.00,$4475.00,$680.52,32,
948,FDAX DEC25,Backtest,FairValueGapStrategyFiltered,Long,1,19889,19876,9/24/2024 10:30:00 AM,9/24/2024 6:30:00 PM,FVG Long,Exit on session close,($330.52),$155717.04,$5.52,$2600.00,$350.00,$680.52,33,
949,FDAX DEC25,Backtest,FairValueGapStrategyFiltered,Short,1,20001,20126,9/26/2024 12:15:00 PM,9/26/2024 3:45:00 PM,FVG Short,Stop loss,($3130.52),$152586.52,$5.52,$3125.00,$450.00,$3580.52,15,
950,FDAX DEC25,Backtest,FairValueGapStrategyFiltered,Long,1,20185,20330,9/27/2024 11:00:00 AM,9/27/2024 6:30:00 PM,FVG Long,Exit on session close,$3619.48,$156206.00,$5.52,$125.00,$4800.00,$1180.52,31,
951,FDAX DEC25,Backtest,FairValueGapStrategyFiltered,Short,1,20242,20222,9/30/2024 11:30:00 AM,9/30/2024 6:30:00 PM,FVG Short,Exit on session close,$494.48,$156700.48,$5.52,$875.00,$1300.00,$805.52,29,
952,FDAX DEC25,Backtest,FairValueGapStrategyFiltered,Short,1,20252,20081,10/1/2024 10:45:00 AM,10/1/2024 6:30:00 PM,FVG Short,Exit on session close,$4269.48,$160969.96,$5.52,$1825.00,$6100.00,$1830.52,32,
953,FDAX DEC25,Backtest,FairValueGapStrategyFiltered,Short,1,20050,20045,10/2/2024 11:30:00 AM,10/2/2024 6:30:00 PM,FVG Short,Exit on session close,$119.48,$161089.44,$5.52,$175.00,$3100.00,$2980.52,29,
954,FDAX DEC25,Backtest,FairValueGapStrategyFiltered,Long,1,20070,20203,10/11/2024 11:45:00 AM,10/11/2024 6:30:00 PM,FVG Long,Exit on session close,$3319.48,$164408.92,$5.52,$850.00,$3875.00,$555.52,28,
955,FDAX DEC25,Backtest,FairValueGapStrategyFiltered,Short,1,20254,20374,10/14/2024 11:00:00 AM,10/14/2024 6:30:00 PM,FVG Short,Exit on session close,($3005.52),$161403.40,$5.52,$3100.00,$550.00,$3555.52,31,
956,FDAX DEC25,Backtest,FairValueGapStrategyFiltered,Short,1,20408,20360,10/15/2024 10:45:00 AM,10/15/2024 6:30:00 PM,FVG Short,Exit on session close,$1194.48,$162597.88,$5.52,$475.00,$2775.00,$1580.52,32,
957,FDAX DEC25,Backtest,FairValueGapStrategyFiltered,Short,1,20250,20278,10/16/2024 11:15:00 AM,10/16/2024 6:30:00 PM,FVG Short,Exit on session close,($705.52),$161892.36,$5.52,$2600.00,$150.00,$855.52,30,
958,FDAX DEC25,Backtest,FairValueGapStrategyFiltered,Long,1,20421,20424,10/17/2024 11:00:00 AM,10/17/2024 6:30:00 PM,FVG Long,Exit on session close,$69.48,$161961.84,$5.52,$1250.00,$2375.00,$2305.52,31,
959,FDAX DEC25,Backtest,FairValueGapStrategyFiltered,Short,1,20396,20317,10/21/2024 12:00:00 PM,10/21/2024 6:30:00 PM,FVG Short,Exit on session close,$1969.48,$163931.32,$5.52,$325.00,$2825.00,$855.52,27,
960,FDAX DEC25,Backtest,FairValueGapStrategyFiltered,Short,1,20330,20243,10/22/2024 11:15:00 AM,10/22/2024 6:30:00 PM,FVG Short,Exit on session close,$2169.48,$166100.80,$5.52,$350.00,$3300.00,$1130.52,30,
961,FDAX DEC25,Backtest,FairValueGapStrategyFiltered,Short,1,20215,20212,10/23/2024 11:15:00 AM,10/23/2024 6:30:00 PM,FVG Short,Exit on session close,$69.48,$166170.28,$5.52,$1950.00,$1575.00,$1505.52,30,
962,FDAX DEC25,Backtest,FairValueGapStrategyFiltered,Long,1,20345,20220,10/24/2024 11:00:00 AM,10/24/2024 6:15:00 PM,FVG Long,Stop loss,($3130.52),$163039.76,$5.52,$3125.00,$875.00,$4005.52,30,
963,FDAX DEC25,Backtest,FairValueGapStrategyFiltered,Long,1,20309,20310,10/25/2024 11:30:00 AM,10/25/2024 6:30:00 PM,FVG Long,Exit on session close,$19.48,$163059.24,$5.52,$1950.00,$675.00,$655.52,29,
964,FDAX DEC25,Backtest,FairValueGapStrategyFiltered,Short,1,20332,20365,10/28/2024 11:00:00 AM,10/28/2024 6:30:00 PM,FVG Short,Exit on session close,($830.52),$162228.72,$5.52,$1025.00,$3050.00,$3880.52,31,
965,FDAX DEC25,Backtest,FairValueGapStrategyFiltered,Short,1,20406,20292,10/29/2024 11:45:00 AM,10/29/2024 6:30:00 PM,FVG Short,Exit on session close,$2844.48,$165073.20,$5.52,$625.00,$3200.00,$355.52,28,
966,FDAX DEC25,Backtest,FairValueGapStrategyFiltered,Short,1,20192,20091,10/30/2024 10:30:00 AM,10/30/2024 6:30:00 PM,FVG Short,Exit on session close,$2519.48,$167592.68,$5.52,$300.00,$4525.00,$2005.52,33,
967,FDAX DEC25,Backtest,FairValueGapStrategyFiltered,Long,1,20072,19947,11/4/2024 11:15:00 AM,11/4/2024 5:45:00 PM,FVG Long,Stop loss,($3130.52),$164462.16,$5.52,$3125.00,$400.00,$3530.52,27,
968,FDAX DEC25,Backtest,FairValueGapStrategyFiltered,Long,1,20000,20092,11/5/2024 10:30:00 AM,11/5/2024 6:30:00 PM,FVG Long,Exit on session close,$2294.48,$166756.64,$5.52,$1600.00,$2625.00,$330.52,33,
969,FDAX DEC25,Backtest,FairValueGapStrategyFiltered,Short,1,20183,19933,11/6/2024 11:00:00 AM,11/6/2024 3:30:00 PM,FVG Short,Profit target,$6244.48,$173001.12,$5.52,$2475.00,$6250.00,$5.52,19,
970,FDAX DEC25,Backtest,FairValueGapStrategyFiltered,Short,1,20006,19978,11/8/2024 11:15:00 AM,11/8/2024 6:30:00 PM,FVG Short,Exit on session close,$694.48,$173695.60,$5.52,$1225.00,$1825.00,$1130.52,30,
971,FDAX DEC25,Backtest,FairValueGapStrategyFiltered,Short,1,19848,19804,11/13/2024 11:45:00 AM,11/13/2024 6:30:00 PM,FVG Short,Exit on session close,$1094.48,$174790.08,$5.52,$900.00,$5775.00,$4680.52,28,
972,FDAX DEC25,Backtest,FairValueGapStrategyFiltered,Long,1,20010,19989,11/14/2024 10:45:00 AM,11/14/2024 6:30:00 PM,FVG Long,Exit on session close,($530.52),$174259.56,$5.52,$900.00,$1875.00,$2405.52,32,
973,FDAX DEC25,Backtest,FairValueGapStrategyFiltered,Long,1,19987,19952,11/15/2024 10:30:00 AM,11/15/2024 6:30:00 PM,FVG Long,Exit on session close,($880.52),$173379.04,$5.52,$1025.00,$2025.00,$2905.52,33,
974,FDAX DEC25,Backtest,FairValueGapStrategyFiltered,Short,1,19949,19946,11/18/2024 10:45:00 AM,11/18/2024 6:30:00 PM,FVG Short,Exit on session close,$69.48,$173448.52,$5.52,$1125.00,$2100.00,$2030.52,32,
975,FDAX DEC25,Backtest,FairValueGapStrategyFiltered,Short,1,19706,19831,11/19/2024 11:00:00 AM,11/19/2024 5:30:00 PM,FVG Short,Stop loss,($3130.52),$170318.00,$5.52,$3125.00,$3075.00,$6205.52,27,
976,FDAX DEC25,Backtest,FairValueGapStrategyFiltered,Short,1,19918,19812,11/20/2024 11:15:00 AM,11/20/2024 6:30:00 PM,FVG Short,Exit on session close,$2644.48,$172962.48,$5.52,$600.00,$4650.00,$2005.52,30,
977,FDAX DEC25,Backtest,FairValueGapStrategyFiltered,Long,1,19739,19928,11/21/2024 11:30:00 AM,11/21/2024 6:30:00 PM,FVG Long,Exit on session close,$4719.48,$177681.96,$5.52,$750.00,$4900.00,$180.52,29,
978,FDAX DEC25,Backtest,FairValueGapStrategyFiltered,Short,1,19831,19956,11/22/2024 10:45:00 AM,11/22/2024 1:30:00 PM,FVG Short,Stop loss,($3130.52),$174551.44,$5.52,$3125.00,$850.00,$3980.52,12,
979,FDAX DEC25,Backtest,FairValueGapStrategyFiltered,Short,1,20118,20125,11/25/2024 12:30:00 PM,11/25/2024 6:30:00 PM,FVG Short,Exit on session close,($180.52),$174370.92,$5.52,$2100.00,$725.00,$905.52,25,
980,FDAX DEC25,Backtest,FairValueGapStrategyFiltered,Long,1,20058,20049,11/26/2024 10:45:00 AM,11/26/2024 6:30:00 PM,FVG Long,Exit on session close,($230.52),$174140.40,$5.52,$925.00,$2225.00,$2455.52,32,
981,FDAX DEC25,Backtest,FairValueGapStrategyFiltered,Short,1,19925,20015,11/27/2024 11:00:00 AM,11/27/2024 6:30:00 PM,FVG Short,Exit on session close,($2255.52),$171884.88,$5.52,$2950.00,$525.00,$2780.52,31,
982,FDAX DEC25,Backtest,FairValueGapStrategyFiltered,Short,1,20144,20184,11/28/2024 12:00:00 PM,11/28/2024 6:30:00 PM,FVG Short,Exit on session close,($1005.52),$170879.36,$5.52,$1175.00,$1125.00,$2130.52,27,
983,FDAX DEC25,Backtest,FairValueGapStrategyFiltered,Long,1,20172,20395,11/29/2024 11:15:00 AM,11/29/2024 6:30:00 PM,FVG Long,Exit on session close,$5569.48,$176448.84,$5.52,$500.00,$5850.00,$280.52,30,
984,FDAX DEC25,Backtest,FairValueGapStrategyFiltered,Long,1,20474,20664,12/2/2024 11:45:00 AM,12/2/2024 6:30:00 PM,FVG Long,Exit on session close,$4744.48,$181193.32,$5.52,$400.00,$5775.00,$1030.52,28,
985,FDAX DEC25,Backtest,FairValueGapStrategyFiltered,Short,1,20747,20767,12/3/2024 10:45:00 AM,12/3/2024 6:30:00 PM,FVG Short,Exit on session close,($505.52),$180687.80,$5.52,$1150.00,$1650.00,$2155.52,32,
986,FDAX DEC25,Backtest,FairValueGapStrategyFiltered,Short,1,20916,20960,12/4/2024 12:00:00 PM,12/4/2024 6:30:00 PM,FVG Short,Exit on session close,($1105.52),$179582.28,$5.52,$2500.00,$875.00,$1980.52,27,
987,FDAX DEC25,Backtest,FairValueGapStrategyFiltered,Long,1,21062,21105,12/5/2024 11:45:00 AM,12/5/2024 6:30:00 PM,FVG Long,Exit on session close,$1069.48,$180651.76,$5.52,$825.00,$1550.00,$480.52,28,
988,FDAX DEC25,Backtest,FairValueGapStrategyFiltered,Short,1,21122,21089,12/9/2024 10:45:00 AM,12/9/2024 6:30:00 PM,FVG Short,Exit on session close,$819.48,$181471.24,$5.52,$1000.00,$1550.00,$730.52,32,
989,FDAX DEC25,Backtest,FairValueGapStrategyFiltered,Long,1,21082,21133,12/11/2024 10:45:00 AM,12/11/2024 6:30:00 PM,FVG Long,Exit on session close,$1269.48,$182740.72,$5.52,$625.00,$1825.00,$555.52,32,
990,FDAX DEC25,Backtest,FairValueGapStrategyFiltered,Short,1,21062,21068,12/16/2024 11:45:00 AM,12/16/2024 6:30:00 PM,FVG Short,Exit on session close,($155.52),$182585.20,$5.52,$700.00,$875.00,$1030.52,28,
991,FDAX DEC25,Backtest,FairValueGapStrategyFiltered,Long,1,21049,20988,12/17/2024 10:30:00 AM,12/17/2024 6:30:00 PM,FVG Long,Exit on session close,($1530.52),$181054.68,$5.52,$2025.00,$900.00,$2430.52,33,
992,FDAX DEC25,Backtest,FairValueGapStrategyFiltered,Short,1,20771,20664,12/19/2024 10:45:00 AM,12/19/2024 6:30:00 PM,FVG Short,Exit on session close,$2669.48,$183724.16,$5.52,$875.00,$2900.00,$230.52,32,
993,FDAX DEC25,Backtest,FairValueGapStrategyFiltered,Long,1,20576,20579,12/23/2024 10:30:00 AM,12/23/2024 6:30:00 PM,FVG Long,Exit on session close,$69.48,$183793.64,$5.52,$1775.00,$700.00,$630.52,33,
994,FDAX DEC25,Backtest,FairValueGapStrategyFiltered,Short,1,20566,20601,12/27/2024 12:00:00 PM,12/27/2024 6:30:00 PM,FVG Short,Exit on session close,($880.52),$182913.12,$5.52,$2400.00,$100.00,$980.52,27,
995,FDAX DEC25,Backtest,FairValueGapStrategyFiltered,Short,1,20520,20645,1/2/2025 12:30:00 PM,1/2/2025 4:00:00 PM,FVG Short,Stop loss,($3130.52),$179782.60,$5.52,$3125.00,$675.00,$3805.52,15,
996,FDAX DEC25,Backtest,FairValueGapStrategyFiltered,Short,1,20590,20561,1/3/2025 11:45:00 AM,1/3/2025 6:30:00 PM,FVG Short,Exit on session close,$719.48,$180502.08,$5.52,$1000.00,$1600.00,$880.52,28,
997,FDAX DEC25,Backtest,FairValueGapStrategyFiltered,Long,1,20649,20899,1/6/2025 10:30:00 AM,1/6/2025 5:45:00 PM,FVG Long,Profit target,$6244.48,$186746.56,$5.52,$1000.00,$6250.00,$5.52,30,
998,FDAX DEC25,Backtest,FairValueGapStrategyFiltered,Long,1,21035,20910,1/10/2025 12:00:00 PM,1/10/2025 4:15:00 PM,FVG Long,Stop loss,($3130.52),$183616.04,$5.52,$3125.00,$575.00,$3705.52,18,
999,FDAX DEC25,Backtest,FairValueGapStrategyFiltered,Long,1,21523,21551,1/17/2025 10:30:00 AM,1/17/2025 6:30:00 PM,FVG Long,Exit on session close,$694.48,$184310.52,$5.52,$1400.00,$1250.00,$555.52,33,
1000,FDAX DEC25,Backtest,FairValueGapStrategyFiltered,Short,1,21751,21876,1/27/2025 11:45:00 AM,1/27/2025 2:30:00 PM,FVG Short,Stop loss,($3130.52),$181180.00,$5.52,$3125.00,$900.00,$4030.52,12,
1001,FDAX DEC25,Backtest,FairValueGapStrategyFiltered,Long,1,22420,22396,1/31/2025 10:45:00 AM,1/31/2025 6:30:00 PM,FVG Long,Exit on session close,($605.52),$180574.48,$5.52,$2675.00,$200.00,$805.52,32,
1002,FDAX DEC25,Backtest,FairValueGapStrategyFiltered,Short,1,21933,22058,2/3/2025 11:30:00 AM,2/3/2025 4:30:00 PM,FVG Short,Stop loss,($3130.52),$177443.96,$5.52,$3125.00,$1350.00,$4480.52,21,
1003,FDAX DEC25,Backtest,FairValueGapStrategyFiltered,Short,1,22376,22501,2/6/2025 12:00:00 PM,2/6/2025 4:15:00 PM,FVG Short,Stop loss,($3130.52),$174313.44,$5.52,$3125.00,$1275.00,$4405.52,18,
1004,FDAX DEC25,Backtest,FairValueGapStrategyFiltered,Short,1,22538,22644,2/11/2025 11:00:00 AM,2/11/2025 6:30:00 PM,FVG Short,Exit on session close,($2655.52),$171657.92,$5.52,$3000.00,$725.00,$3380.52,31,
1005,FDAX DEC25,Backtest,FairValueGapStrategyFiltered,Short,1,23123,23075,2/14/2025 12:00:00 PM,2/14/2025 6:30:00 PM,FVG Short,Exit on session close,$1194.48,$172852.40,$5.52,$1100.00,$1725.00,$530.52,27,
1006,FDAX DEC25,Backtest,FairValueGapStrategyFiltered,Long,1,23203,23390,2/17/2025 10:30:00 AM,2/17/2025 6:30:00 PM,FVG Long,Exit on session close,$4669.48,$177521.88,$5.52,$200.00,$4775.00,$105.52,33,
1007,FDAX DEC25,Backtest,FairValueGapStrategyFiltered,Short,1,23316,23441,2/18/2025 10:45:00 AM,2/18/2025 3:00:00 PM,FVG Short,Stop loss,($3130.52),$174391.36,$5.52,$3125.00,$450.00,$3580.52,18,
1008,FDAX DEC25,Backtest,FairValueGapStrategyFiltered,Short,1,23461,23211,2/19/2025 11:15:00 AM,2/19/2025 1:00:00 PM,FVG Short,Profit target,$6244.48,$180635.84,$5.52,$75.00,$6250.00,$5.52,8,
1009,FDAX DEC25,Backtest,FairValueGapStrategyFiltered,Short,1,23122,22872,2/20/2025 11:45:00 AM,2/20/2025 5:15:00 PM,FVG Short,Profit target,$6244.48,$186880.32,$5.52,$400.00,$6250.00,$5.52,23,
1010,FDAX DEC25,Backtest,FairValueGapStrategyFiltered,Long,1,23017,22892,2/24/2025 10:30:00 AM,2/24/2025 4:00:00 PM,FVG Long,Stop loss,($3130.52),$183749.80,$5.52,$3125.00,$1775.00,$4905.52,23,
1011,FDAX DEC25,Backtest,FairValueGapStrategyFiltered,Long,1,23020,23029,2/25/2025 11:00:00 AM,2/25/2025 6:30:00 PM,FVG Long,Exit on session close,$219.48,$183969.28,$5.52,$2925.00,$3300.00,$3080.52,31,
1012,FDAX DEC25,Backtest,FairValueGapStrategyFiltered,Long,1,23152,23027,2/27/2025 10:45:00 AM,2/27/2025 4:00:00 PM,FVG Long,Stop loss,($3130.52),$180838.76,$5.52,$3125.00,$2400.00,$5530.52,22,
1013,FDAX DEC25,Backtest,FairValueGapStrategyFiltered,Long,1,23282,23532,3/3/2025 10:45:00 AM,3/3/2025 1:15:00 PM,FVG Long,Profit target,$6244.48,$187083.24,$5.52,$50.00,$6250.00,$5.52,11,
1014,FDAX DEC25,Backtest,FairValueGapStrategyFiltered,Long,1,23661,23709,3/5/2025 11:00:00 AM,3/5/2025 6:30:00 PM,FVG Long,Exit on session close,$1194.48,$188277.72,$5.52,$2925.00,$2175.00,$980.52,31,
1015,FDAX DEC25,Backtest,FairValueGapStrategyFiltered,Short,1,23664,23789,3/6/2025 11:30:00 AM,3/6/2025 12:45:00 PM,FVG Short,Stop loss,($3130.52),$185147.20,$5.52,$3125.00,$1225.00,$4355.52,6,
1016,FDAX DEC25,Backtest,FairValueGapStrategyFiltered,Short,1,23613,23575,3/7/2025 11:45:00 AM,3/7/2025 6:30:00 PM,FVG Short,Exit on session close,$944.48,$186091.68,$5.52,$2400.00,$5225.00,$4280.52,28,
1017,FDAX DEC25,Backtest,FairValueGapStrategyFiltered,Short,1,23312,23437,3/10/2025 10:30:00 AM,3/10/2025 10:30:00 AM,FVG Short,Stop loss,($3130.52),$182961.16,$5.52,$3125.00,$0.00,$3130.52,1,
1018,FDAX DEC25,Backtest,FairValueGapStrategyFiltered,Long,1,23441,23316,3/10/2025 11:00:00 AM,3/10/2025 11:45:00 AM,FVG Long,Stop loss,($3130.52),$179830.64,$5.52,$3125.00,$1000.00,$4130.52,4,
1019,FDAX DEC25,Backtest,FairValueGapStrategyFiltered,Short,1,23163,23055,3/13/2025 12:30:00 PM,3/13/2025 6:30:00 PM,FVG Short,Exit on session close,$2694.48,$182525.12,$5.52,$525.00,$5400.00,$2705.52,25,
1020,FDAX DEC25,Backtest,FairValueGapStrategyFiltered,Long,1,23451,23550,3/14/2025 12:15:00 PM,3/14/2025 6:30:00 PM,FVG Long,Exit on session close,$2469.48,$184994.60,$5.52,$1300.00,$3400.00,$930.52,26,
1021,FDAX DEC25,Backtest,FairValueGapStrategyFiltered,Short,1,23504,23629,3/17/2025 10:45:00 AM,3/17/2025 2:45:00 PM,FVG Short,Stop loss,($3130.52),$181864.08,$5.52,$3125.00,$575.00,$3705.52,17,
1022,FDAX DEC25,Backtest,FairValueGapStrategyFiltered,Long,1,23995,23870,3/18/2025 11:00:00 AM,3/18/2025 2:45:00 PM,FVG Long,Stop loss,($3130.52),$178733.56,$5.52,$3125.00,$175.00,$3305.52,16,
1023,FDAX DEC25,Backtest,FairValueGapStrategyFiltered,Short,1,23606,23356,3/20/2025 10:30:00 AM,3/20/2025 11:15:00 AM,FVG Short,Profit target,$6244.48,$184978.04,$5.52,$500.00,$6250.00,$5.52,4,
1024,FDAX DEC25,Backtest,FairValueGapStrategyFiltered,Short,1,23343,23468,3/20/2025 11:45:00 AM,3/20/2025 12:00:00 PM,FVG Short,Stop loss,($3130.52),$181847.52,$5.52,$3125.00,$75.00,$3205.52,2,
1025,FDAX DEC25,Backtest,FairValueGapStrategyFiltered,Long,1,23447,23464,3/20/2025 12:30:00 PM,3/20/2025 6:30:00 PM,FVG Long,Exit on session close,$419.48,$182267.00,$5.52,$1450.00,$2750.00,$2330.52,25,
1026,FDAX DEC25,Backtest,FairValueGapStrategyFiltered,Long,1,23340,23375,3/21/2025 11:45:00 AM,3/21/2025 6:30:00 PM,FVG Long,Exit on session close,$869.48,$183136.48,$5.52,$2850.00,$1650.00,$780.52,28,
1027,FDAX DEC25,Backtest,FairValueGapStrategyFiltered,Short,1,23459,23349,3/24/2025 11:00:00 AM,3/24/2025 6:30:00 PM,FVG Short,Exit on session close,$2744.48,$185880.96,$5.52,$2250.00,$3525.00,$780.52,31,
1028,FDAX DEC25,Backtest,FairValueGapStrategyFiltered,Short,1,23457,23239,3/26/2025 10:30:00 AM,3/26/2025 6:30:00 PM,FVG Short,Exit on session close,$5444.48,$191325.44,$5.52,$1650.00,$5600.00,$155.52,33,
1029,FDAX DEC25,Backtest,FairValueGapStrategyFiltered,Short,1,22981,22927,3/28/2025 11:00:00 AM,3/28/2025 6:30:00 PM,FVG Short,Exit on session close,$1344.48,$192669.92,$5.52,$2800.00,$2800.00,$1455.52,31,
1030,FDAX DEC25,Backtest,FairValueGapStrategyFiltered,Short,1,22620,22707,3/31/2025 12:15:00 PM,3/31/2025 6:30:00 PM,FVG Short,Exit on session close,($2180.52),$190489.40,$5.52,$2225.00,$3925.00,$6105.52,26,
1031,FDAX DEC25,Backtest,FairValueGapStrategyFiltered,Long,1,22923,22798,4/1/2025 10:45:00 AM,4/1/2025 1:45:00 PM,FVG Long,Stop loss,($3130.52),$187358.88,$5.52,$3125.00,$2575.00,$5705.52,13,
1032,FDAX DEC25,Backtest,FairValueGapStrategyFiltered,Short,1,22770,22895,4/2/2025 12:30:00 PM,4/2/2025 5:45:00 PM,FVG Short,Stop loss,($3130.52),$184228.36,$5.52,$3125.00,$3650.00,$6780.52,22,
1033,FDAX DEC25,Backtest,FairValueGapStrategyFiltered,Short,1,22498,22248,4/3/2025 11:45:00 AM,4/3/2025 4:15:00 PM,FVG Short,Profit target,$6244.48,$190472.84,$5.52,$850.00,$6250.00,$5.52,19,
1034,FDAX DEC25,Backtest,FairValueGapStrategyFiltered,Short,1,21807,21557,4/4/2025 10:30:00 AM,4/4/2025 12:15:00 PM,FVG Short,Profit target,$6244.48,$196717.32,$5.52,$1750.00,$6250.00,$5.52,8,
1035,FDAX DEC25,Backtest,FairValueGapStrategyFiltered,Long,1,19810,20060,4/7/2025 10:30:00 AM,4/7/2025 12:00:00 PM,FVG Long,Profit target,$6244.48,$202961.80,$5.52,$2150.00,$6250.00,$5.52,7,
1036,FDAX DEC25,Backtest,FairValueGapStrategyFiltered,Short,1,20058,20183,4/9/2025 10:45:00 AM,4/9/2025 11:00:00 AM,FVG Short,Stop loss,($3130.52),$199831.28,$5.52,$3125.00,$1625.00,$4755.52,2,
1037,FDAX DEC25,Backtest,FairValueGapStrategyFiltered,Short,1,20097,20222,4/9/2025 12:15:00 PM,4/9/2025 1:00:00 PM,FVG Short,Stop loss,($3130.52),$196700.76,$5.52,$3125.00,$950.00,$4080.52,4,
1038,FDAX DEC25,Backtest,FairValueGapStrategyFiltered,Short,1,20967,20717,4/11/2025 10:30:00 AM,4/11/2025 10:45:00 AM,FVG Short,Profit target,$6244.48,$202945.24,$5.52,$125.00,$6250.00,$5.52,2,
1039,FDAX DEC25,Backtest,FairValueGapStrategyFiltered,Short,1,20689,20814,4/11/2025 11:15:00 AM,4/11/2025 12:00:00 PM,FVG Short,Stop loss,($3130.52),$199814.72,$5.52,$3125.00,$3500.00,$6630.52,4,
1040,FDAX DEC25,Backtest,FairValueGapStrategyFiltered,Long,1,21630,21650,4/16/2025 11:00:00 AM,4/16/2025 6:30:00 PM,FVG Long,Exit on session close,$494.48,$200309.20,$5.52,$2625.00,$3150.00,$2655.52,31,
1041,FDAX DEC25,Backtest,FairValueGapStrategyFiltered,Short,1,22289,22414,4/23/2025 12:00:00 PM,4/23/2025 3:45:00 PM,FVG Short,Stop loss,($3130.52),$197178.68,$5.52,$3125.00,$2500.00,$5630.52,16,
1042,FDAX DEC25,Backtest,FairValueGapStrategyFiltered,Long,1,22555,22738,4/25/2025 10:30:00 AM,4/25/2025 6:30:00 PM,FVG Long,Exit on session close,$4569.48,$201748.16,$5.52,$25.00,$4975.00,$405.52,33,
1043,FDAX DEC25,Backtest,FairValueGapStrategyFiltered,Short,1,22719,22844,4/28/2025 10:30:00 AM,4/28/2025 11:45:00 AM,FVG Short,Stop loss,($3130.52),$198617.64,$5.52,$3125.00,$200.00,$3330.52,6,
1044,FDAX DEC25,Backtest,FairValueGapStrategyFiltered,Short,1,23554,23679,5/5/2025 11:30:00 AM,5/5/2025 2:15:00 PM,FVG Short,Stop loss,($3130.52),$195487.12,$5.52,$3125.00,$175.00,$3305.52,12,
1045,FDAX DEC25,Backtest,FairValueGapStrategyFiltered,Short,1,23527,23277,5/6/2025 10:30:00 AM,5/6/2025 11:30:00 AM,FVG Short,Profit target,$6244.48,$201731.60,$5.52,$350.00,$6250.00,$5.52,5,
1046,FDAX DEC25,Backtest,FairValueGapStrategyFiltered,Short,1,23296,23421,5/6/2025 11:45:00 AM,5/6/2025 12:00:00 PM,FVG Short,Stop loss,($3130.52),$198601.08,$5.52,$3125.00,$75.00,$3205.52,2,
1047,FDAX DEC25,Backtest,FairValueGapStrategyFiltered,Long,1,23442,23625,5/6/2025 12:30:00 PM,5/6/2025 6:30:00 PM,FVG Long,Exit on session close,$4569.48,$203170.56,$5.52,$100.00,$5925.00,$1355.52,25,
1048,FDAX DEC25,Backtest,FairValueGapStrategyFiltered,Short,1,23621,23499,5/7/2025 11:15:00 AM,5/7/2025 6:30:00 PM,FVG Short,Exit on session close,$3044.48,$206215.04,$5.52,$725.00,$3375.00,$330.52,30,
1049,FDAX DEC25,Backtest,FairValueGapStrategyFiltered,Long,1,23729,23795,5/8/2025 10:45:00 AM,5/8/2025 6:30:00 PM,FVG Long,Exit on session close,$1644.48,$207859.52,$5.52,$3000.00,$2475.00,$830.52,32,
1050,FDAX DEC25,Backtest,FairValueGapStrategyFiltered,Short,1,23989,24114,5/12/2025 10:30:00 AM,5/12/2025 10:45:00 AM,FVG Short,Stop loss,($3130.52),$204729.00,$5.52,$3125.00,$50.00,$3180.52,2,
1051,FDAX DEC25,Backtest,FairValueGapStrategyFiltered,Long,1,24094,23969,5/12/2025 11:15:00 AM,5/12/2025 1:15:00 PM,FVG Long,Stop loss,($3130.52),$201598.48,$5.52,$3125.00,$1675.00,$4805.52,9,
1052,FDAX DEC25,Backtest,FairValueGapStrategyFiltered,Short,1,23814,23939,5/14/2025 11:30:00 AM,5/14/2025 2:30:00 PM,FVG Short,Stop loss,($3130.52),$198467.96,$5.52,$3125.00,$150.00,$3280.52,13,
1053,FDAX DEC25,Backtest,FairValueGapStrategyFiltered,Long,1,23826,24056,5/15/2025 10:45:00 AM,5/15/2025 6:30:00 PM,FVG Long,Exit on session close,$5744.48,$204212.44,$5.52,$1450.00,$6050.00,$305.52,32,
1054,FDAX DEC25,Backtest,FairValueGapStrategyFiltered,Short,1,24033,24158,5/19/2025 11:15:00 AM,5/19/2025 4:00:00 PM,FVG Short,Stop loss,($3130.52),$201081.92,$5.52,$3125.00,$850.00,$3980.52,20,
1055,FDAX DEC25,Backtest,FairValueGapStrategyFiltered,Long,1,24304,24374,5/20/2025 11:00:00 AM,5/20/2025 6:30:00 PM,FVG Long,Exit on session close,$1744.48,$202826.40,$5.52,$325.00,$2775.00,$1030.52,31,
1056,FDAX DEC25,Backtest,FairValueGapStrategyFiltered,Short,1,24272,24397,5/21/2025 12:15:00 PM,5/21/2025 4:15:00 PM,FVG Short,Stop loss,($3130.52),$199695.88,$5.52,$3125.00,$1950.00,$5080.52,17,
1057,FDAX DEC25,Backtest,FairValueGapStrategyFiltered,Long,1,24300,24175,5/22/2025 11:00:00 AM,5/22/2025 2:15:00 PM,FVG Long,Stop loss,($3130.52),$196565.36,$5.52,$3125.00,$0.00,$3130.52,14,
1058,FDAX DEC25,Backtest,FairValueGapStrategyFiltered,Short,1,24372,24122,5/23/2025 11:30:00 AM,5/23/2025 1:45:00 PM,FVG Short,Profit target,$6244.48,$202809.84,$5.52,$850.00,$6250.00,$5.52,10,
1059,FDAX DEC25,Backtest,FairValueGapStrategyFiltered,Long,1,24512,24578,5/27/2025 11:45:00 AM,5/27/2025 6:30:00 PM,FVG Long,Exit on session close,$1644.48,$204454.32,$5.52,$1225.00,$2525.00,$880.52,28,
1060,FDAX DEC25,Backtest,FairValueGapStrategyFiltered,Short,1,24553,24379,5/28/2025 11:00:00 AM,5/28/2025 6:30:00 PM,FVG Short,Exit on session close,$4344.48,$208798.80,$5.52,$250.00,$5600.00,$1255.52,31,
1061,FDAX DEC25,Backtest,FairValueGapStrategyFiltered,Short,1,24401,24151,5/29/2025 10:45:00 AM,5/29/2025 6:15:00 PM,FVG Short,Profit target,$6244.48,$215043.28,$5.52,$2425.00,$6250.00,$5.52,31,
1062,FDAX DEC25,Backtest,FairValueGapStrategyFiltered,Long,1,24453,24328,5/30/2025 10:30:00 AM,5/30/2025 2:15:00 PM,FVG Long,Stop loss,($3130.52),$211912.76,$5.52,$3125.00,$800.00,$3930.52,16,
1063,FDAX DEC25,Backtest,FairValueGapStrategyFiltered,Short,1,24162,24248,6/2/2025 12:15:00 PM,6/2/2025 6:30:00 PM,FVG Short,Exit on session close,($2155.52),$209757.24,$5.52,$2775.00,$3175.00,$5330.52,26,
1064,FDAX DEC25,Backtest,FairValueGapStrategyFiltered,Long,1,24272,24407,6/3/2025 11:30:00 AM,6/3/2025 6:30:00 PM,FVG Long,Exit on session close,$3369.48,$213126.72,$5.52,$1475.00,$3525.00,$155.52,29,
1065,FDAX DEC25,Backtest,FairValueGapStrategyFiltered,Short,1,24514,24556,6/4/2025 12:30:00 PM,6/4/2025 6:30:00 PM,FVG Short,Exit on session close,($1055.52),$212071.20,$5.52,$1750.00,$2350.00,$3405.52,25,
1066,FDAX DEC25,Backtest,FairValueGapStrategyFiltered,Long,1,24672,24547,6/5/2025 11:00:00 AM,6/5/2025 3:30:00 PM,FVG Long,Stop loss,($3130.52),$208940.68,$5.52,$3125.00,$2750.00,$5880.52,19,
1067,FDAX DEC25,Backtest,FairValueGapStrategyFiltered,Short,1,24475,24449,6/9/2025 11:45:00 AM,6/9/2025 6:30:00 PM,FVG Short,Exit on session close,$644.48,$209585.16,$5.52,$675.00,$2325.00,$1680.52,28,
1068,FDAX DEC25,Backtest,FairValueGapStrategyFiltered,Short,1,24293,24288,6/10/2025 10:45:00 AM,6/10/2025 6:30:00 PM,FVG Short,Exit on session close,$119.48,$209704.64,$5.52,$2900.00,$1225.00,$1105.52,32,
1069,FDAX DEC25,Backtest,FairValueGapStrategyFiltered,Long,1,24355,24230,6/11/2025 10:30:00 AM,6/11/2025 5:45:00 PM,FVG Long,Stop loss,($3130.52),$206574.12,$5.52,$3125.00,$2550.00,$5680.52,30,
1070,FDAX DEC25,Backtest,FairValueGapStrategyFiltered,Short,1,23940,24065,6/12/2025 10:30:00 AM,6/12/2025 3:45:00 PM,FVG Short,Stop loss,($3130.52),$203443.60,$5.52,$3125.00,$975.00,$4105.52,22,
1071,FDAX DEC25,Backtest,FairValueGapStrategyFiltered,Short,1,23676,23801,6/13/2025 11:00:00 AM,6/13/2025 2:00:00 PM,FVG Short,Stop loss,($3130.52),$200313.08,$5.52,$3125.00,$1100.00,$4230.52,13,
1072,FDAX DEC25,Backtest,FairValueGapStrategyFiltered,Short,1,23849,23974,6/16/2025 11:45:00 AM,6/16/2025 4:45:00 PM,FVG Short,Stop loss,($3130.52),$197182.56,$5.52,$3125.00,$675.00,$3805.52,21,
1073,FDAX DEC25,Backtest,FairValueGapStrategyFiltered,Long,1,23692,23748,6/17/2025 10:30:00 AM,6/17/2025 6:30:00 PM,FVG Long,Exit on session close,$1394.48,$198577.04,$5.52,$1475.00,$3400.00,$2005.52,33,
1074,FDAX DEC25,Backtest,FairValueGapStrategyFiltered,Short,1,23689,23592,6/18/2025 11:00:00 AM,6/18/2025 6:30:00 PM,FVG Short,Exit on session close,$2419.48,$200996.52,$5.52,$1525.00,$3900.00,$1480.52,31,
1075,FDAX DEC25,Backtest,FairValueGapStrategyFiltered,Short,1,23489,23614,6/20/2025 11:15:00 AM,6/20/2025 1:15:00 PM,FVG Short,Stop loss,($3130.52),$197866.00,$5.52,$3125.00,$325.00,$3455.52,9,
1076,FDAX DEC25,Backtest,FairValueGapStrategyFiltered,Long,1,23612,23487,6/23/2025 10:30:00 AM,6/23/2025 12:15:00 PM,FVG Long,Stop loss,($3130.52),$194735.48,$5.52,$3125.00,$575.00,$3705.52,8,
1077,FDAX DEC25,Backtest,FairValueGapStrategyFiltered,Short,1,23865,23761,6/25/2025 11:00:00 AM,6/25/2025 6:30:00 PM,FVG Short,Exit on session close,$2594.48,$197329.96,$5.52,$675.00,$3375.00,$780.52,31,
1078,FDAX DEC25,Backtest,FairValueGapStrategyFiltered,Long,1,23932,23807,6/26/2025 10:45:00 AM,6/26/2025 2:45:00 PM,FVG Long,Stop loss,($3130.52),$194199.44,$5.52,$3125.00,$1050.00,$4180.52,17,
1079,FDAX DEC25,Backtest,FairValueGapStrategyFiltered,Short,1,24251,24179,6/30/2025 11:00:00 AM,6/30/2025 6:30:00 PM,FVG Short,Exit on session close,$1794.48,$195993.92,$5.52,$975.00,$3625.00,$1830.52,31,
1080,FDAX DEC25,Backtest,FairValueGapStrategyFiltered,Short,1,24113,23953,7/1/2025 10:45:00 AM,7/1/2025 6:30:00 PM,FVG Short,Exit on session close,$3994.48,$199988.40,$5.52,$475.00,$5625.00,$1630.52,32,
1081,FDAX DEC25,Backtest,FairValueGapStrategyFiltered,Short,1,24074,24199,7/3/2025 11:30:00 AM,7/3/2025 5:45:00 PM,FVG Short,Stop loss,($3130.52),$196857.88,$5.52,$3125.00,$1625.00,$4755.52,26,
1082,FDAX DEC25,Backtest,FairValueGapStrategyFiltered,Short,1,23969,24019,7/4/2025 11:15:00 AM,7/4/2025 6:30:00 PM,FVG Short,Exit on session close,($1255.52),$195602.36,$5.52,$2825.00,$75.00,$1330.52,30,
1083,FDAX DEC25,Backtest,FairValueGapStrategyFiltered,Long,1,24166,24249,7/7/2025 11:45:00 AM,7/7/2025 6:30:00 PM,FVG Long,Exit on session close,$2069.48,$197671.84,$5.52,$375.00,$4050.00,$1980.52,28,
1084,FDAX DEC25,Backtest,FairValueGapStrategyFiltered,Long,1,24359,24493,7/8/2025 10:30:00 AM,7/8/2025 6:30:00 PM,FVG Long,Exit on session close,$3344.48,$201016.32,$5.52,$950.00,$3475.00,$130.52,33,
1085,FDAX DEC25,Backtest,FairValueGapStrategyFiltered,Long,1,24629,24823,7/9/2025 10:30:00 AM,7/9/2025 6:30:00 PM,FVG Long,Exit on session close,$4844.48,$205860.80,$5.52,$450.00,$5775.00,$930.52,33,
1086,FDAX DEC25,Backtest,FairValueGapStrategyFiltered,Short,1,24821,24694,7/10/2025 10:30:00 AM,7/10/2025 6:30:00 PM,FVG Short,Exit on session close,$3169.48,$209030.28,$5.52,$1100.00,$3400.00,$230.52,33,
1087,FDAX DEC25,Backtest,FairValueGapStrategyFiltered,Short,1,24488,24455,7/11/2025 10:45:00 AM,7/11/2025 6:30:00 PM,FVG Short,Exit on session close,$819.48,$209849.76,$5.52,$1250.00,$2100.00,$1280.52,32,
1088,FDAX DEC25,Backtest,FairValueGapStrategyFiltered,Short,1,24426,24324,7/15/2025 11:45:00 AM,7/15/2025 6:30:00 PM,FVG Short,Exit on session close,$2544.48,$212394.24,$5.52,$1425.00,$3325.00,$780.52,28,
1089,FDAX DEC25,Backtest,FairValueGapStrategyFiltered,Short,1,24466,24591,7/17/2025 10:30:00 AM,7/17/2025 5:30:00 PM,FVG Short,Stop loss,($3130.52),$209263.72,$5.52,$3125.00,$1425.00,$4555.52,29,
1090,FDAX DEC25,Backtest,FairValueGapStrategyFiltered,Short,1,24499,24504,7/21/2025 12:00:00 PM,7/21/2025 6:30:00 PM,FVG Short,Exit on session close,($130.52),$209133.20,$5.52,$1100.00,$2050.00,$2180.52,27,
1091,FDAX DEC25,Backtest,FairValueGapStrategyFiltered,Short,1,24340,24247,7/22/2025 11:15:00 AM,7/22/2025 6:30:00 PM,FVG Short,Exit on session close,$2319.48,$211452.68,$5.52,$300.00,$5000.00,$2680.52,30,
1092,FDAX DEC25,Backtest,FairValueGapStrategyFiltered,Long,1,24495,24370,7/23/2025 10:45:00 AM,7/23/2025 1:15:00 PM,FVG Long,Stop loss,($3130.52),$208322.16,$5.52,$3125.00,$1250.00,$4380.52,11,
1093,FDAX DEC25,Backtest,FairValueGapStrategyFiltered,Short,1,24675,24488,7/24/2025 12:00:00 PM,7/24/2025 6:30:00 PM,FVG Short,Exit on session close,$4669.48,$212991.64,$5.52,$0.00,$5325.00,$655.52,27,
1094,FDAX DEC25,Backtest,FairValueGapStrategyFiltered,Short,1,24499,24249,7/28/2025 11:30:00 AM,7/28/2025 4:00:00 PM,FVG Short,Profit target,$6244.48,$219236.12,$5.52,$1150.00,$6250.00,$5.52,19,
1095,FDAX DEC25,Backtest,FairValueGapStrategyFiltered,Short,1,24558,24308,7/31/2025 11:15:00 AM,7/31/2025 4:30:00 PM,FVG Short,Profit target,$6244.48,$225480.60,$5.52,$550.00,$6250.00,$5.52,22,
1096,FDAX DEC25,Backtest,FairValueGapStrategyFiltered,Short,1,24122,24153,8/6/2025 11:00:00 AM,8/6/2025 6:30:00 PM,FVG Short,Exit on session close,($780.52),$224700.08,$5.52,$1475.00,$2725.00,$3505.52,31,
1097,FDAX DEC25,Backtest,FairValueGapStrategyFiltered,Long,1,24283,24533,8/7/2025 10:30:00 AM,8/7/2025 11:30:00 AM,FVG Long,Profit target,$6244.48,$230944.56,$5.52,$250.00,$6250.00,$5.52,5,
1098,FDAX DEC25,Backtest,FairValueGapStrategyFiltered,Long,1,24542,24417,8/7/2025 11:45:00 AM,8/7/2025 4:15:00 PM,FVG Long,Stop loss,($3130.52),$227814.04,$5.52,$3125.00,$1400.00,$4530.52,19,
1099,FDAX DEC25,Backtest,FairValueGapStrategyFiltered,Short,1,24272,24313,8/11/2025 10:30:00 AM,8/11/2025 6:30:00 PM,FVG Short,Exit on session close,($1030.52),$226783.52,$5.52,$2275.00,$1050.00,$2080.52,33,
1100,FDAX DEC25,Backtest,FairValueGapStrategyFiltered,Short,1,24278,24242,8/12/2025 10:45:00 AM,8/12/2025 6:30:00 PM,FVG Short,Exit on session close,$894.48,$227678.00,$5.52,$325.00,$3350.00,$2455.52,32,
1101,FDAX DEC25,Backtest,FairValueGapStrategyFiltered,Long,1,24484,24586,8/14/2025 10:30:00 AM,8/14/2025 6:30:00 PM,FVG Long,Exit on session close,$2544.48,$230222.48,$5.52,$1600.00,$3225.00,$680.52,33,
1102,FDAX DEC25,Backtest,FairValueGapStrategyFiltered,Long,1,24711,24586,8/15/2025 10:30:00 AM,8/15/2025 1:45:00 PM,FVG Long,Stop loss,($3130.52),$227091.96,$5.52,$3125.00,$475.00,$3605.52,14,
1103,FDAX DEC25,Backtest,FairValueGapStrategyFiltered,Long,1,24544,24562,8/19/2025 10:45:00 AM,8/19/2025 6:30:00 PM,FVG Long,Exit on session close,$444.48,$227536.44,$5.52,$225.00,$2325.00,$1880.52,32,
1104,FDAX DEC25,Backtest,FairValueGapStrategyFiltered,Long,1,24486,24473,8/20/2025 10:30:00 AM,8/20/2025 6:30:00 PM,FVG Long,Exit on session close,($330.52),$227205.92,$5.52,$1950.00,$1925.00,$2255.52,33,
1105,FDAX DEC25,Backtest,FairValueGapStrategyFiltered,Short,1,24438,24449,8/21/2025 11:30:00 AM,8/21/2025 6:30:00 PM,FVG Short,Exit on session close,($280.52),$226925.40,$5.52,$1400.00,$1900.00,$2180.52,29,
1106,FDAX DEC25,Backtest,FairValueGapStrategyFiltered,Long,1,24481,24530,8/22/2025 10:30:00 AM,8/22/2025 6:30:00 PM,FVG Long,Exit on session close,$1219.48,$228144.88,$5.52,$450.00,$3875.00,$2655.52,33,
1107,FDAX DEC25,Backtest,FairValueGapStrategyFiltered,Short,1,24252,24203,8/27/2025 10:45:00 AM,8/27/2025 6:30:00 PM,FVG Short,Exit on session close,$1219.48,$229364.36,$5.52,$2125.00,$2375.00,$1155.52,32,
1108,FDAX DEC25,Backtest,FairValueGapStrategyFiltered,Short,1,24265,24264,8/28/2025 11:00:00 AM,8/28/2025 6:30:00 PM,FVG Short,Exit on session close,$19.48,$229383.84,$5.52,$500.00,$3025.00,$3005.52,31,
1109,FDAX DEC25,Backtest,FairValueGapStrategyFiltered,Short,1,24077,24202,8/29/2025 10:30:00 AM,8/29/2025 3:00:00 PM,FVG Short,Stop loss,($3130.52),$226253.32,$5.52,$3125.00,$600.00,$3730.52,19,
1110,FDAX DEC25,Backtest,FairValueGapStrategyFiltered,Short,1,24166,24201,9/1/2025 11:45:00 AM,9/1/2025 6:30:00 PM,FVG Short,Exit on session close,($880.52),$225372.80,$5.52,$1200.00,$725.00,$1605.52,28,
1111,FDAX DEC25,Backtest,FairValueGapStrategyFiltered,Short,1,23931,23681,9/2/2025 11:45:00 AM,9/2/2025 5:15:00 PM,FVG Short,Profit target,$6244.48,$231617.28,$5.52,$750.00,$6250.00,$5.52,23,
1112,FDAX DEC25,Backtest,FairValueGapStrategyFiltered,Long,1,23791,23746,9/3/2025 10:45:00 AM,9/3/2025 6:30:00 PM,FVG Long,Exit on session close,($1130.52),$230486.76,$5.52,$1825.00,$2225.00,$3355.52,32,
1113,FDAX DEC25,Backtest,FairValueGapStrategyFiltered,Short,1,23893,23953,9/8/2025 10:45:00 AM,9/8/2025 6:30:00 PM,FVG Short,Exit on session close,($1505.52),$228981.24,$5.52,$2550.00,$1925.00,$3430.52,32,
1114,FDAX DEC25,Backtest,FairValueGapStrategyFiltered,Short,1,23887,23886,9/9/2025 10:30:00 AM,9/9/2025 6:30:00 PM,FVG Short,Exit on session close,$19.48,$229000.72,$5.52,$750.00,$2350.00,$2330.52,33,
1115,FDAX DEC25,Backtest,FairValueGapStrategyFiltered,Short,1,23901,23788,9/10/2025 11:00:00 AM,9/10/2025 6:30:00 PM,FVG Short,Exit on session close,$2819.48,$231820.20,$5.52,$1400.00,$3650.00,$830.52,31,
1116,FDAX DEC25,Backtest,FairValueGapStrategyFiltered,Short,1,23806,23874,9/12/2025 10:45:00 AM,9/12/2025 6:30:00 PM,FVG Short,Exit on session close,($1705.52),$230114.68,$5.52,$1725.00,$1275.00,$2980.52,32,
1117,FDAX DEC25,Backtest,FairValueGapStrategyFiltered,Long,1,24005,23880,9/15/2025 10:45:00 AM,9/15/2025 3:30:00 PM,FVG Long,Stop loss,($3130.52),$226984.16,$5.52,$3125.00,$25.00,$3155.52,20,
1118,FDAX DEC25,Backtest,FairValueGapStrategyFiltered,Long,1,23838,23713,9/16/2025 10:45:00 AM,9/16/2025 3:00:00 PM,FVG Long,Stop loss,($3130.52),$223853.64,$5.52,$3125.00,$525.00,$3655.52,18,
1119,FDAX DEC25,Backtest,FairValueGapStrategyFiltered,Short,1,23518,23523,9/17/2025 11:45:00 AM,9/17/2025 6:30:00 PM,FVG Short,Exit on session close,($130.52),$223723.12,$5.52,$1725.00,$2475.00,$2605.52,28,
1120,FDAX DEC25,Backtest,FairValueGapStrategyFiltered,Long,1,23918,23793,9/19/2025 10:30:00 AM,9/19/2025 12:00:00 PM,FVG Long,Stop loss,($3130.52),$220592.60,$5.52,$3125.00,$50.00,$3180.52,7,
1121,FDAX DEC25,Backtest,FairValueGapStrategyFiltered,Short,1,23780,23769,9/19/2025 12:15:00 PM,9/19/2025 6:30:00 PM,FVG Short,Exit on session close,$269.48,$220862.08,$5.52,$1550.00,$1175.00,$905.52,26,
1122,FDAX DEC25,Backtest,FairValueGapStrategyFiltered,Short,1,23593,23690,9/22/2025 11:45:00 AM,9/22/2025 6:30:00 PM,FVG Short,Exit on session close,($2430.52),$218431.56,$5.52,$2425.00,$1000.00,$3430.52,28,
1123,FDAX DEC25,Backtest,FairValueGapStrategyFiltered,Long,1,23847,23722,9/23/2025 11:15:00 AM,9/23/2025 12:30:00 PM,FVG Long,Stop loss,($3130.52),$215301.04,$5.52,$3125.00,$50.00,$3180.52,6,
1124,FDAX DEC25,Backtest,FairValueGapStrategyFiltered,Long,1,23731,23811,9/24/2025 10:30:00 AM,9/24/2025 6:30:00 PM,FVG Long,Exit on session close,$1994.48,$217295.52,$5.52,$1325.00,$3525.00,$1530.52,33,
1125,FDAX DEC25,Backtest,FairValueGapStrategyFiltered,Short,1,23693,23674,9/25/2025 11:00:00 AM,9/25/2025 6:30:00 PM,FVG Short,Exit on session close,$469.48,$217765.00,$5.52,$650.00,$4650.00,$4180.52,31,
1126,FDAX DEC25,Backtest,FairValueGapStrategyFiltered,Short,1,23751,23876,9/26/2025 11:30:00 AM,9/26/2025 2:45:00 PM,FVG Short,Stop loss,($3130.52),$214634.48,$5.52,$3125.00,$800.00,$3930.52,14,
1127,FDAX DEC25,Backtest,FairValueGapStrategyFiltered,Short,1,23899,23869,9/29/2025 12:15:00 PM,9/29/2025 6:30:00 PM,FVG Short,Exit on session close,$744.48,$215378.96,$5.52,$1150.00,$2625.00,$1880.52,26,
1128,FDAX DEC25,Backtest,FairValueGapStrategyFiltered,Long,1,23854,24042,9/30/2025 11:15:00 AM,9/30/2025 6:30:00 PM,FVG Long,Exit on session close,$4694.48,$220073.44,$5.52,$325.00,$5125.00,$430.52,30,
1129,FDAX DEC25,Backtest,FairValueGapStrategyFiltered,Long,1,24010,24260,10/1/2025 11:00:00 AM,10/1/2025 4:30:00 PM,FVG Long,Profit target,$6244.48,$226317.92,$5.52,$725.00,$6250.00,$5.52,23,
1130,FDAX DEC25,Backtest,FairValueGapStrategyFiltered,Long,1,24536,24604,10/2/2025 10:45:00 AM,10/2/2025 6:30:00 PM,FVG Long,Exit on session close,$1694.48,$228012.40,$5.52,$650.00,$2350.00,$655.52,32,
1131,FDAX DEC25,Backtest,FairValueGapStrategyFiltered,Long,1,24509,24537,10/6/2025 11:00:00 AM,10/6/2025 6:30:00 PM,FVG Long,Exit on session close,$694.48,$228706.88,$5.52,$850.00,$2425.00,$1730.52,31,
1132,FDAX DEC25,Backtest,FairValueGapStrategyFiltered,Long,1,24589,24729,10/8/2025 10:30:00 AM,10/8/2025 6:30:00 PM,FVG Long,Exit on session close,$3494.48,$232201.36,$5.52,$1225.00,$4125.00,$630.52,33,
1133,FDAX DEC25,Backtest,FairValueGapStrategyFiltered,Short,1,24740,24490,10/10/2025 11:00:00 AM,10/10/2025 5:15:00 PM,FVG Short,Profit target,$6244.48,$238445.84,$5.52,$425.00,$6250.00,$5.52,26,
1134,FDAX DEC25,Backtest,FairValueGapStrategyFiltered,Long,1,24304,24179,10/14/2025 11:00:00 AM,10/14/2025 12:45:00 PM,FVG Long,Stop loss,($3130.52),$235315.32,$5.52,$3125.00,$600.00,$3730.52,8,
1135,FDAX DEC25,Backtest,FairValueGapStrategyFiltered,Long,1,24421,24296,10/15/2025 10:30:00 AM,10/15/2025 3:00:00 PM,FVG Long,Stop loss,($3130.52),$232184.80,$5.52,$3125.00,$725.00,$3855.52,19,
1136,FDAX DEC25,Backtest,FairValueGapStrategyFiltered,Long,1,24258,24288,10/16/2025 10:30:00 AM,10/16/2025 6:30:00 PM,FVG Long,Exit on session close,$744.48,$232929.28,$5.52,$1300.00,$3350.00,$2605.52,33,
1137,FDAX DEC25,Backtest,FairValueGapStrategyFiltered,Short,1,24130,24255,10/20/2025 11:00:00 AM,10/20/2025 3:00:00 PM,FVG Short,Stop loss,($3130.52),$229798.76,$5.52,$3125.00,$200.00,$3330.52,17,
1138,FDAX DEC25,Backtest,FairValueGapStrategyFiltered,Short,1,24349,24474,10/21/2025 11:00:00 AM,10/21/2025 5:15:00 PM,FVG Short,Stop loss,($3130.52),$226668.24,$5.52,$3125.00,$1225.00,$4355.52,26,
1139,FDAX DEC25,Backtest,FairValueGapStrategyFiltered,Short,1,24364,24249,10/22/2025 10:45:00 AM,10/22/2025 6:30:00 PM,FVG Short,Exit on session close,$2869.48,$229537.72,$5.52,$1725.00,$3250.00,$380.52,32,
1140,FDAX DEC25,Backtest,FairValueGapStrategyFiltered,Short,1,24241,24309,10/24/2025 10:30:00 AM,10/24/2025 6:30:00 PM,FVG Short,Exit on session close,($1705.52),$227832.20,$5.52,$2925.00,$300.00,$2005.52,33,
