Trade number,Instrument,Account,Strategy,Market pos.,Qty,Entry price,Exit price,Entry time,Exit time,Entry name,Exit name,Profit,Cum. net profit,Commission,MAE,MFE,ETD,Bars,
1,GC FEB26,Backtest,FairValueGapStrategyFiltered,Long,1,1876.5,1873.5,1/7/2019 3:40:00 PM,1/7/2019 11:00:00 PM,FVG Long,Exit on session close,($306.12),($306.12),$6.12,$600.00,$120.00,$426.12,89,
2,GC FEB26,Backtest,FairValueGapStrategyFiltered,Long,1,1871.9,1877.9,1/9/2019 3:45:00 PM,1/9/2019 11:00:00 PM,FVG Long,Exit on session close,$593.88,$287.76,$6.12,$30.00,$630.00,$36.12,88,
3,GC FEB26,Backtest,FairValueGapStrategyFiltered,Long,1,1874.5,1871.1,1/11/2019 4:35:00 PM,1/11/2019 11:00:00 PM,FVG Long,Exit on session close,($346.12),($58.36),$6.12,$380.00,$30.00,$376.12,78,
4,GC FEB26,Backtest,FairValueGapStrategyFiltered,Long,1,1876.2,1875.0,1/14/2019 3:40:00 PM,1/14/2019 11:00:00 PM,FVG Long,Exit on session close,($126.12),($184.48),$6.12,$350.00,$40.00,$166.12,89,
5,GC FEB26,Backtest,FairValueGapStrategyFiltered,Long,1,1876.1,1872.6,1/15/2019 3:40:00 PM,1/15/2019 11:00:00 PM,FVG Long,Exit on session close,($356.12),($540.60),$6.12,$630.00,$190.00,$546.12,89,
6,GC FEB26,Backtest,FairValueGapStrategyFiltered,Long,1,1874.3,1876.7,1/16/2019 3:40:00 PM,1/16/2019 11:00:00 PM,FVG Long,Exit on session close,$233.88,($306.72),$6.12,$20.00,$430.00,$196.12,89,
7,GC FEB26,Backtest,FairValueGapStrategyFiltered,Long,1,1874.6,1885.7,1/25/2019 3:40:00 PM,1/25/2019 11:00:00 PM,FVG Long,Exit on session close,$1103.88,$797.16,$6.12,$40.00,$1200.00,$96.12,89,
8,GC FEB26,Backtest,FairValueGapStrategyFiltered,Long,1,1882.4,1885.7,1/28/2019 3:50:00 PM,1/28/2019 11:00:00 PM,FVG Long,Exit on session close,$323.88,$1121.04,$6.12,$40.00,$420.00,$96.12,87,
9,GC FEB26,Backtest,FairValueGapStrategyFiltered,Long,1,1891.2,1894.4,1/29/2019 3:40:00 PM,1/29/2019 11:00:00 PM,FVG Long,Exit on session close,$313.88,$1434.92,$6.12,$220.00,$360.00,$46.12,89,
10,GC FEB26,Backtest,FairValueGapStrategyFiltered,Long,1,1907.0,1903.4,1/31/2019 3:40:00 PM,1/31/2019 11:00:00 PM,FVG Long,Exit on session close,($366.12),$1068.80,$6.12,$610.00,$30.00,$396.12,89,
11,GC FEB26,Backtest,FairValueGapStrategyFiltered,Long,1,1905.3,1899.7,2/1/2019 3:40:00 PM,2/1/2019 11:00:00 PM,FVG Long,Exit on session close,($566.12),$502.68,$6.12,$700.00,$40.00,$606.12,89,
12,GC FEB26,Backtest,FairValueGapStrategyFiltered,Long,1,1894.7,1895.9,2/8/2019 3:40:00 PM,2/8/2019 11:00:00 PM,FVG Long,Exit on session close,$113.88,$616.56,$6.12,$130.00,$250.00,$136.12,89,
13,GC FEB26,Backtest,FairValueGapStrategyFiltered,Long,1,1892.7,1891.9,2/12/2019 3:40:00 PM,2/12/2019 11:00:00 PM,FVG Long,Exit on session close,($86.12),$530.44,$6.12,$340.00,$110.00,$196.12,89,
14,GC FEB26,Backtest,FairValueGapStrategyFiltered,Long,1,1893.9,1887.0,2/13/2019 3:55:00 PM,2/13/2019 11:00:00 PM,FVG Long,Exit on session close,($696.12),($165.68),$6.12,$810.00,$550.00,$1246.12,86,
15,GC FEB26,Backtest,FairValueGapStrategyFiltered,Long,1,1897.6,1902.7,2/15/2019 3:40:00 PM,2/15/2019 11:00:00 PM,FVG Long,Exit on session close,$503.88,$338.20,$6.12,$270.00,$590.00,$86.12,89,
16,GC FEB26,Backtest,FairValueGapStrategyFiltered,Long,1,1907.3,1907.4,2/18/2019 3:40:00 PM,2/18/2019 7:00:00 PM,FVG Long,Exit on session close,$3.88,$342.08,$6.12,$100.00,$40.00,$36.12,41,
17,GC FEB26,Backtest,FairValueGapStrategyFiltered,Long,1,1914.1,1921.8,2/19/2019 3:40:00 PM,2/19/2019 11:00:00 PM,FVG Long,Exit on session close,$763.88,$1105.96,$6.12,$40.00,$860.00,$96.12,89,
18,GC FEB26,Backtest,FairValueGapStrategyFiltered,Long,1,1924.2,1918.9,2/20/2019 3:40:00 PM,2/20/2019 11:00:00 PM,FVG Long,Exit on session close,($536.12),$569.84,$6.12,$670.00,$290.00,$826.12,89,
19,GC FEB26,Backtest,FairValueGapStrategyFiltered,Long,1,1912.3,1907.4,2/25/2019 3:40:00 PM,2/25/2019 11:00:00 PM,FVG Long,Exit on session close,($496.12),$73.72,$6.12,$690.00,$20.00,$516.12,89,
20,GC FEB26,Backtest,FairValueGapStrategyFiltered,Long,1,1877.2,1876.3,3/8/2019 3:40:00 PM,3/8/2019 11:00:00 PM,FVG Long,Exit on session close,($96.12),($22.40),$6.12,$380.00,$150.00,$246.12,89,
21,GC FEB26,Backtest,FairValueGapStrategyFiltered,Long,1,1870.5,1871.0,3/11/2019 4:10:00 PM,3/11/2019 10:00:00 PM,FVG Long,Exit on session close,$43.88,$21.48,$6.12,$220.00,$120.00,$76.12,71,
22,GC FEB26,Backtest,FairValueGapStrategyFiltered,Long,1,1883.8,1880.0,3/15/2019 3:25:00 PM,3/15/2019 10:00:00 PM,FVG Long,Exit on session close,($386.12),($364.64),$6.12,$490.00,$10.00,$396.12,80,
23,GC FEB26,Backtest,FairValueGapStrategyFiltered,Long,1,1883.3,1881.2,3/18/2019 4:05:00 PM,3/18/2019 10:00:00 PM,FVG Long,Exit on session close,($216.12),($580.76),$6.12,$480.00,$30.00,$246.12,72,
24,GC FEB26,Backtest,FairValueGapStrategyFiltered,Long,1,1885.7,1884.0,3/19/2019 4:35:00 PM,3/19/2019 10:00:00 PM,FVG Long,Exit on session close,($176.12),($756.88),$6.12,$230.00,$130.00,$306.12,66,
25,GC FEB26,Backtest,FairValueGapStrategyFiltered,Long,1,1898.7,1899.3,3/25/2019 3:20:00 PM,3/25/2019 10:00:00 PM,FVG Long,Exit on session close,$53.88,($703.00),$6.12,$220.00,$350.00,$296.12,81,
26,GC FEB26,Backtest,FairValueGapStrategyFiltered,Long,1,1871.6,1863.7,4/1/2019 3:40:00 PM,4/1/2019 11:00:00 PM,FVG Long,Exit on session close,($796.12),($1499.12),$6.12,$920.00,$40.00,$836.12,89,
27,GC FEB26,Backtest,FairValueGapStrategyFiltered,Long,1,1866.8,1867.3,4/5/2019 4:40:00 PM,4/5/2019 11:00:00 PM,FVG Long,Exit on session close,$43.88,($1455.24),$6.12,$20.00,$200.00,$156.12,77,
28,GC FEB26,Backtest,FairValueGapStrategyFiltered,Long,1,1877.0,1873.0,4/8/2019 3:40:00 PM,4/8/2019 11:00:00 PM,FVG Long,Exit on session close,($406.12),($1861.36),$6.12,$530.00,$90.00,$496.12,89,
29,GC FEB26,Backtest,FairValueGapStrategyFiltered,Long,1,1880.2,1879.6,4/9/2019 3:40:00 PM,4/9/2019 11:00:00 PM,FVG Long,Exit on session close,($66.12),($1927.48),$6.12,$190.00,$160.00,$226.12,89,
30,GC FEB26,Backtest,FairValueGapStrategyFiltered,Long,1,1880.3,1883.4,4/10/2019 3:40:00 PM,4/10/2019 11:00:00 PM,FVG Long,Exit on session close,$303.88,($1623.60),$6.12,$0.00,$580.00,$276.12,89,
31,GC FEB26,Backtest,FairValueGapStrategyFiltered,Long,1,1850.1,1849.3,4/18/2019 4:00:00 PM,4/18/2019 11:00:00 PM,FVG Long,Exit on session close,($86.12),($1709.72),$6.12,$420.00,$0.00,$86.12,85,
32,GC FEB26,Backtest,FairValueGapStrategyFiltered,Long,1,1847.4,1849.3,4/24/2019 4:35:00 PM,4/24/2019 11:00:00 PM,FVG Long,Exit on session close,$183.88,($1525.84),$6.12,$70.00,$470.00,$286.12,78,
33,GC FEB26,Backtest,FairValueGapStrategyFiltered,Long,1,1852.8,1850.4,4/25/2019 3:40:00 PM,4/25/2019 11:00:00 PM,FVG Long,Exit on session close,($246.12),($1771.96),$6.12,$310.00,$340.00,$586.12,89,
34,GC FEB26,Backtest,FairValueGapStrategyFiltered,Long,1,1858.2,1859.8,4/26/2019 3:40:00 PM,4/26/2019 11:00:00 PM,FVG Long,Exit on session close,$153.88,($1618.08),$6.12,$90.00,$410.00,$256.12,89,
35,GC FEB26,Backtest,FairValueGapStrategyFiltered,Long,1,1856.4,1856.8,4/30/2019 3:45:00 PM,4/30/2019 11:00:00 PM,FVG Long,Exit on session close,$33.88,($1584.20),$6.12,$280.00,$240.00,$206.12,88,
36,GC FEB26,Backtest,FairValueGapStrategyFiltered,Long,1,1856.6,1849.7,5/1/2019 4:15:00 PM,5/1/2019 11:00:00 PM,FVG Long,Exit on session close,($696.12),($2280.32),$6.12,$1070.00,$420.00,$1116.12,82,
37,GC FEB26,Backtest,FairValueGapStrategyFiltered,Long,1,1850.7,1851.6,5/3/2019 3:45:00 PM,5/3/2019 11:00:00 PM,FVG Long,Exit on session close,$83.88,($2196.44),$6.12,$50.00,$460.00,$376.12,88,
38,GC FEB26,Backtest,FairValueGapStrategyFiltered,Long,1,1854.0,1857.1,5/7/2019 3:40:00 PM,5/7/2019 11:00:00 PM,FVG Long,Exit on session close,$303.88,($1892.56),$6.12,$90.00,$470.00,$166.12,89,
39,GC FEB26,Backtest,FairValueGapStrategyFiltered,Long,1,1859.4,1853.1,5/8/2019 3:40:00 PM,5/8/2019 11:00:00 PM,FVG Long,Exit on session close,($636.12),($2528.68),$6.12,$780.00,$40.00,$676.12,89,
40,GC FEB26,Backtest,FairValueGapStrategyFiltered,Long,1,1856.4,1856.2,5/9/2019 3:55:00 PM,5/9/2019 11:00:00 PM,FVG Long,Exit on session close,($26.12),($2554.80),$6.12,$100.00,$420.00,$446.12,86,
41,GC FEB26,Backtest,FairValueGapStrategyFiltered,Long,1,1858.1,1858.2,5/10/2019 3:40:00 PM,5/10/2019 11:00:00 PM,FVG Long,Exit on session close,$3.88,($2550.92),$6.12,$110.00,$360.00,$356.12,89,
42,GC FEB26,Backtest,FairValueGapStrategyFiltered,Long,1,1871.0,1872.3,5/13/2019 3:40:00 PM,5/13/2019 11:00:00 PM,FVG Long,Exit on session close,$123.88,($2427.04),$6.12,$310.00,$260.00,$136.12,89,
43,GC FEB26,Backtest,FairValueGapStrategyFiltered,Long,1,1871.7,1868.6,5/15/2019 3:40:00 PM,5/15/2019 11:00:00 PM,FVG Long,Exit on session close,($316.12),($2743.16),$6.12,$490.00,$110.00,$426.12,89,
44,GC FEB26,Backtest,FairValueGapStrategyFiltered,Long,1,1851.1,1854.4,5/23/2019 3:40:00 PM,5/23/2019 11:00:00 PM,FVG Long,Exit on session close,$323.88,($2419.28),$6.12,$40.00,$740.00,$416.12,89,
45,GC FEB26,Backtest,FairValueGapStrategyFiltered,Long,1,1852.9,1855.7,5/24/2019 4:10:00 PM,5/24/2019 11:00:00 PM,FVG Long,Exit on session close,$273.88,($2145.40),$6.12,$40.00,$300.00,$26.12,83,
46,GC FEB26,Backtest,FairValueGapStrategyFiltered,Long,1,1856.9,1855.8,5/27/2019 3:40:00 PM,5/27/2019 7:00:00 PM,FVG Long,Exit on session close,($116.12),($2261.52),$6.12,$140.00,$30.00,$146.12,41,
47,GC FEB26,Backtest,FairValueGapStrategyFiltered,Long,1,1853.2,1850.5,5/29/2019 3:40:00 PM,5/29/2019 11:00:00 PM,FVG Long,Exit on session close,($276.12),($2537.64),$6.12,$330.00,$230.00,$506.12,89,
48,GC FEB26,Backtest,FairValueGapStrategyFiltered,Long,1,1852.8,1859.2,5/30/2019 4:20:00 PM,5/30/2019 11:00:00 PM,FVG Long,Exit on session close,$633.88,($1903.76),$6.12,$70.00,$710.00,$76.12,81,
49,GC FEB26,Backtest,FairValueGapStrategyFiltered,Long,1,1869.6,1876.2,5/31/2019 3:40:00 PM,5/31/2019 11:00:00 PM,FVG Long,Exit on session close,$653.88,($1249.88),$6.12,$310.00,$830.00,$176.12,89,
50,GC FEB26,Backtest,FairValueGapStrategyFiltered,Long,1,1884.1,1896.2,6/3/2019 3:40:00 PM,6/3/2019 11:00:00 PM,FVG Long,Exit on session close,$1203.88,($46.00),$6.12,$10.00,$1490.00,$286.12,89,
51,GC FEB26,Backtest,FairValueGapStrategyFiltered,Long,1,1909.2,1900.7,6/5/2019 3:40:00 PM,6/5/2019 11:00:00 PM,FVG Long,Exit on session close,($856.12),($902.12),$6.12,$1170.00,$50.00,$906.12,89,
52,GC FEB26,Backtest,FairValueGapStrategyFiltered,Long,1,1905.1,1905.5,6/6/2019 3:40:00 PM,6/6/2019 11:00:00 PM,FVG Long,Exit on session close,$33.88,($868.24),$6.12,$190.00,$510.00,$476.12,89,
53,GC FEB26,Backtest,FairValueGapStrategyFiltered,Long,1,1913.5,1910.9,6/7/2019 3:40:00 PM,6/7/2019 11:00:00 PM,FVG Long,Exit on session close,($266.12),($1134.36),$6.12,$480.00,$520.00,$786.12,89,
54,GC FEB26,Backtest,FairValueGapStrategyFiltered,Long,1,1902.0,1903.2,6/12/2019 3:40:00 PM,6/12/2019 11:00:00 PM,FVG Long,Exit on session close,$113.88,($1020.48),$6.12,$70.00,$490.00,$376.12,89,
55,GC FEB26,Backtest,FairValueGapStrategyFiltered,Long,1,1904.8,1912.0,6/13/2019 3:40:00 PM,6/13/2019 11:00:00 PM,FVG Long,Exit on session close,$713.88,($306.60),$6.12,$50.00,$820.00,$106.12,89,
56,GC FEB26,Backtest,FairValueGapStrategyFiltered,Long,1,1917.0,1911.3,6/14/2019 3:40:00 PM,6/14/2019 11:00:00 PM,FVG Long,Exit on session close,($576.12),($882.72),$6.12,$960.00,$510.00,$1086.12,89,
57,GC FEB26,Backtest,FairValueGapStrategyFiltered,Long,1,1912.5,1909.1,6/17/2019 3:40:00 PM,6/17/2019 11:00:00 PM,FVG Long,Exit on session close,($346.12),($1228.84),$6.12,$590.00,$50.00,$396.12,89,
58,GC FEB26,Backtest,FairValueGapStrategyFiltered,Long,1,1922.8,1916.1,6/18/2019 3:40:00 PM,6/18/2019 11:00:00 PM,FVG Long,Exit on session close,($676.12),($1904.96),$6.12,$1410.00,$20.00,$696.12,89,
59,GC FEB26,Backtest,FairValueGapStrategyFiltered,Long,1,1915.4,1930.3,6/19/2019 4:25:00 PM,6/19/2019 11:00:00 PM,FVG Long,Exit on session close,$1483.88,($421.08),$6.12,$230.00,$1720.00,$236.12,80,
60,GC FEB26,Backtest,FairValueGapStrategyFiltered,Long,1,1953.4,1958.3,6/20/2019 3:40:00 PM,6/20/2019 11:00:00 PM,FVG Long,Exit on session close,$483.88,$62.80,$6.12,$400.00,$990.00,$506.12,89,
61,GC FEB26,Backtest,FairValueGapStrategyFiltered,Long,1,1967.5,1969.0,6/21/2019 3:40:00 PM,6/21/2019 11:00:00 PM,FVG Long,Exit on session close,$143.88,$206.68,$6.12,$870.00,$290.00,$146.12,89,
62,GC FEB26,Backtest,FairValueGapStrategyFiltered,Long,1,1977.0,1989.3,6/24/2019 3:40:00 PM,6/24/2019 11:00:00 PM,FVG Long,Exit on session close,$1223.88,$1430.56,$6.12,$240.00,$1410.00,$186.12,89,
63,GC FEB26,Backtest,FairValueGapStrategyFiltered,Long,1,1998.3,1992.7,6/25/2019 3:40:00 PM,6/25/2019 11:00:00 PM,FVG Long,Exit on session close,($566.12),$864.44,$6.12,$1720.00,$750.00,$1316.12,89,
64,GC FEB26,Backtest,FairValueGapStrategyFiltered,Long,1,1979.3,1978.5,6/28/2019 4:05:00 PM,6/28/2019 11:00:00 PM,FVG Long,Exit on session close,($86.12),$778.32,$6.12,$210.00,$300.00,$386.12,84,
65,GC FEB26,Backtest,FairValueGapStrategyFiltered,Long,1,1988.8,1987.6,7/3/2019 4:15:00 PM,7/3/2019 7:15:00 PM,FVG Long,Exit on session close,($126.12),$652.20,$6.12,$500.00,$140.00,$266.12,37,
66,GC FEB26,Backtest,FairValueGapStrategyFiltered,Long,1,1985.8,1984.0,7/4/2019 4:35:00 PM,7/4/2019 7:00:00 PM,FVG Long,Exit on session close,($186.12),$466.08,$6.12,$270.00,$20.00,$206.12,30,
67,GC FEB26,Backtest,FairValueGapStrategyFiltered,Long,1,1977.9,1987.0,7/10/2019 3:40:00 PM,7/10/2019 11:00:00 PM,FVG Long,Exit on session close,$903.88,$1369.96,$6.12,$690.00,$920.00,$16.12,89,
68,GC FEB26,Backtest,FairValueGapStrategyFiltered,Long,1,1977.8,1983.8,7/12/2019 3:40:00 PM,7/12/2019 11:00:00 PM,FVG Long,Exit on session close,$593.88,$1963.84,$6.12,$530.00,$710.00,$116.12,89,
69,GC FEB26,Backtest,FairValueGapStrategyFiltered,Long,1,1978.2,1994.2,7/17/2019 3:45:00 PM,7/17/2019 11:00:00 PM,FVG Long,Exit on session close,$1593.88,$3557.72,$6.12,$90.00,$1620.00,$26.12,88,
70,GC FEB26,Backtest,FairValueGapStrategyFiltered,Long,1,1988.7,2013.4,7/18/2019 4:20:00 PM,7/18/2019 11:00:00 PM,FVG Long,Exit on session close,$2463.88,$6021.60,$6.12,$260.00,$2700.00,$236.12,81,
71,GC FEB26,Backtest,FairValueGapStrategyFiltered,Long,1,2008.9,1992.5,7/19/2019 3:50:00 PM,7/19/2019 11:00:00 PM,FVG Long,Exit on session close,($1646.12),$4375.48,$6.12,$2180.00,$10.00,$1656.12,87,
72,GC FEB26,Backtest,FairValueGapStrategyFiltered,Long,1,1995.1,1984.1,7/23/2019 4:10:00 PM,7/23/2019 11:00:00 PM,FVG Long,Exit on session close,($1106.12),$3269.36,$6.12,$1260.00,$40.00,$1146.12,83,
73,GC FEB26,Backtest,FairValueGapStrategyFiltered,Long,1,1992.7,1992.2,7/24/2019 3:40:00 PM,7/24/2019 11:00:00 PM,FVG Long,Exit on session close,($56.12),$3213.24,$6.12,$580.00,$330.00,$386.12,89,
74,GC FEB26,Backtest,FairValueGapStrategyFiltered,Long,1,1988.9,1984.5,7/26/2019 3:40:00 PM,7/26/2019 11:00:00 PM,FVG Long,Exit on session close,($446.12),$2767.12,$6.12,$680.00,$60.00,$506.12,89,
75,GC FEB26,Backtest,FairValueGapStrategyFiltered,Long,1,1987.1,1992.0,7/29/2019 3:40:00 PM,7/29/2019 11:00:00 PM,FVG Long,Exit on session close,$483.88,$3251.00,$6.12,$690.00,$640.00,$156.12,89,
76,GC FEB26,Backtest,FairValueGapStrategyFiltered,Long,1,1994.1,1996.0,7/30/2019 3:40:00 PM,7/30/2019 11:00:00 PM,FVG Long,Exit on session close,$183.88,$3434.88,$6.12,$410.00,$430.00,$246.12,89,
77,GC FEB26,Backtest,FairValueGapStrategyFiltered,Long,1,2009.0,2005.2,8/2/2019 4:40:00 PM,8/2/2019 11:00:00 PM,FVG Long,Exit on session close,($386.12),$3048.76,$6.12,$470.00,$390.00,$776.12,77,
78,GC FEB26,Backtest,FairValueGapStrategyFiltered,Long,1,2027.6,2028.4,8/5/2019 3:40:00 PM,8/5/2019 11:00:00 PM,FVG Long,Exit on session close,$73.88,$3122.64,$6.12,$990.00,$690.00,$616.12,89,
79,GC FEB26,Backtest,FairValueGapStrategyFiltered,Long,1,2032.4,2039.2,8/6/2019 4:20:00 PM,8/6/2019 11:00:00 PM,FVG Long,Exit on session close,$673.88,$3796.52,$6.12,$20.00,$700.00,$26.12,81,
80,GC FEB26,Backtest,FairValueGapStrategyFiltered,Long,1,2063.4,2065.9,8/7/2019 3:40:00 PM,8/7/2019 11:00:00 PM,FVG Long,Exit on session close,$243.88,$4040.40,$6.12,$470.00,$1200.00,$956.12,89,
81,GC FEB26,Backtest,FairValueGapStrategyFiltered,Long,1,2067.1,2060.7,8/9/2019 4:30:00 PM,8/9/2019 11:00:00 PM,FVG Long,Exit on session close,($646.12),$3394.28,$6.12,$800.00,$330.00,$976.12,79,
82,GC FEB26,Backtest,FairValueGapStrategyFiltered,Long,1,2067.0,2075.0,8/12/2019 3:40:00 PM,8/12/2019 11:00:00 PM,FVG Long,Exit on session close,$793.88,$4188.16,$6.12,$130.00,$1720.00,$926.12,89,
83,GC FEB26,Backtest,FairValueGapStrategyFiltered,Long,1,2079.7,2049.7,8/13/2019 3:40:00 PM,8/13/2019 4:00:00 PM,FVG Long,Stop loss,($3006.12),$1182.04,$6.12,$3000.00,$10.00,$3016.12,5,
84,GC FEB26,Backtest,FairValueGapStrategyFiltered,Long,1,2078.2,2080.0,8/14/2019 3:40:00 PM,8/14/2019 11:00:00 PM,FVG Long,Exit on session close,$173.88,$1355.92,$6.12,$900.00,$940.00,$766.12,89,
85,GC FEB26,Backtest,FairValueGapStrategyFiltered,Long,1,2082.9,2086.6,8/15/2019 4:45:00 PM,8/15/2019 11:00:00 PM,FVG Long,Exit on session close,$363.88,$1719.80,$6.12,$370.00,$750.00,$386.12,76,
86,GC FEB26,Backtest,FairValueGapStrategyFiltered,Long,1,2066.6,2065.3,8/21/2019 4:25:00 PM,8/21/2019 11:00:00 PM,FVG Long,Exit on session close,($136.12),$1583.68,$6.12,$390.00,$370.00,$506.12,80,
87,GC FEB26,Backtest,FairValueGapStrategyFiltered,Long,1,2067.3,2089.6,8/23/2019 3:40:00 PM,8/23/2019 11:00:00 PM,FVG Long,Exit on session close,$2223.88,$3807.56,$6.12,$310.00,$2570.00,$346.12,89,
88,GC FEB26,Backtest,FairValueGapStrategyFiltered,Long,1,2092.7,2089.6,8/26/2019 3:40:00 PM,8/26/2019 11:00:00 PM,FVG Long,Exit on session close,($316.12),$3491.44,$6.12,$400.00,$740.00,$1056.12,89,
89,GC FEB26,Backtest,FairValueGapStrategyFiltered,Long,1,2093.1,2105.1,8/27/2019 3:40:00 PM,8/27/2019 11:00:00 PM,FVG Long,Exit on session close,$1193.88,$4685.32,$6.12,$80.00,$1410.00,$216.12,89,
90,GC FEB26,Backtest,FairValueGapStrategyFiltered,Long,1,2099.7,2101.3,8/28/2019 4:30:00 PM,8/28/2019 11:00:00 PM,FVG Long,Exit on session close,$153.88,$4839.20,$6.12,$170.00,$530.00,$376.12,79,
91,GC FEB26,Backtest,FairValueGapStrategyFiltered,Long,1,2102.7,2089.4,8/29/2019 4:15:00 PM,8/29/2019 11:00:00 PM,FVG Long,Exit on session close,($1336.12),$3503.08,$6.12,$2140.00,$210.00,$1546.12,82,
92,GC FEB26,Backtest,FairValueGapStrategyFiltered,Long,1,2098.1,2109.0,9/3/2019 3:40:00 PM,9/3/2019 11:00:00 PM,FVG Long,Exit on session close,$1083.88,$4586.96,$6.12,$160.00,$1350.00,$266.12,89,
93,GC FEB26,Backtest,FairValueGapStrategyFiltered,Long,1,2110.4,2114.3,9/4/2019 4:20:00 PM,9/4/2019 11:00:00 PM,FVG Long,Exit on session close,$383.88,$4970.84,$6.12,$500.00,$850.00,$466.12,81,
94,GC FEB26,Backtest,FairValueGapStrategyFiltered,Long,1,2074.8,2059.5,9/12/2019 3:40:00 PM,9/12/2019 11:00:00 PM,FVG Long,Exit on session close,($1536.12),$3434.72,$6.12,$1750.00,$370.00,$1906.12,89,
95,GC FEB26,Backtest,FairValueGapStrategyFiltered,Long,1,2065.0,2048.4,9/13/2019 3:40:00 PM,9/13/2019 11:00:00 PM,FVG Long,Exit on session close,($1666.12),$1768.60,$6.12,$1920.00,$140.00,$1806.12,89,
96,GC FEB26,Backtest,FairValueGapStrategyFiltered,Long,1,2061.7,2058.6,9/16/2019 3:40:00 PM,9/16/2019 11:00:00 PM,FVG Long,Exit on session close,($316.12),$1452.48,$6.12,$560.00,$490.00,$806.12,89,
97,GC FEB26,Backtest,FairValueGapStrategyFiltered,Long,1,2061.2,2061.7,9/17/2019 3:40:00 PM,9/17/2019 11:00:00 PM,FVG Long,Exit on session close,$43.88,$1496.36,$6.12,$300.00,$650.00,$606.12,89,
98,GC FEB26,Backtest,FairValueGapStrategyFiltered,Long,1,2065.3,2054.4,9/18/2019 3:40:00 PM,9/18/2019 11:00:00 PM,FVG Long,Exit on session close,($1096.12),$400.24,$6.12,$2190.00,$690.00,$1786.12,89,
99,GC FEB26,Backtest,FairValueGapStrategyFiltered,Long,1,2063.2,2077.1,9/20/2019 3:40:00 PM,9/20/2019 11:00:00 PM,FVG Long,Exit on session close,$1383.88,$1784.12,$6.12,$280.00,$1400.00,$16.12,89,
100,GC FEB26,Backtest,FairValueGapStrategyFiltered,Long,1,2078.8,2082.2,9/23/2019 3:40:00 PM,9/23/2019 11:00:00 PM,FVG Long,Exit on session close,$333.88,$2118.00,$6.12,$130.00,$830.00,$496.12,89,
101,GC FEB26,Backtest,FairValueGapStrategyFiltered,Long,1,2081.4,2091.9,9/24/2019 4:15:00 PM,9/24/2019 11:00:00 PM,FVG Long,Exit on session close,$1043.88,$3161.88,$6.12,$100.00,$1460.00,$416.12,82,
102,GC FEB26,Backtest,FairValueGapStrategyFiltered,Long,1,2056.0,2058.2,10/2/2019 3:40:00 PM,10/2/2019 11:00:00 PM,FVG Long,Exit on session close,$213.88,$3375.76,$6.12,$710.00,$810.00,$596.12,89,
103,GC FEB26,Backtest,FairValueGapStrategyFiltered,Long,1,2074.7,2063.8,10/3/2019 4:15:00 PM,10/3/2019 11:00:00 PM,FVG Long,Exit on session close,($1096.12),$2279.64,$6.12,$1140.00,$190.00,$1286.12,82,
104,GC FEB26,Backtest,FairValueGapStrategyFiltered,Long,1,2061.9,2063.0,10/4/2019 4:20:00 PM,10/4/2019 11:00:00 PM,FVG Long,Exit on session close,$103.88,$2383.52,$6.12,$140.00,$640.00,$536.12,81,
105,GC FEB26,Backtest,FairValueGapStrategyFiltered,Long,1,2065.1,2063.6,10/8/2019 3:40:00 PM,10/8/2019 11:00:00 PM,FVG Long,Exit on session close,($156.12),$2227.40,$6.12,$920.00,$290.00,$446.12,89,
106,GC FEB26,Backtest,FairValueGapStrategyFiltered,Long,1,2065.4,2063.5,10/9/2019 3:45:00 PM,10/9/2019 11:00:00 PM,FVG Long,Exit on session close,($196.12),$2031.28,$6.12,$510.00,$530.00,$726.12,88,
107,GC FEB26,Backtest,FairValueGapStrategyFiltered,Long,1,2050.7,2049.9,10/14/2019 3:50:00 PM,10/14/2019 11:00:00 PM,FVG Long,Exit on session close,($86.12),$1945.16,$6.12,$440.00,$50.00,$136.12,87,
108,GC FEB26,Backtest,FairValueGapStrategyFiltered,Long,1,2048.4,2048.1,10/17/2019 3:40:00 PM,10/17/2019 11:00:00 PM,FVG Long,Exit on session close,($36.12),$1909.04,$6.12,$220.00,$540.00,$576.12,89,
109,GC FEB26,Backtest,FairValueGapStrategyFiltered,Long,1,2047.2,2046.1,10/18/2019 4:30:00 PM,10/18/2019 11:00:00 PM,FVG Long,Exit on session close,($116.12),$1792.92,$6.12,$150.00,$180.00,$296.12,79,
110,GC FEB26,Backtest,FairValueGapStrategyFiltered,Long,1,2049.2,2040.4,10/21/2019 3:40:00 PM,10/21/2019 11:00:00 PM,FVG Long,Exit on session close,($886.12),$906.80,$6.12,$1170.00,$0.00,$886.12,89,
111,GC FEB26,Backtest,FairValueGapStrategyFiltered,Long,1,2048.9,2047.8,10/23/2019 3:40:00 PM,10/23/2019 11:00:00 PM,FVG Long,Exit on session close,($116.12),$790.68,$6.12,$220.00,$320.00,$436.12,89,
112,GC FEB26,Backtest,FairValueGapStrategyFiltered,Long,1,2054.4,2059.4,10/24/2019 3:40:00 PM,10/24/2019 11:00:00 PM,FVG Long,Exit on session close,$493.88,$1284.56,$6.12,$160.00,$520.00,$26.12,89,
113,GC FEB26,Backtest,FairValueGapStrategyFiltered,Long,1,2070.2,2059.8,10/25/2019 3:40:00 PM,10/25/2019 11:00:00 PM,FVG Long,Exit on session close,($1046.12),$238.44,$6.12,$1440.00,$10.00,$1056.12,89,
114,GC FEB26,Backtest,FairValueGapStrategyFiltered,Long,1,2048.6,2050.7,10/30/2019 4:15:00 PM,10/30/2019 10:00:00 PM,FVG Long,Exit on session close,$203.88,$442.32,$6.12,$1280.00,$340.00,$136.12,70,
115,GC FEB26,Backtest,FairValueGapStrategyFiltered,Long,1,2068.5,2068.1,10/31/2019 3:20:00 PM,10/31/2019 10:00:00 PM,FVG Long,Exit on session close,($46.12),$396.20,$6.12,$530.00,$90.00,$136.12,81,
116,GC FEB26,Backtest,FairValueGapStrategyFiltered,Long,1,2067.1,2069.4,11/1/2019 3:35:00 PM,11/1/2019 10:00:00 PM,FVG Long,Exit on session close,$223.88,$620.08,$6.12,$510.00,$240.00,$16.12,78,
117,GC FEB26,Backtest,FairValueGapStrategyFiltered,Long,1,2015.1,2017.0,11/13/2019 3:40:00 PM,11/13/2019 11:00:00 PM,FVG Long,Exit on session close,$183.88,$803.96,$6.12,$90.00,$550.00,$366.12,89,
118,GC FEB26,Backtest,FairValueGapStrategyFiltered,Long,1,2021.6,2024.7,11/14/2019 3:40:00 PM,11/14/2019 11:00:00 PM,FVG Long,Exit on session close,$303.88,$1107.84,$6.12,$370.00,$660.00,$356.12,89,
119,GC FEB26,Backtest,FairValueGapStrategyFiltered,Long,1,2021.2,2021.4,11/15/2019 4:35:00 PM,11/15/2019 11:00:00 PM,FVG Long,Exit on session close,$13.88,$1121.72,$6.12,$320.00,$130.00,$116.12,78,
120,GC FEB26,Backtest,FairValueGapStrategyFiltered,Long,1,2023.0,2024.6,11/18/2019 3:40:00 PM,11/18/2019 11:00:00 PM,FVG Long,Exit on session close,$153.88,$1275.60,$6.12,$210.00,$410.00,$256.12,89,
121,GC FEB26,Backtest,FairValueGapStrategyFiltered,Long,1,2023.6,2025.3,11/19/2019 4:15:00 PM,11/19/2019 11:00:00 PM,FVG Long,Exit on session close,$163.88,$1439.48,$6.12,$150.00,$470.00,$306.12,82,
122,GC FEB26,Backtest,FairValueGapStrategyFiltered,Long,1,2025.6,2024.7,11/20/2019 4:05:00 PM,11/20/2019 11:00:00 PM,FVG Long,Exit on session close,($96.12),$1343.36,$6.12,$680.00,$290.00,$386.12,84,
123,GC FEB26,Backtest,FairValueGapStrategyFiltered,Long,1,2022.2,2014.2,11/22/2019 3:40:00 PM,11/22/2019 11:00:00 PM,FVG Long,Exit on session close,($806.12),$537.24,$6.12,$830.00,$20.00,$826.12,89,
124,GC FEB26,Backtest,FairValueGapStrategyFiltered,Long,1,2009.4,2015.2,11/29/2019 4:00:00 PM,11/29/2019 7:15:00 PM,FVG Long,Exit on session close,$573.88,$1111.12,$6.12,$60.00,$910.00,$336.12,40,
125,GC FEB26,Backtest,FairValueGapStrategyFiltered,Long,1,2012.5,2013.8,12/2/2019 4:15:00 PM,12/2/2019 11:00:00 PM,FVG Long,Exit on session close,$123.88,$1235.00,$6.12,$120.00,$480.00,$356.12,82,
126,GC FEB26,Backtest,FairValueGapStrategyFiltered,Long,1,2027.1,2029.1,12/3/2019 3:40:00 PM,12/3/2019 11:00:00 PM,FVG Long,Exit on session close,$193.88,$1428.88,$6.12,$30.00,$620.00,$426.12,89,
127,GC FEB26,Backtest,FairValueGapStrategyFiltered,Long,1,2027.3,2026.7,12/5/2019 3:50:00 PM,12/5/2019 11:00:00 PM,FVG Long,Exit on session close,($66.12),$1362.76,$6.12,$170.00,$400.00,$466.12,87,
128,GC FEB26,Backtest,FairValueGapStrategyFiltered,Long,1,2017.6,2014.3,12/10/2019 3:40:00 PM,12/10/2019 11:00:00 PM,FVG Long,Exit on session close,($336.12),$1026.64,$6.12,$530.00,$90.00,$426.12,89,
129,GC FEB26,Backtest,FairValueGapStrategyFiltered,Long,1,2016.8,2024.9,12/11/2019 3:40:00 PM,12/11/2019 11:00:00 PM,FVG Long,Exit on session close,$803.88,$1830.52,$6.12,$20.00,$1230.00,$426.12,89,
130,GC FEB26,Backtest,FairValueGapStrategyFiltered,Long,1,2034.1,2019.7,12/12/2019 3:40:00 PM,12/12/2019 11:00:00 PM,FVG Long,Exit on session close,($1446.12),$384.40,$6.12,$2030.00,$70.00,$1516.12,89,
131,GC FEB26,Backtest,FairValueGapStrategyFiltered,Long,1,2021.8,2025.9,12/13/2019 3:40:00 PM,12/13/2019 11:00:00 PM,FVG Long,Exit on session close,$403.88,$788.28,$6.12,$700.00,$630.00,$226.12,89,
132,GC FEB26,Backtest,FairValueGapStrategyFiltered,Long,1,2027.3,2026.0,12/16/2019 3:40:00 PM,12/16/2019 11:00:00 PM,FVG Long,Exit on session close,($136.12),$652.16,$6.12,$370.00,$280.00,$416.12,89,
133,GC FEB26,Backtest,FairValueGapStrategyFiltered,Long,1,2027.2,2025.0,12/18/2019 4:40:00 PM,12/18/2019 11:00:00 PM,FVG Long,Exit on session close,($226.12),$426.04,$6.12,$340.00,$90.00,$316.12,77,
134,GC FEB26,Backtest,FairValueGapStrategyFiltered,Long,1,2026.0,2028.3,12/19/2019 4:00:00 PM,12/19/2019 11:00:00 PM,FVG Long,Exit on session close,$223.88,$649.92,$6.12,$130.00,$540.00,$316.12,85,
135,GC FEB26,Backtest,FairValueGapStrategyFiltered,Long,1,2031.9,2035.4,12/23/2019 3:40:00 PM,12/23/2019 11:00:00 PM,FVG Long,Exit on session close,$343.88,$993.80,$6.12,$50.00,$380.00,$36.12,89,
136,GC FEB26,Backtest,FairValueGapStrategyFiltered,Long,1,2042.3,2049.6,12/24/2019 3:40:00 PM,12/24/2019 7:15:00 PM,FVG Long,Exit on session close,$723.88,$1717.68,$6.12,$50.00,$830.00,$106.12,44,
137,GC FEB26,Backtest,FairValueGapStrategyFiltered,Long,1,2058.6,2061.6,12/26/2019 3:40:00 PM,12/26/2019 11:00:00 PM,FVG Long,Exit on session close,$293.88,$2011.56,$6.12,$160.00,$440.00,$146.12,89,
138,GC FEB26,Backtest,FairValueGapStrategyFiltered,Long,1,2063.4,2063.8,12/30/2019 3:45:00 PM,12/30/2019 11:00:00 PM,FVG Long,Exit on session close,$33.88,$2045.44,$6.12,$170.00,$130.00,$96.12,88,
139,GC FEB26,Backtest,FairValueGapStrategyFiltered,Long,1,2067.2,2065.6,12/31/2019 3:40:00 PM,12/31/2019 11:00:00 PM,FVG Long,Exit on session close,($166.12),$1879.32,$6.12,$240.00,$620.00,$786.12,89,
140,GC FEB26,Backtest,FairValueGapStrategyFiltered,Long,1,2076.9,2077.2,1/2/2020 3:40:00 PM,1/2/2020 11:00:00 PM,FVG Long,Exit on session close,$23.88,$1903.20,$6.12,$600.00,$270.00,$246.12,89,
141,GC FEB26,Backtest,FairValueGapStrategyFiltered,Long,1,2092.5,2100.8,1/3/2020 3:40:00 PM,1/3/2020 11:00:00 PM,FVG Long,Exit on session close,$823.88,$2727.08,$6.12,$40.00,$970.00,$146.12,89,
142,GC FEB26,Backtest,FairValueGapStrategyFiltered,Long,1,2121.6,2113.3,1/6/2020 3:40:00 PM,1/6/2020 11:00:00 PM,FVG Long,Exit on session close,($836.12),$1890.96,$6.12,$1330.00,$80.00,$916.12,89,
143,GC FEB26,Backtest,FairValueGapStrategyFiltered,Long,1,2114.7,2121.7,1/7/2020 3:40:00 PM,1/7/2020 11:00:00 PM,FVG Long,Exit on session close,$693.88,$2584.84,$6.12,$190.00,$1010.00,$316.12,89,
144,GC FEB26,Backtest,FairValueGapStrategyFiltered,Long,1,2123.0,2103.1,1/8/2020 3:40:00 PM,1/8/2020 11:00:00 PM,FVG Long,Exit on session close,($1996.12),$588.72,$6.12,$2400.00,$0.00,$1996.12,89,
145,GC FEB26,Backtest,FairValueGapStrategyFiltered,Long,1,2098.4,2102.2,1/15/2020 3:40:00 PM,1/15/2020 11:00:00 PM,FVG Long,Exit on session close,$373.88,$962.60,$6.12,$360.00,$600.00,$226.12,89,
146,GC FEB26,Backtest,FairValueGapStrategyFiltered,Long,1,2101.5,2102.9,1/17/2020 3:40:00 PM,1/17/2020 11:00:00 PM,FVG Long,Exit on session close,$133.88,$1096.48,$6.12,$190.00,$550.00,$416.12,89,
147,GC FEB26,Backtest,FairValueGapStrategyFiltered,Long,1,2105.7,2106.2,1/20/2020 3:40:00 PM,1/20/2020 7:00:00 PM,FVG Long,Exit on session close,$43.88,$1140.36,$6.12,$80.00,$110.00,$66.12,41,
148,GC FEB26,Backtest,FairValueGapStrategyFiltered,Long,1,2108.6,2107.7,1/23/2020 3:55:00 PM,1/23/2020 11:00:00 PM,FVG Long,Exit on session close,($96.12),$1044.24,$6.12,$370.00,$450.00,$546.12,86,
149,GC FEB26,Backtest,FairValueGapStrategyFiltered,Long,1,2109.8,2116.9,1/24/2020 4:00:00 PM,1/24/2020 11:00:00 PM,FVG Long,Exit on session close,$703.88,$1748.12,$6.12,$140.00,$1130.00,$426.12,85,
150,GC FEB26,Backtest,FairValueGapStrategyFiltered,Long,1,2128.1,2126.7,1/27/2020 3:40:00 PM,1/27/2020 11:00:00 PM,FVG Long,Exit on session close,($146.12),$1602.00,$6.12,$630.00,$120.00,$266.12,89,
151,GC FEB26,Backtest,FairValueGapStrategyFiltered,Long,1,2126.9,2118.4,1/30/2020 4:45:00 PM,1/30/2020 11:00:00 PM,FVG Long,Exit on session close,($856.12),$745.88,$6.12,$1000.00,$350.00,$1206.12,76,
152,GC FEB26,Backtest,FairValueGapStrategyFiltered,Long,1,2126.2,2133.1,1/31/2020 3:40:00 PM,1/31/2020 11:00:00 PM,FVG Long,Exit on session close,$683.88,$1429.76,$6.12,$130.00,$900.00,$216.12,89,
153,GC FEB26,Backtest,FairValueGapStrategyFiltered,Long,1,2107.9,2109.9,2/6/2020 3:40:00 PM,2/6/2020 11:00:00 PM,FVG Long,Exit on session close,$193.88,$1623.64,$6.12,$310.00,$370.00,$176.12,89,
154,GC FEB26,Backtest,FairValueGapStrategyFiltered,Long,1,2117.0,2113.5,2/7/2020 3:40:00 PM,2/7/2020 11:00:00 PM,FVG Long,Exit on session close,($356.12),$1267.52,$6.12,$870.00,$50.00,$406.12,89,
155,GC FEB26,Backtest,FairValueGapStrategyFiltered,Long,1,2116.7,2115.2,2/10/2020 3:40:00 PM,2/10/2020 11:00:00 PM,FVG Long,Exit on session close,($156.12),$1111.40,$6.12,$220.00,$350.00,$506.12,89,
156,GC FEB26,Backtest,FairValueGapStrategyFiltered,Long,1,2116.6,2110.9,2/11/2020 3:45:00 PM,2/11/2020 11:00:00 PM,FVG Long,Exit on session close,($576.12),$535.28,$6.12,$1170.00,$60.00,$636.12,88,
157,GC FEB26,Backtest,FairValueGapStrategyFiltered,Long,1,2116.1,2118.7,2/13/2020 3:40:00 PM,2/13/2020 11:00:00 PM,FVG Long,Exit on session close,$253.88,$789.16,$6.12,$160.00,$530.00,$276.12,89,
158,GC FEB26,Backtest,FairValueGapStrategyFiltered,Long,1,2122.3,2126.6,2/14/2020 3:40:00 PM,2/14/2020 11:00:00 PM,FVG Long,Exit on session close,$423.88,$1213.04,$6.12,$10.00,$560.00,$136.12,89,
159,GC FEB26,Backtest,FairValueGapStrategyFiltered,Long,1,2132.8,2144.2,2/18/2020 3:40:00 PM,2/18/2020 11:00:00 PM,FVG Long,Exit on session close,$1133.88,$2346.92,$6.12,$220.00,$1510.00,$376.12,89,
160,GC FEB26,Backtest,FairValueGapStrategyFiltered,Long,1,2147.0,2154.3,2/19/2020 3:40:00 PM,2/19/2020 11:00:00 PM,FVG Long,Exit on session close,$723.88,$3070.80,$6.12,$190.00,$860.00,$136.12,89,
161,GC FEB26,Backtest,FairValueGapStrategyFiltered,Long,1,2157.5,2162.0,2/20/2020 3:40:00 PM,2/20/2020 11:00:00 PM,FVG Long,Exit on session close,$443.88,$3514.68,$6.12,$10.00,$870.00,$426.12,89,
162,GC FEB26,Backtest,FairValueGapStrategyFiltered,Long,1,2184.2,2185.6,2/21/2020 3:40:00 PM,2/21/2020 11:00:00 PM,FVG Long,Exit on session close,$133.88,$3648.56,$6.12,$350.00,$760.00,$626.12,89,
163,GC FEB26,Backtest,FairValueGapStrategyFiltered,Long,1,2219.3,2201.4,2/24/2020 3:40:00 PM,2/24/2020 11:00:00 PM,FVG Long,Exit on session close,($1796.12),$1852.44,$6.12,$2680.00,$240.00,$2036.12,89,
164,GC FEB26,Backtest,FairValueGapStrategyFiltered,Long,1,2197.8,2167.8,2/25/2020 4:30:00 PM,2/25/2020 10:00:00 PM,FVG Long,Stop loss,($3006.12),($1153.68),$6.12,$3000.00,$260.00,$3266.12,67,
165,GC FEB26,Backtest,FairValueGapStrategyFiltered,Long,1,2193.7,2186.0,2/27/2020 3:40:00 PM,2/27/2020 11:00:00 PM,FVG Long,Exit on session close,($776.12),($1929.80),$6.12,$1730.00,$850.00,$1626.12,89,
166,GC FEB26,Backtest,FairValueGapStrategyFiltered,Long,1,2143.1,2181.3,3/3/2020 3:40:00 PM,3/3/2020 11:00:00 PM,FVG Long,Exit on session close,$3813.88,$1884.08,$6.12,$0.00,$4710.00,$896.12,89,
167,GC FEB26,Backtest,FairValueGapStrategyFiltered,Long,1,2200.2,2212.6,3/5/2020 3:40:00 PM,3/5/2020 11:00:00 PM,FVG Long,Exit on session close,$1233.88,$3117.96,$6.12,$500.00,$1500.00,$266.12,89,
168,GC FEB26,Backtest,FairValueGapStrategyFiltered,Long,1,2223.0,2193.0,3/6/2020 3:40:00 PM,3/6/2020 4:30:00 PM,FVG Long,Stop loss,($3006.12),$111.84,$6.12,$3000.00,$380.00,$3386.12,11,
169,GC FEB26,Backtest,FairValueGapStrategyFiltered,Long,1,2072.8,2068.6,3/17/2020 3:55:00 PM,3/17/2020 10:00:00 PM,FVG Long,Exit on session close,($426.12),($314.28),$6.12,$1190.00,$2120.00,$2546.12,74,
170,GC FEB26,Backtest,FairValueGapStrategyFiltered,Long,1,2041.9,2040.8,3/20/2020 4:05:00 PM,3/20/2020 10:00:00 PM,FVG Long,Exit on session close,($116.12),($430.40),$6.12,$2120.00,$70.00,$186.12,72,
171,GC FEB26,Backtest,FairValueGapStrategyFiltered,Long,1,2082.5,2100.1,3/23/2020 4:15:00 PM,3/23/2020 10:00:00 PM,FVG Long,Exit on session close,$1753.88,$1323.48,$6.12,$240.00,$2650.00,$896.12,70,
172,GC FEB26,Backtest,FairValueGapStrategyFiltered,Long,1,2186.8,2208.7,3/24/2020 4:20:00 PM,3/24/2020 10:00:00 PM,FVG Long,Exit on session close,$2183.88,$3507.36,$6.12,$870.00,$2670.00,$486.12,69,
173,GC FEB26,Backtest,FairValueGapStrategyFiltered,Long,1,2202.4,2172.4,3/26/2020 3:20:00 PM,3/26/2020 8:25:00 PM,FVG Long,Stop loss,($3006.12),$501.24,$6.12,$3000.00,$530.00,$3536.12,62,
174,GC FEB26,Backtest,FairValueGapStrategyFiltered,Long,1,2159.4,2171.7,4/2/2020 3:40:00 PM,4/2/2020 11:00:00 PM,FVG Long,Exit on session close,$1223.88,$1725.12,$6.12,$390.00,$2270.00,$1046.12,89,
175,GC FEB26,Backtest,FairValueGapStrategyFiltered,Long,1,2176.5,2185.3,4/3/2020 3:45:00 PM,4/3/2020 11:00:00 PM,FVG Long,Exit on session close,$873.88,$2599.00,$6.12,$640.00,$1280.00,$406.12,88,
176,GC FEB26,Backtest,FairValueGapStrategyFiltered,Long,1,2209.5,2244.2,4/6/2020 3:40:00 PM,4/6/2020 11:00:00 PM,FVG Long,Exit on session close,$3463.88,$6062.88,$6.12,$40.00,$4280.00,$816.12,89,
177,GC FEB26,Backtest,FairValueGapStrategyFiltered,Long,1,2227.7,2216.2,4/7/2020 4:30:00 PM,4/7/2020 11:00:00 PM,FVG Long,Exit on session close,($1156.12),$4906.76,$6.12,$1920.00,$670.00,$1826.12,78,
178,GC FEB26,Backtest,FairValueGapStrategyFiltered,Long,1,2227.0,2216.0,4/8/2020 3:40:00 PM,4/8/2020 11:00:00 PM,FVG Long,Exit on session close,($1106.12),$3800.64,$6.12,$1240.00,$530.00,$1636.12,89,
179,GC FEB26,Backtest,FairValueGapStrategyFiltered,Long,1,2265.4,2277.1,4/9/2020 3:40:00 PM,4/9/2020 11:00:00 PM,FVG Long,Exit on session close,$1163.88,$4964.52,$6.12,$700.00,$2560.00,$1396.12,89,
180,GC FEB26,Backtest,FairValueGapStrategyFiltered,Long,1,2279.1,2299.4,4/13/2020 4:35:00 PM,4/13/2020 11:00:00 PM,FVG Long,Exit on session close,$2023.88,$6988.40,$6.12,$110.00,$3020.00,$996.12,78,
181,GC FEB26,Backtest,FairValueGapStrategyFiltered,Long,1,2304.0,2292.1,4/14/2020 3:40:00 PM,4/14/2020 11:00:00 PM,FVG Long,Exit on session close,($1196.12),$5792.28,$6.12,$2040.00,$2130.00,$3326.12,89,
182,GC FEB26,Backtest,FairValueGapStrategyFiltered,Long,1,2293.5,2263.5,4/16/2020 4:20:00 PM,4/16/2020 6:35:00 PM,FVG Long,Stop loss,($3006.12),$2786.16,$6.12,$3000.00,$430.00,$3436.12,28,
183,GC FEB26,Backtest,FairValueGapStrategyFiltered,Long,1,2265.2,2272.9,4/22/2020 3:40:00 PM,4/22/2020 11:00:00 PM,FVG Long,Exit on session close,$763.88,$3550.04,$6.12,$460.00,$1370.00,$606.12,89,
184,GC FEB26,Backtest,FairValueGapStrategyFiltered,Long,1,2290.3,2288.1,4/23/2020 3:40:00 PM,4/23/2020 11:00:00 PM,FVG Long,Exit on session close,($226.12),$3323.92,$6.12,$1310.00,$1040.00,$1266.12,89,
185,GC FEB26,Backtest,FairValueGapStrategyFiltered,Long,1,2292.6,2262.6,4/24/2020 3:40:00 PM,4/24/2020 5:20:00 PM,FVG Long,Stop loss,($3006.12),$317.80,$6.12,$3000.00,$110.00,$3116.12,21,
186,GC FEB26,Backtest,FairValueGapStrategyFiltered,Long,1,2251.0,2247.3,5/4/2020 3:40:00 PM,5/4/2020 11:00:00 PM,FVG Long,Exit on session close,($376.12),($58.32),$6.12,$750.00,$370.00,$746.12,89,
187,GC FEB26,Backtest,FairValueGapStrategyFiltered,Long,1,2247.0,2250.6,5/5/2020 3:55:00 PM,5/5/2020 11:00:00 PM,FVG Long,Exit on session close,$353.88,$295.56,$6.12,$1090.00,$730.00,$376.12,86,
188,GC FEB26,Backtest,FairValueGapStrategyFiltered,Long,1,2237.6,2263.7,5/7/2020 4:05:00 PM,5/7/2020 11:00:00 PM,FVG Long,Exit on session close,$2603.88,$2899.44,$6.12,$270.00,$3210.00,$606.12,84,
189,GC FEB26,Backtest,FairValueGapStrategyFiltered,Long,1,2260.4,2241.3,5/8/2020 3:50:00 PM,5/8/2020 11:00:00 PM,FVG Long,Exit on session close,($1916.12),$983.32,$6.12,$2080.00,$660.00,$2576.12,87,
190,GC FEB26,Backtest,FairValueGapStrategyFiltered,Long,1,2246.8,2242.0,5/12/2020 4:10:00 PM,5/12/2020 11:00:00 PM,FVG Long,Exit on session close,($486.12),$497.20,$6.12,$790.00,$640.00,$1126.12,83,
191,GC FEB26,Backtest,FairValueGapStrategyFiltered,Long,1,2248.6,2259.9,5/13/2020 3:40:00 PM,5/13/2020 11:00:00 PM,FVG Long,Exit on session close,$1123.88,$1621.08,$6.12,$100.00,$1240.00,$116.12,89,
192,GC FEB26,Backtest,FairValueGapStrategyFiltered,Long,1,2270.4,2274.8,5/14/2020 3:45:00 PM,5/14/2020 11:00:00 PM,FVG Long,Exit on session close,$433.88,$2054.96,$6.12,$110.00,$1260.00,$826.12,88,
193,GC FEB26,Backtest,FairValueGapStrategyFiltered,Long,1,2285.3,2290.6,5/15/2020 3:40:00 PM,5/15/2020 11:00:00 PM,FVG Long,Exit on session close,$523.88,$2578.84,$6.12,$790.00,$1240.00,$716.12,89,
194,GC FEB26,Backtest,FairValueGapStrategyFiltered,Long,1,2282.6,2284.6,5/19/2020 4:30:00 PM,5/19/2020 11:00:00 PM,FVG Long,Exit on session close,$193.88,$2772.72,$6.12,$490.00,$550.00,$356.12,79,
195,GC FEB26,Backtest,FairValueGapStrategyFiltered,Long,1,2290.1,2287.9,5/20/2020 4:00:00 PM,5/20/2020 11:00:00 PM,FVG Long,Exit on session close,($226.12),$2546.60,$6.12,$920.00,$270.00,$496.12,85,
196,GC FEB26,Backtest,FairValueGapStrategyFiltered,Long,1,2256.0,2246.1,5/28/2020 3:40:00 PM,5/28/2020 11:00:00 PM,FVG Long,Exit on session close,($996.12),$1550.48,$6.12,$1860.00,$240.00,$1236.12,89,
197,GC FEB26,Backtest,FairValueGapStrategyFiltered,Long,1,2258.4,2257.7,5/29/2020 3:40:00 PM,5/29/2020 11:00:00 PM,FVG Long,Exit on session close,($76.12),$1474.36,$6.12,$380.00,$1080.00,$1156.12,89,
198,GC FEB26,Backtest,FairValueGapStrategyFiltered,Long,1,2259.6,2265.5,6/1/2020 4:25:00 PM,6/1/2020 11:00:00 PM,FVG Long,Exit on session close,$583.88,$2058.24,$6.12,$170.00,$990.00,$406.12,80,
199,GC FEB26,Backtest,FairValueGapStrategyFiltered,Long,1,2268.5,2248.8,6/2/2020 3:40:00 PM,6/2/2020 11:00:00 PM,FVG Long,Exit on session close,($1976.12),$82.12,$6.12,$2580.00,$320.00,$2296.12,89,
200,GC FEB26,Backtest,FairValueGapStrategyFiltered,Long,1,2235.7,2234.5,6/9/2020 3:40:00 PM,6/9/2020 11:00:00 PM,FVG Long,Exit on session close,($126.12),($44.00),$6.12,$350.00,$840.00,$966.12,89,
201,GC FEB26,Backtest,FairValueGapStrategyFiltered,Long,1,2247.2,2262.6,6/10/2020 3:40:00 PM,6/10/2020 11:00:00 PM,FVG Long,Exit on session close,$1533.88,$1489.88,$6.12,$1840.00,$1690.00,$156.12,89,
202,GC FEB26,Backtest,FairValueGapStrategyFiltered,Long,1,2266.9,2248.4,6/11/2020 4:20:00 PM,6/11/2020 11:00:00 PM,FVG Long,Exit on session close,($1856.12),($366.24),$6.12,$2280.00,$270.00,$2126.12,81,
203,GC FEB26,Backtest,FairValueGapStrategyFiltered,Long,1,2262.7,2252.0,6/12/2020 3:40:00 PM,6/12/2020 11:00:00 PM,FVG Long,Exit on session close,($1076.12),($1442.36),$6.12,$1280.00,$500.00,$1576.12,89,
204,GC FEB26,Backtest,FairValueGapStrategyFiltered,Long,1,2246.4,2250.1,6/17/2020 4:10:00 PM,6/17/2020 11:00:00 PM,FVG Long,Exit on session close,$363.88,($1078.48),$6.12,$250.00,$730.00,$366.12,83,
205,GC FEB26,Backtest,FairValueGapStrategyFiltered,Long,1,2257.0,2270.9,6/19/2020 3:40:00 PM,6/19/2020 11:00:00 PM,FVG Long,Exit on session close,$1383.88,$305.40,$6.12,$10.00,$1860.00,$476.12,89,
206,GC FEB26,Backtest,FairValueGapStrategyFiltered,Long,1,2285.3,2279.0,6/22/2020 3:40:00 PM,6/22/2020 11:00:00 PM,FVG Long,Exit on session close,($636.12),($330.72),$6.12,$840.00,$840.00,$1476.12,89,
207,GC FEB26,Backtest,FairValueGapStrategyFiltered,Long,1,2291.4,2298.4,6/23/2020 3:40:00 PM,6/23/2020 11:00:00 PM,FVG Long,Exit on session close,$693.88,$363.16,$6.12,$0.00,$1010.00,$316.12,89,
208,GC FEB26,Backtest,FairValueGapStrategyFiltered,Long,1,2298.7,2286.7,6/24/2020 3:50:00 PM,6/24/2020 11:00:00 PM,FVG Long,Exit on session close,($1206.12),($842.96),$6.12,$1340.00,$600.00,$1806.12,87,
209,GC FEB26,Backtest,FairValueGapStrategyFiltered,Long,1,2301.9,2312.8,6/30/2020 4:25:00 PM,6/30/2020 11:00:00 PM,FVG Long,Exit on session close,$1083.88,$240.92,$6.12,$100.00,$1680.00,$596.12,80,
210,GC FEB26,Backtest,FairValueGapStrategyFiltered,Long,1,2311.0,2308.7,7/6/2020 3:40:00 PM,7/6/2020 11:00:00 PM,FVG Long,Exit on session close,($236.12),$4.80,$6.12,$790.00,$270.00,$506.12,89,
211,GC FEB26,Backtest,FairValueGapStrategyFiltered,Long,1,2308.4,2322.2,7/7/2020 3:50:00 PM,7/7/2020 11:00:00 PM,FVG Long,Exit on session close,$1373.88,$1378.68,$6.12,$130.00,$1710.00,$336.12,87,
212,GC FEB26,Backtest,FairValueGapStrategyFiltered,Long,1,2340.8,2332.5,7/8/2020 3:40:00 PM,7/8/2020 11:00:00 PM,FVG Long,Exit on session close,($836.12),$542.56,$6.12,$1050.00,$370.00,$1206.12,89,
213,GC FEB26,Backtest,FairValueGapStrategyFiltered,Long,1,2334.0,2322.4,7/9/2020 4:00:00 PM,7/9/2020 11:00:00 PM,FVG Long,Exit on session close,($1166.12),($623.56),$6.12,$1970.00,$380.00,$1546.12,85,
214,GC FEB26,Backtest,FairValueGapStrategyFiltered,Long,1,2331.3,2319.6,7/13/2020 3:40:00 PM,7/13/2020 11:00:00 PM,FVG Long,Exit on session close,($1176.12),($1799.68),$6.12,$1380.00,$220.00,$1396.12,89,
215,GC FEB26,Backtest,FairValueGapStrategyFiltered,Long,1,2325.1,2327.6,7/14/2020 4:40:00 PM,7/14/2020 11:00:00 PM,FVG Long,Exit on session close,$243.88,($1555.80),$6.12,$90.00,$460.00,$216.12,77,
216,GC FEB26,Backtest,FairValueGapStrategyFiltered,Long,1,2324.8,2327.6,7/15/2020 4:20:00 PM,7/15/2020 11:00:00 PM,FVG Long,Exit on session close,$273.88,($1281.92),$6.12,$210.00,$670.00,$396.12,81,
217,GC FEB26,Backtest,FairValueGapStrategyFiltered,Long,1,2324.5,2326.8,7/17/2020 3:40:00 PM,7/17/2020 11:00:00 PM,FVG Long,Exit on session close,$223.88,($1058.04),$6.12,$370.00,$410.00,$186.12,89,
218,GC FEB26,Backtest,FairValueGapStrategyFiltered,Long,1,2330.2,2333.7,7/20/2020 3:40:00 PM,7/20/2020 11:00:00 PM,FVG Long,Exit on session close,$343.88,($714.16),$6.12,$270.00,$790.00,$446.12,89,
219,GC FEB26,Backtest,FairValueGapStrategyFiltered,Long,1,2351.7,2357.9,7/21/2020 3:40:00 PM,7/21/2020 11:00:00 PM,FVG Long,Exit on session close,$613.88,($100.28),$6.12,$120.00,$790.00,$176.12,89,
220,GC FEB26,Backtest,FairValueGapStrategyFiltered,Long,1,2364.2,2385.5,7/22/2020 3:40:00 PM,7/22/2020 11:00:00 PM,FVG Long,Exit on session close,$2123.88,$2023.60,$6.12,$50.00,$2230.00,$106.12,89,
221,GC FEB26,Backtest,FairValueGapStrategyFiltered,Long,1,2390.0,2399.2,7/23/2020 3:55:00 PM,7/23/2020 11:00:00 PM,FVG Long,Exit on session close,$913.88,$2937.48,$6.12,$90.00,$2240.00,$1326.12,86,
222,GC FEB26,Backtest,FairValueGapStrategyFiltered,Long,1,2416.4,2415.0,7/24/2020 3:40:00 PM,7/24/2020 11:00:00 PM,FVG Long,Exit on session close,($146.12),$2791.36,$6.12,$820.00,$170.00,$316.12,89,
223,GC FEB26,Backtest,FairValueGapStrategyFiltered,Long,1,2444.5,2452.2,7/27/2020 3:40:00 PM,7/27/2020 11:00:00 PM,FVG Long,Exit on session close,$763.88,$3555.24,$6.12,$300.00,$1030.00,$266.12,89,
224,GC FEB26,Backtest,FairValueGapStrategyFiltered,Long,1,2454.7,2465.3,7/28/2020 4:25:00 PM,7/28/2020 11:00:00 PM,FVG Long,Exit on session close,$1053.88,$4609.12,$6.12,$230.00,$1560.00,$506.12,80,
225,GC FEB26,Backtest,FairValueGapStrategyFiltered,Long,1,2470.5,2480.3,7/29/2020 3:40:00 PM,7/29/2020 11:00:00 PM,FVG Long,Exit on session close,$973.88,$5583.00,$6.12,$2100.00,$2170.00,$1196.12,89,
226,GC FEB26,Backtest,FairValueGapStrategyFiltered,Long,1,2468.6,2466.9,7/30/2020 3:50:00 PM,7/30/2020 11:00:00 PM,FVG Long,Exit on session close,($176.12),$5406.88,$6.12,$2250.00,$280.00,$456.12,87,
227,GC FEB26,Backtest,FairValueGapStrategyFiltered,Long,1,2470.5,2487.8,7/31/2020 3:40:00 PM,7/31/2020 11:00:00 PM,FVG Long,Exit on session close,$1723.88,$7130.76,$6.12,$90.00,$1830.00,$106.12,89,
228,GC FEB26,Backtest,FairValueGapStrategyFiltered,Long,1,2476.6,2486.8,8/3/2020 4:20:00 PM,8/3/2020 11:00:00 PM,FVG Long,Exit on session close,$1013.88,$8144.64,$6.12,$80.00,$1100.00,$86.12,81,
229,GC FEB26,Backtest,FairValueGapStrategyFiltered,Long,1,2488.2,2530.9,8/4/2020 4:10:00 PM,8/4/2020 11:00:00 PM,FVG Long,Exit on session close,$4263.88,$12408.52,$6.12,$80.00,$4330.00,$66.12,83,
230,GC FEB26,Backtest,FairValueGapStrategyFiltered,Long,1,2548.2,2546.8,8/5/2020 3:40:00 PM,8/5/2020 11:00:00 PM,FVG Long,Exit on session close,($146.12),$12262.40,$6.12,$1250.00,$1590.00,$1736.12,89,
231,GC FEB26,Backtest,FairValueGapStrategyFiltered,Long,1,2564.0,2569.0,8/6/2020 3:40:00 PM,8/6/2020 11:00:00 PM,FVG Long,Exit on session close,$493.88,$12756.28,$6.12,$920.00,$1160.00,$666.12,89,
232,GC FEB26,Backtest,FairValueGapStrategyFiltered,Long,1,2549.9,2531.2,8/10/2020 4:00:00 PM,8/10/2020 11:00:00 PM,FVG Long,Exit on session close,($1876.12),$10880.16,$6.12,$2830.00,$470.00,$2346.12,85,
233,GC FEB26,Backtest,FairValueGapStrategyFiltered,Long,1,2472.4,2487.5,8/17/2020 3:40:00 PM,8/17/2020 11:00:00 PM,FVG Long,Exit on session close,$1503.88,$12384.04,$6.12,$250.00,$2220.00,$716.12,89,
234,GC FEB26,Backtest,FairValueGapStrategyFiltered,Long,1,2516.2,2486.2,8/18/2020 3:40:00 PM,8/18/2020 4:30:00 PM,FVG Long,Stop loss,($3006.12),$9377.92,$6.12,$3000.00,$110.00,$3116.12,11,
235,GC FEB26,Backtest,FairValueGapStrategyFiltered,Long,1,2443.0,2429.9,8/24/2020 3:40:00 PM,8/24/2020 11:00:00 PM,FVG Long,Exit on session close,($1316.12),$8061.80,$6.12,$1840.00,$520.00,$1836.12,89,
236,GC FEB26,Backtest,FairValueGapStrategyFiltered,Long,1,2432.2,2456.3,8/26/2020 3:50:00 PM,8/26/2020 11:00:00 PM,FVG Long,Exit on session close,$2403.88,$10465.68,$6.12,$440.00,$2500.00,$96.12,87,
237,GC FEB26,Backtest,FairValueGapStrategyFiltered,Long,1,2462.4,2466.4,8/28/2020 3:40:00 PM,8/28/2020 11:00:00 PM,FVG Long,Exit on session close,$393.88,$10859.56,$6.12,$790.00,$1440.00,$1046.12,89,
238,GC FEB26,Backtest,FairValueGapStrategyFiltered,Long,1,2471.0,2467.7,8/31/2020 3:40:00 PM,8/31/2020 11:00:00 PM,FVG Long,Exit on session close,($336.12),$10523.44,$6.12,$880.00,$550.00,$886.12,89,
239,GC FEB26,Backtest,FairValueGapStrategyFiltered,Long,1,2486.7,2470.4,9/1/2020 3:40:00 PM,9/1/2020 11:00:00 PM,FVG Long,Exit on session close,($1636.12),$8887.32,$6.12,$2370.00,$30.00,$1666.12,89,
240,GC FEB26,Backtest,FairValueGapStrategyFiltered,Long,1,2447.7,2448.7,9/9/2020 3:40:00 PM,9/9/2020 11:00:00 PM,FVG Long,Exit on session close,$93.88,$8981.20,$6.12,$580.00,$580.00,$486.12,89,
241,GC FEB26,Backtest,FairValueGapStrategyFiltered,Long,1,2463.6,2448.7,9/10/2020 3:40:00 PM,9/10/2020 10:55:00 PM,FVG Long,Exit on session close,($1496.12),$7485.08,$6.12,$2120.00,$540.00,$2036.12,88,
242,GC FEB26,Backtest,FairValueGapStrategyFiltered,Long,1,2454.6,2441.9,9/11/2020 3:40:00 PM,9/11/2020 10:55:00 PM,FVG Long,Exit on session close,($1276.12),$6208.96,$6.12,$1510.00,$260.00,$1536.12,88,
243,GC FEB26,Backtest,FairValueGapStrategyFiltered,Long,1,2459.4,2458.9,9/14/2020 3:40:00 PM,9/14/2020 11:00:00 PM,FVG Long,Exit on session close,($56.12),$6152.84,$6.12,$320.00,$690.00,$746.12,89,
244,GC FEB26,Backtest,FairValueGapStrategyFiltered,Long,1,2465.2,2455.7,9/15/2020 3:40:00 PM,9/15/2020 11:00:00 PM,FVG Long,Exit on session close,($956.12),$5196.72,$6.12,$1580.00,$390.00,$1346.12,89,
245,GC FEB26,Backtest,FairValueGapStrategyFiltered,Long,1,2471.0,2460.9,9/16/2020 3:40:00 PM,9/16/2020 11:00:00 PM,FVG Long,Exit on session close,($1016.12),$4180.60,$6.12,$1660.00,$190.00,$1206.12,89,
246,GC FEB26,Backtest,FairValueGapStrategyFiltered,Long,1,2372.9,2379.9,9/28/2020 3:40:00 PM,9/28/2020 11:00:00 PM,FVG Long,Exit on session close,$693.88,$4874.48,$6.12,$1040.00,$910.00,$216.12,89,
247,GC FEB26,Backtest,FairValueGapStrategyFiltered,Long,1,2386.3,2396.8,9/29/2020 3:40:00 PM,9/29/2020 11:00:00 PM,FVG Long,Exit on session close,$1043.88,$5918.36,$6.12,$340.00,$1230.00,$186.12,89,
248,GC FEB26,Backtest,FairValueGapStrategyFiltered,Long,1,2388.0,2384.7,9/30/2020 4:25:00 PM,9/30/2020 11:00:00 PM,FVG Long,Exit on session close,($336.12),$5582.24,$6.12,$480.00,$1400.00,$1736.12,80,
249,GC FEB26,Backtest,FairValueGapStrategyFiltered,Long,1,2404.0,2405.5,10/1/2020 3:40:00 PM,10/1/2020 11:00:00 PM,FVG Long,Exit on session close,$143.88,$5726.12,$6.12,$860.00,$770.00,$626.12,89,
250,GC FEB26,Backtest,FairValueGapStrategyFiltered,Long,1,2409.7,2412.4,10/5/2020 3:40:00 PM,10/5/2020 11:00:00 PM,FVG Long,Exit on session close,$263.88,$5990.00,$6.12,$220.00,$900.00,$636.12,89,
251,GC FEB26,Backtest,FairValueGapStrategyFiltered,Long,1,2419.5,2389.5,10/6/2020 3:40:00 PM,10/6/2020 9:00:00 PM,FVG Long,Stop loss,($3006.12),$2983.88,$6.12,$3000.00,$60.00,$3066.12,65,
252,GC FEB26,Backtest,FairValueGapStrategyFiltered,Long,1,2394.8,2392.1,10/8/2020 3:40:00 PM,10/8/2020 11:00:00 PM,FVG Long,Exit on session close,($276.12),$2707.76,$6.12,$1570.00,$430.00,$706.12,89,
253,GC FEB26,Backtest,FairValueGapStrategyFiltered,Long,1,2418.7,2430.1,10/9/2020 3:40:00 PM,10/9/2020 11:00:00 PM,FVG Long,Exit on session close,$1133.88,$3841.64,$6.12,$300.00,$1190.00,$56.12,89,
254,GC FEB26,Backtest,FairValueGapStrategyFiltered,Long,1,2422.3,2421.1,10/12/2020 4:00:00 PM,10/12/2020 11:00:00 PM,FVG Long,Exit on session close,($126.12),$3715.52,$6.12,$450.00,$350.00,$476.12,85,
255,GC FEB26,Backtest,FairValueGapStrategyFiltered,Long,1,2408.9,2399.3,10/14/2020 4:00:00 PM,10/14/2020 11:00:00 PM,FVG Long,Exit on session close,($966.12),$2749.40,$6.12,$1220.00,$240.00,$1206.12,85,
256,GC FEB26,Backtest,FairValueGapStrategyFiltered,Long,1,2405.3,2396.7,10/16/2020 4:00:00 PM,10/16/2020 11:00:00 PM,FVG Long,Exit on session close,($866.12),$1883.28,$6.12,$1040.00,$210.00,$1076.12,85,
257,GC FEB26,Backtest,FairValueGapStrategyFiltered,Long,1,2400.4,2396.8,10/19/2020 3:40:00 PM,10/19/2020 11:00:00 PM,FVG Long,Exit on session close,($366.12),$1517.16,$6.12,$1000.00,$130.00,$496.12,89,
258,GC FEB26,Backtest,FairValueGapStrategyFiltered,Long,1,2410.4,2419.0,10/20/2020 3:40:00 PM,10/20/2020 11:00:00 PM,FVG Long,Exit on session close,$853.88,$2371.04,$6.12,$0.00,$930.00,$76.12,89,
259,GC FEB26,Backtest,FairValueGapStrategyFiltered,Long,1,2404.0,2403.8,10/27/2020 4:30:00 PM,10/27/2020 10:00:00 PM,FVG Long,Exit on session close,($26.12),$2344.92,$6.12,$190.00,$360.00,$386.12,67,
260,GC FEB26,Backtest,FairValueGapStrategyFiltered,Long,1,2375.9,2372.6,10/30/2020 4:15:00 PM,10/30/2020 10:00:00 PM,FVG Long,Exit on session close,($336.12),$2008.80,$6.12,$710.00,$230.00,$566.12,70,
261,GC FEB26,Backtest,FairValueGapStrategyFiltered,Long,1,2384.9,2390.3,11/2/2020 3:40:00 PM,11/2/2020 11:00:00 PM,FVG Long,Exit on session close,$533.88,$2542.68,$6.12,$320.00,$600.00,$66.12,89,
262,GC FEB26,Backtest,FairValueGapStrategyFiltered,Long,1,2400.5,2404.3,11/3/2020 3:40:00 PM,11/3/2020 11:00:00 PM,FVG Long,Exit on session close,$373.88,$2916.56,$6.12,$600.00,$550.00,$176.12,89,
263,GC FEB26,Backtest,FairValueGapStrategyFiltered,Long,1,2397.5,2396.6,11/4/2020 4:10:00 PM,11/4/2020 11:00:00 PM,FVG Long,Exit on session close,($96.12),$2820.44,$6.12,$1020.00,$710.00,$806.12,83,
264,GC FEB26,Backtest,FairValueGapStrategyFiltered,Long,1,2424.0,2444.9,11/5/2020 3:40:00 PM,11/5/2020 11:00:00 PM,FVG Long,Exit on session close,$2083.88,$4904.32,$6.12,$20.00,$2410.00,$326.12,89,
265,GC FEB26,Backtest,FairValueGapStrategyFiltered,Long,1,2369.3,2369.6,11/12/2020 3:40:00 PM,11/12/2020 11:00:00 PM,FVG Long,Exit on session close,$23.88,$4928.20,$6.12,$330.00,$750.00,$726.12,89,
266,GC FEB26,Backtest,FairValueGapStrategyFiltered,Long,1,2384.7,2382.0,11/13/2020 3:40:00 PM,11/13/2020 11:00:00 PM,FVG Long,Exit on session close,($276.12),$4652.08,$6.12,$700.00,$310.00,$586.12,89,
267,GC FEB26,Backtest,FairValueGapStrategyFiltered,Long,1,2382.0,2381.7,11/16/2020 4:20:00 PM,11/16/2020 11:00:00 PM,FVG Long,Exit on session close,($36.12),$4615.96,$6.12,$440.00,$680.00,$716.12,81,
268,GC FEB26,Backtest,FairValueGapStrategyFiltered,Long,1,2370.3,2363.4,11/20/2020 3:40:00 PM,11/20/2020 11:00:00 PM,FVG Long,Exit on session close,($696.12),$3919.84,$6.12,$780.00,$270.00,$966.12,89,
269,GC FEB26,Backtest,FairValueGapStrategyFiltered,Long,1,2304.6,2302.2,11/26/2020 3:40:00 PM,11/26/2020 7:00:00 PM,FVG Long,Exit on session close,($246.12),$3673.72,$6.12,$700.00,$70.00,$316.12,41,
270,GC FEB26,Backtest,FairValueGapStrategyFiltered,Long,1,2299.8,2307.2,12/1/2020 3:40:00 PM,12/1/2020 11:00:00 PM,FVG Long,Exit on session close,$733.88,$4407.60,$6.12,$330.00,$930.00,$196.12,89,
271,GC FEB26,Backtest,FairValueGapStrategyFiltered,Long,1,2308.9,2322.4,12/2/2020 4:00:00 PM,12/2/2020 11:00:00 PM,FVG Long,Exit on session close,$1343.88,$5751.48,$6.12,$40.00,$1480.00,$136.12,85,
272,GC FEB26,Backtest,FairValueGapStrategyFiltered,Long,1,2328.6,2332.8,12/3/2020 3:40:00 PM,12/3/2020 11:00:00 PM,FVG Long,Exit on session close,$413.88,$6165.36,$6.12,$1390.00,$530.00,$116.12,89,
273,GC FEB26,Backtest,FairValueGapStrategyFiltered,Long,1,2336.8,2330.0,12/4/2020 3:45:00 PM,12/4/2020 11:00:00 PM,FVG Long,Exit on session close,($686.12),$5479.24,$6.12,$1680.00,$230.00,$916.12,88,
274,GC FEB26,Backtest,FairValueGapStrategyFiltered,Long,1,2332.3,2354.4,12/7/2020 3:40:00 PM,12/7/2020 11:00:00 PM,FVG Long,Exit on session close,$2203.88,$7683.12,$6.12,$0.00,$2870.00,$666.12,89,
275,GC FEB26,Backtest,FairValueGapStrategyFiltered,Long,1,2363.8,2362.9,12/8/2020 3:40:00 PM,12/8/2020 11:00:00 PM,FVG Long,Exit on session close,($96.12),$7587.00,$6.12,$910.00,$400.00,$496.12,89,
276,GC FEB26,Backtest,FairValueGapStrategyFiltered,Long,1,2332.1,2331.5,12/11/2020 4:00:00 PM,12/11/2020 11:00:00 PM,FVG Long,Exit on session close,($66.12),$7520.88,$6.12,$270.00,$770.00,$836.12,85,
277,GC FEB26,Backtest,FairValueGapStrategyFiltered,Long,1,2340.2,2345.5,12/15/2020 3:40:00 PM,12/15/2020 11:00:00 PM,FVG Long,Exit on session close,$523.88,$8044.76,$6.12,$420.00,$640.00,$116.12,89,
278,GC FEB26,Backtest,FairValueGapStrategyFiltered,Long,1,2349.5,2356.8,12/16/2020 3:40:00 PM,12/16/2020 11:00:00 PM,FVG Long,Exit on session close,$723.88,$8768.64,$6.12,$1330.00,$850.00,$126.12,89,
279,GC FEB26,Backtest,FairValueGapStrategyFiltered,Long,1,2385.1,2378.8,12/17/2020 3:40:00 PM,12/17/2020 11:00:00 PM,FVG Long,Exit on session close,($636.12),$8132.52,$6.12,$950.00,$490.00,$1126.12,89,
280,GC FEB26,Backtest,FairValueGapStrategyFiltered,Long,1,2377.9,2374.8,12/18/2020 4:20:00 PM,12/18/2020 11:00:00 PM,FVG Long,Exit on session close,($316.12),$7816.40,$6.12,$580.00,$270.00,$586.12,81,
281,GC FEB26,Backtest,FairValueGapStrategyFiltered,Long,1,2367.6,2365.3,12/23/2020 3:45:00 PM,12/23/2020 11:00:00 PM,FVG Long,Exit on session close,($236.12),$7580.28,$6.12,$530.00,$410.00,$646.12,88,
282,GC FEB26,Backtest,FairValueGapStrategyFiltered,Long,1,2368.2,2371.4,12/24/2020 4:00:00 PM,12/24/2020 7:15:00 PM,FVG Long,Exit on session close,$313.88,$7894.16,$6.12,$40.00,$360.00,$46.12,40,
283,GC FEB26,Backtest,FairValueGapStrategyFiltered,Long,1,2385.4,2365.2,12/28/2020 3:40:00 PM,12/28/2020 11:00:00 PM,FVG Long,Exit on session close,($2026.12),$5868.04,$6.12,$2280.00,$400.00,$2426.12,89,
284,GC FEB26,Backtest,FairValueGapStrategyFiltered,Long,1,2371.7,2370.5,12/29/2020 3:40:00 PM,12/29/2020 11:00:00 PM,FVG Long,Exit on session close,($126.12),$5741.92,$6.12,$810.00,$760.00,$886.12,89,
285,GC FEB26,Backtest,FairValueGapStrategyFiltered,Long,1,2374.8,2386.6,12/30/2020 3:40:00 PM,12/30/2020 11:00:00 PM,FVG Long,Exit on session close,$1173.88,$6915.80,$6.12,$200.00,$1220.00,$46.12,89,
286,GC FEB26,Backtest,FairValueGapStrategyFiltered,Long,1,2388.9,2389.6,12/31/2020 3:40:00 PM,12/31/2020 11:00:00 PM,FVG Long,Exit on session close,$63.88,$6979.68,$6.12,$710.00,$350.00,$286.12,89,
287,GC FEB26,Backtest,FairValueGapStrategyFiltered,Long,1,2430.9,2434.7,1/4/2021 3:40:00 PM,1/4/2021 11:00:00 PM,FVG Long,Exit on session close,$373.88,$7353.56,$6.12,$990.00,$580.00,$206.12,89,
288,GC FEB26,Backtest,FairValueGapStrategyFiltered,Long,1,2437.2,2441.7,1/5/2021 3:40:00 PM,1/5/2021 11:00:00 PM,FVG Long,Exit on session close,$443.88,$7797.44,$6.12,$740.00,$780.00,$336.12,89,
289,GC FEB26,Backtest,FairValueGapStrategyFiltered,Long,1,2346.8,2332.7,1/13/2021 4:00:00 PM,1/13/2021 11:00:00 PM,FVG Long,Exit on session close,($1416.12),$6381.32,$6.12,$1720.00,$190.00,$1606.12,85,
290,GC FEB26,Backtest,FairValueGapStrategyFiltered,Long,1,2348.0,2360.0,1/20/2021 3:40:00 PM,1/20/2021 11:00:00 PM,FVG Long,Exit on session close,$1193.88,$7575.20,$6.12,$680.00,$1200.00,$6.12,89,
291,GC FEB26,Backtest,FairValueGapStrategyFiltered,Long,1,2353.2,2357.9,1/21/2021 4:25:00 PM,1/21/2021 11:00:00 PM,FVG Long,Exit on session close,$463.88,$8039.08,$6.12,$410.00,$610.00,$146.12,80,
292,GC FEB26,Backtest,FairValueGapStrategyFiltered,Long,1,2349.6,2343.0,1/25/2021 3:40:00 PM,1/25/2021 11:00:00 PM,FVG Long,Exit on session close,($666.12),$7372.96,$6.12,$1540.00,$280.00,$946.12,89,
293,GC FEB26,Backtest,FairValueGapStrategyFiltered,Long,1,2343.5,2337.4,1/26/2021 4:05:00 PM,1/26/2021 11:00:00 PM,FVG Long,Exit on session close,($616.12),$6756.84,$6.12,$740.00,$170.00,$786.12,84,
294,GC FEB26,Backtest,FairValueGapStrategyFiltered,Long,1,2347.8,2329.1,1/28/2021 3:40:00 PM,1/28/2021 11:00:00 PM,FVG Long,Exit on session close,($1876.12),$4880.72,$6.12,$2750.00,$320.00,$2196.12,89,
295,GC FEB26,Backtest,FairValueGapStrategyFiltered,Long,1,2349.9,2333.8,1/29/2021 3:40:00 PM,1/29/2021 11:00:00 PM,FVG Long,Exit on session close,($1616.12),$3264.60,$6.12,$2210.00,$410.00,$2026.12,89,
296,GC FEB26,Backtest,FairValueGapStrategyFiltered,Long,1,2352.2,2347.8,2/1/2021 3:40:00 PM,2/1/2021 11:00:00 PM,FVG Long,Exit on session close,($446.12),$2818.48,$6.12,$820.00,$480.00,$926.12,89,
297,GC FEB26,Backtest,FairValueGapStrategyFiltered,Long,1,2318.4,2316.0,2/8/2021 3:40:00 PM,2/8/2021 11:00:00 PM,FVG Long,Exit on session close,($246.12),$2572.36,$6.12,$360.00,$620.00,$866.12,89,
298,GC FEB26,Backtest,FairValueGapStrategyFiltered,Long,1,2327.8,2322.8,2/9/2021 3:40:00 PM,2/9/2021 11:00:00 PM,FVG Long,Exit on session close,($506.12),$2066.24,$6.12,$1120.00,$290.00,$796.12,89,
299,GC FEB26,Backtest,FairValueGapStrategyFiltered,Long,1,2329.9,2328.2,2/10/2021 3:40:00 PM,2/10/2021 11:00:00 PM,FVG Long,Exit on session close,($176.12),$1890.12,$6.12,$1070.00,$280.00,$456.12,89,
300,GC FEB26,Backtest,FairValueGapStrategyFiltered,Long,1,2264.3,2267.1,2/19/2021 3:40:00 PM,2/19/2021 11:00:00 PM,FVG Long,Exit on session close,$273.88,$2164.00,$6.12,$440.00,$1060.00,$786.12,89,
301,GC FEB26,Backtest,FairValueGapStrategyFiltered,Long,1,2283.8,2293.1,2/22/2021 3:40:00 PM,2/22/2021 11:00:00 PM,FVG Long,Exit on session close,$923.88,$3087.88,$6.12,$20.00,$1260.00,$336.12,89,
302,GC FEB26,Backtest,FairValueGapStrategyFiltered,Long,1,2288.3,2289.5,2/23/2021 4:20:00 PM,2/23/2021 11:00:00 PM,FVG Long,Exit on session close,$113.88,$3201.76,$6.12,$390.00,$630.00,$516.12,81,
303,GC FEB26,Backtest,FairValueGapStrategyFiltered,Long,1,2199.6,2198.1,3/9/2021 3:40:00 PM,3/9/2021 11:00:00 PM,FVG Long,Exit on session close,($156.12),$3045.64,$6.12,$570.00,$310.00,$466.12,89,
304,GC FEB26,Backtest,FairValueGapStrategyFiltered,Long,1,2198.5,2209.0,3/10/2021 3:40:00 PM,3/10/2021 11:00:00 PM,FVG Long,Exit on session close,$1043.88,$4089.52,$6.12,$240.00,$1080.00,$36.12,89,
305,GC FEB26,Backtest,FairValueGapStrategyFiltered,Long,1,2209.0,2214.0,3/15/2021 4:15:00 PM,3/15/2021 10:00:00 PM,FVG Long,Exit on session close,$493.88,$4583.40,$6.12,$140.00,$590.00,$96.12,70,
306,GC FEB26,Backtest,FairValueGapStrategyFiltered,Long,1,2222.7,2214.1,3/16/2021 3:35:00 PM,3/16/2021 10:00:00 PM,FVG Long,Exit on session close,($866.12),$3717.28,$6.12,$1390.00,$180.00,$1046.12,78,
307,GC FEB26,Backtest,FairValueGapStrategyFiltered,Long,1,2215.1,2228.0,3/17/2021 3:30:00 PM,3/17/2021 10:00:00 PM,FVG Long,Exit on session close,$1283.88,$5001.16,$6.12,$700.00,$1950.00,$666.12,79,
308,GC FEB26,Backtest,FairValueGapStrategyFiltered,Long,1,2220.1,2222.5,3/22/2021 4:45:00 PM,3/22/2021 10:00:00 PM,FVG Long,Exit on session close,$233.88,$5235.04,$6.12,$30.00,$410.00,$176.12,64,
309,GC FEB26,Backtest,FairValueGapStrategyFiltered,Long,1,2217.1,2215.6,3/26/2021 4:15:00 PM,3/26/2021 10:00:00 PM,FVG Long,Exit on session close,($156.12),$5078.92,$6.12,$440.00,$240.00,$396.12,70,
310,GC FEB26,Backtest,FairValueGapStrategyFiltered,Long,1,2205.6,2211.7,4/1/2021 3:40:00 PM,4/1/2021 11:00:00 PM,FVG Long,Exit on session close,$603.88,$5682.80,$6.12,$190.00,$780.00,$176.12,89,
311,GC FEB26,Backtest,FairValueGapStrategyFiltered,Long,1,2208.1,2210.6,4/5/2021 4:00:00 PM,4/5/2021 11:00:00 PM,FVG Long,Exit on session close,$243.88,$5926.68,$6.12,$90.00,$770.00,$526.12,85,
312,GC FEB26,Backtest,FairValueGapStrategyFiltered,Long,1,2220.3,2225.8,4/6/2021 3:40:00 PM,4/6/2021 11:00:00 PM,FVG Long,Exit on session close,$543.88,$6470.56,$6.12,$70.00,$780.00,$236.12,89,
313,GC FEB26,Backtest,FairValueGapStrategyFiltered,Long,1,2222.2,2219.9,4/7/2021 4:05:00 PM,4/7/2021 11:00:00 PM,FVG Long,Exit on session close,($236.12),$6234.44,$6.12,$480.00,$330.00,$566.12,84,
314,GC FEB26,Backtest,FairValueGapStrategyFiltered,Long,1,2235.3,2237.9,4/8/2021 3:40:00 PM,4/8/2021 11:00:00 PM,FVG Long,Exit on session close,$253.88,$6488.32,$6.12,$0.00,$550.00,$296.12,89,
315,GC FEB26,Backtest,FairValueGapStrategyFiltered,Long,1,2226.2,2227.6,4/13/2021 3:40:00 PM,4/13/2021 11:00:00 PM,FVG Long,Exit on session close,$133.88,$6622.20,$6.12,$430.00,$470.00,$336.12,89,
316,GC FEB26,Backtest,FairValueGapStrategyFiltered,Long,1,2236.8,2245.8,4/15/2021 3:40:00 PM,4/15/2021 11:00:00 PM,FVG Long,Exit on session close,$893.88,$7516.08,$6.12,$240.00,$1520.00,$626.12,89,
317,GC FEB26,Backtest,FairValueGapStrategyFiltered,Long,1,2255.2,2258.7,4/16/2021 3:40:00 PM,4/16/2021 11:00:00 PM,FVG Long,Exit on session close,$343.88,$7859.96,$6.12,$140.00,$750.00,$406.12,89,
318,GC FEB26,Backtest,FairValueGapStrategyFiltered,Long,1,2258.8,2260.6,4/20/2021 4:15:00 PM,4/20/2021 11:00:00 PM,FVG Long,Exit on session close,$173.88,$8033.84,$6.12,$430.00,$340.00,$166.12,82,
319,GC FEB26,Backtest,FairValueGapStrategyFiltered,Long,1,2268.4,2275.7,4/21/2021 3:40:00 PM,4/21/2021 11:00:00 PM,FVG Long,Exit on session close,$723.88,$8757.72,$6.12,$90.00,$1140.00,$416.12,89,
320,GC FEB26,Backtest,FairValueGapStrategyFiltered,Long,1,2264.5,2257.5,4/27/2021 4:05:00 PM,4/27/2021 11:00:00 PM,FVG Long,Exit on session close,($706.12),$8051.60,$6.12,$810.00,$120.00,$826.12,84,
321,GC FEB26,Backtest,FairValueGapStrategyFiltered,Long,1,2269.4,2274.5,5/3/2021 3:40:00 PM,5/3/2021 11:00:00 PM,FVG Long,Exit on session close,$503.88,$8555.48,$6.12,$80.00,$1090.00,$586.12,89,
322,GC FEB26,Backtest,FairValueGapStrategyFiltered,Long,1,2279.4,2260.0,5/4/2021 4:10:00 PM,5/4/2021 11:00:00 PM,FVG Long,Exit on session close,($1946.12),$6609.36,$6.12,$2880.00,$150.00,$2096.12,83,
323,GC FEB26,Backtest,FairValueGapStrategyFiltered,Long,1,2278.3,2296.9,5/6/2021 3:40:00 PM,5/6/2021 11:00:00 PM,FVG Long,Exit on session close,$1853.88,$8463.24,$6.12,$0.00,$2170.00,$316.12,89,
324,GC FEB26,Backtest,FairValueGapStrategyFiltered,Long,1,2309.1,2313.4,5/7/2021 3:40:00 PM,5/7/2021 11:00:00 PM,FVG Long,Exit on session close,$423.88,$8887.12,$6.12,$110.00,$1560.00,$1136.12,89,
325,GC FEB26,Backtest,FairValueGapStrategyFiltered,Long,1,2326.9,2318.0,5/10/2021 3:40:00 PM,5/10/2021 11:00:00 PM,FVG Long,Exit on session close,($896.12),$7991.00,$6.12,$1120.00,$30.00,$926.12,89,
326,GC FEB26,Backtest,FairValueGapStrategyFiltered,Long,1,2318.8,2325.4,5/14/2021 3:40:00 PM,5/14/2021 11:00:00 PM,FVG Long,Exit on session close,$653.88,$8644.88,$6.12,$280.00,$970.00,$316.12,89,
327,GC FEB26,Backtest,FairValueGapStrategyFiltered,Long,1,2334.0,2349.0,5/17/2021 3:40:00 PM,5/17/2021 11:00:00 PM,FVG Long,Exit on session close,$1493.88,$10138.76,$6.12,$50.00,$1670.00,$176.12,89,
328,GC FEB26,Backtest,FairValueGapStrategyFiltered,Long,1,2351.8,2351.2,5/18/2021 3:45:00 PM,5/18/2021 11:00:00 PM,FVG Long,Exit on session close,($66.12),$10072.64,$6.12,$690.00,$100.00,$166.12,88,
329,GC FEB26,Backtest,FairValueGapStrategyFiltered,Long,1,2364.3,2351.5,5/19/2021 3:45:00 PM,5/19/2021 11:00:00 PM,FVG Long,Exit on session close,($1286.12),$8786.52,$6.12,$2090.00,$840.00,$2126.12,88,
330,GC FEB26,Backtest,FairValueGapStrategyFiltered,Long,1,2359.7,2358.8,5/20/2021 4:00:00 PM,5/20/2021 11:00:00 PM,FVG Long,Exit on session close,($96.12),$8690.40,$6.12,$480.00,$700.00,$796.12,85,
331,GC FEB26,Backtest,FairValueGapStrategyFiltered,Long,1,2366.8,2363.2,5/21/2021 3:40:00 PM,5/21/2021 11:00:00 PM,FVG Long,Exit on session close,($366.12),$8324.28,$6.12,$1510.00,$370.00,$736.12,89,
332,GC FEB26,Backtest,FairValueGapStrategyFiltered,Long,1,2365.4,2363.0,5/24/2021 3:50:00 PM,5/24/2021 11:00:00 PM,FVG Long,Exit on session close,($246.12),$8078.16,$6.12,$590.00,$180.00,$426.12,87,
333,GC FEB26,Backtest,FairValueGapStrategyFiltered,Long,1,2374.6,2381.3,5/25/2021 4:15:00 PM,5/25/2021 11:00:00 PM,FVG Long,Exit on session close,$663.88,$8742.04,$6.12,$450.00,$800.00,$136.12,82,
334,GC FEB26,Backtest,FairValueGapStrategyFiltered,Long,1,2388.8,2378.6,5/26/2021 3:40:00 PM,5/26/2021 11:00:00 PM,FVG Long,Exit on session close,($1026.12),$7715.92,$6.12,$1690.00,$10.00,$1036.12,89,
335,GC FEB26,Backtest,FairValueGapStrategyFiltered,Long,1,2381.1,2385.2,5/28/2021 3:45:00 PM,5/28/2021 11:00:00 PM,FVG Long,Exit on session close,$403.88,$8119.80,$6.12,$660.00,$660.00,$256.12,88,
336,GC FEB26,Backtest,FairValueGapStrategyFiltered,Long,1,2387.9,2388.4,5/31/2021 4:05:00 PM,5/31/2021 7:00:00 PM,FVG Long,Exit on session close,$43.88,$8163.68,$6.12,$220.00,$60.00,$16.12,36,
337,GC FEB26,Backtest,FairValueGapStrategyFiltered,Long,1,2387.6,2389.8,6/2/2021 3:40:00 PM,6/2/2021 11:00:00 PM,FVG Long,Exit on session close,$213.88,$8377.56,$6.12,$560.00,$310.00,$96.12,89,
338,GC FEB26,Backtest,FairValueGapStrategyFiltered,Long,1,2376.3,2373.0,6/4/2021 4:40:00 PM,6/4/2021 11:00:00 PM,FVG Long,Exit on session close,($336.12),$8041.44,$6.12,$670.00,$110.00,$446.12,77,
339,GC FEB26,Backtest,FairValueGapStrategyFiltered,Long,1,2377.0,2374.1,6/8/2021 4:15:00 PM,6/8/2021 11:00:00 PM,FVG Long,Exit on session close,($296.12),$7745.32,$6.12,$520.00,$70.00,$366.12,82,
340,GC FEB26,Backtest,FairValueGapStrategyFiltered,Long,1,2375.9,2369.6,6/9/2021 3:40:00 PM,6/9/2021 11:00:00 PM,FVG Long,Exit on session close,($636.12),$7109.20,$6.12,$710.00,$470.00,$1106.12,89,
341,GC FEB26,Backtest,FairValueGapStrategyFiltered,Long,1,2374.3,2380.2,6/10/2021 3:55:00 PM,6/10/2021 11:00:00 PM,FVG Long,Exit on session close,$583.88,$7693.08,$6.12,$570.00,$760.00,$176.12,86,
342,GC FEB26,Backtest,FairValueGapStrategyFiltered,Long,1,2257.7,2262.4,6/21/2021 4:20:00 PM,6/21/2021 11:00:00 PM,FVG Long,Exit on session close,$463.88,$8156.96,$6.12,$190.00,$810.00,$346.12,81,
343,GC FEB26,Backtest,FairValueGapStrategyFiltered,Long,1,2265.2,2257.6,6/23/2021 3:40:00 PM,6/23/2021 11:00:00 PM,FVG Long,Exit on session close,($766.12),$7390.84,$6.12,$1320.00,$930.00,$1696.12,89,
344,GC FEB26,Backtest,FairValueGapStrategyFiltered,Long,1,2263.3,2254.0,6/24/2021 3:40:00 PM,6/24/2021 11:00:00 PM,FVG Long,Exit on session close,($936.12),$6454.72,$6.12,$1070.00,$150.00,$1086.12,89,
345,GC FEB26,Backtest,FairValueGapStrategyFiltered,Long,1,2265.0,2260.7,6/25/2021 3:40:00 PM,6/25/2021 11:00:00 PM,FVG Long,Exit on session close,($436.12),$6018.60,$6.12,$980.00,$390.00,$826.12,89,
346,GC FEB26,Backtest,FairValueGapStrategyFiltered,Long,1,2261.1,2257.7,6/28/2021 4:15:00 PM,6/28/2021 11:00:00 PM,FVG Long,Exit on session close,($346.12),$5672.48,$6.12,$480.00,$70.00,$416.12,82,
347,GC FEB26,Backtest,FairValueGapStrategyFiltered,Long,1,2259.3,2256.2,7/1/2021 3:40:00 PM,7/1/2021 11:00:00 PM,FVG Long,Exit on session close,($316.12),$5356.36,$6.12,$1240.00,$300.00,$616.12,89,
348,GC FEB26,Backtest,FairValueGapStrategyFiltered,Long,1,2269.4,2266.6,7/2/2021 3:40:00 PM,7/2/2021 11:00:00 PM,FVG Long,Exit on session close,($286.12),$5070.24,$6.12,$1230.00,$170.00,$456.12,89,
349,GC FEB26,Backtest,FairValueGapStrategyFiltered,Long,1,2271.0,2270.9,7/5/2021 3:40:00 PM,7/5/2021 7:00:00 PM,FVG Long,Exit on session close,($16.12),$5054.12,$6.12,$210.00,$80.00,$96.12,41,
350,GC FEB26,Backtest,FairValueGapStrategyFiltered,Long,1,2289.3,2275.9,7/6/2021 3:40:00 PM,7/6/2021 11:00:00 PM,FVG Long,Exit on session close,($1346.12),$3708.00,$6.12,$2020.00,$290.00,$1636.12,89,
351,GC FEB26,Backtest,FairValueGapStrategyFiltered,Long,1,2281.9,2282.8,7/7/2021 3:40:00 PM,7/7/2021 11:00:00 PM,FVG Long,Exit on session close,$83.88,$3791.88,$6.12,$600.00,$560.00,$476.12,89,
352,GC FEB26,Backtest,FairValueGapStrategyFiltered,Long,1,2291.1,2282.0,7/8/2021 3:40:00 PM,7/8/2021 11:00:00 PM,FVG Long,Exit on session close,($916.12),$2875.76,$6.12,$1870.00,$130.00,$1046.12,89,
353,GC FEB26,Backtest,FairValueGapStrategyFiltered,Long,1,2282.7,2287.5,7/9/2021 3:40:00 PM,7/9/2021 11:00:00 PM,FVG Long,Exit on session close,$473.88,$3349.64,$6.12,$170.00,$920.00,$446.12,89,
354,GC FEB26,Backtest,FairValueGapStrategyFiltered,Long,1,2284.6,2285.6,7/12/2021 4:40:00 PM,7/12/2021 11:00:00 PM,FVG Long,Exit on session close,$93.88,$3443.52,$6.12,$200.00,$250.00,$156.12,77,
355,GC FEB26,Backtest,FairValueGapStrategyFiltered,Long,1,2291.6,2286.6,7/13/2021 3:40:00 PM,7/13/2021 11:00:00 PM,FVG Long,Exit on session close,($506.12),$2937.40,$6.12,$740.00,$330.00,$836.12,89,
356,GC FEB26,Backtest,FairValueGapStrategyFiltered,Long,1,2305.8,2307.5,7/14/2021 3:40:00 PM,7/14/2021 11:00:00 PM,FVG Long,Exit on session close,$163.88,$3101.28,$6.12,$670.00,$260.00,$96.12,89,
357,GC FEB26,Backtest,FairValueGapStrategyFiltered,Long,1,2304.7,2291.4,7/16/2021 3:50:00 PM,7/16/2021 11:00:00 PM,FVG Long,Exit on session close,($1336.12),$1765.16,$6.12,$1630.00,$110.00,$1446.12,87,
358,GC FEB26,Backtest,FairValueGapStrategyFiltered,Long,1,2300.8,2289.1,7/20/2021 3:40:00 PM,7/20/2021 11:00:00 PM,FVG Long,Exit on session close,($1176.12),$589.04,$6.12,$1670.00,$400.00,$1576.12,89,
359,GC FEB26,Backtest,FairValueGapStrategyFiltered,Long,1,2282.2,2277.7,7/27/2021 3:40:00 PM,7/27/2021 11:00:00 PM,FVG Long,Exit on session close,($456.12),$132.92,$6.12,$910.00,$160.00,$616.12,89,
360,GC FEB26,Backtest,FairValueGapStrategyFiltered,Long,1,2304.7,2307.0,7/29/2021 3:40:00 PM,7/29/2021 11:00:00 PM,FVG Long,Exit on session close,$223.88,$356.80,$6.12,$40.00,$740.00,$516.12,89,
361,GC FEB26,Backtest,FairValueGapStrategyFiltered,Long,1,2310.1,2288.9,8/4/2021 3:40:00 PM,8/4/2021 11:00:00 PM,FVG Long,Exit on session close,($2126.12),($1769.32),$6.12,$2720.00,$40.00,$2166.12,89,
362,GC FEB26,Backtest,FairValueGapStrategyFiltered,Long,1,2221.5,2227.6,8/11/2021 3:40:00 PM,8/11/2021 11:00:00 PM,FVG Long,Exit on session close,$603.88,($1165.44),$6.12,$700.00,$980.00,$376.12,89,
363,GC FEB26,Backtest,FairValueGapStrategyFiltered,Long,1,2240.2,2256.1,8/13/2021 3:40:00 PM,8/13/2021 11:00:00 PM,FVG Long,Exit on session close,$1583.88,$418.44,$6.12,$140.00,$1630.00,$46.12,89,
364,GC FEB26,Backtest,FairValueGapStrategyFiltered,Long,1,2258.3,2263.7,8/16/2021 3:40:00 PM,8/16/2021 11:00:00 PM,FVG Long,Exit on session close,$533.88,$952.32,$6.12,$20.00,$760.00,$226.12,89,
365,GC FEB26,Backtest,FairValueGapStrategyFiltered,Long,1,2266.7,2262.7,8/17/2021 3:45:00 PM,8/17/2021 11:00:00 PM,FVG Long,Exit on session close,($406.12),$546.20,$6.12,$1000.00,$270.00,$676.12,88,
366,GC FEB26,Backtest,FairValueGapStrategyFiltered,Long,1,2260.8,2257.2,8/20/2021 3:40:00 PM,8/20/2021 11:00:00 PM,FVG Long,Exit on session close,($366.12),$180.08,$6.12,$620.00,$280.00,$646.12,89,
367,GC FEB26,Backtest,FairValueGapStrategyFiltered,Long,1,2282.3,2282.4,8/23/2021 3:40:00 PM,8/23/2021 11:00:00 PM,FVG Long,Exit on session close,$3.88,$183.96,$6.12,$990.00,$70.00,$66.12,89,
368,GC FEB26,Backtest,FairValueGapStrategyFiltered,Long,1,2283.6,2279.6,8/24/2021 4:00:00 PM,8/24/2021 11:00:00 PM,FVG Long,Exit on session close,($406.12),($222.16),$6.12,$420.00,$320.00,$726.12,85,
369,GC FEB26,Backtest,FairValueGapStrategyFiltered,Long,1,2270.7,2295.1,8/27/2021 4:00:00 PM,8/27/2021 11:00:00 PM,FVG Long,Exit on session close,$2433.88,$2211.72,$6.12,$1090.00,$2580.00,$146.12,85,
370,GC FEB26,Backtest,FairValueGapStrategyFiltered,Long,1,2291.6,2287.3,8/30/2021 3:55:00 PM,8/30/2021 11:00:00 PM,FVG Long,Exit on session close,($436.12),$1775.60,$6.12,$700.00,$110.00,$546.12,86,
371,GC FEB26,Backtest,FairValueGapStrategyFiltered,Long,1,2291.3,2291.0,8/31/2021 3:50:00 PM,8/31/2021 11:00:00 PM,FVG Long,Exit on session close,($36.12),$1739.48,$6.12,$1040.00,$240.00,$276.12,87,
372,GC FEB26,Backtest,FairValueGapStrategyFiltered,Long,1,2293.3,2290.9,9/1/2021 3:40:00 PM,9/1/2021 11:00:00 PM,FVG Long,Exit on session close,($246.12),$1493.36,$6.12,$810.00,$140.00,$386.12,89,
373,GC FEB26,Backtest,FairValueGapStrategyFiltered,Long,1,2301.6,2304.5,9/3/2021 3:40:00 PM,9/3/2021 11:00:00 PM,FVG Long,Exit on session close,$283.88,$1777.24,$6.12,$560.00,$990.00,$706.12,89,
374,GC FEB26,Backtest,FairValueGapStrategyFiltered,Long,1,2300.3,2300.1,9/6/2021 4:05:00 PM,9/6/2021 7:00:00 PM,FVG Long,Exit on session close,($26.12),$1751.12,$6.12,$210.00,$10.00,$36.12,36,
375,GC FEB26,Backtest,FairValueGapStrategyFiltered,Long,1,2272.8,2262.8,9/10/2021 4:40:00 PM,9/10/2021 11:00:00 PM,FVG Long,Exit on session close,($1006.12),$745.00,$6.12,$1000.00,$50.00,$1056.12,77,
376,GC FEB26,Backtest,FairValueGapStrategyFiltered,Long,1,2271.3,2269.7,9/13/2021 4:10:00 PM,9/13/2021 11:00:00 PM,FVG Long,Exit on session close,($166.12),$578.88,$6.12,$400.00,$350.00,$516.12,83,
377,GC FEB26,Backtest,FairValueGapStrategyFiltered,Long,1,2270.4,2281.1,9/14/2021 3:40:00 PM,9/14/2021 11:00:00 PM,FVG Long,Exit on session close,$1063.88,$1642.76,$6.12,$390.00,$1480.00,$416.12,89,
378,GC FEB26,Backtest,FairValueGapStrategyFiltered,Long,1,2238.3,2239.3,9/20/2021 4:35:00 PM,9/20/2021 11:00:00 PM,FVG Long,Exit on session close,$93.88,$1736.64,$6.12,$400.00,$470.00,$376.12,78,
379,GC FEB26,Backtest,FairValueGapStrategyFiltered,Long,1,2248.3,2249.6,9/21/2021 3:40:00 PM,9/21/2021 11:00:00 PM,FVG Long,Exit on session close,$123.88,$1860.52,$6.12,$340.00,$910.00,$786.12,89,
380,GC FEB26,Backtest,FairValueGapStrategyFiltered,Long,1,2226.1,2224.4,9/27/2021 3:40:00 PM,9/27/2021 11:00:00 PM,FVG Long,Exit on session close,($176.12),$1684.40,$6.12,$270.00,$680.00,$856.12,89,
381,GC FEB26,Backtest,FairValueGapStrategyFiltered,Long,1,2217.1,2232.1,9/30/2021 3:40:00 PM,9/30/2021 11:00:00 PM,FVG Long,Exit on session close,$1493.88,$3178.28,$6.12,$640.00,$2250.00,$756.12,89,
382,GC FEB26,Backtest,FairValueGapStrategyFiltered,Long,1,2238.6,2235.9,10/1/2021 4:45:00 PM,10/1/2021 11:00:00 PM,FVG Long,Exit on session close,($276.12),$2902.16,$6.12,$760.00,$0.00,$276.12,76,
383,GC FEB26,Backtest,FairValueGapStrategyFiltered,Long,1,2230.6,2245.0,10/4/2021 4:10:00 PM,10/4/2021 11:00:00 PM,FVG Long,Exit on session close,$1433.88,$4336.04,$6.12,$160.00,$1550.00,$116.12,83,
384,GC FEB26,Backtest,FairValueGapStrategyFiltered,Long,1,2236.4,2230.7,10/7/2021 4:10:00 PM,10/7/2021 11:00:00 PM,FVG Long,Exit on session close,($576.12),$3759.92,$6.12,$720.00,$200.00,$776.12,83,
385,GC FEB26,Backtest,FairValueGapStrategyFiltered,Long,1,2252.7,2231.8,10/8/2021 3:40:00 PM,10/8/2021 11:00:00 PM,FVG Long,Exit on session close,($2096.12),$1663.80,$6.12,$2260.00,$130.00,$2226.12,89,
386,GC FEB26,Backtest,FairValueGapStrategyFiltered,Long,1,2233.8,2234.8,10/12/2021 3:40:00 PM,10/12/2021 11:00:00 PM,FVG Long,Exit on session close,$93.88,$1757.68,$6.12,$140.00,$1080.00,$986.12,89,
387,GC FEB26,Backtest,FairValueGapStrategyFiltered,Long,1,2247.2,2268.5,10/13/2021 3:40:00 PM,10/13/2021 11:00:00 PM,FVG Long,Exit on session close,$2123.88,$3881.56,$6.12,$20.00,$2480.00,$356.12,89,
388,GC FEB26,Backtest,FairValueGapStrategyFiltered,Long,1,2272.9,2271.9,10/14/2021 3:40:00 PM,10/14/2021 11:00:00 PM,FVG Long,Exit on session close,($106.12),$3775.44,$6.12,$330.00,$250.00,$356.12,89,
389,GC FEB26,Backtest,FairValueGapStrategyFiltered,Long,1,2253.5,2244.0,10/19/2021 3:40:00 PM,10/19/2021 11:00:00 PM,FVG Long,Exit on session close,($956.12),$2819.32,$6.12,$1160.00,$260.00,$1216.12,89,
390,GC FEB26,Backtest,FairValueGapStrategyFiltered,Long,1,2252.3,2257.4,10/20/2021 3:40:00 PM,10/20/2021 11:00:00 PM,FVG Long,Exit on session close,$503.88,$3323.20,$6.12,$60.00,$1110.00,$606.12,89,
391,GC FEB26,Backtest,FairValueGapStrategyFiltered,Long,1,2282.4,2267.7,10/22/2021 3:40:00 PM,10/22/2021 11:00:00 PM,FVG Long,Exit on session close,($1476.12),$1847.08,$6.12,$2440.00,$770.00,$2246.12,89,
392,GC FEB26,Backtest,FairValueGapStrategyFiltered,Long,1,2279.6,2283.5,10/25/2021 3:40:00 PM,10/25/2021 11:00:00 PM,FVG Long,Exit on session close,$383.88,$2230.96,$6.12,$30.00,$650.00,$266.12,89,
393,GC FEB26,Backtest,FairValueGapStrategyFiltered,Long,1,2283.2,2275.2,10/28/2021 3:40:00 PM,10/28/2021 11:00:00 PM,FVG Long,Exit on session close,($806.12),$1424.84,$6.12,$1550.00,$170.00,$976.12,89,
394,GC FEB26,Backtest,FairValueGapStrategyFiltered,Long,1,2266.2,2263.5,11/2/2021 3:45:00 PM,11/2/2021 10:00:00 PM,FVG Long,Exit on session close,($276.12),$1148.72,$6.12,$420.00,$290.00,$566.12,76,
395,GC FEB26,Backtest,FairValueGapStrategyFiltered,Long,1,2278.0,2294.6,11/5/2021 4:05:00 PM,11/5/2021 10:00:00 PM,FVG Long,Exit on session close,$1653.88,$2802.60,$6.12,$70.00,$1670.00,$16.12,72,
396,GC FEB26,Backtest,FairValueGapStrategyFiltered,Long,1,2297.3,2300.6,11/8/2021 3:40:00 PM,11/8/2021 11:00:00 PM,FVG Long,Exit on session close,$323.88,$3126.48,$6.12,$160.00,$560.00,$236.12,89,
397,GC FEB26,Backtest,FairValueGapStrategyFiltered,Long,1,2303.6,2308.6,11/9/2021 3:40:00 PM,11/9/2021 11:00:00 PM,FVG Long,Exit on session close,$493.88,$3620.36,$6.12,$720.00,$580.00,$86.12,89,
398,GC FEB26,Backtest,FairValueGapStrategyFiltered,Long,1,2337.8,2326.2,11/10/2021 3:40:00 PM,11/10/2021 11:00:00 PM,FVG Long,Exit on session close,($1166.12),$2454.24,$6.12,$1990.00,$740.00,$1906.12,89,
399,GC FEB26,Backtest,FairValueGapStrategyFiltered,Long,1,2339.1,2338.9,11/11/2021 3:40:00 PM,11/11/2021 11:00:00 PM,FVG Long,Exit on session close,($26.12),$2428.12,$6.12,$350.00,$230.00,$256.12,89,
400,GC FEB26,Backtest,FairValueGapStrategyFiltered,Long,1,2338.9,2342.3,11/12/2021 4:15:00 PM,11/12/2021 11:00:00 PM,FVG Long,Exit on session close,$333.88,$2762.00,$6.12,$270.00,$710.00,$376.12,82,
401,GC FEB26,Backtest,FairValueGapStrategyFiltered,Long,1,2340.9,2326.6,11/16/2021 3:45:00 PM,11/16/2021 11:00:00 PM,FVG Long,Exit on session close,($1436.12),$1325.88,$6.12,$1530.00,$60.00,$1496.12,88,
402,GC FEB26,Backtest,FairValueGapStrategyFiltered,Long,1,2342.9,2344.1,11/17/2021 3:40:00 PM,11/17/2021 11:00:00 PM,FVG Long,Exit on session close,$113.88,$1439.76,$6.12,$570.00,$230.00,$116.12,89,
403,GC FEB26,Backtest,FairValueGapStrategyFiltered,Long,1,2339.0,2321.4,11/19/2021 4:30:00 PM,11/19/2021 11:00:00 PM,FVG Long,Exit on session close,($1766.12),($326.36),$6.12,$2020.00,$40.00,$1806.12,79,
404,GC FEB26,Backtest,FairValueGapStrategyFiltered,Long,1,2265.7,2262.9,11/25/2021 3:40:00 PM,11/25/2021 7:00:00 PM,FVG Long,Exit on session close,($286.12),($612.48),$6.12,$340.00,$40.00,$326.12,41,
405,GC FEB26,Backtest,FairValueGapStrategyFiltered,Long,1,2276.7,2259.4,11/26/2021 3:40:00 PM,11/26/2021 7:15:00 PM,FVG Long,Exit on session close,($1736.12),($2348.60),$6.12,$2300.00,$190.00,$1926.12,44,
406,GC FEB26,Backtest,FairValueGapStrategyFiltered,Long,1,2269.0,2248.3,11/30/2021 3:40:00 PM,11/30/2021 11:00:00 PM,FVG Long,Exit on session close,($2076.12),($4424.72),$6.12,$2570.00,$1450.00,$3526.12,89,
407,GC FEB26,Backtest,FairValueGapStrategyFiltered,Long,1,2257.8,2255.2,12/1/2021 3:40:00 PM,12/1/2021 11:00:00 PM,FVG Long,Exit on session close,($266.12),($4690.84),$6.12,$690.00,$840.00,$1106.12,89,
408,GC FEB26,Backtest,FairValueGapStrategyFiltered,Long,1,2253.4,2251.4,12/6/2021 4:15:00 PM,12/6/2021 11:00:00 PM,FVG Long,Exit on session close,($206.12),($4896.96),$6.12,$320.00,$480.00,$686.12,82,
409,GC FEB26,Backtest,FairValueGapStrategyFiltered,Long,1,2253.2,2257.0,12/7/2021 3:45:00 PM,12/7/2021 11:00:00 PM,FVG Long,Exit on session close,$373.88,($4523.08),$6.12,$170.00,$820.00,$446.12,88,
410,GC FEB26,Backtest,FairValueGapStrategyFiltered,Long,1,2256.1,2256.2,12/8/2021 4:15:00 PM,12/8/2021 11:00:00 PM,FVG Long,Exit on session close,$3.88,($4519.20),$6.12,$340.00,$380.00,$376.12,82,
411,GC FEB26,Backtest,FairValueGapStrategyFiltered,Long,1,2254.8,2255.2,12/10/2021 3:40:00 PM,12/10/2021 11:00:00 PM,FVG Long,Exit on session close,$33.88,($4485.32),$6.12,$340.00,$480.00,$446.12,89,
412,GC FEB26,Backtest,FairValueGapStrategyFiltered,Long,1,2258.4,2259.5,12/13/2021 3:40:00 PM,12/13/2021 11:00:00 PM,FVG Long,Exit on session close,$103.88,($4381.44),$6.12,$180.00,$470.00,$366.12,89,
413,GC FEB26,Backtest,FairValueGapStrategyFiltered,Long,1,2262.6,2272.5,12/16/2021 3:40:00 PM,12/16/2021 11:00:00 PM,FVG Long,Exit on session close,$983.88,($3397.56),$6.12,$70.00,$1020.00,$36.12,89,
414,GC FEB26,Backtest,FairValueGapStrategyFiltered,Long,1,2278.5,2270.7,12/17/2021 3:40:00 PM,12/17/2021 11:00:00 PM,FVG Long,Exit on session close,($786.12),($4183.68),$6.12,$990.00,$470.00,$1256.12,89,
415,GC FEB26,Backtest,FairValueGapStrategyFiltered,Long,1,2266.0,2276.8,12/22/2021 3:40:00 PM,12/22/2021 11:00:00 PM,FVG Long,Exit on session close,$1073.88,($3109.80),$6.12,$480.00,$1240.00,$166.12,89,
416,GC FEB26,Backtest,FairValueGapStrategyFiltered,Long,1,2279.1,2282.2,12/23/2021 4:15:00 PM,12/23/2021 11:00:00 PM,FVG Long,Exit on session close,$303.88,($2805.92),$6.12,$220.00,$500.00,$196.12,82,
417,GC FEB26,Backtest,FairValueGapStrategyFiltered,Long,1,2284.0,2284.9,12/27/2021 4:15:00 PM,12/27/2021 11:00:00 PM,FVG Long,Exit on session close,$83.88,($2722.04),$6.12,$460.00,$270.00,$186.12,82,
418,GC FEB26,Backtest,FairValueGapStrategyFiltered,Long,1,2287.3,2278.7,12/28/2021 3:45:00 PM,12/28/2021 11:00:00 PM,FVG Long,Exit on session close,($866.12),($3588.16),$6.12,$970.00,$140.00,$1006.12,88,
419,GC FEB26,Backtest,FairValueGapStrategyFiltered,Long,1,2281.0,2287.6,12/30/2021 3:45:00 PM,12/30/2021 11:00:00 PM,FVG Long,Exit on session close,$653.88,($2934.28),$6.12,$340.00,$920.00,$266.12,88,
420,GC FEB26,Backtest,FairValueGapStrategyFiltered,Long,1,2297.7,2302.6,12/31/2021 3:40:00 PM,12/31/2021 11:00:00 PM,FVG Long,Exit on session close,$483.88,($2450.40),$6.12,$460.00,$580.00,$96.12,89,
421,GC FEB26,Backtest,FairValueGapStrategyFiltered,Long,1,2287.0,2287.0,1/4/2022 4:35:00 PM,1/4/2022 11:00:00 PM,FVG Long,Exit on session close,($6.12),($2456.52),$6.12,$280.00,$230.00,$236.12,78,
422,GC FEB26,Backtest,FairValueGapStrategyFiltered,Long,1,2299.2,2282.7,1/5/2022 3:40:00 PM,1/5/2022 11:00:00 PM,FVG Long,Exit on session close,($1656.12),($4112.64),$6.12,$1890.00,$360.00,$2016.12,89,
423,GC FEB26,Backtest,FairValueGapStrategyFiltered,Long,1,2276.3,2293.6,1/11/2022 3:40:00 PM,1/11/2022 11:00:00 PM,FVG Long,Exit on session close,$1723.88,($2388.76),$6.12,$170.00,$1890.00,$166.12,89,
424,GC FEB26,Backtest,FairValueGapStrategyFiltered,Long,1,2295.8,2297.8,1/12/2022 4:20:00 PM,1/12/2022 11:00:00 PM,FVG Long,Exit on session close,$193.88,($2194.88),$6.12,$370.00,$450.00,$256.12,81,
425,GC FEB26,Backtest,FairValueGapStrategyFiltered,Long,1,2295.3,2289.4,1/14/2022 3:55:00 PM,1/14/2022 11:00:00 PM,FVG Long,Exit on session close,($596.12),($2791.00),$6.12,$900.00,$260.00,$856.12,86,
426,GC FEB26,Backtest,FairValueGapStrategyFiltered,Long,1,2296.0,2312.8,1/19/2022 3:40:00 PM,1/19/2022 11:00:00 PM,FVG Long,Exit on session close,$1673.88,($1117.12),$6.12,$0.00,$2000.00,$326.12,89,
427,GC FEB26,Backtest,FairValueGapStrategyFiltered,Long,1,2316.6,2311.9,1/20/2022 3:40:00 PM,1/20/2022 11:00:00 PM,FVG Long,Exit on session close,($476.12),($1593.24),$6.12,$680.00,$400.00,$876.12,89,
428,GC FEB26,Backtest,FairValueGapStrategyFiltered,Long,1,2313.1,2308.2,1/21/2022 3:40:00 PM,1/21/2022 11:00:00 PM,FVG Long,Exit on session close,($496.12),($2089.36),$6.12,$1230.00,$220.00,$716.12,89,
429,GC FEB26,Backtest,FairValueGapStrategyFiltered,Long,1,2324.0,2320.2,1/25/2022 3:55:00 PM,1/25/2022 11:00:00 PM,FVG Long,Exit on session close,($386.12),($2475.48),$6.12,$1090.00,$230.00,$616.12,86,
430,GC FEB26,Backtest,FairValueGapStrategyFiltered,Long,1,2268.6,2267.5,1/31/2022 3:40:00 PM,1/31/2022 11:00:00 PM,FVG Long,Exit on session close,($116.12),($2591.60),$6.12,$490.00,$210.00,$326.12,89,
431,GC FEB26,Backtest,FairValueGapStrategyFiltered,Long,1,2275.3,2271.1,2/1/2022 3:40:00 PM,2/1/2022 11:00:00 PM,FVG Long,Exit on session close,($426.12),($3017.72),$6.12,$740.00,$310.00,$736.12,89,
432,GC FEB26,Backtest,FairValueGapStrategyFiltered,Long,1,2274.5,2277.0,2/2/2022 3:40:00 PM,2/2/2022 11:00:00 PM,FVG Long,Exit on session close,$243.88,($2773.84),$6.12,$370.00,$730.00,$486.12,89,
433,GC FEB26,Backtest,FairValueGapStrategyFiltered,Long,1,2276.7,2278.6,2/4/2022 3:50:00 PM,2/4/2022 11:00:00 PM,FVG Long,Exit on session close,$183.88,($2589.96),$6.12,$470.00,$390.00,$206.12,87,
434,GC FEB26,Backtest,FairValueGapStrategyFiltered,Long,1,2284.5,2291.0,2/7/2022 3:40:00 PM,2/7/2022 11:00:00 PM,FVG Long,Exit on session close,$643.88,($1946.08),$6.12,$230.00,$990.00,$346.12,89,
435,GC FEB26,Backtest,FairValueGapStrategyFiltered,Long,1,2294.9,2296.6,2/8/2022 4:25:00 PM,2/8/2022 11:00:00 PM,FVG Long,Exit on session close,$163.88,($1782.20),$6.12,$20.00,$480.00,$316.12,80,
436,GC FEB26,Backtest,FairValueGapStrategyFiltered,Long,1,2297.8,2304.0,2/9/2022 3:40:00 PM,2/9/2022 11:00:00 PM,FVG Long,Exit on session close,$613.88,($1168.32),$6.12,$70.00,$910.00,$296.12,89,
437,GC FEB26,Backtest,FairValueGapStrategyFiltered,Long,1,2302.6,2297.1,2/10/2022 3:50:00 PM,2/10/2022 11:00:00 PM,FVG Long,Exit on session close,($556.12),($1724.44),$6.12,$650.00,$1050.00,$1606.12,87,
438,GC FEB26,Backtest,FairValueGapStrategyFiltered,Long,1,2306.4,2330.4,2/11/2022 4:30:00 PM,2/11/2022 11:00:00 PM,FVG Long,Exit on session close,$2393.88,$669.44,$6.12,$270.00,$3080.00,$686.12,79,
439,GC FEB26,Backtest,FairValueGapStrategyFiltered,Long,1,2338.2,2342.9,2/14/2022 4:05:00 PM,2/14/2022 11:00:00 PM,FVG Long,Exit on session close,$463.88,$1133.32,$6.12,$660.00,$810.00,$346.12,84,
440,GC FEB26,Backtest,FairValueGapStrategyFiltered,Long,1,2333.6,2341.3,2/16/2022 3:40:00 PM,2/16/2022 11:00:00 PM,FVG Long,Exit on session close,$763.88,$1897.20,$6.12,$230.00,$1080.00,$316.12,89,
441,GC FEB26,Backtest,FairValueGapStrategyFiltered,Long,1,2363.3,2370.5,2/17/2022 3:40:00 PM,2/17/2022 11:00:00 PM,FVG Long,Exit on session close,$713.88,$2611.08,$6.12,$240.00,$1050.00,$336.12,89,
442,GC FEB26,Backtest,FairValueGapStrategyFiltered,Long,1,2367.2,2370.6,2/18/2022 4:45:00 PM,2/18/2022 11:00:00 PM,FVG Long,Exit on session close,$333.88,$2944.96,$6.12,$500.00,$450.00,$116.12,76,
443,GC FEB26,Backtest,FairValueGapStrategyFiltered,Long,1,2368.0,2369.7,2/21/2022 3:55:00 PM,2/21/2022 7:00:00 PM,FVG Long,Exit on session close,$163.88,$3108.84,$6.12,$330.00,$180.00,$16.12,38,
444,GC FEB26,Backtest,FairValueGapStrategyFiltered,Long,1,2376.0,2370.1,2/22/2022 3:40:00 PM,2/22/2022 11:00:00 PM,FVG Long,Exit on session close,($596.12),$2512.72,$6.12,$1060.00,$300.00,$896.12,89,
445,GC FEB26,Backtest,FairValueGapStrategyFiltered,Long,1,2372.7,2380.7,2/23/2022 3:40:00 PM,2/23/2022 11:00:00 PM,FVG Long,Exit on session close,$793.88,$3306.60,$6.12,$0.00,$1000.00,$206.12,89,
446,GC FEB26,Backtest,FairValueGapStrategyFiltered,Long,1,2417.2,2387.2,2/24/2022 3:40:00 PM,2/24/2022 4:25:00 PM,FVG Long,Stop loss,($3006.12),$300.48,$6.12,$3000.00,$90.00,$3096.12,10,
447,GC FEB26,Backtest,FairValueGapStrategyFiltered,Long,1,2380.4,2380.4,2/28/2022 3:40:00 PM,2/28/2022 11:00:00 PM,FVG Long,Exit on session close,($6.12),$294.36,$6.12,$1840.00,$900.00,$906.12,89,
448,GC FEB26,Backtest,FairValueGapStrategyFiltered,Long,1,2390.6,2417.4,3/1/2022 3:40:00 PM,3/1/2022 11:00:00 PM,FVG Long,Exit on session close,$2673.88,$2968.24,$6.12,$120.00,$3180.00,$506.12,89,
449,GC FEB26,Backtest,FairValueGapStrategyFiltered,Long,1,2401.7,2400.6,3/2/2022 4:05:00 PM,3/2/2022 11:00:00 PM,FVG Long,Exit on session close,($116.12),$2852.12,$6.12,$1510.00,$610.00,$726.12,84,
450,GC FEB26,Backtest,FairValueGapStrategyFiltered,Long,1,2427.6,2444.7,3/4/2022 3:40:00 PM,3/4/2022 11:00:00 PM,FVG Long,Exit on session close,$1703.88,$4556.00,$6.12,$1230.00,$1710.00,$6.12,89,
451,GC FEB26,Backtest,FairValueGapStrategyFiltered,Long,1,2450.3,2471.6,3/7/2022 3:40:00 PM,3/7/2022 11:00:00 PM,FVG Long,Exit on session close,$2123.88,$6679.88,$6.12,$200.00,$2340.00,$216.12,89,
452,GC FEB26,Backtest,FairValueGapStrategyFiltered,Long,1,2493.4,2528.1,3/8/2022 3:40:00 PM,3/8/2022 11:00:00 PM,FVG Long,Exit on session close,$3463.88,$10143.76,$6.12,$140.00,$5520.00,$2056.12,89,
453,GC FEB26,Backtest,FairValueGapStrategyFiltered,Long,1,2403.2,2414.0,3/23/2022 3:55:00 PM,3/23/2022 10:00:00 PM,FVG Long,Exit on session close,$1073.88,$11217.64,$6.12,$760.00,$1540.00,$466.12,74,
454,GC FEB26,Backtest,FairValueGapStrategyFiltered,Long,1,2429.2,2427.5,3/24/2022 3:25:00 PM,3/24/2022 10:00:00 PM,FVG Long,Exit on session close,($176.12),$11041.52,$6.12,$280.00,$780.00,$956.12,80,
455,GC FEB26,Backtest,FairValueGapStrategyFiltered,Long,1,2424.8,2427.4,3/25/2022 4:15:00 PM,3/25/2022 10:00:00 PM,FVG Long,Exit on session close,$253.88,$11295.40,$6.12,$380.00,$730.00,$476.12,70,
456,GC FEB26,Backtest,FairValueGapStrategyFiltered,Long,1,2399.2,2402.3,3/30/2022 3:40:00 PM,3/30/2022 11:00:00 PM,FVG Long,Exit on session close,$303.88,$11599.28,$6.12,$90.00,$910.00,$606.12,89,
457,GC FEB26,Backtest,FairValueGapStrategyFiltered,Long,1,2409.4,2407.2,3/31/2022 3:40:00 PM,3/31/2022 11:00:00 PM,FVG Long,Exit on session close,($226.12),$11373.16,$6.12,$460.00,$1050.00,$1276.12,89,
458,GC FEB26,Backtest,FairValueGapStrategyFiltered,Long,1,2403.9,2401.8,4/4/2022 3:45:00 PM,4/4/2022 11:00:00 PM,FVG Long,Exit on session close,($216.12),$11157.04,$6.12,$1070.00,$260.00,$476.12,88,
459,GC FEB26,Backtest,FairValueGapStrategyFiltered,Long,1,2410.5,2391.5,4/5/2022 3:40:00 PM,4/5/2022 11:00:00 PM,FVG Long,Exit on session close,($1906.12),$9250.92,$6.12,$2470.00,$330.00,$2236.12,89,
460,GC FEB26,Backtest,FairValueGapStrategyFiltered,Long,1,2399.0,2393.3,4/6/2022 3:40:00 PM,4/6/2022 11:00:00 PM,FVG Long,Exit on session close,($576.12),$8674.80,$6.12,$1710.00,$140.00,$716.12,89,
461,GC FEB26,Backtest,FairValueGapStrategyFiltered,Long,1,2396.9,2399.6,4/7/2022 3:40:00 PM,4/7/2022 11:00:00 PM,FVG Long,Exit on session close,$263.88,$8938.68,$6.12,$150.00,$970.00,$706.12,89,
462,GC FEB26,Backtest,FairValueGapStrategyFiltered,Long,1,2405.7,2415.3,4/8/2022 3:40:00 PM,4/8/2022 11:00:00 PM,FVG Long,Exit on session close,$953.88,$9892.56,$6.12,$70.00,$1140.00,$186.12,89,
463,GC FEB26,Backtest,FairValueGapStrategyFiltered,Long,1,2432.3,2422.4,4/11/2022 3:40:00 PM,4/11/2022 11:00:00 PM,FVG Long,Exit on session close,($996.12),$8896.44,$6.12,$2340.00,$190.00,$1186.12,89,
464,GC FEB26,Backtest,FairValueGapStrategyFiltered,Long,1,2437.3,2435.2,4/12/2022 3:40:00 PM,4/12/2022 11:00:00 PM,FVG Long,Exit on session close,($216.12),$8680.32,$6.12,$810.00,$1030.00,$1246.12,89,
465,GC FEB26,Backtest,FairValueGapStrategyFiltered,Long,1,2447.5,2446.2,4/13/2022 3:40:00 PM,4/13/2022 11:00:00 PM,FVG Long,Exit on session close,($136.12),$8544.20,$6.12,$580.00,$320.00,$456.12,89,
466,GC FEB26,Backtest,FairValueGapStrategyFiltered,Long,1,2459.5,2446.9,4/18/2022 3:40:00 PM,4/18/2022 11:00:00 PM,FVG Long,Exit on session close,($1266.12),$7278.08,$6.12,$1530.00,$370.00,$1636.12,89,
467,GC FEB26,Backtest,FairValueGapStrategyFiltered,Long,1,2373.8,2361.8,4/29/2022 3:40:00 PM,4/29/2022 11:00:00 PM,FVG Long,Exit on session close,($1206.12),$6071.96,$6.12,$1370.00,$690.00,$1896.12,89,
468,GC FEB26,Backtest,FairValueGapStrategyFiltered,Long,1,2366.3,2342.1,5/5/2022 3:40:00 PM,5/5/2022 11:00:00 PM,FVG Long,Exit on session close,($2426.12),$3645.84,$6.12,$2910.00,$20.00,$2446.12,89,
469,GC FEB26,Backtest,FairValueGapStrategyFiltered,Long,1,2349.7,2347.7,5/6/2022 4:00:00 PM,5/6/2022 11:00:00 PM,FVG Long,Exit on session close,($206.12),$3439.72,$6.12,$500.00,$920.00,$1126.12,85,
470,GC FEB26,Backtest,FairValueGapStrategyFiltered,Long,1,2322.1,2317.1,5/11/2022 3:55:00 PM,5/11/2022 11:00:00 PM,FVG Long,Exit on session close,($506.12),$2933.60,$6.12,$1200.00,$60.00,$566.12,86,
471,GC FEB26,Backtest,FairValueGapStrategyFiltered,Long,1,2287.3,2278.5,5/17/2022 4:35:00 PM,5/17/2022 11:00:00 PM,FVG Long,Exit on session close,($886.12),$2047.48,$6.12,$1140.00,$30.00,$916.12,78,
472,GC FEB26,Backtest,FairValueGapStrategyFiltered,Long,1,2298.1,2305.2,5/19/2022 3:40:00 PM,5/19/2022 11:00:00 PM,FVG Long,Exit on session close,$703.88,$2751.36,$6.12,$230.00,$1500.00,$796.12,89,
473,GC FEB26,Backtest,FairValueGapStrategyFiltered,Long,1,2319.9,2317.0,5/23/2022 3:40:00 PM,5/23/2022 11:00:00 PM,FVG Long,Exit on session close,($296.12),$2455.24,$6.12,$960.00,$250.00,$546.12,89,
474,GC FEB26,Backtest,FairValueGapStrategyFiltered,Long,1,2324.3,2330.4,5/24/2022 3:40:00 PM,5/24/2022 11:00:00 PM,FVG Long,Exit on session close,$603.88,$3059.12,$6.12,$190.00,$970.00,$366.12,89,
475,GC FEB26,Backtest,FairValueGapStrategyFiltered,Long,1,2321.7,2316.3,5/27/2022 3:40:00 PM,5/27/2022 11:00:00 PM,FVG Long,Exit on session close,($546.12),$2513.00,$6.12,$780.00,$30.00,$576.12,89,
476,GC FEB26,Backtest,FairValueGapStrategyFiltered,Long,1,2322.8,2318.6,5/30/2022 3:40:00 PM,5/30/2022 7:00:00 PM,FVG Long,Exit on session close,($426.12),$2086.88,$6.12,$610.00,$70.00,$496.12,41,
477,GC FEB26,Backtest,FairValueGapStrategyFiltered,Long,1,2326.6,2331.2,6/2/2022 3:40:00 PM,6/2/2022 11:00:00 PM,FVG Long,Exit on session close,$453.88,$2540.76,$6.12,$190.00,$680.00,$226.12,89,
478,GC FEB26,Backtest,FairValueGapStrategyFiltered,Long,1,2326.3,2312.9,6/3/2022 4:00:00 PM,6/3/2022 11:00:00 PM,FVG Long,Exit on session close,($1346.12),$1194.64,$6.12,$1760.00,$90.00,$1436.12,85,
479,GC FEB26,Backtest,FairValueGapStrategyFiltered,Long,1,2314.2,2313.7,6/7/2022 4:00:00 PM,6/7/2022 11:00:00 PM,FVG Long,Exit on session close,($56.12),$1138.52,$6.12,$590.00,$300.00,$356.12,85,
480,GC FEB26,Backtest,FairValueGapStrategyFiltered,Long,1,2315.4,2314.6,6/8/2022 3:40:00 PM,6/8/2022 11:00:00 PM,FVG Long,Exit on session close,($86.12),$1052.40,$6.12,$600.00,$600.00,$686.12,89,
481,GC FEB26,Backtest,FairValueGapStrategyFiltered,Long,1,2285.8,2295.1,6/15/2022 3:40:00 PM,6/15/2022 11:00:00 PM,FVG Long,Exit on session close,$923.88,$1976.28,$6.12,$1200.00,$1860.00,$936.12,89,
482,GC FEB26,Backtest,FairValueGapStrategyFiltered,Long,1,2291.0,2318.7,6/16/2022 4:35:00 PM,6/16/2022 11:00:00 PM,FVG Long,Exit on session close,$2763.88,$4740.16,$6.12,$170.00,$2820.00,$56.12,78,
483,GC FEB26,Backtest,FairValueGapStrategyFiltered,Long,1,2303.8,2293.9,6/21/2022 4:45:00 PM,6/21/2022 11:00:00 PM,FVG Long,Exit on session close,($996.12),$3744.04,$6.12,$1410.00,$110.00,$1106.12,76,
484,GC FEB26,Backtest,FairValueGapStrategyFiltered,Long,1,2301.1,2298.7,6/22/2022 3:40:00 PM,6/22/2022 11:00:00 PM,FVG Long,Exit on session close,($246.12),$3497.92,$6.12,$440.00,$820.00,$1066.12,89,
485,GC FEB26,Backtest,FairValueGapStrategyFiltered,Long,1,2304.6,2283.0,6/23/2022 4:00:00 PM,6/23/2022 11:00:00 PM,FVG Long,Exit on session close,($2166.12),$1331.80,$6.12,$2210.00,$140.00,$2306.12,85,
486,GC FEB26,Backtest,FairValueGapStrategyFiltered,Long,1,2289.5,2278.2,6/29/2022 3:40:00 PM,6/29/2022 11:00:00 PM,FVG Long,Exit on session close,($1136.12),$195.68,$6.12,$1500.00,$20.00,$1156.12,89,
487,GC FEB26,Backtest,FairValueGapStrategyFiltered,Long,1,2203.9,2199.9,7/8/2022 4:40:00 PM,7/8/2022 11:00:00 PM,FVG Long,Exit on session close,($406.12),($210.44),$6.12,$570.00,$680.00,$1086.12,77,
488,GC FEB26,Backtest,FairValueGapStrategyFiltered,Long,1,2177.8,2166.0,7/18/2022 3:40:00 PM,7/18/2022 11:00:00 PM,FVG Long,Exit on session close,($1186.12),($1396.56),$6.12,$1420.00,$60.00,$1246.12,89,
489,GC FEB26,Backtest,FairValueGapStrategyFiltered,Long,1,2169.6,2168.7,7/19/2022 3:40:00 PM,7/19/2022 11:00:00 PM,FVG Long,Exit on session close,($96.12),($1492.68),$6.12,$280.00,$300.00,$396.12,89,
490,GC FEB26,Backtest,FairValueGapStrategyFiltered,Long,1,2164.7,2176.5,7/21/2022 4:45:00 PM,7/21/2022 11:00:00 PM,FVG Long,Exit on session close,$1173.88,($318.80),$6.12,$50.00,$1380.00,$206.12,76,
491,GC FEB26,Backtest,FairValueGapStrategyFiltered,Long,1,2183.4,2184.3,7/22/2022 3:40:00 PM,7/22/2022 11:00:00 PM,FVG Long,Exit on session close,$83.88,($234.92),$6.12,$580.00,$1390.00,$1306.12,89,
492,GC FEB26,Backtest,FairValueGapStrategyFiltered,Long,1,2208.4,2213.9,7/28/2022 3:40:00 PM,7/28/2022 11:00:00 PM,FVG Long,Exit on session close,$543.88,$308.96,$6.12,$320.00,$690.00,$146.12,89,
493,GC FEB26,Backtest,FairValueGapStrategyFiltered,Long,1,2215.3,2223.6,7/29/2022 4:35:00 PM,7/29/2022 11:00:00 PM,FVG Long,Exit on session close,$823.88,$1132.84,$6.12,$100.00,$970.00,$146.12,78,
494,GC FEB26,Backtest,FairValueGapStrategyFiltered,Long,1,2227.5,2230.2,8/1/2022 3:40:00 PM,8/1/2022 11:00:00 PM,FVG Long,Exit on session close,$263.88,$1396.72,$6.12,$590.00,$490.00,$226.12,89,
495,GC FEB26,Backtest,FairValueGapStrategyFiltered,Long,1,2238.2,2217.1,8/2/2022 3:40:00 PM,8/2/2022 11:00:00 PM,FVG Long,Exit on session close,($2116.12),($719.40),$6.12,$2130.00,$550.00,$2666.12,89,
496,GC FEB26,Backtest,FairValueGapStrategyFiltered,Long,1,2232.5,2248.8,8/4/2022 3:40:00 PM,8/4/2022 11:00:00 PM,FVG Long,Exit on session close,$1623.88,$904.48,$6.12,$10.00,$2040.00,$416.12,89,
497,GC FEB26,Backtest,FairValueGapStrategyFiltered,Long,1,2238.8,2246.4,8/8/2022 3:40:00 PM,8/8/2022 11:00:00 PM,FVG Long,Exit on session close,$753.88,$1658.36,$6.12,$120.00,$850.00,$96.12,89,
498,GC FEB26,Backtest,FairValueGapStrategyFiltered,Long,1,2256.7,2251.4,8/9/2022 3:40:00 PM,8/9/2022 11:00:00 PM,FVG Long,Exit on session close,($536.12),$1122.24,$6.12,$940.00,$10.00,$546.12,89,
499,GC FEB26,Backtest,FairValueGapStrategyFiltered,Long,1,2253.5,2248.9,8/10/2022 4:00:00 PM,8/10/2022 11:00:00 PM,FVG Long,Exit on session close,($466.12),$656.12,$6.12,$880.00,$640.00,$1106.12,85,
500,GC FEB26,Backtest,FairValueGapStrategyFiltered,Long,1,2253.6,2246.4,8/11/2022 3:55:00 PM,8/11/2022 11:00:00 PM,FVG Long,Exit on session close,($726.12),($70.00),$6.12,$1200.00,$220.00,$946.12,86,
501,GC FEB26,Backtest,FairValueGapStrategyFiltered,Long,1,2252.1,2259.8,8/12/2022 3:40:00 PM,8/12/2022 11:00:00 PM,FVG Long,Exit on session close,$763.88,$693.88,$6.12,$550.00,$790.00,$26.12,89,
502,GC FEB26,Backtest,FairValueGapStrategyFiltered,Long,1,2201.8,2202.0,8/23/2022 3:55:00 PM,8/23/2022 11:00:00 PM,FVG Long,Exit on session close,$13.88,$707.76,$6.12,$280.00,$660.00,$646.12,86,
503,GC FEB26,Backtest,FairValueGapStrategyFiltered,Long,1,2199.6,2205.1,8/24/2022 4:05:00 PM,8/24/2022 11:00:00 PM,FVG Long,Exit on session close,$543.88,$1251.64,$6.12,$210.00,$1080.00,$536.12,84,
504,GC FEB26,Backtest,FairValueGapStrategyFiltered,Long,1,2211.8,2212.7,8/25/2022 3:40:00 PM,8/25/2022 11:00:00 PM,FVG Long,Exit on session close,$83.88,$1335.52,$6.12,$630.00,$210.00,$126.12,89,
505,GC FEB26,Backtest,FairValueGapStrategyFiltered,Long,1,2163.2,2163.5,9/2/2022 3:40:00 PM,9/2/2022 11:00:00 PM,FVG Long,Exit on session close,$23.88,$1359.40,$6.12,$280.00,$720.00,$696.12,89,
506,GC FEB26,Backtest,FairValueGapStrategyFiltered,Long,1,2164.0,2164.1,9/5/2022 4:45:00 PM,9/5/2022 7:00:00 PM,FVG Long,Exit on session close,$3.88,$1363.28,$6.12,$210.00,$50.00,$46.12,28,
507,GC FEB26,Backtest,FairValueGapStrategyFiltered,Long,1,2163.6,2170.4,9/7/2022 4:40:00 PM,9/7/2022 11:00:00 PM,FVG Long,Exit on session close,$673.88,$2037.16,$6.12,$200.00,$850.00,$176.12,77,
508,GC FEB26,Backtest,FairValueGapStrategyFiltered,Long,1,2165.9,2168.5,9/9/2022 3:40:00 PM,9/9/2022 11:00:00 PM,FVG Long,Exit on session close,$253.88,$2291.04,$6.12,$320.00,$640.00,$386.12,89,
509,GC FEB26,Backtest,FairValueGapStrategyFiltered,Long,1,2179.7,2176.3,9/12/2022 3:40:00 PM,9/12/2022 11:00:00 PM,FVG Long,Exit on session close,($346.12),$1944.92,$6.12,$430.00,$760.00,$1106.12,89,
510,GC FEB26,Backtest,FairValueGapStrategyFiltered,Long,1,2121.8,2123.1,9/21/2022 3:40:00 PM,9/21/2022 11:00:00 PM,FVG Long,Exit on session close,$123.88,$2068.80,$6.12,$1960.00,$1600.00,$1476.12,89,
511,GC FEB26,Backtest,FairValueGapStrategyFiltered,Long,1,2128.1,2120.3,9/22/2022 3:40:00 PM,9/22/2022 11:00:00 PM,FVG Long,Exit on session close,($786.12),$1282.68,$6.12,$1140.00,$80.00,$866.12,89,
512,GC FEB26,Backtest,FairValueGapStrategyFiltered,Long,1,2093.1,2109.4,9/28/2022 3:40:00 PM,9/28/2022 11:00:00 PM,FVG Long,Exit on session close,$1623.88,$2906.56,$6.12,$190.00,$1940.00,$316.12,89,
513,GC FEB26,Backtest,FairValueGapStrategyFiltered,Long,1,2118.7,2109.2,9/30/2022 3:40:00 PM,9/30/2022 11:00:00 PM,FVG Long,Exit on session close,($956.12),$1950.44,$6.12,$970.00,$660.00,$1616.12,89,
514,GC FEB26,Backtest,FairValueGapStrategyFiltered,Long,1,2116.3,2149.5,10/3/2022 3:40:00 PM,10/3/2022 11:00:00 PM,FVG Long,Exit on session close,$3313.88,$5264.32,$6.12,$30.00,$3500.00,$186.12,89,
515,GC FEB26,Backtest,FairValueGapStrategyFiltered,Long,1,2159.3,2175.6,10/4/2022 3:40:00 PM,10/4/2022 11:00:00 PM,FVG Long,Exit on session close,$1623.88,$6888.20,$6.12,$340.00,$2030.00,$406.12,89,
516,GC FEB26,Backtest,FairValueGapStrategyFiltered,Long,1,2111.8,2096.4,10/17/2022 3:40:00 PM,10/17/2022 11:00:00 PM,FVG Long,Exit on session close,($1546.12),$5342.08,$6.12,$1840.00,$340.00,$1886.12,89,
517,GC FEB26,Backtest,FairValueGapStrategyFiltered,Long,1,2100.9,2098.4,10/18/2022 3:40:00 PM,10/18/2022 11:00:00 PM,FVG Long,Exit on session close,($256.12),$5085.96,$6.12,$940.00,$170.00,$426.12,89,
518,GC FEB26,Backtest,FairValueGapStrategyFiltered,Long,1,2087.3,2073.4,10/20/2022 4:30:00 PM,10/20/2022 11:00:00 PM,FVG Long,Exit on session close,($1396.12),$3689.84,$6.12,$1720.00,$390.00,$1786.12,79,
519,GC FEB26,Backtest,FairValueGapStrategyFiltered,Long,1,2080.5,2103.4,10/21/2022 3:40:00 PM,10/21/2022 11:00:00 PM,FVG Long,Exit on session close,$2283.88,$5973.72,$6.12,$110.00,$2350.00,$66.12,89,
520,GC FEB26,Backtest,FairValueGapStrategyFiltered,Long,1,2097.9,2095.0,10/24/2022 4:00:00 PM,10/24/2022 11:00:00 PM,FVG Long,Exit on session close,($296.12),$5677.60,$6.12,$900.00,$180.00,$476.12,85,
521,GC FEB26,Backtest,FairValueGapStrategyFiltered,Long,1,2101.9,2098.3,10/25/2022 3:40:00 PM,10/25/2022 11:00:00 PM,FVG Long,Exit on session close,($366.12),$5311.48,$6.12,$480.00,$580.00,$946.12,89,
522,GC FEB26,Backtest,FairValueGapStrategyFiltered,Long,1,2109.7,2109.7,10/26/2022 3:40:00 PM,10/26/2022 11:00:00 PM,FVG Long,Exit on session close,($6.12),$5305.36,$6.12,$150.00,$830.00,$836.12,89,
523,GC FEB26,Backtest,FairValueGapStrategyFiltered,Long,1,2106.9,2108.3,10/27/2022 4:15:00 PM,10/27/2022 11:00:00 PM,FVG Long,Exit on session close,$133.88,$5439.24,$6.12,$520.00,$370.00,$236.12,82,
524,GC FEB26,Backtest,FairValueGapStrategyFiltered,Long,1,2090.0,2091.9,11/1/2022 3:45:00 PM,11/1/2022 10:00:00 PM,FVG Long,Exit on session close,$183.88,$5623.12,$6.12,$340.00,$520.00,$336.12,76,
525,GC FEB26,Backtest,FairValueGapStrategyFiltered,Long,1,2114.3,2126.6,11/4/2022 3:20:00 PM,11/4/2022 10:00:00 PM,FVG Long,Exit on session close,$1223.88,$6847.00,$6.12,$260.00,$1300.00,$76.12,81,
526,GC FEB26,Backtest,FairValueGapStrategyFiltered,Long,1,2122.2,2156.7,11/8/2022 4:00:00 PM,11/8/2022 11:00:00 PM,FVG Long,Exit on session close,$3443.88,$10290.88,$6.12,$0.00,$3910.00,$466.12,85,
527,GC FEB26,Backtest,FairValueGapStrategyFiltered,Long,1,2157.7,2150.6,11/9/2022 3:55:00 PM,11/9/2022 11:00:00 PM,FVG Long,Exit on session close,($716.12),$9574.76,$6.12,$1170.00,$900.00,$1616.12,86,
528,GC FEB26,Backtest,FairValueGapStrategyFiltered,Long,1,2184.1,2199.9,11/10/2022 3:40:00 PM,11/10/2022 11:00:00 PM,FVG Long,Exit on session close,$1573.88,$11148.64,$6.12,$310.00,$1740.00,$166.12,89,
529,GC FEB26,Backtest,FairValueGapStrategyFiltered,Long,1,2203.5,2215.1,11/11/2022 3:40:00 PM,11/11/2022 11:00:00 PM,FVG Long,Exit on session close,$1153.88,$12302.52,$6.12,$400.00,$1300.00,$146.12,89,
530,GC FEB26,Backtest,FairValueGapStrategyFiltered,Long,1,2213.6,2215.6,11/14/2022 4:05:00 PM,11/14/2022 11:00:00 PM,FVG Long,Exit on session close,$193.88,$12496.40,$6.12,$320.00,$570.00,$376.12,84,
531,GC FEB26,Backtest,FairValueGapStrategyFiltered,Long,1,2222.5,2217.9,11/16/2022 4:45:00 PM,11/16/2022 11:00:00 PM,FVG Long,Exit on session close,($466.12),$12030.28,$6.12,$780.00,$180.00,$646.12,76,
532,GC FEB26,Backtest,FairValueGapStrategyFiltered,Long,1,2186.0,2191.4,11/23/2022 4:00:00 PM,11/23/2022 11:00:00 PM,FVG Long,Exit on session close,$533.88,$12564.16,$6.12,$600.00,$980.00,$446.12,85,
533,GC FEB26,Backtest,FairValueGapStrategyFiltered,Long,1,2197.0,2196.4,11/24/2022 3:40:00 PM,11/24/2022 7:00:00 PM,FVG Long,Exit on session close,($66.12),$12498.04,$6.12,$90.00,$270.00,$336.12,41,
534,GC FEB26,Backtest,FairValueGapStrategyFiltered,Long,1,2192.3,2194.7,11/25/2022 4:05:00 PM,11/25/2022 7:15:00 PM,FVG Long,Exit on session close,$233.88,$12731.92,$6.12,$230.00,$410.00,$176.12,39,
535,GC FEB26,Backtest,FairValueGapStrategyFiltered,Long,1,2190.1,2189.8,11/29/2022 3:40:00 PM,11/29/2022 11:00:00 PM,FVG Long,Exit on session close,($36.12),$12695.80,$6.12,$220.00,$820.00,$856.12,89,
536,GC FEB26,Backtest,FairValueGapStrategyFiltered,Long,1,2198.3,2209.1,11/30/2022 3:40:00 PM,11/30/2022 11:00:00 PM,FVG Long,Exit on session close,$1073.88,$13769.68,$6.12,$1390.00,$1210.00,$136.12,89,
537,GC FEB26,Backtest,FairValueGapStrategyFiltered,Long,1,2238.8,2243.6,12/1/2022 3:40:00 PM,12/1/2022 11:00:00 PM,FVG Long,Exit on session close,$473.88,$14243.56,$6.12,$460.00,$580.00,$106.12,89,
538,GC FEB26,Backtest,FairValueGapStrategyFiltered,Long,1,2220.2,2225.2,12/7/2022 3:40:00 PM,12/7/2022 11:00:00 PM,FVG Long,Exit on session close,$493.88,$14737.44,$6.12,$550.00,$920.00,$426.12,89,
539,GC FEB26,Backtest,FairValueGapStrategyFiltered,Long,1,2226.6,2227.5,12/8/2022 3:40:00 PM,12/8/2022 11:00:00 PM,FVG Long,Exit on session close,$83.88,$14821.32,$6.12,$400.00,$650.00,$566.12,89,
540,GC FEB26,Backtest,FairValueGapStrategyFiltered,Long,1,2236.1,2235.6,12/9/2022 3:40:00 PM,12/9/2022 11:00:00 PM,FVG Long,Exit on session close,($56.12),$14765.20,$6.12,$800.00,$840.00,$896.12,89,
541,GC FEB26,Backtest,FairValueGapStrategyFiltered,Long,1,2256.8,2248.7,12/13/2022 3:40:00 PM,12/13/2022 11:00:00 PM,FVG Long,Exit on session close,($816.12),$13949.08,$6.12,$1360.00,$630.00,$1446.12,89,
542,GC FEB26,Backtest,FairValueGapStrategyFiltered,Long,1,2249.3,2245.0,12/14/2022 3:50:00 PM,12/14/2022 11:00:00 PM,FVG Long,Exit on session close,($436.12),$13512.96,$6.12,$1690.00,$230.00,$666.12,87,
543,GC FEB26,Backtest,FairValueGapStrategyFiltered,Long,1,2230.8,2223.0,12/19/2022 4:30:00 PM,12/19/2022 11:00:00 PM,FVG Long,Exit on session close,($786.12),$12726.84,$6.12,$1140.00,$70.00,$856.12,79,
544,GC FEB26,Backtest,FairValueGapStrategyFiltered,Long,1,2243.2,2253.9,12/20/2022 3:40:00 PM,12/20/2022 11:00:00 PM,FVG Long,Exit on session close,$1063.88,$13790.72,$6.12,$70.00,$1540.00,$476.12,89,
545,GC FEB26,Backtest,FairValueGapStrategyFiltered,Long,1,2256.8,2250.1,12/21/2022 4:40:00 PM,12/21/2022 11:00:00 PM,FVG Long,Exit on session close,($676.12),$13114.60,$6.12,$790.00,$320.00,$996.12,77,
546,GC FEB26,Backtest,FairValueGapStrategyFiltered,Long,1,2239.9,2248.0,12/27/2022 3:40:00 PM,12/27/2022 11:00:00 PM,FVG Long,Exit on session close,$803.88,$13918.48,$6.12,$0.00,$2820.00,$2016.12,89,
547,GC FEB26,Backtest,FairValueGapStrategyFiltered,Long,1,2246.4,2248.1,12/29/2022 3:40:00 PM,12/29/2022 11:00:00 PM,FVG Long,Exit on session close,$163.88,$14082.36,$6.12,$160.00,$710.00,$546.12,89,
548,GC FEB26,Backtest,FairValueGapStrategyFiltered,Long,1,2254.8,2256.3,12/30/2022 3:40:00 PM,12/30/2022 11:00:00 PM,FVG Long,Exit on session close,$143.88,$14226.24,$6.12,$820.00,$380.00,$236.12,89,
549,GC FEB26,Backtest,FairValueGapStrategyFiltered,Long,1,2277.1,2271.7,1/3/2023 3:40:00 PM,1/3/2023 11:00:00 PM,FVG Long,Exit on session close,($546.12),$13680.12,$6.12,$1750.00,$520.00,$1066.12,89,
550,GC FEB26,Backtest,FairValueGapStrategyFiltered,Long,1,2289.7,2286.9,1/4/2023 3:40:00 PM,1/4/2023 11:00:00 PM,FVG Long,Exit on session close,($286.12),$13394.00,$6.12,$1050.00,$310.00,$596.12,89,
551,GC FEB26,Backtest,FairValueGapStrategyFiltered,Long,1,2279.1,2296.7,1/6/2023 3:40:00 PM,1/6/2023 11:00:00 PM,FVG Long,Exit on session close,$1753.88,$15147.88,$6.12,$770.00,$2230.00,$476.12,89,
552,GC FEB26,Backtest,FairValueGapStrategyFiltered,Long,1,2306.1,2302.5,1/9/2023 3:40:00 PM,1/9/2023 11:00:00 PM,FVG Long,Exit on session close,($366.12),$14781.76,$6.12,$630.00,$650.00,$1016.12,89,
553,GC FEB26,Backtest,FairValueGapStrategyFiltered,Long,1,2309.3,2307.5,1/10/2023 3:40:00 PM,1/10/2023 11:00:00 PM,FVG Long,Exit on session close,($186.12),$14595.64,$6.12,$800.00,$210.00,$396.12,89,
554,GC FEB26,Backtest,FairValueGapStrategyFiltered,Long,1,2320.8,2326.4,1/12/2023 3:40:00 PM,1/12/2023 11:00:00 PM,FVG Long,Exit on session close,$553.88,$15149.52,$6.12,$1180.00,$850.00,$296.12,89,
555,GC FEB26,Backtest,FairValueGapStrategyFiltered,Long,1,2334.0,2349.2,1/13/2023 3:40:00 PM,1/13/2023 11:00:00 PM,FVG Long,Exit on session close,$1513.88,$16663.40,$6.12,$40.00,$1750.00,$236.12,89,
556,GC FEB26,Backtest,FairValueGapStrategyFiltered,Long,1,2344.7,2343.2,1/16/2023 4:00:00 PM,1/16/2023 7:00:00 PM,FVG Long,Exit on session close,($156.12),$16507.28,$6.12,$270.00,$200.00,$356.12,37,
557,GC FEB26,Backtest,FairValueGapStrategyFiltered,Long,1,2353.2,2332.5,1/18/2023 3:40:00 PM,1/18/2023 11:00:00 PM,FVG Long,Exit on session close,($2076.12),$14431.16,$6.12,$2350.00,$10.00,$2086.12,89,
558,GC FEB26,Backtest,FairValueGapStrategyFiltered,Long,1,2344.2,2360.0,1/19/2023 3:40:00 PM,1/19/2023 11:00:00 PM,FVG Long,Exit on session close,$1573.88,$16005.04,$6.12,$200.00,$1890.00,$316.12,89,
559,GC FEB26,Backtest,FairValueGapStrategyFiltered,Long,1,2352.6,2353.9,1/20/2023 3:55:00 PM,1/20/2023 11:00:00 PM,FVG Long,Exit on session close,$123.88,$16128.92,$6.12,$210.00,$620.00,$496.12,86,
560,GC FEB26,Backtest,FairValueGapStrategyFiltered,Long,1,2354.1,2364.9,1/24/2023 4:25:00 PM,1/24/2023 11:00:00 PM,FVG Long,Exit on session close,$1073.88,$17202.80,$6.12,$10.00,$1160.00,$86.12,80,
561,GC FEB26,Backtest,FairValueGapStrategyFiltered,Long,1,2362.4,2373.5,1/25/2023 4:15:00 PM,1/25/2023 11:00:00 PM,FVG Long,Exit on session close,$1103.88,$18306.68,$6.12,$710.00,$1330.00,$226.12,82,
562,GC FEB26,Backtest,FairValueGapStrategyFiltered,Long,1,2357.1,2376.2,2/1/2023 3:40:00 PM,2/1/2023 11:00:00 PM,FVG Long,Exit on session close,$1903.88,$20210.56,$6.12,$1160.00,$2310.00,$406.12,89,
563,GC FEB26,Backtest,FairValueGapStrategyFiltered,Long,1,2295.2,2294.5,2/7/2023 4:45:00 PM,2/7/2023 11:00:00 PM,FVG Long,Exit on session close,($76.12),$20134.44,$6.12,$820.00,$1140.00,$1216.12,76,
564,GC FEB26,Backtest,FairValueGapStrategyFiltered,Long,1,2299.1,2297.6,2/8/2023 3:45:00 PM,2/8/2023 11:00:00 PM,FVG Long,Exit on session close,($156.12),$19978.32,$6.12,$830.00,$260.00,$416.12,88,
565,GC FEB26,Backtest,FairValueGapStrategyFiltered,Long,1,2304.6,2282.8,2/9/2023 3:40:00 PM,2/9/2023 11:00:00 PM,FVG Long,Exit on session close,($2186.12),$17792.20,$6.12,$2500.00,$40.00,$2226.12,89,
566,GC FEB26,Backtest,FairValueGapStrategyFiltered,Long,1,2280.9,2274.2,2/14/2023 4:10:00 PM,2/14/2023 11:00:00 PM,FVG Long,Exit on session close,($676.12),$17116.08,$6.12,$1730.00,$520.00,$1196.12,83,
567,GC FEB26,Backtest,FairValueGapStrategyFiltered,Long,1,2256.7,2260.7,2/17/2023 4:45:00 PM,2/17/2023 11:00:00 PM,FVG Long,Exit on session close,$393.88,$17509.96,$6.12,$410.00,$580.00,$186.12,76,
568,GC FEB26,Backtest,FairValueGapStrategyFiltered,Long,1,2264.4,2259.1,2/20/2023 3:40:00 PM,2/20/2023 7:00:00 PM,FVG Long,Exit on session close,($536.12),$16973.84,$6.12,$540.00,$110.00,$646.12,41,
569,GC FEB26,Backtest,FairValueGapStrategyFiltered,Long,1,2260.1,2253.4,2/21/2023 4:45:00 PM,2/21/2023 11:00:00 PM,FVG Long,Exit on session close,($676.12),$16297.72,$6.12,$1010.00,$60.00,$736.12,76,
570,GC FEB26,Backtest,FairValueGapStrategyFiltered,Long,1,2233.0,2243.2,2/28/2023 3:55:00 PM,2/28/2023 11:00:00 PM,FVG Long,Exit on session close,$1013.88,$17311.60,$6.12,$20.00,$1500.00,$486.12,86,
571,GC FEB26,Backtest,FairValueGapStrategyFiltered,Long,1,2256.3,2253.0,3/1/2023 3:40:00 PM,3/1/2023 11:00:00 PM,FVG Long,Exit on session close,($336.12),$16975.48,$6.12,$660.00,$560.00,$896.12,89,
572,GC FEB26,Backtest,FairValueGapStrategyFiltered,Long,1,2252.2,2251.5,3/2/2023 4:05:00 PM,3/2/2023 11:00:00 PM,FVG Long,Exit on session close,($76.12),$16899.36,$6.12,$420.00,$250.00,$326.12,84,
573,GC FEB26,Backtest,FairValueGapStrategyFiltered,Long,1,2259.0,2272.2,3/3/2023 3:40:00 PM,3/3/2023 11:00:00 PM,FVG Long,Exit on session close,$1313.88,$18213.24,$6.12,$520.00,$1480.00,$166.12,89,
574,GC FEB26,Backtest,FairValueGapStrategyFiltered,Long,1,2241.4,2244.4,3/9/2023 3:40:00 PM,3/9/2023 11:00:00 PM,FVG Long,Exit on session close,$293.88,$18507.12,$6.12,$270.00,$740.00,$446.12,89,
575,GC FEB26,Backtest,FairValueGapStrategyFiltered,Long,1,2265.3,2282.1,3/10/2023 3:40:00 PM,3/10/2023 11:00:00 PM,FVG Long,Exit on session close,$1673.88,$20181.00,$6.12,$0.00,$1840.00,$166.12,89,
576,GC FEB26,Backtest,FairValueGapStrategyFiltered,Long,1,2321.8,2328.3,3/13/2023 3:20:00 PM,3/13/2023 10:00:00 PM,FVG Long,Exit on session close,$643.88,$20824.88,$6.12,$450.00,$710.00,$66.12,81,
577,GC FEB26,Backtest,FairValueGapStrategyFiltered,Long,1,2319.9,2317.7,3/14/2023 3:20:00 PM,3/14/2023 10:00:00 PM,FVG Long,Exit on session close,($226.12),$20598.76,$6.12,$510.00,$430.00,$656.12,81,
578,GC FEB26,Backtest,FairValueGapStrategyFiltered,Long,1,2342.8,2333.2,3/16/2023 3:25:00 PM,3/16/2023 10:00:00 PM,FVG Long,Exit on session close,($966.12),$19632.64,$6.12,$1620.00,$330.00,$1296.12,80,
579,GC FEB26,Backtest,FairValueGapStrategyFiltered,Long,1,2369.0,2403.1,3/17/2023 3:35:00 PM,3/17/2023 10:00:00 PM,FVG Long,Exit on session close,$3403.88,$23036.52,$6.12,$60.00,$3410.00,$6.12,78,
580,GC FEB26,Backtest,FairValueGapStrategyFiltered,Long,1,2396.3,2405.5,3/23/2023 3:35:00 PM,3/23/2023 10:00:00 PM,FVG Long,Exit on session close,$913.88,$23950.40,$6.12,$660.00,$1920.00,$1006.12,78,
581,GC FEB26,Backtest,FairValueGapStrategyFiltered,Long,1,2406.5,2390.4,3/24/2023 3:20:00 PM,3/24/2023 10:00:00 PM,FVG Long,Exit on session close,($1616.12),$22334.28,$6.12,$1940.00,$410.00,$2026.12,81,
582,GC FEB26,Backtest,FairValueGapStrategyFiltered,Long,1,2379.4,2375.3,3/29/2023 4:45:00 PM,3/29/2023 11:00:00 PM,FVG Long,Exit on session close,($416.12),$21918.16,$6.12,$810.00,$310.00,$726.12,76,
583,GC FEB26,Backtest,FairValueGapStrategyFiltered,Long,1,2380.6,2390.2,3/30/2023 4:30:00 PM,3/30/2023 11:00:00 PM,FVG Long,Exit on session close,$953.88,$22872.04,$6.12,$290.00,$1400.00,$446.12,79,
584,GC FEB26,Backtest,FairValueGapStrategyFiltered,Long,1,2393.8,2379.2,3/31/2023 3:45:00 PM,3/31/2023 11:00:00 PM,FVG Long,Exit on session close,($1466.12),$21405.92,$6.12,$1740.00,$20.00,$1486.12,88,
585,GC FEB26,Backtest,FairValueGapStrategyFiltered,Long,1,2389.3,2393.9,4/3/2023 3:55:00 PM,4/3/2023 11:00:00 PM,FVG Long,Exit on session close,$453.88,$21859.80,$6.12,$410.00,$1090.00,$636.12,86,
586,GC FEB26,Backtest,FairValueGapStrategyFiltered,Long,1,2398.4,2430.3,4/4/2023 3:40:00 PM,4/4/2023 11:00:00 PM,FVG Long,Exit on session close,$3183.88,$25043.68,$6.12,$220.00,$3720.00,$536.12,89,
587,GC FEB26,Backtest,FairValueGapStrategyFiltered,Long,1,2433.5,2429.5,4/5/2023 3:40:00 PM,4/5/2023 8:05:00 PM,FVG Long,Exit on session close,($406.12),$24637.56,$6.12,$1520.00,$710.00,$1116.12,54,
588,GC FEB26,Backtest,FairValueGapStrategyFiltered,Long,1,2410.0,2408.8,4/20/2023 3:40:00 PM,4/20/2023 11:00:00 PM,FVG Long,Exit on session close,($126.12),$24511.44,$6.12,$750.00,$640.00,$766.12,89,
589,GC FEB26,Backtest,FairValueGapStrategyFiltered,Long,1,2408.8,2391.0,4/26/2023 3:40:00 PM,4/26/2023 11:00:00 PM,FVG Long,Exit on session close,($1786.12),$22725.32,$6.12,$2290.00,$20.00,$1806.12,89,
590,GC FEB26,Backtest,FairValueGapStrategyFiltered,Long,1,2391.5,2391.6,4/28/2023 4:45:00 PM,4/28/2023 11:00:00 PM,FVG Long,Exit on session close,$3.88,$22729.20,$6.12,$300.00,$480.00,$476.12,76,
591,GC FEB26,Backtest,FairValueGapStrategyFiltered,Long,1,2401.4,2383.5,5/1/2023 3:40:00 PM,5/1/2023 11:00:00 PM,FVG Long,Exit on session close,($1796.12),$20933.08,$6.12,$2120.00,$390.00,$2186.12,89,
592,GC FEB26,Backtest,FairValueGapStrategyFiltered,Long,1,2388.0,2418.0,5/2/2023 3:40:00 PM,5/2/2023 11:00:00 PM,FVG Long,Exit on session close,$2993.88,$23926.96,$6.12,$120.00,$3300.00,$306.12,89,
593,GC FEB26,Backtest,FairValueGapStrategyFiltered,Long,1,2419.3,2441.0,5/3/2023 4:45:00 PM,5/3/2023 11:00:00 PM,FVG Long,Exit on session close,$2163.88,$26090.84,$6.12,$130.00,$2290.00,$126.12,76,
594,GC FEB26,Backtest,FairValueGapStrategyFiltered,Long,1,2441.4,2450.8,5/4/2023 3:50:00 PM,5/4/2023 11:00:00 PM,FVG Long,Exit on session close,$933.88,$27024.72,$6.12,$20.00,$1890.00,$956.12,87,
595,GC FEB26,Backtest,FairValueGapStrategyFiltered,Long,1,2425.7,2434.0,5/9/2023 3:40:00 PM,5/9/2023 11:00:00 PM,FVG Long,Exit on session close,$823.88,$27848.60,$6.12,$210.00,$1160.00,$336.12,89,
596,GC FEB26,Backtest,FairValueGapStrategyFiltered,Long,1,2438.4,2429.0,5/10/2023 4:00:00 PM,5/10/2023 11:00:00 PM,FVG Long,Exit on session close,($946.12),$26902.48,$6.12,$1790.00,$0.00,$946.12,85,
597,GC FEB26,Backtest,FairValueGapStrategyFiltered,Long,1,2414.4,2413.6,5/15/2023 3:40:00 PM,5/15/2023 11:00:00 PM,FVG Long,Exit on session close,($86.12),$26816.36,$6.12,$400.00,$530.00,$616.12,89,
598,GC FEB26,Backtest,FairValueGapStrategyFiltered,Long,1,2367.0,2365.9,5/22/2023 4:45:00 PM,5/22/2023 11:00:00 PM,FVG Long,Exit on session close,($116.12),$26700.24,$6.12,$180.00,$630.00,$746.12,76,
599,GC FEB26,Backtest,FairValueGapStrategyFiltered,Long,1,2339.3,2335.0,5/29/2023 3:40:00 PM,5/29/2023 7:00:00 PM,FVG Long,Exit on session close,($436.12),$26264.12,$6.12,$480.00,$80.00,$516.12,41,
600,GC FEB26,Backtest,FairValueGapStrategyFiltered,Long,1,2346.5,2351.0,5/30/2023 3:40:00 PM,5/30/2023 11:00:00 PM,FVG Long,Exit on session close,$443.88,$26708.00,$6.12,$510.00,$880.00,$436.12,89,
601,GC FEB26,Backtest,FairValueGapStrategyFiltered,Long,1,2356.4,2354.4,5/31/2023 3:40:00 PM,5/31/2023 11:00:00 PM,FVG Long,Exit on session close,($206.12),$26501.88,$6.12,$510.00,$1010.00,$1216.12,89,
602,GC FEB26,Backtest,FairValueGapStrategyFiltered,Long,1,2363.1,2368.5,6/1/2023 3:40:00 PM,6/1/2023 11:00:00 PM,FVG Long,Exit on session close,$533.88,$27035.76,$6.12,$250.00,$1100.00,$566.12,89,
603,GC FEB26,Backtest,FairValueGapStrategyFiltered,Long,1,2350.2,2353.2,6/6/2023 4:15:00 PM,6/6/2023 11:00:00 PM,FVG Long,Exit on session close,$293.88,$27329.64,$6.12,$410.00,$590.00,$296.12,82,
604,GC FEB26,Backtest,FairValueGapStrategyFiltered,Long,1,2358.5,2328.9,6/7/2023 4:00:00 PM,6/7/2023 11:00:00 PM,FVG Long,Exit on session close,($2966.12),$24363.52,$6.12,$2970.00,$140.00,$3106.12,85,
605,GC FEB26,Backtest,FairValueGapStrategyFiltered,Long,1,2351.4,2353.5,6/8/2023 3:40:00 PM,6/8/2023 11:00:00 PM,FVG Long,Exit on session close,$203.88,$24567.40,$6.12,$120.00,$770.00,$566.12,89,
606,GC FEB26,Backtest,FairValueGapStrategyFiltered,Long,1,2353.0,2349.1,6/9/2023 4:25:00 PM,6/9/2023 11:00:00 PM,FVG Long,Exit on session close,($396.12),$24171.28,$6.12,$530.00,$360.00,$756.12,80,
607,GC FEB26,Backtest,FairValueGapStrategyFiltered,Long,1,2350.7,2330.3,6/13/2023 3:40:00 PM,6/13/2023 11:00:00 PM,FVG Long,Exit on session close,($2046.12),$22125.16,$6.12,$2430.00,$90.00,$2136.12,89,
608,GC FEB26,Backtest,FairValueGapStrategyFiltered,Long,1,2345.0,2329.1,6/14/2023 3:40:00 PM,6/14/2023 11:00:00 PM,FVG Long,Exit on session close,($1596.12),$20529.04,$6.12,$1910.00,$120.00,$1716.12,89,
609,GC FEB26,Backtest,FairValueGapStrategyFiltered,Long,1,2337.2,2343.9,6/15/2023 4:00:00 PM,6/15/2023 11:00:00 PM,FVG Long,Exit on session close,$663.88,$21192.92,$6.12,$30.00,$900.00,$236.12,85,
610,GC FEB26,Backtest,FairValueGapStrategyFiltered,Long,1,2348.5,2344.1,6/16/2023 3:50:00 PM,6/16/2023 11:00:00 PM,FVG Long,Exit on session close,($446.12),$20746.80,$6.12,$970.00,$350.00,$796.12,87,
611,GC FEB26,Backtest,FairValueGapStrategyFiltered,Long,1,2317.7,2303.7,6/23/2023 3:40:00 PM,6/23/2023 11:00:00 PM,FVG Long,Exit on session close,($1406.12),$19340.68,$6.12,$1670.00,$470.00,$1876.12,89,
612,GC FEB26,Backtest,FairValueGapStrategyFiltered,Long,1,2309.1,2306.3,6/26/2023 3:40:00 PM,6/26/2023 11:00:00 PM,FVG Long,Exit on session close,($286.12),$19054.56,$6.12,$460.00,$280.00,$566.12,89,
613,GC FEB26,Backtest,FairValueGapStrategyFiltered,Long,1,2311.9,2296.7,6/27/2023 3:40:00 PM,6/27/2023 11:00:00 PM,FVG Long,Exit on session close,($1526.12),$17528.44,$6.12,$1870.00,$180.00,$1706.12,89,
614,GC FEB26,Backtest,FairValueGapStrategyFiltered,Long,1,2292.4,2301.2,6/30/2023 3:40:00 PM,6/30/2023 11:00:00 PM,FVG Long,Exit on session close,$873.88,$18402.32,$6.12,$180.00,$1180.00,$306.12,89,
615,GC FEB26,Backtest,FairValueGapStrategyFiltered,Long,1,2305.8,2302.9,7/3/2023 3:40:00 PM,7/3/2023 7:15:00 PM,FVG Long,Exit on session close,($296.12),$18106.20,$6.12,$330.00,$750.00,$1046.12,44,
616,GC FEB26,Backtest,FairValueGapStrategyFiltered,Long,1,2310.0,2305.2,7/4/2023 3:40:00 PM,7/4/2023 7:00:00 PM,FVG Long,Exit on session close,($486.12),$17620.08,$6.12,$500.00,$70.00,$556.12,41,
617,GC FEB26,Backtest,FairValueGapStrategyFiltered,Long,1,2309.4,2296.1,7/5/2023 3:40:00 PM,7/5/2023 11:00:00 PM,FVG Long,Exit on session close,($1336.12),$16283.96,$6.12,$1390.00,$100.00,$1436.12,89,
618,GC FEB26,Backtest,FairValueGapStrategyFiltered,Long,1,2304.6,2303.9,7/7/2023 3:40:00 PM,7/7/2023 11:00:00 PM,FVG Long,Exit on session close,($76.12),$16207.84,$6.12,$380.00,$990.00,$1066.12,89,
619,GC FEB26,Backtest,FairValueGapStrategyFiltered,Long,1,2302.0,2304.3,7/10/2023 4:00:00 PM,7/10/2023 11:00:00 PM,FVG Long,Exit on session close,$223.88,$16431.72,$6.12,$250.00,$380.00,$156.12,85,
620,GC FEB26,Backtest,FairValueGapStrategyFiltered,Long,1,2311.5,2311.0,7/11/2023 3:40:00 PM,7/11/2023 11:00:00 PM,FVG Long,Exit on session close,($56.12),$16375.60,$6.12,$350.00,$280.00,$336.12,89,
621,GC FEB26,Backtest,FairValueGapStrategyFiltered,Long,1,2330.9,2336.5,7/12/2023 3:40:00 PM,7/12/2023 11:00:00 PM,FVG Long,Exit on session close,$553.88,$16929.48,$6.12,$40.00,$760.00,$206.12,89,
622,GC FEB26,Backtest,FairValueGapStrategyFiltered,Long,1,2339.4,2338.4,7/13/2023 4:20:00 PM,7/13/2023 11:00:00 PM,FVG Long,Exit on session close,($106.12),$16823.36,$6.12,$690.00,$50.00,$156.12,81,
623,GC FEB26,Backtest,FairValueGapStrategyFiltered,Long,1,2337.4,2332.7,7/14/2023 4:00:00 PM,7/14/2023 11:00:00 PM,FVG Long,Exit on session close,($476.12),$16347.24,$6.12,$930.00,$230.00,$706.12,85,
624,GC FEB26,Backtest,FairValueGapStrategyFiltered,Long,1,2341.3,2355.9,7/18/2023 3:40:00 PM,7/18/2023 11:00:00 PM,FVG Long,Exit on session close,$1453.88,$17801.12,$6.12,$50.00,$2040.00,$586.12,89,
625,GC FEB26,Backtest,FairValueGapStrategyFiltered,Long,1,2341.8,2346.8,7/26/2023 3:40:00 PM,7/26/2023 11:00:00 PM,FVG Long,Exit on session close,$493.88,$18295.00,$6.12,$330.00,$1150.00,$656.12,89,
626,GC FEB26,Backtest,FairValueGapStrategyFiltered,Long,1,2332.8,2332.3,7/28/2023 4:20:00 PM,7/28/2023 11:00:00 PM,FVG Long,Exit on session close,($56.12),$18238.88,$6.12,$310.00,$330.00,$386.12,81,
627,GC FEB26,Backtest,FairValueGapStrategyFiltered,Long,1,2340.8,2337.8,7/31/2023 3:40:00 PM,7/31/2023 11:00:00 PM,FVG Long,Exit on session close,($306.12),$17932.76,$6.12,$390.00,$420.00,$726.12,89,
628,GC FEB26,Backtest,FairValueGapStrategyFiltered,Long,1,2312.6,2312.3,8/4/2023 3:40:00 PM,8/4/2023 11:00:00 PM,FVG Long,Exit on session close,($36.12),$17896.64,$6.12,$550.00,$570.00,$606.12,89,
629,GC FEB26,Backtest,FairValueGapStrategyFiltered,Long,1,2291.3,2278.8,8/10/2023 3:50:00 PM,8/10/2023 11:00:00 PM,FVG Long,Exit on session close,($1256.12),$16640.52,$6.12,$1280.00,$70.00,$1326.12,87,
630,GC FEB26,Backtest,FairValueGapStrategyFiltered,Long,1,2258.5,2258.1,8/21/2023 3:40:00 PM,8/21/2023 11:00:00 PM,FVG Long,Exit on session close,($46.12),$16594.40,$6.12,$1040.00,$40.00,$86.12,89,
631,GC FEB26,Backtest,FairValueGapStrategyFiltered,Long,1,2255.5,2260.5,8/22/2023 4:15:00 PM,8/22/2023 11:00:00 PM,FVG Long,Exit on session close,$493.88,$17088.28,$6.12,$170.00,$660.00,$166.12,82,
632,GC FEB26,Backtest,FairValueGapStrategyFiltered,Long,1,2274.9,2279.1,8/23/2023 3:40:00 PM,8/23/2023 11:00:00 PM,FVG Long,Exit on session close,$413.88,$17502.16,$6.12,$360.00,$890.00,$476.12,89,
633,GC FEB26,Backtest,FairValueGapStrategyFiltered,Long,1,2278.2,2278.8,8/24/2023 4:00:00 PM,8/24/2023 11:00:00 PM,FVG Long,Exit on session close,$53.88,$17556.04,$6.12,$90.00,$720.00,$666.12,85,
634,GC FEB26,Backtest,FairValueGapStrategyFiltered,Long,1,2279.4,2282.1,8/28/2023 3:50:00 PM,8/28/2023 11:00:00 PM,FVG Long,Exit on session close,$263.88,$17819.92,$6.12,$150.00,$890.00,$626.12,87,
635,GC FEB26,Backtest,FairValueGapStrategyFiltered,Long,1,2282.7,2299.7,8/29/2023 3:55:00 PM,8/29/2023 11:00:00 PM,FVG Long,Exit on session close,$1693.88,$19513.80,$6.12,$80.00,$1790.00,$96.12,86,
636,GC FEB26,Backtest,FairValueGapStrategyFiltered,Long,1,2308.6,2304.5,8/30/2023 3:40:00 PM,8/30/2023 11:00:00 PM,FVG Long,Exit on session close,($416.12),$19097.68,$6.12,$440.00,$260.00,$676.12,89,
637,GC FEB26,Backtest,FairValueGapStrategyFiltered,Long,1,2311.0,2300.3,9/1/2023 3:40:00 PM,9/1/2023 11:00:00 PM,FVG Long,Exit on session close,($1076.12),$18021.56,$6.12,$1620.00,$150.00,$1226.12,89,
638,GC FEB26,Backtest,FairValueGapStrategyFiltered,Long,1,2281.2,2276.7,9/8/2023 3:40:00 PM,9/8/2023 11:00:00 PM,FVG Long,Exit on session close,($456.12),$17565.44,$6.12,$630.00,$690.00,$1146.12,89,
639,GC FEB26,Backtest,FairValueGapStrategyFiltered,Long,1,2286.9,2279.4,9/11/2023 3:40:00 PM,9/11/2023 11:00:00 PM,FVG Long,Exit on session close,($756.12),$16809.32,$6.12,$820.00,$20.00,$776.12,89,
640,GC FEB26,Backtest,FairValueGapStrategyFiltered,Long,1,2281.9,2279.7,9/15/2023 3:40:00 PM,9/15/2023 11:00:00 PM,FVG Long,Exit on session close,($226.12),$16583.20,$6.12,$400.00,$460.00,$686.12,89,
641,GC FEB26,Backtest,FairValueGapStrategyFiltered,Long,1,2281.1,2289.3,9/18/2023 3:40:00 PM,9/18/2023 11:00:00 PM,FVG Long,Exit on session close,$813.88,$17397.08,$6.12,$320.00,$870.00,$56.12,89,
642,GC FEB26,Backtest,FairValueGapStrategyFiltered,Long,1,2291.4,2286.7,9/19/2023 3:55:00 PM,9/19/2023 11:00:00 PM,FVG Long,Exit on session close,($476.12),$16920.96,$6.12,$640.00,$40.00,$516.12,86,
643,GC FEB26,Backtest,FairValueGapStrategyFiltered,Long,1,2290.9,2285.4,9/20/2023 3:40:00 PM,9/20/2023 11:00:00 PM,FVG Long,Exit on session close,($556.12),$16364.84,$6.12,$680.00,$1210.00,$1766.12,89,
644,GC FEB26,Backtest,FairValueGapStrategyFiltered,Long,1,2278.9,2269.0,9/25/2023 4:05:00 PM,9/25/2023 11:00:00 PM,FVG Long,Exit on session close,($996.12),$15368.72,$6.12,$1100.00,$30.00,$1026.12,84,
645,GC FEB26,Backtest,FairValueGapStrategyFiltered,Long,1,2170.3,2181.1,10/6/2023 3:40:00 PM,10/6/2023 11:00:00 PM,FVG Long,Exit on session close,$1073.88,$16442.60,$6.12,$640.00,$1280.00,$206.12,89,
646,GC FEB26,Backtest,FairValueGapStrategyFiltered,Long,1,2192.1,2209.1,10/9/2023 3:40:00 PM,10/9/2023 11:00:00 PM,FVG Long,Exit on session close,$1693.88,$18136.48,$6.12,$20.00,$1930.00,$236.12,89,
647,GC FEB26,Backtest,FairValueGapStrategyFiltered,Long,1,2217.0,2222.0,10/11/2023 3:40:00 PM,10/11/2023 11:00:00 PM,FVG Long,Exit on session close,$493.88,$18630.36,$6.12,$170.00,$800.00,$306.12,89,
648,GC FEB26,Backtest,FairValueGapStrategyFiltered,Long,1,2223.0,2215.7,10/12/2023 3:40:00 PM,10/12/2023 11:00:00 PM,FVG Long,Exit on session close,($736.12),$17894.24,$6.12,$830.00,$120.00,$856.12,89,
649,GC FEB26,Backtest,FairValueGapStrategyFiltered,Long,1,2257.0,2280.0,10/13/2023 3:40:00 PM,10/13/2023 11:00:00 PM,FVG Long,Exit on session close,$2293.88,$20188.12,$6.12,$450.00,$2330.00,$36.12,89,
650,GC FEB26,Backtest,FairValueGapStrategyFiltered,Long,1,2267.9,2267.0,10/16/2023 3:55:00 PM,10/16/2023 11:00:00 PM,FVG Long,Exit on session close,($96.12),$20092.00,$6.12,$490.00,$190.00,$286.12,86,
651,GC FEB26,Backtest,FairValueGapStrategyFiltered,Long,1,2269.2,2269.8,10/17/2023 3:40:00 PM,10/17/2023 11:00:00 PM,FVG Long,Exit on session close,$53.88,$20145.88,$6.12,$320.00,$940.00,$886.12,89,
652,GC FEB26,Backtest,FairValueGapStrategyFiltered,Long,1,2300.7,2294.4,10/18/2023 3:40:00 PM,10/18/2023 11:00:00 PM,FVG Long,Exit on session close,($636.12),$19509.76,$6.12,$1600.00,$920.00,$1556.12,89,
653,GC FEB26,Backtest,FairValueGapStrategyFiltered,Long,1,2300.0,2320.9,10/19/2023 3:45:00 PM,10/19/2023 11:00:00 PM,FVG Long,Exit on session close,$2083.88,$21593.64,$6.12,$450.00,$2430.00,$346.12,88,
654,GC FEB26,Backtest,FairValueGapStrategyFiltered,Long,1,2325.1,2327.2,10/20/2023 3:40:00 PM,10/20/2023 11:00:00 PM,FVG Long,Exit on session close,$203.88,$21797.52,$6.12,$540.00,$1820.00,$1616.12,89,
655,GC FEB26,Backtest,FairValueGapStrategyFiltered,Long,1,2324.0,2325.3,10/25/2023 3:40:00 PM,10/25/2023 11:00:00 PM,FVG Long,Exit on session close,$123.88,$21921.40,$6.12,$1630.00,$870.00,$746.12,89,
656,GC FEB26,Backtest,FairValueGapStrategyFiltered,Long,1,2321.8,2329.1,10/26/2023 4:45:00 PM,10/26/2023 11:00:00 PM,FVG Long,Exit on session close,$723.88,$22645.28,$6.12,$150.00,$1200.00,$476.12,76,
657,GC FEB26,Backtest,FairValueGapStrategyFiltered,Long,1,2328.6,2350.4,10/27/2023 4:20:00 PM,10/27/2023 11:00:00 PM,FVG Long,Exit on session close,$2173.88,$24819.16,$6.12,$610.00,$2520.00,$346.12,81,
658,GC FEB26,Backtest,FairValueGapStrategyFiltered,Long,1,2350.1,2326.8,10/31/2023 3:25:00 PM,10/31/2023 10:00:00 PM,FVG Long,Exit on session close,($2336.12),$22483.04,$6.12,$2860.00,$20.00,$2356.12,80,
659,GC FEB26,Backtest,FairValueGapStrategyFiltered,Long,1,2300.3,2301.3,11/14/2023 3:40:00 PM,11/14/2023 11:00:00 PM,FVG Long,Exit on session close,$93.88,$22576.92,$6.12,$90.00,$910.00,$816.12,89,
660,GC FEB26,Backtest,FairValueGapStrategyFiltered,Long,1,2298.9,2297.2,11/15/2023 4:40:00 PM,11/15/2023 11:00:00 PM,FVG Long,Exit on session close,($176.12),$22400.80,$6.12,$220.00,$350.00,$526.12,77,
661,GC FEB26,Backtest,FairValueGapStrategyFiltered,Long,1,2311.4,2318.4,11/16/2023 3:40:00 PM,11/16/2023 11:00:00 PM,FVG Long,Exit on session close,$693.88,$23094.68,$6.12,$120.00,$1380.00,$686.12,89,
662,GC FEB26,Backtest,FairValueGapStrategyFiltered,Long,1,2320.9,2317.6,11/17/2023 3:40:00 PM,11/17/2023 11:00:00 PM,FVG Long,Exit on session close,($336.12),$22758.56,$6.12,$570.00,$110.00,$446.12,89,
663,GC FEB26,Backtest,FairValueGapStrategyFiltered,Long,1,2339.9,2334.4,11/21/2023 3:40:00 PM,11/21/2023 11:00:00 PM,FVG Long,Exit on session close,($556.12),$22202.44,$6.12,$750.00,$400.00,$956.12,89,
664,GC FEB26,Backtest,FairValueGapStrategyFiltered,Long,1,2337.1,2325.6,11/22/2023 3:45:00 PM,11/22/2023 11:00:00 PM,FVG Long,Exit on session close,($1156.12),$21046.32,$6.12,$1440.00,$170.00,$1326.12,88,
665,GC FEB26,Backtest,FairValueGapStrategyFiltered,Long,1,2337.1,2335.5,11/24/2023 3:40:00 PM,11/24/2023 7:15:00 PM,FVG Long,Exit on session close,($166.12),$20880.20,$6.12,$520.00,$150.00,$316.12,44,
666,GC FEB26,Backtest,FairValueGapStrategyFiltered,Long,1,2346.9,2348.5,11/27/2023 3:40:00 PM,11/27/2023 11:00:00 PM,FVG Long,Exit on session close,$153.88,$21034.08,$6.12,$670.00,$270.00,$116.12,89,
667,GC FEB26,Backtest,FairValueGapStrategyFiltered,Long,1,2360.9,2375.5,11/28/2023 3:40:00 PM,11/28/2023 11:00:00 PM,FVG Long,Exit on session close,$1453.88,$22487.96,$6.12,$420.00,$1660.00,$206.12,89,
668,GC FEB26,Backtest,FairValueGapStrategyFiltered,Long,1,2377.6,2378.8,11/29/2023 3:50:00 PM,11/29/2023 11:00:00 PM,FVG Long,Exit on session close,$113.88,$22601.84,$6.12,$420.00,$650.00,$536.12,87,
669,GC FEB26,Backtest,FairValueGapStrategyFiltered,Long,1,2379.9,2405.0,12/1/2023 4:15:00 PM,12/1/2023 11:00:00 PM,FVG Long,Exit on session close,$2503.88,$25105.72,$6.12,$350.00,$2910.00,$406.12,82,
670,GC FEB26,Backtest,FairValueGapStrategyFiltered,Long,1,2364.0,2356.7,12/6/2023 3:40:00 PM,12/6/2023 11:00:00 PM,FVG Long,Exit on session close,($736.12),$24369.60,$6.12,$1040.00,$20.00,$756.12,89,
671,GC FEB26,Backtest,FairValueGapStrategyFiltered,Long,1,2362.3,2358.6,12/7/2023 3:40:00 PM,12/7/2023 11:00:00 PM,FVG Long,Exit on session close,($376.12),$23993.48,$6.12,$1240.00,$130.00,$506.12,89,
672,GC FEB26,Backtest,FairValueGapStrategyFiltered,Long,1,2371.7,2364.6,12/14/2023 3:40:00 PM,12/14/2023 11:00:00 PM,FVG Long,Exit on session close,($716.12),$23277.36,$6.12,$1490.00,$450.00,$1166.12,89,
673,GC FEB26,Backtest,FairValueGapStrategyFiltered,Long,1,2366.0,2347.1,12/15/2023 4:25:00 PM,12/15/2023 11:00:00 PM,FVG Long,Exit on session close,($1896.12),$21381.24,$6.12,$2350.00,$20.00,$1916.12,80,
674,GC FEB26,Backtest,FairValueGapStrategyFiltered,Long,1,2359.2,2367.1,12/19/2023 3:40:00 PM,12/19/2023 11:00:00 PM,FVG Long,Exit on session close,$783.88,$22165.12,$6.12,$10.00,$1510.00,$726.12,89,
675,GC FEB26,Backtest,FairValueGapStrategyFiltered,Long,1,2361.2,2357.7,12/20/2023 4:45:00 PM,12/20/2023 11:00:00 PM,FVG Long,Exit on session close,($356.12),$21809.00,$6.12,$730.00,$250.00,$606.12,76,
676,GC FEB26,Backtest,FairValueGapStrategyFiltered,Long,1,2369.1,2371.1,12/21/2023 3:40:00 PM,12/21/2023 11:00:00 PM,FVG Long,Exit on session close,$193.88,$22002.88,$6.12,$740.00,$220.00,$26.12,89,
677,GC FEB26,Backtest,FairValueGapStrategyFiltered,Long,1,2391.8,2377.8,12/22/2023 3:40:00 PM,12/22/2023 11:00:00 PM,FVG Long,Exit on session close,($1406.12),$20596.76,$6.12,$1520.00,$450.00,$1856.12,89,
678,GC FEB26,Backtest,FairValueGapStrategyFiltered,Long,1,2385.4,2392.5,12/26/2023 3:40:00 PM,12/26/2023 11:00:00 PM,FVG Long,Exit on session close,$703.88,$21300.64,$6.12,$660.00,$840.00,$136.12,89,
679,GC FEB26,Backtest,FairValueGapStrategyFiltered,Long,1,2395.2,2402.7,12/27/2023 3:40:00 PM,12/27/2023 11:00:00 PM,FVG Long,Exit on session close,$743.88,$22044.52,$6.12,$400.00,$1390.00,$646.12,89,
680,GC FEB26,Backtest,FairValueGapStrategyFiltered,Long,1,2402.0,2389.0,12/28/2023 4:05:00 PM,12/28/2023 11:00:00 PM,FVG Long,Exit on session close,($1306.12),$20738.40,$6.12,$1410.00,$250.00,$1556.12,84,
681,GC FEB26,Backtest,FairValueGapStrategyFiltered,Long,1,2366.6,2365.9,1/5/2024 3:40:00 PM,1/5/2024 11:00:00 PM,FVG Long,Exit on session close,($76.12),$20662.28,$6.12,$610.00,$1780.00,$1856.12,89,
682,GC FEB26,Backtest,FairValueGapStrategyFiltered,Long,1,2349.4,2346.4,1/11/2024 3:40:00 PM,1/11/2024 11:00:00 PM,FVG Long,Exit on session close,($306.12),$20356.16,$6.12,$1880.00,$350.00,$656.12,89,
683,GC FEB26,Backtest,FairValueGapStrategyFiltered,Long,1,2379.4,2366.9,1/12/2024 3:40:00 PM,1/12/2024 11:00:00 PM,FVG Long,Exit on session close,($1256.12),$19100.04,$6.12,$2040.00,$120.00,$1376.12,89,
684,GC FEB26,Backtest,FairValueGapStrategyFiltered,Long,1,2369.1,2373.0,1/15/2024 3:40:00 PM,1/15/2024 7:00:00 PM,FVG Long,Exit on session close,$383.88,$19483.92,$6.12,$260.00,$480.00,$96.12,41,
685,GC FEB26,Backtest,FairValueGapStrategyFiltered,Long,1,2346.3,2345.1,1/19/2024 3:40:00 PM,1/19/2024 11:00:00 PM,FVG Long,Exit on session close,($126.12),$19357.80,$6.12,$780.00,$270.00,$396.12,89,
686,GC FEB26,Backtest,FairValueGapStrategyFiltered,Long,1,2339.9,2336.4,1/22/2024 4:25:00 PM,1/22/2024 11:00:00 PM,FVG Long,Exit on session close,($356.12),$19001.68,$6.12,$590.00,$180.00,$536.12,80,
687,GC FEB26,Backtest,FairValueGapStrategyFiltered,Long,1,2346.2,2327.7,1/24/2024 3:40:00 PM,1/24/2024 11:00:00 PM,FVG Long,Exit on session close,($1856.12),$17145.56,$6.12,$2120.00,$30.00,$1886.12,89,
688,GC FEB26,Backtest,FairValueGapStrategyFiltered,Long,1,2336.3,2334.3,1/25/2024 3:45:00 PM,1/25/2024 11:00:00 PM,FVG Long,Exit on session close,($206.12),$16939.44,$6.12,$1060.00,$260.00,$466.12,88,
689,GC FEB26,Backtest,FairValueGapStrategyFiltered,Long,1,2342.1,2345.9,1/29/2024 3:40:00 PM,1/29/2024 11:00:00 PM,FVG Long,Exit on session close,$373.88,$17313.32,$6.12,$900.00,$600.00,$226.12,89,
690,GC FEB26,Backtest,FairValueGapStrategyFiltered,Long,1,2360.1,2349.7,1/30/2024 3:40:00 PM,1/30/2024 11:00:00 PM,FVG Long,Exit on session close,($1046.12),$16267.20,$6.12,$1860.00,$230.00,$1276.12,89,
691,GC FEB26,Backtest,FairValueGapStrategyFiltered,Long,1,2358.6,2352.1,1/31/2024 3:40:00 PM,1/31/2024 11:00:00 PM,FVG Long,Exit on session close,($656.12),$15611.08,$6.12,$1540.00,$1040.00,$1696.12,89,
692,GC FEB26,Backtest,FairValueGapStrategyFiltered,Long,1,2360.4,2366.7,2/1/2024 3:40:00 PM,2/1/2024 11:00:00 PM,FVG Long,Exit on session close,$623.88,$16234.96,$6.12,$920.00,$1720.00,$1096.12,89,
693,GC FEB26,Backtest,FairValueGapStrategyFiltered,Long,1,2345.0,2346.9,2/6/2024 4:20:00 PM,2/6/2024 11:00:00 PM,FVG Long,Exit on session close,$183.88,$16418.84,$6.12,$230.00,$470.00,$286.12,81,
694,GC FEB26,Backtest,FairValueGapStrategyFiltered,Long,1,2351.0,2345.3,2/7/2024 3:50:00 PM,2/7/2024 11:00:00 PM,FVG Long,Exit on session close,($576.12),$15842.72,$6.12,$710.00,$470.00,$1046.12,87,
695,GC FEB26,Backtest,FairValueGapStrategyFiltered,Long,1,2313.9,2310.5,2/15/2024 3:40:00 PM,2/15/2024 11:00:00 PM,FVG Long,Exit on session close,($346.12),$15496.60,$6.12,$960.00,$70.00,$416.12,89,
696,GC FEB26,Backtest,FairValueGapStrategyFiltered,Long,1,2308.0,2319.9,2/16/2024 4:15:00 PM,2/16/2024 11:00:00 PM,FVG Long,Exit on session close,$1183.88,$16680.48,$6.12,$20.00,$1360.00,$176.12,82,
697,GC FEB26,Backtest,FairValueGapStrategyFiltered,Long,1,2322.4,2323.2,2/19/2024 3:40:00 PM,2/19/2024 7:00:00 PM,FVG Long,Exit on session close,$73.88,$16754.36,$6.12,$390.00,$210.00,$136.12,41,
698,GC FEB26,Backtest,FairValueGapStrategyFiltered,Long,1,2333.6,2330.4,2/20/2024 3:40:00 PM,2/20/2024 11:00:00 PM,FVG Long,Exit on session close,($326.12),$16428.24,$6.12,$430.00,$240.00,$566.12,89,
699,GC FEB26,Backtest,FairValueGapStrategyFiltered,Long,1,2333.3,2331.2,2/21/2024 3:40:00 PM,2/21/2024 11:00:00 PM,FVG Long,Exit on session close,($216.12),$16212.12,$6.12,$800.00,$250.00,$466.12,89,
700,GC FEB26,Backtest,FairValueGapStrategyFiltered,Long,1,2331.2,2340.2,2/23/2024 4:10:00 PM,2/23/2024 11:00:00 PM,FVG Long,Exit on session close,$893.88,$17106.00,$6.12,$150.00,$1640.00,$746.12,83,
701,GC FEB26,Backtest,FairValueGapStrategyFiltered,Long,1,2339.8,2333.8,2/27/2024 3:40:00 PM,2/27/2024 11:00:00 PM,FVG Long,Exit on session close,($606.12),$16499.88,$6.12,$730.00,$190.00,$796.12,89,
702,GC FEB26,Backtest,FairValueGapStrategyFiltered,Long,1,2337.1,2337.9,2/28/2024 3:40:00 PM,2/28/2024 11:00:00 PM,FVG Long,Exit on session close,$73.88,$16573.76,$6.12,$310.00,$230.00,$156.12,89,
703,GC FEB26,Backtest,FairValueGapStrategyFiltered,Long,1,2350.1,2347.2,2/29/2024 3:40:00 PM,2/29/2024 11:00:00 PM,FVG Long,Exit on session close,($296.12),$16277.64,$6.12,$430.00,$370.00,$666.12,89,
704,GC FEB26,Backtest,FairValueGapStrategyFiltered,Long,1,2355.4,2386.0,3/1/2024 3:40:00 PM,3/1/2024 11:00:00 PM,FVG Long,Exit on session close,$3053.88,$19331.52,$6.12,$1000.00,$3610.00,$556.12,89,
705,GC FEB26,Backtest,FairValueGapStrategyFiltered,Long,1,2399.0,2417.5,3/4/2024 3:40:00 PM,3/4/2024 11:00:00 PM,FVG Long,Exit on session close,$1843.88,$21175.40,$6.12,$260.00,$2380.00,$536.12,89,
706,GC FEB26,Backtest,FairValueGapStrategyFiltered,Long,1,2434.9,2430.8,3/5/2024 3:40:00 PM,3/5/2024 11:00:00 PM,FVG Long,Exit on session close,($416.12),$20759.28,$6.12,$850.00,$770.00,$1186.12,89,
707,GC FEB26,Backtest,FairValueGapStrategyFiltered,Long,1,2447.0,2450.9,3/6/2024 3:40:00 PM,3/6/2024 11:00:00 PM,FVG Long,Exit on session close,$383.88,$21143.16,$6.12,$1230.00,$810.00,$426.12,89,
708,GC FEB26,Backtest,FairValueGapStrategyFiltered,Long,1,2455.5,2461.8,3/7/2024 3:40:00 PM,3/7/2024 11:00:00 PM,FVG Long,Exit on session close,$623.88,$21767.04,$6.12,$590.00,$720.00,$96.12,89,
709,GC FEB26,Backtest,FairValueGapStrategyFiltered,Long,1,2470.7,2480.6,3/8/2024 3:40:00 PM,3/8/2024 11:00:00 PM,FVG Long,Exit on session close,$983.88,$22750.92,$6.12,$500.00,$2670.00,$1686.12,89,
710,GC FEB26,Backtest,FairValueGapStrategyFiltered,Long,1,2481.3,2483.4,3/11/2024 3:30:00 PM,3/11/2024 10:00:00 PM,FVG Long,Exit on session close,$203.88,$22954.80,$6.12,$350.00,$530.00,$326.12,79,
711,GC FEB26,Backtest,FairValueGapStrategyFiltered,Long,1,2470.8,2473.8,3/13/2024 4:20:00 PM,3/13/2024 10:00:00 PM,FVG Long,Exit on session close,$293.88,$23248.68,$6.12,$140.00,$920.00,$626.12,69,
712,GC FEB26,Backtest,FairValueGapStrategyFiltered,Long,1,2458.9,2458.3,3/18/2024 4:35:00 PM,3/18/2024 10:00:00 PM,FVG Long,Exit on session close,($66.12),$23182.56,$6.12,$650.00,$30.00,$96.12,66,
713,GC FEB26,Backtest,FairValueGapStrategyFiltered,Long,1,2474.0,2467.4,3/25/2024 4:00:00 PM,3/25/2024 10:00:00 PM,FVG Long,Exit on session close,($666.12),$22516.44,$6.12,$780.00,$60.00,$726.12,73,
714,GC FEB26,Backtest,FairValueGapStrategyFiltered,Long,1,2486.3,2488.1,3/27/2024 3:40:00 PM,3/27/2024 10:00:00 PM,FVG Long,Exit on session close,$173.88,$22690.32,$6.12,$530.00,$250.00,$76.12,77,
715,GC FEB26,Backtest,FairValueGapStrategyFiltered,Long,1,2503.6,2527.5,3/28/2024 3:45:00 PM,3/28/2024 10:00:00 PM,FVG Long,Exit on session close,$2383.88,$25074.20,$6.12,$30.00,$2600.00,$216.12,76,
716,GC FEB26,Backtest,FairValueGapStrategyFiltered,Long,1,2547.0,2545.2,4/1/2024 3:40:00 PM,4/1/2024 11:00:00 PM,FVG Long,Exit on session close,($186.12),$24888.08,$6.12,$2520.00,$120.00,$306.12,89,
717,GC FEB26,Backtest,FairValueGapStrategyFiltered,Long,1,2551.1,2573.7,4/2/2024 3:40:00 PM,4/2/2024 11:00:00 PM,FVG Long,Exit on session close,$2253.88,$27141.96,$6.12,$730.00,$2350.00,$96.12,89,
718,GC FEB26,Backtest,FairValueGapStrategyFiltered,Long,1,2584.9,2583.1,4/4/2024 4:15:00 PM,4/4/2024 11:00:00 PM,FVG Long,Exit on session close,($186.12),$26955.84,$6.12,$1350.00,$1310.00,$1496.12,82,
719,GC FEB26,Backtest,FairValueGapStrategyFiltered,Long,1,2586.6,2621.8,4/5/2024 3:40:00 PM,4/5/2024 11:00:00 PM,FVG Long,Exit on session close,$3513.88,$30469.72,$6.12,$140.00,$3610.00,$96.12,89,
720,GC FEB26,Backtest,FairValueGapStrategyFiltered,Long,1,2617.5,2631.1,4/8/2024 4:35:00 PM,4/8/2024 11:00:00 PM,FVG Long,Exit on session close,$1353.88,$31823.60,$6.12,$170.00,$1650.00,$296.12,78,
721,GC FEB26,Backtest,FairValueGapStrategyFiltered,Long,1,2648.0,2644.7,4/9/2024 3:40:00 PM,4/9/2024 11:00:00 PM,FVG Long,Exit on session close,($336.12),$31487.48,$6.12,$1830.00,$780.00,$1116.12,89,
722,GC FEB26,Backtest,FairValueGapStrategyFiltered,Long,1,2633.3,2625.1,4/10/2024 4:20:00 PM,4/10/2024 11:00:00 PM,FVG Long,Exit on session close,($826.12),$30661.36,$6.12,$1670.00,$1040.00,$1866.12,81,
723,GC FEB26,Backtest,FairValueGapStrategyFiltered,Long,1,2634.7,2663.3,4/11/2024 3:40:00 PM,4/11/2024 11:00:00 PM,FVG Long,Exit on session close,$2853.88,$33515.24,$6.12,$1260.00,$3360.00,$506.12,89,
724,GC FEB26,Backtest,FairValueGapStrategyFiltered,Long,1,2688.4,2658.4,4/12/2024 3:40:00 PM,4/12/2024 6:35:00 PM,FVG Long,Stop loss,($3006.12),$30509.12,$6.12,$3000.00,$3310.00,$6316.12,36,
725,GC FEB26,Backtest,FairValueGapStrategyFiltered,Long,1,2658.9,2672.2,4/16/2024 4:45:00 PM,4/16/2024 11:00:00 PM,FVG Long,Exit on session close,$1323.88,$31833.00,$6.12,$220.00,$2860.00,$1536.12,76,
726,GC FEB26,Backtest,FairValueGapStrategyFiltered,Long,1,2678.8,2648.8,4/17/2024 3:40:00 PM,4/17/2024 10:55:00 PM,FVG Long,Stop loss,($3006.12),$28826.88,$6.12,$3000.00,$590.00,$3596.12,88,
727,GC FEB26,Backtest,FairValueGapStrategyFiltered,Long,1,2675.8,2667.1,4/18/2024 3:40:00 PM,4/18/2024 11:00:00 PM,FVG Long,Exit on session close,($876.12),$27950.76,$6.12,$1880.00,$140.00,$1016.12,89,
728,GC FEB26,Backtest,FairValueGapStrategyFiltered,Long,1,2672.2,2679.4,4/19/2024 3:40:00 PM,4/19/2024 11:00:00 PM,FVG Long,Exit on session close,$713.88,$28664.64,$6.12,$720.00,$1760.00,$1046.12,89,
729,GC FEB26,Backtest,FairValueGapStrategyFiltered,Long,1,2627.9,2617.3,4/25/2024 4:45:00 PM,4/25/2024 11:00:00 PM,FVG Long,Exit on session close,($1066.12),$27598.52,$6.12,$2000.00,$240.00,$1306.12,76,
730,GC FEB26,Backtest,FairValueGapStrategyFiltered,Long,1,2627.7,2622.3,4/26/2024 3:40:00 PM,4/26/2024 11:00:00 PM,FVG Long,Exit on session close,($546.12),$27052.40,$6.12,$1480.00,$220.00,$766.12,89,
731,GC FEB26,Backtest,FairValueGapStrategyFiltered,Long,1,2621.0,2620.2,4/29/2024 4:15:00 PM,4/29/2024 11:00:00 PM,FVG Long,Exit on session close,($86.12),$26966.28,$6.12,$420.00,$1060.00,$1146.12,82,
732,GC FEB26,Backtest,FairValueGapStrategyFiltered,Long,1,2607.1,2605.5,5/6/2024 3:40:00 PM,5/6/2024 11:00:00 PM,FVG Long,Exit on session close,($166.12),$26800.16,$6.12,$810.00,$750.00,$916.12,89,
733,GC FEB26,Backtest,FairValueGapStrategyFiltered,Long,1,2599.2,2625.8,5/9/2024 3:40:00 PM,5/9/2024 11:00:00 PM,FVG Long,Exit on session close,$2653.88,$29454.04,$6.12,$250.00,$2770.00,$116.12,89,
734,GC FEB26,Backtest,FairValueGapStrategyFiltered,Long,1,2645.7,2639.6,5/10/2024 3:40:00 PM,5/10/2024 11:00:00 PM,FVG Long,Exit on session close,($616.12),$28837.92,$6.12,$990.00,$700.00,$1316.12,89,
735,GC FEB26,Backtest,FairValueGapStrategyFiltered,Long,1,2633.6,2636.2,5/14/2024 4:10:00 PM,5/14/2024 11:00:00 PM,FVG Long,Exit on session close,$253.88,$29091.80,$6.12,$930.00,$430.00,$176.12,83,
736,GC FEB26,Backtest,FairValueGapStrategyFiltered,Long,1,2646.6,2664.5,5/15/2024 3:40:00 PM,5/15/2024 11:00:00 PM,FVG Long,Exit on session close,$1783.88,$30875.68,$6.12,$1680.00,$2220.00,$436.12,89,
737,GC FEB26,Backtest,FairValueGapStrategyFiltered,Long,1,2652.1,2653.5,5/16/2024 4:45:00 PM,5/16/2024 11:00:00 PM,FVG Long,Exit on session close,$133.88,$31009.56,$6.12,$420.00,$890.00,$756.12,76,
738,GC FEB26,Backtest,FairValueGapStrategyFiltered,Long,1,2678.1,2692.5,5/17/2024 3:40:00 PM,5/17/2024 11:00:00 PM,FVG Long,Exit on session close,$1433.88,$32443.44,$6.12,$540.00,$2200.00,$766.12,89,
739,GC FEB26,Backtest,FairValueGapStrategyFiltered,Long,1,2696.9,2703.0,5/20/2024 4:05:00 PM,5/20/2024 11:00:00 PM,FVG Long,Exit on session close,$603.88,$33047.32,$6.12,$550.00,$1730.00,$1126.12,84,
740,GC FEB26,Backtest,FairValueGapStrategyFiltered,Long,1,2705.1,2697.9,5/21/2024 3:45:00 PM,5/21/2024 11:00:00 PM,FVG Long,Exit on session close,($726.12),$32321.20,$6.12,$1110.00,$580.00,$1306.12,88,
741,GC FEB26,Backtest,FairValueGapStrategyFiltered,Long,1,2624.9,2629.0,5/27/2024 3:40:00 PM,5/27/2024 7:00:00 PM,FVG Long,Exit on session close,$403.88,$32725.08,$6.12,$60.00,$780.00,$376.12,41,
742,GC FEB26,Backtest,FairValueGapStrategyFiltered,Long,1,2634.4,2635.3,5/28/2024 3:40:00 PM,5/28/2024 11:00:00 PM,FVG Long,Exit on session close,$83.88,$32808.96,$6.12,$1270.00,$200.00,$116.12,89,
743,GC FEB26,Backtest,FairValueGapStrategyFiltered,Long,1,2622.8,2592.8,5/31/2024 3:40:00 PM,5/31/2024 9:05:00 PM,FVG Long,Stop loss,($3006.12),$29802.84,$6.12,$3000.00,$490.00,$3496.12,66,
744,GC FEB26,Backtest,FairValueGapStrategyFiltered,Long,1,2610.7,2621.9,6/3/2024 4:15:00 PM,6/3/2024 11:00:00 PM,FVG Long,Exit on session close,$1113.88,$30916.72,$6.12,$450.00,$1530.00,$416.12,82,
745,GC FEB26,Backtest,FairValueGapStrategyFiltered,Long,1,2611.9,2625.8,6/5/2024 3:40:00 PM,6/5/2024 11:00:00 PM,FVG Long,Exit on session close,$1383.88,$32300.60,$6.12,$760.00,$1620.00,$236.12,89,
746,GC FEB26,Backtest,FairValueGapStrategyFiltered,Long,1,2635.0,2645.7,6/6/2024 3:40:00 PM,6/6/2024 11:00:00 PM,FVG Long,Exit on session close,$1063.88,$33364.48,$6.12,$750.00,$1330.00,$266.12,89,
747,GC FEB26,Backtest,FairValueGapStrategyFiltered,Long,1,2604.2,2591.2,6/12/2024 3:40:00 PM,6/12/2024 11:00:00 PM,FVG Long,Exit on session close,($1306.12),$32058.36,$6.12,$2150.00,$300.00,$1606.12,89,
748,GC FEB26,Backtest,FairValueGapStrategyFiltered,Long,1,2594.1,2598.9,6/14/2024 3:40:00 PM,6/14/2024 11:00:00 PM,FVG Long,Exit on session close,$473.88,$32532.24,$6.12,$400.00,$800.00,$326.12,89,
749,GC FEB26,Backtest,FairValueGapStrategyFiltered,Long,1,2589.0,2584.1,6/17/2024 4:30:00 PM,6/17/2024 11:00:00 PM,FVG Long,Exit on session close,($496.12),$32036.12,$6.12,$1420.00,$410.00,$906.12,79,
750,GC FEB26,Backtest,FairValueGapStrategyFiltered,Long,1,2591.8,2594.7,6/18/2024 4:05:00 PM,6/18/2024 11:00:00 PM,FVG Long,Exit on session close,$283.88,$32320.00,$6.12,$800.00,$690.00,$406.12,84,
751,GC FEB26,Backtest,FairValueGapStrategyFiltered,Long,1,2603.3,2624.1,6/20/2024 3:40:00 PM,6/20/2024 11:00:00 PM,FVG Long,Exit on session close,$2073.88,$34393.88,$6.12,$10.00,$2670.00,$596.12,89,
752,GC FEB26,Backtest,FairValueGapStrategyFiltered,Long,1,2585.2,2589.2,6/27/2024 3:40:00 PM,6/27/2024 11:00:00 PM,FVG Long,Exit on session close,$393.88,$34787.76,$6.12,$450.00,$730.00,$336.12,89,
753,GC FEB26,Backtest,FairValueGapStrategyFiltered,Long,1,2593.3,2592.4,7/1/2024 3:50:00 PM,7/1/2024 11:00:00 PM,FVG Long,Exit on session close,($96.12),$34691.64,$6.12,$1370.00,$130.00,$226.12,87,
754,GC FEB26,Backtest,FairValueGapStrategyFiltered,Long,1,2611.3,2616.0,7/3/2024 3:40:00 PM,7/3/2024 7:15:00 PM,FVG Long,Exit on session close,$463.88,$35155.52,$6.12,$0.00,$1370.00,$906.12,44,
755,GC FEB26,Backtest,FairValueGapStrategyFiltered,Long,1,2616.8,2616.6,7/4/2024 3:40:00 PM,7/4/2024 7:00:00 PM,FVG Long,Exit on session close,($26.12),$35129.40,$6.12,$270.00,$430.00,$456.12,41,
756,GC FEB26,Backtest,FairValueGapStrategyFiltered,Long,1,2638.1,2650.3,7/5/2024 3:40:00 PM,7/5/2024 11:00:00 PM,FVG Long,Exit on session close,$1213.88,$36343.28,$6.12,$500.00,$1390.00,$176.12,89,
757,GC FEB26,Backtest,FairValueGapStrategyFiltered,Long,1,2636.1,2616.9,7/8/2024 4:10:00 PM,7/8/2024 11:00:00 PM,FVG Long,Exit on session close,($1926.12),$34417.16,$6.12,$2730.00,$180.00,$2106.12,83,
758,GC FEB26,Backtest,FairValueGapStrategyFiltered,Long,1,2636.3,2628.4,7/10/2024 3:40:00 PM,7/10/2024 11:00:00 PM,FVG Long,Exit on session close,($796.12),$33621.04,$6.12,$950.00,$760.00,$1556.12,89,
759,GC FEB26,Backtest,FairValueGapStrategyFiltered,Long,1,2663.5,2671.4,7/11/2024 3:40:00 PM,7/11/2024 11:00:00 PM,FVG Long,Exit on session close,$783.88,$34404.92,$6.12,$1180.00,$1740.00,$956.12,89,
760,GC FEB26,Backtest,FairValueGapStrategyFiltered,Long,1,2662.3,2666.5,7/12/2024 4:10:00 PM,7/12/2024 11:00:00 PM,FVG Long,Exit on session close,$413.88,$34818.80,$6.12,$100.00,$1140.00,$726.12,83,
761,GC FEB26,Backtest,FairValueGapStrategyFiltered,Long,1,2670.9,2677.9,7/15/2024 3:40:00 PM,7/15/2024 11:00:00 PM,FVG Long,Exit on session close,$693.88,$35512.68,$6.12,$410.00,$2460.00,$1766.12,89,
762,GC FEB26,Backtest,FairValueGapStrategyFiltered,Long,1,2692.3,2724.1,7/16/2024 3:40:00 PM,7/16/2024 11:00:00 PM,FVG Long,Exit on session close,$3173.88,$38686.56,$6.12,$0.00,$3270.00,$96.12,89,
763,GC FEB26,Backtest,FairValueGapStrategyFiltered,Long,1,2731.2,2713.6,7/17/2024 3:40:00 PM,7/17/2024 11:00:00 PM,FVG Long,Exit on session close,($1766.12),$36920.44,$6.12,$2520.00,$770.00,$2536.12,89,
764,GC FEB26,Backtest,FairValueGapStrategyFiltered,Long,1,2718.1,2698.4,7/18/2024 4:10:00 PM,7/18/2024 11:00:00 PM,FVG Long,Exit on session close,($1976.12),$34944.32,$6.12,$2470.00,$560.00,$2536.12,83,
765,GC FEB26,Backtest,FairValueGapStrategyFiltered,Long,1,2653.7,2661.1,7/23/2024 3:40:00 PM,7/23/2024 11:00:00 PM,FVG Long,Exit on session close,$733.88,$35678.20,$6.12,$270.00,$780.00,$46.12,89,
766,GC FEB26,Backtest,FairValueGapStrategyFiltered,Long,1,2670.5,2648.0,7/24/2024 3:40:00 PM,7/24/2024 11:00:00 PM,FVG Long,Exit on session close,($2256.12),$33422.08,$6.12,$2300.00,$1300.00,$3556.12,89,
767,GC FEB26,Backtest,FairValueGapStrategyFiltered,Long,1,2642.4,2633.4,7/29/2024 3:40:00 PM,7/29/2024 11:00:00 PM,FVG Long,Exit on session close,($906.12),$32515.96,$6.12,$2390.00,$340.00,$1246.12,89,
768,GC FEB26,Backtest,FairValueGapStrategyFiltered,Long,1,2645.7,2660.0,7/30/2024 3:40:00 PM,7/30/2024 11:00:00 PM,FVG Long,Exit on session close,$1423.88,$33939.84,$6.12,$1360.00,$1660.00,$236.12,89,
769,GC FEB26,Backtest,FairValueGapStrategyFiltered,Long,1,2671.4,2697.4,7/31/2024 3:40:00 PM,7/31/2024 11:00:00 PM,FVG Long,Exit on session close,$2593.88,$36533.72,$6.12,$340.00,$2920.00,$326.12,89,
770,GC FEB26,Backtest,FairValueGapStrategyFiltered,Long,1,2704.5,2694.9,8/1/2024 3:40:00 PM,8/1/2024 11:00:00 PM,FVG Long,Exit on session close,($966.12),$35567.60,$6.12,$2190.00,$610.00,$1576.12,89,
771,GC FEB26,Backtest,FairValueGapStrategyFiltered,Long,1,2717.2,2687.2,8/2/2024 3:40:00 PM,8/2/2024 4:40:00 PM,FVG Long,Stop loss,($3006.12),$32561.48,$6.12,$3000.00,$520.00,$3526.12,13,
772,GC FEB26,Backtest,FairValueGapStrategyFiltered,Long,1,2648.0,2627.5,8/7/2024 3:40:00 PM,8/7/2024 11:00:00 PM,FVG Long,Exit on session close,($2056.12),$30505.36,$6.12,$2230.00,$130.00,$2186.12,89,
773,GC FEB26,Backtest,FairValueGapStrategyFiltered,Long,1,2653.5,2671.4,8/8/2024 3:40:00 PM,8/8/2024 11:00:00 PM,FVG Long,Exit on session close,$1783.88,$32289.24,$6.12,$120.00,$1840.00,$56.12,89,
774,GC FEB26,Backtest,FairValueGapStrategyFiltered,Long,1,2673.8,2674.6,8/9/2024 3:40:00 PM,8/9/2024 11:00:00 PM,FVG Long,Exit on session close,$73.88,$32363.12,$6.12,$980.00,$670.00,$596.12,89,
775,GC FEB26,Backtest,FairValueGapStrategyFiltered,Long,1,2693.6,2717.4,8/12/2024 3:40:00 PM,8/12/2024 11:00:00 PM,FVG Long,Exit on session close,$2373.88,$34737.00,$6.12,$590.00,$2380.00,$6.12,89,
776,GC FEB26,Backtest,FairValueGapStrategyFiltered,Long,1,2731.7,2750.2,8/16/2024 3:40:00 PM,8/16/2024 11:00:00 PM,FVG Long,Exit on session close,$1843.88,$36580.88,$6.12,$1190.00,$2060.00,$216.12,89,
777,GC FEB26,Backtest,FairValueGapStrategyFiltered,Long,1,2737.3,2746.6,8/19/2024 4:00:00 PM,8/19/2024 11:00:00 PM,FVG Long,Exit on session close,$923.88,$37504.76,$6.12,$180.00,$1250.00,$326.12,85,
778,GC FEB26,Backtest,FairValueGapStrategyFiltered,Long,1,2770.0,2756.1,8/20/2024 3:40:00 PM,8/20/2024 11:00:00 PM,FVG Long,Exit on session close,($1396.12),$36108.64,$6.12,$2740.00,$360.00,$1756.12,89,
779,GC FEB26,Backtest,FairValueGapStrategyFiltered,Long,1,2753.7,2752.7,8/23/2024 4:15:00 PM,8/23/2024 11:00:00 PM,FVG Long,Exit on session close,($106.12),$36002.52,$6.12,$1220.00,$480.00,$586.12,82,
780,GC FEB26,Backtest,FairValueGapStrategyFiltered,Long,1,2763.8,2757.6,8/26/2024 3:40:00 PM,8/26/2024 11:00:00 PM,FVG Long,Exit on session close,($626.12),$35376.40,$6.12,$1370.00,$240.00,$866.12,89,
781,GC FEB26,Backtest,FairValueGapStrategyFiltered,Long,1,2756.9,2764.0,8/27/2024 4:25:00 PM,8/27/2024 11:00:00 PM,FVG Long,Exit on session close,$703.88,$36080.28,$6.12,$790.00,$850.00,$146.12,80,
782,GC FEB26,Backtest,FairValueGapStrategyFiltered,Long,1,2733.6,2730.5,9/4/2024 4:45:00 PM,9/4/2024 11:00:00 PM,FVG Long,Exit on session close,($316.12),$35764.16,$6.12,$710.00,$190.00,$506.12,76,
783,GC FEB26,Backtest,FairValueGapStrategyFiltered,Long,1,2751.2,2751.1,9/5/2024 3:40:00 PM,9/5/2024 11:00:00 PM,FVG Long,Exit on session close,($16.12),$35748.04,$6.12,$1350.00,$370.00,$386.12,89,
784,GC FEB26,Backtest,FairValueGapStrategyFiltered,Long,1,2745.4,2749.7,9/10/2024 3:40:00 PM,9/10/2024 11:00:00 PM,FVG Long,Exit on session close,$423.88,$36171.92,$6.12,$1170.00,$610.00,$186.12,89,
785,GC FEB26,Backtest,FairValueGapStrategyFiltered,Long,1,2770.0,2791.2,9/12/2024 3:40:00 PM,9/12/2024 11:00:00 PM,FVG Long,Exit on session close,$2113.88,$38285.80,$6.12,$10.00,$2250.00,$136.12,89,
786,GC FEB26,Backtest,FairValueGapStrategyFiltered,Long,1,2812.2,2810.2,9/13/2024 3:40:00 PM,9/13/2024 11:00:00 PM,FVG Long,Exit on session close,($206.12),$38079.68,$6.12,$700.00,$640.00,$846.12,89,
787,GC FEB26,Backtest,FairValueGapStrategyFiltered,Long,1,2816.7,2814.0,9/16/2024 3:40:00 PM,9/16/2024 11:00:00 PM,FVG Long,Exit on session close,($276.12),$37803.56,$6.12,$900.00,$410.00,$686.12,89,
788,GC FEB26,Backtest,FairValueGapStrategyFiltered,Long,1,2811.7,2800.4,9/17/2024 4:20:00 PM,9/17/2024 11:00:00 PM,FVG Long,Exit on session close,($1136.12),$36667.44,$6.12,$2040.00,$180.00,$1316.12,81,
789,GC FEB26,Backtest,FairValueGapStrategyFiltered,Long,1,2805.7,2815.7,9/19/2024 3:40:00 PM,9/19/2024 11:00:00 PM,FVG Long,Exit on session close,$993.88,$37661.32,$6.12,$740.00,$1650.00,$656.12,89,
790,GC FEB26,Backtest,FairValueGapStrategyFiltered,Long,1,2834.8,2851.1,9/20/2024 3:40:00 PM,9/20/2024 11:00:00 PM,FVG Long,Exit on session close,$1623.88,$39285.20,$6.12,$330.00,$2020.00,$396.12,89,
791,GC FEB26,Backtest,FairValueGapStrategyFiltered,Long,1,2855.9,2857.4,9/23/2024 3:40:00 PM,9/23/2024 11:00:00 PM,FVG Long,Exit on session close,$143.88,$39429.08,$6.12,$150.00,$790.00,$646.12,89,
792,GC FEB26,Backtest,FairValueGapStrategyFiltered,Long,1,2862.8,2886.1,9/24/2024 3:40:00 PM,9/24/2024 11:00:00 PM,FVG Long,Exit on session close,$2323.88,$41752.96,$6.12,$270.00,$3060.00,$736.12,89,
793,GC FEB26,Backtest,FairValueGapStrategyFiltered,Long,1,2891.3,2885.3,9/25/2024 3:40:00 PM,9/25/2024 11:00:00 PM,FVG Long,Exit on session close,($606.12),$41146.84,$6.12,$1390.00,$460.00,$1066.12,89,
794,GC FEB26,Backtest,FairValueGapStrategyFiltered,Long,1,2895.1,2899.1,9/26/2024 3:40:00 PM,9/26/2024 11:00:00 PM,FVG Long,Exit on session close,$393.88,$41540.72,$6.12,$1360.00,$980.00,$586.12,89,
795,GC FEB26,Backtest,FairValueGapStrategyFiltered,Long,1,2889.2,2888.8,10/1/2024 3:40:00 PM,10/1/2024 11:00:00 PM,FVG Long,Exit on session close,($46.12),$41494.60,$6.12,$1000.00,$950.00,$996.12,89,
796,GC FEB26,Backtest,FairValueGapStrategyFiltered,Long,1,2885.1,2884.2,10/2/2024 4:00:00 PM,10/2/2024 11:00:00 PM,FVG Long,Exit on session close,($96.12),$41398.48,$6.12,$1900.00,$370.00,$466.12,85,
797,GC FEB26,Backtest,FairValueGapStrategyFiltered,Long,1,2840.7,2851.3,10/10/2024 3:45:00 PM,10/10/2024 11:00:00 PM,FVG Long,Exit on session close,$1053.88,$42452.36,$6.12,$350.00,$1220.00,$166.12,88,
798,GC FEB26,Backtest,FairValueGapStrategyFiltered,Long,1,2871.3,2878.2,10/11/2024 3:40:00 PM,10/11/2024 11:00:00 PM,FVG Long,Exit on session close,$683.88,$43136.24,$6.12,$350.00,$1170.00,$486.12,89,
799,GC FEB26,Backtest,FairValueGapStrategyFiltered,Long,1,2881.1,2869.8,10/14/2024 3:55:00 PM,10/14/2024 11:00:00 PM,FVG Long,Exit on session close,($1136.12),$42000.12,$6.12,$1650.00,$70.00,$1206.12,86,
800,GC FEB26,Backtest,FairValueGapStrategyFiltered,Long,1,2875.3,2883.4,10/15/2024 4:20:00 PM,10/15/2024 11:00:00 PM,FVG Long,Exit on session close,$803.88,$42804.00,$6.12,$20.00,$1460.00,$656.12,81,
801,GC FEB26,Backtest,FairValueGapStrategyFiltered,Long,1,2904.8,2894.4,10/16/2024 3:40:00 PM,10/16/2024 11:00:00 PM,FVG Long,Exit on session close,($1046.12),$41757.88,$6.12,$1770.00,$170.00,$1216.12,89,
802,GC FEB26,Backtest,FairValueGapStrategyFiltered,Long,1,2902.6,2912.3,10/17/2024 3:40:00 PM,10/17/2024 11:00:00 PM,FVG Long,Exit on session close,$963.88,$42721.76,$6.12,$200.00,$1410.00,$446.12,89,
803,GC FEB26,Backtest,FairValueGapStrategyFiltered,Long,1,2926.8,2940.4,10/18/2024 3:40:00 PM,10/18/2024 11:00:00 PM,FVG Long,Exit on session close,$1353.88,$44075.64,$6.12,$30.00,$1500.00,$146.12,89,
804,GC FEB26,Backtest,FairValueGapStrategyFiltered,Long,1,2957.0,2938.5,10/21/2024 3:40:00 PM,10/21/2024 11:00:00 PM,FVG Long,Exit on session close,($1856.12),$42219.52,$6.12,$2450.00,$240.00,$2096.12,89,
805,GC FEB26,Backtest,FairValueGapStrategyFiltered,Long,1,2958.8,2967.1,10/22/2024 3:40:00 PM,10/22/2024 11:00:00 PM,FVG Long,Exit on session close,$823.88,$43043.40,$6.12,$680.00,$850.00,$26.12,89,
806,GC FEB26,Backtest,FairValueGapStrategyFiltered,Long,1,2958.1,2952.8,10/24/2024 3:40:00 PM,10/24/2024 11:00:00 PM,FVG Long,Exit on session close,($536.12),$42507.28,$6.12,$1900.00,$50.00,$586.12,89,
807,GC FEB26,Backtest,FairValueGapStrategyFiltered,Long,1,2950.3,2964.8,10/25/2024 4:15:00 PM,10/25/2024 11:00:00 PM,FVG Long,Exit on session close,$1443.88,$43951.16,$6.12,$0.00,$1460.00,$16.12,82,
808,GC FEB26,Backtest,FairValueGapStrategyFiltered,Long,1,2959.9,2958.7,10/28/2024 3:20:00 PM,10/28/2024 10:00:00 PM,FVG Long,Exit on session close,($126.12),$43825.04,$6.12,$410.00,$240.00,$366.12,81,
809,GC FEB26,Backtest,FairValueGapStrategyFiltered,Long,1,2987.1,2991.4,10/29/2024 3:30:00 PM,10/29/2024 10:00:00 PM,FVG Long,Exit on session close,$423.88,$44248.92,$6.12,$1060.00,$460.00,$36.12,79,
810,GC FEB26,Backtest,FairValueGapStrategyFiltered,Long,1,2994.8,3003.1,10/30/2024 4:30:00 PM,10/30/2024 10:00:00 PM,FVG Long,Exit on session close,$823.88,$45072.80,$6.12,$50.00,$1100.00,$276.12,67,
811,GC FEB26,Backtest,FairValueGapStrategyFiltered,Long,1,2963.1,2957.4,11/5/2024 3:40:00 PM,11/5/2024 11:00:00 PM,FVG Long,Exit on session close,($576.12),$44496.68,$6.12,$1690.00,$40.00,$616.12,89,
812,GC FEB26,Backtest,FairValueGapStrategyFiltered,Long,1,2901.7,2895.7,11/8/2024 4:35:00 PM,11/8/2024 11:00:00 PM,FVG Long,Exit on session close,($606.12),$43890.56,$6.12,$750.00,$270.00,$876.12,78,
813,GC FEB26,Backtest,FairValueGapStrategyFiltered,Long,1,2817.3,2820.1,11/18/2024 3:40:00 PM,11/18/2024 11:00:00 PM,FVG Long,Exit on session close,$273.88,$44164.44,$6.12,$360.00,$620.00,$346.12,89,
814,GC FEB26,Backtest,FairValueGapStrategyFiltered,Long,1,2835.1,2839.7,11/19/2024 3:40:00 PM,11/19/2024 11:00:00 PM,FVG Long,Exit on session close,$453.88,$44618.32,$6.12,$660.00,$730.00,$276.12,89,
815,GC FEB26,Backtest,FairValueGapStrategyFiltered,Long,1,2848.2,2858.1,11/20/2024 3:40:00 PM,11/20/2024 11:00:00 PM,FVG Long,Exit on session close,$983.88,$45602.20,$6.12,$20.00,$1480.00,$496.12,89,
816,GC FEB26,Backtest,FairValueGapStrategyFiltered,Long,1,2876.0,2876.2,11/21/2024 3:40:00 PM,11/21/2024 11:00:00 PM,FVG Long,Exit on session close,$13.88,$45616.08,$6.12,$840.00,$450.00,$436.12,89,
817,GC FEB26,Backtest,FairValueGapStrategyFiltered,Long,1,2894.3,2922.2,11/22/2024 3:40:00 PM,11/22/2024 11:00:00 PM,FVG Long,Exit on session close,$2783.88,$48399.96,$6.12,$120.00,$2820.00,$36.12,89,
818,GC FEB26,Backtest,FairValueGapStrategyFiltered,Long,1,2858.6,2840.1,11/27/2024 3:40:00 PM,11/27/2024 11:00:00 PM,FVG Long,Exit on session close,($1856.12),$46543.84,$6.12,$2090.00,$70.00,$1926.12,89,
819,GC FEB26,Backtest,FairValueGapStrategyFiltered,Long,1,2848.6,2844.1,11/28/2024 3:40:00 PM,11/28/2024 7:00:00 PM,FVG Long,Exit on session close,($456.12),$46087.72,$6.12,$920.00,$30.00,$486.12,41,
820,GC FEB26,Backtest,FairValueGapStrategyFiltered,Long,1,2860.6,2862.9,11/29/2024 3:40:00 PM,11/29/2024 7:15:00 PM,FVG Long,Exit on session close,$223.88,$46311.60,$6.12,$700.00,$490.00,$266.12,44,
821,GC FEB26,Backtest,FairValueGapStrategyFiltered,Long,1,2849.9,2840.8,12/2/2024 4:30:00 PM,12/2/2024 11:00:00 PM,FVG Long,Exit on session close,($916.12),$45395.48,$6.12,$1460.00,$10.00,$926.12,79,
822,GC FEB26,Backtest,FairValueGapStrategyFiltered,Long,1,2853.2,2845.0,12/3/2024 3:40:00 PM,12/3/2024 11:00:00 PM,FVG Long,Exit on session close,($826.12),$44569.36,$6.12,$1640.00,$90.00,$916.12,89,
823,GC FEB26,Backtest,FairValueGapStrategyFiltered,Long,1,2854.0,2853.3,12/4/2024 3:40:00 PM,12/4/2024 11:00:00 PM,FVG Long,Exit on session close,($76.12),$44493.24,$6.12,$400.00,$700.00,$776.12,89,
824,GC FEB26,Backtest,FairValueGapStrategyFiltered,Long,1,2871.1,2862.0,12/9/2024 3:40:00 PM,12/9/2024 11:00:00 PM,FVG Long,Exit on session close,($916.12),$43577.12,$6.12,$1270.00,$790.00,$1706.12,89,
825,GC FEB26,Backtest,FairValueGapStrategyFiltered,Long,1,2891.4,2900.5,12/10/2024 3:40:00 PM,12/10/2024 11:00:00 PM,FVG Long,Exit on session close,$903.88,$44481.00,$6.12,$340.00,$930.00,$26.12,89,
826,GC FEB26,Backtest,FairValueGapStrategyFiltered,Long,1,2911.5,2932.8,12/11/2024 3:40:00 PM,12/11/2024 11:00:00 PM,FVG Long,Exit on session close,$2123.88,$46604.88,$6.12,$80.00,$2720.00,$596.12,89,
827,GC FEB26,Backtest,FairValueGapStrategyFiltered,Long,1,2814.7,2819.5,12/20/2024 3:40:00 PM,12/20/2024 11:00:00 PM,FVG Long,Exit on session close,$473.88,$47078.76,$6.12,$550.00,$1810.00,$1336.12,89,
828,GC FEB26,Backtest,FairValueGapStrategyFiltered,Long,1,2820.8,2832.3,12/26/2024 3:40:00 PM,12/26/2024 11:00:00 PM,FVG Long,Exit on session close,$1143.88,$48222.64,$6.12,$110.00,$1390.00,$246.12,89,
829,GC FEB26,Backtest,FairValueGapStrategyFiltered,Long,1,2808.5,2818.3,12/31/2024 3:45:00 PM,12/31/2024 11:00:00 PM,FVG Long,Exit on session close,$973.88,$49196.52,$6.12,$450.00,$1250.00,$276.12,88,
830,GC FEB26,Backtest,FairValueGapStrategyFiltered,Long,1,2841.4,2850.2,1/2/2025 3:40:00 PM,1/2/2025 11:00:00 PM,FVG Long,Exit on session close,$873.88,$50070.40,$6.12,$390.00,$1180.00,$306.12,89,
831,GC FEB26,Backtest,FairValueGapStrategyFiltered,Long,1,2854.0,2842.1,1/7/2025 3:40:00 PM,1/7/2025 11:00:00 PM,FVG Long,Exit on session close,($1196.12),$48874.28,$6.12,$2120.00,$190.00,$1386.12,89,
832,GC FEB26,Backtest,FairValueGapStrategyFiltered,Long,1,2859.9,2859.1,1/8/2025 3:40:00 PM,1/8/2025 11:00:00 PM,FVG Long,Exit on session close,($86.12),$48788.16,$6.12,$1560.00,$610.00,$696.12,89,
833,GC FEB26,Backtest,FairValueGapStrategyFiltered,Long,1,2913.2,2896.4,1/10/2025 3:40:00 PM,1/10/2025 11:00:00 PM,FVG Long,Exit on session close,($1686.12),$47102.04,$6.12,$2090.00,$80.00,$1766.12,89,
834,GC FEB26,Backtest,FairValueGapStrategyFiltered,Long,1,2884.3,2901.6,1/15/2025 3:40:00 PM,1/15/2025 11:00:00 PM,FVG Long,Exit on session close,$1723.88,$48825.92,$6.12,$730.00,$1740.00,$16.12,89,
835,GC FEB26,Backtest,FairValueGapStrategyFiltered,Long,1,2926.7,2925.9,1/16/2025 3:40:00 PM,1/16/2025 11:00:00 PM,FVG Long,Exit on session close,($86.12),$48739.80,$6.12,$420.00,$1020.00,$1106.12,89,
836,GC FEB26,Backtest,FairValueGapStrategyFiltered,Long,1,2924.2,2919.0,1/17/2025 3:55:00 PM,1/17/2025 11:00:00 PM,FVG Long,Exit on session close,($526.12),$48213.68,$6.12,$920.00,$1400.00,$1926.12,86,
837,GC FEB26,Backtest,FairValueGapStrategyFiltered,Long,1,2925.3,2937.7,1/21/2025 3:45:00 PM,1/21/2025 11:00:00 PM,FVG Long,Exit on session close,$1233.88,$49447.56,$6.12,$60.00,$1570.00,$336.12,88,
838,GC FEB26,Backtest,FairValueGapStrategyFiltered,Long,1,2940.8,2945.3,1/22/2025 3:40:00 PM,1/22/2025 11:00:00 PM,FVG Long,Exit on session close,$443.88,$49891.44,$6.12,$220.00,$1120.00,$676.12,89,
839,GC FEB26,Backtest,FairValueGapStrategyFiltered,Long,1,2962.5,2956.4,1/24/2025 3:40:00 PM,1/24/2025 11:00:00 PM,FVG Long,Exit on session close,($616.12),$49275.32,$6.12,$780.00,$1130.00,$1746.12,89,
840,GC FEB26,Backtest,FairValueGapStrategyFiltered,Long,1,2952.7,2948.0,1/29/2025 3:45:00 PM,1/29/2025 11:00:00 PM,FVG Long,Exit on session close,($476.12),$48799.20,$6.12,$1640.00,$40.00,$516.12,88,
841,GC FEB26,Backtest,FairValueGapStrategyFiltered,Long,1,2978.7,3003.5,1/30/2025 3:40:00 PM,1/30/2025 11:00:00 PM,FVG Long,Exit on session close,$2473.88,$51273.08,$6.12,$210.00,$2610.00,$136.12,89,
842,GC FEB26,Backtest,FairValueGapStrategyFiltered,Long,1,3009.8,2979.8,1/31/2025 4:10:00 PM,1/31/2025 8:50:00 PM,FVG Long,Stop loss,($3006.12),$48266.96,$6.12,$3000.00,$470.00,$3476.12,57,
843,GC FEB26,Backtest,FairValueGapStrategyFiltered,Long,1,3008.1,3002.3,2/3/2025 3:40:00 PM,2/3/2025 11:00:00 PM,FVG Long,Exit on session close,($586.12),$47680.84,$6.12,$1040.00,$1550.00,$2136.12,89,
844,GC FEB26,Backtest,FairValueGapStrategyFiltered,Long,1,3020.9,3025.8,2/4/2025 3:40:00 PM,2/4/2025 11:00:00 PM,FVG Long,Exit on session close,$483.88,$48164.72,$6.12,$920.00,$780.00,$296.12,89,
845,GC FEB26,Backtest,FairValueGapStrategyFiltered,Long,1,3044.4,3036.4,2/5/2025 3:40:00 PM,2/5/2025 11:00:00 PM,FVG Long,Exit on session close,($806.12),$47358.60,$6.12,$1270.00,$1320.00,$2126.12,89,
846,GC FEB26,Backtest,FairValueGapStrategyFiltered,Long,1,3048.4,3037.7,2/7/2025 3:40:00 PM,2/7/2025 11:00:00 PM,FVG Long,Exit on session close,($1076.12),$46282.48,$6.12,$1900.00,$1380.00,$2456.12,89,
847,GC FEB26,Backtest,FairValueGapStrategyFiltered,Long,1,3082.2,3088.4,2/10/2025 3:40:00 PM,2/10/2025 11:00:00 PM,FVG Long,Exit on session close,$613.88,$46896.36,$6.12,$520.00,$750.00,$136.12,89,
848,GC FEB26,Backtest,FairValueGapStrategyFiltered,Long,1,3089.6,3108.8,2/13/2025 3:40:00 PM,2/13/2025 11:00:00 PM,FVG Long,Exit on session close,$1913.88,$48810.24,$6.12,$0.00,$2080.00,$166.12,89,
849,GC FEB26,Backtest,FairValueGapStrategyFiltered,Long,1,3092.5,3106.0,2/18/2025 3:40:00 PM,2/18/2025 11:00:00 PM,FVG Long,Exit on session close,$1343.88,$50154.12,$6.12,$220.00,$1560.00,$216.12,89,
850,GC FEB26,Backtest,FairValueGapStrategyFiltered,Long,1,3104.0,3107.2,2/20/2025 3:45:00 PM,2/20/2025 11:00:00 PM,FVG Long,Exit on session close,$313.88,$50468.00,$6.12,$430.00,$1150.00,$836.12,88,
851,GC FEB26,Backtest,FairValueGapStrategyFiltered,Long,1,3107.4,3120.5,2/24/2025 3:40:00 PM,2/24/2025 11:00:00 PM,FVG Long,Exit on session close,$1303.88,$51771.88,$6.12,$1030.00,$1370.00,$66.12,89,
852,GC FEB26,Backtest,FairValueGapStrategyFiltered,Long,1,3042.9,3055.7,3/3/2025 3:40:00 PM,3/3/2025 11:00:00 PM,FVG Long,Exit on session close,$1273.88,$53045.76,$6.12,$660.00,$1510.00,$236.12,89,
853,GC FEB26,Backtest,FairValueGapStrategyFiltered,Long,1,3076.3,3079.8,3/4/2025 3:40:00 PM,3/4/2025 11:00:00 PM,FVG Long,Exit on session close,$343.88,$53389.64,$6.12,$1410.00,$680.00,$336.12,89,
854,GC FEB26,Backtest,FairValueGapStrategyFiltered,Long,1,3076.2,3080.6,3/5/2025 3:50:00 PM,3/5/2025 11:00:00 PM,FVG Long,Exit on session close,$433.88,$53823.52,$6.12,$950.00,$1670.00,$1236.12,87,
855,GC FEB26,Backtest,FairValueGapStrategyFiltered,Long,1,3080.2,3069.3,3/7/2025 3:45:00 PM,3/7/2025 11:00:00 PM,FVG Long,Exit on session close,($1096.12),$52727.40,$6.12,$1900.00,$1020.00,$2116.12,88,
856,GC FEB26,Backtest,FairValueGapStrategyFiltered,Long,1,3076.8,3074.4,3/11/2025 3:20:00 PM,3/11/2025 10:00:00 PM,FVG Long,Exit on session close,($246.12),$52481.28,$6.12,$790.00,$260.00,$506.12,81,
857,GC FEB26,Backtest,FairValueGapStrategyFiltered,Long,1,3075.4,3095.0,3/12/2025 3:45:00 PM,3/12/2025 10:00:00 PM,FVG Long,Exit on session close,$1953.88,$54435.16,$6.12,$90.00,$2510.00,$556.12,76,
858,GC FEB26,Backtest,FairValueGapStrategyFiltered,Long,1,3120.0,3152.9,3/13/2025 3:45:00 PM,3/13/2025 10:00:00 PM,FVG Long,Exit on session close,$3283.88,$57719.04,$6.12,$110.00,$3310.00,$26.12,76,
859,GC FEB26,Backtest,FairValueGapStrategyFiltered,Long,1,3153.9,3145.2,3/14/2025 3:20:00 PM,3/14/2025 10:00:00 PM,FVG Long,Exit on session close,($876.12),$56842.92,$6.12,$1370.00,$310.00,$1186.12,81,
860,GC FEB26,Backtest,FairValueGapStrategyFiltered,Long,1,3190.7,3193.3,3/18/2025 4:35:00 PM,3/18/2025 10:00:00 PM,FVG Long,Exit on session close,$253.88,$57096.80,$6.12,$190.00,$590.00,$336.12,66,
861,GC FEB26,Backtest,FairValueGapStrategyFiltered,Long,1,3192.4,3209.1,3/19/2025 4:20:00 PM,3/19/2025 10:00:00 PM,FVG Long,Exit on session close,$1663.88,$58760.68,$6.12,$330.00,$2080.00,$416.12,69,
862,GC FEB26,Backtest,FairValueGapStrategyFiltered,Long,1,3195.3,3204.4,3/20/2025 3:25:00 PM,3/20/2025 10:00:00 PM,FVG Long,Exit on session close,$903.88,$59664.56,$6.12,$410.00,$1080.00,$176.12,80,
863,GC FEB26,Backtest,FairValueGapStrategyFiltered,Long,1,3176.8,3178.2,3/26/2025 3:50:00 PM,3/26/2025 10:00:00 PM,FVG Long,Exit on session close,$133.88,$59798.44,$6.12,$720.00,$300.00,$166.12,75,
864,GC FEB26,Backtest,FairValueGapStrategyFiltered,Long,1,3210.9,3221.3,3/27/2025 3:30:00 PM,3/27/2025 10:00:00 PM,FVG Long,Exit on session close,$1033.88,$60832.32,$6.12,$130.00,$1340.00,$306.12,79,
865,GC FEB26,Backtest,FairValueGapStrategyFiltered,Long,1,3232.9,3240.1,3/28/2025 4:20:00 PM,3/28/2025 10:00:00 PM,FVG Long,Exit on session close,$713.88,$61546.20,$6.12,$520.00,$1060.00,$346.12,69,
866,GC FEB26,Backtest,FairValueGapStrategyFiltered,Long,1,3267.5,3279.5,3/31/2025 3:40:00 PM,3/31/2025 11:00:00 PM,FVG Long,Exit on session close,$1193.88,$62740.08,$6.12,$1400.00,$1660.00,$466.12,89,
867,GC FEB26,Backtest,FairValueGapStrategyFiltered,Long,1,3285.1,3255.1,4/1/2025 3:45:00 PM,4/1/2025 6:20:00 PM,FVG Long,Stop loss,($3006.12),$59733.96,$6.12,$3000.00,$480.00,$3486.12,32,
868,GC FEB26,Backtest,FairValueGapStrategyFiltered,Long,1,3288.7,3312.4,4/2/2025 3:40:00 PM,4/2/2025 11:00:00 PM,FVG Long,Exit on session close,$2363.88,$62097.84,$6.12,$2240.00,$3500.00,$1136.12,89,
869,GC FEB26,Backtest,FairValueGapStrategyFiltered,Long,1,3153.5,3123.5,4/8/2025 4:45:00 PM,4/8/2025 6:45:00 PM,FVG Long,Stop loss,($3006.12),$59091.72,$6.12,$3000.00,$260.00,$3266.12,25,
870,GC FEB26,Backtest,FairValueGapStrategyFiltered,Long,1,3211.4,3221.9,4/9/2025 3:40:00 PM,4/9/2025 11:00:00 PM,FVG Long,Exit on session close,$1043.88,$60135.60,$6.12,$2590.00,$2920.00,$1876.12,89,
871,GC FEB26,Backtest,FairValueGapStrategyFiltered,Long,1,3261.0,3316.3,4/10/2025 3:40:00 PM,4/10/2025 11:00:00 PM,FVG Long,Exit on session close,$5523.88,$65659.48,$6.12,$550.00,$5610.00,$86.12,89,
872,GC FEB26,Backtest,FairValueGapStrategyFiltered,Long,1,3380.4,3377.0,4/11/2025 3:40:00 PM,4/11/2025 11:00:00 PM,FVG Long,Exit on session close,($346.12),$65313.36,$6.12,$2290.00,$470.00,$816.12,89,
873,GC FEB26,Backtest,FairValueGapStrategyFiltered,Long,1,3345.9,3348.9,4/14/2025 3:55:00 PM,4/14/2025 11:00:00 PM,FVG Long,Exit on session close,$293.88,$65607.24,$6.12,$1210.00,$880.00,$586.12,86,
874,GC FEB26,Backtest,FairValueGapStrategyFiltered,Long,1,3358.7,3369.0,4/15/2025 3:40:00 PM,4/15/2025 11:00:00 PM,FVG Long,Exit on session close,$1023.88,$66631.12,$6.12,$860.00,$1430.00,$406.12,89,
875,GC FEB26,Backtest,FairValueGapStrategyFiltered,Long,1,3441.5,3479.8,4/16/2025 3:40:00 PM,4/16/2025 11:00:00 PM,FVG Long,Exit on session close,$3823.88,$70455.00,$6.12,$680.00,$3900.00,$76.12,89,
876,GC FEB26,Backtest,FairValueGapStrategyFiltered,Long,1,3465.0,3435.0,4/17/2025 3:50:00 PM,4/17/2025 4:35:00 PM,FVG Long,Stop loss,($3006.12),$67448.88,$6.12,$3000.00,$0.00,$3006.12,10,
877,GC FEB26,Backtest,FairValueGapStrategyFiltered,Long,1,3541.8,3557.2,4/21/2025 3:40:00 PM,4/21/2025 11:00:00 PM,FVG Long,Exit on session close,$1533.88,$68982.76,$6.12,$260.00,$2260.00,$726.12,89,
878,GC FEB26,Backtest,FairValueGapStrategyFiltered,Long,1,3568.8,3538.8,4/22/2025 3:40:00 PM,4/22/2025 6:05:00 PM,FVG Long,Stop loss,($3006.12),$65976.64,$6.12,$3000.00,$550.00,$3556.12,30,
879,GC FEB26,Backtest,FairValueGapStrategyFiltered,Long,1,3446.8,3476.9,4/28/2025 4:30:00 PM,4/28/2025 11:00:00 PM,FVG Long,Exit on session close,$3003.88,$68980.52,$6.12,$350.00,$3910.00,$906.12,79,
880,GC FEB26,Backtest,FairValueGapStrategyFiltered,Long,1,3446.1,3449.7,4/29/2025 4:40:00 PM,4/29/2025 11:00:00 PM,FVG Long,Exit on session close,$353.88,$69334.40,$6.12,$810.00,$1650.00,$1296.12,77,
881,GC FEB26,Backtest,FairValueGapStrategyFiltered,Long,1,3445.8,3465.6,5/5/2025 3:40:00 PM,5/5/2025 11:00:00 PM,FVG Long,Exit on session close,$1973.88,$71308.28,$6.12,$970.00,$2300.00,$326.12,89,
882,GC FEB26,Backtest,FairValueGapStrategyFiltered,Long,1,3524.9,3563.9,5/6/2025 3:40:00 PM,5/6/2025 11:00:00 PM,FVG Long,Exit on session close,$3893.88,$75202.16,$6.12,$1590.00,$4170.00,$276.12,89,
883,GC FEB26,Backtest,FairValueGapStrategyFiltered,Long,1,3526.7,3496.7,5/7/2025 3:55:00 PM,5/7/2025 9:20:00 PM,FVG Long,Stop loss,($3006.12),$72196.04,$6.12,$3000.00,$190.00,$3196.12,66,
884,GC FEB26,Backtest,FairValueGapStrategyFiltered,Long,1,3352.5,3354.3,5/19/2025 3:40:00 PM,5/19/2025 11:00:00 PM,FVG Long,Exit on session close,$173.88,$72369.92,$6.12,$1070.00,$1290.00,$1116.12,89,
885,GC FEB26,Backtest,FairValueGapStrategyFiltered,Long,1,3365.8,3414.7,5/20/2025 3:40:00 PM,5/20/2025 11:00:00 PM,FVG Long,Exit on session close,$4883.88,$77253.80,$6.12,$100.00,$5480.00,$596.12,89,
886,GC FEB26,Backtest,FairValueGapStrategyFiltered,Long,1,3432.7,3438.7,5/21/2025 3:40:00 PM,5/21/2025 11:00:00 PM,FVG Long,Exit on session close,$593.88,$77847.68,$6.12,$1330.00,$1660.00,$1066.12,89,
887,GC FEB26,Backtest,FairValueGapStrategyFiltered,Long,1,3419.5,3417.2,5/22/2025 4:35:00 PM,5/22/2025 11:00:00 PM,FVG Long,Exit on session close,($236.12),$77611.56,$6.12,$1690.00,$680.00,$916.12,78,
888,GC FEB26,Backtest,FairValueGapStrategyFiltered,Long,1,3464.0,3479.8,5/23/2025 3:40:00 PM,5/23/2025 11:00:00 PM,FVG Long,Exit on session close,$1573.88,$79185.44,$6.12,$570.00,$2460.00,$886.12,89,
889,GC FEB26,Backtest,FairValueGapStrategyFiltered,Long,1,3436.9,3437.0,5/29/2025 3:40:00 PM,5/29/2025 11:00:00 PM,FVG Long,Exit on session close,$3.88,$79189.32,$6.12,$1350.00,$1380.00,$1376.12,89,
890,GC FEB26,Backtest,FairValueGapStrategyFiltered,Long,1,3475.1,3500.8,6/2/2025 3:40:00 PM,6/2/2025 11:00:00 PM,FVG Long,Exit on session close,$2563.88,$81753.20,$6.12,$190.00,$2740.00,$176.12,89,
891,GC FEB26,Backtest,FairValueGapStrategyFiltered,Long,1,3465.4,3471.3,6/3/2025 4:35:00 PM,6/3/2025 11:00:00 PM,FVG Long,Exit on session close,$583.88,$82337.08,$6.12,$310.00,$880.00,$296.12,78,
892,GC FEB26,Backtest,FairValueGapStrategyFiltered,Long,1,3483.4,3491.8,6/4/2025 4:15:00 PM,6/4/2025 11:00:00 PM,FVG Long,Exit on session close,$833.88,$83170.96,$6.12,$180.00,$2070.00,$1236.12,82,
893,GC FEB26,Backtest,FairValueGapStrategyFiltered,Long,1,3502.2,3472.2,6/5/2025 3:40:00 PM,6/5/2025 5:35:00 PM,FVG Long,Stop loss,($3006.12),$80164.84,$6.12,$3000.00,$480.00,$3486.12,24,
894,GC FEB26,Backtest,FairValueGapStrategyFiltered,Long,1,3460.0,3439.2,6/10/2025 3:40:00 PM,6/10/2025 11:00:00 PM,FVG Long,Exit on session close,($2086.12),$78078.72,$6.12,$2550.00,$480.00,$2566.12,89,
895,GC FEB26,Backtest,FairValueGapStrategyFiltered,Long,1,3451.8,3470.4,6/11/2025 3:40:00 PM,6/11/2025 11:00:00 PM,FVG Long,Exit on session close,$1853.88,$79932.60,$6.12,$1800.00,$1920.00,$66.12,89,
896,GC FEB26,Backtest,FairValueGapStrategyFiltered,Long,1,3502.5,3500.8,6/12/2025 3:40:00 PM,6/12/2025 11:00:00 PM,FVG Long,Exit on session close,($176.12),$79756.48,$6.12,$1000.00,$1170.00,$1346.12,89,
897,GC FEB26,Backtest,FairValueGapStrategyFiltered,Long,1,3556.8,3547.0,6/13/2025 3:40:00 PM,6/13/2025 11:00:00 PM,FVG Long,Exit on session close,($986.12),$78770.36,$6.12,$2320.00,$560.00,$1546.12,89,
898,GC FEB26,Backtest,FairValueGapStrategyFiltered,Long,1,3508.0,3478.0,6/18/2025 3:45:00 PM,6/18/2025 9:30:00 PM,FVG Long,Stop loss,($3006.12),$75764.24,$6.12,$3000.00,$110.00,$3116.12,70,
899,GC FEB26,Backtest,FairValueGapStrategyFiltered,Long,1,3486.9,3478.8,6/23/2025 3:45:00 PM,6/23/2025 11:00:00 PM,FVG Long,Exit on session close,($816.12),$74948.12,$6.12,$960.00,$1760.00,$2576.12,88,
900,GC FEB26,Backtest,FairValueGapStrategyFiltered,Long,1,3435.6,3436.0,6/26/2025 4:00:00 PM,6/26/2025 11:00:00 PM,FVG Long,Exit on session close,$33.88,$74982.00,$6.12,$1680.00,$860.00,$826.12,85,
901,GC FEB26,Backtest,FairValueGapStrategyFiltered,Long,1,3452.9,3444.3,7/1/2025 3:40:00 PM,7/1/2025 11:00:00 PM,FVG Long,Exit on session close,($866.12),$74115.88,$6.12,$1030.00,$830.00,$1696.12,89,
902,GC FEB26,Backtest,FairValueGapStrategyFiltered,Long,1,3448.6,3463.1,7/2/2025 3:40:00 PM,7/2/2025 11:00:00 PM,FVG Long,Exit on session close,$1443.88,$75559.76,$6.12,$1000.00,$1680.00,$236.12,89,
903,GC FEB26,Backtest,FairValueGapStrategyFiltered,Long,1,3428.1,3427.4,7/10/2025 3:40:00 PM,7/10/2025 11:00:00 PM,FVG Long,Exit on session close,($76.12),$75483.64,$6.12,$1450.00,$380.00,$456.12,89,
904,GC FEB26,Backtest,FairValueGapStrategyFiltered,Long,1,3464.7,3464.7,7/11/2025 3:40:00 PM,7/11/2025 11:00:00 PM,FVG Long,Exit on session close,($6.12),$75477.52,$6.12,$840.00,$1130.00,$1136.12,89,
905,GC FEB26,Backtest,FairValueGapStrategyFiltered,Long,1,3456.8,3449.9,7/18/2025 3:40:00 PM,7/18/2025 11:00:00 PM,FVG Long,Exit on session close,($696.12),$74781.40,$6.12,$910.00,$360.00,$1056.12,89,
906,GC FEB26,Backtest,FairValueGapStrategyFiltered,Long,1,3490.3,3504.7,7/21/2025 3:40:00 PM,7/21/2025 11:00:00 PM,FVG Long,Exit on session close,$1433.88,$76215.28,$6.12,$180.00,$2100.00,$666.12,89,
907,GC FEB26,Backtest,FairValueGapStrategyFiltered,Long,1,3522.2,3538.4,7/22/2025 3:40:00 PM,7/22/2025 11:00:00 PM,FVG Long,Exit on session close,$1613.88,$77829.16,$6.12,$1210.00,$1970.00,$356.12,89,
908,GC FEB26,Backtest,FairValueGapStrategyFiltered,Long,1,3516.5,3486.5,7/23/2025 3:55:00 PM,7/23/2025 6:25:00 PM,FVG Long,Stop loss,($3006.12),$74823.04,$6.12,$3000.00,$790.00,$3796.12,31,
909,GC FEB26,Backtest,FairValueGapStrategyFiltered,Long,1,3437.1,3452.5,8/1/2025 3:40:00 PM,8/1/2025 11:00:00 PM,FVG Long,Exit on session close,$1533.88,$76356.92,$6.12,$860.00,$1630.00,$96.12,89,
910,GC FEB26,Backtest,FairValueGapStrategyFiltered,Long,1,3466.4,3465.1,8/4/2025 3:40:00 PM,8/4/2025 11:00:00 PM,FVG Long,Exit on session close,($136.12),$76220.80,$6.12,$560.00,$960.00,$1096.12,89,
911,GC FEB26,Backtest,FairValueGapStrategyFiltered,Long,1,3469.2,3471.5,8/5/2025 3:45:00 PM,8/5/2025 11:00:00 PM,FVG Long,Exit on session close,$223.88,$76444.68,$6.12,$770.00,$1220.00,$996.12,88,
912,GC FEB26,Backtest,FairValueGapStrategyFiltered,Long,1,3468.4,3468.3,8/6/2025 4:35:00 PM,8/6/2025 11:00:00 PM,FVG Long,Exit on session close,($16.12),$76428.56,$6.12,$530.00,$620.00,$636.12,78,
913,GC FEB26,Backtest,FairValueGapStrategyFiltered,Long,1,3497.2,3519.2,8/7/2025 3:40:00 PM,8/7/2025 11:00:00 PM,FVG Long,Exit on session close,$2193.88,$78622.44,$6.12,$2470.00,$2310.00,$116.12,89,
914,GC FEB26,Backtest,FairValueGapStrategyFiltered,Long,1,3518.0,3488.0,8/8/2025 3:40:00 PM,8/8/2025 8:05:00 PM,FVG Long,Stop loss,($3006.12),$75616.32,$6.12,$3000.00,$1750.00,$4756.12,54,
915,GC FEB26,Backtest,FairValueGapStrategyFiltered,Long,1,3443.2,3443.5,8/13/2025 3:40:00 PM,8/13/2025 11:00:00 PM,FVG Long,Exit on session close,$23.88,$75640.20,$6.12,$650.00,$1590.00,$1566.12,89,
916,GC FEB26,Backtest,FairValueGapStrategyFiltered,Long,1,3422.8,3428.7,8/20/2025 3:40:00 PM,8/20/2025 11:00:00 PM,FVG Long,Exit on session close,$583.88,$76224.08,$6.12,$360.00,$800.00,$216.12,89,
917,GC FEB26,Backtest,FairValueGapStrategyFiltered,Long,1,3434.5,3453.7,8/22/2025 4:15:00 PM,8/22/2025 11:00:00 PM,FVG Long,Exit on session close,$1913.88,$78137.96,$6.12,$0.00,$2540.00,$626.12,82,
918,GC FEB26,Backtest,FairValueGapStrategyFiltered,Long,1,3451.7,3447.2,8/25/2025 4:00:00 PM,8/25/2025 11:00:00 PM,FVG Long,Exit on session close,($456.12),$77681.84,$6.12,$560.00,$630.00,$1086.12,85,
919,GC FEB26,Backtest,FairValueGapStrategyFiltered,Long,1,3459.1,3479.7,8/26/2025 3:40:00 PM,8/26/2025 11:00:00 PM,FVG Long,Exit on session close,$2053.88,$79735.72,$6.12,$470.00,$2070.00,$16.12,89,
920,GC FEB26,Backtest,FairValueGapStrategyFiltered,Long,1,3466.8,3488.3,8/27/2025 4:30:00 PM,8/27/2025 11:00:00 PM,FVG Long,Exit on session close,$2143.88,$81879.60,$6.12,$150.00,$2220.00,$76.12,79,
921,GC FEB26,Backtest,FairValueGapStrategyFiltered,Long,1,3499.9,3513.4,8/28/2025 3:40:00 PM,8/28/2025 11:00:00 PM,FVG Long,Exit on session close,$1343.88,$83223.48,$6.12,$590.00,$1530.00,$186.12,89,
922,GC FEB26,Backtest,FairValueGapStrategyFiltered,Long,1,3519.8,3552.6,8/29/2025 3:45:00 PM,8/29/2025 11:00:00 PM,FVG Long,Exit on session close,$3273.88,$86497.36,$6.12,$30.00,$3520.00,$246.12,88,
923,GC FEB26,Backtest,FairValueGapStrategyFiltered,Long,1,3585.5,3583.8,9/1/2025 3:40:00 PM,9/1/2025 7:00:00 PM,FVG Long,Exit on session close,($176.12),$86321.24,$6.12,$630.00,$140.00,$316.12,41,
924,GC FEB26,Backtest,FairValueGapStrategyFiltered,Long,1,3589.1,3636.0,9/2/2025 3:55:00 PM,9/2/2025 11:00:00 PM,FVG Long,Exit on session close,$4683.88,$91005.12,$6.12,$580.00,$4980.00,$296.12,86,
925,GC FEB26,Backtest,FairValueGapStrategyFiltered,Long,1,3659.1,3656.2,9/3/2025 3:40:00 PM,9/3/2025 11:00:00 PM,FVG Long,Exit on session close,($296.12),$90709.00,$6.12,$930.00,$1750.00,$2046.12,89,
926,GC FEB26,Backtest,FairValueGapStrategyFiltered,Long,1,3672.6,3676.3,9/5/2025 3:40:00 PM,9/5/2025 11:00:00 PM,FVG Long,Exit on session close,$363.88,$91072.88,$6.12,$1010.00,$1940.00,$1576.12,89,
927,GC FEB26,Backtest,FairValueGapStrategyFiltered,Long,1,3702.1,3714.1,9/8/2025 3:40:00 PM,9/8/2025 11:00:00 PM,FVG Long,Exit on session close,$1193.88,$92266.76,$6.12,$310.00,$2010.00,$816.12,89,
928,GC FEB26,Backtest,FairValueGapStrategyFiltered,Long,1,3740.3,3710.3,9/9/2025 3:40:00 PM,9/9/2025 5:15:00 PM,FVG Long,Stop loss,($3006.12),$89260.64,$6.12,$3000.00,$1140.00,$4146.12,20,
929,GC FEB26,Backtest,FairValueGapStrategyFiltered,Long,1,3728.6,3716.9,9/10/2025 3:40:00 PM,9/10/2025 11:00:00 PM,FVG Long,Exit on session close,($1176.12),$88084.52,$6.12,$1750.00,$320.00,$1496.12,89,
930,GC FEB26,Backtest,FairValueGapStrategyFiltered,Long,1,3724.9,3717.2,9/12/2025 3:40:00 PM,9/12/2025 11:00:00 PM,FVG Long,Exit on session close,($776.12),$87308.40,$6.12,$920.00,$430.00,$1206.12,89,
931,GC FEB26,Backtest,FairValueGapStrategyFiltered,Long,1,3728.5,3756.0,9/15/2025 3:40:00 PM,9/15/2025 11:00:00 PM,FVG Long,Exit on session close,$2743.88,$90052.28,$6.12,$80.00,$3290.00,$546.12,89,
932,GC FEB26,Backtest,FairValueGapStrategyFiltered,Long,1,3769.4,3764.0,9/16/2025 3:40:00 PM,9/16/2025 11:00:00 PM,FVG Long,Exit on session close,($546.12),$89506.16,$6.12,$1770.00,$700.00,$1246.12,89,
933,GC FEB26,Backtest,FairValueGapStrategyFiltered,Long,1,3754.5,3724.5,9/17/2025 4:25:00 PM,9/17/2025 8:05:00 PM,FVG Long,Stop loss,($3006.12),$86500.04,$6.12,$3000.00,$640.00,$3646.12,45,
934,GC FEB26,Backtest,FairValueGapStrategyFiltered,Long,1,3732.7,3755.9,9/19/2025 4:05:00 PM,9/19/2025 11:00:00 PM,FVG Long,Exit on session close,$2313.88,$88813.92,$6.12,$730.00,$2340.00,$26.12,84,
935,GC FEB26,Backtest,FairValueGapStrategyFiltered,Long,1,3787.2,3817.7,9/22/2025 3:40:00 PM,9/22/2025 11:00:00 PM,FVG Long,Exit on session close,$3043.88,$91857.80,$6.12,$360.00,$3260.00,$216.12,89,
936,GC FEB26,Backtest,FairValueGapStrategyFiltered,Long,1,3854.8,3824.8,9/23/2025 3:40:00 PM,9/23/2025 9:05:00 PM,FVG Long,Stop loss,($3006.12),$88851.68,$6.12,$3000.00,$330.00,$3336.12,66,
937,GC FEB26,Backtest,FairValueGapStrategyFiltered,Long,1,3821.6,3826.3,9/26/2025 3:45:00 PM,9/26/2025 11:00:00 PM,FVG Long,Exit on session close,$463.88,$89315.56,$6.12,$200.00,$2930.00,$2466.12,88,
938,GC FEB26,Backtest,FairValueGapStrategyFiltered,Long,1,3890.4,3899.4,9/29/2025 3:40:00 PM,9/29/2025 11:00:00 PM,FVG Long,Exit on session close,$893.88,$90209.44,$6.12,$820.00,$980.00,$86.12,89,
939,GC FEB26,Backtest,FairValueGapStrategyFiltered,Long,1,3894.1,3924.1,9/30/2025 3:55:00 PM,9/30/2025 11:00:00 PM,FVG Long,Exit on session close,$2993.88,$93203.32,$6.12,$890.00,$3120.00,$126.12,86,
940,GC FEB26,Backtest,FairValueGapStrategyFiltered,Long,1,3937.4,3929.1,10/1/2025 3:40:00 PM,10/1/2025 11:00:00 PM,FVG Long,Exit on session close,($836.12),$92367.20,$6.12,$1950.00,$530.00,$1366.12,89,
941,GC FEB26,Backtest,FairValueGapStrategyFiltered,Long,1,3954.7,3924.7,10/2/2025 3:40:00 PM,10/2/2025 4:25:00 PM,FVG Long,Stop loss,($3006.12),$89361.08,$6.12,$3000.00,$20.00,$3026.12,10,
942,GC FEB26,Backtest,FairValueGapStrategyFiltered,Long,1,3946.0,3948.6,10/3/2025 3:40:00 PM,10/3/2025 11:00:00 PM,FVG Long,Exit on session close,$253.88,$89614.96,$6.12,$1880.00,$730.00,$476.12,89,
943,GC FEB26,Backtest,FairValueGapStrategyFiltered,Long,1,3988.3,4020.9,10/6/2025 3:40:00 PM,10/6/2025 11:00:00 PM,FVG Long,Exit on session close,$3253.88,$92868.84,$6.12,$120.00,$4270.00,$1016.12,89,
944,GC FEB26,Backtest,FairValueGapStrategyFiltered,Long,1,4034.1,4044.4,10/7/2025 3:40:00 PM,10/7/2025 11:00:00 PM,FVG Long,Exit on session close,$1023.88,$93892.72,$6.12,$1420.00,$1700.00,$676.12,89,
945,GC FEB26,Backtest,FairValueGapStrategyFiltered,Long,1,4089.4,4097.1,10/8/2025 3:40:00 PM,10/8/2025 11:00:00 PM,FVG Long,Exit on session close,$763.88,$94656.60,$6.12,$540.00,$2810.00,$2046.12,89,
946,GC FEB26,Backtest,FairValueGapStrategyFiltered,Long,1,4145.5,4166.5,10/13/2025 3:40:00 PM,10/13/2025 11:00:00 PM,FVG Long,Exit on session close,$2093.88,$96750.48,$6.12,$760.00,$2820.00,$726.12,89,
947,GC FEB26,Backtest,FairValueGapStrategyFiltered,Long,1,4178.6,4196.1,10/14/2025 3:50:00 PM,10/14/2025 11:00:00 PM,FVG Long,Exit on session close,$1743.88,$98494.36,$6.12,$1260.00,$3000.00,$1256.12,87,
948,GC FEB26,Backtest,FairValueGapStrategyFiltered,Long,1,4238.8,4261.4,10/15/2025 3:40:00 PM,10/15/2025 11:00:00 PM,FVG Long,Exit on session close,$2253.88,$100748.24,$6.12,$620.00,$2730.00,$476.12,89,
949,GC FEB26,Backtest,FairValueGapStrategyFiltered,Long,1,4299.2,4369.2,10/16/2025 3:40:00 PM,10/16/2025 10:05:00 PM,FVG Long,Profit target,$6993.88,$107742.12,$6.12,$310.00,$7000.00,$6.12,78,
950,GC FEB26,Backtest,FairValueGapStrategyFiltered,Long,1,4361.3,4431.3,10/20/2025 3:40:00 PM,10/20/2025 10:00:00 PM,FVG Long,Profit target,$6993.88,$114736.00,$6.12,$1650.00,$7000.00,$6.12,77,
951,GC FEB26,Backtest,FairValueGapStrategyFiltered,Long,1,4192.1,4162.1,10/23/2025 3:40:00 PM,10/23/2025 10:25:00 PM,FVG Long,Stop loss,($3006.12),$111729.88,$6.12,$3000.00,$1590.00,$4596.12,82,
952,GC FEB26,Backtest,FairValueGapStrategyFiltered,Long,1,4183.4,4153.4,10/24/2025 4:20:00 PM,10/24/2025 10:05:00 PM,FVG Long,Stop loss,($3006.12),$108723.76,$6.12,$3000.00,$910.00,$3916.12,70,
