Trade number,Instrument,Account,Strategy,Market pos.,Qty,Entry price,Exit price,Entry time,Exit time,Entry name,Exit name,Profit,Cum. net profit,Commission,MAE,MFE,ETD,Bars,
1,NG JAN26,Backtest,FairValueGapStrategyFiltered,Short,1,11.909,11.900,1/28/2013 4:00:00 PM,1/28/2013 8:05:00 PM,FVG Short,Exit on session close,$83.88,$83.88,$6.12,$90.00,$160.00,$76.12,18,
2,NG JAN26,Backtest,FairValueGapStrategyFiltered,Short,1,11.841,11.866,1/29/2013 4:00:00 PM,1/29/2013 5:15:00 PM,FVG Short,Stop loss,($256.12),($172.24),$6.12,$250.00,$170.00,$426.12,6,
3,NG JAN26,Backtest,FairValueGapStrategyFiltered,Short,1,11.801,11.826,2/11/2013 4:00:00 PM,2/11/2013 5:30:00 PM,FVG Short,Stop loss,($256.12),($428.36),$6.12,$250.00,$10.00,$266.12,7,
4,NG JAN26,Backtest,FairValueGapStrategyFiltered,Short,1,11.850,11.800,2/14/2013 4:00:00 PM,2/14/2013 4:45:00 PM,FVG Short,Profit target,$493.88,$65.52,$6.12,$120.00,$500.00,$6.12,4,
5,NG JAN26,Backtest,FairValueGapStrategyFiltered,Short,1,11.835,11.860,2/21/2013 4:00:00 PM,2/21/2013 4:30:00 PM,FVG Short,Stop loss,($256.12),($190.60),$6.12,$250.00,$30.00,$286.12,3,
6,NG JAN26,Backtest,FairValueGapStrategyFiltered,Short,1,12.456,12.481,4/2/2013 4:00:00 PM,4/2/2013 6:45:00 PM,FVG Short,Stop loss,($256.12),($446.72),$6.12,$250.00,$150.00,$406.12,12,
7,NG JAN26,Backtest,FairValueGapStrategyFiltered,Short,1,12.649,12.674,4/25/2013 4:00:00 PM,4/25/2013 4:45:00 PM,FVG Short,Stop loss,($256.12),($702.84),$6.12,$250.00,$60.00,$316.12,4,
8,NG JAN26,Backtest,FairValueGapStrategyFiltered,Short,1,12.616,12.566,4/26/2013 4:00:00 PM,4/26/2013 4:15:00 PM,FVG Short,Profit target,$493.88,($208.96),$6.12,$150.00,$500.00,$6.12,2,
9,NG JAN26,Backtest,FairValueGapStrategyFiltered,Short,1,12.744,12.694,5/2/2013 4:00:00 PM,5/2/2013 4:45:00 PM,FVG Short,Profit target,$493.88,$284.92,$6.12,$170.00,$500.00,$6.12,4,
10,NG JAN26,Backtest,FairValueGapStrategyFiltered,Short,1,12.580,12.584,5/29/2013 4:00:00 PM,5/29/2013 8:05:00 PM,FVG Short,Exit on session close,($46.12),$238.80,$6.12,$120.00,$500.00,$546.12,18,
11,NG JAN26,Backtest,FairValueGapStrategyFiltered,Short,1,12.549,12.574,5/30/2013 4:00:00 PM,5/30/2013 4:30:00 PM,FVG Short,Stop loss,($256.12),($17.32),$6.12,$250.00,$30.00,$286.12,3,
12,NG JAN26,Backtest,FairValueGapStrategyFiltered,Short,1,12.397,12.422,6/5/2013 4:00:00 PM,6/5/2013 6:15:00 PM,FVG Short,Stop loss,($256.12),($273.44),$6.12,$250.00,$50.00,$306.12,10,
13,NG JAN26,Backtest,FairValueGapStrategyFiltered,Short,1,12.344,12.294,6/6/2013 4:00:00 PM,6/6/2013 4:45:00 PM,FVG Short,Profit target,$493.88,$220.44,$6.12,$40.00,$500.00,$6.12,4,
14,NG JAN26,Backtest,FairValueGapStrategyFiltered,Short,1,12.173,12.146,6/11/2013 4:00:00 PM,6/11/2013 8:05:00 PM,FVG Short,Exit on session close,$263.88,$484.32,$6.12,$210.00,$330.00,$66.12,18,
15,NG JAN26,Backtest,FairValueGapStrategyFiltered,Short,1,12.153,12.178,6/13/2013 4:00:00 PM,6/13/2013 4:30:00 PM,FVG Short,Stop loss,($256.12),$228.20,$6.12,$250.00,$100.00,$356.12,3,
16,NG JAN26,Backtest,FairValueGapStrategyFiltered,Short,1,12.180,12.154,6/14/2013 4:00:00 PM,6/14/2013 8:05:00 PM,FVG Short,Exit on session close,$253.88,$482.08,$6.12,$90.00,$290.00,$36.12,18,
17,NG JAN26,Backtest,FairValueGapStrategyFiltered,Short,1,12.194,12.162,6/24/2013 4:00:00 PM,6/24/2013 8:05:00 PM,FVG Short,Exit on session close,$313.88,$795.96,$6.12,$190.00,$480.00,$166.12,18,
18,NG JAN26,Backtest,FairValueGapStrategyFiltered,Short,1,12.131,12.081,6/25/2013 4:00:00 PM,6/25/2013 4:45:00 PM,FVG Short,Profit target,$493.88,$1289.84,$6.12,$10.00,$500.00,$6.12,4,
19,NG JAN26,Backtest,FairValueGapStrategyFiltered,Short,1,11.976,12.001,7/3/2013 4:00:00 PM,7/3/2013 6:15:00 PM,FVG Short,Stop loss,($256.12),$1033.72,$6.12,$250.00,$30.00,$286.12,10,
20,NG JAN26,Backtest,FairValueGapStrategyFiltered,Short,1,12.000,11.986,7/5/2013 4:00:00 PM,7/5/2013 8:05:00 PM,FVG Short,Exit on session close,$133.88,$1167.60,$6.12,$180.00,$300.00,$166.12,18,
21,NG JAN26,Backtest,FairValueGapStrategyFiltered,Short,1,12.059,12.071,7/22/2013 4:00:00 PM,7/22/2013 8:05:00 PM,FVG Short,Exit on session close,($126.12),$1041.48,$6.12,$160.00,$240.00,$366.12,18,
22,NG JAN26,Backtest,FairValueGapStrategyFiltered,Short,1,11.999,11.953,7/26/2013 4:00:00 PM,7/26/2013 8:05:00 PM,FVG Short,Exit on session close,$453.88,$1495.36,$6.12,$60.00,$480.00,$26.12,18,
23,NG JAN26,Backtest,FairValueGapStrategyFiltered,Short,1,11.843,11.868,7/29/2013 4:00:00 PM,7/29/2013 7:15:00 PM,FVG Short,Stop loss,($256.12),$1239.24,$6.12,$250.00,$260.00,$516.12,14,
24,NG JAN26,Backtest,FairValueGapStrategyFiltered,Short,1,11.660,11.645,8/7/2013 4:00:00 PM,8/7/2013 8:05:00 PM,FVG Short,Exit on session close,$143.88,$1383.12,$6.12,$60.00,$310.00,$166.12,18,
25,NG JAN26,Backtest,FairValueGapStrategyFiltered,Short,1,11.681,11.706,8/13/2013 4:00:00 PM,8/13/2013 4:45:00 PM,FVG Short,Stop loss,($256.12),$1127.00,$6.12,$250.00,$120.00,$376.12,4,
26,NG JAN26,Backtest,FairValueGapStrategyFiltered,Short,1,11.717,11.742,8/15/2013 4:00:00 PM,8/15/2013 4:15:00 PM,FVG Short,Stop loss,($256.12),$870.88,$6.12,$250.00,$10.00,$266.12,2,
27,NG JAN26,Backtest,FairValueGapStrategyFiltered,Short,1,11.910,11.877,9/6/2013 4:00:00 PM,9/6/2013 8:05:00 PM,FVG Short,Exit on session close,$323.88,$1194.76,$6.12,$80.00,$390.00,$66.12,18,
28,NG JAN26,Backtest,FairValueGapStrategyFiltered,Short,1,11.918,11.943,9/12/2013 4:00:00 PM,9/12/2013 4:30:00 PM,FVG Short,Stop loss,($256.12),$938.64,$6.12,$250.00,$130.00,$386.12,3,
29,NG JAN26,Backtest,FairValueGapStrategyFiltered,Short,1,11.921,11.871,9/24/2013 4:00:00 PM,9/24/2013 6:45:00 PM,FVG Short,Profit target,$493.88,$1432.52,$6.12,$10.00,$500.00,$6.12,12,
30,NG JAN26,Backtest,FairValueGapStrategyFiltered,Short,1,11.792,11.742,9/26/2013 4:00:00 PM,9/26/2013 4:45:00 PM,FVG Short,Profit target,$493.88,$1926.40,$6.12,$10.00,$500.00,$6.12,4,
31,NG JAN26,Backtest,FairValueGapStrategyFiltered,Short,1,11.803,11.824,9/30/2013 4:00:00 PM,9/30/2013 8:05:00 PM,FVG Short,Exit on session close,($216.12),$1710.28,$6.12,$240.00,$160.00,$376.12,18,
32,NG JAN26,Backtest,FairValueGapStrategyFiltered,Short,1,11.818,11.791,10/3/2013 4:00:00 PM,10/3/2013 8:05:00 PM,FVG Short,Exit on session close,$263.88,$1974.16,$6.12,$90.00,$500.00,$236.12,18,
33,NG JAN26,Backtest,FairValueGapStrategyFiltered,Short,1,11.897,11.922,10/22/2013 4:00:00 PM,10/22/2013 4:30:00 PM,FVG Short,Stop loss,($256.12),$1718.04,$6.12,$250.00,$10.00,$266.12,3,
34,NG JAN26,Backtest,FairValueGapStrategyFiltered,Short,1,11.855,11.880,10/24/2013 4:00:00 PM,10/24/2013 4:45:00 PM,FVG Short,Stop loss,($256.12),$1461.92,$6.12,$250.00,$80.00,$336.12,4,
35,NG JAN26,Backtest,FairValueGapStrategyFiltered,Short,1,11.861,11.842,10/28/2013 3:15:00 PM,10/28/2013 7:05:00 PM,FVG Short,Exit on session close,$183.88,$1645.80,$6.12,$70.00,$360.00,$176.12,17,
36,NG JAN26,Backtest,FairValueGapStrategyFiltered,Short,1,11.831,11.781,10/29/2013 3:15:00 PM,10/29/2013 6:45:00 PM,FVG Short,Profit target,$493.88,$2139.68,$6.12,$60.00,$500.00,$6.12,15,
37,NG JAN26,Backtest,FairValueGapStrategyFiltered,Short,1,11.753,11.750,10/31/2013 3:15:00 PM,10/31/2013 7:05:00 PM,FVG Short,Exit on session close,$23.88,$2163.56,$6.12,$210.00,$300.00,$276.12,17,
38,NG JAN26,Backtest,FairValueGapStrategyFiltered,Short,1,11.679,11.704,11/1/2013 3:15:00 PM,11/1/2013 5:45:00 PM,FVG Short,Stop loss,($256.12),$1907.44,$6.12,$250.00,$30.00,$286.12,11,
39,NG JAN26,Backtest,FairValueGapStrategyFiltered,Short,1,11.607,11.608,11/4/2013 4:00:00 PM,11/4/2013 8:05:00 PM,FVG Short,Exit on session close,($16.12),$1891.32,$6.12,$60.00,$350.00,$366.12,18,
40,NG JAN26,Backtest,FairValueGapStrategyFiltered,Short,1,11.586,11.611,11/5/2013 4:00:00 PM,11/5/2013 5:30:00 PM,FVG Short,Stop loss,($256.12),$1635.20,$6.12,$250.00,$70.00,$326.12,7,
41,NG JAN26,Backtest,FairValueGapStrategyFiltered,Short,1,11.677,11.702,11/14/2013 4:00:00 PM,11/14/2013 4:45:00 PM,FVG Short,Stop loss,($256.12),$1379.08,$6.12,$250.00,$230.00,$486.12,4,
42,NG JAN26,Backtest,FairValueGapStrategyFiltered,Short,1,12.485,12.482,12/27/2013 4:00:00 PM,12/27/2013 8:05:00 PM,FVG Short,Exit on session close,$23.88,$1402.96,$6.12,$210.00,$460.00,$436.12,18,
43,NG JAN26,Backtest,FairValueGapStrategyFiltered,Short,1,12.415,12.365,12/31/2013 4:00:00 PM,12/31/2013 4:45:00 PM,FVG Short,Profit target,$493.88,$1896.84,$6.12,$30.00,$500.00,$6.12,4,
44,NG JAN26,Backtest,FairValueGapStrategyFiltered,Short,1,12.343,12.293,1/3/2014 4:00:00 PM,1/3/2014 4:45:00 PM,FVG Short,Profit target,$493.88,$2390.72,$6.12,$110.00,$500.00,$6.12,4,
45,NG JAN26,Backtest,FairValueGapStrategyFiltered,Short,1,12.226,12.251,1/9/2014 4:00:00 PM,1/9/2014 4:45:00 PM,FVG Short,Stop loss,($256.12),$2134.60,$6.12,$250.00,$180.00,$436.12,4,
46,NG JAN26,Backtest,FairValueGapStrategyFiltered,Short,1,12.097,12.122,1/10/2014 4:00:00 PM,1/10/2014 5:30:00 PM,FVG Short,Stop loss,($256.12),$1878.48,$6.12,$250.00,$40.00,$296.12,7,
47,NG JAN26,Backtest,FairValueGapStrategyFiltered,Short,1,12.328,12.330,1/20/2014 4:00:00 PM,1/20/2014 7:15:00 PM,FVG Short,Exit on session close,($26.12),$1852.36,$6.12,$200.00,$220.00,$246.12,14,
48,NG JAN26,Backtest,FairValueGapStrategyFiltered,Short,1,13.996,14.021,3/10/2014 3:30:00 PM,3/10/2014 3:45:00 PM,FVG Short,Stop loss,($256.12),$1596.24,$6.12,$250.00,$10.00,$266.12,2,
49,NG JAN26,Backtest,FairValueGapStrategyFiltered,Short,1,13.916,13.941,3/12/2014 3:15:00 PM,3/12/2014 3:15:00 PM,FVG Short,Stop loss,($256.12),$1340.12,$6.12,$250.00,$0.00,$256.12,1,
50,NG JAN26,Backtest,FairValueGapStrategyFiltered,Short,1,13.842,13.792,3/13/2014 3:15:00 PM,3/13/2014 3:45:00 PM,FVG Short,Profit target,$493.88,$1834.00,$6.12,$50.00,$500.00,$6.12,3,
51,NG JAN26,Backtest,FairValueGapStrategyFiltered,Short,1,13.917,13.881,3/18/2014 3:15:00 PM,3/18/2014 7:05:00 PM,FVG Short,Exit on session close,$353.88,$2187.88,$6.12,$60.00,$430.00,$76.12,17,
52,NG JAN26,Backtest,FairValueGapStrategyFiltered,Short,1,13.861,13.886,3/19/2014 3:15:00 PM,3/19/2014 5:00:00 PM,FVG Short,Stop loss,($256.12),$1931.76,$6.12,$250.00,$190.00,$446.12,8,
53,NG JAN26,Backtest,FairValueGapStrategyFiltered,Short,1,13.857,13.807,3/20/2014 3:15:00 PM,3/20/2014 3:45:00 PM,FVG Short,Profit target,$493.88,$2425.64,$6.12,$80.00,$500.00,$6.12,3,
54,NG JAN26,Backtest,FairValueGapStrategyFiltered,Short,1,13.744,13.734,3/21/2014 3:15:00 PM,3/21/2014 7:05:00 PM,FVG Short,Exit on session close,$93.88,$2519.52,$6.12,$120.00,$370.00,$276.12,17,
55,NG JAN26,Backtest,FairValueGapStrategyFiltered,Short,1,13.727,13.710,3/24/2014 3:15:00 PM,3/24/2014 7:05:00 PM,FVG Short,Exit on session close,$163.88,$2683.40,$6.12,$70.00,$360.00,$196.12,17,
56,NG JAN26,Backtest,FairValueGapStrategyFiltered,Short,1,13.797,13.822,3/26/2014 3:15:00 PM,3/26/2014 5:45:00 PM,FVG Short,Stop loss,($256.12),$2427.28,$6.12,$250.00,$80.00,$336.12,11,
57,NG JAN26,Backtest,FairValueGapStrategyFiltered,Short,1,13.810,13.791,3/31/2014 4:00:00 PM,3/31/2014 8:05:00 PM,FVG Short,Exit on session close,$183.88,$2611.16,$6.12,$90.00,$380.00,$196.12,18,
58,NG JAN26,Backtest,FairValueGapStrategyFiltered,Short,1,13.770,13.720,4/1/2014 4:00:00 PM,4/1/2014 6:15:00 PM,FVG Short,Profit target,$493.88,$3105.04,$6.12,$80.00,$500.00,$6.12,10,
59,NG JAN26,Backtest,FairValueGapStrategyFiltered,Short,1,13.950,13.975,4/17/2014 4:00:00 PM,4/17/2014 4:45:00 PM,FVG Short,Stop loss,($256.12),$2848.92,$6.12,$250.00,$310.00,$566.12,4,
60,NG JAN26,Backtest,FairValueGapStrategyFiltered,Short,1,14.108,14.058,5/8/2014 4:00:00 PM,5/8/2014 4:45:00 PM,FVG Short,Profit target,$493.88,$3342.80,$6.12,$100.00,$500.00,$6.12,4,
61,NG JAN26,Backtest,FairValueGapStrategyFiltered,Short,1,13.953,13.928,5/9/2014 4:00:00 PM,5/9/2014 8:05:00 PM,FVG Short,Exit on session close,$243.88,$3586.68,$6.12,$70.00,$370.00,$126.12,18,
62,NG JAN26,Backtest,FairValueGapStrategyFiltered,Short,1,13.877,13.865,5/12/2014 4:00:00 PM,5/12/2014 8:05:00 PM,FVG Short,Exit on session close,$113.88,$3700.56,$6.12,$170.00,$210.00,$96.12,18,
63,NG JAN26,Backtest,FairValueGapStrategyFiltered,Short,1,13.847,13.797,5/13/2014 4:00:00 PM,5/13/2014 6:15:00 PM,FVG Short,Profit target,$493.88,$4194.44,$6.12,$80.00,$500.00,$6.12,10,
64,NG JAN26,Backtest,FairValueGapStrategyFiltered,Short,1,13.838,13.863,5/16/2014 4:00:00 PM,5/16/2014 4:00:00 PM,FVG Short,Stop loss,($256.12),$3938.32,$6.12,$250.00,$0.00,$256.12,1,
65,NG JAN26,Backtest,FairValueGapStrategyFiltered,Short,1,13.866,13.891,5/22/2014 4:00:00 PM,5/22/2014 4:30:00 PM,FVG Short,Stop loss,($256.12),$3682.20,$6.12,$250.00,$140.00,$396.12,3,
66,NG JAN26,Backtest,FairValueGapStrategyFiltered,Short,1,14.009,13.959,6/10/2014 4:00:00 PM,6/10/2014 7:30:00 PM,FVG Short,Profit target,$493.88,$4176.08,$6.12,$140.00,$500.00,$6.12,15,
67,NG JAN26,Backtest,FairValueGapStrategyFiltered,Short,1,13.974,13.959,6/20/2014 4:00:00 PM,6/20/2014 8:05:00 PM,FVG Short,Exit on session close,$143.88,$4319.96,$6.12,$20.00,$430.00,$286.12,18,
68,NG JAN26,Backtest,FairValueGapStrategyFiltered,Short,1,13.893,13.874,6/23/2014 4:00:00 PM,6/23/2014 8:05:00 PM,FVG Short,Exit on session close,$183.88,$4503.84,$6.12,$190.00,$260.00,$76.12,18,
69,NG JAN26,Backtest,FairValueGapStrategyFiltered,Short,1,13.798,13.791,6/27/2014 4:00:00 PM,6/27/2014 8:05:00 PM,FVG Short,Exit on session close,$63.88,$4567.72,$6.12,$160.00,$280.00,$216.12,18,
70,NG JAN26,Backtest,FairValueGapStrategyFiltered,Short,1,13.841,13.866,7/1/2014 4:00:00 PM,7/1/2014 4:15:00 PM,FVG Short,Stop loss,($256.12),$4311.60,$6.12,$250.00,$30.00,$286.12,2,
71,NG JAN26,Backtest,FairValueGapStrategyFiltered,Short,1,13.776,13.746,7/2/2014 4:00:00 PM,7/2/2014 8:05:00 PM,FVG Short,Exit on session close,$293.88,$4605.48,$6.12,$140.00,$300.00,$6.12,18,
72,NG JAN26,Backtest,FairValueGapStrategyFiltered,Short,1,13.742,13.767,7/3/2014 4:00:00 PM,7/3/2014 4:45:00 PM,FVG Short,Stop loss,($256.12),$4349.36,$6.12,$250.00,$180.00,$436.12,4,
73,NG JAN26,Backtest,FairValueGapStrategyFiltered,Short,1,13.681,13.631,7/7/2014 4:00:00 PM,7/7/2014 6:15:00 PM,FVG Short,Profit target,$493.88,$4843.24,$6.12,$20.00,$500.00,$6.12,10,
74,NG JAN26,Backtest,FairValueGapStrategyFiltered,Short,1,13.567,13.517,7/10/2014 4:00:00 PM,7/10/2014 4:45:00 PM,FVG Short,Profit target,$493.88,$5337.12,$6.12,$210.00,$500.00,$6.12,4,
75,NG JAN26,Backtest,FairValueGapStrategyFiltered,Short,1,13.450,13.400,7/17/2014 4:00:00 PM,7/17/2014 4:45:00 PM,FVG Short,Profit target,$493.88,$5831.00,$6.12,$50.00,$500.00,$6.12,4,
76,NG JAN26,Backtest,FairValueGapStrategyFiltered,Short,1,13.264,13.237,7/21/2014 4:00:00 PM,7/21/2014 8:05:00 PM,FVG Short,Exit on session close,$263.88,$6094.88,$6.12,$90.00,$420.00,$156.12,18,
77,NG JAN26,Backtest,FairValueGapStrategyFiltered,Short,1,13.212,13.190,7/22/2014 4:00:00 PM,7/22/2014 8:05:00 PM,FVG Short,Exit on session close,$213.88,$6308.76,$6.12,$170.00,$300.00,$86.12,18,
78,NG JAN26,Backtest,FairValueGapStrategyFiltered,Short,1,13.185,13.167,7/23/2014 4:00:00 PM,7/23/2014 8:05:00 PM,FVG Short,Exit on session close,$173.88,$6482.64,$6.12,$210.00,$210.00,$36.12,18,
79,NG JAN26,Backtest,FairValueGapStrategyFiltered,Short,1,13.181,13.160,7/25/2014 4:00:00 PM,7/25/2014 8:05:00 PM,FVG Short,Exit on session close,$203.88,$6686.52,$6.12,$0.00,$350.00,$146.12,18,
80,NG JAN26,Backtest,FairValueGapStrategyFiltered,Short,1,13.186,13.211,8/1/2014 4:00:00 PM,8/1/2014 4:00:00 PM,FVG Short,Stop loss,($256.12),$6430.40,$6.12,$250.00,$0.00,$256.12,1,
81,NG JAN26,Backtest,FairValueGapStrategyFiltered,Short,1,13.179,13.148,8/15/2014 4:00:00 PM,8/15/2014 8:05:00 PM,FVG Short,Exit on session close,$303.88,$6734.28,$6.12,$0.00,$370.00,$66.12,18,
82,NG JAN26,Backtest,FairValueGapStrategyFiltered,Short,1,13.216,13.199,8/20/2014 4:00:00 PM,8/20/2014 8:05:00 PM,FVG Short,Exit on session close,$163.88,$6898.16,$6.12,$50.00,$450.00,$286.12,18,
83,NG JAN26,Backtest,FairValueGapStrategyFiltered,Short,1,13.209,13.180,9/3/2014 4:00:00 PM,9/3/2014 8:05:00 PM,FVG Short,Exit on session close,$283.88,$7182.04,$6.12,$10.00,$410.00,$126.12,18,
84,NG JAN26,Backtest,FairValueGapStrategyFiltered,Short,1,13.227,13.177,9/11/2014 4:00:00 PM,9/11/2014 4:45:00 PM,FVG Short,Profit target,$493.88,$7675.92,$6.12,$220.00,$500.00,$6.12,4,
85,NG JAN26,Backtest,FairValueGapStrategyFiltered,Short,1,13.132,13.157,9/12/2014 4:00:00 PM,9/12/2014 4:15:00 PM,FVG Short,Stop loss,($256.12),$7419.80,$6.12,$250.00,$10.00,$266.12,2,
86,NG JAN26,Backtest,FairValueGapStrategyFiltered,Short,1,13.216,13.241,9/16/2014 4:00:00 PM,9/16/2014 4:45:00 PM,FVG Short,Stop loss,($256.12),$7163.68,$6.12,$250.00,$70.00,$326.12,4,
87,NG JAN26,Backtest,FairValueGapStrategyFiltered,Short,1,13.192,13.189,9/19/2014 4:00:00 PM,9/19/2014 8:05:00 PM,FVG Short,Exit on session close,$23.88,$7187.56,$6.12,$140.00,$190.00,$166.12,18,
88,NG JAN26,Backtest,FairValueGapStrategyFiltered,Short,1,13.156,13.181,9/24/2014 4:00:00 PM,9/24/2014 6:15:00 PM,FVG Short,Stop loss,($256.12),$6931.44,$6.12,$250.00,$180.00,$436.12,10,
89,NG JAN26,Backtest,FairValueGapStrategyFiltered,Short,1,13.189,13.214,9/25/2014 4:00:00 PM,9/25/2014 4:45:00 PM,FVG Short,Stop loss,($256.12),$6675.32,$6.12,$250.00,$200.00,$456.12,4,
90,NG JAN26,Backtest,FairValueGapStrategyFiltered,Short,1,13.265,13.215,10/2/2014 4:00:00 PM,10/2/2014 4:45:00 PM,FVG Short,Profit target,$493.88,$7169.20,$6.12,$210.00,$500.00,$6.12,4,
91,NG JAN26,Backtest,FairValueGapStrategyFiltered,Short,1,13.210,13.181,10/6/2014 4:00:00 PM,10/6/2014 8:05:00 PM,FVG Short,Exit on session close,$283.88,$7453.08,$6.12,$60.00,$320.00,$36.12,18,
92,NG JAN26,Backtest,FairValueGapStrategyFiltered,Short,1,13.180,13.130,10/8/2014 4:00:00 PM,10/8/2014 7:15:00 PM,FVG Short,Profit target,$493.88,$7946.96,$6.12,$0.00,$500.00,$6.12,14,
93,NG JAN26,Backtest,FairValueGapStrategyFiltered,Short,1,13.104,13.129,10/9/2014 4:00:00 PM,10/9/2014 4:30:00 PM,FVG Short,Stop loss,($256.12),$7690.84,$6.12,$250.00,$80.00,$336.12,3,
94,NG JAN26,Backtest,FairValueGapStrategyFiltered,Short,1,13.062,13.087,10/15/2014 4:00:00 PM,10/15/2014 4:30:00 PM,FVG Short,Stop loss,($256.12),$7434.72,$6.12,$250.00,$120.00,$376.12,3,
95,NG JAN26,Backtest,FairValueGapStrategyFiltered,Short,1,13.029,13.054,10/17/2014 4:00:00 PM,10/17/2014 6:45:00 PM,FVG Short,Stop loss,($256.12),$7178.60,$6.12,$250.00,$330.00,$586.12,12,
96,NG JAN26,Backtest,FairValueGapStrategyFiltered,Short,1,12.964,12.952,10/20/2014 4:00:00 PM,10/20/2014 8:05:00 PM,FVG Short,Exit on session close,$113.88,$7292.48,$6.12,$60.00,$160.00,$46.12,18,
97,NG JAN26,Backtest,FairValueGapStrategyFiltered,Short,1,12.941,12.966,10/21/2014 4:00:00 PM,10/21/2014 6:00:00 PM,FVG Short,Stop loss,($256.12),$7036.36,$6.12,$250.00,$120.00,$376.12,9,
98,NG JAN26,Backtest,FairValueGapStrategyFiltered,Short,1,12.898,12.923,10/23/2014 4:00:00 PM,10/23/2014 4:45:00 PM,FVG Short,Stop loss,($256.12),$6780.24,$6.12,$250.00,$90.00,$346.12,4,
99,NG JAN26,Backtest,FairValueGapStrategyFiltered,Short,1,12.858,12.883,10/24/2014 4:00:00 PM,10/24/2014 7:15:00 PM,FVG Short,Stop loss,($256.12),$6524.12,$6.12,$250.00,$230.00,$486.12,14,
100,NG JAN26,Backtest,FairValueGapStrategyFiltered,Short,1,12.839,12.864,10/27/2014 3:15:00 PM,10/27/2014 5:30:00 PM,FVG Short,Stop loss,($256.12),$6268.00,$6.12,$250.00,$230.00,$486.12,10,
101,NG JAN26,Backtest,FairValueGapStrategyFiltered,Short,1,13.300,13.325,11/13/2014 4:00:00 PM,11/13/2014 4:45:00 PM,FVG Short,Stop loss,($256.12),$6011.88,$6.12,$250.00,$90.00,$346.12,4,
102,NG JAN26,Backtest,FairValueGapStrategyFiltered,Short,1,13.295,13.320,11/24/2014 4:00:00 PM,11/24/2014 4:45:00 PM,FVG Short,Stop loss,($256.12),$5755.76,$6.12,$250.00,$110.00,$366.12,4,
103,NG JAN26,Backtest,FairValueGapStrategyFiltered,Short,1,13.308,13.333,11/25/2014 4:00:00 PM,11/25/2014 4:15:00 PM,FVG Short,Stop loss,($256.12),$5499.64,$6.12,$250.00,$60.00,$316.12,2,
104,NG JAN26,Backtest,FairValueGapStrategyFiltered,Short,1,13.335,13.285,11/27/2014 4:00:00 PM,11/27/2014 6:30:00 PM,FVG Short,Profit target,$493.88,$5993.52,$6.12,$50.00,$500.00,$6.12,11,
105,NG JAN26,Backtest,FairValueGapStrategyFiltered,Short,1,13.046,13.071,12/1/2014 4:00:00 PM,12/1/2014 4:30:00 PM,FVG Short,Stop loss,($256.12),$5737.40,$6.12,$250.00,$120.00,$376.12,3,
106,NG JAN26,Backtest,FairValueGapStrategyFiltered,Short,1,12.972,12.997,12/2/2014 4:00:00 PM,12/2/2014 5:00:00 PM,FVG Short,Stop loss,($256.12),$5481.28,$6.12,$250.00,$90.00,$346.12,5,
107,NG JAN26,Backtest,FairValueGapStrategyFiltered,Short,1,12.853,12.878,12/3/2014 4:00:00 PM,12/3/2014 4:30:00 PM,FVG Short,Stop loss,($256.12),$5225.16,$6.12,$250.00,$110.00,$366.12,3,
108,NG JAN26,Backtest,FairValueGapStrategyFiltered,Short,1,12.784,12.734,12/4/2014 4:00:00 PM,12/4/2014 4:45:00 PM,FVG Short,Profit target,$493.88,$5719.04,$6.12,$140.00,$500.00,$6.12,4,
109,NG JAN26,Backtest,FairValueGapStrategyFiltered,Short,1,12.727,12.677,12/8/2014 4:00:00 PM,12/8/2014 6:15:00 PM,FVG Short,Profit target,$493.88,$6212.92,$6.12,$220.00,$500.00,$6.12,10,
110,NG JAN26,Backtest,FairValueGapStrategyFiltered,Short,1,12.712,12.737,12/16/2014 4:00:00 PM,12/16/2014 4:45:00 PM,FVG Short,Stop loss,($256.12),$5956.80,$6.12,$250.00,$160.00,$416.12,4,
111,NG JAN26,Backtest,FairValueGapStrategyFiltered,Short,1,12.541,12.566,12/19/2014 4:00:00 PM,12/19/2014 5:00:00 PM,FVG Short,Stop loss,($256.12),$5700.68,$6.12,$250.00,$270.00,$526.12,5,
112,NG JAN26,Backtest,FairValueGapStrategyFiltered,Short,1,12.175,12.200,12/22/2014 4:00:00 PM,12/22/2014 4:00:00 PM,FVG Short,Stop loss,($256.12),$5444.56,$6.12,$250.00,$0.00,$256.12,1,
113,NG JAN26,Backtest,FairValueGapStrategyFiltered,Short,1,12.184,12.209,12/23/2014 4:00:00 PM,12/23/2014 5:30:00 PM,FVG Short,Stop loss,($256.12),$5188.44,$6.12,$250.00,$340.00,$596.12,7,
114,NG JAN26,Backtest,FairValueGapStrategyFiltered,Short,1,12.161,12.111,12/24/2014 4:00:00 PM,12/24/2014 6:15:00 PM,FVG Short,Profit target,$493.88,$5682.32,$6.12,$80.00,$500.00,$6.12,10,
115,NG JAN26,Backtest,FairValueGapStrategyFiltered,Short,1,12.135,12.119,12/30/2014 4:00:00 PM,12/30/2014 8:05:00 PM,FVG Short,Exit on session close,$153.88,$5836.20,$6.12,$80.00,$370.00,$216.12,18,
116,NG JAN26,Backtest,FairValueGapStrategyFiltered,Short,1,12.044,12.069,12/31/2014 4:00:00 PM,12/31/2014 5:45:00 PM,FVG Short,Stop loss,($256.12),$5580.08,$6.12,$250.00,$340.00,$596.12,8,
117,NG JAN26,Backtest,FairValueGapStrategyFiltered,Short,1,11.893,11.918,1/6/2015 4:00:00 PM,1/6/2015 4:00:00 PM,FVG Short,Stop loss,($256.12),$5323.96,$6.12,$250.00,$0.00,$256.12,1,
118,NG JAN26,Backtest,FairValueGapStrategyFiltered,Short,1,11.948,11.898,1/20/2015 4:00:00 PM,1/20/2015 4:30:00 PM,FVG Short,Profit target,$493.88,$5817.84,$6.12,$10.00,$500.00,$6.12,3,
119,NG JAN26,Backtest,FairValueGapStrategyFiltered,Short,1,11.929,11.879,1/22/2015 4:00:00 PM,1/22/2015 4:45:00 PM,FVG Short,Profit target,$493.88,$6311.72,$6.12,$120.00,$500.00,$6.12,4,
120,NG JAN26,Backtest,FairValueGapStrategyFiltered,Short,1,11.922,11.947,1/26/2015 4:00:00 PM,1/26/2015 4:00:00 PM,FVG Short,Stop loss,($256.12),$6055.60,$6.12,$250.00,$0.00,$256.12,1,
121,NG JAN26,Backtest,FairValueGapStrategyFiltered,Short,1,11.859,11.884,1/28/2015 4:00:00 PM,1/28/2015 4:45:00 PM,FVG Short,Stop loss,($256.12),$5799.48,$6.12,$250.00,$30.00,$286.12,4,
122,NG JAN26,Backtest,FairValueGapStrategyFiltered,Short,1,11.735,11.685,2/4/2015 4:00:00 PM,2/4/2015 6:45:00 PM,FVG Short,Profit target,$493.88,$6293.36,$6.12,$20.00,$500.00,$6.12,12,
123,NG JAN26,Backtest,FairValueGapStrategyFiltered,Short,1,11.660,11.685,2/5/2015 4:00:00 PM,2/5/2015 6:15:00 PM,FVG Short,Stop loss,($256.12),$6037.24,$6.12,$250.00,$490.00,$746.12,10,
124,NG JAN26,Backtest,FairValueGapStrategyFiltered,Short,1,11.808,11.758,2/26/2015 4:00:00 PM,2/26/2015 4:45:00 PM,FVG Short,Profit target,$493.88,$6531.12,$6.12,$230.00,$500.00,$6.12,4,
125,NG JAN26,Backtest,FairValueGapStrategyFiltered,Short,1,11.702,11.727,3/9/2015 3:15:00 PM,3/9/2015 3:30:00 PM,FVG Short,Stop loss,($256.12),$6275.00,$6.12,$250.00,$40.00,$296.12,2,
126,NG JAN26,Backtest,FairValueGapStrategyFiltered,Short,1,11.711,11.736,3/10/2015 4:00:00 PM,3/10/2015 5:45:00 PM,FVG Short,Stop loss,($256.12),$6018.88,$6.12,$250.00,$40.00,$296.12,8,
127,NG JAN26,Backtest,FairValueGapStrategyFiltered,Short,1,11.697,11.722,3/13/2015 3:15:00 PM,3/13/2015 5:15:00 PM,FVG Short,Stop loss,($256.12),$5762.76,$6.12,$250.00,$170.00,$426.12,9,
128,NG JAN26,Backtest,FairValueGapStrategyFiltered,Short,1,11.699,11.703,3/16/2015 3:15:00 PM,3/16/2015 7:05:00 PM,FVG Short,Exit on session close,($46.12),$5716.64,$6.12,$150.00,$220.00,$266.12,17,
129,NG JAN26,Backtest,FairValueGapStrategyFiltered,Short,1,11.716,11.741,3/23/2015 3:15:00 PM,3/23/2015 7:00:00 PM,FVG Short,Stop loss,($256.12),$5460.52,$6.12,$250.00,$280.00,$536.12,16,
130,NG JAN26,Backtest,FairValueGapStrategyFiltered,Short,1,11.729,11.711,3/25/2015 3:15:00 PM,3/25/2015 7:05:00 PM,FVG Short,Exit on session close,$173.88,$5634.40,$6.12,$190.00,$280.00,$106.12,17,
131,NG JAN26,Backtest,FairValueGapStrategyFiltered,Short,1,11.607,11.595,3/27/2015 3:15:00 PM,3/27/2015 7:05:00 PM,FVG Short,Exit on session close,$113.88,$5748.28,$6.12,$130.00,$230.00,$116.12,17,
132,NG JAN26,Backtest,FairValueGapStrategyFiltered,Short,1,11.575,11.579,4/1/2015 4:00:00 PM,4/1/2015 8:05:00 PM,FVG Short,Exit on session close,($46.12),$5702.16,$6.12,$160.00,$240.00,$286.12,18,
133,NG JAN26,Backtest,FairValueGapStrategyFiltered,Short,1,11.625,11.628,4/6/2015 4:00:00 PM,4/6/2015 8:05:00 PM,FVG Short,Exit on session close,($36.12),$5666.04,$6.12,$60.00,$180.00,$216.12,18,
134,NG JAN26,Backtest,FairValueGapStrategyFiltered,Short,1,11.611,11.595,4/8/2015 4:00:00 PM,4/8/2015 8:05:00 PM,FVG Short,Exit on session close,$153.88,$5819.92,$6.12,$40.00,$320.00,$166.12,18,
135,NG JAN26,Backtest,FairValueGapStrategyFiltered,Short,1,11.562,11.587,4/16/2015 4:00:00 PM,4/16/2015 6:00:00 PM,FVG Short,Stop loss,($256.12),$5563.80,$6.12,$250.00,$490.00,$746.12,9,
136,NG JAN26,Backtest,FairValueGapStrategyFiltered,Short,1,11.526,11.512,4/20/2015 4:00:00 PM,4/20/2015 8:05:00 PM,FVG Short,Exit on session close,$133.88,$5697.68,$6.12,$120.00,$230.00,$96.12,18,
137,NG JAN26,Backtest,FairValueGapStrategyFiltered,Short,1,11.519,11.499,4/23/2015 4:00:00 PM,4/23/2015 8:05:00 PM,FVG Short,Exit on session close,$193.88,$5891.56,$6.12,$190.00,$310.00,$116.12,18,
138,NG JAN26,Backtest,FairValueGapStrategyFiltered,Short,1,11.426,11.430,4/27/2015 4:00:00 PM,4/27/2015 8:05:00 PM,FVG Short,Exit on session close,($46.12),$5845.44,$6.12,$200.00,$100.00,$146.12,18,
139,NG JAN26,Backtest,FairValueGapStrategyFiltered,Short,1,11.497,11.522,4/30/2015 4:00:00 PM,4/30/2015 4:45:00 PM,FVG Short,Stop loss,($256.12),$5589.32,$6.12,$250.00,$100.00,$356.12,4,
140,NG JAN26,Backtest,FairValueGapStrategyFiltered,Short,1,11.861,11.811,5/22/2015 4:00:00 PM,5/22/2015 6:45:00 PM,FVG Short,Profit target,$493.88,$6083.20,$6.12,$30.00,$500.00,$6.12,12,
141,NG JAN26,Backtest,FairValueGapStrategyFiltered,Short,1,11.757,11.756,5/25/2015 4:00:00 PM,5/25/2015 7:00:00 PM,FVG Short,Exit on session close,$3.88,$6087.08,$6.12,$80.00,$30.00,$26.12,13,
142,NG JAN26,Backtest,FairValueGapStrategyFiltered,Short,1,11.741,11.715,5/26/2015 4:00:00 PM,5/26/2015 8:05:00 PM,FVG Short,Exit on session close,$253.88,$6340.96,$6.12,$40.00,$380.00,$126.12,18,
143,NG JAN26,Backtest,FairValueGapStrategyFiltered,Short,1,11.669,11.619,5/28/2015 4:00:00 PM,5/28/2015 4:45:00 PM,FVG Short,Profit target,$493.88,$6834.84,$6.12,$160.00,$500.00,$6.12,4,
144,NG JAN26,Backtest,FairValueGapStrategyFiltered,Short,1,11.553,11.528,5/29/2015 4:00:00 PM,5/29/2015 8:05:00 PM,FVG Short,Exit on session close,$243.88,$7078.72,$6.12,$60.00,$270.00,$26.12,18,
145,NG JAN26,Backtest,FairValueGapStrategyFiltered,Short,1,11.521,11.546,6/2/2015 4:00:00 PM,6/2/2015 7:45:00 PM,FVG Short,Stop loss,($256.12),$6822.60,$6.12,$250.00,$370.00,$626.12,16,
146,NG JAN26,Backtest,FairValueGapStrategyFiltered,Short,1,11.548,11.516,6/3/2015 4:00:00 PM,6/3/2015 8:05:00 PM,FVG Short,Exit on session close,$313.88,$7136.48,$6.12,$60.00,$380.00,$66.12,18,
147,NG JAN26,Backtest,FairValueGapStrategyFiltered,Short,1,11.475,11.475,6/5/2015 4:00:00 PM,6/5/2015 8:05:00 PM,FVG Short,Exit on session close,($6.12),$7130.36,$6.12,$230.00,$60.00,$66.12,18,
148,NG JAN26,Backtest,FairValueGapStrategyFiltered,Short,1,11.650,11.675,6/19/2015 4:00:00 PM,6/19/2015 5:15:00 PM,FVG Short,Stop loss,($256.12),$6874.24,$6.12,$250.00,$90.00,$346.12,6,
149,NG JAN26,Backtest,FairValueGapStrategyFiltered,Short,1,11.616,11.608,6/22/2015 4:00:00 PM,6/22/2015 8:05:00 PM,FVG Short,Exit on session close,$73.88,$6948.12,$6.12,$180.00,$120.00,$46.12,18,
150,NG JAN26,Backtest,FairValueGapStrategyFiltered,Short,1,11.665,11.646,6/26/2015 4:00:00 PM,6/26/2015 8:05:00 PM,FVG Short,Exit on session close,$183.88,$7132.00,$6.12,$150.00,$460.00,$276.12,18,
151,NG JAN26,Backtest,FairValueGapStrategyFiltered,Short,1,11.620,11.645,6/30/2015 4:00:00 PM,6/30/2015 7:15:00 PM,FVG Short,Stop loss,($256.12),$6875.88,$6.12,$250.00,$100.00,$356.12,14,
152,NG JAN26,Backtest,FairValueGapStrategyFiltered,Short,1,11.618,11.612,7/6/2015 4:00:00 PM,7/6/2015 8:05:00 PM,FVG Short,Exit on session close,$53.88,$6929.76,$6.12,$200.00,$90.00,$36.12,18,
153,NG JAN26,Backtest,FairValueGapStrategyFiltered,Short,1,11.580,11.568,7/7/2015 4:00:00 PM,7/7/2015 8:05:00 PM,FVG Short,Exit on session close,$113.88,$7043.64,$6.12,$10.00,$380.00,$266.12,18,
154,NG JAN26,Backtest,FairValueGapStrategyFiltered,Short,1,11.657,11.682,7/20/2015 4:00:00 PM,7/20/2015 6:15:00 PM,FVG Short,Stop loss,($256.12),$6787.52,$6.12,$250.00,$90.00,$346.12,10,
155,NG JAN26,Backtest,FairValueGapStrategyFiltered,Short,1,11.650,11.637,7/24/2015 4:00:00 PM,7/24/2015 8:05:00 PM,FVG Short,Exit on session close,$123.88,$6911.40,$6.12,$100.00,$230.00,$106.12,18,
156,NG JAN26,Backtest,FairValueGapStrategyFiltered,Short,1,11.666,11.691,7/30/2015 4:00:00 PM,7/30/2015 4:45:00 PM,FVG Short,Stop loss,($256.12),$6655.28,$6.12,$250.00,$60.00,$316.12,4,
157,NG JAN26,Backtest,FairValueGapStrategyFiltered,Short,1,11.590,11.615,8/6/2015 4:00:00 PM,8/6/2015 4:45:00 PM,FVG Short,Stop loss,($256.12),$6399.16,$6.12,$250.00,$50.00,$306.12,4,
158,NG JAN26,Backtest,FairValueGapStrategyFiltered,Short,1,11.596,11.581,8/17/2015 4:00:00 PM,8/17/2015 8:05:00 PM,FVG Short,Exit on session close,$143.88,$6543.04,$6.12,$30.00,$260.00,$116.12,18,
159,NG JAN26,Backtest,FairValueGapStrategyFiltered,Short,1,11.549,11.555,8/18/2015 4:00:00 PM,8/18/2015 8:05:00 PM,FVG Short,Exit on session close,($66.12),$6476.92,$6.12,$170.00,$60.00,$126.12,18,
160,NG JAN26,Backtest,FairValueGapStrategyFiltered,Short,1,11.570,11.532,8/21/2015 4:00:00 PM,8/21/2015 8:05:00 PM,FVG Short,Exit on session close,$373.88,$6850.80,$6.12,$10.00,$480.00,$106.12,18,
161,NG JAN26,Backtest,FairValueGapStrategyFiltered,Short,1,11.491,11.516,8/24/2015 4:00:00 PM,8/24/2015 4:00:00 PM,FVG Short,Stop loss,($256.12),$6594.68,$6.12,$250.00,$0.00,$256.12,1,
162,NG JAN26,Backtest,FairValueGapStrategyFiltered,Short,1,11.502,11.527,8/27/2015 4:00:00 PM,8/27/2015 5:45:00 PM,FVG Short,Stop loss,($256.12),$6338.56,$6.12,$250.00,$310.00,$566.12,8,
163,NG JAN26,Backtest,FairValueGapStrategyFiltered,Short,1,11.482,11.507,8/31/2015 4:00:00 PM,8/31/2015 6:15:00 PM,FVG Short,Stop loss,($256.12),$6082.44,$6.12,$250.00,$70.00,$326.12,10,
164,NG JAN26,Backtest,FairValueGapStrategyFiltered,Short,1,11.495,11.486,9/2/2015 4:00:00 PM,9/2/2015 8:05:00 PM,FVG Short,Exit on session close,$83.88,$6166.32,$6.12,$60.00,$170.00,$86.12,18,
165,NG JAN26,Backtest,FairValueGapStrategyFiltered,Short,1,11.472,11.497,9/3/2015 4:00:00 PM,9/3/2015 4:15:00 PM,FVG Short,Stop loss,($256.12),$5910.20,$6.12,$250.00,$10.00,$266.12,2,
166,NG JAN26,Backtest,FairValueGapStrategyFiltered,Short,1,11.518,11.490,9/4/2015 4:00:00 PM,9/4/2015 8:05:00 PM,FVG Short,Exit on session close,$273.88,$6184.08,$6.12,$90.00,$410.00,$136.12,18,
167,NG JAN26,Backtest,FairValueGapStrategyFiltered,Short,1,11.496,11.473,9/9/2015 4:00:00 PM,9/9/2015 8:05:00 PM,FVG Short,Exit on session close,$223.88,$6407.96,$6.12,$80.00,$260.00,$36.12,18,
168,NG JAN26,Backtest,FairValueGapStrategyFiltered,Short,1,11.512,11.495,9/16/2015 4:00:00 PM,9/16/2015 8:05:00 PM,FVG Short,Exit on session close,$163.88,$6571.84,$6.12,$140.00,$260.00,$96.12,18,
169,NG JAN26,Backtest,FairValueGapStrategyFiltered,Short,1,11.453,11.434,9/18/2015 4:00:00 PM,9/18/2015 8:05:00 PM,FVG Short,Exit on session close,$183.88,$6755.72,$6.12,$130.00,$200.00,$16.12,18,
170,NG JAN26,Backtest,FairValueGapStrategyFiltered,Short,1,11.393,11.418,9/21/2015 4:00:00 PM,9/21/2015 7:00:00 PM,FVG Short,Stop loss,($256.12),$6499.60,$6.12,$250.00,$50.00,$306.12,13,
171,NG JAN26,Backtest,FairValueGapStrategyFiltered,Short,1,11.401,11.426,9/24/2015 4:00:00 PM,9/24/2015 7:45:00 PM,FVG Short,Stop loss,($256.12),$6243.48,$6.12,$250.00,$400.00,$656.12,16,
172,NG JAN26,Backtest,FairValueGapStrategyFiltered,Short,1,11.387,11.393,9/25/2015 4:00:00 PM,9/25/2015 8:05:00 PM,FVG Short,Exit on session close,($66.12),$6177.36,$6.12,$200.00,$180.00,$246.12,18,
173,NG JAN26,Backtest,FairValueGapStrategyFiltered,Short,1,11.390,11.361,9/29/2015 4:00:00 PM,9/29/2015 8:05:00 PM,FVG Short,Exit on session close,$283.88,$6461.24,$6.12,$70.00,$370.00,$86.12,18,
174,NG JAN26,Backtest,FairValueGapStrategyFiltered,Short,1,11.336,11.286,9/30/2015 4:00:00 PM,9/30/2015 7:00:00 PM,FVG Short,Profit target,$493.88,$6955.12,$6.12,$50.00,$500.00,$6.12,13,
175,NG JAN26,Backtest,FairValueGapStrategyFiltered,Short,1,11.252,11.212,10/1/2015 4:00:00 PM,10/1/2015 8:05:00 PM,FVG Short,Exit on session close,$393.88,$7349.00,$6.12,$240.00,$430.00,$36.12,18,
176,NG JAN26,Backtest,FairValueGapStrategyFiltered,Short,1,11.194,11.219,10/2/2015 4:00:00 PM,10/2/2015 4:45:00 PM,FVG Short,Stop loss,($256.12),$7092.88,$6.12,$250.00,$20.00,$276.12,4,
177,NG JAN26,Backtest,FairValueGapStrategyFiltered,Short,1,11.233,11.217,10/19/2015 4:00:00 PM,10/19/2015 8:05:00 PM,FVG Short,Exit on session close,$153.88,$7246.76,$6.12,$170.00,$190.00,$36.12,18,
178,NG JAN26,Backtest,FairValueGapStrategyFiltered,Short,1,11.176,11.171,10/21/2015 4:00:00 PM,10/21/2015 8:05:00 PM,FVG Short,Exit on session close,$43.88,$7290.64,$6.12,$20.00,$280.00,$236.12,18,
179,NG JAN26,Backtest,FairValueGapStrategyFiltered,Short,1,11.092,11.068,10/23/2015 4:00:00 PM,10/23/2015 8:05:00 PM,FVG Short,Exit on session close,$233.88,$7524.52,$6.12,$130.00,$320.00,$86.12,18,
180,NG JAN26,Backtest,FairValueGapStrategyFiltered,Short,1,10.985,10.935,10/26/2015 3:15:00 PM,10/26/2015 4:30:00 PM,FVG Short,Profit target,$493.88,$8018.40,$6.12,$10.00,$500.00,$6.12,6,
181,NG JAN26,Backtest,FairValueGapStrategyFiltered,Short,1,10.867,10.847,10/28/2015 3:15:00 PM,10/28/2015 7:05:00 PM,FVG Short,Exit on session close,$193.88,$8212.28,$6.12,$150.00,$350.00,$156.12,17,
182,NG JAN26,Backtest,FairValueGapStrategyFiltered,Short,1,10.802,10.827,10/30/2015 3:15:00 PM,10/30/2015 3:30:00 PM,FVG Short,Stop loss,($256.12),$7956.16,$6.12,$250.00,$50.00,$306.12,2,
183,NG JAN26,Backtest,FairValueGapStrategyFiltered,Short,1,10.827,10.811,11/2/2015 4:00:00 PM,11/2/2015 8:05:00 PM,FVG Short,Exit on session close,$153.88,$8110.04,$6.12,$180.00,$200.00,$46.12,18,
184,NG JAN26,Backtest,FairValueGapStrategyFiltered,Short,1,10.906,10.931,11/6/2015 4:00:00 PM,11/6/2015 5:45:00 PM,FVG Short,Stop loss,($256.12),$7853.92,$6.12,$250.00,$200.00,$456.12,8,
185,NG JAN26,Backtest,FairValueGapStrategyFiltered,Short,1,10.867,10.872,11/9/2015 4:00:00 PM,11/9/2015 8:05:00 PM,FVG Short,Exit on session close,($56.12),$7797.80,$6.12,$150.00,$240.00,$296.12,18,
186,NG JAN26,Backtest,FairValueGapStrategyFiltered,Short,1,10.816,10.841,11/12/2015 4:00:00 PM,11/12/2015 4:00:00 PM,FVG Short,Stop loss,($256.12),$7541.68,$6.12,$250.00,$0.00,$256.12,1,
187,NG JAN26,Backtest,FairValueGapStrategyFiltered,Short,1,10.769,10.725,11/20/2015 4:00:00 PM,11/20/2015 8:05:00 PM,FVG Short,Exit on session close,$433.88,$7975.56,$6.12,$30.00,$490.00,$56.12,18,
188,NG JAN26,Backtest,FairValueGapStrategyFiltered,Short,1,10.702,10.727,11/24/2015 4:00:00 PM,11/24/2015 5:30:00 PM,FVG Short,Stop loss,($256.12),$7719.44,$6.12,$250.00,$0.00,$256.12,7,
189,NG JAN26,Backtest,FairValueGapStrategyFiltered,Short,1,10.715,10.740,11/25/2015 4:00:00 PM,11/25/2015 5:00:00 PM,FVG Short,Stop loss,($256.12),$7463.32,$6.12,$250.00,$40.00,$296.12,5,
190,NG JAN26,Backtest,FairValueGapStrategyFiltered,Short,1,10.652,10.650,11/27/2015 4:00:00 PM,11/27/2015 7:15:00 PM,FVG Short,Exit on session close,$13.88,$7477.20,$6.12,$110.00,$160.00,$146.12,14,
191,NG JAN26,Backtest,FairValueGapStrategyFiltered,Short,1,10.623,10.597,12/2/2015 4:00:00 PM,12/2/2015 8:05:00 PM,FVG Short,Exit on session close,$253.88,$7731.08,$6.12,$10.00,$380.00,$126.12,18,
192,NG JAN26,Backtest,FairValueGapStrategyFiltered,Short,1,10.577,10.602,12/3/2015 4:00:00 PM,12/3/2015 4:45:00 PM,FVG Short,Stop loss,($256.12),$7474.96,$6.12,$250.00,$10.00,$266.12,4,
193,NG JAN26,Backtest,FairValueGapStrategyFiltered,Short,1,10.558,10.508,12/7/2015 4:00:00 PM,12/7/2015 6:30:00 PM,FVG Short,Profit target,$493.88,$7968.84,$6.12,$10.00,$500.00,$6.12,11,
194,NG JAN26,Backtest,FairValueGapStrategyFiltered,Short,1,10.477,10.502,12/8/2015 4:00:00 PM,12/8/2015 5:45:00 PM,FVG Short,Stop loss,($256.12),$7712.72,$6.12,$250.00,$140.00,$396.12,8,
195,NG JAN26,Backtest,FairValueGapStrategyFiltered,Short,1,10.469,10.494,12/10/2015 4:00:00 PM,12/10/2015 4:30:00 PM,FVG Short,Stop loss,($256.12),$7456.60,$6.12,$250.00,$0.00,$256.12,3,
196,NG JAN26,Backtest,FairValueGapStrategyFiltered,Short,1,10.398,10.423,12/11/2015 4:00:00 PM,12/11/2015 5:30:00 PM,FVG Short,Stop loss,($256.12),$7200.48,$6.12,$250.00,$40.00,$296.12,7,
197,NG JAN26,Backtest,FairValueGapStrategyFiltered,Short,1,10.301,10.320,12/14/2015 4:00:00 PM,12/14/2015 8:05:00 PM,FVG Short,Exit on session close,($196.12),$7004.36,$6.12,$210.00,$80.00,$276.12,18,
198,NG JAN26,Backtest,FairValueGapStrategyFiltered,Short,1,10.283,10.259,12/15/2015 4:00:00 PM,12/15/2015 8:05:00 PM,FVG Short,Exit on session close,$233.88,$7238.24,$6.12,$10.00,$330.00,$96.12,18,
199,NG JAN26,Backtest,FairValueGapStrategyFiltered,Short,1,10.236,10.211,12/16/2015 4:00:00 PM,12/16/2015 8:05:00 PM,FVG Short,Exit on session close,$243.88,$7482.12,$6.12,$120.00,$300.00,$56.12,18,
200,NG JAN26,Backtest,FairValueGapStrategyFiltered,Short,1,10.311,10.336,12/22/2015 4:00:00 PM,12/22/2015 4:30:00 PM,FVG Short,Stop loss,($256.12),$7226.00,$6.12,$250.00,$0.00,$256.12,3,
201,NG JAN26,Backtest,FairValueGapStrategyFiltered,Short,1,10.693,10.655,1/12/2016 4:00:00 PM,1/12/2016 8:05:00 PM,FVG Short,Exit on session close,$373.88,$7599.88,$6.12,$50.00,$490.00,$116.12,18,
202,NG JAN26,Backtest,FairValueGapStrategyFiltered,Short,1,10.581,10.606,1/14/2016 4:00:00 PM,1/14/2016 4:30:00 PM,FVG Short,Stop loss,($256.12),$7343.76,$6.12,$250.00,$30.00,$286.12,3,
203,NG JAN26,Backtest,FairValueGapStrategyFiltered,Short,1,10.467,10.492,1/25/2016 4:00:00 PM,1/25/2016 6:00:00 PM,FVG Short,Stop loss,($256.12),$7087.64,$6.12,$250.00,$90.00,$346.12,9,
204,NG JAN26,Backtest,FairValueGapStrategyFiltered,Short,1,10.491,10.516,1/28/2016 4:00:00 PM,1/28/2016 4:45:00 PM,FVG Short,Stop loss,($256.12),$6831.52,$6.12,$250.00,$80.00,$336.12,4,
205,NG JAN26,Backtest,FairValueGapStrategyFiltered,Short,1,10.377,10.402,2/2/2016 4:00:00 PM,2/2/2016 8:00:00 PM,FVG Short,Stop loss,($256.12),$6575.40,$6.12,$250.00,$250.00,$506.12,17,
206,NG JAN26,Backtest,FairValueGapStrategyFiltered,Short,1,10.371,10.396,2/4/2016 4:00:00 PM,2/4/2016 4:45:00 PM,FVG Short,Stop loss,($256.12),$6319.28,$6.12,$250.00,$70.00,$326.12,4,
207,NG JAN26,Backtest,FairValueGapStrategyFiltered,Short,1,10.484,10.509,2/9/2016 4:00:00 PM,2/9/2016 4:15:00 PM,FVG Short,Stop loss,($256.12),$6063.16,$6.12,$250.00,$10.00,$266.12,2,
208,NG JAN26,Backtest,FairValueGapStrategyFiltered,Short,1,10.432,10.421,2/10/2016 4:00:00 PM,2/10/2016 8:05:00 PM,FVG Short,Exit on session close,$103.88,$6167.04,$6.12,$20.00,$390.00,$286.12,18,
209,NG JAN26,Backtest,FairValueGapStrategyFiltered,Short,1,10.272,10.285,2/16/2016 4:00:00 PM,2/16/2016 8:05:00 PM,FVG Short,Exit on session close,($136.12),$6030.92,$6.12,$130.00,$170.00,$306.12,18,
210,NG JAN26,Backtest,FairValueGapStrategyFiltered,Short,1,10.263,10.288,2/18/2016 4:00:00 PM,2/18/2016 6:30:00 PM,FVG Short,Stop loss,($256.12),$5774.80,$6.12,$250.00,$210.00,$466.12,11,
211,NG JAN26,Backtest,FairValueGapStrategyFiltered,Short,1,10.210,10.185,2/19/2016 4:00:00 PM,2/19/2016 8:05:00 PM,FVG Short,Exit on session close,$243.88,$6018.68,$6.12,$0.00,$400.00,$156.12,18,
212,NG JAN26,Backtest,FairValueGapStrategyFiltered,Short,1,10.111,10.101,2/25/2016 4:00:00 PM,2/25/2016 8:05:00 PM,FVG Short,Exit on session close,$93.88,$6112.56,$6.12,$100.00,$500.00,$406.12,18,
213,NG JAN26,Backtest,FairValueGapStrategyFiltered,Short,1,10.074,10.085,2/26/2016 4:00:00 PM,2/26/2016 8:05:00 PM,FVG Short,Exit on session close,($116.12),$5996.44,$6.12,$130.00,$290.00,$406.12,18,
214,NG JAN26,Backtest,FairValueGapStrategyFiltered,Short,1,10.024,10.049,2/29/2016 4:00:00 PM,2/29/2016 5:15:00 PM,FVG Short,Stop loss,($256.12),$5740.32,$6.12,$250.00,$50.00,$306.12,6,
215,NG JAN26,Backtest,FairValueGapStrategyFiltered,Short,1,10.022,10.047,3/1/2016 4:00:00 PM,3/1/2016 7:15:00 PM,FVG Short,Stop loss,($256.12),$5484.20,$6.12,$250.00,$230.00,$486.12,14,
216,NG JAN26,Backtest,FairValueGapStrategyFiltered,Short,1,10.002,10.027,3/2/2016 4:00:00 PM,3/2/2016 4:15:00 PM,FVG Short,Stop loss,($256.12),$5228.08,$6.12,$250.00,$70.00,$326.12,2,
217,NG JAN26,Backtest,FairValueGapStrategyFiltered,Short,1,9.956,9.981,3/3/2016 4:00:00 PM,3/3/2016 4:45:00 PM,FVG Short,Stop loss,($256.12),$4971.96,$6.12,$250.00,$60.00,$316.12,4,
218,NG JAN26,Backtest,FairValueGapStrategyFiltered,Short,1,9.953,9.978,3/4/2016 4:00:00 PM,3/4/2016 5:30:00 PM,FVG Short,Stop loss,($256.12),$4715.84,$6.12,$250.00,$60.00,$316.12,7,
219,NG JAN26,Backtest,FairValueGapStrategyFiltered,Short,1,10.159,10.154,4/6/2016 4:00:00 PM,4/6/2016 8:05:00 PM,FVG Short,Exit on session close,$43.88,$4759.72,$6.12,$130.00,$190.00,$146.12,18,
220,NG JAN26,Backtest,FairValueGapStrategyFiltered,Short,1,10.163,10.161,4/11/2016 4:00:00 PM,4/11/2016 8:05:00 PM,FVG Short,Exit on session close,$13.88,$4773.60,$6.12,$40.00,$140.00,$126.12,18,
221,NG JAN26,Backtest,FairValueGapStrategyFiltered,Short,1,10.145,10.170,4/15/2016 4:00:00 PM,4/15/2016 6:45:00 PM,FVG Short,Stop loss,($256.12),$4517.48,$6.12,$250.00,$60.00,$316.12,12,
222,NG JAN26,Backtest,FairValueGapStrategyFiltered,Short,1,10.227,10.252,4/27/2016 4:00:00 PM,4/27/2016 7:15:00 PM,FVG Short,Stop loss,($256.12),$4261.36,$6.12,$250.00,$180.00,$436.12,14,
223,NG JAN26,Backtest,FairValueGapStrategyFiltered,Short,1,10.192,10.182,4/28/2016 4:00:00 PM,4/28/2016 8:05:00 PM,FVG Short,Exit on session close,$93.88,$4355.24,$6.12,$150.00,$200.00,$106.12,18,
224,NG JAN26,Backtest,FairValueGapStrategyFiltered,Short,1,10.208,10.158,5/2/2016 4:00:00 PM,5/2/2016 8:00:00 PM,FVG Short,Profit target,$493.88,$4849.12,$6.12,$20.00,$500.00,$6.12,17,
225,NG JAN26,Backtest,FairValueGapStrategyFiltered,Short,1,10.220,10.170,5/5/2016 4:00:00 PM,5/5/2016 7:45:00 PM,FVG Short,Profit target,$493.88,$5343.00,$6.12,$130.00,$500.00,$6.12,16,
226,NG JAN26,Backtest,FairValueGapStrategyFiltered,Short,1,10.201,10.226,5/13/2016 4:00:00 PM,5/13/2016 5:00:00 PM,FVG Short,Stop loss,($256.12),$5086.88,$6.12,$250.00,$40.00,$296.12,5,
227,NG JAN26,Backtest,FairValueGapStrategyFiltered,Short,1,10.135,10.125,5/16/2016 4:00:00 PM,5/16/2016 8:05:00 PM,FVG Short,Exit on session close,$93.88,$5180.76,$6.12,$100.00,$110.00,$16.12,18,
228,NG JAN26,Backtest,FairValueGapStrategyFiltered,Short,1,10.113,10.097,5/18/2016 4:00:00 PM,5/18/2016 8:05:00 PM,FVG Short,Exit on session close,$153.88,$5334.64,$6.12,$140.00,$180.00,$26.12,18,
229,NG JAN26,Backtest,FairValueGapStrategyFiltered,Short,1,10.087,10.112,5/19/2016 4:00:00 PM,5/19/2016 5:15:00 PM,FVG Short,Stop loss,($256.12),$5078.52,$6.12,$250.00,$340.00,$596.12,6,
230,NG JAN26,Backtest,FairValueGapStrategyFiltered,Short,1,10.120,10.105,5/24/2016 4:00:00 PM,5/24/2016 8:05:00 PM,FVG Short,Exit on session close,$143.88,$5222.40,$6.12,$30.00,$230.00,$86.12,18,
231,NG JAN26,Backtest,FairValueGapStrategyFiltered,Short,1,10.679,10.704,7/6/2016 4:00:00 PM,7/6/2016 6:45:00 PM,FVG Short,Stop loss,($256.12),$4966.28,$6.12,$250.00,$220.00,$476.12,12,
232,NG JAN26,Backtest,FairValueGapStrategyFiltered,Short,1,10.623,10.648,7/15/2016 4:00:00 PM,7/15/2016 6:00:00 PM,FVG Short,Stop loss,($256.12),$4710.16,$6.12,$250.00,$240.00,$496.12,9,
233,NG JAN26,Backtest,FairValueGapStrategyFiltered,Short,1,10.588,10.613,7/20/2016 4:00:00 PM,7/20/2016 4:45:00 PM,FVG Short,Stop loss,($256.12),$4454.04,$6.12,$250.00,$50.00,$306.12,4,
234,NG JAN26,Backtest,FairValueGapStrategyFiltered,Short,1,10.576,10.601,7/21/2016 4:00:00 PM,7/21/2016 4:45:00 PM,FVG Short,Stop loss,($256.12),$4197.92,$6.12,$250.00,$30.00,$286.12,4,
235,NG JAN26,Backtest,FairValueGapStrategyFiltered,Short,1,10.605,10.630,7/26/2016 4:00:00 PM,7/26/2016 4:15:00 PM,FVG Short,Stop loss,($256.12),$3941.80,$6.12,$250.00,$60.00,$316.12,2,
236,NG JAN26,Backtest,FairValueGapStrategyFiltered,Short,1,10.663,10.688,8/8/2016 4:00:00 PM,8/8/2016 6:30:00 PM,FVG Short,Stop loss,($256.12),$3685.68,$6.12,$250.00,$70.00,$326.12,11,
237,NG JAN26,Backtest,FairValueGapStrategyFiltered,Short,1,10.634,10.584,8/9/2016 4:00:00 PM,8/9/2016 6:30:00 PM,FVG Short,Profit target,$493.88,$4179.56,$6.12,$180.00,$500.00,$6.12,11,
238,NG JAN26,Backtest,FairValueGapStrategyFiltered,Short,1,10.565,10.515,8/10/2016 4:00:00 PM,8/10/2016 6:45:00 PM,FVG Short,Profit target,$493.88,$4673.44,$6.12,$150.00,$500.00,$6.12,12,
239,NG JAN26,Backtest,FairValueGapStrategyFiltered,Short,1,10.537,10.562,8/19/2016 4:00:00 PM,8/19/2016 7:15:00 PM,FVG Short,Stop loss,($256.12),$4417.32,$6.12,$250.00,$70.00,$326.12,14,
240,NG JAN26,Backtest,FairValueGapStrategyFiltered,Short,1,10.661,10.638,9/6/2016 4:00:00 PM,9/6/2016 8:05:00 PM,FVG Short,Exit on session close,$223.88,$4641.20,$6.12,$140.00,$290.00,$66.12,18,
241,NG JAN26,Backtest,FairValueGapStrategyFiltered,Short,1,10.827,10.845,9/28/2016 4:00:00 PM,9/28/2016 8:05:00 PM,FVG Short,Exit on session close,($186.12),$4455.08,$6.12,$190.00,$270.00,$456.12,18,
242,NG JAN26,Backtest,FairValueGapStrategyFiltered,Short,1,10.789,10.758,9/30/2016 4:00:00 PM,9/30/2016 8:05:00 PM,FVG Short,Exit on session close,$303.88,$4758.96,$6.12,$0.00,$410.00,$106.12,18,
243,NG JAN26,Backtest,FairValueGapStrategyFiltered,Short,1,10.725,10.750,10/3/2016 4:00:00 PM,10/3/2016 5:00:00 PM,FVG Short,Stop loss,($256.12),$4502.84,$6.12,$250.00,$30.00,$286.12,5,
244,NG JAN26,Backtest,FairValueGapStrategyFiltered,Short,1,10.744,10.769,10/4/2016 4:00:00 PM,10/4/2016 5:30:00 PM,FVG Short,Stop loss,($256.12),$4246.72,$6.12,$250.00,$70.00,$326.12,7,
245,NG JAN26,Backtest,FairValueGapStrategyFiltered,Short,1,11.036,11.019,10/19/2016 4:00:00 PM,10/19/2016 8:05:00 PM,FVG Short,Exit on session close,$163.88,$4410.60,$6.12,$50.00,$300.00,$136.12,18,
246,NG JAN26,Backtest,FairValueGapStrategyFiltered,Short,1,10.909,10.859,10/21/2016 4:00:00 PM,10/21/2016 7:45:00 PM,FVG Short,Profit target,$493.88,$4904.48,$6.12,$50.00,$500.00,$6.12,16,
247,NG JAN26,Backtest,FairValueGapStrategyFiltered,Short,1,10.811,10.812,10/24/2016 4:00:00 PM,10/24/2016 8:05:00 PM,FVG Short,Exit on session close,($16.12),$4888.36,$6.12,$100.00,$310.00,$326.12,18,
248,NG JAN26,Backtest,FairValueGapStrategyFiltered,Short,1,10.663,10.688,10/25/2016 4:00:00 PM,10/25/2016 5:00:00 PM,FVG Short,Stop loss,($256.12),$4632.24,$6.12,$250.00,$280.00,$536.12,5,
249,NG JAN26,Backtest,FairValueGapStrategyFiltered,Short,1,10.575,10.525,10/26/2016 4:00:00 PM,10/26/2016 5:15:00 PM,FVG Short,Profit target,$493.88,$5126.12,$6.12,$220.00,$500.00,$6.12,6,
250,NG JAN26,Backtest,FairValueGapStrategyFiltered,Short,1,10.579,10.529,10/31/2016 3:30:00 PM,10/31/2016 6:30:00 PM,FVG Short,Profit target,$493.88,$5620.00,$6.12,$0.00,$500.00,$6.12,13,
251,NG JAN26,Backtest,FairValueGapStrategyFiltered,Short,1,10.361,10.386,11/1/2016 3:15:00 PM,11/1/2016 3:15:00 PM,FVG Short,Stop loss,($256.12),$5363.88,$6.12,$250.00,$0.00,$256.12,1,
252,NG JAN26,Backtest,FairValueGapStrategyFiltered,Short,1,10.344,10.294,11/2/2016 3:15:00 PM,11/2/2016 5:30:00 PM,FVG Short,Profit target,$493.88,$5857.76,$6.12,$100.00,$500.00,$6.12,10,
253,NG JAN26,Backtest,FairValueGapStrategyFiltered,Short,1,10.274,10.299,11/3/2016 3:15:00 PM,11/3/2016 3:45:00 PM,FVG Short,Stop loss,($256.12),$5601.64,$6.12,$250.00,$340.00,$596.12,3,
254,NG JAN26,Backtest,FairValueGapStrategyFiltered,Short,1,10.242,10.267,11/4/2016 3:15:00 PM,11/4/2016 4:00:00 PM,FVG Short,Stop loss,($256.12),$5345.52,$6.12,$250.00,$160.00,$416.12,4,
255,NG JAN26,Backtest,FairValueGapStrategyFiltered,Short,1,10.178,10.128,11/8/2016 4:00:00 PM,11/8/2016 5:45:00 PM,FVG Short,Profit target,$493.88,$5839.40,$6.12,$70.00,$500.00,$6.12,8,
256,NG JAN26,Backtest,FairValueGapStrategyFiltered,Short,1,10.060,10.085,11/9/2016 4:00:00 PM,11/9/2016 5:15:00 PM,FVG Short,Stop loss,($256.12),$5583.28,$6.12,$250.00,$250.00,$506.12,6,
257,NG JAN26,Backtest,FairValueGapStrategyFiltered,Short,1,10.064,10.089,11/10/2016 4:00:00 PM,11/10/2016 4:15:00 PM,FVG Short,Stop loss,($256.12),$5327.16,$6.12,$250.00,$20.00,$276.12,2,
258,NG JAN26,Backtest,FairValueGapStrategyFiltered,Short,1,10.184,10.209,11/17/2016 4:00:00 PM,11/17/2016 4:15:00 PM,FVG Short,Stop loss,($256.12),$5071.04,$6.12,$250.00,$60.00,$316.12,2,
259,NG JAN26,Backtest,FairValueGapStrategyFiltered,Short,1,10.658,10.683,12/16/2016 4:00:00 PM,12/16/2016 4:30:00 PM,FVG Short,Stop loss,($256.12),$4814.92,$6.12,$250.00,$20.00,$276.12,3,
260,NG JAN26,Backtest,FairValueGapStrategyFiltered,Short,1,10.578,10.603,12/20/2016 4:00:00 PM,12/20/2016 6:30:00 PM,FVG Short,Stop loss,($256.12),$4558.80,$6.12,$250.00,$340.00,$596.12,11,
261,NG JAN26,Backtest,FairValueGapStrategyFiltered,Short,1,10.731,10.681,1/3/2017 4:00:00 PM,1/3/2017 5:30:00 PM,FVG Short,Profit target,$493.88,$5052.68,$6.12,$120.00,$500.00,$6.12,7,
262,NG JAN26,Backtest,FairValueGapStrategyFiltered,Short,1,10.564,10.589,1/4/2017 4:00:00 PM,1/4/2017 4:15:00 PM,FVG Short,Stop loss,($256.12),$4796.56,$6.12,$250.00,$10.00,$266.12,2,
263,NG JAN26,Backtest,FairValueGapStrategyFiltered,Short,1,10.413,10.394,1/9/2017 4:00:00 PM,1/9/2017 8:05:00 PM,FVG Short,Exit on session close,$183.88,$4980.44,$6.12,$200.00,$200.00,$16.12,18,
264,NG JAN26,Backtest,FairValueGapStrategyFiltered,Short,1,10.552,10.577,1/19/2017 4:00:00 PM,1/19/2017 4:45:00 PM,FVG Short,Stop loss,($256.12),$4724.32,$6.12,$250.00,$30.00,$286.12,4,
265,NG JAN26,Backtest,FairValueGapStrategyFiltered,Short,1,10.591,10.616,1/20/2017 4:00:00 PM,1/20/2017 5:45:00 PM,FVG Short,Stop loss,($256.12),$4468.20,$6.12,$250.00,$160.00,$416.12,8,
266,NG JAN26,Backtest,FairValueGapStrategyFiltered,Short,1,10.616,10.641,1/27/2017 4:00:00 PM,1/27/2017 7:15:00 PM,FVG Short,Stop loss,($256.12),$4212.08,$6.12,$250.00,$330.00,$586.12,14,
267,NG JAN26,Backtest,FairValueGapStrategyFiltered,Short,1,10.549,10.534,1/30/2017 4:00:00 PM,1/30/2017 8:05:00 PM,FVG Short,Exit on session close,$143.88,$4355.96,$6.12,$60.00,$260.00,$116.12,18,
268,NG JAN26,Backtest,FairValueGapStrategyFiltered,Short,1,10.421,10.446,1/31/2017 4:00:00 PM,1/31/2017 6:30:00 PM,FVG Short,Stop loss,($256.12),$4099.84,$6.12,$250.00,$10.00,$266.12,11,
269,NG JAN26,Backtest,FairValueGapStrategyFiltered,Short,1,10.420,10.445,2/2/2017 4:00:00 PM,2/2/2017 4:45:00 PM,FVG Short,Stop loss,($256.12),$3843.72,$6.12,$250.00,$100.00,$356.12,4,
270,NG JAN26,Backtest,FairValueGapStrategyFiltered,Short,1,10.372,10.357,2/3/2017 4:00:00 PM,2/3/2017 8:05:00 PM,FVG Short,Exit on session close,$143.88,$3987.60,$6.12,$120.00,$360.00,$216.12,18,
271,NG JAN26,Backtest,FairValueGapStrategyFiltered,Short,1,10.329,10.354,2/6/2017 4:00:00 PM,2/6/2017 6:15:00 PM,FVG Short,Stop loss,($256.12),$3731.48,$6.12,$250.00,$140.00,$396.12,10,
272,NG JAN26,Backtest,FairValueGapStrategyFiltered,Short,1,10.325,10.335,2/10/2017 4:00:00 PM,2/10/2017 8:05:00 PM,FVG Short,Exit on session close,($106.12),$3625.36,$6.12,$220.00,$90.00,$196.12,18,
273,NG JAN26,Backtest,FairValueGapStrategyFiltered,Short,1,10.280,10.243,2/13/2017 4:00:00 PM,2/13/2017 8:05:00 PM,FVG Short,Exit on session close,$363.88,$3989.24,$6.12,$10.00,$430.00,$66.12,18,
274,NG JAN26,Backtest,FairValueGapStrategyFiltered,Short,1,10.227,10.183,2/14/2017 4:00:00 PM,2/14/2017 8:05:00 PM,FVG Short,Exit on session close,$433.88,$4423.12,$6.12,$160.00,$460.00,$26.12,18,
275,NG JAN26,Backtest,FairValueGapStrategyFiltered,Short,1,10.193,10.143,2/16/2017 4:00:00 PM,2/16/2017 5:45:00 PM,FVG Short,Profit target,$493.88,$4917.00,$6.12,$200.00,$500.00,$6.12,8,
276,NG JAN26,Backtest,FairValueGapStrategyFiltered,Short,1,9.948,9.898,2/21/2017 4:00:00 PM,2/21/2017 7:15:00 PM,FVG Short,Profit target,$493.88,$5410.88,$6.12,$130.00,$500.00,$6.12,14,
277,NG JAN26,Backtest,FairValueGapStrategyFiltered,Short,1,9.862,9.867,2/27/2017 4:00:00 PM,2/27/2017 8:05:00 PM,FVG Short,Exit on session close,($56.12),$5354.76,$6.12,$150.00,$60.00,$116.12,18,
278,NG JAN26,Backtest,FairValueGapStrategyFiltered,Short,1,10.091,10.116,3/16/2017 3:15:00 PM,3/16/2017 4:15:00 PM,FVG Short,Stop loss,($256.12),$5098.64,$6.12,$250.00,$240.00,$496.12,5,
279,NG JAN26,Backtest,FairValueGapStrategyFiltered,Short,1,10.304,10.264,4/11/2017 4:00:00 PM,4/11/2017 8:05:00 PM,FVG Short,Exit on session close,$393.88,$5492.52,$6.12,$90.00,$440.00,$46.12,18,
280,NG JAN26,Backtest,FairValueGapStrategyFiltered,Short,1,10.298,10.323,4/17/2017 4:00:00 PM,4/17/2017 4:15:00 PM,FVG Short,Stop loss,($256.12),$5236.40,$6.12,$250.00,$10.00,$266.12,2,
281,NG JAN26,Backtest,FairValueGapStrategyFiltered,Short,1,10.174,10.199,4/24/2017 4:00:00 PM,4/24/2017 5:45:00 PM,FVG Short,Stop loss,($256.12),$4980.28,$6.12,$250.00,$190.00,$446.12,8,
282,NG JAN26,Backtest,FairValueGapStrategyFiltered,Short,1,10.177,10.169,4/25/2017 4:00:00 PM,4/25/2017 8:05:00 PM,FVG Short,Exit on session close,$73.88,$5054.16,$6.12,$20.00,$250.00,$176.12,18,
283,NG JAN26,Backtest,FairValueGapStrategyFiltered,Short,1,10.266,10.291,4/27/2017 4:00:00 PM,4/27/2017 4:45:00 PM,FVG Short,Stop loss,($256.12),$4798.04,$6.12,$250.00,$240.00,$496.12,4,
284,NG JAN26,Backtest,FairValueGapStrategyFiltered,Short,1,10.207,10.200,5/8/2017 4:00:00 PM,5/8/2017 8:05:00 PM,FVG Short,Exit on session close,$63.88,$4861.92,$6.12,$80.00,$400.00,$336.12,18,
285,NG JAN26,Backtest,FairValueGapStrategyFiltered,Short,1,10.225,10.250,5/24/2017 4:00:00 PM,5/24/2017 5:45:00 PM,FVG Short,Stop loss,($256.12),$4605.80,$6.12,$250.00,$160.00,$416.12,8,
286,NG JAN26,Backtest,FairValueGapStrategyFiltered,Short,1,10.103,10.086,5/30/2017 4:00:00 PM,5/30/2017 8:05:00 PM,FVG Short,Exit on session close,$163.88,$4769.68,$6.12,$60.00,$250.00,$86.12,18,
287,NG JAN26,Backtest,FairValueGapStrategyFiltered,Short,1,10.039,9.999,5/31/2017 4:00:00 PM,5/31/2017 8:05:00 PM,FVG Short,Exit on session close,$393.88,$5163.56,$6.12,$20.00,$430.00,$36.12,18,
288,NG JAN26,Backtest,FairValueGapStrategyFiltered,Short,1,9.933,9.929,6/5/2017 4:00:00 PM,6/5/2017 8:05:00 PM,FVG Short,Exit on session close,$33.88,$5197.44,$6.12,$210.00,$300.00,$266.12,18,
289,NG JAN26,Backtest,FairValueGapStrategyFiltered,Short,1,9.949,9.974,6/8/2017 4:00:00 PM,6/8/2017 4:45:00 PM,FVG Short,Stop loss,($256.12),$4941.32,$6.12,$250.00,$130.00,$386.12,4,
290,NG JAN26,Backtest,FairValueGapStrategyFiltered,Short,1,9.884,9.909,6/14/2017 4:00:00 PM,6/14/2017 4:15:00 PM,FVG Short,Stop loss,($256.12),$4685.20,$6.12,$250.00,$20.00,$276.12,2,
291,NG JAN26,Backtest,FairValueGapStrategyFiltered,Short,1,9.834,9.838,6/19/2017 4:00:00 PM,6/19/2017 8:05:00 PM,FVG Short,Exit on session close,($46.12),$4639.08,$6.12,$180.00,$100.00,$146.12,18,
292,NG JAN26,Backtest,FairValueGapStrategyFiltered,Short,1,9.825,9.838,6/20/2017 4:00:00 PM,6/20/2017 8:05:00 PM,FVG Short,Exit on session close,($136.12),$4502.96,$6.12,$210.00,$50.00,$186.12,18,
293,NG JAN26,Backtest,FairValueGapStrategyFiltered,Short,1,9.817,9.767,7/5/2017 4:00:00 PM,7/5/2017 5:45:00 PM,FVG Short,Profit target,$493.88,$4996.84,$6.12,$50.00,$500.00,$6.12,8,
294,NG JAN26,Backtest,FairValueGapStrategyFiltered,Short,1,9.865,9.890,7/13/2017 4:00:00 PM,7/13/2017 4:30:00 PM,FVG Short,Stop loss,($256.12),$4740.72,$6.12,$250.00,$30.00,$286.12,3,
295,NG JAN26,Backtest,FairValueGapStrategyFiltered,Short,1,9.853,9.803,7/24/2017 4:00:00 PM,7/24/2017 5:15:00 PM,FVG Short,Profit target,$493.88,$5234.60,$6.12,$80.00,$500.00,$6.12,6,
296,NG JAN26,Backtest,FairValueGapStrategyFiltered,Short,1,9.767,9.717,7/31/2017 4:00:00 PM,7/31/2017 7:15:00 PM,FVG Short,Profit target,$493.88,$5728.48,$6.12,$0.00,$500.00,$6.12,14,
297,NG JAN26,Backtest,FairValueGapStrategyFiltered,Short,1,9.706,9.703,8/4/2017 4:00:00 PM,8/4/2017 8:05:00 PM,FVG Short,Exit on session close,$23.88,$5752.36,$6.12,$70.00,$200.00,$176.12,18,
298,NG JAN26,Backtest,FairValueGapStrategyFiltered,Short,1,9.705,9.730,8/8/2017 4:00:00 PM,8/8/2017 5:30:00 PM,FVG Short,Stop loss,($256.12),$5496.24,$6.12,$250.00,$20.00,$276.12,7,
299,NG JAN26,Backtest,FairValueGapStrategyFiltered,Short,1,9.807,9.832,8/21/2017 4:00:00 PM,8/21/2017 4:00:00 PM,FVG Short,Stop loss,($256.12),$5240.12,$6.12,$250.00,$0.00,$256.12,1,
300,NG JAN26,Backtest,FairValueGapStrategyFiltered,Short,1,9.828,9.853,8/23/2017 4:00:00 PM,8/23/2017 4:45:00 PM,FVG Short,Stop loss,($256.12),$4984.00,$6.12,$250.00,$30.00,$286.12,4,
301,NG JAN26,Backtest,FairValueGapStrategyFiltered,Short,1,9.833,9.822,8/25/2017 4:00:00 PM,8/25/2017 8:05:00 PM,FVG Short,Exit on session close,$103.88,$5087.88,$6.12,$60.00,$270.00,$166.12,18,
302,NG JAN26,Backtest,FairValueGapStrategyFiltered,Short,1,9.841,9.838,8/30/2017 4:00:00 PM,8/30/2017 8:05:00 PM,FVG Short,Exit on session close,$23.88,$5111.76,$6.12,$30.00,$210.00,$186.12,18,
303,NG JAN26,Backtest,FairValueGapStrategyFiltered,Short,1,9.812,9.837,8/31/2017 4:00:00 PM,8/31/2017 5:00:00 PM,FVG Short,Stop loss,($256.12),$4855.64,$6.12,$250.00,$20.00,$276.12,5,
304,NG JAN26,Backtest,FairValueGapStrategyFiltered,Short,1,9.818,9.787,9/8/2017 4:00:00 PM,9/8/2017 8:05:00 PM,FVG Short,Exit on session close,$303.88,$5159.52,$6.12,$100.00,$400.00,$96.12,18,
305,NG JAN26,Backtest,FairValueGapStrategyFiltered,Short,1,9.918,9.868,9/21/2017 4:00:00 PM,9/21/2017 5:00:00 PM,FVG Short,Profit target,$493.88,$5653.40,$6.12,$90.00,$500.00,$6.12,5,
306,NG JAN26,Backtest,FairValueGapStrategyFiltered,Short,1,9.842,9.812,9/25/2017 4:00:00 PM,9/25/2017 8:05:00 PM,FVG Short,Exit on session close,$293.88,$5947.28,$6.12,$60.00,$360.00,$66.12,18,
307,NG JAN26,Backtest,FairValueGapStrategyFiltered,Short,1,9.868,9.893,9/28/2017 4:00:00 PM,9/28/2017 4:45:00 PM,FVG Short,Stop loss,($256.12),$5691.16,$6.12,$250.00,$190.00,$446.12,4,
308,NG JAN26,Backtest,FairValueGapStrategyFiltered,Short,1,9.833,9.850,9/29/2017 4:00:00 PM,9/29/2017 8:05:00 PM,FVG Short,Exit on session close,($176.12),$5515.04,$6.12,$230.00,$60.00,$236.12,18,
309,NG JAN26,Backtest,FairValueGapStrategyFiltered,Short,1,9.748,9.728,10/2/2017 4:00:00 PM,10/2/2017 8:05:00 PM,FVG Short,Exit on session close,$193.88,$5708.92,$6.12,$80.00,$320.00,$126.12,18,
310,NG JAN26,Backtest,FairValueGapStrategyFiltered,Short,1,9.724,9.692,10/6/2017 4:00:00 PM,10/6/2017 8:05:00 PM,FVG Short,Exit on session close,$313.88,$6022.80,$6.12,$100.00,$410.00,$96.12,18,
311,NG JAN26,Backtest,FairValueGapStrategyFiltered,Short,1,9.725,9.688,10/18/2017 4:00:00 PM,10/18/2017 8:05:00 PM,FVG Short,Exit on session close,$363.88,$6386.68,$6.12,$30.00,$410.00,$46.12,18,
312,NG JAN26,Backtest,FairValueGapStrategyFiltered,Short,1,9.735,9.721,10/25/2017 4:00:00 PM,10/25/2017 8:05:00 PM,FVG Short,Exit on session close,$133.88,$6520.56,$6.12,$180.00,$160.00,$26.12,18,
313,NG JAN26,Backtest,FairValueGapStrategyFiltered,Short,1,9.686,9.691,10/26/2017 4:00:00 PM,10/26/2017 8:05:00 PM,FVG Short,Exit on session close,($56.12),$6464.44,$6.12,$210.00,$90.00,$146.12,18,
314,NG JAN26,Backtest,FairValueGapStrategyFiltered,Short,1,9.604,9.588,10/27/2017 4:00:00 PM,10/27/2017 8:05:00 PM,FVG Short,Exit on session close,$153.88,$6618.32,$6.12,$70.00,$280.00,$126.12,18,
315,NG JAN26,Backtest,FairValueGapStrategyFiltered,Short,1,9.538,9.519,10/31/2017 3:15:00 PM,10/31/2017 7:05:00 PM,FVG Short,Exit on session close,$183.88,$6802.20,$6.12,$130.00,$250.00,$66.12,17,
316,NG JAN26,Backtest,FairValueGapStrategyFiltered,Short,1,9.506,9.518,11/1/2017 3:15:00 PM,11/1/2017 7:05:00 PM,FVG Short,Exit on session close,($126.12),$6676.08,$6.12,$200.00,$100.00,$226.12,17,
317,NG JAN26,Backtest,FairValueGapStrategyFiltered,Short,1,9.676,9.701,11/20/2017 4:00:00 PM,11/20/2017 4:30:00 PM,FVG Short,Stop loss,($256.12),$6419.96,$6.12,$250.00,$0.00,$256.12,3,
318,NG JAN26,Backtest,FairValueGapStrategyFiltered,Short,1,9.597,9.622,11/22/2017 4:00:00 PM,11/22/2017 6:45:00 PM,FVG Short,Stop loss,($256.12),$6163.84,$6.12,$250.00,$90.00,$346.12,12,
319,NG JAN26,Backtest,FairValueGapStrategyFiltered,Short,1,9.530,9.480,11/24/2017 4:00:00 PM,11/24/2017 6:00:00 PM,FVG Short,Profit target,$493.88,$6657.72,$6.12,$50.00,$500.00,$6.12,9,
320,NG JAN26,Backtest,FairValueGapStrategyFiltered,Short,1,9.622,9.572,11/30/2017 4:00:00 PM,11/30/2017 7:15:00 PM,FVG Short,Profit target,$493.88,$7151.60,$6.12,$50.00,$500.00,$6.12,14,
321,NG JAN26,Backtest,FairValueGapStrategyFiltered,Short,1,9.554,9.504,12/4/2017 4:00:00 PM,12/4/2017 5:45:00 PM,FVG Short,Profit target,$493.88,$7645.48,$6.12,$80.00,$500.00,$6.12,8,
322,NG JAN26,Backtest,FairValueGapStrategyFiltered,Short,1,9.449,9.439,12/5/2017 4:00:00 PM,12/5/2017 8:05:00 PM,FVG Short,Exit on session close,$93.88,$7739.36,$6.12,$170.00,$400.00,$306.12,18,
323,NG JAN26,Backtest,FairValueGapStrategyFiltered,Short,1,9.349,9.299,12/7/2017 4:00:00 PM,12/7/2017 6:15:00 PM,FVG Short,Profit target,$493.88,$8233.24,$6.12,$0.00,$500.00,$6.12,10,
324,NG JAN26,Backtest,FairValueGapStrategyFiltered,Short,1,9.229,9.179,12/14/2017 4:00:00 PM,12/14/2017 5:15:00 PM,FVG Short,Profit target,$493.88,$8727.12,$6.12,$150.00,$500.00,$6.12,6,
325,NG JAN26,Backtest,FairValueGapStrategyFiltered,Short,1,9.218,9.168,12/15/2017 4:00:00 PM,12/15/2017 5:45:00 PM,FVG Short,Profit target,$493.88,$9221.00,$6.12,$90.00,$500.00,$6.12,8,
326,NG JAN26,Backtest,FairValueGapStrategyFiltered,Short,1,9.266,9.291,12/19/2017 4:00:00 PM,12/19/2017 4:15:00 PM,FVG Short,Stop loss,($256.12),$8964.88,$6.12,$250.00,$10.00,$266.12,2,
327,NG JAN26,Backtest,FairValueGapStrategyFiltered,Short,1,9.202,9.152,12/20/2017 4:00:00 PM,12/20/2017 5:15:00 PM,FVG Short,Profit target,$493.88,$9458.76,$6.12,$30.00,$500.00,$6.12,6,
328,NG JAN26,Backtest,FairValueGapStrategyFiltered,Short,1,9.320,9.345,1/5/2018 4:00:00 PM,1/5/2018 4:45:00 PM,FVG Short,Stop loss,($256.12),$9202.64,$6.12,$250.00,$50.00,$306.12,4,
329,NG JAN26,Backtest,FairValueGapStrategyFiltered,Short,1,9.911,9.861,2/1/2018 4:00:00 PM,2/1/2018 4:45:00 PM,FVG Short,Profit target,$493.88,$9696.52,$6.12,$70.00,$500.00,$6.12,4,
330,NG JAN26,Backtest,FairValueGapStrategyFiltered,Short,1,9.796,9.746,2/5/2018 4:00:00 PM,2/5/2018 4:30:00 PM,FVG Short,Profit target,$493.88,$10190.40,$6.12,$30.00,$500.00,$6.12,3,
331,NG JAN26,Backtest,FairValueGapStrategyFiltered,Short,1,9.719,9.744,2/6/2018 4:00:00 PM,2/6/2018 5:30:00 PM,FVG Short,Stop loss,($256.12),$9934.28,$6.12,$250.00,$90.00,$346.12,7,
332,NG JAN26,Backtest,FairValueGapStrategyFiltered,Short,1,9.714,9.703,2/7/2018 4:00:00 PM,2/7/2018 8:05:00 PM,FVG Short,Exit on session close,$103.88,$10038.16,$6.12,$140.00,$320.00,$216.12,18,
333,NG JAN26,Backtest,FairValueGapStrategyFiltered,Short,1,9.622,9.572,2/9/2018 4:00:00 PM,2/9/2018 7:00:00 PM,FVG Short,Profit target,$493.88,$10532.04,$6.12,$50.00,$500.00,$6.12,13,
334,NG JAN26,Backtest,FairValueGapStrategyFiltered,Short,1,9.579,9.604,2/14/2018 4:00:00 PM,2/14/2018 4:00:00 PM,FVG Short,Stop loss,($256.12),$10275.92,$6.12,$250.00,$0.00,$256.12,1,
335,NG JAN26,Backtest,FairValueGapStrategyFiltered,Short,1,9.549,9.574,2/15/2018 4:00:00 PM,2/15/2018 4:30:00 PM,FVG Short,Stop loss,($256.12),$10019.80,$6.12,$250.00,$0.00,$256.12,3,
336,NG JAN26,Backtest,FairValueGapStrategyFiltered,Short,1,9.599,9.624,2/23/2018 4:00:00 PM,2/23/2018 6:45:00 PM,FVG Short,Stop loss,($256.12),$9763.68,$6.12,$250.00,$20.00,$276.12,12,
337,NG JAN26,Backtest,FairValueGapStrategyFiltered,Short,1,9.688,9.694,3/14/2018 3:15:00 PM,3/14/2018 7:05:00 PM,FVG Short,Exit on session close,($66.12),$9697.56,$6.12,$80.00,$120.00,$186.12,17,
338,NG JAN26,Backtest,FairValueGapStrategyFiltered,Short,1,9.623,9.618,3/19/2018 3:15:00 PM,3/19/2018 7:05:00 PM,FVG Short,Exit on session close,$43.88,$9741.44,$6.12,$60.00,$120.00,$76.12,17,
339,NG JAN26,Backtest,FairValueGapStrategyFiltered,Short,1,9.628,9.609,3/21/2018 4:00:00 PM,3/21/2018 7:05:00 PM,FVG Short,Exit on session close,$183.88,$9925.32,$6.12,$70.00,$230.00,$46.12,14,
340,NG JAN26,Backtest,FairValueGapStrategyFiltered,Short,1,9.563,9.588,3/23/2018 3:15:00 PM,3/23/2018 4:00:00 PM,FVG Short,Stop loss,($256.12),$9669.20,$6.12,$250.00,$10.00,$266.12,4,
341,NG JAN26,Backtest,FairValueGapStrategyFiltered,Short,1,9.609,9.616,4/2/2018 4:00:00 PM,4/2/2018 8:05:00 PM,FVG Short,Exit on session close,($76.12),$9593.08,$6.12,$100.00,$230.00,$306.12,18,
342,NG JAN26,Backtest,FairValueGapStrategyFiltered,Short,1,9.616,9.630,4/9/2018 4:00:00 PM,4/9/2018 8:05:00 PM,FVG Short,Exit on session close,($146.12),$9446.96,$6.12,$140.00,$400.00,$546.12,18,
343,NG JAN26,Backtest,FairValueGapStrategyFiltered,Short,1,9.601,9.583,4/10/2018 4:00:00 PM,4/10/2018 8:05:00 PM,FVG Short,Exit on session close,$173.88,$9620.84,$6.12,$30.00,$200.00,$26.12,18,
344,NG JAN26,Backtest,FairValueGapStrategyFiltered,Short,1,9.621,9.646,4/19/2018 4:00:00 PM,4/19/2018 4:45:00 PM,FVG Short,Stop loss,($256.12),$9364.72,$6.12,$250.00,$90.00,$346.12,4,
345,NG JAN26,Backtest,FairValueGapStrategyFiltered,Short,1,9.651,9.667,4/30/2018 4:00:00 PM,4/30/2018 8:05:00 PM,FVG Short,Exit on session close,($166.12),$9198.60,$6.12,$170.00,$130.00,$296.12,18,
346,NG JAN26,Backtest,FairValueGapStrategyFiltered,Short,1,9.674,9.662,5/2/2018 4:00:00 PM,5/2/2018 8:05:00 PM,FVG Short,Exit on session close,$113.88,$9312.48,$6.12,$40.00,$190.00,$76.12,18,
347,NG JAN26,Backtest,FairValueGapStrategyFiltered,Short,1,9.638,9.633,5/3/2018 4:00:00 PM,5/3/2018 8:05:00 PM,FVG Short,Exit on session close,$43.88,$9356.36,$6.12,$50.00,$280.00,$236.12,18,
348,NG JAN26,Backtest,FairValueGapStrategyFiltered,Short,1,9.770,9.775,5/29/2018 4:00:00 PM,5/29/2018 8:05:00 PM,FVG Short,Exit on session close,($56.12),$9300.24,$6.12,$70.00,$300.00,$356.12,18,
349,NG JAN26,Backtest,FairValueGapStrategyFiltered,Short,1,9.765,9.760,6/5/2018 4:00:00 PM,6/5/2018 8:05:00 PM,FVG Short,Exit on session close,$43.88,$9344.12,$6.12,$150.00,$90.00,$46.12,18,
350,NG JAN26,Backtest,FairValueGapStrategyFiltered,Short,1,9.763,9.770,6/8/2018 4:00:00 PM,6/8/2018 8:05:00 PM,FVG Short,Exit on session close,($76.12),$9268.00,$6.12,$120.00,$120.00,$196.12,18,
351,NG JAN26,Backtest,FairValueGapStrategyFiltered,Short,1,9.779,9.770,6/19/2018 4:00:00 PM,6/19/2018 8:05:00 PM,FVG Short,Exit on session close,$83.88,$9351.88,$6.12,$80.00,$160.00,$76.12,18,
352,NG JAN26,Backtest,FairValueGapStrategyFiltered,Short,1,9.814,9.839,6/22/2018 4:00:00 PM,6/22/2018 4:30:00 PM,FVG Short,Stop loss,($256.12),$9095.76,$6.12,$250.00,$20.00,$276.12,3,
353,NG JAN26,Backtest,FairValueGapStrategyFiltered,Short,1,9.788,9.800,6/25/2018 4:00:00 PM,6/25/2018 8:05:00 PM,FVG Short,Exit on session close,($126.12),$8969.64,$6.12,$230.00,$20.00,$146.12,18,
354,NG JAN26,Backtest,FairValueGapStrategyFiltered,Short,1,9.745,9.742,7/2/2018 4:00:00 PM,7/2/2018 8:05:00 PM,FVG Short,Exit on session close,$23.88,$8993.52,$6.12,$80.00,$100.00,$76.12,18,
355,NG JAN26,Backtest,FairValueGapStrategyFiltered,Short,1,9.726,9.726,7/5/2018 4:00:00 PM,7/5/2018 8:05:00 PM,FVG Short,Exit on session close,($6.12),$8987.40,$6.12,$140.00,$60.00,$66.12,18,
356,NG JAN26,Backtest,FairValueGapStrategyFiltered,Short,1,9.721,9.711,7/9/2018 4:00:00 PM,7/9/2018 8:05:00 PM,FVG Short,Exit on session close,$93.88,$9081.28,$6.12,$50.00,$210.00,$116.12,18,
357,NG JAN26,Backtest,FairValueGapStrategyFiltered,Short,1,9.695,9.689,7/12/2018 4:00:00 PM,7/12/2018 8:05:00 PM,FVG Short,Exit on session close,$53.88,$9135.16,$6.12,$140.00,$230.00,$176.12,18,
358,NG JAN26,Backtest,FairValueGapStrategyFiltered,Short,1,9.651,9.640,7/13/2018 4:00:00 PM,7/13/2018 8:05:00 PM,FVG Short,Exit on session close,$103.88,$9239.04,$6.12,$40.00,$130.00,$26.12,18,
359,NG JAN26,Backtest,FairValueGapStrategyFiltered,Short,1,9.592,9.617,7/19/2018 4:00:00 PM,7/19/2018 4:45:00 PM,FVG Short,Stop loss,($256.12),$8982.92,$6.12,$250.00,$20.00,$276.12,4,
360,NG JAN26,Backtest,FairValueGapStrategyFiltered,Short,1,9.605,9.610,7/23/2018 4:00:00 PM,7/23/2018 8:05:00 PM,FVG Short,Exit on session close,($56.12),$8926.80,$6.12,$80.00,$60.00,$116.12,18,
361,NG JAN26,Backtest,FairValueGapStrategyFiltered,Short,1,9.853,9.840,8/24/2018 4:00:00 PM,8/24/2018 8:05:00 PM,FVG Short,Exit on session close,$123.88,$9050.68,$6.12,$50.00,$190.00,$66.12,18,
362,NG JAN26,Backtest,FairValueGapStrategyFiltered,Short,1,9.808,9.800,8/27/2018 4:00:00 PM,8/27/2018 8:05:00 PM,FVG Short,Exit on session close,$73.88,$9124.56,$6.12,$30.00,$210.00,$136.12,18,
363,NG JAN26,Backtest,FairValueGapStrategyFiltered,Short,1,9.774,9.768,8/28/2018 4:00:00 PM,8/28/2018 8:05:00 PM,FVG Short,Exit on session close,$53.88,$9178.44,$6.12,$30.00,$200.00,$146.12,18,
364,NG JAN26,Backtest,FairValueGapStrategyFiltered,Short,1,9.784,9.745,9/4/2018 4:00:00 PM,9/4/2018 8:05:00 PM,FVG Short,Exit on session close,$383.88,$9562.32,$6.12,$110.00,$410.00,$26.12,18,
365,NG JAN26,Backtest,FairValueGapStrategyFiltered,Short,1,9.681,9.706,9/10/2018 4:00:00 PM,9/10/2018 5:15:00 PM,FVG Short,Stop loss,($256.12),$9306.20,$6.12,$250.00,$40.00,$296.12,6,
366,NG JAN26,Backtest,FairValueGapStrategyFiltered,Short,1,9.717,9.742,9/11/2018 4:00:00 PM,9/11/2018 7:45:00 PM,FVG Short,Stop loss,($256.12),$9050.08,$6.12,$250.00,$110.00,$366.12,16,
367,NG JAN26,Backtest,FairValueGapStrategyFiltered,Short,1,9.694,9.688,9/14/2018 4:00:00 PM,9/14/2018 8:05:00 PM,FVG Short,Exit on session close,$53.88,$9103.96,$6.12,$60.00,$110.00,$56.12,18,
368,NG JAN26,Backtest,FairValueGapStrategyFiltered,Short,1,10.091,10.067,10/22/2018 4:00:00 PM,10/22/2018 8:05:00 PM,FVG Short,Exit on session close,$233.88,$9337.84,$6.12,$200.00,$270.00,$36.12,18,
369,NG JAN26,Backtest,FairValueGapStrategyFiltered,Short,1,10.026,10.051,10/26/2018 4:00:00 PM,10/26/2018 5:45:00 PM,FVG Short,Stop loss,($256.12),$9081.72,$6.12,$250.00,$160.00,$416.12,8,
370,NG JAN26,Backtest,FairValueGapStrategyFiltered,Short,1,10.015,10.040,10/29/2018 3:15:00 PM,10/29/2018 4:15:00 PM,FVG Short,Stop loss,($256.12),$8825.60,$6.12,$250.00,$110.00,$366.12,5,
371,NG JAN26,Backtest,FairValueGapStrategyFiltered,Short,1,10.075,10.100,10/31/2018 3:30:00 PM,10/31/2018 3:45:00 PM,FVG Short,Stop loss,($256.12),$8569.48,$6.12,$250.00,$40.00,$296.12,2,
372,NG JAN26,Backtest,FairValueGapStrategyFiltered,Short,1,10.067,10.092,11/2/2018 3:15:00 PM,11/2/2018 5:15:00 PM,FVG Short,Stop loss,($256.12),$8313.36,$6.12,$250.00,$120.00,$376.12,9,
373,NG JAN26,Backtest,FairValueGapStrategyFiltered,Short,1,11.030,11.055,11/26/2018 4:00:00 PM,11/26/2018 4:00:00 PM,FVG Short,Stop loss,($256.12),$8057.24,$6.12,$250.00,$0.00,$256.12,1,
374,NG JAN26,Backtest,FairValueGapStrategyFiltered,Short,1,11.031,10.981,11/27/2018 4:00:00 PM,11/27/2018 4:15:00 PM,FVG Short,Profit target,$493.88,$8551.12,$6.12,$30.00,$500.00,$6.12,2,
375,NG JAN26,Backtest,FairValueGapStrategyFiltered,Short,1,11.162,11.187,12/3/2018 4:00:00 PM,12/3/2018 4:00:00 PM,FVG Short,Stop loss,($256.12),$8295.00,$6.12,$250.00,$0.00,$256.12,1,
376,NG JAN26,Backtest,FairValueGapStrategyFiltered,Short,1,11.144,11.169,12/6/2018 4:00:00 PM,12/6/2018 4:15:00 PM,FVG Short,Stop loss,($256.12),$8038.88,$6.12,$250.00,$140.00,$396.12,2,
377,NG JAN26,Backtest,FairValueGapStrategyFiltered,Short,1,11.257,11.207,12/11/2018 4:00:00 PM,12/11/2018 4:15:00 PM,FVG Short,Profit target,$493.88,$8532.76,$6.12,$60.00,$500.00,$6.12,2,
378,NG JAN26,Backtest,FairValueGapStrategyFiltered,Short,1,11.036,11.061,12/12/2018 4:00:00 PM,12/12/2018 4:15:00 PM,FVG Short,Stop loss,($256.12),$8276.64,$6.12,$250.00,$40.00,$296.12,2,
379,NG JAN26,Backtest,FairValueGapStrategyFiltered,Short,1,10.761,10.711,12/14/2018 4:00:00 PM,12/14/2018 5:15:00 PM,FVG Short,Profit target,$493.88,$8770.52,$6.12,$230.00,$500.00,$6.12,6,
380,NG JAN26,Backtest,FairValueGapStrategyFiltered,Short,1,10.525,10.475,12/17/2018 4:00:00 PM,12/17/2018 5:15:00 PM,FVG Short,Profit target,$493.88,$9264.40,$6.12,$70.00,$500.00,$6.12,6,
381,NG JAN26,Backtest,FairValueGapStrategyFiltered,Short,1,10.425,10.450,12/19/2018 4:00:00 PM,12/19/2018 4:15:00 PM,FVG Short,Stop loss,($256.12),$9008.28,$6.12,$250.00,$270.00,$526.12,2,
382,NG JAN26,Backtest,FairValueGapStrategyFiltered,Short,1,10.366,10.391,12/24/2018 4:00:00 PM,12/24/2018 4:15:00 PM,FVG Short,Stop loss,($256.12),$8752.16,$6.12,$250.00,$40.00,$296.12,2,
383,NG JAN26,Backtest,FairValueGapStrategyFiltered,Short,1,10.273,10.223,12/26/2018 4:00:00 PM,12/26/2018 4:00:00 PM,FVG Short,Profit target,$493.88,$9246.04,$6.12,$0.00,$500.00,$6.12,1,
384,NG JAN26,Backtest,FairValueGapStrategyFiltered,Short,1,10.268,10.293,12/27/2018 4:00:00 PM,12/27/2018 4:15:00 PM,FVG Short,Stop loss,($256.12),$8989.92,$6.12,$250.00,$320.00,$576.12,2,
385,NG JAN26,Backtest,FairValueGapStrategyFiltered,Short,1,10.219,10.244,12/28/2018 4:00:00 PM,12/28/2018 4:15:00 PM,FVG Short,Stop loss,($256.12),$8733.80,$6.12,$250.00,$40.00,$296.12,2,
386,NG JAN26,Backtest,FairValueGapStrategyFiltered,Short,1,9.955,9.905,12/31/2018 4:00:00 PM,12/31/2018 5:45:00 PM,FVG Short,Profit target,$493.88,$9227.68,$6.12,$80.00,$500.00,$6.12,8,
387,NG JAN26,Backtest,FairValueGapStrategyFiltered,Short,1,9.773,9.798,1/2/2019 4:00:00 PM,1/2/2019 4:00:00 PM,FVG Short,Stop loss,($256.12),$8971.56,$6.12,$250.00,$0.00,$256.12,1,
388,NG JAN26,Backtest,FairValueGapStrategyFiltered,Short,1,9.770,9.795,1/3/2019 4:00:00 PM,1/3/2019 6:30:00 PM,FVG Short,Stop loss,($256.12),$8715.44,$6.12,$250.00,$200.00,$456.12,11,
389,NG JAN26,Backtest,FairValueGapStrategyFiltered,Short,1,9.809,9.834,1/7/2019 4:00:00 PM,1/7/2019 5:00:00 PM,FVG Short,Stop loss,($256.12),$8459.32,$6.12,$250.00,$50.00,$306.12,5,
390,NG JAN26,Backtest,FairValueGapStrategyFiltered,Short,1,10.044,9.994,1/22/2019 4:00:00 PM,1/22/2019 7:00:00 PM,FVG Short,Profit target,$493.88,$8953.20,$6.12,$160.00,$500.00,$6.12,13,
391,NG JAN26,Backtest,FairValueGapStrategyFiltered,Short,1,9.836,9.818,1/28/2019 4:00:00 PM,1/28/2019 8:05:00 PM,FVG Short,Exit on session close,$173.88,$9127.08,$6.12,$200.00,$220.00,$46.12,18,
392,NG JAN26,Backtest,FairValueGapStrategyFiltered,Short,1,9.785,9.810,1/29/2019 4:00:00 PM,1/29/2019 6:45:00 PM,FVG Short,Stop loss,($256.12),$8870.96,$6.12,$250.00,$280.00,$536.12,12,
393,NG JAN26,Backtest,FairValueGapStrategyFiltered,Short,1,9.798,9.823,1/30/2019 4:00:00 PM,1/30/2019 6:15:00 PM,FVG Short,Stop loss,($256.12),$8614.84,$6.12,$250.00,$100.00,$356.12,10,
394,NG JAN26,Backtest,FairValueGapStrategyFiltered,Short,1,9.719,9.669,2/1/2019 4:00:00 PM,2/1/2019 7:30:00 PM,FVG Short,Profit target,$493.88,$9108.72,$6.12,$220.00,$500.00,$6.12,15,
395,NG JAN26,Backtest,FairValueGapStrategyFiltered,Short,1,9.605,9.606,2/4/2019 4:00:00 PM,2/4/2019 8:05:00 PM,FVG Short,Exit on session close,($16.12),$9092.60,$6.12,$230.00,$140.00,$156.12,18,
396,NG JAN26,Backtest,FairValueGapStrategyFiltered,Short,1,9.554,9.504,2/7/2019 4:00:00 PM,2/7/2019 5:30:00 PM,FVG Short,Profit target,$493.88,$9586.48,$6.12,$80.00,$500.00,$6.12,7,
397,NG JAN26,Backtest,FairValueGapStrategyFiltered,Short,1,9.523,9.548,2/13/2019 4:00:00 PM,2/13/2019 7:00:00 PM,FVG Short,Stop loss,($256.12),$9330.36,$6.12,$250.00,$100.00,$356.12,13,
398,NG JAN26,Backtest,FairValueGapStrategyFiltered,Short,1,9.687,9.683,3/11/2019 3:15:00 PM,3/11/2019 7:05:00 PM,FVG Short,Exit on session close,$33.88,$9364.24,$6.12,$40.00,$160.00,$126.12,17,
399,NG JAN26,Backtest,FairValueGapStrategyFiltered,Short,1,9.726,9.712,3/15/2019 3:15:00 PM,3/15/2019 7:05:00 PM,FVG Short,Exit on session close,$133.88,$9498.12,$6.12,$20.00,$240.00,$106.12,17,
400,NG JAN26,Backtest,FairValueGapStrategyFiltered,Short,1,9.708,9.733,3/21/2019 3:15:00 PM,3/21/2019 6:45:00 PM,FVG Short,Stop loss,($256.12),$9242.00,$6.12,$250.00,$60.00,$316.12,15,
401,NG JAN26,Backtest,FairValueGapStrategyFiltered,Short,1,9.675,9.677,3/22/2019 3:15:00 PM,3/22/2019 7:05:00 PM,FVG Short,Exit on session close,($26.12),$9215.88,$6.12,$80.00,$130.00,$156.12,17,
402,NG JAN26,Backtest,FairValueGapStrategyFiltered,Short,1,9.663,9.669,3/25/2019 3:15:00 PM,3/25/2019 7:05:00 PM,FVG Short,Exit on session close,($66.12),$9149.76,$6.12,$100.00,$90.00,$156.12,17,
403,NG JAN26,Backtest,FairValueGapStrategyFiltered,Short,1,9.611,9.623,3/27/2019 3:15:00 PM,3/27/2019 7:05:00 PM,FVG Short,Exit on session close,($126.12),$9023.64,$6.12,$140.00,$200.00,$326.12,17,
404,NG JAN26,Backtest,FairValueGapStrategyFiltered,Short,1,9.587,9.573,3/29/2019 3:15:00 PM,3/29/2019 7:05:00 PM,FVG Short,Exit on session close,$133.88,$9157.52,$6.12,$80.00,$150.00,$16.12,17,
405,NG JAN26,Backtest,FairValueGapStrategyFiltered,Short,1,9.590,9.590,4/9/2019 4:00:00 PM,4/9/2019 8:05:00 PM,FVG Short,Exit on session close,($6.12),$9151.40,$6.12,$140.00,$70.00,$76.12,18,
406,NG JAN26,Backtest,FairValueGapStrategyFiltered,Short,1,9.586,9.557,4/11/2019 4:00:00 PM,4/11/2019 8:05:00 PM,FVG Short,Exit on session close,$283.88,$9435.28,$6.12,$220.00,$330.00,$46.12,18,
407,NG JAN26,Backtest,FairValueGapStrategyFiltered,Short,1,9.511,9.500,4/15/2019 4:00:00 PM,4/15/2019 8:05:00 PM,FVG Short,Exit on session close,$103.88,$9539.16,$6.12,$80.00,$140.00,$36.12,18,
408,NG JAN26,Backtest,FairValueGapStrategyFiltered,Short,1,9.486,9.477,4/16/2019 4:00:00 PM,4/16/2019 8:05:00 PM,FVG Short,Exit on session close,$83.88,$9623.04,$6.12,$20.00,$150.00,$66.12,18,
409,NG JAN26,Backtest,FairValueGapStrategyFiltered,Short,1,9.425,9.424,4/17/2019 4:00:00 PM,4/17/2019 8:05:00 PM,FVG Short,Exit on session close,$3.88,$9626.92,$6.12,$170.00,$60.00,$56.12,18,
410,NG JAN26,Backtest,FairValueGapStrategyFiltered,Short,1,9.409,9.397,4/18/2019 4:00:00 PM,4/18/2019 8:05:00 PM,FVG Short,Exit on session close,$113.88,$9740.80,$6.12,$130.00,$230.00,$116.12,18,
411,NG JAN26,Backtest,FairValueGapStrategyFiltered,Short,1,9.369,9.367,4/23/2019 4:00:00 PM,4/23/2019 8:05:00 PM,FVG Short,Exit on session close,$13.88,$9754.68,$6.12,$100.00,$120.00,$106.12,18,
412,NG JAN26,Backtest,FairValueGapStrategyFiltered,Short,1,9.434,9.459,4/29/2019 4:00:00 PM,4/29/2019 8:00:00 PM,FVG Short,Stop loss,($256.12),$9498.56,$6.12,$250.00,$220.00,$476.12,17,
413,NG JAN26,Backtest,FairValueGapStrategyFiltered,Short,1,9.397,9.390,5/6/2019 4:00:00 PM,5/6/2019 8:05:00 PM,FVG Short,Exit on session close,$63.88,$9562.44,$6.12,$160.00,$150.00,$86.12,18,
414,NG JAN26,Backtest,FairValueGapStrategyFiltered,Short,1,9.444,9.420,5/22/2019 4:00:00 PM,5/22/2019 8:05:00 PM,FVG Short,Exit on session close,$233.88,$9796.32,$6.12,$70.00,$280.00,$46.12,18,
415,NG JAN26,Backtest,FairValueGapStrategyFiltered,Short,1,9.415,9.440,5/24/2019 4:00:00 PM,5/24/2019 4:30:00 PM,FVG Short,Stop loss,($256.12),$9540.20,$6.12,$250.00,$30.00,$286.12,3,
416,NG JAN26,Backtest,FairValueGapStrategyFiltered,Short,1,9.419,9.444,5/28/2019 4:00:00 PM,5/28/2019 4:45:00 PM,FVG Short,Stop loss,($256.12),$9284.08,$6.12,$250.00,$60.00,$316.12,4,
417,NG JAN26,Backtest,FairValueGapStrategyFiltered,Short,1,9.433,9.410,5/30/2019 4:00:00 PM,5/30/2019 8:05:00 PM,FVG Short,Exit on session close,$223.88,$9507.96,$6.12,$70.00,$430.00,$206.12,18,
418,NG JAN26,Backtest,FairValueGapStrategyFiltered,Short,1,9.357,9.320,5/31/2019 4:00:00 PM,5/31/2019 8:05:00 PM,FVG Short,Exit on session close,$363.88,$9871.84,$6.12,$20.00,$410.00,$46.12,18,
419,NG JAN26,Backtest,FairValueGapStrategyFiltered,Short,1,9.283,9.252,6/3/2019 4:00:00 PM,6/3/2019 8:05:00 PM,FVG Short,Exit on session close,$303.88,$10175.72,$6.12,$10.00,$450.00,$146.12,18,
420,NG JAN26,Backtest,FairValueGapStrategyFiltered,Short,1,9.261,9.248,6/5/2019 4:00:00 PM,6/5/2019 8:05:00 PM,FVG Short,Exit on session close,$123.88,$10299.60,$6.12,$10.00,$230.00,$106.12,18,
421,NG JAN26,Backtest,FairValueGapStrategyFiltered,Short,1,9.227,9.177,6/6/2019 4:00:00 PM,6/6/2019 4:45:00 PM,FVG Short,Profit target,$493.88,$10793.48,$6.12,$210.00,$500.00,$6.12,4,
422,NG JAN26,Backtest,FairValueGapStrategyFiltered,Short,1,9.220,9.196,6/13/2019 4:00:00 PM,6/13/2019 8:05:00 PM,FVG Short,Exit on session close,$233.88,$11027.36,$6.12,$150.00,$390.00,$156.12,18,
423,NG JAN26,Backtest,FairValueGapStrategyFiltered,Short,1,9.217,9.196,6/18/2019 4:00:00 PM,6/18/2019 8:05:00 PM,FVG Short,Exit on session close,$203.88,$11231.24,$6.12,$130.00,$320.00,$116.12,18,
424,NG JAN26,Backtest,FairValueGapStrategyFiltered,Short,1,9.154,9.104,6/20/2019 4:00:00 PM,6/20/2019 4:45:00 PM,FVG Short,Profit target,$493.88,$11725.12,$6.12,$50.00,$500.00,$6.12,4,
425,NG JAN26,Backtest,FairValueGapStrategyFiltered,Short,1,9.131,9.156,6/25/2019 4:00:00 PM,6/25/2019 6:15:00 PM,FVG Short,Stop loss,($256.12),$11469.00,$6.12,$250.00,$200.00,$456.12,10,
426,NG JAN26,Backtest,FairValueGapStrategyFiltered,Short,1,9.128,9.134,7/1/2019 4:00:00 PM,7/1/2019 8:05:00 PM,FVG Short,Exit on session close,($66.12),$11402.88,$6.12,$120.00,$350.00,$416.12,18,
427,NG JAN26,Backtest,FairValueGapStrategyFiltered,Short,1,9.212,9.188,7/16/2019 4:00:00 PM,7/16/2019 8:05:00 PM,FVG Short,Exit on session close,$233.88,$11636.76,$6.12,$30.00,$380.00,$146.12,18,
428,NG JAN26,Backtest,FairValueGapStrategyFiltered,Short,1,9.134,9.135,7/19/2019 4:00:00 PM,7/19/2019 8:05:00 PM,FVG Short,Exit on session close,($16.12),$11620.64,$6.12,$90.00,$160.00,$176.12,18,
429,NG JAN26,Backtest,FairValueGapStrategyFiltered,Short,1,9.118,9.095,7/24/2019 4:00:00 PM,7/24/2019 8:05:00 PM,FVG Short,Exit on session close,$223.88,$11844.52,$6.12,$100.00,$260.00,$36.12,18,
430,NG JAN26,Backtest,FairValueGapStrategyFiltered,Short,1,9.070,9.057,7/26/2019 4:00:00 PM,7/26/2019 8:05:00 PM,FVG Short,Exit on session close,$123.88,$11968.40,$6.12,$50.00,$230.00,$106.12,18,
431,NG JAN26,Backtest,FairValueGapStrategyFiltered,Short,1,9.026,9.019,7/29/2019 4:00:00 PM,7/29/2019 8:05:00 PM,FVG Short,Exit on session close,$63.88,$12032.28,$6.12,$60.00,$250.00,$186.12,18,
432,NG JAN26,Backtest,FairValueGapStrategyFiltered,Short,1,9.006,9.027,8/2/2019 4:00:00 PM,8/2/2019 8:05:00 PM,FVG Short,Exit on session close,($216.12),$11816.16,$6.12,$220.00,$290.00,$506.12,18,
433,NG JAN26,Backtest,FairValueGapStrategyFiltered,Short,1,8.947,8.972,8/5/2019 4:00:00 PM,8/5/2019 4:45:00 PM,FVG Short,Stop loss,($256.12),$11560.04,$6.12,$250.00,$40.00,$296.12,4,
434,NG JAN26,Backtest,FairValueGapStrategyFiltered,Short,1,9.034,9.059,8/23/2019 4:00:00 PM,8/23/2019 4:30:00 PM,FVG Short,Stop loss,($256.12),$11303.92,$6.12,$250.00,$0.00,$256.12,3,
435,NG JAN26,Backtest,FairValueGapStrategyFiltered,Short,1,9.405,9.430,9/23/2019 4:00:00 PM,9/23/2019 5:00:00 PM,FVG Short,Stop loss,($256.12),$11047.80,$6.12,$250.00,$20.00,$276.12,5,
436,NG JAN26,Backtest,FairValueGapStrategyFiltered,Short,1,9.363,9.388,9/25/2019 4:00:00 PM,9/25/2019 4:15:00 PM,FVG Short,Stop loss,($256.12),$10791.68,$6.12,$250.00,$10.00,$266.12,2,
437,NG JAN26,Backtest,FairValueGapStrategyFiltered,Short,1,9.385,9.335,9/26/2019 4:00:00 PM,9/26/2019 4:45:00 PM,FVG Short,Profit target,$493.88,$11285.56,$6.12,$40.00,$500.00,$6.12,4,
438,NG JAN26,Backtest,FairValueGapStrategyFiltered,Short,1,9.273,9.298,9/27/2019 4:00:00 PM,9/27/2019 5:15:00 PM,FVG Short,Stop loss,($256.12),$11029.44,$6.12,$250.00,$20.00,$276.12,6,
439,NG JAN26,Backtest,FairValueGapStrategyFiltered,Short,1,9.234,9.220,9/30/2019 4:00:00 PM,9/30/2019 8:05:00 PM,FVG Short,Exit on session close,$133.88,$11163.32,$6.12,$120.00,$190.00,$56.12,18,
440,NG JAN26,Backtest,FairValueGapStrategyFiltered,Short,1,9.185,9.165,10/1/2019 4:00:00 PM,10/1/2019 8:05:00 PM,FVG Short,Exit on session close,$193.88,$11357.20,$6.12,$30.00,$340.00,$146.12,18,
441,NG JAN26,Backtest,FairValueGapStrategyFiltered,Short,1,9.118,9.143,10/3/2019 4:00:00 PM,10/3/2019 4:45:00 PM,FVG Short,Stop loss,($256.12),$11101.08,$6.12,$250.00,$100.00,$356.12,4,
442,NG JAN26,Backtest,FairValueGapStrategyFiltered,Short,1,9.192,9.217,10/4/2019 4:00:00 PM,10/4/2019 4:45:00 PM,FVG Short,Stop loss,($256.12),$10844.96,$6.12,$250.00,$60.00,$316.12,4,
443,NG JAN26,Backtest,FairValueGapStrategyFiltered,Short,1,9.184,9.209,10/7/2019 4:00:00 PM,10/7/2019 4:15:00 PM,FVG Short,Stop loss,($256.12),$10588.84,$6.12,$250.00,$40.00,$296.12,2,
444,NG JAN26,Backtest,FairValueGapStrategyFiltered,Short,1,9.165,9.174,10/8/2019 4:00:00 PM,10/8/2019 8:05:00 PM,FVG Short,Exit on session close,($96.12),$10492.72,$6.12,$170.00,$160.00,$256.12,18,
445,NG JAN26,Backtest,FairValueGapStrategyFiltered,Short,1,9.090,9.115,10/11/2019 4:00:00 PM,10/11/2019 4:15:00 PM,FVG Short,Stop loss,($256.12),$10236.60,$6.12,$250.00,$20.00,$276.12,2,
446,NG JAN26,Backtest,FairValueGapStrategyFiltered,Short,1,9.119,9.122,10/21/2019 4:00:00 PM,10/21/2019 8:05:00 PM,FVG Short,Exit on session close,($36.12),$10200.48,$6.12,$140.00,$200.00,$236.12,18,
447,NG JAN26,Backtest,FairValueGapStrategyFiltered,Short,1,9.393,9.366,11/11/2019 4:00:00 PM,11/11/2019 8:05:00 PM,FVG Short,Exit on session close,$263.88,$10464.36,$6.12,$60.00,$370.00,$106.12,18,
448,NG JAN26,Backtest,FairValueGapStrategyFiltered,Short,1,9.326,9.326,11/13/2019 4:00:00 PM,11/13/2019 8:05:00 PM,FVG Short,Exit on session close,($6.12),$10458.24,$6.12,$110.00,$180.00,$186.12,18,
449,NG JAN26,Backtest,FairValueGapStrategyFiltered,Short,1,9.375,9.400,11/15/2019 4:00:00 PM,11/15/2019 4:45:00 PM,FVG Short,Stop loss,($256.12),$10202.12,$6.12,$250.00,$80.00,$336.12,4,
450,NG JAN26,Backtest,FairValueGapStrategyFiltered,Short,1,9.323,9.348,11/18/2019 4:00:00 PM,11/18/2019 4:15:00 PM,FVG Short,Stop loss,($256.12),$9946.00,$6.12,$250.00,$40.00,$296.12,2,
451,NG JAN26,Backtest,FairValueGapStrategyFiltered,Short,1,9.246,9.271,11/19/2019 4:00:00 PM,11/19/2019 5:30:00 PM,FVG Short,Stop loss,($256.12),$9689.88,$6.12,$250.00,$70.00,$326.12,7,
452,NG JAN26,Backtest,FairValueGapStrategyFiltered,Short,1,9.281,9.306,11/21/2019 4:00:00 PM,11/21/2019 4:45:00 PM,FVG Short,Stop loss,($256.12),$9433.76,$6.12,$250.00,$100.00,$356.12,4,
453,NG JAN26,Backtest,FairValueGapStrategyFiltered,Short,1,9.269,9.260,11/25/2019 4:00:00 PM,11/25/2019 8:05:00 PM,FVG Short,Exit on session close,$83.88,$9517.64,$6.12,$100.00,$230.00,$146.12,18,
454,NG JAN26,Backtest,FairValueGapStrategyFiltered,Short,1,9.194,9.200,11/26/2019 4:00:00 PM,11/26/2019 8:05:00 PM,FVG Short,Exit on session close,($66.12),$9451.52,$6.12,$160.00,$210.00,$276.12,18,
455,NG JAN26,Backtest,FairValueGapStrategyFiltered,Short,1,9.044,8.994,11/29/2019 4:00:00 PM,11/29/2019 7:00:00 PM,FVG Short,Profit target,$493.88,$9945.40,$6.12,$60.00,$500.00,$6.12,13,
456,NG JAN26,Backtest,FairValueGapStrategyFiltered,Short,1,9.062,9.087,12/4/2019 4:00:00 PM,12/4/2019 7:45:00 PM,FVG Short,Stop loss,($256.12),$9689.28,$6.12,$250.00,$210.00,$466.12,16,
457,NG JAN26,Backtest,FairValueGapStrategyFiltered,Short,1,9.084,9.034,12/6/2019 4:00:00 PM,12/6/2019 6:15:00 PM,FVG Short,Profit target,$493.88,$10183.16,$6.12,$70.00,$500.00,$6.12,10,
458,NG JAN26,Backtest,FairValueGapStrategyFiltered,Short,1,8.890,8.888,12/9/2019 4:00:00 PM,12/9/2019 8:05:00 PM,FVG Short,Exit on session close,$13.88,$10197.04,$6.12,$170.00,$170.00,$156.12,18,
459,NG JAN26,Backtest,FairValueGapStrategyFiltered,Short,1,8.974,8.967,12/13/2019 4:00:00 PM,12/13/2019 8:05:00 PM,FVG Short,Exit on session close,$63.88,$10260.92,$6.12,$210.00,$190.00,$126.12,18,
460,NG JAN26,Backtest,FairValueGapStrategyFiltered,Short,1,8.987,9.012,12/17/2019 4:00:00 PM,12/17/2019 4:45:00 PM,FVG Short,Stop loss,($256.12),$10004.80,$6.12,$250.00,$10.00,$266.12,4,
461,NG JAN26,Backtest,FairValueGapStrategyFiltered,Short,1,8.944,8.969,12/18/2019 4:00:00 PM,12/18/2019 8:00:00 PM,FVG Short,Stop loss,($256.12),$9748.68,$6.12,$250.00,$140.00,$396.12,17,
462,NG JAN26,Backtest,FairValueGapStrategyFiltered,Short,1,8.917,8.942,12/19/2019 4:00:00 PM,12/19/2019 4:45:00 PM,FVG Short,Stop loss,($256.12),$9492.56,$6.12,$250.00,$10.00,$266.12,4,
463,NG JAN26,Backtest,FairValueGapStrategyFiltered,Short,1,8.893,8.902,12/23/2019 4:00:00 PM,12/23/2019 8:05:00 PM,FVG Short,Exit on session close,($96.12),$9396.44,$6.12,$180.00,$90.00,$186.12,18,
464,NG JAN26,Backtest,FairValueGapStrategyFiltered,Short,1,8.853,8.863,12/24/2019 4:00:00 PM,12/24/2019 7:15:00 PM,FVG Short,Exit on session close,($106.12),$9290.32,$6.12,$230.00,$110.00,$216.12,14,
465,NG JAN26,Backtest,FairValueGapStrategyFiltered,Short,1,8.877,8.902,12/27/2019 4:00:00 PM,12/27/2019 4:45:00 PM,FVG Short,Stop loss,($256.12),$9034.20,$6.12,$250.00,$100.00,$356.12,4,
466,NG JAN26,Backtest,FairValueGapStrategyFiltered,Short,1,8.819,8.844,12/31/2019 4:00:00 PM,12/31/2019 6:00:00 PM,FVG Short,Stop loss,($256.12),$8778.08,$6.12,$250.00,$60.00,$316.12,9,
467,NG JAN26,Backtest,FairValueGapStrategyFiltered,Short,1,8.815,8.793,1/2/2020 4:00:00 PM,1/2/2020 8:05:00 PM,FVG Short,Exit on session close,$213.88,$8991.96,$6.12,$60.00,$370.00,$156.12,18,
468,NG JAN26,Backtest,FairValueGapStrategyFiltered,Short,1,8.788,8.785,1/15/2020 4:00:00 PM,1/15/2020 8:05:00 PM,FVG Short,Exit on session close,$23.88,$9015.84,$6.12,$150.00,$60.00,$36.12,18,
469,NG JAN26,Backtest,FairValueGapStrategyFiltered,Short,1,8.680,8.677,1/17/2020 4:00:00 PM,1/17/2020 8:05:00 PM,FVG Short,Exit on session close,$23.88,$9039.72,$6.12,$70.00,$160.00,$136.12,18,
470,NG JAN26,Backtest,FairValueGapStrategyFiltered,Short,1,8.605,8.555,1/21/2020 4:00:00 PM,1/21/2020 6:45:00 PM,FVG Short,Profit target,$493.88,$9533.60,$6.12,$30.00,$500.00,$6.12,12,
471,NG JAN26,Backtest,FairValueGapStrategyFiltered,Short,1,8.564,8.561,1/24/2020 4:00:00 PM,1/24/2020 8:05:00 PM,FVG Short,Exit on session close,$23.88,$9557.48,$6.12,$60.00,$190.00,$166.12,18,
472,NG JAN26,Backtest,FairValueGapStrategyFiltered,Short,1,8.549,8.556,1/29/2020 4:00:00 PM,1/29/2020 8:05:00 PM,FVG Short,Exit on session close,($76.12),$9481.36,$6.12,$180.00,$50.00,$126.12,18,
473,NG JAN26,Backtest,FairValueGapStrategyFiltered,Short,1,8.542,8.509,1/30/2020 4:00:00 PM,1/30/2020 8:05:00 PM,FVG Short,Exit on session close,$323.88,$9805.24,$6.12,$100.00,$410.00,$86.12,18,
474,NG JAN26,Backtest,FairValueGapStrategyFiltered,Short,1,8.522,8.547,2/5/2020 4:00:00 PM,2/5/2020 4:45:00 PM,FVG Short,Stop loss,($256.12),$9549.12,$6.12,$250.00,$30.00,$286.12,4,
475,NG JAN26,Backtest,FairValueGapStrategyFiltered,Short,1,8.471,8.450,2/10/2020 4:00:00 PM,2/10/2020 8:05:00 PM,FVG Short,Exit on session close,$203.88,$9753.00,$6.12,$120.00,$260.00,$56.12,18,
476,NG JAN26,Backtest,FairValueGapStrategyFiltered,Short,1,8.538,8.524,2/24/2020 4:00:00 PM,2/24/2020 8:05:00 PM,FVG Short,Exit on session close,$133.88,$9886.88,$6.12,$100.00,$220.00,$86.12,18,
477,NG JAN26,Backtest,FairValueGapStrategyFiltered,Short,1,8.420,8.408,2/27/2020 4:00:00 PM,2/27/2020 8:05:00 PM,FVG Short,Exit on session close,$113.88,$10000.76,$6.12,$100.00,$270.00,$156.12,18,
478,NG JAN26,Backtest,FairValueGapStrategyFiltered,Short,1,8.391,8.373,2/28/2020 4:00:00 PM,2/28/2020 8:05:00 PM,FVG Short,Exit on session close,$173.88,$10174.64,$6.12,$100.00,$420.00,$246.12,18,
479,NG JAN26,Backtest,FairValueGapStrategyFiltered,Short,1,8.418,8.393,3/6/2020 4:00:00 PM,3/6/2020 8:05:00 PM,FVG Short,Exit on session close,$243.88,$10418.52,$6.12,$0.00,$330.00,$86.12,18,
480,NG JAN26,Backtest,FairValueGapStrategyFiltered,Short,1,8.356,8.381,3/9/2020 4:00:00 PM,3/9/2020 5:15:00 PM,FVG Short,Stop loss,($256.12),$10162.40,$6.12,$250.00,$30.00,$286.12,6,
481,NG JAN26,Backtest,FairValueGapStrategyFiltered,Short,1,8.482,8.507,3/16/2020 3:15:00 PM,3/16/2020 5:15:00 PM,FVG Short,Stop loss,($256.12),$9906.28,$6.12,$250.00,$30.00,$286.12,9,
482,NG JAN26,Backtest,FairValueGapStrategyFiltered,Short,1,8.466,8.416,3/17/2020 3:15:00 PM,3/17/2020 7:00:00 PM,FVG Short,Profit target,$493.88,$10400.16,$6.12,$150.00,$500.00,$6.12,16,
483,NG JAN26,Backtest,FairValueGapStrategyFiltered,Short,1,8.318,8.268,3/18/2020 3:15:00 PM,3/18/2020 4:45:00 PM,FVG Short,Profit target,$493.88,$10894.04,$6.12,$210.00,$500.00,$6.12,7,
484,NG JAN26,Backtest,FairValueGapStrategyFiltered,Short,1,8.293,8.287,3/20/2020 3:30:00 PM,3/20/2020 7:05:00 PM,FVG Short,Exit on session close,$53.88,$10947.92,$6.12,$240.00,$170.00,$116.12,16,
485,NG JAN26,Backtest,FairValueGapStrategyFiltered,Short,1,8.304,8.329,3/25/2020 3:30:00 PM,3/25/2020 3:45:00 PM,FVG Short,Stop loss,($256.12),$10691.80,$6.12,$250.00,$20.00,$276.12,2,
486,NG JAN26,Backtest,FairValueGapStrategyFiltered,Short,1,8.249,8.274,3/30/2020 4:00:00 PM,3/30/2020 5:15:00 PM,FVG Short,Stop loss,($256.12),$10435.68,$6.12,$250.00,$10.00,$266.12,6,
487,NG JAN26,Backtest,FairValueGapStrategyFiltered,Short,1,8.209,8.186,4/1/2020 4:00:00 PM,4/1/2020 8:05:00 PM,FVG Short,Exit on session close,$223.88,$10659.56,$6.12,$100.00,$250.00,$26.12,18,
488,NG JAN26,Backtest,FairValueGapStrategyFiltered,Short,1,8.159,8.156,4/2/2020 4:00:00 PM,4/2/2020 8:05:00 PM,FVG Short,Exit on session close,$23.88,$10683.44,$6.12,$220.00,$340.00,$316.12,18,
489,NG JAN26,Backtest,FairValueGapStrategyFiltered,Short,1,8.267,8.292,4/14/2020 4:00:00 PM,4/14/2020 4:45:00 PM,FVG Short,Stop loss,($256.12),$10427.32,$6.12,$250.00,$40.00,$296.12,4,
490,NG JAN26,Backtest,FairValueGapStrategyFiltered,Short,1,8.242,8.201,4/15/2020 4:00:00 PM,4/15/2020 8:05:00 PM,FVG Short,Exit on session close,$403.88,$10831.20,$6.12,$70.00,$430.00,$26.12,18,
491,NG JAN26,Backtest,FairValueGapStrategyFiltered,Short,1,8.173,8.198,4/16/2020 4:00:00 PM,4/16/2020 5:30:00 PM,FVG Short,Stop loss,($256.12),$10575.08,$6.12,$250.00,$140.00,$396.12,7,
492,NG JAN26,Backtest,FairValueGapStrategyFiltered,Short,1,8.248,8.273,4/27/2020 4:00:00 PM,4/27/2020 4:00:00 PM,FVG Short,Stop loss,($256.12),$10318.96,$6.12,$250.00,$0.00,$256.12,1,
493,NG JAN26,Backtest,FairValueGapStrategyFiltered,Short,1,8.340,8.365,4/30/2020 4:00:00 PM,4/30/2020 4:45:00 PM,FVG Short,Stop loss,($256.12),$10062.84,$6.12,$250.00,$20.00,$276.12,4,
494,NG JAN26,Backtest,FairValueGapStrategyFiltered,Short,1,8.329,8.308,5/8/2020 4:00:00 PM,5/8/2020 8:05:00 PM,FVG Short,Exit on session close,$203.88,$10266.72,$6.12,$230.00,$260.00,$56.12,18,
495,NG JAN26,Backtest,FairValueGapStrategyFiltered,Short,1,8.276,8.226,5/12/2020 4:00:00 PM,5/12/2020 5:30:00 PM,FVG Short,Profit target,$493.88,$10760.60,$6.12,$0.00,$500.00,$6.12,7,
496,NG JAN26,Backtest,FairValueGapStrategyFiltered,Short,1,8.166,8.116,5/13/2020 4:00:00 PM,5/13/2020 6:45:00 PM,FVG Short,Profit target,$493.88,$11254.48,$6.12,$200.00,$500.00,$6.12,12,
497,NG JAN26,Backtest,FairValueGapStrategyFiltered,Short,1,8.201,8.226,5/21/2020 4:00:00 PM,5/21/2020 4:45:00 PM,FVG Short,Stop loss,($256.12),$10998.36,$6.12,$250.00,$40.00,$296.12,4,
498,NG JAN26,Backtest,FairValueGapStrategyFiltered,Short,1,8.204,8.166,5/28/2020 4:00:00 PM,5/28/2020 8:05:00 PM,FVG Short,Exit on session close,$373.88,$11372.24,$6.12,$30.00,$430.00,$56.12,18,
499,NG JAN26,Backtest,FairValueGapStrategyFiltered,Short,1,8.118,8.143,5/29/2020 4:00:00 PM,5/29/2020 8:05:00 PM,FVG Short,Stop loss,($256.12),$11116.12,$6.12,$250.00,$230.00,$486.12,18,
500,NG JAN26,Backtest,FairValueGapStrategyFiltered,Short,1,8.116,8.105,6/2/2020 4:00:00 PM,6/2/2020 8:05:00 PM,FVG Short,Exit on session close,$103.88,$11220.00,$6.12,$170.00,$150.00,$46.12,18,
501,NG JAN26,Backtest,FairValueGapStrategyFiltered,Short,1,8.129,8.079,6/12/2020 4:00:00 PM,6/12/2020 7:45:00 PM,FVG Short,Profit target,$493.88,$11713.88,$6.12,$50.00,$500.00,$6.12,16,
502,NG JAN26,Backtest,FairValueGapStrategyFiltered,Short,1,8.026,8.009,6/15/2020 4:00:00 PM,6/15/2020 8:05:00 PM,FVG Short,Exit on session close,$163.88,$11877.76,$6.12,$50.00,$330.00,$166.12,18,
503,NG JAN26,Backtest,FairValueGapStrategyFiltered,Short,1,7.939,7.964,6/16/2020 4:00:00 PM,6/16/2020 4:15:00 PM,FVG Short,Stop loss,($256.12),$11621.64,$6.12,$250.00,$20.00,$276.12,2,
504,NG JAN26,Backtest,FairValueGapStrategyFiltered,Short,1,7.957,7.958,6/23/2020 4:00:00 PM,6/23/2020 8:05:00 PM,FVG Short,Exit on session close,($16.12),$11605.52,$6.12,$190.00,$170.00,$186.12,18,
505,NG JAN26,Backtest,FairValueGapStrategyFiltered,Short,1,7.946,7.971,6/24/2020 4:00:00 PM,6/24/2020 5:00:00 PM,FVG Short,Stop loss,($256.12),$11349.40,$6.12,$250.00,$20.00,$276.12,5,
506,NG JAN26,Backtest,FairValueGapStrategyFiltered,Short,1,7.875,7.825,6/25/2020 4:00:00 PM,6/25/2020 5:00:00 PM,FVG Short,Profit target,$493.88,$11843.28,$6.12,$20.00,$500.00,$6.12,5,
507,NG JAN26,Backtest,FairValueGapStrategyFiltered,Short,1,7.797,7.805,6/26/2020 4:00:00 PM,6/26/2020 8:05:00 PM,FVG Short,Exit on session close,($86.12),$11757.16,$6.12,$190.00,$20.00,$106.12,18,
508,NG JAN26,Backtest,FairValueGapStrategyFiltered,Short,1,7.977,8.002,7/14/2020 4:00:00 PM,7/14/2020 4:30:00 PM,FVG Short,Stop loss,($256.12),$11501.04,$6.12,$250.00,$20.00,$276.12,3,
509,NG JAN26,Backtest,FairValueGapStrategyFiltered,Short,1,7.905,7.894,7/20/2020 4:00:00 PM,7/20/2020 8:05:00 PM,FVG Short,Exit on session close,$103.88,$11604.92,$6.12,$20.00,$420.00,$316.12,18,
510,NG JAN26,Backtest,FairValueGapStrategyFiltered,Short,1,7.904,7.929,7/22/2020 4:00:00 PM,7/22/2020 4:00:00 PM,FVG Short,Stop loss,($256.12),$11348.80,$6.12,$250.00,$0.00,$256.12,1,
511,NG JAN26,Backtest,FairValueGapStrategyFiltered,Short,1,8.618,8.643,8/31/2020 4:00:00 PM,8/31/2020 7:00:00 PM,FVG Short,Stop loss,($256.12),$11092.68,$6.12,$250.00,$340.00,$596.12,13,
512,NG JAN26,Backtest,FairValueGapStrategyFiltered,Short,1,8.570,8.595,9/2/2020 4:00:00 PM,9/2/2020 4:45:00 PM,FVG Short,Stop loss,($256.12),$10836.56,$6.12,$250.00,$180.00,$436.12,4,
513,NG JAN26,Backtest,FairValueGapStrategyFiltered,Short,1,8.447,8.472,9/10/2020 4:00:00 PM,9/10/2020 4:30:00 PM,FVG Short,Stop loss,($256.12),$10580.44,$6.12,$250.00,$360.00,$616.12,3,
514,NG JAN26,Backtest,FairValueGapStrategyFiltered,Short,1,8.380,8.374,9/11/2020 4:00:00 PM,9/11/2020 8:05:00 PM,FVG Short,Exit on session close,$53.88,$10634.32,$6.12,$90.00,$350.00,$296.12,18,
515,NG JAN26,Backtest,FairValueGapStrategyFiltered,Short,1,8.417,8.367,9/16/2020 4:00:00 PM,9/16/2020 4:45:00 PM,FVG Short,Profit target,$493.88,$11128.20,$6.12,$70.00,$500.00,$6.12,4,
516,NG JAN26,Backtest,FairValueGapStrategyFiltered,Short,1,8.214,8.164,9/17/2020 4:00:00 PM,9/17/2020 4:30:00 PM,FVG Short,Profit target,$493.88,$11622.08,$6.12,$60.00,$500.00,$6.12,3,
517,NG JAN26,Backtest,FairValueGapStrategyFiltered,Short,1,8.102,8.127,9/18/2020 4:00:00 PM,9/18/2020 5:15:00 PM,FVG Short,Stop loss,($256.12),$11365.96,$6.12,$250.00,$310.00,$566.12,6,
518,NG JAN26,Backtest,FairValueGapStrategyFiltered,Short,1,7.979,7.929,9/21/2020 4:00:00 PM,9/21/2020 4:45:00 PM,FVG Short,Profit target,$493.88,$11859.84,$6.12,$210.00,$500.00,$6.12,4,
519,NG JAN26,Backtest,FairValueGapStrategyFiltered,Short,1,8.211,8.161,9/25/2020 4:00:00 PM,9/25/2020 6:15:00 PM,FVG Short,Profit target,$493.88,$12353.72,$6.12,$40.00,$500.00,$6.12,10,
520,NG JAN26,Backtest,FairValueGapStrategyFiltered,Short,1,8.062,8.087,9/28/2020 4:00:00 PM,9/28/2020 4:30:00 PM,FVG Short,Stop loss,($256.12),$12097.60,$6.12,$250.00,$30.00,$286.12,3,
521,NG JAN26,Backtest,FairValueGapStrategyFiltered,Short,1,7.959,7.909,9/29/2020 4:00:00 PM,9/29/2020 5:30:00 PM,FVG Short,Profit target,$493.88,$12591.48,$6.12,$190.00,$500.00,$6.12,7,
522,NG JAN26,Backtest,FairValueGapStrategyFiltered,Short,1,7.925,7.950,10/6/2020 4:00:00 PM,10/6/2020 4:00:00 PM,FVG Short,Stop loss,($256.12),$12335.36,$6.12,$250.00,$0.00,$256.12,1,
523,NG JAN26,Backtest,FairValueGapStrategyFiltered,Short,1,8.239,8.264,10/29/2020 3:15:00 PM,10/29/2020 3:15:00 PM,FVG Short,Stop loss,($256.12),$12079.24,$6.12,$250.00,$0.00,$256.12,1,
524,NG JAN26,Backtest,FairValueGapStrategyFiltered,Short,1,8.163,8.113,11/3/2020 4:00:00 PM,11/3/2020 6:15:00 PM,FVG Short,Profit target,$493.88,$12573.12,$6.12,$30.00,$500.00,$6.12,10,
525,NG JAN26,Backtest,FairValueGapStrategyFiltered,Short,1,8.097,8.122,11/4/2020 4:00:00 PM,11/4/2020 5:45:00 PM,FVG Short,Stop loss,($256.12),$12317.00,$6.12,$250.00,$230.00,$486.12,8,
526,NG JAN26,Backtest,FairValueGapStrategyFiltered,Short,1,8.000,7.950,11/6/2020 4:00:00 PM,11/6/2020 4:45:00 PM,FVG Short,Profit target,$493.88,$12810.88,$6.12,$10.00,$500.00,$6.12,4,
527,NG JAN26,Backtest,FairValueGapStrategyFiltered,Short,1,7.860,7.810,11/16/2020 4:00:00 PM,11/16/2020 4:45:00 PM,FVG Short,Profit target,$493.88,$13304.76,$6.12,$40.00,$500.00,$6.12,4,
528,NG JAN26,Backtest,FairValueGapStrategyFiltered,Short,1,7.620,7.645,11/19/2020 4:00:00 PM,11/19/2020 4:30:00 PM,FVG Short,Stop loss,($256.12),$13048.64,$6.12,$250.00,$80.00,$336.12,3,
529,NG JAN26,Backtest,FairValueGapStrategyFiltered,Short,1,7.831,7.781,11/27/2020 4:00:00 PM,11/27/2020 7:00:00 PM,FVG Short,Profit target,$493.88,$13542.52,$6.12,$90.00,$500.00,$6.12,13,
530,NG JAN26,Backtest,FairValueGapStrategyFiltered,Short,1,7.495,7.520,12/3/2020 4:00:00 PM,12/3/2020 4:45:00 PM,FVG Short,Stop loss,($256.12),$13286.40,$6.12,$250.00,$150.00,$406.12,4,
531,NG JAN26,Backtest,FairValueGapStrategyFiltered,Short,1,7.340,7.365,12/7/2020 4:00:00 PM,12/7/2020 5:00:00 PM,FVG Short,Stop loss,($256.12),$13030.28,$6.12,$250.00,$70.00,$326.12,5,
532,NG JAN26,Backtest,FairValueGapStrategyFiltered,Short,1,7.234,7.259,12/28/2020 4:00:00 PM,12/28/2020 4:00:00 PM,FVG Short,Stop loss,($256.12),$12774.16,$6.12,$250.00,$0.00,$256.12,1,
533,NG JAN26,Backtest,FairValueGapStrategyFiltered,Short,1,7.410,7.360,12/30/2020 4:00:00 PM,12/30/2020 6:45:00 PM,FVG Short,Profit target,$493.88,$13268.04,$6.12,$180.00,$500.00,$6.12,12,
534,NG JAN26,Backtest,FairValueGapStrategyFiltered,Short,1,7.548,7.523,1/19/2021 4:00:00 PM,1/19/2021 8:05:00 PM,FVG Short,Exit on session close,$243.88,$13511.92,$6.12,$90.00,$470.00,$226.12,18,
535,NG JAN26,Backtest,FairValueGapStrategyFiltered,Short,1,7.440,7.454,1/20/2021 4:00:00 PM,1/20/2021 8:05:00 PM,FVG Short,Exit on session close,($146.12),$13365.80,$6.12,$150.00,$230.00,$376.12,18,
536,NG JAN26,Backtest,FairValueGapStrategyFiltered,Short,1,7.924,7.937,2/23/2021 4:00:00 PM,2/23/2021 8:05:00 PM,FVG Short,Exit on session close,($136.12),$13229.68,$6.12,$230.00,$240.00,$376.12,18,
537,NG JAN26,Backtest,FairValueGapStrategyFiltered,Short,1,7.893,7.863,2/24/2021 4:00:00 PM,2/24/2021 8:05:00 PM,FVG Short,Exit on session close,$293.88,$13523.56,$6.12,$110.00,$420.00,$126.12,18,
538,NG JAN26,Backtest,FairValueGapStrategyFiltered,Short,1,7.794,7.819,2/26/2021 4:00:00 PM,2/26/2021 6:15:00 PM,FVG Short,Stop loss,($256.12),$13267.44,$6.12,$250.00,$160.00,$416.12,10,
539,NG JAN26,Backtest,FairValueGapStrategyFiltered,Short,1,7.819,7.769,3/4/2021 4:00:00 PM,3/4/2021 4:45:00 PM,FVG Short,Profit target,$493.88,$13761.32,$6.12,$220.00,$500.00,$6.12,4,
540,NG JAN26,Backtest,FairValueGapStrategyFiltered,Short,1,7.699,7.708,3/8/2021 4:00:00 PM,3/8/2021 8:05:00 PM,FVG Short,Exit on session close,($96.12),$13665.20,$6.12,$220.00,$140.00,$236.12,18,
541,NG JAN26,Backtest,FairValueGapStrategyFiltered,Short,1,7.698,7.723,3/10/2021 4:00:00 PM,3/10/2021 4:45:00 PM,FVG Short,Stop loss,($256.12),$13409.08,$6.12,$250.00,$80.00,$336.12,4,
542,NG JAN26,Backtest,FairValueGapStrategyFiltered,Short,1,7.726,7.751,3/11/2021 4:00:00 PM,3/11/2021 4:45:00 PM,FVG Short,Stop loss,($256.12),$13152.96,$6.12,$250.00,$90.00,$346.12,4,
543,NG JAN26,Backtest,FairValueGapStrategyFiltered,Short,1,7.572,7.548,3/15/2021 3:15:00 PM,3/15/2021 7:05:00 PM,FVG Short,Exit on session close,$233.88,$13386.84,$6.12,$40.00,$270.00,$36.12,17,
544,NG JAN26,Backtest,FairValueGapStrategyFiltered,Short,1,7.573,7.598,3/17/2021 4:00:00 PM,3/17/2021 6:45:00 PM,FVG Short,Stop loss,($256.12),$13130.72,$6.12,$250.00,$260.00,$516.12,12,
545,NG JAN26,Backtest,FairValueGapStrategyFiltered,Short,1,7.492,7.517,3/18/2021 3:15:00 PM,3/18/2021 3:45:00 PM,FVG Short,Stop loss,($256.12),$12874.60,$6.12,$250.00,$40.00,$296.12,3,
546,NG JAN26,Backtest,FairValueGapStrategyFiltered,Short,1,7.599,7.624,3/31/2021 4:00:00 PM,3/31/2021 4:15:00 PM,FVG Short,Stop loss,($256.12),$12618.48,$6.12,$250.00,$60.00,$316.12,2,
547,NG JAN26,Backtest,FairValueGapStrategyFiltered,Short,1,7.560,7.510,4/5/2021 4:00:00 PM,4/5/2021 5:15:00 PM,FVG Short,Profit target,$493.88,$13112.36,$6.12,$50.00,$500.00,$6.12,6,
548,NG JAN26,Backtest,FairValueGapStrategyFiltered,Short,1,7.527,7.517,4/8/2021 4:00:00 PM,4/8/2021 8:05:00 PM,FVG Short,Exit on session close,$93.88,$13206.24,$6.12,$220.00,$190.00,$96.12,18,
549,NG JAN26,Backtest,FairValueGapStrategyFiltered,Short,1,7.843,7.868,5/10/2021 4:00:00 PM,5/10/2021 6:00:00 PM,FVG Short,Stop loss,($256.12),$12950.12,$6.12,$250.00,$60.00,$316.12,9,
550,NG JAN26,Backtest,FairValueGapStrategyFiltered,Short,1,7.826,7.851,5/11/2021 4:00:00 PM,5/11/2021 4:45:00 PM,FVG Short,Stop loss,($256.12),$12694.00,$6.12,$250.00,$30.00,$286.12,4,
551,NG JAN26,Backtest,FairValueGapStrategyFiltered,Short,1,7.879,7.859,5/20/2021 4:00:00 PM,5/20/2021 8:05:00 PM,FVG Short,Exit on session close,$193.88,$12887.88,$6.12,$30.00,$420.00,$226.12,18,
552,NG JAN26,Backtest,FairValueGapStrategyFiltered,Short,1,7.837,7.841,5/21/2021 4:00:00 PM,5/21/2021 8:05:00 PM,FVG Short,Exit on session close,($46.12),$12841.76,$6.12,$140.00,$130.00,$176.12,18,
553,NG JAN26,Backtest,FairValueGapStrategyFiltered,Short,1,7.802,7.812,5/24/2021 4:00:00 PM,5/24/2021 8:05:00 PM,FVG Short,Exit on session close,($106.12),$12735.64,$6.12,$220.00,$110.00,$216.12,18,
554,NG JAN26,Backtest,FairValueGapStrategyFiltered,Short,1,8.003,8.028,6/21/2021 4:00:00 PM,6/21/2021 5:15:00 PM,FVG Short,Stop loss,($256.12),$12479.52,$6.12,$250.00,$70.00,$326.12,6,
555,NG JAN26,Backtest,FairValueGapStrategyFiltered,Short,1,8.755,8.744,7/30/2021 4:00:00 PM,7/30/2021 8:05:00 PM,FVG Short,Exit on session close,$103.88,$12583.40,$6.12,$130.00,$410.00,$306.12,18,
556,NG JAN26,Backtest,FairValueGapStrategyFiltered,Short,1,8.866,8.891,8/11/2021 4:00:00 PM,8/11/2021 6:15:00 PM,FVG Short,Stop loss,($256.12),$12327.28,$6.12,$250.00,$160.00,$416.12,10,
557,NG JAN26,Backtest,FairValueGapStrategyFiltered,Short,1,8.882,8.832,8/12/2021 4:00:00 PM,8/12/2021 5:15:00 PM,FVG Short,Profit target,$493.88,$12821.16,$6.12,$140.00,$500.00,$6.12,6,
558,NG JAN26,Backtest,FairValueGapStrategyFiltered,Short,1,8.729,8.679,8/17/2021 4:00:00 PM,8/17/2021 8:00:00 PM,FVG Short,Profit target,$493.88,$13315.04,$6.12,$50.00,$500.00,$6.12,17,
559,NG JAN26,Backtest,FairValueGapStrategyFiltered,Short,1,8.634,8.659,8/19/2021 4:00:00 PM,8/19/2021 6:30:00 PM,FVG Short,Stop loss,($256.12),$13058.92,$6.12,$250.00,$410.00,$666.12,11,
560,NG JAN26,Backtest,FairValueGapStrategyFiltered,Short,1,9.717,9.667,9/21/2021 4:00:00 PM,9/21/2021 4:15:00 PM,FVG Short,Profit target,$493.88,$13552.80,$6.12,$110.00,$500.00,$6.12,2,
561,NG JAN26,Backtest,FairValueGapStrategyFiltered,Short,1,10.337,10.287,10/7/2021 4:00:00 PM,10/7/2021 4:15:00 PM,FVG Short,Profit target,$493.88,$14046.68,$6.12,$210.00,$500.00,$6.12,2,
562,NG JAN26,Backtest,FairValueGapStrategyFiltered,Short,1,10.121,10.146,10/11/2021 4:00:00 PM,10/11/2021 4:00:00 PM,FVG Short,Stop loss,($256.12),$13790.56,$6.12,$250.00,$0.00,$256.12,1,
563,NG JAN26,Backtest,FairValueGapStrategyFiltered,Short,1,10.317,10.342,10/15/2021 4:00:00 PM,10/15/2021 4:30:00 PM,FVG Short,Stop loss,($256.12),$13534.44,$6.12,$250.00,$440.00,$696.12,3,
564,NG JAN26,Backtest,FairValueGapStrategyFiltered,Short,1,9.927,9.952,10/18/2021 4:00:00 PM,10/18/2021 4:15:00 PM,FVG Short,Stop loss,($256.12),$13278.32,$6.12,$250.00,$390.00,$646.12,2,
565,NG JAN26,Backtest,FairValueGapStrategyFiltered,Short,1,9.706,9.731,10/19/2021 4:00:00 PM,10/19/2021 4:00:00 PM,FVG Short,Stop loss,($256.12),$13022.20,$6.12,$250.00,$0.00,$256.12,1,
566,NG JAN26,Backtest,FairValueGapStrategyFiltered,Short,1,9.713,9.738,10/20/2021 4:00:00 PM,10/20/2021 4:00:00 PM,FVG Short,Stop loss,($256.12),$12766.08,$6.12,$250.00,$0.00,$256.12,1,
567,NG JAN26,Backtest,FairValueGapStrategyFiltered,Short,1,9.853,9.878,10/21/2021 4:00:00 PM,10/21/2021 4:30:00 PM,FVG Short,Stop loss,($256.12),$12509.96,$6.12,$250.00,$200.00,$456.12,3,
568,NG JAN26,Backtest,FairValueGapStrategyFiltered,Short,1,10.178,10.203,10/29/2021 4:00:00 PM,10/29/2021 4:00:00 PM,FVG Short,Stop loss,($256.12),$12253.84,$6.12,$250.00,$0.00,$256.12,1,
569,NG JAN26,Backtest,FairValueGapStrategyFiltered,Short,1,9.898,9.848,11/1/2021 3:15:00 PM,11/1/2021 3:15:00 PM,FVG Short,Profit target,$493.88,$12747.72,$6.12,$0.00,$500.00,$6.12,1,
570,NG JAN26,Backtest,FairValueGapStrategyFiltered,Short,1,9.828,9.853,11/1/2021 3:45:00 PM,11/1/2021 3:45:00 PM,FVG Short,Stop loss,($256.12),$12491.60,$6.12,$250.00,$0.00,$256.12,1,
571,NG JAN26,Backtest,FairValueGapStrategyFiltered,Short,1,10.123,10.148,11/5/2021 3:15:00 PM,11/5/2021 3:30:00 PM,FVG Short,Stop loss,($256.12),$12235.48,$6.12,$250.00,$230.00,$486.12,2,
572,NG JAN26,Backtest,FairValueGapStrategyFiltered,Short,1,9.695,9.645,11/9/2021 4:00:00 PM,11/9/2021 4:15:00 PM,FVG Short,Profit target,$493.88,$12729.36,$6.12,$50.00,$500.00,$6.12,2,
573,NG JAN26,Backtest,FairValueGapStrategyFiltered,Short,1,9.363,9.388,11/10/2021 4:00:00 PM,11/10/2021 4:00:00 PM,FVG Short,Stop loss,($256.12),$12473.24,$6.12,$250.00,$0.00,$256.12,1,
574,NG JAN26,Backtest,FairValueGapStrategyFiltered,Short,1,9.511,9.536,11/17/2021 4:00:00 PM,11/17/2021 4:00:00 PM,FVG Short,Stop loss,($256.12),$12217.12,$6.12,$250.00,$0.00,$256.12,1,
575,NG JAN26,Backtest,FairValueGapStrategyFiltered,Short,1,9.292,9.317,11/22/2021 4:00:00 PM,11/22/2021 4:00:00 PM,FVG Short,Stop loss,($256.12),$11961.00,$6.12,$250.00,$0.00,$256.12,1,
576,NG JAN26,Backtest,FairValueGapStrategyFiltered,Short,1,9.407,9.357,11/29/2021 4:00:00 PM,11/29/2021 4:15:00 PM,FVG Short,Profit target,$493.88,$12454.88,$6.12,$120.00,$500.00,$6.12,2,
577,NG JAN26,Backtest,FairValueGapStrategyFiltered,Short,1,9.061,9.086,11/30/2021 4:00:00 PM,11/30/2021 4:00:00 PM,FVG Short,Stop loss,($256.12),$12198.76,$6.12,$250.00,$0.00,$256.12,1,
578,NG JAN26,Backtest,FairValueGapStrategyFiltered,Short,1,8.917,8.867,12/1/2021 4:00:00 PM,12/1/2021 4:30:00 PM,FVG Short,Profit target,$493.88,$12692.64,$6.12,$40.00,$500.00,$6.12,3,
579,NG JAN26,Backtest,FairValueGapStrategyFiltered,Short,1,8.259,8.209,12/6/2021 4:00:00 PM,12/6/2021 4:15:00 PM,FVG Short,Profit target,$493.88,$13186.52,$6.12,$10.00,$500.00,$6.12,2,
580,NG JAN26,Backtest,FairValueGapStrategyFiltered,Short,1,8.284,8.234,12/14/2021 4:00:00 PM,12/14/2021 4:30:00 PM,FVG Short,Profit target,$493.88,$13680.40,$6.12,$50.00,$500.00,$6.12,3,
581,NG JAN26,Backtest,FairValueGapStrategyFiltered,Short,1,8.250,8.275,12/17/2021 4:00:00 PM,12/17/2021 4:45:00 PM,FVG Short,Stop loss,($256.12),$13424.28,$6.12,$250.00,$320.00,$576.12,4,
582,NG JAN26,Backtest,FairValueGapStrategyFiltered,Short,1,8.241,8.191,12/23/2021 4:00:00 PM,12/23/2021 4:00:00 PM,FVG Short,Profit target,$493.88,$13918.16,$6.12,$0.00,$500.00,$6.12,1,
583,NG JAN26,Backtest,FairValueGapStrategyFiltered,Short,1,8.384,8.334,12/30/2021 4:00:00 PM,12/30/2021 5:00:00 PM,FVG Short,Profit target,$493.88,$14412.04,$6.12,$210.00,$500.00,$6.12,5,
584,NG JAN26,Backtest,FairValueGapStrategyFiltered,Short,1,8.503,8.453,1/20/2022 4:00:00 PM,1/20/2022 4:15:00 PM,FVG Short,Profit target,$493.88,$14905.92,$6.12,$120.00,$500.00,$6.12,2,
585,NG JAN26,Backtest,FairValueGapStrategyFiltered,Short,1,9.082,9.032,2/7/2022 4:00:00 PM,2/7/2022 4:30:00 PM,FVG Short,Profit target,$493.88,$15399.80,$6.12,$210.00,$500.00,$6.12,3,
586,NG JAN26,Backtest,FairValueGapStrategyFiltered,Short,1,8.818,8.768,2/9/2022 4:00:00 PM,2/9/2022 6:15:00 PM,FVG Short,Profit target,$493.88,$15893.68,$6.12,$190.00,$500.00,$6.12,10,
587,NG JAN26,Backtest,FairValueGapStrategyFiltered,Short,1,8.704,8.729,2/10/2022 4:00:00 PM,2/10/2022 5:30:00 PM,FVG Short,Stop loss,($256.12),$15637.56,$6.12,$250.00,$490.00,$746.12,7,
588,NG JAN26,Backtest,FairValueGapStrategyFiltered,Short,1,8.680,8.705,2/11/2022 4:00:00 PM,2/11/2022 6:45:00 PM,FVG Short,Stop loss,($256.12),$15381.44,$6.12,$250.00,$310.00,$566.12,12,
589,NG JAN26,Backtest,FairValueGapStrategyFiltered,Short,1,9.504,9.529,3/8/2022 4:00:00 PM,3/8/2022 4:00:00 PM,FVG Short,Stop loss,($256.12),$15125.32,$6.12,$250.00,$0.00,$256.12,1,
590,NG JAN26,Backtest,FairValueGapStrategyFiltered,Short,1,9.409,9.434,3/9/2022 4:00:00 PM,3/9/2022 4:00:00 PM,FVG Short,Stop loss,($256.12),$14869.20,$6.12,$250.00,$0.00,$256.12,1,
591,NG JAN26,Backtest,FairValueGapStrategyFiltered,Short,1,9.512,9.462,3/14/2022 3:45:00 PM,3/14/2022 4:30:00 PM,FVG Short,Profit target,$493.88,$15363.08,$6.12,$80.00,$500.00,$6.12,4,
592,NG JAN26,Backtest,FairValueGapStrategyFiltered,Short,1,9.380,9.405,3/15/2022 3:15:00 PM,3/15/2022 4:00:00 PM,FVG Short,Stop loss,($256.12),$15106.96,$6.12,$250.00,$480.00,$736.12,4,
593,NG JAN26,Backtest,FairValueGapStrategyFiltered,Short,1,9.518,9.543,3/16/2022 4:00:00 PM,3/16/2022 4:15:00 PM,FVG Short,Stop loss,($256.12),$14850.84,$6.12,$250.00,$50.00,$306.12,2,
594,NG JAN26,Backtest,FairValueGapStrategyFiltered,Short,1,11.653,11.678,4/22/2022 4:00:00 PM,4/22/2022 4:00:00 PM,FVG Short,Stop loss,($256.12),$14594.72,$6.12,$250.00,$0.00,$256.12,1,
595,NG JAN26,Backtest,FairValueGapStrategyFiltered,Short,1,11.409,11.434,4/25/2022 4:00:00 PM,4/25/2022 4:00:00 PM,FVG Short,Stop loss,($256.12),$14338.60,$6.12,$250.00,$0.00,$256.12,1,
596,NG JAN26,Backtest,FairValueGapStrategyFiltered,Short,1,11.797,11.747,4/28/2022 4:00:00 PM,4/28/2022 4:00:00 PM,FVG Short,Profit target,$493.88,$14832.48,$6.12,$0.00,$500.00,$6.12,1,
597,NG JAN26,Backtest,FairValueGapStrategyFiltered,Short,1,12.242,12.267,5/9/2022 4:00:00 PM,5/9/2022 4:00:00 PM,FVG Short,Stop loss,($256.12),$14576.36,$6.12,$250.00,$0.00,$256.12,1,
598,NG JAN26,Backtest,FairValueGapStrategyFiltered,Short,1,11.587,11.537,5/10/2022 4:00:00 PM,5/10/2022 4:00:00 PM,FVG Short,Profit target,$493.88,$15070.24,$6.12,$0.00,$500.00,$6.12,1,
599,NG JAN26,Backtest,FairValueGapStrategyFiltered,Short,1,12.197,12.222,5/12/2022 4:00:00 PM,5/12/2022 4:00:00 PM,FVG Short,Stop loss,($256.12),$14814.12,$6.12,$250.00,$0.00,$256.12,1,
600,NG JAN26,Backtest,FairValueGapStrategyFiltered,Short,1,13.014,12.964,5/27/2022 4:00:00 PM,5/27/2022 4:00:00 PM,FVG Short,Profit target,$493.88,$15308.00,$6.12,$0.00,$500.00,$6.12,1,
601,NG JAN26,Backtest,FairValueGapStrategyFiltered,Short,1,13.091,13.116,6/3/2022 4:00:00 PM,6/3/2022 4:00:00 PM,FVG Short,Stop loss,($256.12),$15051.88,$6.12,$250.00,$0.00,$256.12,1,
602,NG JAN26,Backtest,FairValueGapStrategyFiltered,Short,1,12.742,12.767,6/9/2022 4:00:00 PM,6/9/2022 4:00:00 PM,FVG Short,Stop loss,($256.12),$14795.76,$6.12,$250.00,$0.00,$256.12,1,
603,NG JAN26,Backtest,FairValueGapStrategyFiltered,Short,1,13.347,13.372,6/10/2022 4:00:00 PM,6/10/2022 4:00:00 PM,FVG Short,Stop loss,($256.12),$14539.64,$6.12,$250.00,$0.00,$256.12,1,
604,NG JAN26,Backtest,FairValueGapStrategyFiltered,Short,1,11.986,11.936,6/14/2022 4:00:00 PM,6/14/2022 4:00:00 PM,FVG Short,Profit target,$493.88,$15033.52,$6.12,$0.00,$500.00,$6.12,1,
605,NG JAN26,Backtest,FairValueGapStrategyFiltered,Short,1,11.354,11.304,6/20/2022 4:00:00 PM,6/20/2022 4:00:00 PM,FVG Short,Profit target,$493.88,$15527.40,$6.12,$0.00,$500.00,$6.12,1,
606,NG JAN26,Backtest,FairValueGapStrategyFiltered,Short,1,11.393,11.418,6/22/2022 4:00:00 PM,6/22/2022 4:00:00 PM,FVG Short,Stop loss,($256.12),$15271.28,$6.12,$250.00,$0.00,$256.12,1,
607,NG JAN26,Backtest,FairValueGapStrategyFiltered,Short,1,11.370,11.395,6/23/2022 4:00:00 PM,6/23/2022 4:00:00 PM,FVG Short,Stop loss,($256.12),$15015.16,$6.12,$250.00,$0.00,$256.12,1,
608,NG JAN26,Backtest,FairValueGapStrategyFiltered,Short,1,10.858,10.883,6/24/2022 4:00:00 PM,6/24/2022 4:00:00 PM,FVG Short,Stop loss,($256.12),$14759.04,$6.12,$250.00,$0.00,$256.12,1,
609,NG JAN26,Backtest,FairValueGapStrategyFiltered,Short,1,10.777,10.802,6/27/2022 4:00:00 PM,6/27/2022 4:15:00 PM,FVG Short,Stop loss,($256.12),$14502.92,$6.12,$250.00,$290.00,$546.12,2,
610,NG JAN26,Backtest,FairValueGapStrategyFiltered,Short,1,12.667,12.692,8/1/2022 4:00:00 PM,8/1/2022 4:00:00 PM,FVG Short,Stop loss,($256.12),$14246.80,$6.12,$250.00,$0.00,$256.12,1,
611,NG JAN26,Backtest,FairValueGapStrategyFiltered,Short,1,12.511,12.461,8/2/2022 4:00:00 PM,8/2/2022 4:00:00 PM,FVG Short,Profit target,$493.88,$14740.68,$6.12,$0.00,$500.00,$6.12,1,
612,NG JAN26,Backtest,FairValueGapStrategyFiltered,Short,1,12.479,12.429,8/3/2022 4:00:00 PM,8/3/2022 4:00:00 PM,FVG Short,Profit target,$493.88,$15234.56,$6.12,$0.00,$500.00,$6.12,1,
613,NG JAN26,Backtest,FairValueGapStrategyFiltered,Short,1,12.831,12.856,8/5/2022 4:00:00 PM,8/5/2022 4:15:00 PM,FVG Short,Stop loss,($256.12),$14978.44,$6.12,$250.00,$420.00,$676.12,2,
614,NG JAN26,Backtest,FairValueGapStrategyFiltered,Short,1,12.383,12.333,8/8/2022 4:00:00 PM,8/8/2022 4:00:00 PM,FVG Short,Profit target,$493.88,$15472.32,$6.12,$0.00,$500.00,$6.12,1,
615,NG JAN26,Backtest,FairValueGapStrategyFiltered,Short,1,13.961,13.986,8/29/2022 4:00:00 PM,8/29/2022 4:00:00 PM,FVG Short,Stop loss,($256.12),$15216.20,$6.12,$250.00,$0.00,$256.12,1,
616,NG JAN26,Backtest,FairValueGapStrategyFiltered,Short,1,13.695,13.720,8/30/2022 4:00:00 PM,8/30/2022 4:00:00 PM,FVG Short,Stop loss,($256.12),$14960.08,$6.12,$250.00,$0.00,$256.12,1,
617,NG JAN26,Backtest,FairValueGapStrategyFiltered,Short,1,13.681,13.706,8/31/2022 4:00:00 PM,8/31/2022 4:00:00 PM,FVG Short,Stop loss,($256.12),$14703.96,$6.12,$250.00,$0.00,$256.12,1,
618,NG JAN26,Backtest,FairValueGapStrategyFiltered,Short,1,13.676,13.701,9/2/2022 4:00:00 PM,9/2/2022 4:00:00 PM,FVG Short,Stop loss,($256.12),$14447.84,$6.12,$250.00,$0.00,$256.12,1,
619,NG JAN26,Backtest,FairValueGapStrategyFiltered,Short,1,13.179,13.204,9/6/2022 4:00:00 PM,9/6/2022 4:00:00 PM,FVG Short,Stop loss,($256.12),$14191.72,$6.12,$250.00,$0.00,$256.12,1,
620,NG JAN26,Backtest,FairValueGapStrategyFiltered,Short,1,12.786,12.736,9/7/2022 4:00:00 PM,9/7/2022 4:00:00 PM,FVG Short,Profit target,$493.88,$14685.60,$6.12,$0.00,$500.00,$6.12,1,
621,NG JAN26,Backtest,FairValueGapStrategyFiltered,Short,1,13.211,13.236,9/15/2022 4:00:00 PM,9/15/2022 4:00:00 PM,FVG Short,Stop loss,($256.12),$14429.48,$6.12,$250.00,$0.00,$256.12,1,
622,NG JAN26,Backtest,FairValueGapStrategyFiltered,Short,1,12.691,12.716,9/16/2022 4:00:00 PM,9/16/2022 4:00:00 PM,FVG Short,Stop loss,($256.12),$14173.36,$6.12,$250.00,$0.00,$256.12,1,
623,NG JAN26,Backtest,FairValueGapStrategyFiltered,Short,1,12.435,12.460,9/19/2022 4:00:00 PM,9/19/2022 4:00:00 PM,FVG Short,Stop loss,($256.12),$13917.24,$6.12,$250.00,$0.00,$256.12,1,
624,NG JAN26,Backtest,FairValueGapStrategyFiltered,Short,1,12.397,12.422,9/22/2022 4:00:00 PM,9/22/2022 4:00:00 PM,FVG Short,Stop loss,($256.12),$13661.12,$6.12,$250.00,$0.00,$256.12,1,
625,NG JAN26,Backtest,FairValueGapStrategyFiltered,Short,1,11.572,11.597,9/23/2022 4:00:00 PM,9/23/2022 4:00:00 PM,FVG Short,Stop loss,($256.12),$13405.00,$6.12,$250.00,$0.00,$256.12,1,
626,NG JAN26,Backtest,FairValueGapStrategyFiltered,Short,1,11.327,11.352,9/26/2022 4:00:00 PM,9/26/2022 4:00:00 PM,FVG Short,Stop loss,($256.12),$13148.88,$6.12,$250.00,$0.00,$256.12,1,
627,NG JAN26,Backtest,FairValueGapStrategyFiltered,Short,1,11.451,11.476,9/27/2022 4:00:00 PM,9/27/2022 4:00:00 PM,FVG Short,Stop loss,($256.12),$12892.76,$6.12,$250.00,$0.00,$256.12,1,
628,NG JAN26,Backtest,FairValueGapStrategyFiltered,Short,1,11.267,11.292,9/28/2022 4:00:00 PM,9/28/2022 4:00:00 PM,FVG Short,Stop loss,($256.12),$12636.64,$6.12,$250.00,$0.00,$256.12,1,
629,NG JAN26,Backtest,FairValueGapStrategyFiltered,Short,1,11.325,11.350,9/29/2022 4:00:00 PM,9/29/2022 4:00:00 PM,FVG Short,Stop loss,($256.12),$12380.52,$6.12,$250.00,$0.00,$256.12,1,
630,NG JAN26,Backtest,FairValueGapStrategyFiltered,Short,1,11.395,11.420,9/30/2022 4:00:00 PM,9/30/2022 4:00:00 PM,FVG Short,Stop loss,($256.12),$12124.40,$6.12,$250.00,$0.00,$256.12,1,
631,NG JAN26,Backtest,FairValueGapStrategyFiltered,Short,1,11.079,11.029,10/3/2022 4:00:00 PM,10/3/2022 4:00:00 PM,FVG Short,Profit target,$493.88,$12618.28,$6.12,$0.00,$500.00,$6.12,1,
632,NG JAN26,Backtest,FairValueGapStrategyFiltered,Short,1,11.157,11.107,10/14/2022 4:00:00 PM,10/14/2022 4:00:00 PM,FVG Short,Profit target,$493.88,$13112.16,$6.12,$0.00,$500.00,$6.12,1,
633,NG JAN26,Backtest,FairValueGapStrategyFiltered,Short,1,10.588,10.538,10/17/2022 4:00:00 PM,10/17/2022 4:00:00 PM,FVG Short,Profit target,$493.88,$13606.04,$6.12,$0.00,$500.00,$6.12,1,
634,NG JAN26,Backtest,FairValueGapStrategyFiltered,Short,1,10.158,10.183,10/19/2022 4:00:00 PM,10/19/2022 4:30:00 PM,FVG Short,Stop loss,($256.12),$13349.92,$6.12,$250.00,$430.00,$686.12,3,
635,NG JAN26,Backtest,FairValueGapStrategyFiltered,Short,1,9.925,9.950,10/20/2022 4:00:00 PM,10/20/2022 4:15:00 PM,FVG Short,Stop loss,($256.12),$13093.80,$6.12,$250.00,$380.00,$636.12,2,
636,NG JAN26,Backtest,FairValueGapStrategyFiltered,Short,1,9.686,9.711,10/21/2022 4:00:00 PM,10/21/2022 4:00:00 PM,FVG Short,Stop loss,($256.12),$12837.68,$6.12,$250.00,$0.00,$256.12,1,
637,NG JAN26,Backtest,FairValueGapStrategyFiltered,Short,1,9.990,10.015,10/26/2022 4:00:00 PM,10/26/2022 4:00:00 PM,FVG Short,Stop loss,($256.12),$12581.56,$6.12,$250.00,$0.00,$256.12,1,
638,NG JAN26,Backtest,FairValueGapStrategyFiltered,Short,1,9.781,9.806,10/28/2022 4:00:00 PM,10/28/2022 4:15:00 PM,FVG Short,Stop loss,($256.12),$12325.44,$6.12,$250.00,$290.00,$546.12,2,
639,NG JAN26,Backtest,FairValueGapStrategyFiltered,Short,1,9.918,9.868,11/1/2022 3:15:00 PM,11/1/2022 3:15:00 PM,FVG Short,Profit target,$493.88,$12819.32,$6.12,$0.00,$500.00,$6.12,1,
640,NG JAN26,Backtest,FairValueGapStrategyFiltered,Short,1,9.905,9.930,11/1/2022 3:30:00 PM,11/1/2022 3:30:00 PM,FVG Short,Stop loss,($256.12),$12563.20,$6.12,$250.00,$0.00,$256.12,1,
641,NG JAN26,Backtest,FairValueGapStrategyFiltered,Short,1,9.854,9.879,11/9/2022 4:00:00 PM,11/9/2022 4:00:00 PM,FVG Short,Stop loss,($256.12),$12307.08,$6.12,$250.00,$0.00,$256.12,1,
642,NG JAN26,Backtest,FairValueGapStrategyFiltered,Short,1,9.949,9.899,11/15/2022 4:00:00 PM,11/15/2022 4:00:00 PM,FVG Short,Profit target,$493.88,$12800.96,$6.12,$0.00,$500.00,$6.12,1,
643,NG JAN26,Backtest,FairValueGapStrategyFiltered,Short,1,9.816,9.841,11/16/2022 4:00:00 PM,11/16/2022 4:00:00 PM,FVG Short,Stop loss,($256.12),$12544.84,$6.12,$250.00,$0.00,$256.12,1,
644,NG JAN26,Backtest,FairValueGapStrategyFiltered,Short,1,10.220,10.245,11/18/2022 4:00:00 PM,11/18/2022 4:00:00 PM,FVG Short,Stop loss,($256.12),$12288.72,$6.12,$250.00,$0.00,$256.12,1,
645,NG JAN26,Backtest,FairValueGapStrategyFiltered,Short,1,10.133,10.158,12/2/2022 4:00:00 PM,12/2/2022 4:00:00 PM,FVG Short,Stop loss,($256.12),$12032.60,$6.12,$250.00,$0.00,$256.12,1,
646,NG JAN26,Backtest,FairValueGapStrategyFiltered,Short,1,9.416,9.366,12/5/2022 4:00:00 PM,12/5/2022 4:00:00 PM,FVG Short,Profit target,$493.88,$12526.48,$6.12,$0.00,$500.00,$6.12,1,
647,NG JAN26,Backtest,FairValueGapStrategyFiltered,Short,1,9.653,9.678,12/19/2022 4:00:00 PM,12/19/2022 4:15:00 PM,FVG Short,Stop loss,($256.12),$12270.36,$6.12,$250.00,$210.00,$466.12,2,
648,NG JAN26,Backtest,FairValueGapStrategyFiltered,Short,1,8.990,9.015,12/20/2022 4:00:00 PM,12/20/2022 4:00:00 PM,FVG Short,Stop loss,($256.12),$12014.24,$6.12,$250.00,$0.00,$256.12,1,
649,NG JAN26,Backtest,FairValueGapStrategyFiltered,Short,1,8.539,8.564,12/23/2022 4:00:00 PM,12/23/2022 4:00:00 PM,FVG Short,Stop loss,($256.12),$11758.12,$6.12,$250.00,$0.00,$256.12,1,
650,NG JAN26,Backtest,FairValueGapStrategyFiltered,Short,1,8.323,8.273,12/28/2022 4:00:00 PM,12/28/2022 4:15:00 PM,FVG Short,Profit target,$493.88,$12252.00,$6.12,$170.00,$500.00,$6.12,2,
651,NG JAN26,Backtest,FairValueGapStrategyFiltered,Short,1,8.223,8.248,12/29/2022 4:00:00 PM,12/29/2022 4:00:00 PM,FVG Short,Stop loss,($256.12),$11995.88,$6.12,$250.00,$0.00,$256.12,1,
652,NG JAN26,Backtest,FairValueGapStrategyFiltered,Short,1,8.149,8.099,12/30/2022 4:00:00 PM,12/30/2022 4:15:00 PM,FVG Short,Profit target,$493.88,$12489.76,$6.12,$90.00,$500.00,$6.12,2,
653,NG JAN26,Backtest,FairValueGapStrategyFiltered,Short,1,7.783,7.808,1/3/2023 4:00:00 PM,1/3/2023 4:00:00 PM,FVG Short,Stop loss,($256.12),$12233.64,$6.12,$250.00,$0.00,$256.12,1,
654,NG JAN26,Backtest,FairValueGapStrategyFiltered,Short,1,7.573,7.523,1/5/2023 4:00:00 PM,1/5/2023 4:45:00 PM,FVG Short,Profit target,$493.88,$12727.52,$6.12,$0.00,$500.00,$6.12,4,
655,NG JAN26,Backtest,FairValueGapStrategyFiltered,Short,1,7.370,7.320,1/10/2023 4:00:00 PM,1/10/2023 4:15:00 PM,FVG Short,Profit target,$493.88,$13221.40,$6.12,$190.00,$500.00,$6.12,2,
656,NG JAN26,Backtest,FairValueGapStrategyFiltered,Short,1,7.341,7.366,1/11/2023 4:00:00 PM,1/11/2023 4:00:00 PM,FVG Short,Stop loss,($256.12),$12965.28,$6.12,$250.00,$0.00,$256.12,1,
657,NG JAN26,Backtest,FairValueGapStrategyFiltered,Short,1,7.273,7.298,1/13/2023 4:00:00 PM,1/13/2023 4:00:00 PM,FVG Short,Stop loss,($256.12),$12709.16,$6.12,$250.00,$0.00,$256.12,1,
658,NG JAN26,Backtest,FairValueGapStrategyFiltered,Short,1,7.176,7.126,1/18/2023 4:00:00 PM,1/18/2023 4:15:00 PM,FVG Short,Profit target,$493.88,$13203.04,$6.12,$190.00,$500.00,$6.12,2,
659,NG JAN26,Backtest,FairValueGapStrategyFiltered,Short,1,6.859,6.884,1/25/2023 4:00:00 PM,1/25/2023 4:45:00 PM,FVG Short,Stop loss,($256.12),$12946.92,$6.12,$250.00,$140.00,$396.12,4,
660,NG JAN26,Backtest,FairValueGapStrategyFiltered,Short,1,6.635,6.660,1/26/2023 4:00:00 PM,1/26/2023 4:45:00 PM,FVG Short,Stop loss,($256.12),$12690.80,$6.12,$250.00,$330.00,$586.12,4,
661,NG JAN26,Backtest,FairValueGapStrategyFiltered,Short,1,6.623,6.648,1/30/2023 4:00:00 PM,1/30/2023 5:15:00 PM,FVG Short,Stop loss,($256.12),$12434.68,$6.12,$250.00,$200.00,$456.12,6,
662,NG JAN26,Backtest,FairValueGapStrategyFiltered,Short,1,6.559,6.584,1/31/2023 4:00:00 PM,1/31/2023 4:00:00 PM,FVG Short,Stop loss,($256.12),$12178.56,$6.12,$250.00,$0.00,$256.12,1,
663,NG JAN26,Backtest,FairValueGapStrategyFiltered,Short,1,6.281,6.306,2/3/2023 4:00:00 PM,2/3/2023 8:00:00 PM,FVG Short,Stop loss,($256.12),$11922.44,$6.12,$250.00,$460.00,$716.12,17,
664,NG JAN26,Backtest,FairValueGapStrategyFiltered,Short,1,6.331,6.356,2/13/2023 4:00:00 PM,2/13/2023 4:15:00 PM,FVG Short,Stop loss,($256.12),$11666.32,$6.12,$250.00,$50.00,$306.12,2,
665,NG JAN26,Backtest,FairValueGapStrategyFiltered,Short,1,6.187,6.137,2/17/2023 4:00:00 PM,2/17/2023 6:30:00 PM,FVG Short,Profit target,$493.88,$12160.20,$6.12,$60.00,$500.00,$6.12,11,
666,NG JAN26,Backtest,FairValueGapStrategyFiltered,Short,1,6.044,5.994,2/21/2023 4:00:00 PM,2/21/2023 4:15:00 PM,FVG Short,Profit target,$493.88,$12654.08,$6.12,$30.00,$500.00,$6.12,2,
667,NG JAN26,Backtest,FairValueGapStrategyFiltered,Short,1,6.261,6.211,3/15/2023 3:15:00 PM,3/15/2023 3:45:00 PM,FVG Short,Profit target,$493.88,$13147.96,$6.12,$40.00,$500.00,$6.12,3,
668,NG JAN26,Backtest,FairValueGapStrategyFiltered,Short,1,6.200,6.225,3/15/2023 4:00:00 PM,3/15/2023 7:00:00 PM,FVG Short,Stop loss,($256.12),$12891.84,$6.12,$250.00,$430.00,$686.12,13,
669,NG JAN26,Backtest,FairValueGapStrategyFiltered,Short,1,6.158,6.142,3/17/2023 3:15:00 PM,3/17/2023 7:05:00 PM,FVG Short,Exit on session close,$153.88,$13045.72,$6.12,$110.00,$410.00,$256.12,17,
670,NG JAN26,Backtest,FairValueGapStrategyFiltered,Short,1,6.061,6.011,3/20/2023 3:15:00 PM,3/20/2023 6:45:00 PM,FVG Short,Profit target,$493.88,$13539.60,$6.12,$130.00,$500.00,$6.12,15,
671,NG JAN26,Backtest,FairValueGapStrategyFiltered,Short,1,5.959,5.984,3/21/2023 3:15:00 PM,3/21/2023 5:30:00 PM,FVG Short,Stop loss,($256.12),$13283.48,$6.12,$250.00,$330.00,$586.12,10,
672,NG JAN26,Backtest,FairValueGapStrategyFiltered,Short,1,5.875,5.900,3/27/2023 4:00:00 PM,3/27/2023 4:15:00 PM,FVG Short,Stop loss,($256.12),$13027.36,$6.12,$250.00,$60.00,$316.12,2,
673,NG JAN26,Backtest,FairValueGapStrategyFiltered,Short,1,5.745,5.770,3/29/2023 4:00:00 PM,3/29/2023 4:00:00 PM,FVG Short,Stop loss,($256.12),$12771.24,$6.12,$250.00,$0.00,$256.12,1,
674,NG JAN26,Backtest,FairValueGapStrategyFiltered,Short,1,5.784,5.734,3/30/2023 4:00:00 PM,3/30/2023 6:15:00 PM,FVG Short,Profit target,$493.88,$13265.12,$6.12,$120.00,$500.00,$6.12,10,
675,NG JAN26,Backtest,FairValueGapStrategyFiltered,Short,1,5.775,5.725,4/3/2023 4:00:00 PM,4/3/2023 5:00:00 PM,FVG Short,Profit target,$493.88,$13759.00,$6.12,$60.00,$500.00,$6.12,5,
676,NG JAN26,Backtest,FairValueGapStrategyFiltered,Short,1,5.762,5.737,4/26/2023 4:00:00 PM,4/26/2023 8:05:00 PM,FVG Short,Exit on session close,$243.88,$14002.88,$6.12,$50.00,$350.00,$106.12,18,
677,NG JAN26,Backtest,FairValueGapStrategyFiltered,Short,1,5.815,5.765,5/1/2023 4:00:00 PM,5/1/2023 5:30:00 PM,FVG Short,Profit target,$493.88,$14496.76,$6.12,$90.00,$500.00,$6.12,7,
678,NG JAN26,Backtest,FairValueGapStrategyFiltered,Short,1,5.680,5.652,5/2/2023 4:00:00 PM,5/2/2023 8:05:00 PM,FVG Short,Exit on session close,$273.88,$14770.64,$6.12,$130.00,$410.00,$136.12,18,
679,NG JAN26,Backtest,FairValueGapStrategyFiltered,Short,1,5.607,5.557,5/3/2023 4:00:00 PM,5/3/2023 6:00:00 PM,FVG Short,Profit target,$493.88,$15264.52,$6.12,$30.00,$500.00,$6.12,9,
680,NG JAN26,Backtest,FairValueGapStrategyFiltered,Short,1,5.570,5.595,5/4/2023 4:00:00 PM,5/4/2023 6:30:00 PM,FVG Short,Stop loss,($256.12),$15008.40,$6.12,$250.00,$320.00,$576.12,11,
681,NG JAN26,Backtest,FairValueGapStrategyFiltered,Short,1,5.652,5.677,5/10/2023 4:00:00 PM,5/10/2023 6:30:00 PM,FVG Short,Stop loss,($256.12),$14752.28,$6.12,$250.00,$390.00,$646.12,11,
682,NG JAN26,Backtest,FairValueGapStrategyFiltered,Short,1,5.789,5.814,5/23/2023 4:00:00 PM,5/23/2023 4:15:00 PM,FVG Short,Stop loss,($256.12),$14496.16,$6.12,$250.00,$50.00,$306.12,2,
683,NG JAN26,Backtest,FairValueGapStrategyFiltered,Short,1,5.688,5.713,5/26/2023 4:00:00 PM,5/26/2023 4:30:00 PM,FVG Short,Stop loss,($256.12),$14240.04,$6.12,$250.00,$80.00,$336.12,3,
684,NG JAN26,Backtest,FairValueGapStrategyFiltered,Short,1,5.588,5.613,5/30/2023 4:00:00 PM,5/30/2023 4:15:00 PM,FVG Short,Stop loss,($256.12),$13983.92,$6.12,$250.00,$80.00,$336.12,2,
685,NG JAN26,Backtest,FairValueGapStrategyFiltered,Short,1,5.459,5.484,6/1/2023 4:00:00 PM,6/1/2023 4:30:00 PM,FVG Short,Stop loss,($256.12),$13727.80,$6.12,$250.00,$90.00,$346.12,3,
686,NG JAN26,Backtest,FairValueGapStrategyFiltered,Short,1,5.534,5.559,6/6/2023 4:00:00 PM,6/6/2023 4:15:00 PM,FVG Short,Stop loss,($256.12),$13471.68,$6.12,$250.00,$150.00,$406.12,2,
687,NG JAN26,Backtest,FairValueGapStrategyFiltered,Short,1,5.575,5.600,6/9/2023 4:00:00 PM,6/9/2023 5:00:00 PM,FVG Short,Stop loss,($256.12),$13215.56,$6.12,$250.00,$100.00,$356.12,5,
688,NG JAN26,Backtest,FairValueGapStrategyFiltered,Short,1,5.527,5.552,6/12/2023 4:00:00 PM,6/12/2023 4:00:00 PM,FVG Short,Stop loss,($256.12),$12959.44,$6.12,$250.00,$0.00,$256.12,1,
689,NG JAN26,Backtest,FairValueGapStrategyFiltered,Short,1,5.845,5.870,6/29/2023 4:00:00 PM,6/29/2023 4:45:00 PM,FVG Short,Stop loss,($256.12),$12703.32,$6.12,$250.00,$170.00,$426.12,4,
690,NG JAN26,Backtest,FairValueGapStrategyFiltered,Short,1,5.889,5.914,6/30/2023 4:00:00 PM,6/30/2023 4:00:00 PM,FVG Short,Stop loss,($256.12),$12447.20,$6.12,$250.00,$0.00,$256.12,1,
691,NG JAN26,Backtest,FairValueGapStrategyFiltered,Short,1,5.892,5.874,7/3/2023 4:00:00 PM,7/3/2023 8:05:00 PM,FVG Short,Exit on session close,$173.88,$12621.08,$6.12,$180.00,$330.00,$156.12,18,
692,NG JAN26,Backtest,FairValueGapStrategyFiltered,Short,1,5.861,5.811,7/12/2023 4:00:00 PM,7/12/2023 6:30:00 PM,FVG Short,Profit target,$493.88,$13114.96,$6.12,$20.00,$500.00,$6.12,11,
693,NG JAN26,Backtest,FairValueGapStrategyFiltered,Short,1,5.823,5.773,7/13/2023 4:00:00 PM,7/13/2023 5:00:00 PM,FVG Short,Profit target,$493.88,$13608.84,$6.12,$160.00,$500.00,$6.12,5,
694,NG JAN26,Backtest,FairValueGapStrategyFiltered,Short,1,5.819,5.769,7/27/2023 4:00:00 PM,7/27/2023 5:00:00 PM,FVG Short,Profit target,$493.88,$14102.72,$6.12,$180.00,$500.00,$6.12,5,
695,NG JAN26,Backtest,FairValueGapStrategyFiltered,Short,1,5.734,5.759,8/1/2023 4:00:00 PM,8/1/2023 7:45:00 PM,FVG Short,Stop loss,($256.12),$13846.60,$6.12,$250.00,$70.00,$326.12,16,
696,NG JAN26,Backtest,FairValueGapStrategyFiltered,Short,1,5.682,5.669,8/2/2023 4:00:00 PM,8/2/2023 8:05:00 PM,FVG Short,Exit on session close,$123.88,$13970.48,$6.12,$90.00,$400.00,$276.12,18,
697,NG JAN26,Backtest,FairValueGapStrategyFiltered,Short,1,5.784,5.782,8/16/2023 4:00:00 PM,8/16/2023 8:05:00 PM,FVG Short,Exit on session close,$13.88,$13984.36,$6.12,$90.00,$310.00,$296.12,18,
698,NG JAN26,Backtest,FairValueGapStrategyFiltered,Short,1,5.774,5.724,8/18/2023 4:00:00 PM,8/18/2023 6:15:00 PM,FVG Short,Profit target,$493.88,$14478.24,$6.12,$10.00,$500.00,$6.12,10,
699,NG JAN26,Backtest,FairValueGapStrategyFiltered,Short,1,5.640,5.665,8/24/2023 4:00:00 PM,8/24/2023 4:45:00 PM,FVG Short,Stop loss,($256.12),$14222.12,$6.12,$250.00,$290.00,$546.12,4,
700,NG JAN26,Backtest,FairValueGapStrategyFiltered,Short,1,5.667,5.692,8/25/2023 4:00:00 PM,8/25/2023 4:45:00 PM,FVG Short,Stop loss,($256.12),$13966.00,$6.12,$250.00,$90.00,$346.12,4,
701,NG JAN26,Backtest,FairValueGapStrategyFiltered,Short,1,5.688,5.638,9/5/2023 4:00:00 PM,9/5/2023 6:00:00 PM,FVG Short,Profit target,$493.88,$14459.88,$6.12,$10.00,$500.00,$6.12,9,
702,NG JAN26,Backtest,FairValueGapStrategyFiltered,Short,1,5.600,5.587,9/6/2023 4:00:00 PM,9/6/2023 8:05:00 PM,FVG Short,Exit on session close,$123.88,$14583.76,$6.12,$160.00,$250.00,$126.12,18,
703,NG JAN26,Backtest,FairValueGapStrategyFiltered,Short,1,5.671,5.696,9/26/2023 4:00:00 PM,9/26/2023 4:30:00 PM,FVG Short,Stop loss,($256.12),$14327.64,$6.12,$250.00,$90.00,$346.12,3,
704,NG JAN26,Backtest,FairValueGapStrategyFiltered,Short,1,5.737,5.762,9/29/2023 4:00:00 PM,9/29/2023 5:00:00 PM,FVG Short,Stop loss,($256.12),$14071.52,$6.12,$250.00,$70.00,$326.12,5,
705,NG JAN26,Backtest,FairValueGapStrategyFiltered,Short,1,5.735,5.685,10/2/2023 4:00:00 PM,10/2/2023 4:30:00 PM,FVG Short,Profit target,$493.88,$14565.40,$6.12,$60.00,$500.00,$6.12,3,
706,NG JAN26,Backtest,FairValueGapStrategyFiltered,Short,1,5.919,5.944,10/16/2023 4:00:00 PM,10/16/2023 7:00:00 PM,FVG Short,Stop loss,($256.12),$14309.28,$6.12,$250.00,$340.00,$596.12,13,
707,NG JAN26,Backtest,FairValueGapStrategyFiltered,Short,1,5.905,5.898,10/17/2023 4:00:00 PM,10/17/2023 8:05:00 PM,FVG Short,Exit on session close,$63.88,$14373.16,$6.12,$140.00,$490.00,$426.12,18,
708,NG JAN26,Backtest,FairValueGapStrategyFiltered,Short,1,5.740,5.730,10/20/2023 4:00:00 PM,10/20/2023 8:05:00 PM,FVG Short,Exit on session close,$93.88,$14467.04,$6.12,$130.00,$280.00,$186.12,18,
709,NG JAN26,Backtest,FairValueGapStrategyFiltered,Short,1,5.821,5.846,10/30/2023 3:15:00 PM,10/30/2023 5:00:00 PM,FVG Short,Stop loss,($256.12),$14210.92,$6.12,$250.00,$150.00,$406.12,8,
710,NG JAN26,Backtest,FairValueGapStrategyFiltered,Short,1,5.805,5.755,11/6/2023 4:00:00 PM,11/6/2023 4:15:00 PM,FVG Short,Profit target,$493.88,$14704.80,$6.12,$20.00,$500.00,$6.12,2,
711,NG JAN26,Backtest,FairValueGapStrategyFiltered,Short,1,5.611,5.636,11/7/2023 4:00:00 PM,11/7/2023 5:00:00 PM,FVG Short,Stop loss,($256.12),$14448.68,$6.12,$250.00,$30.00,$286.12,5,
712,NG JAN26,Backtest,FairValueGapStrategyFiltered,Short,1,5.642,5.592,11/16/2023 4:00:00 PM,11/16/2023 4:45:00 PM,FVG Short,Profit target,$493.88,$14942.56,$6.12,$220.00,$500.00,$6.12,4,
713,NG JAN26,Backtest,FairValueGapStrategyFiltered,Short,1,5.433,5.383,11/17/2023 4:00:00 PM,11/17/2023 8:00:00 PM,FVG Short,Profit target,$493.88,$15436.44,$6.12,$30.00,$500.00,$6.12,17,
714,NG JAN26,Backtest,FairValueGapStrategyFiltered,Short,1,5.302,5.327,11/24/2023 4:00:00 PM,11/24/2023 5:30:00 PM,FVG Short,Stop loss,($256.12),$15180.32,$6.12,$250.00,$10.00,$266.12,7,
715,NG JAN26,Backtest,FairValueGapStrategyFiltered,Short,1,5.250,5.275,11/27/2023 4:00:00 PM,11/27/2023 5:45:00 PM,FVG Short,Stop loss,($256.12),$14924.20,$6.12,$250.00,$200.00,$456.12,8,
716,NG JAN26,Backtest,FairValueGapStrategyFiltered,Short,1,5.230,5.255,11/28/2023 4:00:00 PM,11/28/2023 4:15:00 PM,FVG Short,Stop loss,($256.12),$14668.08,$6.12,$250.00,$20.00,$276.12,2,
717,NG JAN26,Backtest,FairValueGapStrategyFiltered,Short,1,5.196,5.146,11/29/2023 4:00:00 PM,11/29/2023 6:00:00 PM,FVG Short,Profit target,$493.88,$15161.96,$6.12,$30.00,$500.00,$6.12,9,
718,NG JAN26,Backtest,FairValueGapStrategyFiltered,Short,1,5.112,5.137,12/1/2023 4:00:00 PM,12/1/2023 4:15:00 PM,FVG Short,Stop loss,($256.12),$14905.84,$6.12,$250.00,$70.00,$326.12,2,
719,NG JAN26,Backtest,FairValueGapStrategyFiltered,Short,1,5.027,5.034,12/4/2023 4:00:00 PM,12/4/2023 8:05:00 PM,FVG Short,Exit on session close,($76.12),$14829.72,$6.12,$230.00,$320.00,$396.12,18,
720,NG JAN26,Backtest,FairValueGapStrategyFiltered,Short,1,4.649,4.674,12/11/2023 4:00:00 PM,12/11/2023 4:00:00 PM,FVG Short,Stop loss,($256.12),$14573.60,$6.12,$250.00,$0.00,$256.12,1,
721,NG JAN26,Backtest,FairValueGapStrategyFiltered,Short,1,4.711,4.736,12/12/2023 4:00:00 PM,12/12/2023 4:30:00 PM,FVG Short,Stop loss,($256.12),$14317.48,$6.12,$250.00,$190.00,$446.12,3,
722,NG JAN26,Backtest,FairValueGapStrategyFiltered,Short,1,4.642,4.667,12/13/2023 4:00:00 PM,12/13/2023 4:00:00 PM,FVG Short,Stop loss,($256.12),$14061.36,$6.12,$250.00,$0.00,$256.12,1,
723,NG JAN26,Backtest,FairValueGapStrategyFiltered,Short,1,4.770,4.795,12/19/2023 4:00:00 PM,12/19/2023 5:45:00 PM,FVG Short,Stop loss,($256.12),$13805.24,$6.12,$250.00,$390.00,$646.12,8,
724,NG JAN26,Backtest,FairValueGapStrategyFiltered,Short,1,5.282,5.307,1/17/2024 4:00:00 PM,1/17/2024 4:00:00 PM,FVG Short,Stop loss,($256.12),$13549.12,$6.12,$250.00,$0.00,$256.12,1,
725,NG JAN26,Backtest,FairValueGapStrategyFiltered,Short,1,5.286,5.236,1/18/2024 4:00:00 PM,1/18/2024 4:45:00 PM,FVG Short,Profit target,$493.88,$14043.00,$6.12,$50.00,$500.00,$6.12,4,
726,NG JAN26,Backtest,FairValueGapStrategyFiltered,Short,1,5.057,5.082,1/19/2024 4:00:00 PM,1/19/2024 4:00:00 PM,FVG Short,Stop loss,($256.12),$13786.88,$6.12,$250.00,$0.00,$256.12,1,
727,NG JAN26,Backtest,FairValueGapStrategyFiltered,Short,1,4.883,4.908,1/22/2024 4:00:00 PM,1/22/2024 5:45:00 PM,FVG Short,Stop loss,($256.12),$13530.76,$6.12,$250.00,$260.00,$516.12,8,
728,NG JAN26,Backtest,FairValueGapStrategyFiltered,Short,1,4.831,4.856,1/23/2024 4:00:00 PM,1/23/2024 4:15:00 PM,FVG Short,Stop loss,($256.12),$13274.64,$6.12,$250.00,$10.00,$266.12,2,
729,NG JAN26,Backtest,FairValueGapStrategyFiltered,Short,1,5.042,4.992,1/26/2024 4:00:00 PM,1/26/2024 4:30:00 PM,FVG Short,Profit target,$493.88,$13768.52,$6.12,$50.00,$500.00,$6.12,3,
730,NG JAN26,Backtest,FairValueGapStrategyFiltered,Short,1,4.984,4.947,1/29/2024 4:00:00 PM,1/29/2024 8:05:00 PM,FVG Short,Exit on session close,$363.88,$14132.40,$6.12,$100.00,$490.00,$126.12,18,
731,NG JAN26,Backtest,FairValueGapStrategyFiltered,Short,1,4.907,4.903,2/6/2024 4:00:00 PM,2/6/2024 8:05:00 PM,FVG Short,Exit on session close,$33.88,$14166.28,$6.12,$110.00,$210.00,$176.12,18,
732,NG JAN26,Backtest,FairValueGapStrategyFiltered,Short,1,4.881,4.831,2/7/2024 4:00:00 PM,2/7/2024 4:45:00 PM,FVG Short,Profit target,$493.88,$14660.16,$6.12,$10.00,$500.00,$6.12,4,
733,NG JAN26,Backtest,FairValueGapStrategyFiltered,Short,1,4.808,4.800,2/8/2024 4:00:00 PM,2/8/2024 8:05:00 PM,FVG Short,Exit on session close,$73.88,$14734.04,$6.12,$240.00,$230.00,$156.12,18,
734,NG JAN26,Backtest,FairValueGapStrategyFiltered,Short,1,4.746,4.722,2/9/2024 4:00:00 PM,2/9/2024 8:05:00 PM,FVG Short,Exit on session close,$233.88,$14967.92,$6.12,$20.00,$440.00,$206.12,18,
735,NG JAN26,Backtest,FairValueGapStrategyFiltered,Short,1,4.550,4.555,2/13/2024 4:00:00 PM,2/13/2024 8:05:00 PM,FVG Short,Exit on session close,($56.12),$14911.80,$6.12,$210.00,$220.00,$276.12,18,
736,NG JAN26,Backtest,FairValueGapStrategyFiltered,Short,1,4.451,4.476,2/20/2024 4:00:00 PM,2/20/2024 5:00:00 PM,FVG Short,Stop loss,($256.12),$14655.68,$6.12,$250.00,$40.00,$296.12,5,
737,NG JAN26,Backtest,FairValueGapStrategyFiltered,Short,1,4.592,4.542,2/22/2024 4:00:00 PM,2/22/2024 5:00:00 PM,FVG Short,Profit target,$493.88,$15149.56,$6.12,$110.00,$500.00,$6.12,5,
738,NG JAN26,Backtest,FairValueGapStrategyFiltered,Short,1,4.491,4.516,2/23/2024 4:00:00 PM,2/23/2024 4:45:00 PM,FVG Short,Stop loss,($256.12),$14893.44,$6.12,$250.00,$10.00,$266.12,4,
739,NG JAN26,Backtest,FairValueGapStrategyFiltered,Short,1,4.576,4.601,3/8/2024 4:00:00 PM,3/8/2024 7:15:00 PM,FVG Short,Stop loss,($256.12),$14637.32,$6.12,$250.00,$70.00,$326.12,14,
740,NG JAN26,Backtest,FairValueGapStrategyFiltered,Short,1,4.555,4.550,3/11/2024 3:15:00 PM,3/11/2024 7:05:00 PM,FVG Short,Exit on session close,$43.88,$14681.20,$6.12,$20.00,$260.00,$216.12,17,
741,NG JAN26,Backtest,FairValueGapStrategyFiltered,Short,1,4.536,4.486,3/12/2024 3:45:00 PM,3/12/2024 4:15:00 PM,FVG Short,Profit target,$493.88,$15175.08,$6.12,$20.00,$500.00,$6.12,3,
742,NG JAN26,Backtest,FairValueGapStrategyFiltered,Short,1,4.464,4.489,3/15/2024 3:15:00 PM,3/15/2024 5:00:00 PM,FVG Short,Stop loss,($256.12),$14918.96,$6.12,$250.00,$170.00,$426.12,8,
743,NG JAN26,Backtest,FairValueGapStrategyFiltered,Short,1,4.481,4.484,3/18/2024 4:00:00 PM,3/18/2024 7:05:00 PM,FVG Short,Exit on session close,($36.12),$14882.84,$6.12,$150.00,$120.00,$156.12,14,
744,NG JAN26,Backtest,FairValueGapStrategyFiltered,Short,1,4.478,4.469,3/20/2024 3:15:00 PM,3/20/2024 7:05:00 PM,FVG Short,Exit on session close,$83.88,$14966.72,$6.12,$170.00,$140.00,$56.12,17,
745,NG JAN26,Backtest,FairValueGapStrategyFiltered,Short,1,4.459,4.458,3/21/2024 3:15:00 PM,3/21/2024 7:05:00 PM,FVG Short,Exit on session close,$3.88,$14970.60,$6.12,$180.00,$300.00,$296.12,17,
746,NG JAN26,Backtest,FairValueGapStrategyFiltered,Short,1,4.434,4.446,3/22/2024 3:15:00 PM,3/22/2024 7:05:00 PM,FVG Short,Exit on session close,($126.12),$14844.48,$6.12,$190.00,$20.00,$146.12,17,
747,NG JAN26,Backtest,FairValueGapStrategyFiltered,Short,1,4.417,4.442,3/25/2024 3:15:00 PM,3/25/2024 4:30:00 PM,FVG Short,Stop loss,($256.12),$14588.36,$6.12,$250.00,$90.00,$346.12,6,
748,NG JAN26,Backtest,FairValueGapStrategyFiltered,Short,1,4.348,4.341,3/27/2024 3:15:00 PM,3/27/2024 7:05:00 PM,FVG Short,Exit on session close,$63.88,$14652.24,$6.12,$120.00,$200.00,$136.12,17,
749,NG JAN26,Backtest,FairValueGapStrategyFiltered,Short,1,4.431,4.456,4/2/2024 4:00:00 PM,4/2/2024 4:15:00 PM,FVG Short,Stop loss,($256.12),$14396.12,$6.12,$250.00,$40.00,$296.12,2,
750,NG JAN26,Backtest,FairValueGapStrategyFiltered,Short,1,4.437,4.387,4/11/2024 4:00:00 PM,4/11/2024 7:45:00 PM,FVG Short,Profit target,$493.88,$14890.00,$6.12,$170.00,$500.00,$6.12,16,
751,NG JAN26,Backtest,FairValueGapStrategyFiltered,Short,1,4.352,4.309,4/15/2024 4:00:00 PM,4/15/2024 8:05:00 PM,FVG Short,Exit on session close,$423.88,$15313.88,$6.12,$180.00,$500.00,$76.12,18,
752,NG JAN26,Backtest,FairValueGapStrategyFiltered,Short,1,4.361,4.330,4/24/2024 4:00:00 PM,4/24/2024 8:05:00 PM,FVG Short,Exit on session close,$303.88,$15617.76,$6.12,$40.00,$360.00,$56.12,18,
753,NG JAN26,Backtest,FairValueGapStrategyFiltered,Short,1,4.288,4.313,4/25/2024 4:00:00 PM,4/25/2024 6:00:00 PM,FVG Short,Stop loss,($256.12),$15361.64,$6.12,$250.00,$250.00,$506.12,9,
754,NG JAN26,Backtest,FairValueGapStrategyFiltered,Short,1,4.277,4.254,4/26/2024 4:00:00 PM,4/26/2024 8:05:00 PM,FVG Short,Exit on session close,$223.88,$15585.52,$6.12,$60.00,$350.00,$126.12,18,
755,NG JAN26,Backtest,FairValueGapStrategyFiltered,Short,1,4.264,4.276,5/1/2024 4:00:00 PM,5/1/2024 8:05:00 PM,FVG Short,Exit on session close,($126.12),$15459.40,$6.12,$220.00,$180.00,$306.12,18,
756,NG JAN26,Backtest,FairValueGapStrategyFiltered,Short,1,4.841,4.866,5/28/2024 4:00:00 PM,5/28/2024 6:00:00 PM,FVG Short,Stop loss,($256.12),$15203.28,$6.12,$250.00,$140.00,$396.12,9,
757,NG JAN26,Backtest,FairValueGapStrategyFiltered,Short,1,4.796,4.746,5/29/2024 4:00:00 PM,5/29/2024 6:00:00 PM,FVG Short,Profit target,$493.88,$15697.16,$6.12,$90.00,$500.00,$6.12,9,
758,NG JAN26,Backtest,FairValueGapStrategyFiltered,Short,1,4.666,4.691,5/30/2024 4:00:00 PM,5/30/2024 6:15:00 PM,FVG Short,Stop loss,($256.12),$15441.04,$6.12,$250.00,$230.00,$486.12,10,
759,NG JAN26,Backtest,FairValueGapStrategyFiltered,Short,1,4.885,4.835,6/17/2024 4:00:00 PM,6/17/2024 5:15:00 PM,FVG Short,Profit target,$493.88,$15934.92,$6.12,$20.00,$500.00,$6.12,6,
760,NG JAN26,Backtest,FairValueGapStrategyFiltered,Short,1,4.898,4.848,6/20/2024 4:00:00 PM,6/20/2024 6:45:00 PM,FVG Short,Profit target,$493.88,$16428.80,$6.12,$100.00,$500.00,$6.12,12,
761,NG JAN26,Backtest,FairValueGapStrategyFiltered,Short,1,4.813,4.838,6/25/2024 4:00:00 PM,6/25/2024 5:30:00 PM,FVG Short,Stop loss,($256.12),$16172.68,$6.12,$250.00,$80.00,$336.12,7,
762,NG JAN26,Backtest,FairValueGapStrategyFiltered,Short,1,4.735,4.695,6/26/2024 4:00:00 PM,6/26/2024 8:05:00 PM,FVG Short,Exit on session close,$393.88,$16566.56,$6.12,$170.00,$410.00,$16.12,18,
763,NG JAN26,Backtest,FairValueGapStrategyFiltered,Short,1,4.671,4.696,6/27/2024 4:00:00 PM,6/27/2024 4:45:00 PM,FVG Short,Stop loss,($256.12),$16310.44,$6.12,$250.00,$380.00,$636.12,4,
764,NG JAN26,Backtest,FairValueGapStrategyFiltered,Short,1,4.626,4.576,6/28/2024 4:00:00 PM,6/28/2024 5:00:00 PM,FVG Short,Profit target,$493.88,$16804.32,$6.12,$40.00,$500.00,$6.12,5,
765,NG JAN26,Backtest,FairValueGapStrategyFiltered,Short,1,4.517,4.467,7/1/2024 4:00:00 PM,7/1/2024 4:45:00 PM,FVG Short,Profit target,$493.88,$17298.20,$6.12,$10.00,$500.00,$6.12,4,
766,NG JAN26,Backtest,FairValueGapStrategyFiltered,Short,1,4.385,4.391,7/2/2024 4:00:00 PM,7/2/2024 8:05:00 PM,FVG Short,Exit on session close,($66.12),$17232.08,$6.12,$140.00,$240.00,$306.12,18,
767,NG JAN26,Backtest,FairValueGapStrategyFiltered,Short,1,4.343,4.293,7/5/2024 4:00:00 PM,7/5/2024 6:00:00 PM,FVG Short,Profit target,$493.88,$17725.96,$6.12,$0.00,$500.00,$6.12,9,
768,NG JAN26,Backtest,FairValueGapStrategyFiltered,Short,1,4.290,4.240,7/10/2024 4:00:00 PM,7/10/2024 6:30:00 PM,FVG Short,Profit target,$493.88,$18219.84,$6.12,$50.00,$500.00,$6.12,11,
769,NG JAN26,Backtest,FairValueGapStrategyFiltered,Short,1,4.235,4.212,7/11/2024 4:00:00 PM,7/11/2024 8:05:00 PM,FVG Short,Exit on session close,$223.88,$18443.72,$6.12,$140.00,$280.00,$56.12,18,
770,NG JAN26,Backtest,FairValueGapStrategyFiltered,Short,1,4.173,4.138,7/15/2024 4:00:00 PM,7/15/2024 8:05:00 PM,FVG Short,Exit on session close,$343.88,$18787.60,$6.12,$180.00,$350.00,$6.12,18,
771,NG JAN26,Backtest,FairValueGapStrategyFiltered,Short,1,4.137,4.162,7/16/2024 4:00:00 PM,7/16/2024 5:00:00 PM,FVG Short,Stop loss,($256.12),$18531.48,$6.12,$250.00,$110.00,$366.12,5,
772,NG JAN26,Backtest,FairValueGapStrategyFiltered,Short,1,4.047,3.997,7/17/2024 4:00:00 PM,7/17/2024 4:15:00 PM,FVG Short,Profit target,$493.88,$19025.36,$6.12,$10.00,$500.00,$6.12,2,
773,NG JAN26,Backtest,FairValueGapStrategyFiltered,Short,1,4.035,4.060,7/19/2024 4:00:00 PM,7/19/2024 7:00:00 PM,FVG Short,Stop loss,($256.12),$18769.24,$6.12,$250.00,$120.00,$376.12,13,
774,NG JAN26,Backtest,FairValueGapStrategyFiltered,Short,1,4.154,4.133,7/23/2024 4:00:00 PM,7/23/2024 8:05:00 PM,FVG Short,Exit on session close,$203.88,$18973.12,$6.12,$30.00,$270.00,$66.12,18,
775,NG JAN26,Backtest,FairValueGapStrategyFiltered,Short,1,4.072,4.097,7/24/2024 4:00:00 PM,7/24/2024 4:30:00 PM,FVG Short,Stop loss,($256.12),$18717.00,$6.12,$250.00,$10.00,$266.12,3,
776,NG JAN26,Backtest,FairValueGapStrategyFiltered,Short,1,4.033,3.983,7/25/2024 4:00:00 PM,7/25/2024 8:05:00 PM,FVG Short,Profit target,$493.88,$19210.88,$6.12,$200.00,$500.00,$6.12,18,
777,NG JAN26,Backtest,FairValueGapStrategyFiltered,Short,1,3.945,3.970,7/29/2024 4:00:00 PM,7/29/2024 8:00:00 PM,FVG Short,Stop loss,($256.12),$18954.76,$6.12,$250.00,$370.00,$626.12,17,
778,NG JAN26,Backtest,FairValueGapStrategyFiltered,Short,1,3.951,3.976,7/30/2024 4:00:00 PM,7/30/2024 4:45:00 PM,FVG Short,Stop loss,($256.12),$18698.64,$6.12,$250.00,$130.00,$386.12,4,
779,NG JAN26,Backtest,FairValueGapStrategyFiltered,Short,1,3.964,3.989,7/31/2024 4:00:00 PM,7/31/2024 6:30:00 PM,FVG Short,Stop loss,($256.12),$18442.52,$6.12,$250.00,$200.00,$456.12,11,
780,NG JAN26,Backtest,FairValueGapStrategyFiltered,Short,1,4.008,3.958,8/22/2024 4:00:00 PM,8/22/2024 5:00:00 PM,FVG Short,Profit target,$493.88,$18936.40,$6.12,$60.00,$500.00,$6.12,5,
781,NG JAN26,Backtest,FairValueGapStrategyFiltered,Short,1,3.932,3.929,8/23/2024 4:00:00 PM,8/23/2024 8:05:00 PM,FVG Short,Exit on session close,$23.88,$18960.28,$6.12,$200.00,$130.00,$106.12,18,
782,NG JAN26,Backtest,FairValueGapStrategyFiltered,Short,1,3.840,3.826,8/27/2024 4:00:00 PM,8/27/2024 8:05:00 PM,FVG Short,Exit on session close,$133.88,$19094.16,$6.12,$90.00,$440.00,$306.12,18,
783,NG JAN26,Backtest,FairValueGapStrategyFiltered,Short,1,3.793,3.818,8/28/2024 4:00:00 PM,8/28/2024 4:45:00 PM,FVG Short,Stop loss,($256.12),$18838.04,$6.12,$250.00,$90.00,$346.12,4,
784,NG JAN26,Backtest,FairValueGapStrategyFiltered,Short,1,3.781,3.806,8/29/2024 4:00:00 PM,8/29/2024 4:15:00 PM,FVG Short,Stop loss,($256.12),$18581.92,$6.12,$250.00,$0.00,$256.12,2,
785,NG JAN26,Backtest,FairValueGapStrategyFiltered,Short,1,3.845,3.870,9/3/2024 4:00:00 PM,9/3/2024 4:30:00 PM,FVG Short,Stop loss,($256.12),$18325.80,$6.12,$250.00,$190.00,$446.12,3,
786,NG JAN26,Backtest,FairValueGapStrategyFiltered,Short,1,4.012,4.037,9/19/2024 4:00:00 PM,9/19/2024 5:30:00 PM,FVG Short,Stop loss,($256.12),$18069.68,$6.12,$250.00,$380.00,$636.12,7,
787,NG JAN26,Backtest,FairValueGapStrategyFiltered,Short,1,4.301,4.251,10/7/2024 4:00:00 PM,10/7/2024 6:45:00 PM,FVG Short,Profit target,$493.88,$18563.56,$6.12,$0.00,$500.00,$6.12,12,
788,NG JAN26,Backtest,FairValueGapStrategyFiltered,Short,1,4.216,4.166,10/9/2024 4:00:00 PM,10/9/2024 5:30:00 PM,FVG Short,Profit target,$493.88,$19057.44,$6.12,$20.00,$500.00,$6.12,7,
789,NG JAN26,Backtest,FairValueGapStrategyFiltered,Short,1,4.146,4.171,10/10/2024 4:00:00 PM,10/10/2024 5:00:00 PM,FVG Short,Stop loss,($256.12),$18801.32,$6.12,$250.00,$270.00,$526.12,5,
790,NG JAN26,Backtest,FairValueGapStrategyFiltered,Short,1,4.077,4.027,10/14/2024 4:00:00 PM,10/14/2024 6:45:00 PM,FVG Short,Profit target,$493.88,$19295.20,$6.12,$60.00,$500.00,$6.12,12,
791,NG JAN26,Backtest,FairValueGapStrategyFiltered,Short,1,3.945,3.895,10/16/2024 4:00:00 PM,10/16/2024 8:05:00 PM,FVG Short,Profit target,$493.88,$19789.08,$6.12,$80.00,$500.00,$6.12,18,
792,NG JAN26,Backtest,FairValueGapStrategyFiltered,Short,1,3.824,3.782,10/18/2024 4:00:00 PM,10/18/2024 8:05:00 PM,FVG Short,Exit on session close,$413.88,$20202.96,$6.12,$10.00,$430.00,$16.12,18,
793,NG JAN26,Backtest,FairValueGapStrategyFiltered,Short,1,3.886,3.887,10/28/2024 3:15:00 PM,10/28/2024 7:05:00 PM,FVG Short,Exit on session close,($16.12),$20186.84,$6.12,$80.00,$480.00,$496.12,17,
794,NG JAN26,Backtest,FairValueGapStrategyFiltered,Short,1,3.860,3.885,10/30/2024 3:15:00 PM,10/30/2024 3:15:00 PM,FVG Short,Stop loss,($256.12),$19930.72,$6.12,$250.00,$0.00,$256.12,1,
795,NG JAN26,Backtest,FairValueGapStrategyFiltered,Short,1,3.801,3.751,10/31/2024 3:15:00 PM,10/31/2024 4:45:00 PM,FVG Short,Profit target,$493.88,$20424.60,$6.12,$240.00,$500.00,$6.12,7,
796,NG JAN26,Backtest,FairValueGapStrategyFiltered,Short,1,3.741,3.691,11/1/2024 3:15:00 PM,11/1/2024 4:15:00 PM,FVG Short,Profit target,$493.88,$20918.48,$6.12,$0.00,$500.00,$6.12,5,
797,NG JAN26,Backtest,FairValueGapStrategyFiltered,Short,1,3.715,3.740,11/7/2024 4:00:00 PM,11/7/2024 5:00:00 PM,FVG Short,Stop loss,($256.12),$20662.36,$6.12,$250.00,$220.00,$476.12,5,
798,NG JAN26,Backtest,FairValueGapStrategyFiltered,Short,1,3.804,3.829,11/15/2024 4:00:00 PM,11/15/2024 5:00:00 PM,FVG Short,Stop loss,($256.12),$20406.24,$6.12,$250.00,$90.00,$346.12,5,
799,NG JAN26,Backtest,FairValueGapStrategyFiltered,Short,1,4.119,4.144,12/2/2024 4:00:00 PM,12/2/2024 4:45:00 PM,FVG Short,Stop loss,($256.12),$20150.12,$6.12,$250.00,$230.00,$486.12,4,
800,NG JAN26,Backtest,FairValueGapStrategyFiltered,Short,1,3.987,3.937,12/3/2024 4:00:00 PM,12/3/2024 5:00:00 PM,FVG Short,Profit target,$493.88,$20644.00,$6.12,$70.00,$500.00,$6.12,5,
801,NG JAN26,Backtest,FairValueGapStrategyFiltered,Short,1,3.927,3.952,12/6/2024 4:00:00 PM,12/6/2024 4:45:00 PM,FVG Short,Stop loss,($256.12),$20387.88,$6.12,$250.00,$180.00,$436.12,4,
802,NG JAN26,Backtest,FairValueGapStrategyFiltered,Short,1,3.957,3.982,12/10/2024 4:00:00 PM,12/10/2024 4:45:00 PM,FVG Short,Stop loss,($256.12),$20131.76,$6.12,$250.00,$140.00,$396.12,4,
803,NG JAN26,Backtest,FairValueGapStrategyFiltered,Short,1,3.993,4.018,12/17/2024 4:00:00 PM,12/17/2024 5:15:00 PM,FVG Short,Stop loss,($256.12),$19875.64,$6.12,$250.00,$300.00,$556.12,6,
804,NG JAN26,Backtest,FairValueGapStrategyFiltered,Short,1,5.173,5.198,1/24/2025 4:00:00 PM,1/24/2025 5:30:00 PM,FVG Short,Stop loss,($256.12),$19619.52,$6.12,$250.00,$450.00,$706.12,7,
805,NG JAN26,Backtest,FairValueGapStrategyFiltered,Short,1,5.152,5.102,1/27/2025 4:00:00 PM,1/27/2025 5:45:00 PM,FVG Short,Profit target,$493.88,$20113.40,$6.12,$120.00,$500.00,$6.12,8,
806,NG JAN26,Backtest,FairValueGapStrategyFiltered,Short,1,5.056,5.081,1/28/2025 4:00:00 PM,1/28/2025 4:00:00 PM,FVG Short,Stop loss,($256.12),$19857.28,$6.12,$250.00,$0.00,$256.12,1,
807,NG JAN26,Backtest,FairValueGapStrategyFiltered,Short,1,5.020,5.045,1/30/2025 4:00:00 PM,1/30/2025 4:45:00 PM,FVG Short,Stop loss,($256.12),$19601.16,$6.12,$250.00,$150.00,$406.12,4,
808,NG JAN26,Backtest,FairValueGapStrategyFiltered,Short,1,5.099,5.124,2/4/2025 4:00:00 PM,2/4/2025 4:30:00 PM,FVG Short,Stop loss,($256.12),$19345.04,$6.12,$250.00,$90.00,$346.12,3,
809,NG JAN26,Backtest,FairValueGapStrategyFiltered,Short,1,5.887,5.912,2/28/2025 4:00:00 PM,2/28/2025 4:30:00 PM,FVG Short,Stop loss,($256.12),$19088.92,$6.12,$250.00,$40.00,$296.12,3,
810,NG JAN26,Backtest,FairValueGapStrategyFiltered,Short,1,6.189,6.139,3/12/2025 3:15:00 PM,3/12/2025 5:45:00 PM,FVG Short,Profit target,$493.88,$19582.80,$6.12,$220.00,$500.00,$6.12,11,
811,NG JAN26,Backtest,FairValueGapStrategyFiltered,Short,1,5.995,6.020,3/13/2025 3:15:00 PM,3/13/2025 3:45:00 PM,FVG Short,Stop loss,($256.12),$19326.68,$6.12,$250.00,$130.00,$386.12,3,
812,NG JAN26,Backtest,FairValueGapStrategyFiltered,Short,1,5.981,6.006,3/14/2025 3:15:00 PM,3/14/2025 3:15:00 PM,FVG Short,Stop loss,($256.12),$19070.56,$6.12,$250.00,$0.00,$256.12,1,
813,NG JAN26,Backtest,FairValueGapStrategyFiltered,Short,1,6.038,6.063,3/17/2025 3:15:00 PM,3/17/2025 3:15:00 PM,FVG Short,Stop loss,($256.12),$18814.44,$6.12,$250.00,$0.00,$256.12,1,
814,NG JAN26,Backtest,FairValueGapStrategyFiltered,Short,1,6.119,6.144,3/20/2025 3:15:00 PM,3/20/2025 3:45:00 PM,FVG Short,Stop loss,($256.12),$18558.32,$6.12,$250.00,$190.00,$446.12,3,
815,NG JAN26,Backtest,FairValueGapStrategyFiltered,Short,1,5.935,5.960,3/24/2025 3:45:00 PM,3/24/2025 3:45:00 PM,FVG Short,Stop loss,($256.12),$18302.20,$6.12,$250.00,$0.00,$256.12,1,
816,NG JAN26,Backtest,FairValueGapStrategyFiltered,Short,1,5.929,5.879,3/25/2025 3:15:00 PM,3/25/2025 4:15:00 PM,FVG Short,Profit target,$493.88,$18796.08,$6.12,$60.00,$500.00,$6.12,5,
817,NG JAN26,Backtest,FairValueGapStrategyFiltered,Short,1,5.815,5.840,3/27/2025 3:15:00 PM,3/27/2025 5:00:00 PM,FVG Short,Stop loss,($256.12),$18539.96,$6.12,$250.00,$440.00,$696.12,8,
818,NG JAN26,Backtest,FairValueGapStrategyFiltered,Short,1,5.843,5.868,3/28/2025 3:15:00 PM,3/28/2025 4:00:00 PM,FVG Short,Stop loss,($256.12),$18283.84,$6.12,$250.00,$270.00,$526.12,4,
819,NG JAN26,Backtest,FairValueGapStrategyFiltered,Short,1,5.882,5.832,4/4/2025 4:00:00 PM,4/4/2025 4:30:00 PM,FVG Short,Profit target,$493.88,$18777.72,$6.12,$150.00,$500.00,$6.12,3,
820,NG JAN26,Backtest,FairValueGapStrategyFiltered,Short,1,5.253,5.278,4/15/2025 4:00:00 PM,4/15/2025 7:00:00 PM,FVG Short,Stop loss,($256.12),$18521.60,$6.12,$250.00,$440.00,$696.12,13,
821,NG JAN26,Backtest,FairValueGapStrategyFiltered,Short,1,5.230,5.180,4/16/2025 4:00:00 PM,4/16/2025 5:30:00 PM,FVG Short,Profit target,$493.88,$19015.48,$6.12,$160.00,$500.00,$6.12,7,
822,NG JAN26,Backtest,FairValueGapStrategyFiltered,Short,1,5.097,5.047,4/21/2025 4:00:00 PM,4/21/2025 4:45:00 PM,FVG Short,Profit target,$493.88,$19509.36,$6.12,$90.00,$500.00,$6.12,4,
823,NG JAN26,Backtest,FairValueGapStrategyFiltered,Short,1,4.864,4.889,4/24/2025 4:00:00 PM,4/24/2025 4:15:00 PM,FVG Short,Stop loss,($256.12),$19253.24,$6.12,$250.00,$90.00,$346.12,2,
824,NG JAN26,Backtest,FairValueGapStrategyFiltered,Short,1,5.328,5.353,5/14/2025 4:00:00 PM,5/14/2025 5:15:00 PM,FVG Short,Stop loss,($256.12),$18997.12,$6.12,$250.00,$290.00,$546.12,6,
825,NG JAN26,Backtest,FairValueGapStrategyFiltered,Short,1,5.270,5.295,5/15/2025 4:00:00 PM,5/15/2025 4:15:00 PM,FVG Short,Stop loss,($256.12),$18741.00,$6.12,$250.00,$120.00,$376.12,2,
826,NG JAN26,Backtest,FairValueGapStrategyFiltered,Short,1,4.988,4.938,5/19/2025 4:00:00 PM,5/19/2025 7:15:00 PM,FVG Short,Profit target,$493.88,$19234.88,$6.12,$110.00,$500.00,$6.12,14,
827,NG JAN26,Backtest,FairValueGapStrategyFiltered,Short,1,5.099,5.124,5/22/2025 4:00:00 PM,5/22/2025 4:15:00 PM,FVG Short,Stop loss,($256.12),$18978.76,$6.12,$250.00,$10.00,$266.12,2,
828,NG JAN26,Backtest,FairValueGapStrategyFiltered,Short,1,4.961,4.986,5/29/2025 4:00:00 PM,5/29/2025 4:15:00 PM,FVG Short,Stop loss,($256.12),$18722.64,$6.12,$250.00,$160.00,$416.12,2,
829,NG JAN26,Backtest,FairValueGapStrategyFiltered,Short,1,5.041,5.066,6/9/2025 4:00:00 PM,6/9/2025 4:45:00 PM,FVG Short,Stop loss,($256.12),$18466.52,$6.12,$250.00,$330.00,$586.12,4,
830,NG JAN26,Backtest,FairValueGapStrategyFiltered,Short,1,5.021,4.971,6/10/2025 4:00:00 PM,6/10/2025 6:45:00 PM,FVG Short,Profit target,$493.88,$18960.40,$6.12,$40.00,$500.00,$6.12,12,
831,NG JAN26,Backtest,FairValueGapStrategyFiltered,Short,1,5.049,5.074,6/24/2025 4:00:00 PM,6/24/2025 4:45:00 PM,FVG Short,Stop loss,($256.12),$18704.28,$6.12,$250.00,$100.00,$356.12,4,
832,NG JAN26,Backtest,FairValueGapStrategyFiltered,Short,1,4.936,4.961,6/25/2025 4:00:00 PM,6/25/2025 6:30:00 PM,FVG Short,Stop loss,($256.12),$18448.16,$6.12,$250.00,$190.00,$446.12,11,
833,NG JAN26,Backtest,FairValueGapStrategyFiltered,Short,1,4.840,4.790,6/26/2025 4:00:00 PM,6/26/2025 4:45:00 PM,FVG Short,Profit target,$493.88,$18942.04,$6.12,$150.00,$500.00,$6.12,4,
834,NG JAN26,Backtest,FairValueGapStrategyFiltered,Short,1,4.853,4.803,6/30/2025 4:00:00 PM,6/30/2025 4:15:00 PM,FVG Short,Profit target,$493.88,$19435.92,$6.12,$10.00,$500.00,$6.12,2,
835,NG JAN26,Backtest,FairValueGapStrategyFiltered,Short,1,4.656,4.681,7/1/2025 4:00:00 PM,7/1/2025 5:00:00 PM,FVG Short,Stop loss,($256.12),$19179.80,$6.12,$250.00,$420.00,$676.12,5,
836,NG JAN26,Backtest,FairValueGapStrategyFiltered,Short,1,4.692,4.717,7/7/2025 4:00:00 PM,7/7/2025 5:00:00 PM,FVG Short,Stop loss,($256.12),$18923.68,$6.12,$250.00,$200.00,$456.12,5,
837,NG JAN26,Backtest,FairValueGapStrategyFiltered,Short,1,4.685,4.710,7/8/2025 4:00:00 PM,7/8/2025 4:15:00 PM,FVG Short,Stop loss,($256.12),$18667.56,$6.12,$250.00,$90.00,$346.12,2,
838,NG JAN26,Backtest,FairValueGapStrategyFiltered,Short,1,4.521,4.471,7/9/2025 4:00:00 PM,7/9/2025 6:15:00 PM,FVG Short,Profit target,$493.88,$19161.44,$6.12,$220.00,$500.00,$6.12,10,
839,NG JAN26,Backtest,FairValueGapStrategyFiltered,Short,1,4.687,4.637,7/21/2025 4:00:00 PM,7/21/2025 6:45:00 PM,FVG Short,Profit target,$493.88,$19655.32,$6.12,$20.00,$500.00,$6.12,12,
840,NG JAN26,Backtest,FairValueGapStrategyFiltered,Short,1,4.571,4.596,7/22/2025 4:00:00 PM,7/22/2025 6:30:00 PM,FVG Short,Stop loss,($256.12),$19399.20,$6.12,$250.00,$300.00,$556.12,11,
841,NG JAN26,Backtest,FairValueGapStrategyFiltered,Short,1,4.451,4.401,7/23/2025 4:00:00 PM,7/23/2025 5:00:00 PM,FVG Short,Profit target,$493.88,$19893.08,$6.12,$70.00,$500.00,$6.12,5,
842,NG JAN26,Backtest,FairValueGapStrategyFiltered,Short,1,4.306,4.331,7/30/2025 4:00:00 PM,7/30/2025 7:15:00 PM,FVG Short,Stop loss,($256.12),$19636.96,$6.12,$250.00,$180.00,$436.12,14,
843,NG JAN26,Backtest,FairValueGapStrategyFiltered,Short,1,4.290,4.315,7/31/2025 4:00:00 PM,7/31/2025 5:15:00 PM,FVG Short,Stop loss,($256.12),$19380.84,$6.12,$250.00,$460.00,$716.12,6,
844,NG JAN26,Backtest,FairValueGapStrategyFiltered,Short,1,4.280,4.230,8/4/2025 4:00:00 PM,8/4/2025 4:30:00 PM,FVG Short,Profit target,$493.88,$19874.72,$6.12,$20.00,$500.00,$6.12,3,
845,NG JAN26,Backtest,FairValueGapStrategyFiltered,Short,1,4.316,4.266,8/8/2025 4:00:00 PM,8/8/2025 7:15:00 PM,FVG Short,Profit target,$493.88,$20368.60,$6.12,$150.00,$500.00,$6.12,14,
846,NG JAN26,Backtest,FairValueGapStrategyFiltered,Short,1,4.135,4.085,8/12/2025 4:00:00 PM,8/12/2025 5:15:00 PM,FVG Short,Profit target,$493.88,$20862.48,$6.12,$60.00,$500.00,$6.12,6,
847,NG JAN26,Backtest,FairValueGapStrategyFiltered,Short,1,4.153,4.178,8/18/2025 4:00:00 PM,8/18/2025 7:15:00 PM,FVG Short,Stop loss,($256.12),$20606.36,$6.12,$250.00,$220.00,$476.12,14,
848,NG JAN26,Backtest,FairValueGapStrategyFiltered,Short,1,4.034,4.035,8/19/2025 4:00:00 PM,8/19/2025 8:05:00 PM,FVG Short,Exit on session close,($16.12),$20590.24,$6.12,$180.00,$370.00,$386.12,18,
849,NG JAN26,Backtest,FairValueGapStrategyFiltered,Short,1,4.044,3.994,8/22/2025 4:00:00 PM,8/22/2025 5:45:00 PM,FVG Short,Profit target,$493.88,$21084.12,$6.12,$140.00,$500.00,$6.12,8,
850,NG JAN26,Backtest,FairValueGapStrategyFiltered,Short,1,3.955,3.980,8/25/2025 4:00:00 PM,8/25/2025 4:30:00 PM,FVG Short,Stop loss,($256.12),$20828.00,$6.12,$250.00,$70.00,$326.12,3,
851,NG JAN26,Backtest,FairValueGapStrategyFiltered,Short,1,4.198,4.148,9/18/2025 4:00:00 PM,9/18/2025 4:45:00 PM,FVG Short,Profit target,$493.88,$21321.88,$6.12,$160.00,$500.00,$6.12,4,
852,NG JAN26,Backtest,FairValueGapStrategyFiltered,Short,1,4.047,4.072,9/19/2025 4:00:00 PM,9/19/2025 4:15:00 PM,FVG Short,Stop loss,($256.12),$21065.76,$6.12,$250.00,$50.00,$306.12,2,
853,NG JAN26,Backtest,FairValueGapStrategyFiltered,Short,1,3.974,3.999,9/23/2025 4:00:00 PM,9/23/2025 4:30:00 PM,FVG Short,Stop loss,($256.12),$20809.64,$6.12,$250.00,$100.00,$356.12,3,
854,NG JAN26,Backtest,FairValueGapStrategyFiltered,Short,1,4.019,4.044,9/26/2025 4:00:00 PM,9/26/2025 4:45:00 PM,FVG Short,Stop loss,($256.12),$20553.52,$6.12,$250.00,$150.00,$406.12,4,
855,NG JAN26,Backtest,FairValueGapStrategyFiltered,Short,1,4.061,4.011,10/10/2025 4:00:00 PM,10/10/2025 7:00:00 PM,FVG Short,Profit target,$493.88,$21047.40,$6.12,$200.00,$500.00,$6.12,13,
856,NG JAN26,Backtest,FairValueGapStrategyFiltered,Short,1,3.923,3.948,10/13/2025 4:00:00 PM,10/13/2025 4:15:00 PM,FVG Short,Stop loss,($256.12),$20791.28,$6.12,$250.00,$60.00,$316.12,2,
857,NG JAN26,Backtest,FairValueGapStrategyFiltered,Short,1,3.927,3.952,10/14/2025 4:00:00 PM,10/14/2025 4:45:00 PM,FVG Short,Stop loss,($256.12),$20535.16,$6.12,$250.00,$190.00,$446.12,4,
