Trade number,Instrument,Account,Strategy,Market pos.,Qty,Entry price,Exit price,Entry time,Exit time,Entry name,Exit name,Profit,Cum. net profit,Commission,MAE,MFE,ETD,Bars,
1,NQ DEC25,Backtest,FairValueGapStrategyFiltered,Long,1,8957.75,9057.75,1/4/2019 4:15:00 PM,1/4/2019 5:15:00 PM,FVG Long,Profit target,$2000.00,$2000.00,$0.00,$545.00,$2000.00,$0.00,5,
2,NQ DEC25,Backtest,FairValueGapStrategyFiltered,Long,1,9091.25,9155.00,1/7/2019 3:45:00 PM,1/7/2019 11:00:00 PM,FVG Long,Exit on session close,$1275.00,$3275.00,$0.00,$380.00,$1890.00,$615.00,29,
3,NQ DEC25,Backtest,FairValueGapStrategyFiltered,Short,1,9189.50,9239.50,1/10/2019 4:15:00 PM,1/10/2019 5:00:00 PM,FVG Short,Stop loss,($1000.00),$2275.00,$0.00,$1000.00,$60.00,$1060.00,4,
4,NQ DEC25,Backtest,FairValueGapStrategyFiltered,Long,1,9294.75,9328.50,1/15/2019 4:15:00 PM,1/15/2019 11:00:00 PM,FVG Long,Exit on session close,$675.00,$2950.00,$0.00,$315.00,$885.00,$210.00,27,
5,NQ DEC25,Backtest,FairValueGapStrategyFiltered,Long,1,9372.50,9322.50,1/16/2019 4:15:00 PM,1/16/2019 10:15:00 PM,FVG Long,Stop loss,($1000.00),$1950.00,$0.00,$1000.00,$195.00,$1195.00,25,
6,NQ DEC25,Backtest,FairValueGapStrategyFiltered,Long,1,9338.75,9380.75,1/17/2019 4:15:00 PM,1/17/2019 11:00:00 PM,FVG Long,Exit on session close,$840.00,$2790.00,$0.00,$345.00,$1425.00,$585.00,27,
7,NQ DEC25,Backtest,FairValueGapStrategyFiltered,Long,1,9431.50,9445.25,1/25/2019 4:30:00 PM,1/25/2019 11:00:00 PM,FVG Long,Exit on session close,$275.00,$3065.00,$0.00,$265.00,$580.00,$305.00,26,
8,NQ DEC25,Backtest,FairValueGapStrategyFiltered,Short,1,9350.50,9348.75,1/28/2019 3:45:00 PM,1/28/2019 11:00:00 PM,FVG Short,Exit on session close,$35.00,$3100.00,$0.00,$140.00,$1045.00,$1010.00,29,
9,NQ DEC25,Backtest,FairValueGapStrategyFiltered,Short,1,9331.25,9331.25,1/29/2019 4:00:00 PM,1/29/2019 11:00:00 PM,FVG Short,Exit on session close,$0.00,$3100.00,$0.00,$460.00,$1290.00,$1290.00,28,
10,NQ DEC25,Backtest,FairValueGapStrategyFiltered,Long,1,9365.00,9465.00,1/30/2019 3:45:00 PM,1/30/2019 9:00:00 PM,FVG Long,Profit target,$2000.00,$5100.00,$0.00,$410.00,$2000.00,$0.00,22,
11,NQ DEC25,Backtest,FairValueGapStrategyFiltered,Long,1,9525.75,9582.50,1/31/2019 4:15:00 PM,1/31/2019 11:00:00 PM,FVG Long,Exit on session close,$1135.00,$6235.00,$0.00,$100.00,$1345.00,$210.00,27,
12,NQ DEC25,Backtest,FairValueGapStrategyFiltered,Long,1,9622.50,9662.50,2/5/2019 3:45:00 PM,2/5/2019 11:00:00 PM,FVG Long,Exit on session close,$800.00,$7035.00,$0.00,$60.00,$1225.00,$425.00,29,
13,NQ DEC25,Backtest,FairValueGapStrategyFiltered,Short,1,9567.50,9554.50,2/7/2019 4:00:00 PM,2/7/2019 11:00:00 PM,FVG Short,Exit on session close,$260.00,$7295.00,$0.00,$835.00,$1225.00,$965.00,28,
14,NQ DEC25,Backtest,FairValueGapStrategyFiltered,Long,1,9632.75,9670.50,2/12/2019 4:15:00 PM,2/12/2019 11:00:00 PM,FVG Long,Exit on session close,$755.00,$8050.00,$0.00,$5.00,$915.00,$160.00,27,
15,NQ DEC25,Backtest,FairValueGapStrategyFiltered,Long,1,9722.25,9730.75,2/18/2019 4:30:00 PM,2/18/2019 7:00:00 PM,FVG Long,Exit on session close,$170.00,$8220.00,$0.00,$60.00,$210.00,$40.00,11,
16,NQ DEC25,Backtest,FairValueGapStrategyFiltered,Long,1,9717.25,9718.50,2/19/2019 4:15:00 PM,2/19/2019 11:00:00 PM,FVG Long,Exit on session close,$25.00,$8245.00,$0.00,$130.00,$550.00,$525.00,27,
17,NQ DEC25,Backtest,FairValueGapStrategyFiltered,Short,1,9673.50,9687.50,2/21/2019 4:15:00 PM,2/21/2019 11:00:00 PM,FVG Short,Exit on session close,($280.00),$7965.00,$0.00,$920.00,$370.00,$650.00,27,
18,NQ DEC25,Backtest,FairValueGapStrategyFiltered,Long,1,9764.50,9761.25,2/26/2019 4:15:00 PM,2/26/2019 11:00:00 PM,FVG Long,Exit on session close,($65.00),$7900.00,$0.00,$240.00,$730.00,$795.00,27,
19,NQ DEC25,Backtest,FairValueGapStrategyFiltered,Long,1,9761.25,9760.25,2/28/2019 4:15:00 PM,2/28/2019 11:00:00 PM,FVG Long,Exit on session close,($20.00),$7880.00,$0.00,$535.00,$390.00,$410.00,27,
20,NQ DEC25,Backtest,FairValueGapStrategyFiltered,Short,1,9787.50,9808.75,3/5/2019 4:15:00 PM,3/5/2019 11:00:00 PM,FVG Short,Exit on session close,($425.00),$7455.00,$0.00,$890.00,$60.00,$485.00,27,
21,NQ DEC25,Backtest,FairValueGapStrategyFiltered,Short,1,9716.25,9677.00,3/7/2019 4:00:00 PM,3/7/2019 11:00:00 PM,FVG Short,Exit on session close,$785.00,$8240.00,$0.00,$270.00,$1275.00,$490.00,28,
22,NQ DEC25,Backtest,FairValueGapStrategyFiltered,Long,1,9768.25,9821.25,3/11/2019 4:15:00 PM,3/11/2019 10:00:00 PM,FVG Long,Exit on session close,$1060.00,$9300.00,$0.00,$75.00,$1130.00,$70.00,23,
23,NQ DEC25,Backtest,FairValueGapStrategyFiltered,Long,1,9850.75,9860.50,3/12/2019 4:00:00 PM,3/12/2019 10:00:00 PM,FVG Long,Exit on session close,$195.00,$9495.00,$0.00,$290.00,$415.00,$220.00,24,
24,NQ DEC25,Backtest,FairValueGapStrategyFiltered,Long,1,9923.75,9921.25,3/13/2019 4:30:00 PM,3/13/2019 10:00:00 PM,FVG Long,Exit on session close,($50.00),$9445.00,$0.00,$420.00,$430.00,$480.00,22,
25,NQ DEC25,Backtest,FairValueGapStrategyFiltered,Long,1,10097.25,10151.00,3/21/2019 4:30:00 PM,3/21/2019 10:00:00 PM,FVG Long,Exit on session close,$1075.00,$10520.00,$0.00,$250.00,$1295.00,$220.00,22,
26,NQ DEC25,Backtest,FairValueGapStrategyFiltered,Short,1,10064.75,9979.50,3/22/2019 4:30:00 PM,3/22/2019 10:00:00 PM,FVG Short,Exit on session close,$1705.00,$12225.00,$0.00,$115.00,$1815.00,$110.00,22,
27,NQ DEC25,Backtest,FairValueGapStrategyFiltered,Short,1,9978.50,9944.00,3/27/2019 4:15:00 PM,3/27/2019 10:00:00 PM,FVG Short,Exit on session close,$690.00,$12915.00,$0.00,$145.00,$1630.00,$940.00,23,
28,NQ DEC25,Backtest,FairValueGapStrategyFiltered,Short,1,9951.50,9976.00,3/28/2019 4:30:00 PM,3/28/2019 10:00:00 PM,FVG Short,Exit on session close,($490.00),$12425.00,$0.00,$540.00,$580.00,$1070.00,22,
29,NQ DEC25,Backtest,FairValueGapStrategyFiltered,Long,1,10212.00,10162.00,4/4/2019 4:15:00 PM,4/4/2019 4:45:00 PM,FVG Long,Stop loss,($1000.00),$11425.00,$0.00,$1000.00,$70.00,$1070.00,3,
30,NQ DEC25,Backtest,FairValueGapStrategyFiltered,Short,1,10197.00,10247.00,4/8/2019 4:15:00 PM,4/8/2019 10:00:00 PM,FVG Short,Stop loss,($1000.00),$10425.00,$0.00,$1000.00,$160.00,$1160.00,24,
31,NQ DEC25,Backtest,FairValueGapStrategyFiltered,Short,1,10254.75,10272.25,4/15/2019 4:30:00 PM,4/15/2019 11:00:00 PM,FVG Short,Exit on session close,($350.00),$10075.00,$0.00,$495.00,$700.00,$1050.00,26,
32,NQ DEC25,Backtest,FairValueGapStrategyFiltered,Long,1,10347.50,10308.25,4/17/2019 3:45:00 PM,4/17/2019 11:00:00 PM,FVG Long,Exit on session close,($785.00),$9290.00,$0.00,$970.00,$140.00,$925.00,29,
33,NQ DEC25,Backtest,FairValueGapStrategyFiltered,Long,1,10335.50,10336.75,4/18/2019 3:45:00 PM,4/18/2019 11:00:00 PM,FVG Long,Exit on session close,$25.00,$9315.00,$0.00,$990.00,$50.00,$25.00,29,
34,NQ DEC25,Backtest,FairValueGapStrategyFiltered,Long,1,10317.75,10360.50,4/22/2019 4:15:00 PM,4/22/2019 11:00:00 PM,FVG Long,Exit on session close,$855.00,$10170.00,$0.00,$50.00,$1000.00,$145.00,27,
35,NQ DEC25,Backtest,FairValueGapStrategyFiltered,Long,1,10370.75,10453.25,4/23/2019 3:45:00 PM,4/23/2019 11:00:00 PM,FVG Long,Exit on session close,$1650.00,$11820.00,$0.00,$205.00,$1880.00,$230.00,29,
36,NQ DEC25,Backtest,FairValueGapStrategyFiltered,Short,1,10405.50,10455.50,4/26/2019 4:00:00 PM,4/26/2019 9:45:00 PM,FVG Short,Stop loss,($1000.00),$10820.00,$0.00,$1000.00,$580.00,$1580.00,24,
37,NQ DEC25,Backtest,FairValueGapStrategyFiltered,Short,1,10310.75,10360.75,5/6/2019 3:45:00 PM,5/6/2019 3:45:00 PM,FVG Short,Stop loss,($1000.00),$9820.00,$0.00,$1000.00,$0.00,$1000.00,1,
38,NQ DEC25,Backtest,FairValueGapStrategyFiltered,Short,1,10340.75,10240.75,5/7/2019 3:45:00 PM,5/7/2019 7:30:00 PM,FVG Short,Profit target,$2000.00,$11820.00,$0.00,$655.00,$2000.00,$0.00,16,
39,NQ DEC25,Backtest,FairValueGapStrategyFiltered,Short,1,10146.50,10196.50,5/9/2019 4:15:00 PM,5/9/2019 6:45:00 PM,FVG Short,Stop loss,($1000.00),$10820.00,$0.00,$1000.00,$890.00,$1890.00,11,
40,NQ DEC25,Backtest,FairValueGapStrategyFiltered,Short,1,10142.00,10192.00,5/10/2019 4:30:00 PM,5/10/2019 8:00:00 PM,FVG Short,Stop loss,($1000.00),$9820.00,$0.00,$1000.00,$1705.00,$2705.00,15,
41,NQ DEC25,Backtest,FairValueGapStrategyFiltered,Short,1,9997.50,9935.25,5/13/2019 4:30:00 PM,5/13/2019 11:00:00 PM,FVG Short,Exit on session close,$1245.00,$11065.00,$0.00,$410.00,$1430.00,$185.00,26,
42,NQ DEC25,Backtest,FairValueGapStrategyFiltered,Long,1,10029.00,10129.00,5/15/2019 4:15:00 PM,5/15/2019 5:30:00 PM,FVG Long,Profit target,$2000.00,$13065.00,$0.00,$40.00,$2000.00,$0.00,6,
43,NQ DEC25,Backtest,FairValueGapStrategyFiltered,Long,1,10200.75,10223.25,5/16/2019 4:15:00 PM,5/16/2019 11:00:00 PM,FVG Long,Exit on session close,$450.00,$13515.00,$0.00,$120.00,$1225.00,$775.00,27,
44,NQ DEC25,Backtest,FairValueGapStrategyFiltered,Long,1,10166.50,10133.25,5/17/2019 4:15:00 PM,5/17/2019 11:00:00 PM,FVG Long,Exit on session close,($665.00),$12850.00,$0.00,$780.00,$1490.00,$2155.00,27,
45,NQ DEC25,Backtest,FairValueGapStrategyFiltered,Long,1,10070.50,10047.00,5/22/2019 4:15:00 PM,5/22/2019 11:00:00 PM,FVG Long,Exit on session close,($470.00),$12380.00,$0.00,$605.00,$470.00,$940.00,27,
46,NQ DEC25,Backtest,FairValueGapStrategyFiltered,Short,1,9943.25,9937.50,5/23/2019 4:15:00 PM,5/23/2019 11:00:00 PM,FVG Short,Exit on session close,$115.00,$12495.00,$0.00,$450.00,$1085.00,$970.00,27,
47,NQ DEC25,Backtest,FairValueGapStrategyFiltered,Long,1,9979.25,9929.25,5/28/2019 4:15:00 PM,5/28/2019 9:00:00 PM,FVG Long,Stop loss,($1000.00),$11495.00,$0.00,$1000.00,$100.00,$1100.00,20,
48,NQ DEC25,Backtest,FairValueGapStrategyFiltered,Long,1,9883.50,9833.50,5/30/2019 4:15:00 PM,5/30/2019 8:45:00 PM,FVG Long,Stop loss,($1000.00),$10495.00,$0.00,$1000.00,$175.00,$1175.00,19,
49,NQ DEC25,Backtest,FairValueGapStrategyFiltered,Short,1,9771.75,9758.50,5/31/2019 4:15:00 PM,5/31/2019 11:00:00 PM,FVG Short,Exit on session close,$265.00,$10760.00,$0.00,$770.00,$430.00,$165.00,27,
50,NQ DEC25,Backtest,FairValueGapStrategyFiltered,Short,1,9673.25,9573.25,6/3/2019 4:15:00 PM,6/3/2019 9:15:00 PM,FVG Short,Profit target,$2000.00,$12760.00,$0.00,$885.00,$2000.00,$0.00,21,
51,NQ DEC25,Backtest,FairValueGapStrategyFiltered,Long,1,9860.50,9810.50,6/5/2019 3:45:00 PM,6/5/2019 4:00:00 PM,FVG Long,Stop loss,($1000.00),$11760.00,$0.00,$1000.00,$50.00,$1050.00,2,
52,NQ DEC25,Backtest,FairValueGapStrategyFiltered,Long,1,9993.25,10050.25,6/7/2019 4:15:00 PM,6/7/2019 11:00:00 PM,FVG Long,Exit on session close,$1140.00,$12900.00,$0.00,$5.00,$1615.00,$475.00,27,
53,NQ DEC25,Backtest,FairValueGapStrategyFiltered,Long,1,10131.50,10140.25,6/10/2019 4:00:00 PM,6/10/2019 11:00:00 PM,FVG Long,Exit on session close,$175.00,$13075.00,$0.00,$345.00,$1360.00,$1185.00,28,
54,NQ DEC25,Backtest,FairValueGapStrategyFiltered,Long,1,10152.50,10132.75,6/13/2019 4:15:00 PM,6/13/2019 11:00:00 PM,FVG Long,Exit on session close,($395.00),$12680.00,$0.00,$830.00,$105.00,$500.00,27,
55,NQ DEC25,Backtest,FairValueGapStrategyFiltered,Long,1,10160.50,10164.25,6/17/2019 4:15:00 PM,6/17/2019 11:00:00 PM,FVG Long,Exit on session close,$75.00,$12755.00,$0.00,$360.00,$245.00,$170.00,27,
56,NQ DEC25,Backtest,FairValueGapStrategyFiltered,Long,1,10288.75,10267.75,6/18/2019 4:15:00 PM,6/18/2019 11:00:00 PM,FVG Long,Exit on session close,($420.00),$12335.00,$0.00,$705.00,$565.00,$985.00,27,
57,NQ DEC25,Backtest,FairValueGapStrategyFiltered,Short,1,10321.25,10221.25,6/25/2019 4:15:00 PM,6/25/2019 8:45:00 PM,FVG Short,Profit target,$2000.00,$14335.00,$0.00,$105.00,$2000.00,$0.00,19,
58,NQ DEC25,Backtest,FairValueGapStrategyFiltered,Short,1,10266.75,10316.75,6/28/2019 4:15:00 PM,6/28/2019 10:15:00 PM,FVG Short,Stop loss,($1000.00),$13335.00,$0.00,$1000.00,$140.00,$1140.00,25,
59,NQ DEC25,Backtest,FairValueGapStrategyFiltered,Long,1,10433.75,10383.75,7/1/2019 3:45:00 PM,7/1/2019 6:30:00 PM,FVG Long,Stop loss,($1000.00),$12335.00,$0.00,$1000.00,$225.00,$1225.00,12,
60,NQ DEC25,Backtest,FairValueGapStrategyFiltered,Short,1,10374.75,10396.75,7/8/2019 4:15:00 PM,7/8/2019 11:00:00 PM,FVG Short,Exit on session close,($440.00),$11895.00,$0.00,$740.00,$25.00,$465.00,27,
61,NQ DEC25,Backtest,FairValueGapStrategyFiltered,Long,1,10539.75,10489.75,7/10/2019 4:15:00 PM,7/10/2019 5:15:00 PM,FVG Long,Stop loss,($1000.00),$10895.00,$0.00,$1000.00,$90.00,$1090.00,5,
62,NQ DEC25,Backtest,FairValueGapStrategyFiltered,Long,1,10532.50,10553.75,7/12/2019 4:15:00 PM,7/12/2019 11:00:00 PM,FVG Long,Exit on session close,$425.00,$11320.00,$0.00,$335.00,$605.00,$180.00,27,
63,NQ DEC25,Backtest,FairValueGapStrategyFiltered,Short,1,10465.50,10515.50,7/18/2019 3:45:00 PM,7/18/2019 9:00:00 PM,FVG Short,Stop loss,($1000.00),$10320.00,$0.00,$1000.00,$500.00,$1500.00,22,
64,NQ DEC25,Backtest,FairValueGapStrategyFiltered,Long,1,10509.50,10521.50,7/22/2019 4:15:00 PM,7/22/2019 11:00:00 PM,FVG Long,Exit on session close,$240.00,$10560.00,$0.00,$530.00,$445.00,$205.00,27,
65,NQ DEC25,Backtest,FairValueGapStrategyFiltered,Long,1,10564.50,10597.25,7/24/2019 4:15:00 PM,7/24/2019 11:00:00 PM,FVG Long,Exit on session close,$655.00,$11215.00,$0.00,$105.00,$1650.00,$995.00,27,
66,NQ DEC25,Backtest,FairValueGapStrategyFiltered,Short,1,10557.75,10577.25,7/25/2019 4:15:00 PM,7/25/2019 11:00:00 PM,FVG Short,Exit on session close,($390.00),$10825.00,$0.00,$605.00,$905.00,$1295.00,27,
67,NQ DEC25,Backtest,FairValueGapStrategyFiltered,Long,1,10621.25,10610.50,7/26/2019 4:15:00 PM,7/26/2019 11:00:00 PM,FVG Long,Exit on session close,($215.00),$10610.00,$0.00,$530.00,$295.00,$510.00,27,
68,NQ DEC25,Backtest,FairValueGapStrategyFiltered,Short,1,10565.25,10600.25,7/29/2019 4:15:00 PM,7/29/2019 11:00:00 PM,FVG Short,Exit on session close,($700.00),$9910.00,$0.00,$780.00,$365.00,$1065.00,27,
69,NQ DEC25,Backtest,FairValueGapStrategyFiltered,Short,1,10575.00,10475.00,7/31/2019 4:15:00 PM,7/31/2019 9:00:00 PM,FVG Short,Profit target,$2000.00,$11910.00,$0.00,$265.00,$2000.00,$0.00,20,
70,NQ DEC25,Backtest,FairValueGapStrategyFiltered,Short,1,10109.25,10009.25,8/5/2019 4:15:00 PM,8/5/2019 8:00:00 PM,FVG Short,Profit target,$2000.00,$13910.00,$0.00,$100.00,$2000.00,$0.00,16,
71,NQ DEC25,Backtest,FairValueGapStrategyFiltered,Long,1,10196.75,10296.75,8/8/2019 3:45:00 PM,8/8/2019 7:00:00 PM,FVG Long,Profit target,$2000.00,$15910.00,$0.00,$470.00,$2000.00,$0.00,14,
72,NQ DEC25,Backtest,FairValueGapStrategyFiltered,Long,1,10224.00,10324.00,8/13/2019 4:00:00 PM,8/13/2019 4:00:00 PM,FVG Long,Profit target,$2000.00,$17910.00,$0.00,$0.00,$2000.00,$0.00,1,
73,NQ DEC25,Backtest,FairValueGapStrategyFiltered,Long,1,10357.50,10307.50,8/13/2019 4:15:00 PM,8/13/2019 5:30:00 PM,FVG Long,Stop loss,($1000.00),$16910.00,$0.00,$1000.00,$545.00,$1545.00,6,
74,NQ DEC25,Backtest,FairValueGapStrategyFiltered,Long,1,10352.50,10353.25,8/21/2019 4:15:00 PM,8/21/2019 11:00:00 PM,FVG Long,Exit on session close,$15.00,$16925.00,$0.00,$865.00,$95.00,$80.00,27,
75,NQ DEC25,Backtest,FairValueGapStrategyFiltered,Long,1,10311.00,10261.00,8/29/2019 4:15:00 PM,8/29/2019 4:45:00 PM,FVG Long,Stop loss,($1000.00),$15925.00,$0.00,$1000.00,$35.00,$1035.00,3,
76,NQ DEC25,Backtest,FairValueGapStrategyFiltered,Short,1,10242.25,10207.50,9/2/2019 4:15:00 PM,9/2/2019 7:00:00 PM,FVG Short,Exit on session close,$695.00,$16620.00,$0.00,$500.00,$1325.00,$630.00,12,
77,NQ DEC25,Backtest,FairValueGapStrategyFiltered,Long,1,10438.75,10445.50,9/5/2019 4:15:00 PM,9/5/2019 11:00:00 PM,FVG Long,Exit on session close,$135.00,$16755.00,$0.00,$95.00,$865.00,$730.00,27,
78,NQ DEC25,Backtest,FairValueGapStrategyFiltered,Short,1,10447.25,10428.75,9/9/2019 4:15:00 PM,9/9/2019 11:00:00 PM,FVG Short,Exit on session close,$370.00,$17125.00,$0.00,$505.00,$1070.00,$700.00,27,
79,NQ DEC25,Backtest,FairValueGapStrategyFiltered,Short,1,10357.50,10407.50,9/10/2019 4:15:00 PM,9/10/2019 7:00:00 PM,FVG Short,Stop loss,($1000.00),$16125.00,$0.00,$1000.00,$245.00,$1245.00,12,
80,NQ DEC25,Backtest,FairValueGapStrategyFiltered,Short,1,10499.75,10485.00,9/13/2019 4:00:00 PM,9/13/2019 11:00:00 PM,FVG Short,Exit on session close,$295.00,$16420.00,$0.00,$470.00,$430.00,$135.00,28,
81,NQ DEC25,Backtest,FairValueGapStrategyFiltered,Long,1,10528.00,10491.50,9/19/2019 4:15:00 PM,9/19/2019 11:00:00 PM,FVG Long,Exit on session close,($730.00),$15690.00,$0.00,$915.00,$400.00,$1130.00,27,
82,NQ DEC25,Backtest,FairValueGapStrategyFiltered,Long,1,10460.00,10410.00,9/24/2019 4:15:00 PM,9/24/2019 5:00:00 PM,FVG Long,Stop loss,($1000.00),$14690.00,$0.00,$1000.00,$20.00,$1020.00,4,
83,NQ DEC25,Backtest,FairValueGapStrategyFiltered,Short,1,10272.00,10322.00,9/25/2019 4:15:00 PM,9/25/2019 5:00:00 PM,FVG Short,Stop loss,($1000.00),$13690.00,$0.00,$1000.00,$695.00,$1695.00,4,
84,NQ DEC25,Backtest,FairValueGapStrategyFiltered,Short,1,10348.25,10359.75,9/26/2019 4:15:00 PM,9/26/2019 11:00:00 PM,FVG Short,Exit on session close,($230.00),$13460.00,$0.00,$885.00,$785.00,$1015.00,27,
85,NQ DEC25,Backtest,FairValueGapStrategyFiltered,Short,1,10335.50,10235.50,9/27/2019 4:15:00 PM,9/27/2019 9:00:00 PM,FVG Short,Profit target,$2000.00,$15460.00,$0.00,$660.00,$2000.00,$0.00,20,
86,NQ DEC25,Backtest,FairValueGapStrategyFiltered,Long,1,10408.75,10358.75,10/1/2019 4:15:00 PM,10/1/2019 4:15:00 PM,FVG Long,Stop loss,($1000.00),$14460.00,$0.00,$1000.00,$0.00,$1000.00,1,
87,NQ DEC25,Backtest,FairValueGapStrategyFiltered,Short,1,10180.50,10128.75,10/2/2019 4:15:00 PM,10/2/2019 11:00:00 PM,FVG Short,Exit on session close,$1035.00,$15495.00,$0.00,$260.00,$1615.00,$580.00,27,
88,NQ DEC25,Backtest,FairValueGapStrategyFiltered,Short,1,10219.50,10269.50,10/8/2019 4:15:00 PM,10/8/2019 7:00:00 PM,FVG Short,Stop loss,($1000.00),$14495.00,$0.00,$1000.00,$395.00,$1395.00,12,
89,NQ DEC25,Backtest,FairValueGapStrategyFiltered,Long,1,10331.00,10361.00,10/10/2019 4:15:00 PM,10/10/2019 11:00:00 PM,FVG Long,Exit on session close,$600.00,$15095.00,$0.00,$975.00,$840.00,$240.00,27,
90,NQ DEC25,Backtest,FairValueGapStrategyFiltered,Long,1,10440.00,10432.75,10/11/2019 4:00:00 PM,10/11/2019 11:00:00 PM,FVG Long,Exit on session close,($145.00),$14950.00,$0.00,$595.00,$1055.00,$1200.00,28,
91,NQ DEC25,Backtest,FairValueGapStrategyFiltered,Long,1,10469.25,10533.75,10/15/2019 4:15:00 PM,10/15/2019 11:00:00 PM,FVG Long,Exit on session close,$1290.00,$16240.00,$0.00,$10.00,$1535.00,$245.00,27,
92,NQ DEC25,Backtest,FairValueGapStrategyFiltered,Long,1,10538.75,10610.75,10/25/2019 4:15:00 PM,10/25/2019 11:00:00 PM,FVG Long,Exit on session close,$1440.00,$17680.00,$0.00,$35.00,$1540.00,$100.00,27,
93,NQ DEC25,Backtest,FairValueGapStrategyFiltered,Short,1,10639.50,10666.50,10/31/2019 3:45:00 PM,10/31/2019 10:00:00 PM,FVG Short,Exit on session close,($540.00),$17140.00,$0.00,$680.00,$385.00,$925.00,25,
94,NQ DEC25,Backtest,FairValueGapStrategyFiltered,Long,1,10726.00,10737.75,11/1/2019 3:45:00 PM,11/1/2019 10:00:00 PM,FVG Long,Exit on session close,$235.00,$17375.00,$0.00,$750.00,$325.00,$90.00,25,
95,NQ DEC25,Backtest,FairValueGapStrategyFiltered,Short,1,10770.00,10787.25,11/6/2019 4:00:00 PM,11/6/2019 11:00:00 PM,FVG Short,Exit on session close,($345.00),$17030.00,$0.00,$375.00,$695.00,$1040.00,28,
96,NQ DEC25,Backtest,FairValueGapStrategyFiltered,Long,1,10828.00,10805.50,11/7/2019 4:15:00 PM,11/7/2019 11:00:00 PM,FVG Long,Exit on session close,($450.00),$16580.00,$0.00,$995.00,$570.00,$1020.00,28,
97,NQ DEC25,Backtest,FairValueGapStrategyFiltered,Long,1,10846.75,10845.50,11/12/2019 4:15:00 PM,11/12/2019 11:00:00 PM,FVG Long,Exit on session close,($25.00),$16555.00,$0.00,$590.00,$555.00,$580.00,27,
98,NQ DEC25,Backtest,FairValueGapStrategyFiltered,Short,1,10860.00,10857.25,11/22/2019 4:15:00 PM,11/22/2019 11:00:00 PM,FVG Short,Exit on session close,$55.00,$16610.00,$0.00,$130.00,$1050.00,$995.00,27,
99,NQ DEC25,Backtest,FairValueGapStrategyFiltered,Long,1,10925.25,10949.25,11/25/2019 4:15:00 PM,11/25/2019 11:00:00 PM,FVG Long,Exit on session close,$480.00,$17090.00,$0.00,$60.00,$565.00,$85.00,27,
100,NQ DEC25,Backtest,FairValueGapStrategyFiltered,Long,1,11011.75,10996.75,11/29/2019 4:30:00 PM,11/29/2019 7:15:00 PM,FVG Long,Exit on session close,($300.00),$16790.00,$0.00,$620.00,$50.00,$350.00,12,
101,NQ DEC25,Backtest,FairValueGapStrategyFiltered,Short,1,10915.50,10884.25,12/2/2019 4:15:00 PM,12/2/2019 11:00:00 PM,FVG Short,Exit on session close,$625.00,$17415.00,$0.00,$0.00,$1295.00,$670.00,27,
102,NQ DEC25,Backtest,FairValueGapStrategyFiltered,Short,1,10786.75,10829.75,12/3/2019 3:45:00 PM,12/3/2019 11:00:00 PM,FVG Short,Exit on session close,($860.00),$16555.00,$0.00,$975.00,$885.00,$1745.00,29,
103,NQ DEC25,Backtest,FairValueGapStrategyFiltered,Long,1,10960.50,10979.25,12/6/2019 4:15:00 PM,12/6/2019 11:00:00 PM,FVG Long,Exit on session close,$375.00,$16930.00,$0.00,$210.00,$465.00,$90.00,27,
104,NQ DEC25,Backtest,FairValueGapStrategyFiltered,Long,1,10993.75,10943.75,12/9/2019 4:15:00 PM,12/9/2019 10:00:00 PM,FVG Long,Stop loss,($1000.00),$15930.00,$0.00,$1000.00,$100.00,$1100.00,24,
105,NQ DEC25,Backtest,FairValueGapStrategyFiltered,Long,1,10962.75,10982.00,12/11/2019 4:30:00 PM,12/11/2019 11:00:00 PM,FVG Long,Exit on session close,$385.00,$16315.00,$0.00,$355.00,$450.00,$65.00,26,
106,NQ DEC25,Backtest,FairValueGapStrategyFiltered,Long,1,11038.25,10988.25,12/12/2019 4:15:00 PM,12/12/2019 6:30:00 PM,FVG Long,Stop loss,($1000.00),$15315.00,$0.00,$1000.00,$665.00,$1665.00,10,
107,NQ DEC25,Backtest,FairValueGapStrategyFiltered,Long,1,11054.50,11070.75,12/13/2019 4:15:00 PM,12/13/2019 11:00:00 PM,FVG Long,Exit on session close,$325.00,$15640.00,$0.00,$480.00,$830.00,$505.00,27,
108,NQ DEC25,Backtest,FairValueGapStrategyFiltered,Long,1,11146.00,11157.00,12/16/2019 4:15:00 PM,12/16/2019 11:00:00 PM,FVG Long,Exit on session close,$220.00,$15860.00,$0.00,$55.00,$420.00,$200.00,27,
109,NQ DEC25,Backtest,FairValueGapStrategyFiltered,Long,1,11176.25,11173.75,12/18/2019 4:00:00 PM,12/18/2019 11:00:00 PM,FVG Long,Exit on session close,($50.00),$15810.00,$0.00,$385.00,$290.00,$340.00,28,
110,NQ DEC25,Backtest,FairValueGapStrategyFiltered,Long,1,11180.25,11230.00,12/19/2019 4:15:00 PM,12/19/2019 11:00:00 PM,FVG Long,Exit on session close,$995.00,$16805.00,$0.00,$125.00,$1035.00,$40.00,27,
111,NQ DEC25,Backtest,FairValueGapStrategyFiltered,Short,1,11265.50,11279.25,12/24/2019 4:15:00 PM,12/24/2019 7:15:00 PM,FVG Short,Exit on session close,($275.00),$16530.00,$0.00,$305.00,$0.00,$275.00,13,
112,NQ DEC25,Backtest,FairValueGapStrategyFiltered,Long,1,11306.25,11351.75,12/26/2019 4:15:00 PM,12/26/2019 11:00:00 PM,FVG Long,Exit on session close,$910.00,$17440.00,$0.00,$0.00,$965.00,$55.00,27,
113,NQ DEC25,Backtest,FairValueGapStrategyFiltered,Short,1,11264.00,11282.00,12/30/2019 4:15:00 PM,12/30/2019 11:00:00 PM,FVG Short,Exit on session close,($360.00),$17080.00,$0.00,$830.00,$465.00,$825.00,27,
114,NQ DEC25,Backtest,FairValueGapStrategyFiltered,Long,1,11397.50,11450.50,1/2/2020 4:15:00 PM,1/2/2020 11:00:00 PM,FVG Long,Exit on session close,$1060.00,$18140.00,$0.00,$915.00,$1070.00,$10.00,27,
115,NQ DEC25,Backtest,FairValueGapStrategyFiltered,Long,1,11374.75,11361.25,1/3/2020 4:15:00 PM,1/3/2020 11:00:00 PM,FVG Long,Exit on session close,($270.00),$17870.00,$0.00,$405.00,$730.00,$1000.00,27,
116,NQ DEC25,Backtest,FairValueGapStrategyFiltered,Long,1,11440.00,11497.00,1/8/2020 4:15:00 PM,1/8/2020 11:00:00 PM,FVG Long,Exit on session close,$1140.00,$19010.00,$0.00,$690.00,$1635.00,$495.00,27,
117,NQ DEC25,Backtest,FairValueGapStrategyFiltered,Long,1,11633.50,11583.50,1/15/2020 4:15:00 PM,1/15/2020 9:30:00 PM,FVG Long,Stop loss,($1000.00),$18010.00,$0.00,$1000.00,$240.00,$1240.00,22,
118,NQ DEC25,Backtest,FairValueGapStrategyFiltered,Long,1,11659.00,11688.00,1/16/2020 4:15:00 PM,1/16/2020 11:00:00 PM,FVG Long,Exit on session close,$580.00,$18590.00,$0.00,$660.00,$615.00,$35.00,27,
119,NQ DEC25,Backtest,FairValueGapStrategyFiltered,Long,1,11721.00,11725.25,1/20/2020 4:15:00 PM,1/20/2020 7:00:00 PM,FVG Long,Exit on session close,$85.00,$18675.00,$0.00,$205.00,$110.00,$25.00,12,
120,NQ DEC25,Backtest,FairValueGapStrategyFiltered,Long,1,11711.50,11724.25,1/21/2020 4:00:00 PM,1/21/2020 11:00:00 PM,FVG Long,Exit on session close,$255.00,$18930.00,$0.00,$200.00,$755.00,$500.00,28,
121,NQ DEC25,Backtest,FairValueGapStrategyFiltered,Short,1,11496.75,11546.75,1/27/2020 3:45:00 PM,1/27/2020 6:30:00 PM,FVG Short,Stop loss,($1000.00),$17930.00,$0.00,$1000.00,$435.00,$1435.00,12,
122,NQ DEC25,Backtest,FairValueGapStrategyFiltered,Long,1,11676.00,11655.00,2/3/2020 4:15:00 PM,2/3/2020 11:00:00 PM,FVG Long,Exit on session close,($420.00),$17510.00,$0.00,$755.00,$585.00,$1005.00,27,
123,NQ DEC25,Backtest,FairValueGapStrategyFiltered,Short,1,11929.75,11979.75,2/10/2020 3:45:00 PM,2/10/2020 3:45:00 PM,FVG Short,Stop loss,($1000.00),$16510.00,$0.00,$1000.00,$0.00,$1000.00,1,
124,NQ DEC25,Backtest,FairValueGapStrategyFiltered,Long,1,11997.25,12075.50,2/10/2020 4:15:00 PM,2/10/2020 11:00:00 PM,FVG Long,Exit on session close,$1565.00,$18075.00,$0.00,$75.00,$1675.00,$110.00,27,
125,NQ DEC25,Backtest,FairValueGapStrategyFiltered,Long,1,12120.50,12174.75,2/13/2020 4:15:00 PM,2/13/2020 11:00:00 PM,FVG Long,Exit on session close,$1085.00,$19160.00,$0.00,$335.00,$1475.00,$390.00,27,
126,NQ DEC25,Backtest,FairValueGapStrategyFiltered,Long,1,12239.75,12283.75,2/19/2020 3:45:00 PM,2/19/2020 11:00:00 PM,FVG Long,Exit on session close,$880.00,$20040.00,$0.00,$175.00,$1170.00,$290.00,29,
127,NQ DEC25,Backtest,FairValueGapStrategyFiltered,Short,1,12062.50,11962.50,2/21/2020 4:15:00 PM,2/21/2020 8:00:00 PM,FVG Short,Profit target,$2000.00,$22040.00,$0.00,$475.00,$2000.00,$0.00,16,
128,NQ DEC25,Backtest,FairValueGapStrategyFiltered,Short,1,11651.75,11701.75,2/24/2020 3:45:00 PM,2/24/2020 3:45:00 PM,FVG Short,Stop loss,($1000.00),$21040.00,$0.00,$1000.00,$0.00,$1000.00,1,
129,NQ DEC25,Backtest,FairValueGapStrategyFiltered,Short,1,11679.50,11579.50,2/25/2020 4:15:00 PM,2/25/2020 4:45:00 PM,FVG Short,Profit target,$2000.00,$23040.00,$0.00,$320.00,$2000.00,$0.00,3,
130,NQ DEC25,Backtest,FairValueGapStrategyFiltered,Short,1,11204.75,11254.75,2/27/2020 3:45:00 PM,2/27/2020 3:45:00 PM,FVG Short,Stop loss,($1000.00),$22040.00,$0.00,$1000.00,$0.00,$1000.00,1,
131,NQ DEC25,Backtest,FairValueGapStrategyFiltered,Short,1,10711.00,10761.00,2/28/2020 3:45:00 PM,2/28/2020 3:45:00 PM,FVG Short,Stop loss,($1000.00),$21040.00,$0.00,$1000.00,$0.00,$1000.00,1,
132,NQ DEC25,Backtest,FairValueGapStrategyFiltered,Short,1,11244.25,11294.25,3/4/2020 4:15:00 PM,3/4/2020 4:15:00 PM,FVG Short,Stop loss,($1000.00),$20040.00,$0.00,$1000.00,$0.00,$1000.00,1,
133,NQ DEC25,Backtest,FairValueGapStrategyFiltered,Short,1,10633.25,10683.25,3/10/2020 4:15:00 PM,3/10/2020 4:15:00 PM,FVG Short,Stop loss,($1000.00),$19040.00,$0.00,$1000.00,$0.00,$1000.00,1,
134,NQ DEC25,Backtest,FairValueGapStrategyFiltered,Short,1,10625.00,10525.00,3/10/2020 4:30:00 PM,3/10/2020 4:30:00 PM,FVG Short,Profit target,$2000.00,$21040.00,$0.00,$0.00,$2000.00,$0.00,1,
135,NQ DEC25,Backtest,FairValueGapStrategyFiltered,Short,1,9666.25,9716.25,3/18/2020 4:30:00 PM,3/18/2020 4:30:00 PM,FVG Short,Stop loss,($1000.00),$20040.00,$0.00,$1000.00,$0.00,$1000.00,1,
136,NQ DEC25,Backtest,FairValueGapStrategyFiltered,Long,1,9899.00,9849.00,3/19/2020 3:45:00 PM,3/19/2020 3:45:00 PM,FVG Long,Stop loss,($1000.00),$19040.00,$0.00,$1000.00,$0.00,$1000.00,1,
137,NQ DEC25,Backtest,FairValueGapStrategyFiltered,Long,1,10403.75,10503.75,3/31/2020 3:45:00 PM,3/31/2020 4:30:00 PM,FVG Long,Profit target,$2000.00,$21040.00,$0.00,$955.00,$2000.00,$0.00,4,
138,NQ DEC25,Backtest,FairValueGapStrategyFiltered,Short,1,9991.75,10041.75,4/2/2020 3:45:00 PM,4/2/2020 3:45:00 PM,FVG Short,Stop loss,($1000.00),$20040.00,$0.00,$1000.00,$0.00,$1000.00,1,
139,NQ DEC25,Backtest,FairValueGapStrategyFiltered,Long,1,10392.25,10492.25,4/6/2020 4:30:00 PM,4/6/2020 6:45:00 PM,FVG Long,Profit target,$2000.00,$22040.00,$0.00,$0.00,$2000.00,$0.00,10,
140,NQ DEC25,Backtest,FairValueGapStrategyFiltered,Long,1,10843.50,10793.50,4/9/2020 3:45:00 PM,4/9/2020 4:15:00 PM,FVG Long,Stop loss,($1000.00),$21040.00,$0.00,$1000.00,$835.00,$1835.00,3,
141,NQ DEC25,Backtest,FairValueGapStrategyFiltered,Long,1,11148.75,11248.75,4/14/2020 4:15:00 PM,4/14/2020 8:00:00 PM,FVG Long,Profit target,$2000.00,$23040.00,$0.00,$920.00,$2000.00,$0.00,16,
142,NQ DEC25,Backtest,FairValueGapStrategyFiltered,Short,1,11142.75,11042.75,4/21/2020 4:15:00 PM,4/21/2020 4:45:00 PM,FVG Short,Profit target,$2000.00,$25040.00,$0.00,$130.00,$2000.00,$0.00,3,
143,NQ DEC25,Backtest,FairValueGapStrategyFiltered,Long,1,11281.75,11231.75,4/23/2020 4:15:00 PM,4/23/2020 7:00:00 PM,FVG Long,Stop loss,($1000.00),$24040.00,$0.00,$1000.00,$1275.00,$2275.00,12,
144,NQ DEC25,Backtest,FairValueGapStrategyFiltered,Short,1,11147.50,11197.50,4/24/2020 4:15:00 PM,4/24/2020 4:30:00 PM,FVG Short,Stop loss,($1000.00),$23040.00,$0.00,$1000.00,$10.00,$1010.00,2,
145,NQ DEC25,Backtest,FairValueGapStrategyFiltered,Long,1,11515.75,11465.75,5/5/2020 4:15:00 PM,5/5/2020 9:45:00 PM,FVG Long,Stop loss,($1000.00),$22040.00,$0.00,$1000.00,$1265.00,$2265.00,23,
146,NQ DEC25,Backtest,FairValueGapStrategyFiltered,Long,1,11763.50,11863.50,5/11/2020 4:15:00 PM,5/11/2020 7:30:00 PM,FVG Long,Profit target,$2000.00,$24040.00,$0.00,$45.00,$2000.00,$0.00,14,
147,NQ DEC25,Backtest,FairValueGapStrategyFiltered,Short,1,11681.00,11731.00,5/13/2020 3:45:00 PM,5/13/2020 4:30:00 PM,FVG Short,Stop loss,($1000.00),$23040.00,$0.00,$1000.00,$1585.00,$2585.00,4,
148,NQ DEC25,Backtest,FairValueGapStrategyFiltered,Long,1,12020.00,12053.00,5/20/2020 4:15:00 PM,5/20/2020 11:00:00 PM,FVG Long,Exit on session close,$660.00,$23700.00,$0.00,$620.00,$740.00,$80.00,27,
149,NQ DEC25,Backtest,FairValueGapStrategyFiltered,Short,1,11846.50,11746.50,5/27/2020 4:15:00 PM,5/27/2020 5:00:00 PM,FVG Short,Profit target,$2000.00,$25700.00,$0.00,$725.00,$2000.00,$0.00,4,
150,NQ DEC25,Backtest,FairValueGapStrategyFiltered,Long,1,12014.00,12114.00,5/28/2020 4:00:00 PM,5/28/2020 7:15:00 PM,FVG Long,Profit target,$2000.00,$27700.00,$0.00,$960.00,$2000.00,$0.00,14,
151,NQ DEC25,Backtest,FairValueGapStrategyFiltered,Long,1,12109.75,12151.50,6/1/2020 4:15:00 PM,6/1/2020 11:00:00 PM,FVG Long,Exit on session close,$835.00,$28535.00,$0.00,$305.00,$1100.00,$265.00,27,
152,NQ DEC25,Backtest,FairValueGapStrategyFiltered,Long,1,12240.25,12190.25,6/4/2020 3:45:00 PM,6/4/2020 7:00:00 PM,FVG Long,Stop loss,($1000.00),$27535.00,$0.00,$1000.00,$1225.00,$2225.00,14,
153,NQ DEC25,Backtest,FairValueGapStrategyFiltered,Long,1,12229.75,12329.75,6/5/2020 3:45:00 PM,6/5/2020 4:00:00 PM,FVG Long,Profit target,$2000.00,$29535.00,$0.00,$350.00,$2000.00,$0.00,2,
154,NQ DEC25,Backtest,FairValueGapStrategyFiltered,Long,1,12315.75,12366.75,6/5/2020 4:15:00 PM,6/5/2020 11:00:00 PM,FVG Long,Exit on session close,$1020.00,$30555.00,$0.00,$410.00,$1790.00,$770.00,27,
155,NQ DEC25,Backtest,FairValueGapStrategyFiltered,Long,1,12455.00,12555.00,6/9/2020 4:15:00 PM,6/9/2020 7:45:00 PM,FVG Long,Profit target,$2000.00,$32555.00,$0.00,$410.00,$2000.00,$0.00,15,
156,NQ DEC25,Backtest,FairValueGapStrategyFiltered,Long,1,12624.25,12697.50,6/22/2020 4:30:00 PM,6/22/2020 11:00:00 PM,FVG Long,Exit on session close,$1465.00,$34020.00,$0.00,$710.00,$1725.00,$260.00,27,
157,NQ DEC25,Backtest,FairValueGapStrategyFiltered,Short,1,12689.75,12589.75,6/24/2020 4:30:00 PM,6/24/2020 5:15:00 PM,FVG Short,Profit target,$2000.00,$36020.00,$0.00,$260.00,$2000.00,$0.00,4,
158,NQ DEC25,Backtest,FairValueGapStrategyFiltered,Short,1,12522.25,12572.25,6/25/2020 4:15:00 PM,6/25/2020 4:30:00 PM,FVG Short,Stop loss,($1000.00),$35020.00,$0.00,$1000.00,$385.00,$1385.00,2,
159,NQ DEC25,Backtest,FairValueGapStrategyFiltered,Short,1,12595.00,12495.00,6/26/2020 4:15:00 PM,6/26/2020 4:30:00 PM,FVG Short,Profit target,$2000.00,$37020.00,$0.00,$0.00,$2000.00,$0.00,2,
160,NQ DEC25,Backtest,FairValueGapStrategyFiltered,Short,1,12368.00,12418.00,6/29/2020 4:15:00 PM,6/29/2020 4:30:00 PM,FVG Short,Stop loss,($1000.00),$36020.00,$0.00,$1000.00,$200.00,$1200.00,2,
161,NQ DEC25,Backtest,FairValueGapStrategyFiltered,Long,1,12599.50,12699.50,6/30/2020 4:15:00 PM,6/30/2020 10:00:00 PM,FVG Long,Profit target,$2000.00,$38020.00,$0.00,$90.00,$2000.00,$0.00,24,
162,NQ DEC25,Backtest,FairValueGapStrategyFiltered,Long,1,12989.25,12939.25,7/2/2020 4:15:00 PM,7/2/2020 4:30:00 PM,FVG Long,Stop loss,($1000.00),$37020.00,$0.00,$1000.00,$180.00,$1180.00,2,
163,NQ DEC25,Backtest,FairValueGapStrategyFiltered,Long,1,13095.50,13173.75,7/6/2020 4:15:00 PM,7/6/2020 11:00:00 PM,FVG Long,Exit on session close,$1565.00,$38585.00,$0.00,$180.00,$1900.00,$335.00,27,
164,NQ DEC25,Backtest,FairValueGapStrategyFiltered,Long,1,13183.50,13133.50,7/7/2020 4:15:00 PM,7/7/2020 9:15:00 PM,FVG Long,Stop loss,($1000.00),$37585.00,$0.00,$1000.00,$1740.00,$2740.00,21,
165,NQ DEC25,Backtest,FairValueGapStrategyFiltered,Long,1,13203.50,13153.50,7/8/2020 4:15:00 PM,7/8/2020 5:15:00 PM,FVG Long,Stop loss,($1000.00),$36585.00,$0.00,$1000.00,$260.00,$1260.00,5,
166,NQ DEC25,Backtest,FairValueGapStrategyFiltered,Long,1,13310.00,13260.00,7/10/2020 3:45:00 PM,7/10/2020 3:45:00 PM,FVG Long,Stop loss,($1000.00),$35585.00,$0.00,$1000.00,$0.00,$1000.00,1,
167,NQ DEC25,Backtest,FairValueGapStrategyFiltered,Long,1,13541.00,13491.00,7/13/2020 4:15:00 PM,7/13/2020 8:15:00 PM,FVG Long,Stop loss,($1000.00),$34585.00,$0.00,$1000.00,$1870.00,$2870.00,17,
168,NQ DEC25,Backtest,FairValueGapStrategyFiltered,Short,1,13068.75,13118.75,7/14/2020 3:45:00 PM,7/14/2020 3:45:00 PM,FVG Short,Stop loss,($1000.00),$33585.00,$0.00,$1000.00,$0.00,$1000.00,1,
169,NQ DEC25,Backtest,FairValueGapStrategyFiltered,Long,1,13219.00,13169.00,7/17/2020 3:45:00 PM,7/17/2020 3:45:00 PM,FVG Long,Stop loss,($1000.00),$32585.00,$0.00,$1000.00,$0.00,$1000.00,1,
170,NQ DEC25,Backtest,FairValueGapStrategyFiltered,Short,1,13180.00,13230.00,7/17/2020 4:15:00 PM,7/17/2020 9:00:00 PM,FVG Short,Stop loss,($1000.00),$31585.00,$0.00,$1000.00,$1330.00,$2330.00,20,
171,NQ DEC25,Backtest,FairValueGapStrategyFiltered,Short,1,12991.50,12891.50,7/24/2020 3:45:00 PM,7/24/2020 3:45:00 PM,FVG Short,Profit target,$2000.00,$33585.00,$0.00,$0.00,$2000.00,$0.00,1,
172,NQ DEC25,Backtest,FairValueGapStrategyFiltered,Short,1,12958.00,13008.00,7/24/2020 4:15:00 PM,7/24/2020 4:15:00 PM,FVG Short,Stop loss,($1000.00),$32585.00,$0.00,$1000.00,$0.00,$1000.00,1,
173,NQ DEC25,Backtest,FairValueGapStrategyFiltered,Long,1,13196.00,13146.00,7/27/2020 4:15:00 PM,7/27/2020 5:15:00 PM,FVG Long,Stop loss,($1000.00),$31585.00,$0.00,$1000.00,$315.00,$1315.00,5,
174,NQ DEC25,Backtest,FairValueGapStrategyFiltered,Long,1,13608.25,13629.50,8/3/2020 4:15:00 PM,8/3/2020 11:00:00 PM,FVG Long,Exit on session close,$425.00,$32010.00,$0.00,$820.00,$815.00,$390.00,27,
175,NQ DEC25,Backtest,FairValueGapStrategyFiltered,Long,1,13636.00,13586.00,8/4/2020 4:15:00 PM,8/4/2020 6:15:00 PM,FVG Long,Stop loss,($1000.00),$31010.00,$0.00,$1000.00,$440.00,$1440.00,9,
176,NQ DEC25,Backtest,FairValueGapStrategyFiltered,Short,1,13650.25,13550.25,8/10/2020 4:30:00 PM,8/10/2020 5:00:00 PM,FVG Short,Profit target,$2000.00,$33010.00,$0.00,$75.00,$2000.00,$0.00,3,
177,NQ DEC25,Backtest,FairValueGapStrategyFiltered,Long,1,13637.50,13737.50,8/12/2020 4:15:00 PM,8/12/2020 6:30:00 PM,FVG Long,Profit target,$2000.00,$35010.00,$0.00,$225.00,$2000.00,$0.00,10,
178,NQ DEC25,Backtest,FairValueGapStrategyFiltered,Long,1,13840.00,13863.00,8/17/2020 4:15:00 PM,8/17/2020 11:00:00 PM,FVG Long,Exit on session close,$460.00,$35470.00,$0.00,$525.00,$730.00,$270.00,27,
179,NQ DEC25,Backtest,FairValueGapStrategyFiltered,Short,1,13860.50,13910.50,8/20/2020 3:45:00 PM,8/20/2020 3:45:00 PM,FVG Short,Stop loss,($1000.00),$34470.00,$0.00,$1000.00,$0.00,$1000.00,1,
180,NQ DEC25,Backtest,FairValueGapStrategyFiltered,Long,1,13944.50,14044.50,8/20/2020 4:15:00 PM,8/20/2020 9:15:00 PM,FVG Long,Profit target,$2000.00,$36470.00,$0.00,$380.00,$2000.00,$0.00,21,
181,NQ DEC25,Backtest,FairValueGapStrategyFiltered,Long,1,14057.50,14137.75,8/21/2020 3:45:00 PM,8/21/2020 11:00:00 PM,FVG Long,Exit on session close,$1605.00,$38075.00,$0.00,$520.00,$1840.00,$235.00,29,
182,NQ DEC25,Backtest,FairValueGapStrategyFiltered,Short,1,14167.25,14217.25,8/25/2020 3:45:00 PM,8/25/2020 4:30:00 PM,FVG Short,Stop loss,($1000.00),$37075.00,$0.00,$1000.00,$330.00,$1330.00,4,
183,NQ DEC25,Backtest,FairValueGapStrategyFiltered,Long,1,14344.25,14444.25,8/26/2020 3:45:00 PM,8/26/2020 5:45:00 PM,FVG Long,Profit target,$2000.00,$39075.00,$0.00,$110.00,$2000.00,$0.00,9,
184,NQ DEC25,Backtest,FairValueGapStrategyFiltered,Long,1,14555.50,14505.50,8/28/2020 3:45:00 PM,8/28/2020 7:45:00 PM,FVG Long,Stop loss,($1000.00),$38075.00,$0.00,$1000.00,$775.00,$1775.00,17,
185,NQ DEC25,Backtest,FairValueGapStrategyFiltered,Short,1,14800.50,14700.50,9/3/2020 3:45:00 PM,9/3/2020 4:30:00 PM,FVG Short,Profit target,$2000.00,$40075.00,$0.00,$360.00,$2000.00,$0.00,4,
186,NQ DEC25,Backtest,FairValueGapStrategyFiltered,Short,1,14047.00,13947.00,9/4/2020 4:30:00 PM,9/4/2020 4:30:00 PM,FVG Short,Profit target,$2000.00,$42075.00,$0.00,$0.00,$2000.00,$0.00,1,
187,NQ DEC25,Backtest,FairValueGapStrategyFiltered,Long,1,13872.75,13822.75,9/14/2020 4:15:00 PM,9/14/2020 7:30:00 PM,FVG Long,Stop loss,($1000.00),$41075.00,$0.00,$1000.00,$1275.00,$2275.00,14,
188,NQ DEC25,Backtest,FairValueGapStrategyFiltered,Short,1,13536.50,13586.50,9/17/2020 3:45:00 PM,9/17/2020 3:45:00 PM,FVG Short,Stop loss,($1000.00),$40075.00,$0.00,$1000.00,$0.00,$1000.00,1,
189,NQ DEC25,Backtest,FairValueGapStrategyFiltered,Short,1,13679.25,13579.25,9/18/2020 4:00:00 PM,9/18/2020 4:45:00 PM,FVG Short,Profit target,$2000.00,$42075.00,$0.00,$275.00,$2000.00,$0.00,4,
190,NQ DEC25,Backtest,FairValueGapStrategyFiltered,Long,1,14010.25,14110.25,9/30/2020 4:30:00 PM,9/30/2020 8:15:00 PM,FVG Long,Profit target,$2000.00,$44075.00,$0.00,$120.00,$2000.00,$0.00,16,
191,NQ DEC25,Backtest,FairValueGapStrategyFiltered,Long,1,14012.25,13962.25,10/7/2020 4:00:00 PM,10/7/2020 4:15:00 PM,FVG Long,Stop loss,($1000.00),$43075.00,$0.00,$1000.00,$255.00,$1255.00,2,
192,NQ DEC25,Backtest,FairValueGapStrategyFiltered,Short,1,14193.25,14093.25,10/26/2020 4:00:00 PM,10/26/2020 4:15:00 PM,FVG Short,Profit target,$2000.00,$45075.00,$0.00,$40.00,$2000.00,$0.00,2,
193,NQ DEC25,Backtest,FairValueGapStrategyFiltered,Short,1,14104.25,14004.25,10/26/2020 4:30:00 PM,10/26/2020 6:00:00 PM,FVG Short,Profit target,$2000.00,$47075.00,$0.00,$0.00,$2000.00,$0.00,7,
194,NQ DEC25,Backtest,FairValueGapStrategyFiltered,Short,1,13649.75,13549.75,10/30/2020 3:45:00 PM,10/30/2020 6:45:00 PM,FVG Short,Profit target,$2000.00,$49075.00,$0.00,$700.00,$2000.00,$0.00,13,
195,NQ DEC25,Backtest,FairValueGapStrategyFiltered,Long,1,13763.75,13713.75,11/2/2020 4:15:00 PM,11/2/2020 4:45:00 PM,FVG Long,Stop loss,($1000.00),$48075.00,$0.00,$1000.00,$650.00,$1650.00,3,
196,NQ DEC25,Backtest,FairValueGapStrategyFiltered,Long,1,13848.25,13834.75,11/3/2020 4:30:00 PM,11/3/2020 11:00:00 PM,FVG Long,Exit on session close,($270.00),$47805.00,$0.00,$945.00,$1720.00,$1990.00,26,
197,NQ DEC25,Backtest,FairValueGapStrategyFiltered,Long,1,14655.00,14605.00,11/5/2020 4:30:00 PM,11/5/2020 4:45:00 PM,FVG Long,Stop loss,($1000.00),$46805.00,$0.00,$1000.00,$625.00,$1625.00,2,
198,NQ DEC25,Backtest,FairValueGapStrategyFiltered,Long,1,14622.25,14572.25,11/6/2020 3:45:00 PM,11/6/2020 3:45:00 PM,FVG Long,Stop loss,($1000.00),$45805.00,$0.00,$1000.00,$0.00,$1000.00,1,
199,NQ DEC25,Backtest,FairValueGapStrategyFiltered,Short,1,14486.00,14536.00,11/6/2020 4:15:00 PM,11/6/2020 4:15:00 PM,FVG Short,Stop loss,($1000.00),$44805.00,$0.00,$1000.00,$0.00,$1000.00,1,
200,NQ DEC25,Backtest,FairValueGapStrategyFiltered,Short,1,14550.75,14600.75,11/17/2020 4:15:00 PM,11/17/2020 4:45:00 PM,FVG Short,Stop loss,($1000.00),$43805.00,$0.00,$1000.00,$10.00,$1010.00,3,
201,NQ DEC25,Backtest,FairValueGapStrategyFiltered,Short,1,14546.50,14596.50,11/18/2020 3:45:00 PM,11/18/2020 6:15:00 PM,FVG Short,Stop loss,($1000.00),$42805.00,$0.00,$1000.00,$980.00,$1980.00,11,
202,NQ DEC25,Backtest,FairValueGapStrategyFiltered,Long,1,14560.50,14510.50,11/23/2020 4:15:00 PM,11/23/2020 4:15:00 PM,FVG Long,Stop loss,($1000.00),$41805.00,$0.00,$1000.00,$0.00,$1000.00,1,
203,NQ DEC25,Backtest,FairValueGapStrategyFiltered,Short,1,14509.75,14559.75,11/24/2020 4:15:00 PM,11/24/2020 5:00:00 PM,FVG Short,Stop loss,($1000.00),$40805.00,$0.00,$1000.00,$430.00,$1430.00,4,
204,NQ DEC25,Backtest,FairValueGapStrategyFiltered,Long,1,15093.00,15096.50,12/4/2020 4:30:00 PM,12/4/2020 11:00:00 PM,FVG Long,Exit on session close,$70.00,$40875.00,$0.00,$660.00,$600.00,$530.00,26,
205,NQ DEC25,Backtest,FairValueGapStrategyFiltered,Long,1,15171.75,15159.00,12/7/2020 4:15:00 PM,12/7/2020 11:00:00 PM,FVG Long,Exit on session close,($255.00),$40620.00,$0.00,$750.00,$555.00,$810.00,27,
206,NQ DEC25,Backtest,FairValueGapStrategyFiltered,Long,1,15164.25,15114.25,12/8/2020 3:45:00 PM,12/8/2020 4:00:00 PM,FVG Long,Stop loss,($1000.00),$39620.00,$0.00,$1000.00,$205.00,$1205.00,2,
207,NQ DEC25,Backtest,FairValueGapStrategyFiltered,Long,1,15107.50,15057.50,12/14/2020 4:15:00 PM,12/14/2020 7:15:00 PM,FVG Long,Stop loss,($1000.00),$38620.00,$0.00,$1000.00,$600.00,$1600.00,13,
208,NQ DEC25,Backtest,FairValueGapStrategyFiltered,Long,1,15292.00,15291.00,12/24/2020 4:15:00 PM,12/24/2020 7:15:00 PM,FVG Long,Exit on session close,($20.00),$38600.00,$0.00,$800.00,$400.00,$420.00,13,
209,NQ DEC25,Backtest,FairValueGapStrategyFiltered,Long,1,15426.25,15526.25,1/7/2021 4:15:00 PM,1/7/2021 9:30:00 PM,FVG Long,Profit target,$2000.00,$40600.00,$0.00,$115.00,$2000.00,$0.00,22,
210,NQ DEC25,Backtest,FairValueGapStrategyFiltered,Long,1,15725.00,15825.00,1/20/2021 3:45:00 PM,1/20/2021 4:30:00 PM,FVG Long,Profit target,$2000.00,$42600.00,$0.00,$320.00,$2000.00,$0.00,4,
211,NQ DEC25,Backtest,FairValueGapStrategyFiltered,Long,1,15935.75,15943.25,1/22/2021 3:45:00 PM,1/22/2021 11:00:00 PM,FVG Long,Exit on session close,$150.00,$42750.00,$0.00,$495.00,$985.00,$835.00,29,
212,NQ DEC25,Backtest,FairValueGapStrategyFiltered,Long,1,16135.25,16085.25,1/25/2021 4:00:00 PM,1/25/2021 4:45:00 PM,FVG Long,Stop loss,($1000.00),$41750.00,$0.00,$1000.00,$95.00,$1095.00,4,
213,NQ DEC25,Backtest,FairValueGapStrategyFiltered,Long,1,16081.25,16031.25,1/26/2021 3:45:00 PM,1/26/2021 3:45:00 PM,FVG Long,Stop loss,($1000.00),$40750.00,$0.00,$1000.00,$0.00,$1000.00,1,
214,NQ DEC25,Backtest,FairValueGapStrategyFiltered,Short,1,15869.00,15919.00,1/27/2021 4:15:00 PM,1/27/2021 4:15:00 PM,FVG Short,Stop loss,($1000.00),$39750.00,$0.00,$1000.00,$0.00,$1000.00,1,
215,NQ DEC25,Backtest,FairValueGapStrategyFiltered,Short,1,15672.00,15722.00,1/29/2021 4:15:00 PM,1/29/2021 4:30:00 PM,FVG Short,Stop loss,($1000.00),$38750.00,$0.00,$1000.00,$1200.00,$2200.00,2,
216,NQ DEC25,Backtest,FairValueGapStrategyFiltered,Long,1,15969.50,16069.50,2/2/2021 4:15:00 PM,2/2/2021 8:00:00 PM,FVG Long,Profit target,$2000.00,$40750.00,$0.00,$260.00,$2000.00,$0.00,16,
217,NQ DEC25,Backtest,FairValueGapStrategyFiltered,Long,1,16254.25,16204.25,2/8/2021 3:45:00 PM,2/8/2021 5:45:00 PM,FVG Long,Stop loss,($1000.00),$39750.00,$0.00,$1000.00,$535.00,$1535.00,9,
218,NQ DEC25,Backtest,FairValueGapStrategyFiltered,Long,1,16291.75,16285.50,2/9/2021 4:15:00 PM,2/9/2021 11:00:00 PM,FVG Long,Exit on session close,($125.00),$39625.00,$0.00,$840.00,$630.00,$755.00,27,
219,NQ DEC25,Backtest,FairValueGapStrategyFiltered,Long,1,16443.00,16460.00,2/15/2021 4:00:00 PM,2/15/2021 7:00:00 PM,FVG Long,Exit on session close,$340.00,$39965.00,$0.00,$50.00,$465.00,$125.00,13,
220,NQ DEC25,Backtest,FairValueGapStrategyFiltered,Short,1,16226.50,16276.50,2/17/2021 3:45:00 PM,2/17/2021 4:00:00 PM,FVG Short,Stop loss,($1000.00),$38965.00,$0.00,$1000.00,$555.00,$1555.00,2,
221,NQ DEC25,Backtest,FairValueGapStrategyFiltered,Short,1,16132.25,16182.25,2/18/2021 3:45:00 PM,2/18/2021 7:30:00 PM,FVG Short,Stop loss,($1000.00),$37965.00,$0.00,$1000.00,$1525.00,$2525.00,16,
222,NQ DEC25,Backtest,FairValueGapStrategyFiltered,Short,1,15979.25,16029.25,2/22/2021 3:45:00 PM,2/22/2021 4:15:00 PM,FVG Short,Stop loss,($1000.00),$36965.00,$0.00,$1000.00,$655.00,$1655.00,3,
223,NQ DEC25,Backtest,FairValueGapStrategyFiltered,Short,1,15473.00,15523.00,2/23/2021 4:15:00 PM,2/23/2021 4:15:00 PM,FVG Short,Stop loss,($1000.00),$35965.00,$0.00,$1000.00,$0.00,$1000.00,1,
224,NQ DEC25,Backtest,FairValueGapStrategyFiltered,Long,1,15808.00,15758.00,2/25/2021 4:15:00 PM,2/25/2021 4:15:00 PM,FVG Long,Stop loss,($1000.00),$34965.00,$0.00,$1000.00,$0.00,$1000.00,1,
225,NQ DEC25,Backtest,FairValueGapStrategyFiltered,Short,1,15438.25,15488.25,2/26/2021 4:30:00 PM,2/26/2021 4:45:00 PM,FVG Short,Stop loss,($1000.00),$33965.00,$0.00,$1000.00,$1965.00,$2965.00,2,
226,NQ DEC25,Backtest,FairValueGapStrategyFiltered,Long,1,15885.50,15835.50,3/2/2021 3:45:00 PM,3/2/2021 3:45:00 PM,FVG Long,Stop loss,($1000.00),$32965.00,$0.00,$1000.00,$0.00,$1000.00,1,
227,NQ DEC25,Backtest,FairValueGapStrategyFiltered,Short,1,15430.25,15480.25,3/3/2021 4:30:00 PM,3/3/2021 5:00:00 PM,FVG Short,Stop loss,($1000.00),$31965.00,$0.00,$1000.00,$420.00,$1420.00,3,
228,NQ DEC25,Backtest,FairValueGapStrategyFiltered,Short,1,15155.25,15205.25,3/4/2021 4:30:00 PM,3/4/2021 4:45:00 PM,FVG Short,Stop loss,($1000.00),$30965.00,$0.00,$1000.00,$1170.00,$2170.00,2,
229,NQ DEC25,Backtest,FairValueGapStrategyFiltered,Short,1,15010.25,15060.25,3/5/2021 4:15:00 PM,3/5/2021 4:15:00 PM,FVG Short,Stop loss,($1000.00),$29965.00,$0.00,$1000.00,$0.00,$1000.00,1,
230,NQ DEC25,Backtest,FairValueGapStrategyFiltered,Long,1,15306.75,15406.75,3/9/2021 4:30:00 PM,3/9/2021 7:15:00 PM,FVG Long,Profit target,$2000.00,$31965.00,$0.00,$695.00,$2000.00,$0.00,12,
231,NQ DEC25,Backtest,FairValueGapStrategyFiltered,Long,1,15555.75,15505.75,3/10/2021 3:45:00 PM,3/10/2021 3:45:00 PM,FVG Long,Stop loss,($1000.00),$30965.00,$0.00,$1000.00,$0.00,$1000.00,1,
232,NQ DEC25,Backtest,FairValueGapStrategyFiltered,Long,1,15558.75,15508.75,3/15/2021 4:30:00 PM,3/15/2021 4:30:00 PM,FVG Long,Stop loss,($1000.00),$29965.00,$0.00,$1000.00,$0.00,$1000.00,1,
233,NQ DEC25,Backtest,FairValueGapStrategyFiltered,Long,1,15858.50,15808.50,3/16/2021 4:00:00 PM,3/16/2021 5:30:00 PM,FVG Long,Stop loss,($1000.00),$28965.00,$0.00,$1000.00,$480.00,$1480.00,7,
234,NQ DEC25,Backtest,FairValueGapStrategyFiltered,Short,1,15605.75,15655.75,3/17/2021 4:15:00 PM,3/17/2021 7:15:00 PM,FVG Short,Stop loss,($1000.00),$27965.00,$0.00,$1000.00,$1435.00,$2435.00,13,
235,NQ DEC25,Backtest,FairValueGapStrategyFiltered,Long,1,15652.00,15752.00,3/22/2021 4:15:00 PM,3/22/2021 5:45:00 PM,FVG Long,Profit target,$2000.00,$29965.00,$0.00,$165.00,$2000.00,$0.00,7,
236,NQ DEC25,Backtest,FairValueGapStrategyFiltered,Long,1,15700.75,15650.75,3/23/2021 3:45:00 PM,3/23/2021 3:45:00 PM,FVG Long,Stop loss,($1000.00),$28965.00,$0.00,$1000.00,$0.00,$1000.00,1,
237,NQ DEC25,Backtest,FairValueGapStrategyFiltered,Long,1,15753.50,15703.50,3/23/2021 4:30:00 PM,3/23/2021 4:45:00 PM,FVG Long,Stop loss,($1000.00),$27965.00,$0.00,$1000.00,$275.00,$1275.00,2,
238,NQ DEC25,Backtest,FairValueGapStrategyFiltered,Short,1,15311.25,15211.25,3/25/2021 4:00:00 PM,3/25/2021 4:30:00 PM,FVG Short,Profit target,$2000.00,$29965.00,$0.00,$230.00,$2000.00,$0.00,3,
239,NQ DEC25,Backtest,FairValueGapStrategyFiltered,Short,1,15426.00,15476.00,3/30/2021 4:15:00 PM,3/30/2021 5:15:00 PM,FVG Short,Stop loss,($1000.00),$28965.00,$0.00,$1000.00,$1085.00,$2085.00,5,
240,NQ DEC25,Backtest,FairValueGapStrategyFiltered,Long,1,15647.25,15747.25,3/31/2021 4:15:00 PM,3/31/2021 7:45:00 PM,FVG Long,Profit target,$2000.00,$30965.00,$0.00,$5.00,$2000.00,$0.00,15,
241,NQ DEC25,Backtest,FairValueGapStrategyFiltered,Long,1,15887.25,15922.50,4/1/2021 4:15:00 PM,4/1/2021 11:00:00 PM,FVG Long,Exit on session close,$705.00,$31670.00,$0.00,$640.00,$810.00,$105.00,27,
242,NQ DEC25,Backtest,FairValueGapStrategyFiltered,Long,1,16071.25,16171.25,4/5/2021 4:15:00 PM,4/5/2021 6:45:00 PM,FVG Long,Profit target,$2000.00,$33670.00,$0.00,$380.00,$2000.00,$0.00,11,
243,NQ DEC25,Backtest,FairValueGapStrategyFiltered,Long,1,16200.00,16216.25,4/7/2021 4:30:00 PM,4/7/2021 11:00:00 PM,FVG Long,Exit on session close,$325.00,$33995.00,$0.00,$880.00,$725.00,$400.00,26,
244,NQ DEC25,Backtest,FairValueGapStrategyFiltered,Long,1,16315.75,16415.75,4/9/2021 4:15:00 PM,4/9/2021 10:00:00 PM,FVG Long,Profit target,$2000.00,$35995.00,$0.00,$515.00,$2000.00,$0.00,24,
245,NQ DEC25,Backtest,FairValueGapStrategyFiltered,Long,1,16536.75,16486.75,4/13/2021 4:15:00 PM,4/13/2021 5:45:00 PM,FVG Long,Stop loss,($1000.00),$34995.00,$0.00,$1000.00,$145.00,$1145.00,7,
246,NQ DEC25,Backtest,FairValueGapStrategyFiltered,Long,1,16551.00,16594.25,4/15/2021 4:15:00 PM,4/15/2021 11:00:00 PM,FVG Long,Exit on session close,$865.00,$35860.00,$0.00,$480.00,$1570.00,$705.00,27,
247,NQ DEC25,Backtest,FairValueGapStrategyFiltered,Long,1,16590.75,16540.75,4/19/2021 4:15:00 PM,4/19/2021 4:15:00 PM,FVG Long,Stop loss,($1000.00),$34860.00,$0.00,$1000.00,$0.00,$1000.00,1,
248,NQ DEC25,Backtest,FairValueGapStrategyFiltered,Short,1,16543.75,16545.75,4/27/2021 4:30:00 PM,4/27/2021 11:00:00 PM,FVG Short,Exit on session close,($40.00),$34820.00,$0.00,$745.00,$720.00,$760.00,26,
249,NQ DEC25,Backtest,FairValueGapStrategyFiltered,Short,1,16561.25,16461.25,4/29/2021 4:15:00 PM,4/29/2021 6:00:00 PM,FVG Short,Profit target,$2000.00,$36820.00,$0.00,$50.00,$2000.00,$0.00,8,
250,NQ DEC25,Backtest,FairValueGapStrategyFiltered,Short,1,16469.25,16519.25,5/3/2021 4:15:00 PM,5/3/2021 4:15:00 PM,FVG Short,Stop loss,($1000.00),$35820.00,$0.00,$1000.00,$0.00,$1000.00,1,
251,NQ DEC25,Backtest,FairValueGapStrategyFiltered,Short,1,16138.75,16038.75,5/4/2021 4:15:00 PM,5/4/2021 5:15:00 PM,FVG Short,Profit target,$2000.00,$37820.00,$0.00,$180.00,$2000.00,$0.00,5,
252,NQ DEC25,Backtest,FairValueGapStrategyFiltered,Short,1,16131.50,16031.50,5/10/2021 4:15:00 PM,5/10/2021 8:15:00 PM,FVG Short,Profit target,$2000.00,$39820.00,$0.00,$370.00,$2000.00,$0.00,17,
253,NQ DEC25,Backtest,FairValueGapStrategyFiltered,Long,1,15887.25,15987.25,5/20/2021 3:45:00 PM,5/20/2021 3:45:00 PM,FVG Long,Profit target,$2000.00,$41820.00,$0.00,$0.00,$2000.00,$0.00,1,
254,NQ DEC25,Backtest,FairValueGapStrategyFiltered,Long,1,15979.75,16079.75,5/20/2021 4:15:00 PM,5/20/2021 5:45:00 PM,FVG Long,Profit target,$2000.00,$43820.00,$0.00,$65.00,$2000.00,$0.00,7,
255,NQ DEC25,Backtest,FairValueGapStrategyFiltered,Long,1,16174.00,16274.00,5/24/2021 4:15:00 PM,5/24/2021 8:45:00 PM,FVG Long,Profit target,$2000.00,$45820.00,$0.00,$0.00,$2000.00,$0.00,19,
256,NQ DEC25,Backtest,FairValueGapStrategyFiltered,Long,1,16280.50,16288.00,5/27/2021 3:45:00 PM,5/27/2021 11:00:00 PM,FVG Long,Exit on session close,$150.00,$45970.00,$0.00,$825.00,$710.00,$560.00,29,
257,NQ DEC25,Backtest,FairValueGapStrategyFiltered,Long,1,16322.50,16281.75,5/28/2021 4:00:00 PM,5/28/2021 11:00:00 PM,FVG Long,Exit on session close,($815.00),$45155.00,$0.00,$905.00,$725.00,$1540.00,28,
258,NQ DEC25,Backtest,FairValueGapStrategyFiltered,Long,1,16347.25,16297.25,6/1/2021 3:45:00 PM,6/1/2021 4:15:00 PM,FVG Long,Stop loss,($1000.00),$44155.00,$0.00,$1000.00,$420.00,$1420.00,3,
259,NQ DEC25,Backtest,FairValueGapStrategyFiltered,Short,1,16253.00,16242.75,6/1/2021 4:30:00 PM,6/1/2021 11:00:00 PM,FVG Short,Exit on session close,$205.00,$44360.00,$0.00,$710.00,$1310.00,$1105.00,26,
260,NQ DEC25,Backtest,FairValueGapStrategyFiltered,Long,1,16274.25,16224.25,6/2/2021 4:15:00 PM,6/2/2021 7:30:00 PM,FVG Long,Stop loss,($1000.00),$43360.00,$0.00,$1000.00,$675.00,$1675.00,14,
261,NQ DEC25,Backtest,FairValueGapStrategyFiltered,Short,1,16092.25,16142.25,6/3/2021 4:15:00 PM,6/3/2021 4:15:00 PM,FVG Short,Stop loss,($1000.00),$42360.00,$0.00,$1000.00,$0.00,$1000.00,1,
262,NQ DEC25,Backtest,FairValueGapStrategyFiltered,Long,1,16205.25,16305.25,6/4/2021 3:45:00 PM,6/4/2021 4:15:00 PM,FVG Long,Profit target,$2000.00,$44360.00,$0.00,$90.00,$2000.00,$0.00,3,
263,NQ DEC25,Backtest,FairValueGapStrategyFiltered,Long,1,16328.50,16358.50,6/4/2021 4:30:00 PM,6/4/2021 11:00:00 PM,FVG Long,Exit on session close,$600.00,$44960.00,$0.00,$250.00,$1010.00,$410.00,26,
264,NQ DEC25,Backtest,FairValueGapStrategyFiltered,Long,1,16540.50,16490.50,6/10/2021 4:15:00 PM,6/10/2021 5:00:00 PM,FVG Long,Stop loss,($1000.00),$43960.00,$0.00,$1000.00,$335.00,$1335.00,4,
265,NQ DEC25,Backtest,FairValueGapStrategyFiltered,Long,1,16686.00,16636.00,6/16/2021 4:15:00 PM,6/16/2021 5:45:00 PM,FVG Long,Stop loss,($1000.00),$42960.00,$0.00,$1000.00,$320.00,$1320.00,7,
266,NQ DEC25,Backtest,FairValueGapStrategyFiltered,Long,1,16631.25,16731.25,6/17/2021 4:15:00 PM,6/17/2021 4:45:00 PM,FVG Long,Profit target,$2000.00,$44960.00,$0.00,$195.00,$2000.00,$0.00,3,
267,NQ DEC25,Backtest,FairValueGapStrategyFiltered,Long,1,16983.00,16965.25,6/24/2021 4:15:00 PM,6/24/2021 11:00:00 PM,FVG Long,Exit on session close,($355.00),$44605.00,$0.00,$990.00,$905.00,$1260.00,27,
268,NQ DEC25,Backtest,FairValueGapStrategyFiltered,Long,1,17058.00,17109.00,6/28/2021 4:15:00 PM,6/28/2021 11:00:00 PM,FVG Long,Exit on session close,$1020.00,$45625.00,$0.00,$15.00,$1360.00,$340.00,28,
269,NQ DEC25,Backtest,FairValueGapStrategyFiltered,Long,1,17120.25,17189.00,6/29/2021 4:15:00 PM,6/29/2021 11:00:00 PM,FVG Long,Exit on session close,$1375.00,$47000.00,$0.00,$735.00,$1415.00,$40.00,28,
270,NQ DEC25,Backtest,FairValueGapStrategyFiltered,Long,1,17475.75,17575.75,7/13/2021 4:00:00 PM,7/13/2021 4:45:00 PM,FVG Long,Profit target,$2000.00,$49000.00,$0.00,$55.00,$2000.00,$0.00,4,
271,NQ DEC25,Backtest,FairValueGapStrategyFiltered,Short,1,17392.25,17292.25,7/16/2021 4:30:00 PM,7/16/2021 9:15:00 PM,FVG Short,Profit target,$2000.00,$51000.00,$0.00,$230.00,$2000.00,$0.00,20,
272,NQ DEC25,Backtest,FairValueGapStrategyFiltered,Long,1,17362.00,17444.50,7/21/2021 4:15:00 PM,7/21/2021 11:00:00 PM,FVG Long,Exit on session close,$1650.00,$52650.00,$0.00,$605.00,$1675.00,$25.00,28,
273,NQ DEC25,Backtest,FairValueGapStrategyFiltered,Long,1,17484.50,17584.50,7/22/2021 4:15:00 PM,7/22/2021 11:00:00 PM,FVG Long,Profit target,$2000.00,$54650.00,$0.00,$555.00,$2000.00,$0.00,28,
274,NQ DEC25,Backtest,FairValueGapStrategyFiltered,Long,1,17703.25,17730.75,7/26/2021 4:30:00 PM,7/26/2021 11:00:00 PM,FVG Long,Exit on session close,$550.00,$55200.00,$0.00,$295.00,$740.00,$190.00,27,
275,NQ DEC25,Backtest,FairValueGapStrategyFiltered,Short,1,17649.00,17549.00,7/27/2021 4:15:00 PM,7/27/2021 4:45:00 PM,FVG Short,Profit target,$2000.00,$57200.00,$0.00,$325.00,$2000.00,$0.00,3,
276,NQ DEC25,Backtest,FairValueGapStrategyFiltered,Short,1,17585.00,17635.00,7/28/2021 4:15:00 PM,7/28/2021 4:30:00 PM,FVG Short,Stop loss,($1000.00),$56200.00,$0.00,$1000.00,$100.00,$1100.00,2,
277,NQ DEC25,Backtest,FairValueGapStrategyFiltered,Long,1,17660.75,17610.75,7/29/2021 4:15:00 PM,7/29/2021 10:15:00 PM,FVG Long,Stop loss,($1000.00),$55200.00,$0.00,$1000.00,$590.00,$1590.00,25,
278,NQ DEC25,Backtest,FairValueGapStrategyFiltered,Long,1,17575.50,17525.50,7/30/2021 4:30:00 PM,7/30/2021 5:15:00 PM,FVG Long,Stop loss,($1000.00),$54200.00,$0.00,$1000.00,$75.00,$1075.00,4,
279,NQ DEC25,Backtest,FairValueGapStrategyFiltered,Short,1,17483.25,17533.25,8/3/2021 4:30:00 PM,8/3/2021 4:30:00 PM,FVG Short,Stop loss,($1000.00),$53200.00,$0.00,$1000.00,$0.00,$1000.00,1,
280,NQ DEC25,Backtest,FairValueGapStrategyFiltered,Long,1,17661.00,17611.00,8/4/2021 4:00:00 PM,8/4/2021 4:30:00 PM,FVG Long,Stop loss,($1000.00),$52200.00,$0.00,$1000.00,$295.00,$1295.00,3,
281,NQ DEC25,Backtest,FairValueGapStrategyFiltered,Short,1,17663.50,17614.75,8/11/2021 4:15:00 PM,8/11/2021 11:00:00 PM,FVG Short,Exit on session close,$975.00,$53175.00,$0.00,$490.00,$1885.00,$910.00,28,
282,NQ DEC25,Backtest,FairValueGapStrategyFiltered,Short,1,17581.25,17631.25,8/12/2021 4:15:00 PM,8/12/2021 4:45:00 PM,FVG Short,Stop loss,($1000.00),$52175.00,$0.00,$1000.00,$675.00,$1675.00,3,
283,NQ DEC25,Backtest,FairValueGapStrategyFiltered,Long,1,17695.25,17728.25,8/13/2021 3:45:00 PM,8/13/2021 11:00:00 PM,FVG Long,Exit on session close,$660.00,$52835.00,$0.00,$415.00,$1055.00,$395.00,30,
284,NQ DEC25,Backtest,FairValueGapStrategyFiltered,Short,1,17592.00,17642.00,8/16/2021 4:30:00 PM,8/16/2021 7:30:00 PM,FVG Short,Stop loss,($1000.00),$51835.00,$0.00,$1000.00,$1370.00,$2370.00,13,
285,NQ DEC25,Backtest,FairValueGapStrategyFiltered,Short,1,17624.25,17524.25,8/17/2021 3:45:00 PM,8/17/2021 6:45:00 PM,FVG Short,Profit target,$2000.00,$53835.00,$0.00,$800.00,$2000.00,$0.00,13,
286,NQ DEC25,Backtest,FairValueGapStrategyFiltered,Long,1,17579.75,17679.75,8/20/2021 3:45:00 PM,8/20/2021 4:30:00 PM,FVG Long,Profit target,$2000.00,$55835.00,$0.00,$290.00,$2000.00,$0.00,4,
287,NQ DEC25,Backtest,FairValueGapStrategyFiltered,Long,1,17809.75,17909.75,8/23/2021 4:15:00 PM,8/23/2021 6:00:00 PM,FVG Long,Profit target,$2000.00,$57835.00,$0.00,$210.00,$2000.00,$0.00,8,
288,NQ DEC25,Backtest,FairValueGapStrategyFiltered,Long,1,17939.50,17969.75,8/24/2021 3:45:00 PM,8/24/2021 11:00:00 PM,FVG Long,Exit on session close,$605.00,$58440.00,$0.00,$405.00,$945.00,$340.00,30,
289,NQ DEC25,Backtest,FairValueGapStrategyFiltered,Short,1,17907.25,17957.25,8/27/2021 3:45:00 PM,8/27/2021 4:15:00 PM,FVG Short,Stop loss,($1000.00),$57440.00,$0.00,$1000.00,$335.00,$1335.00,3,
290,NQ DEC25,Backtest,FairValueGapStrategyFiltered,Long,1,18111.25,18211.25,8/30/2021 4:00:00 PM,8/30/2021 7:45:00 PM,FVG Long,Profit target,$2000.00,$59440.00,$0.00,$260.00,$2000.00,$0.00,16,
291,NQ DEC25,Backtest,FairValueGapStrategyFiltered,Long,1,18213.75,18163.75,8/31/2021 3:45:00 PM,8/31/2021 3:45:00 PM,FVG Long,Stop loss,($1000.00),$58440.00,$0.00,$1000.00,$0.00,$1000.00,1,
292,NQ DEC25,Backtest,FairValueGapStrategyFiltered,Long,1,18277.00,18227.00,9/1/2021 4:15:00 PM,9/1/2021 9:45:00 PM,FVG Long,Stop loss,($1000.00),$57440.00,$0.00,$1000.00,$365.00,$1365.00,23,
293,NQ DEC25,Backtest,FairValueGapStrategyFiltered,Long,1,18241.50,18261.25,9/3/2021 4:30:00 PM,9/3/2021 11:00:00 PM,FVG Long,Exit on session close,$395.00,$57835.00,$0.00,$630.00,$690.00,$295.00,27,
294,NQ DEC25,Backtest,FairValueGapStrategyFiltered,Long,1,18310.75,18307.50,9/6/2021 4:30:00 PM,9/6/2021 7:00:00 PM,FVG Long,Exit on session close,($65.00),$57770.00,$0.00,$220.00,$50.00,$115.00,11,
295,NQ DEC25,Backtest,FairValueGapStrategyFiltered,Short,1,18241.25,18141.25,9/8/2021 4:15:00 PM,9/8/2021 5:00:00 PM,FVG Short,Profit target,$2000.00,$59770.00,$0.00,$475.00,$2000.00,$0.00,4,
296,NQ DEC25,Backtest,FairValueGapStrategyFiltered,Long,1,18267.00,18217.00,9/9/2021 4:15:00 PM,9/9/2021 7:30:00 PM,FVG Long,Stop loss,($1000.00),$58770.00,$0.00,$1000.00,$330.00,$1330.00,14,
297,NQ DEC25,Backtest,FairValueGapStrategyFiltered,Long,1,18264.00,18214.00,9/10/2021 4:00:00 PM,9/10/2021 4:30:00 PM,FVG Long,Stop loss,($1000.00),$57770.00,$0.00,$1000.00,$170.00,$1170.00,3,
298,NQ DEC25,Backtest,FairValueGapStrategyFiltered,Short,1,18056.50,18062.75,9/13/2021 4:15:00 PM,9/13/2021 11:00:00 PM,FVG Short,Exit on session close,($125.00),$57645.00,$0.00,$245.00,$1925.00,$2050.00,28,
299,NQ DEC25,Backtest,FairValueGapStrategyFiltered,Short,1,18049.50,18099.50,9/14/2021 4:15:00 PM,9/14/2021 6:15:00 PM,FVG Short,Stop loss,($1000.00),$56645.00,$0.00,$1000.00,$915.00,$1915.00,9,
300,NQ DEC25,Backtest,FairValueGapStrategyFiltered,Short,1,17974.00,18024.00,9/15/2021 4:15:00 PM,9/15/2021 6:45:00 PM,FVG Short,Stop loss,($1000.00),$55645.00,$0.00,$1000.00,$975.00,$1975.00,11,
301,NQ DEC25,Backtest,FairValueGapStrategyFiltered,Short,1,18026.50,18076.50,9/16/2021 4:15:00 PM,9/16/2021 8:00:00 PM,FVG Short,Stop loss,($1000.00),$54645.00,$0.00,$1000.00,$1005.00,$2005.00,16,
302,NQ DEC25,Backtest,FairValueGapStrategyFiltered,Short,1,18040.25,17940.25,9/17/2021 4:00:00 PM,9/17/2021 5:15:00 PM,FVG Short,Profit target,$2000.00,$56645.00,$0.00,$320.00,$2000.00,$0.00,6,
303,NQ DEC25,Backtest,FairValueGapStrategyFiltered,Short,1,17639.25,17689.25,9/22/2021 4:00:00 PM,9/22/2021 4:00:00 PM,FVG Short,Stop loss,($1000.00),$55645.00,$0.00,$1000.00,$0.00,$1000.00,1,
304,NQ DEC25,Backtest,FairValueGapStrategyFiltered,Long,1,17717.25,17817.25,9/22/2021 4:30:00 PM,9/22/2021 6:00:00 PM,FVG Long,Profit target,$2000.00,$57645.00,$0.00,$0.00,$2000.00,$0.00,7,
305,NQ DEC25,Backtest,FairValueGapStrategyFiltered,Long,1,17892.75,17913.50,9/23/2021 4:15:00 PM,9/23/2021 11:00:00 PM,FVG Long,Exit on session close,$415.00,$58060.00,$0.00,$195.00,$1435.00,$1020.00,28,
306,NQ DEC25,Backtest,FairValueGapStrategyFiltered,Short,1,17740.75,17790.75,9/27/2021 4:15:00 PM,9/27/2021 4:30:00 PM,FVG Short,Stop loss,($1000.00),$57060.00,$0.00,$1000.00,$450.00,$1450.00,2,
307,NQ DEC25,Backtest,FairValueGapStrategyFiltered,Short,1,17568.50,17468.50,9/28/2021 4:15:00 PM,9/28/2021 4:30:00 PM,FVG Short,Profit target,$2000.00,$59060.00,$0.00,$0.00,$2000.00,$0.00,2,
308,NQ DEC25,Backtest,FairValueGapStrategyFiltered,Short,1,17435.25,17485.25,9/29/2021 3:45:00 PM,9/29/2021 4:00:00 PM,FVG Short,Stop loss,($1000.00),$58060.00,$0.00,$1000.00,$605.00,$1605.00,2,
309,NQ DEC25,Backtest,FairValueGapStrategyFiltered,Long,1,17459.25,17409.25,9/30/2021 4:15:00 PM,9/30/2021 4:45:00 PM,FVG Long,Stop loss,($1000.00),$57060.00,$0.00,$1000.00,$540.00,$1540.00,3,
310,NQ DEC25,Backtest,FairValueGapStrategyFiltered,Short,1,17247.25,17297.25,10/1/2021 4:15:00 PM,10/1/2021 5:30:00 PM,FVG Short,Stop loss,($1000.00),$56060.00,$0.00,$1000.00,$1855.00,$2855.00,6,
311,NQ DEC25,Backtest,FairValueGapStrategyFiltered,Short,1,17214.50,17114.50,10/4/2021 4:15:00 PM,10/4/2021 4:45:00 PM,FVG Short,Profit target,$2000.00,$58060.00,$0.00,$250.00,$2000.00,$0.00,3,
312,NQ DEC25,Backtest,FairValueGapStrategyFiltered,Long,1,17244.25,17344.25,10/5/2021 4:30:00 PM,10/5/2021 6:15:00 PM,FVG Long,Profit target,$2000.00,$60060.00,$0.00,$440.00,$2000.00,$0.00,8,
313,NQ DEC25,Backtest,FairValueGapStrategyFiltered,Long,1,17476.75,17426.75,10/11/2021 4:15:00 PM,10/11/2021 7:15:00 PM,FVG Long,Stop loss,($1000.00),$59060.00,$0.00,$1000.00,$760.00,$1760.00,13,
314,NQ DEC25,Backtest,FairValueGapStrategyFiltered,Long,1,17377.00,17327.00,10/12/2021 3:45:00 PM,10/12/2021 3:45:00 PM,FVG Long,Stop loss,($1000.00),$58060.00,$0.00,$1000.00,$0.00,$1000.00,1,
315,NQ DEC25,Backtest,FairValueGapStrategyFiltered,Short,1,17279.00,17329.00,10/12/2021 4:15:00 PM,10/12/2021 4:15:00 PM,FVG Short,Stop loss,($1000.00),$57060.00,$0.00,$1000.00,$0.00,$1000.00,1,
316,NQ DEC25,Backtest,FairValueGapStrategyFiltered,Long,1,17364.25,17314.25,10/13/2021 3:45:00 PM,10/13/2021 4:00:00 PM,FVG Long,Stop loss,($1000.00),$56060.00,$0.00,$1000.00,$640.00,$1640.00,2,
317,NQ DEC25,Backtest,FairValueGapStrategyFiltered,Long,1,17562.50,17662.50,10/14/2021 4:15:00 PM,10/14/2021 10:00:00 PM,FVG Long,Profit target,$2000.00,$58060.00,$0.00,$140.00,$2000.00,$0.00,24,
318,NQ DEC25,Backtest,FairValueGapStrategyFiltered,Long,1,17755.50,17855.50,10/18/2021 4:15:00 PM,10/18/2021 7:30:00 PM,FVG Long,Profit target,$2000.00,$60060.00,$0.00,$250.00,$2000.00,$0.00,14,
319,NQ DEC25,Backtest,FairValueGapStrategyFiltered,Long,1,17997.75,18097.75,10/21/2021 4:15:00 PM,10/21/2021 10:00:00 PM,FVG Long,Profit target,$2000.00,$62060.00,$0.00,$105.00,$2000.00,$0.00,24,
320,NQ DEC25,Backtest,FairValueGapStrategyFiltered,Long,1,18257.25,18207.25,10/26/2021 4:15:00 PM,10/26/2021 6:00:00 PM,FVG Long,Stop loss,($1000.00),$61060.00,$0.00,$1000.00,$1225.00,$2225.00,8,
321,NQ DEC25,Backtest,FairValueGapStrategyFiltered,Long,1,18259.50,18209.50,10/27/2021 4:15:00 PM,10/27/2021 4:15:00 PM,FVG Long,Stop loss,($1000.00),$60060.00,$0.00,$1000.00,$0.00,$1000.00,1,
322,NQ DEC25,Backtest,FairValueGapStrategyFiltered,Long,1,18300.25,18400.25,10/29/2021 4:15:00 PM,10/29/2021 6:30:00 PM,FVG Long,Profit target,$2000.00,$62060.00,$0.00,$305.00,$2000.00,$0.00,10,
323,NQ DEC25,Backtest,FairValueGapStrategyFiltered,Long,1,18912.25,18862.25,11/4/2021 3:45:00 PM,11/4/2021 4:45:00 PM,FVG Long,Stop loss,($1000.00),$61060.00,$0.00,$1000.00,$735.00,$1735.00,5,
324,NQ DEC25,Backtest,FairValueGapStrategyFiltered,Short,1,18842.75,18892.75,11/9/2021 4:15:00 PM,11/9/2021 4:45:00 PM,FVG Short,Stop loss,($1000.00),$60060.00,$0.00,$1000.00,$715.00,$1715.00,3,
325,NQ DEC25,Backtest,FairValueGapStrategyFiltered,Short,1,18637.75,18687.75,11/12/2021 4:15:00 PM,11/12/2021 4:30:00 PM,FVG Short,Stop loss,($1000.00),$59060.00,$0.00,$1000.00,$5.00,$1005.00,2,
326,NQ DEC25,Backtest,FairValueGapStrategyFiltered,Short,1,18774.75,18824.75,11/16/2021 3:45:00 PM,11/16/2021 3:45:00 PM,FVG Short,Stop loss,($1000.00),$58060.00,$0.00,$1000.00,$0.00,$1000.00,1,
327,NQ DEC25,Backtest,FairValueGapStrategyFiltered,Long,1,18842.00,18911.75,11/16/2021 4:15:00 PM,11/16/2021 11:00:00 PM,FVG Long,Exit on session close,$1395.00,$59455.00,$0.00,$595.00,$1985.00,$590.00,28,
328,NQ DEC25,Backtest,FairValueGapStrategyFiltered,Long,1,19205.25,19155.25,11/19/2021 4:30:00 PM,11/19/2021 7:45:00 PM,FVG Long,Stop loss,($1000.00),$58455.00,$0.00,$1000.00,$815.00,$1815.00,14,
329,NQ DEC25,Backtest,FairValueGapStrategyFiltered,Long,1,19339.00,19289.00,11/22/2021 4:15:00 PM,11/22/2021 5:15:00 PM,FVG Long,Stop loss,($1000.00),$57455.00,$0.00,$1000.00,$920.00,$1920.00,5,
330,NQ DEC25,Backtest,FairValueGapStrategyFiltered,Long,1,19031.75,19022.00,11/25/2021 4:15:00 PM,11/25/2021 7:00:00 PM,FVG Long,Exit on session close,($195.00),$57260.00,$0.00,$425.00,$75.00,$270.00,12,
331,NQ DEC25,Backtest,FairValueGapStrategyFiltered,Long,1,19036.25,18986.25,11/30/2021 4:30:00 PM,11/30/2021 4:45:00 PM,FVG Long,Stop loss,($1000.00),$56260.00,$0.00,$1000.00,$340.00,$1340.00,2,
332,NQ DEC25,Backtest,FairValueGapStrategyFiltered,Short,1,18463.75,18363.75,12/3/2021 4:15:00 PM,12/3/2021 4:15:00 PM,FVG Short,Profit target,$2000.00,$58260.00,$0.00,$0.00,$2000.00,$0.00,1,
333,NQ DEC25,Backtest,FairValueGapStrategyFiltered,Short,1,18384.50,18434.50,12/3/2021 4:30:00 PM,12/3/2021 4:30:00 PM,FVG Short,Stop loss,($1000.00),$57260.00,$0.00,$1000.00,$0.00,$1000.00,1,
334,NQ DEC25,Backtest,FairValueGapStrategyFiltered,Short,1,18283.75,18333.75,12/6/2021 4:15:00 PM,12/6/2021 4:15:00 PM,FVG Short,Stop loss,($1000.00),$56260.00,$0.00,$1000.00,$0.00,$1000.00,1,
335,NQ DEC25,Backtest,FairValueGapStrategyFiltered,Long,1,18846.00,18946.00,12/7/2021 4:15:00 PM,12/7/2021 7:00:00 PM,FVG Long,Profit target,$2000.00,$58260.00,$0.00,$335.00,$2000.00,$0.00,12,
336,NQ DEC25,Backtest,FairValueGapStrategyFiltered,Short,1,18835.25,18885.25,12/10/2021 4:15:00 PM,12/10/2021 4:15:00 PM,FVG Short,Stop loss,($1000.00),$57260.00,$0.00,$1000.00,$0.00,$1000.00,1,
337,NQ DEC25,Backtest,FairValueGapStrategyFiltered,Short,1,18457.75,18507.75,12/15/2021 4:15:00 PM,12/15/2021 4:45:00 PM,FVG Short,Stop loss,($1000.00),$56260.00,$0.00,$1000.00,$670.00,$1670.00,3,
338,NQ DEC25,Backtest,FairValueGapStrategyFiltered,Short,1,18282.00,18332.00,12/21/2021 4:15:00 PM,12/21/2021 5:15:00 PM,FVG Short,Stop loss,($1000.00),$55260.00,$0.00,$1000.00,$1200.00,$2200.00,5,
339,NQ DEC25,Backtest,FairValueGapStrategyFiltered,Long,1,18579.25,18679.25,12/22/2021 3:45:00 PM,12/22/2021 4:45:00 PM,FVG Long,Profit target,$2000.00,$57260.00,$0.00,$580.00,$2000.00,$0.00,5,
340,NQ DEC25,Backtest,FairValueGapStrategyFiltered,Long,1,19053.00,19153.00,12/27/2021 4:15:00 PM,12/27/2021 5:15:00 PM,FVG Long,Profit target,$2000.00,$59260.00,$0.00,$140.00,$2000.00,$0.00,5,
341,NQ DEC25,Backtest,FairValueGapStrategyFiltered,Short,1,19006.50,18906.50,1/4/2022 4:30:00 PM,1/4/2022 4:45:00 PM,FVG Short,Profit target,$2000.00,$61260.00,$0.00,$355.00,$2000.00,$0.00,2,
342,NQ DEC25,Backtest,FairValueGapStrategyFiltered,Short,1,17876.25,17776.25,1/10/2022 4:15:00 PM,1/10/2022 4:45:00 PM,FVG Short,Profit target,$2000.00,$63260.00,$0.00,$260.00,$2000.00,$0.00,3,
343,NQ DEC25,Backtest,FairValueGapStrategyFiltered,Short,1,18182.50,18232.50,1/11/2022 3:45:00 PM,1/11/2022 4:15:00 PM,FVG Short,Stop loss,($1000.00),$62260.00,$0.00,$1000.00,$1810.00,$2810.00,3,
344,NQ DEC25,Backtest,FairValueGapStrategyFiltered,Long,1,17894.25,17844.25,1/20/2022 4:15:00 PM,1/20/2022 4:30:00 PM,FVG Long,Stop loss,($1000.00),$61260.00,$0.00,$1000.00,$325.00,$1325.00,2,
345,NQ DEC25,Backtest,FairValueGapStrategyFiltered,Short,1,16747.75,16797.75,1/25/2022 4:30:00 PM,1/25/2022 4:30:00 PM,FVG Short,Stop loss,($1000.00),$60260.00,$0.00,$1000.00,$0.00,$1000.00,1,
346,NQ DEC25,Backtest,FairValueGapStrategyFiltered,Long,1,16950.00,16900.00,1/27/2022 3:45:00 PM,1/27/2022 3:45:00 PM,FVG Long,Stop loss,($1000.00),$59260.00,$0.00,$1000.00,$0.00,$1000.00,1,
347,NQ DEC25,Backtest,FairValueGapStrategyFiltered,Short,1,16517.00,16567.00,1/28/2022 4:15:00 PM,1/28/2022 4:15:00 PM,FVG Short,Stop loss,($1000.00),$58260.00,$0.00,$1000.00,$0.00,$1000.00,1,
348,NQ DEC25,Backtest,FairValueGapStrategyFiltered,Long,1,17246.75,17346.75,1/31/2022 4:15:00 PM,1/31/2022 5:15:00 PM,FVG Long,Profit target,$2000.00,$60260.00,$0.00,$75.00,$2000.00,$0.00,5,
349,NQ DEC25,Backtest,FairValueGapStrategyFiltered,Short,1,17359.25,17409.25,2/10/2022 3:45:00 PM,2/10/2022 3:45:00 PM,FVG Short,Stop loss,($1000.00),$59260.00,$0.00,$1000.00,$0.00,$1000.00,1,
350,NQ DEC25,Backtest,FairValueGapStrategyFiltered,Long,1,17526.25,17626.25,2/10/2022 4:15:00 PM,2/10/2022 4:45:00 PM,FVG Long,Profit target,$2000.00,$61260.00,$0.00,$290.00,$2000.00,$0.00,3,
351,NQ DEC25,Backtest,FairValueGapStrategyFiltered,Short,1,17317.75,17367.75,2/11/2022 3:45:00 PM,2/11/2022 4:00:00 PM,FVG Short,Stop loss,($1000.00),$60260.00,$0.00,$1000.00,$895.00,$1895.00,2,
352,NQ DEC25,Backtest,FairValueGapStrategyFiltered,Short,1,17024.75,17074.75,2/16/2022 4:15:00 PM,2/16/2022 5:00:00 PM,FVG Short,Stop loss,($1000.00),$59260.00,$0.00,$1000.00,$440.00,$1440.00,4,
353,NQ DEC25,Backtest,FairValueGapStrategyFiltered,Short,1,17027.00,16927.00,2/17/2022 4:30:00 PM,2/17/2022 7:15:00 PM,FVG Short,Profit target,$2000.00,$61260.00,$0.00,$180.00,$2000.00,$0.00,12,
354,NQ DEC25,Backtest,FairValueGapStrategyFiltered,Long,1,16638.25,16588.25,2/22/2022 4:15:00 PM,2/22/2022 5:00:00 PM,FVG Long,Stop loss,($1000.00),$60260.00,$0.00,$1000.00,$1740.00,$2740.00,4,
355,NQ DEC25,Backtest,FairValueGapStrategyFiltered,Long,1,16967.50,16917.50,3/3/2022 3:45:00 PM,3/3/2022 3:45:00 PM,FVG Long,Stop loss,($1000.00),$59260.00,$0.00,$1000.00,$0.00,$1000.00,1,
356,NQ DEC25,Backtest,FairValueGapStrategyFiltered,Short,1,16290.25,16190.25,3/7/2022 4:15:00 PM,3/7/2022 4:30:00 PM,FVG Short,Profit target,$2000.00,$61260.00,$0.00,$415.00,$2000.00,$0.00,2,
357,NQ DEC25,Backtest,FairValueGapStrategyFiltered,Short,1,16210.75,16110.75,3/11/2022 4:15:00 PM,3/11/2022 5:15:00 PM,FVG Short,Profit target,$2000.00,$63260.00,$0.00,$0.00,$2000.00,$0.00,5,
358,NQ DEC25,Backtest,FairValueGapStrategyFiltered,Long,1,15923.00,16023.00,3/15/2022 4:00:00 PM,3/15/2022 4:45:00 PM,FVG Long,Profit target,$2000.00,$65260.00,$0.00,$610.00,$2000.00,$0.00,4,
359,NQ DEC25,Backtest,FairValueGapStrategyFiltered,Long,1,16442.75,16392.75,3/16/2022 3:45:00 PM,3/16/2022 5:45:00 PM,FVG Long,Stop loss,($1000.00),$64260.00,$0.00,$1000.00,$895.00,$1895.00,9,
360,NQ DEC25,Backtest,FairValueGapStrategyFiltered,Long,1,16830.25,16780.25,3/18/2022 3:45:00 PM,3/18/2022 3:45:00 PM,FVG Long,Stop loss,($1000.00),$63260.00,$0.00,$1000.00,$0.00,$1000.00,1,
361,NQ DEC25,Backtest,FairValueGapStrategyFiltered,Long,1,16983.25,16933.25,3/21/2022 4:30:00 PM,3/21/2022 5:45:00 PM,FVG Long,Stop loss,($1000.00),$62260.00,$0.00,$1000.00,$1850.00,$2850.00,6,
362,NQ DEC25,Backtest,FairValueGapStrategyFiltered,Long,1,17207.50,17307.50,3/22/2022 3:45:00 PM,3/22/2022 9:00:00 PM,FVG Long,Profit target,$2000.00,$64260.00,$0.00,$310.00,$2000.00,$0.00,22,
363,NQ DEC25,Backtest,FairValueGapStrategyFiltered,Long,1,17197.00,17297.00,3/23/2022 3:45:00 PM,3/23/2022 5:15:00 PM,FVG Long,Profit target,$2000.00,$66260.00,$0.00,$965.00,$2000.00,$0.00,7,
364,NQ DEC25,Backtest,FairValueGapStrategyFiltered,Long,1,17508.00,17458.00,3/28/2022 4:15:00 PM,3/28/2022 4:15:00 PM,FVG Long,Stop loss,($1000.00),$65260.00,$0.00,$1000.00,$0.00,$1000.00,1,
365,NQ DEC25,Backtest,FairValueGapStrategyFiltered,Short,1,17647.25,17697.25,3/31/2022 4:15:00 PM,3/31/2022 5:00:00 PM,FVG Short,Stop loss,($1000.00),$64260.00,$0.00,$1000.00,$1205.00,$2205.00,4,
366,NQ DEC25,Backtest,FairValueGapStrategyFiltered,Short,1,17459.75,17509.75,4/1/2022 4:15:00 PM,4/1/2022 5:00:00 PM,FVG Short,Stop loss,($1000.00),$63260.00,$0.00,$1000.00,$645.00,$1645.00,4,
367,NQ DEC25,Backtest,FairValueGapStrategyFiltered,Long,1,17668.50,17768.50,4/4/2022 4:15:00 PM,4/4/2022 9:30:00 PM,FVG Long,Profit target,$2000.00,$65260.00,$0.00,$800.00,$2000.00,$0.00,22,
368,NQ DEC25,Backtest,FairValueGapStrategyFiltered,Short,1,17127.50,17177.50,4/6/2022 4:15:00 PM,4/6/2022 8:00:00 PM,FVG Short,Stop loss,($1000.00),$64260.00,$0.00,$1000.00,$1720.00,$2720.00,16,
369,NQ DEC25,Backtest,FairValueGapStrategyFiltered,Short,1,17089.00,16989.00,4/8/2022 3:45:00 PM,4/8/2022 3:45:00 PM,FVG Short,Profit target,$2000.00,$66260.00,$0.00,$0.00,$2000.00,$0.00,1,
370,NQ DEC25,Backtest,FairValueGapStrategyFiltered,Short,1,16944.25,16994.25,4/8/2022 4:15:00 PM,4/8/2022 4:15:00 PM,FVG Short,Stop loss,($1000.00),$65260.00,$0.00,$1000.00,$0.00,$1000.00,1,
371,NQ DEC25,Backtest,FairValueGapStrategyFiltered,Short,1,16797.00,16847.00,4/12/2022 4:00:00 PM,4/12/2022 4:00:00 PM,FVG Short,Stop loss,($1000.00),$64260.00,$0.00,$1000.00,$0.00,$1000.00,1,
372,NQ DEC25,Backtest,FairValueGapStrategyFiltered,Long,1,16870.25,16820.25,4/12/2022 4:30:00 PM,4/12/2022 4:30:00 PM,FVG Long,Stop loss,($1000.00),$63260.00,$0.00,$1000.00,$0.00,$1000.00,1,
373,NQ DEC25,Backtest,FairValueGapStrategyFiltered,Short,1,16736.25,16636.25,4/14/2022 4:15:00 PM,4/14/2022 5:45:00 PM,FVG Short,Profit target,$2000.00,$65260.00,$0.00,$515.00,$2000.00,$0.00,7,
374,NQ DEC25,Backtest,FairValueGapStrategyFiltered,Long,1,16691.25,16791.25,4/19/2022 4:30:00 PM,4/19/2022 5:45:00 PM,FVG Long,Profit target,$2000.00,$67260.00,$0.00,$330.00,$2000.00,$0.00,6,
375,NQ DEC25,Backtest,FairValueGapStrategyFiltered,Long,1,16826.25,16776.25,4/21/2022 4:15:00 PM,4/21/2022 4:15:00 PM,FVG Long,Stop loss,($1000.00),$66260.00,$0.00,$1000.00,$0.00,$1000.00,1,
376,NQ DEC25,Backtest,FairValueGapStrategyFiltered,Short,1,15888.75,15788.75,4/26/2022 4:15:00 PM,4/26/2022 4:45:00 PM,FVG Short,Profit target,$2000.00,$68260.00,$0.00,$140.00,$2000.00,$0.00,3,
377,NQ DEC25,Backtest,FairValueGapStrategyFiltered,Short,1,15756.25,15806.25,4/28/2022 4:15:00 PM,4/28/2022 4:30:00 PM,FVG Short,Stop loss,($1000.00),$67260.00,$0.00,$1000.00,$1225.00,$2225.00,2,
378,NQ DEC25,Backtest,FairValueGapStrategyFiltered,Short,1,15634.50,15684.50,5/3/2022 4:00:00 PM,5/3/2022 4:00:00 PM,FVG Short,Stop loss,($1000.00),$66260.00,$0.00,$1000.00,$0.00,$1000.00,1,
379,NQ DEC25,Backtest,FairValueGapStrategyFiltered,Short,1,15638.50,15538.50,5/4/2022 4:15:00 PM,5/4/2022 5:15:00 PM,FVG Short,Profit target,$2000.00,$68260.00,$0.00,$225.00,$2000.00,$0.00,5,
380,NQ DEC25,Backtest,FairValueGapStrategyFiltered,Short,1,15795.75,15695.75,5/5/2022 4:15:00 PM,5/5/2022 4:15:00 PM,FVG Short,Profit target,$2000.00,$70260.00,$0.00,$0.00,$2000.00,$0.00,1,
381,NQ DEC25,Backtest,FairValueGapStrategyFiltered,Short,1,15723.00,15623.00,5/5/2022 4:30:00 PM,5/5/2022 4:45:00 PM,FVG Short,Profit target,$2000.00,$72260.00,$0.00,$75.00,$2000.00,$0.00,2,
382,NQ DEC25,Backtest,FairValueGapStrategyFiltered,Short,1,15171.50,15221.50,5/6/2022 4:15:00 PM,5/6/2022 4:15:00 PM,FVG Short,Stop loss,($1000.00),$71260.00,$0.00,$1000.00,$0.00,$1000.00,1,
383,NQ DEC25,Backtest,FairValueGapStrategyFiltered,Long,1,15117.50,15067.50,5/10/2022 3:45:00 PM,5/10/2022 3:45:00 PM,FVG Long,Stop loss,($1000.00),$70260.00,$0.00,$1000.00,$0.00,$1000.00,1,
384,NQ DEC25,Backtest,FairValueGapStrategyFiltered,Short,1,15084.75,15134.75,5/10/2022 4:15:00 PM,5/10/2022 4:15:00 PM,FVG Short,Stop loss,($1000.00),$69260.00,$0.00,$1000.00,$0.00,$1000.00,1,
385,NQ DEC25,Backtest,FairValueGapStrategyFiltered,Long,1,15007.00,14957.00,5/11/2022 4:15:00 PM,5/11/2022 4:15:00 PM,FVG Long,Stop loss,($1000.00),$68260.00,$0.00,$1000.00,$0.00,$1000.00,1,
386,NQ DEC25,Backtest,FairValueGapStrategyFiltered,Long,1,14863.75,14963.75,5/13/2022 4:15:00 PM,5/13/2022 5:00:00 PM,FVG Long,Profit target,$2000.00,$70260.00,$0.00,$120.00,$2000.00,$0.00,4,
387,NQ DEC25,Backtest,FairValueGapStrategyFiltered,Short,1,14920.50,14970.50,5/18/2022 4:15:00 PM,5/18/2022 4:15:00 PM,FVG Short,Stop loss,($1000.00),$69260.00,$0.00,$1000.00,$0.00,$1000.00,1,
388,NQ DEC25,Backtest,FairValueGapStrategyFiltered,Short,1,14299.25,14199.25,5/24/2022 4:15:00 PM,5/24/2022 4:30:00 PM,FVG Short,Profit target,$2000.00,$71260.00,$0.00,$35.00,$2000.00,$0.00,2,
389,NQ DEC25,Backtest,FairValueGapStrategyFiltered,Long,1,14735.00,14835.00,5/26/2022 4:15:00 PM,5/26/2022 5:15:00 PM,FVG Long,Profit target,$2000.00,$73260.00,$0.00,$355.00,$2000.00,$0.00,5,
390,NQ DEC25,Backtest,FairValueGapStrategyFiltered,Long,1,15140.50,15240.50,5/27/2022 4:15:00 PM,5/27/2022 9:15:00 PM,FVG Long,Profit target,$2000.00,$75260.00,$0.00,$340.00,$2000.00,$0.00,21,
391,NQ DEC25,Backtest,FairValueGapStrategyFiltered,Long,1,15297.75,15247.75,5/31/2022 3:45:00 PM,5/31/2022 3:45:00 PM,FVG Long,Stop loss,($1000.00),$74260.00,$0.00,$1000.00,$0.00,$1000.00,1,
392,NQ DEC25,Backtest,FairValueGapStrategyFiltered,Short,1,15172.25,15222.25,5/31/2022 4:15:00 PM,5/31/2022 4:45:00 PM,FVG Short,Stop loss,($1000.00),$73260.00,$0.00,$1000.00,$1425.00,$2425.00,3,
393,NQ DEC25,Backtest,FairValueGapStrategyFiltered,Long,1,15400.00,15350.00,6/1/2022 4:00:00 PM,6/1/2022 4:15:00 PM,FVG Long,Stop loss,($1000.00),$72260.00,$0.00,$1000.00,$890.00,$1890.00,2,
394,NQ DEC25,Backtest,FairValueGapStrategyFiltered,Short,1,15123.50,15173.50,6/2/2022 3:45:00 PM,6/2/2022 4:00:00 PM,FVG Short,Stop loss,($1000.00),$71260.00,$0.00,$1000.00,$1200.00,$2200.00,2,
395,NQ DEC25,Backtest,FairValueGapStrategyFiltered,Long,1,15380.75,15330.75,6/8/2022 4:15:00 PM,6/8/2022 4:15:00 PM,FVG Long,Stop loss,($1000.00),$70260.00,$0.00,$1000.00,$0.00,$1000.00,1,
396,NQ DEC25,Backtest,FairValueGapStrategyFiltered,Short,1,14504.75,14554.75,6/10/2022 4:30:00 PM,6/10/2022 8:00:00 PM,FVG Short,Stop loss,($1000.00),$69260.00,$0.00,$1000.00,$1385.00,$2385.00,15,
397,NQ DEC25,Backtest,FairValueGapStrategyFiltered,Short,1,13776.75,13826.75,6/17/2022 3:45:00 PM,6/17/2022 3:45:00 PM,FVG Short,Stop loss,($1000.00),$68260.00,$0.00,$1000.00,$0.00,$1000.00,1,
398,NQ DEC25,Backtest,FairValueGapStrategyFiltered,Long,1,14215.00,14165.00,6/21/2022 4:15:00 PM,6/21/2022 8:30:00 PM,FVG Long,Stop loss,($1000.00),$67260.00,$0.00,$1000.00,$990.00,$1990.00,18,
399,NQ DEC25,Backtest,FairValueGapStrategyFiltered,Long,1,14056.50,14156.50,6/22/2022 3:45:00 PM,6/22/2022 4:00:00 PM,FVG Long,Profit target,$2000.00,$69260.00,$0.00,$470.00,$2000.00,$0.00,2,
400,NQ DEC25,Backtest,FairValueGapStrategyFiltered,Long,1,14178.25,14278.25,6/22/2022 4:15:00 PM,6/22/2022 4:30:00 PM,FVG Long,Profit target,$2000.00,$71260.00,$0.00,$675.00,$2000.00,$0.00,2,
401,NQ DEC25,Backtest,FairValueGapStrategyFiltered,Long,1,14247.00,14197.00,6/23/2022 3:45:00 PM,6/23/2022 3:45:00 PM,FVG Long,Stop loss,($1000.00),$70260.00,$0.00,$1000.00,$0.00,$1000.00,1,
402,NQ DEC25,Backtest,FairValueGapStrategyFiltered,Long,1,14435.75,14535.75,6/24/2022 3:45:00 PM,6/24/2022 3:45:00 PM,FVG Long,Profit target,$2000.00,$72260.00,$0.00,$0.00,$2000.00,$0.00,1,
403,NQ DEC25,Backtest,FairValueGapStrategyFiltered,Long,1,14540.50,14640.50,6/24/2022 4:15:00 PM,6/24/2022 4:15:00 PM,FVG Long,Profit target,$2000.00,$74260.00,$0.00,$0.00,$2000.00,$0.00,1,
404,NQ DEC25,Backtest,FairValueGapStrategyFiltered,Long,1,14689.00,14639.00,6/28/2022 4:15:00 PM,6/28/2022 4:15:00 PM,FVG Long,Stop loss,($1000.00),$73260.00,$0.00,$1000.00,$0.00,$1000.00,1,
405,NQ DEC25,Backtest,FairValueGapStrategyFiltered,Short,1,13984.25,14034.25,6/30/2022 4:15:00 PM,6/30/2022 4:45:00 PM,FVG Short,Stop loss,($1000.00),$72260.00,$0.00,$1000.00,$940.00,$1940.00,3,
406,NQ DEC25,Backtest,FairValueGapStrategyFiltered,Long,1,14620.75,14720.75,7/7/2022 4:15:00 PM,7/7/2022 8:15:00 PM,FVG Long,Profit target,$2000.00,$74260.00,$0.00,$885.00,$2000.00,$0.00,17,
407,NQ DEC25,Backtest,FairValueGapStrategyFiltered,Short,1,14471.00,14521.00,7/11/2022 4:15:00 PM,7/11/2022 4:45:00 PM,FVG Short,Stop loss,($1000.00),$73260.00,$0.00,$1000.00,$635.00,$1635.00,3,
408,NQ DEC25,Backtest,FairValueGapStrategyFiltered,Short,1,14426.25,14476.25,7/12/2022 4:30:00 PM,7/12/2022 4:45:00 PM,FVG Short,Stop loss,($1000.00),$72260.00,$0.00,$1000.00,$465.00,$1465.00,2,
409,NQ DEC25,Backtest,FairValueGapStrategyFiltered,Short,1,14153.00,14203.00,7/14/2022 4:15:00 PM,7/14/2022 5:15:00 PM,FVG Short,Stop loss,($1000.00),$71260.00,$0.00,$1000.00,$1110.00,$2110.00,5,
410,NQ DEC25,Backtest,FairValueGapStrategyFiltered,Short,1,14819.50,14719.50,7/26/2022 4:15:00 PM,7/26/2022 5:45:00 PM,FVG Short,Profit target,$2000.00,$73260.00,$0.00,$535.00,$2000.00,$0.00,7,
411,NQ DEC25,Backtest,FairValueGapStrategyFiltered,Long,1,14972.25,15072.25,7/27/2022 4:15:00 PM,7/27/2022 8:15:00 PM,FVG Long,Profit target,$2000.00,$75260.00,$0.00,$270.00,$2000.00,$0.00,17,
412,NQ DEC25,Backtest,FairValueGapStrategyFiltered,Long,1,15450.50,15400.50,7/29/2022 4:15:00 PM,7/29/2022 5:30:00 PM,FVG Long,Stop loss,($1000.00),$74260.00,$0.00,$1000.00,$1330.00,$2330.00,6,
413,NQ DEC25,Backtest,FairValueGapStrategyFiltered,Long,1,15576.25,15676.25,8/1/2022 4:15:00 PM,8/1/2022 5:00:00 PM,FVG Long,Profit target,$2000.00,$76260.00,$0.00,$485.00,$2000.00,$0.00,4,
414,NQ DEC25,Backtest,FairValueGapStrategyFiltered,Long,1,15700.50,15650.50,8/3/2022 4:15:00 PM,8/3/2022 4:45:00 PM,FVG Long,Stop loss,($1000.00),$75260.00,$0.00,$1000.00,$1180.00,$2180.00,3,
415,NQ DEC25,Backtest,FairValueGapStrategyFiltered,Short,1,15850.50,15900.50,8/8/2022 3:45:00 PM,8/8/2022 3:45:00 PM,FVG Short,Stop loss,($1000.00),$74260.00,$0.00,$1000.00,$0.00,$1000.00,1,
416,NQ DEC25,Backtest,FairValueGapStrategyFiltered,Long,1,15978.75,15928.75,8/8/2022 4:15:00 PM,8/8/2022 4:30:00 PM,FVG Long,Stop loss,($1000.00),$73260.00,$0.00,$1000.00,$535.00,$1535.00,2,
417,NQ DEC25,Backtest,FairValueGapStrategyFiltered,Short,1,15582.75,15632.75,8/9/2022 4:30:00 PM,8/9/2022 4:45:00 PM,FVG Short,Stop loss,($1000.00),$72260.00,$0.00,$1000.00,$235.00,$1235.00,2,
418,NQ DEC25,Backtest,FairValueGapStrategyFiltered,Long,1,15988.75,16088.75,8/12/2022 3:45:00 PM,8/12/2022 7:30:00 PM,FVG Long,Profit target,$2000.00,$74260.00,$0.00,$865.00,$2000.00,$0.00,16,
419,NQ DEC25,Backtest,FairValueGapStrategyFiltered,Long,1,16142.00,16242.00,8/15/2022 4:00:00 PM,8/15/2022 6:00:00 PM,FVG Long,Profit target,$2000.00,$76260.00,$0.00,$330.00,$2000.00,$0.00,9,
420,NQ DEC25,Backtest,FairValueGapStrategyFiltered,Short,1,15894.75,15836.25,8/19/2022 4:15:00 PM,8/19/2022 11:00:00 PM,FVG Short,Exit on session close,$1170.00,$77430.00,$0.00,$365.00,$1595.00,$425.00,28,
421,NQ DEC25,Backtest,FairValueGapStrategyFiltered,Long,1,15641.00,15591.00,8/25/2022 4:30:00 PM,8/25/2022 5:30:00 PM,FVG Long,Stop loss,($1000.00),$76430.00,$0.00,$1000.00,$1265.00,$2265.00,5,
422,NQ DEC25,Backtest,FairValueGapStrategyFiltered,Short,1,15067.25,14967.25,8/30/2022 4:15:00 PM,8/30/2022 4:45:00 PM,FVG Short,Profit target,$2000.00,$78430.00,$0.00,$315.00,$2000.00,$0.00,3,
423,NQ DEC25,Backtest,FairValueGapStrategyFiltered,Long,1,14991.00,14941.00,9/2/2022 3:45:00 PM,9/2/2022 3:45:00 PM,FVG Long,Stop loss,($1000.00),$77430.00,$0.00,$1000.00,$0.00,$1000.00,1,
424,NQ DEC25,Backtest,FairValueGapStrategyFiltered,Short,1,14632.25,14532.25,9/6/2022 4:15:00 PM,9/6/2022 4:15:00 PM,FVG Short,Profit target,$2000.00,$79430.00,$0.00,$0.00,$2000.00,$0.00,1,
425,NQ DEC25,Backtest,FairValueGapStrategyFiltered,Short,1,14552.25,14602.25,9/6/2022 4:30:00 PM,9/6/2022 4:45:00 PM,FVG Short,Stop loss,($1000.00),$78430.00,$0.00,$1000.00,$600.00,$1600.00,2,
426,NQ DEC25,Backtest,FairValueGapStrategyFiltered,Long,1,14688.50,14638.50,9/7/2022 4:00:00 PM,9/7/2022 4:15:00 PM,FVG Long,Stop loss,($1000.00),$77430.00,$0.00,$1000.00,$520.00,$1520.00,2,
427,NQ DEC25,Backtest,FairValueGapStrategyFiltered,Long,1,14833.75,14783.75,9/8/2022 4:15:00 PM,9/8/2022 4:15:00 PM,FVG Long,Stop loss,($1000.00),$76430.00,$0.00,$1000.00,$0.00,$1000.00,1,
428,NQ DEC25,Backtest,FairValueGapStrategyFiltered,Long,1,15105.75,15179.00,9/9/2022 4:30:00 PM,9/9/2022 11:00:00 PM,FVG Long,Exit on session close,$1465.00,$77895.00,$0.00,$630.00,$1905.00,$440.00,27,
429,NQ DEC25,Backtest,FairValueGapStrategyFiltered,Long,1,15326.25,15276.25,9/12/2022 4:15:00 PM,9/12/2022 5:15:00 PM,FVG Long,Stop loss,($1000.00),$76895.00,$0.00,$1000.00,$435.00,$1435.00,5,
430,NQ DEC25,Backtest,FairValueGapStrategyFiltered,Short,1,14896.50,14796.50,9/13/2022 4:30:00 PM,9/13/2022 5:15:00 PM,FVG Short,Profit target,$2000.00,$78895.00,$0.00,$480.00,$2000.00,$0.00,4,
431,NQ DEC25,Backtest,FairValueGapStrategyFiltered,Short,1,14641.00,14691.00,9/15/2022 3:45:00 PM,9/15/2022 4:00:00 PM,FVG Short,Stop loss,($1000.00),$77895.00,$0.00,$1000.00,$420.00,$1420.00,2,
432,NQ DEC25,Backtest,FairValueGapStrategyFiltered,Short,1,14151.75,14051.75,9/22/2022 3:45:00 PM,9/22/2022 5:00:00 PM,FVG Short,Profit target,$2000.00,$79895.00,$0.00,$805.00,$2000.00,$0.00,6,
433,NQ DEC25,Backtest,FairValueGapStrategyFiltered,Short,1,13864.00,13914.00,9/23/2022 4:15:00 PM,9/23/2022 4:30:00 PM,FVG Short,Stop loss,($1000.00),$78895.00,$0.00,$1000.00,$320.00,$1320.00,2,
434,NQ DEC25,Backtest,FairValueGapStrategyFiltered,Long,1,14001.25,13951.25,9/26/2022 4:15:00 PM,9/26/2022 5:00:00 PM,FVG Long,Stop loss,($1000.00),$77895.00,$0.00,$1000.00,$925.00,$1925.00,4,
435,NQ DEC25,Backtest,FairValueGapStrategyFiltered,Short,1,13766.00,13666.00,9/29/2022 4:15:00 PM,9/29/2022 8:00:00 PM,FVG Short,Profit target,$2000.00,$79895.00,$0.00,$365.00,$2000.00,$0.00,16,
436,NQ DEC25,Backtest,FairValueGapStrategyFiltered,Short,1,13696.25,13746.25,9/30/2022 3:45:00 PM,9/30/2022 3:45:00 PM,FVG Short,Stop loss,($1000.00),$78895.00,$0.00,$1000.00,$0.00,$1000.00,1,
437,NQ DEC25,Backtest,FairValueGapStrategyFiltered,Long,1,14126.25,14076.25,10/4/2022 4:15:00 PM,10/4/2022 7:15:00 PM,FVG Long,Stop loss,($1000.00),$77895.00,$0.00,$1000.00,$1170.00,$2170.00,13,
438,NQ DEC25,Backtest,FairValueGapStrategyFiltered,Long,1,14147.75,14097.75,10/6/2022 4:15:00 PM,10/6/2022 4:15:00 PM,FVG Long,Stop loss,($1000.00),$76895.00,$0.00,$1000.00,$0.00,$1000.00,1,
439,NQ DEC25,Backtest,FairValueGapStrategyFiltered,Short,1,13735.50,13785.50,10/7/2022 4:15:00 PM,10/7/2022 4:30:00 PM,FVG Short,Stop loss,($1000.00),$75895.00,$0.00,$1000.00,$425.00,$1425.00,2,
440,NQ DEC25,Backtest,FairValueGapStrategyFiltered,Short,1,13524.75,13574.75,10/10/2022 4:15:00 PM,10/10/2022 4:30:00 PM,FVG Short,Stop loss,($1000.00),$74895.00,$0.00,$1000.00,$640.00,$1640.00,2,
441,NQ DEC25,Backtest,FairValueGapStrategyFiltered,Short,1,13333.25,13383.25,10/11/2022 4:15:00 PM,10/11/2022 4:45:00 PM,FVG Short,Stop loss,($1000.00),$73895.00,$0.00,$1000.00,$700.00,$1700.00,3,
442,NQ DEC25,Backtest,FairValueGapStrategyFiltered,Short,1,13421.25,13471.25,10/14/2022 4:30:00 PM,10/14/2022 5:15:00 PM,FVG Short,Stop loss,($1000.00),$72895.00,$0.00,$1000.00,$1175.00,$2175.00,4,
443,NQ DEC25,Backtest,FairValueGapStrategyFiltered,Long,1,13511.00,13611.00,10/17/2022 3:45:00 PM,10/17/2022 3:45:00 PM,FVG Long,Profit target,$2000.00,$74895.00,$0.00,$0.00,$2000.00,$0.00,1,
444,NQ DEC25,Backtest,FairValueGapStrategyFiltered,Long,1,13603.50,13553.50,10/17/2022 4:00:00 PM,10/17/2022 5:00:00 PM,FVG Long,Stop loss,($1000.00),$73895.00,$0.00,$1000.00,$790.00,$1790.00,5,
445,NQ DEC25,Backtest,FairValueGapStrategyFiltered,Long,1,13712.00,13812.00,10/20/2022 4:15:00 PM,10/20/2022 4:30:00 PM,FVG Long,Profit target,$2000.00,$75895.00,$0.00,$180.00,$2000.00,$0.00,2,
446,NQ DEC25,Backtest,FairValueGapStrategyFiltered,Long,1,13707.50,13657.50,10/21/2022 4:30:00 PM,10/21/2022 4:30:00 PM,FVG Long,Stop loss,($1000.00),$74895.00,$0.00,$1000.00,$0.00,$1000.00,1,
447,NQ DEC25,Backtest,FairValueGapStrategyFiltered,Long,1,14025.50,14125.50,10/25/2022 3:45:00 PM,10/25/2022 4:00:00 PM,FVG Long,Profit target,$2000.00,$76895.00,$0.00,$15.00,$2000.00,$0.00,2,
448,NQ DEC25,Backtest,FairValueGapStrategyFiltered,Long,1,14159.50,14109.50,10/25/2022 4:15:00 PM,10/25/2022 10:15:00 PM,FVG Long,Stop loss,($1000.00),$75895.00,$0.00,$1000.00,$1555.00,$2555.00,25,
449,NQ DEC25,Backtest,FairValueGapStrategyFiltered,Long,1,13862.25,13812.25,10/28/2022 4:00:00 PM,10/28/2022 4:15:00 PM,FVG Long,Stop loss,($1000.00),$74895.00,$0.00,$1000.00,$120.00,$1120.00,2,
450,NQ DEC25,Backtest,FairValueGapStrategyFiltered,Short,1,13948.50,13848.50,11/1/2022 3:45:00 PM,11/1/2022 4:45:00 PM,FVG Short,Profit target,$2000.00,$76895.00,$0.00,$135.00,$2000.00,$0.00,5,
451,NQ DEC25,Backtest,FairValueGapStrategyFiltered,Long,1,13433.50,13383.50,11/4/2022 3:45:00 PM,11/4/2022 4:00:00 PM,FVG Long,Stop loss,($1000.00),$75895.00,$0.00,$1000.00,$1010.00,$2010.00,2,
452,NQ DEC25,Backtest,FairValueGapStrategyFiltered,Long,1,13932.25,13882.25,11/10/2022 4:30:00 PM,11/10/2022 4:45:00 PM,FVG Long,Stop loss,($1000.00),$74895.00,$0.00,$1000.00,$440.00,$1440.00,2,
453,NQ DEC25,Backtest,FairValueGapStrategyFiltered,Short,1,14056.25,14106.25,11/22/2022 4:15:00 PM,11/22/2022 4:15:00 PM,FVG Short,Stop loss,($1000.00),$73895.00,$0.00,$1000.00,$0.00,$1000.00,1,
454,NQ DEC25,Backtest,FairValueGapStrategyFiltered,Long,1,14342.50,14292.50,11/23/2022 4:15:00 PM,11/23/2022 6:00:00 PM,FVG Long,Stop loss,($1000.00),$72895.00,$0.00,$1000.00,$1155.00,$2155.00,8,
455,NQ DEC25,Backtest,FairValueGapStrategyFiltered,Short,1,14308.00,14296.50,11/25/2022 3:45:00 PM,11/25/2022 7:15:00 PM,FVG Short,Exit on session close,$230.00,$73125.00,$0.00,$585.00,$640.00,$410.00,15,
456,NQ DEC25,Backtest,FairValueGapStrategyFiltered,Short,1,14094.00,14144.00,11/29/2022 4:00:00 PM,11/29/2022 4:45:00 PM,FVG Short,Stop loss,($1000.00),$72125.00,$0.00,$1000.00,$460.00,$1460.00,4,
457,NQ DEC25,Backtest,FairValueGapStrategyFiltered,Long,1,14623.00,14573.00,12/1/2022 4:15:00 PM,12/1/2022 4:15:00 PM,FVG Long,Stop loss,($1000.00),$71125.00,$0.00,$1000.00,$0.00,$1000.00,1,
458,NQ DEC25,Backtest,FairValueGapStrategyFiltered,Short,1,14232.75,14132.75,12/6/2022 4:00:00 PM,12/6/2022 4:15:00 PM,FVG Short,Profit target,$2000.00,$73125.00,$0.00,$260.00,$2000.00,$0.00,2,
459,NQ DEC25,Backtest,FairValueGapStrategyFiltered,Short,1,14142.50,14042.50,12/6/2022 4:30:00 PM,12/6/2022 8:30:00 PM,FVG Short,Profit target,$2000.00,$75125.00,$0.00,$445.00,$2000.00,$0.00,17,
460,NQ DEC25,Backtest,FairValueGapStrategyFiltered,Long,1,14146.25,14096.25,12/8/2022 4:30:00 PM,12/8/2022 5:30:00 PM,FVG Long,Stop loss,($1000.00),$74125.00,$0.00,$1000.00,$695.00,$1695.00,5,
461,NQ DEC25,Backtest,FairValueGapStrategyFiltered,Long,1,14408.00,14358.00,12/14/2022 4:15:00 PM,12/14/2022 8:15:00 PM,FVG Long,Stop loss,($1000.00),$73125.00,$0.00,$1000.00,$1200.00,$2200.00,17,
462,NQ DEC25,Backtest,FairValueGapStrategyFiltered,Short,1,13972.00,13872.00,12/15/2022 4:15:00 PM,12/15/2022 5:15:00 PM,FVG Short,Profit target,$2000.00,$75125.00,$0.00,$70.00,$2000.00,$0.00,5,
463,NQ DEC25,Backtest,FairValueGapStrategyFiltered,Short,1,13667.75,13567.75,12/19/2022 4:15:00 PM,12/19/2022 8:15:00 PM,FVG Short,Profit target,$2000.00,$77125.00,$0.00,$810.00,$2000.00,$0.00,17,
464,NQ DEC25,Backtest,FairValueGapStrategyFiltered,Short,1,13522.00,13422.00,12/22/2022 4:15:00 PM,12/22/2022 4:30:00 PM,FVG Short,Profit target,$2000.00,$79125.00,$0.00,$0.00,$2000.00,$0.00,2,
465,NQ DEC25,Backtest,FairValueGapStrategyFiltered,Short,1,13338.50,13388.50,12/23/2022 4:15:00 PM,12/23/2022 4:15:00 PM,FVG Short,Stop loss,($1000.00),$78125.00,$0.00,$1000.00,$0.00,$1000.00,1,
466,NQ DEC25,Backtest,FairValueGapStrategyFiltered,Short,1,13328.50,13378.50,12/27/2022 4:15:00 PM,12/27/2022 4:30:00 PM,FVG Short,Stop loss,($1000.00),$77125.00,$0.00,$1000.00,$680.00,$1680.00,2,
467,NQ DEC25,Backtest,FairValueGapStrategyFiltered,Long,1,13362.25,13462.25,12/29/2022 4:15:00 PM,12/29/2022 6:00:00 PM,FVG Long,Profit target,$2000.00,$79125.00,$0.00,$405.00,$2000.00,$0.00,8,
468,NQ DEC25,Backtest,FairValueGapStrategyFiltered,Short,1,13354.50,13254.50,1/3/2023 4:30:00 PM,1/3/2023 6:30:00 PM,FVG Short,Profit target,$2000.00,$81125.00,$0.00,$600.00,$2000.00,$0.00,9,
469,NQ DEC25,Backtest,FairValueGapStrategyFiltered,Short,1,13267.00,13317.00,1/5/2023 4:15:00 PM,1/5/2023 4:15:00 PM,FVG Short,Stop loss,($1000.00),$80125.00,$0.00,$1000.00,$0.00,$1000.00,1,
470,NQ DEC25,Backtest,FairValueGapStrategyFiltered,Short,1,13213.50,13263.50,1/6/2023 4:15:00 PM,1/6/2023 4:15:00 PM,FVG Short,Stop loss,($1000.00),$79125.00,$0.00,$1000.00,$0.00,$1000.00,1,
471,NQ DEC25,Backtest,FairValueGapStrategyFiltered,Long,1,13640.50,13740.50,1/9/2023 4:00:00 PM,1/9/2023 4:45:00 PM,FVG Long,Profit target,$2000.00,$81125.00,$0.00,$0.00,$2000.00,$0.00,4,
472,NQ DEC25,Backtest,FairValueGapStrategyFiltered,Long,1,13541.25,13641.25,1/10/2023 3:45:00 PM,1/10/2023 3:45:00 PM,FVG Long,Profit target,$2000.00,$83125.00,$0.00,$0.00,$2000.00,$0.00,1,
473,NQ DEC25,Backtest,FairValueGapStrategyFiltered,Long,1,14199.50,14299.50,1/23/2023 4:15:00 PM,1/23/2023 5:15:00 PM,FVG Long,Profit target,$2000.00,$85125.00,$0.00,$185.00,$2000.00,$0.00,5,
474,NQ DEC25,Backtest,FairValueGapStrategyFiltered,Long,1,14282.50,14382.50,1/24/2023 4:15:00 PM,1/24/2023 10:15:00 PM,FVG Long,Profit target,$2000.00,$87125.00,$0.00,$915.00,$2000.00,$0.00,25,
475,NQ DEC25,Backtest,FairValueGapStrategyFiltered,Short,1,14023.00,14073.00,1/25/2023 4:15:00 PM,1/25/2023 5:15:00 PM,FVG Short,Stop loss,($1000.00),$86125.00,$0.00,$1000.00,$400.00,$1400.00,5,
476,NQ DEC25,Backtest,FairValueGapStrategyFiltered,Long,1,14525.50,14625.50,1/27/2023 4:15:00 PM,1/27/2023 6:30:00 PM,FVG Long,Profit target,$2000.00,$88125.00,$0.00,$695.00,$2000.00,$0.00,10,
477,NQ DEC25,Backtest,FairValueGapStrategyFiltered,Long,1,15121.00,15071.00,2/3/2023 4:15:00 PM,2/3/2023 4:15:00 PM,FVG Long,Stop loss,($1000.00),$87125.00,$0.00,$1000.00,$0.00,$1000.00,1,
478,NQ DEC25,Backtest,FairValueGapStrategyFiltered,Long,1,14984.50,14934.50,2/14/2023 4:15:00 PM,2/14/2023 4:45:00 PM,FVG Long,Stop loss,($1000.00),$86125.00,$0.00,$1000.00,$1750.00,$2750.00,3,
479,NQ DEC25,Backtest,FairValueGapStrategyFiltered,Short,1,14727.50,14777.50,2/17/2023 4:15:00 PM,2/17/2023 4:30:00 PM,FVG Short,Stop loss,($1000.00),$85125.00,$0.00,$1000.00,$95.00,$1095.00,2,
480,NQ DEC25,Backtest,FairValueGapStrategyFiltered,Long,1,14651.00,14601.00,2/23/2023 3:45:00 PM,2/23/2023 3:45:00 PM,FVG Long,Stop loss,($1000.00),$84125.00,$0.00,$1000.00,$0.00,$1000.00,1,
481,NQ DEC25,Backtest,FairValueGapStrategyFiltered,Short,1,14454.25,14504.25,2/28/2023 3:45:00 PM,2/28/2023 4:00:00 PM,FVG Short,Stop loss,($1000.00),$83125.00,$0.00,$1000.00,$285.00,$1285.00,2,
482,NQ DEC25,Backtest,FairValueGapStrategyFiltered,Long,1,14725.25,14675.25,3/9/2023 4:15:00 PM,3/9/2023 6:15:00 PM,FVG Long,Stop loss,($1000.00),$82125.00,$0.00,$1000.00,$535.00,$1535.00,9,
483,NQ DEC25,Backtest,FairValueGapStrategyFiltered,Short,1,14416.50,14316.50,3/10/2023 3:45:00 PM,3/10/2023 3:45:00 PM,FVG Short,Profit target,$2000.00,$84125.00,$0.00,$0.00,$2000.00,$0.00,1,
484,NQ DEC25,Backtest,FairValueGapStrategyFiltered,Short,1,14308.25,14358.25,3/10/2023 4:15:00 PM,3/10/2023 4:15:00 PM,FVG Short,Stop loss,($1000.00),$83125.00,$0.00,$1000.00,$0.00,$1000.00,1,
485,NQ DEC25,Backtest,FairValueGapStrategyFiltered,Long,1,14576.00,14526.00,3/14/2023 4:00:00 PM,3/14/2023 6:30:00 PM,FVG Long,Stop loss,($1000.00),$82125.00,$0.00,$1000.00,$975.00,$1975.00,11,
486,NQ DEC25,Backtest,FairValueGapStrategyFiltered,Long,1,14787.75,14887.75,3/16/2023 4:15:00 PM,3/16/2023 4:45:00 PM,FVG Long,Profit target,$2000.00,$84125.00,$0.00,$385.00,$2000.00,$0.00,3,
487,NQ DEC25,Backtest,FairValueGapStrategyFiltered,Long,1,15190.00,15140.00,3/22/2023 4:00:00 PM,3/22/2023 6:15:00 PM,FVG Long,Stop loss,($1000.00),$83125.00,$0.00,$1000.00,$470.00,$1470.00,10,
488,NQ DEC25,Backtest,FairValueGapStrategyFiltered,Long,1,15200.50,15150.50,3/23/2023 3:45:00 PM,3/23/2023 7:15:00 PM,FVG Long,Stop loss,($1000.00),$82125.00,$0.00,$1000.00,$1975.00,$2975.00,15,
489,NQ DEC25,Backtest,FairValueGapStrategyFiltered,Short,1,14960.50,15010.50,3/28/2023 4:15:00 PM,3/28/2023 10:15:00 PM,FVG Short,Stop loss,($1000.00),$81125.00,$0.00,$1000.00,$1160.00,$2160.00,25,
490,NQ DEC25,Backtest,FairValueGapStrategyFiltered,Long,1,15156.00,15256.00,3/29/2023 3:45:00 PM,3/29/2023 10:00:00 PM,FVG Long,Profit target,$2000.00,$83125.00,$0.00,$665.00,$2000.00,$0.00,26,
491,NQ DEC25,Backtest,FairValueGapStrategyFiltered,Long,1,15409.50,15509.50,3/31/2023 4:15:00 PM,3/31/2023 8:15:00 PM,FVG Long,Profit target,$2000.00,$85125.00,$0.00,$220.00,$2000.00,$0.00,17,
492,NQ DEC25,Backtest,FairValueGapStrategyFiltered,Short,1,15414.50,15314.50,4/5/2023 4:00:00 PM,4/5/2023 5:00:00 PM,FVG Short,Profit target,$2000.00,$87125.00,$0.00,$375.00,$2000.00,$0.00,5,
493,NQ DEC25,Backtest,FairValueGapStrategyFiltered,Short,1,15254.00,15304.00,4/6/2023 4:15:00 PM,4/6/2023 4:15:00 PM,FVG Short,Stop loss,($1000.00),$86125.00,$0.00,$1000.00,$0.00,$1000.00,1,
494,NQ DEC25,Backtest,FairValueGapStrategyFiltered,Short,1,15255.25,15305.25,4/10/2023 4:15:00 PM,4/10/2023 4:45:00 PM,FVG Short,Stop loss,($1000.00),$85125.00,$0.00,$1000.00,$320.00,$1320.00,3,
495,NQ DEC25,Backtest,FairValueGapStrategyFiltered,Short,1,15375.25,15349.50,4/11/2023 4:15:00 PM,4/11/2023 11:00:00 PM,FVG Short,Exit on session close,$515.00,$85640.00,$0.00,$530.00,$1070.00,$555.00,28,
496,NQ DEC25,Backtest,FairValueGapStrategyFiltered,Short,1,15333.25,15383.25,4/12/2023 4:15:00 PM,4/12/2023 4:15:00 PM,FVG Short,Stop loss,($1000.00),$84640.00,$0.00,$1000.00,$0.00,$1000.00,1,
497,NQ DEC25,Backtest,FairValueGapStrategyFiltered,Long,1,15335.50,15435.50,4/13/2023 4:15:00 PM,4/13/2023 7:15:00 PM,FVG Long,Profit target,$2000.00,$86640.00,$0.00,$255.00,$2000.00,$0.00,13,
498,NQ DEC25,Backtest,FairValueGapStrategyFiltered,Long,1,15503.00,15453.00,4/14/2023 4:15:00 PM,4/14/2023 4:15:00 PM,FVG Long,Stop loss,($1000.00),$85640.00,$0.00,$1000.00,$0.00,$1000.00,1,
499,NQ DEC25,Backtest,FairValueGapStrategyFiltered,Short,1,15296.25,15346.25,4/21/2023 4:30:00 PM,4/21/2023 4:30:00 PM,FVG Short,Stop loss,($1000.00),$84640.00,$0.00,$1000.00,$0.00,$1000.00,1,
500,NQ DEC25,Backtest,FairValueGapStrategyFiltered,Long,1,15368.50,15318.50,4/24/2023 4:15:00 PM,4/24/2023 4:45:00 PM,FVG Long,Stop loss,($1000.00),$83640.00,$0.00,$1000.00,$60.00,$1060.00,3,
501,NQ DEC25,Backtest,FairValueGapStrategyFiltered,Short,1,15310.00,15360.00,5/4/2023 4:15:00 PM,5/4/2023 5:15:00 PM,FVG Short,Stop loss,($1000.00),$82640.00,$0.00,$1000.00,$800.00,$1800.00,5,
502,NQ DEC25,Backtest,FairValueGapStrategyFiltered,Long,1,15459.00,15559.00,5/5/2023 4:15:00 PM,5/5/2023 7:45:00 PM,FVG Long,Profit target,$2000.00,$84640.00,$0.00,$0.00,$2000.00,$0.00,15,
503,NQ DEC25,Backtest,FairValueGapStrategyFiltered,Short,1,15687.75,15587.75,5/12/2023 4:30:00 PM,5/12/2023 7:00:00 PM,FVG Short,Profit target,$2000.00,$86640.00,$0.00,$125.00,$2000.00,$0.00,11,
504,NQ DEC25,Backtest,FairValueGapStrategyFiltered,Short,1,15626.50,15676.50,5/15/2023 4:30:00 PM,5/15/2023 5:00:00 PM,FVG Short,Stop loss,($1000.00),$85640.00,$0.00,$1000.00,$90.00,$1090.00,3,
505,NQ DEC25,Backtest,FairValueGapStrategyFiltered,Long,1,15754.00,15771.50,5/16/2023 4:15:00 PM,5/16/2023 11:00:00 PM,FVG Long,Exit on session close,$350.00,$85990.00,$0.00,$675.00,$1375.00,$1025.00,28,
506,NQ DEC25,Backtest,FairValueGapStrategyFiltered,Long,1,15970.75,16070.75,5/18/2023 4:00:00 PM,5/18/2023 5:15:00 PM,FVG Long,Profit target,$2000.00,$87990.00,$0.00,$205.00,$2000.00,$0.00,6,
507,NQ DEC25,Backtest,FairValueGapStrategyFiltered,Long,1,16197.50,16147.50,5/22/2023 4:15:00 PM,5/22/2023 4:15:00 PM,FVG Long,Stop loss,($1000.00),$86990.00,$0.00,$1000.00,$0.00,$1000.00,1,
508,NQ DEC25,Backtest,FairValueGapStrategyFiltered,Long,1,16387.00,16487.00,5/26/2023 4:15:00 PM,5/26/2023 4:45:00 PM,FVG Long,Profit target,$2000.00,$88990.00,$0.00,$140.00,$2000.00,$0.00,3,
509,NQ DEC25,Backtest,FairValueGapStrategyFiltered,Long,1,16811.50,16761.50,6/2/2023 3:45:00 PM,6/2/2023 4:00:00 PM,FVG Long,Stop loss,($1000.00),$87990.00,$0.00,$1000.00,$1690.00,$2690.00,2,
510,NQ DEC25,Backtest,FairValueGapStrategyFiltered,Long,1,16865.75,16815.75,6/5/2023 4:15:00 PM,6/5/2023 8:45:00 PM,FVG Long,Stop loss,($1000.00),$86990.00,$0.00,$1000.00,$1945.00,$2945.00,19,
511,NQ DEC25,Backtest,FairValueGapStrategyFiltered,Short,1,16799.75,16849.75,6/6/2023 4:00:00 PM,6/6/2023 4:30:00 PM,FVG Short,Stop loss,($1000.00),$85990.00,$0.00,$1000.00,$115.00,$1115.00,3,
512,NQ DEC25,Backtest,FairValueGapStrategyFiltered,Long,1,16899.00,16849.00,6/7/2023 4:15:00 PM,6/7/2023 4:30:00 PM,FVG Long,Stop loss,($1000.00),$84990.00,$0.00,$1000.00,$155.00,$1155.00,2,
513,NQ DEC25,Backtest,FairValueGapStrategyFiltered,Long,1,16888.50,16838.50,6/9/2023 4:00:00 PM,6/9/2023 5:00:00 PM,FVG Long,Stop loss,($1000.00),$83990.00,$0.00,$1000.00,$1345.00,$2345.00,5,
514,NQ DEC25,Backtest,FairValueGapStrategyFiltered,Long,1,17212.25,17162.25,6/14/2023 4:15:00 PM,6/14/2023 8:15:00 PM,FVG Long,Stop loss,($1000.00),$82990.00,$0.00,$1000.00,$1910.00,$2910.00,17,
515,NQ DEC25,Backtest,FairValueGapStrategyFiltered,Long,1,17293.00,17393.00,6/15/2023 4:15:00 PM,6/15/2023 5:45:00 PM,FVG Long,Profit target,$2000.00,$84990.00,$0.00,$335.00,$2000.00,$0.00,7,
516,NQ DEC25,Backtest,FairValueGapStrategyFiltered,Short,1,17206.00,17106.00,6/21/2023 4:30:00 PM,6/21/2023 5:15:00 PM,FVG Short,Profit target,$2000.00,$86990.00,$0.00,$455.00,$2000.00,$0.00,4,
517,NQ DEC25,Backtest,FairValueGapStrategyFiltered,Long,1,17228.75,17178.75,6/26/2023 4:15:00 PM,6/26/2023 4:45:00 PM,FVG Long,Stop loss,($1000.00),$85990.00,$0.00,$1000.00,$310.00,$1310.00,3,
518,NQ DEC25,Backtest,FairValueGapStrategyFiltered,Long,1,17411.00,17408.25,6/30/2023 4:15:00 PM,6/30/2023 11:00:00 PM,FVG Long,Exit on session close,($55.00),$85935.00,$0.00,$705.00,$1150.00,$1205.00,28,
519,NQ DEC25,Backtest,FairValueGapStrategyFiltered,Long,1,17457.25,17436.25,7/4/2023 4:00:00 PM,7/4/2023 7:00:00 PM,FVG Long,Exit on session close,($420.00),$85515.00,$0.00,$500.00,$20.00,$440.00,13,
520,NQ DEC25,Backtest,FairValueGapStrategyFiltered,Long,1,17466.50,17416.50,7/5/2023 4:15:00 PM,7/5/2023 8:30:00 PM,FVG Long,Stop loss,($1000.00),$84515.00,$0.00,$1000.00,$1145.00,$2145.00,18,
521,NQ DEC25,Backtest,FairValueGapStrategyFiltered,Short,1,17257.75,17307.75,7/11/2023 4:15:00 PM,7/11/2023 5:15:00 PM,FVG Short,Stop loss,($1000.00),$83515.00,$0.00,$1000.00,$1130.00,$2130.00,5,
522,NQ DEC25,Backtest,FairValueGapStrategyFiltered,Long,1,17578.50,17528.50,7/12/2023 4:30:00 PM,7/12/2023 5:45:00 PM,FVG Long,Stop loss,($1000.00),$82515.00,$0.00,$1000.00,$420.00,$1420.00,6,
523,NQ DEC25,Backtest,FairValueGapStrategyFiltered,Long,1,17698.00,17798.00,7/13/2023 4:15:00 PM,7/13/2023 9:15:00 PM,FVG Long,Profit target,$2000.00,$84515.00,$0.00,$940.00,$2000.00,$0.00,21,
524,NQ DEC25,Backtest,FairValueGapStrategyFiltered,Long,1,17859.75,17809.75,7/14/2023 4:00:00 PM,7/14/2023 8:30:00 PM,FVG Long,Stop loss,($1000.00),$83515.00,$0.00,$1000.00,$1785.00,$2785.00,19,
525,NQ DEC25,Backtest,FairValueGapStrategyFiltered,Long,1,17821.50,17921.50,7/17/2023 3:45:00 PM,7/17/2023 8:30:00 PM,FVG Long,Profit target,$2000.00,$85515.00,$0.00,$420.00,$2000.00,$0.00,20,
526,NQ DEC25,Backtest,FairValueGapStrategyFiltered,Short,1,17717.25,17617.25,7/21/2023 4:30:00 PM,7/21/2023 9:15:00 PM,FVG Short,Profit target,$2000.00,$87515.00,$0.00,$580.00,$2000.00,$0.00,20,
527,NQ DEC25,Backtest,FairValueGapStrategyFiltered,Short,1,17644.50,17660.75,7/24/2023 4:30:00 PM,7/24/2023 11:00:00 PM,FVG Short,Exit on session close,($325.00),$87190.00,$0.00,$900.00,$685.00,$1010.00,27,
528,NQ DEC25,Backtest,FairValueGapStrategyFiltered,Long,1,17754.75,17704.75,7/25/2023 4:15:00 PM,7/25/2023 4:45:00 PM,FVG Long,Stop loss,($1000.00),$86190.00,$0.00,$1000.00,$185.00,$1185.00,3,
529,NQ DEC25,Backtest,FairValueGapStrategyFiltered,Long,1,17962.25,17912.25,7/27/2023 4:15:00 PM,7/27/2023 4:30:00 PM,FVG Long,Stop loss,($1000.00),$85190.00,$0.00,$1000.00,$280.00,$1280.00,2,
530,NQ DEC25,Backtest,FairValueGapStrategyFiltered,Long,1,17880.50,17980.50,7/28/2023 4:15:00 PM,7/28/2023 6:00:00 PM,FVG Long,Profit target,$2000.00,$87190.00,$0.00,$130.00,$2000.00,$0.00,8,
531,NQ DEC25,Backtest,FairValueGapStrategyFiltered,Short,1,17693.50,17593.50,8/2/2023 4:15:00 PM,8/2/2023 5:00:00 PM,FVG Short,Profit target,$2000.00,$89190.00,$0.00,$160.00,$2000.00,$0.00,4,
532,NQ DEC25,Backtest,FairValueGapStrategyFiltered,Short,1,17523.25,17573.25,8/4/2023 4:30:00 PM,8/4/2023 4:45:00 PM,FVG Short,Stop loss,($1000.00),$88190.00,$0.00,$1000.00,$315.00,$1315.00,2,
533,NQ DEC25,Backtest,FairValueGapStrategyFiltered,Short,1,17385.75,17435.75,8/8/2023 4:15:00 PM,8/8/2023 9:00:00 PM,FVG Short,Stop loss,($1000.00),$87190.00,$0.00,$1000.00,$1520.00,$2520.00,20,
534,NQ DEC25,Backtest,FairValueGapStrategyFiltered,Short,1,17371.25,17271.25,8/9/2023 4:15:00 PM,8/9/2023 5:15:00 PM,FVG Short,Profit target,$2000.00,$89190.00,$0.00,$455.00,$2000.00,$0.00,5,
535,NQ DEC25,Backtest,FairValueGapStrategyFiltered,Long,1,17503.25,17453.25,8/10/2023 4:30:00 PM,8/10/2023 4:45:00 PM,FVG Long,Stop loss,($1000.00),$88190.00,$0.00,$1000.00,$505.00,$1505.00,2,
536,NQ DEC25,Backtest,FairValueGapStrategyFiltered,Long,1,17316.25,17266.25,8/15/2023 3:45:00 PM,8/15/2023 4:15:00 PM,FVG Long,Stop loss,($1000.00),$87190.00,$0.00,$1000.00,$695.00,$1695.00,3,
537,NQ DEC25,Backtest,FairValueGapStrategyFiltered,Short,1,17227.25,17277.25,8/15/2023 4:30:00 PM,8/15/2023 5:45:00 PM,FVG Short,Stop loss,($1000.00),$86190.00,$0.00,$1000.00,$560.00,$1560.00,6,
538,NQ DEC25,Backtest,FairValueGapStrategyFiltered,Short,1,17086.00,16986.00,8/17/2023 3:45:00 PM,8/17/2023 4:15:00 PM,FVG Short,Profit target,$2000.00,$88190.00,$0.00,$265.00,$2000.00,$0.00,3,
539,NQ DEC25,Backtest,FairValueGapStrategyFiltered,Long,1,17005.00,16955.00,8/21/2023 4:15:00 PM,8/21/2023 4:30:00 PM,FVG Long,Stop loss,($1000.00),$87190.00,$0.00,$1000.00,$385.00,$1385.00,2,
540,NQ DEC25,Backtest,FairValueGapStrategyFiltered,Long,1,17100.75,17200.75,8/23/2023 3:45:00 PM,8/23/2023 4:15:00 PM,FVG Long,Profit target,$2000.00,$89190.00,$0.00,$190.00,$2000.00,$0.00,3,
541,NQ DEC25,Backtest,FairValueGapStrategyFiltered,Long,1,17215.25,17315.25,8/23/2023 4:30:00 PM,8/23/2023 7:30:00 PM,FVG Long,Profit target,$2000.00,$91190.00,$0.00,$345.00,$2000.00,$0.00,13,
542,NQ DEC25,Backtest,FairValueGapStrategyFiltered,Long,1,17249.25,17349.25,8/29/2023 4:15:00 PM,8/29/2023 4:30:00 PM,FVG Long,Profit target,$2000.00,$93190.00,$0.00,$50.00,$2000.00,$0.00,2,
543,NQ DEC25,Backtest,FairValueGapStrategyFiltered,Long,1,17597.25,17547.25,8/30/2023 4:30:00 PM,8/30/2023 4:30:00 PM,FVG Long,Stop loss,($1000.00),$92190.00,$0.00,$1000.00,$0.00,$1000.00,1,
544,NQ DEC25,Backtest,FairValueGapStrategyFiltered,Long,1,17658.50,17608.50,8/31/2023 4:15:00 PM,8/31/2023 7:00:00 PM,FVG Long,Stop loss,($1000.00),$91190.00,$0.00,$1000.00,$800.00,$1800.00,12,
545,NQ DEC25,Backtest,FairValueGapStrategyFiltered,Long,1,17664.75,17614.75,9/4/2023 4:00:00 PM,9/4/2023 5:00:00 PM,FVG Long,Stop loss,($1000.00),$90190.00,$0.00,$1000.00,$115.00,$1115.00,5,
546,NQ DEC25,Backtest,FairValueGapStrategyFiltered,Long,1,17424.75,17374.75,9/8/2023 4:15:00 PM,9/8/2023 8:15:00 PM,FVG Long,Stop loss,($1000.00),$89190.00,$0.00,$1000.00,$1155.00,$2155.00,17,
547,NQ DEC25,Backtest,FairValueGapStrategyFiltered,Long,1,17544.50,17494.50,9/12/2023 4:15:00 PM,9/12/2023 4:30:00 PM,FVG Long,Stop loss,($1000.00),$88190.00,$0.00,$1000.00,$40.00,$1040.00,2,
548,NQ DEC25,Backtest,FairValueGapStrategyFiltered,Short,1,17406.75,17306.75,9/15/2023 4:15:00 PM,9/15/2023 5:45:00 PM,FVG Short,Profit target,$2000.00,$90190.00,$0.00,$405.00,$2000.00,$0.00,7,
549,NQ DEC25,Backtest,FairValueGapStrategyFiltered,Short,1,17249.50,17149.50,9/19/2023 3:45:00 PM,9/19/2023 4:45:00 PM,FVG Short,Profit target,$2000.00,$92190.00,$0.00,$365.00,$2000.00,$0.00,5,
550,NQ DEC25,Backtest,FairValueGapStrategyFiltered,Short,1,16799.25,16849.25,9/22/2023 4:00:00 PM,9/22/2023 4:15:00 PM,FVG Short,Stop loss,($1000.00),$91190.00,$0.00,$1000.00,$160.00,$1160.00,2,
551,NQ DEC25,Backtest,FairValueGapStrategyFiltered,Short,1,16637.00,16687.00,9/26/2023 4:30:00 PM,9/26/2023 5:00:00 PM,FVG Short,Stop loss,($1000.00),$90190.00,$0.00,$1000.00,$360.00,$1360.00,3,
552,NQ DEC25,Backtest,FairValueGapStrategyFiltered,Long,1,16648.25,16598.25,9/28/2023 4:30:00 PM,9/28/2023 4:45:00 PM,FVG Long,Stop loss,($1000.00),$89190.00,$0.00,$1000.00,$180.00,$1180.00,2,
553,NQ DEC25,Backtest,FairValueGapStrategyFiltered,Long,1,16815.75,16915.75,10/2/2023 4:15:00 PM,10/2/2023 5:30:00 PM,FVG Long,Profit target,$2000.00,$91190.00,$0.00,$325.00,$2000.00,$0.00,6,
554,NQ DEC25,Backtest,FairValueGapStrategyFiltered,Long,1,16845.50,16795.50,10/3/2023 4:15:00 PM,10/3/2023 4:15:00 PM,FVG Long,Stop loss,($1000.00),$90190.00,$0.00,$1000.00,$0.00,$1000.00,1,
555,NQ DEC25,Backtest,FairValueGapStrategyFiltered,Short,1,16647.75,16697.75,10/4/2023 3:45:00 PM,10/4/2023 3:45:00 PM,FVG Short,Stop loss,($1000.00),$89190.00,$0.00,$1000.00,$0.00,$1000.00,1,
556,NQ DEC25,Backtest,FairValueGapStrategyFiltered,Short,1,16680.00,16730.00,10/5/2023 4:30:00 PM,10/5/2023 7:45:00 PM,FVG Short,Stop loss,($1000.00),$88190.00,$0.00,$1000.00,$1385.00,$2385.00,14,
557,NQ DEC25,Backtest,FairValueGapStrategyFiltered,Long,1,16907.00,16857.00,10/9/2023 3:45:00 PM,10/9/2023 3:45:00 PM,FVG Long,Stop loss,($1000.00),$87190.00,$0.00,$1000.00,$0.00,$1000.00,1,
558,NQ DEC25,Backtest,FairValueGapStrategyFiltered,Long,1,17158.50,17258.50,10/10/2023 4:30:00 PM,10/10/2023 5:45:00 PM,FVG Long,Profit target,$2000.00,$89190.00,$0.00,$145.00,$2000.00,$0.00,6,
559,NQ DEC25,Backtest,FairValueGapStrategyFiltered,Short,1,17033.00,17083.00,10/17/2023 3:45:00 PM,10/17/2023 4:30:00 PM,FVG Short,Stop loss,($1000.00),$88190.00,$0.00,$1000.00,$1765.00,$2765.00,4,
560,NQ DEC25,Backtest,FairValueGapStrategyFiltered,Short,1,16951.75,17001.75,10/19/2023 4:15:00 PM,10/19/2023 4:15:00 PM,FVG Short,Stop loss,($1000.00),$87190.00,$0.00,$1000.00,$0.00,$1000.00,1,
561,NQ DEC25,Backtest,FairValueGapStrategyFiltered,Short,1,16546.25,16446.25,10/25/2023 4:15:00 PM,10/25/2023 6:45:00 PM,FVG Short,Profit target,$2000.00,$89190.00,$0.00,$660.00,$2000.00,$0.00,11,
562,NQ DEC25,Backtest,FairValueGapStrategyFiltered,Short,1,16196.25,16246.25,10/26/2023 4:30:00 PM,10/26/2023 5:00:00 PM,FVG Short,Stop loss,($1000.00),$88190.00,$0.00,$1000.00,$695.00,$1695.00,3,
563,NQ DEC25,Backtest,FairValueGapStrategyFiltered,Short,1,16207.25,16257.25,10/30/2023 4:00:00 PM,10/30/2023 4:00:00 PM,FVG Short,Stop loss,($1000.00),$87190.00,$0.00,$1000.00,$0.00,$1000.00,1,
564,NQ DEC25,Backtest,FairValueGapStrategyFiltered,Long,1,16291.25,16241.25,10/31/2023 3:45:00 PM,10/31/2023 3:45:00 PM,FVG Long,Stop loss,($1000.00),$86190.00,$0.00,$1000.00,$0.00,$1000.00,1,
565,NQ DEC25,Backtest,FairValueGapStrategyFiltered,Long,1,16537.00,16487.00,11/1/2023 4:00:00 PM,11/1/2023 4:30:00 PM,FVG Long,Stop loss,($1000.00),$85190.00,$0.00,$1000.00,$140.00,$1140.00,3,
566,NQ DEC25,Backtest,FairValueGapStrategyFiltered,Long,1,16853.75,16865.00,11/2/2023 4:15:00 PM,11/2/2023 10:00:00 PM,FVG Long,Exit on session close,$225.00,$85415.00,$0.00,$730.00,$1160.00,$935.00,24,
567,NQ DEC25,Backtest,FairValueGapStrategyFiltered,Long,1,17283.00,17233.00,11/8/2023 3:45:00 PM,11/8/2023 4:45:00 PM,FVG Long,Stop loss,($1000.00),$84415.00,$0.00,$1000.00,$580.00,$1580.00,5,
568,NQ DEC25,Backtest,FairValueGapStrategyFiltered,Long,1,17269.75,17219.75,11/10/2023 4:15:00 PM,11/10/2023 4:30:00 PM,FVG Long,Stop loss,($1000.00),$83415.00,$0.00,$1000.00,$90.00,$1090.00,2,
569,NQ DEC25,Backtest,FairValueGapStrategyFiltered,Short,1,17746.00,17796.00,11/16/2023 3:45:00 PM,11/16/2023 4:15:00 PM,FVG Short,Stop loss,($1000.00),$82415.00,$0.00,$1000.00,$525.00,$1525.00,3,
570,NQ DEC25,Backtest,FairValueGapStrategyFiltered,Long,1,17773.25,17723.25,11/16/2023 4:30:00 PM,11/16/2023 4:45:00 PM,FVG Long,Stop loss,($1000.00),$81415.00,$0.00,$1000.00,$205.00,$1205.00,2,
571,NQ DEC25,Backtest,FairValueGapStrategyFiltered,Short,1,17734.50,17784.50,11/17/2023 4:00:00 PM,11/17/2023 6:15:00 PM,FVG Short,Stop loss,($1000.00),$80415.00,$0.00,$1000.00,$300.00,$1300.00,10,
572,NQ DEC25,Backtest,FairValueGapStrategyFiltered,Long,1,17890.75,17840.75,11/20/2023 4:15:00 PM,11/20/2023 4:30:00 PM,FVG Long,Stop loss,($1000.00),$79415.00,$0.00,$1000.00,$120.00,$1120.00,2,
573,NQ DEC25,Backtest,FairValueGapStrategyFiltered,Long,1,18089.25,18039.25,11/29/2023 4:15:00 PM,11/29/2023 4:15:00 PM,FVG Long,Stop loss,($1000.00),$78415.00,$0.00,$1000.00,$0.00,$1000.00,1,
574,NQ DEC25,Backtest,FairValueGapStrategyFiltered,Short,1,17870.75,17770.75,11/30/2023 4:15:00 PM,11/30/2023 6:00:00 PM,FVG Short,Profit target,$2000.00,$80415.00,$0.00,$455.00,$2000.00,$0.00,8,
575,NQ DEC25,Backtest,FairValueGapStrategyFiltered,Short,1,17757.00,17657.00,12/4/2023 3:45:00 PM,12/4/2023 4:30:00 PM,FVG Short,Profit target,$2000.00,$82415.00,$0.00,$280.00,$2000.00,$0.00,4,
576,NQ DEC25,Backtest,FairValueGapStrategyFiltered,Long,1,17928.00,17878.00,12/6/2023 3:45:00 PM,12/6/2023 3:45:00 PM,FVG Long,Stop loss,($1000.00),$81415.00,$0.00,$1000.00,$0.00,$1000.00,1,
577,NQ DEC25,Backtest,FairValueGapStrategyFiltered,Long,1,17828.75,17928.75,12/7/2023 3:45:00 PM,12/7/2023 6:30:00 PM,FVG Long,Profit target,$2000.00,$83415.00,$0.00,$935.00,$2000.00,$0.00,12,
578,NQ DEC25,Backtest,FairValueGapStrategyFiltered,Long,1,17892.25,17992.25,12/8/2023 4:15:00 PM,12/8/2023 4:30:00 PM,FVG Long,Profit target,$2000.00,$85415.00,$0.00,$0.00,$2000.00,$0.00,2,
579,NQ DEC25,Backtest,FairValueGapStrategyFiltered,Long,1,18058.25,18140.25,12/11/2023 4:15:00 PM,12/11/2023 11:00:00 PM,FVG Long,Exit on session close,$1640.00,$87055.00,$0.00,$790.00,$1730.00,$90.00,28,
580,NQ DEC25,Backtest,FairValueGapStrategyFiltered,Long,1,18149.25,18249.25,12/12/2023 4:30:00 PM,12/12/2023 9:30:00 PM,FVG Long,Profit target,$2000.00,$89055.00,$0.00,$115.00,$2000.00,$0.00,21,
581,NQ DEC25,Backtest,FairValueGapStrategyFiltered,Long,1,18701.25,18651.25,12/20/2023 4:15:00 PM,12/20/2023 8:45:00 PM,FVG Long,Stop loss,($1000.00),$88055.00,$0.00,$1000.00,$1140.00,$2140.00,19,
582,NQ DEC25,Backtest,FairValueGapStrategyFiltered,Long,1,18709.25,18659.25,12/22/2023 4:15:00 PM,12/22/2023 5:15:00 PM,FVG Long,Stop loss,($1000.00),$87055.00,$0.00,$1000.00,$220.00,$1220.00,5,
583,NQ DEC25,Backtest,FairValueGapStrategyFiltered,Long,1,18725.75,18774.75,12/26/2023 4:15:00 PM,12/26/2023 11:00:00 PM,FVG Long,Exit on session close,$980.00,$88035.00,$0.00,$370.00,$1405.00,$425.00,28,
584,NQ DEC25,Backtest,FairValueGapStrategyFiltered,Short,1,18448.25,18348.25,1/2/2024 4:15:00 PM,1/2/2024 9:00:00 PM,FVG Short,Profit target,$2000.00,$90035.00,$0.00,$510.00,$2000.00,$0.00,20,
585,NQ DEC25,Backtest,FairValueGapStrategyFiltered,Long,1,18196.75,18296.75,1/8/2024 3:45:00 PM,1/8/2024 4:00:00 PM,FVG Long,Profit target,$2000.00,$92035.00,$0.00,$130.00,$2000.00,$0.00,2,
586,NQ DEC25,Backtest,FairValueGapStrategyFiltered,Long,1,18313.25,18413.25,1/8/2024 4:15:00 PM,1/8/2024 8:00:00 PM,FVG Long,Profit target,$2000.00,$94035.00,$0.00,$315.00,$2000.00,$0.00,16,
587,NQ DEC25,Backtest,FairValueGapStrategyFiltered,Long,1,18524.75,18624.75,1/10/2024 3:45:00 PM,1/10/2024 8:15:00 PM,FVG Long,Profit target,$2000.00,$96035.00,$0.00,$770.00,$2000.00,$0.00,19,
588,NQ DEC25,Backtest,FairValueGapStrategyFiltered,Long,1,18672.50,18622.50,1/11/2024 4:00:00 PM,1/11/2024 4:00:00 PM,FVG Long,Stop loss,($1000.00),$95035.00,$0.00,$1000.00,$0.00,$1000.00,1,
589,NQ DEC25,Backtest,FairValueGapStrategyFiltered,Short,1,18522.50,18572.50,1/11/2024 4:30:00 PM,1/11/2024 4:30:00 PM,FVG Short,Stop loss,($1000.00),$94035.00,$0.00,$1000.00,$0.00,$1000.00,1,
590,NQ DEC25,Backtest,FairValueGapStrategyFiltered,Long,1,18692.75,18642.75,1/12/2024 3:45:00 PM,1/12/2024 4:15:00 PM,FVG Long,Stop loss,($1000.00),$93035.00,$0.00,$1000.00,$690.00,$1690.00,3,
591,NQ DEC25,Backtest,FairValueGapStrategyFiltered,Short,1,18392.25,18442.25,1/17/2024 4:15:00 PM,1/17/2024 4:30:00 PM,FVG Short,Stop loss,($1000.00),$92035.00,$0.00,$1000.00,$365.00,$1365.00,2,
592,NQ DEC25,Backtest,FairValueGapStrategyFiltered,Short,1,19242.50,19292.50,1/26/2024 3:45:00 PM,1/26/2024 4:45:00 PM,FVG Short,Stop loss,($1000.00),$91035.00,$0.00,$1000.00,$1075.00,$2075.00,5,
593,NQ DEC25,Backtest,FairValueGapStrategyFiltered,Long,1,19275.25,19375.25,2/2/2024 4:15:00 PM,2/2/2024 5:45:00 PM,FVG Long,Profit target,$2000.00,$93035.00,$0.00,$840.00,$2000.00,$0.00,7,
594,NQ DEC25,Backtest,FairValueGapStrategyFiltered,Short,1,19338.75,19335.00,2/6/2024 4:15:00 PM,2/6/2024 11:00:00 PM,FVG Short,Exit on session close,$75.00,$93110.00,$0.00,$280.00,$1865.00,$1790.00,28,
595,NQ DEC25,Backtest,FairValueGapStrategyFiltered,Long,1,19458.25,19408.25,2/7/2024 3:45:00 PM,2/7/2024 3:45:00 PM,FVG Long,Stop loss,($1000.00),$92110.00,$0.00,$1000.00,$0.00,$1000.00,1,
596,NQ DEC25,Backtest,FairValueGapStrategyFiltered,Long,1,19620.00,19720.00,2/9/2024 4:30:00 PM,2/9/2024 7:30:00 PM,FVG Long,Profit target,$2000.00,$94110.00,$0.00,$50.00,$2000.00,$0.00,13,
597,NQ DEC25,Backtest,FairValueGapStrategyFiltered,Short,1,19456.75,19506.75,2/16/2024 4:15:00 PM,2/16/2024 5:15:00 PM,FVG Short,Stop loss,($1000.00),$93110.00,$0.00,$1000.00,$1100.00,$2100.00,5,
598,NQ DEC25,Backtest,FairValueGapStrategyFiltered,Short,1,19247.25,19147.25,2/20/2024 4:15:00 PM,2/20/2024 6:30:00 PM,FVG Short,Profit target,$2000.00,$95110.00,$0.00,$715.00,$2000.00,$0.00,10,
599,NQ DEC25,Backtest,FairValueGapStrategyFiltered,Long,1,19790.25,19740.25,2/23/2024 3:45:00 PM,2/23/2024 4:15:00 PM,FVG Long,Stop loss,($1000.00),$94110.00,$0.00,$1000.00,$785.00,$1785.00,3,
600,NQ DEC25,Backtest,FairValueGapStrategyFiltered,Long,1,19818.75,19918.75,3/1/2024 4:00:00 PM,3/1/2024 5:15:00 PM,FVG Long,Profit target,$2000.00,$96110.00,$0.00,$775.00,$2000.00,$0.00,6,
601,NQ DEC25,Backtest,FairValueGapStrategyFiltered,Short,1,19724.25,19624.25,3/5/2024 4:15:00 PM,3/5/2024 4:45:00 PM,FVG Short,Profit target,$2000.00,$98110.00,$0.00,$885.00,$2000.00,$0.00,3,
602,NQ DEC25,Backtest,FairValueGapStrategyFiltered,Short,1,19685.25,19735.25,3/6/2024 4:30:00 PM,3/6/2024 5:00:00 PM,FVG Short,Stop loss,($1000.00),$97110.00,$0.00,$1000.00,$125.00,$1125.00,3,
603,NQ DEC25,Backtest,FairValueGapStrategyFiltered,Long,1,19848.00,19948.00,3/7/2024 4:00:00 PM,3/7/2024 4:45:00 PM,FVG Long,Profit target,$2000.00,$99110.00,$0.00,$890.00,$2000.00,$0.00,4,
604,NQ DEC25,Backtest,FairValueGapStrategyFiltered,Long,1,20106.50,20056.50,3/8/2024 4:30:00 PM,3/8/2024 4:45:00 PM,FVG Long,Stop loss,($1000.00),$98110.00,$0.00,$1000.00,$260.00,$1260.00,2,
605,NQ DEC25,Backtest,FairValueGapStrategyFiltered,Long,1,19844.75,19794.75,3/12/2024 4:00:00 PM,3/12/2024 5:45:00 PM,FVG Long,Stop loss,($1000.00),$97110.00,$0.00,$1000.00,$1000.00,$2000.00,8,
606,NQ DEC25,Backtest,FairValueGapStrategyFiltered,Short,1,19980.25,19880.25,3/26/2024 4:00:00 PM,3/26/2024 9:00:00 PM,FVG Short,Profit target,$2000.00,$99110.00,$0.00,$915.00,$2000.00,$0.00,21,
607,NQ DEC25,Backtest,FairValueGapStrategyFiltered,Short,1,19852.25,19902.25,3/27/2024 3:45:00 PM,3/27/2024 8:45:00 PM,FVG Short,Stop loss,($1000.00),$98110.00,$0.00,$1000.00,$485.00,$1485.00,21,
608,NQ DEC25,Backtest,FairValueGapStrategyFiltered,Short,1,19927.75,19902.25,3/28/2024 3:45:00 PM,3/28/2024 10:00:00 PM,FVG Short,Exit on session close,$510.00,$98620.00,$0.00,$570.00,$860.00,$350.00,26,
609,NQ DEC25,Backtest,FairValueGapStrategyFiltered,Short,1,19937.75,19987.75,4/1/2024 3:45:00 PM,4/1/2024 3:45:00 PM,FVG Short,Stop loss,($1000.00),$97620.00,$0.00,$1000.00,$0.00,$1000.00,1,
610,NQ DEC25,Backtest,FairValueGapStrategyFiltered,Long,1,20021.75,19971.75,4/1/2024 4:15:00 PM,4/1/2024 4:30:00 PM,FVG Long,Stop loss,($1000.00),$96620.00,$0.00,$1000.00,$395.00,$1395.00,2,
611,NQ DEC25,Backtest,FairValueGapStrategyFiltered,Short,1,19724.50,19774.50,4/2/2024 3:45:00 PM,4/2/2024 10:00:00 PM,FVG Short,Stop loss,($1000.00),$95620.00,$0.00,$1000.00,$1715.00,$2715.00,26,
612,NQ DEC25,Backtest,FairValueGapStrategyFiltered,Short,1,19741.75,19641.75,4/15/2024 4:15:00 PM,4/15/2024 4:15:00 PM,FVG Short,Profit target,$2000.00,$97620.00,$0.00,$0.00,$2000.00,$0.00,1,
613,NQ DEC25,Backtest,FairValueGapStrategyFiltered,Long,1,19394.50,19344.50,4/17/2024 3:45:00 PM,4/17/2024 4:00:00 PM,FVG Long,Stop loss,($1000.00),$96620.00,$0.00,$1000.00,$45.00,$1045.00,2,
614,NQ DEC25,Backtest,FairValueGapStrategyFiltered,Short,1,19329.25,19229.25,4/17/2024 4:15:00 PM,4/17/2024 5:00:00 PM,FVG Short,Profit target,$2000.00,$98620.00,$0.00,$45.00,$2000.00,$0.00,4,
615,NQ DEC25,Backtest,FairValueGapStrategyFiltered,Short,1,19047.25,19097.25,4/18/2024 4:15:00 PM,4/18/2024 4:30:00 PM,FVG Short,Stop loss,($1000.00),$97620.00,$0.00,$1000.00,$550.00,$1550.00,2,
616,NQ DEC25,Backtest,FairValueGapStrategyFiltered,Long,1,18938.00,19038.00,4/23/2024 4:15:00 PM,4/23/2024 5:30:00 PM,FVG Long,Profit target,$2000.00,$99620.00,$0.00,$510.00,$2000.00,$0.00,6,
617,NQ DEC25,Backtest,FairValueGapStrategyFiltered,Long,1,19206.75,19156.75,4/24/2024 4:00:00 PM,4/24/2024 4:00:00 PM,FVG Long,Stop loss,($1000.00),$98620.00,$0.00,$1000.00,$0.00,$1000.00,1,
618,NQ DEC25,Backtest,FairValueGapStrategyFiltered,Short,1,18791.75,18841.75,4/25/2024 3:45:00 PM,4/25/2024 4:15:00 PM,FVG Short,Stop loss,($1000.00),$97620.00,$0.00,$1000.00,$925.00,$1925.00,3,
619,NQ DEC25,Backtest,FairValueGapStrategyFiltered,Long,1,19222.50,19322.50,4/26/2024 4:15:00 PM,4/26/2024 5:15:00 PM,FVG Long,Profit target,$2000.00,$99620.00,$0.00,$330.00,$2000.00,$0.00,5,
620,NQ DEC25,Backtest,FairValueGapStrategyFiltered,Short,1,18937.50,18837.50,5/2/2024 4:15:00 PM,5/2/2024 4:15:00 PM,FVG Short,Profit target,$2000.00,$101620.00,$0.00,$0.00,$2000.00,$0.00,1,
621,NQ DEC25,Backtest,FairValueGapStrategyFiltered,Short,1,18882.50,18932.50,5/2/2024 4:30:00 PM,5/2/2024 4:30:00 PM,FVG Short,Stop loss,($1000.00),$100620.00,$0.00,$1000.00,$0.00,$1000.00,1,
622,NQ DEC25,Backtest,FairValueGapStrategyFiltered,Long,1,19547.00,19622.75,5/6/2024 4:15:00 PM,5/6/2024 11:00:00 PM,FVG Long,Exit on session close,$1515.00,$102135.00,$0.00,$850.00,$1830.00,$315.00,28,
623,NQ DEC25,Backtest,FairValueGapStrategyFiltered,Short,1,19594.50,19644.50,5/9/2024 4:15:00 PM,5/9/2024 4:45:00 PM,FVG Short,Stop loss,($1000.00),$101135.00,$0.00,$1000.00,$565.00,$1565.00,3,
624,NQ DEC25,Backtest,FairValueGapStrategyFiltered,Long,1,19766.00,19716.00,5/10/2024 4:15:00 PM,5/10/2024 4:15:00 PM,FVG Long,Stop loss,($1000.00),$100135.00,$0.00,$1000.00,$0.00,$1000.00,1,
625,NQ DEC25,Backtest,FairValueGapStrategyFiltered,Short,1,20083.00,19983.00,5/17/2024 4:00:00 PM,5/17/2024 8:30:00 PM,FVG Short,Profit target,$2000.00,$102135.00,$0.00,$625.00,$2000.00,$0.00,19,
626,NQ DEC25,Backtest,FairValueGapStrategyFiltered,Long,1,20187.00,20182.50,5/20/2024 4:15:00 PM,5/20/2024 11:00:00 PM,FVG Long,Exit on session close,($90.00),$102045.00,$0.00,$855.00,$895.00,$985.00,28,
627,NQ DEC25,Backtest,FairValueGapStrategyFiltered,Short,1,20123.25,20173.25,5/21/2024 3:45:00 PM,5/21/2024 4:45:00 PM,FVG Short,Stop loss,($1000.00),$101045.00,$0.00,$1000.00,$160.00,$1160.00,5,
628,NQ DEC25,Backtest,FairValueGapStrategyFiltered,Short,1,20301.75,20351.75,5/28/2024 4:15:00 PM,5/28/2024 5:00:00 PM,FVG Short,Stop loss,($1000.00),$100045.00,$0.00,$1000.00,$440.00,$1440.00,4,
629,NQ DEC25,Backtest,FairValueGapStrategyFiltered,Short,1,19925.25,19825.25,5/31/2024 4:30:00 PM,5/31/2024 4:45:00 PM,FVG Short,Profit target,$2000.00,$102045.00,$0.00,$180.00,$2000.00,$0.00,2,
630,NQ DEC25,Backtest,FairValueGapStrategyFiltered,Long,1,20150.25,20100.25,6/3/2024 3:45:00 PM,6/3/2024 4:00:00 PM,FVG Long,Stop loss,($1000.00),$101045.00,$0.00,$1000.00,$735.00,$1735.00,2,
631,NQ DEC25,Backtest,FairValueGapStrategyFiltered,Long,1,20075.00,20025.00,6/4/2024 3:45:00 PM,6/4/2024 3:45:00 PM,FVG Long,Stop loss,($1000.00),$100045.00,$0.00,$1000.00,$0.00,$1000.00,1,
632,NQ DEC25,Backtest,FairValueGapStrategyFiltered,Long,1,20286.00,20386.00,6/5/2024 3:45:00 PM,6/5/2024 5:15:00 PM,FVG Long,Profit target,$2000.00,$102045.00,$0.00,$975.00,$2000.00,$0.00,7,
633,NQ DEC25,Backtest,FairValueGapStrategyFiltered,Long,1,20928.25,20878.25,6/12/2024 4:15:00 PM,6/12/2024 9:45:00 PM,FVG Long,Stop loss,($1000.00),$101045.00,$0.00,$1000.00,$1955.00,$2955.00,23,
634,NQ DEC25,Backtest,FairValueGapStrategyFiltered,Long,1,21076.00,21026.00,6/14/2024 4:15:00 PM,6/14/2024 4:15:00 PM,FVG Long,Stop loss,($1000.00),$100045.00,$0.00,$1000.00,$0.00,$1000.00,1,
635,NQ DEC25,Backtest,FairValueGapStrategyFiltered,Short,1,21130.00,21180.00,6/21/2024 4:15:00 PM,6/21/2024 4:30:00 PM,FVG Short,Stop loss,($1000.00),$99045.00,$0.00,$1000.00,$105.00,$1105.00,2,
636,NQ DEC25,Backtest,FairValueGapStrategyFiltered,Long,1,21147.00,21097.00,6/26/2024 4:15:00 PM,6/26/2024 5:15:00 PM,FVG Long,Stop loss,($1000.00),$98045.00,$0.00,$1000.00,$1070.00,$2070.00,5,
637,NQ DEC25,Backtest,FairValueGapStrategyFiltered,Long,1,21236.25,21186.25,6/27/2024 4:15:00 PM,6/27/2024 5:00:00 PM,FVG Long,Stop loss,($1000.00),$97045.00,$0.00,$1000.00,$1140.00,$2140.00,4,
638,NQ DEC25,Backtest,FairValueGapStrategyFiltered,Long,1,21324.75,21424.75,6/28/2024 4:15:00 PM,6/28/2024 4:15:00 PM,FVG Long,Profit target,$2000.00,$99045.00,$0.00,$0.00,$2000.00,$0.00,1,
639,NQ DEC25,Backtest,FairValueGapStrategyFiltered,Long,1,21440.50,21390.50,6/28/2024 4:30:00 PM,6/28/2024 4:30:00 PM,FVG Long,Stop loss,($1000.00),$98045.00,$0.00,$1000.00,$0.00,$1000.00,1,
640,NQ DEC25,Backtest,FairValueGapStrategyFiltered,Short,1,21064.25,21114.25,7/1/2024 4:15:00 PM,7/1/2024 4:30:00 PM,FVG Short,Stop loss,($1000.00),$97045.00,$0.00,$1000.00,$1360.00,$2360.00,2,
641,NQ DEC25,Backtest,FairValueGapStrategyFiltered,Long,1,21247.00,21197.00,7/2/2024 4:00:00 PM,7/2/2024 4:15:00 PM,FVG Long,Stop loss,($1000.00),$96045.00,$0.00,$1000.00,$550.00,$1550.00,2,
642,NQ DEC25,Backtest,FairValueGapStrategyFiltered,Long,1,21451.75,21551.75,7/3/2024 4:15:00 PM,7/3/2024 6:00:00 PM,FVG Long,Profit target,$2000.00,$98045.00,$0.00,$795.00,$2000.00,$0.00,8,
643,NQ DEC25,Backtest,FairValueGapStrategyFiltered,Long,1,21647.75,21747.75,7/5/2024 4:00:00 PM,7/5/2024 5:45:00 PM,FVG Long,Profit target,$2000.00,$100045.00,$0.00,$860.00,$2000.00,$0.00,8,
644,NQ DEC25,Backtest,FairValueGapStrategyFiltered,Short,1,21679.00,21729.00,7/16/2024 4:30:00 PM,7/16/2024 4:30:00 PM,FVG Short,Stop loss,($1000.00),$99045.00,$0.00,$1000.00,$0.00,$1000.00,1,
645,NQ DEC25,Backtest,FairValueGapStrategyFiltered,Short,1,21385.50,21285.50,7/17/2024 4:15:00 PM,7/17/2024 4:15:00 PM,FVG Short,Profit target,$2000.00,$101045.00,$0.00,$0.00,$2000.00,$0.00,1,
646,NQ DEC25,Backtest,FairValueGapStrategyFiltered,Short,1,21244.50,21144.50,7/18/2024 4:15:00 PM,7/18/2024 4:45:00 PM,FVG Short,Profit target,$2000.00,$103045.00,$0.00,$780.00,$2000.00,$0.00,3,
647,NQ DEC25,Backtest,FairValueGapStrategyFiltered,Long,1,21131.25,21081.25,7/22/2024 3:45:00 PM,7/22/2024 3:45:00 PM,FVG Long,Stop loss,($1000.00),$102045.00,$0.00,$1000.00,$0.00,$1000.00,1,
648,NQ DEC25,Backtest,FairValueGapStrategyFiltered,Long,1,21183.00,21133.00,7/23/2024 4:15:00 PM,7/23/2024 5:00:00 PM,FVG Long,Stop loss,($1000.00),$101045.00,$0.00,$1000.00,$825.00,$1825.00,4,
649,NQ DEC25,Backtest,FairValueGapStrategyFiltered,Short,1,20688.00,20588.00,7/24/2024 4:15:00 PM,7/24/2024 5:15:00 PM,FVG Short,Profit target,$2000.00,$103045.00,$0.00,$245.00,$2000.00,$0.00,5,
650,NQ DEC25,Backtest,FairValueGapStrategyFiltered,Short,1,20207.75,20107.75,7/25/2024 4:15:00 PM,7/25/2024 4:15:00 PM,FVG Short,Profit target,$2000.00,$105045.00,$0.00,$0.00,$2000.00,$0.00,1,
651,NQ DEC25,Backtest,FairValueGapStrategyFiltered,Short,1,20104.75,20154.75,7/25/2024 4:30:00 PM,7/25/2024 4:30:00 PM,FVG Short,Stop loss,($1000.00),$104045.00,$0.00,$1000.00,$0.00,$1000.00,1,
652,NQ DEC25,Backtest,FairValueGapStrategyFiltered,Short,1,20306.50,20356.50,7/26/2024 4:15:00 PM,7/26/2024 4:30:00 PM,FVG Short,Stop loss,($1000.00),$103045.00,$0.00,$1000.00,$1695.00,$2695.00,2,
653,NQ DEC25,Backtest,FairValueGapStrategyFiltered,Long,1,20533.75,20483.75,7/29/2024 4:15:00 PM,7/29/2024 4:15:00 PM,FVG Long,Stop loss,($1000.00),$102045.00,$0.00,$1000.00,$0.00,$1000.00,1,
654,NQ DEC25,Backtest,FairValueGapStrategyFiltered,Short,1,20395.00,20295.00,7/30/2024 4:30:00 PM,7/30/2024 4:45:00 PM,FVG Short,Profit target,$2000.00,$104045.00,$0.00,$530.00,$2000.00,$0.00,2,
655,NQ DEC25,Backtest,FairValueGapStrategyFiltered,Long,1,20817.75,20767.75,8/1/2024 4:15:00 PM,8/1/2024 4:15:00 PM,FVG Long,Stop loss,($1000.00),$103045.00,$0.00,$1000.00,$0.00,$1000.00,1,
656,NQ DEC25,Backtest,FairValueGapStrategyFiltered,Long,1,19696.00,19646.00,8/7/2024 4:15:00 PM,8/7/2024 4:15:00 PM,FVG Long,Stop loss,($1000.00),$102045.00,$0.00,$1000.00,$0.00,$1000.00,1,
657,NQ DEC25,Backtest,FairValueGapStrategyFiltered,Long,1,20075.75,20175.75,8/13/2024 4:15:00 PM,8/13/2024 6:15:00 PM,FVG Long,Profit target,$2000.00,$104045.00,$0.00,$865.00,$2000.00,$0.00,9,
658,NQ DEC25,Backtest,FairValueGapStrategyFiltered,Long,1,20637.75,20587.75,8/15/2024 4:15:00 PM,8/15/2024 4:15:00 PM,FVG Long,Stop loss,($1000.00),$103045.00,$0.00,$1000.00,$0.00,$1000.00,1,
659,NQ DEC25,Backtest,FairValueGapStrategyFiltered,Long,1,20622.50,20722.50,8/15/2024 4:30:00 PM,8/15/2024 5:45:00 PM,FVG Long,Profit target,$2000.00,$105045.00,$0.00,$330.00,$2000.00,$0.00,6,
660,NQ DEC25,Backtest,FairValueGapStrategyFiltered,Long,1,21095.00,21045.00,8/20/2024 4:15:00 PM,8/20/2024 4:15:00 PM,FVG Long,Stop loss,($1000.00),$104045.00,$0.00,$1000.00,$0.00,$1000.00,1,
661,NQ DEC25,Backtest,FairValueGapStrategyFiltered,Short,1,20825.75,20725.75,8/26/2024 4:30:00 PM,8/26/2024 4:45:00 PM,FVG Short,Profit target,$2000.00,$106045.00,$0.00,$40.00,$2000.00,$0.00,2,
662,NQ DEC25,Backtest,FairValueGapStrategyFiltered,Short,1,20734.50,20634.50,8/28/2024 4:15:00 PM,8/28/2024 5:00:00 PM,FVG Short,Profit target,$2000.00,$108045.00,$0.00,$705.00,$2000.00,$0.00,4,
663,NQ DEC25,Backtest,FairValueGapStrategyFiltered,Long,1,20820.25,20770.25,8/29/2024 4:15:00 PM,8/29/2024 4:15:00 PM,FVG Long,Stop loss,($1000.00),$107045.00,$0.00,$1000.00,$0.00,$1000.00,1,
664,NQ DEC25,Backtest,FairValueGapStrategyFiltered,Short,1,20543.00,20443.00,9/3/2024 4:15:00 PM,9/3/2024 4:45:00 PM,FVG Short,Profit target,$2000.00,$109045.00,$0.00,$390.00,$2000.00,$0.00,3,
665,NQ DEC25,Backtest,FairValueGapStrategyFiltered,Long,1,20227.50,20177.50,9/5/2024 4:15:00 PM,9/5/2024 5:00:00 PM,FVG Long,Stop loss,($1000.00),$108045.00,$0.00,$1000.00,$1990.00,$2990.00,4,
666,NQ DEC25,Backtest,FairValueGapStrategyFiltered,Short,1,19922.25,19822.25,9/6/2024 4:15:00 PM,9/6/2024 4:30:00 PM,FVG Short,Profit target,$2000.00,$110045.00,$0.00,$845.00,$2000.00,$0.00,2,
667,NQ DEC25,Backtest,FairValueGapStrategyFiltered,Long,1,20078.75,20028.75,9/11/2024 3:45:00 PM,9/11/2024 3:45:00 PM,FVG Long,Stop loss,($1000.00),$109045.00,$0.00,$1000.00,$0.00,$1000.00,1,
668,NQ DEC25,Backtest,FairValueGapStrategyFiltered,Long,1,20642.25,20592.25,9/13/2024 4:15:00 PM,9/13/2024 4:15:00 PM,FVG Long,Stop loss,($1000.00),$108045.00,$0.00,$1000.00,$0.00,$1000.00,1,
669,NQ DEC25,Backtest,FairValueGapStrategyFiltered,Long,1,20993.75,20943.75,9/19/2024 3:45:00 PM,9/19/2024 4:00:00 PM,FVG Long,Stop loss,($1000.00),$107045.00,$0.00,$1000.00,$415.00,$1415.00,2,
670,NQ DEC25,Backtest,FairValueGapStrategyFiltered,Long,1,21076.50,21026.50,9/24/2024 3:45:00 PM,9/24/2024 4:00:00 PM,FVG Long,Stop loss,($1000.00),$106045.00,$0.00,$1000.00,$380.00,$1380.00,2,
671,NQ DEC25,Backtest,FairValueGapStrategyFiltered,Short,1,20964.25,21014.25,9/24/2024 4:30:00 PM,9/24/2024 5:00:00 PM,FVG Short,Stop loss,($1000.00),$105045.00,$0.00,$1000.00,$1395.00,$2395.00,3,
672,NQ DEC25,Backtest,FairValueGapStrategyFiltered,Long,1,21173.00,21123.00,9/25/2024 4:15:00 PM,9/25/2024 6:00:00 PM,FVG Long,Stop loss,($1000.00),$104045.00,$0.00,$1000.00,$790.00,$1790.00,8,
673,NQ DEC25,Backtest,FairValueGapStrategyFiltered,Short,1,20986.00,20886.00,10/1/2024 4:15:00 PM,10/1/2024 4:15:00 PM,FVG Short,Profit target,$2000.00,$106045.00,$0.00,$0.00,$2000.00,$0.00,1,
674,NQ DEC25,Backtest,FairValueGapStrategyFiltered,Short,1,20884.50,20784.50,10/2/2024 3:45:00 PM,10/2/2024 3:45:00 PM,FVG Short,Profit target,$2000.00,$108045.00,$0.00,$0.00,$2000.00,$0.00,1,
675,NQ DEC25,Backtest,FairValueGapStrategyFiltered,Long,1,20964.50,20914.50,10/3/2024 4:15:00 PM,10/3/2024 4:30:00 PM,FVG Long,Stop loss,($1000.00),$107045.00,$0.00,$1000.00,$1815.00,$2815.00,2,
676,NQ DEC25,Backtest,FairValueGapStrategyFiltered,Long,1,21124.25,21224.25,10/8/2024 4:30:00 PM,10/8/2024 9:30:00 PM,FVG Long,Profit target,$2000.00,$109045.00,$0.00,$550.00,$2000.00,$0.00,21,
677,NQ DEC25,Backtest,FairValueGapStrategyFiltered,Long,1,21223.50,21323.50,10/9/2024 3:45:00 PM,10/9/2024 5:15:00 PM,FVG Long,Profit target,$2000.00,$111045.00,$0.00,$870.00,$2000.00,$0.00,7,
678,NQ DEC25,Backtest,FairValueGapStrategyFiltered,Short,1,21281.00,21331.00,10/11/2024 4:00:00 PM,10/11/2024 4:15:00 PM,FVG Short,Stop loss,($1000.00),$110045.00,$0.00,$1000.00,$65.00,$1065.00,2,
679,NQ DEC25,Backtest,FairValueGapStrategyFiltered,Long,1,21492.00,21592.00,10/14/2024 3:45:00 PM,10/14/2024 4:00:00 PM,FVG Long,Profit target,$2000.00,$112045.00,$0.00,$190.00,$2000.00,$0.00,2,
680,NQ DEC25,Backtest,FairValueGapStrategyFiltered,Long,1,21612.25,21562.25,10/14/2024 4:15:00 PM,10/14/2024 4:30:00 PM,FVG Long,Stop loss,($1000.00),$111045.00,$0.00,$1000.00,$185.00,$1185.00,2,
681,NQ DEC25,Backtest,FairValueGapStrategyFiltered,Short,1,21165.75,21215.75,10/16/2024 4:15:00 PM,10/16/2024 4:15:00 PM,FVG Short,Stop loss,($1000.00),$110045.00,$0.00,$1000.00,$0.00,$1000.00,1,
682,NQ DEC25,Backtest,FairValueGapStrategyFiltered,Long,1,21514.75,21464.75,10/17/2024 3:45:00 PM,10/17/2024 3:45:00 PM,FVG Long,Stop loss,($1000.00),$109045.00,$0.00,$1000.00,$0.00,$1000.00,1,
683,NQ DEC25,Backtest,FairValueGapStrategyFiltered,Long,1,21417.00,21367.00,10/21/2024 4:00:00 PM,10/21/2024 4:45:00 PM,FVG Long,Stop loss,($1000.00),$108045.00,$0.00,$1000.00,$1580.00,$2580.00,4,
684,NQ DEC25,Backtest,FairValueGapStrategyFiltered,Short,1,21283.50,21333.50,10/24/2024 4:00:00 PM,10/24/2024 9:15:00 PM,FVG Short,Stop loss,($1000.00),$107045.00,$0.00,$1000.00,$1605.00,$2605.00,22,
685,NQ DEC25,Backtest,FairValueGapStrategyFiltered,Long,1,21590.75,21540.75,10/25/2024 4:15:00 PM,10/25/2024 7:30:00 PM,FVG Long,Stop loss,($1000.00),$106045.00,$0.00,$1000.00,$1160.00,$2160.00,14,
686,NQ DEC25,Backtest,FairValueGapStrategyFiltered,Long,1,21631.25,21581.25,10/30/2024 3:45:00 PM,10/30/2024 4:00:00 PM,FVG Long,Stop loss,($1000.00),$105045.00,$0.00,$1000.00,$60.00,$1060.00,2,
687,NQ DEC25,Backtest,FairValueGapStrategyFiltered,Short,1,21061.75,20961.75,11/4/2024 3:45:00 PM,11/4/2024 3:45:00 PM,FVG Short,Profit target,$2000.00,$107045.00,$0.00,$0.00,$2000.00,$0.00,1,
688,NQ DEC25,Backtest,FairValueGapStrategyFiltered,Long,1,21158.75,21258.75,11/5/2024 4:00:00 PM,11/5/2024 4:15:00 PM,FVG Long,Profit target,$2000.00,$109045.00,$0.00,$205.00,$2000.00,$0.00,2,
689,NQ DEC25,Backtest,FairValueGapStrategyFiltered,Long,1,21217.75,21317.75,11/5/2024 4:30:00 PM,11/5/2024 10:15:00 PM,FVG Long,Profit target,$2000.00,$111045.00,$0.00,$875.00,$2000.00,$0.00,24,
690,NQ DEC25,Backtest,FairValueGapStrategyFiltered,Long,1,21948.00,22048.00,11/7/2024 3:45:00 PM,11/7/2024 4:00:00 PM,FVG Long,Profit target,$2000.00,$113045.00,$0.00,$50.00,$2000.00,$0.00,2,
691,NQ DEC25,Backtest,FairValueGapStrategyFiltered,Long,1,22050.25,22150.25,11/7/2024 4:15:00 PM,11/7/2024 8:45:00 PM,FVG Long,Profit target,$2000.00,$115045.00,$0.00,$445.00,$2000.00,$0.00,19,
692,NQ DEC25,Backtest,FairValueGapStrategyFiltered,Long,1,22127.00,22168.25,11/8/2024 3:45:00 PM,11/8/2024 11:00:00 PM,FVG Long,Exit on session close,$825.00,$115870.00,$0.00,$485.00,$1590.00,$765.00,30,
693,NQ DEC25,Backtest,FairValueGapStrategyFiltered,Short,1,22113.50,22163.50,11/11/2024 4:15:00 PM,11/11/2024 4:45:00 PM,FVG Short,Stop loss,($1000.00),$114870.00,$0.00,$1000.00,$335.00,$1335.00,3,
694,NQ DEC25,Backtest,FairValueGapStrategyFiltered,Short,1,21700.25,21600.25,11/15/2024 3:45:00 PM,11/15/2024 4:15:00 PM,FVG Short,Profit target,$2000.00,$116870.00,$0.00,$300.00,$2000.00,$0.00,3,
695,NQ DEC25,Backtest,FairValueGapStrategyFiltered,Short,1,21472.50,21522.50,11/18/2024 4:15:00 PM,11/18/2024 4:15:00 PM,FVG Short,Stop loss,($1000.00),$115870.00,$0.00,$1000.00,$0.00,$1000.00,1,
696,NQ DEC25,Backtest,FairValueGapStrategyFiltered,Short,1,21596.75,21496.75,11/20/2024 4:00:00 PM,11/20/2024 4:15:00 PM,FVG Short,Profit target,$2000.00,$117870.00,$0.00,$340.00,$2000.00,$0.00,2,
697,NQ DEC25,Backtest,FairValueGapStrategyFiltered,Long,1,21817.50,21767.50,11/21/2024 3:45:00 PM,11/21/2024 3:45:00 PM,FVG Long,Stop loss,($1000.00),$116870.00,$0.00,$1000.00,$0.00,$1000.00,1,
698,NQ DEC25,Backtest,FairValueGapStrategyFiltered,Short,1,21608.50,21508.50,11/21/2024 4:15:00 PM,11/21/2024 4:30:00 PM,FVG Short,Profit target,$2000.00,$118870.00,$0.00,$435.00,$2000.00,$0.00,2,
699,NQ DEC25,Backtest,FairValueGapStrategyFiltered,Short,1,21802.00,21702.00,11/27/2024 4:15:00 PM,11/27/2024 4:45:00 PM,FVG Short,Profit target,$2000.00,$120870.00,$0.00,$20.00,$2000.00,$0.00,3,
700,NQ DEC25,Backtest,FairValueGapStrategyFiltered,Long,1,21903.25,21932.75,11/29/2024 4:30:00 PM,11/29/2024 7:15:00 PM,FVG Long,Exit on session close,$590.00,$121460.00,$0.00,$525.00,$1115.00,$525.00,12,
701,NQ DEC25,Backtest,FairValueGapStrategyFiltered,Long,1,22093.75,22193.75,12/2/2024 4:15:00 PM,12/2/2024 6:30:00 PM,FVG Long,Profit target,$2000.00,$123460.00,$0.00,$225.00,$2000.00,$0.00,10,
702,NQ DEC25,Backtest,FairValueGapStrategyFiltered,Long,1,22144.25,22244.25,12/3/2024 4:15:00 PM,12/3/2024 10:15:00 PM,FVG Long,Profit target,$2000.00,$125460.00,$0.00,$765.00,$2000.00,$0.00,25,
703,NQ DEC25,Backtest,FairValueGapStrategyFiltered,Long,1,22549.00,22575.50,12/6/2024 4:15:00 PM,12/6/2024 11:00:00 PM,FVG Long,Exit on session close,$530.00,$125990.00,$0.00,$690.00,$1235.00,$705.00,28,
704,NQ DEC25,Backtest,FairValueGapStrategyFiltered,Long,1,22531.50,22631.50,12/11/2024 3:45:00 PM,12/11/2024 4:00:00 PM,FVG Long,Profit target,$2000.00,$127990.00,$0.00,$340.00,$2000.00,$0.00,2,
705,NQ DEC25,Backtest,FairValueGapStrategyFiltered,Long,1,22637.50,22737.50,12/11/2024 4:15:00 PM,12/11/2024 7:30:00 PM,FVG Long,Profit target,$2000.00,$129990.00,$0.00,$465.00,$2000.00,$0.00,14,
706,NQ DEC25,Backtest,FairValueGapStrategyFiltered,Long,1,22822.25,22772.25,12/13/2024 4:15:00 PM,12/13/2024 4:15:00 PM,FVG Long,Stop loss,($1000.00),$128990.00,$0.00,$1000.00,$0.00,$1000.00,1,
707,NQ DEC25,Backtest,FairValueGapStrategyFiltered,Long,1,22922.75,23022.75,12/16/2024 4:15:00 PM,12/16/2024 6:45:00 PM,FVG Long,Profit target,$2000.00,$130990.00,$0.00,$920.00,$2000.00,$0.00,11,
708,NQ DEC25,Backtest,FairValueGapStrategyFiltered,Long,1,22271.00,22221.00,12/23/2024 4:00:00 PM,12/23/2024 4:00:00 PM,FVG Long,Stop loss,($1000.00),$129990.00,$0.00,$1000.00,$0.00,$1000.00,1,
709,NQ DEC25,Backtest,FairValueGapStrategyFiltered,Long,1,22558.75,22658.75,12/24/2024 4:15:00 PM,12/24/2024 7:00:00 PM,FVG Long,Profit target,$2000.00,$131990.00,$0.00,$120.00,$2000.00,$0.00,12,
710,NQ DEC25,Backtest,FairValueGapStrategyFiltered,Short,1,22501.50,22401.50,12/27/2024 3:45:00 PM,12/27/2024 3:45:00 PM,FVG Short,Profit target,$2000.00,$133990.00,$0.00,$0.00,$2000.00,$0.00,1,
711,NQ DEC25,Backtest,FairValueGapStrategyFiltered,Short,1,22337.25,22387.25,12/27/2024 4:00:00 PM,12/27/2024 4:00:00 PM,FVG Short,Stop loss,($1000.00),$132990.00,$0.00,$1000.00,$0.00,$1000.00,1,
712,NQ DEC25,Backtest,FairValueGapStrategyFiltered,Short,1,22350.75,22250.75,12/27/2024 4:15:00 PM,12/27/2024 4:15:00 PM,FVG Short,Profit target,$2000.00,$134990.00,$0.00,$0.00,$2000.00,$0.00,1,
713,NQ DEC25,Backtest,FairValueGapStrategyFiltered,Short,1,21943.50,21993.50,12/30/2024 4:15:00 PM,12/30/2024 4:15:00 PM,FVG Short,Stop loss,($1000.00),$133990.00,$0.00,$1000.00,$0.00,$1000.00,1,
714,NQ DEC25,Backtest,FairValueGapStrategyFiltered,Short,1,22089.50,21989.50,12/31/2024 4:15:00 PM,12/31/2024 4:15:00 PM,FVG Short,Profit target,$2000.00,$135990.00,$0.00,$0.00,$2000.00,$0.00,1,
715,NQ DEC25,Backtest,FairValueGapStrategyFiltered,Short,1,22003.25,21903.25,1/2/2025 3:45:00 PM,1/2/2025 3:45:00 PM,FVG Short,Profit target,$2000.00,$137990.00,$0.00,$0.00,$2000.00,$0.00,1,
716,NQ DEC25,Backtest,FairValueGapStrategyFiltered,Long,1,22079.75,22029.75,1/3/2025 4:00:00 PM,1/3/2025 4:00:00 PM,FVG Long,Stop loss,($1000.00),$136990.00,$0.00,$1000.00,$0.00,$1000.00,1,
717,NQ DEC25,Backtest,FairValueGapStrategyFiltered,Long,1,22038.25,21988.25,1/3/2025 4:15:00 PM,1/3/2025 4:30:00 PM,FVG Long,Stop loss,($1000.00),$135990.00,$0.00,$1000.00,$1160.00,$2160.00,2,
718,NQ DEC25,Backtest,FairValueGapStrategyFiltered,Long,1,22473.75,22423.75,1/6/2025 4:15:00 PM,1/6/2025 7:15:00 PM,FVG Long,Stop loss,($1000.00),$134990.00,$0.00,$1000.00,$1570.00,$2570.00,13,
719,NQ DEC25,Backtest,FairValueGapStrategyFiltered,Short,1,21708.50,21608.50,1/10/2025 4:15:00 PM,1/10/2025 4:15:00 PM,FVG Short,Profit target,$2000.00,$136990.00,$0.00,$0.00,$2000.00,$0.00,1,
720,NQ DEC25,Backtest,FairValueGapStrategyFiltered,Short,1,21560.50,21610.50,1/10/2025 4:30:00 PM,1/10/2025 4:30:00 PM,FVG Short,Stop loss,($1000.00),$135990.00,$0.00,$1000.00,$0.00,$1000.00,1,
721,NQ DEC25,Backtest,FairValueGapStrategyFiltered,Short,1,21421.25,21471.25,1/13/2025 3:45:00 PM,1/13/2025 4:00:00 PM,FVG Short,Stop loss,($1000.00),$134990.00,$0.00,$1000.00,$1275.00,$2275.00,2,
722,NQ DEC25,Backtest,FairValueGapStrategyFiltered,Long,1,21983.50,21933.50,1/15/2025 4:15:00 PM,1/15/2025 5:45:00 PM,FVG Long,Stop loss,($1000.00),$133990.00,$0.00,$1000.00,$1600.00,$2600.00,7,
723,NQ DEC25,Backtest,FairValueGapStrategyFiltered,Long,1,22303.50,22253.50,1/17/2025 3:45:00 PM,1/17/2025 3:45:00 PM,FVG Long,Stop loss,($1000.00),$132990.00,$0.00,$1000.00,$0.00,$1000.00,1,
724,NQ DEC25,Backtest,FairValueGapStrategyFiltered,Long,1,22426.00,22376.00,1/20/2025 4:00:00 PM,1/20/2025 4:15:00 PM,FVG Long,Stop loss,($1000.00),$131990.00,$0.00,$1000.00,$110.00,$1110.00,2,
725,NQ DEC25,Backtest,FairValueGapStrategyFiltered,Long,1,22669.25,22640.50,1/22/2025 4:15:00 PM,1/22/2025 11:00:00 PM,FVG Long,Exit on session close,($575.00),$131415.00,$0.00,$925.00,$1595.00,$2170.00,28,
726,NQ DEC25,Backtest,FairValueGapStrategyFiltered,Long,1,22699.50,22649.50,1/24/2025 3:45:00 PM,1/24/2025 4:30:00 PM,FVG Long,Stop loss,($1000.00),$130415.00,$0.00,$1000.00,$685.00,$1685.00,4,
727,NQ DEC25,Backtest,FairValueGapStrategyFiltered,Long,1,22522.75,22472.75,1/31/2025 4:15:00 PM,1/31/2025 7:30:00 PM,FVG Long,Stop loss,($1000.00),$129415.00,$0.00,$1000.00,$1975.00,$2975.00,14,
728,NQ DEC25,Backtest,FairValueGapStrategyFiltered,Long,1,22216.50,22316.50,2/4/2025 4:15:00 PM,2/4/2025 4:30:00 PM,FVG Long,Profit target,$2000.00,$131415.00,$0.00,$0.00,$2000.00,$0.00,2,
729,NQ DEC25,Backtest,FairValueGapStrategyFiltered,Long,1,22433.00,22383.00,2/11/2025 4:15:00 PM,2/11/2025 6:15:00 PM,FVG Long,Stop loss,($1000.00),$130415.00,$0.00,$1000.00,$1880.00,$2880.00,9,
730,NQ DEC25,Backtest,FairValueGapStrategyFiltered,Short,1,22858.00,22879.75,2/18/2025 4:15:00 PM,2/18/2025 11:00:00 PM,FVG Short,Exit on session close,($435.00),$129980.00,$0.00,$950.00,$1995.00,$2430.00,28,
731,NQ DEC25,Backtest,FairValueGapStrategyFiltered,Short,1,22666.50,22716.50,2/20/2025 4:15:00 PM,2/20/2025 4:30:00 PM,FVG Short,Stop loss,($1000.00),$128980.00,$0.00,$1000.00,$1200.00,$2200.00,2,
732,NQ DEC25,Backtest,FairValueGapStrategyFiltered,Short,1,22775.75,22675.75,2/21/2025 4:00:00 PM,2/21/2025 4:30:00 PM,FVG Short,Profit target,$2000.00,$130980.00,$0.00,$630.00,$2000.00,$0.00,3,
733,NQ DEC25,Backtest,FairValueGapStrategyFiltered,Short,1,22223.00,22123.00,2/24/2025 4:15:00 PM,2/24/2025 4:15:00 PM,FVG Short,Profit target,$2000.00,$132980.00,$0.00,$0.00,$2000.00,$0.00,1,
734,NQ DEC25,Backtest,FairValueGapStrategyFiltered,Short,1,22226.25,22126.25,2/24/2025 4:30:00 PM,2/24/2025 5:00:00 PM,FVG Short,Profit target,$2000.00,$134980.00,$0.00,$290.00,$2000.00,$0.00,3,
735,NQ DEC25,Backtest,FairValueGapStrategyFiltered,Short,1,21915.25,21815.25,2/25/2025 4:15:00 PM,2/25/2025 4:15:00 PM,FVG Short,Profit target,$2000.00,$136980.00,$0.00,$0.00,$2000.00,$0.00,1,
736,NQ DEC25,Backtest,FairValueGapStrategyFiltered,Short,1,21796.00,21696.00,2/25/2025 4:30:00 PM,2/25/2025 4:30:00 PM,FVG Short,Profit target,$2000.00,$138980.00,$0.00,$0.00,$2000.00,$0.00,1,
737,NQ DEC25,Backtest,FairValueGapStrategyFiltered,Short,1,21662.25,21712.25,2/27/2025 4:15:00 PM,2/27/2025 4:15:00 PM,FVG Short,Stop loss,($1000.00),$137980.00,$0.00,$1000.00,$0.00,$1000.00,1,
738,NQ DEC25,Backtest,FairValueGapStrategyFiltered,Short,1,21722.00,21772.00,2/27/2025 4:30:00 PM,2/27/2025 4:30:00 PM,FVG Short,Stop loss,($1000.00),$136980.00,$0.00,$1000.00,$0.00,$1000.00,1,
739,NQ DEC25,Backtest,FairValueGapStrategyFiltered,Short,1,21500.50,21550.50,3/3/2025 4:15:00 PM,3/3/2025 4:15:00 PM,FVG Short,Stop loss,($1000.00),$135980.00,$0.00,$1000.00,$0.00,$1000.00,1,
740,NQ DEC25,Backtest,FairValueGapStrategyFiltered,Short,1,21485.25,21535.25,3/3/2025 4:30:00 PM,3/3/2025 4:30:00 PM,FVG Short,Stop loss,($1000.00),$134980.00,$0.00,$1000.00,$0.00,$1000.00,1,
741,NQ DEC25,Backtest,FairValueGapStrategyFiltered,Short,1,20861.00,20761.00,3/4/2025 4:30:00 PM,3/4/2025 4:30:00 PM,FVG Short,Profit target,$2000.00,$136980.00,$0.00,$0.00,$2000.00,$0.00,1,
742,NQ DEC25,Backtest,FairValueGapStrategyFiltered,Short,1,20210.00,20260.00,3/10/2025 4:15:00 PM,3/10/2025 4:15:00 PM,FVG Short,Stop loss,($1000.00),$135980.00,$0.00,$1000.00,$0.00,$1000.00,1,
743,NQ DEC25,Backtest,FairValueGapStrategyFiltered,Short,1,19977.25,20027.25,3/11/2025 3:45:00 PM,3/11/2025 3:45:00 PM,FVG Short,Stop loss,($1000.00),$134980.00,$0.00,$1000.00,$0.00,$1000.00,1,
744,NQ DEC25,Backtest,FairValueGapStrategyFiltered,Short,1,20129.75,20179.75,3/12/2025 4:15:00 PM,3/12/2025 4:30:00 PM,FVG Short,Stop loss,($1000.00),$133980.00,$0.00,$1000.00,$1580.00,$2580.00,2,
745,NQ DEC25,Backtest,FairValueGapStrategyFiltered,Short,1,20130.75,20180.75,3/14/2025 3:45:00 PM,3/14/2025 3:45:00 PM,FVG Short,Stop loss,($1000.00),$132980.00,$0.00,$1000.00,$0.00,$1000.00,1,
746,NQ DEC25,Backtest,FairValueGapStrategyFiltered,Long,1,20265.75,20365.75,3/14/2025 4:15:00 PM,3/14/2025 8:15:00 PM,FVG Long,Profit target,$2000.00,$134980.00,$0.00,$425.00,$2000.00,$0.00,17,
747,NQ DEC25,Backtest,FairValueGapStrategyFiltered,Short,1,20250.00,20300.00,3/19/2025 4:15:00 PM,3/19/2025 4:15:00 PM,FVG Short,Stop loss,($1000.00),$133980.00,$0.00,$1000.00,$0.00,$1000.00,1,
748,NQ DEC25,Backtest,FairValueGapStrategyFiltered,Long,1,20506.25,20456.25,3/20/2025 3:45:00 PM,3/20/2025 4:45:00 PM,FVG Long,Stop loss,($1000.00),$132980.00,$0.00,$1000.00,$1015.00,$2015.00,5,
749,NQ DEC25,Backtest,FairValueGapStrategyFiltered,Long,1,20928.00,20878.00,3/25/2025 4:15:00 PM,3/25/2025 5:45:00 PM,FVG Long,Stop loss,($1000.00),$131980.00,$0.00,$1000.00,$385.00,$1385.00,7,
750,NQ DEC25,Backtest,FairValueGapStrategyFiltered,Short,1,20090.75,19990.75,3/28/2025 3:45:00 PM,3/28/2025 5:30:00 PM,FVG Short,Profit target,$2000.00,$133980.00,$0.00,$440.00,$2000.00,$0.00,8,
751,NQ DEC25,Backtest,FairValueGapStrategyFiltered,Short,1,19456.75,19506.75,3/31/2025 4:00:00 PM,3/31/2025 4:00:00 PM,FVG Short,Stop loss,($1000.00),$132980.00,$0.00,$1000.00,$0.00,$1000.00,1,
752,NQ DEC25,Backtest,FairValueGapStrategyFiltered,Short,1,19542.00,19592.00,3/31/2025 4:15:00 PM,3/31/2025 4:15:00 PM,FVG Short,Stop loss,($1000.00),$131980.00,$0.00,$1000.00,$0.00,$1000.00,1,
753,NQ DEC25,Backtest,FairValueGapStrategyFiltered,Short,1,19780.00,19830.00,4/2/2025 3:45:00 PM,4/2/2025 3:45:00 PM,FVG Short,Stop loss,($1000.00),$130980.00,$0.00,$1000.00,$0.00,$1000.00,1,
754,NQ DEC25,Backtest,FairValueGapStrategyFiltered,Long,1,19983.25,20083.25,4/2/2025 4:15:00 PM,4/2/2025 5:00:00 PM,FVG Long,Profit target,$2000.00,$132980.00,$0.00,$800.00,$2000.00,$0.00,4,
755,NQ DEC25,Backtest,FairValueGapStrategyFiltered,Short,1,17207.50,17257.50,4/7/2025 4:00:00 PM,4/7/2025 4:00:00 PM,FVG Short,Stop loss,($1000.00),$131980.00,$0.00,$1000.00,$0.00,$1000.00,1,
756,NQ DEC25,Backtest,FairValueGapStrategyFiltered,Long,1,18407.00,18507.00,4/7/2025 4:30:00 PM,4/7/2025 4:30:00 PM,FVG Long,Profit target,$2000.00,$133980.00,$0.00,$0.00,$2000.00,$0.00,1,
757,NQ DEC25,Backtest,FairValueGapStrategyFiltered,Long,1,18602.50,18552.50,4/8/2025 3:45:00 PM,4/8/2025 3:45:00 PM,FVG Long,Stop loss,($1000.00),$132980.00,$0.00,$1000.00,$0.00,$1000.00,1,
758,NQ DEC25,Backtest,FairValueGapStrategyFiltered,Long,1,18744.75,18694.75,4/8/2025 4:30:00 PM,4/8/2025 4:45:00 PM,FVG Long,Stop loss,($1000.00),$131980.00,$0.00,$1000.00,$1290.00,$2290.00,2,
759,NQ DEC25,Backtest,FairValueGapStrategyFiltered,Short,1,18865.50,18915.50,4/11/2025 3:45:00 PM,4/11/2025 3:45:00 PM,FVG Short,Stop loss,($1000.00),$130980.00,$0.00,$1000.00,$0.00,$1000.00,1,
760,NQ DEC25,Backtest,FairValueGapStrategyFiltered,Long,1,19014.00,18964.00,4/11/2025 4:15:00 PM,4/11/2025 4:15:00 PM,FVG Long,Stop loss,($1000.00),$129980.00,$0.00,$1000.00,$0.00,$1000.00,1,
761,NQ DEC25,Backtest,FairValueGapStrategyFiltered,Long,1,19439.25,19539.25,4/15/2025 3:45:00 PM,4/15/2025 4:00:00 PM,FVG Long,Profit target,$2000.00,$131980.00,$0.00,$375.00,$2000.00,$0.00,2,
762,NQ DEC25,Backtest,FairValueGapStrategyFiltered,Long,1,19520.25,19470.25,4/15/2025 4:15:00 PM,4/15/2025 4:30:00 PM,FVG Long,Stop loss,($1000.00),$130980.00,$0.00,$1000.00,$1530.00,$2530.00,2,
763,NQ DEC25,Backtest,FairValueGapStrategyFiltered,Short,1,18416.50,18316.50,4/21/2025 4:30:00 PM,4/21/2025 5:30:00 PM,FVG Short,Profit target,$2000.00,$132980.00,$0.00,$475.00,$2000.00,$0.00,5,
764,NQ DEC25,Backtest,FairValueGapStrategyFiltered,Long,1,18705.50,18805.50,4/22/2025 4:15:00 PM,4/22/2025 5:00:00 PM,FVG Long,Profit target,$2000.00,$134980.00,$0.00,$255.00,$2000.00,$0.00,4,
765,NQ DEC25,Backtest,FairValueGapStrategyFiltered,Long,1,19526.25,19476.25,4/23/2025 4:15:00 PM,4/23/2025 4:15:00 PM,FVG Long,Stop loss,($1000.00),$133980.00,$0.00,$1000.00,$0.00,$1000.00,1,
766,NQ DEC25,Backtest,FairValueGapStrategyFiltered,Long,1,19504.50,19604.50,4/24/2025 4:15:00 PM,4/24/2025 4:45:00 PM,FVG Long,Profit target,$2000.00,$135980.00,$0.00,$155.00,$2000.00,$0.00,3,
767,NQ DEC25,Backtest,FairValueGapStrategyFiltered,Short,1,19879.00,19929.00,4/29/2025 3:45:00 PM,4/29/2025 3:45:00 PM,FVG Short,Stop loss,($1000.00),$134980.00,$0.00,$1000.00,$0.00,$1000.00,1,
768,NQ DEC25,Backtest,FairValueGapStrategyFiltered,Long,1,19958.00,20058.00,4/29/2025 4:15:00 PM,4/29/2025 5:00:00 PM,FVG Long,Profit target,$2000.00,$136980.00,$0.00,$795.00,$2000.00,$0.00,4,
769,NQ DEC25,Backtest,FairValueGapStrategyFiltered,Short,1,19572.50,19622.50,4/30/2025 4:15:00 PM,4/30/2025 4:15:00 PM,FVG Short,Stop loss,($1000.00),$135980.00,$0.00,$1000.00,$0.00,$1000.00,1,
770,NQ DEC25,Backtest,FairValueGapStrategyFiltered,Short,1,20351.00,20401.00,5/7/2025 3:45:00 PM,5/7/2025 4:15:00 PM,FVG Short,Stop loss,($1000.00),$134980.00,$0.00,$1000.00,$830.00,$1830.00,3,
771,NQ DEC25,Backtest,FairValueGapStrategyFiltered,Long,1,21577.00,21677.00,5/13/2025 4:15:00 PM,5/13/2025 4:30:00 PM,FVG Long,Profit target,$2000.00,$136980.00,$0.00,$195.00,$2000.00,$0.00,2,
772,NQ DEC25,Backtest,FairValueGapStrategyFiltered,Long,1,21808.25,21908.25,5/19/2025 4:15:00 PM,5/19/2025 4:30:00 PM,FVG Long,Profit target,$2000.00,$138980.00,$0.00,$170.00,$2000.00,$0.00,2,
773,NQ DEC25,Backtest,FairValueGapStrategyFiltered,Short,1,21730.75,21780.75,5/21/2025 3:45:00 PM,5/21/2025 3:45:00 PM,FVG Short,Stop loss,($1000.00),$137980.00,$0.00,$1000.00,$0.00,$1000.00,1,
774,NQ DEC25,Backtest,FairValueGapStrategyFiltered,Long,1,21802.75,21902.75,5/27/2025 4:30:00 PM,5/27/2025 6:45:00 PM,FVG Long,Profit target,$2000.00,$139980.00,$0.00,$80.00,$2000.00,$0.00,10,
775,NQ DEC25,Backtest,FairValueGapStrategyFiltered,Short,1,21969.50,21869.50,5/29/2025 4:15:00 PM,5/29/2025 4:15:00 PM,FVG Short,Profit target,$2000.00,$141980.00,$0.00,$0.00,$2000.00,$0.00,1,
776,NQ DEC25,Backtest,FairValueGapStrategyFiltered,Long,1,22389.50,22400.25,6/16/2025 4:15:00 PM,6/16/2025 11:00:00 PM,FVG Long,Exit on session close,$215.00,$142195.00,$0.00,$300.00,$1400.00,$1185.00,28,
777,NQ DEC25,Backtest,FairValueGapStrategyFiltered,Short,1,21923.00,21973.00,6/19/2025 4:15:00 PM,6/19/2025 5:15:00 PM,FVG Short,Stop loss,($1000.00),$141195.00,$0.00,$1000.00,$280.00,$1280.00,5,
778,NQ DEC25,Backtest,FairValueGapStrategyFiltered,Long,1,22218.75,22168.75,6/23/2025 4:30:00 PM,6/23/2025 5:45:00 PM,FVG Long,Stop loss,($1000.00),$140195.00,$0.00,$1000.00,$735.00,$1735.00,6,
779,NQ DEC25,Backtest,FairValueGapStrategyFiltered,Long,1,23002.00,22952.00,6/27/2025 4:15:00 PM,6/27/2025 8:00:00 PM,FVG Long,Stop loss,($1000.00),$139195.00,$0.00,$1000.00,$1220.00,$2220.00,16,
780,NQ DEC25,Backtest,FairValueGapStrategyFiltered,Long,1,23169.50,23269.50,7/3/2025 3:45:00 PM,7/3/2025 4:15:00 PM,FVG Long,Profit target,$2000.00,$141195.00,$0.00,$35.00,$2000.00,$0.00,3,
781,NQ DEC25,Backtest,FairValueGapStrategyFiltered,Long,1,23289.00,23296.50,7/3/2025 4:30:00 PM,7/3/2025 7:15:00 PM,FVG Long,Exit on session close,$150.00,$141345.00,$0.00,$480.00,$1020.00,$870.00,12,
782,NQ DEC25,Backtest,FairValueGapStrategyFiltered,Short,1,23119.50,23169.50,7/8/2025 4:15:00 PM,7/8/2025 4:45:00 PM,FVG Short,Stop loss,($1000.00),$140345.00,$0.00,$1000.00,$660.00,$1660.00,3,
783,NQ DEC25,Backtest,FairValueGapStrategyFiltered,Long,1,23292.25,23242.25,7/9/2025 4:00:00 PM,7/9/2025 4:45:00 PM,FVG Long,Stop loss,($1000.00),$139345.00,$0.00,$1000.00,$1145.00,$2145.00,4,
784,NQ DEC25,Backtest,FairValueGapStrategyFiltered,Short,1,23179.50,23229.50,7/10/2025 4:30:00 PM,7/10/2025 5:30:00 PM,FVG Short,Stop loss,($1000.00),$138345.00,$0.00,$1000.00,$675.00,$1675.00,5,
785,NQ DEC25,Backtest,FairValueGapStrategyFiltered,Short,1,23206.00,23256.00,7/16/2025 4:15:00 PM,7/16/2025 4:45:00 PM,FVG Short,Stop loss,($1000.00),$137345.00,$0.00,$1000.00,$395.00,$1395.00,3,
786,NQ DEC25,Backtest,FairValueGapStrategyFiltered,Long,1,23390.50,23490.50,7/17/2025 4:30:00 PM,7/17/2025 6:00:00 PM,FVG Long,Profit target,$2000.00,$139345.00,$0.00,$760.00,$2000.00,$0.00,7,
787,NQ DEC25,Backtest,FairValueGapStrategyFiltered,Long,1,23576.25,23584.50,7/21/2025 4:00:00 PM,7/21/2025 11:00:00 PM,FVG Long,Exit on session close,$165.00,$139510.00,$0.00,$205.00,$1720.00,$1555.00,29,
788,NQ DEC25,Backtest,FairValueGapStrategyFiltered,Short,1,23379.50,23429.50,7/22/2025 4:15:00 PM,7/22/2025 4:30:00 PM,FVG Short,Stop loss,($1000.00),$138510.00,$0.00,$1000.00,$680.00,$1680.00,2,
789,NQ DEC25,Backtest,FairValueGapStrategyFiltered,Short,1,23403.00,23453.00,7/23/2025 4:15:00 PM,7/23/2025 5:15:00 PM,FVG Short,Stop loss,($1000.00),$137510.00,$0.00,$1000.00,$375.00,$1375.00,5,
790,NQ DEC25,Backtest,FairValueGapStrategyFiltered,Long,1,23642.50,23685.25,7/25/2025 4:30:00 PM,7/25/2025 11:00:00 PM,FVG Long,Exit on session close,$855.00,$138365.00,$0.00,$300.00,$1420.00,$565.00,27,
791,NQ DEC25,Backtest,FairValueGapStrategyFiltered,Long,1,23758.50,23708.50,7/28/2025 4:15:00 PM,7/28/2025 5:30:00 PM,FVG Long,Stop loss,($1000.00),$137365.00,$0.00,$1000.00,$160.00,$1160.00,6,
792,NQ DEC25,Backtest,FairValueGapStrategyFiltered,Long,1,23859.00,23809.00,7/29/2025 4:00:00 PM,7/29/2025 4:00:00 PM,FVG Long,Stop loss,($1000.00),$136365.00,$0.00,$1000.00,$0.00,$1000.00,1,
793,NQ DEC25,Backtest,FairValueGapStrategyFiltered,Short,1,23117.50,23167.50,8/1/2025 4:15:00 PM,8/1/2025 4:30:00 PM,FVG Short,Stop loss,($1000.00),$135365.00,$0.00,$1000.00,$1600.00,$2600.00,2,
794,NQ DEC25,Backtest,FairValueGapStrategyFiltered,Long,1,23427.00,23527.00,8/4/2025 4:00:00 PM,8/4/2025 9:30:00 PM,FVG Long,Profit target,$2000.00,$137365.00,$0.00,$35.00,$2000.00,$0.00,23,
795,NQ DEC25,Backtest,FairValueGapStrategyFiltered,Long,1,23881.25,23981.25,8/8/2025 4:15:00 PM,8/8/2025 10:15:00 PM,FVG Long,Profit target,$2000.00,$139365.00,$0.00,$635.00,$2000.00,$0.00,25,
796,NQ DEC25,Backtest,FairValueGapStrategyFiltered,Long,1,24173.25,24123.25,8/14/2025 4:15:00 PM,8/14/2025 5:30:00 PM,FVG Long,Stop loss,($1000.00),$138365.00,$0.00,$1000.00,$1440.00,$2440.00,6,
797,NQ DEC25,Backtest,FairValueGapStrategyFiltered,Short,1,24038.50,24088.50,8/15/2025 4:15:00 PM,8/15/2025 4:15:00 PM,FVG Short,Stop loss,($1000.00),$137365.00,$0.00,$1000.00,$0.00,$1000.00,1,
798,NQ DEC25,Backtest,FairValueGapStrategyFiltered,Short,1,23915.75,23965.75,8/19/2025 4:15:00 PM,8/19/2025 4:15:00 PM,FVG Short,Stop loss,($1000.00),$136365.00,$0.00,$1000.00,$0.00,$1000.00,1,
799,NQ DEC25,Backtest,FairValueGapStrategyFiltered,Short,1,23411.50,23311.50,8/20/2025 4:15:00 PM,8/20/2025 4:30:00 PM,FVG Short,Profit target,$2000.00,$138365.00,$0.00,$820.00,$2000.00,$0.00,2,
800,NQ DEC25,Backtest,FairValueGapStrategyFiltered,Short,1,23757.25,23657.25,8/29/2025 4:15:00 PM,8/29/2025 5:00:00 PM,FVG Short,Profit target,$2000.00,$140365.00,$0.00,$630.00,$2000.00,$0.00,4,
801,NQ DEC25,Backtest,FairValueGapStrategyFiltered,Long,1,24083.75,24033.75,9/8/2025 4:15:00 PM,9/8/2025 6:45:00 PM,FVG Long,Stop loss,($1000.00),$139365.00,$0.00,$1000.00,$835.00,$1835.00,11,
802,NQ DEC25,Backtest,FairValueGapStrategyFiltered,Long,1,24502.50,24538.00,9/15/2025 4:15:00 PM,9/15/2025 11:00:00 PM,FVG Long,Exit on session close,$710.00,$140075.00,$0.00,$600.00,$1085.00,$375.00,28,
803,NQ DEC25,Backtest,FairValueGapStrategyFiltered,Long,1,24768.25,24718.25,9/19/2025 3:45:00 PM,9/19/2025 5:45:00 PM,FVG Long,Stop loss,($1000.00),$139075.00,$0.00,$1000.00,$985.00,$1985.00,9,
804,NQ DEC25,Backtest,FairValueGapStrategyFiltered,Long,1,24847.50,24947.50,9/22/2025 4:00:00 PM,9/22/2025 6:15:00 PM,FVG Long,Profit target,$2000.00,$141075.00,$0.00,$130.00,$2000.00,$0.00,10,
805,NQ DEC25,Backtest,FairValueGapStrategyFiltered,Short,1,24821.00,24721.00,9/24/2025 4:15:00 PM,9/24/2025 6:00:00 PM,FVG Short,Profit target,$2000.00,$143075.00,$0.00,$400.00,$2000.00,$0.00,8,
806,NQ DEC25,Backtest,FairValueGapStrategyFiltered,Short,1,24452.50,24502.50,9/25/2025 4:15:00 PM,9/25/2025 4:15:00 PM,FVG Short,Stop loss,($1000.00),$142075.00,$0.00,$1000.00,$0.00,$1000.00,1,
807,NQ DEC25,Backtest,FairValueGapStrategyFiltered,Long,1,24942.00,24892.00,9/29/2025 4:15:00 PM,9/29/2025 5:15:00 PM,FVG Long,Stop loss,($1000.00),$141075.00,$0.00,$1000.00,$670.00,$1670.00,5,
808,NQ DEC25,Backtest,FairValueGapStrategyFiltered,Short,1,24785.50,24835.50,9/30/2025 4:15:00 PM,9/30/2025 5:00:00 PM,FVG Short,Stop loss,($1000.00),$140075.00,$0.00,$1000.00,$770.00,$1770.00,4,
809,NQ DEC25,Backtest,FairValueGapStrategyFiltered,Long,1,25174.25,25274.25,10/8/2025 4:15:00 PM,10/8/2025 6:30:00 PM,FVG Long,Profit target,$2000.00,$142075.00,$0.00,$30.00,$2000.00,$0.00,10,
810,NQ DEC25,Backtest,FairValueGapStrategyFiltered,Long,1,25355.50,25305.50,10/10/2025 4:15:00 PM,10/10/2025 4:30:00 PM,FVG Long,Stop loss,($1000.00),$141075.00,$0.00,$1000.00,$305.00,$1305.00,2,
811,NQ DEC25,Backtest,FairValueGapStrategyFiltered,Short,1,24575.00,24625.00,10/14/2025 4:15:00 PM,10/14/2025 4:15:00 PM,FVG Short,Stop loss,($1000.00),$140075.00,$0.00,$1000.00,$0.00,$1000.00,1,
812,NQ DEC25,Backtest,FairValueGapStrategyFiltered,Long,1,25078.50,25028.50,10/15/2025 4:30:00 PM,10/15/2025 5:45:00 PM,FVG Long,Stop loss,($1000.00),$139075.00,$0.00,$1000.00,$730.00,$1730.00,6,
813,NQ DEC25,Backtest,FairValueGapStrategyFiltered,Long,1,25222.50,25322.50,10/20/2025 4:15:00 PM,10/20/2025 5:30:00 PM,FVG Long,Profit target,$2000.00,$141075.00,$0.00,$215.00,$2000.00,$0.00,6,
814,NQ DEC25,Backtest,FairValueGapStrategyFiltered,Long,1,26235.75,26185.75,11/3/2025 3:45:00 PM,11/3/2025 3:45:00 PM,FVG Long,Stop loss,($1000.00),$140075.00,$0.00,$1000.00,$0.00,$1000.00,1,
815,NQ DEC25,Backtest,FairValueGapStrategyFiltered,Short,1,25607.50,25657.50,11/6/2025 4:00:00 PM,11/6/2025 4:00:00 PM,FVG Short,Stop loss,($1000.00),$139075.00,$0.00,$1000.00,$0.00,$1000.00,1,
816,NQ DEC25,Backtest,FairValueGapStrategyFiltered,Short,1,25423.00,25473.00,11/6/2025 4:30:00 PM,11/6/2025 4:30:00 PM,FVG Short,Stop loss,($1000.00),$138075.00,$0.00,$1000.00,$0.00,$1000.00,1,
817,NQ DEC25,Backtest,FairValueGapStrategyFiltered,Short,1,25018.00,24918.00,11/7/2025 4:15:00 PM,11/7/2025 4:15:00 PM,FVG Short,Profit target,$2000.00,$140075.00,$0.00,$0.00,$2000.00,$0.00,1,
818,NQ DEC25,Backtest,FairValueGapStrategyFiltered,Long,1,25637.25,25587.25,11/10/2025 4:15:00 PM,11/10/2025 5:00:00 PM,FVG Long,Stop loss,($1000.00),$139075.00,$0.00,$1000.00,$585.00,$1585.00,4,
819,NQ DEC25,Backtest,FairValueGapStrategyFiltered,Short,1,25644.75,25544.75,11/12/2025 4:00:00 PM,11/12/2025 4:45:00 PM,FVG Short,Profit target,$2000.00,$141075.00,$0.00,$305.00,$2000.00,$0.00,4,
820,NQ DEC25,Backtest,FairValueGapStrategyFiltered,Short,1,25382.00,25432.00,11/13/2025 4:15:00 PM,11/13/2025 4:15:00 PM,FVG Short,Stop loss,($1000.00),$140075.00,$0.00,$1000.00,$0.00,$1000.00,1,
821,NQ DEC25,Backtest,FairValueGapStrategyFiltered,Long,1,25199.25,25149.25,11/17/2025 4:15:00 PM,11/17/2025 4:15:00 PM,FVG Long,Stop loss,($1000.00),$139075.00,$0.00,$1000.00,$0.00,$1000.00,1,
822,NQ DEC25,Backtest,FairValueGapStrategyFiltered,Short,1,24528.50,24578.50,11/18/2025 4:30:00 PM,11/18/2025 4:30:00 PM,FVG Short,Stop loss,($1000.00),$138075.00,$0.00,$1000.00,$0.00,$1000.00,1,
823,NQ DEC25,Backtest,FairValueGapStrategyFiltered,Short,1,24611.50,24661.50,11/19/2025 3:45:00 PM,11/19/2025 3:45:00 PM,FVG Short,Stop loss,($1000.00),$137075.00,$0.00,$1000.00,$0.00,$1000.00,1,
824,NQ DEC25,Backtest,FairValueGapStrategyFiltered,Long,1,24894.00,24844.00,11/19/2025 4:15:00 PM,11/19/2025 5:00:00 PM,FVG Long,Stop loss,($1000.00),$136075.00,$0.00,$1000.00,$1880.00,$2880.00,4,
