Period;#;Cum. net profit;Net profit;Gross profit;Gross loss;Commission;Cum. max. drawdown;Max. drawdown;% Win;Avg. trade;Avg. winner;Avg. loser;Lrg. winner;Lrg. loser;MTR;Avg. MAE;Avg. MFE;Avg. ETD;% Trade;
04/01/2019;1;79,32 $;79,32 $;79,32 $;0,00 $;5,68 $;0,00 $;0,00 $;100,00%;79,32 $;79,32 $;0,00 $;79,32 $;0,00 $;30,00;75,00 $;135,00 $;55,68 $;0,11%;
07/01/2019;1;163,64 $;84,32 $;84,32 $;0,00 $;5,68 $;0,00 $;0,00 $;100,00%;84,32 $;84,32 $;0,00 $;84,32 $;0,00 $;30,00;145,00 $;225,00 $;140,68 $;0,11%;
08/01/2019;1;-162,04 $;-325,68 $;0,00 $;-325,68 $;5,68 $;-325,68 $;-325,68 $;0,00%;-325,68 $;0,00 $;-325,68 $;0,00 $;-325,68 $;30,00;445,00 $;15,00 $;340,68 $;0,11%;
16/01/2019;1;-87,72 $;74,32 $;74,32 $;0,00 $;5,68 $;-251,36 $;0,00 $;100,00%;74,32 $;74,32 $;0,00 $;74,32 $;0,00 $;30,00;60,00 $;80,00 $;5,68 $;0,11%;
22/01/2019;1;91,60 $;179,32 $;179,32 $;0,00 $;5,68 $;-72,04 $;0,00 $;100,00%;179,32 $;179,32 $;0,00 $;179,32 $;0,00 $;30,00;50,00 $;195,00 $;15,68 $;0,11%;
24/01/2019;1;100,92 $;9,32 $;9,32 $;0,00 $;5,68 $;-62,72 $;0,00 $;100,00%;9,32 $;9,32 $;0,00 $;9,32 $;0,00 $;30,00;95,00 $;75,00 $;65,68 $;0,11%;
25/01/2019;1;225,24 $;124,32 $;124,32 $;0,00 $;5,68 $;0,00 $;0,00 $;100,00%;124,32 $;124,32 $;0,00 $;124,32 $;0,00 $;30,00;30,00 $;170,00 $;45,68 $;0,11%;
31/01/2019;1;114,56 $;-110,68 $;0,00 $;-110,68 $;5,68 $;-110,68 $;-110,68 $;0,00%;-110,68 $;0,00 $;-110,68 $;0,00 $;-110,68 $;15,00;120,00 $;0,00 $;110,68 $;0,11%;
01/02/2019;1;128,88 $;14,32 $;14,32 $;0,00 $;5,68 $;-96,36 $;0,00 $;100,00%;14,32 $;14,32 $;0,00 $;14,32 $;0,00 $;15,00;45,00 $;50,00 $;35,68 $;0,11%;
04/02/2019;1;113,20 $;-15,68 $;0,00 $;-15,68 $;5,68 $;-112,04 $;-15,68 $;0,00%;-15,68 $;0,00 $;-15,68 $;0,00 $;-15,68 $;30,00;60,00 $;70,00 $;85,68 $;0,11%;
05/02/2019;1;102,52 $;-10,68 $;0,00 $;-10,68 $;5,68 $;-122,72 $;-10,68 $;0,00%;-10,68 $;0,00 $;-10,68 $;0,00 $;-10,68 $;30,00;90,00 $;45,00 $;55,68 $;0,11%;
07/02/2019;1;76,84 $;-25,68 $;0,00 $;-25,68 $;5,68 $;-148,40 $;-25,68 $;0,00%;-25,68 $;0,00 $;-25,68 $;0,00 $;-25,68 $;30,00;150,00 $;65,00 $;90,68 $;0,11%;
12/02/2019;1;41,16 $;-35,68 $;0,00 $;-35,68 $;5,68 $;-184,08 $;-35,68 $;0,00%;-35,68 $;0,00 $;-35,68 $;0,00 $;-35,68 $;30,00;50,00 $;65,00 $;100,68 $;0,11%;
13/02/2019;1;-54,52 $;-95,68 $;0,00 $;-95,68 $;5,68 $;-279,76 $;-95,68 $;0,00%;-95,68 $;0,00 $;-95,68 $;0,00 $;-95,68 $;15,00;115,00 $;45,00 $;140,68 $;0,11%;
14/02/2019;1;-10,20 $;44,32 $;44,32 $;0,00 $;5,68 $;-235,44 $;0,00 $;100,00%;44,32 $;44,32 $;0,00 $;44,32 $;0,00 $;30,00;40,00 $;75,00 $;30,68 $;0,11%;
15/02/2019;1;184,12 $;194,32 $;194,32 $;0,00 $;5,68 $;-41,12 $;0,00 $;100,00%;194,32 $;194,32 $;0,00 $;194,32 $;0,00 $;30,00;45,00 $;210,00 $;15,68 $;0,11%;
19/02/2019;1;193,44 $;9,32 $;9,32 $;0,00 $;5,68 $;-31,80 $;0,00 $;100,00%;9,32 $;9,32 $;0,00 $;9,32 $;0,00 $;30,00;85,00 $;55,00 $;45,68 $;0,11%;
21/02/2019;1;317,76 $;124,32 $;124,32 $;0,00 $;5,68 $;0,00 $;0,00 $;100,00%;124,32 $;124,32 $;0,00 $;124,32 $;0,00 $;30,00;10,00 $;165,00 $;40,68 $;0,11%;
22/02/2019;1;172,08 $;-145,68 $;0,00 $;-145,68 $;5,68 $;-145,68 $;-145,68 $;0,00%;-145,68 $;0,00 $;-145,68 $;0,00 $;-145,68 $;30,00;175,00 $;10,00 $;155,68 $;0,11%;
25/02/2019;1;186,40 $;14,32 $;14,32 $;0,00 $;5,68 $;-131,36 $;0,00 $;100,00%;14,32 $;14,32 $;0,00 $;14,32 $;0,00 $;30,00;50,00 $;65,00 $;50,68 $;0,11%;
06/03/2019;1;160,72 $;-25,68 $;0,00 $;-25,68 $;5,68 $;-157,04 $;-25,68 $;0,00%;-25,68 $;0,00 $;-25,68 $;0,00 $;-25,68 $;30,00;20,00 $;45,00 $;70,68 $;0,11%;
11/03/2019;1;150,04 $;-10,68 $;0,00 $;-10,68 $;5,68 $;-167,72 $;-10,68 $;0,00%;-10,68 $;0,00 $;-10,68 $;0,00 $;-10,68 $;30,00;105,00 $;95,00 $;105,68 $;0,11%;
12/03/2019;1;119,36 $;-30,68 $;0,00 $;-30,68 $;5,68 $;-198,40 $;-30,68 $;0,00%;-30,68 $;0,00 $;-30,68 $;0,00 $;-30,68 $;30,00;70,00 $;50,00 $;80,68 $;0,11%;
14/03/2019;1;-31,32 $;-150,68 $;0,00 $;-150,68 $;5,68 $;-349,08 $;-150,68 $;0,00%;-150,68 $;0,00 $;-150,68 $;0,00 $;-150,68 $;15,00;280,00 $;0,00 $;150,68 $;0,11%;
15/03/2019;1;-197,00 $;-165,68 $;0,00 $;-165,68 $;5,68 $;-514,76 $;-165,68 $;0,00%;-165,68 $;0,00 $;-165,68 $;0,00 $;-165,68 $;30,00;205,00 $;10,00 $;175,68 $;0,11%;
19/03/2019;1;-342,68 $;-145,68 $;0,00 $;-145,68 $;5,68 $;-660,44 $;-145,68 $;0,00%;-145,68 $;0,00 $;-145,68 $;0,00 $;-145,68 $;15,00;170,00 $;20,00 $;165,68 $;0,11%;
25/03/2019;1;-278,36 $;64,32 $;64,32 $;0,00 $;5,68 $;-596,12 $;0,00 $;100,00%;64,32 $;64,32 $;0,00 $;64,32 $;0,00 $;30,00;110,00 $;80,00 $;15,68 $;0,11%;
26/03/2019;1;-279,04 $;-0,68 $;0,00 $;-0,68 $;5,68 $;-596,80 $;-0,68 $;0,00%;-0,68 $;0,00 $;-0,68 $;0,00 $;-0,68 $;30,00;30,00 $;100,00 $;100,68 $;0,11%;
27/03/2019;1;-474,72 $;-195,68 $;0,00 $;-195,68 $;5,68 $;-792,48 $;-195,68 $;0,00%;-195,68 $;0,00 $;-195,68 $;0,00 $;-195,68 $;30,00;220,00 $;25,00 $;220,68 $;0,11%;
29/03/2019;1;-255,40 $;219,32 $;219,32 $;0,00 $;5,68 $;-573,16 $;0,00 $;100,00%;219,32 $;219,32 $;0,00 $;219,32 $;0,00 $;30,00;30,00 $;250,00 $;30,68 $;0,11%;
01/04/2019;1;-281,08 $;-25,68 $;0,00 $;-25,68 $;5,68 $;-598,84 $;-25,68 $;0,00%;-25,68 $;0,00 $;-25,68 $;0,00 $;-25,68 $;30,00;35,00 $;75,00 $;100,68 $;0,11%;
02/04/2019;1;-291,76 $;-10,68 $;0,00 $;-10,68 $;5,68 $;-609,52 $;-10,68 $;0,00%;-10,68 $;0,00 $;-10,68 $;0,00 $;-10,68 $;30,00;45,00 $;45,00 $;55,68 $;0,11%;
04/04/2019;1;-347,44 $;-55,68 $;0,00 $;-55,68 $;5,68 $;-665,20 $;-55,68 $;0,00%;-55,68 $;0,00 $;-55,68 $;0,00 $;-55,68 $;15,00;110,00 $;10,00 $;65,68 $;0,11%;
08/04/2019;1;-358,12 $;-10,68 $;0,00 $;-10,68 $;5,68 $;-675,88 $;-10,68 $;0,00%;-10,68 $;0,00 $;-10,68 $;0,00 $;-10,68 $;30,00;15,00 $;75,00 $;85,68 $;0,11%;
10/04/2019;1;-423,80 $;-65,68 $;0,00 $;-65,68 $;5,68 $;-741,56 $;-65,68 $;0,00%;-65,68 $;0,00 $;-65,68 $;0,00 $;-65,68 $;30,00;135,00 $;40,00 $;105,68 $;0,11%;
11/04/2019;1;-484,48 $;-60,68 $;0,00 $;-60,68 $;5,68 $;-802,24 $;-60,68 $;0,00%;-60,68 $;0,00 $;-60,68 $;0,00 $;-60,68 $;30,00;55,00 $;40,00 $;100,68 $;0,11%;
17/04/2019;1;-445,16 $;39,32 $;39,32 $;0,00 $;5,68 $;-762,92 $;0,00 $;100,00%;39,32 $;39,32 $;0,00 $;39,32 $;0,00 $;30,00;15,00 $;50,00 $;10,68 $;0,11%;
18/04/2019;1;-385,84 $;59,32 $;59,32 $;0,00 $;5,68 $;-703,60 $;0,00 $;100,00%;59,32 $;59,32 $;0,00 $;59,32 $;0,00 $;30,00;50,00 $;105,00 $;45,68 $;0,11%;
23/04/2019;1;-386,52 $;-0,68 $;0,00 $;-0,68 $;5,68 $;-704,28 $;-0,68 $;0,00%;-0,68 $;0,00 $;-0,68 $;0,00 $;-0,68 $;15,00;35,00 $;55,00 $;55,68 $;0,11%;
25/04/2019;1;-362,20 $;24,32 $;24,32 $;0,00 $;5,68 $;-679,96 $;0,00 $;100,00%;24,32 $;24,32 $;0,00 $;24,32 $;0,00 $;15,00;10,00 $;50,00 $;25,68 $;0,11%;
26/04/2019;1;-317,88 $;44,32 $;44,32 $;0,00 $;5,68 $;-635,64 $;0,00 $;100,00%;44,32 $;44,32 $;0,00 $;44,32 $;0,00 $;30,00;45,00 $;95,00 $;50,68 $;0,11%;
29/04/2019;1;-368,56 $;-50,68 $;0,00 $;-50,68 $;5,68 $;-686,32 $;-50,68 $;0,00%;-50,68 $;0,00 $;-50,68 $;0,00 $;-50,68 $;15,00;65,00 $;25,00 $;75,68 $;0,11%;
30/04/2019;1;-359,24 $;9,32 $;9,32 $;0,00 $;5,68 $;-677,00 $;0,00 $;100,00%;9,32 $;9,32 $;0,00 $;9,32 $;0,00 $;15,00;35,00 $;15,00 $;5,68 $;0,11%;
01/05/2019;1;-389,92 $;-30,68 $;0,00 $;-30,68 $;5,68 $;-707,68 $;-30,68 $;0,00%;-30,68 $;0,00 $;-30,68 $;0,00 $;-30,68 $;15,00;40,00 $;25,00 $;55,68 $;0,11%;
08/05/2019;1;-295,60 $;94,32 $;94,32 $;0,00 $;5,68 $;-613,36 $;0,00 $;100,00%;94,32 $;94,32 $;0,00 $;94,32 $;0,00 $;30,00;55,00 $;180,00 $;85,68 $;0,11%;
09/05/2019;1;-86,28 $;209,32 $;209,32 $;0,00 $;5,68 $;-404,04 $;0,00 $;100,00%;209,32 $;209,32 $;0,00 $;209,32 $;0,00 $;30,00;0,00 $;265,00 $;55,68 $;0,11%;
10/05/2019;1;298,04 $;384,32 $;384,32 $;0,00 $;5,68 $;-19,72 $;0,00 $;100,00%;384,32 $;384,32 $;0,00 $;384,32 $;0,00 $;15,00;275,00 $;540,00 $;155,68 $;0,11%;
13/05/2019;1;382,36 $;84,32 $;84,32 $;0,00 $;5,68 $;0,00 $;0,00 $;100,00%;84,32 $;84,32 $;0,00 $;84,32 $;0,00 $;30,00;165,00 $;175,00 $;90,68 $;0,11%;
14/05/2019;1;486,68 $;104,32 $;104,32 $;0,00 $;5,68 $;0,00 $;0,00 $;100,00%;104,32 $;104,32 $;0,00 $;104,32 $;0,00 $;30,00;170,00 $;185,00 $;80,68 $;0,11%;
15/05/2019;1;631,00 $;144,32 $;144,32 $;0,00 $;5,68 $;0,00 $;0,00 $;100,00%;144,32 $;144,32 $;0,00 $;144,32 $;0,00 $;30,00;100,00 $;185,00 $;40,68 $;0,11%;
16/05/2019;1;730,32 $;99,32 $;99,32 $;0,00 $;5,68 $;0,00 $;0,00 $;100,00%;99,32 $;99,32 $;0,00 $;99,32 $;0,00 $;30,00;80,00 $;195,00 $;95,68 $;0,11%;
20/05/2019;1;699,64 $;-30,68 $;0,00 $;-30,68 $;5,68 $;-30,68 $;-30,68 $;0,00%;-30,68 $;0,00 $;-30,68 $;0,00 $;-30,68 $;30,00;140,00 $;265,00 $;295,68 $;0,11%;
21/05/2019;1;608,96 $;-90,68 $;0,00 $;-90,68 $;5,68 $;-121,36 $;-90,68 $;0,00%;-90,68 $;0,00 $;-90,68 $;0,00 $;-90,68 $;30,00;185,00 $;65,00 $;155,68 $;0,11%;
23/05/2019;1;638,28 $;29,32 $;29,32 $;0,00 $;5,68 $;-92,04 $;0,00 $;100,00%;29,32 $;29,32 $;0,00 $;29,32 $;0,00 $;30,00;60,00 $;200,00 $;170,68 $;0,11%;
27/05/2019;1;697,60 $;59,32 $;59,32 $;0,00 $;5,68 $;-32,72 $;0,00 $;100,00%;59,32 $;59,32 $;0,00 $;59,32 $;0,00 $;30,00;30,00 $;90,00 $;30,68 $;0,11%;
28/05/2019;1;976,92 $;279,32 $;279,32 $;0,00 $;5,68 $;0,00 $;0,00 $;100,00%;279,32 $;279,32 $;0,00 $;279,32 $;0,00 $;30,00;45,00 $;350,00 $;70,68 $;0,11%;
30/05/2019;1;1226,24 $;249,32 $;249,32 $;0,00 $;5,68 $;0,00 $;0,00 $;100,00%;249,32 $;249,32 $;0,00 $;249,32 $;0,00 $;30,00;50,00 $;310,00 $;60,68 $;0,11%;
31/05/2019;1;1310,56 $;84,32 $;84,32 $;0,00 $;5,68 $;0,00 $;0,00 $;100,00%;84,32 $;84,32 $;0,00 $;84,32 $;0,00 $;30,00;175,00 $;130,00 $;45,68 $;0,11%;
03/06/2019;1;1334,88 $;24,32 $;24,32 $;0,00 $;5,68 $;0,00 $;0,00 $;100,00%;24,32 $;24,32 $;0,00 $;24,32 $;0,00 $;30,00;50,00 $;90,00 $;65,68 $;0,11%;
04/06/2019;1;1504,20 $;169,32 $;169,32 $;0,00 $;5,68 $;0,00 $;0,00 $;100,00%;169,32 $;169,32 $;0,00 $;169,32 $;0,00 $;30,00;30,00 $;185,00 $;15,68 $;0,11%;
05/06/2019;1;1458,52 $;-45,68 $;0,00 $;-45,68 $;5,68 $;-45,68 $;-45,68 $;0,00%;-45,68 $;0,00 $;-45,68 $;0,00 $;-45,68 $;30,00;80,00 $;105,00 $;150,68 $;0,11%;
07/06/2019;1;1397,84 $;-60,68 $;0,00 $;-60,68 $;5,68 $;-106,36 $;-60,68 $;0,00%;-60,68 $;0,00 $;-60,68 $;0,00 $;-60,68 $;30,00;90,00 $;70,00 $;130,68 $;0,11%;
10/06/2019;1;1462,16 $;64,32 $;64,32 $;0,00 $;5,68 $;-42,04 $;0,00 $;100,00%;64,32 $;64,32 $;0,00 $;64,32 $;0,00 $;30,00;85,00 $;80,00 $;15,68 $;0,11%;
14/06/2019;1;1586,48 $;124,32 $;124,32 $;0,00 $;5,68 $;0,00 $;0,00 $;100,00%;124,32 $;124,32 $;0,00 $;124,32 $;0,00 $;30,00;65,00 $;175,00 $;50,68 $;0,11%;
17/06/2019;1;1510,80 $;-75,68 $;0,00 $;-75,68 $;5,68 $;-75,68 $;-75,68 $;0,00%;-75,68 $;0,00 $;-75,68 $;0,00 $;-75,68 $;30,00;140,00 $;30,00 $;105,68 $;0,11%;
18/06/2019;1;1095,12 $;-415,68 $;0,00 $;-415,68 $;5,68 $;-491,36 $;-415,68 $;0,00%;-415,68 $;0,00 $;-415,68 $;0,00 $;-415,68 $;30,00;530,00 $;70,00 $;485,68 $;0,11%;
21/06/2019;1;1204,44 $;109,32 $;109,32 $;0,00 $;5,68 $;-382,04 $;0,00 $;100,00%;109,32 $;109,32 $;0,00 $;109,32 $;0,00 $;30,00;55,00 $;225,00 $;115,68 $;0,11%;
24/06/2019;1;1343,76 $;139,32 $;139,32 $;0,00 $;5,68 $;-242,72 $;0,00 $;100,00%;139,32 $;139,32 $;0,00 $;139,32 $;0,00 $;30,00;15,00 $;185,00 $;45,68 $;0,11%;
26/06/2019;1;1578,08 $;234,32 $;234,32 $;0,00 $;5,68 $;-8,40 $;0,00 $;100,00%;234,32 $;234,32 $;0,00 $;234,32 $;0,00 $;30,00;0,00 $;305,00 $;70,68 $;0,11%;
27/06/2019;1;1617,40 $;39,32 $;39,32 $;0,00 $;5,68 $;0,00 $;0,00 $;100,00%;39,32 $;39,32 $;0,00 $;39,32 $;0,00 $;30,00;120,00 $;80,00 $;40,68 $;0,11%;
01/07/2019;1;1706,72 $;89,32 $;89,32 $;0,00 $;5,68 $;0,00 $;0,00 $;100,00%;89,32 $;89,32 $;0,00 $;89,32 $;0,00 $;30,00;10,00 $;105,00 $;15,68 $;0,11%;
05/07/2019;1;1781,04 $;74,32 $;74,32 $;0,00 $;5,68 $;0,00 $;0,00 $;100,00%;74,32 $;74,32 $;0,00 $;74,32 $;0,00 $;15,00;10,00 $;90,00 $;15,68 $;0,11%;
08/07/2019;1;1750,36 $;-30,68 $;0,00 $;-30,68 $;5,68 $;-30,68 $;-30,68 $;0,00%;-30,68 $;0,00 $;-30,68 $;0,00 $;-30,68 $;15,00;55,00 $;20,00 $;50,68 $;0,11%;
10/07/2019;1;1839,68 $;89,32 $;89,32 $;0,00 $;5,68 $;0,00 $;0,00 $;100,00%;89,32 $;89,32 $;0,00 $;89,32 $;0,00 $;30,00;80,00 $;115,00 $;25,68 $;0,11%;
11/07/2019;1;1994,00 $;154,32 $;154,32 $;0,00 $;5,68 $;0,00 $;0,00 $;100,00%;154,32 $;154,32 $;0,00 $;154,32 $;0,00 $;30,00;85,00 $;170,00 $;15,68 $;0,11%;
12/07/2019;1;2088,32 $;94,32 $;94,32 $;0,00 $;5,68 $;0,00 $;0,00 $;100,00%;94,32 $;94,32 $;0,00 $;94,32 $;0,00 $;30,00;70,00 $;210,00 $;115,68 $;0,11%;
18/07/2019;1;2017,64 $;-70,68 $;0,00 $;-70,68 $;5,68 $;-70,68 $;-70,68 $;0,00%;-70,68 $;0,00 $;-70,68 $;0,00 $;-70,68 $;15,00;75,00 $;45,00 $;115,68 $;0,11%;
19/07/2019;1;1816,96 $;-200,68 $;0,00 $;-200,68 $;5,68 $;-271,36 $;-200,68 $;0,00%;-200,68 $;0,00 $;-200,68 $;0,00 $;-200,68 $;30,00;250,00 $;40,00 $;240,68 $;0,11%;
22/07/2019;1;1801,28 $;-15,68 $;0,00 $;-15,68 $;5,68 $;-287,04 $;-15,68 $;0,00%;-15,68 $;0,00 $;-15,68 $;0,00 $;-15,68 $;15,00;25,00 $;45,00 $;60,68 $;0,11%;
23/07/2019;1;1900,60 $;99,32 $;99,32 $;0,00 $;5,68 $;-187,72 $;0,00 $;100,00%;99,32 $;99,32 $;0,00 $;99,32 $;0,00 $;30,00;5,00 $;105,00 $;5,68 $;0,11%;
25/07/2019;1;1909,92 $;9,32 $;9,32 $;0,00 $;5,68 $;-178,40 $;0,00 $;100,00%;9,32 $;9,32 $;0,00 $;9,32 $;0,00 $;30,00;70,00 $;25,00 $;15,68 $;0,11%;
26/07/2019;1;2019,24 $;109,32 $;109,32 $;0,00 $;5,68 $;-69,08 $;0,00 $;100,00%;109,32 $;109,32 $;0,00 $;109,32 $;0,00 $;30,00;45,00 $;125,00 $;15,68 $;0,11%;
29/07/2019;1;2103,56 $;84,32 $;84,32 $;0,00 $;5,68 $;0,00 $;0,00 $;100,00%;84,32 $;84,32 $;0,00 $;84,32 $;0,00 $;30,00;10,00 $;125,00 $;40,68 $;0,11%;
30/07/2019;1;2092,88 $;-10,68 $;0,00 $;-10,68 $;5,68 $;-10,68 $;-10,68 $;0,00%;-10,68 $;0,00 $;-10,68 $;0,00 $;-10,68 $;30,00;110,00 $;25,00 $;35,68 $;0,11%;
31/07/2019;1;2092,20 $;-0,68 $;0,00 $;-0,68 $;5,68 $;-11,36 $;-0,68 $;0,00%;-0,68 $;0,00 $;-0,68 $;0,00 $;-0,68 $;30,00;100,00 $;60,00 $;60,68 $;0,11%;
01/08/2019;1;2201,52 $;109,32 $;109,32 $;0,00 $;5,68 $;0,00 $;0,00 $;100,00%;109,32 $;109,32 $;0,00 $;109,32 $;0,00 $;15,00;10,00 $;125,00 $;15,68 $;0,11%;
08/08/2019;1;2485,84 $;284,32 $;284,32 $;0,00 $;5,68 $;0,00 $;0,00 $;100,00%;284,32 $;284,32 $;0,00 $;284,32 $;0,00 $;30,00;60,00 $;340,00 $;55,68 $;0,11%;
09/08/2019;1;2600,16 $;114,32 $;114,32 $;0,00 $;5,68 $;0,00 $;0,00 $;100,00%;114,32 $;114,32 $;0,00 $;114,32 $;0,00 $;30,00;5,00 $;170,00 $;55,68 $;0,11%;
12/08/2019;1;2619,48 $;19,32 $;19,32 $;0,00 $;5,68 $;0,00 $;0,00 $;100,00%;19,32 $;19,32 $;0,00 $;19,32 $;0,00 $;30,00;420,00 $;35,00 $;15,68 $;0,11%;
14/08/2019;1;2698,80 $;79,32 $;79,32 $;0,00 $;5,68 $;0,00 $;0,00 $;100,00%;79,32 $;79,32 $;0,00 $;79,32 $;0,00 $;30,00;55,00 $;265,00 $;185,68 $;0,11%;
15/08/2019;1;3083,12 $;384,32 $;384,32 $;0,00 $;5,68 $;0,00 $;0,00 $;100,00%;384,32 $;384,32 $;0,00 $;384,32 $;0,00 $;30,00;445,00 $;415,00 $;30,68 $;0,11%;
19/08/2019;1;2832,44 $;-250,68 $;0,00 $;-250,68 $;5,68 $;-250,68 $;-250,68 $;0,00%;-250,68 $;0,00 $;-250,68 $;0,00 $;-250,68 $;30,00;425,00 $;140,00 $;390,68 $;0,11%;
20/08/2019;1;3096,76 $;264,32 $;264,32 $;0,00 $;5,68 $;0,00 $;0,00 $;100,00%;264,32 $;264,32 $;0,00 $;264,32 $;0,00 $;30,00;15,00 $;320,00 $;55,68 $;0,11%;
23/08/2019;1;3101,08 $;4,32 $;4,32 $;0,00 $;5,68 $;0,00 $;0,00 $;100,00%;4,32 $;4,32 $;0,00 $;4,32 $;0,00 $;15,00;100,00 $;30,00 $;25,68 $;0,11%;
29/08/2019;1;3085,40 $;-15,68 $;0,00 $;-15,68 $;5,68 $;-15,68 $;-15,68 $;0,00%;-15,68 $;0,00 $;-15,68 $;0,00 $;-15,68 $;30,00;75,00 $;150,00 $;165,68 $;0,11%;
30/08/2019;1;2984,72 $;-100,68 $;0,00 $;-100,68 $;5,68 $;-116,36 $;-100,68 $;0,00%;-100,68 $;0,00 $;-100,68 $;0,00 $;-100,68 $;30,00;100,00 $;80,00 $;180,68 $;0,11%;
02/09/2019;1;3029,04 $;44,32 $;44,32 $;0,00 $;5,68 $;-72,04 $;0,00 $;100,00%;44,32 $;44,32 $;0,00 $;44,32 $;0,00 $;30,00;135,00 $;120,00 $;75,68 $;0,11%;
05/09/2019;1;2993,36 $;-35,68 $;0,00 $;-35,68 $;5,68 $;-107,72 $;-35,68 $;0,00%;-35,68 $;0,00 $;-35,68 $;0,00 $;-35,68 $;30,00;90,00 $;15,00 $;50,68 $;0,11%;
06/09/2019;1;3027,68 $;34,32 $;34,32 $;0,00 $;5,68 $;-73,40 $;0,00 $;100,00%;34,32 $;34,32 $;0,00 $;34,32 $;0,00 $;30,00;110,00 $;85,00 $;50,68 $;0,11%;
09/09/2019;1;3117,00 $;89,32 $;89,32 $;0,00 $;5,68 $;0,00 $;0,00 $;100,00%;89,32 $;89,32 $;0,00 $;89,32 $;0,00 $;30,00;0,00 $;115,00 $;25,68 $;0,11%;
12/09/2019;1;3146,32 $;29,32 $;29,32 $;0,00 $;5,68 $;0,00 $;0,00 $;100,00%;29,32 $;29,32 $;0,00 $;29,32 $;0,00 $;30,00;5,00 $;125,00 $;95,68 $;0,11%;
13/09/2019;1;2925,64 $;-220,68 $;0,00 $;-220,68 $;5,68 $;-220,68 $;-220,68 $;0,00%;-220,68 $;0,00 $;-220,68 $;0,00 $;-220,68 $;30,00;245,00 $;5,00 $;225,68 $;0,11%;
16/09/2019;1;2869,96 $;-55,68 $;0,00 $;-55,68 $;5,68 $;-276,36 $;-55,68 $;0,00%;-55,68 $;0,00 $;-55,68 $;0,00 $;-55,68 $;15,00;80,00 $;15,00 $;70,68 $;0,11%;
17/09/2019;1;2699,28 $;-170,68 $;0,00 $;-170,68 $;5,68 $;-447,04 $;-170,68 $;0,00%;-170,68 $;0,00 $;-170,68 $;0,00 $;-170,68 $;30,00;220,00 $;10,00 $;180,68 $;0,11%;
18/09/2019;1;2743,60 $;44,32 $;44,32 $;0,00 $;5,68 $;-402,72 $;0,00 $;100,00%;44,32 $;44,32 $;0,00 $;44,32 $;0,00 $;30,00;25,00 $;95,00 $;50,68 $;0,11%;
19/09/2019;1;2682,92 $;-60,68 $;0,00 $;-60,68 $;5,68 $;-463,40 $;-60,68 $;0,00%;-60,68 $;0,00 $;-60,68 $;0,00 $;-60,68 $;15,00;60,00 $;40,00 $;100,68 $;0,11%;
20/09/2019;1;2762,24 $;79,32 $;79,32 $;0,00 $;5,68 $;-384,08 $;0,00 $;100,00%;79,32 $;79,32 $;0,00 $;79,32 $;0,00 $;30,00;60,00 $;120,00 $;40,68 $;0,11%;
24/09/2019;1;2866,56 $;104,32 $;104,32 $;0,00 $;5,68 $;-279,76 $;0,00 $;100,00%;104,32 $;104,32 $;0,00 $;104,32 $;0,00 $;30,00;20,00 $;120,00 $;15,68 $;0,11%;
27/09/2019;1;2805,88 $;-60,68 $;0,00 $;-60,68 $;5,68 $;-340,44 $;-60,68 $;0,00%;-60,68 $;0,00 $;-60,68 $;0,00 $;-60,68 $;30,00;105,00 $;50,00 $;110,68 $;0,11%;
03/10/2019;1;3145,20 $;339,32 $;339,32 $;0,00 $;5,68 $;-1,12 $;0,00 $;100,00%;339,32 $;339,32 $;0,00 $;339,32 $;0,00 $;30,00;35,00 $;410,00 $;70,68 $;0,11%;
04/10/2019;1;3264,52 $;119,32 $;119,32 $;0,00 $;5,68 $;0,00 $;0,00 $;100,00%;119,32 $;119,32 $;0,00 $;119,32 $;0,00 $;15,00;35,00 $;210,00 $;90,68 $;0,11%;
07/10/2019;1;2888,84 $;-375,68 $;0,00 $;-375,68 $;5,68 $;-375,68 $;-375,68 $;0,00%;-375,68 $;0,00 $;-375,68 $;0,00 $;-375,68 $;30,00;390,00 $;10,00 $;385,68 $;0,11%;
08/10/2019;1;2853,16 $;-35,68 $;0,00 $;-35,68 $;5,68 $;-411,36 $;-35,68 $;0,00%;-35,68 $;0,00 $;-35,68 $;0,00 $;-35,68 $;30,00;195,00 $;90,00 $;125,68 $;0,11%;
10/10/2019;1;2992,48 $;139,32 $;139,32 $;0,00 $;5,68 $;-272,04 $;0,00 $;100,00%;139,32 $;139,32 $;0,00 $;139,32 $;0,00 $;30,00;125,00 $;220,00 $;80,68 $;0,11%;
15/10/2019;1;3026,80 $;34,32 $;34,32 $;0,00 $;5,68 $;-237,72 $;0,00 $;100,00%;34,32 $;34,32 $;0,00 $;34,32 $;0,00 $;30,00;15,00 $;170,00 $;135,68 $;0,11%;
21/10/2019;1;3066,12 $;39,32 $;39,32 $;0,00 $;5,68 $;-198,40 $;0,00 $;100,00%;39,32 $;39,32 $;0,00 $;39,32 $;0,00 $;30,00;15,00 $;150,00 $;110,68 $;0,11%;
22/10/2019;1;2995,44 $;-70,68 $;0,00 $;-70,68 $;5,68 $;-269,08 $;-70,68 $;0,00%;-70,68 $;0,00 $;-70,68 $;0,00 $;-70,68 $;15,00;75,00 $;50,00 $;120,68 $;0,11%;
23/10/2019;1;3319,76 $;324,32 $;324,32 $;0,00 $;5,68 $;0,00 $;0,00 $;100,00%;324,32 $;324,32 $;0,00 $;324,32 $;0,00 $;30,00;20,00 $;405,00 $;80,68 $;0,11%;
24/10/2019;1;3284,08 $;-35,68 $;0,00 $;-35,68 $;5,68 $;-35,68 $;-35,68 $;0,00%;-35,68 $;0,00 $;-35,68 $;0,00 $;-35,68 $;30,00;65,00 $;5,00 $;40,68 $;0,11%;
25/10/2019;1;3193,40 $;-90,68 $;0,00 $;-90,68 $;5,68 $;-126,36 $;-90,68 $;0,00%;-90,68 $;0,00 $;-90,68 $;0,00 $;-90,68 $;30,00;110,00 $;0,00 $;90,68 $;0,11%;
30/10/2019;1;3102,72 $;-90,68 $;0,00 $;-90,68 $;5,68 $;-217,04 $;-90,68 $;0,00%;-90,68 $;0,00 $;-90,68 $;0,00 $;-90,68 $;30,00;95,00 $;15,00 $;105,68 $;0,11%;
06/11/2019;1;3107,04 $;4,32 $;4,32 $;0,00 $;5,68 $;-212,72 $;0,00 $;100,00%;4,32 $;4,32 $;0,00 $;4,32 $;0,00 $;30,00;5,00 $;120,00 $;115,68 $;0,11%;
08/11/2019;1;3126,36 $;19,32 $;19,32 $;0,00 $;5,68 $;-193,40 $;0,00 $;100,00%;19,32 $;19,32 $;0,00 $;19,32 $;0,00 $;30,00;35,00 $;65,00 $;45,68 $;0,11%;
11/11/2019;1;3195,68 $;69,32 $;69,32 $;0,00 $;5,68 $;-124,08 $;0,00 $;100,00%;69,32 $;69,32 $;0,00 $;69,32 $;0,00 $;30,00;55,00 $;135,00 $;65,68 $;0,11%;
14/11/2019;1;3315,00 $;119,32 $;119,32 $;0,00 $;5,68 $;-4,76 $;0,00 $;100,00%;119,32 $;119,32 $;0,00 $;119,32 $;0,00 $;30,00;5,00 $;125,00 $;5,68 $;0,11%;
15/11/2019;1;3349,32 $;34,32 $;34,32 $;0,00 $;5,68 $;0,00 $;0,00 $;100,00%;34,32 $;34,32 $;0,00 $;34,32 $;0,00 $;30,00;45,00 $;85,00 $;50,68 $;0,11%;
20/11/2019;1;3628,64 $;279,32 $;279,32 $;0,00 $;5,68 $;0,00 $;0,00 $;100,00%;279,32 $;279,32 $;0,00 $;279,32 $;0,00 $;30,00;30,00 $;300,00 $;20,68 $;0,11%;
28/11/2019;1;3542,96 $;-85,68 $;0,00 $;-85,68 $;5,68 $;-85,68 $;-85,68 $;0,00%;-85,68 $;0,00 $;-85,68 $;0,00 $;-85,68 $;30,00;105,00 $;10,00 $;95,68 $;0,11%;
29/11/2019;1;3497,28 $;-45,68 $;0,00 $;-45,68 $;5,68 $;-131,36 $;-45,68 $;0,00%;-45,68 $;0,00 $;-45,68 $;0,00 $;-45,68 $;30,00;80,00 $;5,00 $;50,68 $;0,11%;
02/12/2019;1;3371,60 $;-125,68 $;0,00 $;-125,68 $;5,68 $;-257,04 $;-125,68 $;0,00%;-125,68 $;0,00 $;-125,68 $;0,00 $;-125,68 $;30,00;280,00 $;5,00 $;130,68 $;0,11%;
05/12/2019;1;3455,92 $;84,32 $;84,32 $;0,00 $;5,68 $;-172,72 $;0,00 $;100,00%;84,32 $;84,32 $;0,00 $;84,32 $;0,00 $;30,00;55,00 $;95,00 $;10,68 $;0,11%;
10/12/2019;1;3865,24 $;409,32 $;409,32 $;0,00 $;5,68 $;0,00 $;0,00 $;100,00%;409,32 $;409,32 $;0,00 $;409,32 $;0,00 $;30,00;20,00 $;450,00 $;40,68 $;0,11%;
11/12/2019;1;3804,56 $;-60,68 $;0,00 $;-60,68 $;5,68 $;-60,68 $;-60,68 $;0,00%;-60,68 $;0,00 $;-60,68 $;0,00 $;-60,68 $;15,00;70,00 $;35,00 $;95,68 $;0,11%;
16/12/2019;1;3818,88 $;14,32 $;14,32 $;0,00 $;5,68 $;-46,36 $;0,00 $;100,00%;14,32 $;14,32 $;0,00 $;14,32 $;0,00 $;30,00;35,00 $;40,00 $;25,68 $;0,11%;
19/12/2019;1;3873,20 $;54,32 $;54,32 $;0,00 $;5,68 $;0,00 $;0,00 $;100,00%;54,32 $;54,32 $;0,00 $;54,32 $;0,00 $;15,00;15,00 $;70,00 $;15,68 $;0,11%;
20/12/2019;1;3877,52 $;4,32 $;4,32 $;0,00 $;5,68 $;0,00 $;0,00 $;100,00%;4,32 $;4,32 $;0,00 $;4,32 $;0,00 $;30,00;15,00 $;60,00 $;55,68 $;0,11%;
23/12/2019;1;3866,84 $;-10,68 $;0,00 $;-10,68 $;5,68 $;-10,68 $;-10,68 $;0,00%;-10,68 $;0,00 $;-10,68 $;0,00 $;-10,68 $;30,00;40,00 $;55,00 $;65,68 $;0,11%;
24/12/2019;1;3866,16 $;-0,68 $;0,00 $;-0,68 $;5,68 $;-11,36 $;-0,68 $;0,00%;-0,68 $;0,00 $;-0,68 $;0,00 $;-0,68 $;15,00;20,00 $;20,00 $;20,68 $;0,11%;
26/12/2019;1;3865,48 $;-0,68 $;0,00 $;-0,68 $;5,68 $;-12,04 $;-0,68 $;0,00%;-0,68 $;0,00 $;-0,68 $;0,00 $;-0,68 $;30,00;55,00 $;25,00 $;25,68 $;0,11%;
30/12/2019;1;3979,80 $;114,32 $;114,32 $;0,00 $;5,68 $;0,00 $;0,00 $;100,00%;114,32 $;114,32 $;0,00 $;114,32 $;0,00 $;30,00;5,00 $;145,00 $;30,68 $;0,11%;
31/12/2019;1;3869,12 $;-110,68 $;0,00 $;-110,68 $;5,68 $;-110,68 $;-110,68 $;0,00%;-110,68 $;0,00 $;-110,68 $;0,00 $;-110,68 $;30,00;190,00 $;10,00 $;120,68 $;0,11%;
03/01/2020;1;3823,44 $;-45,68 $;0,00 $;-45,68 $;5,68 $;-156,36 $;-45,68 $;0,00%;-45,68 $;0,00 $;-45,68 $;0,00 $;-45,68 $;30,00;220,00 $;100,00 $;145,68 $;0,11%;
08/01/2020;1;4012,76 $;189,32 $;189,32 $;0,00 $;5,68 $;0,00 $;0,00 $;100,00%;189,32 $;189,32 $;0,00 $;189,32 $;0,00 $;30,00;90,00 $;230,00 $;40,68 $;0,11%;
10/01/2020;1;4072,08 $;59,32 $;59,32 $;0,00 $;5,68 $;0,00 $;0,00 $;100,00%;59,32 $;59,32 $;0,00 $;59,32 $;0,00 $;30,00;75,00 $;80,00 $;20,68 $;0,11%;
14/01/2020;1;4091,40 $;19,32 $;19,32 $;0,00 $;5,68 $;0,00 $;0,00 $;100,00%;19,32 $;19,32 $;0,00 $;19,32 $;0,00 $;30,00;150,00 $;85,00 $;65,68 $;0,11%;
15/01/2020;1;4070,72 $;-20,68 $;0,00 $;-20,68 $;5,68 $;-20,68 $;-20,68 $;0,00%;-20,68 $;0,00 $;-20,68 $;0,00 $;-20,68 $;15,00;70,00 $;15,00 $;35,68 $;0,11%;
27/01/2020;1;3985,04 $;-85,68 $;0,00 $;-85,68 $;5,68 $;-106,36 $;-85,68 $;0,00%;-85,68 $;0,00 $;-85,68 $;0,00 $;-85,68 $;30,00;305,00 $;195,00 $;280,68 $;0,11%;
28/01/2020;1;4404,36 $;419,32 $;419,32 $;0,00 $;5,68 $;0,00 $;0,00 $;100,00%;419,32 $;419,32 $;0,00 $;419,32 $;0,00 $;30,00;55,00 $;470,00 $;50,68 $;0,11%;
29/01/2020;1;4238,68 $;-165,68 $;0,00 $;-165,68 $;5,68 $;-165,68 $;-165,68 $;0,00%;-165,68 $;0,00 $;-165,68 $;0,00 $;-165,68 $;30,00;275,00 $;55,00 $;220,68 $;0,11%;
30/01/2020;1;4398,00 $;159,32 $;159,32 $;0,00 $;5,68 $;-6,36 $;0,00 $;100,00%;159,32 $;159,32 $;0,00 $;159,32 $;0,00 $;30,00;80,00 $;240,00 $;80,68 $;0,11%;
06/02/2020;1;4802,32 $;404,32 $;404,32 $;0,00 $;5,68 $;0,00 $;0,00 $;100,00%;404,32 $;404,32 $;0,00 $;404,32 $;0,00 $;30,00;25,00 $;460,00 $;55,68 $;0,11%;
10/02/2020;1;4906,64 $;104,32 $;104,32 $;0,00 $;5,68 $;0,00 $;0,00 $;100,00%;104,32 $;104,32 $;0,00 $;104,32 $;0,00 $;15,00;0,00 $;170,00 $;65,68 $;0,11%;
11/02/2020;1;5010,96 $;104,32 $;104,32 $;0,00 $;5,68 $;0,00 $;0,00 $;100,00%;104,32 $;104,32 $;0,00 $;104,32 $;0,00 $;30,00;35,00 $;145,00 $;40,68 $;0,11%;
12/02/2020;1;5040,28 $;29,32 $;29,32 $;0,00 $;5,68 $;0,00 $;0,00 $;100,00%;29,32 $;29,32 $;0,00 $;29,32 $;0,00 $;30,00;30,00 $;70,00 $;40,68 $;0,11%;
21/02/2020;1;5094,60 $;54,32 $;54,32 $;0,00 $;5,68 $;0,00 $;0,00 $;100,00%;54,32 $;54,32 $;0,00 $;54,32 $;0,00 $;15,00;105,00 $;185,00 $;130,68 $;0,11%;
24/02/2020;1;5583,92 $;489,32 $;489,32 $;0,00 $;5,68 $;0,00 $;0,00 $;100,00%;489,32 $;489,32 $;0,00 $;489,32 $;0,00 $;30,00;55,00 $;760,00 $;270,68 $;0,11%;
26/02/2020;1;6298,24 $;714,32 $;714,32 $;0,00 $;5,68 $;0,00 $;0,00 $;100,00%;714,32 $;714,32 $;0,00 $;714,32 $;0,00 $;15,00;20,00 $;755,00 $;40,68 $;0,11%;
02/03/2020;1;5007,56 $;-1290,68 $;0,00 $;-1290,68 $;5,68 $;-1290,68 $;-1290,68 $;0,00%;-1290,68 $;0,00 $;-1290,68 $;0,00 $;-1290,68 $;30,00;1650,00 $;250,00 $;1540,68 $;0,11%;
05/03/2020;1;5356,88 $;349,32 $;349,32 $;0,00 $;5,68 $;-941,36 $;0,00 $;100,00%;349,32 $;349,32 $;0,00 $;349,32 $;0,00 $;30,00;185,00 $;455,00 $;105,68 $;0,11%;
10/03/2020;1;4891,20 $;-465,68 $;0,00 $;-465,68 $;5,68 $;-1407,04 $;-465,68 $;0,00%;-465,68 $;0,00 $;-465,68 $;0,00 $;-465,68 $;30,00;790,00 $;160,00 $;625,68 $;0,11%;
11/03/2020;1;5645,52 $;754,32 $;754,32 $;0,00 $;5,68 $;-652,72 $;0,00 $;100,00%;754,32 $;754,32 $;0,00 $;754,32 $;0,00 $;30,00;75,00 $;1285,00 $;530,68 $;0,11%;
13/03/2020;1;5094,84 $;-550,68 $;0,00 $;-550,68 $;5,68 $;-1203,40 $;-550,68 $;0,00%;-550,68 $;0,00 $;-550,68 $;0,00 $;-550,68 $;30,00;615,00 $;620,00 $;1170,68 $;0,11%;
17/03/2020;1;4379,16 $;-715,68 $;0,00 $;-715,68 $;5,68 $;-1919,08 $;-715,68 $;0,00%;-715,68 $;0,00 $;-715,68 $;0,00 $;-715,68 $;30,00;710,00 $;2270,00 $;2985,68 $;0,11%;
23/03/2020;1;4088,48 $;-290,68 $;0,00 $;-290,68 $;5,68 $;-2209,76 $;-290,68 $;0,00%;-290,68 $;0,00 $;-290,68 $;0,00 $;-290,68 $;15,00;570,00 $;30,00 $;320,68 $;0,11%;
27/03/2020;1;3852,80 $;-235,68 $;0,00 $;-235,68 $;5,68 $;-2445,44 $;-235,68 $;0,00%;-235,68 $;0,00 $;-235,68 $;0,00 $;-235,68 $;30,00;345,00 $;1110,00 $;1345,68 $;0,11%;
31/03/2020;1;3482,12 $;-370,68 $;0,00 $;-370,68 $;5,68 $;-2816,12 $;-370,68 $;0,00%;-370,68 $;0,00 $;-370,68 $;0,00 $;-370,68 $;30,00;525,00 $;260,00 $;630,68 $;0,11%;
07/04/2020;1;3056,44 $;-425,68 $;0,00 $;-425,68 $;5,68 $;-3241,80 $;-425,68 $;0,00%;-425,68 $;0,00 $;-425,68 $;0,00 $;-425,68 $;30,00;520,00 $;270,00 $;695,68 $;0,11%;
08/04/2020;1;2590,76 $;-465,68 $;0,00 $;-465,68 $;5,68 $;-3707,48 $;-465,68 $;0,00%;-465,68 $;0,00 $;-465,68 $;0,00 $;-465,68 $;30,00;570,00 $;105,00 $;570,68 $;0,11%;
09/04/2020;1;2740,08 $;149,32 $;149,32 $;0,00 $;5,68 $;-3558,16 $;0,00 $;100,00%;149,32 $;149,32 $;0,00 $;149,32 $;0,00 $;30,00;445,00 $;175,00 $;25,68 $;0,11%;
13/04/2020;1;2899,40 $;159,32 $;159,32 $;0,00 $;5,68 $;-3398,84 $;0,00 $;100,00%;159,32 $;159,32 $;0,00 $;159,32 $;0,00 $;15,00;290,00 $;165,00 $;5,68 $;0,11%;
16/04/2020;1;3093,72 $;194,32 $;194,32 $;0,00 $;5,68 $;-3204,52 $;0,00 $;100,00%;194,32 $;194,32 $;0,00 $;194,32 $;0,00 $;30,00;30,00 $;285,00 $;90,68 $;0,11%;
17/04/2020;1;3098,04 $;4,32 $;4,32 $;0,00 $;5,68 $;-3200,20 $;0,00 $;100,00%;4,32 $;4,32 $;0,00 $;4,32 $;0,00 $;30,00;80,00 $;175,00 $;170,68 $;0,11%;
20/04/2020;1;3317,36 $;219,32 $;219,32 $;0,00 $;5,68 $;-2980,88 $;0,00 $;100,00%;219,32 $;219,32 $;0,00 $;219,32 $;0,00 $;30,00;55,00 $;315,00 $;95,68 $;0,11%;
21/04/2020;1;3426,68 $;109,32 $;109,32 $;0,00 $;5,68 $;-2871,56 $;0,00 $;100,00%;109,32 $;109,32 $;0,00 $;109,32 $;0,00 $;30,00;150,00 $;520,00 $;410,68 $;0,11%;
24/04/2020;1;2571,00 $;-855,68 $;0,00 $;-855,68 $;5,68 $;-3727,24 $;-855,68 $;0,00%;-855,68 $;0,00 $;-855,68 $;0,00 $;-855,68 $;30,00;850,00 $;65,00 $;920,68 $;0,11%;
28/04/2020;1;2600,32 $;29,32 $;29,32 $;0,00 $;5,68 $;-3697,92 $;0,00 $;100,00%;29,32 $;29,32 $;0,00 $;29,32 $;0,00 $;30,00;355,00 $;75,00 $;45,68 $;0,11%;
29/04/2020;1;2914,64 $;314,32 $;314,32 $;0,00 $;5,68 $;-3383,60 $;0,00 $;100,00%;314,32 $;314,32 $;0,00 $;314,32 $;0,00 $;30,00;180,00 $;335,00 $;20,68 $;0,11%;
30/04/2020;1;2743,96 $;-170,68 $;0,00 $;-170,68 $;5,68 $;-3554,28 $;-170,68 $;0,00%;-170,68 $;0,00 $;-170,68 $;0,00 $;-170,68 $;15,00;435,00 $;40,00 $;210,68 $;0,11%;
04/05/2020;1;2888,28 $;144,32 $;144,32 $;0,00 $;5,68 $;-3409,96 $;0,00 $;100,00%;144,32 $;144,32 $;0,00 $;144,32 $;0,00 $;30,00;155,00 $;245,00 $;100,68 $;0,11%;
05/05/2020;1;2527,60 $;-360,68 $;0,00 $;-360,68 $;5,68 $;-3770,64 $;-360,68 $;0,00%;-360,68 $;0,00 $;-360,68 $;0,00 $;-360,68 $;30,00;370,00 $;100,00 $;460,68 $;0,11%;
06/05/2020;1;2546,92 $;19,32 $;19,32 $;0,00 $;5,68 $;-3751,32 $;0,00 $;100,00%;19,32 $;19,32 $;0,00 $;19,32 $;0,00 $;30,00;95,00 $;95,00 $;75,68 $;0,11%;
08/05/2020;1;2501,24 $;-45,68 $;0,00 $;-45,68 $;5,68 $;-3797,00 $;-45,68 $;0,00%;-45,68 $;0,00 $;-45,68 $;0,00 $;-45,68 $;30,00;165,00 $;30,00 $;75,68 $;0,11%;
11/05/2020;1;2580,56 $;79,32 $;79,32 $;0,00 $;5,68 $;-3717,68 $;0,00 $;100,00%;79,32 $;79,32 $;0,00 $;79,32 $;0,00 $;30,00;160,00 $;245,00 $;165,68 $;0,11%;
12/05/2020;1;2614,88 $;34,32 $;34,32 $;0,00 $;5,68 $;-3683,36 $;0,00 $;100,00%;34,32 $;34,32 $;0,00 $;34,32 $;0,00 $;30,00;105,00 $;165,00 $;130,68 $;0,11%;
13/05/2020;1;2664,20 $;49,32 $;49,32 $;0,00 $;5,68 $;-3634,04 $;0,00 $;100,00%;49,32 $;49,32 $;0,00 $;49,32 $;0,00 $;30,00;15,00 $;385,00 $;335,68 $;0,11%;
15/05/2020;1;2043,52 $;-620,68 $;0,00 $;-620,68 $;5,68 $;-4254,72 $;-620,68 $;0,00%;-620,68 $;0,00 $;-620,68 $;0,00 $;-620,68 $;15,00;700,00 $;210,00 $;830,68 $;0,11%;
19/05/2020;1;2267,84 $;224,32 $;224,32 $;0,00 $;5,68 $;-4030,40 $;0,00 $;100,00%;224,32 $;224,32 $;0,00 $;224,32 $;0,00 $;30,00;140,00 $;460,00 $;235,68 $;0,11%;
20/05/2020;1;2247,16 $;-20,68 $;0,00 $;-20,68 $;5,68 $;-4051,08 $;-20,68 $;0,00%;-20,68 $;0,00 $;-20,68 $;0,00 $;-20,68 $;30,00;180,00 $;160,00 $;180,68 $;0,11%;
21/05/2020;1;2206,48 $;-40,68 $;0,00 $;-40,68 $;5,68 $;-4091,76 $;-40,68 $;0,00%;-40,68 $;0,00 $;-40,68 $;0,00 $;-40,68 $;30,00;165,00 $;35,00 $;75,68 $;0,11%;
28/05/2020;1;2500,80 $;294,32 $;294,32 $;0,00 $;5,68 $;-3797,44 $;0,00 $;100,00%;294,32 $;294,32 $;0,00 $;294,32 $;0,00 $;30,00;275,00 $;475,00 $;180,68 $;0,11%;
29/05/2020;1;2420,12 $;-80,68 $;0,00 $;-80,68 $;5,68 $;-3878,12 $;-80,68 $;0,00%;-80,68 $;0,00 $;-80,68 $;0,00 $;-80,68 $;30,00;140,00 $;115,00 $;195,68 $;0,11%;
01/06/2020;1;2774,44 $;354,32 $;354,32 $;0,00 $;5,68 $;-3523,80 $;0,00 $;100,00%;354,32 $;354,32 $;0,00 $;354,32 $;0,00 $;15,00;0,00 $;360,00 $;5,68 $;0,11%;
02/06/2020;1;2848,76 $;74,32 $;74,32 $;0,00 $;5,68 $;-3449,48 $;0,00 $;100,00%;74,32 $;74,32 $;0,00 $;74,32 $;0,00 $;30,00;125,00 $;190,00 $;115,68 $;0,11%;
05/06/2020;1;2923,08 $;74,32 $;74,32 $;0,00 $;5,68 $;-3375,16 $;0,00 $;100,00%;74,32 $;74,32 $;0,00 $;74,32 $;0,00 $;30,00;95,00 $;165,00 $;90,68 $;0,11%;
08/06/2020;1;2922,40 $;-0,68 $;0,00 $;-0,68 $;5,68 $;-3375,84 $;-0,68 $;0,00%;-0,68 $;0,00 $;-0,68 $;0,00 $;-0,68 $;30,00;45,00 $;310,00 $;310,68 $;0,11%;
10/06/2020;1;3271,72 $;349,32 $;349,32 $;0,00 $;5,68 $;-3026,52 $;0,00 $;100,00%;349,32 $;349,32 $;0,00 $;349,32 $;0,00 $;30,00;105,00 $;415,00 $;65,68 $;0,11%;
12/06/2020;1;3446,04 $;174,32 $;174,32 $;0,00 $;5,68 $;-2852,20 $;0,00 $;100,00%;174,32 $;174,32 $;0,00 $;174,32 $;0,00 $;30,00;35,00 $;620,00 $;445,68 $;0,11%;
16/06/2020;1;3690,36 $;244,32 $;244,32 $;0,00 $;5,68 $;-2607,88 $;0,00 $;100,00%;244,32 $;244,32 $;0,00 $;244,32 $;0,00 $;30,00;80,00 $;365,00 $;120,68 $;0,11%;
19/06/2020;1;3584,68 $;-105,68 $;0,00 $;-105,68 $;5,68 $;-2713,56 $;-105,68 $;0,00%;-105,68 $;0,00 $;-105,68 $;0,00 $;-105,68 $;30,00;110,00 $;170,00 $;275,68 $;0,11%;
23/06/2020;1;3734,00 $;149,32 $;149,32 $;0,00 $;5,68 $;-2564,24 $;0,00 $;100,00%;149,32 $;149,32 $;0,00 $;149,32 $;0,00 $;30,00;5,00 $;225,00 $;75,68 $;0,11%;
26/06/2020;1;3733,32 $;-0,68 $;0,00 $;-0,68 $;5,68 $;-2564,92 $;-0,68 $;0,00%;-0,68 $;0,00 $;-0,68 $;0,00 $;-0,68 $;30,00;100,00 $;130,00 $;130,68 $;0,11%;
29/06/2020;1;4032,64 $;299,32 $;299,32 $;0,00 $;5,68 $;-2265,60 $;0,00 $;100,00%;299,32 $;299,32 $;0,00 $;299,32 $;0,00 $;15,00;35,00 $;345,00 $;45,68 $;0,11%;
01/07/2020;1;3706,96 $;-325,68 $;0,00 $;-325,68 $;5,68 $;-2591,28 $;-325,68 $;0,00%;-325,68 $;0,00 $;-325,68 $;0,00 $;-325,68 $;15,00;505,00 $;45,00 $;370,68 $;0,11%;
06/07/2020;1;3796,28 $;89,32 $;89,32 $;0,00 $;5,68 $;-2501,96 $;0,00 $;100,00%;89,32 $;89,32 $;0,00 $;89,32 $;0,00 $;30,00;40,00 $;245,00 $;155,68 $;0,11%;
07/07/2020;1;3845,60 $;49,32 $;49,32 $;0,00 $;5,68 $;-2452,64 $;0,00 $;100,00%;49,32 $;49,32 $;0,00 $;49,32 $;0,00 $;30,00;100,00 $;280,00 $;230,68 $;0,11%;
09/07/2020;1;4219,92 $;374,32 $;374,32 $;0,00 $;5,68 $;-2078,32 $;0,00 $;100,00%;374,32 $;374,32 $;0,00 $;374,32 $;0,00 $;30,00;40,00 $;435,00 $;60,68 $;0,11%;
10/07/2020;1;4219,24 $;-0,68 $;0,00 $;-0,68 $;5,68 $;-2079,00 $;-0,68 $;0,00%;-0,68 $;0,00 $;-0,68 $;0,00 $;-0,68 $;15,00;35,00 $;60,00 $;60,68 $;0,11%;
13/07/2020;1;4068,56 $;-150,68 $;0,00 $;-150,68 $;5,68 $;-2229,68 $;-150,68 $;0,00%;-150,68 $;0,00 $;-150,68 $;0,00 $;-150,68 $;30,00;195,00 $;195,00 $;345,68 $;0,11%;
14/07/2020;1;3937,88 $;-130,68 $;0,00 $;-130,68 $;5,68 $;-2360,36 $;-130,68 $;0,00%;-130,68 $;0,00 $;-130,68 $;0,00 $;-130,68 $;15,00;290,00 $;35,00 $;165,68 $;0,11%;
15/07/2020;1;3452,20 $;-485,68 $;0,00 $;-485,68 $;5,68 $;-2846,04 $;-485,68 $;0,00%;-485,68 $;0,00 $;-485,68 $;0,00 $;-485,68 $;30,00;505,00 $;135,00 $;620,68 $;0,11%;
16/07/2020;1;3821,52 $;369,32 $;369,32 $;0,00 $;5,68 $;-2476,72 $;0,00 $;100,00%;369,32 $;369,32 $;0,00 $;369,32 $;0,00 $;15,00;25,00 $;405,00 $;35,68 $;0,11%;
21/07/2020;1;4175,84 $;354,32 $;354,32 $;0,00 $;5,68 $;-2122,40 $;0,00 $;100,00%;354,32 $;354,32 $;0,00 $;354,32 $;0,00 $;15,00;55,00 $;450,00 $;95,68 $;0,11%;
27/07/2020;1;4310,16 $;134,32 $;134,32 $;0,00 $;5,68 $;-1988,08 $;0,00 $;100,00%;134,32 $;134,32 $;0,00 $;134,32 $;0,00 $;30,00;210,00 $;220,00 $;85,68 $;0,11%;
28/07/2020;1;4659,48 $;349,32 $;349,32 $;0,00 $;5,68 $;-1638,76 $;0,00 $;100,00%;349,32 $;349,32 $;0,00 $;349,32 $;0,00 $;30,00;90,00 $;370,00 $;20,68 $;0,11%;
29/07/2020;1;4803,80 $;144,32 $;144,32 $;0,00 $;5,68 $;-1494,44 $;0,00 $;100,00%;144,32 $;144,32 $;0,00 $;144,32 $;0,00 $;30,00;190,00 $;180,00 $;35,68 $;0,11%;
31/07/2020;1;4653,12 $;-150,68 $;0,00 $;-150,68 $;5,68 $;-1645,12 $;-150,68 $;0,00%;-150,68 $;0,00 $;-150,68 $;0,00 $;-150,68 $;30,00;270,00 $;80,00 $;230,68 $;0,11%;
03/08/2020;1;4257,44 $;-395,68 $;0,00 $;-395,68 $;5,68 $;-2040,80 $;-395,68 $;0,00%;-395,68 $;0,00 $;-395,68 $;0,00 $;-395,68 $;30,00;405,00 $;105,00 $;500,68 $;0,11%;
06/08/2020;1;3976,76 $;-280,68 $;0,00 $;-280,68 $;5,68 $;-2321,48 $;-280,68 $;0,00%;-280,68 $;0,00 $;-280,68 $;0,00 $;-280,68 $;15,00;445,00 $;70,00 $;350,68 $;0,11%;
12/08/2020;1;4021,08 $;44,32 $;44,32 $;0,00 $;5,68 $;-2277,16 $;0,00 $;100,00%;44,32 $;44,32 $;0,00 $;44,32 $;0,00 $;30,00;125,00 $;65,00 $;20,68 $;0,11%;
14/08/2020;1;4790,40 $;769,32 $;769,32 $;0,00 $;5,68 $;-1507,84 $;0,00 $;100,00%;769,32 $;769,32 $;0,00 $;769,32 $;0,00 $;30,00;0,00 $;915,00 $;145,68 $;0,11%;
18/08/2020;1;4679,72 $;-110,68 $;0,00 $;-110,68 $;5,68 $;-1618,52 $;-110,68 $;0,00%;-110,68 $;0,00 $;-110,68 $;0,00 $;-110,68 $;30,00;205,00 $;60,00 $;170,68 $;0,11%;
20/08/2020;1;4559,04 $;-120,68 $;0,00 $;-120,68 $;5,68 $;-1739,20 $;-120,68 $;0,00%;-120,68 $;0,00 $;-120,68 $;0,00 $;-120,68 $;30,00;200,00 $;115,00 $;235,68 $;0,11%;
21/08/2020;1;4463,36 $;-95,68 $;0,00 $;-95,68 $;5,68 $;-1834,88 $;-95,68 $;0,00%;-95,68 $;0,00 $;-95,68 $;0,00 $;-95,68 $;15,00;415,00 $;35,00 $;130,68 $;0,11%;
25/08/2020;1;4452,68 $;-10,68 $;0,00 $;-10,68 $;5,68 $;-1845,56 $;-10,68 $;0,00%;-10,68 $;0,00 $;-10,68 $;0,00 $;-10,68 $;30,00;25,00 $;230,00 $;240,68 $;0,11%;
28/08/2020;1;4537,00 $;84,32 $;84,32 $;0,00 $;5,68 $;-1761,24 $;0,00 $;100,00%;84,32 $;84,32 $;0,00 $;84,32 $;0,00 $;30,00;45,00 $;245,00 $;160,68 $;0,11%;
03/09/2020;1;4101,32 $;-435,68 $;0,00 $;-435,68 $;5,68 $;-2196,92 $;-435,68 $;0,00%;-435,68 $;0,00 $;-435,68 $;0,00 $;-435,68 $;30,00;530,00 $;295,00 $;730,68 $;0,11%;
04/09/2020;1;4250,64 $;149,32 $;149,32 $;0,00 $;5,68 $;-2047,60 $;0,00 $;100,00%;149,32 $;149,32 $;0,00 $;149,32 $;0,00 $;30,00;200,00 $;170,00 $;20,68 $;0,11%;
07/09/2020;1;4169,96 $;-80,68 $;0,00 $;-80,68 $;5,68 $;-2128,28 $;-80,68 $;0,00%;-80,68 $;0,00 $;-80,68 $;0,00 $;-80,68 $;15,00;510,00 $;15,00 $;95,68 $;0,11%;
08/09/2020;1;5559,28 $;1389,32 $;1389,32 $;0,00 $;5,68 $;-738,96 $;0,00 $;100,00%;1389,32 $;1389,32 $;0,00 $;1389,32 $;0,00 $;30,00;0,00 $;1395,00 $;5,68 $;0,11%;
09/09/2020;1;5428,60 $;-130,68 $;0,00 $;-130,68 $;5,68 $;-869,64 $;-130,68 $;0,00%;-130,68 $;0,00 $;-130,68 $;0,00 $;-130,68 $;30,00;375,00 $;295,00 $;425,68 $;0,11%;
11/09/2020;1;5437,92 $;9,32 $;9,32 $;0,00 $;5,68 $;-860,32 $;0,00 $;100,00%;9,32 $;9,32 $;0,00 $;9,32 $;0,00 $;15,00;250,00 $;195,00 $;185,68 $;0,11%;
14/09/2020;1;4922,24 $;-515,68 $;0,00 $;-515,68 $;5,68 $;-1376,00 $;-515,68 $;0,00%;-515,68 $;0,00 $;-515,68 $;0,00 $;-515,68 $;15,00;570,00 $;100,00 $;615,68 $;0,11%;
22/09/2020;1;5386,56 $;464,32 $;464,32 $;0,00 $;5,68 $;-911,68 $;0,00 $;100,00%;464,32 $;464,32 $;0,00 $;464,32 $;0,00 $;30,00;225,00 $;510,00 $;45,68 $;0,11%;
24/09/2020;1;5310,88 $;-75,68 $;0,00 $;-75,68 $;5,68 $;-987,36 $;-75,68 $;0,00%;-75,68 $;0,00 $;-75,68 $;0,00 $;-75,68 $;30,00;330,00 $;250,00 $;325,68 $;0,11%;
28/09/2020;1;5360,20 $;49,32 $;49,32 $;0,00 $;5,68 $;-938,04 $;0,00 $;100,00%;49,32 $;49,32 $;0,00 $;49,32 $;0,00 $;30,00;270,00 $;165,00 $;115,68 $;0,11%;
30/09/2020;1;5544,52 $;184,32 $;184,32 $;0,00 $;5,68 $;-753,72 $;0,00 $;100,00%;184,32 $;184,32 $;0,00 $;184,32 $;0,00 $;15,00;275,00 $;230,00 $;45,68 $;0,11%;
01/10/2020;1;5653,84 $;109,32 $;109,32 $;0,00 $;5,68 $;-644,40 $;0,00 $;100,00%;109,32 $;109,32 $;0,00 $;109,32 $;0,00 $;30,00;45,00 $;390,00 $;280,68 $;0,11%;
02/10/2020;1;6113,16 $;459,32 $;459,32 $;0,00 $;5,68 $;-185,08 $;0,00 $;100,00%;459,32 $;459,32 $;0,00 $;459,32 $;0,00 $;30,00;95,00 $;650,00 $;190,68 $;0,11%;
05/10/2020;1;5797,48 $;-315,68 $;0,00 $;-315,68 $;5,68 $;-500,76 $;-315,68 $;0,00%;-315,68 $;0,00 $;-315,68 $;0,00 $;-315,68 $;15,00;335,00 $;105,00 $;420,68 $;0,11%;
06/10/2020;1;5956,80 $;159,32 $;159,32 $;0,00 $;5,68 $;-341,44 $;0,00 $;100,00%;159,32 $;159,32 $;0,00 $;159,32 $;0,00 $;15,00;145,00 $;290,00 $;130,68 $;0,11%;
12/10/2020;1;5391,12 $;-565,68 $;0,00 $;-565,68 $;5,68 $;-907,12 $;-565,68 $;0,00%;-565,68 $;0,00 $;-565,68 $;0,00 $;-565,68 $;15,00;660,00 $;75,00 $;640,68 $;0,11%;
13/10/2020;1;6585,44 $;1194,32 $;1194,32 $;0,00 $;5,68 $;0,00 $;0,00 $;100,00%;1194,32 $;1194,32 $;0,00 $;1194,32 $;0,00 $;30,00;180,00 $;1470,00 $;275,68 $;0,11%;
14/10/2020;1;6404,76 $;-180,68 $;0,00 $;-180,68 $;5,68 $;-180,68 $;-180,68 $;0,00%;-180,68 $;0,00 $;-180,68 $;0,00 $;-180,68 $;30,00;590,00 $;125,00 $;305,68 $;0,11%;
16/10/2020;1;6814,08 $;409,32 $;409,32 $;0,00 $;5,68 $;0,00 $;0,00 $;100,00%;409,32 $;409,32 $;0,00 $;409,32 $;0,00 $;30,00;220,00 $;820,00 $;410,68 $;0,11%;
27/10/2020;1;6518,40 $;-295,68 $;0,00 $;-295,68 $;5,68 $;-295,68 $;-295,68 $;0,00%;-295,68 $;0,00 $;-295,68 $;0,00 $;-295,68 $;30,00;635,00 $;40,00 $;335,68 $;0,11%;
29/10/2020;1;6777,72 $;259,32 $;259,32 $;0,00 $;5,68 $;-36,36 $;0,00 $;100,00%;259,32 $;259,32 $;0,00 $;259,32 $;0,00 $;30,00;155,00 $;465,00 $;205,68 $;0,11%;
30/10/2020;1;6387,04 $;-390,68 $;0,00 $;-390,68 $;5,68 $;-427,04 $;-390,68 $;0,00%;-390,68 $;0,00 $;-390,68 $;0,00 $;-390,68 $;30,00;635,00 $;275,00 $;665,68 $;0,11%;
02/11/2020;1;6436,36 $;49,32 $;49,32 $;0,00 $;5,68 $;-377,72 $;0,00 $;100,00%;49,32 $;49,32 $;0,00 $;49,32 $;0,00 $;30,00;315,00 $;115,00 $;65,68 $;0,11%;
03/11/2020;1;6860,68 $;424,32 $;424,32 $;0,00 $;5,68 $;0,00 $;0,00 $;100,00%;424,32 $;424,32 $;0,00 $;424,32 $;0,00 $;15,00;15,00 $;495,00 $;70,68 $;0,11%;
05/11/2020;1;7440,00 $;579,32 $;579,32 $;0,00 $;5,68 $;0,00 $;0,00 $;100,00%;579,32 $;579,32 $;0,00 $;579,32 $;0,00 $;30,00;150,00 $;590,00 $;10,68 $;0,11%;
10/11/2020;1;8594,32 $;1154,32 $;1154,32 $;0,00 $;5,68 $;0,00 $;0,00 $;100,00%;1154,32 $;1154,32 $;0,00 $;1154,32 $;0,00 $;30,00;90,00 $;1340,00 $;185,68 $;0,11%;
11/11/2020;1;8723,64 $;129,32 $;129,32 $;0,00 $;5,68 $;0,00 $;0,00 $;100,00%;129,32 $;129,32 $;0,00 $;129,32 $;0,00 $;30,00;130,00 $;605,00 $;475,68 $;0,11%;
17/11/2020;1;8972,96 $;249,32 $;249,32 $;0,00 $;5,68 $;0,00 $;0,00 $;100,00%;249,32 $;249,32 $;0,00 $;249,32 $;0,00 $;30,00;85,00 $;390,00 $;140,68 $;0,11%;
20/11/2020;1;8772,28 $;-200,68 $;0,00 $;-200,68 $;5,68 $;-200,68 $;-200,68 $;0,00%;-200,68 $;0,00 $;-200,68 $;0,00 $;-200,68 $;30,00;220,00 $;60,00 $;260,68 $;0,11%;
23/11/2020;1;8811,60 $;39,32 $;39,32 $;0,00 $;5,68 $;-161,36 $;0,00 $;100,00%;39,32 $;39,32 $;0,00 $;39,32 $;0,00 $;30,00;65,00 $;70,00 $;30,68 $;0,11%;
25/11/2020;1;8975,92 $;164,32 $;164,32 $;0,00 $;5,68 $;0,00 $;0,00 $;100,00%;164,32 $;164,32 $;0,00 $;164,32 $;0,00 $;30,00;105,00 $;255,00 $;90,68 $;0,11%;
27/11/2020;1;8995,24 $;19,32 $;19,32 $;0,00 $;5,68 $;0,00 $;0,00 $;100,00%;19,32 $;19,32 $;0,00 $;19,32 $;0,00 $;15,00;35,00 $;60,00 $;40,68 $;0,11%;
30/11/2020;1;9089,56 $;94,32 $;94,32 $;0,00 $;5,68 $;0,00 $;0,00 $;100,00%;94,32 $;94,32 $;0,00 $;94,32 $;0,00 $;30,00;25,00 $;460,00 $;365,68 $;0,11%;
01/12/2020;1;9098,88 $;9,32 $;9,32 $;0,00 $;5,68 $;0,00 $;0,00 $;100,00%;9,32 $;9,32 $;0,00 $;9,32 $;0,00 $;30,00;160,00 $;120,00 $;110,68 $;0,11%;
02/12/2020;1;9283,20 $;184,32 $;184,32 $;0,00 $;5,68 $;0,00 $;0,00 $;100,00%;184,32 $;184,32 $;0,00 $;184,32 $;0,00 $;30,00;135,00 $;205,00 $;20,68 $;0,11%;
04/12/2020;1;9282,52 $;-0,68 $;0,00 $;-0,68 $;5,68 $;-0,68 $;-0,68 $;0,00%;-0,68 $;0,00 $;-0,68 $;0,00 $;-0,68 $;15,00;50,00 $;15,00 $;15,68 $;0,11%;
07/12/2020;1;9281,84 $;-0,68 $;0,00 $;-0,68 $;5,68 $;-1,36 $;-0,68 $;0,00%;-0,68 $;0,00 $;-0,68 $;0,00 $;-0,68 $;30,00;90,00 $;120,00 $;120,68 $;0,11%;
08/12/2020;1;8666,16 $;-615,68 $;0,00 $;-615,68 $;5,68 $;-617,04 $;-615,68 $;0,00%;-615,68 $;0,00 $;-615,68 $;0,00 $;-615,68 $;30,00;720,00 $;0,00 $;615,68 $;0,11%;
11/12/2020;1;9175,48 $;509,32 $;509,32 $;0,00 $;5,68 $;-107,72 $;0,00 $;100,00%;509,32 $;509,32 $;0,00 $;509,32 $;0,00 $;30,00;85,00 $;515,00 $;5,68 $;0,11%;
14/12/2020;1;8789,80 $;-385,68 $;0,00 $;-385,68 $;5,68 $;-493,40 $;-385,68 $;0,00%;-385,68 $;0,00 $;-385,68 $;0,00 $;-385,68 $;30,00;525,00 $;20,00 $;405,68 $;0,11%;
24/12/2020;1;8809,12 $;19,32 $;19,32 $;0,00 $;5,68 $;-474,08 $;0,00 $;100,00%;19,32 $;19,32 $;0,00 $;19,32 $;0,00 $;30,00;45,00 $;35,00 $;15,68 $;0,11%;
28/12/2020;1;8873,44 $;64,32 $;64,32 $;0,00 $;5,68 $;-409,76 $;0,00 $;100,00%;64,32 $;64,32 $;0,00 $;64,32 $;0,00 $;30,00;50,00 $;70,00 $;5,68 $;0,11%;
31/12/2020;1;8942,76 $;69,32 $;69,32 $;0,00 $;5,68 $;-340,44 $;0,00 $;100,00%;69,32 $;69,32 $;0,00 $;69,32 $;0,00 $;30,00;60,00 $;75,00 $;5,68 $;0,11%;
05/01/2021;1;9527,08 $;584,32 $;584,32 $;0,00 $;5,68 $;0,00 $;0,00 $;100,00%;584,32 $;584,32 $;0,00 $;584,32 $;0,00 $;30,00;20,00 $;850,00 $;265,68 $;0,11%;
06/01/2021;1;10411,40 $;884,32 $;884,32 $;0,00 $;5,68 $;0,00 $;0,00 $;100,00%;884,32 $;884,32 $;0,00 $;884,32 $;0,00 $;30,00;120,00 $;1010,00 $;125,68 $;0,11%;
08/01/2021;1;10660,72 $;249,32 $;249,32 $;0,00 $;5,68 $;0,00 $;0,00 $;100,00%;249,32 $;249,32 $;0,00 $;249,32 $;0,00 $;30,00;20,00 $;255,00 $;5,68 $;0,11%;
11/01/2021;1;10850,04 $;189,32 $;189,32 $;0,00 $;5,68 $;0,00 $;0,00 $;100,00%;189,32 $;189,32 $;0,00 $;189,32 $;0,00 $;15,00;5,00 $;225,00 $;35,68 $;0,11%;
13/01/2021;1;11119,36 $;269,32 $;269,32 $;0,00 $;5,68 $;0,00 $;0,00 $;100,00%;269,32 $;269,32 $;0,00 $;269,32 $;0,00 $;30,00;120,00 $;505,00 $;235,68 $;0,11%;
15/01/2021;1;11273,68 $;154,32 $;154,32 $;0,00 $;5,68 $;0,00 $;0,00 $;100,00%;154,32 $;154,32 $;0,00 $;154,32 $;0,00 $;30,00;135,00 $;170,00 $;15,68 $;0,11%;
18/01/2021;1;11303,00 $;29,32 $;29,32 $;0,00 $;5,68 $;0,00 $;0,00 $;100,00%;29,32 $;29,32 $;0,00 $;29,32 $;0,00 $;30,00;35,00 $;165,00 $;135,68 $;0,11%;
19/01/2021;1;11277,32 $;-25,68 $;0,00 $;-25,68 $;5,68 $;-25,68 $;-25,68 $;0,00%;-25,68 $;0,00 $;-25,68 $;0,00 $;-25,68 $;30,00;35,00 $;85,00 $;110,68 $;0,11%;
20/01/2021;1;11176,64 $;-100,68 $;0,00 $;-100,68 $;5,68 $;-126,36 $;-100,68 $;0,00%;-100,68 $;0,00 $;-100,68 $;0,00 $;-100,68 $;30,00;125,00 $;80,00 $;180,68 $;0,11%;
22/01/2021;1;11215,96 $;39,32 $;39,32 $;0,00 $;5,68 $;-87,04 $;0,00 $;100,00%;39,32 $;39,32 $;0,00 $;39,32 $;0,00 $;30,00;290,00 $;90,00 $;50,68 $;0,11%;
25/01/2021;1;11380,28 $;164,32 $;164,32 $;0,00 $;5,68 $;0,00 $;0,00 $;100,00%;164,32 $;164,32 $;0,00 $;164,32 $;0,00 $;30,00;85,00 $;325,00 $;160,68 $;0,11%;
26/01/2021;1;11044,60 $;-335,68 $;0,00 $;-335,68 $;5,68 $;-335,68 $;-335,68 $;0,00%;-335,68 $;0,00 $;-335,68 $;0,00 $;-335,68 $;30,00;660,00 $;150,00 $;485,68 $;0,11%;
27/01/2021;1;9643,92 $;-1400,68 $;0,00 $;-1400,68 $;5,68 $;-1736,36 $;-1400,68 $;0,00%;-1400,68 $;0,00 $;-1400,68 $;0,00 $;-1400,68 $;30,00;1510,00 $;60,00 $;1460,68 $;0,11%;
28/01/2021;1;9968,24 $;324,32 $;324,32 $;0,00 $;5,68 $;-1412,04 $;0,00 $;100,00%;324,32 $;324,32 $;0,00 $;324,32 $;0,00 $;30,00;190,00 $;550,00 $;225,68 $;0,11%;
29/01/2021;1;10102,56 $;134,32 $;134,32 $;0,00 $;5,68 $;-1277,72 $;0,00 $;100,00%;134,32 $;134,32 $;0,00 $;134,32 $;0,00 $;30,00;535,00 $;440,00 $;305,68 $;0,11%;
01/02/2021;1;10876,88 $;774,32 $;774,32 $;0,00 $;5,68 $;-503,40 $;0,00 $;100,00%;774,32 $;774,32 $;0,00 $;774,32 $;0,00 $;30,00;105,00 $;850,00 $;75,68 $;0,11%;
03/02/2021;1;10536,20 $;-340,68 $;0,00 $;-340,68 $;5,68 $;-844,08 $;-340,68 $;0,00%;-340,68 $;0,00 $;-340,68 $;0,00 $;-340,68 $;30,00;380,00 $;85,00 $;425,68 $;0,11%;
04/02/2021;1;10955,52 $;419,32 $;419,32 $;0,00 $;5,68 $;-424,76 $;0,00 $;100,00%;419,32 $;419,32 $;0,00 $;419,32 $;0,00 $;30,00;75,00 $;550,00 $;130,68 $;0,11%;
09/02/2021;1;11159,84 $;204,32 $;204,32 $;0,00 $;5,68 $;-220,44 $;0,00 $;100,00%;204,32 $;204,32 $;0,00 $;204,32 $;0,00 $;30,00;10,00 $;220,00 $;15,68 $;0,11%;
11/02/2021;1;11334,16 $;174,32 $;174,32 $;0,00 $;5,68 $;-46,12 $;0,00 $;100,00%;174,32 $;174,32 $;0,00 $;174,32 $;0,00 $;30,00;0,00 $;180,00 $;5,68 $;0,11%;
12/02/2021;1;11523,48 $;189,32 $;189,32 $;0,00 $;5,68 $;0,00 $;0,00 $;100,00%;189,32 $;189,32 $;0,00 $;189,32 $;0,00 $;30,00;10,00 $;235,00 $;45,68 $;0,11%;
17/02/2021;1;11587,80 $;64,32 $;64,32 $;0,00 $;5,68 $;0,00 $;0,00 $;100,00%;64,32 $;64,32 $;0,00 $;64,32 $;0,00 $;30,00;90,00 $;120,00 $;55,68 $;0,11%;
18/02/2021;1;11777,12 $;189,32 $;189,32 $;0,00 $;5,68 $;0,00 $;0,00 $;100,00%;189,32 $;189,32 $;0,00 $;189,32 $;0,00 $;30,00;135,00 $;210,00 $;20,68 $;0,11%;
22/02/2021;1;11786,44 $;9,32 $;9,32 $;0,00 $;5,68 $;0,00 $;0,00 $;100,00%;9,32 $;9,32 $;0,00 $;9,32 $;0,00 $;30,00;550,00 $;115,00 $;105,68 $;0,11%;
25/02/2021;1;11700,76 $;-85,68 $;0,00 $;-85,68 $;5,68 $;-85,68 $;-85,68 $;0,00%;-85,68 $;0,00 $;-85,68 $;0,00 $;-85,68 $;30,00;635,00 $;215,00 $;300,68 $;0,11%;
26/02/2021;1;11210,08 $;-490,68 $;0,00 $;-490,68 $;5,68 $;-576,36 $;-490,68 $;0,00%;-490,68 $;0,00 $;-490,68 $;0,00 $;-490,68 $;30,00;1395,00 $;90,00 $;580,68 $;0,11%;
04/03/2021;1;12454,40 $;1244,32 $;1244,32 $;0,00 $;5,68 $;0,00 $;0,00 $;100,00%;1244,32 $;1244,32 $;0,00 $;1244,32 $;0,00 $;30,00;180,00 $;1485,00 $;240,68 $;0,11%;
05/03/2021;1;12518,72 $;64,32 $;64,32 $;0,00 $;5,68 $;0,00 $;0,00 $;100,00%;64,32 $;64,32 $;0,00 $;64,32 $;0,00 $;30,00;615,00 $;175,00 $;110,68 $;0,11%;
09/03/2021;1;12418,04 $;-100,68 $;0,00 $;-100,68 $;5,68 $;-100,68 $;-100,68 $;0,00%;-100,68 $;0,00 $;-100,68 $;0,00 $;-100,68 $;30,00;425,00 $;400,00 $;500,68 $;0,11%;
10/03/2021;1;13377,36 $;959,32 $;959,32 $;0,00 $;5,68 $;0,00 $;0,00 $;100,00%;959,32 $;959,32 $;0,00 $;959,32 $;0,00 $;30,00;25,00 $;1070,00 $;110,68 $;0,11%;
11/03/2021;1;13646,68 $;269,32 $;269,32 $;0,00 $;5,68 $;0,00 $;0,00 $;100,00%;269,32 $;269,32 $;0,00 $;269,32 $;0,00 $;15,00;85,00 $;275,00 $;5,68 $;0,11%;
16/03/2021;1;13571,00 $;-75,68 $;0,00 $;-75,68 $;5,68 $;-75,68 $;-75,68 $;0,00%;-75,68 $;0,00 $;-75,68 $;0,00 $;-75,68 $;15,00;90,00 $;55,00 $;130,68 $;0,11%;
22/03/2021;1;13730,32 $;159,32 $;159,32 $;0,00 $;5,68 $;0,00 $;0,00 $;100,00%;159,32 $;159,32 $;0,00 $;159,32 $;0,00 $;30,00;150,00 $;270,00 $;110,68 $;0,11%;
25/03/2021;1;13924,64 $;194,32 $;194,32 $;0,00 $;5,68 $;0,00 $;0,00 $;100,00%;194,32 $;194,32 $;0,00 $;194,32 $;0,00 $;30,00;40,00 $;305,00 $;110,68 $;0,11%;
26/03/2021;1;13728,96 $;-195,68 $;0,00 $;-195,68 $;5,68 $;-195,68 $;-195,68 $;0,00%;-195,68 $;0,00 $;-195,68 $;0,00 $;-195,68 $;15,00;210,00 $;160,00 $;355,68 $;0,11%;
29/03/2021;1;13563,28 $;-165,68 $;0,00 $;-165,68 $;5,68 $;-361,36 $;-165,68 $;0,00%;-165,68 $;0,00 $;-165,68 $;0,00 $;-165,68 $;30,00;350,00 $;105,00 $;270,68 $;0,11%;
30/03/2021;1;14012,60 $;449,32 $;449,32 $;0,00 $;5,68 $;0,00 $;0,00 $;100,00%;449,32 $;449,32 $;0,00 $;449,32 $;0,00 $;15,00;60,00 $;465,00 $;15,68 $;0,11%;
31/03/2021;1;13736,92 $;-275,68 $;0,00 $;-275,68 $;5,68 $;-275,68 $;-275,68 $;0,00%;-275,68 $;0,00 $;-275,68 $;0,00 $;-275,68 $;30,00;505,00 $;35,00 $;310,68 $;0,11%;
02/04/2021;1;13796,24 $;59,32 $;59,32 $;0,00 $;5,68 $;-216,36 $;0,00 $;100,00%;59,32 $;59,32 $;0,00 $;59,32 $;0,00 $;15,00;65,00 $;100,00 $;40,68 $;0,11%;
05/04/2021;1;14165,56 $;369,32 $;369,32 $;0,00 $;5,68 $;0,00 $;0,00 $;100,00%;369,32 $;369,32 $;0,00 $;369,32 $;0,00 $;30,00;35,00 $;435,00 $;65,68 $;0,11%;
07/04/2021;1;14384,88 $;219,32 $;219,32 $;0,00 $;5,68 $;0,00 $;0,00 $;100,00%;219,32 $;219,32 $;0,00 $;219,32 $;0,00 $;30,00;100,00 $;295,00 $;75,68 $;0,11%;
08/04/2021;1;14644,20 $;259,32 $;259,32 $;0,00 $;5,68 $;0,00 $;0,00 $;100,00%;259,32 $;259,32 $;0,00 $;259,32 $;0,00 $;30,00;55,00 $;280,00 $;20,68 $;0,11%;
09/04/2021;1;14903,52 $;259,32 $;259,32 $;0,00 $;5,68 $;0,00 $;0,00 $;100,00%;259,32 $;259,32 $;0,00 $;259,32 $;0,00 $;30,00;10,00 $;460,00 $;200,68 $;0,11%;
12/04/2021;1;14797,84 $;-105,68 $;0,00 $;-105,68 $;5,68 $;-105,68 $;-105,68 $;0,00%;-105,68 $;0,00 $;-105,68 $;0,00 $;-105,68 $;30,00;155,00 $;95,00 $;200,68 $;0,11%;
13/04/2021;1;14812,16 $;14,32 $;14,32 $;0,00 $;5,68 $;-91,36 $;0,00 $;100,00%;14,32 $;14,32 $;0,00 $;14,32 $;0,00 $;30,00;250,00 $;175,00 $;160,68 $;0,11%;
16/04/2021;1;14681,48 $;-130,68 $;0,00 $;-130,68 $;5,68 $;-222,04 $;-130,68 $;0,00%;-130,68 $;0,00 $;-130,68 $;0,00 $;-130,68 $;30,00;220,00 $;40,00 $;170,68 $;0,11%;
19/04/2021;1;14065,80 $;-615,68 $;0,00 $;-615,68 $;5,68 $;-837,72 $;-615,68 $;0,00%;-615,68 $;0,00 $;-615,68 $;0,00 $;-615,68 $;30,00;885,00 $;15,00 $;630,68 $;0,11%;
20/04/2021;1;14210,12 $;144,32 $;144,32 $;0,00 $;5,68 $;-693,40 $;0,00 $;100,00%;144,32 $;144,32 $;0,00 $;144,32 $;0,00 $;30,00;595,00 $;295,00 $;150,68 $;0,11%;
22/04/2021;1;14169,44 $;-40,68 $;0,00 $;-40,68 $;5,68 $;-734,08 $;-40,68 $;0,00%;-40,68 $;0,00 $;-40,68 $;0,00 $;-40,68 $;30,00;140,00 $;190,00 $;230,68 $;0,11%;
23/04/2021;1;14243,76 $;74,32 $;74,32 $;0,00 $;5,68 $;-659,76 $;0,00 $;100,00%;74,32 $;74,32 $;0,00 $;74,32 $;0,00 $;30,00;55,00 $;175,00 $;100,68 $;0,11%;
27/04/2021;1;14378,08 $;134,32 $;134,32 $;0,00 $;5,68 $;-525,44 $;0,00 $;100,00%;134,32 $;134,32 $;0,00 $;134,32 $;0,00 $;30,00;160,00 $;205,00 $;70,68 $;0,11%;
30/04/2021;1;13742,40 $;-635,68 $;0,00 $;-635,68 $;5,68 $;-1161,12 $;-635,68 $;0,00%;-635,68 $;0,00 $;-635,68 $;0,00 $;-635,68 $;30,00;1020,00 $;80,00 $;715,68 $;0,11%;
03/05/2021;1;13916,72 $;174,32 $;174,32 $;0,00 $;5,68 $;-986,80 $;0,00 $;100,00%;174,32 $;174,32 $;0,00 $;174,32 $;0,00 $;15,00;80,00 $;230,00 $;55,68 $;0,11%;
05/05/2021;1;13781,04 $;-135,68 $;0,00 $;-135,68 $;5,68 $;-1122,48 $;-135,68 $;0,00%;-135,68 $;0,00 $;-135,68 $;0,00 $;-135,68 $;15,00;150,00 $;35,00 $;170,68 $;0,11%;
07/05/2021;1;13545,36 $;-235,68 $;0,00 $;-235,68 $;5,68 $;-1358,16 $;-235,68 $;0,00%;-235,68 $;0,00 $;-235,68 $;0,00 $;-235,68 $;30,00;395,00 $;45,00 $;280,68 $;0,11%;
10/05/2021;1;13494,68 $;-50,68 $;0,00 $;-50,68 $;5,68 $;-1408,84 $;-50,68 $;0,00%;-50,68 $;0,00 $;-50,68 $;0,00 $;-50,68 $;15,00;255,00 $;25,00 $;75,68 $;0,11%;
11/05/2021;1;13829,00 $;334,32 $;334,32 $;0,00 $;5,68 $;-1074,52 $;0,00 $;100,00%;334,32 $;334,32 $;0,00 $;334,32 $;0,00 $;15,00;225,00 $;395,00 $;60,68 $;0,11%;
17/05/2021;1;13848,32 $;19,32 $;19,32 $;0,00 $;5,68 $;-1055,20 $;0,00 $;100,00%;19,32 $;19,32 $;0,00 $;19,32 $;0,00 $;30,00;105,00 $;200,00 $;180,68 $;0,11%;
24/05/2021;1;13862,64 $;14,32 $;14,32 $;0,00 $;5,68 $;-1040,88 $;0,00 $;100,00%;14,32 $;14,32 $;0,00 $;14,32 $;0,00 $;30,00;30,00 $;185,00 $;170,68 $;0,11%;
31/05/2021;1;14096,96 $;234,32 $;234,32 $;0,00 $;5,68 $;-806,56 $;0,00 $;100,00%;234,32 $;234,32 $;0,00 $;234,32 $;0,00 $;30,00;195,00 $;240,00 $;5,68 $;0,11%;
02/06/2021;1;14001,28 $;-95,68 $;0,00 $;-95,68 $;5,68 $;-902,24 $;-95,68 $;0,00%;-95,68 $;0,00 $;-95,68 $;0,00 $;-95,68 $;15,00;130,00 $;35,00 $;130,68 $;0,11%;
03/06/2021;1;12985,60 $;-1015,68 $;0,00 $;-1015,68 $;5,68 $;-1917,92 $;-1015,68 $;0,00%;-1015,68 $;0,00 $;-1015,68 $;0,00 $;-1015,68 $;30,00;1210,00 $;40,00 $;1055,68 $;0,11%;
04/06/2021;1;12884,92 $;-100,68 $;0,00 $;-100,68 $;5,68 $;-2018,60 $;-100,68 $;0,00%;-100,68 $;0,00 $;-100,68 $;0,00 $;-100,68 $;30,00;155,00 $;605,00 $;705,68 $;0,11%;
08/06/2021;1;13814,24 $;929,32 $;929,32 $;0,00 $;5,68 $;-1089,28 $;0,00 $;100,00%;929,32 $;929,32 $;0,00 $;929,32 $;0,00 $;30,00;230,00 $;1015,00 $;85,68 $;0,11%;
09/06/2021;1;13353,56 $;-460,68 $;0,00 $;-460,68 $;5,68 $;-1549,96 $;-460,68 $;0,00%;-460,68 $;0,00 $;-460,68 $;0,00 $;-460,68 $;30,00;500,00 $;5,00 $;465,68 $;0,11%;
10/06/2021;1;13317,88 $;-35,68 $;0,00 $;-35,68 $;5,68 $;-1585,64 $;-35,68 $;0,00%;-35,68 $;0,00 $;-35,68 $;0,00 $;-35,68 $;15,00;170,00 $;75,00 $;110,68 $;0,11%;
11/06/2021;1;12797,20 $;-520,68 $;0,00 $;-520,68 $;5,68 $;-2106,32 $;-520,68 $;0,00%;-520,68 $;0,00 $;-520,68 $;0,00 $;-520,68 $;30,00;550,00 $;0,00 $;520,68 $;0,11%;
14/06/2021;1;12761,52 $;-35,68 $;0,00 $;-35,68 $;5,68 $;-2142,00 $;-35,68 $;0,00%;-35,68 $;0,00 $;-35,68 $;0,00 $;-35,68 $;15,00;110,00 $;35,00 $;70,68 $;0,11%;
15/06/2021;1;12960,84 $;199,32 $;199,32 $;0,00 $;5,68 $;-1942,68 $;0,00 $;100,00%;199,32 $;199,32 $;0,00 $;199,32 $;0,00 $;30,00;150,00 $;215,00 $;15,68 $;0,11%;
16/06/2021;1;13140,16 $;179,32 $;179,32 $;0,00 $;5,68 $;-1763,36 $;0,00 $;100,00%;179,32 $;179,32 $;0,00 $;179,32 $;0,00 $;30,00;60,00 $;210,00 $;30,68 $;0,11%;
17/06/2021;1;13119,48 $;-20,68 $;0,00 $;-20,68 $;5,68 $;-1784,04 $;-20,68 $;0,00%;-20,68 $;0,00 $;-20,68 $;0,00 $;-20,68 $;30,00;105,00 $;395,00 $;415,68 $;0,11%;
18/06/2021;1;13058,80 $;-60,68 $;0,00 $;-60,68 $;5,68 $;-1844,72 $;-60,68 $;0,00%;-60,68 $;0,00 $;-60,68 $;0,00 $;-60,68 $;30,00;120,00 $;90,00 $;150,68 $;0,11%;
22/06/2021;1;12903,12 $;-155,68 $;0,00 $;-155,68 $;5,68 $;-2000,40 $;-155,68 $;0,00%;-155,68 $;0,00 $;-155,68 $;0,00 $;-155,68 $;15,00;255,00 $;5,00 $;160,68 $;0,11%;
29/06/2021;1;12582,44 $;-320,68 $;0,00 $;-320,68 $;5,68 $;-2321,08 $;-320,68 $;0,00%;-320,68 $;0,00 $;-320,68 $;0,00 $;-320,68 $;30,00;320,00 $;65,00 $;385,68 $;0,11%;
01/07/2021;1;12291,76 $;-290,68 $;0,00 $;-290,68 $;5,68 $;-2611,76 $;-290,68 $;0,00%;-290,68 $;0,00 $;-290,68 $;0,00 $;-290,68 $;30,00;500,00 $;115,00 $;405,68 $;0,11%;
02/07/2021;1;12221,08 $;-70,68 $;0,00 $;-70,68 $;5,68 $;-2682,44 $;-70,68 $;0,00%;-70,68 $;0,00 $;-70,68 $;0,00 $;-70,68 $;30,00;215,00 $;50,00 $;120,68 $;0,11%;
06/07/2021;1;12090,40 $;-130,68 $;0,00 $;-130,68 $;5,68 $;-2813,12 $;-130,68 $;0,00%;-130,68 $;0,00 $;-130,68 $;0,00 $;-130,68 $;30,00;450,00 $;120,00 $;250,68 $;0,11%;
08/07/2021;1;13049,72 $;959,32 $;959,32 $;0,00 $;5,68 $;-1853,80 $;0,00 $;100,00%;959,32 $;959,32 $;0,00 $;959,32 $;0,00 $;30,00;185,00 $;1020,00 $;60,68 $;0,11%;
09/07/2021;1;13124,04 $;74,32 $;74,32 $;0,00 $;5,68 $;-1779,48 $;0,00 $;100,00%;74,32 $;74,32 $;0,00 $;74,32 $;0,00 $;30,00;60,00 $;255,00 $;180,68 $;0,11%;
13/07/2021;1;13003,36 $;-120,68 $;0,00 $;-120,68 $;5,68 $;-1900,16 $;-120,68 $;0,00%;-120,68 $;0,00 $;-120,68 $;0,00 $;-120,68 $;30,00;145,00 $;15,00 $;135,68 $;0,11%;
15/07/2021;1;12947,68 $;-55,68 $;0,00 $;-55,68 $;5,68 $;-1955,84 $;-55,68 $;0,00%;-55,68 $;0,00 $;-55,68 $;0,00 $;-55,68 $;30,00;285,00 $;365,00 $;420,68 $;0,11%;
20/07/2021;1;12772,00 $;-175,68 $;0,00 $;-175,68 $;5,68 $;-2131,52 $;-175,68 $;0,00%;-175,68 $;0,00 $;-175,68 $;0,00 $;-175,68 $;30,00;195,00 $;305,00 $;480,68 $;0,11%;
22/07/2021;1;12941,32 $;169,32 $;169,32 $;0,00 $;5,68 $;-1962,20 $;0,00 $;100,00%;169,32 $;169,32 $;0,00 $;169,32 $;0,00 $;30,00;10,00 $;230,00 $;60,68 $;0,11%;
27/07/2021;1;12730,64 $;-210,68 $;0,00 $;-210,68 $;5,68 $;-2172,88 $;-210,68 $;0,00%;-210,68 $;0,00 $;-210,68 $;0,00 $;-210,68 $;30,00;215,00 $;0,00 $;210,68 $;0,11%;
29/07/2021;1;12554,96 $;-175,68 $;0,00 $;-175,68 $;5,68 $;-2348,56 $;-175,68 $;0,00%;-175,68 $;0,00 $;-175,68 $;0,00 $;-175,68 $;15,00;475,00 $;55,00 $;230,68 $;0,11%;
30/07/2021;1;12044,28 $;-510,68 $;0,00 $;-510,68 $;5,68 $;-2859,24 $;-510,68 $;0,00%;-510,68 $;0,00 $;-510,68 $;0,00 $;-510,68 $;30,00;515,00 $;60,00 $;570,68 $;0,11%;
04/08/2021;1;12103,60 $;59,32 $;59,32 $;0,00 $;5,68 $;-2799,92 $;0,00 $;100,00%;59,32 $;59,32 $;0,00 $;59,32 $;0,00 $;30,00;90,00 $;110,00 $;50,68 $;0,11%;
05/08/2021;1;12092,92 $;-10,68 $;0,00 $;-10,68 $;5,68 $;-2810,60 $;-10,68 $;0,00%;-10,68 $;0,00 $;-10,68 $;0,00 $;-10,68 $;30,00;145,00 $;60,00 $;70,68 $;0,11%;
06/08/2021;1;12132,24 $;39,32 $;39,32 $;0,00 $;5,68 $;-2771,28 $;0,00 $;100,00%;39,32 $;39,32 $;0,00 $;39,32 $;0,00 $;30,00;50,00 $;75,00 $;35,68 $;0,11%;
09/08/2021;1;12006,56 $;-125,68 $;0,00 $;-125,68 $;5,68 $;-2896,96 $;-125,68 $;0,00%;-125,68 $;0,00 $;-125,68 $;0,00 $;-125,68 $;30,00;255,00 $;20,00 $;145,68 $;0,11%;
12/08/2021;1;11875,88 $;-130,68 $;0,00 $;-130,68 $;5,68 $;-3027,64 $;-130,68 $;0,00%;-130,68 $;0,00 $;-130,68 $;0,00 $;-130,68 $;30,00;320,00 $;0,00 $;130,68 $;0,11%;
16/08/2021;1;12195,20 $;319,32 $;319,32 $;0,00 $;5,68 $;-2708,32 $;0,00 $;100,00%;319,32 $;319,32 $;0,00 $;319,32 $;0,00 $;30,00;65,00 $;340,00 $;20,68 $;0,11%;
18/08/2021;1;12149,52 $;-45,68 $;0,00 $;-45,68 $;5,68 $;-2754,00 $;-45,68 $;0,00%;-45,68 $;0,00 $;-45,68 $;0,00 $;-45,68 $;15,00;240,00 $;55,00 $;100,68 $;0,11%;
25/08/2021;1;12093,84 $;-55,68 $;0,00 $;-55,68 $;5,68 $;-2809,68 $;-55,68 $;0,00%;-55,68 $;0,00 $;-55,68 $;0,00 $;-55,68 $;15,00;100,00 $;10,00 $;65,68 $;0,11%;
30/08/2021;1;12218,16 $;124,32 $;124,32 $;0,00 $;5,68 $;-2685,36 $;0,00 $;100,00%;124,32 $;124,32 $;0,00 $;124,32 $;0,00 $;30,00;25,00 $;165,00 $;40,68 $;0,11%;
31/08/2021;1;11427,48 $;-790,68 $;0,00 $;-790,68 $;5,68 $;-3476,04 $;-790,68 $;0,00%;-790,68 $;0,00 $;-790,68 $;0,00 $;-790,68 $;30,00;995,00 $;45,00 $;835,68 $;0,11%;
01/09/2021;1;11261,80 $;-165,68 $;0,00 $;-165,68 $;5,68 $;-3641,72 $;-165,68 $;0,00%;-165,68 $;0,00 $;-165,68 $;0,00 $;-165,68 $;30,00;195,00 $;100,00 $;265,68 $;0,11%;
03/09/2021;1;11326,12 $;64,32 $;64,32 $;0,00 $;5,68 $;-3577,40 $;0,00 $;100,00%;64,32 $;64,32 $;0,00 $;64,32 $;0,00 $;30,00;35,00 $;95,00 $;30,68 $;0,11%;
13/09/2021;1;11170,44 $;-155,68 $;0,00 $;-155,68 $;5,68 $;-3733,08 $;-155,68 $;0,00%;-155,68 $;0,00 $;-155,68 $;0,00 $;-155,68 $;30,00;180,00 $;45,00 $;200,68 $;0,11%;
16/09/2021;1;11199,76 $;29,32 $;29,32 $;0,00 $;5,68 $;-3703,76 $;0,00 $;100,00%;29,32 $;29,32 $;0,00 $;29,32 $;0,00 $;15,00;85,00 $;70,00 $;40,68 $;0,11%;
17/09/2021;1;11274,08 $;74,32 $;74,32 $;0,00 $;5,68 $;-3629,44 $;0,00 $;100,00%;74,32 $;74,32 $;0,00 $;74,32 $;0,00 $;30,00;175,00 $;120,00 $;45,68 $;0,11%;
24/09/2021;1;11033,40 $;-240,68 $;0,00 $;-240,68 $;5,68 $;-3870,12 $;-240,68 $;0,00%;-240,68 $;0,00 $;-240,68 $;0,00 $;-240,68 $;30,00;350,00 $;135,00 $;375,68 $;0,11%;
27/09/2021;1;10327,72 $;-705,68 $;0,00 $;-705,68 $;5,68 $;-4575,80 $;-705,68 $;0,00%;-705,68 $;0,00 $;-705,68 $;0,00 $;-705,68 $;30,00;1010,00 $;60,00 $;765,68 $;0,11%;
28/09/2021;1;9817,04 $;-510,68 $;0,00 $;-510,68 $;5,68 $;-5086,48 $;-510,68 $;0,00%;-510,68 $;0,00 $;-510,68 $;0,00 $;-510,68 $;30,00;550,00 $;190,00 $;700,68 $;0,11%;
29/09/2021;1;10166,36 $;349,32 $;349,32 $;0,00 $;5,68 $;-4737,16 $;0,00 $;100,00%;349,32 $;349,32 $;0,00 $;349,32 $;0,00 $;30,00;130,00 $;410,00 $;60,68 $;0,11%;
30/09/2021;1;10285,68 $;119,32 $;119,32 $;0,00 $;5,68 $;-4617,84 $;0,00 $;100,00%;119,32 $;119,32 $;0,00 $;119,32 $;0,00 $;30,00;120,00 $;410,00 $;290,68 $;0,11%;
11/10/2021;1;9775,00 $;-510,68 $;0,00 $;-510,68 $;5,68 $;-5128,52 $;-510,68 $;0,00%;-510,68 $;0,00 $;-510,68 $;0,00 $;-510,68 $;30,00;780,00 $;100,00 $;610,68 $;0,11%;
13/10/2021;1;9949,32 $;174,32 $;174,32 $;0,00 $;5,68 $;-4954,20 $;0,00 $;100,00%;174,32 $;174,32 $;0,00 $;174,32 $;0,00 $;30,00;75,00 $;325,00 $;150,68 $;0,11%;
15/10/2021;1;10233,64 $;284,32 $;284,32 $;0,00 $;5,68 $;-4669,88 $;0,00 $;100,00%;284,32 $;284,32 $;0,00 $;284,32 $;0,00 $;30,00;30,00 $;355,00 $;70,68 $;0,11%;
18/10/2021;1;10387,96 $;154,32 $;154,32 $;0,00 $;5,68 $;-4515,56 $;0,00 $;100,00%;154,32 $;154,32 $;0,00 $;154,32 $;0,00 $;30,00;75,00 $;280,00 $;125,68 $;0,11%;
19/10/2021;1;10257,28 $;-130,68 $;0,00 $;-130,68 $;5,68 $;-4646,24 $;-130,68 $;0,00%;-130,68 $;0,00 $;-130,68 $;0,00 $;-130,68 $;30,00;200,00 $;85,00 $;215,68 $;0,11%;
20/10/2021;1;10131,60 $;-125,68 $;0,00 $;-125,68 $;5,68 $;-4771,92 $;-125,68 $;0,00%;-125,68 $;0,00 $;-125,68 $;0,00 $;-125,68 $;30,00;215,00 $;135,00 $;260,68 $;0,11%;
21/10/2021;1;10260,92 $;129,32 $;129,32 $;0,00 $;5,68 $;-4642,60 $;0,00 $;100,00%;129,32 $;129,32 $;0,00 $;129,32 $;0,00 $;30,00;165,00 $;205,00 $;75,68 $;0,11%;
22/10/2021;1;10130,24 $;-130,68 $;0,00 $;-130,68 $;5,68 $;-4773,28 $;-130,68 $;0,00%;-130,68 $;0,00 $;-130,68 $;0,00 $;-130,68 $;30,00;250,00 $;5,00 $;135,68 $;0,11%;
25/10/2021;1;10149,56 $;19,32 $;19,32 $;0,00 $;5,68 $;-4753,96 $;0,00 $;100,00%;19,32 $;19,32 $;0,00 $;19,32 $;0,00 $;30,00;85,00 $;50,00 $;30,68 $;0,11%;
27/10/2021;1;9953,88 $;-195,68 $;0,00 $;-195,68 $;5,68 $;-4949,64 $;-195,68 $;0,00%;-195,68 $;0,00 $;-195,68 $;0,00 $;-195,68 $;30,00;370,00 $;250,00 $;445,68 $;0,11%;
29/10/2021;1;10418,20 $;464,32 $;464,32 $;0,00 $;5,68 $;-4485,32 $;0,00 $;100,00%;464,32 $;464,32 $;0,00 $;464,32 $;0,00 $;30,00;0,00 $;575,00 $;110,68 $;0,11%;
04/11/2021;1;10352,52 $;-65,68 $;0,00 $;-65,68 $;5,68 $;-4551,00 $;-65,68 $;0,00%;-65,68 $;0,00 $;-65,68 $;0,00 $;-65,68 $;15,00;125,00 $;30,00 $;95,68 $;0,11%;
05/11/2021;1;10681,84 $;329,32 $;329,32 $;0,00 $;5,68 $;-4221,68 $;0,00 $;100,00%;329,32 $;329,32 $;0,00 $;329,32 $;0,00 $;30,00;0,00 $;370,00 $;40,68 $;0,11%;
08/11/2021;1;10811,16 $;129,32 $;129,32 $;0,00 $;5,68 $;-4092,36 $;0,00 $;100,00%;129,32 $;129,32 $;0,00 $;129,32 $;0,00 $;15,00;20,00 $;140,00 $;10,68 $;0,11%;
09/11/2021;1;11045,48 $;234,32 $;234,32 $;0,00 $;5,68 $;-3858,04 $;0,00 $;100,00%;234,32 $;234,32 $;0,00 $;234,32 $;0,00 $;30,00;10,00 $;245,00 $;10,68 $;0,11%;
10/11/2021;1;11184,80 $;139,32 $;139,32 $;0,00 $;5,68 $;-3718,72 $;0,00 $;100,00%;139,32 $;139,32 $;0,00 $;139,32 $;0,00 $;15,00;85,00 $;230,00 $;90,68 $;0,11%;
16/11/2021;1;11034,12 $;-150,68 $;0,00 $;-150,68 $;5,68 $;-3869,40 $;-150,68 $;0,00%;-150,68 $;0,00 $;-150,68 $;0,00 $;-150,68 $;15,00;210,00 $;20,00 $;170,68 $;0,11%;
17/11/2021;1;10928,44 $;-105,68 $;0,00 $;-105,68 $;5,68 $;-3975,08 $;-105,68 $;0,00%;-105,68 $;0,00 $;-105,68 $;0,00 $;-105,68 $;15,00;105,00 $;70,00 $;175,68 $;0,11%;
18/11/2021;1;10967,76 $;39,32 $;39,32 $;0,00 $;5,68 $;-3935,76 $;0,00 $;100,00%;39,32 $;39,32 $;0,00 $;39,32 $;0,00 $;30,00;120,00 $;90,00 $;50,68 $;0,11%;
23/11/2021;1;11472,08 $;504,32 $;504,32 $;0,00 $;5,68 $;-3431,44 $;0,00 $;100,00%;504,32 $;504,32 $;0,00 $;504,32 $;0,00 $;30,00;15,00 $;755,00 $;250,68 $;0,11%;
24/11/2021;1;11501,40 $;29,32 $;29,32 $;0,00 $;5,68 $;-3402,12 $;0,00 $;100,00%;29,32 $;29,32 $;0,00 $;29,32 $;0,00 $;30,00;15,00 $;685,00 $;655,68 $;0,11%;
25/11/2021;1;11745,72 $;244,32 $;244,32 $;0,00 $;5,68 $;-3157,80 $;0,00 $;100,00%;244,32 $;244,32 $;0,00 $;244,32 $;0,00 $;30,00;65,00 $;260,00 $;15,68 $;0,11%;
29/11/2021;1;12125,04 $;379,32 $;379,32 $;0,00 $;5,68 $;-2778,48 $;0,00 $;100,00%;379,32 $;379,32 $;0,00 $;379,32 $;0,00 $;30,00;50,00 $;400,00 $;20,68 $;0,11%;
03/12/2021;1;11914,36 $;-210,68 $;0,00 $;-210,68 $;5,68 $;-2989,16 $;-210,68 $;0,00%;-210,68 $;0,00 $;-210,68 $;0,00 $;-210,68 $;15,00;255,00 $;175,00 $;385,68 $;0,11%;
07/12/2021;1;11723,68 $;-190,68 $;0,00 $;-190,68 $;5,68 $;-3179,84 $;-190,68 $;0,00%;-190,68 $;0,00 $;-190,68 $;0,00 $;-190,68 $;30,00;495,00 $;0,00 $;190,68 $;0,11%;
08/12/2021;1;12068,00 $;344,32 $;344,32 $;0,00 $;5,68 $;-2835,52 $;0,00 $;100,00%;344,32 $;344,32 $;0,00 $;344,32 $;0,00 $;15,00;940,00 $;525,00 $;180,68 $;0,11%;
09/12/2021;1;11982,32 $;-85,68 $;0,00 $;-85,68 $;5,68 $;-2921,20 $;-85,68 $;0,00%;-85,68 $;0,00 $;-85,68 $;0,00 $;-85,68 $;30,00;390,00 $;170,00 $;255,68 $;0,11%;
10/12/2021;1;12001,64 $;19,32 $;19,32 $;0,00 $;5,68 $;-2901,88 $;0,00 $;100,00%;19,32 $;19,32 $;0,00 $;19,32 $;0,00 $;30,00;195,00 $;215,00 $;195,68 $;0,11%;
13/12/2021;1;12025,96 $;24,32 $;24,32 $;0,00 $;5,68 $;-2877,56 $;0,00 $;100,00%;24,32 $;24,32 $;0,00 $;24,32 $;0,00 $;30,00;295,00 $;420,00 $;395,68 $;0,11%;
15/12/2021;1;12180,28 $;154,32 $;154,32 $;0,00 $;5,68 $;-2723,24 $;0,00 $;100,00%;154,32 $;154,32 $;0,00 $;154,32 $;0,00 $;30,00;380,00 $;230,00 $;75,68 $;0,11%;
16/12/2021;1;12209,60 $;29,32 $;29,32 $;0,00 $;5,68 $;-2693,92 $;0,00 $;100,00%;29,32 $;29,32 $;0,00 $;29,32 $;0,00 $;30,00;420,00 $;65,00 $;35,68 $;0,11%;
21/12/2021;1;12263,92 $;54,32 $;54,32 $;0,00 $;5,68 $;-2639,60 $;0,00 $;100,00%;54,32 $;54,32 $;0,00 $;54,32 $;0,00 $;30,00;130,00 $;285,00 $;230,68 $;0,11%;
22/12/2021;1;11898,24 $;-365,68 $;0,00 $;-365,68 $;5,68 $;-3005,28 $;-365,68 $;0,00%;-365,68 $;0,00 $;-365,68 $;0,00 $;-365,68 $;30,00;470,00 $;125,00 $;490,68 $;0,11%;
23/12/2021;1;11977,56 $;79,32 $;79,32 $;0,00 $;5,68 $;-2925,96 $;0,00 $;100,00%;79,32 $;79,32 $;0,00 $;79,32 $;0,00 $;30,00;0,00 $;240,00 $;160,68 $;0,11%;
29/12/2021;1;12106,88 $;129,32 $;129,32 $;0,00 $;5,68 $;-2796,64 $;0,00 $;100,00%;129,32 $;129,32 $;0,00 $;129,32 $;0,00 $;30,00;40,00 $;155,00 $;25,68 $;0,11%;
31/12/2021;1;11786,20 $;-320,68 $;0,00 $;-320,68 $;5,68 $;-3117,32 $;-320,68 $;0,00%;-320,68 $;0,00 $;-320,68 $;0,00 $;-320,68 $;30,00;485,00 $;10,00 $;330,68 $;0,11%;
03/01/2022;1;11695,52 $;-90,68 $;0,00 $;-90,68 $;5,68 $;-3208,00 $;-90,68 $;0,00%;-90,68 $;0,00 $;-90,68 $;0,00 $;-90,68 $;30,00;170,00 $;85,00 $;175,68 $;0,11%;
04/01/2022;1;11874,84 $;179,32 $;179,32 $;0,00 $;5,68 $;-3028,68 $;0,00 $;100,00%;179,32 $;179,32 $;0,00 $;179,32 $;0,00 $;30,00;65,00 $;210,00 $;30,68 $;0,11%;
05/01/2022;1;12114,16 $;239,32 $;239,32 $;0,00 $;5,68 $;-2789,36 $;0,00 $;100,00%;239,32 $;239,32 $;0,00 $;239,32 $;0,00 $;30,00;165,00 $;310,00 $;70,68 $;0,11%;
06/01/2022;1;11893,48 $;-220,68 $;0,00 $;-220,68 $;5,68 $;-3010,04 $;-220,68 $;0,00%;-220,68 $;0,00 $;-220,68 $;0,00 $;-220,68 $;30,00;440,00 $;330,00 $;550,68 $;0,11%;
07/01/2022;1;12362,80 $;469,32 $;469,32 $;0,00 $;5,68 $;-2540,72 $;0,00 $;100,00%;469,32 $;469,32 $;0,00 $;469,32 $;0,00 $;30,00;135,00 $;510,00 $;40,68 $;0,11%;
10/01/2022;1;12562,12 $;199,32 $;199,32 $;0,00 $;5,68 $;-2341,40 $;0,00 $;100,00%;199,32 $;199,32 $;0,00 $;199,32 $;0,00 $;30,00;485,00 $;330,00 $;130,68 $;0,11%;
12/01/2022;1;12791,44 $;229,32 $;229,32 $;0,00 $;5,68 $;-2112,08 $;0,00 $;100,00%;229,32 $;229,32 $;0,00 $;229,32 $;0,00 $;30,00;290,00 $;260,00 $;30,68 $;0,11%;
14/01/2022;1;12790,76 $;-0,68 $;0,00 $;-0,68 $;5,68 $;-2112,76 $;-0,68 $;0,00%;-0,68 $;0,00 $;-0,68 $;0,00 $;-0,68 $;15,00;220,00 $;315,00 $;315,68 $;0,11%;
20/01/2022;1;12985,08 $;194,32 $;194,32 $;0,00 $;5,68 $;-1918,44 $;0,00 $;100,00%;194,32 $;194,32 $;0,00 $;194,32 $;0,00 $;30,00;30,00 $;555,00 $;360,68 $;0,11%;
25/01/2022;1;11844,40 $;-1140,68 $;0,00 $;-1140,68 $;5,68 $;-3059,12 $;-1140,68 $;0,00%;-1140,68 $;0,00 $;-1140,68 $;0,00 $;-1140,68 $;30,00;1675,00 $;40,00 $;1180,68 $;0,11%;
26/01/2022;1;11098,72 $;-745,68 $;0,00 $;-745,68 $;5,68 $;-3804,80 $;-745,68 $;0,00%;-745,68 $;0,00 $;-745,68 $;0,00 $;-745,68 $;30,00;845,00 $;30,00 $;775,68 $;0,11%;
28/01/2022;1;10938,04 $;-160,68 $;0,00 $;-160,68 $;5,68 $;-3965,48 $;-160,68 $;0,00%;-160,68 $;0,00 $;-160,68 $;0,00 $;-160,68 $;30,00;815,00 $;140,00 $;300,68 $;0,11%;
03/02/2022;1;11587,36 $;649,32 $;649,32 $;0,00 $;5,68 $;-3316,16 $;0,00 $;100,00%;649,32 $;649,32 $;0,00 $;649,32 $;0,00 $;30,00;140,00 $;805,00 $;155,68 $;0,11%;
04/02/2022;1;10436,68 $;-1150,68 $;0,00 $;-1150,68 $;5,68 $;-4466,84 $;-1150,68 $;0,00%;-1150,68 $;0,00 $;-1150,68 $;0,00 $;-1150,68 $;30,00;1210,00 $;215,00 $;1365,68 $;0,11%;
07/02/2022;1;10281,00 $;-155,68 $;0,00 $;-155,68 $;5,68 $;-4622,52 $;-155,68 $;0,00%;-155,68 $;0,00 $;-155,68 $;0,00 $;-155,68 $;15,00;345,00 $;150,00 $;305,68 $;0,11%;
08/02/2022;1;10000,32 $;-280,68 $;0,00 $;-280,68 $;5,68 $;-4903,20 $;-280,68 $;0,00%;-280,68 $;0,00 $;-280,68 $;0,00 $;-280,68 $;30,00;680,00 $;300,00 $;580,68 $;0,11%;
09/02/2022;1;9374,64 $;-625,68 $;0,00 $;-625,68 $;5,68 $;-5528,88 $;-625,68 $;0,00%;-625,68 $;0,00 $;-625,68 $;0,00 $;-625,68 $;30,00;765,00 $;25,00 $;650,68 $;0,11%;
15/02/2022;1;8988,96 $;-385,68 $;0,00 $;-385,68 $;5,68 $;-5914,56 $;-385,68 $;0,00%;-385,68 $;0,00 $;-385,68 $;0,00 $;-385,68 $;30,00;905,00 $;5,00 $;390,68 $;0,11%;
21/02/2022;1;8783,28 $;-205,68 $;0,00 $;-205,68 $;5,68 $;-6120,24 $;-205,68 $;0,00%;-205,68 $;0,00 $;-205,68 $;0,00 $;-205,68 $;30,00;1035,00 $;235,00 $;440,68 $;0,11%;
24/02/2022;1;9972,60 $;1189,32 $;1189,32 $;0,00 $;5,68 $;-4930,92 $;0,00 $;100,00%;1189,32 $;1189,32 $;0,00 $;1189,32 $;0,00 $;30,00;540,00 $;1300,00 $;110,68 $;0,11%;
25/02/2022;1;10011,92 $;39,32 $;39,32 $;0,00 $;5,68 $;-4891,60 $;0,00 $;100,00%;39,32 $;39,32 $;0,00 $;39,32 $;0,00 $;15,00;950,00 $;675,00 $;635,68 $;0,11%;
03/03/2022;1;10671,24 $;659,32 $;659,32 $;0,00 $;5,68 $;-4232,28 $;0,00 $;100,00%;659,32 $;659,32 $;0,00 $;659,32 $;0,00 $;30,00;135,00 $;940,00 $;280,68 $;0,11%;
09/03/2022;1;11175,56 $;504,32 $;504,32 $;0,00 $;5,68 $;-3727,96 $;0,00 $;100,00%;504,32 $;504,32 $;0,00 $;504,32 $;0,00 $;30,00;265,00 $;865,00 $;360,68 $;0,11%;
10/03/2022;1;10434,88 $;-740,68 $;0,00 $;-740,68 $;5,68 $;-4468,64 $;-740,68 $;0,00%;-740,68 $;0,00 $;-740,68 $;0,00 $;-740,68 $;30,00;1220,00 $;80,00 $;820,68 $;0,11%;
11/03/2022;1;10194,20 $;-240,68 $;0,00 $;-240,68 $;5,68 $;-4709,32 $;-240,68 $;0,00%;-240,68 $;0,00 $;-240,68 $;0,00 $;-240,68 $;30,00;895,00 $;590,00 $;830,68 $;0,11%;
16/03/2022;1;10153,52 $;-40,68 $;0,00 $;-40,68 $;5,68 $;-4750,00 $;-40,68 $;0,00%;-40,68 $;0,00 $;-40,68 $;0,00 $;-40,68 $;30,00;300,00 $;315,00 $;355,68 $;0,11%;
17/03/2022;1;10877,84 $;724,32 $;724,32 $;0,00 $;5,68 $;-4025,68 $;0,00 $;100,00%;724,32 $;724,32 $;0,00 $;724,32 $;0,00 $;30,00;85,00 $;795,00 $;70,68 $;0,11%;
23/03/2022;1;10817,16 $;-60,68 $;0,00 $;-60,68 $;5,68 $;-4086,36 $;-60,68 $;0,00%;-60,68 $;0,00 $;-60,68 $;0,00 $;-60,68 $;30,00;340,00 $;280,00 $;340,68 $;0,11%;
25/03/2022;1;10436,48 $;-380,68 $;0,00 $;-380,68 $;5,68 $;-4467,04 $;-380,68 $;0,00%;-380,68 $;0,00 $;-380,68 $;0,00 $;-380,68 $;30,00;460,00 $;190,00 $;570,68 $;0,11%;
28/03/2022;1;10195,80 $;-240,68 $;0,00 $;-240,68 $;5,68 $;-4707,72 $;-240,68 $;0,00%;-240,68 $;0,00 $;-240,68 $;0,00 $;-240,68 $;30,00;455,00 $;160,00 $;400,68 $;0,11%;
30/03/2022;1;10455,12 $;259,32 $;259,32 $;0,00 $;5,68 $;-4448,40 $;0,00 $;100,00%;259,32 $;259,32 $;0,00 $;259,32 $;0,00 $;30,00;10,00 $;475,00 $;215,68 $;0,11%;
31/03/2022;1;10149,44 $;-305,68 $;0,00 $;-305,68 $;5,68 $;-4754,08 $;-305,68 $;0,00%;-305,68 $;0,00 $;-305,68 $;0,00 $;-305,68 $;30,00;325,00 $;160,00 $;465,68 $;0,11%;
01/04/2022;1;10363,76 $;214,32 $;214,32 $;0,00 $;5,68 $;-4539,76 $;0,00 $;100,00%;214,32 $;214,32 $;0,00 $;214,32 $;0,00 $;30,00;65,00 $;385,00 $;170,68 $;0,11%;
04/04/2022;1;10583,08 $;219,32 $;219,32 $;0,00 $;5,68 $;-4320,44 $;0,00 $;100,00%;219,32 $;219,32 $;0,00 $;219,32 $;0,00 $;30,00;15,00 $;300,00 $;80,68 $;0,11%;
05/04/2022;1;10802,40 $;219,32 $;219,32 $;0,00 $;5,68 $;-4101,12 $;0,00 $;100,00%;219,32 $;219,32 $;0,00 $;219,32 $;0,00 $;30,00;210,00 $;265,00 $;45,68 $;0,11%;
06/04/2022;1;10281,72 $;-520,68 $;0,00 $;-520,68 $;5,68 $;-4621,80 $;-520,68 $;0,00%;-520,68 $;0,00 $;-520,68 $;0,00 $;-520,68 $;30,00;595,00 $;10,00 $;530,68 $;0,11%;
07/04/2022;1;10681,04 $;399,32 $;399,32 $;0,00 $;5,68 $;-4222,48 $;0,00 $;100,00%;399,32 $;399,32 $;0,00 $;399,32 $;0,00 $;30,00;70,00 $;445,00 $;45,68 $;0,11%;
08/04/2022;1;11440,36 $;759,32 $;759,32 $;0,00 $;5,68 $;-3463,16 $;0,00 $;100,00%;759,32 $;759,32 $;0,00 $;759,32 $;0,00 $;30,00;120,00 $;825,00 $;65,68 $;0,11%;
12/04/2022;1;11799,68 $;359,32 $;359,32 $;0,00 $;5,68 $;-3103,84 $;0,00 $;100,00%;359,32 $;359,32 $;0,00 $;359,32 $;0,00 $;15,00;10,00 $;385,00 $;25,68 $;0,11%;
13/04/2022;1;12734,00 $;934,32 $;934,32 $;0,00 $;5,68 $;-2169,52 $;0,00 $;100,00%;934,32 $;934,32 $;0,00 $;934,32 $;0,00 $;30,00;45,00 $;1010,00 $;75,68 $;0,11%;
14/04/2022;1;12603,32 $;-130,68 $;0,00 $;-130,68 $;5,68 $;-2300,20 $;-130,68 $;0,00%;-130,68 $;0,00 $;-130,68 $;0,00 $;-130,68 $;30,00;510,00 $;35,00 $;165,68 $;0,11%;
20/04/2022;1;12742,64 $;139,32 $;139,32 $;0,00 $;5,68 $;-2160,88 $;0,00 $;100,00%;139,32 $;139,32 $;0,00 $;139,32 $;0,00 $;15,00;145,00 $;275,00 $;135,68 $;0,11%;
22/04/2022;1;13136,96 $;394,32 $;394,32 $;0,00 $;5,68 $;-1766,56 $;0,00 $;100,00%;394,32 $;394,32 $;0,00 $;394,32 $;0,00 $;30,00;250,00 $;660,00 $;265,68 $;0,11%;
26/04/2022;1;13006,28 $;-130,68 $;0,00 $;-130,68 $;5,68 $;-1897,24 $;-130,68 $;0,00%;-130,68 $;0,00 $;-130,68 $;0,00 $;-130,68 $;30,00;140,00 $;385,00 $;515,68 $;0,11%;
27/04/2022;1;12715,60 $;-290,68 $;0,00 $;-290,68 $;5,68 $;-2187,92 $;-290,68 $;0,00%;-290,68 $;0,00 $;-290,68 $;0,00 $;-290,68 $;30,00;575,00 $;575,00 $;865,68 $;0,11%;
29/04/2022;1;12634,92 $;-80,68 $;0,00 $;-80,68 $;5,68 $;-2268,60 $;-80,68 $;0,00%;-80,68 $;0,00 $;-80,68 $;0,00 $;-80,68 $;30,00;365,00 $;200,00 $;280,68 $;0,11%;
02/05/2022;1;12944,24 $;309,32 $;309,32 $;0,00 $;5,68 $;-1959,28 $;0,00 $;100,00%;309,32 $;309,32 $;0,00 $;309,32 $;0,00 $;30,00;300,00 $;535,00 $;225,68 $;0,11%;
03/05/2022;1;12668,56 $;-275,68 $;0,00 $;-275,68 $;5,68 $;-2234,96 $;-275,68 $;0,00%;-275,68 $;0,00 $;-275,68 $;0,00 $;-275,68 $;30,00;590,00 $;90,00 $;365,68 $;0,11%;
04/05/2022;1;12442,88 $;-225,68 $;0,00 $;-225,68 $;5,68 $;-2460,64 $;-225,68 $;0,00%;-225,68 $;0,00 $;-225,68 $;0,00 $;-225,68 $;30,00;460,00 $;25,00 $;250,68 $;0,11%;
09/05/2022;1;11377,20 $;-1065,68 $;0,00 $;-1065,68 $;5,68 $;-3526,32 $;-1065,68 $;0,00%;-1065,68 $;0,00 $;-1065,68 $;0,00 $;-1065,68 $;30,00;1445,00 $;45,00 $;1110,68 $;0,11%;
11/05/2022;1;11501,52 $;124,32 $;124,32 $;0,00 $;5,68 $;-3402,00 $;0,00 $;100,00%;124,32 $;124,32 $;0,00 $;124,32 $;0,00 $;15,00;160,00 $;170,00 $;45,68 $;0,11%;
16/05/2022;1;11505,84 $;4,32 $;4,32 $;0,00 $;5,68 $;-3397,68 $;0,00 $;100,00%;4,32 $;4,32 $;0,00 $;4,32 $;0,00 $;30,00;385,00 $;175,00 $;170,68 $;0,11%;
18/05/2022;1;11710,16 $;204,32 $;204,32 $;0,00 $;5,68 $;-3193,36 $;0,00 $;100,00%;204,32 $;204,32 $;0,00 $;204,32 $;0,00 $;15,00;60,00 $;245,00 $;40,68 $;0,11%;
26/05/2022;1;11219,48 $;-490,68 $;0,00 $;-490,68 $;5,68 $;-3684,04 $;-490,68 $;0,00%;-490,68 $;0,00 $;-490,68 $;0,00 $;-490,68 $;30,00;820,00 $;145,00 $;635,68 $;0,11%;
27/05/2022;1;10943,80 $;-275,68 $;0,00 $;-275,68 $;5,68 $;-3959,72 $;-275,68 $;0,00%;-275,68 $;0,00 $;-275,68 $;0,00 $;-275,68 $;15,00;315,00 $;360,00 $;635,68 $;0,11%;
01/06/2022;1;10908,12 $;-35,68 $;0,00 $;-35,68 $;5,68 $;-3995,40 $;-35,68 $;0,00%;-35,68 $;0,00 $;-35,68 $;0,00 $;-35,68 $;30,00;300,00 $;365,00 $;400,68 $;0,11%;
03/06/2022;1;10092,44 $;-815,68 $;0,00 $;-815,68 $;5,68 $;-4811,08 $;-815,68 $;0,00%;-815,68 $;0,00 $;-815,68 $;0,00 $;-815,68 $;30,00;995,00 $;180,00 $;995,68 $;0,11%;
07/06/2022;1;9896,76 $;-195,68 $;0,00 $;-195,68 $;5,68 $;-5006,76 $;-195,68 $;0,00%;-195,68 $;0,00 $;-195,68 $;0,00 $;-195,68 $;30,00;365,00 $;630,00 $;825,68 $;0,11%;
08/06/2022;1;10526,08 $;629,32 $;629,32 $;0,00 $;5,68 $;-4377,44 $;0,00 $;100,00%;629,32 $;629,32 $;0,00 $;629,32 $;0,00 $;30,00;140,00 $;790,00 $;160,68 $;0,11%;
09/06/2022;1;11015,40 $;489,32 $;489,32 $;0,00 $;5,68 $;-3888,12 $;0,00 $;100,00%;489,32 $;489,32 $;0,00 $;489,32 $;0,00 $;30,00;235,00 $;515,00 $;25,68 $;0,11%;
10/06/2022;1;11289,72 $;274,32 $;274,32 $;0,00 $;5,68 $;-3613,80 $;0,00 $;100,00%;274,32 $;274,32 $;0,00 $;274,32 $;0,00 $;30,00;90,00 $;315,00 $;40,68 $;0,11%;
14/06/2022;1;12089,04 $;799,32 $;799,32 $;0,00 $;5,68 $;-2814,48 $;0,00 $;100,00%;799,32 $;799,32 $;0,00 $;799,32 $;0,00 $;30,00;150,00 $;1175,00 $;375,68 $;0,11%;
17/06/2022;1;12083,36 $;-5,68 $;0,00 $;-5,68 $;5,68 $;-2820,16 $;-5,68 $;0,00%;-5,68 $;0,00 $;-5,68 $;0,00 $;-5,68 $;15,00;85,00 $;310,00 $;315,68 $;0,11%;
20/06/2022;1;12172,68 $;89,32 $;89,32 $;0,00 $;5,68 $;-2730,84 $;0,00 $;100,00%;89,32 $;89,32 $;0,00 $;89,32 $;0,00 $;15,00;145,00 $;150,00 $;60,68 $;0,11%;
23/06/2022;1;11512,00 $;-660,68 $;0,00 $;-660,68 $;5,68 $;-3391,52 $;-660,68 $;0,00%;-660,68 $;0,00 $;-660,68 $;0,00 $;-660,68 $;30,00;780,00 $;320,00 $;980,68 $;0,11%;
24/06/2022;1;11646,32 $;134,32 $;134,32 $;0,00 $;5,68 $;-3257,20 $;0,00 $;100,00%;134,32 $;134,32 $;0,00 $;134,32 $;0,00 $;30,00;210,00 $;160,00 $;25,68 $;0,11%;
29/06/2022;1;11700,64 $;54,32 $;54,32 $;0,00 $;5,68 $;-3202,88 $;0,00 $;100,00%;54,32 $;54,32 $;0,00 $;54,32 $;0,00 $;30,00;280,00 $;250,00 $;195,68 $;0,11%;
01/07/2022;1;12359,96 $;659,32 $;659,32 $;0,00 $;5,68 $;-2543,56 $;0,00 $;100,00%;659,32 $;659,32 $;0,00 $;659,32 $;0,00 $;30,00;95,00 $;855,00 $;195,68 $;0,11%;
04/07/2022;1;12489,28 $;129,32 $;129,32 $;0,00 $;5,68 $;-2414,24 $;0,00 $;100,00%;129,32 $;129,32 $;0,00 $;129,32 $;0,00 $;15,00;0,00 $;190,00 $;60,68 $;0,11%;
06/07/2022;1;13008,60 $;519,32 $;519,32 $;0,00 $;5,68 $;-1894,92 $;0,00 $;100,00%;519,32 $;519,32 $;0,00 $;519,32 $;0,00 $;30,00;110,00 $;745,00 $;225,68 $;0,11%;
08/07/2022;1;13942,92 $;934,32 $;934,32 $;0,00 $;5,68 $;-960,60 $;0,00 $;100,00%;934,32 $;934,32 $;0,00 $;934,32 $;0,00 $;30,00;115,00 $;1065,00 $;130,68 $;0,11%;
11/07/2022;1;13967,24 $;24,32 $;24,32 $;0,00 $;5,68 $;-936,28 $;0,00 $;100,00%;24,32 $;24,32 $;0,00 $;24,32 $;0,00 $;30,00;180,00 $;200,00 $;175,68 $;0,11%;
12/07/2022;1;14316,56 $;349,32 $;349,32 $;0,00 $;5,68 $;-586,96 $;0,00 $;100,00%;349,32 $;349,32 $;0,00 $;349,32 $;0,00 $;30,00;195,00 $;380,00 $;30,68 $;0,11%;
15/07/2022;1;14260,88 $;-55,68 $;0,00 $;-55,68 $;5,68 $;-642,64 $;-55,68 $;0,00%;-55,68 $;0,00 $;-55,68 $;0,00 $;-55,68 $;30,00;245,00 $;70,00 $;125,68 $;0,11%;
19/07/2022;1;14115,20 $;-145,68 $;0,00 $;-145,68 $;5,68 $;-788,32 $;-145,68 $;0,00%;-145,68 $;0,00 $;-145,68 $;0,00 $;-145,68 $;30,00;490,00 $;35,00 $;180,68 $;0,11%;
20/07/2022;1;14134,52 $;19,32 $;19,32 $;0,00 $;5,68 $;-769,00 $;0,00 $;100,00%;19,32 $;19,32 $;0,00 $;19,32 $;0,00 $;15,00;530,00 $;155,00 $;135,68 $;0,11%;
21/07/2022;1;14648,84 $;514,32 $;514,32 $;0,00 $;5,68 $;-254,68 $;0,00 $;100,00%;514,32 $;514,32 $;0,00 $;514,32 $;0,00 $;30,00;55,00 $;595,00 $;80,68 $;0,11%;
22/07/2022;1;14858,16 $;209,32 $;209,32 $;0,00 $;5,68 $;-45,36 $;0,00 $;100,00%;209,32 $;209,32 $;0,00 $;209,32 $;0,00 $;15,00;110,00 $;230,00 $;20,68 $;0,11%;
25/07/2022;1;14777,48 $;-80,68 $;0,00 $;-80,68 $;5,68 $;-126,04 $;-80,68 $;0,00%;-80,68 $;0,00 $;-80,68 $;0,00 $;-80,68 $;30,00;85,00 $;220,00 $;300,68 $;0,11%;
26/07/2022;1;14836,80 $;59,32 $;59,32 $;0,00 $;5,68 $;-66,72 $;0,00 $;100,00%;59,32 $;59,32 $;0,00 $;59,32 $;0,00 $;30,00;375,00 $;235,00 $;175,68 $;0,11%;
27/07/2022;1;15036,12 $;199,32 $;199,32 $;0,00 $;5,68 $;0,00 $;0,00 $;100,00%;199,32 $;199,32 $;0,00 $;199,32 $;0,00 $;30,00;205,00 $;220,00 $;20,68 $;0,11%;
02/08/2022;1;15355,44 $;319,32 $;319,32 $;0,00 $;5,68 $;0,00 $;0,00 $;100,00%;319,32 $;319,32 $;0,00 $;319,32 $;0,00 $;30,00;155,00 $;390,00 $;70,68 $;0,11%;
04/08/2022;1;15334,76 $;-20,68 $;0,00 $;-20,68 $;5,68 $;-20,68 $;-20,68 $;0,00%;-20,68 $;0,00 $;-20,68 $;0,00 $;-20,68 $;30,00;430,00 $;105,00 $;125,68 $;0,11%;
05/08/2022;1;15244,08 $;-90,68 $;0,00 $;-90,68 $;5,68 $;-111,36 $;-90,68 $;0,00%;-90,68 $;0,00 $;-90,68 $;0,00 $;-90,68 $;30,00;285,00 $;125,00 $;215,68 $;0,11%;
08/08/2022;1;15068,40 $;-175,68 $;0,00 $;-175,68 $;5,68 $;-287,04 $;-175,68 $;0,00%;-175,68 $;0,00 $;-175,68 $;0,00 $;-175,68 $;15,00;180,00 $;95,00 $;270,68 $;0,11%;
09/08/2022;1;15152,72 $;84,32 $;84,32 $;0,00 $;5,68 $;-202,72 $;0,00 $;100,00%;84,32 $;84,32 $;0,00 $;84,32 $;0,00 $;30,00;220,00 $;155,00 $;70,68 $;0,11%;
16/08/2022;1;15207,04 $;54,32 $;54,32 $;0,00 $;5,68 $;-148,40 $;0,00 $;100,00%;54,32 $;54,32 $;0,00 $;54,32 $;0,00 $;30,00;115,00 $;160,00 $;105,68 $;0,11%;
17/08/2022;1;15236,36 $;29,32 $;29,32 $;0,00 $;5,68 $;-119,08 $;0,00 $;100,00%;29,32 $;29,32 $;0,00 $;29,32 $;0,00 $;30,00;325,00 $;160,00 $;130,68 $;0,11%;
18/08/2022;1;15455,68 $;219,32 $;219,32 $;0,00 $;5,68 $;0,00 $;0,00 $;100,00%;219,32 $;219,32 $;0,00 $;219,32 $;0,00 $;30,00;215,00 $;305,00 $;85,68 $;0,11%;
19/08/2022;1;15595,00 $;139,32 $;139,32 $;0,00 $;5,68 $;0,00 $;0,00 $;100,00%;139,32 $;139,32 $;0,00 $;139,32 $;0,00 $;15,00;145,00 $;195,00 $;55,68 $;0,11%;
23/08/2022;1;15854,32 $;259,32 $;259,32 $;0,00 $;5,68 $;0,00 $;0,00 $;100,00%;259,32 $;259,32 $;0,00 $;259,32 $;0,00 $;30,00;5,00 $;735,00 $;475,68 $;0,11%;
29/08/2022;1;15843,64 $;-10,68 $;0,00 $;-10,68 $;5,68 $;-10,68 $;-10,68 $;0,00%;-10,68 $;0,00 $;-10,68 $;0,00 $;-10,68 $;30,00;450,00 $;20,00 $;30,68 $;0,11%;
31/08/2022;1;15517,96 $;-325,68 $;0,00 $;-325,68 $;5,68 $;-336,36 $;-325,68 $;0,00%;-325,68 $;0,00 $;-325,68 $;0,00 $;-325,68 $;30,00;880,00 $;330,00 $;655,68 $;0,11%;
02/09/2022;1;15632,28 $;114,32 $;114,32 $;0,00 $;5,68 $;-222,04 $;0,00 $;100,00%;114,32 $;114,32 $;0,00 $;114,32 $;0,00 $;30,00;260,00 $;175,00 $;60,68 $;0,11%;
06/09/2022;1;16126,60 $;494,32 $;494,32 $;0,00 $;5,68 $;0,00 $;0,00 $;100,00%;494,32 $;494,32 $;0,00 $;494,32 $;0,00 $;30,00;10,00 $;600,00 $;105,68 $;0,11%;
09/09/2022;1;16265,92 $;139,32 $;139,32 $;0,00 $;5,68 $;0,00 $;0,00 $;100,00%;139,32 $;139,32 $;0,00 $;139,32 $;0,00 $;15,00;200,00 $;180,00 $;40,68 $;0,11%;
13/09/2022;1;15775,24 $;-490,68 $;0,00 $;-490,68 $;5,68 $;-490,68 $;-490,68 $;0,00%;-490,68 $;0,00 $;-490,68 $;0,00 $;-490,68 $;30,00;615,00 $;5,00 $;495,68 $;0,11%;
15/09/2022;1;16024,56 $;249,32 $;249,32 $;0,00 $;5,68 $;-241,36 $;0,00 $;100,00%;249,32 $;249,32 $;0,00 $;249,32 $;0,00 $;15,00;15,00 $;315,00 $;65,68 $;0,11%;
19/09/2022;1;16353,88 $;329,32 $;329,32 $;0,00 $;5,68 $;0,00 $;0,00 $;100,00%;329,32 $;329,32 $;0,00 $;329,32 $;0,00 $;30,00;120,00 $;360,00 $;30,68 $;0,11%;
20/09/2022;1;16423,20 $;69,32 $;69,32 $;0,00 $;5,68 $;0,00 $;0,00 $;100,00%;69,32 $;69,32 $;0,00 $;69,32 $;0,00 $;30,00;240,00 $;135,00 $;65,68 $;0,11%;
21/09/2022;1;16522,52 $;99,32 $;99,32 $;0,00 $;5,68 $;0,00 $;0,00 $;100,00%;99,32 $;99,32 $;0,00 $;99,32 $;0,00 $;30,00;130,00 $;495,00 $;395,68 $;0,11%;
23/09/2022;1;16086,84 $;-435,68 $;0,00 $;-435,68 $;5,68 $;-435,68 $;-435,68 $;0,00%;-435,68 $;0,00 $;-435,68 $;0,00 $;-435,68 $;15,00;540,00 $;95,00 $;530,68 $;0,11%;
27/09/2022;1;16191,16 $;104,32 $;104,32 $;0,00 $;5,68 $;-331,36 $;0,00 $;100,00%;104,32 $;104,32 $;0,00 $;104,32 $;0,00 $;30,00;230,00 $;360,00 $;255,68 $;0,11%;
28/09/2022;1;16650,48 $;459,32 $;459,32 $;0,00 $;5,68 $;0,00 $;0,00 $;100,00%;459,32 $;459,32 $;0,00 $;459,32 $;0,00 $;30,00;750,00 $;820,00 $;360,68 $;0,11%;
03/10/2022;1;16269,80 $;-380,68 $;0,00 $;-380,68 $;5,68 $;-380,68 $;-380,68 $;0,00%;-380,68 $;0,00 $;-380,68 $;0,00 $;-380,68 $;30,00;420,00 $;440,00 $;820,68 $;0,11%;
04/10/2022;1;16479,12 $;209,32 $;209,32 $;0,00 $;5,68 $;-171,36 $;0,00 $;100,00%;209,32 $;209,32 $;0,00 $;209,32 $;0,00 $;30,00;320,00 $;320,00 $;110,68 $;0,11%;
06/10/2022;1;16678,44 $;199,32 $;199,32 $;0,00 $;5,68 $;0,00 $;0,00 $;100,00%;199,32 $;199,32 $;0,00 $;199,32 $;0,00 $;30,00;75,00 $;345,00 $;145,68 $;0,11%;
07/10/2022;1;16907,76 $;229,32 $;229,32 $;0,00 $;5,68 $;0,00 $;0,00 $;100,00%;229,32 $;229,32 $;0,00 $;229,32 $;0,00 $;30,00;140,00 $;380,00 $;150,68 $;0,11%;
11/10/2022;1;17362,08 $;454,32 $;454,32 $;0,00 $;5,68 $;0,00 $;0,00 $;100,00%;454,32 $;454,32 $;0,00 $;454,32 $;0,00 $;30,00;60,00 $;490,00 $;35,68 $;0,11%;
17/10/2022;1;17071,40 $;-290,68 $;0,00 $;-290,68 $;5,68 $;-290,68 $;-290,68 $;0,00%;-290,68 $;0,00 $;-290,68 $;0,00 $;-290,68 $;30,00;390,00 $;325,00 $;615,68 $;0,11%;
18/10/2022;1;17205,72 $;134,32 $;134,32 $;0,00 $;5,68 $;-156,36 $;0,00 $;100,00%;134,32 $;134,32 $;0,00 $;134,32 $;0,00 $;30,00;700,00 $;290,00 $;155,68 $;0,11%;
20/10/2022;1;15860,04 $;-1345,68 $;0,00 $;-1345,68 $;5,68 $;-1502,04 $;-1345,68 $;0,00%;-1345,68 $;0,00 $;-1345,68 $;0,00 $;-1345,68 $;30,00;1725,00 $;20,00 $;1365,68 $;0,11%;
25/10/2022;1;16269,36 $;409,32 $;409,32 $;0,00 $;5,68 $;-1092,72 $;0,00 $;100,00%;409,32 $;409,32 $;0,00 $;409,32 $;0,00 $;30,00;105,00 $;445,00 $;35,68 $;0,11%;
27/10/2022;1;15823,68 $;-445,68 $;0,00 $;-445,68 $;5,68 $;-1538,40 $;-445,68 $;0,00%;-445,68 $;0,00 $;-445,68 $;0,00 $;-445,68 $;30,00;560,00 $;255,00 $;700,68 $;0,11%;
01/11/2022;1;15823,00 $;-0,68 $;0,00 $;-0,68 $;5,68 $;-1539,08 $;-0,68 $;0,00%;-0,68 $;0,00 $;-0,68 $;0,00 $;-0,68 $;30,00;195,00 $;80,00 $;80,68 $;0,11%;
02/11/2022;1;16052,32 $;229,32 $;229,32 $;0,00 $;5,68 $;-1309,76 $;0,00 $;100,00%;229,32 $;229,32 $;0,00 $;229,32 $;0,00 $;15,00;60,00 $;275,00 $;45,68 $;0,11%;
03/11/2022;1;16026,64 $;-25,68 $;0,00 $;-25,68 $;5,68 $;-1335,44 $;-25,68 $;0,00%;-25,68 $;0,00 $;-25,68 $;0,00 $;-25,68 $;30,00;265,00 $;135,00 $;160,68 $;0,11%;
07/11/2022;1;16175,96 $;149,32 $;149,32 $;0,00 $;5,68 $;-1186,12 $;0,00 $;100,00%;149,32 $;149,32 $;0,00 $;149,32 $;0,00 $;30,00;305,00 $;190,00 $;40,68 $;0,11%;
08/11/2022;1;15910,28 $;-265,68 $;0,00 $;-265,68 $;5,68 $;-1451,80 $;-265,68 $;0,00%;-265,68 $;0,00 $;-265,68 $;0,00 $;-265,68 $;15,00;425,00 $;0,00 $;265,68 $;0,11%;
10/11/2022;1;15949,60 $;39,32 $;39,32 $;0,00 $;5,68 $;-1412,48 $;0,00 $;100,00%;39,32 $;39,32 $;0,00 $;39,32 $;0,00 $;30,00;360,00 $;100,00 $;60,68 $;0,11%;
16/11/2022;1;15998,92 $;49,32 $;49,32 $;0,00 $;5,68 $;-1363,16 $;0,00 $;100,00%;49,32 $;49,32 $;0,00 $;49,32 $;0,00 $;15,00;95,00 $;255,00 $;205,68 $;0,11%;
17/11/2022;1;16433,24 $;434,32 $;434,32 $;0,00 $;5,68 $;-928,84 $;0,00 $;100,00%;434,32 $;434,32 $;0,00 $;434,32 $;0,00 $;30,00;395,00 $;455,00 $;20,68 $;0,11%;
18/11/2022;1;16507,56 $;74,32 $;74,32 $;0,00 $;5,68 $;-854,52 $;0,00 $;100,00%;74,32 $;74,32 $;0,00 $;74,32 $;0,00 $;30,00;110,00 $;260,00 $;185,68 $;0,11%;
22/11/2022;1;16761,88 $;254,32 $;254,32 $;0,00 $;5,68 $;-600,20 $;0,00 $;100,00%;254,32 $;254,32 $;0,00 $;254,32 $;0,00 $;15,00;145,00 $;260,00 $;5,68 $;0,11%;
24/11/2022;1;16791,20 $;29,32 $;29,32 $;0,00 $;5,68 $;-570,88 $;0,00 $;100,00%;29,32 $;29,32 $;0,00 $;29,32 $;0,00 $;15,00;0,00 $;65,00 $;35,68 $;0,11%;
05/12/2022;1;16660,52 $;-130,68 $;0,00 $;-130,68 $;5,68 $;-701,56 $;-130,68 $;0,00%;-130,68 $;0,00 $;-130,68 $;0,00 $;-130,68 $;15,00;170,00 $;20,00 $;150,68 $;0,11%;
07/12/2022;1;16599,84 $;-60,68 $;0,00 $;-60,68 $;5,68 $;-762,24 $;-60,68 $;0,00%;-60,68 $;0,00 $;-60,68 $;0,00 $;-60,68 $;15,00;350,00 $;10,00 $;70,68 $;0,11%;
09/12/2022;1;16539,16 $;-60,68 $;0,00 $;-60,68 $;5,68 $;-822,92 $;-60,68 $;0,00%;-60,68 $;0,00 $;-60,68 $;0,00 $;-60,68 $;30,00;80,00 $;250,00 $;310,68 $;0,11%;
12/12/2022;1;16573,48 $;34,32 $;34,32 $;0,00 $;5,68 $;-788,60 $;0,00 $;100,00%;34,32 $;34,32 $;0,00 $;34,32 $;0,00 $;30,00;165,00 $;135,00 $;100,68 $;0,11%;
13/12/2022;1;16687,80 $;114,32 $;114,32 $;0,00 $;5,68 $;-674,28 $;0,00 $;100,00%;114,32 $;114,32 $;0,00 $;114,32 $;0,00 $;30,00;100,00 $;200,00 $;85,68 $;0,11%;
14/12/2022;1;17022,12 $;334,32 $;334,32 $;0,00 $;5,68 $;-339,96 $;0,00 $;100,00%;334,32 $;334,32 $;0,00 $;334,32 $;0,00 $;30,00;310,00 $;380,00 $;45,68 $;0,11%;
20/12/2022;1;17351,44 $;329,32 $;329,32 $;0,00 $;5,68 $;-10,64 $;0,00 $;100,00%;329,32 $;329,32 $;0,00 $;329,32 $;0,00 $;30,00;35,00 $;530,00 $;200,68 $;0,11%;
21/12/2022;1;17435,76 $;84,32 $;84,32 $;0,00 $;5,68 $;0,00 $;0,00 $;100,00%;84,32 $;84,32 $;0,00 $;84,32 $;0,00 $;30,00;220,00 $;220,00 $;135,68 $;0,11%;
22/12/2022;1;17625,08 $;189,32 $;189,32 $;0,00 $;5,68 $;0,00 $;0,00 $;100,00%;189,32 $;189,32 $;0,00 $;189,32 $;0,00 $;30,00;15,00 $;265,00 $;75,68 $;0,11%;
23/12/2022;1;17799,40 $;174,32 $;174,32 $;0,00 $;5,68 $;0,00 $;0,00 $;100,00%;174,32 $;174,32 $;0,00 $;174,32 $;0,00 $;30,00;125,00 $;345,00 $;170,68 $;0,11%;
27/12/2022;1;17673,72 $;-125,68 $;0,00 $;-125,68 $;5,68 $;-125,68 $;-125,68 $;0,00%;-125,68 $;0,00 $;-125,68 $;0,00 $;-125,68 $;30,00;285,00 $;30,00 $;155,68 $;0,11%;
28/12/2022;1;17368,04 $;-305,68 $;0,00 $;-305,68 $;5,68 $;-431,36 $;-305,68 $;0,00%;-305,68 $;0,00 $;-305,68 $;0,00 $;-305,68 $;30,00;460,00 $;60,00 $;365,68 $;0,11%;
29/12/2022;1;17462,36 $;94,32 $;94,32 $;0,00 $;5,68 $;-337,04 $;0,00 $;100,00%;94,32 $;94,32 $;0,00 $;94,32 $;0,00 $;30,00;40,00 $;300,00 $;205,68 $;0,11%;
04/01/2023;1;17691,68 $;229,32 $;229,32 $;0,00 $;5,68 $;-107,72 $;0,00 $;100,00%;229,32 $;229,32 $;0,00 $;229,32 $;0,00 $;15,00;115,00 $;275,00 $;45,68 $;0,11%;
05/01/2023;1;17666,00 $;-25,68 $;0,00 $;-25,68 $;5,68 $;-133,40 $;-25,68 $;0,00%;-25,68 $;0,00 $;-25,68 $;0,00 $;-25,68 $;30,00;335,00 $;140,00 $;165,68 $;0,11%;
06/01/2023;1;17700,32 $;34,32 $;34,32 $;0,00 $;5,68 $;-99,08 $;0,00 $;100,00%;34,32 $;34,32 $;0,00 $;34,32 $;0,00 $;15,00;100,00 $;165,00 $;130,68 $;0,11%;
09/01/2023;1;17729,64 $;29,32 $;29,32 $;0,00 $;5,68 $;-69,76 $;0,00 $;100,00%;29,32 $;29,32 $;0,00 $;29,32 $;0,00 $;30,00;90,00 $;190,00 $;160,68 $;0,11%;
10/01/2023;1;17698,96 $;-30,68 $;0,00 $;-30,68 $;5,68 $;-100,44 $;-30,68 $;0,00%;-30,68 $;0,00 $;-30,68 $;0,00 $;-30,68 $;15,00;155,00 $;95,00 $;125,68 $;0,11%;
13/01/2023;1;17398,28 $;-300,68 $;0,00 $;-300,68 $;5,68 $;-401,12 $;-300,68 $;0,00%;-300,68 $;0,00 $;-300,68 $;0,00 $;-300,68 $;30,00;590,00 $;50,00 $;350,68 $;0,11%;
18/01/2023;1;17282,60 $;-115,68 $;0,00 $;-115,68 $;5,68 $;-516,80 $;-115,68 $;0,00%;-115,68 $;0,00 $;-115,68 $;0,00 $;-115,68 $;30,00;225,00 $;115,00 $;230,68 $;0,11%;
19/01/2023;1;17371,92 $;89,32 $;89,32 $;0,00 $;5,68 $;-427,48 $;0,00 $;100,00%;89,32 $;89,32 $;0,00 $;89,32 $;0,00 $;30,00;105,00 $;210,00 $;120,68 $;0,11%;
20/01/2023;1;17401,24 $;29,32 $;29,32 $;0,00 $;5,68 $;-398,16 $;0,00 $;100,00%;29,32 $;29,32 $;0,00 $;29,32 $;0,00 $;15,00;75,00 $;175,00 $;145,68 $;0,11%;
24/01/2023;1;17430,56 $;29,32 $;29,32 $;0,00 $;5,68 $;-368,84 $;0,00 $;100,00%;29,32 $;29,32 $;0,00 $;29,32 $;0,00 $;30,00;60,00 $;275,00 $;245,68 $;0,11%;
26/01/2023;1;17369,88 $;-60,68 $;0,00 $;-60,68 $;5,68 $;-429,52 $;-60,68 $;0,00%;-60,68 $;0,00 $;-60,68 $;0,00 $;-60,68 $;30,00;80,00 $;150,00 $;210,68 $;0,11%;
27/01/2023;1;17349,20 $;-20,68 $;0,00 $;-20,68 $;5,68 $;-450,20 $;-20,68 $;0,00%;-20,68 $;0,00 $;-20,68 $;0,00 $;-20,68 $;15,00;65,00 $;115,00 $;135,68 $;0,11%;
30/01/2023;1;17428,52 $;79,32 $;79,32 $;0,00 $;5,68 $;-370,88 $;0,00 $;100,00%;79,32 $;79,32 $;0,00 $;79,32 $;0,00 $;30,00;345,00 $;200,00 $;120,68 $;0,11%;
31/01/2023;1;18092,84 $;664,32 $;664,32 $;0,00 $;5,68 $;0,00 $;0,00 $;100,00%;664,32 $;664,32 $;0,00 $;664,32 $;0,00 $;30,00;145,00 $;715,00 $;50,68 $;0,11%;
01/02/2023;1;17977,16 $;-115,68 $;0,00 $;-115,68 $;5,68 $;-115,68 $;-115,68 $;0,00%;-115,68 $;0,00 $;-115,68 $;0,00 $;-115,68 $;30,00;120,00 $;70,00 $;185,68 $;0,11%;
03/02/2023;1;17741,48 $;-235,68 $;0,00 $;-235,68 $;5,68 $;-351,36 $;-235,68 $;0,00%;-235,68 $;0,00 $;-235,68 $;0,00 $;-235,68 $;30,00;380,00 $;35,00 $;270,68 $;0,11%;
06/02/2023;1;18060,80 $;319,32 $;319,32 $;0,00 $;5,68 $;-32,04 $;0,00 $;100,00%;319,32 $;319,32 $;0,00 $;319,32 $;0,00 $;15,00;70,00 $;405,00 $;85,68 $;0,11%;
07/02/2023;1;18135,12 $;74,32 $;74,32 $;0,00 $;5,68 $;0,00 $;0,00 $;100,00%;74,32 $;74,32 $;0,00 $;74,32 $;0,00 $;30,00;280,00 $;145,00 $;70,68 $;0,11%;
10/02/2023;1;18334,44 $;199,32 $;199,32 $;0,00 $;5,68 $;0,00 $;0,00 $;100,00%;199,32 $;199,32 $;0,00 $;199,32 $;0,00 $;30,00;110,00 $;225,00 $;25,68 $;0,11%;
13/02/2023;1;18283,76 $;-50,68 $;0,00 $;-50,68 $;5,68 $;-50,68 $;-50,68 $;0,00%;-50,68 $;0,00 $;-50,68 $;0,00 $;-50,68 $;30,00;315,00 $;45,00 $;95,68 $;0,11%;
14/02/2023;1;18503,08 $;219,32 $;219,32 $;0,00 $;5,68 $;0,00 $;0,00 $;100,00%;219,32 $;219,32 $;0,00 $;219,32 $;0,00 $;30,00;80,00 $;315,00 $;95,68 $;0,11%;
16/02/2023;1;18567,40 $;64,32 $;64,32 $;0,00 $;5,68 $;0,00 $;0,00 $;100,00%;64,32 $;64,32 $;0,00 $;64,32 $;0,00 $;15,00;85,00 $;120,00 $;55,68 $;0,11%;
17/02/2023;1;18606,72 $;39,32 $;39,32 $;0,00 $;5,68 $;0,00 $;0,00 $;100,00%;39,32 $;39,32 $;0,00 $;39,32 $;0,00 $;30,00;360,00 $;65,00 $;25,68 $;0,11%;
20/02/2023;1;18491,04 $;-115,68 $;0,00 $;-115,68 $;5,68 $;-115,68 $;-115,68 $;0,00%;-115,68 $;0,00 $;-115,68 $;0,00 $;-115,68 $;30,00;230,00 $;90,00 $;205,68 $;0,11%;
22/02/2023;1;18730,36 $;239,32 $;239,32 $;0,00 $;5,68 $;0,00 $;0,00 $;100,00%;239,32 $;239,32 $;0,00 $;239,32 $;0,00 $;30,00;410,00 $;265,00 $;25,68 $;0,11%;
23/02/2023;1;18589,68 $;-140,68 $;0,00 $;-140,68 $;5,68 $;-140,68 $;-140,68 $;0,00%;-140,68 $;0,00 $;-140,68 $;0,00 $;-140,68 $;15,00;160,00 $;50,00 $;190,68 $;0,11%;
24/02/2023;1;18599,00 $;9,32 $;9,32 $;0,00 $;5,68 $;-131,36 $;0,00 $;100,00%;9,32 $;9,32 $;0,00 $;9,32 $;0,00 $;30,00;345,00 $;90,00 $;80,68 $;0,11%;
28/02/2023;1;18303,32 $;-295,68 $;0,00 $;-295,68 $;5,68 $;-427,04 $;-295,68 $;0,00%;-295,68 $;0,00 $;-295,68 $;0,00 $;-295,68 $;30,00;525,00 $;170,00 $;465,68 $;0,11%;
01/03/2023;1;18402,64 $;99,32 $;99,32 $;0,00 $;5,68 $;-327,72 $;0,00 $;100,00%;99,32 $;99,32 $;0,00 $;99,32 $;0,00 $;30,00;120,00 $;215,00 $;115,68 $;0,11%;
02/03/2023;1;18326,96 $;-75,68 $;0,00 $;-75,68 $;5,68 $;-403,40 $;-75,68 $;0,00%;-75,68 $;0,00 $;-75,68 $;0,00 $;-75,68 $;15,00;95,00 $;235,00 $;310,68 $;0,11%;
03/03/2023;1;18336,28 $;9,32 $;9,32 $;0,00 $;5,68 $;-394,08 $;0,00 $;100,00%;9,32 $;9,32 $;0,00 $;9,32 $;0,00 $;30,00;30,00 $;140,00 $;130,68 $;0,11%;
07/03/2023;1;18400,60 $;64,32 $;64,32 $;0,00 $;5,68 $;-329,76 $;0,00 $;100,00%;64,32 $;64,32 $;0,00 $;64,32 $;0,00 $;30,00;175,00 $;140,00 $;75,68 $;0,11%;
08/03/2023;1;18739,92 $;339,32 $;339,32 $;0,00 $;5,68 $;0,00 $;0,00 $;100,00%;339,32 $;339,32 $;0,00 $;339,32 $;0,00 $;30,00;15,00 $;360,00 $;20,68 $;0,11%;
10/03/2023;1;18944,24 $;204,32 $;204,32 $;0,00 $;5,68 $;0,00 $;0,00 $;100,00%;204,32 $;204,32 $;0,00 $;204,32 $;0,00 $;15,00;260,00 $;240,00 $;35,68 $;0,11%;
14/03/2023;1;19203,56 $;259,32 $;259,32 $;0,00 $;5,68 $;0,00 $;0,00 $;100,00%;259,32 $;259,32 $;0,00 $;259,32 $;0,00 $;15,00;130,00 $;410,00 $;150,68 $;0,11%;
15/03/2023;1;17917,88 $;-1285,68 $;0,00 $;-1285,68 $;5,68 $;-1285,68 $;-1285,68 $;0,00%;-1285,68 $;0,00 $;-1285,68 $;0,00 $;-1285,68 $;30,00;2055,00 $;475,00 $;1760,68 $;0,11%;
20/03/2023;1;18092,20 $;174,32 $;174,32 $;0,00 $;5,68 $;-1111,36 $;0,00 $;100,00%;174,32 $;174,32 $;0,00 $;174,32 $;0,00 $;15,00;185,00 $;360,00 $;185,68 $;0,11%;
21/03/2023;1;18311,52 $;219,32 $;219,32 $;0,00 $;5,68 $;-892,04 $;0,00 $;100,00%;219,32 $;219,32 $;0,00 $;219,32 $;0,00 $;30,00;175,00 $;380,00 $;160,68 $;0,11%;
24/03/2023;1;18560,84 $;249,32 $;249,32 $;0,00 $;5,68 $;-642,72 $;0,00 $;100,00%;249,32 $;249,32 $;0,00 $;249,32 $;0,00 $;30,00;310,00 $;480,00 $;230,68 $;0,11%;
27/03/2023;1;18515,16 $;-45,68 $;0,00 $;-45,68 $;5,68 $;-688,40 $;-45,68 $;0,00%;-45,68 $;0,00 $;-45,68 $;0,00 $;-45,68 $;15,00;315,00 $;50,00 $;95,68 $;0,11%;
28/03/2023;1;18619,48 $;104,32 $;104,32 $;0,00 $;5,68 $;-584,08 $;0,00 $;100,00%;104,32 $;104,32 $;0,00 $;104,32 $;0,00 $;15,00;150,00 $;110,00 $;5,68 $;0,11%;
30/03/2023;1;18338,80 $;-280,68 $;0,00 $;-280,68 $;5,68 $;-864,76 $;-280,68 $;0,00%;-280,68 $;0,00 $;-280,68 $;0,00 $;-280,68 $;30,00;410,00 $;30,00 $;310,68 $;0,11%;
31/03/2023;1;18388,12 $;49,32 $;49,32 $;0,00 $;5,68 $;-815,44 $;0,00 $;100,00%;49,32 $;49,32 $;0,00 $;49,32 $;0,00 $;30,00;110,00 $;100,00 $;50,68 $;0,11%;
03/04/2023;1;18502,44 $;114,32 $;114,32 $;0,00 $;5,68 $;-701,12 $;0,00 $;100,00%;114,32 $;114,32 $;0,00 $;114,32 $;0,00 $;30,00;70,00 $;140,00 $;25,68 $;0,11%;
04/04/2023;1;18601,76 $;99,32 $;99,32 $;0,00 $;5,68 $;-601,80 $;0,00 $;100,00%;99,32 $;99,32 $;0,00 $;99,32 $;0,00 $;30,00;315,00 $;120,00 $;20,68 $;0,11%;
07/04/2023;1;18771,08 $;169,32 $;169,32 $;0,00 $;5,68 $;-432,48 $;0,00 $;100,00%;169,32 $;169,32 $;0,00 $;169,32 $;0,00 $;30,00;0,00 $;190,00 $;20,68 $;0,11%;
11/04/2023;1;19225,40 $;454,32 $;454,32 $;0,00 $;5,68 $;0,00 $;0,00 $;100,00%;454,32 $;454,32 $;0,00 $;454,32 $;0,00 $;30,00;5,00 $;560,00 $;105,68 $;0,11%;
12/04/2023;1;19499,72 $;274,32 $;274,32 $;0,00 $;5,68 $;0,00 $;0,00 $;100,00%;274,32 $;274,32 $;0,00 $;274,32 $;0,00 $;30,00;25,00 $;340,00 $;65,68 $;0,11%;
14/04/2023;1;18924,04 $;-575,68 $;0,00 $;-575,68 $;5,68 $;-575,68 $;-575,68 $;0,00%;-575,68 $;0,00 $;-575,68 $;0,00 $;-575,68 $;30,00;890,00 $;180,00 $;755,68 $;0,11%;
19/04/2023;1;19113,36 $;189,32 $;189,32 $;0,00 $;5,68 $;-386,36 $;0,00 $;100,00%;189,32 $;189,32 $;0,00 $;189,32 $;0,00 $;30,00;185,00 $;255,00 $;65,68 $;0,11%;
21/04/2023;1;18412,68 $;-700,68 $;0,00 $;-700,68 $;5,68 $;-1087,04 $;-700,68 $;0,00%;-700,68 $;0,00 $;-700,68 $;0,00 $;-700,68 $;30,00;760,00 $;60,00 $;760,68 $;0,11%;
26/04/2023;1;17787,00 $;-625,68 $;0,00 $;-625,68 $;5,68 $;-1712,72 $;-625,68 $;0,00%;-625,68 $;0,00 $;-625,68 $;0,00 $;-625,68 $;30,00;770,00 $;20,00 $;645,68 $;0,11%;
01/05/2023;1;17836,32 $;49,32 $;49,32 $;0,00 $;5,68 $;-1663,40 $;0,00 $;100,00%;49,32 $;49,32 $;0,00 $;49,32 $;0,00 $;15,00;5,00 $;115,00 $;65,68 $;0,11%;
03/05/2023;1;17960,64 $;124,32 $;124,32 $;0,00 $;5,68 $;-1539,08 $;0,00 $;100,00%;124,32 $;124,32 $;0,00 $;124,32 $;0,00 $;30,00;215,00 $;135,00 $;10,68 $;0,11%;
04/05/2023;1;17684,96 $;-275,68 $;0,00 $;-275,68 $;5,68 $;-1814,76 $;-275,68 $;0,00%;-275,68 $;0,00 $;-275,68 $;0,00 $;-275,68 $;30,00;485,00 $;100,00 $;375,68 $;0,11%;
05/05/2023;1;17684,28 $;-0,68 $;0,00 $;-0,68 $;5,68 $;-1815,44 $;-0,68 $;0,00%;-0,68 $;0,00 $;-0,68 $;0,00 $;-0,68 $;30,00;235,00 $;100,00 $;100,68 $;0,11%;
12/05/2023;1;17673,60 $;-10,68 $;0,00 $;-10,68 $;5,68 $;-1826,12 $;-10,68 $;0,00%;-10,68 $;0,00 $;-10,68 $;0,00 $;-10,68 $;30,00;95,00 $;125,00 $;135,68 $;0,11%;
17/05/2023;1;17892,92 $;219,32 $;219,32 $;0,00 $;5,68 $;-1606,80 $;0,00 $;100,00%;219,32 $;219,32 $;0,00 $;219,32 $;0,00 $;15,00;55,00 $;240,00 $;20,68 $;0,11%;
18/05/2023;1;17952,24 $;59,32 $;59,32 $;0,00 $;5,68 $;-1547,48 $;0,00 $;100,00%;59,32 $;59,32 $;0,00 $;59,32 $;0,00 $;15,00;145,00 $;120,00 $;60,68 $;0,11%;
19/05/2023;1;17566,56 $;-385,68 $;0,00 $;-385,68 $;5,68 $;-1933,16 $;-385,68 $;0,00%;-385,68 $;0,00 $;-385,68 $;0,00 $;-385,68 $;30,00;425,00 $;45,00 $;430,68 $;0,11%;
22/05/2023;1;17570,88 $;4,32 $;4,32 $;0,00 $;5,68 $;-1928,84 $;0,00 $;100,00%;4,32 $;4,32 $;0,00 $;4,32 $;0,00 $;30,00;165,00 $;80,00 $;75,68 $;0,11%;
24/05/2023;1;17630,20 $;59,32 $;59,32 $;0,00 $;5,68 $;-1869,52 $;0,00 $;100,00%;59,32 $;59,32 $;0,00 $;59,32 $;0,00 $;30,00;140,00 $;110,00 $;50,68 $;0,11%;
25/05/2023;1;17979,52 $;349,32 $;349,32 $;0,00 $;5,68 $;-1520,20 $;0,00 $;100,00%;349,32 $;349,32 $;0,00 $;349,32 $;0,00 $;30,00;85,00 $;420,00 $;70,68 $;0,11%;
26/05/2023;1;17963,84 $;-15,68 $;0,00 $;-15,68 $;5,68 $;-1535,88 $;-15,68 $;0,00%;-15,68 $;0,00 $;-15,68 $;0,00 $;-15,68 $;15,00;95,00 $;125,00 $;140,68 $;0,11%;
29/05/2023;1;18218,16 $;254,32 $;254,32 $;0,00 $;5,68 $;-1281,56 $;0,00 $;100,00%;254,32 $;254,32 $;0,00 $;254,32 $;0,00 $;30,00;265,00 $;315,00 $;60,68 $;0,11%;
30/05/2023;1;18487,48 $;269,32 $;269,32 $;0,00 $;5,68 $;-1012,24 $;0,00 $;100,00%;269,32 $;269,32 $;0,00 $;269,32 $;0,00 $;30,00;105,00 $;275,00 $;5,68 $;0,11%;
01/06/2023;1;18626,80 $;139,32 $;139,32 $;0,00 $;5,68 $;-872,92 $;0,00 $;100,00%;139,32 $;139,32 $;0,00 $;139,32 $;0,00 $;15,00;120,00 $;150,00 $;10,68 $;0,11%;
05/06/2023;1;18591,12 $;-35,68 $;0,00 $;-35,68 $;5,68 $;-908,60 $;-35,68 $;0,00%;-35,68 $;0,00 $;-35,68 $;0,00 $;-35,68 $;15,00;85,00 $;25,00 $;60,68 $;0,11%;
06/06/2023;1;18810,44 $;219,32 $;219,32 $;0,00 $;5,68 $;-689,28 $;0,00 $;100,00%;219,32 $;219,32 $;0,00 $;219,32 $;0,00 $;30,00;20,00 $;280,00 $;60,68 $;0,11%;
07/06/2023;1;18744,76 $;-65,68 $;0,00 $;-65,68 $;5,68 $;-754,96 $;-65,68 $;0,00%;-65,68 $;0,00 $;-65,68 $;0,00 $;-65,68 $;30,00;130,00 $;90,00 $;155,68 $;0,11%;
08/06/2023;1;19029,08 $;284,32 $;284,32 $;0,00 $;5,68 $;-470,64 $;0,00 $;100,00%;284,32 $;284,32 $;0,00 $;284,32 $;0,00 $;30,00;155,00 $;395,00 $;110,68 $;0,11%;
09/06/2023;1;19203,40 $;174,32 $;174,32 $;0,00 $;5,68 $;-296,32 $;0,00 $;100,00%;174,32 $;174,32 $;0,00 $;174,32 $;0,00 $;15,00;50,00 $;345,00 $;170,68 $;0,11%;
13/06/2023;1;19102,72 $;-100,68 $;0,00 $;-100,68 $;5,68 $;-397,00 $;-100,68 $;0,00%;-100,68 $;0,00 $;-100,68 $;0,00 $;-100,68 $;30,00;235,00 $;170,00 $;270,68 $;0,11%;
15/06/2023;1;19097,04 $;-5,68 $;0,00 $;-5,68 $;5,68 $;-402,68 $;-5,68 $;0,00%;-5,68 $;0,00 $;-5,68 $;0,00 $;-5,68 $;30,00;285,00 $;70,00 $;75,68 $;0,11%;
21/06/2023;1;19281,36 $;184,32 $;184,32 $;0,00 $;5,68 $;-218,36 $;0,00 $;100,00%;184,32 $;184,32 $;0,00 $;184,32 $;0,00 $;30,00;85,00 $;295,00 $;110,68 $;0,11%;
22/06/2023;1;19245,68 $;-35,68 $;0,00 $;-35,68 $;5,68 $;-254,04 $;-35,68 $;0,00%;-35,68 $;0,00 $;-35,68 $;0,00 $;-35,68 $;15,00;170,00 $;15,00 $;50,68 $;0,11%;
27/06/2023;1;19255,00 $;9,32 $;9,32 $;0,00 $;5,68 $;-244,72 $;0,00 $;100,00%;9,32 $;9,32 $;0,00 $;9,32 $;0,00 $;15,00;115,00 $;75,00 $;65,68 $;0,11%;
28/06/2023;1;19059,32 $;-195,68 $;0,00 $;-195,68 $;5,68 $;-440,40 $;-195,68 $;0,00%;-195,68 $;0,00 $;-195,68 $;0,00 $;-195,68 $;30,00;220,00 $;255,00 $;450,68 $;0,11%;
29/06/2023;1;19123,64 $;64,32 $;64,32 $;0,00 $;5,68 $;-376,08 $;0,00 $;100,00%;64,32 $;64,32 $;0,00 $;64,32 $;0,00 $;30,00;185,00 $;75,00 $;10,68 $;0,11%;
04/07/2023;1;19132,96 $;9,32 $;9,32 $;0,00 $;5,68 $;-366,76 $;0,00 $;100,00%;9,32 $;9,32 $;0,00 $;9,32 $;0,00 $;15,00;45,00 $;45,00 $;35,68 $;0,11%;
07/07/2023;1;19227,28 $;94,32 $;94,32 $;0,00 $;5,68 $;-272,44 $;0,00 $;100,00%;94,32 $;94,32 $;0,00 $;94,32 $;0,00 $;30,00;105,00 $;155,00 $;60,68 $;0,11%;
10/07/2023;1;19396,60 $;169,32 $;169,32 $;0,00 $;5,68 $;-103,12 $;0,00 $;100,00%;169,32 $;169,32 $;0,00 $;169,32 $;0,00 $;30,00;140,00 $;205,00 $;35,68 $;0,11%;
11/07/2023;1;19465,92 $;69,32 $;69,32 $;0,00 $;5,68 $;-33,80 $;0,00 $;100,00%;69,32 $;69,32 $;0,00 $;69,32 $;0,00 $;30,00;170,00 $;85,00 $;15,68 $;0,11%;
14/07/2023;1;19265,24 $;-200,68 $;0,00 $;-200,68 $;5,68 $;-234,48 $;-200,68 $;0,00%;-200,68 $;0,00 $;-200,68 $;0,00 $;-200,68 $;30,00;295,00 $;50,00 $;250,68 $;0,11%;
26/07/2023;1;19354,56 $;89,32 $;89,32 $;0,00 $;5,68 $;-145,16 $;0,00 $;100,00%;89,32 $;89,32 $;0,00 $;89,32 $;0,00 $;30,00;5,00 $;250,00 $;160,68 $;0,11%;
27/07/2023;1;19438,88 $;84,32 $;84,32 $;0,00 $;5,68 $;-60,84 $;0,00 $;100,00%;84,32 $;84,32 $;0,00 $;84,32 $;0,00 $;15,00;85,00 $;175,00 $;90,68 $;0,11%;
28/07/2023;1;19318,20 $;-120,68 $;0,00 $;-120,68 $;5,68 $;-181,52 $;-120,68 $;0,00%;-120,68 $;0,00 $;-120,68 $;0,00 $;-120,68 $;30,00;355,00 $;260,00 $;380,68 $;0,11%;
04/08/2023;1;19057,52 $;-260,68 $;0,00 $;-260,68 $;5,68 $;-442,20 $;-260,68 $;0,00%;-260,68 $;0,00 $;-260,68 $;0,00 $;-260,68 $;15,00;430,00 $;65,00 $;325,68 $;0,11%;
07/08/2023;1;19371,84 $;314,32 $;314,32 $;0,00 $;5,68 $;-127,88 $;0,00 $;100,00%;314,32 $;314,32 $;0,00 $;314,32 $;0,00 $;30,00;120,00 $;425,00 $;110,68 $;0,11%;
08/08/2023;1;19356,16 $;-15,68 $;0,00 $;-15,68 $;5,68 $;-143,56 $;-15,68 $;0,00%;-15,68 $;0,00 $;-15,68 $;0,00 $;-15,68 $;15,00;230,00 $;110,00 $;125,68 $;0,11%;
14/08/2023;1;19260,48 $;-95,68 $;0,00 $;-95,68 $;5,68 $;-239,24 $;-95,68 $;0,00%;-95,68 $;0,00 $;-95,68 $;0,00 $;-95,68 $;30,00;350,00 $;70,00 $;165,68 $;0,11%;
15/08/2023;1;19554,80 $;294,32 $;294,32 $;0,00 $;5,68 $;0,00 $;0,00 $;100,00%;294,32 $;294,32 $;0,00 $;294,32 $;0,00 $;30,00;195,00 $;310,00 $;15,68 $;0,11%;
17/08/2023;1;19909,12 $;354,32 $;354,32 $;0,00 $;5,68 $;0,00 $;0,00 $;100,00%;354,32 $;354,32 $;0,00 $;354,32 $;0,00 $;30,00;25,00 $;450,00 $;95,68 $;0,11%;
18/08/2023;1;19938,44 $;29,32 $;29,32 $;0,00 $;5,68 $;0,00 $;0,00 $;100,00%;29,32 $;29,32 $;0,00 $;29,32 $;0,00 $;15,00;100,00 $;110,00 $;80,68 $;0,11%;
22/08/2023;1;20047,76 $;109,32 $;109,32 $;0,00 $;5,68 $;0,00 $;0,00 $;100,00%;109,32 $;109,32 $;0,00 $;109,32 $;0,00 $;30,00;160,00 $;230,00 $;120,68 $;0,11%;
25/08/2023;1;20072,08 $;24,32 $;24,32 $;0,00 $;5,68 $;0,00 $;0,00 $;100,00%;24,32 $;24,32 $;0,00 $;24,32 $;0,00 $;30,00;165,00 $;125,00 $;100,68 $;0,11%;
04/09/2023;1;20006,40 $;-65,68 $;0,00 $;-65,68 $;5,68 $;-65,68 $;-65,68 $;0,00%;-65,68 $;0,00 $;-65,68 $;0,00 $;-65,68 $;30,00;65,00 $;105,00 $;170,68 $;0,11%;
13/09/2023;1;20400,72 $;394,32 $;394,32 $;0,00 $;5,68 $;0,00 $;0,00 $;100,00%;394,32 $;394,32 $;0,00 $;394,32 $;0,00 $;30,00;10,00 $;420,00 $;25,68 $;0,11%;
14/09/2023;1;20315,04 $;-85,68 $;0,00 $;-85,68 $;5,68 $;-85,68 $;-85,68 $;0,00%;-85,68 $;0,00 $;-85,68 $;0,00 $;-85,68 $;30,00;265,00 $;75,00 $;160,68 $;0,11%;
18/09/2023;1;20374,36 $;59,32 $;59,32 $;0,00 $;5,68 $;-26,36 $;0,00 $;100,00%;59,32 $;59,32 $;0,00 $;59,32 $;0,00 $;15,00;10,00 $;295,00 $;235,68 $;0,11%;
21/09/2023;1;20273,68 $;-100,68 $;0,00 $;-100,68 $;5,68 $;-127,04 $;-100,68 $;0,00%;-100,68 $;0,00 $;-100,68 $;0,00 $;-100,68 $;30,00;325,00 $;65,00 $;165,68 $;0,11%;
22/09/2023;1;20183,00 $;-90,68 $;0,00 $;-90,68 $;5,68 $;-217,72 $;-90,68 $;0,00%;-90,68 $;0,00 $;-90,68 $;0,00 $;-90,68 $;30,00;350,00 $;50,00 $;140,68 $;0,11%;
29/09/2023;1;20462,32 $;279,32 $;279,32 $;0,00 $;5,68 $;0,00 $;0,00 $;100,00%;279,32 $;279,32 $;0,00 $;279,32 $;0,00 $;30,00;75,00 $;325,00 $;45,68 $;0,11%;
02/10/2023;1;20421,64 $;-40,68 $;0,00 $;-40,68 $;5,68 $;-40,68 $;-40,68 $;0,00%;-40,68 $;0,00 $;-40,68 $;0,00 $;-40,68 $;30,00;180,00 $;160,00 $;200,68 $;0,11%;
04/10/2023;1;20590,96 $;169,32 $;169,32 $;0,00 $;5,68 $;0,00 $;0,00 $;100,00%;169,32 $;169,32 $;0,00 $;169,32 $;0,00 $;30,00;45,00 $;665,00 $;495,68 $;0,11%;
05/10/2023;1;20540,28 $;-50,68 $;0,00 $;-50,68 $;5,68 $;-50,68 $;-50,68 $;0,00%;-50,68 $;0,00 $;-50,68 $;0,00 $;-50,68 $;15,00;65,00 $;325,00 $;375,68 $;0,11%;
06/10/2023;1;20674,60 $;134,32 $;134,32 $;0,00 $;5,68 $;0,00 $;0,00 $;100,00%;134,32 $;134,32 $;0,00 $;134,32 $;0,00 $;30,00;170,00 $;265,00 $;130,68 $;0,11%;
10/10/2023;1;20958,92 $;284,32 $;284,32 $;0,00 $;5,68 $;0,00 $;0,00 $;100,00%;284,32 $;284,32 $;0,00 $;284,32 $;0,00 $;30,00;80,00 $;315,00 $;30,68 $;0,11%;
11/10/2023;1;20728,24 $;-230,68 $;0,00 $;-230,68 $;5,68 $;-230,68 $;-230,68 $;0,00%;-230,68 $;0,00 $;-230,68 $;0,00 $;-230,68 $;30,00;340,00 $;115,00 $;345,68 $;0,11%;
12/10/2023;1;20762,56 $;34,32 $;34,32 $;0,00 $;5,68 $;-196,36 $;0,00 $;100,00%;34,32 $;34,32 $;0,00 $;34,32 $;0,00 $;30,00;220,00 $;55,00 $;20,68 $;0,11%;
13/10/2023;1;21081,88 $;319,32 $;319,32 $;0,00 $;5,68 $;0,00 $;0,00 $;100,00%;319,32 $;319,32 $;0,00 $;319,32 $;0,00 $;30,00;115,00 $;495,00 $;175,68 $;0,11%;
16/10/2023;1;21491,20 $;409,32 $;409,32 $;0,00 $;5,68 $;0,00 $;0,00 $;100,00%;409,32 $;409,32 $;0,00 $;409,32 $;0,00 $;30,00;30,00 $;440,00 $;30,68 $;0,11%;
17/10/2023;1;21360,52 $;-130,68 $;0,00 $;-130,68 $;5,68 $;-130,68 $;-130,68 $;0,00%;-130,68 $;0,00 $;-130,68 $;0,00 $;-130,68 $;30,00;255,00 $;60,00 $;190,68 $;0,11%;
18/10/2023;1;21114,84 $;-245,68 $;0,00 $;-245,68 $;5,68 $;-376,36 $;-245,68 $;0,00%;-245,68 $;0,00 $;-245,68 $;0,00 $;-245,68 $;30,00;410,00 $;10,00 $;255,68 $;0,11%;
19/10/2023;1;20809,16 $;-305,68 $;0,00 $;-305,68 $;5,68 $;-682,04 $;-305,68 $;0,00%;-305,68 $;0,00 $;-305,68 $;0,00 $;-305,68 $;30,00;455,00 $;30,00 $;335,68 $;0,11%;
20/10/2023;1;20888,48 $;79,32 $;79,32 $;0,00 $;5,68 $;-602,72 $;0,00 $;100,00%;79,32 $;79,32 $;0,00 $;79,32 $;0,00 $;30,00;125,00 $;300,00 $;220,68 $;0,11%;
26/10/2023;1;21302,80 $;414,32 $;414,32 $;0,00 $;5,68 $;-188,40 $;0,00 $;100,00%;414,32 $;414,32 $;0,00 $;414,32 $;0,00 $;30,00;200,00 $;485,00 $;70,68 $;0,11%;
31/10/2023;1;21242,12 $;-60,68 $;0,00 $;-60,68 $;5,68 $;-249,08 $;-60,68 $;0,00%;-60,68 $;0,00 $;-60,68 $;0,00 $;-60,68 $;30,00;185,00 $;125,00 $;185,68 $;0,11%;
01/11/2023;1;21386,44 $;144,32 $;144,32 $;0,00 $;5,68 $;-104,76 $;0,00 $;100,00%;144,32 $;144,32 $;0,00 $;144,32 $;0,00 $;30,00;75,00 $;290,00 $;145,68 $;0,11%;
07/11/2023;1;21625,76 $;239,32 $;239,32 $;0,00 $;5,68 $;0,00 $;0,00 $;100,00%;239,32 $;239,32 $;0,00 $;239,32 $;0,00 $;15,00;10,00 $;260,00 $;20,68 $;0,11%;
08/11/2023;1;21635,08 $;9,32 $;9,32 $;0,00 $;5,68 $;0,00 $;0,00 $;100,00%;9,32 $;9,32 $;0,00 $;9,32 $;0,00 $;30,00;180,00 $;85,00 $;75,68 $;0,11%;
10/11/2023;1;21909,40 $;274,32 $;274,32 $;0,00 $;5,68 $;0,00 $;0,00 $;100,00%;274,32 $;274,32 $;0,00 $;274,32 $;0,00 $;15,00;60,00 $;295,00 $;20,68 $;0,11%;
13/11/2023;1;21818,72 $;-90,68 $;0,00 $;-90,68 $;5,68 $;-90,68 $;-90,68 $;0,00%;-90,68 $;0,00 $;-90,68 $;0,00 $;-90,68 $;30,00;120,00 $;220,00 $;310,68 $;0,11%;
15/11/2023;1;21738,04 $;-80,68 $;0,00 $;-80,68 $;5,68 $;-171,36 $;-80,68 $;0,00%;-80,68 $;0,00 $;-80,68 $;0,00 $;-80,68 $;15,00;130,00 $;25,00 $;105,68 $;0,11%;
17/11/2023;1;22097,36 $;359,32 $;359,32 $;0,00 $;5,68 $;0,00 $;0,00 $;100,00%;359,32 $;359,32 $;0,00 $;359,32 $;0,00 $;15,00;0,00 $;405,00 $;45,68 $;0,11%;
21/11/2023;1;21991,68 $;-105,68 $;0,00 $;-105,68 $;5,68 $;-105,68 $;-105,68 $;0,00%;-105,68 $;0,00 $;-105,68 $;0,00 $;-105,68 $;15,00;190,00 $;75,00 $;180,68 $;0,11%;
22/11/2023;1;22151,00 $;159,32 $;159,32 $;0,00 $;5,68 $;0,00 $;0,00 $;100,00%;159,32 $;159,32 $;0,00 $;159,32 $;0,00 $;30,00;60,00 $;265,00 $;105,68 $;0,11%;
24/11/2023;1;22270,32 $;119,32 $;119,32 $;0,00 $;5,68 $;0,00 $;0,00 $;100,00%;119,32 $;119,32 $;0,00 $;119,32 $;0,00 $;30,00;20,00 $;150,00 $;30,68 $;0,11%;
27/11/2023;1;22279,64 $;9,32 $;9,32 $;0,00 $;5,68 $;0,00 $;0,00 $;100,00%;9,32 $;9,32 $;0,00 $;9,32 $;0,00 $;30,00;110,00 $;180,00 $;170,68 $;0,11%;
28/11/2023;1;22553,96 $;274,32 $;274,32 $;0,00 $;5,68 $;0,00 $;0,00 $;100,00%;274,32 $;274,32 $;0,00 $;274,32 $;0,00 $;30,00;25,00 $;295,00 $;20,68 $;0,11%;
01/12/2023;1;22618,28 $;64,32 $;64,32 $;0,00 $;5,68 $;0,00 $;0,00 $;100,00%;64,32 $;64,32 $;0,00 $;64,32 $;0,00 $;15,00;15,00 $;185,00 $;120,68 $;0,11%;
04/12/2023;1;22212,60 $;-405,68 $;0,00 $;-405,68 $;5,68 $;-405,68 $;-405,68 $;0,00%;-405,68 $;0,00 $;-405,68 $;0,00 $;-405,68 $;30,00;510,00 $;10,00 $;415,68 $;0,11%;
05/12/2023;1;22226,92 $;14,32 $;14,32 $;0,00 $;5,68 $;-391,36 $;0,00 $;100,00%;14,32 $;14,32 $;0,00 $;14,32 $;0,00 $;15,00;70,00 $;120,00 $;105,68 $;0,11%;
06/12/2023;1;22211,24 $;-15,68 $;0,00 $;-15,68 $;5,68 $;-407,04 $;-15,68 $;0,00%;-15,68 $;0,00 $;-15,68 $;0,00 $;-15,68 $;30,00;235,00 $;145,00 $;160,68 $;0,11%;
07/12/2023;1;22215,56 $;4,32 $;4,32 $;0,00 $;5,68 $;-402,72 $;0,00 $;100,00%;4,32 $;4,32 $;0,00 $;4,32 $;0,00 $;30,00;105,00 $;90,00 $;85,68 $;0,11%;
08/12/2023;1;21834,88 $;-380,68 $;0,00 $;-380,68 $;5,68 $;-783,40 $;-380,68 $;0,00%;-380,68 $;0,00 $;-380,68 $;0,00 $;-380,68 $;30,00;510,00 $;105,00 $;485,68 $;0,11%;
11/12/2023;1;22129,20 $;294,32 $;294,32 $;0,00 $;5,68 $;-489,08 $;0,00 $;100,00%;294,32 $;294,32 $;0,00 $;294,32 $;0,00 $;30,00;5,00 $;355,00 $;60,68 $;0,11%;
12/12/2023;1;22143,52 $;14,32 $;14,32 $;0,00 $;5,68 $;-474,76 $;0,00 $;100,00%;14,32 $;14,32 $;0,00 $;14,32 $;0,00 $;15,00;0,00 $;180,00 $;165,68 $;0,11%;
18/12/2023;1;22002,84 $;-140,68 $;0,00 $;-140,68 $;5,68 $;-615,44 $;-140,68 $;0,00%;-140,68 $;0,00 $;-140,68 $;0,00 $;-140,68 $;30,00;250,00 $;35,00 $;175,68 $;0,11%;
19/12/2023;1;22072,16 $;69,32 $;69,32 $;0,00 $;5,68 $;-546,12 $;0,00 $;100,00%;69,32 $;69,32 $;0,00 $;69,32 $;0,00 $;30,00;105,00 $;100,00 $;30,68 $;0,11%;
26/12/2023;1;22001,48 $;-70,68 $;0,00 $;-70,68 $;5,68 $;-616,80 $;-70,68 $;0,00%;-70,68 $;0,00 $;-70,68 $;0,00 $;-70,68 $;30,00;80,00 $;100,00 $;170,68 $;0,11%;
29/12/2023;1;22025,80 $;24,32 $;24,32 $;0,00 $;5,68 $;-592,48 $;0,00 $;100,00%;24,32 $;24,32 $;0,00 $;24,32 $;0,00 $;15,00;50,00 $;85,00 $;60,68 $;0,11%;
02/01/2024;1;21970,12 $;-55,68 $;0,00 $;-55,68 $;5,68 $;-648,16 $;-55,68 $;0,00%;-55,68 $;0,00 $;-55,68 $;0,00 $;-55,68 $;30,00;650,00 $;85,00 $;140,68 $;0,11%;
03/01/2024;1;22049,44 $;79,32 $;79,32 $;0,00 $;5,68 $;-568,84 $;0,00 $;100,00%;79,32 $;79,32 $;0,00 $;79,32 $;0,00 $;15,00;45,00 $;140,00 $;60,68 $;0,11%;
04/01/2024;1;21693,76 $;-355,68 $;0,00 $;-355,68 $;5,68 $;-924,52 $;-355,68 $;0,00%;-355,68 $;0,00 $;-355,68 $;0,00 $;-355,68 $;15,00;365,00 $;90,00 $;445,68 $;0,11%;
05/01/2024;1;21918,08 $;224,32 $;224,32 $;0,00 $;5,68 $;-700,20 $;0,00 $;100,00%;224,32 $;224,32 $;0,00 $;224,32 $;0,00 $;15,00;25,00 $;250,00 $;25,68 $;0,11%;
08/01/2024;1;22002,40 $;84,32 $;84,32 $;0,00 $;5,68 $;-615,88 $;0,00 $;100,00%;84,32 $;84,32 $;0,00 $;84,32 $;0,00 $;15,00;85,00 $;175,00 $;90,68 $;0,11%;
09/01/2024;1;21651,72 $;-350,68 $;0,00 $;-350,68 $;5,68 $;-966,56 $;-350,68 $;0,00%;-350,68 $;0,00 $;-350,68 $;0,00 $;-350,68 $;30,00;560,00 $;100,00 $;450,68 $;0,11%;
11/01/2024;1;21716,04 $;64,32 $;64,32 $;0,00 $;5,68 $;-902,24 $;0,00 $;100,00%;64,32 $;64,32 $;0,00 $;64,32 $;0,00 $;30,00;75,00 $;265,00 $;200,68 $;0,11%;
12/01/2024;1;21200,36 $;-515,68 $;0,00 $;-515,68 $;5,68 $;-1417,92 $;-515,68 $;0,00%;-515,68 $;0,00 $;-515,68 $;0,00 $;-515,68 $;30,00;1090,00 $;15,00 $;530,68 $;0,11%;
15/01/2024;1;21489,68 $;289,32 $;289,32 $;0,00 $;5,68 $;-1128,60 $;0,00 $;100,00%;289,32 $;289,32 $;0,00 $;289,32 $;0,00 $;30,00;130,00 $;380,00 $;90,68 $;0,11%;
17/01/2024;1;21924,00 $;434,32 $;434,32 $;0,00 $;5,68 $;-694,28 $;0,00 $;100,00%;434,32 $;434,32 $;0,00 $;434,32 $;0,00 $;30,00;30,00 $;570,00 $;135,68 $;0,11%;
18/01/2024;1;21373,32 $;-550,68 $;0,00 $;-550,68 $;5,68 $;-1244,96 $;-550,68 $;0,00%;-550,68 $;0,00 $;-550,68 $;0,00 $;-550,68 $;30,00;670,00 $;50,00 $;600,68 $;0,11%;
19/01/2024;1;21182,64 $;-190,68 $;0,00 $;-190,68 $;5,68 $;-1435,64 $;-190,68 $;0,00%;-190,68 $;0,00 $;-190,68 $;0,00 $;-190,68 $;30,00;335,00 $;45,00 $;235,68 $;0,11%;
22/01/2024;1;21516,96 $;334,32 $;334,32 $;0,00 $;5,68 $;-1101,32 $;0,00 $;100,00%;334,32 $;334,32 $;0,00 $;334,32 $;0,00 $;15,00;25,00 $;345,00 $;10,68 $;0,11%;
23/01/2024;1;21461,28 $;-55,68 $;0,00 $;-55,68 $;5,68 $;-1157,00 $;-55,68 $;0,00%;-55,68 $;0,00 $;-55,68 $;0,00 $;-55,68 $;15,00;130,00 $;105,00 $;160,68 $;0,11%;
25/01/2024;1;21140,60 $;-320,68 $;0,00 $;-320,68 $;5,68 $;-1477,68 $;-320,68 $;0,00%;-320,68 $;0,00 $;-320,68 $;0,00 $;-320,68 $;15,00;355,00 $;20,00 $;340,68 $;0,11%;
26/01/2024;1;20799,92 $;-340,68 $;0,00 $;-340,68 $;5,68 $;-1818,36 $;-340,68 $;0,00%;-340,68 $;0,00 $;-340,68 $;0,00 $;-340,68 $;15,00;385,00 $;35,00 $;375,68 $;0,11%;
29/01/2024;1;20834,24 $;34,32 $;34,32 $;0,00 $;5,68 $;-1784,04 $;0,00 $;100,00%;34,32 $;34,32 $;0,00 $;34,32 $;0,00 $;30,00;100,00 $;170,00 $;135,68 $;0,11%;
31/01/2024;1;21078,56 $;244,32 $;244,32 $;0,00 $;5,68 $;-1539,72 $;0,00 $;100,00%;244,32 $;244,32 $;0,00 $;244,32 $;0,00 $;30,00;145,00 $;310,00 $;65,68 $;0,11%;
05/02/2024;1;21172,88 $;94,32 $;94,32 $;0,00 $;5,68 $;-1445,40 $;0,00 $;100,00%;94,32 $;94,32 $;0,00 $;94,32 $;0,00 $;30,00;180,00 $;225,00 $;130,68 $;0,11%;
06/02/2024;1;21417,20 $;244,32 $;244,32 $;0,00 $;5,68 $;-1201,08 $;0,00 $;100,00%;244,32 $;244,32 $;0,00 $;244,32 $;0,00 $;15,00;70,00 $;315,00 $;70,68 $;0,11%;
07/02/2024;1;21406,52 $;-10,68 $;0,00 $;-10,68 $;5,68 $;-1211,76 $;-10,68 $;0,00%;-10,68 $;0,00 $;-10,68 $;0,00 $;-10,68 $;15,00;35,00 $;145,00 $;155,68 $;0,11%;
08/02/2024;1;21570,84 $;164,32 $;164,32 $;0,00 $;5,68 $;-1047,44 $;0,00 $;100,00%;164,32 $;164,32 $;0,00 $;164,32 $;0,00 $;30,00;45,00 $;280,00 $;115,68 $;0,11%;
09/02/2024;1;21585,16 $;14,32 $;14,32 $;0,00 $;5,68 $;-1033,12 $;0,00 $;100,00%;14,32 $;14,32 $;0,00 $;14,32 $;0,00 $;15,00;45,00 $;160,00 $;145,68 $;0,11%;
13/02/2024;1;21294,48 $;-290,68 $;0,00 $;-290,68 $;5,68 $;-1323,80 $;-290,68 $;0,00%;-290,68 $;0,00 $;-290,68 $;0,00 $;-290,68 $;30,00;405,00 $;0,00 $;290,68 $;0,11%;
15/02/2024;1;21378,80 $;84,32 $;84,32 $;0,00 $;5,68 $;-1239,48 $;0,00 $;100,00%;84,32 $;84,32 $;0,00 $;84,32 $;0,00 $;30,00;60,00 $;155,00 $;70,68 $;0,11%;
21/02/2024;1;21503,12 $;124,32 $;124,32 $;0,00 $;5,68 $;-1115,16 $;0,00 $;100,00%;124,32 $;124,32 $;0,00 $;124,32 $;0,00 $;30,00;160,00 $;210,00 $;85,68 $;0,11%;
22/02/2024;1;21537,44 $;34,32 $;34,32 $;0,00 $;5,68 $;-1080,84 $;0,00 $;100,00%;34,32 $;34,32 $;0,00 $;34,32 $;0,00 $;30,00;165,00 $;100,00 $;65,68 $;0,11%;
26/02/2024;1;21786,76 $;249,32 $;249,32 $;0,00 $;5,68 $;-831,52 $;0,00 $;100,00%;249,32 $;249,32 $;0,00 $;249,32 $;0,00 $;30,00;15,00 $;415,00 $;165,68 $;0,11%;
04/03/2024;1;22076,08 $;289,32 $;289,32 $;0,00 $;5,68 $;-542,20 $;0,00 $;100,00%;289,32 $;289,32 $;0,00 $;289,32 $;0,00 $;30,00;25,00 $;330,00 $;40,68 $;0,11%;
07/03/2024;1;21860,40 $;-215,68 $;0,00 $;-215,68 $;5,68 $;-757,88 $;-215,68 $;0,00%;-215,68 $;0,00 $;-215,68 $;0,00 $;-215,68 $;30,00;455,00 $;50,00 $;265,68 $;0,11%;
15/03/2024;1;21794,72 $;-65,68 $;0,00 $;-65,68 $;5,68 $;-823,56 $;-65,68 $;0,00%;-65,68 $;0,00 $;-65,68 $;0,00 $;-65,68 $;30,00;360,00 $;45,00 $;110,68 $;0,11%;
18/03/2024;1;21809,04 $;14,32 $;14,32 $;0,00 $;5,68 $;-809,24 $;0,00 $;100,00%;14,32 $;14,32 $;0,00 $;14,32 $;0,00 $;15,00;160,00 $;70,00 $;55,68 $;0,11%;
19/03/2024;1;21698,36 $;-110,68 $;0,00 $;-110,68 $;5,68 $;-919,92 $;-110,68 $;0,00%;-110,68 $;0,00 $;-110,68 $;0,00 $;-110,68 $;30,00;375,00 $;300,00 $;410,68 $;0,11%;
20/03/2024;1;21177,68 $;-520,68 $;0,00 $;-520,68 $;5,68 $;-1440,60 $;-520,68 $;0,00%;-520,68 $;0,00 $;-520,68 $;0,00 $;-520,68 $;30,00;640,00 $;25,00 $;545,68 $;0,11%;
25/03/2024;1;20932,00 $;-245,68 $;0,00 $;-245,68 $;5,68 $;-1686,28 $;-245,68 $;0,00%;-245,68 $;0,00 $;-245,68 $;0,00 $;-245,68 $;30,00;345,00 $;80,00 $;325,68 $;0,11%;
27/03/2024;1;20906,32 $;-25,68 $;0,00 $;-25,68 $;5,68 $;-1711,96 $;-25,68 $;0,00%;-25,68 $;0,00 $;-25,68 $;0,00 $;-25,68 $;30,00;135,00 $;115,00 $;140,68 $;0,11%;
28/03/2024;1;21170,64 $;264,32 $;264,32 $;0,00 $;5,68 $;-1447,64 $;0,00 $;100,00%;264,32 $;264,32 $;0,00 $;264,32 $;0,00 $;30,00;90,00 $;300,00 $;35,68 $;0,11%;
02/04/2024;1;20824,96 $;-345,68 $;0,00 $;-345,68 $;5,68 $;-1793,32 $;-345,68 $;0,00%;-345,68 $;0,00 $;-345,68 $;0,00 $;-345,68 $;30,00;675,00 $;120,00 $;465,68 $;0,11%;
03/04/2024;1;20889,28 $;64,32 $;64,32 $;0,00 $;5,68 $;-1729,00 $;0,00 $;100,00%;64,32 $;64,32 $;0,00 $;64,32 $;0,00 $;30,00;255,00 $;125,00 $;60,68 $;0,11%;
04/04/2024;1;20708,60 $;-180,68 $;0,00 $;-180,68 $;5,68 $;-1909,68 $;-180,68 $;0,00%;-180,68 $;0,00 $;-180,68 $;0,00 $;-180,68 $;30,00;195,00 $;285,00 $;465,68 $;0,11%;
09/04/2024;1;21102,92 $;394,32 $;394,32 $;0,00 $;5,68 $;-1515,36 $;0,00 $;100,00%;394,32 $;394,32 $;0,00 $;394,32 $;0,00 $;15,00;35,00 $;475,00 $;80,68 $;0,11%;
12/04/2024;1;20427,24 $;-675,68 $;0,00 $;-675,68 $;5,68 $;-2191,04 $;-675,68 $;0,00%;-675,68 $;0,00 $;-675,68 $;0,00 $;-675,68 $;30,00;1145,00 $;55,00 $;730,68 $;0,11%;
16/04/2024;1;21396,56 $;969,32 $;969,32 $;0,00 $;5,68 $;-1221,72 $;0,00 $;100,00%;969,32 $;969,32 $;0,00 $;969,32 $;0,00 $;30,00;105,00 $;1010,00 $;40,68 $;0,11%;
17/04/2024;1;21575,88 $;179,32 $;179,32 $;0,00 $;5,68 $;-1042,40 $;0,00 $;100,00%;179,32 $;179,32 $;0,00 $;179,32 $;0,00 $;30,00;235,00 $;275,00 $;95,68 $;0,11%;
22/04/2024;1;22040,20 $;464,32 $;464,32 $;0,00 $;5,68 $;-578,08 $;0,00 $;100,00%;464,32 $;464,32 $;0,00 $;464,32 $;0,00 $;30,00;0,00 $;625,00 $;160,68 $;0,11%;
23/04/2024;1;21814,52 $;-225,68 $;0,00 $;-225,68 $;5,68 $;-803,76 $;-225,68 $;0,00%;-225,68 $;0,00 $;-225,68 $;0,00 $;-225,68 $;30,00;345,00 $;45,00 $;270,68 $;0,11%;
29/04/2024;1;21928,84 $;114,32 $;114,32 $;0,00 $;5,68 $;-689,44 $;0,00 $;100,00%;114,32 $;114,32 $;0,00 $;114,32 $;0,00 $;30,00;140,00 $;315,00 $;200,68 $;0,11%;
01/05/2024;1;22833,16 $;904,32 $;904,32 $;0,00 $;5,68 $;0,00 $;0,00 $;100,00%;904,32 $;904,32 $;0,00 $;904,32 $;0,00 $;30,00;45,00 $;930,00 $;25,68 $;0,11%;
02/05/2024;1;22582,48 $;-250,68 $;0,00 $;-250,68 $;5,68 $;-250,68 $;-250,68 $;0,00%;-250,68 $;0,00 $;-250,68 $;0,00 $;-250,68 $;30,00;420,00 $;60,00 $;310,68 $;0,11%;
03/05/2024;1;22906,80 $;324,32 $;324,32 $;0,00 $;5,68 $;0,00 $;0,00 $;100,00%;324,32 $;324,32 $;0,00 $;324,32 $;0,00 $;30,00;50,00 $;360,00 $;35,68 $;0,11%;
06/05/2024;1;22941,12 $;34,32 $;34,32 $;0,00 $;5,68 $;0,00 $;0,00 $;100,00%;34,32 $;34,32 $;0,00 $;34,32 $;0,00 $;30,00;110,00 $;260,00 $;225,68 $;0,11%;
07/05/2024;1;23185,44 $;244,32 $;244,32 $;0,00 $;5,68 $;0,00 $;0,00 $;100,00%;244,32 $;244,32 $;0,00 $;244,32 $;0,00 $;30,00;20,00 $;290,00 $;45,68 $;0,11%;
08/05/2024;1;22904,76 $;-280,68 $;0,00 $;-280,68 $;5,68 $;-280,68 $;-280,68 $;0,00%;-280,68 $;0,00 $;-280,68 $;0,00 $;-280,68 $;30,00;325,00 $;45,00 $;325,68 $;0,11%;
13/05/2024;1;22704,08 $;-200,68 $;0,00 $;-200,68 $;5,68 $;-481,36 $;-200,68 $;0,00%;-200,68 $;0,00 $;-200,68 $;0,00 $;-200,68 $;15,00;210,00 $;5,00 $;205,68 $;0,11%;
15/05/2024;1;22633,40 $;-70,68 $;0,00 $;-70,68 $;5,68 $;-552,04 $;-70,68 $;0,00%;-70,68 $;0,00 $;-70,68 $;0,00 $;-70,68 $;15,00;130,00 $;25,00 $;95,68 $;0,11%;
16/05/2024;1;22697,72 $;64,32 $;64,32 $;0,00 $;5,68 $;-487,72 $;0,00 $;100,00%;64,32 $;64,32 $;0,00 $;64,32 $;0,00 $;30,00;25,00 $;175,00 $;110,68 $;0,11%;
17/05/2024;1;22567,04 $;-130,68 $;0,00 $;-130,68 $;5,68 $;-618,40 $;-130,68 $;0,00%;-130,68 $;0,00 $;-130,68 $;0,00 $;-130,68 $;30,00;125,00 $;160,00 $;290,68 $;0,11%;
20/05/2024;1;22371,36 $;-195,68 $;0,00 $;-195,68 $;5,68 $;-814,08 $;-195,68 $;0,00%;-195,68 $;0,00 $;-195,68 $;0,00 $;-195,68 $;30,00;220,00 $;50,00 $;245,68 $;0,11%;
21/05/2024;1;22310,68 $;-60,68 $;0,00 $;-60,68 $;5,68 $;-874,76 $;-60,68 $;0,00%;-60,68 $;0,00 $;-60,68 $;0,00 $;-60,68 $;15,00;70,00 $;75,00 $;135,68 $;0,11%;
22/05/2024;1;22495,00 $;184,32 $;184,32 $;0,00 $;5,68 $;-690,44 $;0,00 $;100,00%;184,32 $;184,32 $;0,00 $;184,32 $;0,00 $;30,00;215,00 $;240,00 $;55,68 $;0,11%;
23/05/2024;1;22284,32 $;-210,68 $;0,00 $;-210,68 $;5,68 $;-901,12 $;-210,68 $;0,00%;-210,68 $;0,00 $;-210,68 $;0,00 $;-210,68 $;15,00;255,00 $;0,00 $;210,68 $;0,11%;
24/05/2024;1;22363,64 $;79,32 $;79,32 $;0,00 $;5,68 $;-821,80 $;0,00 $;100,00%;79,32 $;79,32 $;0,00 $;79,32 $;0,00 $;15,00;60,00 $;125,00 $;45,68 $;0,11%;
28/05/2024;1;22392,96 $;29,32 $;29,32 $;0,00 $;5,68 $;-792,48 $;0,00 $;100,00%;29,32 $;29,32 $;0,00 $;29,32 $;0,00 $;30,00;50,00 $;335,00 $;305,68 $;0,11%;
30/05/2024;1;22272,28 $;-120,68 $;0,00 $;-120,68 $;5,68 $;-913,16 $;-120,68 $;0,00%;-120,68 $;0,00 $;-120,68 $;0,00 $;-120,68 $;15,00;165,00 $;40,00 $;160,68 $;0,11%;
31/05/2024;1;22341,60 $;69,32 $;69,32 $;0,00 $;5,68 $;-843,84 $;0,00 $;100,00%;69,32 $;69,32 $;0,00 $;69,32 $;0,00 $;30,00;655,00 $;290,00 $;220,68 $;0,11%;
03/06/2024;1;22430,92 $;89,32 $;89,32 $;0,00 $;5,68 $;-754,52 $;0,00 $;100,00%;89,32 $;89,32 $;0,00 $;89,32 $;0,00 $;15,00;30,00 $;195,00 $;105,68 $;0,11%;
05/06/2024;1;22555,24 $;124,32 $;124,32 $;0,00 $;5,68 $;-630,20 $;0,00 $;100,00%;124,32 $;124,32 $;0,00 $;124,32 $;0,00 $;30,00;210,00 $;215,00 $;90,68 $;0,11%;
07/06/2024;1;22459,56 $;-95,68 $;0,00 $;-95,68 $;5,68 $;-725,88 $;-95,68 $;0,00%;-95,68 $;0,00 $;-95,68 $;0,00 $;-95,68 $;30,00;190,00 $;90,00 $;185,68 $;0,11%;
11/06/2024;1;22523,88 $;64,32 $;64,32 $;0,00 $;5,68 $;-661,56 $;0,00 $;100,00%;64,32 $;64,32 $;0,00 $;64,32 $;0,00 $;30,00;130,00 $;190,00 $;125,68 $;0,11%;
12/06/2024;1;22433,20 $;-90,68 $;0,00 $;-90,68 $;5,68 $;-752,24 $;-90,68 $;0,00%;-90,68 $;0,00 $;-90,68 $;0,00 $;-90,68 $;30,00;205,00 $;30,00 $;120,68 $;0,11%;
13/06/2024;1;22547,52 $;114,32 $;114,32 $;0,00 $;5,68 $;-637,92 $;0,00 $;100,00%;114,32 $;114,32 $;0,00 $;114,32 $;0,00 $;30,00;395,00 $;190,00 $;75,68 $;0,11%;
14/06/2024;1;22521,84 $;-25,68 $;0,00 $;-25,68 $;5,68 $;-663,60 $;-25,68 $;0,00%;-25,68 $;0,00 $;-25,68 $;0,00 $;-25,68 $;30,00;120,00 $;460,00 $;485,68 $;0,11%;
17/06/2024;1;22746,16 $;224,32 $;224,32 $;0,00 $;5,68 $;-439,28 $;0,00 $;100,00%;224,32 $;224,32 $;0,00 $;224,32 $;0,00 $;30,00;35,00 $;305,00 $;80,68 $;0,11%;
20/06/2024;1;22905,48 $;159,32 $;159,32 $;0,00 $;5,68 $;-279,96 $;0,00 $;100,00%;159,32 $;159,32 $;0,00 $;159,32 $;0,00 $;30,00;185,00 $;170,00 $;10,68 $;0,11%;
24/06/2024;1;22934,80 $;29,32 $;29,32 $;0,00 $;5,68 $;-250,64 $;0,00 $;100,00%;29,32 $;29,32 $;0,00 $;29,32 $;0,00 $;30,00;175,00 $;235,00 $;205,68 $;0,11%;
25/06/2024;1;22879,12 $;-55,68 $;0,00 $;-55,68 $;5,68 $;-306,32 $;-55,68 $;0,00%;-55,68 $;0,00 $;-55,68 $;0,00 $;-55,68 $;15,00;125,00 $;205,00 $;260,68 $;0,11%;
27/06/2024;1;22943,44 $;64,32 $;64,32 $;0,00 $;5,68 $;-242,00 $;0,00 $;100,00%;64,32 $;64,32 $;0,00 $;64,32 $;0,00 $;30,00;95,00 $;185,00 $;120,68 $;0,11%;
05/07/2024;1;22937,76 $;-5,68 $;0,00 $;-5,68 $;5,68 $;-247,68 $;-5,68 $;0,00%;-5,68 $;0,00 $;-5,68 $;0,00 $;-5,68 $;15,00;40,00 $;75,00 $;80,68 $;0,11%;
08/07/2024;1;23002,08 $;64,32 $;64,32 $;0,00 $;5,68 $;-183,36 $;0,00 $;100,00%;64,32 $;64,32 $;0,00 $;64,32 $;0,00 $;30,00;75,00 $;110,00 $;45,68 $;0,11%;
10/07/2024;1;23061,40 $;59,32 $;59,32 $;0,00 $;5,68 $;-124,04 $;0,00 $;100,00%;59,32 $;59,32 $;0,00 $;59,32 $;0,00 $;30,00;40,00 $;110,00 $;50,68 $;0,11%;
16/07/2024;1;23205,72 $;144,32 $;144,32 $;0,00 $;5,68 $;0,00 $;0,00 $;100,00%;144,32 $;144,32 $;0,00 $;144,32 $;0,00 $;30,00;160,00 $;250,00 $;105,68 $;0,11%;
18/07/2024;1;23870,04 $;664,32 $;664,32 $;0,00 $;5,68 $;0,00 $;0,00 $;100,00%;664,32 $;664,32 $;0,00 $;664,32 $;0,00 $;30,00;70,00 $;815,00 $;150,68 $;0,11%;
22/07/2024;1;23454,36 $;-415,68 $;0,00 $;-415,68 $;5,68 $;-415,68 $;-415,68 $;0,00%;-415,68 $;0,00 $;-415,68 $;0,00 $;-415,68 $;30,00;430,00 $;215,00 $;630,68 $;0,11%;
23/07/2024;1;23618,68 $;164,32 $;164,32 $;0,00 $;5,68 $;-251,36 $;0,00 $;100,00%;164,32 $;164,32 $;0,00 $;164,32 $;0,00 $;30,00;245,00 $;365,00 $;200,68 $;0,11%;
25/07/2024;1;24683,00 $;1064,32 $;1064,32 $;0,00 $;5,68 $;0,00 $;0,00 $;100,00%;1064,32 $;1064,32 $;0,00 $;1064,32 $;0,00 $;30,00;85,00 $;1260,00 $;195,68 $;0,11%;
29/07/2024;1;24737,32 $;54,32 $;54,32 $;0,00 $;5,68 $;0,00 $;0,00 $;100,00%;54,32 $;54,32 $;0,00 $;54,32 $;0,00 $;30,00;180,00 $;145,00 $;90,68 $;0,11%;
05/08/2024;1;26026,64 $;1289,32 $;1289,32 $;0,00 $;5,68 $;0,00 $;0,00 $;100,00%;1289,32 $;1289,32 $;0,00 $;1289,32 $;0,00 $;15,00;655,00 $;1445,00 $;155,68 $;0,11%;
12/08/2024;1;26075,96 $;49,32 $;49,32 $;0,00 $;5,68 $;0,00 $;0,00 $;100,00%;49,32 $;49,32 $;0,00 $;49,32 $;0,00 $;30,00;120,00 $;195,00 $;145,68 $;0,11%;
13/08/2024;1;25475,28 $;-600,68 $;0,00 $;-600,68 $;5,68 $;-600,68 $;-600,68 $;0,00%;-600,68 $;0,00 $;-600,68 $;0,00 $;-600,68 $;30,00;805,00 $;160,00 $;760,68 $;0,11%;
14/08/2024;1;25534,60 $;59,32 $;59,32 $;0,00 $;5,68 $;-541,36 $;0,00 $;100,00%;59,32 $;59,32 $;0,00 $;59,32 $;0,00 $;30,00;220,00 $;245,00 $;185,68 $;0,11%;
15/08/2024;1;25038,92 $;-495,68 $;0,00 $;-495,68 $;5,68 $;-1037,04 $;-495,68 $;0,00%;-495,68 $;0,00 $;-495,68 $;0,00 $;-495,68 $;30,00;500,00 $;250,00 $;745,68 $;0,11%;
16/08/2024;1;25063,24 $;24,32 $;24,32 $;0,00 $;5,68 $;-1012,72 $;0,00 $;100,00%;24,32 $;24,32 $;0,00 $;24,32 $;0,00 $;30,00;415,00 $;115,00 $;90,68 $;0,11%;
21/08/2024;1;24772,56 $;-290,68 $;0,00 $;-290,68 $;5,68 $;-1303,40 $;-290,68 $;0,00%;-290,68 $;0,00 $;-290,68 $;0,00 $;-290,68 $;15,00;360,00 $;45,00 $;335,68 $;0,11%;
22/08/2024;1;24406,88 $;-365,68 $;0,00 $;-365,68 $;5,68 $;-1669,08 $;-365,68 $;0,00%;-365,68 $;0,00 $;-365,68 $;0,00 $;-365,68 $;30,00;400,00 $;15,00 $;380,68 $;0,11%;
23/08/2024;1;23951,20 $;-455,68 $;0,00 $;-455,68 $;5,68 $;-2124,76 $;-455,68 $;0,00%;-455,68 $;0,00 $;-455,68 $;0,00 $;-455,68 $;30,00;735,00 $;15,00 $;470,68 $;0,11%;
27/08/2024;1;23760,52 $;-190,68 $;0,00 $;-190,68 $;5,68 $;-2315,44 $;-190,68 $;0,00%;-190,68 $;0,00 $;-190,68 $;0,00 $;-190,68 $;30,00;555,00 $;270,00 $;460,68 $;0,11%;
29/08/2024;1;24124,84 $;364,32 $;364,32 $;0,00 $;5,68 $;-1951,12 $;0,00 $;100,00%;364,32 $;364,32 $;0,00 $;364,32 $;0,00 $;30,00;245,00 $;625,00 $;260,68 $;0,11%;
02/09/2024;1;24134,16 $;9,32 $;9,32 $;0,00 $;5,68 $;-1941,80 $;0,00 $;100,00%;9,32 $;9,32 $;0,00 $;9,32 $;0,00 $;15,00;30,00 $;120,00 $;110,68 $;0,11%;
04/09/2024;1;23728,48 $;-405,68 $;0,00 $;-405,68 $;5,68 $;-2347,48 $;-405,68 $;0,00%;-405,68 $;0,00 $;-405,68 $;0,00 $;-405,68 $;30,00;470,00 $;330,00 $;735,68 $;0,11%;
09/09/2024;1;24217,80 $;489,32 $;489,32 $;0,00 $;5,68 $;-1858,16 $;0,00 $;100,00%;489,32 $;489,32 $;0,00 $;489,32 $;0,00 $;30,00;35,00 $;700,00 $;210,68 $;0,11%;
10/09/2024;1;24457,12 $;239,32 $;239,32 $;0,00 $;5,68 $;-1618,84 $;0,00 $;100,00%;239,32 $;239,32 $;0,00 $;239,32 $;0,00 $;15,00;115,00 $;380,00 $;140,68 $;0,11%;
11/09/2024;1;24276,44 $;-180,68 $;0,00 $;-180,68 $;5,68 $;-1799,52 $;-180,68 $;0,00%;-180,68 $;0,00 $;-180,68 $;0,00 $;-180,68 $;30,00;325,00 $;30,00 $;210,68 $;0,11%;
12/09/2024;1;24320,76 $;44,32 $;44,32 $;0,00 $;5,68 $;-1755,20 $;0,00 $;100,00%;44,32 $;44,32 $;0,00 $;44,32 $;0,00 $;30,00;70,00 $;495,00 $;450,68 $;0,11%;
16/09/2024;1;24720,08 $;399,32 $;399,32 $;0,00 $;5,68 $;-1355,88 $;0,00 $;100,00%;399,32 $;399,32 $;0,00 $;399,32 $;0,00 $;30,00;105,00 $;450,00 $;50,68 $;0,11%;
17/09/2024;1;25239,40 $;519,32 $;519,32 $;0,00 $;5,68 $;-836,56 $;0,00 $;100,00%;519,32 $;519,32 $;0,00 $;519,32 $;0,00 $;30,00;140,00 $;595,00 $;75,68 $;0,11%;
18/09/2024;1;25038,72 $;-200,68 $;0,00 $;-200,68 $;5,68 $;-1037,24 $;-200,68 $;0,00%;-200,68 $;0,00 $;-200,68 $;0,00 $;-200,68 $;30,00;235,00 $;50,00 $;250,68 $;0,11%;
19/09/2024;1;24978,04 $;-60,68 $;0,00 $;-60,68 $;5,68 $;-1097,92 $;-60,68 $;0,00%;-60,68 $;0,00 $;-60,68 $;0,00 $;-60,68 $;30,00;215,00 $;135,00 $;195,68 $;0,11%;
20/09/2024;1;24512,36 $;-465,68 $;0,00 $;-465,68 $;5,68 $;-1563,60 $;-465,68 $;0,00%;-465,68 $;0,00 $;-465,68 $;0,00 $;-465,68 $;30,00;685,00 $;30,00 $;495,68 $;0,11%;
26/09/2024;1;24096,68 $;-415,68 $;0,00 $;-415,68 $;5,68 $;-1979,28 $;-415,68 $;0,00%;-415,68 $;0,00 $;-415,68 $;0,00 $;-415,68 $;30,00;425,00 $;115,00 $;530,68 $;0,11%;
01/10/2024;1;23696,00 $;-400,68 $;0,00 $;-400,68 $;5,68 $;-2379,96 $;-400,68 $;0,00%;-400,68 $;0,00 $;-400,68 $;0,00 $;-400,68 $;30,00;495,00 $;90,00 $;490,68 $;0,11%;
02/10/2024;1;24375,32 $;679,32 $;679,32 $;0,00 $;5,68 $;-1700,64 $;0,00 $;100,00%;679,32 $;679,32 $;0,00 $;679,32 $;0,00 $;30,00;15,00 $;935,00 $;255,68 $;0,11%;
04/10/2024;1;24479,64 $;104,32 $;104,32 $;0,00 $;5,68 $;-1596,32 $;0,00 $;100,00%;104,32 $;104,32 $;0,00 $;104,32 $;0,00 $;30,00;415,00 $;185,00 $;80,68 $;0,11%;
08/10/2024;1;24503,96 $;24,32 $;24,32 $;0,00 $;5,68 $;-1572,00 $;0,00 $;100,00%;24,32 $;24,32 $;0,00 $;24,32 $;0,00 $;30,00;75,00 $;715,00 $;690,68 $;0,11%;
09/10/2024;1;24523,28 $;19,32 $;19,32 $;0,00 $;5,68 $;-1552,68 $;0,00 $;100,00%;19,32 $;19,32 $;0,00 $;19,32 $;0,00 $;30,00;225,00 $;120,00 $;100,68 $;0,11%;
14/10/2024;1;24527,60 $;4,32 $;4,32 $;0,00 $;5,68 $;-1548,36 $;0,00 $;100,00%;4,32 $;4,32 $;0,00 $;4,32 $;0,00 $;30,00;240,00 $;85,00 $;80,68 $;0,11%;
15/10/2024;1;24626,92 $;99,32 $;99,32 $;0,00 $;5,68 $;-1449,04 $;0,00 $;100,00%;99,32 $;99,32 $;0,00 $;99,32 $;0,00 $;15,00;165,00 $;120,00 $;20,68 $;0,11%;
16/10/2024;1;24731,24 $;104,32 $;104,32 $;0,00 $;5,68 $;-1344,72 $;0,00 $;100,00%;104,32 $;104,32 $;0,00 $;104,32 $;0,00 $;30,00;40,00 $;155,00 $;50,68 $;0,11%;
17/10/2024;1;24375,56 $;-355,68 $;0,00 $;-355,68 $;5,68 $;-1700,40 $;-355,68 $;0,00%;-355,68 $;0,00 $;-355,68 $;0,00 $;-355,68 $;30,00;505,00 $;105,00 $;460,68 $;0,11%;
23/10/2024;1;24229,88 $;-145,68 $;0,00 $;-145,68 $;5,68 $;-1846,08 $;-145,68 $;0,00%;-145,68 $;0,00 $;-145,68 $;0,00 $;-145,68 $;30,00;310,00 $;175,00 $;320,68 $;0,11%;
24/10/2024;1;24379,20 $;149,32 $;149,32 $;0,00 $;5,68 $;-1696,76 $;0,00 $;100,00%;149,32 $;149,32 $;0,00 $;149,32 $;0,00 $;30,00;160,00 $;195,00 $;45,68 $;0,11%;
28/10/2024;1;24778,52 $;399,32 $;399,32 $;0,00 $;5,68 $;-1297,44 $;0,00 $;100,00%;399,32 $;399,32 $;0,00 $;399,32 $;0,00 $;30,00;165,00 $;475,00 $;75,68 $;0,11%;
29/10/2024;1;24887,84 $;109,32 $;109,32 $;0,00 $;5,68 $;-1188,12 $;0,00 $;100,00%;109,32 $;109,32 $;0,00 $;109,32 $;0,00 $;30,00;140,00 $;265,00 $;155,68 $;0,11%;
31/10/2024;1;25382,16 $;494,32 $;494,32 $;0,00 $;5,68 $;-693,80 $;0,00 $;100,00%;494,32 $;494,32 $;0,00 $;494,32 $;0,00 $;30,00;140,00 $;555,00 $;60,68 $;0,11%;
05/11/2024;1;25496,48 $;114,32 $;114,32 $;0,00 $;5,68 $;-579,48 $;0,00 $;100,00%;114,32 $;114,32 $;0,00 $;114,32 $;0,00 $;30,00;225,00 $;135,00 $;20,68 $;0,11%;
08/11/2024;1;25705,80 $;209,32 $;209,32 $;0,00 $;5,68 $;-370,16 $;0,00 $;100,00%;209,32 $;209,32 $;0,00 $;209,32 $;0,00 $;30,00;120,00 $;310,00 $;100,68 $;0,11%;
11/11/2024;1;25765,12 $;59,32 $;59,32 $;0,00 $;5,68 $;-310,84 $;0,00 $;100,00%;59,32 $;59,32 $;0,00 $;59,32 $;0,00 $;30,00;75,00 $;160,00 $;100,68 $;0,11%;
13/11/2024;1;25709,44 $;-55,68 $;0,00 $;-55,68 $;5,68 $;-366,52 $;-55,68 $;0,00%;-55,68 $;0,00 $;-55,68 $;0,00 $;-55,68 $;15,00;85,00 $;145,00 $;200,68 $;0,11%;
21/11/2024;1;25728,76 $;19,32 $;19,32 $;0,00 $;5,68 $;-347,20 $;0,00 $;100,00%;19,32 $;19,32 $;0,00 $;19,32 $;0,00 $;30,00;175,00 $;645,00 $;625,68 $;0,11%;
26/11/2024;1;25193,08 $;-535,68 $;0,00 $;-535,68 $;5,68 $;-882,88 $;-535,68 $;0,00%;-535,68 $;0,00 $;-535,68 $;0,00 $;-535,68 $;15,00;685,00 $;5,00 $;540,68 $;0,11%;
28/11/2024;1;25012,40 $;-180,68 $;0,00 $;-180,68 $;5,68 $;-1063,56 $;-180,68 $;0,00%;-180,68 $;0,00 $;-180,68 $;0,00 $;-180,68 $;30,00;215,00 $;90,00 $;270,68 $;0,11%;
29/11/2024;1;24971,72 $;-40,68 $;0,00 $;-40,68 $;5,68 $;-1104,24 $;-40,68 $;0,00%;-40,68 $;0,00 $;-40,68 $;0,00 $;-40,68 $;30,00;135,00 $;125,00 $;165,68 $;0,11%;
02/12/2024;1;24871,04 $;-100,68 $;0,00 $;-100,68 $;5,68 $;-1204,92 $;-100,68 $;0,00%;-100,68 $;0,00 $;-100,68 $;0,00 $;-100,68 $;15,00;125,00 $;75,00 $;175,68 $;0,11%;
03/12/2024;1;25140,36 $;269,32 $;269,32 $;0,00 $;5,68 $;-935,60 $;0,00 $;100,00%;269,32 $;269,32 $;0,00 $;269,32 $;0,00 $;30,00;45,00 $;365,00 $;95,68 $;0,11%;
04/12/2024;1;25014,68 $;-125,68 $;0,00 $;-125,68 $;5,68 $;-1061,28 $;-125,68 $;0,00%;-125,68 $;0,00 $;-125,68 $;0,00 $;-125,68 $;30,00;320,00 $;95,00 $;220,68 $;0,11%;
05/12/2024;1;25039,00 $;24,32 $;24,32 $;0,00 $;5,68 $;-1036,96 $;0,00 $;100,00%;24,32 $;24,32 $;0,00 $;24,32 $;0,00 $;15,00;70,00 $;75,00 $;50,68 $;0,11%;
06/12/2024;1;25178,32 $;139,32 $;139,32 $;0,00 $;5,68 $;-897,64 $;0,00 $;100,00%;139,32 $;139,32 $;0,00 $;139,32 $;0,00 $;30,00;195,00 $;190,00 $;50,68 $;0,11%;
09/12/2024;1;24972,64 $;-205,68 $;0,00 $;-205,68 $;5,68 $;-1103,32 $;-205,68 $;0,00%;-205,68 $;0,00 $;-205,68 $;0,00 $;-205,68 $;30,00;795,00 $;35,00 $;240,68 $;0,11%;
10/12/2024;1;24821,96 $;-150,68 $;0,00 $;-150,68 $;5,68 $;-1254,00 $;-150,68 $;0,00%;-150,68 $;0,00 $;-150,68 $;0,00 $;-150,68 $;30,00;275,00 $;5,00 $;155,68 $;0,11%;
11/12/2024;1;25131,28 $;309,32 $;309,32 $;0,00 $;5,68 $;-944,68 $;0,00 $;100,00%;309,32 $;309,32 $;0,00 $;309,32 $;0,00 $;30,00;25,00 $;365,00 $;55,68 $;0,11%;
12/12/2024;1;24990,60 $;-140,68 $;0,00 $;-140,68 $;5,68 $;-1085,36 $;-140,68 $;0,00%;-140,68 $;0,00 $;-140,68 $;0,00 $;-140,68 $;30,00;160,00 $;100,00 $;240,68 $;0,11%;
13/12/2024;1;25139,92 $;149,32 $;149,32 $;0,00 $;5,68 $;-936,04 $;0,00 $;100,00%;149,32 $;149,32 $;0,00 $;149,32 $;0,00 $;30,00;180,00 $;200,00 $;50,68 $;0,11%;
17/12/2024;1;25704,24 $;564,32 $;564,32 $;0,00 $;5,68 $;-371,72 $;0,00 $;100,00%;564,32 $;564,32 $;0,00 $;564,32 $;0,00 $;30,00;25,00 $;870,00 $;305,68 $;0,11%;
18/12/2024;1;25803,56 $;99,32 $;99,32 $;0,00 $;5,68 $;-272,40 $;0,00 $;100,00%;99,32 $;99,32 $;0,00 $;99,32 $;0,00 $;30,00;80,00 $;315,00 $;215,68 $;0,11%;
20/12/2024;1;25387,88 $;-415,68 $;0,00 $;-415,68 $;5,68 $;-688,08 $;-415,68 $;0,00%;-415,68 $;0,00 $;-415,68 $;0,00 $;-415,68 $;30,00;735,00 $;165,00 $;580,68 $;0,11%;
23/12/2024;1;25612,20 $;224,32 $;224,32 $;0,00 $;5,68 $;-463,76 $;0,00 $;100,00%;224,32 $;224,32 $;0,00 $;224,32 $;0,00 $;30,00;195,00 $;455,00 $;230,68 $;0,11%;
02/01/2025;1;24786,52 $;-825,68 $;0,00 $;-825,68 $;5,68 $;-1289,44 $;-825,68 $;0,00%;-825,68 $;0,00 $;-825,68 $;0,00 $;-825,68 $;15,00;880,00 $;35,00 $;860,68 $;0,11%;
06/01/2025;1;24665,84 $;-120,68 $;0,00 $;-120,68 $;5,68 $;-1410,12 $;-120,68 $;0,00%;-120,68 $;0,00 $;-120,68 $;0,00 $;-120,68 $;30,00;410,00 $;315,00 $;435,68 $;0,11%;
08/01/2025;1;24255,16 $;-410,68 $;0,00 $;-410,68 $;5,68 $;-1820,80 $;-410,68 $;0,00%;-410,68 $;0,00 $;-410,68 $;0,00 $;-410,68 $;30,00;2010,00 $;130,00 $;540,68 $;0,11%;
09/01/2025;1;24584,48 $;329,32 $;329,32 $;0,00 $;5,68 $;-1491,48 $;0,00 $;100,00%;329,32 $;329,32 $;0,00 $;329,32 $;0,00 $;15,00;0,00 $;530,00 $;200,68 $;0,11%;
10/01/2025;1;25168,80 $;584,32 $;584,32 $;0,00 $;5,68 $;-907,16 $;0,00 $;100,00%;584,32 $;584,32 $;0,00 $;584,32 $;0,00 $;30,00;165,00 $;645,00 $;60,68 $;0,11%;
14/01/2025;1;24918,12 $;-250,68 $;0,00 $;-250,68 $;5,68 $;-1157,84 $;-250,68 $;0,00%;-250,68 $;0,00 $;-250,68 $;0,00 $;-250,68 $;15,00;410,00 $;5,00 $;255,68 $;0,11%;
15/01/2025;1;24367,44 $;-550,68 $;0,00 $;-550,68 $;5,68 $;-1708,52 $;-550,68 $;0,00%;-550,68 $;0,00 $;-550,68 $;0,00 $;-550,68 $;30,00;900,00 $;25,00 $;575,68 $;0,11%;
17/01/2025;1;24776,76 $;409,32 $;409,32 $;0,00 $;5,68 $;-1299,20 $;0,00 $;100,00%;409,32 $;409,32 $;0,00 $;409,32 $;0,00 $;30,00;260,00 $;575,00 $;165,68 $;0,11%;
22/01/2025;1;24951,08 $;174,32 $;174,32 $;0,00 $;5,68 $;-1124,88 $;0,00 $;100,00%;174,32 $;174,32 $;0,00 $;174,32 $;0,00 $;30,00;60,00 $;240,00 $;65,68 $;0,11%;
23/01/2025;1;25305,40 $;354,32 $;354,32 $;0,00 $;5,68 $;-770,56 $;0,00 $;100,00%;354,32 $;354,32 $;0,00 $;354,32 $;0,00 $;30,00;70,00 $;470,00 $;115,68 $;0,11%;
27/01/2025;1;26599,72 $;1294,32 $;1294,32 $;0,00 $;5,68 $;0,00 $;0,00 $;100,00%;1294,32 $;1294,32 $;0,00 $;1294,32 $;0,00 $;30,00;275,00 $;1970,00 $;675,68 $;0,11%;
30/01/2025;1;26869,04 $;269,32 $;269,32 $;0,00 $;5,68 $;0,00 $;0,00 $;100,00%;269,32 $;269,32 $;0,00 $;269,32 $;0,00 $;30,00;310,00 $;410,00 $;140,68 $;0,11%;
31/01/2025;1;26693,36 $;-175,68 $;0,00 $;-175,68 $;5,68 $;-175,68 $;-175,68 $;0,00%;-175,68 $;0,00 $;-175,68 $;0,00 $;-175,68 $;30,00;285,00 $;105,00 $;280,68 $;0,11%;
03/02/2025;1;26897,68 $;204,32 $;204,32 $;0,00 $;5,68 $;0,00 $;0,00 $;100,00%;204,32 $;204,32 $;0,00 $;204,32 $;0,00 $;30,00;190,00 $;765,00 $;560,68 $;0,11%;
06/02/2025;1;26417,00 $;-480,68 $;0,00 $;-480,68 $;5,68 $;-480,68 $;-480,68 $;0,00%;-480,68 $;0,00 $;-480,68 $;0,00 $;-480,68 $;30,00;640,00 $;130,00 $;610,68 $;0,11%;
07/02/2025;1;26851,32 $;434,32 $;434,32 $;0,00 $;5,68 $;-46,36 $;0,00 $;100,00%;434,32 $;434,32 $;0,00 $;434,32 $;0,00 $;30,00;15,00 $;535,00 $;100,68 $;0,11%;
10/02/2025;1;26875,64 $;24,32 $;24,32 $;0,00 $;5,68 $;-22,04 $;0,00 $;100,00%;24,32 $;24,32 $;0,00 $;24,32 $;0,00 $;30,00;180,00 $;165,00 $;140,68 $;0,11%;
14/02/2025;1;26939,96 $;64,32 $;64,32 $;0,00 $;5,68 $;0,00 $;0,00 $;100,00%;64,32 $;64,32 $;0,00 $;64,32 $;0,00 $;30,00;325,00 $;295,00 $;230,68 $;0,11%;
18/02/2025;1;27099,28 $;159,32 $;159,32 $;0,00 $;5,68 $;0,00 $;0,00 $;100,00%;159,32 $;159,32 $;0,00 $;159,32 $;0,00 $;30,00;30,00 $;310,00 $;150,68 $;0,11%;
19/02/2025;1;27338,60 $;239,32 $;239,32 $;0,00 $;5,68 $;0,00 $;0,00 $;100,00%;239,32 $;239,32 $;0,00 $;239,32 $;0,00 $;15,00;100,00 $;300,00 $;60,68 $;0,11%;
26/02/2025;1;27802,92 $;464,32 $;464,32 $;0,00 $;5,68 $;0,00 $;0,00 $;100,00%;464,32 $;464,32 $;0,00 $;464,32 $;0,00 $;30,00;275,00 $;685,00 $;220,68 $;0,11%;
28/02/2025;1;27942,24 $;139,32 $;139,32 $;0,00 $;5,68 $;0,00 $;0,00 $;100,00%;139,32 $;139,32 $;0,00 $;139,32 $;0,00 $;30,00;155,00 $;395,00 $;255,68 $;0,11%;
03/03/2025;1;27706,56 $;-235,68 $;0,00 $;-235,68 $;5,68 $;-235,68 $;-235,68 $;0,00%;-235,68 $;0,00 $;-235,68 $;0,00 $;-235,68 $;30,00;330,00 $;385,00 $;620,68 $;0,11%;
04/03/2025;1;27755,88 $;49,32 $;49,32 $;0,00 $;5,68 $;-186,36 $;0,00 $;100,00%;49,32 $;49,32 $;0,00 $;49,32 $;0,00 $;15,00;80,00 $;435,00 $;385,68 $;0,11%;
05/03/2025;1;26805,20 $;-950,68 $;0,00 $;-950,68 $;5,68 $;-1137,04 $;-950,68 $;0,00%;-950,68 $;0,00 $;-950,68 $;0,00 $;-950,68 $;30,00;1980,00 $;350,00 $;1300,68 $;0,11%;
06/03/2025;1;27559,52 $;754,32 $;754,32 $;0,00 $;5,68 $;-382,72 $;0,00 $;100,00%;754,32 $;754,32 $;0,00 $;754,32 $;0,00 $;30,00;50,00 $;885,00 $;130,68 $;0,11%;
13/03/2025;1;28388,84 $;829,32 $;829,32 $;0,00 $;5,68 $;0,00 $;0,00 $;100,00%;829,32 $;829,32 $;0,00 $;829,32 $;0,00 $;30,00;75,00 $;1140,00 $;310,68 $;0,11%;
17/03/2025;1;27838,16 $;-550,68 $;0,00 $;-550,68 $;5,68 $;-550,68 $;-550,68 $;0,00%;-550,68 $;0,00 $;-550,68 $;0,00 $;-550,68 $;30,00;740,00 $;125,00 $;675,68 $;0,11%;
18/03/2025;1;28107,48 $;269,32 $;269,32 $;0,00 $;5,68 $;-281,36 $;0,00 $;100,00%;269,32 $;269,32 $;0,00 $;269,32 $;0,00 $;30,00;610,00 $;335,00 $;65,68 $;0,11%;
19/03/2025;1;28381,80 $;274,32 $;274,32 $;0,00 $;5,68 $;-7,04 $;0,00 $;100,00%;274,32 $;274,32 $;0,00 $;274,32 $;0,00 $;30,00;260,00 $;470,00 $;195,68 $;0,11%;
20/03/2025;1;28891,12 $;509,32 $;509,32 $;0,00 $;5,68 $;0,00 $;0,00 $;100,00%;509,32 $;509,32 $;0,00 $;509,32 $;0,00 $;30,00;740,00 $;695,00 $;185,68 $;0,11%;
24/03/2025;1;29125,44 $;234,32 $;234,32 $;0,00 $;5,68 $;0,00 $;0,00 $;100,00%;234,32 $;234,32 $;0,00 $;234,32 $;0,00 $;15,00;0,00 $;255,00 $;20,68 $;0,11%;
25/03/2025;1;28784,76 $;-340,68 $;0,00 $;-340,68 $;5,68 $;-340,68 $;-340,68 $;0,00%;-340,68 $;0,00 $;-340,68 $;0,00 $;-340,68 $;30,00;520,00 $;40,00 $;380,68 $;0,11%;
26/03/2025;1;29314,08 $;529,32 $;529,32 $;0,00 $;5,68 $;0,00 $;0,00 $;100,00%;529,32 $;529,32 $;0,00 $;529,32 $;0,00 $;30,00;25,00 $;540,00 $;10,68 $;0,11%;
27/03/2025;1;30078,40 $;764,32 $;764,32 $;0,00 $;5,68 $;0,00 $;0,00 $;100,00%;764,32 $;764,32 $;0,00 $;764,32 $;0,00 $;30,00;140,00 $;805,00 $;40,68 $;0,11%;
28/03/2025;1;30317,72 $;239,32 $;239,32 $;0,00 $;5,68 $;0,00 $;0,00 $;100,00%;239,32 $;239,32 $;0,00 $;239,32 $;0,00 $;15,00;130,00 $;460,00 $;220,68 $;0,11%;
02/04/2025;1;30012,04 $;-305,68 $;0,00 $;-305,68 $;5,68 $;-305,68 $;-305,68 $;0,00%;-305,68 $;0,00 $;-305,68 $;0,00 $;-305,68 $;30,00;665,00 $;105,00 $;410,68 $;0,11%;
03/04/2025;1;30096,36 $;84,32 $;84,32 $;0,00 $;5,68 $;-221,36 $;0,00 $;100,00%;84,32 $;84,32 $;0,00 $;84,32 $;0,00 $;30,00;805,00 $;765,00 $;680,68 $;0,11%;
04/04/2025;1;29770,68 $;-325,68 $;0,00 $;-325,68 $;5,68 $;-547,04 $;-325,68 $;0,00%;-325,68 $;0,00 $;-325,68 $;0,00 $;-325,68 $;30,00;1440,00 $;3190,00 $;3515,68 $;0,11%;
07/04/2025;1;29115,00 $;-655,68 $;0,00 $;-655,68 $;5,68 $;-1202,72 $;-655,68 $;0,00%;-655,68 $;0,00 $;-655,68 $;0,00 $;-655,68 $;30,00;3750,00 $;895,00 $;1550,68 $;0,11%;
08/04/2025;1;29929,32 $;814,32 $;814,32 $;0,00 $;5,68 $;-388,40 $;0,00 $;100,00%;814,32 $;814,32 $;0,00 $;814,32 $;0,00 $;30,00;120,00 $;1555,00 $;740,68 $;0,11%;
11/04/2025;1;30553,64 $;624,32 $;624,32 $;0,00 $;5,68 $;0,00 $;0,00 $;100,00%;624,32 $;624,32 $;0,00 $;624,32 $;0,00 $;30,00;830,00 $;1515,00 $;890,68 $;0,11%;
23/04/2025;1;29712,96 $;-840,68 $;0,00 $;-840,68 $;5,68 $;-840,68 $;-840,68 $;0,00%;-840,68 $;0,00 $;-840,68 $;0,00 $;-840,68 $;30,00;1030,00 $;215,00 $;1055,68 $;0,11%;
24/04/2025;1;29022,28 $;-690,68 $;0,00 $;-690,68 $;5,68 $;-1531,36 $;-690,68 $;0,00%;-690,68 $;0,00 $;-690,68 $;0,00 $;-690,68 $;15,00;1150,00 $;275,00 $;965,68 $;0,11%;
25/04/2025;1;27316,60 $;-1705,68 $;0,00 $;-1705,68 $;5,68 $;-3237,04 $;-1705,68 $;0,00%;-1705,68 $;0,00 $;-1705,68 $;0,00 $;-1705,68 $;30,00;1955,00 $;315,00 $;2020,68 $;0,11%;
29/04/2025;1;26845,92 $;-470,68 $;0,00 $;-470,68 $;5,68 $;-3707,72 $;-470,68 $;0,00%;-470,68 $;0,00 $;-470,68 $;0,00 $;-470,68 $;15,00;1440,00 $;45,00 $;515,68 $;0,11%;
30/04/2025;1;27230,24 $;384,32 $;384,32 $;0,00 $;5,68 $;-3323,40 $;0,00 $;100,00%;384,32 $;384,32 $;0,00 $;384,32 $;0,00 $;15,00;110,00 $;400,00 $;15,68 $;0,11%;
01/05/2025;1;27254,56 $;24,32 $;24,32 $;0,00 $;5,68 $;-3299,08 $;0,00 $;100,00%;24,32 $;24,32 $;0,00 $;24,32 $;0,00 $;30,00;55,00 $;405,00 $;380,68 $;0,11%;
02/05/2025;1;27558,88 $;304,32 $;304,32 $;0,00 $;5,68 $;-2994,76 $;0,00 $;100,00%;304,32 $;304,32 $;0,00 $;304,32 $;0,00 $;30,00;170,00 $;440,00 $;135,68 $;0,11%;
09/05/2025;1;27363,20 $;-195,68 $;0,00 $;-195,68 $;5,68 $;-3190,44 $;-195,68 $;0,00%;-195,68 $;0,00 $;-195,68 $;0,00 $;-195,68 $;30,00;335,00 $;25,00 $;220,68 $;0,11%;
12/05/2025;1;26402,52 $;-960,68 $;0,00 $;-960,68 $;5,68 $;-4151,12 $;-960,68 $;0,00%;-960,68 $;0,00 $;-960,68 $;0,00 $;-960,68 $;30,00;1175,00 $;150,00 $;1110,68 $;0,11%;
13/05/2025;1;26086,84 $;-315,68 $;0,00 $;-315,68 $;5,68 $;-4466,80 $;-315,68 $;0,00%;-315,68 $;0,00 $;-315,68 $;0,00 $;-315,68 $;30,00;710,00 $;70,00 $;385,68 $;0,11%;
14/05/2025;1;26216,16 $;129,32 $;129,32 $;0,00 $;5,68 $;-4337,48 $;0,00 $;100,00%;129,32 $;129,32 $;0,00 $;129,32 $;0,00 $;15,00;20,00 $;290,00 $;160,68 $;0,11%;
21/05/2025;1;27180,48 $;964,32 $;964,32 $;0,00 $;5,68 $;-3373,16 $;0,00 $;100,00%;964,32 $;964,32 $;0,00 $;964,32 $;0,00 $;30,00;55,00 $;1020,00 $;55,68 $;0,11%;
28/05/2025;1;25989,80 $;-1190,68 $;0,00 $;-1190,68 $;5,68 $;-4563,84 $;-1190,68 $;0,00%;-1190,68 $;0,00 $;-1190,68 $;0,00 $;-1190,68 $;30,00;1230,00 $;20,00 $;1210,68 $;0,11%;
29/05/2025;1;26039,12 $;49,32 $;49,32 $;0,00 $;5,68 $;-4514,52 $;0,00 $;100,00%;49,32 $;49,32 $;0,00 $;49,32 $;0,00 $;30,00;455,00 $;395,00 $;345,68 $;0,11%;
03/06/2025;1;25628,44 $;-410,68 $;0,00 $;-410,68 $;5,68 $;-4925,20 $;-410,68 $;0,00%;-410,68 $;0,00 $;-410,68 $;0,00 $;-410,68 $;15,00;405,00 $;295,00 $;705,68 $;0,11%;
04/06/2025;1;25212,76 $;-415,68 $;0,00 $;-415,68 $;5,68 $;-5340,88 $;-415,68 $;0,00%;-415,68 $;0,00 $;-415,68 $;0,00 $;-415,68 $;30,00;440,00 $;185,00 $;600,68 $;0,11%;
05/06/2025;1;25637,08 $;424,32 $;424,32 $;0,00 $;5,68 $;-4916,56 $;0,00 $;100,00%;424,32 $;424,32 $;0,00 $;424,32 $;0,00 $;15,00;25,00 $;490,00 $;65,68 $;0,11%;
06/06/2025;1;26251,40 $;614,32 $;614,32 $;0,00 $;5,68 $;-4302,24 $;0,00 $;100,00%;614,32 $;614,32 $;0,00 $;614,32 $;0,00 $;30,00;65,00 $;655,00 $;40,68 $;0,11%;
12/06/2025;1;26705,72 $;454,32 $;454,32 $;0,00 $;5,68 $;-3847,92 $;0,00 $;100,00%;454,32 $;454,32 $;0,00 $;454,32 $;0,00 $;30,00;150,00 $;900,00 $;445,68 $;0,11%;
17/06/2025;1;27425,04 $;719,32 $;719,32 $;0,00 $;5,68 $;-3128,60 $;0,00 $;100,00%;719,32 $;719,32 $;0,00 $;719,32 $;0,00 $;15,00;125,00 $;790,00 $;70,68 $;0,11%;
19/06/2025;1;27844,36 $;419,32 $;419,32 $;0,00 $;5,68 $;-2709,28 $;0,00 $;100,00%;419,32 $;419,32 $;0,00 $;419,32 $;0,00 $;30,00;0,00 $;610,00 $;190,68 $;0,11%;
20/06/2025;1;27868,68 $;24,32 $;24,32 $;0,00 $;5,68 $;-2684,96 $;0,00 $;100,00%;24,32 $;24,32 $;0,00 $;24,32 $;0,00 $;15,00;220,00 $;215,00 $;190,68 $;0,11%;
26/06/2025;1;28153,00 $;284,32 $;284,32 $;0,00 $;5,68 $;-2400,64 $;0,00 $;100,00%;284,32 $;284,32 $;0,00 $;284,32 $;0,00 $;30,00;85,00 $;325,00 $;40,68 $;0,11%;
02/07/2025;1;28017,32 $;-135,68 $;0,00 $;-135,68 $;5,68 $;-2536,32 $;-135,68 $;0,00%;-135,68 $;0,00 $;-135,68 $;0,00 $;-135,68 $;30,00;430,00 $;215,00 $;350,68 $;0,11%;
03/07/2025;1;28281,64 $;264,32 $;264,32 $;0,00 $;5,68 $;-2272,00 $;0,00 $;100,00%;264,32 $;264,32 $;0,00 $;264,32 $;0,00 $;30,00;25,00 $;320,00 $;55,68 $;0,11%;
07/07/2025;1;28640,96 $;359,32 $;359,32 $;0,00 $;5,68 $;-1912,68 $;0,00 $;100,00%;359,32 $;359,32 $;0,00 $;359,32 $;0,00 $;30,00;195,00 $;410,00 $;50,68 $;0,11%;
11/07/2025;1;28520,28 $;-120,68 $;0,00 $;-120,68 $;5,68 $;-2033,36 $;-120,68 $;0,00%;-120,68 $;0,00 $;-120,68 $;0,00 $;-120,68 $;30,00;385,00 $;95,00 $;215,68 $;0,11%;
15/07/2025;1;28734,60 $;214,32 $;214,32 $;0,00 $;5,68 $;-1819,04 $;0,00 $;100,00%;214,32 $;214,32 $;0,00 $;214,32 $;0,00 $;30,00;180,00 $;375,00 $;160,68 $;0,11%;
18/07/2025;1;28868,92 $;134,32 $;134,32 $;0,00 $;5,68 $;-1684,72 $;0,00 $;100,00%;134,32 $;134,32 $;0,00 $;134,32 $;0,00 $;30,00;140,00 $;160,00 $;25,68 $;0,11%;
21/07/2025;1;28998,24 $;129,32 $;129,32 $;0,00 $;5,68 $;-1555,40 $;0,00 $;100,00%;129,32 $;129,32 $;0,00 $;129,32 $;0,00 $;30,00;15,00 $;335,00 $;205,68 $;0,11%;
24/07/2025;1;29052,56 $;54,32 $;54,32 $;0,00 $;5,68 $;-1501,08 $;0,00 $;100,00%;54,32 $;54,32 $;0,00 $;54,32 $;0,00 $;30,00;140,00 $;135,00 $;80,68 $;0,11%;
28/07/2025;1;28561,88 $;-490,68 $;0,00 $;-490,68 $;5,68 $;-1991,76 $;-490,68 $;0,00%;-490,68 $;0,00 $;-490,68 $;0,00 $;-490,68 $;30,00;660,00 $;30,00 $;520,68 $;0,11%;
29/07/2025;1;28506,20 $;-55,68 $;0,00 $;-55,68 $;5,68 $;-2047,44 $;-55,68 $;0,00%;-55,68 $;0,00 $;-55,68 $;0,00 $;-55,68 $;30,00;165,00 $;85,00 $;140,68 $;0,11%;
30/07/2025;1;28315,52 $;-190,68 $;0,00 $;-190,68 $;5,68 $;-2238,12 $;-190,68 $;0,00%;-190,68 $;0,00 $;-190,68 $;0,00 $;-190,68 $;30,00;195,00 $;85,00 $;275,68 $;0,11%;
01/08/2025;1;27374,84 $;-940,68 $;0,00 $;-940,68 $;5,68 $;-3178,80 $;-940,68 $;0,00%;-940,68 $;0,00 $;-940,68 $;0,00 $;-940,68 $;30,00;1420,00 $;50,00 $;990,68 $;0,11%;
04/08/2025;1;27514,16 $;139,32 $;139,32 $;0,00 $;5,68 $;-3039,48 $;0,00 $;100,00%;139,32 $;139,32 $;0,00 $;139,32 $;0,00 $;15,00;55,00 $;265,00 $;125,68 $;0,11%;
05/08/2025;1;27323,48 $;-190,68 $;0,00 $;-190,68 $;5,68 $;-3230,16 $;-190,68 $;0,00%;-190,68 $;0,00 $;-190,68 $;0,00 $;-190,68 $;30,00;345,00 $;200,00 $;390,68 $;0,11%;
06/08/2025;1;27707,80 $;384,32 $;384,32 $;0,00 $;5,68 $;-2845,84 $;0,00 $;100,00%;384,32 $;384,32 $;0,00 $;384,32 $;0,00 $;15,00;350,00 $;450,00 $;65,68 $;0,11%;
07/08/2025;1;27532,12 $;-175,68 $;0,00 $;-175,68 $;5,68 $;-3021,52 $;-175,68 $;0,00%;-175,68 $;0,00 $;-175,68 $;0,00 $;-175,68 $;30,00;285,00 $;255,00 $;430,68 $;0,11%;
11/08/2025;1;27786,44 $;254,32 $;254,32 $;0,00 $;5,68 $;-2767,20 $;0,00 $;100,00%;254,32 $;254,32 $;0,00 $;254,32 $;0,00 $;30,00;40,00 $;570,00 $;315,68 $;0,11%;
12/08/2025;1;27800,76 $;14,32 $;14,32 $;0,00 $;5,68 $;-2752,88 $;0,00 $;100,00%;14,32 $;14,32 $;0,00 $;14,32 $;0,00 $;30,00;95,00 $;150,00 $;135,68 $;0,11%;
13/08/2025;1;27970,08 $;169,32 $;169,32 $;0,00 $;5,68 $;-2583,56 $;0,00 $;100,00%;169,32 $;169,32 $;0,00 $;169,32 $;0,00 $;30,00;110,00 $;285,00 $;115,68 $;0,11%;
19/08/2025;1;27764,40 $;-205,68 $;0,00 $;-205,68 $;5,68 $;-2789,24 $;-205,68 $;0,00%;-205,68 $;0,00 $;-205,68 $;0,00 $;-205,68 $;15,00;450,00 $;25,00 $;230,68 $;0,11%;
20/08/2025;1;27818,72 $;54,32 $;54,32 $;0,00 $;5,68 $;-2734,92 $;0,00 $;100,00%;54,32 $;54,32 $;0,00 $;54,32 $;0,00 $;30,00;45,00 $;485,00 $;430,68 $;0,11%;
21/08/2025;1;28013,04 $;194,32 $;194,32 $;0,00 $;5,68 $;-2540,60 $;0,00 $;100,00%;194,32 $;194,32 $;0,00 $;194,32 $;0,00 $;30,00;215,00 $;325,00 $;130,68 $;0,11%;
22/08/2025;1;28057,36 $;44,32 $;44,32 $;0,00 $;5,68 $;-2496,28 $;0,00 $;100,00%;44,32 $;44,32 $;0,00 $;44,32 $;0,00 $;30,00;130,00 $;175,00 $;130,68 $;0,11%;
25/08/2025;1;28126,68 $;69,32 $;69,32 $;0,00 $;5,68 $;-2426,96 $;0,00 $;100,00%;69,32 $;69,32 $;0,00 $;69,32 $;0,00 $;30,00;300,00 $;340,00 $;270,68 $;0,11%;
26/08/2025;1;28221,00 $;94,32 $;94,32 $;0,00 $;5,68 $;-2332,64 $;0,00 $;100,00%;94,32 $;94,32 $;0,00 $;94,32 $;0,00 $;30,00;180,00 $;155,00 $;60,68 $;0,11%;
01/09/2025;1;28365,32 $;144,32 $;144,32 $;0,00 $;5,68 $;-2188,32 $;0,00 $;100,00%;144,32 $;144,32 $;0,00 $;144,32 $;0,00 $;15,00;0,00 $;200,00 $;55,68 $;0,11%;
02/09/2025;1;28359,64 $;-5,68 $;0,00 $;-5,68 $;5,68 $;-2194,00 $;-5,68 $;0,00%;-5,68 $;0,00 $;-5,68 $;0,00 $;-5,68 $;30,00;455,00 $;195,00 $;200,68 $;0,11%;
03/09/2025;1;28238,96 $;-120,68 $;0,00 $;-120,68 $;5,68 $;-2314,68 $;-120,68 $;0,00%;-120,68 $;0,00 $;-120,68 $;0,00 $;-120,68 $;15,00;175,00 $;60,00 $;180,68 $;0,11%;
04/09/2025;1;28138,28 $;-100,68 $;0,00 $;-100,68 $;5,68 $;-2415,36 $;-100,68 $;0,00%;-100,68 $;0,00 $;-100,68 $;0,00 $;-100,68 $;30,00;325,00 $;20,00 $;120,68 $;0,11%;
08/09/2025;1;28307,60 $;169,32 $;169,32 $;0,00 $;5,68 $;-2246,04 $;0,00 $;100,00%;169,32 $;169,32 $;0,00 $;169,32 $;0,00 $;30,00;195,00 $;220,00 $;50,68 $;0,11%;
09/09/2025;1;28341,92 $;34,32 $;34,32 $;0,00 $;5,68 $;-2211,72 $;0,00 $;100,00%;34,32 $;34,32 $;0,00 $;34,32 $;0,00 $;30,00;260,00 $;190,00 $;155,68 $;0,11%;
10/09/2025;1;28216,24 $;-125,68 $;0,00 $;-125,68 $;5,68 $;-2337,40 $;-125,68 $;0,00%;-125,68 $;0,00 $;-125,68 $;0,00 $;-125,68 $;30,00;155,00 $;45,00 $;170,68 $;0,11%;
11/09/2025;1;28025,56 $;-190,68 $;0,00 $;-190,68 $;5,68 $;-2528,08 $;-190,68 $;0,00%;-190,68 $;0,00 $;-190,68 $;0,00 $;-190,68 $;30,00;250,00 $;40,00 $;230,68 $;0,11%;
12/09/2025;1;27864,88 $;-160,68 $;0,00 $;-160,68 $;5,68 $;-2688,76 $;-160,68 $;0,00%;-160,68 $;0,00 $;-160,68 $;0,00 $;-160,68 $;30,00;170,00 $;65,00 $;225,68 $;0,11%;
15/09/2025;1;27739,20 $;-125,68 $;0,00 $;-125,68 $;5,68 $;-2814,44 $;-125,68 $;0,00%;-125,68 $;0,00 $;-125,68 $;0,00 $;-125,68 $;30,00;210,00 $;110,00 $;235,68 $;0,11%;
19/09/2025;1;27708,52 $;-30,68 $;0,00 $;-30,68 $;5,68 $;-2845,12 $;-30,68 $;0,00%;-30,68 $;0,00 $;-30,68 $;0,00 $;-30,68 $;15,00;90,00 $;240,00 $;270,68 $;0,11%;
23/09/2025;1;27787,84 $;79,32 $;79,32 $;0,00 $;5,68 $;-2765,80 $;0,00 $;100,00%;79,32 $;79,32 $;0,00 $;79,32 $;0,00 $;15,00;25,00 $;155,00 $;75,68 $;0,11%;
25/09/2025;1;27822,16 $;34,32 $;34,32 $;0,00 $;5,68 $;-2731,48 $;0,00 $;100,00%;34,32 $;34,32 $;0,00 $;34,32 $;0,00 $;30,00;360,00 $;465,00 $;430,68 $;0,11%;
29/09/2025;1;27996,48 $;174,32 $;174,32 $;0,00 $;5,68 $;-2557,16 $;0,00 $;100,00%;174,32 $;174,32 $;0,00 $;174,32 $;0,00 $;30,00;20,00 $;300,00 $;125,68 $;0,11%;
30/09/2025;1;28355,80 $;359,32 $;359,32 $;0,00 $;5,68 $;-2197,84 $;0,00 $;100,00%;359,32 $;359,32 $;0,00 $;359,32 $;0,00 $;30,00;310,00 $;510,00 $;150,68 $;0,11%;
02/10/2025;1;28385,12 $;29,32 $;29,32 $;0,00 $;5,68 $;-2168,52 $;0,00 $;100,00%;29,32 $;29,32 $;0,00 $;29,32 $;0,00 $;15,00;30,00 $;135,00 $;105,68 $;0,11%;
03/10/2025;1;28704,44 $;319,32 $;319,32 $;0,00 $;5,68 $;-1849,20 $;0,00 $;100,00%;319,32 $;319,32 $;0,00 $;319,32 $;0,00 $;30,00;50,00 $;420,00 $;100,68 $;0,11%;
06/10/2025;1;28143,76 $;-560,68 $;0,00 $;-560,68 $;5,68 $;-2409,88 $;-560,68 $;0,00%;-560,68 $;0,00 $;-560,68 $;0,00 $;-560,68 $;15,00;835,00 $;0,00 $;560,68 $;0,11%;
07/10/2025;1;28293,08 $;149,32 $;149,32 $;0,00 $;5,68 $;-2260,56 $;0,00 $;100,00%;149,32 $;149,32 $;0,00 $;149,32 $;0,00 $;15,00;95,00 $;180,00 $;30,68 $;0,11%;
10/10/2025;1;28567,40 $;274,32 $;274,32 $;0,00 $;5,68 $;-1986,24 $;0,00 $;100,00%;274,32 $;274,32 $;0,00 $;274,32 $;0,00 $;30,00;225,00 $;310,00 $;35,68 $;0,11%;
14/10/2025;1;28201,72 $;-365,68 $;0,00 $;-365,68 $;5,68 $;-2351,92 $;-365,68 $;0,00%;-365,68 $;0,00 $;-365,68 $;0,00 $;-365,68 $;30,00;1495,00 $;50,00 $;415,68 $;0,11%;
16/10/2025;1;28426,04 $;224,32 $;224,32 $;0,00 $;5,68 $;-2127,60 $;0,00 $;100,00%;224,32 $;224,32 $;0,00 $;224,32 $;0,00 $;30,00;130,00 $;460,00 $;235,68 $;0,11%;
21/10/2025;1;28505,36 $;79,32 $;79,32 $;0,00 $;5,68 $;-2048,28 $;0,00 $;100,00%;79,32 $;79,32 $;0,00 $;79,32 $;0,00 $;30,00;160,00 $;260,00 $;180,68 $;0,11%;
22/10/2025;1;28474,68 $;-30,68 $;0,00 $;-30,68 $;5,68 $;-2078,96 $;-30,68 $;0,00%;-30,68 $;0,00 $;-30,68 $;0,00 $;-30,68 $;30,00;405,00 $;55,00 $;85,68 $;0,11%;
27/10/2025;1;28594,00 $;119,32 $;119,32 $;0,00 $;5,68 $;-1959,64 $;0,00 $;100,00%;119,32 $;119,32 $;0,00 $;119,32 $;0,00 $;30,00;165,00 $;140,00 $;20,68 $;0,11%;
