Period;#;Cum. net profit;Net profit;Gross profit;Gross loss;Commission;Cum. max. drawdown;Max. drawdown;% Win;Avg. trade;Avg. winner;Avg. loser;Lrg. winner;Lrg. loser;MTR;Avg. MAE;Avg. MFE;Avg. ETD;% Trade;
02/01/2019;1;-675,68 $;-675,68 $;0,00 $;-675,68 $;5,68 $;-675,68 $;-675,68 $;0,00%;-675,68 $;0,00 $;-675,68 $;0,00 $;-675,68 $;5,00;670,00 $;95,00 $;770,68 $;0,06%;
03/01/2019;1;-151,36 $;524,32 $;524,32 $;0,00 $;5,68 $;-151,36 $;0,00 $;100,00%;524,32 $;524,32 $;0,00 $;524,32 $;0,00 $;30,00;530,00 $;795,00 $;270,68 $;0,06%;
04/01/2019;1;-987,04 $;-835,68 $;0,00 $;-835,68 $;5,68 $;-987,04 $;-835,68 $;0,00%;-835,68 $;0,00 $;-835,68 $;0,00 $;-835,68 $;25,00;830,00 $;360,00 $;1195,68 $;0,06%;
07/01/2019;1;-1537,72 $;-550,68 $;0,00 $;-550,68 $;5,68 $;-1537,72 $;-550,68 $;0,00%;-550,68 $;0,00 $;-550,68 $;0,00 $;-550,68 $;25,00;545,00 $;175,00 $;725,68 $;0,06%;
08/01/2019;1;-2038,40 $;-500,68 $;0,00 $;-500,68 $;5,68 $;-2038,40 $;-500,68 $;0,00%;-500,68 $;0,00 $;-500,68 $;0,00 $;-500,68 $;15,00;495,00 $;55,00 $;555,68 $;0,06%;
09/01/2019;1;-1569,08 $;469,32 $;469,32 $;0,00 $;5,68 $;-1569,08 $;0,00 $;100,00%;469,32 $;469,32 $;0,00 $;469,32 $;0,00 $;40,00;280,00 $;605,00 $;135,68 $;0,06%;
10/01/2019;1;-1799,76 $;-230,68 $;0,00 $;-230,68 $;5,68 $;-1799,76 $;-230,68 $;0,00%;-230,68 $;0,00 $;-230,68 $;0,00 $;-230,68 $;25,00;465,00 $;240,00 $;470,68 $;0,06%;
11/01/2019;1;-1960,44 $;-160,68 $;0,00 $;-160,68 $;5,68 $;-1960,44 $;-160,68 $;0,00%;-160,68 $;0,00 $;-160,68 $;0,00 $;-160,68 $;25,00;470,00 $;95,00 $;255,68 $;0,06%;
14/01/2019;1;-1866,12 $;94,32 $;94,32 $;0,00 $;5,68 $;-1866,12 $;0,00 $;100,00%;94,32 $;94,32 $;0,00 $;94,32 $;0,00 $;25,00;130,00 $;395,00 $;300,68 $;0,06%;
15/01/2019;1;-2386,80 $;-520,68 $;0,00 $;-520,68 $;5,68 $;-2386,80 $;-520,68 $;0,00%;-520,68 $;0,00 $;-520,68 $;0,00 $;-520,68 $;0,00;515,00 $;0,00 $;520,68 $;0,06%;
16/01/2019;1;-2702,48 $;-315,68 $;0,00 $;-315,68 $;5,68 $;-2702,48 $;-315,68 $;0,00%;-315,68 $;0,00 $;-315,68 $;0,00 $;-315,68 $;10,00;310,00 $;85,00 $;400,68 $;0,06%;
17/01/2019;1;-2913,16 $;-210,68 $;0,00 $;-210,68 $;5,68 $;-2913,16 $;-210,68 $;0,00%;-210,68 $;0,00 $;-210,68 $;0,00 $;-210,68 $;40,00;270,00 $;70,00 $;280,68 $;0,06%;
18/01/2019;1;-2578,84 $;334,32 $;334,32 $;0,00 $;5,68 $;-2578,84 $;0,00 $;100,00%;334,32 $;334,32 $;0,00 $;334,32 $;0,00 $;40,00;415,00 $;545,00 $;210,68 $;0,06%;
21/01/2019;1;-2234,52 $;344,32 $;344,32 $;0,00 $;5,68 $;-2234,52 $;0,00 $;100,00%;344,32 $;344,32 $;0,00 $;344,32 $;0,00 $;10,00;30,00 $;350,00 $;5,68 $;0,06%;
22/01/2019;1;-2640,20 $;-405,68 $;0,00 $;-405,68 $;5,68 $;-2640,20 $;-405,68 $;0,00%;-405,68 $;0,00 $;-405,68 $;0,00 $;-405,68 $;15,00;400,00 $;140,00 $;545,68 $;0,06%;
23/01/2019;1;-3055,88 $;-415,68 $;0,00 $;-415,68 $;5,68 $;-3055,88 $;-415,68 $;0,00%;-415,68 $;0,00 $;-415,68 $;0,00 $;-415,68 $;15,00;410,00 $;60,00 $;475,68 $;0,06%;
24/01/2019;1;-2491,56 $;564,32 $;564,32 $;0,00 $;5,68 $;-2491,56 $;0,00 $;100,00%;564,32 $;564,32 $;0,00 $;564,32 $;0,00 $;40,00;150,00 $;750,00 $;185,68 $;0,06%;
25/01/2019;1;-2767,24 $;-275,68 $;0,00 $;-275,68 $;5,68 $;-2767,24 $;-275,68 $;0,00%;-275,68 $;0,00 $;-275,68 $;0,00 $;-275,68 $;40,00;370,00 $;95,00 $;370,68 $;0,06%;
28/01/2019;1;-3357,92 $;-590,68 $;0,00 $;-590,68 $;5,68 $;-3357,92 $;-590,68 $;0,00%;-590,68 $;0,00 $;-590,68 $;0,00 $;-590,68 $;15,00;585,00 $;20,00 $;610,68 $;0,06%;
29/01/2019;1;-3718,60 $;-360,68 $;0,00 $;-360,68 $;5,68 $;-3718,60 $;-360,68 $;0,00%;-360,68 $;0,00 $;-360,68 $;0,00 $;-360,68 $;5,00;355,00 $;45,00 $;405,68 $;0,06%;
30/01/2019;1;-4134,28 $;-415,68 $;0,00 $;-415,68 $;5,68 $;-4134,28 $;-415,68 $;0,00%;-415,68 $;0,00 $;-415,68 $;0,00 $;-415,68 $;10,00;410,00 $;5,00 $;420,68 $;0,06%;
31/01/2019;1;-3489,96 $;644,32 $;644,32 $;0,00 $;5,68 $;-3489,96 $;0,00 $;100,00%;644,32 $;644,32 $;0,00 $;644,32 $;0,00 $;40,00;60,00 $;725,00 $;80,68 $;0,06%;
01/02/2019;1;-3025,64 $;464,32 $;464,32 $;0,00 $;5,68 $;-3025,64 $;0,00 $;100,00%;464,32 $;464,32 $;0,00 $;464,32 $;0,00 $;40,00;195,00 $;490,00 $;25,68 $;0,06%;
04/02/2019;1;-3371,32 $;-345,68 $;0,00 $;-345,68 $;5,68 $;-3371,32 $;-345,68 $;0,00%;-345,68 $;0,00 $;-345,68 $;0,00 $;-345,68 $;15,00;340,00 $;330,00 $;675,68 $;0,06%;
05/02/2019;1;-3687,00 $;-315,68 $;0,00 $;-315,68 $;5,68 $;-3687,00 $;-315,68 $;0,00%;-315,68 $;0,00 $;-315,68 $;0,00 $;-315,68 $;10,00;310,00 $;35,00 $;350,68 $;0,06%;
06/02/2019;1;-3542,68 $;144,32 $;144,32 $;0,00 $;5,68 $;-3542,68 $;0,00 $;100,00%;144,32 $;144,32 $;0,00 $;144,32 $;0,00 $;30,00;250,00 $;305,00 $;160,68 $;0,06%;
07/02/2019;1;-3973,36 $;-430,68 $;0,00 $;-430,68 $;5,68 $;-3973,36 $;-430,68 $;0,00%;-430,68 $;0,00 $;-430,68 $;0,00 $;-430,68 $;5,00;425,00 $;30,00 $;460,68 $;0,06%;
08/02/2019;1;-3634,04 $;339,32 $;339,32 $;0,00 $;5,68 $;-3634,04 $;0,00 $;100,00%;339,32 $;339,32 $;0,00 $;339,32 $;0,00 $;25,00;175,00 $;440,00 $;100,68 $;0,06%;
11/02/2019;1;-3999,72 $;-365,68 $;0,00 $;-365,68 $;5,68 $;-3999,72 $;-365,68 $;0,00%;-365,68 $;0,00 $;-365,68 $;0,00 $;-365,68 $;20,00;360,00 $;340,00 $;705,68 $;0,06%;
12/02/2019;1;-3735,40 $;264,32 $;264,32 $;0,00 $;5,68 $;-3735,40 $;0,00 $;100,00%;264,32 $;264,32 $;0,00 $;264,32 $;0,00 $;40,00;305,00 $;385,00 $;120,68 $;0,06%;
13/02/2019;1;-3631,08 $;104,32 $;104,32 $;0,00 $;5,68 $;-3631,08 $;0,00 $;100,00%;104,32 $;104,32 $;0,00 $;104,32 $;0,00 $;25,00;220,00 $;210,00 $;105,68 $;0,06%;
14/02/2019;1;-3246,76 $;384,32 $;384,32 $;0,00 $;5,68 $;-3246,76 $;0,00 $;100,00%;384,32 $;384,32 $;0,00 $;384,32 $;0,00 $;40,00;345,00 $;435,00 $;50,68 $;0,06%;
15/02/2019;1;-2517,44 $;729,32 $;729,32 $;0,00 $;5,68 $;-2517,44 $;0,00 $;100,00%;729,32 $;729,32 $;0,00 $;729,32 $;0,00 $;30,00;25,00 $;905,00 $;175,68 $;0,06%;
18/02/2019;1;-2603,12 $;-85,68 $;0,00 $;-85,68 $;5,68 $;-2603,12 $;-85,68 $;0,00%;-85,68 $;0,00 $;-85,68 $;0,00 $;-85,68 $;35,00;95,00 $;85,00 $;170,68 $;0,06%;
19/02/2019;1;-2138,80 $;464,32 $;464,32 $;0,00 $;5,68 $;-2138,80 $;0,00 $;100,00%;464,32 $;464,32 $;0,00 $;464,32 $;0,00 $;20,00;145,00 $;470,00 $;5,68 $;0,06%;
20/02/2019;1;-2399,48 $;-260,68 $;0,00 $;-260,68 $;5,68 $;-2399,48 $;-260,68 $;0,00%;-260,68 $;0,00 $;-260,68 $;0,00 $;-260,68 $;20,00;255,00 $;50,00 $;310,68 $;0,06%;
21/02/2019;1;-2860,16 $;-460,68 $;0,00 $;-460,68 $;5,68 $;-2860,16 $;-460,68 $;0,00%;-460,68 $;0,00 $;-460,68 $;0,00 $;-460,68 $;15,00;455,00 $;340,00 $;800,68 $;0,06%;
22/02/2019;1;-3235,84 $;-375,68 $;0,00 $;-375,68 $;5,68 $;-3235,84 $;-375,68 $;0,00%;-375,68 $;0,00 $;-375,68 $;0,00 $;-375,68 $;40,00;435,00 $;50,00 $;425,68 $;0,06%;
25/02/2019;1;-3501,52 $;-265,68 $;0,00 $;-265,68 $;5,68 $;-3501,52 $;-265,68 $;0,00%;-265,68 $;0,00 $;-265,68 $;0,00 $;-265,68 $;20,00;260,00 $;140,00 $;405,68 $;0,06%;
26/02/2019;1;-3147,20 $;354,32 $;354,32 $;0,00 $;5,68 $;-3147,20 $;0,00 $;100,00%;354,32 $;354,32 $;0,00 $;354,32 $;0,00 $;25,00;70,00 $;460,00 $;105,68 $;0,06%;
27/02/2019;1;-3252,88 $;-105,68 $;0,00 $;-105,68 $;5,68 $;-3252,88 $;-105,68 $;0,00%;-105,68 $;0,00 $;-105,68 $;0,00 $;-105,68 $;30,00;190,00 $;470,00 $;575,68 $;0,06%;
28/02/2019;1;-3383,56 $;-130,68 $;0,00 $;-130,68 $;5,68 $;-3383,56 $;-130,68 $;0,00%;-130,68 $;0,00 $;-130,68 $;0,00 $;-130,68 $;25,00;340,00 $;95,00 $;225,68 $;0,06%;
01/03/2019;1;-3239,24 $;144,32 $;144,32 $;0,00 $;5,68 $;-3239,24 $;0,00 $;100,00%;144,32 $;144,32 $;0,00 $;144,32 $;0,00 $;35,00;45,00 $;300,00 $;155,68 $;0,06%;
04/03/2019;1;-3454,92 $;-215,68 $;0,00 $;-215,68 $;5,68 $;-3454,92 $;-215,68 $;0,00%;-215,68 $;0,00 $;-215,68 $;0,00 $;-215,68 $;15,00;210,00 $;140,00 $;355,68 $;0,06%;
05/03/2019;1;-3510,60 $;-55,68 $;0,00 $;-55,68 $;5,68 $;-3510,60 $;-55,68 $;0,00%;-55,68 $;0,00 $;-55,68 $;0,00 $;-55,68 $;40,00;285,00 $;110,00 $;165,68 $;0,06%;
06/03/2019;1;-3016,28 $;494,32 $;494,32 $;0,00 $;5,68 $;-3016,28 $;0,00 $;100,00%;494,32 $;494,32 $;0,00 $;494,32 $;0,00 $;30,00;30,00 $;500,00 $;5,68 $;0,06%;
07/03/2019;1;-3476,96 $;-460,68 $;0,00 $;-460,68 $;5,68 $;-3476,96 $;-460,68 $;0,00%;-460,68 $;0,00 $;-460,68 $;0,00 $;-460,68 $;10,00;455,00 $;70,00 $;530,68 $;0,06%;
08/03/2019;1;-3107,64 $;369,32 $;369,32 $;0,00 $;5,68 $;-3107,64 $;0,00 $;100,00%;369,32 $;369,32 $;0,00 $;369,32 $;0,00 $;40,00;40,00 $;655,00 $;285,68 $;0,06%;
11/03/2019;1;-3578,32 $;-470,68 $;0,00 $;-470,68 $;5,68 $;-3578,32 $;-470,68 $;0,00%;-470,68 $;0,00 $;-470,68 $;0,00 $;-470,68 $;10,00;465,00 $;0,00 $;470,68 $;0,06%;
12/03/2019;1;-3319,00 $;259,32 $;259,32 $;0,00 $;5,68 $;-3319,00 $;0,00 $;100,00%;259,32 $;259,32 $;0,00 $;259,32 $;0,00 $;25,00;145,00 $;395,00 $;135,68 $;0,06%;
13/03/2019;1;-3464,68 $;-145,68 $;0,00 $;-145,68 $;5,68 $;-3464,68 $;-145,68 $;0,00%;-145,68 $;0,00 $;-145,68 $;0,00 $;-145,68 $;35,00;300,00 $;215,00 $;360,68 $;0,06%;
14/03/2019;1;-3855,36 $;-390,68 $;0,00 $;-390,68 $;5,68 $;-3855,36 $;-390,68 $;0,00%;-390,68 $;0,00 $;-390,68 $;0,00 $;-390,68 $;20,00;385,00 $;65,00 $;455,68 $;0,06%;
15/03/2019;1;-3276,04 $;579,32 $;579,32 $;0,00 $;5,68 $;-3276,04 $;0,00 $;100,00%;579,32 $;579,32 $;0,00 $;579,32 $;0,00 $;30,00;140,00 $;585,00 $;5,68 $;0,06%;
18/03/2019;1;-2901,72 $;374,32 $;374,32 $;0,00 $;5,68 $;-2901,72 $;0,00 $;100,00%;374,32 $;374,32 $;0,00 $;374,32 $;0,00 $;25,00;60,00 $;380,00 $;5,68 $;0,06%;
19/03/2019;1;-2982,40 $;-80,68 $;0,00 $;-80,68 $;5,68 $;-2982,40 $;-80,68 $;0,00%;-80,68 $;0,00 $;-80,68 $;0,00 $;-80,68 $;30,00;215,00 $;255,00 $;335,68 $;0,06%;
20/03/2019;1;-3148,08 $;-165,68 $;0,00 $;-165,68 $;5,68 $;-3148,08 $;-165,68 $;0,00%;-165,68 $;0,00 $;-165,68 $;0,00 $;-165,68 $;25,00;300,00 $;120,00 $;285,68 $;0,06%;
21/03/2019;1;-3583,76 $;-435,68 $;0,00 $;-435,68 $;5,68 $;-3583,76 $;-435,68 $;0,00%;-435,68 $;0,00 $;-435,68 $;0,00 $;-435,68 $;5,00;430,00 $;25,00 $;460,68 $;0,06%;
22/03/2019;1;-4734,44 $;-1150,68 $;0,00 $;-1150,68 $;5,68 $;-4734,44 $;-1150,68 $;0,00%;-1150,68 $;0,00 $;-1150,68 $;0,00 $;-1150,68 $;35,00;1145,00 $;45,00 $;1195,68 $;0,06%;
25/03/2019;1;-5335,12 $;-600,68 $;0,00 $;-600,68 $;5,68 $;-5335,12 $;-600,68 $;0,00%;-600,68 $;0,00 $;-600,68 $;0,00 $;-600,68 $;20,00;595,00 $;765,00 $;1365,68 $;0,06%;
26/03/2019;1;-5805,80 $;-470,68 $;0,00 $;-470,68 $;5,68 $;-5805,80 $;-470,68 $;0,00%;-470,68 $;0,00 $;-470,68 $;0,00 $;-470,68 $;15,00;465,00 $;10,00 $;480,68 $;0,06%;
27/03/2019;1;-5321,48 $;484,32 $;484,32 $;0,00 $;5,68 $;-5321,48 $;0,00 $;100,00%;484,32 $;484,32 $;0,00 $;484,32 $;0,00 $;25,00;145,00 $;580,00 $;95,68 $;0,06%;
28/03/2019;1;-5452,16 $;-130,68 $;0,00 $;-130,68 $;5,68 $;-5452,16 $;-130,68 $;0,00%;-130,68 $;0,00 $;-130,68 $;0,00 $;-130,68 $;30,00;165,00 $;495,00 $;625,68 $;0,06%;
29/03/2019;1;-4927,84 $;524,32 $;524,32 $;0,00 $;5,68 $;-4927,84 $;0,00 $;100,00%;524,32 $;524,32 $;0,00 $;524,32 $;0,00 $;30,00;130,00 $;530,00 $;5,68 $;0,06%;
01/04/2019;1;-4663,52 $;264,32 $;264,32 $;0,00 $;5,68 $;-4663,52 $;0,00 $;100,00%;264,32 $;264,32 $;0,00 $;264,32 $;0,00 $;25,00;105,00 $;415,00 $;150,68 $;0,06%;
02/04/2019;1;-4894,20 $;-230,68 $;0,00 $;-230,68 $;5,68 $;-4894,20 $;-230,68 $;0,00%;-230,68 $;0,00 $;-230,68 $;0,00 $;-230,68 $;35,00;225,00 $;130,00 $;360,68 $;0,06%;
03/04/2019;1;-4769,88 $;124,32 $;124,32 $;0,00 $;5,68 $;-4769,88 $;0,00 $;100,00%;124,32 $;124,32 $;0,00 $;124,32 $;0,00 $;25,00;60,00 $;255,00 $;130,68 $;0,06%;
04/04/2019;1;-5150,56 $;-380,68 $;0,00 $;-380,68 $;5,68 $;-5150,56 $;-380,68 $;0,00%;-380,68 $;0,00 $;-380,68 $;0,00 $;-380,68 $;10,00;375,00 $;60,00 $;440,68 $;0,06%;
05/04/2019;1;-5166,24 $;-15,68 $;0,00 $;-15,68 $;5,68 $;-5166,24 $;-15,68 $;0,00%;-15,68 $;0,00 $;-15,68 $;0,00 $;-15,68 $;40,00;180,00 $;185,00 $;200,68 $;0,06%;
08/04/2019;1;-5206,92 $;-40,68 $;0,00 $;-40,68 $;5,68 $;-5206,92 $;-40,68 $;0,00%;-40,68 $;0,00 $;-40,68 $;0,00 $;-40,68 $;25,00;330,00 $;80,00 $;120,68 $;0,06%;
09/04/2019;1;-5072,60 $;134,32 $;134,32 $;0,00 $;5,68 $;-5072,60 $;0,00 $;100,00%;134,32 $;134,32 $;0,00 $;134,32 $;0,00 $;35,00;290,00 $;215,00 $;80,68 $;0,06%;
10/04/2019;1;-5033,28 $;39,32 $;39,32 $;0,00 $;5,68 $;-5033,28 $;0,00 $;100,00%;39,32 $;39,32 $;0,00 $;39,32 $;0,00 $;40,00;100,00 $;105,00 $;65,68 $;0,06%;
11/04/2019;1;-5413,96 $;-380,68 $;0,00 $;-380,68 $;5,68 $;-5413,96 $;-380,68 $;0,00%;-380,68 $;0,00 $;-380,68 $;0,00 $;-380,68 $;10,00;375,00 $;0,00 $;380,68 $;0,06%;
12/04/2019;1;-5464,64 $;-50,68 $;0,00 $;-50,68 $;5,68 $;-5464,64 $;-50,68 $;0,00%;-50,68 $;0,00 $;-50,68 $;0,00 $;-50,68 $;30,00;260,00 $;85,00 $;135,68 $;0,06%;
15/04/2019;1;-5305,32 $;159,32 $;159,32 $;0,00 $;5,68 $;-5305,32 $;0,00 $;100,00%;159,32 $;159,32 $;0,00 $;159,32 $;0,00 $;40,00;140,00 $;250,00 $;90,68 $;0,06%;
16/04/2019;1;-5166,00 $;139,32 $;139,32 $;0,00 $;5,68 $;-5166,00 $;0,00 $;100,00%;139,32 $;139,32 $;0,00 $;139,32 $;0,00 $;25,00;45,00 $;175,00 $;35,68 $;0,06%;
17/04/2019;1;-4846,68 $;319,32 $;319,32 $;0,00 $;5,68 $;-4846,68 $;0,00 $;100,00%;319,32 $;319,32 $;0,00 $;319,32 $;0,00 $;30,00;150,00 $;325,00 $;5,68 $;0,06%;
18/04/2019;1;-4247,36 $;599,32 $;599,32 $;0,00 $;5,68 $;-4247,36 $;0,00 $;100,00%;599,32 $;599,32 $;0,00 $;599,32 $;0,00 $;30,00;50,00 $;625,00 $;25,68 $;0,06%;
22/04/2019;1;-4583,04 $;-335,68 $;0,00 $;-335,68 $;5,68 $;-4583,04 $;-335,68 $;0,00%;-335,68 $;0,00 $;-335,68 $;0,00 $;-335,68 $;40,00;345,00 $;35,00 $;370,68 $;0,06%;
23/04/2019;1;-4873,72 $;-290,68 $;0,00 $;-290,68 $;5,68 $;-4873,72 $;-290,68 $;0,00%;-290,68 $;0,00 $;-290,68 $;0,00 $;-290,68 $;20,00;285,00 $;145,00 $;435,68 $;0,06%;
24/04/2019;1;-5169,40 $;-295,68 $;0,00 $;-295,68 $;5,68 $;-5169,40 $;-295,68 $;0,00%;-295,68 $;0,00 $;-295,68 $;0,00 $;-295,68 $;25,00;290,00 $;190,00 $;485,68 $;0,06%;
25/04/2019;1;-5445,08 $;-275,68 $;0,00 $;-275,68 $;5,68 $;-5445,08 $;-275,68 $;0,00%;-275,68 $;0,00 $;-275,68 $;0,00 $;-275,68 $;5,00;270,00 $;0,00 $;275,68 $;0,06%;
26/04/2019;1;-5435,76 $;9,32 $;9,32 $;0,00 $;5,68 $;-5435,76 $;0,00 $;100,00%;9,32 $;9,32 $;0,00 $;9,32 $;0,00 $;40,00;210,00 $;80,00 $;70,68 $;0,06%;
29/04/2019;1;-5396,44 $;39,32 $;39,32 $;0,00 $;5,68 $;-5396,44 $;0,00 $;100,00%;39,32 $;39,32 $;0,00 $;39,32 $;0,00 $;40,00;175,00 $;250,00 $;210,68 $;0,06%;
30/04/2019;1;-5577,12 $;-180,68 $;0,00 $;-180,68 $;5,68 $;-5577,12 $;-180,68 $;0,00%;-180,68 $;0,00 $;-180,68 $;0,00 $;-180,68 $;30,00;190,00 $;155,00 $;335,68 $;0,06%;
01/05/2019;1;-5857,80 $;-280,68 $;0,00 $;-280,68 $;5,68 $;-5857,80 $;-280,68 $;0,00%;-280,68 $;0,00 $;-280,68 $;0,00 $;-280,68 $;15,00;275,00 $;15,00 $;295,68 $;0,06%;
02/05/2019;1;-5528,48 $;329,32 $;329,32 $;0,00 $;5,68 $;-5528,48 $;0,00 $;100,00%;329,32 $;329,32 $;0,00 $;329,32 $;0,00 $;25,00;35,00 $;475,00 $;145,68 $;0,06%;
03/05/2019;1;-5719,16 $;-190,68 $;0,00 $;-190,68 $;5,68 $;-5719,16 $;-190,68 $;0,00%;-190,68 $;0,00 $;-190,68 $;0,00 $;-190,68 $;30,00;240,00 $;295,00 $;485,68 $;0,06%;
06/05/2019;1;-4909,84 $;809,32 $;809,32 $;0,00 $;5,68 $;-4909,84 $;0,00 $;100,00%;809,32 $;809,32 $;0,00 $;809,32 $;0,00 $;15,00;500,00 $;815,00 $;5,68 $;0,06%;
07/05/2019;1;-4940,52 $;-30,68 $;0,00 $;-30,68 $;5,68 $;-4940,52 $;-30,68 $;0,00%;-30,68 $;0,00 $;-30,68 $;0,00 $;-30,68 $;40,00;310,00 $;840,00 $;870,68 $;0,06%;
08/05/2019;1;-4626,20 $;314,32 $;314,32 $;0,00 $;5,68 $;-4626,20 $;0,00 $;100,00%;314,32 $;314,32 $;0,00 $;314,32 $;0,00 $;40,00;215,00 $;625,00 $;310,68 $;0,06%;
09/05/2019;1;-5211,88 $;-585,68 $;0,00 $;-585,68 $;5,68 $;-5211,88 $;-585,68 $;0,00%;-585,68 $;0,00 $;-585,68 $;0,00 $;-585,68 $;30,00;580,00 $;330,00 $;915,68 $;0,06%;
10/05/2019;1;-4937,56 $;274,32 $;274,32 $;0,00 $;5,68 $;-4937,56 $;0,00 $;100,00%;274,32 $;274,32 $;0,00 $;274,32 $;0,00 $;40,00;480,00 $;285,00 $;10,68 $;0,06%;
13/05/2019;1;-5898,24 $;-960,68 $;0,00 $;-960,68 $;5,68 $;-5898,24 $;-960,68 $;0,00%;-960,68 $;0,00 $;-960,68 $;0,00 $;-960,68 $;20,00;955,00 $;325,00 $;1285,68 $;0,06%;
14/05/2019;1;-5978,92 $;-80,68 $;0,00 $;-80,68 $;5,68 $;-5978,92 $;-80,68 $;0,00%;-80,68 $;0,00 $;-80,68 $;0,00 $;-80,68 $;40,00;310,00 $;125,00 $;205,68 $;0,06%;
15/05/2019;1;-4989,60 $;989,32 $;989,32 $;0,00 $;5,68 $;-4989,60 $;0,00 $;100,00%;989,32 $;989,32 $;0,00 $;989,32 $;0,00 $;25,00;30,00 $;995,00 $;5,68 $;0,06%;
16/05/2019;1;-4190,28 $;799,32 $;799,32 $;0,00 $;5,68 $;-4190,28 $;0,00 $;100,00%;799,32 $;799,32 $;0,00 $;799,32 $;0,00 $;30,00;270,00 $;805,00 $;5,68 $;0,06%;
17/05/2019;1;-4385,96 $;-195,68 $;0,00 $;-195,68 $;5,68 $;-4385,96 $;-195,68 $;0,00%;-195,68 $;0,00 $;-195,68 $;0,00 $;-195,68 $;25,00;655,00 $;90,00 $;285,68 $;0,06%;
20/05/2019;1;-4581,64 $;-195,68 $;0,00 $;-195,68 $;5,68 $;-4581,64 $;-195,68 $;0,00%;-195,68 $;0,00 $;-195,68 $;0,00 $;-195,68 $;30,00;395,00 $;240,00 $;435,68 $;0,06%;
21/05/2019;1;-4282,32 $;299,32 $;299,32 $;0,00 $;5,68 $;-4282,32 $;0,00 $;100,00%;299,32 $;299,32 $;0,00 $;299,32 $;0,00 $;25,00;100,00 $;455,00 $;155,68 $;0,06%;
22/05/2019;1;-4443,00 $;-160,68 $;0,00 $;-160,68 $;5,68 $;-4443,00 $;-160,68 $;0,00%;-160,68 $;0,00 $;-160,68 $;0,00 $;-160,68 $;25,00;225,00 $;225,00 $;385,68 $;0,06%;
23/05/2019;1;-4768,68 $;-325,68 $;0,00 $;-325,68 $;5,68 $;-4768,68 $;-325,68 $;0,00%;-325,68 $;0,00 $;-325,68 $;0,00 $;-325,68 $;25,00;605,00 $;35,00 $;360,68 $;0,06%;
24/05/2019;1;-5264,36 $;-495,68 $;0,00 $;-495,68 $;5,68 $;-5264,36 $;-495,68 $;0,00%;-495,68 $;0,00 $;-495,68 $;0,00 $;-495,68 $;10,00;490,00 $;50,00 $;545,68 $;0,06%;
27/05/2019;1;-5280,04 $;-15,68 $;0,00 $;-15,68 $;5,68 $;-5280,04 $;-15,68 $;0,00%;-15,68 $;0,00 $;-15,68 $;0,00 $;-15,68 $;40,00;55,00 $;75,00 $;90,68 $;0,06%;
28/05/2019;1;-5450,72 $;-170,68 $;0,00 $;-170,68 $;5,68 $;-5450,72 $;-170,68 $;0,00%;-170,68 $;0,00 $;-170,68 $;0,00 $;-170,68 $;25,00;435,00 $;5,00 $;175,68 $;0,06%;
29/05/2019;1;-4891,40 $;559,32 $;559,32 $;0,00 $;5,68 $;-4891,40 $;0,00 $;100,00%;559,32 $;559,32 $;0,00 $;559,32 $;0,00 $;40,00;145,00 $;590,00 $;30,68 $;0,06%;
30/05/2019;1;-5057,08 $;-165,68 $;0,00 $;-165,68 $;5,68 $;-5057,08 $;-165,68 $;0,00%;-165,68 $;0,00 $;-165,68 $;0,00 $;-165,68 $;25,00;295,00 $;155,00 $;320,68 $;0,06%;
31/05/2019;1;-4962,76 $;94,32 $;94,32 $;0,00 $;5,68 $;-4962,76 $;0,00 $;100,00%;94,32 $;94,32 $;0,00 $;94,32 $;0,00 $;40,00;175,00 $;255,00 $;160,68 $;0,06%;
03/06/2019;1;-4323,44 $;639,32 $;639,32 $;0,00 $;5,68 $;-4323,44 $;0,00 $;100,00%;639,32 $;639,32 $;0,00 $;639,32 $;0,00 $;15,00;355,00 $;645,00 $;5,68 $;0,06%;
04/06/2019;1;-3889,12 $;434,32 $;434,32 $;0,00 $;5,68 $;-3889,12 $;0,00 $;100,00%;434,32 $;434,32 $;0,00 $;434,32 $;0,00 $;40,00;100,00 $;710,00 $;275,68 $;0,06%;
05/06/2019;1;-2959,80 $;929,32 $;929,32 $;0,00 $;5,68 $;-2959,80 $;0,00 $;100,00%;929,32 $;929,32 $;0,00 $;929,32 $;0,00 $;20,00;50,00 $;935,00 $;5,68 $;0,06%;
06/06/2019;1;-3260,48 $;-300,68 $;0,00 $;-300,68 $;5,68 $;-3260,48 $;-300,68 $;0,00%;-300,68 $;0,00 $;-300,68 $;0,00 $;-300,68 $;25,00;325,00 $;420,00 $;720,68 $;0,06%;
07/06/2019;1;-4161,16 $;-900,68 $;0,00 $;-900,68 $;5,68 $;-4161,16 $;-900,68 $;0,00%;-900,68 $;0,00 $;-900,68 $;0,00 $;-900,68 $;25,00;895,00 $;170,00 $;1070,68 $;0,06%;
10/06/2019;1;-4381,84 $;-220,68 $;0,00 $;-220,68 $;5,68 $;-4381,84 $;-220,68 $;0,00%;-220,68 $;0,00 $;-220,68 $;0,00 $;-220,68 $;25,00;395,00 $;195,00 $;415,68 $;0,06%;
11/06/2019;1;-3717,52 $;664,32 $;664,32 $;0,00 $;5,68 $;-3717,52 $;0,00 $;100,00%;664,32 $;664,32 $;0,00 $;664,32 $;0,00 $;0,00;0,00 $;670,00 $;5,68 $;0,06%;
12/06/2019;1;-3388,20 $;329,32 $;329,32 $;0,00 $;5,68 $;-3388,20 $;0,00 $;100,00%;329,32 $;329,32 $;0,00 $;329,32 $;0,00 $;25,00;25,00 $;540,00 $;210,68 $;0,06%;
13/06/2019;1;-3168,88 $;219,32 $;219,32 $;0,00 $;5,68 $;-3168,88 $;0,00 $;100,00%;219,32 $;219,32 $;0,00 $;219,32 $;0,00 $;40,00;50,00 $;295,00 $;75,68 $;0,06%;
14/06/2019;1;-2894,56 $;274,32 $;274,32 $;0,00 $;5,68 $;-2894,56 $;0,00 $;100,00%;274,32 $;274,32 $;0,00 $;274,32 $;0,00 $;40,00;90,00 $;475,00 $;200,68 $;0,06%;
17/06/2019;1;-3315,24 $;-420,68 $;0,00 $;-420,68 $;5,68 $;-3315,24 $;-420,68 $;0,00%;-420,68 $;0,00 $;-420,68 $;0,00 $;-420,68 $;10,00;415,00 $;95,00 $;515,68 $;0,06%;
18/06/2019;1;-2480,92 $;834,32 $;834,32 $;0,00 $;5,68 $;-2480,92 $;0,00 $;100,00%;834,32 $;834,32 $;0,00 $;834,32 $;0,00 $;5,00;75,00 $;840,00 $;5,68 $;0,06%;
19/06/2019;1;-2821,60 $;-340,68 $;0,00 $;-340,68 $;5,68 $;-2821,60 $;-340,68 $;0,00%;-340,68 $;0,00 $;-340,68 $;0,00 $;-340,68 $;0,00;335,00 $;0,00 $;340,68 $;0,06%;
20/06/2019;1;-2657,28 $;164,32 $;164,32 $;0,00 $;5,68 $;-2657,28 $;0,00 $;100,00%;164,32 $;164,32 $;0,00 $;164,32 $;0,00 $;25,00;145,00 $;285,00 $;120,68 $;0,06%;
21/06/2019;1;-2832,96 $;-175,68 $;0,00 $;-175,68 $;5,68 $;-2832,96 $;-175,68 $;0,00%;-175,68 $;0,00 $;-175,68 $;0,00 $;-175,68 $;35,00;315,00 $;175,00 $;350,68 $;0,06%;
24/06/2019;1;-3153,64 $;-320,68 $;0,00 $;-320,68 $;5,68 $;-3153,64 $;-320,68 $;0,00%;-320,68 $;0,00 $;-320,68 $;0,00 $;-320,68 $;20,00;315,00 $;160,00 $;480,68 $;0,06%;
25/06/2019;1;-2729,32 $;424,32 $;424,32 $;0,00 $;5,68 $;-2729,32 $;0,00 $;100,00%;424,32 $;424,32 $;0,00 $;424,32 $;0,00 $;15,00;35,00 $;430,00 $;5,68 $;0,06%;
26/06/2019;1;-3305,00 $;-575,68 $;0,00 $;-575,68 $;5,68 $;-3305,00 $;-575,68 $;0,00%;-575,68 $;0,00 $;-575,68 $;0,00 $;-575,68 $;0,00;570,00 $;0,00 $;575,68 $;0,06%;
27/06/2019;1;-3410,68 $;-105,68 $;0,00 $;-105,68 $;5,68 $;-3410,68 $;-105,68 $;0,00%;-105,68 $;0,00 $;-105,68 $;0,00 $;-105,68 $;35,00;290,00 $;250,00 $;355,68 $;0,06%;
28/06/2019;1;-2971,36 $;439,32 $;439,32 $;0,00 $;5,68 $;-2971,36 $;0,00 $;100,00%;439,32 $;439,32 $;0,00 $;439,32 $;0,00 $;10,00;10,00 $;445,00 $;5,68 $;0,06%;
01/07/2019;1;-2702,04 $;269,32 $;269,32 $;0,00 $;5,68 $;-2702,04 $;0,00 $;100,00%;269,32 $;269,32 $;0,00 $;269,32 $;0,00 $;30,00;225,00 $;420,00 $;150,68 $;0,06%;
02/07/2019;1;-2677,72 $;24,32 $;24,32 $;0,00 $;5,68 $;-2677,72 $;0,00 $;100,00%;24,32 $;24,32 $;0,00 $;24,32 $;0,00 $;40,00;190,00 $;215,00 $;190,68 $;0,06%;
03/07/2019;1;-2953,40 $;-275,68 $;0,00 $;-275,68 $;5,68 $;-2953,40 $;-275,68 $;0,00%;-275,68 $;0,00 $;-275,68 $;0,00 $;-275,68 $;10,00;270,00 $;10,00 $;285,68 $;0,06%;
04/07/2019;1;-2769,08 $;184,32 $;184,32 $;0,00 $;5,68 $;-2769,08 $;0,00 $;100,00%;184,32 $;184,32 $;0,00 $;184,32 $;0,00 $;35,00;20,00 $;200,00 $;15,68 $;0,06%;
05/07/2019;1;-3244,76 $;-475,68 $;0,00 $;-475,68 $;5,68 $;-3244,76 $;-475,68 $;0,00%;-475,68 $;0,00 $;-475,68 $;0,00 $;-475,68 $;40,00;500,00 $;180,00 $;655,68 $;0,06%;
08/07/2019;1;-3525,44 $;-280,68 $;0,00 $;-280,68 $;5,68 $;-3525,44 $;-280,68 $;0,00%;-280,68 $;0,00 $;-280,68 $;0,00 $;-280,68 $;10,00;275,00 $;100,00 $;380,68 $;0,06%;
09/07/2019;1;-3781,12 $;-255,68 $;0,00 $;-255,68 $;5,68 $;-3781,12 $;-255,68 $;0,00%;-255,68 $;0,00 $;-255,68 $;0,00 $;-255,68 $;25,00;315,00 $;0,00 $;255,68 $;0,06%;
10/07/2019;1;-4466,80 $;-685,68 $;0,00 $;-685,68 $;5,68 $;-4466,80 $;-685,68 $;0,00%;-685,68 $;0,00 $;-685,68 $;0,00 $;-685,68 $;25,00;780,00 $;15,00 $;700,68 $;0,06%;
11/07/2019;1;-4237,48 $;229,32 $;229,32 $;0,00 $;5,68 $;-4237,48 $;0,00 $;100,00%;229,32 $;229,32 $;0,00 $;229,32 $;0,00 $;25,00;25,00 $;290,00 $;60,68 $;0,06%;
12/07/2019;1;-4073,16 $;164,32 $;164,32 $;0,00 $;5,68 $;-4073,16 $;0,00 $;100,00%;164,32 $;164,32 $;0,00 $;164,32 $;0,00 $;40,00;85,00 $;375,00 $;210,68 $;0,06%;
15/07/2019;1;-3708,84 $;364,32 $;364,32 $;0,00 $;5,68 $;-3708,84 $;0,00 $;100,00%;364,32 $;364,32 $;0,00 $;364,32 $;0,00 $;20,00;10,00 $;370,00 $;5,68 $;0,06%;
16/07/2019;1;-3714,52 $;-5,68 $;0,00 $;-5,68 $;5,68 $;-3714,52 $;-5,68 $;0,00%;-5,68 $;0,00 $;-5,68 $;0,00 $;-5,68 $;40,00;265,00 $;50,00 $;55,68 $;0,06%;
17/07/2019;1;-3890,20 $;-175,68 $;0,00 $;-175,68 $;5,68 $;-3890,20 $;-175,68 $;0,00%;-175,68 $;0,00 $;-175,68 $;0,00 $;-175,68 $;40,00;390,00 $;165,00 $;340,68 $;0,06%;
18/07/2019;1;-3350,88 $;539,32 $;539,32 $;0,00 $;5,68 $;-3350,88 $;0,00 $;100,00%;539,32 $;539,32 $;0,00 $;539,32 $;0,00 $;5,00;130,00 $;545,00 $;5,68 $;0,06%;
19/07/2019;1;-3696,56 $;-345,68 $;0,00 $;-345,68 $;5,68 $;-3696,56 $;-345,68 $;0,00%;-345,68 $;0,00 $;-345,68 $;0,00 $;-345,68 $;5,00;340,00 $;30,00 $;375,68 $;0,06%;
22/07/2019;1;-4177,24 $;-480,68 $;0,00 $;-480,68 $;5,68 $;-4177,24 $;-480,68 $;0,00%;-480,68 $;0,00 $;-480,68 $;0,00 $;-480,68 $;15,00;475,00 $;105,00 $;585,68 $;0,06%;
23/07/2019;1;-3792,92 $;384,32 $;384,32 $;0,00 $;5,68 $;-3792,92 $;0,00 $;100,00%;384,32 $;384,32 $;0,00 $;384,32 $;0,00 $;40,00;105,00 $;525,00 $;140,68 $;0,06%;
24/07/2019;1;-3183,60 $;609,32 $;609,32 $;0,00 $;5,68 $;-3183,60 $;0,00 $;100,00%;609,32 $;609,32 $;0,00 $;609,32 $;0,00 $;30,00;130,00 $;615,00 $;5,68 $;0,06%;
25/07/2019;1;-3799,28 $;-615,68 $;0,00 $;-615,68 $;5,68 $;-3799,28 $;-615,68 $;0,00%;-615,68 $;0,00 $;-615,68 $;0,00 $;-615,68 $;20,00;610,00 $;100,00 $;715,68 $;0,06%;
26/07/2019;1;-3954,96 $;-155,68 $;0,00 $;-155,68 $;5,68 $;-3954,96 $;-155,68 $;0,00%;-155,68 $;0,00 $;-155,68 $;0,00 $;-155,68 $;25,00;305,00 $;40,00 $;195,68 $;0,06%;
29/07/2019;1;-4190,64 $;-235,68 $;0,00 $;-235,68 $;5,68 $;-4190,64 $;-235,68 $;0,00%;-235,68 $;0,00 $;-235,68 $;0,00 $;-235,68 $;0,00;230,00 $;0,00 $;235,68 $;0,06%;
30/07/2019;1;-4121,32 $;69,32 $;69,32 $;0,00 $;5,68 $;-4121,32 $;0,00 $;100,00%;69,32 $;69,32 $;0,00 $;69,32 $;0,00 $;40,00;90,00 $;220,00 $;150,68 $;0,06%;
31/07/2019;1;-4377,00 $;-255,68 $;0,00 $;-255,68 $;5,68 $;-4377,00 $;-255,68 $;0,00%;-255,68 $;0,00 $;-255,68 $;0,00 $;-255,68 $;10,00;250,00 $;55,00 $;310,68 $;0,06%;
01/08/2019;1;-3632,68 $;744,32 $;744,32 $;0,00 $;5,68 $;-3632,68 $;0,00 $;100,00%;744,32 $;744,32 $;0,00 $;744,32 $;0,00 $;10,00;10,00 $;750,00 $;5,68 $;0,06%;
02/08/2019;1;-3048,36 $;584,32 $;584,32 $;0,00 $;5,68 $;-3048,36 $;0,00 $;100,00%;584,32 $;584,32 $;0,00 $;584,32 $;0,00 $;30,00;145,00 $;790,00 $;205,68 $;0,06%;
05/08/2019;1;-3284,04 $;-235,68 $;0,00 $;-235,68 $;5,68 $;-3284,04 $;-235,68 $;0,00%;-235,68 $;0,00 $;-235,68 $;0,00 $;-235,68 $;25,00;880,00 $;125,00 $;360,68 $;0,06%;
06/08/2019;1;-3889,72 $;-605,68 $;0,00 $;-605,68 $;5,68 $;-3889,72 $;-605,68 $;0,00%;-605,68 $;0,00 $;-605,68 $;0,00 $;-605,68 $;40,00;855,00 $;85,00 $;690,68 $;0,06%;
07/08/2019;1;-3980,40 $;-90,68 $;0,00 $;-90,68 $;5,68 $;-3980,40 $;-90,68 $;0,00%;-90,68 $;0,00 $;-90,68 $;0,00 $;-90,68 $;40,00;1010,00 $;510,00 $;600,68 $;0,06%;
08/08/2019;1;-4251,08 $;-270,68 $;0,00 $;-270,68 $;5,68 $;-4251,08 $;-270,68 $;0,00%;-270,68 $;0,00 $;-270,68 $;0,00 $;-270,68 $;40,00;405,00 $;570,00 $;840,68 $;0,06%;
09/08/2019;1;-4766,76 $;-515,68 $;0,00 $;-515,68 $;5,68 $;-4766,76 $;-515,68 $;0,00%;-515,68 $;0,00 $;-515,68 $;0,00 $;-515,68 $;15,00;510,00 $;15,00 $;530,68 $;0,06%;
12/08/2019;1;-4692,44 $;74,32 $;74,32 $;0,00 $;5,68 $;-4692,44 $;0,00 $;100,00%;74,32 $;74,32 $;0,00 $;74,32 $;0,00 $;30,00;245,00 $;425,00 $;350,68 $;0,06%;
13/08/2019;1;-5433,12 $;-740,68 $;0,00 $;-740,68 $;5,68 $;-5433,12 $;-740,68 $;0,00%;-740,68 $;0,00 $;-740,68 $;0,00 $;-740,68 $;15,00;735,00 $;65,00 $;805,68 $;0,06%;
14/08/2019;1;-5138,80 $;294,32 $;294,32 $;0,00 $;5,68 $;-5138,80 $;0,00 $;100,00%;294,32 $;294,32 $;0,00 $;294,32 $;0,00 $;40,00;380,00 $;590,00 $;295,68 $;0,06%;
15/08/2019;1;-4349,48 $;789,32 $;789,32 $;0,00 $;5,68 $;-4349,48 $;0,00 $;100,00%;789,32 $;789,32 $;0,00 $;789,32 $;0,00 $;40,00;260,00 $;830,00 $;40,68 $;0,06%;
16/08/2019;1;-4050,16 $;299,32 $;299,32 $;0,00 $;5,68 $;-4050,16 $;0,00 $;100,00%;299,32 $;299,32 $;0,00 $;299,32 $;0,00 $;40,00;185,00 $;555,00 $;255,68 $;0,06%;
19/08/2019;1;-4525,84 $;-475,68 $;0,00 $;-475,68 $;5,68 $;-4525,84 $;-475,68 $;0,00%;-475,68 $;0,00 $;-475,68 $;0,00 $;-475,68 $;10,00;470,00 $;90,00 $;565,68 $;0,06%;
20/08/2019;1;-5061,52 $;-535,68 $;0,00 $;-535,68 $;5,68 $;-5061,52 $;-535,68 $;0,00%;-535,68 $;0,00 $;-535,68 $;0,00 $;-535,68 $;15,00;530,00 $;180,00 $;715,68 $;0,06%;
21/08/2019;1;-5317,20 $;-255,68 $;0,00 $;-255,68 $;5,68 $;-5317,20 $;-255,68 $;0,00%;-255,68 $;0,00 $;-255,68 $;0,00 $;-255,68 $;40,00;420,00 $;275,00 $;530,68 $;0,06%;
22/08/2019;1;-5107,88 $;209,32 $;209,32 $;0,00 $;5,68 $;-5107,88 $;0,00 $;100,00%;209,32 $;209,32 $;0,00 $;209,32 $;0,00 $;30,00;50,00 $;400,00 $;190,68 $;0,06%;
23/08/2019;1;-5253,56 $;-145,68 $;0,00 $;-145,68 $;5,68 $;-5253,56 $;-145,68 $;0,00%;-145,68 $;0,00 $;-145,68 $;0,00 $;-145,68 $;40,00;845,00 $;265,00 $;410,68 $;0,06%;
26/08/2019;1;-4864,24 $;389,32 $;389,32 $;0,00 $;5,68 $;-4864,24 $;0,00 $;100,00%;389,32 $;389,32 $;0,00 $;389,32 $;0,00 $;40,00;5,00 $;835,00 $;445,68 $;0,06%;
27/08/2019;1;-4714,92 $;149,32 $;149,32 $;0,00 $;5,68 $;-4714,92 $;0,00 $;100,00%;149,32 $;149,32 $;0,00 $;149,32 $;0,00 $;40,00;225,00 $;390,00 $;240,68 $;0,06%;
28/08/2019;1;-4740,60 $;-25,68 $;0,00 $;-25,68 $;5,68 $;-4740,60 $;-25,68 $;0,00%;-25,68 $;0,00 $;-25,68 $;0,00 $;-25,68 $;40,00;180,00 $;895,00 $;920,68 $;0,06%;
29/08/2019;1;-4126,28 $;614,32 $;614,32 $;0,00 $;5,68 $;-4126,28 $;0,00 $;100,00%;614,32 $;614,32 $;0,00 $;614,32 $;0,00 $;0,00;0,00 $;620,00 $;5,68 $;0,06%;
30/08/2019;1;-4491,96 $;-365,68 $;0,00 $;-365,68 $;5,68 $;-4491,96 $;-365,68 $;0,00%;-365,68 $;0,00 $;-365,68 $;0,00 $;-365,68 $;10,00;360,00 $;35,00 $;400,68 $;0,06%;
02/09/2019;1;-4837,64 $;-345,68 $;0,00 $;-345,68 $;5,68 $;-4837,64 $;-345,68 $;0,00%;-345,68 $;0,00 $;-345,68 $;0,00 $;-345,68 $;15,00;340,00 $;65,00 $;410,68 $;0,06%;
03/09/2019;1;-4133,32 $;704,32 $;704,32 $;0,00 $;5,68 $;-4133,32 $;0,00 $;100,00%;704,32 $;704,32 $;0,00 $;704,32 $;0,00 $;40,00;160,00 $;750,00 $;45,68 $;0,06%;
04/09/2019;1;-4189,00 $;-55,68 $;0,00 $;-55,68 $;5,68 $;-4189,00 $;-55,68 $;0,00%;-55,68 $;0,00 $;-55,68 $;0,00 $;-55,68 $;40,00;180,00 $;320,00 $;375,68 $;0,06%;
05/09/2019;1;-4674,68 $;-485,68 $;0,00 $;-485,68 $;5,68 $;-4674,68 $;-485,68 $;0,00%;-485,68 $;0,00 $;-485,68 $;0,00 $;-485,68 $;10,00;480,00 $;25,00 $;510,68 $;0,06%;
06/09/2019;1;-4745,36 $;-70,68 $;0,00 $;-70,68 $;5,68 $;-4745,36 $;-70,68 $;0,00%;-70,68 $;0,00 $;-70,68 $;0,00 $;-70,68 $;25,00;265,00 $;345,00 $;415,68 $;0,06%;
09/09/2019;1;-4341,04 $;404,32 $;404,32 $;0,00 $;5,68 $;-4341,04 $;0,00 $;100,00%;404,32 $;404,32 $;0,00 $;404,32 $;0,00 $;15,00;85,00 $;410,00 $;5,68 $;0,06%;
10/09/2019;1;-4831,72 $;-490,68 $;0,00 $;-490,68 $;5,68 $;-4831,72 $;-490,68 $;0,00%;-490,68 $;0,00 $;-490,68 $;0,00 $;-490,68 $;15,00;485,00 $;115,00 $;605,68 $;0,06%;
11/09/2019;1;-4352,40 $;479,32 $;479,32 $;0,00 $;5,68 $;-4352,40 $;0,00 $;100,00%;479,32 $;479,32 $;0,00 $;479,32 $;0,00 $;25,00;150,00 $;605,00 $;125,68 $;0,06%;
12/09/2019;1;-3973,08 $;379,32 $;379,32 $;0,00 $;5,68 $;-3973,08 $;0,00 $;100,00%;379,32 $;379,32 $;0,00 $;379,32 $;0,00 $;25,00;90,00 $;845,00 $;465,68 $;0,06%;
13/09/2019;1;-4418,76 $;-445,68 $;0,00 $;-445,68 $;5,68 $;-4418,76 $;-445,68 $;0,00%;-445,68 $;0,00 $;-445,68 $;0,00 $;-445,68 $;10,00;440,00 $;30,00 $;475,68 $;0,06%;
16/09/2019;1;-3824,44 $;594,32 $;594,32 $;0,00 $;5,68 $;-3824,44 $;0,00 $;100,00%;594,32 $;594,32 $;0,00 $;594,32 $;0,00 $;25,00;60,00 $;600,00 $;5,68 $;0,06%;
17/09/2019;1;-3855,12 $;-30,68 $;0,00 $;-30,68 $;5,68 $;-3855,12 $;-30,68 $;0,00%;-30,68 $;0,00 $;-30,68 $;0,00 $;-30,68 $;25,00;300,00 $;310,00 $;340,68 $;0,06%;
18/09/2019;1;-3885,80 $;-30,68 $;0,00 $;-30,68 $;5,68 $;-3885,80 $;-30,68 $;0,00%;-30,68 $;0,00 $;-30,68 $;0,00 $;-30,68 $;25,00;190,00 $;180,00 $;210,68 $;0,06%;
19/09/2019;1;-4056,48 $;-170,68 $;0,00 $;-170,68 $;5,68 $;-4056,48 $;-170,68 $;0,00%;-170,68 $;0,00 $;-170,68 $;0,00 $;-170,68 $;25,00;370,00 $;60,00 $;230,68 $;0,06%;
20/09/2019;1;-3587,16 $;469,32 $;469,32 $;0,00 $;5,68 $;-3587,16 $;0,00 $;100,00%;469,32 $;469,32 $;0,00 $;469,32 $;0,00 $;35,00;35,00 $;485,00 $;15,68 $;0,06%;
23/09/2019;1;-3352,84 $;234,32 $;234,32 $;0,00 $;5,68 $;-3352,84 $;0,00 $;100,00%;234,32 $;234,32 $;0,00 $;234,32 $;0,00 $;40,00;95,00 $;490,00 $;255,68 $;0,06%;
24/09/2019;1;-3973,52 $;-620,68 $;0,00 $;-620,68 $;5,68 $;-3973,52 $;-620,68 $;0,00%;-620,68 $;0,00 $;-620,68 $;0,00 $;-620,68 $;25,00;615,00 $;95,00 $;715,68 $;0,06%;
25/09/2019;1;-3334,20 $;639,32 $;639,32 $;0,00 $;5,68 $;-3334,20 $;0,00 $;100,00%;639,32 $;639,32 $;0,00 $;639,32 $;0,00 $;30,00;200,00 $;645,00 $;5,68 $;0,06%;
26/09/2019;1;-3789,88 $;-455,68 $;0,00 $;-455,68 $;5,68 $;-3789,88 $;-455,68 $;0,00%;-455,68 $;0,00 $;-455,68 $;0,00 $;-455,68 $;15,00;450,00 $;95,00 $;550,68 $;0,06%;
27/09/2019;1;-4260,56 $;-470,68 $;0,00 $;-470,68 $;5,68 $;-4260,56 $;-470,68 $;0,00%;-470,68 $;0,00 $;-470,68 $;0,00 $;-470,68 $;15,00;465,00 $;115,00 $;585,68 $;0,06%;
30/09/2019;1;-4286,24 $;-25,68 $;0,00 $;-25,68 $;5,68 $;-4286,24 $;-25,68 $;0,00%;-25,68 $;0,00 $;-25,68 $;0,00 $;-25,68 $;40,00;95,00 $;285,00 $;310,68 $;0,06%;
01/10/2019;1;-4601,92 $;-315,68 $;0,00 $;-315,68 $;5,68 $;-4601,92 $;-315,68 $;0,00%;-315,68 $;0,00 $;-315,68 $;0,00 $;-315,68 $;25,00;450,00 $;90,00 $;405,68 $;0,06%;
02/10/2019;1;-5147,60 $;-545,68 $;0,00 $;-545,68 $;5,68 $;-5147,60 $;-545,68 $;0,00%;-545,68 $;0,00 $;-545,68 $;0,00 $;-545,68 $;15,00;540,00 $;235,00 $;780,68 $;0,06%;
03/10/2019;1;-5293,28 $;-145,68 $;0,00 $;-145,68 $;5,68 $;-5293,28 $;-145,68 $;0,00%;-145,68 $;0,00 $;-145,68 $;0,00 $;-145,68 $;40,00;400,00 $;315,00 $;460,68 $;0,06%;
04/10/2019;1;-5768,96 $;-475,68 $;0,00 $;-475,68 $;5,68 $;-5768,96 $;-475,68 $;0,00%;-475,68 $;0,00 $;-475,68 $;0,00 $;-475,68 $;25,00;495,00 $;150,00 $;625,68 $;0,06%;
07/10/2019;1;-6149,64 $;-380,68 $;0,00 $;-380,68 $;5,68 $;-6149,64 $;-380,68 $;0,00%;-380,68 $;0,00 $;-380,68 $;0,00 $;-380,68 $;25,00;375,00 $;260,00 $;640,68 $;0,06%;
08/10/2019;1;-6885,32 $;-735,68 $;0,00 $;-735,68 $;5,68 $;-6885,32 $;-735,68 $;0,00%;-735,68 $;0,00 $;-735,68 $;0,00 $;-735,68 $;15,00;730,00 $;0,00 $;735,68 $;0,06%;
09/10/2019;1;-7126,00 $;-240,68 $;0,00 $;-240,68 $;5,68 $;-7126,00 $;-240,68 $;0,00%;-240,68 $;0,00 $;-240,68 $;0,00 $;-240,68 $;40,00;455,00 $;260,00 $;500,68 $;0,06%;
10/10/2019;1;-7696,68 $;-570,68 $;0,00 $;-570,68 $;5,68 $;-7696,68 $;-570,68 $;0,00%;-570,68 $;0,00 $;-570,68 $;0,00 $;-570,68 $;15,00;565,00 $;110,00 $;680,68 $;0,06%;
11/10/2019;1;-7107,36 $;589,32 $;589,32 $;0,00 $;5,68 $;-7107,36 $;0,00 $;100,00%;589,32 $;589,32 $;0,00 $;589,32 $;0,00 $;25,00;55,00 $;595,00 $;5,68 $;0,06%;
14/10/2019;1;-7263,04 $;-155,68 $;0,00 $;-155,68 $;5,68 $;-7263,04 $;-155,68 $;0,00%;-155,68 $;0,00 $;-155,68 $;0,00 $;-155,68 $;25,00;240,00 $;260,00 $;415,68 $;0,06%;
15/10/2019;1;-7338,72 $;-75,68 $;0,00 $;-75,68 $;5,68 $;-7338,72 $;-75,68 $;0,00%;-75,68 $;0,00 $;-75,68 $;0,00 $;-75,68 $;25,00;220,00 $;120,00 $;195,68 $;0,06%;
16/10/2019;1;-7524,40 $;-185,68 $;0,00 $;-185,68 $;5,68 $;-7524,40 $;-185,68 $;0,00%;-185,68 $;0,00 $;-185,68 $;0,00 $;-185,68 $;35,00;260,00 $;115,00 $;300,68 $;0,06%;
17/10/2019;1;-7585,08 $;-60,68 $;0,00 $;-60,68 $;5,68 $;-7585,08 $;-60,68 $;0,00%;-60,68 $;0,00 $;-60,68 $;0,00 $;-60,68 $;25,00;215,00 $;290,00 $;350,68 $;0,06%;
18/10/2019;1;-7510,76 $;74,32 $;74,32 $;0,00 $;5,68 $;-7510,76 $;0,00 $;100,00%;74,32 $;74,32 $;0,00 $;74,32 $;0,00 $;35,00;220,00 $;250,00 $;175,68 $;0,06%;
21/10/2019;1;-7486,44 $;24,32 $;24,32 $;0,00 $;5,68 $;-7486,44 $;0,00 $;100,00%;24,32 $;24,32 $;0,00 $;24,32 $;0,00 $;40,00;165,00 $;135,00 $;110,68 $;0,06%;
22/10/2019;1;-7232,12 $;254,32 $;254,32 $;0,00 $;5,68 $;-7232,12 $;0,00 $;100,00%;254,32 $;254,32 $;0,00 $;254,32 $;0,00 $;25,00;110,00 $;460,00 $;205,68 $;0,06%;
23/10/2019;1;-7587,80 $;-355,68 $;0,00 $;-355,68 $;5,68 $;-7587,80 $;-355,68 $;0,00%;-355,68 $;0,00 $;-355,68 $;0,00 $;-355,68 $;10,00;350,00 $;230,00 $;585,68 $;0,06%;
24/10/2019;1;-7133,48 $;454,32 $;454,32 $;0,00 $;5,68 $;-7133,48 $;0,00 $;100,00%;454,32 $;454,32 $;0,00 $;454,32 $;0,00 $;30,00;175,00 $;460,00 $;5,68 $;0,06%;
25/10/2019;1;-7574,16 $;-440,68 $;0,00 $;-440,68 $;5,68 $;-7574,16 $;-440,68 $;0,00%;-440,68 $;0,00 $;-440,68 $;0,00 $;-440,68 $;20,00;435,00 $;60,00 $;500,68 $;0,06%;
28/10/2019;1;-7864,84 $;-290,68 $;0,00 $;-290,68 $;5,68 $;-7864,84 $;-290,68 $;0,00%;-290,68 $;0,00 $;-290,68 $;0,00 $;-290,68 $;10,00;285,00 $;105,00 $;395,68 $;0,06%;
29/10/2019;1;-7640,52 $;224,32 $;224,32 $;0,00 $;5,68 $;-7640,52 $;0,00 $;100,00%;224,32 $;224,32 $;0,00 $;224,32 $;0,00 $;30,00;250,00 $;305,00 $;80,68 $;0,06%;
30/10/2019;1;-7691,20 $;-50,68 $;0,00 $;-50,68 $;5,68 $;-7691,20 $;-50,68 $;0,00%;-50,68 $;0,00 $;-50,68 $;0,00 $;-50,68 $;25,00;285,00 $;60,00 $;110,68 $;0,06%;
31/10/2019;1;-7186,88 $;504,32 $;504,32 $;0,00 $;5,68 $;-7186,88 $;0,00 $;100,00%;504,32 $;504,32 $;0,00 $;504,32 $;0,00 $;35,00;95,00 $;530,00 $;25,68 $;0,06%;
01/11/2019;1;-7342,56 $;-155,68 $;0,00 $;-155,68 $;5,68 $;-7342,56 $;-155,68 $;0,00%;-155,68 $;0,00 $;-155,68 $;0,00 $;-155,68 $;35,00;320,00 $;285,00 $;440,68 $;0,06%;
04/11/2019;1;-7433,24 $;-90,68 $;0,00 $;-90,68 $;5,68 $;-7433,24 $;-90,68 $;0,00%;-90,68 $;0,00 $;-90,68 $;0,00 $;-90,68 $;40,00;185,00 $;210,00 $;300,68 $;0,06%;
05/11/2019;1;-7708,92 $;-275,68 $;0,00 $;-275,68 $;5,68 $;-7708,92 $;-275,68 $;0,00%;-275,68 $;0,00 $;-275,68 $;0,00 $;-275,68 $;10,00;270,00 $;5,00 $;280,68 $;0,06%;
06/11/2019;1;-7939,60 $;-230,68 $;0,00 $;-230,68 $;5,68 $;-7939,60 $;-230,68 $;0,00%;-230,68 $;0,00 $;-230,68 $;0,00 $;-230,68 $;10,00;225,00 $;25,00 $;255,68 $;0,06%;
07/11/2019;1;-7640,28 $;299,32 $;299,32 $;0,00 $;5,68 $;-7640,28 $;0,00 $;100,00%;299,32 $;299,32 $;0,00 $;299,32 $;0,00 $;25,00;5,00 $;450,00 $;150,68 $;0,06%;
08/11/2019;1;-7715,96 $;-75,68 $;0,00 $;-75,68 $;5,68 $;-7715,96 $;-75,68 $;0,00%;-75,68 $;0,00 $;-75,68 $;0,00 $;-75,68 $;40,00;115,00 $;475,00 $;550,68 $;0,06%;
11/11/2019;1;-7536,64 $;179,32 $;179,32 $;0,00 $;5,68 $;-7536,64 $;0,00 $;100,00%;179,32 $;179,32 $;0,00 $;179,32 $;0,00 $;25,00;255,00 $;190,00 $;10,68 $;0,06%;
12/11/2019;1;-7767,32 $;-230,68 $;0,00 $;-230,68 $;5,68 $;-7767,32 $;-230,68 $;0,00%;-230,68 $;0,00 $;-230,68 $;0,00 $;-230,68 $;25,00;250,00 $;15,00 $;245,68 $;0,06%;
13/11/2019;1;-7823,00 $;-55,68 $;0,00 $;-55,68 $;5,68 $;-7823,00 $;-55,68 $;0,00%;-55,68 $;0,00 $;-55,68 $;0,00 $;-55,68 $;25,00;235,00 $;290,00 $;345,68 $;0,06%;
14/11/2019;1;-7888,68 $;-65,68 $;0,00 $;-65,68 $;5,68 $;-7888,68 $;-65,68 $;0,00%;-65,68 $;0,00 $;-65,68 $;0,00 $;-65,68 $;25,00;175,00 $;155,00 $;220,68 $;0,06%;
15/11/2019;1;-7384,36 $;504,32 $;504,32 $;0,00 $;5,68 $;-7384,36 $;0,00 $;100,00%;504,32 $;504,32 $;0,00 $;504,32 $;0,00 $;25,00;55,00 $;510,00 $;5,68 $;0,06%;
18/11/2019;1;-7485,04 $;-100,68 $;0,00 $;-100,68 $;5,68 $;-7485,04 $;-100,68 $;0,00%;-100,68 $;0,00 $;-100,68 $;0,00 $;-100,68 $;25,00;430,00 $;35,00 $;135,68 $;0,06%;
19/11/2019;1;-7780,72 $;-295,68 $;0,00 $;-295,68 $;5,68 $;-7780,72 $;-295,68 $;0,00%;-295,68 $;0,00 $;-295,68 $;0,00 $;-295,68 $;15,00;290,00 $;70,00 $;365,68 $;0,06%;
20/11/2019;1;-7961,40 $;-180,68 $;0,00 $;-180,68 $;5,68 $;-7961,40 $;-180,68 $;0,00%;-180,68 $;0,00 $;-180,68 $;0,00 $;-180,68 $;30,00;195,00 $;135,00 $;315,68 $;0,06%;
21/11/2019;1;-8162,08 $;-200,68 $;0,00 $;-200,68 $;5,68 $;-8162,08 $;-200,68 $;0,00%;-200,68 $;0,00 $;-200,68 $;0,00 $;-200,68 $;30,00;440,00 $;60,00 $;260,68 $;0,06%;
22/11/2019;1;-8252,76 $;-90,68 $;0,00 $;-90,68 $;5,68 $;-8252,76 $;-90,68 $;0,00%;-90,68 $;0,00 $;-90,68 $;0,00 $;-90,68 $;25,00;250,00 $;175,00 $;265,68 $;0,06%;
25/11/2019;1;-8488,44 $;-235,68 $;0,00 $;-235,68 $;5,68 $;-8488,44 $;-235,68 $;0,00%;-235,68 $;0,00 $;-235,68 $;0,00 $;-235,68 $;10,00;230,00 $;85,00 $;320,68 $;0,06%;
26/11/2019;1;-8589,12 $;-100,68 $;0,00 $;-100,68 $;5,68 $;-8589,12 $;-100,68 $;0,00%;-100,68 $;0,00 $;-100,68 $;0,00 $;-100,68 $;35,00;150,00 $;275,00 $;375,68 $;0,06%;
27/11/2019;1;-8809,80 $;-220,68 $;0,00 $;-220,68 $;5,68 $;-8809,80 $;-220,68 $;0,00%;-220,68 $;0,00 $;-220,68 $;0,00 $;-220,68 $;20,00;215,00 $;40,00 $;260,68 $;0,06%;
28/11/2019;1;-8750,48 $;59,32 $;59,32 $;0,00 $;5,68 $;-8750,48 $;0,00 $;100,00%;59,32 $;59,32 $;0,00 $;59,32 $;0,00 $;40,00;5,00 $;140,00 $;80,68 $;0,06%;
29/11/2019;1;-8591,16 $;159,32 $;159,32 $;0,00 $;5,68 $;-8591,16 $;0,00 $;100,00%;159,32 $;159,32 $;0,00 $;159,32 $;0,00 $;30,00;160,00 $;190,00 $;30,68 $;0,06%;
02/12/2019;1;-9036,84 $;-445,68 $;0,00 $;-445,68 $;5,68 $;-9036,84 $;-445,68 $;0,00%;-445,68 $;0,00 $;-445,68 $;0,00 $;-445,68 $;0,00;440,00 $;0,00 $;445,68 $;0,06%;
03/12/2019;1;-9727,52 $;-690,68 $;0,00 $;-690,68 $;5,68 $;-9727,52 $;-690,68 $;0,00%;-690,68 $;0,00 $;-690,68 $;0,00 $;-690,68 $;25,00;685,00 $;275,00 $;965,68 $;0,06%;
04/12/2019;1;-9813,20 $;-85,68 $;0,00 $;-85,68 $;5,68 $;-9813,20 $;-85,68 $;0,00%;-85,68 $;0,00 $;-85,68 $;0,00 $;-85,68 $;40,00;200,00 $;410,00 $;495,68 $;0,06%;
05/12/2019;1;-9963,88 $;-150,68 $;0,00 $;-150,68 $;5,68 $;-9963,88 $;-150,68 $;0,00%;-150,68 $;0,00 $;-150,68 $;0,00 $;-150,68 $;25,00;220,00 $;150,00 $;300,68 $;0,06%;
06/12/2019;1;-10029,56 $;-65,68 $;0,00 $;-65,68 $;5,68 $;-10029,56 $;-65,68 $;0,00%;-65,68 $;0,00 $;-65,68 $;0,00 $;-65,68 $;35,00;110,00 $;35,00 $;100,68 $;0,06%;
09/12/2019;1;-9745,24 $;284,32 $;284,32 $;0,00 $;5,68 $;-9745,24 $;0,00 $;100,00%;284,32 $;284,32 $;0,00 $;284,32 $;0,00 $;5,00;0,00 $;290,00 $;5,68 $;0,06%;
10/12/2019;1;-9950,92 $;-205,68 $;0,00 $;-205,68 $;5,68 $;-9950,92 $;-205,68 $;0,00%;-205,68 $;0,00 $;-205,68 $;0,00 $;-205,68 $;40,00;285,00 $;40,00 $;245,68 $;0,06%;
11/12/2019;1;-9706,60 $;244,32 $;244,32 $;0,00 $;5,68 $;-9706,60 $;0,00 $;100,00%;244,32 $;244,32 $;0,00 $;244,32 $;0,00 $;30,00;260,00 $;260,00 $;15,68 $;0,06%;
12/12/2019;1;-8907,28 $;799,32 $;799,32 $;0,00 $;5,68 $;-8907,28 $;0,00 $;100,00%;799,32 $;799,32 $;0,00 $;799,32 $;0,00 $;0,00;0,00 $;805,00 $;5,68 $;0,06%;
13/12/2019;1;-8372,96 $;534,32 $;534,32 $;0,00 $;5,68 $;-8372,96 $;0,00 $;100,00%;534,32 $;534,32 $;0,00 $;534,32 $;0,00 $;40,00;325,00 $;625,00 $;90,68 $;0,06%;
16/12/2019;1;-8633,64 $;-260,68 $;0,00 $;-260,68 $;5,68 $;-8633,64 $;-260,68 $;0,00%;-260,68 $;0,00 $;-260,68 $;0,00 $;-260,68 $;15,00;255,00 $;75,00 $;335,68 $;0,06%;
17/12/2019;1;-8629,32 $;4,32 $;4,32 $;0,00 $;5,68 $;-8629,32 $;0,00 $;100,00%;4,32 $;4,32 $;0,00 $;4,32 $;0,00 $;30,00;30,00 $;80,00 $;75,68 $;0,06%;
18/12/2019;1;-8855,00 $;-225,68 $;0,00 $;-225,68 $;5,68 $;-8855,00 $;-225,68 $;0,00%;-225,68 $;0,00 $;-225,68 $;0,00 $;-225,68 $;15,00;220,00 $;35,00 $;260,68 $;0,06%;
19/12/2019;1;-9095,68 $;-240,68 $;0,00 $;-240,68 $;5,68 $;-9095,68 $;-240,68 $;0,00%;-240,68 $;0,00 $;-240,68 $;0,00 $;-240,68 $;10,00;235,00 $;10,00 $;250,68 $;0,06%;
20/12/2019;1;-9331,36 $;-235,68 $;0,00 $;-235,68 $;5,68 $;-9331,36 $;-235,68 $;0,00%;-235,68 $;0,00 $;-235,68 $;0,00 $;-235,68 $;5,00;230,00 $;5,00 $;240,68 $;0,06%;
23/12/2019;1;-9422,04 $;-90,68 $;0,00 $;-90,68 $;5,68 $;-9422,04 $;-90,68 $;0,00%;-90,68 $;0,00 $;-90,68 $;0,00 $;-90,68 $;40,00;160,00 $;90,00 $;180,68 $;0,06%;
24/12/2019;1;-9577,72 $;-155,68 $;0,00 $;-155,68 $;5,68 $;-9577,72 $;-155,68 $;0,00%;-155,68 $;0,00 $;-155,68 $;0,00 $;-155,68 $;15,00;150,00 $;125,00 $;280,68 $;0,06%;
26/12/2019;1;-9668,40 $;-90,68 $;0,00 $;-90,68 $;5,68 $;-9668,40 $;-90,68 $;0,00%;-90,68 $;0,00 $;-90,68 $;0,00 $;-90,68 $;40,00;115,00 $;60,00 $;150,68 $;0,06%;
27/12/2019;1;-9934,08 $;-265,68 $;0,00 $;-265,68 $;5,68 $;-9934,08 $;-265,68 $;0,00%;-265,68 $;0,00 $;-265,68 $;0,00 $;-265,68 $;20,00;260,00 $;75,00 $;340,68 $;0,06%;
30/12/2019;1;-10349,76 $;-415,68 $;0,00 $;-415,68 $;5,68 $;-10349,76 $;-415,68 $;0,00%;-415,68 $;0,00 $;-415,68 $;0,00 $;-415,68 $;0,00;410,00 $;0,00 $;415,68 $;0,06%;
31/12/2019;1;-9695,44 $;654,32 $;654,32 $;0,00 $;5,68 $;-9695,44 $;0,00 $;100,00%;654,32 $;654,32 $;0,00 $;654,32 $;0,00 $;15,00;330,00 $;660,00 $;5,68 $;0,06%;
02/01/2020;1;-9971,12 $;-275,68 $;0,00 $;-275,68 $;5,68 $;-9971,12 $;-275,68 $;0,00%;-275,68 $;0,00 $;-275,68 $;0,00 $;-275,68 $;25,00;360,00 $;50,00 $;325,68 $;0,06%;
03/01/2020;1;-9996,80 $;-25,68 $;0,00 $;-25,68 $;5,68 $;-9996,80 $;-25,68 $;0,00%;-25,68 $;0,00 $;-25,68 $;0,00 $;-25,68 $;25,00;330,00 $;210,00 $;235,68 $;0,06%;
06/01/2020;1;-9257,48 $;739,32 $;739,32 $;0,00 $;5,68 $;-9257,48 $;0,00 $;100,00%;739,32 $;739,32 $;0,00 $;739,32 $;0,00 $;15,00;200,00 $;745,00 $;5,68 $;0,06%;
07/01/2020;1;-9023,16 $;234,32 $;234,32 $;0,00 $;5,68 $;-9023,16 $;0,00 $;100,00%;234,32 $;234,32 $;0,00 $;234,32 $;0,00 $;40,00;135,00 $;335,00 $;100,68 $;0,06%;
08/01/2020;1;-8648,84 $;374,32 $;374,32 $;0,00 $;5,68 $;-8648,84 $;0,00 $;100,00%;374,32 $;374,32 $;0,00 $;374,32 $;0,00 $;40,00;75,00 $;695,00 $;320,68 $;0,06%;
09/01/2020;1;-9039,52 $;-390,68 $;0,00 $;-390,68 $;5,68 $;-9039,52 $;-390,68 $;0,00%;-390,68 $;0,00 $;-390,68 $;0,00 $;-390,68 $;5,00;385,00 $;20,00 $;410,68 $;0,06%;
10/01/2020;1;-8815,20 $;224,32 $;224,32 $;0,00 $;5,68 $;-8815,20 $;0,00 $;100,00%;224,32 $;224,32 $;0,00 $;224,32 $;0,00 $;25,00;280,00 $;275,00 $;50,68 $;0,06%;
13/01/2020;1;-9115,88 $;-300,68 $;0,00 $;-300,68 $;5,68 $;-9115,88 $;-300,68 $;0,00%;-300,68 $;0,00 $;-300,68 $;0,00 $;-300,68 $;25,00;385,00 $;295,00 $;595,68 $;0,06%;
14/01/2020;1;-9616,56 $;-500,68 $;0,00 $;-500,68 $;5,68 $;-9616,56 $;-500,68 $;0,00%;-500,68 $;0,00 $;-500,68 $;0,00 $;-500,68 $;20,00;495,00 $;195,00 $;695,68 $;0,06%;
15/01/2020;1;-9977,24 $;-360,68 $;0,00 $;-360,68 $;5,68 $;-9977,24 $;-360,68 $;0,00%;-360,68 $;0,00 $;-360,68 $;0,00 $;-360,68 $;25,00;410,00 $;85,00 $;445,68 $;0,06%;
16/01/2020;1;-10062,92 $;-85,68 $;0,00 $;-85,68 $;5,68 $;-10062,92 $;-85,68 $;0,00%;-85,68 $;0,00 $;-85,68 $;0,00 $;-85,68 $;25,00;250,00 $;190,00 $;275,68 $;0,06%;
17/01/2020;1;-9433,60 $;629,32 $;629,32 $;0,00 $;5,68 $;-9433,60 $;0,00 $;100,00%;629,32 $;629,32 $;0,00 $;629,32 $;0,00 $;10,00;85,00 $;635,00 $;5,68 $;0,06%;
20/01/2020;1;-9484,28 $;-50,68 $;0,00 $;-50,68 $;5,68 $;-9484,28 $;-50,68 $;0,00%;-50,68 $;0,00 $;-50,68 $;0,00 $;-50,68 $;25,00;70,00 $;15,00 $;65,68 $;0,06%;
21/01/2020;1;-9749,96 $;-265,68 $;0,00 $;-265,68 $;5,68 $;-9749,96 $;-265,68 $;0,00%;-265,68 $;0,00 $;-265,68 $;0,00 $;-265,68 $;5,00;260,00 $;15,00 $;280,68 $;0,06%;
22/01/2020;1;-9430,64 $;319,32 $;319,32 $;0,00 $;5,68 $;-9430,64 $;0,00 $;100,00%;319,32 $;319,32 $;0,00 $;319,32 $;0,00 $;30,00;230,00 $;425,00 $;105,68 $;0,06%;
23/01/2020;1;-9936,32 $;-505,68 $;0,00 $;-505,68 $;5,68 $;-9936,32 $;-505,68 $;0,00%;-505,68 $;0,00 $;-505,68 $;0,00 $;-505,68 $;15,00;500,00 $;285,00 $;790,68 $;0,06%;
24/01/2020;1;-9842,00 $;94,32 $;94,32 $;0,00 $;5,68 $;-9842,00 $;0,00 $;100,00%;94,32 $;94,32 $;0,00 $;94,32 $;0,00 $;25,00;160,00 $;195,00 $;100,68 $;0,06%;
27/01/2020;1;-10612,68 $;-770,68 $;0,00 $;-770,68 $;5,68 $;-10612,68 $;-770,68 $;0,00%;-770,68 $;0,00 $;-770,68 $;0,00 $;-770,68 $;10,00;765,00 $;95,00 $;865,68 $;0,06%;
28/01/2020;1;-10683,36 $;-70,68 $;0,00 $;-70,68 $;5,68 $;-10683,36 $;-70,68 $;0,00%;-70,68 $;0,00 $;-70,68 $;0,00 $;-70,68 $;25,00;410,00 $;65,00 $;135,68 $;0,06%;
29/01/2020;1;-10054,04 $;629,32 $;629,32 $;0,00 $;5,68 $;-10054,04 $;0,00 $;100,00%;629,32 $;629,32 $;0,00 $;629,32 $;0,00 $;40,00;10,00 $;660,00 $;30,68 $;0,06%;
30/01/2020;1;-9949,72 $;104,32 $;104,32 $;0,00 $;5,68 $;-9949,72 $;0,00 $;100,00%;104,32 $;104,32 $;0,00 $;104,32 $;0,00 $;25,00;490,00 $;135,00 $;30,68 $;0,06%;
31/01/2020;1;-8920,40 $;1029,32 $;1029,32 $;0,00 $;5,68 $;-8920,40 $;0,00 $;100,00%;1029,32 $;1029,32 $;0,00 $;1029,32 $;0,00 $;10,00;25,00 $;1035,00 $;5,68 $;0,06%;
03/02/2020;1;-8101,08 $;819,32 $;819,32 $;0,00 $;5,68 $;-8101,08 $;0,00 $;100,00%;819,32 $;819,32 $;0,00 $;819,32 $;0,00 $;5,00;115,00 $;825,00 $;5,68 $;0,06%;
04/02/2020;1;-7711,76 $;389,32 $;389,32 $;0,00 $;5,68 $;-7711,76 $;0,00 $;100,00%;389,32 $;389,32 $;0,00 $;389,32 $;0,00 $;40,00;385,00 $;595,00 $;205,68 $;0,06%;
05/02/2020;1;-8422,44 $;-710,68 $;0,00 $;-710,68 $;5,68 $;-8422,44 $;-710,68 $;0,00%;-710,68 $;0,00 $;-710,68 $;0,00 $;-710,68 $;5,00;705,00 $;40,00 $;750,68 $;0,06%;
06/02/2020;1;-9058,12 $;-635,68 $;0,00 $;-635,68 $;5,68 $;-9058,12 $;-635,68 $;0,00%;-635,68 $;0,00 $;-635,68 $;0,00 $;-635,68 $;20,00;630,00 $;135,00 $;770,68 $;0,06%;
07/02/2020;1;-8888,80 $;169,32 $;169,32 $;0,00 $;5,68 $;-8888,80 $;0,00 $;100,00%;169,32 $;169,32 $;0,00 $;169,32 $;0,00 $;25,00;105,00 $;485,00 $;315,68 $;0,06%;
10/02/2020;1;-7984,48 $;904,32 $;904,32 $;0,00 $;5,68 $;-7984,48 $;0,00 $;100,00%;904,32 $;904,32 $;0,00 $;904,32 $;0,00 $;20,00;105,00 $;910,00 $;5,68 $;0,06%;
11/02/2020;1;-7375,16 $;609,32 $;609,32 $;0,00 $;5,68 $;-7375,16 $;0,00 $;100,00%;609,32 $;609,32 $;0,00 $;609,32 $;0,00 $;15,00;50,00 $;615,00 $;5,68 $;0,06%;
12/02/2020;1;-7735,84 $;-360,68 $;0,00 $;-360,68 $;5,68 $;-7735,84 $;-360,68 $;0,00%;-360,68 $;0,00 $;-360,68 $;0,00 $;-360,68 $;20,00;355,00 $;150,00 $;510,68 $;0,06%;
13/02/2020;1;-7766,52 $;-30,68 $;0,00 $;-30,68 $;5,68 $;-7766,52 $;-30,68 $;0,00%;-30,68 $;0,00 $;-30,68 $;0,00 $;-30,68 $;25,00;460,00 $;110,00 $;140,68 $;0,06%;
14/02/2020;1;-7297,20 $;469,32 $;469,32 $;0,00 $;5,68 $;-7297,20 $;0,00 $;100,00%;469,32 $;469,32 $;0,00 $;469,32 $;0,00 $;40,00;15,00 $;500,00 $;30,68 $;0,06%;
17/02/2020;1;-7217,88 $;79,32 $;79,32 $;0,00 $;5,68 $;-7217,88 $;0,00 $;100,00%;79,32 $;79,32 $;0,00 $;79,32 $;0,00 $;35,00;30,00 $;150,00 $;70,68 $;0,06%;
18/02/2020;1;-7478,56 $;-260,68 $;0,00 $;-260,68 $;5,68 $;-7478,56 $;-260,68 $;0,00%;-260,68 $;0,00 $;-260,68 $;0,00 $;-260,68 $;25,00;265,00 $;385,00 $;645,68 $;0,06%;
19/02/2020;1;-7839,24 $;-360,68 $;0,00 $;-360,68 $;5,68 $;-7839,24 $;-360,68 $;0,00%;-360,68 $;0,00 $;-360,68 $;0,00 $;-360,68 $;30,00;355,00 $;255,00 $;615,68 $;0,06%;
20/02/2020;1;-7639,92 $;199,32 $;199,32 $;0,00 $;5,68 $;-7639,92 $;0,00 $;100,00%;199,32 $;199,32 $;0,00 $;199,32 $;0,00 $;40,00;135,00 $;290,00 $;90,68 $;0,06%;
21/02/2020;1;-6825,60 $;814,32 $;814,32 $;0,00 $;5,68 $;-6825,60 $;0,00 $;100,00%;814,32 $;814,32 $;0,00 $;814,32 $;0,00 $;10,00;70,00 $;820,00 $;5,68 $;0,06%;
24/02/2020;1;-8016,28 $;-1190,68 $;0,00 $;-1190,68 $;5,68 $;-8016,28 $;-1190,68 $;0,00%;-1190,68 $;0,00 $;-1190,68 $;0,00 $;-1190,68 $;10,00;1185,00 $;130,00 $;1320,68 $;0,06%;
25/02/2020;1;-8116,96 $;-100,68 $;0,00 $;-100,68 $;5,68 $;-8116,96 $;-100,68 $;0,00%;-100,68 $;0,00 $;-100,68 $;0,00 $;-100,68 $;25,00;820,00 $;860,00 $;960,68 $;0,06%;
26/02/2020;1;-10117,64 $;-2000,68 $;0,00 $;-2000,68 $;5,68 $;-10117,64 $;-2000,68 $;0,00%;-2000,68 $;0,00 $;-2000,68 $;0,00 $;-2000,68 $;5,00;1995,00 $;50,00 $;2050,68 $;0,06%;
27/02/2020;1;-10228,32 $;-110,68 $;0,00 $;-110,68 $;5,68 $;-10228,32 $;-110,68 $;0,00%;-110,68 $;0,00 $;-110,68 $;0,00 $;-110,68 $;40,00;1395,00 $;940,00 $;1050,68 $;0,06%;
28/02/2020;1;-9359,00 $;869,32 $;869,32 $;0,00 $;5,68 $;-9359,00 $;0,00 $;100,00%;869,32 $;869,32 $;0,00 $;869,32 $;0,00 $;40,00;275,00 $;3640,00 $;2770,68 $;0,06%;
02/03/2020;1;-9064,68 $;294,32 $;294,32 $;0,00 $;5,68 $;-9064,68 $;0,00 $;100,00%;294,32 $;294,32 $;0,00 $;294,32 $;0,00 $;40,00;1335,00 $;885,00 $;590,68 $;0,06%;
03/03/2020;1;-6875,36 $;2189,32 $;2189,32 $;0,00 $;5,68 $;-6875,36 $;0,00 $;100,00%;2189,32 $;2189,32 $;0,00 $;2189,32 $;0,00 $;35,00;400,00 $;2900,00 $;710,68 $;0,06%;
04/03/2020;1;-5506,04 $;1369,32 $;1369,32 $;0,00 $;5,68 $;-5506,04 $;0,00 $;100,00%;1369,32 $;1369,32 $;0,00 $;1369,32 $;0,00 $;35,00;205,00 $;1625,00 $;255,68 $;0,06%;
05/03/2020;1;-3471,72 $;2034,32 $;2034,32 $;0,00 $;5,68 $;-3471,72 $;0,00 $;100,00%;2034,32 $;2034,32 $;0,00 $;2034,32 $;0,00 $;15,00;0,00 $;2040,00 $;5,68 $;0,06%;
06/03/2020;1;-1782,40 $;1689,32 $;1689,32 $;0,00 $;5,68 $;-1782,40 $;0,00 $;100,00%;1689,32 $;1689,32 $;0,00 $;1689,32 $;0,00 $;40,00;155,00 $;2560,00 $;870,68 $;0,06%;
09/03/2020;1;41,92 $;1824,32 $;1824,32 $;0,00 $;5,68 $;0,00 $;0,00 $;100,00%;1824,32 $;1824,32 $;0,00 $;1824,32 $;0,00 $;40,00;145,00 $;2175,00 $;350,68 $;0,06%;
10/03/2020;1;2921,24 $;2879,32 $;2879,32 $;0,00 $;5,68 $;0,00 $;0,00 $;100,00%;2879,32 $;2879,32 $;0,00 $;2879,32 $;0,00 $;40,00;520,00 $;2900,00 $;20,68 $;0,06%;
11/03/2020;1;2610,56 $;-310,68 $;0,00 $;-310,68 $;5,68 $;-310,68 $;-310,68 $;0,00%;-310,68 $;0,00 $;-310,68 $;0,00 $;-310,68 $;30,00;1060,00 $;710,00 $;1020,68 $;0,06%;
12/03/2020;1;7969,88 $;5359,32 $;5359,32 $;0,00 $;5,68 $;0,00 $;0,00 $;100,00%;5359,32 $;5359,32 $;0,00 $;5359,32 $;0,00 $;35,00;125,00 $;5365,00 $;5,68 $;0,06%;
13/03/2020;1;6729,20 $;-1240,68 $;0,00 $;-1240,68 $;5,68 $;-1240,68 $;-1240,68 $;0,00%;-1240,68 $;0,00 $;-1240,68 $;0,00 $;-1240,68 $;40,00;3500,00 $;520,00 $;1760,68 $;0,06%;
16/03/2020;1;6958,52 $;229,32 $;229,32 $;0,00 $;5,68 $;-1011,36 $;0,00 $;100,00%;229,32 $;229,32 $;0,00 $;229,32 $;0,00 $;40,00;775,00 $;1725,00 $;1495,68 $;0,06%;
17/03/2020;1;10947,84 $;3989,32 $;3989,32 $;0,00 $;5,68 $;0,00 $;0,00 $;100,00%;3989,32 $;3989,32 $;0,00 $;3989,32 $;0,00 $;30,00;1340,00 $;4345,00 $;355,68 $;0,06%;
18/03/2020;1;11667,16 $;719,32 $;719,32 $;0,00 $;5,68 $;0,00 $;0,00 $;100,00%;719,32 $;719,32 $;0,00 $;719,32 $;0,00 $;40,00;1615,00 $;1060,00 $;340,68 $;0,06%;
19/03/2020;1;10951,48 $;-715,68 $;0,00 $;-715,68 $;5,68 $;-715,68 $;-715,68 $;0,00%;-715,68 $;0,00 $;-715,68 $;0,00 $;-715,68 $;40,00;865,00 $;3605,00 $;4320,68 $;0,06%;
20/03/2020;1;9660,80 $;-1290,68 $;0,00 $;-1290,68 $;5,68 $;-2006,36 $;-1290,68 $;0,00%;-1290,68 $;0,00 $;-1290,68 $;0,00 $;-1290,68 $;40,00;2590,00 $;1040,00 $;2330,68 $;0,06%;
23/03/2020;1;8680,12 $;-980,68 $;0,00 $;-980,68 $;5,68 $;-2987,04 $;-980,68 $;0,00%;-980,68 $;0,00 $;-980,68 $;0,00 $;-980,68 $;40,00;2750,00 $;10,00 $;990,68 $;0,06%;
24/03/2020;1;9079,44 $;399,32 $;399,32 $;0,00 $;5,68 $;-2587,72 $;0,00 $;100,00%;399,32 $;399,32 $;0,00 $;399,32 $;0,00 $;40,00;1590,00 $;620,00 $;220,68 $;0,06%;
25/03/2020;1;10783,76 $;1704,32 $;1704,32 $;0,00 $;5,68 $;-883,40 $;0,00 $;100,00%;1704,32 $;1704,32 $;0,00 $;1704,32 $;0,00 $;40,00;2130,00 $;1855,00 $;150,68 $;0,06%;
26/03/2020;1;8343,08 $;-2440,68 $;0,00 $;-2440,68 $;5,68 $;-3324,08 $;-2440,68 $;0,00%;-2440,68 $;0,00 $;-2440,68 $;0,00 $;-2440,68 $;40,00;2740,00 $;370,00 $;2810,68 $;0,06%;
27/03/2020;1;9947,40 $;1604,32 $;1604,32 $;0,00 $;5,68 $;-1719,76 $;0,00 $;100,00%;1604,32 $;1604,32 $;0,00 $;1604,32 $;0,00 $;40,00;90,00 $;1655,00 $;50,68 $;0,06%;
30/03/2020;1;9151,72 $;-795,68 $;0,00 $;-795,68 $;5,68 $;-2515,44 $;-795,68 $;0,00%;-795,68 $;0,00 $;-795,68 $;0,00 $;-795,68 $;40,00;1275,00 $;375,00 $;1170,68 $;0,06%;
31/03/2020;1;9666,04 $;514,32 $;514,32 $;0,00 $;5,68 $;-2001,12 $;0,00 $;100,00%;514,32 $;514,32 $;0,00 $;514,32 $;0,00 $;40,00;665,00 $;585,00 $;70,68 $;0,06%;
01/04/2020;1;9930,36 $;264,32 $;264,32 $;0,00 $;5,68 $;-1736,80 $;0,00 $;100,00%;264,32 $;264,32 $;0,00 $;264,32 $;0,00 $;25,00;725,00 $;595,00 $;330,68 $;0,06%;
02/04/2020;1;11319,68 $;1389,32 $;1389,32 $;0,00 $;5,68 $;-347,48 $;0,00 $;100,00%;1389,32 $;1389,32 $;0,00 $;1389,32 $;0,00 $;40,00;45,00 $;2415,00 $;1025,68 $;0,06%;
03/04/2020;1;10729,00 $;-590,68 $;0,00 $;-590,68 $;5,68 $;-938,16 $;-590,68 $;0,00%;-590,68 $;0,00 $;-590,68 $;0,00 $;-590,68 $;35,00;980,00 $;65,00 $;655,68 $;0,06%;
06/04/2020;1;12463,32 $;1734,32 $;1734,32 $;0,00 $;5,68 $;0,00 $;0,00 $;100,00%;1734,32 $;1734,32 $;0,00 $;1734,32 $;0,00 $;20,00;335,00 $;1740,00 $;5,68 $;0,06%;
07/04/2020;1;12882,64 $;419,32 $;419,32 $;0,00 $;5,68 $;0,00 $;0,00 $;100,00%;419,32 $;419,32 $;0,00 $;419,32 $;0,00 $;40,00;320,00 $;1635,00 $;1215,68 $;0,06%;
08/04/2020;1;13871,96 $;989,32 $;989,32 $;0,00 $;5,68 $;0,00 $;0,00 $;100,00%;989,32 $;989,32 $;0,00 $;989,32 $;0,00 $;40,00;655,00 $;1145,00 $;155,68 $;0,06%;
09/04/2020;1;13591,28 $;-280,68 $;0,00 $;-280,68 $;5,68 $;-280,68 $;-280,68 $;0,00%;-280,68 $;0,00 $;-280,68 $;0,00 $;-280,68 $;40,00;630,00 $;1145,00 $;1425,68 $;0,06%;
13/04/2020;1;13165,60 $;-425,68 $;0,00 $;-425,68 $;5,68 $;-706,36 $;-425,68 $;0,00%;-425,68 $;0,00 $;-425,68 $;0,00 $;-425,68 $;25,00;580,00 $;1055,00 $;1480,68 $;0,06%;
14/04/2020;1;12199,92 $;-965,68 $;0,00 $;-965,68 $;5,68 $;-1672,04 $;-965,68 $;0,00%;-965,68 $;0,00 $;-965,68 $;0,00 $;-965,68 $;25,00;960,00 $;880,00 $;1845,68 $;0,06%;
15/04/2020;1;12519,24 $;319,32 $;319,32 $;0,00 $;5,68 $;-1352,72 $;0,00 $;100,00%;319,32 $;319,32 $;0,00 $;319,32 $;0,00 $;40,00;10,00 $;545,00 $;225,68 $;0,06%;
16/04/2020;1;14053,56 $;1534,32 $;1534,32 $;0,00 $;5,68 $;0,00 $;0,00 $;100,00%;1534,32 $;1534,32 $;0,00 $;1534,32 $;0,00 $;40,00;125,00 $;1705,00 $;170,68 $;0,06%;
17/04/2020;1;12872,88 $;-1180,68 $;0,00 $;-1180,68 $;5,68 $;-1180,68 $;-1180,68 $;0,00%;-1180,68 $;0,00 $;-1180,68 $;0,00 $;-1180,68 $;15,00;1175,00 $;345,00 $;1525,68 $;0,06%;
20/04/2020;1;12787,20 $;-85,68 $;0,00 $;-85,68 $;5,68 $;-1266,36 $;-85,68 $;0,00%;-85,68 $;0,00 $;-85,68 $;0,00 $;-85,68 $;30,00;965,00 $;135,00 $;220,68 $;0,06%;
21/04/2020;1;14441,52 $;1654,32 $;1654,32 $;0,00 $;5,68 $;0,00 $;0,00 $;100,00%;1654,32 $;1654,32 $;0,00 $;1654,32 $;0,00 $;15,00;545,00 $;1660,00 $;5,68 $;0,06%;
22/04/2020;1;14025,84 $;-415,68 $;0,00 $;-415,68 $;5,68 $;-415,68 $;-415,68 $;0,00%;-415,68 $;0,00 $;-415,68 $;0,00 $;-415,68 $;35,00;505,00 $;45,00 $;460,68 $;0,06%;
23/04/2020;1;13965,16 $;-60,68 $;0,00 $;-60,68 $;5,68 $;-476,36 $;-60,68 $;0,00%;-60,68 $;0,00 $;-60,68 $;0,00 $;-60,68 $;25,00;465,00 $;285,00 $;345,68 $;0,06%;
24/04/2020;1;13594,48 $;-370,68 $;0,00 $;-370,68 $;5,68 $;-847,04 $;-370,68 $;0,00%;-370,68 $;0,00 $;-370,68 $;0,00 $;-370,68 $;40,00;565,00 $;300,00 $;670,68 $;0,06%;
27/04/2020;1;12873,80 $;-720,68 $;0,00 $;-720,68 $;5,68 $;-1567,72 $;-720,68 $;0,00%;-720,68 $;0,00 $;-720,68 $;0,00 $;-720,68 $;15,00;715,00 $;35,00 $;755,68 $;0,06%;
28/04/2020;1;12198,12 $;-675,68 $;0,00 $;-675,68 $;5,68 $;-2243,40 $;-675,68 $;0,00%;-675,68 $;0,00 $;-675,68 $;0,00 $;-675,68 $;10,00;670,00 $;65,00 $;740,68 $;0,06%;
29/04/2020;1;11897,44 $;-300,68 $;0,00 $;-300,68 $;5,68 $;-2544,08 $;-300,68 $;0,00%;-300,68 $;0,00 $;-300,68 $;0,00 $;-300,68 $;40,00;395,00 $;1265,00 $;1565,68 $;0,06%;
30/04/2020;1;10481,76 $;-1415,68 $;0,00 $;-1415,68 $;5,68 $;-3959,76 $;-1415,68 $;0,00%;-1415,68 $;0,00 $;-1415,68 $;0,00 $;-1415,68 $;15,00;1410,00 $;170,00 $;1585,68 $;0,06%;
01/05/2020;1;10046,08 $;-435,68 $;0,00 $;-435,68 $;5,68 $;-4395,44 $;-435,68 $;0,00%;-435,68 $;0,00 $;-435,68 $;0,00 $;-435,68 $;40,00;710,00 $;545,00 $;980,68 $;0,06%;
04/05/2020;1;9085,40 $;-960,68 $;0,00 $;-960,68 $;5,68 $;-5356,12 $;-960,68 $;0,00%;-960,68 $;0,00 $;-960,68 $;0,00 $;-960,68 $;25,00;955,00 $;410,00 $;1370,68 $;0,06%;
05/05/2020;1;10069,72 $;984,32 $;984,32 $;0,00 $;5,68 $;-4371,80 $;0,00 $;100,00%;984,32 $;984,32 $;0,00 $;984,32 $;0,00 $;30,00;240,00 $;1005,00 $;20,68 $;0,06%;
06/05/2020;1;10374,04 $;304,32 $;304,32 $;0,00 $;5,68 $;-4067,48 $;0,00 $;100,00%;304,32 $;304,32 $;0,00 $;304,32 $;0,00 $;25,00;525,00 $;675,00 $;370,68 $;0,06%;
07/05/2020;1;10528,36 $;154,32 $;154,32 $;0,00 $;5,68 $;-3913,16 $;0,00 $;100,00%;154,32 $;154,32 $;0,00 $;154,32 $;0,00 $;25,00;120,00 $;680,00 $;525,68 $;0,06%;
08/05/2020;1;9552,68 $;-975,68 $;0,00 $;-975,68 $;5,68 $;-4888,84 $;-975,68 $;0,00%;-975,68 $;0,00 $;-975,68 $;0,00 $;-975,68 $;15,00;970,00 $;0,00 $;975,68 $;0,06%;
11/05/2020;1;9032,00 $;-520,68 $;0,00 $;-520,68 $;5,68 $;-5409,52 $;-520,68 $;0,00%;-520,68 $;0,00 $;-520,68 $;0,00 $;-520,68 $;25,00;900,00 $;65,00 $;585,68 $;0,06%;
12/05/2020;1;10096,32 $;1064,32 $;1064,32 $;0,00 $;5,68 $;-4345,20 $;0,00 $;100,00%;1064,32 $;1064,32 $;0,00 $;1064,32 $;0,00 $;5,00;510,00 $;1070,00 $;5,68 $;0,06%;
13/05/2020;1;8915,64 $;-1180,68 $;0,00 $;-1180,68 $;5,68 $;-5525,88 $;-1180,68 $;0,00%;-1180,68 $;0,00 $;-1180,68 $;0,00 $;-1180,68 $;15,00;1175,00 $;425,00 $;1605,68 $;0,06%;
14/05/2020;1;10309,96 $;1394,32 $;1394,32 $;0,00 $;5,68 $;-4131,56 $;0,00 $;100,00%;1394,32 $;1394,32 $;0,00 $;1394,32 $;0,00 $;25,00;670,00 $;1770,00 $;375,68 $;0,06%;
15/05/2020;1;11434,28 $;1124,32 $;1124,32 $;0,00 $;5,68 $;-3007,24 $;0,00 $;100,00%;1124,32 $;1124,32 $;0,00 $;1124,32 $;0,00 $;40,00;140,00 $;1270,00 $;145,68 $;0,06%;
18/05/2020;1;11573,60 $;139,32 $;139,32 $;0,00 $;5,68 $;-2867,92 $;0,00 $;100,00%;139,32 $;139,32 $;0,00 $;139,32 $;0,00 $;25,00;345,00 $;865,00 $;725,68 $;0,06%;
19/05/2020;1;10822,92 $;-750,68 $;0,00 $;-750,68 $;5,68 $;-3618,60 $;-750,68 $;0,00%;-750,68 $;0,00 $;-750,68 $;0,00 $;-750,68 $;25,00;905,00 $;120,00 $;870,68 $;0,06%;
20/05/2020;1;10122,24 $;-700,68 $;0,00 $;-700,68 $;5,68 $;-4319,28 $;-700,68 $;0,00%;-700,68 $;0,00 $;-700,68 $;0,00 $;-700,68 $;15,00;695,00 $;5,00 $;705,68 $;0,06%;
21/05/2020;1;10226,56 $;104,32 $;104,32 $;0,00 $;5,68 $;-4214,96 $;0,00 $;100,00%;104,32 $;104,32 $;0,00 $;104,32 $;0,00 $;35,00;600,00 $;510,00 $;405,68 $;0,06%;
22/05/2020;1;9325,88 $;-900,68 $;0,00 $;-900,68 $;5,68 $;-5115,64 $;-900,68 $;0,00%;-900,68 $;0,00 $;-900,68 $;0,00 $;-900,68 $;20,00;895,00 $;685,00 $;1585,68 $;0,06%;
25/05/2020;1;9210,20 $;-115,68 $;0,00 $;-115,68 $;5,68 $;-5231,32 $;-115,68 $;0,00%;-115,68 $;0,00 $;-115,68 $;0,00 $;-115,68 $;30,00;195,00 $;85,00 $;200,68 $;0,06%;
26/05/2020;1;10219,52 $;1009,32 $;1009,32 $;0,00 $;5,68 $;-4222,00 $;0,00 $;100,00%;1009,32 $;1009,32 $;0,00 $;1009,32 $;0,00 $;25,00;80,00 $;1015,00 $;5,68 $;0,06%;
27/05/2020;1;9173,84 $;-1045,68 $;0,00 $;-1045,68 $;5,68 $;-5267,68 $;-1045,68 $;0,00%;-1045,68 $;0,00 $;-1045,68 $;0,00 $;-1045,68 $;15,00;1040,00 $;65,00 $;1110,68 $;0,06%;
28/05/2020;1;8588,16 $;-585,68 $;0,00 $;-585,68 $;5,68 $;-5853,36 $;-585,68 $;0,00%;-585,68 $;0,00 $;-585,68 $;0,00 $;-585,68 $;25,00;1230,00 $;30,00 $;615,68 $;0,06%;
29/05/2020;1;8807,48 $;219,32 $;219,32 $;0,00 $;5,68 $;-5634,04 $;0,00 $;100,00%;219,32 $;219,32 $;0,00 $;219,32 $;0,00 $;35,00;530,00 $;725,00 $;505,68 $;0,06%;
01/06/2020;1;9596,80 $;789,32 $;789,32 $;0,00 $;5,68 $;-4844,72 $;0,00 $;100,00%;789,32 $;789,32 $;0,00 $;789,32 $;0,00 $;40,00;105,00 $;1120,00 $;330,68 $;0,06%;
02/06/2020;1;9551,12 $;-45,68 $;0,00 $;-45,68 $;5,68 $;-4890,40 $;-45,68 $;0,00%;-45,68 $;0,00 $;-45,68 $;0,00 $;-45,68 $;25,00;545,00 $;190,00 $;235,68 $;0,06%;
03/06/2020;1;9230,44 $;-320,68 $;0,00 $;-320,68 $;5,68 $;-5211,08 $;-320,68 $;0,00%;-320,68 $;0,00 $;-320,68 $;0,00 $;-320,68 $;25,00;365,00 $;610,00 $;930,68 $;0,06%;
04/06/2020;1;8439,76 $;-790,68 $;0,00 $;-790,68 $;5,68 $;-6001,76 $;-790,68 $;0,00%;-790,68 $;0,00 $;-790,68 $;0,00 $;-790,68 $;20,00;785,00 $;305,00 $;1095,68 $;0,06%;
05/06/2020;1;7089,08 $;-1350,68 $;0,00 $;-1350,68 $;5,68 $;-7352,44 $;-1350,68 $;0,00%;-1350,68 $;0,00 $;-1350,68 $;0,00 $;-1350,68 $;20,00;1345,00 $;790,00 $;2140,68 $;0,06%;
08/06/2020;1;8098,40 $;1009,32 $;1009,32 $;0,00 $;5,68 $;-6343,12 $;0,00 $;100,00%;1009,32 $;1009,32 $;0,00 $;1009,32 $;0,00 $;30,00;170,00 $;1015,00 $;5,68 $;0,06%;
09/06/2020;1;7442,72 $;-655,68 $;0,00 $;-655,68 $;5,68 $;-6998,80 $;-655,68 $;0,00%;-655,68 $;0,00 $;-655,68 $;0,00 $;-655,68 $;20,00;650,00 $;220,00 $;875,68 $;0,06%;
10/06/2020;1;6837,04 $;-605,68 $;0,00 $;-605,68 $;5,68 $;-7604,48 $;-605,68 $;0,00%;-605,68 $;0,00 $;-605,68 $;0,00 $;-605,68 $;25,00;760,00 $;90,00 $;695,68 $;0,06%;
11/06/2020;1;8086,36 $;1249,32 $;1249,32 $;0,00 $;5,68 $;-6355,16 $;0,00 $;100,00%;1249,32 $;1249,32 $;0,00 $;1249,32 $;0,00 $;40,00;475,00 $;1410,00 $;160,68 $;0,06%;
12/06/2020;1;6960,68 $;-1125,68 $;0,00 $;-1125,68 $;5,68 $;-7480,84 $;-1125,68 $;0,00%;-1125,68 $;0,00 $;-1125,68 $;0,00 $;-1125,68 $;20,00;1120,00 $;220,00 $;1345,68 $;0,06%;
15/06/2020;1;8895,00 $;1934,32 $;1934,32 $;0,00 $;5,68 $;-5546,52 $;0,00 $;100,00%;1934,32 $;1934,32 $;0,00 $;1934,32 $;0,00 $;25,00;60,00 $;2020,00 $;85,68 $;0,06%;
16/06/2020;1;11209,32 $;2314,32 $;2314,32 $;0,00 $;5,68 $;-3232,20 $;0,00 $;100,00%;2314,32 $;2314,32 $;0,00 $;2314,32 $;0,00 $;35,00;280,00 $;2320,00 $;5,68 $;0,06%;
17/06/2020;1;10863,64 $;-345,68 $;0,00 $;-345,68 $;5,68 $;-3577,88 $;-345,68 $;0,00%;-345,68 $;0,00 $;-345,68 $;0,00 $;-345,68 $;35,00;720,00 $;380,00 $;725,68 $;0,06%;
18/06/2020;1;11577,96 $;714,32 $;714,32 $;0,00 $;5,68 $;-2863,56 $;0,00 $;100,00%;714,32 $;714,32 $;0,00 $;714,32 $;0,00 $;25,00;80,00 $;760,00 $;45,68 $;0,06%;
19/06/2020;1;11742,28 $;164,32 $;164,32 $;0,00 $;5,68 $;-2699,24 $;0,00 $;100,00%;164,32 $;164,32 $;0,00 $;164,32 $;0,00 $;35,00;335,00 $;410,00 $;245,68 $;0,06%;
22/06/2020;1;12251,60 $;509,32 $;509,32 $;0,00 $;5,68 $;-2189,92 $;0,00 $;100,00%;509,32 $;509,32 $;0,00 $;509,32 $;0,00 $;40,00;395,00 $;515,00 $;5,68 $;0,06%;
23/06/2020;1;12290,92 $;39,32 $;39,32 $;0,00 $;5,68 $;-2150,60 $;0,00 $;100,00%;39,32 $;39,32 $;0,00 $;39,32 $;0,00 $;40,00;460,00 $;380,00 $;340,68 $;0,06%;
24/06/2020;1;13445,24 $;1154,32 $;1154,32 $;0,00 $;5,68 $;-996,28 $;0,00 $;100,00%;1154,32 $;1154,32 $;0,00 $;1154,32 $;0,00 $;15,00;20,00 $;1160,00 $;5,68 $;0,06%;
25/06/2020;1;15044,56 $;1599,32 $;1599,32 $;0,00 $;5,68 $;0,00 $;0,00 $;100,00%;1599,32 $;1599,32 $;0,00 $;1599,32 $;0,00 $;20,00;80,00 $;1605,00 $;5,68 $;0,06%;
26/06/2020;1;14313,88 $;-730,68 $;0,00 $;-730,68 $;5,68 $;-730,68 $;-730,68 $;0,00%;-730,68 $;0,00 $;-730,68 $;0,00 $;-730,68 $;10,00;725,00 $;190,00 $;920,68 $;0,06%;
29/06/2020;1;13503,20 $;-810,68 $;0,00 $;-810,68 $;5,68 $;-1541,36 $;-810,68 $;0,00%;-810,68 $;0,00 $;-810,68 $;0,00 $;-810,68 $;15,00;805,00 $;210,00 $;1020,68 $;0,06%;
30/06/2020;1;12647,52 $;-855,68 $;0,00 $;-855,68 $;5,68 $;-2397,04 $;-855,68 $;0,00%;-855,68 $;0,00 $;-855,68 $;0,00 $;-855,68 $;10,00;850,00 $;135,00 $;990,68 $;0,06%;
01/07/2020;1;11736,84 $;-910,68 $;0,00 $;-910,68 $;5,68 $;-3307,72 $;-910,68 $;0,00%;-910,68 $;0,00 $;-910,68 $;0,00 $;-910,68 $;10,00;905,00 $;70,00 $;980,68 $;0,06%;
02/07/2020;1;11361,16 $;-375,68 $;0,00 $;-375,68 $;5,68 $;-3683,40 $;-375,68 $;0,00%;-375,68 $;0,00 $;-375,68 $;0,00 $;-375,68 $;25,00;495,00 $;330,00 $;705,68 $;0,06%;
03/07/2020;1;11375,48 $;14,32 $;14,32 $;0,00 $;5,68 $;-3669,08 $;0,00 $;100,00%;14,32 $;14,32 $;0,00 $;14,32 $;0,00 $;30,00;70,00 $;225,00 $;210,68 $;0,06%;
06/07/2020;1;12014,80 $;639,32 $;639,32 $;0,00 $;5,68 $;-3029,76 $;0,00 $;100,00%;639,32 $;639,32 $;0,00 $;639,32 $;0,00 $;35,00;260,00 $;645,00 $;5,68 $;0,06%;
07/07/2020;1;11439,12 $;-575,68 $;0,00 $;-575,68 $;5,68 $;-3605,44 $;-575,68 $;0,00%;-575,68 $;0,00 $;-575,68 $;0,00 $;-575,68 $;10,00;570,00 $;40,00 $;615,68 $;0,06%;
08/07/2020;1;11003,44 $;-435,68 $;0,00 $;-435,68 $;5,68 $;-4041,12 $;-435,68 $;0,00%;-435,68 $;0,00 $;-435,68 $;0,00 $;-435,68 $;25,00;495,00 $;270,00 $;705,68 $;0,06%;
09/07/2020;1;12002,76 $;999,32 $;999,32 $;0,00 $;5,68 $;-3041,80 $;0,00 $;100,00%;999,32 $;999,32 $;0,00 $;999,32 $;0,00 $;0,00;0,00 $;1005,00 $;5,68 $;0,06%;
10/07/2020;1;13437,08 $;1434,32 $;1434,32 $;0,00 $;5,68 $;-1607,48 $;0,00 $;100,00%;1434,32 $;1434,32 $;0,00 $;1434,32 $;0,00 $;15,00;300,00 $;1440,00 $;5,68 $;0,06%;
13/07/2020;1;12716,40 $;-720,68 $;0,00 $;-720,68 $;5,68 $;-2328,16 $;-720,68 $;0,00%;-720,68 $;0,00 $;-720,68 $;0,00 $;-720,68 $;5,00;715,00 $;5,00 $;725,68 $;0,06%;
14/07/2020;1;12490,72 $;-225,68 $;0,00 $;-225,68 $;5,68 $;-2553,84 $;-225,68 $;0,00%;-225,68 $;0,00 $;-225,68 $;0,00 $;-225,68 $;40,00;1945,00 $;2905,00 $;3130,68 $;0,06%;
15/07/2020;1;12435,04 $;-55,68 $;0,00 $;-55,68 $;5,68 $;-2609,52 $;-55,68 $;0,00%;-55,68 $;0,00 $;-55,68 $;0,00 $;-55,68 $;25,00;655,00 $;1130,00 $;1185,68 $;0,06%;
16/07/2020;1;12759,36 $;324,32 $;324,32 $;0,00 $;5,68 $;-2285,20 $;0,00 $;100,00%;324,32 $;324,32 $;0,00 $;324,32 $;0,00 $;40,00;560,00 $;685,00 $;360,68 $;0,06%;
17/07/2020;1;13733,68 $;974,32 $;974,32 $;0,00 $;5,68 $;-1310,88 $;0,00 $;100,00%;974,32 $;974,32 $;0,00 $;974,32 $;0,00 $;20,00;415,00 $;980,00 $;5,68 $;0,06%;
20/07/2020;1;14813,00 $;1079,32 $;1079,32 $;0,00 $;5,68 $;-231,56 $;0,00 $;100,00%;1079,32 $;1079,32 $;0,00 $;1079,32 $;0,00 $;15,00;370,00 $;1085,00 $;5,68 $;0,06%;
21/07/2020;1;14042,32 $;-770,68 $;0,00 $;-770,68 $;5,68 $;-1002,24 $;-770,68 $;0,00%;-770,68 $;0,00 $;-770,68 $;0,00 $;-770,68 $;15,00;765,00 $;295,00 $;1065,68 $;0,06%;
22/07/2020;1;14656,64 $;614,32 $;614,32 $;0,00 $;5,68 $;-387,92 $;0,00 $;100,00%;614,32 $;614,32 $;0,00 $;614,32 $;0,00 $;35,00;480,00 $;1005,00 $;390,68 $;0,06%;
23/07/2020;1;14670,96 $;14,32 $;14,32 $;0,00 $;5,68 $;-373,60 $;0,00 $;100,00%;14,32 $;14,32 $;0,00 $;14,32 $;0,00 $;30,00;870,00 $;585,00 $;570,68 $;0,06%;
24/07/2020;1;13450,28 $;-1220,68 $;0,00 $;-1220,68 $;5,68 $;-1594,28 $;-1220,68 $;0,00%;-1220,68 $;0,00 $;-1220,68 $;0,00 $;-1220,68 $;15,00;1215,00 $;130,00 $;1350,68 $;0,06%;
27/07/2020;1;13094,60 $;-355,68 $;0,00 $;-355,68 $;5,68 $;-1949,96 $;-355,68 $;0,00%;-355,68 $;0,00 $;-355,68 $;0,00 $;-355,68 $;40,00;1295,00 $;20,00 $;375,68 $;0,06%;
28/07/2020;1;12603,92 $;-490,68 $;0,00 $;-490,68 $;5,68 $;-2440,64 $;-490,68 $;0,00%;-490,68 $;0,00 $;-490,68 $;0,00 $;-490,68 $;25,00;1095,00 $;345,00 $;835,68 $;0,06%;
29/07/2020;1;12248,24 $;-355,68 $;0,00 $;-355,68 $;5,68 $;-2796,32 $;-355,68 $;0,00%;-355,68 $;0,00 $;-355,68 $;0,00 $;-355,68 $;40,00;495,00 $;190,00 $;545,68 $;0,06%;
30/07/2020;1;13412,56 $;1164,32 $;1164,32 $;0,00 $;5,68 $;-1632,00 $;0,00 $;100,00%;1164,32 $;1164,32 $;0,00 $;1164,32 $;0,00 $;25,00;380,00 $;1410,00 $;245,68 $;0,06%;
31/07/2020;1;12691,88 $;-720,68 $;0,00 $;-720,68 $;5,68 $;-2352,68 $;-720,68 $;0,00%;-720,68 $;0,00 $;-720,68 $;0,00 $;-720,68 $;10,00;715,00 $;250,00 $;970,68 $;0,06%;
03/08/2020;1;13631,20 $;939,32 $;939,32 $;0,00 $;5,68 $;-1413,36 $;0,00 $;100,00%;939,32 $;939,32 $;0,00 $;939,32 $;0,00 $;20,00;110,00 $;945,00 $;5,68 $;0,06%;
04/08/2020;1;12845,52 $;-785,68 $;0,00 $;-785,68 $;5,68 $;-2199,04 $;-785,68 $;0,00%;-785,68 $;0,00 $;-785,68 $;0,00 $;-785,68 $;10,00;780,00 $;75,00 $;860,68 $;0,06%;
05/08/2020;1;13579,84 $;734,32 $;734,32 $;0,00 $;5,68 $;-1464,72 $;0,00 $;100,00%;734,32 $;734,32 $;0,00 $;734,32 $;0,00 $;25,00;150,00 $;825,00 $;90,68 $;0,06%;
06/08/2020;1;13279,16 $;-300,68 $;0,00 $;-300,68 $;5,68 $;-1765,40 $;-300,68 $;0,00%;-300,68 $;0,00 $;-300,68 $;0,00 $;-300,68 $;25,00;315,00 $;600,00 $;900,68 $;0,06%;
07/08/2020;1;14083,48 $;804,32 $;804,32 $;0,00 $;5,68 $;-961,08 $;0,00 $;100,00%;804,32 $;804,32 $;0,00 $;804,32 $;0,00 $;35,00;20,00 $;970,00 $;165,68 $;0,06%;
10/08/2020;1;14742,80 $;659,32 $;659,32 $;0,00 $;5,68 $;-301,76 $;0,00 $;100,00%;659,32 $;659,32 $;0,00 $;659,32 $;0,00 $;20,00;180,00 $;665,00 $;5,68 $;0,06%;
11/08/2020;1;15332,12 $;589,32 $;589,32 $;0,00 $;5,68 $;0,00 $;0,00 $;100,00%;589,32 $;589,32 $;0,00 $;589,32 $;0,00 $;25,00;430,00 $;1295,00 $;705,68 $;0,06%;
12/08/2020;1;14191,44 $;-1140,68 $;0,00 $;-1140,68 $;5,68 $;-1140,68 $;-1140,68 $;0,00%;-1140,68 $;0,00 $;-1140,68 $;0,00 $;-1140,68 $;15,00;1135,00 $;200,00 $;1340,68 $;0,06%;
13/08/2020;1;13190,76 $;-1000,68 $;0,00 $;-1000,68 $;5,68 $;-2141,36 $;-1000,68 $;0,00%;-1000,68 $;0,00 $;-1000,68 $;0,00 $;-1000,68 $;5,00;995,00 $;15,00 $;1015,68 $;0,06%;
14/08/2020;1;12390,08 $;-800,68 $;0,00 $;-800,68 $;5,68 $;-2942,04 $;-800,68 $;0,00%;-800,68 $;0,00 $;-800,68 $;0,00 $;-800,68 $;15,00;795,00 $;315,00 $;1115,68 $;0,06%;
17/08/2020;1;11914,40 $;-475,68 $;0,00 $;-475,68 $;5,68 $;-3417,72 $;-475,68 $;0,00%;-475,68 $;0,00 $;-475,68 $;0,00 $;-475,68 $;10,00;470,00 $;145,00 $;620,68 $;0,06%;
18/08/2020;1;11223,72 $;-690,68 $;0,00 $;-690,68 $;5,68 $;-4108,40 $;-690,68 $;0,00%;-690,68 $;0,00 $;-690,68 $;0,00 $;-690,68 $;0,00;685,00 $;0,00 $;690,68 $;0,06%;
19/08/2020;1;10953,04 $;-270,68 $;0,00 $;-270,68 $;5,68 $;-4379,08 $;-270,68 $;0,00%;-270,68 $;0,00 $;-270,68 $;0,00 $;-270,68 $;25,00;300,00 $;80,00 $;350,68 $;0,06%;
20/08/2020;1;12047,36 $;1094,32 $;1094,32 $;0,00 $;5,68 $;-3284,76 $;0,00 $;100,00%;1094,32 $;1094,32 $;0,00 $;1094,32 $;0,00 $;25,00;490,00 $;1100,00 $;5,68 $;0,06%;
21/08/2020;1;11756,68 $;-290,68 $;0,00 $;-290,68 $;5,68 $;-3575,44 $;-290,68 $;0,00%;-290,68 $;0,00 $;-290,68 $;0,00 $;-290,68 $;40,00;475,00 $;515,00 $;805,68 $;0,06%;
24/08/2020;1;11126,00 $;-630,68 $;0,00 $;-630,68 $;5,68 $;-4206,12 $;-630,68 $;0,00%;-630,68 $;0,00 $;-630,68 $;0,00 $;-630,68 $;5,00;625,00 $;0,00 $;630,68 $;0,06%;
25/08/2020;1;11625,32 $;499,32 $;499,32 $;0,00 $;5,68 $;-3706,80 $;0,00 $;100,00%;499,32 $;499,32 $;0,00 $;499,32 $;0,00 $;40,00;415,00 $;735,00 $;235,68 $;0,06%;
26/08/2020;1;11494,64 $;-130,68 $;0,00 $;-130,68 $;5,68 $;-3837,48 $;-130,68 $;0,00%;-130,68 $;0,00 $;-130,68 $;0,00 $;-130,68 $;25,00;335,00 $;310,00 $;440,68 $;0,06%;
27/08/2020;1;13513,96 $;2019,32 $;2019,32 $;0,00 $;5,68 $;-1818,16 $;0,00 $;100,00%;2019,32 $;2019,32 $;0,00 $;2019,32 $;0,00 $;15,00;290,00 $;2025,00 $;5,68 $;0,06%;
28/08/2020;1;12973,28 $;-540,68 $;0,00 $;-540,68 $;5,68 $;-2358,84 $;-540,68 $;0,00%;-540,68 $;0,00 $;-540,68 $;0,00 $;-540,68 $;40,00;535,00 $;630,00 $;1170,68 $;0,06%;
31/08/2020;1;13622,60 $;649,32 $;649,32 $;0,00 $;5,68 $;-1709,52 $;0,00 $;100,00%;649,32 $;649,32 $;0,00 $;649,32 $;0,00 $;40,00;165,00 $;940,00 $;290,68 $;0,06%;
01/09/2020;1;12716,92 $;-905,68 $;0,00 $;-905,68 $;5,68 $;-2615,20 $;-905,68 $;0,00%;-905,68 $;0,00 $;-905,68 $;0,00 $;-905,68 $;10,00;900,00 $;220,00 $;1125,68 $;0,06%;
02/09/2020;1;11741,24 $;-975,68 $;0,00 $;-975,68 $;5,68 $;-3590,88 $;-975,68 $;0,00%;-975,68 $;0,00 $;-975,68 $;0,00 $;-975,68 $;15,00;970,00 $;250,00 $;1225,68 $;0,06%;
03/09/2020;1;10350,56 $;-1390,68 $;0,00 $;-1390,68 $;5,68 $;-4981,56 $;-1390,68 $;0,00%;-1390,68 $;0,00 $;-1390,68 $;0,00 $;-1390,68 $;20,00;1385,00 $;330,00 $;1720,68 $;0,06%;
04/09/2020;1;13939,88 $;3589,32 $;3589,32 $;0,00 $;5,68 $;-1392,24 $;0,00 $;100,00%;3589,32 $;3589,32 $;0,00 $;3589,32 $;0,00 $;30,00;1965,00 $;3595,00 $;5,68 $;0,06%;
07/09/2020;1;14294,20 $;354,32 $;354,32 $;0,00 $;5,68 $;-1037,92 $;0,00 $;100,00%;354,32 $;354,32 $;0,00 $;354,32 $;0,00 $;40,00;20,00 $;1115,00 $;760,68 $;0,06%;
08/09/2020;1;15213,52 $;919,32 $;919,32 $;0,00 $;5,68 $;-118,60 $;0,00 $;100,00%;919,32 $;919,32 $;0,00 $;919,32 $;0,00 $;40,00;1260,00 $;1805,00 $;885,68 $;0,06%;
09/09/2020;1;15422,84 $;209,32 $;209,32 $;0,00 $;5,68 $;0,00 $;0,00 $;100,00%;209,32 $;209,32 $;0,00 $;209,32 $;0,00 $;40,00;700,00 $;1645,00 $;1435,68 $;0,06%;
10/09/2020;1;14657,16 $;-765,68 $;0,00 $;-765,68 $;5,68 $;-765,68 $;-765,68 $;0,00%;-765,68 $;0,00 $;-765,68 $;0,00 $;-765,68 $;40,00;1080,00 $;1035,00 $;1800,68 $;0,06%;
11/09/2020;1;13756,48 $;-900,68 $;0,00 $;-900,68 $;5,68 $;-1666,36 $;-900,68 $;0,00%;-900,68 $;0,00 $;-900,68 $;0,00 $;-900,68 $;30,00;1860,00 $;995,00 $;1895,68 $;0,06%;
14/09/2020;1;12640,80 $;-1115,68 $;0,00 $;-1115,68 $;5,68 $;-2782,04 $;-1115,68 $;0,00%;-1115,68 $;0,00 $;-1115,68 $;0,00 $;-1115,68 $;25,00;1110,00 $;450,00 $;1565,68 $;0,06%;
15/09/2020;1;11765,12 $;-875,68 $;0,00 $;-875,68 $;5,68 $;-3657,72 $;-875,68 $;0,00%;-875,68 $;0,00 $;-875,68 $;0,00 $;-875,68 $;35,00;870,00 $;345,00 $;1220,68 $;0,06%;
16/09/2020;1;10784,44 $;-980,68 $;0,00 $;-980,68 $;5,68 $;-4638,40 $;-980,68 $;0,00%;-980,68 $;0,00 $;-980,68 $;0,00 $;-980,68 $;25,00;975,00 $;265,00 $;1245,68 $;0,06%;
17/09/2020;1;13138,76 $;2354,32 $;2354,32 $;0,00 $;5,68 $;-2284,08 $;0,00 $;100,00%;2354,32 $;2354,32 $;0,00 $;2354,32 $;0,00 $;40,00;115,00 $;2470,00 $;115,68 $;0,06%;
18/09/2020;1;14733,08 $;1594,32 $;1594,32 $;0,00 $;5,68 $;-689,76 $;0,00 $;100,00%;1594,32 $;1594,32 $;0,00 $;1594,32 $;0,00 $;25,00;100,00 $;1600,00 $;5,68 $;0,06%;
21/09/2020;1;14217,40 $;-515,68 $;0,00 $;-515,68 $;5,68 $;-1205,44 $;-515,68 $;0,00%;-515,68 $;0,00 $;-515,68 $;0,00 $;-515,68 $;25,00;1210,00 $;1515,00 $;2030,68 $;0,06%;
22/09/2020;1;16126,72 $;1909,32 $;1909,32 $;0,00 $;5,68 $;0,00 $;0,00 $;100,00%;1909,32 $;1909,32 $;0,00 $;1909,32 $;0,00 $;25,00;70,00 $;1915,00 $;5,68 $;0,06%;
23/09/2020;1;15331,04 $;-795,68 $;0,00 $;-795,68 $;5,68 $;-795,68 $;-795,68 $;0,00%;-795,68 $;0,00 $;-795,68 $;0,00 $;-795,68 $;25,00;960,00 $;495,00 $;1290,68 $;0,06%;
24/09/2020;1;15715,36 $;384,32 $;384,32 $;0,00 $;5,68 $;-411,36 $;0,00 $;100,00%;384,32 $;384,32 $;0,00 $;384,32 $;0,00 $;40,00;35,00 $;2740,00 $;2355,68 $;0,06%;
25/09/2020;1;15994,68 $;279,32 $;279,32 $;0,00 $;5,68 $;-132,04 $;0,00 $;100,00%;279,32 $;279,32 $;0,00 $;279,32 $;0,00 $;40,00;100,00 $;1750,00 $;1470,68 $;0,06%;
28/09/2020;1;14834,00 $;-1160,68 $;0,00 $;-1160,68 $;5,68 $;-1292,72 $;-1160,68 $;0,00%;-1160,68 $;0,00 $;-1160,68 $;0,00 $;-1160,68 $;15,00;1155,00 $;330,00 $;1490,68 $;0,06%;
29/09/2020;1;14838,32 $;4,32 $;4,32 $;0,00 $;5,68 $;-1288,40 $;0,00 $;100,00%;4,32 $;4,32 $;0,00 $;4,32 $;0,00 $;30,00;340,00 $;680,00 $;675,68 $;0,06%;
30/09/2020;1;13732,64 $;-1105,68 $;0,00 $;-1105,68 $;5,68 $;-2394,08 $;-1105,68 $;0,00%;-1105,68 $;0,00 $;-1105,68 $;0,00 $;-1105,68 $;25,00;1100,00 $;405,00 $;1510,68 $;0,06%;
01/10/2020;1;13726,96 $;-5,68 $;0,00 $;-5,68 $;5,68 $;-2399,76 $;-5,68 $;0,00%;-5,68 $;0,00 $;-5,68 $;0,00 $;-5,68 $;40,00;635,00 $;535,00 $;540,68 $;0,06%;
02/10/2020;1;12821,28 $;-905,68 $;0,00 $;-905,68 $;5,68 $;-3305,44 $;-905,68 $;0,00%;-905,68 $;0,00 $;-905,68 $;0,00 $;-905,68 $;25,00;1350,00 $;330,00 $;1235,68 $;0,06%;
05/10/2020;1;12425,60 $;-395,68 $;0,00 $;-395,68 $;5,68 $;-3701,12 $;-395,68 $;0,00%;-395,68 $;0,00 $;-395,68 $;0,00 $;-395,68 $;25,00;510,00 $;285,00 $;680,68 $;0,06%;
06/10/2020;1;12834,92 $;409,32 $;409,32 $;0,00 $;5,68 $;-3291,80 $;0,00 $;100,00%;409,32 $;409,32 $;0,00 $;409,32 $;0,00 $;25,00;165,00 $;995,00 $;585,68 $;0,06%;
07/10/2020;1;11974,24 $;-860,68 $;0,00 $;-860,68 $;5,68 $;-4152,48 $;-860,68 $;0,00%;-860,68 $;0,00 $;-860,68 $;0,00 $;-860,68 $;10,00;855,00 $;35,00 $;895,68 $;0,06%;
08/10/2020;1;11993,56 $;19,32 $;19,32 $;0,00 $;5,68 $;-4133,16 $;0,00 $;100,00%;19,32 $;19,32 $;0,00 $;19,32 $;0,00 $;40,00;490,00 $;445,00 $;425,68 $;0,06%;
09/10/2020;1;11707,88 $;-285,68 $;0,00 $;-285,68 $;5,68 $;-4418,84 $;-285,68 $;0,00%;-285,68 $;0,00 $;-285,68 $;0,00 $;-285,68 $;25,00;395,00 $;60,00 $;345,68 $;0,06%;
12/10/2020;1;11407,20 $;-300,68 $;0,00 $;-300,68 $;5,68 $;-4719,52 $;-300,68 $;0,00%;-300,68 $;0,00 $;-300,68 $;0,00 $;-300,68 $;25,00;700,00 $;880,00 $;1180,68 $;0,06%;
13/10/2020;1;9921,52 $;-1485,68 $;0,00 $;-1485,68 $;5,68 $;-6205,20 $;-1485,68 $;0,00%;-1485,68 $;0,00 $;-1485,68 $;0,00 $;-1485,68 $;15,00;1480,00 $;520,00 $;2005,68 $;0,06%;
14/10/2020;1;10790,84 $;869,32 $;869,32 $;0,00 $;5,68 $;-5335,88 $;0,00 $;100,00%;869,32 $;869,32 $;0,00 $;869,32 $;0,00 $;25,00;5,00 $;1295,00 $;425,68 $;0,06%;
15/10/2020;1;9690,16 $;-1100,68 $;0,00 $;-1100,68 $;5,68 $;-6436,56 $;-1100,68 $;0,00%;-1100,68 $;0,00 $;-1100,68 $;0,00 $;-1100,68 $;25,00;1260,00 $;130,00 $;1230,68 $;0,06%;
16/10/2020;1;9679,48 $;-10,68 $;0,00 $;-10,68 $;5,68 $;-6447,24 $;-10,68 $;0,00%;-10,68 $;0,00 $;-10,68 $;0,00 $;-10,68 $;30,00;165,00 $;690,00 $;700,68 $;0,06%;
19/10/2020;1;10048,80 $;369,32 $;369,32 $;0,00 $;5,68 $;-6077,92 $;0,00 $;100,00%;369,32 $;369,32 $;0,00 $;369,32 $;0,00 $;40,00;35,00 $;585,00 $;215,68 $;0,06%;
20/10/2020;1;10248,12 $;199,32 $;199,32 $;0,00 $;5,68 $;-5878,60 $;0,00 $;100,00%;199,32 $;199,32 $;0,00 $;199,32 $;0,00 $;40,00;45,00 $;335,00 $;135,68 $;0,06%;
21/10/2020;1;10627,44 $;379,32 $;379,32 $;0,00 $;5,68 $;-5499,28 $;0,00 $;100,00%;379,32 $;379,32 $;0,00 $;379,32 $;0,00 $;40,00;5,00 $;640,00 $;260,68 $;0,06%;
22/10/2020;1;10156,76 $;-470,68 $;0,00 $;-470,68 $;5,68 $;-5969,96 $;-470,68 $;0,00%;-470,68 $;0,00 $;-470,68 $;0,00 $;-470,68 $;30,00;510,00 $;110,00 $;580,68 $;0,06%;
26/10/2020;1;9551,08 $;-605,68 $;0,00 $;-605,68 $;5,68 $;-6575,64 $;-605,68 $;0,00%;-605,68 $;0,00 $;-605,68 $;0,00 $;-605,68 $;5,00;600,00 $;65,00 $;670,68 $;0,06%;
27/10/2020;1;8740,40 $;-810,68 $;0,00 $;-810,68 $;5,68 $;-7386,32 $;-810,68 $;0,00%;-810,68 $;0,00 $;-810,68 $;0,00 $;-810,68 $;10,00;805,00 $;10,00 $;820,68 $;0,06%;
28/10/2020;1;7649,72 $;-1090,68 $;0,00 $;-1090,68 $;5,68 $;-8477,00 $;-1090,68 $;0,00%;-1090,68 $;0,00 $;-1090,68 $;0,00 $;-1090,68 $;20,00;1085,00 $;580,00 $;1670,68 $;0,06%;
29/10/2020;1;6924,04 $;-725,68 $;0,00 $;-725,68 $;5,68 $;-9202,68 $;-725,68 $;0,00%;-725,68 $;0,00 $;-725,68 $;0,00 $;-725,68 $;25,00;935,00 $;1095,00 $;1820,68 $;0,06%;
30/10/2020;1;9063,36 $;2139,32 $;2139,32 $;0,00 $;5,68 $;-7063,36 $;0,00 $;100,00%;2139,32 $;2139,32 $;0,00 $;2139,32 $;0,00 $;15,00;340,00 $;2145,00 $;5,68 $;0,06%;
02/11/2020;1;10622,68 $;1559,32 $;1559,32 $;0,00 $;5,68 $;-5504,04 $;0,00 $;100,00%;1559,32 $;1559,32 $;0,00 $;1559,32 $;0,00 $;25,00;370,00 $;1565,00 $;5,68 $;0,06%;
03/11/2020;1;12222,00 $;1599,32 $;1599,32 $;0,00 $;5,68 $;-3904,72 $;0,00 $;100,00%;1599,32 $;1599,32 $;0,00 $;1599,32 $;0,00 $;15,00;160,00 $;1605,00 $;5,68 $;0,06%;
04/11/2020;1;12546,32 $;324,32 $;324,32 $;0,00 $;5,68 $;-3580,40 $;0,00 $;100,00%;324,32 $;324,32 $;0,00 $;324,32 $;0,00 $;30,00;1410,00 $;865,00 $;540,68 $;0,06%;
05/11/2020;1;13220,64 $;674,32 $;674,32 $;0,00 $;5,68 $;-2906,08 $;0,00 $;100,00%;674,32 $;674,32 $;0,00 $;674,32 $;0,00 $;40,00;1175,00 $;1120,00 $;445,68 $;0,06%;
06/11/2020;1;15849,96 $;2629,32 $;2629,32 $;0,00 $;5,68 $;-276,76 $;0,00 $;100,00%;2629,32 $;2629,32 $;0,00 $;2629,32 $;0,00 $;30,00;390,00 $;2635,00 $;5,68 $;0,06%;
09/11/2020;1;17704,28 $;1854,32 $;1854,32 $;0,00 $;5,68 $;0,00 $;0,00 $;100,00%;1854,32 $;1854,32 $;0,00 $;1854,32 $;0,00 $;40,00;135,00 $;2945,00 $;1090,68 $;0,06%;
10/11/2020;1;18293,60 $;589,32 $;589,32 $;0,00 $;5,68 $;0,00 $;0,00 $;100,00%;589,32 $;589,32 $;0,00 $;589,32 $;0,00 $;40,00;1375,00 $;1365,00 $;775,68 $;0,06%;
11/11/2020;1;20152,92 $;1859,32 $;1859,32 $;0,00 $;5,68 $;0,00 $;0,00 $;100,00%;1859,32 $;1859,32 $;0,00 $;1859,32 $;0,00 $;10,00;330,00 $;1865,00 $;5,68 $;0,06%;
12/11/2020;1;19727,24 $;-425,68 $;0,00 $;-425,68 $;5,68 $;-425,68 $;-425,68 $;0,00%;-425,68 $;0,00 $;-425,68 $;0,00 $;-425,68 $;30,00;1170,00 $;30,00 $;455,68 $;0,06%;
13/11/2020;1;19596,56 $;-130,68 $;0,00 $;-130,68 $;5,68 $;-556,36 $;-130,68 $;0,00%;-130,68 $;0,00 $;-130,68 $;0,00 $;-130,68 $;25,00;350,00 $;710,00 $;840,68 $;0,06%;
16/11/2020;1;18950,88 $;-645,68 $;0,00 $;-645,68 $;5,68 $;-1202,04 $;-645,68 $;0,00%;-645,68 $;0,00 $;-645,68 $;0,00 $;-645,68 $;35,00;1105,00 $;920,00 $;1565,68 $;0,06%;
17/11/2020;1;20245,20 $;1294,32 $;1294,32 $;0,00 $;5,68 $;0,00 $;0,00 $;100,00%;1294,32 $;1294,32 $;0,00 $;1294,32 $;0,00 $;20,00;15,00 $;1300,00 $;5,68 $;0,06%;
18/11/2020;1;19464,52 $;-780,68 $;0,00 $;-780,68 $;5,68 $;-780,68 $;-780,68 $;0,00%;-780,68 $;0,00 $;-780,68 $;0,00 $;-780,68 $;35,00;775,00 $;605,00 $;1385,68 $;0,06%;
19/11/2020;1;20718,84 $;1254,32 $;1254,32 $;0,00 $;5,68 $;0,00 $;0,00 $;100,00%;1254,32 $;1254,32 $;0,00 $;1254,32 $;0,00 $;20,00;275,00 $;1260,00 $;5,68 $;0,06%;
20/11/2020;1;20148,16 $;-570,68 $;0,00 $;-570,68 $;5,68 $;-570,68 $;-570,68 $;0,00%;-570,68 $;0,00 $;-570,68 $;0,00 $;-570,68 $;10,00;565,00 $;180,00 $;750,68 $;0,06%;
23/11/2020;1;19367,48 $;-780,68 $;0,00 $;-780,68 $;5,68 $;-1351,36 $;-780,68 $;0,00%;-780,68 $;0,00 $;-780,68 $;0,00 $;-780,68 $;10,00;775,00 $;130,00 $;910,68 $;0,06%;
24/11/2020;1;20061,80 $;694,32 $;694,32 $;0,00 $;5,68 $;-657,04 $;0,00 $;100,00%;694,32 $;694,32 $;0,00 $;694,32 $;0,00 $;10,00;30,00 $;700,00 $;5,68 $;0,06%;
25/11/2020;1;19981,12 $;-80,68 $;0,00 $;-80,68 $;5,68 $;-737,72 $;-80,68 $;0,00%;-80,68 $;0,00 $;-80,68 $;0,00 $;-80,68 $;25,00;480,00 $;230,00 $;310,68 $;0,06%;
26/11/2020;1;20115,44 $;134,32 $;134,32 $;0,00 $;5,68 $;-603,40 $;0,00 $;100,00%;134,32 $;134,32 $;0,00 $;134,32 $;0,00 $;25,00;0,00 $;275,00 $;140,68 $;0,06%;
27/11/2020;1;20009,76 $;-105,68 $;0,00 $;-105,68 $;5,68 $;-709,08 $;-105,68 $;0,00%;-105,68 $;0,00 $;-105,68 $;0,00 $;-105,68 $;25,00;215,00 $;460,00 $;565,68 $;0,06%;
30/11/2020;1;20519,08 $;509,32 $;509,32 $;0,00 $;5,68 $;-199,76 $;0,00 $;100,00%;509,32 $;509,32 $;0,00 $;509,32 $;0,00 $;40,00;420,00 $;1110,00 $;600,68 $;0,06%;
01/12/2020;1;21423,40 $;904,32 $;904,32 $;0,00 $;5,68 $;0,00 $;0,00 $;100,00%;904,32 $;904,32 $;0,00 $;904,32 $;0,00 $;25,00;210,00 $;1010,00 $;105,68 $;0,06%;
02/12/2020;1;20662,72 $;-760,68 $;0,00 $;-760,68 $;5,68 $;-760,68 $;-760,68 $;0,00%;-760,68 $;0,00 $;-760,68 $;0,00 $;-760,68 $;15,00;755,00 $;235,00 $;995,68 $;0,06%;
03/12/2020;1;20647,04 $;-15,68 $;0,00 $;-15,68 $;5,68 $;-776,36 $;-15,68 $;0,00%;-15,68 $;0,00 $;-15,68 $;0,00 $;-15,68 $;25,00;190,00 $;390,00 $;405,68 $;0,06%;
04/12/2020;1;21596,36 $;949,32 $;949,32 $;0,00 $;5,68 $;0,00 $;0,00 $;100,00%;949,32 $;949,32 $;0,00 $;949,32 $;0,00 $;25,00;205,00 $;1010,00 $;60,68 $;0,06%;
07/12/2020;1;21200,68 $;-395,68 $;0,00 $;-395,68 $;5,68 $;-395,68 $;-395,68 $;0,00%;-395,68 $;0,00 $;-395,68 $;0,00 $;-395,68 $;10,00;390,00 $;45,00 $;440,68 $;0,06%;
08/12/2020;1;22015,00 $;814,32 $;814,32 $;0,00 $;5,68 $;0,00 $;0,00 $;100,00%;814,32 $;814,32 $;0,00 $;814,32 $;0,00 $;25,00;210,00 $;820,00 $;5,68 $;0,06%;
09/12/2020;1;22514,32 $;499,32 $;499,32 $;0,00 $;5,68 $;0,00 $;0,00 $;100,00%;499,32 $;499,32 $;0,00 $;499,32 $;0,00 $;10,00;95,00 $;505,00 $;5,68 $;0,06%;
10/12/2020;1;24233,64 $;1719,32 $;1719,32 $;0,00 $;5,68 $;0,00 $;0,00 $;100,00%;1719,32 $;1719,32 $;0,00 $;1719,32 $;0,00 $;25,00;720,00 $;1725,00 $;5,68 $;0,06%;
11/12/2020;1;25187,96 $;954,32 $;954,32 $;0,00 $;5,68 $;0,00 $;0,00 $;100,00%;954,32 $;954,32 $;0,00 $;954,32 $;0,00 $;20,00;510,00 $;960,00 $;5,68 $;0,06%;
14/12/2020;1;24442,28 $;-745,68 $;0,00 $;-745,68 $;5,68 $;-745,68 $;-745,68 $;0,00%;-745,68 $;0,00 $;-745,68 $;0,00 $;-745,68 $;0,00;740,00 $;0,00 $;745,68 $;0,06%;
15/12/2020;1;24411,60 $;-30,68 $;0,00 $;-30,68 $;5,68 $;-776,36 $;-30,68 $;0,00%;-30,68 $;0,00 $;-30,68 $;0,00 $;-30,68 $;40,00;405,00 $;455,00 $;485,68 $;0,06%;
16/12/2020;1;24395,92 $;-15,68 $;0,00 $;-15,68 $;5,68 $;-792,04 $;-15,68 $;0,00%;-15,68 $;0,00 $;-15,68 $;0,00 $;-15,68 $;25,00;600,00 $;260,00 $;275,68 $;0,06%;
17/12/2020;1;23960,24 $;-435,68 $;0,00 $;-435,68 $;5,68 $;-1227,72 $;-435,68 $;0,00%;-435,68 $;0,00 $;-435,68 $;0,00 $;-435,68 $;10,00;430,00 $;65,00 $;500,68 $;0,06%;
18/12/2020;1;24719,56 $;759,32 $;759,32 $;0,00 $;5,68 $;-468,40 $;0,00 $;100,00%;759,32 $;759,32 $;0,00 $;759,32 $;0,00 $;20,00;65,00 $;765,00 $;5,68 $;0,06%;
21/12/2020;1;23523,88 $;-1195,68 $;0,00 $;-1195,68 $;5,68 $;-1664,08 $;-1195,68 $;0,00%;-1195,68 $;0,00 $;-1195,68 $;0,00 $;-1195,68 $;15,00;1190,00 $;365,00 $;1560,68 $;0,06%;
22/12/2020;1;22998,20 $;-525,68 $;0,00 $;-525,68 $;5,68 $;-2189,76 $;-525,68 $;0,00%;-525,68 $;0,00 $;-525,68 $;0,00 $;-525,68 $;10,00;520,00 $;40,00 $;565,68 $;0,06%;
23/12/2020;1;22292,52 $;-705,68 $;0,00 $;-705,68 $;5,68 $;-2895,44 $;-705,68 $;0,00%;-705,68 $;0,00 $;-705,68 $;0,00 $;-705,68 $;10,00;700,00 $;490,00 $;1195,68 $;0,06%;
24/12/2020;1;22776,84 $;484,32 $;484,32 $;0,00 $;5,68 $;-2411,12 $;0,00 $;100,00%;484,32 $;484,32 $;0,00 $;484,32 $;0,00 $;5,00;80,00 $;490,00 $;5,68 $;0,06%;
28/12/2020;1;23396,16 $;619,32 $;619,32 $;0,00 $;5,68 $;-1791,80 $;0,00 $;100,00%;619,32 $;619,32 $;0,00 $;619,32 $;0,00 $;10,00;35,00 $;625,00 $;5,68 $;0,06%;
29/12/2020;1;23845,48 $;449,32 $;449,32 $;0,00 $;5,68 $;-1342,48 $;0,00 $;100,00%;449,32 $;449,32 $;0,00 $;449,32 $;0,00 $;10,00;60,00 $;455,00 $;5,68 $;0,06%;
30/12/2020;1;23664,80 $;-180,68 $;0,00 $;-180,68 $;5,68 $;-1523,16 $;-180,68 $;0,00%;-180,68 $;0,00 $;-180,68 $;0,00 $;-180,68 $;25,00;480,00 $;125,00 $;305,68 $;0,06%;
31/12/2020;1;23349,12 $;-315,68 $;0,00 $;-315,68 $;5,68 $;-1838,84 $;-315,68 $;0,00%;-315,68 $;0,00 $;-315,68 $;0,00 $;-315,68 $;10,00;310,00 $;190,00 $;505,68 $;0,06%;
04/01/2021;1;22893,44 $;-455,68 $;0,00 $;-455,68 $;5,68 $;-2294,52 $;-455,68 $;0,00%;-455,68 $;0,00 $;-455,68 $;0,00 $;-455,68 $;10,00;450,00 $;60,00 $;515,68 $;0,06%;
05/01/2021;1;21702,76 $;-1190,68 $;0,00 $;-1190,68 $;5,68 $;-3485,20 $;-1190,68 $;0,00%;-1190,68 $;0,00 $;-1190,68 $;0,00 $;-1190,68 $;10,00;1185,00 $;60,00 $;1250,68 $;0,06%;
06/01/2021;1;22647,08 $;944,32 $;944,32 $;0,00 $;5,68 $;-2540,88 $;0,00 $;100,00%;944,32 $;944,32 $;0,00 $;944,32 $;0,00 $;40,00;720,00 $;1615,00 $;670,68 $;0,06%;
07/01/2021;1;21836,40 $;-810,68 $;0,00 $;-810,68 $;5,68 $;-3351,56 $;-810,68 $;0,00%;-810,68 $;0,00 $;-810,68 $;0,00 $;-810,68 $;10,00;805,00 $;185,00 $;995,68 $;0,06%;
08/01/2021;1;21835,72 $;-0,68 $;0,00 $;-0,68 $;5,68 $;-3352,24 $;-0,68 $;0,00%;-0,68 $;0,00 $;-0,68 $;0,00 $;-0,68 $;30,00;660,00 $;665,00 $;665,68 $;0,06%;
11/01/2021;1;20810,04 $;-1025,68 $;0,00 $;-1025,68 $;5,68 $;-4377,92 $;-1025,68 $;0,00%;-1025,68 $;0,00 $;-1025,68 $;0,00 $;-1025,68 $;15,00;1020,00 $;425,00 $;1450,68 $;0,06%;
12/01/2021;1;20774,36 $;-35,68 $;0,00 $;-35,68 $;5,68 $;-4413,60 $;-35,68 $;0,00%;-35,68 $;0,00 $;-35,68 $;0,00 $;-35,68 $;40,00;980,00 $;1120,00 $;1155,68 $;0,06%;
13/01/2021;1;19828,68 $;-945,68 $;0,00 $;-945,68 $;5,68 $;-5359,28 $;-945,68 $;0,00%;-945,68 $;0,00 $;-945,68 $;0,00 $;-945,68 $;30,00;940,00 $;490,00 $;1435,68 $;0,06%;
14/01/2021;1;19863,00 $;34,32 $;34,32 $;0,00 $;5,68 $;-5324,96 $;0,00 $;100,00%;34,32 $;34,32 $;0,00 $;34,32 $;0,00 $;25,00;395,00 $;530,00 $;495,68 $;0,06%;
15/01/2021;1;20262,32 $;399,32 $;399,32 $;0,00 $;5,68 $;-4925,64 $;0,00 $;100,00%;399,32 $;399,32 $;0,00 $;399,32 $;0,00 $;40,00;25,00 $;1010,00 $;610,68 $;0,06%;
18/01/2021;1;20576,64 $;314,32 $;314,32 $;0,00 $;5,68 $;-4611,32 $;0,00 $;100,00%;314,32 $;314,32 $;0,00 $;314,32 $;0,00 $;40,00;210,00 $;385,00 $;70,68 $;0,06%;
19/01/2021;1;19995,96 $;-580,68 $;0,00 $;-580,68 $;5,68 $;-5192,00 $;-580,68 $;0,00%;-580,68 $;0,00 $;-580,68 $;0,00 $;-580,68 $;20,00;575,00 $;675,00 $;1255,68 $;0,06%;
20/01/2021;1;19440,28 $;-555,68 $;0,00 $;-555,68 $;5,68 $;-5747,68 $;-555,68 $;0,00%;-555,68 $;0,00 $;-555,68 $;0,00 $;-555,68 $;15,00;550,00 $;165,00 $;720,68 $;0,06%;
21/01/2021;1;19794,60 $;354,32 $;354,32 $;0,00 $;5,68 $;-5393,36 $;0,00 $;100,00%;354,32 $;354,32 $;0,00 $;354,32 $;0,00 $;25,00;315,00 $;660,00 $;305,68 $;0,06%;
22/01/2021;1;19088,92 $;-705,68 $;0,00 $;-705,68 $;5,68 $;-6099,04 $;-705,68 $;0,00%;-705,68 $;0,00 $;-705,68 $;0,00 $;-705,68 $;25,00;700,00 $;150,00 $;855,68 $;0,06%;
25/01/2021;1;19018,24 $;-70,68 $;0,00 $;-70,68 $;5,68 $;-6169,72 $;-70,68 $;0,00%;-70,68 $;0,00 $;-70,68 $;0,00 $;-70,68 $;25,00;380,00 $;440,00 $;510,68 $;0,06%;
26/01/2021;1;20122,56 $;1104,32 $;1104,32 $;0,00 $;5,68 $;-5065,40 $;0,00 $;100,00%;1104,32 $;1104,32 $;0,00 $;1104,32 $;0,00 $;20,00;360,00 $;1110,00 $;5,68 $;0,06%;
27/01/2021;1;20261,88 $;139,32 $;139,32 $;0,00 $;5,68 $;-4926,08 $;0,00 $;100,00%;139,32 $;139,32 $;0,00 $;139,32 $;0,00 $;25,00;2050,00 $;280,00 $;140,68 $;0,06%;
28/01/2021;1;19991,20 $;-270,68 $;0,00 $;-270,68 $;5,68 $;-5196,76 $;-270,68 $;0,00%;-270,68 $;0,00 $;-270,68 $;0,00 $;-270,68 $;40,00;1460,00 $;950,00 $;1220,68 $;0,06%;
29/01/2021;1;20715,52 $;724,32 $;724,32 $;0,00 $;5,68 $;-4472,44 $;0,00 $;100,00%;724,32 $;724,32 $;0,00 $;724,32 $;0,00 $;30,00;310,00 $;1810,00 $;1085,68 $;0,06%;
01/02/2021;1;22569,84 $;1854,32 $;1854,32 $;0,00 $;5,68 $;-2618,12 $;0,00 $;100,00%;1854,32 $;1854,32 $;0,00 $;1854,32 $;0,00 $;15,00;250,00 $;1860,00 $;5,68 $;0,06%;
02/02/2021;1;23799,16 $;1229,32 $;1229,32 $;0,00 $;5,68 $;-1388,80 $;0,00 $;100,00%;1229,32 $;1229,32 $;0,00 $;1229,32 $;0,00 $;15,00;25,00 $;1235,00 $;5,68 $;0,06%;
03/02/2021;1;22973,48 $;-825,68 $;0,00 $;-825,68 $;5,68 $;-2214,48 $;-825,68 $;0,00%;-825,68 $;0,00 $;-825,68 $;0,00 $;-825,68 $;10,00;820,00 $;435,00 $;1260,68 $;0,06%;
04/02/2021;1;22877,80 $;-95,68 $;0,00 $;-95,68 $;5,68 $;-2310,16 $;-95,68 $;0,00%;-95,68 $;0,00 $;-95,68 $;0,00 $;-95,68 $;40,00;580,00 $;780,00 $;875,68 $;0,06%;
05/02/2021;1;22442,12 $;-435,68 $;0,00 $;-435,68 $;5,68 $;-2745,84 $;-435,68 $;0,00%;-435,68 $;0,00 $;-435,68 $;0,00 $;-435,68 $;25,00;505,00 $;395,00 $;830,68 $;0,06%;
08/02/2021;1;22566,44 $;124,32 $;124,32 $;0,00 $;5,68 $;-2621,52 $;0,00 $;100,00%;124,32 $;124,32 $;0,00 $;124,32 $;0,00 $;40,00;85,00 $;740,00 $;615,68 $;0,06%;
09/02/2021;1;23335,76 $;769,32 $;769,32 $;0,00 $;5,68 $;-1852,20 $;0,00 $;100,00%;769,32 $;769,32 $;0,00 $;769,32 $;0,00 $;15,00;155,00 $;775,00 $;5,68 $;0,06%;
10/02/2021;1;22055,08 $;-1280,68 $;0,00 $;-1280,68 $;5,68 $;-3132,88 $;-1280,68 $;0,00%;-1280,68 $;0,00 $;-1280,68 $;0,00 $;-1280,68 $;0,00;1275,00 $;0,00 $;1280,68 $;0,06%;
11/02/2021;1;22679,40 $;624,32 $;624,32 $;0,00 $;5,68 $;-2508,56 $;0,00 $;100,00%;624,32 $;624,32 $;0,00 $;624,32 $;0,00 $;30,00;430,00 $;705,00 $;80,68 $;0,06%;
12/02/2021;1;22138,72 $;-540,68 $;0,00 $;-540,68 $;5,68 $;-3049,24 $;-540,68 $;0,00%;-540,68 $;0,00 $;-540,68 $;0,00 $;-540,68 $;15,00;535,00 $;135,00 $;675,68 $;0,06%;
15/02/2021;1;21918,04 $;-220,68 $;0,00 $;-220,68 $;5,68 $;-3269,92 $;-220,68 $;0,00%;-220,68 $;0,00 $;-220,68 $;0,00 $;-220,68 $;20,00;215,00 $;25,00 $;245,68 $;0,06%;
16/02/2021;1;22137,36 $;219,32 $;219,32 $;0,00 $;5,68 $;-3050,60 $;0,00 $;100,00%;219,32 $;219,32 $;0,00 $;219,32 $;0,00 $;40,00;605,00 $;535,00 $;315,68 $;0,06%;
17/02/2021;1;22581,68 $;444,32 $;444,32 $;0,00 $;5,68 $;-2606,28 $;0,00 $;100,00%;444,32 $;444,32 $;0,00 $;444,32 $;0,00 $;40,00;760,00 $;875,00 $;430,68 $;0,06%;
18/02/2021;1;23276,00 $;694,32 $;694,32 $;0,00 $;5,68 $;-1911,96 $;0,00 $;100,00%;694,32 $;694,32 $;0,00 $;694,32 $;0,00 $;40,00;200,00 $;1020,00 $;325,68 $;0,06%;
19/02/2021;1;22475,32 $;-800,68 $;0,00 $;-800,68 $;5,68 $;-2712,64 $;-800,68 $;0,00%;-800,68 $;0,00 $;-800,68 $;0,00 $;-800,68 $;5,00;795,00 $;90,00 $;890,68 $;0,06%;
22/02/2021;1;23644,64 $;1169,32 $;1169,32 $;0,00 $;5,68 $;-1543,32 $;0,00 $;100,00%;1169,32 $;1169,32 $;0,00 $;1169,32 $;0,00 $;25,00;210,00 $;1400,00 $;230,68 $;0,06%;
23/02/2021;1;21763,96 $;-1880,68 $;0,00 $;-1880,68 $;5,68 $;-3424,00 $;-1880,68 $;0,00%;-1880,68 $;0,00 $;-1880,68 $;0,00 $;-1880,68 $;5,00;1875,00 $;320,00 $;2200,68 $;0,06%;
24/02/2021;1;20863,28 $;-900,68 $;0,00 $;-900,68 $;5,68 $;-4324,68 $;-900,68 $;0,00%;-900,68 $;0,00 $;-900,68 $;0,00 $;-900,68 $;40,00;1495,00 $;890,00 $;1790,68 $;0,06%;
25/02/2021;1;21392,60 $;529,32 $;529,32 $;0,00 $;5,68 $;-3795,36 $;0,00 $;100,00%;529,32 $;529,32 $;0,00 $;529,32 $;0,00 $;25,00;865,00 $;695,00 $;165,68 $;0,06%;
26/02/2021;1;23076,92 $;1684,32 $;1684,32 $;0,00 $;5,68 $;-2111,04 $;0,00 $;100,00%;1684,32 $;1684,32 $;0,00 $;1684,32 $;0,00 $;25,00;1405,00 $;2060,00 $;375,68 $;0,06%;
01/03/2021;1;22771,24 $;-305,68 $;0,00 $;-305,68 $;5,68 $;-2416,72 $;-305,68 $;0,00%;-305,68 $;0,00 $;-305,68 $;0,00 $;-305,68 $;40,00;610,00 $;890,00 $;1195,68 $;0,06%;
02/03/2021;1;24240,56 $;1469,32 $;1469,32 $;0,00 $;5,68 $;-947,40 $;0,00 $;100,00%;1469,32 $;1469,32 $;0,00 $;1469,32 $;0,00 $;15,00;205,00 $;1475,00 $;5,68 $;0,06%;
03/03/2021;1;22499,88 $;-1740,68 $;0,00 $;-1740,68 $;5,68 $;-2688,08 $;-1740,68 $;0,00%;-1740,68 $;0,00 $;-1740,68 $;0,00 $;-1740,68 $;35,00;1735,00 $;1295,00 $;3035,68 $;0,06%;
04/03/2021;1;25774,20 $;3274,32 $;3274,32 $;0,00 $;5,68 $;0,00 $;0,00 $;100,00%;3274,32 $;3274,32 $;0,00 $;3274,32 $;0,00 $;20,00;365,00 $;3280,00 $;5,68 $;0,06%;
05/03/2021;1;30343,52 $;4569,32 $;4569,32 $;0,00 $;5,68 $;0,00 $;0,00 $;100,00%;4569,32 $;4569,32 $;0,00 $;4569,32 $;0,00 $;35,00;255,00 $;4575,00 $;5,68 $;0,06%;
08/03/2021;1;31202,84 $;859,32 $;859,32 $;0,00 $;5,68 $;0,00 $;0,00 $;100,00%;859,32 $;859,32 $;0,00 $;859,32 $;0,00 $;40,00;1540,00 $;1900,00 $;1040,68 $;0,06%;
09/03/2021;1;29802,16 $;-1400,68 $;0,00 $;-1400,68 $;5,68 $;-1400,68 $;-1400,68 $;0,00%;-1400,68 $;0,00 $;-1400,68 $;0,00 $;-1400,68 $;20,00;1395,00 $;445,00 $;1845,68 $;0,06%;
10/03/2021;1;30711,48 $;909,32 $;909,32 $;0,00 $;5,68 $;-491,36 $;0,00 $;100,00%;909,32 $;909,32 $;0,00 $;909,32 $;0,00 $;40,00;725,00 $;1730,00 $;820,68 $;0,06%;
11/03/2021;1;31020,80 $;309,32 $;309,32 $;0,00 $;5,68 $;-182,04 $;0,00 $;100,00%;309,32 $;309,32 $;0,00 $;309,32 $;0,00 $;30,00;395,00 $;1095,00 $;785,68 $;0,06%;
12/03/2021;1;32205,12 $;1184,32 $;1184,32 $;0,00 $;5,68 $;0,00 $;0,00 $;100,00%;1184,32 $;1184,32 $;0,00 $;1184,32 $;0,00 $;40,00;625,00 $;1310,00 $;125,68 $;0,06%;
15/03/2021;1;31899,44 $;-305,68 $;0,00 $;-305,68 $;5,68 $;-305,68 $;-305,68 $;0,00%;-305,68 $;0,00 $;-305,68 $;0,00 $;-305,68 $;40,00;740,00 $;990,00 $;1295,68 $;0,06%;
16/03/2021;1;31103,76 $;-795,68 $;0,00 $;-795,68 $;5,68 $;-1101,36 $;-795,68 $;0,00%;-795,68 $;0,00 $;-795,68 $;0,00 $;-795,68 $;15,00;790,00 $;550,00 $;1345,68 $;0,06%;
17/03/2021;1;32218,08 $;1114,32 $;1114,32 $;0,00 $;5,68 $;0,00 $;0,00 $;100,00%;1114,32 $;1114,32 $;0,00 $;1114,32 $;0,00 $;40,00;135,00 $;1535,00 $;420,68 $;0,06%;
18/03/2021;1;32887,40 $;669,32 $;669,32 $;0,00 $;5,68 $;0,00 $;0,00 $;100,00%;669,32 $;669,32 $;0,00 $;669,32 $;0,00 $;40,00;560,00 $;1220,00 $;550,68 $;0,06%;
19/03/2021;1;32361,72 $;-525,68 $;0,00 $;-525,68 $;5,68 $;-525,68 $;-525,68 $;0,00%;-525,68 $;0,00 $;-525,68 $;0,00 $;-525,68 $;40,00;1510,00 $;745,00 $;1270,68 $;0,06%;
22/03/2021;1;31641,04 $;-720,68 $;0,00 $;-720,68 $;5,68 $;-1246,36 $;-720,68 $;0,00%;-720,68 $;0,00 $;-720,68 $;0,00 $;-720,68 $;25,00;970,00 $;530,00 $;1250,68 $;0,06%;
23/03/2021;1;32235,36 $;594,32 $;594,32 $;0,00 $;5,68 $;-652,04 $;0,00 $;100,00%;594,32 $;594,32 $;0,00 $;594,32 $;0,00 $;40,00;255,00 $;1150,00 $;555,68 $;0,06%;
24/03/2021;1;31409,68 $;-825,68 $;0,00 $;-825,68 $;5,68 $;-1477,72 $;-825,68 $;0,00%;-825,68 $;0,00 $;-825,68 $;0,00 $;-825,68 $;10,00;820,00 $;60,00 $;885,68 $;0,06%;
25/03/2021;1;32904,00 $;1494,32 $;1494,32 $;0,00 $;5,68 $;0,00 $;0,00 $;100,00%;1494,32 $;1494,32 $;0,00 $;1494,32 $;0,00 $;40,00;505,00 $;1785,00 $;290,68 $;0,06%;
26/03/2021;1;31633,32 $;-1270,68 $;0,00 $;-1270,68 $;5,68 $;-1270,68 $;-1270,68 $;0,00%;-1270,68 $;0,00 $;-1270,68 $;0,00 $;-1270,68 $;25,00;1265,00 $;215,00 $;1485,68 $;0,06%;
29/03/2021;1;30472,64 $;-1160,68 $;0,00 $;-1160,68 $;5,68 $;-2431,36 $;-1160,68 $;0,00%;-1160,68 $;0,00 $;-1160,68 $;0,00 $;-1160,68 $;35,00;1155,00 $;1175,00 $;2335,68 $;0,06%;
30/03/2021;1;31401,96 $;929,32 $;929,32 $;0,00 $;5,68 $;-1502,04 $;0,00 $;100,00%;929,32 $;929,32 $;0,00 $;929,32 $;0,00 $;40,00;215,00 $;1445,00 $;515,68 $;0,06%;
31/03/2021;1;30956,28 $;-445,68 $;0,00 $;-445,68 $;5,68 $;-1947,72 $;-445,68 $;0,00%;-445,68 $;0,00 $;-445,68 $;0,00 $;-445,68 $;40,00;850,00 $;275,00 $;720,68 $;0,06%;
01/04/2021;1;30180,60 $;-775,68 $;0,00 $;-775,68 $;5,68 $;-2723,40 $;-775,68 $;0,00%;-775,68 $;0,00 $;-775,68 $;0,00 $;-775,68 $;10,00;770,00 $;225,00 $;1000,68 $;0,06%;
05/04/2021;1;29344,92 $;-835,68 $;0,00 $;-835,68 $;5,68 $;-3559,08 $;-835,68 $;0,00%;-835,68 $;0,00 $;-835,68 $;0,00 $;-835,68 $;10,00;830,00 $;295,00 $;1130,68 $;0,06%;
06/04/2021;1;30244,24 $;899,32 $;899,32 $;0,00 $;5,68 $;-2659,76 $;0,00 $;100,00%;899,32 $;899,32 $;0,00 $;899,32 $;0,00 $;25,00;255,00 $;925,00 $;25,68 $;0,06%;
07/04/2021;1;31333,56 $;1089,32 $;1089,32 $;0,00 $;5,68 $;-1570,44 $;0,00 $;100,00%;1089,32 $;1089,32 $;0,00 $;1089,32 $;0,00 $;25,00;105,00 $;1270,00 $;180,68 $;0,06%;
08/04/2021;1;30877,88 $;-455,68 $;0,00 $;-455,68 $;5,68 $;-2026,12 $;-455,68 $;0,00%;-455,68 $;0,00 $;-455,68 $;0,00 $;-455,68 $;30,00;530,00 $;460,00 $;915,68 $;0,06%;
09/04/2021;1;31432,20 $;554,32 $;554,32 $;0,00 $;5,68 $;-1471,80 $;0,00 $;100,00%;554,32 $;554,32 $;0,00 $;554,32 $;0,00 $;40,00;175,00 $;710,00 $;155,68 $;0,06%;
12/04/2021;1;30621,52 $;-810,68 $;0,00 $;-810,68 $;5,68 $;-2282,48 $;-810,68 $;0,00%;-810,68 $;0,00 $;-810,68 $;0,00 $;-810,68 $;15,00;805,00 $;515,00 $;1325,68 $;0,06%;
13/04/2021;1;30495,84 $;-125,68 $;0,00 $;-125,68 $;5,68 $;-2408,16 $;-125,68 $;0,00%;-125,68 $;0,00 $;-125,68 $;0,00 $;-125,68 $;40,00;540,00 $;180,00 $;305,68 $;0,06%;
14/04/2021;1;29910,16 $;-585,68 $;0,00 $;-585,68 $;5,68 $;-2993,84 $;-585,68 $;0,00%;-585,68 $;0,00 $;-585,68 $;0,00 $;-585,68 $;10,00;580,00 $;95,00 $;680,68 $;0,06%;
15/04/2021;1;29884,48 $;-25,68 $;0,00 $;-25,68 $;5,68 $;-3019,52 $;-25,68 $;0,00%;-25,68 $;0,00 $;-25,68 $;0,00 $;-25,68 $;25,00;460,00 $;95,00 $;120,68 $;0,06%;
16/04/2021;1;29173,80 $;-710,68 $;0,00 $;-710,68 $;5,68 $;-3730,20 $;-710,68 $;0,00%;-710,68 $;0,00 $;-710,68 $;0,00 $;-710,68 $;10,00;705,00 $;375,00 $;1085,68 $;0,06%;
19/04/2021;1;29928,12 $;754,32 $;754,32 $;0,00 $;5,68 $;-2975,88 $;0,00 $;100,00%;754,32 $;754,32 $;0,00 $;754,32 $;0,00 $;40,00;190,00 $;1115,00 $;360,68 $;0,06%;
20/04/2021;1;29087,44 $;-840,68 $;0,00 $;-840,68 $;5,68 $;-3816,56 $;-840,68 $;0,00%;-840,68 $;0,00 $;-840,68 $;0,00 $;-840,68 $;20,00;835,00 $;455,00 $;1295,68 $;0,06%;
21/04/2021;1;29376,76 $;289,32 $;289,32 $;0,00 $;5,68 $;-3527,24 $;0,00 $;100,00%;289,32 $;289,32 $;0,00 $;289,32 $;0,00 $;35,00;460,00 $;605,00 $;315,68 $;0,06%;
22/04/2021;1;29181,08 $;-195,68 $;0,00 $;-195,68 $;5,68 $;-3722,92 $;-195,68 $;0,00%;-195,68 $;0,00 $;-195,68 $;0,00 $;-195,68 $;25,00;710,00 $;200,00 $;395,68 $;0,06%;
23/04/2021;1;28845,40 $;-335,68 $;0,00 $;-335,68 $;5,68 $;-4058,60 $;-335,68 $;0,00%;-335,68 $;0,00 $;-335,68 $;0,00 $;-335,68 $;25,00;450,00 $;525,00 $;860,68 $;0,06%;
26/04/2021;1;28249,72 $;-595,68 $;0,00 $;-595,68 $;5,68 $;-4654,28 $;-595,68 $;0,00%;-595,68 $;0,00 $;-595,68 $;0,00 $;-595,68 $;20,00;590,00 $;25,00 $;620,68 $;0,06%;
27/04/2021;1;27709,04 $;-540,68 $;0,00 $;-540,68 $;5,68 $;-5194,96 $;-540,68 $;0,00%;-540,68 $;0,00 $;-540,68 $;0,00 $;-540,68 $;10,00;535,00 $;195,00 $;735,68 $;0,06%;
28/04/2021;1;28603,36 $;894,32 $;894,32 $;0,00 $;5,68 $;-4300,64 $;0,00 $;100,00%;894,32 $;894,32 $;0,00 $;894,32 $;0,00 $;5,00;65,00 $;900,00 $;5,68 $;0,06%;
29/04/2021;1;27632,68 $;-970,68 $;0,00 $;-970,68 $;5,68 $;-5271,32 $;-970,68 $;0,00%;-970,68 $;0,00 $;-970,68 $;0,00 $;-970,68 $;15,00;965,00 $;170,00 $;1140,68 $;0,06%;
30/04/2021;1;26762,00 $;-870,68 $;0,00 $;-870,68 $;5,68 $;-6142,00 $;-870,68 $;0,00%;-870,68 $;0,00 $;-870,68 $;0,00 $;-870,68 $;25,00;890,00 $;115,00 $;985,68 $;0,06%;
03/05/2021;1;27806,32 $;1044,32 $;1044,32 $;0,00 $;5,68 $;-5097,68 $;0,00 $;100,00%;1044,32 $;1044,32 $;0,00 $;1044,32 $;0,00 $;5,00;25,00 $;1050,00 $;5,68 $;0,06%;
04/05/2021;1;26360,64 $;-1445,68 $;0,00 $;-1445,68 $;5,68 $;-6543,36 $;-1445,68 $;0,00%;-1445,68 $;0,00 $;-1445,68 $;0,00 $;-1445,68 $;15,00;1440,00 $;305,00 $;1750,68 $;0,06%;
05/05/2021;1;27279,96 $;919,32 $;919,32 $;0,00 $;5,68 $;-5624,04 $;0,00 $;100,00%;919,32 $;919,32 $;0,00 $;919,32 $;0,00 $;25,00;390,00 $;1055,00 $;135,68 $;0,06%;
06/05/2021;1;27214,28 $;-65,68 $;0,00 $;-65,68 $;5,68 $;-5689,72 $;-65,68 $;0,00%;-65,68 $;0,00 $;-65,68 $;0,00 $;-65,68 $;25,00;120,00 $;1570,00 $;1635,68 $;0,06%;
07/05/2021;1;27648,60 $;434,32 $;434,32 $;0,00 $;5,68 $;-5255,40 $;0,00 $;100,00%;434,32 $;434,32 $;0,00 $;434,32 $;0,00 $;40,00;350,00 $;925,00 $;490,68 $;0,06%;
10/05/2021;1;26697,92 $;-950,68 $;0,00 $;-950,68 $;5,68 $;-6206,08 $;-950,68 $;0,00%;-950,68 $;0,00 $;-950,68 $;0,00 $;-950,68 $;10,00;945,00 $;260,00 $;1210,68 $;0,06%;
11/05/2021;1;27217,24 $;519,32 $;519,32 $;0,00 $;5,68 $;-5686,76 $;0,00 $;100,00%;519,32 $;519,32 $;0,00 $;519,32 $;0,00 $;40,00;420,00 $;2270,00 $;1750,68 $;0,06%;
12/05/2021;1;25996,56 $;-1220,68 $;0,00 $;-1220,68 $;5,68 $;-6907,44 $;-1220,68 $;0,00%;-1220,68 $;0,00 $;-1220,68 $;0,00 $;-1220,68 $;40,00;1700,00 $;655,00 $;1875,68 $;0,06%;
13/05/2021;1;25270,88 $;-725,68 $;0,00 $;-725,68 $;5,68 $;-7633,12 $;-725,68 $;0,00%;-725,68 $;0,00 $;-725,68 $;0,00 $;-725,68 $;35,00;905,00 $;725,00 $;1450,68 $;0,06%;
14/05/2021;1;24905,20 $;-365,68 $;0,00 $;-365,68 $;5,68 $;-7998,80 $;-365,68 $;0,00%;-365,68 $;0,00 $;-365,68 $;0,00 $;-365,68 $;25,00;385,00 $;810,00 $;1175,68 $;0,06%;
17/05/2021;1;24774,52 $;-130,68 $;0,00 $;-130,68 $;5,68 $;-8129,48 $;-130,68 $;0,00%;-130,68 $;0,00 $;-130,68 $;0,00 $;-130,68 $;25,00;210,00 $;1035,00 $;1165,68 $;0,06%;
18/05/2021;1;23958,84 $;-815,68 $;0,00 $;-815,68 $;5,68 $;-8945,16 $;-815,68 $;0,00%;-815,68 $;0,00 $;-815,68 $;0,00 $;-815,68 $;25,00;810,00 $;190,00 $;1005,68 $;0,06%;
19/05/2021;1;26083,16 $;2124,32 $;2124,32 $;0,00 $;5,68 $;-6820,84 $;0,00 $;100,00%;2124,32 $;2124,32 $;0,00 $;2124,32 $;0,00 $;30,00;20,00 $;2130,00 $;5,68 $;0,06%;
20/05/2021;1;25177,48 $;-905,68 $;0,00 $;-905,68 $;5,68 $;-7726,52 $;-905,68 $;0,00%;-905,68 $;0,00 $;-905,68 $;0,00 $;-905,68 $;15,00;900,00 $;240,00 $;1145,68 $;0,06%;
21/05/2021;1;26431,80 $;1254,32 $;1254,32 $;0,00 $;5,68 $;-6472,20 $;0,00 $;100,00%;1254,32 $;1254,32 $;0,00 $;1254,32 $;0,00 $;15,00;355,00 $;1260,00 $;5,68 $;0,06%;
24/05/2021;1;25811,12 $;-620,68 $;0,00 $;-620,68 $;5,68 $;-7092,88 $;-620,68 $;0,00%;-620,68 $;0,00 $;-620,68 $;0,00 $;-620,68 $;10,00;615,00 $;90,00 $;710,68 $;0,06%;
25/05/2021;1;24995,44 $;-815,68 $;0,00 $;-815,68 $;5,68 $;-7908,56 $;-815,68 $;0,00%;-815,68 $;0,00 $;-815,68 $;0,00 $;-815,68 $;25,00;820,00 $;360,00 $;1175,68 $;0,06%;
26/05/2021;1;24569,76 $;-425,68 $;0,00 $;-425,68 $;5,68 $;-8334,24 $;-425,68 $;0,00%;-425,68 $;0,00 $;-425,68 $;0,00 $;-425,68 $;40,00;595,00 $;340,00 $;765,68 $;0,06%;
27/05/2021;1;25254,08 $;684,32 $;684,32 $;0,00 $;5,68 $;-7649,92 $;0,00 $;100,00%;684,32 $;684,32 $;0,00 $;684,32 $;0,00 $;40,00;175,00 $;920,00 $;235,68 $;0,06%;
28/05/2021;1;24888,40 $;-365,68 $;0,00 $;-365,68 $;5,68 $;-8015,60 $;-365,68 $;0,00%;-365,68 $;0,00 $;-365,68 $;0,00 $;-365,68 $;25,00;380,00 $;30,00 $;395,68 $;0,06%;
31/05/2021;1;24822,72 $;-65,68 $;0,00 $;-65,68 $;5,68 $;-8081,28 $;-65,68 $;0,00%;-65,68 $;0,00 $;-65,68 $;0,00 $;-65,68 $;35,00;95,00 $;90,00 $;155,68 $;0,06%;
01/06/2021;1;25512,04 $;689,32 $;689,32 $;0,00 $;5,68 $;-7391,96 $;0,00 $;100,00%;689,32 $;689,32 $;0,00 $;689,32 $;0,00 $;20,00;420,00 $;695,00 $;5,68 $;0,06%;
02/06/2021;1;25491,36 $;-20,68 $;0,00 $;-20,68 $;5,68 $;-7412,64 $;-20,68 $;0,00%;-20,68 $;0,00 $;-20,68 $;0,00 $;-20,68 $;25,00;605,00 $;395,00 $;415,68 $;0,06%;
03/06/2021;1;26935,68 $;1444,32 $;1444,32 $;0,00 $;5,68 $;-5968,32 $;0,00 $;100,00%;1444,32 $;1444,32 $;0,00 $;1444,32 $;0,00 $;15,00;285,00 $;1450,00 $;5,68 $;0,06%;
04/06/2021;1;25615,00 $;-1320,68 $;0,00 $;-1320,68 $;5,68 $;-7289,00 $;-1320,68 $;0,00%;-1320,68 $;0,00 $;-1320,68 $;0,00 $;-1320,68 $;20,00;1315,00 $;100,00 $;1420,68 $;0,06%;
07/06/2021;1;26014,32 $;399,32 $;399,32 $;0,00 $;5,68 $;-6889,68 $;0,00 $;100,00%;399,32 $;399,32 $;0,00 $;399,32 $;0,00 $;40,00;275,00 $;600,00 $;200,68 $;0,06%;
08/06/2021;1;25263,64 $;-750,68 $;0,00 $;-750,68 $;5,68 $;-7640,36 $;-750,68 $;0,00%;-750,68 $;0,00 $;-750,68 $;0,00 $;-750,68 $;40,00;960,00 $;130,00 $;880,68 $;0,06%;
09/06/2021;1;24612,96 $;-650,68 $;0,00 $;-650,68 $;5,68 $;-8291,04 $;-650,68 $;0,00%;-650,68 $;0,00 $;-650,68 $;0,00 $;-650,68 $;20,00;645,00 $;200,00 $;850,68 $;0,06%;
10/06/2021;1;23067,28 $;-1545,68 $;0,00 $;-1545,68 $;5,68 $;-9836,72 $;-1545,68 $;0,00%;-1545,68 $;0,00 $;-1545,68 $;0,00 $;-1545,68 $;20,00;1540,00 $;575,00 $;2120,68 $;0,06%;
11/06/2021;1;23221,60 $;154,32 $;154,32 $;0,00 $;5,68 $;-9682,40 $;0,00 $;100,00%;154,32 $;154,32 $;0,00 $;154,32 $;0,00 $;30,00;375,00 $;530,00 $;375,68 $;0,06%;
14/06/2021;1;22740,92 $;-480,68 $;0,00 $;-480,68 $;5,68 $;-10163,08 $;-480,68 $;0,00%;-480,68 $;0,00 $;-480,68 $;0,00 $;-480,68 $;10,00;475,00 $;155,00 $;635,68 $;0,06%;
15/06/2021;1;22085,24 $;-655,68 $;0,00 $;-655,68 $;5,68 $;-10818,76 $;-655,68 $;0,00%;-655,68 $;0,00 $;-655,68 $;0,00 $;-655,68 $;10,00;650,00 $;120,00 $;775,68 $;0,06%;
16/06/2021;1;21649,56 $;-435,68 $;0,00 $;-435,68 $;5,68 $;-11254,44 $;-435,68 $;0,00%;-435,68 $;0,00 $;-435,68 $;0,00 $;-435,68 $;10,00;430,00 $;75,00 $;510,68 $;0,06%;
17/06/2021;1;20623,88 $;-1025,68 $;0,00 $;-1025,68 $;5,68 $;-12280,12 $;-1025,68 $;0,00%;-1025,68 $;0,00 $;-1025,68 $;0,00 $;-1025,68 $;15,00;1020,00 $;90,00 $;1115,68 $;0,06%;
18/06/2021;1;20663,20 $;39,32 $;39,32 $;0,00 $;5,68 $;-12240,80 $;0,00 $;100,00%;39,32 $;39,32 $;0,00 $;39,32 $;0,00 $;25,00;790,00 $;730,00 $;690,68 $;0,06%;
21/06/2021;1;19782,52 $;-880,68 $;0,00 $;-880,68 $;5,68 $;-13121,48 $;-880,68 $;0,00%;-880,68 $;0,00 $;-880,68 $;0,00 $;-880,68 $;0,00;875,00 $;0,00 $;880,68 $;0,06%;
22/06/2021;1;20236,84 $;454,32 $;454,32 $;0,00 $;5,68 $;-12667,16 $;0,00 $;100,00%;454,32 $;454,32 $;0,00 $;454,32 $;0,00 $;30,00;250,00 $;1135,00 $;680,68 $;0,06%;
23/06/2021;1;21151,16 $;914,32 $;914,32 $;0,00 $;5,68 $;-11752,84 $;0,00 $;100,00%;914,32 $;914,32 $;0,00 $;914,32 $;0,00 $;25,00;80,00 $;920,00 $;5,68 $;0,06%;
24/06/2021;1;20800,48 $;-350,68 $;0,00 $;-350,68 $;5,68 $;-12103,52 $;-350,68 $;0,00%;-350,68 $;0,00 $;-350,68 $;0,00 $;-350,68 $;25,00;535,00 $;0,00 $;350,68 $;0,06%;
25/06/2021;1;20654,80 $;-145,68 $;0,00 $;-145,68 $;5,68 $;-12249,20 $;-145,68 $;0,00%;-145,68 $;0,00 $;-145,68 $;0,00 $;-145,68 $;40,00;295,00 $;445,00 $;590,68 $;0,06%;
28/06/2021;1;20174,12 $;-480,68 $;0,00 $;-480,68 $;5,68 $;-12729,88 $;-480,68 $;0,00%;-480,68 $;0,00 $;-480,68 $;0,00 $;-480,68 $;10,00;475,00 $;65,00 $;545,68 $;0,06%;
29/06/2021;1;19638,44 $;-535,68 $;0,00 $;-535,68 $;5,68 $;-13265,56 $;-535,68 $;0,00%;-535,68 $;0,00 $;-535,68 $;0,00 $;-535,68 $;10,00;530,00 $;525,00 $;1060,68 $;0,06%;
30/06/2021;1;19662,76 $;24,32 $;24,32 $;0,00 $;5,68 $;-13241,24 $;0,00 $;100,00%;24,32 $;24,32 $;0,00 $;24,32 $;0,00 $;25,00;280,00 $;775,00 $;750,68 $;0,06%;
01/07/2021;1;19952,08 $;289,32 $;289,32 $;0,00 $;5,68 $;-12951,92 $;0,00 $;100,00%;289,32 $;289,32 $;0,00 $;289,32 $;0,00 $;30,00;250,00 $;845,00 $;555,68 $;0,06%;
02/07/2021;1;19761,40 $;-190,68 $;0,00 $;-190,68 $;5,68 $;-13142,60 $;-190,68 $;0,00%;-190,68 $;0,00 $;-190,68 $;0,00 $;-190,68 $;40,00;425,00 $;495,00 $;685,68 $;0,06%;
06/07/2021;1;19625,72 $;-135,68 $;0,00 $;-135,68 $;5,68 $;-13278,28 $;-135,68 $;0,00%;-135,68 $;0,00 $;-135,68 $;0,00 $;-135,68 $;35,00;540,00 $;175,00 $;310,68 $;0,06%;
07/07/2021;1;20550,04 $;924,32 $;924,32 $;0,00 $;5,68 $;-12353,96 $;0,00 $;100,00%;924,32 $;924,32 $;0,00 $;924,32 $;0,00 $;0,00;0,00 $;930,00 $;5,68 $;0,06%;
08/07/2021;1;19979,36 $;-570,68 $;0,00 $;-570,68 $;5,68 $;-12924,64 $;-570,68 $;0,00%;-570,68 $;0,00 $;-570,68 $;0,00 $;-570,68 $;40,00;640,00 $;1380,00 $;1950,68 $;0,06%;
09/07/2021;1;20333,68 $;354,32 $;354,32 $;0,00 $;5,68 $;-12570,32 $;0,00 $;100,00%;354,32 $;354,32 $;0,00 $;354,32 $;0,00 $;40,00;525,00 $;615,00 $;260,68 $;0,06%;
12/07/2021;1;21233,00 $;899,32 $;899,32 $;0,00 $;5,68 $;-11671,00 $;0,00 $;100,00%;899,32 $;899,32 $;0,00 $;899,32 $;0,00 $;20,00;270,00 $;905,00 $;5,68 $;0,06%;
13/07/2021;1;21032,32 $;-200,68 $;0,00 $;-200,68 $;5,68 $;-11871,68 $;-200,68 $;0,00%;-200,68 $;0,00 $;-200,68 $;0,00 $;-200,68 $;40,00;645,00 $;130,00 $;330,68 $;0,06%;
14/07/2021;1;21791,64 $;759,32 $;759,32 $;0,00 $;5,68 $;-11112,36 $;0,00 $;100,00%;759,32 $;759,32 $;0,00 $;759,32 $;0,00 $;25,00;120,00 $;970,00 $;210,68 $;0,06%;
15/07/2021;1;22945,96 $;1154,32 $;1154,32 $;0,00 $;5,68 $;-9958,04 $;0,00 $;100,00%;1154,32 $;1154,32 $;0,00 $;1154,32 $;0,00 $;25,00;775,00 $;1225,00 $;70,68 $;0,06%;
16/07/2021;1;23570,28 $;624,32 $;624,32 $;0,00 $;5,68 $;-9333,72 $;0,00 $;100,00%;624,32 $;624,32 $;0,00 $;624,32 $;0,00 $;40,00;425,00 $;910,00 $;285,68 $;0,06%;
19/07/2021;1;23229,60 $;-340,68 $;0,00 $;-340,68 $;5,68 $;-9674,40 $;-340,68 $;0,00%;-340,68 $;0,00 $;-340,68 $;0,00 $;-340,68 $;25,00;580,00 $;1465,00 $;1805,68 $;0,06%;
20/07/2021;1;22363,92 $;-865,68 $;0,00 $;-865,68 $;5,68 $;-10540,08 $;-865,68 $;0,00%;-865,68 $;0,00 $;-865,68 $;0,00 $;-865,68 $;15,00;860,00 $;360,00 $;1225,68 $;0,06%;
21/07/2021;1;21603,24 $;-760,68 $;0,00 $;-760,68 $;5,68 $;-11300,76 $;-760,68 $;0,00%;-760,68 $;0,00 $;-760,68 $;0,00 $;-760,68 $;25,00;790,00 $;80,00 $;840,68 $;0,06%;
22/07/2021;1;21397,56 $;-205,68 $;0,00 $;-205,68 $;5,68 $;-11506,44 $;-205,68 $;0,00%;-205,68 $;0,00 $;-205,68 $;0,00 $;-205,68 $;25,00;530,00 $;220,00 $;425,68 $;0,06%;
23/07/2021;1;21916,88 $;519,32 $;519,32 $;0,00 $;5,68 $;-10987,12 $;0,00 $;100,00%;519,32 $;519,32 $;0,00 $;519,32 $;0,00 $;25,00;320,00 $;750,00 $;230,68 $;0,06%;
26/07/2021;1;22921,20 $;1004,32 $;1004,32 $;0,00 $;5,68 $;-9982,80 $;0,00 $;100,00%;1004,32 $;1004,32 $;0,00 $;1004,32 $;0,00 $;25,00;100,00 $;1050,00 $;45,68 $;0,06%;
27/07/2021;1;22370,52 $;-550,68 $;0,00 $;-550,68 $;5,68 $;-10533,48 $;-550,68 $;0,00%;-550,68 $;0,00 $;-550,68 $;0,00 $;-550,68 $;10,00;545,00 $;60,00 $;610,68 $;0,06%;
28/07/2021;1;22674,84 $;304,32 $;304,32 $;0,00 $;5,68 $;-10229,16 $;0,00 $;100,00%;304,32 $;304,32 $;0,00 $;304,32 $;0,00 $;40,00;405,00 $;1135,00 $;830,68 $;0,06%;
29/07/2021;1;23684,16 $;1009,32 $;1009,32 $;0,00 $;5,68 $;-9219,84 $;0,00 $;100,00%;1009,32 $;1009,32 $;0,00 $;1009,32 $;0,00 $;5,00;20,00 $;1015,00 $;5,68 $;0,06%;
30/07/2021;1;22588,48 $;-1095,68 $;0,00 $;-1095,68 $;5,68 $;-10315,52 $;-1095,68 $;0,00%;-1095,68 $;0,00 $;-1095,68 $;0,00 $;-1095,68 $;20,00;1090,00 $;160,00 $;1255,68 $;0,06%;
02/08/2021;1;23517,80 $;929,32 $;929,32 $;0,00 $;5,68 $;-9386,20 $;0,00 $;100,00%;929,32 $;929,32 $;0,00 $;929,32 $;0,00 $;10,00;300,00 $;935,00 $;5,68 $;0,06%;
03/08/2021;1;24242,12 $;724,32 $;724,32 $;0,00 $;5,68 $;-8661,88 $;0,00 $;100,00%;724,32 $;724,32 $;0,00 $;724,32 $;0,00 $;30,00;435,00 $;730,00 $;5,68 $;0,06%;
04/08/2021;1;23976,44 $;-265,68 $;0,00 $;-265,68 $;5,68 $;-8927,56 $;-265,68 $;0,00%;-265,68 $;0,00 $;-265,68 $;0,00 $;-265,68 $;25,00;520,00 $;500,00 $;765,68 $;0,06%;
05/08/2021;1;24470,76 $;494,32 $;494,32 $;0,00 $;5,68 $;-8433,24 $;0,00 $;100,00%;494,32 $;494,32 $;0,00 $;494,32 $;0,00 $;25,00;250,00 $;580,00 $;85,68 $;0,06%;
06/08/2021;1;24945,08 $;474,32 $;474,32 $;0,00 $;5,68 $;-7958,92 $;0,00 $;100,00%;474,32 $;474,32 $;0,00 $;474,32 $;0,00 $;40,00;160,00 $;485,00 $;10,68 $;0,06%;
09/08/2021;1;24459,40 $;-485,68 $;0,00 $;-485,68 $;5,68 $;-8444,60 $;-485,68 $;0,00%;-485,68 $;0,00 $;-485,68 $;0,00 $;-485,68 $;15,00;480,00 $;655,00 $;1140,68 $;0,06%;
10/08/2021;1;24708,72 $;249,32 $;249,32 $;0,00 $;5,68 $;-8195,28 $;0,00 $;100,00%;249,32 $;249,32 $;0,00 $;249,32 $;0,00 $;25,00;355,00 $;365,00 $;115,68 $;0,06%;
11/08/2021;1;25753,04 $;1044,32 $;1044,32 $;0,00 $;5,68 $;-7150,96 $;0,00 $;100,00%;1044,32 $;1044,32 $;0,00 $;1044,32 $;0,00 $;25,00;100,00 $;1250,00 $;205,68 $;0,06%;
12/08/2021;1;25027,36 $;-725,68 $;0,00 $;-725,68 $;5,68 $;-7876,64 $;-725,68 $;0,00%;-725,68 $;0,00 $;-725,68 $;0,00 $;-725,68 $;10,00;720,00 $;15,00 $;740,68 $;0,06%;
13/08/2021;1;24826,68 $;-200,68 $;0,00 $;-200,68 $;5,68 $;-8077,32 $;-200,68 $;0,00%;-200,68 $;0,00 $;-200,68 $;0,00 $;-200,68 $;40,00;375,00 $;430,00 $;630,68 $;0,06%;
16/08/2021;1;24286,00 $;-540,68 $;0,00 $;-540,68 $;5,68 $;-8618,00 $;-540,68 $;0,00%;-540,68 $;0,00 $;-540,68 $;0,00 $;-540,68 $;15,00;535,00 $;30,00 $;570,68 $;0,06%;
17/08/2021;1;23420,32 $;-865,68 $;0,00 $;-865,68 $;5,68 $;-9483,68 $;-865,68 $;0,00%;-865,68 $;0,00 $;-865,68 $;0,00 $;-865,68 $;10,00;860,00 $;95,00 $;960,68 $;0,06%;
18/08/2021;1;24434,64 $;1014,32 $;1014,32 $;0,00 $;5,68 $;-8469,36 $;0,00 $;100,00%;1014,32 $;1014,32 $;0,00 $;1014,32 $;0,00 $;35,00;260,00 $;1020,00 $;5,68 $;0,06%;
19/08/2021;1;24073,96 $;-360,68 $;0,00 $;-360,68 $;5,68 $;-8830,04 $;-360,68 $;0,00%;-360,68 $;0,00 $;-360,68 $;0,00 $;-360,68 $;40,00;1025,00 $;415,00 $;775,68 $;0,06%;
20/08/2021;1;23223,28 $;-850,68 $;0,00 $;-850,68 $;5,68 $;-9680,72 $;-850,68 $;0,00%;-850,68 $;0,00 $;-850,68 $;0,00 $;-850,68 $;25,00;845,00 $;285,00 $;1135,68 $;0,06%;
23/08/2021;1;22652,60 $;-570,68 $;0,00 $;-570,68 $;5,68 $;-10251,40 $;-570,68 $;0,00%;-570,68 $;0,00 $;-570,68 $;0,00 $;-570,68 $;0,00;565,00 $;0,00 $;570,68 $;0,06%;
24/08/2021;1;22661,92 $;9,32 $;9,32 $;0,00 $;5,68 $;-10242,08 $;0,00 $;100,00%;9,32 $;9,32 $;0,00 $;9,32 $;0,00 $;30,00;410,00 $;405,00 $;395,68 $;0,06%;
25/08/2021;1;22171,24 $;-490,68 $;0,00 $;-490,68 $;5,68 $;-10732,76 $;-490,68 $;0,00%;-490,68 $;0,00 $;-490,68 $;0,00 $;-490,68 $;5,00;485,00 $;95,00 $;585,68 $;0,06%;
26/08/2021;1;22530,56 $;359,32 $;359,32 $;0,00 $;5,68 $;-10373,44 $;0,00 $;100,00%;359,32 $;359,32 $;0,00 $;359,32 $;0,00 $;25,00;185,00 $;375,00 $;15,68 $;0,06%;
27/08/2021;1;22519,88 $;-10,68 $;0,00 $;-10,68 $;5,68 $;-10384,12 $;-10,68 $;0,00%;-10,68 $;0,00 $;-10,68 $;0,00 $;-10,68 $;40,00;465,00 $;500,00 $;510,68 $;0,06%;
30/08/2021;1;22189,20 $;-330,68 $;0,00 $;-330,68 $;5,68 $;-10714,80 $;-330,68 $;0,00%;-330,68 $;0,00 $;-330,68 $;0,00 $;-330,68 $;0,00;325,00 $;0,00 $;330,68 $;0,06%;
31/08/2021;1;23358,52 $;1169,32 $;1169,32 $;0,00 $;5,68 $;-9545,48 $;0,00 $;100,00%;1169,32 $;1169,32 $;0,00 $;1169,32 $;0,00 $;0,00;0,00 $;1175,00 $;5,68 $;0,06%;
01/09/2021;1;22577,84 $;-780,68 $;0,00 $;-780,68 $;5,68 $;-10326,16 $;-780,68 $;0,00%;-780,68 $;0,00 $;-780,68 $;0,00 $;-780,68 $;15,00;775,00 $;165,00 $;945,68 $;0,06%;
02/09/2021;1;22942,16 $;364,32 $;364,32 $;0,00 $;5,68 $;-9961,84 $;0,00 $;100,00%;364,32 $;364,32 $;0,00 $;364,32 $;0,00 $;30,00;275,00 $;505,00 $;140,68 $;0,06%;
03/09/2021;1;24276,48 $;1334,32 $;1334,32 $;0,00 $;5,68 $;-8627,52 $;0,00 $;100,00%;1334,32 $;1334,32 $;0,00 $;1334,32 $;0,00 $;35,00;425,00 $;1405,00 $;70,68 $;0,06%;
06/09/2021;1;24295,80 $;19,32 $;19,32 $;0,00 $;5,68 $;-8608,20 $;0,00 $;100,00%;19,32 $;19,32 $;0,00 $;19,32 $;0,00 $;40,00;10,00 $;160,00 $;140,68 $;0,06%;
07/09/2021;1;23805,12 $;-490,68 $;0,00 $;-490,68 $;5,68 $;-9098,88 $;-490,68 $;0,00%;-490,68 $;0,00 $;-490,68 $;0,00 $;-490,68 $;30,00;485,00 $;590,00 $;1080,68 $;0,06%;
08/09/2021;1;23929,44 $;124,32 $;124,32 $;0,00 $;5,68 $;-8974,56 $;0,00 $;100,00%;124,32 $;124,32 $;0,00 $;124,32 $;0,00 $;25,00;330,00 $;245,00 $;120,68 $;0,06%;
09/09/2021;1;23298,76 $;-630,68 $;0,00 $;-630,68 $;5,68 $;-9605,24 $;-630,68 $;0,00%;-630,68 $;0,00 $;-630,68 $;0,00 $;-630,68 $;15,00;625,00 $;145,00 $;775,68 $;0,06%;
10/09/2021;1;22923,08 $;-375,68 $;0,00 $;-375,68 $;5,68 $;-9980,92 $;-375,68 $;0,00%;-375,68 $;0,00 $;-375,68 $;0,00 $;-375,68 $;0,00;370,00 $;0,00 $;375,68 $;0,06%;
13/09/2021;1;22447,40 $;-475,68 $;0,00 $;-475,68 $;5,68 $;-10456,60 $;-475,68 $;0,00%;-475,68 $;0,00 $;-475,68 $;0,00 $;-475,68 $;10,00;470,00 $;20,00 $;495,68 $;0,06%;
14/09/2021;1;23611,72 $;1164,32 $;1164,32 $;0,00 $;5,68 $;-9292,28 $;0,00 $;100,00%;1164,32 $;1164,32 $;0,00 $;1164,32 $;0,00 $;25,00;550,00 $;1260,00 $;95,68 $;0,06%;
15/09/2021;1;22676,04 $;-935,68 $;0,00 $;-935,68 $;5,68 $;-10227,96 $;-935,68 $;0,00%;-935,68 $;0,00 $;-935,68 $;0,00 $;-935,68 $;5,00;930,00 $;110,00 $;1045,68 $;0,06%;
16/09/2021;1;24160,36 $;1484,32 $;1484,32 $;0,00 $;5,68 $;-8743,64 $;0,00 $;100,00%;1484,32 $;1484,32 $;0,00 $;1484,32 $;0,00 $;15,00;175,00 $;1490,00 $;5,68 $;0,06%;
17/09/2021;1;23184,68 $;-975,68 $;0,00 $;-975,68 $;5,68 $;-9719,32 $;-975,68 $;0,00%;-975,68 $;0,00 $;-975,68 $;0,00 $;-975,68 $;15,00;970,00 $;0,00 $;975,68 $;0,06%;
20/09/2021;1;23539,00 $;354,32 $;354,32 $;0,00 $;5,68 $;-9365,00 $;0,00 $;100,00%;354,32 $;354,32 $;0,00 $;354,32 $;0,00 $;25,00;165,00 $;1250,00 $;895,68 $;0,06%;
21/09/2021;1;23548,32 $;9,32 $;9,32 $;0,00 $;5,68 $;-9355,68 $;0,00 $;100,00%;9,32 $;9,32 $;0,00 $;9,32 $;0,00 $;40,00;760,00 $;1300,00 $;1290,68 $;0,06%;
22/09/2021;1;22792,64 $;-755,68 $;0,00 $;-755,68 $;5,68 $;-10111,36 $;-755,68 $;0,00%;-755,68 $;0,00 $;-755,68 $;0,00 $;-755,68 $;10,00;750,00 $;205,00 $;960,68 $;0,06%;
23/09/2021;1;24501,96 $;1709,32 $;1709,32 $;0,00 $;5,68 $;-8402,04 $;0,00 $;100,00%;1709,32 $;1709,32 $;0,00 $;1709,32 $;0,00 $;30,00;290,00 $;1715,00 $;5,68 $;0,06%;
24/09/2021;1;23996,28 $;-505,68 $;0,00 $;-505,68 $;5,68 $;-8907,72 $;-505,68 $;0,00%;-505,68 $;0,00 $;-505,68 $;0,00 $;-505,68 $;25,00;600,00 $;500,00 $;1005,68 $;0,06%;
27/09/2021;1;23400,60 $;-595,68 $;0,00 $;-595,68 $;5,68 $;-9503,40 $;-595,68 $;0,00%;-595,68 $;0,00 $;-595,68 $;0,00 $;-595,68 $;25,00;1375,00 $;95,00 $;690,68 $;0,06%;
28/09/2021;1;24634,92 $;1234,32 $;1234,32 $;0,00 $;5,68 $;-8269,08 $;0,00 $;100,00%;1234,32 $;1234,32 $;0,00 $;1234,32 $;0,00 $;40,00;320,00 $;2120,00 $;885,68 $;0,06%;
29/09/2021;1;26379,24 $;1744,32 $;1744,32 $;0,00 $;5,68 $;-6524,76 $;0,00 $;100,00%;1744,32 $;1744,32 $;0,00 $;1744,32 $;0,00 $;35,00;530,00 $;1750,00 $;5,68 $;0,06%;
30/09/2021;1;27933,56 $;1554,32 $;1554,32 $;0,00 $;5,68 $;-4970,44 $;0,00 $;100,00%;1554,32 $;1554,32 $;0,00 $;1554,32 $;0,00 $;15,00;170,00 $;1560,00 $;5,68 $;0,06%;
01/10/2021;1;26947,88 $;-985,68 $;0,00 $;-985,68 $;5,68 $;-5956,12 $;-985,68 $;0,00%;-985,68 $;0,00 $;-985,68 $;0,00 $;-985,68 $;25,00;1440,00 $;595,00 $;1580,68 $;0,06%;
04/10/2021;1;25817,20 $;-1130,68 $;0,00 $;-1130,68 $;5,68 $;-7086,80 $;-1130,68 $;0,00%;-1130,68 $;0,00 $;-1130,68 $;0,00 $;-1130,68 $;5,00;1125,00 $;45,00 $;1175,68 $;0,06%;
05/10/2021;1;27176,52 $;1359,32 $;1359,32 $;0,00 $;5,68 $;-5727,48 $;0,00 $;100,00%;1359,32 $;1359,32 $;0,00 $;1359,32 $;0,00 $;30,00;285,00 $;1365,00 $;5,68 $;0,06%;
06/10/2021;1;25870,84 $;-1305,68 $;0,00 $;-1305,68 $;5,68 $;-7033,16 $;-1305,68 $;0,00%;-1305,68 $;0,00 $;-1305,68 $;0,00 $;-1305,68 $;15,00;1300,00 $;475,00 $;1780,68 $;0,06%;
07/10/2021;1;27000,16 $;1129,32 $;1129,32 $;0,00 $;5,68 $;-5903,84 $;0,00 $;100,00%;1129,32 $;1129,32 $;0,00 $;1129,32 $;0,00 $;15,00;615,00 $;1135,00 $;5,68 $;0,06%;
08/10/2021;1;26589,48 $;-410,68 $;0,00 $;-410,68 $;5,68 $;-6314,52 $;-410,68 $;0,00%;-410,68 $;0,00 $;-410,68 $;0,00 $;-410,68 $;25,00;475,00 $;1090,00 $;1500,68 $;0,06%;
11/10/2021;1;25658,80 $;-930,68 $;0,00 $;-930,68 $;5,68 $;-7245,20 $;-930,68 $;0,00%;-930,68 $;0,00 $;-930,68 $;0,00 $;-930,68 $;15,00;925,00 $;525,00 $;1455,68 $;0,06%;
12/10/2021;1;24658,12 $;-1000,68 $;0,00 $;-1000,68 $;5,68 $;-8245,88 $;-1000,68 $;0,00%;-1000,68 $;0,00 $;-1000,68 $;0,00 $;-1000,68 $;40,00;1120,00 $;295,00 $;1295,68 $;0,06%;
13/10/2021;1;25157,44 $;499,32 $;499,32 $;0,00 $;5,68 $;-7746,56 $;0,00 $;100,00%;499,32 $;499,32 $;0,00 $;499,32 $;0,00 $;35,00;780,00 $;935,00 $;435,68 $;0,06%;
14/10/2021;1;26076,76 $;919,32 $;919,32 $;0,00 $;5,68 $;-6827,24 $;0,00 $;100,00%;919,32 $;919,32 $;0,00 $;919,32 $;0,00 $;25,00;165,00 $;1175,00 $;255,68 $;0,06%;
15/10/2021;1;26276,08 $;199,32 $;199,32 $;0,00 $;5,68 $;-6627,92 $;0,00 $;100,00%;199,32 $;199,32 $;0,00 $;199,32 $;0,00 $;40,00;370,00 $;630,00 $;430,68 $;0,06%;
18/10/2021;1;25865,40 $;-410,68 $;0,00 $;-410,68 $;5,68 $;-7038,60 $;-410,68 $;0,00%;-410,68 $;0,00 $;-410,68 $;0,00 $;-410,68 $;40,00;470,00 $;450,00 $;860,68 $;0,06%;
19/10/2021;1;25249,72 $;-615,68 $;0,00 $;-615,68 $;5,68 $;-7654,28 $;-615,68 $;0,00%;-615,68 $;0,00 $;-615,68 $;0,00 $;-615,68 $;15,00;610,00 $;80,00 $;695,68 $;0,06%;
20/10/2021;1;25379,04 $;129,32 $;129,32 $;0,00 $;5,68 $;-7524,96 $;0,00 $;100,00%;129,32 $;129,32 $;0,00 $;129,32 $;0,00 $;25,00;525,00 $;310,00 $;180,68 $;0,06%;
21/10/2021;1;24573,36 $;-805,68 $;0,00 $;-805,68 $;5,68 $;-8330,64 $;-805,68 $;0,00%;-805,68 $;0,00 $;-805,68 $;0,00 $;-805,68 $;15,00;800,00 $;35,00 $;840,68 $;0,06%;
22/10/2021;1;23987,68 $;-585,68 $;0,00 $;-585,68 $;5,68 $;-8916,32 $;-585,68 $;0,00%;-585,68 $;0,00 $;-585,68 $;0,00 $;-585,68 $;25,00;580,00 $;785,00 $;1370,68 $;0,06%;
25/10/2021;1;23387,00 $;-600,68 $;0,00 $;-600,68 $;5,68 $;-9517,00 $;-600,68 $;0,00%;-600,68 $;0,00 $;-600,68 $;0,00 $;-600,68 $;10,00;595,00 $;25,00 $;625,68 $;0,06%;
26/10/2021;1;22886,32 $;-500,68 $;0,00 $;-500,68 $;5,68 $;-10017,68 $;-500,68 $;0,00%;-500,68 $;0,00 $;-500,68 $;0,00 $;-500,68 $;0,00;495,00 $;0,00 $;500,68 $;0,06%;
27/10/2021;1;22060,64 $;-825,68 $;0,00 $;-825,68 $;5,68 $;-10843,36 $;-825,68 $;0,00%;-825,68 $;0,00 $;-825,68 $;0,00 $;-825,68 $;20,00;820,00 $;410,00 $;1235,68 $;0,06%;
28/10/2021;1;21574,96 $;-485,68 $;0,00 $;-485,68 $;5,68 $;-11329,04 $;-485,68 $;0,00%;-485,68 $;0,00 $;-485,68 $;0,00 $;-485,68 $;35,00;1175,00 $;35,00 $;520,68 $;0,06%;
29/10/2021;1;21324,28 $;-250,68 $;0,00 $;-250,68 $;5,68 $;-11579,72 $;-250,68 $;0,00%;-250,68 $;0,00 $;-250,68 $;0,00 $;-250,68 $;40,00;540,00 $;230,00 $;480,68 $;0,06%;
01/11/2021;1;20733,60 $;-590,68 $;0,00 $;-590,68 $;5,68 $;-12170,40 $;-590,68 $;0,00%;-590,68 $;0,00 $;-590,68 $;0,00 $;-590,68 $;5,00;585,00 $;210,00 $;800,68 $;0,06%;
02/11/2021;1;20092,92 $;-640,68 $;0,00 $;-640,68 $;5,68 $;-12811,08 $;-640,68 $;0,00%;-640,68 $;0,00 $;-640,68 $;0,00 $;-640,68 $;0,00;635,00 $;0,00 $;640,68 $;0,06%;
03/11/2021;1;20127,24 $;34,32 $;34,32 $;0,00 $;5,68 $;-12776,76 $;0,00 $;100,00%;34,32 $;34,32 $;0,00 $;34,32 $;0,00 $;25,00;510,00 $;320,00 $;285,68 $;0,06%;
04/11/2021;1;21136,56 $;1009,32 $;1009,32 $;0,00 $;5,68 $;-11767,44 $;0,00 $;100,00%;1009,32 $;1009,32 $;0,00 $;1009,32 $;0,00 $;10,00;155,00 $;1015,00 $;5,68 $;0,06%;
05/11/2021;1;20860,88 $;-275,68 $;0,00 $;-275,68 $;5,68 $;-12043,12 $;-275,68 $;0,00%;-275,68 $;0,00 $;-275,68 $;0,00 $;-275,68 $;40,00;910,00 $;565,00 $;840,68 $;0,06%;
08/11/2021;1;21770,20 $;909,32 $;909,32 $;0,00 $;5,68 $;-11133,80 $;0,00 $;100,00%;909,32 $;909,32 $;0,00 $;909,32 $;0,00 $;30,00;585,00 $;915,00 $;5,68 $;0,06%;
09/11/2021;1;22899,52 $;1129,32 $;1129,32 $;0,00 $;5,68 $;-10004,48 $;0,00 $;100,00%;1129,32 $;1129,32 $;0,00 $;1129,32 $;0,00 $;15,00;325,00 $;1135,00 $;5,68 $;0,06%;
10/11/2021;1;25053,84 $;2154,32 $;2154,32 $;0,00 $;5,68 $;-7850,16 $;0,00 $;100,00%;2154,32 $;2154,32 $;0,00 $;2154,32 $;0,00 $;25,00;75,00 $;2290,00 $;135,68 $;0,06%;
11/11/2021;1;25193,16 $;139,32 $;139,32 $;0,00 $;5,68 $;-7710,84 $;0,00 $;100,00%;139,32 $;139,32 $;0,00 $;139,32 $;0,00 $;25,00;690,00 $;385,00 $;245,68 $;0,06%;
12/11/2021;1;26002,48 $;809,32 $;809,32 $;0,00 $;5,68 $;-6901,52 $;0,00 $;100,00%;809,32 $;809,32 $;0,00 $;809,32 $;0,00 $;15,00;5,00 $;815,00 $;5,68 $;0,06%;
15/11/2021;1;25221,80 $;-780,68 $;0,00 $;-780,68 $;5,68 $;-7682,20 $;-780,68 $;0,00%;-780,68 $;0,00 $;-780,68 $;0,00 $;-780,68 $;15,00;775,00 $;235,00 $;1015,68 $;0,06%;
16/11/2021;1;26736,12 $;1514,32 $;1514,32 $;0,00 $;5,68 $;-6167,88 $;0,00 $;100,00%;1514,32 $;1514,32 $;0,00 $;1514,32 $;0,00 $;15,00;95,00 $;1520,00 $;5,68 $;0,06%;
17/11/2021;1;25755,44 $;-980,68 $;0,00 $;-980,68 $;5,68 $;-7148,56 $;-980,68 $;0,00%;-980,68 $;0,00 $;-980,68 $;0,00 $;-980,68 $;35,00;1005,00 $;55,00 $;1035,68 $;0,06%;
18/11/2021;1;26519,76 $;764,32 $;764,32 $;0,00 $;5,68 $;-6384,24 $;0,00 $;100,00%;764,32 $;764,32 $;0,00 $;764,32 $;0,00 $;10,00;10,00 $;770,00 $;5,68 $;0,06%;
19/11/2021;1;27984,08 $;1464,32 $;1464,32 $;0,00 $;5,68 $;-4919,92 $;0,00 $;100,00%;1464,32 $;1464,32 $;0,00 $;1464,32 $;0,00 $;35,00;510,00 $;1470,00 $;5,68 $;0,06%;
22/11/2021;1;27323,40 $;-660,68 $;0,00 $;-660,68 $;5,68 $;-5580,60 $;-660,68 $;0,00%;-660,68 $;0,00 $;-660,68 $;0,00 $;-660,68 $;10,00;655,00 $;220,00 $;880,68 $;0,06%;
23/11/2021;1;28652,72 $;1329,32 $;1329,32 $;0,00 $;5,68 $;-4251,28 $;0,00 $;100,00%;1329,32 $;1329,32 $;0,00 $;1329,32 $;0,00 $;30,00;985,00 $;1755,00 $;425,68 $;0,06%;
24/11/2021;1;27182,04 $;-1470,68 $;0,00 $;-1470,68 $;5,68 $;-5721,96 $;-1470,68 $;0,00%;-1470,68 $;0,00 $;-1470,68 $;0,00 $;-1470,68 $;25,00;1465,00 $;475,00 $;1945,68 $;0,06%;
25/11/2021;1;27811,36 $;629,32 $;629,32 $;0,00 $;5,68 $;-5092,64 $;0,00 $;100,00%;629,32 $;629,32 $;0,00 $;629,32 $;0,00 $;40,00;105,00 $;680,00 $;50,68 $;0,06%;
26/11/2021;1;26390,68 $;-1420,68 $;0,00 $;-1420,68 $;5,68 $;-6513,32 $;-1420,68 $;0,00%;-1420,68 $;0,00 $;-1420,68 $;0,00 $;-1420,68 $;15,00;1415,00 $;185,00 $;1605,68 $;0,06%;
29/11/2021;1;25385,00 $;-1005,68 $;0,00 $;-1005,68 $;5,68 $;-7519,00 $;-1005,68 $;0,00%;-1005,68 $;0,00 $;-1005,68 $;0,00 $;-1005,68 $;35,00;1000,00 $;640,00 $;1645,68 $;0,06%;
30/11/2021;1;24489,32 $;-895,68 $;0,00 $;-895,68 $;5,68 $;-8414,68 $;-895,68 $;0,00%;-895,68 $;0,00 $;-895,68 $;0,00 $;-895,68 $;40,00;1110,00 $;875,00 $;1770,68 $;0,06%;
01/12/2021;1;23488,64 $;-1000,68 $;0,00 $;-1000,68 $;5,68 $;-9415,36 $;-1000,68 $;0,00%;-1000,68 $;0,00 $;-1000,68 $;0,00 $;-1000,68 $;5,00;995,00 $;115,00 $;1115,68 $;0,06%;
02/12/2021;1;23727,96 $;239,32 $;239,32 $;0,00 $;5,68 $;-9176,04 $;0,00 $;100,00%;239,32 $;239,32 $;0,00 $;239,32 $;0,00 $;40,00;1025,00 $;475,00 $;235,68 $;0,06%;
03/12/2021;1;21712,28 $;-2015,68 $;0,00 $;-2015,68 $;5,68 $;-11191,72 $;-2015,68 $;0,00%;-2015,68 $;0,00 $;-2015,68 $;0,00 $;-2015,68 $;40,00;2670,00 $;695,00 $;2710,68 $;0,06%;
06/12/2021;1;24026,60 $;2314,32 $;2314,32 $;0,00 $;5,68 $;-8877,40 $;0,00 $;100,00%;2314,32 $;2314,32 $;0,00 $;2314,32 $;0,00 $;10,00;75,00 $;2320,00 $;5,68 $;0,06%;
07/12/2021;1;25445,92 $;1419,32 $;1419,32 $;0,00 $;5,68 $;-7458,08 $;0,00 $;100,00%;1419,32 $;1419,32 $;0,00 $;1419,32 $;0,00 $;15,00;105,00 $;1425,00 $;5,68 $;0,06%;
08/12/2021;1;25180,24 $;-265,68 $;0,00 $;-265,68 $;5,68 $;-7723,76 $;-265,68 $;0,00%;-265,68 $;0,00 $;-265,68 $;0,00 $;-265,68 $;25,00;900,00 $;1205,00 $;1470,68 $;0,06%;
09/12/2021;1;26044,56 $;864,32 $;864,32 $;0,00 $;5,68 $;-6859,44 $;0,00 $;100,00%;864,32 $;864,32 $;0,00 $;864,32 $;0,00 $;25,00;470,00 $;1390,00 $;525,68 $;0,06%;
10/12/2021;1;27888,88 $;1844,32 $;1844,32 $;0,00 $;5,68 $;-5015,12 $;0,00 $;100,00%;1844,32 $;1844,32 $;0,00 $;1844,32 $;0,00 $;25,00;350,00 $;2150,00 $;305,68 $;0,06%;
13/12/2021;1;27278,20 $;-610,68 $;0,00 $;-610,68 $;5,68 $;-5625,80 $;-610,68 $;0,00%;-610,68 $;0,00 $;-610,68 $;0,00 $;-610,68 $;5,00;605,00 $;90,00 $;700,68 $;0,06%;
14/12/2021;1;27762,52 $;484,32 $;484,32 $;0,00 $;5,68 $;-5141,48 $;0,00 $;100,00%;484,32 $;484,32 $;0,00 $;484,32 $;0,00 $;40,00;915,00 $;1930,00 $;1445,68 $;0,06%;
15/12/2021;1;27121,84 $;-640,68 $;0,00 $;-640,68 $;5,68 $;-5782,16 $;-640,68 $;0,00%;-640,68 $;0,00 $;-640,68 $;0,00 $;-640,68 $;25,00;970,00 $;1075,00 $;1715,68 $;0,06%;
16/12/2021;1;25721,16 $;-1400,68 $;0,00 $;-1400,68 $;5,68 $;-7182,84 $;-1400,68 $;0,00%;-1400,68 $;0,00 $;-1400,68 $;0,00 $;-1400,68 $;15,00;1395,00 $;130,00 $;1530,68 $;0,06%;
17/12/2021;1;24040,48 $;-1680,68 $;0,00 $;-1680,68 $;5,68 $;-8863,52 $;-1680,68 $;0,00%;-1680,68 $;0,00 $;-1680,68 $;0,00 $;-1680,68 $;25,00;1675,00 $;1375,00 $;3055,68 $;0,06%;
20/12/2021;1;22804,80 $;-1235,68 $;0,00 $;-1235,68 $;5,68 $;-10099,20 $;-1235,68 $;0,00%;-1235,68 $;0,00 $;-1235,68 $;0,00 $;-1235,68 $;35,00;1230,00 $;875,00 $;2110,68 $;0,06%;
21/12/2021;1;21769,12 $;-1035,68 $;0,00 $;-1035,68 $;5,68 $;-11134,88 $;-1035,68 $;0,00%;-1035,68 $;0,00 $;-1035,68 $;0,00 $;-1035,68 $;20,00;1030,00 $;460,00 $;1495,68 $;0,06%;
22/12/2021;1;21433,44 $;-335,68 $;0,00 $;-335,68 $;5,68 $;-11470,56 $;-335,68 $;0,00%;-335,68 $;0,00 $;-335,68 $;0,00 $;-335,68 $;40,00;435,00 $;335,00 $;670,68 $;0,06%;
23/12/2021;1;20742,76 $;-690,68 $;0,00 $;-690,68 $;5,68 $;-12161,24 $;-690,68 $;0,00%;-690,68 $;0,00 $;-690,68 $;0,00 $;-690,68 $;40,00;705,00 $;265,00 $;955,68 $;0,06%;
27/12/2021;1;21692,08 $;949,32 $;949,32 $;0,00 $;5,68 $;-11211,92 $;0,00 $;100,00%;949,32 $;949,32 $;0,00 $;949,32 $;0,00 $;0,00;0,00 $;955,00 $;5,68 $;0,06%;
28/12/2021;1;20866,40 $;-825,68 $;0,00 $;-825,68 $;5,68 $;-12037,60 $;-825,68 $;0,00%;-825,68 $;0,00 $;-825,68 $;0,00 $;-825,68 $;10,00;820,00 $;15,00 $;840,68 $;0,06%;
29/12/2021;1;20840,72 $;-25,68 $;0,00 $;-25,68 $;5,68 $;-12063,28 $;-25,68 $;0,00%;-25,68 $;0,00 $;-25,68 $;0,00 $;-25,68 $;40,00;810,00 $;630,00 $;655,68 $;0,06%;
30/12/2021;1;21325,04 $;484,32 $;484,32 $;0,00 $;5,68 $;-11578,96 $;0,00 $;100,00%;484,32 $;484,32 $;0,00 $;484,32 $;0,00 $;30,00;525,00 $;850,00 $;365,68 $;0,06%;
31/12/2021;1;22439,36 $;1114,32 $;1114,32 $;0,00 $;5,68 $;-10464,64 $;0,00 $;100,00%;1114,32 $;1114,32 $;0,00 $;1114,32 $;0,00 $;5,00;40,00 $;1120,00 $;5,68 $;0,06%;
03/01/2022;1;23883,68 $;1444,32 $;1444,32 $;0,00 $;5,68 $;-9020,32 $;0,00 $;100,00%;1444,32 $;1444,32 $;0,00 $;1444,32 $;0,00 $;15,00;415,00 $;1450,00 $;5,68 $;0,06%;
04/01/2022;1;23373,00 $;-510,68 $;0,00 $;-510,68 $;5,68 $;-9531,00 $;-510,68 $;0,00%;-510,68 $;0,00 $;-510,68 $;0,00 $;-510,68 $;25,00;845,00 $;340,00 $;850,68 $;0,06%;
05/01/2022;1;25312,32 $;1939,32 $;1939,32 $;0,00 $;5,68 $;-7591,68 $;0,00 $;100,00%;1939,32 $;1939,32 $;0,00 $;1939,32 $;0,00 $;25,00;250,00 $;2190,00 $;250,68 $;0,06%;
06/01/2022;1;23791,64 $;-1520,68 $;0,00 $;-1520,68 $;5,68 $;-9112,36 $;-1520,68 $;0,00%;-1520,68 $;0,00 $;-1520,68 $;0,00 $;-1520,68 $;10,00;1515,00 $;1160,00 $;2680,68 $;0,06%;
07/01/2022;1;21680,96 $;-2110,68 $;0,00 $;-2110,68 $;5,68 $;-11223,04 $;-2110,68 $;0,00%;-2110,68 $;0,00 $;-2110,68 $;0,00 $;-2110,68 $;35,00;2950,00 $;600,00 $;2710,68 $;0,06%;
10/01/2022;1;20020,28 $;-1660,68 $;0,00 $;-1660,68 $;5,68 $;-12883,72 $;-1660,68 $;0,00%;-1660,68 $;0,00 $;-1660,68 $;0,00 $;-1660,68 $;25,00;1655,00 $;885,00 $;2545,68 $;0,06%;
11/01/2022;1;18424,60 $;-1595,68 $;0,00 $;-1595,68 $;5,68 $;-14479,40 $;-1595,68 $;0,00%;-1595,68 $;0,00 $;-1595,68 $;0,00 $;-1595,68 $;20,00;1590,00 $;745,00 $;2340,68 $;0,06%;
12/01/2022;1;18763,92 $;339,32 $;339,32 $;0,00 $;5,68 $;-14140,08 $;0,00 $;100,00%;339,32 $;339,32 $;0,00 $;339,32 $;0,00 $;25,00;145,00 $;1995,00 $;1655,68 $;0,06%;
13/01/2022;1;18888,24 $;124,32 $;124,32 $;0,00 $;5,68 $;-14015,76 $;0,00 $;100,00%;124,32 $;124,32 $;0,00 $;124,32 $;0,00 $;40,00;710,00 $;605,00 $;480,68 $;0,06%;
14/01/2022;1;16672,56 $;-2215,68 $;0,00 $;-2215,68 $;5,68 $;-16231,44 $;-2215,68 $;0,00%;-2215,68 $;0,00 $;-2215,68 $;0,00 $;-2215,68 $;5,00;2210,00 $;165,00 $;2380,68 $;0,06%;
17/01/2022;1;15971,88 $;-700,68 $;0,00 $;-700,68 $;5,68 $;-16932,12 $;-700,68 $;0,00%;-700,68 $;0,00 $;-700,68 $;0,00 $;-700,68 $;25,00;695,00 $;315,00 $;1015,68 $;0,06%;
18/01/2022;1;16771,20 $;799,32 $;799,32 $;0,00 $;5,68 $;-16132,80 $;0,00 $;100,00%;799,32 $;799,32 $;0,00 $;799,32 $;0,00 $;25,00;415,00 $;1650,00 $;850,68 $;0,06%;
19/01/2022;1;18645,52 $;1874,32 $;1874,32 $;0,00 $;5,68 $;-14258,48 $;0,00 $;100,00%;1874,32 $;1874,32 $;0,00 $;1874,32 $;0,00 $;30,00;310,00 $;2025,00 $;150,68 $;0,06%;
20/01/2022;1;17084,84 $;-1560,68 $;0,00 $;-1560,68 $;5,68 $;-15819,16 $;-1560,68 $;0,00%;-1560,68 $;0,00 $;-1560,68 $;0,00 $;-1560,68 $;20,00;1555,00 $;495,00 $;2055,68 $;0,06%;
21/01/2022;1;16279,16 $;-805,68 $;0,00 $;-805,68 $;5,68 $;-16624,84 $;-805,68 $;0,00%;-805,68 $;0,00 $;-805,68 $;0,00 $;-805,68 $;40,00;1185,00 $;2560,00 $;3365,68 $;0,06%;
24/01/2022;1;14773,48 $;-1505,68 $;0,00 $;-1505,68 $;5,68 $;-18130,52 $;-1505,68 $;0,00%;-1505,68 $;0,00 $;-1505,68 $;0,00 $;-1505,68 $;40,00;2400,00 $;1845,00 $;3350,68 $;0,06%;
25/01/2022;1;17167,80 $;2394,32 $;2394,32 $;0,00 $;5,68 $;-15736,20 $;0,00 $;100,00%;2394,32 $;2394,32 $;0,00 $;2394,32 $;0,00 $;35,00;1750,00 $;3080,00 $;685,68 $;0,06%;
26/01/2022;1;17847,12 $;679,32 $;679,32 $;0,00 $;5,68 $;-15056,88 $;0,00 $;100,00%;679,32 $;679,32 $;0,00 $;679,32 $;0,00 $;25,00;1410,00 $;885,00 $;205,68 $;0,06%;
27/01/2022;1;17151,44 $;-695,68 $;0,00 $;-695,68 $;5,68 $;-15752,56 $;-695,68 $;0,00%;-695,68 $;0,00 $;-695,68 $;0,00 $;-695,68 $;40,00;1500,00 $;1795,00 $;2490,68 $;0,06%;
28/01/2022;1;20515,76 $;3364,32 $;3364,32 $;0,00 $;5,68 $;-12388,24 $;0,00 $;100,00%;3364,32 $;3364,32 $;0,00 $;3364,32 $;0,00 $;30,00;675,00 $;4030,00 $;665,68 $;0,06%;
31/01/2022;1;18950,08 $;-1565,68 $;0,00 $;-1565,68 $;5,68 $;-13953,92 $;-1565,68 $;0,00%;-1565,68 $;0,00 $;-1565,68 $;0,00 $;-1565,68 $;10,00;1560,00 $;1440,00 $;3005,68 $;0,06%;
01/02/2022;1;17279,40 $;-1670,68 $;0,00 $;-1670,68 $;5,68 $;-15624,60 $;-1670,68 $;0,00%;-1670,68 $;0,00 $;-1670,68 $;0,00 $;-1670,68 $;5,00;1665,00 $;315,00 $;1985,68 $;0,06%;
02/02/2022;1;15883,72 $;-1395,68 $;0,00 $;-1395,68 $;5,68 $;-17020,28 $;-1395,68 $;0,00%;-1395,68 $;0,00 $;-1395,68 $;0,00 $;-1395,68 $;20,00;1390,00 $;575,00 $;1970,68 $;0,06%;
03/02/2022;1;16103,04 $;219,32 $;219,32 $;0,00 $;5,68 $;-16800,96 $;0,00 $;100,00%;219,32 $;219,32 $;0,00 $;219,32 $;0,00 $;40,00;450,00 $;1980,00 $;1760,68 $;0,06%;
04/02/2022;1;17942,36 $;1839,32 $;1839,32 $;0,00 $;5,68 $;-14961,64 $;0,00 $;100,00%;1839,32 $;1839,32 $;0,00 $;1839,32 $;0,00 $;40,00;995,00 $;2485,00 $;645,68 $;0,06%;
07/02/2022;1;19931,68 $;1989,32 $;1989,32 $;0,00 $;5,68 $;-12972,32 $;0,00 $;100,00%;1989,32 $;1989,32 $;0,00 $;1989,32 $;0,00 $;35,00;680,00 $;1995,00 $;5,68 $;0,06%;
08/02/2022;1;21981,00 $;2049,32 $;2049,32 $;0,00 $;5,68 $;-10923,00 $;0,00 $;100,00%;2049,32 $;2049,32 $;0,00 $;2049,32 $;0,00 $;30,00;620,00 $;2470,00 $;420,68 $;0,06%;
09/02/2022;1;21120,32 $;-860,68 $;0,00 $;-860,68 $;5,68 $;-11783,68 $;-860,68 $;0,00%;-860,68 $;0,00 $;-860,68 $;0,00 $;-860,68 $;30,00;855,00 $;645,00 $;1505,68 $;0,06%;
10/02/2022;1;24334,64 $;3214,32 $;3214,32 $;0,00 $;5,68 $;-8569,36 $;0,00 $;100,00%;3214,32 $;3214,32 $;0,00 $;3214,32 $;0,00 $;40,00;395,00 $;3715,00 $;500,68 $;0,06%;
11/02/2022;1;25893,96 $;1559,32 $;1559,32 $;0,00 $;5,68 $;-7010,04 $;0,00 $;100,00%;1559,32 $;1559,32 $;0,00 $;1559,32 $;0,00 $;25,00;1020,00 $;1830,00 $;270,68 $;0,06%;
14/02/2022;1;25838,28 $;-55,68 $;0,00 $;-55,68 $;5,68 $;-7065,72 $;-55,68 $;0,00%;-55,68 $;0,00 $;-55,68 $;0,00 $;-55,68 $;40,00;775,00 $;465,00 $;520,68 $;0,06%;
15/02/2022;1;26287,60 $;449,32 $;449,32 $;0,00 $;5,68 $;-6616,40 $;0,00 $;100,00%;449,32 $;449,32 $;0,00 $;449,32 $;0,00 $;40,00;675,00 $;865,00 $;415,68 $;0,06%;
16/02/2022;1;24786,92 $;-1500,68 $;0,00 $;-1500,68 $;5,68 $;-8117,08 $;-1500,68 $;0,00%;-1500,68 $;0,00 $;-1500,68 $;0,00 $;-1500,68 $;20,00;1495,00 $;45,00 $;1545,68 $;0,06%;
17/02/2022;1;23191,24 $;-1595,68 $;0,00 $;-1595,68 $;5,68 $;-9712,76 $;-1595,68 $;0,00%;-1595,68 $;0,00 $;-1595,68 $;0,00 $;-1595,68 $;15,00;1590,00 $;460,00 $;2055,68 $;0,06%;
18/02/2022;1;22240,56 $;-950,68 $;0,00 $;-950,68 $;5,68 $;-10663,44 $;-950,68 $;0,00%;-950,68 $;0,00 $;-950,68 $;0,00 $;-950,68 $;30,00;1270,00 $;0,00 $;950,68 $;0,06%;
21/02/2022;1;23194,88 $;954,32 $;954,32 $;0,00 $;5,68 $;-9709,12 $;0,00 $;100,00%;954,32 $;954,32 $;0,00 $;954,32 $;0,00 $;35,00;135,00 $;1490,00 $;535,68 $;0,06%;
22/02/2022;1;25674,20 $;2479,32 $;2479,32 $;0,00 $;5,68 $;-7229,80 $;0,00 $;100,00%;2479,32 $;2479,32 $;0,00 $;2479,32 $;0,00 $;15,00;390,00 $;2485,00 $;5,68 $;0,06%;
23/02/2022;1;24218,52 $;-1455,68 $;0,00 $;-1455,68 $;5,68 $;-8685,48 $;-1455,68 $;0,00%;-1455,68 $;0,00 $;-1455,68 $;0,00 $;-1455,68 $;15,00;1450,00 $;430,00 $;1885,68 $;0,06%;
24/02/2022;1;20962,84 $;-3255,68 $;0,00 $;-3255,68 $;5,68 $;-11941,16 $;-3255,68 $;0,00%;-3255,68 $;0,00 $;-3255,68 $;0,00 $;-3255,68 $;15,00;3250,00 $;695,00 $;3950,68 $;0,06%;
25/02/2022;1;18517,16 $;-2445,68 $;0,00 $;-2445,68 $;5,68 $;-14386,84 $;-2445,68 $;0,00%;-2445,68 $;0,00 $;-2445,68 $;0,00 $;-2445,68 $;25,00;2615,00 $;455,00 $;2900,68 $;0,06%;
28/02/2022;1;17521,48 $;-995,68 $;0,00 $;-995,68 $;5,68 $;-15382,52 $;-995,68 $;0,00%;-995,68 $;0,00 $;-995,68 $;0,00 $;-995,68 $;25,00;1055,00 $;1350,00 $;2345,68 $;0,06%;
01/03/2022;1;17760,80 $;239,32 $;239,32 $;0,00 $;5,68 $;-15143,20 $;0,00 $;100,00%;239,32 $;239,32 $;0,00 $;239,32 $;0,00 $;25,00;725,00 $;1090,00 $;850,68 $;0,06%;
02/03/2022;1;19010,12 $;1249,32 $;1249,32 $;0,00 $;5,68 $;-13893,88 $;0,00 $;100,00%;1249,32 $;1249,32 $;0,00 $;1249,32 $;0,00 $;40,00;685,00 $;2795,00 $;1545,68 $;0,06%;
03/03/2022;1;21719,44 $;2709,32 $;2709,32 $;0,00 $;5,68 $;-11184,56 $;0,00 $;100,00%;2709,32 $;2709,32 $;0,00 $;2709,32 $;0,00 $;25,00;30,00 $;2715,00 $;5,68 $;0,06%;
04/03/2022;1;22143,76 $;424,32 $;424,32 $;0,00 $;5,68 $;-10760,24 $;0,00 $;100,00%;424,32 $;424,32 $;0,00 $;424,32 $;0,00 $;40,00;1345,00 $;1885,00 $;1460,68 $;0,06%;
07/03/2022;1;24913,08 $;2769,32 $;2769,32 $;0,00 $;5,68 $;-7990,92 $;0,00 $;100,00%;2769,32 $;2769,32 $;0,00 $;2769,32 $;0,00 $;40,00;1355,00 $;2775,00 $;5,68 $;0,06%;
08/03/2022;1;26292,40 $;1379,32 $;1379,32 $;0,00 $;5,68 $;-6611,60 $;0,00 $;100,00%;1379,32 $;1379,32 $;0,00 $;1379,32 $;0,00 $;35,00;1075,00 $;1970,00 $;590,68 $;0,06%;
09/03/2022;1;26996,72 $;704,32 $;704,32 $;0,00 $;5,68 $;-5907,28 $;0,00 $;100,00%;704,32 $;704,32 $;0,00 $;704,32 $;0,00 $;30,00;340,00 $;2160,00 $;1455,68 $;0,06%;
10/03/2022;1;27906,04 $;909,32 $;909,32 $;0,00 $;5,68 $;-4997,96 $;0,00 $;100,00%;909,32 $;909,32 $;0,00 $;909,32 $;0,00 $;25,00;870,00 $;1235,00 $;325,68 $;0,06%;
11/03/2022;1;26085,36 $;-1820,68 $;0,00 $;-1820,68 $;5,68 $;-6818,64 $;-1820,68 $;0,00%;-1820,68 $;0,00 $;-1820,68 $;0,00 $;-1820,68 $;15,00;1815,00 $;235,00 $;2055,68 $;0,06%;
14/03/2022;1;26874,68 $;789,32 $;789,32 $;0,00 $;5,68 $;-6029,32 $;0,00 $;100,00%;789,32 $;789,32 $;0,00 $;789,32 $;0,00 $;25,00;635,00 $;2110,00 $;1320,68 $;0,06%;
15/03/2022;1;26764,00 $;-110,68 $;0,00 $;-110,68 $;5,68 $;-6140,00 $;-110,68 $;0,00%;-110,68 $;0,00 $;-110,68 $;0,00 $;-110,68 $;25,00;500,00 $;1800,00 $;1910,68 $;0,06%;
16/03/2022;1;28698,32 $;1934,32 $;1934,32 $;0,00 $;5,68 $;-4205,68 $;0,00 $;100,00%;1934,32 $;1934,32 $;0,00 $;1934,32 $;0,00 $;25,00;605,00 $;1940,00 $;5,68 $;0,06%;
17/03/2022;1;30757,64 $;2059,32 $;2059,32 $;0,00 $;5,68 $;-2146,36 $;0,00 $;100,00%;2059,32 $;2059,32 $;0,00 $;2059,32 $;0,00 $;25,00;905,00 $;2135,00 $;75,68 $;0,06%;
18/03/2022;1;29391,96 $;-1365,68 $;0,00 $;-1365,68 $;5,68 $;-3512,04 $;-1365,68 $;0,00%;-1365,68 $;0,00 $;-1365,68 $;0,00 $;-1365,68 $;20,00;1360,00 $;1020,00 $;2385,68 $;0,06%;
21/03/2022;1;31081,28 $;1689,32 $;1689,32 $;0,00 $;5,68 $;-1822,72 $;0,00 $;100,00%;1689,32 $;1689,32 $;0,00 $;1689,32 $;0,00 $;10,00;270,00 $;1695,00 $;5,68 $;0,06%;
22/03/2022;1;30070,60 $;-1010,68 $;0,00 $;-1010,68 $;5,68 $;-2833,40 $;-1010,68 $;0,00%;-1010,68 $;0,00 $;-1010,68 $;0,00 $;-1010,68 $;5,00;1005,00 $;330,00 $;1340,68 $;0,06%;
23/03/2022;1;29774,92 $;-295,68 $;0,00 $;-295,68 $;5,68 $;-3129,08 $;-295,68 $;0,00%;-295,68 $;0,00 $;-295,68 $;0,00 $;-295,68 $;25,00;920,00 $;370,00 $;665,68 $;0,06%;
24/03/2022;1;29414,24 $;-360,68 $;0,00 $;-360,68 $;5,68 $;-3489,76 $;-360,68 $;0,00%;-360,68 $;0,00 $;-360,68 $;0,00 $;-360,68 $;25,00;605,00 $;1045,00 $;1405,68 $;0,06%;
25/03/2022;1;28438,56 $;-975,68 $;0,00 $;-975,68 $;5,68 $;-4465,44 $;-975,68 $;0,00%;-975,68 $;0,00 $;-975,68 $;0,00 $;-975,68 $;15,00;970,00 $;105,00 $;1080,68 $;0,06%;
28/03/2022;1;30192,88 $;1754,32 $;1754,32 $;0,00 $;5,68 $;-2711,12 $;0,00 $;100,00%;1754,32 $;1754,32 $;0,00 $;1754,32 $;0,00 $;5,00;70,00 $;1760,00 $;5,68 $;0,06%;
29/03/2022;1;30417,20 $;224,32 $;224,32 $;0,00 $;5,68 $;-2486,80 $;0,00 $;100,00%;224,32 $;224,32 $;0,00 $;224,32 $;0,00 $;40,00;1115,00 $;1155,00 $;930,68 $;0,06%;
30/03/2022;1;31231,52 $;814,32 $;814,32 $;0,00 $;5,68 $;-1672,48 $;0,00 $;100,00%;814,32 $;814,32 $;0,00 $;814,32 $;0,00 $;40,00;725,00 $;895,00 $;80,68 $;0,06%;
31/03/2022;1;30155,84 $;-1075,68 $;0,00 $;-1075,68 $;5,68 $;-2748,16 $;-1075,68 $;0,00%;-1075,68 $;0,00 $;-1075,68 $;0,00 $;-1075,68 $;10,00;1070,00 $;150,00 $;1225,68 $;0,06%;
01/04/2022;1;29080,16 $;-1075,68 $;0,00 $;-1075,68 $;5,68 $;-3823,84 $;-1075,68 $;0,00%;-1075,68 $;0,00 $;-1075,68 $;0,00 $;-1075,68 $;20,00;1070,00 $;655,00 $;1730,68 $;0,06%;
04/04/2022;1;28364,48 $;-715,68 $;0,00 $;-715,68 $;5,68 $;-4539,52 $;-715,68 $;0,00%;-715,68 $;0,00 $;-715,68 $;0,00 $;-715,68 $;40,00;985,00 $;195,00 $;910,68 $;0,06%;
05/04/2022;1;27433,80 $;-930,68 $;0,00 $;-930,68 $;5,68 $;-5470,20 $;-930,68 $;0,00%;-930,68 $;0,00 $;-930,68 $;0,00 $;-930,68 $;20,00;925,00 $;620,00 $;1550,68 $;0,06%;
06/04/2022;1;29023,12 $;1589,32 $;1589,32 $;0,00 $;5,68 $;-3880,88 $;0,00 $;100,00%;1589,32 $;1589,32 $;0,00 $;1589,32 $;0,00 $;25,00;630,00 $;1595,00 $;5,68 $;0,06%;
07/04/2022;1;30682,44 $;1659,32 $;1659,32 $;0,00 $;5,68 $;-2221,56 $;0,00 $;100,00%;1659,32 $;1659,32 $;0,00 $;1659,32 $;0,00 $;40,00;420,00 $;2035,00 $;375,68 $;0,06%;
08/04/2022;1;29456,76 $;-1225,68 $;0,00 $;-1225,68 $;5,68 $;-3447,24 $;-1225,68 $;0,00%;-1225,68 $;0,00 $;-1225,68 $;0,00 $;-1225,68 $;10,00;1220,00 $;60,00 $;1285,68 $;0,06%;
11/04/2022;1;29741,08 $;284,32 $;284,32 $;0,00 $;5,68 $;-3162,92 $;0,00 $;100,00%;284,32 $;284,32 $;0,00 $;284,32 $;0,00 $;25,00;520,00 $;1440,00 $;1155,68 $;0,06%;
12/04/2022;1;30285,40 $;544,32 $;544,32 $;0,00 $;5,68 $;-2618,60 $;0,00 $;100,00%;544,32 $;544,32 $;0,00 $;544,32 $;0,00 $;30,00;275,00 $;990,00 $;445,68 $;0,06%;
13/04/2022;1;31594,72 $;1309,32 $;1309,32 $;0,00 $;5,68 $;-1309,28 $;0,00 $;100,00%;1309,32 $;1309,32 $;0,00 $;1309,32 $;0,00 $;25,00;90,00 $;2440,00 $;1130,68 $;0,06%;
14/04/2022;1;33674,04 $;2079,32 $;2079,32 $;0,00 $;5,68 $;0,00 $;0,00 $;100,00%;2079,32 $;2079,32 $;0,00 $;2079,32 $;0,00 $;20,00;455,00 $;2085,00 $;5,68 $;0,06%;
18/04/2022;1;32583,36 $;-1090,68 $;0,00 $;-1090,68 $;5,68 $;-1090,68 $;-1090,68 $;0,00%;-1090,68 $;0,00 $;-1090,68 $;0,00 $;-1090,68 $;10,00;1085,00 $;335,00 $;1425,68 $;0,06%;
19/04/2022;1;34632,68 $;2049,32 $;2049,32 $;0,00 $;5,68 $;0,00 $;0,00 $;100,00%;2049,32 $;2049,32 $;0,00 $;2049,32 $;0,00 $;30,00;790,00 $;2055,00 $;5,68 $;0,06%;
20/04/2022;1;33062,00 $;-1570,68 $;0,00 $;-1570,68 $;5,68 $;-1570,68 $;-1570,68 $;0,00%;-1570,68 $;0,00 $;-1570,68 $;0,00 $;-1570,68 $;5,00;1565,00 $;345,00 $;1915,68 $;0,06%;
21/04/2022;1;34146,32 $;1084,32 $;1084,32 $;0,00 $;5,68 $;-486,36 $;0,00 $;100,00%;1084,32 $;1084,32 $;0,00 $;1084,32 $;0,00 $;25,00;465,00 $;1170,00 $;85,68 $;0,06%;
22/04/2022;1;33690,64 $;-455,68 $;0,00 $;-455,68 $;5,68 $;-942,04 $;-455,68 $;0,00%;-455,68 $;0,00 $;-455,68 $;0,00 $;-455,68 $;40,00;1480,00 $;1750,00 $;2205,68 $;0,06%;
25/04/2022;1;34684,96 $;994,32 $;994,32 $;0,00 $;5,68 $;0,00 $;0,00 $;100,00%;994,32 $;994,32 $;0,00 $;994,32 $;0,00 $;40,00;1340,00 $;1265,00 $;270,68 $;0,06%;
26/04/2022;1;33419,28 $;-1265,68 $;0,00 $;-1265,68 $;5,68 $;-1265,68 $;-1265,68 $;0,00%;-1265,68 $;0,00 $;-1265,68 $;0,00 $;-1265,68 $;10,00;1260,00 $;20,00 $;1285,68 $;0,06%;
27/04/2022;1;36498,60 $;3079,32 $;3079,32 $;0,00 $;5,68 $;0,00 $;0,00 $;100,00%;3079,32 $;3079,32 $;0,00 $;3079,32 $;0,00 $;20,00;150,00 $;3085,00 $;5,68 $;0,06%;
28/04/2022;1;35222,92 $;-1275,68 $;0,00 $;-1275,68 $;5,68 $;-1275,68 $;-1275,68 $;0,00%;-1275,68 $;0,00 $;-1275,68 $;0,00 $;-1275,68 $;40,00;2720,00 $;345,00 $;1620,68 $;0,06%;
29/04/2022;1;38207,24 $;2984,32 $;2984,32 $;0,00 $;5,68 $;0,00 $;0,00 $;100,00%;2984,32 $;2984,32 $;0,00 $;2984,32 $;0,00 $;35,00;690,00 $;2990,00 $;5,68 $;0,06%;
02/05/2022;1;36326,56 $;-1880,68 $;0,00 $;-1880,68 $;5,68 $;-1880,68 $;-1880,68 $;0,00%;-1880,68 $;0,00 $;-1880,68 $;0,00 $;-1880,68 $;35,00;1875,00 $;2425,00 $;4305,68 $;0,06%;
03/05/2022;1;34545,88 $;-1780,68 $;0,00 $;-1780,68 $;5,68 $;-3661,36 $;-1780,68 $;0,00%;-1780,68 $;0,00 $;-1780,68 $;0,00 $;-1780,68 $;10,00;1775,00 $;105,00 $;1885,68 $;0,06%;
04/05/2022;1;33580,20 $;-965,68 $;0,00 $;-965,68 $;5,68 $;-4627,04 $;-965,68 $;0,00%;-965,68 $;0,00 $;-965,68 $;0,00 $;-965,68 $;15,00;960,00 $;195,00 $;1160,68 $;0,06%;
05/05/2022;1;32089,52 $;-1490,68 $;0,00 $;-1490,68 $;5,68 $;-6117,72 $;-1490,68 $;0,00%;-1490,68 $;0,00 $;-1490,68 $;0,00 $;-1490,68 $;10,00;1485,00 $;255,00 $;1745,68 $;0,06%;
06/05/2022;1;29438,84 $;-2650,68 $;0,00 $;-2650,68 $;5,68 $;-8768,40 $;-2650,68 $;0,00%;-2650,68 $;0,00 $;-2650,68 $;0,00 $;-2650,68 $;15,00;2645,00 $;665,00 $;3315,68 $;0,06%;
09/05/2022;1;29393,16 $;-45,68 $;0,00 $;-45,68 $;5,68 $;-8814,08 $;-45,68 $;0,00%;-45,68 $;0,00 $;-45,68 $;0,00 $;-45,68 $;30,00;2130,00 $;595,00 $;640,68 $;0,06%;
10/05/2022;1;32187,48 $;2794,32 $;2794,32 $;0,00 $;5,68 $;-6019,76 $;0,00 $;100,00%;2794,32 $;2794,32 $;0,00 $;2794,32 $;0,00 $;25,00;1320,00 $;2800,00 $;5,68 $;0,06%;
11/05/2022;1;33311,80 $;1124,32 $;1124,32 $;0,00 $;5,68 $;-4895,44 $;0,00 $;100,00%;1124,32 $;1124,32 $;0,00 $;1124,32 $;0,00 $;40,00;55,00 $;3220,00 $;2095,68 $;0,06%;
12/05/2022;1;34081,12 $;769,32 $;769,32 $;0,00 $;5,68 $;-4126,12 $;0,00 $;100,00%;769,32 $;769,32 $;0,00 $;769,32 $;0,00 $;35,00;1475,00 $;2815,00 $;2045,68 $;0,06%;
13/05/2022;1;32720,44 $;-1360,68 $;0,00 $;-1360,68 $;5,68 $;-5486,80 $;-1360,68 $;0,00%;-1360,68 $;0,00 $;-1360,68 $;0,00 $;-1360,68 $;15,00;1355,00 $;405,00 $;1765,68 $;0,06%;
16/05/2022;1;31144,76 $;-1575,68 $;0,00 $;-1575,68 $;5,68 $;-7062,48 $;-1575,68 $;0,00%;-1575,68 $;0,00 $;-1575,68 $;0,00 $;-1575,68 $;10,00;1570,00 $;290,00 $;1865,68 $;0,06%;
17/05/2022;1;31924,08 $;779,32 $;779,32 $;0,00 $;5,68 $;-6283,16 $;0,00 $;100,00%;779,32 $;779,32 $;0,00 $;779,32 $;0,00 $;40,00;1035,00 $;1040,00 $;260,68 $;0,06%;
18/05/2022;1;30628,40 $;-1295,68 $;0,00 $;-1295,68 $;5,68 $;-7578,84 $;-1295,68 $;0,00%;-1295,68 $;0,00 $;-1295,68 $;0,00 $;-1295,68 $;35,00;1290,00 $;695,00 $;1990,68 $;0,06%;
19/05/2022;1;28637,72 $;-1990,68 $;0,00 $;-1990,68 $;5,68 $;-9569,52 $;-1990,68 $;0,00%;-1990,68 $;0,00 $;-1990,68 $;0,00 $;-1990,68 $;15,00;1985,00 $;375,00 $;2365,68 $;0,06%;
20/05/2022;1;28547,04 $;-90,68 $;0,00 $;-90,68 $;5,68 $;-9660,20 $;-90,68 $;0,00%;-90,68 $;0,00 $;-90,68 $;0,00 $;-90,68 $;25,00;1085,00 $;925,00 $;1015,68 $;0,06%;
23/05/2022;1;28151,36 $;-395,68 $;0,00 $;-395,68 $;5,68 $;-10055,88 $;-395,68 $;0,00%;-395,68 $;0,00 $;-395,68 $;0,00 $;-395,68 $;30,00;1180,00 $;920,00 $;1315,68 $;0,06%;
24/05/2022;1;26595,68 $;-1555,68 $;0,00 $;-1555,68 $;5,68 $;-11611,56 $;-1555,68 $;0,00%;-1555,68 $;0,00 $;-1555,68 $;0,00 $;-1555,68 $;10,00;1550,00 $;295,00 $;1850,68 $;0,06%;
25/05/2022;1;26070,00 $;-525,68 $;0,00 $;-525,68 $;5,68 $;-12137,24 $;-525,68 $;0,00%;-525,68 $;0,00 $;-525,68 $;0,00 $;-525,68 $;25,00;1550,00 $;545,00 $;1070,68 $;0,06%;
26/05/2022;1;28344,32 $;2274,32 $;2274,32 $;0,00 $;5,68 $;-9862,92 $;0,00 $;100,00%;2274,32 $;2274,32 $;0,00 $;2274,32 $;0,00 $;15,00;555,00 $;2280,00 $;5,68 $;0,06%;
27/05/2022;1;26868,64 $;-1475,68 $;0,00 $;-1475,68 $;5,68 $;-11338,60 $;-1475,68 $;0,00%;-1475,68 $;0,00 $;-1475,68 $;0,00 $;-1475,68 $;25,00;1725,00 $;30,00 $;1505,68 $;0,06%;
30/05/2022;1;26777,96 $;-90,68 $;0,00 $;-90,68 $;5,68 $;-11429,28 $;-90,68 $;0,00%;-90,68 $;0,00 $;-90,68 $;0,00 $;-90,68 $;40,00;615,00 $;200,00 $;290,68 $;0,06%;
31/05/2022;1;29177,28 $;2399,32 $;2399,32 $;0,00 $;5,68 $;-9029,96 $;0,00 $;100,00%;2399,32 $;2399,32 $;0,00 $;2399,32 $;0,00 $;5,00;225,00 $;2405,00 $;5,68 $;0,06%;
01/06/2022;1;27781,60 $;-1395,68 $;0,00 $;-1395,68 $;5,68 $;-10425,64 $;-1395,68 $;0,00%;-1395,68 $;0,00 $;-1395,68 $;0,00 $;-1395,68 $;15,00;1390,00 $;350,00 $;1745,68 $;0,06%;
02/06/2022;1;27865,92 $;84,32 $;84,32 $;0,00 $;5,68 $;-10341,32 $;0,00 $;100,00%;84,32 $;84,32 $;0,00 $;84,32 $;0,00 $;40,00;1695,00 $;860,00 $;775,68 $;0,06%;
03/06/2022;1;28240,24 $;374,32 $;374,32 $;0,00 $;5,68 $;-9967,00 $;0,00 $;100,00%;374,32 $;374,32 $;0,00 $;374,32 $;0,00 $;30,00;1280,00 $;875,00 $;500,68 $;0,06%;
06/06/2022;1;28094,56 $;-145,68 $;0,00 $;-145,68 $;5,68 $;-10112,68 $;-145,68 $;0,00%;-145,68 $;0,00 $;-145,68 $;0,00 $;-145,68 $;25,00;350,00 $;1385,00 $;1530,68 $;0,06%;
07/06/2022;1;26408,88 $;-1685,68 $;0,00 $;-1685,68 $;5,68 $;-11798,36 $;-1685,68 $;0,00%;-1685,68 $;0,00 $;-1685,68 $;0,00 $;-1685,68 $;15,00;1680,00 $;120,00 $;1805,68 $;0,06%;
08/06/2022;1;28593,20 $;2184,32 $;2184,32 $;0,00 $;5,68 $;-9614,04 $;0,00 $;100,00%;2184,32 $;2184,32 $;0,00 $;2184,32 $;0,00 $;20,00;140,00 $;2190,00 $;5,68 $;0,06%;
09/06/2022;1;30442,52 $;1849,32 $;1849,32 $;0,00 $;5,68 $;-7764,72 $;0,00 $;100,00%;1849,32 $;1849,32 $;0,00 $;1849,32 $;0,00 $;40,00;755,00 $;2200,00 $;350,68 $;0,06%;
10/06/2022;1;28821,84 $;-1620,68 $;0,00 $;-1620,68 $;5,68 $;-9385,40 $;-1620,68 $;0,00%;-1620,68 $;0,00 $;-1620,68 $;0,00 $;-1620,68 $;40,00;2000,00 $;1015,00 $;2635,68 $;0,06%;
13/06/2022;1;29721,16 $;899,32 $;899,32 $;0,00 $;5,68 $;-8486,08 $;0,00 $;100,00%;899,32 $;899,32 $;0,00 $;899,32 $;0,00 $;25,00;940,00 $;1225,00 $;325,68 $;0,06%;
14/06/2022;1;30200,48 $;479,32 $;479,32 $;0,00 $;5,68 $;-8006,76 $;0,00 $;100,00%;479,32 $;479,32 $;0,00 $;479,32 $;0,00 $;35,00;1020,00 $;1255,00 $;775,68 $;0,06%;
15/06/2022;1;29849,80 $;-350,68 $;0,00 $;-350,68 $;5,68 $;-8357,44 $;-350,68 $;0,00%;-350,68 $;0,00 $;-350,68 $;0,00 $;-350,68 $;25,00;1095,00 $;690,00 $;1040,68 $;0,06%;
16/06/2022;1;29479,12 $;-370,68 $;0,00 $;-370,68 $;5,68 $;-8728,12 $;-370,68 $;0,00%;-370,68 $;0,00 $;-370,68 $;0,00 $;-370,68 $;25,00;655,00 $;1250,00 $;1620,68 $;0,06%;
17/06/2022;1;31928,44 $;2449,32 $;2449,32 $;0,00 $;5,68 $;-6278,80 $;0,00 $;100,00%;2449,32 $;2449,32 $;0,00 $;2449,32 $;0,00 $;20,00;380,00 $;2455,00 $;5,68 $;0,06%;
20/06/2022;1;31957,76 $;29,32 $;29,32 $;0,00 $;5,68 $;-6249,48 $;0,00 $;100,00%;29,32 $;29,32 $;0,00 $;29,32 $;0,00 $;40,00;575,00 $;285,00 $;255,68 $;0,06%;
21/06/2022;1;30692,08 $;-1265,68 $;0,00 $;-1265,68 $;5,68 $;-7515,16 $;-1265,68 $;0,00%;-1265,68 $;0,00 $;-1265,68 $;0,00 $;-1265,68 $;5,00;1260,00 $;5,00 $;1270,68 $;0,06%;
22/06/2022;1;29366,40 $;-1325,68 $;0,00 $;-1325,68 $;5,68 $;-8840,84 $;-1325,68 $;0,00%;-1325,68 $;0,00 $;-1325,68 $;0,00 $;-1325,68 $;10,00;1320,00 $;25,00 $;1350,68 $;0,06%;
23/06/2022;1;28215,72 $;-1150,68 $;0,00 $;-1150,68 $;5,68 $;-9991,52 $;-1150,68 $;0,00%;-1150,68 $;0,00 $;-1150,68 $;0,00 $;-1150,68 $;35,00;1330,00 $;640,00 $;1790,68 $;0,06%;
24/06/2022;1;27310,04 $;-905,68 $;0,00 $;-905,68 $;5,68 $;-10897,20 $;-905,68 $;0,00%;-905,68 $;0,00 $;-905,68 $;0,00 $;-905,68 $;10,00;900,00 $;90,00 $;995,68 $;0,06%;
27/06/2022;1;25649,36 $;-1660,68 $;0,00 $;-1660,68 $;5,68 $;-12557,88 $;-1660,68 $;0,00%;-1660,68 $;0,00 $;-1660,68 $;0,00 $;-1660,68 $;10,00;1655,00 $;5,00 $;1665,68 $;0,06%;
28/06/2022;1;26498,68 $;849,32 $;849,32 $;0,00 $;5,68 $;-11708,56 $;0,00 $;100,00%;849,32 $;849,32 $;0,00 $;849,32 $;0,00 $;25,00;575,00 $;1240,00 $;390,68 $;0,06%;
29/06/2022;1;28443,00 $;1944,32 $;1944,32 $;0,00 $;5,68 $;-9764,24 $;0,00 $;100,00%;1944,32 $;1944,32 $;0,00 $;1944,32 $;0,00 $;25,00;535,00 $;2545,00 $;600,68 $;0,06%;
30/06/2022;1;30947,32 $;2504,32 $;2504,32 $;0,00 $;5,68 $;-7259,92 $;0,00 $;100,00%;2504,32 $;2504,32 $;0,00 $;2504,32 $;0,00 $;25,00;330,00 $;2615,00 $;110,68 $;0,06%;
01/07/2022;1;29581,64 $;-1365,68 $;0,00 $;-1365,68 $;5,68 $;-8625,60 $;-1365,68 $;0,00%;-1365,68 $;0,00 $;-1365,68 $;0,00 $;-1365,68 $;25,00;1360,00 $;1710,00 $;3075,68 $;0,06%;
04/07/2022;1;30080,96 $;499,32 $;499,32 $;0,00 $;5,68 $;-8126,28 $;0,00 $;100,00%;499,32 $;499,32 $;0,00 $;499,32 $;0,00 $;40,00;15,00 $;595,00 $;95,68 $;0,06%;
05/07/2022;1;30805,28 $;724,32 $;724,32 $;0,00 $;5,68 $;-7401,96 $;0,00 $;100,00%;724,32 $;724,32 $;0,00 $;724,32 $;0,00 $;25,00;435,00 $;1475,00 $;750,68 $;0,06%;
06/07/2022;1;30484,60 $;-320,68 $;0,00 $;-320,68 $;5,68 $;-7722,64 $;-320,68 $;0,00%;-320,68 $;0,00 $;-320,68 $;0,00 $;-320,68 $;35,00;915,00 $;1655,00 $;1975,68 $;0,06%;
07/07/2022;1;29608,92 $;-875,68 $;0,00 $;-875,68 $;5,68 $;-8598,32 $;-875,68 $;0,00%;-875,68 $;0,00 $;-875,68 $;0,00 $;-875,68 $;25,00;1160,00 $;160,00 $;1035,68 $;0,06%;
08/07/2022;1;29023,24 $;-585,68 $;0,00 $;-585,68 $;5,68 $;-9184,00 $;-585,68 $;0,00%;-585,68 $;0,00 $;-585,68 $;0,00 $;-585,68 $;30,00;800,00 $;125,00 $;710,68 $;0,06%;
11/07/2022;1;30417,56 $;1394,32 $;1394,32 $;0,00 $;5,68 $;-7789,68 $;0,00 $;100,00%;1394,32 $;1394,32 $;0,00 $;1394,32 $;0,00 $;15,00;140,00 $;1400,00 $;5,68 $;0,06%;
12/07/2022;1;29176,88 $;-1240,68 $;0,00 $;-1240,68 $;5,68 $;-9030,36 $;-1240,68 $;0,00%;-1240,68 $;0,00 $;-1240,68 $;0,00 $;-1240,68 $;15,00;1235,00 $;75,00 $;1315,68 $;0,06%;
13/07/2022;1;27591,20 $;-1585,68 $;0,00 $;-1585,68 $;5,68 $;-10616,04 $;-1585,68 $;0,00%;-1585,68 $;0,00 $;-1585,68 $;0,00 $;-1585,68 $;25,00;2450,00 $;285,00 $;1870,68 $;0,06%;
14/07/2022;1;27005,52 $;-585,68 $;0,00 $;-585,68 $;5,68 $;-11201,72 $;-585,68 $;0,00%;-585,68 $;0,00 $;-585,68 $;0,00 $;-585,68 $;25,00;965,00 $;675,00 $;1260,68 $;0,06%;
15/07/2022;1;26969,84 $;-35,68 $;0,00 $;-35,68 $;5,68 $;-11237,40 $;-35,68 $;0,00%;-35,68 $;0,00 $;-35,68 $;0,00 $;-35,68 $;40,00;1700,00 $;930,00 $;965,68 $;0,06%;
18/07/2022;1;27504,16 $;534,32 $;534,32 $;0,00 $;5,68 $;-10703,08 $;0,00 $;100,00%;534,32 $;534,32 $;0,00 $;534,32 $;0,00 $;40,00;130,00 $;615,00 $;80,68 $;0,06%;
19/07/2022;1;27003,48 $;-500,68 $;0,00 $;-500,68 $;5,68 $;-11203,76 $;-500,68 $;0,00%;-500,68 $;0,00 $;-500,68 $;0,00 $;-500,68 $;40,00;775,00 $;980,00 $;1480,68 $;0,06%;
20/07/2022;1;25852,80 $;-1150,68 $;0,00 $;-1150,68 $;5,68 $;-12354,44 $;-1150,68 $;0,00%;-1150,68 $;0,00 $;-1150,68 $;0,00 $;-1150,68 $;20,00;1145,00 $;470,00 $;1620,68 $;0,06%;
21/07/2022;1;27447,12 $;1594,32 $;1594,32 $;0,00 $;5,68 $;-10760,12 $;0,00 $;100,00%;1594,32 $;1594,32 $;0,00 $;1594,32 $;0,00 $;30,00;315,00 $;1710,00 $;115,68 $;0,06%;
22/07/2022;1;26546,44 $;-900,68 $;0,00 $;-900,68 $;5,68 $;-11660,80 $;-900,68 $;0,00%;-900,68 $;0,00 $;-900,68 $;0,00 $;-900,68 $;20,00;895,00 $;950,00 $;1850,68 $;0,06%;
25/07/2022;1;25600,76 $;-945,68 $;0,00 $;-945,68 $;5,68 $;-12606,48 $;-945,68 $;0,00%;-945,68 $;0,00 $;-945,68 $;0,00 $;-945,68 $;15,00;940,00 $;25,00 $;970,68 $;0,06%;
26/07/2022;1;24425,08 $;-1175,68 $;0,00 $;-1175,68 $;5,68 $;-13782,16 $;-1175,68 $;0,00%;-1175,68 $;0,00 $;-1175,68 $;0,00 $;-1175,68 $;5,00;1170,00 $;250,00 $;1425,68 $;0,06%;
27/07/2022;1;23654,40 $;-770,68 $;0,00 $;-770,68 $;5,68 $;-14552,84 $;-770,68 $;0,00%;-770,68 $;0,00 $;-770,68 $;0,00 $;-770,68 $;15,00;765,00 $;620,00 $;1390,68 $;0,06%;
28/07/2022;1;26543,72 $;2889,32 $;2889,32 $;0,00 $;5,68 $;-11663,52 $;0,00 $;100,00%;2889,32 $;2889,32 $;0,00 $;2889,32 $;0,00 $;15,00;410,00 $;2895,00 $;5,68 $;0,06%;
29/07/2022;1;27848,04 $;1304,32 $;1304,32 $;0,00 $;5,68 $;-10359,20 $;0,00 $;100,00%;1304,32 $;1304,32 $;0,00 $;1304,32 $;0,00 $;40,00;1090,00 $;1740,00 $;435,68 $;0,06%;
01/08/2022;1;29527,36 $;1679,32 $;1679,32 $;0,00 $;5,68 $;-8679,88 $;0,00 $;100,00%;1679,32 $;1679,32 $;0,00 $;1679,32 $;0,00 $;30,00;780,00 $;1685,00 $;5,68 $;0,06%;
02/08/2022;1;28396,68 $;-1130,68 $;0,00 $;-1130,68 $;5,68 $;-9810,56 $;-1130,68 $;0,00%;-1130,68 $;0,00 $;-1130,68 $;0,00 $;-1130,68 $;15,00;1125,00 $;195,00 $;1325,68 $;0,06%;
03/08/2022;1;27056,00 $;-1340,68 $;0,00 $;-1340,68 $;5,68 $;-11151,24 $;-1340,68 $;0,00%;-1340,68 $;0,00 $;-1340,68 $;0,00 $;-1340,68 $;20,00;1335,00 $;85,00 $;1425,68 $;0,06%;
04/08/2022;1;27655,32 $;599,32 $;599,32 $;0,00 $;5,68 $;-10551,92 $;0,00 $;100,00%;599,32 $;599,32 $;0,00 $;599,32 $;0,00 $;30,00;595,00 $;1280,00 $;680,68 $;0,06%;
05/08/2022;1;28629,64 $;974,32 $;974,32 $;0,00 $;5,68 $;-9577,60 $;0,00 $;100,00%;974,32 $;974,32 $;0,00 $;974,32 $;0,00 $;40,00;530,00 $;1570,00 $;595,68 $;0,06%;
08/08/2022;1;30793,96 $;2164,32 $;2164,32 $;0,00 $;5,68 $;-7413,28 $;0,00 $;100,00%;2164,32 $;2164,32 $;0,00 $;2164,32 $;0,00 $;30,00;865,00 $;2170,00 $;5,68 $;0,06%;
09/08/2022;1;29948,28 $;-845,68 $;0,00 $;-845,68 $;5,68 $;-8258,96 $;-845,68 $;0,00%;-845,68 $;0,00 $;-845,68 $;0,00 $;-845,68 $;25,00;1010,00 $;970,00 $;1815,68 $;0,06%;
10/08/2022;1;29302,60 $;-645,68 $;0,00 $;-645,68 $;5,68 $;-8904,64 $;-645,68 $;0,00%;-645,68 $;0,00 $;-645,68 $;0,00 $;-645,68 $;40,00;715,00 $;70,00 $;715,68 $;0,06%;
11/08/2022;1;31011,92 $;1709,32 $;1709,32 $;0,00 $;5,68 $;-7195,32 $;0,00 $;100,00%;1709,32 $;1709,32 $;0,00 $;1709,32 $;0,00 $;40,00;10,00 $;2110,00 $;400,68 $;0,06%;
12/08/2022;1;30631,24 $;-380,68 $;0,00 $;-380,68 $;5,68 $;-7576,00 $;-380,68 $;0,00%;-380,68 $;0,00 $;-380,68 $;0,00 $;-380,68 $;40,00;605,00 $;925,00 $;1305,68 $;0,06%;
15/08/2022;1;30270,56 $;-360,68 $;0,00 $;-360,68 $;5,68 $;-7936,68 $;-360,68 $;0,00%;-360,68 $;0,00 $;-360,68 $;0,00 $;-360,68 $;25,00;690,00 $;1070,00 $;1430,68 $;0,06%;
16/08/2022;1;29349,88 $;-920,68 $;0,00 $;-920,68 $;5,68 $;-8857,36 $;-920,68 $;0,00%;-920,68 $;0,00 $;-920,68 $;0,00 $;-920,68 $;15,00;915,00 $;320,00 $;1240,68 $;0,06%;
17/08/2022;1;28209,20 $;-1140,68 $;0,00 $;-1140,68 $;5,68 $;-9998,04 $;-1140,68 $;0,00%;-1140,68 $;0,00 $;-1140,68 $;0,00 $;-1140,68 $;40,00;1260,00 $;290,00 $;1430,68 $;0,06%;
18/08/2022;1;27108,52 $;-1100,68 $;0,00 $;-1100,68 $;5,68 $;-11098,72 $;-1100,68 $;0,00%;-1100,68 $;0,00 $;-1100,68 $;0,00 $;-1100,68 $;5,00;1095,00 $;130,00 $;1230,68 $;0,06%;
19/08/2022;1;28667,84 $;1559,32 $;1559,32 $;0,00 $;5,68 $;-9539,40 $;0,00 $;100,00%;1559,32 $;1559,32 $;0,00 $;1559,32 $;0,00 $;25,00;470,00 $;1565,00 $;5,68 $;0,06%;
22/08/2022;1;29957,16 $;1289,32 $;1289,32 $;0,00 $;5,68 $;-8250,08 $;0,00 $;100,00%;1289,32 $;1289,32 $;0,00 $;1289,32 $;0,00 $;25,00;240,00 $;1295,00 $;5,68 $;0,06%;
23/08/2022;1;31566,48 $;1609,32 $;1609,32 $;0,00 $;5,68 $;-6640,76 $;0,00 $;100,00%;1609,32 $;1609,32 $;0,00 $;1609,32 $;0,00 $;30,00;425,00 $;1615,00 $;5,68 $;0,06%;
24/08/2022;1;31850,80 $;284,32 $;284,32 $;0,00 $;5,68 $;-6356,44 $;0,00 $;100,00%;284,32 $;284,32 $;0,00 $;284,32 $;0,00 $;40,00;770,00 $;485,00 $;200,68 $;0,06%;
25/08/2022;1;33245,12 $;1394,32 $;1394,32 $;0,00 $;5,68 $;-4962,12 $;0,00 $;100,00%;1394,32 $;1394,32 $;0,00 $;1394,32 $;0,00 $;25,00;240,00 $;1500,00 $;105,68 $;0,06%;
26/08/2022;1;34254,44 $;1009,32 $;1009,32 $;0,00 $;5,68 $;-3952,80 $;0,00 $;100,00%;1009,32 $;1009,32 $;0,00 $;1009,32 $;0,00 $;40,00;10,00 $;2050,00 $;1040,68 $;0,06%;
29/08/2022;1;33033,76 $;-1220,68 $;0,00 $;-1220,68 $;5,68 $;-5173,48 $;-1220,68 $;0,00%;-1220,68 $;0,00 $;-1220,68 $;0,00 $;-1220,68 $;10,00;1215,00 $;710,00 $;1930,68 $;0,06%;
30/08/2022;1;31753,08 $;-1280,68 $;0,00 $;-1280,68 $;5,68 $;-6454,16 $;-1280,68 $;0,00%;-1280,68 $;0,00 $;-1280,68 $;0,00 $;-1280,68 $;25,00;1275,00 $;515,00 $;1795,68 $;0,06%;
31/08/2022;1;32347,40 $;594,32 $;594,32 $;0,00 $;5,68 $;-5859,84 $;0,00 $;100,00%;594,32 $;594,32 $;0,00 $;594,32 $;0,00 $;40,00;535,00 $;1910,00 $;1315,68 $;0,06%;
01/09/2022;1;32981,72 $;634,32 $;634,32 $;0,00 $;5,68 $;-5225,52 $;0,00 $;100,00%;634,32 $;634,32 $;0,00 $;634,32 $;0,00 $;25,00;60,00 $;1465,00 $;830,68 $;0,06%;
02/09/2022;1;34996,04 $;2014,32 $;2014,32 $;0,00 $;5,68 $;-3211,20 $;0,00 $;100,00%;2014,32 $;2014,32 $;0,00 $;2014,32 $;0,00 $;40,00;230,00 $;2355,00 $;340,68 $;0,06%;
05/09/2022;1;34780,36 $;-215,68 $;0,00 $;-215,68 $;5,68 $;-3426,88 $;-215,68 $;0,00%;-215,68 $;0,00 $;-215,68 $;0,00 $;-215,68 $;40,00;470,00 $;335,00 $;550,68 $;0,06%;
06/09/2022;1;33594,68 $;-1185,68 $;0,00 $;-1185,68 $;5,68 $;-4612,56 $;-1185,68 $;0,00%;-1185,68 $;0,00 $;-1185,68 $;0,00 $;-1185,68 $;10,00;1180,00 $;270,00 $;1455,68 $;0,06%;
07/09/2022;1;32284,00 $;-1310,68 $;0,00 $;-1310,68 $;5,68 $;-5923,24 $;-1310,68 $;0,00%;-1310,68 $;0,00 $;-1310,68 $;0,00 $;-1310,68 $;15,00;1305,00 $;220,00 $;1530,68 $;0,06%;
08/09/2022;1;33608,32 $;1324,32 $;1324,32 $;0,00 $;5,68 $;-4598,92 $;0,00 $;100,00%;1324,32 $;1324,32 $;0,00 $;1324,32 $;0,00 $;40,00;1315,00 $;1760,00 $;435,68 $;0,06%;
09/09/2022;1;35142,64 $;1534,32 $;1534,32 $;0,00 $;5,68 $;-3064,60 $;0,00 $;100,00%;1534,32 $;1534,32 $;0,00 $;1534,32 $;0,00 $;25,00;20,00 $;1540,00 $;5,68 $;0,06%;
12/09/2022;1;34081,96 $;-1060,68 $;0,00 $;-1060,68 $;5,68 $;-4125,28 $;-1060,68 $;0,00%;-1060,68 $;0,00 $;-1060,68 $;0,00 $;-1060,68 $;20,00;1055,00 $;620,00 $;1680,68 $;0,06%;
13/09/2022;1;32866,28 $;-1215,68 $;0,00 $;-1215,68 $;5,68 $;-5340,96 $;-1215,68 $;0,00%;-1215,68 $;0,00 $;-1215,68 $;0,00 $;-1215,68 $;40,00;1255,00 $;1180,00 $;2395,68 $;0,06%;
14/09/2022;1;34310,60 $;1444,32 $;1444,32 $;0,00 $;5,68 $;-3896,64 $;0,00 $;100,00%;1444,32 $;1444,32 $;0,00 $;1444,32 $;0,00 $;25,00;75,00 $;1695,00 $;250,68 $;0,06%;
15/09/2022;1;35509,92 $;1199,32 $;1199,32 $;0,00 $;5,68 $;-2697,32 $;0,00 $;100,00%;1199,32 $;1199,32 $;0,00 $;1199,32 $;0,00 $;35,00;665,00 $;1530,00 $;330,68 $;0,06%;
16/09/2022;1;34309,24 $;-1200,68 $;0,00 $;-1200,68 $;5,68 $;-3898,00 $;-1200,68 $;0,00%;-1200,68 $;0,00 $;-1200,68 $;0,00 $;-1200,68 $;35,00;1195,00 $;355,00 $;1555,68 $;0,06%;
19/09/2022;1;33578,56 $;-730,68 $;0,00 $;-730,68 $;5,68 $;-4628,68 $;-730,68 $;0,00%;-730,68 $;0,00 $;-730,68 $;0,00 $;-730,68 $;25,00;1045,00 $;410,00 $;1140,68 $;0,06%;
20/09/2022;1;33657,88 $;79,32 $;79,32 $;0,00 $;5,68 $;-4549,36 $;0,00 $;100,00%;79,32 $;79,32 $;0,00 $;79,32 $;0,00 $;30,00;595,00 $;605,00 $;525,68 $;0,06%;
21/09/2022;1;34457,20 $;799,32 $;799,32 $;0,00 $;5,68 $;-3750,04 $;0,00 $;100,00%;799,32 $;799,32 $;0,00 $;799,32 $;0,00 $;30,00;60,00 $;1115,00 $;315,68 $;0,06%;
22/09/2022;1;33226,52 $;-1230,68 $;0,00 $;-1230,68 $;5,68 $;-4980,72 $;-1230,68 $;0,00%;-1230,68 $;0,00 $;-1230,68 $;0,00 $;-1230,68 $;35,00;1640,00 $;570,00 $;1800,68 $;0,06%;
23/09/2022;1;35555,84 $;2329,32 $;2329,32 $;0,00 $;5,68 $;-2651,40 $;0,00 $;100,00%;2329,32 $;2329,32 $;0,00 $;2329,32 $;0,00 $;35,00;190,00 $;2335,00 $;5,68 $;0,06%;
26/09/2022;1;33975,16 $;-1580,68 $;0,00 $;-1580,68 $;5,68 $;-4232,08 $;-1580,68 $;0,00%;-1580,68 $;0,00 $;-1580,68 $;0,00 $;-1580,68 $;10,00;1575,00 $;635,00 $;2215,68 $;0,06%;
27/09/2022;1;34209,48 $;234,32 $;234,32 $;0,00 $;5,68 $;-3997,76 $;0,00 $;100,00%;234,32 $;234,32 $;0,00 $;234,32 $;0,00 $;40,00;420,00 $;1800,00 $;1565,68 $;0,06%;
28/09/2022;1;33673,80 $;-535,68 $;0,00 $;-535,68 $;5,68 $;-4533,44 $;-535,68 $;0,00%;-535,68 $;0,00 $;-535,68 $;0,00 $;-535,68 $;35,00;1220,00 $;255,00 $;790,68 $;0,06%;
29/09/2022;1;34483,12 $;809,32 $;809,32 $;0,00 $;5,68 $;-3724,12 $;0,00 $;100,00%;809,32 $;809,32 $;0,00 $;809,32 $;0,00 $;40,00;325,00 $;1170,00 $;360,68 $;0,06%;
30/09/2022;1;33677,44 $;-805,68 $;0,00 $;-805,68 $;5,68 $;-4529,80 $;-805,68 $;0,00%;-805,68 $;0,00 $;-805,68 $;0,00 $;-805,68 $;30,00;1135,00 $;205,00 $;1010,68 $;0,06%;
03/10/2022;1;34476,76 $;799,32 $;799,32 $;0,00 $;5,68 $;-3730,48 $;0,00 $;100,00%;799,32 $;799,32 $;0,00 $;799,32 $;0,00 $;40,00;10,00 $;1830,00 $;1030,68 $;0,06%;
04/10/2022;1;33246,08 $;-1230,68 $;0,00 $;-1230,68 $;5,68 $;-4961,16 $;-1230,68 $;0,00%;-1230,68 $;0,00 $;-1230,68 $;0,00 $;-1230,68 $;25,00;1290,00 $;325,00 $;1555,68 $;0,06%;
05/10/2022;1;33335,40 $;89,32 $;89,32 $;0,00 $;5,68 $;-4871,84 $;0,00 $;100,00%;89,32 $;89,32 $;0,00 $;89,32 $;0,00 $;40,00;490,00 $;985,00 $;895,68 $;0,06%;
06/10/2022;1;34884,72 $;1549,32 $;1549,32 $;0,00 $;5,68 $;-3322,52 $;0,00 $;100,00%;1549,32 $;1549,32 $;0,00 $;1549,32 $;0,00 $;40,00;745,00 $;1605,00 $;55,68 $;0,06%;
07/10/2022;1;32804,04 $;-2080,68 $;0,00 $;-2080,68 $;5,68 $;-5403,20 $;-2080,68 $;0,00%;-2080,68 $;0,00 $;-2080,68 $;0,00 $;-2080,68 $;25,00;2260,00 $;410,00 $;2490,68 $;0,06%;
10/10/2022;1;34713,36 $;1909,32 $;1909,32 $;0,00 $;5,68 $;-3493,88 $;0,00 $;100,00%;1909,32 $;1909,32 $;0,00 $;1909,32 $;0,00 $;15,00;65,00 $;1915,00 $;5,68 $;0,06%;
11/10/2022;1;33262,68 $;-1450,68 $;0,00 $;-1450,68 $;5,68 $;-4944,56 $;-1450,68 $;0,00%;-1450,68 $;0,00 $;-1450,68 $;0,00 $;-1450,68 $;25,00;1495,00 $;115,00 $;1565,68 $;0,06%;
12/10/2022;1;34457,00 $;1194,32 $;1194,32 $;0,00 $;5,68 $;-3750,24 $;0,00 $;100,00%;1194,32 $;1194,32 $;0,00 $;1194,32 $;0,00 $;25,00;100,00 $;2290,00 $;1095,68 $;0,06%;
13/10/2022;1;36376,32 $;1919,32 $;1919,32 $;0,00 $;5,68 $;-1830,92 $;0,00 $;100,00%;1919,32 $;1919,32 $;0,00 $;1919,32 $;0,00 $;35,00;685,00 $;2215,00 $;295,68 $;0,06%;
14/10/2022;1;37855,64 $;1479,32 $;1479,32 $;0,00 $;5,68 $;-351,60 $;0,00 $;100,00%;1479,32 $;1479,32 $;0,00 $;1479,32 $;0,00 $;25,00;1490,00 $;1915,00 $;435,68 $;0,06%;
17/10/2022;1;36564,96 $;-1290,68 $;0,00 $;-1290,68 $;5,68 $;-1642,28 $;-1290,68 $;0,00%;-1290,68 $;0,00 $;-1290,68 $;0,00 $;-1290,68 $;10,00;1285,00 $;360,00 $;1650,68 $;0,06%;
18/10/2022;1;38739,28 $;2174,32 $;2174,32 $;0,00 $;5,68 $;0,00 $;0,00 $;100,00%;2174,32 $;2174,32 $;0,00 $;2174,32 $;0,00 $;25,00;565,00 $;2180,00 $;5,68 $;0,06%;
19/10/2022;1;39808,60 $;1069,32 $;1069,32 $;0,00 $;5,68 $;0,00 $;0,00 $;100,00%;1069,32 $;1069,32 $;0,00 $;1069,32 $;0,00 $;25,00;450,00 $;1615,00 $;545,68 $;0,06%;
20/10/2022;1;39662,92 $;-145,68 $;0,00 $;-145,68 $;5,68 $;-145,68 $;-145,68 $;0,00%;-145,68 $;0,00 $;-145,68 $;0,00 $;-145,68 $;40,00;345,00 $;990,00 $;1135,68 $;0,06%;
21/10/2022;1;37002,24 $;-2660,68 $;0,00 $;-2660,68 $;5,68 $;-2806,36 $;-2660,68 $;0,00%;-2660,68 $;0,00 $;-2660,68 $;0,00 $;-2660,68 $;35,00;2655,00 $;390,00 $;3050,68 $;0,06%;
24/10/2022;1;37816,56 $;814,32 $;814,32 $;0,00 $;5,68 $;-1992,04 $;0,00 $;100,00%;814,32 $;814,32 $;0,00 $;814,32 $;0,00 $;25,00;250,00 $;2100,00 $;1285,68 $;0,06%;
25/10/2022;1;36715,88 $;-1100,68 $;0,00 $;-1100,68 $;5,68 $;-3092,72 $;-1100,68 $;0,00%;-1100,68 $;0,00 $;-1100,68 $;0,00 $;-1100,68 $;10,00;1095,00 $;165,00 $;1265,68 $;0,06%;
26/10/2022;1;36880,20 $;164,32 $;164,32 $;0,00 $;5,68 $;-2928,40 $;0,00 $;100,00%;164,32 $;164,32 $;0,00 $;164,32 $;0,00 $;30,00;830,00 $;1110,00 $;945,68 $;0,06%;
27/10/2022;1;39749,52 $;2869,32 $;2869,32 $;0,00 $;5,68 $;-59,08 $;0,00 $;100,00%;2869,32 $;2869,32 $;0,00 $;2869,32 $;0,00 $;25,00;220,00 $;3440,00 $;570,68 $;0,06%;
28/10/2022;1;37753,84 $;-1995,68 $;0,00 $;-1995,68 $;5,68 $;-2054,76 $;-1995,68 $;0,00%;-1995,68 $;0,00 $;-1995,68 $;0,00 $;-1995,68 $;5,00;1990,00 $;145,00 $;2140,68 $;0,06%;
31/10/2022;1;36808,16 $;-945,68 $;0,00 $;-945,68 $;5,68 $;-3000,44 $;-945,68 $;0,00%;-945,68 $;0,00 $;-945,68 $;0,00 $;-945,68 $;15,00;940,00 $;685,00 $;1630,68 $;0,06%;
01/11/2022;1;38347,48 $;1539,32 $;1539,32 $;0,00 $;5,68 $;-1461,12 $;0,00 $;100,00%;1539,32 $;1539,32 $;0,00 $;1539,32 $;0,00 $;10,00;320,00 $;1545,00 $;5,68 $;0,06%;
02/11/2022;1;38196,80 $;-150,68 $;0,00 $;-150,68 $;5,68 $;-1611,80 $;-150,68 $;0,00%;-150,68 $;0,00 $;-150,68 $;0,00 $;-150,68 $;25,00;190,00 $;810,00 $;960,68 $;0,06%;
03/11/2022;1;36626,12 $;-1570,68 $;0,00 $;-1570,68 $;5,68 $;-3182,48 $;-1570,68 $;0,00%;-1570,68 $;0,00 $;-1570,68 $;0,00 $;-1570,68 $;15,00;1565,00 $;275,00 $;1845,68 $;0,06%;
04/11/2022;1;37750,44 $;1124,32 $;1124,32 $;0,00 $;5,68 $;-2058,16 $;0,00 $;100,00%;1124,32 $;1124,32 $;0,00 $;1124,32 $;0,00 $;40,00;1260,00 $;3525,00 $;2400,68 $;0,06%;
07/11/2022;1;37204,76 $;-545,68 $;0,00 $;-545,68 $;5,68 $;-2603,84 $;-545,68 $;0,00%;-545,68 $;0,00 $;-545,68 $;0,00 $;-545,68 $;25,00;1275,00 $;155,00 $;700,68 $;0,06%;
08/11/2022;1;38584,08 $;1379,32 $;1379,32 $;0,00 $;5,68 $;-1224,52 $;0,00 $;100,00%;1379,32 $;1379,32 $;0,00 $;1379,32 $;0,00 $;15,00;0,00 $;1385,00 $;5,68 $;0,06%;
09/11/2022;1;37753,40 $;-830,68 $;0,00 $;-830,68 $;5,68 $;-2055,20 $;-830,68 $;0,00%;-830,68 $;0,00 $;-830,68 $;0,00 $;-830,68 $;30,00;1135,00 $;435,00 $;1265,68 $;0,06%;
10/11/2022;1;35257,72 $;-2495,68 $;0,00 $;-2495,68 $;5,68 $;-4550,88 $;-2495,68 $;0,00%;-2495,68 $;0,00 $;-2495,68 $;0,00 $;-2495,68 $;40,00;2565,00 $;1145,00 $;3640,68 $;0,06%;
11/11/2022;1;33982,04 $;-1275,68 $;0,00 $;-1275,68 $;5,68 $;-5826,56 $;-1275,68 $;0,00%;-1275,68 $;0,00 $;-1275,68 $;0,00 $;-1275,68 $;15,00;1270,00 $;180,00 $;1455,68 $;0,06%;
14/11/2022;1;33056,36 $;-925,68 $;0,00 $;-925,68 $;5,68 $;-6752,24 $;-925,68 $;0,00%;-925,68 $;0,00 $;-925,68 $;0,00 $;-925,68 $;20,00;920,00 $;325,00 $;1250,68 $;0,06%;
15/11/2022;1;30865,68 $;-2190,68 $;0,00 $;-2190,68 $;5,68 $;-8942,92 $;-2190,68 $;0,00%;-2190,68 $;0,00 $;-2190,68 $;0,00 $;-2190,68 $;15,00;2185,00 $;95,00 $;2285,68 $;0,06%;
16/11/2022;1;29245,00 $;-1620,68 $;0,00 $;-1620,68 $;5,68 $;-10563,60 $;-1620,68 $;0,00%;-1620,68 $;0,00 $;-1620,68 $;0,00 $;-1620,68 $;25,00;1615,00 $;85,00 $;1705,68 $;0,06%;
17/11/2022;1;29934,32 $;689,32 $;689,32 $;0,00 $;5,68 $;-9874,28 $;0,00 $;100,00%;689,32 $;689,32 $;0,00 $;689,32 $;0,00 $;35,00;510,00 $;1630,00 $;940,68 $;0,06%;
18/11/2022;1;29583,64 $;-350,68 $;0,00 $;-350,68 $;5,68 $;-10224,96 $;-350,68 $;0,00%;-350,68 $;0,00 $;-350,68 $;0,00 $;-350,68 $;25,00;705,00 $;360,00 $;710,68 $;0,06%;
21/11/2022;1;28817,96 $;-765,68 $;0,00 $;-765,68 $;5,68 $;-10990,64 $;-765,68 $;0,00%;-765,68 $;0,00 $;-765,68 $;0,00 $;-765,68 $;30,00;760,00 $;565,00 $;1330,68 $;0,06%;
22/11/2022;1;27717,28 $;-1100,68 $;0,00 $;-1100,68 $;5,68 $;-12091,32 $;-1100,68 $;0,00%;-1100,68 $;0,00 $;-1100,68 $;0,00 $;-1100,68 $;5,00;1095,00 $;180,00 $;1280,68 $;0,06%;
23/11/2022;1;27236,60 $;-480,68 $;0,00 $;-480,68 $;5,68 $;-12572,00 $;-480,68 $;0,00%;-480,68 $;0,00 $;-480,68 $;0,00 $;-480,68 $;40,00;750,00 $;180,00 $;660,68 $;0,06%;
24/11/2022;1;27165,92 $;-70,68 $;0,00 $;-70,68 $;5,68 $;-12642,68 $;-70,68 $;0,00%;-70,68 $;0,00 $;-70,68 $;0,00 $;-70,68 $;40,00;70,00 $;130,00 $;200,68 $;0,06%;
25/11/2022;1;27245,24 $;79,32 $;79,32 $;0,00 $;5,68 $;-12563,36 $;0,00 $;100,00%;79,32 $;79,32 $;0,00 $;79,32 $;0,00 $;40,00;655,00 $;295,00 $;215,68 $;0,06%;
28/11/2022;1;27054,56 $;-190,68 $;0,00 $;-190,68 $;5,68 $;-12754,04 $;-190,68 $;0,00%;-190,68 $;0,00 $;-190,68 $;0,00 $;-190,68 $;25,00;800,00 $;160,00 $;350,68 $;0,06%;
29/11/2022;1;26233,88 $;-820,68 $;0,00 $;-820,68 $;5,68 $;-13574,72 $;-820,68 $;0,00%;-820,68 $;0,00 $;-820,68 $;0,00 $;-820,68 $;25,00;1085,00 $;5,00 $;825,68 $;0,06%;
30/11/2022;1;26553,20 $;319,32 $;319,32 $;0,00 $;5,68 $;-13255,40 $;0,00 $;100,00%;319,32 $;319,32 $;0,00 $;319,32 $;0,00 $;35,00;190,00 $;480,00 $;160,68 $;0,06%;
01/12/2022;1;28482,52 $;1929,32 $;1929,32 $;0,00 $;5,68 $;-11326,08 $;0,00 $;100,00%;1929,32 $;1929,32 $;0,00 $;1929,32 $;0,00 $;40,00;665,00 $;1960,00 $;30,68 $;0,06%;
02/12/2022;1;28891,84 $;409,32 $;409,32 $;0,00 $;5,68 $;-10916,76 $;0,00 $;100,00%;409,32 $;409,32 $;0,00 $;409,32 $;0,00 $;40,00;465,00 $;690,00 $;280,68 $;0,06%;
05/12/2022;1;29106,16 $;214,32 $;214,32 $;0,00 $;5,68 $;-10702,44 $;0,00 $;100,00%;214,32 $;214,32 $;0,00 $;214,32 $;0,00 $;30,00;185,00 $;1025,00 $;810,68 $;0,06%;
06/12/2022;1;27960,48 $;-1145,68 $;0,00 $;-1145,68 $;5,68 $;-11848,12 $;-1145,68 $;0,00%;-1145,68 $;0,00 $;-1145,68 $;0,00 $;-1145,68 $;10,00;1140,00 $;290,00 $;1435,68 $;0,06%;
07/12/2022;1;26644,80 $;-1315,68 $;0,00 $;-1315,68 $;5,68 $;-13163,80 $;-1315,68 $;0,00%;-1315,68 $;0,00 $;-1315,68 $;0,00 $;-1315,68 $;15,00;1310,00 $;285,00 $;1600,68 $;0,06%;
08/12/2022;1;28324,12 $;1679,32 $;1679,32 $;0,00 $;5,68 $;-11484,48 $;0,00 $;100,00%;1679,32 $;1679,32 $;0,00 $;1679,32 $;0,00 $;25,00;785,00 $;1765,00 $;85,68 $;0,06%;
09/12/2022;1;27123,44 $;-1200,68 $;0,00 $;-1200,68 $;5,68 $;-12685,16 $;-1200,68 $;0,00%;-1200,68 $;0,00 $;-1200,68 $;0,00 $;-1200,68 $;25,00;1210,00 $;330,00 $;1530,68 $;0,06%;
12/12/2022;1;27492,76 $;369,32 $;369,32 $;0,00 $;5,68 $;-12315,84 $;0,00 $;100,00%;369,32 $;369,32 $;0,00 $;369,32 $;0,00 $;30,00;690,00 $;645,00 $;275,68 $;0,06%;
13/12/2022;1;26607,08 $;-885,68 $;0,00 $;-885,68 $;5,68 $;-13201,52 $;-885,68 $;0,00%;-885,68 $;0,00 $;-885,68 $;0,00 $;-885,68 $;35,00;1910,00 $;60,00 $;945,68 $;0,06%;
14/12/2022;1;27996,40 $;1389,32 $;1389,32 $;0,00 $;5,68 $;-11812,20 $;0,00 $;100,00%;1389,32 $;1389,32 $;0,00 $;1389,32 $;0,00 $;5,00;20,00 $;1395,00 $;5,68 $;0,06%;
15/12/2022;1;26620,72 $;-1375,68 $;0,00 $;-1375,68 $;5,68 $;-13187,88 $;-1375,68 $;0,00%;-1375,68 $;0,00 $;-1375,68 $;0,00 $;-1375,68 $;25,00;1695,00 $;325,00 $;1700,68 $;0,06%;
16/12/2022;1;28455,04 $;1834,32 $;1834,32 $;0,00 $;5,68 $;-11353,56 $;0,00 $;100,00%;1834,32 $;1834,32 $;0,00 $;1834,32 $;0,00 $;25,00;305,00 $;1840,00 $;5,68 $;0,06%;
19/12/2022;1;27649,36 $;-805,68 $;0,00 $;-805,68 $;5,68 $;-12159,24 $;-805,68 $;0,00%;-805,68 $;0,00 $;-805,68 $;0,00 $;-805,68 $;10,00;800,00 $;105,00 $;910,68 $;0,06%;
20/12/2022;1;26628,68 $;-1020,68 $;0,00 $;-1020,68 $;5,68 $;-13179,92 $;-1020,68 $;0,00%;-1020,68 $;0,00 $;-1020,68 $;0,00 $;-1020,68 $;20,00;1015,00 $;550,00 $;1570,68 $;0,06%;
21/12/2022;1;26748,00 $;119,32 $;119,32 $;0,00 $;5,68 $;-13060,60 $;0,00 $;100,00%;119,32 $;119,32 $;0,00 $;119,32 $;0,00 $;40,00;790,00 $;1065,00 $;945,68 $;0,06%;
22/12/2022;1;25537,32 $;-1210,68 $;0,00 $;-1210,68 $;5,68 $;-14271,28 $;-1210,68 $;0,00%;-1210,68 $;0,00 $;-1210,68 $;0,00 $;-1210,68 $;15,00;1205,00 $;270,00 $;1480,68 $;0,06%;
23/12/2022;1;26646,64 $;1109,32 $;1109,32 $;0,00 $;5,68 $;-13161,96 $;0,00 $;100,00%;1109,32 $;1109,32 $;0,00 $;1109,32 $;0,00 $;25,00;650,00 $;1265,00 $;155,68 $;0,06%;
27/12/2022;1;25430,96 $;-1215,68 $;0,00 $;-1215,68 $;5,68 $;-14377,64 $;-1215,68 $;0,00%;-1215,68 $;0,00 $;-1215,68 $;0,00 $;-1215,68 $;5,00;1210,00 $;15,00 $;1230,68 $;0,06%;
28/12/2022;1;26600,28 $;1169,32 $;1169,32 $;0,00 $;5,68 $;-13208,32 $;0,00 $;100,00%;1169,32 $;1169,32 $;0,00 $;1169,32 $;0,00 $;0,00;0,00 $;1175,00 $;5,68 $;0,06%;
29/12/2022;1;25629,60 $;-970,68 $;0,00 $;-970,68 $;5,68 $;-14179,00 $;-970,68 $;0,00%;-970,68 $;0,00 $;-970,68 $;0,00 $;-970,68 $;15,00;965,00 $;770,00 $;1740,68 $;0,06%;
30/12/2022;1;26118,92 $;489,32 $;489,32 $;0,00 $;5,68 $;-13689,68 $;0,00 $;100,00%;489,32 $;489,32 $;0,00 $;489,32 $;0,00 $;25,00;35,00 $;1680,00 $;1190,68 $;0,06%;
03/01/2023;1;28023,24 $;1904,32 $;1904,32 $;0,00 $;5,68 $;-11785,36 $;0,00 $;100,00%;1904,32 $;1904,32 $;0,00 $;1904,32 $;0,00 $;30,00;955,00 $;1910,00 $;5,68 $;0,06%;
04/01/2023;1;27992,56 $;-30,68 $;0,00 $;-30,68 $;5,68 $;-11816,04 $;-30,68 $;0,00%;-30,68 $;0,00 $;-30,68 $;0,00 $;-30,68 $;25,00;565,00 $;1275,00 $;1305,68 $;0,06%;
05/01/2023;1;26456,88 $;-1535,68 $;0,00 $;-1535,68 $;5,68 $;-13351,72 $;-1535,68 $;0,00%;-1535,68 $;0,00 $;-1535,68 $;0,00 $;-1535,68 $;15,00;1530,00 $;535,00 $;2070,68 $;0,06%;
06/01/2023;1;25546,20 $;-910,68 $;0,00 $;-910,68 $;5,68 $;-14262,40 $;-910,68 $;0,00%;-910,68 $;0,00 $;-910,68 $;0,00 $;-910,68 $;40,00;1295,00 $;160,00 $;1070,68 $;0,06%;
09/01/2023;1;24520,52 $;-1025,68 $;0,00 $;-1025,68 $;5,68 $;-15288,08 $;-1025,68 $;0,00%;-1025,68 $;0,00 $;-1025,68 $;0,00 $;-1025,68 $;20,00;1020,00 $;130,00 $;1155,68 $;0,06%;
10/01/2023;1;23129,84 $;-1390,68 $;0,00 $;-1390,68 $;5,68 $;-16678,76 $;-1390,68 $;0,00%;-1390,68 $;0,00 $;-1390,68 $;0,00 $;-1390,68 $;10,00;1385,00 $;605,00 $;1995,68 $;0,06%;
11/01/2023;1;22849,16 $;-280,68 $;0,00 $;-280,68 $;5,68 $;-16959,44 $;-280,68 $;0,00%;-280,68 $;0,00 $;-280,68 $;0,00 $;-280,68 $;30,00;795,00 $;650,00 $;930,68 $;0,06%;
12/01/2023;1;22548,48 $;-300,68 $;0,00 $;-300,68 $;5,68 $;-17260,12 $;-300,68 $;0,00%;-300,68 $;0,00 $;-300,68 $;0,00 $;-300,68 $;40,00;590,00 $;200,00 $;500,68 $;0,06%;
13/01/2023;1;22412,80 $;-135,68 $;0,00 $;-135,68 $;5,68 $;-17395,80 $;-135,68 $;0,00%;-135,68 $;0,00 $;-135,68 $;0,00 $;-135,68 $;25,00;525,00 $;845,00 $;980,68 $;0,06%;
16/01/2023;1;22342,12 $;-70,68 $;0,00 $;-70,68 $;5,68 $;-17466,48 $;-70,68 $;0,00%;-70,68 $;0,00 $;-70,68 $;0,00 $;-70,68 $;25,00;300,00 $;60,00 $;130,68 $;0,06%;
17/01/2023;1;21781,44 $;-560,68 $;0,00 $;-560,68 $;5,68 $;-18027,16 $;-560,68 $;0,00%;-560,68 $;0,00 $;-560,68 $;0,00 $;-560,68 $;35,00;815,00 $;740,00 $;1300,68 $;0,06%;
18/01/2023;1;21465,76 $;-315,68 $;0,00 $;-315,68 $;5,68 $;-18342,84 $;-315,68 $;0,00%;-315,68 $;0,00 $;-315,68 $;0,00 $;-315,68 $;25,00;375,00 $;635,00 $;950,68 $;0,06%;
19/01/2023;1;21680,08 $;214,32 $;214,32 $;0,00 $;5,68 $;-18128,52 $;0,00 $;100,00%;214,32 $;214,32 $;0,00 $;214,32 $;0,00 $;30,00;785,00 $;1170,00 $;955,68 $;0,06%;
20/01/2023;1;22749,40 $;1069,32 $;1069,32 $;0,00 $;5,68 $;-17059,20 $;0,00 $;100,00%;1069,32 $;1069,32 $;0,00 $;1069,32 $;0,00 $;25,00;235,00 $;1555,00 $;485,68 $;0,06%;
23/01/2023;1;24098,72 $;1349,32 $;1349,32 $;0,00 $;5,68 $;-15709,88 $;0,00 $;100,00%;1349,32 $;1349,32 $;0,00 $;1349,32 $;0,00 $;20,00;175,00 $;1355,00 $;5,68 $;0,06%;
24/01/2023;1;24528,04 $;429,32 $;429,32 $;0,00 $;5,68 $;-15280,56 $;0,00 $;100,00%;429,32 $;429,32 $;0,00 $;429,32 $;0,00 $;25,00;490,00 $;650,00 $;220,68 $;0,06%;
25/01/2023;1;23572,36 $;-955,68 $;0,00 $;-955,68 $;5,68 $;-16236,24 $;-955,68 $;0,00%;-955,68 $;0,00 $;-955,68 $;0,00 $;-955,68 $;0,00;950,00 $;0,00 $;955,68 $;0,06%;
26/01/2023;1;24401,68 $;829,32 $;829,32 $;0,00 $;5,68 $;-15406,92 $;0,00 $;100,00%;829,32 $;829,32 $;0,00 $;829,32 $;0,00 $;40,00;1145,00 $;1415,00 $;585,68 $;0,06%;
27/01/2023;1;23506,00 $;-895,68 $;0,00 $;-895,68 $;5,68 $;-16302,60 $;-895,68 $;0,00%;-895,68 $;0,00 $;-895,68 $;0,00 $;-895,68 $;25,00;1290,00 $;210,00 $;1105,68 $;0,06%;
30/01/2023;1;22840,32 $;-665,68 $;0,00 $;-665,68 $;5,68 $;-16968,28 $;-665,68 $;0,00%;-665,68 $;0,00 $;-665,68 $;0,00 $;-665,68 $;35,00;1555,00 $;175,00 $;840,68 $;0,06%;
31/01/2023;1;23399,64 $;559,32 $;559,32 $;0,00 $;5,68 $;-16408,96 $;0,00 $;100,00%;559,32 $;559,32 $;0,00 $;559,32 $;0,00 $;25,00;610,00 $;800,00 $;240,68 $;0,06%;
01/02/2023;1;24148,96 $;749,32 $;749,32 $;0,00 $;5,68 $;-15659,64 $;0,00 $;100,00%;749,32 $;749,32 $;0,00 $;749,32 $;0,00 $;25,00;215,00 $;920,00 $;170,68 $;0,06%;
02/02/2023;1;22743,28 $;-1405,68 $;0,00 $;-1405,68 $;5,68 $;-17065,32 $;-1405,68 $;0,00%;-1405,68 $;0,00 $;-1405,68 $;0,00 $;-1405,68 $;10,00;1400,00 $;90,00 $;1495,68 $;0,06%;
03/02/2023;1;26232,60 $;3489,32 $;3489,32 $;0,00 $;5,68 $;-13576,00 $;0,00 $;100,00%;3489,32 $;3489,32 $;0,00 $;3489,32 $;0,00 $;20,00;315,00 $;3495,00 $;5,68 $;0,06%;
06/02/2023;1;26366,92 $;134,32 $;134,32 $;0,00 $;5,68 $;-13441,68 $;0,00 $;100,00%;134,32 $;134,32 $;0,00 $;134,32 $;0,00 $;25,00;240,00 $;880,00 $;745,68 $;0,06%;
07/02/2023;1;26121,24 $;-245,68 $;0,00 $;-245,68 $;5,68 $;-13687,36 $;-245,68 $;0,00%;-245,68 $;0,00 $;-245,68 $;0,00 $;-245,68 $;40,00;415,00 $;895,00 $;1140,68 $;0,06%;
08/02/2023;1;25930,56 $;-190,68 $;0,00 $;-190,68 $;5,68 $;-13878,04 $;-190,68 $;0,00%;-190,68 $;0,00 $;-190,68 $;0,00 $;-190,68 $;40,00;910,00 $;880,00 $;1070,68 $;0,06%;
09/02/2023;1;27399,88 $;1469,32 $;1469,32 $;0,00 $;5,68 $;-12408,72 $;0,00 $;100,00%;1469,32 $;1469,32 $;0,00 $;1469,32 $;0,00 $;10,00;120,00 $;1475,00 $;5,68 $;0,06%;
10/02/2023;1;27869,20 $;469,32 $;469,32 $;0,00 $;5,68 $;-11939,40 $;0,00 $;100,00%;469,32 $;469,32 $;0,00 $;469,32 $;0,00 $;25,00;455,00 $;1195,00 $;725,68 $;0,06%;
13/02/2023;1;29413,52 $;1544,32 $;1544,32 $;0,00 $;5,68 $;-10395,08 $;0,00 $;100,00%;1544,32 $;1544,32 $;0,00 $;1544,32 $;0,00 $;20,00;415,00 $;1550,00 $;5,68 $;0,06%;
14/02/2023;1;32192,84 $;2779,32 $;2779,32 $;0,00 $;5,68 $;-7615,76 $;0,00 $;100,00%;2779,32 $;2779,32 $;0,00 $;2779,32 $;0,00 $;25,00;195,00 $;3100,00 $;320,68 $;0,06%;
15/02/2023;1;31172,16 $;-1020,68 $;0,00 $;-1020,68 $;5,68 $;-8636,44 $;-1020,68 $;0,00%;-1020,68 $;0,00 $;-1020,68 $;0,00 $;-1020,68 $;40,00;1495,00 $;120,00 $;1140,68 $;0,06%;
16/02/2023;1;31951,48 $;779,32 $;779,32 $;0,00 $;5,68 $;-7857,12 $;0,00 $;100,00%;779,32 $;779,32 $;0,00 $;779,32 $;0,00 $;40,00;560,00 $;1350,00 $;570,68 $;0,06%;
17/02/2023;1;33555,80 $;1604,32 $;1604,32 $;0,00 $;5,68 $;-6252,80 $;0,00 $;100,00%;1604,32 $;1604,32 $;0,00 $;1604,32 $;0,00 $;25,00;355,00 $;1610,00 $;5,68 $;0,06%;
20/02/2023;1;33455,12 $;-100,68 $;0,00 $;-100,68 $;5,68 $;-6353,48 $;-100,68 $;0,00%;-100,68 $;0,00 $;-100,68 $;0,00 $;-100,68 $;40,00;185,00 $;110,00 $;210,68 $;0,06%;
21/02/2023;1;33229,44 $;-225,68 $;0,00 $;-225,68 $;5,68 $;-6579,16 $;-225,68 $;0,00%;-225,68 $;0,00 $;-225,68 $;0,00 $;-225,68 $;40,00;455,00 $;1015,00 $;1240,68 $;0,06%;
22/02/2023;1;33523,76 $;294,32 $;294,32 $;0,00 $;5,68 $;-6284,84 $;0,00 $;100,00%;294,32 $;294,32 $;0,00 $;294,32 $;0,00 $;25,00;740,00 $;370,00 $;75,68 $;0,06%;
23/02/2023;1;34013,08 $;489,32 $;489,32 $;0,00 $;5,68 $;-5795,52 $;0,00 $;100,00%;489,32 $;489,32 $;0,00 $;489,32 $;0,00 $;40,00;80,00 $;1195,00 $;705,68 $;0,06%;
24/02/2023;1;33952,40 $;-60,68 $;0,00 $;-60,68 $;5,68 $;-5856,20 $;-60,68 $;0,00%;-60,68 $;0,00 $;-60,68 $;0,00 $;-60,68 $;40,00;420,00 $;1335,00 $;1395,68 $;0,06%;
27/02/2023;1;35376,72 $;1424,32 $;1424,32 $;0,00 $;5,68 $;-4431,88 $;0,00 $;100,00%;1424,32 $;1424,32 $;0,00 $;1424,32 $;0,00 $;40,00;15,00 $;1985,00 $;560,68 $;0,06%;
28/02/2023;1;35871,04 $;494,32 $;494,32 $;0,00 $;5,68 $;-3937,56 $;0,00 $;100,00%;494,32 $;494,32 $;0,00 $;494,32 $;0,00 $;40,00;535,00 $;900,00 $;405,68 $;0,06%;
01/03/2023;1;36430,36 $;559,32 $;559,32 $;0,00 $;5,68 $;-3378,24 $;0,00 $;100,00%;559,32 $;559,32 $;0,00 $;559,32 $;0,00 $;25,00;395,00 $;1115,00 $;555,68 $;0,06%;
02/03/2023;1;35984,68 $;-445,68 $;0,00 $;-445,68 $;5,68 $;-3823,92 $;-445,68 $;0,00%;-445,68 $;0,00 $;-445,68 $;0,00 $;-445,68 $;40,00;630,00 $;580,00 $;1025,68 $;0,06%;
03/03/2023;1;35124,00 $;-860,68 $;0,00 $;-860,68 $;5,68 $;-4684,60 $;-860,68 $;0,00%;-860,68 $;0,00 $;-860,68 $;0,00 $;-860,68 $;30,00;855,00 $;510,00 $;1370,68 $;0,06%;
06/03/2023;1;35018,32 $;-105,68 $;0,00 $;-105,68 $;5,68 $;-4790,28 $;-105,68 $;0,00%;-105,68 $;0,00 $;-105,68 $;0,00 $;-105,68 $;25,00;365,00 $;600,00 $;705,68 $;0,06%;
07/03/2023;1;35062,64 $;44,32 $;44,32 $;0,00 $;5,68 $;-4745,96 $;0,00 $;100,00%;44,32 $;44,32 $;0,00 $;44,32 $;0,00 $;40,00;360,00 $;635,00 $;590,68 $;0,06%;
08/03/2023;1;35076,96 $;14,32 $;14,32 $;0,00 $;5,68 $;-4731,64 $;0,00 $;100,00%;14,32 $;14,32 $;0,00 $;14,32 $;0,00 $;25,00;200,00 $;485,00 $;470,68 $;0,06%;
09/03/2023;1;33866,28 $;-1210,68 $;0,00 $;-1210,68 $;5,68 $;-5942,32 $;-1210,68 $;0,00%;-1210,68 $;0,00 $;-1210,68 $;0,00 $;-1210,68 $;30,00;1205,00 $;710,00 $;1920,68 $;0,06%;
10/03/2023;1;34145,60 $;279,32 $;279,32 $;0,00 $;5,68 $;-5663,00 $;0,00 $;100,00%;279,32 $;279,32 $;0,00 $;279,32 $;0,00 $;40,00;1850,00 $;470,00 $;190,68 $;0,06%;
13/03/2023;1;32714,92 $;-1430,68 $;0,00 $;-1430,68 $;5,68 $;-7093,68 $;-1430,68 $;0,00%;-1430,68 $;0,00 $;-1430,68 $;0,00 $;-1430,68 $;35,00;1630,00 $;640,00 $;2070,68 $;0,06%;
14/03/2023;1;31434,24 $;-1280,68 $;0,00 $;-1280,68 $;5,68 $;-8374,36 $;-1280,68 $;0,00%;-1280,68 $;0,00 $;-1280,68 $;0,00 $;-1280,68 $;40,00;1875,00 $;160,00 $;1440,68 $;0,06%;
15/03/2023;1;31443,56 $;9,32 $;9,32 $;0,00 $;5,68 $;-8365,04 $;0,00 $;100,00%;9,32 $;9,32 $;0,00 $;9,32 $;0,00 $;30,00;1315,00 $;340,00 $;330,68 $;0,06%;
16/03/2023;1;32712,88 $;1269,32 $;1269,32 $;0,00 $;5,68 $;-7095,72 $;0,00 $;100,00%;1269,32 $;1269,32 $;0,00 $;1269,32 $;0,00 $;40,00;780,00 $;1310,00 $;40,68 $;0,06%;
17/03/2023;1;34272,20 $;1559,32 $;1559,32 $;0,00 $;5,68 $;-5536,40 $;0,00 $;100,00%;1559,32 $;1559,32 $;0,00 $;1559,32 $;0,00 $;40,00;170,00 $;2325,00 $;765,68 $;0,06%;
20/03/2023;1;33966,52 $;-305,68 $;0,00 $;-305,68 $;5,68 $;-5842,08 $;-305,68 $;0,00%;-305,68 $;0,00 $;-305,68 $;0,00 $;-305,68 $;25,00;1000,00 $;640,00 $;945,68 $;0,06%;
21/03/2023;1;33805,84 $;-160,68 $;0,00 $;-160,68 $;5,68 $;-6002,76 $;-160,68 $;0,00%;-160,68 $;0,00 $;-160,68 $;0,00 $;-160,68 $;25,00;215,00 $;875,00 $;1035,68 $;0,06%;
22/03/2023;1;33595,16 $;-210,68 $;0,00 $;-210,68 $;5,68 $;-6213,44 $;-210,68 $;0,00%;-210,68 $;0,00 $;-210,68 $;0,00 $;-210,68 $;40,00;455,00 $;435,00 $;645,68 $;0,06%;
23/03/2023;1;32899,48 $;-695,68 $;0,00 $;-695,68 $;5,68 $;-6909,12 $;-695,68 $;0,00%;-695,68 $;0,00 $;-695,68 $;0,00 $;-695,68 $;30,00;825,00 $;160,00 $;855,68 $;0,06%;
24/03/2023;1;32573,80 $;-325,68 $;0,00 $;-325,68 $;5,68 $;-7234,80 $;-325,68 $;0,00%;-325,68 $;0,00 $;-325,68 $;0,00 $;-325,68 $;35,00;780,00 $;1390,00 $;1715,68 $;0,06%;
27/03/2023;1;32833,12 $;259,32 $;259,32 $;0,00 $;5,68 $;-6975,48 $;0,00 $;100,00%;259,32 $;259,32 $;0,00 $;259,32 $;0,00 $;30,00;770,00 $;920,00 $;660,68 $;0,06%;
28/03/2023;1;31817,44 $;-1015,68 $;0,00 $;-1015,68 $;5,68 $;-7991,16 $;-1015,68 $;0,00%;-1015,68 $;0,00 $;-1015,68 $;0,00 $;-1015,68 $;5,00;1010,00 $;40,00 $;1055,68 $;0,06%;
29/03/2023;1;31071,76 $;-745,68 $;0,00 $;-745,68 $;5,68 $;-8736,84 $;-745,68 $;0,00%;-745,68 $;0,00 $;-745,68 $;0,00 $;-745,68 $;15,00;740,00 $;30,00 $;775,68 $;0,06%;
30/03/2023;1;30761,08 $;-310,68 $;0,00 $;-310,68 $;5,68 $;-9047,52 $;-310,68 $;0,00%;-310,68 $;0,00 $;-310,68 $;0,00 $;-310,68 $;30,00;330,00 $;555,00 $;865,68 $;0,06%;
31/03/2023;1;30195,40 $;-565,68 $;0,00 $;-565,68 $;5,68 $;-9613,20 $;-565,68 $;0,00%;-565,68 $;0,00 $;-565,68 $;0,00 $;-565,68 $;35,00;840,00 $;155,00 $;720,68 $;0,06%;
03/04/2023;1;29529,72 $;-665,68 $;0,00 $;-665,68 $;5,68 $;-10278,88 $;-665,68 $;0,00%;-665,68 $;0,00 $;-665,68 $;0,00 $;-665,68 $;25,00;660,00 $;375,00 $;1040,68 $;0,06%;
04/04/2023;1;28899,04 $;-630,68 $;0,00 $;-630,68 $;5,68 $;-10909,56 $;-630,68 $;0,00%;-630,68 $;0,00 $;-630,68 $;0,00 $;-630,68 $;20,00;625,00 $;150,00 $;780,68 $;0,06%;
05/04/2023;1;28028,36 $;-870,68 $;0,00 $;-870,68 $;5,68 $;-11780,24 $;-870,68 $;0,00%;-870,68 $;0,00 $;-870,68 $;0,00 $;-870,68 $;15,00;865,00 $;30,00 $;900,68 $;0,06%;
06/04/2023;1;27152,68 $;-875,68 $;0,00 $;-875,68 $;5,68 $;-12655,92 $;-875,68 $;0,00%;-875,68 $;0,00 $;-875,68 $;0,00 $;-875,68 $;15,00;870,00 $;195,00 $;1070,68 $;0,06%;
10/04/2023;1;26302,00 $;-850,68 $;0,00 $;-850,68 $;5,68 $;-13506,60 $;-850,68 $;0,00%;-850,68 $;0,00 $;-850,68 $;0,00 $;-850,68 $;15,00;845,00 $;125,00 $;975,68 $;0,06%;
11/04/2023;1;27451,32 $;1149,32 $;1149,32 $;0,00 $;5,68 $;-12357,28 $;0,00 $;100,00%;1149,32 $;1149,32 $;0,00 $;1149,32 $;0,00 $;20,00;55,00 $;1155,00 $;5,68 $;0,06%;
12/04/2023;1;28875,64 $;1424,32 $;1424,32 $;0,00 $;5,68 $;-10932,96 $;0,00 $;100,00%;1424,32 $;1424,32 $;0,00 $;1424,32 $;0,00 $;40,00;10,00 $;1565,00 $;140,68 $;0,06%;
13/04/2023;1;28664,96 $;-210,68 $;0,00 $;-210,68 $;5,68 $;-11143,64 $;-210,68 $;0,00%;-210,68 $;0,00 $;-210,68 $;0,00 $;-210,68 $;25,00;475,00 $;250,00 $;460,68 $;0,06%;
14/04/2023;1;27944,28 $;-720,68 $;0,00 $;-720,68 $;5,68 $;-11864,32 $;-720,68 $;0,00%;-720,68 $;0,00 $;-720,68 $;0,00 $;-720,68 $;40,00;960,00 $;150,00 $;870,68 $;0,06%;
17/04/2023;1;27613,60 $;-330,68 $;0,00 $;-330,68 $;5,68 $;-12195,00 $;-330,68 $;0,00%;-330,68 $;0,00 $;-330,68 $;0,00 $;-330,68 $;25,00;745,00 $;550,00 $;880,68 $;0,06%;
18/04/2023;1;27337,92 $;-275,68 $;0,00 $;-275,68 $;5,68 $;-12470,68 $;-275,68 $;0,00%;-275,68 $;0,00 $;-275,68 $;0,00 $;-275,68 $;25,00;475,00 $;640,00 $;915,68 $;0,06%;
19/04/2023;1;27787,24 $;449,32 $;449,32 $;0,00 $;5,68 $;-12021,36 $;0,00 $;100,00%;449,32 $;449,32 $;0,00 $;449,32 $;0,00 $;25,00;305,00 $;575,00 $;125,68 $;0,06%;
20/04/2023;1;27201,56 $;-585,68 $;0,00 $;-585,68 $;5,68 $;-12607,04 $;-585,68 $;0,00%;-585,68 $;0,00 $;-585,68 $;0,00 $;-585,68 $;25,00;765,00 $;145,00 $;730,68 $;0,06%;
21/04/2023;1;28395,88 $;1194,32 $;1194,32 $;0,00 $;5,68 $;-11412,72 $;0,00 $;100,00%;1194,32 $;1194,32 $;0,00 $;1194,32 $;0,00 $;35,00;290,00 $;1200,00 $;5,68 $;0,06%;
24/04/2023;1;27640,20 $;-755,68 $;0,00 $;-755,68 $;5,68 $;-12168,40 $;-755,68 $;0,00%;-755,68 $;0,00 $;-755,68 $;0,00 $;-755,68 $;40,00;985,00 $;65,00 $;820,68 $;0,06%;
25/04/2023;1;27444,52 $;-195,68 $;0,00 $;-195,68 $;5,68 $;-12364,08 $;-195,68 $;0,00%;-195,68 $;0,00 $;-195,68 $;0,00 $;-195,68 $;30,00;450,00 $;540,00 $;735,68 $;0,06%;
26/04/2023;1;27228,84 $;-215,68 $;0,00 $;-215,68 $;5,68 $;-12579,76 $;-215,68 $;0,00%;-215,68 $;0,00 $;-215,68 $;0,00 $;-215,68 $;30,00;290,00 $;1020,00 $;1235,68 $;0,06%;
27/04/2023;1;27118,16 $;-110,68 $;0,00 $;-110,68 $;5,68 $;-12690,44 $;-110,68 $;0,00%;-110,68 $;0,00 $;-110,68 $;0,00 $;-110,68 $;40,00;730,00 $;260,00 $;370,68 $;0,06%;
28/04/2023;1;27427,48 $;309,32 $;309,32 $;0,00 $;5,68 $;-12381,12 $;0,00 $;100,00%;309,32 $;309,32 $;0,00 $;309,32 $;0,00 $;40,00;390,00 $;1045,00 $;735,68 $;0,06%;
01/05/2023;1;28136,80 $;709,32 $;709,32 $;0,00 $;5,68 $;-11671,80 $;0,00 $;100,00%;709,32 $;709,32 $;0,00 $;709,32 $;0,00 $;35,00;210,00 $;770,00 $;60,68 $;0,06%;
02/05/2023;1;28496,12 $;359,32 $;359,32 $;0,00 $;5,68 $;-11312,48 $;0,00 $;100,00%;359,32 $;359,32 $;0,00 $;359,32 $;0,00 $;25,00;130,00 $;820,00 $;460,68 $;0,06%;
03/05/2023;1;29170,44 $;674,32 $;674,32 $;0,00 $;5,68 $;-10638,16 $;0,00 $;100,00%;674,32 $;674,32 $;0,00 $;674,32 $;0,00 $;30,00;225,00 $;855,00 $;180,68 $;0,06%;
04/05/2023;1;28569,76 $;-600,68 $;0,00 $;-600,68 $;5,68 $;-11238,84 $;-600,68 $;0,00%;-600,68 $;0,00 $;-600,68 $;0,00 $;-600,68 $;25,00;890,00 $;250,00 $;850,68 $;0,06%;
05/05/2023;1;27839,08 $;-730,68 $;0,00 $;-730,68 $;5,68 $;-11969,52 $;-730,68 $;0,00%;-730,68 $;0,00 $;-730,68 $;0,00 $;-730,68 $;25,00;770,00 $;130,00 $;860,68 $;0,06%;
08/05/2023;1;28408,40 $;569,32 $;569,32 $;0,00 $;5,68 $;-11400,20 $;0,00 $;100,00%;569,32 $;569,32 $;0,00 $;569,32 $;0,00 $;25,00;110,00 $;740,00 $;170,68 $;0,06%;
09/05/2023;1;29117,72 $;709,32 $;709,32 $;0,00 $;5,68 $;-10690,88 $;0,00 $;100,00%;709,32 $;709,32 $;0,00 $;709,32 $;0,00 $;40,00;75,00 $;745,00 $;35,68 $;0,06%;
10/05/2023;1;29177,04 $;59,32 $;59,32 $;0,00 $;5,68 $;-10631,56 $;0,00 $;100,00%;59,32 $;59,32 $;0,00 $;59,32 $;0,00 $;40,00;750,00 $;1165,00 $;1105,68 $;0,06%;
11/05/2023;1;28491,36 $;-685,68 $;0,00 $;-685,68 $;5,68 $;-11317,24 $;-685,68 $;0,00%;-685,68 $;0,00 $;-685,68 $;0,00 $;-685,68 $;40,00;945,00 $;275,00 $;960,68 $;0,06%;
12/05/2023;1;29200,68 $;709,32 $;709,32 $;0,00 $;5,68 $;-10607,92 $;0,00 $;100,00%;709,32 $;709,32 $;0,00 $;709,32 $;0,00 $;25,00;75,00 $;825,00 $;115,68 $;0,06%;
15/05/2023;1;28590,00 $;-610,68 $;0,00 $;-610,68 $;5,68 $;-11218,60 $;-610,68 $;0,00%;-610,68 $;0,00 $;-610,68 $;0,00 $;-610,68 $;25,00;655,00 $;425,00 $;1035,68 $;0,06%;
16/05/2023;1;29634,32 $;1044,32 $;1044,32 $;0,00 $;5,68 $;-10174,28 $;0,00 $;100,00%;1044,32 $;1044,32 $;0,00 $;1044,32 $;0,00 $;15,00;55,00 $;1050,00 $;5,68 $;0,06%;
17/05/2023;1;30388,64 $;754,32 $;754,32 $;0,00 $;5,68 $;-9419,96 $;0,00 $;100,00%;754,32 $;754,32 $;0,00 $;754,32 $;0,00 $;35,00;455,00 $;835,00 $;80,68 $;0,06%;
18/05/2023;1;29507,96 $;-880,68 $;0,00 $;-880,68 $;5,68 $;-10300,64 $;-880,68 $;0,00%;-880,68 $;0,00 $;-880,68 $;0,00 $;-880,68 $;40,00;1015,00 $;5,00 $;885,68 $;0,06%;
19/05/2023;1;29777,28 $;269,32 $;269,32 $;0,00 $;5,68 $;-10031,32 $;0,00 $;100,00%;269,32 $;269,32 $;0,00 $;269,32 $;0,00 $;40,00;360,00 $;655,00 $;385,68 $;0,06%;
22/05/2023;1;30631,60 $;854,32 $;854,32 $;0,00 $;5,68 $;-9177,00 $;0,00 $;100,00%;854,32 $;854,32 $;0,00 $;854,32 $;0,00 $;5,00;20,00 $;860,00 $;5,68 $;0,06%;
23/05/2023;1;31095,92 $;464,32 $;464,32 $;0,00 $;5,68 $;-8712,68 $;0,00 $;100,00%;464,32 $;464,32 $;0,00 $;464,32 $;0,00 $;40,00;360,00 $;735,00 $;270,68 $;0,06%;
24/05/2023;1;31270,24 $;174,32 $;174,32 $;0,00 $;5,68 $;-8538,36 $;0,00 $;100,00%;174,32 $;174,32 $;0,00 $;174,32 $;0,00 $;40,00;270,00 $;815,00 $;640,68 $;0,06%;
25/05/2023;1;30864,56 $;-405,68 $;0,00 $;-405,68 $;5,68 $;-8944,04 $;-405,68 $;0,00%;-405,68 $;0,00 $;-405,68 $;0,00 $;-405,68 $;25,00;900,00 $;185,00 $;590,68 $;0,06%;
26/05/2023;1;29633,88 $;-1230,68 $;0,00 $;-1230,68 $;5,68 $;-10174,72 $;-1230,68 $;0,00%;-1230,68 $;0,00 $;-1230,68 $;0,00 $;-1230,68 $;10,00;1225,00 $;120,00 $;1350,68 $;0,06%;
29/05/2023;1;29688,20 $;54,32 $;54,32 $;0,00 $;5,68 $;-10120,40 $;0,00 $;100,00%;54,32 $;54,32 $;0,00 $;54,32 $;0,00 $;25,00;40,00 $;160,00 $;105,68 $;0,06%;
30/05/2023;1;28652,52 $;-1035,68 $;0,00 $;-1035,68 $;5,68 $;-11156,08 $;-1035,68 $;0,00%;-1035,68 $;0,00 $;-1035,68 $;0,00 $;-1035,68 $;20,00;1030,00 $;990,00 $;2025,68 $;0,06%;
31/05/2023;1;29831,84 $;1179,32 $;1179,32 $;0,00 $;5,68 $;-9976,76 $;0,00 $;100,00%;1179,32 $;1179,32 $;0,00 $;1179,32 $;0,00 $;10,00;120,00 $;1185,00 $;5,68 $;0,06%;
01/06/2023;1;29986,16 $;154,32 $;154,32 $;0,00 $;5,68 $;-9822,44 $;0,00 $;100,00%;154,32 $;154,32 $;0,00 $;154,32 $;0,00 $;35,00;110,00 $;1325,00 $;1170,68 $;0,06%;
02/06/2023;1;32190,48 $;2204,32 $;2204,32 $;0,00 $;5,68 $;-7618,12 $;0,00 $;100,00%;2204,32 $;2204,32 $;0,00 $;2204,32 $;0,00 $;20,00;170,00 $;2210,00 $;5,68 $;0,06%;
05/06/2023;1;31529,80 $;-660,68 $;0,00 $;-660,68 $;5,68 $;-8278,80 $;-660,68 $;0,00%;-660,68 $;0,00 $;-660,68 $;0,00 $;-660,68 $;0,00;655,00 $;0,00 $;660,68 $;0,06%;
06/06/2023;1;30809,12 $;-720,68 $;0,00 $;-720,68 $;5,68 $;-8999,48 $;-720,68 $;0,00%;-720,68 $;0,00 $;-720,68 $;0,00 $;-720,68 $;0,00;715,00 $;0,00 $;720,68 $;0,06%;
07/06/2023;1;31738,44 $;929,32 $;929,32 $;0,00 $;5,68 $;-8070,16 $;0,00 $;100,00%;929,32 $;929,32 $;0,00 $;929,32 $;0,00 $;0,00;0,00 $;935,00 $;5,68 $;0,06%;
08/06/2023;1;30877,76 $;-860,68 $;0,00 $;-860,68 $;5,68 $;-8930,84 $;-860,68 $;0,00%;-860,68 $;0,00 $;-860,68 $;0,00 $;-860,68 $;25,00;1220,00 $;160,00 $;1020,68 $;0,06%;
09/06/2023;1;29982,08 $;-895,68 $;0,00 $;-895,68 $;5,68 $;-9826,52 $;-895,68 $;0,00%;-895,68 $;0,00 $;-895,68 $;0,00 $;-895,68 $;15,00;890,00 $;35,00 $;930,68 $;0,06%;
12/06/2023;1;29896,40 $;-85,68 $;0,00 $;-85,68 $;5,68 $;-9912,20 $;-85,68 $;0,00%;-85,68 $;0,00 $;-85,68 $;0,00 $;-85,68 $;25,00;340,00 $;350,00 $;435,68 $;0,06%;
13/06/2023;1;31890,72 $;1994,32 $;1994,32 $;0,00 $;5,68 $;-7917,88 $;0,00 $;100,00%;1994,32 $;1994,32 $;0,00 $;1994,32 $;0,00 $;40,00;120,00 $;2245,00 $;250,68 $;0,06%;
14/06/2023;1;32505,04 $;614,32 $;614,32 $;0,00 $;5,68 $;-7303,56 $;0,00 $;100,00%;614,32 $;614,32 $;0,00 $;614,32 $;0,00 $;40,00;740,00 $;685,00 $;70,68 $;0,06%;
15/06/2023;1;31099,36 $;-1405,68 $;0,00 $;-1405,68 $;5,68 $;-8709,24 $;-1405,68 $;0,00%;-1405,68 $;0,00 $;-1405,68 $;0,00 $;-1405,68 $;30,00;1400,00 $;675,00 $;2080,68 $;0,06%;
16/06/2023;1;32713,68 $;1614,32 $;1614,32 $;0,00 $;5,68 $;-7094,92 $;0,00 $;100,00%;1614,32 $;1614,32 $;0,00 $;1614,32 $;0,00 $;10,00;245,00 $;1620,00 $;5,68 $;0,06%;
19/06/2023;1;33038,00 $;324,32 $;324,32 $;0,00 $;5,68 $;-6770,60 $;0,00 $;100,00%;324,32 $;324,32 $;0,00 $;324,32 $;0,00 $;40,00;50,00 $;395,00 $;70,68 $;0,06%;
20/06/2023;1;34512,32 $;1474,32 $;1474,32 $;0,00 $;5,68 $;-5296,28 $;0,00 $;100,00%;1474,32 $;1474,32 $;0,00 $;1474,32 $;0,00 $;5,00;140,00 $;1480,00 $;5,68 $;0,06%;
21/06/2023;1;33646,64 $;-865,68 $;0,00 $;-865,68 $;5,68 $;-6161,96 $;-865,68 $;0,00%;-865,68 $;0,00 $;-865,68 $;0,00 $;-865,68 $;30,00;860,00 $;620,00 $;1485,68 $;0,06%;
22/06/2023;1;35055,96 $;1409,32 $;1409,32 $;0,00 $;5,68 $;-4752,64 $;0,00 $;100,00%;1409,32 $;1409,32 $;0,00 $;1409,32 $;0,00 $;25,00;485,00 $;1415,00 $;5,68 $;0,06%;
23/06/2023;1;34705,28 $;-350,68 $;0,00 $;-350,68 $;5,68 $;-5103,32 $;-350,68 $;0,00%;-350,68 $;0,00 $;-350,68 $;0,00 $;-350,68 $;40,00;485,00 $;210,00 $;560,68 $;0,06%;
26/06/2023;1;35639,60 $;934,32 $;934,32 $;0,00 $;5,68 $;-4169,00 $;0,00 $;100,00%;934,32 $;934,32 $;0,00 $;934,32 $;0,00 $;40,00;90,00 $;1985,00 $;1050,68 $;0,06%;
27/06/2023;1;35088,92 $;-550,68 $;0,00 $;-550,68 $;5,68 $;-4719,68 $;-550,68 $;0,00%;-550,68 $;0,00 $;-550,68 $;0,00 $;-550,68 $;30,00;620,00 $;170,00 $;720,68 $;0,06%;
28/06/2023;1;36208,24 $;1119,32 $;1119,32 $;0,00 $;5,68 $;-3600,36 $;0,00 $;100,00%;1119,32 $;1119,32 $;0,00 $;1119,32 $;0,00 $;20,00;190,00 $;1125,00 $;5,68 $;0,06%;
29/06/2023;1;35982,56 $;-225,68 $;0,00 $;-225,68 $;5,68 $;-3826,04 $;-225,68 $;0,00%;-225,68 $;0,00 $;-225,68 $;0,00 $;-225,68 $;40,00;630,00 $;705,00 $;930,68 $;0,06%;
30/06/2023;1;34906,88 $;-1075,68 $;0,00 $;-1075,68 $;5,68 $;-4901,72 $;-1075,68 $;0,00%;-1075,68 $;0,00 $;-1075,68 $;0,00 $;-1075,68 $;25,00;1070,00 $;380,00 $;1455,68 $;0,06%;
03/07/2023;1;34251,20 $;-655,68 $;0,00 $;-655,68 $;5,68 $;-5557,40 $;-655,68 $;0,00%;-655,68 $;0,00 $;-655,68 $;0,00 $;-655,68 $;25,00;650,00 $;245,00 $;900,68 $;0,06%;
04/07/2023;1;34120,52 $;-130,68 $;0,00 $;-130,68 $;5,68 $;-5688,08 $;-130,68 $;0,00%;-130,68 $;0,00 $;-130,68 $;0,00 $;-130,68 $;40,00;195,00 $;25,00 $;155,68 $;0,06%;
05/07/2023;1;33489,84 $;-630,68 $;0,00 $;-630,68 $;5,68 $;-6318,76 $;-630,68 $;0,00%;-630,68 $;0,00 $;-630,68 $;0,00 $;-630,68 $;10,00;625,00 $;75,00 $;705,68 $;0,06%;
06/07/2023;1;33419,16 $;-70,68 $;0,00 $;-70,68 $;5,68 $;-6389,44 $;-70,68 $;0,00%;-70,68 $;0,00 $;-70,68 $;0,00 $;-70,68 $;25,00;605,00 $;875,00 $;945,68 $;0,06%;
07/07/2023;1;34493,48 $;1074,32 $;1074,32 $;0,00 $;5,68 $;-5315,12 $;0,00 $;100,00%;1074,32 $;1074,32 $;0,00 $;1074,32 $;0,00 $;25,00;70,00 $;1220,00 $;145,68 $;0,06%;
10/07/2023;1;36077,80 $;1584,32 $;1584,32 $;0,00 $;5,68 $;-3730,80 $;0,00 $;100,00%;1584,32 $;1584,32 $;0,00 $;1584,32 $;0,00 $;15,00;545,00 $;1590,00 $;5,68 $;0,06%;
11/07/2023;1;35272,12 $;-805,68 $;0,00 $;-805,68 $;5,68 $;-4536,48 $;-805,68 $;0,00%;-805,68 $;0,00 $;-805,68 $;0,00 $;-805,68 $;20,00;800,00 $;440,00 $;1245,68 $;0,06%;
12/07/2023;1;34556,44 $;-715,68 $;0,00 $;-715,68 $;5,68 $;-5252,16 $;-715,68 $;0,00%;-715,68 $;0,00 $;-715,68 $;0,00 $;-715,68 $;40,00;850,00 $;380,00 $;1095,68 $;0,06%;
13/07/2023;1;34215,76 $;-340,68 $;0,00 $;-340,68 $;5,68 $;-5592,84 $;-340,68 $;0,00%;-340,68 $;0,00 $;-340,68 $;0,00 $;-340,68 $;25,00;640,00 $;15,00 $;355,68 $;0,06%;
14/07/2023;1;35195,08 $;979,32 $;979,32 $;0,00 $;5,68 $;-4613,52 $;0,00 $;100,00%;979,32 $;979,32 $;0,00 $;979,32 $;0,00 $;5,00;0,00 $;985,00 $;5,68 $;0,06%;
17/07/2023;1;34404,40 $;-790,68 $;0,00 $;-790,68 $;5,68 $;-5404,20 $;-790,68 $;0,00%;-790,68 $;0,00 $;-790,68 $;0,00 $;-790,68 $;10,00;785,00 $;100,00 $;890,68 $;0,06%;
18/07/2023;1;34488,72 $;84,32 $;84,32 $;0,00 $;5,68 $;-5319,88 $;0,00 $;100,00%;84,32 $;84,32 $;0,00 $;84,32 $;0,00 $;25,00;825,00 $;265,00 $;180,68 $;0,06%;
19/07/2023;1;34693,04 $;204,32 $;204,32 $;0,00 $;5,68 $;-5115,56 $;0,00 $;100,00%;204,32 $;204,32 $;0,00 $;204,32 $;0,00 $;40,00;480,00 $;710,00 $;505,68 $;0,06%;
20/07/2023;1;36062,36 $;1369,32 $;1369,32 $;0,00 $;5,68 $;-3746,24 $;0,00 $;100,00%;1369,32 $;1369,32 $;0,00 $;1369,32 $;0,00 $;10,00;15,00 $;1375,00 $;5,68 $;0,06%;
21/07/2023;1;37181,68 $;1119,32 $;1119,32 $;0,00 $;5,68 $;-2626,92 $;0,00 $;100,00%;1119,32 $;1119,32 $;0,00 $;1119,32 $;0,00 $;25,00;355,00 $;1125,00 $;5,68 $;0,06%;
24/07/2023;1;38541,00 $;1359,32 $;1359,32 $;0,00 $;5,68 $;-1267,60 $;0,00 $;100,00%;1359,32 $;1359,32 $;0,00 $;1359,32 $;0,00 $;15,00;235,00 $;1365,00 $;5,68 $;0,06%;
25/07/2023;1;39395,32 $;854,32 $;854,32 $;0,00 $;5,68 $;-413,28 $;0,00 $;100,00%;854,32 $;854,32 $;0,00 $;854,32 $;0,00 $;15,00;225,00 $;860,00 $;5,68 $;0,06%;
26/07/2023;1;40304,64 $;909,32 $;909,32 $;0,00 $;5,68 $;0,00 $;0,00 $;100,00%;909,32 $;909,32 $;0,00 $;909,32 $;0,00 $;25,00;275,00 $;980,00 $;70,68 $;0,06%;
27/07/2023;1;39973,96 $;-330,68 $;0,00 $;-330,68 $;5,68 $;-330,68 $;-330,68 $;0,00%;-330,68 $;0,00 $;-330,68 $;0,00 $;-330,68 $;25,00;995,00 $;85,00 $;415,68 $;0,06%;
28/07/2023;1;38683,28 $;-1290,68 $;0,00 $;-1290,68 $;5,68 $;-1621,36 $;-1290,68 $;0,00%;-1290,68 $;0,00 $;-1290,68 $;0,00 $;-1290,68 $;15,00;1285,00 $;530,00 $;1820,68 $;0,06%;
31/07/2023;1;37987,60 $;-695,68 $;0,00 $;-695,68 $;5,68 $;-2317,04 $;-695,68 $;0,00%;-695,68 $;0,00 $;-695,68 $;0,00 $;-695,68 $;35,00;690,00 $;935,00 $;1630,68 $;0,06%;
01/08/2023;1;38151,92 $;164,32 $;164,32 $;0,00 $;5,68 $;-2152,72 $;0,00 $;100,00%;164,32 $;164,32 $;0,00 $;164,32 $;0,00 $;40,00;330,00 $;545,00 $;380,68 $;0,06%;
02/08/2023;1;36956,24 $;-1195,68 $;0,00 $;-1195,68 $;5,68 $;-3348,40 $;-1195,68 $;0,00%;-1195,68 $;0,00 $;-1195,68 $;0,00 $;-1195,68 $;15,00;1190,00 $;125,00 $;1320,68 $;0,06%;
03/08/2023;1;38435,56 $;1479,32 $;1479,32 $;0,00 $;5,68 $;-1869,08 $;0,00 $;100,00%;1479,32 $;1479,32 $;0,00 $;1479,32 $;0,00 $;40,00;235,00 $;1905,00 $;425,68 $;0,06%;
04/08/2023;1;40519,88 $;2084,32 $;2084,32 $;0,00 $;5,68 $;0,00 $;0,00 $;100,00%;2084,32 $;2084,32 $;0,00 $;2084,32 $;0,00 $;25,00;595,00 $;2275,00 $;190,68 $;0,06%;
07/08/2023;1;41474,20 $;954,32 $;954,32 $;0,00 $;5,68 $;0,00 $;0,00 $;100,00%;954,32 $;954,32 $;0,00 $;954,32 $;0,00 $;40,00;765,00 $;1230,00 $;275,68 $;0,06%;
08/08/2023;1;40923,52 $;-550,68 $;0,00 $;-550,68 $;5,68 $;-550,68 $;-550,68 $;0,00%;-550,68 $;0,00 $;-550,68 $;0,00 $;-550,68 $;40,00;585,00 $;735,00 $;1285,68 $;0,06%;
09/08/2023;1;40047,84 $;-875,68 $;0,00 $;-875,68 $;5,68 $;-1426,36 $;-875,68 $;0,00%;-875,68 $;0,00 $;-875,68 $;0,00 $;-875,68 $;15,00;870,00 $;100,00 $;975,68 $;0,06%;
10/08/2023;1;41652,16 $;1604,32 $;1604,32 $;0,00 $;5,68 $;0,00 $;0,00 $;100,00%;1604,32 $;1604,32 $;0,00 $;1604,32 $;0,00 $;40,00;170,00 $;2115,00 $;510,68 $;0,06%;
11/08/2023;1;41236,48 $;-415,68 $;0,00 $;-415,68 $;5,68 $;-415,68 $;-415,68 $;0,00%;-415,68 $;0,00 $;-415,68 $;0,00 $;-415,68 $;30,00;795,00 $;500,00 $;915,68 $;0,06%;
14/08/2023;1;42415,80 $;1179,32 $;1179,32 $;0,00 $;5,68 $;0,00 $;0,00 $;100,00%;1179,32 $;1179,32 $;0,00 $;1179,32 $;0,00 $;35,00;450,00 $;1375,00 $;195,68 $;0,06%;
15/08/2023;1;43320,12 $;904,32 $;904,32 $;0,00 $;5,68 $;0,00 $;0,00 $;100,00%;904,32 $;904,32 $;0,00 $;904,32 $;0,00 $;40,00;635,00 $;1045,00 $;140,68 $;0,06%;
16/08/2023;1;43749,44 $;429,32 $;429,32 $;0,00 $;5,68 $;0,00 $;0,00 $;100,00%;429,32 $;429,32 $;0,00 $;429,32 $;0,00 $;30,00;575,00 $;960,00 $;530,68 $;0,06%;
17/08/2023;1;42728,76 $;-1020,68 $;0,00 $;-1020,68 $;5,68 $;-1020,68 $;-1020,68 $;0,00%;-1020,68 $;0,00 $;-1020,68 $;0,00 $;-1020,68 $;15,00;1015,00 $;110,00 $;1130,68 $;0,06%;
18/08/2023;1;42953,08 $;224,32 $;224,32 $;0,00 $;5,68 $;-796,36 $;0,00 $;100,00%;224,32 $;224,32 $;0,00 $;224,32 $;0,00 $;30,00;115,00 $;1355,00 $;1130,68 $;0,06%;
21/08/2023;1;44037,40 $;1084,32 $;1084,32 $;0,00 $;5,68 $;0,00 $;0,00 $;100,00%;1084,32 $;1084,32 $;0,00 $;1084,32 $;0,00 $;15,00;85,00 $;1090,00 $;5,68 $;0,06%;
22/08/2023;1;43256,72 $;-780,68 $;0,00 $;-780,68 $;5,68 $;-780,68 $;-780,68 $;0,00%;-780,68 $;0,00 $;-780,68 $;0,00 $;-780,68 $;15,00;775,00 $;160,00 $;940,68 $;0,06%;
23/08/2023;1;42101,04 $;-1155,68 $;0,00 $;-1155,68 $;5,68 $;-1936,36 $;-1155,68 $;0,00%;-1155,68 $;0,00 $;-1155,68 $;0,00 $;-1155,68 $;25,00;1150,00 $;210,00 $;1365,68 $;0,06%;
24/08/2023;1;41440,36 $;-660,68 $;0,00 $;-660,68 $;5,68 $;-2597,04 $;-660,68 $;0,00%;-660,68 $;0,00 $;-660,68 $;0,00 $;-660,68 $;25,00;1435,00 $;220,00 $;880,68 $;0,06%;
25/08/2023;1;40949,68 $;-490,68 $;0,00 $;-490,68 $;5,68 $;-3087,72 $;-490,68 $;0,00%;-490,68 $;0,00 $;-490,68 $;0,00 $;-490,68 $;25,00;655,00 $;365,00 $;855,68 $;0,06%;
28/08/2023;1;40069,00 $;-880,68 $;0,00 $;-880,68 $;5,68 $;-3968,40 $;-880,68 $;0,00%;-880,68 $;0,00 $;-880,68 $;0,00 $;-880,68 $;15,00;875,00 $;355,00 $;1235,68 $;0,06%;
29/08/2023;1;38928,32 $;-1140,68 $;0,00 $;-1140,68 $;5,68 $;-5109,08 $;-1140,68 $;0,00%;-1140,68 $;0,00 $;-1140,68 $;0,00 $;-1140,68 $;10,00;1135,00 $;490,00 $;1630,68 $;0,06%;
30/08/2023;1;38652,64 $;-275,68 $;0,00 $;-275,68 $;5,68 $;-5384,76 $;-275,68 $;0,00%;-275,68 $;0,00 $;-275,68 $;0,00 $;-275,68 $;40,00;380,00 $;1695,00 $;1970,68 $;0,06%;
31/08/2023;1;40126,96 $;1474,32 $;1474,32 $;0,00 $;5,68 $;-3910,44 $;0,00 $;100,00%;1474,32 $;1474,32 $;0,00 $;1474,32 $;0,00 $;25,00;80,00 $;1480,00 $;5,68 $;0,06%;
01/09/2023;1;42336,28 $;2209,32 $;2209,32 $;0,00 $;5,68 $;-1701,12 $;0,00 $;100,00%;2209,32 $;2209,32 $;0,00 $;2209,32 $;0,00 $;20,00;165,00 $;2215,00 $;5,68 $;0,06%;
04/09/2023;1;42105,60 $;-230,68 $;0,00 $;-230,68 $;5,68 $;-1931,80 $;-230,68 $;0,00%;-230,68 $;0,00 $;-230,68 $;0,00 $;-230,68 $;25,00;285,00 $;5,00 $;235,68 $;0,06%;
05/09/2023;1;41934,92 $;-170,68 $;0,00 $;-170,68 $;5,68 $;-2102,48 $;-170,68 $;0,00%;-170,68 $;0,00 $;-170,68 $;0,00 $;-170,68 $;35,00;590,00 $;675,00 $;845,68 $;0,06%;
06/09/2023;1;42294,24 $;359,32 $;359,32 $;0,00 $;5,68 $;-1743,16 $;0,00 $;100,00%;359,32 $;359,32 $;0,00 $;359,32 $;0,00 $;35,00;265,00 $;810,00 $;450,68 $;0,06%;
07/09/2023;1;42128,56 $;-165,68 $;0,00 $;-165,68 $;5,68 $;-1908,84 $;-165,68 $;0,00%;-165,68 $;0,00 $;-165,68 $;0,00 $;-165,68 $;30,00;860,00 $;810,00 $;975,68 $;0,06%;
08/09/2023;1;42252,88 $;124,32 $;124,32 $;0,00 $;5,68 $;-1784,52 $;0,00 $;100,00%;124,32 $;124,32 $;0,00 $;124,32 $;0,00 $;25,00;645,00 $;510,00 $;385,68 $;0,06%;
11/09/2023;1;43267,20 $;1014,32 $;1014,32 $;0,00 $;5,68 $;-770,20 $;0,00 $;100,00%;1014,32 $;1014,32 $;0,00 $;1014,32 $;0,00 $;25,00;475,00 $;1020,00 $;5,68 $;0,06%;
12/09/2023;1;44311,52 $;1044,32 $;1044,32 $;0,00 $;5,68 $;0,00 $;0,00 $;100,00%;1044,32 $;1044,32 $;0,00 $;1044,32 $;0,00 $;35,00;225,00 $;1050,00 $;5,68 $;0,06%;
13/09/2023;1;43760,84 $;-550,68 $;0,00 $;-550,68 $;5,68 $;-550,68 $;-550,68 $;0,00%;-550,68 $;0,00 $;-550,68 $;0,00 $;-550,68 $;25,00;825,00 $;270,00 $;820,68 $;0,06%;
14/09/2023;1;44560,16 $;799,32 $;799,32 $;0,00 $;5,68 $;0,00 $;0,00 $;100,00%;799,32 $;799,32 $;0,00 $;799,32 $;0,00 $;35,00;325,00 $;1725,00 $;925,68 $;0,06%;
15/09/2023;1;43724,48 $;-835,68 $;0,00 $;-835,68 $;5,68 $;-835,68 $;-835,68 $;0,00%;-835,68 $;0,00 $;-835,68 $;0,00 $;-835,68 $;15,00;830,00 $;240,00 $;1075,68 $;0,06%;
18/09/2023;1;43663,80 $;-60,68 $;0,00 $;-60,68 $;5,68 $;-896,36 $;-60,68 $;0,00%;-60,68 $;0,00 $;-60,68 $;0,00 $;-60,68 $;25,00;570,00 $;720,00 $;780,68 $;0,06%;
19/09/2023;1;42828,12 $;-835,68 $;0,00 $;-835,68 $;5,68 $;-1732,04 $;-835,68 $;0,00%;-835,68 $;0,00 $;-835,68 $;0,00 $;-835,68 $;35,00;830,00 $;410,00 $;1245,68 $;0,06%;
20/09/2023;1;43712,44 $;884,32 $;884,32 $;0,00 $;5,68 $;-847,72 $;0,00 $;100,00%;884,32 $;884,32 $;0,00 $;884,32 $;0,00 $;10,00;40,00 $;890,00 $;5,68 $;0,06%;
21/09/2023;1;44961,76 $;1249,32 $;1249,32 $;0,00 $;5,68 $;0,00 $;0,00 $;100,00%;1249,32 $;1249,32 $;0,00 $;1249,32 $;0,00 $;25,00;475,00 $;1345,00 $;95,68 $;0,06%;
22/09/2023;1;45576,08 $;614,32 $;614,32 $;0,00 $;5,68 $;0,00 $;0,00 $;100,00%;614,32 $;614,32 $;0,00 $;614,32 $;0,00 $;25,00;625,00 $;625,00 $;10,68 $;0,06%;
25/09/2023;1;46685,40 $;1109,32 $;1109,32 $;0,00 $;5,68 $;0,00 $;0,00 $;100,00%;1109,32 $;1109,32 $;0,00 $;1109,32 $;0,00 $;40,00;750,00 $;1530,00 $;420,68 $;0,06%;
26/09/2023;1;45719,72 $;-965,68 $;0,00 $;-965,68 $;5,68 $;-965,68 $;-965,68 $;0,00%;-965,68 $;0,00 $;-965,68 $;0,00 $;-965,68 $;30,00;960,00 $;345,00 $;1310,68 $;0,06%;
27/09/2023;1;45834,04 $;114,32 $;114,32 $;0,00 $;5,68 $;-851,36 $;0,00 $;100,00%;114,32 $;114,32 $;0,00 $;114,32 $;0,00 $;40,00;705,00 $;430,00 $;315,68 $;0,06%;
28/09/2023;1;46553,36 $;719,32 $;719,32 $;0,00 $;5,68 $;-132,04 $;0,00 $;100,00%;719,32 $;719,32 $;0,00 $;719,32 $;0,00 $;25,00;1000,00 $;795,00 $;75,68 $;0,06%;
29/09/2023;1;45967,68 $;-585,68 $;0,00 $;-585,68 $;5,68 $;-717,72 $;-585,68 $;0,00%;-585,68 $;0,00 $;-585,68 $;0,00 $;-585,68 $;25,00;820,00 $;530,00 $;1115,68 $;0,06%;
02/10/2023;1;45692,00 $;-275,68 $;0,00 $;-275,68 $;5,68 $;-993,40 $;-275,68 $;0,00%;-275,68 $;0,00 $;-275,68 $;0,00 $;-275,68 $;25,00;1065,00 $;135,00 $;410,68 $;0,06%;
03/10/2023;1;44791,32 $;-900,68 $;0,00 $;-900,68 $;5,68 $;-1894,08 $;-900,68 $;0,00%;-900,68 $;0,00 $;-900,68 $;0,00 $;-900,68 $;25,00;1370,00 $;325,00 $;1225,68 $;0,06%;
04/10/2023;1;44660,64 $;-130,68 $;0,00 $;-130,68 $;5,68 $;-2024,76 $;-130,68 $;0,00%;-130,68 $;0,00 $;-130,68 $;0,00 $;-130,68 $;25,00;755,00 $;250,00 $;380,68 $;0,06%;
05/10/2023;1;43484,96 $;-1175,68 $;0,00 $;-1175,68 $;5,68 $;-3200,44 $;-1175,68 $;0,00%;-1175,68 $;0,00 $;-1175,68 $;0,00 $;-1175,68 $;40,00;1540,00 $;335,00 $;1510,68 $;0,06%;
06/10/2023;1;42259,28 $;-1225,68 $;0,00 $;-1225,68 $;5,68 $;-4426,12 $;-1225,68 $;0,00%;-1225,68 $;0,00 $;-1225,68 $;0,00 $;-1225,68 $;35,00;1545,00 $;120,00 $;1345,68 $;0,06%;
09/10/2023;1;41483,60 $;-775,68 $;0,00 $;-775,68 $;5,68 $;-5201,80 $;-775,68 $;0,00%;-775,68 $;0,00 $;-775,68 $;0,00 $;-775,68 $;40,00;940,00 $;1320,00 $;2095,68 $;0,06%;
10/10/2023;1;40717,92 $;-765,68 $;0,00 $;-765,68 $;5,68 $;-5967,48 $;-765,68 $;0,00%;-765,68 $;0,00 $;-765,68 $;0,00 $;-765,68 $;40,00;775,00 $;450,00 $;1215,68 $;0,06%;
11/10/2023;1;41472,24 $;754,32 $;754,32 $;0,00 $;5,68 $;-5213,16 $;0,00 $;100,00%;754,32 $;754,32 $;0,00 $;754,32 $;0,00 $;25,00;385,00 $;1015,00 $;260,68 $;0,06%;
12/10/2023;1;41356,56 $;-115,68 $;0,00 $;-115,68 $;5,68 $;-5328,84 $;-115,68 $;0,00%;-115,68 $;0,00 $;-115,68 $;0,00 $;-115,68 $;40,00;740,00 $;550,00 $;665,68 $;0,06%;
13/10/2023;1;41355,88 $;-0,68 $;0,00 $;-0,68 $;5,68 $;-5329,52 $;-0,68 $;0,00%;-0,68 $;0,00 $;-0,68 $;0,00 $;-0,68 $;40,00;445,00 $;840,00 $;840,68 $;0,06%;
16/10/2023;1;40385,20 $;-970,68 $;0,00 $;-970,68 $;5,68 $;-6300,20 $;-970,68 $;0,00%;-970,68 $;0,00 $;-970,68 $;0,00 $;-970,68 $;10,00;965,00 $;310,00 $;1280,68 $;0,06%;
17/10/2023;1;39214,52 $;-1170,68 $;0,00 $;-1170,68 $;5,68 $;-7470,88 $;-1170,68 $;0,00%;-1170,68 $;0,00 $;-1170,68 $;0,00 $;-1170,68 $;25,00;1165,00 $;15,00 $;1185,68 $;0,06%;
18/10/2023;1;39883,84 $;669,32 $;669,32 $;0,00 $;5,68 $;-6801,56 $;0,00 $;100,00%;669,32 $;669,32 $;0,00 $;669,32 $;0,00 $;30,00;165,00 $;1360,00 $;690,68 $;0,06%;
19/10/2023;1;40698,16 $;814,32 $;814,32 $;0,00 $;5,68 $;-5987,24 $;0,00 $;100,00%;814,32 $;814,32 $;0,00 $;814,32 $;0,00 $;40,00;215,00 $;1540,00 $;725,68 $;0,06%;
20/10/2023;1;41197,48 $;499,32 $;499,32 $;0,00 $;5,68 $;-5487,92 $;0,00 $;100,00%;499,32 $;499,32 $;0,00 $;499,32 $;0,00 $;30,00;470,00 $;1035,00 $;535,68 $;0,06%;
23/10/2023;1;42286,80 $;1089,32 $;1089,32 $;0,00 $;5,68 $;-4398,60 $;0,00 $;100,00%;1089,32 $;1089,32 $;0,00 $;1089,32 $;0,00 $;25,00;1345,00 $;1225,00 $;135,68 $;0,06%;
24/10/2023;1;43401,12 $;1114,32 $;1114,32 $;0,00 $;5,68 $;-3284,28 $;0,00 $;100,00%;1114,32 $;1114,32 $;0,00 $;1114,32 $;0,00 $;40,00;245,00 $;1345,00 $;230,68 $;0,06%;
25/10/2023;1;42525,44 $;-875,68 $;0,00 $;-875,68 $;5,68 $;-4159,96 $;-875,68 $;0,00%;-875,68 $;0,00 $;-875,68 $;0,00 $;-875,68 $;10,00;870,00 $;25,00 $;900,68 $;0,06%;
26/10/2023;1;44764,76 $;2239,32 $;2239,32 $;0,00 $;5,68 $;-1920,64 $;0,00 $;100,00%;2239,32 $;2239,32 $;0,00 $;2239,32 $;0,00 $;35,00;625,00 $;2245,00 $;5,68 $;0,06%;
27/10/2023;1;44704,08 $;-60,68 $;0,00 $;-60,68 $;5,68 $;-1981,32 $;-60,68 $;0,00%;-60,68 $;0,00 $;-60,68 $;0,00 $;-60,68 $;25,00;645,00 $;675,00 $;735,68 $;0,06%;
30/10/2023;1;45943,40 $;1239,32 $;1239,32 $;0,00 $;5,68 $;-742,00 $;0,00 $;100,00%;1239,32 $;1239,32 $;0,00 $;1239,32 $;0,00 $;15,00;460,00 $;1245,00 $;5,68 $;0,06%;
31/10/2023;1;44822,72 $;-1120,68 $;0,00 $;-1120,68 $;5,68 $;-1862,68 $;-1120,68 $;0,00%;-1120,68 $;0,00 $;-1120,68 $;0,00 $;-1120,68 $;15,00;1115,00 $;500,00 $;1620,68 $;0,06%;
01/11/2023;1;44397,04 $;-425,68 $;0,00 $;-425,68 $;5,68 $;-2288,36 $;-425,68 $;0,00%;-425,68 $;0,00 $;-425,68 $;0,00 $;-425,68 $;40,00;1055,00 $;270,00 $;695,68 $;0,06%;
02/11/2023;1;45651,36 $;1254,32 $;1254,32 $;0,00 $;5,68 $;-1034,04 $;0,00 $;100,00%;1254,32 $;1254,32 $;0,00 $;1254,32 $;0,00 $;40,00;55,00 $;1375,00 $;120,68 $;0,06%;
03/11/2023;1;44245,68 $;-1405,68 $;0,00 $;-1405,68 $;5,68 $;-2439,72 $;-1405,68 $;0,00%;-1405,68 $;0,00 $;-1405,68 $;0,00 $;-1405,68 $;10,00;1400,00 $;320,00 $;1725,68 $;0,06%;
06/11/2023;1;43470,00 $;-775,68 $;0,00 $;-775,68 $;5,68 $;-3215,40 $;-775,68 $;0,00%;-775,68 $;0,00 $;-775,68 $;0,00 $;-775,68 $;0,00;770,00 $;0,00 $;775,68 $;0,06%;
07/11/2023;1;43134,32 $;-335,68 $;0,00 $;-335,68 $;5,68 $;-3551,08 $;-335,68 $;0,00%;-335,68 $;0,00 $;-335,68 $;0,00 $;-335,68 $;40,00;440,00 $;1145,00 $;1480,68 $;0,06%;
08/11/2023;1;42553,64 $;-580,68 $;0,00 $;-580,68 $;5,68 $;-4131,76 $;-580,68 $;0,00%;-580,68 $;0,00 $;-580,68 $;0,00 $;-580,68 $;15,00;575,00 $;230,00 $;810,68 $;0,06%;
09/11/2023;1;42242,96 $;-310,68 $;0,00 $;-310,68 $;5,68 $;-4442,44 $;-310,68 $;0,00%;-310,68 $;0,00 $;-310,68 $;0,00 $;-310,68 $;40,00;310,00 $;840,00 $;1150,68 $;0,06%;
10/11/2023;1;41437,28 $;-805,68 $;0,00 $;-805,68 $;5,68 $;-5248,12 $;-805,68 $;0,00%;-805,68 $;0,00 $;-805,68 $;0,00 $;-805,68 $;20,00;800,00 $;275,00 $;1080,68 $;0,06%;
13/11/2023;1;40676,60 $;-760,68 $;0,00 $;-760,68 $;5,68 $;-6008,80 $;-760,68 $;0,00%;-760,68 $;0,00 $;-760,68 $;0,00 $;-760,68 $;10,00;755,00 $;185,00 $;945,68 $;0,06%;
14/11/2023;1;40460,92 $;-215,68 $;0,00 $;-215,68 $;5,68 $;-6224,48 $;-215,68 $;0,00%;-215,68 $;0,00 $;-215,68 $;0,00 $;-215,68 $;40,00;920,00 $;180,00 $;395,68 $;0,06%;
15/11/2023;1;39540,24 $;-920,68 $;0,00 $;-920,68 $;5,68 $;-7145,16 $;-920,68 $;0,00%;-920,68 $;0,00 $;-920,68 $;0,00 $;-920,68 $;25,00;1150,00 $;200,00 $;1120,68 $;0,06%;
16/11/2023;1;40279,56 $;739,32 $;739,32 $;0,00 $;5,68 $;-6405,84 $;0,00 $;100,00%;739,32 $;739,32 $;0,00 $;739,32 $;0,00 $;30,00;365,00 $;1220,00 $;480,68 $;0,06%;
17/11/2023;1;39568,88 $;-710,68 $;0,00 $;-710,68 $;5,68 $;-7116,52 $;-710,68 $;0,00%;-710,68 $;0,00 $;-710,68 $;0,00 $;-710,68 $;10,00;705,00 $;0,00 $;710,68 $;0,06%;
20/11/2023;1;38853,20 $;-715,68 $;0,00 $;-715,68 $;5,68 $;-7832,20 $;-715,68 $;0,00%;-715,68 $;0,00 $;-715,68 $;0,00 $;-715,68 $;25,00;725,00 $;235,00 $;950,68 $;0,06%;
21/11/2023;1;38422,52 $;-430,68 $;0,00 $;-430,68 $;5,68 $;-8262,88 $;-430,68 $;0,00%;-430,68 $;0,00 $;-430,68 $;0,00 $;-430,68 $;25,00;500,00 $;280,00 $;710,68 $;0,06%;
22/11/2023;1;37581,84 $;-840,68 $;0,00 $;-840,68 $;5,68 $;-9103,56 $;-840,68 $;0,00%;-840,68 $;0,00 $;-840,68 $;0,00 $;-840,68 $;5,00;835,00 $;100,00 $;940,68 $;0,06%;
23/11/2023;1;37531,16 $;-50,68 $;0,00 $;-50,68 $;5,68 $;-9154,24 $;-50,68 $;0,00%;-50,68 $;0,00 $;-50,68 $;0,00 $;-50,68 $;25,00;85,00 $;205,00 $;255,68 $;0,06%;
24/11/2023;1;37500,48 $;-30,68 $;0,00 $;-30,68 $;5,68 $;-9184,92 $;-30,68 $;0,00%;-30,68 $;0,00 $;-30,68 $;0,00 $;-30,68 $;30,00;530,00 $;500,00 $;530,68 $;0,06%;
27/11/2023;1;38379,80 $;879,32 $;879,32 $;0,00 $;5,68 $;-8305,60 $;0,00 $;100,00%;879,32 $;879,32 $;0,00 $;879,32 $;0,00 $;10,00;25,00 $;885,00 $;5,68 $;0,06%;
28/11/2023;1;38974,12 $;594,32 $;594,32 $;0,00 $;5,68 $;-7711,28 $;0,00 $;100,00%;594,32 $;594,32 $;0,00 $;594,32 $;0,00 $;25,00;160,00 $;790,00 $;195,68 $;0,06%;
29/11/2023;1;38828,44 $;-145,68 $;0,00 $;-145,68 $;5,68 $;-7856,96 $;-145,68 $;0,00%;-145,68 $;0,00 $;-145,68 $;0,00 $;-145,68 $;25,00;415,00 $;90,00 $;235,68 $;0,06%;
30/11/2023;1;37922,76 $;-905,68 $;0,00 $;-905,68 $;5,68 $;-8762,64 $;-905,68 $;0,00%;-905,68 $;0,00 $;-905,68 $;0,00 $;-905,68 $;15,00;900,00 $;195,00 $;1100,68 $;0,06%;
01/12/2023;1;37122,08 $;-800,68 $;0,00 $;-800,68 $;5,68 $;-9563,32 $;-800,68 $;0,00%;-800,68 $;0,00 $;-800,68 $;0,00 $;-800,68 $;10,00;795,00 $;155,00 $;955,68 $;0,06%;
04/12/2023;1;36226,40 $;-895,68 $;0,00 $;-895,68 $;5,68 $;-10459,00 $;-895,68 $;0,00%;-895,68 $;0,00 $;-895,68 $;0,00 $;-895,68 $;30,00;890,00 $;195,00 $;1090,68 $;0,06%;
05/12/2023;1;37605,72 $;1379,32 $;1379,32 $;0,00 $;5,68 $;-9079,68 $;0,00 $;100,00%;1379,32 $;1379,32 $;0,00 $;1379,32 $;0,00 $;15,00;120,00 $;1385,00 $;5,68 $;0,06%;
06/12/2023;1;39000,04 $;1394,32 $;1394,32 $;0,00 $;5,68 $;-7685,36 $;0,00 $;100,00%;1394,32 $;1394,32 $;0,00 $;1394,32 $;0,00 $;15,00;375,00 $;1400,00 $;5,68 $;0,06%;
07/12/2023;1;38134,36 $;-865,68 $;0,00 $;-865,68 $;5,68 $;-8551,04 $;-865,68 $;0,00%;-865,68 $;0,00 $;-865,68 $;0,00 $;-865,68 $;15,00;860,00 $;385,00 $;1250,68 $;0,06%;
08/12/2023;1;37973,68 $;-160,68 $;0,00 $;-160,68 $;5,68 $;-8711,72 $;-160,68 $;0,00%;-160,68 $;0,00 $;-160,68 $;0,00 $;-160,68 $;40,00;310,00 $;1555,00 $;1715,68 $;0,06%;
11/12/2023;1;37153,00 $;-820,68 $;0,00 $;-820,68 $;5,68 $;-9532,40 $;-820,68 $;0,00%;-820,68 $;0,00 $;-820,68 $;0,00 $;-820,68 $;10,00;815,00 $;385,00 $;1205,68 $;0,06%;
12/12/2023;1;37542,32 $;389,32 $;389,32 $;0,00 $;5,68 $;-9143,08 $;0,00 $;100,00%;389,32 $;389,32 $;0,00 $;389,32 $;0,00 $;35,00;1025,00 $;395,00 $;5,68 $;0,06%;
13/12/2023;1;38461,64 $;919,32 $;919,32 $;0,00 $;5,68 $;-8223,76 $;0,00 $;100,00%;919,32 $;919,32 $;0,00 $;919,32 $;0,00 $;5,00;70,00 $;925,00 $;5,68 $;0,06%;
14/12/2023;1;38395,96 $;-65,68 $;0,00 $;-65,68 $;5,68 $;-8289,44 $;-65,68 $;0,00%;-65,68 $;0,00 $;-65,68 $;0,00 $;-65,68 $;25,00;620,00 $;490,00 $;555,68 $;0,06%;
15/12/2023;1;38205,28 $;-190,68 $;0,00 $;-190,68 $;5,68 $;-8480,12 $;-190,68 $;0,00%;-190,68 $;0,00 $;-190,68 $;0,00 $;-190,68 $;40,00;615,00 $;1130,00 $;1320,68 $;0,06%;
18/12/2023;1;37919,60 $;-285,68 $;0,00 $;-285,68 $;5,68 $;-8765,80 $;-285,68 $;0,00%;-285,68 $;0,00 $;-285,68 $;0,00 $;-285,68 $;25,00;365,00 $;420,00 $;705,68 $;0,06%;
19/12/2023;1;38483,92 $;564,32 $;564,32 $;0,00 $;5,68 $;-8201,48 $;0,00 $;100,00%;564,32 $;564,32 $;0,00 $;564,32 $;0,00 $;30,00;155,00 $;865,00 $;300,68 $;0,06%;
20/12/2023;1;37973,24 $;-510,68 $;0,00 $;-510,68 $;5,68 $;-8712,16 $;-510,68 $;0,00%;-510,68 $;0,00 $;-510,68 $;0,00 $;-510,68 $;10,00;505,00 $;290,00 $;800,68 $;0,06%;
21/12/2023;1;37442,56 $;-530,68 $;0,00 $;-530,68 $;5,68 $;-9242,84 $;-530,68 $;0,00%;-530,68 $;0,00 $;-530,68 $;0,00 $;-530,68 $;40,00;780,00 $;675,00 $;1205,68 $;0,06%;
22/12/2023;1;37041,88 $;-400,68 $;0,00 $;-400,68 $;5,68 $;-9643,52 $;-400,68 $;0,00%;-400,68 $;0,00 $;-400,68 $;0,00 $;-400,68 $;40,00;735,00 $;310,00 $;710,68 $;0,06%;
26/12/2023;1;36841,20 $;-200,68 $;0,00 $;-200,68 $;5,68 $;-9844,20 $;-200,68 $;0,00%;-200,68 $;0,00 $;-200,68 $;0,00 $;-200,68 $;25,00;415,00 $;100,00 $;300,68 $;0,06%;
27/12/2023;1;36750,52 $;-90,68 $;0,00 $;-90,68 $;5,68 $;-9934,88 $;-90,68 $;0,00%;-90,68 $;0,00 $;-90,68 $;0,00 $;-90,68 $;25,00;200,00 $;295,00 $;385,68 $;0,06%;
28/12/2023;1;36289,84 $;-460,68 $;0,00 $;-460,68 $;5,68 $;-10395,56 $;-460,68 $;0,00%;-460,68 $;0,00 $;-460,68 $;0,00 $;-460,68 $;20,00;455,00 $;350,00 $;810,68 $;0,06%;
29/12/2023;1;36154,16 $;-135,68 $;0,00 $;-135,68 $;5,68 $;-10531,24 $;-135,68 $;0,00%;-135,68 $;0,00 $;-135,68 $;0,00 $;-135,68 $;25,00;355,00 $;320,00 $;455,68 $;0,06%;
02/01/2024;1;37723,48 $;1569,32 $;1569,32 $;0,00 $;5,68 $;-8961,92 $;0,00 $;100,00%;1569,32 $;1569,32 $;0,00 $;1569,32 $;0,00 $;20,00;300,00 $;1575,00 $;5,68 $;0,06%;
03/01/2024;1;37742,80 $;19,32 $;19,32 $;0,00 $;5,68 $;-8942,60 $;0,00 $;100,00%;19,32 $;19,32 $;0,00 $;19,32 $;0,00 $;25,00;360,00 $;615,00 $;595,68 $;0,06%;
04/01/2024;1;37877,12 $;134,32 $;134,32 $;0,00 $;5,68 $;-8808,28 $;0,00 $;100,00%;134,32 $;134,32 $;0,00 $;134,32 $;0,00 $;30,00;200,00 $;940,00 $;805,68 $;0,06%;
05/01/2024;1;37036,44 $;-840,68 $;0,00 $;-840,68 $;5,68 $;-9648,96 $;-840,68 $;0,00%;-840,68 $;0,00 $;-840,68 $;0,00 $;-840,68 $;40,00;1290,00 $;100,00 $;940,68 $;0,06%;
08/01/2024;1;36085,76 $;-950,68 $;0,00 $;-950,68 $;5,68 $;-10599,64 $;-950,68 $;0,00%;-950,68 $;0,00 $;-950,68 $;0,00 $;-950,68 $;15,00;945,00 $;125,00 $;1075,68 $;0,06%;
09/01/2024;1;36210,08 $;124,32 $;124,32 $;0,00 $;5,68 $;-10475,32 $;0,00 $;100,00%;124,32 $;124,32 $;0,00 $;124,32 $;0,00 $;40,00;230,00 $;565,00 $;440,68 $;0,06%;
10/01/2024;1;36604,40 $;394,32 $;394,32 $;0,00 $;5,68 $;-10081,00 $;0,00 $;100,00%;394,32 $;394,32 $;0,00 $;394,32 $;0,00 $;25,00;335,00 $;875,00 $;480,68 $;0,06%;
11/01/2024;1;35983,72 $;-620,68 $;0,00 $;-620,68 $;5,68 $;-10701,68 $;-620,68 $;0,00%;-620,68 $;0,00 $;-620,68 $;0,00 $;-620,68 $;40,00;900,00 $;810,00 $;1430,68 $;0,06%;
12/01/2024;1;35828,04 $;-155,68 $;0,00 $;-155,68 $;5,68 $;-10857,36 $;-155,68 $;0,00%;-155,68 $;0,00 $;-155,68 $;0,00 $;-155,68 $;40,00;1275,00 $;95,00 $;250,68 $;0,06%;
15/01/2024;1;35822,36 $;-5,68 $;0,00 $;-5,68 $;5,68 $;-10863,04 $;-5,68 $;0,00%;-5,68 $;0,00 $;-5,68 $;0,00 $;-5,68 $;40,00;335,00 $;265,00 $;270,68 $;0,06%;
16/01/2024;1;36046,68 $;224,32 $;224,32 $;0,00 $;5,68 $;-10638,72 $;0,00 $;100,00%;224,32 $;224,32 $;0,00 $;224,32 $;0,00 $;25,00;415,00 $;1410,00 $;1185,68 $;0,06%;
17/01/2024;1;34961,00 $;-1085,68 $;0,00 $;-1085,68 $;5,68 $;-11724,40 $;-1085,68 $;0,00%;-1085,68 $;0,00 $;-1085,68 $;0,00 $;-1085,68 $;25,00;1155,00 $;365,00 $;1450,68 $;0,06%;
18/01/2024;1;35045,32 $;84,32 $;84,32 $;0,00 $;5,68 $;-11640,08 $;0,00 $;100,00%;84,32 $;84,32 $;0,00 $;84,32 $;0,00 $;25,00;445,00 $;510,00 $;425,68 $;0,06%;
19/01/2024;1;34174,64 $;-870,68 $;0,00 $;-870,68 $;5,68 $;-12510,76 $;-870,68 $;0,00%;-870,68 $;0,00 $;-870,68 $;0,00 $;-870,68 $;10,00;865,00 $;215,00 $;1085,68 $;0,06%;
22/01/2024;1;35323,96 $;1149,32 $;1149,32 $;0,00 $;5,68 $;-11361,44 $;0,00 $;100,00%;1149,32 $;1149,32 $;0,00 $;1149,32 $;0,00 $;10,00;20,00 $;1155,00 $;5,68 $;0,06%;
23/01/2024;1;36383,28 $;1059,32 $;1059,32 $;0,00 $;5,68 $;-10302,12 $;0,00 $;100,00%;1059,32 $;1059,32 $;0,00 $;1059,32 $;0,00 $;25,00;220,00 $;1335,00 $;275,68 $;0,06%;
24/01/2024;1;36837,60 $;454,32 $;454,32 $;0,00 $;5,68 $;-9847,80 $;0,00 $;100,00%;454,32 $;454,32 $;0,00 $;454,32 $;0,00 $;30,00;60,00 $;1100,00 $;645,68 $;0,06%;
25/01/2024;1;37901,92 $;1064,32 $;1064,32 $;0,00 $;5,68 $;-8783,48 $;0,00 $;100,00%;1064,32 $;1064,32 $;0,00 $;1064,32 $;0,00 $;40,00;95,00 $;1240,00 $;175,68 $;0,06%;
26/01/2024;1;38011,24 $;109,32 $;109,32 $;0,00 $;5,68 $;-8674,16 $;0,00 $;100,00%;109,32 $;109,32 $;0,00 $;109,32 $;0,00 $;35,00;510,00 $;565,00 $;455,68 $;0,06%;
29/01/2024;1;38270,56 $;259,32 $;259,32 $;0,00 $;5,68 $;-8414,84 $;0,00 $;100,00%;259,32 $;259,32 $;0,00 $;259,32 $;0,00 $;40,00;310,00 $;765,00 $;505,68 $;0,06%;
30/01/2024;1;38564,88 $;294,32 $;294,32 $;0,00 $;5,68 $;-8120,52 $;0,00 $;100,00%;294,32 $;294,32 $;0,00 $;294,32 $;0,00 $;40,00;130,00 $;610,00 $;315,68 $;0,06%;
31/01/2024;1;38104,20 $;-460,68 $;0,00 $;-460,68 $;5,68 $;-8581,20 $;-460,68 $;0,00%;-460,68 $;0,00 $;-460,68 $;0,00 $;-460,68 $;40,00;910,00 $;675,00 $;1135,68 $;0,06%;
01/02/2024;1;37963,52 $;-140,68 $;0,00 $;-140,68 $;5,68 $;-8721,88 $;-140,68 $;0,00%;-140,68 $;0,00 $;-140,68 $;0,00 $;-140,68 $;30,00;435,00 $;615,00 $;755,68 $;0,06%;
02/02/2024;1;39712,84 $;1749,32 $;1749,32 $;0,00 $;5,68 $;-6972,56 $;0,00 $;100,00%;1749,32 $;1749,32 $;0,00 $;1749,32 $;0,00 $;40,00;745,00 $;2425,00 $;675,68 $;0,06%;
05/02/2024;1;39277,16 $;-435,68 $;0,00 $;-435,68 $;5,68 $;-7408,24 $;-435,68 $;0,00%;-435,68 $;0,00 $;-435,68 $;0,00 $;-435,68 $;40,00;1205,00 $;445,00 $;880,68 $;0,06%;
06/02/2024;1;40431,48 $;1154,32 $;1154,32 $;0,00 $;5,68 $;-6253,92 $;0,00 $;100,00%;1154,32 $;1154,32 $;0,00 $;1154,32 $;0,00 $;25,00;385,00 $;1160,00 $;5,68 $;0,06%;
07/02/2024;1;40700,80 $;269,32 $;269,32 $;0,00 $;5,68 $;-5984,60 $;0,00 $;100,00%;269,32 $;269,32 $;0,00 $;269,32 $;0,00 $;40,00;400,00 $;815,00 $;545,68 $;0,06%;
08/02/2024;1;40115,12 $;-585,68 $;0,00 $;-585,68 $;5,68 $;-6570,28 $;-585,68 $;0,00%;-585,68 $;0,00 $;-585,68 $;0,00 $;-585,68 $;35,00;605,00 $;285,00 $;870,68 $;0,06%;
09/02/2024;1;40964,44 $;849,32 $;849,32 $;0,00 $;5,68 $;-5720,96 $;0,00 $;100,00%;849,32 $;849,32 $;0,00 $;849,32 $;0,00 $;25,00;445,00 $;935,00 $;85,68 $;0,06%;
12/02/2024;1;41228,76 $;264,32 $;264,32 $;0,00 $;5,68 $;-5456,64 $;0,00 $;100,00%;264,32 $;264,32 $;0,00 $;264,32 $;0,00 $;40,00;395,00 $;480,00 $;215,68 $;0,06%;
13/02/2024;1;41803,08 $;574,32 $;574,32 $;0,00 $;5,68 $;-4882,32 $;0,00 $;100,00%;574,32 $;574,32 $;0,00 $;574,32 $;0,00 $;40,00;1175,00 $;770,00 $;195,68 $;0,06%;
14/02/2024;1;42147,40 $;344,32 $;344,32 $;0,00 $;5,68 $;-4538,00 $;0,00 $;100,00%;344,32 $;344,32 $;0,00 $;344,32 $;0,00 $;40,00;580,00 $;940,00 $;595,68 $;0,06%;
15/02/2024;1;41091,72 $;-1055,68 $;0,00 $;-1055,68 $;5,68 $;-5593,68 $;-1055,68 $;0,00%;-1055,68 $;0,00 $;-1055,68 $;0,00 $;-1055,68 $;30,00;1050,00 $;300,00 $;1355,68 $;0,06%;
16/02/2024;1;39696,04 $;-1395,68 $;0,00 $;-1395,68 $;5,68 $;-6989,36 $;-1395,68 $;0,00%;-1395,68 $;0,00 $;-1395,68 $;0,00 $;-1395,68 $;15,00;1390,00 $;315,00 $;1710,68 $;0,06%;
19/02/2024;1;39545,36 $;-150,68 $;0,00 $;-150,68 $;5,68 $;-7140,04 $;-150,68 $;0,00%;-150,68 $;0,00 $;-150,68 $;0,00 $;-150,68 $;40,00;465,00 $;15,00 $;165,68 $;0,06%;
20/02/2024;1;38454,68 $;-1090,68 $;0,00 $;-1090,68 $;5,68 $;-8230,72 $;-1090,68 $;0,00%;-1090,68 $;0,00 $;-1090,68 $;0,00 $;-1090,68 $;10,00;1085,00 $;1245,00 $;2335,68 $;0,06%;
21/02/2024;1;37854,00 $;-600,68 $;0,00 $;-600,68 $;5,68 $;-8831,40 $;-600,68 $;0,00%;-600,68 $;0,00 $;-600,68 $;0,00 $;-600,68 $;25,00;1085,00 $;160,00 $;760,68 $;0,06%;
22/02/2024;1;39233,32 $;1379,32 $;1379,32 $;0,00 $;5,68 $;-7452,08 $;0,00 $;100,00%;1379,32 $;1379,32 $;0,00 $;1379,32 $;0,00 $;20,00;100,00 $;1385,00 $;5,68 $;0,06%;
23/02/2024;1;38352,64 $;-880,68 $;0,00 $;-880,68 $;5,68 $;-8332,76 $;-880,68 $;0,00%;-880,68 $;0,00 $;-880,68 $;0,00 $;-880,68 $;15,00;875,00 $;15,00 $;895,68 $;0,06%;
26/02/2024;1;38976,96 $;624,32 $;624,32 $;0,00 $;5,68 $;-7708,44 $;0,00 $;100,00%;624,32 $;624,32 $;0,00 $;624,32 $;0,00 $;25,00;360,00 $;1010,00 $;385,68 $;0,06%;
27/02/2024;1;39241,28 $;264,32 $;264,32 $;0,00 $;5,68 $;-7444,12 $;0,00 $;100,00%;264,32 $;264,32 $;0,00 $;264,32 $;0,00 $;25,00;445,00 $;375,00 $;110,68 $;0,06%;
28/02/2024;1;38615,60 $;-625,68 $;0,00 $;-625,68 $;5,68 $;-8069,80 $;-625,68 $;0,00%;-625,68 $;0,00 $;-625,68 $;0,00 $;-625,68 $;40,00;1025,00 $;385,00 $;1010,68 $;0,06%;
29/02/2024;1;38154,92 $;-460,68 $;0,00 $;-460,68 $;5,68 $;-8530,48 $;-460,68 $;0,00%;-460,68 $;0,00 $;-460,68 $;0,00 $;-460,68 $;30,00;845,00 $;190,00 $;650,68 $;0,06%;
01/03/2024;1;38154,24 $;-0,68 $;0,00 $;-0,68 $;5,68 $;-8531,16 $;-0,68 $;0,00%;-0,68 $;0,00 $;-0,68 $;0,00 $;-0,68 $;25,00;200,00 $;780,00 $;780,68 $;0,06%;
04/03/2024;1;37433,56 $;-720,68 $;0,00 $;-720,68 $;5,68 $;-9251,84 $;-720,68 $;0,00%;-720,68 $;0,00 $;-720,68 $;0,00 $;-720,68 $;5,00;715,00 $;165,00 $;885,68 $;0,06%;
05/03/2024;1;36377,88 $;-1055,68 $;0,00 $;-1055,68 $;5,68 $;-10307,52 $;-1055,68 $;0,00%;-1055,68 $;0,00 $;-1055,68 $;0,00 $;-1055,68 $;10,00;1050,00 $;5,00 $;1060,68 $;0,06%;
06/03/2024;1;37367,20 $;989,32 $;989,32 $;0,00 $;5,68 $;-9318,20 $;0,00 $;100,00%;989,32 $;989,32 $;0,00 $;989,32 $;0,00 $;40,00;560,00 $;1240,00 $;250,68 $;0,06%;
07/03/2024;1;37006,52 $;-360,68 $;0,00 $;-360,68 $;5,68 $;-9678,88 $;-360,68 $;0,00%;-360,68 $;0,00 $;-360,68 $;0,00 $;-360,68 $;40,00;1025,00 $;1115,00 $;1475,68 $;0,06%;
08/03/2024;1;37520,84 $;514,32 $;514,32 $;0,00 $;5,68 $;-9164,56 $;0,00 $;100,00%;514,32 $;514,32 $;0,00 $;514,32 $;0,00 $;40,00;605,00 $;1235,00 $;720,68 $;0,06%;
11/03/2024;1;37245,16 $;-275,68 $;0,00 $;-275,68 $;5,68 $;-9440,24 $;-275,68 $;0,00%;-275,68 $;0,00 $;-275,68 $;0,00 $;-275,68 $;25,00;310,00 $;1740,00 $;2015,68 $;0,06%;
12/03/2024;1;35979,48 $;-1265,68 $;0,00 $;-1265,68 $;5,68 $;-10705,92 $;-1265,68 $;0,00%;-1265,68 $;0,00 $;-1265,68 $;0,00 $;-1265,68 $;35,00;1805,00 $;155,00 $;1420,68 $;0,06%;
13/03/2024;1;34888,80 $;-1090,68 $;0,00 $;-1090,68 $;5,68 $;-11796,60 $;-1090,68 $;0,00%;-1090,68 $;0,00 $;-1090,68 $;0,00 $;-1090,68 $;10,00;1085,00 $;305,00 $;1395,68 $;0,06%;
14/03/2024;1;33508,12 $;-1380,68 $;0,00 $;-1380,68 $;5,68 $;-13177,28 $;-1380,68 $;0,00%;-1380,68 $;0,00 $;-1380,68 $;0,00 $;-1380,68 $;20,00;1375,00 $;865,00 $;2245,68 $;0,06%;
15/03/2024;1;32277,44 $;-1230,68 $;0,00 $;-1230,68 $;5,68 $;-14407,96 $;-1230,68 $;0,00%;-1230,68 $;0,00 $;-1230,68 $;0,00 $;-1230,68 $;5,00;1225,00 $;45,00 $;1275,68 $;0,06%;
18/03/2024;1;31361,76 $;-915,68 $;0,00 $;-915,68 $;5,68 $;-15323,64 $;-915,68 $;0,00%;-915,68 $;0,00 $;-915,68 $;0,00 $;-915,68 $;10,00;910,00 $;280,00 $;1195,68 $;0,06%;
19/03/2024;1;32296,08 $;934,32 $;934,32 $;0,00 $;5,68 $;-14389,32 $;0,00 $;100,00%;934,32 $;934,32 $;0,00 $;934,32 $;0,00 $;40,00;305,00 $;1680,00 $;745,68 $;0,06%;
20/03/2024;1;32790,40 $;494,32 $;494,32 $;0,00 $;5,68 $;-13895,00 $;0,00 $;100,00%;494,32 $;494,32 $;0,00 $;494,32 $;0,00 $;40,00;175,00 $;505,00 $;10,68 $;0,06%;
21/03/2024;1;33579,72 $;789,32 $;789,32 $;0,00 $;5,68 $;-13105,68 $;0,00 $;100,00%;789,32 $;789,32 $;0,00 $;789,32 $;0,00 $;30,00;425,00 $;1235,00 $;445,68 $;0,06%;
22/03/2024;1;33719,04 $;139,32 $;139,32 $;0,00 $;5,68 $;-12966,36 $;0,00 $;100,00%;139,32 $;139,32 $;0,00 $;139,32 $;0,00 $;40,00;170,00 $;750,00 $;610,68 $;0,06%;
25/03/2024;1;34108,36 $;389,32 $;389,32 $;0,00 $;5,68 $;-12577,04 $;0,00 $;100,00%;389,32 $;389,32 $;0,00 $;389,32 $;0,00 $;30,00;890,00 $;565,00 $;175,68 $;0,06%;
26/03/2024;1;34797,68 $;689,32 $;689,32 $;0,00 $;5,68 $;-11887,72 $;0,00 $;100,00%;689,32 $;689,32 $;0,00 $;689,32 $;0,00 $;40,00;95,00 $;800,00 $;110,68 $;0,06%;
27/03/2024;1;35732,00 $;934,32 $;934,32 $;0,00 $;5,68 $;-10953,40 $;0,00 $;100,00%;934,32 $;934,32 $;0,00 $;934,32 $;0,00 $;15,00;320,00 $;940,00 $;5,68 $;0,06%;
28/03/2024;1;36471,32 $;739,32 $;739,32 $;0,00 $;5,68 $;-10214,08 $;0,00 $;100,00%;739,32 $;739,32 $;0,00 $;739,32 $;0,00 $;25,00;205,00 $;1195,00 $;455,68 $;0,06%;
01/04/2024;1;37775,64 $;1304,32 $;1304,32 $;0,00 $;5,68 $;-8909,76 $;0,00 $;100,00%;1304,32 $;1304,32 $;0,00 $;1304,32 $;0,00 $;15,00;100,00 $;1310,00 $;5,68 $;0,06%;
02/04/2024;1;37299,96 $;-475,68 $;0,00 $;-475,68 $;5,68 $;-9385,44 $;-475,68 $;0,00%;-475,68 $;0,00 $;-475,68 $;0,00 $;-475,68 $;40,00;1100,00 $;275,00 $;750,68 $;0,06%;
03/04/2024;1;37619,28 $;319,32 $;319,32 $;0,00 $;5,68 $;-9066,12 $;0,00 $;100,00%;319,32 $;319,32 $;0,00 $;319,32 $;0,00 $;40,00;425,00 $;600,00 $;280,68 $;0,06%;
04/04/2024;1;38123,60 $;504,32 $;504,32 $;0,00 $;5,68 $;-8561,80 $;0,00 $;100,00%;504,32 $;504,32 $;0,00 $;504,32 $;0,00 $;40,00;495,00 $;735,00 $;230,68 $;0,06%;
05/04/2024;1;36342,92 $;-1780,68 $;0,00 $;-1780,68 $;5,68 $;-10342,48 $;-1780,68 $;0,00%;-1780,68 $;0,00 $;-1780,68 $;0,00 $;-1780,68 $;40,00;1790,00 $;795,00 $;2575,68 $;0,06%;
08/04/2024;1;36212,24 $;-130,68 $;0,00 $;-130,68 $;5,68 $;-10473,16 $;-130,68 $;0,00%;-130,68 $;0,00 $;-130,68 $;0,00 $;-130,68 $;25,00;355,00 $;370,00 $;500,68 $;0,06%;
09/04/2024;1;37041,56 $;829,32 $;829,32 $;0,00 $;5,68 $;-9643,84 $;0,00 $;100,00%;829,32 $;829,32 $;0,00 $;829,32 $;0,00 $;40,00;425,00 $;970,00 $;140,68 $;0,06%;
10/04/2024;1;37770,88 $;729,32 $;729,32 $;0,00 $;5,68 $;-8914,52 $;0,00 $;100,00%;729,32 $;729,32 $;0,00 $;729,32 $;0,00 $;25,00;785,00 $;1180,00 $;450,68 $;0,06%;
11/04/2024;1;37795,20 $;24,32 $;24,32 $;0,00 $;5,68 $;-8890,20 $;0,00 $;100,00%;24,32 $;24,32 $;0,00 $;24,32 $;0,00 $;40,00;230,00 $;795,00 $;770,68 $;0,06%;
12/04/2024;1;38444,52 $;649,32 $;649,32 $;0,00 $;5,68 $;-8240,88 $;0,00 $;100,00%;649,32 $;649,32 $;0,00 $;649,32 $;0,00 $;40,00;610,00 $;760,00 $;110,68 $;0,06%;
15/04/2024;1;39193,84 $;749,32 $;749,32 $;0,00 $;5,68 $;-7491,56 $;0,00 $;100,00%;749,32 $;749,32 $;0,00 $;749,32 $;0,00 $;40,00;105,00 $;1630,00 $;880,68 $;0,06%;
16/04/2024;1;39498,16 $;304,32 $;304,32 $;0,00 $;5,68 $;-7187,24 $;0,00 $;100,00%;304,32 $;304,32 $;0,00 $;304,32 $;0,00 $;25,00;1200,00 $;575,00 $;270,68 $;0,06%;
17/04/2024;1;40812,48 $;1314,32 $;1314,32 $;0,00 $;5,68 $;-5872,92 $;0,00 $;100,00%;1314,32 $;1314,32 $;0,00 $;1314,32 $;0,00 $;40,00;210,00 $;1670,00 $;355,68 $;0,06%;
18/04/2024;1;39276,80 $;-1535,68 $;0,00 $;-1535,68 $;5,68 $;-7408,60 $;-1535,68 $;0,00%;-1535,68 $;0,00 $;-1535,68 $;0,00 $;-1535,68 $;0,00;1530,00 $;0,00 $;1535,68 $;0,06%;
19/04/2024;1;38476,12 $;-800,68 $;0,00 $;-800,68 $;5,68 $;-8209,28 $;-800,68 $;0,00%;-800,68 $;0,00 $;-800,68 $;0,00 $;-800,68 $;30,00;1320,00 $;450,00 $;1250,68 $;0,06%;
22/04/2024;1;38790,44 $;314,32 $;314,32 $;0,00 $;5,68 $;-7894,96 $;0,00 $;100,00%;314,32 $;314,32 $;0,00 $;314,32 $;0,00 $;40,00;645,00 $;705,00 $;390,68 $;0,06%;
23/04/2024;1;37739,76 $;-1050,68 $;0,00 $;-1050,68 $;5,68 $;-8945,64 $;-1050,68 $;0,00%;-1050,68 $;0,00 $;-1050,68 $;0,00 $;-1050,68 $;25,00;1045,00 $;280,00 $;1330,68 $;0,06%;
24/04/2024;1;39259,08 $;1519,32 $;1519,32 $;0,00 $;5,68 $;-7426,32 $;0,00 $;100,00%;1519,32 $;1519,32 $;0,00 $;1519,32 $;0,00 $;15,00;25,00 $;1525,00 $;5,68 $;0,06%;
25/04/2024;1;39533,40 $;274,32 $;274,32 $;0,00 $;5,68 $;-7152,00 $;0,00 $;100,00%;274,32 $;274,32 $;0,00 $;274,32 $;0,00 $;40,00;700,00 $;765,00 $;490,68 $;0,06%;
26/04/2024;1;41287,72 $;1754,32 $;1754,32 $;0,00 $;5,68 $;-5397,68 $;0,00 $;100,00%;1754,32 $;1754,32 $;0,00 $;1754,32 $;0,00 $;30,00;580,00 $;2110,00 $;355,68 $;0,06%;
29/04/2024;1;42822,04 $;1534,32 $;1534,32 $;0,00 $;5,68 $;-3863,36 $;0,00 $;100,00%;1534,32 $;1534,32 $;0,00 $;1534,32 $;0,00 $;5,00;100,00 $;1540,00 $;5,68 $;0,06%;
30/04/2024;1;42546,36 $;-275,68 $;0,00 $;-275,68 $;5,68 $;-4139,04 $;-275,68 $;0,00%;-275,68 $;0,00 $;-275,68 $;0,00 $;-275,68 $;40,00;915,00 $;80,00 $;355,68 $;0,06%;
01/05/2024;1;43235,68 $;689,32 $;689,32 $;0,00 $;5,68 $;-3449,72 $;0,00 $;100,00%;689,32 $;689,32 $;0,00 $;689,32 $;0,00 $;40,00;130,00 $;1135,00 $;445,68 $;0,06%;
02/05/2024;1;42340,00 $;-895,68 $;0,00 $;-895,68 $;5,68 $;-4345,40 $;-895,68 $;0,00%;-895,68 $;0,00 $;-895,68 $;0,00 $;-895,68 $;25,00;1235,00 $;205,00 $;1100,68 $;0,06%;
03/05/2024;1;41469,32 $;-870,68 $;0,00 $;-870,68 $;5,68 $;-5216,08 $;-870,68 $;0,00%;-870,68 $;0,00 $;-870,68 $;0,00 $;-870,68 $;30,00;1225,00 $;765,00 $;1635,68 $;0,06%;
06/05/2024;1;40763,64 $;-705,68 $;0,00 $;-705,68 $;5,68 $;-5921,76 $;-705,68 $;0,00%;-705,68 $;0,00 $;-705,68 $;0,00 $;-705,68 $;25,00;700,00 $;630,00 $;1335,68 $;0,06%;
07/05/2024;1;40072,96 $;-690,68 $;0,00 $;-690,68 $;5,68 $;-6612,44 $;-690,68 $;0,00%;-690,68 $;0,00 $;-690,68 $;0,00 $;-690,68 $;10,00;685,00 $;70,00 $;760,68 $;0,06%;
08/05/2024;1;38707,28 $;-1365,68 $;0,00 $;-1365,68 $;5,68 $;-7978,12 $;-1365,68 $;0,00%;-1365,68 $;0,00 $;-1365,68 $;0,00 $;-1365,68 $;25,00;1360,00 $;20,00 $;1385,68 $;0,06%;
09/05/2024;1;40261,60 $;1554,32 $;1554,32 $;0,00 $;5,68 $;-6423,80 $;0,00 $;100,00%;1554,32 $;1554,32 $;0,00 $;1554,32 $;0,00 $;25,00;195,00 $;1560,00 $;5,68 $;0,06%;
10/05/2024;1;39945,92 $;-315,68 $;0,00 $;-315,68 $;5,68 $;-6739,48 $;-315,68 $;0,00%;-315,68 $;0,00 $;-315,68 $;0,00 $;-315,68 $;25,00;695,00 $;430,00 $;745,68 $;0,06%;
13/05/2024;1;40985,24 $;1039,32 $;1039,32 $;0,00 $;5,68 $;-5700,16 $;0,00 $;100,00%;1039,32 $;1039,32 $;0,00 $;1039,32 $;0,00 $;20,00;185,00 $;1045,00 $;5,68 $;0,06%;
14/05/2024;1;41074,56 $;89,32 $;89,32 $;0,00 $;5,68 $;-5610,84 $;0,00 $;100,00%;89,32 $;89,32 $;0,00 $;89,32 $;0,00 $;35,00;540,00 $;1210,00 $;1120,68 $;0,06%;
15/05/2024;1;40203,88 $;-870,68 $;0,00 $;-870,68 $;5,68 $;-6481,52 $;-870,68 $;0,00%;-870,68 $;0,00 $;-870,68 $;0,00 $;-870,68 $;40,00;880,00 $;100,00 $;970,68 $;0,06%;
16/05/2024;1;40643,20 $;439,32 $;439,32 $;0,00 $;5,68 $;-6042,20 $;0,00 $;100,00%;439,32 $;439,32 $;0,00 $;439,32 $;0,00 $;40,00;295,00 $;595,00 $;155,68 $;0,06%;
17/05/2024;1;40362,52 $;-280,68 $;0,00 $;-280,68 $;5,68 $;-6322,88 $;-280,68 $;0,00%;-280,68 $;0,00 $;-280,68 $;0,00 $;-280,68 $;30,00;625,00 $;315,00 $;595,68 $;0,06%;
20/05/2024;1;41301,84 $;939,32 $;939,32 $;0,00 $;5,68 $;-5383,56 $;0,00 $;100,00%;939,32 $;939,32 $;0,00 $;939,32 $;0,00 $;5,00;145,00 $;945,00 $;5,68 $;0,06%;
21/05/2024;1;41541,16 $;239,32 $;239,32 $;0,00 $;5,68 $;-5144,24 $;0,00 $;100,00%;239,32 $;239,32 $;0,00 $;239,32 $;0,00 $;40,00;350,00 $;485,00 $;245,68 $;0,06%;
22/05/2024;1;41220,48 $;-320,68 $;0,00 $;-320,68 $;5,68 $;-5464,92 $;-320,68 $;0,00%;-320,68 $;0,00 $;-320,68 $;0,00 $;-320,68 $;40,00;450,00 $;385,00 $;705,68 $;0,06%;
23/05/2024;1;40549,80 $;-670,68 $;0,00 $;-670,68 $;5,68 $;-6135,60 $;-670,68 $;0,00%;-670,68 $;0,00 $;-670,68 $;0,00 $;-670,68 $;5,00;665,00 $;45,00 $;715,68 $;0,06%;
24/05/2024;1;41004,12 $;454,32 $;454,32 $;0,00 $;5,68 $;-5681,28 $;0,00 $;100,00%;454,32 $;454,32 $;0,00 $;454,32 $;0,00 $;25,00;285,00 $;810,00 $;355,68 $;0,06%;
27/05/2024;1;41353,44 $;349,32 $;349,32 $;0,00 $;5,68 $;-5331,96 $;0,00 $;100,00%;349,32 $;349,32 $;0,00 $;349,32 $;0,00 $;25,00;185,00 $;460,00 $;110,68 $;0,06%;
28/05/2024;1;41432,76 $;79,32 $;79,32 $;0,00 $;5,68 $;-5252,64 $;0,00 $;100,00%;79,32 $;79,32 $;0,00 $;79,32 $;0,00 $;35,00;255,00 $;235,00 $;155,68 $;0,06%;
29/05/2024;1;42797,08 $;1364,32 $;1364,32 $;0,00 $;5,68 $;-3888,32 $;0,00 $;100,00%;1364,32 $;1364,32 $;0,00 $;1364,32 $;0,00 $;30,00;170,00 $;1370,00 $;5,68 $;0,06%;
30/05/2024;1;43211,40 $;414,32 $;414,32 $;0,00 $;5,68 $;-3474,00 $;0,00 $;100,00%;414,32 $;414,32 $;0,00 $;414,32 $;0,00 $;25,00;415,00 $;730,00 $;315,68 $;0,06%;
31/05/2024;1;41630,72 $;-1580,68 $;0,00 $;-1580,68 $;5,68 $;-5054,68 $;-1580,68 $;0,00%;-1580,68 $;0,00 $;-1580,68 $;0,00 $;-1580,68 $;40,00;2190,00 $;305,00 $;1885,68 $;0,06%;
03/06/2024;1;40750,04 $;-880,68 $;0,00 $;-880,68 $;5,68 $;-5935,36 $;-880,68 $;0,00%;-880,68 $;0,00 $;-880,68 $;0,00 $;-880,68 $;20,00;875,00 $;195,00 $;1075,68 $;0,06%;
04/06/2024;1;41249,36 $;499,32 $;499,32 $;0,00 $;5,68 $;-5436,04 $;0,00 $;100,00%;499,32 $;499,32 $;0,00 $;499,32 $;0,00 $;40,00;455,00 $;970,00 $;470,68 $;0,06%;
05/06/2024;1;40783,68 $;-465,68 $;0,00 $;-465,68 $;5,68 $;-5901,72 $;-465,68 $;0,00%;-465,68 $;0,00 $;-465,68 $;0,00 $;-465,68 $;40,00;565,00 $;350,00 $;815,68 $;0,06%;
06/06/2024;1;41168,00 $;384,32 $;384,32 $;0,00 $;5,68 $;-5517,40 $;0,00 $;100,00%;384,32 $;384,32 $;0,00 $;384,32 $;0,00 $;40,00;250,00 $;870,00 $;485,68 $;0,06%;
07/06/2024;1;40282,32 $;-885,68 $;0,00 $;-885,68 $;5,68 $;-6403,08 $;-885,68 $;0,00%;-885,68 $;0,00 $;-885,68 $;0,00 $;-885,68 $;40,00;960,00 $;395,00 $;1280,68 $;0,06%;
10/06/2024;1;40526,64 $;244,32 $;244,32 $;0,00 $;5,68 $;-6158,76 $;0,00 $;100,00%;244,32 $;244,32 $;0,00 $;244,32 $;0,00 $;40,00;70,00 $;850,00 $;605,68 $;0,06%;
11/06/2024;1;41970,96 $;1444,32 $;1444,32 $;0,00 $;5,68 $;-4714,44 $;0,00 $;100,00%;1444,32 $;1444,32 $;0,00 $;1444,32 $;0,00 $;10,00;215,00 $;1450,00 $;5,68 $;0,06%;
12/06/2024;1;42115,28 $;144,32 $;144,32 $;0,00 $;5,68 $;-4570,12 $;0,00 $;100,00%;144,32 $;144,32 $;0,00 $;144,32 $;0,00 $;40,00;685,00 $;505,00 $;360,68 $;0,06%;
13/06/2024;1;41829,60 $;-285,68 $;0,00 $;-285,68 $;5,68 $;-4855,80 $;-285,68 $;0,00%;-285,68 $;0,00 $;-285,68 $;0,00 $;-285,68 $;40,00;685,00 $;525,00 $;810,68 $;0,06%;
14/06/2024;1;40708,92 $;-1120,68 $;0,00 $;-1120,68 $;5,68 $;-5976,48 $;-1120,68 $;0,00%;-1120,68 $;0,00 $;-1120,68 $;0,00 $;-1120,68 $;20,00;1115,00 $;410,00 $;1530,68 $;0,06%;
17/06/2024;1;40998,24 $;289,32 $;289,32 $;0,00 $;5,68 $;-5687,16 $;0,00 $;100,00%;289,32 $;289,32 $;0,00 $;289,32 $;0,00 $;25,00;720,00 $;380,00 $;90,68 $;0,06%;
18/06/2024;1;40742,56 $;-255,68 $;0,00 $;-255,68 $;5,68 $;-5942,84 $;-255,68 $;0,00%;-255,68 $;0,00 $;-255,68 $;0,00 $;-255,68 $;30,00;545,00 $;550,00 $;805,68 $;0,06%;
19/06/2024;1;40921,88 $;179,32 $;179,32 $;0,00 $;5,68 $;-5763,52 $;0,00 $;100,00%;179,32 $;179,32 $;0,00 $;179,32 $;0,00 $;40,00;105,00 $;240,00 $;60,68 $;0,06%;
20/06/2024;1;39916,20 $;-1005,68 $;0,00 $;-1005,68 $;5,68 $;-6769,20 $;-1005,68 $;0,00%;-1005,68 $;0,00 $;-1005,68 $;0,00 $;-1005,68 $;10,00;1000,00 $;20,00 $;1025,68 $;0,06%;
21/06/2024;1;41745,52 $;1829,32 $;1829,32 $;0,00 $;5,68 $;-4939,88 $;0,00 $;100,00%;1829,32 $;1829,32 $;0,00 $;1829,32 $;0,00 $;30,00;145,00 $;1835,00 $;5,68 $;0,06%;
24/06/2024;1;42404,84 $;659,32 $;659,32 $;0,00 $;5,68 $;-4280,56 $;0,00 $;100,00%;659,32 $;659,32 $;0,00 $;659,32 $;0,00 $;40,00;940,00 $;1030,00 $;370,68 $;0,06%;
25/06/2024;1;42489,16 $;84,32 $;84,32 $;0,00 $;5,68 $;-4196,24 $;0,00 $;100,00%;84,32 $;84,32 $;0,00 $;84,32 $;0,00 $;40,00;320,00 $;885,00 $;800,68 $;0,06%;
26/06/2024;1;43398,48 $;909,32 $;909,32 $;0,00 $;5,68 $;-3286,92 $;0,00 $;100,00%;909,32 $;909,32 $;0,00 $;909,32 $;0,00 $;40,00;405,00 $;1500,00 $;590,68 $;0,06%;
27/06/2024;1;42412,80 $;-985,68 $;0,00 $;-985,68 $;5,68 $;-4272,60 $;-985,68 $;0,00%;-985,68 $;0,00 $;-985,68 $;0,00 $;-985,68 $;10,00;980,00 $;160,00 $;1145,68 $;0,06%;
28/06/2024;1;43927,12 $;1514,32 $;1514,32 $;0,00 $;5,68 $;-2758,28 $;0,00 $;100,00%;1514,32 $;1514,32 $;0,00 $;1514,32 $;0,00 $;40,00;660,00 $;1535,00 $;20,68 $;0,06%;
01/07/2024;1;42896,44 $;-1030,68 $;0,00 $;-1030,68 $;5,68 $;-3788,96 $;-1030,68 $;0,00%;-1030,68 $;0,00 $;-1030,68 $;0,00 $;-1030,68 $;25,00;1025,00 $;450,00 $;1480,68 $;0,06%;
02/07/2024;1;41930,76 $;-965,68 $;0,00 $;-965,68 $;5,68 $;-4754,64 $;-965,68 $;0,00%;-965,68 $;0,00 $;-965,68 $;0,00 $;-965,68 $;10,00;960,00 $;15,00 $;980,68 $;0,06%;
03/07/2024;1;41655,08 $;-275,68 $;0,00 $;-275,68 $;5,68 $;-5030,32 $;-275,68 $;0,00%;-275,68 $;0,00 $;-275,68 $;0,00 $;-275,68 $;25,00;445,00 $;550,00 $;825,68 $;0,06%;
04/07/2024;1;41934,40 $;279,32 $;279,32 $;0,00 $;5,68 $;-4751,00 $;0,00 $;100,00%;279,32 $;279,32 $;0,00 $;279,32 $;0,00 $;10,00;25,00 $;285,00 $;5,68 $;0,06%;
05/07/2024;1;41633,72 $;-300,68 $;0,00 $;-300,68 $;5,68 $;-5051,68 $;-300,68 $;0,00%;-300,68 $;0,00 $;-300,68 $;0,00 $;-300,68 $;40,00;865,00 $;410,00 $;710,68 $;0,06%;
08/07/2024;1;42338,04 $;704,32 $;704,32 $;0,00 $;5,68 $;-4347,36 $;0,00 $;100,00%;704,32 $;704,32 $;0,00 $;704,32 $;0,00 $;15,00;110,00 $;710,00 $;5,68 $;0,06%;
09/07/2024;1;42592,36 $;254,32 $;254,32 $;0,00 $;5,68 $;-4093,04 $;0,00 $;100,00%;254,32 $;254,32 $;0,00 $;254,32 $;0,00 $;25,00;40,00 $;865,00 $;610,68 $;0,06%;
10/07/2024;1;43046,68 $;454,32 $;454,32 $;0,00 $;5,68 $;-3638,72 $;0,00 $;100,00%;454,32 $;454,32 $;0,00 $;454,32 $;0,00 $;25,00;390,00 $;735,00 $;280,68 $;0,06%;
11/07/2024;1;41401,00 $;-1645,68 $;0,00 $;-1645,68 $;5,68 $;-5284,40 $;-1645,68 $;0,00%;-1645,68 $;0,00 $;-1645,68 $;0,00 $;-1645,68 $;40,00;1705,00 $;810,00 $;2455,68 $;0,06%;
12/07/2024;1;39680,32 $;-1720,68 $;0,00 $;-1720,68 $;5,68 $;-7005,08 $;-1720,68 $;0,00%;-1720,68 $;0,00 $;-1720,68 $;0,00 $;-1720,68 $;20,00;1715,00 $;305,00 $;2025,68 $;0,06%;
15/07/2024;1;39674,64 $;-5,68 $;0,00 $;-5,68 $;5,68 $;-7010,76 $;-5,68 $;0,00%;-5,68 $;0,00 $;-5,68 $;0,00 $;-5,68 $;25,00;775,00 $;915,00 $;920,68 $;0,06%;
16/07/2024;1;41553,96 $;1879,32 $;1879,32 $;0,00 $;5,68 $;-5131,44 $;0,00 $;100,00%;1879,32 $;1879,32 $;0,00 $;1879,32 $;0,00 $;20,00;385,00 $;1885,00 $;5,68 $;0,06%;
17/07/2024;1;40188,28 $;-1365,68 $;0,00 $;-1365,68 $;5,68 $;-6497,12 $;-1365,68 $;0,00%;-1365,68 $;0,00 $;-1365,68 $;0,00 $;-1365,68 $;20,00;1360,00 $;215,00 $;1580,68 $;0,06%;
18/07/2024;1;40757,60 $;569,32 $;569,32 $;0,00 $;5,68 $;-5927,80 $;0,00 $;100,00%;569,32 $;569,32 $;0,00 $;569,32 $;0,00 $;25,00;1365,00 $;1225,00 $;655,68 $;0,06%;
19/07/2024;1;41321,92 $;564,32 $;564,32 $;0,00 $;5,68 $;-5363,48 $;0,00 $;100,00%;564,32 $;564,32 $;0,00 $;564,32 $;0,00 $;35,00;665,00 $;2150,00 $;1585,68 $;0,06%;
22/07/2024;1;40286,24 $;-1035,68 $;0,00 $;-1035,68 $;5,68 $;-6399,16 $;-1035,68 $;0,00%;-1035,68 $;0,00 $;-1035,68 $;0,00 $;-1035,68 $;25,00;1030,00 $;1105,00 $;2140,68 $;0,06%;
23/07/2024;1;41330,56 $;1044,32 $;1044,32 $;0,00 $;5,68 $;-5354,84 $;0,00 $;100,00%;1044,32 $;1044,32 $;0,00 $;1044,32 $;0,00 $;35,00;345,00 $;1885,00 $;840,68 $;0,06%;
24/07/2024;1;39909,88 $;-1420,68 $;0,00 $;-1420,68 $;5,68 $;-6775,52 $;-1420,68 $;0,00%;-1420,68 $;0,00 $;-1420,68 $;0,00 $;-1420,68 $;25,00;1625,00 $;110,00 $;1530,68 $;0,06%;
25/07/2024;1;43859,20 $;3949,32 $;3949,32 $;0,00 $;5,68 $;-2826,20 $;0,00 $;100,00%;3949,32 $;3949,32 $;0,00 $;3949,32 $;0,00 $;35,00;100,00 $;3955,00 $;5,68 $;0,06%;
26/07/2024;1;42453,52 $;-1405,68 $;0,00 $;-1405,68 $;5,68 $;-4231,88 $;-1405,68 $;0,00%;-1405,68 $;0,00 $;-1405,68 $;0,00 $;-1405,68 $;10,00;1400,00 $;485,00 $;1890,68 $;0,06%;
29/07/2024;1;44012,84 $;1559,32 $;1559,32 $;0,00 $;5,68 $;-2672,56 $;0,00 $;100,00%;1559,32 $;1559,32 $;0,00 $;1559,32 $;0,00 $;40,00;1140,00 $;1760,00 $;200,68 $;0,06%;
30/07/2024;1;45287,16 $;1274,32 $;1274,32 $;0,00 $;5,68 $;-1398,24 $;0,00 $;100,00%;1274,32 $;1274,32 $;0,00 $;1274,32 $;0,00 $;35,00;825,00 $;1280,00 $;5,68 $;0,06%;
31/07/2024;1;44716,48 $;-570,68 $;0,00 $;-570,68 $;5,68 $;-1968,92 $;-570,68 $;0,00%;-570,68 $;0,00 $;-570,68 $;0,00 $;-570,68 $;40,00;1040,00 $;1035,00 $;1605,68 $;0,06%;
01/08/2024;1;47405,80 $;2689,32 $;2689,32 $;0,00 $;5,68 $;0,00 $;0,00 $;100,00%;2689,32 $;2689,32 $;0,00 $;2689,32 $;0,00 $;35,00;600,00 $;2695,00 $;5,68 $;0,06%;
02/08/2024;1;47310,12 $;-95,68 $;0,00 $;-95,68 $;5,68 $;-95,68 $;-95,68 $;0,00%;-95,68 $;0,00 $;-95,68 $;0,00 $;-95,68 $;40,00;430,00 $;2455,00 $;2550,68 $;0,06%;
05/08/2024;1;48769,44 $;1459,32 $;1459,32 $;0,00 $;5,68 $;0,00 $;0,00 $;100,00%;1459,32 $;1459,32 $;0,00 $;1459,32 $;0,00 $;40,00;1300,00 $;3320,00 $;1860,68 $;0,06%;
06/08/2024;1;46883,76 $;-1885,68 $;0,00 $;-1885,68 $;5,68 $;-1885,68 $;-1885,68 $;0,00%;-1885,68 $;0,00 $;-1885,68 $;0,00 $;-1885,68 $;40,00;2660,00 $;1605,00 $;3490,68 $;0,06%;
07/08/2024;1;44933,08 $;-1950,68 $;0,00 $;-1950,68 $;5,68 $;-3836,36 $;-1950,68 $;0,00%;-1950,68 $;0,00 $;-1950,68 $;0,00 $;-1950,68 $;20,00;1945,00 $;290,00 $;2240,68 $;0,06%;
08/08/2024;1;45292,40 $;359,32 $;359,32 $;0,00 $;5,68 $;-3477,04 $;0,00 $;100,00%;359,32 $;359,32 $;0,00 $;359,32 $;0,00 $;40,00;320,00 $;3255,00 $;2895,68 $;0,06%;
09/08/2024;1;44931,72 $;-360,68 $;0,00 $;-360,68 $;5,68 $;-3837,72 $;-360,68 $;0,00%;-360,68 $;0,00 $;-360,68 $;0,00 $;-360,68 $;40,00;1030,00 $;1440,00 $;1800,68 $;0,06%;
12/08/2024;1;43851,04 $;-1080,68 $;0,00 $;-1080,68 $;5,68 $;-4918,40 $;-1080,68 $;0,00%;-1080,68 $;0,00 $;-1080,68 $;0,00 $;-1080,68 $;20,00;1075,00 $;395,00 $;1475,68 $;0,06%;
13/08/2024;1;42490,36 $;-1360,68 $;0,00 $;-1360,68 $;5,68 $;-6279,08 $;-1360,68 $;0,00%;-1360,68 $;0,00 $;-1360,68 $;0,00 $;-1360,68 $;35,00;1600,00 $;305,00 $;1665,68 $;0,06%;
14/08/2024;1;43864,68 $;1374,32 $;1374,32 $;0,00 $;5,68 $;-4904,76 $;0,00 $;100,00%;1374,32 $;1374,32 $;0,00 $;1374,32 $;0,00 $;40,00;1450,00 $;1485,00 $;110,68 $;0,06%;
15/08/2024;1;41929,00 $;-1935,68 $;0,00 $;-1935,68 $;5,68 $;-6840,44 $;-1935,68 $;0,00%;-1935,68 $;0,00 $;-1935,68 $;0,00 $;-1935,68 $;25,00;1945,00 $;375,00 $;2310,68 $;0,06%;
16/08/2024;1;43183,32 $;1254,32 $;1254,32 $;0,00 $;5,68 $;-5586,12 $;0,00 $;100,00%;1254,32 $;1254,32 $;0,00 $;1254,32 $;0,00 $;40,00;160,00 $;1745,00 $;490,68 $;0,06%;
19/08/2024;1;44417,64 $;1234,32 $;1234,32 $;0,00 $;5,68 $;-4351,80 $;0,00 $;100,00%;1234,32 $;1234,32 $;0,00 $;1234,32 $;0,00 $;15,00;5,00 $;1240,00 $;5,68 $;0,06%;
20/08/2024;1;45761,96 $;1344,32 $;1344,32 $;0,00 $;5,68 $;-3007,48 $;0,00 $;100,00%;1344,32 $;1344,32 $;0,00 $;1344,32 $;0,00 $;25,00;130,00 $;1350,00 $;5,68 $;0,06%;
21/08/2024;1;46936,28 $;1174,32 $;1174,32 $;0,00 $;5,68 $;-1833,16 $;0,00 $;100,00%;1174,32 $;1174,32 $;0,00 $;1174,32 $;0,00 $;25,00;150,00 $;1275,00 $;100,68 $;0,06%;
22/08/2024;1;47320,60 $;384,32 $;384,32 $;0,00 $;5,68 $;-1448,84 $;0,00 $;100,00%;384,32 $;384,32 $;0,00 $;384,32 $;0,00 $;40,00;565,00 $;1055,00 $;670,68 $;0,06%;
23/08/2024;1;48534,92 $;1214,32 $;1214,32 $;0,00 $;5,68 $;-234,52 $;0,00 $;100,00%;1214,32 $;1214,32 $;0,00 $;1214,32 $;0,00 $;10,00;10,00 $;1220,00 $;5,68 $;0,06%;
26/08/2024;1;49929,24 $;1394,32 $;1394,32 $;0,00 $;5,68 $;0,00 $;0,00 $;100,00%;1394,32 $;1394,32 $;0,00 $;1394,32 $;0,00 $;25,00;100,00 $;1625,00 $;230,68 $;0,06%;
27/08/2024;1;50843,56 $;914,32 $;914,32 $;0,00 $;5,68 $;0,00 $;0,00 $;100,00%;914,32 $;914,32 $;0,00 $;914,32 $;0,00 $;40,00;1105,00 $;1480,00 $;565,68 $;0,06%;
28/08/2024;1;49807,88 $;-1035,68 $;0,00 $;-1035,68 $;5,68 $;-1035,68 $;-1035,68 $;0,00%;-1035,68 $;0,00 $;-1035,68 $;0,00 $;-1035,68 $;25,00;1030,00 $;985,00 $;2020,68 $;0,06%;
29/08/2024;1;48717,20 $;-1090,68 $;0,00 $;-1090,68 $;5,68 $;-2126,36 $;-1090,68 $;0,00%;-1090,68 $;0,00 $;-1090,68 $;0,00 $;-1090,68 $;25,00;1240,00 $;1130,00 $;2220,68 $;0,06%;
30/08/2024;1;48616,52 $;-100,68 $;0,00 $;-100,68 $;5,68 $;-2227,04 $;-100,68 $;0,00%;-100,68 $;0,00 $;-100,68 $;0,00 $;-100,68 $;40,00;1045,00 $;230,00 $;330,68 $;0,06%;
02/09/2024;1;48715,84 $;99,32 $;99,32 $;0,00 $;5,68 $;-2127,72 $;0,00 $;100,00%;99,32 $;99,32 $;0,00 $;99,32 $;0,00 $;40,00;415,00 $;225,00 $;125,68 $;0,06%;
03/09/2024;1;47315,16 $;-1400,68 $;0,00 $;-1400,68 $;5,68 $;-3528,40 $;-1400,68 $;0,00%;-1400,68 $;0,00 $;-1400,68 $;0,00 $;-1400,68 $;10,00;1395,00 $;420,00 $;1820,68 $;0,06%;
04/09/2024;1;46289,48 $;-1025,68 $;0,00 $;-1025,68 $;5,68 $;-4554,08 $;-1025,68 $;0,00%;-1025,68 $;0,00 $;-1025,68 $;0,00 $;-1025,68 $;25,00;1385,00 $;945,00 $;1970,68 $;0,06%;
05/09/2024;1;44083,80 $;-2205,68 $;0,00 $;-2205,68 $;5,68 $;-6759,76 $;-2205,68 $;0,00%;-2205,68 $;0,00 $;-2205,68 $;0,00 $;-2205,68 $;0,00;2200,00 $;0,00 $;2205,68 $;0,06%;
06/09/2024;1;48053,12 $;3969,32 $;3969,32 $;0,00 $;5,68 $;-2790,44 $;0,00 $;100,00%;3969,32 $;3969,32 $;0,00 $;3969,32 $;0,00 $;35,00;455,00 $;4060,00 $;90,68 $;0,06%;
09/09/2024;1;46862,44 $;-1190,68 $;0,00 $;-1190,68 $;5,68 $;-3981,12 $;-1190,68 $;0,00%;-1190,68 $;0,00 $;-1190,68 $;0,00 $;-1190,68 $;15,00;1185,00 $;310,00 $;1500,68 $;0,06%;
10/09/2024;1;47111,76 $;249,32 $;249,32 $;0,00 $;5,68 $;-3731,80 $;0,00 $;100,00%;249,32 $;249,32 $;0,00 $;249,32 $;0,00 $;35,00;925,00 $;1075,00 $;825,68 $;0,06%;
11/09/2024;1;49566,08 $;2454,32 $;2454,32 $;0,00 $;5,68 $;-1277,48 $;0,00 $;100,00%;2454,32 $;2454,32 $;0,00 $;2454,32 $;0,00 $;40,00;260,00 $;2825,00 $;370,68 $;0,06%;
12/09/2024;1;49350,40 $;-215,68 $;0,00 $;-215,68 $;5,68 $;-1493,16 $;-215,68 $;0,00%;-215,68 $;0,00 $;-215,68 $;0,00 $;-215,68 $;25,00;1660,00 $;415,00 $;630,68 $;0,06%;
13/09/2024;1;51059,72 $;1709,32 $;1709,32 $;0,00 $;5,68 $;0,00 $;0,00 $;100,00%;1709,32 $;1709,32 $;0,00 $;1709,32 $;0,00 $;10,00;220,00 $;1715,00 $;5,68 $;0,06%;
16/09/2024;1;50119,04 $;-940,68 $;0,00 $;-940,68 $;5,68 $;-940,68 $;-940,68 $;0,00%;-940,68 $;0,00 $;-940,68 $;0,00 $;-940,68 $;5,00;935,00 $;220,00 $;1160,68 $;0,06%;
17/09/2024;1;48573,36 $;-1545,68 $;0,00 $;-1545,68 $;5,68 $;-2486,36 $;-1545,68 $;0,00%;-1545,68 $;0,00 $;-1545,68 $;0,00 $;-1545,68 $;40,00;2310,00 $;35,00 $;1580,68 $;0,06%;
18/09/2024;1;48967,68 $;394,32 $;394,32 $;0,00 $;5,68 $;-2092,04 $;0,00 $;100,00%;394,32 $;394,32 $;0,00 $;394,32 $;0,00 $;40,00;165,00 $;1225,00 $;830,68 $;0,06%;
19/09/2024;1;49457,00 $;489,32 $;489,32 $;0,00 $;5,68 $;-1602,72 $;0,00 $;100,00%;489,32 $;489,32 $;0,00 $;489,32 $;0,00 $;40,00;745,00 $;1435,00 $;945,68 $;0,06%;
20/09/2024;1;50586,32 $;1129,32 $;1129,32 $;0,00 $;5,68 $;-473,40 $;0,00 $;100,00%;1129,32 $;1129,32 $;0,00 $;1129,32 $;0,00 $;25,00;495,00 $;1330,00 $;200,68 $;0,06%;
23/09/2024;1;50855,64 $;269,32 $;269,32 $;0,00 $;5,68 $;-204,08 $;0,00 $;100,00%;269,32 $;269,32 $;0,00 $;269,32 $;0,00 $;25,00;430,00 $;1045,00 $;775,68 $;0,06%;
24/09/2024;1;51664,96 $;809,32 $;809,32 $;0,00 $;5,68 $;0,00 $;0,00 $;100,00%;809,32 $;809,32 $;0,00 $;809,32 $;0,00 $;40,00;445,00 $;995,00 $;185,68 $;0,06%;
25/09/2024;1;50734,28 $;-930,68 $;0,00 $;-930,68 $;5,68 $;-930,68 $;-930,68 $;0,00%;-930,68 $;0,00 $;-930,68 $;0,00 $;-930,68 $;25,00;975,00 $;815,00 $;1745,68 $;0,06%;
26/09/2024;1;52363,60 $;1629,32 $;1629,32 $;0,00 $;5,68 $;0,00 $;0,00 $;100,00%;1629,32 $;1629,32 $;0,00 $;1629,32 $;0,00 $;10,00;0,00 $;1635,00 $;5,68 $;0,06%;
27/09/2024;1;52777,92 $;414,32 $;414,32 $;0,00 $;5,68 $;0,00 $;0,00 $;100,00%;414,32 $;414,32 $;0,00 $;414,32 $;0,00 $;40,00;300,00 $;1040,00 $;625,68 $;0,06%;
30/09/2024;1;51682,24 $;-1095,68 $;0,00 $;-1095,68 $;5,68 $;-1095,68 $;-1095,68 $;0,00%;-1095,68 $;0,00 $;-1095,68 $;0,00 $;-1095,68 $;10,00;1090,00 $;175,00 $;1270,68 $;0,06%;
01/10/2024;1;50731,56 $;-950,68 $;0,00 $;-950,68 $;5,68 $;-2046,36 $;-950,68 $;0,00%;-950,68 $;0,00 $;-950,68 $;0,00 $;-950,68 $;10,00;945,00 $;50,00 $;1000,68 $;0,06%;
02/10/2024;1;48900,88 $;-1830,68 $;0,00 $;-1830,68 $;5,68 $;-3877,04 $;-1830,68 $;0,00%;-1830,68 $;0,00 $;-1830,68 $;0,00 $;-1830,68 $;10,00;1825,00 $;475,00 $;2305,68 $;0,06%;
03/10/2024;1;50975,20 $;2074,32 $;2074,32 $;0,00 $;5,68 $;-1802,72 $;0,00 $;100,00%;2074,32 $;2074,32 $;0,00 $;2074,32 $;0,00 $;35,00;380,00 $;2080,00 $;5,68 $;0,06%;
04/10/2024;1;53594,52 $;2619,32 $;2619,32 $;0,00 $;5,68 $;0,00 $;0,00 $;100,00%;2619,32 $;2619,32 $;0,00 $;2619,32 $;0,00 $;35,00;20,00 $;2625,00 $;5,68 $;0,06%;
07/10/2024;1;54118,84 $;524,32 $;524,32 $;0,00 $;5,68 $;0,00 $;0,00 $;100,00%;524,32 $;524,32 $;0,00 $;524,32 $;0,00 $;30,00;535,00 $;970,00 $;445,68 $;0,06%;
08/10/2024;1;53083,16 $;-1035,68 $;0,00 $;-1035,68 $;5,68 $;-1035,68 $;-1035,68 $;0,00%;-1035,68 $;0,00 $;-1035,68 $;0,00 $;-1035,68 $;25,00;1030,00 $;675,00 $;1710,68 $;0,06%;
09/10/2024;1;53717,48 $;634,32 $;634,32 $;0,00 $;5,68 $;-401,36 $;0,00 $;100,00%;634,32 $;634,32 $;0,00 $;634,32 $;0,00 $;40,00;60,00 $;1180,00 $;545,68 $;0,06%;
10/10/2024;1;54041,80 $;324,32 $;324,32 $;0,00 $;5,68 $;-77,04 $;0,00 $;100,00%;324,32 $;324,32 $;0,00 $;324,32 $;0,00 $;40,00;425,00 $;770,00 $;445,68 $;0,06%;
11/10/2024;1;53926,12 $;-115,68 $;0,00 $;-115,68 $;5,68 $;-192,72 $;-115,68 $;0,00%;-115,68 $;0,00 $;-115,68 $;0,00 $;-115,68 $;40,00;985,00 $;160,00 $;275,68 $;0,06%;
14/10/2024;1;53270,44 $;-655,68 $;0,00 $;-655,68 $;5,68 $;-848,40 $;-655,68 $;0,00%;-655,68 $;0,00 $;-655,68 $;0,00 $;-655,68 $;15,00;650,00 $;410,00 $;1065,68 $;0,06%;
15/10/2024;1;53534,76 $;264,32 $;264,32 $;0,00 $;5,68 $;-584,08 $;0,00 $;100,00%;264,32 $;264,32 $;0,00 $;264,32 $;0,00 $;40,00;335,00 $;735,00 $;470,68 $;0,06%;
16/10/2024;1;52359,08 $;-1175,68 $;0,00 $;-1175,68 $;5,68 $;-1759,76 $;-1175,68 $;0,00%;-1175,68 $;0,00 $;-1175,68 $;0,00 $;-1175,68 $;5,00;1170,00 $;135,00 $;1310,68 $;0,06%;
17/10/2024;1;54213,40 $;1854,32 $;1854,32 $;0,00 $;5,68 $;0,00 $;0,00 $;100,00%;1854,32 $;1854,32 $;0,00 $;1854,32 $;0,00 $;10,00;5,00 $;1860,00 $;5,68 $;0,06%;
18/10/2024;1;55382,72 $;1169,32 $;1169,32 $;0,00 $;5,68 $;0,00 $;0,00 $;100,00%;1169,32 $;1169,32 $;0,00 $;1169,32 $;0,00 $;10,00;110,00 $;1175,00 $;5,68 $;0,06%;
21/10/2024;1;54397,04 $;-985,68 $;0,00 $;-985,68 $;5,68 $;-985,68 $;-985,68 $;0,00%;-985,68 $;0,00 $;-985,68 $;0,00 $;-985,68 $;15,00;980,00 $;70,00 $;1055,68 $;0,06%;
22/10/2024;1;54531,36 $;134,32 $;134,32 $;0,00 $;5,68 $;-851,36 $;0,00 $;100,00%;134,32 $;134,32 $;0,00 $;134,32 $;0,00 $;40,00;235,00 $;1010,00 $;875,68 $;0,06%;
23/10/2024;1;54170,68 $;-360,68 $;0,00 $;-360,68 $;5,68 $;-1212,04 $;-360,68 $;0,00%;-360,68 $;0,00 $;-360,68 $;0,00 $;-360,68 $;40,00;860,00 $;240,00 $;600,68 $;0,06%;
24/10/2024;1;52960,00 $;-1210,68 $;0,00 $;-1210,68 $;5,68 $;-2422,72 $;-1210,68 $;0,00%;-1210,68 $;0,00 $;-1210,68 $;0,00 $;-1210,68 $;0,00;1205,00 $;0,00 $;1210,68 $;0,06%;
25/10/2024;1;52144,32 $;-815,68 $;0,00 $;-815,68 $;5,68 $;-3238,40 $;-815,68 $;0,00%;-815,68 $;0,00 $;-815,68 $;0,00 $;-815,68 $;10,00;810,00 $;280,00 $;1095,68 $;0,06%;
28/10/2024;1;51528,64 $;-615,68 $;0,00 $;-615,68 $;5,68 $;-3854,08 $;-615,68 $;0,00%;-615,68 $;0,00 $;-615,68 $;0,00 $;-615,68 $;25,00;1155,00 $;275,00 $;890,68 $;0,06%;
29/10/2024;1;51442,96 $;-85,68 $;0,00 $;-85,68 $;5,68 $;-3939,76 $;-85,68 $;0,00%;-85,68 $;0,00 $;-85,68 $;0,00 $;-85,68 $;30,00;310,00 $;1575,00 $;1660,68 $;0,06%;
30/10/2024;1;50082,28 $;-1360,68 $;0,00 $;-1360,68 $;5,68 $;-5300,44 $;-1360,68 $;0,00%;-1360,68 $;0,00 $;-1360,68 $;0,00 $;-1360,68 $;20,00;1355,00 $;245,00 $;1605,68 $;0,06%;
31/10/2024;1;48616,60 $;-1465,68 $;0,00 $;-1465,68 $;5,68 $;-6766,12 $;-1465,68 $;0,00%;-1465,68 $;0,00 $;-1465,68 $;0,00 $;-1465,68 $;0,00;1460,00 $;0,00 $;1465,68 $;0,06%;
01/11/2024;1;50270,92 $;1654,32 $;1654,32 $;0,00 $;5,68 $;-5111,80 $;0,00 $;100,00%;1654,32 $;1654,32 $;0,00 $;1654,32 $;0,00 $;35,00;620,00 $;1745,00 $;90,68 $;0,06%;
04/11/2024;1;48990,24 $;-1280,68 $;0,00 $;-1280,68 $;5,68 $;-6392,48 $;-1280,68 $;0,00%;-1280,68 $;0,00 $;-1280,68 $;0,00 $;-1280,68 $;10,00;1275,00 $;45,00 $;1325,68 $;0,06%;
05/11/2024;1;47664,56 $;-1325,68 $;0,00 $;-1325,68 $;5,68 $;-7718,16 $;-1325,68 $;0,00%;-1325,68 $;0,00 $;-1325,68 $;0,00 $;-1325,68 $;20,00;1320,00 $;315,00 $;1640,68 $;0,06%;
06/11/2024;1;50338,88 $;2674,32 $;2674,32 $;0,00 $;5,68 $;-5043,84 $;0,00 $;100,00%;2674,32 $;2674,32 $;0,00 $;2674,32 $;0,00 $;10,00;55,00 $;2680,00 $;5,68 $;0,06%;
07/11/2024;1;49213,20 $;-1125,68 $;0,00 $;-1125,68 $;5,68 $;-6169,52 $;-1125,68 $;0,00%;-1125,68 $;0,00 $;-1125,68 $;0,00 $;-1125,68 $;15,00;1120,00 $;370,00 $;1495,68 $;0,06%;
08/11/2024;1;49287,52 $;74,32 $;74,32 $;0,00 $;5,68 $;-6095,20 $;0,00 $;100,00%;74,32 $;74,32 $;0,00 $;74,32 $;0,00 $;25,00;400,00 $;695,00 $;620,68 $;0,06%;
11/11/2024;1;48431,84 $;-855,68 $;0,00 $;-855,68 $;5,68 $;-6950,88 $;-855,68 $;0,00%;-855,68 $;0,00 $;-855,68 $;0,00 $;-855,68 $;15,00;850,00 $;65,00 $;920,68 $;0,06%;
12/11/2024;1;47576,16 $;-855,68 $;0,00 $;-855,68 $;5,68 $;-7806,56 $;-855,68 $;0,00%;-855,68 $;0,00 $;-855,68 $;0,00 $;-855,68 $;40,00;1065,00 $;90,00 $;945,68 $;0,06%;
13/11/2024;1;47910,48 $;334,32 $;334,32 $;0,00 $;5,68 $;-7472,24 $;0,00 $;100,00%;334,32 $;334,32 $;0,00 $;334,32 $;0,00 $;40,00;405,00 $;815,00 $;480,68 $;0,06%;
14/11/2024;1;48894,80 $;984,32 $;984,32 $;0,00 $;5,68 $;-6487,92 $;0,00 $;100,00%;984,32 $;984,32 $;0,00 $;984,32 $;0,00 $;40,00;5,00 $;1945,00 $;960,68 $;0,06%;
15/11/2024;1;47589,12 $;-1305,68 $;0,00 $;-1305,68 $;5,68 $;-7793,60 $;-1305,68 $;0,00%;-1305,68 $;0,00 $;-1305,68 $;0,00 $;-1305,68 $;15,00;1300,00 $;110,00 $;1415,68 $;0,06%;
18/11/2024;1;48518,44 $;929,32 $;929,32 $;0,00 $;5,68 $;-6864,28 $;0,00 $;100,00%;929,32 $;929,32 $;0,00 $;929,32 $;0,00 $;40,00;115,00 $;1535,00 $;605,68 $;0,06%;
19/11/2024;1;47817,76 $;-700,68 $;0,00 $;-700,68 $;5,68 $;-7564,96 $;-700,68 $;0,00%;-700,68 $;0,00 $;-700,68 $;0,00 $;-700,68 $;30,00;1105,00 $;395,00 $;1095,68 $;0,06%;
20/11/2024;1;46812,08 $;-1005,68 $;0,00 $;-1005,68 $;5,68 $;-8570,64 $;-1005,68 $;0,00%;-1005,68 $;0,00 $;-1005,68 $;0,00 $;-1005,68 $;10,00;1000,00 $;45,00 $;1050,68 $;0,06%;
21/11/2024;1;49421,40 $;2609,32 $;2609,32 $;0,00 $;5,68 $;-5961,32 $;0,00 $;100,00%;2609,32 $;2609,32 $;0,00 $;2609,32 $;0,00 $;15,00;765,00 $;2615,00 $;5,68 $;0,06%;
22/11/2024;1;50910,72 $;1489,32 $;1489,32 $;0,00 $;5,68 $;-4472,00 $;0,00 $;100,00%;1489,32 $;1489,32 $;0,00 $;1489,32 $;0,00 $;35,00;155,00 $;1895,00 $;405,68 $;0,06%;
25/11/2024;1;52665,04 $;1754,32 $;1754,32 $;0,00 $;5,68 $;-2717,68 $;0,00 $;100,00%;1754,32 $;1754,32 $;0,00 $;1754,32 $;0,00 $;30,00;850,00 $;1760,00 $;5,68 $;0,06%;
26/11/2024;1;51574,36 $;-1090,68 $;0,00 $;-1090,68 $;5,68 $;-3808,36 $;-1090,68 $;0,00%;-1090,68 $;0,00 $;-1090,68 $;0,00 $;-1090,68 $;30,00;1085,00 $;860,00 $;1950,68 $;0,06%;
27/11/2024;1;50568,68 $;-1005,68 $;0,00 $;-1005,68 $;5,68 $;-4814,04 $;-1005,68 $;0,00%;-1005,68 $;0,00 $;-1005,68 $;0,00 $;-1005,68 $;0,00;1000,00 $;0,00 $;1005,68 $;0,06%;
28/11/2024;1;50568,00 $;-0,68 $;0,00 $;-0,68 $;5,68 $;-4814,72 $;-0,68 $;0,00%;-0,68 $;0,00 $;-0,68 $;0,00 $;-0,68 $;25,00;150,00 $;295,00 $;295,68 $;0,06%;
29/11/2024;1;49622,32 $;-945,68 $;0,00 $;-945,68 $;5,68 $;-5760,40 $;-945,68 $;0,00%;-945,68 $;0,00 $;-945,68 $;0,00 $;-945,68 $;40,00;1015,00 $;1260,00 $;2205,68 $;0,06%;
02/12/2024;1;48686,64 $;-935,68 $;0,00 $;-935,68 $;5,68 $;-6696,08 $;-935,68 $;0,00%;-935,68 $;0,00 $;-935,68 $;0,00 $;-935,68 $;10,00;930,00 $;205,00 $;1140,68 $;0,06%;
03/12/2024;1;49365,96 $;679,32 $;679,32 $;0,00 $;5,68 $;-6016,76 $;0,00 $;100,00%;679,32 $;679,32 $;0,00 $;679,32 $;0,00 $;40,00;685,00 $;825,00 $;145,68 $;0,06%;
04/12/2024;1;49925,28 $;559,32 $;559,32 $;0,00 $;5,68 $;-5457,44 $;0,00 $;100,00%;559,32 $;559,32 $;0,00 $;559,32 $;0,00 $;40,00;15,00 $;1130,00 $;570,68 $;0,06%;
05/12/2024;1;50509,60 $;584,32 $;584,32 $;0,00 $;5,68 $;-4873,12 $;0,00 $;100,00%;584,32 $;584,32 $;0,00 $;584,32 $;0,00 $;25,00;220,00 $;855,00 $;270,68 $;0,06%;
06/12/2024;1;49018,92 $;-1490,68 $;0,00 $;-1490,68 $;5,68 $;-6363,80 $;-1490,68 $;0,00%;-1490,68 $;0,00 $;-1490,68 $;0,00 $;-1490,68 $;10,00;1485,00 $;105,00 $;1595,68 $;0,06%;
09/12/2024;1;49053,24 $;34,32 $;34,32 $;0,00 $;5,68 $;-6329,48 $;0,00 $;100,00%;34,32 $;34,32 $;0,00 $;34,32 $;0,00 $;35,00;470,00 $;850,00 $;815,68 $;0,06%;
10/12/2024;1;50942,56 $;1889,32 $;1889,32 $;0,00 $;5,68 $;-4440,16 $;0,00 $;100,00%;1889,32 $;1889,32 $;0,00 $;1889,32 $;0,00 $;40,00;50,00 $;2060,00 $;170,68 $;0,06%;
11/12/2024;1;49816,88 $;-1125,68 $;0,00 $;-1125,68 $;5,68 $;-5565,84 $;-1125,68 $;0,00%;-1125,68 $;0,00 $;-1125,68 $;0,00 $;-1125,68 $;20,00;1120,00 $;135,00 $;1260,68 $;0,06%;
12/12/2024;1;50596,20 $;779,32 $;779,32 $;0,00 $;5,68 $;-4786,52 $;0,00 $;100,00%;779,32 $;779,32 $;0,00 $;779,32 $;0,00 $;40,00;195,00 $;940,00 $;160,68 $;0,06%;
13/12/2024;1;51975,52 $;1379,32 $;1379,32 $;0,00 $;5,68 $;-3407,20 $;0,00 $;100,00%;1379,32 $;1379,32 $;0,00 $;1379,32 $;0,00 $;20,00;390,00 $;1385,00 $;5,68 $;0,06%;
16/12/2024;1;51009,84 $;-965,68 $;0,00 $;-965,68 $;5,68 $;-4372,88 $;-965,68 $;0,00%;-965,68 $;0,00 $;-965,68 $;0,00 $;-965,68 $;25,00;970,00 $;505,00 $;1470,68 $;0,06%;
17/12/2024;1;51149,16 $;139,32 $;139,32 $;0,00 $;5,68 $;-4233,56 $;0,00 $;100,00%;139,32 $;139,32 $;0,00 $;139,32 $;0,00 $;25,00;385,00 $;1360,00 $;1220,68 $;0,06%;
18/12/2024;1;49883,48 $;-1265,68 $;0,00 $;-1265,68 $;5,68 $;-5499,24 $;-1265,68 $;0,00%;-1265,68 $;0,00 $;-1265,68 $;0,00 $;-1265,68 $;15,00;1260,00 $;410,00 $;1675,68 $;0,06%;
19/12/2024;1;51852,80 $;1969,32 $;1969,32 $;0,00 $;5,68 $;-3529,92 $;0,00 $;100,00%;1969,32 $;1969,32 $;0,00 $;1969,32 $;0,00 $;30,00;415,00 $;2485,00 $;515,68 $;0,06%;
20/12/2024;1;51672,12 $;-180,68 $;0,00 $;-180,68 $;5,68 $;-3710,60 $;-180,68 $;0,00%;-180,68 $;0,00 $;-180,68 $;0,00 $;-180,68 $;40,00;1725,00 $;1245,00 $;1425,68 $;0,06%;
23/12/2024;1;51876,44 $;204,32 $;204,32 $;0,00 $;5,68 $;-3506,28 $;0,00 $;100,00%;204,32 $;204,32 $;0,00 $;204,32 $;0,00 $;25,00;640,00 $;1810,00 $;1605,68 $;0,06%;
24/12/2024;1;50990,76 $;-885,68 $;0,00 $;-885,68 $;5,68 $;-4391,96 $;-885,68 $;0,00%;-885,68 $;0,00 $;-885,68 $;0,00 $;-885,68 $;25,00;880,00 $;720,00 $;1605,68 $;0,06%;
26/12/2024;1;53135,08 $;2144,32 $;2144,32 $;0,00 $;5,68 $;-2247,64 $;0,00 $;100,00%;2144,32 $;2144,32 $;0,00 $;2144,32 $;0,00 $;15,00;505,00 $;2150,00 $;5,68 $;0,06%;
27/12/2024;1;51984,40 $;-1150,68 $;0,00 $;-1150,68 $;5,68 $;-3398,32 $;-1150,68 $;0,00%;-1150,68 $;0,00 $;-1150,68 $;0,00 $;-1150,68 $;10,00;1145,00 $;70,00 $;1220,68 $;0,06%;
30/12/2024;1;50733,72 $;-1250,68 $;0,00 $;-1250,68 $;5,68 $;-4649,00 $;-1250,68 $;0,00%;-1250,68 $;0,00 $;-1250,68 $;0,00 $;-1250,68 $;25,00;1340,00 $;745,00 $;1995,68 $;0,06%;
31/12/2024;1;49083,04 $;-1650,68 $;0,00 $;-1650,68 $;5,68 $;-6299,68 $;-1650,68 $;0,00%;-1650,68 $;0,00 $;-1650,68 $;0,00 $;-1650,68 $;0,00;1645,00 $;0,00 $;1650,68 $;0,06%;
02/01/2025;1;46902,36 $;-2180,68 $;0,00 $;-2180,68 $;5,68 $;-8480,36 $;-2180,68 $;0,00%;-2180,68 $;0,00 $;-2180,68 $;0,00 $;-2180,68 $;15,00;2175,00 $;215,00 $;2395,68 $;0,06%;
03/01/2025;1;45626,68 $;-1275,68 $;0,00 $;-1275,68 $;5,68 $;-9756,04 $;-1275,68 $;0,00%;-1275,68 $;0,00 $;-1275,68 $;0,00 $;-1275,68 $;10,00;1270,00 $;50,00 $;1325,68 $;0,06%;
06/01/2025;1;48301,00 $;2674,32 $;2674,32 $;0,00 $;5,68 $;-7081,72 $;0,00 $;100,00%;2674,32 $;2674,32 $;0,00 $;2674,32 $;0,00 $;20,00;170,00 $;2680,00 $;5,68 $;0,06%;
07/01/2025;1;49990,32 $;1689,32 $;1689,32 $;0,00 $;5,68 $;-5392,40 $;0,00 $;100,00%;1689,32 $;1689,32 $;0,00 $;1689,32 $;0,00 $;15,00;430,00 $;1695,00 $;5,68 $;0,06%;
08/01/2025;1;51369,64 $;1379,32 $;1379,32 $;0,00 $;5,68 $;-4013,08 $;0,00 $;100,00%;1379,32 $;1379,32 $;0,00 $;1379,32 $;0,00 $;40,00;975,00 $;1600,00 $;220,68 $;0,06%;
09/01/2025;1;51483,96 $;114,32 $;114,32 $;0,00 $;5,68 $;-3898,76 $;0,00 $;100,00%;114,32 $;114,32 $;0,00 $;114,32 $;0,00 $;5,00;185,00 $;295,00 $;180,68 $;0,06%;
10/01/2025;1;52528,28 $;1044,32 $;1044,32 $;0,00 $;5,68 $;-2854,44 $;0,00 $;100,00%;1044,32 $;1044,32 $;0,00 $;1044,32 $;0,00 $;40,00;35,00 $;3735,00 $;2690,68 $;0,06%;
13/01/2025;1;52712,60 $;184,32 $;184,32 $;0,00 $;5,68 $;-2670,12 $;0,00 $;100,00%;184,32 $;184,32 $;0,00 $;184,32 $;0,00 $;40,00;1810,00 $;980,00 $;795,68 $;0,06%;
14/01/2025;1;51561,92 $;-1150,68 $;0,00 $;-1150,68 $;5,68 $;-3820,80 $;-1150,68 $;0,00%;-1150,68 $;0,00 $;-1150,68 $;0,00 $;-1150,68 $;25,00;1175,00 $;540,00 $;1690,68 $;0,06%;
15/01/2025;1;53286,24 $;1724,32 $;1724,32 $;0,00 $;5,68 $;-2096,48 $;0,00 $;100,00%;1724,32 $;1724,32 $;0,00 $;1724,32 $;0,00 $;40,00;25,00 $;1755,00 $;30,68 $;0,06%;
16/01/2025;1;55480,56 $;2194,32 $;2194,32 $;0,00 $;5,68 $;0,00 $;0,00 $;100,00%;2194,32 $;2194,32 $;0,00 $;2194,32 $;0,00 $;40,00;255,00 $;2360,00 $;165,68 $;0,06%;
17/01/2025;1;57539,88 $;2059,32 $;2059,32 $;0,00 $;5,68 $;0,00 $;0,00 $;100,00%;2059,32 $;2059,32 $;0,00 $;2059,32 $;0,00 $;40,00;1475,00 $;2435,00 $;375,68 $;0,06%;
20/01/2025;1;56874,20 $;-665,68 $;0,00 $;-665,68 $;5,68 $;-665,68 $;-665,68 $;0,00%;-665,68 $;0,00 $;-665,68 $;0,00 $;-665,68 $;35,00;1395,00 $;10,00 $;675,68 $;0,06%;
21/01/2025;1;57453,52 $;579,32 $;579,32 $;0,00 $;5,68 $;-86,36 $;0,00 $;100,00%;579,32 $;579,32 $;0,00 $;579,32 $;0,00 $;40,00;375,00 $;900,00 $;320,68 $;0,06%;
22/01/2025;1;58767,84 $;1314,32 $;1314,32 $;0,00 $;5,68 $;0,00 $;0,00 $;100,00%;1314,32 $;1314,32 $;0,00 $;1314,32 $;0,00 $;5,00;0,00 $;1320,00 $;5,68 $;0,06%;
23/01/2025;1;58532,16 $;-235,68 $;0,00 $;-235,68 $;5,68 $;-235,68 $;-235,68 $;0,00%;-235,68 $;0,00 $;-235,68 $;0,00 $;-235,68 $;25,00;420,00 $;160,00 $;395,68 $;0,06%;
24/01/2025;1;58286,48 $;-245,68 $;0,00 $;-245,68 $;5,68 $;-481,36 $;-245,68 $;0,00%;-245,68 $;0,00 $;-245,68 $;0,00 $;-245,68 $;40,00;645,00 $;925,00 $;1170,68 $;0,06%;
27/01/2025;1;56340,80 $;-1945,68 $;0,00 $;-1945,68 $;5,68 $;-2427,04 $;-1945,68 $;0,00%;-1945,68 $;0,00 $;-1945,68 $;0,00 $;-1945,68 $;25,00;2080,00 $;675,00 $;2620,68 $;0,06%;
28/01/2025;1;54615,12 $;-1725,68 $;0,00 $;-1725,68 $;5,68 $;-4152,72 $;-1725,68 $;0,00%;-1725,68 $;0,00 $;-1725,68 $;0,00 $;-1725,68 $;20,00;1720,00 $;925,00 $;2650,68 $;0,06%;
29/01/2025;1;54219,44 $;-395,68 $;0,00 $;-395,68 $;5,68 $;-4548,40 $;-395,68 $;0,00%;-395,68 $;0,00 $;-395,68 $;0,00 $;-395,68 $;25,00;880,00 $;580,00 $;975,68 $;0,06%;
30/01/2025;1;51998,76 $;-2220,68 $;0,00 $;-2220,68 $;5,68 $;-6769,08 $;-2220,68 $;0,00%;-2220,68 $;0,00 $;-2220,68 $;0,00 $;-2220,68 $;40,00;2245,00 $;625,00 $;2845,68 $;0,06%;
31/01/2025;1;53998,08 $;1999,32 $;1999,32 $;0,00 $;5,68 $;-4769,76 $;0,00 $;100,00%;1999,32 $;1999,32 $;0,00 $;1999,32 $;0,00 $;35,00;415,00 $;2005,00 $;5,68 $;0,06%;
03/02/2025;1;54202,40 $;204,32 $;204,32 $;0,00 $;5,68 $;-4565,44 $;0,00 $;100,00%;204,32 $;204,32 $;0,00 $;204,32 $;0,00 $;25,00;1775,00 $;1085,00 $;880,68 $;0,06%;
04/02/2025;1;56541,72 $;2339,32 $;2339,32 $;0,00 $;5,68 $;-2226,12 $;0,00 $;100,00%;2339,32 $;2339,32 $;0,00 $;2339,32 $;0,00 $;30,00;330,00 $;2345,00 $;5,68 $;0,06%;
05/02/2025;1;56256,04 $;-285,68 $;0,00 $;-285,68 $;5,68 $;-2511,80 $;-285,68 $;0,00%;-285,68 $;0,00 $;-285,68 $;0,00 $;-285,68 $;30,00;815,00 $;635,00 $;920,68 $;0,06%;
06/02/2025;1;55960,36 $;-295,68 $;0,00 $;-295,68 $;5,68 $;-2807,48 $;-295,68 $;0,00%;-295,68 $;0,00 $;-295,68 $;0,00 $;-295,68 $;40,00;975,00 $;735,00 $;1030,68 $;0,06%;
07/02/2025;1;56779,68 $;819,32 $;819,32 $;0,00 $;5,68 $;-1988,16 $;0,00 $;100,00%;819,32 $;819,32 $;0,00 $;819,32 $;0,00 $;25,00;455,00 $;1045,00 $;225,68 $;0,06%;
10/02/2025;1;56379,00 $;-400,68 $;0,00 $;-400,68 $;5,68 $;-2388,84 $;-400,68 $;0,00%;-400,68 $;0,00 $;-400,68 $;0,00 $;-400,68 $;40,00;965,00 $;240,00 $;640,68 $;0,06%;
11/02/2025;1;58303,32 $;1924,32 $;1924,32 $;0,00 $;5,68 $;-464,52 $;0,00 $;100,00%;1924,32 $;1924,32 $;0,00 $;1924,32 $;0,00 $;30,00;245,00 $;1930,00 $;5,68 $;0,06%;
12/02/2025;1;58087,64 $;-215,68 $;0,00 $;-215,68 $;5,68 $;-680,20 $;-215,68 $;0,00%;-215,68 $;0,00 $;-215,68 $;0,00 $;-215,68 $;35,00;1105,00 $;685,00 $;900,68 $;0,06%;
13/02/2025;1;58436,96 $;349,32 $;349,32 $;0,00 $;5,68 $;-330,88 $;0,00 $;100,00%;349,32 $;349,32 $;0,00 $;349,32 $;0,00 $;25,00;275,00 $;2050,00 $;1700,68 $;0,06%;
14/02/2025;1;58171,28 $;-265,68 $;0,00 $;-265,68 $;5,68 $;-596,56 $;-265,68 $;0,00%;-265,68 $;0,00 $;-265,68 $;0,00 $;-265,68 $;35,00;540,00 $;490,00 $;755,68 $;0,06%;
17/02/2025;1;57630,60 $;-540,68 $;0,00 $;-540,68 $;5,68 $;-1137,24 $;-540,68 $;0,00%;-540,68 $;0,00 $;-540,68 $;0,00 $;-540,68 $;5,00;535,00 $;35,00 $;575,68 $;0,06%;
18/02/2025;1;58709,92 $;1079,32 $;1079,32 $;0,00 $;5,68 $;-57,92 $;0,00 $;100,00%;1079,32 $;1079,32 $;0,00 $;1079,32 $;0,00 $;5,00;0,00 $;1085,00 $;5,68 $;0,06%;
19/02/2025;1;58124,24 $;-585,68 $;0,00 $;-585,68 $;5,68 $;-643,60 $;-585,68 $;0,00%;-585,68 $;0,00 $;-585,68 $;0,00 $;-585,68 $;25,00;850,00 $;485,00 $;1070,68 $;0,06%;
20/02/2025;1;59433,56 $;1309,32 $;1309,32 $;0,00 $;5,68 $;0,00 $;0,00 $;100,00%;1309,32 $;1309,32 $;0,00 $;1309,32 $;0,00 $;25,00;200,00 $;1315,00 $;5,68 $;0,06%;
21/02/2025;1;58347,88 $;-1085,68 $;0,00 $;-1085,68 $;5,68 $;-1085,68 $;-1085,68 $;0,00%;-1085,68 $;0,00 $;-1085,68 $;0,00 $;-1085,68 $;5,00;1080,00 $;45,00 $;1130,68 $;0,06%;
24/02/2025;1;57057,20 $;-1290,68 $;0,00 $;-1290,68 $;5,68 $;-2376,36 $;-1290,68 $;0,00%;-1290,68 $;0,00 $;-1290,68 $;0,00 $;-1290,68 $;10,00;1285,00 $;985,00 $;2275,68 $;0,06%;
25/02/2025;1;55481,52 $;-1575,68 $;0,00 $;-1575,68 $;5,68 $;-3952,04 $;-1575,68 $;0,00%;-1575,68 $;0,00 $;-1575,68 $;0,00 $;-1575,68 $;20,00;1570,00 $;280,00 $;1855,68 $;0,06%;
26/02/2025;1;56460,84 $;979,32 $;979,32 $;0,00 $;5,68 $;-2972,72 $;0,00 $;100,00%;979,32 $;979,32 $;0,00 $;979,32 $;0,00 $;40,00;1270,00 $;1210,00 $;230,68 $;0,06%;
27/02/2025;1;55125,16 $;-1335,68 $;0,00 $;-1335,68 $;5,68 $;-4308,40 $;-1335,68 $;0,00%;-1335,68 $;0,00 $;-1335,68 $;0,00 $;-1335,68 $;40,00;1520,00 $;1590,00 $;2925,68 $;0,06%;
28/02/2025;1;57684,48 $;2559,32 $;2559,32 $;0,00 $;5,68 $;-1749,08 $;0,00 $;100,00%;2559,32 $;2559,32 $;0,00 $;2559,32 $;0,00 $;25,00;15,00 $;3595,00 $;1035,68 $;0,06%;
03/03/2025;1;60043,80 $;2359,32 $;2359,32 $;0,00 $;5,68 $;0,00 $;0,00 $;100,00%;2359,32 $;2359,32 $;0,00 $;2359,32 $;0,00 $;20,00;715,00 $;2365,00 $;5,68 $;0,06%;
04/03/2025;1;62433,12 $;2389,32 $;2389,32 $;0,00 $;5,68 $;0,00 $;0,00 $;100,00%;2389,32 $;2389,32 $;0,00 $;2389,32 $;0,00 $;40,00;1540,00 $;2510,00 $;120,68 $;0,06%;
05/03/2025;1;60597,44 $;-1835,68 $;0,00 $;-1835,68 $;5,68 $;-1835,68 $;-1835,68 $;0,00%;-1835,68 $;0,00 $;-1835,68 $;0,00 $;-1835,68 $;25,00;2875,00 $;835,00 $;2670,68 $;0,06%;
06/03/2025;1;60621,76 $;24,32 $;24,32 $;0,00 $;5,68 $;-1811,36 $;0,00 $;100,00%;24,32 $;24,32 $;0,00 $;24,32 $;0,00 $;25,00;1055,00 $;1260,00 $;1235,68 $;0,06%;
07/03/2025;1;62001,08 $;1379,32 $;1379,32 $;0,00 $;5,68 $;-432,04 $;0,00 $;100,00%;1379,32 $;1379,32 $;0,00 $;1379,32 $;0,00 $;40,00;930,00 $;3435,00 $;2055,68 $;0,06%;
10/03/2025;1;61425,40 $;-575,68 $;0,00 $;-575,68 $;5,68 $;-1007,72 $;-575,68 $;0,00%;-575,68 $;0,00 $;-575,68 $;0,00 $;-575,68 $;25,00;1485,00 $;1720,00 $;2295,68 $;0,06%;
11/03/2025;1;62689,72 $;1264,32 $;1264,32 $;0,00 $;5,68 $;0,00 $;0,00 $;100,00%;1264,32 $;1264,32 $;0,00 $;1264,32 $;0,00 $;40,00;1480,00 $;2785,00 $;1520,68 $;0,06%;
12/03/2025;1;59539,04 $;-3150,68 $;0,00 $;-3150,68 $;5,68 $;-3150,68 $;-3150,68 $;0,00%;-3150,68 $;0,00 $;-3150,68 $;0,00 $;-3150,68 $;40,00;3240,00 $;610,00 $;3760,68 $;0,06%;
13/03/2025;1;59533,36 $;-5,68 $;0,00 $;-5,68 $;5,68 $;-3156,36 $;-5,68 $;0,00%;-5,68 $;0,00 $;-5,68 $;0,00 $;-5,68 $;40,00;400,00 $;750,00 $;755,68 $;0,06%;
14/03/2025;1;61717,68 $;2184,32 $;2184,32 $;0,00 $;5,68 $;-972,04 $;0,00 $;100,00%;2184,32 $;2184,32 $;0,00 $;2184,32 $;0,00 $;15,00;310,00 $;2190,00 $;5,68 $;0,06%;
17/03/2025;1;62447,00 $;729,32 $;729,32 $;0,00 $;5,68 $;-242,72 $;0,00 $;100,00%;729,32 $;729,32 $;0,00 $;729,32 $;0,00 $;25,00;200,00 $;1115,00 $;385,68 $;0,06%;
18/03/2025;1;60756,32 $;-1690,68 $;0,00 $;-1690,68 $;5,68 $;-1933,40 $;-1690,68 $;0,00%;-1690,68 $;0,00 $;-1690,68 $;0,00 $;-1690,68 $;15,00;1685,00 $;50,00 $;1740,68 $;0,06%;
19/03/2025;1;60065,64 $;-690,68 $;0,00 $;-690,68 $;5,68 $;-2624,08 $;-690,68 $;0,00%;-690,68 $;0,00 $;-690,68 $;0,00 $;-690,68 $;30,00;1115,00 $;1655,00 $;2345,68 $;0,06%;
20/03/2025;1;62429,96 $;2364,32 $;2364,32 $;0,00 $;5,68 $;-259,76 $;0,00 $;100,00%;2364,32 $;2364,32 $;0,00 $;2364,32 $;0,00 $;40,00;1195,00 $;2485,00 $;120,68 $;0,06%;
21/03/2025;1;63449,28 $;1019,32 $;1019,32 $;0,00 $;5,68 $;0,00 $;0,00 $;100,00%;1019,32 $;1019,32 $;0,00 $;1019,32 $;0,00 $;40,00;1315,00 $;1685,00 $;665,68 $;0,06%;
24/03/2025;1;62398,60 $;-1050,68 $;0,00 $;-1050,68 $;5,68 $;-1050,68 $;-1050,68 $;0,00%;-1050,68 $;0,00 $;-1050,68 $;0,00 $;-1050,68 $;30,00;1045,00 $;930,00 $;1980,68 $;0,06%;
25/03/2025;1;62652,92 $;254,32 $;254,32 $;0,00 $;5,68 $;-796,36 $;0,00 $;100,00%;254,32 $;254,32 $;0,00 $;254,32 $;0,00 $;30,00;790,00 $;555,00 $;300,68 $;0,06%;
26/03/2025;1;61652,24 $;-1000,68 $;0,00 $;-1000,68 $;5,68 $;-1797,04 $;-1000,68 $;0,00%;-1000,68 $;0,00 $;-1000,68 $;0,00 $;-1000,68 $;20,00;995,00 $;515,00 $;1515,68 $;0,06%;
27/03/2025;1;60076,56 $;-1575,68 $;0,00 $;-1575,68 $;5,68 $;-3372,72 $;-1575,68 $;0,00%;-1575,68 $;0,00 $;-1575,68 $;0,00 $;-1575,68 $;15,00;1570,00 $;440,00 $;2015,68 $;0,06%;
28/03/2025;1;61940,88 $;1864,32 $;1864,32 $;0,00 $;5,68 $;-1508,40 $;0,00 $;100,00%;1864,32 $;1864,32 $;0,00 $;1864,32 $;0,00 $;40,00;60,00 $;2200,00 $;335,68 $;0,06%;
31/03/2025;1;63070,20 $;1129,32 $;1129,32 $;0,00 $;5,68 $;-379,08 $;0,00 $;100,00%;1129,32 $;1129,32 $;0,00 $;1129,32 $;0,00 $;25,00;1130,00 $;1875,00 $;745,68 $;0,06%;
01/04/2025;1;62789,52 $;-280,68 $;0,00 $;-280,68 $;5,68 $;-659,76 $;-280,68 $;0,00%;-280,68 $;0,00 $;-280,68 $;0,00 $;-280,68 $;40,00;1325,00 $;1160,00 $;1440,68 $;0,06%;
02/04/2025;1;65763,84 $;2974,32 $;2974,32 $;0,00 $;5,68 $;0,00 $;0,00 $;100,00%;2974,32 $;2974,32 $;0,00 $;2974,32 $;0,00 $;10,00;465,00 $;2980,00 $;5,68 $;0,06%;
03/04/2025;1;67853,16 $;2089,32 $;2089,32 $;0,00 $;5,68 $;0,00 $;0,00 $;100,00%;2089,32 $;2089,32 $;0,00 $;2089,32 $;0,00 $;40,00;495,00 $;3870,00 $;1780,68 $;0,06%;
04/04/2025;1;67217,48 $;-635,68 $;0,00 $;-635,68 $;5,68 $;-635,68 $;-635,68 $;0,00%;-635,68 $;0,00 $;-635,68 $;0,00 $;-635,68 $;25,00;1485,00 $;3175,00 $;3810,68 $;0,06%;
07/04/2025;1;74171,80 $;6954,32 $;6954,32 $;0,00 $;5,68 $;0,00 $;0,00 $;100,00%;6954,32 $;6954,32 $;0,00 $;6954,32 $;0,00 $;30,00;5030,00 $;7425,00 $;470,68 $;0,06%;
08/04/2025;1;71401,12 $;-2770,68 $;0,00 $;-2770,68 $;5,68 $;-2770,68 $;-2770,68 $;0,00%;-2770,68 $;0,00 $;-2770,68 $;0,00 $;-2770,68 $;40,00;3115,00 $;1005,00 $;3775,68 $;0,06%;
09/04/2025;1;67670,44 $;-3730,68 $;0,00 $;-3730,68 $;5,68 $;-6501,36 $;-3730,68 $;0,00%;-3730,68 $;0,00 $;-3730,68 $;0,00 $;-3730,68 $;40,00;5880,00 $;2000,00 $;5730,68 $;0,06%;
10/04/2025;1;67339,76 $;-330,68 $;0,00 $;-330,68 $;5,68 $;-6832,04 $;-330,68 $;0,00%;-330,68 $;0,00 $;-330,68 $;0,00 $;-330,68 $;40,00;570,00 $;3980,00 $;4310,68 $;0,06%;
11/04/2025;1;70519,08 $;3179,32 $;3179,32 $;0,00 $;5,68 $;-3652,72 $;0,00 $;100,00%;3179,32 $;3179,32 $;0,00 $;3179,32 $;0,00 $;40,00;1030,00 $;4900,00 $;1720,68 $;0,06%;
14/04/2025;1;73533,40 $;3014,32 $;3014,32 $;0,00 $;5,68 $;-638,40 $;0,00 $;100,00%;3014,32 $;3014,32 $;0,00 $;3014,32 $;0,00 $;20,00;710,00 $;3020,00 $;5,68 $;0,06%;
15/04/2025;1;71527,72 $;-2005,68 $;0,00 $;-2005,68 $;5,68 $;-2644,08 $;-2005,68 $;0,00%;-2005,68 $;0,00 $;-2005,68 $;0,00 $;-2005,68 $;15,00;2000,00 $;95,00 $;2100,68 $;0,06%;
16/04/2025;1;69892,04 $;-1635,68 $;0,00 $;-1635,68 $;5,68 $;-4279,76 $;-1635,68 $;0,00%;-1635,68 $;0,00 $;-1635,68 $;0,00 $;-1635,68 $;40,00;1630,00 $;1500,00 $;3135,68 $;0,06%;
17/04/2025;1;69081,36 $;-810,68 $;0,00 $;-810,68 $;5,68 $;-5090,44 $;-810,68 $;0,00%;-810,68 $;0,00 $;-810,68 $;0,00 $;-810,68 $;40,00;2595,00 $;815,00 $;1625,68 $;0,06%;
21/04/2025;1;71710,68 $;2629,32 $;2629,32 $;0,00 $;5,68 $;-2461,12 $;0,00 $;100,00%;2629,32 $;2629,32 $;0,00 $;2629,32 $;0,00 $;20,00;130,00 $;2635,00 $;5,68 $;0,06%;
22/04/2025;1;70355,00 $;-1355,68 $;0,00 $;-1355,68 $;5,68 $;-3816,80 $;-1355,68 $;0,00%;-1355,68 $;0,00 $;-1355,68 $;0,00 $;-1355,68 $;20,00;1350,00 $;555,00 $;1910,68 $;0,06%;
23/04/2025;1;68539,32 $;-1815,68 $;0,00 $;-1815,68 $;5,68 $;-5632,48 $;-1815,68 $;0,00%;-1815,68 $;0,00 $;-1815,68 $;0,00 $;-1815,68 $;5,00;1810,00 $;205,00 $;2020,68 $;0,06%;
24/04/2025;1;66338,64 $;-2200,68 $;0,00 $;-2200,68 $;5,68 $;-7833,16 $;-2200,68 $;0,00%;-2200,68 $;0,00 $;-2200,68 $;0,00 $;-2200,68 $;15,00;2195,00 $;575,00 $;2775,68 $;0,06%;
25/04/2025;1;67107,96 $;769,32 $;769,32 $;0,00 $;5,68 $;-7063,84 $;0,00 $;100,00%;769,32 $;769,32 $;0,00 $;769,32 $;0,00 $;30,00;1225,00 $;1335,00 $;565,68 $;0,06%;
28/04/2025;1;69072,28 $;1964,32 $;1964,32 $;0,00 $;5,68 $;-5099,52 $;0,00 $;100,00%;1964,32 $;1964,32 $;0,00 $;1964,32 $;0,00 $;35,00;1240,00 $;1970,00 $;5,68 $;0,06%;
29/04/2025;1;71121,60 $;2049,32 $;2049,32 $;0,00 $;5,68 $;-3050,20 $;0,00 $;100,00%;2049,32 $;2049,32 $;0,00 $;2049,32 $;0,00 $;40,00;145,00 $;2855,00 $;805,68 $;0,06%;
30/04/2025;1;68305,92 $;-2815,68 $;0,00 $;-2815,68 $;5,68 $;-5865,88 $;-2815,68 $;0,00%;-2815,68 $;0,00 $;-2815,68 $;0,00 $;-2815,68 $;35,00;2810,00 $;885,00 $;3700,68 $;0,06%;
01/05/2025;1;67075,24 $;-1230,68 $;0,00 $;-1230,68 $;5,68 $;-7096,56 $;-1230,68 $;0,00%;-1230,68 $;0,00 $;-1230,68 $;0,00 $;-1230,68 $;25,00;1565,00 $;1160,00 $;2390,68 $;0,06%;
02/05/2025;1;67769,56 $;694,32 $;694,32 $;0,00 $;5,68 $;-6402,24 $;0,00 $;100,00%;694,32 $;694,32 $;0,00 $;694,32 $;0,00 $;40,00;340,00 $;1765,00 $;1070,68 $;0,06%;
05/05/2025;1;66793,88 $;-975,68 $;0,00 $;-975,68 $;5,68 $;-7377,92 $;-975,68 $;0,00%;-975,68 $;0,00 $;-975,68 $;0,00 $;-975,68 $;30,00;1205,00 $;510,00 $;1485,68 $;0,06%;
06/05/2025;1;65618,20 $;-1175,68 $;0,00 $;-1175,68 $;5,68 $;-8553,60 $;-1175,68 $;0,00%;-1175,68 $;0,00 $;-1175,68 $;0,00 $;-1175,68 $;40,00;1380,00 $;960,00 $;2135,68 $;0,06%;
07/05/2025;1;66397,52 $;779,32 $;779,32 $;0,00 $;5,68 $;-7774,28 $;0,00 $;100,00%;779,32 $;779,32 $;0,00 $;779,32 $;0,00 $;40,00;800,00 $;945,00 $;165,68 $;0,06%;
08/05/2025;1;65941,84 $;-455,68 $;0,00 $;-455,68 $;5,68 $;-8229,96 $;-455,68 $;0,00%;-455,68 $;0,00 $;-455,68 $;0,00 $;-455,68 $;25,00;1040,00 $;505,00 $;960,68 $;0,06%;
09/05/2025;1;66076,16 $;134,32 $;134,32 $;0,00 $;5,68 $;-8095,64 $;0,00 $;100,00%;134,32 $;134,32 $;0,00 $;134,32 $;0,00 $;25,00;375,00 $;1125,00 $;990,68 $;0,06%;
12/05/2025;1;65710,48 $;-365,68 $;0,00 $;-365,68 $;5,68 $;-8461,32 $;-365,68 $;0,00%;-365,68 $;0,00 $;-365,68 $;0,00 $;-365,68 $;25,00;1185,00 $;890,00 $;1255,68 $;0,06%;
13/05/2025;1;65024,80 $;-685,68 $;0,00 $;-685,68 $;5,68 $;-9147,00 $;-685,68 $;0,00%;-685,68 $;0,00 $;-685,68 $;0,00 $;-685,68 $;40,00;860,00 $;600,00 $;1285,68 $;0,06%;
14/05/2025;1;65359,12 $;334,32 $;334,32 $;0,00 $;5,68 $;-8812,68 $;0,00 $;100,00%;334,32 $;334,32 $;0,00 $;334,32 $;0,00 $;30,00;815,00 $;1815,00 $;1480,68 $;0,06%;
15/05/2025;1;66033,44 $;674,32 $;674,32 $;0,00 $;5,68 $;-8138,36 $;0,00 $;100,00%;674,32 $;674,32 $;0,00 $;674,32 $;0,00 $;25,00;125,00 $;1705,00 $;1030,68 $;0,06%;
16/05/2025;1;66272,76 $;239,32 $;239,32 $;0,00 $;5,68 $;-7899,04 $;0,00 $;100,00%;239,32 $;239,32 $;0,00 $;239,32 $;0,00 $;25,00;775,00 $;415,00 $;175,68 $;0,06%;
19/05/2025;1;68682,08 $;2409,32 $;2409,32 $;0,00 $;5,68 $;-5489,72 $;0,00 $;100,00%;2409,32 $;2409,32 $;0,00 $;2409,32 $;0,00 $;15,00;335,00 $;2415,00 $;5,68 $;0,06%;
20/05/2025;1;68321,40 $;-360,68 $;0,00 $;-360,68 $;5,68 $;-5850,40 $;-360,68 $;0,00%;-360,68 $;0,00 $;-360,68 $;0,00 $;-360,68 $;30,00;1160,00 $;540,00 $;900,68 $;0,06%;
21/05/2025;1;70475,72 $;2154,32 $;2154,32 $;0,00 $;5,68 $;-3696,08 $;0,00 $;100,00%;2154,32 $;2154,32 $;0,00 $;2154,32 $;0,00 $;30,00;295,00 $;2160,00 $;5,68 $;0,06%;
22/05/2025;1;68170,04 $;-2305,68 $;0,00 $;-2305,68 $;5,68 $;-6001,76 $;-2305,68 $;0,00%;-2305,68 $;0,00 $;-2305,68 $;0,00 $;-2305,68 $;35,00;2300,00 $;1130,00 $;3435,68 $;0,06%;
23/05/2025;1;68559,36 $;389,32 $;389,32 $;0,00 $;5,68 $;-5612,44 $;0,00 $;100,00%;389,32 $;389,32 $;0,00 $;389,32 $;0,00 $;25,00;915,00 $;1270,00 $;880,68 $;0,06%;
26/05/2025;1;68808,68 $;249,32 $;249,32 $;0,00 $;5,68 $;-5363,12 $;0,00 $;100,00%;249,32 $;249,32 $;0,00 $;249,32 $;0,00 $;35,00;385,00 $;800,00 $;550,68 $;0,06%;
27/05/2025;1;70928,00 $;2119,32 $;2119,32 $;0,00 $;5,68 $;-3243,80 $;0,00 $;100,00%;2119,32 $;2119,32 $;0,00 $;2119,32 $;0,00 $;15,00;130,00 $;2125,00 $;5,68 $;0,06%;
28/05/2025;1;70337,32 $;-590,68 $;0,00 $;-590,68 $;5,68 $;-3834,48 $;-590,68 $;0,00%;-590,68 $;0,00 $;-590,68 $;0,00 $;-590,68 $;35,00;905,00 $;1415,00 $;2005,68 $;0,06%;
29/05/2025;1;73131,64 $;2794,32 $;2794,32 $;0,00 $;5,68 $;-1040,16 $;0,00 $;100,00%;2794,32 $;2794,32 $;0,00 $;2794,32 $;0,00 $;15,00;65,00 $;2800,00 $;5,68 $;0,06%;
30/05/2025;1;73685,96 $;554,32 $;554,32 $;0,00 $;5,68 $;-485,84 $;0,00 $;100,00%;554,32 $;554,32 $;0,00 $;554,32 $;0,00 $;30,00;300,00 $;785,00 $;230,68 $;0,06%;
02/06/2025;1;75570,28 $;1884,32 $;1884,32 $;0,00 $;5,68 $;0,00 $;0,00 $;100,00%;1884,32 $;1884,32 $;0,00 $;1884,32 $;0,00 $;25,00;1050,00 $;2135,00 $;250,68 $;0,06%;
03/06/2025;1;74369,60 $;-1200,68 $;0,00 $;-1200,68 $;5,68 $;-1200,68 $;-1200,68 $;0,00%;-1200,68 $;0,00 $;-1200,68 $;0,00 $;-1200,68 $;35,00;1195,00 $;600,00 $;1800,68 $;0,06%;
04/06/2025;1;74698,92 $;329,32 $;329,32 $;0,00 $;5,68 $;-871,36 $;0,00 $;100,00%;329,32 $;329,32 $;0,00 $;329,32 $;0,00 $;40,00;95,00 $;780,00 $;450,68 $;0,06%;
05/06/2025;1;74483,24 $;-215,68 $;0,00 $;-215,68 $;5,68 $;-1087,04 $;-215,68 $;0,00%;-215,68 $;0,00 $;-215,68 $;0,00 $;-215,68 $;40,00;505,00 $;255,00 $;470,68 $;0,06%;
06/06/2025;1;73517,56 $;-965,68 $;0,00 $;-965,68 $;5,68 $;-2052,72 $;-965,68 $;0,00%;-965,68 $;0,00 $;-965,68 $;0,00 $;-965,68 $;40,00;1435,00 $;485,00 $;1450,68 $;0,06%;
09/06/2025;1;73661,88 $;144,32 $;144,32 $;0,00 $;5,68 $;-1908,40 $;0,00 $;100,00%;144,32 $;144,32 $;0,00 $;144,32 $;0,00 $;25,00;575,00 $;805,00 $;660,68 $;0,06%;
10/06/2025;1;74076,20 $;414,32 $;414,32 $;0,00 $;5,68 $;-1494,08 $;0,00 $;100,00%;414,32 $;414,32 $;0,00 $;414,32 $;0,00 $;30,00;365,00 $;1140,00 $;725,68 $;0,06%;
11/06/2025;1;73715,52 $;-360,68 $;0,00 $;-360,68 $;5,68 $;-1854,76 $;-360,68 $;0,00%;-360,68 $;0,00 $;-360,68 $;0,00 $;-360,68 $;30,00;465,00 $;270,00 $;630,68 $;0,06%;
12/06/2025;1;73489,84 $;-225,68 $;0,00 $;-225,68 $;5,68 $;-2080,44 $;-225,68 $;0,00%;-225,68 $;0,00 $;-225,68 $;0,00 $;-225,68 $;25,00;940,00 $;330,00 $;555,68 $;0,06%;
13/06/2025;1;75839,16 $;2349,32 $;2349,32 $;0,00 $;5,68 $;0,00 $;0,00 $;100,00%;2349,32 $;2349,32 $;0,00 $;2349,32 $;0,00 $;10,00;155,00 $;2355,00 $;5,68 $;0,06%;
16/06/2025;1;77513,48 $;1674,32 $;1674,32 $;0,00 $;5,68 $;0,00 $;0,00 $;100,00%;1674,32 $;1674,32 $;0,00 $;1674,32 $;0,00 $;0,00;0,00 $;1680,00 $;5,68 $;0,06%;
17/06/2025;1;78377,80 $;864,32 $;864,32 $;0,00 $;5,68 $;0,00 $;0,00 $;100,00%;864,32 $;864,32 $;0,00 $;864,32 $;0,00 $;40,00;510,00 $;1170,00 $;305,68 $;0,06%;
18/06/2025;1;79792,12 $;1414,32 $;1414,32 $;0,00 $;5,68 $;0,00 $;0,00 $;100,00%;1414,32 $;1414,32 $;0,00 $;1414,32 $;0,00 $;25,00;45,00 $;1905,00 $;490,68 $;0,06%;
19/06/2025;1;80871,44 $;1079,32 $;1079,32 $;0,00 $;5,68 $;0,00 $;0,00 $;100,00%;1079,32 $;1079,32 $;0,00 $;1079,32 $;0,00 $;40,00;20,00 $;1180,00 $;100,68 $;0,06%;
20/06/2025;1;79430,76 $;-1440,68 $;0,00 $;-1440,68 $;5,68 $;-1440,68 $;-1440,68 $;0,00%;-1440,68 $;0,00 $;-1440,68 $;0,00 $;-1440,68 $;20,00;1435,00 $;225,00 $;1665,68 $;0,06%;
23/06/2025;1;81605,08 $;2174,32 $;2174,32 $;0,00 $;5,68 $;0,00 $;0,00 $;100,00%;2174,32 $;2174,32 $;0,00 $;2174,32 $;0,00 $;10,00;140,00 $;2180,00 $;5,68 $;0,06%;
24/06/2025;1;81659,40 $;54,32 $;54,32 $;0,00 $;5,68 $;0,00 $;0,00 $;100,00%;54,32 $;54,32 $;0,00 $;54,32 $;0,00 $;25,00;770,00 $;320,00 $;265,68 $;0,06%;
25/06/2025;1;80843,72 $;-815,68 $;0,00 $;-815,68 $;5,68 $;-815,68 $;-815,68 $;0,00%;-815,68 $;0,00 $;-815,68 $;0,00 $;-815,68 $;20,00;810,00 $;170,00 $;985,68 $;0,06%;
26/06/2025;1;81018,04 $;174,32 $;174,32 $;0,00 $;5,68 $;-641,36 $;0,00 $;100,00%;174,32 $;174,32 $;0,00 $;174,32 $;0,00 $;25,00;1175,00 $;240,00 $;65,68 $;0,06%;
27/06/2025;1;81982,36 $;964,32 $;964,32 $;0,00 $;5,68 $;0,00 $;0,00 $;100,00%;964,32 $;964,32 $;0,00 $;964,32 $;0,00 $;40,00;615,00 $;1080,00 $;115,68 $;0,06%;
30/06/2025;1;82006,68 $;24,32 $;24,32 $;0,00 $;5,68 $;0,00 $;0,00 $;100,00%;24,32 $;24,32 $;0,00 $;24,32 $;0,00 $;25,00;620,00 $;435,00 $;410,68 $;0,06%;
01/07/2025;1;84736,00 $;2729,32 $;2729,32 $;0,00 $;5,68 $;0,00 $;0,00 $;100,00%;2729,32 $;2729,32 $;0,00 $;2729,32 $;0,00 $;25,00;30,00 $;2735,00 $;5,68 $;0,06%;
02/07/2025;1;83970,32 $;-765,68 $;0,00 $;-765,68 $;5,68 $;-765,68 $;-765,68 $;0,00%;-765,68 $;0,00 $;-765,68 $;0,00 $;-765,68 $;25,00;1195,00 $;140,00 $;905,68 $;0,06%;
03/07/2025;1;82604,64 $;-1365,68 $;0,00 $;-1365,68 $;5,68 $;-2131,36 $;-1365,68 $;0,00%;-1365,68 $;0,00 $;-1365,68 $;0,00 $;-1365,68 $;25,00;1360,00 $;35,00 $;1400,68 $;0,06%;
04/07/2025;1;82843,96 $;239,32 $;239,32 $;0,00 $;5,68 $;-1892,04 $;0,00 $;100,00%;239,32 $;239,32 $;0,00 $;239,32 $;0,00 $;40,00;470,00 $;470,00 $;230,68 $;0,06%;
07/07/2025;1;82738,28 $;-105,68 $;0,00 $;-105,68 $;5,68 $;-1997,72 $;-105,68 $;0,00%;-105,68 $;0,00 $;-105,68 $;0,00 $;-105,68 $;35,00;525,00 $;985,00 $;1090,68 $;0,06%;
08/07/2025;1;82337,60 $;-400,68 $;0,00 $;-400,68 $;5,68 $;-2398,40 $;-400,68 $;0,00%;-400,68 $;0,00 $;-400,68 $;0,00 $;-400,68 $;25,00;415,00 $;465,00 $;865,68 $;0,06%;
09/07/2025;1;81461,92 $;-875,68 $;0,00 $;-875,68 $;5,68 $;-3274,08 $;-875,68 $;0,00%;-875,68 $;0,00 $;-875,68 $;0,00 $;-875,68 $;10,00;870,00 $;20,00 $;895,68 $;0,06%;
10/07/2025;1;82931,24 $;1469,32 $;1469,32 $;0,00 $;5,68 $;-1804,76 $;0,00 $;100,00%;1469,32 $;1469,32 $;0,00 $;1469,32 $;0,00 $;15,00;355,00 $;1475,00 $;5,68 $;0,06%;
11/07/2025;1;82275,56 $;-655,68 $;0,00 $;-655,68 $;5,68 $;-2460,44 $;-655,68 $;0,00%;-655,68 $;0,00 $;-655,68 $;0,00 $;-655,68 $;25,00;725,00 $;1365,00 $;2020,68 $;0,06%;
14/07/2025;1;81334,88 $;-940,68 $;0,00 $;-940,68 $;5,68 $;-3401,12 $;-940,68 $;0,00%;-940,68 $;0,00 $;-940,68 $;0,00 $;-940,68 $;5,00;935,00 $;50,00 $;990,68 $;0,06%;
15/07/2025;1;83069,20 $;1734,32 $;1734,32 $;0,00 $;5,68 $;-1666,80 $;0,00 $;100,00%;1734,32 $;1734,32 $;0,00 $;1734,32 $;0,00 $;15,00;110,00 $;1740,00 $;5,68 $;0,06%;
16/07/2025;1;83013,52 $;-55,68 $;0,00 $;-55,68 $;5,68 $;-1722,48 $;-55,68 $;0,00%;-55,68 $;0,00 $;-55,68 $;0,00 $;-55,68 $;40,00;645,00 $;830,00 $;885,68 $;0,06%;
17/07/2025;1;84322,84 $;1309,32 $;1309,32 $;0,00 $;5,68 $;-413,16 $;0,00 $;100,00%;1309,32 $;1309,32 $;0,00 $;1309,32 $;0,00 $;25,00;310,00 $;1475,00 $;165,68 $;0,06%;
18/07/2025;1;83577,16 $;-745,68 $;0,00 $;-745,68 $;5,68 $;-1158,84 $;-745,68 $;0,00%;-745,68 $;0,00 $;-745,68 $;0,00 $;-745,68 $;5,00;740,00 $;45,00 $;790,68 $;0,06%;
21/07/2025;1;83491,48 $;-85,68 $;0,00 $;-85,68 $;5,68 $;-1244,52 $;-85,68 $;0,00%;-85,68 $;0,00 $;-85,68 $;0,00 $;-85,68 $;40,00;625,00 $;135,00 $;220,68 $;0,06%;
22/07/2025;1;84610,80 $;1119,32 $;1119,32 $;0,00 $;5,68 $;-125,20 $;0,00 $;100,00%;1119,32 $;1119,32 $;0,00 $;1119,32 $;0,00 $;10,00;165,00 $;1125,00 $;5,68 $;0,06%;
23/07/2025;1;86040,12 $;1429,32 $;1429,32 $;0,00 $;5,68 $;0,00 $;0,00 $;100,00%;1429,32 $;1429,32 $;0,00 $;1429,32 $;0,00 $;5,00;110,00 $;1435,00 $;5,68 $;0,06%;
24/07/2025;1;86794,44 $;754,32 $;754,32 $;0,00 $;5,68 $;0,00 $;0,00 $;100,00%;754,32 $;754,32 $;0,00 $;754,32 $;0,00 $;40,00;245,00 $;930,00 $;175,68 $;0,06%;
25/07/2025;1;87248,76 $;454,32 $;454,32 $;0,00 $;5,68 $;0,00 $;0,00 $;100,00%;454,32 $;454,32 $;0,00 $;454,32 $;0,00 $;40,00;715,00 $;830,00 $;375,68 $;0,06%;
28/07/2025;1;88123,08 $;874,32 $;874,32 $;0,00 $;5,68 $;0,00 $;0,00 $;100,00%;874,32 $;874,32 $;0,00 $;874,32 $;0,00 $;40,00;245,00 $;885,00 $;10,68 $;0,06%;
29/07/2025;1;89497,40 $;1374,32 $;1374,32 $;0,00 $;5,68 $;0,00 $;0,00 $;100,00%;1374,32 $;1374,32 $;0,00 $;1374,32 $;0,00 $;15,00;425,00 $;1380,00 $;5,68 $;0,06%;
30/07/2025;1;89426,72 $;-70,68 $;0,00 $;-70,68 $;5,68 $;-70,68 $;-70,68 $;0,00%;-70,68 $;0,00 $;-70,68 $;0,00 $;-70,68 $;25,00;325,00 $;790,00 $;860,68 $;0,06%;
31/07/2025;1;88246,04 $;-1180,68 $;0,00 $;-1180,68 $;5,68 $;-1251,36 $;-1180,68 $;0,00%;-1180,68 $;0,00 $;-1180,68 $;0,00 $;-1180,68 $;0,00;1175,00 $;0,00 $;1180,68 $;0,06%;
01/08/2025;1;85935,36 $;-2310,68 $;0,00 $;-2310,68 $;5,68 $;-3562,04 $;-2310,68 $;0,00%;-2310,68 $;0,00 $;-2310,68 $;0,00 $;-2310,68 $;20,00;2305,00 $;550,00 $;2860,68 $;0,06%;
04/08/2025;1;84989,68 $;-945,68 $;0,00 $;-945,68 $;5,68 $;-4507,72 $;-945,68 $;0,00%;-945,68 $;0,00 $;-945,68 $;0,00 $;-945,68 $;15,00;940,00 $;150,00 $;1095,68 $;0,06%;
05/08/2025;1;85619,00 $;629,32 $;629,32 $;0,00 $;5,68 $;-3878,40 $;0,00 $;100,00%;629,32 $;629,32 $;0,00 $;629,32 $;0,00 $;35,00;785,00 $;1090,00 $;460,68 $;0,06%;
06/08/2025;1;85313,32 $;-305,68 $;0,00 $;-305,68 $;5,68 $;-4184,08 $;-305,68 $;0,00%;-305,68 $;0,00 $;-305,68 $;0,00 $;-305,68 $;40,00;1160,00 $;760,00 $;1065,68 $;0,06%;
07/08/2025;1;84492,64 $;-820,68 $;0,00 $;-820,68 $;5,68 $;-5004,76 $;-820,68 $;0,00%;-820,68 $;0,00 $;-820,68 $;0,00 $;-820,68 $;40,00;910,00 $;865,00 $;1685,68 $;0,06%;
08/08/2025;1;84581,96 $;89,32 $;89,32 $;0,00 $;5,68 $;-4915,44 $;0,00 $;100,00%;89,32 $;89,32 $;0,00 $;89,32 $;0,00 $;40,00;920,00 $;240,00 $;150,68 $;0,06%;
11/08/2025;1;85156,28 $;574,32 $;574,32 $;0,00 $;5,68 $;-4341,12 $;0,00 $;100,00%;574,32 $;574,32 $;0,00 $;574,32 $;0,00 $;30,00;700,00 $;590,00 $;15,68 $;0,06%;
12/08/2025;1;84760,60 $;-395,68 $;0,00 $;-395,68 $;5,68 $;-4736,80 $;-395,68 $;0,00%;-395,68 $;0,00 $;-395,68 $;0,00 $;-395,68 $;40,00;460,00 $;535,00 $;930,68 $;0,06%;
13/08/2025;1;84024,92 $;-735,68 $;0,00 $;-735,68 $;5,68 $;-5472,48 $;-735,68 $;0,00%;-735,68 $;0,00 $;-735,68 $;0,00 $;-735,68 $;15,00;730,00 $;55,00 $;790,68 $;0,06%;
14/08/2025;1;84354,24 $;329,32 $;329,32 $;0,00 $;5,68 $;-5143,16 $;0,00 $;100,00%;329,32 $;329,32 $;0,00 $;329,32 $;0,00 $;25,00;705,00 $;640,00 $;310,68 $;0,06%;
15/08/2025;1;82983,56 $;-1370,68 $;0,00 $;-1370,68 $;5,68 $;-6513,84 $;-1370,68 $;0,00%;-1370,68 $;0,00 $;-1370,68 $;0,00 $;-1370,68 $;10,00;1365,00 $;590,00 $;1960,68 $;0,06%;
18/08/2025;1;82032,88 $;-950,68 $;0,00 $;-950,68 $;5,68 $;-7464,52 $;-950,68 $;0,00%;-950,68 $;0,00 $;-950,68 $;0,00 $;-950,68 $;0,00;945,00 $;0,00 $;950,68 $;0,06%;
19/08/2025;1;82257,20 $;224,32 $;224,32 $;0,00 $;5,68 $;-7240,20 $;0,00 $;100,00%;224,32 $;224,32 $;0,00 $;224,32 $;0,00 $;25,00;565,00 $;1290,00 $;1065,68 $;0,06%;
20/08/2025;1;80801,52 $;-1455,68 $;0,00 $;-1455,68 $;5,68 $;-8695,88 $;-1455,68 $;0,00%;-1455,68 $;0,00 $;-1455,68 $;0,00 $;-1455,68 $;10,00;1450,00 $;430,00 $;1885,68 $;0,06%;
21/08/2025;1;79625,84 $;-1175,68 $;0,00 $;-1175,68 $;5,68 $;-9871,56 $;-1175,68 $;0,00%;-1175,68 $;0,00 $;-1175,68 $;0,00 $;-1175,68 $;25,00;1345,00 $;945,00 $;2120,68 $;0,06%;
22/08/2025;1;81635,16 $;2009,32 $;2009,32 $;0,00 $;5,68 $;-7862,24 $;0,00 $;100,00%;2009,32 $;2009,32 $;0,00 $;2009,32 $;0,00 $;10,00;150,00 $;2015,00 $;5,68 $;0,06%;
25/08/2025;1;82609,48 $;974,32 $;974,32 $;0,00 $;5,68 $;-6887,92 $;0,00 $;100,00%;974,32 $;974,32 $;0,00 $;974,32 $;0,00 $;25,00;435,00 $;990,00 $;15,68 $;0,06%;
26/08/2025;1;82748,80 $;139,32 $;139,32 $;0,00 $;5,68 $;-6748,60 $;0,00 $;100,00%;139,32 $;139,32 $;0,00 $;139,32 $;0,00 $;25,00;330,00 $;1500,00 $;1360,68 $;0,06%;
27/08/2025;1;81853,12 $;-895,68 $;0,00 $;-895,68 $;5,68 $;-7644,28 $;-895,68 $;0,00%;-895,68 $;0,00 $;-895,68 $;0,00 $;-895,68 $;25,00;890,00 $;185,00 $;1080,68 $;0,06%;
28/08/2025;1;80827,44 $;-1025,68 $;0,00 $;-1025,68 $;5,68 $;-8669,96 $;-1025,68 $;0,00%;-1025,68 $;0,00 $;-1025,68 $;0,00 $;-1025,68 $;10,00;1020,00 $;445,00 $;1470,68 $;0,06%;
29/08/2025;1;80241,76 $;-585,68 $;0,00 $;-585,68 $;5,68 $;-9255,64 $;-585,68 $;0,00%;-585,68 $;0,00 $;-585,68 $;0,00 $;-585,68 $;40,00;970,00 $;1035,00 $;1620,68 $;0,06%;
01/09/2025;1;80051,08 $;-190,68 $;0,00 $;-190,68 $;5,68 $;-9446,32 $;-190,68 $;0,00%;-190,68 $;0,00 $;-190,68 $;0,00 $;-190,68 $;40,00;315,00 $;745,00 $;935,68 $;0,06%;
02/09/2025;1;83505,40 $;3454,32 $;3454,32 $;0,00 $;5,68 $;-5992,00 $;0,00 $;100,00%;3454,32 $;3454,32 $;0,00 $;3454,32 $;0,00 $;20,00;55,00 $;3460,00 $;5,68 $;0,06%;
03/09/2025;1;84824,72 $;1319,32 $;1319,32 $;0,00 $;5,68 $;-4672,68 $;0,00 $;100,00%;1319,32 $;1319,32 $;0,00 $;1319,32 $;0,00 $;40,00;135,00 $;1605,00 $;285,68 $;0,06%;
04/09/2025;1;84929,04 $;104,32 $;104,32 $;0,00 $;5,68 $;-4568,36 $;0,00 $;100,00%;104,32 $;104,32 $;0,00 $;104,32 $;0,00 $;40,00;295,00 $;1525,00 $;1420,68 $;0,06%;
05/09/2025;1;85688,36 $;759,32 $;759,32 $;0,00 $;5,68 $;-3809,04 $;0,00 $;100,00%;759,32 $;759,32 $;0,00 $;759,32 $;0,00 $;40,00;215,00 $;1390,00 $;630,68 $;0,06%;
08/09/2025;1;84877,68 $;-810,68 $;0,00 $;-810,68 $;5,68 $;-4619,72 $;-810,68 $;0,00%;-810,68 $;0,00 $;-810,68 $;0,00 $;-810,68 $;15,00;805,00 $;290,00 $;1100,68 $;0,06%;
09/09/2025;1;84797,00 $;-80,68 $;0,00 $;-80,68 $;5,68 $;-4700,40 $;-80,68 $;0,00%;-80,68 $;0,00 $;-80,68 $;0,00 $;-80,68 $;40,00;360,00 $;770,00 $;850,68 $;0,06%;
10/09/2025;1;84876,32 $;79,32 $;79,32 $;0,00 $;5,68 $;-4621,08 $;0,00 $;100,00%;79,32 $;79,32 $;0,00 $;79,32 $;0,00 $;40,00;450,00 $;140,00 $;60,68 $;0,06%;
11/09/2025;1;84840,64 $;-35,68 $;0,00 $;-35,68 $;5,68 $;-4656,76 $;-35,68 $;0,00%;-35,68 $;0,00 $;-35,68 $;0,00 $;-35,68 $;30,00;405,00 $;1350,00 $;1385,68 $;0,06%;
12/09/2025;1;84814,96 $;-25,68 $;0,00 $;-25,68 $;5,68 $;-4682,44 $;-25,68 $;0,00%;-25,68 $;0,00 $;-25,68 $;0,00 $;-25,68 $;40,00;330,00 $;930,00 $;955,68 $;0,06%;
15/09/2025;1;83934,28 $;-880,68 $;0,00 $;-880,68 $;5,68 $;-5563,12 $;-880,68 $;0,00%;-880,68 $;0,00 $;-880,68 $;0,00 $;-880,68 $;15,00;875,00 $;45,00 $;925,68 $;0,06%;
16/09/2025;1;83278,60 $;-655,68 $;0,00 $;-655,68 $;5,68 $;-6218,80 $;-655,68 $;0,00%;-655,68 $;0,00 $;-655,68 $;0,00 $;-655,68 $;25,00;935,00 $;165,00 $;820,68 $;0,06%;
17/09/2025;1;84342,92 $;1064,32 $;1064,32 $;0,00 $;5,68 $;-5154,48 $;0,00 $;100,00%;1064,32 $;1064,32 $;0,00 $;1064,32 $;0,00 $;10,00;395,00 $;1070,00 $;5,68 $;0,06%;
18/09/2025;1;82897,24 $;-1445,68 $;0,00 $;-1445,68 $;5,68 $;-6600,16 $;-1445,68 $;0,00%;-1445,68 $;0,00 $;-1445,68 $;0,00 $;-1445,68 $;25,00;1440,00 $;780,00 $;2225,68 $;0,06%;
19/09/2025;1;82081,56 $;-815,68 $;0,00 $;-815,68 $;5,68 $;-7415,84 $;-815,68 $;0,00%;-815,68 $;0,00 $;-815,68 $;0,00 $;-815,68 $;25,00;810,00 $;405,00 $;1220,68 $;0,06%;
22/09/2025;1;81185,88 $;-895,68 $;0,00 $;-895,68 $;5,68 $;-8311,52 $;-895,68 $;0,00%;-895,68 $;0,00 $;-895,68 $;0,00 $;-895,68 $;10,00;890,00 $;70,00 $;965,68 $;0,06%;
23/09/2025;1;81350,20 $;164,32 $;164,32 $;0,00 $;5,68 $;-8147,20 $;0,00 $;100,00%;164,32 $;164,32 $;0,00 $;164,32 $;0,00 $;35,00;60,00 $;785,00 $;620,68 $;0,06%;
24/09/2025;1;80274,52 $;-1075,68 $;0,00 $;-1075,68 $;5,68 $;-9222,88 $;-1075,68 $;0,00%;-1075,68 $;0,00 $;-1075,68 $;0,00 $;-1075,68 $;15,00;1070,00 $;310,00 $;1385,68 $;0,06%;
25/09/2025;1;78398,84 $;-1875,68 $;0,00 $;-1875,68 $;5,68 $;-11098,56 $;-1875,68 $;0,00%;-1875,68 $;0,00 $;-1875,68 $;0,00 $;-1875,68 $;5,00;1870,00 $;135,00 $;2010,68 $;0,06%;
26/09/2025;1;77563,16 $;-835,68 $;0,00 $;-835,68 $;5,68 $;-11934,24 $;-835,68 $;0,00%;-835,68 $;0,00 $;-835,68 $;0,00 $;-835,68 $;40,00;1755,00 $;710,00 $;1545,68 $;0,06%;
29/09/2025;1;79082,48 $;1519,32 $;1519,32 $;0,00 $;5,68 $;-10414,92 $;0,00 $;100,00%;1519,32 $;1519,32 $;0,00 $;1519,32 $;0,00 $;15,00;50,00 $;1525,00 $;5,68 $;0,06%;
30/09/2025;1;79541,80 $;459,32 $;459,32 $;0,00 $;5,68 $;-9955,60 $;0,00 $;100,00%;459,32 $;459,32 $;0,00 $;459,32 $;0,00 $;25,00;800,00 $;880,00 $;420,68 $;0,06%;
01/10/2025;1;80231,12 $;689,32 $;689,32 $;0,00 $;5,68 $;-9266,28 $;0,00 $;100,00%;689,32 $;689,32 $;0,00 $;689,32 $;0,00 $;25,00;510,00 $;1800,00 $;1110,68 $;0,06%;
02/10/2025;1;81260,44 $;1029,32 $;1029,32 $;0,00 $;5,68 $;-8236,96 $;0,00 $;100,00%;1029,32 $;1029,32 $;0,00 $;1029,32 $;0,00 $;10,00;35,00 $;1035,00 $;5,68 $;0,06%;
03/10/2025;1;82049,76 $;789,32 $;789,32 $;0,00 $;5,68 $;-7447,64 $;0,00 $;100,00%;789,32 $;789,32 $;0,00 $;789,32 $;0,00 $;25,00;450,00 $;895,00 $;105,68 $;0,06%;
06/10/2025;1;81909,08 $;-140,68 $;0,00 $;-140,68 $;5,68 $;-7588,32 $;-140,68 $;0,00%;-140,68 $;0,00 $;-140,68 $;0,00 $;-140,68 $;25,00;920,00 $;630,00 $;770,68 $;0,06%;
07/10/2025;1;81358,40 $;-550,68 $;0,00 $;-550,68 $;5,68 $;-8139,00 $;-550,68 $;0,00%;-550,68 $;0,00 $;-550,68 $;0,00 $;-550,68 $;30,00;830,00 $;350,00 $;900,68 $;0,06%;
08/10/2025;1;80352,72 $;-1005,68 $;0,00 $;-1005,68 $;5,68 $;-9144,68 $;-1005,68 $;0,00%;-1005,68 $;0,00 $;-1005,68 $;0,00 $;-1005,68 $;0,00;1000,00 $;0,00 $;1005,68 $;0,06%;
09/10/2025;1;81627,04 $;1274,32 $;1274,32 $;0,00 $;5,68 $;-7870,36 $;0,00 $;100,00%;1274,32 $;1274,32 $;0,00 $;1274,32 $;0,00 $;15,00;105,00 $;1280,00 $;5,68 $;0,06%;
10/10/2025;1;80436,36 $;-1190,68 $;0,00 $;-1190,68 $;5,68 $;-9061,04 $;-1190,68 $;0,00%;-1190,68 $;0,00 $;-1190,68 $;0,00 $;-1190,68 $;10,00;1185,00 $;165,00 $;1355,68 $;0,06%;
13/10/2025;1;79755,68 $;-680,68 $;0,00 $;-680,68 $;5,68 $;-9741,72 $;-680,68 $;0,00%;-680,68 $;0,00 $;-680,68 $;0,00 $;-680,68 $;40,00;770,00 $;2580,00 $;3260,68 $;0,06%;
14/10/2025;1;79720,00 $;-35,68 $;0,00 $;-35,68 $;5,68 $;-9777,40 $;-35,68 $;0,00%;-35,68 $;0,00 $;-35,68 $;0,00 $;-35,68 $;35,00;1115,00 $;355,00 $;390,68 $;0,06%;
15/10/2025;1;80774,32 $;1054,32 $;1054,32 $;0,00 $;5,68 $;-8723,08 $;0,00 $;100,00%;1054,32 $;1054,32 $;0,00 $;1054,32 $;0,00 $;25,00;1275,00 $;1255,00 $;200,68 $;0,06%;
16/10/2025;1;81323,64 $;549,32 $;549,32 $;0,00 $;5,68 $;-8173,76 $;0,00 $;100,00%;549,32 $;549,32 $;0,00 $;549,32 $;0,00 $;25,00;710,00 $;1265,00 $;715,68 $;0,06%;
17/10/2025;1;84032,96 $;2709,32 $;2709,32 $;0,00 $;5,68 $;-5464,44 $;0,00 $;100,00%;2709,32 $;2709,32 $;0,00 $;2709,32 $;0,00 $;40,00;720,00 $;3025,00 $;315,68 $;0,06%;
20/10/2025;1;82922,28 $;-1110,68 $;0,00 $;-1110,68 $;5,68 $;-6575,12 $;-1110,68 $;0,00%;-1110,68 $;0,00 $;-1110,68 $;0,00 $;-1110,68 $;10,00;1105,00 $;405,00 $;1515,68 $;0,06%;
21/10/2025;1;81956,60 $;-965,68 $;0,00 $;-965,68 $;5,68 $;-7540,80 $;-965,68 $;0,00%;-965,68 $;0,00 $;-965,68 $;0,00 $;-965,68 $;25,00;960,00 $;490,00 $;1455,68 $;0,06%;
22/10/2025;1;83730,92 $;1774,32 $;1774,32 $;0,00 $;5,68 $;-5766,48 $;0,00 $;100,00%;1774,32 $;1774,32 $;0,00 $;1774,32 $;0,00 $;10,00;5,00 $;1780,00 $;5,68 $;0,06%;
23/10/2025;1;81925,24 $;-1805,68 $;0,00 $;-1805,68 $;5,68 $;-7572,16 $;-1805,68 $;0,00%;-1805,68 $;0,00 $;-1805,68 $;0,00 $;-1805,68 $;15,00;1800,00 $;50,00 $;1855,68 $;0,06%;
24/10/2025;1;83184,56 $;1259,32 $;1259,32 $;0,00 $;5,68 $;-6312,84 $;0,00 $;100,00%;1259,32 $;1259,32 $;0,00 $;1259,32 $;0,00 $;40,00;100,00 $;1990,00 $;730,68 $;0,06%;
27/10/2025;1;83608,88 $;424,32 $;424,32 $;0,00 $;5,68 $;-5888,52 $;0,00 $;100,00%;424,32 $;424,32 $;0,00 $;424,32 $;0,00 $;35,00;620,00 $;640,00 $;215,68 $;0,06%;
