Period;#;Cum. net profit;Net profit;Gross profit;Gross loss;Commission;Cum. max. drawdown;Max. drawdown;% Win;Avg. trade;Avg. winner;Avg. loser;Lrg. winner;Lrg. loser;MTR;Avg. MAE;Avg. MFE;Avg. ETD;% Trade;
08/01/2019;1;1244,32 $;1244,32 $;1244,32 $;0,00 $;5,68 $;0,00 $;0,00 $;100,00%;1244,32 $;1244,32 $;0,00 $;1244,32 $;0,00 $;240,00;310,00 $;1295,00 $;50,68 $;0,07%;
09/01/2019;1;1613,64 $;369,32 $;369,32 $;0,00 $;5,68 $;0,00 $;0,00 $;100,00%;369,32 $;369,32 $;0,00 $;369,32 $;0,00 $;240,00;335,00 $;725,00 $;355,68 $;0,07%;
11/01/2019;1;1887,96 $;274,32 $;274,32 $;0,00 $;5,68 $;0,00 $;0,00 $;100,00%;274,32 $;274,32 $;0,00 $;274,32 $;0,00 $;240,00;75,00 $;600,00 $;325,68 $;0,07%;
14/01/2019;1;1412,28 $;-475,68 $;0,00 $;-475,68 $;5,68 $;-475,68 $;-475,68 $;0,00%;-475,68 $;0,00 $;-475,68 $;0,00 $;-475,68 $;210,00;590,00 $;195,00 $;670,68 $;0,07%;
15/01/2019;1;1586,60 $;174,32 $;174,32 $;0,00 $;5,68 $;-301,36 $;0,00 $;100,00%;174,32 $;174,32 $;0,00 $;174,32 $;0,00 $;30,00;65,00 $;300,00 $;125,68 $;0,07%;
22/01/2019;1;80,92 $;-1505,68 $;0,00 $;-1505,68 $;5,68 $;-1807,04 $;-1505,68 $;0,00%;-1505,68 $;0,00 $;-1505,68 $;0,00 $;-1505,68 $;240,00;2050,00 $;140,00 $;1645,68 $;0,07%;
23/01/2019;1;450,24 $;369,32 $;369,32 $;0,00 $;5,68 $;-1437,72 $;0,00 $;100,00%;369,32 $;369,32 $;0,00 $;369,32 $;0,00 $;240,00;1035,00 $;420,00 $;50,68 $;0,07%;
25/01/2019;1;584,56 $;134,32 $;134,32 $;0,00 $;5,68 $;-1303,40 $;0,00 $;100,00%;134,32 $;134,32 $;0,00 $;134,32 $;0,00 $;240,00;60,00 $;595,00 $;460,68 $;0,07%;
28/01/2019;1;848,88 $;264,32 $;264,32 $;0,00 $;5,68 $;-1039,08 $;0,00 $;100,00%;264,32 $;264,32 $;0,00 $;264,32 $;0,00 $;240,00;695,00 $;415,00 $;150,68 $;0,07%;
29/01/2019;1;558,20 $;-290,68 $;0,00 $;-290,68 $;5,68 $;-1329,76 $;-290,68 $;0,00%;-290,68 $;0,00 $;-290,68 $;0,00 $;-290,68 $;210,00;560,00 $;125,00 $;415,68 $;0,07%;
30/01/2019;2;2486,84 $;1928,64 $;1928,64 $;0,00 $;11,36 $;0,00 $;0,00 $;100,00%;964,32 $;964,32 $;0,00 $;1869,32 $;0,00 $;240,00;115,00 $;1267,50 $;303,18 $;0,14%;
04/02/2019;1;2676,16 $;189,32 $;189,32 $;0,00 $;5,68 $;0,00 $;0,00 $;100,00%;189,32 $;189,32 $;0,00 $;189,32 $;0,00 $;240,00;150,00 $;340,00 $;150,68 $;0,07%;
05/02/2019;1;3170,48 $;494,32 $;494,32 $;0,00 $;5,68 $;0,00 $;0,00 $;100,00%;494,32 $;494,32 $;0,00 $;494,32 $;0,00 $;240,00;500,00 $;540,00 $;45,68 $;0,07%;
06/02/2019;1;3044,80 $;-125,68 $;0,00 $;-125,68 $;5,68 $;-125,68 $;-125,68 $;0,00%;-125,68 $;0,00 $;-125,68 $;0,00 $;-125,68 $;240,00;485,00 $;205,00 $;330,68 $;0,07%;
07/02/2019;1;3589,12 $;544,32 $;544,32 $;0,00 $;5,68 $;0,00 $;0,00 $;100,00%;544,32 $;544,32 $;0,00 $;544,32 $;0,00 $;210,00;380,00 $;720,00 $;175,68 $;0,07%;
08/02/2019;1;4443,44 $;854,32 $;854,32 $;0,00 $;5,68 $;0,00 $;0,00 $;100,00%;854,32 $;854,32 $;0,00 $;854,32 $;0,00 $;240,00;385,00 $;1010,00 $;155,68 $;0,07%;
11/02/2019;1;4282,76 $;-160,68 $;0,00 $;-160,68 $;5,68 $;-160,68 $;-160,68 $;0,00%;-160,68 $;0,00 $;-160,68 $;0,00 $;-160,68 $;240,00;525,00 $;240,00 $;400,68 $;0,07%;
12/02/2019;1;4447,08 $;164,32 $;164,32 $;0,00 $;5,68 $;0,00 $;0,00 $;100,00%;164,32 $;164,32 $;0,00 $;164,32 $;0,00 $;150,00;10,00 $;330,00 $;165,68 $;0,07%;
13/02/2019;1;4686,40 $;239,32 $;239,32 $;0,00 $;5,68 $;0,00 $;0,00 $;100,00%;239,32 $;239,32 $;0,00 $;239,32 $;0,00 $;240,00;255,00 $;380,00 $;140,68 $;0,07%;
14/02/2019;1;4345,72 $;-340,68 $;0,00 $;-340,68 $;5,68 $;-340,68 $;-340,68 $;0,00%;-340,68 $;0,00 $;-340,68 $;0,00 $;-340,68 $;210,00;630,00 $;165,00 $;505,68 $;0,07%;
19/02/2019;1;3980,04 $;-365,68 $;0,00 $;-365,68 $;5,68 $;-706,36 $;-365,68 $;0,00%;-365,68 $;0,00 $;-365,68 $;0,00 $;-365,68 $;210,00;510,00 $;170,00 $;535,68 $;0,07%;
20/02/2019;1;4524,36 $;544,32 $;544,32 $;0,00 $;5,68 $;-162,04 $;0,00 $;100,00%;544,32 $;544,32 $;0,00 $;544,32 $;0,00 $;210,00;315,00 $;835,00 $;290,68 $;0,07%;
21/02/2019;1;4323,68 $;-200,68 $;0,00 $;-200,68 $;5,68 $;-362,72 $;-200,68 $;0,00%;-200,68 $;0,00 $;-200,68 $;0,00 $;-200,68 $;240,00;380,00 $;705,00 $;905,68 $;0,07%;
22/02/2019;1;4048,00 $;-275,68 $;0,00 $;-275,68 $;5,68 $;-638,40 $;-275,68 $;0,00%;-275,68 $;0,00 $;-275,68 $;0,00 $;-275,68 $;240,00;770,00 $;95,00 $;370,68 $;0,07%;
25/02/2019;2;3701,64 $;-346,36 $;0,00 $;-346,36 $;11,36 $;-984,76 $;-346,36 $;0,00%;-173,18 $;0,00 $;-173,18 $;0,00 $;-245,68 $;330,00;395,00 $;177,50 $;350,68 $;0,14%;
26/02/2019;1;3615,96 $;-85,68 $;0,00 $;-85,68 $;5,68 $;-1070,44 $;-85,68 $;0,00%;-85,68 $;0,00 $;-85,68 $;0,00 $;-85,68 $;210,00;230,00 $;600,00 $;685,68 $;0,07%;
28/02/2019;1;3300,28 $;-315,68 $;0,00 $;-315,68 $;5,68 $;-1386,12 $;-315,68 $;0,00%;-315,68 $;0,00 $;-315,68 $;0,00 $;-315,68 $;210,00;690,00 $;40,00 $;355,68 $;0,07%;
01/03/2019;1;3904,60 $;604,32 $;604,32 $;0,00 $;5,68 $;-781,80 $;0,00 $;100,00%;604,32 $;604,32 $;0,00 $;604,32 $;0,00 $;240,00;350,00 $;855,00 $;250,68 $;0,07%;
04/03/2019;1;4923,92 $;1019,32 $;1019,32 $;0,00 $;5,68 $;0,00 $;0,00 $;100,00%;1019,32 $;1019,32 $;0,00 $;1019,32 $;0,00 $;210,00;280,00 $;1265,00 $;245,68 $;0,07%;
05/03/2019;1;4973,24 $;49,32 $;49,32 $;0,00 $;5,68 $;0,00 $;0,00 $;100,00%;49,32 $;49,32 $;0,00 $;49,32 $;0,00 $;210,00;115,00 $;415,00 $;365,68 $;0,07%;
06/03/2019;1;4662,56 $;-310,68 $;0,00 $;-310,68 $;5,68 $;-310,68 $;-310,68 $;0,00%;-310,68 $;0,00 $;-310,68 $;0,00 $;-310,68 $;240,00;435,00 $;145,00 $;455,68 $;0,07%;
07/03/2019;1;3796,88 $;-865,68 $;0,00 $;-865,68 $;5,68 $;-1176,36 $;-865,68 $;0,00%;-865,68 $;0,00 $;-865,68 $;0,00 $;-865,68 $;240,00;1030,00 $;515,00 $;1380,68 $;0,07%;
08/03/2019;1;5071,20 $;1274,32 $;1274,32 $;0,00 $;5,68 $;0,00 $;0,00 $;100,00%;1274,32 $;1274,32 $;0,00 $;1274,32 $;0,00 $;150,00;110,00 $;1315,00 $;40,68 $;0,07%;
12/03/2019;1;4845,52 $;-225,68 $;0,00 $;-225,68 $;5,68 $;-225,68 $;-225,68 $;0,00%;-225,68 $;0,00 $;-225,68 $;0,00 $;-225,68 $;210,00;575,00 $;65,00 $;290,68 $;0,07%;
13/03/2019;1;4724,84 $;-120,68 $;0,00 $;-120,68 $;5,68 $;-346,36 $;-120,68 $;0,00%;-120,68 $;0,00 $;-120,68 $;0,00 $;-120,68 $;150,00;485,00 $;365,00 $;485,68 $;0,07%;
15/03/2019;1;4934,16 $;209,32 $;209,32 $;0,00 $;5,68 $;-137,04 $;0,00 $;100,00%;209,32 $;209,32 $;0,00 $;209,32 $;0,00 $;240,00;120,00 $;540,00 $;330,68 $;0,07%;
18/03/2019;1;5393,48 $;459,32 $;459,32 $;0,00 $;5,68 $;0,00 $;0,00 $;100,00%;459,32 $;459,32 $;0,00 $;459,32 $;0,00 $;150,00;55,00 $;470,00 $;10,68 $;0,07%;
19/03/2019;1;4907,80 $;-485,68 $;0,00 $;-485,68 $;5,68 $;-485,68 $;-485,68 $;0,00%;-485,68 $;0,00 $;-485,68 $;0,00 $;-485,68 $;240,00;565,00 $;510,00 $;995,68 $;0,07%;
20/03/2019;2;5676,44 $;768,64 $;949,32 $;-180,68 $;11,36 $;-180,68 $;-180,68 $;50,00%;384,32 $;949,32 $;-180,68 $;949,32 $;-180,68 $;270,00;440,00 $;755,00 $;370,68 $;0,14%;
22/03/2019;1;4835,76 $;-840,68 $;0,00 $;-840,68 $;5,68 $;-1021,36 $;-840,68 $;0,00%;-840,68 $;0,00 $;-840,68 $;0,00 $;-840,68 $;240,00;1135,00 $;140,00 $;980,68 $;0,07%;
25/03/2019;1;4545,08 $;-290,68 $;0,00 $;-290,68 $;5,68 $;-1312,04 $;-290,68 $;0,00%;-290,68 $;0,00 $;-290,68 $;0,00 $;-290,68 $;240,00;1325,00 $;10,00 $;300,68 $;0,07%;
27/03/2019;1;5149,40 $;604,32 $;604,32 $;0,00 $;5,68 $;-707,72 $;0,00 $;100,00%;604,32 $;604,32 $;0,00 $;604,32 $;0,00 $;240,00;640,00 $;795,00 $;190,68 $;0,07%;
28/03/2019;1;5733,72 $;584,32 $;584,32 $;0,00 $;5,68 $;-123,40 $;0,00 $;100,00%;584,32 $;584,32 $;0,00 $;584,32 $;0,00 $;210,00;45,00 $;635,00 $;50,68 $;0,07%;
29/03/2019;1;6238,04 $;504,32 $;504,32 $;0,00 $;5,68 $;0,00 $;0,00 $;100,00%;504,32 $;504,32 $;0,00 $;504,32 $;0,00 $;210,00;140,00 $;525,00 $;20,68 $;0,07%;
02/04/2019;1;6457,36 $;219,32 $;219,32 $;0,00 $;5,68 $;0,00 $;0,00 $;100,00%;219,32 $;219,32 $;0,00 $;219,32 $;0,00 $;210,00;20,00 $;510,00 $;290,68 $;0,07%;
03/04/2019;1;5931,68 $;-525,68 $;0,00 $;-525,68 $;5,68 $;-525,68 $;-525,68 $;0,00%;-525,68 $;0,00 $;-525,68 $;0,00 $;-525,68 $;210,00;1225,00 $;15,00 $;540,68 $;0,07%;
04/04/2019;1;6361,00 $;429,32 $;429,32 $;0,00 $;5,68 $;-96,36 $;0,00 $;100,00%;429,32 $;429,32 $;0,00 $;429,32 $;0,00 $;210,00;380,00 $;640,00 $;210,68 $;0,07%;
05/04/2019;1;6415,32 $;54,32 $;54,32 $;0,00 $;5,68 $;-42,04 $;0,00 $;100,00%;54,32 $;54,32 $;0,00 $;54,32 $;0,00 $;240,00;190,00 $;90,00 $;35,68 $;0,07%;
09/04/2019;1;6224,64 $;-190,68 $;0,00 $;-190,68 $;5,68 $;-232,72 $;-190,68 $;0,00%;-190,68 $;0,00 $;-190,68 $;0,00 $;-190,68 $;150,00;385,00 $;65,00 $;255,68 $;0,07%;
10/04/2019;1;6433,96 $;209,32 $;209,32 $;0,00 $;5,68 $;-23,40 $;0,00 $;100,00%;209,32 $;209,32 $;0,00 $;209,32 $;0,00 $;240,00;385,00 $;290,00 $;80,68 $;0,07%;
11/04/2019;1;6368,28 $;-65,68 $;0,00 $;-65,68 $;5,68 $;-89,08 $;-65,68 $;0,00%;-65,68 $;0,00 $;-65,68 $;0,00 $;-65,68 $;150,00;430,00 $;10,00 $;75,68 $;0,07%;
12/04/2019;1;6652,60 $;284,32 $;284,32 $;0,00 $;5,68 $;0,00 $;0,00 $;100,00%;284,32 $;284,32 $;0,00 $;284,32 $;0,00 $;240,00;50,00 $;345,00 $;60,68 $;0,07%;
15/04/2019;1;7196,92 $;544,32 $;544,32 $;0,00 $;5,68 $;0,00 $;0,00 $;100,00%;544,32 $;544,32 $;0,00 $;544,32 $;0,00 $;210,00;30,00 $;750,00 $;205,68 $;0,07%;
16/04/2019;1;7156,24 $;-40,68 $;0,00 $;-40,68 $;5,68 $;-40,68 $;-40,68 $;0,00%;-40,68 $;0,00 $;-40,68 $;0,00 $;-40,68 $;240,00;180,00 $;210,00 $;250,68 $;0,07%;
18/04/2019;1;7920,56 $;764,32 $;764,32 $;0,00 $;5,68 $;0,00 $;0,00 $;100,00%;764,32 $;764,32 $;0,00 $;764,32 $;0,00 $;240,00;160,00 $;795,00 $;30,68 $;0,07%;
23/04/2019;1;8404,88 $;484,32 $;484,32 $;0,00 $;5,68 $;0,00 $;0,00 $;100,00%;484,32 $;484,32 $;0,00 $;484,32 $;0,00 $;240,00;20,00 $;645,00 $;160,68 $;0,07%;
24/04/2019;1;8059,20 $;-345,68 $;0,00 $;-345,68 $;5,68 $;-345,68 $;-345,68 $;0,00%;-345,68 $;0,00 $;-345,68 $;0,00 $;-345,68 $;240,00;605,00 $;155,00 $;500,68 $;0,07%;
25/04/2019;1;8058,52 $;-0,68 $;0,00 $;-0,68 $;5,68 $;-346,36 $;-0,68 $;0,00%;-0,68 $;0,00 $;-0,68 $;0,00 $;-0,68 $;240,00;215,00 $;225,00 $;225,68 $;0,07%;
26/04/2019;1;8327,84 $;269,32 $;269,32 $;0,00 $;5,68 $;-77,04 $;0,00 $;100,00%;269,32 $;269,32 $;0,00 $;269,32 $;0,00 $;240,00;330,00 $;420,00 $;150,68 $;0,07%;
29/04/2019;1;8637,16 $;309,32 $;309,32 $;0,00 $;5,68 $;0,00 $;0,00 $;100,00%;309,32 $;309,32 $;0,00 $;309,32 $;0,00 $;240,00;115,00 $;355,00 $;45,68 $;0,07%;
30/04/2019;1;9351,48 $;714,32 $;714,32 $;0,00 $;5,68 $;0,00 $;0,00 $;100,00%;714,32 $;714,32 $;0,00 $;714,32 $;0,00 $;240,00;5,00 $;1125,00 $;410,68 $;0,07%;
01/05/2019;1;8590,80 $;-760,68 $;0,00 $;-760,68 $;5,68 $;-760,68 $;-760,68 $;0,00%;-760,68 $;0,00 $;-760,68 $;0,00 $;-760,68 $;240,00;860,00 $;375,00 $;1135,68 $;0,07%;
03/05/2019;1;9005,12 $;414,32 $;414,32 $;0,00 $;5,68 $;-346,36 $;0,00 $;100,00%;414,32 $;414,32 $;0,00 $;414,32 $;0,00 $;240,00;75,00 $;730,00 $;315,68 $;0,07%;
06/05/2019;1;8439,44 $;-565,68 $;0,00 $;-565,68 $;5,68 $;-912,04 $;-565,68 $;0,00%;-565,68 $;0,00 $;-565,68 $;0,00 $;-565,68 $;150,00;560,00 $;1010,00 $;1575,68 $;0,07%;
07/05/2019;2;6478,08 $;-1961,36 $;0,00 $;-1961,36 $;11,36 $;-2873,40 $;-1961,36 $;0,00%;-980,68 $;0,00 $;-980,68 $;0,00 $;-1915,68 $;330,00;1072,50 $;65,00 $;1045,68 $;0,14%;
08/05/2019;1;6712,40 $;234,32 $;234,32 $;0,00 $;5,68 $;-2639,08 $;0,00 $;100,00%;234,32 $;234,32 $;0,00 $;234,32 $;0,00 $;240,00;650,00 $;260,00 $;25,68 $;0,07%;
09/05/2019;1;8576,72 $;1864,32 $;1864,32 $;0,00 $;5,68 $;-774,76 $;0,00 $;100,00%;1864,32 $;1864,32 $;0,00 $;1864,32 $;0,00 $;240,00;10,00 $;2435,00 $;570,68 $;0,07%;
10/05/2019;1;10571,04 $;1994,32 $;1994,32 $;0,00 $;5,68 $;0,00 $;0,00 $;100,00%;1994,32 $;1994,32 $;0,00 $;1994,32 $;0,00 $;210,00;100,00 $;2550,00 $;555,68 $;0,07%;
15/05/2019;1;11125,36 $;554,32 $;554,32 $;0,00 $;5,68 $;0,00 $;0,00 $;100,00%;554,32 $;554,32 $;0,00 $;554,32 $;0,00 $;210,00;295,00 $;740,00 $;185,68 $;0,07%;
17/05/2019;1;10039,68 $;-1085,68 $;0,00 $;-1085,68 $;5,68 $;-1085,68 $;-1085,68 $;0,00%;-1085,68 $;0,00 $;-1085,68 $;0,00 $;-1085,68 $;150,00;1195,00 $;325,00 $;1410,68 $;0,07%;
22/05/2019;1;9914,00 $;-125,68 $;0,00 $;-125,68 $;5,68 $;-1211,36 $;-125,68 $;0,00%;-125,68 $;0,00 $;-125,68 $;0,00 $;-125,68 $;240,00;615,00 $;175,00 $;300,68 $;0,07%;
23/05/2019;1;9803,32 $;-110,68 $;0,00 $;-110,68 $;5,68 $;-1322,04 $;-110,68 $;0,00%;-110,68 $;0,00 $;-110,68 $;0,00 $;-110,68 $;240,00;1110,00 $;135,00 $;245,68 $;0,07%;
24/05/2019;1;9787,64 $;-15,68 $;0,00 $;-15,68 $;5,68 $;-1337,72 $;-15,68 $;0,00%;-15,68 $;0,00 $;-15,68 $;0,00 $;-15,68 $;240,00;190,00 $;525,00 $;540,68 $;0,07%;
28/05/2019;1;8616,96 $;-1170,68 $;0,00 $;-1170,68 $;5,68 $;-2508,40 $;-1170,68 $;0,00%;-1170,68 $;0,00 $;-1170,68 $;0,00 $;-1170,68 $;210,00;1420,00 $;85,00 $;1255,68 $;0,07%;
29/05/2019;1;8701,28 $;84,32 $;84,32 $;0,00 $;5,68 $;-2424,08 $;0,00 $;100,00%;84,32 $;84,32 $;0,00 $;84,32 $;0,00 $;210,00;450,00 $;645,00 $;560,68 $;0,07%;
30/05/2019;1;9000,60 $;299,32 $;299,32 $;0,00 $;5,68 $;-2124,76 $;0,00 $;100,00%;299,32 $;299,32 $;0,00 $;299,32 $;0,00 $;210,00;635,00 $;415,00 $;115,68 $;0,07%;
31/05/2019;1;8124,92 $;-875,68 $;0,00 $;-875,68 $;5,68 $;-3000,44 $;-875,68 $;0,00%;-875,68 $;0,00 $;-875,68 $;0,00 $;-875,68 $;240,00;1050,00 $;25,00 $;900,68 $;0,07%;
03/06/2019;2;5758,56 $;-2366,36 $;254,32 $;-2620,68 $;11,36 $;-5621,12 $;-2620,68 $;50,00%;-1183,18 $;254,32 $;-2620,68 $;254,32 $;-2620,68 $;270,00;1465,00 $;207,50 $;1390,68 $;0,14%;
04/06/2019;1;6402,88 $;644,32 $;644,32 $;0,00 $;5,68 $;-4722,48 $;0,00 $;100,00%;644,32 $;644,32 $;0,00 $;644,32 $;0,00 $;30,00;155,00 $;655,00 $;10,68 $;0,07%;
05/06/2019;1;6517,20 $;114,32 $;114,32 $;0,00 $;5,68 $;-4608,16 $;0,00 $;100,00%;114,32 $;114,32 $;0,00 $;114,32 $;0,00 $;240,00;430,00 $;275,00 $;160,68 $;0,07%;
06/06/2019;1;7201,52 $;684,32 $;684,32 $;0,00 $;5,68 $;-3923,84 $;0,00 $;100,00%;684,32 $;684,32 $;0,00 $;684,32 $;0,00 $;240,00;445,00 $;735,00 $;50,68 $;0,07%;
07/06/2019;1;7405,84 $;204,32 $;204,32 $;0,00 $;5,68 $;-3719,52 $;0,00 $;100,00%;204,32 $;204,32 $;0,00 $;204,32 $;0,00 $;240,00;130,00 $;410,00 $;205,68 $;0,07%;
10/06/2019;1;7490,16 $;84,32 $;84,32 $;0,00 $;5,68 $;-3635,20 $;0,00 $;100,00%;84,32 $;84,32 $;0,00 $;84,32 $;0,00 $;30,00;245,00 $;310,00 $;225,68 $;0,07%;
11/06/2019;1;7729,48 $;239,32 $;239,32 $;0,00 $;5,68 $;-3395,88 $;0,00 $;100,00%;239,32 $;239,32 $;0,00 $;239,32 $;0,00 $;210,00;260,00 $;580,00 $;340,68 $;0,07%;
12/06/2019;1;7508,80 $;-220,68 $;0,00 $;-220,68 $;5,68 $;-3616,56 $;-220,68 $;0,00%;-220,68 $;0,00 $;-220,68 $;0,00 $;-220,68 $;240,00;415,00 $;150,00 $;370,68 $;0,07%;
13/06/2019;1;7698,12 $;189,32 $;189,32 $;0,00 $;5,68 $;-3427,24 $;0,00 $;100,00%;189,32 $;189,32 $;0,00 $;189,32 $;0,00 $;210,00;275,00 $;465,00 $;275,68 $;0,07%;
14/06/2019;1;8092,44 $;394,32 $;394,32 $;0,00 $;5,68 $;-3032,92 $;0,00 $;100,00%;394,32 $;394,32 $;0,00 $;394,32 $;0,00 $;240,00;205,00 $;450,00 $;55,68 $;0,07%;
17/06/2019;1;8266,76 $;174,32 $;174,32 $;0,00 $;5,68 $;-2858,60 $;0,00 $;100,00%;174,32 $;174,32 $;0,00 $;174,32 $;0,00 $;210,00;125,00 $;390,00 $;215,68 $;0,07%;
18/06/2019;1;8221,08 $;-45,68 $;0,00 $;-45,68 $;5,68 $;-2904,28 $;-45,68 $;0,00%;-45,68 $;0,00 $;-45,68 $;0,00 $;-45,68 $;210,00;415,00 $;230,00 $;275,68 $;0,07%;
19/06/2019;1;8265,40 $;44,32 $;44,32 $;0,00 $;5,68 $;-2859,96 $;0,00 $;100,00%;44,32 $;44,32 $;0,00 $;44,32 $;0,00 $;30,00;200,00 $;350,00 $;305,68 $;0,07%;
20/06/2019;1;8469,72 $;204,32 $;204,32 $;0,00 $;5,68 $;-2655,64 $;0,00 $;100,00%;204,32 $;204,32 $;0,00 $;204,32 $;0,00 $;240,00;775,00 $;280,00 $;75,68 $;0,07%;
21/06/2019;1;8289,04 $;-180,68 $;0,00 $;-180,68 $;5,68 $;-2836,32 $;-180,68 $;0,00%;-180,68 $;0,00 $;-180,68 $;0,00 $;-180,68 $;210,00;185,00 $;390,00 $;570,68 $;0,07%;
24/06/2019;1;8108,36 $;-180,68 $;0,00 $;-180,68 $;5,68 $;-3017,00 $;-180,68 $;0,00%;-180,68 $;0,00 $;-180,68 $;0,00 $;-180,68 $;210,00;355,00 $;95,00 $;275,68 $;0,07%;
25/06/2019;1;6772,68 $;-1335,68 $;0,00 $;-1335,68 $;5,68 $;-4352,68 $;-1335,68 $;0,00%;-1335,68 $;0,00 $;-1335,68 $;0,00 $;-1335,68 $;240,00;1585,00 $;170,00 $;1505,68 $;0,07%;
27/06/2019;1;7137,00 $;364,32 $;364,32 $;0,00 $;5,68 $;-3988,36 $;0,00 $;100,00%;364,32 $;364,32 $;0,00 $;364,32 $;0,00 $;240,00;145,00 $;615,00 $;250,68 $;0,07%;
28/06/2019;1;7186,32 $;49,32 $;49,32 $;0,00 $;5,68 $;-3939,04 $;0,00 $;100,00%;49,32 $;49,32 $;0,00 $;49,32 $;0,00 $;240,00;145,00 $;650,00 $;600,68 $;0,07%;
02/07/2019;1;8340,64 $;1154,32 $;1154,32 $;0,00 $;5,68 $;-2784,72 $;0,00 $;100,00%;1154,32 $;1154,32 $;0,00 $;1154,32 $;0,00 $;210,00;215,00 $;1210,00 $;55,68 $;0,07%;
03/07/2019;1;8914,96 $;574,32 $;574,32 $;0,00 $;5,68 $;-2210,40 $;0,00 $;100,00%;574,32 $;574,32 $;0,00 $;574,32 $;0,00 $;45,00;25,00 $;670,00 $;95,68 $;0,07%;
05/07/2019;1;9164,28 $;249,32 $;249,32 $;0,00 $;5,68 $;-1961,08 $;0,00 $;100,00%;249,32 $;249,32 $;0,00 $;249,32 $;0,00 $;210,00;20,00 $;850,00 $;600,68 $;0,07%;
08/07/2019;1;9453,60 $;289,32 $;289,32 $;0,00 $;5,68 $;-1671,76 $;0,00 $;100,00%;289,32 $;289,32 $;0,00 $;289,32 $;0,00 $;210,00;0,00 $;605,00 $;315,68 $;0,07%;
09/07/2019;1;9657,92 $;204,32 $;204,32 $;0,00 $;5,68 $;-1467,44 $;0,00 $;100,00%;204,32 $;204,32 $;0,00 $;204,32 $;0,00 $;210,00;100,00 $;475,00 $;270,68 $;0,07%;
10/07/2019;1;10002,24 $;344,32 $;344,32 $;0,00 $;5,68 $;-1123,12 $;0,00 $;100,00%;344,32 $;344,32 $;0,00 $;344,32 $;0,00 $;210,00;160,00 $;520,00 $;175,68 $;0,07%;
11/07/2019;1;10191,56 $;189,32 $;189,32 $;0,00 $;5,68 $;-933,80 $;0,00 $;100,00%;189,32 $;189,32 $;0,00 $;189,32 $;0,00 $;30,00;55,00 $;355,00 $;165,68 $;0,07%;
12/07/2019;1;10310,88 $;119,32 $;119,32 $;0,00 $;5,68 $;-814,48 $;0,00 $;100,00%;119,32 $;119,32 $;0,00 $;119,32 $;0,00 $;240,00;65,00 $;240,00 $;120,68 $;0,07%;
15/07/2019;1;10565,20 $;254,32 $;254,32 $;0,00 $;5,68 $;-560,16 $;0,00 $;100,00%;254,32 $;254,32 $;0,00 $;254,32 $;0,00 $;150,00;35,00 $;425,00 $;170,68 $;0,07%;
16/07/2019;1;10114,52 $;-450,68 $;0,00 $;-450,68 $;5,68 $;-1010,84 $;-450,68 $;0,00%;-450,68 $;0,00 $;-450,68 $;0,00 $;-450,68 $;150,00;485,00 $;45,00 $;495,68 $;0,07%;
17/07/2019;1;10028,84 $;-85,68 $;0,00 $;-85,68 $;5,68 $;-1096,52 $;-85,68 $;0,00%;-85,68 $;0,00 $;-85,68 $;0,00 $;-85,68 $;240,00;115,00 $;275,00 $;360,68 $;0,07%;
18/07/2019;2;10932,48 $;903,64 $;903,64 $;0,00 $;11,36 $;-887,20 $;0,00 $;100,00%;451,82 $;451,82 $;0,00 $;694,32 $;0,00 $;240,00;567,50 $;570,00 $;118,18 $;0,14%;
19/07/2019;2;9276,12 $;-1656,36 $;0,00 $;-1656,36 $;11,36 $;-1849,24 $;-1656,36 $;0,00%;-828,18 $;0,00 $;-828,18 $;0,00 $;-1175,68 $;270,00;1047,50 $;80,00 $;908,18 $;0,14%;
22/07/2019;1;9685,44 $;409,32 $;409,32 $;0,00 $;5,68 $;-1439,92 $;0,00 $;100,00%;409,32 $;409,32 $;0,00 $;409,32 $;0,00 $;210,00;80,00 $;590,00 $;180,68 $;0,07%;
23/07/2019;1;10144,76 $;459,32 $;459,32 $;0,00 $;5,68 $;-980,60 $;0,00 $;100,00%;459,32 $;459,32 $;0,00 $;459,32 $;0,00 $;240,00;570,00 $;520,00 $;60,68 $;0,07%;
26/07/2019;1;9944,08 $;-200,68 $;0,00 $;-200,68 $;5,68 $;-1181,28 $;-200,68 $;0,00%;-200,68 $;0,00 $;-200,68 $;0,00 $;-200,68 $;210,00;210,00 $;240,00 $;440,68 $;0,07%;
29/07/2019;1;10028,40 $;84,32 $;84,32 $;0,00 $;5,68 $;-1096,96 $;0,00 $;100,00%;84,32 $;84,32 $;0,00 $;84,32 $;0,00 $;0,00;10,00 $;120,00 $;35,68 $;0,07%;
30/07/2019;1;10607,72 $;579,32 $;579,32 $;0,00 $;5,68 $;-517,64 $;0,00 $;100,00%;579,32 $;579,32 $;0,00 $;579,32 $;0,00 $;0,00;195,00 $;625,00 $;45,68 $;0,07%;
31/07/2019;1;9097,04 $;-1510,68 $;0,00 $;-1510,68 $;5,68 $;-2028,32 $;-1510,68 $;0,00%;-1510,68 $;0,00 $;-1510,68 $;0,00 $;-1510,68 $;240,00;4030,00 $;95,00 $;1605,68 $;0,07%;
01/08/2019;1;5371,36 $;-3725,68 $;0,00 $;-3725,68 $;5,68 $;-5754,00 $;-3725,68 $;0,00%;-3725,68 $;0,00 $;-3725,68 $;0,00 $;-3725,68 $;240,00;4730,00 $;25,00 $;3750,68 $;0,07%;
02/08/2019;1;5720,68 $;349,32 $;349,32 $;0,00 $;5,68 $;-5404,68 $;0,00 $;100,00%;349,32 $;349,32 $;0,00 $;349,32 $;0,00 $;240,00;655,00 $;520,00 $;170,68 $;0,07%;
05/08/2019;1;4275,00 $;-1445,68 $;0,00 $;-1445,68 $;5,68 $;-6850,36 $;-1445,68 $;0,00%;-1445,68 $;0,00 $;-1445,68 $;0,00 $;-1445,68 $;150,00;1610,00 $;385,00 $;1830,68 $;0,07%;
06/08/2019;1;5319,32 $;1044,32 $;1044,32 $;0,00 $;5,68 $;-5806,04 $;0,00 $;100,00%;1044,32 $;1044,32 $;0,00 $;1044,32 $;0,00 $;240,00;635,00 $;1605,00 $;560,68 $;0,07%;
07/08/2019;1;7068,64 $;1749,32 $;1749,32 $;0,00 $;5,68 $;-4056,72 $;0,00 $;100,00%;1749,32 $;1749,32 $;0,00 $;1749,32 $;0,00 $;210,00;145,00 $;2280,00 $;530,68 $;0,07%;
08/08/2019;1;7947,96 $;879,32 $;879,32 $;0,00 $;5,68 $;-3177,40 $;0,00 $;100,00%;879,32 $;879,32 $;0,00 $;879,32 $;0,00 $;210,00;145,00 $;920,00 $;40,68 $;0,07%;
09/08/2019;1;9447,28 $;1499,32 $;1499,32 $;0,00 $;5,68 $;-1678,08 $;0,00 $;100,00%;1499,32 $;1499,32 $;0,00 $;1499,32 $;0,00 $;240,00;175,00 $;1745,00 $;245,68 $;0,07%;
13/08/2019;1;9666,60 $;219,32 $;219,32 $;0,00 $;5,68 $;-1458,76 $;0,00 $;100,00%;219,32 $;219,32 $;0,00 $;219,32 $;0,00 $;210,00;465,00 $;545,00 $;325,68 $;0,07%;
14/08/2019;1;9115,92 $;-550,68 $;0,00 $;-550,68 $;5,68 $;-2009,44 $;-550,68 $;0,00%;-550,68 $;0,00 $;-550,68 $;0,00 $;-550,68 $;210,00;720,00 $;655,00 $;1205,68 $;0,07%;
15/08/2019;1;9470,24 $;354,32 $;354,32 $;0,00 $;5,68 $;-1655,12 $;0,00 $;100,00%;354,32 $;354,32 $;0,00 $;354,32 $;0,00 $;30,00;70,00 $;515,00 $;160,68 $;0,07%;
16/08/2019;1;9589,56 $;119,32 $;119,32 $;0,00 $;5,68 $;-1535,80 $;0,00 $;100,00%;119,32 $;119,32 $;0,00 $;119,32 $;0,00 $;240,00;260,00 $;390,00 $;270,68 $;0,07%;
20/08/2019;1;8398,88 $;-1190,68 $;0,00 $;-1190,68 $;5,68 $;-2726,48 $;-1190,68 $;0,00%;-1190,68 $;0,00 $;-1190,68 $;0,00 $;-1190,68 $;210,00;1280,00 $;35,00 $;1225,68 $;0,07%;
21/08/2019;1;8053,20 $;-345,68 $;0,00 $;-345,68 $;5,68 $;-3072,16 $;-345,68 $;0,00%;-345,68 $;0,00 $;-345,68 $;0,00 $;-345,68 $;240,00;765,00 $;170,00 $;515,68 $;0,07%;
22/08/2019;1;8812,52 $;759,32 $;759,32 $;0,00 $;5,68 $;-2312,84 $;0,00 $;100,00%;759,32 $;759,32 $;0,00 $;759,32 $;0,00 $;240,00;65,00 $;1045,00 $;285,68 $;0,07%;
23/08/2019;1;6991,84 $;-1820,68 $;0,00 $;-1820,68 $;5,68 $;-4133,52 $;-1820,68 $;0,00%;-1820,68 $;0,00 $;-1820,68 $;0,00 $;-1820,68 $;240,00;1945,00 $;150,00 $;1970,68 $;0,07%;
26/08/2019;1;7326,16 $;334,32 $;334,32 $;0,00 $;5,68 $;-3799,20 $;0,00 $;100,00%;334,32 $;334,32 $;0,00 $;334,32 $;0,00 $;240,00;270,00 $;1065,00 $;730,68 $;0,07%;
27/08/2019;1;7145,48 $;-180,68 $;0,00 $;-180,68 $;5,68 $;-3979,88 $;-180,68 $;0,00%;-180,68 $;0,00 $;-180,68 $;0,00 $;-180,68 $;210,00;710,00 $;700,00 $;880,68 $;0,07%;
29/08/2019;1;7354,80 $;209,32 $;209,32 $;0,00 $;5,68 $;-3770,56 $;0,00 $;100,00%;209,32 $;209,32 $;0,00 $;209,32 $;0,00 $;240,00;1045,00 $;455,00 $;245,68 $;0,07%;
03/09/2019;1;6994,12 $;-360,68 $;0,00 $;-360,68 $;5,68 $;-4131,24 $;-360,68 $;0,00%;-360,68 $;0,00 $;-360,68 $;0,00 $;-360,68 $;240,00;790,00 $;405,00 $;765,68 $;0,07%;
04/09/2019;1;7578,44 $;584,32 $;584,32 $;0,00 $;5,68 $;-3546,92 $;0,00 $;100,00%;584,32 $;584,32 $;0,00 $;584,32 $;0,00 $;240,00;110,00 $;820,00 $;235,68 $;0,07%;
05/09/2019;1;7682,76 $;104,32 $;104,32 $;0,00 $;5,68 $;-3442,60 $;0,00 $;100,00%;104,32 $;104,32 $;0,00 $;104,32 $;0,00 $;210,00;240,00 $;435,00 $;330,68 $;0,07%;
09/09/2019;1;8302,08 $;619,32 $;619,32 $;0,00 $;5,68 $;-2823,28 $;0,00 $;100,00%;619,32 $;619,32 $;0,00 $;619,32 $;0,00 $;90,00;75,00 $;790,00 $;170,68 $;0,07%;
10/09/2019;1;8571,40 $;269,32 $;269,32 $;0,00 $;5,68 $;-2553,96 $;0,00 $;100,00%;269,32 $;269,32 $;0,00 $;269,32 $;0,00 $;240,00;125,00 $;1095,00 $;825,68 $;0,07%;
11/09/2019;1;8740,72 $;169,32 $;169,32 $;0,00 $;5,68 $;-2384,64 $;0,00 $;100,00%;169,32 $;169,32 $;0,00 $;169,32 $;0,00 $;240,00;125,00 $;560,00 $;390,68 $;0,07%;
12/09/2019;1;8290,04 $;-450,68 $;0,00 $;-450,68 $;5,68 $;-2835,32 $;-450,68 $;0,00%;-450,68 $;0,00 $;-450,68 $;0,00 $;-450,68 $;210,00;460,00 $;480,00 $;930,68 $;0,07%;
16/09/2019;1;8699,36 $;409,32 $;409,32 $;0,00 $;5,68 $;-2426,00 $;0,00 $;100,00%;409,32 $;409,32 $;0,00 $;409,32 $;0,00 $;150,00;55,00 $;450,00 $;40,68 $;0,07%;
17/09/2019;1;9338,68 $;639,32 $;639,32 $;0,00 $;5,68 $;-1786,68 $;0,00 $;100,00%;639,32 $;639,32 $;0,00 $;639,32 $;0,00 $;210,00;165,00 $;790,00 $;150,68 $;0,07%;
19/09/2019;1;9003,00 $;-335,68 $;0,00 $;-335,68 $;5,68 $;-2122,36 $;-335,68 $;0,00%;-335,68 $;0,00 $;-335,68 $;0,00 $;-335,68 $;30,00;405,00 $;5,00 $;340,68 $;0,07%;
20/09/2019;1;7757,32 $;-1245,68 $;0,00 $;-1245,68 $;5,68 $;-3368,04 $;-1245,68 $;0,00%;-1245,68 $;0,00 $;-1245,68 $;0,00 $;-1245,68 $;210,00;1665,00 $;15,00 $;1260,68 $;0,07%;
23/09/2019;2;8425,96 $;668,64 $;668,64 $;0,00 $;11,36 $;-3043,72 $;0,00 $;100,00%;334,32 $;334,32 $;0,00 $;344,32 $;0,00 $;240,00;7,50 $;430,00 $;95,68 $;0,14%;
24/09/2019;2;6289,60 $;-2136,36 $;0,00 $;-2136,36 $;11,36 $;-4835,76 $;-2136,36 $;0,00%;-1068,18 $;0,00 $;-1068,18 $;0,00 $;-2100,68 $;270,00;1322,50 $;17,50 $;1085,68 $;0,14%;
27/09/2019;1;6678,92 $;389,32 $;389,32 $;0,00 $;5,68 $;-4446,44 $;0,00 $;100,00%;389,32 $;389,32 $;0,00 $;389,32 $;0,00 $;150,00;1130,00 $;395,00 $;5,68 $;0,07%;
30/09/2019;1;6823,24 $;144,32 $;144,32 $;0,00 $;5,68 $;-4302,12 $;0,00 $;100,00%;144,32 $;144,32 $;0,00 $;144,32 $;0,00 $;240,00;160,00 $;530,00 $;385,68 $;0,07%;
01/10/2019;1;6112,56 $;-710,68 $;0,00 $;-710,68 $;5,68 $;-5012,80 $;-710,68 $;0,00%;-710,68 $;0,00 $;-710,68 $;0,00 $;-710,68 $;240,00;1340,00 $;60,00 $;770,68 $;0,07%;
02/10/2019;1;6296,88 $;184,32 $;184,32 $;0,00 $;5,68 $;-4828,48 $;0,00 $;100,00%;184,32 $;184,32 $;0,00 $;184,32 $;0,00 $;240,00;765,00 $;550,00 $;365,68 $;0,07%;
03/10/2019;1;6956,20 $;659,32 $;659,32 $;0,00 $;5,68 $;-4169,16 $;0,00 $;100,00%;659,32 $;659,32 $;0,00 $;659,32 $;0,00 $;240,00;360,00 $;1095,00 $;435,68 $;0,07%;
04/10/2019;1;7550,52 $;594,32 $;594,32 $;0,00 $;5,68 $;-3574,84 $;0,00 $;100,00%;594,32 $;594,32 $;0,00 $;594,32 $;0,00 $;240,00;25,00 $;735,00 $;140,68 $;0,07%;
07/10/2019;1;6989,84 $;-560,68 $;0,00 $;-560,68 $;5,68 $;-4135,52 $;-560,68 $;0,00%;-560,68 $;0,00 $;-560,68 $;0,00 $;-560,68 $;210,00;770,00 $;610,00 $;1170,68 $;0,07%;
08/10/2019;1;7064,16 $;74,32 $;74,32 $;0,00 $;5,68 $;-4061,20 $;0,00 $;100,00%;74,32 $;74,32 $;0,00 $;74,32 $;0,00 $;0,00;120,00 $;120,00 $;45,68 $;0,07%;
09/10/2019;1;6938,48 $;-125,68 $;0,00 $;-125,68 $;5,68 $;-4186,88 $;-125,68 $;0,00%;-125,68 $;0,00 $;-125,68 $;0,00 $;-125,68 $;90,00;405,00 $;460,00 $;585,68 $;0,07%;
11/10/2019;1;6362,80 $;-575,68 $;0,00 $;-575,68 $;5,68 $;-4762,56 $;-575,68 $;0,00%;-575,68 $;0,00 $;-575,68 $;0,00 $;-575,68 $;150,00;1020,00 $;630,00 $;1205,68 $;0,07%;
16/10/2019;1;6832,12 $;469,32 $;469,32 $;0,00 $;5,68 $;-4293,24 $;0,00 $;100,00%;469,32 $;469,32 $;0,00 $;469,32 $;0,00 $;210,00;255,00 $;475,00 $;5,68 $;0,07%;
17/10/2019;1;6936,44 $;104,32 $;104,32 $;0,00 $;5,68 $;-4188,92 $;0,00 $;100,00%;104,32 $;104,32 $;0,00 $;104,32 $;0,00 $;240,00;520,00 $;265,00 $;160,68 $;0,07%;
18/10/2019;1;6695,76 $;-240,68 $;0,00 $;-240,68 $;5,68 $;-4429,60 $;-240,68 $;0,00%;-240,68 $;0,00 $;-240,68 $;0,00 $;-240,68 $;240,00;1490,00 $;120,00 $;360,68 $;0,07%;
22/10/2019;2;5814,40 $;-881,36 $;0,00 $;-881,36 $;11,36 $;-5310,96 $;-881,36 $;0,00%;-440,68 $;0,00 $;-440,68 $;0,00 $;-615,68 $;270,00;602,50 $;110,00 $;550,68 $;0,14%;
23/10/2019;1;6483,72 $;669,32 $;669,32 $;0,00 $;5,68 $;-4641,64 $;0,00 $;100,00%;669,32 $;669,32 $;0,00 $;669,32 $;0,00 $;30,00;65,00 $;695,00 $;25,68 $;0,07%;
24/10/2019;1;6508,04 $;24,32 $;24,32 $;0,00 $;5,68 $;-4617,32 $;0,00 $;100,00%;24,32 $;24,32 $;0,00 $;24,32 $;0,00 $;240,00;460,00 $;300,00 $;275,68 $;0,07%;
28/10/2019;1;6652,36 $;144,32 $;144,32 $;0,00 $;5,68 $;-4473,00 $;0,00 $;100,00%;144,32 $;144,32 $;0,00 $;144,32 $;0,00 $;0,00;55,00 $;220,00 $;75,68 $;0,07%;
29/10/2019;1;6481,68 $;-170,68 $;0,00 $;-170,68 $;5,68 $;-4643,68 $;-170,68 $;0,00%;-170,68 $;0,00 $;-170,68 $;0,00 $;-170,68 $;240,00;390,00 $;320,00 $;490,68 $;0,07%;
30/10/2019;2;7410,32 $;928,64 $;928,64 $;0,00 $;11,36 $;-3829,36 $;0,00 $;100,00%;464,32 $;464,32 $;0,00 $;814,32 $;0,00 $;240,00;290,00 $;820,00 $;355,68 $;0,14%;
31/10/2019;1;7179,64 $;-230,68 $;0,00 $;-230,68 $;5,68 $;-3945,72 $;-230,68 $;0,00%;-230,68 $;0,00 $;-230,68 $;0,00 $;-230,68 $;240,00;590,00 $;245,00 $;475,68 $;0,07%;
01/11/2019;1;7288,96 $;109,32 $;109,32 $;0,00 $;5,68 $;-3836,40 $;0,00 $;100,00%;109,32 $;109,32 $;0,00 $;109,32 $;0,00 $;240,00;500,00 $;195,00 $;85,68 $;0,07%;
06/11/2019;1;7723,28 $;434,32 $;434,32 $;0,00 $;5,68 $;-3402,08 $;0,00 $;100,00%;434,32 $;434,32 $;0,00 $;434,32 $;0,00 $;150,00;75,00 $;470,00 $;35,68 $;0,07%;
07/11/2019;1;7187,60 $;-535,68 $;0,00 $;-535,68 $;5,68 $;-3937,76 $;-535,68 $;0,00%;-535,68 $;0,00 $;-535,68 $;0,00 $;-535,68 $;90,00;1075,00 $;10,00 $;545,68 $;0,07%;
08/11/2019;1;7636,92 $;449,32 $;449,32 $;0,00 $;5,68 $;-3488,44 $;0,00 $;100,00%;449,32 $;449,32 $;0,00 $;449,32 $;0,00 $;240,00;20,00 $;465,00 $;15,68 $;0,07%;
11/11/2019;1;7726,24 $;89,32 $;89,32 $;0,00 $;5,68 $;-3399,12 $;0,00 $;100,00%;89,32 $;89,32 $;0,00 $;89,32 $;0,00 $;90,00;185,00 $;110,00 $;20,68 $;0,07%;
12/11/2019;1;7510,56 $;-215,68 $;0,00 $;-215,68 $;5,68 $;-3614,80 $;-215,68 $;0,00%;-215,68 $;0,00 $;-215,68 $;0,00 $;-215,68 $;210,00;830,00 $;155,00 $;370,68 $;0,07%;
13/11/2019;1;7654,88 $;144,32 $;144,32 $;0,00 $;5,68 $;-3470,48 $;0,00 $;100,00%;144,32 $;144,32 $;0,00 $;144,32 $;0,00 $;240,00;415,00 $;425,00 $;280,68 $;0,07%;
14/11/2019;1;8229,20 $;574,32 $;574,32 $;0,00 $;5,68 $;-2896,16 $;0,00 $;100,00%;574,32 $;574,32 $;0,00 $;574,32 $;0,00 $;210,00;120,00 $;670,00 $;95,68 $;0,07%;
18/11/2019;1;8648,52 $;419,32 $;419,32 $;0,00 $;5,68 $;-2476,84 $;0,00 $;100,00%;419,32 $;419,32 $;0,00 $;419,32 $;0,00 $;240,00;35,00 $;680,00 $;260,68 $;0,07%;
19/11/2019;1;8782,84 $;134,32 $;134,32 $;0,00 $;5,68 $;-2342,52 $;0,00 $;100,00%;134,32 $;134,32 $;0,00 $;134,32 $;0,00 $;240,00;35,00 $;490,00 $;355,68 $;0,07%;
20/11/2019;1;9052,16 $;269,32 $;269,32 $;0,00 $;5,68 $;-2073,20 $;0,00 $;100,00%;269,32 $;269,32 $;0,00 $;269,32 $;0,00 $;90,00;225,00 $;405,00 $;135,68 $;0,07%;
21/11/2019;1;9316,48 $;264,32 $;264,32 $;0,00 $;5,68 $;-1808,88 $;0,00 $;100,00%;264,32 $;264,32 $;0,00 $;264,32 $;0,00 $;240,00;365,00 $;480,00 $;215,68 $;0,07%;
25/11/2019;1;9435,80 $;119,32 $;119,32 $;0,00 $;5,68 $;-1689,56 $;0,00 $;100,00%;119,32 $;119,32 $;0,00 $;119,32 $;0,00 $;240,00;115,00 $;130,00 $;10,68 $;0,07%;
27/11/2019;1;9700,12 $;264,32 $;264,32 $;0,00 $;5,68 $;-1425,24 $;0,00 $;100,00%;264,32 $;264,32 $;0,00 $;264,32 $;0,00 $;240,00;65,00 $;305,00 $;40,68 $;0,07%;
29/11/2019;1;9614,44 $;-85,68 $;0,00 $;-85,68 $;5,68 $;-1510,92 $;-85,68 $;0,00%;-85,68 $;0,00 $;-85,68 $;0,00 $;-85,68 $;45,00;400,00 $;60,00 $;145,68 $;0,07%;
02/12/2019;2;9928,08 $;313,64 $;434,32 $;-120,68 $;11,36 $;-1197,28 $;-120,68 $;50,00%;156,82 $;434,32 $;-120,68 $;434,32 $;-120,68 $;330,00;405,00 $;402,50 $;245,68 $;0,14%;
03/12/2019;1;11107,40 $;1179,32 $;1179,32 $;0,00 $;5,68 $;-17,96 $;0,00 $;100,00%;1179,32 $;1179,32 $;0,00 $;1179,32 $;0,00 $;240,00;105,00 $;1215,00 $;35,68 $;0,07%;
05/12/2019;1;11466,72 $;359,32 $;359,32 $;0,00 $;5,68 $;0,00 $;0,00 $;100,00%;359,32 $;359,32 $;0,00 $;359,32 $;0,00 $;240,00;225,00 $;380,00 $;20,68 $;0,07%;
06/12/2019;1;11571,04 $;104,32 $;104,32 $;0,00 $;5,68 $;0,00 $;0,00 $;100,00%;104,32 $;104,32 $;0,00 $;104,32 $;0,00 $;240,00;95,00 $;240,00 $;135,68 $;0,07%;
10/12/2019;1;11135,36 $;-435,68 $;0,00 $;-435,68 $;5,68 $;-435,68 $;-435,68 $;0,00%;-435,68 $;0,00 $;-435,68 $;0,00 $;-435,68 $;240,00;525,00 $;110,00 $;545,68 $;0,07%;
11/12/2019;1;11699,68 $;564,32 $;564,32 $;0,00 $;5,68 $;0,00 $;0,00 $;100,00%;564,32 $;564,32 $;0,00 $;564,32 $;0,00 $;210,00;115,00 $;680,00 $;115,68 $;0,07%;
12/12/2019;1;12304,00 $;604,32 $;604,32 $;0,00 $;5,68 $;0,00 $;0,00 $;100,00%;604,32 $;604,32 $;0,00 $;604,32 $;0,00 $;150,00;455,00 $;770,00 $;165,68 $;0,07%;
13/12/2019;1;12273,32 $;-30,68 $;0,00 $;-30,68 $;5,68 $;-30,68 $;-30,68 $;0,00%;-30,68 $;0,00 $;-30,68 $;0,00 $;-30,68 $;210,00;150,00 $;200,00 $;230,68 $;0,07%;
17/12/2019;1;12147,64 $;-125,68 $;0,00 $;-125,68 $;5,68 $;-156,36 $;-125,68 $;0,00%;-125,68 $;0,00 $;-125,68 $;0,00 $;-125,68 $;210,00;190,00 $;45,00 $;170,68 $;0,07%;
18/12/2019;1;12021,96 $;-125,68 $;0,00 $;-125,68 $;5,68 $;-282,04 $;-125,68 $;0,00%;-125,68 $;0,00 $;-125,68 $;0,00 $;-125,68 $;240,00;170,00 $;125,00 $;250,68 $;0,07%;
19/12/2019;1;12191,28 $;169,32 $;169,32 $;0,00 $;5,68 $;-112,72 $;0,00 $;100,00%;169,32 $;169,32 $;0,00 $;169,32 $;0,00 $;240,00;70,00 $;285,00 $;115,68 $;0,07%;
24/12/2019;1;12310,60 $;119,32 $;119,32 $;0,00 $;5,68 $;0,00 $;0,00 $;100,00%;119,32 $;119,32 $;0,00 $;119,32 $;0,00 $;45,00;65,00 $;155,00 $;35,68 $;0,07%;
26/12/2019;1;12824,92 $;514,32 $;514,32 $;0,00 $;5,68 $;0,00 $;0,00 $;100,00%;514,32 $;514,32 $;0,00 $;514,32 $;0,00 $;240,00;25,00 $;610,00 $;95,68 $;0,07%;
27/12/2019;1;12429,24 $;-395,68 $;0,00 $;-395,68 $;5,68 $;-395,68 $;-395,68 $;0,00%;-395,68 $;0,00 $;-395,68 $;0,00 $;-395,68 $;240,00;570,00 $;95,00 $;490,68 $;0,07%;
30/12/2019;1;12563,56 $;134,32 $;134,32 $;0,00 $;5,68 $;-261,36 $;0,00 $;100,00%;134,32 $;134,32 $;0,00 $;134,32 $;0,00 $;240,00;115,00 $;455,00 $;320,68 $;0,07%;
02/01/2020;1;13317,88 $;754,32 $;754,32 $;0,00 $;5,68 $;0,00 $;0,00 $;100,00%;754,32 $;754,32 $;0,00 $;754,32 $;0,00 $;240,00;450,00 $;815,00 $;60,68 $;0,07%;
03/01/2020;1;13437,20 $;119,32 $;119,32 $;0,00 $;5,68 $;0,00 $;0,00 $;100,00%;119,32 $;119,32 $;0,00 $;119,32 $;0,00 $;240,00;130,00 $;800,00 $;680,68 $;0,07%;
07/01/2020;1;12726,52 $;-710,68 $;0,00 $;-710,68 $;5,68 $;-710,68 $;-710,68 $;0,00%;-710,68 $;0,00 $;-710,68 $;0,00 $;-710,68 $;150,00;1075,00 $;110,00 $;820,68 $;0,07%;
08/01/2020;1;13885,84 $;1159,32 $;1159,32 $;0,00 $;5,68 $;0,00 $;0,00 $;100,00%;1159,32 $;1159,32 $;0,00 $;1159,32 $;0,00 $;240,00;550,00 $;1280,00 $;120,68 $;0,07%;
10/01/2020;1;13345,16 $;-540,68 $;0,00 $;-540,68 $;5,68 $;-540,68 $;-540,68 $;0,00%;-540,68 $;0,00 $;-540,68 $;0,00 $;-540,68 $;210,00;805,00 $;260,00 $;800,68 $;0,07%;
13/01/2020;1;13839,48 $;494,32 $;494,32 $;0,00 $;5,68 $;-46,36 $;0,00 $;100,00%;494,32 $;494,32 $;0,00 $;494,32 $;0,00 $;210,00;65,00 $;520,00 $;25,68 $;0,07%;
14/01/2020;1;14198,80 $;359,32 $;359,32 $;0,00 $;5,68 $;0,00 $;0,00 $;100,00%;359,32 $;359,32 $;0,00 $;359,32 $;0,00 $;30,00;160,00 $;390,00 $;30,68 $;0,07%;
17/01/2020;1;14638,12 $;439,32 $;439,32 $;0,00 $;5,68 $;0,00 $;0,00 $;100,00%;439,32 $;439,32 $;0,00 $;439,32 $;0,00 $;240,00;15,00 $;500,00 $;60,68 $;0,07%;
20/01/2020;1;14707,44 $;69,32 $;69,32 $;0,00 $;5,68 $;0,00 $;0,00 $;100,00%;69,32 $;69,32 $;0,00 $;69,32 $;0,00 $;30,00;15,00 $;100,00 $;30,68 $;0,07%;
21/01/2020;1;14611,76 $;-95,68 $;0,00 $;-95,68 $;5,68 $;-95,68 $;-95,68 $;0,00%;-95,68 $;0,00 $;-95,68 $;0,00 $;-95,68 $;240,00;750,00 $;205,00 $;300,68 $;0,07%;
22/01/2020;1;14061,08 $;-550,68 $;0,00 $;-550,68 $;5,68 $;-646,36 $;-550,68 $;0,00%;-550,68 $;0,00 $;-550,68 $;0,00 $;-550,68 $;210,00;695,00 $;450,00 $;1000,68 $;0,07%;
23/01/2020;1;15045,40 $;984,32 $;984,32 $;0,00 $;5,68 $;0,00 $;0,00 $;100,00%;984,32 $;984,32 $;0,00 $;984,32 $;0,00 $;240,00;25,00 $;1045,00 $;60,68 $;0,07%;
24/01/2020;1;13679,72 $;-1365,68 $;0,00 $;-1365,68 $;5,68 $;-1365,68 $;-1365,68 $;0,00%;-1365,68 $;0,00 $;-1365,68 $;0,00 $;-1365,68 $;240,00;2385,00 $;65,00 $;1430,68 $;0,07%;
29/01/2020;2;14188,36 $;508,64 $;508,64 $;0,00 $;11,36 $;-1096,36 $;0,00 $;100,00%;254,32 $;254,32 $;0,00 $;269,32 $;0,00 $;240,00;267,50 $;492,50 $;238,18 $;0,14%;
30/01/2020;1;17437,68 $;3249,32 $;3249,32 $;0,00 $;5,68 $;0,00 $;0,00 $;100,00%;3249,32 $;3249,32 $;0,00 $;3249,32 $;0,00 $;210,00;480,00 $;3345,00 $;95,68 $;0,07%;
31/01/2020;1;16712,00 $;-725,68 $;0,00 $;-725,68 $;5,68 $;-725,68 $;-725,68 $;0,00%;-725,68 $;0,00 $;-725,68 $;0,00 $;-725,68 $;240,00;720,00 $;885,00 $;1610,68 $;0,07%;
03/02/2020;1;16291,32 $;-420,68 $;0,00 $;-420,68 $;5,68 $;-1146,36 $;-420,68 $;0,00%;-420,68 $;0,00 $;-420,68 $;0,00 $;-420,68 $;210,00;860,00 $;355,00 $;775,68 $;0,07%;
05/02/2020;1;16725,64 $;434,32 $;434,32 $;0,00 $;5,68 $;-712,04 $;0,00 $;100,00%;434,32 $;434,32 $;0,00 $;434,32 $;0,00 $;240,00;580,00 $;900,00 $;465,68 $;0,07%;
07/02/2020;1;15759,96 $;-965,68 $;0,00 $;-965,68 $;5,68 $;-1677,72 $;-965,68 $;0,00%;-965,68 $;0,00 $;-965,68 $;0,00 $;-965,68 $;240,00;1300,00 $;250,00 $;1215,68 $;0,07%;
11/02/2020;1;14924,28 $;-835,68 $;0,00 $;-835,68 $;5,68 $;-2513,40 $;-835,68 $;0,00%;-835,68 $;0,00 $;-835,68 $;0,00 $;-835,68 $;210,00;1330,00 $;485,00 $;1320,68 $;0,07%;
12/02/2020;1;15203,60 $;279,32 $;279,32 $;0,00 $;5,68 $;-2234,08 $;0,00 $;100,00%;279,32 $;279,32 $;0,00 $;279,32 $;0,00 $;210,00;255,00 $;385,00 $;105,68 $;0,07%;
13/02/2020;1;15137,92 $;-65,68 $;0,00 $;-65,68 $;5,68 $;-2299,76 $;-65,68 $;0,00%;-65,68 $;0,00 $;-65,68 $;0,00 $;-65,68 $;240,00;370,00 $;530,00 $;595,68 $;0,07%;
14/02/2020;1;14617,24 $;-520,68 $;0,00 $;-520,68 $;5,68 $;-2820,44 $;-520,68 $;0,00%;-520,68 $;0,00 $;-520,68 $;0,00 $;-520,68 $;240,00;870,00 $;45,00 $;565,68 $;0,07%;
18/02/2020;1;15646,56 $;1029,32 $;1029,32 $;0,00 $;5,68 $;-1791,12 $;0,00 $;100,00%;1029,32 $;1029,32 $;0,00 $;1029,32 $;0,00 $;240,00;260,00 $;1265,00 $;235,68 $;0,07%;
19/02/2020;1;15685,88 $;39,32 $;39,32 $;0,00 $;5,68 $;-1751,80 $;0,00 $;100,00%;39,32 $;39,32 $;0,00 $;39,32 $;0,00 $;0,00;45,00 $;50,00 $;10,68 $;0,07%;
20/02/2020;1;16030,20 $;344,32 $;344,32 $;0,00 $;5,68 $;-1407,48 $;0,00 $;100,00%;344,32 $;344,32 $;0,00 $;344,32 $;0,00 $;240,00;1765,00 $;695,00 $;350,68 $;0,07%;
21/02/2020;1;14159,52 $;-1870,68 $;0,00 $;-1870,68 $;5,68 $;-3278,16 $;-1870,68 $;0,00%;-1870,68 $;0,00 $;-1870,68 $;0,00 $;-1870,68 $;240,00;2155,00 $;350,00 $;2220,68 $;0,07%;
24/02/2020;1;14318,84 $;159,32 $;159,32 $;0,00 $;5,68 $;-3118,84 $;0,00 $;100,00%;159,32 $;159,32 $;0,00 $;159,32 $;0,00 $;240,00;1780,00 $;1020,00 $;860,68 $;0,07%;
25/02/2020;1;11768,16 $;-2550,68 $;0,00 $;-2550,68 $;5,68 $;-5669,52 $;-2550,68 $;0,00%;-2550,68 $;0,00 $;-2550,68 $;0,00 $;-2550,68 $;240,00;3295,00 $;1230,00 $;3780,68 $;0,07%;
26/02/2020;1;9662,48 $;-2105,68 $;0,00 $;-2105,68 $;5,68 $;-7775,20 $;-2105,68 $;0,00%;-2105,68 $;0,00 $;-2105,68 $;0,00 $;-2105,68 $;150,00;2320,00 $;110,00 $;2215,68 $;0,07%;
27/02/2020;1;7776,80 $;-1885,68 $;0,00 $;-1885,68 $;5,68 $;-9660,88 $;-1885,68 $;0,00%;-1885,68 $;0,00 $;-1885,68 $;0,00 $;-1885,68 $;240,00;1920,00 $;2755,00 $;4640,68 $;0,07%;
28/02/2020;2;6940,44 $;-836,36 $;849,32 $;-1685,68 $;11,36 $;-11346,56 $;-1685,68 $;50,00%;-418,18 $;849,32 $;-1685,68 $;849,32 $;-1685,68 $;270,00;1245,00 $;2267,50 $;2685,68 $;0,14%;
02/03/2020;1;7869,76 $;929,32 $;929,32 $;0,00 $;5,68 $;-9567,92 $;0,00 $;100,00%;929,32 $;929,32 $;0,00 $;929,32 $;0,00 $;240,00;1680,00 $;1580,00 $;650,68 $;0,07%;
03/03/2020;1;7484,08 $;-385,68 $;0,00 $;-385,68 $;5,68 $;-9953,60 $;-385,68 $;0,00%;-385,68 $;0,00 $;-385,68 $;0,00 $;-385,68 $;240,00;4155,00 $;2890,00 $;3275,68 $;0,07%;
05/03/2020;1;5613,40 $;-1870,68 $;0,00 $;-1870,68 $;5,68 $;-11824,28 $;-1870,68 $;0,00%;-1870,68 $;0,00 $;-1870,68 $;0,00 $;-1870,68 $;210,00;2745,00 $;365,00 $;2235,68 $;0,07%;
06/03/2020;1;7872,72 $;2259,32 $;2259,32 $;0,00 $;5,68 $;-9564,96 $;0,00 $;100,00%;2259,32 $;2259,32 $;0,00 $;2259,32 $;0,00 $;210,00;1485,00 $;3600,00 $;1340,68 $;0,07%;
10/03/2020;1;13157,04 $;5284,32 $;5284,32 $;0,00 $;5,68 $;-4280,64 $;0,00 $;100,00%;5284,32 $;5284,32 $;0,00 $;5284,32 $;0,00 $;210,00;1125,00 $;6235,00 $;950,68 $;0,07%;
12/03/2020;1;9501,36 $;-3655,68 $;0,00 $;-3655,68 $;5,68 $;-7936,32 $;-3655,68 $;0,00%;-3655,68 $;0,00 $;-3655,68 $;0,00 $;-3655,68 $;30,00;4320,00 $;2420,00 $;6075,68 $;0,07%;
16/03/2020;1;3670,68 $;-5830,68 $;0,00 $;-5830,68 $;5,68 $;-13767,00 $;-5830,68 $;0,00%;-5830,68 $;0,00 $;-5830,68 $;0,00 $;-5830,68 $;150,00;8345,00 $;1310,00 $;7140,68 $;0,07%;
18/03/2020;1;10380,00 $;6709,32 $;6709,32 $;0,00 $;5,68 $;-7057,68 $;0,00 $;100,00%;6709,32 $;6709,32 $;0,00 $;6709,32 $;0,00 $;30,00;465,00 $;7155,00 $;445,68 $;0,07%;
23/03/2020;1;9839,32 $;-540,68 $;0,00 $;-540,68 $;5,68 $;-7598,36 $;-540,68 $;0,00%;-540,68 $;0,00 $;-540,68 $;0,00 $;-540,68 $;240,00;5065,00 $;2580,00 $;3120,68 $;0,07%;
25/03/2020;1;5973,64 $;-3865,68 $;0,00 $;-3865,68 $;5,68 $;-11464,04 $;-3865,68 $;0,00%;-3865,68 $;0,00 $;-3865,68 $;0,00 $;-3865,68 $;90,00;4800,00 $;825,00 $;4690,68 $;0,07%;
26/03/2020;1;8062,96 $;2089,32 $;2089,32 $;0,00 $;5,68 $;-9374,72 $;0,00 $;100,00%;2089,32 $;2089,32 $;0,00 $;2089,32 $;0,00 $;210,00;1760,00 $;3170,00 $;1080,68 $;0,07%;
27/03/2020;2;10326,60 $;2263,64 $;2479,32 $;-215,68 $;11,36 $;-7111,08 $;-215,68 $;50,00%;1131,82 $;2479,32 $;-215,68 $;2479,32 $;-215,68 $;270,00;870,00 $;1550,00 $;418,18 $;0,14%;
30/03/2020;1;10365,92 $;39,32 $;39,32 $;0,00 $;5,68 $;-7071,76 $;0,00 $;100,00%;39,32 $;39,32 $;0,00 $;39,32 $;0,00 $;240,00;1030,00 $;965,00 $;925,68 $;0,07%;
31/03/2020;1;6375,24 $;-3990,68 $;0,00 $;-3990,68 $;5,68 $;-11062,44 $;-3990,68 $;0,00%;-3990,68 $;0,00 $;-3990,68 $;0,00 $;-3990,68 $;240,00;4205,00 $;235,00 $;4225,68 $;0,07%;
01/04/2020;1;2584,56 $;-3790,68 $;0,00 $;-3790,68 $;5,68 $;-14853,12 $;-3790,68 $;0,00%;-3790,68 $;0,00 $;-3790,68 $;0,00 $;-3790,68 $;240,00;3805,00 $;205,00 $;3995,68 $;0,07%;
03/04/2020;1;3333,88 $;749,32 $;749,32 $;0,00 $;5,68 $;-14103,80 $;0,00 $;100,00%;749,32 $;749,32 $;0,00 $;749,32 $;0,00 $;210,00;1210,00 $;1170,00 $;420,68 $;0,07%;
06/04/2020;1;5578,20 $;2244,32 $;2244,32 $;0,00 $;5,68 $;-11859,48 $;0,00 $;100,00%;2244,32 $;2244,32 $;0,00 $;2244,32 $;0,00 $;210,00;245,00 $;3490,00 $;1245,68 $;0,07%;
07/04/2020;1;4077,52 $;-1500,68 $;0,00 $;-1500,68 $;5,68 $;-13360,16 $;-1500,68 $;0,00%;-1500,68 $;0,00 $;-1500,68 $;0,00 $;-1500,68 $;240,00;2205,00 $;2010,00 $;3510,68 $;0,07%;
08/04/2020;1;4916,84 $;839,32 $;839,32 $;0,00 $;5,68 $;-12520,84 $;0,00 $;100,00%;839,32 $;839,32 $;0,00 $;839,32 $;0,00 $;240,00;945,00 $;1180,00 $;340,68 $;0,07%;
09/04/2020;1;4801,16 $;-115,68 $;0,00 $;-115,68 $;5,68 $;-12636,52 $;-115,68 $;0,00%;-115,68 $;0,00 $;-115,68 $;0,00 $;-115,68 $;240,00;1090,00 $;1530,00 $;1645,68 $;0,07%;
13/04/2020;1;6370,48 $;1569,32 $;1569,32 $;0,00 $;5,68 $;-11067,20 $;0,00 $;100,00%;1569,32 $;1569,32 $;0,00 $;1569,32 $;0,00 $;240,00;385,00 $;1615,00 $;45,68 $;0,07%;
14/04/2020;1;8594,80 $;2224,32 $;2224,32 $;0,00 $;5,68 $;-8842,88 $;0,00 $;100,00%;2224,32 $;2224,32 $;0,00 $;2224,32 $;0,00 $;240,00;5,00 $;2660,00 $;435,68 $;0,07%;
15/04/2020;1;9684,12 $;1089,32 $;1089,32 $;0,00 $;5,68 $;-7753,56 $;0,00 $;100,00%;1089,32 $;1089,32 $;0,00 $;1089,32 $;0,00 $;240,00;615,00 $;2150,00 $;1060,68 $;0,07%;
16/04/2020;1;8763,44 $;-920,68 $;0,00 $;-920,68 $;5,68 $;-8674,24 $;-920,68 $;0,00%;-920,68 $;0,00 $;-920,68 $;0,00 $;-920,68 $;240,00;2990,00 $;615,00 $;1535,68 $;0,07%;
20/04/2020;1;6432,76 $;-2330,68 $;0,00 $;-2330,68 $;5,68 $;-11004,92 $;-2330,68 $;0,00%;-2330,68 $;0,00 $;-2330,68 $;0,00 $;-2330,68 $;210,00;2550,00 $;435,00 $;2765,68 $;0,07%;
21/04/2020;1;7977,08 $;1544,32 $;1544,32 $;0,00 $;5,68 $;-9460,60 $;0,00 $;100,00%;1544,32 $;1544,32 $;0,00 $;1544,32 $;0,00 $;240,00;525,00 $;2970,00 $;1425,68 $;0,07%;
23/04/2020;1;4766,40 $;-3210,68 $;0,00 $;-3210,68 $;5,68 $;-12671,28 $;-3210,68 $;0,00%;-3210,68 $;0,00 $;-3210,68 $;0,00 $;-3210,68 $;210,00;3345,00 $;70,00 $;3280,68 $;0,07%;
27/04/2020;1;4640,72 $;-125,68 $;0,00 $;-125,68 $;5,68 $;-12796,96 $;-125,68 $;0,00%;-125,68 $;0,00 $;-125,68 $;0,00 $;-125,68 $;210,00;820,00 $;460,00 $;585,68 $;0,07%;
29/04/2020;1;6785,04 $;2144,32 $;2144,32 $;0,00 $;5,68 $;-10652,64 $;0,00 $;100,00%;2144,32 $;2144,32 $;0,00 $;2144,32 $;0,00 $;210,00;565,00 $;2150,00 $;5,68 $;0,07%;
30/04/2020;1;6764,36 $;-20,68 $;0,00 $;-20,68 $;5,68 $;-10673,32 $;-20,68 $;0,00%;-20,68 $;0,00 $;-20,68 $;0,00 $;-20,68 $;240,00;1300,00 $;265,00 $;285,68 $;0,07%;
01/05/2020;1;6943,68 $;179,32 $;179,32 $;0,00 $;5,68 $;-10494,00 $;0,00 $;100,00%;179,32 $;179,32 $;0,00 $;179,32 $;0,00 $;210,00;690,00 $;975,00 $;795,68 $;0,07%;
04/05/2020;1;7633,00 $;689,32 $;689,32 $;0,00 $;5,68 $;-9804,68 $;0,00 $;100,00%;689,32 $;689,32 $;0,00 $;689,32 $;0,00 $;210,00;1290,00 $;1295,00 $;605,68 $;0,07%;
05/05/2020;1;6537,32 $;-1095,68 $;0,00 $;-1095,68 $;5,68 $;-10900,36 $;-1095,68 $;0,00%;-1095,68 $;0,00 $;-1095,68 $;0,00 $;-1095,68 $;210,00;1840,00 $;865,00 $;1960,68 $;0,07%;
06/05/2020;1;6651,64 $;114,32 $;114,32 $;0,00 $;5,68 $;-10786,04 $;0,00 $;100,00%;114,32 $;114,32 $;0,00 $;114,32 $;0,00 $;240,00;515,00 $;795,00 $;680,68 $;0,07%;
07/05/2020;1;6615,96 $;-35,68 $;0,00 $;-35,68 $;5,68 $;-10821,72 $;-35,68 $;0,00%;-35,68 $;0,00 $;-35,68 $;0,00 $;-35,68 $;210,00;890,00 $;325,00 $;360,68 $;0,07%;
08/05/2020;1;6920,28 $;304,32 $;304,32 $;0,00 $;5,68 $;-10517,40 $;0,00 $;100,00%;304,32 $;304,32 $;0,00 $;304,32 $;0,00 $;240,00;550,00 $;805,00 $;500,68 $;0,07%;
11/05/2020;1;8229,60 $;1309,32 $;1309,32 $;0,00 $;5,68 $;-9208,08 $;0,00 $;100,00%;1309,32 $;1309,32 $;0,00 $;1309,32 $;0,00 $;240,00;445,00 $;1740,00 $;430,68 $;0,07%;
12/05/2020;1;6198,92 $;-2030,68 $;0,00 $;-2030,68 $;5,68 $;-11238,76 $;-2030,68 $;0,00%;-2030,68 $;0,00 $;-2030,68 $;0,00 $;-2030,68 $;240,00;2190,00 $;315,00 $;2345,68 $;0,07%;
13/05/2020;1;7073,24 $;874,32 $;874,32 $;0,00 $;5,68 $;-10364,44 $;0,00 $;100,00%;874,32 $;874,32 $;0,00 $;874,32 $;0,00 $;210,00;1500,00 $;1360,00 $;485,68 $;0,07%;
14/05/2020;1;9327,56 $;2254,32 $;2254,32 $;0,00 $;5,68 $;-8110,12 $;0,00 $;100,00%;2254,32 $;2254,32 $;0,00 $;2254,32 $;0,00 $;240,00;670,00 $;2375,00 $;120,68 $;0,07%;
18/05/2020;1;10306,88 $;979,32 $;979,32 $;0,00 $;5,68 $;-7130,80 $;0,00 $;100,00%;979,32 $;979,32 $;0,00 $;979,32 $;0,00 $;240,00;5,00 $;1450,00 $;470,68 $;0,07%;
19/05/2020;1;9796,20 $;-510,68 $;0,00 $;-510,68 $;5,68 $;-7641,48 $;-510,68 $;0,00%;-510,68 $;0,00 $;-510,68 $;0,00 $;-510,68 $;240,00;1160,00 $;320,00 $;830,68 $;0,07%;
20/05/2020;1;9585,52 $;-210,68 $;0,00 $;-210,68 $;5,68 $;-7852,16 $;-210,68 $;0,00%;-210,68 $;0,00 $;-210,68 $;0,00 $;-210,68 $;240,00;1185,00 $;155,00 $;365,68 $;0,07%;
21/05/2020;1;8334,84 $;-1250,68 $;0,00 $;-1250,68 $;5,68 $;-9102,84 $;-1250,68 $;0,00%;-1250,68 $;0,00 $;-1250,68 $;0,00 $;-1250,68 $;210,00;1315,00 $;210,00 $;1460,68 $;0,07%;
22/05/2020;1;9074,16 $;739,32 $;739,32 $;0,00 $;5,68 $;-8363,52 $;0,00 $;100,00%;739,32 $;739,32 $;0,00 $;739,32 $;0,00 $;210,00;5,00 $;965,00 $;225,68 $;0,07%;
26/05/2020;1;8178,48 $;-895,68 $;0,00 $;-895,68 $;5,68 $;-9259,20 $;-895,68 $;0,00%;-895,68 $;0,00 $;-895,68 $;0,00 $;-895,68 $;210,00;1575,00 $;695,00 $;1590,68 $;0,07%;
27/05/2020;1;11217,80 $;3039,32 $;3039,32 $;0,00 $;5,68 $;-6219,88 $;0,00 $;100,00%;3039,32 $;3039,32 $;0,00 $;3039,32 $;0,00 $;240,00;995,00 $;3190,00 $;150,68 $;0,07%;
28/05/2020;1;10797,12 $;-420,68 $;0,00 $;-420,68 $;5,68 $;-6640,56 $;-420,68 $;0,00%;-420,68 $;0,00 $;-420,68 $;0,00 $;-420,68 $;240,00;530,00 $;1560,00 $;1980,68 $;0,07%;
01/06/2020;1;11206,44 $;409,32 $;409,32 $;0,00 $;5,68 $;-6231,24 $;0,00 $;100,00%;409,32 $;409,32 $;0,00 $;409,32 $;0,00 $;240,00;625,00 $;780,00 $;370,68 $;0,07%;
02/06/2020;1;12920,76 $;1714,32 $;1714,32 $;0,00 $;5,68 $;-4516,92 $;0,00 $;100,00%;1714,32 $;1714,32 $;0,00 $;1714,32 $;0,00 $;210,00;125,00 $;1885,00 $;170,68 $;0,07%;
03/06/2020;1;13505,08 $;584,32 $;584,32 $;0,00 $;5,68 $;-3932,60 $;0,00 $;100,00%;584,32 $;584,32 $;0,00 $;584,32 $;0,00 $;240,00;845,00 $;630,00 $;45,68 $;0,07%;
04/06/2020;1;13814,40 $;309,32 $;309,32 $;0,00 $;5,68 $;-3623,28 $;0,00 $;100,00%;309,32 $;309,32 $;0,00 $;309,32 $;0,00 $;150,00;1130,00 $;845,00 $;535,68 $;0,07%;
05/06/2020;1;13493,72 $;-320,68 $;0,00 $;-320,68 $;5,68 $;-3943,96 $;-320,68 $;0,00%;-320,68 $;0,00 $;-320,68 $;0,00 $;-320,68 $;210,00;730,00 $;405,00 $;725,68 $;0,07%;
08/06/2020;1;14278,04 $;784,32 $;784,32 $;0,00 $;5,68 $;-3159,64 $;0,00 $;100,00%;784,32 $;784,32 $;0,00 $;784,32 $;0,00 $;240,00;540,00 $;1090,00 $;305,68 $;0,07%;
09/06/2020;1;14927,36 $;649,32 $;649,32 $;0,00 $;5,68 $;-2510,32 $;0,00 $;100,00%;649,32 $;649,32 $;0,00 $;649,32 $;0,00 $;240,00;500,00 $;850,00 $;200,68 $;0,07%;
10/06/2020;1;16736,68 $;1809,32 $;1809,32 $;0,00 $;5,68 $;-701,00 $;0,00 $;100,00%;1809,32 $;1809,32 $;0,00 $;1809,32 $;0,00 $;240,00;620,00 $;1885,00 $;75,68 $;0,07%;
11/06/2020;1;10946,00 $;-5790,68 $;0,00 $;-5790,68 $;5,68 $;-6491,68 $;-5790,68 $;0,00%;-5790,68 $;0,00 $;-5790,68 $;0,00 $;-5790,68 $;240,00;6130,00 $;85,00 $;5875,68 $;0,07%;
15/06/2020;1;13640,32 $;2694,32 $;2694,32 $;0,00 $;5,68 $;-3797,36 $;0,00 $;100,00%;2694,32 $;2694,32 $;0,00 $;2694,32 $;0,00 $;240,00;485,00 $;3820,00 $;1125,68 $;0,07%;
16/06/2020;1;14354,64 $;714,32 $;714,32 $;0,00 $;5,68 $;-3083,04 $;0,00 $;100,00%;714,32 $;714,32 $;0,00 $;714,32 $;0,00 $;210,00;1165,00 $;985,00 $;270,68 $;0,07%;
17/06/2020;2;14088,28 $;-266,36 $;109,32 $;-375,68 $;11,36 $;-3458,72 $;-375,68 $;50,00%;-133,18 $;109,32 $;-375,68 $;109,32 $;-375,68 $;270,00;370,00 $;707,50 $;840,68 $;0,14%;
18/06/2020;1;14212,60 $;124,32 $;124,32 $;0,00 $;5,68 $;-3225,08 $;0,00 $;100,00%;124,32 $;124,32 $;0,00 $;124,32 $;0,00 $;210,00;870,00 $;535,00 $;410,68 $;0,07%;
22/06/2020;1;14756,92 $;544,32 $;544,32 $;0,00 $;5,68 $;-2680,76 $;0,00 $;100,00%;544,32 $;544,32 $;0,00 $;544,32 $;0,00 $;240,00;185,00 $;1380,00 $;835,68 $;0,07%;
23/06/2020;1;13931,24 $;-825,68 $;0,00 $;-825,68 $;5,68 $;-3506,44 $;-825,68 $;0,00%;-825,68 $;0,00 $;-825,68 $;0,00 $;-825,68 $;240,00;880,00 $;865,00 $;1690,68 $;0,07%;
24/06/2020;1;14435,56 $;504,32 $;504,32 $;0,00 $;5,68 $;-3002,12 $;0,00 $;100,00%;504,32 $;504,32 $;0,00 $;504,32 $;0,00 $;150,00;1030,00 $;950,00 $;445,68 $;0,07%;
25/06/2020;1;15834,88 $;1399,32 $;1399,32 $;0,00 $;5,68 $;-1602,80 $;0,00 $;100,00%;1399,32 $;1399,32 $;0,00 $;1399,32 $;0,00 $;240,00;800,00 $;1610,00 $;210,68 $;0,07%;
26/06/2020;1;13969,20 $;-1865,68 $;0,00 $;-1865,68 $;5,68 $;-3468,48 $;-1865,68 $;0,00%;-1865,68 $;0,00 $;-1865,68 $;0,00 $;-1865,68 $;150,00;2270,00 $;285,00 $;2150,68 $;0,07%;
02/07/2020;1;14693,52 $;724,32 $;724,32 $;0,00 $;5,68 $;-2744,16 $;0,00 $;100,00%;724,32 $;724,32 $;0,00 $;724,32 $;0,00 $;240,00;70,00 $;1320,00 $;595,68 $;0,07%;
06/07/2020;1;15337,84 $;644,32 $;644,32 $;0,00 $;5,68 $;-2099,84 $;0,00 $;100,00%;644,32 $;644,32 $;0,00 $;644,32 $;0,00 $;210,00;990,00 $;710,00 $;65,68 $;0,07%;
07/07/2020;1;12977,16 $;-2360,68 $;0,00 $;-2360,68 $;5,68 $;-4460,52 $;-2360,68 $;0,00%;-2360,68 $;0,00 $;-2360,68 $;0,00 $;-2360,68 $;240,00;2810,00 $;75,00 $;2435,68 $;0,07%;
08/07/2020;1;14646,48 $;1669,32 $;1669,32 $;0,00 $;5,68 $;-2791,20 $;0,00 $;100,00%;1669,32 $;1669,32 $;0,00 $;1669,32 $;0,00 $;240,00;105,00 $;1940,00 $;270,68 $;0,07%;
09/07/2020;1;16815,80 $;2169,32 $;2169,32 $;0,00 $;5,68 $;-621,88 $;0,00 $;100,00%;2169,32 $;2169,32 $;0,00 $;2169,32 $;0,00 $;240,00;465,00 $;3395,00 $;1225,68 $;0,07%;
10/07/2020;1;18470,12 $;1654,32 $;1654,32 $;0,00 $;5,68 $;0,00 $;0,00 $;100,00%;1654,32 $;1654,32 $;0,00 $;1654,32 $;0,00 $;240,00;200,00 $;1705,00 $;50,68 $;0,07%;
13/07/2020;1;11484,44 $;-6985,68 $;0,00 $;-6985,68 $;5,68 $;-6985,68 $;-6985,68 $;0,00%;-6985,68 $;0,00 $;-6985,68 $;0,00 $;-6985,68 $;240,00;7095,00 $;120,00 $;7105,68 $;0,07%;
14/07/2020;1;12738,76 $;1254,32 $;1254,32 $;0,00 $;5,68 $;-5731,36 $;0,00 $;100,00%;1254,32 $;1254,32 $;0,00 $;1254,32 $;0,00 $;240,00;1000,00 $;1960,00 $;705,68 $;0,07%;
16/07/2020;1;15008,08 $;2269,32 $;2269,32 $;0,00 $;5,68 $;-3462,04 $;0,00 $;100,00%;2269,32 $;2269,32 $;0,00 $;2269,32 $;0,00 $;240,00;205,00 $;2340,00 $;70,68 $;0,07%;
17/07/2020;1;15757,40 $;749,32 $;749,32 $;0,00 $;5,68 $;-2712,72 $;0,00 $;100,00%;749,32 $;749,32 $;0,00 $;749,32 $;0,00 $;240,00;685,00 $;950,00 $;200,68 $;0,07%;
21/07/2020;1;14741,72 $;-1015,68 $;0,00 $;-1015,68 $;5,68 $;-3728,40 $;-1015,68 $;0,00%;-1015,68 $;0,00 $;-1015,68 $;0,00 $;-1015,68 $;240,00;1215,00 $;1055,00 $;2070,68 $;0,07%;
23/07/2020;1;9681,04 $;-5060,68 $;0,00 $;-5060,68 $;5,68 $;-8789,08 $;-5060,68 $;0,00%;-5060,68 $;0,00 $;-5060,68 $;0,00 $;-5060,68 $;240,00;5995,00 $;205,00 $;5265,68 $;0,07%;
24/07/2020;1;8120,36 $;-1560,68 $;0,00 $;-1560,68 $;5,68 $;-10349,76 $;-1560,68 $;0,00%;-1560,68 $;0,00 $;-1560,68 $;0,00 $;-1560,68 $;240,00;2845,00 $;75,00 $;1635,68 $;0,07%;
27/07/2020;1;10789,68 $;2669,32 $;2669,32 $;0,00 $;5,68 $;-7680,44 $;0,00 $;100,00%;2669,32 $;2669,32 $;0,00 $;2669,32 $;0,00 $;240,00;555,00 $;2770,00 $;100,68 $;0,07%;
28/07/2020;1;9494,00 $;-1295,68 $;0,00 $;-1295,68 $;5,68 $;-8976,12 $;-1295,68 $;0,00%;-1295,68 $;0,00 $;-1295,68 $;0,00 $;-1295,68 $;240,00;1480,00 $;600,00 $;1895,68 $;0,07%;
29/07/2020;1;9748,32 $;254,32 $;254,32 $;0,00 $;5,68 $;-8721,80 $;0,00 $;100,00%;254,32 $;254,32 $;0,00 $;254,32 $;0,00 $;240,00;1135,00 $;890,00 $;635,68 $;0,07%;
30/07/2020;1;13772,64 $;4024,32 $;4024,32 $;0,00 $;5,68 $;-4697,48 $;0,00 $;100,00%;4024,32 $;4024,32 $;0,00 $;4024,32 $;0,00 $;90,00;115,00 $;4155,00 $;130,68 $;0,07%;
31/07/2020;1;16516,96 $;2744,32 $;2744,32 $;0,00 $;5,68 $;-1953,16 $;0,00 $;100,00%;2744,32 $;2744,32 $;0,00 $;2744,32 $;0,00 $;210,00;1470,00 $;2980,00 $;235,68 $;0,07%;
03/08/2020;1;16516,28 $;-0,68 $;0,00 $;-0,68 $;5,68 $;-1953,84 $;-0,68 $;0,00%;-0,68 $;0,00 $;-0,68 $;0,00 $;-0,68 $;240,00;485,00 $;645,00 $;645,68 $;0,07%;
04/08/2020;1;16635,60 $;119,32 $;119,32 $;0,00 $;5,68 $;-1834,52 $;0,00 $;100,00%;119,32 $;119,32 $;0,00 $;119,32 $;0,00 $;240,00;825,00 $;690,00 $;570,68 $;0,07%;
05/08/2020;1;16634,92 $;-0,68 $;0,00 $;-0,68 $;5,68 $;-1835,20 $;-0,68 $;0,00%;-0,68 $;0,00 $;-0,68 $;0,00 $;-0,68 $;240,00;365,00 $;380,00 $;380,68 $;0,07%;
06/08/2020;1;18284,24 $;1649,32 $;1649,32 $;0,00 $;5,68 $;-185,88 $;0,00 $;100,00%;1649,32 $;1649,32 $;0,00 $;1649,32 $;0,00 $;150,00;95,00 $;1930,00 $;280,68 $;0,07%;
07/08/2020;1;16888,56 $;-1395,68 $;0,00 $;-1395,68 $;5,68 $;-1581,56 $;-1395,68 $;0,00%;-1395,68 $;0,00 $;-1395,68 $;0,00 $;-1395,68 $;210,00;3205,00 $;205,00 $;1600,68 $;0,07%;
10/08/2020;1;17717,88 $;829,32 $;829,32 $;0,00 $;5,68 $;-752,24 $;0,00 $;100,00%;829,32 $;829,32 $;0,00 $;829,32 $;0,00 $;240,00;450,00 $;1840,00 $;1010,68 $;0,07%;
11/08/2020;1;18182,20 $;464,32 $;464,32 $;0,00 $;5,68 $;-287,92 $;0,00 $;100,00%;464,32 $;464,32 $;0,00 $;464,32 $;0,00 $;0,00;90,00 $;535,00 $;70,68 $;0,07%;
12/08/2020;1;18101,52 $;-80,68 $;0,00 $;-80,68 $;5,68 $;-368,60 $;-80,68 $;0,00%;-80,68 $;0,00 $;-80,68 $;0,00 $;-80,68 $;150,00;105,00 $;1310,00 $;1390,68 $;0,07%;
13/08/2020;2;17155,16 $;-946,36 $;99,32 $;-1045,68 $;11,36 $;-1414,28 $;-1045,68 $;50,00%;-473,18 $;99,32 $;-1045,68 $;99,32 $;-1045,68 $;270,00;1120,00 $;365,00 $;838,18 $;0,14%;
14/08/2020;1;16749,48 $;-405,68 $;0,00 $;-405,68 $;5,68 $;-1720,64 $;-405,68 $;0,00%;-405,68 $;0,00 $;-405,68 $;0,00 $;-405,68 $;240,00;595,00 $;590,00 $;995,68 $;0,07%;
17/08/2020;1;17338,80 $;589,32 $;589,32 $;0,00 $;5,68 $;-1131,32 $;0,00 $;100,00%;589,32 $;589,32 $;0,00 $;589,32 $;0,00 $;240,00;495,00 $;615,00 $;25,68 $;0,07%;
18/08/2020;1;18158,12 $;819,32 $;819,32 $;0,00 $;5,68 $;-312,00 $;0,00 $;100,00%;819,32 $;819,32 $;0,00 $;819,32 $;0,00 $;210,00;85,00 $;950,00 $;130,68 $;0,07%;
20/08/2020;1;19577,44 $;1419,32 $;1419,32 $;0,00 $;5,68 $;0,00 $;0,00 $;100,00%;1419,32 $;1419,32 $;0,00 $;1419,32 $;0,00 $;210,00;365,00 $;1780,00 $;360,68 $;0,07%;
21/08/2020;1;20041,76 $;464,32 $;464,32 $;0,00 $;5,68 $;0,00 $;0,00 $;100,00%;464,32 $;464,32 $;0,00 $;464,32 $;0,00 $;210,00;520,00 $;685,00 $;220,68 $;0,07%;
25/08/2020;1;21271,08 $;1229,32 $;1229,32 $;0,00 $;5,68 $;0,00 $;0,00 $;100,00%;1229,32 $;1229,32 $;0,00 $;1229,32 $;0,00 $;150,00;345,00 $;1350,00 $;120,68 $;0,07%;
26/08/2020;1;23110,40 $;1839,32 $;1839,32 $;0,00 $;5,68 $;0,00 $;0,00 $;100,00%;1839,32 $;1839,32 $;0,00 $;1839,32 $;0,00 $;240,00;15,00 $;2175,00 $;335,68 $;0,07%;
27/08/2020;1;23589,72 $;479,32 $;479,32 $;0,00 $;5,68 $;0,00 $;0,00 $;100,00%;479,32 $;479,32 $;0,00 $;479,32 $;0,00 $;150,00;720,00 $;1310,00 $;830,68 $;0,07%;
28/08/2020;1;23279,04 $;-310,68 $;0,00 $;-310,68 $;5,68 $;-310,68 $;-310,68 $;0,00%;-310,68 $;0,00 $;-310,68 $;0,00 $;-310,68 $;240,00;1435,00 $;145,00 $;455,68 $;0,07%;
31/08/2020;1;25063,36 $;1784,32 $;1784,32 $;0,00 $;5,68 $;0,00 $;0,00 $;100,00%;1784,32 $;1784,32 $;0,00 $;1784,32 $;0,00 $;240,00;570,00 $;2215,00 $;430,68 $;0,07%;
01/09/2020;1;26457,68 $;1394,32 $;1394,32 $;0,00 $;5,68 $;0,00 $;0,00 $;100,00%;1394,32 $;1394,32 $;0,00 $;1394,32 $;0,00 $;210,00;250,00 $;1445,00 $;50,68 $;0,07%;
02/09/2020;1;29307,00 $;2849,32 $;2849,32 $;0,00 $;5,68 $;0,00 $;0,00 $;100,00%;2849,32 $;2849,32 $;0,00 $;2849,32 $;0,00 $;240,00;1920,00 $;3230,00 $;380,68 $;0,07%;
03/09/2020;1;28536,32 $;-770,68 $;0,00 $;-770,68 $;5,68 $;-770,68 $;-770,68 $;0,00%;-770,68 $;0,00 $;-770,68 $;0,00 $;-770,68 $;210,00;3500,00 $;430,00 $;1200,68 $;0,07%;
04/09/2020;1;37445,64 $;8909,32 $;8909,32 $;0,00 $;5,68 $;0,00 $;0,00 $;100,00%;8909,32 $;8909,32 $;0,00 $;8909,32 $;0,00 $;240,00;150,00 $;9255,00 $;345,68 $;0,07%;
08/09/2020;1;34944,96 $;-2500,68 $;0,00 $;-2500,68 $;5,68 $;-2500,68 $;-2500,68 $;0,00%;-2500,68 $;0,00 $;-2500,68 $;0,00 $;-2500,68 $;240,00;4075,00 $;295,00 $;2795,68 $;0,07%;
09/09/2020;1;36834,28 $;1889,32 $;1889,32 $;0,00 $;5,68 $;-611,36 $;0,00 $;100,00%;1889,32 $;1889,32 $;0,00 $;1889,32 $;0,00 $;240,00;450,00 $;2215,00 $;325,68 $;0,07%;
10/09/2020;1;36458,60 $;-375,68 $;0,00 $;-375,68 $;5,68 $;-987,04 $;-375,68 $;0,00%;-375,68 $;0,00 $;-375,68 $;0,00 $;-375,68 $;90,00;2160,00 $;645,00 $;1020,68 $;0,07%;
11/09/2020;1;36237,92 $;-220,68 $;0,00 $;-220,68 $;5,68 $;-1207,72 $;-220,68 $;0,00%;-220,68 $;0,00 $;-220,68 $;0,00 $;-220,68 $;30,00;650,00 $;310,00 $;530,68 $;0,07%;
14/09/2020;1;34577,24 $;-1660,68 $;0,00 $;-1660,68 $;5,68 $;-2868,40 $;-1660,68 $;0,00%;-1660,68 $;0,00 $;-1660,68 $;0,00 $;-1660,68 $;240,00;3185,00 $;190,00 $;1850,68 $;0,07%;
16/09/2020;1;31826,56 $;-2750,68 $;0,00 $;-2750,68 $;5,68 $;-5619,08 $;-2750,68 $;0,00%;-2750,68 $;0,00 $;-2750,68 $;0,00 $;-2750,68 $;240,00;2900,00 $;345,00 $;3095,68 $;0,07%;
17/09/2020;1;30590,88 $;-1235,68 $;0,00 $;-1235,68 $;5,68 $;-6854,76 $;-1235,68 $;0,00%;-1235,68 $;0,00 $;-1235,68 $;0,00 $;-1235,68 $;240,00;2465,00 $;2245,00 $;3480,68 $;0,07%;
24/09/2020;1;29035,20 $;-1555,68 $;0,00 $;-1555,68 $;5,68 $;-8410,44 $;-1555,68 $;0,00%;-1555,68 $;0,00 $;-1555,68 $;0,00 $;-1555,68 $;240,00;1920,00 $;2115,00 $;3670,68 $;0,07%;
28/09/2020;1;30149,52 $;1114,32 $;1114,32 $;0,00 $;5,68 $;-7296,12 $;0,00 $;100,00%;1114,32 $;1114,32 $;0,00 $;1114,32 $;0,00 $;240,00;1280,00 $;1195,00 $;80,68 $;0,07%;
29/09/2020;1;29653,84 $;-495,68 $;0,00 $;-495,68 $;5,68 $;-7791,80 $;-495,68 $;0,00%;-495,68 $;0,00 $;-495,68 $;0,00 $;-495,68 $;240,00;1115,00 $;360,00 $;855,68 $;0,07%;
30/09/2020;1;27843,16 $;-1810,68 $;0,00 $;-1810,68 $;5,68 $;-9602,48 $;-1810,68 $;0,00%;-1810,68 $;0,00 $;-1810,68 $;0,00 $;-1810,68 $;240,00;2690,00 $;1115,00 $;2925,68 $;0,07%;
01/10/2020;1;28927,48 $;1084,32 $;1084,32 $;0,00 $;5,68 $;-8518,16 $;0,00 $;100,00%;1084,32 $;1084,32 $;0,00 $;1084,32 $;0,00 $;210,00;525,00 $;1525,00 $;440,68 $;0,07%;
02/10/2020;1;27106,80 $;-1820,68 $;0,00 $;-1820,68 $;5,68 $;-10338,84 $;-1820,68 $;0,00%;-1820,68 $;0,00 $;-1820,68 $;0,00 $;-1820,68 $;210,00;2100,00 $;400,00 $;2220,68 $;0,07%;
05/10/2020;1;26931,12 $;-175,68 $;0,00 $;-175,68 $;5,68 $;-10514,52 $;-175,68 $;0,00%;-175,68 $;0,00 $;-175,68 $;0,00 $;-175,68 $;240,00;380,00 $;925,00 $;1100,68 $;0,07%;
06/10/2020;2;24359,76 $;-2571,36 $;0,00 $;-2571,36 $;11,36 $;-13085,88 $;-2571,36 $;0,00%;-1285,68 $;0,00 $;-1285,68 $;0,00 $;-1460,68 $;270,00;2250,00 $;1285,00 $;2570,68 $;0,14%;
07/10/2020;1;25514,08 $;1154,32 $;1154,32 $;0,00 $;5,68 $;-11931,56 $;0,00 $;100,00%;1154,32 $;1154,32 $;0,00 $;1154,32 $;0,00 $;210,00;20,00 $;1810,00 $;655,68 $;0,07%;
09/10/2020;1;26238,40 $;724,32 $;724,32 $;0,00 $;5,68 $;-11207,24 $;0,00 $;100,00%;724,32 $;724,32 $;0,00 $;724,32 $;0,00 $;240,00;85,00 $;870,00 $;145,68 $;0,07%;
12/10/2020;1;28437,72 $;2199,32 $;2199,32 $;0,00 $;5,68 $;-9007,92 $;0,00 $;100,00%;2199,32 $;2199,32 $;0,00 $;2199,32 $;0,00 $;240,00;55,00 $;3815,00 $;1615,68 $;0,07%;
13/10/2020;1;27992,04 $;-445,68 $;0,00 $;-445,68 $;5,68 $;-9453,60 $;-445,68 $;0,00%;-445,68 $;0,00 $;-445,68 $;0,00 $;-445,68 $;240,00;2705,00 $;550,00 $;995,68 $;0,07%;
14/10/2020;2;26350,68 $;-1641,36 $;0,00 $;-1641,36 $;11,36 $;-11094,96 $;-1641,36 $;0,00%;-820,68 $;0,00 $;-820,68 $;0,00 $;-1135,68 $;270,00;1842,50 $;102,50 $;923,18 $;0,14%;
15/10/2020;1;28015,00 $;1664,32 $;1664,32 $;0,00 $;5,68 $;-9430,64 $;0,00 $;100,00%;1664,32 $;1664,32 $;0,00 $;1664,32 $;0,00 $;210,00;390,00 $;2555,00 $;890,68 $;0,07%;
19/10/2020;1;28329,32 $;314,32 $;314,32 $;0,00 $;5,68 $;-9116,32 $;0,00 $;100,00%;314,32 $;314,32 $;0,00 $;314,32 $;0,00 $;240,00;275,00 $;890,00 $;575,68 $;0,07%;
20/10/2020;2;28152,96 $;-176,36 $;214,32 $;-390,68 $;11,36 $;-9292,68 $;-390,68 $;50,00%;-88,18 $;214,32 $;-390,68 $;214,32 $;-390,68 $;270,00;732,50 $;277,50 $;365,68 $;0,14%;
21/10/2020;2;28641,60 $;488,64 $;488,64 $;0,00 $;11,36 $;-9003,36 $;0,00 $;100,00%;244,32 $;244,32 $;0,00 $;289,32 $;0,00 $;240,00;535,00 $;405,00 $;160,68 $;0,14%;
22/10/2020;1;28095,92 $;-545,68 $;0,00 $;-545,68 $;5,68 $;-9349,72 $;-545,68 $;0,00%;-545,68 $;0,00 $;-545,68 $;0,00 $;-545,68 $;240,00;1025,00 $;510,00 $;1055,68 $;0,07%;
26/10/2020;1;24530,24 $;-3565,68 $;0,00 $;-3565,68 $;5,68 $;-12915,40 $;-3565,68 $;0,00%;-3565,68 $;0,00 $;-3565,68 $;0,00 $;-3565,68 $;240,00;5585,00 $;25,00 $;3590,68 $;0,07%;
27/10/2020;1;25144,56 $;614,32 $;614,32 $;0,00 $;5,68 $;-12301,08 $;0,00 $;100,00%;614,32 $;614,32 $;0,00 $;614,32 $;0,00 $;240,00;410,00 $;1010,00 $;395,68 $;0,07%;
28/10/2020;1;25308,88 $;164,32 $;164,32 $;0,00 $;5,68 $;-12136,76 $;0,00 $;100,00%;164,32 $;164,32 $;0,00 $;164,32 $;0,00 $;240,00;1390,00 $;735,00 $;570,68 $;0,07%;
30/10/2020;1;24683,20 $;-625,68 $;0,00 $;-625,68 $;5,68 $;-12762,44 $;-625,68 $;0,00%;-625,68 $;0,00 $;-625,68 $;0,00 $;-625,68 $;240,00;1210,00 $;1850,00 $;2475,68 $;0,07%;
03/11/2020;1;22847,52 $;-1835,68 $;0,00 $;-1835,68 $;5,68 $;-14598,12 $;-1835,68 $;0,00%;-1835,68 $;0,00 $;-1835,68 $;0,00 $;-1835,68 $;210,00;2190,00 $;245,00 $;2080,68 $;0,07%;
04/11/2020;1;22651,84 $;-195,68 $;0,00 $;-195,68 $;5,68 $;-14793,80 $;-195,68 $;0,00%;-195,68 $;0,00 $;-195,68 $;0,00 $;-195,68 $;240,00;480,00 $;1765,00 $;1960,68 $;0,07%;
05/11/2020;1;23146,16 $;494,32 $;494,32 $;0,00 $;5,68 $;-14299,48 $;0,00 $;100,00%;494,32 $;494,32 $;0,00 $;494,32 $;0,00 $;240,00;1670,00 $;1075,00 $;580,68 $;0,07%;
06/11/2020;1;24095,48 $;949,32 $;949,32 $;0,00 $;5,68 $;-13350,16 $;0,00 $;100,00%;949,32 $;949,32 $;0,00 $;949,32 $;0,00 $;210,00;175,00 $;1455,00 $;505,68 $;0,07%;
09/11/2020;1;19184,80 $;-4910,68 $;0,00 $;-4910,68 $;5,68 $;-18260,84 $;-4910,68 $;0,00%;-4910,68 $;0,00 $;-4910,68 $;0,00 $;-4910,68 $;150,00;5590,00 $;370,00 $;5280,68 $;0,07%;
10/11/2020;1;19049,12 $;-135,68 $;0,00 $;-135,68 $;5,68 $;-18396,52 $;-135,68 $;0,00%;-135,68 $;0,00 $;-135,68 $;0,00 $;-135,68 $;240,00;1620,00 $;1785,00 $;1920,68 $;0,07%;
11/11/2020;1;19018,44 $;-30,68 $;0,00 $;-30,68 $;5,68 $;-18427,20 $;-30,68 $;0,00%;-30,68 $;0,00 $;-30,68 $;0,00 $;-30,68 $;0,00;50,00 $;470,00 $;500,68 $;0,07%;
12/11/2020;1;18767,76 $;-250,68 $;0,00 $;-250,68 $;5,68 $;-18677,88 $;-250,68 $;0,00%;-250,68 $;0,00 $;-250,68 $;0,00 $;-250,68 $;210,00;1775,00 $;490,00 $;740,68 $;0,07%;
13/11/2020;1;20132,08 $;1364,32 $;1364,32 $;0,00 $;5,68 $;-17313,56 $;0,00 $;100,00%;1364,32 $;1364,32 $;0,00 $;1364,32 $;0,00 $;240,00;360,00 $;1460,00 $;95,68 $;0,07%;
16/11/2020;1;19701,40 $;-430,68 $;0,00 $;-430,68 $;5,68 $;-17744,24 $;-430,68 $;0,00%;-430,68 $;0,00 $;-430,68 $;0,00 $;-430,68 $;240,00;1300,00 $;220,00 $;650,68 $;0,07%;
17/11/2020;1;19570,72 $;-130,68 $;0,00 $;-130,68 $;5,68 $;-17874,92 $;-130,68 $;0,00%;-130,68 $;0,00 $;-130,68 $;0,00 $;-130,68 $;240,00;575,00 $;1200,00 $;1330,68 $;0,07%;
18/11/2020;1;20060,04 $;489,32 $;489,32 $;0,00 $;5,68 $;-17385,60 $;0,00 $;100,00%;489,32 $;489,32 $;0,00 $;489,32 $;0,00 $;240,00;505,00 $;1225,00 $;735,68 $;0,07%;
19/11/2020;2;20673,68 $;613,64 $;934,32 $;-320,68 $;11,36 $;-16771,96 $;-320,68 $;50,00%;306,82 $;934,32 $;-320,68 $;934,32 $;-320,68 $;330,00;277,50 $;775,00 $;468,18 $;0,14%;
20/11/2020;1;19528,00 $;-1145,68 $;0,00 $;-1145,68 $;5,68 $;-17917,64 $;-1145,68 $;0,00%;-1145,68 $;0,00 $;-1145,68 $;0,00 $;-1145,68 $;240,00;1230,00 $;75,00 $;1220,68 $;0,07%;
23/11/2020;1;19907,32 $;379,32 $;379,32 $;0,00 $;5,68 $;-17538,32 $;0,00 $;100,00%;379,32 $;379,32 $;0,00 $;379,32 $;0,00 $;150,00;490,00 $;900,00 $;520,68 $;0,07%;
25/11/2020;1;20921,64 $;1014,32 $;1014,32 $;0,00 $;5,68 $;-16524,00 $;0,00 $;100,00%;1014,32 $;1014,32 $;0,00 $;1014,32 $;0,00 $;240,00;525,00 $;1075,00 $;60,68 $;0,07%;
27/11/2020;1;20630,96 $;-290,68 $;0,00 $;-290,68 $;5,68 $;-16814,68 $;-290,68 $;0,00%;-290,68 $;0,00 $;-290,68 $;0,00 $;-290,68 $;45,00;1105,00 $;170,00 $;460,68 $;0,07%;
30/11/2020;1;22590,28 $;1959,32 $;1959,32 $;0,00 $;5,68 $;-14855,36 $;0,00 $;100,00%;1959,32 $;1959,32 $;0,00 $;1959,32 $;0,00 $;240,00;410,00 $;2825,00 $;865,68 $;0,07%;
01/12/2020;1;22299,60 $;-290,68 $;0,00 $;-290,68 $;5,68 $;-15146,04 $;-290,68 $;0,00%;-290,68 $;0,00 $;-290,68 $;0,00 $;-290,68 $;210,00;1135,00 $;705,00 $;995,68 $;0,07%;
02/12/2020;1;22293,92 $;-5,68 $;0,00 $;-5,68 $;5,68 $;-15151,72 $;-5,68 $;0,00%;-5,68 $;0,00 $;-5,68 $;0,00 $;-5,68 $;240,00;500,00 $;705,00 $;710,68 $;0,07%;
03/12/2020;1;22628,24 $;334,32 $;334,32 $;0,00 $;5,68 $;-14817,40 $;0,00 $;100,00%;334,32 $;334,32 $;0,00 $;334,32 $;0,00 $;240,00;520,00 $;710,00 $;375,68 $;0,07%;
07/12/2020;1;22742,56 $;114,32 $;114,32 $;0,00 $;5,68 $;-14703,08 $;0,00 $;100,00%;114,32 $;114,32 $;0,00 $;114,32 $;0,00 $;210,00;820,00 $;295,00 $;180,68 $;0,07%;
08/12/2020;1;23831,88 $;1089,32 $;1089,32 $;0,00 $;5,68 $;-13613,76 $;0,00 $;100,00%;1089,32 $;1089,32 $;0,00 $;1089,32 $;0,00 $;210,00;45,00 $;1330,00 $;240,68 $;0,07%;
09/12/2020;1;22741,20 $;-1090,68 $;0,00 $;-1090,68 $;5,68 $;-14704,44 $;-1090,68 $;0,00%;-1090,68 $;0,00 $;-1090,68 $;0,00 $;-1090,68 $;90,00;1985,00 $;0,00 $;1090,68 $;0,07%;
10/12/2020;1;22090,52 $;-650,68 $;0,00 $;-650,68 $;5,68 $;-15355,12 $;-650,68 $;0,00%;-650,68 $;0,00 $;-650,68 $;0,00 $;-650,68 $;240,00;1665,00 $;90,00 $;740,68 $;0,07%;
11/12/2020;1;23589,84 $;1499,32 $;1499,32 $;0,00 $;5,68 $;-13855,80 $;0,00 $;100,00%;1499,32 $;1499,32 $;0,00 $;1499,32 $;0,00 $;240,00;995,00 $;1900,00 $;400,68 $;0,07%;
15/12/2020;1;25409,16 $;1819,32 $;1819,32 $;0,00 $;5,68 $;-12036,48 $;0,00 $;100,00%;1819,32 $;1819,32 $;0,00 $;1819,32 $;0,00 $;240,00;255,00 $;2010,00 $;190,68 $;0,07%;
16/12/2020;2;26587,80 $;1178,64 $;1178,64 $;0,00 $;11,36 $;-10872,16 $;0,00 $;100,00%;589,32 $;589,32 $;0,00 $;1164,32 $;0,00 $;240,00;285,00 $;775,00 $;185,68 $;0,14%;
17/12/2020;1;26412,12 $;-175,68 $;0,00 $;-175,68 $;5,68 $;-11033,52 $;-175,68 $;0,00%;-175,68 $;0,00 $;-175,68 $;0,00 $;-175,68 $;240,00;810,00 $;295,00 $;470,68 $;0,07%;
21/12/2020;1;27686,44 $;1274,32 $;1274,32 $;0,00 $;5,68 $;-9759,20 $;0,00 $;100,00%;1274,32 $;1274,32 $;0,00 $;1274,32 $;0,00 $;210,00;25,00 $;1575,00 $;300,68 $;0,07%;
24/12/2020;1;28265,76 $;579,32 $;579,32 $;0,00 $;5,68 $;-9179,88 $;0,00 $;100,00%;579,32 $;579,32 $;0,00 $;579,32 $;0,00 $;45,00;195,00 $;700,00 $;120,68 $;0,07%;
29/12/2020;1;27955,08 $;-310,68 $;0,00 $;-310,68 $;5,68 $;-9490,56 $;-310,68 $;0,00%;-310,68 $;0,00 $;-310,68 $;0,00 $;-310,68 $;240,00;1310,00 $;190,00 $;500,68 $;0,07%;
30/12/2020;1;27564,40 $;-390,68 $;0,00 $;-390,68 $;5,68 $;-9881,24 $;-390,68 $;0,00%;-390,68 $;0,00 $;-390,68 $;0,00 $;-390,68 $;240,00;685,00 $;325,00 $;715,68 $;0,07%;
31/12/2020;1;27663,72 $;99,32 $;99,32 $;0,00 $;5,68 $;-9781,92 $;0,00 $;100,00%;99,32 $;99,32 $;0,00 $;99,32 $;0,00 $;240,00;805,00 $;515,00 $;415,68 $;0,07%;
04/01/2021;1;29228,04 $;1564,32 $;1564,32 $;0,00 $;5,68 $;-8217,60 $;0,00 $;100,00%;1564,32 $;1564,32 $;0,00 $;1564,32 $;0,00 $;210,00;1115,00 $;2230,00 $;665,68 $;0,07%;
05/01/2021;1;30867,36 $;1639,32 $;1639,32 $;0,00 $;5,68 $;-6578,28 $;0,00 $;100,00%;1639,32 $;1639,32 $;0,00 $;1639,32 $;0,00 $;210,00;165,00 $;1920,00 $;280,68 $;0,07%;
06/01/2021;1;29056,68 $;-1810,68 $;0,00 $;-1810,68 $;5,68 $;-8388,96 $;-1810,68 $;0,00%;-1810,68 $;0,00 $;-1810,68 $;0,00 $;-1810,68 $;150,00;3165,00 $;915,00 $;2725,68 $;0,07%;
07/01/2021;1;30231,00 $;1174,32 $;1174,32 $;0,00 $;5,68 $;-7214,64 $;0,00 $;100,00%;1174,32 $;1174,32 $;0,00 $;1174,32 $;0,00 $;210,00;155,00 $;1640,00 $;465,68 $;0,07%;
08/01/2021;1;31585,32 $;1354,32 $;1354,32 $;0,00 $;5,68 $;-5860,32 $;0,00 $;100,00%;1354,32 $;1354,32 $;0,00 $;1354,32 $;0,00 $;210,00;2380,00 $;1450,00 $;95,68 $;0,07%;
11/01/2021;1;29934,64 $;-1650,68 $;0,00 $;-1650,68 $;5,68 $;-7511,00 $;-1650,68 $;0,00%;-1650,68 $;0,00 $;-1650,68 $;0,00 $;-1650,68 $;210,00;2475,00 $;370,00 $;2020,68 $;0,07%;
12/01/2021;2;29303,28 $;-631,36 $;0,00 $;-631,36 $;11,36 $;-8142,36 $;-631,36 $;0,00%;-315,68 $;0,00 $;-315,68 $;0,00 $;-535,68 $;270,00;1437,50 $;87,50 $;403,18 $;0,14%;
13/01/2021;1;29112,60 $;-190,68 $;0,00 $;-190,68 $;5,68 $;-8333,04 $;-190,68 $;0,00%;-190,68 $;0,00 $;-190,68 $;0,00 $;-190,68 $;240,00;695,00 $;600,00 $;790,68 $;0,07%;
14/01/2021;1;27401,92 $;-1710,68 $;0,00 $;-1710,68 $;5,68 $;-10043,72 $;-1710,68 $;0,00%;-1710,68 $;0,00 $;-1710,68 $;0,00 $;-1710,68 $;240,00;2140,00 $;105,00 $;1815,68 $;0,07%;
18/01/2021;1;27661,24 $;259,32 $;259,32 $;0,00 $;5,68 $;-9784,40 $;0,00 $;100,00%;259,32 $;259,32 $;0,00 $;259,32 $;0,00 $;0,00;5,00 $;275,00 $;15,68 $;0,07%;
19/01/2021;1;29425,56 $;1764,32 $;1764,32 $;0,00 $;5,68 $;-8020,08 $;0,00 $;100,00%;1764,32 $;1764,32 $;0,00 $;1764,32 $;0,00 $;210,00;10,00 $;1790,00 $;25,68 $;0,07%;
20/01/2021;1;30759,88 $;1334,32 $;1334,32 $;0,00 $;5,68 $;-6685,76 $;0,00 $;100,00%;1334,32 $;1334,32 $;0,00 $;1334,32 $;0,00 $;240,00;245,00 $;1560,00 $;225,68 $;0,07%;
21/01/2021;1;31299,20 $;539,32 $;539,32 $;0,00 $;5,68 $;-6146,44 $;0,00 $;100,00%;539,32 $;539,32 $;0,00 $;539,32 $;0,00 $;240,00;1195,00 $;675,00 $;135,68 $;0,07%;
22/01/2021;1;32093,52 $;794,32 $;794,32 $;0,00 $;5,68 $;-5352,12 $;0,00 $;100,00%;794,32 $;794,32 $;0,00 $;794,32 $;0,00 $;240,00;195,00 $;875,00 $;80,68 $;0,07%;
25/01/2021;1;34697,84 $;2604,32 $;2604,32 $;0,00 $;5,68 $;-2747,80 $;0,00 $;100,00%;2604,32 $;2604,32 $;0,00 $;2604,32 $;0,00 $;210,00;325,00 $;2990,00 $;385,68 $;0,07%;
26/01/2021;1;35112,16 $;414,32 $;414,32 $;0,00 $;5,68 $;-2333,48 $;0,00 $;100,00%;414,32 $;414,32 $;0,00 $;414,32 $;0,00 $;240,00;545,00 $;615,00 $;200,68 $;0,07%;
27/01/2021;1;32141,48 $;-2970,68 $;0,00 $;-2970,68 $;5,68 $;-5304,16 $;-2970,68 $;0,00%;-2970,68 $;0,00 $;-2970,68 $;0,00 $;-2970,68 $;90,00;6505,00 $;120,00 $;3090,68 $;0,07%;
28/01/2021;1;31830,80 $;-310,68 $;0,00 $;-310,68 $;5,68 $;-5614,84 $;-310,68 $;0,00%;-310,68 $;0,00 $;-310,68 $;0,00 $;-310,68 $;240,00;400,00 $;2400,00 $;2710,68 $;0,07%;
29/01/2021;1;31480,12 $;-350,68 $;0,00 $;-350,68 $;5,68 $;-5965,52 $;-350,68 $;0,00%;-350,68 $;0,00 $;-350,68 $;0,00 $;-350,68 $;240,00;3300,00 $;1035,00 $;1385,68 $;0,07%;
01/02/2021;1;31019,44 $;-460,68 $;0,00 $;-460,68 $;5,68 $;-6426,20 $;-460,68 $;0,00%;-460,68 $;0,00 $;-460,68 $;0,00 $;-460,68 $;90,00;1035,00 $;225,00 $;685,68 $;0,07%;
02/02/2021;1;31378,76 $;359,32 $;359,32 $;0,00 $;5,68 $;-6066,88 $;0,00 $;100,00%;359,32 $;359,32 $;0,00 $;359,32 $;0,00 $;210,00;1065,00 $;970,00 $;610,68 $;0,07%;
04/02/2021;1;33313,08 $;1934,32 $;1934,32 $;0,00 $;5,68 $;-4132,56 $;0,00 $;100,00%;1934,32 $;1934,32 $;0,00 $;1934,32 $;0,00 $;210,00;0,00 $;2015,00 $;80,68 $;0,07%;
05/02/2021;1;33782,40 $;469,32 $;469,32 $;0,00 $;5,68 $;-3663,24 $;0,00 $;100,00%;469,32 $;469,32 $;0,00 $;469,32 $;0,00 $;240,00;0,00 $;1835,00 $;1365,68 $;0,07%;
08/02/2021;1;33931,72 $;149,32 $;149,32 $;0,00 $;5,68 $;-3513,92 $;0,00 $;100,00%;149,32 $;149,32 $;0,00 $;149,32 $;0,00 $;240,00;845,00 $;265,00 $;115,68 $;0,07%;
09/02/2021;1;34211,04 $;279,32 $;279,32 $;0,00 $;5,68 $;-3234,60 $;0,00 $;100,00%;279,32 $;279,32 $;0,00 $;279,32 $;0,00 $;240,00;305,00 $;660,00 $;380,68 $;0,07%;
11/02/2021;1;33845,36 $;-365,68 $;0,00 $;-365,68 $;5,68 $;-3600,28 $;-365,68 $;0,00%;-365,68 $;0,00 $;-365,68 $;0,00 $;-365,68 $;240,00;1945,00 $;395,00 $;760,68 $;0,07%;
12/02/2021;1;33964,68 $;119,32 $;119,32 $;0,00 $;5,68 $;-3480,96 $;0,00 $;100,00%;119,32 $;119,32 $;0,00 $;119,32 $;0,00 $;240,00;670,00 $;230,00 $;110,68 $;0,07%;
16/02/2021;1;32539,00 $;-1425,68 $;0,00 $;-1425,68 $;5,68 $;-4906,64 $;-1425,68 $;0,00%;-1425,68 $;0,00 $;-1425,68 $;0,00 $;-1425,68 $;240,00;2955,00 $;235,00 $;1660,68 $;0,07%;
17/02/2021;1;34668,32 $;2129,32 $;2129,32 $;0,00 $;5,68 $;-2777,32 $;0,00 $;100,00%;2129,32 $;2129,32 $;0,00 $;2129,32 $;0,00 $;240,00;705,00 $;2255,00 $;125,68 $;0,07%;
18/02/2021;1;36202,64 $;1534,32 $;1534,32 $;0,00 $;5,68 $;-1243,00 $;0,00 $;100,00%;1534,32 $;1534,32 $;0,00 $;1534,32 $;0,00 $;210,00;470,00 $;2155,00 $;620,68 $;0,07%;
19/02/2021;1;35306,96 $;-895,68 $;0,00 $;-895,68 $;5,68 $;-2138,68 $;-895,68 $;0,00%;-895,68 $;0,00 $;-895,68 $;0,00 $;-895,68 $;210,00;1615,00 $;125,00 $;1020,68 $;0,07%;
22/02/2021;1;33761,28 $;-1545,68 $;0,00 $;-1545,68 $;5,68 $;-3684,36 $;-1545,68 $;0,00%;-1545,68 $;0,00 $;-1545,68 $;0,00 $;-1545,68 $;240,00;1560,00 $;1090,00 $;2635,68 $;0,07%;
23/02/2021;1;38130,60 $;4369,32 $;4369,32 $;0,00 $;5,68 $;0,00 $;0,00 $;100,00%;4369,32 $;4369,32 $;0,00 $;4369,32 $;0,00 $;240,00;2895,00 $;4505,00 $;135,68 $;0,07%;
24/02/2021;1;40144,92 $;2014,32 $;2014,32 $;0,00 $;5,68 $;0,00 $;0,00 $;100,00%;2014,32 $;2014,32 $;0,00 $;2014,32 $;0,00 $;210,00;1185,00 $;2020,00 $;5,68 $;0,07%;
25/02/2021;1;37159,24 $;-2985,68 $;0,00 $;-2985,68 $;5,68 $;-2985,68 $;-2985,68 $;0,00%;-2985,68 $;0,00 $;-2985,68 $;0,00 $;-2985,68 $;150,00;3460,00 $;1660,00 $;4645,68 $;0,07%;
01/03/2021;1;38933,56 $;1774,32 $;1774,32 $;0,00 $;5,68 $;-1211,36 $;0,00 $;100,00%;1774,32 $;1774,32 $;0,00 $;1774,32 $;0,00 $;240,00;120,00 $;1985,00 $;210,68 $;0,07%;
02/03/2021;1;38097,88 $;-835,68 $;0,00 $;-835,68 $;5,68 $;-2047,04 $;-835,68 $;0,00%;-835,68 $;0,00 $;-835,68 $;0,00 $;-835,68 $;240,00;1115,00 $;1165,00 $;2000,68 $;0,07%;
03/03/2021;1;34367,20 $;-3730,68 $;0,00 $;-3730,68 $;5,68 $;-5777,72 $;-3730,68 $;0,00%;-3730,68 $;0,00 $;-3730,68 $;0,00 $;-3730,68 $;210,00;3850,00 $;165,00 $;3895,68 $;0,07%;
05/03/2021;1;42861,52 $;8494,32 $;8494,32 $;0,00 $;5,68 $;0,00 $;0,00 $;100,00%;8494,32 $;8494,32 $;0,00 $;8494,32 $;0,00 $;240,00;10,00 $;9085,00 $;590,68 $;0,07%;
09/03/2021;1;42670,84 $;-190,68 $;0,00 $;-190,68 $;5,68 $;-190,68 $;-190,68 $;0,00%;-190,68 $;0,00 $;-190,68 $;0,00 $;-190,68 $;210,00;430,00 $;1640,00 $;1830,68 $;0,07%;
10/03/2021;1;42900,16 $;229,32 $;229,32 $;0,00 $;5,68 $;0,00 $;0,00 $;100,00%;229,32 $;229,32 $;0,00 $;229,32 $;0,00 $;90,00;650,00 $;1305,00 $;1075,68 $;0,07%;
11/03/2021;1;43529,48 $;629,32 $;629,32 $;0,00 $;5,68 $;0,00 $;0,00 $;100,00%;629,32 $;629,32 $;0,00 $;629,32 $;0,00 $;240,00;155,00 $;1350,00 $;720,68 $;0,07%;
12/03/2021;1;44168,80 $;639,32 $;639,32 $;0,00 $;5,68 $;0,00 $;0,00 $;100,00%;639,32 $;639,32 $;0,00 $;639,32 $;0,00 $;210,00;990,00 $;865,00 $;225,68 $;0,07%;
15/03/2021;1;46833,12 $;2664,32 $;2664,32 $;0,00 $;5,68 $;0,00 $;0,00 $;100,00%;2664,32 $;2664,32 $;0,00 $;2664,32 $;0,00 $;210,00;145,00 $;3095,00 $;430,68 $;0,07%;
16/03/2021;1;44437,44 $;-2395,68 $;0,00 $;-2395,68 $;5,68 $;-2395,68 $;-2395,68 $;0,00%;-2395,68 $;0,00 $;-2395,68 $;0,00 $;-2395,68 $;240,00;3885,00 $;190,00 $;2585,68 $;0,07%;
17/03/2021;1;43506,76 $;-930,68 $;0,00 $;-930,68 $;5,68 $;-3326,36 $;-930,68 $;0,00%;-930,68 $;0,00 $;-930,68 $;0,00 $;-930,68 $;30,00;1215,00 $;470,00 $;1400,68 $;0,07%;
18/03/2021;2;40515,40 $;-2991,36 $;0,00 $;-2991,36 $;11,36 $;-6317,72 $;-2991,36 $;0,00%;-1495,68 $;0,00 $;-1495,68 $;0,00 $;-2565,68 $;270,00;1885,00 $;412,50 $;1908,18 $;0,14%;
19/03/2021;1;41439,72 $;924,32 $;924,32 $;0,00 $;5,68 $;-5393,40 $;0,00 $;100,00%;924,32 $;924,32 $;0,00 $;924,32 $;0,00 $;240,00;235,00 $;1870,00 $;945,68 $;0,07%;
22/03/2021;1;41899,04 $;459,32 $;459,32 $;0,00 $;5,68 $;-4934,08 $;0,00 $;100,00%;459,32 $;459,32 $;0,00 $;459,32 $;0,00 $;240,00;155,00 $;1625,00 $;1165,68 $;0,07%;
23/03/2021;1;41913,36 $;14,32 $;14,32 $;0,00 $;5,68 $;-4919,76 $;0,00 $;100,00%;14,32 $;14,32 $;0,00 $;14,32 $;0,00 $;0,00;220,00 $;195,00 $;180,68 $;0,07%;
24/03/2021;1;39462,68 $;-2450,68 $;0,00 $;-2450,68 $;5,68 $;-7370,44 $;-2450,68 $;0,00%;-2450,68 $;0,00 $;-2450,68 $;0,00 $;-2450,68 $;150,00;2685,00 $;660,00 $;3110,68 $;0,07%;
25/03/2021;1;39807,00 $;344,32 $;344,32 $;0,00 $;5,68 $;-7026,12 $;0,00 $;100,00%;344,32 $;344,32 $;0,00 $;344,32 $;0,00 $;30,00;255,00 $;940,00 $;595,68 $;0,07%;
26/03/2021;1;42286,32 $;2479,32 $;2479,32 $;0,00 $;5,68 $;-4546,80 $;0,00 $;100,00%;2479,32 $;2479,32 $;0,00 $;2479,32 $;0,00 $;210,00;2675,00 $;3075,00 $;595,68 $;0,07%;
30/03/2021;1;42985,64 $;699,32 $;699,32 $;0,00 $;5,68 $;-3847,48 $;0,00 $;100,00%;699,32 $;699,32 $;0,00 $;699,32 $;0,00 $;210,00;640,00 $;1140,00 $;440,68 $;0,07%;
31/03/2021;1;43494,96 $;509,32 $;509,32 $;0,00 $;5,68 $;-3338,16 $;0,00 $;100,00%;509,32 $;509,32 $;0,00 $;509,32 $;0,00 $;240,00;225,00 $;1135,00 $;625,68 $;0,07%;
01/04/2021;1;43949,28 $;454,32 $;454,32 $;0,00 $;5,68 $;-2883,84 $;0,00 $;100,00%;454,32 $;454,32 $;0,00 $;454,32 $;0,00 $;210,00;755,00 $;595,00 $;140,68 $;0,07%;
05/04/2021;1;45013,60 $;1064,32 $;1064,32 $;0,00 $;5,68 $;-1819,52 $;0,00 $;100,00%;1064,32 $;1064,32 $;0,00 $;1064,32 $;0,00 $;240,00;105,00 $;1790,00 $;725,68 $;0,07%;
06/04/2021;1;44267,92 $;-745,68 $;0,00 $;-745,68 $;5,68 $;-2565,20 $;-745,68 $;0,00%;-745,68 $;0,00 $;-745,68 $;0,00 $;-745,68 $;210,00;1385,00 $;345,00 $;1090,68 $;0,07%;
07/04/2021;1;44112,24 $;-155,68 $;0,00 $;-155,68 $;5,68 $;-2720,88 $;-155,68 $;0,00%;-155,68 $;0,00 $;-155,68 $;0,00 $;-155,68 $;240,00;685,00 $;920,00 $;1075,68 $;0,07%;
09/04/2021;1;45596,56 $;1484,32 $;1484,32 $;0,00 $;5,68 $;-1236,56 $;0,00 $;100,00%;1484,32 $;1484,32 $;0,00 $;1484,32 $;0,00 $;240,00;110,00 $;1490,00 $;5,68 $;0,07%;
13/04/2021;1;46960,88 $;1364,32 $;1364,32 $;0,00 $;5,68 $;0,00 $;0,00 $;100,00%;1364,32 $;1364,32 $;0,00 $;1364,32 $;0,00 $;210,00;225,00 $;1660,00 $;295,68 $;0,07%;
14/04/2021;1;45655,20 $;-1305,68 $;0,00 $;-1305,68 $;5,68 $;-1305,68 $;-1305,68 $;0,00%;-1305,68 $;0,00 $;-1305,68 $;0,00 $;-1305,68 $;210,00;2310,00 $;590,00 $;1895,68 $;0,07%;
15/04/2021;1;45954,52 $;299,32 $;299,32 $;0,00 $;5,68 $;-1006,36 $;0,00 $;100,00%;299,32 $;299,32 $;0,00 $;299,32 $;0,00 $;240,00;550,00 $;1070,00 $;770,68 $;0,07%;
16/04/2021;1;46718,84 $;764,32 $;764,32 $;0,00 $;5,68 $;-242,04 $;0,00 $;100,00%;764,32 $;764,32 $;0,00 $;764,32 $;0,00 $;240,00;65,00 $;920,00 $;155,68 $;0,07%;
19/04/2021;1;45498,16 $;-1220,68 $;0,00 $;-1220,68 $;5,68 $;-1462,72 $;-1220,68 $;0,00%;-1220,68 $;0,00 $;-1220,68 $;0,00 $;-1220,68 $;240,00;2050,00 $;55,00 $;1275,68 $;0,07%;
20/04/2021;1;46147,48 $;649,32 $;649,32 $;0,00 $;5,68 $;-813,40 $;0,00 $;100,00%;649,32 $;649,32 $;0,00 $;649,32 $;0,00 $;240,00;680,00 $;1065,00 $;415,68 $;0,07%;
21/04/2021;1;47151,80 $;1004,32 $;1004,32 $;0,00 $;5,68 $;0,00 $;0,00 $;100,00%;1004,32 $;1004,32 $;0,00 $;1004,32 $;0,00 $;210,00;390,00 $;1485,00 $;480,68 $;0,07%;
22/04/2021;2;43875,44 $;-3276,36 $;104,32 $;-3380,68 $;11,36 $;-3380,68 $;-3380,68 $;50,00%;-1638,18 $;104,32 $;-3380,68 $;104,32 $;-3380,68 $;270,00;2087,50 $;447,50 $;2085,68 $;0,14%;
26/04/2021;1;44199,76 $;324,32 $;324,32 $;0,00 $;5,68 $;-2952,04 $;0,00 $;100,00%;324,32 $;324,32 $;0,00 $;324,32 $;0,00 $;240,00;480,00 $;955,00 $;630,68 $;0,07%;
28/04/2021;2;45193,40 $;993,64 $;993,64 $;0,00 $;11,36 $;-2627,72 $;0,00 $;100,00%;496,82 $;496,82 $;0,00 $;669,32 $;0,00 $;240,00;395,00 $;1252,50 $;755,68 $;0,14%;
29/04/2021;1;45602,72 $;409,32 $;409,32 $;0,00 $;5,68 $;-1549,08 $;0,00 $;100,00%;409,32 $;409,32 $;0,00 $;409,32 $;0,00 $;240,00;2170,00 $;1075,00 $;665,68 $;0,07%;
03/05/2021;1;45927,04 $;324,32 $;324,32 $;0,00 $;5,68 $;-1224,76 $;0,00 $;100,00%;324,32 $;324,32 $;0,00 $;324,32 $;0,00 $;240,00;205,00 $;835,00 $;510,68 $;0,07%;
04/05/2021;1;47321,36 $;1394,32 $;1394,32 $;0,00 $;5,68 $;0,00 $;0,00 $;100,00%;1394,32 $;1394,32 $;0,00 $;1394,32 $;0,00 $;90,00;80,00 $;2020,00 $;625,68 $;0,07%;
05/05/2021;1;45055,68 $;-2265,68 $;0,00 $;-2265,68 $;5,68 $;-2265,68 $;-2265,68 $;0,00%;-2265,68 $;0,00 $;-2265,68 $;0,00 $;-2265,68 $;240,00;2570,00 $;805,00 $;3070,68 $;0,07%;
06/05/2021;1;45675,00 $;619,32 $;619,32 $;0,00 $;5,68 $;-1646,36 $;0,00 $;100,00%;619,32 $;619,32 $;0,00 $;619,32 $;0,00 $;240,00;550,00 $;1950,00 $;1330,68 $;0,07%;
07/05/2021;1;44389,32 $;-1285,68 $;0,00 $;-1285,68 $;5,68 $;-2932,04 $;-1285,68 $;0,00%;-1285,68 $;0,00 $;-1285,68 $;0,00 $;-1285,68 $;240,00;2635,00 $;150,00 $;1435,68 $;0,07%;
11/05/2021;1;44778,64 $;389,32 $;389,32 $;0,00 $;5,68 $;-2542,72 $;0,00 $;100,00%;389,32 $;389,32 $;0,00 $;389,32 $;0,00 $;210,00;990,00 $;1570,00 $;1180,68 $;0,07%;
12/05/2021;1;43597,96 $;-1180,68 $;0,00 $;-1180,68 $;5,68 $;-3723,40 $;-1180,68 $;0,00%;-1180,68 $;0,00 $;-1180,68 $;0,00 $;-1180,68 $;90,00;1285,00 $;970,00 $;2150,68 $;0,07%;
17/05/2021;1;45482,28 $;1884,32 $;1884,32 $;0,00 $;5,68 $;-1839,08 $;0,00 $;100,00%;1884,32 $;1884,32 $;0,00 $;1884,32 $;0,00 $;150,00;695,00 $;1985,00 $;100,68 $;0,07%;
18/05/2021;1;43381,60 $;-2100,68 $;0,00 $;-2100,68 $;5,68 $;-3939,76 $;-2100,68 $;0,00%;-2100,68 $;0,00 $;-2100,68 $;0,00 $;-2100,68 $;30,00;2300,00 $;380,00 $;2480,68 $;0,07%;
19/05/2021;1;45085,92 $;1704,32 $;1704,32 $;0,00 $;5,68 $;-2235,44 $;0,00 $;100,00%;1704,32 $;1704,32 $;0,00 $;1704,32 $;0,00 $;240,00;590,00 $;2350,00 $;645,68 $;0,07%;
20/05/2021;1;46130,24 $;1044,32 $;1044,32 $;0,00 $;5,68 $;-1191,12 $;0,00 $;100,00%;1044,32 $;1044,32 $;0,00 $;1044,32 $;0,00 $;240,00;515,00 $;1060,00 $;15,68 $;0,07%;
24/05/2021;1;46644,56 $;514,32 $;514,32 $;0,00 $;5,68 $;-676,80 $;0,00 $;100,00%;514,32 $;514,32 $;0,00 $;514,32 $;0,00 $;240,00;310,00 $;830,00 $;315,68 $;0,07%;
25/05/2021;1;46993,88 $;349,32 $;349,32 $;0,00 $;5,68 $;-327,48 $;0,00 $;100,00%;349,32 $;349,32 $;0,00 $;349,32 $;0,00 $;240,00;530,00 $;585,00 $;235,68 $;0,07%;
26/05/2021;1;47028,20 $;34,32 $;34,32 $;0,00 $;5,68 $;-293,16 $;0,00 $;100,00%;34,32 $;34,32 $;0,00 $;34,32 $;0,00 $;240,00;495,00 $;485,00 $;450,68 $;0,07%;
27/05/2021;1;47732,52 $;704,32 $;704,32 $;0,00 $;5,68 $;0,00 $;0,00 $;100,00%;704,32 $;704,32 $;0,00 $;704,32 $;0,00 $;30,00;195,00 $;735,00 $;30,68 $;0,07%;
28/05/2021;1;47706,84 $;-25,68 $;0,00 $;-25,68 $;5,68 $;-25,68 $;-25,68 $;0,00%;-25,68 $;0,00 $;-25,68 $;0,00 $;-25,68 $;240,00;355,00 $;780,00 $;805,68 $;0,07%;
31/05/2021;1;47631,16 $;-75,68 $;0,00 $;-75,68 $;5,68 $;-101,36 $;-75,68 $;0,00%;-75,68 $;0,00 $;-75,68 $;0,00 $;-75,68 $;0,00;120,00 $;65,00 $;140,68 $;0,07%;
01/06/2021;1;48055,48 $;424,32 $;424,32 $;0,00 $;5,68 $;0,00 $;0,00 $;100,00%;424,32 $;424,32 $;0,00 $;424,32 $;0,00 $;240,00;245,00 $;900,00 $;475,68 $;0,07%;
02/06/2021;1;46919,80 $;-1135,68 $;0,00 $;-1135,68 $;5,68 $;-1135,68 $;-1135,68 $;0,00%;-1135,68 $;0,00 $;-1135,68 $;0,00 $;-1135,68 $;240,00;1875,00 $;180,00 $;1315,68 $;0,07%;
04/06/2021;1;46974,12 $;54,32 $;54,32 $;0,00 $;5,68 $;-1081,36 $;0,00 $;100,00%;54,32 $;54,32 $;0,00 $;54,32 $;0,00 $;240,00;355,00 $;390,00 $;335,68 $;0,07%;
08/06/2021;1;47173,44 $;199,32 $;199,32 $;0,00 $;5,68 $;-882,04 $;0,00 $;100,00%;199,32 $;199,32 $;0,00 $;199,32 $;0,00 $;210,00;160,00 $;720,00 $;520,68 $;0,07%;
10/06/2021;1;47977,76 $;804,32 $;804,32 $;0,00 $;5,68 $;-77,72 $;0,00 $;100,00%;804,32 $;804,32 $;0,00 $;804,32 $;0,00 $;240,00;215,00 $;1085,00 $;280,68 $;0,07%;
11/06/2021;1;48777,08 $;799,32 $;799,32 $;0,00 $;5,68 $;0,00 $;0,00 $;100,00%;799,32 $;799,32 $;0,00 $;799,32 $;0,00 $;210,00;120,00 $;890,00 $;90,68 $;0,07%;
15/06/2021;1;48196,40 $;-580,68 $;0,00 $;-580,68 $;5,68 $;-580,68 $;-580,68 $;0,00%;-580,68 $;0,00 $;-580,68 $;0,00 $;-580,68 $;210,00;1235,00 $;25,00 $;605,68 $;0,07%;
16/06/2021;1;47660,72 $;-535,68 $;0,00 $;-535,68 $;5,68 $;-1116,36 $;-535,68 $;0,00%;-535,68 $;0,00 $;-535,68 $;0,00 $;-535,68 $;210,00;3250,00 $;935,00 $;1470,68 $;0,07%;
17/06/2021;1;49555,04 $;1894,32 $;1894,32 $;0,00 $;5,68 $;0,00 $;0,00 $;100,00%;1894,32 $;1894,32 $;0,00 $;1894,32 $;0,00 $;210,00;300,00 $;2480,00 $;585,68 $;0,07%;
18/06/2021;1;48579,36 $;-975,68 $;0,00 $;-975,68 $;5,68 $;-975,68 $;-975,68 $;0,00%;-975,68 $;0,00 $;-975,68 $;0,00 $;-975,68 $;210,00;1380,00 $;415,00 $;1390,68 $;0,07%;
21/06/2021;1;48653,68 $;74,32 $;74,32 $;0,00 $;5,68 $;-901,36 $;0,00 $;100,00%;74,32 $;74,32 $;0,00 $;74,32 $;0,00 $;240,00;285,00 $;755,00 $;680,68 $;0,07%;
22/06/2021;1;48668,00 $;14,32 $;14,32 $;0,00 $;5,68 $;-887,04 $;0,00 $;100,00%;14,32 $;14,32 $;0,00 $;14,32 $;0,00 $;0,00;10,00 $;220,00 $;205,68 $;0,07%;
23/06/2021;1;49077,32 $;409,32 $;409,32 $;0,00 $;5,68 $;-477,72 $;0,00 $;100,00%;409,32 $;409,32 $;0,00 $;409,32 $;0,00 $;240,00;785,00 $;455,00 $;45,68 $;0,07%;
24/06/2021;1;48066,64 $;-1010,68 $;0,00 $;-1010,68 $;5,68 $;-1488,40 $;-1010,68 $;0,00%;-1010,68 $;0,00 $;-1010,68 $;0,00 $;-1010,68 $;240,00;1360,00 $;535,00 $;1545,68 $;0,07%;
28/06/2021;1;48765,96 $;699,32 $;699,32 $;0,00 $;5,68 $;-789,08 $;0,00 $;100,00%;699,32 $;699,32 $;0,00 $;699,32 $;0,00 $;240,00;345,00 $;860,00 $;160,68 $;0,07%;
29/06/2021;1;49615,28 $;849,32 $;849,32 $;0,00 $;5,68 $;0,00 $;0,00 $;100,00%;849,32 $;849,32 $;0,00 $;849,32 $;0,00 $;240,00;120,00 $;985,00 $;135,68 $;0,07%;
02/07/2021;1;50989,60 $;1374,32 $;1374,32 $;0,00 $;5,68 $;0,00 $;0,00 $;100,00%;1374,32 $;1374,32 $;0,00 $;1374,32 $;0,00 $;240,00;50,00 $;1430,00 $;55,68 $;0,07%;
06/07/2021;1;51693,92 $;704,32 $;704,32 $;0,00 $;5,68 $;0,00 $;0,00 $;100,00%;704,32 $;704,32 $;0,00 $;704,32 $;0,00 $;240,00;2270,00 $;780,00 $;75,68 $;0,07%;
07/07/2021;1;51838,24 $;144,32 $;144,32 $;0,00 $;5,68 $;0,00 $;0,00 $;100,00%;144,32 $;144,32 $;0,00 $;144,32 $;0,00 $;210,00;485,00 $;655,00 $;510,68 $;0,07%;
08/07/2021;1;52797,56 $;959,32 $;959,32 $;0,00 $;5,68 $;0,00 $;0,00 $;100,00%;959,32 $;959,32 $;0,00 $;959,32 $;0,00 $;240,00;610,00 $;2195,00 $;1235,68 $;0,07%;
13/07/2021;1;50516,88 $;-2280,68 $;0,00 $;-2280,68 $;5,68 $;-2280,68 $;-2280,68 $;0,00%;-2280,68 $;0,00 $;-2280,68 $;0,00 $;-2280,68 $;240,00;3120,00 $;105,00 $;2385,68 $;0,07%;
14/07/2021;1;50256,20 $;-260,68 $;0,00 $;-260,68 $;5,68 $;-2541,36 $;-260,68 $;0,00%;-260,68 $;0,00 $;-260,68 $;0,00 $;-260,68 $;240,00;1135,00 $;580,00 $;840,68 $;0,07%;
15/07/2021;1;50720,52 $;464,32 $;464,32 $;0,00 $;5,68 $;-2077,04 $;0,00 $;100,00%;464,32 $;464,32 $;0,00 $;464,32 $;0,00 $;90,00;540,00 $;970,00 $;505,68 $;0,07%;
16/07/2021;1;50194,84 $;-525,68 $;0,00 $;-525,68 $;5,68 $;-2602,72 $;-525,68 $;0,00%;-525,68 $;0,00 $;-525,68 $;0,00 $;-525,68 $;240,00;585,00 $;1455,00 $;1980,68 $;0,07%;
19/07/2021;1;48789,16 $;-1405,68 $;0,00 $;-1405,68 $;5,68 $;-4008,40 $;-1405,68 $;0,00%;-1405,68 $;0,00 $;-1405,68 $;0,00 $;-1405,68 $;240,00;1725,00 $;820,00 $;2225,68 $;0,07%;
21/07/2021;1;49933,48 $;1144,32 $;1144,32 $;0,00 $;5,68 $;-2864,08 $;0,00 $;100,00%;1144,32 $;1144,32 $;0,00 $;1144,32 $;0,00 $;210,00;700,00 $;1315,00 $;170,68 $;0,07%;
22/07/2021;1;51562,80 $;1629,32 $;1629,32 $;0,00 $;5,68 $;-1234,76 $;0,00 $;100,00%;1629,32 $;1629,32 $;0,00 $;1629,32 $;0,00 $;210,00;160,00 $;1670,00 $;40,68 $;0,07%;
23/07/2021;1;52297,12 $;734,32 $;734,32 $;0,00 $;5,68 $;-500,44 $;0,00 $;100,00%;734,32 $;734,32 $;0,00 $;734,32 $;0,00 $;240,00;15,00 $;1125,00 $;390,68 $;0,07%;
26/07/2021;1;52616,44 $;319,32 $;319,32 $;0,00 $;5,68 $;-181,12 $;0,00 $;100,00%;319,32 $;319,32 $;0,00 $;319,32 $;0,00 $;240,00;450,00 $;555,00 $;235,68 $;0,07%;
27/07/2021;1;54080,76 $;1464,32 $;1464,32 $;0,00 $;5,68 $;0,00 $;0,00 $;100,00%;1464,32 $;1464,32 $;0,00 $;1464,32 $;0,00 $;210,00;1625,00 $;2265,00 $;800,68 $;0,07%;
28/07/2021;1;53265,08 $;-815,68 $;0,00 $;-815,68 $;5,68 $;-815,68 $;-815,68 $;0,00%;-815,68 $;0,00 $;-815,68 $;0,00 $;-815,68 $;210,00;1930,00 $;455,00 $;1270,68 $;0,07%;
29/07/2021;1;52544,40 $;-720,68 $;0,00 $;-720,68 $;5,68 $;-1536,36 $;-720,68 $;0,00%;-720,68 $;0,00 $;-720,68 $;0,00 $;-720,68 $;240,00;735,00 $;195,00 $;915,68 $;0,07%;
02/08/2021;1;52093,72 $;-450,68 $;0,00 $;-450,68 $;5,68 $;-1987,04 $;-450,68 $;0,00%;-450,68 $;0,00 $;-450,68 $;0,00 $;-450,68 $;240,00;945,00 $;855,00 $;1305,68 $;0,07%;
03/08/2021;1;55073,04 $;2979,32 $;2979,32 $;0,00 $;5,68 $;0,00 $;0,00 $;100,00%;2979,32 $;2979,32 $;0,00 $;2979,32 $;0,00 $;240,00;50,00 $;3120,00 $;140,68 $;0,07%;
04/08/2021;1;54942,36 $;-130,68 $;0,00 $;-130,68 $;5,68 $;-130,68 $;-130,68 $;0,00%;-130,68 $;0,00 $;-130,68 $;0,00 $;-130,68 $;150,00;510,00 $;405,00 $;535,68 $;0,07%;
06/08/2021;1;54821,68 $;-120,68 $;0,00 $;-120,68 $;5,68 $;-251,36 $;-120,68 $;0,00%;-120,68 $;0,00 $;-120,68 $;0,00 $;-120,68 $;210,00;445,00 $;290,00 $;410,68 $;0,07%;
10/08/2021;1;54206,00 $;-615,68 $;0,00 $;-615,68 $;5,68 $;-867,04 $;-615,68 $;0,00%;-615,68 $;0,00 $;-615,68 $;0,00 $;-615,68 $;210,00;1055,00 $;15,00 $;630,68 $;0,07%;
11/08/2021;1;54430,32 $;224,32 $;224,32 $;0,00 $;5,68 $;-642,72 $;0,00 $;100,00%;224,32 $;224,32 $;0,00 $;224,32 $;0,00 $;210,00;150,00 $;690,00 $;465,68 $;0,07%;
12/08/2021;1;55199,64 $;769,32 $;769,32 $;0,00 $;5,68 $;0,00 $;0,00 $;100,00%;769,32 $;769,32 $;0,00 $;769,32 $;0,00 $;240,00;215,00 $;785,00 $;15,68 $;0,07%;
13/08/2021;1;55178,96 $;-20,68 $;0,00 $;-20,68 $;5,68 $;-20,68 $;-20,68 $;0,00%;-20,68 $;0,00 $;-20,68 $;0,00 $;-20,68 $;240,00;385,00 $;165,00 $;185,68 $;0,07%;
16/08/2021;1;58353,28 $;3174,32 $;3174,32 $;0,00 $;5,68 $;0,00 $;0,00 $;100,00%;3174,32 $;3174,32 $;0,00 $;3174,32 $;0,00 $;240,00;95,00 $;3195,00 $;20,68 $;0,07%;
17/08/2021;1;58697,60 $;344,32 $;344,32 $;0,00 $;5,68 $;0,00 $;0,00 $;100,00%;344,32 $;344,32 $;0,00 $;344,32 $;0,00 $;150,00;960,00 $;1035,00 $;690,68 $;0,07%;
18/08/2021;1;56521,92 $;-2175,68 $;0,00 $;-2175,68 $;5,68 $;-2175,68 $;-2175,68 $;0,00%;-2175,68 $;0,00 $;-2175,68 $;0,00 $;-2175,68 $;30,00;2830,00 $;0,00 $;2175,68 $;0,07%;
19/08/2021;1;57691,24 $;1169,32 $;1169,32 $;0,00 $;5,68 $;-1006,36 $;0,00 $;100,00%;1169,32 $;1169,32 $;0,00 $;1169,32 $;0,00 $;240,00;1105,00 $;1730,00 $;560,68 $;0,07%;
23/08/2021;1;57965,56 $;274,32 $;274,32 $;0,00 $;5,68 $;-732,04 $;0,00 $;100,00%;274,32 $;274,32 $;0,00 $;274,32 $;0,00 $;210,00;245,00 $;505,00 $;230,68 $;0,07%;
25/08/2021;1;57989,88 $;24,32 $;24,32 $;0,00 $;5,68 $;-707,72 $;0,00 $;100,00%;24,32 $;24,32 $;0,00 $;24,32 $;0,00 $;30,00;125,00 $;355,00 $;330,68 $;0,07%;
26/08/2021;1;56659,20 $;-1330,68 $;0,00 $;-1330,68 $;5,68 $;-2038,40 $;-1330,68 $;0,00%;-1330,68 $;0,00 $;-1330,68 $;0,00 $;-1330,68 $;210,00;1585,00 $;65,00 $;1395,68 $;0,07%;
27/08/2021;1;57758,52 $;1099,32 $;1099,32 $;0,00 $;5,68 $;-939,08 $;0,00 $;100,00%;1099,32 $;1099,32 $;0,00 $;1099,32 $;0,00 $;240,00;15,00 $;1225,00 $;125,68 $;0,07%;
30/08/2021;1;58417,84 $;659,32 $;659,32 $;0,00 $;5,68 $;-279,76 $;0,00 $;100,00%;659,32 $;659,32 $;0,00 $;659,32 $;0,00 $;210,00;105,00 $;890,00 $;230,68 $;0,07%;
31/08/2021;1;58532,16 $;114,32 $;114,32 $;0,00 $;5,68 $;-165,44 $;0,00 $;100,00%;114,32 $;114,32 $;0,00 $;114,32 $;0,00 $;240,00;150,00 $;770,00 $;655,68 $;0,07%;
02/09/2021;1;58186,48 $;-345,68 $;0,00 $;-345,68 $;5,68 $;-511,12 $;-345,68 $;0,00%;-345,68 $;0,00 $;-345,68 $;0,00 $;-345,68 $;210,00;1265,00 $;220,00 $;565,68 $;0,07%;
03/09/2021;1;58415,80 $;229,32 $;229,32 $;0,00 $;5,68 $;-281,80 $;0,00 $;100,00%;229,32 $;229,32 $;0,00 $;229,32 $;0,00 $;240,00;285,00 $;540,00 $;310,68 $;0,07%;
07/09/2021;1;58015,12 $;-400,68 $;0,00 $;-400,68 $;5,68 $;-682,48 $;-400,68 $;0,00%;-400,68 $;0,00 $;-400,68 $;0,00 $;-400,68 $;150,00;710,00 $;180,00 $;580,68 $;0,07%;
08/09/2021;1;58274,44 $;259,32 $;259,32 $;0,00 $;5,68 $;-423,16 $;0,00 $;100,00%;259,32 $;259,32 $;0,00 $;259,32 $;0,00 $;210,00;485,00 $;520,00 $;260,68 $;0,07%;
09/09/2021;1;56853,76 $;-1420,68 $;0,00 $;-1420,68 $;5,68 $;-1843,84 $;-1420,68 $;0,00%;-1420,68 $;0,00 $;-1420,68 $;0,00 $;-1420,68 $;210,00;1655,00 $;205,00 $;1625,68 $;0,07%;
10/09/2021;1;55643,08 $;-1210,68 $;0,00 $;-1210,68 $;5,68 $;-3054,52 $;-1210,68 $;0,00%;-1210,68 $;0,00 $;-1210,68 $;0,00 $;-1210,68 $;240,00;1230,00 $;1290,00 $;2500,68 $;0,07%;
13/09/2021;1;56432,40 $;789,32 $;789,32 $;0,00 $;5,68 $;-2265,20 $;0,00 $;100,00%;789,32 $;789,32 $;0,00 $;789,32 $;0,00 $;240,00;705,00 $;1325,00 $;535,68 $;0,07%;
14/09/2021;1;54556,72 $;-1875,68 $;0,00 $;-1875,68 $;5,68 $;-4140,88 $;-1875,68 $;0,00%;-1875,68 $;0,00 $;-1875,68 $;0,00 $;-1875,68 $;240,00;1905,00 $;905,00 $;2780,68 $;0,07%;
15/09/2021;1;57501,04 $;2944,32 $;2944,32 $;0,00 $;5,68 $;-1196,56 $;0,00 $;100,00%;2944,32 $;2944,32 $;0,00 $;2944,32 $;0,00 $;240,00;365,00 $;3100,00 $;155,68 $;0,07%;
16/09/2021;1;59855,36 $;2354,32 $;2354,32 $;0,00 $;5,68 $;0,00 $;0,00 $;100,00%;2354,32 $;2354,32 $;0,00 $;2354,32 $;0,00 $;240,00;205,00 $;3060,00 $;705,68 $;0,07%;
17/09/2021;1;59214,68 $;-640,68 $;0,00 $;-640,68 $;5,68 $;-640,68 $;-640,68 $;0,00%;-640,68 $;0,00 $;-640,68 $;0,00 $;-640,68 $;240,00;1090,00 $;665,00 $;1305,68 $;0,07%;
20/09/2021;1;55949,00 $;-3265,68 $;0,00 $;-3265,68 $;5,68 $;-3906,36 $;-3265,68 $;0,00%;-3265,68 $;0,00 $;-3265,68 $;0,00 $;-3265,68 $;240,00;4615,00 $;110,00 $;3375,68 $;0,07%;
21/09/2021;1;53878,32 $;-2070,68 $;0,00 $;-2070,68 $;5,68 $;-5977,04 $;-2070,68 $;0,00%;-2070,68 $;0,00 $;-2070,68 $;0,00 $;-2070,68 $;210,00;2435,00 $;365,00 $;2435,68 $;0,07%;
22/09/2021;1;54922,64 $;1044,32 $;1044,32 $;0,00 $;5,68 $;-4932,72 $;0,00 $;100,00%;1044,32 $;1044,32 $;0,00 $;1044,32 $;0,00 $;240,00;1000,00 $;1735,00 $;690,68 $;0,07%;
27/09/2021;1;55341,96 $;419,32 $;419,32 $;0,00 $;5,68 $;-4513,40 $;0,00 $;100,00%;419,32 $;419,32 $;0,00 $;419,32 $;0,00 $;240,00;1415,00 $;635,00 $;215,68 $;0,07%;
28/09/2021;1;55591,28 $;249,32 $;249,32 $;0,00 $;5,68 $;-4264,08 $;0,00 $;100,00%;249,32 $;249,32 $;0,00 $;249,32 $;0,00 $;240,00;985,00 $;1695,00 $;1445,68 $;0,07%;
30/09/2021;1;54490,60 $;-1100,68 $;0,00 $;-1100,68 $;5,68 $;-5364,76 $;-1100,68 $;0,00%;-1100,68 $;0,00 $;-1100,68 $;0,00 $;-1100,68 $;240,00;2945,00 $;45,00 $;1145,68 $;0,07%;
01/10/2021;1;56784,92 $;2294,32 $;2294,32 $;0,00 $;5,68 $;-3070,44 $;0,00 $;100,00%;2294,32 $;2294,32 $;0,00 $;2294,32 $;0,00 $;240,00;390,00 $;3055,00 $;760,68 $;0,07%;
04/10/2021;1;55984,24 $;-800,68 $;0,00 $;-800,68 $;5,68 $;-3871,12 $;-800,68 $;0,00%;-800,68 $;0,00 $;-800,68 $;0,00 $;-800,68 $;240,00;1595,00 $;960,00 $;1760,68 $;0,07%;
05/10/2021;1;54803,56 $;-1180,68 $;0,00 $;-1180,68 $;5,68 $;-5051,80 $;-1180,68 $;0,00%;-1180,68 $;0,00 $;-1180,68 $;0,00 $;-1180,68 $;210,00;1265,00 $;810,00 $;1990,68 $;0,07%;
06/10/2021;1;57172,88 $;2369,32 $;2369,32 $;0,00 $;5,68 $;-2682,48 $;0,00 $;100,00%;2369,32 $;2369,32 $;0,00 $;2369,32 $;0,00 $;240,00;635,00 $;3005,00 $;635,68 $;0,07%;
07/10/2021;1;55567,20 $;-1605,68 $;0,00 $;-1605,68 $;5,68 $;-4288,16 $;-1605,68 $;0,00%;-1605,68 $;0,00 $;-1605,68 $;0,00 $;-1605,68 $;210,00;2120,00 $;275,00 $;1880,68 $;0,07%;
11/10/2021;1;53396,52 $;-2170,68 $;0,00 $;-2170,68 $;5,68 $;-6458,84 $;-2170,68 $;0,00%;-2170,68 $;0,00 $;-2170,68 $;0,00 $;-2170,68 $;90,00;2325,00 $;225,00 $;2395,68 $;0,07%;
12/10/2021;1;53275,84 $;-120,68 $;0,00 $;-120,68 $;5,68 $;-6579,52 $;-120,68 $;0,00%;-120,68 $;0,00 $;-120,68 $;0,00 $;-120,68 $;240,00;755,00 $;1175,00 $;1295,68 $;0,07%;
13/10/2021;2;54019,48 $;743,64 $;743,64 $;0,00 $;11,36 $;-5865,20 $;0,00 $;100,00%;371,82 $;371,82 $;0,00 $;714,32 $;0,00 $;240,00;405,00 $;992,50 $;620,68 $;0,14%;
14/10/2021;1;54903,80 $;884,32 $;884,32 $;0,00 $;5,68 $;-4951,56 $;0,00 $;100,00%;884,32 $;884,32 $;0,00 $;884,32 $;0,00 $;150,00;170,00 $;1020,00 $;135,68 $;0,07%;
15/10/2021;1;55173,12 $;269,32 $;269,32 $;0,00 $;5,68 $;-4682,24 $;0,00 $;100,00%;269,32 $;269,32 $;0,00 $;269,32 $;0,00 $;240,00;935,00 $;340,00 $;70,68 $;0,07%;
18/10/2021;1;56922,44 $;1749,32 $;1749,32 $;0,00 $;5,68 $;-2932,92 $;0,00 $;100,00%;1749,32 $;1749,32 $;0,00 $;1749,32 $;0,00 $;240,00;65,00 $;1890,00 $;140,68 $;0,07%;
20/10/2021;1;56286,76 $;-635,68 $;0,00 $;-635,68 $;5,68 $;-3568,60 $;-635,68 $;0,00%;-635,68 $;0,00 $;-635,68 $;0,00 $;-635,68 $;240,00;1610,00 $;450,00 $;1085,68 $;0,07%;
21/10/2021;1;55556,08 $;-730,68 $;0,00 $;-730,68 $;5,68 $;-4299,28 $;-730,68 $;0,00%;-730,68 $;0,00 $;-730,68 $;0,00 $;-730,68 $;210,00;760,00 $;1160,00 $;1890,68 $;0,07%;
22/10/2021;1;55505,40 $;-50,68 $;0,00 $;-50,68 $;5,68 $;-4349,96 $;-50,68 $;0,00%;-50,68 $;0,00 $;-50,68 $;0,00 $;-50,68 $;240,00;1280,00 $;915,00 $;965,68 $;0,07%;
26/10/2021;1;54829,72 $;-675,68 $;0,00 $;-675,68 $;5,68 $;-5025,64 $;-675,68 $;0,00%;-675,68 $;0,00 $;-675,68 $;0,00 $;-675,68 $;210,00;1500,00 $;385,00 $;1060,68 $;0,07%;
27/10/2021;1;52564,04 $;-2265,68 $;0,00 $;-2265,68 $;5,68 $;-7291,32 $;-2265,68 $;0,00%;-2265,68 $;0,00 $;-2265,68 $;0,00 $;-2265,68 $;150,00;2490,00 $;230,00 $;2495,68 $;0,07%;
28/10/2021;1;52543,36 $;-20,68 $;0,00 $;-20,68 $;5,68 $;-7312,00 $;-20,68 $;0,00%;-20,68 $;0,00 $;-20,68 $;0,00 $;-20,68 $;240,00;1045,00 $;395,00 $;415,68 $;0,07%;
29/10/2021;1;54492,68 $;1949,32 $;1949,32 $;0,00 $;5,68 $;-5362,68 $;0,00 $;100,00%;1949,32 $;1949,32 $;0,00 $;1949,32 $;0,00 $;90,00;150,00 $;1970,00 $;20,68 $;0,07%;
01/11/2021;1;54622,00 $;129,32 $;129,32 $;0,00 $;5,68 $;-5233,36 $;0,00 $;100,00%;129,32 $;129,32 $;0,00 $;129,32 $;0,00 $;240,00;1105,00 $;550,00 $;420,68 $;0,07%;
02/11/2021;1;55021,32 $;399,32 $;399,32 $;0,00 $;5,68 $;-4834,04 $;0,00 $;100,00%;399,32 $;399,32 $;0,00 $;399,32 $;0,00 $;210,00;685,00 $;785,00 $;385,68 $;0,07%;
03/11/2021;1;57990,64 $;2969,32 $;2969,32 $;0,00 $;5,68 $;-1864,72 $;0,00 $;100,00%;2969,32 $;2969,32 $;0,00 $;2969,32 $;0,00 $;210,00;440,00 $;3365,00 $;395,68 $;0,07%;
04/11/2021;1;59604,96 $;1614,32 $;1614,32 $;0,00 $;5,68 $;-250,40 $;0,00 $;100,00%;1614,32 $;1614,32 $;0,00 $;1614,32 $;0,00 $;240,00;125,00 $;2530,00 $;915,68 $;0,07%;
05/11/2021;1;57984,28 $;-1620,68 $;0,00 $;-1620,68 $;5,68 $;-1871,08 $;-1620,68 $;0,00%;-1620,68 $;0,00 $;-1620,68 $;0,00 $;-1620,68 $;210,00;2525,00 $;115,00 $;1735,68 $;0,07%;
08/11/2021;1;57828,60 $;-155,68 $;0,00 $;-155,68 $;5,68 $;-2026,76 $;-155,68 $;0,00%;-155,68 $;0,00 $;-155,68 $;0,00 $;-155,68 $;240,00;975,00 $;455,00 $;610,68 $;0,07%;
09/11/2021;1;57607,92 $;-220,68 $;0,00 $;-220,68 $;5,68 $;-2247,44 $;-220,68 $;0,00%;-220,68 $;0,00 $;-220,68 $;0,00 $;-220,68 $;210,00;1005,00 $;690,00 $;910,68 $;0,07%;
10/11/2021;1;58572,24 $;964,32 $;964,32 $;0,00 $;5,68 $;-1283,12 $;0,00 $;100,00%;964,32 $;964,32 $;0,00 $;964,32 $;0,00 $;90,00;825,00 $;1400,00 $;435,68 $;0,07%;
12/11/2021;1;58876,56 $;304,32 $;304,32 $;0,00 $;5,68 $;-978,80 $;0,00 $;100,00%;304,32 $;304,32 $;0,00 $;304,32 $;0,00 $;240,00;520,00 $;360,00 $;55,68 $;0,07%;
15/11/2021;1;60660,88 $;1784,32 $;1784,32 $;0,00 $;5,68 $;0,00 $;0,00 $;100,00%;1784,32 $;1784,32 $;0,00 $;1784,32 $;0,00 $;210,00;25,00 $;1900,00 $;115,68 $;0,07%;
16/11/2021;1;60755,20 $;94,32 $;94,32 $;0,00 $;5,68 $;0,00 $;0,00 $;100,00%;94,32 $;94,32 $;0,00 $;94,32 $;0,00 $;240,00;405,00 $;515,00 $;420,68 $;0,07%;
17/11/2021;1;59954,52 $;-800,68 $;0,00 $;-800,68 $;5,68 $;-800,68 $;-800,68 $;0,00%;-800,68 $;0,00 $;-800,68 $;0,00 $;-800,68 $;240,00;1320,00 $;845,00 $;1645,68 $;0,07%;
18/11/2021;1;61733,84 $;1779,32 $;1779,32 $;0,00 $;5,68 $;0,00 $;0,00 $;100,00%;1779,32 $;1779,32 $;0,00 $;1779,32 $;0,00 $;240,00;5,00 $;2080,00 $;300,68 $;0,07%;
19/11/2021;1;61123,16 $;-610,68 $;0,00 $;-610,68 $;5,68 $;-610,68 $;-610,68 $;0,00%;-610,68 $;0,00 $;-610,68 $;0,00 $;-610,68 $;240,00;1475,00 $;425,00 $;1035,68 $;0,07%;
22/11/2021;1;59842,48 $;-1280,68 $;0,00 $;-1280,68 $;5,68 $;-1891,36 $;-1280,68 $;0,00%;-1280,68 $;0,00 $;-1280,68 $;0,00 $;-1280,68 $;240,00;3150,00 $;470,00 $;1750,68 $;0,07%;
23/11/2021;1;61091,80 $;1249,32 $;1249,32 $;0,00 $;5,68 $;-642,04 $;0,00 $;100,00%;1249,32 $;1249,32 $;0,00 $;1249,32 $;0,00 $;210,00;2030,00 $;1975,00 $;725,68 $;0,07%;
26/11/2021;1;60491,12 $;-600,68 $;0,00 $;-600,68 $;5,68 $;-1242,72 $;-600,68 $;0,00%;-600,68 $;0,00 $;-600,68 $;0,00 $;-600,68 $;45,00;1705,00 $;1280,00 $;1880,68 $;0,07%;
29/11/2021;1;63160,44 $;2669,32 $;2669,32 $;0,00 $;5,68 $;0,00 $;0,00 $;100,00%;2669,32 $;2669,32 $;0,00 $;2669,32 $;0,00 $;240,00;715,00 $;3125,00 $;455,68 $;0,07%;
30/11/2021;1;62249,76 $;-910,68 $;0,00 $;-910,68 $;5,68 $;-910,68 $;-910,68 $;0,00%;-910,68 $;0,00 $;-910,68 $;0,00 $;-910,68 $;240,00;1935,00 $;1180,00 $;2090,68 $;0,07%;
01/12/2021;1;53699,08 $;-8550,68 $;0,00 $;-8550,68 $;5,68 $;-9461,36 $;-8550,68 $;0,00%;-8550,68 $;0,00 $;-8550,68 $;0,00 $;-8550,68 $;240,00;9310,00 $;255,00 $;8805,68 $;0,07%;
03/12/2021;1;51633,40 $;-2065,68 $;0,00 $;-2065,68 $;5,68 $;-11527,04 $;-2065,68 $;0,00%;-2065,68 $;0,00 $;-2065,68 $;0,00 $;-2065,68 $;240,00;3430,00 $;225,00 $;2290,68 $;0,07%;
07/12/2021;1;51352,72 $;-280,68 $;0,00 $;-280,68 $;5,68 $;-11807,72 $;-280,68 $;0,00%;-280,68 $;0,00 $;-280,68 $;0,00 $;-280,68 $;240,00;280,00 $;1300,00 $;1580,68 $;0,07%;
08/12/2021;1;52322,04 $;969,32 $;969,32 $;0,00 $;5,68 $;-10838,40 $;0,00 $;100,00%;969,32 $;969,32 $;0,00 $;969,32 $;0,00 $;240,00;600,00 $;1205,00 $;235,68 $;0,07%;
09/12/2021;1;52476,36 $;154,32 $;154,32 $;0,00 $;5,68 $;-10684,08 $;0,00 $;100,00%;154,32 $;154,32 $;0,00 $;154,32 $;0,00 $;0,00;40,00 $;195,00 $;40,68 $;0,07%;
10/12/2021;1;53680,68 $;1204,32 $;1204,32 $;0,00 $;5,68 $;-9479,76 $;0,00 $;100,00%;1204,32 $;1204,32 $;0,00 $;1204,32 $;0,00 $;240,00;780,00 $;1390,00 $;185,68 $;0,07%;
13/12/2021;1;53475,00 $;-205,68 $;0,00 $;-205,68 $;5,68 $;-9685,44 $;-205,68 $;0,00%;-205,68 $;0,00 $;-205,68 $;0,00 $;-205,68 $;240,00;990,00 $;945,00 $;1150,68 $;0,07%;
14/12/2021;1;56749,32 $;3274,32 $;3274,32 $;0,00 $;5,68 $;-6411,12 $;0,00 $;100,00%;3274,32 $;3274,32 $;0,00 $;3274,32 $;0,00 $;210,00;615,00 $;4030,00 $;755,68 $;0,07%;
15/12/2021;2;64497,96 $;7748,64 $;7829,32 $;-80,68 $;11,36 $;-80,68 $;-80,68 $;50,00%;3874,32 $;7829,32 $;-80,68 $;7829,32 $;-80,68 $;270,00;822,50 $;4255,00 $;380,68 $;0,14%;
16/12/2021;1;60997,28 $;-3500,68 $;0,00 $;-3500,68 $;5,68 $;-3581,36 $;-3500,68 $;0,00%;-3500,68 $;0,00 $;-3500,68 $;0,00 $;-3500,68 $;240,00;5285,00 $;95,00 $;3595,68 $;0,07%;
20/12/2021;1;62831,60 $;1834,32 $;1834,32 $;0,00 $;5,68 $;-1747,04 $;0,00 $;100,00%;1834,32 $;1834,32 $;0,00 $;1834,32 $;0,00 $;240,00;635,00 $;2550,00 $;715,68 $;0,07%;
22/12/2021;1;64165,92 $;1334,32 $;1334,32 $;0,00 $;5,68 $;-412,72 $;0,00 $;100,00%;1334,32 $;1334,32 $;0,00 $;1334,32 $;0,00 $;210,00;1445,00 $;1435,00 $;100,68 $;0,07%;
23/12/2021;1;64000,24 $;-165,68 $;0,00 $;-165,68 $;5,68 $;-578,40 $;-165,68 $;0,00%;-165,68 $;0,00 $;-165,68 $;0,00 $;-165,68 $;210,00;380,00 $;1025,00 $;1190,68 $;0,07%;
27/12/2021;1;64959,56 $;959,32 $;959,32 $;0,00 $;5,68 $;0,00 $;0,00 $;100,00%;959,32 $;959,32 $;0,00 $;959,32 $;0,00 $;240,00;320,00 $;975,00 $;15,68 $;0,07%;
28/12/2021;1;64358,88 $;-600,68 $;0,00 $;-600,68 $;5,68 $;-600,68 $;-600,68 $;0,00%;-600,68 $;0,00 $;-600,68 $;0,00 $;-600,68 $;240,00;1505,00 $;645,00 $;1245,68 $;0,07%;
29/12/2021;1;65108,20 $;749,32 $;749,32 $;0,00 $;5,68 $;0,00 $;0,00 $;100,00%;749,32 $;749,32 $;0,00 $;749,32 $;0,00 $;240,00;670,00 $;1100,00 $;350,68 $;0,07%;
30/12/2021;1;65082,52 $;-25,68 $;0,00 $;-25,68 $;5,68 $;-25,68 $;-25,68 $;0,00%;-25,68 $;0,00 $;-25,68 $;0,00 $;-25,68 $;0,00;160,00 $;70,00 $;95,68 $;0,07%;
31/12/2021;1;64731,84 $;-350,68 $;0,00 $;-350,68 $;5,68 $;-376,36 $;-350,68 $;0,00%;-350,68 $;0,00 $;-350,68 $;0,00 $;-350,68 $;240,00;1030,00 $;75,00 $;425,68 $;0,07%;
03/01/2022;1;66051,16 $;1319,32 $;1319,32 $;0,00 $;5,68 $;0,00 $;0,00 $;100,00%;1319,32 $;1319,32 $;0,00 $;1319,32 $;0,00 $;150,00;85,00 $;1570,00 $;250,68 $;0,07%;
04/01/2022;1;67870,48 $;1819,32 $;1819,32 $;0,00 $;5,68 $;0,00 $;0,00 $;100,00%;1819,32 $;1819,32 $;0,00 $;1819,32 $;0,00 $;240,00;1100,00 $;1860,00 $;40,68 $;0,07%;
06/01/2022;1;67554,80 $;-315,68 $;0,00 $;-315,68 $;5,68 $;-315,68 $;-315,68 $;0,00%;-315,68 $;0,00 $;-315,68 $;0,00 $;-315,68 $;240,00;985,00 $;1345,00 $;1660,68 $;0,07%;
07/01/2022;1;67589,12 $;34,32 $;34,32 $;0,00 $;5,68 $;-281,36 $;0,00 $;100,00%;34,32 $;34,32 $;0,00 $;34,32 $;0,00 $;240,00;1110,00 $;1235,00 $;1200,68 $;0,07%;
10/01/2022;1;70613,44 $;3024,32 $;3024,32 $;0,00 $;5,68 $;0,00 $;0,00 $;100,00%;3024,32 $;3024,32 $;0,00 $;3024,32 $;0,00 $;240,00;2360,00 $;3755,00 $;730,68 $;0,07%;
11/01/2022;1;71982,76 $;1369,32 $;1369,32 $;0,00 $;5,68 $;0,00 $;0,00 $;100,00%;1369,32 $;1369,32 $;0,00 $;1369,32 $;0,00 $;240,00;410,00 $;1750,00 $;380,68 $;0,07%;
12/01/2022;2;71746,40 $;-236,36 $;94,32 $;-330,68 $;11,36 $;-330,68 $;-330,68 $;50,00%;-118,18 $;94,32 $;-330,68 $;94,32 $;-330,68 $;270,00;305,00 $;860,00 $;978,18 $;0,14%;
13/01/2022;1;68660,72 $;-3085,68 $;0,00 $;-3085,68 $;5,68 $;-3416,36 $;-3085,68 $;0,00%;-3085,68 $;0,00 $;-3085,68 $;0,00 $;-3085,68 $;210,00;3465,00 $;1645,00 $;4730,68 $;0,07%;
18/01/2022;1;67410,04 $;-1250,68 $;0,00 $;-1250,68 $;5,68 $;-4667,04 $;-1250,68 $;0,00%;-1250,68 $;0,00 $;-1250,68 $;0,00 $;-1250,68 $;210,00;2340,00 $;825,00 $;2075,68 $;0,07%;
19/01/2022;1;67104,36 $;-305,68 $;0,00 $;-305,68 $;5,68 $;-4972,72 $;-305,68 $;0,00%;-305,68 $;0,00 $;-305,68 $;0,00 $;-305,68 $;240,00;750,00 $;3365,00 $;3670,68 $;0,07%;
20/01/2022;1;60533,68 $;-6570,68 $;0,00 $;-6570,68 $;5,68 $;-11543,40 $;-6570,68 $;0,00%;-6570,68 $;0,00 $;-6570,68 $;0,00 $;-6570,68 $;240,00;6965,00 $;280,00 $;6850,68 $;0,07%;
21/01/2022;1;59128,00 $;-1405,68 $;0,00 $;-1405,68 $;5,68 $;-12949,08 $;-1405,68 $;0,00%;-1405,68 $;0,00 $;-1405,68 $;0,00 $;-1405,68 $;240,00;1525,00 $;4540,00 $;5945,68 $;0,07%;
24/01/2022;1;73132,32 $;14004,32 $;14004,32 $;0,00 $;5,68 $;0,00 $;0,00 $;100,00%;14004,32 $;14004,32 $;0,00 $;14004,32 $;0,00 $;210,00;800,00 $;14710,00 $;705,68 $;0,07%;
27/01/2022;1;68041,64 $;-5090,68 $;0,00 $;-5090,68 $;5,68 $;-5090,68 $;-5090,68 $;0,00%;-5090,68 $;0,00 $;-5090,68 $;0,00 $;-5090,68 $;240,00;6120,00 $;1980,00 $;7070,68 $;0,07%;
28/01/2022;1;68770,96 $;729,32 $;729,32 $;0,00 $;5,68 $;-4361,36 $;0,00 $;100,00%;729,32 $;729,32 $;0,00 $;729,32 $;0,00 $;240,00;3175,00 $;1890,00 $;1160,68 $;0,07%;
31/01/2022;1;71385,28 $;2614,32 $;2614,32 $;0,00 $;5,68 $;-1747,04 $;0,00 $;100,00%;2614,32 $;2614,32 $;0,00 $;2614,32 $;0,00 $;210,00;400,00 $;3605,00 $;990,68 $;0,07%;
01/02/2022;1;75779,60 $;4394,32 $;4394,32 $;0,00 $;5,68 $;0,00 $;0,00 $;100,00%;4394,32 $;4394,32 $;0,00 $;4394,32 $;0,00 $;210,00;1365,00 $;4415,00 $;20,68 $;0,07%;
02/02/2022;1;77913,92 $;2134,32 $;2134,32 $;0,00 $;5,68 $;0,00 $;0,00 $;100,00%;2134,32 $;2134,32 $;0,00 $;2134,32 $;0,00 $;240,00;1205,00 $;3025,00 $;890,68 $;0,07%;
03/02/2022;1;79983,24 $;2069,32 $;2069,32 $;0,00 $;5,68 $;0,00 $;0,00 $;100,00%;2069,32 $;2069,32 $;0,00 $;2069,32 $;0,00 $;210,00;4420,00 $;2530,00 $;460,68 $;0,07%;
04/02/2022;1;84697,56 $;4714,32 $;4714,32 $;0,00 $;5,68 $;0,00 $;0,00 $;100,00%;4714,32 $;4714,32 $;0,00 $;4714,32 $;0,00 $;240,00;210,00 $;5575,00 $;860,68 $;0,07%;
07/02/2022;1;84111,88 $;-585,68 $;0,00 $;-585,68 $;5,68 $;-585,68 $;-585,68 $;0,00%;-585,68 $;0,00 $;-585,68 $;0,00 $;-585,68 $;240,00;2280,00 $;1150,00 $;1735,68 $;0,07%;
08/02/2022;1;85281,20 $;1169,32 $;1169,32 $;0,00 $;5,68 $;0,00 $;0,00 $;100,00%;1169,32 $;1169,32 $;0,00 $;1169,32 $;0,00 $;150,00;1425,00 $;1780,00 $;610,68 $;0,07%;
09/02/2022;1;86605,52 $;1324,32 $;1324,32 $;0,00 $;5,68 $;0,00 $;0,00 $;100,00%;1324,32 $;1324,32 $;0,00 $;1324,32 $;0,00 $;240,00;605,00 $;1700,00 $;375,68 $;0,07%;
10/02/2022;1;82944,84 $;-3660,68 $;0,00 $;-3660,68 $;5,68 $;-3660,68 $;-3660,68 $;0,00%;-3660,68 $;0,00 $;-3660,68 $;0,00 $;-3660,68 $;240,00;4235,00 $;1470,00 $;5130,68 $;0,07%;
11/02/2022;1;76614,16 $;-6330,68 $;0,00 $;-6330,68 $;5,68 $;-9991,36 $;-6330,68 $;0,00%;-6330,68 $;0,00 $;-6330,68 $;0,00 $;-6330,68 $;240,00;7335,00 $;470,00 $;6800,68 $;0,07%;
14/02/2022;1;76938,48 $;324,32 $;324,32 $;0,00 $;5,68 $;-9667,04 $;0,00 $;100,00%;324,32 $;324,32 $;0,00 $;324,32 $;0,00 $;30,00;480,00 $;1000,00 $;675,68 $;0,07%;
16/02/2022;1;80042,80 $;3104,32 $;3104,32 $;0,00 $;5,68 $;-6562,72 $;0,00 $;100,00%;3104,32 $;3104,32 $;0,00 $;3104,32 $;0,00 $;210,00;1080,00 $;4120,00 $;1015,68 $;0,07%;
17/02/2022;2;76141,44 $;-3901,36 $;89,32 $;-3990,68 $;11,36 $;-10553,40 $;-3990,68 $;50,00%;-1950,68 $;89,32 $;-3990,68 $;89,32 $;-3990,68 $;270,00;2102,50 $;270,00 $;2220,68 $;0,14%;
18/02/2022;1;75740,76 $;-400,68 $;0,00 $;-400,68 $;5,68 $;-10864,76 $;-400,68 $;0,00%;-400,68 $;0,00 $;-400,68 $;0,00 $;-400,68 $;240,00;2545,00 $;2205,00 $;2605,68 $;0,07%;
21/02/2022;1;73280,08 $;-2460,68 $;0,00 $;-2460,68 $;5,68 $;-13325,44 $;-2460,68 $;0,00%;-2460,68 $;0,00 $;-2460,68 $;0,00 $;-2460,68 $;90,00;2840,00 $;165,00 $;2625,68 $;0,07%;
22/02/2022;1;74839,40 $;1559,32 $;1559,32 $;0,00 $;5,68 $;-11766,12 $;0,00 $;100,00%;1559,32 $;1559,32 $;0,00 $;1559,32 $;0,00 $;210,00;2850,00 $;3210,00 $;1650,68 $;0,07%;
23/02/2022;1;71678,72 $;-3160,68 $;0,00 $;-3160,68 $;5,68 $;-14926,80 $;-3160,68 $;0,00%;-3160,68 $;0,00 $;-3160,68 $;0,00 $;-3160,68 $;240,00;4255,00 $;2540,00 $;5700,68 $;0,07%;
24/02/2022;1;80273,04 $;8594,32 $;8594,32 $;0,00 $;5,68 $;-6332,48 $;0,00 $;100,00%;8594,32 $;8594,32 $;0,00 $;8594,32 $;0,00 $;150,00;30,00 $;10045,00 $;1450,68 $;0,07%;
28/02/2022;1;77112,36 $;-3160,68 $;0,00 $;-3160,68 $;5,68 $;-9493,16 $;-3160,68 $;0,00%;-3160,68 $;0,00 $;-3160,68 $;0,00 $;-3160,68 $;240,00;5380,00 $;550,00 $;3710,68 $;0,07%;
02/03/2022;1;79031,68 $;1919,32 $;1919,32 $;0,00 $;5,68 $;-7573,84 $;0,00 $;100,00%;1919,32 $;1919,32 $;0,00 $;1919,32 $;0,00 $;240,00;520,00 $;2345,00 $;425,68 $;0,07%;
03/03/2022;1;77841,00 $;-1190,68 $;0,00 $;-1190,68 $;5,68 $;-8764,52 $;-1190,68 $;0,00%;-1190,68 $;0,00 $;-1190,68 $;0,00 $;-1190,68 $;240,00;2085,00 $;2240,00 $;3430,68 $;0,07%;
04/03/2022;1;78000,32 $;159,32 $;159,32 $;0,00 $;5,68 $;-8605,20 $;0,00 $;100,00%;159,32 $;159,32 $;0,00 $;159,32 $;0,00 $;240,00;770,00 $;3085,00 $;2925,68 $;0,07%;
08/03/2022;1;81049,64 $;3049,32 $;3049,32 $;0,00 $;5,68 $;-5555,88 $;0,00 $;100,00%;3049,32 $;3049,32 $;0,00 $;3049,32 $;0,00 $;240,00;1580,00 $;9375,00 $;6325,68 $;0,07%;
10/03/2022;1;84508,96 $;3459,32 $;3459,32 $;0,00 $;5,68 $;-2096,56 $;0,00 $;100,00%;3459,32 $;3459,32 $;0,00 $;3459,32 $;0,00 $;240,00;195,00 $;4500,00 $;1040,68 $;0,07%;
11/03/2022;1;82413,28 $;-2095,68 $;0,00 $;-2095,68 $;5,68 $;-4192,24 $;-2095,68 $;0,00%;-2095,68 $;0,00 $;-2095,68 $;0,00 $;-2095,68 $;240,00;2090,00 $;860,00 $;2955,68 $;0,07%;
14/03/2022;1;80672,60 $;-1740,68 $;0,00 $;-1740,68 $;5,68 $;-5932,92 $;-1740,68 $;0,00%;-1740,68 $;0,00 $;-1740,68 $;0,00 $;-1740,68 $;210,00;2905,00 $;240,00 $;1980,68 $;0,07%;
16/03/2022;1;80746,92 $;74,32 $;74,32 $;0,00 $;5,68 $;-5858,60 $;0,00 $;100,00%;74,32 $;74,32 $;0,00 $;74,32 $;0,00 $;0,00;130,00 $;605,00 $;530,68 $;0,07%;
17/03/2022;1;81151,24 $;404,32 $;404,32 $;0,00 $;5,68 $;-5454,28 $;0,00 $;100,00%;404,32 $;404,32 $;0,00 $;404,32 $;0,00 $;150,00;555,00 $;1975,00 $;1570,68 $;0,07%;
18/03/2022;1;84420,56 $;3269,32 $;3269,32 $;0,00 $;5,68 $;-2184,96 $;0,00 $;100,00%;3269,32 $;3269,32 $;0,00 $;3269,32 $;0,00 $;240,00;335,00 $;3435,00 $;165,68 $;0,07%;
22/03/2022;1;85364,88 $;944,32 $;944,32 $;0,00 $;5,68 $;-1240,64 $;0,00 $;100,00%;944,32 $;944,32 $;0,00 $;944,32 $;0,00 $;150,00;335,00 $;1675,00 $;730,68 $;0,07%;
25/03/2022;1;87294,20 $;1929,32 $;1929,32 $;0,00 $;5,68 $;0,00 $;0,00 $;100,00%;1929,32 $;1929,32 $;0,00 $;1929,32 $;0,00 $;210,00;835,00 $;2120,00 $;190,68 $;0,07%;
28/03/2022;1;89638,52 $;2344,32 $;2344,32 $;0,00 $;5,68 $;0,00 $;0,00 $;100,00%;2344,32 $;2344,32 $;0,00 $;2344,32 $;0,00 $;240,00;2560,00 $;2480,00 $;135,68 $;0,07%;
29/03/2022;1;91912,84 $;2274,32 $;2274,32 $;0,00 $;5,68 $;0,00 $;0,00 $;100,00%;2274,32 $;2274,32 $;0,00 $;2274,32 $;0,00 $;240,00;1275,00 $;2320,00 $;45,68 $;0,07%;
30/03/2022;1;90252,16 $;-1660,68 $;0,00 $;-1660,68 $;5,68 $;-1660,68 $;-1660,68 $;0,00%;-1660,68 $;0,00 $;-1660,68 $;0,00 $;-1660,68 $;240,00;2115,00 $;1575,00 $;3235,68 $;0,07%;
31/03/2022;1;89346,48 $;-905,68 $;0,00 $;-905,68 $;5,68 $;-2566,36 $;-905,68 $;0,00%;-905,68 $;0,00 $;-905,68 $;0,00 $;-905,68 $;240,00;1460,00 $;820,00 $;1725,68 $;0,07%;
01/04/2022;1;88320,80 $;-1025,68 $;0,00 $;-1025,68 $;5,68 $;-3592,04 $;-1025,68 $;0,00%;-1025,68 $;0,00 $;-1025,68 $;0,00 $;-1025,68 $;240,00;2080,00 $;550,00 $;1575,68 $;0,07%;
04/04/2022;1;89175,12 $;854,32 $;854,32 $;0,00 $;5,68 $;-2737,72 $;0,00 $;100,00%;854,32 $;854,32 $;0,00 $;854,32 $;0,00 $;210,00;1060,00 $;1060,00 $;205,68 $;0,07%;
06/04/2022;1;90619,44 $;1444,32 $;1444,32 $;0,00 $;5,68 $;-1293,40 $;0,00 $;100,00%;1444,32 $;1444,32 $;0,00 $;1444,32 $;0,00 $;210,00;790,00 $;4370,00 $;2925,68 $;0,07%;
07/04/2022;1;93553,76 $;2934,32 $;2934,32 $;0,00 $;5,68 $;0,00 $;0,00 $;100,00%;2934,32 $;2934,32 $;0,00 $;2934,32 $;0,00 $;210,00;1235,00 $;5100,00 $;2165,68 $;0,07%;
08/04/2022;1;92688,08 $;-865,68 $;0,00 $;-865,68 $;5,68 $;-865,68 $;-865,68 $;0,00%;-865,68 $;0,00 $;-865,68 $;0,00 $;-865,68 $;240,00;1820,00 $;1390,00 $;2255,68 $;0,07%;
11/04/2022;1;92377,40 $;-310,68 $;0,00 $;-310,68 $;5,68 $;-1176,36 $;-310,68 $;0,00%;-310,68 $;0,00 $;-310,68 $;0,00 $;-310,68 $;240,00;445,00 $;1440,00 $;1750,68 $;0,07%;
12/04/2022;1;89926,72 $;-2450,68 $;0,00 $;-2450,68 $;5,68 $;-3627,04 $;-2450,68 $;0,00%;-2450,68 $;0,00 $;-2450,68 $;0,00 $;-2450,68 $;210,00;3880,00 $;1165,00 $;3615,68 $;0,07%;
13/04/2022;1;91656,04 $;1729,32 $;1729,32 $;0,00 $;5,68 $;-1897,72 $;0,00 $;100,00%;1729,32 $;1729,32 $;0,00 $;1729,32 $;0,00 $;240,00;625,00 $;1775,00 $;45,68 $;0,07%;
19/04/2022;1;90480,36 $;-1175,68 $;0,00 $;-1175,68 $;5,68 $;-3073,40 $;-1175,68 $;0,00%;-1175,68 $;0,00 $;-1175,68 $;0,00 $;-1175,68 $;210,00;1710,00 $;1830,00 $;3005,68 $;0,07%;
20/04/2022;1;90229,68 $;-250,68 $;0,00 $;-250,68 $;5,68 $;-3324,08 $;-250,68 $;0,00%;-250,68 $;0,00 $;-250,68 $;0,00 $;-250,68 $;240,00;1710,00 $;1480,00 $;1730,68 $;0,07%;
21/04/2022;1;88404,00 $;-1825,68 $;0,00 $;-1825,68 $;5,68 $;-5149,76 $;-1825,68 $;0,00%;-1825,68 $;0,00 $;-1825,68 $;0,00 $;-1825,68 $;90,00;2780,00 $;955,00 $;2780,68 $;0,07%;
22/04/2022;1;84738,32 $;-3665,68 $;0,00 $;-3665,68 $;5,68 $;-8815,44 $;-3665,68 $;0,00%;-3665,68 $;0,00 $;-3665,68 $;0,00 $;-3665,68 $;240,00;4840,00 $;300,00 $;3965,68 $;0,07%;
25/04/2022;1;88047,64 $;3309,32 $;3309,32 $;0,00 $;5,68 $;-5506,12 $;0,00 $;100,00%;3309,32 $;3309,32 $;0,00 $;3309,32 $;0,00 $;240,00;1405,00 $;3645,00 $;335,68 $;0,07%;
27/04/2022;1;86446,96 $;-1600,68 $;0,00 $;-1600,68 $;5,68 $;-7106,80 $;-1600,68 $;0,00%;-1600,68 $;0,00 $;-1600,68 $;0,00 $;-1600,68 $;240,00;2260,00 $;2455,00 $;4055,68 $;0,07%;
28/04/2022;1;87931,28 $;1484,32 $;1484,32 $;0,00 $;5,68 $;-5622,48 $;0,00 $;100,00%;1484,32 $;1484,32 $;0,00 $;1484,32 $;0,00 $;210,00;155,00 $;5755,00 $;4270,68 $;0,07%;
29/04/2022;1;82640,60 $;-5290,68 $;0,00 $;-5290,68 $;5,68 $;-10913,16 $;-5290,68 $;0,00%;-5290,68 $;0,00 $;-5290,68 $;0,00 $;-5290,68 $;240,00;5355,00 $;1075,00 $;6365,68 $;0,07%;
04/05/2022;1;91409,92 $;8769,32 $;8769,32 $;0,00 $;5,68 $;-2143,84 $;0,00 $;100,00%;8769,32 $;8769,32 $;0,00 $;8769,32 $;0,00 $;210,00;2385,00 $;9945,00 $;1175,68 $;0,07%;
05/05/2022;1;91654,24 $;244,32 $;244,32 $;0,00 $;5,68 $;-1899,52 $;0,00 $;100,00%;244,32 $;244,32 $;0,00 $;244,32 $;0,00 $;0,00;170,00 $;580,00 $;335,68 $;0,07%;
06/05/2022;1;86183,56 $;-5470,68 $;0,00 $;-5470,68 $;5,68 $;-7370,20 $;-5470,68 $;0,00%;-5470,68 $;0,00 $;-5470,68 $;0,00 $;-5470,68 $;240,00;6360,00 $;280,00 $;5750,68 $;0,07%;
09/05/2022;1;82842,88 $;-3340,68 $;0,00 $;-3340,68 $;5,68 $;-10710,88 $;-3340,68 $;0,00%;-3340,68 $;0,00 $;-3340,68 $;0,00 $;-3340,68 $;210,00;4855,00 $;595,00 $;3935,68 $;0,07%;
10/05/2022;1;82602,20 $;-240,68 $;0,00 $;-240,68 $;5,68 $;-10951,56 $;-240,68 $;0,00%;-240,68 $;0,00 $;-240,68 $;0,00 $;-240,68 $;150,00;620,00 $;3470,00 $;3710,68 $;0,07%;
11/05/2022;1;76541,52 $;-6060,68 $;0,00 $;-6060,68 $;5,68 $;-17012,24 $;-6060,68 $;0,00%;-6060,68 $;0,00 $;-6060,68 $;0,00 $;-6060,68 $;240,00;6665,00 $;1440,00 $;7500,68 $;0,07%;
16/05/2022;2;77485,16 $;943,64 $;974,32 $;-30,68 $;11,36 $;-16068,60 $;-30,68 $;50,00%;471,82 $;974,32 $;-30,68 $;974,32 $;-30,68 $;270,00;407,50 $;1752,50 $;1280,68 $;0,14%;
17/05/2022;1;79934,48 $;2449,32 $;2449,32 $;0,00 $;5,68 $;-13619,28 $;0,00 $;100,00%;2449,32 $;2449,32 $;0,00 $;2449,32 $;0,00 $;240,00;1355,00 $;2680,00 $;230,68 $;0,07%;
18/05/2022;1;75288,80 $;-4645,68 $;0,00 $;-4645,68 $;5,68 $;-18264,96 $;-4645,68 $;0,00%;-4645,68 $;0,00 $;-4645,68 $;0,00 $;-4645,68 $;240,00;4805,00 $;790,00 $;5435,68 $;0,07%;
20/05/2022;1;78733,12 $;3444,32 $;3444,32 $;0,00 $;5,68 $;-14820,64 $;0,00 $;100,00%;3444,32 $;3444,32 $;0,00 $;3444,32 $;0,00 $;210,00;3035,00 $;4240,00 $;795,68 $;0,07%;
23/05/2022;1;79417,44 $;684,32 $;684,32 $;0,00 $;5,68 $;-14136,32 $;0,00 $;100,00%;684,32 $;684,32 $;0,00 $;684,32 $;0,00 $;240,00;710,00 $;2025,00 $;1340,68 $;0,07%;
24/05/2022;1;80911,76 $;1494,32 $;1494,32 $;0,00 $;5,68 $;-12642,00 $;0,00 $;100,00%;1494,32 $;1494,32 $;0,00 $;1494,32 $;0,00 $;240,00;620,00 $;2945,00 $;1450,68 $;0,07%;
25/05/2022;1;78951,08 $;-1960,68 $;0,00 $;-1960,68 $;5,68 $;-14602,68 $;-1960,68 $;0,00%;-1960,68 $;0,00 $;-1960,68 $;0,00 $;-1960,68 $;30,00;3510,00 $;400,00 $;2360,68 $;0,07%;
26/05/2022;1;78995,40 $;44,32 $;44,32 $;0,00 $;5,68 $;-14558,36 $;0,00 $;100,00%;44,32 $;44,32 $;0,00 $;44,32 $;0,00 $;0,00;30,00 $;115,00 $;70,68 $;0,07%;
30/05/2022;1;78724,72 $;-270,68 $;0,00 $;-270,68 $;5,68 $;-14829,04 $;-270,68 $;0,00%;-270,68 $;0,00 $;-270,68 $;0,00 $;-270,68 $;0,00;455,00 $;250,00 $;520,68 $;0,07%;
31/05/2022;1;77739,04 $;-985,68 $;0,00 $;-985,68 $;5,68 $;-15814,72 $;-985,68 $;0,00%;-985,68 $;0,00 $;-985,68 $;0,00 $;-985,68 $;210,00;2055,00 $;1280,00 $;2265,68 $;0,07%;
01/06/2022;1;78958,36 $;1219,32 $;1219,32 $;0,00 $;5,68 $;-14595,40 $;0,00 $;100,00%;1219,32 $;1219,32 $;0,00 $;1219,32 $;0,00 $;210,00;525,00 $;3670,00 $;2450,68 $;0,07%;
02/06/2022;1;81337,68 $;2379,32 $;2379,32 $;0,00 $;5,68 $;-12216,08 $;0,00 $;100,00%;2379,32 $;2379,32 $;0,00 $;2379,32 $;0,00 $;210,00;135,00 $;2605,00 $;225,68 $;0,07%;
03/06/2022;1;81907,00 $;569,32 $;569,32 $;0,00 $;5,68 $;-11646,76 $;0,00 $;100,00%;569,32 $;569,32 $;0,00 $;569,32 $;0,00 $;240,00;235,00 $;2465,00 $;1895,68 $;0,07%;
06/06/2022;1;82331,32 $;424,32 $;424,32 $;0,00 $;5,68 $;-11222,44 $;0,00 $;100,00%;424,32 $;424,32 $;0,00 $;424,32 $;0,00 $;150,00;900,00 $;1965,00 $;1540,68 $;0,07%;
07/06/2022;1;84195,64 $;1864,32 $;1864,32 $;0,00 $;5,68 $;-9358,12 $;0,00 $;100,00%;1864,32 $;1864,32 $;0,00 $;1864,32 $;0,00 $;240,00;720,00 $;2115,00 $;250,68 $;0,07%;
08/06/2022;1;81704,96 $;-2490,68 $;0,00 $;-2490,68 $;5,68 $;-11848,80 $;-2490,68 $;0,00%;-2490,68 $;0,00 $;-2490,68 $;0,00 $;-2490,68 $;240,00;3630,00 $;255,00 $;2745,68 $;0,07%;
09/06/2022;1;77894,28 $;-3810,68 $;0,00 $;-3810,68 $;5,68 $;-15659,48 $;-3810,68 $;0,00%;-3810,68 $;0,00 $;-3810,68 $;0,00 $;-3810,68 $;240,00;3820,00 $;1155,00 $;4965,68 $;0,07%;
10/06/2022;1;80063,60 $;2169,32 $;2169,32 $;0,00 $;5,68 $;-13490,16 $;0,00 $;100,00%;2169,32 $;2169,32 $;0,00 $;2169,32 $;0,00 $;240,00;310,00 $;2725,00 $;555,68 $;0,07%;
13/06/2022;1;78352,92 $;-1710,68 $;0,00 $;-1710,68 $;5,68 $;-15200,84 $;-1710,68 $;0,00%;-1710,68 $;0,00 $;-1710,68 $;0,00 $;-1710,68 $;240,00;1745,00 $;2835,00 $;4545,68 $;0,07%;
14/06/2022;1;77897,24 $;-455,68 $;0,00 $;-455,68 $;5,68 $;-15656,52 $;-455,68 $;0,00%;-455,68 $;0,00 $;-455,68 $;0,00 $;-455,68 $;240,00;1835,00 $;2550,00 $;3005,68 $;0,07%;
15/06/2022;2;82955,88 $;5058,64 $;5058,64 $;0,00 $;11,36 $;-11057,20 $;0,00 $;100,00%;2529,32 $;2529,32 $;0,00 $;4599,32 $;0,00 $;240,00;1335,00 $;2845,00 $;315,68 $;0,14%;
16/06/2022;1;82895,20 $;-60,68 $;0,00 $;-60,68 $;5,68 $;-10658,56 $;-60,68 $;0,00%;-60,68 $;0,00 $;-60,68 $;0,00 $;-60,68 $;210,00;2490,00 $;835,00 $;895,68 $;0,07%;
21/06/2022;1;82424,52 $;-470,68 $;0,00 $;-470,68 $;5,68 $;-11129,24 $;-470,68 $;0,00%;-470,68 $;0,00 $;-470,68 $;0,00 $;-470,68 $;210,00;855,00 $;770,00 $;1240,68 $;0,07%;
22/06/2022;1;80898,84 $;-1525,68 $;0,00 $;-1525,68 $;5,68 $;-12654,92 $;-1525,68 $;0,00%;-1525,68 $;0,00 $;-1525,68 $;0,00 $;-1525,68 $;240,00;2210,00 $;810,00 $;2335,68 $;0,07%;
23/06/2022;1;80508,16 $;-390,68 $;0,00 $;-390,68 $;5,68 $;-13045,60 $;-390,68 $;0,00%;-390,68 $;0,00 $;-390,68 $;0,00 $;-390,68 $;240,00;3310,00 $;340,00 $;730,68 $;0,07%;
24/06/2022;1;81512,48 $;1004,32 $;1004,32 $;0,00 $;5,68 $;-12041,28 $;0,00 $;100,00%;1004,32 $;1004,32 $;0,00 $;1004,32 $;0,00 $;240,00;500,00 $;1080,00 $;75,68 $;0,07%;
27/06/2022;1;79696,80 $;-1815,68 $;0,00 $;-1815,68 $;5,68 $;-13856,96 $;-1815,68 $;0,00%;-1815,68 $;0,00 $;-1815,68 $;0,00 $;-1815,68 $;240,00;2675,00 $;290,00 $;2105,68 $;0,07%;
28/06/2022;1;77811,12 $;-1885,68 $;0,00 $;-1885,68 $;5,68 $;-15742,64 $;-1885,68 $;0,00%;-1885,68 $;0,00 $;-1885,68 $;0,00 $;-1885,68 $;150,00;2260,00 $;215,00 $;2100,68 $;0,07%;
29/06/2022;1;79245,44 $;1434,32 $;1434,32 $;0,00 $;5,68 $;-14308,32 $;0,00 $;100,00%;1434,32 $;1434,32 $;0,00 $;1434,32 $;0,00 $;210,00;80,00 $;2360,00 $;925,68 $;0,07%;
30/06/2022;1;78839,76 $;-405,68 $;0,00 $;-405,68 $;5,68 $;-14714,00 $;-405,68 $;0,00%;-405,68 $;0,00 $;-405,68 $;0,00 $;-405,68 $;240,00;2055,00 $;2225,00 $;2630,68 $;0,07%;
01/07/2022;1;80664,08 $;1824,32 $;1824,32 $;0,00 $;5,68 $;-12889,68 $;0,00 $;100,00%;1824,32 $;1824,32 $;0,00 $;1824,32 $;0,00 $;240,00;1170,00 $;2190,00 $;365,68 $;0,07%;
05/07/2022;1;86593,40 $;5929,32 $;5929,32 $;0,00 $;5,68 $;-6960,36 $;0,00 $;100,00%;5929,32 $;5929,32 $;0,00 $;5929,32 $;0,00 $;240,00;280,00 $;6155,00 $;225,68 $;0,07%;
08/07/2022;1;85677,72 $;-915,68 $;0,00 $;-915,68 $;5,68 $;-7876,04 $;-915,68 $;0,00%;-915,68 $;0,00 $;-915,68 $;0,00 $;-915,68 $;240,00;3285,00 $;130,00 $;1045,68 $;0,07%;
11/07/2022;1;84922,04 $;-755,68 $;0,00 $;-755,68 $;5,68 $;-8631,72 $;-755,68 $;0,00%;-755,68 $;0,00 $;-755,68 $;0,00 $;-755,68 $;240,00;1120,00 $;1375,00 $;2130,68 $;0,07%;
12/07/2022;1;81536,36 $;-3385,68 $;0,00 $;-3385,68 $;5,68 $;-12017,40 $;-3385,68 $;0,00%;-3385,68 $;0,00 $;-3385,68 $;0,00 $;-3385,68 $;240,00;3590,00 $;430,00 $;3815,68 $;0,07%;
13/07/2022;1;80725,68 $;-810,68 $;0,00 $;-810,68 $;5,68 $;-12828,08 $;-810,68 $;0,00%;-810,68 $;0,00 $;-810,68 $;0,00 $;-810,68 $;210,00;930,00 $;1580,00 $;2390,68 $;0,07%;
14/07/2022;1;83705,00 $;2979,32 $;2979,32 $;0,00 $;5,68 $;-9848,76 $;0,00 $;100,00%;2979,32 $;2979,32 $;0,00 $;2979,32 $;0,00 $;210,00;665,00 $;3610,00 $;630,68 $;0,07%;
15/07/2022;1;83774,32 $;69,32 $;69,32 $;0,00 $;5,68 $;-9779,44 $;0,00 $;100,00%;69,32 $;69,32 $;0,00 $;69,32 $;0,00 $;240,00;885,00 $;495,00 $;425,68 $;0,07%;
18/07/2022;1;79358,64 $;-4415,68 $;0,00 $;-4415,68 $;5,68 $;-14195,12 $;-4415,68 $;0,00%;-4415,68 $;0,00 $;-4415,68 $;0,00 $;-4415,68 $;240,00;4455,00 $;890,00 $;5305,68 $;0,07%;
19/07/2022;1;82062,96 $;2704,32 $;2704,32 $;0,00 $;5,68 $;-11490,80 $;0,00 $;100,00%;2704,32 $;2704,32 $;0,00 $;2704,32 $;0,00 $;210,00;70,00 $;2820,00 $;115,68 $;0,07%;
20/07/2022;1;81102,28 $;-960,68 $;0,00 $;-960,68 $;5,68 $;-12451,48 $;-960,68 $;0,00%;-960,68 $;0,00 $;-960,68 $;0,00 $;-960,68 $;210,00;2510,00 $;595,00 $;1555,68 $;0,07%;
21/07/2022;2;83395,92 $;2293,64 $;2293,64 $;0,00 $;11,36 $;-10372,16 $;0,00 $;100,00%;1146,82 $;1146,82 $;0,00 $;2079,32 $;0,00 $;240,00;185,00 $;1505,00 $;358,18 $;0,14%;
22/07/2022;1;82185,24 $;-1210,68 $;0,00 $;-1210,68 $;5,68 $;-11368,52 $;-1210,68 $;0,00%;-1210,68 $;0,00 $;-1210,68 $;0,00 $;-1210,68 $;240,00;2870,00 $;185,00 $;1395,68 $;0,07%;
27/07/2022;1;84659,56 $;2474,32 $;2474,32 $;0,00 $;5,68 $;-8894,20 $;0,00 $;100,00%;2474,32 $;2474,32 $;0,00 $;2474,32 $;0,00 $;90,00;890,00 $;4675,00 $;2200,68 $;0,07%;
28/07/2022;1;87843,88 $;3184,32 $;3184,32 $;0,00 $;5,68 $;-5709,88 $;0,00 $;100,00%;3184,32 $;3184,32 $;0,00 $;3184,32 $;0,00 $;210,00;915,00 $;3380,00 $;195,68 $;0,07%;
29/07/2022;1;91633,20 $;3789,32 $;3789,32 $;0,00 $;5,68 $;-1920,56 $;0,00 $;100,00%;3789,32 $;3789,32 $;0,00 $;3789,32 $;0,00 $;240,00;300,00 $;3825,00 $;35,68 $;0,07%;
01/08/2022;1;90337,52 $;-1295,68 $;0,00 $;-1295,68 $;5,68 $;-3216,24 $;-1295,68 $;0,00%;-1295,68 $;0,00 $;-1295,68 $;0,00 $;-1295,68 $;210,00;2725,00 $;90,00 $;1385,68 $;0,07%;
03/08/2022;1;89921,84 $;-415,68 $;0,00 $;-415,68 $;5,68 $;-3631,92 $;-415,68 $;0,00%;-415,68 $;0,00 $;-415,68 $;0,00 $;-415,68 $;150,00;520,00 $;835,00 $;1250,68 $;0,07%;
04/08/2022;1;92101,16 $;2179,32 $;2179,32 $;0,00 $;5,68 $;-1452,60 $;0,00 $;100,00%;2179,32 $;2179,32 $;0,00 $;2179,32 $;0,00 $;240,00;400,00 $;2470,00 $;290,68 $;0,07%;
05/08/2022;1;93335,48 $;1234,32 $;1234,32 $;0,00 $;5,68 $;-218,28 $;0,00 $;100,00%;1234,32 $;1234,32 $;0,00 $;1234,32 $;0,00 $;90,00;180,00 $;1660,00 $;425,68 $;0,07%;
08/08/2022;1;90859,80 $;-2475,68 $;0,00 $;-2475,68 $;5,68 $;-2693,96 $;-2475,68 $;0,00%;-2475,68 $;0,00 $;-2475,68 $;0,00 $;-2475,68 $;240,00;3265,00 $;380,00 $;2855,68 $;0,07%;
09/08/2022;1;92504,12 $;1644,32 $;1644,32 $;0,00 $;5,68 $;-1049,64 $;0,00 $;100,00%;1644,32 $;1644,32 $;0,00 $;1644,32 $;0,00 $;210,00;35,00 $;1860,00 $;215,68 $;0,07%;
10/08/2022;1;92948,44 $;444,32 $;444,32 $;0,00 $;5,68 $;-605,32 $;0,00 $;100,00%;444,32 $;444,32 $;0,00 $;444,32 $;0,00 $;240,00;800,00 $;725,00 $;280,68 $;0,07%;
12/08/2022;1;94457,76 $;1509,32 $;1509,32 $;0,00 $;5,68 $;0,00 $;0,00 $;100,00%;1509,32 $;1509,32 $;0,00 $;1509,32 $;0,00 $;210,00;405,00 $;1740,00 $;230,68 $;0,07%;
16/08/2022;1;94802,08 $;344,32 $;344,32 $;0,00 $;5,68 $;0,00 $;0,00 $;100,00%;344,32 $;344,32 $;0,00 $;344,32 $;0,00 $;240,00;920,00 $;2275,00 $;1930,68 $;0,07%;
17/08/2022;2;96365,72 $;1563,64 $;1769,32 $;-205,68 $;11,36 $;-205,68 $;-205,68 $;50,00%;781,82 $;1769,32 $;-205,68 $;1769,32 $;-205,68 $;330,00;1272,50 $;1090,00 $;308,18 $;0,14%;
19/08/2022;1;96105,04 $;-260,68 $;0,00 $;-260,68 $;5,68 $;-466,36 $;-260,68 $;0,00%;-260,68 $;0,00 $;-260,68 $;0,00 $;-260,68 $;150,00;680,00 $;495,00 $;755,68 $;0,07%;
22/08/2022;1;95904,36 $;-200,68 $;0,00 $;-200,68 $;5,68 $;-667,04 $;-200,68 $;0,00%;-200,68 $;0,00 $;-200,68 $;0,00 $;-200,68 $;150,00;1375,00 $;15,00 $;215,68 $;0,07%;
23/08/2022;1;96253,68 $;349,32 $;349,32 $;0,00 $;5,68 $;-317,72 $;0,00 $;100,00%;349,32 $;349,32 $;0,00 $;349,32 $;0,00 $;240,00;565,00 $;1035,00 $;685,68 $;0,07%;
24/08/2022;1;95558,00 $;-695,68 $;0,00 $;-695,68 $;5,68 $;-1013,40 $;-695,68 $;0,00%;-695,68 $;0,00 $;-695,68 $;0,00 $;-695,68 $;240,00;1545,00 $;475,00 $;1170,68 $;0,07%;
25/08/2022;1;97812,32 $;2254,32 $;2254,32 $;0,00 $;5,68 $;0,00 $;0,00 $;100,00%;2254,32 $;2254,32 $;0,00 $;2254,32 $;0,00 $;210,00;765,00 $;2520,00 $;265,68 $;0,07%;
26/08/2022;1;93376,64 $;-4435,68 $;0,00 $;-4435,68 $;5,68 $;-4435,68 $;-4435,68 $;0,00%;-4435,68 $;0,00 $;-4435,68 $;0,00 $;-4435,68 $;150,00;4460,00 $;35,00 $;4470,68 $;0,07%;
30/08/2022;1;93830,96 $;454,32 $;454,32 $;0,00 $;5,68 $;-3981,36 $;0,00 $;100,00%;454,32 $;454,32 $;0,00 $;454,32 $;0,00 $;210,00;1955,00 $;805,00 $;350,68 $;0,07%;
31/08/2022;1;92605,28 $;-1225,68 $;0,00 $;-1225,68 $;5,68 $;-5207,04 $;-1225,68 $;0,00%;-1225,68 $;0,00 $;-1225,68 $;0,00 $;-1225,68 $;210,00;1830,00 $;390,00 $;1615,68 $;0,07%;
02/09/2022;1;86519,60 $;-6085,68 $;0,00 $;-6085,68 $;5,68 $;-11292,72 $;-6085,68 $;0,00%;-6085,68 $;0,00 $;-6085,68 $;0,00 $;-6085,68 $;240,00;6675,00 $;400,00 $;6485,68 $;0,07%;
06/09/2022;1;86118,92 $;-400,68 $;0,00 $;-400,68 $;5,68 $;-11693,40 $;-400,68 $;0,00%;-400,68 $;0,00 $;-400,68 $;0,00 $;-400,68 $;90,00;995,00 $;540,00 $;940,68 $;0,07%;
07/09/2022;1;89623,24 $;3504,32 $;3504,32 $;0,00 $;5,68 $;-8189,08 $;0,00 $;100,00%;3504,32 $;3504,32 $;0,00 $;3504,32 $;0,00 $;240,00;530,00 $;3575,00 $;70,68 $;0,07%;
08/09/2022;1;87917,56 $;-1705,68 $;0,00 $;-1705,68 $;5,68 $;-9894,76 $;-1705,68 $;0,00%;-1705,68 $;0,00 $;-1705,68 $;0,00 $;-1705,68 $;240,00;4425,00 $;185,00 $;1890,68 $;0,07%;
09/09/2022;1;88631,88 $;714,32 $;714,32 $;0,00 $;5,68 $;-9180,44 $;0,00 $;100,00%;714,32 $;714,32 $;0,00 $;714,32 $;0,00 $;240,00;955,00 $;910,00 $;195,68 $;0,07%;
12/09/2022;1;88251,20 $;-380,68 $;0,00 $;-380,68 $;5,68 $;-9561,12 $;-380,68 $;0,00%;-380,68 $;0,00 $;-380,68 $;0,00 $;-380,68 $;240,00;1900,00 $;220,00 $;600,68 $;0,07%;
13/09/2022;1;85810,52 $;-2440,68 $;0,00 $;-2440,68 $;5,68 $;-12001,80 $;-2440,68 $;0,00%;-2440,68 $;0,00 $;-2440,68 $;0,00 $;-2440,68 $;240,00;2455,00 $;1240,00 $;3680,68 $;0,07%;
14/09/2022;1;84349,84 $;-1460,68 $;0,00 $;-1460,68 $;5,68 $;-13462,48 $;-1460,68 $;0,00%;-1460,68 $;0,00 $;-1460,68 $;0,00 $;-1460,68 $;240,00;2030,00 $;1010,00 $;2470,68 $;0,07%;
15/09/2022;1;82299,16 $;-2050,68 $;0,00 $;-2050,68 $;5,68 $;-15513,16 $;-2050,68 $;0,00%;-2050,68 $;0,00 $;-2050,68 $;0,00 $;-2050,68 $;240,00;2230,00 $;2035,00 $;4085,68 $;0,07%;
16/09/2022;1;83893,48 $;1594,32 $;1594,32 $;0,00 $;5,68 $;-13918,84 $;0,00 $;100,00%;1594,32 $;1594,32 $;0,00 $;1594,32 $;0,00 $;240,00;765,00 $;2525,00 $;930,68 $;0,07%;
19/09/2022;2;86197,12 $;2303,64 $;2303,64 $;0,00 $;11,36 $;-11794,52 $;0,00 $;100,00%;1151,82 $;1151,82 $;0,00 $;2124,32 $;0,00 $;240,00;570,00 $;1395,00 $;243,18 $;0,14%;
20/09/2022;1;85281,44 $;-915,68 $;0,00 $;-915,68 $;5,68 $;-12530,88 $;-915,68 $;0,00%;-915,68 $;0,00 $;-915,68 $;0,00 $;-915,68 $;240,00;2920,00 $;980,00 $;1895,68 $;0,07%;
21/09/2022;1;85620,76 $;339,32 $;339,32 $;0,00 $;5,68 $;-12191,56 $;0,00 $;100,00%;339,32 $;339,32 $;0,00 $;339,32 $;0,00 $;0,00;10,00 $;555,00 $;215,68 $;0,07%;
26/09/2022;1;85705,08 $;84,32 $;84,32 $;0,00 $;5,68 $;-12107,24 $;0,00 $;100,00%;84,32 $;84,32 $;0,00 $;84,32 $;0,00 $;0,00;165,00 $;155,00 $;70,68 $;0,07%;
27/09/2022;1;87249,40 $;1544,32 $;1544,32 $;0,00 $;5,68 $;-10562,92 $;0,00 $;100,00%;1544,32 $;1544,32 $;0,00 $;1544,32 $;0,00 $;150,00;695,00 $;1740,00 $;195,68 $;0,07%;
28/09/2022;1;89888,72 $;2639,32 $;2639,32 $;0,00 $;5,68 $;-7923,60 $;0,00 $;100,00%;2639,32 $;2639,32 $;0,00 $;2639,32 $;0,00 $;240,00;445,00 $;2855,00 $;215,68 $;0,07%;
29/09/2022;1;91133,04 $;1244,32 $;1244,32 $;0,00 $;5,68 $;-6679,28 $;0,00 $;100,00%;1244,32 $;1244,32 $;0,00 $;1244,32 $;0,00 $;150,00;1600,00 $;1650,00 $;405,68 $;0,07%;
03/10/2022;1;93497,36 $;2364,32 $;2364,32 $;0,00 $;5,68 $;-4314,96 $;0,00 $;100,00%;2364,32 $;2364,32 $;0,00 $;2364,32 $;0,00 $;240,00;1350,00 $;2650,00 $;285,68 $;0,07%;
04/10/2022;2;92661,00 $;-836,36 $;44,32 $;-880,68 $;11,36 $;-5195,64 $;-880,68 $;50,00%;-418,18 $;44,32 $;-880,68 $;44,32 $;-880,68 $;270,00;1367,50 $;180,00 $;598,18 $;0,14%;
10/10/2022;1;92320,32 $;-340,68 $;0,00 $;-340,68 $;5,68 $;-5492,00 $;-340,68 $;0,00%;-340,68 $;0,00 $;-340,68 $;0,00 $;-340,68 $;30,00;665,00 $;650,00 $;990,68 $;0,07%;
11/10/2022;1;90734,64 $;-1585,68 $;0,00 $;-1585,68 $;5,68 $;-7077,68 $;-1585,68 $;0,00%;-1585,68 $;0,00 $;-1585,68 $;0,00 $;-1585,68 $;150,00;3845,00 $;555,00 $;2140,68 $;0,07%;
12/10/2022;1;90438,96 $;-295,68 $;0,00 $;-295,68 $;5,68 $;-7373,36 $;-295,68 $;0,00%;-295,68 $;0,00 $;-295,68 $;0,00 $;-295,68 $;210,00;640,00 $;1140,00 $;1435,68 $;0,07%;
13/10/2022;1;93393,28 $;2954,32 $;2954,32 $;0,00 $;5,68 $;-4419,04 $;0,00 $;100,00%;2954,32 $;2954,32 $;0,00 $;2954,32 $;0,00 $;210,00;190,00 $;4290,00 $;1335,68 $;0,07%;
17/10/2022;1;93977,60 $;584,32 $;584,32 $;0,00 $;5,68 $;-3834,72 $;0,00 $;100,00%;584,32 $;584,32 $;0,00 $;584,32 $;0,00 $;240,00;270,00 $;1110,00 $;525,68 $;0,07%;
19/10/2022;1;92571,92 $;-1405,68 $;0,00 $;-1405,68 $;5,68 $;-5240,40 $;-1405,68 $;0,00%;-1405,68 $;0,00 $;-1405,68 $;0,00 $;-1405,68 $;240,00;2750,00 $;800,00 $;2205,68 $;0,07%;
20/10/2022;1;88926,24 $;-3645,68 $;0,00 $;-3645,68 $;5,68 $;-8886,08 $;-3645,68 $;0,00%;-3645,68 $;0,00 $;-3645,68 $;0,00 $;-3645,68 $;240,00;4470,00 $;950,00 $;4595,68 $;0,07%;
21/10/2022;1;92710,56 $;3784,32 $;3784,32 $;0,00 $;5,68 $;-5101,76 $;0,00 $;100,00%;3784,32 $;3784,32 $;0,00 $;3784,32 $;0,00 $;210,00;125,00 $;3845,00 $;60,68 $;0,07%;
25/10/2022;1;93459,88 $;749,32 $;749,32 $;0,00 $;5,68 $;-4352,44 $;0,00 $;100,00%;749,32 $;749,32 $;0,00 $;749,32 $;0,00 $;240,00;1200,00 $;795,00 $;45,68 $;0,07%;
26/10/2022;1;89194,20 $;-4265,68 $;0,00 $;-4265,68 $;5,68 $;-8618,12 $;-4265,68 $;0,00%;-4265,68 $;0,00 $;-4265,68 $;0,00 $;-4265,68 $;240,00;4740,00 $;455,00 $;4720,68 $;0,07%;
27/10/2022;1;87898,52 $;-1295,68 $;0,00 $;-1295,68 $;5,68 $;-9913,80 $;-1295,68 $;0,00%;-1295,68 $;0,00 $;-1295,68 $;0,00 $;-1295,68 $;240,00;2255,00 $;680,00 $;1975,68 $;0,07%;
28/10/2022;2;90727,16 $;2828,64 $;2828,64 $;0,00 $;11,36 $;-7304,48 $;0,00 $;100,00%;1414,32 $;1414,32 $;0,00 $;2609,32 $;0,00 $;240,00;212,50 $;1460,00 $;45,68 $;0,14%;
31/10/2022;1;90596,48 $;-130,68 $;0,00 $;-130,68 $;5,68 $;-7215,84 $;-130,68 $;0,00%;-130,68 $;0,00 $;-130,68 $;0,00 $;-130,68 $;240,00;855,00 $;1080,00 $;1210,68 $;0,07%;
01/11/2022;1;89975,80 $;-620,68 $;0,00 $;-620,68 $;5,68 $;-7836,52 $;-620,68 $;0,00%;-620,68 $;0,00 $;-620,68 $;0,00 $;-620,68 $;150,00;1250,00 $;575,00 $;1195,68 $;0,07%;
02/11/2022;1;88410,12 $;-1565,68 $;0,00 $;-1565,68 $;5,68 $;-9402,20 $;-1565,68 $;0,00%;-1565,68 $;0,00 $;-1565,68 $;0,00 $;-1565,68 $;30,00;2215,00 $;395,00 $;1960,68 $;0,07%;
03/11/2022;1;88754,44 $;344,32 $;344,32 $;0,00 $;5,68 $;-9057,88 $;0,00 $;100,00%;344,32 $;344,32 $;0,00 $;344,32 $;0,00 $;240,00;510,00 $;1685,00 $;1340,68 $;0,07%;
04/11/2022;1;89168,76 $;414,32 $;414,32 $;0,00 $;5,68 $;-8643,56 $;0,00 $;100,00%;414,32 $;414,32 $;0,00 $;414,32 $;0,00 $;240,00;3055,00 $;955,00 $;540,68 $;0,07%;
08/11/2022;1;87663,08 $;-1505,68 $;0,00 $;-1505,68 $;5,68 $;-10149,24 $;-1505,68 $;0,00%;-1505,68 $;0,00 $;-1505,68 $;0,00 $;-1505,68 $;240,00;5175,00 $;875,00 $;2380,68 $;0,07%;
09/11/2022;1;85472,40 $;-2190,68 $;0,00 $;-2190,68 $;5,68 $;-12339,92 $;-2190,68 $;0,00%;-2190,68 $;0,00 $;-2190,68 $;0,00 $;-2190,68 $;240,00;2950,00 $;920,00 $;3110,68 $;0,07%;
10/11/2022;1;87926,72 $;2454,32 $;2454,32 $;0,00 $;5,68 $;-9885,60 $;0,00 $;100,00%;2454,32 $;2454,32 $;0,00 $;2454,32 $;0,00 $;240,00;635,00 $;2510,00 $;55,68 $;0,07%;
11/11/2022;1;91506,04 $;3579,32 $;3579,32 $;0,00 $;5,68 $;-6306,28 $;0,00 $;100,00%;3579,32 $;3579,32 $;0,00 $;3579,32 $;0,00 $;240,00;365,00 $;4400,00 $;820,68 $;0,07%;
15/11/2022;1;91500,36 $;-5,68 $;0,00 $;-5,68 $;5,68 $;-6311,96 $;-5,68 $;0,00%;-5,68 $;0,00 $;-5,68 $;0,00 $;-5,68 $;0,00;275,00 $;40,00 $;45,68 $;0,07%;
17/11/2022;1;91404,68 $;-95,68 $;0,00 $;-95,68 $;5,68 $;-6407,64 $;-95,68 $;0,00%;-95,68 $;0,00 $;-95,68 $;0,00 $;-95,68 $;150,00;2510,00 $;480,00 $;575,68 $;0,07%;
22/11/2022;1;93104,00 $;1699,32 $;1699,32 $;0,00 $;5,68 $;-4708,32 $;0,00 $;100,00%;1699,32 $;1699,32 $;0,00 $;1699,32 $;0,00 $;240,00;530,00 $;1770,00 $;70,68 $;0,07%;
23/11/2022;1;93263,32 $;159,32 $;159,32 $;0,00 $;5,68 $;-4549,00 $;0,00 $;100,00%;159,32 $;159,32 $;0,00 $;159,32 $;0,00 $;240,00;2430,00 $;590,00 $;430,68 $;0,07%;
28/11/2022;1;92117,64 $;-1145,68 $;0,00 $;-1145,68 $;5,68 $;-5694,68 $;-1145,68 $;0,00%;-1145,68 $;0,00 $;-1145,68 $;0,00 $;-1145,68 $;150,00;2100,00 $;40,00 $;1185,68 $;0,07%;
29/11/2022;1;92611,96 $;494,32 $;494,32 $;0,00 $;5,68 $;-5200,36 $;0,00 $;100,00%;494,32 $;494,32 $;0,00 $;494,32 $;0,00 $;240,00;255,00 $;1300,00 $;805,68 $;0,07%;
30/11/2022;1;103371,28 $;10759,32 $;10759,32 $;0,00 $;5,68 $;0,00 $;0,00 $;100,00%;10759,32 $;10759,32 $;0,00 $;10759,32 $;0,00 $;210,00;250,00 $;10870,00 $;110,68 $;0,07%;
01/12/2022;1;104115,60 $;744,32 $;744,32 $;0,00 $;5,68 $;0,00 $;0,00 $;100,00%;744,32 $;744,32 $;0,00 $;744,32 $;0,00 $;240,00;795,00 $;1465,00 $;720,68 $;0,07%;
02/12/2022;1;105134,92 $;1019,32 $;1019,32 $;0,00 $;5,68 $;0,00 $;0,00 $;100,00%;1019,32 $;1019,32 $;0,00 $;1019,32 $;0,00 $;150,00;295,00 $;2395,00 $;1375,68 $;0,07%;
06/12/2022;1;104354,24 $;-780,68 $;0,00 $;-780,68 $;5,68 $;-780,68 $;-780,68 $;0,00%;-780,68 $;0,00 $;-780,68 $;0,00 $;-780,68 $;210,00;1955,00 $;255,00 $;1035,68 $;0,07%;
07/12/2022;1;103453,56 $;-900,68 $;0,00 $;-900,68 $;5,68 $;-1681,36 $;-900,68 $;0,00%;-900,68 $;0,00 $;-900,68 $;0,00 $;-900,68 $;150,00;1380,00 $;45,00 $;945,68 $;0,07%;
08/12/2022;1;104097,88 $;644,32 $;644,32 $;0,00 $;5,68 $;-1037,04 $;0,00 $;100,00%;644,32 $;644,32 $;0,00 $;644,32 $;0,00 $;240,00;945,00 $;1220,00 $;575,68 $;0,07%;
09/12/2022;1;101427,20 $;-2670,68 $;0,00 $;-2670,68 $;5,68 $;-3707,72 $;-2670,68 $;0,00%;-2670,68 $;0,00 $;-2670,68 $;0,00 $;-2670,68 $;210,00;2715,00 $;510,00 $;3180,68 $;0,07%;
13/12/2022;1;102731,52 $;1304,32 $;1304,32 $;0,00 $;5,68 $;-2403,40 $;0,00 $;100,00%;1304,32 $;1304,32 $;0,00 $;1304,32 $;0,00 $;210,00;830,00 $;2415,00 $;1110,68 $;0,07%;
14/12/2022;2;98515,16 $;-4216,36 $;14,32 $;-4230,68 $;11,36 $;-6634,08 $;-4230,68 $;50,00%;-2108,18 $;14,32 $;-4230,68 $;14,32 $;-4230,68 $;270,00;3255,00 $;300,00 $;2408,18 $;0,14%;
16/12/2022;1;99509,48 $;994,32 $;994,32 $;0,00 $;5,68 $;-5625,44 $;0,00 $;100,00%;994,32 $;994,32 $;0,00 $;994,32 $;0,00 $;240,00;815,00 $;1140,00 $;145,68 $;0,07%;
20/12/2022;1;101053,80 $;1544,32 $;1544,32 $;0,00 $;5,68 $;-4081,12 $;0,00 $;100,00%;1544,32 $;1544,32 $;0,00 $;1544,32 $;0,00 $;240,00;70,00 $;2275,00 $;730,68 $;0,07%;
21/12/2022;1;100628,12 $;-425,68 $;0,00 $;-425,68 $;5,68 $;-4506,80 $;-425,68 $;0,00%;-425,68 $;0,00 $;-425,68 $;0,00 $;-425,68 $;240,00;840,00 $;885,00 $;1310,68 $;0,07%;
23/12/2022;1;101347,44 $;719,32 $;719,32 $;0,00 $;5,68 $;-3787,48 $;0,00 $;100,00%;719,32 $;719,32 $;0,00 $;719,32 $;0,00 $;240,00;145,00 $;1420,00 $;700,68 $;0,07%;
27/12/2022;1;100541,76 $;-805,68 $;0,00 $;-805,68 $;5,68 $;-4593,16 $;-805,68 $;0,00%;-805,68 $;0,00 $;-805,68 $;0,00 $;-805,68 $;240,00;1615,00 $;330,00 $;1135,68 $;0,07%;
28/12/2022;1;99276,08 $;-1265,68 $;0,00 $;-1265,68 $;5,68 $;-5858,84 $;-1265,68 $;0,00%;-1265,68 $;0,00 $;-1265,68 $;0,00 $;-1265,68 $;150,00;1750,00 $;20,00 $;1285,68 $;0,07%;
29/12/2022;1;99720,40 $;444,32 $;444,32 $;0,00 $;5,68 $;-5414,52 $;0,00 $;100,00%;444,32 $;444,32 $;0,00 $;444,32 $;0,00 $;240,00;300,00 $;935,00 $;490,68 $;0,07%;
30/12/2022;1;101784,72 $;2064,32 $;2064,32 $;0,00 $;5,68 $;-3350,20 $;0,00 $;100,00%;2064,32 $;2064,32 $;0,00 $;2064,32 $;0,00 $;210,00;1380,00 $;2150,00 $;85,68 $;0,07%;
05/01/2023;1;101349,04 $;-435,68 $;0,00 $;-435,68 $;5,68 $;-3785,88 $;-435,68 $;0,00%;-435,68 $;0,00 $;-435,68 $;0,00 $;-435,68 $;210,00;1020,00 $;1150,00 $;1585,68 $;0,07%;
06/01/2023;1;104273,36 $;2924,32 $;2924,32 $;0,00 $;5,68 $;-861,56 $;0,00 $;100,00%;2924,32 $;2924,32 $;0,00 $;2924,32 $;0,00 $;240,00;315,00 $;3585,00 $;660,68 $;0,07%;
09/01/2023;1;100512,68 $;-3760,68 $;0,00 $;-3760,68 $;5,68 $;-4622,24 $;-3760,68 $;0,00%;-3760,68 $;0,00 $;-3760,68 $;0,00 $;-3760,68 $;210,00;4195,00 $;65,00 $;3825,68 $;0,07%;
10/01/2023;1;101652,00 $;1139,32 $;1139,32 $;0,00 $;5,68 $;-3482,92 $;0,00 $;100,00%;1139,32 $;1139,32 $;0,00 $;1139,32 $;0,00 $;150,00;135,00 $;1295,00 $;155,68 $;0,07%;
11/01/2023;1;103106,32 $;1454,32 $;1454,32 $;0,00 $;5,68 $;-2028,60 $;0,00 $;100,00%;1454,32 $;1454,32 $;0,00 $;1454,32 $;0,00 $;240,00;235,00 $;1680,00 $;225,68 $;0,07%;
12/01/2023;1;104415,64 $;1309,32 $;1309,32 $;0,00 $;5,68 $;-719,28 $;0,00 $;100,00%;1309,32 $;1309,32 $;0,00 $;1309,32 $;0,00 $;240,00;690,00 $;2470,00 $;1160,68 $;0,07%;
13/01/2023;1;106659,96 $;2244,32 $;2244,32 $;0,00 $;5,68 $;0,00 $;0,00 $;100,00%;2244,32 $;2244,32 $;0,00 $;2244,32 $;0,00 $;240,00;635,00 $;2260,00 $;15,68 $;0,07%;
17/01/2023;1;107159,28 $;499,32 $;499,32 $;0,00 $;5,68 $;0,00 $;0,00 $;100,00%;499,32 $;499,32 $;0,00 $;499,32 $;0,00 $;210,00;65,00 $;1075,00 $;575,68 $;0,07%;
18/01/2023;1;105973,60 $;-1185,68 $;0,00 $;-1185,68 $;5,68 $;-1185,68 $;-1185,68 $;0,00%;-1185,68 $;0,00 $;-1185,68 $;0,00 $;-1185,68 $;90,00;1460,00 $;85,00 $;1270,68 $;0,07%;
20/01/2023;1;108357,92 $;2384,32 $;2384,32 $;0,00 $;5,68 $;0,00 $;0,00 $;100,00%;2384,32 $;2384,32 $;0,00 $;2384,32 $;0,00 $;240,00;610,00 $;2945,00 $;560,68 $;0,07%;
23/01/2023;1;108207,24 $;-150,68 $;0,00 $;-150,68 $;5,68 $;-150,68 $;-150,68 $;0,00%;-150,68 $;0,00 $;-150,68 $;0,00 $;-150,68 $;240,00;1005,00 $;1430,00 $;1580,68 $;0,07%;
24/01/2023;1;107561,56 $;-645,68 $;0,00 $;-645,68 $;5,68 $;-796,36 $;-645,68 $;0,00%;-645,68 $;0,00 $;-645,68 $;0,00 $;-645,68 $;240,00;1295,00 $;40,00 $;685,68 $;0,07%;
25/01/2023;1;110435,88 $;2874,32 $;2874,32 $;0,00 $;5,68 $;0,00 $;0,00 $;100,00%;2874,32 $;2874,32 $;0,00 $;2874,32 $;0,00 $;240,00;90,00 $;3585,00 $;710,68 $;0,07%;
26/01/2023;1;111640,20 $;1204,32 $;1204,32 $;0,00 $;5,68 $;0,00 $;0,00 $;100,00%;1204,32 $;1204,32 $;0,00 $;1204,32 $;0,00 $;150,00;15,00 $;2260,00 $;1055,68 $;0,07%;
27/01/2023;1;111829,52 $;189,32 $;189,32 $;0,00 $;5,68 $;0,00 $;0,00 $;100,00%;189,32 $;189,32 $;0,00 $;189,32 $;0,00 $;210,00;195,00 $;1965,00 $;1775,68 $;0,07%;
30/01/2023;1;110158,84 $;-1670,68 $;0,00 $;-1670,68 $;5,68 $;-1670,68 $;-1670,68 $;0,00%;-1670,68 $;0,00 $;-1670,68 $;0,00 $;-1670,68 $;240,00;1775,00 $;320,00 $;1990,68 $;0,07%;
31/01/2023;1;111138,16 $;979,32 $;979,32 $;0,00 $;5,68 $;-691,36 $;0,00 $;100,00%;979,32 $;979,32 $;0,00 $;979,32 $;0,00 $;210,00;315,00 $;1610,00 $;630,68 $;0,07%;
01/02/2023;2;117346,80 $;6208,64 $;6208,64 $;0,00 $;11,36 $;0,00 $;0,00 $;100,00%;3104,32 $;3104,32 $;0,00 $;6004,32 $;0,00 $;240,00;757,50 $;3437,50 $;333,18 $;0,14%;
02/02/2023;1;115786,12 $;-1560,68 $;0,00 $;-1560,68 $;5,68 $;-1560,68 $;-1560,68 $;0,00%;-1560,68 $;0,00 $;-1560,68 $;0,00 $;-1560,68 $;210,00;2920,00 $;2700,00 $;4260,68 $;0,07%;
07/02/2023;1;119600,44 $;3814,32 $;3814,32 $;0,00 $;5,68 $;0,00 $;0,00 $;100,00%;3814,32 $;3814,32 $;0,00 $;3814,32 $;0,00 $;240,00;1980,00 $;4405,00 $;590,68 $;0,07%;
08/02/2023;1;119329,76 $;-270,68 $;0,00 $;-270,68 $;5,68 $;-270,68 $;-270,68 $;0,00%;-270,68 $;0,00 $;-270,68 $;0,00 $;-270,68 $;150,00;1190,00 $;590,00 $;860,68 $;0,07%;
13/02/2023;1;119384,08 $;54,32 $;54,32 $;0,00 $;5,68 $;-216,36 $;0,00 $;100,00%;54,32 $;54,32 $;0,00 $;54,32 $;0,00 $;240,00;835,00 $;865,00 $;810,68 $;0,07%;
14/02/2023;1;122568,40 $;3184,32 $;3184,32 $;0,00 $;5,68 $;0,00 $;0,00 $;100,00%;3184,32 $;3184,32 $;0,00 $;3184,32 $;0,00 $;240,00;1050,00 $;3470,00 $;285,68 $;0,07%;
16/02/2023;1;119957,72 $;-2610,68 $;0,00 $;-2610,68 $;5,68 $;-2610,68 $;-2610,68 $;0,00%;-2610,68 $;0,00 $;-2610,68 $;0,00 $;-2610,68 $;240,00;2620,00 $;1015,00 $;3625,68 $;0,07%;
17/02/2023;1;121262,04 $;1304,32 $;1304,32 $;0,00 $;5,68 $;-1306,36 $;0,00 $;100,00%;1304,32 $;1304,32 $;0,00 $;1304,32 $;0,00 $;240,00;565,00 $;2275,00 $;970,68 $;0,07%;
21/02/2023;1;120236,36 $;-1025,68 $;0,00 $;-1025,68 $;5,68 $;-2332,04 $;-1025,68 $;0,00%;-1025,68 $;0,00 $;-1025,68 $;0,00 $;-1025,68 $;240,00;1190,00 $;280,00 $;1305,68 $;0,07%;
23/02/2023;1;123435,68 $;3199,32 $;3199,32 $;0,00 $;5,68 $;0,00 $;0,00 $;100,00%;3199,32 $;3199,32 $;0,00 $;3199,32 $;0,00 $;240,00;1060,00 $;3255,00 $;55,68 $;0,07%;
24/02/2023;1;123485,00 $;49,32 $;49,32 $;0,00 $;5,68 $;0,00 $;0,00 $;100,00%;49,32 $;49,32 $;0,00 $;49,32 $;0,00 $;240,00;855,00 $;945,00 $;895,68 $;0,07%;
27/02/2023;1;123359,32 $;-125,68 $;0,00 $;-125,68 $;5,68 $;-125,68 $;-125,68 $;0,00%;-125,68 $;0,00 $;-125,68 $;0,00 $;-125,68 $;240,00;580,00 $;1005,00 $;1130,68 $;0,07%;
28/02/2023;1;123238,64 $;-120,68 $;0,00 $;-120,68 $;5,68 $;-246,36 $;-120,68 $;0,00%;-120,68 $;0,00 $;-120,68 $;0,00 $;-120,68 $;240,00;585,00 $;1510,00 $;1630,68 $;0,07%;
01/03/2023;1;122667,96 $;-570,68 $;0,00 $;-570,68 $;5,68 $;-817,04 $;-570,68 $;0,00%;-570,68 $;0,00 $;-570,68 $;0,00 $;-570,68 $;210,00;1490,00 $;420,00 $;990,68 $;0,07%;
02/03/2023;1;125817,28 $;3149,32 $;3149,32 $;0,00 $;5,68 $;0,00 $;0,00 $;100,00%;3149,32 $;3149,32 $;0,00 $;3149,32 $;0,00 $;240,00;190,00 $;3285,00 $;135,68 $;0,07%;
03/03/2023;1;126161,60 $;344,32 $;344,32 $;0,00 $;5,68 $;0,00 $;0,00 $;100,00%;344,32 $;344,32 $;0,00 $;344,32 $;0,00 $;30,00;485,00 $;440,00 $;95,68 $;0,07%;
07/03/2023;1;125020,92 $;-1140,68 $;0,00 $;-1140,68 $;5,68 $;-1140,68 $;-1140,68 $;0,00%;-1140,68 $;0,00 $;-1140,68 $;0,00 $;-1140,68 $;150,00;1800,00 $;240,00 $;1380,68 $;0,07%;
08/03/2023;1;124390,24 $;-630,68 $;0,00 $;-630,68 $;5,68 $;-1771,36 $;-630,68 $;0,00%;-630,68 $;0,00 $;-630,68 $;0,00 $;-630,68 $;240,00;1175,00 $;1075,00 $;1705,68 $;0,07%;
09/03/2023;1;118659,56 $;-5730,68 $;0,00 $;-5730,68 $;5,68 $;-7502,04 $;-5730,68 $;0,00%;-5730,68 $;0,00 $;-5730,68 $;0,00 $;-5730,68 $;240,00;6125,00 $;585,00 $;6315,68 $;0,07%;
10/03/2023;1;115043,88 $;-3615,68 $;0,00 $;-3615,68 $;5,68 $;-11117,72 $;-3615,68 $;0,00%;-3615,68 $;0,00 $;-3615,68 $;0,00 $;-3615,68 $;240,00;4995,00 $;695,00 $;4310,68 $;0,07%;
13/03/2023;1;113463,20 $;-1580,68 $;0,00 $;-1580,68 $;5,68 $;-12698,40 $;-1580,68 $;0,00%;-1580,68 $;0,00 $;-1580,68 $;0,00 $;-1580,68 $;210,00;1860,00 $;1515,00 $;3095,68 $;0,07%;
14/03/2023;1;115042,52 $;1579,32 $;1579,32 $;0,00 $;5,68 $;-11119,08 $;0,00 $;100,00%;1579,32 $;1579,32 $;0,00 $;1579,32 $;0,00 $;90,00;1765,00 $;1765,00 $;185,68 $;0,07%;
15/03/2023;1;118461,84 $;3419,32 $;3419,32 $;0,00 $;5,68 $;-7699,76 $;0,00 $;100,00%;3419,32 $;3419,32 $;0,00 $;3419,32 $;0,00 $;210,00;785,00 $;3695,00 $;275,68 $;0,07%;
17/03/2023;1;118196,16 $;-265,68 $;0,00 $;-265,68 $;5,68 $;-7965,44 $;-265,68 $;0,00%;-265,68 $;0,00 $;-265,68 $;0,00 $;-265,68 $;30,00;860,00 $;210,00 $;475,68 $;0,07%;
20/03/2023;1;119160,48 $;964,32 $;964,32 $;0,00 $;5,68 $;-7001,12 $;0,00 $;100,00%;964,32 $;964,32 $;0,00 $;964,32 $;0,00 $;150,00;380,00 $;1110,00 $;145,68 $;0,07%;
21/03/2023;1;121204,80 $;2044,32 $;2044,32 $;0,00 $;5,68 $;-4956,80 $;0,00 $;100,00%;2044,32 $;2044,32 $;0,00 $;2044,32 $;0,00 $;240,00;890,00 $;2220,00 $;175,68 $;0,07%;
22/03/2023;1;117509,12 $;-3695,68 $;0,00 $;-3695,68 $;5,68 $;-8652,48 $;-3695,68 $;0,00%;-3695,68 $;0,00 $;-3695,68 $;0,00 $;-3695,68 $;210,00;4120,00 $;3960,00 $;7655,68 $;0,07%;
23/03/2023;1;116528,44 $;-980,68 $;0,00 $;-980,68 $;5,68 $;-9633,16 $;-980,68 $;0,00%;-980,68 $;0,00 $;-980,68 $;0,00 $;-980,68 $;150,00;3755,00 $;585,00 $;1565,68 $;0,07%;
27/03/2023;1;116507,76 $;-20,68 $;0,00 $;-20,68 $;5,68 $;-9653,84 $;-20,68 $;0,00%;-20,68 $;0,00 $;-20,68 $;0,00 $;-20,68 $;0,00;115,00 $;65,00 $;85,68 $;0,07%;
28/03/2023;1;117917,08 $;1409,32 $;1409,32 $;0,00 $;5,68 $;-8244,52 $;0,00 $;100,00%;1409,32 $;1409,32 $;0,00 $;1409,32 $;0,00 $;210,00;875,00 $;1530,00 $;120,68 $;0,07%;
29/03/2023;1;119556,40 $;1639,32 $;1639,32 $;0,00 $;5,68 $;-6605,20 $;0,00 $;100,00%;1639,32 $;1639,32 $;0,00 $;1639,32 $;0,00 $;240,00;160,00 $;1700,00 $;60,68 $;0,07%;
30/03/2023;1;120120,72 $;564,32 $;564,32 $;0,00 $;5,68 $;-6040,88 $;0,00 $;100,00%;564,32 $;564,32 $;0,00 $;564,32 $;0,00 $;210,00;1085,00 $;645,00 $;80,68 $;0,07%;
31/03/2023;2;122314,36 $;2193,64 $;2204,32 $;-10,68 $;11,36 $;-3847,24 $;-10,68 $;50,00%;1096,82 $;2204,32 $;-10,68 $;2204,32 $;-10,68 $;270,00;112,50 $;1162,50 $;65,68 $;0,14%;
03/04/2023;1;123503,68 $;1189,32 $;1189,32 $;0,00 $;5,68 $;-2657,92 $;0,00 $;100,00%;1189,32 $;1189,32 $;0,00 $;1189,32 $;0,00 $;240,00;520,00 $;1310,00 $;120,68 $;0,07%;
04/04/2023;1;122458,00 $;-1045,68 $;0,00 $;-1045,68 $;5,68 $;-3703,60 $;-1045,68 $;0,00%;-1045,68 $;0,00 $;-1045,68 $;0,00 $;-1045,68 $;240,00;1185,00 $;280,00 $;1325,68 $;0,07%;
05/04/2023;1;122912,32 $;454,32 $;454,32 $;0,00 $;5,68 $;-3249,28 $;0,00 $;100,00%;454,32 $;454,32 $;0,00 $;454,32 $;0,00 $;120,00;635,00 $;535,00 $;80,68 $;0,07%;
18/04/2023;1;122646,64 $;-265,68 $;0,00 $;-265,68 $;5,68 $;-3514,96 $;-265,68 $;0,00%;-265,68 $;0,00 $;-265,68 $;0,00 $;-265,68 $;240,00;960,00 $;330,00 $;595,68 $;0,07%;
20/04/2023;1;120700,96 $;-1945,68 $;0,00 $;-1945,68 $;5,68 $;-5460,64 $;-1945,68 $;0,00%;-1945,68 $;0,00 $;-1945,68 $;0,00 $;-1945,68 $;240,00;2030,00 $;1535,00 $;3480,68 $;0,07%;
24/04/2023;1;121935,28 $;1234,32 $;1234,32 $;0,00 $;5,68 $;-4226,32 $;0,00 $;100,00%;1234,32 $;1234,32 $;0,00 $;1234,32 $;0,00 $;210,00;80,00 $;1320,00 $;85,68 $;0,07%;
25/04/2023;1;119774,60 $;-2160,68 $;0,00 $;-2160,68 $;5,68 $;-6387,00 $;-2160,68 $;0,00%;-2160,68 $;0,00 $;-2160,68 $;0,00 $;-2160,68 $;240,00;2380,00 $;0,00 $;2160,68 $;0,07%;
26/04/2023;2;118053,24 $;-1721,36 $;0,00 $;-1721,36 $;11,36 $;-8108,36 $;-1721,36 $;0,00%;-860,68 $;0,00 $;-860,68 $;0,00 $;-1710,68 $;270,00;1160,00 $;477,50 $;1338,18 $;0,14%;
27/04/2023;1;118902,56 $;849,32 $;849,32 $;0,00 $;5,68 $;-7259,04 $;0,00 $;100,00%;849,32 $;849,32 $;0,00 $;849,32 $;0,00 $;90,00;340,00 $;2300,00 $;1450,68 $;0,07%;
28/04/2023;1;120286,88 $;1384,32 $;1384,32 $;0,00 $;5,68 $;-5874,72 $;0,00 $;100,00%;1384,32 $;1384,32 $;0,00 $;1384,32 $;0,00 $;210,00;420,00 $;1585,00 $;200,68 $;0,07%;
02/05/2023;1;121626,20 $;1339,32 $;1339,32 $;0,00 $;5,68 $;-4535,40 $;0,00 $;100,00%;1339,32 $;1339,32 $;0,00 $;1339,32 $;0,00 $;240,00;470,00 $;1755,00 $;415,68 $;0,07%;
03/05/2023;2;119699,84 $;-1926,36 $;0,00 $;-1926,36 $;11,36 $;-6461,76 $;-1926,36 $;0,00%;-963,18 $;0,00 $;-963,18 $;0,00 $;-1280,68 $;270,00;1067,50 $;1295,00 $;2258,18 $;0,14%;
04/05/2023;1;120764,16 $;1064,32 $;1064,32 $;0,00 $;5,68 $;-5397,44 $;0,00 $;100,00%;1064,32 $;1064,32 $;0,00 $;1064,32 $;0,00 $;240,00;155,00 $;2435,00 $;1370,68 $;0,07%;
09/05/2023;1;120523,48 $;-240,68 $;0,00 $;-240,68 $;5,68 $;-5638,12 $;-240,68 $;0,00%;-240,68 $;0,00 $;-240,68 $;0,00 $;-240,68 $;240,00;380,00 $;385,00 $;625,68 $;0,07%;
10/05/2023;1;121802,80 $;1279,32 $;1279,32 $;0,00 $;5,68 $;-4358,80 $;0,00 $;100,00%;1279,32 $;1279,32 $;0,00 $;1279,32 $;0,00 $;240,00;2085,00 $;1540,00 $;260,68 $;0,07%;
16/05/2023;1;121397,12 $;-405,68 $;0,00 $;-405,68 $;5,68 $;-4764,48 $;-405,68 $;0,00%;-405,68 $;0,00 $;-405,68 $;0,00 $;-405,68 $;90,00;920,00 $;380,00 $;785,68 $;0,07%;
18/05/2023;1;123671,44 $;2274,32 $;2274,32 $;0,00 $;5,68 $;-2490,16 $;0,00 $;100,00%;2274,32 $;2274,32 $;0,00 $;2274,32 $;0,00 $;150,00;845,00 $;2290,00 $;15,68 $;0,07%;
19/05/2023;1;123375,76 $;-295,68 $;0,00 $;-295,68 $;5,68 $;-2785,84 $;-295,68 $;0,00%;-295,68 $;0,00 $;-295,68 $;0,00 $;-295,68 $;240,00;805,00 $;645,00 $;940,68 $;0,07%;
23/05/2023;1;120775,08 $;-2600,68 $;0,00 $;-2600,68 $;5,68 $;-5386,52 $;-2600,68 $;0,00%;-2600,68 $;0,00 $;-2600,68 $;0,00 $;-2600,68 $;240,00;3175,00 $;80,00 $;2680,68 $;0,07%;
24/05/2023;1;123994,40 $;3219,32 $;3219,32 $;0,00 $;5,68 $;-2167,20 $;0,00 $;100,00%;3219,32 $;3219,32 $;0,00 $;3219,32 $;0,00 $;30,00;800,00 $;3295,00 $;75,68 $;0,07%;
26/05/2023;1;125993,72 $;1999,32 $;1999,32 $;0,00 $;5,68 $;-167,88 $;0,00 $;100,00%;1999,32 $;1999,32 $;0,00 $;1999,32 $;0,00 $;240,00;20,00 $;2435,00 $;435,68 $;0,07%;
30/05/2023;2;125152,36 $;-841,36 $;0,00 $;-841,36 $;11,36 $;-1009,24 $;-841,36 $;0,00%;-420,68 $;0,00 $;-420,68 $;0,00 $;-750,68 $;270,00;1212,50 $;375,00 $;795,68 $;0,14%;
31/05/2023;1;125711,68 $;559,32 $;559,32 $;0,00 $;5,68 $;-449,92 $;0,00 $;100,00%;559,32 $;559,32 $;0,00 $;559,32 $;0,00 $;210,00;275,00 $;2000,00 $;1440,68 $;0,07%;
01/06/2023;1;127731,00 $;2019,32 $;2019,32 $;0,00 $;5,68 $;0,00 $;0,00 $;100,00%;2019,32 $;2019,32 $;0,00 $;2019,32 $;0,00 $;240,00;80,00 $;2920,00 $;900,68 $;0,07%;
05/06/2023;1;126120,32 $;-1610,68 $;0,00 $;-1610,68 $;5,68 $;-1610,68 $;-1610,68 $;0,00%;-1610,68 $;0,00 $;-1610,68 $;0,00 $;-1610,68 $;240,00;2565,00 $;460,00 $;2070,68 $;0,07%;
06/06/2023;1;126054,64 $;-65,68 $;0,00 $;-65,68 $;5,68 $;-1676,36 $;-65,68 $;0,00%;-65,68 $;0,00 $;-65,68 $;0,00 $;-65,68 $;210,00;1285,00 $;220,00 $;285,68 $;0,07%;
08/06/2023;1;126008,96 $;-45,68 $;0,00 $;-45,68 $;5,68 $;-1722,04 $;-45,68 $;0,00%;-45,68 $;0,00 $;-45,68 $;0,00 $;-45,68 $;240,00;1400,00 $;650,00 $;695,68 $;0,07%;
09/06/2023;1;127038,28 $;1029,32 $;1029,32 $;0,00 $;5,68 $;-692,72 $;0,00 $;100,00%;1029,32 $;1029,32 $;0,00 $;1029,32 $;0,00 $;210,00;450,00 $;1930,00 $;900,68 $;0,07%;
12/06/2023;1;130182,60 $;3144,32 $;3144,32 $;0,00 $;5,68 $;0,00 $;0,00 $;100,00%;3144,32 $;3144,32 $;0,00 $;3144,32 $;0,00 $;210,00;95,00 $;3215,00 $;70,68 $;0,07%;
14/06/2023;2;129381,24 $;-801,36 $;309,32 $;-1110,68 $;11,36 $;-1110,68 $;-1110,68 $;50,00%;-400,68 $;309,32 $;-1110,68 $;309,32 $;-1110,68 $;270,00;2222,50 $;417,50 $;818,18 $;0,14%;
15/06/2023;1;131740,56 $;2359,32 $;2359,32 $;0,00 $;5,68 $;0,00 $;0,00 $;100,00%;2359,32 $;2359,32 $;0,00 $;2359,32 $;0,00 $;240,00;630,00 $;2950,00 $;590,68 $;0,07%;
19/06/2023;1;131824,88 $;84,32 $;84,32 $;0,00 $;5,68 $;0,00 $;0,00 $;100,00%;84,32 $;84,32 $;0,00 $;84,32 $;0,00 $;30,00;40,00 $;315,00 $;230,68 $;0,07%;
20/06/2023;1;132039,20 $;214,32 $;214,32 $;0,00 $;5,68 $;0,00 $;0,00 $;100,00%;214,32 $;214,32 $;0,00 $;214,32 $;0,00 $;210,00;255,00 $;910,00 $;695,68 $;0,07%;
21/06/2023;1;131353,52 $;-685,68 $;0,00 $;-685,68 $;5,68 $;-685,68 $;-685,68 $;0,00%;-685,68 $;0,00 $;-685,68 $;0,00 $;-685,68 $;210,00;765,00 $;1565,00 $;2250,68 $;0,07%;
26/06/2023;1;130592,84 $;-760,68 $;0,00 $;-760,68 $;5,68 $;-1446,36 $;-760,68 $;0,00%;-760,68 $;0,00 $;-760,68 $;0,00 $;-760,68 $;210,00;1250,00 $;660,00 $;1420,68 $;0,07%;
27/06/2023;1;130867,16 $;274,32 $;274,32 $;0,00 $;5,68 $;-1172,04 $;0,00 $;100,00%;274,32 $;274,32 $;0,00 $;274,32 $;0,00 $;150,00;0,00 $;1295,00 $;1020,68 $;0,07%;
28/06/2023;1;131241,48 $;374,32 $;374,32 $;0,00 $;5,68 $;-797,72 $;0,00 $;100,00%;374,32 $;374,32 $;0,00 $;374,32 $;0,00 $;210,00;1730,00 $;685,00 $;310,68 $;0,07%;
29/06/2023;1;130190,80 $;-1050,68 $;0,00 $;-1050,68 $;5,68 $;-1848,40 $;-1050,68 $;0,00%;-1050,68 $;0,00 $;-1050,68 $;0,00 $;-1050,68 $;240,00;1890,00 $;165,00 $;1215,68 $;0,07%;
30/06/2023;1;130740,12 $;549,32 $;549,32 $;0,00 $;5,68 $;-1299,08 $;0,00 $;100,00%;549,32 $;549,32 $;0,00 $;549,32 $;0,00 $;240,00;880,00 $;715,00 $;165,68 $;0,07%;
03/07/2023;1;131434,44 $;694,32 $;694,32 $;0,00 $;5,68 $;-604,76 $;0,00 $;100,00%;694,32 $;694,32 $;0,00 $;694,32 $;0,00 $;45,00;280,00 $;900,00 $;205,68 $;0,07%;
06/07/2023;1;131948,76 $;514,32 $;514,32 $;0,00 $;5,68 $;-90,44 $;0,00 $;100,00%;514,32 $;514,32 $;0,00 $;514,32 $;0,00 $;210,00;185,00 $;1030,00 $;515,68 $;0,07%;
07/07/2023;1;131968,08 $;19,32 $;19,32 $;0,00 $;5,68 $;-71,12 $;0,00 $;100,00%;19,32 $;19,32 $;0,00 $;19,32 $;0,00 $;240,00;175,00 $;2205,00 $;2185,68 $;0,07%;
10/07/2023;1;132247,40 $;279,32 $;279,32 $;0,00 $;5,68 $;0,00 $;0,00 $;100,00%;279,32 $;279,32 $;0,00 $;279,32 $;0,00 $;240,00;1845,00 $;740,00 $;460,68 $;0,07%;
11/07/2023;1;133641,72 $;1394,32 $;1394,32 $;0,00 $;5,68 $;0,00 $;0,00 $;100,00%;1394,32 $;1394,32 $;0,00 $;1394,32 $;0,00 $;210,00;745,00 $;1690,00 $;295,68 $;0,07%;
12/07/2023;1;133481,04 $;-160,68 $;0,00 $;-160,68 $;5,68 $;-160,68 $;-160,68 $;0,00%;-160,68 $;0,00 $;-160,68 $;0,00 $;-160,68 $;240,00;2125,00 $;555,00 $;715,68 $;0,07%;
13/07/2023;1;134510,36 $;1029,32 $;1029,32 $;0,00 $;5,68 $;0,00 $;0,00 $;100,00%;1029,32 $;1029,32 $;0,00 $;1029,32 $;0,00 $;210,00;205,00 $;1880,00 $;850,68 $;0,07%;
14/07/2023;1;131924,68 $;-2585,68 $;0,00 $;-2585,68 $;5,68 $;-2585,68 $;-2585,68 $;0,00%;-2585,68 $;0,00 $;-2585,68 $;0,00 $;-2585,68 $;240,00;2845,00 $;490,00 $;3075,68 $;0,07%;
17/07/2023;1;133054,00 $;1129,32 $;1129,32 $;0,00 $;5,68 $;-1456,36 $;0,00 $;100,00%;1129,32 $;1129,32 $;0,00 $;1129,32 $;0,00 $;210,00;265,00 $;2185,00 $;1055,68 $;0,07%;
19/07/2023;1;132243,32 $;-810,68 $;0,00 $;-810,68 $;5,68 $;-2267,04 $;-810,68 $;0,00%;-810,68 $;0,00 $;-810,68 $;0,00 $;-810,68 $;210,00;1345,00 $;430,00 $;1240,68 $;0,07%;
20/07/2023;1;131897,64 $;-345,68 $;0,00 $;-345,68 $;5,68 $;-2612,72 $;-345,68 $;0,00%;-345,68 $;0,00 $;-345,68 $;0,00 $;-345,68 $;90,00;1325,00 $;430,00 $;775,68 $;0,07%;
24/07/2023;1;132071,96 $;174,32 $;174,32 $;0,00 $;5,68 $;-2438,40 $;0,00 $;100,00%;174,32 $;174,32 $;0,00 $;174,32 $;0,00 $;210,00;660,00 $;790,00 $;615,68 $;0,07%;
25/07/2023;2;133300,60 $;1228,64 $;1228,64 $;0,00 $;11,36 $;-1389,08 $;0,00 $;100,00%;614,32 $;614,32 $;0,00 $;1049,32 $;0,00 $;240,00;75,00 $;1002,50 $;388,18 $;0,14%;
26/07/2023;1;134999,92 $;1699,32 $;1699,32 $;0,00 $;5,68 $;0,00 $;0,00 $;100,00%;1699,32 $;1699,32 $;0,00 $;1699,32 $;0,00 $;210,00;765,00 $;3050,00 $;1350,68 $;0,07%;
27/07/2023;1;129694,24 $;-5305,68 $;0,00 $;-5305,68 $;5,68 $;-5305,68 $;-5305,68 $;0,00%;-5305,68 $;0,00 $;-5305,68 $;0,00 $;-5305,68 $;210,00;6775,00 $;135,00 $;5440,68 $;0,07%;
01/08/2023;1;129173,56 $;-520,68 $;0,00 $;-520,68 $;5,68 $;-5826,36 $;-520,68 $;0,00%;-520,68 $;0,00 $;-520,68 $;0,00 $;-520,68 $;30,00;680,00 $;225,00 $;745,68 $;0,07%;
02/08/2023;1;129972,88 $;799,32 $;799,32 $;0,00 $;5,68 $;-5027,04 $;0,00 $;100,00%;799,32 $;799,32 $;0,00 $;799,32 $;0,00 $;210,00;105,00 $;1730,00 $;930,68 $;0,07%;
03/08/2023;1;129527,20 $;-445,68 $;0,00 $;-445,68 $;5,68 $;-5472,72 $;-445,68 $;0,00%;-445,68 $;0,00 $;-445,68 $;0,00 $;-445,68 $;240,00;950,00 $;1215,00 $;1660,68 $;0,07%;
04/08/2023;1;126221,52 $;-3305,68 $;0,00 $;-3305,68 $;5,68 $;-8778,40 $;-3305,68 $;0,00%;-3305,68 $;0,00 $;-3305,68 $;0,00 $;-3305,68 $;240,00;3680,00 $;1345,00 $;4650,68 $;0,07%;
08/08/2023;1;127670,84 $;1449,32 $;1449,32 $;0,00 $;5,68 $;-7329,08 $;0,00 $;100,00%;1449,32 $;1449,32 $;0,00 $;1449,32 $;0,00 $;240,00;845,00 $;1695,00 $;245,68 $;0,07%;
09/08/2023;1;126855,16 $;-815,68 $;0,00 $;-815,68 $;5,68 $;-8144,76 $;-815,68 $;0,00%;-815,68 $;0,00 $;-815,68 $;0,00 $;-815,68 $;150,00;1540,00 $;1245,00 $;2060,68 $;0,07%;
11/08/2023;1;128039,48 $;1184,32 $;1184,32 $;0,00 $;5,68 $;-6960,44 $;0,00 $;100,00%;1184,32 $;1184,32 $;0,00 $;1184,32 $;0,00 $;240,00;395,00 $;1620,00 $;435,68 $;0,07%;
14/08/2023;1;128088,80 $;49,32 $;49,32 $;0,00 $;5,68 $;-6911,12 $;0,00 $;100,00%;49,32 $;49,32 $;0,00 $;49,32 $;0,00 $;240,00;980,00 $;510,00 $;460,68 $;0,07%;
15/08/2023;1;126433,12 $;-1655,68 $;0,00 $;-1655,68 $;5,68 $;-8566,80 $;-1655,68 $;0,00%;-1655,68 $;0,00 $;-1655,68 $;0,00 $;-1655,68 $;240,00;1680,00 $;730,00 $;2385,68 $;0,07%;
16/08/2023;1;123762,44 $;-2670,68 $;0,00 $;-2670,68 $;5,68 $;-11237,48 $;-2670,68 $;0,00%;-2670,68 $;0,00 $;-2670,68 $;0,00 $;-2670,68 $;240,00;3015,00 $;30,00 $;2700,68 $;0,07%;
17/08/2023;1;120071,76 $;-3690,68 $;0,00 $;-3690,68 $;5,68 $;-14928,16 $;-3690,68 $;0,00%;-3690,68 $;0,00 $;-3690,68 $;0,00 $;-3690,68 $;210,00;3960,00 $;340,00 $;4030,68 $;0,07%;
18/08/2023;1;121736,08 $;1664,32 $;1664,32 $;0,00 $;5,68 $;-13263,84 $;0,00 $;100,00%;1664,32 $;1664,32 $;0,00 $;1664,32 $;0,00 $;240,00;460,00 $;2160,00 $;495,68 $;0,07%;
22/08/2023;1;121640,40 $;-95,68 $;0,00 $;-95,68 $;5,68 $;-13359,52 $;-95,68 $;0,00%;-95,68 $;0,00 $;-95,68 $;0,00 $;-95,68 $;210,00;615,00 $;965,00 $;1060,68 $;0,07%;
23/08/2023;1;122379,72 $;739,32 $;739,32 $;0,00 $;5,68 $;-12620,20 $;0,00 $;100,00%;739,32 $;739,32 $;0,00 $;739,32 $;0,00 $;240,00;440,00 $;1055,00 $;315,68 $;0,07%;
24/08/2023;1;120464,04 $;-1915,68 $;0,00 $;-1915,68 $;5,68 $;-14535,88 $;-1915,68 $;0,00%;-1915,68 $;0,00 $;-1915,68 $;0,00 $;-1915,68 $;240,00;2010,00 $;435,00 $;2350,68 $;0,07%;
25/08/2023;1;122323,36 $;1859,32 $;1859,32 $;0,00 $;5,68 $;-12676,56 $;0,00 $;100,00%;1859,32 $;1859,32 $;0,00 $;1859,32 $;0,00 $;210,00;870,00 $;2925,00 $;1065,68 $;0,07%;
28/08/2023;1;122617,68 $;294,32 $;294,32 $;0,00 $;5,68 $;-12382,24 $;0,00 $;100,00%;294,32 $;294,32 $;0,00 $;294,32 $;0,00 $;150,00;1685,00 $;545,00 $;250,68 $;0,07%;
29/08/2023;2;124271,32 $;1653,64 $;1653,64 $;0,00 $;11,36 $;-10757,92 $;0,00 $;100,00%;826,82 $;826,82 $;0,00 $;1624,32 $;0,00 $;240,00;32,50 $;872,50 $;45,68 $;0,14%;
31/08/2023;1;124395,64 $;124,32 $;124,32 $;0,00 $;5,68 $;-10604,28 $;0,00 $;100,00%;124,32 $;124,32 $;0,00 $;124,32 $;0,00 $;210,00;835,00 $;1225,00 $;1100,68 $;0,07%;
07/09/2023;1;124769,96 $;374,32 $;374,32 $;0,00 $;5,68 $;-10229,96 $;0,00 $;100,00%;374,32 $;374,32 $;0,00 $;374,32 $;0,00 $;210,00;565,00 $;1005,00 $;630,68 $;0,07%;
11/09/2023;1;126714,28 $;1944,32 $;1944,32 $;0,00 $;5,68 $;-8285,64 $;0,00 $;100,00%;1944,32 $;1944,32 $;0,00 $;1944,32 $;0,00 $;240,00;675,00 $;2000,00 $;55,68 $;0,07%;
13/09/2023;1;126233,60 $;-480,68 $;0,00 $;-480,68 $;5,68 $;-8766,32 $;-480,68 $;0,00%;-480,68 $;0,00 $;-480,68 $;0,00 $;-480,68 $;210,00;1685,00 $;545,00 $;1025,68 $;0,07%;
14/09/2023;1;126752,92 $;519,32 $;519,32 $;0,00 $;5,68 $;-8247,00 $;0,00 $;100,00%;519,32 $;519,32 $;0,00 $;519,32 $;0,00 $;210,00;350,00 $;910,00 $;390,68 $;0,07%;
15/09/2023;1;126127,24 $;-625,68 $;0,00 $;-625,68 $;5,68 $;-8872,68 $;-625,68 $;0,00%;-625,68 $;0,00 $;-625,68 $;0,00 $;-625,68 $;240,00;1475,00 $;750,00 $;1375,68 $;0,07%;
18/09/2023;1;126066,56 $;-60,68 $;0,00 $;-60,68 $;5,68 $;-8933,36 $;-60,68 $;0,00%;-60,68 $;0,00 $;-60,68 $;0,00 $;-60,68 $;0,00;95,00 $;45,00 $;105,68 $;0,07%;
19/09/2023;1;127675,88 $;1609,32 $;1609,32 $;0,00 $;5,68 $;-7324,04 $;0,00 $;100,00%;1609,32 $;1609,32 $;0,00 $;1609,32 $;0,00 $;240,00;455,00 $;2545,00 $;935,68 $;0,07%;
20/09/2023;1;125995,20 $;-1680,68 $;0,00 $;-1680,68 $;5,68 $;-9004,72 $;-1680,68 $;0,00%;-1680,68 $;0,00 $;-1680,68 $;0,00 $;-1680,68 $;240,00;2260,00 $;1115,00 $;2795,68 $;0,07%;
21/09/2023;1;125044,52 $;-950,68 $;0,00 $;-950,68 $;5,68 $;-9955,40 $;-950,68 $;0,00%;-950,68 $;0,00 $;-950,68 $;0,00 $;-950,68 $;240,00;1040,00 $;1160,00 $;2110,68 $;0,07%;
22/09/2023;1;123863,84 $;-1180,68 $;0,00 $;-1180,68 $;5,68 $;-11136,08 $;-1180,68 $;0,00%;-1180,68 $;0,00 $;-1180,68 $;0,00 $;-1180,68 $;240,00;2890,00 $;335,00 $;1515,68 $;0,07%;
25/09/2023;1;124298,16 $;434,32 $;434,32 $;0,00 $;5,68 $;-10701,76 $;0,00 $;100,00%;434,32 $;434,32 $;0,00 $;434,32 $;0,00 $;210,00;1725,00 $;485,00 $;50,68 $;0,07%;
26/09/2023;1;123407,48 $;-890,68 $;0,00 $;-890,68 $;5,68 $;-11592,44 $;-890,68 $;0,00%;-890,68 $;0,00 $;-890,68 $;0,00 $;-890,68 $;210,00;2010,00 $;345,00 $;1235,68 $;0,07%;
27/09/2023;1;125511,80 $;2104,32 $;2104,32 $;0,00 $;5,68 $;-9488,12 $;0,00 $;100,00%;2104,32 $;2104,32 $;0,00 $;2104,32 $;0,00 $;210,00;1530,00 $;3180,00 $;1075,68 $;0,07%;
28/09/2023;1;127166,12 $;1654,32 $;1654,32 $;0,00 $;5,68 $;-7833,80 $;0,00 $;100,00%;1654,32 $;1654,32 $;0,00 $;1654,32 $;0,00 $;240,00;310,00 $;2415,00 $;760,68 $;0,07%;
02/10/2023;1;124760,44 $;-2405,68 $;0,00 $;-2405,68 $;5,68 $;-10239,48 $;-2405,68 $;0,00%;-2405,68 $;0,00 $;-2405,68 $;0,00 $;-2405,68 $;240,00;3495,00 $;125,00 $;2530,68 $;0,07%;
03/10/2023;1;123299,76 $;-1460,68 $;0,00 $;-1460,68 $;5,68 $;-11700,16 $;-1460,68 $;0,00%;-1460,68 $;0,00 $;-1460,68 $;0,00 $;-1460,68 $;240,00;1475,00 $;955,00 $;2415,68 $;0,07%;
05/10/2023;1;125824,08 $;2524,32 $;2524,32 $;0,00 $;5,68 $;-9175,84 $;0,00 $;100,00%;2524,32 $;2524,32 $;0,00 $;2524,32 $;0,00 $;240,00;415,00 $;3020,00 $;495,68 $;0,07%;
06/10/2023;1;130348,40 $;4524,32 $;4524,32 $;0,00 $;5,68 $;-4651,52 $;0,00 $;100,00%;4524,32 $;4524,32 $;0,00 $;4524,32 $;0,00 $;240,00;25,00 $;4600,00 $;75,68 $;0,07%;
09/10/2023;1;133562,72 $;3214,32 $;3214,32 $;0,00 $;5,68 $;-1437,20 $;0,00 $;100,00%;3214,32 $;3214,32 $;0,00 $;3214,32 $;0,00 $;240,00;195,00 $;3625,00 $;410,68 $;0,07%;
10/10/2023;1;132272,04 $;-1290,68 $;0,00 $;-1290,68 $;5,68 $;-2727,88 $;-1290,68 $;0,00%;-1290,68 $;0,00 $;-1290,68 $;0,00 $;-1290,68 $;240,00;1930,00 $;635,00 $;1925,68 $;0,07%;
12/10/2023;1;132556,36 $;284,32 $;284,32 $;0,00 $;5,68 $;-2443,56 $;0,00 $;100,00%;284,32 $;284,32 $;0,00 $;284,32 $;0,00 $;150,00;1865,00 $;505,00 $;220,68 $;0,07%;
13/10/2023;1;133140,68 $;584,32 $;584,32 $;0,00 $;5,68 $;-1859,24 $;0,00 $;100,00%;584,32 $;584,32 $;0,00 $;584,32 $;0,00 $;150,00;315,00 $;1820,00 $;1235,68 $;0,07%;
16/10/2023;1;133635,00 $;494,32 $;494,32 $;0,00 $;5,68 $;-1364,92 $;0,00 $;100,00%;494,32 $;494,32 $;0,00 $;494,32 $;0,00 $;210,00;1395,00 $;1100,00 $;605,68 $;0,07%;
17/10/2023;1;133364,32 $;-270,68 $;0,00 $;-270,68 $;5,68 $;-1635,60 $;-270,68 $;0,00%;-270,68 $;0,00 $;-270,68 $;0,00 $;-270,68 $;240,00;1060,00 $;1560,00 $;1830,68 $;0,07%;
18/10/2023;1;132618,64 $;-745,68 $;0,00 $;-745,68 $;5,68 $;-2381,28 $;-745,68 $;0,00%;-745,68 $;0,00 $;-745,68 $;0,00 $;-745,68 $;90,00;2380,00 $;380,00 $;1125,68 $;0,07%;
19/10/2023;1;130252,96 $;-2365,68 $;0,00 $;-2365,68 $;5,68 $;-4746,96 $;-2365,68 $;0,00%;-2365,68 $;0,00 $;-2365,68 $;0,00 $;-2365,68 $;240,00;2740,00 $;2485,00 $;4850,68 $;0,07%;
20/10/2023;1;129192,28 $;-1060,68 $;0,00 $;-1060,68 $;5,68 $;-5807,64 $;-1060,68 $;0,00%;-1060,68 $;0,00 $;-1060,68 $;0,00 $;-1060,68 $;210,00;1230,00 $;1935,00 $;2995,68 $;0,07%;
23/10/2023;2;129255,92 $;63,64 $;154,32 $;-90,68 $;11,36 $;-5898,32 $;-90,68 $;50,00%;31,82 $;154,32 $;-90,68 $;154,32 $;-90,68 $;240,00;167,50 $;1245,00 $;1213,18 $;0,14%;
24/10/2023;1;130240,24 $;984,32 $;984,32 $;0,00 $;5,68 $;-4759,68 $;0,00 $;100,00%;984,32 $;984,32 $;0,00 $;984,32 $;0,00 $;240,00;1920,00 $;1080,00 $;95,68 $;0,07%;
26/10/2023;1;131214,56 $;974,32 $;974,32 $;0,00 $;5,68 $;-3785,36 $;0,00 $;100,00%;974,32 $;974,32 $;0,00 $;974,32 $;0,00 $;150,00;405,00 $;3440,00 $;2465,68 $;0,07%;
27/10/2023;1;128533,88 $;-2680,68 $;0,00 $;-2680,68 $;5,68 $;-6466,04 $;-2680,68 $;0,00%;-2680,68 $;0,00 $;-2680,68 $;0,00 $;-2680,68 $;240,00;3560,00 $;80,00 $;2760,68 $;0,07%;
30/10/2023;1;130673,20 $;2139,32 $;2139,32 $;0,00 $;5,68 $;-4326,72 $;0,00 $;100,00%;2139,32 $;2139,32 $;0,00 $;2139,32 $;0,00 $;240,00;600,00 $;2630,00 $;490,68 $;0,07%;
31/10/2023;1;130867,52 $;194,32 $;194,32 $;0,00 $;5,68 $;-4132,40 $;0,00 $;100,00%;194,32 $;194,32 $;0,00 $;194,32 $;0,00 $;90,00;0,00 $;1235,00 $;1040,68 $;0,07%;
01/11/2023;2;134041,16 $;3173,64 $;3173,64 $;0,00 $;11,36 $;-1343,08 $;0,00 $;100,00%;1586,82 $;1586,82 $;0,00 $;2789,32 $;0,00 $;240,00;345,00 $;1775,00 $;188,18 $;0,14%;
03/11/2023;1;134095,48 $;54,32 $;54,32 $;0,00 $;5,68 $;-904,44 $;0,00 $;100,00%;54,32 $;54,32 $;0,00 $;54,32 $;0,00 $;210,00;530,00 $;910,00 $;855,68 $;0,07%;
07/11/2023;1;134334,80 $;239,32 $;239,32 $;0,00 $;5,68 $;-665,12 $;0,00 $;100,00%;239,32 $;239,32 $;0,00 $;239,32 $;0,00 $;240,00;1110,00 $;550,00 $;310,68 $;0,07%;
08/11/2023;1;135424,12 $;1089,32 $;1089,32 $;0,00 $;5,68 $;0,00 $;0,00 $;100,00%;1089,32 $;1089,32 $;0,00 $;1089,32 $;0,00 $;210,00;190,00 $;1595,00 $;505,68 $;0,07%;
13/11/2023;1;135513,44 $;89,32 $;89,32 $;0,00 $;5,68 $;0,00 $;0,00 $;100,00%;89,32 $;89,32 $;0,00 $;89,32 $;0,00 $;240,00;630,00 $;430,00 $;340,68 $;0,07%;
14/11/2023;2;136127,08 $;613,64 $;779,32 $;-165,68 $;11,36 $;-165,68 $;-165,68 $;50,00%;306,82 $;779,32 $;-165,68 $;779,32 $;-165,68 $;270,00;565,00 $;525,00 $;218,18 $;0,14%;
15/11/2023;1;134911,40 $;-1215,68 $;0,00 $;-1215,68 $;5,68 $;-1381,36 $;-1215,68 $;0,00%;-1215,68 $;0,00 $;-1215,68 $;0,00 $;-1215,68 $;210,00;1475,00 $;455,00 $;1670,68 $;0,07%;
16/11/2023;1;136170,72 $;1259,32 $;1259,32 $;0,00 $;5,68 $;-122,04 $;0,00 $;100,00%;1259,32 $;1259,32 $;0,00 $;1259,32 $;0,00 $;240,00;320,00 $;1800,00 $;540,68 $;0,07%;
20/11/2023;1;138055,04 $;1884,32 $;1884,32 $;0,00 $;5,68 $;0,00 $;0,00 $;100,00%;1884,32 $;1884,32 $;0,00 $;1884,32 $;0,00 $;240,00;195,00 $;2110,00 $;225,68 $;0,07%;
24/11/2023;1;138094,36 $;39,32 $;39,32 $;0,00 $;5,68 $;0,00 $;0,00 $;100,00%;39,32 $;39,32 $;0,00 $;39,32 $;0,00 $;45,00;180,00 $;330,00 $;290,68 $;0,07%;
27/11/2023;2;137908,00 $;-186,36 $;499,32 $;-685,68 $;11,36 $;-685,68 $;-685,68 $;50,00%;-93,18 $;499,32 $;-685,68 $;499,32 $;-685,68 $;330,00;485,00 $;830,00 $;923,18 $;0,14%;
28/11/2023;1;137207,32 $;-700,68 $;0,00 $;-700,68 $;5,68 $;-1386,36 $;-700,68 $;0,00%;-700,68 $;0,00 $;-700,68 $;0,00 $;-700,68 $;240,00;1445,00 $;620,00 $;1320,68 $;0,07%;
29/11/2023;1;136736,64 $;-470,68 $;0,00 $;-470,68 $;5,68 $;-1857,04 $;-470,68 $;0,00%;-470,68 $;0,00 $;-470,68 $;0,00 $;-470,68 $;240,00;570,00 $;1090,00 $;1560,68 $;0,07%;
30/11/2023;1;138585,96 $;1849,32 $;1849,32 $;0,00 $;5,68 $;-7,72 $;0,00 $;100,00%;1849,32 $;1849,32 $;0,00 $;1849,32 $;0,00 $;210,00;435,00 $;2270,00 $;420,68 $;0,07%;
01/12/2023;1;139970,28 $;1384,32 $;1384,32 $;0,00 $;5,68 $;0,00 $;0,00 $;100,00%;1384,32 $;1384,32 $;0,00 $;1384,32 $;0,00 $;240,00;515,00 $;1765,00 $;380,68 $;0,07%;
04/12/2023;1;141289,60 $;1319,32 $;1319,32 $;0,00 $;5,68 $;0,00 $;0,00 $;100,00%;1319,32 $;1319,32 $;0,00 $;1319,32 $;0,00 $;240,00;180,00 $;1985,00 $;665,68 $;0,07%;
05/12/2023;1;141638,92 $;349,32 $;349,32 $;0,00 $;5,68 $;0,00 $;0,00 $;100,00%;349,32 $;349,32 $;0,00 $;349,32 $;0,00 $;240,00;1000,00 $;620,00 $;270,68 $;0,07%;
07/12/2023;1;143043,24 $;1404,32 $;1404,32 $;0,00 $;5,68 $;0,00 $;0,00 $;100,00%;1404,32 $;1404,32 $;0,00 $;1404,32 $;0,00 $;240,00;35,00 $;1920,00 $;515,68 $;0,07%;
08/12/2023;1;144122,56 $;1079,32 $;1079,32 $;0,00 $;5,68 $;0,00 $;0,00 $;100,00%;1079,32 $;1079,32 $;0,00 $;1079,32 $;0,00 $;240,00;1295,00 $;1290,00 $;210,68 $;0,07%;
12/12/2023;1;145471,88 $;1349,32 $;1349,32 $;0,00 $;5,68 $;0,00 $;0,00 $;100,00%;1349,32 $;1349,32 $;0,00 $;1349,32 $;0,00 $;240,00;610,00 $;1420,00 $;70,68 $;0,07%;
13/12/2023;1;148831,20 $;3359,32 $;3359,32 $;0,00 $;5,68 $;0,00 $;0,00 $;100,00%;3359,32 $;3359,32 $;0,00 $;3359,32 $;0,00 $;210,00;555,00 $;4055,00 $;695,68 $;0,07%;
14/12/2023;1;148190,52 $;-640,68 $;0,00 $;-640,68 $;5,68 $;-640,68 $;-640,68 $;0,00%;-640,68 $;0,00 $;-640,68 $;0,00 $;-640,68 $;240,00;2755,00 $;1045,00 $;1685,68 $;0,07%;
15/12/2023;1;147294,84 $;-895,68 $;0,00 $;-895,68 $;5,68 $;-1536,36 $;-895,68 $;0,00%;-895,68 $;0,00 $;-895,68 $;0,00 $;-895,68 $;240,00;2280,00 $;215,00 $;1110,68 $;0,07%;
19/12/2023;1;147264,16 $;-30,68 $;0,00 $;-30,68 $;5,68 $;-1567,04 $;-30,68 $;0,00%;-30,68 $;0,00 $;-30,68 $;0,00 $;-30,68 $;240,00;660,00 $;250,00 $;280,68 $;0,07%;
20/12/2023;1;147438,48 $;174,32 $;174,32 $;0,00 $;5,68 $;-1392,72 $;0,00 $;100,00%;174,32 $;174,32 $;0,00 $;174,32 $;0,00 $;0,00;170,00 $;180,00 $;5,68 $;0,07%;
21/12/2023;1;149712,80 $;2274,32 $;2274,32 $;0,00 $;5,68 $;0,00 $;0,00 $;100,00%;2274,32 $;2274,32 $;0,00 $;2274,32 $;0,00 $;210,00;495,00 $;2525,00 $;250,68 $;0,07%;
27/12/2023;2;149901,44 $;188,64 $;188,64 $;0,00 $;11,36 $;0,00 $;0,00 $;100,00%;94,32 $;94,32 $;0,00 $;99,32 $;0,00 $;240,00;175,00 $;555,00 $;460,68 $;0,14%;
28/12/2023;1;149600,76 $;-300,68 $;0,00 $;-300,68 $;5,68 $;-300,68 $;-300,68 $;0,00%;-300,68 $;0,00 $;-300,68 $;0,00 $;-300,68 $;240,00;515,00 $;455,00 $;755,68 $;0,07%;
29/12/2023;1;151415,08 $;1814,32 $;1814,32 $;0,00 $;5,68 $;0,00 $;0,00 $;100,00%;1814,32 $;1814,32 $;0,00 $;1814,32 $;0,00 $;240,00;105,00 $;2125,00 $;310,68 $;0,07%;
02/01/2024;1;149099,40 $;-2315,68 $;0,00 $;-2315,68 $;5,68 $;-2315,68 $;-2315,68 $;0,00%;-2315,68 $;0,00 $;-2315,68 $;0,00 $;-2315,68 $;240,00;2775,00 $;530,00 $;2845,68 $;0,07%;
03/01/2024;1;148783,72 $;-315,68 $;0,00 $;-315,68 $;5,68 $;-2631,36 $;-315,68 $;0,00%;-315,68 $;0,00 $;-315,68 $;0,00 $;-315,68 $;30,00;725,00 $;430,00 $;745,68 $;0,07%;
04/01/2024;1;147153,04 $;-1630,68 $;0,00 $;-1630,68 $;5,68 $;-4262,04 $;-1630,68 $;0,00%;-1630,68 $;0,00 $;-1630,68 $;0,00 $;-1630,68 $;240,00;2030,00 $;155,00 $;1785,68 $;0,07%;
05/01/2024;1;145142,36 $;-2010,68 $;0,00 $;-2010,68 $;5,68 $;-6272,72 $;-2010,68 $;0,00%;-2010,68 $;0,00 $;-2010,68 $;0,00 $;-2010,68 $;240,00;2310,00 $;260,00 $;2270,68 $;0,07%;
08/01/2024;1;147721,68 $;2579,32 $;2579,32 $;0,00 $;5,68 $;-3693,40 $;0,00 $;100,00%;2579,32 $;2579,32 $;0,00 $;2579,32 $;0,00 $;240,00;15,00 $;2890,00 $;310,68 $;0,07%;
09/01/2024;1;147731,00 $;9,32 $;9,32 $;0,00 $;5,68 $;-3684,08 $;0,00 $;100,00%;9,32 $;9,32 $;0,00 $;9,32 $;0,00 $;0,00;50,00 $;125,00 $;115,68 $;0,07%;
11/01/2024;1;150745,32 $;3014,32 $;3014,32 $;0,00 $;5,68 $;-669,76 $;0,00 $;100,00%;3014,32 $;3014,32 $;0,00 $;3014,32 $;0,00 $;240,00;860,00 $;3755,00 $;740,68 $;0,07%;
12/01/2024;1;150179,64 $;-565,68 $;0,00 $;-565,68 $;5,68 $;-1235,44 $;-565,68 $;0,00%;-565,68 $;0,00 $;-565,68 $;0,00 $;-565,68 $;240,00;1300,00 $;235,00 $;800,68 $;0,07%;
15/01/2024;1;150113,96 $;-65,68 $;0,00 $;-65,68 $;5,68 $;-1301,12 $;-65,68 $;0,00%;-65,68 $;0,00 $;-65,68 $;0,00 $;-65,68 $;30,00;375,00 $;120,00 $;185,68 $;0,07%;
18/01/2024;1;152008,28 $;1894,32 $;1894,32 $;0,00 $;5,68 $;0,00 $;0,00 $;100,00%;1894,32 $;1894,32 $;0,00 $;1894,32 $;0,00 $;210,00;1670,00 $;1995,00 $;100,68 $;0,07%;
19/01/2024;1;155542,60 $;3534,32 $;3534,32 $;0,00 $;5,68 $;0,00 $;0,00 $;100,00%;3534,32 $;3534,32 $;0,00 $;3534,32 $;0,00 $;210,00;60,00 $;3545,00 $;10,68 $;0,07%;
22/01/2024;1;155356,92 $;-185,68 $;0,00 $;-185,68 $;5,68 $;-185,68 $;-185,68 $;0,00%;-185,68 $;0,00 $;-185,68 $;0,00 $;-185,68 $;240,00;1205,00 $;390,00 $;575,68 $;0,07%;
23/01/2024;1;156951,24 $;1594,32 $;1594,32 $;0,00 $;5,68 $;0,00 $;0,00 $;100,00%;1594,32 $;1594,32 $;0,00 $;1594,32 $;0,00 $;90,00;160,00 $;1715,00 $;120,68 $;0,07%;
24/01/2024;1;154380,56 $;-2570,68 $;0,00 $;-2570,68 $;5,68 $;-2570,68 $;-2570,68 $;0,00%;-2570,68 $;0,00 $;-2570,68 $;0,00 $;-2570,68 $;150,00;3775,00 $;40,00 $;2610,68 $;0,07%;
26/01/2024;1;152619,88 $;-1760,68 $;0,00 $;-1760,68 $;5,68 $;-4331,36 $;-1760,68 $;0,00%;-1760,68 $;0,00 $;-1760,68 $;0,00 $;-1760,68 $;210,00;1885,00 $;10,00 $;1770,68 $;0,07%;
29/01/2024;2;155448,52 $;2828,64 $;2904,32 $;-75,68 $;11,36 $;-1502,72 $;-75,68 $;50,00%;1414,32 $;2904,32 $;-75,68 $;2904,32 $;-75,68 $;270,00;85,00 $;1610,00 $;195,68 $;0,14%;
31/01/2024;1;154657,84 $;-790,68 $;0,00 $;-790,68 $;5,68 $;-2293,40 $;-790,68 $;0,00%;-790,68 $;0,00 $;-790,68 $;0,00 $;-790,68 $;240,00;1895,00 $;2940,00 $;3730,68 $;0,07%;
01/02/2024;1;159422,16 $;4764,32 $;4764,32 $;0,00 $;5,68 $;0,00 $;0,00 $;100,00%;4764,32 $;4764,32 $;0,00 $;4764,32 $;0,00 $;210,00;305,00 $;4795,00 $;30,68 $;0,07%;
06/02/2024;1;159031,48 $;-390,68 $;0,00 $;-390,68 $;5,68 $;-390,68 $;-390,68 $;0,00%;-390,68 $;0,00 $;-390,68 $;0,00 $;-390,68 $;240,00;1890,00 $;160,00 $;550,68 $;0,07%;
07/02/2024;1;159575,80 $;544,32 $;544,32 $;0,00 $;5,68 $;0,00 $;0,00 $;100,00%;544,32 $;544,32 $;0,00 $;544,32 $;0,00 $;240,00;990,00 $;750,00 $;205,68 $;0,07%;
09/02/2024;1;160725,12 $;1149,32 $;1149,32 $;0,00 $;5,68 $;0,00 $;0,00 $;100,00%;1149,32 $;1149,32 $;0,00 $;1149,32 $;0,00 $;240,00;345,00 $;1735,00 $;585,68 $;0,07%;
12/02/2024;1;157584,44 $;-3140,68 $;0,00 $;-3140,68 $;5,68 $;-3140,68 $;-3140,68 $;0,00%;-3140,68 $;0,00 $;-3140,68 $;0,00 $;-3140,68 $;210,00;3315,00 $;645,00 $;3785,68 $;0,07%;
13/02/2024;1;157773,76 $;189,32 $;189,32 $;0,00 $;5,68 $;-2951,36 $;0,00 $;100,00%;189,32 $;189,32 $;0,00 $;189,32 $;0,00 $;0,00;0,00 $;250,00 $;60,68 $;0,07%;
14/02/2024;1;160063,08 $;2289,32 $;2289,32 $;0,00 $;5,68 $;-662,04 $;0,00 $;100,00%;2289,32 $;2289,32 $;0,00 $;2289,32 $;0,00 $;210,00;640,00 $;2490,00 $;200,68 $;0,07%;
15/02/2024;1;161317,40 $;1254,32 $;1254,32 $;0,00 $;5,68 $;0,00 $;0,00 $;100,00%;1254,32 $;1254,32 $;0,00 $;1254,32 $;0,00 $;240,00;390,00 $;2000,00 $;745,68 $;0,07%;
16/02/2024;1;159826,72 $;-1490,68 $;0,00 $;-1490,68 $;5,68 $;-1490,68 $;-1490,68 $;0,00%;-1490,68 $;0,00 $;-1490,68 $;0,00 $;-1490,68 $;240,00;2020,00 $;820,00 $;2310,68 $;0,07%;
20/02/2024;1;160101,04 $;274,32 $;274,32 $;0,00 $;5,68 $;-1216,36 $;0,00 $;100,00%;274,32 $;274,32 $;0,00 $;274,32 $;0,00 $;240,00;2405,00 $;405,00 $;130,68 $;0,07%;
21/02/2024;1;165870,36 $;5769,32 $;5769,32 $;0,00 $;5,68 $;0,00 $;0,00 $;100,00%;5769,32 $;5769,32 $;0,00 $;5769,32 $;0,00 $;30,00;180,00 $;6035,00 $;265,68 $;0,07%;
22/02/2024;1;166374,68 $;504,32 $;504,32 $;0,00 $;5,68 $;0,00 $;0,00 $;100,00%;504,32 $;504,32 $;0,00 $;504,32 $;0,00 $;210,00;330,00 $;1970,00 $;1465,68 $;0,07%;
23/02/2024;1;165314,00 $;-1060,68 $;0,00 $;-1060,68 $;5,68 $;-1060,68 $;-1060,68 $;0,00%;-1060,68 $;0,00 $;-1060,68 $;0,00 $;-1060,68 $;210,00;1305,00 $;810,00 $;1870,68 $;0,07%;
26/02/2024;1;165063,32 $;-250,68 $;0,00 $;-250,68 $;5,68 $;-1311,36 $;-250,68 $;0,00%;-250,68 $;0,00 $;-250,68 $;0,00 $;-250,68 $;0,00;320,00 $;115,00 $;365,68 $;0,07%;
27/02/2024;1;166002,64 $;939,32 $;939,32 $;0,00 $;5,68 $;-372,04 $;0,00 $;100,00%;939,32 $;939,32 $;0,00 $;939,32 $;0,00 $;210,00;1345,00 $;1105,00 $;165,68 $;0,07%;
29/02/2024;1;167401,96 $;1399,32 $;1399,32 $;0,00 $;5,68 $;0,00 $;0,00 $;100,00%;1399,32 $;1399,32 $;0,00 $;1399,32 $;0,00 $;240,00;1625,00 $;1595,00 $;195,68 $;0,07%;
01/03/2024;1;169701,28 $;2299,32 $;2299,32 $;0,00 $;5,68 $;0,00 $;0,00 $;100,00%;2299,32 $;2299,32 $;0,00 $;2299,32 $;0,00 $;240,00;420,00 $;2860,00 $;560,68 $;0,07%;
04/03/2024;1;170035,60 $;334,32 $;334,32 $;0,00 $;5,68 $;0,00 $;0,00 $;100,00%;334,32 $;334,32 $;0,00 $;334,32 $;0,00 $;240,00;675,00 $;850,00 $;515,68 $;0,07%;
05/03/2024;1;167779,92 $;-2255,68 $;0,00 $;-2255,68 $;5,68 $;-2255,68 $;-2255,68 $;0,00%;-2255,68 $;0,00 $;-2255,68 $;0,00 $;-2255,68 $;240,00;2375,00 $;485,00 $;2740,68 $;0,07%;
06/03/2024;1;165514,24 $;-2265,68 $;0,00 $;-2265,68 $;5,68 $;-4521,36 $;-2265,68 $;0,00%;-2265,68 $;0,00 $;-2265,68 $;0,00 $;-2265,68 $;210,00;3415,00 $;380,00 $;2645,68 $;0,07%;
07/03/2024;1;163973,56 $;-1540,68 $;0,00 $;-1540,68 $;5,68 $;-6062,04 $;-1540,68 $;0,00%;-1540,68 $;0,00 $;-1540,68 $;0,00 $;-1540,68 $;210,00;2970,00 $;1050,00 $;2590,68 $;0,07%;
08/03/2024;1;163932,88 $;-40,68 $;0,00 $;-40,68 $;5,68 $;-6102,72 $;-40,68 $;0,00%;-40,68 $;0,00 $;-40,68 $;0,00 $;-40,68 $;150,00;905,00 $;2355,00 $;2395,68 $;0,07%;
11/03/2024;1;164112,20 $;179,32 $;179,32 $;0,00 $;5,68 $;-5923,40 $;0,00 $;100,00%;179,32 $;179,32 $;0,00 $;179,32 $;0,00 $;210,00;670,00 $;1010,00 $;830,68 $;0,07%;
12/03/2024;1;164401,52 $;289,32 $;289,32 $;0,00 $;5,68 $;-5634,08 $;0,00 $;100,00%;289,32 $;289,32 $;0,00 $;289,32 $;0,00 $;240,00;2605,00 $;370,00 $;80,68 $;0,07%;
13/03/2024;1;164655,84 $;254,32 $;254,32 $;0,00 $;5,68 $;-5379,76 $;0,00 $;100,00%;254,32 $;254,32 $;0,00 $;254,32 $;0,00 $;210,00;920,00 $;1390,00 $;1135,68 $;0,07%;
14/03/2024;1;165295,16 $;639,32 $;639,32 $;0,00 $;5,68 $;-4740,44 $;0,00 $;100,00%;639,32 $;639,32 $;0,00 $;639,32 $;0,00 $;150,00;1455,00 $;1965,00 $;1325,68 $;0,07%;
18/03/2024;1;164099,48 $;-1195,68 $;0,00 $;-1195,68 $;5,68 $;-5936,12 $;-1195,68 $;0,00%;-1195,68 $;0,00 $;-1195,68 $;0,00 $;-1195,68 $;150,00;1600,00 $;490,00 $;1685,68 $;0,07%;
19/03/2024;1;164518,80 $;419,32 $;419,32 $;0,00 $;5,68 $;-5516,80 $;0,00 $;100,00%;419,32 $;419,32 $;0,00 $;419,32 $;0,00 $;150,00;705,00 $;750,00 $;330,68 $;0,07%;
20/03/2024;2;168702,44 $;4183,64 $;4183,64 $;0,00 $;11,36 $;-1507,48 $;0,00 $;100,00%;2091,82 $;2091,82 $;0,00 $;4009,32 $;0,00 $;240,00;412,50 $;2182,50 $;90,68 $;0,14%;
26/03/2024;1;167556,76 $;-1145,68 $;0,00 $;-1145,68 $;5,68 $;-2478,84 $;-1145,68 $;0,00%;-1145,68 $;0,00 $;-1145,68 $;0,00 $;-1145,68 $;240,00;1355,00 $;400,00 $;1545,68 $;0,07%;
27/03/2024;1;168246,08 $;689,32 $;689,32 $;0,00 $;5,68 $;-1789,52 $;0,00 $;100,00%;689,32 $;689,32 $;0,00 $;689,32 $;0,00 $;240,00;210,00 $;1205,00 $;515,68 $;0,07%;
28/03/2024;1;168045,40 $;-200,68 $;0,00 $;-200,68 $;5,68 $;-1990,20 $;-200,68 $;0,00%;-200,68 $;0,00 $;-200,68 $;0,00 $;-200,68 $;240,00;1225,00 $;180,00 $;380,68 $;0,07%;
01/04/2024;1;168454,72 $;409,32 $;409,32 $;0,00 $;5,68 $;-1580,88 $;0,00 $;100,00%;409,32 $;409,32 $;0,00 $;409,32 $;0,00 $;210,00;995,00 $;785,00 $;375,68 $;0,07%;
02/04/2024;1;169229,04 $;774,32 $;774,32 $;0,00 $;5,68 $;-806,56 $;0,00 $;100,00%;774,32 $;774,32 $;0,00 $;774,32 $;0,00 $;240,00;760,00 $;925,00 $;150,68 $;0,07%;
03/04/2024;1;167048,36 $;-2180,68 $;0,00 $;-2180,68 $;5,68 $;-2987,24 $;-2180,68 $;0,00%;-2180,68 $;0,00 $;-2180,68 $;0,00 $;-2180,68 $;240,00;2795,00 $;180,00 $;2360,68 $;0,07%;
04/04/2024;1;167352,68 $;304,32 $;304,32 $;0,00 $;5,68 $;-2682,92 $;0,00 $;100,00%;304,32 $;304,32 $;0,00 $;304,32 $;0,00 $;0,00;15,00 $;450,00 $;145,68 $;0,07%;
05/04/2024;1;167482,00 $;129,32 $;129,32 $;0,00 $;5,68 $;-2553,60 $;0,00 $;100,00%;129,32 $;129,32 $;0,00 $;129,32 $;0,00 $;240,00;635,00 $;2505,00 $;2375,68 $;0,07%;
09/04/2024;1;169521,32 $;2039,32 $;2039,32 $;0,00 $;5,68 $;-514,28 $;0,00 $;100,00%;2039,32 $;2039,32 $;0,00 $;2039,32 $;0,00 $;240,00;355,00 $;2120,00 $;80,68 $;0,07%;
10/04/2024;1;170510,64 $;989,32 $;989,32 $;0,00 $;5,68 $;0,00 $;0,00 $;100,00%;989,32 $;989,32 $;0,00 $;989,32 $;0,00 $;90,00;490,00 $;1650,00 $;660,68 $;0,07%;
15/04/2024;1;165044,96 $;-5465,68 $;0,00 $;-5465,68 $;5,68 $;-5465,68 $;-5465,68 $;0,00%;-5465,68 $;0,00 $;-5465,68 $;0,00 $;-5465,68 $;210,00;5895,00 $;15,00 $;5480,68 $;0,07%;
16/04/2024;1;165699,28 $;654,32 $;654,32 $;0,00 $;5,68 $;-4811,36 $;0,00 $;100,00%;654,32 $;654,32 $;0,00 $;654,32 $;0,00 $;240,00;1875,00 $;1525,00 $;870,68 $;0,07%;
17/04/2024;1;164703,60 $;-995,68 $;0,00 $;-995,68 $;5,68 $;-5807,04 $;-995,68 $;0,00%;-995,68 $;0,00 $;-995,68 $;0,00 $;-995,68 $;150,00;1485,00 $;1675,00 $;2670,68 $;0,07%;
19/04/2024;1;161657,92 $;-3045,68 $;0,00 $;-3045,68 $;5,68 $;-8852,72 $;-3045,68 $;0,00%;-3045,68 $;0,00 $;-3045,68 $;0,00 $;-3045,68 $;240,00;4220,00 $;350,00 $;3395,68 $;0,07%;
23/04/2024;1;162367,24 $;709,32 $;709,32 $;0,00 $;5,68 $;-8143,40 $;0,00 $;100,00%;709,32 $;709,32 $;0,00 $;709,32 $;0,00 $;240,00;570,00 $;1370,00 $;660,68 $;0,07%;
29/04/2024;1;162601,56 $;234,32 $;234,32 $;0,00 $;5,68 $;-7909,08 $;0,00 $;100,00%;234,32 $;234,32 $;0,00 $;234,32 $;0,00 $;210,00;2325,00 $;490,00 $;255,68 $;0,07%;
01/05/2024;1;157735,88 $;-4865,68 $;0,00 $;-4865,68 $;5,68 $;-12774,76 $;-4865,68 $;0,00%;-4865,68 $;0,00 $;-4865,68 $;0,00 $;-4865,68 $;30,00;5850,00 $;0,00 $;4865,68 $;0,07%;
02/05/2024;1;160345,20 $;2609,32 $;2609,32 $;0,00 $;5,68 $;-10165,44 $;0,00 $;100,00%;2609,32 $;2609,32 $;0,00 $;2609,32 $;0,00 $;240,00;1070,00 $;2755,00 $;145,68 $;0,07%;
08/05/2024;1;160289,52 $;-55,68 $;0,00 $;-55,68 $;5,68 $;-10221,12 $;-55,68 $;0,00%;-55,68 $;0,00 $;-55,68 $;0,00 $;-55,68 $;240,00;955,00 $;150,00 $;205,68 $;0,07%;
09/05/2024;1;159858,84 $;-430,68 $;0,00 $;-430,68 $;5,68 $;-10651,80 $;-430,68 $;0,00%;-430,68 $;0,00 $;-430,68 $;0,00 $;-430,68 $;240,00;1190,00 $;195,00 $;625,68 $;0,07%;
14/05/2024;1;161788,16 $;1929,32 $;1929,32 $;0,00 $;5,68 $;-8722,48 $;0,00 $;100,00%;1929,32 $;1929,32 $;0,00 $;1929,32 $;0,00 $;210,00;280,00 $;2420,00 $;490,68 $;0,07%;
15/05/2024;1;163227,48 $;1439,32 $;1439,32 $;0,00 $;5,68 $;-7283,16 $;0,00 $;100,00%;1439,32 $;1439,32 $;0,00 $;1439,32 $;0,00 $;210,00;70,00 $;1895,00 $;455,68 $;0,07%;
17/05/2024;1;162731,80 $;-495,68 $;0,00 $;-495,68 $;5,68 $;-7778,84 $;-495,68 $;0,00%;-495,68 $;0,00 $;-495,68 $;0,00 $;-495,68 $;240,00;2195,00 $;125,00 $;620,68 $;0,07%;
20/05/2024;1;162706,12 $;-25,68 $;0,00 $;-25,68 $;5,68 $;-7804,52 $;-25,68 $;0,00%;-25,68 $;0,00 $;-25,68 $;0,00 $;-25,68 $;210,00;785,00 $;965,00 $;990,68 $;0,07%;
21/05/2024;1;163105,44 $;399,32 $;399,32 $;0,00 $;5,68 $;-7405,20 $;0,00 $;100,00%;399,32 $;399,32 $;0,00 $;399,32 $;0,00 $;240,00;445,00 $;640,00 $;240,68 $;0,07%;
23/05/2024;1;159914,76 $;-3190,68 $;0,00 $;-3190,68 $;5,68 $;-10595,88 $;-3190,68 $;0,00%;-3190,68 $;0,00 $;-3190,68 $;0,00 $;-3190,68 $;150,00;4485,00 $;10,00 $;3200,68 $;0,07%;
24/05/2024;1;159149,08 $;-765,68 $;0,00 $;-765,68 $;5,68 $;-11361,56 $;-765,68 $;0,00%;-765,68 $;0,00 $;-765,68 $;0,00 $;-765,68 $;240,00;1305,00 $;505,00 $;1270,68 $;0,07%;
28/05/2024;1;159808,40 $;659,32 $;659,32 $;0,00 $;5,68 $;-10702,24 $;0,00 $;100,00%;659,32 $;659,32 $;0,00 $;659,32 $;0,00 $;210,00;1945,00 $;1015,00 $;355,68 $;0,07%;
30/05/2024;1;157947,72 $;-1860,68 $;0,00 $;-1860,68 $;5,68 $;-12562,92 $;-1860,68 $;0,00%;-1860,68 $;0,00 $;-1860,68 $;0,00 $;-1860,68 $;210,00;2795,00 $;860,00 $;2720,68 $;0,07%;
31/05/2024;1;159392,04 $;1444,32 $;1444,32 $;0,00 $;5,68 $;-11118,60 $;0,00 $;100,00%;1444,32 $;1444,32 $;0,00 $;1444,32 $;0,00 $;240,00;1915,00 $;1835,00 $;390,68 $;0,07%;
03/06/2024;1;158821,36 $;-570,68 $;0,00 $;-570,68 $;5,68 $;-11689,28 $;-570,68 $;0,00%;-570,68 $;0,00 $;-570,68 $;0,00 $;-570,68 $;240,00;3615,00 $;415,00 $;985,68 $;0,07%;
04/06/2024;1;161125,68 $;2304,32 $;2304,32 $;0,00 $;5,68 $;-9384,96 $;0,00 $;100,00%;2304,32 $;2304,32 $;0,00 $;2304,32 $;0,00 $;240,00;975,00 $;2325,00 $;20,68 $;0,07%;
05/06/2024;1;163315,00 $;2189,32 $;2189,32 $;0,00 $;5,68 $;-7195,64 $;0,00 $;100,00%;2189,32 $;2189,32 $;0,00 $;2189,32 $;0,00 $;210,00;175,00 $;2230,00 $;40,68 $;0,07%;
06/06/2024;1;163524,32 $;209,32 $;209,32 $;0,00 $;5,68 $;-6986,32 $;0,00 $;100,00%;209,32 $;209,32 $;0,00 $;209,32 $;0,00 $;210,00;800,00 $;665,00 $;455,68 $;0,07%;
07/06/2024;1;163628,64 $;104,32 $;104,32 $;0,00 $;5,68 $;-6882,00 $;0,00 $;100,00%;104,32 $;104,32 $;0,00 $;104,32 $;0,00 $;240,00;825,00 $;2335,00 $;2230,68 $;0,07%;
11/06/2024;1;164307,96 $;679,32 $;679,32 $;0,00 $;5,68 $;-6202,68 $;0,00 $;100,00%;679,32 $;679,32 $;0,00 $;679,32 $;0,00 $;90,00;520,00 $;885,00 $;205,68 $;0,07%;
12/06/2024;1;166042,28 $;1734,32 $;1734,32 $;0,00 $;5,68 $;-4468,36 $;0,00 $;100,00%;1734,32 $;1734,32 $;0,00 $;1734,32 $;0,00 $;150,00;1805,00 $;1780,00 $;45,68 $;0,07%;
13/06/2024;1;168146,60 $;2104,32 $;2104,32 $;0,00 $;5,68 $;-2364,04 $;0,00 $;100,00%;2104,32 $;2104,32 $;0,00 $;2104,32 $;0,00 $;210,00;165,00 $;2605,00 $;500,68 $;0,07%;
18/06/2024;1;168030,92 $;-115,68 $;0,00 $;-115,68 $;5,68 $;-2479,72 $;-115,68 $;0,00%;-115,68 $;0,00 $;-115,68 $;0,00 $;-115,68 $;150,00;1105,00 $;280,00 $;395,68 $;0,07%;
20/06/2024;1;168495,24 $;464,32 $;464,32 $;0,00 $;5,68 $;-2015,40 $;0,00 $;100,00%;464,32 $;464,32 $;0,00 $;464,32 $;0,00 $;30,00;290,00 $;775,00 $;310,68 $;0,07%;
25/06/2024;1;169419,56 $;924,32 $;924,32 $;0,00 $;5,68 $;-1091,08 $;0,00 $;100,00%;924,32 $;924,32 $;0,00 $;924,32 $;0,00 $;240,00;1895,00 $;975,00 $;50,68 $;0,07%;
26/06/2024;1;169233,88 $;-185,68 $;0,00 $;-185,68 $;5,68 $;-1276,76 $;-185,68 $;0,00%;-185,68 $;0,00 $;-185,68 $;0,00 $;-185,68 $;150,00;850,00 $;1295,00 $;1480,68 $;0,07%;
28/06/2024;1;168738,20 $;-495,68 $;0,00 $;-495,68 $;5,68 $;-1772,44 $;-495,68 $;0,00%;-495,68 $;0,00 $;-495,68 $;0,00 $;-495,68 $;30,00;1695,00 $;545,00 $;1040,68 $;0,07%;
02/07/2024;1;170707,52 $;1969,32 $;1969,32 $;0,00 $;5,68 $;0,00 $;0,00 $;100,00%;1969,32 $;1969,32 $;0,00 $;1969,32 $;0,00 $;240,00;1225,00 $;2270,00 $;300,68 $;0,07%;
03/07/2024;1;172161,84 $;1454,32 $;1454,32 $;0,00 $;5,68 $;0,00 $;0,00 $;100,00%;1454,32 $;1454,32 $;0,00 $;1454,32 $;0,00 $;45,00;385,00 $;1775,00 $;320,68 $;0,07%;
05/07/2024;1;172106,16 $;-55,68 $;0,00 $;-55,68 $;5,68 $;-55,68 $;-55,68 $;0,00%;-55,68 $;0,00 $;-55,68 $;0,00 $;-55,68 $;210,00;785,00 $;490,00 $;545,68 $;0,07%;
08/07/2024;1;171350,48 $;-755,68 $;0,00 $;-755,68 $;5,68 $;-811,36 $;-755,68 $;0,00%;-755,68 $;0,00 $;-755,68 $;0,00 $;-755,68 $;240,00;1055,00 $;180,00 $;935,68 $;0,07%;
11/07/2024;1;170029,80 $;-1320,68 $;0,00 $;-1320,68 $;5,68 $;-2132,04 $;-1320,68 $;0,00%;-1320,68 $;0,00 $;-1320,68 $;0,00 $;-1320,68 $;210,00;2690,00 $;550,00 $;1870,68 $;0,07%;
12/07/2024;1;170424,12 $;394,32 $;394,32 $;0,00 $;5,68 $;-1737,72 $;0,00 $;100,00%;394,32 $;394,32 $;0,00 $;394,32 $;0,00 $;240,00;2015,00 $;1710,00 $;1315,68 $;0,07%;
15/07/2024;1;168813,44 $;-1610,68 $;0,00 $;-1610,68 $;5,68 $;-3348,40 $;-1610,68 $;0,00%;-1610,68 $;0,00 $;-1610,68 $;0,00 $;-1610,68 $;240,00;2675,00 $;2315,00 $;3925,68 $;0,07%;
16/07/2024;1;169007,76 $;194,32 $;194,32 $;0,00 $;5,68 $;-3154,08 $;0,00 $;100,00%;194,32 $;194,32 $;0,00 $;194,32 $;0,00 $;240,00;1185,00 $;1700,00 $;1505,68 $;0,07%;
17/07/2024;2;167451,40 $;-1556,36 $;0,00 $;-1556,36 $;11,36 $;-4710,44 $;-1556,36 $;0,00%;-778,18 $;0,00 $;-778,18 $;0,00 $;-1520,68 $;270,00;1432,50 $;112,50 $;890,68 $;0,14%;
18/07/2024;1;163500,72 $;-3950,68 $;0,00 $;-3950,68 $;5,68 $;-8661,12 $;-3950,68 $;0,00%;-3950,68 $;0,00 $;-3950,68 $;0,00 $;-3950,68 $;240,00;5475,00 $;20,00 $;3970,68 $;0,07%;
19/07/2024;1;163920,04 $;419,32 $;419,32 $;0,00 $;5,68 $;-8241,80 $;0,00 $;100,00%;419,32 $;419,32 $;0,00 $;419,32 $;0,00 $;240,00;1845,00 $;1600,00 $;1180,68 $;0,07%;
23/07/2024;2;162493,68 $;-1426,36 $;0,00 $;-1426,36 $;11,36 $;-9668,16 $;-1426,36 $;0,00%;-713,18 $;0,00 $;-713,18 $;0,00 $;-1155,68 $;330,00;1202,50 $;862,50 $;1575,68 $;0,14%;
24/07/2024;1;158573,00 $;-3920,68 $;0,00 $;-3920,68 $;5,68 $;-13588,84 $;-3920,68 $;0,00%;-3920,68 $;0,00 $;-3920,68 $;0,00 $;-3920,68 $;240,00;4035,00 $;240,00 $;4160,68 $;0,07%;
25/07/2024;1;158832,32 $;259,32 $;259,32 $;0,00 $;5,68 $;-13329,52 $;0,00 $;100,00%;259,32 $;259,32 $;0,00 $;259,32 $;0,00 $;240,00;1850,00 $;3760,00 $;3500,68 $;0,07%;
26/07/2024;1;160306,64 $;1474,32 $;1474,32 $;0,00 $;5,68 $;-11855,20 $;0,00 $;100,00%;1474,32 $;1474,32 $;0,00 $;1474,32 $;0,00 $;240,00;210,00 $;3770,00 $;2295,68 $;0,07%;
29/07/2024;1;158595,96 $;-1710,68 $;0,00 $;-1710,68 $;5,68 $;-13565,88 $;-1710,68 $;0,00%;-1710,68 $;0,00 $;-1710,68 $;0,00 $;-1710,68 $;210,00;2330,00 $;925,00 $;2635,68 $;0,07%;
30/07/2024;1;156705,28 $;-1890,68 $;0,00 $;-1890,68 $;5,68 $;-15456,56 $;-1890,68 $;0,00%;-1890,68 $;0,00 $;-1890,68 $;0,00 $;-1890,68 $;210,00;4195,00 $;1630,00 $;3520,68 $;0,07%;
31/07/2024;2;155783,92 $;-921,36 $;154,32 $;-1075,68 $;11,36 $;-16532,24 $;-1075,68 $;50,00%;-460,68 $;154,32 $;-1075,68 $;154,32 $;-1075,68 $;270,00;1482,50 $;1117,50 $;1578,18 $;0,14%;
01/08/2024;1;150018,24 $;-5765,68 $;0,00 $;-5765,68 $;5,68 $;-22143,60 $;-5765,68 $;0,00%;-5765,68 $;0,00 $;-5765,68 $;0,00 $;-5765,68 $;240,00;7930,00 $;365,00 $;6130,68 $;0,07%;
02/08/2024;1;151452,56 $;1434,32 $;1434,32 $;0,00 $;5,68 $;-20709,28 $;0,00 $;100,00%;1434,32 $;1434,32 $;0,00 $;1434,32 $;0,00 $;240,00;700,00 $;3060,00 $;1625,68 $;0,07%;
05/08/2024;1;153696,88 $;2244,32 $;2244,32 $;0,00 $;5,68 $;-18464,96 $;0,00 $;100,00%;2244,32 $;2244,32 $;0,00 $;2244,32 $;0,00 $;90,00;2840,00 $;2715,00 $;470,68 $;0,07%;
07/08/2024;1;146196,20 $;-7500,68 $;0,00 $;-7500,68 $;5,68 $;-25965,64 $;-7500,68 $;0,00%;-7500,68 $;0,00 $;-7500,68 $;0,00 $;-7500,68 $;240,00;9295,00 $;455,00 $;7955,68 $;0,07%;
08/08/2024;1;147405,52 $;1209,32 $;1209,32 $;0,00 $;5,68 $;-24756,32 $;0,00 $;100,00%;1209,32 $;1209,32 $;0,00 $;1209,32 $;0,00 $;240,00;575,00 $;3455,00 $;2245,68 $;0,07%;
09/08/2024;1;149384,84 $;1979,32 $;1979,32 $;0,00 $;5,68 $;-22777,00 $;0,00 $;100,00%;1979,32 $;1979,32 $;0,00 $;1979,32 $;0,00 $;240,00;1060,00 $;3320,00 $;1340,68 $;0,07%;
12/08/2024;1;149229,16 $;-155,68 $;0,00 $;-155,68 $;5,68 $;-22932,68 $;-155,68 $;0,00%;-155,68 $;0,00 $;-155,68 $;0,00 $;-155,68 $;240,00;870,00 $;2045,00 $;2200,68 $;0,07%;
13/08/2024;1;149808,48 $;579,32 $;579,32 $;0,00 $;5,68 $;-22353,36 $;0,00 $;100,00%;579,32 $;579,32 $;0,00 $;579,32 $;0,00 $;150,00;1270,00 $;1050,00 $;470,68 $;0,07%;
14/08/2024;1;148837,80 $;-970,68 $;0,00 $;-970,68 $;5,68 $;-23324,04 $;-970,68 $;0,00%;-970,68 $;0,00 $;-970,68 $;0,00 $;-970,68 $;240,00;1795,00 $;1920,00 $;2890,68 $;0,07%;
15/08/2024;1;150432,12 $;1594,32 $;1594,32 $;0,00 $;5,68 $;-21729,72 $;0,00 $;100,00%;1594,32 $;1594,32 $;0,00 $;1594,32 $;0,00 $;240,00;190,00 $;1815,00 $;220,68 $;0,07%;
16/08/2024;1;150341,44 $;-90,68 $;0,00 $;-90,68 $;5,68 $;-21820,40 $;-90,68 $;0,00%;-90,68 $;0,00 $;-90,68 $;0,00 $;-90,68 $;210,00;840,00 $;930,00 $;1020,68 $;0,07%;
19/08/2024;1;153540,76 $;3199,32 $;3199,32 $;0,00 $;5,68 $;-18621,08 $;0,00 $;100,00%;3199,32 $;3199,32 $;0,00 $;3199,32 $;0,00 $;150,00;170,00 $;3570,00 $;370,68 $;0,07%;
20/08/2024;1;154230,08 $;689,32 $;689,32 $;0,00 $;5,68 $;-17931,76 $;0,00 $;100,00%;689,32 $;689,32 $;0,00 $;689,32 $;0,00 $;240,00;835,00 $;1555,00 $;865,68 $;0,07%;
21/08/2024;1;155689,40 $;1459,32 $;1459,32 $;0,00 $;5,68 $;-16472,44 $;0,00 $;100,00%;1459,32 $;1459,32 $;0,00 $;1459,32 $;0,00 $;210,00;165,00 $;2245,00 $;785,68 $;0,07%;
23/08/2024;1;156273,72 $;584,32 $;584,32 $;0,00 $;5,68 $;-15888,12 $;0,00 $;100,00%;584,32 $;584,32 $;0,00 $;584,32 $;0,00 $;240,00;3570,00 $;960,00 $;375,68 $;0,07%;
27/08/2024;1;156748,04 $;474,32 $;474,32 $;0,00 $;5,68 $;-15413,80 $;0,00 $;100,00%;474,32 $;474,32 $;0,00 $;474,32 $;0,00 $;240,00;935,00 $;1365,00 $;890,68 $;0,07%;
28/08/2024;1;158127,36 $;1379,32 $;1379,32 $;0,00 $;5,68 $;-14034,48 $;0,00 $;100,00%;1379,32 $;1379,32 $;0,00 $;1379,32 $;0,00 $;240,00;2155,00 $;1650,00 $;270,68 $;0,07%;
29/08/2024;1;153661,68 $;-4465,68 $;0,00 $;-4465,68 $;5,68 $;-18500,16 $;-4465,68 $;0,00%;-4465,68 $;0,00 $;-4465,68 $;0,00 $;-4465,68 $;240,00;5805,00 $;1255,00 $;5720,68 $;0,07%;
02/09/2024;1;153621,00 $;-40,68 $;0,00 $;-40,68 $;5,68 $;-18540,84 $;-40,68 $;0,00%;-40,68 $;0,00 $;-40,68 $;0,00 $;-40,68 $;30,00;400,00 $;220,00 $;260,68 $;0,07%;
03/09/2024;2;150614,64 $;-3006,36 $;209,32 $;-3215,68 $;11,36 $;-21756,52 $;-3215,68 $;50,00%;-1503,18 $;209,32 $;-3215,68 $;209,32 $;-3215,68 $;270,00;1800,00 $;497,50 $;2000,68 $;0,14%;
04/09/2024;2;149783,28 $;-831,36 $;194,32 $;-1025,68 $;11,36 $;-22572,88 $;-1025,68 $;50,00%;-415,68 $;194,32 $;-1025,68 $;194,32 $;-1025,68 $;270,00;1127,50 $;855,00 $;1270,68 $;0,14%;
05/09/2024;1;149292,60 $;-490,68 $;0,00 $;-490,68 $;5,68 $;-22869,24 $;-490,68 $;0,00%;-490,68 $;0,00 $;-490,68 $;0,00 $;-490,68 $;210,00;1125,00 $;1940,00 $;2430,68 $;0,07%;
06/09/2024;1;149421,92 $;129,32 $;129,32 $;0,00 $;5,68 $;-22739,92 $;0,00 $;100,00%;129,32 $;129,32 $;0,00 $;129,32 $;0,00 $;240,00;1490,00 $;925,00 $;795,68 $;0,07%;
09/09/2024;1;150951,24 $;1529,32 $;1529,32 $;0,00 $;5,68 $;-21210,60 $;0,00 $;100,00%;1529,32 $;1529,32 $;0,00 $;1529,32 $;0,00 $;240,00;170,00 $;3230,00 $;1700,68 $;0,07%;
10/09/2024;1;152615,56 $;1664,32 $;1664,32 $;0,00 $;5,68 $;-19546,28 $;0,00 $;100,00%;1664,32 $;1664,32 $;0,00 $;1664,32 $;0,00 $;240,00;3700,00 $;1690,00 $;25,68 $;0,07%;
11/09/2024;1;162824,88 $;10209,32 $;10209,32 $;0,00 $;5,68 $;-9336,96 $;0,00 $;100,00%;10209,32 $;10209,32 $;0,00 $;10209,32 $;0,00 $;240,00;180,00 $;10240,00 $;30,68 $;0,07%;
12/09/2024;1;165224,20 $;2399,32 $;2399,32 $;0,00 $;5,68 $;-6937,64 $;0,00 $;100,00%;2399,32 $;2399,32 $;0,00 $;2399,32 $;0,00 $;210,00;685,00 $;3335,00 $;935,68 $;0,07%;
13/09/2024;1;165683,52 $;459,32 $;459,32 $;0,00 $;5,68 $;-6478,32 $;0,00 $;100,00%;459,32 $;459,32 $;0,00 $;459,32 $;0,00 $;210,00;410,00 $;1575,00 $;1115,68 $;0,07%;
17/09/2024;1;166152,84 $;469,32 $;469,32 $;0,00 $;5,68 $;-6009,00 $;0,00 $;100,00%;469,32 $;469,32 $;0,00 $;469,32 $;0,00 $;90,00;1070,00 $;785,00 $;315,68 $;0,07%;
18/09/2024;1;163902,16 $;-2250,68 $;0,00 $;-2250,68 $;5,68 $;-8259,68 $;-2250,68 $;0,00%;-2250,68 $;0,00 $;-2250,68 $;0,00 $;-2250,68 $;30,00;3740,00 $;520,00 $;2770,68 $;0,07%;
19/09/2024;1;163346,48 $;-555,68 $;0,00 $;-555,68 $;5,68 $;-8815,36 $;-555,68 $;0,00%;-555,68 $;0,00 $;-555,68 $;0,00 $;-555,68 $;240,00;1225,00 $;1330,00 $;1885,68 $;0,07%;
20/09/2024;1;163585,80 $;239,32 $;239,32 $;0,00 $;5,68 $;-8576,04 $;0,00 $;100,00%;239,32 $;239,32 $;0,00 $;239,32 $;0,00 $;150,00;1380,00 $;1615,00 $;1375,68 $;0,07%;
23/09/2024;1;164000,12 $;414,32 $;414,32 $;0,00 $;5,68 $;-8161,72 $;0,00 $;100,00%;414,32 $;414,32 $;0,00 $;414,32 $;0,00 $;150,00;220,00 $;940,00 $;525,68 $;0,07%;
24/09/2024;1;164724,44 $;724,32 $;724,32 $;0,00 $;5,68 $;-7437,40 $;0,00 $;100,00%;724,32 $;724,32 $;0,00 $;724,32 $;0,00 $;240,00;130,00 $;1990,00 $;1265,68 $;0,07%;
26/09/2024;1;166533,76 $;1809,32 $;1809,32 $;0,00 $;5,68 $;-5628,08 $;0,00 $;100,00%;1809,32 $;1809,32 $;0,00 $;1809,32 $;0,00 $;210,00;1340,00 $;2130,00 $;320,68 $;0,07%;
27/09/2024;1;165923,08 $;-610,68 $;0,00 $;-610,68 $;5,68 $;-6238,76 $;-610,68 $;0,00%;-610,68 $;0,00 $;-610,68 $;0,00 $;-610,68 $;240,00;1950,00 $;450,00 $;1060,68 $;0,07%;
01/10/2024;1;168807,40 $;2884,32 $;2884,32 $;0,00 $;5,68 $;-3354,44 $;0,00 $;100,00%;2884,32 $;2884,32 $;0,00 $;2884,32 $;0,00 $;240,00;980,00 $;3755,00 $;870,68 $;0,07%;
03/10/2024;1;168941,72 $;134,32 $;134,32 $;0,00 $;5,68 $;-3220,12 $;0,00 $;100,00%;134,32 $;134,32 $;0,00 $;134,32 $;0,00 $;90,00;750,00 $;1325,00 $;1190,68 $;0,07%;
04/10/2024;1;171641,04 $;2699,32 $;2699,32 $;0,00 $;5,68 $;-520,80 $;0,00 $;100,00%;2699,32 $;2699,32 $;0,00 $;2699,32 $;0,00 $;240,00;530,00 $;2880,00 $;180,68 $;0,07%;
07/10/2024;1;168865,36 $;-2775,68 $;0,00 $;-2775,68 $;5,68 $;-3296,48 $;-2775,68 $;0,00%;-2775,68 $;0,00 $;-2775,68 $;0,00 $;-2775,68 $;210,00;4130,00 $;175,00 $;2950,68 $;0,07%;
08/10/2024;1;170644,68 $;1779,32 $;1779,32 $;0,00 $;5,68 $;-1517,16 $;0,00 $;100,00%;1779,32 $;1779,32 $;0,00 $;1779,32 $;0,00 $;150,00;150,00 $;2650,00 $;870,68 $;0,07%;
10/10/2024;1;170279,00 $;-365,68 $;0,00 $;-365,68 $;5,68 $;-1882,84 $;-365,68 $;0,00%;-365,68 $;0,00 $;-365,68 $;0,00 $;-365,68 $;240,00;1215,00 $;1500,00 $;1865,68 $;0,07%;
14/10/2024;1;170448,32 $;169,32 $;169,32 $;0,00 $;5,68 $;-1713,52 $;0,00 $;100,00%;169,32 $;169,32 $;0,00 $;169,32 $;0,00 $;210,00;195,00 $;1255,00 $;1085,68 $;0,07%;
15/10/2024;1;171207,64 $;759,32 $;759,32 $;0,00 $;5,68 $;-954,20 $;0,00 $;100,00%;759,32 $;759,32 $;0,00 $;759,32 $;0,00 $;30,00;820,00 $;1210,00 $;450,68 $;0,07%;
16/10/2024;1;171806,96 $;599,32 $;599,32 $;0,00 $;5,68 $;-354,88 $;0,00 $;100,00%;599,32 $;599,32 $;0,00 $;599,32 $;0,00 $;210,00;205,00 $;1500,00 $;900,68 $;0,07%;
18/10/2024;1;171336,28 $;-470,68 $;0,00 $;-470,68 $;5,68 $;-825,56 $;-470,68 $;0,00%;-470,68 $;0,00 $;-470,68 $;0,00 $;-470,68 $;240,00;1440,00 $;315,00 $;785,68 $;0,07%;
22/10/2024;1;170685,60 $;-650,68 $;0,00 $;-650,68 $;5,68 $;-1476,24 $;-650,68 $;0,00%;-650,68 $;0,00 $;-650,68 $;0,00 $;-650,68 $;90,00;870,00 $;425,00 $;1075,68 $;0,07%;
23/10/2024;1;171394,92 $;709,32 $;709,32 $;0,00 $;5,68 $;-766,92 $;0,00 $;100,00%;709,32 $;709,32 $;0,00 $;709,32 $;0,00 $;210,00;3605,00 $;760,00 $;50,68 $;0,07%;
24/10/2024;1;172764,24 $;1369,32 $;1369,32 $;0,00 $;5,68 $;0,00 $;0,00 $;100,00%;1369,32 $;1369,32 $;0,00 $;1369,32 $;0,00 $;210,00;0,00 $;1740,00 $;370,68 $;0,07%;
25/10/2024;1;170338,56 $;-2425,68 $;0,00 $;-2425,68 $;5,68 $;-2425,68 $;-2425,68 $;0,00%;-2425,68 $;0,00 $;-2425,68 $;0,00 $;-2425,68 $;240,00;3510,00 $;585,00 $;3010,68 $;0,07%;
29/10/2024;1;173217,88 $;2879,32 $;2879,32 $;0,00 $;5,68 $;0,00 $;0,00 $;100,00%;2879,32 $;2879,32 $;0,00 $;2879,32 $;0,00 $;240,00;350,00 $;2975,00 $;95,68 $;0,07%;
30/10/2024;1;170987,20 $;-2230,68 $;0,00 $;-2230,68 $;5,68 $;-2230,68 $;-2230,68 $;0,00%;-2230,68 $;0,00 $;-2230,68 $;0,00 $;-2230,68 $;240,00;2495,00 $;60,00 $;2290,68 $;0,07%;
31/10/2024;2;169945,84 $;-1041,36 $;0,00 $;-1041,36 $;11,36 $;-3272,04 $;-1041,36 $;0,00%;-520,68 $;0,00 $;-520,68 $;0,00 $;-695,68 $;270,00;1522,50 $;405,00 $;925,68 $;0,14%;
05/11/2024;1;170785,16 $;839,32 $;839,32 $;0,00 $;5,68 $;-2432,72 $;0,00 $;100,00%;839,32 $;839,32 $;0,00 $;839,32 $;0,00 $;150,00;800,00 $;1300,00 $;460,68 $;0,07%;
06/11/2024;1;173294,48 $;2509,32 $;2509,32 $;0,00 $;5,68 $;0,00 $;0,00 $;100,00%;2509,32 $;2509,32 $;0,00 $;2509,32 $;0,00 $;240,00;90,00 $;2810,00 $;300,68 $;0,07%;
07/11/2024;2;174708,12 $;1413,64 $;1524,32 $;-110,68 $;11,36 $;-110,68 $;-110,68 $;50,00%;706,82 $;1524,32 $;-110,68 $;1524,32 $;-110,68 $;270,00;160,00 $;987,50 $;280,68 $;0,14%;
08/11/2024;1;174907,44 $;199,32 $;199,32 $;0,00 $;5,68 $;0,00 $;0,00 $;100,00%;199,32 $;199,32 $;0,00 $;199,32 $;0,00 $;240,00;310,00 $;1085,00 $;885,68 $;0,07%;
12/11/2024;1;174981,76 $;74,32 $;74,32 $;0,00 $;5,68 $;0,00 $;0,00 $;100,00%;74,32 $;74,32 $;0,00 $;74,32 $;0,00 $;240,00;2530,00 $;585,00 $;510,68 $;0,07%;
14/11/2024;1;173126,08 $;-1855,68 $;0,00 $;-1855,68 $;5,68 $;-1855,68 $;-1855,68 $;0,00%;-1855,68 $;0,00 $;-1855,68 $;0,00 $;-1855,68 $;210,00;2245,00 $;1160,00 $;3015,68 $;0,07%;
15/11/2024;1;171140,40 $;-1985,68 $;0,00 $;-1985,68 $;5,68 $;-3841,36 $;-1985,68 $;0,00%;-1985,68 $;0,00 $;-1985,68 $;0,00 $;-1985,68 $;240,00;3495,00 $;215,00 $;2200,68 $;0,07%;
19/11/2024;1;172504,72 $;1364,32 $;1364,32 $;0,00 $;5,68 $;-2477,04 $;0,00 $;100,00%;1364,32 $;1364,32 $;0,00 $;1364,32 $;0,00 $;240,00;790,00 $;2195,00 $;830,68 $;0,07%;
20/11/2024;1;174284,04 $;1779,32 $;1779,32 $;0,00 $;5,68 $;-697,72 $;0,00 $;100,00%;1779,32 $;1779,32 $;0,00 $;1779,32 $;0,00 $;240,00;360,00 $;2860,00 $;1080,68 $;0,07%;
21/11/2024;1;176053,36 $;1769,32 $;1769,32 $;0,00 $;5,68 $;0,00 $;0,00 $;100,00%;1769,32 $;1769,32 $;0,00 $;1769,32 $;0,00 $;240,00;1685,00 $;1970,00 $;200,68 $;0,07%;
25/11/2024;1;176657,68 $;604,32 $;604,32 $;0,00 $;5,68 $;0,00 $;0,00 $;100,00%;604,32 $;604,32 $;0,00 $;604,32 $;0,00 $;150,00;870,00 $;980,00 $;375,68 $;0,07%;
26/11/2024;1;177772,00 $;1114,32 $;1114,32 $;0,00 $;5,68 $;0,00 $;0,00 $;100,00%;1114,32 $;1114,32 $;0,00 $;1114,32 $;0,00 $;210,00;810,00 $;1290,00 $;175,68 $;0,07%;
27/11/2024;1;179421,32 $;1649,32 $;1649,32 $;0,00 $;5,68 $;0,00 $;0,00 $;100,00%;1649,32 $;1649,32 $;0,00 $;1649,32 $;0,00 $;210,00;385,00 $;2120,00 $;470,68 $;0,07%;
02/12/2024;1;179540,64 $;119,32 $;119,32 $;0,00 $;5,68 $;0,00 $;0,00 $;100,00%;119,32 $;119,32 $;0,00 $;119,32 $;0,00 $;240,00;815,00 $;1560,00 $;1440,68 $;0,07%;
03/12/2024;1;179634,96 $;94,32 $;94,32 $;0,00 $;5,68 $;0,00 $;0,00 $;100,00%;94,32 $;94,32 $;0,00 $;94,32 $;0,00 $;240,00;1210,00 $;290,00 $;195,68 $;0,07%;
04/12/2024;1;180644,28 $;1009,32 $;1009,32 $;0,00 $;5,68 $;0,00 $;0,00 $;100,00%;1009,32 $;1009,32 $;0,00 $;1009,32 $;0,00 $;240,00;615,00 $;1090,00 $;80,68 $;0,07%;
05/12/2024;1;178588,60 $;-2055,68 $;0,00 $;-2055,68 $;5,68 $;-2055,68 $;-2055,68 $;0,00%;-2055,68 $;0,00 $;-2055,68 $;0,00 $;-2055,68 $;210,00;2420,00 $;175,00 $;2230,68 $;0,07%;
09/12/2024;1;178107,92 $;-480,68 $;0,00 $;-480,68 $;5,68 $;-2536,36 $;-480,68 $;0,00%;-480,68 $;0,00 $;-480,68 $;0,00 $;-480,68 $;210,00;1205,00 $;965,00 $;1445,68 $;0,07%;
11/12/2024;1;177182,24 $;-925,68 $;0,00 $;-925,68 $;5,68 $;-3462,04 $;-925,68 $;0,00%;-925,68 $;0,00 $;-925,68 $;0,00 $;-925,68 $;90,00;1030,00 $;365,00 $;1290,68 $;0,07%;
12/12/2024;1;176501,56 $;-680,68 $;0,00 $;-680,68 $;5,68 $;-4142,72 $;-680,68 $;0,00%;-680,68 $;0,00 $;-680,68 $;0,00 $;-680,68 $;210,00;2250,00 $;565,00 $;1245,68 $;0,07%;
16/12/2024;1;177315,88 $;814,32 $;814,32 $;0,00 $;5,68 $;-3328,40 $;0,00 $;100,00%;814,32 $;814,32 $;0,00 $;814,32 $;0,00 $;210,00;40,00 $;1895,00 $;1080,68 $;0,07%;
17/12/2024;1;175895,20 $;-1420,68 $;0,00 $;-1420,68 $;5,68 $;-4749,08 $;-1420,68 $;0,00%;-1420,68 $;0,00 $;-1420,68 $;0,00 $;-1420,68 $;240,00;1760,00 $;885,00 $;2305,68 $;0,07%;
18/12/2024;1;163579,52 $;-12315,68 $;0,00 $;-12315,68 $;5,68 $;-17064,76 $;-12315,68 $;0,00%;-12315,68 $;0,00 $;-12315,68 $;0,00 $;-12315,68 $;90,00;15280,00 $;1180,00 $;13495,68 $;0,07%;
20/12/2024;1;157748,84 $;-5830,68 $;0,00 $;-5830,68 $;5,68 $;-22895,44 $;-5830,68 $;0,00%;-5830,68 $;0,00 $;-5830,68 $;0,00 $;-5830,68 $;210,00;5860,00 $;30,00 $;5860,68 $;0,07%;
26/12/2024;1;157268,16 $;-480,68 $;0,00 $;-480,68 $;5,68 $;-23376,12 $;-480,68 $;0,00%;-480,68 $;0,00 $;-480,68 $;0,00 $;-480,68 $;90,00;560,00 $;1065,00 $;1545,68 $;0,07%;
27/12/2024;1;158947,48 $;1679,32 $;1679,32 $;0,00 $;5,68 $;-21696,80 $;0,00 $;100,00%;1679,32 $;1679,32 $;0,00 $;1679,32 $;0,00 $;240,00;1225,00 $;2525,00 $;845,68 $;0,07%;
30/12/2024;1;160356,80 $;1409,32 $;1409,32 $;0,00 $;5,68 $;-20287,48 $;0,00 $;100,00%;1409,32 $;1409,32 $;0,00 $;1409,32 $;0,00 $;240,00;65,00 $;3465,00 $;2055,68 $;0,07%;
31/12/2024;1;160546,12 $;189,32 $;189,32 $;0,00 $;5,68 $;-20098,16 $;0,00 $;100,00%;189,32 $;189,32 $;0,00 $;189,32 $;0,00 $;240,00;2345,00 $;1240,00 $;1050,68 $;0,07%;
02/01/2025;1;161940,44 $;1394,32 $;1394,32 $;0,00 $;5,68 $;-18703,84 $;0,00 $;100,00%;1394,32 $;1394,32 $;0,00 $;1394,32 $;0,00 $;90,00;1090,00 $;1820,00 $;425,68 $;0,07%;
03/01/2025;1;161729,76 $;-210,68 $;0,00 $;-210,68 $;5,68 $;-18914,52 $;-210,68 $;0,00%;-210,68 $;0,00 $;-210,68 $;0,00 $;-210,68 $;150,00;570,00 $;1120,00 $;1330,68 $;0,07%;
06/01/2025;1;160649,08 $;-1080,68 $;0,00 $;-1080,68 $;5,68 $;-19995,20 $;-1080,68 $;0,00%;-1080,68 $;0,00 $;-1080,68 $;0,00 $;-1080,68 $;210,00;3590,00 $;195,00 $;1275,68 $;0,07%;
07/01/2025;1;159733,40 $;-915,68 $;0,00 $;-915,68 $;5,68 $;-20910,88 $;-915,68 $;0,00%;-915,68 $;0,00 $;-915,68 $;0,00 $;-915,68 $;210,00;2990,00 $;1765,00 $;2680,68 $;0,07%;
08/01/2025;1;159977,72 $;244,32 $;244,32 $;0,00 $;5,68 $;-20666,56 $;0,00 $;100,00%;244,32 $;244,32 $;0,00 $;244,32 $;0,00 $;240,00;3395,00 $;1915,00 $;1670,68 $;0,07%;
10/01/2025;1;161437,04 $;1459,32 $;1459,32 $;0,00 $;5,68 $;-19207,24 $;0,00 $;100,00%;1459,32 $;1459,32 $;0,00 $;1459,32 $;0,00 $;240,00;1060,00 $;4770,00 $;3310,68 $;0,07%;
15/01/2025;1;161251,36 $;-185,68 $;0,00 $;-185,68 $;5,68 $;-19392,92 $;-185,68 $;0,00%;-185,68 $;0,00 $;-185,68 $;0,00 $;-185,68 $;150,00;400,00 $;1340,00 $;1525,68 $;0,07%;
16/01/2025;1;159710,68 $;-1540,68 $;0,00 $;-1540,68 $;5,68 $;-20933,60 $;-1540,68 $;0,00%;-1540,68 $;0,00 $;-1540,68 $;0,00 $;-1540,68 $;240,00;2915,00 $;360,00 $;1900,68 $;0,07%;
20/01/2025;1;160215,00 $;504,32 $;504,32 $;0,00 $;5,68 $;-20429,28 $;0,00 $;100,00%;504,32 $;504,32 $;0,00 $;504,32 $;0,00 $;0,00;80,00 $;1005,00 $;500,68 $;0,07%;
21/01/2025;1;162249,32 $;2034,32 $;2034,32 $;0,00 $;5,68 $;-18394,96 $;0,00 $;100,00%;2034,32 $;2034,32 $;0,00 $;2034,32 $;0,00 $;240,00;1070,00 $;2655,00 $;620,68 $;0,07%;
23/01/2025;1;163958,64 $;1709,32 $;1709,32 $;0,00 $;5,68 $;-16685,64 $;0,00 $;100,00%;1709,32 $;1709,32 $;0,00 $;1709,32 $;0,00 $;210,00;530,00 $;2475,00 $;765,68 $;0,07%;
24/01/2025;1;160972,96 $;-2985,68 $;0,00 $;-2985,68 $;5,68 $;-19671,32 $;-2985,68 $;0,00%;-2985,68 $;0,00 $;-2985,68 $;0,00 $;-2985,68 $;240,00;3385,00 $;450,00 $;3435,68 $;0,07%;
27/01/2025;1;162787,28 $;1814,32 $;1814,32 $;0,00 $;5,68 $;-17857,00 $;0,00 $;100,00%;1814,32 $;1814,32 $;0,00 $;1814,32 $;0,00 $;210,00;2635,00 $;2065,00 $;250,68 $;0,07%;
29/01/2025;2;164410,92 $;1623,64 $;1924,32 $;-300,68 $;11,36 $;-16233,36 $;-300,68 $;50,00%;811,82 $;1924,32 $;-300,68 $;1924,32 $;-300,68 $;270,00;2020,00 $;1310,00 $;498,18 $;0,14%;
30/01/2025;1;167210,24 $;2799,32 $;2799,32 $;0,00 $;5,68 $;-13434,04 $;0,00 $;100,00%;2799,32 $;2799,32 $;0,00 $;2799,32 $;0,00 $;240,00;940,00 $;2995,00 $;195,68 $;0,07%;
31/01/2025;1;160034,56 $;-7175,68 $;0,00 $;-7175,68 $;5,68 $;-20609,72 $;-7175,68 $;0,00%;-7175,68 $;0,00 $;-7175,68 $;0,00 $;-7175,68 $;240,00;7500,00 $;430,00 $;7605,68 $;0,07%;
03/02/2025;1;160913,88 $;879,32 $;879,32 $;0,00 $;5,68 $;-19730,40 $;0,00 $;100,00%;879,32 $;879,32 $;0,00 $;879,32 $;0,00 $;0,00;360,00 $;1415,00 $;535,68 $;0,07%;
04/02/2025;1;159833,20 $;-1080,68 $;0,00 $;-1080,68 $;5,68 $;-20811,08 $;-1080,68 $;0,00%;-1080,68 $;0,00 $;-1080,68 $;0,00 $;-1080,68 $;240,00;2670,00 $;210,00 $;1290,68 $;0,07%;
05/02/2025;1;162262,52 $;2429,32 $;2429,32 $;0,00 $;5,68 $;-18381,76 $;0,00 $;100,00%;2429,32 $;2429,32 $;0,00 $;2429,32 $;0,00 $;240,00;165,00 $;2625,00 $;195,68 $;0,07%;
06/02/2025;1;163456,84 $;1194,32 $;1194,32 $;0,00 $;5,68 $;-17187,44 $;0,00 $;100,00%;1194,32 $;1194,32 $;0,00 $;1194,32 $;0,00 $;210,00;1420,00 $;1995,00 $;800,68 $;0,07%;
07/02/2025;1;161806,16 $;-1650,68 $;0,00 $;-1650,68 $;5,68 $;-18838,12 $;-1650,68 $;0,00%;-1650,68 $;0,00 $;-1650,68 $;0,00 $;-1650,68 $;240,00;2085,00 $;1475,00 $;3125,68 $;0,07%;
11/02/2025;1;161845,48 $;39,32 $;39,32 $;0,00 $;5,68 $;-18798,80 $;0,00 $;100,00%;39,32 $;39,32 $;0,00 $;39,32 $;0,00 $;210,00;860,00 $;995,00 $;955,68 $;0,07%;
12/02/2025;1;163069,80 $;1224,32 $;1224,32 $;0,00 $;5,68 $;-17574,48 $;0,00 $;100,00%;1224,32 $;1224,32 $;0,00 $;1224,32 $;0,00 $;150,00;845,00 $;1245,00 $;20,68 $;0,07%;
13/02/2025;1;164694,12 $;1624,32 $;1624,32 $;0,00 $;5,68 $;-15950,16 $;0,00 $;100,00%;1624,32 $;1624,32 $;0,00 $;1624,32 $;0,00 $;240,00;2250,00 $;1830,00 $;205,68 $;0,07%;
14/02/2025;1;166833,44 $;2139,32 $;2139,32 $;0,00 $;5,68 $;-13810,84 $;0,00 $;100,00%;2139,32 $;2139,32 $;0,00 $;2139,32 $;0,00 $;210,00;185,00 $;2475,00 $;335,68 $;0,07%;
18/02/2025;1;166122,76 $;-710,68 $;0,00 $;-710,68 $;5,68 $;-14521,52 $;-710,68 $;0,00%;-710,68 $;0,00 $;-710,68 $;0,00 $;-710,68 $;240,00;2040,00 $;220,00 $;930,68 $;0,07%;
19/02/2025;1;166137,08 $;14,32 $;14,32 $;0,00 $;5,68 $;-14507,20 $;0,00 $;100,00%;14,32 $;14,32 $;0,00 $;14,32 $;0,00 $;240,00;460,00 $;1635,00 $;1620,68 $;0,07%;
20/02/2025;1;166986,40 $;849,32 $;849,32 $;0,00 $;5,68 $;-13657,88 $;0,00 $;100,00%;849,32 $;849,32 $;0,00 $;849,32 $;0,00 $;240,00;865,00 $;1370,00 $;520,68 $;0,07%;
21/02/2025;1;161170,72 $;-5815,68 $;0,00 $;-5815,68 $;5,68 $;-19473,56 $;-5815,68 $;0,00%;-5815,68 $;0,00 $;-5815,68 $;0,00 $;-5815,68 $;240,00;6505,00 $;605,00 $;6420,68 $;0,07%;
24/02/2025;1;159760,04 $;-1410,68 $;0,00 $;-1410,68 $;5,68 $;-20884,24 $;-1410,68 $;0,00%;-1410,68 $;0,00 $;-1410,68 $;0,00 $;-1410,68 $;240,00;1460,00 $;1350,00 $;2760,68 $;0,07%;
25/02/2025;1;163494,36 $;3734,32 $;3734,32 $;0,00 $;5,68 $;-17149,92 $;0,00 $;100,00%;3734,32 $;3734,32 $;0,00 $;3734,32 $;0,00 $;240,00;990,00 $;4835,00 $;1100,68 $;0,07%;
26/02/2025;1;160098,68 $;-3395,68 $;0,00 $;-3395,68 $;5,68 $;-20545,60 $;-3395,68 $;0,00%;-3395,68 $;0,00 $;-3395,68 $;0,00 $;-3395,68 $;210,00;6450,00 $;375,00 $;3770,68 $;0,07%;
27/02/2025;2;152562,32 $;-7536,36 $;0,00 $;-7536,36 $;11,36 $;-28081,96 $;-7536,36 $;0,00%;-3768,18 $;0,00 $;-3768,18 $;0,00 $;-7535,68 $;270,00;3885,00 $;770,00 $;4538,18 $;0,14%;
28/02/2025;1;156506,64 $;3944,32 $;3944,32 $;0,00 $;5,68 $;-24137,64 $;0,00 $;100,00%;3944,32 $;3944,32 $;0,00 $;3944,32 $;0,00 $;210,00;4270,00 $;4930,00 $;985,68 $;0,07%;
03/03/2025;2;146405,28 $;-10101,36 $;19,32 $;-10120,68 $;11,36 $;-34258,32 $;-10120,68 $;50,00%;-5050,68 $;19,32 $;-10120,68 $;19,32 $;-10120,68 $;270,00;5412,50 $;850,00 $;5900,68 $;0,14%;
04/03/2025;1;156964,60 $;10559,32 $;10559,32 $;0,00 $;5,68 $;-23679,68 $;0,00 $;100,00%;10559,32 $;10559,32 $;0,00 $;10559,32 $;0,00 $;240,00;65,00 $;11800,00 $;1240,68 $;0,07%;
05/03/2025;1;164768,92 $;7804,32 $;7804,32 $;0,00 $;5,68 $;-15875,36 $;0,00 $;100,00%;7804,32 $;7804,32 $;0,00 $;7804,32 $;0,00 $;240,00;1705,00 $;8495,00 $;690,68 $;0,07%;
06/03/2025;1;165503,24 $;734,32 $;734,32 $;0,00 $;5,68 $;-15141,04 $;0,00 $;100,00%;734,32 $;734,32 $;0,00 $;734,32 $;0,00 $;150,00;2670,00 $;1615,00 $;880,68 $;0,07%;
07/03/2025;1;172072,56 $;6569,32 $;6569,32 $;0,00 $;5,68 $;-8571,72 $;0,00 $;100,00%;6569,32 $;6569,32 $;0,00 $;6569,32 $;0,00 $;210,00;575,00 $;8240,00 $;1670,68 $;0,07%;
10/03/2025;1;168071,88 $;-4000,68 $;0,00 $;-4000,68 $;5,68 $;-12572,40 $;-4000,68 $;0,00%;-4000,68 $;0,00 $;-4000,68 $;0,00 $;-4000,68 $;240,00;7225,00 $;1390,00 $;5390,68 $;0,07%;
11/03/2025;1;170526,20 $;2454,32 $;2454,32 $;0,00 $;5,68 $;-10118,08 $;0,00 $;100,00%;2454,32 $;2454,32 $;0,00 $;2454,32 $;0,00 $;240,00;4545,00 $;5170,00 $;2715,68 $;0,07%;
12/03/2025;1;172415,52 $;1889,32 $;1889,32 $;0,00 $;5,68 $;-8228,76 $;0,00 $;100,00%;1889,32 $;1889,32 $;0,00 $;1889,32 $;0,00 $;240,00;285,00 $;4070,00 $;2180,68 $;0,07%;
13/03/2025;1;172609,84 $;194,32 $;194,32 $;0,00 $;5,68 $;-8034,44 $;0,00 $;100,00%;194,32 $;194,32 $;0,00 $;194,32 $;0,00 $;210,00;2640,00 $;1885,00 $;1690,68 $;0,07%;
14/03/2025;1;173079,16 $;469,32 $;469,32 $;0,00 $;5,68 $;-7565,12 $;0,00 $;100,00%;469,32 $;469,32 $;0,00 $;469,32 $;0,00 $;240,00;815,00 $;1350,00 $;880,68 $;0,07%;
17/03/2025;1;177818,48 $;4739,32 $;4739,32 $;0,00 $;5,68 $;-2825,80 $;0,00 $;100,00%;4739,32 $;4739,32 $;0,00 $;4739,32 $;0,00 $;240,00;1075,00 $;5620,00 $;880,68 $;0,07%;
18/03/2025;1;178582,80 $;764,32 $;764,32 $;0,00 $;5,68 $;-2061,48 $;0,00 $;100,00%;764,32 $;764,32 $;0,00 $;764,32 $;0,00 $;240,00;850,00 $;2260,00 $;1495,68 $;0,07%;
19/03/2025;1;178377,12 $;-205,68 $;0,00 $;-205,68 $;5,68 $;-2267,16 $;-205,68 $;0,00%;-205,68 $;0,00 $;-205,68 $;0,00 $;-205,68 $;30,00;405,00 $;2075,00 $;2280,68 $;0,07%;
25/03/2025;1;180086,44 $;1709,32 $;1709,32 $;0,00 $;5,68 $;-557,84 $;0,00 $;100,00%;1709,32 $;1709,32 $;0,00 $;1709,32 $;0,00 $;210,00;605,00 $;1760,00 $;50,68 $;0,07%;
26/03/2025;1;179455,76 $;-630,68 $;0,00 $;-630,68 $;5,68 $;-1188,52 $;-630,68 $;0,00%;-630,68 $;0,00 $;-630,68 $;0,00 $;-630,68 $;150,00;1535,00 $;495,00 $;1125,68 $;0,07%;
27/03/2025;1;177930,08 $;-1525,68 $;0,00 $;-1525,68 $;5,68 $;-2714,20 $;-1525,68 $;0,00%;-1525,68 $;0,00 $;-1525,68 $;0,00 $;-1525,68 $;210,00;2070,00 $;1025,00 $;2550,68 $;0,07%;
28/03/2025;1;175094,40 $;-2835,68 $;0,00 $;-2835,68 $;5,68 $;-5549,88 $;-2835,68 $;0,00%;-2835,68 $;0,00 $;-2835,68 $;0,00 $;-2835,68 $;240,00;3235,00 $;625,00 $;3460,68 $;0,07%;
31/03/2025;1;177713,72 $;2619,32 $;2619,32 $;0,00 $;5,68 $;-2930,56 $;0,00 $;100,00%;2619,32 $;2619,32 $;0,00 $;2619,32 $;0,00 $;210,00;1565,00 $;4080,00 $;1460,68 $;0,07%;
01/04/2025;1;175893,04 $;-1820,68 $;0,00 $;-1820,68 $;5,68 $;-4751,24 $;-1820,68 $;0,00%;-1820,68 $;0,00 $;-1820,68 $;0,00 $;-1820,68 $;240,00;3610,00 $;1570,00 $;3390,68 $;0,07%;
03/04/2025;1;173012,36 $;-2880,68 $;0,00 $;-2880,68 $;5,68 $;-7631,92 $;-2880,68 $;0,00%;-2880,68 $;0,00 $;-2880,68 $;0,00 $;-2880,68 $;240,00;4045,00 $;1310,00 $;4190,68 $;0,07%;
04/04/2025;1;169081,68 $;-3930,68 $;0,00 $;-3930,68 $;5,68 $;-11562,60 $;-3930,68 $;0,00%;-3930,68 $;0,00 $;-3930,68 $;0,00 $;-3930,68 $;240,00;7865,00 $;1570,00 $;5500,68 $;0,07%;
08/04/2025;1;154256,00 $;-14825,68 $;0,00 $;-14825,68 $;5,68 $;-26388,28 $;-14825,68 $;0,00%;-14825,68 $;0,00 $;-14825,68 $;0,00 $;-14825,68 $;210,00;18920,00 $;545,00 $;15370,68 $;0,07%;
09/04/2025;1;155335,32 $;1079,32 $;1079,32 $;0,00 $;5,68 $;-25308,96 $;0,00 $;100,00%;1079,32 $;1079,32 $;0,00 $;1079,32 $;0,00 $;0,00;640,00 $;1195,00 $;115,68 $;0,07%;
14/04/2025;1;157224,64 $;1889,32 $;1889,32 $;0,00 $;5,68 $;-23419,64 $;0,00 $;100,00%;1889,32 $;1889,32 $;0,00 $;1889,32 $;0,00 $;240,00;4160,00 $;2990,00 $;1100,68 $;0,07%;
15/04/2025;1;156228,96 $;-995,68 $;0,00 $;-995,68 $;5,68 $;-24415,32 $;-995,68 $;0,00%;-995,68 $;0,00 $;-995,68 $;0,00 $;-995,68 $;240,00;2555,00 $;1570,00 $;2565,68 $;0,07%;
16/04/2025;1;151768,28 $;-4460,68 $;0,00 $;-4460,68 $;5,68 $;-28876,00 $;-4460,68 $;0,00%;-4460,68 $;0,00 $;-4460,68 $;0,00 $;-4460,68 $;150,00;9515,00 $;75,00 $;4535,68 $;0,07%;
17/04/2025;1;154967,60 $;3199,32 $;3199,32 $;0,00 $;5,68 $;-25676,68 $;0,00 $;100,00%;3199,32 $;3199,32 $;0,00 $;3199,32 $;0,00 $;240,00;1200,00 $;4090,00 $;890,68 $;0,07%;
21/04/2025;1;153166,92 $;-1800,68 $;0,00 $;-1800,68 $;5,68 $;-27477,36 $;-1800,68 $;0,00%;-1800,68 $;0,00 $;-1800,68 $;0,00 $;-1800,68 $;240,00;3355,00 $;235,00 $;2035,68 $;0,07%;
23/04/2025;1;154101,24 $;934,32 $;934,32 $;0,00 $;5,68 $;-26543,04 $;0,00 $;100,00%;934,32 $;934,32 $;0,00 $;934,32 $;0,00 $;210,00;2135,00 $;2595,00 $;1660,68 $;0,07%;
25/04/2025;1;154230,56 $;129,32 $;129,32 $;0,00 $;5,68 $;-26413,72 $;0,00 $;100,00%;129,32 $;129,32 $;0,00 $;129,32 $;0,00 $;150,00;3475,00 $;820,00 $;690,68 $;0,07%;
28/04/2025;1;157969,88 $;3739,32 $;3739,32 $;0,00 $;5,68 $;-22674,40 $;0,00 $;100,00%;3739,32 $;3739,32 $;0,00 $;3739,32 $;0,00 $;240,00;1245,00 $;3900,00 $;160,68 $;0,07%;
29/04/2025;1;159869,20 $;1899,32 $;1899,32 $;0,00 $;5,68 $;-20775,08 $;0,00 $;100,00%;1899,32 $;1899,32 $;0,00 $;1899,32 $;0,00 $;240,00;1660,00 $;2690,00 $;790,68 $;0,07%;
30/04/2025;1;168958,52 $;9089,32 $;9089,32 $;0,00 $;5,68 $;-11685,76 $;0,00 $;100,00%;9089,32 $;9089,32 $;0,00 $;9089,32 $;0,00 $;210,00;980,00 $;9210,00 $;120,68 $;0,07%;
02/05/2025;1;170542,84 $;1584,32 $;1584,32 $;0,00 $;5,68 $;-10101,44 $;0,00 $;100,00%;1584,32 $;1584,32 $;0,00 $;1584,32 $;0,00 $;240,00;295,00 $;2695,00 $;1110,68 $;0,07%;
05/05/2025;1;171077,16 $;534,32 $;534,32 $;0,00 $;5,68 $;-9567,12 $;0,00 $;100,00%;534,32 $;534,32 $;0,00 $;534,32 $;0,00 $;0,00;260,00 $;555,00 $;20,68 $;0,07%;
06/05/2025;1;170311,48 $;-765,68 $;0,00 $;-765,68 $;5,68 $;-10332,80 $;-765,68 $;0,00%;-765,68 $;0,00 $;-765,68 $;0,00 $;-765,68 $;150,00;1515,00 $;1755,00 $;2520,68 $;0,07%;
07/05/2025;1;173995,80 $;3684,32 $;3684,32 $;0,00 $;5,68 $;-6648,48 $;0,00 $;100,00%;3684,32 $;3684,32 $;0,00 $;3684,32 $;0,00 $;30,00;180,00 $;5610,00 $;1925,68 $;0,07%;
09/05/2025;1;174470,12 $;474,32 $;474,32 $;0,00 $;5,68 $;-6174,16 $;0,00 $;100,00%;474,32 $;474,32 $;0,00 $;474,32 $;0,00 $;240,00;1435,00 $;1045,00 $;570,68 $;0,07%;
12/05/2025;1;177109,44 $;2639,32 $;2639,32 $;0,00 $;5,68 $;-3534,84 $;0,00 $;100,00%;2639,32 $;2639,32 $;0,00 $;2639,32 $;0,00 $;210,00;60,00 $;3500,00 $;860,68 $;0,07%;
13/05/2025;1;176183,76 $;-925,68 $;0,00 $;-925,68 $;5,68 $;-4460,52 $;-925,68 $;0,00%;-925,68 $;0,00 $;-925,68 $;0,00 $;-925,68 $;210,00;1110,00 $;870,00 $;1795,68 $;0,07%;
14/05/2025;1;177238,08 $;1054,32 $;1054,32 $;0,00 $;5,68 $;-3406,20 $;0,00 $;100,00%;1054,32 $;1054,32 $;0,00 $;1054,32 $;0,00 $;90,00;315,00 $;1320,00 $;265,68 $;0,07%;
15/05/2025;1;175492,40 $;-1745,68 $;0,00 $;-1745,68 $;5,68 $;-5151,88 $;-1745,68 $;0,00%;-1745,68 $;0,00 $;-1745,68 $;0,00 $;-1745,68 $;240,00;2065,00 $;2455,00 $;4200,68 $;0,07%;
16/05/2025;1;174336,72 $;-1155,68 $;0,00 $;-1155,68 $;5,68 $;-6307,56 $;-1155,68 $;0,00%;-1155,68 $;0,00 $;-1155,68 $;0,00 $;-1155,68 $;150,00;1475,00 $;1085,00 $;2240,68 $;0,07%;
19/05/2025;1;175441,04 $;1104,32 $;1104,32 $;0,00 $;5,68 $;-5203,24 $;0,00 $;100,00%;1104,32 $;1104,32 $;0,00 $;1104,32 $;0,00 $;240,00;555,00 $;2790,00 $;1685,68 $;0,07%;
20/05/2025;1;174555,36 $;-885,68 $;0,00 $;-885,68 $;5,68 $;-6088,92 $;-885,68 $;0,00%;-885,68 $;0,00 $;-885,68 $;0,00 $;-885,68 $;240,00;2480,00 $;1045,00 $;1930,68 $;0,07%;
21/05/2025;1;166614,68 $;-7940,68 $;0,00 $;-7940,68 $;5,68 $;-14029,60 $;-7940,68 $;0,00%;-7940,68 $;0,00 $;-7940,68 $;0,00 $;-7940,68 $;210,00;9165,00 $;550,00 $;8490,68 $;0,07%;
23/05/2025;1;167674,00 $;1059,32 $;1059,32 $;0,00 $;5,68 $;-12970,28 $;0,00 $;100,00%;1059,32 $;1059,32 $;0,00 $;1059,32 $;0,00 $;240,00;855,00 $;2450,00 $;1390,68 $;0,07%;
27/05/2025;1;168743,32 $;1069,32 $;1069,32 $;0,00 $;5,68 $;-11900,96 $;0,00 $;100,00%;1069,32 $;1069,32 $;0,00 $;1069,32 $;0,00 $;210,00;20,00 $;1545,00 $;475,68 $;0,07%;
28/05/2025;2;170266,96 $;1523,64 $;1524,32 $;-0,68 $;11,36 $;-11901,64 $;-0,68 $;50,00%;761,82 $;1524,32 $;-0,68 $;1524,32 $;-0,68 $;240,00;642,50 $;1365,00 $;603,18 $;0,14%;
29/05/2025;1;169891,28 $;-375,68 $;0,00 $;-375,68 $;5,68 $;-10753,00 $;-375,68 $;0,00%;-375,68 $;0,00 $;-375,68 $;0,00 $;-375,68 $;210,00;2180,00 $;1175,00 $;1550,68 $;0,07%;
30/05/2025;1;170290,60 $;399,32 $;399,32 $;0,00 $;5,68 $;-10353,68 $;0,00 $;100,00%;399,32 $;399,32 $;0,00 $;399,32 $;0,00 $;240,00;5925,00 $;600,00 $;200,68 $;0,07%;
02/06/2025;1;173499,92 $;3209,32 $;3209,32 $;0,00 $;5,68 $;-7144,36 $;0,00 $;100,00%;3209,32 $;3209,32 $;0,00 $;3209,32 $;0,00 $;240,00;295,00 $;3460,00 $;250,68 $;0,07%;
03/06/2025;1;173284,24 $;-215,68 $;0,00 $;-215,68 $;5,68 $;-7360,04 $;-215,68 $;0,00%;-215,68 $;0,00 $;-215,68 $;0,00 $;-215,68 $;90,00;670,00 $;545,00 $;760,68 $;0,07%;
04/06/2025;1;173863,56 $;579,32 $;579,32 $;0,00 $;5,68 $;-6780,72 $;0,00 $;100,00%;579,32 $;579,32 $;0,00 $;579,32 $;0,00 $;240,00;980,00 $;960,00 $;380,68 $;0,07%;
06/06/2025;1;174222,88 $;359,32 $;359,32 $;0,00 $;5,68 $;-6421,40 $;0,00 $;100,00%;359,32 $;359,32 $;0,00 $;359,32 $;0,00 $;240,00;1360,00 $;1670,00 $;1310,68 $;0,07%;
09/06/2025;1;173722,20 $;-500,68 $;0,00 $;-500,68 $;5,68 $;-6922,08 $;-500,68 $;0,00%;-500,68 $;0,00 $;-500,68 $;0,00 $;-500,68 $;210,00;695,00 $;1070,00 $;1570,68 $;0,07%;
10/06/2025;1;173781,52 $;59,32 $;59,32 $;0,00 $;5,68 $;-6862,76 $;0,00 $;100,00%;59,32 $;59,32 $;0,00 $;59,32 $;0,00 $;0,00;60,00 $;175,00 $;115,68 $;0,07%;
11/06/2025;1;170400,84 $;-3380,68 $;0,00 $;-3380,68 $;5,68 $;-10243,44 $;-3380,68 $;0,00%;-3380,68 $;0,00 $;-3380,68 $;0,00 $;-3380,68 $;240,00;4570,00 $;170,00 $;3550,68 $;0,07%;
12/06/2025;1;169870,16 $;-530,68 $;0,00 $;-530,68 $;5,68 $;-10774,12 $;-530,68 $;0,00%;-530,68 $;0,00 $;-530,68 $;0,00 $;-530,68 $;30,00;835,00 $;255,00 $;785,68 $;0,07%;
13/06/2025;2;166538,80 $;-3331,36 $;0,00 $;-3331,36 $;11,36 $;-14105,48 $;-3331,36 $;0,00%;-1665,68 $;0,00 $;-1665,68 $;0,00 $;-3290,68 $;270,00;2047,50 $;792,50 $;2458,18 $;0,14%;
16/06/2025;1;166088,12 $;-450,68 $;0,00 $;-450,68 $;5,68 $;-14556,16 $;-450,68 $;0,00%;-450,68 $;0,00 $;-450,68 $;0,00 $;-450,68 $;240,00;1020,00 $;475,00 $;925,68 $;0,07%;
18/06/2025;1;164752,44 $;-1335,68 $;0,00 $;-1335,68 $;5,68 $;-15891,84 $;-1335,68 $;0,00%;-1335,68 $;0,00 $;-1335,68 $;0,00 $;-1335,68 $;210,00;2915,00 $;1090,00 $;2425,68 $;0,07%;
23/06/2025;1;166916,76 $;2164,32 $;2164,32 $;0,00 $;5,68 $;-13727,52 $;0,00 $;100,00%;2164,32 $;2164,32 $;0,00 $;2164,32 $;0,00 $;240,00;4165,00 $;2830,00 $;665,68 $;0,07%;
24/06/2025;1;167881,08 $;964,32 $;964,32 $;0,00 $;5,68 $;-12763,20 $;0,00 $;100,00%;964,32 $;964,32 $;0,00 $;964,32 $;0,00 $;240,00;315,00 $;1505,00 $;540,68 $;0,07%;
25/06/2025;1;167430,40 $;-450,68 $;0,00 $;-450,68 $;5,68 $;-13213,88 $;-450,68 $;0,00%;-450,68 $;0,00 $;-450,68 $;0,00 $;-450,68 $;240,00;1490,00 $;15,00 $;465,68 $;0,07%;
26/06/2025;1;168169,72 $;739,32 $;739,32 $;0,00 $;5,68 $;-12474,56 $;0,00 $;100,00%;739,32 $;739,32 $;0,00 $;739,32 $;0,00 $;150,00;20,00 $;1175,00 $;435,68 $;0,07%;
27/06/2025;1;165744,04 $;-2425,68 $;0,00 $;-2425,68 $;5,68 $;-14900,24 $;-2425,68 $;0,00%;-2425,68 $;0,00 $;-2425,68 $;0,00 $;-2425,68 $;240,00;3845,00 $;555,00 $;2980,68 $;0,07%;
30/06/2025;1;166933,36 $;1189,32 $;1189,32 $;0,00 $;5,68 $;-13710,92 $;0,00 $;100,00%;1189,32 $;1189,32 $;0,00 $;1189,32 $;0,00 $;240,00;730,00 $;1525,00 $;335,68 $;0,07%;
02/07/2025;1;167007,68 $;74,32 $;74,32 $;0,00 $;5,68 $;-13636,60 $;0,00 $;100,00%;74,32 $;74,32 $;0,00 $;74,32 $;0,00 $;210,00;465,00 $;445,00 $;370,68 $;0,07%;
03/07/2025;1;166682,00 $;-325,68 $;0,00 $;-325,68 $;5,68 $;-13962,28 $;-325,68 $;0,00%;-325,68 $;0,00 $;-325,68 $;0,00 $;-325,68 $;0,00;950,00 $;135,00 $;460,68 $;0,07%;
04/07/2025;1;166156,32 $;-525,68 $;0,00 $;-525,68 $;5,68 $;-14487,96 $;-525,68 $;0,00%;-525,68 $;0,00 $;-525,68 $;0,00 $;-525,68 $;90,00;735,00 $;255,00 $;780,68 $;0,07%;
08/07/2025;1;165320,64 $;-835,68 $;0,00 $;-835,68 $;5,68 $;-15323,64 $;-835,68 $;0,00%;-835,68 $;0,00 $;-835,68 $;0,00 $;-835,68 $;210,00;1550,00 $;105,00 $;940,68 $;0,07%;
09/07/2025;1;166439,96 $;1119,32 $;1119,32 $;0,00 $;5,68 $;-14204,32 $;0,00 $;100,00%;1119,32 $;1119,32 $;0,00 $;1119,32 $;0,00 $;240,00;865,00 $;1400,00 $;280,68 $;0,07%;
10/07/2025;1;166444,28 $;4,32 $;4,32 $;0,00 $;5,68 $;-14200,00 $;0,00 $;100,00%;4,32 $;4,32 $;0,00 $;4,32 $;0,00 $;210,00;500,00 $;845,00 $;840,68 $;0,07%;
14/07/2025;1;167038,60 $;594,32 $;594,32 $;0,00 $;5,68 $;-13605,68 $;0,00 $;100,00%;594,32 $;594,32 $;0,00 $;594,32 $;0,00 $;240,00;400,00 $;1090,00 $;495,68 $;0,07%;
16/07/2025;1;168837,92 $;1799,32 $;1799,32 $;0,00 $;5,68 $;-11806,36 $;0,00 $;100,00%;1799,32 $;1799,32 $;0,00 $;1799,32 $;0,00 $;240,00;2915,00 $;2030,00 $;230,68 $;0,07%;
21/07/2025;1;168277,24 $;-560,68 $;0,00 $;-560,68 $;5,68 $;-12367,04 $;-560,68 $;0,00%;-560,68 $;0,00 $;-560,68 $;0,00 $;-560,68 $;240,00;755,00 $;540,00 $;1100,68 $;0,07%;
22/07/2025;1;168886,56 $;609,32 $;609,32 $;0,00 $;5,68 $;-11757,72 $;0,00 $;100,00%;609,32 $;609,32 $;0,00 $;609,32 $;0,00 $;240,00;970,00 $;995,00 $;385,68 $;0,07%;
23/07/2025;1;170575,88 $;1689,32 $;1689,32 $;0,00 $;5,68 $;-10068,40 $;0,00 $;100,00%;1689,32 $;1689,32 $;0,00 $;1689,32 $;0,00 $;240,00;310,00 $;2310,00 $;620,68 $;0,07%;
24/07/2025;1;171265,20 $;689,32 $;689,32 $;0,00 $;5,68 $;-9379,08 $;0,00 $;100,00%;689,32 $;689,32 $;0,00 $;689,32 $;0,00 $;240,00;815,00 $;875,00 $;185,68 $;0,07%;
25/07/2025;1;171659,52 $;394,32 $;394,32 $;0,00 $;5,68 $;-8984,76 $;0,00 $;100,00%;394,32 $;394,32 $;0,00 $;394,32 $;0,00 $;240,00;345,00 $;1130,00 $;735,68 $;0,07%;
29/07/2025;2;171493,16 $;-166,36 $;0,00 $;-166,36 $;11,36 $;-9151,12 $;-166,36 $;0,00%;-83,18 $;0,00 $;-83,18 $;0,00 $;-110,68 $;270,00;345,00 $;665,00 $;748,18 $;0,14%;
30/07/2025;1;169642,48 $;-1850,68 $;0,00 $;-1850,68 $;5,68 $;-11001,80 $;-1850,68 $;0,00%;-1850,68 $;0,00 $;-1850,68 $;0,00 $;-1850,68 $;240,00;2620,00 $;2040,00 $;3890,68 $;0,07%;
01/08/2025;1;169121,80 $;-520,68 $;0,00 $;-520,68 $;5,68 $;-11522,48 $;-520,68 $;0,00%;-520,68 $;0,00 $;-520,68 $;0,00 $;-520,68 $;240,00;2550,00 $;2860,00 $;3380,68 $;0,07%;
04/08/2025;1;170226,12 $;1104,32 $;1104,32 $;0,00 $;5,68 $;-10418,16 $;0,00 $;100,00%;1104,32 $;1104,32 $;0,00 $;1104,32 $;0,00 $;240,00;260,00 $;1840,00 $;735,68 $;0,07%;
05/08/2025;1;168520,44 $;-1705,68 $;0,00 $;-1705,68 $;5,68 $;-12123,84 $;-1705,68 $;0,00%;-1705,68 $;0,00 $;-1705,68 $;0,00 $;-1705,68 $;210,00;2040,00 $;1095,00 $;2800,68 $;0,07%;
06/08/2025;1;170649,76 $;2129,32 $;2129,32 $;0,00 $;5,68 $;-9994,52 $;0,00 $;100,00%;2129,32 $;2129,32 $;0,00 $;2129,32 $;0,00 $;240,00;505,00 $;2325,00 $;195,68 $;0,07%;
12/08/2025;1;172449,08 $;1799,32 $;1799,32 $;0,00 $;5,68 $;-8195,20 $;0,00 $;100,00%;1799,32 $;1799,32 $;0,00 $;1799,32 $;0,00 $;240,00;240,00 $;1990,00 $;190,68 $;0,07%;
13/08/2025;1;172663,40 $;214,32 $;214,32 $;0,00 $;5,68 $;-7980,88 $;0,00 $;100,00%;214,32 $;214,32 $;0,00 $;214,32 $;0,00 $;240,00;785,00 $;660,00 $;445,68 $;0,07%;
15/08/2025;1;172757,72 $;94,32 $;94,32 $;0,00 $;5,68 $;-7886,56 $;0,00 $;100,00%;94,32 $;94,32 $;0,00 $;94,32 $;0,00 $;240,00;1355,00 $;905,00 $;810,68 $;0,07%;
18/08/2025;1;173692,04 $;934,32 $;934,32 $;0,00 $;5,68 $;-6952,24 $;0,00 $;100,00%;934,32 $;934,32 $;0,00 $;934,32 $;0,00 $;240,00;440,00 $;1350,00 $;415,68 $;0,07%;
19/08/2025;1;171281,36 $;-2410,68 $;0,00 $;-2410,68 $;5,68 $;-9362,92 $;-2410,68 $;0,00%;-2410,68 $;0,00 $;-2410,68 $;0,00 $;-2410,68 $;240,00;3075,00 $;195,00 $;2605,68 $;0,07%;
20/08/2025;1;173190,68 $;1909,32 $;1909,32 $;0,00 $;5,68 $;-7453,60 $;0,00 $;100,00%;1909,32 $;1909,32 $;0,00 $;1909,32 $;0,00 $;240,00;1435,00 $;2570,00 $;660,68 $;0,07%;
22/08/2025;1;172275,00 $;-915,68 $;0,00 $;-915,68 $;5,68 $;-8369,28 $;-915,68 $;0,00%;-915,68 $;0,00 $;-915,68 $;0,00 $;-915,68 $;240,00;2275,00 $;495,00 $;1410,68 $;0,07%;
26/08/2025;1;173449,32 $;1174,32 $;1174,32 $;0,00 $;5,68 $;-7194,96 $;0,00 $;100,00%;1174,32 $;1174,32 $;0,00 $;1174,32 $;0,00 $;240,00;585,00 $;1420,00 $;245,68 $;0,07%;
27/08/2025;1;173603,64 $;154,32 $;154,32 $;0,00 $;5,68 $;-7040,64 $;0,00 $;100,00%;154,32 $;154,32 $;0,00 $;154,32 $;0,00 $;240,00;955,00 $;1355,00 $;1200,68 $;0,07%;
28/08/2025;1;175697,96 $;2094,32 $;2094,32 $;0,00 $;5,68 $;-4946,32 $;0,00 $;100,00%;2094,32 $;2094,32 $;0,00 $;2094,32 $;0,00 $;240,00;40,00 $;2550,00 $;455,68 $;0,07%;
02/09/2025;1;178182,28 $;2484,32 $;2484,32 $;0,00 $;5,68 $;-2462,00 $;0,00 $;100,00%;2484,32 $;2484,32 $;0,00 $;2484,32 $;0,00 $;240,00;1645,00 $;2615,00 $;130,68 $;0,07%;
03/09/2025;1;176756,60 $;-1425,68 $;0,00 $;-1425,68 $;5,68 $;-3887,68 $;-1425,68 $;0,00%;-1425,68 $;0,00 $;-1425,68 $;0,00 $;-1425,68 $;240,00;2130,00 $;785,00 $;2210,68 $;0,07%;
05/09/2025;1;177755,92 $;999,32 $;999,32 $;0,00 $;5,68 $;-2888,36 $;0,00 $;100,00%;999,32 $;999,32 $;0,00 $;999,32 $;0,00 $;240,00;945,00 $;1185,00 $;185,68 $;0,07%;
08/09/2025;1;177155,24 $;-600,68 $;0,00 $;-600,68 $;5,68 $;-3489,04 $;-600,68 $;0,00%;-600,68 $;0,00 $;-600,68 $;0,00 $;-600,68 $;210,00;1425,00 $;130,00 $;730,68 $;0,07%;
11/09/2025;2;176948,88 $;-206,36 $;0,00 $;-206,36 $;11,36 $;-3695,40 $;-206,36 $;0,00%;-103,18 $;0,00 $;-103,18 $;0,00 $;-105,68 $;270,00;512,50 $;107,50 $;210,68 $;0,14%;
12/09/2025;1;177693,20 $;744,32 $;744,32 $;0,00 $;5,68 $;-2951,08 $;0,00 $;100,00%;744,32 $;744,32 $;0,00 $;744,32 $;0,00 $;240,00;300,00 $;1445,00 $;700,68 $;0,07%;
15/09/2025;1;178087,52 $;394,32 $;394,32 $;0,00 $;5,68 $;-2556,76 $;0,00 $;100,00%;394,32 $;394,32 $;0,00 $;394,32 $;0,00 $;210,00;480,00 $;910,00 $;515,68 $;0,07%;
16/09/2025;1;178471,84 $;384,32 $;384,32 $;0,00 $;5,68 $;-2172,44 $;0,00 $;100,00%;384,32 $;384,32 $;0,00 $;384,32 $;0,00 $;240,00;360,00 $;820,00 $;435,68 $;0,07%;
17/09/2025;1;180831,16 $;2359,32 $;2359,32 $;0,00 $;5,68 $;0,00 $;0,00 $;100,00%;2359,32 $;2359,32 $;0,00 $;2359,32 $;0,00 $;240,00;3410,00 $;2765,00 $;405,68 $;0,07%;
22/09/2025;1;181135,48 $;304,32 $;304,32 $;0,00 $;5,68 $;0,00 $;0,00 $;100,00%;304,32 $;304,32 $;0,00 $;304,32 $;0,00 $;210,00;70,00 $;1085,00 $;780,68 $;0,07%;
23/09/2025;1;180429,80 $;-705,68 $;0,00 $;-705,68 $;5,68 $;-705,68 $;-705,68 $;0,00%;-705,68 $;0,00 $;-705,68 $;0,00 $;-705,68 $;150,00;1765,00 $;225,00 $;930,68 $;0,07%;
24/09/2025;1;179019,12 $;-1410,68 $;0,00 $;-1410,68 $;5,68 $;-2116,36 $;-1410,68 $;0,00%;-1410,68 $;0,00 $;-1410,68 $;0,00 $;-1410,68 $;240,00;3335,00 $;25,00 $;1435,68 $;0,07%;
25/09/2025;1;179818,44 $;799,32 $;799,32 $;0,00 $;5,68 $;-1317,04 $;0,00 $;100,00%;799,32 $;799,32 $;0,00 $;799,32 $;0,00 $;150,00;2835,00 $;1060,00 $;260,68 $;0,07%;
26/09/2025;1;181677,76 $;1859,32 $;1859,32 $;0,00 $;5,68 $;0,00 $;0,00 $;100,00%;1859,32 $;1859,32 $;0,00 $;1859,32 $;0,00 $;240,00;1275,00 $;2100,00 $;240,68 $;0,07%;
29/09/2025;1;180497,08 $;-1180,68 $;0,00 $;-1180,68 $;5,68 $;-1180,68 $;-1180,68 $;0,00%;-1180,68 $;0,00 $;-1180,68 $;0,00 $;-1180,68 $;240,00;1725,00 $;145,00 $;1325,68 $;0,07%;
30/09/2025;1;182126,40 $;1629,32 $;1629,32 $;0,00 $;5,68 $;0,00 $;0,00 $;100,00%;1629,32 $;1629,32 $;0,00 $;1629,32 $;0,00 $;240,00;960,00 $;1720,00 $;90,68 $;0,07%;
02/10/2025;1;182470,72 $;344,32 $;344,32 $;0,00 $;5,68 $;0,00 $;0,00 $;100,00%;344,32 $;344,32 $;0,00 $;344,32 $;0,00 $;150,00;165,00 $;780,00 $;435,68 $;0,07%;
09/10/2025;1;184690,04 $;2219,32 $;2219,32 $;0,00 $;5,68 $;0,00 $;0,00 $;100,00%;2219,32 $;2219,32 $;0,00 $;2219,32 $;0,00 $;150,00;305,00 $;2475,00 $;255,68 $;0,07%;
10/10/2025;1;177789,36 $;-6900,68 $;0,00 $;-6900,68 $;5,68 $;-6900,68 $;-6900,68 $;0,00%;-6900,68 $;0,00 $;-6900,68 $;0,00 $;-6900,68 $;210,00;8080,00 $;925,00 $;7825,68 $;0,07%;
13/10/2025;1;180293,68 $;2504,32 $;2504,32 $;0,00 $;5,68 $;-4396,36 $;0,00 $;100,00%;2504,32 $;2504,32 $;0,00 $;2504,32 $;0,00 $;240,00;1630,00 $;2670,00 $;165,68 $;0,07%;
14/10/2025;1;177218,00 $;-3075,68 $;0,00 $;-3075,68 $;5,68 $;-7472,04 $;-3075,68 $;0,00%;-3075,68 $;0,00 $;-3075,68 $;0,00 $;-3075,68 $;210,00;3715,00 $;1520,00 $;4595,68 $;0,07%;
15/10/2025;1;175012,32 $;-2205,68 $;0,00 $;-2205,68 $;5,68 $;-9677,72 $;-2205,68 $;0,00%;-2205,68 $;0,00 $;-2205,68 $;0,00 $;-2205,68 $;240,00;7805,00 $;115,00 $;2320,68 $;0,07%;
16/10/2025;1;168961,64 $;-6050,68 $;0,00 $;-6050,68 $;5,68 $;-15728,40 $;-6050,68 $;0,00%;-6050,68 $;0,00 $;-6050,68 $;0,00 $;-6050,68 $;240,00;7895,00 $;700,00 $;6750,68 $;0,07%;
17/10/2025;1;170590,96 $;1629,32 $;1629,32 $;0,00 $;5,68 $;-14099,08 $;0,00 $;100,00%;1629,32 $;1629,32 $;0,00 $;1629,32 $;0,00 $;210,00;2400,00 $;2135,00 $;505,68 $;0,07%;
20/10/2025;1;170590,28 $;-0,68 $;0,00 $;-0,68 $;5,68 $;-14099,76 $;-0,68 $;0,00%;-0,68 $;0,00 $;-0,68 $;0,00 $;-0,68 $;240,00;615,00 $;660,00 $;660,68 $;0,07%;
21/10/2025;1;171749,60 $;1159,32 $;1159,32 $;0,00 $;5,68 $;-12940,44 $;0,00 $;100,00%;1159,32 $;1159,32 $;0,00 $;1159,32 $;0,00 $;0,00;0,00 $;1165,00 $;5,68 $;0,07%;
