Period;#;Cum. net profit;Net profit;Gross profit;Gross loss;Commission;Cum. max. drawdown;Max. drawdown;% Win;Avg. trade;Avg. winner;Avg. loser;Lrg. winner;Lrg. loser;MTR;Avg. MAE;Avg. MFE;Avg. ETD;% Trade;
06/02/2019;1;-105,76 $;-105,76 $;0,00 $;-105,76 $;5,76 $;-105,76 $;-105,76 $;0,00%;-105,76 $;0,00 $;-105,76 $;0,00 $;-105,76 $;0,00;112,50 $;12,50 $;118,26 $;0,07%;
07/02/2019;1;138,48 $;244,24 $;244,24 $;0,00 $;5,76 $;0,00 $;0,00 $;100,00%;244,24 $;244,24 $;0,00 $;244,24 $;0,00 $;90,00;262,50 $;375,00 $;130,76 $;0,07%;
08/02/2019;1;920,22 $;781,74 $;781,74 $;0,00 $;5,76 $;0,00 $;0,00 $;100,00%;781,74 $;781,74 $;0,00 $;781,74 $;0,00 $;150,00;50,00 $;837,50 $;55,76 $;0,07%;
11/02/2019;1;976,96 $;56,74 $;56,74 $;0,00 $;5,76 $;0,00 $;0,00 $;100,00%;56,74 $;56,74 $;0,00 $;56,74 $;0,00 $;240,00;275,00 $;187,50 $;130,76 $;0,07%;
12/02/2019;1;1208,70 $;231,74 $;231,74 $;0,00 $;5,76 $;0,00 $;0,00 $;100,00%;231,74 $;231,74 $;0,00 $;231,74 $;0,00 $;210,00;62,50 $;375,00 $;143,26 $;0,07%;
13/02/2019;1;1490,44 $;281,74 $;281,74 $;0,00 $;5,76 $;0,00 $;0,00 $;100,00%;281,74 $;281,74 $;0,00 $;281,74 $;0,00 $;240,00;225,00 $;287,50 $;5,76 $;0,07%;
14/02/2019;1;1059,68 $;-430,76 $;0,00 $;-430,76 $;5,76 $;-430,76 $;-430,76 $;0,00%;-430,76 $;0,00 $;-430,76 $;0,00 $;-430,76 $;210,00;537,50 $;250,00 $;680,76 $;0,07%;
15/02/2019;1;1553,92 $;494,24 $;494,24 $;0,00 $;5,76 $;0,00 $;0,00 $;100,00%;494,24 $;494,24 $;0,00 $;494,24 $;0,00 $;90,00;62,50 $;537,50 $;43,26 $;0,07%;
19/02/2019;1;2010,66 $;456,74 $;456,74 $;0,00 $;5,76 $;0,00 $;0,00 $;100,00%;456,74 $;456,74 $;0,00 $;456,74 $;0,00 $;240,00;12,50 $;650,00 $;193,26 $;0,07%;
20/02/2019;2;2049,14 $;38,48 $;69,24 $;-30,76 $;11,52 $;-30,76 $;-30,76 $;50,00%;19,24 $;69,24 $;-30,76 $;69,24 $;-30,76 $;270,00;256,25 $;206,25 $;187,01 $;0,14%;
22/02/2019;1;1918,38 $;-130,76 $;0,00 $;-130,76 $;5,76 $;-161,52 $;-130,76 $;0,00%;-130,76 $;0,00 $;-130,76 $;0,00 $;-130,76 $;240,00;550,00 $;112,50 $;243,26 $;0,07%;
25/02/2019;1;1837,62 $;-80,76 $;0,00 $;-80,76 $;5,76 $;-242,28 $;-80,76 $;0,00%;-80,76 $;0,00 $;-80,76 $;0,00 $;-80,76 $;30,00;112,50 $;212,50 $;293,26 $;0,07%;
26/02/2019;2;1676,10 $;-161,52 $;0,00 $;-161,52 $;11,52 $;-403,80 $;-161,52 $;0,00%;-80,76 $;0,00 $;-80,76 $;0,00 $;-130,76 $;270,00;250,00 $;87,50 $;168,26 $;0,14%;
28/02/2019;1;1445,34 $;-230,76 $;0,00 $;-230,76 $;5,76 $;-634,56 $;-230,76 $;0,00%;-230,76 $;0,00 $;-230,76 $;0,00 $;-230,76 $;210,00;525,00 $;37,50 $;268,26 $;0,07%;
04/03/2019;1;1677,08 $;231,74 $;231,74 $;0,00 $;5,76 $;-402,82 $;0,00 $;100,00%;231,74 $;231,74 $;0,00 $;231,74 $;0,00 $;30,00;62,50 $;400,00 $;168,26 $;0,07%;
05/03/2019;1;1683,82 $;6,74 $;6,74 $;0,00 $;5,76 $;-396,08 $;0,00 $;100,00%;6,74 $;6,74 $;0,00 $;6,74 $;0,00 $;210,00;162,50 $;287,50 $;280,76 $;0,07%;
08/03/2019;1;2565,56 $;881,74 $;881,74 $;0,00 $;5,76 $;0,00 $;0,00 $;100,00%;881,74 $;881,74 $;0,00 $;881,74 $;0,00 $;210,00;325,00 $;925,00 $;43,26 $;0,07%;
11/03/2019;1;2909,80 $;344,24 $;344,24 $;0,00 $;5,76 $;0,00 $;0,00 $;100,00%;344,24 $;344,24 $;0,00 $;344,24 $;0,00 $;90,00;50,00 $;437,50 $;93,26 $;0,07%;
12/03/2019;1;2766,54 $;-143,26 $;0,00 $;-143,26 $;5,76 $;-143,26 $;-143,26 $;0,00%;-143,26 $;0,00 $;-143,26 $;0,00 $;-143,26 $;210,00;400,00 $;137,50 $;280,76 $;0,07%;
13/03/2019;2;2455,02 $;-311,52 $;31,74 $;-343,26 $;11,52 $;-486,52 $;-343,26 $;50,00%;-155,76 $;31,74 $;-343,26 $;31,74 $;-343,26 $;270,00;225,00 $;131,25 $;287,01 $;0,14%;
14/03/2019;1;2324,26 $;-130,76 $;0,00 $;-130,76 $;5,76 $;-585,54 $;-130,76 $;0,00%;-130,76 $;0,00 $;-130,76 $;0,00 $;-130,76 $;150,00;212,50 $;100,00 $;230,76 $;0,07%;
15/03/2019;1;2493,50 $;169,24 $;169,24 $;0,00 $;5,76 $;-416,30 $;0,00 $;100,00%;169,24 $;169,24 $;0,00 $;169,24 $;0,00 $;240,00;87,50 $;550,00 $;380,76 $;0,07%;
18/03/2019;1;2887,74 $;394,24 $;394,24 $;0,00 $;5,76 $;-22,06 $;0,00 $;100,00%;394,24 $;394,24 $;0,00 $;394,24 $;0,00 $;150,00;37,50 $;412,50 $;18,26 $;0,07%;
19/03/2019;1;2194,48 $;-693,26 $;0,00 $;-693,26 $;5,76 $;-715,32 $;-693,26 $;0,00%;-693,26 $;0,00 $;-693,26 $;0,00 $;-693,26 $;240,00;762,50 $;450,00 $;1143,26 $;0,07%;
20/03/2019;1;1076,22 $;-1118,26 $;0,00 $;-1118,26 $;5,76 $;-1833,58 $;-1118,26 $;0,00%;-1118,26 $;0,00 $;-1118,26 $;0,00 $;-1118,26 $;90,00;1125,00 $;187,50 $;1305,76 $;0,07%;
25/03/2019;1;1132,96 $;56,74 $;56,74 $;0,00 $;5,76 $;-1776,84 $;0,00 $;100,00%;56,74 $;56,74 $;0,00 $;56,74 $;0,00 $;210,00;837,50 $;75,00 $;18,26 $;0,07%;
26/03/2019;1;1277,20 $;144,24 $;144,24 $;0,00 $;5,76 $;-1632,60 $;0,00 $;100,00%;144,24 $;144,24 $;0,00 $;144,24 $;0,00 $;210,00;587,50 $;187,50 $;43,26 $;0,07%;
27/03/2019;1;1146,44 $;-130,76 $;0,00 $;-130,76 $;5,76 $;-1763,36 $;-130,76 $;0,00%;-130,76 $;0,00 $;-130,76 $;0,00 $;-130,76 $;150,00;162,50 $;325,00 $;455,76 $;0,07%;
28/03/2019;1;1803,18 $;656,74 $;656,74 $;0,00 $;5,76 $;-1106,62 $;0,00 $;100,00%;656,74 $;656,74 $;0,00 $;656,74 $;0,00 $;240,00;100,00 $;750,00 $;93,26 $;0,07%;
29/03/2019;1;2209,92 $;406,74 $;406,74 $;0,00 $;5,76 $;-699,88 $;0,00 $;100,00%;406,74 $;406,74 $;0,00 $;406,74 $;0,00 $;150,00;112,50 $;475,00 $;68,26 $;0,07%;
02/04/2019;1;2016,66 $;-193,26 $;0,00 $;-193,26 $;5,76 $;-893,14 $;-193,26 $;0,00%;-193,26 $;0,00 $;-193,26 $;0,00 $;-193,26 $;90,00;212,50 $;175,00 $;368,26 $;0,07%;
03/04/2019;1;1410,90 $;-605,76 $;0,00 $;-605,76 $;5,76 $;-1498,90 $;-605,76 $;0,00%;-605,76 $;0,00 $;-605,76 $;0,00 $;-605,76 $;240,00;862,50 $;150,00 $;755,76 $;0,07%;
04/04/2019;1;1480,14 $;69,24 $;69,24 $;0,00 $;5,76 $;-1429,66 $;0,00 $;100,00%;69,24 $;69,24 $;0,00 $;69,24 $;0,00 $;240,00;400,00 $;187,50 $;118,26 $;0,07%;
08/04/2019;1;1724,38 $;244,24 $;244,24 $;0,00 $;5,76 $;-1185,42 $;0,00 $;100,00%;244,24 $;244,24 $;0,00 $;244,24 $;0,00 $;240,00;137,50 $;312,50 $;68,26 $;0,07%;
10/04/2019;1;2018,62 $;294,24 $;294,24 $;0,00 $;5,76 $;-891,18 $;0,00 $;100,00%;294,24 $;294,24 $;0,00 $;294,24 $;0,00 $;210,00;175,00 $;312,50 $;18,26 $;0,07%;
12/04/2019;1;2225,36 $;206,74 $;206,74 $;0,00 $;5,76 $;-684,44 $;0,00 $;100,00%;206,74 $;206,74 $;0,00 $;206,74 $;0,00 $;240,00;125,00 $;275,00 $;68,26 $;0,07%;
15/04/2019;1;2557,10 $;331,74 $;331,74 $;0,00 $;5,76 $;-352,70 $;0,00 $;100,00%;331,74 $;331,74 $;0,00 $;331,74 $;0,00 $;210,00;0,00 $;387,50 $;55,76 $;0,07%;
16/04/2019;1;2476,34 $;-80,76 $;0,00 $;-80,76 $;5,76 $;-433,46 $;-80,76 $;0,00%;-80,76 $;0,00 $;-80,76 $;0,00 $;-80,76 $;240,00;212,50 $;37,50 $;118,26 $;0,07%;
18/04/2019;1;2508,08 $;31,74 $;31,74 $;0,00 $;5,76 $;-401,72 $;0,00 $;100,00%;31,74 $;31,74 $;0,00 $;31,74 $;0,00 $;90,00;200,00 $;87,50 $;55,76 $;0,07%;
23/04/2019;1;2614,82 $;106,74 $;106,74 $;0,00 $;5,76 $;-294,98 $;0,00 $;100,00%;106,74 $;106,74 $;0,00 $;106,74 $;0,00 $;210,00;137,50 $;112,50 $;5,76 $;0,07%;
25/04/2019;1;2796,56 $;181,74 $;181,74 $;0,00 $;5,76 $;-113,24 $;0,00 $;100,00%;181,74 $;181,74 $;0,00 $;181,74 $;0,00 $;240,00;0,00 $;287,50 $;105,76 $;0,07%;
26/04/2019;1;2915,80 $;119,24 $;119,24 $;0,00 $;5,76 $;0,00 $;0,00 $;100,00%;119,24 $;119,24 $;0,00 $;119,24 $;0,00 $;240,00;237,50 $;250,00 $;130,76 $;0,07%;
29/04/2019;1;2560,04 $;-355,76 $;0,00 $;-355,76 $;5,76 $;-355,76 $;-355,76 $;0,00%;-355,76 $;0,00 $;-355,76 $;0,00 $;-355,76 $;210,00;350,00 $;125,00 $;480,76 $;0,07%;
30/04/2019;1;3304,28 $;744,24 $;744,24 $;0,00 $;5,76 $;0,00 $;0,00 $;100,00%;744,24 $;744,24 $;0,00 $;744,24 $;0,00 $;150,00;50,00 $;825,00 $;80,76 $;0,07%;
01/05/2019;1;2736,02 $;-568,26 $;0,00 $;-568,26 $;5,76 $;-568,26 $;-568,26 $;0,00%;-568,26 $;0,00 $;-568,26 $;0,00 $;-568,26 $;240,00;662,50 $;237,50 $;805,76 $;0,07%;
03/05/2019;1;3055,26 $;319,24 $;319,24 $;0,00 $;5,76 $;-249,02 $;0,00 $;100,00%;319,24 $;319,24 $;0,00 $;319,24 $;0,00 $;240,00;62,50 $;512,50 $;193,26 $;0,07%;
06/05/2019;2;2443,74 $;-611,52 $;569,24 $;-1180,76 $;11,52 $;-1180,76 $;-1180,76 $;50,00%;-305,76 $;569,24 $;-1180,76 $;569,24 $;-1180,76 $;270,00;843,75 $;356,25 $;662,01 $;0,14%;
07/05/2019;1;2487,98 $;44,24 $;44,24 $;0,00 $;5,76 $;-1136,52 $;0,00 $;100,00%;44,24 $;44,24 $;0,00 $;44,24 $;0,00 $;0,00;100,00 $;62,50 $;18,26 $;0,07%;
08/05/2019;1;2419,72 $;-68,26 $;0,00 $;-68,26 $;5,76 $;-1204,78 $;-68,26 $;0,00%;-68,26 $;0,00 $;-68,26 $;0,00 $;-68,26 $;210,00;450,00 $;450,00 $;518,26 $;0,07%;
09/05/2019;1;3938,96 $;1519,24 $;1519,24 $;0,00 $;5,76 $;0,00 $;0,00 $;100,00%;1519,24 $;1519,24 $;0,00 $;1519,24 $;0,00 $;240,00;0,00 $;1925,00 $;405,76 $;0,07%;
10/05/2019;1;3958,20 $;19,24 $;19,24 $;0,00 $;5,76 $;0,00 $;0,00 $;100,00%;19,24 $;19,24 $;0,00 $;19,24 $;0,00 $;0,00;12,50 $;137,50 $;118,26 $;0,07%;
13/05/2019;1;3827,44 $;-130,76 $;0,00 $;-130,76 $;5,76 $;-130,76 $;-130,76 $;0,00%;-130,76 $;0,00 $;-130,76 $;0,00 $;-130,76 $;30,00;325,00 $;250,00 $;380,76 $;0,07%;
14/05/2019;1;3571,68 $;-255,76 $;0,00 $;-255,76 $;5,76 $;-386,52 $;-255,76 $;0,00%;-255,76 $;0,00 $;-255,76 $;0,00 $;-255,76 $;210,00;512,50 $;475,00 $;730,76 $;0,07%;
15/05/2019;1;3915,92 $;344,24 $;344,24 $;0,00 $;5,76 $;-42,28 $;0,00 $;100,00%;344,24 $;344,24 $;0,00 $;344,24 $;0,00 $;240,00;125,00 $;412,50 $;68,26 $;0,07%;
20/05/2019;1;3460,16 $;-455,76 $;0,00 $;-455,76 $;5,76 $;-498,04 $;-455,76 $;0,00%;-455,76 $;0,00 $;-455,76 $;0,00 $;-455,76 $;240,00;787,50 $;275,00 $;730,76 $;0,07%;
21/05/2019;1;3504,40 $;44,24 $;44,24 $;0,00 $;5,76 $;-453,80 $;0,00 $;100,00%;44,24 $;44,24 $;0,00 $;44,24 $;0,00 $;210,00;125,00 $;250,00 $;205,76 $;0,07%;
22/05/2019;1;3273,64 $;-230,76 $;0,00 $;-230,76 $;5,76 $;-684,56 $;-230,76 $;0,00%;-230,76 $;0,00 $;-230,76 $;0,00 $;-230,76 $;30,00;300,00 $;25,00 $;255,76 $;0,07%;
23/05/2019;1;3230,38 $;-43,26 $;0,00 $;-43,26 $;5,76 $;-727,82 $;-43,26 $;0,00%;-43,26 $;0,00 $;-43,26 $;0,00 $;-43,26 $;240,00;787,50 $;112,50 $;155,76 $;0,07%;
24/05/2019;2;3531,36 $;300,98 $;356,74 $;-55,76 $;11,52 $;-426,84 $;-55,76 $;50,00%;150,49 $;356,74 $;-55,76 $;356,74 $;-55,76 $;270,00;43,75 $;287,50 $;137,01 $;0,14%;
29/05/2019;1;3488,10 $;-43,26 $;0,00 $;-43,26 $;5,76 $;-470,10 $;-43,26 $;0,00%;-43,26 $;0,00 $;-43,26 $;0,00 $;-43,26 $;150,00;637,50 $;300,00 $;343,26 $;0,07%;
30/05/2019;1;3719,84 $;231,74 $;231,74 $;0,00 $;5,76 $;-238,36 $;0,00 $;100,00%;231,74 $;231,74 $;0,00 $;231,74 $;0,00 $;210,00;475,00 $;387,50 $;155,76 $;0,07%;
31/05/2019;1;3014,08 $;-705,76 $;0,00 $;-705,76 $;5,76 $;-944,12 $;-705,76 $;0,00%;-705,76 $;0,00 $;-705,76 $;0,00 $;-705,76 $;240,00;862,50 $;25,00 $;730,76 $;0,07%;
03/06/2019;1;1883,32 $;-1130,76 $;0,00 $;-1130,76 $;5,76 $;-2074,88 $;-1130,76 $;0,00%;-1130,76 $;0,00 $;-1130,76 $;0,00 $;-1130,76 $;240,00;1337,50 $;87,50 $;1218,26 $;0,07%;
04/06/2019;1;2365,06 $;481,74 $;481,74 $;0,00 $;5,76 $;-1593,14 $;0,00 $;100,00%;481,74 $;481,74 $;0,00 $;481,74 $;0,00 $;240,00;137,50 $;500,00 $;18,26 $;0,07%;
06/06/2019;2;2716,04 $;350,98 $;606,74 $;-255,76 $;11,52 $;-1242,16 $;-255,76 $;50,00%;175,49 $;606,74 $;-255,76 $;606,74 $;-255,76 $;270,00;400,00 $;337,50 $;162,01 $;0,14%;
07/06/2019;1;2885,28 $;169,24 $;169,24 $;0,00 $;5,76 $;-1072,92 $;0,00 $;100,00%;169,24 $;169,24 $;0,00 $;169,24 $;0,00 $;240,00;100,00 $;387,50 $;218,26 $;0,07%;
10/06/2019;1;2417,02 $;-468,26 $;0,00 $;-468,26 $;5,76 $;-1541,18 $;-468,26 $;0,00%;-468,26 $;0,00 $;-468,26 $;0,00 $;-468,26 $;240,00;625,00 $;325,00 $;793,26 $;0,07%;
11/06/2019;1;2661,26 $;244,24 $;244,24 $;0,00 $;5,76 $;-1296,94 $;0,00 $;100,00%;244,24 $;244,24 $;0,00 $;244,24 $;0,00 $;150,00;87,50 $;475,00 $;230,76 $;0,07%;
12/06/2019;1;2593,00 $;-68,26 $;0,00 $;-68,26 $;5,76 $;-1365,20 $;-68,26 $;0,00%;-68,26 $;0,00 $;-68,26 $;0,00 $;-68,26 $;240,00;262,50 $;125,00 $;193,26 $;0,07%;
13/06/2019;1;2462,24 $;-130,76 $;0,00 $;-130,76 $;5,76 $;-1495,96 $;-130,76 $;0,00%;-130,76 $;0,00 $;-130,76 $;0,00 $;-130,76 $;240,00;250,00 $;375,00 $;505,76 $;0,07%;
14/06/2019;2;2725,72 $;263,48 $;263,48 $;0,00 $;11,52 $;-1301,72 $;0,00 $;100,00%;131,74 $;131,74 $;0,00 $;194,24 $;0,00 $;240,00;100,00 $;168,75 $;37,01 $;0,14%;
18/06/2019;1;2469,96 $;-255,76 $;0,00 $;-255,76 $;5,76 $;-1488,24 $;-255,76 $;0,00%;-255,76 $;0,00 $;-255,76 $;0,00 $;-255,76 $;240,00;550,00 $;37,50 $;293,26 $;0,07%;
19/06/2019;1;2976,70 $;506,74 $;506,74 $;0,00 $;5,76 $;-981,50 $;0,00 $;100,00%;506,74 $;506,74 $;0,00 $;506,74 $;0,00 $;210,00;350,00 $;725,00 $;218,26 $;0,07%;
21/06/2019;2;2715,18 $;-261,52 $;0,00 $;-261,52 $;11,52 $;-1243,02 $;-261,52 $;0,00%;-130,76 $;0,00 $;-130,76 $;0,00 $;-143,26 $;270,00;250,00 $;75,00 $;205,76 $;0,14%;
24/06/2019;1;2534,42 $;-180,76 $;0,00 $;-180,76 $;5,76 $;-1423,78 $;-180,76 $;0,00%;-180,76 $;0,00 $;-180,76 $;0,00 $;-180,76 $;210,00;350,00 $;50,00 $;230,76 $;0,07%;
25/06/2019;1;2328,66 $;-205,76 $;0,00 $;-205,76 $;5,76 $;-1629,54 $;-205,76 $;0,00%;-205,76 $;0,00 $;-205,76 $;0,00 $;-205,76 $;30,00;350,00 $;50,00 $;255,76 $;0,07%;
27/06/2019;1;2585,40 $;256,74 $;256,74 $;0,00 $;5,76 $;-1372,80 $;0,00 $;100,00%;256,74 $;256,74 $;0,00 $;256,74 $;0,00 $;240,00;75,00 $;462,50 $;205,76 $;0,07%;
28/06/2019;1;3042,14 $;456,74 $;456,74 $;0,00 $;5,76 $;-916,06 $;0,00 $;100,00%;456,74 $;456,74 $;0,00 $;456,74 $;0,00 $;210,00;412,50 $;600,00 $;143,26 $;0,07%;
03/07/2019;1;3598,88 $;556,74 $;556,74 $;0,00 $;5,76 $;-359,32 $;0,00 $;100,00%;556,74 $;556,74 $;0,00 $;556,74 $;0,00 $;45,00;25,00 $;587,50 $;30,76 $;0,07%;
05/07/2019;1;3643,12 $;44,24 $;44,24 $;0,00 $;5,76 $;-315,08 $;0,00 $;100,00%;44,24 $;44,24 $;0,00 $;44,24 $;0,00 $;150,00;125,00 $;350,00 $;305,76 $;0,07%;
09/07/2019;1;3762,36 $;119,24 $;119,24 $;0,00 $;5,76 $;-195,84 $;0,00 $;100,00%;119,24 $;119,24 $;0,00 $;119,24 $;0,00 $;90,00;175,00 $;325,00 $;205,76 $;0,07%;
10/07/2019;1;3856,60 $;94,24 $;94,24 $;0,00 $;5,76 $;-101,60 $;0,00 $;100,00%;94,24 $;94,24 $;0,00 $;94,24 $;0,00 $;210,00;100,00 $;412,50 $;318,26 $;0,07%;
11/07/2019;1;3863,34 $;6,74 $;6,74 $;0,00 $;5,76 $;-94,86 $;0,00 $;100,00%;6,74 $;6,74 $;0,00 $;6,74 $;0,00 $;210,00;562,50 $;62,50 $;55,76 $;0,07%;
12/07/2019;1;4145,08 $;281,74 $;281,74 $;0,00 $;5,76 $;0,00 $;0,00 $;100,00%;281,74 $;281,74 $;0,00 $;281,74 $;0,00 $;210,00;37,50 $;437,50 $;155,76 $;0,07%;
16/07/2019;1;4114,32 $;-30,76 $;0,00 $;-30,76 $;5,76 $;-30,76 $;-30,76 $;0,00%;-30,76 $;0,00 $;-30,76 $;0,00 $;-30,76 $;90,00;87,50 $;275,00 $;305,76 $;0,07%;
17/07/2019;1;3808,56 $;-305,76 $;0,00 $;-305,76 $;5,76 $;-336,52 $;-305,76 $;0,00%;-305,76 $;0,00 $;-305,76 $;0,00 $;-305,76 $;240,00;312,50 $;250,00 $;555,76 $;0,07%;
18/07/2019;2;4797,04 $;988,48 $;988,48 $;0,00 $;11,52 $;0,00 $;0,00 $;100,00%;494,24 $;494,24 $;0,00 $;731,74 $;0,00 $;240,00;131,25 $;687,50 $;193,26 $;0,14%;
19/07/2019;1;4128,78 $;-668,26 $;0,00 $;-668,26 $;5,76 $;-668,26 $;-668,26 $;0,00%;-668,26 $;0,00 $;-668,26 $;0,00 $;-668,26 $;240,00;912,50 $;162,50 $;830,76 $;0,07%;
23/07/2019;1;3985,52 $;-143,26 $;0,00 $;-143,26 $;5,76 $;-811,52 $;-143,26 $;0,00%;-143,26 $;0,00 $;-143,26 $;0,00 $;-143,26 $;30,00;262,50 $;137,50 $;280,76 $;0,07%;
24/07/2019;1;4629,76 $;644,24 $;644,24 $;0,00 $;5,76 $;-167,28 $;0,00 $;100,00%;644,24 $;644,24 $;0,00 $;644,24 $;0,00 $;240,00;37,50 $;650,00 $;5,76 $;0,07%;
26/07/2019;1;4386,50 $;-243,26 $;0,00 $;-243,26 $;5,76 $;-410,54 $;-243,26 $;0,00%;-243,26 $;0,00 $;-243,26 $;0,00 $;-243,26 $;30,00;250,00 $;87,50 $;330,76 $;0,07%;
29/07/2019;1;4418,24 $;31,74 $;31,74 $;0,00 $;5,76 $;-378,80 $;0,00 $;100,00%;31,74 $;31,74 $;0,00 $;31,74 $;0,00 $;210,00;87,50 $;150,00 $;118,26 $;0,07%;
30/07/2019;1;4599,98 $;181,74 $;181,74 $;0,00 $;5,76 $;-197,06 $;0,00 $;100,00%;181,74 $;181,74 $;0,00 $;181,74 $;0,00 $;30,00;50,00 $;212,50 $;30,76 $;0,07%;
31/07/2019;1;2669,22 $;-1930,76 $;0,00 $;-1930,76 $;5,76 $;-2127,82 $;-1930,76 $;0,00%;-1930,76 $;0,00 $;-1930,76 $;0,00 $;-1930,76 $;210,00;2900,00 $;62,50 $;1993,26 $;0,07%;
01/08/2019;1;13,46 $;-2655,76 $;0,00 $;-2655,76 $;5,76 $;-4783,58 $;-2655,76 $;0,00%;-2655,76 $;0,00 $;-2655,76 $;0,00 $;-2655,76 $;240,00;3400,00 $;87,50 $;2743,26 $;0,07%;
02/08/2019;1;520,20 $;506,74 $;506,74 $;0,00 $;5,76 $;-4276,84 $;0,00 $;100,00%;506,74 $;506,74 $;0,00 $;506,74 $;0,00 $;240,00;325,00 $;612,50 $;105,76 $;0,07%;
05/08/2019;1;-1185,56 $;-1705,76 $;0,00 $;-1705,76 $;5,76 $;-5982,60 $;-1705,76 $;0,00%;-1705,76 $;0,00 $;-1705,76 $;0,00 $;-1705,76 $;240,00;2487,50 $;37,50 $;1743,26 $;0,07%;
07/08/2019;1;258,68 $;1444,24 $;1444,24 $;0,00 $;5,76 $;-4538,36 $;0,00 $;100,00%;1444,24 $;1444,24 $;0,00 $;1444,24 $;0,00 $;240,00;587,50 $;1475,00 $;30,76 $;0,07%;
08/08/2019;1;790,42 $;531,74 $;531,74 $;0,00 $;5,76 $;-4006,62 $;0,00 $;100,00%;531,74 $;531,74 $;0,00 $;531,74 $;0,00 $;240,00;50,00 $;787,50 $;255,76 $;0,07%;
09/08/2019;1;747,16 $;-43,26 $;0,00 $;-43,26 $;5,76 $;-4049,88 $;-43,26 $;0,00%;-43,26 $;0,00 $;-43,26 $;0,00 $;-43,26 $;90,00;375,00 $;412,50 $;455,76 $;0,07%;
13/08/2019;1;1191,40 $;444,24 $;444,24 $;0,00 $;5,76 $;-3605,64 $;0,00 $;100,00%;444,24 $;444,24 $;0,00 $;444,24 $;0,00 $;240,00;175,00 $;812,50 $;368,26 $;0,07%;
14/08/2019;1;435,64 $;-755,76 $;0,00 $;-755,76 $;5,76 $;-4361,40 $;-755,76 $;0,00%;-755,76 $;0,00 $;-755,76 $;0,00 $;-755,76 $;240,00;1187,50 $;225,00 $;980,76 $;0,07%;
15/08/2019;1;417,38 $;-18,26 $;0,00 $;-18,26 $;5,76 $;-4379,66 $;-18,26 $;0,00%;-18,26 $;0,00 $;-18,26 $;0,00 $;-18,26 $;240,00;1037,50 $;512,50 $;530,76 $;0,07%;
16/08/2019;1;474,12 $;56,74 $;56,74 $;0,00 $;5,76 $;-4322,92 $;0,00 $;100,00%;56,74 $;56,74 $;0,00 $;56,74 $;0,00 $;240,00;150,00 $;337,50 $;280,76 $;0,07%;
19/08/2019;1;530,86 $;56,74 $;56,74 $;0,00 $;5,76 $;-4266,18 $;0,00 $;100,00%;56,74 $;56,74 $;0,00 $;56,74 $;0,00 $;240,00;175,00 $;300,00 $;243,26 $;0,07%;
20/08/2019;1;75,10 $;-455,76 $;0,00 $;-455,76 $;5,76 $;-4721,94 $;-455,76 $;0,00%;-455,76 $;0,00 $;-455,76 $;0,00 $;-455,76 $;240,00;750,00 $;75,00 $;530,76 $;0,07%;
21/08/2019;1;369,34 $;294,24 $;294,24 $;0,00 $;5,76 $;-4427,70 $;0,00 $;100,00%;294,24 $;294,24 $;0,00 $;294,24 $;0,00 $;150,00;412,50 $;312,50 $;18,26 $;0,07%;
22/08/2019;1;413,58 $;44,24 $;44,24 $;0,00 $;5,76 $;-4383,46 $;0,00 $;100,00%;44,24 $;44,24 $;0,00 $;44,24 $;0,00 $;210,00;87,50 $;625,00 $;580,76 $;0,07%;
23/08/2019;1;-1042,18 $;-1455,76 $;0,00 $;-1455,76 $;5,76 $;-5839,22 $;-1455,76 $;0,00%;-1455,76 $;0,00 $;-1455,76 $;0,00 $;-1455,76 $;240,00;1487,50 $;125,00 $;1580,76 $;0,07%;
26/08/2019;1;-697,94 $;344,24 $;344,24 $;0,00 $;5,76 $;-5494,98 $;0,00 $;100,00%;344,24 $;344,24 $;0,00 $;344,24 $;0,00 $;210,00;587,50 $;400,00 $;55,76 $;0,07%;
27/08/2019;1;-991,20 $;-293,26 $;0,00 $;-293,26 $;5,76 $;-5788,24 $;-293,26 $;0,00%;-293,26 $;0,00 $;-293,26 $;0,00 $;-293,26 $;210,00;600,00 $;487,50 $;780,76 $;0,07%;
28/08/2019;1;-684,46 $;306,74 $;306,74 $;0,00 $;5,76 $;-5481,50 $;0,00 $;100,00%;306,74 $;306,74 $;0,00 $;306,74 $;0,00 $;210,00;200,00 $;350,00 $;43,26 $;0,07%;
30/08/2019;2;-258,48 $;425,98 $;425,98 $;0,00 $;11,52 $;-5212,26 $;0,00 $;100,00%;212,99 $;212,99 $;0,00 $;269,24 $;0,00 $;240,00;31,25 $;387,50 $;174,51 $;0,14%;
02/09/2019;1;-401,74 $;-143,26 $;0,00 $;-143,26 $;5,76 $;-5198,78 $;-143,26 $;0,00%;-143,26 $;0,00 $;-143,26 $;0,00 $;-143,26 $;0,00;162,50 $;175,00 $;318,26 $;0,07%;
03/09/2019;1;-382,50 $;19,24 $;19,24 $;0,00 $;5,76 $;-5179,54 $;0,00 $;100,00%;19,24 $;19,24 $;0,00 $;19,24 $;0,00 $;240,00;412,50 $;337,50 $;318,26 $;0,07%;
04/09/2019;1;-125,76 $;256,74 $;256,74 $;0,00 $;5,76 $;-4922,80 $;0,00 $;100,00%;256,74 $;256,74 $;0,00 $;256,74 $;0,00 $;240,00;75,00 $;350,00 $;93,26 $;0,07%;
05/09/2019;1;-269,02 $;-143,26 $;0,00 $;-143,26 $;5,76 $;-5066,06 $;-143,26 $;0,00%;-143,26 $;0,00 $;-143,26 $;0,00 $;-143,26 $;210,00;200,00 $;300,00 $;443,26 $;0,07%;
06/09/2019;1;-187,28 $;81,74 $;81,74 $;0,00 $;5,76 $;-4984,32 $;0,00 $;100,00%;81,74 $;81,74 $;0,00 $;81,74 $;0,00 $;240,00;312,50 $;187,50 $;105,76 $;0,07%;
09/09/2019;1;-555,54 $;-368,26 $;0,00 $;-368,26 $;5,76 $;-5352,58 $;-368,26 $;0,00%;-368,26 $;0,00 $;-368,26 $;0,00 $;-368,26 $;240,00;762,50 $;25,00 $;393,26 $;0,07%;
10/09/2019;1;-186,30 $;369,24 $;369,24 $;0,00 $;5,76 $;-4983,34 $;0,00 $;100,00%;369,24 $;369,24 $;0,00 $;369,24 $;0,00 $;210,00;462,50 $;387,50 $;18,26 $;0,07%;
12/09/2019;1;20,44 $;206,74 $;206,74 $;0,00 $;5,76 $;-4776,60 $;0,00 $;100,00%;206,74 $;206,74 $;0,00 $;206,74 $;0,00 $;240,00;62,50 $;475,00 $;268,26 $;0,07%;
13/09/2019;1;-197,82 $;-218,26 $;0,00 $;-218,26 $;5,76 $;-4994,86 $;-218,26 $;0,00%;-218,26 $;0,00 $;-218,26 $;0,00 $;-218,26 $;210,00;362,50 $;112,50 $;330,76 $;0,07%;
16/09/2019;2;-234,34 $;-36,52 $;119,24 $;-155,76 $;11,52 $;-5150,62 $;-155,76 $;50,00%;-18,26 $;119,24 $;-155,76 $;119,24 $;-155,76 $;270,00;256,25 $;87,50 $;105,76 $;0,14%;
17/09/2019;1;-165,10 $;69,24 $;69,24 $;0,00 $;5,76 $;-4962,14 $;0,00 $;100,00%;69,24 $;69,24 $;0,00 $;69,24 $;0,00 $;240,00;175,00 $;175,00 $;105,76 $;0,07%;
18/09/2019;1;1004,14 $;1169,24 $;1169,24 $;0,00 $;5,76 $;-3792,90 $;0,00 $;100,00%;1169,24 $;1169,24 $;0,00 $;1169,24 $;0,00 $;90,00;275,00 $;1375,00 $;205,76 $;0,07%;
23/09/2019;1;1023,38 $;19,24 $;19,24 $;0,00 $;5,76 $;-3773,66 $;0,00 $;100,00%;19,24 $;19,24 $;0,00 $;19,24 $;0,00 $;210,00;200,00 $;200,00 $;180,76 $;0,07%;
24/09/2019;2;-488,14 $;-1511,52 $;0,00 $;-1511,52 $;11,52 $;-5285,18 $;-1511,52 $;0,00%;-755,76 $;0,00 $;-755,76 $;0,00 $;-1505,76 $;270,00;956,25 $;25,00 $;780,76 $;0,14%;
25/09/2019;1;-6,40 $;481,74 $;481,74 $;0,00 $;5,76 $;-4803,44 $;0,00 $;100,00%;481,74 $;481,74 $;0,00 $;481,74 $;0,00 $;210,00;175,00 $;737,50 $;255,76 $;0,07%;
27/09/2019;1;-1637,16 $;-1630,76 $;0,00 $;-1630,76 $;5,76 $;-6434,20 $;-1630,76 $;0,00%;-1630,76 $;0,00 $;-1630,76 $;0,00 $;-1630,76 $;240,00;1937,50 $;62,50 $;1693,26 $;0,07%;
30/09/2019;1;-1630,42 $;6,74 $;6,74 $;0,00 $;5,76 $;-6427,46 $;0,00 $;100,00%;6,74 $;6,74 $;0,00 $;6,74 $;0,00 $;240,00;100,00 $;262,50 $;255,76 $;0,07%;
01/10/2019;1;-2236,18 $;-605,76 $;0,00 $;-605,76 $;5,76 $;-7033,22 $;-605,76 $;0,00%;-605,76 $;0,00 $;-605,76 $;0,00 $;-605,76 $;210,00;675,00 $;200,00 $;805,76 $;0,07%;
02/10/2019;1;-2141,94 $;94,24 $;94,24 $;0,00 $;5,76 $;-6938,98 $;0,00 $;100,00%;94,24 $;94,24 $;0,00 $;94,24 $;0,00 $;240,00;787,50 $;375,00 $;280,76 $;0,07%;
03/10/2019;1;-1647,70 $;494,24 $;494,24 $;0,00 $;5,76 $;-6444,74 $;0,00 $;100,00%;494,24 $;494,24 $;0,00 $;494,24 $;0,00 $;240,00;325,00 $;837,50 $;343,26 $;0,07%;
07/10/2019;1;-1828,46 $;-180,76 $;0,00 $;-180,76 $;5,76 $;-6625,50 $;-180,76 $;0,00%;-180,76 $;0,00 $;-180,76 $;0,00 $;-180,76 $;240,00;562,50 $;475,00 $;655,76 $;0,07%;
08/10/2019;1;-2821,72 $;-993,26 $;0,00 $;-993,26 $;5,76 $;-7618,76 $;-993,26 $;0,00%;-993,26 $;0,00 $;-993,26 $;0,00 $;-993,26 $;150,00;1137,50 $;575,00 $;1568,26 $;0,07%;
10/10/2019;1;-3152,48 $;-330,76 $;0,00 $;-330,76 $;5,76 $;-7949,52 $;-330,76 $;0,00%;-330,76 $;0,00 $;-330,76 $;0,00 $;-330,76 $;240,00;962,50 $;100,00 $;430,76 $;0,07%;
11/10/2019;1;-3720,74 $;-568,26 $;0,00 $;-568,26 $;5,76 $;-8517,78 $;-568,26 $;0,00%;-568,26 $;0,00 $;-568,26 $;0,00 $;-568,26 $;210,00;875,00 $;575,00 $;1143,26 $;0,07%;
14/10/2019;1;-3801,50 $;-80,76 $;0,00 $;-80,76 $;5,76 $;-8598,54 $;-80,76 $;0,00%;-80,76 $;0,00 $;-80,76 $;0,00 $;-80,76 $;210,00;175,00 $;212,50 $;293,26 $;0,07%;
15/10/2019;1;-3719,76 $;81,74 $;81,74 $;0,00 $;5,76 $;-8516,80 $;0,00 $;100,00%;81,74 $;81,74 $;0,00 $;81,74 $;0,00 $;240,00;187,50 $;237,50 $;155,76 $;0,07%;
16/10/2019;1;-3950,52 $;-230,76 $;0,00 $;-230,76 $;5,76 $;-8747,56 $;-230,76 $;0,00%;-230,76 $;0,00 $;-230,76 $;0,00 $;-230,76 $;240,00;375,00 $;162,50 $;393,26 $;0,07%;
18/10/2019;1;-4106,28 $;-155,76 $;0,00 $;-155,76 $;5,76 $;-8903,32 $;-155,76 $;0,00%;-155,76 $;0,00 $;-155,76 $;0,00 $;-155,76 $;90,00;375,00 $;112,50 $;268,26 $;0,07%;
21/10/2019;1;-3937,04 $;169,24 $;169,24 $;0,00 $;5,76 $;-8734,08 $;0,00 $;100,00%;169,24 $;169,24 $;0,00 $;169,24 $;0,00 $;150,00;100,00 $;225,00 $;55,76 $;0,07%;
22/10/2019;1;-4992,80 $;-1055,76 $;0,00 $;-1055,76 $;5,76 $;-9789,84 $;-1055,76 $;0,00%;-1055,76 $;0,00 $;-1055,76 $;0,00 $;-1055,76 $;150,00;1150,00 $;87,50 $;1143,26 $;0,07%;
23/10/2019;1;-4623,56 $;369,24 $;369,24 $;0,00 $;5,76 $;-9420,60 $;0,00 $;100,00%;369,24 $;369,24 $;0,00 $;369,24 $;0,00 $;210,00;262,50 $;412,50 $;43,26 $;0,07%;
25/10/2019;1;-4816,82 $;-193,26 $;0,00 $;-193,26 $;5,76 $;-9613,86 $;-193,26 $;0,00%;-193,26 $;0,00 $;-193,26 $;0,00 $;-193,26 $;210,00;350,00 $;25,00 $;218,26 $;0,07%;
28/10/2019;1;-4635,08 $;181,74 $;181,74 $;0,00 $;5,76 $;-9432,12 $;0,00 $;100,00%;181,74 $;181,74 $;0,00 $;181,74 $;0,00 $;240,00;125,00 $;200,00 $;18,26 $;0,07%;
29/10/2019;1;-4915,84 $;-280,76 $;0,00 $;-280,76 $;5,76 $;-9712,88 $;-280,76 $;0,00%;-280,76 $;0,00 $;-280,76 $;0,00 $;-280,76 $;240,00;400,00 $;125,00 $;405,76 $;0,07%;
30/10/2019;2;-4114,86 $;800,98 $;800,98 $;0,00 $;11,52 $;-9043,64 $;0,00 $;100,00%;400,49 $;400,49 $;0,00 $;669,24 $;0,00 $;240,00;168,75 $;618,75 $;218,26 $;0,14%;
01/11/2019;1;-3983,12 $;131,74 $;131,74 $;0,00 $;5,76 $;-8780,16 $;0,00 $;100,00%;131,74 $;131,74 $;0,00 $;131,74 $;0,00 $;240,00;212,50 $;275,00 $;143,26 $;0,07%;
05/11/2019;1;-3951,38 $;31,74 $;31,74 $;0,00 $;5,76 $;-8748,42 $;0,00 $;100,00%;31,74 $;31,74 $;0,00 $;31,74 $;0,00 $;210,00;50,00 $;350,00 $;318,26 $;0,07%;
06/11/2019;1;-3769,64 $;181,74 $;181,74 $;0,00 $;5,76 $;-8566,68 $;0,00 $;100,00%;181,74 $;181,74 $;0,00 $;181,74 $;0,00 $;30,00;100,00 $;250,00 $;68,26 $;0,07%;
07/11/2019;1;-4237,90 $;-468,26 $;0,00 $;-468,26 $;5,76 $;-9034,94 $;-468,26 $;0,00%;-468,26 $;0,00 $;-468,26 $;0,00 $;-468,26 $;240,00;650,00 $;262,50 $;730,76 $;0,07%;
08/11/2019;1;-3881,16 $;356,74 $;356,74 $;0,00 $;5,76 $;-8678,20 $;0,00 $;100,00%;356,74 $;356,74 $;0,00 $;356,74 $;0,00 $;240,00;25,00 $;362,50 $;5,76 $;0,07%;
11/11/2019;1;-3811,92 $;69,24 $;69,24 $;0,00 $;5,76 $;-8608,96 $;0,00 $;100,00%;69,24 $;69,24 $;0,00 $;69,24 $;0,00 $;90,00;150,00 $;100,00 $;30,76 $;0,07%;
12/11/2019;1;-3942,68 $;-130,76 $;0,00 $;-130,76 $;5,76 $;-8739,72 $;-130,76 $;0,00%;-130,76 $;0,00 $;-130,76 $;0,00 $;-130,76 $;210,00;562,50 $;175,00 $;305,76 $;0,07%;
13/11/2019;2;-3679,20 $;263,48 $;263,48 $;0,00 $;11,52 $;-8495,48 $;0,00 $;100,00%;131,74 $;131,74 $;0,00 $;244,24 $;0,00 $;240,00;87,50 $;231,25 $;99,51 $;0,14%;
14/11/2019;1;-3659,96 $;19,24 $;19,24 $;0,00 $;5,76 $;-8457,00 $;0,00 $;100,00%;19,24 $;19,24 $;0,00 $;19,24 $;0,00 $;0,00;12,50 $;50,00 $;30,76 $;0,07%;
15/11/2019;1;-3728,22 $;-68,26 $;0,00 $;-68,26 $;5,76 $;-8525,26 $;-68,26 $;0,00%;-68,26 $;0,00 $;-68,26 $;0,00 $;-68,26 $;240,00;162,50 $;100,00 $;168,26 $;0,07%;
18/11/2019;1;-3258,98 $;469,24 $;469,24 $;0,00 $;5,76 $;-8056,02 $;0,00 $;100,00%;469,24 $;469,24 $;0,00 $;469,24 $;0,00 $;240,00;37,50 $;525,00 $;55,76 $;0,07%;
19/11/2019;1;-3402,24 $;-143,26 $;0,00 $;-143,26 $;5,76 $;-8199,28 $;-143,26 $;0,00%;-143,26 $;0,00 $;-143,26 $;0,00 $;-143,26 $;210,00;187,50 $;200,00 $;343,26 $;0,07%;
20/11/2019;2;-3601,26 $;-199,02 $;306,74 $;-505,76 $;11,52 $;-8705,04 $;-505,76 $;50,00%;-99,51 $;306,74 $;-505,76 $;306,74 $;-505,76 $;330,00;606,25 $;293,75 $;393,26 $;0,14%;
25/11/2019;1;-3432,02 $;169,24 $;169,24 $;0,00 $;5,76 $;-8229,06 $;0,00 $;100,00%;169,24 $;169,24 $;0,00 $;169,24 $;0,00 $;240,00;75,00 $;175,00 $;5,76 $;0,07%;
26/11/2019;1;-3275,28 $;156,74 $;156,74 $;0,00 $;5,76 $;-8072,32 $;0,00 $;100,00%;156,74 $;156,74 $;0,00 $;156,74 $;0,00 $;210,00;325,00 $;187,50 $;30,76 $;0,07%;
29/11/2019;1;-3393,54 $;-118,26 $;0,00 $;-118,26 $;5,76 $;-8190,58 $;-118,26 $;0,00%;-118,26 $;0,00 $;-118,26 $;0,00 $;-118,26 $;45,00;325,00 $;62,50 $;180,76 $;0,07%;
02/12/2019;1;-3361,80 $;31,74 $;31,74 $;0,00 $;5,76 $;-8158,84 $;0,00 $;100,00%;31,74 $;31,74 $;0,00 $;31,74 $;0,00 $;240,00;225,00 $;450,00 $;418,26 $;0,07%;
04/12/2019;1;-3105,06 $;256,74 $;256,74 $;0,00 $;5,76 $;-7902,10 $;0,00 $;100,00%;256,74 $;256,74 $;0,00 $;256,74 $;0,00 $;240,00;62,50 $;275,00 $;18,26 $;0,07%;
05/12/2019;1;-2760,82 $;344,24 $;344,24 $;0,00 $;5,76 $;-7557,86 $;0,00 $;100,00%;344,24 $;344,24 $;0,00 $;344,24 $;0,00 $;210,00;112,50 $;462,50 $;118,26 $;0,07%;
06/12/2019;1;-2941,58 $;-180,76 $;0,00 $;-180,76 $;5,76 $;-7738,62 $;-180,76 $;0,00%;-180,76 $;0,00 $;-180,76 $;0,00 $;-180,76 $;210,00;262,50 $;75,00 $;255,76 $;0,07%;
09/12/2019;1;-3159,84 $;-218,26 $;0,00 $;-218,26 $;5,76 $;-7956,88 $;-218,26 $;0,00%;-218,26 $;0,00 $;-218,26 $;0,00 $;-218,26 $;240,00;437,50 $;0,00 $;218,26 $;0,07%;
10/12/2019;1;-3065,60 $;94,24 $;94,24 $;0,00 $;5,76 $;-7862,64 $;0,00 $;100,00%;94,24 $;94,24 $;0,00 $;94,24 $;0,00 $;210,00;312,50 $;262,50 $;168,26 $;0,07%;
11/12/2019;2;-2777,12 $;288,48 $;288,48 $;0,00 $;11,52 $;-7643,40 $;0,00 $;100,00%;144,24 $;144,24 $;0,00 $;219,24 $;0,00 $;240,00;93,75 $;231,25 $;87,01 $;0,14%;
12/12/2019;2;-2351,14 $;425,98 $;425,98 $;0,00 $;11,52 $;-7204,92 $;0,00 $;100,00%;212,99 $;212,99 $;0,00 $;369,24 $;0,00 $;240,00;293,75 $;293,75 $;80,76 $;0,14%;
13/12/2019;1;-1819,40 $;531,74 $;531,74 $;0,00 $;5,76 $;-6616,44 $;0,00 $;100,00%;531,74 $;531,74 $;0,00 $;531,74 $;0,00 $;240,00;25,00 $;750,00 $;218,26 $;0,07%;
17/12/2019;1;-1775,16 $;44,24 $;44,24 $;0,00 $;5,76 $;-6572,20 $;0,00 $;100,00%;44,24 $;44,24 $;0,00 $;44,24 $;0,00 $;240,00;87,50 $;162,50 $;118,26 $;0,07%;
18/12/2019;1;-1868,42 $;-93,26 $;0,00 $;-93,26 $;5,76 $;-6665,46 $;-93,26 $;0,00%;-93,26 $;0,00 $;-93,26 $;0,00 $;-93,26 $;240,00;200,00 $;25,00 $;118,26 $;0,07%;
19/12/2019;1;-1774,18 $;94,24 $;94,24 $;0,00 $;5,76 $;-6571,22 $;0,00 $;100,00%;94,24 $;94,24 $;0,00 $;94,24 $;0,00 $;240,00;50,00 $;262,50 $;168,26 $;0,07%;
20/12/2019;1;-1892,44 $;-118,26 $;0,00 $;-118,26 $;5,76 $;-6689,48 $;-118,26 $;0,00%;-118,26 $;0,00 $;-118,26 $;0,00 $;-118,26 $;150,00;200,00 $;137,50 $;255,76 $;0,07%;
23/12/2019;1;-2010,70 $;-118,26 $;0,00 $;-118,26 $;5,76 $;-6807,74 $;-118,26 $;0,00%;-118,26 $;0,00 $;-118,26 $;0,00 $;-118,26 $;240,00;200,00 $;25,00 $;143,26 $;0,07%;
24/12/2019;1;-1978,96 $;31,74 $;31,74 $;0,00 $;5,76 $;-6776,00 $;0,00 $;100,00%;31,74 $;31,74 $;0,00 $;31,74 $;0,00 $;45,00;87,50 $;62,50 $;30,76 $;0,07%;
26/12/2019;1;-2034,72 $;-55,76 $;0,00 $;-55,76 $;5,76 $;-6831,76 $;-55,76 $;0,00%;-55,76 $;0,00 $;-55,76 $;0,00 $;-55,76 $;240,00;162,50 $;87,50 $;143,26 $;0,07%;
27/12/2019;1;-2215,48 $;-180,76 $;0,00 $;-180,76 $;5,76 $;-7012,52 $;-180,76 $;0,00%;-180,76 $;0,00 $;-180,76 $;0,00 $;-180,76 $;240,00;250,00 $;62,50 $;243,26 $;0,07%;
30/12/2019;1;-2583,74 $;-368,26 $;0,00 $;-368,26 $;5,76 $;-7380,78 $;-368,26 $;0,00%;-368,26 $;0,00 $;-368,26 $;0,00 $;-368,26 $;210,00;587,50 $;87,50 $;455,76 $;0,07%;
31/12/2019;1;-2164,50 $;419,24 $;419,24 $;0,00 $;5,76 $;-6961,54 $;0,00 $;100,00%;419,24 $;419,24 $;0,00 $;419,24 $;0,00 $;240,00;112,50 $;437,50 $;18,26 $;0,07%;
02/01/2020;2;-1701,02 $;463,48 $;463,48 $;0,00 $;11,52 $;-6604,80 $;0,00 $;100,00%;231,74 $;231,74 $;0,00 $;356,74 $;0,00 $;240,00;175,00 $;256,25 $;24,51 $;0,14%;
03/01/2020;1;-1619,28 $;81,74 $;81,74 $;0,00 $;5,76 $;-6416,32 $;0,00 $;100,00%;81,74 $;81,74 $;0,00 $;81,74 $;0,00 $;240,00;162,50 $;500,00 $;418,26 $;0,07%;
06/01/2020;1;-1687,54 $;-68,26 $;0,00 $;-68,26 $;5,76 $;-6484,58 $;-68,26 $;0,00%;-68,26 $;0,00 $;-68,26 $;0,00 $;-68,26 $;0,00;87,50 $;25,00 $;93,26 $;0,07%;
07/01/2020;1;-2030,80 $;-343,26 $;0,00 $;-343,26 $;5,76 $;-6827,84 $;-343,26 $;0,00%;-343,26 $;0,00 $;-343,26 $;0,00 $;-343,26 $;150,00;687,50 $;162,50 $;505,76 $;0,07%;
08/01/2020;1;-1299,06 $;731,74 $;731,74 $;0,00 $;5,76 $;-6096,10 $;0,00 $;100,00%;731,74 $;731,74 $;0,00 $;731,74 $;0,00 $;240,00;275,00 $;912,50 $;180,76 $;0,07%;
10/01/2020;1;-1767,32 $;-468,26 $;0,00 $;-468,26 $;5,76 $;-6564,36 $;-468,26 $;0,00%;-468,26 $;0,00 $;-468,26 $;0,00 $;-468,26 $;240,00;537,50 $;50,00 $;518,26 $;0,07%;
13/01/2020;1;-1548,08 $;219,24 $;219,24 $;0,00 $;5,76 $;-6345,12 $;0,00 $;100,00%;219,24 $;219,24 $;0,00 $;219,24 $;0,00 $;240,00;75,00 $;350,00 $;130,76 $;0,07%;
14/01/2020;1;-1666,34 $;-118,26 $;0,00 $;-118,26 $;5,76 $;-6463,38 $;-118,26 $;0,00%;-118,26 $;0,00 $;-118,26 $;0,00 $;-118,26 $;210,00;612,50 $;275,00 $;393,26 $;0,07%;
15/01/2020;1;-1747,10 $;-80,76 $;0,00 $;-80,76 $;5,76 $;-6544,14 $;-80,76 $;0,00%;-80,76 $;0,00 $;-80,76 $;0,00 $;-80,76 $;210,00;687,50 $;87,50 $;168,26 $;0,07%;
20/01/2020;1;-1665,36 $;81,74 $;81,74 $;0,00 $;5,76 $;-6462,40 $;0,00 $;100,00%;81,74 $;81,74 $;0,00 $;81,74 $;0,00 $;30,00;0,00 $;112,50 $;30,76 $;0,07%;
24/01/2020;1;-1921,12 $;-255,76 $;0,00 $;-255,76 $;5,76 $;-6718,16 $;-255,76 $;0,00%;-255,76 $;0,00 $;-255,76 $;0,00 $;-255,76 $;210,00;900,00 $;375,00 $;630,76 $;0,07%;
27/01/2020;1;-1714,38 $;206,74 $;206,74 $;0,00 $;5,76 $;-6511,42 $;0,00 $;100,00%;206,74 $;206,74 $;0,00 $;206,74 $;0,00 $;240,00;150,00 $;662,50 $;455,76 $;0,07%;
28/01/2020;1;-1382,64 $;331,74 $;331,74 $;0,00 $;5,76 $;-6179,68 $;0,00 $;100,00%;331,74 $;331,74 $;0,00 $;331,74 $;0,00 $;240,00;187,50 $;425,00 $;93,26 $;0,07%;
29/01/2020;2;-1444,16 $;-61,52 $;444,24 $;-505,76 $;11,52 $;-6241,20 $;-505,76 $;50,00%;-30,76 $;444,24 $;-505,76 $;444,24 $;-505,76 $;330,00;431,25 $;387,50 $;418,26 $;0,14%;
30/01/2020;1;550,08 $;1994,24 $;1994,24 $;0,00 $;5,76 $;-4246,96 $;0,00 $;100,00%;1994,24 $;1994,24 $;0,00 $;1994,24 $;0,00 $;210,00;350,00 $;2050,00 $;55,76 $;0,07%;
31/01/2020;1;-30,68 $;-580,76 $;0,00 $;-580,76 $;5,76 $;-4827,72 $;-580,76 $;0,00%;-580,76 $;0,00 $;-580,76 $;0,00 $;-580,76 $;210,00;1337,50 $;0,00 $;580,76 $;0,07%;
04/02/2020;1;-248,94 $;-218,26 $;0,00 $;-218,26 $;5,76 $;-5045,98 $;-218,26 $;0,00%;-218,26 $;0,00 $;-218,26 $;0,00 $;-218,26 $;210,00;475,00 $;87,50 $;305,76 $;0,07%;
06/02/2020;1;-267,20 $;-18,26 $;0,00 $;-18,26 $;5,76 $;-5064,24 $;-18,26 $;0,00%;-18,26 $;0,00 $;-18,26 $;0,00 $;-18,26 $;210,00;300,00 $;50,00 $;68,26 $;0,07%;
07/02/2020;1;-810,46 $;-543,26 $;0,00 $;-543,26 $;5,76 $;-5607,50 $;-543,26 $;0,00%;-543,26 $;0,00 $;-543,26 $;0,00 $;-543,26 $;240,00;850,00 $;175,00 $;718,26 $;0,07%;
10/02/2020;1;-466,22 $;344,24 $;344,24 $;0,00 $;5,76 $;-5263,26 $;0,00 $;100,00%;344,24 $;344,24 $;0,00 $;344,24 $;0,00 $;240,00;287,50 $;375,00 $;30,76 $;0,07%;
11/02/2020;1;-959,48 $;-493,26 $;0,00 $;-493,26 $;5,76 $;-5756,52 $;-493,26 $;0,00%;-493,26 $;0,00 $;-493,26 $;0,00 $;-493,26 $;240,00;775,00 $;100,00 $;593,26 $;0,07%;
12/02/2020;1;-690,24 $;269,24 $;269,24 $;0,00 $;5,76 $;-5487,28 $;0,00 $;100,00%;269,24 $;269,24 $;0,00 $;269,24 $;0,00 $;210,00;262,50 $;300,00 $;30,76 $;0,07%;
13/02/2020;1;-671,00 $;19,24 $;19,24 $;0,00 $;5,76 $;-5468,04 $;0,00 $;100,00%;19,24 $;19,24 $;0,00 $;19,24 $;0,00 $;240,00;175,00 $;375,00 $;355,76 $;0,07%;
17/02/2020;1;-664,26 $;6,74 $;6,74 $;0,00 $;5,76 $;-5461,30 $;0,00 $;100,00%;6,74 $;6,74 $;0,00 $;6,74 $;0,00 $;0,00;0,00 $;75,00 $;68,26 $;0,07%;
18/02/2020;1;54,98 $;719,24 $;719,24 $;0,00 $;5,76 $;-4742,06 $;0,00 $;100,00%;719,24 $;719,24 $;0,00 $;719,24 $;0,00 $;240,00;112,50 $;875,00 $;155,76 $;0,07%;
19/02/2020;1;-138,28 $;-193,26 $;0,00 $;-193,26 $;5,76 $;-4935,32 $;-193,26 $;0,00%;-193,26 $;0,00 $;-193,26 $;0,00 $;-193,26 $;210,00;250,00 $;175,00 $;368,26 $;0,07%;
20/02/2020;1;280,96 $;419,24 $;419,24 $;0,00 $;5,76 $;-4516,08 $;0,00 $;100,00%;419,24 $;419,24 $;0,00 $;419,24 $;0,00 $;240,00;1137,50 $;587,50 $;168,26 $;0,07%;
21/02/2020;1;-362,30 $;-643,26 $;0,00 $;-643,26 $;5,76 $;-5159,34 $;-643,26 $;0,00%;-643,26 $;0,00 $;-643,26 $;0,00 $;-643,26 $;240,00;837,50 $;275,00 $;918,26 $;0,07%;
24/02/2020;1;-505,56 $;-143,26 $;0,00 $;-143,26 $;5,76 $;-5302,60 $;-143,26 $;0,00%;-143,26 $;0,00 $;-143,26 $;0,00 $;-143,26 $;240,00;1537,50 $;437,50 $;580,76 $;0,07%;
25/02/2020;1;-3336,32 $;-2830,76 $;0,00 $;-2830,76 $;5,76 $;-8133,36 $;-2830,76 $;0,00%;-2830,76 $;0,00 $;-2830,76 $;0,00 $;-2830,76 $;240,00;3362,50 $;487,50 $;3318,26 $;0,07%;
26/02/2020;1;-6079,58 $;-2743,26 $;0,00 $;-2743,26 $;5,76 $;-10876,62 $;-2743,26 $;0,00%;-2743,26 $;0,00 $;-2743,26 $;0,00 $;-2743,26 $;240,00;3437,50 $;0,00 $;2743,26 $;0,07%;
27/02/2020;1;-7522,84 $;-1443,26 $;0,00 $;-1443,26 $;5,76 $;-12319,88 $;-1443,26 $;0,00%;-1443,26 $;0,00 $;-1443,26 $;0,00 $;-1443,26 $;240,00;1475,00 $;2275,00 $;3718,26 $;0,07%;
28/02/2020;1;-6728,60 $;794,24 $;794,24 $;0,00 $;5,76 $;-11525,64 $;0,00 $;100,00%;794,24 $;794,24 $;0,00 $;794,24 $;0,00 $;0,00;25,00 $;1200,00 $;405,76 $;0,07%;
03/03/2020;1;-6359,36 $;369,24 $;369,24 $;0,00 $;5,76 $;-11156,40 $;0,00 $;100,00%;369,24 $;369,24 $;0,00 $;369,24 $;0,00 $;240,00;2900,00 $;2500,00 $;2130,76 $;0,07%;
05/03/2020;1;-10040,12 $;-3680,76 $;0,00 $;-3680,76 $;5,76 $;-14837,16 $;-3680,76 $;0,00%;-3680,76 $;0,00 $;-3680,76 $;0,00 $;-3680,76 $;240,00;4012,50 $;137,50 $;3818,26 $;0,07%;
06/03/2020;2;-11551,64 $;-1511,52 $;0,00 $;-1511,52 $;11,52 $;-16348,68 $;-1511,52 $;0,00%;-755,76 $;0,00 $;-755,76 $;0,00 $;-1493,26 $;330,00;1087,50 $;437,50 $;1193,26 $;0,14%;
09/03/2020;1;-13194,90 $;-1643,26 $;0,00 $;-1643,26 $;5,76 $;-17991,94 $;-1643,26 $;0,00%;-1643,26 $;0,00 $;-1643,26 $;0,00 $;-1643,26 $;240,00;3862,50 $;1562,50 $;3205,76 $;0,07%;
11/03/2020;1;-15663,16 $;-2468,26 $;0,00 $;-2468,26 $;5,76 $;-20460,20 $;-2468,26 $;0,00%;-2468,26 $;0,00 $;-2468,26 $;0,00 $;-2468,26 $;240,00;2625,00 $;962,50 $;3430,76 $;0,07%;
12/03/2020;1;-19468,92 $;-3805,76 $;0,00 $;-3805,76 $;5,76 $;-24265,96 $;-3805,76 $;0,00%;-3805,76 $;0,00 $;-3805,76 $;0,00 $;-3805,76 $;90,00;4175,00 $;1275,00 $;5080,76 $;0,07%;
16/03/2020;1;-24387,18 $;-4918,26 $;0,00 $;-4918,26 $;5,76 $;-29184,22 $;-4918,26 $;0,00%;-4918,26 $;0,00 $;-4918,26 $;0,00 $;-4918,26 $;240,00;5687,50 $;312,50 $;5230,76 $;0,07%;
17/03/2020;1;-23830,44 $;556,74 $;556,74 $;0,00 $;5,76 $;-28627,48 $;0,00 $;100,00%;556,74 $;556,74 $;0,00 $;556,74 $;0,00 $;30,00;250,00 $;3662,50 $;3105,76 $;0,07%;
18/03/2020;1;-18498,70 $;5331,74 $;5331,74 $;0,00 $;5,76 $;-23295,74 $;0,00 $;100,00%;5331,74 $;5331,74 $;0,00 $;5331,74 $;0,00 $;30,00;450,00 $;5725,00 $;393,26 $;0,07%;
19/03/2020;1;-18941,96 $;-443,26 $;0,00 $;-443,26 $;5,76 $;-23739,00 $;-443,26 $;0,00%;-443,26 $;0,00 $;-443,26 $;0,00 $;-443,26 $;240,00;3037,50 $;1237,50 $;1680,76 $;0,07%;
20/03/2020;1;-21685,22 $;-2743,26 $;0,00 $;-2743,26 $;5,76 $;-26482,26 $;-2743,26 $;0,00%;-2743,26 $;0,00 $;-2743,26 $;0,00 $;-2743,26 $;240,00;4500,00 $;725,00 $;3468,26 $;0,07%;
23/03/2020;1;-22165,98 $;-480,76 $;0,00 $;-480,76 $;5,76 $;-26963,02 $;-480,76 $;0,00%;-480,76 $;0,00 $;-480,76 $;0,00 $;-480,76 $;240,00;1225,00 $;4337,50 $;4818,26 $;0,07%;
24/03/2020;1;-21484,24 $;681,74 $;681,74 $;0,00 $;5,76 $;-26281,28 $;0,00 $;100,00%;681,74 $;681,74 $;0,00 $;681,74 $;0,00 $;210,00;3675,00 $;1037,50 $;355,76 $;0,07%;
25/03/2020;1;-24815,00 $;-3330,76 $;0,00 $;-3330,76 $;5,76 $;-29612,04 $;-3330,76 $;0,00%;-3330,76 $;0,00 $;-3330,76 $;0,00 $;-3330,76 $;150,00;3975,00 $;1350,00 $;4680,76 $;0,07%;
26/03/2020;2;-23489,02 $;1325,98 $;1325,98 $;0,00 $;11,52 $;-28967,80 $;0,00 $;100,00%;662,99 $;662,99 $;0,00 $;681,74 $;0,00 $;240,00;681,25 $;831,25 $;168,26 $;0,14%;
27/03/2020;1;-20794,78 $;2694,24 $;2694,24 $;0,00 $;5,76 $;-25591,82 $;0,00 $;100,00%;2694,24 $;2694,24 $;0,00 $;2694,24 $;0,00 $;240,00;1137,50 $;3237,50 $;543,26 $;0,07%;
30/03/2020;1;-19913,04 $;881,74 $;881,74 $;0,00 $;5,76 $;-24710,08 $;0,00 $;100,00%;881,74 $;881,74 $;0,00 $;881,74 $;0,00 $;150,00;925,00 $;1325,00 $;443,26 $;0,07%;
31/03/2020;2;-22949,56 $;-3036,52 $;44,24 $;-3080,76 $;11,52 $;-27790,84 $;-3080,76 $;50,00%;-1518,26 $;44,24 $;-3080,76 $;44,24 $;-3080,76 $;270,00;1812,50 $;275,00 $;1793,26 $;0,14%;
01/04/2020;1;-23967,82 $;-1018,26 $;0,00 $;-1018,26 $;5,76 $;-28764,86 $;-1018,26 $;0,00%;-1018,26 $;0,00 $;-1018,26 $;0,00 $;-1018,26 $;210,00;1725,00 $;700,00 $;1718,26 $;0,07%;
02/04/2020;1;-23711,08 $;256,74 $;256,74 $;0,00 $;5,76 $;-28508,12 $;0,00 $;100,00%;256,74 $;256,74 $;0,00 $;256,74 $;0,00 $;240,00;1600,00 $;1387,50 $;1130,76 $;0,07%;
06/04/2020;1;-22304,34 $;1406,74 $;1406,74 $;0,00 $;5,76 $;-27101,38 $;0,00 $;100,00%;1406,74 $;1406,74 $;0,00 $;1406,74 $;0,00 $;240,00;237,50 $;1487,50 $;80,76 $;0,07%;
07/04/2020;1;-26460,10 $;-4155,76 $;0,00 $;-4155,76 $;5,76 $;-31257,14 $;-4155,76 $;0,00%;-4155,76 $;0,00 $;-4155,76 $;0,00 $;-4155,76 $;150,00;4275,00 $;37,50 $;4193,26 $;0,07%;
08/04/2020;1;-24803,36 $;1656,74 $;1656,74 $;0,00 $;5,76 $;-29600,40 $;0,00 $;100,00%;1656,74 $;1656,74 $;0,00 $;1656,74 $;0,00 $;240,00;237,50 $;1937,50 $;280,76 $;0,07%;
09/04/2020;2;-24602,38 $;200,98 $;356,74 $;-155,76 $;11,52 $;-29756,16 $;-155,76 $;50,00%;100,49 $;356,74 $;-155,76 $;356,74 $;-155,76 $;240,00;806,25 $;868,75 $;768,26 $;0,14%;
13/04/2020;1;-23870,64 $;731,74 $;731,74 $;0,00 $;5,76 $;-28667,68 $;0,00 $;100,00%;731,74 $;731,74 $;0,00 $;731,74 $;0,00 $;30,00;150,00 $;975,00 $;243,26 $;0,07%;
14/04/2020;1;-22426,40 $;1444,24 $;1444,24 $;0,00 $;5,76 $;-27223,44 $;0,00 $;100,00%;1444,24 $;1444,24 $;0,00 $;1444,24 $;0,00 $;240,00;12,50 $;1775,00 $;330,76 $;0,07%;
15/04/2020;1;-21657,16 $;769,24 $;769,24 $;0,00 $;5,76 $;-26454,20 $;0,00 $;100,00%;769,24 $;769,24 $;0,00 $;769,24 $;0,00 $;240,00;375,00 $;1550,00 $;780,76 $;0,07%;
16/04/2020;1;-21725,42 $;-68,26 $;0,00 $;-68,26 $;5,76 $;-26522,46 $;-68,26 $;0,00%;-68,26 $;0,00 $;-68,26 $;0,00 $;-68,26 $;240,00;1575,00 $;550,00 $;618,26 $;0,07%;
17/04/2020;1;-21881,18 $;-155,76 $;0,00 $;-155,76 $;5,76 $;-26678,22 $;-155,76 $;0,00%;-155,76 $;0,00 $;-155,76 $;0,00 $;-155,76 $;240,00;700,00 $;512,50 $;668,26 $;0,07%;
20/04/2020;1;-23324,44 $;-1443,26 $;0,00 $;-1443,26 $;5,76 $;-28121,48 $;-1443,26 $;0,00%;-1443,26 $;0,00 $;-1443,26 $;0,00 $;-1443,26 $;240,00;2000,00 $;500,00 $;1943,26 $;0,07%;
21/04/2020;1;-22617,70 $;706,74 $;706,74 $;0,00 $;5,76 $;-27414,74 $;0,00 $;100,00%;706,74 $;706,74 $;0,00 $;706,74 $;0,00 $;240,00;412,50 $;1425,00 $;718,26 $;0,07%;
23/04/2020;1;-24298,46 $;-1680,76 $;0,00 $;-1680,76 $;5,76 $;-29095,50 $;-1680,76 $;0,00%;-1680,76 $;0,00 $;-1680,76 $;0,00 $;-1680,76 $;240,00;2275,00 $;25,00 $;1705,76 $;0,07%;
27/04/2020;1;-24104,22 $;194,24 $;194,24 $;0,00 $;5,76 $;-28901,26 $;0,00 $;100,00%;194,24 $;194,24 $;0,00 $;194,24 $;0,00 $;210,00;300,00 $;800,00 $;605,76 $;0,07%;
28/04/2020;1;-23897,48 $;206,74 $;206,74 $;0,00 $;5,76 $;-28694,52 $;0,00 $;100,00%;206,74 $;206,74 $;0,00 $;206,74 $;0,00 $;210,00;512,50 $;950,00 $;743,26 $;0,07%;
29/04/2020;1;-23415,74 $;481,74 $;481,74 $;0,00 $;5,76 $;-28212,78 $;0,00 $;100,00%;481,74 $;481,74 $;0,00 $;481,74 $;0,00 $;210,00;550,00 $;650,00 $;168,26 $;0,07%;
30/04/2020;1;-23534,00 $;-118,26 $;0,00 $;-118,26 $;5,76 $;-28331,04 $;-118,26 $;0,00%;-118,26 $;0,00 $;-118,26 $;0,00 $;-118,26 $;240,00;1100,00 $;275,00 $;393,26 $;0,07%;
04/05/2020;1;-23002,26 $;531,74 $;531,74 $;0,00 $;5,76 $;-27799,30 $;0,00 $;100,00%;531,74 $;531,74 $;0,00 $;531,74 $;0,00 $;210,00;850,00 $;1012,50 $;480,76 $;0,07%;
06/05/2020;1;-24495,52 $;-1493,26 $;0,00 $;-1493,26 $;5,76 $;-29292,56 $;-1493,26 $;0,00%;-1493,26 $;0,00 $;-1493,26 $;0,00 $;-1493,26 $;150,00;1587,50 $;362,50 $;1855,76 $;0,07%;
07/05/2020;1;-25101,28 $;-605,76 $;0,00 $;-605,76 $;5,76 $;-29898,32 $;-605,76 $;0,00%;-605,76 $;0,00 $;-605,76 $;0,00 $;-605,76 $;210,00;1200,00 $;50,00 $;655,76 $;0,07%;
08/05/2020;1;-24882,04 $;219,24 $;219,24 $;0,00 $;5,76 $;-29679,08 $;0,00 $;100,00%;219,24 $;219,24 $;0,00 $;219,24 $;0,00 $;240,00;387,50 $;312,50 $;93,26 $;0,07%;
11/05/2020;1;-24050,30 $;831,74 $;831,74 $;0,00 $;5,76 $;-28847,34 $;0,00 $;100,00%;831,74 $;831,74 $;0,00 $;831,74 $;0,00 $;240,00;37,50 $;1137,50 $;305,76 $;0,07%;
12/05/2020;1;-27581,06 $;-3530,76 $;0,00 $;-3530,76 $;5,76 $;-32378,10 $;-3530,76 $;0,00%;-3530,76 $;0,00 $;-3530,76 $;0,00 $;-3530,76 $;210,00;3525,00 $;87,50 $;3618,26 $;0,07%;
14/05/2020;2;-25542,58 $;2038,48 $;2038,48 $;0,00 $;11,52 $;-30396,36 $;0,00 $;100,00%;1019,24 $;1019,24 $;0,00 $;1981,74 $;0,00 $;240,00;293,75 $;1137,50 $;118,26 $;0,14%;
15/05/2020;1;-24248,34 $;1294,24 $;1294,24 $;0,00 $;5,76 $;-29045,38 $;0,00 $;100,00%;1294,24 $;1294,24 $;0,00 $;1294,24 $;0,00 $;240,00;312,50 $;1550,00 $;255,76 $;0,07%;
18/05/2020;1;-23991,60 $;256,74 $;256,74 $;0,00 $;5,76 $;-28788,64 $;0,00 $;100,00%;256,74 $;256,74 $;0,00 $;256,74 $;0,00 $;240,00;362,50 $;412,50 $;155,76 $;0,07%;
19/05/2020;1;-24509,86 $;-518,26 $;0,00 $;-518,26 $;5,76 $;-29306,90 $;-518,26 $;0,00%;-518,26 $;0,00 $;-518,26 $;0,00 $;-518,26 $;240,00;1050,00 $;212,50 $;730,76 $;0,07%;
20/05/2020;1;-24828,12 $;-318,26 $;0,00 $;-318,26 $;5,76 $;-29625,16 $;-318,26 $;0,00%;-318,26 $;0,00 $;-318,26 $;0,00 $;-318,26 $;240,00;975,00 $;50,00 $;368,26 $;0,07%;
21/05/2020;1;-24883,88 $;-55,76 $;0,00 $;-55,76 $;5,76 $;-29680,92 $;-55,76 $;0,00%;-55,76 $;0,00 $;-55,76 $;0,00 $;-55,76 $;0,00;62,50 $;87,50 $;143,26 $;0,07%;
22/05/2020;1;-24452,14 $;431,74 $;431,74 $;0,00 $;5,76 $;-29249,18 $;0,00 $;100,00%;431,74 $;431,74 $;0,00 $;431,74 $;0,00 $;240,00;100,00 $;850,00 $;418,26 $;0,07%;
26/05/2020;1;-24770,40 $;-318,26 $;0,00 $;-318,26 $;5,76 $;-29567,44 $;-318,26 $;0,00%;-318,26 $;0,00 $;-318,26 $;0,00 $;-318,26 $;210,00;850,00 $;575,00 $;893,26 $;0,07%;
27/05/2020;1;-22888,66 $;1881,74 $;1881,74 $;0,00 $;5,76 $;-27685,70 $;0,00 $;100,00%;1881,74 $;1881,74 $;0,00 $;1881,74 $;0,00 $;150,00;300,00 $;2012,50 $;130,76 $;0,07%;
28/05/2020;1;-23606,92 $;-718,26 $;0,00 $;-718,26 $;5,76 $;-28403,96 $;-718,26 $;0,00%;-718,26 $;0,00 $;-718,26 $;0,00 $;-718,26 $;210,00;1587,50 $;712,50 $;1430,76 $;0,07%;
29/05/2020;2;-22268,44 $;1338,48 $;1338,48 $;0,00 $;11,52 $;-27272,22 $;0,00 $;100,00%;669,24 $;669,24 $;0,00 $;1131,74 $;0,00 $;240,00;512,50 $;943,75 $;274,51 $;0,14%;
01/06/2020;1;-21611,70 $;656,74 $;656,74 $;0,00 $;5,76 $;-26408,74 $;0,00 $;100,00%;656,74 $;656,74 $;0,00 $;656,74 $;0,00 $;240,00;25,00 $;850,00 $;193,26 $;0,07%;
02/06/2020;1;-21279,96 $;331,74 $;331,74 $;0,00 $;5,76 $;-26077,00 $;0,00 $;100,00%;331,74 $;331,74 $;0,00 $;331,74 $;0,00 $;240,00;87,50 $;712,50 $;380,76 $;0,07%;
03/06/2020;1;-20810,72 $;469,24 $;469,24 $;0,00 $;5,76 $;-25607,76 $;0,00 $;100,00%;469,24 $;469,24 $;0,00 $;469,24 $;0,00 $;240,00;262,50 $;512,50 $;43,26 $;0,07%;
04/06/2020;1;-21441,48 $;-630,76 $;0,00 $;-630,76 $;5,76 $;-26238,52 $;-630,76 $;0,00%;-630,76 $;0,00 $;-630,76 $;0,00 $;-630,76 $;240,00;1150,00 $;237,50 $;868,26 $;0,07%;
08/06/2020;1;-20247,24 $;1194,24 $;1194,24 $;0,00 $;5,76 $;-25044,28 $;0,00 $;100,00%;1194,24 $;1194,24 $;0,00 $;1194,24 $;0,00 $;210,00;25,00 $;1425,00 $;230,76 $;0,07%;
09/06/2020;1;-19790,50 $;456,74 $;456,74 $;0,00 $;5,76 $;-24587,54 $;0,00 $;100,00%;456,74 $;456,74 $;0,00 $;456,74 $;0,00 $;240,00;562,50 $;537,50 $;80,76 $;0,07%;
10/06/2020;1;-21133,76 $;-1343,26 $;0,00 $;-1343,26 $;5,76 $;-25930,80 $;-1343,26 $;0,00%;-1343,26 $;0,00 $;-1343,26 $;0,00 $;-1343,26 $;30,00;1525,00 $;62,50 $;1405,76 $;0,07%;
11/06/2020;1;-25202,02 $;-4068,26 $;0,00 $;-4068,26 $;5,76 $;-29999,06 $;-4068,26 $;0,00%;-4068,26 $;0,00 $;-4068,26 $;0,00 $;-4068,26 $;240,00;4312,50 $;112,50 $;4180,76 $;0,07%;
12/06/2020;1;-24182,78 $;1019,24 $;1019,24 $;0,00 $;5,76 $;-28979,82 $;0,00 $;100,00%;1019,24 $;1019,24 $;0,00 $;1019,24 $;0,00 $;150,00;1650,00 $;1600,00 $;580,76 $;0,07%;
15/06/2020;1;-22138,54 $;2044,24 $;2044,24 $;0,00 $;5,76 $;-26935,58 $;0,00 $;100,00%;2044,24 $;2044,24 $;0,00 $;2044,24 $;0,00 $;240,00;375,00 $;3262,50 $;1218,26 $;0,07%;
17/06/2020;1;-22531,80 $;-393,26 $;0,00 $;-393,26 $;5,76 $;-27328,84 $;-393,26 $;0,00%;-393,26 $;0,00 $;-393,26 $;0,00 $;-393,26 $;210,00;1037,50 $;750,00 $;1143,26 $;0,07%;
18/06/2020;1;-22612,56 $;-80,76 $;0,00 $;-80,76 $;5,76 $;-27409,60 $;-80,76 $;0,00%;-80,76 $;0,00 $;-80,76 $;0,00 $;-80,76 $;210,00;675,00 $;300,00 $;380,76 $;0,07%;
19/06/2020;1;-23480,82 $;-868,26 $;0,00 $;-868,26 $;5,76 $;-28277,86 $;-868,26 $;0,00%;-868,26 $;0,00 $;-868,26 $;0,00 $;-868,26 $;90,00;912,50 $;1487,50 $;2355,76 $;0,07%;
22/06/2020;1;-23149,08 $;331,74 $;331,74 $;0,00 $;5,76 $;-27946,12 $;0,00 $;100,00%;331,74 $;331,74 $;0,00 $;331,74 $;0,00 $;240,00;162,50 $;1012,50 $;680,76 $;0,07%;
23/06/2020;1;-23779,84 $;-630,76 $;0,00 $;-630,76 $;5,76 $;-28576,88 $;-630,76 $;0,00%;-630,76 $;0,00 $;-630,76 $;0,00 $;-630,76 $;240,00;662,50 $;300,00 $;930,76 $;0,07%;
24/06/2020;1;-23973,10 $;-193,26 $;0,00 $;-193,26 $;5,76 $;-28770,14 $;-193,26 $;0,00%;-193,26 $;0,00 $;-193,26 $;0,00 $;-193,26 $;240,00;1450,00 $;350,00 $;543,26 $;0,07%;
25/06/2020;1;-22516,36 $;1456,74 $;1456,74 $;0,00 $;5,76 $;-27313,40 $;0,00 $;100,00%;1456,74 $;1456,74 $;0,00 $;1456,74 $;0,00 $;150,00;500,00 $;1762,50 $;305,76 $;0,07%;
26/06/2020;1;-22734,62 $;-218,26 $;0,00 $;-218,26 $;5,76 $;-27531,66 $;-218,26 $;0,00%;-218,26 $;0,00 $;-218,26 $;0,00 $;-218,26 $;90,00;737,50 $;350,00 $;568,26 $;0,07%;
29/06/2020;1;-22190,38 $;544,24 $;544,24 $;0,00 $;5,76 $;-26987,42 $;0,00 $;100,00%;544,24 $;544,24 $;0,00 $;544,24 $;0,00 $;150,00;687,50 $;812,50 $;268,26 $;0,07%;
30/06/2020;1;-21808,64 $;381,74 $;381,74 $;0,00 $;5,76 $;-26605,68 $;0,00 $;100,00%;381,74 $;381,74 $;0,00 $;381,74 $;0,00 $;240,00;612,50 $;500,00 $;118,26 $;0,07%;
01/07/2020;1;-20664,40 $;1144,24 $;1144,24 $;0,00 $;5,76 $;-25461,44 $;0,00 $;100,00%;1144,24 $;1144,24 $;0,00 $;1144,24 $;0,00 $;240,00;12,50 $;1250,00 $;105,76 $;0,07%;
02/07/2020;1;-20445,16 $;219,24 $;219,24 $;0,00 $;5,76 $;-25242,20 $;0,00 $;100,00%;219,24 $;219,24 $;0,00 $;219,24 $;0,00 $;240,00;50,00 $;775,00 $;555,76 $;0,07%;
03/07/2020;1;-20538,42 $;-93,26 $;0,00 $;-93,26 $;5,76 $;-25335,46 $;-93,26 $;0,00%;-93,26 $;0,00 $;-93,26 $;0,00 $;-93,26 $;0,00;175,00 $;37,50 $;130,76 $;0,07%;
06/07/2020;1;-20081,68 $;456,74 $;456,74 $;0,00 $;5,76 $;-24878,72 $;0,00 $;100,00%;456,74 $;456,74 $;0,00 $;456,74 $;0,00 $;210,00;350,00 $;587,50 $;130,76 $;0,07%;
07/07/2020;1;-21237,44 $;-1155,76 $;0,00 $;-1155,76 $;5,76 $;-26034,48 $;-1155,76 $;0,00%;-1155,76 $;0,00 $;-1155,76 $;0,00 $;-1155,76 $;240,00;1312,50 $;50,00 $;1205,76 $;0,07%;
08/07/2020;1;-20205,70 $;1031,74 $;1031,74 $;0,00 $;5,76 $;-25002,74 $;0,00 $;100,00%;1031,74 $;1031,74 $;0,00 $;1031,74 $;0,00 $;240,00;75,00 $;1237,50 $;205,76 $;0,07%;
13/07/2020;1;-22786,46 $;-2580,76 $;0,00 $;-2580,76 $;5,76 $;-27583,50 $;-2580,76 $;0,00%;-2580,76 $;0,00 $;-2580,76 $;0,00 $;-2580,76 $;240,00;2575,00 $;237,50 $;2818,26 $;0,07%;
14/07/2020;1;-21767,22 $;1019,24 $;1019,24 $;0,00 $;5,76 $;-26564,26 $;0,00 $;100,00%;1019,24 $;1019,24 $;0,00 $;1019,24 $;0,00 $;240,00;412,50 $;1187,50 $;168,26 $;0,07%;
16/07/2020;1;-21372,98 $;394,24 $;394,24 $;0,00 $;5,76 $;-26170,02 $;0,00 $;100,00%;394,24 $;394,24 $;0,00 $;394,24 $;0,00 $;240,00;387,50 $;437,50 $;43,26 $;0,07%;
17/07/2020;1;-21366,24 $;6,74 $;6,74 $;0,00 $;5,76 $;-26163,28 $;0,00 $;100,00%;6,74 $;6,74 $;0,00 $;6,74 $;0,00 $;210,00;262,50 $;587,50 $;580,76 $;0,07%;
20/07/2020;1;-20484,50 $;881,74 $;881,74 $;0,00 $;5,76 $;-25281,54 $;0,00 $;100,00%;881,74 $;881,74 $;0,00 $;881,74 $;0,00 $;240,00;150,00 $;937,50 $;55,76 $;0,07%;
21/07/2020;1;-21190,26 $;-705,76 $;0,00 $;-705,76 $;5,76 $;-25987,30 $;-705,76 $;0,00%;-705,76 $;0,00 $;-705,76 $;0,00 $;-705,76 $;240,00;787,50 $;200,00 $;905,76 $;0,07%;
22/07/2020;1;-20846,02 $;344,24 $;344,24 $;0,00 $;5,76 $;-25643,06 $;0,00 $;100,00%;344,24 $;344,24 $;0,00 $;344,24 $;0,00 $;210,00;637,50 $;600,00 $;255,76 $;0,07%;
23/07/2020;1;-22964,28 $;-2118,26 $;0,00 $;-2118,26 $;5,76 $;-27761,32 $;-2118,26 $;0,00%;-2118,26 $;0,00 $;-2118,26 $;0,00 $;-2118,26 $;240,00;2600,00 $;237,50 $;2355,76 $;0,07%;
24/07/2020;1;-23745,04 $;-780,76 $;0,00 $;-780,76 $;5,76 $;-28542,08 $;-780,76 $;0,00%;-780,76 $;0,00 $;-780,76 $;0,00 $;-780,76 $;240,00;1225,00 $;50,00 $;830,76 $;0,07%;
27/07/2020;1;-23038,30 $;706,74 $;706,74 $;0,00 $;5,76 $;-27835,34 $;0,00 $;100,00%;706,74 $;706,74 $;0,00 $;706,74 $;0,00 $;240,00;287,50 $;775,00 $;68,26 $;0,07%;
28/07/2020;1;-23756,56 $;-718,26 $;0,00 $;-718,26 $;5,76 $;-28553,60 $;-718,26 $;0,00%;-718,26 $;0,00 $;-718,26 $;0,00 $;-718,26 $;210,00;925,00 $;487,50 $;1205,76 $;0,07%;
29/07/2020;1;-23524,82 $;231,74 $;231,74 $;0,00 $;5,76 $;-28321,86 $;0,00 $;100,00%;231,74 $;231,74 $;0,00 $;231,74 $;0,00 $;30,00;287,50 $;275,00 $;43,26 $;0,07%;
30/07/2020;1;-21968,08 $;1556,74 $;1556,74 $;0,00 $;5,76 $;-26765,12 $;0,00 $;100,00%;1556,74 $;1556,74 $;0,00 $;1556,74 $;0,00 $;150,00;300,00 $;1625,00 $;68,26 $;0,07%;
03/08/2020;1;-21936,34 $;31,74 $;31,74 $;0,00 $;5,76 $;-26733,38 $;0,00 $;100,00%;31,74 $;31,74 $;0,00 $;31,74 $;0,00 $;240,00;137,50 $;350,00 $;318,26 $;0,07%;
04/08/2020;2;-22060,36 $;-124,02 $;31,74 $;-155,76 $;11,52 $;-26889,14 $;-155,76 $;50,00%;-62,01 $;31,74 $;-155,76 $;31,74 $;-155,76 $;270,00;431,25 $;100,00 $;162,01 $;0,14%;
06/08/2020;1;-20766,12 $;1294,24 $;1294,24 $;0,00 $;5,76 $;-25563,16 $;0,00 $;100,00%;1294,24 $;1294,24 $;0,00 $;1294,24 $;0,00 $;240,00;137,50 $;1462,50 $;168,26 $;0,07%;
07/08/2020;1;-20671,88 $;94,24 $;94,24 $;0,00 $;5,76 $;-25468,92 $;0,00 $;100,00%;94,24 $;94,24 $;0,00 $;94,24 $;0,00 $;210,00;1025,00 $;200,00 $;105,76 $;0,07%;
10/08/2020;1;-20215,14 $;456,74 $;456,74 $;0,00 $;5,76 $;-25012,18 $;0,00 $;100,00%;456,74 $;456,74 $;0,00 $;456,74 $;0,00 $;240,00;75,00 $;700,00 $;243,26 $;0,07%;
11/08/2020;1;-22108,40 $;-1893,26 $;0,00 $;-1893,26 $;5,76 $;-26905,44 $;-1893,26 $;0,00%;-1893,26 $;0,00 $;-1893,26 $;0,00 $;-1893,26 $;150,00;2725,00 $;12,50 $;1905,76 $;0,07%;
12/08/2020;1;-21664,16 $;444,24 $;444,24 $;0,00 $;5,76 $;-26461,20 $;0,00 $;100,00%;444,24 $;444,24 $;0,00 $;444,24 $;0,00 $;240,00;300,00 $;562,50 $;118,26 $;0,07%;
13/08/2020;1;-21994,92 $;-330,76 $;0,00 $;-330,76 $;5,76 $;-26791,96 $;-330,76 $;0,00%;-330,76 $;0,00 $;-330,76 $;0,00 $;-330,76 $;240,00;1012,50 $;212,50 $;543,26 $;0,07%;
14/08/2020;1;-22525,68 $;-530,76 $;0,00 $;-530,76 $;5,76 $;-27322,72 $;-530,76 $;0,00%;-530,76 $;0,00 $;-530,76 $;0,00 $;-530,76 $;240,00;650,00 $;125,00 $;655,76 $;0,07%;
17/08/2020;1;-22656,44 $;-130,76 $;0,00 $;-130,76 $;5,76 $;-27453,48 $;-130,76 $;0,00%;-130,76 $;0,00 $;-130,76 $;0,00 $;-130,76 $;240,00;287,50 $;12,50 $;143,26 $;0,07%;
18/08/2020;1;-22562,20 $;94,24 $;94,24 $;0,00 $;5,76 $;-27359,24 $;0,00 $;100,00%;94,24 $;94,24 $;0,00 $;94,24 $;0,00 $;210,00;87,50 $;325,00 $;230,76 $;0,07%;
20/08/2020;1;-22180,46 $;381,74 $;381,74 $;0,00 $;5,76 $;-26977,50 $;0,00 $;100,00%;381,74 $;381,74 $;0,00 $;381,74 $;0,00 $;240,00;75,00 $;700,00 $;318,26 $;0,07%;
21/08/2020;1;-21823,72 $;356,74 $;356,74 $;0,00 $;5,76 $;-26620,76 $;0,00 $;100,00%;356,74 $;356,74 $;0,00 $;356,74 $;0,00 $;210,00;162,50 $;525,00 $;168,26 $;0,07%;
25/08/2020;1;-21579,48 $;244,24 $;244,24 $;0,00 $;5,76 $;-26376,52 $;0,00 $;100,00%;244,24 $;244,24 $;0,00 $;244,24 $;0,00 $;30,00;62,50 $;287,50 $;43,26 $;0,07%;
26/08/2020;1;-20435,24 $;1144,24 $;1144,24 $;0,00 $;5,76 $;-25232,28 $;0,00 $;100,00%;1144,24 $;1144,24 $;0,00 $;1144,24 $;0,00 $;240,00;50,00 $;1212,50 $;68,26 $;0,07%;
27/08/2020;1;-20253,50 $;181,74 $;181,74 $;0,00 $;5,76 $;-25050,54 $;0,00 $;100,00%;181,74 $;181,74 $;0,00 $;181,74 $;0,00 $;210,00;837,50 $;737,50 $;555,76 $;0,07%;
28/08/2020;1;-20096,76 $;156,74 $;156,74 $;0,00 $;5,76 $;-24893,80 $;0,00 $;100,00%;156,74 $;156,74 $;0,00 $;156,74 $;0,00 $;30,00;75,00 $;175,00 $;18,26 $;0,07%;
31/08/2020;1;-19590,02 $;506,74 $;506,74 $;0,00 $;5,76 $;-24387,06 $;0,00 $;100,00%;506,74 $;506,74 $;0,00 $;506,74 $;0,00 $;240,00;150,00 $;712,50 $;205,76 $;0,07%;
01/09/2020;1;-18683,28 $;906,74 $;906,74 $;0,00 $;5,76 $;-23480,32 $;0,00 $;100,00%;906,74 $;906,74 $;0,00 $;906,74 $;0,00 $;210,00;75,00 $;937,50 $;30,76 $;0,07%;
02/09/2020;1;-18026,54 $;656,74 $;656,74 $;0,00 $;5,76 $;-22823,58 $;0,00 $;100,00%;656,74 $;656,74 $;0,00 $;656,74 $;0,00 $;150,00;325,00 $;1150,00 $;493,26 $;0,07%;
04/09/2020;1;-17307,30 $;719,24 $;719,24 $;0,00 $;5,76 $;-22104,34 $;0,00 $;100,00%;719,24 $;719,24 $;0,00 $;719,24 $;0,00 $;210,00;1012,50 $;2487,50 $;1768,26 $;0,07%;
08/09/2020;1;-18000,56 $;-693,26 $;0,00 $;-693,26 $;5,76 $;-22797,60 $;-693,26 $;0,00%;-693,26 $;0,00 $;-693,26 $;0,00 $;-693,26 $;240,00;1762,50 $;687,50 $;1380,76 $;0,07%;
09/09/2020;1;-16893,82 $;1106,74 $;1106,74 $;0,00 $;5,76 $;-21690,86 $;0,00 $;100,00%;1106,74 $;1106,74 $;0,00 $;1106,74 $;0,00 $;240,00;125,00 $;1200,00 $;93,26 $;0,07%;
10/09/2020;1;-17399,58 $;-505,76 $;0,00 $;-505,76 $;5,76 $;-22196,62 $;-505,76 $;0,00%;-505,76 $;0,00 $;-505,76 $;0,00 $;-505,76 $;90,00;1212,50 $;475,00 $;980,76 $;0,07%;
14/09/2020;1;-18105,34 $;-705,76 $;0,00 $;-705,76 $;5,76 $;-22902,38 $;-705,76 $;0,00%;-705,76 $;0,00 $;-705,76 $;0,00 $;-705,76 $;240,00;1100,00 $;237,50 $;943,26 $;0,07%;
15/09/2020;1;-18211,10 $;-105,76 $;0,00 $;-105,76 $;5,76 $;-23008,14 $;-105,76 $;0,00%;-105,76 $;0,00 $;-105,76 $;0,00 $;-105,76 $;90,00;925,00 $;87,50 $;193,26 $;0,07%;
16/09/2020;1;-19466,86 $;-1255,76 $;0,00 $;-1255,76 $;5,76 $;-24263,90 $;-1255,76 $;0,00%;-1255,76 $;0,00 $;-1255,76 $;0,00 $;-1255,76 $;210,00;1537,50 $;750,00 $;2005,76 $;0,07%;
18/09/2020;1;-20285,12 $;-818,26 $;0,00 $;-818,26 $;5,76 $;-25082,16 $;-818,26 $;0,00%;-818,26 $;0,00 $;-818,26 $;0,00 $;-818,26 $;240,00;2437,50 $;287,50 $;1105,76 $;0,07%;
21/09/2020;1;-18803,38 $;1481,74 $;1481,74 $;0,00 $;5,76 $;-23600,42 $;0,00 $;100,00%;1481,74 $;1481,74 $;0,00 $;1481,74 $;0,00 $;150,00;1112,50 $;1762,50 $;280,76 $;0,07%;
23/09/2020;1;-21209,14 $;-2405,76 $;0,00 $;-2405,76 $;5,76 $;-26006,18 $;-2405,76 $;0,00%;-2405,76 $;0,00 $;-2405,76 $;0,00 $;-2405,76 $;210,00;2900,00 $;412,50 $;2818,26 $;0,07%;
24/09/2020;1;-21564,90 $;-355,76 $;0,00 $;-355,76 $;5,76 $;-26361,94 $;-355,76 $;0,00%;-355,76 $;0,00 $;-355,76 $;0,00 $;-355,76 $;240,00;550,00 $;1912,50 $;2268,26 $;0,07%;
28/09/2020;1;-21133,16 $;431,74 $;431,74 $;0,00 $;5,76 $;-25930,20 $;0,00 $;100,00%;431,74 $;431,74 $;0,00 $;431,74 $;0,00 $;240,00;325,00 $;625,00 $;193,26 $;0,07%;
29/09/2020;1;-21013,92 $;119,24 $;119,24 $;0,00 $;5,76 $;-25810,96 $;0,00 $;100,00%;119,24 $;119,24 $;0,00 $;119,24 $;0,00 $;240,00;637,50 $;512,50 $;393,26 $;0,07%;
30/09/2020;1;-22332,18 $;-1318,26 $;0,00 $;-1318,26 $;5,76 $;-27129,22 $;-1318,26 $;0,00%;-1318,26 $;0,00 $;-1318,26 $;0,00 $;-1318,26 $;240,00;2000,00 $;737,50 $;2055,76 $;0,07%;
01/10/2020;1;-22462,94 $;-130,76 $;0,00 $;-130,76 $;5,76 $;-27259,98 $;-130,76 $;0,00%;-130,76 $;0,00 $;-130,76 $;0,00 $;-130,76 $;210,00;1087,50 $;275,00 $;405,76 $;0,07%;
02/10/2020;1;-22381,20 $;81,74 $;81,74 $;0,00 $;5,76 $;-27178,24 $;0,00 $;100,00%;81,74 $;81,74 $;0,00 $;81,74 $;0,00 $;240,00;1412,50 $;587,50 $;505,76 $;0,07%;
05/10/2020;2;-21742,72 $;638,48 $;681,74 $;-43,26 $;11,52 $;-26539,76 $;-43,26 $;50,00%;319,24 $;681,74 $;-43,26 $;681,74 $;-43,26 $;270,00;268,75 $;381,25 $;62,01 $;0,14%;
06/10/2020;1;-23385,98 $;-1643,26 $;0,00 $;-1643,26 $;5,76 $;-28183,02 $;-1643,26 $;0,00%;-1643,26 $;0,00 $;-1643,26 $;0,00 $;-1643,26 $;240,00;2425,00 $;1400,00 $;3043,26 $;0,07%;
08/10/2020;1;-23154,24 $;231,74 $;231,74 $;0,00 $;5,76 $;-27951,28 $;0,00 $;100,00%;231,74 $;231,74 $;0,00 $;231,74 $;0,00 $;210,00;262,50 $;275,00 $;43,26 $;0,07%;
09/10/2020;1;-22660,00 $;494,24 $;494,24 $;0,00 $;5,76 $;-27457,04 $;0,00 $;100,00%;494,24 $;494,24 $;0,00 $;494,24 $;0,00 $;240,00;50,00 $;712,50 $;218,26 $;0,07%;
12/10/2020;1;-22890,76 $;-230,76 $;0,00 $;-230,76 $;5,76 $;-27687,80 $;-230,76 $;0,00%;-230,76 $;0,00 $;-230,76 $;0,00 $;-230,76 $;150,00;675,00 $;237,50 $;468,26 $;0,07%;
14/10/2020;1;-22834,02 $;56,74 $;56,74 $;0,00 $;5,76 $;-27631,06 $;0,00 $;100,00%;56,74 $;56,74 $;0,00 $;56,74 $;0,00 $;210,00;350,00 $;712,50 $;655,76 $;0,07%;
15/10/2020;1;-21739,78 $;1094,24 $;1094,24 $;0,00 $;5,76 $;-26536,82 $;0,00 $;100,00%;1094,24 $;1094,24 $;0,00 $;1094,24 $;0,00 $;240,00;325,00 $;1162,50 $;68,26 $;0,07%;
16/10/2020;1;-21858,04 $;-118,26 $;0,00 $;-118,26 $;5,76 $;-26655,08 $;-118,26 $;0,00%;-118,26 $;0,00 $;-118,26 $;0,00 $;-118,26 $;240,00;350,00 $;425,00 $;543,26 $;0,07%;
20/10/2020;2;-21832,06 $;25,98 $;331,74 $;-305,76 $;11,52 $;-26629,10 $;-305,76 $;50,00%;12,99 $;331,74 $;-305,76 $;331,74 $;-305,76 $;270,00;243,75 $;262,50 $;249,51 $;0,14%;
21/10/2020;2;-21418,58 $;413,48 $;413,48 $;0,00 $;11,52 $;-26372,36 $;0,00 $;100,00%;206,74 $;206,74 $;0,00 $;256,74 $;0,00 $;240,00;356,25 $;318,75 $;112,01 $;0,14%;
22/10/2020;1;-21774,34 $;-355,76 $;0,00 $;-355,76 $;5,76 $;-26571,38 $;-355,76 $;0,00%;-355,76 $;0,00 $;-355,76 $;0,00 $;-355,76 $;240,00;525,00 $;337,50 $;693,26 $;0,07%;
26/10/2020;1;-20130,10 $;1644,24 $;1644,24 $;0,00 $;5,76 $;-24927,14 $;0,00 $;100,00%;1644,24 $;1644,24 $;0,00 $;1644,24 $;0,00 $;150,00;287,50 $;1837,50 $;193,26 $;0,07%;
27/10/2020;1;-20785,86 $;-655,76 $;0,00 $;-655,76 $;5,76 $;-25582,90 $;-655,76 $;0,00%;-655,76 $;0,00 $;-655,76 $;0,00 $;-655,76 $;210,00;812,50 $;450,00 $;1105,76 $;0,07%;
28/10/2020;1;-21941,62 $;-1155,76 $;0,00 $;-1155,76 $;5,76 $;-26738,66 $;-1155,76 $;0,00%;-1155,76 $;0,00 $;-1155,76 $;0,00 $;-1155,76 $;210,00;1612,50 $;250,00 $;1405,76 $;0,07%;
29/10/2020;1;-20434,88 $;1506,74 $;1506,74 $;0,00 $;5,76 $;-25231,92 $;0,00 $;100,00%;1506,74 $;1506,74 $;0,00 $;1506,74 $;0,00 $;240,00;625,00 $;2200,00 $;693,26 $;0,07%;
30/10/2020;1;-18903,14 $;1531,74 $;1531,74 $;0,00 $;5,76 $;-23700,18 $;0,00 $;100,00%;1531,74 $;1531,74 $;0,00 $;1531,74 $;0,00 $;150,00;1125,00 $;1750,00 $;218,26 $;0,07%;
03/11/2020;1;-19971,40 $;-1068,26 $;0,00 $;-1068,26 $;5,76 $;-24768,44 $;-1068,26 $;0,00%;-1068,26 $;0,00 $;-1068,26 $;0,00 $;-1068,26 $;210,00;1225,00 $;512,50 $;1580,76 $;0,07%;
04/11/2020;1;-20852,16 $;-880,76 $;0,00 $;-880,76 $;5,76 $;-25649,20 $;-880,76 $;0,00%;-880,76 $;0,00 $;-880,76 $;0,00 $;-880,76 $;240,00;925,00 $;1212,50 $;2093,26 $;0,07%;
05/11/2020;1;-20845,42 $;6,74 $;6,74 $;0,00 $;5,76 $;-25642,46 $;0,00 $;100,00%;6,74 $;6,74 $;0,00 $;6,74 $;0,00 $;240,00;1125,00 $;500,00 $;493,26 $;0,07%;
06/11/2020;1;-20901,18 $;-55,76 $;0,00 $;-55,76 $;5,76 $;-25698,22 $;-55,76 $;0,00%;-55,76 $;0,00 $;-55,76 $;0,00 $;-55,76 $;240,00;450,00 $;400,00 $;455,76 $;0,07%;
09/11/2020;1;-24369,44 $;-3468,26 $;0,00 $;-3468,26 $;5,76 $;-29166,48 $;-3468,26 $;0,00%;-3468,26 $;0,00 $;-3468,26 $;0,00 $;-3468,26 $;150,00;3750,00 $;137,50 $;3605,76 $;0,07%;
12/11/2020;1;-24600,20 $;-230,76 $;0,00 $;-230,76 $;5,76 $;-29397,24 $;-230,76 $;0,00%;-230,76 $;0,00 $;-230,76 $;0,00 $;-230,76 $;210,00;1525,00 $;187,50 $;418,26 $;0,07%;
13/11/2020;1;-23655,96 $;944,24 $;944,24 $;0,00 $;5,76 $;-28453,00 $;0,00 $;100,00%;944,24 $;944,24 $;0,00 $;944,24 $;0,00 $;210,00;50,00 $;1337,50 $;393,26 $;0,07%;
16/11/2020;1;-24211,72 $;-555,76 $;0,00 $;-555,76 $;5,76 $;-29008,76 $;-555,76 $;0,00%;-555,76 $;0,00 $;-555,76 $;0,00 $;-555,76 $;240,00;1175,00 $;12,50 $;568,26 $;0,07%;
17/11/2020;1;-24442,48 $;-230,76 $;0,00 $;-230,76 $;5,76 $;-29239,52 $;-230,76 $;0,00%;-230,76 $;0,00 $;-230,76 $;0,00 $;-230,76 $;210,00;825,00 $;275,00 $;505,76 $;0,07%;
18/11/2020;1;-25585,74 $;-1143,26 $;0,00 $;-1143,26 $;5,76 $;-30382,78 $;-1143,26 $;0,00%;-1143,26 $;0,00 $;-1143,26 $;0,00 $;-1143,26 $;240,00;1300,00 $;137,50 $;1280,76 $;0,07%;
19/11/2020;1;-24916,50 $;669,24 $;669,24 $;0,00 $;5,76 $;-29713,54 $;0,00 $;100,00%;669,24 $;669,24 $;0,00 $;669,24 $;0,00 $;240,00;450,00 $;1012,50 $;343,26 $;0,07%;
20/11/2020;1;-25609,76 $;-693,26 $;0,00 $;-693,26 $;5,76 $;-30406,80 $;-693,26 $;0,00%;-693,26 $;0,00 $;-693,26 $;0,00 $;-693,26 $;240,00;887,50 $;112,50 $;805,76 $;0,07%;
23/11/2020;1;-24878,02 $;731,74 $;731,74 $;0,00 $;5,76 $;-29675,06 $;0,00 $;100,00%;731,74 $;731,74 $;0,00 $;731,74 $;0,00 $;210,00;37,50 $;1175,00 $;443,26 $;0,07%;
24/11/2020;1;-24633,78 $;244,24 $;244,24 $;0,00 $;5,76 $;-29430,82 $;0,00 $;100,00%;244,24 $;244,24 $;0,00 $;244,24 $;0,00 $;210,00;225,00 $;537,50 $;293,26 $;0,07%;
25/11/2020;2;-24220,30 $;413,48 $;413,48 $;0,00 $;11,52 $;-29036,58 $;0,00 $;100,00%;206,74 $;206,74 $;0,00 $;394,24 $;0,00 $;240,00;168,75 $;293,75 $;87,01 $;0,14%;
27/11/2020;1;-24313,56 $;-93,26 $;0,00 $;-93,26 $;5,76 $;-29110,60 $;-93,26 $;0,00%;-93,26 $;0,00 $;-93,26 $;0,00 $;-93,26 $;45,00;625,00 $;50,00 $;143,26 $;0,07%;
01/12/2020;1;-24531,82 $;-218,26 $;0,00 $;-218,26 $;5,76 $;-29328,86 $;-218,26 $;0,00%;-218,26 $;0,00 $;-218,26 $;0,00 $;-218,26 $;240,00;587,50 $;512,50 $;730,76 $;0,07%;
02/12/2020;1;-24387,58 $;144,24 $;144,24 $;0,00 $;5,76 $;-29184,62 $;0,00 $;100,00%;144,24 $;144,24 $;0,00 $;144,24 $;0,00 $;240,00;287,50 $;425,00 $;280,76 $;0,07%;
03/12/2020;1;-24555,84 $;-168,26 $;0,00 $;-168,26 $;5,76 $;-29352,88 $;-168,26 $;0,00%;-168,26 $;0,00 $;-168,26 $;0,00 $;-168,26 $;210,00;900,00 $;437,50 $;605,76 $;0,07%;
04/12/2020;1;-24386,60 $;169,24 $;169,24 $;0,00 $;5,76 $;-29183,64 $;0,00 $;100,00%;169,24 $;169,24 $;0,00 $;169,24 $;0,00 $;90,00;25,00 $;662,50 $;493,26 $;0,07%;
07/12/2020;1;-24767,36 $;-380,76 $;0,00 $;-380,76 $;5,76 $;-29564,40 $;-380,76 $;0,00%;-380,76 $;0,00 $;-380,76 $;0,00 $;-380,76 $;240,00;800,00 $;87,50 $;468,26 $;0,07%;
08/12/2020;1;-24610,62 $;156,74 $;156,74 $;0,00 $;5,76 $;-29407,66 $;0,00 $;100,00%;156,74 $;156,74 $;0,00 $;156,74 $;0,00 $;210,00;37,50 $;487,50 $;330,76 $;0,07%;
10/12/2020;1;-24903,88 $;-293,26 $;0,00 $;-293,26 $;5,76 $;-29700,92 $;-293,26 $;0,00%;-293,26 $;0,00 $;-293,26 $;0,00 $;-293,26 $;240,00;887,50 $;37,50 $;330,76 $;0,07%;
11/12/2020;1;-24922,14 $;-18,26 $;0,00 $;-18,26 $;5,76 $;-29719,18 $;-18,26 $;0,00%;-18,26 $;0,00 $;-18,26 $;0,00 $;-18,26 $;30,00;212,50 $;237,50 $;255,76 $;0,07%;
15/12/2020;1;-23890,40 $;1031,74 $;1031,74 $;0,00 $;5,76 $;-28687,44 $;0,00 $;100,00%;1031,74 $;1031,74 $;0,00 $;1031,74 $;0,00 $;240,00;100,00 $;1412,50 $;380,76 $;0,07%;
16/12/2020;2;-23589,42 $;300,98 $;306,74 $;-5,76 $;11,52 $;-28386,46 $;-5,76 $;50,00%;150,49 $;306,74 $;-5,76 $;306,74 $;-5,76 $;270,00;331,25 $;225,00 $;74,51 $;0,14%;
17/12/2020;1;-23507,68 $;81,74 $;81,74 $;0,00 $;5,76 $;-28304,72 $;0,00 $;100,00%;81,74 $;81,74 $;0,00 $;81,74 $;0,00 $;240,00;312,50 $;287,50 $;205,76 $;0,07%;
18/12/2020;1;-22900,94 $;606,74 $;606,74 $;0,00 $;5,76 $;-27697,98 $;0,00 $;100,00%;606,74 $;606,74 $;0,00 $;606,74 $;0,00 $;210,00;1012,50 $;737,50 $;130,76 $;0,07%;
21/12/2020;1;-21306,70 $;1594,24 $;1594,24 $;0,00 $;5,76 $;-26103,74 $;0,00 $;100,00%;1594,24 $;1594,24 $;0,00 $;1594,24 $;0,00 $;240,00;12,50 $;2150,00 $;555,76 $;0,07%;
22/12/2020;1;-21299,96 $;6,74 $;6,74 $;0,00 $;5,76 $;-26097,00 $;0,00 $;100,00%;6,74 $;6,74 $;0,00 $;6,74 $;0,00 $;210,00;237,50 $;600,00 $;593,26 $;0,07%;
23/12/2020;1;-22143,22 $;-843,26 $;0,00 $;-843,26 $;5,76 $;-26940,26 $;-843,26 $;0,00%;-843,26 $;0,00 $;-843,26 $;0,00 $;-843,26 $;210,00;1062,50 $;300,00 $;1143,26 $;0,07%;
29/12/2020;1;-22261,48 $;-118,26 $;0,00 $;-118,26 $;5,76 $;-27058,52 $;-118,26 $;0,00%;-118,26 $;0,00 $;-118,26 $;0,00 $;-118,26 $;210,00;612,50 $;0,00 $;118,26 $;0,07%;
30/12/2020;1;-22579,74 $;-318,26 $;0,00 $;-318,26 $;5,76 $;-27376,78 $;-318,26 $;0,00%;-318,26 $;0,00 $;-318,26 $;0,00 $;-318,26 $;240,00;425,00 $;125,00 $;443,26 $;0,07%;
04/01/2021;1;-21898,00 $;681,74 $;681,74 $;0,00 $;5,76 $;-26695,04 $;0,00 $;100,00%;681,74 $;681,74 $;0,00 $;681,74 $;0,00 $;90,00;600,00 $;850,00 $;168,26 $;0,07%;
05/01/2021;1;-21278,76 $;619,24 $;619,24 $;0,00 $;5,76 $;-26075,80 $;0,00 $;100,00%;619,24 $;619,24 $;0,00 $;619,24 $;0,00 $;210,00;25,00 $;1337,50 $;718,26 $;0,07%;
06/01/2021;2;-21952,78 $;-674,02 $;156,74 $;-830,76 $;11,52 $;-26906,56 $;-830,76 $;50,00%;-337,01 $;156,74 $;-830,76 $;156,74 $;-830,76 $;270,00;806,25 $;500,00 $;837,01 $;0,14%;
07/01/2021;1;-21521,04 $;431,74 $;431,74 $;0,00 $;5,76 $;-26318,08 $;0,00 $;100,00%;431,74 $;431,74 $;0,00 $;431,74 $;0,00 $;210,00;0,00 $;775,00 $;343,26 $;0,07%;
08/01/2021;1;-20839,30 $;681,74 $;681,74 $;0,00 $;5,76 $;-25636,34 $;0,00 $;100,00%;681,74 $;681,74 $;0,00 $;681,74 $;0,00 $;210,00;1662,50 $;750,00 $;68,26 $;0,07%;
11/01/2021;1;-21645,06 $;-805,76 $;0,00 $;-805,76 $;5,76 $;-26442,10 $;-805,76 $;0,00%;-805,76 $;0,00 $;-805,76 $;0,00 $;-805,76 $;240,00;825,00 $;375,00 $;1180,76 $;0,07%;
12/01/2021;1;-21725,82 $;-80,76 $;0,00 $;-80,76 $;5,76 $;-26522,86 $;-80,76 $;0,00%;-80,76 $;0,00 $;-80,76 $;0,00 $;-80,76 $;240,00;1300,00 $;250,00 $;330,76 $;0,07%;
13/01/2021;1;-21669,08 $;56,74 $;56,74 $;0,00 $;5,76 $;-26466,12 $;0,00 $;100,00%;56,74 $;56,74 $;0,00 $;56,74 $;0,00 $;240,00;262,50 $;637,50 $;580,76 $;0,07%;
14/01/2021;1;-22349,84 $;-680,76 $;0,00 $;-680,76 $;5,76 $;-27146,88 $;-680,76 $;0,00%;-680,76 $;0,00 $;-680,76 $;0,00 $;-680,76 $;240,00;987,50 $;112,50 $;793,26 $;0,07%;
15/01/2021;1;-23230,60 $;-880,76 $;0,00 $;-880,76 $;5,76 $;-28027,64 $;-880,76 $;0,00%;-880,76 $;0,00 $;-880,76 $;0,00 $;-880,76 $;210,00;912,50 $;550,00 $;1430,76 $;0,07%;
20/01/2021;1;-22386,36 $;844,24 $;844,24 $;0,00 $;5,76 $;-27183,40 $;0,00 $;100,00%;844,24 $;844,24 $;0,00 $;844,24 $;0,00 $;240,00;50,00 $;925,00 $;80,76 $;0,07%;
21/01/2021;1;-22267,12 $;119,24 $;119,24 $;0,00 $;5,76 $;-27064,16 $;0,00 $;100,00%;119,24 $;119,24 $;0,00 $;119,24 $;0,00 $;240,00;550,00 $;262,50 $;143,26 $;0,07%;
22/01/2021;1;-21672,88 $;594,24 $;594,24 $;0,00 $;5,76 $;-26469,92 $;0,00 $;100,00%;594,24 $;594,24 $;0,00 $;594,24 $;0,00 $;240,00;62,50 $;625,00 $;30,76 $;0,07%;
25/01/2021;1;-21378,64 $;294,24 $;294,24 $;0,00 $;5,76 $;-26175,68 $;0,00 $;100,00%;294,24 $;294,24 $;0,00 $;294,24 $;0,00 $;150,00;625,00 $;525,00 $;230,76 $;0,07%;
26/01/2021;1;-21096,90 $;281,74 $;281,74 $;0,00 $;5,76 $;-25893,94 $;0,00 $;100,00%;281,74 $;281,74 $;0,00 $;281,74 $;0,00 $;240,00;375,00 $;312,50 $;30,76 $;0,07%;
27/01/2021;1;-24052,66 $;-2955,76 $;0,00 $;-2955,76 $;5,76 $;-28849,70 $;-2955,76 $;0,00%;-2955,76 $;0,00 $;-2955,76 $;0,00 $;-2955,76 $;210,00;3750,00 $;562,50 $;3518,26 $;0,07%;
28/01/2021;1;-24370,92 $;-318,26 $;0,00 $;-318,26 $;5,76 $;-29167,96 $;-318,26 $;0,00%;-318,26 $;0,00 $;-318,26 $;0,00 $;-318,26 $;240,00;325,00 $;1000,00 $;1318,26 $;0,07%;
29/01/2021;1;-24676,68 $;-305,76 $;0,00 $;-305,76 $;5,76 $;-29473,72 $;-305,76 $;0,00%;-305,76 $;0,00 $;-305,76 $;0,00 $;-305,76 $;240,00;2237,50 $;250,00 $;555,76 $;0,07%;
03/02/2021;1;-24507,44 $;169,24 $;169,24 $;0,00 $;5,76 $;-29304,48 $;0,00 $;100,00%;169,24 $;169,24 $;0,00 $;169,24 $;0,00 $;210,00;362,50 $;587,50 $;418,26 $;0,07%;
04/02/2021;1;-23650,70 $;856,74 $;856,74 $;0,00 $;5,76 $;-28447,74 $;0,00 $;100,00%;856,74 $;856,74 $;0,00 $;856,74 $;0,00 $;210,00;62,50 $;900,00 $;43,26 $;0,07%;
05/02/2021;1;-23718,96 $;-68,26 $;0,00 $;-68,26 $;5,76 $;-28516,00 $;-68,26 $;0,00%;-68,26 $;0,00 $;-68,26 $;0,00 $;-68,26 $;240,00;87,50 $;562,50 $;630,76 $;0,07%;
08/02/2021;1;-23524,72 $;194,24 $;194,24 $;0,00 $;5,76 $;-28321,76 $;0,00 $;100,00%;194,24 $;194,24 $;0,00 $;194,24 $;0,00 $;240,00;387,50 $;212,50 $;18,26 $;0,07%;
09/02/2021;2;-23073,74 $;450,98 $;450,98 $;0,00 $;11,52 $;-27952,52 $;0,00 $;100,00%;225,49 $;225,49 $;0,00 $;369,24 $;0,00 $;240,00;43,75 $;356,25 $;130,76 $;0,14%;
12/02/2021;1;-23029,50 $;44,24 $;44,24 $;0,00 $;5,76 $;-27826,54 $;0,00 $;100,00%;44,24 $;44,24 $;0,00 $;44,24 $;0,00 $;240,00;412,50 $;162,50 $;118,26 $;0,07%;
15/02/2021;1;-23010,26 $;19,24 $;19,24 $;0,00 $;5,76 $;-27807,30 $;0,00 $;100,00%;19,24 $;19,24 $;0,00 $;19,24 $;0,00 $;0,00;12,50 $;50,00 $;30,76 $;0,07%;
16/02/2021;1;-22966,02 $;44,24 $;44,24 $;0,00 $;5,76 $;-27763,06 $;0,00 $;100,00%;44,24 $;44,24 $;0,00 $;44,24 $;0,00 $;240,00;525,00 $;375,00 $;330,76 $;0,07%;
17/02/2021;1;-22321,78 $;644,24 $;644,24 $;0,00 $;5,76 $;-27118,82 $;0,00 $;100,00%;644,24 $;644,24 $;0,00 $;644,24 $;0,00 $;210,00;62,50 $;875,00 $;230,76 $;0,07%;
18/02/2021;1;-21615,04 $;706,74 $;706,74 $;0,00 $;5,76 $;-26412,08 $;0,00 $;100,00%;706,74 $;706,74 $;0,00 $;706,74 $;0,00 $;210,00;212,50 $;1150,00 $;443,26 $;0,07%;
19/02/2021;2;-22451,56 $;-836,52 $;0,00 $;-836,52 $;11,52 $;-27248,60 $;-836,52 $;0,00%;-418,26 $;0,00 $;-418,26 $;0,00 $;-818,26 $;270,00;706,25 $;56,25 $;474,51 $;0,14%;
22/02/2021;1;-22569,82 $;-118,26 $;0,00 $;-118,26 $;5,76 $;-27366,86 $;-118,26 $;0,00%;-118,26 $;0,00 $;-118,26 $;0,00 $;-118,26 $;240,00;187,50 $;850,00 $;968,26 $;0,07%;
23/02/2021;1;-20513,08 $;2056,74 $;2056,74 $;0,00 $;5,76 $;-25310,12 $;0,00 $;100,00%;2056,74 $;2056,74 $;0,00 $;2056,74 $;0,00 $;240,00;1125,00 $;2100,00 $;43,26 $;0,07%;
24/02/2021;2;-19449,60 $;1063,48 $;1244,24 $;-180,76 $;11,52 $;-24246,64 $;-180,76 $;50,00%;531,74 $;1244,24 $;-180,76 $;1244,24 $;-180,76 $;270,00;125,00 $;712,50 $;180,76 $;0,14%;
25/02/2021;1;-19605,36 $;-155,76 $;0,00 $;-155,76 $;5,76 $;-24402,40 $;-155,76 $;0,00%;-155,76 $;0,00 $;-155,76 $;0,00 $;-155,76 $;30,00;737,50 $;862,50 $;1018,26 $;0,07%;
01/03/2021;1;-18823,62 $;781,74 $;781,74 $;0,00 $;5,76 $;-23620,66 $;0,00 $;100,00%;781,74 $;781,74 $;0,00 $;781,74 $;0,00 $;240,00;275,00 $;1075,00 $;293,26 $;0,07%;
02/03/2021;1;-19441,88 $;-618,26 $;0,00 $;-618,26 $;5,76 $;-24238,92 $;-618,26 $;0,00%;-618,26 $;0,00 $;-618,26 $;0,00 $;-618,26 $;210,00;962,50 $;762,50 $;1380,76 $;0,07%;
03/03/2021;1;-21297,64 $;-1855,76 $;0,00 $;-1855,76 $;5,76 $;-26094,68 $;-1855,76 $;0,00%;-1855,76 $;0,00 $;-1855,76 $;0,00 $;-1855,76 $;210,00;1912,50 $;450,00 $;2305,76 $;0,07%;
04/03/2021;1;-23065,90 $;-1768,26 $;0,00 $;-1768,26 $;5,76 $;-27862,94 $;-1768,26 $;0,00%;-1768,26 $;0,00 $;-1768,26 $;0,00 $;-1768,26 $;210,00;4325,00 $;162,50 $;1930,76 $;0,07%;
08/03/2021;1;-25121,66 $;-2055,76 $;0,00 $;-2055,76 $;5,76 $;-29918,70 $;-2055,76 $;0,00%;-2055,76 $;0,00 $;-2055,76 $;0,00 $;-2055,76 $;240,00;2212,50 $;225,00 $;2280,76 $;0,07%;
10/03/2021;1;-25014,92 $;106,74 $;106,74 $;0,00 $;5,76 $;-29811,96 $;0,00 $;100,00%;106,74 $;106,74 $;0,00 $;106,74 $;0,00 $;150,00;575,00 $;537,50 $;430,76 $;0,07%;
11/03/2021;1;-25783,18 $;-768,26 $;0,00 $;-768,26 $;5,76 $;-30580,22 $;-768,26 $;0,00%;-768,26 $;0,00 $;-768,26 $;0,00 $;-768,26 $;210,00;862,50 $;337,50 $;1105,76 $;0,07%;
12/03/2021;1;-25201,44 $;581,74 $;581,74 $;0,00 $;5,76 $;-29998,48 $;0,00 $;100,00%;581,74 $;581,74 $;0,00 $;581,74 $;0,00 $;210,00;375,00 $;787,50 $;205,76 $;0,07%;
15/03/2021;1;-24082,20 $;1119,24 $;1119,24 $;0,00 $;5,76 $;-28879,24 $;0,00 $;100,00%;1119,24 $;1119,24 $;0,00 $;1119,24 $;0,00 $;150,00;37,50 $;1300,00 $;180,76 $;0,07%;
16/03/2021;1;-24300,46 $;-218,26 $;0,00 $;-218,26 $;5,76 $;-29097,50 $;-218,26 $;0,00%;-218,26 $;0,00 $;-218,26 $;0,00 $;-218,26 $;150,00;950,00 $;37,50 $;255,76 $;0,07%;
17/03/2021;2;-23036,98 $;1263,48 $;1456,74 $;-193,26 $;11,52 $;-27834,02 $;-193,26 $;50,00%;631,74 $;1456,74 $;-193,26 $;1456,74 $;-193,26 $;270,00;250,00 $;993,75 $;362,01 $;0,14%;
19/03/2021;1;-22105,24 $;931,74 $;931,74 $;0,00 $;5,76 $;-26902,28 $;0,00 $;100,00%;931,74 $;931,74 $;0,00 $;931,74 $;0,00 $;240,00;112,50 $;1300,00 $;368,26 $;0,07%;
22/03/2021;1;-22161,00 $;-55,76 $;0,00 $;-55,76 $;5,76 $;-26958,04 $;-55,76 $;0,00%;-55,76 $;0,00 $;-55,76 $;0,00 $;-55,76 $;210,00;250,00 $;575,00 $;630,76 $;0,07%;
23/03/2021;1;-24116,76 $;-1955,76 $;0,00 $;-1955,76 $;5,76 $;-28913,80 $;-1955,76 $;0,00%;-1955,76 $;0,00 $;-1955,76 $;0,00 $;-1955,76 $;240,00;2137,50 $;75,00 $;2030,76 $;0,07%;
24/03/2021;1;-25485,02 $;-1368,26 $;0,00 $;-1368,26 $;5,76 $;-30282,06 $;-1368,26 $;0,00%;-1368,26 $;0,00 $;-1368,26 $;0,00 $;-1368,26 $;240,00;1425,00 $;87,50 $;1455,76 $;0,07%;
25/03/2021;1;-23615,78 $;1869,24 $;1869,24 $;0,00 $;5,76 $;-28412,82 $;0,00 $;100,00%;1869,24 $;1869,24 $;0,00 $;1869,24 $;0,00 $;240,00;337,50 $;2000,00 $;130,76 $;0,07%;
26/03/2021;1;-22121,54 $;1494,24 $;1494,24 $;0,00 $;5,76 $;-26918,58 $;0,00 $;100,00%;1494,24 $;1494,24 $;0,00 $;1494,24 $;0,00 $;150,00;1275,00 $;1787,50 $;293,26 $;0,07%;
29/03/2021;1;-21314,80 $;806,74 $;806,74 $;0,00 $;5,76 $;-26111,84 $;0,00 $;100,00%;806,74 $;806,74 $;0,00 $;806,74 $;0,00 $;210,00;87,50 $;1175,00 $;368,26 $;0,07%;
30/03/2021;2;-21038,82 $;275,98 $;306,74 $;-30,76 $;11,52 $;-25835,86 $;-30,76 $;50,00%;137,99 $;306,74 $;-30,76 $;306,74 $;-30,76 $;270,00;306,25 $;262,50 $;124,51 $;0,14%;
31/03/2021;1;-20719,58 $;319,24 $;319,24 $;0,00 $;5,76 $;-25516,62 $;0,00 $;100,00%;319,24 $;319,24 $;0,00 $;319,24 $;0,00 $;240,00;37,50 $;712,50 $;393,26 $;0,07%;
05/04/2021;1;-20562,84 $;156,74 $;156,74 $;0,00 $;5,76 $;-25359,88 $;0,00 $;100,00%;156,74 $;156,74 $;0,00 $;156,74 $;0,00 $;240,00;12,50 $;637,50 $;480,76 $;0,07%;
06/04/2021;1;-20893,60 $;-330,76 $;0,00 $;-330,76 $;5,76 $;-25690,64 $;-330,76 $;0,00%;-330,76 $;0,00 $;-330,76 $;0,00 $;-330,76 $;240,00;525,00 $;150,00 $;480,76 $;0,07%;
07/04/2021;1;-21011,86 $;-118,26 $;0,00 $;-118,26 $;5,76 $;-25808,90 $;-118,26 $;0,00%;-118,26 $;0,00 $;-118,26 $;0,00 $;-118,26 $;240,00;412,50 $;325,00 $;443,26 $;0,07%;
08/04/2021;1;-20367,62 $;644,24 $;644,24 $;0,00 $;5,76 $;-25164,66 $;0,00 $;100,00%;644,24 $;644,24 $;0,00 $;644,24 $;0,00 $;150,00;137,50 $;675,00 $;30,76 $;0,07%;
09/04/2021;1;-19610,88 $;756,74 $;756,74 $;0,00 $;5,76 $;-24407,92 $;0,00 $;100,00%;756,74 $;756,74 $;0,00 $;756,74 $;0,00 $;150,00;12,50 $;1137,50 $;380,76 $;0,07%;
12/04/2021;1;-19391,64 $;219,24 $;219,24 $;0,00 $;5,76 $;-24188,68 $;0,00 $;100,00%;219,24 $;219,24 $;0,00 $;219,24 $;0,00 $;210,00;375,00 $;375,00 $;155,76 $;0,07%;
13/04/2021;1;-18734,90 $;656,74 $;656,74 $;0,00 $;5,76 $;-23531,94 $;0,00 $;100,00%;656,74 $;656,74 $;0,00 $;656,74 $;0,00 $;240,00;250,00 $;750,00 $;93,26 $;0,07%;
14/04/2021;1;-19340,66 $;-605,76 $;0,00 $;-605,76 $;5,76 $;-24137,70 $;-605,76 $;0,00%;-605,76 $;0,00 $;-605,76 $;0,00 $;-605,76 $;240,00;1137,50 $;212,50 $;818,26 $;0,07%;
15/04/2021;1;-19158,92 $;181,74 $;181,74 $;0,00 $;5,76 $;-23955,96 $;0,00 $;100,00%;181,74 $;181,74 $;0,00 $;181,74 $;0,00 $;240,00;62,50 $;575,00 $;393,26 $;0,07%;
20/04/2021;1;-18989,68 $;169,24 $;169,24 $;0,00 $;5,76 $;-23786,72 $;0,00 $;100,00%;169,24 $;169,24 $;0,00 $;169,24 $;0,00 $;240,00;475,00 $;425,00 $;255,76 $;0,07%;
21/04/2021;1;-18532,94 $;456,74 $;456,74 $;0,00 $;5,76 $;-23329,98 $;0,00 $;100,00%;456,74 $;456,74 $;0,00 $;456,74 $;0,00 $;240,00;25,00 $;525,00 $;68,26 $;0,07%;
22/04/2021;1;-20526,20 $;-1993,26 $;0,00 $;-1993,26 $;5,76 $;-25323,24 $;-1993,26 $;0,00%;-1993,26 $;0,00 $;-1993,26 $;0,00 $;-1993,26 $;210,00;2625,00 $;200,00 $;2193,26 $;0,07%;
26/04/2021;1;-20819,46 $;-293,26 $;0,00 $;-293,26 $;5,76 $;-25616,50 $;-293,26 $;0,00%;-293,26 $;0,00 $;-293,26 $;0,00 $;-293,26 $;240,00;362,50 $;162,50 $;455,76 $;0,07%;
27/04/2021;1;-20500,22 $;319,24 $;319,24 $;0,00 $;5,76 $;-25297,26 $;0,00 $;100,00%;319,24 $;319,24 $;0,00 $;319,24 $;0,00 $;240,00;125,00 $;362,50 $;43,26 $;0,07%;
28/04/2021;2;-20161,74 $;338,48 $;338,48 $;0,00 $;11,52 $;-25265,52 $;0,00 $;100,00%;169,24 $;169,24 $;0,00 $;306,74 $;0,00 $;240,00;268,75 $;512,50 $;343,26 $;0,14%;
29/04/2021;1;-18942,50 $;1219,24 $;1219,24 $;0,00 $;5,76 $;-23739,54 $;0,00 $;100,00%;1219,24 $;1219,24 $;0,00 $;1219,24 $;0,00 $;210,00;150,00 $;1687,50 $;468,26 $;0,07%;
03/05/2021;1;-18748,26 $;194,24 $;194,24 $;0,00 $;5,76 $;-23545,30 $;0,00 $;100,00%;194,24 $;194,24 $;0,00 $;194,24 $;0,00 $;240,00;37,50 $;525,00 $;330,76 $;0,07%;
04/05/2021;1;-17879,02 $;869,24 $;869,24 $;0,00 $;5,76 $;-22676,06 $;0,00 $;100,00%;869,24 $;869,24 $;0,00 $;869,24 $;0,00 $;150,00;262,50 $;1087,50 $;218,26 $;0,07%;
05/05/2021;1;-18609,78 $;-730,76 $;0,00 $;-730,76 $;5,76 $;-23406,82 $;-730,76 $;0,00%;-730,76 $;0,00 $;-730,76 $;0,00 $;-730,76 $;210,00;1025,00 $;50,00 $;780,76 $;0,07%;
06/05/2021;2;-18008,80 $;600,98 $;600,98 $;0,00 $;11,52 $;-22937,58 $;0,00 $;100,00%;300,49 $;300,49 $;0,00 $;469,24 $;0,00 $;240,00;125,00 $;475,00 $;174,51 $;0,14%;
07/05/2021;1;-17927,06 $;81,74 $;81,74 $;0,00 $;5,76 $;-22724,10 $;0,00 $;100,00%;81,74 $;81,74 $;0,00 $;81,74 $;0,00 $;240,00;575,00 $;237,50 $;155,76 $;0,07%;
11/05/2021;1;-17645,32 $;281,74 $;281,74 $;0,00 $;5,76 $;-22442,36 $;0,00 $;100,00%;281,74 $;281,74 $;0,00 $;281,74 $;0,00 $;240,00;925,00 $;575,00 $;293,26 $;0,07%;
12/05/2021;1;-18551,08 $;-905,76 $;0,00 $;-905,76 $;5,76 $;-23348,12 $;-905,76 $;0,00%;-905,76 $;0,00 $;-905,76 $;0,00 $;-905,76 $;90,00;950,00 $;775,00 $;1680,76 $;0,07%;
13/05/2021;1;-17656,84 $;894,24 $;894,24 $;0,00 $;5,76 $;-22453,88 $;0,00 $;100,00%;894,24 $;894,24 $;0,00 $;894,24 $;0,00 $;240,00;1000,00 $;1037,50 $;143,26 $;0,07%;
14/05/2021;1;-16900,10 $;756,74 $;756,74 $;0,00 $;5,76 $;-21697,14 $;0,00 $;100,00%;756,74 $;756,74 $;0,00 $;756,74 $;0,00 $;240,00;125,00 $;1000,00 $;243,26 $;0,07%;
17/05/2021;1;-16418,36 $;481,74 $;481,74 $;0,00 $;5,76 $;-21215,40 $;0,00 $;100,00%;481,74 $;481,74 $;0,00 $;481,74 $;0,00 $;210,00;662,50 $;637,50 $;155,76 $;0,07%;
18/05/2021;1;-18024,12 $;-1605,76 $;0,00 $;-1605,76 $;5,76 $;-22821,16 $;-1605,76 $;0,00%;-1605,76 $;0,00 $;-1605,76 $;0,00 $;-1605,76 $;90,00;1762,50 $;112,50 $;1718,26 $;0,07%;
19/05/2021;1;-17104,88 $;919,24 $;919,24 $;0,00 $;5,76 $;-21901,92 $;0,00 $;100,00%;919,24 $;919,24 $;0,00 $;919,24 $;0,00 $;240,00;450,00 $;1225,00 $;305,76 $;0,07%;
24/05/2021;1;-16910,64 $;194,24 $;194,24 $;0,00 $;5,76 $;-21707,68 $;0,00 $;100,00%;194,24 $;194,24 $;0,00 $;194,24 $;0,00 $;240,00;337,50 $;375,00 $;180,76 $;0,07%;
25/05/2021;1;-16953,90 $;-43,26 $;0,00 $;-43,26 $;5,76 $;-21750,94 $;-43,26 $;0,00%;-43,26 $;0,00 $;-43,26 $;0,00 $;-43,26 $;240,00;362,50 $;462,50 $;505,76 $;0,07%;
26/05/2021;1;-16959,66 $;-5,76 $;0,00 $;-5,76 $;5,76 $;-21756,70 $;-5,76 $;0,00%;-5,76 $;0,00 $;-5,76 $;0,00 $;-5,76 $;240,00;262,50 $;325,00 $;330,76 $;0,07%;
27/05/2021;1;-17127,92 $;-168,26 $;0,00 $;-168,26 $;5,76 $;-21924,96 $;-168,26 $;0,00%;-168,26 $;0,00 $;-168,26 $;0,00 $;-168,26 $;240,00;312,50 $;337,50 $;505,76 $;0,07%;
28/05/2021;1;-17171,18 $;-43,26 $;0,00 $;-43,26 $;5,76 $;-21968,22 $;-43,26 $;0,00%;-43,26 $;0,00 $;-43,26 $;0,00 $;-43,26 $;240,00;150,00 $;275,00 $;318,26 $;0,07%;
01/06/2021;1;-17339,44 $;-168,26 $;0,00 $;-168,26 $;5,76 $;-22136,48 $;-168,26 $;0,00%;-168,26 $;0,00 $;-168,26 $;0,00 $;-168,26 $;240,00;500,00 $;137,50 $;305,76 $;0,07%;
02/06/2021;1;-18007,70 $;-668,26 $;0,00 $;-668,26 $;5,76 $;-22804,74 $;-668,26 $;0,00%;-668,26 $;0,00 $;-668,26 $;0,00 $;-668,26 $;240,00;887,50 $;62,50 $;730,76 $;0,07%;
04/06/2021;1;-17663,46 $;344,24 $;344,24 $;0,00 $;5,76 $;-22460,50 $;0,00 $;100,00%;344,24 $;344,24 $;0,00 $;344,24 $;0,00 $;210,00;0,00 $;650,00 $;305,76 $;0,07%;
07/06/2021;1;-17281,72 $;381,74 $;381,74 $;0,00 $;5,76 $;-22078,76 $;0,00 $;100,00%;381,74 $;381,74 $;0,00 $;381,74 $;0,00 $;210,00;175,00 $;437,50 $;55,76 $;0,07%;
08/06/2021;1;-17349,98 $;-68,26 $;0,00 $;-68,26 $;5,76 $;-22147,02 $;-68,26 $;0,00%;-68,26 $;0,00 $;-68,26 $;0,00 $;-68,26 $;210,00;150,00 $;237,50 $;305,76 $;0,07%;
09/06/2021;1;-17780,74 $;-430,76 $;0,00 $;-430,76 $;5,76 $;-22577,78 $;-430,76 $;0,00%;-430,76 $;0,00 $;-430,76 $;0,00 $;-430,76 $;90,00;687,50 $;50,00 $;480,76 $;0,07%;
10/06/2021;1;-17649,00 $;131,74 $;131,74 $;0,00 $;5,76 $;-22446,04 $;0,00 $;100,00%;131,74 $;131,74 $;0,00 $;131,74 $;0,00 $;240,00;175,00 $;450,00 $;318,26 $;0,07%;
18/06/2021;1;-19054,76 $;-1405,76 $;0,00 $;-1405,76 $;5,76 $;-23851,80 $;-1405,76 $;0,00%;-1405,76 $;0,00 $;-1405,76 $;0,00 $;-1405,76 $;150,00;1450,00 $;337,50 $;1743,26 $;0,07%;
21/06/2021;1;-18660,52 $;394,24 $;394,24 $;0,00 $;5,76 $;-23457,56 $;0,00 $;100,00%;394,24 $;394,24 $;0,00 $;394,24 $;0,00 $;240,00;37,50 $;575,00 $;180,76 $;0,07%;
22/06/2021;1;-18328,78 $;331,74 $;331,74 $;0,00 $;5,76 $;-23125,82 $;0,00 $;100,00%;331,74 $;331,74 $;0,00 $;331,74 $;0,00 $;210,00;162,50 $;787,50 $;455,76 $;0,07%;
23/06/2021;1;-18084,54 $;244,24 $;244,24 $;0,00 $;5,76 $;-22881,58 $;0,00 $;100,00%;244,24 $;244,24 $;0,00 $;244,24 $;0,00 $;240,00;250,00 $;325,00 $;80,76 $;0,07%;
24/06/2021;1;-18065,30 $;19,24 $;19,24 $;0,00 $;5,76 $;-22862,34 $;0,00 $;100,00%;19,24 $;19,24 $;0,00 $;19,24 $;0,00 $;240,00;200,00 $;275,00 $;255,76 $;0,07%;
28/06/2021;1;-17608,56 $;456,74 $;456,74 $;0,00 $;5,76 $;-22405,60 $;0,00 $;100,00%;456,74 $;456,74 $;0,00 $;456,74 $;0,00 $;240,00;200,00 $;500,00 $;43,26 $;0,07%;
29/06/2021;1;-17526,82 $;81,74 $;81,74 $;0,00 $;5,76 $;-22323,86 $;0,00 $;100,00%;81,74 $;81,74 $;0,00 $;81,74 $;0,00 $;30,00;112,50 $;187,50 $;105,76 $;0,07%;
30/06/2021;1;-17107,58 $;419,24 $;419,24 $;0,00 $;5,76 $;-21904,62 $;0,00 $;100,00%;419,24 $;419,24 $;0,00 $;419,24 $;0,00 $;210,00;125,00 $;500,00 $;80,76 $;0,07%;
02/07/2021;1;-16363,34 $;744,24 $;744,24 $;0,00 $;5,76 $;-21160,38 $;0,00 $;100,00%;744,24 $;744,24 $;0,00 $;744,24 $;0,00 $;240,00;50,00 $;787,50 $;43,26 $;0,07%;
07/07/2021;1;-16306,60 $;56,74 $;56,74 $;0,00 $;5,76 $;-21103,64 $;0,00 $;100,00%;56,74 $;56,74 $;0,00 $;56,74 $;0,00 $;30,00;212,50 $;112,50 $;55,76 $;0,07%;
09/07/2021;1;-15912,36 $;394,24 $;394,24 $;0,00 $;5,76 $;-20709,40 $;0,00 $;100,00%;394,24 $;394,24 $;0,00 $;394,24 $;0,00 $;240,00;100,00 $;487,50 $;93,26 $;0,07%;
12/07/2021;1;-15543,12 $;369,24 $;369,24 $;0,00 $;5,76 $;-20340,16 $;0,00 $;100,00%;369,24 $;369,24 $;0,00 $;369,24 $;0,00 $;240,00;162,50 $;400,00 $;30,76 $;0,07%;
13/07/2021;1;-16548,88 $;-1005,76 $;0,00 $;-1005,76 $;5,76 $;-21345,92 $;-1005,76 $;0,00%;-1005,76 $;0,00 $;-1005,76 $;0,00 $;-1005,76 $;240,00;1087,50 $;87,50 $;1093,26 $;0,07%;
14/07/2021;1;-16492,14 $;56,74 $;56,74 $;0,00 $;5,76 $;-21289,18 $;0,00 $;100,00%;56,74 $;56,74 $;0,00 $;56,74 $;0,00 $;150,00;37,50 $;562,50 $;505,76 $;0,07%;
16/07/2021;1;-17847,90 $;-1355,76 $;0,00 $;-1355,76 $;5,76 $;-22644,94 $;-1355,76 $;0,00%;-1355,76 $;0,00 $;-1355,76 $;0,00 $;-1355,76 $;210,00;1462,50 $;125,00 $;1480,76 $;0,07%;
20/07/2021;1;-16766,16 $;1081,74 $;1081,74 $;0,00 $;5,76 $;-21563,20 $;0,00 $;100,00%;1081,74 $;1081,74 $;0,00 $;1081,74 $;0,00 $;240,00;25,00 $;1262,50 $;180,76 $;0,07%;
21/07/2021;1;-16321,92 $;444,24 $;444,24 $;0,00 $;5,76 $;-21118,96 $;0,00 $;100,00%;444,24 $;444,24 $;0,00 $;444,24 $;0,00 $;240,00;50,00 $;600,00 $;155,76 $;0,07%;
22/07/2021;1;-15740,18 $;581,74 $;581,74 $;0,00 $;5,76 $;-20537,22 $;0,00 $;100,00%;581,74 $;581,74 $;0,00 $;581,74 $;0,00 $;90,00;175,00 $;612,50 $;30,76 $;0,07%;
26/07/2021;1;-15558,44 $;181,74 $;181,74 $;0,00 $;5,76 $;-20355,48 $;0,00 $;100,00%;181,74 $;181,74 $;0,00 $;181,74 $;0,00 $;240,00;250,00 $;212,50 $;30,76 $;0,07%;
27/07/2021;1;-14976,70 $;581,74 $;581,74 $;0,00 $;5,76 $;-19773,74 $;0,00 $;100,00%;581,74 $;581,74 $;0,00 $;581,74 $;0,00 $;210,00;612,50 $;937,50 $;355,76 $;0,07%;
28/07/2021;1;-15057,46 $;-80,76 $;0,00 $;-80,76 $;5,76 $;-19854,50 $;-80,76 $;0,00%;-80,76 $;0,00 $;-80,76 $;0,00 $;-80,76 $;210,00;762,50 $;750,00 $;830,76 $;0,07%;
29/07/2021;1;-15175,72 $;-118,26 $;0,00 $;-118,26 $;5,76 $;-19972,76 $;-118,26 $;0,00%;-118,26 $;0,00 $;-118,26 $;0,00 $;-118,26 $;240,00;137,50 $;312,50 $;430,76 $;0,07%;
02/08/2021;1;-16256,48 $;-1080,76 $;0,00 $;-1080,76 $;5,76 $;-21053,52 $;-1080,76 $;0,00%;-1080,76 $;0,00 $;-1080,76 $;0,00 $;-1080,76 $;240,00;1112,50 $;37,50 $;1118,26 $;0,07%;
03/08/2021;1;-15537,24 $;719,24 $;719,24 $;0,00 $;5,76 $;-20334,28 $;0,00 $;100,00%;719,24 $;719,24 $;0,00 $;719,24 $;0,00 $;210,00;62,50 $;1000,00 $;280,76 $;0,07%;
05/08/2021;1;-15655,50 $;-118,26 $;0,00 $;-118,26 $;5,76 $;-20452,54 $;-118,26 $;0,00%;-118,26 $;0,00 $;-118,26 $;0,00 $;-118,26 $;240,00;325,00 $;37,50 $;155,76 $;0,07%;
09/08/2021;1;-15648,76 $;6,74 $;6,74 $;0,00 $;5,76 $;-20445,80 $;0,00 $;100,00%;6,74 $;6,74 $;0,00 $;6,74 $;0,00 $;30,00;175,00 $;162,50 $;155,76 $;0,07%;
10/08/2021;1;-15617,02 $;31,74 $;31,74 $;0,00 $;5,76 $;-20414,06 $;0,00 $;100,00%;31,74 $;31,74 $;0,00 $;31,74 $;0,00 $;240,00;100,00 $;362,50 $;330,76 $;0,07%;
11/08/2021;1;-15272,78 $;344,24 $;344,24 $;0,00 $;5,76 $;-20069,82 $;0,00 $;100,00%;344,24 $;344,24 $;0,00 $;344,24 $;0,00 $;210,00;12,50 $;400,00 $;55,76 $;0,07%;
12/08/2021;1;-14903,54 $;369,24 $;369,24 $;0,00 $;5,76 $;-19700,58 $;0,00 $;100,00%;369,24 $;369,24 $;0,00 $;369,24 $;0,00 $;210,00;100,00 $;475,00 $;105,76 $;0,07%;
13/08/2021;1;-14984,30 $;-80,76 $;0,00 $;-80,76 $;5,76 $;-19781,34 $;-80,76 $;0,00%;-80,76 $;0,00 $;-80,76 $;0,00 $;-80,76 $;240,00;212,50 $;87,50 $;168,26 $;0,07%;
16/08/2021;1;-13777,56 $;1206,74 $;1206,74 $;0,00 $;5,76 $;-18574,60 $;0,00 $;100,00%;1206,74 $;1206,74 $;0,00 $;1206,74 $;0,00 $;210,00;112,50 $;1387,50 $;180,76 $;0,07%;
18/08/2021;1;-16158,32 $;-2380,76 $;0,00 $;-2380,76 $;5,76 $;-20955,36 $;-2380,76 $;0,00%;-2380,76 $;0,00 $;-2380,76 $;0,00 $;-2380,76 $;90,00;2725,00 $;162,50 $;2543,26 $;0,07%;
19/08/2021;1;-15176,58 $;981,74 $;981,74 $;0,00 $;5,76 $;-19973,62 $;0,00 $;100,00%;981,74 $;981,74 $;0,00 $;981,74 $;0,00 $;240,00;737,50 $;1112,50 $;130,76 $;0,07%;
20/08/2021;1;-14594,84 $;581,74 $;581,74 $;0,00 $;5,76 $;-19391,88 $;0,00 $;100,00%;581,74 $;581,74 $;0,00 $;581,74 $;0,00 $;240,00;112,50 $;687,50 $;105,76 $;0,07%;
23/08/2021;1;-14438,10 $;156,74 $;156,74 $;0,00 $;5,76 $;-19235,14 $;0,00 $;100,00%;156,74 $;156,74 $;0,00 $;156,74 $;0,00 $;240,00;50,00 $;362,50 $;205,76 $;0,07%;
24/08/2021;1;-14218,86 $;219,24 $;219,24 $;0,00 $;5,76 $;-19015,90 $;0,00 $;100,00%;219,24 $;219,24 $;0,00 $;219,24 $;0,00 $;240,00;200,00 $;262,50 $;43,26 $;0,07%;
25/08/2021;1;-14162,12 $;56,74 $;56,74 $;0,00 $;5,76 $;-18959,16 $;0,00 $;100,00%;56,74 $;56,74 $;0,00 $;56,74 $;0,00 $;240,00;75,00 $;262,50 $;205,76 $;0,07%;
27/08/2021;1;-13617,88 $;544,24 $;544,24 $;0,00 $;5,76 $;-18414,92 $;0,00 $;100,00%;544,24 $;544,24 $;0,00 $;544,24 $;0,00 $;240,00;0,00 $;662,50 $;118,26 $;0,07%;
31/08/2021;1;-13048,64 $;569,24 $;569,24 $;0,00 $;5,76 $;-17845,68 $;0,00 $;100,00%;569,24 $;569,24 $;0,00 $;569,24 $;0,00 $;30,00;50,00 $;600,00 $;30,76 $;0,07%;
01/09/2021;1;-13141,90 $;-93,26 $;0,00 $;-93,26 $;5,76 $;-17938,94 $;-93,26 $;0,00%;-93,26 $;0,00 $;-93,26 $;0,00 $;-93,26 $;240,00;212,50 $;412,50 $;505,76 $;0,07%;
02/09/2021;1;-13810,16 $;-668,26 $;0,00 $;-668,26 $;5,76 $;-18607,20 $;-668,26 $;0,00%;-668,26 $;0,00 $;-668,26 $;0,00 $;-668,26 $;240,00;862,50 $;62,50 $;730,76 $;0,07%;
03/09/2021;1;-13903,42 $;-93,26 $;0,00 $;-93,26 $;5,76 $;-18700,46 $;-93,26 $;0,00%;-93,26 $;0,00 $;-93,26 $;0,00 $;-93,26 $;150,00;150,00 $;225,00 $;318,26 $;0,07%;
07/09/2021;1;-14134,18 $;-230,76 $;0,00 $;-230,76 $;5,76 $;-18931,22 $;-230,76 $;0,00%;-230,76 $;0,00 $;-230,76 $;0,00 $;-230,76 $;210,00;325,00 $;300,00 $;530,76 $;0,07%;
08/09/2021;1;-14089,94 $;44,24 $;44,24 $;0,00 $;5,76 $;-18886,98 $;0,00 $;100,00%;44,24 $;44,24 $;0,00 $;44,24 $;0,00 $;210,00;337,50 $;200,00 $;155,76 $;0,07%;
09/09/2021;1;-14783,20 $;-693,26 $;0,00 $;-693,26 $;5,76 $;-19580,24 $;-693,26 $;0,00%;-693,26 $;0,00 $;-693,26 $;0,00 $;-693,26 $;240,00;1075,00 $;200,00 $;893,26 $;0,07%;
10/09/2021;1;-16276,46 $;-1493,26 $;0,00 $;-1493,26 $;5,76 $;-21073,50 $;-1493,26 $;0,00%;-1493,26 $;0,00 $;-1493,26 $;0,00 $;-1493,26 $;150,00;1725,00 $;187,50 $;1680,76 $;0,07%;
13/09/2021;1;-15594,72 $;681,74 $;681,74 $;0,00 $;5,76 $;-20391,76 $;0,00 $;100,00%;681,74 $;681,74 $;0,00 $;681,74 $;0,00 $;210,00;875,00 $;700,00 $;18,26 $;0,07%;
15/09/2021;1;-14262,98 $;1331,74 $;1331,74 $;0,00 $;5,76 $;-19060,02 $;0,00 $;100,00%;1331,74 $;1331,74 $;0,00 $;1331,74 $;0,00 $;240,00;237,50 $;1450,00 $;118,26 $;0,07%;
16/09/2021;1;-13681,24 $;581,74 $;581,74 $;0,00 $;5,76 $;-18478,28 $;0,00 $;100,00%;581,74 $;581,74 $;0,00 $;581,74 $;0,00 $;210,00;137,50 $;1350,00 $;768,26 $;0,07%;
20/09/2021;1;-13174,50 $;506,74 $;506,74 $;0,00 $;5,76 $;-17971,54 $;0,00 $;100,00%;506,74 $;506,74 $;0,00 $;506,74 $;0,00 $;210,00;1850,00 $;962,50 $;455,76 $;0,07%;
21/09/2021;1;-13855,26 $;-680,76 $;0,00 $;-680,76 $;5,76 $;-18652,30 $;-680,76 $;0,00%;-680,76 $;0,00 $;-680,76 $;0,00 $;-680,76 $;150,00;1025,00 $;837,50 $;1518,26 $;0,07%;
22/09/2021;1;-13436,02 $;419,24 $;419,24 $;0,00 $;5,76 $;-18233,06 $;0,00 $;100,00%;419,24 $;419,24 $;0,00 $;419,24 $;0,00 $;240,00;787,50 $;950,00 $;530,76 $;0,07%;
23/09/2021;1;-13241,78 $;194,24 $;194,24 $;0,00 $;5,76 $;-18038,82 $;0,00 $;100,00%;194,24 $;194,24 $;0,00 $;194,24 $;0,00 $;240,00;112,50 $;762,50 $;568,26 $;0,07%;
24/09/2021;1;-12960,04 $;281,74 $;281,74 $;0,00 $;5,76 $;-17757,08 $;0,00 $;100,00%;281,74 $;281,74 $;0,00 $;281,74 $;0,00 $;210,00;300,00 $;662,50 $;380,76 $;0,07%;
27/09/2021;1;-12865,80 $;94,24 $;94,24 $;0,00 $;5,76 $;-17662,84 $;0,00 $;100,00%;94,24 $;94,24 $;0,00 $;94,24 $;0,00 $;240,00;500,00 $;325,00 $;230,76 $;0,07%;
29/09/2021;1;-13409,06 $;-543,26 $;0,00 $;-543,26 $;5,76 $;-18206,10 $;-543,26 $;0,00%;-543,26 $;0,00 $;-543,26 $;0,00 $;-543,26 $;30,00;1100,00 $;62,50 $;605,76 $;0,07%;
30/09/2021;1;-14639,82 $;-1230,76 $;0,00 $;-1230,76 $;5,76 $;-19436,86 $;-1230,76 $;0,00%;-1230,76 $;0,00 $;-1230,76 $;0,00 $;-1230,76 $;240,00;2387,50 $;12,50 $;1243,26 $;0,07%;
04/10/2021;1;-13770,58 $;869,24 $;869,24 $;0,00 $;5,76 $;-18567,62 $;0,00 $;100,00%;869,24 $;869,24 $;0,00 $;869,24 $;0,00 $;150,00;37,50 $;1000,00 $;130,76 $;0,07%;
05/10/2021;1;-13901,34 $;-130,76 $;0,00 $;-130,76 $;5,76 $;-18698,38 $;-130,76 $;0,00%;-130,76 $;0,00 $;-130,76 $;0,00 $;-130,76 $;240,00;437,50 $;412,50 $;543,26 $;0,07%;
06/10/2021;1;-11719,60 $;2181,74 $;2181,74 $;0,00 $;5,76 $;-16516,64 $;0,00 $;100,00%;2181,74 $;2181,74 $;0,00 $;2181,74 $;0,00 $;240,00;262,50 $;2487,50 $;305,76 $;0,07%;
07/10/2021;1;-12375,36 $;-655,76 $;0,00 $;-655,76 $;5,76 $;-17172,40 $;-655,76 $;0,00%;-655,76 $;0,00 $;-655,76 $;0,00 $;-655,76 $;240,00;1012,50 $;350,00 $;1005,76 $;0,07%;
08/10/2021;1;-12618,62 $;-243,26 $;0,00 $;-243,26 $;5,76 $;-17415,66 $;-243,26 $;0,00%;-243,26 $;0,00 $;-243,26 $;0,00 $;-243,26 $;210,00;337,50 $;737,50 $;980,76 $;0,07%;
11/10/2021;1;-14374,38 $;-1755,76 $;0,00 $;-1755,76 $;5,76 $;-19171,42 $;-1755,76 $;0,00%;-1755,76 $;0,00 $;-1755,76 $;0,00 $;-1755,76 $;240,00;1775,00 $;387,50 $;2143,26 $;0,07%;
12/10/2021;1;-15805,14 $;-1430,76 $;0,00 $;-1430,76 $;5,76 $;-20602,18 $;-1430,76 $;0,00%;-1430,76 $;0,00 $;-1430,76 $;0,00 $;-1430,76 $;210,00;1475,00 $;200,00 $;1630,76 $;0,07%;
13/10/2021;1;-15023,40 $;781,74 $;781,74 $;0,00 $;5,76 $;-19820,44 $;0,00 $;100,00%;781,74 $;781,74 $;0,00 $;781,74 $;0,00 $;240,00;300,00 $;1600,00 $;818,26 $;0,07%;
15/10/2021;1;-14579,16 $;444,24 $;444,24 $;0,00 $;5,76 $;-19376,20 $;0,00 $;100,00%;444,24 $;444,24 $;0,00 $;444,24 $;0,00 $;210,00;112,50 $;637,50 $;193,26 $;0,07%;
18/10/2021;1;-14309,92 $;269,24 $;269,24 $;0,00 $;5,76 $;-19106,96 $;0,00 $;100,00%;269,24 $;269,24 $;0,00 $;269,24 $;0,00 $;240,00;62,50 $;437,50 $;168,26 $;0,07%;
19/10/2021;1;-14165,68 $;144,24 $;144,24 $;0,00 $;5,76 $;-18962,72 $;0,00 $;100,00%;144,24 $;144,24 $;0,00 $;144,24 $;0,00 $;240,00;237,50 $;312,50 $;168,26 $;0,07%;
20/10/2021;1;-14196,44 $;-30,76 $;0,00 $;-30,76 $;5,76 $;-18993,48 $;-30,76 $;0,00%;-30,76 $;0,00 $;-30,76 $;0,00 $;-30,76 $;240,00;512,50 $;262,50 $;293,26 $;0,07%;
21/10/2021;1;-13327,20 $;869,24 $;869,24 $;0,00 $;5,76 $;-18124,24 $;0,00 $;100,00%;869,24 $;869,24 $;0,00 $;869,24 $;0,00 $;240,00;50,00 $;912,50 $;43,26 $;0,07%;
22/10/2021;1;-13057,96 $;269,24 $;269,24 $;0,00 $;5,76 $;-17855,00 $;0,00 $;100,00%;269,24 $;269,24 $;0,00 $;269,24 $;0,00 $;240,00;700,00 $;825,00 $;555,76 $;0,07%;
26/10/2021;1;-13551,22 $;-493,26 $;0,00 $;-493,26 $;5,76 $;-18348,26 $;-493,26 $;0,00%;-493,26 $;0,00 $;-493,26 $;0,00 $;-493,26 $;90,00;537,50 $;312,50 $;805,76 $;0,07%;
27/10/2021;1;-13981,98 $;-430,76 $;0,00 $;-430,76 $;5,76 $;-18779,02 $;-430,76 $;0,00%;-430,76 $;0,00 $;-430,76 $;0,00 $;-430,76 $;240,00;812,50 $;475,00 $;905,76 $;0,07%;
28/10/2021;1;-14150,24 $;-168,26 $;0,00 $;-168,26 $;5,76 $;-18947,28 $;-168,26 $;0,00%;-168,26 $;0,00 $;-168,26 $;0,00 $;-168,26 $;240,00;537,50 $;212,50 $;380,76 $;0,07%;
29/10/2021;1;-13206,00 $;944,24 $;944,24 $;0,00 $;5,76 $;-18003,04 $;0,00 $;100,00%;944,24 $;944,24 $;0,00 $;944,24 $;0,00 $;90,00;125,00 $;1000,00 $;55,76 $;0,07%;
01/11/2021;1;-13049,26 $;156,74 $;156,74 $;0,00 $;5,76 $;-17846,30 $;0,00 $;100,00%;156,74 $;156,74 $;0,00 $;156,74 $;0,00 $;210,00;750,00 $;262,50 $;105,76 $;0,07%;
02/11/2021;1;-13067,52 $;-18,26 $;0,00 $;-18,26 $;5,76 $;-17864,56 $;-18,26 $;0,00%;-18,26 $;0,00 $;-18,26 $;0,00 $;-18,26 $;210,00;250,00 $;200,00 $;218,26 $;0,07%;
03/11/2021;1;-11460,78 $;1606,74 $;1606,74 $;0,00 $;5,76 $;-16257,82 $;0,00 $;100,00%;1606,74 $;1606,74 $;0,00 $;1606,74 $;0,00 $;210,00;275,00 $;1912,50 $;305,76 $;0,07%;
04/11/2021;1;-11104,04 $;356,74 $;356,74 $;0,00 $;5,76 $;-15901,08 $;0,00 $;100,00%;356,74 $;356,74 $;0,00 $;356,74 $;0,00 $;150,00;275,00 $;537,50 $;180,76 $;0,07%;
05/11/2021;1;-11884,80 $;-780,76 $;0,00 $;-780,76 $;5,76 $;-16681,84 $;-780,76 $;0,00%;-780,76 $;0,00 $;-780,76 $;0,00 $;-780,76 $;210,00;1287,50 $;100,00 $;880,76 $;0,07%;
08/11/2021;1;-11953,06 $;-68,26 $;0,00 $;-68,26 $;5,76 $;-16750,10 $;-68,26 $;0,00%;-68,26 $;0,00 $;-68,26 $;0,00 $;-68,26 $;150,00;250,00 $;312,50 $;380,76 $;0,07%;
09/11/2021;1;-11733,82 $;219,24 $;219,24 $;0,00 $;5,76 $;-16530,86 $;0,00 $;100,00%;219,24 $;219,24 $;0,00 $;219,24 $;0,00 $;150,00;325,00 $;462,50 $;243,26 $;0,07%;
12/11/2021;1;-11527,08 $;206,74 $;206,74 $;0,00 $;5,76 $;-16324,12 $;0,00 $;100,00%;206,74 $;206,74 $;0,00 $;206,74 $;0,00 $;240,00;300,00 $;262,50 $;55,76 $;0,07%;
15/11/2021;1;-11020,34 $;506,74 $;506,74 $;0,00 $;5,76 $;-15817,38 $;0,00 $;100,00%;506,74 $;506,74 $;0,00 $;506,74 $;0,00 $;210,00;12,50 $;575,00 $;68,26 $;0,07%;
16/11/2021;1;-11513,60 $;-493,26 $;0,00 $;-493,26 $;5,76 $;-16310,64 $;-493,26 $;0,00%;-493,26 $;0,00 $;-493,26 $;0,00 $;-493,26 $;90,00;587,50 $;12,50 $;505,76 $;0,07%;
17/11/2021;1;-11519,36 $;-5,76 $;0,00 $;-5,76 $;5,76 $;-16316,40 $;-5,76 $;0,00%;-5,76 $;0,00 $;-5,76 $;0,00 $;-5,76 $;240,00;362,50 $;400,00 $;405,76 $;0,07%;
18/11/2021;1;-11550,12 $;-30,76 $;0,00 $;-30,76 $;5,76 $;-16347,16 $;-30,76 $;0,00%;-30,76 $;0,00 $;-30,76 $;0,00 $;-30,76 $;210,00;600,00 $;87,50 $;118,26 $;0,07%;
19/11/2021;1;-12243,38 $;-693,26 $;0,00 $;-693,26 $;5,76 $;-17040,42 $;-693,26 $;0,00%;-693,26 $;0,00 $;-693,26 $;0,00 $;-693,26 $;210,00;950,00 $;262,50 $;955,76 $;0,07%;
22/11/2021;1;-12686,64 $;-443,26 $;0,00 $;-443,26 $;5,76 $;-17483,68 $;-443,26 $;0,00%;-443,26 $;0,00 $;-443,26 $;0,00 $;-443,26 $;240,00;1475,00 $;137,50 $;580,76 $;0,07%;
23/11/2021;1;-11979,90 $;706,74 $;706,74 $;0,00 $;5,76 $;-16776,94 $;0,00 $;100,00%;706,74 $;706,74 $;0,00 $;706,74 $;0,00 $;210,00;700,00 $;1175,00 $;468,26 $;0,07%;
24/11/2021;1;-11523,16 $;456,74 $;456,74 $;0,00 $;5,76 $;-16320,20 $;0,00 $;100,00%;456,74 $;456,74 $;0,00 $;456,74 $;0,00 $;240,00;550,00 $;525,00 $;68,26 $;0,07%;
25/11/2021;1;-11503,92 $;19,24 $;19,24 $;0,00 $;5,76 $;-16300,96 $;0,00 $;100,00%;19,24 $;19,24 $;0,00 $;19,24 $;0,00 $;30,00;37,50 $;125,00 $;105,76 $;0,07%;
29/11/2021;1;-11959,68 $;-455,76 $;0,00 $;-455,76 $;5,76 $;-16756,72 $;-455,76 $;0,00%;-455,76 $;0,00 $;-455,76 $;0,00 $;-455,76 $;150,00;875,00 $;162,50 $;618,26 $;0,07%;
30/11/2021;1;-13027,94 $;-1068,26 $;0,00 $;-1068,26 $;5,76 $;-17824,98 $;-1068,26 $;0,00%;-1068,26 $;0,00 $;-1068,26 $;0,00 $;-1068,26 $;240,00;1400,00 $;350,00 $;1418,26 $;0,07%;
02/12/2021;1;-12446,20 $;581,74 $;581,74 $;0,00 $;5,76 $;-17243,24 $;0,00 $;100,00%;581,74 $;581,74 $;0,00 $;581,74 $;0,00 $;240,00;987,50 $;1200,00 $;618,26 $;0,07%;
06/12/2021;1;-11701,96 $;744,24 $;744,24 $;0,00 $;5,76 $;-16499,00 $;0,00 $;100,00%;744,24 $;744,24 $;0,00 $;744,24 $;0,00 $;240,00;287,50 $;1662,50 $;918,26 $;0,07%;
07/12/2021;1;-12257,72 $;-555,76 $;0,00 $;-555,76 $;5,76 $;-17054,76 $;-555,76 $;0,00%;-555,76 $;0,00 $;-555,76 $;0,00 $;-555,76 $;240,00;550,00 $;262,50 $;818,26 $;0,07%;
08/12/2021;1;-11500,98 $;756,74 $;756,74 $;0,00 $;5,76 $;-16298,02 $;0,00 $;100,00%;756,74 $;756,74 $;0,00 $;756,74 $;0,00 $;240,00;225,00 $;800,00 $;43,26 $;0,07%;
10/12/2021;1;-10769,24 $;731,74 $;731,74 $;0,00 $;5,76 $;-15566,28 $;0,00 $;100,00%;731,74 $;731,74 $;0,00 $;731,74 $;0,00 $;240,00;212,50 $;812,50 $;80,76 $;0,07%;
13/12/2021;1;-11312,50 $;-543,26 $;0,00 $;-543,26 $;5,76 $;-16109,54 $;-543,26 $;0,00%;-543,26 $;0,00 $;-543,26 $;0,00 $;-543,26 $;90,00;937,50 $;325,00 $;868,26 $;0,07%;
14/12/2021;1;-10405,76 $;906,74 $;906,74 $;0,00 $;5,76 $;-15202,80 $;0,00 $;100,00%;906,74 $;906,74 $;0,00 $;906,74 $;0,00 $;240,00;937,50 $;937,50 $;30,76 $;0,07%;
15/12/2021;1;-6036,52 $;4369,24 $;4369,24 $;0,00 $;5,76 $;-10833,56 $;0,00 $;100,00%;4369,24 $;4369,24 $;0,00 $;4369,24 $;0,00 $;210,00;637,50 $;4550,00 $;180,76 $;0,07%;
17/12/2021;1;-6329,78 $;-293,26 $;0,00 $;-293,26 $;5,76 $;-11126,82 $;-293,26 $;0,00%;-293,26 $;0,00 $;-293,26 $;0,00 $;-293,26 $;210,00;1012,50 $;1087,50 $;1380,76 $;0,07%;
21/12/2021;1;-4298,04 $;2031,74 $;2031,74 $;0,00 $;5,76 $;-9095,08 $;0,00 $;100,00%;2031,74 $;2031,74 $;0,00 $;2031,74 $;0,00 $;240,00;25,00 $;2312,50 $;280,76 $;0,07%;
22/12/2021;1;-4203,80 $;94,24 $;94,24 $;0,00 $;5,76 $;-9000,84 $;0,00 $;100,00%;94,24 $;94,24 $;0,00 $;94,24 $;0,00 $;240,00;525,00 $;312,50 $;218,26 $;0,07%;
23/12/2021;1;-3959,56 $;244,24 $;244,24 $;0,00 $;5,76 $;-8756,60 $;0,00 $;100,00%;244,24 $;244,24 $;0,00 $;244,24 $;0,00 $;240,00;100,00 $;437,50 $;193,26 $;0,07%;
27/12/2021;1;-3402,82 $;556,74 $;556,74 $;0,00 $;5,76 $;-8199,86 $;0,00 $;100,00%;556,74 $;556,74 $;0,00 $;556,74 $;0,00 $;240,00;175,00 $;737,50 $;180,76 $;0,07%;
28/12/2021;1;-3146,08 $;256,74 $;256,74 $;0,00 $;5,76 $;-7943,12 $;0,00 $;100,00%;256,74 $;256,74 $;0,00 $;256,74 $;0,00 $;210,00;400,00 $;437,50 $;180,76 $;0,07%;
29/12/2021;1;-2564,34 $;581,74 $;581,74 $;0,00 $;5,76 $;-7361,38 $;0,00 $;100,00%;581,74 $;581,74 $;0,00 $;581,74 $;0,00 $;240,00;275,00 $;612,50 $;30,76 $;0,07%;
30/12/2021;1;-2945,10 $;-380,76 $;0,00 $;-380,76 $;5,76 $;-7742,14 $;-380,76 $;0,00%;-380,76 $;0,00 $;-380,76 $;0,00 $;-380,76 $;240,00;387,50 $;62,50 $;443,26 $;0,07%;
31/12/2021;1;-2900,86 $;44,24 $;44,24 $;0,00 $;5,76 $;-7697,90 $;0,00 $;100,00%;44,24 $;44,24 $;0,00 $;44,24 $;0,00 $;210,00;212,50 $;837,50 $;793,26 $;0,07%;
03/01/2022;1;-2594,12 $;306,74 $;306,74 $;0,00 $;5,76 $;-7391,16 $;0,00 $;100,00%;306,74 $;306,74 $;0,00 $;306,74 $;0,00 $;90,00;150,00 $;475,00 $;168,26 $;0,07%;
04/01/2022;1;-1974,88 $;619,24 $;619,24 $;0,00 $;5,76 $;-6771,92 $;0,00 $;100,00%;619,24 $;619,24 $;0,00 $;619,24 $;0,00 $;240,00;700,00 $;662,50 $;43,26 $;0,07%;
05/01/2022;1;-5468,14 $;-3493,26 $;0,00 $;-3493,26 $;5,76 $;-10265,18 $;-3493,26 $;0,00%;-3493,26 $;0,00 $;-3493,26 $;0,00 $;-3493,26 $;240,00;3662,50 $;25,00 $;3518,26 $;0,07%;
06/01/2022;1;-5311,40 $;156,74 $;156,74 $;0,00 $;5,76 $;-10108,44 $;0,00 $;100,00%;156,74 $;156,74 $;0,00 $;156,74 $;0,00 $;240,00;287,50 $;1100,00 $;943,26 $;0,07%;
07/01/2022;1;-5029,66 $;281,74 $;281,74 $;0,00 $;5,76 $;-9826,70 $;0,00 $;100,00%;281,74 $;281,74 $;0,00 $;281,74 $;0,00 $;240,00;175,00 $;837,50 $;555,76 $;0,07%;
10/01/2022;1;-1360,42 $;3669,24 $;3669,24 $;0,00 $;5,76 $;-6157,46 $;0,00 $;100,00%;3669,24 $;3669,24 $;0,00 $;3669,24 $;0,00 $;210,00;187,50 $;3737,50 $;68,26 $;0,07%;
11/01/2022;1;83,82 $;1444,24 $;1444,24 $;0,00 $;5,76 $;-4713,22 $;0,00 $;100,00%;1444,24 $;1444,24 $;0,00 $;1444,24 $;0,00 $;240,00;175,00 $;1562,50 $;118,26 $;0,07%;
12/01/2022;1;140,56 $;56,74 $;56,74 $;0,00 $;5,76 $;-4656,48 $;0,00 $;100,00%;56,74 $;56,74 $;0,00 $;56,74 $;0,00 $;240,00;300,00 $;750,00 $;693,26 $;0,07%;
13/01/2022;1;-1702,70 $;-1843,26 $;0,00 $;-1843,26 $;5,76 $;-6499,74 $;-1843,26 $;0,00%;-1843,26 $;0,00 $;-1843,26 $;0,00 $;-1843,26 $;210,00;2100,00 $;750,00 $;2593,26 $;0,07%;
14/01/2022;1;-583,46 $;1119,24 $;1119,24 $;0,00 $;5,76 $;-5380,50 $;0,00 $;100,00%;1119,24 $;1119,24 $;0,00 $;1119,24 $;0,00 $;240,00;787,50 $;1400,00 $;280,76 $;0,07%;
18/01/2022;1;-801,72 $;-218,26 $;0,00 $;-218,26 $;5,76 $;-5598,76 $;-218,26 $;0,00%;-218,26 $;0,00 $;-218,26 $;0,00 $;-218,26 $;240,00;1000,00 $;725,00 $;943,26 $;0,07%;
19/01/2022;1;-3369,98 $;-2568,26 $;0,00 $;-2568,26 $;5,76 $;-8167,02 $;-2568,26 $;0,00%;-2568,26 $;0,00 $;-2568,26 $;0,00 $;-2568,26 $;150,00;2925,00 $;200,00 $;2768,26 $;0,07%;
20/01/2022;1;-7025,74 $;-3655,76 $;0,00 $;-3655,76 $;5,76 $;-11822,78 $;-3655,76 $;0,00%;-3655,76 $;0,00 $;-3655,76 $;0,00 $;-3655,76 $;240,00;3887,50 $;112,50 $;3768,26 $;0,07%;
21/01/2022;1;-9969,00 $;-2943,26 $;0,00 $;-2943,26 $;5,76 $;-14766,04 $;-2943,26 $;0,00%;-2943,26 $;0,00 $;-2943,26 $;0,00 $;-2943,26 $;210,00;2987,50 $;387,50 $;3330,76 $;0,07%;
24/01/2022;1;-1399,76 $;8569,24 $;8569,24 $;0,00 $;5,76 $;-6196,80 $;0,00 $;100,00%;8569,24 $;8569,24 $;0,00 $;8569,24 $;0,00 $;210,00;612,50 $;9012,50 $;443,26 $;0,07%;
25/01/2022;1;256,98 $;1656,74 $;1656,74 $;0,00 $;5,76 $;-4540,06 $;0,00 $;100,00%;1656,74 $;1656,74 $;0,00 $;1656,74 $;0,00 $;240,00;1475,00 $;3800,00 $;2143,26 $;0,07%;
28/01/2022;1;3238,72 $;2981,74 $;2981,74 $;0,00 $;5,76 $;-1558,32 $;0,00 $;100,00%;2981,74 $;2981,74 $;0,00 $;2981,74 $;0,00 $;210,00;1887,50 $;3275,00 $;293,26 $;0,07%;
31/01/2022;1;4732,96 $;1494,24 $;1494,24 $;0,00 $;5,76 $;-64,08 $;0,00 $;100,00%;1494,24 $;1494,24 $;0,00 $;1494,24 $;0,00 $;240,00;137,50 $;2100,00 $;605,76 $;0,07%;
01/02/2022;1;6927,20 $;2194,24 $;2194,24 $;0,00 $;5,76 $;0,00 $;0,00 $;100,00%;2194,24 $;2194,24 $;0,00 $;2194,24 $;0,00 $;210,00;550,00 $;2212,50 $;18,26 $;0,07%;
04/02/2022;1;7208,94 $;281,74 $;281,74 $;0,00 $;5,76 $;0,00 $;0,00 $;100,00%;281,74 $;281,74 $;0,00 $;281,74 $;0,00 $;210,00;312,50 $;2675,00 $;2393,26 $;0,07%;
07/02/2022;1;7178,18 $;-30,76 $;0,00 $;-30,76 $;5,76 $;-30,76 $;-30,76 $;0,00%;-30,76 $;0,00 $;-30,76 $;0,00 $;-30,76 $;240,00;1212,50 $;925,00 $;955,76 $;0,07%;
08/02/2022;1;7772,42 $;594,24 $;594,24 $;0,00 $;5,76 $;0,00 $;0,00 $;100,00%;594,24 $;594,24 $;0,00 $;594,24 $;0,00 $;210,00;1025,00 $;887,50 $;293,26 $;0,07%;
09/02/2022;1;8179,16 $;406,74 $;406,74 $;0,00 $;5,76 $;0,00 $;0,00 $;100,00%;406,74 $;406,74 $;0,00 $;406,74 $;0,00 $;240,00;412,50 $;712,50 $;305,76 $;0,07%;
10/02/2022;1;5523,40 $;-2655,76 $;0,00 $;-2655,76 $;5,76 $;-2655,76 $;-2655,76 $;0,00%;-2655,76 $;0,00 $;-2655,76 $;0,00 $;-2655,76 $;240,00;3012,50 $;700,00 $;3355,76 $;0,07%;
14/02/2022;1;5067,64 $;-455,76 $;0,00 $;-455,76 $;5,76 $;-3111,52 $;-455,76 $;0,00%;-455,76 $;0,00 $;-455,76 $;0,00 $;-455,76 $;150,00;2325,00 $;125,00 $;580,76 $;0,07%;
15/02/2022;1;5336,88 $;269,24 $;269,24 $;0,00 $;5,76 $;-2842,28 $;0,00 $;100,00%;269,24 $;269,24 $;0,00 $;269,24 $;0,00 $;240,00;912,50 $;475,00 $;205,76 $;0,07%;
16/02/2022;1;7231,12 $;1894,24 $;1894,24 $;0,00 $;5,76 $;-948,04 $;0,00 $;100,00%;1894,24 $;1894,24 $;0,00 $;1894,24 $;0,00 $;240,00;875,00 $;2037,50 $;143,26 $;0,07%;
22/02/2022;2;7282,10 $;50,98 $;144,24 $;-93,26 $;11,52 $;-897,06 $;-93,26 $;50,00%;25,49 $;144,24 $;-93,26 $;144,24 $;-93,26 $;270,00;1468,75 $;525,00 $;499,51 $;0,14%;
24/02/2022;1;12276,34 $;4994,24 $;4994,24 $;0,00 $;5,76 $;0,00 $;0,00 $;100,00%;4994,24 $;4994,24 $;0,00 $;4994,24 $;0,00 $;210,00;550,00 $;6162,50 $;1168,26 $;0,07%;
25/02/2022;1;12983,08 $;706,74 $;706,74 $;0,00 $;5,76 $;0,00 $;0,00 $;100,00%;706,74 $;706,74 $;0,00 $;706,74 $;0,00 $;240,00;362,50 $;1250,00 $;543,26 $;0,07%;
28/02/2022;2;10946,56 $;-2036,52 $;44,24 $;-2080,76 $;11,52 $;-2080,76 $;-2080,76 $;50,00%;-1018,26 $;44,24 $;-2080,76 $;44,24 $;-2080,76 $;270,00;1756,25 $;193,75 $;1212,01 $;0,14%;
01/03/2022;1;11128,30 $;181,74 $;181,74 $;0,00 $;5,76 $;-1854,78 $;0,00 $;100,00%;181,74 $;181,74 $;0,00 $;181,74 $;0,00 $;90,00;1575,00 $;987,50 $;805,76 $;0,07%;
02/03/2022;1;11022,54 $;-105,76 $;0,00 $;-105,76 $;5,76 $;-1960,54 $;-105,76 $;0,00%;-105,76 $;0,00 $;-105,76 $;0,00 $;-105,76 $;210,00;175,00 $;1050,00 $;1155,76 $;0,07%;
03/03/2022;1;11329,28 $;306,74 $;306,74 $;0,00 $;5,76 $;-1653,80 $;0,00 $;100,00%;306,74 $;306,74 $;0,00 $;306,74 $;0,00 $;240,00;525,00 $;1750,00 $;1443,26 $;0,07%;
04/03/2022;1;12211,02 $;881,74 $;881,74 $;0,00 $;5,76 $;-772,06 $;0,00 $;100,00%;881,74 $;881,74 $;0,00 $;881,74 $;0,00 $;240,00;487,50 $;2237,50 $;1355,76 $;0,07%;
07/03/2022;1;9955,26 $;-2255,76 $;0,00 $;-2255,76 $;5,76 $;-3027,82 $;-2255,76 $;0,00%;-2255,76 $;0,00 $;-2255,76 $;0,00 $;-2255,76 $;90,00;2287,50 $;125,00 $;2380,76 $;0,07%;
08/03/2022;1;5524,50 $;-4430,76 $;0,00 $;-4430,76 $;5,76 $;-7458,58 $;-4430,76 $;0,00%;-4430,76 $;0,00 $;-4430,76 $;0,00 $;-4430,76 $;150,00;4625,00 $;12,50 $;4443,26 $;0,07%;
09/03/2022;1;5668,74 $;144,24 $;144,24 $;0,00 $;5,76 $;-7314,34 $;0,00 $;100,00%;144,24 $;144,24 $;0,00 $;144,24 $;0,00 $;0,00;187,50 $;487,50 $;343,26 $;0,07%;
10/03/2022;1;7737,98 $;2069,24 $;2069,24 $;0,00 $;5,76 $;-5245,10 $;0,00 $;100,00%;2069,24 $;2069,24 $;0,00 $;2069,24 $;0,00 $;240,00;162,50 $;2662,50 $;593,26 $;0,07%;
11/03/2022;1;6094,72 $;-1643,26 $;0,00 $;-1643,26 $;5,76 $;-6888,36 $;-1643,26 $;0,00%;-1643,26 $;0,00 $;-1643,26 $;0,00 $;-1643,26 $;240,00;1650,00 $;162,50 $;1805,76 $;0,07%;
14/03/2022;1;3538,96 $;-2555,76 $;0,00 $;-2555,76 $;5,76 $;-9444,12 $;-2555,76 $;0,00%;-2555,76 $;0,00 $;-2555,76 $;0,00 $;-2555,76 $;240,00;3250,00 $;75,00 $;2630,76 $;0,07%;
15/03/2022;2;4827,44 $;1288,48 $;1294,24 $;-5,76 $;11,52 $;-8155,64 $;-5,76 $;50,00%;644,24 $;1294,24 $;-5,76 $;1294,24 $;-5,76 $;270,00;493,75 $;812,50 $;168,26 $;0,14%;
16/03/2022;2;4928,42 $;100,98 $;100,98 $;0,00 $;11,52 $;-8111,40 $;0,00 $;100,00%;50,49 $;50,49 $;0,00 $;56,74 $;0,00 $;240,00;2062,50 $;350,00 $;299,51 $;0,14%;
17/03/2022;1;5060,16 $;131,74 $;131,74 $;0,00 $;5,76 $;-7922,92 $;0,00 $;100,00%;131,74 $;131,74 $;0,00 $;131,74 $;0,00 $;150,00;312,50 $;1262,50 $;1130,76 $;0,07%;
18/03/2022;1;7241,90 $;2181,74 $;2181,74 $;0,00 $;5,76 $;-5741,18 $;0,00 $;100,00%;2181,74 $;2181,74 $;0,00 $;2181,74 $;0,00 $;240,00;300,00 $;2287,50 $;105,76 $;0,07%;
22/03/2022;1;7786,14 $;544,24 $;544,24 $;0,00 $;5,76 $;-5196,94 $;0,00 $;100,00%;544,24 $;544,24 $;0,00 $;544,24 $;0,00 $;90,00;212,50 $;1000,00 $;455,76 $;0,07%;
23/03/2022;1;6605,38 $;-1180,76 $;0,00 $;-1180,76 $;5,76 $;-6377,70 $;-1180,76 $;0,00%;-1180,76 $;0,00 $;-1180,76 $;0,00 $;-1180,76 $;240,00;1675,00 $;225,00 $;1405,76 $;0,07%;
24/03/2022;2;7281,36 $;675,98 $;681,74 $;-5,76 $;11,52 $;-5701,72 $;-5,76 $;50,00%;337,99 $;681,74 $;-5,76 $;681,74 $;-5,76 $;270,00;368,75 $;437,50 $;99,51 $;0,14%;
25/03/2022;1;8463,10 $;1181,74 $;1181,74 $;0,00 $;5,76 $;-4519,98 $;0,00 $;100,00%;1181,74 $;1181,74 $;0,00 $;1181,74 $;0,00 $;210,00;500,00 $;1300,00 $;118,26 $;0,07%;
28/03/2022;1;11207,34 $;2744,24 $;2744,24 $;0,00 $;5,76 $;-1775,74 $;0,00 $;100,00%;2744,24 $;2744,24 $;0,00 $;2744,24 $;0,00 $;210,00;50,00 $;2850,00 $;105,76 $;0,07%;
29/03/2022;2;12295,82 $;1088,48 $;1094,24 $;-5,76 $;11,52 $;-687,26 $;-5,76 $;50,00%;544,24 $;1094,24 $;-5,76 $;1094,24 $;-5,76 $;270,00;475,00 $;618,75 $;74,51 $;0,14%;
31/03/2022;1;10252,56 $;-2043,26 $;0,00 $;-2043,26 $;5,76 $;-2730,52 $;-2043,26 $;0,00%;-2043,26 $;0,00 $;-2043,26 $;0,00 $;-2043,26 $;210,00;2637,50 $;275,00 $;2318,26 $;0,07%;
01/04/2022;1;11371,80 $;1119,24 $;1119,24 $;0,00 $;5,76 $;-1611,28 $;0,00 $;100,00%;1119,24 $;1119,24 $;0,00 $;1119,24 $;0,00 $;210,00;650,00 $;1387,50 $;268,26 $;0,07%;
04/04/2022;1;11803,54 $;431,74 $;431,74 $;0,00 $;5,76 $;-1179,54 $;0,00 $;100,00%;431,74 $;431,74 $;0,00 $;431,74 $;0,00 $;240,00;275,00 $;562,50 $;130,76 $;0,07%;
06/04/2022;1;11622,78 $;-180,76 $;0,00 $;-180,76 $;5,76 $;-1360,30 $;-180,76 $;0,00%;-180,76 $;0,00 $;-180,76 $;0,00 $;-180,76 $;0,00;175,00 $;25,00 $;205,76 $;0,07%;
08/04/2022;1;11404,52 $;-218,26 $;0,00 $;-218,26 $;5,76 $;-1578,56 $;-218,26 $;0,00%;-218,26 $;0,00 $;-218,26 $;0,00 $;-218,26 $;240,00;850,00 $;650,00 $;868,26 $;0,07%;
11/04/2022;1;11586,26 $;181,74 $;181,74 $;0,00 $;5,76 $;-1396,82 $;0,00 $;100,00%;181,74 $;181,74 $;0,00 $;181,74 $;0,00 $;0,00;50,00 $;187,50 $;5,76 $;0,07%;
12/04/2022;1;8080,50 $;-3505,76 $;0,00 $;-3505,76 $;5,76 $;-4902,58 $;-3505,76 $;0,00%;-3505,76 $;0,00 $;-3505,76 $;0,00 $;-3505,76 $;240,00;3712,50 $;250,00 $;3755,76 $;0,07%;
13/04/2022;1;9062,24 $;981,74 $;981,74 $;0,00 $;5,76 $;-3920,84 $;0,00 $;100,00%;981,74 $;981,74 $;0,00 $;981,74 $;0,00 $;240,00;387,50 $;1025,00 $;43,26 $;0,07%;
14/04/2022;1;8106,48 $;-955,76 $;0,00 $;-955,76 $;5,76 $;-4876,60 $;-955,76 $;0,00%;-955,76 $;0,00 $;-955,76 $;0,00 $;-955,76 $;150,00;1150,00 $;962,50 $;1918,26 $;0,07%;
19/04/2022;1;8813,22 $;706,74 $;706,74 $;0,00 $;5,76 $;-4169,86 $;0,00 $;100,00%;706,74 $;706,74 $;0,00 $;706,74 $;0,00 $;240,00;650,00 $;825,00 $;118,26 $;0,07%;
20/04/2022;1;8744,96 $;-68,26 $;0,00 $;-68,26 $;5,76 $;-4238,12 $;-68,26 $;0,00%;-68,26 $;0,00 $;-68,26 $;0,00 $;-68,26 $;240,00;1062,50 $;812,50 $;880,76 $;0,07%;
21/04/2022;1;7251,70 $;-1493,26 $;0,00 $;-1493,26 $;5,76 $;-5731,38 $;-1493,26 $;0,00%;-1493,26 $;0,00 $;-1493,26 $;0,00 $;-1493,26 $;90,00;1775,00 $;625,00 $;2118,26 $;0,07%;
25/04/2022;1;10070,94 $;2819,24 $;2819,24 $;0,00 $;5,76 $;-2912,14 $;0,00 $;100,00%;2819,24 $;2819,24 $;0,00 $;2819,24 $;0,00 $;150,00;662,50 $;2937,50 $;118,26 $;0,07%;
26/04/2022;1;7177,68 $;-2893,26 $;0,00 $;-2893,26 $;5,76 $;-5805,40 $;-2893,26 $;0,00%;-2893,26 $;0,00 $;-2893,26 $;0,00 $;-2893,26 $;150,00;3087,50 $;1037,50 $;3930,76 $;0,07%;
27/04/2022;1;6634,42 $;-543,26 $;0,00 $;-543,26 $;5,76 $;-6348,66 $;-543,26 $;0,00%;-543,26 $;0,00 $;-543,26 $;0,00 $;-543,26 $;150,00;2512,50 $;312,50 $;855,76 $;0,07%;
28/04/2022;1;7828,66 $;1194,24 $;1194,24 $;0,00 $;5,76 $;-5154,42 $;0,00 $;100,00%;1194,24 $;1194,24 $;0,00 $;1194,24 $;0,00 $;210,00;75,00 $;3212,50 $;2018,26 $;0,07%;
02/05/2022;1;8485,40 $;656,74 $;656,74 $;0,00 $;5,76 $;-4497,68 $;0,00 $;100,00%;656,74 $;656,74 $;0,00 $;656,74 $;0,00 $;240,00;2787,50 $;1000,00 $;343,26 $;0,07%;
03/05/2022;2;7936,38 $;-549,02 $;119,24 $;-668,26 $;11,52 $;-5165,94 $;-668,26 $;50,00%;-274,51 $;119,24 $;-668,26 $;119,24 $;-668,26 $;270,00;1050,00 $;318,75 $;593,26 $;0,14%;
04/05/2022;1;13493,12 $;5556,74 $;5556,74 $;0,00 $;5,76 $;0,00 $;0,00 $;100,00%;5556,74 $;5556,74 $;0,00 $;5556,74 $;0,00 $;210,00;1462,50 $;6350,00 $;793,26 $;0,07%;
06/05/2022;1;10912,36 $;-2580,76 $;0,00 $;-2580,76 $;5,76 $;-2580,76 $;-2580,76 $;0,00%;-2580,76 $;0,00 $;-2580,76 $;0,00 $;-2580,76 $;240,00;3212,50 $;325,00 $;2905,76 $;0,07%;
09/05/2022;1;9369,10 $;-1543,26 $;0,00 $;-1543,26 $;5,76 $;-4124,02 $;-1543,26 $;0,00%;-1543,26 $;0,00 $;-1543,26 $;0,00 $;-1543,26 $;150,00;2512,50 $;512,50 $;2055,76 $;0,07%;
10/05/2022;1;8813,34 $;-555,76 $;0,00 $;-555,76 $;5,76 $;-4679,78 $;-555,76 $;0,00%;-555,76 $;0,00 $;-555,76 $;0,00 $;-555,76 $;30,00;862,50 $;0,00 $;555,76 $;0,07%;
11/05/2022;1;5170,08 $;-3643,26 $;0,00 $;-3643,26 $;5,76 $;-8323,04 $;-3643,26 $;0,00%;-3643,26 $;0,00 $;-3643,26 $;0,00 $;-3643,26 $;240,00;4375,00 $;937,50 $;4580,76 $;0,07%;
12/05/2022;1;2726,82 $;-2443,26 $;0,00 $;-2443,26 $;5,76 $;-10766,30 $;-2443,26 $;0,00%;-2443,26 $;0,00 $;-2443,26 $;0,00 $;-2443,26 $;240,00;3925,00 $;162,50 $;2605,76 $;0,07%;
13/05/2022;1;3108,56 $;381,74 $;381,74 $;0,00 $;5,76 $;-10384,56 $;0,00 $;100,00%;381,74 $;381,74 $;0,00 $;381,74 $;0,00 $;240,00;2200,00 $;812,50 $;430,76 $;0,07%;
16/05/2022;1;4040,30 $;931,74 $;931,74 $;0,00 $;5,76 $;-9452,82 $;0,00 $;100,00%;931,74 $;931,74 $;0,00 $;931,74 $;0,00 $;240,00;425,00 $;2412,50 $;1480,76 $;0,07%;
17/05/2022;1;4034,54 $;-5,76 $;0,00 $;-5,76 $;5,76 $;-9458,58 $;-5,76 $;0,00%;-5,76 $;0,00 $;-5,76 $;0,00 $;-5,76 $;0,00;50,00 $;25,00 $;30,76 $;0,07%;
19/05/2022;1;4166,28 $;131,74 $;131,74 $;0,00 $;5,76 $;-9326,84 $;0,00 $;100,00%;131,74 $;131,74 $;0,00 $;131,74 $;0,00 $;240,00;637,50 $;2250,00 $;2118,26 $;0,07%;
20/05/2022;1;4360,52 $;194,24 $;194,24 $;0,00 $;5,76 $;-9132,60 $;0,00 $;100,00%;194,24 $;194,24 $;0,00 $;194,24 $;0,00 $;0,00;25,00 $;300,00 $;105,76 $;0,07%;
23/05/2022;1;4467,26 $;106,74 $;106,74 $;0,00 $;5,76 $;-9025,86 $;0,00 $;100,00%;106,74 $;106,74 $;0,00 $;106,74 $;0,00 $;240,00;962,50 $;925,00 $;818,26 $;0,07%;
24/05/2022;1;6836,50 $;2369,24 $;2369,24 $;0,00 $;5,76 $;-6656,62 $;0,00 $;100,00%;2369,24 $;2369,24 $;0,00 $;2369,24 $;0,00 $;150,00;425,00 $;2600,00 $;230,76 $;0,07%;
25/05/2022;2;8499,98 $;1663,48 $;1663,48 $;0,00 $;11,52 $;-5337,38 $;0,00 $;100,00%;831,74 $;831,74 $;0,00 $;1319,24 $;0,00 $;240,00;887,50 $;1118,75 $;287,01 $;0,14%;
26/05/2022;1;8919,22 $;419,24 $;419,24 $;0,00 $;5,76 $;-4573,90 $;0,00 $;100,00%;419,24 $;419,24 $;0,00 $;419,24 $;0,00 $;240,00;275,00 $;1400,00 $;980,76 $;0,07%;
30/05/2022;1;8750,96 $;-168,26 $;0,00 $;-168,26 $;5,76 $;-4742,16 $;-168,26 $;0,00%;-168,26 $;0,00 $;-168,26 $;0,00 $;-168,26 $;30,00;350,00 $;312,50 $;480,76 $;0,07%;
31/05/2022;1;8020,20 $;-730,76 $;0,00 $;-730,76 $;5,76 $;-5472,92 $;-730,76 $;0,00%;-730,76 $;0,00 $;-730,76 $;0,00 $;-730,76 $;210,00;1150,00 $;1075,00 $;1805,76 $;0,07%;
02/06/2022;1;9676,94 $;1656,74 $;1656,74 $;0,00 $;5,76 $;-3816,18 $;0,00 $;100,00%;1656,74 $;1656,74 $;0,00 $;1656,74 $;0,00 $;210,00;175,00 $;1762,50 $;105,76 $;0,07%;
06/06/2022;1;9633,68 $;-43,26 $;0,00 $;-43,26 $;5,76 $;-3859,44 $;-43,26 $;0,00%;-43,26 $;0,00 $;-43,26 $;0,00 $;-43,26 $;150,00;712,50 $;925,00 $;968,26 $;0,07%;
07/06/2022;1;11190,42 $;1556,74 $;1556,74 $;0,00 $;5,76 $;-2302,70 $;0,00 $;100,00%;1556,74 $;1556,74 $;0,00 $;1556,74 $;0,00 $;240,00;562,50 $;1612,50 $;55,76 $;0,07%;
08/06/2022;1;9559,66 $;-1630,76 $;0,00 $;-1630,76 $;5,76 $;-3933,46 $;-1630,76 $;0,00%;-1630,76 $;0,00 $;-1630,76 $;0,00 $;-1630,76 $;240,00;2450,00 $;225,00 $;1855,76 $;0,07%;
10/06/2022;1;9578,90 $;19,24 $;19,24 $;0,00 $;5,76 $;-3914,22 $;0,00 $;100,00%;19,24 $;19,24 $;0,00 $;19,24 $;0,00 $;210,00;700,00 $;1662,50 $;1643,26 $;0,07%;
13/06/2022;1;8623,14 $;-955,76 $;0,00 $;-955,76 $;5,76 $;-4869,98 $;-955,76 $;0,00%;-955,76 $;0,00 $;-955,76 $;0,00 $;-955,76 $;150,00;2062,50 $;1250,00 $;2205,76 $;0,07%;
14/06/2022;1;8804,88 $;181,74 $;181,74 $;0,00 $;5,76 $;-4688,24 $;0,00 $;100,00%;181,74 $;181,74 $;0,00 $;181,74 $;0,00 $;90,00;1512,50 $;737,50 $;555,76 $;0,07%;
15/06/2022;2;11843,36 $;3038,48 $;3038,48 $;0,00 $;11,52 $;-1869,00 $;0,00 $;100,00%;1519,24 $;1519,24 $;0,00 $;2819,24 $;0,00 $;240,00;1168,75 $;1725,00 $;205,76 $;0,14%;
16/06/2022;1;11200,10 $;-643,26 $;0,00 $;-643,26 $;5,76 $;-2293,02 $;-643,26 $;0,00%;-643,26 $;0,00 $;-643,26 $;0,00 $;-643,26 $;240,00;2062,50 $;387,50 $;1030,76 $;0,07%;
21/06/2022;1;11569,34 $;369,24 $;369,24 $;0,00 $;5,76 $;-1923,78 $;0,00 $;100,00%;369,24 $;369,24 $;0,00 $;369,24 $;0,00 $;240,00;662,50 $;662,50 $;293,26 $;0,07%;
22/06/2022;1;11088,58 $;-480,76 $;0,00 $;-480,76 $;5,76 $;-2404,54 $;-480,76 $;0,00%;-480,76 $;0,00 $;-480,76 $;0,00 $;-480,76 $;240,00;1312,50 $;1025,00 $;1505,76 $;0,07%;
23/06/2022;1;12545,32 $;1456,74 $;1456,74 $;0,00 $;5,76 $;-947,80 $;0,00 $;100,00%;1456,74 $;1456,74 $;0,00 $;1456,74 $;0,00 $;210,00;875,00 $;2125,00 $;668,26 $;0,07%;
24/06/2022;1;13152,06 $;606,74 $;606,74 $;0,00 $;5,76 $;-341,06 $;0,00 $;100,00%;606,74 $;606,74 $;0,00 $;606,74 $;0,00 $;240,00;212,50 $;637,50 $;30,76 $;0,07%;
27/06/2022;1;13108,80 $;-43,26 $;0,00 $;-43,26 $;5,76 $;-384,32 $;-43,26 $;0,00%;-43,26 $;0,00 $;-43,26 $;0,00 $;-43,26 $;210,00;862,50 $;412,50 $;455,76 $;0,07%;
28/06/2022;1;11828,04 $;-1280,76 $;0,00 $;-1280,76 $;5,76 $;-1665,08 $;-1280,76 $;0,00%;-1280,76 $;0,00 $;-1280,76 $;0,00 $;-1280,76 $;150,00;1587,50 $;112,50 $;1393,26 $;0,07%;
29/06/2022;1;12597,28 $;769,24 $;769,24 $;0,00 $;5,76 $;-895,84 $;0,00 $;100,00%;769,24 $;769,24 $;0,00 $;769,24 $;0,00 $;240,00;762,50 $;887,50 $;118,26 $;0,07%;
30/06/2022;1;11166,52 $;-1430,76 $;0,00 $;-1430,76 $;5,76 $;-2326,60 $;-1430,76 $;0,00%;-1430,76 $;0,00 $;-1430,76 $;0,00 $;-1430,76 $;210,00;2400,00 $;400,00 $;1830,76 $;0,07%;
01/07/2022;1;13148,26 $;1981,74 $;1981,74 $;0,00 $;5,76 $;-344,86 $;0,00 $;100,00%;1981,74 $;1981,74 $;0,00 $;1981,74 $;0,00 $;240,00;700,00 $;2225,00 $;243,26 $;0,07%;
05/07/2022;1;16867,50 $;3719,24 $;3719,24 $;0,00 $;5,76 $;0,00 $;0,00 $;100,00%;3719,24 $;3719,24 $;0,00 $;3719,24 $;0,00 $;240,00;150,00 $;3887,50 $;168,26 $;0,07%;
06/07/2022;1;17199,24 $;331,74 $;331,74 $;0,00 $;5,76 $;0,00 $;0,00 $;100,00%;331,74 $;331,74 $;0,00 $;331,74 $;0,00 $;90,00;312,50 $;1387,50 $;1055,76 $;0,07%;
07/07/2022;1;17618,48 $;419,24 $;419,24 $;0,00 $;5,76 $;0,00 $;0,00 $;100,00%;419,24 $;419,24 $;0,00 $;419,24 $;0,00 $;150,00;75,00 $;1175,00 $;755,76 $;0,07%;
08/07/2022;1;17225,22 $;-393,26 $;0,00 $;-393,26 $;5,76 $;-393,26 $;-393,26 $;0,00%;-393,26 $;0,00 $;-393,26 $;0,00 $;-393,26 $;240,00;1875,00 $;125,00 $;518,26 $;0,07%;
11/07/2022;1;17256,96 $;31,74 $;31,74 $;0,00 $;5,76 $;-361,52 $;0,00 $;100,00%;31,74 $;31,74 $;0,00 $;31,74 $;0,00 $;210,00;587,50 $;1075,00 $;1043,26 $;0,07%;
12/07/2022;1;15201,20 $;-2055,76 $;0,00 $;-2055,76 $;5,76 $;-2417,28 $;-2055,76 $;0,00%;-2055,76 $;0,00 $;-2055,76 $;0,00 $;-2055,76 $;210,00;2850,00 $;362,50 $;2418,26 $;0,07%;
13/07/2022;1;14432,94 $;-768,26 $;0,00 $;-768,26 $;5,76 $;-3185,54 $;-768,26 $;0,00%;-768,26 $;0,00 $;-768,26 $;0,00 $;-768,26 $;210,00;862,50 $;1087,50 $;1855,76 $;0,07%;
14/07/2022;1;16602,18 $;2169,24 $;2169,24 $;0,00 $;5,76 $;-1016,30 $;0,00 $;100,00%;2169,24 $;2169,24 $;0,00 $;2169,24 $;0,00 $;240,00;525,00 $;2187,50 $;18,26 $;0,07%;
15/07/2022;1;16446,42 $;-155,76 $;0,00 $;-155,76 $;5,76 $;-1172,06 $;-155,76 $;0,00%;-155,76 $;0,00 $;-155,76 $;0,00 $;-155,76 $;240,00;612,50 $;212,50 $;368,26 $;0,07%;
18/07/2022;1;13978,16 $;-2468,26 $;0,00 $;-2468,26 $;5,76 $;-3640,32 $;-2468,26 $;0,00%;-2468,26 $;0,00 $;-2468,26 $;0,00 $;-2468,26 $;240,00;2500,00 $;425,00 $;2893,26 $;0,07%;
19/07/2022;1;15297,40 $;1319,24 $;1319,24 $;0,00 $;5,76 $;-2321,08 $;0,00 $;100,00%;1319,24 $;1319,24 $;0,00 $;1319,24 $;0,00 $;240,00;250,00 $;1550,00 $;230,76 $;0,07%;
20/07/2022;1;14641,64 $;-655,76 $;0,00 $;-655,76 $;5,76 $;-2976,84 $;-655,76 $;0,00%;-655,76 $;0,00 $;-655,76 $;0,00 $;-655,76 $;210,00;1525,00 $;275,00 $;930,76 $;0,07%;
21/07/2022;1;16010,88 $;1369,24 $;1369,24 $;0,00 $;5,76 $;-1607,60 $;0,00 $;100,00%;1369,24 $;1369,24 $;0,00 $;1369,24 $;0,00 $;240,00;162,50 $;1587,50 $;218,26 $;0,07%;
22/07/2022;1;13380,12 $;-2630,76 $;0,00 $;-2630,76 $;5,76 $;-4238,36 $;-2630,76 $;0,00%;-2630,76 $;0,00 $;-2630,76 $;0,00 $;-2630,76 $;240,00;2912,50 $;350,00 $;2980,76 $;0,07%;
26/07/2022;1;13699,36 $;319,24 $;319,24 $;0,00 $;5,76 $;-3919,12 $;0,00 $;100,00%;319,24 $;319,24 $;0,00 $;319,24 $;0,00 $;210,00;637,50 $;600,00 $;280,76 $;0,07%;
27/07/2022;1;15606,10 $;1906,74 $;1906,74 $;0,00 $;5,76 $;-2012,38 $;0,00 $;100,00%;1906,74 $;1906,74 $;0,00 $;1906,74 $;0,00 $;210,00;675,00 $;3037,50 $;1130,76 $;0,07%;
29/07/2022;2;17769,58 $;2163,48 $;2163,48 $;0,00 $;11,52 $;0,00 $;0,00 $;100,00%;1081,74 $;1081,74 $;0,00 $;2156,74 $;0,00 $;240,00;81,25 $;1118,75 $;37,01 $;0,14%;
01/08/2022;1;16663,82 $;-1105,76 $;0,00 $;-1105,76 $;5,76 $;-1105,76 $;-1105,76 $;0,00%;-1105,76 $;0,00 $;-1105,76 $;0,00 $;-1105,76 $;240,00;1937,50 $;225,00 $;1330,76 $;0,07%;
02/08/2022;1;14270,56 $;-2393,26 $;0,00 $;-2393,26 $;5,76 $;-3499,02 $;-2393,26 $;0,00%;-2393,26 $;0,00 $;-2393,26 $;0,00 $;-2393,26 $;210,00;2437,50 $;250,00 $;2643,26 $;0,07%;
03/08/2022;1;13927,30 $;-343,26 $;0,00 $;-343,26 $;5,76 $;-3842,28 $;-343,26 $;0,00%;-343,26 $;0,00 $;-343,26 $;0,00 $;-343,26 $;150,00;450,00 $;537,50 $;880,76 $;0,07%;
04/08/2022;1;14546,54 $;619,24 $;619,24 $;0,00 $;5,76 $;-3223,04 $;0,00 $;100,00%;619,24 $;619,24 $;0,00 $;619,24 $;0,00 $;240,00;312,50 $;825,00 $;205,76 $;0,07%;
05/08/2022;1;15690,78 $;1144,24 $;1144,24 $;0,00 $;5,76 $;-2078,80 $;0,00 $;100,00%;1144,24 $;1144,24 $;0,00 $;1144,24 $;0,00 $;240,00;75,00 $;1637,50 $;493,26 $;0,07%;
08/08/2022;1;14222,52 $;-1468,26 $;0,00 $;-1468,26 $;5,76 $;-3547,06 $;-1468,26 $;0,00%;-1468,26 $;0,00 $;-1468,26 $;0,00 $;-1468,26 $;240,00;1962,50 $;137,50 $;1605,76 $;0,07%;
09/08/2022;1;13991,76 $;-230,76 $;0,00 $;-230,76 $;5,76 $;-3777,82 $;-230,76 $;0,00%;-230,76 $;0,00 $;-230,76 $;0,00 $;-230,76 $;240,00;875,00 $;50,00 $;280,76 $;0,07%;
10/08/2022;1;13986,00 $;-5,76 $;0,00 $;-5,76 $;5,76 $;-3783,58 $;-5,76 $;0,00%;-5,76 $;0,00 $;-5,76 $;0,00 $;-5,76 $;240,00;500,00 $;250,00 $;255,76 $;0,07%;
11/08/2022;1;12830,24 $;-1155,76 $;0,00 $;-1155,76 $;5,76 $;-4939,34 $;-1155,76 $;0,00%;-1155,76 $;0,00 $;-1155,76 $;0,00 $;-1155,76 $;240,00;1500,00 $;412,50 $;1568,26 $;0,07%;
12/08/2022;1;14149,48 $;1319,24 $;1319,24 $;0,00 $;5,76 $;-3620,10 $;0,00 $;100,00%;1319,24 $;1319,24 $;0,00 $;1319,24 $;0,00 $;210,00;112,50 $;1475,00 $;155,76 $;0,07%;
15/08/2022;1;14193,72 $;44,24 $;44,24 $;0,00 $;5,76 $;-3575,86 $;0,00 $;100,00%;44,24 $;44,24 $;0,00 $;44,24 $;0,00 $;210,00;150,00 $;512,50 $;468,26 $;0,07%;
16/08/2022;1;14387,96 $;194,24 $;194,24 $;0,00 $;5,76 $;-3381,62 $;0,00 $;100,00%;194,24 $;194,24 $;0,00 $;194,24 $;0,00 $;240,00;487,50 $;1312,50 $;1118,26 $;0,07%;
17/08/2022;1;14344,70 $;-43,26 $;0,00 $;-43,26 $;5,76 $;-3424,88 $;-43,26 $;0,00%;-43,26 $;0,00 $;-43,26 $;0,00 $;-43,26 $;30,00;500,00 $;62,50 $;105,76 $;0,07%;
18/08/2022;1;14963,94 $;619,24 $;619,24 $;0,00 $;5,76 $;-2805,64 $;0,00 $;100,00%;619,24 $;619,24 $;0,00 $;619,24 $;0,00 $;210,00;375,00 $;1025,00 $;405,76 $;0,07%;
22/08/2022;1;14833,18 $;-130,76 $;0,00 $;-130,76 $;5,76 $;-2936,40 $;-130,76 $;0,00%;-130,76 $;0,00 $;-130,76 $;0,00 $;-130,76 $;150,00;875,00 $;12,50 $;143,26 $;0,07%;
23/08/2022;1;14989,92 $;156,74 $;156,74 $;0,00 $;5,76 $;-2779,66 $;0,00 $;100,00%;156,74 $;156,74 $;0,00 $;156,74 $;0,00 $;240,00;512,50 $;412,50 $;255,76 $;0,07%;
24/08/2022;1;14671,66 $;-318,26 $;0,00 $;-318,26 $;5,76 $;-3097,92 $;-318,26 $;0,00%;-318,26 $;0,00 $;-318,26 $;0,00 $;-318,26 $;240,00;987,50 $;337,50 $;655,76 $;0,07%;
25/08/2022;1;15565,90 $;894,24 $;894,24 $;0,00 $;5,76 $;-2203,68 $;0,00 $;100,00%;894,24 $;894,24 $;0,00 $;894,24 $;0,00 $;240,00;500,00 $;925,00 $;30,76 $;0,07%;
29/08/2022;1;16547,64 $;981,74 $;981,74 $;0,00 $;5,76 $;-1221,94 $;0,00 $;100,00%;981,74 $;981,74 $;0,00 $;981,74 $;0,00 $;240,00;162,50 $;1837,50 $;855,76 $;0,07%;
30/08/2022;1;16366,88 $;-180,76 $;0,00 $;-180,76 $;5,76 $;-1402,70 $;-180,76 $;0,00%;-180,76 $;0,00 $;-180,76 $;0,00 $;-180,76 $;210,00;1387,50 $;312,50 $;493,26 $;0,07%;
31/08/2022;1;15148,62 $;-1218,26 $;0,00 $;-1218,26 $;5,76 $;-2620,96 $;-1218,26 $;0,00%;-1218,26 $;0,00 $;-1218,26 $;0,00 $;-1218,26 $;210,00;1612,50 $;162,50 $;1380,76 $;0,07%;
02/09/2022;1;10992,86 $;-4155,76 $;0,00 $;-4155,76 $;5,76 $;-6776,72 $;-4155,76 $;0,00%;-4155,76 $;0,00 $;-4155,76 $;0,00 $;-4155,76 $;240,00;4450,00 $;262,50 $;4418,26 $;0,07%;
07/09/2022;1;13312,10 $;2319,24 $;2319,24 $;0,00 $;5,76 $;-4457,48 $;0,00 $;100,00%;2319,24 $;2319,24 $;0,00 $;2319,24 $;0,00 $;240,00;537,50 $;2350,00 $;30,76 $;0,07%;
08/09/2022;1;12743,84 $;-568,26 $;0,00 $;-568,26 $;5,76 $;-5025,74 $;-568,26 $;0,00%;-568,26 $;0,00 $;-568,26 $;0,00 $;-568,26 $;240,00;2600,00 $;212,50 $;780,76 $;0,07%;
09/09/2022;1;13550,58 $;806,74 $;806,74 $;0,00 $;5,76 $;-4219,00 $;0,00 $;100,00%;806,74 $;806,74 $;0,00 $;806,74 $;0,00 $;240,00;600,00 $;912,50 $;105,76 $;0,07%;
12/09/2022;1;13057,32 $;-493,26 $;0,00 $;-493,26 $;5,76 $;-4712,26 $;-493,26 $;0,00%;-493,26 $;0,00 $;-493,26 $;0,00 $;-493,26 $;240,00;1325,00 $;62,50 $;555,76 $;0,07%;
13/09/2022;1;11101,56 $;-1955,76 $;0,00 $;-1955,76 $;5,76 $;-6668,02 $;-1955,76 $;0,00%;-1955,76 $;0,00 $;-1955,76 $;0,00 $;-1955,76 $;240,00;1962,50 $;800,00 $;2755,76 $;0,07%;
14/09/2022;1;11545,80 $;444,24 $;444,24 $;0,00 $;5,76 $;-6223,78 $;0,00 $;100,00%;444,24 $;444,24 $;0,00 $;444,24 $;0,00 $;210,00;1700,00 $;650,00 $;205,76 $;0,07%;
15/09/2022;1;9952,54 $;-1593,26 $;0,00 $;-1593,26 $;5,76 $;-7817,04 $;-1593,26 $;0,00%;-1593,26 $;0,00 $;-1593,26 $;0,00 $;-1593,26 $;240,00;1750,00 $;1175,00 $;2768,26 $;0,07%;
16/09/2022;1;10671,78 $;719,24 $;719,24 $;0,00 $;5,76 $;-7097,80 $;0,00 $;100,00%;719,24 $;719,24 $;0,00 $;719,24 $;0,00 $;240,00;700,00 $;1362,50 $;643,26 $;0,07%;
19/09/2022;2;12247,76 $;1575,98 $;1575,98 $;0,00 $;11,52 $;-5678,56 $;0,00 $;100,00%;787,99 $;787,99 $;0,00 $;1419,24 $;0,00 $;240,00;350,00 $;931,25 $;143,26 $;0,14%;
20/09/2022;2;12173,74 $;-74,02 $;131,74 $;-205,76 $;11,52 $;-5727,58 $;-205,76 $;50,00%;-37,01 $;131,74 $;-205,76 $;131,74 $;-205,76 $;270,00;912,50 $;462,50 $;499,51 $;0,14%;
21/09/2022;1;12380,48 $;206,74 $;206,74 $;0,00 $;5,76 $;-5389,10 $;0,00 $;100,00%;206,74 $;206,74 $;0,00 $;206,74 $;0,00 $;0,00;25,00 $;300,00 $;93,26 $;0,07%;
22/09/2022;1;13274,72 $;894,24 $;894,24 $;0,00 $;5,76 $;-4494,86 $;0,00 $;100,00%;894,24 $;894,24 $;0,00 $;894,24 $;0,00 $;240,00;300,00 $;1387,50 $;493,26 $;0,07%;
23/09/2022;1;13243,96 $;-30,76 $;0,00 $;-30,76 $;5,76 $;-4525,62 $;-30,76 $;0,00%;-30,76 $;0,00 $;-30,76 $;0,00 $;-30,76 $;0,00;112,50 $;50,00 $;80,76 $;0,07%;
26/09/2022;2;13032,44 $;-211,52 $;31,74 $;-243,26 $;11,52 $;-4768,88 $;-243,26 $;50,00%;-105,76 $;31,74 $;-243,26 $;31,74 $;-243,26 $;270,00;806,25 $;368,75 $;474,51 $;0,14%;
28/09/2022;1;14839,18 $;1806,74 $;1806,74 $;0,00 $;5,76 $;-2930,40 $;0,00 $;100,00%;1806,74 $;1806,74 $;0,00 $;1806,74 $;0,00 $;240,00;362,50 $;1950,00 $;143,26 $;0,07%;
29/09/2022;1;15008,42 $;169,24 $;169,24 $;0,00 $;5,76 $;-2761,16 $;0,00 $;100,00%;169,24 $;169,24 $;0,00 $;169,24 $;0,00 $;210,00;1587,50 $;437,50 $;268,26 $;0,07%;
03/10/2022;1;16552,66 $;1544,24 $;1544,24 $;0,00 $;5,76 $;-1216,92 $;0,00 $;100,00%;1544,24 $;1544,24 $;0,00 $;1544,24 $;0,00 $;240,00;775,00 $;1837,50 $;293,26 $;0,07%;
04/10/2022;2;16178,64 $;-374,02 $;19,24 $;-393,26 $;11,52 $;-1610,18 $;-393,26 $;50,00%;-187,01 $;19,24 $;-393,26 $;19,24 $;-393,26 $;270,00;862,50 $;131,25 $;318,26 $;0,14%;
05/10/2022;1;17522,88 $;1344,24 $;1344,24 $;0,00 $;5,76 $;-246,70 $;0,00 $;100,00%;1344,24 $;1344,24 $;0,00 $;1344,24 $;0,00 $;210,00;150,00 $;2500,00 $;1155,76 $;0,07%;
06/10/2022;1;16242,12 $;-1280,76 $;0,00 $;-1280,76 $;5,76 $;-1527,46 $;-1280,76 $;0,00%;-1280,76 $;0,00 $;-1280,76 $;0,00 $;-1280,76 $;210,00;1362,50 $;512,50 $;1793,26 $;0,07%;
07/10/2022;1;15336,36 $;-905,76 $;0,00 $;-905,76 $;5,76 $;-2433,22 $;-905,76 $;0,00%;-905,76 $;0,00 $;-905,76 $;0,00 $;-905,76 $;210,00;1687,50 $;25,00 $;930,76 $;0,07%;
10/10/2022;1;16068,10 $;731,74 $;731,74 $;0,00 $;5,76 $;-1701,48 $;0,00 $;100,00%;731,74 $;731,74 $;0,00 $;731,74 $;0,00 $;150,00;37,50 $;1712,50 $;980,76 $;0,07%;
11/10/2022;1;14462,34 $;-1605,76 $;0,00 $;-1605,76 $;5,76 $;-3307,24 $;-1605,76 $;0,00%;-1605,76 $;0,00 $;-1605,76 $;0,00 $;-1605,76 $;210,00;2825,00 $;887,50 $;2493,26 $;0,07%;
12/10/2022;1;14206,58 $;-255,76 $;0,00 $;-255,76 $;5,76 $;-3563,00 $;-255,76 $;0,00%;-255,76 $;0,00 $;-255,76 $;0,00 $;-255,76 $;30,00;550,00 $;337,50 $;593,26 $;0,07%;
13/10/2022;1;17150,82 $;2944,24 $;2944,24 $;0,00 $;5,76 $;-618,76 $;0,00 $;100,00%;2944,24 $;2944,24 $;0,00 $;2944,24 $;0,00 $;240,00;250,00 $;3675,00 $;730,76 $;0,07%;
17/10/2022;1;17457,56 $;306,74 $;306,74 $;0,00 $;5,76 $;-312,02 $;0,00 $;100,00%;306,74 $;306,74 $;0,00 $;306,74 $;0,00 $;240,00;225,00 $;812,50 $;505,76 $;0,07%;
18/10/2022;1;18626,80 $;1169,24 $;1169,24 $;0,00 $;5,76 $;0,00 $;0,00 $;100,00%;1169,24 $;1169,24 $;0,00 $;1169,24 $;0,00 $;150,00;1562,50 $;1362,50 $;193,26 $;0,07%;
19/10/2022;1;17683,54 $;-943,26 $;0,00 $;-943,26 $;5,76 $;-943,26 $;-943,26 $;0,00%;-943,26 $;0,00 $;-943,26 $;0,00 $;-943,26 $;240,00;2037,50 $;400,00 $;1343,26 $;0,07%;
20/10/2022;1;15140,28 $;-2543,26 $;0,00 $;-2543,26 $;5,76 $;-3486,52 $;-2543,26 $;0,00%;-2543,26 $;0,00 $;-2543,26 $;0,00 $;-2543,26 $;240,00;2850,00 $;575,00 $;3118,26 $;0,07%;
21/10/2022;2;18628,76 $;3488,48 $;3488,48 $;0,00 $;11,52 $;-17,28 $;0,00 $;100,00%;1744,24 $;1744,24 $;0,00 $;3469,24 $;0,00 $;240,00;56,25 $;1793,75 $;49,51 $;0,14%;
24/10/2022;1;20085,50 $;1456,74 $;1456,74 $;0,00 $;5,76 $;0,00 $;0,00 $;100,00%;1456,74 $;1456,74 $;0,00 $;1456,74 $;0,00 $;240,00;287,50 $;1675,00 $;218,26 $;0,07%;
25/10/2022;1;20842,24 $;756,74 $;756,74 $;0,00 $;5,76 $;0,00 $;0,00 $;100,00%;756,74 $;756,74 $;0,00 $;756,74 $;0,00 $;240,00;475,00 $;787,50 $;30,76 $;0,07%;
26/10/2022;1;18548,98 $;-2293,26 $;0,00 $;-2293,26 $;5,76 $;-2293,26 $;-2293,26 $;0,00%;-2293,26 $;0,00 $;-2293,26 $;0,00 $;-2293,26 $;240,00;2687,50 $;375,00 $;2668,26 $;0,07%;
27/10/2022;1;17693,22 $;-855,76 $;0,00 $;-855,76 $;5,76 $;-3149,02 $;-855,76 $;0,00%;-855,76 $;0,00 $;-855,76 $;0,00 $;-855,76 $;240,00;1462,50 $;262,50 $;1118,26 $;0,07%;
31/10/2022;1;17362,46 $;-330,76 $;0,00 $;-330,76 $;5,76 $;-3479,78 $;-330,76 $;0,00%;-330,76 $;0,00 $;-330,76 $;0,00 $;-330,76 $;240,00;912,50 $;550,00 $;880,76 $;0,07%;
01/11/2022;1;17131,70 $;-230,76 $;0,00 $;-230,76 $;5,76 $;-3710,54 $;-230,76 $;0,00%;-230,76 $;0,00 $;-230,76 $;0,00 $;-230,76 $;210,00;437,50 $;687,50 $;918,26 $;0,07%;
02/11/2022;1;16075,94 $;-1055,76 $;0,00 $;-1055,76 $;5,76 $;-4766,30 $;-1055,76 $;0,00%;-1055,76 $;0,00 $;-1055,76 $;0,00 $;-1055,76 $;30,00;1450,00 $;250,00 $;1305,76 $;0,07%;
04/11/2022;2;16026,92 $;-49,02 $;131,74 $;-180,76 $;11,52 $;-4815,32 $;-180,76 $;50,00%;-24,51 $;131,74 $;-180,76 $;131,74 $;-180,76 $;270,00;1237,50 $;256,25 $;280,76 $;0,14%;
08/11/2022;2;15540,40 $;-486,52 $;81,74 $;-568,26 $;11,52 $;-5383,58 $;-568,26 $;50,00%;-243,26 $;81,74 $;-568,26 $;81,74 $;-568,26 $;270,00;1581,25 $;375,00 $;618,26 $;0,14%;
09/11/2022;1;13622,14 $;-1918,26 $;0,00 $;-1918,26 $;5,76 $;-7220,10 $;-1918,26 $;0,00%;-1918,26 $;0,00 $;-1918,26 $;0,00 $;-1918,26 $;240,00;2300,00 $;575,00 $;2493,26 $;0,07%;
10/11/2022;1;14966,38 $;1344,24 $;1344,24 $;0,00 $;5,76 $;-5875,86 $;0,00 $;100,00%;1344,24 $;1344,24 $;0,00 $;1344,24 $;0,00 $;240,00;925,00 $;1375,00 $;30,76 $;0,07%;
11/11/2022;1;17048,12 $;2081,74 $;2081,74 $;0,00 $;5,76 $;-3794,12 $;0,00 $;100,00%;2081,74 $;2081,74 $;0,00 $;2081,74 $;0,00 $;240,00;187,50 $;2500,00 $;418,26 $;0,07%;
14/11/2022;1;17554,86 $;506,74 $;506,74 $;0,00 $;5,76 $;-3287,38 $;0,00 $;100,00%;506,74 $;506,74 $;0,00 $;506,74 $;0,00 $;240,00;125,00 $;1687,50 $;1180,76 $;0,07%;
15/11/2022;1;16561,60 $;-993,26 $;0,00 $;-993,26 $;5,76 $;-4280,64 $;-993,26 $;0,00%;-993,26 $;0,00 $;-993,26 $;0,00 $;-993,26 $;210,00;2762,50 $;275,00 $;1268,26 $;0,07%;
17/11/2022;1;16980,84 $;419,24 $;419,24 $;0,00 $;5,76 $;-3861,40 $;0,00 $;100,00%;419,24 $;419,24 $;0,00 $;419,24 $;0,00 $;240,00;100,00 $;1887,50 $;1468,26 $;0,07%;
21/11/2022;1;16937,58 $;-43,26 $;0,00 $;-43,26 $;5,76 $;-3904,66 $;-43,26 $;0,00%;-43,26 $;0,00 $;-43,26 $;0,00 $;-43,26 $;90,00;337,50 $;225,00 $;268,26 $;0,07%;
22/11/2022;1;17981,82 $;1044,24 $;1044,24 $;0,00 $;5,76 $;-2860,42 $;0,00 $;100,00%;1044,24 $;1044,24 $;0,00 $;1044,24 $;0,00 $;240,00;275,00 $;1100,00 $;55,76 $;0,07%;
23/11/2022;1;18088,56 $;106,74 $;106,74 $;0,00 $;5,76 $;-2753,68 $;0,00 $;100,00%;106,74 $;106,74 $;0,00 $;106,74 $;0,00 $;240,00;1437,50 $;375,00 $;268,26 $;0,07%;
25/11/2022;1;18132,80 $;44,24 $;44,24 $;0,00 $;5,76 $;-2709,44 $;0,00 $;100,00%;44,24 $;44,24 $;0,00 $;44,24 $;0,00 $;45,00;237,50 $;162,50 $;118,26 $;0,07%;
28/11/2022;1;16464,54 $;-1668,26 $;0,00 $;-1668,26 $;5,76 $;-4377,70 $;-1668,26 $;0,00%;-1668,26 $;0,00 $;-1668,26 $;0,00 $;-1668,26 $;240,00;1712,50 $;462,50 $;2130,76 $;0,07%;
29/11/2022;1;17071,28 $;606,74 $;606,74 $;0,00 $;5,76 $;-3770,96 $;0,00 $;100,00%;606,74 $;606,74 $;0,00 $;606,74 $;0,00 $;240,00;125,00 $;1187,50 $;580,76 $;0,07%;
30/11/2022;1;24090,52 $;7019,24 $;7019,24 $;0,00 $;5,76 $;0,00 $;0,00 $;100,00%;7019,24 $;7019,24 $;0,00 $;7019,24 $;0,00 $;210,00;225,00 $;7037,50 $;18,26 $;0,07%;
02/12/2022;1;24447,26 $;356,74 $;356,74 $;0,00 $;5,76 $;0,00 $;0,00 $;100,00%;356,74 $;356,74 $;0,00 $;356,74 $;0,00 $;210,00;587,50 $;1187,50 $;830,76 $;0,07%;
06/12/2022;1;24041,50 $;-405,76 $;0,00 $;-405,76 $;5,76 $;-405,76 $;-405,76 $;0,00%;-405,76 $;0,00 $;-405,76 $;0,00 $;-405,76 $;210,00;1487,50 $;87,50 $;493,26 $;0,07%;
07/12/2022;1;24110,74 $;69,24 $;69,24 $;0,00 $;5,76 $;-336,52 $;0,00 $;100,00%;69,24 $;69,24 $;0,00 $;69,24 $;0,00 $;240,00;275,00 $;1000,00 $;930,76 $;0,07%;
08/12/2022;1;24254,98 $;144,24 $;144,24 $;0,00 $;5,76 $;-192,28 $;0,00 $;100,00%;144,24 $;144,24 $;0,00 $;144,24 $;0,00 $;240,00;687,50 $;712,50 $;568,26 $;0,07%;
09/12/2022;1;22461,72 $;-1793,26 $;0,00 $;-1793,26 $;5,76 $;-1985,54 $;-1793,26 $;0,00%;-1793,26 $;0,00 $;-1793,26 $;0,00 $;-1793,26 $;210,00;1825,00 $;325,00 $;2118,26 $;0,07%;
12/12/2022;2;23875,20 $;1413,48 $;1413,48 $;0,00 $;11,52 $;-578,80 $;0,00 $;100,00%;706,74 $;706,74 $;0,00 $;1406,74 $;0,00 $;240,00;143,75 $;762,50 $;55,76 $;0,14%;
13/12/2022;1;24681,94 $;806,74 $;806,74 $;0,00 $;5,76 $;0,00 $;0,00 $;100,00%;806,74 $;806,74 $;0,00 $;806,74 $;0,00 $;210,00;600,00 $;1500,00 $;693,26 $;0,07%;
14/12/2022;1;24701,18 $;19,24 $;19,24 $;0,00 $;5,76 $;0,00 $;0,00 $;100,00%;19,24 $;19,24 $;0,00 $;19,24 $;0,00 $;0,00;62,50 $;212,50 $;193,26 $;0,07%;
16/12/2022;1;25495,42 $;794,24 $;794,24 $;0,00 $;5,76 $;0,00 $;0,00 $;100,00%;794,24 $;794,24 $;0,00 $;794,24 $;0,00 $;240,00;762,50 $;862,50 $;68,26 $;0,07%;
19/12/2022;1;24077,16 $;-1418,26 $;0,00 $;-1418,26 $;5,76 $;-1418,26 $;-1418,26 $;0,00%;-1418,26 $;0,00 $;-1418,26 $;0,00 $;-1418,26 $;240,00;1675,00 $;100,00 $;1518,26 $;0,07%;
20/12/2022;1;25033,90 $;956,74 $;956,74 $;0,00 $;5,76 $;-461,52 $;0,00 $;100,00%;956,74 $;956,74 $;0,00 $;956,74 $;0,00 $;240,00;37,50 $;1562,50 $;605,76 $;0,07%;
21/12/2022;1;24590,64 $;-443,26 $;0,00 $;-443,26 $;5,76 $;-904,78 $;-443,26 $;0,00%;-443,26 $;0,00 $;-443,26 $;0,00 $;-443,26 $;240,00;525,00 $;487,50 $;930,76 $;0,07%;
22/12/2022;1;24772,38 $;181,74 $;181,74 $;0,00 $;5,76 $;-723,04 $;0,00 $;100,00%;181,74 $;181,74 $;0,00 $;181,74 $;0,00 $;0,00;0,00 $;200,00 $;18,26 $;0,07%;
23/12/2022;1;25366,62 $;594,24 $;594,24 $;0,00 $;5,76 $;-128,80 $;0,00 $;100,00%;594,24 $;594,24 $;0,00 $;594,24 $;0,00 $;240,00;75,00 $;1087,50 $;493,26 $;0,07%;
27/12/2022;1;25173,36 $;-193,26 $;0,00 $;-193,26 $;5,76 $;-322,06 $;-193,26 $;0,00%;-193,26 $;0,00 $;-193,26 $;0,00 $;-193,26 $;240,00;950,00 $;400,00 $;593,26 $;0,07%;
28/12/2022;1;24467,60 $;-705,76 $;0,00 $;-705,76 $;5,76 $;-1027,82 $;-705,76 $;0,00%;-705,76 $;0,00 $;-705,76 $;0,00 $;-705,76 $;90,00;987,50 $;512,50 $;1218,26 $;0,07%;
29/12/2022;1;24749,34 $;281,74 $;281,74 $;0,00 $;5,76 $;-746,08 $;0,00 $;100,00%;281,74 $;281,74 $;0,00 $;281,74 $;0,00 $;240,00;0,00 $;762,50 $;480,76 $;0,07%;
30/12/2022;1;25818,58 $;1069,24 $;1069,24 $;0,00 $;5,76 $;0,00 $;0,00 $;100,00%;1069,24 $;1069,24 $;0,00 $;1069,24 $;0,00 $;210,00;1200,00 $;1150,00 $;80,76 $;0,07%;
04/01/2023;1;25100,32 $;-718,26 $;0,00 $;-718,26 $;5,76 $;-718,26 $;-718,26 $;0,00%;-718,26 $;0,00 $;-718,26 $;0,00 $;-718,26 $;150,00;1875,00 $;387,50 $;1105,76 $;0,07%;
05/01/2023;1;24907,06 $;-193,26 $;0,00 $;-193,26 $;5,76 $;-911,52 $;-193,26 $;0,00%;-193,26 $;0,00 $;-193,26 $;0,00 $;-193,26 $;90,00;637,50 $;800,00 $;993,26 $;0,07%;
06/01/2023;1;26426,30 $;1519,24 $;1519,24 $;0,00 $;5,76 $;0,00 $;0,00 $;100,00%;1519,24 $;1519,24 $;0,00 $;1519,24 $;0,00 $;240,00;187,50 $;1975,00 $;455,76 $;0,07%;
09/01/2023;1;23795,54 $;-2630,76 $;0,00 $;-2630,76 $;5,76 $;-2630,76 $;-2630,76 $;0,00%;-2630,76 $;0,00 $;-2630,76 $;0,00 $;-2630,76 $;240,00;2712,50 $;62,50 $;2693,26 $;0,07%;
10/01/2023;1;25039,78 $;1244,24 $;1244,24 $;0,00 $;5,76 $;-1386,52 $;0,00 $;100,00%;1244,24 $;1244,24 $;0,00 $;1244,24 $;0,00 $;210,00;50,00 $;1412,50 $;168,26 $;0,07%;
12/01/2023;1;24609,02 $;-430,76 $;0,00 $;-430,76 $;5,76 $;-1817,28 $;-430,76 $;0,00%;-430,76 $;0,00 $;-430,76 $;0,00 $;-430,76 $;210,00;1162,50 $;325,00 $;755,76 $;0,07%;
13/01/2023;1;25765,76 $;1156,74 $;1156,74 $;0,00 $;5,76 $;-660,54 $;0,00 $;100,00%;1156,74 $;1156,74 $;0,00 $;1156,74 $;0,00 $;240,00;387,50 $;1162,50 $;5,76 $;0,07%;
17/01/2023;1;25872,50 $;106,74 $;106,74 $;0,00 $;5,76 $;-553,80 $;0,00 $;100,00%;106,74 $;106,74 $;0,00 $;106,74 $;0,00 $;240,00;112,50 $;587,50 $;480,76 $;0,07%;
19/01/2023;1;25866,74 $;-5,76 $;0,00 $;-5,76 $;5,76 $;-559,56 $;-5,76 $;0,00%;-5,76 $;0,00 $;-5,76 $;0,00 $;-5,76 $;150,00;287,50 $;1000,00 $;1005,76 $;0,07%;
20/01/2023;1;27285,98 $;1419,24 $;1419,24 $;0,00 $;5,76 $;0,00 $;0,00 $;100,00%;1419,24 $;1419,24 $;0,00 $;1419,24 $;0,00 $;240,00;625,00 $;1750,00 $;330,76 $;0,07%;
23/01/2023;1;26755,22 $;-530,76 $;0,00 $;-530,76 $;5,76 $;-530,76 $;-530,76 $;0,00%;-530,76 $;0,00 $;-530,76 $;0,00 $;-530,76 $;240,00;1100,00 $;900,00 $;1430,76 $;0,07%;
24/01/2023;1;26686,96 $;-68,26 $;0,00 $;-68,26 $;5,76 $;-599,02 $;-68,26 $;0,00%;-68,26 $;0,00 $;-68,26 $;0,00 $;-68,26 $;240,00;725,00 $;250,00 $;318,26 $;0,07%;
25/01/2023;1;28418,70 $;1731,74 $;1731,74 $;0,00 $;5,76 $;0,00 $;0,00 $;100,00%;1731,74 $;1731,74 $;0,00 $;1731,74 $;0,00 $;210,00;12,50 $;2212,50 $;480,76 $;0,07%;
27/01/2023;1;29725,44 $;1306,74 $;1306,74 $;0,00 $;5,76 $;0,00 $;0,00 $;100,00%;1306,74 $;1306,74 $;0,00 $;1306,74 $;0,00 $;240,00;50,00 $;1600,00 $;293,26 $;0,07%;
30/01/2023;2;28376,42 $;-1349,02 $;0,00 $;-1349,02 $;11,52 $;-1349,02 $;-1349,02 $;0,00%;-674,51 $;0,00 $;-674,51 $;0,00 $;-1305,76 $;270,00;743,75 $;106,25 $;780,76 $;0,14%;
31/01/2023;1;28670,66 $;294,24 $;294,24 $;0,00 $;5,76 $;-1054,78 $;0,00 $;100,00%;294,24 $;294,24 $;0,00 $;294,24 $;0,00 $;240,00;325,00 $;862,50 $;568,26 $;0,07%;
01/02/2023;1;32277,40 $;3606,74 $;3606,74 $;0,00 $;5,76 $;0,00 $;0,00 $;100,00%;3606,74 $;3606,74 $;0,00 $;3606,74 $;0,00 $;210,00;987,50 $;4750,00 $;1143,26 $;0,07%;
03/02/2023;1;30271,64 $;-2005,76 $;0,00 $;-2005,76 $;5,76 $;-2005,76 $;-2005,76 $;0,00%;-2005,76 $;0,00 $;-2005,76 $;0,00 $;-2005,76 $;240,00;2650,00 $;300,00 $;2305,76 $;0,07%;
06/02/2023;1;30665,88 $;394,24 $;394,24 $;0,00 $;5,76 $;-1611,52 $;0,00 $;100,00%;394,24 $;394,24 $;0,00 $;394,24 $;0,00 $;30,00;225,00 $;550,00 $;155,76 $;0,07%;
07/02/2023;1;32947,62 $;2281,74 $;2281,74 $;0,00 $;5,76 $;0,00 $;0,00 $;100,00%;2281,74 $;2281,74 $;0,00 $;2281,74 $;0,00 $;210,00;1162,50 $;3337,50 $;1055,76 $;0,07%;
13/02/2023;1;33091,86 $;144,24 $;144,24 $;0,00 $;5,76 $;0,00 $;0,00 $;100,00%;144,24 $;144,24 $;0,00 $;144,24 $;0,00 $;240,00;300,00 $;650,00 $;505,76 $;0,07%;
14/02/2023;1;34711,10 $;1619,24 $;1619,24 $;0,00 $;5,76 $;0,00 $;0,00 $;100,00%;1619,24 $;1619,24 $;0,00 $;1619,24 $;0,00 $;240,00;700,00 $;1900,00 $;280,76 $;0,07%;
15/02/2023;1;36242,84 $;1531,74 $;1531,74 $;0,00 $;5,76 $;0,00 $;0,00 $;100,00%;1531,74 $;1531,74 $;0,00 $;1531,74 $;0,00 $;210,00;100,00 $;1662,50 $;130,76 $;0,07%;
16/02/2023;1;35187,08 $;-1055,76 $;0,00 $;-1055,76 $;5,76 $;-1055,76 $;-1055,76 $;0,00%;-1055,76 $;0,00 $;-1055,76 $;0,00 $;-1055,76 $;240,00;1075,00 $;762,50 $;1818,26 $;0,07%;
17/02/2023;1;36231,32 $;1044,24 $;1044,24 $;0,00 $;5,76 $;-11,52 $;0,00 $;100,00%;1044,24 $;1044,24 $;0,00 $;1044,24 $;0,00 $;240,00;212,50 $;1525,00 $;480,76 $;0,07%;
21/02/2023;1;35638,06 $;-593,26 $;0,00 $;-593,26 $;5,76 $;-604,78 $;-593,26 $;0,00%;-593,26 $;0,00 $;-593,26 $;0,00 $;-593,26 $;240,00;1000,00 $;162,50 $;755,76 $;0,07%;
23/02/2023;1;35082,30 $;-555,76 $;0,00 $;-555,76 $;5,76 $;-1160,54 $;-555,76 $;0,00%;-555,76 $;0,00 $;-555,76 $;0,00 $;-555,76 $;30,00;600,00 $;112,50 $;668,26 $;0,07%;
24/02/2023;1;35614,04 $;531,74 $;531,74 $;0,00 $;5,76 $;-628,80 $;0,00 $;100,00%;531,74 $;531,74 $;0,00 $;531,74 $;0,00 $;240,00;550,00 $;950,00 $;418,26 $;0,07%;
27/02/2023;1;35208,28 $;-405,76 $;0,00 $;-405,76 $;5,76 $;-1034,56 $;-405,76 $;0,00%;-405,76 $;0,00 $;-405,76 $;0,00 $;-405,76 $;240,00;625,00 $;550,00 $;955,76 $;0,07%;
28/02/2023;1;34790,02 $;-418,26 $;0,00 $;-418,26 $;5,76 $;-1452,82 $;-418,26 $;0,00%;-418,26 $;0,00 $;-418,26 $;0,00 $;-418,26 $;240,00;450,00 $;700,00 $;1118,26 $;0,07%;
01/03/2023;1;34459,26 $;-330,76 $;0,00 $;-330,76 $;5,76 $;-1783,58 $;-330,76 $;0,00%;-330,76 $;0,00 $;-330,76 $;0,00 $;-330,76 $;210,00;1075,00 $;262,50 $;593,26 $;0,07%;
02/03/2023;1;36341,00 $;1881,74 $;1881,74 $;0,00 $;5,76 $;0,00 $;0,00 $;100,00%;1881,74 $;1881,74 $;0,00 $;1881,74 $;0,00 $;240,00;125,00 $;1987,50 $;105,76 $;0,07%;
03/03/2023;1;37735,24 $;1394,24 $;1394,24 $;0,00 $;5,76 $;0,00 $;0,00 $;100,00%;1394,24 $;1394,24 $;0,00 $;1394,24 $;0,00 $;240,00;150,00 $;1637,50 $;243,26 $;0,07%;
06/03/2023;1;37241,98 $;-493,26 $;0,00 $;-493,26 $;5,76 $;-493,26 $;-493,26 $;0,00%;-493,26 $;0,00 $;-493,26 $;0,00 $;-493,26 $;150,00;775,00 $;50,00 $;543,26 $;0,07%;
07/03/2023;1;36636,22 $;-605,76 $;0,00 $;-605,76 $;5,76 $;-1099,02 $;-605,76 $;0,00%;-605,76 $;0,00 $;-605,76 $;0,00 $;-605,76 $;150,00;962,50 $;162,50 $;768,26 $;0,07%;
08/03/2023;1;35917,96 $;-718,26 $;0,00 $;-718,26 $;5,76 $;-1817,28 $;-718,26 $;0,00%;-718,26 $;0,00 $;-718,26 $;0,00 $;-718,26 $;240,00;1037,50 $;550,00 $;1268,26 $;0,07%;
10/03/2023;1;33062,20 $;-2855,76 $;0,00 $;-2855,76 $;5,76 $;-4673,04 $;-2855,76 $;0,00%;-2855,76 $;0,00 $;-2855,76 $;0,00 $;-2855,76 $;240,00;4037,50 $;387,50 $;3243,26 $;0,07%;
13/03/2023;1;31206,44 $;-1855,76 $;0,00 $;-1855,76 $;5,76 $;-6528,80 $;-1855,76 $;0,00%;-1855,76 $;0,00 $;-1855,76 $;0,00 $;-1855,76 $;240,00;2112,50 $;412,50 $;2268,26 $;0,07%;
14/03/2023;1;33063,18 $;1856,74 $;1856,74 $;0,00 $;5,76 $;-4672,06 $;0,00 $;100,00%;1856,74 $;1856,74 $;0,00 $;1856,74 $;0,00 $;30,00;162,50 $;1987,50 $;130,76 $;0,07%;
15/03/2023;1;33444,92 $;381,74 $;381,74 $;0,00 $;5,76 $;-4290,32 $;0,00 $;100,00%;381,74 $;381,74 $;0,00 $;381,74 $;0,00 $;90,00;825,00 $;675,00 $;293,26 $;0,07%;
16/03/2023;1;34801,66 $;1356,74 $;1356,74 $;0,00 $;5,76 $;-2933,58 $;0,00 $;100,00%;1356,74 $;1356,74 $;0,00 $;1356,74 $;0,00 $;210,00;387,50 $;1425,00 $;68,26 $;0,07%;
17/03/2023;1;35345,90 $;544,24 $;544,24 $;0,00 $;5,76 $;-2389,34 $;0,00 $;100,00%;544,24 $;544,24 $;0,00 $;544,24 $;0,00 $;240,00;537,50 $;1125,00 $;580,76 $;0,07%;
20/03/2023;1;34777,64 $;-568,26 $;0,00 $;-568,26 $;5,76 $;-2957,60 $;-568,26 $;0,00%;-568,26 $;0,00 $;-568,26 $;0,00 $;-568,26 $;240,00;1700,00 $;50,00 $;618,26 $;0,07%;
21/03/2023;1;34734,38 $;-43,26 $;0,00 $;-43,26 $;5,76 $;-3000,86 $;-43,26 $;0,00%;-43,26 $;0,00 $;-43,26 $;0,00 $;-43,26 $;0,00;37,50 $;37,50 $;80,76 $;0,07%;
22/03/2023;1;31441,12 $;-3293,26 $;0,00 $;-3293,26 $;5,76 $;-6294,12 $;-3293,26 $;0,00%;-3293,26 $;0,00 $;-3293,26 $;0,00 $;-3293,26 $;30,00;3562,50 $;137,50 $;3430,76 $;0,07%;
24/03/2023;1;33810,36 $;2369,24 $;2369,24 $;0,00 $;5,76 $;-3924,88 $;0,00 $;100,00%;2369,24 $;2369,24 $;0,00 $;2369,24 $;0,00 $;240,00;187,50 $;2525,00 $;155,76 $;0,07%;
27/03/2023;1;34354,60 $;544,24 $;544,24 $;0,00 $;5,76 $;-3380,64 $;0,00 $;100,00%;544,24 $;544,24 $;0,00 $;544,24 $;0,00 $;240,00;537,50 $;837,50 $;293,26 $;0,07%;
28/03/2023;1;33811,34 $;-543,26 $;0,00 $;-543,26 $;5,76 $;-3923,90 $;-543,26 $;0,00%;-543,26 $;0,00 $;-543,26 $;0,00 $;-543,26 $;240,00;1050,00 $;237,50 $;780,76 $;0,07%;
29/03/2023;1;34743,08 $;931,74 $;931,74 $;0,00 $;5,76 $;-2992,16 $;0,00 $;100,00%;931,74 $;931,74 $;0,00 $;931,74 $;0,00 $;240,00;62,50 $;1000,00 $;68,26 $;0,07%;
30/03/2023;1;35337,32 $;594,24 $;594,24 $;0,00 $;5,76 $;-2397,92 $;0,00 $;100,00%;594,24 $;594,24 $;0,00 $;594,24 $;0,00 $;210,00;525,00 $;637,50 $;43,26 $;0,07%;
31/03/2023;1;36481,56 $;1144,24 $;1144,24 $;0,00 $;5,76 $;-1253,68 $;0,00 $;100,00%;1144,24 $;1144,24 $;0,00 $;1144,24 $;0,00 $;240,00;25,00 $;1212,50 $;68,26 $;0,07%;
03/04/2023;1;37388,30 $;906,74 $;906,74 $;0,00 $;5,76 $;-346,94 $;0,00 $;100,00%;906,74 $;906,74 $;0,00 $;906,74 $;0,00 $;240,00;62,50 $;1000,00 $;93,26 $;0,07%;
04/04/2023;1;36820,04 $;-568,26 $;0,00 $;-568,26 $;5,76 $;-915,20 $;-568,26 $;0,00%;-568,26 $;0,00 $;-568,26 $;0,00 $;-568,26 $;240,00;837,50 $;200,00 $;768,26 $;0,07%;
05/04/2023;1;37239,28 $;419,24 $;419,24 $;0,00 $;5,76 $;-495,96 $;0,00 $;100,00%;419,24 $;419,24 $;0,00 $;419,24 $;0,00 $;270,00;350,00 $;675,00 $;255,76 $;0,07%;
18/04/2023;1;37521,02 $;281,74 $;281,74 $;0,00 $;5,76 $;-214,22 $;0,00 $;100,00%;281,74 $;281,74 $;0,00 $;281,74 $;0,00 $;240,00;375,00 $;500,00 $;218,26 $;0,07%;
19/04/2023;1;38140,26 $;619,24 $;619,24 $;0,00 $;5,76 $;0,00 $;0,00 $;100,00%;619,24 $;619,24 $;0,00 $;619,24 $;0,00 $;240,00;162,50 $;925,00 $;305,76 $;0,07%;
20/04/2023;1;37222,00 $;-918,26 $;0,00 $;-918,26 $;5,76 $;-918,26 $;-918,26 $;0,00%;-918,26 $;0,00 $;-918,26 $;0,00 $;-918,26 $;240,00;962,50 $;775,00 $;1693,26 $;0,07%;
24/04/2023;1;37766,24 $;544,24 $;544,24 $;0,00 $;5,76 $;-374,02 $;0,00 $;100,00%;544,24 $;544,24 $;0,00 $;544,24 $;0,00 $;240,00;325,00 $;675,00 $;130,76 $;0,07%;
26/04/2023;1;36897,98 $;-868,26 $;0,00 $;-868,26 $;5,76 $;-1242,28 $;-868,26 $;0,00%;-868,26 $;0,00 $;-868,26 $;0,00 $;-868,26 $;210,00;1700,00 $;12,50 $;880,76 $;0,07%;
27/04/2023;1;38692,22 $;1794,24 $;1794,24 $;0,00 $;5,76 $;0,00 $;0,00 $;100,00%;1794,24 $;1794,24 $;0,00 $;1794,24 $;0,00 $;240,00;137,50 $;1987,50 $;193,26 $;0,07%;
28/04/2023;1;39273,96 $;581,74 $;581,74 $;0,00 $;5,76 $;0,00 $;0,00 $;100,00%;581,74 $;581,74 $;0,00 $;581,74 $;0,00 $;240,00;12,50 $;937,50 $;355,76 $;0,07%;
02/05/2023;1;39418,20 $;144,24 $;144,24 $;0,00 $;5,76 $;0,00 $;0,00 $;100,00%;144,24 $;144,24 $;0,00 $;144,24 $;0,00 $;150,00;225,00 $;687,50 $;543,26 $;0,07%;
03/05/2023;1;38499,94 $;-918,26 $;0,00 $;-918,26 $;5,76 $;-918,26 $;-918,26 $;0,00%;-918,26 $;0,00 $;-918,26 $;0,00 $;-918,26 $;240,00;962,50 $;1637,50 $;2555,76 $;0,07%;
04/05/2023;1;37681,68 $;-818,26 $;0,00 $;-818,26 $;5,76 $;-1736,52 $;-818,26 $;0,00%;-818,26 $;0,00 $;-818,26 $;0,00 $;-818,26 $;150,00;987,50 $;237,50 $;1055,76 $;0,07%;
05/05/2023;1;38600,92 $;919,24 $;919,24 $;0,00 $;5,76 $;-817,28 $;0,00 $;100,00%;919,24 $;919,24 $;0,00 $;919,24 $;0,00 $;240,00;562,50 $;1237,50 $;318,26 $;0,07%;
09/05/2023;1;38757,66 $;156,74 $;156,74 $;0,00 $;5,76 $;-660,54 $;0,00 $;100,00%;156,74 $;156,74 $;0,00 $;156,74 $;0,00 $;210,00;12,50 $;625,00 $;468,26 $;0,07%;
10/05/2023;1;38589,40 $;-168,26 $;0,00 $;-168,26 $;5,76 $;-828,80 $;-168,26 $;0,00%;-168,26 $;0,00 $;-168,26 $;0,00 $;-168,26 $;30,00;300,00 $;325,00 $;493,26 $;0,07%;
12/05/2023;1;39371,14 $;781,74 $;781,74 $;0,00 $;5,76 $;-47,06 $;0,00 $;100,00%;781,74 $;781,74 $;0,00 $;781,74 $;0,00 $;90,00;212,50 $;1112,50 $;330,76 $;0,07%;
15/05/2023;1;39827,88 $;456,74 $;456,74 $;0,00 $;5,76 $;0,00 $;0,00 $;100,00%;456,74 $;456,74 $;0,00 $;456,74 $;0,00 $;210,00;200,00 $;737,50 $;280,76 $;0,07%;
17/05/2023;1;39747,12 $;-80,76 $;0,00 $;-80,76 $;5,76 $;-80,76 $;-80,76 $;0,00%;-80,76 $;0,00 $;-80,76 $;0,00 $;-80,76 $;90,00;387,50 $;137,50 $;218,26 $;0,07%;
18/05/2023;1;39966,36 $;219,24 $;219,24 $;0,00 $;5,76 $;0,00 $;0,00 $;100,00%;219,24 $;219,24 $;0,00 $;219,24 $;0,00 $;0,00;0,00 $;237,50 $;18,26 $;0,07%;
19/05/2023;1;39823,10 $;-143,26 $;0,00 $;-143,26 $;5,76 $;-143,26 $;-143,26 $;0,00%;-143,26 $;0,00 $;-143,26 $;0,00 $;-143,26 $;240,00;587,50 $;337,50 $;480,76 $;0,07%;
22/05/2023;1;39667,34 $;-155,76 $;0,00 $;-155,76 $;5,76 $;-299,02 $;-155,76 $;0,00%;-155,76 $;0,00 $;-155,76 $;0,00 $;-155,76 $;240,00;537,50 $;462,50 $;618,26 $;0,07%;
23/05/2023;1;38074,08 $;-1593,26 $;0,00 $;-1593,26 $;5,76 $;-1892,28 $;-1593,26 $;0,00%;-1593,26 $;0,00 $;-1593,26 $;0,00 $;-1593,26 $;240,00;2137,50 $;75,00 $;1668,26 $;0,07%;
24/05/2023;1;39343,32 $;1269,24 $;1269,24 $;0,00 $;5,76 $;-623,04 $;0,00 $;100,00%;1269,24 $;1269,24 $;0,00 $;1269,24 $;0,00 $;210,00;75,00 $;1625,00 $;355,76 $;0,07%;
25/05/2023;1;39525,06 $;181,74 $;181,74 $;0,00 $;5,76 $;-441,30 $;0,00 $;100,00%;181,74 $;181,74 $;0,00 $;181,74 $;0,00 $;210,00;387,50 $;1000,00 $;818,26 $;0,07%;
26/05/2023;1;40331,80 $;806,74 $;806,74 $;0,00 $;5,76 $;0,00 $;0,00 $;100,00%;806,74 $;806,74 $;0,00 $;806,74 $;0,00 $;240,00;25,00 $;1112,50 $;305,76 $;0,07%;
30/05/2023;1;40676,04 $;344,24 $;344,24 $;0,00 $;5,76 $;0,00 $;0,00 $;100,00%;344,24 $;344,24 $;0,00 $;344,24 $;0,00 $;150,00;337,50 $;787,50 $;443,26 $;0,07%;
31/05/2023;1;41295,28 $;619,24 $;619,24 $;0,00 $;5,76 $;0,00 $;0,00 $;100,00%;619,24 $;619,24 $;0,00 $;619,24 $;0,00 $;210,00;150,00 $;1212,50 $;593,26 $;0,07%;
01/06/2023;1;42152,02 $;856,74 $;856,74 $;0,00 $;5,76 $;0,00 $;0,00 $;100,00%;856,74 $;856,74 $;0,00 $;856,74 $;0,00 $;240,00;50,00 $;1387,50 $;530,76 $;0,07%;
02/06/2023;1;42346,26 $;194,24 $;194,24 $;0,00 $;5,76 $;0,00 $;0,00 $;100,00%;194,24 $;194,24 $;0,00 $;194,24 $;0,00 $;210,00;87,50 $;650,00 $;455,76 $;0,07%;
05/06/2023;1;41490,50 $;-855,76 $;0,00 $;-855,76 $;5,76 $;-855,76 $;-855,76 $;0,00%;-855,76 $;0,00 $;-855,76 $;0,00 $;-855,76 $;240,00;1262,50 $;375,00 $;1230,76 $;0,07%;
06/06/2023;1;41797,24 $;306,74 $;306,74 $;0,00 $;5,76 $;-549,02 $;0,00 $;100,00%;306,74 $;306,74 $;0,00 $;306,74 $;0,00 $;210,00;537,50 $;475,00 $;168,26 $;0,07%;
07/06/2023;1;41591,48 $;-205,76 $;0,00 $;-205,76 $;5,76 $;-754,78 $;-205,76 $;0,00%;-205,76 $;0,00 $;-205,76 $;0,00 $;-205,76 $;30,00;387,50 $;125,00 $;330,76 $;0,07%;
09/06/2023;1;41710,72 $;119,24 $;119,24 $;0,00 $;5,76 $;-635,54 $;0,00 $;100,00%;119,24 $;119,24 $;0,00 $;119,24 $;0,00 $;240,00;512,50 $;462,50 $;343,26 $;0,07%;
12/06/2023;1;43054,96 $;1344,24 $;1344,24 $;0,00 $;5,76 $;0,00 $;0,00 $;100,00%;1344,24 $;1344,24 $;0,00 $;1344,24 $;0,00 $;210,00;12,50 $;1400,00 $;55,76 $;0,07%;
13/06/2023;1;43049,20 $;-5,76 $;0,00 $;-5,76 $;5,76 $;-5,76 $;-5,76 $;0,00%;-5,76 $;0,00 $;-5,76 $;0,00 $;-5,76 $;210,00;675,00 $;362,50 $;368,26 $;0,07%;
14/06/2023;2;42112,68 $;-936,52 $;119,24 $;-1055,76 $;11,52 $;-1061,52 $;-1055,76 $;50,00%;-468,26 $;119,24 $;-1055,76 $;119,24 $;-1055,76 $;270,00;1300,00 $;143,75 $;612,01 $;0,14%;
15/06/2023;1;43344,42 $;1231,74 $;1231,74 $;0,00 $;5,76 $;0,00 $;0,00 $;100,00%;1231,74 $;1231,74 $;0,00 $;1231,74 $;0,00 $;240,00;350,00 $;1612,50 $;380,76 $;0,07%;
16/06/2023;1;42426,16 $;-918,26 $;0,00 $;-918,26 $;5,76 $;-918,26 $;-918,26 $;0,00%;-918,26 $;0,00 $;-918,26 $;0,00 $;-918,26 $;210,00;1425,00 $;337,50 $;1255,76 $;0,07%;
20/06/2023;1;42407,90 $;-18,26 $;0,00 $;-18,26 $;5,76 $;-936,52 $;-18,26 $;0,00%;-18,26 $;0,00 $;-18,26 $;0,00 $;-18,26 $;210,00;237,50 $;600,00 $;618,26 $;0,07%;
21/06/2023;1;42614,64 $;206,74 $;206,74 $;0,00 $;5,76 $;-729,78 $;0,00 $;100,00%;206,74 $;206,74 $;0,00 $;206,74 $;0,00 $;240,00;250,00 $;862,50 $;655,76 $;0,07%;
22/06/2023;1;43171,38 $;556,74 $;556,74 $;0,00 $;5,76 $;-173,04 $;0,00 $;100,00%;556,74 $;556,74 $;0,00 $;556,74 $;0,00 $;30,00;125,00 $;650,00 $;93,26 $;0,07%;
23/06/2023;1;42353,12 $;-818,26 $;0,00 $;-818,26 $;5,76 $;-991,30 $;-818,26 $;0,00%;-818,26 $;0,00 $;-818,26 $;0,00 $;-818,26 $;210,00;1062,50 $;262,50 $;1080,76 $;0,07%;
26/06/2023;1;42434,86 $;81,74 $;81,74 $;0,00 $;5,76 $;-909,56 $;0,00 $;100,00%;81,74 $;81,74 $;0,00 $;81,74 $;0,00 $;240,00;412,50 $;412,50 $;330,76 $;0,07%;
28/06/2023;1;42079,10 $;-355,76 $;0,00 $;-355,76 $;5,76 $;-1265,32 $;-355,76 $;0,00%;-355,76 $;0,00 $;-355,76 $;0,00 $;-355,76 $;240,00;775,00 $;700,00 $;1055,76 $;0,07%;
29/06/2023;1;42085,84 $;6,74 $;6,74 $;0,00 $;5,76 $;-1258,58 $;0,00 $;100,00%;6,74 $;6,74 $;0,00 $;6,74 $;0,00 $;240,00;637,50 $;350,00 $;343,26 $;0,07%;
30/06/2023;1;42780,08 $;694,24 $;694,24 $;0,00 $;5,76 $;-564,34 $;0,00 $;100,00%;694,24 $;694,24 $;0,00 $;694,24 $;0,00 $;240,00;350,00 $;775,00 $;80,76 $;0,07%;
03/07/2023;1;42949,32 $;169,24 $;169,24 $;0,00 $;5,76 $;-395,10 $;0,00 $;100,00%;169,24 $;169,24 $;0,00 $;169,24 $;0,00 $;45,00;62,50 $;275,00 $;105,76 $;0,07%;
05/07/2023;1;42856,06 $;-93,26 $;0,00 $;-93,26 $;5,76 $;-488,36 $;-93,26 $;0,00%;-93,26 $;0,00 $;-93,26 $;0,00 $;-93,26 $;150,00;437,50 $;312,50 $;405,76 $;0,07%;
06/07/2023;1;43250,30 $;394,24 $;394,24 $;0,00 $;5,76 $;-94,12 $;0,00 $;100,00%;394,24 $;394,24 $;0,00 $;394,24 $;0,00 $;210,00;62,50 $;675,00 $;280,76 $;0,07%;
07/07/2023;1;43419,54 $;169,24 $;169,24 $;0,00 $;5,76 $;0,00 $;0,00 $;100,00%;169,24 $;169,24 $;0,00 $;169,24 $;0,00 $;240,00;37,50 $;1375,00 $;1205,76 $;0,07%;
10/07/2023;1;43563,78 $;144,24 $;144,24 $;0,00 $;5,76 $;0,00 $;0,00 $;100,00%;144,24 $;144,24 $;0,00 $;144,24 $;0,00 $;240,00;575,00 $;362,50 $;218,26 $;0,07%;
11/07/2023;2;44014,76 $;450,98 $;481,74 $;-30,76 $;11,52 $;-30,76 $;-30,76 $;50,00%;225,49 $;481,74 $;-30,76 $;481,74 $;-30,76 $;270,00;100,00 $;293,75 $;68,26 $;0,14%;
12/07/2023;1;43521,50 $;-493,26 $;0,00 $;-493,26 $;5,76 $;-524,02 $;-493,26 $;0,00%;-493,26 $;0,00 $;-493,26 $;0,00 $;-493,26 $;240,00;887,50 $;62,50 $;555,76 $;0,07%;
13/07/2023;1;44378,24 $;856,74 $;856,74 $;0,00 $;5,76 $;0,00 $;0,00 $;100,00%;856,74 $;856,74 $;0,00 $;856,74 $;0,00 $;240,00;112,50 $;925,00 $;68,26 $;0,07%;
17/07/2023;1;44959,98 $;581,74 $;581,74 $;0,00 $;5,76 $;0,00 $;0,00 $;100,00%;581,74 $;581,74 $;0,00 $;581,74 $;0,00 $;240,00;175,00 $;800,00 $;218,26 $;0,07%;
18/07/2023;1;46041,72 $;1081,74 $;1081,74 $;0,00 $;5,76 $;0,00 $;0,00 $;100,00%;1081,74 $;1081,74 $;0,00 $;1081,74 $;0,00 $;240,00;137,50 $;1275,00 $;193,26 $;0,07%;
20/07/2023;1;46160,96 $;119,24 $;119,24 $;0,00 $;5,76 $;0,00 $;0,00 $;100,00%;119,24 $;119,24 $;0,00 $;119,24 $;0,00 $;90,00;325,00 $;337,50 $;218,26 $;0,07%;
24/07/2023;1;45755,20 $;-405,76 $;0,00 $;-405,76 $;5,76 $;-405,76 $;-405,76 $;0,00%;-405,76 $;0,00 $;-405,76 $;0,00 $;-405,76 $;240,00;425,00 $;400,00 $;805,76 $;0,07%;
25/07/2023;1;46236,94 $;481,74 $;481,74 $;0,00 $;5,76 $;0,00 $;0,00 $;100,00%;481,74 $;481,74 $;0,00 $;481,74 $;0,00 $;240,00;25,00 $;875,00 $;393,26 $;0,07%;
26/07/2023;2;46037,92 $;-199,02 $;69,24 $;-268,26 $;11,52 $;-268,26 $;-268,26 $;50,00%;-99,51 $;69,24 $;-268,26 $;69,24 $;-268,26 $;270,00;387,50 $;687,50 $;787,01 $;0,14%;
28/07/2023;1;45619,66 $;-418,26 $;0,00 $;-418,26 $;5,76 $;-686,52 $;-418,26 $;0,00%;-418,26 $;0,00 $;-418,26 $;0,00 $;-418,26 $;240,00;1225,00 $;162,50 $;580,76 $;0,07%;
31/07/2023;1;45301,40 $;-318,26 $;0,00 $;-318,26 $;5,76 $;-1004,78 $;-318,26 $;0,00%;-318,26 $;0,00 $;-318,26 $;0,00 $;-318,26 $;240,00;550,00 $;25,00 $;343,26 $;0,07%;
01/08/2023;1;45058,14 $;-243,26 $;0,00 $;-243,26 $;5,76 $;-1248,04 $;-243,26 $;0,00%;-243,26 $;0,00 $;-243,26 $;0,00 $;-243,26 $;30,00;275,00 $;125,00 $;368,26 $;0,07%;
02/08/2023;1;45089,88 $;31,74 $;31,74 $;0,00 $;5,76 $;-1216,30 $;0,00 $;100,00%;31,74 $;31,74 $;0,00 $;31,74 $;0,00 $;210,00;462,50 $;600,00 $;568,26 $;0,07%;
03/08/2023;1;44984,12 $;-105,76 $;0,00 $;-105,76 $;5,76 $;-1322,06 $;-105,76 $;0,00%;-105,76 $;0,00 $;-105,76 $;0,00 $;-105,76 $;240,00;325,00 $;700,00 $;805,76 $;0,07%;
04/08/2023;1;42153,36 $;-2830,76 $;0,00 $;-2830,76 $;5,76 $;-4152,82 $;-2830,76 $;0,00%;-2830,76 $;0,00 $;-2830,76 $;0,00 $;-2830,76 $;210,00;3150,00 $;200,00 $;3030,76 $;0,07%;
08/08/2023;1;43260,10 $;1106,74 $;1106,74 $;0,00 $;5,76 $;-3046,08 $;0,00 $;100,00%;1106,74 $;1106,74 $;0,00 $;1106,74 $;0,00 $;210,00;125,00 $;1400,00 $;293,26 $;0,07%;
09/08/2023;1;42191,84 $;-1068,26 $;0,00 $;-1068,26 $;5,76 $;-4114,34 $;-1068,26 $;0,00%;-1068,26 $;0,00 $;-1068,26 $;0,00 $;-1068,26 $;90,00;1575,00 $;175,00 $;1243,26 $;0,07%;
10/08/2023;1;40848,58 $;-1343,26 $;0,00 $;-1343,26 $;5,76 $;-5457,60 $;-1343,26 $;0,00%;-1343,26 $;0,00 $;-1343,26 $;0,00 $;-1343,26 $;240,00;2100,00 $;300,00 $;1643,26 $;0,07%;
11/08/2023;1;41505,32 $;656,74 $;656,74 $;0,00 $;5,76 $;-4800,86 $;0,00 $;100,00%;656,74 $;656,74 $;0,00 $;656,74 $;0,00 $;240,00;125,00 $;850,00 $;193,26 $;0,07%;
14/08/2023;1;41349,56 $;-155,76 $;0,00 $;-155,76 $;5,76 $;-4956,62 $;-155,76 $;0,00%;-155,76 $;0,00 $;-155,76 $;0,00 $;-155,76 $;240,00;437,50 $;312,50 $;468,26 $;0,07%;
15/08/2023;1;40493,80 $;-855,76 $;0,00 $;-855,76 $;5,76 $;-5812,38 $;-855,76 $;0,00%;-855,76 $;0,00 $;-855,76 $;0,00 $;-855,76 $;210,00;1200,00 $;62,50 $;918,26 $;0,07%;
16/08/2023;1;38788,04 $;-1705,76 $;0,00 $;-1705,76 $;5,76 $;-7518,14 $;-1705,76 $;0,00%;-1705,76 $;0,00 $;-1705,76 $;0,00 $;-1705,76 $;240,00;1887,50 $;50,00 $;1755,76 $;0,07%;
17/08/2023;1;36994,78 $;-1793,26 $;0,00 $;-1793,26 $;5,76 $;-9311,40 $;-1793,26 $;0,00%;-1793,26 $;0,00 $;-1793,26 $;0,00 $;-1793,26 $;150,00;1825,00 $;0,00 $;1793,26 $;0,07%;
18/08/2023;1;37426,52 $;431,74 $;431,74 $;0,00 $;5,76 $;-8879,66 $;0,00 $;100,00%;431,74 $;431,74 $;0,00 $;431,74 $;0,00 $;240,00;275,00 $;750,00 $;318,26 $;0,07%;
21/08/2023;1;37970,76 $;544,24 $;544,24 $;0,00 $;5,76 $;-8335,42 $;0,00 $;100,00%;544,24 $;544,24 $;0,00 $;544,24 $;0,00 $;150,00;62,50 $;1125,00 $;580,76 $;0,07%;
22/08/2023;1;37665,00 $;-305,76 $;0,00 $;-305,76 $;5,76 $;-8641,18 $;-305,76 $;0,00%;-305,76 $;0,00 $;-305,76 $;0,00 $;-305,76 $;210,00;500,00 $;462,50 $;768,26 $;0,07%;
23/08/2023;1;38184,24 $;519,24 $;519,24 $;0,00 $;5,76 $;-8121,94 $;0,00 $;100,00%;519,24 $;519,24 $;0,00 $;519,24 $;0,00 $;240,00;225,00 $;775,00 $;255,76 $;0,07%;
24/08/2023;1;37190,98 $;-993,26 $;0,00 $;-993,26 $;5,76 $;-9115,20 $;-993,26 $;0,00%;-993,26 $;0,00 $;-993,26 $;0,00 $;-993,26 $;240,00;1075,00 $;75,00 $;1068,26 $;0,07%;
25/08/2023;1;37747,72 $;556,74 $;556,74 $;0,00 $;5,76 $;-8558,46 $;0,00 $;100,00%;556,74 $;556,74 $;0,00 $;556,74 $;0,00 $;210,00;737,50 $;1262,50 $;705,76 $;0,07%;
29/08/2023;2;38898,70 $;1150,98 $;1150,98 $;0,00 $;11,52 $;-7414,22 $;0,00 $;100,00%;575,49 $;575,49 $;0,00 $;1144,24 $;0,00 $;240,00;31,25 $;618,75 $;43,26 $;0,14%;
31/08/2023;1;38542,94 $;-355,76 $;0,00 $;-355,76 $;5,76 $;-7763,24 $;-355,76 $;0,00%;-355,76 $;0,00 $;-355,76 $;0,00 $;-355,76 $;210,00;600,00 $;437,50 $;793,26 $;0,07%;
05/09/2023;1;37899,68 $;-643,26 $;0,00 $;-643,26 $;5,76 $;-8406,50 $;-643,26 $;0,00%;-643,26 $;0,00 $;-643,26 $;0,00 $;-643,26 $;210,00;687,50 $;162,50 $;805,76 $;0,07%;
06/09/2023;1;38431,42 $;531,74 $;531,74 $;0,00 $;5,76 $;-7874,76 $;0,00 $;100,00%;531,74 $;531,74 $;0,00 $;531,74 $;0,00 $;210,00;562,50 $;750,00 $;218,26 $;0,07%;
07/09/2023;1;38388,16 $;-43,26 $;0,00 $;-43,26 $;5,76 $;-7918,02 $;-43,26 $;0,00%;-43,26 $;0,00 $;-43,26 $;0,00 $;-43,26 $;150,00;512,50 $;250,00 $;293,26 $;0,07%;
08/09/2023;1;37419,90 $;-968,26 $;0,00 $;-968,26 $;5,76 $;-8886,28 $;-968,26 $;0,00%;-968,26 $;0,00 $;-968,26 $;0,00 $;-968,26 $;240,00;1037,50 $;162,50 $;1130,76 $;0,07%;
11/09/2023;1;37439,14 $;19,24 $;19,24 $;0,00 $;5,76 $;-8867,04 $;0,00 $;100,00%;19,24 $;19,24 $;0,00 $;19,24 $;0,00 $;150,00;100,00 $;250,00 $;230,76 $;0,07%;
12/09/2023;1;36870,88 $;-568,26 $;0,00 $;-568,26 $;5,76 $;-9435,30 $;-568,26 $;0,00%;-568,26 $;0,00 $;-568,26 $;0,00 $;-568,26 $;240,00;687,50 $;900,00 $;1468,26 $;0,07%;
13/09/2023;1;36552,62 $;-318,26 $;0,00 $;-318,26 $;5,76 $;-9753,56 $;-318,26 $;0,00%;-318,26 $;0,00 $;-318,26 $;0,00 $;-318,26 $;210,00;1050,00 $;175,00 $;493,26 $;0,07%;
14/09/2023;1;36996,86 $;444,24 $;444,24 $;0,00 $;5,76 $;-9309,32 $;0,00 $;100,00%;444,24 $;444,24 $;0,00 $;444,24 $;0,00 $;210,00;75,00 $;500,00 $;55,76 $;0,07%;
15/09/2023;1;36353,60 $;-643,26 $;0,00 $;-643,26 $;5,76 $;-9952,58 $;-643,26 $;0,00%;-643,26 $;0,00 $;-643,26 $;0,00 $;-643,26 $;240,00;1012,50 $;200,00 $;843,26 $;0,07%;
18/09/2023;1;35997,84 $;-355,76 $;0,00 $;-355,76 $;5,76 $;-10308,34 $;-355,76 $;0,00%;-355,76 $;0,00 $;-355,76 $;0,00 $;-355,76 $;150,00;662,50 $;175,00 $;530,76 $;0,07%;
19/09/2023;1;36829,58 $;831,74 $;831,74 $;0,00 $;5,76 $;-9476,60 $;0,00 $;100,00%;831,74 $;831,74 $;0,00 $;831,74 $;0,00 $;240,00;475,00 $;1250,00 $;418,26 $;0,07%;
20/09/2023;1;35573,82 $;-1255,76 $;0,00 $;-1255,76 $;5,76 $;-10732,36 $;-1255,76 $;0,00%;-1255,76 $;0,00 $;-1255,76 $;0,00 $;-1255,76 $;240,00;1575,00 $;350,00 $;1605,76 $;0,07%;
21/09/2023;1;34730,56 $;-843,26 $;0,00 $;-843,26 $;5,76 $;-11575,62 $;-843,26 $;0,00%;-843,26 $;0,00 $;-843,26 $;0,00 $;-843,26 $;240,00;887,50 $;562,50 $;1405,76 $;0,07%;
22/09/2023;2;34006,54 $;-724,02 $;0,00 $;-724,02 $;11,52 $;-12299,64 $;-724,02 $;0,00%;-362,01 $;0,00 $;-362,01 $;0,00 $;-655,76 $;270,00;931,25 $;75,00 $;437,01 $;0,14%;
25/09/2023;1;34288,28 $;281,74 $;281,74 $;0,00 $;5,76 $;-12017,90 $;0,00 $;100,00%;281,74 $;281,74 $;0,00 $;281,74 $;0,00 $;210,00;975,00 $;325,00 $;43,26 $;0,07%;
26/09/2023;1;33995,02 $;-293,26 $;0,00 $;-293,26 $;5,76 $;-12311,16 $;-293,26 $;0,00%;-293,26 $;0,00 $;-293,26 $;0,00 $;-293,26 $;150,00;987,50 $;112,50 $;405,76 $;0,07%;
27/09/2023;2;34321,00 $;325,98 $;325,98 $;0,00 $;11,52 $;-12054,42 $;0,00 $;100,00%;162,99 $;162,99 $;0,00 $;256,74 $;0,00 $;240,00;950,00 $;468,75 $;305,76 $;0,14%;
28/09/2023;1;35027,74 $;706,74 $;706,74 $;0,00 $;5,76 $;-11278,44 $;0,00 $;100,00%;706,74 $;706,74 $;0,00 $;706,74 $;0,00 $;240,00;412,50 $;1000,00 $;293,26 $;0,07%;
29/09/2023;1;34909,48 $;-118,26 $;0,00 $;-118,26 $;5,76 $;-11396,70 $;-118,26 $;0,00%;-118,26 $;0,00 $;-118,26 $;0,00 $;-118,26 $;0,00;125,00 $;62,50 $;180,76 $;0,07%;
03/10/2023;1;34628,72 $;-280,76 $;0,00 $;-280,76 $;5,76 $;-11677,46 $;-280,76 $;0,00%;-280,76 $;0,00 $;-280,76 $;0,00 $;-280,76 $;150,00;850,00 $;62,50 $;343,26 $;0,07%;
04/10/2023;1;34835,46 $;206,74 $;206,74 $;0,00 $;5,76 $;-11470,72 $;0,00 $;100,00%;206,74 $;206,74 $;0,00 $;206,74 $;0,00 $;210,00;1200,00 $;737,50 $;530,76 $;0,07%;
05/10/2023;1;35467,20 $;631,74 $;631,74 $;0,00 $;5,76 $;-10838,98 $;0,00 $;100,00%;631,74 $;631,74 $;0,00 $;631,74 $;0,00 $;150,00;225,00 $;1250,00 $;618,26 $;0,07%;
06/10/2023;1;37973,94 $;2506,74 $;2506,74 $;0,00 $;5,76 $;-8332,24 $;0,00 $;100,00%;2506,74 $;2506,74 $;0,00 $;2506,74 $;0,00 $;240,00;0,00 $;2700,00 $;193,26 $;0,07%;
09/10/2023;1;37943,18 $;-30,76 $;0,00 $;-30,76 $;5,76 $;-8363,00 $;-30,76 $;0,00%;-30,76 $;0,00 $;-30,76 $;0,00 $;-30,76 $;30,00;350,00 $;137,50 $;168,26 $;0,07%;
10/10/2023;1;37087,42 $;-855,76 $;0,00 $;-855,76 $;5,76 $;-9218,76 $;-855,76 $;0,00%;-855,76 $;0,00 $;-855,76 $;0,00 $;-855,76 $;240,00;1075,00 $;412,50 $;1268,26 $;0,07%;
11/10/2023;1;38031,66 $;944,24 $;944,24 $;0,00 $;5,76 $;-8274,52 $;0,00 $;100,00%;944,24 $;944,24 $;0,00 $;944,24 $;0,00 $;30,00;62,50 $;987,50 $;43,26 $;0,07%;
16/10/2023;1;38175,90 $;144,24 $;144,24 $;0,00 $;5,76 $;-8130,28 $;0,00 $;100,00%;144,24 $;144,24 $;0,00 $;144,24 $;0,00 $;240,00;1150,00 $;187,50 $;43,26 $;0,07%;
17/10/2023;1;37932,64 $;-243,26 $;0,00 $;-243,26 $;5,76 $;-8373,54 $;-243,26 $;0,00%;-243,26 $;0,00 $;-243,26 $;0,00 $;-243,26 $;240,00;887,50 $;1100,00 $;1343,26 $;0,07%;
18/10/2023;1;37264,38 $;-668,26 $;0,00 $;-668,26 $;5,76 $;-9041,80 $;-668,26 $;0,00%;-668,26 $;0,00 $;-668,26 $;0,00 $;-668,26 $;90,00;1500,00 $;275,00 $;943,26 $;0,07%;
19/10/2023;1;34571,12 $;-2693,26 $;0,00 $;-2693,26 $;5,76 $;-11735,06 $;-2693,26 $;0,00%;-2693,26 $;0,00 $;-2693,26 $;0,00 $;-2693,26 $;150,00;2875,00 $;275,00 $;2968,26 $;0,07%;
23/10/2023;1;33890,36 $;-680,76 $;0,00 $;-680,76 $;5,76 $;-12415,82 $;-680,76 $;0,00%;-680,76 $;0,00 $;-680,76 $;0,00 $;-680,76 $;240,00;737,50 $;1050,00 $;1730,76 $;0,07%;
24/10/2023;1;34434,60 $;544,24 $;544,24 $;0,00 $;5,76 $;-11871,58 $;0,00 $;100,00%;544,24 $;544,24 $;0,00 $;544,24 $;0,00 $;240,00;1137,50 $;600,00 $;55,76 $;0,07%;
25/10/2023;1;33953,84 $;-480,76 $;0,00 $;-480,76 $;5,76 $;-12352,34 $;-480,76 $;0,00%;-480,76 $;0,00 $;-480,76 $;0,00 $;-480,76 $;210,00;1125,00 $;275,00 $;755,76 $;0,07%;
26/10/2023;1;33298,08 $;-655,76 $;0,00 $;-655,76 $;5,76 $;-13008,10 $;-655,76 $;0,00%;-655,76 $;0,00 $;-655,76 $;0,00 $;-655,76 $;90,00;1187,50 $;887,50 $;1543,26 $;0,07%;
30/10/2023;1;34304,82 $;1006,74 $;1006,74 $;0,00 $;5,76 $;-12001,36 $;0,00 $;100,00%;1006,74 $;1006,74 $;0,00 $;1006,74 $;0,00 $;210,00;375,00 $;1687,50 $;680,76 $;0,07%;
31/10/2023;1;34511,56 $;206,74 $;206,74 $;0,00 $;5,76 $;-11794,62 $;0,00 $;100,00%;206,74 $;206,74 $;0,00 $;206,74 $;0,00 $;150,00;12,50 $;762,50 $;555,76 $;0,07%;
01/11/2023;2;35887,54 $;1375,98 $;1375,98 $;0,00 $;11,52 $;-10575,38 $;0,00 $;100,00%;687,99 $;687,99 $;0,00 $;1219,24 $;0,00 $;240,00;337,50 $;831,25 $;143,26 $;0,14%;
03/11/2023;1;35656,78 $;-230,76 $;0,00 $;-230,76 $;5,76 $;-10649,40 $;-230,76 $;0,00%;-230,76 $;0,00 $;-230,76 $;0,00 $;-230,76 $;210,00;487,50 $;375,00 $;605,76 $;0,07%;
07/11/2023;1;35751,02 $;94,24 $;94,24 $;0,00 $;5,76 $;-10555,16 $;0,00 $;100,00%;94,24 $;94,24 $;0,00 $;94,24 $;0,00 $;240,00;587,50 $;250,00 $;155,76 $;0,07%;
08/11/2023;1;36420,26 $;669,24 $;669,24 $;0,00 $;5,76 $;-9885,92 $;0,00 $;100,00%;669,24 $;669,24 $;0,00 $;669,24 $;0,00 $;210,00;150,00 $;1162,50 $;493,26 $;0,07%;
09/11/2023;1;34564,50 $;-1855,76 $;0,00 $;-1855,76 $;5,76 $;-11741,68 $;-1855,76 $;0,00%;-1855,76 $;0,00 $;-1855,76 $;0,00 $;-1855,76 $;240,00;2025,00 $;325,00 $;2180,76 $;0,07%;
10/11/2023;1;36258,74 $;1694,24 $;1694,24 $;0,00 $;5,76 $;-10047,44 $;0,00 $;100,00%;1694,24 $;1694,24 $;0,00 $;1694,24 $;0,00 $;210,00;0,00 $;1900,00 $;205,76 $;0,07%;
13/11/2023;1;36390,48 $;131,74 $;131,74 $;0,00 $;5,76 $;-9915,70 $;0,00 $;100,00%;131,74 $;131,74 $;0,00 $;131,74 $;0,00 $;240,00;300,00 $;425,00 $;293,26 $;0,07%;
14/11/2023;2;36528,96 $;138,48 $;194,24 $;-55,76 $;11,52 $;-9777,22 $;-55,76 $;50,00%;69,24 $;194,24 $;-55,76 $;194,24 $;-55,76 $;270,00;475,00 $;168,75 $;99,51 $;0,14%;
15/11/2023;1;35948,20 $;-580,76 $;0,00 $;-580,76 $;5,76 $;-10357,98 $;-580,76 $;0,00%;-580,76 $;0,00 $;-580,76 $;0,00 $;-580,76 $;210,00;687,50 $;250,00 $;830,76 $;0,07%;
16/11/2023;1;36579,94 $;631,74 $;631,74 $;0,00 $;5,76 $;-9726,24 $;0,00 $;100,00%;631,74 $;631,74 $;0,00 $;631,74 $;0,00 $;240,00;112,50 $;787,50 $;155,76 $;0,07%;
17/11/2023;1;37224,18 $;644,24 $;644,24 $;0,00 $;5,76 $;-9082,00 $;0,00 $;100,00%;644,24 $;644,24 $;0,00 $;644,24 $;0,00 $;240,00;137,50 $;825,00 $;180,76 $;0,07%;
20/11/2023;1;38405,92 $;1181,74 $;1181,74 $;0,00 $;5,76 $;-7900,26 $;0,00 $;100,00%;1181,74 $;1181,74 $;0,00 $;1181,74 $;0,00 $;240,00;87,50 $;1237,50 $;55,76 $;0,07%;
21/11/2023;1;38225,16 $;-180,76 $;0,00 $;-180,76 $;5,76 $;-8081,02 $;-180,76 $;0,00%;-180,76 $;0,00 $;-180,76 $;0,00 $;-180,76 $;30,00;712,50 $;112,50 $;293,26 $;0,07%;
22/11/2023;1;38069,40 $;-155,76 $;0,00 $;-155,76 $;5,76 $;-8236,78 $;-155,76 $;0,00%;-155,76 $;0,00 $;-155,76 $;0,00 $;-155,76 $;210,00;750,00 $;112,50 $;268,26 $;0,07%;
23/11/2023;1;37938,64 $;-130,76 $;0,00 $;-130,76 $;5,76 $;-8367,54 $;-130,76 $;0,00%;-130,76 $;0,00 $;-130,76 $;0,00 $;-130,76 $;30,00;187,50 $;25,00 $;155,76 $;0,07%;
24/11/2023;1;38045,38 $;106,74 $;106,74 $;0,00 $;5,76 $;-8260,80 $;0,00 $;100,00%;106,74 $;106,74 $;0,00 $;106,74 $;0,00 $;45,00;125,00 $;200,00 $;93,26 $;0,07%;
27/11/2023;2;38058,86 $;13,48 $;181,74 $;-168,26 $;11,52 $;-8247,32 $;-168,26 $;50,00%;6,74 $;181,74 $;-168,26 $;181,74 $;-168,26 $;330,00;256,25 $;306,25 $;299,51 $;0,14%;
28/11/2023;1;37865,60 $;-193,26 $;0,00 $;-193,26 $;5,76 $;-8440,58 $;-193,26 $;0,00%;-193,26 $;0,00 $;-193,26 $;0,00 $;-193,26 $;210,00;837,50 $;0,00 $;193,26 $;0,07%;
30/11/2023;1;37722,34 $;-143,26 $;0,00 $;-143,26 $;5,76 $;-8583,84 $;-143,26 $;0,00%;-143,26 $;0,00 $;-143,26 $;0,00 $;-143,26 $;240,00;537,50 $;387,50 $;530,76 $;0,07%;
01/12/2023;1;38529,08 $;806,74 $;806,74 $;0,00 $;5,76 $;-7777,10 $;0,00 $;100,00%;806,74 $;806,74 $;0,00 $;806,74 $;0,00 $;240,00;312,50 $;1112,50 $;305,76 $;0,07%;
05/12/2023;1;38648,32 $;119,24 $;119,24 $;0,00 $;5,76 $;-7657,86 $;0,00 $;100,00%;119,24 $;119,24 $;0,00 $;119,24 $;0,00 $;240,00;537,50 $;250,00 $;130,76 $;0,07%;
07/12/2023;1;39267,56 $;619,24 $;619,24 $;0,00 $;5,76 $;-7038,62 $;0,00 $;100,00%;619,24 $;619,24 $;0,00 $;619,24 $;0,00 $;240,00;37,50 $;925,00 $;305,76 $;0,07%;
08/12/2023;1;40111,80 $;844,24 $;844,24 $;0,00 $;5,76 $;-6194,38 $;0,00 $;100,00%;844,24 $;844,24 $;0,00 $;844,24 $;0,00 $;240,00;587,50 $;925,00 $;80,76 $;0,07%;
11/12/2023;1;40206,04 $;94,24 $;94,24 $;0,00 $;5,76 $;-6100,14 $;0,00 $;100,00%;94,24 $;94,24 $;0,00 $;94,24 $;0,00 $;90,00;212,50 $;225,00 $;130,76 $;0,07%;
12/12/2023;1;41012,78 $;806,74 $;806,74 $;0,00 $;5,76 $;-5293,40 $;0,00 $;100,00%;806,74 $;806,74 $;0,00 $;806,74 $;0,00 $;210,00;175,00 $;862,50 $;55,76 $;0,07%;
13/12/2023;1;44019,52 $;3006,74 $;3006,74 $;0,00 $;5,76 $;-2286,66 $;0,00 $;100,00%;3006,74 $;3006,74 $;0,00 $;3006,74 $;0,00 $;210,00;212,50 $;3162,50 $;155,76 $;0,07%;
14/12/2023;1;43776,26 $;-243,26 $;0,00 $;-243,26 $;5,76 $;-2529,92 $;-243,26 $;0,00%;-243,26 $;0,00 $;-243,26 $;0,00 $;-243,26 $;240,00;1362,50 $;725,00 $;968,26 $;0,07%;
15/12/2023;2;43202,24 $;-574,02 $;0,00 $;-574,02 $;11,52 $;-3103,94 $;-574,02 $;0,00%;-287,01 $;0,00 $;-287,01 $;0,00 $;-455,76 $;270,00;543,75 $;62,50 $;349,51 $;0,14%;
19/12/2023;1;43158,98 $;-43,26 $;0,00 $;-43,26 $;5,76 $;-3147,20 $;-43,26 $;0,00%;-43,26 $;0,00 $;-43,26 $;0,00 $;-43,26 $;240,00;325,00 $;112,50 $;155,76 $;0,07%;
20/12/2023;1;39365,72 $;-3793,26 $;0,00 $;-3793,26 $;5,76 $;-6940,46 $;-3793,26 $;0,00%;-3793,26 $;0,00 $;-3793,26 $;0,00 $;-3793,26 $;210,00;4150,00 $;225,00 $;4018,26 $;0,07%;
21/12/2023;1;41059,96 $;1694,24 $;1694,24 $;0,00 $;5,76 $;-5246,22 $;0,00 $;100,00%;1694,24 $;1694,24 $;0,00 $;1694,24 $;0,00 $;210,00;375,00 $;1762,50 $;68,26 $;0,07%;
22/12/2023;1;41016,70 $;-43,26 $;0,00 $;-43,26 $;5,76 $;-5289,48 $;-43,26 $;0,00%;-43,26 $;0,00 $;-43,26 $;0,00 $;-43,26 $;0,00;125,00 $;0,00 $;43,26 $;0,07%;
27/12/2023;1;41085,94 $;69,24 $;69,24 $;0,00 $;5,76 $;-5220,24 $;0,00 $;100,00%;69,24 $;69,24 $;0,00 $;69,24 $;0,00 $;240,00;287,50 $;637,50 $;568,26 $;0,07%;
28/12/2023;1;41130,18 $;44,24 $;44,24 $;0,00 $;5,76 $;-5176,00 $;0,00 $;100,00%;44,24 $;44,24 $;0,00 $;44,24 $;0,00 $;240,00;200,00 $;362,50 $;318,26 $;0,07%;
29/12/2023;1;42036,92 $;906,74 $;906,74 $;0,00 $;5,76 $;-4269,26 $;0,00 $;100,00%;906,74 $;906,74 $;0,00 $;906,74 $;0,00 $;240,00;350,00 $;962,50 $;55,76 $;0,07%;
03/01/2024;1;41793,66 $;-243,26 $;0,00 $;-243,26 $;5,76 $;-4512,52 $;-243,26 $;0,00%;-243,26 $;0,00 $;-243,26 $;0,00 $;-243,26 $;240,00;387,50 $;762,50 $;1005,76 $;0,07%;
04/01/2024;1;40587,90 $;-1205,76 $;0,00 $;-1205,76 $;5,76 $;-5718,28 $;-1205,76 $;0,00%;-1205,76 $;0,00 $;-1205,76 $;0,00 $;-1205,76 $;240,00;1312,50 $;87,50 $;1293,26 $;0,07%;
05/01/2024;1;39469,64 $;-1118,26 $;0,00 $;-1118,26 $;5,76 $;-6836,54 $;-1118,26 $;0,00%;-1118,26 $;0,00 $;-1118,26 $;0,00 $;-1118,26 $;240,00;1337,50 $;125,00 $;1243,26 $;0,07%;
08/01/2024;1;41126,38 $;1656,74 $;1656,74 $;0,00 $;5,76 $;-5179,80 $;0,00 $;100,00%;1656,74 $;1656,74 $;0,00 $;1656,74 $;0,00 $;240,00;37,50 $;1837,50 $;180,76 $;0,07%;
09/01/2024;1;40858,12 $;-268,26 $;0,00 $;-268,26 $;5,76 $;-5448,06 $;-268,26 $;0,00%;-268,26 $;0,00 $;-268,26 $;0,00 $;-268,26 $;210,00;637,50 $;375,00 $;643,26 $;0,07%;
11/01/2024;1;40852,36 $;-5,76 $;0,00 $;-5,76 $;5,76 $;-5453,82 $;-5,76 $;0,00%;-5,76 $;0,00 $;-5,76 $;0,00 $;-5,76 $;90,00;325,00 $;437,50 $;443,26 $;0,07%;
16/01/2024;1;41159,10 $;306,74 $;306,74 $;0,00 $;5,76 $;-5147,08 $;0,00 $;100,00%;306,74 $;306,74 $;0,00 $;306,74 $;0,00 $;210,00;700,00 $;387,50 $;80,76 $;0,07%;
17/01/2024;1;41778,34 $;619,24 $;619,24 $;0,00 $;5,76 $;-4527,84 $;0,00 $;100,00%;619,24 $;619,24 $;0,00 $;619,24 $;0,00 $;30,00;25,00 $;875,00 $;255,76 $;0,07%;
18/01/2024;1;42660,08 $;881,74 $;881,74 $;0,00 $;5,76 $;-3646,10 $;0,00 $;100,00%;881,74 $;881,74 $;0,00 $;881,74 $;0,00 $;240,00;1137,50 $;887,50 $;5,76 $;0,07%;
19/01/2024;1;44291,82 $;1631,74 $;1631,74 $;0,00 $;5,76 $;-2014,36 $;0,00 $;100,00%;1631,74 $;1631,74 $;0,00 $;1631,74 $;0,00 $;210,00;50,00 $;1712,50 $;80,76 $;0,07%;
22/01/2024;1;44298,56 $;6,74 $;6,74 $;0,00 $;5,76 $;-2007,62 $;0,00 $;100,00%;6,74 $;6,74 $;0,00 $;6,74 $;0,00 $;240,00;662,50 $;62,50 $;55,76 $;0,07%;
23/01/2024;1;45167,80 $;869,24 $;869,24 $;0,00 $;5,76 $;-1138,38 $;0,00 $;100,00%;869,24 $;869,24 $;0,00 $;869,24 $;0,00 $;90,00;75,00 $;925,00 $;55,76 $;0,07%;
29/01/2024;1;46612,04 $;1444,24 $;1444,24 $;0,00 $;5,76 $;0,00 $;0,00 $;100,00%;1444,24 $;1444,24 $;0,00 $;1444,24 $;0,00 $;210,00;212,50 $;1600,00 $;155,76 $;0,07%;
30/01/2024;1;45781,28 $;-830,76 $;0,00 $;-830,76 $;5,76 $;-830,76 $;-830,76 $;0,00%;-830,76 $;0,00 $;-830,76 $;0,00 $;-830,76 $;150,00;850,00 $;362,50 $;1193,26 $;0,07%;
31/01/2024;1;44600,52 $;-1180,76 $;0,00 $;-1180,76 $;5,76 $;-2011,52 $;-1180,76 $;0,00%;-1180,76 $;0,00 $;-1180,76 $;0,00 $;-1180,76 $;240,00;1700,00 $;1000,00 $;2180,76 $;0,07%;
01/02/2024;1;46682,26 $;2081,74 $;2081,74 $;0,00 $;5,76 $;0,00 $;0,00 $;100,00%;2081,74 $;2081,74 $;0,00 $;2081,74 $;0,00 $;240,00;12,50 $;2237,50 $;155,76 $;0,07%;
02/02/2024;1;46564,00 $;-118,26 $;0,00 $;-118,26 $;5,76 $;-118,26 $;-118,26 $;0,00%;-118,26 $;0,00 $;-118,26 $;0,00 $;-118,26 $;210,00;1100,00 $;850,00 $;968,26 $;0,07%;
05/02/2024;1;46483,24 $;-80,76 $;0,00 $;-80,76 $;5,76 $;-199,02 $;-80,76 $;0,00%;-80,76 $;0,00 $;-80,76 $;0,00 $;-80,76 $;150,00;312,50 $;787,50 $;868,26 $;0,07%;
06/02/2024;2;46496,72 $;13,48 $;94,24 $;-80,76 $;11,52 $;-279,78 $;-80,76 $;50,00%;6,74 $;94,24 $;-80,76 $;94,24 $;-80,76 $;240,00;306,25 $;131,25 $;124,51 $;0,14%;
07/02/2024;1;47015,96 $;519,24 $;519,24 $;0,00 $;5,76 $;0,00 $;0,00 $;100,00%;519,24 $;519,24 $;0,00 $;519,24 $;0,00 $;240,00;175,00 $;700,00 $;180,76 $;0,07%;
08/02/2024;1;47097,70 $;81,74 $;81,74 $;0,00 $;5,76 $;0,00 $;0,00 $;100,00%;81,74 $;81,74 $;0,00 $;81,74 $;0,00 $;150,00;237,50 $;362,50 $;280,76 $;0,07%;
09/02/2024;1;47754,44 $;656,74 $;656,74 $;0,00 $;5,76 $;0,00 $;0,00 $;100,00%;656,74 $;656,74 $;0,00 $;656,74 $;0,00 $;240,00;237,50 $;950,00 $;293,26 $;0,07%;
12/02/2024;1;46748,68 $;-1005,76 $;0,00 $;-1005,76 $;5,76 $;-1005,76 $;-1005,76 $;0,00%;-1005,76 $;0,00 $;-1005,76 $;0,00 $;-1005,76 $;240,00;1362,50 $;300,00 $;1305,76 $;0,07%;
14/02/2024;1;47630,42 $;881,74 $;881,74 $;0,00 $;5,76 $;-124,02 $;0,00 $;100,00%;881,74 $;881,74 $;0,00 $;881,74 $;0,00 $;240,00;937,50 $;987,50 $;105,76 $;0,07%;
15/02/2024;1;48712,16 $;1081,74 $;1081,74 $;0,00 $;5,76 $;0,00 $;0,00 $;100,00%;1081,74 $;1081,74 $;0,00 $;1081,74 $;0,00 $;240,00;75,00 $;1375,00 $;293,26 $;0,07%;
16/02/2024;1;48043,90 $;-668,26 $;0,00 $;-668,26 $;5,76 $;-668,26 $;-668,26 $;0,00%;-668,26 $;0,00 $;-668,26 $;0,00 $;-668,26 $;240,00;987,50 $;500,00 $;1168,26 $;0,07%;
21/02/2024;1;50563,14 $;2519,24 $;2519,24 $;0,00 $;5,76 $;0,00 $;0,00 $;100,00%;2519,24 $;2519,24 $;0,00 $;2519,24 $;0,00 $;30,00;25,00 $;2612,50 $;93,26 $;0,07%;
23/02/2024;1;49757,38 $;-805,76 $;0,00 $;-805,76 $;5,76 $;-805,76 $;-805,76 $;0,00%;-805,76 $;0,00 $;-805,76 $;0,00 $;-805,76 $;150,00;812,50 $;75,00 $;880,76 $;0,07%;
26/02/2024;1;49664,12 $;-93,26 $;0,00 $;-93,26 $;5,76 $;-899,02 $;-93,26 $;0,00%;-93,26 $;0,00 $;-93,26 $;0,00 $;-93,26 $;0,00;150,00 $;25,00 $;118,26 $;0,07%;
27/02/2024;1;50533,36 $;869,24 $;869,24 $;0,00 $;5,76 $;-29,78 $;0,00 $;100,00%;869,24 $;869,24 $;0,00 $;869,24 $;0,00 $;210,00;400,00 $;900,00 $;30,76 $;0,07%;
28/02/2024;1;49790,10 $;-743,26 $;0,00 $;-743,26 $;5,76 $;-773,04 $;-743,26 $;0,00%;-743,26 $;0,00 $;-743,26 $;0,00 $;-743,26 $;150,00;875,00 $;150,00 $;893,26 $;0,07%;
29/02/2024;1;50271,84 $;481,74 $;481,74 $;0,00 $;5,76 $;-291,30 $;0,00 $;100,00%;481,74 $;481,74 $;0,00 $;481,74 $;0,00 $;240,00;937,50 $;562,50 $;80,76 $;0,07%;
01/03/2024;1;51291,08 $;1019,24 $;1019,24 $;0,00 $;5,76 $;0,00 $;0,00 $;100,00%;1019,24 $;1019,24 $;0,00 $;1019,24 $;0,00 $;240,00;350,00 $;1225,00 $;205,76 $;0,07%;
05/03/2024;1;49697,82 $;-1593,26 $;0,00 $;-1593,26 $;5,76 $;-1593,26 $;-1593,26 $;0,00%;-1593,26 $;0,00 $;-1593,26 $;0,00 $;-1593,26 $;240,00;1637,50 $;175,00 $;1768,26 $;0,07%;
06/03/2024;1;48604,56 $;-1093,26 $;0,00 $;-1093,26 $;5,76 $;-2686,52 $;-1093,26 $;0,00%;-1093,26 $;0,00 $;-1093,26 $;0,00 $;-1093,26 $;240,00;1437,50 $;362,50 $;1455,76 $;0,07%;
07/03/2024;1;48436,30 $;-168,26 $;0,00 $;-168,26 $;5,76 $;-2854,78 $;-168,26 $;0,00%;-168,26 $;0,00 $;-168,26 $;0,00 $;-168,26 $;210,00;612,50 $;725,00 $;893,26 $;0,07%;
08/03/2024;1;48355,54 $;-80,76 $;0,00 $;-80,76 $;5,76 $;-2935,54 $;-80,76 $;0,00%;-80,76 $;0,00 $;-80,76 $;0,00 $;-80,76 $;150,00;587,50 $;1087,50 $;1168,26 $;0,07%;
11/03/2024;1;48662,28 $;306,74 $;306,74 $;0,00 $;5,76 $;-2628,80 $;0,00 $;100,00%;306,74 $;306,74 $;0,00 $;306,74 $;0,00 $;150,00;475,00 $;350,00 $;43,26 $;0,07%;
12/03/2024;1;49519,02 $;856,74 $;856,74 $;0,00 $;5,76 $;-1772,06 $;0,00 $;100,00%;856,74 $;856,74 $;0,00 $;856,74 $;0,00 $;150,00;12,50 $;1250,00 $;393,26 $;0,07%;
13/03/2024;1;49100,76 $;-418,26 $;0,00 $;-418,26 $;5,76 $;-2190,32 $;-418,26 $;0,00%;-418,26 $;0,00 $;-418,26 $;0,00 $;-418,26 $;240,00;762,50 $;662,50 $;1080,76 $;0,07%;
14/03/2024;1;49920,00 $;819,24 $;819,24 $;0,00 $;5,76 $;-1371,08 $;0,00 $;100,00%;819,24 $;819,24 $;0,00 $;819,24 $;0,00 $;150,00;662,50 $;1037,50 $;218,26 $;0,07%;
19/03/2024;1;50851,74 $;931,74 $;931,74 $;0,00 $;5,76 $;-439,34 $;0,00 $;100,00%;931,74 $;931,74 $;0,00 $;931,74 $;0,00 $;240,00;0,00 $;1412,50 $;480,76 $;0,07%;
20/03/2024;2;53027,72 $;2175,98 $;2175,98 $;0,00 $;11,52 $;0,00 $;0,00 $;100,00%;1087,99 $;1087,99 $;0,00 $;2106,74 $;0,00 $;240,00;306,25 $;1162,50 $;74,51 $;0,14%;
22/03/2024;1;53009,46 $;-18,26 $;0,00 $;-18,26 $;5,76 $;-18,26 $;-18,26 $;0,00%;-18,26 $;0,00 $;-18,26 $;0,00 $;-18,26 $;240,00;400,00 $;450,00 $;468,26 $;0,07%;
25/03/2024;1;52853,70 $;-155,76 $;0,00 $;-155,76 $;5,76 $;-174,02 $;-155,76 $;0,00%;-155,76 $;0,00 $;-155,76 $;0,00 $;-155,76 $;240,00;250,00 $;200,00 $;355,76 $;0,07%;
26/03/2024;1;51972,94 $;-880,76 $;0,00 $;-880,76 $;5,76 $;-1054,78 $;-880,76 $;0,00%;-880,76 $;0,00 $;-880,76 $;0,00 $;-880,76 $;210,00;1325,00 $;12,50 $;893,26 $;0,07%;
27/03/2024;1;52642,18 $;669,24 $;669,24 $;0,00 $;5,76 $;-385,54 $;0,00 $;100,00%;669,24 $;669,24 $;0,00 $;669,24 $;0,00 $;240,00;100,00 $;762,50 $;93,26 $;0,07%;
28/03/2024;1;52873,92 $;231,74 $;231,74 $;0,00 $;5,76 $;-153,80 $;0,00 $;100,00%;231,74 $;231,74 $;0,00 $;231,74 $;0,00 $;240,00;475,00 $;312,50 $;80,76 $;0,07%;
02/04/2024;1;53280,66 $;406,74 $;406,74 $;0,00 $;5,76 $;0,00 $;0,00 $;100,00%;406,74 $;406,74 $;0,00 $;406,74 $;0,00 $;240,00;375,00 $;512,50 $;105,76 $;0,07%;
03/04/2024;1;52124,90 $;-1155,76 $;0,00 $;-1155,76 $;5,76 $;-1155,76 $;-1155,76 $;0,00%;-1155,76 $;0,00 $;-1155,76 $;0,00 $;-1155,76 $;240,00;1550,00 $;62,50 $;1218,26 $;0,07%;
05/04/2024;1;52306,64 $;181,74 $;181,74 $;0,00 $;5,76 $;-974,02 $;0,00 $;100,00%;181,74 $;181,74 $;0,00 $;181,74 $;0,00 $;240,00;437,50 $;1337,50 $;1155,76 $;0,07%;
08/04/2024;1;52175,88 $;-130,76 $;0,00 $;-130,76 $;5,76 $;-1104,78 $;-130,76 $;0,00%;-130,76 $;0,00 $;-130,76 $;0,00 $;-130,76 $;240,00;850,00 $;0,00 $;130,76 $;0,07%;
09/04/2024;1;52145,12 $;-30,76 $;0,00 $;-30,76 $;5,76 $;-1135,54 $;-30,76 $;0,00%;-30,76 $;0,00 $;-30,76 $;0,00 $;-30,76 $;0,00;87,50 $;100,00 $;130,76 $;0,07%;
10/04/2024;1;52526,86 $;381,74 $;381,74 $;0,00 $;5,76 $;-753,80 $;0,00 $;100,00%;381,74 $;381,74 $;0,00 $;381,74 $;0,00 $;90,00;387,50 $;950,00 $;568,26 $;0,07%;
12/04/2024;1;53133,60 $;606,74 $;606,74 $;0,00 $;5,76 $;-147,06 $;0,00 $;100,00%;606,74 $;606,74 $;0,00 $;606,74 $;0,00 $;30,00;125,00 $;837,50 $;230,76 $;0,07%;
15/04/2024;1;49802,84 $;-3330,76 $;0,00 $;-3330,76 $;5,76 $;-3477,82 $;-3330,76 $;0,00%;-3330,76 $;0,00 $;-3330,76 $;0,00 $;-3330,76 $;210,00;3562,50 $;12,50 $;3343,26 $;0,07%;
16/04/2024;1;49259,58 $;-543,26 $;0,00 $;-543,26 $;5,76 $;-4021,08 $;-543,26 $;0,00%;-543,26 $;0,00 $;-543,26 $;0,00 $;-543,26 $;210,00;1175,00 $;1050,00 $;1593,26 $;0,07%;
17/04/2024;1;48591,32 $;-668,26 $;0,00 $;-668,26 $;5,76 $;-4689,34 $;-668,26 $;0,00%;-668,26 $;0,00 $;-668,26 $;0,00 $;-668,26 $;90,00;937,50 $;1112,50 $;1780,76 $;0,07%;
19/04/2024;1;47210,56 $;-1380,76 $;0,00 $;-1380,76 $;5,76 $;-6070,10 $;-1380,76 $;0,00%;-1380,76 $;0,00 $;-1380,76 $;0,00 $;-1380,76 $;240,00;1925,00 $;325,00 $;1705,76 $;0,07%;
22/04/2024;1;49317,30 $;2106,74 $;2106,74 $;0,00 $;5,76 $;-3963,36 $;0,00 $;100,00%;2106,74 $;2106,74 $;0,00 $;2106,74 $;0,00 $;240,00;37,50 $;3037,50 $;930,76 $;0,07%;
23/04/2024;1;49561,54 $;244,24 $;244,24 $;0,00 $;5,76 $;-3719,12 $;0,00 $;100,00%;244,24 $;244,24 $;0,00 $;244,24 $;0,00 $;240,00;312,50 $;625,00 $;380,76 $;0,07%;
24/04/2024;1;48480,78 $;-1080,76 $;0,00 $;-1080,76 $;5,76 $;-4799,88 $;-1080,76 $;0,00%;-1080,76 $;0,00 $;-1080,76 $;0,00 $;-1080,76 $;90,00;1450,00 $;587,50 $;1668,26 $;0,07%;
25/04/2024;2;51106,76 $;2625,98 $;2625,98 $;0,00 $;11,52 $;-2555,64 $;0,00 $;100,00%;1312,99 $;1312,99 $;0,00 $;2244,24 $;0,00 $;240,00;231,25 $;1375,00 $;62,01 $;0,14%;
29/04/2024;1;51038,50 $;-68,26 $;0,00 $;-68,26 $;5,76 $;-2242,16 $;-68,26 $;0,00%;-68,26 $;0,00 $;-68,26 $;0,00 $;-68,26 $;210,00;1475,00 $;187,50 $;255,76 $;0,07%;
01/05/2024;2;54039,48 $;3000,98 $;3000,98 $;0,00 $;11,52 $;0,00 $;0,00 $;100,00%;1500,49 $;1500,49 $;0,00 $;2856,74 $;0,00 $;240,00;350,00 $;1975,00 $;474,51 $;0,14%;
03/05/2024;1;54496,22 $;456,74 $;456,74 $;0,00 $;5,76 $;0,00 $;0,00 $;100,00%;456,74 $;456,74 $;0,00 $;456,74 $;0,00 $;210,00;262,50 $;575,00 $;118,26 $;0,07%;
06/05/2024;1;54877,96 $;381,74 $;381,74 $;0,00 $;5,76 $;0,00 $;0,00 $;100,00%;381,74 $;381,74 $;0,00 $;381,74 $;0,00 $;90,00;375,00 $;512,50 $;130,76 $;0,07%;
07/05/2024;1;54759,70 $;-118,26 $;0,00 $;-118,26 $;5,76 $;-118,26 $;-118,26 $;0,00%;-118,26 $;0,00 $;-118,26 $;0,00 $;-118,26 $;0,00;150,00 $;25,00 $;143,26 $;0,07%;
08/05/2024;1;54903,94 $;144,24 $;144,24 $;0,00 $;5,76 $;0,00 $;0,00 $;100,00%;144,24 $;144,24 $;0,00 $;144,24 $;0,00 $;240,00;462,50 $;237,50 $;93,26 $;0,07%;
09/05/2024;1;55073,18 $;169,24 $;169,24 $;0,00 $;5,76 $;0,00 $;0,00 $;100,00%;169,24 $;169,24 $;0,00 $;169,24 $;0,00 $;240,00;512,50 $;362,50 $;193,26 $;0,07%;
13/05/2024;1;54979,92 $;-93,26 $;0,00 $;-93,26 $;5,76 $;-93,26 $;-93,26 $;0,00%;-93,26 $;0,00 $;-93,26 $;0,00 $;-93,26 $;150,00;275,00 $;150,00 $;243,26 $;0,07%;
14/05/2024;1;55736,66 $;756,74 $;756,74 $;0,00 $;5,76 $;0,00 $;0,00 $;100,00%;756,74 $;756,74 $;0,00 $;756,74 $;0,00 $;240,00;700,00 $;937,50 $;180,76 $;0,07%;
15/05/2024;1;56330,90 $;594,24 $;594,24 $;0,00 $;5,76 $;0,00 $;0,00 $;100,00%;594,24 $;594,24 $;0,00 $;594,24 $;0,00 $;210,00;37,50 $;1075,00 $;480,76 $;0,07%;
16/05/2024;1;55712,64 $;-618,26 $;0,00 $;-618,26 $;5,76 $;-618,26 $;-618,26 $;0,00%;-618,26 $;0,00 $;-618,26 $;0,00 $;-618,26 $;240,00;1062,50 $;112,50 $;730,76 $;0,07%;
17/05/2024;2;55963,62 $;250,98 $;250,98 $;0,00 $;11,52 $;-374,02 $;0,00 $;100,00%;125,49 $;125,49 $;0,00 $;244,24 $;0,00 $;240,00;375,00 $;162,50 $;37,01 $;0,14%;
20/05/2024;1;55370,36 $;-593,26 $;0,00 $;-593,26 $;5,76 $;-960,54 $;-593,26 $;0,00%;-593,26 $;0,00 $;-593,26 $;0,00 $;-593,26 $;240,00;1150,00 $;75,00 $;668,26 $;0,07%;
21/05/2024;1;55777,10 $;406,74 $;406,74 $;0,00 $;5,76 $;-553,80 $;0,00 $;100,00%;406,74 $;406,74 $;0,00 $;406,74 $;0,00 $;90,00;125,00 $;587,50 $;180,76 $;0,07%;
22/05/2024;1;55133,84 $;-643,26 $;0,00 $;-643,26 $;5,76 $;-1197,06 $;-643,26 $;0,00%;-643,26 $;0,00 $;-643,26 $;0,00 $;-643,26 $;210,00;1725,00 $;287,50 $;930,76 $;0,07%;
24/05/2024;1;54740,58 $;-393,26 $;0,00 $;-393,26 $;5,76 $;-1590,32 $;-393,26 $;0,00%;-393,26 $;0,00 $;-393,26 $;0,00 $;-393,26 $;240,00;725,00 $;200,00 $;593,26 $;0,07%;
27/05/2024;1;55022,32 $;281,74 $;281,74 $;0,00 $;5,76 $;-1308,58 $;0,00 $;100,00%;281,74 $;281,74 $;0,00 $;281,74 $;0,00 $;30,00;25,00 $;325,00 $;43,26 $;0,07%;
28/05/2024;1;55054,06 $;31,74 $;31,74 $;0,00 $;5,76 $;-1276,84 $;0,00 $;100,00%;31,74 $;31,74 $;0,00 $;31,74 $;0,00 $;210,00;1362,50 $;337,50 $;305,76 $;0,07%;
29/05/2024;1;53985,80 $;-1068,26 $;0,00 $;-1068,26 $;5,76 $;-2345,10 $;-1068,26 $;0,00%;-1068,26 $;0,00 $;-1068,26 $;0,00 $;-1068,26 $;90,00;1150,00 $;325,00 $;1393,26 $;0,07%;
30/05/2024;1;53730,04 $;-255,76 $;0,00 $;-255,76 $;5,76 $;-2600,86 $;-255,76 $;0,00%;-255,76 $;0,00 $;-255,76 $;0,00 $;-255,76 $;240,00;525,00 $;662,50 $;918,26 $;0,07%;
03/06/2024;1;53674,28 $;-55,76 $;0,00 $;-55,76 $;5,76 $;-2656,62 $;-55,76 $;0,00%;-55,76 $;0,00 $;-55,76 $;0,00 $;-55,76 $;240,00;1912,50 $;150,00 $;205,76 $;0,07%;
04/06/2024;1;54918,52 $;1244,24 $;1244,24 $;0,00 $;5,76 $;-1412,38 $;0,00 $;100,00%;1244,24 $;1244,24 $;0,00 $;1244,24 $;0,00 $;210,00;187,50 $;1600,00 $;355,76 $;0,07%;
05/06/2024;1;56175,26 $;1256,74 $;1256,74 $;0,00 $;5,76 $;-155,64 $;0,00 $;100,00%;1256,74 $;1256,74 $;0,00 $;1256,74 $;0,00 $;210,00;25,00 $;1300,00 $;43,26 $;0,07%;
06/06/2024;1;56169,50 $;-5,76 $;0,00 $;-5,76 $;5,76 $;-161,40 $;-5,76 $;0,00%;-5,76 $;0,00 $;-5,76 $;0,00 $;-5,76 $;240,00;925,00 $;75,00 $;80,76 $;0,07%;
07/06/2024;1;54926,24 $;-1243,26 $;0,00 $;-1243,26 $;5,76 $;-1404,66 $;-1243,26 $;0,00%;-1243,26 $;0,00 $;-1243,26 $;0,00 $;-1243,26 $;150,00;1362,50 $;125,00 $;1368,26 $;0,07%;
10/06/2024;1;55520,48 $;594,24 $;594,24 $;0,00 $;5,76 $;-810,42 $;0,00 $;100,00%;594,24 $;594,24 $;0,00 $;594,24 $;0,00 $;240,00;100,00 $;812,50 $;218,26 $;0,07%;
11/06/2024;1;55864,72 $;344,24 $;344,24 $;0,00 $;5,76 $;-466,18 $;0,00 $;100,00%;344,24 $;344,24 $;0,00 $;344,24 $;0,00 $;90,00;312,50 $;475,00 $;130,76 $;0,07%;
12/06/2024;1;54708,96 $;-1155,76 $;0,00 $;-1155,76 $;5,76 $;-1621,94 $;-1155,76 $;0,00%;-1155,76 $;0,00 $;-1155,76 $;0,00 $;-1155,76 $;240,00;1262,50 $;412,50 $;1568,26 $;0,07%;
14/06/2024;1;55390,70 $;681,74 $;681,74 $;0,00 $;5,76 $;-940,20 $;0,00 $;100,00%;681,74 $;681,74 $;0,00 $;681,74 $;0,00 $;210,00;87,50 $;862,50 $;180,76 $;0,07%;
17/06/2024;1;56309,94 $;919,24 $;919,24 $;0,00 $;5,76 $;-20,96 $;0,00 $;100,00%;919,24 $;919,24 $;0,00 $;919,24 $;0,00 $;210,00;125,00 $;1587,50 $;668,26 $;0,07%;
18/06/2024;1;56729,18 $;419,24 $;419,24 $;0,00 $;5,76 $;0,00 $;0,00 $;100,00%;419,24 $;419,24 $;0,00 $;419,24 $;0,00 $;240,00;50,00 $;775,00 $;355,76 $;0,07%;
20/06/2024;1;55848,42 $;-880,76 $;0,00 $;-880,76 $;5,76 $;-880,76 $;-880,76 $;0,00%;-880,76 $;0,00 $;-880,76 $;0,00 $;-880,76 $;240,00;1887,50 $;150,00 $;1030,76 $;0,07%;
24/06/2024;1;54842,66 $;-1005,76 $;0,00 $;-1005,76 $;5,76 $;-1886,52 $;-1005,76 $;0,00%;-1005,76 $;0,00 $;-1005,76 $;0,00 $;-1005,76 $;240,00;1400,00 $;75,00 $;1080,76 $;0,07%;
25/06/2024;1;54786,90 $;-55,76 $;0,00 $;-55,76 $;5,76 $;-1942,28 $;-55,76 $;0,00%;-55,76 $;0,00 $;-55,76 $;0,00 $;-55,76 $;90,00;537,50 $;187,50 $;243,26 $;0,07%;
26/06/2024;1;55106,14 $;319,24 $;319,24 $;0,00 $;5,76 $;-1623,04 $;0,00 $;100,00%;319,24 $;319,24 $;0,00 $;319,24 $;0,00 $;240,00;162,50 $;775,00 $;455,76 $;0,07%;
28/06/2024;1;53650,38 $;-1455,76 $;0,00 $;-1455,76 $;5,76 $;-3078,80 $;-1455,76 $;0,00%;-1455,76 $;0,00 $;-1455,76 $;0,00 $;-1455,76 $;240,00;1550,00 $;300,00 $;1755,76 $;0,07%;
02/07/2024;1;54569,62 $;919,24 $;919,24 $;0,00 $;5,76 $;-2159,56 $;0,00 $;100,00%;919,24 $;919,24 $;0,00 $;919,24 $;0,00 $;240,00;487,50 $;1000,00 $;80,76 $;0,07%;
03/07/2024;1;55226,36 $;656,74 $;656,74 $;0,00 $;5,76 $;-1502,82 $;0,00 $;100,00%;656,74 $;656,74 $;0,00 $;656,74 $;0,00 $;45,00;75,00 $;900,00 $;243,26 $;0,07%;
05/07/2024;1;55595,60 $;369,24 $;369,24 $;0,00 $;5,76 $;-1133,58 $;0,00 $;100,00%;369,24 $;369,24 $;0,00 $;369,24 $;0,00 $;210,00;250,00 $;737,50 $;368,26 $;0,07%;
09/07/2024;1;55514,84 $;-80,76 $;0,00 $;-80,76 $;5,76 $;-1214,34 $;-80,76 $;0,00%;-80,76 $;0,00 $;-80,76 $;0,00 $;-80,76 $;150,00;262,50 $;175,00 $;255,76 $;0,07%;
10/07/2024;2;56678,32 $;1163,48 $;1219,24 $;-55,76 $;11,52 $;-55,76 $;-55,76 $;50,00%;581,74 $;1219,24 $;-55,76 $;1219,24 $;-55,76 $;270,00;56,25 $;656,25 $;74,51 $;0,14%;
11/07/2024;1;56535,06 $;-143,26 $;0,00 $;-143,26 $;5,76 $;-199,02 $;-143,26 $;0,00%;-143,26 $;0,00 $;-143,26 $;0,00 $;-143,26 $;210,00;687,50 $;300,00 $;443,26 $;0,07%;
12/07/2024;1;57091,80 $;556,74 $;556,74 $;0,00 $;5,76 $;0,00 $;0,00 $;100,00%;556,74 $;556,74 $;0,00 $;556,74 $;0,00 $;240,00;812,50 $;1012,50 $;455,76 $;0,07%;
15/07/2024;1;56486,04 $;-605,76 $;0,00 $;-605,76 $;5,76 $;-605,76 $;-605,76 $;0,00%;-605,76 $;0,00 $;-605,76 $;0,00 $;-605,76 $;210,00;1637,50 $;162,50 $;768,26 $;0,07%;
16/07/2024;1;56942,78 $;456,74 $;456,74 $;0,00 $;5,76 $;-149,02 $;0,00 $;100,00%;456,74 $;456,74 $;0,00 $;456,74 $;0,00 $;240,00;650,00 $;562,50 $;105,76 $;0,07%;
18/07/2024;1;55749,52 $;-1193,26 $;0,00 $;-1193,26 $;5,76 $;-1342,28 $;-1193,26 $;0,00%;-1193,26 $;0,00 $;-1193,26 $;0,00 $;-1193,26 $;240,00;1687,50 $;575,00 $;1768,26 $;0,07%;
19/07/2024;1;55931,26 $;181,74 $;181,74 $;0,00 $;5,76 $;-1160,54 $;0,00 $;100,00%;181,74 $;181,74 $;0,00 $;181,74 $;0,00 $;240,00;900,00 $;925,00 $;743,26 $;0,07%;
22/07/2024;1;57088,00 $;1156,74 $;1156,74 $;0,00 $;5,76 $;-3,80 $;0,00 $;100,00%;1156,74 $;1156,74 $;0,00 $;1156,74 $;0,00 $;210,00;137,50 $;1637,50 $;480,76 $;0,07%;
23/07/2024;1;56444,74 $;-643,26 $;0,00 $;-643,26 $;5,76 $;-647,06 $;-643,26 $;0,00%;-643,26 $;0,00 $;-643,26 $;0,00 $;-643,26 $;240,00;1150,00 $;112,50 $;755,76 $;0,07%;
24/07/2024;1;54913,98 $;-1530,76 $;0,00 $;-1530,76 $;5,76 $;-2177,82 $;-1530,76 $;0,00%;-1530,76 $;0,00 $;-1530,76 $;0,00 $;-1530,76 $;240,00;1600,00 $;275,00 $;1805,76 $;0,07%;
25/07/2024;2;55039,96 $;125,98 $;144,24 $;-18,26 $;11,52 $;-2196,08 $;-18,26 $;50,00%;62,99 $;144,24 $;-18,26 $;144,24 $;-18,26 $;240,00;781,25 $;1168,75 $;1105,76 $;0,14%;
26/07/2024;1;53659,20 $;-1380,76 $;0,00 $;-1380,76 $;5,76 $;-3432,60 $;-1380,76 $;0,00%;-1380,76 $;0,00 $;-1380,76 $;0,00 $;-1380,76 $;150,00;2212,50 $;37,50 $;1418,26 $;0,07%;
29/07/2024;1;53165,94 $;-493,26 $;0,00 $;-493,26 $;5,76 $;-3925,86 $;-493,26 $;0,00%;-493,26 $;0,00 $;-493,26 $;0,00 $;-493,26 $;210,00;762,50 $;525,00 $;1018,26 $;0,07%;
30/07/2024;1;52960,18 $;-205,76 $;0,00 $;-205,76 $;5,76 $;-4131,62 $;-205,76 $;0,00%;-205,76 $;0,00 $;-205,76 $;0,00 $;-205,76 $;240,00;1825,00 $;275,00 $;480,76 $;0,07%;
31/07/2024;2;52173,66 $;-786,52 $;0,00 $;-786,52 $;11,52 $;-4918,14 $;-786,52 $;0,00%;-393,26 $;0,00 $;-393,26 $;0,00 $;-755,76 $;270,00;693,75 $;712,50 $;1105,76 $;0,14%;
05/08/2024;1;50567,90 $;-1605,76 $;0,00 $;-1605,76 $;5,76 $;-6523,90 $;-1605,76 $;0,00%;-1605,76 $;0,00 $;-1605,76 $;0,00 $;-1605,76 $;240,00;2162,50 $;1975,00 $;3580,76 $;0,07%;
06/08/2024;1;52724,64 $;2156,74 $;2156,74 $;0,00 $;5,76 $;-4367,16 $;0,00 $;100,00%;2156,74 $;2156,74 $;0,00 $;2156,74 $;0,00 $;240,00;25,00 $;3712,50 $;1555,76 $;0,07%;
08/08/2024;1;53468,88 $;744,24 $;744,24 $;0,00 $;5,76 $;-3622,92 $;0,00 $;100,00%;744,24 $;744,24 $;0,00 $;744,24 $;0,00 $;240,00;600,00 $;1762,50 $;1018,26 $;0,07%;
12/08/2024;1;53600,62 $;131,74 $;131,74 $;0,00 $;5,76 $;-3491,18 $;0,00 $;100,00%;131,74 $;131,74 $;0,00 $;131,74 $;0,00 $;90,00;437,50 $;450,00 $;318,26 $;0,07%;
13/08/2024;1;54882,36 $;1281,74 $;1281,74 $;0,00 $;5,76 $;-2209,44 $;0,00 $;100,00%;1281,74 $;1281,74 $;0,00 $;1281,74 $;0,00 $;240,00;87,50 $;1537,50 $;255,76 $;0,07%;
14/08/2024;1;54864,10 $;-18,26 $;0,00 $;-18,26 $;5,76 $;-2227,70 $;-18,26 $;0,00%;-18,26 $;0,00 $;-18,26 $;0,00 $;-18,26 $;240,00;675,00 $;925,00 $;943,26 $;0,07%;
15/08/2024;1;55683,34 $;819,24 $;819,24 $;0,00 $;5,76 $;-1408,46 $;0,00 $;100,00%;819,24 $;819,24 $;0,00 $;819,24 $;0,00 $;240,00;75,00 $;875,00 $;55,76 $;0,07%;
16/08/2024;1;55940,08 $;256,74 $;256,74 $;0,00 $;5,76 $;-1151,72 $;0,00 $;100,00%;256,74 $;256,74 $;0,00 $;256,74 $;0,00 $;210,00;187,50 $;562,50 $;305,76 $;0,07%;
19/08/2024;1;56759,32 $;819,24 $;819,24 $;0,00 $;5,76 $;-332,48 $;0,00 $;100,00%;819,24 $;819,24 $;0,00 $;819,24 $;0,00 $;240,00;362,50 $;987,50 $;168,26 $;0,07%;
20/08/2024;1;57103,56 $;344,24 $;344,24 $;0,00 $;5,76 $;0,00 $;0,00 $;100,00%;344,24 $;344,24 $;0,00 $;344,24 $;0,00 $;240,00;337,50 $;887,50 $;543,26 $;0,07%;
21/08/2024;1;57735,30 $;631,74 $;631,74 $;0,00 $;5,76 $;0,00 $;0,00 $;100,00%;631,74 $;631,74 $;0,00 $;631,74 $;0,00 $;210,00;100,00 $;1150,00 $;518,26 $;0,07%;
23/08/2024;1;57979,54 $;244,24 $;244,24 $;0,00 $;5,76 $;0,00 $;0,00 $;100,00%;244,24 $;244,24 $;0,00 $;244,24 $;0,00 $;240,00;2225,00 $;425,00 $;180,76 $;0,07%;
27/08/2024;1;58323,78 $;344,24 $;344,24 $;0,00 $;5,76 $;0,00 $;0,00 $;100,00%;344,24 $;344,24 $;0,00 $;344,24 $;0,00 $;240,00;487,50 $;637,50 $;293,26 $;0,07%;
28/08/2024;2;58574,76 $;250,98 $;250,98 $;0,00 $;11,52 $;0,00 $;0,00 $;100,00%;125,49 $;125,49 $;0,00 $;144,24 $;0,00 $;240,00;962,50 $;562,50 $;437,01 $;0,14%;
29/08/2024;1;57056,50 $;-1518,26 $;0,00 $;-1518,26 $;5,76 $;-1518,26 $;-1518,26 $;0,00%;-1518,26 $;0,00 $;-1518,26 $;0,00 $;-1518,26 $;240,00;2512,50 $;775,00 $;2293,26 $;0,07%;
30/08/2024;1;58350,74 $;1294,24 $;1294,24 $;0,00 $;5,76 $;-224,02 $;0,00 $;100,00%;1294,24 $;1294,24 $;0,00 $;1294,24 $;0,00 $;240,00;1050,00 $;1375,00 $;80,76 $;0,07%;
02/09/2024;1;58469,98 $;119,24 $;119,24 $;0,00 $;5,76 $;-104,78 $;0,00 $;100,00%;119,24 $;119,24 $;0,00 $;119,24 $;0,00 $;0,00;162,50 $;212,50 $;93,26 $;0,07%;
03/09/2024;1;56251,72 $;-2218,26 $;0,00 $;-2218,26 $;5,76 $;-2323,04 $;-2218,26 $;0,00%;-2218,26 $;0,00 $;-2218,26 $;0,00 $;-2218,26 $;210,00;3087,50 $;100,00 $;2318,26 $;0,07%;
04/09/2024;1;55520,96 $;-730,76 $;0,00 $;-730,76 $;5,76 $;-3053,80 $;-730,76 $;0,00%;-730,76 $;0,00 $;-730,76 $;0,00 $;-730,76 $;240,00;1350,00 $;475,00 $;1205,76 $;0,07%;
05/09/2024;1;56215,20 $;694,24 $;694,24 $;0,00 $;5,76 $;-2359,56 $;0,00 $;100,00%;694,24 $;694,24 $;0,00 $;694,24 $;0,00 $;150,00;50,00 $;1687,50 $;993,26 $;0,07%;
06/09/2024;1;55609,44 $;-605,76 $;0,00 $;-605,76 $;5,76 $;-2965,32 $;-605,76 $;0,00%;-605,76 $;0,00 $;-605,76 $;0,00 $;-605,76 $;90,00;1087,50 $;950,00 $;1555,76 $;0,07%;
09/09/2024;1;55516,18 $;-93,26 $;0,00 $;-93,26 $;5,76 $;-3058,58 $;-93,26 $;0,00%;-93,26 $;0,00 $;-93,26 $;0,00 $;-93,26 $;150,00;1600,00 $;50,00 $;143,26 $;0,07%;
10/09/2024;1;57485,42 $;1969,24 $;1969,24 $;0,00 $;5,76 $;-1089,34 $;0,00 $;100,00%;1969,24 $;1969,24 $;0,00 $;1969,24 $;0,00 $;210,00;75,00 $;2450,00 $;480,76 $;0,07%;
11/09/2024;1;61317,16 $;3831,74 $;3831,74 $;0,00 $;5,76 $;0,00 $;0,00 $;100,00%;3831,74 $;3831,74 $;0,00 $;3831,74 $;0,00 $;210,00;150,00 $;4312,50 $;480,76 $;0,07%;
12/09/2024;1;63223,90 $;1906,74 $;1906,74 $;0,00 $;5,76 $;0,00 $;0,00 $;100,00%;1906,74 $;1906,74 $;0,00 $;1906,74 $;0,00 $;240,00;387,50 $;2237,50 $;330,76 $;0,07%;
13/09/2024;1;63180,64 $;-43,26 $;0,00 $;-43,26 $;5,76 $;-43,26 $;-43,26 $;0,00%;-43,26 $;0,00 $;-43,26 $;0,00 $;-43,26 $;240,00;437,50 $;587,50 $;630,76 $;0,07%;
16/09/2024;1;63212,38 $;31,74 $;31,74 $;0,00 $;5,76 $;-11,52 $;0,00 $;100,00%;31,74 $;31,74 $;0,00 $;31,74 $;0,00 $;30,00;50,00 $;437,50 $;405,76 $;0,07%;
17/09/2024;1;61694,12 $;-1518,26 $;0,00 $;-1518,26 $;5,76 $;-1529,78 $;-1518,26 $;0,00%;-1518,26 $;0,00 $;-1518,26 $;0,00 $;-1518,26 $;240,00;2237,50 $;87,50 $;1605,76 $;0,07%;
18/09/2024;1;60313,36 $;-1380,76 $;0,00 $;-1380,76 $;5,76 $;-2910,54 $;-1380,76 $;0,00%;-1380,76 $;0,00 $;-1380,76 $;0,00 $;-1380,76 $;30,00;2100,00 $;300,00 $;1680,76 $;0,07%;
20/09/2024;1;60007,60 $;-305,76 $;0,00 $;-305,76 $;5,76 $;-3216,30 $;-305,76 $;0,00%;-305,76 $;0,00 $;-305,76 $;0,00 $;-305,76 $;150,00;1087,50 $;537,50 $;843,26 $;0,07%;
23/09/2024;1;59826,84 $;-180,76 $;0,00 $;-180,76 $;5,76 $;-3397,06 $;-180,76 $;0,00%;-180,76 $;0,00 $;-180,76 $;0,00 $;-180,76 $;240,00;875,00 $;200,00 $;380,76 $;0,07%;
24/09/2024;1;60221,08 $;394,24 $;394,24 $;0,00 $;5,76 $;-3002,82 $;0,00 $;100,00%;394,24 $;394,24 $;0,00 $;394,24 $;0,00 $;240,00;225,00 $;662,50 $;268,26 $;0,07%;
26/09/2024;1;60827,82 $;606,74 $;606,74 $;0,00 $;5,76 $;-2396,08 $;0,00 $;100,00%;606,74 $;606,74 $;0,00 $;606,74 $;0,00 $;210,00;675,00 $;825,00 $;218,26 $;0,07%;
27/09/2024;2;59941,30 $;-886,52 $;0,00 $;-886,52 $;11,52 $;-3282,60 $;-886,52 $;0,00%;-443,26 $;0,00 $;-443,26 $;0,00 $;-705,76 $;270,00;837,50 $;18,75 $;462,01 $;0,14%;
30/09/2024;1;60823,04 $;881,74 $;881,74 $;0,00 $;5,76 $;-2400,86 $;0,00 $;100,00%;881,74 $;881,74 $;0,00 $;881,74 $;0,00 $;210,00;1950,00 $;1250,00 $;368,26 $;0,07%;
01/10/2024;1;59892,28 $;-930,76 $;0,00 $;-930,76 $;5,76 $;-3331,62 $;-930,76 $;0,00%;-930,76 $;0,00 $;-930,76 $;0,00 $;-930,76 $;30,00;975,00 $;0,00 $;930,76 $;0,07%;
03/10/2024;1;59411,52 $;-480,76 $;0,00 $;-480,76 $;5,76 $;-3812,38 $;-480,76 $;0,00%;-480,76 $;0,00 $;-480,76 $;0,00 $;-480,76 $;210,00;1675,00 $;12,50 $;493,26 $;0,07%;
04/10/2024;1;61105,76 $;1694,24 $;1694,24 $;0,00 $;5,76 $;-2118,14 $;0,00 $;100,00%;1694,24 $;1694,24 $;0,00 $;1694,24 $;0,00 $;240,00;250,00 $;1787,50 $;93,26 $;0,07%;
08/10/2024;1;61962,50 $;856,74 $;856,74 $;0,00 $;5,76 $;-1261,40 $;0,00 $;100,00%;856,74 $;856,74 $;0,00 $;856,74 $;0,00 $;150,00;50,00 $;1287,50 $;430,76 $;0,07%;
09/10/2024;1;62431,74 $;469,24 $;469,24 $;0,00 $;5,76 $;-792,16 $;0,00 $;100,00%;469,24 $;469,24 $;0,00 $;469,24 $;0,00 $;240,00;387,50 $;675,00 $;205,76 $;0,07%;
10/10/2024;1;62000,98 $;-430,76 $;0,00 $;-430,76 $;5,76 $;-1222,92 $;-430,76 $;0,00%;-430,76 $;0,00 $;-430,76 $;0,00 $;-430,76 $;210,00;1387,50 $;12,50 $;443,26 $;0,07%;
11/10/2024;1;62420,22 $;419,24 $;419,24 $;0,00 $;5,76 $;-803,68 $;0,00 $;100,00%;419,24 $;419,24 $;0,00 $;419,24 $;0,00 $;240,00;600,00 $;562,50 $;143,26 $;0,07%;
14/10/2024;1;63276,96 $;856,74 $;856,74 $;0,00 $;5,76 $;0,00 $;0,00 $;100,00%;856,74 $;856,74 $;0,00 $;856,74 $;0,00 $;240,00;125,00 $;937,50 $;80,76 $;0,07%;
17/10/2024;1;62371,20 $;-905,76 $;0,00 $;-905,76 $;5,76 $;-905,76 $;-905,76 $;0,00%;-905,76 $;0,00 $;-905,76 $;0,00 $;-905,76 $;210,00;1075,00 $;212,50 $;1118,26 $;0,07%;
22/10/2024;1;61952,94 $;-418,26 $;0,00 $;-418,26 $;5,76 $;-1324,02 $;-418,26 $;0,00%;-418,26 $;0,00 $;-418,26 $;0,00 $;-418,26 $;30,00;437,50 $;325,00 $;743,26 $;0,07%;
24/10/2024;1;62297,18 $;344,24 $;344,24 $;0,00 $;5,76 $;-979,78 $;0,00 $;100,00%;344,24 $;344,24 $;0,00 $;344,24 $;0,00 $;90,00;300,00 $;550,00 $;205,76 $;0,07%;
29/10/2024;1;63191,42 $;894,24 $;894,24 $;0,00 $;5,76 $;-85,54 $;0,00 $;100,00%;894,24 $;894,24 $;0,00 $;894,24 $;0,00 $;240,00;162,50 $;950,00 $;55,76 $;0,07%;
30/10/2024;1;61998,16 $;-1193,26 $;0,00 $;-1193,26 $;5,76 $;-1278,80 $;-1193,26 $;0,00%;-1193,26 $;0,00 $;-1193,26 $;0,00 $;-1193,26 $;240,00;1400,00 $;237,50 $;1430,76 $;0,07%;
31/10/2024;1;60817,40 $;-1180,76 $;0,00 $;-1180,76 $;5,76 $;-2459,56 $;-1180,76 $;0,00%;-1180,76 $;0,00 $;-1180,76 $;0,00 $;-1180,76 $;150,00;1437,50 $;425,00 $;1605,76 $;0,07%;
01/11/2024;1;59011,64 $;-1805,76 $;0,00 $;-1805,76 $;5,76 $;-4265,32 $;-1805,76 $;0,00%;-1805,76 $;0,00 $;-1805,76 $;0,00 $;-1805,76 $;240,00;2100,00 $;50,00 $;1855,76 $;0,07%;
04/11/2024;1;58568,38 $;-443,26 $;0,00 $;-443,26 $;5,76 $;-4708,58 $;-443,26 $;0,00%;-443,26 $;0,00 $;-443,26 $;0,00 $;-443,26 $;240,00;1637,50 $;87,50 $;530,76 $;0,07%;
05/11/2024;1;59625,12 $;1056,74 $;1056,74 $;0,00 $;5,76 $;-3651,84 $;0,00 $;100,00%;1056,74 $;1056,74 $;0,00 $;1056,74 $;0,00 $;90,00;400,00 $;1112,50 $;55,76 $;0,07%;
06/11/2024;1;61094,36 $;1469,24 $;1469,24 $;0,00 $;5,76 $;-2182,60 $;0,00 $;100,00%;1469,24 $;1469,24 $;0,00 $;1469,24 $;0,00 $;240,00;0,00 $;1762,50 $;293,26 $;0,07%;
07/11/2024;2;61820,34 $;725,98 $;744,24 $;-18,26 $;11,52 $;-1456,62 $;-18,26 $;50,00%;362,99 $;744,24 $;-18,26 $;744,24 $;-18,26 $;270,00;218,75 $;543,75 $;180,76 $;0,14%;
08/11/2024;1;61177,08 $;-643,26 $;0,00 $;-643,26 $;5,76 $;-2099,88 $;-643,26 $;0,00%;-643,26 $;0,00 $;-643,26 $;0,00 $;-643,26 $;90,00;812,50 $;212,50 $;855,76 $;0,07%;
12/11/2024;1;60608,82 $;-568,26 $;0,00 $;-568,26 $;5,76 $;-2668,14 $;-568,26 $;0,00%;-568,26 $;0,00 $;-568,26 $;0,00 $;-568,26 $;90,00;737,50 $;212,50 $;780,76 $;0,07%;
13/11/2024;1;60240,56 $;-368,26 $;0,00 $;-368,26 $;5,76 $;-3036,40 $;-368,26 $;0,00%;-368,26 $;0,00 $;-368,26 $;0,00 $;-368,26 $;210,00;975,00 $;387,50 $;755,76 $;0,07%;
14/11/2024;1;59272,30 $;-968,26 $;0,00 $;-968,26 $;5,76 $;-4004,66 $;-968,26 $;0,00%;-968,26 $;0,00 $;-968,26 $;0,00 $;-968,26 $;210,00;1287,50 $;525,00 $;1493,26 $;0,07%;
15/11/2024;1;59591,54 $;319,24 $;319,24 $;0,00 $;5,76 $;-3685,42 $;0,00 $;100,00%;319,24 $;319,24 $;0,00 $;319,24 $;0,00 $;210,00;825,00 $;600,00 $;280,76 $;0,07%;
18/11/2024;1;59435,78 $;-155,76 $;0,00 $;-155,76 $;5,76 $;-3841,18 $;-155,76 $;0,00%;-155,76 $;0,00 $;-155,76 $;0,00 $;-155,76 $;240,00;850,00 $;425,00 $;580,76 $;0,07%;
19/11/2024;1;60142,52 $;706,74 $;706,74 $;0,00 $;5,76 $;-3134,44 $;0,00 $;100,00%;706,74 $;706,74 $;0,00 $;706,74 $;0,00 $;210,00;87,50 $;1062,50 $;355,76 $;0,07%;
21/11/2024;1;61211,76 $;1069,24 $;1069,24 $;0,00 $;5,76 $;-2065,20 $;0,00 $;100,00%;1069,24 $;1069,24 $;0,00 $;1069,24 $;0,00 $;240,00;825,00 $;1187,50 $;118,26 $;0,07%;
22/11/2024;1;61393,50 $;181,74 $;181,74 $;0,00 $;5,76 $;-1883,46 $;0,00 $;100,00%;181,74 $;181,74 $;0,00 $;181,74 $;0,00 $;150,00;725,00 $;275,00 $;93,26 $;0,07%;
26/11/2024;1;61325,24 $;-68,26 $;0,00 $;-68,26 $;5,76 $;-1951,72 $;-68,26 $;0,00%;-68,26 $;0,00 $;-68,26 $;0,00 $;-68,26 $;0,00;75,00 $;37,50 $;105,76 $;0,07%;
27/11/2024;1;61581,98 $;256,74 $;256,74 $;0,00 $;5,76 $;-1694,98 $;0,00 $;100,00%;256,74 $;256,74 $;0,00 $;256,74 $;0,00 $;210,00;237,50 $;437,50 $;180,76 $;0,07%;
28/11/2024;1;61488,72 $;-93,26 $;0,00 $;-93,26 $;5,76 $;-1788,24 $;-93,26 $;0,00%;-93,26 $;0,00 $;-93,26 $;0,00 $;-93,26 $;0,00;150,00 $;25,00 $;118,26 $;0,07%;
29/11/2024;1;61570,46 $;81,74 $;81,74 $;0,00 $;5,76 $;-1706,50 $;0,00 $;100,00%;81,74 $;81,74 $;0,00 $;81,74 $;0,00 $;45,00;150,00 $;512,50 $;430,76 $;0,07%;
02/12/2024;2;61621,44 $;50,98 $;81,74 $;-30,76 $;11,52 $;-1655,52 $;-30,76 $;50,00%;25,49 $;81,74 $;-30,76 $;81,74 $;-30,76 $;330,00;225,00 $;231,25 $;205,76 $;0,14%;
03/12/2024;1;62415,68 $;794,24 $;794,24 $;0,00 $;5,76 $;-861,28 $;0,00 $;100,00%;794,24 $;794,24 $;0,00 $;794,24 $;0,00 $;210,00;12,50 $;837,50 $;43,26 $;0,07%;
04/12/2024;1;62884,92 $;469,24 $;469,24 $;0,00 $;5,76 $;-392,04 $;0,00 $;100,00%;469,24 $;469,24 $;0,00 $;469,24 $;0,00 $;240,00;575,00 $;600,00 $;130,76 $;0,07%;
05/12/2024;1;62016,66 $;-868,26 $;0,00 $;-868,26 $;5,76 $;-1260,30 $;-868,26 $;0,00%;-868,26 $;0,00 $;-868,26 $;0,00 $;-868,26 $;210,00;1062,50 $;225,00 $;1093,26 $;0,07%;
10/12/2024;1;61448,40 $;-568,26 $;0,00 $;-568,26 $;5,76 $;-1828,56 $;-568,26 $;0,00%;-568,26 $;0,00 $;-568,26 $;0,00 $;-568,26 $;210,00;1175,00 $;262,50 $;830,76 $;0,07%;
11/12/2024;1;61055,14 $;-393,26 $;0,00 $;-393,26 $;5,76 $;-2221,82 $;-393,26 $;0,00%;-393,26 $;0,00 $;-393,26 $;0,00 $;-393,26 $;210,00;450,00 $;350,00 $;743,26 $;0,07%;
12/12/2024;1;60174,38 $;-880,76 $;0,00 $;-880,76 $;5,76 $;-3102,58 $;-880,76 $;0,00%;-880,76 $;0,00 $;-880,76 $;0,00 $;-880,76 $;210,00;1275,00 $;225,00 $;1105,76 $;0,07%;
16/12/2024;1;60618,62 $;444,24 $;444,24 $;0,00 $;5,76 $;-2658,34 $;0,00 $;100,00%;444,24 $;444,24 $;0,00 $;444,24 $;0,00 $;240,00;175,00 $;550,00 $;105,76 $;0,07%;
17/12/2024;1;60462,86 $;-155,76 $;0,00 $;-155,76 $;5,76 $;-2814,10 $;-155,76 $;0,00%;-155,76 $;0,00 $;-155,76 $;0,00 $;-155,76 $;150,00;725,00 $;225,00 $;380,76 $;0,07%;
20/12/2024;1;60244,60 $;-218,26 $;0,00 $;-218,26 $;5,76 $;-3032,36 $;-218,26 $;0,00%;-218,26 $;0,00 $;-218,26 $;0,00 $;-218,26 $;240,00;350,00 $;1825,00 $;2043,26 $;0,07%;
23/12/2024;1;60888,84 $;644,24 $;644,24 $;0,00 $;5,76 $;-2388,12 $;0,00 $;100,00%;644,24 $;644,24 $;0,00 $;644,24 $;0,00 $;150,00;550,00 $;1000,00 $;355,76 $;0,07%;
26/12/2024;1;60658,08 $;-230,76 $;0,00 $;-230,76 $;5,76 $;-2618,88 $;-230,76 $;0,00%;-230,76 $;0,00 $;-230,76 $;0,00 $;-230,76 $;210,00;587,50 $;325,00 $;555,76 $;0,07%;
27/12/2024;1;62589,82 $;1931,74 $;1931,74 $;0,00 $;5,76 $;-687,14 $;0,00 $;100,00%;1931,74 $;1931,74 $;0,00 $;1931,74 $;0,00 $;210,00;425,00 $;2125,00 $;193,26 $;0,07%;
30/12/2024;1;61384,06 $;-1205,76 $;0,00 $;-1205,76 $;5,76 $;-1892,90 $;-1205,76 $;0,00%;-1205,76 $;0,00 $;-1205,76 $;0,00 $;-1205,76 $;210,00;1587,50 $;675,00 $;1880,76 $;0,07%;
02/01/2025;1;62703,30 $;1319,24 $;1319,24 $;0,00 $;5,76 $;-573,66 $;0,00 $;100,00%;1319,24 $;1319,24 $;0,00 $;1319,24 $;0,00 $;150,00;937,50 $;1587,50 $;268,26 $;0,07%;
03/01/2025;1;62660,04 $;-43,26 $;0,00 $;-43,26 $;5,76 $;-616,92 $;-43,26 $;0,00%;-43,26 $;0,00 $;-43,26 $;0,00 $;-43,26 $;150,00;262,50 $;537,50 $;580,76 $;0,07%;
07/01/2025;1;60916,78 $;-1743,26 $;0,00 $;-1743,26 $;5,76 $;-2360,18 $;-1743,26 $;0,00%;-1743,26 $;0,00 $;-1743,26 $;0,00 $;-1743,26 $;150,00;2725,00 $;0,00 $;1743,26 $;0,07%;
08/01/2025;1;61398,52 $;481,74 $;481,74 $;0,00 $;5,76 $;-1878,44 $;0,00 $;100,00%;481,74 $;481,74 $;0,00 $;481,74 $;0,00 $;240,00;1500,00 $;1237,50 $;755,76 $;0,07%;
10/01/2025;1;61667,76 $;269,24 $;269,24 $;0,00 $;5,76 $;-1609,20 $;0,00 $;100,00%;269,24 $;269,24 $;0,00 $;269,24 $;0,00 $;240,00;687,50 $;2412,50 $;2143,26 $;0,07%;
13/01/2025;1;63274,50 $;1606,74 $;1606,74 $;0,00 $;5,76 $;-2,46 $;0,00 $;100,00%;1606,74 $;1606,74 $;0,00 $;1606,74 $;0,00 $;240,00;637,50 $;2087,50 $;480,76 $;0,07%;
14/01/2025;1;63256,24 $;-18,26 $;0,00 $;-18,26 $;5,76 $;-20,72 $;-18,26 $;0,00%;-18,26 $;0,00 $;-18,26 $;0,00 $;-18,26 $;240,00;2437,50 $;375,00 $;393,26 $;0,07%;
15/01/2025;1;63437,98 $;181,74 $;181,74 $;0,00 $;5,76 $;0,00 $;0,00 $;100,00%;181,74 $;181,74 $;0,00 $;181,74 $;0,00 $;150,00;137,50 $;862,50 $;680,76 $;0,07%;
16/01/2025;1;62894,72 $;-543,26 $;0,00 $;-543,26 $;5,76 $;-543,26 $;-543,26 $;0,00%;-543,26 $;0,00 $;-543,26 $;0,00 $;-543,26 $;240,00;1225,00 $;250,00 $;793,26 $;0,07%;
17/01/2025;1;62538,96 $;-355,76 $;0,00 $;-355,76 $;5,76 $;-899,02 $;-355,76 $;0,00%;-355,76 $;0,00 $;-355,76 $;0,00 $;-355,76 $;240,00;650,00 $;300,00 $;655,76 $;0,07%;
21/01/2025;1;63583,20 $;1044,24 $;1044,24 $;0,00 $;5,76 $;0,00 $;0,00 $;100,00%;1044,24 $;1044,24 $;0,00 $;1044,24 $;0,00 $;240,00;462,50 $;1300,00 $;255,76 $;0,07%;
23/01/2025;1;64589,94 $;1006,74 $;1006,74 $;0,00 $;5,76 $;0,00 $;0,00 $;100,00%;1006,74 $;1006,74 $;0,00 $;1006,74 $;0,00 $;210,00;150,00 $;1312,50 $;305,76 $;0,07%;
24/01/2025;1;63196,68 $;-1393,26 $;0,00 $;-1393,26 $;5,76 $;-1393,26 $;-1393,26 $;0,00%;-1393,26 $;0,00 $;-1393,26 $;0,00 $;-1393,26 $;240,00;1462,50 $;250,00 $;1643,26 $;0,07%;
27/01/2025;1;64440,92 $;1244,24 $;1244,24 $;0,00 $;5,76 $;-149,02 $;0,00 $;100,00%;1244,24 $;1244,24 $;0,00 $;1244,24 $;0,00 $;210,00;800,00 $;1437,50 $;193,26 $;0,07%;
28/01/2025;1;66285,16 $;1844,24 $;1844,24 $;0,00 $;5,76 $;0,00 $;0,00 $;100,00%;1844,24 $;1844,24 $;0,00 $;1844,24 $;0,00 $;240,00;250,00 $;2012,50 $;168,26 $;0,07%;
29/01/2025;2;66773,64 $;488,48 $;488,48 $;0,00 $;11,52 $;0,00 $;0,00 $;100,00%;244,24 $;244,24 $;0,00 $;481,74 $;0,00 $;240,00;1162,50 $;456,25 $;212,01 $;0,14%;
31/01/2025;1;63030,38 $;-3743,26 $;0,00 $;-3743,26 $;5,76 $;-3743,26 $;-3743,26 $;0,00%;-3743,26 $;0,00 $;-3743,26 $;0,00 $;-3743,26 $;240,00;3900,00 $;325,00 $;4068,26 $;0,07%;
03/02/2025;1;63349,62 $;319,24 $;319,24 $;0,00 $;5,76 $;-3424,02 $;0,00 $;100,00%;319,24 $;319,24 $;0,00 $;319,24 $;0,00 $;240,00;1062,50 $;1212,50 $;893,26 $;0,07%;
04/02/2025;1;64018,86 $;669,24 $;669,24 $;0,00 $;5,76 $;-2754,78 $;0,00 $;100,00%;669,24 $;669,24 $;0,00 $;669,24 $;0,00 $;240,00;587,50 $;800,00 $;130,76 $;0,07%;
05/02/2025;1;65263,10 $;1244,24 $;1244,24 $;0,00 $;5,76 $;-1510,54 $;0,00 $;100,00%;1244,24 $;1244,24 $;0,00 $;1244,24 $;0,00 $;240,00;75,00 $;1375,00 $;130,76 $;0,07%;
06/02/2025;1;64857,34 $;-405,76 $;0,00 $;-405,76 $;5,76 $;-1916,30 $;-405,76 $;0,00%;-405,76 $;0,00 $;-405,76 $;0,00 $;-405,76 $;240,00;1462,50 $;237,50 $;643,26 $;0,07%;
07/02/2025;1;65014,08 $;156,74 $;156,74 $;0,00 $;5,76 $;-1759,56 $;0,00 $;100,00%;156,74 $;156,74 $;0,00 $;156,74 $;0,00 $;90,00;275,00 $;500,00 $;343,26 $;0,07%;
11/02/2025;1;65383,32 $;369,24 $;369,24 $;0,00 $;5,76 $;-1390,32 $;0,00 $;100,00%;369,24 $;369,24 $;0,00 $;369,24 $;0,00 $;210,00;412,50 $;787,50 $;418,26 $;0,07%;
12/02/2025;1;66752,56 $;1369,24 $;1369,24 $;0,00 $;5,76 $;-21,08 $;0,00 $;100,00%;1369,24 $;1369,24 $;0,00 $;1369,24 $;0,00 $;240,00;25,00 $;2000,00 $;630,76 $;0,07%;
13/02/2025;1;68171,80 $;1419,24 $;1419,24 $;0,00 $;5,76 $;0,00 $;0,00 $;100,00%;1419,24 $;1419,24 $;0,00 $;1419,24 $;0,00 $;240,00;875,00 $;1500,00 $;80,76 $;0,07%;
18/02/2025;1;67878,54 $;-293,26 $;0,00 $;-293,26 $;5,76 $;-293,26 $;-293,26 $;0,00%;-293,26 $;0,00 $;-293,26 $;0,00 $;-293,26 $;240,00;1012,50 $;250,00 $;543,26 $;0,07%;
19/02/2025;1;68360,28 $;481,74 $;481,74 $;0,00 $;5,76 $;0,00 $;0,00 $;100,00%;481,74 $;481,74 $;0,00 $;481,74 $;0,00 $;240,00;262,50 $;1050,00 $;568,26 $;0,07%;
20/02/2025;1;69154,52 $;794,24 $;794,24 $;0,00 $;5,76 $;0,00 $;0,00 $;100,00%;794,24 $;794,24 $;0,00 $;794,24 $;0,00 $;240,00;587,50 $;937,50 $;143,26 $;0,07%;
24/02/2025;1;67436,26 $;-1718,26 $;0,00 $;-1718,26 $;5,76 $;-1718,26 $;-1718,26 $;0,00%;-1718,26 $;0,00 $;-1718,26 $;0,00 $;-1718,26 $;210,00;2212,50 $;412,50 $;2130,76 $;0,07%;
25/02/2025;1;68455,50 $;1019,24 $;1019,24 $;0,00 $;5,76 $;-699,02 $;0,00 $;100,00%;1019,24 $;1019,24 $;0,00 $;1019,24 $;0,00 $;90,00;25,00 $;1812,50 $;793,26 $;0,07%;
26/02/2025;1;65849,74 $;-2605,76 $;0,00 $;-2605,76 $;5,76 $;-3304,78 $;-2605,76 $;0,00%;-2605,76 $;0,00 $;-2605,76 $;0,00 $;-2605,76 $;240,00;3462,50 $;387,50 $;2993,26 $;0,07%;
28/02/2025;1;70206,48 $;4356,74 $;4356,74 $;0,00 $;5,76 $;0,00 $;0,00 $;100,00%;4356,74 $;4356,74 $;0,00 $;4356,74 $;0,00 $;150,00;587,50 $;5012,50 $;655,76 $;0,07%;
03/03/2025;1;64563,22 $;-5643,26 $;0,00 $;-5643,26 $;5,76 $;-5643,26 $;-5643,26 $;0,00%;-5643,26 $;0,00 $;-5643,26 $;0,00 $;-5643,26 $;240,00;5812,50 $;912,50 $;6555,76 $;0,07%;
04/03/2025;1;64007,46 $;-555,76 $;0,00 $;-555,76 $;5,76 $;-6199,02 $;-555,76 $;0,00%;-555,76 $;0,00 $;-555,76 $;0,00 $;-555,76 $;90,00;3387,50 $;1987,50 $;2543,26 $;0,07%;
05/03/2025;1;68639,20 $;4631,74 $;4631,74 $;0,00 $;5,76 $;-1567,28 $;0,00 $;100,00%;4631,74 $;4631,74 $;0,00 $;4631,74 $;0,00 $;240,00;900,00 $;5037,50 $;405,76 $;0,07%;
06/03/2025;1;65895,94 $;-2743,26 $;0,00 $;-2743,26 $;5,76 $;-4310,54 $;-2743,26 $;0,00%;-2743,26 $;0,00 $;-2743,26 $;0,00 $;-2743,26 $;240,00;4200,00 $;812,50 $;3555,76 $;0,07%;
07/03/2025;1;70052,68 $;4156,74 $;4156,74 $;0,00 $;5,76 $;-153,80 $;0,00 $;100,00%;4156,74 $;4156,74 $;0,00 $;4156,74 $;0,00 $;240,00;1025,00 $;4837,50 $;680,76 $;0,07%;
10/03/2025;1;69996,92 $;-55,76 $;0,00 $;-55,76 $;5,76 $;-209,56 $;-55,76 $;0,00%;-55,76 $;0,00 $;-55,76 $;0,00 $;-55,76 $;0,00;187,50 $;37,50 $;93,26 $;0,07%;
11/03/2025;1;70291,16 $;294,24 $;294,24 $;0,00 $;5,76 $;0,00 $;0,00 $;100,00%;294,24 $;294,24 $;0,00 $;294,24 $;0,00 $;210,00;1950,00 $;3537,50 $;3243,26 $;0,07%;
12/03/2025;1;69422,90 $;-868,26 $;0,00 $;-868,26 $;5,76 $;-868,26 $;-868,26 $;0,00%;-868,26 $;0,00 $;-868,26 $;0,00 $;-868,26 $;210,00;1237,50 $;825,00 $;1693,26 $;0,07%;
13/03/2025;1;68004,64 $;-1418,26 $;0,00 $;-1418,26 $;5,76 $;-2286,52 $;-1418,26 $;0,00%;-1418,26 $;0,00 $;-1418,26 $;0,00 $;-1418,26 $;240,00;2312,50 $;450,00 $;1868,26 $;0,07%;
14/03/2025;1;68673,88 $;669,24 $;669,24 $;0,00 $;5,76 $;-1617,28 $;0,00 $;100,00%;669,24 $;669,24 $;0,00 $;669,24 $;0,00 $;210,00;100,00 $;1787,50 $;1118,26 $;0,07%;
17/03/2025;1;71130,62 $;2456,74 $;2456,74 $;0,00 $;5,76 $;0,00 $;0,00 $;100,00%;2456,74 $;2456,74 $;0,00 $;2456,74 $;0,00 $;240,00;687,50 $;2812,50 $;355,76 $;0,07%;
19/03/2025;2;72344,10 $;1213,48 $;1319,24 $;-105,76 $;11,52 $;-105,76 $;-105,76 $;50,00%;606,74 $;1319,24 $;-105,76 $;1319,24 $;-105,76 $;270,00;656,25 $;1643,75 $;1037,01 $;0,14%;
20/03/2025;1;70163,34 $;-2180,76 $;0,00 $;-2180,76 $;5,76 $;-2286,52 $;-2180,76 $;0,00%;-2180,76 $;0,00 $;-2180,76 $;0,00 $;-2180,76 $;240,00;2662,50 $;337,50 $;2518,26 $;0,07%;
21/03/2025;1;71495,08 $;1331,74 $;1331,74 $;0,00 $;5,76 $;-954,78 $;0,00 $;100,00%;1331,74 $;1331,74 $;0,00 $;1331,74 $;0,00 $;30,00;125,00 $;1450,00 $;118,26 $;0,07%;
24/03/2025;2;71383,56 $;-111,52 $;81,74 $;-193,26 $;11,52 $;-1066,30 $;-193,26 $;50,00%;-55,76 $;81,74 $;-193,26 $;81,74 $;-193,26 $;270,00;531,25 $;200,00 $;255,76 $;0,14%;
26/03/2025;1;69977,80 $;-1405,76 $;0,00 $;-1405,76 $;5,76 $;-2472,06 $;-1405,76 $;0,00%;-1405,76 $;0,00 $;-1405,76 $;0,00 $;-1405,76 $;210,00;1950,00 $;175,00 $;1580,76 $;0,07%;
27/03/2025;1;69297,04 $;-680,76 $;0,00 $;-680,76 $;5,76 $;-3152,82 $;-680,76 $;0,00%;-680,76 $;0,00 $;-680,76 $;0,00 $;-680,76 $;210,00;1150,00 $;725,00 $;1405,76 $;0,07%;
28/03/2025;1;67941,28 $;-1355,76 $;0,00 $;-1355,76 $;5,76 $;-4508,58 $;-1355,76 $;0,00%;-1355,76 $;0,00 $;-1355,76 $;0,00 $;-1355,76 $;210,00;1400,00 $;375,00 $;1730,76 $;0,07%;
31/03/2025;1;69660,52 $;1719,24 $;1719,24 $;0,00 $;5,76 $;-2789,34 $;0,00 $;100,00%;1719,24 $;1719,24 $;0,00 $;1719,24 $;0,00 $;210,00;950,00 $;3075,00 $;1355,76 $;0,07%;
01/04/2025;2;68624,00 $;-1036,52 $;169,24 $;-1205,76 $;11,52 $;-3995,10 $;-1205,76 $;50,00%;-518,26 $;169,24 $;-1205,76 $;169,24 $;-1205,76 $;270,00;1237,50 $;818,75 $;1337,01 $;0,14%;
02/04/2025;1;64618,24 $;-4005,76 $;0,00 $;-4005,76 $;5,76 $;-7831,62 $;-4005,76 $;0,00%;-4005,76 $;0,00 $;-4005,76 $;0,00 $;-4005,76 $;210,00;4450,00 $;3275,00 $;7280,76 $;0,07%;
03/04/2025;1;63462,48 $;-1155,76 $;0,00 $;-1155,76 $;5,76 $;-8987,38 $;-1155,76 $;0,00%;-1155,76 $;0,00 $;-1155,76 $;0,00 $;-1155,76 $;240,00;1775,00 $;1700,00 $;2855,76 $;0,07%;
04/04/2025;1;60344,22 $;-3118,26 $;0,00 $;-3118,26 $;5,76 $;-12105,64 $;-3118,26 $;0,00%;-3118,26 $;0,00 $;-3118,26 $;0,00 $;-3118,26 $;30,00;4250,00 $;1687,50 $;4805,76 $;0,07%;
07/04/2025;1;63888,46 $;3544,24 $;3544,24 $;0,00 $;5,76 $;-8561,40 $;0,00 $;100,00%;3544,24 $;3544,24 $;0,00 $;3544,24 $;0,00 $;240,00;0,00 $;8537,50 $;4993,26 $;0,07%;
08/04/2025;1;64645,20 $;756,74 $;756,74 $;0,00 $;5,76 $;-7804,66 $;0,00 $;100,00%;756,74 $;756,74 $;0,00 $;756,74 $;0,00 $;0,00;37,50 $;900,00 $;143,26 $;0,07%;
09/04/2025;1;68451,94 $;3806,74 $;3806,74 $;0,00 $;5,76 $;-3997,92 $;0,00 $;100,00%;3806,74 $;3806,74 $;0,00 $;3806,74 $;0,00 $;90,00;4262,50 $;4137,50 $;330,76 $;0,07%;
10/04/2025;1;74808,68 $;6356,74 $;6356,74 $;0,00 $;5,76 $;0,00 $;0,00 $;100,00%;6356,74 $;6356,74 $;0,00 $;6356,74 $;0,00 $;210,00;162,50 $;9100,00 $;2743,26 $;0,07%;
14/04/2025;1;76190,42 $;1381,74 $;1381,74 $;0,00 $;5,76 $;0,00 $;0,00 $;100,00%;1381,74 $;1381,74 $;0,00 $;1381,74 $;0,00 $;240,00;2375,00 $;2025,00 $;643,26 $;0,07%;
16/04/2025;1;69097,16 $;-7093,26 $;0,00 $;-7093,26 $;5,76 $;-7093,26 $;-7093,26 $;0,00%;-7093,26 $;0,00 $;-7093,26 $;0,00 $;-7093,26 $;240,00;7275,00 $;37,50 $;7130,76 $;0,07%;
17/04/2025;1;69228,90 $;131,74 $;131,74 $;0,00 $;5,76 $;-6961,52 $;0,00 $;100,00%;131,74 $;131,74 $;0,00 $;131,74 $;0,00 $;150,00;975,00 $;1787,50 $;1655,76 $;0,07%;
21/04/2025;2;68092,38 $;-1136,52 $;256,74 $;-1393,26 $;11,52 $;-8354,78 $;-1393,26 $;50,00%;-568,26 $;256,74 $;-1393,26 $;256,74 $;-1393,26 $;270,00;1212,50 $;237,50 $;805,76 $;0,14%;
22/04/2025;1;67961,62 $;-130,76 $;0,00 $;-130,76 $;5,76 $;-8228,80 $;-130,76 $;0,00%;-130,76 $;0,00 $;-130,76 $;0,00 $;-130,76 $;240,00;1625,00 $;2225,00 $;2355,76 $;0,07%;
23/04/2025;1;65943,36 $;-2018,26 $;0,00 $;-2018,26 $;5,76 $;-10247,06 $;-2018,26 $;0,00%;-2018,26 $;0,00 $;-2018,26 $;0,00 $;-2018,26 $;240,00;2362,50 $;475,00 $;2493,26 $;0,07%;
24/04/2025;1;67137,60 $;1194,24 $;1194,24 $;0,00 $;5,76 $;-9052,82 $;0,00 $;100,00%;1194,24 $;1194,24 $;0,00 $;1194,24 $;0,00 $;240,00;337,50 $;2212,50 $;1018,26 $;0,07%;
25/04/2025;1;68769,34 $;1631,74 $;1631,74 $;0,00 $;5,76 $;-7421,08 $;0,00 $;100,00%;1631,74 $;1631,74 $;0,00 $;1631,74 $;0,00 $;240,00;387,50 $;2337,50 $;705,76 $;0,07%;
28/04/2025;1;70463,58 $;1694,24 $;1694,24 $;0,00 $;5,76 $;-5726,84 $;0,00 $;100,00%;1694,24 $;1694,24 $;0,00 $;1694,24 $;0,00 $;240,00;1162,50 $;1825,00 $;130,76 $;0,07%;
29/04/2025;1;71095,32 $;631,74 $;631,74 $;0,00 $;5,76 $;-5095,10 $;0,00 $;100,00%;631,74 $;631,74 $;0,00 $;631,74 $;0,00 $;210,00;1225,00 $;1275,00 $;643,26 $;0,07%;
30/04/2025;1;71502,06 $;406,74 $;406,74 $;0,00 $;5,76 $;-4688,36 $;0,00 $;100,00%;406,74 $;406,74 $;0,00 $;406,74 $;0,00 $;240,00;937,50 $;2075,00 $;1668,26 $;0,07%;
01/05/2025;1;70258,80 $;-1243,26 $;0,00 $;-1243,26 $;5,76 $;-5931,62 $;-1243,26 $;0,00%;-1243,26 $;0,00 $;-1243,26 $;0,00 $;-1243,26 $;210,00;2112,50 $;1212,50 $;2455,76 $;0,07%;
02/05/2025;1;71715,54 $;1456,74 $;1456,74 $;0,00 $;5,76 $;-4474,88 $;0,00 $;100,00%;1456,74 $;1456,74 $;0,00 $;1456,74 $;0,00 $;240,00;112,50 $;1887,50 $;430,76 $;0,07%;
05/05/2025;1;71922,28 $;206,74 $;206,74 $;0,00 $;5,76 $;-4268,14 $;0,00 $;100,00%;206,74 $;206,74 $;0,00 $;206,74 $;0,00 $;0,00;87,50 $;225,00 $;18,26 $;0,07%;
06/05/2025;1;71479,02 $;-443,26 $;0,00 $;-443,26 $;5,76 $;-4711,40 $;-443,26 $;0,00%;-443,26 $;0,00 $;-443,26 $;0,00 $;-443,26 $;240,00;1700,00 $;875,00 $;1318,26 $;0,07%;
07/05/2025;1;70823,26 $;-655,76 $;0,00 $;-655,76 $;5,76 $;-5367,16 $;-655,76 $;0,00%;-655,76 $;0,00 $;-655,76 $;0,00 $;-655,76 $;240,00;1612,50 $;1375,00 $;2030,76 $;0,07%;
09/05/2025;1;71030,00 $;206,74 $;206,74 $;0,00 $;5,76 $;-5160,42 $;0,00 $;100,00%;206,74 $;206,74 $;0,00 $;206,74 $;0,00 $;240,00;875,00 $;675,00 $;468,26 $;0,07%;
12/05/2025;1;71074,24 $;44,24 $;44,24 $;0,00 $;5,76 $;-5116,18 $;0,00 $;100,00%;44,24 $;44,24 $;0,00 $;44,24 $;0,00 $;0,00;62,50 $;100,00 $;55,76 $;0,07%;
13/05/2025;1;70468,48 $;-605,76 $;0,00 $;-605,76 $;5,76 $;-5721,94 $;-605,76 $;0,00%;-605,76 $;0,00 $;-605,76 $;0,00 $;-605,76 $;210,00;650,00 $;725,00 $;1330,76 $;0,07%;
15/05/2025;1;70087,72 $;-380,76 $;0,00 $;-380,76 $;5,76 $;-6102,70 $;-380,76 $;0,00%;-380,76 $;0,00 $;-380,76 $;0,00 $;-380,76 $;150,00;1200,00 $;12,50 $;393,26 $;0,07%;
19/05/2025;1;70694,46 $;606,74 $;606,74 $;0,00 $;5,76 $;-5495,96 $;0,00 $;100,00%;606,74 $;606,74 $;0,00 $;606,74 $;0,00 $;240,00;50,00 $;1625,00 $;1018,26 $;0,07%;
20/05/2025;1;70113,70 $;-580,76 $;0,00 $;-580,76 $;5,76 $;-6076,72 $;-580,76 $;0,00%;-580,76 $;0,00 $;-580,76 $;0,00 $;-580,76 $;150,00;1937,50 $;37,50 $;618,26 $;0,07%;
21/05/2025;1;65320,44 $;-4793,26 $;0,00 $;-4793,26 $;5,76 $;-10869,98 $;-4793,26 $;0,00%;-4793,26 $;0,00 $;-4793,26 $;0,00 $;-4793,26 $;240,00;5012,50 $;412,50 $;5205,76 $;0,07%;
23/05/2025;1;66014,68 $;694,24 $;694,24 $;0,00 $;5,76 $;-10175,74 $;0,00 $;100,00%;694,24 $;694,24 $;0,00 $;694,24 $;0,00 $;240,00;500,00 $;1687,50 $;993,26 $;0,07%;
27/05/2025;1;66608,92 $;594,24 $;594,24 $;0,00 $;5,76 $;-9581,50 $;0,00 $;100,00%;594,24 $;594,24 $;0,00 $;594,24 $;0,00 $;30,00;225,00 $;675,00 $;80,76 $;0,07%;
28/05/2025;1;66690,66 $;81,74 $;81,74 $;0,00 $;5,76 $;-9499,76 $;0,00 $;100,00%;81,74 $;81,74 $;0,00 $;81,74 $;0,00 $;240,00;737,50 $;737,50 $;655,76 $;0,07%;
29/05/2025;1;67134,90 $;444,24 $;444,24 $;0,00 $;5,76 $;-9055,52 $;0,00 $;100,00%;444,24 $;444,24 $;0,00 $;444,24 $;0,00 $;210,00;700,00 $;862,50 $;418,26 $;0,07%;
30/05/2025;1;67904,14 $;769,24 $;769,24 $;0,00 $;5,76 $;-8286,28 $;0,00 $;100,00%;769,24 $;769,24 $;0,00 $;769,24 $;0,00 $;240,00;2962,50 $;937,50 $;168,26 $;0,07%;
02/06/2025;1;69835,88 $;1931,74 $;1931,74 $;0,00 $;5,76 $;-6354,54 $;0,00 $;100,00%;1931,74 $;1931,74 $;0,00 $;1931,74 $;0,00 $;240,00;225,00 $;2100,00 $;168,26 $;0,07%;
03/06/2025;1;70467,62 $;631,74 $;631,74 $;0,00 $;5,76 $;-5722,80 $;0,00 $;100,00%;631,74 $;631,74 $;0,00 $;631,74 $;0,00 $;240,00;87,50 $;1062,50 $;430,76 $;0,07%;
04/06/2025;1;70474,36 $;6,74 $;6,74 $;0,00 $;5,76 $;-5716,06 $;0,00 $;100,00%;6,74 $;6,74 $;0,00 $;6,74 $;0,00 $;240,00;612,50 $;487,50 $;480,76 $;0,07%;
06/06/2025;1;70906,10 $;431,74 $;431,74 $;0,00 $;5,76 $;-5284,32 $;0,00 $;100,00%;431,74 $;431,74 $;0,00 $;431,74 $;0,00 $;240,00;825,00 $;987,50 $;555,76 $;0,07%;
09/06/2025;1;70687,84 $;-218,26 $;0,00 $;-218,26 $;5,76 $;-5502,58 $;-218,26 $;0,00%;-218,26 $;0,00 $;-218,26 $;0,00 $;-218,26 $;210,00;312,50 $;725,00 $;943,26 $;0,07%;
10/06/2025;2;71451,32 $;763,48 $;763,48 $;0,00 $;11,52 $;-4758,34 $;0,00 $;100,00%;381,74 $;381,74 $;0,00 $;744,24 $;0,00 $;240,00;531,25 $;631,25 $;249,51 $;0,14%;
11/06/2025;1;69558,06 $;-1893,26 $;0,00 $;-1893,26 $;5,76 $;-6632,36 $;-1893,26 $;0,00%;-1893,26 $;0,00 $;-1893,26 $;0,00 $;-1893,26 $;240,00;2512,50 $;100,00 $;1993,26 $;0,07%;
12/06/2025;1;69977,30 $;419,24 $;419,24 $;0,00 $;5,76 $;-6213,12 $;0,00 $;100,00%;419,24 $;419,24 $;0,00 $;419,24 $;0,00 $;240,00;362,50 $;575,00 $;155,76 $;0,07%;
13/06/2025;1;67796,54 $;-2180,76 $;0,00 $;-2180,76 $;5,76 $;-8393,88 $;-2180,76 $;0,00%;-2180,76 $;0,00 $;-2180,76 $;0,00 $;-2180,76 $;240,00;2487,50 $;650,00 $;2830,76 $;0,07%;
16/06/2025;1;67115,78 $;-680,76 $;0,00 $;-680,76 $;5,76 $;-9074,64 $;-680,76 $;0,00%;-680,76 $;0,00 $;-680,76 $;0,00 $;-680,76 $;240,00;875,00 $;225,00 $;905,76 $;0,07%;
17/06/2025;1;66360,02 $;-755,76 $;0,00 $;-755,76 $;5,76 $;-9830,40 $;-755,76 $;0,00%;-755,76 $;0,00 $;-755,76 $;0,00 $;-755,76 $;150,00;1125,00 $;450,00 $;1205,76 $;0,07%;
18/06/2025;1;64729,26 $;-1630,76 $;0,00 $;-1630,76 $;5,76 $;-11461,16 $;-1630,76 $;0,00%;-1630,76 $;0,00 $;-1630,76 $;0,00 $;-1630,76 $;240,00;1825,00 $;475,00 $;2105,76 $;0,07%;
23/06/2025;1;66186,00 $;1456,74 $;1456,74 $;0,00 $;5,76 $;-10004,42 $;0,00 $;100,00%;1456,74 $;1456,74 $;0,00 $;1456,74 $;0,00 $;240,00;2287,50 $;1575,00 $;118,26 $;0,07%;
24/06/2025;1;67080,24 $;894,24 $;894,24 $;0,00 $;5,76 $;-9110,18 $;0,00 $;100,00%;894,24 $;894,24 $;0,00 $;894,24 $;0,00 $;240,00;62,50 $;987,50 $;93,26 $;0,07%;
25/06/2025;1;67061,98 $;-18,26 $;0,00 $;-18,26 $;5,76 $;-9128,44 $;-18,26 $;0,00%;-18,26 $;0,00 $;-18,26 $;0,00 $;-18,26 $;150,00;775,00 $;175,00 $;193,26 $;0,07%;
26/06/2025;1;67856,22 $;794,24 $;794,24 $;0,00 $;5,76 $;-8334,20 $;0,00 $;100,00%;794,24 $;794,24 $;0,00 $;794,24 $;0,00 $;240,00;125,00 $;1062,50 $;268,26 $;0,07%;
27/06/2025;1;66837,96 $;-1018,26 $;0,00 $;-1018,26 $;5,76 $;-9352,46 $;-1018,26 $;0,00%;-1018,26 $;0,00 $;-1018,26 $;0,00 $;-1018,26 $;210,00;2750,00 $;37,50 $;1055,76 $;0,07%;
30/06/2025;1;67632,20 $;794,24 $;794,24 $;0,00 $;5,76 $;-8558,22 $;0,00 $;100,00%;794,24 $;794,24 $;0,00 $;794,24 $;0,00 $;240,00;625,00 $;975,00 $;180,76 $;0,07%;
01/07/2025;1;68213,94 $;581,74 $;581,74 $;0,00 $;5,76 $;-7976,48 $;0,00 $;100,00%;581,74 $;581,74 $;0,00 $;581,74 $;0,00 $;240,00;600,00 $;812,50 $;230,76 $;0,07%;
02/07/2025;1;68658,18 $;444,24 $;444,24 $;0,00 $;5,76 $;-7532,24 $;0,00 $;100,00%;444,24 $;444,24 $;0,00 $;444,24 $;0,00 $;210,00;75,00 $;662,50 $;218,26 $;0,07%;
03/07/2025;1;68614,92 $;-43,26 $;0,00 $;-43,26 $;5,76 $;-7575,50 $;-43,26 $;0,00%;-43,26 $;0,00 $;-43,26 $;0,00 $;-43,26 $;45,00;275,00 $;450,00 $;493,26 $;0,07%;
07/07/2025;2;67040,90 $;-1574,02 $;0,00 $;-1574,02 $;11,52 $;-9149,52 $;-1574,02 $;0,00%;-787,01 $;0,00 $;-787,01 $;0,00 $;-1330,76 $;270,00;1306,25 $;56,25 $;843,26 $;0,14%;
08/07/2025;1;66347,64 $;-693,26 $;0,00 $;-693,26 $;5,76 $;-9842,78 $;-693,26 $;0,00%;-693,26 $;0,00 $;-693,26 $;0,00 $;-693,26 $;210,00;1037,50 $;75,00 $;768,26 $;0,07%;
09/07/2025;1;67104,38 $;756,74 $;756,74 $;0,00 $;5,76 $;-9086,04 $;0,00 $;100,00%;756,74 $;756,74 $;0,00 $;756,74 $;0,00 $;240,00;400,00 $;850,00 $;93,26 $;0,07%;
10/07/2025;1;67073,62 $;-30,76 $;0,00 $;-30,76 $;5,76 $;-9116,80 $;-30,76 $;0,00%;-30,76 $;0,00 $;-30,76 $;0,00 $;-30,76 $;210,00;187,50 $;675,00 $;705,76 $;0,07%;
16/07/2025;1;68055,36 $;981,74 $;981,74 $;0,00 $;5,76 $;-8135,06 $;0,00 $;100,00%;981,74 $;981,74 $;0,00 $;981,74 $;0,00 $;210,00;287,50 $;1537,50 $;555,76 $;0,07%;
21/07/2025;1;67112,10 $;-943,26 $;0,00 $;-943,26 $;5,76 $;-9078,32 $;-943,26 $;0,00%;-943,26 $;0,00 $;-943,26 $;0,00 $;-943,26 $;240,00;1112,50 $;150,00 $;1093,26 $;0,07%;
22/07/2025;1;67918,84 $;806,74 $;806,74 $;0,00 $;5,76 $;-8271,58 $;0,00 $;100,00%;806,74 $;806,74 $;0,00 $;806,74 $;0,00 $;210,00;87,50 $;1225,00 $;418,26 $;0,07%;
23/07/2025;1;69075,58 $;1156,74 $;1156,74 $;0,00 $;5,76 $;-7114,84 $;0,00 $;100,00%;1156,74 $;1156,74 $;0,00 $;1156,74 $;0,00 $;210,00;187,50 $;1612,50 $;455,76 $;0,07%;
24/07/2025;1;69069,82 $;-5,76 $;0,00 $;-5,76 $;5,76 $;-7120,60 $;-5,76 $;0,00%;-5,76 $;0,00 $;-5,76 $;0,00 $;-5,76 $;240,00;637,50 $;325,00 $;330,76 $;0,07%;
25/07/2025;1;69764,06 $;694,24 $;694,24 $;0,00 $;5,76 $;-6426,36 $;0,00 $;100,00%;694,24 $;694,24 $;0,00 $;694,24 $;0,00 $;240,00;212,50 $;812,50 $;118,26 $;0,07%;
28/07/2025;1;69258,30 $;-505,76 $;0,00 $;-505,76 $;5,76 $;-6932,12 $;-505,76 $;0,00%;-505,76 $;0,00 $;-505,76 $;0,00 $;-505,76 $;240,00;775,00 $;300,00 $;805,76 $;0,07%;
29/07/2025;1;69140,04 $;-118,26 $;0,00 $;-118,26 $;5,76 $;-7050,38 $;-118,26 $;0,00%;-118,26 $;0,00 $;-118,26 $;0,00 $;-118,26 $;240,00;300,00 $;662,50 $;780,76 $;0,07%;
30/07/2025;1;67496,78 $;-1643,26 $;0,00 $;-1643,26 $;5,76 $;-8693,64 $;-1643,26 $;0,00%;-1643,26 $;0,00 $;-1643,26 $;0,00 $;-1643,26 $;240,00;1925,00 $;1225,00 $;2868,26 $;0,07%;
01/08/2025;1;68041,02 $;544,24 $;544,24 $;0,00 $;5,76 $;-8149,40 $;0,00 $;100,00%;544,24 $;544,24 $;0,00 $;544,24 $;0,00 $;150,00;637,50 $;1400,00 $;855,76 $;0,07%;
05/08/2025;1;67485,26 $;-555,76 $;0,00 $;-555,76 $;5,76 $;-8705,16 $;-555,76 $;0,00%;-555,76 $;0,00 $;-555,76 $;0,00 $;-555,76 $;210,00;712,50 $;650,00 $;1205,76 $;0,07%;
06/08/2025;1;67579,50 $;94,24 $;94,24 $;0,00 $;5,76 $;-8610,92 $;0,00 $;100,00%;94,24 $;94,24 $;0,00 $;94,24 $;0,00 $;210,00;275,00 $;537,50 $;443,26 $;0,07%;
11/08/2025;1;66036,24 $;-1543,26 $;0,00 $;-1543,26 $;5,76 $;-10154,18 $;-1543,26 $;0,00%;-1543,26 $;0,00 $;-1543,26 $;0,00 $;-1543,26 $;210,00;1987,50 $;25,00 $;1568,26 $;0,07%;
12/08/2025;1;66942,98 $;906,74 $;906,74 $;0,00 $;5,76 $;-9247,44 $;0,00 $;100,00%;906,74 $;906,74 $;0,00 $;906,74 $;0,00 $;240,00;87,50 $;1075,00 $;168,26 $;0,07%;
13/08/2025;1;67262,22 $;319,24 $;319,24 $;0,00 $;5,76 $;-8928,20 $;0,00 $;100,00%;319,24 $;319,24 $;0,00 $;319,24 $;0,00 $;240,00;500,00 $;537,50 $;218,26 $;0,07%;
14/08/2025;1;68106,46 $;844,24 $;844,24 $;0,00 $;5,76 $;-8083,96 $;0,00 $;100,00%;844,24 $;844,24 $;0,00 $;844,24 $;0,00 $;240,00;362,50 $;1075,00 $;230,76 $;0,07%;
15/08/2025;1;68250,70 $;144,24 $;144,24 $;0,00 $;5,76 $;-7939,72 $;0,00 $;100,00%;144,24 $;144,24 $;0,00 $;144,24 $;0,00 $;240,00;500,00 $;700,00 $;555,76 $;0,07%;
18/08/2025;1;68219,94 $;-30,76 $;0,00 $;-30,76 $;5,76 $;-7970,48 $;-30,76 $;0,00%;-30,76 $;0,00 $;-30,76 $;0,00 $;-30,76 $;150,00;375,00 $;362,50 $;393,26 $;0,07%;
20/08/2025;1;68401,68 $;181,74 $;181,74 $;0,00 $;5,76 $;-7788,74 $;0,00 $;100,00%;181,74 $;181,74 $;0,00 $;181,74 $;0,00 $;210,00;1125,00 $;812,50 $;630,76 $;0,07%;
21/08/2025;1;68658,42 $;256,74 $;256,74 $;0,00 $;5,76 $;-7532,00 $;0,00 $;100,00%;256,74 $;256,74 $;0,00 $;256,74 $;0,00 $;210,00;725,00 $;637,50 $;380,76 $;0,07%;
22/08/2025;1;68202,66 $;-455,76 $;0,00 $;-455,76 $;5,76 $;-7987,76 $;-455,76 $;0,00%;-455,76 $;0,00 $;-455,76 $;0,00 $;-455,76 $;240,00;862,50 $;262,50 $;718,26 $;0,07%;
26/08/2025;1;69271,90 $;1069,24 $;1069,24 $;0,00 $;5,76 $;-6918,52 $;0,00 $;100,00%;1069,24 $;1069,24 $;0,00 $;1069,24 $;0,00 $;240,00;75,00 $;1162,50 $;93,26 $;0,07%;
27/08/2025;1;69441,14 $;169,24 $;169,24 $;0,00 $;5,76 $;-6749,28 $;0,00 $;100,00%;169,24 $;169,24 $;0,00 $;169,24 $;0,00 $;240,00;487,50 $;525,00 $;355,76 $;0,07%;
28/08/2025;1;70810,38 $;1369,24 $;1369,24 $;0,00 $;5,76 $;-5380,04 $;0,00 $;100,00%;1369,24 $;1369,24 $;0,00 $;1369,24 $;0,00 $;240,00;0,00 $;1525,00 $;155,76 $;0,07%;
02/09/2025;1;72117,12 $;1306,74 $;1306,74 $;0,00 $;5,76 $;-4073,30 $;0,00 $;100,00%;1306,74 $;1306,74 $;0,00 $;1306,74 $;0,00 $;240,00;825,00 $;1412,50 $;105,76 $;0,07%;
03/09/2025;1;71423,86 $;-693,26 $;0,00 $;-693,26 $;5,76 $;-4766,56 $;-693,26 $;0,00%;-693,26 $;0,00 $;-693,26 $;0,00 $;-693,26 $;240,00;987,50 $;350,00 $;1043,26 $;0,07%;
05/09/2025;1;71993,10 $;569,24 $;569,24 $;0,00 $;5,76 $;-4197,32 $;0,00 $;100,00%;569,24 $;569,24 $;0,00 $;569,24 $;0,00 $;210,00;562,50 $;850,00 $;280,76 $;0,07%;
10/09/2025;1;70999,84 $;-993,26 $;0,00 $;-993,26 $;5,76 $;-5190,58 $;-993,26 $;0,00%;-993,26 $;0,00 $;-993,26 $;0,00 $;-993,26 $;240,00;1112,50 $;412,50 $;1405,76 $;0,07%;
11/09/2025;1;71169,08 $;169,24 $;169,24 $;0,00 $;5,76 $;-5021,34 $;0,00 $;100,00%;169,24 $;169,24 $;0,00 $;169,24 $;0,00 $;240,00;400,00 $;212,50 $;43,26 $;0,07%;
12/09/2025;1;71438,32 $;269,24 $;269,24 $;0,00 $;5,76 $;-4752,10 $;0,00 $;100,00%;269,24 $;269,24 $;0,00 $;269,24 $;0,00 $;240,00;225,00 $;787,50 $;518,26 $;0,07%;
15/09/2025;1;71307,56 $;-130,76 $;0,00 $;-130,76 $;5,76 $;-4882,86 $;-130,76 $;0,00%;-130,76 $;0,00 $;-130,76 $;0,00 $;-130,76 $;210,00;650,00 $;212,50 $;343,26 $;0,07%;
16/09/2025;1;71176,80 $;-130,76 $;0,00 $;-130,76 $;5,76 $;-5013,62 $;-130,76 $;0,00%;-130,76 $;0,00 $;-130,76 $;0,00 $;-130,76 $;150,00;325,00 $;200,00 $;330,76 $;0,07%;
17/09/2025;1;70908,54 $;-268,26 $;0,00 $;-268,26 $;5,76 $;-5281,88 $;-268,26 $;0,00%;-268,26 $;0,00 $;-268,26 $;0,00 $;-268,26 $;30,00;875,00 $;187,50 $;455,76 $;0,07%;
22/09/2025;1;71065,28 $;156,74 $;156,74 $;0,00 $;5,76 $;-5125,14 $;0,00 $;100,00%;156,74 $;156,74 $;0,00 $;156,74 $;0,00 $;210,00;37,50 $;712,50 $;555,76 $;0,07%;
24/09/2025;1;71372,02 $;306,74 $;306,74 $;0,00 $;5,76 $;-4818,40 $;0,00 $;100,00%;306,74 $;306,74 $;0,00 $;306,74 $;0,00 $;210,00;475,00 $;462,50 $;155,76 $;0,07%;
26/09/2025;1;72216,26 $;844,24 $;844,24 $;0,00 $;5,76 $;-3974,16 $;0,00 $;100,00%;844,24 $;844,24 $;0,00 $;844,24 $;0,00 $;240,00;725,00 $;1137,50 $;293,26 $;0,07%;
29/09/2025;1;72210,50 $;-5,76 $;0,00 $;-5,76 $;5,76 $;-3979,92 $;-5,76 $;0,00%;-5,76 $;0,00 $;-5,76 $;0,00 $;-5,76 $;210,00;837,50 $;162,50 $;168,26 $;0,07%;
30/09/2025;1;73779,74 $;1569,24 $;1569,24 $;0,00 $;5,76 $;-2410,68 $;0,00 $;100,00%;1569,24 $;1569,24 $;0,00 $;1569,24 $;0,00 $;240,00;250,00 $;1650,00 $;80,76 $;0,07%;
01/10/2025;1;75198,98 $;1419,24 $;1419,24 $;0,00 $;5,76 $;-991,44 $;0,00 $;100,00%;1419,24 $;1419,24 $;0,00 $;1419,24 $;0,00 $;240,00;12,50 $;1562,50 $;143,26 $;0,07%;
02/10/2025;1;75480,72 $;281,74 $;281,74 $;0,00 $;5,76 $;-709,70 $;0,00 $;100,00%;281,74 $;281,74 $;0,00 $;281,74 $;0,00 $;150,00;100,00 $;612,50 $;330,76 $;0,07%;
03/10/2025;1;74412,46 $;-1068,26 $;0,00 $;-1068,26 $;5,76 $;-1777,96 $;-1068,26 $;0,00%;-1068,26 $;0,00 $;-1068,26 $;0,00 $;-1068,26 $;240,00;1825,00 $;475,00 $;1543,26 $;0,07%;
06/10/2025;1;74681,70 $;269,24 $;269,24 $;0,00 $;5,76 $;-1508,72 $;0,00 $;100,00%;269,24 $;269,24 $;0,00 $;269,24 $;0,00 $;240,00;62,50 $;687,50 $;418,26 $;0,07%;
07/10/2025;1;75288,44 $;606,74 $;606,74 $;0,00 $;5,76 $;-901,98 $;0,00 $;100,00%;606,74 $;606,74 $;0,00 $;606,74 $;0,00 $;210,00;300,00 $;662,50 $;55,76 $;0,07%;
08/10/2025;1;75432,68 $;144,24 $;144,24 $;0,00 $;5,76 $;-757,74 $;0,00 $;100,00%;144,24 $;144,24 $;0,00 $;144,24 $;0,00 $;240,00;225,00 $;300,00 $;155,76 $;0,07%;
09/10/2025;1;76251,92 $;819,24 $;819,24 $;0,00 $;5,76 $;0,00 $;0,00 $;100,00%;819,24 $;819,24 $;0,00 $;819,24 $;0,00 $;150,00;125,00 $;962,50 $;143,26 $;0,07%;
16/10/2025;2;72890,40 $;-3361,52 $;156,74 $;-3518,26 $;11,52 $;-3518,26 $;-3518,26 $;50,00%;-1680,76 $;156,74 $;-3518,26 $;156,74 $;-3518,26 $;270,00;2306,25 $;412,50 $;2093,26 $;0,14%;
17/10/2025;1;74872,14 $;1981,74 $;1981,74 $;0,00 $;5,76 $;-1379,78 $;0,00 $;100,00%;1981,74 $;1981,74 $;0,00 $;1981,74 $;0,00 $;150,00;225,00 $;2337,50 $;355,76 $;0,07%;
20/10/2025;1;75266,38 $;394,24 $;394,24 $;0,00 $;5,76 $;-985,54 $;0,00 $;100,00%;394,24 $;394,24 $;0,00 $;394,24 $;0,00 $;240,00;387,50 $;650,00 $;255,76 $;0,07%;
21/10/2025;1;74473,12 $;-793,26 $;0,00 $;-793,26 $;5,76 $;-1778,80 $;-793,26 $;0,00%;-793,26 $;0,00 $;-793,26 $;0,00 $;-793,26 $;210,00;1075,00 $;175,00 $;968,26 $;0,07%;
22/10/2025;1;74242,36 $;-230,76 $;0,00 $;-230,76 $;5,76 $;-2009,56 $;-230,76 $;0,00%;-230,76 $;0,00 $;-230,76 $;0,00 $;-230,76 $;240,00;2325,00 $;975,00 $;1205,76 $;0,07%;
23/10/2025;1;74761,60 $;519,24 $;519,24 $;0,00 $;5,76 $;-1490,32 $;0,00 $;100,00%;519,24 $;519,24 $;0,00 $;519,24 $;0,00 $;210,00;62,50 $;1100,00 $;580,76 $;0,07%;
24/10/2025;1;74343,34 $;-418,26 $;0,00 $;-418,26 $;5,76 $;-1908,58 $;-418,26 $;0,00%;-418,26 $;0,00 $;-418,26 $;0,00 $;-418,26 $;210,00;575,00 $;287,50 $;705,76 $;0,07%;
