Period;#;Cum. net profit;Net profit;Gross profit;Gross loss;Commission;Cum. max. drawdown;Max. drawdown;% Win;Avg. trade;Avg. winner;Avg. loser;Lrg. winner;Lrg. loser;MTR;Avg. MAE;Avg. MFE;Avg. ETD;% Trade;
07/01/2020;1;-710,68 $;-710,68 $;0,00 $;-710,68 $;5,68 $;-710,68 $;-710,68 $;0,00%;-710,68 $;0,00 $;-710,68 $;0,00 $;-710,68 $;150,00;1075,00 $;110,00 $;820,68 $;0,09%;
08/01/2020;1;448,64 $;1159,32 $;1159,32 $;0,00 $;5,68 $;0,00 $;0,00 $;100,00%;1159,32 $;1159,32 $;0,00 $;1159,32 $;0,00 $;240,00;550,00 $;1280,00 $;120,68 $;0,09%;
09/01/2020;1;352,96 $;-95,68 $;0,00 $;-95,68 $;5,68 $;-95,68 $;-95,68 $;0,00%;-95,68 $;0,00 $;-95,68 $;0,00 $;-95,68 $;240,00;925,00 $;300,00 $;395,68 $;0,09%;
10/01/2020;1;-377,72 $;-730,68 $;0,00 $;-730,68 $;5,68 $;-826,36 $;-730,68 $;0,00%;-730,68 $;0,00 $;-730,68 $;0,00 $;-730,68 $;240,00;840,00 $;85,00 $;815,68 $;0,09%;
13/01/2020;1;106,60 $;484,32 $;484,32 $;0,00 $;5,68 $;-342,04 $;0,00 $;100,00%;484,32 $;484,32 $;0,00 $;484,32 $;0,00 $;240,00;110,00 $;695,00 $;210,68 $;0,09%;
14/01/2020;1;-304,08 $;-410,68 $;0,00 $;-410,68 $;5,68 $;-752,72 $;-410,68 $;0,00%;-410,68 $;0,00 $;-410,68 $;0,00 $;-410,68 $;240,00;600,00 $;600,00 $;1010,68 $;0,09%;
15/01/2020;1;-704,76 $;-400,68 $;0,00 $;-400,68 $;5,68 $;-1153,40 $;-400,68 $;0,00%;-400,68 $;0,00 $;-400,68 $;0,00 $;-400,68 $;210,00;1140,00 $;90,00 $;490,68 $;0,09%;
16/01/2020;1;169,56 $;874,32 $;874,32 $;0,00 $;5,68 $;-279,08 $;0,00 $;100,00%;874,32 $;874,32 $;0,00 $;874,32 $;0,00 $;150,00;55,00 $;915,00 $;40,68 $;0,09%;
17/01/2020;1;458,88 $;289,32 $;289,32 $;0,00 $;5,68 $;0,00 $;0,00 $;100,00%;289,32 $;289,32 $;0,00 $;289,32 $;0,00 $;90,00;195,00 $;645,00 $;355,68 $;0,09%;
21/01/2020;1;638,20 $;179,32 $;179,32 $;0,00 $;5,68 $;0,00 $;0,00 $;100,00%;179,32 $;179,32 $;0,00 $;179,32 $;0,00 $;90,00;165,00 $;530,00 $;350,68 $;0,09%;
22/01/2020;1;87,52 $;-550,68 $;0,00 $;-550,68 $;5,68 $;-550,68 $;-550,68 $;0,00%;-550,68 $;0,00 $;-550,68 $;0,00 $;-550,68 $;210,00;695,00 $;450,00 $;1000,68 $;0,09%;
23/01/2020;2;811,16 $;723,64 $;723,64 $;0,00 $;11,36 $;-316,36 $;0,00 $;100,00%;361,82 $;361,82 $;0,00 $;489,32 $;0,00 $;240,00;347,50 $;462,50 $;100,68 $;0,19%;
28/01/2020;1;795,48 $;-15,68 $;0,00 $;-15,68 $;5,68 $;-15,68 $;-15,68 $;0,00%;-15,68 $;0,00 $;-15,68 $;0,00 $;-15,68 $;210,00;395,00 $;350,00 $;365,68 $;0,09%;
29/01/2020;1;1064,80 $;269,32 $;269,32 $;0,00 $;5,68 $;0,00 $;0,00 $;100,00%;269,32 $;269,32 $;0,00 $;269,32 $;0,00 $;240,00;290,00 $;705,00 $;435,68 $;0,09%;
03/02/2020;1;644,12 $;-420,68 $;0,00 $;-420,68 $;5,68 $;-420,68 $;-420,68 $;0,00%;-420,68 $;0,00 $;-420,68 $;0,00 $;-420,68 $;210,00;860,00 $;355,00 $;775,68 $;0,09%;
04/02/2020;1;1468,44 $;824,32 $;824,32 $;0,00 $;5,68 $;0,00 $;0,00 $;100,00%;824,32 $;824,32 $;0,00 $;824,32 $;0,00 $;150,00;5,00 $;1010,00 $;185,68 $;0,09%;
05/02/2020;2;1917,08 $;448,64 $;448,64 $;0,00 $;11,36 $;0,00 $;0,00 $;100,00%;224,32 $;224,32 $;0,00 $;434,32 $;0,00 $;240,00;337,50 $;535,00 $;310,68 $;0,19%;
06/02/2020;1;2156,40 $;239,32 $;239,32 $;0,00 $;5,68 $;0,00 $;0,00 $;100,00%;239,32 $;239,32 $;0,00 $;239,32 $;0,00 $;210,00;330,00 $;300,00 $;60,68 $;0,09%;
07/02/2020;1;1190,72 $;-965,68 $;0,00 $;-965,68 $;5,68 $;-965,68 $;-965,68 $;0,00%;-965,68 $;0,00 $;-965,68 $;0,00 $;-965,68 $;240,00;1300,00 $;250,00 $;1215,68 $;0,09%;
10/02/2020;1;1920,04 $;729,32 $;729,32 $;0,00 $;5,68 $;-236,36 $;0,00 $;100,00%;729,32 $;729,32 $;0,00 $;729,32 $;0,00 $;240,00;310,00 $;760,00 $;30,68 $;0,09%;
11/02/2020;1;459,36 $;-1460,68 $;0,00 $;-1460,68 $;5,68 $;-1697,04 $;-1460,68 $;0,00%;-1460,68 $;0,00 $;-1460,68 $;0,00 $;-1460,68 $;240,00;1870,00 $;20,00 $;1480,68 $;0,09%;
12/02/2020;1;738,68 $;279,32 $;279,32 $;0,00 $;5,68 $;-1417,72 $;0,00 $;100,00%;279,32 $;279,32 $;0,00 $;279,32 $;0,00 $;210,00;255,00 $;385,00 $;105,68 $;0,09%;
13/02/2020;1;618,00 $;-120,68 $;0,00 $;-120,68 $;5,68 $;-1538,40 $;-120,68 $;0,00%;-120,68 $;0,00 $;-120,68 $;0,00 $;-120,68 $;210,00;610,00 $;385,00 $;505,68 $;0,09%;
14/02/2020;1;1037,32 $;419,32 $;419,32 $;0,00 $;5,68 $;-1119,08 $;0,00 $;100,00%;419,32 $;419,32 $;0,00 $;419,32 $;0,00 $;90,00;180,00 $;540,00 $;120,68 $;0,09%;
17/02/2020;1;1116,64 $;79,32 $;79,32 $;0,00 $;5,68 $;-1039,76 $;0,00 $;100,00%;79,32 $;79,32 $;0,00 $;79,32 $;0,00 $;0,00;5,00 $;140,00 $;60,68 $;0,09%;
19/02/2020;1;1090,96 $;-25,68 $;0,00 $;-25,68 $;5,68 $;-1065,44 $;-25,68 $;0,00%;-25,68 $;0,00 $;-25,68 $;0,00 $;-25,68 $;210,00;265,00 $;315,00 $;340,68 $;0,09%;
02/03/2020;1;2020,28 $;929,32 $;929,32 $;0,00 $;5,68 $;-136,12 $;0,00 $;100,00%;929,32 $;929,32 $;0,00 $;929,32 $;0,00 $;240,00;1680,00 $;1580,00 $;650,68 $;0,09%;
03/03/2020;1;1634,60 $;-385,68 $;0,00 $;-385,68 $;5,68 $;-521,80 $;-385,68 $;0,00%;-385,68 $;0,00 $;-385,68 $;0,00 $;-385,68 $;240,00;4155,00 $;2890,00 $;3275,68 $;0,09%;
04/03/2020;1;4043,92 $;2409,32 $;2409,32 $;0,00 $;5,68 $;0,00 $;0,00 $;100,00%;2409,32 $;2409,32 $;0,00 $;2409,32 $;0,00 $;240,00;1265,00 $;2420,00 $;10,68 $;0,09%;
17/03/2020;1;4028,24 $;-15,68 $;0,00 $;-15,68 $;5,68 $;-15,68 $;-15,68 $;0,00%;-15,68 $;0,00 $;-15,68 $;0,00 $;-15,68 $;210,00;3380,00 $;2210,00 $;2225,68 $;0,09%;
19/03/2020;1;-302,44 $;-4330,68 $;0,00 $;-4330,68 $;5,68 $;-4346,36 $;-4330,68 $;0,00%;-4330,68 $;0,00 $;-4330,68 $;0,00 $;-4330,68 $;90,00;4890,00 $;2030,00 $;6360,68 $;0,09%;
20/03/2020;1;-4363,12 $;-4060,68 $;0,00 $;-4060,68 $;5,68 $;-8407,04 $;-4060,68 $;0,00%;-4060,68 $;0,00 $;-4060,68 $;0,00 $;-4060,68 $;240,00;5885,00 $;715,00 $;4775,68 $;0,09%;
24/03/2020;1;-3453,80 $;909,32 $;909,32 $;0,00 $;5,68 $;-7497,72 $;0,00 $;100,00%;909,32 $;909,32 $;0,00 $;909,32 $;0,00 $;210,00;4130,00 $;1230,00 $;320,68 $;0,09%;
25/03/2020;2;-2555,16 $;898,64 $;4554,32 $;-3655,68 $;11,36 $;-6599,08 $;-3655,68 $;50,00%;449,32 $;4554,32 $;-3655,68 $;4554,32 $;-3655,68 $;330,00;2372,50 $;3590,00 $;3140,68 $;0,19%;
26/03/2020;2;-1066,52 $;1488,64 $;1488,64 $;0,00 $;11,36 $;-5539,76 $;0,00 $;100,00%;744,32 $;744,32 $;0,00 $;1059,32 $;0,00 $;240,00;677,50 $;902,50 $;158,18 $;0,19%;
27/03/2020;1;1412,80 $;2479,32 $;2479,32 $;0,00 $;5,68 $;-2631,12 $;0,00 $;100,00%;2479,32 $;2479,32 $;0,00 $;2479,32 $;0,00 $;240,00;1335,00 $;3055,00 $;575,68 $;0,09%;
30/03/2020;1;1927,12 $;514,32 $;514,32 $;0,00 $;5,68 $;-2116,80 $;0,00 $;100,00%;514,32 $;514,32 $;0,00 $;514,32 $;0,00 $;210,00;825,00 $;1180,00 $;665,68 $;0,09%;
31/03/2020;1;-2063,56 $;-3990,68 $;0,00 $;-3990,68 $;5,68 $;-6107,48 $;-3990,68 $;0,00%;-3990,68 $;0,00 $;-3990,68 $;0,00 $;-3990,68 $;240,00;4205,00 $;235,00 $;4225,68 $;0,09%;
02/04/2020;1;-2219,24 $;-155,68 $;0,00 $;-155,68 $;5,68 $;-6263,16 $;-155,68 $;0,00%;-155,68 $;0,00 $;-155,68 $;0,00 $;-155,68 $;0,00;170,00 $;260,00 $;415,68 $;0,09%;
06/04/2020;2;404,40 $;2623,64 $;2623,64 $;0,00 $;11,36 $;-4793,84 $;0,00 $;100,00%;1311,82 $;1311,82 $;0,00 $;1469,32 $;0,00 $;240,00;245,00 $;2310,00 $;998,18 $;0,19%;
07/04/2020;1;-3841,28 $;-4245,68 $;0,00 $;-4245,68 $;5,68 $;-7885,20 $;-4245,68 $;0,00%;-4245,68 $;0,00 $;-4245,68 $;0,00 $;-4245,68 $;150,00;4400,00 $;45,00 $;4290,68 $;0,09%;
08/04/2020;1;-3561,96 $;279,32 $;279,32 $;0,00 $;5,68 $;-7605,88 $;0,00 $;100,00%;279,32 $;279,32 $;0,00 $;279,32 $;0,00 $;90,00;595,00 $;1090,00 $;810,68 $;0,09%;
09/04/2020;1;-3727,64 $;-165,68 $;0,00 $;-165,68 $;5,68 $;-7771,56 $;-165,68 $;0,00%;-165,68 $;0,00 $;-165,68 $;0,00 $;-165,68 $;210,00;1655,00 $;965,00 $;1130,68 $;0,09%;
13/04/2020;1;-2158,32 $;1569,32 $;1569,32 $;0,00 $;5,68 $;-6202,24 $;0,00 $;100,00%;1569,32 $;1569,32 $;0,00 $;1569,32 $;0,00 $;240,00;385,00 $;1615,00 $;45,68 $;0,09%;
14/04/2020;2;260,32 $;2418,64 $;2418,64 $;0,00 $;11,36 $;-3977,92 $;0,00 $;100,00%;1209,32 $;1209,32 $;0,00 $;2224,32 $;0,00 $;240,00;90,00 $;1442,50 $;233,18 $;0,19%;
15/04/2020;1;1349,64 $;1089,32 $;1089,32 $;0,00 $;5,68 $;-2694,28 $;0,00 $;100,00%;1089,32 $;1089,32 $;0,00 $;1089,32 $;0,00 $;240,00;615,00 $;2150,00 $;1060,68 $;0,09%;
16/04/2020;1;428,96 $;-920,68 $;0,00 $;-920,68 $;5,68 $;-3614,96 $;-920,68 $;0,00%;-920,68 $;0,00 $;-920,68 $;0,00 $;-920,68 $;240,00;2990,00 $;615,00 $;1535,68 $;0,09%;
17/04/2020;1;1123,28 $;694,32 $;694,32 $;0,00 $;5,68 $;-2920,64 $;0,00 $;100,00%;694,32 $;694,32 $;0,00 $;694,32 $;0,00 $;240,00;705,00 $;860,00 $;165,68 $;0,09%;
20/04/2020;1;-217,40 $;-1340,68 $;0,00 $;-1340,68 $;5,68 $;-4261,32 $;-1340,68 $;0,00%;-1340,68 $;0,00 $;-1340,68 $;0,00 $;-1340,68 $;240,00;2050,00 $;555,00 $;1895,68 $;0,09%;
22/04/2020;1;-933,08 $;-715,68 $;0,00 $;-715,68 $;5,68 $;-4977,00 $;-715,68 $;0,00%;-715,68 $;0,00 $;-715,68 $;0,00 $;-715,68 $;30,00;945,00 $;625,00 $;1340,68 $;0,09%;
23/04/2020;1;-3288,76 $;-2355,68 $;0,00 $;-2355,68 $;5,68 $;-7332,68 $;-2355,68 $;0,00%;-2355,68 $;0,00 $;-2355,68 $;0,00 $;-2355,68 $;240,00;3180,00 $;30,00 $;2385,68 $;0,09%;
27/04/2020;1;-4094,44 $;-805,68 $;0,00 $;-805,68 $;5,68 $;-8138,36 $;-805,68 $;0,00%;-805,68 $;0,00 $;-805,68 $;0,00 $;-805,68 $;240,00;1200,00 $;290,00 $;1095,68 $;0,09%;
28/04/2020;1;-5185,12 $;-1090,68 $;0,00 $;-1090,68 $;5,68 $;-9229,04 $;-1090,68 $;0,00%;-1090,68 $;0,00 $;-1090,68 $;0,00 $;-1090,68 $;90,00;1970,00 $;165,00 $;1255,68 $;0,09%;
29/04/2020;1;-3040,80 $;2144,32 $;2144,32 $;0,00 $;5,68 $;-7084,72 $;0,00 $;100,00%;2144,32 $;2144,32 $;0,00 $;2144,32 $;0,00 $;210,00;565,00 $;2150,00 $;5,68 $;0,09%;
30/04/2020;2;-4177,16 $;-1136,36 $;0,00 $;-1136,36 $;11,36 $;-8221,08 $;-1136,36 $;0,00%;-568,18 $;0,00 $;-568,18 $;0,00 $;-1115,68 $;270,00;1337,50 $;407,50 $;975,68 $;0,19%;
05/05/2020;2;-3088,52 $;1088,64 $;1414,32 $;-325,68 $;11,36 $;-7132,44 $;-325,68 $;50,00%;544,32 $;1414,32 $;-325,68 $;1414,32 $;-325,68 $;330,00;687,50 $;777,50 $;233,18 $;0,19%;
06/05/2020;1;-4464,20 $;-1375,68 $;0,00 $;-1375,68 $;5,68 $;-8508,12 $;-1375,68 $;0,00%;-1375,68 $;0,00 $;-1375,68 $;0,00 $;-1375,68 $;210,00;1585,00 $;720,00 $;2095,68 $;0,09%;
07/05/2020;1;-4499,88 $;-35,68 $;0,00 $;-35,68 $;5,68 $;-8543,80 $;-35,68 $;0,00%;-35,68 $;0,00 $;-35,68 $;0,00 $;-35,68 $;210,00;890,00 $;325,00 $;360,68 $;0,09%;
08/05/2020;1;-4195,56 $;304,32 $;304,32 $;0,00 $;5,68 $;-8239,48 $;0,00 $;100,00%;304,32 $;304,32 $;0,00 $;304,32 $;0,00 $;240,00;550,00 $;805,00 $;500,68 $;0,09%;
11/05/2020;1;-4726,24 $;-530,68 $;0,00 $;-530,68 $;5,68 $;-8770,16 $;-530,68 $;0,00%;-530,68 $;0,00 $;-530,68 $;0,00 $;-530,68 $;150,00;825,00 $;640,00 $;1170,68 $;0,09%;
12/05/2020;1;-9731,92 $;-5005,68 $;0,00 $;-5005,68 $;5,68 $;-13775,84 $;-5005,68 $;0,00%;-5005,68 $;0,00 $;-5005,68 $;0,00 $;-5005,68 $;210,00;5000,00 $;225,00 $;5230,68 $;0,09%;
14/05/2020;1;-9562,60 $;169,32 $;169,32 $;0,00 $;5,68 $;-13606,52 $;0,00 $;100,00%;169,32 $;169,32 $;0,00 $;169,32 $;0,00 $;0,00;130,00 $;250,00 $;80,68 $;0,09%;
15/05/2020;1;-8908,28 $;654,32 $;654,32 $;0,00 $;5,68 $;-12952,20 $;0,00 $;100,00%;654,32 $;654,32 $;0,00 $;654,32 $;0,00 $;150,00;735,00 $;1280,00 $;625,68 $;0,09%;
18/05/2020;1;-7928,96 $;979,32 $;979,32 $;0,00 $;5,68 $;-11972,88 $;0,00 $;100,00%;979,32 $;979,32 $;0,00 $;979,32 $;0,00 $;240,00;5,00 $;1450,00 $;470,68 $;0,09%;
19/05/2020;1;-8439,64 $;-510,68 $;0,00 $;-510,68 $;5,68 $;-12483,56 $;-510,68 $;0,00%;-510,68 $;0,00 $;-510,68 $;0,00 $;-510,68 $;240,00;1160,00 $;320,00 $;830,68 $;0,09%;
20/05/2020;1;-8650,32 $;-210,68 $;0,00 $;-210,68 $;5,68 $;-12694,24 $;-210,68 $;0,00%;-210,68 $;0,00 $;-210,68 $;0,00 $;-210,68 $;240,00;1185,00 $;155,00 $;365,68 $;0,09%;
21/05/2020;1;-9651,00 $;-1000,68 $;0,00 $;-1000,68 $;5,68 $;-13694,92 $;-1000,68 $;0,00%;-1000,68 $;0,00 $;-1000,68 $;0,00 $;-1000,68 $;150,00;1140,00 $;325,00 $;1325,68 $;0,09%;
25/05/2020;1;-9546,68 $;104,32 $;104,32 $;0,00 $;5,68 $;-13590,60 $;0,00 $;100,00%;104,32 $;104,32 $;0,00 $;104,32 $;0,00 $;0,00;0,00 $;185,00 $;80,68 $;0,09%;
26/05/2020;1;-10337,36 $;-790,68 $;0,00 $;-790,68 $;5,68 $;-14381,28 $;-790,68 $;0,00%;-790,68 $;0,00 $;-790,68 $;0,00 $;-790,68 $;240,00;1025,00 $;455,00 $;1245,68 $;0,09%;
27/05/2020;1;-9588,04 $;749,32 $;749,32 $;0,00 $;5,68 $;-13631,96 $;0,00 $;100,00%;749,32 $;749,32 $;0,00 $;749,32 $;0,00 $;30,00;465,00 $;895,00 $;145,68 $;0,09%;
28/05/2020;1;-10008,72 $;-420,68 $;0,00 $;-420,68 $;5,68 $;-14052,64 $;-420,68 $;0,00%;-420,68 $;0,00 $;-420,68 $;0,00 $;-420,68 $;240,00;530,00 $;1560,00 $;1980,68 $;0,09%;
29/05/2020;1;-8534,40 $;1474,32 $;1474,32 $;0,00 $;5,68 $;-12578,32 $;0,00 $;100,00%;1474,32 $;1474,32 $;0,00 $;1474,32 $;0,00 $;30,00;150,00 $;1555,00 $;80,68 $;0,09%;
01/06/2020;2;-7665,76 $;868,64 $;944,32 $;-75,68 $;11,36 $;-11709,68 $;-75,68 $;50,00%;434,32 $;944,32 $;-75,68 $;944,32 $;-75,68 $;270,00;57,50 $;605,00 $;170,68 $;0,19%;
02/06/2020;1;-6421,44 $;1244,32 $;1244,32 $;0,00 $;5,68 $;-10465,36 $;0,00 $;100,00%;1244,32 $;1244,32 $;0,00 $;1244,32 $;0,00 $;150,00;175,00 $;1335,00 $;90,68 $;0,09%;
03/06/2020;2;-5732,80 $;688,64 $;688,64 $;0,00 $;11,36 $;-9881,04 $;0,00 $;100,00%;344,32 $;344,32 $;0,00 $;584,32 $;0,00 $;240,00;455,00 $;377,50 $;33,18 $;0,19%;
04/06/2020;1;-6708,48 $;-975,68 $;0,00 $;-975,68 $;5,68 $;-10752,40 $;-975,68 $;0,00%;-975,68 $;0,00 $;-975,68 $;0,00 $;-975,68 $;240,00;1550,00 $;590,00 $;1565,68 $;0,09%;
05/06/2020;1;-7029,16 $;-320,68 $;0,00 $;-320,68 $;5,68 $;-11073,08 $;-320,68 $;0,00%;-320,68 $;0,00 $;-320,68 $;0,00 $;-320,68 $;210,00;730,00 $;405,00 $;725,68 $;0,09%;
08/06/2020;1;-6244,84 $;784,32 $;784,32 $;0,00 $;5,68 $;-10288,76 $;0,00 $;100,00%;784,32 $;784,32 $;0,00 $;784,32 $;0,00 $;240,00;540,00 $;1090,00 $;305,68 $;0,09%;
09/06/2020;1;-5595,52 $;649,32 $;649,32 $;0,00 $;5,68 $;-9639,44 $;0,00 $;100,00%;649,32 $;649,32 $;0,00 $;649,32 $;0,00 $;240,00;500,00 $;850,00 $;200,68 $;0,09%;
10/06/2020;1;-5096,20 $;499,32 $;499,32 $;0,00 $;5,68 $;-9140,12 $;0,00 $;100,00%;499,32 $;499,32 $;0,00 $;499,32 $;0,00 $;150,00;645,00 $;1850,00 $;1350,68 $;0,09%;
15/06/2020;1;-3946,88 $;1149,32 $;1149,32 $;0,00 $;5,68 $;-7990,80 $;0,00 $;100,00%;1149,32 $;1149,32 $;0,00 $;1149,32 $;0,00 $;30,00;590,00 $;1220,00 $;70,68 $;0,09%;
16/06/2020;1;-3232,56 $;714,32 $;714,32 $;0,00 $;5,68 $;-7276,48 $;0,00 $;100,00%;714,32 $;714,32 $;0,00 $;714,32 $;0,00 $;210,00;1165,00 $;985,00 $;270,68 $;0,09%;
17/06/2020;1;-3688,24 $;-455,68 $;0,00 $;-455,68 $;5,68 $;-7732,16 $;-455,68 $;0,00%;-455,68 $;0,00 $;-455,68 $;0,00 $;-455,68 $;210,00;1180,00 $;890,00 $;1345,68 $;0,09%;
18/06/2020;1;-3563,92 $;124,32 $;124,32 $;0,00 $;5,68 $;-7607,84 $;0,00 $;100,00%;124,32 $;124,32 $;0,00 $;124,32 $;0,00 $;210,00;870,00 $;535,00 $;410,68 $;0,09%;
22/06/2020;1;-3019,60 $;544,32 $;544,32 $;0,00 $;5,68 $;-7063,52 $;0,00 $;100,00%;544,32 $;544,32 $;0,00 $;544,32 $;0,00 $;240,00;185,00 $;1380,00 $;835,68 $;0,09%;
23/06/2020;1;-2000,28 $;1019,32 $;1019,32 $;0,00 $;5,68 $;-6044,20 $;0,00 $;100,00%;1019,32 $;1019,32 $;0,00 $;1019,32 $;0,00 $;240,00;410,00 $;1595,00 $;575,68 $;0,09%;
25/06/2020;1;-1810,96 $;189,32 $;189,32 $;0,00 $;5,68 $;-5854,88 $;0,00 $;100,00%;189,32 $;189,32 $;0,00 $;189,32 $;0,00 $;0,00;195,00 $;270,00 $;80,68 $;0,09%;
29/06/2020;1;-1571,64 $;239,32 $;239,32 $;0,00 $;5,68 $;-5615,56 $;0,00 $;100,00%;239,32 $;239,32 $;0,00 $;239,32 $;0,00 $;0,00;125,00 $;465,00 $;225,68 $;0,09%;
30/06/2020;1;-802,32 $;769,32 $;769,32 $;0,00 $;5,68 $;-4846,24 $;0,00 $;100,00%;769,32 $;769,32 $;0,00 $;769,32 $;0,00 $;210,00;1100,00 $;1550,00 $;780,68 $;0,09%;
01/07/2020;1;872,00 $;1674,32 $;1674,32 $;0,00 $;5,68 $;-3171,92 $;0,00 $;100,00%;1674,32 $;1674,32 $;0,00 $;1674,32 $;0,00 $;240,00;50,00 $;1800,00 $;125,68 $;0,09%;
02/07/2020;1;-28,68 $;-900,68 $;0,00 $;-900,68 $;5,68 $;-4072,60 $;-900,68 $;0,00%;-900,68 $;0,00 $;-900,68 $;0,00 $;-900,68 $;90,00;1540,00 $;205,00 $;1105,68 $;0,09%;
03/07/2020;1;-259,36 $;-230,68 $;0,00 $;-230,68 $;5,68 $;-4303,28 $;-230,68 $;0,00%;-230,68 $;0,00 $;-230,68 $;0,00 $;-230,68 $;30,00;225,00 $;315,00 $;545,68 $;0,09%;
06/07/2020;1;384,96 $;644,32 $;644,32 $;0,00 $;5,68 $;-3658,96 $;0,00 $;100,00%;644,32 $;644,32 $;0,00 $;644,32 $;0,00 $;210,00;990,00 $;710,00 $;65,68 $;0,09%;
07/07/2020;1;-1570,72 $;-1955,68 $;0,00 $;-1955,68 $;5,68 $;-5614,64 $;-1955,68 $;0,00%;-1955,68 $;0,00 $;-1955,68 $;0,00 $;-1955,68 $;210,00;2440,00 $;290,00 $;2245,68 $;0,09%;
08/07/2020;1;98,60 $;1669,32 $;1669,32 $;0,00 $;5,68 $;-3945,32 $;0,00 $;100,00%;1669,32 $;1669,32 $;0,00 $;1669,32 $;0,00 $;240,00;105,00 $;1940,00 $;270,68 $;0,09%;
10/07/2020;1;1752,92 $;1654,32 $;1654,32 $;0,00 $;5,68 $;-2291,00 $;0,00 $;100,00%;1654,32 $;1654,32 $;0,00 $;1654,32 $;0,00 $;240,00;200,00 $;1705,00 $;50,68 $;0,09%;
13/07/2020;1;-5232,76 $;-6985,68 $;0,00 $;-6985,68 $;5,68 $;-9276,68 $;-6985,68 $;0,00%;-6985,68 $;0,00 $;-6985,68 $;0,00 $;-6985,68 $;240,00;7095,00 $;120,00 $;7105,68 $;0,09%;
15/07/2020;1;-5998,44 $;-765,68 $;0,00 $;-765,68 $;5,68 $;-10042,36 $;-765,68 $;0,00%;-765,68 $;0,00 $;-765,68 $;0,00 $;-765,68 $;240,00;3670,00 $;480,00 $;1245,68 $;0,09%;
17/07/2020;1;-5249,12 $;749,32 $;749,32 $;0,00 $;5,68 $;-9293,04 $;0,00 $;100,00%;749,32 $;749,32 $;0,00 $;749,32 $;0,00 $;240,00;685,00 $;950,00 $;200,68 $;0,09%;
20/07/2020;2;-2580,48 $;2668,64 $;2784,32 $;-115,68 $;11,36 $;-6624,40 $;-115,68 $;50,00%;1334,32 $;2784,32 $;-115,68 $;2784,32 $;-115,68 $;270,00;150,00 $;1432,50 $;98,18 $;0,19%;
21/07/2020;1;-3596,16 $;-1015,68 $;0,00 $;-1015,68 $;5,68 $;-7640,08 $;-1015,68 $;0,00%;-1015,68 $;0,00 $;-1015,68 $;0,00 $;-1015,68 $;240,00;1215,00 $;1055,00 $;2070,68 $;0,09%;
22/07/2020;1;-4061,84 $;-465,68 $;0,00 $;-465,68 $;5,68 $;-8105,76 $;-465,68 $;0,00%;-465,68 $;0,00 $;-465,68 $;0,00 $;-465,68 $;210,00;1320,00 $;540,00 $;1005,68 $;0,09%;
27/07/2020;1;-3887,52 $;174,32 $;174,32 $;0,00 $;5,68 $;-7931,44 $;0,00 $;100,00%;174,32 $;174,32 $;0,00 $;174,32 $;0,00 $;30,00;430,00 $;220,00 $;45,68 $;0,09%;
28/07/2020;1;-5463,20 $;-1575,68 $;0,00 $;-1575,68 $;5,68 $;-9507,12 $;-1575,68 $;0,00%;-1575,68 $;0,00 $;-1575,68 $;0,00 $;-1575,68 $;210,00;2070,00 $;665,00 $;2240,68 $;0,09%;
29/07/2020;1;-5208,88 $;254,32 $;254,32 $;0,00 $;5,68 $;-9252,80 $;0,00 $;100,00%;254,32 $;254,32 $;0,00 $;254,32 $;0,00 $;240,00;1135,00 $;890,00 $;635,68 $;0,09%;
30/07/2020;1;-1439,56 $;3769,32 $;3769,32 $;0,00 $;5,68 $;-5483,48 $;0,00 $;100,00%;3769,32 $;3769,32 $;0,00 $;3769,32 $;0,00 $;150,00;565,00 $;3900,00 $;130,68 $;0,09%;
31/07/2020;1;-925,24 $;514,32 $;514,32 $;0,00 $;5,68 $;-4969,16 $;0,00 $;100,00%;514,32 $;514,32 $;0,00 $;514,32 $;0,00 $;240,00;2430,00 $;850,00 $;335,68 $;0,09%;
03/08/2020;1;-925,92 $;-0,68 $;0,00 $;-0,68 $;5,68 $;-4969,84 $;-0,68 $;0,00%;-0,68 $;0,00 $;-0,68 $;0,00 $;-0,68 $;240,00;485,00 $;645,00 $;645,68 $;0,09%;
04/08/2020;2;-782,28 $;143,64 $;143,64 $;0,00 $;11,36 $;-4850,52 $;0,00 $;100,00%;71,82 $;71,82 $;0,00 $;119,32 $;0,00 $;240,00;477,50 $;407,50 $;335,68 $;0,19%;
05/08/2020;2;-638,64 $;143,64 $;144,32 $;-0,68 $;11,36 $;-4826,88 $;-0,68 $;50,00%;71,82 $;144,32 $;-0,68 $;144,32 $;-0,68 $;240,00;202,50 $;270,00 $;198,18 $;0,19%;
06/08/2020;1;1535,68 $;2174,32 $;2174,32 $;0,00 $;5,68 $;-2508,24 $;0,00 $;100,00%;2174,32 $;2174,32 $;0,00 $;2174,32 $;0,00 $;210,00;145,00 $;2410,00 $;235,68 $;0,09%;
07/08/2020;1;140,00 $;-1395,68 $;0,00 $;-1395,68 $;5,68 $;-3903,92 $;-1395,68 $;0,00%;-1395,68 $;0,00 $;-1395,68 $;0,00 $;-1395,68 $;210,00;3205,00 $;205,00 $;1600,68 $;0,09%;
12/08/2020;1;949,32 $;809,32 $;809,32 $;0,00 $;5,68 $;-3094,60 $;0,00 $;100,00%;809,32 $;809,32 $;0,00 $;809,32 $;0,00 $;240,00;275,00 $;1400,00 $;590,68 $;0,09%;
13/08/2020;2;2,96 $;-946,36 $;99,32 $;-1045,68 $;11,36 $;-4140,28 $;-1045,68 $;50,00%;-473,18 $;99,32 $;-1045,68 $;99,32 $;-1045,68 $;270,00;1120,00 $;365,00 $;838,18 $;0,19%;
14/08/2020;1;-267,72 $;-270,68 $;0,00 $;-270,68 $;5,68 $;-4311,64 $;-270,68 $;0,00%;-270,68 $;0,00 $;-270,68 $;0,00 $;-270,68 $;210,00;635,00 $;550,00 $;820,68 $;0,09%;
17/08/2020;1;321,60 $;589,32 $;589,32 $;0,00 $;5,68 $;-3722,32 $;0,00 $;100,00%;589,32 $;589,32 $;0,00 $;589,32 $;0,00 $;240,00;495,00 $;615,00 $;25,68 $;0,09%;
18/08/2020;1;1050,92 $;729,32 $;729,32 $;0,00 $;5,68 $;-2993,00 $;0,00 $;100,00%;729,32 $;729,32 $;0,00 $;729,32 $;0,00 $;150,00;220,00 $;775,00 $;45,68 $;0,09%;
20/08/2020;1;2375,24 $;1324,32 $;1324,32 $;0,00 $;5,68 $;-1668,68 $;0,00 $;100,00%;1324,32 $;1324,32 $;0,00 $;1324,32 $;0,00 $;240,00;165,00 $;1685,00 $;360,68 $;0,09%;
21/08/2020;1;2839,56 $;464,32 $;464,32 $;0,00 $;5,68 $;-1204,36 $;0,00 $;100,00%;464,32 $;464,32 $;0,00 $;464,32 $;0,00 $;210,00;520,00 $;685,00 $;220,68 $;0,09%;
24/08/2020;1;3373,88 $;534,32 $;534,32 $;0,00 $;5,68 $;-670,04 $;0,00 $;100,00%;534,32 $;534,32 $;0,00 $;534,32 $;0,00 $;150,00;1200,00 $;690,00 $;155,68 $;0,09%;
25/08/2020;1;4368,20 $;994,32 $;994,32 $;0,00 $;5,68 $;0,00 $;0,00 $;100,00%;994,32 $;994,32 $;0,00 $;994,32 $;0,00 $;90,00;105,00 $;1115,00 $;120,68 $;0,09%;
26/08/2020;1;6207,52 $;1839,32 $;1839,32 $;0,00 $;5,68 $;0,00 $;0,00 $;100,00%;1839,32 $;1839,32 $;0,00 $;1839,32 $;0,00 $;240,00;15,00 $;2175,00 $;335,68 $;0,09%;
27/08/2020;1;6146,84 $;-60,68 $;0,00 $;-60,68 $;5,68 $;-60,68 $;-60,68 $;0,00%;-60,68 $;0,00 $;-60,68 $;0,00 $;-60,68 $;210,00;2380,00 $;685,00 $;745,68 $;0,09%;
28/08/2020;1;5836,16 $;-310,68 $;0,00 $;-310,68 $;5,68 $;-371,36 $;-310,68 $;0,00%;-310,68 $;0,00 $;-310,68 $;0,00 $;-310,68 $;240,00;1435,00 $;145,00 $;455,68 $;0,09%;
31/08/2020;1;7620,48 $;1784,32 $;1784,32 $;0,00 $;5,68 $;0,00 $;0,00 $;100,00%;1784,32 $;1784,32 $;0,00 $;1784,32 $;0,00 $;240,00;570,00 $;2215,00 $;430,68 $;0,09%;
01/09/2020;1;9014,80 $;1394,32 $;1394,32 $;0,00 $;5,68 $;0,00 $;0,00 $;100,00%;1394,32 $;1394,32 $;0,00 $;1394,32 $;0,00 $;210,00;250,00 $;1445,00 $;50,68 $;0,09%;
02/09/2020;2;11818,44 $;2803,64 $;2849,32 $;-45,68 $;11,36 $;-45,68 $;-45,68 $;50,00%;1401,82 $;2849,32 $;-45,68 $;2849,32 $;-45,68 $;270,00;1005,00 $;1675,00 $;273,18 $;0,19%;
10/09/2020;1;5037,76 $;-6780,68 $;0,00 $;-6780,68 $;5,68 $;-6826,36 $;-6780,68 $;0,00%;-6780,68 $;0,00 $;-6780,68 $;0,00 $;-6780,68 $;240,00;7650,00 $;510,00 $;7290,68 $;0,09%;
14/09/2020;1;3377,08 $;-1660,68 $;0,00 $;-1660,68 $;5,68 $;-8487,04 $;-1660,68 $;0,00%;-1660,68 $;0,00 $;-1660,68 $;0,00 $;-1660,68 $;240,00;3185,00 $;190,00 $;1850,68 $;0,09%;
15/09/2020;1;3176,40 $;-200,68 $;0,00 $;-200,68 $;5,68 $;-8687,72 $;-200,68 $;0,00%;-200,68 $;0,00 $;-200,68 $;0,00 $;-200,68 $;210,00;2165,00 $;470,00 $;670,68 $;0,09%;
16/09/2020;1;565,72 $;-2610,68 $;0,00 $;-2610,68 $;5,68 $;-11298,40 $;-2610,68 $;0,00%;-2610,68 $;0,00 $;-2610,68 $;0,00 $;-2610,68 $;210,00;3055,00 $;1075,00 $;3685,68 $;0,09%;
21/09/2020;1;445,04 $;-120,68 $;0,00 $;-120,68 $;5,68 $;-11419,08 $;-120,68 $;0,00%;-120,68 $;0,00 $;-120,68 $;0,00 $;-120,68 $;0,00;170,00 $;470,00 $;590,68 $;0,09%;
22/09/2020;1;1149,36 $;704,32 $;704,32 $;0,00 $;5,68 $;-10714,76 $;0,00 $;100,00%;704,32 $;704,32 $;0,00 $;704,32 $;0,00 $;90,00;505,00 $;1460,00 $;755,68 $;0,09%;
24/09/2020;1;-316,32 $;-1465,68 $;0,00 $;-1465,68 $;5,68 $;-12180,44 $;-1465,68 $;0,00%;-1465,68 $;0,00 $;-1465,68 $;0,00 $;-1465,68 $;150,00;3495,00 $;605,00 $;2070,68 $;0,09%;
25/09/2020;1;648,00 $;964,32 $;964,32 $;0,00 $;5,68 $;-11216,12 $;0,00 $;100,00%;964,32 $;964,32 $;0,00 $;964,32 $;0,00 $;90,00;280,00 $;1595,00 $;630,68 $;0,09%;
28/09/2020;1;1602,32 $;954,32 $;954,32 $;0,00 $;5,68 $;-10261,80 $;0,00 $;100,00%;954,32 $;954,32 $;0,00 $;954,32 $;0,00 $;30,00;795,00 $;1155,00 $;200,68 $;0,09%;
29/09/2020;2;1340,96 $;-261,36 $;0,00 $;-261,36 $;11,36 $;-10523,16 $;-261,36 $;0,00%;-130,68 $;0,00 $;-130,68 $;0,00 $;-190,68 $;330,00;947,50 $;320,00 $;450,68 $;0,19%;
30/09/2020;1;-469,72 $;-1810,68 $;0,00 $;-1810,68 $;5,68 $;-12333,84 $;-1810,68 $;0,00%;-1810,68 $;0,00 $;-1810,68 $;0,00 $;-1810,68 $;240,00;2690,00 $;1115,00 $;2925,68 $;0,09%;
01/10/2020;1;614,60 $;1084,32 $;1084,32 $;0,00 $;5,68 $;-11249,52 $;0,00 $;100,00%;1084,32 $;1084,32 $;0,00 $;1084,32 $;0,00 $;210,00;525,00 $;1525,00 $;440,68 $;0,09%;
05/10/2020;2;1763,24 $;1148,64 $;1149,32 $;-0,68 $;11,36 $;-10100,88 $;-0,68 $;50,00%;574,32 $;1149,32 $;-0,68 $;1149,32 $;-0,68 $;270,00;460,00 $;677,50 $;103,18 $;0,19%;
06/10/2020;1;-3622,44 $;-5385,68 $;0,00 $;-5385,68 $;5,68 $;-15486,56 $;-5385,68 $;0,00%;-5385,68 $;0,00 $;-5385,68 $;0,00 $;-5385,68 $;90,00;5575,00 $;965,00 $;6350,68 $;0,09%;
07/10/2020;1;-2468,12 $;1154,32 $;1154,32 $;0,00 $;5,68 $;-14332,24 $;0,00 $;100,00%;1154,32 $;1154,32 $;0,00 $;1154,32 $;0,00 $;210,00;20,00 $;1810,00 $;655,68 $;0,09%;
08/10/2020;1;-2613,80 $;-145,68 $;0,00 $;-145,68 $;5,68 $;-14477,92 $;-145,68 $;0,00%;-145,68 $;0,00 $;-145,68 $;0,00 $;-145,68 $;210,00;905,00 $;335,00 $;480,68 $;0,09%;
09/10/2020;1;-1544,48 $;1069,32 $;1069,32 $;0,00 $;5,68 $;-13408,60 $;0,00 $;100,00%;1069,32 $;1069,32 $;0,00 $;1069,32 $;0,00 $;210,00;190,00 $;1075,00 $;5,68 $;0,09%;
12/10/2020;1;654,84 $;2199,32 $;2199,32 $;0,00 $;5,68 $;-11209,28 $;0,00 $;100,00%;2199,32 $;2199,32 $;0,00 $;2199,32 $;0,00 $;240,00;55,00 $;3815,00 $;1615,68 $;0,09%;
13/10/2020;1;1344,16 $;689,32 $;689,32 $;0,00 $;5,68 $;-10519,96 $;0,00 $;100,00%;689,32 $;689,32 $;0,00 $;689,32 $;0,00 $;90,00;555,00 $;2000,00 $;1310,68 $;0,09%;
16/10/2020;1;-1466,52 $;-2810,68 $;0,00 $;-2810,68 $;5,68 $;-13330,64 $;-2810,68 $;0,00%;-2810,68 $;0,00 $;-2810,68 $;0,00 $;-2810,68 $;150,00;2870,00 $;530,00 $;3340,68 $;0,09%;
27/10/2020;1;-882,20 $;584,32 $;584,32 $;0,00 $;5,68 $;-12746,32 $;0,00 $;100,00%;584,32 $;584,32 $;0,00 $;584,32 $;0,00 $;210,00;445,00 $;1215,00 $;630,68 $;0,09%;
29/10/2020;1;-4352,88 $;-3470,68 $;0,00 $;-3470,68 $;5,68 $;-16217,00 $;-3470,68 $;0,00%;-3470,68 $;0,00 $;-3470,68 $;0,00 $;-3470,68 $;30,00;3960,00 $;400,00 $;3870,68 $;0,09%;
03/11/2020;1;-4648,56 $;-295,68 $;0,00 $;-295,68 $;5,68 $;-16512,68 $;-295,68 $;0,00%;-295,68 $;0,00 $;-295,68 $;0,00 $;-295,68 $;240,00;1840,00 $;665,00 $;960,68 $;0,09%;
04/11/2020;2;-4429,92 $;218,64 $;414,32 $;-195,68 $;11,36 $;-16708,36 $;-195,68 $;50,00%;109,32 $;414,32 $;-195,68 $;414,32 $;-195,68 $;240,00;240,00 $;1390,00 $;1280,68 $;0,19%;
05/11/2020;1;-2155,60 $;2274,32 $;2274,32 $;0,00 $;5,68 $;-14019,72 $;0,00 $;100,00%;2274,32 $;2274,32 $;0,00 $;2274,32 $;0,00 $;210,00;385,00 $;2360,00 $;85,68 $;0,09%;
06/11/2020;1;-1636,28 $;519,32 $;519,32 $;0,00 $;5,68 $;-13500,40 $;0,00 $;100,00%;519,32 $;519,32 $;0,00 $;519,32 $;0,00 $;240,00;225,00 $;1395,00 $;875,68 $;0,09%;
09/11/2020;1;-6546,96 $;-4910,68 $;0,00 $;-4910,68 $;5,68 $;-18411,08 $;-4910,68 $;0,00%;-4910,68 $;0,00 $;-4910,68 $;0,00 $;-4910,68 $;150,00;5590,00 $;370,00 $;5280,68 $;0,09%;
11/11/2020;1;-5927,64 $;619,32 $;619,32 $;0,00 $;5,68 $;-17791,76 $;0,00 $;100,00%;619,32 $;619,32 $;0,00 $;619,32 $;0,00 $;210,00;705,00 $;955,00 $;335,68 $;0,09%;
12/11/2020;1;-8208,32 $;-2280,68 $;0,00 $;-2280,68 $;5,68 $;-20072,44 $;-2280,68 $;0,00%;-2280,68 $;0,00 $;-2280,68 $;0,00 $;-2280,68 $;240,00;2780,00 $;30,00 $;2310,68 $;0,09%;
13/11/2020;1;-6844,00 $;1364,32 $;1364,32 $;0,00 $;5,68 $;-18708,12 $;0,00 $;100,00%;1364,32 $;1364,32 $;0,00 $;1364,32 $;0,00 $;240,00;360,00 $;1460,00 $;95,68 $;0,09%;
16/11/2020;1;-7274,68 $;-430,68 $;0,00 $;-430,68 $;5,68 $;-19138,80 $;-430,68 $;0,00%;-430,68 $;0,00 $;-430,68 $;0,00 $;-430,68 $;240,00;1300,00 $;220,00 $;650,68 $;0,09%;
17/11/2020;1;-8200,36 $;-925,68 $;0,00 $;-925,68 $;5,68 $;-20064,48 $;-925,68 $;0,00%;-925,68 $;0,00 $;-925,68 $;0,00 $;-925,68 $;90,00;1225,00 $;415,00 $;1340,68 $;0,09%;
18/11/2020;1;-10431,04 $;-2230,68 $;0,00 $;-2230,68 $;5,68 $;-22295,16 $;-2230,68 $;0,00%;-2230,68 $;0,00 $;-2230,68 $;0,00 $;-2230,68 $;150,00;2470,00 $;560,00 $;2790,68 $;0,09%;
19/11/2020;1;-10301,72 $;129,32 $;129,32 $;0,00 $;5,68 $;-22165,84 $;0,00 $;100,00%;129,32 $;129,32 $;0,00 $;129,32 $;0,00 $;90,00;25,00 $;840,00 $;710,68 $;0,09%;
20/11/2020;1;-11447,40 $;-1145,68 $;0,00 $;-1145,68 $;5,68 $;-23311,52 $;-1145,68 $;0,00%;-1145,68 $;0,00 $;-1145,68 $;0,00 $;-1145,68 $;240,00;1230,00 $;75,00 $;1220,68 $;0,09%;
24/11/2020;1;-10183,08 $;1264,32 $;1264,32 $;0,00 $;5,68 $;-22047,20 $;0,00 $;100,00%;1264,32 $;1264,32 $;0,00 $;1264,32 $;0,00 $;240,00;270,00 $;1600,00 $;335,68 $;0,09%;
25/11/2020;2;-9144,44 $;1038,64 $;1038,64 $;0,00 $;11,36 $;-21032,88 $;0,00 $;100,00%;519,32 $;519,32 $;0,00 $;1014,32 $;0,00 $;240,00;297,50 $;642,50 $;123,18 $;0,19%;
26/11/2020;1;-10010,12 $;-865,68 $;0,00 $;-865,68 $;5,68 $;-21874,24 $;-865,68 $;0,00%;-865,68 $;0,00 $;-865,68 $;0,00 $;-865,68 $;30,00;1395,00 $;55,00 $;920,68 $;0,09%;
27/11/2020;1;-10300,80 $;-290,68 $;0,00 $;-290,68 $;5,68 $;-22164,92 $;-290,68 $;0,00%;-290,68 $;0,00 $;-290,68 $;0,00 $;-290,68 $;45,00;1105,00 $;170,00 $;460,68 $;0,09%;
30/11/2020;1;-8981,48 $;1319,32 $;1319,32 $;0,00 $;5,68 $;-20845,60 $;0,00 $;100,00%;1319,32 $;1319,32 $;0,00 $;1319,32 $;0,00 $;90,00;275,00 $;1325,00 $;5,68 $;0,09%;
01/12/2020;1;-8622,16 $;359,32 $;359,32 $;0,00 $;5,68 $;-20486,28 $;0,00 $;100,00%;359,32 $;359,32 $;0,00 $;359,32 $;0,00 $;240,00;420,00 $;1650,00 $;1290,68 $;0,09%;
02/12/2020;1;-8627,84 $;-5,68 $;0,00 $;-5,68 $;5,68 $;-20491,96 $;-5,68 $;0,00%;-5,68 $;0,00 $;-5,68 $;0,00 $;-5,68 $;240,00;500,00 $;705,00 $;710,68 $;0,09%;
03/12/2020;1;-8293,52 $;334,32 $;334,32 $;0,00 $;5,68 $;-20157,64 $;0,00 $;100,00%;334,32 $;334,32 $;0,00 $;334,32 $;0,00 $;240,00;520,00 $;710,00 $;375,68 $;0,09%;
04/12/2020;1;-8439,20 $;-145,68 $;0,00 $;-145,68 $;5,68 $;-20303,32 $;-145,68 $;0,00%;-145,68 $;0,00 $;-145,68 $;0,00 $;-145,68 $;150,00;475,00 $;390,00 $;535,68 $;0,09%;
07/12/2020;2;-8970,56 $;-531,36 $;0,00 $;-531,36 $;11,36 $;-20834,68 $;-531,36 $;0,00%;-265,68 $;0,00 $;-265,68 $;0,00 $;-265,68 $;330,00;752,50 $;407,50 $;673,18 $;0,19%;
08/12/2020;1;-7881,24 $;1089,32 $;1089,32 $;0,00 $;5,68 $;-19745,36 $;0,00 $;100,00%;1089,32 $;1089,32 $;0,00 $;1089,32 $;0,00 $;210,00;45,00 $;1330,00 $;240,68 $;0,09%;
14/12/2020;1;-8226,92 $;-345,68 $;0,00 $;-345,68 $;5,68 $;-20091,04 $;-345,68 $;0,00%;-345,68 $;0,00 $;-345,68 $;0,00 $;-345,68 $;150,00;755,00 $;770,00 $;1115,68 $;0,09%;
15/12/2020;1;-6787,60 $;1439,32 $;1439,32 $;0,00 $;5,68 $;-18651,72 $;0,00 $;100,00%;1439,32 $;1439,32 $;0,00 $;1439,32 $;0,00 $;210,00;175,00 $;1625,00 $;185,68 $;0,09%;
16/12/2020;1;-6773,28 $;14,32 $;14,32 $;0,00 $;5,68 $;-18637,40 $;0,00 $;100,00%;14,32 $;14,32 $;0,00 $;14,32 $;0,00 $;0,00;120,00 $;290,00 $;275,68 $;0,09%;
17/12/2020;1;-6983,96 $;-210,68 $;0,00 $;-210,68 $;5,68 $;-18848,08 $;-210,68 $;0,00%;-210,68 $;0,00 $;-210,68 $;0,00 $;-210,68 $;240,00;1070,00 $;115,00 $;325,68 $;0,09%;
18/12/2020;1;-6034,64 $;949,32 $;949,32 $;0,00 $;5,68 $;-17898,76 $;0,00 $;100,00%;949,32 $;949,32 $;0,00 $;949,32 $;0,00 $;150,00;1815,00 $;1195,00 $;245,68 $;0,09%;
21/12/2020;1;-5670,32 $;364,32 $;364,32 $;0,00 $;5,68 $;-17534,44 $;0,00 $;100,00%;364,32 $;364,32 $;0,00 $;364,32 $;0,00 $;150,00;680,00 $;650,00 $;285,68 $;0,09%;
22/12/2020;1;-5576,00 $;94,32 $;94,32 $;0,00 $;5,68 $;-17440,12 $;0,00 $;100,00%;94,32 $;94,32 $;0,00 $;94,32 $;0,00 $;240,00;2250,00 $;580,00 $;485,68 $;0,09%;
28/12/2020;1;-5186,68 $;389,32 $;389,32 $;0,00 $;5,68 $;-17050,80 $;0,00 $;100,00%;389,32 $;389,32 $;0,00 $;389,32 $;0,00 $;240,00;305,00 $;680,00 $;290,68 $;0,09%;
29/12/2020;1;-4882,36 $;304,32 $;304,32 $;0,00 $;5,68 $;-16746,48 $;0,00 $;100,00%;304,32 $;304,32 $;0,00 $;304,32 $;0,00 $;210,00;670,00 $;460,00 $;155,68 $;0,09%;
30/12/2020;2;-5183,72 $;-301,36 $;89,32 $;-390,68 $;11,36 $;-17137,16 $;-390,68 $;50,00%;-150,68 $;89,32 $;-390,68 $;89,32 $;-390,68 $;270,00;342,50 $;317,50 $;468,18 $;0,19%;
31/12/2020;1;-5514,40 $;-330,68 $;0,00 $;-330,68 $;5,68 $;-17378,52 $;-330,68 $;0,00%;-330,68 $;0,00 $;-330,68 $;0,00 $;-330,68 $;240,00;1005,00 $;175,00 $;505,68 $;0,09%;
06/01/2021;1;-7850,08 $;-2335,68 $;0,00 $;-2335,68 $;5,68 $;-19714,20 $;-2335,68 $;0,00%;-2335,68 $;0,00 $;-2335,68 $;0,00 $;-2335,68 $;240,00;3175,00 $;480,00 $;2815,68 $;0,09%;
07/01/2021;1;-6675,76 $;1174,32 $;1174,32 $;0,00 $;5,68 $;-18539,88 $;0,00 $;100,00%;1174,32 $;1174,32 $;0,00 $;1174,32 $;0,00 $;210,00;155,00 $;1640,00 $;465,68 $;0,09%;
08/01/2021;1;-5321,44 $;1354,32 $;1354,32 $;0,00 $;5,68 $;-17185,56 $;0,00 $;100,00%;1354,32 $;1354,32 $;0,00 $;1354,32 $;0,00 $;210,00;2380,00 $;1450,00 $;95,68 $;0,09%;
11/01/2021;1;-7417,12 $;-2095,68 $;0,00 $;-2095,68 $;5,68 $;-19281,24 $;-2095,68 $;0,00%;-2095,68 $;0,00 $;-2095,68 $;0,00 $;-2095,68 $;240,00;2115,00 $;705,00 $;2800,68 $;0,09%;
13/01/2021;1;-7607,80 $;-190,68 $;0,00 $;-190,68 $;5,68 $;-19471,92 $;-190,68 $;0,00%;-190,68 $;0,00 $;-190,68 $;0,00 $;-190,68 $;240,00;695,00 $;600,00 $;790,68 $;0,09%;
14/01/2021;1;-9063,48 $;-1455,68 $;0,00 $;-1455,68 $;5,68 $;-20927,60 $;-1455,68 $;0,00%;-1455,68 $;0,00 $;-1455,68 $;0,00 $;-1455,68 $;210,00;1860,00 $;215,00 $;1670,68 $;0,09%;
19/01/2021;1;-7774,16 $;1289,32 $;1289,32 $;0,00 $;5,68 $;-19638,28 $;0,00 $;100,00%;1289,32 $;1289,32 $;0,00 $;1289,32 $;0,00 $;150,00;130,00 $;1295,00 $;5,68 $;0,09%;
20/01/2021;1;-6439,84 $;1334,32 $;1334,32 $;0,00 $;5,68 $;-18303,96 $;0,00 $;100,00%;1334,32 $;1334,32 $;0,00 $;1334,32 $;0,00 $;240,00;245,00 $;1560,00 $;225,68 $;0,09%;
21/01/2021;1;-5900,52 $;539,32 $;539,32 $;0,00 $;5,68 $;-17764,64 $;0,00 $;100,00%;539,32 $;539,32 $;0,00 $;539,32 $;0,00 $;240,00;1195,00 $;675,00 $;135,68 $;0,09%;
22/01/2021;1;-5106,20 $;794,32 $;794,32 $;0,00 $;5,68 $;-16970,32 $;0,00 $;100,00%;794,32 $;794,32 $;0,00 $;794,32 $;0,00 $;240,00;195,00 $;875,00 $;80,68 $;0,09%;
25/01/2021;1;-4631,88 $;474,32 $;474,32 $;0,00 $;5,68 $;-16496,00 $;0,00 $;100,00%;474,32 $;474,32 $;0,00 $;474,32 $;0,00 $;150,00;1295,00 $;870,00 $;395,68 $;0,09%;
26/01/2021;1;-4217,56 $;414,32 $;414,32 $;0,00 $;5,68 $;-16081,68 $;0,00 $;100,00%;414,32 $;414,32 $;0,00 $;414,32 $;0,00 $;240,00;545,00 $;615,00 $;200,68 $;0,09%;
28/01/2021;1;-8133,24 $;-3915,68 $;0,00 $;-3915,68 $;5,68 $;-19997,36 $;-3915,68 $;0,00%;-3915,68 $;0,00 $;-3915,68 $;0,00 $;-3915,68 $;90,00;4485,00 $;50,00 $;3965,68 $;0,09%;
01/02/2021;1;-8593,92 $;-460,68 $;0,00 $;-460,68 $;5,68 $;-20458,04 $;-460,68 $;0,00%;-460,68 $;0,00 $;-460,68 $;0,00 $;-460,68 $;90,00;1035,00 $;225,00 $;685,68 $;0,09%;
02/02/2021;1;-8069,60 $;524,32 $;524,32 $;0,00 $;5,68 $;-19933,72 $;0,00 $;100,00%;524,32 $;524,32 $;0,00 $;524,32 $;0,00 $;90,00;1270,00 $;765,00 $;240,68 $;0,09%;
03/02/2021;1;-6305,28 $;1764,32 $;1764,32 $;0,00 $;5,68 $;-18169,40 $;0,00 $;100,00%;1764,32 $;1764,32 $;0,00 $;1764,32 $;0,00 $;240,00;120,00 $;2000,00 $;235,68 $;0,09%;
04/02/2021;1;-4370,96 $;1934,32 $;1934,32 $;0,00 $;5,68 $;-16235,08 $;0,00 $;100,00%;1934,32 $;1934,32 $;0,00 $;1934,32 $;0,00 $;210,00;0,00 $;2015,00 $;80,68 $;0,09%;
05/02/2021;2;-3962,32 $;408,64 $;469,32 $;-60,68 $;11,36 $;-15826,44 $;-60,68 $;50,00%;204,32 $;469,32 $;-60,68 $;469,32 $;-60,68 $;270,00;92,50 $;935,00 $;730,68 $;0,19%;
08/02/2021;2;-3768,68 $;193,64 $;193,64 $;0,00 $;11,36 $;-15677,12 $;0,00 $;100,00%;96,82 $;96,82 $;0,00 $;149,32 $;0,00 $;240,00;460,00 $;202,50 $;105,68 $;0,19%;
09/02/2021;1;-3329,36 $;439,32 $;439,32 $;0,00 $;5,68 $;-15193,48 $;0,00 $;100,00%;439,32 $;439,32 $;0,00 $;439,32 $;0,00 $;150,00;270,00 $;710,00 $;270,68 $;0,09%;
11/02/2021;2;-3935,72 $;-606,36 $;0,00 $;-606,36 $;11,36 $;-15799,84 $;-606,36 $;0,00%;-303,18 $;0,00 $;-303,18 $;0,00 $;-365,68 $;270,00;1140,00 $;210,00 $;513,18 $;0,19%;
12/02/2021;1;-3816,40 $;119,32 $;119,32 $;0,00 $;5,68 $;-15680,52 $;0,00 $;100,00%;119,32 $;119,32 $;0,00 $;119,32 $;0,00 $;240,00;670,00 $;230,00 $;110,68 $;0,09%;
15/02/2021;1;-3647,08 $;169,32 $;169,32 $;0,00 $;5,68 $;-15511,20 $;0,00 $;100,00%;169,32 $;169,32 $;0,00 $;169,32 $;0,00 $;0,00;55,00 $;300,00 $;130,68 $;0,09%;
16/02/2021;1;-3957,76 $;-310,68 $;0,00 $;-310,68 $;5,68 $;-15821,88 $;-310,68 $;0,00%;-310,68 $;0,00 $;-310,68 $;0,00 $;-310,68 $;240,00;1360,00 $;410,00 $;720,68 $;0,09%;
19/02/2021;1;-5898,44 $;-1940,68 $;0,00 $;-1940,68 $;5,68 $;-17762,56 $;-1940,68 $;0,00%;-1940,68 $;0,00 $;-1940,68 $;0,00 $;-1940,68 $;240,00;3160,00 $;140,00 $;2080,68 $;0,09%;
24/02/2021;1;-4264,12 $;1634,32 $;1634,32 $;0,00 $;5,68 $;-16128,24 $;0,00 $;100,00%;1634,32 $;1634,32 $;0,00 $;1634,32 $;0,00 $;150,00;475,00 $;2040,00 $;405,68 $;0,09%;
01/03/2021;1;-2489,80 $;1774,32 $;1774,32 $;0,00 $;5,68 $;-14353,92 $;0,00 $;100,00%;1774,32 $;1774,32 $;0,00 $;1774,32 $;0,00 $;210,00;665,00 $;1940,00 $;165,68 $;0,09%;
02/03/2021;1;-4080,48 $;-1590,68 $;0,00 $;-1590,68 $;5,68 $;-15944,60 $;-1590,68 $;0,00%;-1590,68 $;0,00 $;-1590,68 $;0,00 $;-1590,68 $;210,00;2155,00 $;1125,00 $;2715,68 $;0,09%;
08/03/2021;1;-9801,16 $;-5720,68 $;0,00 $;-5720,68 $;5,68 $;-21665,28 $;-5720,68 $;0,00%;-5720,68 $;0,00 $;-5720,68 $;0,00 $;-5720,68 $;240,00;5910,00 $;65,00 $;5785,68 $;0,09%;
09/03/2021;1;-10236,84 $;-435,68 $;0,00 $;-435,68 $;5,68 $;-22100,96 $;-435,68 $;0,00%;-435,68 $;0,00 $;-435,68 $;0,00 $;-435,68 $;90,00;825,00 $;1160,00 $;1595,68 $;0,09%;
10/03/2021;1;-10377,52 $;-140,68 $;0,00 $;-140,68 $;5,68 $;-22241,64 $;-140,68 $;0,00%;-140,68 $;0,00 $;-140,68 $;0,00 $;-140,68 $;210,00;1265,00 $;1170,00 $;1310,68 $;0,09%;
11/03/2021;1;-10803,20 $;-425,68 $;0,00 $;-425,68 $;5,68 $;-22667,32 $;-425,68 $;0,00%;-425,68 $;0,00 $;-425,68 $;0,00 $;-425,68 $;210,00;720,00 $;875,00 $;1300,68 $;0,09%;
12/03/2021;1;-10163,88 $;639,32 $;639,32 $;0,00 $;5,68 $;-22028,00 $;0,00 $;100,00%;639,32 $;639,32 $;0,00 $;639,32 $;0,00 $;210,00;990,00 $;865,00 $;225,68 $;0,09%;
15/03/2021;1;-7499,56 $;2664,32 $;2664,32 $;0,00 $;5,68 $;-19363,68 $;0,00 $;100,00%;2664,32 $;2664,32 $;0,00 $;2664,32 $;0,00 $;210,00;145,00 $;3095,00 $;430,68 $;0,09%;
16/03/2021;1;-8830,24 $;-1330,68 $;0,00 $;-1330,68 $;5,68 $;-20694,36 $;-1330,68 $;0,00%;-1330,68 $;0,00 $;-1330,68 $;0,00 $;-1330,68 $;150,00;2845,00 $;60,00 $;1390,68 $;0,09%;
17/03/2021;1;-7045,92 $;1784,32 $;1784,32 $;0,00 $;5,68 $;-18910,04 $;0,00 $;100,00%;1784,32 $;1784,32 $;0,00 $;1784,32 $;0,00 $;90,00;320,00 $;3810,00 $;2025,68 $;0,09%;
22/03/2021;1;-8156,60 $;-1110,68 $;0,00 $;-1110,68 $;5,68 $;-20020,72 $;-1110,68 $;0,00%;-1110,68 $;0,00 $;-1110,68 $;0,00 $;-1110,68 $;210,00;1335,00 $;485,00 $;1595,68 $;0,09%;
26/03/2021;1;-6212,28 $;1944,32 $;1944,32 $;0,00 $;5,68 $;-18076,40 $;0,00 $;100,00%;1944,32 $;1944,32 $;0,00 $;1944,32 $;0,00 $;150,00;3210,00 $;2540,00 $;595,68 $;0,09%;
29/03/2021;1;-6187,96 $;24,32 $;24,32 $;0,00 $;5,68 $;-18052,08 $;0,00 $;100,00%;24,32 $;24,32 $;0,00 $;24,32 $;0,00 $;150,00;1545,00 $;805,00 $;780,68 $;0,09%;
30/03/2021;1;-6243,64 $;-55,68 $;0,00 $;-55,68 $;5,68 $;-18107,76 $;-55,68 $;0,00%;-55,68 $;0,00 $;-55,68 $;0,00 $;-55,68 $;0,00;225,00 $;40,00 $;95,68 $;0,09%;
31/03/2021;1;-5734,32 $;509,32 $;509,32 $;0,00 $;5,68 $;-17598,44 $;0,00 $;100,00%;509,32 $;509,32 $;0,00 $;509,32 $;0,00 $;240,00;225,00 $;1135,00 $;625,68 $;0,09%;
01/04/2021;1;-5280,00 $;454,32 $;454,32 $;0,00 $;5,68 $;-17144,12 $;0,00 $;100,00%;454,32 $;454,32 $;0,00 $;454,32 $;0,00 $;210,00;755,00 $;595,00 $;140,68 $;0,09%;
05/04/2021;1;-4215,68 $;1064,32 $;1064,32 $;0,00 $;5,68 $;-16079,80 $;0,00 $;100,00%;1064,32 $;1064,32 $;0,00 $;1064,32 $;0,00 $;240,00;105,00 $;1790,00 $;725,68 $;0,09%;
06/04/2021;2;-4777,04 $;-561,36 $;109,32 $;-670,68 $;11,36 $;-16750,48 $;-670,68 $;50,00%;-280,68 $;109,32 $;-670,68 $;109,32 $;-670,68 $;270,00;932,50 $;297,50 $;578,18 $;0,19%;
07/04/2021;1;-4932,72 $;-155,68 $;0,00 $;-155,68 $;5,68 $;-16796,84 $;-155,68 $;0,00%;-155,68 $;0,00 $;-155,68 $;0,00 $;-155,68 $;240,00;685,00 $;920,00 $;1075,68 $;0,09%;
08/04/2021;1;-4943,40 $;-10,68 $;0,00 $;-10,68 $;5,68 $;-16807,52 $;-10,68 $;0,00%;-10,68 $;0,00 $;-10,68 $;0,00 $;-10,68 $;240,00;310,00 $;430,00 $;440,68 $;0,09%;
09/04/2021;1;-3459,08 $;1484,32 $;1484,32 $;0,00 $;5,68 $;-15323,20 $;0,00 $;100,00%;1484,32 $;1484,32 $;0,00 $;1484,32 $;0,00 $;240,00;110,00 $;1490,00 $;5,68 $;0,09%;
12/04/2021;1;-3344,76 $;114,32 $;114,32 $;0,00 $;5,68 $;-15208,88 $;0,00 $;100,00%;114,32 $;114,32 $;0,00 $;114,32 $;0,00 $;240,00;595,00 $;895,00 $;780,68 $;0,09%;
13/04/2021;1;-1720,44 $;1624,32 $;1624,32 $;0,00 $;5,68 $;-13584,56 $;0,00 $;100,00%;1624,32 $;1624,32 $;0,00 $;1624,32 $;0,00 $;240,00;530,00 $;1670,00 $;45,68 $;0,09%;
14/04/2021;1;-3026,12 $;-1305,68 $;0,00 $;-1305,68 $;5,68 $;-14890,24 $;-1305,68 $;0,00%;-1305,68 $;0,00 $;-1305,68 $;0,00 $;-1305,68 $;210,00;2310,00 $;590,00 $;1895,68 $;0,09%;
15/04/2021;1;-2726,80 $;299,32 $;299,32 $;0,00 $;5,68 $;-14590,92 $;0,00 $;100,00%;299,32 $;299,32 $;0,00 $;299,32 $;0,00 $;240,00;550,00 $;1070,00 $;770,68 $;0,09%;
16/04/2021;1;-1962,48 $;764,32 $;764,32 $;0,00 $;5,68 $;-13826,60 $;0,00 $;100,00%;764,32 $;764,32 $;0,00 $;764,32 $;0,00 $;240,00;65,00 $;920,00 $;155,68 $;0,09%;
21/04/2021;1;-1463,16 $;499,32 $;499,32 $;0,00 $;5,68 $;-13327,28 $;0,00 $;100,00%;499,32 $;499,32 $;0,00 $;499,32 $;0,00 $;240,00;290,00 $;585,00 $;85,68 $;0,09%;
22/04/2021;1;-4848,84 $;-3385,68 $;0,00 $;-3385,68 $;5,68 $;-16712,96 $;-3385,68 $;0,00%;-3385,68 $;0,00 $;-3385,68 $;0,00 $;-3385,68 $;210,00;4465,00 $;335,00 $;3720,68 $;0,09%;
23/04/2021;1;-4999,52 $;-150,68 $;0,00 $;-150,68 $;5,68 $;-16863,64 $;-150,68 $;0,00%;-150,68 $;0,00 $;-150,68 $;0,00 $;-150,68 $;210,00;275,00 $;1155,00 $;1305,68 $;0,09%;
26/04/2021;1;-4340,20 $;659,32 $;659,32 $;0,00 $;5,68 $;-16204,32 $;0,00 $;100,00%;659,32 $;659,32 $;0,00 $;659,32 $;0,00 $;210,00;65,00 $;1390,00 $;730,68 $;0,09%;
27/04/2021;1;-4200,88 $;139,32 $;139,32 $;0,00 $;5,68 $;-16065,00 $;0,00 $;100,00%;139,32 $;139,32 $;0,00 $;139,32 $;0,00 $;240,00;315,00 $;580,00 $;440,68 $;0,09%;
29/04/2021;1;-4181,56 $;19,32 $;19,32 $;0,00 $;5,68 $;-16045,68 $;0,00 $;100,00%;19,32 $;19,32 $;0,00 $;19,32 $;0,00 $;0,00;120,00 $;195,00 $;175,68 $;0,09%;
06/05/2021;1;-4017,24 $;164,32 $;164,32 $;0,00 $;5,68 $;-15881,36 $;0,00 $;100,00%;164,32 $;164,32 $;0,00 $;164,32 $;0,00 $;0,00;105,00 $;250,00 $;85,68 $;0,09%;
07/05/2021;2;-5348,60 $;-1331,36 $;0,00 $;-1331,36 $;11,36 $;-17212,72 $;-1331,36 $;0,00%;-665,68 $;0,00 $;-665,68 $;0,00 $;-1285,68 $;270,00;1342,50 $;142,50 $;808,18 $;0,19%;
14/05/2021;1;-3944,28 $;1404,32 $;1404,32 $;0,00 $;5,68 $;-15808,40 $;0,00 $;100,00%;1404,32 $;1404,32 $;0,00 $;1404,32 $;0,00 $;240,00;135,00 $;1870,00 $;465,68 $;0,09%;
18/05/2021;1;-7499,96 $;-3555,68 $;0,00 $;-3555,68 $;5,68 $;-19364,08 $;-3555,68 $;0,00%;-3555,68 $;0,00 $;-3555,68 $;0,00 $;-3555,68 $;150,00;3755,00 $;50,00 $;3605,68 $;0,09%;
20/05/2021;2;-6526,32 $;973,64 $;1044,32 $;-70,68 $;11,36 $;-18390,44 $;-70,68 $;50,00%;486,82 $;1044,32 $;-70,68 $;1044,32 $;-70,68 $;270,00;327,50 $;665,00 $;178,18 $;0,19%;
21/05/2021;1;-6832,00 $;-305,68 $;0,00 $;-305,68 $;5,68 $;-18696,12 $;-305,68 $;0,00%;-305,68 $;0,00 $;-305,68 $;0,00 $;-305,68 $;210,00;590,00 $;750,00 $;1055,68 $;0,09%;
24/05/2021;1;-6317,68 $;514,32 $;514,32 $;0,00 $;5,68 $;-18181,80 $;0,00 $;100,00%;514,32 $;514,32 $;0,00 $;514,32 $;0,00 $;240,00;310,00 $;830,00 $;315,68 $;0,09%;
25/05/2021;1;-5968,36 $;349,32 $;349,32 $;0,00 $;5,68 $;-17832,48 $;0,00 $;100,00%;349,32 $;349,32 $;0,00 $;349,32 $;0,00 $;240,00;530,00 $;585,00 $;235,68 $;0,09%;
26/05/2021;2;-5844,72 $;123,64 $;149,32 $;-25,68 $;11,36 $;-17708,84 $;-25,68 $;50,00%;61,82 $;149,32 $;-25,68 $;149,32 $;-25,68 $;330,00;250,00 $;335,00 $;273,18 $;0,19%;
27/05/2021;1;-6525,40 $;-680,68 $;0,00 $;-680,68 $;5,68 $;-18389,52 $;-680,68 $;0,00%;-680,68 $;0,00 $;-680,68 $;0,00 $;-680,68 $;240,00;885,00 $;450,00 $;1130,68 $;0,09%;
28/05/2021;1;-6551,08 $;-25,68 $;0,00 $;-25,68 $;5,68 $;-18415,20 $;-25,68 $;0,00%;-25,68 $;0,00 $;-25,68 $;0,00 $;-25,68 $;240,00;355,00 $;780,00 $;805,68 $;0,09%;
02/06/2021;1;-7686,76 $;-1135,68 $;0,00 $;-1135,68 $;5,68 $;-19550,88 $;-1135,68 $;0,00%;-1135,68 $;0,00 $;-1135,68 $;0,00 $;-1135,68 $;240,00;1875,00 $;180,00 $;1315,68 $;0,09%;
07/06/2021;1;-6162,44 $;1524,32 $;1524,32 $;0,00 $;5,68 $;-18026,56 $;0,00 $;100,00%;1524,32 $;1524,32 $;0,00 $;1524,32 $;0,00 $;240,00;150,00 $;1680,00 $;155,68 $;0,09%;
08/06/2021;1;-5178,12 $;984,32 $;984,32 $;0,00 $;5,68 $;-17042,24 $;0,00 $;100,00%;984,32 $;984,32 $;0,00 $;984,32 $;0,00 $;240,00;340,00 $;1360,00 $;375,68 $;0,09%;
09/06/2021;1;-5378,80 $;-200,68 $;0,00 $;-200,68 $;5,68 $;-17242,92 $;-200,68 $;0,00%;-200,68 $;0,00 $;-200,68 $;0,00 $;-200,68 $;30,00;255,00 $;170,00 $;370,68 $;0,09%;
10/06/2021;1;-4574,48 $;804,32 $;804,32 $;0,00 $;5,68 $;-16438,60 $;0,00 $;100,00%;804,32 $;804,32 $;0,00 $;804,32 $;0,00 $;240,00;215,00 $;1085,00 $;280,68 $;0,09%;
11/06/2021;1;-4100,16 $;474,32 $;474,32 $;0,00 $;5,68 $;-15964,28 $;0,00 $;100,00%;474,32 $;474,32 $;0,00 $;474,32 $;0,00 $;30,00;120,00 $;555,00 $;80,68 $;0,09%;
14/06/2021;1;-3375,84 $;724,32 $;724,32 $;0,00 $;5,68 $;-15239,96 $;0,00 $;100,00%;724,32 $;724,32 $;0,00 $;724,32 $;0,00 $;240,00;290,00 $;765,00 $;40,68 $;0,09%;
15/06/2021;1;-4136,52 $;-760,68 $;0,00 $;-760,68 $;5,68 $;-16000,64 $;-760,68 $;0,00%;-760,68 $;0,00 $;-760,68 $;0,00 $;-760,68 $;240,00;995,00 $;310,00 $;1070,68 $;0,09%;
16/06/2021;1;-5257,20 $;-1120,68 $;0,00 $;-1120,68 $;5,68 $;-17121,32 $;-1120,68 $;0,00%;-1120,68 $;0,00 $;-1120,68 $;0,00 $;-1120,68 $;240,00;4390,00 $;60,00 $;1180,68 $;0,09%;
17/06/2021;1;-5282,88 $;-25,68 $;0,00 $;-25,68 $;5,68 $;-17147,00 $;-25,68 $;0,00%;-25,68 $;0,00 $;-25,68 $;0,00 $;-25,68 $;90,00;580,00 $;420,00 $;445,68 $;0,09%;
21/06/2021;2;-5179,24 $;103,64 $;103,64 $;0,00 $;11,36 $;-17072,68 $;0,00 $;100,00%;51,82 $;51,82 $;0,00 $;74,32 $;0,00 $;240,00;172,50 $;430,00 $;378,18 $;0,19%;
22/06/2021;1;-4139,92 $;1039,32 $;1039,32 $;0,00 $;5,68 $;-16004,04 $;0,00 $;100,00%;1039,32 $;1039,32 $;0,00 $;1039,32 $;0,00 $;150,00;140,00 $;1260,00 $;220,68 $;0,09%;
23/06/2021;1;-3730,60 $;409,32 $;409,32 $;0,00 $;5,68 $;-15594,72 $;0,00 $;100,00%;409,32 $;409,32 $;0,00 $;409,32 $;0,00 $;240,00;785,00 $;455,00 $;45,68 $;0,09%;
24/06/2021;1;-3831,28 $;-100,68 $;0,00 $;-100,68 $;5,68 $;-15695,40 $;-100,68 $;0,00%;-100,68 $;0,00 $;-100,68 $;0,00 $;-100,68 $;150,00;730,00 $;325,00 $;425,68 $;0,09%;
25/06/2021;1;-4096,96 $;-265,68 $;0,00 $;-265,68 $;5,68 $;-15961,08 $;-265,68 $;0,00%;-265,68 $;0,00 $;-265,68 $;0,00 $;-265,68 $;240,00;740,00 $;215,00 $;480,68 $;0,09%;
28/06/2021;1;-3397,64 $;699,32 $;699,32 $;0,00 $;5,68 $;-15261,76 $;0,00 $;100,00%;699,32 $;699,32 $;0,00 $;699,32 $;0,00 $;240,00;345,00 $;860,00 $;160,68 $;0,09%;
29/06/2021;1;-2548,32 $;849,32 $;849,32 $;0,00 $;5,68 $;-14412,44 $;0,00 $;100,00%;849,32 $;849,32 $;0,00 $;849,32 $;0,00 $;240,00;120,00 $;985,00 $;135,68 $;0,09%;
30/06/2021;1;-2159,00 $;389,32 $;389,32 $;0,00 $;5,68 $;-14023,12 $;0,00 $;100,00%;389,32 $;389,32 $;0,00 $;389,32 $;0,00 $;90,00;20,00 $;685,00 $;295,68 $;0,09%;
02/07/2021;1;-784,68 $;1374,32 $;1374,32 $;0,00 $;5,68 $;-12648,80 $;0,00 $;100,00%;1374,32 $;1374,32 $;0,00 $;1374,32 $;0,00 $;240,00;50,00 $;1430,00 $;55,68 $;0,09%;
05/07/2021;1;-835,36 $;-50,68 $;0,00 $;-50,68 $;5,68 $;-12699,48 $;-50,68 $;0,00%;-50,68 $;0,00 $;-50,68 $;0,00 $;-50,68 $;0,00;125,00 $;15,00 $;65,68 $;0,09%;
06/07/2021;1;1328,96 $;2164,32 $;2164,32 $;0,00 $;5,68 $;-10535,16 $;0,00 $;100,00%;2164,32 $;2164,32 $;0,00 $;2164,32 $;0,00 $;210,00;390,00 $;2430,00 $;265,68 $;0,09%;
07/07/2021;1;1473,28 $;144,32 $;144,32 $;0,00 $;5,68 $;-10390,84 $;0,00 $;100,00%;144,32 $;144,32 $;0,00 $;144,32 $;0,00 $;210,00;485,00 $;655,00 $;510,68 $;0,09%;
09/07/2021;1;1617,60 $;144,32 $;144,32 $;0,00 $;5,68 $;-10246,52 $;0,00 $;100,00%;144,32 $;144,32 $;0,00 $;144,32 $;0,00 $;150,00;200,00 $;425,00 $;280,68 $;0,09%;
12/07/2021;1;2296,92 $;679,32 $;679,32 $;0,00 $;5,68 $;-9567,20 $;0,00 $;100,00%;679,32 $;679,32 $;0,00 $;679,32 $;0,00 $;240,00;120,00 $;740,00 $;60,68 $;0,09%;
13/07/2021;1;16,24 $;-2280,68 $;0,00 $;-2280,68 $;5,68 $;-11847,88 $;-2280,68 $;0,00%;-2280,68 $;0,00 $;-2280,68 $;0,00 $;-2280,68 $;240,00;3120,00 $;105,00 $;2385,68 $;0,09%;
14/07/2021;1;-404,44 $;-420,68 $;0,00 $;-420,68 $;5,68 $;-12268,56 $;-420,68 $;0,00%;-420,68 $;0,00 $;-420,68 $;0,00 $;-420,68 $;210,00;845,00 $;480,00 $;900,68 $;0,09%;
20/07/2021;1;1854,88 $;2259,32 $;2259,32 $;0,00 $;5,68 $;-10009,24 $;0,00 $;100,00%;2259,32 $;2259,32 $;0,00 $;2259,32 $;0,00 $;240,00;70,00 $;2410,00 $;150,68 $;0,09%;
21/07/2021;2;2448,52 $;593,64 $;593,64 $;0,00 $;11,36 $;-9624,92 $;0,00 $;100,00%;296,82 $;296,82 $;0,00 $;384,32 $;0,00 $;240,00;397,50 $;435,00 $;138,18 $;0,19%;
22/07/2021;1;3427,84 $;979,32 $;979,32 $;0,00 $;5,68 $;-8436,28 $;0,00 $;100,00%;979,32 $;979,32 $;0,00 $;979,32 $;0,00 $;30,00;370,00 $;1100,00 $;120,68 $;0,09%;
23/07/2021;1;3992,16 $;564,32 $;564,32 $;0,00 $;5,68 $;-7871,96 $;0,00 $;100,00%;564,32 $;564,32 $;0,00 $;564,32 $;0,00 $;210,00;110,00 $;965,00 $;400,68 $;0,09%;
26/07/2021;1;4311,48 $;319,32 $;319,32 $;0,00 $;5,68 $;-7552,64 $;0,00 $;100,00%;319,32 $;319,32 $;0,00 $;319,32 $;0,00 $;240,00;450,00 $;555,00 $;235,68 $;0,09%;
28/07/2021;1;3495,80 $;-815,68 $;0,00 $;-815,68 $;5,68 $;-8368,32 $;-815,68 $;0,00%;-815,68 $;0,00 $;-815,68 $;0,00 $;-815,68 $;210,00;1930,00 $;455,00 $;1270,68 $;0,09%;
29/07/2021;1;2775,12 $;-720,68 $;0,00 $;-720,68 $;5,68 $;-9089,00 $;-720,68 $;0,00%;-720,68 $;0,00 $;-720,68 $;0,00 $;-720,68 $;240,00;735,00 $;195,00 $;915,68 $;0,09%;
02/08/2021;1;2324,44 $;-450,68 $;0,00 $;-450,68 $;5,68 $;-9539,68 $;-450,68 $;0,00%;-450,68 $;0,00 $;-450,68 $;0,00 $;-450,68 $;240,00;945,00 $;855,00 $;1305,68 $;0,09%;
03/08/2021;1;2678,76 $;354,32 $;354,32 $;0,00 $;5,68 $;-9185,36 $;0,00 $;100,00%;354,32 $;354,32 $;0,00 $;354,32 $;0,00 $;150,00;450,00 $;660,00 $;305,68 $;0,09%;
04/08/2021;1;2548,08 $;-130,68 $;0,00 $;-130,68 $;5,68 $;-9316,04 $;-130,68 $;0,00%;-130,68 $;0,00 $;-130,68 $;0,00 $;-130,68 $;150,00;510,00 $;405,00 $;535,68 $;0,09%;
05/08/2021;1;2362,40 $;-185,68 $;0,00 $;-185,68 $;5,68 $;-9501,72 $;-185,68 $;0,00%;-185,68 $;0,00 $;-185,68 $;0,00 $;-185,68 $;240,00;320,00 $;220,00 $;405,68 $;0,09%;
09/08/2021;2;2596,04 $;233,64 $;264,32 $;-30,68 $;11,36 $;-9268,08 $;-30,68 $;50,00%;116,82 $;264,32 $;-30,68 $;264,32 $;-30,68 $;330,00;467,50 $;220,00 $;103,18 $;0,19%;
12/08/2021;1;3115,36 $;519,32 $;519,32 $;0,00 $;5,68 $;-8748,76 $;0,00 $;100,00%;519,32 $;519,32 $;0,00 $;519,32 $;0,00 $;210,00;290,00 $;860,00 $;340,68 $;0,09%;
13/08/2021;1;3094,68 $;-20,68 $;0,00 $;-20,68 $;5,68 $;-8769,44 $;-20,68 $;0,00%;-20,68 $;0,00 $;-20,68 $;0,00 $;-20,68 $;240,00;385,00 $;165,00 $;185,68 $;0,09%;
20/08/2021;1;3859,00 $;764,32 $;764,32 $;0,00 $;5,68 $;-8005,12 $;0,00 $;100,00%;764,32 $;764,32 $;0,00 $;764,32 $;0,00 $;210,00;155,00 $;900,00 $;135,68 $;0,09%;
23/08/2021;1;4243,32 $;384,32 $;384,32 $;0,00 $;5,68 $;-7620,80 $;0,00 $;100,00%;384,32 $;384,32 $;0,00 $;384,32 $;0,00 $;150,00;175,00 $;575,00 $;190,68 $;0,09%;
24/08/2021;2;4891,96 $;648,64 $;648,64 $;0,00 $;11,36 $;-7061,48 $;0,00 $;100,00%;324,32 $;324,32 $;0,00 $;559,32 $;0,00 $;240,00;157,50 $;365,00 $;40,68 $;0,19%;
25/08/2021;1;4991,28 $;99,32 $;99,32 $;0,00 $;5,68 $;-6872,84 $;0,00 $;100,00%;99,32 $;99,32 $;0,00 $;99,32 $;0,00 $;240,00;440,00 $;215,00 $;115,68 $;0,09%;
27/08/2021;1;6090,60 $;1099,32 $;1099,32 $;0,00 $;5,68 $;-5773,52 $;0,00 $;100,00%;1099,32 $;1099,32 $;0,00 $;1099,32 $;0,00 $;240,00;15,00 $;1225,00 $;125,68 $;0,09%;
30/08/2021;1;6749,92 $;659,32 $;659,32 $;0,00 $;5,68 $;-5114,20 $;0,00 $;100,00%;659,32 $;659,32 $;0,00 $;659,32 $;0,00 $;210,00;105,00 $;890,00 $;230,68 $;0,09%;
31/08/2021;1;6864,24 $;114,32 $;114,32 $;0,00 $;5,68 $;-4999,88 $;0,00 $;100,00%;114,32 $;114,32 $;0,00 $;114,32 $;0,00 $;240,00;150,00 $;770,00 $;655,68 $;0,09%;
01/09/2021;1;6158,56 $;-705,68 $;0,00 $;-705,68 $;5,68 $;-5705,56 $;-705,68 $;0,00%;-705,68 $;0,00 $;-705,68 $;0,00 $;-705,68 $;240,00;1065,00 $;225,00 $;930,68 $;0,09%;
02/09/2021;1;4842,88 $;-1315,68 $;0,00 $;-1315,68 $;5,68 $;-7021,24 $;-1315,68 $;0,00%;-1315,68 $;0,00 $;-1315,68 $;0,00 $;-1315,68 $;240,00;2000,00 $;75,00 $;1390,68 $;0,09%;
03/09/2021;1;4812,20 $;-30,68 $;0,00 $;-30,68 $;5,68 $;-7051,92 $;-30,68 $;0,00%;-30,68 $;0,00 $;-30,68 $;0,00 $;-30,68 $;150,00;325,00 $;270,00 $;300,68 $;0,09%;
06/09/2021;1;4826,52 $;14,32 $;14,32 $;0,00 $;5,68 $;-7037,60 $;0,00 $;100,00%;14,32 $;14,32 $;0,00 $;14,32 $;0,00 $;90,00;135,00 $;105,00 $;90,68 $;0,09%;
07/09/2021;1;4425,84 $;-400,68 $;0,00 $;-400,68 $;5,68 $;-7438,28 $;-400,68 $;0,00%;-400,68 $;0,00 $;-400,68 $;0,00 $;-400,68 $;150,00;710,00 $;180,00 $;580,68 $;0,09%;
09/09/2021;1;3005,16 $;-1420,68 $;0,00 $;-1420,68 $;5,68 $;-8858,96 $;-1420,68 $;0,00%;-1420,68 $;0,00 $;-1420,68 $;0,00 $;-1420,68 $;210,00;1655,00 $;205,00 $;1625,68 $;0,09%;
15/09/2021;1;3149,48 $;144,32 $;144,32 $;0,00 $;5,68 $;-8714,64 $;0,00 $;100,00%;144,32 $;144,32 $;0,00 $;144,32 $;0,00 $;0,00;35,00 $;190,00 $;45,68 $;0,09%;
16/09/2021;1;4418,80 $;1269,32 $;1269,32 $;0,00 $;5,68 $;-7445,32 $;0,00 $;100,00%;1269,32 $;1269,32 $;0,00 $;1269,32 $;0,00 $;150,00;330,00 $;1965,00 $;695,68 $;0,09%;
22/09/2021;1;5463,12 $;1044,32 $;1044,32 $;0,00 $;5,68 $;-6401,00 $;0,00 $;100,00%;1044,32 $;1044,32 $;0,00 $;1044,32 $;0,00 $;240,00;1000,00 $;1735,00 $;690,68 $;0,09%;
23/09/2021;1;5967,44 $;504,32 $;504,32 $;0,00 $;5,68 $;-5896,68 $;0,00 $;100,00%;504,32 $;504,32 $;0,00 $;504,32 $;0,00 $;240,00;340,00 $;1075,00 $;570,68 $;0,09%;
24/09/2021;1;6461,76 $;494,32 $;494,32 $;0,00 $;5,68 $;-5402,36 $;0,00 $;100,00%;494,32 $;494,32 $;0,00 $;494,32 $;0,00 $;150,00;695,00 $;805,00 $;310,68 $;0,09%;
05/10/2021;1;5281,08 $;-1180,68 $;0,00 $;-1180,68 $;5,68 $;-6583,04 $;-1180,68 $;0,00%;-1180,68 $;0,00 $;-1180,68 $;0,00 $;-1180,68 $;210,00;1265,00 $;810,00 $;1990,68 $;0,09%;
06/10/2021;1;7510,40 $;2229,32 $;2229,32 $;0,00 $;5,68 $;-4353,72 $;0,00 $;100,00%;2229,32 $;2229,32 $;0,00 $;2229,32 $;0,00 $;150,00;70,00 $;2325,00 $;95,68 $;0,09%;
07/10/2021;1;6859,72 $;-650,68 $;0,00 $;-650,68 $;5,68 $;-5004,40 $;-650,68 $;0,00%;-650,68 $;0,00 $;-650,68 $;0,00 $;-650,68 $;240,00;1085,00 $;685,00 $;1335,68 $;0,09%;
08/10/2021;1;6864,04 $;4,32 $;4,32 $;0,00 $;5,68 $;-5000,08 $;0,00 $;100,00%;4,32 $;4,32 $;0,00 $;4,32 $;0,00 $;240,00;1150,00 $;445,00 $;440,68 $;0,09%;
11/10/2021;1;4753,36 $;-2110,68 $;0,00 $;-2110,68 $;5,68 $;-7110,76 $;-2110,68 $;0,00%;-2110,68 $;0,00 $;-2110,68 $;0,00 $;-2110,68 $;240,00;2155,00 $;450,00 $;2560,68 $;0,09%;
13/10/2021;1;5497,68 $;744,32 $;744,32 $;0,00 $;5,68 $;-6366,44 $;0,00 $;100,00%;744,32 $;744,32 $;0,00 $;744,32 $;0,00 $;210,00;645,00 $;1345,00 $;600,68 $;0,09%;
14/10/2021;1;6382,00 $;884,32 $;884,32 $;0,00 $;5,68 $;-5482,12 $;0,00 $;100,00%;884,32 $;884,32 $;0,00 $;884,32 $;0,00 $;150,00;170,00 $;1020,00 $;135,68 $;0,09%;
15/10/2021;1;7401,32 $;1019,32 $;1019,32 $;0,00 $;5,68 $;-4462,80 $;0,00 $;100,00%;1019,32 $;1019,32 $;0,00 $;1019,32 $;0,00 $;210,00;200,00 $;1045,00 $;25,68 $;0,09%;
18/10/2021;1;8320,64 $;919,32 $;919,32 $;0,00 $;5,68 $;-3543,48 $;0,00 $;100,00%;919,32 $;919,32 $;0,00 $;919,32 $;0,00 $;150,00;85,00 $;1095,00 $;175,68 $;0,09%;
19/10/2021;1;8734,96 $;414,32 $;414,32 $;0,00 $;5,68 $;-3129,16 $;0,00 $;100,00%;414,32 $;414,32 $;0,00 $;414,32 $;0,00 $;240,00;200,00 $;625,00 $;210,68 $;0,09%;
20/10/2021;1;8099,28 $;-635,68 $;0,00 $;-635,68 $;5,68 $;-3764,84 $;-635,68 $;0,00%;-635,68 $;0,00 $;-635,68 $;0,00 $;-635,68 $;240,00;1610,00 $;450,00 $;1085,68 $;0,09%;
21/10/2021;1;7368,60 $;-730,68 $;0,00 $;-730,68 $;5,68 $;-4495,52 $;-730,68 $;0,00%;-730,68 $;0,00 $;-730,68 $;0,00 $;-730,68 $;210,00;760,00 $;1160,00 $;1890,68 $;0,09%;
25/10/2021;1;9517,92 $;2149,32 $;2149,32 $;0,00 $;5,68 $;-2346,20 $;0,00 $;100,00%;2149,32 $;2149,32 $;0,00 $;2149,32 $;0,00 $;240,00;430,00 $;2170,00 $;20,68 $;0,09%;
26/10/2021;1;8662,24 $;-855,68 $;0,00 $;-855,68 $;5,68 $;-3201,88 $;-855,68 $;0,00%;-855,68 $;0,00 $;-855,68 $;0,00 $;-855,68 $;90,00;965,00 $;580,00 $;1435,68 $;0,09%;
27/10/2021;1;6396,56 $;-2265,68 $;0,00 $;-2265,68 $;5,68 $;-5467,56 $;-2265,68 $;0,00%;-2265,68 $;0,00 $;-2265,68 $;0,00 $;-2265,68 $;150,00;2490,00 $;230,00 $;2495,68 $;0,09%;
28/10/2021;1;6375,88 $;-20,68 $;0,00 $;-20,68 $;5,68 $;-5488,24 $;-20,68 $;0,00%;-20,68 $;0,00 $;-20,68 $;0,00 $;-20,68 $;240,00;1045,00 $;395,00 $;415,68 $;0,09%;
29/10/2021;1;8325,20 $;1949,32 $;1949,32 $;0,00 $;5,68 $;-3538,92 $;0,00 $;100,00%;1949,32 $;1949,32 $;0,00 $;1949,32 $;0,00 $;90,00;150,00 $;1970,00 $;20,68 $;0,09%;
01/11/2021;1;8929,52 $;604,32 $;604,32 $;0,00 $;5,68 $;-2934,60 $;0,00 $;100,00%;604,32 $;604,32 $;0,00 $;604,32 $;0,00 $;210,00;1350,00 $;850,00 $;245,68 $;0,09%;
02/11/2021;1;9328,84 $;399,32 $;399,32 $;0,00 $;5,68 $;-2535,28 $;0,00 $;100,00%;399,32 $;399,32 $;0,00 $;399,32 $;0,00 $;210,00;685,00 $;785,00 $;385,68 $;0,09%;
03/11/2021;1;12298,16 $;2969,32 $;2969,32 $;0,00 $;5,68 $;0,00 $;0,00 $;100,00%;2969,32 $;2969,32 $;0,00 $;2969,32 $;0,00 $;210,00;440,00 $;3365,00 $;395,68 $;0,09%;
04/11/2021;1;12727,48 $;429,32 $;429,32 $;0,00 $;5,68 $;0,00 $;0,00 $;100,00%;429,32 $;429,32 $;0,00 $;429,32 $;0,00 $;150,00;465,00 $;1190,00 $;760,68 $;0,09%;
05/11/2021;1;11106,80 $;-1620,68 $;0,00 $;-1620,68 $;5,68 $;-1620,68 $;-1620,68 $;0,00%;-1620,68 $;0,00 $;-1620,68 $;0,00 $;-1620,68 $;210,00;2525,00 $;115,00 $;1735,68 $;0,09%;
08/11/2021;2;10985,44 $;-121,36 $;34,32 $;-155,68 $;11,36 $;-1776,36 $;-155,68 $;50,00%;-60,68 $;34,32 $;-155,68 $;34,32 $;-155,68 $;270,00;505,00 $;302,50 $;363,18 $;0,19%;
12/11/2021;1;11289,76 $;304,32 $;304,32 $;0,00 $;5,68 $;-1437,72 $;0,00 $;100,00%;304,32 $;304,32 $;0,00 $;304,32 $;0,00 $;240,00;520,00 $;360,00 $;55,68 $;0,09%;
15/11/2021;1;11354,08 $;64,32 $;64,32 $;0,00 $;5,68 $;-1373,40 $;0,00 $;100,00%;64,32 $;64,32 $;0,00 $;64,32 $;0,00 $;30,00;690,00 $;130,00 $;65,68 $;0,09%;
16/11/2021;1;11448,40 $;94,32 $;94,32 $;0,00 $;5,68 $;-1279,08 $;0,00 $;100,00%;94,32 $;94,32 $;0,00 $;94,32 $;0,00 $;240,00;405,00 $;515,00 $;420,68 $;0,09%;
17/11/2021;1;11387,72 $;-60,68 $;0,00 $;-60,68 $;5,68 $;-1339,76 $;-60,68 $;0,00%;-60,68 $;0,00 $;-60,68 $;0,00 $;-60,68 $;150,00;825,00 $;495,00 $;555,68 $;0,09%;
18/11/2021;1;13167,04 $;1779,32 $;1779,32 $;0,00 $;5,68 $;0,00 $;0,00 $;100,00%;1779,32 $;1779,32 $;0,00 $;1779,32 $;0,00 $;240,00;5,00 $;2080,00 $;300,68 $;0,09%;
19/11/2021;1;12621,36 $;-545,68 $;0,00 $;-545,68 $;5,68 $;-545,68 $;-545,68 $;0,00%;-545,68 $;0,00 $;-545,68 $;0,00 $;-545,68 $;210,00;1475,00 $;425,00 $;970,68 $;0,09%;
22/11/2021;1;11340,68 $;-1280,68 $;0,00 $;-1280,68 $;5,68 $;-1826,36 $;-1280,68 $;0,00%;-1280,68 $;0,00 $;-1280,68 $;0,00 $;-1280,68 $;240,00;3150,00 $;470,00 $;1750,68 $;0,09%;
24/11/2021;1;11320,00 $;-20,68 $;0,00 $;-20,68 $;5,68 $;-1847,04 $;-20,68 $;0,00%;-20,68 $;0,00 $;-20,68 $;0,00 $;-20,68 $;0,00;70,00 $;85,00 $;105,68 $;0,09%;
25/11/2021;1;11229,32 $;-90,68 $;0,00 $;-90,68 $;5,68 $;-1937,72 $;-90,68 $;0,00%;-90,68 $;0,00 $;-90,68 $;0,00 $;-90,68 $;0,00;190,00 $;75,00 $;165,68 $;0,09%;
29/11/2021;1;11638,64 $;409,32 $;409,32 $;0,00 $;5,68 $;-1528,40 $;0,00 $;100,00%;409,32 $;409,32 $;0,00 $;409,32 $;0,00 $;210,00;165,00 $;1070,00 $;660,68 $;0,09%;
30/11/2021;1;7242,96 $;-4395,68 $;0,00 $;-4395,68 $;5,68 $;-5924,08 $;-4395,68 $;0,00%;-4395,68 $;0,00 $;-4395,68 $;0,00 $;-4395,68 $;240,00;6895,00 $;470,00 $;4865,68 $;0,09%;
01/12/2021;1;-1307,72 $;-8550,68 $;0,00 $;-8550,68 $;5,68 $;-14474,76 $;-8550,68 $;0,00%;-8550,68 $;0,00 $;-8550,68 $;0,00 $;-8550,68 $;240,00;9310,00 $;255,00 $;8805,68 $;0,09%;
06/12/2021;1;-1718,40 $;-410,68 $;0,00 $;-410,68 $;5,68 $;-14885,44 $;-410,68 $;0,00%;-410,68 $;0,00 $;-410,68 $;0,00 $;-410,68 $;150,00;905,00 $;555,00 $;965,68 $;0,09%;
07/12/2021;2;-1804,76 $;-86,36 $;194,32 $;-280,68 $;11,36 $;-15166,12 $;-280,68 $;50,00%;-43,18 $;194,32 $;-280,68 $;194,32 $;-280,68 $;270,00;140,00 $;827,50 $;870,68 $;0,19%;
08/12/2021;2;-866,12 $;938,64 $;969,32 $;-30,68 $;11,36 $;-14033,16 $;-30,68 $;50,00%;469,32 $;969,32 $;-30,68 $;969,32 $;-30,68 $;270,00;372,50 $;642,50 $;173,18 $;0,19%;
09/12/2021;1;-3061,80 $;-2195,68 $;0,00 $;-2195,68 $;5,68 $;-16228,84 $;-2195,68 $;0,00%;-2195,68 $;0,00 $;-2195,68 $;0,00 $;-2195,68 $;150,00;2880,00 $;455,00 $;2650,68 $;0,09%;
10/12/2021;1;-1552,48 $;1509,32 $;1509,32 $;0,00 $;5,68 $;-14719,52 $;0,00 $;100,00%;1509,32 $;1509,32 $;0,00 $;1509,32 $;0,00 $;210,00;725,00 $;1855,00 $;345,68 $;0,09%;
15/12/2021;1;-1633,16 $;-80,68 $;0,00 $;-80,68 $;5,68 $;-14800,20 $;-80,68 $;0,00%;-80,68 $;0,00 $;-80,68 $;0,00 $;-80,68 $;0,00;190,00 $;35,00 $;115,68 $;0,09%;
21/12/2021;1;136,16 $;1769,32 $;1769,32 $;0,00 $;5,68 $;-13030,88 $;0,00 $;100,00%;1769,32 $;1769,32 $;0,00 $;1769,32 $;0,00 $;150,00;0,00 $;2040,00 $;270,68 $;0,09%;
22/12/2021;2;1059,80 $;923,64 $;923,64 $;0,00 $;11,36 $;-12151,56 $;0,00 $;100,00%;461,82 $;461,82 $;0,00 $;879,32 $;0,00 $;240,00;40,00 $;1437,50 $;975,68 $;0,19%;
23/12/2021;1;1424,12 $;364,32 $;364,32 $;0,00 $;5,68 $;-11742,92 $;0,00 $;100,00%;364,32 $;364,32 $;0,00 $;364,32 $;0,00 $;240,00;10,00 $;865,00 $;500,68 $;0,09%;
27/12/2021;1;1788,44 $;364,32 $;364,32 $;0,00 $;5,68 $;-11378,60 $;0,00 $;100,00%;364,32 $;364,32 $;0,00 $;364,32 $;0,00 $;240,00;400,00 $;765,00 $;400,68 $;0,09%;
28/12/2021;1;2027,76 $;239,32 $;239,32 $;0,00 $;5,68 $;-11139,28 $;0,00 $;100,00%;239,32 $;239,32 $;0,00 $;239,32 $;0,00 $;210,00;1125,00 $;410,00 $;170,68 $;0,09%;
29/12/2021;1;2777,08 $;749,32 $;749,32 $;0,00 $;5,68 $;-10389,96 $;0,00 $;100,00%;749,32 $;749,32 $;0,00 $;749,32 $;0,00 $;240,00;670,00 $;1100,00 $;350,68 $;0,09%;
30/12/2021;1;1771,40 $;-1005,68 $;0,00 $;-1005,68 $;5,68 $;-11395,64 $;-1005,68 $;0,00%;-1005,68 $;0,00 $;-1005,68 $;0,00 $;-1005,68 $;240,00;1095,00 $;275,00 $;1280,68 $;0,09%;
03/01/2022;1;2415,72 $;644,32 $;644,32 $;0,00 $;5,68 $;-10751,32 $;0,00 $;100,00%;644,32 $;644,32 $;0,00 $;644,32 $;0,00 $;90,00;260,00 $;895,00 $;250,68 $;0,09%;
10/01/2022;1;2370,04 $;-45,68 $;0,00 $;-45,68 $;5,68 $;-10797,00 $;-45,68 $;0,00%;-45,68 $;0,00 $;-45,68 $;0,00 $;-45,68 $;0,00;275,00 $;120,00 $;165,68 $;0,09%;
11/01/2022;1;3739,36 $;1369,32 $;1369,32 $;0,00 $;5,68 $;-9427,68 $;0,00 $;100,00%;1369,32 $;1369,32 $;0,00 $;1369,32 $;0,00 $;240,00;410,00 $;1750,00 $;380,68 $;0,09%;
12/01/2022;1;3833,68 $;94,32 $;94,32 $;0,00 $;5,68 $;-9333,36 $;0,00 $;100,00%;94,32 $;94,32 $;0,00 $;94,32 $;0,00 $;240,00;235,00 $;1705,00 $;1610,68 $;0,09%;
26/01/2022;1;-3047,00 $;-6880,68 $;0,00 $;-6880,68 $;5,68 $;-16214,04 $;-6880,68 $;0,00%;-6880,68 $;0,00 $;-6880,68 $;0,00 $;-6880,68 $;150,00;10365,00 $;2905,00 $;9785,68 $;0,09%;
28/01/2022;1;932,32 $;3979,32 $;3979,32 $;0,00 $;5,68 $;-12234,72 $;0,00 $;100,00%;3979,32 $;3979,32 $;0,00 $;3979,32 $;0,00 $;210,00;3300,00 $;4365,00 $;385,68 $;0,09%;
31/01/2022;2;2885,96 $;1953,64 $;1953,64 $;0,00 $;11,36 $;-10325,40 $;0,00 $;100,00%;976,82 $;976,82 $;0,00 $;1909,32 $;0,00 $;240,00;190,00 $;1627,50 $;650,68 $;0,19%;
01/02/2022;1;6310,28 $;3424,32 $;3424,32 $;0,00 $;5,68 $;-6856,76 $;0,00 $;100,00%;3424,32 $;3424,32 $;0,00 $;3424,32 $;0,00 $;30,00;380,00 $;3835,00 $;410,68 $;0,09%;
02/02/2022;1;2494,60 $;-3815,68 $;0,00 $;-3815,68 $;5,68 $;-10672,44 $;-3815,68 $;0,00%;-3815,68 $;0,00 $;-3815,68 $;0,00 $;-3815,68 $;150,00;4575,00 $;1985,00 $;5800,68 $;0,09%;
08/02/2022;1;3373,92 $;879,32 $;879,32 $;0,00 $;5,68 $;-9793,12 $;0,00 $;100,00%;879,32 $;879,32 $;0,00 $;879,32 $;0,00 $;210,00;1685,00 $;1520,00 $;640,68 $;0,09%;
09/02/2022;1;4698,24 $;1324,32 $;1324,32 $;0,00 $;5,68 $;-8468,80 $;0,00 $;100,00%;1324,32 $;1324,32 $;0,00 $;1324,32 $;0,00 $;240,00;605,00 $;1700,00 $;375,68 $;0,09%;
10/02/2022;1;1037,56 $;-3660,68 $;0,00 $;-3660,68 $;5,68 $;-12129,48 $;-3660,68 $;0,00%;-3660,68 $;0,00 $;-3660,68 $;0,00 $;-3660,68 $;240,00;4235,00 $;1470,00 $;5130,68 $;0,09%;
15/02/2022;1;3336,88 $;2299,32 $;2299,32 $;0,00 $;5,68 $;-9830,16 $;0,00 $;100,00%;2299,32 $;2299,32 $;0,00 $;2299,32 $;0,00 $;210,00;1015,00 $;2730,00 $;430,68 $;0,09%;
16/02/2022;1;2451,20 $;-885,68 $;0,00 $;-885,68 $;5,68 $;-10715,84 $;-885,68 $;0,00%;-885,68 $;0,00 $;-885,68 $;0,00 $;-885,68 $;30,00;1505,00 $;170,00 $;1055,68 $;0,09%;
24/02/2022;1;4420,52 $;1969,32 $;1969,32 $;0,00 $;5,68 $;-8746,52 $;0,00 $;100,00%;1969,32 $;1969,32 $;0,00 $;1969,32 $;0,00 $;30,00;55,00 $;3420,00 $;1450,68 $;0,09%;
25/02/2022;2;4564,16 $;143,64 $;249,32 $;-105,68 $;11,36 $;-8602,88 $;-105,68 $;50,00%;71,82 $;249,32 $;-105,68 $;249,32 $;-105,68 $;270,00;947,50 $;577,50 $;505,68 $;0,19%;
28/02/2022;2;1407,80 $;-3156,36 $;4,32 $;-3160,68 $;11,36 $;-11763,56 $;-3160,68 $;50,00%;-1578,18 $;4,32 $;-3160,68 $;4,32 $;-3160,68 $;270,00;2722,50 $;345,00 $;1923,18 $;0,19%;
02/03/2022;1;627,12 $;-780,68 $;0,00 $;-780,68 $;5,68 $;-12539,92 $;-780,68 $;0,00%;-780,68 $;0,00 $;-780,68 $;0,00 $;-780,68 $;90,00;1265,00 $;1090,00 $;1870,68 $;0,09%;
03/03/2022;1;-1168,56 $;-1795,68 $;0,00 $;-1795,68 $;5,68 $;-14335,60 $;-1795,68 $;0,00%;-1795,68 $;0,00 $;-1795,68 $;0,00 $;-1795,68 $;90,00;3860,00 $;0,00 $;1795,68 $;0,09%;
09/03/2022;1;15,76 $;1184,32 $;1184,32 $;0,00 $;5,68 $;-13151,28 $;0,00 $;100,00%;1184,32 $;1184,32 $;0,00 $;1184,32 $;0,00 $;210,00;295,00 $;2440,00 $;1255,68 $;0,09%;
15/03/2022;2;1634,40 $;1618,64 $;1619,32 $;-0,68 $;11,36 $;-11532,64 $;-0,68 $;50,00%;809,32 $;1619,32 $;-0,68 $;1619,32 $;-0,68 $;270,00;1002,50 $;1055,00 $;245,68 $;0,19%;
16/03/2022;2;-4131,96 $;-5766,36 $;74,32 $;-5840,68 $;11,36 $;-17373,32 $;-5840,68 $;50,00%;-2883,18 $;74,32 $;-5840,68 $;74,32 $;-5840,68 $;330,00;3080,00 $;750,00 $;3633,18 $;0,19%;
17/03/2022;1;-1402,64 $;2729,32 $;2729,32 $;0,00 $;5,68 $;-14569,68 $;0,00 $;100,00%;2729,32 $;2729,32 $;0,00 $;2729,32 $;0,00 $;240,00;770,00 $;3525,00 $;795,68 $;0,09%;
18/03/2022;2;1946,00 $;3348,64 $;3348,64 $;0,00 $;11,36 $;-11300,36 $;0,00 $;100,00%;1674,32 $;1674,32 $;0,00 $;3269,32 $;0,00 $;240,00;217,50 $;1782,50 $;108,18 $;0,19%;
21/03/2022;1;1565,32 $;-380,68 $;0,00 $;-380,68 $;5,68 $;-11601,72 $;-380,68 $;0,00%;-380,68 $;0,00 $;-380,68 $;0,00 $;-380,68 $;210,00;4460,00 $;35,00 $;415,68 $;0,09%;
22/03/2022;2;888,96 $;-676,36 $;0,00 $;-676,36 $;11,36 $;-12278,08 $;-676,36 $;0,00%;-338,18 $;0,00 $;-338,18 $;0,00 $;-640,68 $;270,00;1060,00 $;165,00 $;503,18 $;0,19%;
23/03/2022;1;-1661,72 $;-2550,68 $;0,00 $;-2550,68 $;5,68 $;-14828,76 $;-2550,68 $;0,00%;-2550,68 $;0,00 $;-2550,68 $;0,00 $;-2550,68 $;240,00;3280,00 $;1080,00 $;3630,68 $;0,09%;
24/03/2022;1;1597,60 $;3259,32 $;3259,32 $;0,00 $;5,68 $;-11569,44 $;0,00 $;100,00%;3259,32 $;3259,32 $;0,00 $;3259,32 $;0,00 $;210,00;405,00 $;3330,00 $;70,68 $;0,09%;
28/03/2022;2;3941,24 $;2343,64 $;2344,32 $;-0,68 $;11,36 $;-9225,80 $;-0,68 $;50,00%;1171,82 $;2344,32 $;-0,68 $;2344,32 $;-0,68 $;270,00;1292,50 $;1260,00 $;88,18 $;0,19%;
29/03/2022;1;5990,56 $;2049,32 $;2049,32 $;0,00 $;5,68 $;-7176,48 $;0,00 $;100,00%;2049,32 $;2049,32 $;0,00 $;2049,32 $;0,00 $;210,00;875,00 $;2920,00 $;870,68 $;0,09%;
30/03/2022;1;4329,88 $;-1660,68 $;0,00 $;-1660,68 $;5,68 $;-8837,16 $;-1660,68 $;0,00%;-1660,68 $;0,00 $;-1660,68 $;0,00 $;-1660,68 $;240,00;2115,00 $;1575,00 $;3235,68 $;0,09%;
04/04/2022;1;5184,20 $;854,32 $;854,32 $;0,00 $;5,68 $;-7982,84 $;0,00 $;100,00%;854,32 $;854,32 $;0,00 $;854,32 $;0,00 $;210,00;1060,00 $;1060,00 $;205,68 $;0,09%;
13/04/2022;2;6817,84 $;1633,64 $;1729,32 $;-95,68 $;11,36 $;-6349,20 $;-95,68 $;50,00%;816,82 $;1729,32 $;-95,68 $;1729,32 $;-95,68 $;270,00;372,50 $;930,00 $;113,18 $;0,19%;
19/04/2022;1;7842,16 $;1024,32 $;1024,32 $;0,00 $;5,68 $;-5324,88 $;0,00 $;100,00%;1024,32 $;1024,32 $;0,00 $;1024,32 $;0,00 $;240,00;1280,00 $;1235,00 $;210,68 $;0,09%;
28/04/2022;1;14391,48 $;6549,32 $;6549,32 $;0,00 $;5,68 $;0,00 $;0,00 $;100,00%;6549,32 $;6549,32 $;0,00 $;6549,32 $;0,00 $;240,00;1330,00 $;7325,00 $;775,68 $;0,09%;
02/05/2022;1;14590,80 $;199,32 $;199,32 $;0,00 $;5,68 $;0,00 $;0,00 $;100,00%;199,32 $;199,32 $;0,00 $;199,32 $;0,00 $;0,00;60,00 $;440,00 $;240,68 $;0,09%;
03/05/2022;1;15010,12 $;419,32 $;419,32 $;0,00 $;5,68 $;0,00 $;0,00 $;100,00%;419,32 $;419,32 $;0,00 $;419,32 $;0,00 $;0,00;170,00 $;445,00 $;25,68 $;0,09%;
04/05/2022;1;23779,44 $;8769,32 $;8769,32 $;0,00 $;5,68 $;0,00 $;0,00 $;100,00%;8769,32 $;8769,32 $;0,00 $;8769,32 $;0,00 $;210,00;2385,00 $;9945,00 $;1175,68 $;0,09%;
13/05/2022;1;25163,76 $;1384,32 $;1384,32 $;0,00 $;5,68 $;0,00 $;0,00 $;100,00%;1384,32 $;1384,32 $;0,00 $;1384,32 $;0,00 $;240,00;2680,00 $;1560,00 $;175,68 $;0,09%;
16/05/2022;1;25478,08 $;314,32 $;314,32 $;0,00 $;5,68 $;0,00 $;0,00 $;100,00%;314,32 $;314,32 $;0,00 $;314,32 $;0,00 $;240,00;3520,00 $;345,00 $;30,68 $;0,09%;
17/05/2022;2;27896,72 $;2418,64 $;2449,32 $;-30,68 $;11,36 $;-30,68 $;-30,68 $;50,00%;1209,32 $;2449,32 $;-30,68 $;2449,32 $;-30,68 $;270,00;735,00 $;1360,00 $;150,68 $;0,19%;
23/05/2022;2;28670,36 $;773,64 $;773,64 $;0,00 $;11,36 $;0,00 $;0,00 $;100,00%;386,82 $;386,82 $;0,00 $;684,32 $;0,00 $;240,00;375,00 $;1082,50 $;695,68 $;0,19%;
25/05/2022;1;31069,68 $;2399,32 $;2399,32 $;0,00 $;5,68 $;0,00 $;0,00 $;100,00%;2399,32 $;2399,32 $;0,00 $;2399,32 $;0,00 $;240,00;2005,00 $;3305,00 $;905,68 $;0,09%;
26/05/2022;1;32074,00 $;1004,32 $;1004,32 $;0,00 $;5,68 $;0,00 $;0,00 $;100,00%;1004,32 $;1004,32 $;0,00 $;1004,32 $;0,00 $;240,00;465,00 $;2750,00 $;1745,68 $;0,09%;
27/05/2022;2;34002,64 $;1928,64 $;1928,64 $;0,00 $;11,36 $;0,00 $;0,00 $;100,00%;964,32 $;964,32 $;0,00 $;1779,32 $;0,00 $;240,00;87,50 $;1060,00 $;95,68 $;0,19%;
30/05/2022;1;34931,96 $;929,32 $;929,32 $;0,00 $;5,68 $;0,00 $;0,00 $;100,00%;929,32 $;929,32 $;0,00 $;929,32 $;0,00 $;90,00;255,00 $;1450,00 $;520,68 $;0,09%;
31/05/2022;1;33946,28 $;-985,68 $;0,00 $;-985,68 $;5,68 $;-985,68 $;-985,68 $;0,00%;-985,68 $;0,00 $;-985,68 $;0,00 $;-985,68 $;210,00;2055,00 $;1280,00 $;2265,68 $;0,09%;
01/06/2022;1;32455,60 $;-1490,68 $;0,00 $;-1490,68 $;5,68 $;-2476,36 $;-1490,68 $;0,00%;-1490,68 $;0,00 $;-1490,68 $;0,00 $;-1490,68 $;30,00;1940,00 $;490,00 $;1980,68 $;0,09%;
02/06/2022;1;34834,92 $;2379,32 $;2379,32 $;0,00 $;5,68 $;-97,04 $;0,00 $;100,00%;2379,32 $;2379,32 $;0,00 $;2379,32 $;0,00 $;210,00;135,00 $;2605,00 $;225,68 $;0,09%;
07/06/2022;1;35349,24 $;514,32 $;514,32 $;0,00 $;5,68 $;0,00 $;0,00 $;100,00%;514,32 $;514,32 $;0,00 $;514,32 $;0,00 $;150,00;380,00 $;1695,00 $;1180,68 $;0,09%;
08/06/2022;1;33913,56 $;-1435,68 $;0,00 $;-1435,68 $;5,68 $;-1435,68 $;-1435,68 $;0,00%;-1435,68 $;0,00 $;-1435,68 $;0,00 $;-1435,68 $;210,00;2205,00 $;5,00 $;1440,68 $;0,09%;
15/06/2022;1;34372,88 $;459,32 $;459,32 $;0,00 $;5,68 $;-976,36 $;0,00 $;100,00%;459,32 $;459,32 $;0,00 $;459,32 $;0,00 $;0,00;35,00 $;680,00 $;220,68 $;0,09%;
17/06/2022;1;33462,20 $;-910,68 $;0,00 $;-910,68 $;5,68 $;-1887,04 $;-910,68 $;0,00%;-910,68 $;0,00 $;-910,68 $;0,00 $;-910,68 $;90,00;1670,00 $;630,00 $;1540,68 $;0,09%;
20/06/2022;1;34001,52 $;539,32 $;539,32 $;0,00 $;5,68 $;-1347,72 $;0,00 $;100,00%;539,32 $;539,32 $;0,00 $;539,32 $;0,00 $;30,00;90,00 $;745,00 $;205,68 $;0,09%;
21/06/2022;2;33230,16 $;-771,36 $;0,00 $;-771,36 $;11,36 $;-2119,08 $;-771,36 $;0,00%;-385,68 $;0,00 $;-385,68 $;0,00 $;-765,68 $;270,00;745,00 $;195,00 $;580,68 $;0,19%;
22/06/2022;1;31704,48 $;-1525,68 $;0,00 $;-1525,68 $;5,68 $;-3644,76 $;-1525,68 $;0,00%;-1525,68 $;0,00 $;-1525,68 $;0,00 $;-1525,68 $;240,00;2210,00 $;810,00 $;2335,68 $;0,09%;
23/06/2022;1;32568,80 $;864,32 $;864,32 $;0,00 $;5,68 $;-2780,44 $;0,00 $;100,00%;864,32 $;864,32 $;0,00 $;864,32 $;0,00 $;90,00;55,00 $;2445,00 $;1580,68 $;0,09%;
24/06/2022;1;33573,12 $;1004,32 $;1004,32 $;0,00 $;5,68 $;-1776,12 $;0,00 $;100,00%;1004,32 $;1004,32 $;0,00 $;1004,32 $;0,00 $;240,00;500,00 $;1080,00 $;75,68 $;0,09%;
27/06/2022;1;33797,44 $;224,32 $;224,32 $;0,00 $;5,68 $;-1551,80 $;0,00 $;100,00%;224,32 $;224,32 $;0,00 $;224,32 $;0,00 $;210,00;1250,00 $;835,00 $;610,68 $;0,09%;
05/07/2022;1;35721,76 $;1924,32 $;1924,32 $;0,00 $;5,68 $;0,00 $;0,00 $;100,00%;1924,32 $;1924,32 $;0,00 $;1924,32 $;0,00 $;90,00;10,00 $;2015,00 $;90,68 $;0,09%;
06/07/2022;1;36176,08 $;454,32 $;454,32 $;0,00 $;5,68 $;0,00 $;0,00 $;100,00%;454,32 $;454,32 $;0,00 $;454,32 $;0,00 $;90,00;630,00 $;1895,00 $;1440,68 $;0,09%;
07/07/2022;1;38270,40 $;2094,32 $;2094,32 $;0,00 $;5,68 $;0,00 $;0,00 $;100,00%;2094,32 $;2094,32 $;0,00 $;2094,32 $;0,00 $;240,00;200,00 $;2630,00 $;535,68 $;0,09%;
08/07/2022;1;39809,72 $;1539,32 $;1539,32 $;0,00 $;5,68 $;0,00 $;0,00 $;100,00%;1539,32 $;1539,32 $;0,00 $;1539,32 $;0,00 $;210,00;990,00 $;2040,00 $;500,68 $;0,09%;
14/07/2022;1;39449,04 $;-360,68 $;0,00 $;-360,68 $;5,68 $;-360,68 $;-360,68 $;0,00%;-360,68 $;0,00 $;-360,68 $;0,00 $;-360,68 $;30,00;1260,00 $;200,00 $;560,68 $;0,09%;
15/07/2022;1;39518,36 $;69,32 $;69,32 $;0,00 $;5,68 $;-291,36 $;0,00 $;100,00%;69,32 $;69,32 $;0,00 $;69,32 $;0,00 $;240,00;885,00 $;495,00 $;425,68 $;0,09%;
18/07/2022;1;35102,68 $;-4415,68 $;0,00 $;-4415,68 $;5,68 $;-4707,04 $;-4415,68 $;0,00%;-4415,68 $;0,00 $;-4415,68 $;0,00 $;-4415,68 $;240,00;4455,00 $;890,00 $;5305,68 $;0,09%;
19/07/2022;1;36907,00 $;1804,32 $;1804,32 $;0,00 $;5,68 $;-2902,72 $;0,00 $;100,00%;1804,32 $;1804,32 $;0,00 $;1804,32 $;0,00 $;240,00;365,00 $;2210,00 $;405,68 $;0,09%;
20/07/2022;1;37196,32 $;289,32 $;289,32 $;0,00 $;5,68 $;-2613,40 $;0,00 $;100,00%;289,32 $;289,32 $;0,00 $;289,32 $;0,00 $;150,00;825,00 $;1755,00 $;1465,68 $;0,09%;
21/07/2022;2;40724,96 $;3528,64 $;4304,32 $;-775,68 $;11,36 $;-775,68 $;-775,68 $;50,00%;1764,32 $;4304,32 $;-775,68 $;4304,32 $;-775,68 $;330,00;812,50 $;2685,00 $;920,68 $;0,19%;
22/07/2022;1;36349,28 $;-4375,68 $;0,00 $;-4375,68 $;5,68 $;-5151,36 $;-4375,68 $;0,00%;-4375,68 $;0,00 $;-4375,68 $;0,00 $;-4375,68 $;240,00;4675,00 $;535,00 $;4910,68 $;0,09%;
27/07/2022;1;38768,60 $;2419,32 $;2419,32 $;0,00 $;5,68 $;-2732,04 $;0,00 $;100,00%;2419,32 $;2419,32 $;0,00 $;2419,32 $;0,00 $;210,00;1185,00 $;4535,00 $;2115,68 $;0,09%;
28/07/2022;1;41952,92 $;3184,32 $;3184,32 $;0,00 $;5,68 $;0,00 $;0,00 $;100,00%;3184,32 $;3184,32 $;0,00 $;3184,32 $;0,00 $;210,00;915,00 $;3380,00 $;195,68 $;0,09%;
29/07/2022;2;45831,56 $;3878,64 $;3878,64 $;0,00 $;11,36 $;0,00 $;0,00 $;100,00%;1939,32 $;1939,32 $;0,00 $;3789,32 $;0,00 $;240,00;177,50 $;1960,00 $;20,68 $;0,19%;
01/08/2022;2;43515,20 $;-2316,36 $;214,32 $;-2530,68 $;11,36 $;-2530,68 $;-2530,68 $;50,00%;-1158,18 $;214,32 $;-2530,68 $;214,32 $;-2530,68 $;270,00;1770,00 $;312,50 $;1470,68 $;0,19%;
02/08/2022;1;42124,52 $;-1390,68 $;0,00 $;-1390,68 $;5,68 $;-3707,04 $;-1390,68 $;0,00%;-1390,68 $;0,00 $;-1390,68 $;0,00 $;-1390,68 $;150,00;2060,00 $;220,00 $;1610,68 $;0,09%;
03/08/2022;1;41708,84 $;-415,68 $;0,00 $;-415,68 $;5,68 $;-4122,72 $;-415,68 $;0,00%;-415,68 $;0,00 $;-415,68 $;0,00 $;-415,68 $;150,00;520,00 $;835,00 $;1250,68 $;0,09%;
04/08/2022;1;43888,16 $;2179,32 $;2179,32 $;0,00 $;5,68 $;-1943,40 $;0,00 $;100,00%;2179,32 $;2179,32 $;0,00 $;2179,32 $;0,00 $;240,00;400,00 $;2470,00 $;290,68 $;0,09%;
05/08/2022;1;43957,48 $;69,32 $;69,32 $;0,00 $;5,68 $;-1874,08 $;0,00 $;100,00%;69,32 $;69,32 $;0,00 $;69,32 $;0,00 $;150,00;1345,00 $;585,00 $;515,68 $;0,09%;
08/08/2022;1;41481,80 $;-2475,68 $;0,00 $;-2475,68 $;5,68 $;-4349,76 $;-2475,68 $;0,00%;-2475,68 $;0,00 $;-2475,68 $;0,00 $;-2475,68 $;240,00;3265,00 $;380,00 $;2855,68 $;0,09%;
10/08/2022;1;41926,12 $;444,32 $;444,32 $;0,00 $;5,68 $;-3905,44 $;0,00 $;100,00%;444,32 $;444,32 $;0,00 $;444,32 $;0,00 $;240,00;800,00 $;725,00 $;280,68 $;0,09%;
11/08/2022;2;40029,76 $;-1896,36 $;64,32 $;-1960,68 $;11,36 $;-5866,12 $;-1960,68 $;50,00%;-948,18 $;64,32 $;-1960,68 $;64,32 $;-1960,68 $;270,00;1345,00 $;292,50 $;1240,68 $;0,19%;
12/08/2022;1;41559,08 $;1529,32 $;1529,32 $;0,00 $;5,68 $;-4272,48 $;0,00 $;100,00%;1529,32 $;1529,32 $;0,00 $;1529,32 $;0,00 $;150,00;120,00 $;1600,00 $;70,68 $;0,09%;
16/08/2022;1;41903,40 $;344,32 $;344,32 $;0,00 $;5,68 $;-3928,16 $;0,00 $;100,00%;344,32 $;344,32 $;0,00 $;344,32 $;0,00 $;240,00;920,00 $;2275,00 $;1930,68 $;0,09%;
17/08/2022;1;40567,72 $;-1335,68 $;0,00 $;-1335,68 $;5,68 $;-5263,84 $;-1335,68 $;0,00%;-1335,68 $;0,00 $;-1335,68 $;0,00 $;-1335,68 $;90,00;2025,00 $;770,00 $;2105,68 $;0,09%;
25/08/2022;1;41827,04 $;1259,32 $;1259,32 $;0,00 $;5,68 $;-4004,52 $;0,00 $;100,00%;1259,32 $;1259,32 $;0,00 $;1259,32 $;0,00 $;240,00;545,00 $;1395,00 $;135,68 $;0,09%;
02/09/2022;1;38211,36 $;-3615,68 $;0,00 $;-3615,68 $;5,68 $;-7620,20 $;-3615,68 $;0,00%;-3615,68 $;0,00 $;-3615,68 $;0,00 $;-3615,68 $;210,00;5415,00 $;255,00 $;3870,68 $;0,09%;
07/09/2022;2;41650,00 $;3438,64 $;3504,32 $;-65,68 $;11,36 $;-4181,56 $;-65,68 $;50,00%;1719,32 $;3504,32 $;-65,68 $;3504,32 $;-65,68 $;270,00;320,00 $;1807,50 $;88,18 $;0,19%;
08/09/2022;1;39944,32 $;-1705,68 $;0,00 $;-1705,68 $;5,68 $;-5887,24 $;-1705,68 $;0,00%;-1705,68 $;0,00 $;-1705,68 $;0,00 $;-1705,68 $;240,00;4425,00 $;185,00 $;1890,68 $;0,09%;
09/09/2022;1;40043,64 $;99,32 $;99,32 $;0,00 $;5,68 $;-5787,92 $;0,00 $;100,00%;99,32 $;99,32 $;0,00 $;99,32 $;0,00 $;150,00;545,00 $;545,00 $;445,68 $;0,09%;
12/09/2022;2;39122,28 $;-921,36 $;14,32 $;-935,68 $;11,36 $;-6723,60 $;-935,68 $;50,00%;-460,68 $;14,32 $;-935,68 $;14,32 $;-935,68 $;330,00;1047,50 $;105,00 $;565,68 $;0,19%;
19/09/2022;1;39301,60 $;179,32 $;179,32 $;0,00 $;5,68 $;-6529,96 $;0,00 $;100,00%;179,32 $;179,32 $;0,00 $;179,32 $;0,00 $;0,00;45,00 $;405,00 $;225,68 $;0,09%;
21/09/2022;1;33045,92 $;-6255,68 $;0,00 $;-6255,68 $;5,68 $;-12785,64 $;-6255,68 $;0,00%;-6255,68 $;0,00 $;-6255,68 $;0,00 $;-6255,68 $;150,00;6660,00 $;3200,00 $;9455,68 $;0,09%;
28/09/2022;1;35685,24 $;2639,32 $;2639,32 $;0,00 $;5,68 $;-10146,32 $;0,00 $;100,00%;2639,32 $;2639,32 $;0,00 $;2639,32 $;0,00 $;240,00;445,00 $;2855,00 $;215,68 $;0,09%;
30/09/2022;1;31644,56 $;-4040,68 $;0,00 $;-4040,68 $;5,68 $;-14187,00 $;-4040,68 $;0,00%;-4040,68 $;0,00 $;-4040,68 $;0,00 $;-4040,68 $;240,00;4835,00 $;210,00 $;4250,68 $;0,09%;
03/10/2022;1;30928,88 $;-715,68 $;0,00 $;-715,68 $;5,68 $;-14902,68 $;-715,68 $;0,00%;-715,68 $;0,00 $;-715,68 $;0,00 $;-715,68 $;30,00;1350,00 $;175,00 $;890,68 $;0,09%;
04/10/2022;2;30092,52 $;-836,36 $;44,32 $;-880,68 $;11,36 $;-15783,36 $;-880,68 $;50,00%;-418,18 $;44,32 $;-880,68 $;44,32 $;-880,68 $;270,00;1367,50 $;180,00 $;598,18 $;0,19%;
05/10/2022;1;32556,84 $;2464,32 $;2464,32 $;0,00 $;5,68 $;-13274,72 $;0,00 $;100,00%;2464,32 $;2464,32 $;0,00 $;2464,32 $;0,00 $;210,00;285,00 $;3970,00 $;1505,68 $;0,09%;
06/10/2022;1;31236,16 $;-1320,68 $;0,00 $;-1320,68 $;5,68 $;-14595,40 $;-1320,68 $;0,00%;-1320,68 $;0,00 $;-1320,68 $;0,00 $;-1320,68 $;240,00;2420,00 $;435,00 $;1755,68 $;0,09%;
13/10/2022;1;34590,48 $;3354,32 $;3354,32 $;0,00 $;5,68 $;-11241,08 $;0,00 $;100,00%;3354,32 $;3354,32 $;0,00 $;3354,32 $;0,00 $;240,00;555,00 $;4390,00 $;1035,68 $;0,09%;
17/10/2022;1;35174,80 $;584,32 $;584,32 $;0,00 $;5,68 $;-10656,76 $;0,00 $;100,00%;584,32 $;584,32 $;0,00 $;584,32 $;0,00 $;240,00;270,00 $;1110,00 $;525,68 $;0,09%;
18/10/2022;1;37399,12 $;2224,32 $;2224,32 $;0,00 $;5,68 $;-8432,44 $;0,00 $;100,00%;2224,32 $;2224,32 $;0,00 $;2224,32 $;0,00 $;150,00;2595,00 $;2545,00 $;320,68 $;0,09%;
19/10/2022;1;35993,44 $;-1405,68 $;0,00 $;-1405,68 $;5,68 $;-9838,12 $;-1405,68 $;0,00%;-1405,68 $;0,00 $;-1405,68 $;0,00 $;-1405,68 $;240,00;2750,00 $;800,00 $;2205,68 $;0,09%;
20/10/2022;1;32347,76 $;-3645,68 $;0,00 $;-3645,68 $;5,68 $;-13483,80 $;-3645,68 $;0,00%;-3645,68 $;0,00 $;-3645,68 $;0,00 $;-3645,68 $;240,00;4470,00 $;950,00 $;4595,68 $;0,09%;
21/10/2022;1;36132,08 $;3784,32 $;3784,32 $;0,00 $;5,68 $;-9699,48 $;0,00 $;100,00%;3784,32 $;3784,32 $;0,00 $;3784,32 $;0,00 $;210,00;125,00 $;3845,00 $;60,68 $;0,09%;
24/10/2022;1;38756,40 $;2624,32 $;2624,32 $;0,00 $;5,68 $;-7075,16 $;0,00 $;100,00%;2624,32 $;2624,32 $;0,00 $;2624,32 $;0,00 $;240,00;515,00 $;2905,00 $;280,68 $;0,09%;
25/10/2022;1;39505,72 $;749,32 $;749,32 $;0,00 $;5,68 $;-6325,84 $;0,00 $;100,00%;749,32 $;749,32 $;0,00 $;749,32 $;0,00 $;240,00;1200,00 $;795,00 $;45,68 $;0,09%;
26/10/2022;1;35240,04 $;-4265,68 $;0,00 $;-4265,68 $;5,68 $;-10591,52 $;-4265,68 $;0,00%;-4265,68 $;0,00 $;-4265,68 $;0,00 $;-4265,68 $;240,00;4740,00 $;455,00 $;4720,68 $;0,09%;
28/10/2022;1;36914,36 $;1674,32 $;1674,32 $;0,00 $;5,68 $;-8917,20 $;0,00 $;100,00%;1674,32 $;1674,32 $;0,00 $;1674,32 $;0,00 $;90,00;90,00 $;1690,00 $;15,68 $;0,09%;
31/10/2022;1;36783,68 $;-130,68 $;0,00 $;-130,68 $;5,68 $;-9047,88 $;-130,68 $;0,00%;-130,68 $;0,00 $;-130,68 $;0,00 $;-130,68 $;240,00;855,00 $;1080,00 $;1210,68 $;0,09%;
07/11/2022;1;38578,00 $;1794,32 $;1794,32 $;0,00 $;5,68 $;-7253,56 $;0,00 $;100,00%;1794,32 $;1794,32 $;0,00 $;1794,32 $;0,00 $;150,00;405,00 $;2290,00 $;495,68 $;0,09%;
08/11/2022;2;37201,64 $;-1376,36 $;129,32 $;-1505,68 $;11,36 $;-8759,24 $;-1505,68 $;50,00%;-688,18 $;129,32 $;-1505,68 $;129,32 $;-1505,68 $;270,00;2592,50 $;610,00 $;1298,18 $;0,19%;
10/11/2022;2;40050,28 $;2848,64 $;2848,64 $;0,00 $;11,36 $;-6175,60 $;0,00 $;100,00%;1424,32 $;1424,32 $;0,00 $;2454,32 $;0,00 $;240,00;330,00 $;1472,50 $;48,18 $;0,19%;
11/11/2022;1;43629,60 $;3579,32 $;3579,32 $;0,00 $;5,68 $;-2201,96 $;0,00 $;100,00%;3579,32 $;3579,32 $;0,00 $;3579,32 $;0,00 $;240,00;365,00 $;4400,00 $;820,68 $;0,09%;
14/11/2022;1;45213,92 $;1584,32 $;1584,32 $;0,00 $;5,68 $;-617,64 $;0,00 $;100,00%;1584,32 $;1584,32 $;0,00 $;1584,32 $;0,00 $;240,00;180,00 $;3065,00 $;1480,68 $;0,09%;
15/11/2022;1;45208,24 $;-5,68 $;0,00 $;-5,68 $;5,68 $;-623,32 $;-5,68 $;0,00%;-5,68 $;0,00 $;-5,68 $;0,00 $;-5,68 $;0,00;275,00 $;40,00 $;45,68 $;0,09%;
18/11/2022;1;45102,56 $;-105,68 $;0,00 $;-105,68 $;5,68 $;-729,00 $;-105,68 $;0,00%;-105,68 $;0,00 $;-105,68 $;0,00 $;-105,68 $;0,00;275,00 $;5,00 $;110,68 $;0,09%;
22/11/2022;1;46801,88 $;1699,32 $;1699,32 $;0,00 $;5,68 $;0,00 $;0,00 $;100,00%;1699,32 $;1699,32 $;0,00 $;1699,32 $;0,00 $;240,00;530,00 $;1770,00 $;70,68 $;0,09%;
23/11/2022;2;46960,52 $;158,64 $;159,32 $;-0,68 $;11,36 $;-0,68 $;-0,68 $;50,00%;79,32 $;159,32 $;-0,68 $;159,32 $;-0,68 $;270,00;1250,00 $;325,00 $;245,68 $;0,19%;
30/11/2022;1;49044,84 $;2084,32 $;2084,32 $;0,00 $;5,68 $;0,00 $;0,00 $;100,00%;2084,32 $;2084,32 $;0,00 $;2084,32 $;0,00 $;30,00;110,00 $;2120,00 $;35,68 $;0,09%;
01/12/2022;1;49069,16 $;24,32 $;24,32 $;0,00 $;5,68 $;0,00 $;0,00 $;100,00%;24,32 $;24,32 $;0,00 $;24,32 $;0,00 $;150,00;200,00 $;1280,00 $;1255,68 $;0,09%;
02/12/2022;1;50063,48 $;994,32 $;994,32 $;0,00 $;5,68 $;0,00 $;0,00 $;100,00%;994,32 $;994,32 $;0,00 $;994,32 $;0,00 $;210,00;900,00 $;2115,00 $;1120,68 $;0,09%;
08/12/2022;2;50312,12 $;248,64 $;644,32 $;-395,68 $;11,36 $;-395,68 $;-395,68 $;50,00%;124,32 $;644,32 $;-395,68 $;644,32 $;-395,68 $;270,00;677,50 $;625,00 $;500,68 $;0,19%;
09/12/2022;1;47641,44 $;-2670,68 $;0,00 $;-2670,68 $;5,68 $;-3066,36 $;-2670,68 $;0,00%;-2670,68 $;0,00 $;-2670,68 $;0,00 $;-2670,68 $;210,00;2715,00 $;510,00 $;3180,68 $;0,09%;
12/12/2022;1;47650,76 $;9,32 $;9,32 $;0,00 $;5,68 $;-3057,04 $;0,00 $;100,00%;9,32 $;9,32 $;0,00 $;9,32 $;0,00 $;0,00;95,00 $;60,00 $;50,68 $;0,09%;
13/12/2022;1;48955,08 $;1304,32 $;1304,32 $;0,00 $;5,68 $;-1752,72 $;0,00 $;100,00%;1304,32 $;1304,32 $;0,00 $;1304,32 $;0,00 $;210,00;830,00 $;2415,00 $;1110,68 $;0,09%;
14/12/2022;1;44724,40 $;-4230,68 $;0,00 $;-4230,68 $;5,68 $;-5983,40 $;-4230,68 $;0,00%;-4230,68 $;0,00 $;-4230,68 $;0,00 $;-4230,68 $;240,00;6375,00 $;435,00 $;4665,68 $;0,09%;
21/12/2022;1;44298,72 $;-425,68 $;0,00 $;-425,68 $;5,68 $;-6409,08 $;-425,68 $;0,00%;-425,68 $;0,00 $;-425,68 $;0,00 $;-425,68 $;240,00;840,00 $;885,00 $;1310,68 $;0,09%;
29/12/2022;1;44123,04 $;-175,68 $;0,00 $;-175,68 $;5,68 $;-6584,76 $;-175,68 $;0,00%;-175,68 $;0,00 $;-175,68 $;0,00 $;-175,68 $;210,00;655,00 $;550,00 $;725,68 $;0,09%;
30/12/2022;1;44002,36 $;-120,68 $;0,00 $;-120,68 $;5,68 $;-6705,44 $;-120,68 $;0,00%;-120,68 $;0,00 $;-120,68 $;0,00 $;-120,68 $;0,00;225,00 $;60,00 $;180,68 $;0,09%;
04/01/2023;1;42806,68 $;-1195,68 $;0,00 $;-1195,68 $;5,68 $;-7901,12 $;-1195,68 $;0,00%;-1195,68 $;0,00 $;-1195,68 $;0,00 $;-1195,68 $;210,00;2790,00 $;460,00 $;1655,68 $;0,09%;
06/01/2023;1;45731,00 $;2924,32 $;2924,32 $;0,00 $;5,68 $;-4976,80 $;0,00 $;100,00%;2924,32 $;2924,32 $;0,00 $;2924,32 $;0,00 $;240,00;315,00 $;3585,00 $;660,68 $;0,09%;
09/01/2023;1;42555,32 $;-3175,68 $;0,00 $;-3175,68 $;5,68 $;-8152,48 $;-3175,68 $;0,00%;-3175,68 $;0,00 $;-3175,68 $;0,00 $;-3175,68 $;240,00;3415,00 $;155,00 $;3330,68 $;0,09%;
10/01/2023;1;44259,64 $;1704,32 $;1704,32 $;0,00 $;5,68 $;-6448,16 $;0,00 $;100,00%;1704,32 $;1704,32 $;0,00 $;1704,32 $;0,00 $;210,00;85,00 $;1885,00 $;180,68 $;0,09%;
11/01/2023;2;45838,28 $;1578,64 $;1578,64 $;0,00 $;11,36 $;-4993,84 $;0,00 $;100,00%;789,32 $;789,32 $;0,00 $;1454,32 $;0,00 $;240,00;137,50 $;920,00 $;130,68 $;0,19%;
12/01/2023;1;45587,60 $;-250,68 $;0,00 $;-250,68 $;5,68 $;-5120,20 $;-250,68 $;0,00%;-250,68 $;0,00 $;-250,68 $;0,00 $;-250,68 $;210,00;1765,00 $;695,00 $;945,68 $;0,09%;
13/01/2023;1;47831,92 $;2244,32 $;2244,32 $;0,00 $;5,68 $;-2875,88 $;0,00 $;100,00%;2244,32 $;2244,32 $;0,00 $;2244,32 $;0,00 $;240,00;635,00 $;2260,00 $;15,68 $;0,09%;
16/01/2023;1;47736,24 $;-95,68 $;0,00 $;-95,68 $;5,68 $;-2971,56 $;-95,68 $;0,00%;-95,68 $;0,00 $;-95,68 $;0,00 $;-95,68 $;0,00;160,00 $;325,00 $;420,68 $;0,09%;
17/01/2023;1;47755,56 $;19,32 $;19,32 $;0,00 $;5,68 $;-2952,24 $;0,00 $;100,00%;19,32 $;19,32 $;0,00 $;19,32 $;0,00 $;90,00;385,00 $;535,00 $;515,68 $;0,09%;
20/01/2023;1;50139,88 $;2384,32 $;2384,32 $;0,00 $;5,68 $;-567,92 $;0,00 $;100,00%;2384,32 $;2384,32 $;0,00 $;2384,32 $;0,00 $;240,00;610,00 $;2945,00 $;560,68 $;0,09%;
23/01/2023;2;50298,52 $;158,64 $;309,32 $;-150,68 $;11,36 $;-718,60 $;-150,68 $;50,00%;79,32 $;309,32 $;-150,68 $;309,32 $;-150,68 $;240,00;510,00 $;885,00 $;805,68 $;0,19%;
24/01/2023;1;51302,84 $;1004,32 $;1004,32 $;0,00 $;5,68 $;0,00 $;0,00 $;100,00%;1004,32 $;1004,32 $;0,00 $;1004,32 $;0,00 $;210,00;1300,00 $;1720,00 $;715,68 $;0,09%;
25/01/2023;1;52477,16 $;1174,32 $;1174,32 $;0,00 $;5,68 $;0,00 $;0,00 $;100,00%;1174,32 $;1174,32 $;0,00 $;1174,32 $;0,00 $;150,00;380,00 $;2050,00 $;875,68 $;0,09%;
26/01/2023;1;52761,48 $;284,32 $;284,32 $;0,00 $;5,68 $;0,00 $;0,00 $;100,00%;284,32 $;284,32 $;0,00 $;284,32 $;0,00 $;90,00;170,00 $;1340,00 $;1055,68 $;0,09%;
27/01/2023;1;55435,80 $;2674,32 $;2674,32 $;0,00 $;5,68 $;0,00 $;0,00 $;100,00%;2674,32 $;2674,32 $;0,00 $;2674,32 $;0,00 $;240,00;105,00 $;3005,00 $;330,68 $;0,09%;
31/01/2023;1;56415,12 $;979,32 $;979,32 $;0,00 $;5,68 $;0,00 $;0,00 $;100,00%;979,32 $;979,32 $;0,00 $;979,32 $;0,00 $;210,00;315,00 $;1610,00 $;630,68 $;0,09%;
01/02/2023;2;62623,76 $;6208,64 $;6208,64 $;0,00 $;11,36 $;0,00 $;0,00 $;100,00%;3104,32 $;3104,32 $;0,00 $;6004,32 $;0,00 $;240,00;757,50 $;3437,50 $;333,18 $;0,19%;
02/02/2023;1;61063,08 $;-1560,68 $;0,00 $;-1560,68 $;5,68 $;-1560,68 $;-1560,68 $;0,00%;-1560,68 $;0,00 $;-1560,68 $;0,00 $;-1560,68 $;210,00;2920,00 $;2700,00 $;4260,68 $;0,09%;
03/02/2023;1;56822,40 $;-4240,68 $;0,00 $;-4240,68 $;5,68 $;-5801,36 $;-4240,68 $;0,00%;-4240,68 $;0,00 $;-4240,68 $;0,00 $;-4240,68 $;240,00;5260,00 $;730,00 $;4970,68 $;0,09%;
07/02/2023;1;58951,72 $;2129,32 $;2129,32 $;0,00 $;5,68 $;-3672,04 $;0,00 $;100,00%;2129,32 $;2129,32 $;0,00 $;2129,32 $;0,00 $;90,00;155,00 $;3705,00 $;1575,68 $;0,09%;
13/02/2023;1;59006,04 $;54,32 $;54,32 $;0,00 $;5,68 $;-3617,72 $;0,00 $;100,00%;54,32 $;54,32 $;0,00 $;54,32 $;0,00 $;240,00;835,00 $;865,00 $;810,68 $;0,09%;
14/02/2023;1;59675,36 $;669,32 $;669,32 $;0,00 $;5,68 $;-2948,40 $;0,00 $;100,00%;669,32 $;669,32 $;0,00 $;669,32 $;0,00 $;150,00;975,00 $;1625,00 $;955,68 $;0,09%;
15/02/2023;1;60454,68 $;779,32 $;779,32 $;0,00 $;5,68 $;-2169,08 $;0,00 $;100,00%;779,32 $;779,32 $;0,00 $;779,32 $;0,00 $;90,00;840,00 $;965,00 $;185,68 $;0,09%;
16/02/2023;1;57844,00 $;-2610,68 $;0,00 $;-2610,68 $;5,68 $;-4779,76 $;-2610,68 $;0,00%;-2610,68 $;0,00 $;-2610,68 $;0,00 $;-2610,68 $;240,00;2620,00 $;1015,00 $;3625,68 $;0,09%;
23/02/2023;1;56863,32 $;-980,68 $;0,00 $;-980,68 $;5,68 $;-5760,44 $;-980,68 $;0,00%;-980,68 $;0,00 $;-980,68 $;0,00 $;-980,68 $;30,00;1070,00 $;140,00 $;1120,68 $;0,09%;
27/02/2023;1;56737,64 $;-125,68 $;0,00 $;-125,68 $;5,68 $;-5886,12 $;-125,68 $;0,00%;-125,68 $;0,00 $;-125,68 $;0,00 $;-125,68 $;240,00;580,00 $;1005,00 $;1130,68 $;0,09%;
28/02/2023;1;56616,96 $;-120,68 $;0,00 $;-120,68 $;5,68 $;-6006,80 $;-120,68 $;0,00%;-120,68 $;0,00 $;-120,68 $;0,00 $;-120,68 $;240,00;585,00 $;1510,00 $;1630,68 $;0,09%;
02/03/2023;1;56646,28 $;29,32 $;29,32 $;0,00 $;5,68 $;-5977,48 $;0,00 $;100,00%;29,32 $;29,32 $;0,00 $;29,32 $;0,00 $;30,00;70,00 $;915,00 $;885,68 $;0,09%;
03/03/2023;1;57800,60 $;1154,32 $;1154,32 $;0,00 $;5,68 $;-4823,16 $;0,00 $;100,00%;1154,32 $;1154,32 $;0,00 $;1154,32 $;0,00 $;150,00;225,00 $;1250,00 $;95,68 $;0,09%;
06/03/2023;1;55139,92 $;-2660,68 $;0,00 $;-2660,68 $;5,68 $;-7483,84 $;-2660,68 $;0,00%;-2660,68 $;0,00 $;-2660,68 $;0,00 $;-2660,68 $;240,00;2665,00 $;360,00 $;3020,68 $;0,09%;
09/03/2023;1;49409,24 $;-5730,68 $;0,00 $;-5730,68 $;5,68 $;-13214,52 $;-5730,68 $;0,00%;-5730,68 $;0,00 $;-5730,68 $;0,00 $;-5730,68 $;240,00;6125,00 $;585,00 $;6315,68 $;0,09%;
13/03/2023;1;47828,56 $;-1580,68 $;0,00 $;-1580,68 $;5,68 $;-14795,20 $;-1580,68 $;0,00%;-1580,68 $;0,00 $;-1580,68 $;0,00 $;-1580,68 $;210,00;1860,00 $;1515,00 $;3095,68 $;0,09%;
14/03/2023;1;48012,88 $;184,32 $;184,32 $;0,00 $;5,68 $;-14610,88 $;0,00 $;100,00%;184,32 $;184,32 $;0,00 $;184,32 $;0,00 $;210,00;2930,00 $;610,00 $;425,68 $;0,09%;
15/03/2023;2;50961,52 $;2948,64 $;2948,64 $;0,00 $;11,36 $;-11721,56 $;0,00 $;100,00%;1474,32 $;1474,32 $;0,00 $;2889,32 $;0,00 $;240,00;595,00 $;1782,50 $;308,18 $;0,19%;
16/03/2023;2;53425,16 $;2463,64 $;2634,32 $;-170,68 $;11,36 $;-9198,60 $;-170,68 $;50,00%;1231,82 $;2634,32 $;-170,68 $;2634,32 $;-170,68 $;270,00;237,50 $;1417,50 $;185,68 $;0,19%;
17/03/2023;1;54499,48 $;1074,32 $;1074,32 $;0,00 $;5,68 $;-8124,28 $;0,00 $;100,00%;1074,32 $;1074,32 $;0,00 $;1074,32 $;0,00 $;240,00;760,00 $;1835,00 $;760,68 $;0,09%;
20/03/2023;1;56218,80 $;1719,32 $;1719,32 $;0,00 $;5,68 $;-6404,96 $;0,00 $;100,00%;1719,32 $;1719,32 $;0,00 $;1719,32 $;0,00 $;210,00;205,00 $;2070,00 $;350,68 $;0,09%;
21/03/2023;1;58503,12 $;2284,32 $;2284,32 $;0,00 $;5,68 $;-4120,64 $;0,00 $;100,00%;2284,32 $;2284,32 $;0,00 $;2284,32 $;0,00 $;210,00;185,00 $;2655,00 $;370,68 $;0,09%;
22/03/2023;1;54807,44 $;-3695,68 $;0,00 $;-3695,68 $;5,68 $;-7816,32 $;-3695,68 $;0,00%;-3695,68 $;0,00 $;-3695,68 $;0,00 $;-3695,68 $;210,00;4120,00 $;3960,00 $;7655,68 $;0,09%;
23/03/2023;1;51201,76 $;-3605,68 $;0,00 $;-3605,68 $;5,68 $;-11422,00 $;-3605,68 $;0,00%;-3605,68 $;0,00 $;-3605,68 $;0,00 $;-3605,68 $;240,00;4860,00 $;675,00 $;4280,68 $;0,09%;
24/03/2023;1;53021,08 $;1819,32 $;1819,32 $;0,00 $;5,68 $;-9602,68 $;0,00 $;100,00%;1819,32 $;1819,32 $;0,00 $;1819,32 $;0,00 $;90,00;80,00 $;1865,00 $;45,68 $;0,09%;
29/03/2023;1;53820,40 $;799,32 $;799,32 $;0,00 $;5,68 $;-8803,36 $;0,00 $;100,00%;799,32 $;799,32 $;0,00 $;799,32 $;0,00 $;90,00;90,00 $;1480,00 $;680,68 $;0,09%;
30/03/2023;1;54624,72 $;804,32 $;804,32 $;0,00 $;5,68 $;-7999,04 $;0,00 $;100,00%;804,32 $;804,32 $;0,00 $;804,32 $;0,00 $;150,00;760,00 $;995,00 $;190,68 $;0,09%;
31/03/2023;1;56829,04 $;2204,32 $;2204,32 $;0,00 $;5,68 $;-5794,72 $;0,00 $;100,00%;2204,32 $;2204,32 $;0,00 $;2204,32 $;0,00 $;240,00;70,00 $;2275,00 $;70,68 $;0,09%;
03/04/2023;1;58018,36 $;1189,32 $;1189,32 $;0,00 $;5,68 $;-4605,40 $;0,00 $;100,00%;1189,32 $;1189,32 $;0,00 $;1189,32 $;0,00 $;240,00;520,00 $;1310,00 $;120,68 $;0,09%;
04/04/2023;1;56972,68 $;-1045,68 $;0,00 $;-1045,68 $;5,68 $;-5651,08 $;-1045,68 $;0,00%;-1045,68 $;0,00 $;-1045,68 $;0,00 $;-1045,68 $;240,00;1185,00 $;280,00 $;1325,68 $;0,09%;
17/04/2023;2;55786,32 $;-1186,36 $;0,00 $;-1186,36 $;11,36 $;-6837,44 $;-1186,36 $;0,00%;-593,18 $;0,00 $;-593,18 $;0,00 $;-935,68 $;330,00;900,00 $;102,50 $;695,68 $;0,19%;
18/04/2023;1;55520,64 $;-265,68 $;0,00 $;-265,68 $;5,68 $;-7103,12 $;-265,68 $;0,00%;-265,68 $;0,00 $;-265,68 $;0,00 $;-265,68 $;240,00;960,00 $;330,00 $;595,68 $;0,09%;
19/04/2023;1;54789,96 $;-730,68 $;0,00 $;-730,68 $;5,68 $;-7833,80 $;-730,68 $;0,00%;-730,68 $;0,00 $;-730,68 $;0,00 $;-730,68 $;90,00;985,00 $;255,00 $;985,68 $;0,09%;
27/04/2023;1;56864,28 $;2074,32 $;2074,32 $;0,00 $;5,68 $;-5759,48 $;0,00 $;100,00%;2074,32 $;2074,32 $;0,00 $;2074,32 $;0,00 $;240,00;210,00 $;2340,00 $;265,68 $;0,09%;
28/04/2023;1;58298,60 $;1434,32 $;1434,32 $;0,00 $;5,68 $;-4325,16 $;0,00 $;100,00%;1434,32 $;1434,32 $;0,00 $;1434,32 $;0,00 $;240,00;20,00 $;1835,00 $;400,68 $;0,09%;
01/05/2023;1;57912,92 $;-385,68 $;0,00 $;-385,68 $;5,68 $;-4710,84 $;-385,68 $;0,00%;-385,68 $;0,00 $;-385,68 $;0,00 $;-385,68 $;30,00;470,00 $;270,00 $;655,68 $;0,09%;
03/05/2023;1;56062,24 $;-1850,68 $;0,00 $;-1850,68 $;5,68 $;-6561,52 $;-1850,68 $;0,00%;-1850,68 $;0,00 $;-1850,68 $;0,00 $;-1850,68 $;210,00;2415,00 $;2015,00 $;3865,68 $;0,09%;
05/05/2023;1;57426,56 $;1364,32 $;1364,32 $;0,00 $;5,68 $;-5197,20 $;0,00 $;100,00%;1364,32 $;1364,32 $;0,00 $;1364,32 $;0,00 $;240,00;665,00 $;1735,00 $;370,68 $;0,09%;
08/05/2023;1;57365,88 $;-60,68 $;0,00 $;-60,68 $;5,68 $;-5257,88 $;-60,68 $;0,00%;-60,68 $;0,00 $;-60,68 $;0,00 $;-60,68 $;150,00;1000,00 $;580,00 $;640,68 $;0,09%;
09/05/2023;1;56975,20 $;-390,68 $;0,00 $;-390,68 $;5,68 $;-5648,56 $;-390,68 $;0,00%;-390,68 $;0,00 $;-390,68 $;0,00 $;-390,68 $;150,00;600,00 $;280,00 $;670,68 $;0,09%;
10/05/2023;2;58153,84 $;1178,64 $;1279,32 $;-100,68 $;11,36 $;-4469,92 $;-100,68 $;50,00%;589,32 $;1279,32 $;-100,68 $;1279,32 $;-100,68 $;270,00;1137,50 $;790,00 $;200,68 $;0,19%;
11/05/2023;1;58193,16 $;39,32 $;39,32 $;0,00 $;5,68 $;-4430,60 $;0,00 $;100,00%;39,32 $;39,32 $;0,00 $;39,32 $;0,00 $;210,00;945,00 $;590,00 $;550,68 $;0,09%;
15/05/2023;1;58452,48 $;259,32 $;259,32 $;0,00 $;5,68 $;-4171,28 $;0,00 $;100,00%;259,32 $;259,32 $;0,00 $;259,32 $;0,00 $;90,00;160,00 $;450,00 $;190,68 $;0,09%;
16/05/2023;1;57931,80 $;-520,68 $;0,00 $;-520,68 $;5,68 $;-4691,96 $;-520,68 $;0,00%;-520,68 $;0,00 $;-520,68 $;0,00 $;-520,68 $;150,00;1035,00 $;390,00 $;910,68 $;0,09%;
17/05/2023;1;57856,12 $;-75,68 $;0,00 $;-75,68 $;5,68 $;-4767,64 $;-75,68 $;0,00%;-75,68 $;0,00 $;-75,68 $;0,00 $;-75,68 $;150,00;505,00 $;495,00 $;570,68 $;0,09%;
19/05/2023;1;57605,44 $;-250,68 $;0,00 $;-250,68 $;5,68 $;-5018,32 $;-250,68 $;0,00%;-250,68 $;0,00 $;-250,68 $;0,00 $;-250,68 $;210,00;660,00 $;565,00 $;815,68 $;0,09%;
22/05/2023;1;57804,76 $;199,32 $;199,32 $;0,00 $;5,68 $;-4819,00 $;0,00 $;100,00%;199,32 $;199,32 $;0,00 $;199,32 $;0,00 $;150,00;420,00 $;750,00 $;550,68 $;0,09%;
23/05/2023;1;55204,08 $;-2600,68 $;0,00 $;-2600,68 $;5,68 $;-7419,68 $;-2600,68 $;0,00%;-2600,68 $;0,00 $;-2600,68 $;0,00 $;-2600,68 $;240,00;3175,00 $;80,00 $;2680,68 $;0,09%;
25/05/2023;1;56138,40 $;934,32 $;934,32 $;0,00 $;5,68 $;-6485,36 $;0,00 $;100,00%;934,32 $;934,32 $;0,00 $;934,32 $;0,00 $;240,00;855,00 $;1350,00 $;415,68 $;0,09%;
26/05/2023;1;57067,72 $;929,32 $;929,32 $;0,00 $;5,68 $;-5556,04 $;0,00 $;100,00%;929,32 $;929,32 $;0,00 $;929,32 $;0,00 $;150,00;525,00 $;970,00 $;40,68 $;0,09%;
30/05/2023;1;57387,04 $;319,32 $;319,32 $;0,00 $;5,68 $;-5236,72 $;0,00 $;100,00%;319,32 $;319,32 $;0,00 $;319,32 $;0,00 $;150,00;995,00 $;1145,00 $;825,68 $;0,09%;
31/05/2023;1;56171,36 $;-1215,68 $;0,00 $;-1215,68 $;5,68 $;-6452,40 $;-1215,68 $;0,00%;-1215,68 $;0,00 $;-1215,68 $;0,00 $;-1215,68 $;90,00;1340,00 $;140,00 $;1355,68 $;0,09%;
01/06/2023;1;58190,68 $;2019,32 $;2019,32 $;0,00 $;5,68 $;-4433,08 $;0,00 $;100,00%;2019,32 $;2019,32 $;0,00 $;2019,32 $;0,00 $;240,00;80,00 $;2920,00 $;900,68 $;0,09%;
02/06/2023;1;58445,00 $;254,32 $;254,32 $;0,00 $;5,68 $;-4178,76 $;0,00 $;100,00%;254,32 $;254,32 $;0,00 $;254,32 $;0,00 $;210,00;375,00 $;750,00 $;495,68 $;0,09%;
05/06/2023;1;56834,32 $;-1610,68 $;0,00 $;-1610,68 $;5,68 $;-5789,44 $;-1610,68 $;0,00%;-1610,68 $;0,00 $;-1610,68 $;0,00 $;-1610,68 $;240,00;2565,00 $;460,00 $;2070,68 $;0,09%;
06/06/2023;1;56768,64 $;-65,68 $;0,00 $;-65,68 $;5,68 $;-5855,12 $;-65,68 $;0,00%;-65,68 $;0,00 $;-65,68 $;0,00 $;-65,68 $;210,00;1285,00 $;220,00 $;285,68 $;0,09%;
08/06/2023;1;56722,96 $;-45,68 $;0,00 $;-45,68 $;5,68 $;-5900,80 $;-45,68 $;0,00%;-45,68 $;0,00 $;-45,68 $;0,00 $;-45,68 $;240,00;1400,00 $;650,00 $;695,68 $;0,09%;
09/06/2023;1;56992,28 $;269,32 $;269,32 $;0,00 $;5,68 $;-5631,48 $;0,00 $;100,00%;269,32 $;269,32 $;0,00 $;269,32 $;0,00 $;240,00;1100,00 $;1280,00 $;1010,68 $;0,09%;
12/06/2023;1;60136,60 $;3144,32 $;3144,32 $;0,00 $;5,68 $;-2487,16 $;0,00 $;100,00%;3144,32 $;3144,32 $;0,00 $;3144,32 $;0,00 $;210,00;95,00 $;3215,00 $;70,68 $;0,09%;
13/06/2023;1;60475,92 $;339,32 $;339,32 $;0,00 $;5,68 $;-2147,84 $;0,00 $;100,00%;339,32 $;339,32 $;0,00 $;339,32 $;0,00 $;150,00;1565,00 $;430,00 $;90,68 $;0,09%;
14/06/2023;2;59674,56 $;-801,36 $;309,32 $;-1110,68 $;11,36 $;-3258,52 $;-1110,68 $;50,00%;-400,68 $;309,32 $;-1110,68 $;309,32 $;-1110,68 $;270,00;2222,50 $;417,50 $;818,18 $;0,19%;
15/06/2023;1;62033,88 $;2359,32 $;2359,32 $;0,00 $;5,68 $;-589,88 $;0,00 $;100,00%;2359,32 $;2359,32 $;0,00 $;2359,32 $;0,00 $;240,00;630,00 $;2950,00 $;590,68 $;0,09%;
16/06/2023;1;60973,20 $;-1060,68 $;0,00 $;-1060,68 $;5,68 $;-1650,56 $;-1060,68 $;0,00%;-1060,68 $;0,00 $;-1060,68 $;0,00 $;-1060,68 $;90,00;1900,00 $;15,00 $;1075,68 $;0,09%;
20/06/2023;1;60502,52 $;-470,68 $;0,00 $;-470,68 $;5,68 $;-2121,24 $;-470,68 $;0,00%;-470,68 $;0,00 $;-470,68 $;0,00 $;-470,68 $;150,00;765,00 $;400,00 $;870,68 $;0,09%;
22/06/2023;1;61956,84 $;1454,32 $;1454,32 $;0,00 $;5,68 $;-666,92 $;0,00 $;100,00%;1454,32 $;1454,32 $;0,00 $;1454,32 $;0,00 $;30,00;240,00 $;1555,00 $;100,68 $;0,09%;
23/06/2023;1;60136,16 $;-1820,68 $;0,00 $;-1820,68 $;5,68 $;-2487,60 $;-1820,68 $;0,00%;-1820,68 $;0,00 $;-1820,68 $;0,00 $;-1820,68 $;150,00;2275,00 $;140,00 $;1960,68 $;0,09%;
27/06/2023;1;60410,48 $;274,32 $;274,32 $;0,00 $;5,68 $;-2213,28 $;0,00 $;100,00%;274,32 $;274,32 $;0,00 $;274,32 $;0,00 $;150,00;0,00 $;1295,00 $;1020,68 $;0,09%;
28/06/2023;1;61054,80 $;644,32 $;644,32 $;0,00 $;5,68 $;-1568,96 $;0,00 $;100,00%;644,32 $;644,32 $;0,00 $;644,32 $;0,00 $;150,00;1175,00 $;1110,00 $;465,68 $;0,09%;
29/06/2023;1;60004,12 $;-1050,68 $;0,00 $;-1050,68 $;5,68 $;-2619,64 $;-1050,68 $;0,00%;-1050,68 $;0,00 $;-1050,68 $;0,00 $;-1050,68 $;240,00;1890,00 $;165,00 $;1215,68 $;0,09%;
30/06/2023;1;60553,44 $;549,32 $;549,32 $;0,00 $;5,68 $;-2070,32 $;0,00 $;100,00%;549,32 $;549,32 $;0,00 $;549,32 $;0,00 $;240,00;880,00 $;715,00 $;165,68 $;0,09%;
03/07/2023;1;60902,76 $;349,32 $;349,32 $;0,00 $;5,68 $;-1721,00 $;0,00 $;100,00%;349,32 $;349,32 $;0,00 $;349,32 $;0,00 $;0,00;65,00 $;555,00 $;205,68 $;0,09%;
04/07/2023;1;60717,08 $;-185,68 $;0,00 $;-185,68 $;5,68 $;-1906,68 $;-185,68 $;0,00%;-185,68 $;0,00 $;-185,68 $;0,00 $;-185,68 $;30,00;260,00 $;60,00 $;245,68 $;0,09%;
07/07/2023;1;58731,40 $;-1985,68 $;0,00 $;-1985,68 $;5,68 $;-3892,36 $;-1985,68 $;0,00%;-1985,68 $;0,00 $;-1985,68 $;0,00 $;-1985,68 $;210,00;2510,00 $;1240,00 $;3225,68 $;0,09%;
11/07/2023;1;58690,72 $;-40,68 $;0,00 $;-40,68 $;5,68 $;-3933,04 $;-40,68 $;0,00%;-40,68 $;0,00 $;-40,68 $;0,00 $;-40,68 $;0,00;75,00 $;45,00 $;85,68 $;0,09%;
12/07/2023;1;58530,04 $;-160,68 $;0,00 $;-160,68 $;5,68 $;-4093,72 $;-160,68 $;0,00%;-160,68 $;0,00 $;-160,68 $;0,00 $;-160,68 $;240,00;2125,00 $;555,00 $;715,68 $;0,09%;
13/07/2023;2;60898,68 $;2368,64 $;2368,64 $;0,00 $;11,36 $;-1734,40 $;0,00 $;100,00%;1184,32 $;1184,32 $;0,00 $;2359,32 $;0,00 $;240,00;125,00 $;1240,00 $;55,68 $;0,19%;
14/07/2023;1;58313,00 $;-2585,68 $;0,00 $;-2585,68 $;5,68 $;-4310,76 $;-2585,68 $;0,00%;-2585,68 $;0,00 $;-2585,68 $;0,00 $;-2585,68 $;240,00;2845,00 $;490,00 $;3075,68 $;0,09%;
17/07/2023;1;59442,32 $;1129,32 $;1129,32 $;0,00 $;5,68 $;-3181,44 $;0,00 $;100,00%;1129,32 $;1129,32 $;0,00 $;1129,32 $;0,00 $;210,00;265,00 $;2185,00 $;1055,68 $;0,09%;
18/07/2023;2;63785,96 $;4343,64 $;4494,32 $;-150,68 $;11,36 $;-150,68 $;-150,68 $;50,00%;2171,82 $;4494,32 $;-150,68 $;4494,32 $;-150,68 $;270,00;190,00 $;2462,50 $;290,68 $;0,19%;
19/07/2023;1;62975,28 $;-810,68 $;0,00 $;-810,68 $;5,68 $;-961,36 $;-810,68 $;0,00%;-810,68 $;0,00 $;-810,68 $;0,00 $;-810,68 $;210,00;1345,00 $;430,00 $;1240,68 $;0,09%;
25/07/2023;2;64203,92 $;1228,64 $;1228,64 $;0,00 $;11,36 $;0,00 $;0,00 $;100,00%;614,32 $;614,32 $;0,00 $;1049,32 $;0,00 $;240,00;75,00 $;1002,50 $;388,18 $;0,19%;
26/07/2023;1;63833,24 $;-370,68 $;0,00 $;-370,68 $;5,68 $;-370,68 $;-370,68 $;0,00%;-370,68 $;0,00 $;-370,68 $;0,00 $;-370,68 $;0,00;410,00 $;55,00 $;425,68 $;0,09%;
27/07/2023;1;60682,56 $;-3150,68 $;0,00 $;-3150,68 $;5,68 $;-3521,36 $;-3150,68 $;0,00%;-3150,68 $;0,00 $;-3150,68 $;0,00 $;-3150,68 $;150,00;4605,00 $;90,00 $;3240,68 $;0,09%;
28/07/2023;1;60291,88 $;-390,68 $;0,00 $;-390,68 $;5,68 $;-3912,04 $;-390,68 $;0,00%;-390,68 $;0,00 $;-390,68 $;0,00 $;-390,68 $;240,00;1790,00 $;640,00 $;1030,68 $;0,09%;
31/07/2023;1;59811,20 $;-480,68 $;0,00 $;-480,68 $;5,68 $;-4392,72 $;-480,68 $;0,00%;-480,68 $;0,00 $;-480,68 $;0,00 $;-480,68 $;240,00;875,00 $;200,00 $;680,68 $;0,09%;
01/08/2023;1;59585,52 $;-225,68 $;0,00 $;-225,68 $;5,68 $;-4618,40 $;-225,68 $;0,00%;-225,68 $;0,00 $;-225,68 $;0,00 $;-225,68 $;150,00;485,00 $;595,00 $;820,68 $;0,09%;
04/08/2023;1;55099,84 $;-4485,68 $;0,00 $;-4485,68 $;5,68 $;-9104,08 $;-4485,68 $;0,00%;-4485,68 $;0,00 $;-4485,68 $;0,00 $;-4485,68 $;210,00;5095,00 $;380,00 $;4865,68 $;0,09%;
14/08/2023;1;55149,16 $;49,32 $;49,32 $;0,00 $;5,68 $;-9054,76 $;0,00 $;100,00%;49,32 $;49,32 $;0,00 $;49,32 $;0,00 $;240,00;980,00 $;510,00 $;460,68 $;0,09%;
21/08/2023;1;57033,48 $;1884,32 $;1884,32 $;0,00 $;5,68 $;-7170,44 $;0,00 $;100,00%;1884,32 $;1884,32 $;0,00 $;1884,32 $;0,00 $;210,00;195,00 $;2760,00 $;875,68 $;0,09%;
22/08/2023;1;56937,80 $;-95,68 $;0,00 $;-95,68 $;5,68 $;-7266,12 $;-95,68 $;0,00%;-95,68 $;0,00 $;-95,68 $;0,00 $;-95,68 $;210,00;615,00 $;965,00 $;1060,68 $;0,09%;
23/08/2023;2;58536,44 $;1598,64 $;1598,64 $;0,00 $;11,36 $;-6526,80 $;0,00 $;100,00%;799,32 $;799,32 $;0,00 $;859,32 $;0,00 $;240,00;407,50 $;970,00 $;170,68 $;0,19%;
25/08/2023;1;58520,76 $;-15,68 $;0,00 $;-15,68 $;5,68 $;-5683,16 $;-15,68 $;0,00%;-15,68 $;0,00 $;-15,68 $;0,00 $;-15,68 $;90,00;400,00 $;1085,00 $;1100,68 $;0,09%;
28/08/2023;1;59085,08 $;564,32 $;564,32 $;0,00 $;5,68 $;-5118,84 $;0,00 $;100,00%;564,32 $;564,32 $;0,00 $;564,32 $;0,00 $;240,00;670,00 $;1760,00 $;1195,68 $;0,09%;
29/08/2023;2;60738,72 $;1653,64 $;1653,64 $;0,00 $;11,36 $;-3494,52 $;0,00 $;100,00%;826,82 $;826,82 $;0,00 $;1624,32 $;0,00 $;240,00;32,50 $;872,50 $;45,68 $;0,19%;
30/08/2023;1;61348,04 $;609,32 $;609,32 $;0,00 $;5,68 $;-2855,88 $;0,00 $;100,00%;609,32 $;609,32 $;0,00 $;609,32 $;0,00 $;240,00;265,00 $;1190,00 $;580,68 $;0,09%;
31/08/2023;1;60382,36 $;-965,68 $;0,00 $;-965,68 $;5,68 $;-3821,56 $;-965,68 $;0,00%;-965,68 $;0,00 $;-965,68 $;0,00 $;-965,68 $;90,00;1080,00 $;180,00 $;1145,68 $;0,09%;
05/09/2023;1;60151,68 $;-230,68 $;0,00 $;-230,68 $;5,68 $;-4052,24 $;-230,68 $;0,00%;-230,68 $;0,00 $;-230,68 $;0,00 $;-230,68 $;150,00;310,00 $;1160,00 $;1390,68 $;0,09%;
08/09/2023;1;58331,00 $;-1820,68 $;0,00 $;-1820,68 $;5,68 $;-5872,92 $;-1820,68 $;0,00%;-1820,68 $;0,00 $;-1820,68 $;0,00 $;-1820,68 $;240,00;1990,00 $;290,00 $;2110,68 $;0,09%;
11/09/2023;1;60275,32 $;1944,32 $;1944,32 $;0,00 $;5,68 $;-3928,60 $;0,00 $;100,00%;1944,32 $;1944,32 $;0,00 $;1944,32 $;0,00 $;240,00;675,00 $;2000,00 $;55,68 $;0,09%;
12/09/2023;1;58364,64 $;-1910,68 $;0,00 $;-1910,68 $;5,68 $;-5839,28 $;-1910,68 $;0,00%;-1910,68 $;0,00 $;-1910,68 $;0,00 $;-1910,68 $;150,00;2350,00 $;190,00 $;2100,68 $;0,09%;
13/09/2023;1;57883,96 $;-480,68 $;0,00 $;-480,68 $;5,68 $;-6319,96 $;-480,68 $;0,00%;-480,68 $;0,00 $;-480,68 $;0,00 $;-480,68 $;210,00;1685,00 $;545,00 $;1025,68 $;0,09%;
14/09/2023;1;58403,28 $;519,32 $;519,32 $;0,00 $;5,68 $;-5800,64 $;0,00 $;100,00%;519,32 $;519,32 $;0,00 $;519,32 $;0,00 $;210,00;350,00 $;910,00 $;390,68 $;0,09%;
28/09/2023;1;60057,60 $;1654,32 $;1654,32 $;0,00 $;5,68 $;-4146,32 $;0,00 $;100,00%;1654,32 $;1654,32 $;0,00 $;1654,32 $;0,00 $;240,00;310,00 $;2415,00 $;760,68 $;0,09%;
29/09/2023;1;59106,92 $;-950,68 $;0,00 $;-950,68 $;5,68 $;-5097,00 $;-950,68 $;0,00%;-950,68 $;0,00 $;-950,68 $;0,00 $;-950,68 $;210,00;2735,00 $;200,00 $;1150,68 $;0,09%;
04/10/2023;1;59711,24 $;604,32 $;604,32 $;0,00 $;5,68 $;-4492,68 $;0,00 $;100,00%;604,32 $;604,32 $;0,00 $;604,32 $;0,00 $;210,00;1550,00 $;1490,00 $;885,68 $;0,09%;
05/10/2023;1;59270,56 $;-440,68 $;0,00 $;-440,68 $;5,68 $;-4933,36 $;-440,68 $;0,00%;-440,68 $;0,00 $;-440,68 $;0,00 $;-440,68 $;30,00;645,00 $;115,00 $;555,68 $;0,09%;
06/10/2023;1;63794,88 $;4524,32 $;4524,32 $;0,00 $;5,68 $;-409,04 $;0,00 $;100,00%;4524,32 $;4524,32 $;0,00 $;4524,32 $;0,00 $;240,00;25,00 $;4600,00 $;75,68 $;0,09%;
09/10/2023;1;67009,20 $;3214,32 $;3214,32 $;0,00 $;5,68 $;0,00 $;0,00 $;100,00%;3214,32 $;3214,32 $;0,00 $;3214,32 $;0,00 $;240,00;195,00 $;3625,00 $;410,68 $;0,09%;
10/10/2023;1;65718,52 $;-1290,68 $;0,00 $;-1290,68 $;5,68 $;-1290,68 $;-1290,68 $;0,00%;-1290,68 $;0,00 $;-1290,68 $;0,00 $;-1290,68 $;240,00;1930,00 $;635,00 $;1925,68 $;0,09%;
11/10/2023;2;66352,16 $;633,64 $;633,64 $;0,00 $;11,36 $;-746,36 $;0,00 $;100,00%;316,82 $;316,82 $;0,00 $;544,32 $;0,00 $;240,00;615,00 $;422,50 $;105,68 $;0,19%;
16/10/2023;2;66905,80 $;553,64 $;599,32 $;-45,68 $;11,36 $;-103,40 $;-45,68 $;50,00%;276,82 $;599,32 $;-45,68 $;599,32 $;-45,68 $;270,00;997,50 $;332,50 $;55,68 $;0,19%;
17/10/2023;1;66575,12 $;-330,68 $;0,00 $;-330,68 $;5,68 $;-434,08 $;-330,68 $;0,00%;-330,68 $;0,00 $;-330,68 $;0,00 $;-330,68 $;150,00;1610,00 $;30,00 $;360,68 $;0,09%;
30/10/2023;1;67809,44 $;1234,32 $;1234,32 $;0,00 $;5,68 $;0,00 $;0,00 $;100,00%;1234,32 $;1234,32 $;0,00 $;1234,32 $;0,00 $;210,00;740,00 $;2490,00 $;1255,68 $;0,09%;
31/10/2023;2;69948,08 $;2138,64 $;2138,64 $;0,00 $;11,36 $;0,00 $;0,00 $;100,00%;1069,32 $;1069,32 $;0,00 $;2124,32 $;0,00 $;240,00;217,50 $;1255,00 $;185,68 $;0,19%;
01/11/2023;2;73121,72 $;3173,64 $;3173,64 $;0,00 $;11,36 $;0,00 $;0,00 $;100,00%;1586,82 $;1586,82 $;0,00 $;2789,32 $;0,00 $;240,00;345,00 $;1775,00 $;188,18 $;0,19%;
02/11/2023;1;72671,04 $;-450,68 $;0,00 $;-450,68 $;5,68 $;-450,68 $;-450,68 $;0,00%;-450,68 $;0,00 $;-450,68 $;0,00 $;-450,68 $;90,00;1195,00 $;490,00 $;940,68 $;0,09%;
03/11/2023;1;72725,36 $;54,32 $;54,32 $;0,00 $;5,68 $;-396,36 $;0,00 $;100,00%;54,32 $;54,32 $;0,00 $;54,32 $;0,00 $;210,00;530,00 $;910,00 $;855,68 $;0,09%;
06/11/2023;1;73054,68 $;329,32 $;329,32 $;0,00 $;5,68 $;-67,04 $;0,00 $;100,00%;329,32 $;329,32 $;0,00 $;329,32 $;0,00 $;210,00;1295,00 $;675,00 $;345,68 $;0,09%;
07/11/2023;1;73294,00 $;239,32 $;239,32 $;0,00 $;5,68 $;0,00 $;0,00 $;100,00%;239,32 $;239,32 $;0,00 $;239,32 $;0,00 $;240,00;1110,00 $;550,00 $;310,68 $;0,09%;
08/11/2023;2;73552,64 $;258,64 $;464,32 $;-205,68 $;11,36 $;-205,68 $;-205,68 $;50,00%;129,32 $;464,32 $;-205,68 $;464,32 $;-205,68 $;270,00;700,00 $;417,50 $;288,18 $;0,19%;
09/11/2023;1;70506,96 $;-3045,68 $;0,00 $;-3045,68 $;5,68 $;-3251,36 $;-3045,68 $;0,00%;-3045,68 $;0,00 $;-3045,68 $;0,00 $;-3045,68 $;240,00;3370,00 $;910,00 $;3955,68 $;0,09%;
10/11/2023;1;73076,28 $;2569,32 $;2569,32 $;0,00 $;5,68 $;-682,04 $;0,00 $;100,00%;2569,32 $;2569,32 $;0,00 $;2569,32 $;0,00 $;210,00;65,00 $;2630,00 $;60,68 $;0,09%;
13/11/2023;2;73249,92 $;173,64 $;173,64 $;0,00 $;11,36 $;-592,72 $;0,00 $;100,00%;86,82 $;86,82 $;0,00 $;89,32 $;0,00 $;240,00;320,00 $;275,00 $;188,18 $;0,19%;
14/11/2023;2;73863,56 $;613,64 $;779,32 $;-165,68 $;11,36 $;-165,68 $;-165,68 $;50,00%;306,82 $;779,32 $;-165,68 $;779,32 $;-165,68 $;270,00;565,00 $;525,00 $;218,18 $;0,19%;
15/11/2023;1;72647,88 $;-1215,68 $;0,00 $;-1215,68 $;5,68 $;-1381,36 $;-1215,68 $;0,00%;-1215,68 $;0,00 $;-1215,68 $;0,00 $;-1215,68 $;210,00;1475,00 $;455,00 $;1670,68 $;0,09%;
16/11/2023;1;73277,20 $;629,32 $;629,32 $;0,00 $;5,68 $;-752,04 $;0,00 $;100,00%;629,32 $;629,32 $;0,00 $;629,32 $;0,00 $;150,00;705,00 $;795,00 $;165,68 $;0,09%;
17/11/2023;2;74025,84 $;748,64 $;984,32 $;-235,68 $;11,36 $;-235,68 $;-235,68 $;50,00%;374,32 $;984,32 $;-235,68 $;984,32 $;-235,68 $;270,00;207,50 $;815,00 $;440,68 $;0,19%;
20/11/2023;1;76220,16 $;2194,32 $;2194,32 $;0,00 $;5,68 $;0,00 $;0,00 $;100,00%;2194,32 $;2194,32 $;0,00 $;2194,32 $;0,00 $;240,00;365,00 $;2365,00 $;170,68 $;0,09%;
21/11/2023;1;75759,48 $;-460,68 $;0,00 $;-460,68 $;5,68 $;-460,68 $;-460,68 $;0,00%;-460,68 $;0,00 $;-460,68 $;0,00 $;-460,68 $;30,00;1585,00 $;675,00 $;1135,68 $;0,09%;
22/11/2023;1;74948,80 $;-810,68 $;0,00 $;-810,68 $;5,68 $;-1271,36 $;-810,68 $;0,00%;-810,68 $;0,00 $;-810,68 $;0,00 $;-810,68 $;210,00;1485,00 $;360,00 $;1170,68 $;0,09%;
23/11/2023;1;74833,12 $;-115,68 $;0,00 $;-115,68 $;5,68 $;-1387,04 $;-115,68 $;0,00%;-115,68 $;0,00 $;-115,68 $;0,00 $;-115,68 $;30,00;190,00 $;80,00 $;195,68 $;0,09%;
27/11/2023;1;75042,44 $;209,32 $;209,32 $;0,00 $;5,68 $;-1177,72 $;0,00 $;100,00%;209,32 $;209,32 $;0,00 $;209,32 $;0,00 $;240,00;605,00 $;1225,00 $;1015,68 $;0,09%;
28/11/2023;1;75286,76 $;244,32 $;244,32 $;0,00 $;5,68 $;-933,40 $;0,00 $;100,00%;244,32 $;244,32 $;0,00 $;244,32 $;0,00 $;210,00;1475,00 $;335,00 $;90,68 $;0,09%;
29/11/2023;1;74516,08 $;-770,68 $;0,00 $;-770,68 $;5,68 $;-1704,08 $;-770,68 $;0,00%;-770,68 $;0,00 $;-770,68 $;0,00 $;-770,68 $;210,00;1505,00 $;220,00 $;990,68 $;0,09%;
01/12/2023;1;74735,40 $;219,32 $;219,32 $;0,00 $;5,68 $;-1484,76 $;0,00 $;100,00%;219,32 $;219,32 $;0,00 $;219,32 $;0,00 $;210,00;705,00 $;580,00 $;360,68 $;0,09%;
05/12/2023;1;74519,72 $;-215,68 $;0,00 $;-215,68 $;5,68 $;-1700,44 $;-215,68 $;0,00%;-215,68 $;0,00 $;-215,68 $;0,00 $;-215,68 $;0,00;265,00 $;10,00 $;225,68 $;0,09%;
07/12/2023;1;75924,04 $;1404,32 $;1404,32 $;0,00 $;5,68 $;-296,12 $;0,00 $;100,00%;1404,32 $;1404,32 $;0,00 $;1404,32 $;0,00 $;240,00;35,00 $;1920,00 $;515,68 $;0,09%;
08/12/2023;1;77003,36 $;1079,32 $;1079,32 $;0,00 $;5,68 $;0,00 $;0,00 $;100,00%;1079,32 $;1079,32 $;0,00 $;1079,32 $;0,00 $;240,00;1295,00 $;1290,00 $;210,68 $;0,09%;
11/12/2023;1;78032,68 $;1029,32 $;1029,32 $;0,00 $;5,68 $;0,00 $;0,00 $;100,00%;1029,32 $;1029,32 $;0,00 $;1029,32 $;0,00 $;210,00;105,00 $;1175,00 $;145,68 $;0,09%;
12/12/2023;2;79391,32 $;1358,64 $;1358,64 $;0,00 $;11,36 $;0,00 $;0,00 $;100,00%;679,32 $;679,32 $;0,00 $;1349,32 $;0,00 $;240,00;307,50 $;750,00 $;70,68 $;0,19%;
13/12/2023;1;83020,64 $;3629,32 $;3629,32 $;0,00 $;5,68 $;0,00 $;0,00 $;100,00%;3629,32 $;3629,32 $;0,00 $;3629,32 $;0,00 $;150,00;15,00 $;4515,00 $;885,68 $;0,09%;
14/12/2023;1;82379,96 $;-640,68 $;0,00 $;-640,68 $;5,68 $;-640,68 $;-640,68 $;0,00%;-640,68 $;0,00 $;-640,68 $;0,00 $;-640,68 $;240,00;2755,00 $;1045,00 $;1685,68 $;0,09%;
15/12/2023;1;81949,28 $;-430,68 $;0,00 $;-430,68 $;5,68 $;-1071,36 $;-430,68 $;0,00%;-430,68 $;0,00 $;-430,68 $;0,00 $;-430,68 $;150,00;1475,00 $;630,00 $;1060,68 $;0,09%;
18/12/2023;1;81403,60 $;-545,68 $;0,00 $;-545,68 $;5,68 $;-1617,04 $;-545,68 $;0,00%;-545,68 $;0,00 $;-545,68 $;0,00 $;-545,68 $;150,00;720,00 $;505,00 $;1050,68 $;0,09%;
19/12/2023;1;81372,92 $;-30,68 $;0,00 $;-30,68 $;5,68 $;-1647,72 $;-30,68 $;0,00%;-30,68 $;0,00 $;-30,68 $;0,00 $;-30,68 $;240,00;660,00 $;250,00 $;280,68 $;0,09%;
20/12/2023;1;76197,24 $;-5175,68 $;0,00 $;-5175,68 $;5,68 $;-6823,40 $;-5175,68 $;0,00%;-5175,68 $;0,00 $;-5175,68 $;0,00 $;-5175,68 $;210,00;5715,00 $;430,00 $;5605,68 $;0,09%;
21/12/2023;1;76391,56 $;194,32 $;194,32 $;0,00 $;5,68 $;-6629,08 $;0,00 $;100,00%;194,32 $;194,32 $;0,00 $;194,32 $;0,00 $;30,00;205,00 $;530,00 $;335,68 $;0,09%;
22/12/2023;1;76300,88 $;-90,68 $;0,00 $;-90,68 $;5,68 $;-6719,76 $;-90,68 $;0,00%;-90,68 $;0,00 $;-90,68 $;0,00 $;-90,68 $;0,00;165,00 $;5,00 $;95,68 $;0,09%;
26/12/2023;1;77555,20 $;1254,32 $;1254,32 $;0,00 $;5,68 $;-5465,44 $;0,00 $;100,00%;1254,32 $;1254,32 $;0,00 $;1254,32 $;0,00 $;240,00;15,00 $;1440,00 $;185,68 $;0,09%;
27/12/2023;1;77654,52 $;99,32 $;99,32 $;0,00 $;5,68 $;-5366,12 $;0,00 $;100,00%;99,32 $;99,32 $;0,00 $;99,32 $;0,00 $;240,00;350,00 $;990,00 $;890,68 $;0,09%;
28/12/2023;2;77208,16 $;-446,36 $;0,00 $;-446,36 $;11,36 $;-5812,48 $;-446,36 $;0,00%;-223,18 $;0,00 $;-223,18 $;0,00 $;-300,68 $;270,00;365,00 $;237,50 $;460,68 $;0,19%;
08/01/2024;1;79787,48 $;2579,32 $;2579,32 $;0,00 $;5,68 $;-3233,16 $;0,00 $;100,00%;2579,32 $;2579,32 $;0,00 $;2579,32 $;0,00 $;240,00;15,00 $;2890,00 $;310,68 $;0,09%;
09/01/2024;1;79761,80 $;-25,68 $;0,00 $;-25,68 $;5,68 $;-3258,84 $;-25,68 $;0,00%;-25,68 $;0,00 $;-25,68 $;0,00 $;-25,68 $;150,00;1080,00 $;520,00 $;545,68 $;0,09%;
10/01/2024;1;81201,12 $;1439,32 $;1439,32 $;0,00 $;5,68 $;-1819,52 $;0,00 $;100,00%;1439,32 $;1439,32 $;0,00 $;1439,32 $;0,00 $;240,00;180,00 $;2330,00 $;890,68 $;0,09%;
11/01/2024;1;81410,44 $;209,32 $;209,32 $;0,00 $;5,68 $;-1610,20 $;0,00 $;100,00%;209,32 $;209,32 $;0,00 $;209,32 $;0,00 $;90,00;430,00 $;725,00 $;515,68 $;0,09%;
12/01/2024;1;80844,76 $;-565,68 $;0,00 $;-565,68 $;5,68 $;-2175,88 $;-565,68 $;0,00%;-565,68 $;0,00 $;-565,68 $;0,00 $;-565,68 $;240,00;1300,00 $;235,00 $;800,68 $;0,09%;
15/01/2024;1;80829,08 $;-15,68 $;0,00 $;-15,68 $;5,68 $;-2191,56 $;-15,68 $;0,00%;-15,68 $;0,00 $;-15,68 $;0,00 $;-15,68 $;0,00;155,00 $;40,00 $;55,68 $;0,09%;
16/01/2024;2;79587,72 $;-1241,36 $;94,32 $;-1335,68 $;11,36 $;-3527,24 $;-1335,68 $;50,00%;-620,68 $;94,32 $;-1335,68 $;94,32 $;-1335,68 $;270,00;1377,50 $;317,50 $;938,18 $;0,19%;
18/01/2024;1;81482,04 $;1894,32 $;1894,32 $;0,00 $;5,68 $;-1538,60 $;0,00 $;100,00%;1894,32 $;1894,32 $;0,00 $;1894,32 $;0,00 $;210,00;1670,00 $;1995,00 $;100,68 $;0,09%;
19/01/2024;1;84931,36 $;3449,32 $;3449,32 $;0,00 $;5,68 $;0,00 $;0,00 $;100,00%;3449,32 $;3449,32 $;0,00 $;3449,32 $;0,00 $;240,00;610,00 $;3805,00 $;355,68 $;0,09%;
22/01/2024;2;84760,00 $;-171,36 $;14,32 $;-185,68 $;11,36 $;-185,68 $;-185,68 $;50,00%;-85,68 $;14,32 $;-185,68 $;14,32 $;-185,68 $;270,00;615,00 $;265,00 $;350,68 $;0,19%;
23/01/2024;1;86354,32 $;1594,32 $;1594,32 $;0,00 $;5,68 $;0,00 $;0,00 $;100,00%;1594,32 $;1594,32 $;0,00 $;1594,32 $;0,00 $;90,00;160,00 $;1715,00 $;120,68 $;0,09%;
25/01/2024;1;85368,64 $;-985,68 $;0,00 $;-985,68 $;5,68 $;-985,68 $;-985,68 $;0,00%;-985,68 $;0,00 $;-985,68 $;0,00 $;-985,68 $;150,00;1730,00 $;445,00 $;1430,68 $;0,09%;
26/01/2024;1;83607,96 $;-1760,68 $;0,00 $;-1760,68 $;5,68 $;-2746,36 $;-1760,68 $;0,00%;-1760,68 $;0,00 $;-1760,68 $;0,00 $;-1760,68 $;210,00;1885,00 $;10,00 $;1770,68 $;0,09%;
29/01/2024;1;85787,28 $;2179,32 $;2179,32 $;0,00 $;5,68 $;-567,04 $;0,00 $;100,00%;2179,32 $;2179,32 $;0,00 $;2179,32 $;0,00 $;210,00;325,00 $;2435,00 $;255,68 $;0,09%;
02/02/2024;1;85076,60 $;-710,68 $;0,00 $;-710,68 $;5,68 $;-1277,72 $;-710,68 $;0,00%;-710,68 $;0,00 $;-710,68 $;0,00 $;-710,68 $;210,00;1690,00 $;530,00 $;1240,68 $;0,09%;
05/02/2024;1;85525,92 $;449,32 $;449,32 $;0,00 $;5,68 $;-828,40 $;0,00 $;100,00%;449,32 $;449,32 $;0,00 $;449,32 $;0,00 $;150,00;125,00 $;1315,00 $;865,68 $;0,09%;
06/02/2024;2;85164,56 $;-361,36 $;29,32 $;-390,68 $;11,36 $;-1219,08 $;-390,68 $;50,00%;-180,68 $;29,32 $;-390,68 $;29,32 $;-390,68 $;270,00;1000,00 $;110,00 $;290,68 $;0,19%;
07/02/2024;1;85708,88 $;544,32 $;544,32 $;0,00 $;5,68 $;-645,44 $;0,00 $;100,00%;544,32 $;544,32 $;0,00 $;544,32 $;0,00 $;240,00;990,00 $;750,00 $;205,68 $;0,09%;
08/02/2024;1;85838,20 $;129,32 $;129,32 $;0,00 $;5,68 $;-516,12 $;0,00 $;100,00%;129,32 $;129,32 $;0,00 $;129,32 $;0,00 $;240,00;725,00 $;660,00 $;530,68 $;0,09%;
09/02/2024;1;86987,52 $;1149,32 $;1149,32 $;0,00 $;5,68 $;0,00 $;0,00 $;100,00%;1149,32 $;1149,32 $;0,00 $;1149,32 $;0,00 $;240,00;345,00 $;1735,00 $;585,68 $;0,09%;
12/02/2024;1;83846,84 $;-3140,68 $;0,00 $;-3140,68 $;5,68 $;-3140,68 $;-3140,68 $;0,00%;-3140,68 $;0,00 $;-3140,68 $;0,00 $;-3140,68 $;210,00;3315,00 $;645,00 $;3785,68 $;0,09%;
14/02/2024;1;84571,16 $;724,32 $;724,32 $;0,00 $;5,68 $;-2416,36 $;0,00 $;100,00%;724,32 $;724,32 $;0,00 $;724,32 $;0,00 $;30,00;260,00 $;1000,00 $;275,68 $;0,09%;
15/02/2024;1;85825,48 $;1254,32 $;1254,32 $;0,00 $;5,68 $;-1162,04 $;0,00 $;100,00%;1254,32 $;1254,32 $;0,00 $;1254,32 $;0,00 $;240,00;390,00 $;2000,00 $;745,68 $;0,09%;
16/02/2024;1;84334,80 $;-1490,68 $;0,00 $;-1490,68 $;5,68 $;-2652,72 $;-1490,68 $;0,00%;-1490,68 $;0,00 $;-1490,68 $;0,00 $;-1490,68 $;240,00;2020,00 $;820,00 $;2310,68 $;0,09%;
22/02/2024;1;84839,12 $;504,32 $;504,32 $;0,00 $;5,68 $;-2148,40 $;0,00 $;100,00%;504,32 $;504,32 $;0,00 $;504,32 $;0,00 $;210,00;330,00 $;1970,00 $;1465,68 $;0,09%;
23/02/2024;1;83778,44 $;-1060,68 $;0,00 $;-1060,68 $;5,68 $;-3209,08 $;-1060,68 $;0,00%;-1060,68 $;0,00 $;-1060,68 $;0,00 $;-1060,68 $;210,00;1305,00 $;810,00 $;1870,68 $;0,09%;
26/02/2024;1;82007,76 $;-1770,68 $;0,00 $;-1770,68 $;5,68 $;-4979,76 $;-1770,68 $;0,00%;-1770,68 $;0,00 $;-1770,68 $;0,00 $;-1770,68 $;210,00;1850,00 $;200,00 $;1970,68 $;0,09%;
27/02/2024;1;82947,08 $;939,32 $;939,32 $;0,00 $;5,68 $;-4040,44 $;0,00 $;100,00%;939,32 $;939,32 $;0,00 $;939,32 $;0,00 $;210,00;1345,00 $;1105,00 $;165,68 $;0,09%;
29/02/2024;1;84346,40 $;1399,32 $;1399,32 $;0,00 $;5,68 $;-2641,12 $;0,00 $;100,00%;1399,32 $;1399,32 $;0,00 $;1399,32 $;0,00 $;240,00;1625,00 $;1595,00 $;195,68 $;0,09%;
01/03/2024;1;86645,72 $;2299,32 $;2299,32 $;0,00 $;5,68 $;-341,80 $;0,00 $;100,00%;2299,32 $;2299,32 $;0,00 $;2299,32 $;0,00 $;240,00;420,00 $;2860,00 $;560,68 $;0,09%;
04/03/2024;1;86980,04 $;334,32 $;334,32 $;0,00 $;5,68 $;-7,48 $;0,00 $;100,00%;334,32 $;334,32 $;0,00 $;334,32 $;0,00 $;240,00;675,00 $;850,00 $;515,68 $;0,09%;
06/03/2024;1;85394,36 $;-1585,68 $;0,00 $;-1585,68 $;5,68 $;-1593,16 $;-1585,68 $;0,00%;-1585,68 $;0,00 $;-1585,68 $;0,00 $;-1585,68 $;240,00;2105,00 $;1530,00 $;3115,68 $;0,09%;
07/03/2024;1;85733,68 $;339,32 $;339,32 $;0,00 $;5,68 $;-1253,84 $;0,00 $;100,00%;339,32 $;339,32 $;0,00 $;339,32 $;0,00 $;240,00;535,00 $;1470,00 $;1130,68 $;0,09%;
12/03/2024;1;87498,00 $;1764,32 $;1764,32 $;0,00 $;5,68 $;0,00 $;0,00 $;100,00%;1764,32 $;1764,32 $;0,00 $;1764,32 $;0,00 $;150,00;45,00 $;2170,00 $;405,68 $;0,09%;
13/03/2024;1;86922,32 $;-575,68 $;0,00 $;-575,68 $;5,68 $;-575,68 $;-575,68 $;0,00%;-575,68 $;0,00 $;-575,68 $;0,00 $;-575,68 $;90,00;1905,00 $;405,00 $;980,68 $;0,09%;
18/03/2024;2;85925,96 $;-996,36 $;0,00 $;-996,36 $;11,36 $;-1572,04 $;-996,36 $;0,00%;-498,18 $;0,00 $;-498,18 $;0,00 $;-815,68 $;270,00;985,00 $;85,00 $;583,18 $;0,19%;
19/03/2024;1;86345,28 $;419,32 $;419,32 $;0,00 $;5,68 $;-1152,72 $;0,00 $;100,00%;419,32 $;419,32 $;0,00 $;419,32 $;0,00 $;150,00;705,00 $;750,00 $;330,68 $;0,09%;
20/03/2024;2;90528,92 $;4183,64 $;4183,64 $;0,00 $;11,36 $;0,00 $;0,00 $;100,00%;2091,82 $;2091,82 $;0,00 $;4009,32 $;0,00 $;240,00;412,50 $;2182,50 $;90,68 $;0,19%;
25/03/2024;1;90318,24 $;-210,68 $;0,00 $;-210,68 $;5,68 $;-210,68 $;-210,68 $;0,00%;-210,68 $;0,00 $;-210,68 $;0,00 $;-210,68 $;150,00;725,00 $;560,00 $;770,68 $;0,09%;
26/03/2024;1;88737,56 $;-1580,68 $;0,00 $;-1580,68 $;5,68 $;-1791,36 $;-1580,68 $;0,00%;-1580,68 $;0,00 $;-1580,68 $;0,00 $;-1580,68 $;90,00;2390,00 $;80,00 $;1660,68 $;0,09%;
03/04/2024;1;86556,88 $;-2180,68 $;0,00 $;-2180,68 $;5,68 $;-3972,04 $;-2180,68 $;0,00%;-2180,68 $;0,00 $;-2180,68 $;0,00 $;-2180,68 $;240,00;2795,00 $;180,00 $;2360,68 $;0,09%;
04/04/2024;1;78691,20 $;-7865,68 $;0,00 $;-7865,68 $;5,68 $;-11837,72 $;-7865,68 $;0,00%;-7865,68 $;0,00 $;-7865,68 $;0,00 $;-7865,68 $;240,00;7905,00 $;1295,00 $;9160,68 $;0,09%;
05/04/2024;1;77510,52 $;-1180,68 $;0,00 $;-1180,68 $;5,68 $;-13018,40 $;-1180,68 $;0,00%;-1180,68 $;0,00 $;-1180,68 $;0,00 $;-1180,68 $;210,00;2095,00 $;1045,00 $;2225,68 $;0,09%;
08/04/2024;1;77094,84 $;-415,68 $;0,00 $;-415,68 $;5,68 $;-13434,08 $;-415,68 $;0,00%;-415,68 $;0,00 $;-415,68 $;0,00 $;-415,68 $;240,00;1670,00 $;10,00 $;425,68 $;0,09%;
09/04/2024;1;76974,16 $;-120,68 $;0,00 $;-120,68 $;5,68 $;-13554,76 $;-120,68 $;0,00%;-120,68 $;0,00 $;-120,68 $;0,00 $;-120,68 $;0,00;200,00 $;85,00 $;205,68 $;0,09%;
11/04/2024;1;78423,48 $;1449,32 $;1449,32 $;0,00 $;5,68 $;-12105,44 $;0,00 $;100,00%;1449,32 $;1449,32 $;0,00 $;1449,32 $;0,00 $;150,00;365,00 $;2120,00 $;670,68 $;0,09%;
22/04/2024;1;76737,80 $;-1685,68 $;0,00 $;-1685,68 $;5,68 $;-13791,12 $;-1685,68 $;0,00%;-1685,68 $;0,00 $;-1685,68 $;0,00 $;-1685,68 $;90,00;2105,00 $;380,00 $;2065,68 $;0,09%;
23/04/2024;1;77447,12 $;709,32 $;709,32 $;0,00 $;5,68 $;-13081,80 $;0,00 $;100,00%;709,32 $;709,32 $;0,00 $;709,32 $;0,00 $;240,00;570,00 $;1370,00 $;660,68 $;0,09%;
24/04/2024;1;77651,44 $;204,32 $;204,32 $;0,00 $;5,68 $;-12877,48 $;0,00 $;100,00%;204,32 $;204,32 $;0,00 $;204,32 $;0,00 $;240,00;1830,00 $;930,00 $;725,68 $;0,09%;
25/04/2024;1;78580,76 $;929,32 $;929,32 $;0,00 $;5,68 $;-11948,16 $;0,00 $;100,00%;929,32 $;929,32 $;0,00 $;929,32 $;0,00 $;0,00;50,00 $;1155,00 $;225,68 $;0,09%;
26/04/2024;1;77495,08 $;-1085,68 $;0,00 $;-1085,68 $;5,68 $;-13033,84 $;-1085,68 $;0,00%;-1085,68 $;0,00 $;-1085,68 $;0,00 $;-1085,68 $;150,00;1205,00 $;215,00 $;1300,68 $;0,09%;
29/04/2024;1;76874,40 $;-620,68 $;0,00 $;-620,68 $;5,68 $;-13654,52 $;-620,68 $;0,00%;-620,68 $;0,00 $;-620,68 $;0,00 $;-620,68 $;240,00;1740,00 $;1065,00 $;1685,68 $;0,09%;
01/05/2024;1;72008,72 $;-4865,68 $;0,00 $;-4865,68 $;5,68 $;-18520,20 $;-4865,68 $;0,00%;-4865,68 $;0,00 $;-4865,68 $;0,00 $;-4865,68 $;30,00;5850,00 $;0,00 $;4865,68 $;0,09%;
02/05/2024;1;74773,04 $;2764,32 $;2764,32 $;0,00 $;5,68 $;-15755,88 $;0,00 $;100,00%;2764,32 $;2764,32 $;0,00 $;2764,32 $;0,00 $;150,00;590,00 $;3015,00 $;250,68 $;0,09%;
03/05/2024;1;75437,36 $;664,32 $;664,32 $;0,00 $;5,68 $;-15091,56 $;0,00 $;100,00%;664,32 $;664,32 $;0,00 $;664,32 $;0,00 $;210,00;505,00 $;810,00 $;145,68 $;0,09%;
07/05/2024;1;75231,68 $;-205,68 $;0,00 $;-205,68 $;5,68 $;-15297,24 $;-205,68 $;0,00%;-205,68 $;0,00 $;-205,68 $;0,00 $;-205,68 $;0,00;260,00 $;0,00 $;205,68 $;0,09%;
08/05/2024;1;75176,00 $;-55,68 $;0,00 $;-55,68 $;5,68 $;-15352,92 $;-55,68 $;0,00%;-55,68 $;0,00 $;-55,68 $;0,00 $;-55,68 $;240,00;955,00 $;150,00 $;205,68 $;0,09%;
09/05/2024;2;74499,64 $;-676,36 $;0,00 $;-676,36 $;11,36 $;-16029,28 $;-676,36 $;0,00%;-338,18 $;0,00 $;-338,18 $;0,00 $;-430,68 $;270,00;720,00 $;100,00 $;438,18 $;0,19%;
10/05/2024;1;74688,96 $;189,32 $;189,32 $;0,00 $;5,68 $;-15839,96 $;0,00 $;100,00%;189,32 $;189,32 $;0,00 $;189,32 $;0,00 $;210,00;545,00 $;725,00 $;535,68 $;0,09%;
13/05/2024;1;74533,28 $;-155,68 $;0,00 $;-155,68 $;5,68 $;-15995,64 $;-155,68 $;0,00%;-155,68 $;0,00 $;-155,68 $;0,00 $;-155,68 $;150,00;520,00 $;150,00 $;305,68 $;0,09%;
14/05/2024;1;76462,60 $;1929,32 $;1929,32 $;0,00 $;5,68 $;-14066,32 $;0,00 $;100,00%;1929,32 $;1929,32 $;0,00 $;1929,32 $;0,00 $;210,00;280,00 $;2420,00 $;490,68 $;0,09%;
15/05/2024;1;77901,92 $;1439,32 $;1439,32 $;0,00 $;5,68 $;-12627,00 $;0,00 $;100,00%;1439,32 $;1439,32 $;0,00 $;1439,32 $;0,00 $;210,00;70,00 $;1895,00 $;455,68 $;0,09%;
16/05/2024;1;76186,24 $;-1715,68 $;0,00 $;-1715,68 $;5,68 $;-14342,68 $;-1715,68 $;0,00%;-1715,68 $;0,00 $;-1715,68 $;0,00 $;-1715,68 $;210,00;1775,00 $;335,00 $;2050,68 $;0,09%;
17/05/2024;1;75690,56 $;-495,68 $;0,00 $;-495,68 $;5,68 $;-14838,36 $;-495,68 $;0,00%;-495,68 $;0,00 $;-495,68 $;0,00 $;-495,68 $;240,00;2195,00 $;125,00 $;620,68 $;0,09%;
20/05/2024;1;76204,88 $;514,32 $;514,32 $;0,00 $;5,68 $;-14324,04 $;0,00 $;100,00%;514,32 $;514,32 $;0,00 $;514,32 $;0,00 $;240,00;915,00 $;835,00 $;320,68 $;0,09%;
21/05/2024;1;77004,20 $;799,32 $;799,32 $;0,00 $;5,68 $;-13524,72 $;0,00 $;100,00%;799,32 $;799,32 $;0,00 $;799,32 $;0,00 $;210,00;610,00 $;885,00 $;85,68 $;0,09%;
22/05/2024;1;76638,52 $;-365,68 $;0,00 $;-365,68 $;5,68 $;-13890,40 $;-365,68 $;0,00%;-365,68 $;0,00 $;-365,68 $;0,00 $;-365,68 $;210,00;2725,00 $;1410,00 $;1775,68 $;0,09%;
24/05/2024;1;75862,84 $;-775,68 $;0,00 $;-775,68 $;5,68 $;-14666,08 $;-775,68 $;0,00%;-775,68 $;0,00 $;-775,68 $;0,00 $;-775,68 $;210,00;1415,00 $;395,00 $;1170,68 $;0,09%;
27/05/2024;1;76387,16 $;524,32 $;524,32 $;0,00 $;5,68 $;-14141,76 $;0,00 $;100,00%;524,32 $;524,32 $;0,00 $;524,32 $;0,00 $;30,00;20,00 $;635,00 $;110,68 $;0,09%;
28/05/2024;1;77046,48 $;659,32 $;659,32 $;0,00 $;5,68 $;-13482,44 $;0,00 $;100,00%;659,32 $;659,32 $;0,00 $;659,32 $;0,00 $;210,00;1945,00 $;1015,00 $;355,68 $;0,09%;
03/06/2024;1;76475,80 $;-570,68 $;0,00 $;-570,68 $;5,68 $;-14053,12 $;-570,68 $;0,00%;-570,68 $;0,00 $;-570,68 $;0,00 $;-570,68 $;240,00;3615,00 $;415,00 $;985,68 $;0,09%;
04/06/2024;1;77810,12 $;1334,32 $;1334,32 $;0,00 $;5,68 $;-12718,80 $;0,00 $;100,00%;1334,32 $;1334,32 $;0,00 $;1334,32 $;0,00 $;240,00;615,00 $;3035,00 $;1700,68 $;0,09%;
05/06/2024;1;78899,44 $;1089,32 $;1089,32 $;0,00 $;5,68 $;-11629,48 $;0,00 $;100,00%;1089,32 $;1089,32 $;0,00 $;1089,32 $;0,00 $;30,00;240,00 $;1160,00 $;70,68 $;0,09%;
06/06/2024;1;79108,76 $;209,32 $;209,32 $;0,00 $;5,68 $;-11420,16 $;0,00 $;100,00%;209,32 $;209,32 $;0,00 $;209,32 $;0,00 $;210,00;800,00 $;665,00 $;455,68 $;0,09%;
07/06/2024;1;77173,08 $;-1935,68 $;0,00 $;-1935,68 $;5,68 $;-13355,84 $;-1935,68 $;0,00%;-1935,68 $;0,00 $;-1935,68 $;0,00 $;-1935,68 $;150,00;2595,00 $;245,00 $;2180,68 $;0,09%;
10/06/2024;1;76892,40 $;-280,68 $;0,00 $;-280,68 $;5,68 $;-13636,52 $;-280,68 $;0,00%;-280,68 $;0,00 $;-280,68 $;0,00 $;-280,68 $;210,00;1480,00 $;435,00 $;715,68 $;0,09%;
11/06/2024;2;78431,04 $;1538,64 $;1569,32 $;-30,68 $;11,36 $;-12097,88 $;-30,68 $;50,00%;769,32 $;1569,32 $;-30,68 $;1569,32 $;-30,68 $;270,00;642,50 $;1177,50 $;408,18 $;0,19%;
12/06/2024;1;77065,36 $;-1365,68 $;0,00 $;-1365,68 $;5,68 $;-13463,56 $;-1365,68 $;0,00%;-1365,68 $;0,00 $;-1365,68 $;0,00 $;-1365,68 $;240,00;1705,00 $;1100,00 $;2465,68 $;0,09%;
14/06/2024;2;78124,00 $;1058,64 $;1074,32 $;-15,68 $;11,36 $;-12404,92 $;-15,68 $;50,00%;529,32 $;1074,32 $;-15,68 $;1074,32 $;-15,68 $;270,00;662,50 $;620,00 $;90,68 $;0,19%;
17/06/2024;1;80088,32 $;1964,32 $;1964,32 $;0,00 $;5,68 $;-10440,60 $;0,00 $;100,00%;1964,32 $;1964,32 $;0,00 $;1964,32 $;0,00 $;210,00;260,00 $;3760,00 $;1795,68 $;0,09%;
18/06/2024;2;80856,96 $;768,64 $;768,64 $;0,00 $;11,36 $;-9721,28 $;0,00 $;100,00%;384,32 $;384,32 $;0,00 $;719,32 $;0,00 $;240,00;105,00 $;757,50 $;373,18 $;0,19%;
19/06/2024;1;80651,28 $;-205,68 $;0,00 $;-205,68 $;5,68 $;-9877,64 $;-205,68 $;0,00%;-205,68 $;0,00 $;-205,68 $;0,00 $;-205,68 $;30,00;260,00 $;145,00 $;350,68 $;0,09%;
20/06/2024;1;77450,60 $;-3200,68 $;0,00 $;-3200,68 $;5,68 $;-13078,32 $;-3200,68 $;0,00%;-3200,68 $;0,00 $;-3200,68 $;0,00 $;-3200,68 $;240,00;4630,00 $;425,00 $;3625,68 $;0,09%;
25/06/2024;1;78304,92 $;854,32 $;854,32 $;0,00 $;5,68 $;-12224,00 $;0,00 $;100,00%;854,32 $;854,32 $;0,00 $;854,32 $;0,00 $;210,00;1670,00 $;1200,00 $;345,68 $;0,09%;
26/06/2024;1;78339,24 $;34,32 $;34,32 $;0,00 $;5,68 $;-12189,68 $;0,00 $;100,00%;34,32 $;34,32 $;0,00 $;34,32 $;0,00 $;240,00;600,00 $;1415,00 $;1380,68 $;0,09%;
27/06/2024;1;78618,56 $;279,32 $;279,32 $;0,00 $;5,68 $;-11910,36 $;0,00 $;100,00%;279,32 $;279,32 $;0,00 $;279,32 $;0,00 $;150,00;1195,00 $;530,00 $;250,68 $;0,09%;
28/06/2024;1;76412,88 $;-2205,68 $;0,00 $;-2205,68 $;5,68 $;-14116,04 $;-2205,68 $;0,00%;-2205,68 $;0,00 $;-2205,68 $;0,00 $;-2205,68 $;240,00;2315,00 $;590,00 $;2795,68 $;0,09%;
01/07/2024;1;77122,20 $;709,32 $;709,32 $;0,00 $;5,68 $;-13406,72 $;0,00 $;100,00%;709,32 $;709,32 $;0,00 $;709,32 $;0,00 $;150,00;485,00 $;1345,00 $;635,68 $;0,09%;
02/07/2024;1;79896,52 $;2774,32 $;2774,32 $;0,00 $;5,68 $;-10632,40 $;0,00 $;100,00%;2774,32 $;2774,32 $;0,00 $;2774,32 $;0,00 $;210,00;150,00 $;3080,00 $;305,68 $;0,09%;
03/07/2024;1;81350,84 $;1454,32 $;1454,32 $;0,00 $;5,68 $;-9178,08 $;0,00 $;100,00%;1454,32 $;1454,32 $;0,00 $;1454,32 $;0,00 $;45,00;385,00 $;1775,00 $;320,68 $;0,09%;
04/07/2024;1;81225,16 $;-125,68 $;0,00 $;-125,68 $;5,68 $;-9303,76 $;-125,68 $;0,00%;-125,68 $;0,00 $;-125,68 $;0,00 $;-125,68 $;30,00;270,00 $;130,00 $;255,68 $;0,09%;
05/07/2024;1;81169,48 $;-55,68 $;0,00 $;-55,68 $;5,68 $;-9359,44 $;-55,68 $;0,00%;-55,68 $;0,00 $;-55,68 $;0,00 $;-55,68 $;210,00;785,00 $;490,00 $;545,68 $;0,09%;
09/07/2024;1;82253,80 $;1084,32 $;1084,32 $;0,00 $;5,68 $;-8275,12 $;0,00 $;100,00%;1084,32 $;1084,32 $;0,00 $;1084,32 $;0,00 $;150,00;75,00 $;1130,00 $;45,68 $;0,09%;
10/07/2024;2;84617,44 $;2363,64 $;2363,64 $;0,00 $;11,36 $;-5935,80 $;0,00 $;100,00%;1181,82 $;1181,82 $;0,00 $;2339,32 $;0,00 $;240,00;147,50 $;1445,00 $;263,18 $;0,19%;
12/07/2024;1;85011,76 $;394,32 $;394,32 $;0,00 $;5,68 $;-5517,16 $;0,00 $;100,00%;394,32 $;394,32 $;0,00 $;394,32 $;0,00 $;240,00;2015,00 $;1710,00 $;1315,68 $;0,09%;
15/07/2024;1;83401,08 $;-1610,68 $;0,00 $;-1610,68 $;5,68 $;-7127,84 $;-1610,68 $;0,00%;-1610,68 $;0,00 $;-1610,68 $;0,00 $;-1610,68 $;240,00;2675,00 $;2315,00 $;3925,68 $;0,09%;
16/07/2024;1;83185,40 $;-215,68 $;0,00 $;-215,68 $;5,68 $;-7343,52 $;-215,68 $;0,00%;-215,68 $;0,00 $;-215,68 $;0,00 $;-215,68 $;0,00;210,00 $;55,00 $;270,68 $;0,09%;
22/07/2024;1;84804,72 $;1619,32 $;1619,32 $;0,00 $;5,68 $;-5724,20 $;0,00 $;100,00%;1619,32 $;1619,32 $;0,00 $;1619,32 $;0,00 $;210,00;230,00 $;3085,00 $;1465,68 $;0,09%;
23/07/2024;1;83649,04 $;-1155,68 $;0,00 $;-1155,68 $;5,68 $;-6879,88 $;-1155,68 $;0,00%;-1155,68 $;0,00 $;-1155,68 $;0,00 $;-1155,68 $;240,00;2065,00 $;1315,00 $;2470,68 $;0,09%;
29/07/2024;1;81938,36 $;-1710,68 $;0,00 $;-1710,68 $;5,68 $;-8590,56 $;-1710,68 $;0,00%;-1710,68 $;0,00 $;-1710,68 $;0,00 $;-1710,68 $;210,00;2330,00 $;925,00 $;2635,68 $;0,09%;
31/07/2024;2;85422,00 $;3483,64 $;3483,64 $;0,00 $;11,36 $;-7996,24 $;0,00 $;100,00%;1741,82 $;1741,82 $;0,00 $;2889,32 $;0,00 $;240,00;1127,50 $;2847,50 $;1105,68 $;0,19%;
06/08/2024;1;78916,32 $;-6505,68 $;0,00 $;-6505,68 $;5,68 $;-11612,60 $;-6505,68 $;0,00%;-6505,68 $;0,00 $;-6505,68 $;0,00 $;-6505,68 $;150,00;7105,00 $;1185,00 $;7690,68 $;0,09%;
07/08/2024;1;71415,64 $;-7500,68 $;0,00 $;-7500,68 $;5,68 $;-19113,28 $;-7500,68 $;0,00%;-7500,68 $;0,00 $;-7500,68 $;0,00 $;-7500,68 $;240,00;9295,00 $;455,00 $;7955,68 $;0,09%;
08/08/2024;2;72424,28 $;1008,64 $;1209,32 $;-200,68 $;11,36 $;-18104,64 $;-200,68 $;50,00%;504,32 $;1209,32 $;-200,68 $;1209,32 $;-200,68 $;270,00;422,50 $;1812,50 $;1308,18 $;0,19%;
09/08/2024;1;74403,60 $;1979,32 $;1979,32 $;0,00 $;5,68 $;-16125,32 $;0,00 $;100,00%;1979,32 $;1979,32 $;0,00 $;1979,32 $;0,00 $;240,00;1060,00 $;3320,00 $;1340,68 $;0,09%;
12/08/2024;1;73137,92 $;-1265,68 $;0,00 $;-1265,68 $;5,68 $;-17391,00 $;-1265,68 $;0,00%;-1265,68 $;0,00 $;-1265,68 $;0,00 $;-1265,68 $;210,00;2255,00 $;450,00 $;1715,68 $;0,09%;
13/08/2024;2;75011,56 $;1873,64 $;1873,64 $;0,00 $;11,36 $;-15551,68 $;0,00 $;100,00%;936,82 $;936,82 $;0,00 $;1839,32 $;0,00 $;240,00;245,00 $;1267,50 $;330,68 $;0,19%;
14/08/2024;1;74040,88 $;-970,68 $;0,00 $;-970,68 $;5,68 $;-16488,04 $;-970,68 $;0,00%;-970,68 $;0,00 $;-970,68 $;0,00 $;-970,68 $;240,00;1795,00 $;1920,00 $;2890,68 $;0,09%;
15/08/2024;1;75635,20 $;1594,32 $;1594,32 $;0,00 $;5,68 $;-14893,72 $;0,00 $;100,00%;1594,32 $;1594,32 $;0,00 $;1594,32 $;0,00 $;240,00;190,00 $;1815,00 $;220,68 $;0,09%;
16/08/2024;1;75544,52 $;-90,68 $;0,00 $;-90,68 $;5,68 $;-14984,40 $;-90,68 $;0,00%;-90,68 $;0,00 $;-90,68 $;0,00 $;-90,68 $;210,00;840,00 $;930,00 $;1020,68 $;0,09%;
19/08/2024;2;79538,16 $;3993,64 $;3993,64 $;0,00 $;11,36 $;-12360,08 $;0,00 $;100,00%;1996,82 $;1996,82 $;0,00 $;2624,32 $;0,00 $;240,00;397,50 $;2200,00 $;203,18 $;0,19%;
20/08/2024;2;79896,80 $;358,64 $;689,32 $;-330,68 $;11,36 $;-10632,12 $;-330,68 $;50,00%;179,32 $;689,32 $;-330,68 $;689,32 $;-330,68 $;270,00;597,50 $;777,50 $;598,18 $;0,19%;
21/08/2024;1;79971,12 $;74,32 $;74,32 $;0,00 $;5,68 $;-10557,80 $;0,00 $;100,00%;74,32 $;74,32 $;0,00 $;74,32 $;0,00 $;240,00;1925,00 $;1710,00 $;1635,68 $;0,09%;
23/08/2024;1;80555,44 $;584,32 $;584,32 $;0,00 $;5,68 $;-9973,48 $;0,00 $;100,00%;584,32 $;584,32 $;0,00 $;584,32 $;0,00 $;240,00;3570,00 $;960,00 $;375,68 $;0,09%;
27/08/2024;1;79859,76 $;-695,68 $;0,00 $;-695,68 $;5,68 $;-10669,16 $;-695,68 $;0,00%;-695,68 $;0,00 $;-695,68 $;0,00 $;-695,68 $;150,00;895,00 $;445,00 $;1140,68 $;0,09%;
29/08/2024;1;75524,08 $;-4335,68 $;0,00 $;-4335,68 $;5,68 $;-15004,84 $;-4335,68 $;0,00%;-4335,68 $;0,00 $;-4335,68 $;0,00 $;-4335,68 $;210,00;6560,00 $;500,00 $;4835,68 $;0,09%;
02/09/2024;1;75523,40 $;-0,68 $;0,00 $;-0,68 $;5,68 $;-15005,52 $;-0,68 $;0,00%;-0,68 $;0,00 $;-0,68 $;0,00 $;-0,68 $;0,00;360,00 $;160,00 $;160,68 $;0,09%;
09/09/2024;1;75687,72 $;164,32 $;164,32 $;0,00 $;5,68 $;-14841,20 $;0,00 $;100,00%;164,32 $;164,32 $;0,00 $;164,32 $;0,00 $;150,00;2950,00 $;405,00 $;240,68 $;0,09%;
10/09/2024;1;77442,04 $;1754,32 $;1754,32 $;0,00 $;5,68 $;-13086,88 $;0,00 $;100,00%;1754,32 $;1754,32 $;0,00 $;1754,32 $;0,00 $;150,00;105,00 $;2630,00 $;875,68 $;0,09%;
11/09/2024;1;84061,36 $;6619,32 $;6619,32 $;0,00 $;5,68 $;-6467,56 $;0,00 $;100,00%;6619,32 $;6619,32 $;0,00 $;6619,32 $;0,00 $;210,00;855,00 $;7590,00 $;970,68 $;0,09%;
12/09/2024;1;84225,68 $;164,32 $;164,32 $;0,00 $;5,68 $;-6303,24 $;0,00 $;100,00%;164,32 $;164,32 $;0,00 $;164,32 $;0,00 $;150,00;965,00 $;1570,00 $;1405,68 $;0,09%;
13/09/2024;1;84030,00 $;-195,68 $;0,00 $;-195,68 $;5,68 $;-6498,92 $;-195,68 $;0,00%;-195,68 $;0,00 $;-195,68 $;0,00 $;-195,68 $;90,00;420,00 $;780,00 $;975,68 $;0,09%;
16/09/2024;1;84669,32 $;639,32 $;639,32 $;0,00 $;5,68 $;-5859,60 $;0,00 $;100,00%;639,32 $;639,32 $;0,00 $;639,32 $;0,00 $;150,00;25,00 $;1330,00 $;690,68 $;0,09%;
17/09/2024;2;82212,96 $;-2456,36 $;0,00 $;-2456,36 $;11,36 $;-8315,96 $;-2456,36 $;0,00%;-1228,18 $;0,00 $;-1228,18 $;0,00 $;-2285,68 $;270,00;2030,00 $;265,00 $;1493,18 $;0,19%;
18/09/2024;1;81707,28 $;-505,68 $;0,00 $;-505,68 $;5,68 $;-8821,64 $;-505,68 $;0,00%;-505,68 $;0,00 $;-505,68 $;0,00 $;-505,68 $;210,00;2240,00 $;4600,00 $;5105,68 $;0,09%;
19/09/2024;1;79891,60 $;-1815,68 $;0,00 $;-1815,68 $;5,68 $;-10637,32 $;-1815,68 $;0,00%;-1815,68 $;0,00 $;-1815,68 $;0,00 $;-1815,68 $;210,00;2145,00 $;860,00 $;2675,68 $;0,09%;
20/09/2024;1;80130,92 $;239,32 $;239,32 $;0,00 $;5,68 $;-10398,00 $;0,00 $;100,00%;239,32 $;239,32 $;0,00 $;239,32 $;0,00 $;150,00;1380,00 $;1615,00 $;1375,68 $;0,09%;
23/09/2024;1;79465,24 $;-665,68 $;0,00 $;-665,68 $;5,68 $;-11063,68 $;-665,68 $;0,00%;-665,68 $;0,00 $;-665,68 $;0,00 $;-665,68 $;240,00;1635,00 $;525,00 $;1190,68 $;0,09%;
24/09/2024;2;80138,88 $;673,64 $;724,32 $;-50,68 $;11,36 $;-10390,04 $;-50,68 $;50,00%;336,82 $;724,32 $;-50,68 $;724,32 $;-50,68 $;270,00;97,50 $;1015,00 $;678,18 $;0,19%;
26/09/2024;1;81948,20 $;1809,32 $;1809,32 $;0,00 $;5,68 $;-8580,72 $;0,00 $;100,00%;1809,32 $;1809,32 $;0,00 $;1809,32 $;0,00 $;210,00;1340,00 $;2130,00 $;320,68 $;0,09%;
30/09/2024;1;82552,52 $;604,32 $;604,32 $;0,00 $;5,68 $;-7976,40 $;0,00 $;100,00%;604,32 $;604,32 $;0,00 $;604,32 $;0,00 $;210,00;3610,00 $;1005,00 $;400,68 $;0,09%;
04/10/2024;1;85251,84 $;2699,32 $;2699,32 $;0,00 $;5,68 $;-5277,08 $;0,00 $;100,00%;2699,32 $;2699,32 $;0,00 $;2699,32 $;0,00 $;240,00;530,00 $;2880,00 $;180,68 $;0,09%;
07/10/2024;1;81921,16 $;-3330,68 $;0,00 $;-3330,68 $;5,68 $;-8607,76 $;-3330,68 $;0,00%;-3330,68 $;0,00 $;-3330,68 $;0,00 $;-3330,68 $;240,00;4050,00 $;285,00 $;3615,68 $;0,09%;
08/10/2024;1;83700,48 $;1779,32 $;1779,32 $;0,00 $;5,68 $;-6828,44 $;0,00 $;100,00%;1779,32 $;1779,32 $;0,00 $;1779,32 $;0,00 $;150,00;150,00 $;2650,00 $;870,68 $;0,09%;
09/10/2024;1;84604,80 $;904,32 $;904,32 $;0,00 $;5,68 $;-5924,12 $;0,00 $;100,00%;904,32 $;904,32 $;0,00 $;904,32 $;0,00 $;240,00;635,00 $;1500,00 $;595,68 $;0,09%;
10/10/2024;1;83899,12 $;-705,68 $;0,00 $;-705,68 $;5,68 $;-6629,80 $;-705,68 $;0,00%;-705,68 $;0,00 $;-705,68 $;0,00 $;-705,68 $;210,00;1940,00 $;80,00 $;785,68 $;0,09%;
11/10/2024;1;84908,44 $;1009,32 $;1009,32 $;0,00 $;5,68 $;-5620,48 $;0,00 $;100,00%;1009,32 $;1009,32 $;0,00 $;1009,32 $;0,00 $;240,00;520,00 $;1275,00 $;265,68 $;0,09%;
14/10/2024;1;85077,76 $;169,32 $;169,32 $;0,00 $;5,68 $;-5451,16 $;0,00 $;100,00%;169,32 $;169,32 $;0,00 $;169,32 $;0,00 $;210,00;195,00 $;1255,00 $;1085,68 $;0,09%;
17/10/2024;1;83632,08 $;-1445,68 $;0,00 $;-1445,68 $;5,68 $;-6896,84 $;-1445,68 $;0,00%;-1445,68 $;0,00 $;-1445,68 $;0,00 $;-1445,68 $;240,00;1745,00 $;1515,00 $;2960,68 $;0,09%;
18/10/2024;1;83461,40 $;-170,68 $;0,00 $;-170,68 $;5,68 $;-7067,52 $;-170,68 $;0,00%;-170,68 $;0,00 $;-170,68 $;0,00 $;-170,68 $;150,00;815,00 $;325,00 $;495,68 $;0,09%;
24/10/2024;1;84100,72 $;639,32 $;639,32 $;0,00 $;5,68 $;-6428,20 $;0,00 $;100,00%;639,32 $;639,32 $;0,00 $;639,32 $;0,00 $;150,00;630,00 $;1095,00 $;455,68 $;0,09%;
25/10/2024;1;81675,04 $;-2425,68 $;0,00 $;-2425,68 $;5,68 $;-8853,88 $;-2425,68 $;0,00%;-2425,68 $;0,00 $;-2425,68 $;0,00 $;-2425,68 $;240,00;3510,00 $;585,00 $;3010,68 $;0,09%;
28/10/2024;2;80888,68 $;-786,36 $;0,00 $;-786,36 $;11,36 $;-9640,24 $;-786,36 $;0,00%;-393,18 $;0,00 $;-393,18 $;0,00 $;-655,68 $;270,00;622,50 $;207,50 $;600,68 $;0,19%;
29/10/2024;1;83768,00 $;2879,32 $;2879,32 $;0,00 $;5,68 $;-6760,92 $;0,00 $;100,00%;2879,32 $;2879,32 $;0,00 $;2879,32 $;0,00 $;240,00;350,00 $;2975,00 $;95,68 $;0,09%;
30/10/2024;1;81537,32 $;-2230,68 $;0,00 $;-2230,68 $;5,68 $;-8991,60 $;-2230,68 $;0,00%;-2230,68 $;0,00 $;-2230,68 $;0,00 $;-2230,68 $;240,00;2495,00 $;60,00 $;2290,68 $;0,09%;
05/11/2024;1;82011,64 $;474,32 $;474,32 $;0,00 $;5,68 $;-8517,28 $;0,00 $;100,00%;474,32 $;474,32 $;0,00 $;474,32 $;0,00 $;210,00;1400,00 $;700,00 $;225,68 $;0,09%;
06/11/2024;1;84520,96 $;2509,32 $;2509,32 $;0,00 $;5,68 $;-6007,96 $;0,00 $;100,00%;2509,32 $;2509,32 $;0,00 $;2509,32 $;0,00 $;240,00;90,00 $;2810,00 $;300,68 $;0,09%;
07/11/2024;2;85934,60 $;1413,64 $;1524,32 $;-110,68 $;11,36 $;-4594,32 $;-110,68 $;50,00%;706,82 $;1524,32 $;-110,68 $;1524,32 $;-110,68 $;270,00;160,00 $;987,50 $;280,68 $;0,19%;
08/11/2024;1;85288,92 $;-645,68 $;0,00 $;-645,68 $;5,68 $;-5240,00 $;-645,68 $;0,00%;-645,68 $;0,00 $;-645,68 $;0,00 $;-645,68 $;90,00;1015,00 $;120,00 $;765,68 $;0,09%;
11/11/2024;1;86303,24 $;1014,32 $;1014,32 $;0,00 $;5,68 $;-4225,68 $;0,00 $;100,00%;1014,32 $;1014,32 $;0,00 $;1014,32 $;0,00 $;210,00;1465,00 $;1240,00 $;225,68 $;0,09%;
12/11/2024;1;86052,56 $;-250,68 $;0,00 $;-250,68 $;5,68 $;-4476,36 $;-250,68 $;0,00%;-250,68 $;0,00 $;-250,68 $;0,00 $;-250,68 $;90,00;465,00 $;405,00 $;655,68 $;0,09%;
13/11/2024;1;85726,88 $;-325,68 $;0,00 $;-325,68 $;5,68 $;-4802,04 $;-325,68 $;0,00%;-325,68 $;0,00 $;-325,68 $;0,00 $;-325,68 $;210,00;1280,00 $;1615,00 $;1940,68 $;0,09%;
19/11/2024;1;86251,20 $;524,32 $;524,32 $;0,00 $;5,68 $;-4277,72 $;0,00 $;100,00%;524,32 $;524,32 $;0,00 $;524,32 $;0,00 $;150,00;375,00 $;1290,00 $;765,68 $;0,09%;
21/11/2024;1;88020,52 $;1769,32 $;1769,32 $;0,00 $;5,68 $;-2508,40 $;0,00 $;100,00%;1769,32 $;1769,32 $;0,00 $;1769,32 $;0,00 $;240,00;1685,00 $;1970,00 $;200,68 $;0,09%;
22/11/2024;1;88889,84 $;869,32 $;869,32 $;0,00 $;5,68 $;-1639,08 $;0,00 $;100,00%;869,32 $;869,32 $;0,00 $;869,32 $;0,00 $;240,00;595,00 $;2015,00 $;1145,68 $;0,09%;
25/11/2024;1;89824,16 $;934,32 $;934,32 $;0,00 $;5,68 $;-704,76 $;0,00 $;100,00%;934,32 $;934,32 $;0,00 $;934,32 $;0,00 $;90,00;385,00 $;1310,00 $;375,68 $;0,09%;
26/11/2024;1;89788,48 $;-35,68 $;0,00 $;-35,68 $;5,68 $;-740,44 $;-35,68 $;0,00%;-35,68 $;0,00 $;-35,68 $;0,00 $;-35,68 $;0,00;160,00 $;135,00 $;170,68 $;0,09%;
28/11/2024;1;89707,80 $;-80,68 $;0,00 $;-80,68 $;5,68 $;-821,12 $;-80,68 $;0,00%;-80,68 $;0,00 $;-80,68 $;0,00 $;-80,68 $;30,00;315,00 $;155,00 $;235,68 $;0,09%;
29/11/2024;1;89847,12 $;139,32 $;139,32 $;0,00 $;5,68 $;-681,80 $;0,00 $;100,00%;139,32 $;139,32 $;0,00 $;139,32 $;0,00 $;0,00;75,00 $;670,00 $;530,68 $;0,09%;
02/12/2024;2;89675,76 $;-171,36 $;119,32 $;-290,68 $;11,36 $;-853,16 $;-290,68 $;50,00%;-85,68 $;119,32 $;-290,68 $;119,32 $;-290,68 $;330,00;580,00 $;837,50 $;923,18 $;0,19%;
03/12/2024;1;92110,08 $;2434,32 $;2434,32 $;0,00 $;5,68 $;0,00 $;0,00 $;100,00%;2434,32 $;2434,32 $;0,00 $;2434,32 $;0,00 $;210,00;260,00 $;2520,00 $;85,68 $;0,09%;
04/12/2024;1;93119,40 $;1009,32 $;1009,32 $;0,00 $;5,68 $;0,00 $;0,00 $;100,00%;1009,32 $;1009,32 $;0,00 $;1009,32 $;0,00 $;240,00;615,00 $;1090,00 $;80,68 $;0,09%;
05/12/2024;1;91063,72 $;-2055,68 $;0,00 $;-2055,68 $;5,68 $;-2055,68 $;-2055,68 $;0,00%;-2055,68 $;0,00 $;-2055,68 $;0,00 $;-2055,68 $;210,00;2420,00 $;175,00 $;2230,68 $;0,09%;
06/12/2024;1;91023,04 $;-40,68 $;0,00 $;-40,68 $;5,68 $;-2096,36 $;-40,68 $;0,00%;-40,68 $;0,00 $;-40,68 $;0,00 $;-40,68 $;210,00;570,00 $;695,00 $;735,68 $;0,09%;
11/12/2024;1;90092,36 $;-930,68 $;0,00 $;-930,68 $;5,68 $;-3027,04 $;-930,68 $;0,00%;-930,68 $;0,00 $;-930,68 $;0,00 $;-930,68 $;150,00;1035,00 $;360,00 $;1290,68 $;0,09%;
12/12/2024;1;88836,68 $;-1255,68 $;0,00 $;-1255,68 $;5,68 $;-4282,72 $;-1255,68 $;0,00%;-1255,68 $;0,00 $;-1255,68 $;0,00 $;-1255,68 $;240,00;1340,00 $;575,00 $;1830,68 $;0,09%;
13/12/2024;1;90076,00 $;1239,32 $;1239,32 $;0,00 $;5,68 $;-3043,40 $;0,00 $;100,00%;1239,32 $;1239,32 $;0,00 $;1239,32 $;0,00 $;210,00;330,00 $;2560,00 $;1320,68 $;0,09%;
16/12/2024;1;92300,32 $;2224,32 $;2224,32 $;0,00 $;5,68 $;-819,08 $;0,00 $;100,00%;2224,32 $;2224,32 $;0,00 $;2224,32 $;0,00 $;240,00;680,00 $;2365,00 $;140,68 $;0,09%;
17/12/2024;1;93064,64 $;764,32 $;764,32 $;0,00 $;5,68 $;-54,76 $;0,00 $;100,00%;764,32 $;764,32 $;0,00 $;764,32 $;0,00 $;240,00;0,00 $;2770,00 $;2005,68 $;0,09%;
20/12/2024;1;87233,96 $;-5830,68 $;0,00 $;-5830,68 $;5,68 $;-5885,44 $;-5830,68 $;0,00%;-5830,68 $;0,00 $;-5830,68 $;0,00 $;-5830,68 $;210,00;5860,00 $;30,00 $;5860,68 $;0,09%;
23/12/2024;1;88453,28 $;1219,32 $;1219,32 $;0,00 $;5,68 $;-4666,12 $;0,00 $;100,00%;1219,32 $;1219,32 $;0,00 $;1219,32 $;0,00 $;210,00;250,00 $;2075,00 $;855,68 $;0,09%;
26/12/2024;2;89306,92 $;853,64 $;1099,32 $;-245,68 $;11,36 $;-3812,48 $;-245,68 $;50,00%;426,82 $;1099,32 $;-245,68 $;1099,32 $;-245,68 $;270,00;340,00 $;850,00 $;423,18 $;0,19%;
03/01/2025;1;89961,24 $;654,32 $;654,32 $;0,00 $;5,68 $;-3158,16 $;0,00 $;100,00%;654,32 $;654,32 $;0,00 $;654,32 $;0,00 $;210,00;175,00 $;2180,00 $;1525,68 $;0,09%;
06/01/2025;1;88880,56 $;-1080,68 $;0,00 $;-1080,68 $;5,68 $;-4238,84 $;-1080,68 $;0,00%;-1080,68 $;0,00 $;-1080,68 $;0,00 $;-1080,68 $;210,00;3590,00 $;195,00 $;1275,68 $;0,09%;
14/01/2025;1;88734,88 $;-145,68 $;0,00 $;-145,68 $;5,68 $;-4384,52 $;-145,68 $;0,00%;-145,68 $;0,00 $;-145,68 $;0,00 $;-145,68 $;0,00;265,00 $;185,00 $;330,68 $;0,09%;
16/01/2025;1;87194,20 $;-1540,68 $;0,00 $;-1540,68 $;5,68 $;-5925,20 $;-1540,68 $;0,00%;-1540,68 $;0,00 $;-1540,68 $;0,00 $;-1540,68 $;240,00;2915,00 $;360,00 $;1900,68 $;0,09%;
17/01/2025;1;86648,52 $;-545,68 $;0,00 $;-545,68 $;5,68 $;-6470,88 $;-545,68 $;0,00%;-545,68 $;0,00 $;-545,68 $;0,00 $;-545,68 $;240,00;1370,00 $;875,00 $;1420,68 $;0,09%;
20/01/2025;1;86147,84 $;-500,68 $;0,00 $;-500,68 $;5,68 $;-6971,56 $;-500,68 $;0,00%;-500,68 $;0,00 $;-500,68 $;0,00 $;-500,68 $;30,00;1755,00 $;460,00 $;960,68 $;0,09%;
21/01/2025;1;88182,16 $;2034,32 $;2034,32 $;0,00 $;5,68 $;-4937,24 $;0,00 $;100,00%;2034,32 $;2034,32 $;0,00 $;2034,32 $;0,00 $;240,00;1070,00 $;2655,00 $;620,68 $;0,09%;
23/01/2025;1;89891,48 $;1709,32 $;1709,32 $;0,00 $;5,68 $;-3227,92 $;0,00 $;100,00%;1709,32 $;1709,32 $;0,00 $;1709,32 $;0,00 $;210,00;530,00 $;2475,00 $;765,68 $;0,09%;
24/01/2025;1;86905,80 $;-2985,68 $;0,00 $;-2985,68 $;5,68 $;-6213,60 $;-2985,68 $;0,00%;-2985,68 $;0,00 $;-2985,68 $;0,00 $;-2985,68 $;240,00;3385,00 $;450,00 $;3435,68 $;0,09%;
28/01/2025;1;86990,12 $;84,32 $;84,32 $;0,00 $;5,68 $;-6129,28 $;0,00 $;100,00%;84,32 $;84,32 $;0,00 $;84,32 $;0,00 $;150,00;810,00 $;1440,00 $;1355,68 $;0,09%;
29/01/2025;1;86689,44 $;-300,68 $;0,00 $;-300,68 $;5,68 $;-6429,96 $;-300,68 $;0,00%;-300,68 $;0,00 $;-300,68 $;0,00 $;-300,68 $;0,00;1600,00 $;460,00 $;760,68 $;0,09%;
31/01/2025;1;79513,76 $;-7175,68 $;0,00 $;-7175,68 $;5,68 $;-13605,64 $;-7175,68 $;0,00%;-7175,68 $;0,00 $;-7175,68 $;0,00 $;-7175,68 $;240,00;7500,00 $;430,00 $;7605,68 $;0,09%;
04/02/2025;1;79898,08 $;384,32 $;384,32 $;0,00 $;5,68 $;-13221,32 $;0,00 $;100,00%;384,32 $;384,32 $;0,00 $;384,32 $;0,00 $;240,00;1810,00 $;1070,00 $;685,68 $;0,09%;
06/02/2025;1;81092,40 $;1194,32 $;1194,32 $;0,00 $;5,68 $;-12027,00 $;0,00 $;100,00%;1194,32 $;1194,32 $;0,00 $;1194,32 $;0,00 $;210,00;1420,00 $;1995,00 $;800,68 $;0,09%;
10/02/2025;1;81241,72 $;149,32 $;149,32 $;0,00 $;5,68 $;-11877,68 $;0,00 $;100,00%;149,32 $;149,32 $;0,00 $;149,32 $;0,00 $;240,00;760,00 $;620,00 $;470,68 $;0,09%;
11/02/2025;2;80965,36 $;-276,36 $;0,00 $;-276,36 $;11,36 $;-12154,04 $;-276,36 $;0,00%;-138,18 $;0,00 $;-138,18 $;0,00 $;-260,68 $;270,00;1120,00 $;240,00 $;378,18 $;0,19%;
12/02/2025;1;81674,68 $;709,32 $;709,32 $;0,00 $;5,68 $;-11444,72 $;0,00 $;100,00%;709,32 $;709,32 $;0,00 $;709,32 $;0,00 $;210,00;615,00 $;1055,00 $;345,68 $;0,09%;
13/02/2025;2;83223,32 $;1548,64 $;1624,32 $;-75,68 $;11,36 $;-9896,08 $;-75,68 $;50,00%;774,32 $;1624,32 $;-75,68 $;1624,32 $;-75,68 $;270,00;1165,00 $;1045,00 $;270,68 $;0,19%;
14/02/2025;1;85362,64 $;2139,32 $;2139,32 $;0,00 $;5,68 $;-7756,76 $;0,00 $;100,00%;2139,32 $;2139,32 $;0,00 $;2139,32 $;0,00 $;210,00;185,00 $;2475,00 $;335,68 $;0,09%;
17/02/2025;1;85116,96 $;-245,68 $;0,00 $;-245,68 $;5,68 $;-8002,44 $;-245,68 $;0,00%;-245,68 $;0,00 $;-245,68 $;0,00 $;-245,68 $;30,00;495,00 $;90,00 $;335,68 $;0,09%;
18/02/2025;1;84406,28 $;-710,68 $;0,00 $;-710,68 $;5,68 $;-8713,12 $;-710,68 $;0,00%;-710,68 $;0,00 $;-710,68 $;0,00 $;-710,68 $;240,00;2040,00 $;220,00 $;930,68 $;0,09%;
19/02/2025;1;84420,60 $;14,32 $;14,32 $;0,00 $;5,68 $;-8698,80 $;0,00 $;100,00%;14,32 $;14,32 $;0,00 $;14,32 $;0,00 $;240,00;460,00 $;1635,00 $;1620,68 $;0,09%;
04/03/2025;1;81739,92 $;-2680,68 $;0,00 $;-2680,68 $;5,68 $;-11379,48 $;-2680,68 $;0,00%;-2680,68 $;0,00 $;-2680,68 $;0,00 $;-2680,68 $;30,00;6930,00 $;190,00 $;2870,68 $;0,09%;
05/03/2025;1;80154,24 $;-1585,68 $;0,00 $;-1585,68 $;5,68 $;-12965,16 $;-1585,68 $;0,00%;-1585,68 $;0,00 $;-1585,68 $;0,00 $;-1585,68 $;30,00;2265,00 $;280,00 $;1865,68 $;0,09%;
12/03/2025;1;78263,56 $;-1890,68 $;0,00 $;-1890,68 $;5,68 $;-14855,84 $;-1890,68 $;0,00%;-1890,68 $;0,00 $;-1890,68 $;0,00 $;-1890,68 $;210,00;2980,00 $;950,00 $;2840,68 $;0,09%;
14/03/2025;1;78562,88 $;299,32 $;299,32 $;0,00 $;5,68 $;-14556,52 $;0,00 $;100,00%;299,32 $;299,32 $;0,00 $;299,32 $;0,00 $;150,00;800,00 $;1805,00 $;1505,68 $;0,09%;
17/03/2025;1;83302,20 $;4739,32 $;4739,32 $;0,00 $;5,68 $;-9817,20 $;0,00 $;100,00%;4739,32 $;4739,32 $;0,00 $;4739,32 $;0,00 $;240,00;1075,00 $;5620,00 $;880,68 $;0,09%;
19/03/2025;2;84700,84 $;1398,64 $;1594,32 $;-195,68 $;11,36 $;-8418,56 $;-195,68 $;50,00%;699,32 $;1594,32 $;-195,68 $;1594,32 $;-195,68 $;270,00;1202,50 $;2700,00 $;2000,68 $;0,19%;
20/03/2025;1;80730,16 $;-3970,68 $;0,00 $;-3970,68 $;5,68 $;-12389,24 $;-3970,68 $;0,00%;-3970,68 $;0,00 $;-3970,68 $;0,00 $;-3970,68 $;240,00;4715,00 $;500,00 $;4470,68 $;0,09%;
24/03/2025;1;81114,48 $;384,32 $;384,32 $;0,00 $;5,68 $;-12004,92 $;0,00 $;100,00%;384,32 $;384,32 $;0,00 $;384,32 $;0,00 $;150,00;590,00 $;1435,00 $;1050,68 $;0,09%;
25/03/2025;1;82823,80 $;1709,32 $;1709,32 $;0,00 $;5,68 $;-10295,60 $;0,00 $;100,00%;1709,32 $;1709,32 $;0,00 $;1709,32 $;0,00 $;210,00;605,00 $;1760,00 $;50,68 $;0,09%;
01/04/2025;1;83428,12 $;604,32 $;604,32 $;0,00 $;5,68 $;-9691,28 $;0,00 $;100,00%;604,32 $;604,32 $;0,00 $;604,32 $;0,00 $;210,00;3400,00 $;1425,00 $;820,68 $;0,09%;
02/04/2025;1;83717,44 $;289,32 $;289,32 $;0,00 $;5,68 $;-9401,96 $;0,00 $;100,00%;289,32 $;289,32 $;0,00 $;289,32 $;0,00 $;240,00;755,00 $;5840,00 $;5550,68 $;0,09%;
09/04/2025;1;84796,76 $;1079,32 $;1079,32 $;0,00 $;5,68 $;-8322,64 $;0,00 $;100,00%;1079,32 $;1079,32 $;0,00 $;1079,32 $;0,00 $;0,00;640,00 $;1195,00 $;115,68 $;0,09%;
10/04/2025;1;83131,08 $;-1665,68 $;0,00 $;-1665,68 $;5,68 $;-9988,32 $;-1665,68 $;0,00%;-1665,68 $;0,00 $;-1665,68 $;0,00 $;-1665,68 $;240,00;10985,00 $;4130,00 $;5795,68 $;0,09%;
11/04/2025;1;84210,40 $;1079,32 $;1079,32 $;0,00 $;5,68 $;-8909,00 $;0,00 $;100,00%;1079,32 $;1079,32 $;0,00 $;1079,32 $;0,00 $;90,00;955,00 $;2025,00 $;945,68 $;0,09%;
14/04/2025;2;87259,04 $;3048,64 $;3048,64 $;0,00 $;11,36 $;-7019,68 $;0,00 $;100,00%;1524,32 $;1524,32 $;0,00 $;1889,32 $;0,00 $;240,00;2080,00 $;2210,00 $;685,68 $;0,19%;
15/04/2025;1;87643,36 $;384,32 $;384,32 $;0,00 $;5,68 $;-5476,04 $;0,00 $;100,00%;384,32 $;384,32 $;0,00 $;384,32 $;0,00 $;90,00;50,00 $;1645,00 $;1260,68 $;0,09%;
22/04/2025;1;85167,68 $;-2475,68 $;0,00 $;-2475,68 $;5,68 $;-7951,72 $;-2475,68 $;0,00%;-2475,68 $;0,00 $;-2475,68 $;0,00 $;-2475,68 $;210,00;5685,00 $;220,00 $;2695,68 $;0,09%;
23/04/2025;1;86102,00 $;934,32 $;934,32 $;0,00 $;5,68 $;-7017,40 $;0,00 $;100,00%;934,32 $;934,32 $;0,00 $;934,32 $;0,00 $;210,00;2135,00 $;2595,00 $;1660,68 $;0,09%;
24/04/2025;2;88070,64 $;1968,64 $;1968,64 $;0,00 $;11,36 $;-5218,08 $;0,00 $;100,00%;984,32 $;984,32 $;0,00 $;1799,32 $;0,00 $;240,00;385,00 $;2120,00 $;1135,68 $;0,19%;
25/04/2025;1;90829,96 $;2759,32 $;2759,32 $;0,00 $;5,68 $;-2289,44 $;0,00 $;100,00%;2759,32 $;2759,32 $;0,00 $;2759,32 $;0,00 $;240,00;795,00 $;4105,00 $;1345,68 $;0,09%;
28/04/2025;2;94593,60 $;3763,64 $;3763,64 $;0,00 $;11,36 $;0,00 $;0,00 $;100,00%;1881,82 $;1881,82 $;0,00 $;3739,32 $;0,00 $;240,00;692,50 $;2037,50 $;155,68 $;0,19%;
29/04/2025;1;95702,92 $;1109,32 $;1109,32 $;0,00 $;5,68 $;0,00 $;0,00 $;100,00%;1109,32 $;1109,32 $;0,00 $;1109,32 $;0,00 $;150,00;110,00 $;2600,00 $;1490,68 $;0,09%;
30/04/2025;1;103527,24 $;7824,32 $;7824,32 $;0,00 $;5,68 $;0,00 $;0,00 $;100,00%;7824,32 $;7824,32 $;0,00 $;7824,32 $;0,00 $;150,00;195,00 $;8460,00 $;635,68 $;0,09%;
02/05/2025;1;105111,56 $;1584,32 $;1584,32 $;0,00 $;5,68 $;0,00 $;0,00 $;100,00%;1584,32 $;1584,32 $;0,00 $;1584,32 $;0,00 $;240,00;295,00 $;2695,00 $;1110,68 $;0,09%;
08/05/2025;1;101810,88 $;-3300,68 $;0,00 $;-3300,68 $;5,68 $;-3300,68 $;-3300,68 $;0,00%;-3300,68 $;0,00 $;-3300,68 $;0,00 $;-3300,68 $;30,00;3595,00 $;55,00 $;3355,68 $;0,09%;
09/05/2025;1;102285,20 $;474,32 $;474,32 $;0,00 $;5,68 $;-2826,36 $;0,00 $;100,00%;474,32 $;474,32 $;0,00 $;474,32 $;0,00 $;240,00;1435,00 $;1045,00 $;570,68 $;0,09%;
12/05/2025;1;104924,52 $;2639,32 $;2639,32 $;0,00 $;5,68 $;-187,04 $;0,00 $;100,00%;2639,32 $;2639,32 $;0,00 $;2639,32 $;0,00 $;210,00;60,00 $;3500,00 $;860,68 $;0,09%;
13/05/2025;1;103998,84 $;-925,68 $;0,00 $;-925,68 $;5,68 $;-1112,72 $;-925,68 $;0,00%;-925,68 $;0,00 $;-925,68 $;0,00 $;-925,68 $;210,00;1110,00 $;870,00 $;1795,68 $;0,09%;
14/05/2025;1;103938,16 $;-60,68 $;0,00 $;-60,68 $;5,68 $;-1173,40 $;-60,68 $;0,00%;-60,68 $;0,00 $;-60,68 $;0,00 $;-60,68 $;0,00;125,00 $;205,00 $;265,68 $;0,09%;
16/05/2025;1;102767,48 $;-1170,68 $;0,00 $;-1170,68 $;5,68 $;-2344,08 $;-1170,68 $;0,00%;-1170,68 $;0,00 $;-1170,68 $;0,00 $;-1170,68 $;90,00;1490,00 $;1070,00 $;2240,68 $;0,09%;
19/05/2025;2;104261,12 $;1493,64 $;1493,64 $;0,00 $;11,36 $;-1239,76 $;0,00 $;100,00%;746,82 $;746,82 $;0,00 $;1104,32 $;0,00 $;240,00;322,50 $;1607,50 $;860,68 $;0,19%;
21/05/2025;1;95820,44 $;-8440,68 $;0,00 $;-8440,68 $;5,68 $;-9291,12 $;-8440,68 $;0,00%;-8440,68 $;0,00 $;-8440,68 $;0,00 $;-8440,68 $;240,00;8920,00 $;795,00 $;9235,68 $;0,09%;
22/05/2025;1;93604,76 $;-2215,68 $;0,00 $;-2215,68 $;5,68 $;-11506,80 $;-2215,68 $;0,00%;-2215,68 $;0,00 $;-2215,68 $;0,00 $;-2215,68 $;30,00;3180,00 $;40,00 $;2255,68 $;0,09%;
26/05/2025;1;94204,08 $;599,32 $;599,32 $;0,00 $;5,68 $;-10907,48 $;0,00 $;100,00%;599,32 $;599,32 $;0,00 $;599,32 $;0,00 $;30,00;5,00 $;815,00 $;215,68 $;0,09%;
27/05/2025;1;95003,40 $;799,32 $;799,32 $;0,00 $;5,68 $;-10108,16 $;0,00 $;100,00%;799,32 $;799,32 $;0,00 $;799,32 $;0,00 $;30,00;450,00 $;855,00 $;55,68 $;0,09%;
28/05/2025;2;96527,04 $;1523,64 $;1524,32 $;-0,68 $;11,36 $;-10108,84 $;-0,68 $;50,00%;761,82 $;1524,32 $;-0,68 $;1524,32 $;-0,68 $;240,00;642,50 $;1365,00 $;603,18 $;0,19%;
29/05/2025;1;96151,36 $;-375,68 $;0,00 $;-375,68 $;5,68 $;-8960,20 $;-375,68 $;0,00%;-375,68 $;0,00 $;-375,68 $;0,00 $;-375,68 $;210,00;2180,00 $;1175,00 $;1550,68 $;0,09%;
02/06/2025;2;99145,00 $;2993,64 $;3209,32 $;-215,68 $;11,36 $;-5966,56 $;-215,68 $;50,00%;1496,82 $;3209,32 $;-215,68 $;3209,32 $;-215,68 $;270,00;302,50 $;1732,50 $;235,68 $;0,19%;
03/06/2025;1;99959,32 $;814,32 $;814,32 $;0,00 $;5,68 $;-5152,24 $;0,00 $;100,00%;814,32 $;814,32 $;0,00 $;814,32 $;0,00 $;240,00;725,00 $;1755,00 $;940,68 $;0,09%;
04/06/2025;1;100538,64 $;579,32 $;579,32 $;0,00 $;5,68 $;-4572,92 $;0,00 $;100,00%;579,32 $;579,32 $;0,00 $;579,32 $;0,00 $;240,00;980,00 $;960,00 $;380,68 $;0,09%;
06/06/2025;1;100897,96 $;359,32 $;359,32 $;0,00 $;5,68 $;-4213,60 $;0,00 $;100,00%;359,32 $;359,32 $;0,00 $;359,32 $;0,00 $;240,00;1360,00 $;1670,00 $;1310,68 $;0,09%;
09/06/2025;1;101527,28 $;629,32 $;629,32 $;0,00 $;5,68 $;-3584,28 $;0,00 $;100,00%;629,32 $;629,32 $;0,00 $;629,32 $;0,00 $;240,00;190,00 $;1200,00 $;570,68 $;0,09%;
10/06/2025;1;102726,60 $;1199,32 $;1199,32 $;0,00 $;5,68 $;-2384,96 $;0,00 $;100,00%;1199,32 $;1199,32 $;0,00 $;1199,32 $;0,00 $;150,00;1400,00 $;2030,00 $;830,68 $;0,09%;
11/06/2025;1;98970,92 $;-3755,68 $;0,00 $;-3755,68 $;5,68 $;-6140,64 $;-3755,68 $;0,00%;-3755,68 $;0,00 $;-3755,68 $;0,00 $;-3755,68 $;240,00;4960,00 $;550,00 $;4305,68 $;0,09%;
12/06/2025;1;98335,24 $;-635,68 $;0,00 $;-635,68 $;5,68 $;-6776,32 $;-635,68 $;0,00%;-635,68 $;0,00 $;-635,68 $;0,00 $;-635,68 $;150,00;940,00 $;540,00 $;1175,68 $;0,09%;
16/06/2025;1;97849,56 $;-485,68 $;0,00 $;-485,68 $;5,68 $;-7262,00 $;-485,68 $;0,00%;-485,68 $;0,00 $;-485,68 $;0,00 $;-485,68 $;240,00;1080,00 $;490,00 $;975,68 $;0,09%;
23/06/2025;1;100013,88 $;2164,32 $;2164,32 $;0,00 $;5,68 $;-5097,68 $;0,00 $;100,00%;2164,32 $;2164,32 $;0,00 $;2164,32 $;0,00 $;240,00;4165,00 $;2830,00 $;665,68 $;0,09%;
24/06/2025;1;100978,20 $;964,32 $;964,32 $;0,00 $;5,68 $;-4133,36 $;0,00 $;100,00%;964,32 $;964,32 $;0,00 $;964,32 $;0,00 $;240,00;315,00 $;1505,00 $;540,68 $;0,09%;
25/06/2025;2;100836,84 $;-141,36 $;309,32 $;-450,68 $;11,36 $;-4584,04 $;-450,68 $;50,00%;-70,68 $;309,32 $;-450,68 $;309,32 $;-450,68 $;270,00;752,50 $;172,50 $;243,18 $;0,19%;
26/06/2025;1;102921,16 $;2084,32 $;2084,32 $;0,00 $;5,68 $;-2190,40 $;0,00 $;100,00%;2084,32 $;2084,32 $;0,00 $;2084,32 $;0,00 $;240,00;380,00 $;2360,00 $;275,68 $;0,09%;
27/06/2025;1;102270,48 $;-650,68 $;0,00 $;-650,68 $;5,68 $;-2841,08 $;-650,68 $;0,00%;-650,68 $;0,00 $;-650,68 $;0,00 $;-650,68 $;150,00;3450,00 $;175,00 $;825,68 $;0,09%;
30/06/2025;1;103459,80 $;1189,32 $;1189,32 $;0,00 $;5,68 $;-1651,76 $;0,00 $;100,00%;1189,32 $;1189,32 $;0,00 $;1189,32 $;0,00 $;240,00;730,00 $;1525,00 $;335,68 $;0,09%;
02/07/2025;1;103534,12 $;74,32 $;74,32 $;0,00 $;5,68 $;-1577,44 $;0,00 $;100,00%;74,32 $;74,32 $;0,00 $;74,32 $;0,00 $;210,00;465,00 $;445,00 $;370,68 $;0,09%;
03/07/2025;1;103208,44 $;-325,68 $;0,00 $;-325,68 $;5,68 $;-1903,12 $;-325,68 $;0,00%;-325,68 $;0,00 $;-325,68 $;0,00 $;-325,68 $;0,00;950,00 $;135,00 $;460,68 $;0,09%;
04/07/2025;1;102682,76 $;-525,68 $;0,00 $;-525,68 $;5,68 $;-2428,80 $;-525,68 $;0,00%;-525,68 $;0,00 $;-525,68 $;0,00 $;-525,68 $;90,00;735,00 $;255,00 $;780,68 $;0,09%;
08/07/2025;1;101847,08 $;-835,68 $;0,00 $;-835,68 $;5,68 $;-3264,48 $;-835,68 $;0,00%;-835,68 $;0,00 $;-835,68 $;0,00 $;-835,68 $;210,00;1550,00 $;105,00 $;940,68 $;0,09%;
09/07/2025;2;103080,72 $;1233,64 $;1233,64 $;0,00 $;11,36 $;-2145,16 $;0,00 $;100,00%;616,82 $;616,82 $;0,00 $;1119,32 $;0,00 $;240,00;465,00 $;767,50 $;150,68 $;0,19%;
10/07/2025;1;103085,04 $;4,32 $;4,32 $;0,00 $;5,68 $;-2026,52 $;0,00 $;100,00%;4,32 $;4,32 $;0,00 $;4,32 $;0,00 $;210,00;500,00 $;845,00 $;840,68 $;0,09%;
11/07/2025;1;101934,36 $;-1150,68 $;0,00 $;-1150,68 $;5,68 $;-3177,20 $;-1150,68 $;0,00%;-1150,68 $;0,00 $;-1150,68 $;0,00 $;-1150,68 $;210,00;1385,00 $;565,00 $;1715,68 $;0,09%;
14/07/2025;1;102528,68 $;594,32 $;594,32 $;0,00 $;5,68 $;-2582,88 $;0,00 $;100,00%;594,32 $;594,32 $;0,00 $;594,32 $;0,00 $;240,00;400,00 $;1090,00 $;495,68 $;0,09%;
15/07/2025;1;101098,00 $;-1430,68 $;0,00 $;-1430,68 $;5,68 $;-4013,56 $;-1430,68 $;0,00%;-1430,68 $;0,00 $;-1430,68 $;0,00 $;-1430,68 $;30,00;1590,00 $;555,00 $;1985,68 $;0,09%;
16/07/2025;1;101472,32 $;374,32 $;374,32 $;0,00 $;5,68 $;-3639,24 $;0,00 $;100,00%;374,32 $;374,32 $;0,00 $;374,32 $;0,00 $;90,00;0,00 $;1115,00 $;740,68 $;0,09%;
18/07/2025;1;101841,64 $;369,32 $;369,32 $;0,00 $;5,68 $;-3269,92 $;0,00 $;100,00%;369,32 $;369,32 $;0,00 $;369,32 $;0,00 $;210,00;680,00 $;580,00 $;210,68 $;0,09%;
21/07/2025;1;101280,96 $;-560,68 $;0,00 $;-560,68 $;5,68 $;-3830,60 $;-560,68 $;0,00%;-560,68 $;0,00 $;-560,68 $;0,00 $;-560,68 $;240,00;755,00 $;540,00 $;1100,68 $;0,09%;
23/07/2025;1;103590,28 $;2309,32 $;2309,32 $;0,00 $;5,68 $;-1521,28 $;0,00 $;100,00%;2309,32 $;2309,32 $;0,00 $;2309,32 $;0,00 $;90,00;530,00 $;2450,00 $;140,68 $;0,09%;
24/07/2025;1;104279,60 $;689,32 $;689,32 $;0,00 $;5,68 $;-831,96 $;0,00 $;100,00%;689,32 $;689,32 $;0,00 $;689,32 $;0,00 $;240,00;815,00 $;875,00 $;185,68 $;0,09%;
25/07/2025;2;104898,24 $;618,64 $;618,64 $;0,00 $;11,36 $;-437,64 $;0,00 $;100,00%;309,32 $;309,32 $;0,00 $;394,32 $;0,00 $;240,00;185,00 $;690,00 $;380,68 $;0,19%;
28/07/2025;1;104527,56 $;-370,68 $;0,00 $;-370,68 $;5,68 $;-584,00 $;-370,68 $;0,00%;-370,68 $;0,00 $;-370,68 $;0,00 $;-370,68 $;240,00;810,00 $;575,00 $;945,68 $;0,09%;
29/07/2025;1;104416,88 $;-110,68 $;0,00 $;-110,68 $;5,68 $;-694,68 $;-110,68 $;0,00%;-110,68 $;0,00 $;-110,68 $;0,00 $;-110,68 $;240,00;510,00 $;1240,00 $;1350,68 $;0,09%;
30/07/2025;1;102566,20 $;-1850,68 $;0,00 $;-1850,68 $;5,68 $;-2545,36 $;-1850,68 $;0,00%;-1850,68 $;0,00 $;-1850,68 $;0,00 $;-1850,68 $;240,00;2620,00 $;2040,00 $;3890,68 $;0,09%;
31/07/2025;1;99415,52 $;-3150,68 $;0,00 $;-3150,68 $;5,68 $;-5696,04 $;-3150,68 $;0,00%;-3150,68 $;0,00 $;-3150,68 $;0,00 $;-3150,68 $;240,00;4595,00 $;1635,00 $;4785,68 $;0,09%;
06/08/2025;2;101574,16 $;2158,64 $;2158,64 $;0,00 $;11,36 $;-3566,72 $;0,00 $;100,00%;1079,32 $;1079,32 $;0,00 $;2129,32 $;0,00 $;240,00;367,50 $;1192,50 $;113,18 $;0,19%;
07/08/2025;1;97458,48 $;-4115,68 $;0,00 $;-4115,68 $;5,68 $;-7653,08 $;-4115,68 $;0,00%;-4115,68 $;0,00 $;-4115,68 $;0,00 $;-4115,68 $;240,00;4920,00 $;355,00 $;4470,68 $;0,09%;
08/08/2025;1;98257,80 $;799,32 $;799,32 $;0,00 $;5,68 $;-6853,76 $;0,00 $;100,00%;799,32 $;799,32 $;0,00 $;799,32 $;0,00 $;240,00;1090,00 $;1150,00 $;350,68 $;0,09%;
11/08/2025;1;95017,12 $;-3240,68 $;0,00 $;-3240,68 $;5,68 $;-10094,44 $;-3240,68 $;0,00%;-3240,68 $;0,00 $;-3240,68 $;0,00 $;-3240,68 $;210,00;3955,00 $;85,00 $;3325,68 $;0,09%;
12/08/2025;1;96816,44 $;1799,32 $;1799,32 $;0,00 $;5,68 $;-8295,12 $;0,00 $;100,00%;1799,32 $;1799,32 $;0,00 $;1799,32 $;0,00 $;240,00;240,00 $;1990,00 $;190,68 $;0,09%;
13/08/2025;1;97030,76 $;214,32 $;214,32 $;0,00 $;5,68 $;-8080,80 $;0,00 $;100,00%;214,32 $;214,32 $;0,00 $;214,32 $;0,00 $;240,00;785,00 $;660,00 $;445,68 $;0,09%;
14/08/2025;1;97825,08 $;794,32 $;794,32 $;0,00 $;5,68 $;-7286,48 $;0,00 $;100,00%;794,32 $;794,32 $;0,00 $;794,32 $;0,00 $;240,00;465,00 $;1840,00 $;1045,68 $;0,09%;
22/08/2025;1;96909,40 $;-915,68 $;0,00 $;-915,68 $;5,68 $;-8202,16 $;-915,68 $;0,00%;-915,68 $;0,00 $;-915,68 $;0,00 $;-915,68 $;240,00;2275,00 $;495,00 $;1410,68 $;0,09%;
25/08/2025;1;95978,72 $;-930,68 $;0,00 $;-930,68 $;5,68 $;-9132,84 $;-930,68 $;0,00%;-930,68 $;0,00 $;-930,68 $;0,00 $;-930,68 $;240,00;1035,00 $;350,00 $;1280,68 $;0,09%;
26/08/2025;1;97383,04 $;1404,32 $;1404,32 $;0,00 $;5,68 $;-7728,52 $;0,00 $;100,00%;1404,32 $;1404,32 $;0,00 $;1404,32 $;0,00 $;150,00;1160,00 $;1480,00 $;75,68 $;0,09%;
27/08/2025;1;97527,36 $;144,32 $;144,32 $;0,00 $;5,68 $;-7584,20 $;0,00 $;100,00%;144,32 $;144,32 $;0,00 $;144,32 $;0,00 $;210,00;2640,00 $;2445,00 $;2300,68 $;0,09%;
28/08/2025;1;99621,68 $;2094,32 $;2094,32 $;0,00 $;5,68 $;-5489,88 $;0,00 $;100,00%;2094,32 $;2094,32 $;0,00 $;2094,32 $;0,00 $;240,00;40,00 $;2550,00 $;455,68 $;0,09%;
03/09/2025;1;98196,00 $;-1425,68 $;0,00 $;-1425,68 $;5,68 $;-6915,56 $;-1425,68 $;0,00%;-1425,68 $;0,00 $;-1425,68 $;0,00 $;-1425,68 $;240,00;2130,00 $;785,00 $;2210,68 $;0,09%;
04/09/2025;1;99915,32 $;1719,32 $;1719,32 $;0,00 $;5,68 $;-5196,24 $;0,00 $;100,00%;1719,32 $;1719,32 $;0,00 $;1719,32 $;0,00 $;90,00;75,00 $;2220,00 $;500,68 $;0,09%;
05/09/2025;1;100914,64 $;999,32 $;999,32 $;0,00 $;5,68 $;-4196,92 $;0,00 $;100,00%;999,32 $;999,32 $;0,00 $;999,32 $;0,00 $;240,00;945,00 $;1185,00 $;185,68 $;0,09%;
08/09/2025;1;100313,96 $;-600,68 $;0,00 $;-600,68 $;5,68 $;-4797,60 $;-600,68 $;0,00%;-600,68 $;0,00 $;-600,68 $;0,00 $;-600,68 $;210,00;1425,00 $;130,00 $;730,68 $;0,09%;
10/09/2025;1;97638,28 $;-2675,68 $;0,00 $;-2675,68 $;5,68 $;-7473,28 $;-2675,68 $;0,00%;-2675,68 $;0,00 $;-2675,68 $;0,00 $;-2675,68 $;240,00;3170,00 $;520,00 $;3195,68 $;0,09%;
11/09/2025;1;97537,60 $;-100,68 $;0,00 $;-100,68 $;5,68 $;-7573,96 $;-100,68 $;0,00%;-100,68 $;0,00 $;-100,68 $;0,00 $;-100,68 $;240,00;875,00 $;155,00 $;255,68 $;0,09%;
12/09/2025;1;98281,92 $;744,32 $;744,32 $;0,00 $;5,68 $;-6829,64 $;0,00 $;100,00%;744,32 $;744,32 $;0,00 $;744,32 $;0,00 $;240,00;300,00 $;1445,00 $;700,68 $;0,09%;
15/09/2025;2;98940,56 $;658,64 $;658,64 $;0,00 $;11,36 $;-6630,32 $;0,00 $;100,00%;329,32 $;329,32 $;0,00 $;459,32 $;0,00 $;240,00;252,50 $;830,00 $;500,68 $;0,19%;
16/09/2025;1;99409,88 $;469,32 $;469,32 $;0,00 $;5,68 $;-5701,68 $;0,00 $;100,00%;469,32 $;469,32 $;0,00 $;469,32 $;0,00 $;240,00;355,00 $;875,00 $;405,68 $;0,09%;
17/09/2025;1;98899,20 $;-510,68 $;0,00 $;-510,68 $;5,68 $;-6212,36 $;-510,68 $;0,00%;-510,68 $;0,00 $;-510,68 $;0,00 $;-510,68 $;30,00;1590,00 $;370,00 $;880,68 $;0,09%;
18/09/2025;1;97658,52 $;-1240,68 $;0,00 $;-1240,68 $;5,68 $;-7453,04 $;-1240,68 $;0,00%;-1240,68 $;0,00 $;-1240,68 $;0,00 $;-1240,68 $;210,00;1720,00 $;505,00 $;1745,68 $;0,09%;
