Period;#;Cum. net profit;Net profit;Gross profit;Gross loss;Commission;Cum. max. drawdown;Max. drawdown;% Win;Avg. trade;Avg. winner;Avg. loser;Lrg. winner;Lrg. loser;MTR;Avg. MAE;Avg. MFE;Avg. ETD;% Trade;
06/02/2019;1;4,32 $;4,32 $;4,32 $;0,00 $;5,68 $;0,00 $;0,00 $;100,00%;4,32 $;4,32 $;0,00 $;4,32 $;0,00 $;0,00;20,00 $;55,00 $;50,68 $;0,07%;
07/02/2019;1;-66,36 $;-70,68 $;0,00 $;-70,68 $;5,68 $;-70,68 $;-70,68 $;0,00%;-70,68 $;0,00 $;-70,68 $;0,00 $;-70,68 $;90,00;180,00 $;130,00 $;200,68 $;0,07%;
08/02/2019;1;387,96 $;454,32 $;454,32 $;0,00 $;5,68 $;0,00 $;0,00 $;100,00%;454,32 $;454,32 $;0,00 $;454,32 $;0,00 $;150,00;40,00 $;470,00 $;15,68 $;0,07%;
11/02/2019;1;657,28 $;269,32 $;269,32 $;0,00 $;5,68 $;0,00 $;0,00 $;100,00%;269,32 $;269,32 $;0,00 $;269,32 $;0,00 $;240,00;145,00 $;310,00 $;40,68 $;0,07%;
12/02/2019;1;791,60 $;134,32 $;134,32 $;0,00 $;5,68 $;0,00 $;0,00 $;100,00%;134,32 $;134,32 $;0,00 $;134,32 $;0,00 $;210,00;65,00 $;190,00 $;55,68 $;0,07%;
13/02/2019;1;1175,92 $;384,32 $;384,32 $;0,00 $;5,68 $;0,00 $;0,00 $;100,00%;384,32 $;384,32 $;0,00 $;384,32 $;0,00 $;240,00;125,00 $;410,00 $;25,68 $;0,07%;
14/02/2019;1;950,24 $;-225,68 $;0,00 $;-225,68 $;5,68 $;-225,68 $;-225,68 $;0,00%;-225,68 $;0,00 $;-225,68 $;0,00 $;-225,68 $;210,00;275,00 $;165,00 $;390,68 $;0,07%;
15/02/2019;1;1339,56 $;389,32 $;389,32 $;0,00 $;5,68 $;0,00 $;0,00 $;100,00%;389,32 $;389,32 $;0,00 $;389,32 $;0,00 $;90,00;5,00 $;420,00 $;30,68 $;0,07%;
19/02/2019;1;1603,88 $;264,32 $;264,32 $;0,00 $;5,68 $;0,00 $;0,00 $;100,00%;264,32 $;264,32 $;0,00 $;264,32 $;0,00 $;240,00;15,00 $;375,00 $;110,68 $;0,07%;
20/02/2019;2;1837,52 $;233,64 $;234,32 $;-0,68 $;11,36 $;-0,68 $;-0,68 $;50,00%;116,82 $;234,32 $;-0,68 $;234,32 $;-0,68 $;270,00;75,00 $;170,00 $;53,18 $;0,14%;
22/02/2019;1;1871,84 $;34,32 $;34,32 $;0,00 $;5,68 $;0,00 $;0,00 $;100,00%;34,32 $;34,32 $;0,00 $;34,32 $;0,00 $;240,00;235,00 $;135,00 $;100,68 $;0,07%;
25/02/2019;1;1856,16 $;-15,68 $;0,00 $;-15,68 $;5,68 $;-15,68 $;-15,68 $;0,00%;-15,68 $;0,00 $;-15,68 $;0,00 $;-15,68 $;30,00;15,00 $;185,00 $;200,68 $;0,07%;
26/02/2019;2;1639,80 $;-216,36 $;0,00 $;-216,36 $;11,36 $;-232,04 $;-216,36 $;0,00%;-108,18 $;0,00 $;-108,18 $;0,00 $;-150,68 $;270,00;205,00 $;42,50 $;150,68 $;0,14%;
28/02/2019;1;1454,12 $;-185,68 $;0,00 $;-185,68 $;5,68 $;-417,72 $;-185,68 $;0,00%;-185,68 $;0,00 $;-185,68 $;0,00 $;-185,68 $;210,00;340,00 $;75,00 $;260,68 $;0,07%;
04/03/2019;1;1463,44 $;9,32 $;9,32 $;0,00 $;5,68 $;-408,40 $;0,00 $;100,00%;9,32 $;9,32 $;0,00 $;9,32 $;0,00 $;30,00;30,00 $;130,00 $;120,68 $;0,07%;
05/03/2019;1;1302,76 $;-160,68 $;0,00 $;-160,68 $;5,68 $;-569,08 $;-160,68 $;0,00%;-160,68 $;0,00 $;-160,68 $;0,00 $;-160,68 $;210,00;265,00 $;115,00 $;275,68 $;0,07%;
08/03/2019;1;1642,08 $;339,32 $;339,32 $;0,00 $;5,68 $;-229,76 $;0,00 $;100,00%;339,32 $;339,32 $;0,00 $;339,32 $;0,00 $;210,00;190,00 $;380,00 $;40,68 $;0,07%;
11/03/2019;1;1846,40 $;204,32 $;204,32 $;0,00 $;5,68 $;-25,44 $;0,00 $;100,00%;204,32 $;204,32 $;0,00 $;204,32 $;0,00 $;90,00;80,00 $;285,00 $;80,68 $;0,07%;
12/03/2019;1;1520,72 $;-325,68 $;0,00 $;-325,68 $;5,68 $;-351,12 $;-325,68 $;0,00%;-325,68 $;0,00 $;-325,68 $;0,00 $;-325,68 $;210,00;390,00 $;15,00 $;340,68 $;0,07%;
13/03/2019;2;1219,36 $;-301,36 $;44,32 $;-345,68 $;11,36 $;-696,80 $;-345,68 $;50,00%;-150,68 $;44,32 $;-345,68 $;44,32 $;-345,68 $;270,00;217,50 $;37,50 $;188,18 $;0,14%;
14/03/2019;1;998,68 $;-220,68 $;0,00 $;-220,68 $;5,68 $;-873,16 $;-220,68 $;0,00%;-220,68 $;0,00 $;-220,68 $;0,00 $;-220,68 $;150,00;300,00 $;15,00 $;235,68 $;0,07%;
15/03/2019;1;933,00 $;-65,68 $;0,00 $;-65,68 $;5,68 $;-938,84 $;-65,68 $;0,00%;-65,68 $;0,00 $;-65,68 $;0,00 $;-65,68 $;240,00;115,00 $;335,00 $;400,68 $;0,07%;
18/03/2019;1;1237,32 $;304,32 $;304,32 $;0,00 $;5,68 $;-634,52 $;0,00 $;100,00%;304,32 $;304,32 $;0,00 $;304,32 $;0,00 $;150,00;55,00 $;320,00 $;15,68 $;0,07%;
19/03/2019;1;911,64 $;-325,68 $;0,00 $;-325,68 $;5,68 $;-960,20 $;-325,68 $;0,00%;-325,68 $;0,00 $;-325,68 $;0,00 $;-325,68 $;240,00;360,00 $;390,00 $;715,68 $;0,07%;
20/03/2019;1;20,96 $;-890,68 $;0,00 $;-890,68 $;5,68 $;-1850,88 $;-890,68 $;0,00%;-890,68 $;0,00 $;-890,68 $;0,00 $;-890,68 $;90,00;915,00 $;350,00 $;1240,68 $;0,07%;
25/03/2019;1;195,28 $;174,32 $;174,32 $;0,00 $;5,68 $;-1676,56 $;0,00 $;100,00%;174,32 $;174,32 $;0,00 $;174,32 $;0,00 $;210,00;395,00 $;340,00 $;165,68 $;0,07%;
26/03/2019;1;369,60 $;174,32 $;174,32 $;0,00 $;5,68 $;-1502,24 $;0,00 $;100,00%;174,32 $;174,32 $;0,00 $;174,32 $;0,00 $;210,00;330,00 $;240,00 $;65,68 $;0,07%;
27/03/2019;1;243,92 $;-125,68 $;0,00 $;-125,68 $;5,68 $;-1627,92 $;-125,68 $;0,00%;-125,68 $;0,00 $;-125,68 $;0,00 $;-125,68 $;150,00;135,00 $;300,00 $;425,68 $;0,07%;
28/03/2019;1;953,24 $;709,32 $;709,32 $;0,00 $;5,68 $;-918,60 $;0,00 $;100,00%;709,32 $;709,32 $;0,00 $;709,32 $;0,00 $;240,00;20,00 $;815,00 $;105,68 $;0,07%;
29/03/2019;1;1172,56 $;219,32 $;219,32 $;0,00 $;5,68 $;-699,28 $;0,00 $;100,00%;219,32 $;219,32 $;0,00 $;219,32 $;0,00 $;150,00;300,00 $;350,00 $;130,68 $;0,07%;
02/04/2019;1;1056,88 $;-115,68 $;0,00 $;-115,68 $;5,68 $;-814,96 $;-115,68 $;0,00%;-115,68 $;0,00 $;-115,68 $;0,00 $;-115,68 $;90,00;115,00 $;165,00 $;280,68 $;0,07%;
03/04/2019;1;936,20 $;-120,68 $;0,00 $;-120,68 $;5,68 $;-935,64 $;-120,68 $;0,00%;-120,68 $;0,00 $;-120,68 $;0,00 $;-120,68 $;240,00;285,00 $;380,00 $;500,68 $;0,07%;
04/04/2019;1;930,52 $;-5,68 $;0,00 $;-5,68 $;5,68 $;-941,32 $;-5,68 $;0,00%;-5,68 $;0,00 $;-5,68 $;0,00 $;-5,68 $;240,00;375,00 $;75,00 $;80,68 $;0,07%;
08/04/2019;1;879,84 $;-50,68 $;0,00 $;-50,68 $;5,68 $;-992,00 $;-50,68 $;0,00%;-50,68 $;0,00 $;-50,68 $;0,00 $;-50,68 $;240,00;150,00 $;200,00 $;250,68 $;0,07%;
10/04/2019;1;1229,16 $;349,32 $;349,32 $;0,00 $;5,68 $;-642,68 $;0,00 $;100,00%;349,32 $;349,32 $;0,00 $;349,32 $;0,00 $;210,00;45,00 $;395,00 $;45,68 $;0,07%;
12/04/2019;1;1253,48 $;24,32 $;24,32 $;0,00 $;5,68 $;-618,36 $;0,00 $;100,00%;24,32 $;24,32 $;0,00 $;24,32 $;0,00 $;240,00;155,00 $;145,00 $;120,68 $;0,07%;
15/04/2019;1;1552,80 $;299,32 $;299,32 $;0,00 $;5,68 $;-319,04 $;0,00 $;100,00%;299,32 $;299,32 $;0,00 $;299,32 $;0,00 $;210,00;10,00 $;345,00 $;45,68 $;0,07%;
16/04/2019;1;1707,12 $;154,32 $;154,32 $;0,00 $;5,68 $;-164,72 $;0,00 $;100,00%;154,32 $;154,32 $;0,00 $;154,32 $;0,00 $;240,00;40,00 $;240,00 $;85,68 $;0,07%;
18/04/2019;1;1646,44 $;-60,68 $;0,00 $;-60,68 $;5,68 $;-225,40 $;-60,68 $;0,00%;-60,68 $;0,00 $;-60,68 $;0,00 $;-60,68 $;90,00;175,00 $;65,00 $;125,68 $;0,07%;
23/04/2019;1;1630,76 $;-15,68 $;0,00 $;-15,68 $;5,68 $;-241,08 $;-15,68 $;0,00%;-15,68 $;0,00 $;-15,68 $;0,00 $;-15,68 $;210,00;235,00 $;115,00 $;130,68 $;0,07%;
25/04/2019;1;1795,08 $;164,32 $;164,32 $;0,00 $;5,68 $;-76,76 $;0,00 $;100,00%;164,32 $;164,32 $;0,00 $;164,32 $;0,00 $;240,00;10,00 $;370,00 $;205,68 $;0,07%;
26/04/2019;1;2074,40 $;279,32 $;279,32 $;0,00 $;5,68 $;0,00 $;0,00 $;100,00%;279,32 $;279,32 $;0,00 $;279,32 $;0,00 $;240,00;70,00 $;370,00 $;90,68 $;0,07%;
29/04/2019;1;1878,72 $;-195,68 $;0,00 $;-195,68 $;5,68 $;-195,68 $;-195,68 $;0,00%;-195,68 $;0,00 $;-195,68 $;0,00 $;-195,68 $;210,00;245,00 $;85,00 $;280,68 $;0,07%;
30/04/2019;1;2208,04 $;329,32 $;329,32 $;0,00 $;5,68 $;0,00 $;0,00 $;100,00%;329,32 $;329,32 $;0,00 $;329,32 $;0,00 $;150,00;45,00 $;400,00 $;70,68 $;0,07%;
01/05/2019;1;1887,36 $;-320,68 $;0,00 $;-320,68 $;5,68 $;-320,68 $;-320,68 $;0,00%;-320,68 $;0,00 $;-320,68 $;0,00 $;-320,68 $;240,00;400,00 $;280,00 $;600,68 $;0,07%;
03/05/2019;1;2391,68 $;504,32 $;504,32 $;0,00 $;5,68 $;0,00 $;0,00 $;100,00%;504,32 $;504,32 $;0,00 $;504,32 $;0,00 $;240,00;30,00 $;580,00 $;75,68 $;0,07%;
06/05/2019;2;1970,32 $;-421,36 $;324,32 $;-745,68 $;11,36 $;-745,68 $;-745,68 $;50,00%;-210,68 $;324,32 $;-745,68 $;324,32 $;-745,68 $;270,00;592,50 $;207,50 $;418,18 $;0,14%;
07/05/2019;1;1934,64 $;-35,68 $;0,00 $;-35,68 $;5,68 $;-781,36 $;-35,68 $;0,00%;-35,68 $;0,00 $;-35,68 $;0,00 $;-35,68 $;0,00;95,00 $;10,00 $;45,68 $;0,07%;
08/05/2019;1;1878,96 $;-55,68 $;0,00 $;-55,68 $;5,68 $;-837,04 $;-55,68 $;0,00%;-55,68 $;0,00 $;-55,68 $;0,00 $;-55,68 $;210,00;255,00 $;270,00 $;325,68 $;0,07%;
09/05/2019;1;2853,28 $;974,32 $;974,32 $;0,00 $;5,68 $;0,00 $;0,00 $;100,00%;974,32 $;974,32 $;0,00 $;974,32 $;0,00 $;240,00;0,00 $;1260,00 $;285,68 $;0,07%;
10/05/2019;1;2847,60 $;-5,68 $;0,00 $;-5,68 $;5,68 $;-5,68 $;-5,68 $;0,00%;-5,68 $;0,00 $;-5,68 $;0,00 $;-5,68 $;0,00;5,00 $;95,00 $;100,68 $;0,07%;
13/05/2019;1;2691,92 $;-155,68 $;0,00 $;-155,68 $;5,68 $;-161,36 $;-155,68 $;0,00%;-155,68 $;0,00 $;-155,68 $;0,00 $;-155,68 $;30,00;295,00 $;75,00 $;230,68 $;0,07%;
14/05/2019;1;2886,24 $;194,32 $;194,32 $;0,00 $;5,68 $;0,00 $;0,00 $;100,00%;194,32 $;194,32 $;0,00 $;194,32 $;0,00 $;210,00;40,00 $;435,00 $;240,68 $;0,07%;
15/05/2019;1;3020,56 $;134,32 $;134,32 $;0,00 $;5,68 $;0,00 $;0,00 $;100,00%;134,32 $;134,32 $;0,00 $;134,32 $;0,00 $;240,00;275,00 $;235,00 $;100,68 $;0,07%;
20/05/2019;1;2764,88 $;-255,68 $;0,00 $;-255,68 $;5,68 $;-255,68 $;-255,68 $;0,00%;-255,68 $;0,00 $;-255,68 $;0,00 $;-255,68 $;240,00;365,00 $;335,00 $;590,68 $;0,07%;
21/05/2019;1;2879,20 $;114,32 $;114,32 $;0,00 $;5,68 $;-141,36 $;0,00 $;100,00%;114,32 $;114,32 $;0,00 $;114,32 $;0,00 $;210,00;90,00 $;210,00 $;95,68 $;0,07%;
22/05/2019;1;2753,52 $;-125,68 $;0,00 $;-125,68 $;5,68 $;-267,04 $;-125,68 $;0,00%;-125,68 $;0,00 $;-125,68 $;0,00 $;-125,68 $;30,00;150,00 $;5,00 $;130,68 $;0,07%;
23/05/2019;1;2227,84 $;-525,68 $;0,00 $;-525,68 $;5,68 $;-792,72 $;-525,68 $;0,00%;-525,68 $;0,00 $;-525,68 $;0,00 $;-525,68 $;240,00;880,00 $;40,00 $;565,68 $;0,07%;
24/05/2019;2;2581,48 $;353,64 $;424,32 $;-70,68 $;11,36 $;-439,08 $;-70,68 $;50,00%;176,82 $;424,32 $;-70,68 $;424,32 $;-70,68 $;270,00;32,50 $;252,50 $;75,68 $;0,14%;
29/05/2019;1;2485,80 $;-95,68 $;0,00 $;-95,68 $;5,68 $;-534,76 $;-95,68 $;0,00%;-95,68 $;0,00 $;-95,68 $;0,00 $;-95,68 $;150,00;430,00 $;215,00 $;310,68 $;0,07%;
30/05/2019;1;2375,12 $;-110,68 $;0,00 $;-110,68 $;5,68 $;-645,44 $;-110,68 $;0,00%;-110,68 $;0,00 $;-110,68 $;0,00 $;-110,68 $;210,00;600,00 $;245,00 $;355,68 $;0,07%;
31/05/2019;1;1939,44 $;-435,68 $;0,00 $;-435,68 $;5,68 $;-1081,12 $;-435,68 $;0,00%;-435,68 $;0,00 $;-435,68 $;0,00 $;-435,68 $;240,00;490,00 $;125,00 $;560,68 $;0,07%;
03/06/2019;1;1688,76 $;-250,68 $;0,00 $;-250,68 $;5,68 $;-1331,80 $;-250,68 $;0,00%;-250,68 $;0,00 $;-250,68 $;0,00 $;-250,68 $;240,00;540,00 $;355,00 $;605,68 $;0,07%;
04/06/2019;1;2163,08 $;474,32 $;474,32 $;0,00 $;5,68 $;-857,48 $;0,00 $;100,00%;474,32 $;474,32 $;0,00 $;474,32 $;0,00 $;240,00;120,00 $;490,00 $;15,68 $;0,07%;
06/06/2019;2;2421,72 $;258,64 $;439,32 $;-180,68 $;11,36 $;-598,84 $;-180,68 $;50,00%;129,32 $;439,32 $;-180,68 $;439,32 $;-180,68 $;270,00;290,00 $;247,50 $;118,18 $;0,14%;
07/06/2019;1;2826,04 $;404,32 $;404,32 $;0,00 $;5,68 $;-194,52 $;0,00 $;100,00%;404,32 $;404,32 $;0,00 $;404,32 $;0,00 $;240,00;35,00 $;450,00 $;45,68 $;0,07%;
10/06/2019;1;2445,36 $;-380,68 $;0,00 $;-380,68 $;5,68 $;-575,20 $;-380,68 $;0,00%;-380,68 $;0,00 $;-380,68 $;0,00 $;-380,68 $;240,00;560,00 $;265,00 $;645,68 $;0,07%;
11/06/2019;1;2669,68 $;224,32 $;224,32 $;0,00 $;5,68 $;-350,88 $;0,00 $;100,00%;224,32 $;224,32 $;0,00 $;224,32 $;0,00 $;150,00;50,00 $;480,00 $;255,68 $;0,07%;
12/06/2019;1;2949,00 $;279,32 $;279,32 $;0,00 $;5,68 $;-71,56 $;0,00 $;100,00%;279,32 $;279,32 $;0,00 $;279,32 $;0,00 $;240,00;90,00 $;455,00 $;175,68 $;0,07%;
13/06/2019;1;3028,32 $;79,32 $;79,32 $;0,00 $;5,68 $;0,00 $;0,00 $;100,00%;79,32 $;79,32 $;0,00 $;79,32 $;0,00 $;240,00;165,00 $;310,00 $;230,68 $;0,07%;
14/06/2019;2;2801,96 $;-226,36 $;4,32 $;-230,68 $;11,36 $;-230,68 $;-230,68 $;50,00%;-113,18 $;4,32 $;-230,68 $;4,32 $;-230,68 $;330,00;197,50 $;40,00 $;153,18 $;0,14%;
18/06/2019;1;2606,28 $;-195,68 $;0,00 $;-195,68 $;5,68 $;-422,04 $;-195,68 $;0,00%;-195,68 $;0,00 $;-195,68 $;0,00 $;-195,68 $;240,00;430,00 $;35,00 $;230,68 $;0,07%;
19/06/2019;1;2940,60 $;334,32 $;334,32 $;0,00 $;5,68 $;-87,72 $;0,00 $;100,00%;334,32 $;334,32 $;0,00 $;334,32 $;0,00 $;210,00;240,00 $;425,00 $;90,68 $;0,07%;
21/06/2019;2;2614,24 $;-326,36 $;0,00 $;-326,36 $;11,36 $;-414,08 $;-326,36 $;0,00%;-163,18 $;0,00 $;-163,18 $;0,00 $;-295,68 $;270,00;210,00 $;97,50 $;260,68 $;0,14%;
24/06/2019;1;2313,56 $;-300,68 $;0,00 $;-300,68 $;5,68 $;-714,76 $;-300,68 $;0,00%;-300,68 $;0,00 $;-300,68 $;0,00 $;-300,68 $;210,00;480,00 $;30,00 $;330,68 $;0,07%;
25/06/2019;1;2132,88 $;-180,68 $;0,00 $;-180,68 $;5,68 $;-895,44 $;-180,68 $;0,00%;-180,68 $;0,00 $;-180,68 $;0,00 $;-180,68 $;30,00;245,00 $;45,00 $;225,68 $;0,07%;
27/06/2019;1;2707,20 $;574,32 $;574,32 $;0,00 $;5,68 $;-321,12 $;0,00 $;100,00%;574,32 $;574,32 $;0,00 $;574,32 $;0,00 $;240,00;95,00 $;650,00 $;75,68 $;0,07%;
28/06/2019;1;2816,52 $;109,32 $;109,32 $;0,00 $;5,68 $;-211,80 $;0,00 $;100,00%;109,32 $;109,32 $;0,00 $;109,32 $;0,00 $;210,00;270,00 $;190,00 $;80,68 $;0,07%;
03/07/2019;1;3205,84 $;389,32 $;389,32 $;0,00 $;5,68 $;0,00 $;0,00 $;100,00%;389,32 $;389,32 $;0,00 $;389,32 $;0,00 $;45,00;25,00 $;410,00 $;20,68 $;0,07%;
05/07/2019;1;3455,16 $;249,32 $;249,32 $;0,00 $;5,68 $;0,00 $;0,00 $;100,00%;249,32 $;249,32 $;0,00 $;249,32 $;0,00 $;150,00;5,00 $;315,00 $;65,68 $;0,07%;
09/07/2019;1;3694,48 $;239,32 $;239,32 $;0,00 $;5,68 $;0,00 $;0,00 $;100,00%;239,32 $;239,32 $;0,00 $;239,32 $;0,00 $;90,00;10,00 $;355,00 $;115,68 $;0,07%;
10/07/2019;1;3543,80 $;-150,68 $;0,00 $;-150,68 $;5,68 $;-150,68 $;-150,68 $;0,00%;-150,68 $;0,00 $;-150,68 $;0,00 $;-150,68 $;210,00;170,00 $;190,00 $;340,68 $;0,07%;
11/07/2019;1;3378,12 $;-165,68 $;0,00 $;-165,68 $;5,68 $;-316,36 $;-165,68 $;0,00%;-165,68 $;0,00 $;-165,68 $;0,00 $;-165,68 $;210,00;410,00 $;25,00 $;190,68 $;0,07%;
12/07/2019;1;3552,44 $;174,32 $;174,32 $;0,00 $;5,68 $;-142,04 $;0,00 $;100,00%;174,32 $;174,32 $;0,00 $;174,32 $;0,00 $;210,00;55,00 $;500,00 $;325,68 $;0,07%;
16/07/2019;1;3451,76 $;-100,68 $;0,00 $;-100,68 $;5,68 $;-242,72 $;-100,68 $;0,00%;-100,68 $;0,00 $;-100,68 $;0,00 $;-100,68 $;90,00;125,00 $;85,00 $;185,68 $;0,07%;
17/07/2019;1;3226,08 $;-225,68 $;0,00 $;-225,68 $;5,68 $;-468,40 $;-225,68 $;0,00%;-225,68 $;0,00 $;-225,68 $;0,00 $;-225,68 $;240,00;225,00 $;255,00 $;480,68 $;0,07%;
18/07/2019;2;3744,72 $;518,64 $;518,64 $;0,00 $;11,36 $;-64,08 $;0,00 $;100,00%;259,32 $;259,32 $;0,00 $;404,32 $;0,00 $;240,00;50,00 $;372,50 $;113,18 $;0,14%;
19/07/2019;1;3449,04 $;-295,68 $;0,00 $;-295,68 $;5,68 $;-295,68 $;-295,68 $;0,00%;-295,68 $;0,00 $;-295,68 $;0,00 $;-295,68 $;240,00;420,00 $;155,00 $;450,68 $;0,07%;
23/07/2019;1;3433,36 $;-15,68 $;0,00 $;-15,68 $;5,68 $;-311,36 $;-15,68 $;0,00%;-15,68 $;0,00 $;-15,68 $;0,00 $;-15,68 $;30,00;60,00 $;115,00 $;130,68 $;0,07%;
24/07/2019;1;4477,68 $;1044,32 $;1044,32 $;0,00 $;5,68 $;0,00 $;0,00 $;100,00%;1044,32 $;1044,32 $;0,00 $;1044,32 $;0,00 $;240,00;90,00 $;1070,00 $;25,68 $;0,07%;
26/07/2019;1;4382,00 $;-95,68 $;0,00 $;-95,68 $;5,68 $;-95,68 $;-95,68 $;0,00%;-95,68 $;0,00 $;-95,68 $;0,00 $;-95,68 $;30,00;90,00 $;145,00 $;240,68 $;0,07%;
29/07/2019;1;4336,32 $;-45,68 $;0,00 $;-45,68 $;5,68 $;-141,36 $;-45,68 $;0,00%;-45,68 $;0,00 $;-45,68 $;0,00 $;-45,68 $;210,00;190,00 $;40,00 $;85,68 $;0,07%;
30/07/2019;1;4430,64 $;94,32 $;94,32 $;0,00 $;5,68 $;-47,04 $;0,00 $;100,00%;94,32 $;94,32 $;0,00 $;94,32 $;0,00 $;30,00;20,00 $;230,00 $;135,68 $;0,07%;
31/07/2019;1;3264,96 $;-1165,68 $;0,00 $;-1165,68 $;5,68 $;-1212,72 $;-1165,68 $;0,00%;-1165,68 $;0,00 $;-1165,68 $;0,00 $;-1165,68 $;210,00;1605,00 $;140,00 $;1305,68 $;0,07%;
01/08/2019;1;1539,28 $;-1725,68 $;0,00 $;-1725,68 $;5,68 $;-2938,40 $;-1725,68 $;0,00%;-1725,68 $;0,00 $;-1725,68 $;0,00 $;-1725,68 $;240,00;2270,00 $;30,00 $;1755,68 $;0,07%;
02/08/2019;1;1713,60 $;174,32 $;174,32 $;0,00 $;5,68 $;-2764,08 $;0,00 $;100,00%;174,32 $;174,32 $;0,00 $;174,32 $;0,00 $;240,00;205,00 $;325,00 $;150,68 $;0,07%;
05/08/2019;1;1002,92 $;-710,68 $;0,00 $;-710,68 $;5,68 $;-3474,76 $;-710,68 $;0,00%;-710,68 $;0,00 $;-710,68 $;0,00 $;-710,68 $;240,00;1265,00 $;80,00 $;790,68 $;0,07%;
07/08/2019;1;1562,24 $;559,32 $;559,32 $;0,00 $;5,68 $;-2915,44 $;0,00 $;100,00%;559,32 $;559,32 $;0,00 $;559,32 $;0,00 $;240,00;295,00 $;620,00 $;60,68 $;0,07%;
08/08/2019;1;1891,56 $;329,32 $;329,32 $;0,00 $;5,68 $;-2586,12 $;0,00 $;100,00%;329,32 $;329,32 $;0,00 $;329,32 $;0,00 $;240,00;50,00 $;400,00 $;70,68 $;0,07%;
09/08/2019;1;1980,88 $;89,32 $;89,32 $;0,00 $;5,68 $;-2496,80 $;0,00 $;100,00%;89,32 $;89,32 $;0,00 $;89,32 $;0,00 $;90,00;145,00 $;220,00 $;130,68 $;0,07%;
13/08/2019;1;2090,20 $;109,32 $;109,32 $;0,00 $;5,68 $;-2387,48 $;0,00 $;100,00%;109,32 $;109,32 $;0,00 $;109,32 $;0,00 $;240,00;140,00 $;390,00 $;280,68 $;0,07%;
14/08/2019;1;1799,52 $;-290,68 $;0,00 $;-290,68 $;5,68 $;-2678,16 $;-290,68 $;0,00%;-290,68 $;0,00 $;-290,68 $;0,00 $;-290,68 $;240,00;550,00 $;130,00 $;420,68 $;0,07%;
15/08/2019;1;1508,84 $;-290,68 $;0,00 $;-290,68 $;5,68 $;-2968,84 $;-290,68 $;0,00%;-290,68 $;0,00 $;-290,68 $;0,00 $;-290,68 $;240,00;535,00 $;180,00 $;470,68 $;0,07%;
16/08/2019;1;1708,16 $;199,32 $;199,32 $;0,00 $;5,68 $;-2769,52 $;0,00 $;100,00%;199,32 $;199,32 $;0,00 $;199,32 $;0,00 $;240,00;95,00 $;285,00 $;85,68 $;0,07%;
19/08/2019;1;1597,48 $;-110,68 $;0,00 $;-110,68 $;5,68 $;-2880,20 $;-110,68 $;0,00%;-110,68 $;0,00 $;-110,68 $;0,00 $;-110,68 $;240,00;165,00 $;115,00 $;225,68 $;0,07%;
20/08/2019;1;1481,80 $;-115,68 $;0,00 $;-115,68 $;5,68 $;-2995,88 $;-115,68 $;0,00%;-115,68 $;0,00 $;-115,68 $;0,00 $;-115,68 $;240,00;340,00 $;40,00 $;155,68 $;0,07%;
21/08/2019;1;1581,12 $;99,32 $;99,32 $;0,00 $;5,68 $;-2896,56 $;0,00 $;100,00%;99,32 $;99,32 $;0,00 $;99,32 $;0,00 $;150,00;240,00 $;120,00 $;20,68 $;0,07%;
22/08/2019;1;1435,44 $;-145,68 $;0,00 $;-145,68 $;5,68 $;-3042,24 $;-145,68 $;0,00%;-145,68 $;0,00 $;-145,68 $;0,00 $;-145,68 $;210,00;155,00 $;290,00 $;435,68 $;0,07%;
23/08/2019;1;294,76 $;-1140,68 $;0,00 $;-1140,68 $;5,68 $;-4182,92 $;-1140,68 $;0,00%;-1140,68 $;0,00 $;-1140,68 $;0,00 $;-1140,68 $;240,00;1160,00 $;85,00 $;1225,68 $;0,07%;
26/08/2019;1;659,08 $;364,32 $;364,32 $;0,00 $;5,68 $;-3818,60 $;0,00 $;100,00%;364,32 $;364,32 $;0,00 $;364,32 $;0,00 $;210,00;125,00 $;415,00 $;50,68 $;0,07%;
27/08/2019;1;458,40 $;-200,68 $;0,00 $;-200,68 $;5,68 $;-4019,28 $;-200,68 $;0,00%;-200,68 $;0,00 $;-200,68 $;0,00 $;-200,68 $;210,00;320,00 $;315,00 $;515,68 $;0,07%;
28/08/2019;1;317,72 $;-140,68 $;0,00 $;-140,68 $;5,68 $;-4159,96 $;-140,68 $;0,00%;-140,68 $;0,00 $;-140,68 $;0,00 $;-140,68 $;210,00;245,00 $;115,00 $;255,68 $;0,07%;
30/08/2019;2;471,36 $;153,64 $;153,64 $;0,00 $;11,36 $;-4050,64 $;0,00 $;100,00%;76,82 $;76,82 $;0,00 $;109,32 $;0,00 $;240,00;47,50 $;217,50 $;140,68 $;0,14%;
02/09/2019;1;390,68 $;-80,68 $;0,00 $;-80,68 $;5,68 $;-4087,00 $;-80,68 $;0,00%;-80,68 $;0,00 $;-80,68 $;0,00 $;-80,68 $;0,00;75,00 $;100,00 $;180,68 $;0,07%;
03/09/2019;1;325,00 $;-65,68 $;0,00 $;-65,68 $;5,68 $;-4152,68 $;-65,68 $;0,00%;-65,68 $;0,00 $;-65,68 $;0,00 $;-65,68 $;240,00;410,00 $;225,00 $;290,68 $;0,07%;
04/09/2019;1;409,32 $;84,32 $;84,32 $;0,00 $;5,68 $;-4068,36 $;0,00 $;100,00%;84,32 $;84,32 $;0,00 $;84,32 $;0,00 $;240,00;225,00 $;165,00 $;80,68 $;0,07%;
05/09/2019;1;378,64 $;-30,68 $;0,00 $;-30,68 $;5,68 $;-4099,04 $;-30,68 $;0,00%;-30,68 $;0,00 $;-30,68 $;0,00 $;-30,68 $;210,00;80,00 $;450,00 $;480,68 $;0,07%;
06/09/2019;1;87,96 $;-290,68 $;0,00 $;-290,68 $;5,68 $;-4389,72 $;-290,68 $;0,00%;-290,68 $;0,00 $;-290,68 $;0,00 $;-290,68 $;240,00;405,00 $;105,00 $;395,68 $;0,07%;
09/09/2019;1;187,28 $;99,32 $;99,32 $;0,00 $;5,68 $;-4290,40 $;0,00 $;100,00%;99,32 $;99,32 $;0,00 $;99,32 $;0,00 $;240,00;435,00 $;335,00 $;235,68 $;0,07%;
10/09/2019;1;236,60 $;49,32 $;49,32 $;0,00 $;5,68 $;-4241,08 $;0,00 $;100,00%;49,32 $;49,32 $;0,00 $;49,32 $;0,00 $;210,00;365,00 $;80,00 $;30,68 $;0,07%;
12/09/2019;1;565,92 $;329,32 $;329,32 $;0,00 $;5,68 $;-3911,76 $;0,00 $;100,00%;329,32 $;329,32 $;0,00 $;329,32 $;0,00 $;240,00;100,00 $;365,00 $;35,68 $;0,07%;
13/09/2019;1;335,24 $;-230,68 $;0,00 $;-230,68 $;5,68 $;-4142,44 $;-230,68 $;0,00%;-230,68 $;0,00 $;-230,68 $;0,00 $;-230,68 $;210,00;350,00 $;120,00 $;350,68 $;0,07%;
16/09/2019;2;233,88 $;-101,36 $;59,32 $;-160,68 $;11,36 $;-4303,12 $;-160,68 $;50,00%;-50,68 $;59,32 $;-160,68 $;59,32 $;-160,68 $;270,00;235,00 $;115,00 $;165,68 $;0,14%;
17/09/2019;1;238,20 $;4,32 $;4,32 $;0,00 $;5,68 $;-4239,48 $;0,00 $;100,00%;4,32 $;4,32 $;0,00 $;4,32 $;0,00 $;240,00;90,00 $;220,00 $;215,68 $;0,07%;
18/09/2019;1;747,52 $;509,32 $;509,32 $;0,00 $;5,68 $;-3730,16 $;0,00 $;100,00%;509,32 $;509,32 $;0,00 $;509,32 $;0,00 $;90,00;200,00 $;625,00 $;115,68 $;0,07%;
23/09/2019;1;636,84 $;-110,68 $;0,00 $;-110,68 $;5,68 $;-3840,84 $;-110,68 $;0,00%;-110,68 $;0,00 $;-110,68 $;0,00 $;-110,68 $;210,00;210,00 $;145,00 $;255,68 $;0,07%;
24/09/2019;2;15,48 $;-621,36 $;0,00 $;-621,36 $;11,36 $;-4462,20 $;-621,36 $;0,00%;-310,68 $;0,00 $;-310,68 $;0,00 $;-605,68 $;270,00;445,00 $;50,00 $;360,68 $;0,14%;
25/09/2019;1;224,80 $;209,32 $;209,32 $;0,00 $;5,68 $;-4252,88 $;0,00 $;100,00%;209,32 $;209,32 $;0,00 $;209,32 $;0,00 $;210,00;90,00 $;410,00 $;200,68 $;0,07%;
27/09/2019;1;-890,88 $;-1115,68 $;0,00 $;-1115,68 $;5,68 $;-5368,56 $;-1115,68 $;0,00%;-1115,68 $;0,00 $;-1115,68 $;0,00 $;-1115,68 $;240,00;1245,00 $;30,00 $;1145,68 $;0,07%;
30/09/2019;1;-501,56 $;389,32 $;389,32 $;0,00 $;5,68 $;-4979,24 $;0,00 $;100,00%;389,32 $;389,32 $;0,00 $;389,32 $;0,00 $;240,00;125,00 $;525,00 $;135,68 $;0,07%;
01/10/2019;1;-1377,24 $;-875,68 $;0,00 $;-875,68 $;5,68 $;-5854,92 $;-875,68 $;0,00%;-875,68 $;0,00 $;-875,68 $;0,00 $;-875,68 $;210,00;975,00 $;135,00 $;1010,68 $;0,07%;
02/10/2019;1;-1357,92 $;19,32 $;19,32 $;0,00 $;5,68 $;-5835,60 $;0,00 $;100,00%;19,32 $;19,32 $;0,00 $;19,32 $;0,00 $;240,00;575,00 $;150,00 $;130,68 $;0,07%;
03/10/2019;1;-1073,60 $;284,32 $;284,32 $;0,00 $;5,68 $;-5551,28 $;0,00 $;100,00%;284,32 $;284,32 $;0,00 $;284,32 $;0,00 $;240,00;430,00 $;565,00 $;280,68 $;0,07%;
07/10/2019;1;-1089,28 $;-15,68 $;0,00 $;-15,68 $;5,68 $;-5566,96 $;-15,68 $;0,00%;-15,68 $;0,00 $;-15,68 $;0,00 $;-15,68 $;240,00;295,00 $;405,00 $;420,68 $;0,07%;
08/10/2019;1;-1374,96 $;-285,68 $;0,00 $;-285,68 $;5,68 $;-5852,64 $;-285,68 $;0,00%;-285,68 $;0,00 $;-285,68 $;0,00 $;-285,68 $;150,00;365,00 $;425,00 $;710,68 $;0,07%;
10/10/2019;1;-1440,64 $;-65,68 $;0,00 $;-65,68 $;5,68 $;-5918,32 $;-65,68 $;0,00%;-65,68 $;0,00 $;-65,68 $;0,00 $;-65,68 $;240,00;495,00 $;125,00 $;190,68 $;0,07%;
11/10/2019;1;-1956,32 $;-515,68 $;0,00 $;-515,68 $;5,68 $;-6434,00 $;-515,68 $;0,00%;-515,68 $;0,00 $;-515,68 $;0,00 $;-515,68 $;210,00;675,00 $;175,00 $;690,68 $;0,07%;
14/10/2019;1;-1992,00 $;-35,68 $;0,00 $;-35,68 $;5,68 $;-6469,68 $;-35,68 $;0,00%;-35,68 $;0,00 $;-35,68 $;0,00 $;-35,68 $;210,00;105,00 $;125,00 $;160,68 $;0,07%;
15/10/2019;1;-2062,68 $;-70,68 $;0,00 $;-70,68 $;5,68 $;-6540,36 $;-70,68 $;0,00%;-70,68 $;0,00 $;-70,68 $;0,00 $;-70,68 $;240,00;160,00 $;290,00 $;360,68 $;0,07%;
16/10/2019;1;-2163,36 $;-100,68 $;0,00 $;-100,68 $;5,68 $;-6641,04 $;-100,68 $;0,00%;-100,68 $;0,00 $;-100,68 $;0,00 $;-100,68 $;240,00;205,00 $;200,00 $;300,68 $;0,07%;
18/10/2019;1;-2264,04 $;-100,68 $;0,00 $;-100,68 $;5,68 $;-6741,72 $;-100,68 $;0,00%;-100,68 $;0,00 $;-100,68 $;0,00 $;-100,68 $;90,00;185,00 $;15,00 $;115,68 $;0,07%;
21/10/2019;1;-2344,72 $;-80,68 $;0,00 $;-80,68 $;5,68 $;-6822,40 $;-80,68 $;0,00%;-80,68 $;0,00 $;-80,68 $;0,00 $;-80,68 $;150,00;185,00 $;105,00 $;185,68 $;0,07%;
22/10/2019;1;-2625,40 $;-280,68 $;0,00 $;-280,68 $;5,68 $;-7103,08 $;-280,68 $;0,00%;-280,68 $;0,00 $;-280,68 $;0,00 $;-280,68 $;150,00;320,00 $;260,00 $;540,68 $;0,07%;
23/10/2019;1;-2576,08 $;49,32 $;49,32 $;0,00 $;5,68 $;-7053,76 $;0,00 $;100,00%;49,32 $;49,32 $;0,00 $;49,32 $;0,00 $;210,00;230,00 $;100,00 $;50,68 $;0,07%;
25/10/2019;1;-2821,76 $;-245,68 $;0,00 $;-245,68 $;5,68 $;-7299,44 $;-245,68 $;0,00%;-245,68 $;0,00 $;-245,68 $;0,00 $;-245,68 $;210,00;250,00 $;30,00 $;275,68 $;0,07%;
28/10/2019;1;-2652,44 $;169,32 $;169,32 $;0,00 $;5,68 $;-7130,12 $;0,00 $;100,00%;169,32 $;169,32 $;0,00 $;169,32 $;0,00 $;240,00;120,00 $;330,00 $;160,68 $;0,07%;
29/10/2019;1;-2538,12 $;114,32 $;114,32 $;0,00 $;5,68 $;-7015,80 $;0,00 $;100,00%;114,32 $;114,32 $;0,00 $;114,32 $;0,00 $;240,00;75,00 $;295,00 $;180,68 $;0,07%;
30/10/2019;2;-2094,48 $;443,64 $;443,64 $;0,00 $;11,36 $;-6581,48 $;0,00 $;100,00%;221,82 $;221,82 $;0,00 $;434,32 $;0,00 $;240,00;82,50 $;325,00 $;103,18 $;0,14%;
01/11/2019;1;-2035,16 $;59,32 $;59,32 $;0,00 $;5,68 $;-6512,84 $;0,00 $;100,00%;59,32 $;59,32 $;0,00 $;59,32 $;0,00 $;240,00;185,00 $;200,00 $;140,68 $;0,07%;
05/11/2019;1;-2045,84 $;-10,68 $;0,00 $;-10,68 $;5,68 $;-6523,52 $;-10,68 $;0,00%;-10,68 $;0,00 $;-10,68 $;0,00 $;-10,68 $;210,00;50,00 $;215,00 $;225,68 $;0,07%;
06/11/2019;1;-2056,52 $;-10,68 $;0,00 $;-10,68 $;5,68 $;-6534,20 $;-10,68 $;0,00%;-10,68 $;0,00 $;-10,68 $;0,00 $;-10,68 $;30,00;140,00 $;45,00 $;55,68 $;0,07%;
07/11/2019;1;-2647,20 $;-590,68 $;0,00 $;-590,68 $;5,68 $;-7124,88 $;-590,68 $;0,00%;-590,68 $;0,00 $;-590,68 $;0,00 $;-590,68 $;240,00;670,00 $;25,00 $;615,68 $;0,07%;
08/11/2019;1;-2522,88 $;124,32 $;124,32 $;0,00 $;5,68 $;-7000,56 $;0,00 $;100,00%;124,32 $;124,32 $;0,00 $;124,32 $;0,00 $;240,00;65,00 $;180,00 $;55,68 $;0,07%;
11/11/2019;1;-2398,56 $;124,32 $;124,32 $;0,00 $;5,68 $;-6876,24 $;0,00 $;100,00%;124,32 $;124,32 $;0,00 $;124,32 $;0,00 $;90,00;95,00 $;140,00 $;15,68 $;0,07%;
12/11/2019;1;-2499,24 $;-100,68 $;0,00 $;-100,68 $;5,68 $;-6976,92 $;-100,68 $;0,00%;-100,68 $;0,00 $;-100,68 $;0,00 $;-100,68 $;210,00;225,00 $;245,00 $;345,68 $;0,07%;
13/11/2019;2;-2265,60 $;233,64 $;233,64 $;0,00 $;11,36 $;-6782,60 $;0,00 $;100,00%;116,82 $;116,82 $;0,00 $;194,32 $;0,00 $;240,00;62,50 $;175,00 $;58,18 $;0,14%;
14/11/2019;1;-2256,28 $;9,32 $;9,32 $;0,00 $;5,68 $;-6733,96 $;0,00 $;100,00%;9,32 $;9,32 $;0,00 $;9,32 $;0,00 $;0,00;0,00 $;35,00 $;25,68 $;0,07%;
15/11/2019;1;-2241,96 $;14,32 $;14,32 $;0,00 $;5,68 $;-6719,64 $;0,00 $;100,00%;14,32 $;14,32 $;0,00 $;14,32 $;0,00 $;240,00;40,00 $;135,00 $;120,68 $;0,07%;
18/11/2019;1;-2042,64 $;199,32 $;199,32 $;0,00 $;5,68 $;-6520,32 $;0,00 $;100,00%;199,32 $;199,32 $;0,00 $;199,32 $;0,00 $;240,00;90,00 $;280,00 $;80,68 $;0,07%;
19/11/2019;1;-2178,32 $;-135,68 $;0,00 $;-135,68 $;5,68 $;-6656,00 $;-135,68 $;0,00%;-135,68 $;0,00 $;-135,68 $;0,00 $;-135,68 $;210,00;145,00 $;190,00 $;325,68 $;0,07%;
20/11/2019;2;-2444,68 $;-266,36 $;49,32 $;-315,68 $;11,36 $;-6971,68 $;-315,68 $;50,00%;-133,18 $;49,32 $;-315,68 $;49,32 $;-315,68 $;330,00;562,50 $;137,50 $;270,68 $;0,14%;
25/11/2019;1;-2195,36 $;249,32 $;249,32 $;0,00 $;5,68 $;-6673,04 $;0,00 $;100,00%;249,32 $;249,32 $;0,00 $;249,32 $;0,00 $;240,00;85,00 $;255,00 $;5,68 $;0,07%;
26/11/2019;1;-2346,04 $;-150,68 $;0,00 $;-150,68 $;5,68 $;-6823,72 $;-150,68 $;0,00%;-150,68 $;0,00 $;-150,68 $;0,00 $;-150,68 $;210,00;370,00 $;0,00 $;150,68 $;0,07%;
29/11/2019;1;-2651,72 $;-305,68 $;0,00 $;-305,68 $;5,68 $;-7129,40 $;-305,68 $;0,00%;-305,68 $;0,00 $;-305,68 $;0,00 $;-305,68 $;45,00;365,00 $;115,00 $;420,68 $;0,07%;
02/12/2019;1;-2957,40 $;-305,68 $;0,00 $;-305,68 $;5,68 $;-7435,08 $;-305,68 $;0,00%;-305,68 $;0,00 $;-305,68 $;0,00 $;-305,68 $;240,00;370,00 $;75,00 $;380,68 $;0,07%;
04/12/2019;1;-2793,08 $;164,32 $;164,32 $;0,00 $;5,68 $;-7270,76 $;0,00 $;100,00%;164,32 $;164,32 $;0,00 $;164,32 $;0,00 $;240,00;90,00 $;195,00 $;30,68 $;0,07%;
05/12/2019;1;-2753,76 $;39,32 $;39,32 $;0,00 $;5,68 $;-7231,44 $;0,00 $;100,00%;39,32 $;39,32 $;0,00 $;39,32 $;0,00 $;210,00;220,00 $;110,00 $;70,68 $;0,07%;
06/12/2019;1;-2799,44 $;-45,68 $;0,00 $;-45,68 $;5,68 $;-7277,12 $;-45,68 $;0,00%;-45,68 $;0,00 $;-45,68 $;0,00 $;-45,68 $;210,00;190,00 $;5,00 $;50,68 $;0,07%;
09/12/2019;1;-2830,12 $;-30,68 $;0,00 $;-30,68 $;5,68 $;-7307,80 $;-30,68 $;0,00%;-30,68 $;0,00 $;-30,68 $;0,00 $;-30,68 $;240,00;160,00 $;95,00 $;125,68 $;0,07%;
10/12/2019;1;-2795,80 $;34,32 $;34,32 $;0,00 $;5,68 $;-7273,48 $;0,00 $;100,00%;34,32 $;34,32 $;0,00 $;34,32 $;0,00 $;210,00;255,00 $;50,00 $;15,68 $;0,07%;
11/12/2019;2;-2532,16 $;263,64 $;263,64 $;0,00 $;11,36 $;-7049,16 $;0,00 $;100,00%;131,82 $;131,82 $;0,00 $;224,32 $;0,00 $;240,00;20,00 $;172,50 $;40,68 $;0,14%;
12/12/2019;2;-2273,52 $;258,64 $;258,64 $;0,00 $;11,36 $;-6785,52 $;0,00 $;100,00%;129,32 $;129,32 $;0,00 $;224,32 $;0,00 $;240,00;202,50 $;182,50 $;53,18 $;0,14%;
13/12/2019;1;-2124,20 $;149,32 $;149,32 $;0,00 $;5,68 $;-6601,88 $;0,00 $;100,00%;149,32 $;149,32 $;0,00 $;149,32 $;0,00 $;240,00;20,00 $;470,00 $;320,68 $;0,07%;
17/12/2019;1;-1789,88 $;334,32 $;334,32 $;0,00 $;5,68 $;-6267,56 $;0,00 $;100,00%;334,32 $;334,32 $;0,00 $;334,32 $;0,00 $;240,00;25,00 $;360,00 $;25,68 $;0,07%;
18/12/2019;1;-1610,56 $;179,32 $;179,32 $;0,00 $;5,68 $;-6088,24 $;0,00 $;100,00%;179,32 $;179,32 $;0,00 $;179,32 $;0,00 $;240,00;55,00 $;275,00 $;95,68 $;0,07%;
19/12/2019;1;-1581,24 $;29,32 $;29,32 $;0,00 $;5,68 $;-6058,92 $;0,00 $;100,00%;29,32 $;29,32 $;0,00 $;29,32 $;0,00 $;240,00;40,00 $;105,00 $;75,68 $;0,07%;
20/12/2019;1;-1766,92 $;-185,68 $;0,00 $;-185,68 $;5,68 $;-6244,60 $;-185,68 $;0,00%;-185,68 $;0,00 $;-185,68 $;0,00 $;-185,68 $;150,00;190,00 $;25,00 $;210,68 $;0,07%;
23/12/2019;1;-1662,60 $;104,32 $;104,32 $;0,00 $;5,68 $;-6140,28 $;0,00 $;100,00%;104,32 $;104,32 $;0,00 $;104,32 $;0,00 $;240,00;30,00 $;185,00 $;80,68 $;0,07%;
24/12/2019;1;-1563,28 $;99,32 $;99,32 $;0,00 $;5,68 $;-6040,96 $;0,00 $;100,00%;99,32 $;99,32 $;0,00 $;99,32 $;0,00 $;45,00;10,00 $;160,00 $;60,68 $;0,07%;
26/12/2019;1;-1718,96 $;-155,68 $;0,00 $;-155,68 $;5,68 $;-6196,64 $;-155,68 $;0,00%;-155,68 $;0,00 $;-155,68 $;0,00 $;-155,68 $;240,00;195,00 $;5,00 $;160,68 $;0,07%;
27/12/2019;1;-1944,64 $;-225,68 $;0,00 $;-225,68 $;5,68 $;-6422,32 $;-225,68 $;0,00%;-225,68 $;0,00 $;-225,68 $;0,00 $;-225,68 $;240,00;225,00 $;70,00 $;295,68 $;0,07%;
30/12/2019;1;-2185,32 $;-240,68 $;0,00 $;-240,68 $;5,68 $;-6663,00 $;-240,68 $;0,00%;-240,68 $;0,00 $;-240,68 $;0,00 $;-240,68 $;210,00;290,00 $;105,00 $;345,68 $;0,07%;
31/12/2019;1;-2076,00 $;109,32 $;109,32 $;0,00 $;5,68 $;-6553,68 $;0,00 $;100,00%;109,32 $;109,32 $;0,00 $;109,32 $;0,00 $;240,00;65,00 $;255,00 $;145,68 $;0,07%;
02/01/2020;2;-1847,36 $;228,64 $;228,64 $;0,00 $;11,36 $;-6394,36 $;0,00 $;100,00%;114,32 $;114,32 $;0,00 $;159,32 $;0,00 $;240,00;165,00 $;142,50 $;28,18 $;0,14%;
03/01/2020;1;-1723,04 $;124,32 $;124,32 $;0,00 $;5,68 $;-6200,72 $;0,00 $;100,00%;124,32 $;124,32 $;0,00 $;124,32 $;0,00 $;240,00;125,00 $;365,00 $;240,68 $;0,07%;
06/01/2020;1;-1728,72 $;-5,68 $;0,00 $;-5,68 $;5,68 $;-6206,40 $;-5,68 $;0,00%;-5,68 $;0,00 $;-5,68 $;0,00 $;-5,68 $;0,00;20,00 $;30,00 $;35,68 $;0,07%;
07/01/2020;1;-1994,40 $;-265,68 $;0,00 $;-265,68 $;5,68 $;-6472,08 $;-265,68 $;0,00%;-265,68 $;0,00 $;-265,68 $;0,00 $;-265,68 $;150,00;435,00 $;30,00 $;295,68 $;0,07%;
08/01/2020;1;-1805,08 $;189,32 $;189,32 $;0,00 $;5,68 $;-6282,76 $;0,00 $;100,00%;189,32 $;189,32 $;0,00 $;189,32 $;0,00 $;240,00;235,00 $;320,00 $;130,68 $;0,07%;
10/01/2020;1;-1885,76 $;-80,68 $;0,00 $;-80,68 $;5,68 $;-6363,44 $;-80,68 $;0,00%;-80,68 $;0,00 $;-80,68 $;0,00 $;-80,68 $;240,00;375,00 $;255,00 $;335,68 $;0,07%;
13/01/2020;1;-1631,44 $;254,32 $;254,32 $;0,00 $;5,68 $;-6109,12 $;0,00 $;100,00%;254,32 $;254,32 $;0,00 $;254,32 $;0,00 $;240,00;50,00 $;370,00 $;115,68 $;0,07%;
14/01/2020;1;-1637,12 $;-5,68 $;0,00 $;-5,68 $;5,68 $;-6114,80 $;-5,68 $;0,00%;-5,68 $;0,00 $;-5,68 $;0,00 $;-5,68 $;210,00;350,00 $;420,00 $;425,68 $;0,07%;
15/01/2020;1;-1582,80 $;54,32 $;54,32 $;0,00 $;5,68 $;-6060,48 $;0,00 $;100,00%;54,32 $;54,32 $;0,00 $;54,32 $;0,00 $;210,00;435,00 $;175,00 $;120,68 $;0,07%;
20/01/2020;1;-1593,48 $;-10,68 $;0,00 $;-10,68 $;5,68 $;-6071,16 $;-10,68 $;0,00%;-10,68 $;0,00 $;-10,68 $;0,00 $;-10,68 $;30,00;15,00 $;40,00 $;50,68 $;0,07%;
24/01/2020;1;-1634,16 $;-40,68 $;0,00 $;-40,68 $;5,68 $;-6111,84 $;-40,68 $;0,00%;-40,68 $;0,00 $;-40,68 $;0,00 $;-40,68 $;210,00;595,00 $;165,00 $;205,68 $;0,07%;
27/01/2020;1;-1399,84 $;234,32 $;234,32 $;0,00 $;5,68 $;-5877,52 $;0,00 $;100,00%;234,32 $;234,32 $;0,00 $;234,32 $;0,00 $;240,00;70,00 $;470,00 $;235,68 $;0,07%;
28/01/2020;1;-1380,52 $;19,32 $;19,32 $;0,00 $;5,68 $;-5858,20 $;0,00 $;100,00%;19,32 $;19,32 $;0,00 $;19,32 $;0,00 $;240,00;280,00 $;35,00 $;15,68 $;0,07%;
29/01/2020;2;-1566,88 $;-186,36 $;0,00 $;-186,36 $;11,36 $;-6044,56 $;-186,36 $;0,00%;-93,18 $;0,00 $;-93,18 $;0,00 $;-150,68 $;330,00;247,50 $;100,00 $;193,18 $;0,14%;
30/01/2020;1;-832,56 $;734,32 $;734,32 $;0,00 $;5,68 $;-5310,24 $;0,00 $;100,00%;734,32 $;734,32 $;0,00 $;734,32 $;0,00 $;210,00;220,00 $;855,00 $;120,68 $;0,07%;
31/01/2020;1;-838,24 $;-5,68 $;0,00 $;-5,68 $;5,68 $;-5315,92 $;-5,68 $;0,00%;-5,68 $;0,00 $;-5,68 $;0,00 $;-5,68 $;210,00;455,00 $;105,00 $;110,68 $;0,07%;
04/02/2020;1;-908,92 $;-70,68 $;0,00 $;-70,68 $;5,68 $;-5386,60 $;-70,68 $;0,00%;-70,68 $;0,00 $;-70,68 $;0,00 $;-70,68 $;210,00;270,00 $;90,00 $;160,68 $;0,07%;
06/02/2020;1;-1079,60 $;-170,68 $;0,00 $;-170,68 $;5,68 $;-5557,28 $;-170,68 $;0,00%;-170,68 $;0,00 $;-170,68 $;0,00 $;-170,68 $;210,00;350,00 $;15,00 $;185,68 $;0,07%;
07/02/2020;1;-1430,28 $;-350,68 $;0,00 $;-350,68 $;5,68 $;-5907,96 $;-350,68 $;0,00%;-350,68 $;0,00 $;-350,68 $;0,00 $;-350,68 $;240,00;570,00 $;95,00 $;445,68 $;0,07%;
10/02/2020;1;-1300,96 $;129,32 $;129,32 $;0,00 $;5,68 $;-5778,64 $;0,00 $;100,00%;129,32 $;129,32 $;0,00 $;129,32 $;0,00 $;240,00;160,00 $;145,00 $;15,68 $;0,07%;
11/02/2020;1;-1346,64 $;-45,68 $;0,00 $;-45,68 $;5,68 $;-5824,32 $;-45,68 $;0,00%;-45,68 $;0,00 $;-45,68 $;0,00 $;-45,68 $;240,00;245,00 $;225,00 $;270,68 $;0,07%;
12/02/2020;1;-1142,32 $;204,32 $;204,32 $;0,00 $;5,68 $;-5620,00 $;0,00 $;100,00%;204,32 $;204,32 $;0,00 $;204,32 $;0,00 $;210,00;20,00 $;270,00 $;65,68 $;0,07%;
13/02/2020;1;-863,00 $;279,32 $;279,32 $;0,00 $;5,68 $;-5340,68 $;0,00 $;100,00%;279,32 $;279,32 $;0,00 $;279,32 $;0,00 $;240,00;35,00 $;435,00 $;155,68 $;0,07%;
17/02/2020;1;-858,68 $;4,32 $;4,32 $;0,00 $;5,68 $;-5336,36 $;0,00 $;100,00%;4,32 $;4,32 $;0,00 $;4,32 $;0,00 $;0,00;0,00 $;75,00 $;70,68 $;0,07%;
18/02/2020;1;-614,36 $;244,32 $;244,32 $;0,00 $;5,68 $;-5092,04 $;0,00 $;100,00%;244,32 $;244,32 $;0,00 $;244,32 $;0,00 $;240,00;270,00 $;335,00 $;90,68 $;0,07%;
19/02/2020;1;-575,04 $;39,32 $;39,32 $;0,00 $;5,68 $;-5052,72 $;0,00 $;100,00%;39,32 $;39,32 $;0,00 $;39,32 $;0,00 $;210,00;30,00 $;370,00 $;330,68 $;0,07%;
20/02/2020;1;9,28 $;584,32 $;584,32 $;0,00 $;5,68 $;-4468,40 $;0,00 $;100,00%;584,32 $;584,32 $;0,00 $;584,32 $;0,00 $;240,00;490,00 $;725,00 $;140,68 $;0,07%;
21/02/2020;1;-221,40 $;-230,68 $;0,00 $;-230,68 $;5,68 $;-4699,08 $;-230,68 $;0,00%;-230,68 $;0,00 $;-230,68 $;0,00 $;-230,68 $;240,00;365,00 $;250,00 $;480,68 $;0,07%;
24/02/2020;1;-142,08 $;79,32 $;79,32 $;0,00 $;5,68 $;-4619,76 $;0,00 $;100,00%;79,32 $;79,32 $;0,00 $;79,32 $;0,00 $;240,00;570,00 $;350,00 $;270,68 $;0,07%;
25/02/2020;1;-1312,76 $;-1170,68 $;0,00 $;-1170,68 $;5,68 $;-5790,44 $;-1170,68 $;0,00%;-1170,68 $;0,00 $;-1170,68 $;0,00 $;-1170,68 $;240,00;1645,00 $;130,00 $;1300,68 $;0,07%;
26/02/2020;1;-3038,44 $;-1725,68 $;0,00 $;-1725,68 $;5,68 $;-7516,12 $;-1725,68 $;0,00%;-1725,68 $;0,00 $;-1725,68 $;0,00 $;-1725,68 $;240,00;1910,00 $;10,00 $;1735,68 $;0,07%;
27/02/2020;1;-3319,12 $;-280,68 $;0,00 $;-280,68 $;5,68 $;-7796,80 $;-280,68 $;0,00%;-280,68 $;0,00 $;-280,68 $;0,00 $;-280,68 $;240,00;295,00 $;1580,00 $;1860,68 $;0,07%;
28/02/2020;1;-2964,80 $;354,32 $;354,32 $;0,00 $;5,68 $;-7442,48 $;0,00 $;100,00%;354,32 $;354,32 $;0,00 $;354,32 $;0,00 $;0,00;0,00 $;590,00 $;235,68 $;0,07%;
03/03/2020;1;-2945,48 $;19,32 $;19,32 $;0,00 $;5,68 $;-7423,16 $;0,00 $;100,00%;19,32 $;19,32 $;0,00 $;19,32 $;0,00 $;240,00;1505,00 $;1005,00 $;985,68 $;0,07%;
05/03/2020;1;-4861,16 $;-1915,68 $;0,00 $;-1915,68 $;5,68 $;-9338,84 $;-1915,68 $;0,00%;-1915,68 $;0,00 $;-1915,68 $;0,00 $;-1915,68 $;240,00;2070,00 $;85,00 $;2000,68 $;0,07%;
06/03/2020;2;-6382,52 $;-1521,36 $;0,00 $;-1521,36 $;11,36 $;-10860,20 $;-1521,36 $;0,00%;-760,68 $;0,00 $;-760,68 $;0,00 $;-1505,68 $;330,00;895,00 $;207,50 $;968,18 $;0,14%;
09/03/2020;1;-7788,20 $;-1405,68 $;0,00 $;-1405,68 $;5,68 $;-12265,88 $;-1405,68 $;0,00%;-1405,68 $;0,00 $;-1405,68 $;0,00 $;-1405,68 $;240,00;2325,00 $;655,00 $;2060,68 $;0,07%;
11/03/2020;1;-9268,88 $;-1480,68 $;0,00 $;-1480,68 $;5,68 $;-13746,56 $;-1480,68 $;0,00%;-1480,68 $;0,00 $;-1480,68 $;0,00 $;-1480,68 $;240,00;1510,00 $;325,00 $;1805,68 $;0,07%;
12/03/2020;1;-11104,56 $;-1835,68 $;0,00 $;-1835,68 $;5,68 $;-15582,24 $;-1835,68 $;0,00%;-1835,68 $;0,00 $;-1835,68 $;0,00 $;-1835,68 $;90,00;1930,00 $;620,00 $;2455,68 $;0,07%;
16/03/2020;1;-13155,24 $;-2050,68 $;0,00 $;-2050,68 $;5,68 $;-17632,92 $;-2050,68 $;0,00%;-2050,68 $;0,00 $;-2050,68 $;0,00 $;-2050,68 $;240,00;2980,00 $;200,00 $;2250,68 $;0,07%;
17/03/2020;1;-13065,92 $;89,32 $;89,32 $;0,00 $;5,68 $;-17543,60 $;0,00 $;100,00%;89,32 $;89,32 $;0,00 $;89,32 $;0,00 $;30,00;190,00 $;1715,00 $;1625,68 $;0,07%;
18/03/2020;1;-10926,60 $;2139,32 $;2139,32 $;0,00 $;5,68 $;-15404,28 $;0,00 $;100,00%;2139,32 $;2139,32 $;0,00 $;2139,32 $;0,00 $;30,00;355,00 $;2160,00 $;20,68 $;0,07%;
19/03/2020;1;-10032,28 $;894,32 $;894,32 $;0,00 $;5,68 $;-14509,96 $;0,00 $;100,00%;894,32 $;894,32 $;0,00 $;894,32 $;0,00 $;240,00;2120,00 $;1085,00 $;190,68 $;0,07%;
20/03/2020;1;-11297,96 $;-1265,68 $;0,00 $;-1265,68 $;5,68 $;-15775,64 $;-1265,68 $;0,00%;-1265,68 $;0,00 $;-1265,68 $;0,00 $;-1265,68 $;240,00;2495,00 $;570,00 $;1835,68 $;0,07%;
23/03/2020;1;-10748,64 $;549,32 $;549,32 $;0,00 $;5,68 $;-15226,32 $;0,00 $;100,00%;549,32 $;549,32 $;0,00 $;549,32 $;0,00 $;240,00;690,00 $;2130,00 $;1580,68 $;0,07%;
24/03/2020;1;-9929,32 $;819,32 $;819,32 $;0,00 $;5,68 $;-14407,00 $;0,00 $;100,00%;819,32 $;819,32 $;0,00 $;819,32 $;0,00 $;210,00;1965,00 $;1160,00 $;340,68 $;0,07%;
25/03/2020;1;-11875,00 $;-1945,68 $;0,00 $;-1945,68 $;5,68 $;-16352,68 $;-1945,68 $;0,00%;-1945,68 $;0,00 $;-1945,68 $;0,00 $;-1945,68 $;150,00;2245,00 $;485,00 $;2430,68 $;0,07%;
26/03/2020;2;-12036,36 $;-161,36 $;194,32 $;-355,68 $;11,36 $;-16708,36 $;-355,68 $;50,00%;-80,68 $;194,32 $;-355,68 $;194,32 $;-355,68 $;270,00;800,00 $;280,00 $;360,68 $;0,14%;
27/03/2020;1;-10767,04 $;1269,32 $;1269,32 $;0,00 $;5,68 $;-15244,72 $;0,00 $;100,00%;1269,32 $;1269,32 $;0,00 $;1269,32 $;0,00 $;240,00;565,00 $;1585,00 $;315,68 $;0,07%;
30/03/2020;1;-10442,72 $;324,32 $;324,32 $;0,00 $;5,68 $;-14920,40 $;0,00 $;100,00%;324,32 $;324,32 $;0,00 $;324,32 $;0,00 $;150,00;1080,00 $;570,00 $;245,68 $;0,07%;
31/03/2020;2;-12094,08 $;-1651,36 $;0,00 $;-1651,36 $;11,36 $;-16571,76 $;-1651,36 $;0,00%;-825,68 $;0,00 $;-825,68 $;0,00 $;-1600,68 $;270,00;897,50 $;225,00 $;1050,68 $;0,14%;
01/04/2020;1;-12549,76 $;-455,68 $;0,00 $;-455,68 $;5,68 $;-17027,44 $;-455,68 $;0,00%;-455,68 $;0,00 $;-455,68 $;0,00 $;-455,68 $;210,00;850,00 $;330,00 $;785,68 $;0,07%;
02/04/2020;1;-13125,44 $;-575,68 $;0,00 $;-575,68 $;5,68 $;-17603,12 $;-575,68 $;0,00%;-575,68 $;0,00 $;-575,68 $;0,00 $;-575,68 $;240,00;1590,00 $;860,00 $;1435,68 $;0,07%;
06/04/2020;1;-12631,12 $;494,32 $;494,32 $;0,00 $;5,68 $;-17108,80 $;0,00 $;100,00%;494,32 $;494,32 $;0,00 $;494,32 $;0,00 $;240,00;215,00 $;620,00 $;125,68 $;0,07%;
07/04/2020;1;-14466,80 $;-1835,68 $;0,00 $;-1835,68 $;5,68 $;-18944,48 $;-1835,68 $;0,00%;-1835,68 $;0,00 $;-1835,68 $;0,00 $;-1835,68 $;150,00;1915,00 $;15,00 $;1850,68 $;0,07%;
08/04/2020;1;-13702,48 $;764,32 $;764,32 $;0,00 $;5,68 $;-18180,16 $;0,00 $;100,00%;764,32 $;764,32 $;0,00 $;764,32 $;0,00 $;240,00;220,00 $;1125,00 $;360,68 $;0,07%;
09/04/2020;2;-12738,84 $;963,64 $;963,64 $;0,00 $;11,36 $;-17500,84 $;0,00 $;100,00%;481,82 $;481,82 $;0,00 $;679,32 $;0,00 $;240,00;342,50 $;637,50 $;155,68 $;0,14%;
13/04/2020;1;-12254,52 $;484,32 $;484,32 $;0,00 $;5,68 $;-16732,20 $;0,00 $;100,00%;484,32 $;484,32 $;0,00 $;484,32 $;0,00 $;30,00;70,00 $;540,00 $;55,68 $;0,07%;
14/04/2020;1;-11710,20 $;544,32 $;544,32 $;0,00 $;5,68 $;-16187,88 $;0,00 $;100,00%;544,32 $;544,32 $;0,00 $;544,32 $;0,00 $;240,00;0,00 $;825,00 $;280,68 $;0,07%;
15/04/2020;1;-11370,88 $;339,32 $;339,32 $;0,00 $;5,68 $;-15848,56 $;0,00 $;100,00%;339,32 $;339,32 $;0,00 $;339,32 $;0,00 $;240,00;485,00 $;775,00 $;435,68 $;0,07%;
16/04/2020;1;-11446,56 $;-75,68 $;0,00 $;-75,68 $;5,68 $;-15924,24 $;-75,68 $;0,00%;-75,68 $;0,00 $;-75,68 $;0,00 $;-75,68 $;240,00;895,00 $;315,00 $;390,68 $;0,07%;
17/04/2020;1;-11307,24 $;139,32 $;139,32 $;0,00 $;5,68 $;-15784,92 $;0,00 $;100,00%;139,32 $;139,32 $;0,00 $;139,32 $;0,00 $;240,00;390,00 $;630,00 $;490,68 $;0,07%;
20/04/2020;1;-12147,92 $;-840,68 $;0,00 $;-840,68 $;5,68 $;-16625,60 $;-840,68 $;0,00%;-840,68 $;0,00 $;-840,68 $;0,00 $;-840,68 $;240,00;1385,00 $;355,00 $;1195,68 $;0,07%;
21/04/2020;1;-11323,60 $;824,32 $;824,32 $;0,00 $;5,68 $;-15801,28 $;0,00 $;100,00%;824,32 $;824,32 $;0,00 $;824,32 $;0,00 $;240,00;130,00 $;930,00 $;105,68 $;0,07%;
23/04/2020;1;-11819,28 $;-495,68 $;0,00 $;-495,68 $;5,68 $;-16296,96 $;-495,68 $;0,00%;-495,68 $;0,00 $;-495,68 $;0,00 $;-495,68 $;240,00;1365,00 $;75,00 $;570,68 $;0,07%;
27/04/2020;1;-11709,96 $;109,32 $;109,32 $;0,00 $;5,68 $;-16187,64 $;0,00 $;100,00%;109,32 $;109,32 $;0,00 $;109,32 $;0,00 $;210,00;45,00 $;725,00 $;615,68 $;0,07%;
28/04/2020;1;-11365,64 $;344,32 $;344,32 $;0,00 $;5,68 $;-15843,32 $;0,00 $;100,00%;344,32 $;344,32 $;0,00 $;344,32 $;0,00 $;210,00;100,00 $;770,00 $;425,68 $;0,07%;
29/04/2020;1;-11466,32 $;-100,68 $;0,00 $;-100,68 $;5,68 $;-15944,00 $;-100,68 $;0,00%;-100,68 $;0,00 $;-100,68 $;0,00 $;-100,68 $;210,00;265,00 $;635,00 $;735,68 $;0,07%;
30/04/2020;1;-11897,00 $;-430,68 $;0,00 $;-430,68 $;5,68 $;-16374,68 $;-430,68 $;0,00%;-430,68 $;0,00 $;-430,68 $;0,00 $;-430,68 $;240,00;825,00 $;155,00 $;585,68 $;0,07%;
04/05/2020;1;-11717,68 $;179,32 $;179,32 $;0,00 $;5,68 $;-16195,36 $;0,00 $;100,00%;179,32 $;179,32 $;0,00 $;179,32 $;0,00 $;210,00;825,00 $;570,00 $;390,68 $;0,07%;
06/05/2020;1;-12478,36 $;-760,68 $;0,00 $;-760,68 $;5,68 $;-16956,04 $;-760,68 $;0,00%;-760,68 $;0,00 $;-760,68 $;0,00 $;-760,68 $;150,00;875,00 $;260,00 $;1020,68 $;0,07%;
07/05/2020;1;-12629,04 $;-150,68 $;0,00 $;-150,68 $;5,68 $;-17106,72 $;-150,68 $;0,00%;-150,68 $;0,00 $;-150,68 $;0,00 $;-150,68 $;210,00;600,00 $;35,00 $;185,68 $;0,07%;
08/05/2020;1;-12214,72 $;414,32 $;414,32 $;0,00 $;5,68 $;-16692,40 $;0,00 $;100,00%;414,32 $;414,32 $;0,00 $;414,32 $;0,00 $;240,00;245,00 $;480,00 $;65,68 $;0,07%;
11/05/2020;1;-11305,40 $;909,32 $;909,32 $;0,00 $;5,68 $;-15783,08 $;0,00 $;100,00%;909,32 $;909,32 $;0,00 $;909,32 $;0,00 $;240,00;10,00 $;1425,00 $;515,68 $;0,07%;
12/05/2020;1;-13726,08 $;-2420,68 $;0,00 $;-2420,68 $;5,68 $;-18203,76 $;-2420,68 $;0,00%;-2420,68 $;0,00 $;-2420,68 $;0,00 $;-2420,68 $;210,00;2415,00 $;175,00 $;2595,68 $;0,07%;
14/05/2020;2;-12877,44 $;848,64 $;848,64 $;0,00 $;11,36 $;-17434,44 $;0,00 $;100,00%;424,32 $;424,32 $;0,00 $;769,32 $;0,00 $;240,00;275,00 $;647,50 $;223,18 $;0,14%;
15/05/2020;1;-12458,12 $;419,32 $;419,32 $;0,00 $;5,68 $;-16935,80 $;0,00 $;100,00%;419,32 $;419,32 $;0,00 $;419,32 $;0,00 $;240,00;315,00 $;675,00 $;255,68 $;0,07%;
18/05/2020;1;-12468,80 $;-10,68 $;0,00 $;-10,68 $;5,68 $;-16946,48 $;-10,68 $;0,00%;-10,68 $;0,00 $;-10,68 $;0,00 $;-10,68 $;240,00;595,00 $;40,00 $;50,68 $;0,07%;
19/05/2020;1;-12834,48 $;-365,68 $;0,00 $;-365,68 $;5,68 $;-17312,16 $;-365,68 $;0,00%;-365,68 $;0,00 $;-365,68 $;0,00 $;-365,68 $;240,00;830,00 $;225,00 $;590,68 $;0,07%;
20/05/2020;1;-13235,16 $;-400,68 $;0,00 $;-400,68 $;5,68 $;-17712,84 $;-400,68 $;0,00%;-400,68 $;0,00 $;-400,68 $;0,00 $;-400,68 $;240,00;805,00 $;65,00 $;465,68 $;0,07%;
21/05/2020;1;-13325,84 $;-90,68 $;0,00 $;-90,68 $;5,68 $;-17803,52 $;-90,68 $;0,00%;-90,68 $;0,00 $;-90,68 $;0,00 $;-90,68 $;0,00;100,00 $;80,00 $;170,68 $;0,07%;
22/05/2020;1;-12771,52 $;554,32 $;554,32 $;0,00 $;5,68 $;-17249,20 $;0,00 $;100,00%;554,32 $;554,32 $;0,00 $;554,32 $;0,00 $;240,00;95,00 $;685,00 $;130,68 $;0,07%;
26/05/2020;1;-12782,20 $;-10,68 $;0,00 $;-10,68 $;5,68 $;-17259,88 $;-10,68 $;0,00%;-10,68 $;0,00 $;-10,68 $;0,00 $;-10,68 $;210,00;330,00 $;500,00 $;510,68 $;0,07%;
27/05/2020;1;-11597,88 $;1184,32 $;1184,32 $;0,00 $;5,68 $;-16075,56 $;0,00 $;100,00%;1184,32 $;1184,32 $;0,00 $;1184,32 $;0,00 $;150,00;245,00 $;1380,00 $;195,68 $;0,07%;
28/05/2020;1;-12903,56 $;-1305,68 $;0,00 $;-1305,68 $;5,68 $;-17381,24 $;-1305,68 $;0,00%;-1305,68 $;0,00 $;-1305,68 $;0,00 $;-1305,68 $;210,00;1955,00 $;155,00 $;1460,68 $;0,07%;
29/05/2020;2;-12184,92 $;718,64 $;718,64 $;0,00 $;11,36 $;-16871,92 $;0,00 $;100,00%;359,32 $;359,32 $;0,00 $;509,32 $;0,00 $;240,00;275,00 $;612,50 $;253,18 $;0,14%;
01/06/2020;1;-11895,60 $;289,32 $;289,32 $;0,00 $;5,68 $;-16373,28 $;0,00 $;100,00%;289,32 $;289,32 $;0,00 $;289,32 $;0,00 $;240,00;20,00 $;560,00 $;270,68 $;0,07%;
02/06/2020;1;-11626,28 $;269,32 $;269,32 $;0,00 $;5,68 $;-16103,96 $;0,00 $;100,00%;269,32 $;269,32 $;0,00 $;269,32 $;0,00 $;240,00;50,00 $;635,00 $;365,68 $;0,07%;
03/06/2020;1;-11831,96 $;-205,68 $;0,00 $;-205,68 $;5,68 $;-16309,64 $;-205,68 $;0,00%;-205,68 $;0,00 $;-205,68 $;0,00 $;-205,68 $;240,00;350,00 $;275,00 $;480,68 $;0,07%;
04/06/2020;1;-11737,64 $;94,32 $;94,32 $;0,00 $;5,68 $;-16215,32 $;0,00 $;100,00%;94,32 $;94,32 $;0,00 $;94,32 $;0,00 $;240,00;345,00 $;810,00 $;715,68 $;0,07%;
08/06/2020;1;-11623,32 $;114,32 $;114,32 $;0,00 $;5,68 $;-16101,00 $;0,00 $;100,00%;114,32 $;114,32 $;0,00 $;114,32 $;0,00 $;210,00;255,00 $;210,00 $;95,68 $;0,07%;
09/06/2020;1;-10789,00 $;834,32 $;834,32 $;0,00 $;5,68 $;-15266,68 $;0,00 $;100,00%;834,32 $;834,32 $;0,00 $;834,32 $;0,00 $;240,00;240,00 $;845,00 $;10,68 $;0,07%;
10/06/2020;1;-11594,68 $;-805,68 $;0,00 $;-805,68 $;5,68 $;-16072,36 $;-805,68 $;0,00%;-805,68 $;0,00 $;-805,68 $;0,00 $;-805,68 $;30,00;915,00 $;75,00 $;880,68 $;0,07%;
11/06/2020;1;-13270,36 $;-1675,68 $;0,00 $;-1675,68 $;5,68 $;-17748,04 $;-1675,68 $;0,00%;-1675,68 $;0,00 $;-1675,68 $;0,00 $;-1675,68 $;240,00;1735,00 $;140,00 $;1815,68 $;0,07%;
12/06/2020;1;-12626,04 $;644,32 $;644,32 $;0,00 $;5,68 $;-17103,72 $;0,00 $;100,00%;644,32 $;644,32 $;0,00 $;644,32 $;0,00 $;150,00;1095,00 $;1110,00 $;465,68 $;0,07%;
15/06/2020;1;-11321,72 $;1304,32 $;1304,32 $;0,00 $;5,68 $;-15799,40 $;0,00 $;100,00%;1304,32 $;1304,32 $;0,00 $;1304,32 $;0,00 $;240,00;255,00 $;2305,00 $;1000,68 $;0,07%;
17/06/2020;1;-11847,40 $;-525,68 $;0,00 $;-525,68 $;5,68 $;-16325,08 $;-525,68 $;0,00%;-525,68 $;0,00 $;-525,68 $;0,00 $;-525,68 $;210,00;790,00 $;350,00 $;875,68 $;0,07%;
18/06/2020;1;-12233,08 $;-385,68 $;0,00 $;-385,68 $;5,68 $;-16710,76 $;-385,68 $;0,00%;-385,68 $;0,00 $;-385,68 $;0,00 $;-385,68 $;210,00;380,00 $;210,00 $;595,68 $;0,07%;
19/06/2020;1;-12488,76 $;-255,68 $;0,00 $;-255,68 $;5,68 $;-16966,44 $;-255,68 $;0,00%;-255,68 $;0,00 $;-255,68 $;0,00 $;-255,68 $;90,00;405,00 $;920,00 $;1175,68 $;0,07%;
22/06/2020;1;-11944,44 $;544,32 $;544,32 $;0,00 $;5,68 $;-16422,12 $;0,00 $;100,00%;544,32 $;544,32 $;0,00 $;544,32 $;0,00 $;240,00;135,00 $;915,00 $;370,68 $;0,07%;
23/06/2020;1;-11920,12 $;24,32 $;24,32 $;0,00 $;5,68 $;-16397,80 $;0,00 $;100,00%;24,32 $;24,32 $;0,00 $;24,32 $;0,00 $;240,00;170,00 $;410,00 $;385,68 $;0,07%;
24/06/2020;1;-11615,80 $;304,32 $;304,32 $;0,00 $;5,68 $;-16093,48 $;0,00 $;100,00%;304,32 $;304,32 $;0,00 $;304,32 $;0,00 $;240,00;915,00 $;520,00 $;215,68 $;0,07%;
25/06/2020;1;-10751,48 $;864,32 $;864,32 $;0,00 $;5,68 $;-15229,16 $;0,00 $;100,00%;864,32 $;864,32 $;0,00 $;864,32 $;0,00 $;150,00;415,00 $;1080,00 $;215,68 $;0,07%;
26/06/2020;1;-10787,16 $;-35,68 $;0,00 $;-35,68 $;5,68 $;-15264,84 $;-35,68 $;0,00%;-35,68 $;0,00 $;-35,68 $;0,00 $;-35,68 $;90,00;205,00 $;430,00 $;465,68 $;0,07%;
29/06/2020;1;-10807,84 $;-20,68 $;0,00 $;-20,68 $;5,68 $;-15285,52 $;-20,68 $;0,00%;-20,68 $;0,00 $;-20,68 $;0,00 $;-20,68 $;150,00;990,00 $;130,00 $;150,68 $;0,07%;
30/06/2020;1;-10813,52 $;-5,68 $;0,00 $;-5,68 $;5,68 $;-15291,20 $;-5,68 $;0,00%;-5,68 $;0,00 $;-5,68 $;0,00 $;-5,68 $;240,00;535,00 $;270,00 $;275,68 $;0,07%;
01/07/2020;1;-10294,20 $;519,32 $;519,32 $;0,00 $;5,68 $;-14771,88 $;0,00 $;100,00%;519,32 $;519,32 $;0,00 $;519,32 $;0,00 $;240,00;80,00 $;720,00 $;200,68 $;0,07%;
02/07/2020;1;-10399,88 $;-105,68 $;0,00 $;-105,68 $;5,68 $;-14877,56 $;-105,68 $;0,00%;-105,68 $;0,00 $;-105,68 $;0,00 $;-105,68 $;240,00;150,00 $;430,00 $;535,68 $;0,07%;
03/07/2020;1;-10430,56 $;-30,68 $;0,00 $;-30,68 $;5,68 $;-14908,24 $;-30,68 $;0,00%;-30,68 $;0,00 $;-30,68 $;0,00 $;-30,68 $;0,00;80,00 $;70,00 $;100,68 $;0,07%;
06/07/2020;1;-10336,24 $;94,32 $;94,32 $;0,00 $;5,68 $;-14813,92 $;0,00 $;100,00%;94,32 $;94,32 $;0,00 $;94,32 $;0,00 $;210,00;240,00 $;275,00 $;180,68 $;0,07%;
07/07/2020;1;-11351,92 $;-1015,68 $;0,00 $;-1015,68 $;5,68 $;-15829,60 $;-1015,68 $;0,00%;-1015,68 $;0,00 $;-1015,68 $;0,00 $;-1015,68 $;240,00;1180,00 $;60,00 $;1075,68 $;0,07%;
08/07/2020;1;-10567,60 $;784,32 $;784,32 $;0,00 $;5,68 $;-15045,28 $;0,00 $;100,00%;784,32 $;784,32 $;0,00 $;784,32 $;0,00 $;240,00;15,00 $;935,00 $;150,68 $;0,07%;
13/07/2020;1;-11463,28 $;-895,68 $;0,00 $;-895,68 $;5,68 $;-15940,96 $;-895,68 $;0,00%;-895,68 $;0,00 $;-895,68 $;0,00 $;-895,68 $;240,00;895,00 $;910,00 $;1805,68 $;0,07%;
14/07/2020;1;-11138,96 $;324,32 $;324,32 $;0,00 $;5,68 $;-15616,64 $;0,00 $;100,00%;324,32 $;324,32 $;0,00 $;324,32 $;0,00 $;240,00;100,00 $;575,00 $;250,68 $;0,07%;
16/07/2020;1;-11479,64 $;-340,68 $;0,00 $;-340,68 $;5,68 $;-15957,32 $;-340,68 $;0,00%;-340,68 $;0,00 $;-340,68 $;0,00 $;-340,68 $;240,00;710,00 $;40,00 $;380,68 $;0,07%;
17/07/2020;1;-11900,32 $;-420,68 $;0,00 $;-420,68 $;5,68 $;-16378,00 $;-420,68 $;0,00%;-420,68 $;0,00 $;-420,68 $;0,00 $;-420,68 $;210,00;460,00 $;20,00 $;440,68 $;0,07%;
20/07/2020;1;-11811,00 $;89,32 $;89,32 $;0,00 $;5,68 $;-16288,68 $;0,00 $;100,00%;89,32 $;89,32 $;0,00 $;89,32 $;0,00 $;240,00;345,00 $;250,00 $;160,68 $;0,07%;
21/07/2020;1;-12296,68 $;-485,68 $;0,00 $;-485,68 $;5,68 $;-16774,36 $;-485,68 $;0,00%;-485,68 $;0,00 $;-485,68 $;0,00 $;-485,68 $;240,00;560,00 $;45,00 $;530,68 $;0,07%;
22/07/2020;1;-12167,36 $;129,32 $;129,32 $;0,00 $;5,68 $;-16645,04 $;0,00 $;100,00%;129,32 $;129,32 $;0,00 $;129,32 $;0,00 $;210,00;435,00 $;140,00 $;10,68 $;0,07%;
23/07/2020;1;-12963,04 $;-795,68 $;0,00 $;-795,68 $;5,68 $;-17440,72 $;-795,68 $;0,00%;-795,68 $;0,00 $;-795,68 $;0,00 $;-795,68 $;240,00;1475,00 $;295,00 $;1090,68 $;0,07%;
24/07/2020;1;-13538,72 $;-575,68 $;0,00 $;-575,68 $;5,68 $;-18016,40 $;-575,68 $;0,00%;-575,68 $;0,00 $;-575,68 $;0,00 $;-575,68 $;240,00;680,00 $;80,00 $;655,68 $;0,07%;
27/07/2020;1;-12909,40 $;629,32 $;629,32 $;0,00 $;5,68 $;-17387,08 $;0,00 $;100,00%;629,32 $;629,32 $;0,00 $;629,32 $;0,00 $;240,00;180,00 $;690,00 $;60,68 $;0,07%;
28/07/2020;1;-13420,08 $;-510,68 $;0,00 $;-510,68 $;5,68 $;-17897,76 $;-510,68 $;0,00%;-510,68 $;0,00 $;-510,68 $;0,00 $;-510,68 $;210,00;630,00 $;255,00 $;765,68 $;0,07%;
29/07/2020;1;-13295,76 $;124,32 $;124,32 $;0,00 $;5,68 $;-17773,44 $;0,00 $;100,00%;124,32 $;124,32 $;0,00 $;124,32 $;0,00 $;30,00;80,00 $;235,00 $;110,68 $;0,07%;
30/07/2020;1;-12946,44 $;349,32 $;349,32 $;0,00 $;5,68 $;-17424,12 $;0,00 $;100,00%;349,32 $;349,32 $;0,00 $;349,32 $;0,00 $;150,00;85,00 $;495,00 $;145,68 $;0,07%;
03/08/2020;1;-12432,12 $;514,32 $;514,32 $;0,00 $;5,68 $;-16909,80 $;0,00 $;100,00%;514,32 $;514,32 $;0,00 $;514,32 $;0,00 $;240,00;25,00 $;595,00 $;80,68 $;0,07%;
04/08/2020;2;-12208,48 $;223,64 $;223,64 $;0,00 $;11,36 $;-16760,48 $;0,00 $;100,00%;111,82 $;111,82 $;0,00 $;149,32 $;0,00 $;240,00;247,50 $;165,00 $;53,18 $;0,14%;
06/08/2020;1;-11884,16 $;324,32 $;324,32 $;0,00 $;5,68 $;-16361,84 $;0,00 $;100,00%;324,32 $;324,32 $;0,00 $;324,32 $;0,00 $;240,00;200,00 $;355,00 $;30,68 $;0,07%;
07/08/2020;1;-11769,84 $;114,32 $;114,32 $;0,00 $;5,68 $;-16247,52 $;0,00 $;100,00%;114,32 $;114,32 $;0,00 $;114,32 $;0,00 $;210,00;690,00 $;245,00 $;130,68 $;0,07%;
10/08/2020;1;-12015,52 $;-245,68 $;0,00 $;-245,68 $;5,68 $;-16493,20 $;-245,68 $;0,00%;-245,68 $;0,00 $;-245,68 $;0,00 $;-245,68 $;240,00;415,00 $;45,00 $;290,68 $;0,07%;
11/08/2020;1;-13096,20 $;-1080,68 $;0,00 $;-1080,68 $;5,68 $;-17573,88 $;-1080,68 $;0,00%;-1080,68 $;0,00 $;-1080,68 $;0,00 $;-1080,68 $;150,00;1785,00 $;25,00 $;1105,68 $;0,07%;
12/08/2020;1;-13451,88 $;-355,68 $;0,00 $;-355,68 $;5,68 $;-17929,56 $;-355,68 $;0,00%;-355,68 $;0,00 $;-355,68 $;0,00 $;-355,68 $;240,00;890,00 $;150,00 $;505,68 $;0,07%;
13/08/2020;1;-13522,56 $;-70,68 $;0,00 $;-70,68 $;5,68 $;-18000,24 $;-70,68 $;0,00%;-70,68 $;0,00 $;-70,68 $;0,00 $;-70,68 $;240,00;465,00 $;305,00 $;375,68 $;0,07%;
14/08/2020;1;-13813,24 $;-290,68 $;0,00 $;-290,68 $;5,68 $;-18290,92 $;-290,68 $;0,00%;-290,68 $;0,00 $;-290,68 $;0,00 $;-290,68 $;240,00;380,00 $;235,00 $;525,68 $;0,07%;
17/08/2020;1;-13828,92 $;-15,68 $;0,00 $;-15,68 $;5,68 $;-18306,60 $;-15,68 $;0,00%;-15,68 $;0,00 $;-15,68 $;0,00 $;-15,68 $;240,00;110,00 $;135,00 $;150,68 $;0,07%;
18/08/2020;1;-13914,60 $;-85,68 $;0,00 $;-85,68 $;5,68 $;-18392,28 $;-85,68 $;0,00%;-85,68 $;0,00 $;-85,68 $;0,00 $;-85,68 $;210,00;180,00 $;155,00 $;240,68 $;0,07%;
20/08/2020;1;-13940,28 $;-25,68 $;0,00 $;-25,68 $;5,68 $;-18417,96 $;-25,68 $;0,00%;-25,68 $;0,00 $;-25,68 $;0,00 $;-25,68 $;240,00;155,00 $;360,00 $;385,68 $;0,07%;
21/08/2020;1;-14075,96 $;-135,68 $;0,00 $;-135,68 $;5,68 $;-18553,64 $;-135,68 $;0,00%;-135,68 $;0,00 $;-135,68 $;0,00 $;-135,68 $;210,00;510,00 $;35,00 $;170,68 $;0,07%;
25/08/2020;1;-14036,64 $;39,32 $;39,32 $;0,00 $;5,68 $;-18514,32 $;0,00 $;100,00%;39,32 $;39,32 $;0,00 $;39,32 $;0,00 $;30,00;30,00 $;110,00 $;70,68 $;0,07%;
26/08/2020;1;-14067,32 $;-30,68 $;0,00 $;-30,68 $;5,68 $;-18545,00 $;-30,68 $;0,00%;-30,68 $;0,00 $;-30,68 $;0,00 $;-30,68 $;240,00;295,00 $;95,00 $;125,68 $;0,07%;
27/08/2020;1;-13773,00 $;294,32 $;294,32 $;0,00 $;5,68 $;-18250,68 $;0,00 $;100,00%;294,32 $;294,32 $;0,00 $;294,32 $;0,00 $;210,00;400,00 $;550,00 $;255,68 $;0,07%;
28/08/2020;1;-13558,68 $;214,32 $;214,32 $;0,00 $;5,68 $;-18036,36 $;0,00 $;100,00%;214,32 $;214,32 $;0,00 $;214,32 $;0,00 $;30,00;5,00 $;310,00 $;95,68 $;0,07%;
31/08/2020;1;-13159,36 $;399,32 $;399,32 $;0,00 $;5,68 $;-17637,04 $;0,00 $;100,00%;399,32 $;399,32 $;0,00 $;399,32 $;0,00 $;240,00;40,00 $;575,00 $;175,68 $;0,07%;
01/09/2020;1;-12740,04 $;419,32 $;419,32 $;0,00 $;5,68 $;-17217,72 $;0,00 $;100,00%;419,32 $;419,32 $;0,00 $;419,32 $;0,00 $;210,00;100,00 $;435,00 $;15,68 $;0,07%;
02/09/2020;1;-12325,72 $;414,32 $;414,32 $;0,00 $;5,68 $;-16803,40 $;0,00 $;100,00%;414,32 $;414,32 $;0,00 $;414,32 $;0,00 $;150,00;240,00 $;635,00 $;220,68 $;0,07%;
04/09/2020;1;-12136,40 $;189,32 $;189,32 $;0,00 $;5,68 $;-16614,08 $;0,00 $;100,00%;189,32 $;189,32 $;0,00 $;189,32 $;0,00 $;210,00;585,00 $;850,00 $;660,68 $;0,07%;
08/09/2020;1;-11927,08 $;209,32 $;209,32 $;0,00 $;5,68 $;-16404,76 $;0,00 $;100,00%;209,32 $;209,32 $;0,00 $;209,32 $;0,00 $;240,00;415,00 $;900,00 $;690,68 $;0,07%;
09/09/2020;1;-11367,76 $;559,32 $;559,32 $;0,00 $;5,68 $;-15845,44 $;0,00 $;100,00%;559,32 $;559,32 $;0,00 $;559,32 $;0,00 $;240,00;130,00 $;630,00 $;70,68 $;0,07%;
10/09/2020;1;-11908,44 $;-540,68 $;0,00 $;-540,68 $;5,68 $;-16386,12 $;-540,68 $;0,00%;-540,68 $;0,00 $;-540,68 $;0,00 $;-540,68 $;90,00;705,00 $;145,00 $;685,68 $;0,07%;
14/09/2020;1;-11529,12 $;379,32 $;379,32 $;0,00 $;5,68 $;-16006,80 $;0,00 $;100,00%;379,32 $;379,32 $;0,00 $;379,32 $;0,00 $;240,00;0,00 $;560,00 $;180,68 $;0,07%;
15/09/2020;1;-11824,80 $;-295,68 $;0,00 $;-295,68 $;5,68 $;-16302,48 $;-295,68 $;0,00%;-295,68 $;0,00 $;-295,68 $;0,00 $;-295,68 $;90,00;670,00 $;45,00 $;340,68 $;0,07%;
16/09/2020;1;-12255,48 $;-430,68 $;0,00 $;-430,68 $;5,68 $;-16733,16 $;-430,68 $;0,00%;-430,68 $;0,00 $;-430,68 $;0,00 $;-430,68 $;210,00;670,00 $;540,00 $;970,68 $;0,07%;
18/09/2020;1;-12956,16 $;-700,68 $;0,00 $;-700,68 $;5,68 $;-17433,84 $;-700,68 $;0,00%;-700,68 $;0,00 $;-700,68 $;0,00 $;-700,68 $;240,00;1645,00 $;15,00 $;715,68 $;0,07%;
21/09/2020;1;-12536,84 $;419,32 $;419,32 $;0,00 $;5,68 $;-17014,52 $;0,00 $;100,00%;419,32 $;419,32 $;0,00 $;419,32 $;0,00 $;150,00;490,00 $;640,00 $;220,68 $;0,07%;
23/09/2020;1;-14252,52 $;-1715,68 $;0,00 $;-1715,68 $;5,68 $;-18730,20 $;-1715,68 $;0,00%;-1715,68 $;0,00 $;-1715,68 $;0,00 $;-1715,68 $;210,00;1810,00 $;180,00 $;1895,68 $;0,07%;
24/09/2020;1;-14263,20 $;-10,68 $;0,00 $;-10,68 $;5,68 $;-18740,88 $;-10,68 $;0,00%;-10,68 $;0,00 $;-10,68 $;0,00 $;-10,68 $;240,00;100,00 $;1415,00 $;1425,68 $;0,07%;
28/09/2020;1;-14088,88 $;174,32 $;174,32 $;0,00 $;5,68 $;-18566,56 $;0,00 $;100,00%;174,32 $;174,32 $;0,00 $;174,32 $;0,00 $;240,00;195,00 $;200,00 $;25,68 $;0,07%;
29/09/2020;1;-13614,56 $;474,32 $;474,32 $;0,00 $;5,68 $;-18092,24 $;0,00 $;100,00%;474,32 $;474,32 $;0,00 $;474,32 $;0,00 $;240,00;385,00 $;655,00 $;180,68 $;0,07%;
30/09/2020;1;-14575,24 $;-960,68 $;0,00 $;-960,68 $;5,68 $;-19052,92 $;-960,68 $;0,00%;-960,68 $;0,00 $;-960,68 $;0,00 $;-960,68 $;240,00;1390,00 $;260,00 $;1220,68 $;0,07%;
01/10/2020;1;-14035,92 $;539,32 $;539,32 $;0,00 $;5,68 $;-18513,60 $;0,00 $;100,00%;539,32 $;539,32 $;0,00 $;539,32 $;0,00 $;210,00;420,00 $;660,00 $;120,68 $;0,07%;
02/10/2020;1;-13486,60 $;549,32 $;549,32 $;0,00 $;5,68 $;-17964,28 $;0,00 $;100,00%;549,32 $;549,32 $;0,00 $;549,32 $;0,00 $;240,00;655,00 $;660,00 $;110,68 $;0,07%;
05/10/2020;2;-13007,96 $;478,64 $;514,32 $;-35,68 $;11,36 $;-17485,64 $;-35,68 $;50,00%;239,32 $;514,32 $;-35,68 $;514,32 $;-35,68 $;270,00;87,50 $;280,00 $;40,68 $;0,14%;
06/10/2020;1;-13698,64 $;-690,68 $;0,00 $;-690,68 $;5,68 $;-18176,32 $;-690,68 $;0,00%;-690,68 $;0,00 $;-690,68 $;0,00 $;-690,68 $;240,00;1280,00 $;1070,00 $;1760,68 $;0,07%;
08/10/2020;1;-13409,32 $;289,32 $;289,32 $;0,00 $;5,68 $;-17887,00 $;0,00 $;100,00%;289,32 $;289,32 $;0,00 $;289,32 $;0,00 $;210,00;250,00 $;365,00 $;75,68 $;0,07%;
09/10/2020;1;-12955,00 $;454,32 $;454,32 $;0,00 $;5,68 $;-17432,68 $;0,00 $;100,00%;454,32 $;454,32 $;0,00 $;454,32 $;0,00 $;240,00;20,00 $;755,00 $;300,68 $;0,07%;
12/10/2020;1;-12580,68 $;374,32 $;374,32 $;0,00 $;5,68 $;-17058,36 $;0,00 $;100,00%;374,32 $;374,32 $;0,00 $;374,32 $;0,00 $;150,00;260,00 $;480,00 $;105,68 $;0,07%;
14/10/2020;1;-12956,36 $;-375,68 $;0,00 $;-375,68 $;5,68 $;-17434,04 $;-375,68 $;0,00%;-375,68 $;0,00 $;-375,68 $;0,00 $;-375,68 $;210,00;485,00 $;320,00 $;695,68 $;0,07%;
15/10/2020;1;-11792,04 $;1164,32 $;1164,32 $;0,00 $;5,68 $;-16269,72 $;0,00 $;100,00%;1164,32 $;1164,32 $;0,00 $;1164,32 $;0,00 $;240,00;0,00 $;1180,00 $;15,68 $;0,07%;
16/10/2020;1;-11907,72 $;-115,68 $;0,00 $;-115,68 $;5,68 $;-16385,40 $;-115,68 $;0,00%;-115,68 $;0,00 $;-115,68 $;0,00 $;-115,68 $;240,00;315,00 $;245,00 $;360,68 $;0,07%;
20/10/2020;2;-11869,08 $;38,64 $;219,32 $;-180,68 $;11,36 $;-16346,76 $;-180,68 $;50,00%;19,32 $;219,32 $;-180,68 $;219,32 $;-180,68 $;270,00;95,00 $;172,50 $;153,18 $;0,14%;
21/10/2020;2;-11715,44 $;153,64 $;153,64 $;0,00 $;11,36 $;-16272,44 $;0,00 $;100,00%;76,82 $;76,82 $;0,00 $;79,32 $;0,00 $;240,00;237,50 $;122,50 $;45,68 $;0,14%;
22/10/2020;1;-11886,12 $;-170,68 $;0,00 $;-170,68 $;5,68 $;-16363,80 $;-170,68 $;0,00%;-170,68 $;0,00 $;-170,68 $;0,00 $;-170,68 $;240,00;230,00 $;145,00 $;315,68 $;0,07%;
26/10/2020;1;-11071,80 $;814,32 $;814,32 $;0,00 $;5,68 $;-15549,48 $;0,00 $;100,00%;814,32 $;814,32 $;0,00 $;814,32 $;0,00 $;150,00;230,00 $;930,00 $;115,68 $;0,07%;
27/10/2020;1;-11607,48 $;-535,68 $;0,00 $;-535,68 $;5,68 $;-16085,16 $;-535,68 $;0,00%;-535,68 $;0,00 $;-535,68 $;0,00 $;-535,68 $;210,00;565,00 $;145,00 $;680,68 $;0,07%;
28/10/2020;1;-12008,16 $;-400,68 $;0,00 $;-400,68 $;5,68 $;-16485,84 $;-400,68 $;0,00%;-400,68 $;0,00 $;-400,68 $;0,00 $;-400,68 $;210,00;500,00 $;170,00 $;570,68 $;0,07%;
29/10/2020;1;-11348,84 $;659,32 $;659,32 $;0,00 $;5,68 $;-15826,52 $;0,00 $;100,00%;659,32 $;659,32 $;0,00 $;659,32 $;0,00 $;240,00;465,00 $;840,00 $;180,68 $;0,07%;
30/10/2020;1;-10949,52 $;399,32 $;399,32 $;0,00 $;5,68 $;-15427,20 $;0,00 $;100,00%;399,32 $;399,32 $;0,00 $;399,32 $;0,00 $;150,00;805,00 $;455,00 $;55,68 $;0,07%;
03/11/2020;1;-10685,20 $;264,32 $;264,32 $;0,00 $;5,68 $;-15162,88 $;0,00 $;100,00%;264,32 $;264,32 $;0,00 $;264,32 $;0,00 $;210,00;250,00 $;900,00 $;635,68 $;0,07%;
04/11/2020;1;-11370,88 $;-685,68 $;0,00 $;-685,68 $;5,68 $;-15848,56 $;-685,68 $;0,00%;-685,68 $;0,00 $;-685,68 $;0,00 $;-685,68 $;240,00;695,00 $;650,00 $;1335,68 $;0,07%;
05/11/2020;1;-11051,56 $;319,32 $;319,32 $;0,00 $;5,68 $;-15529,24 $;0,00 $;100,00%;319,32 $;319,32 $;0,00 $;319,32 $;0,00 $;240,00;245,00 $;545,00 $;225,68 $;0,07%;
06/11/2020;1;-11502,24 $;-450,68 $;0,00 $;-450,68 $;5,68 $;-15979,92 $;-450,68 $;0,00%;-450,68 $;0,00 $;-450,68 $;0,00 $;-450,68 $;240,00;470,00 $;110,00 $;560,68 $;0,07%;
09/11/2020;1;-13187,92 $;-1685,68 $;0,00 $;-1685,68 $;5,68 $;-17665,60 $;-1685,68 $;0,00%;-1685,68 $;0,00 $;-1685,68 $;0,00 $;-1685,68 $;150,00;1970,00 $;210,00 $;1895,68 $;0,07%;
12/11/2020;1;-13578,60 $;-390,68 $;0,00 $;-390,68 $;5,68 $;-18056,28 $;-390,68 $;0,00%;-390,68 $;0,00 $;-390,68 $;0,00 $;-390,68 $;210,00;1275,00 $;80,00 $;470,68 $;0,07%;
13/11/2020;1;-12779,28 $;799,32 $;799,32 $;0,00 $;5,68 $;-17256,96 $;0,00 $;100,00%;799,32 $;799,32 $;0,00 $;799,32 $;0,00 $;210,00;50,00 $;1115,00 $;315,68 $;0,07%;
16/11/2020;1;-12989,96 $;-210,68 $;0,00 $;-210,68 $;5,68 $;-17467,64 $;-210,68 $;0,00%;-210,68 $;0,00 $;-210,68 $;0,00 $;-210,68 $;240,00;790,00 $;270,00 $;480,68 $;0,07%;
17/11/2020;1;-12460,64 $;529,32 $;529,32 $;0,00 $;5,68 $;-16938,32 $;0,00 $;100,00%;529,32 $;529,32 $;0,00 $;529,32 $;0,00 $;210,00;40,00 $;830,00 $;300,68 $;0,07%;
18/11/2020;1;-13416,32 $;-955,68 $;0,00 $;-955,68 $;5,68 $;-17894,00 $;-955,68 $;0,00%;-955,68 $;0,00 $;-955,68 $;0,00 $;-955,68 $;240,00;965,00 $;175,00 $;1130,68 $;0,07%;
19/11/2020;1;-13042,00 $;374,32 $;374,32 $;0,00 $;5,68 $;-17519,68 $;0,00 $;100,00%;374,32 $;374,32 $;0,00 $;374,32 $;0,00 $;240,00;345,00 $;670,00 $;295,68 $;0,07%;
20/11/2020;1;-13012,68 $;29,32 $;29,32 $;0,00 $;5,68 $;-17490,36 $;0,00 $;100,00%;29,32 $;29,32 $;0,00 $;29,32 $;0,00 $;240,00;80,00 $;420,00 $;390,68 $;0,07%;
23/11/2020;1;-12693,36 $;319,32 $;319,32 $;0,00 $;5,68 $;-17171,04 $;0,00 $;100,00%;319,32 $;319,32 $;0,00 $;319,32 $;0,00 $;210,00;85,00 $;800,00 $;480,68 $;0,07%;
24/11/2020;1;-12994,04 $;-300,68 $;0,00 $;-300,68 $;5,68 $;-17471,72 $;-300,68 $;0,00%;-300,68 $;0,00 $;-300,68 $;0,00 $;-300,68 $;210,00;585,00 $;315,00 $;615,68 $;0,07%;
25/11/2020;2;-12580,40 $;413,64 $;413,64 $;0,00 $;11,36 $;-17127,40 $;0,00 $;100,00%;206,82 $;206,82 $;0,00 $;344,32 $;0,00 $;240,00;62,50 $;300,00 $;93,18 $;0,14%;
27/11/2020;1;-12026,08 $;554,32 $;554,32 $;0,00 $;5,68 $;-16503,76 $;0,00 $;100,00%;554,32 $;554,32 $;0,00 $;554,32 $;0,00 $;45,00;110,00 $;625,00 $;70,68 $;0,07%;
01/12/2020;1;-12106,76 $;-80,68 $;0,00 $;-80,68 $;5,68 $;-16584,44 $;-80,68 $;0,00%;-80,68 $;0,00 $;-80,68 $;0,00 $;-80,68 $;240,00;645,00 $;355,00 $;435,68 $;0,07%;
02/12/2020;1;-11867,44 $;239,32 $;239,32 $;0,00 $;5,68 $;-16345,12 $;0,00 $;100,00%;239,32 $;239,32 $;0,00 $;239,32 $;0,00 $;240,00;410,00 $;430,00 $;190,68 $;0,07%;
03/12/2020;1;-12208,12 $;-340,68 $;0,00 $;-340,68 $;5,68 $;-16685,80 $;-340,68 $;0,00%;-340,68 $;0,00 $;-340,68 $;0,00 $;-340,68 $;210,00;945,00 $;95,00 $;435,68 $;0,07%;
04/12/2020;1;-11663,80 $;544,32 $;544,32 $;0,00 $;5,68 $;-16141,48 $;0,00 $;100,00%;544,32 $;544,32 $;0,00 $;544,32 $;0,00 $;90,00;0,00 $;685,00 $;140,68 $;0,07%;
07/12/2020;1;-11819,48 $;-155,68 $;0,00 $;-155,68 $;5,68 $;-16297,16 $;-155,68 $;0,00%;-155,68 $;0,00 $;-155,68 $;0,00 $;-155,68 $;240,00;505,00 $;140,00 $;295,68 $;0,07%;
08/12/2020;1;-11475,16 $;344,32 $;344,32 $;0,00 $;5,68 $;-15952,84 $;0,00 $;100,00%;344,32 $;344,32 $;0,00 $;344,32 $;0,00 $;210,00;85,00 $;425,00 $;80,68 $;0,07%;
10/12/2020;1;-10960,84 $;514,32 $;514,32 $;0,00 $;5,68 $;-15438,52 $;0,00 $;100,00%;514,32 $;514,32 $;0,00 $;514,32 $;0,00 $;240,00;340,00 $;610,00 $;95,68 $;0,07%;
11/12/2020;1;-10951,52 $;9,32 $;9,32 $;0,00 $;5,68 $;-15429,20 $;0,00 $;100,00%;9,32 $;9,32 $;0,00 $;9,32 $;0,00 $;30,00;165,00 $;110,00 $;100,68 $;0,07%;
15/12/2020;1;-9852,20 $;1099,32 $;1099,32 $;0,00 $;5,68 $;-14329,88 $;0,00 $;100,00%;1099,32 $;1099,32 $;0,00 $;1099,32 $;0,00 $;240,00;75,00 $;1250,00 $;150,68 $;0,07%;
16/12/2020;2;-9588,56 $;263,64 $;269,32 $;-5,68 $;11,36 $;-14066,24 $;-5,68 $;50,00%;131,82 $;269,32 $;-5,68 $;269,32 $;-5,68 $;270,00;265,00 $;265,00 $;133,18 $;0,14%;
17/12/2020;1;-9204,24 $;384,32 $;384,32 $;0,00 $;5,68 $;-13681,92 $;0,00 $;100,00%;384,32 $;384,32 $;0,00 $;384,32 $;0,00 $;240,00;215,00 $;460,00 $;75,68 $;0,07%;
18/12/2020;1;-10119,92 $;-915,68 $;0,00 $;-915,68 $;5,68 $;-14597,60 $;-915,68 $;0,00%;-915,68 $;0,00 $;-915,68 $;0,00 $;-915,68 $;210,00;1485,00 $;35,00 $;950,68 $;0,07%;
21/12/2020;1;-9380,60 $;739,32 $;739,32 $;0,00 $;5,68 $;-13858,28 $;0,00 $;100,00%;739,32 $;739,32 $;0,00 $;739,32 $;0,00 $;240,00;125,00 $;1205,00 $;465,68 $;0,07%;
22/12/2020;1;-8886,28 $;494,32 $;494,32 $;0,00 $;5,68 $;-13363,96 $;0,00 $;100,00%;494,32 $;494,32 $;0,00 $;494,32 $;0,00 $;210,00;0,00 $;670,00 $;175,68 $;0,07%;
23/12/2020;1;-8886,96 $;-0,68 $;0,00 $;-0,68 $;5,68 $;-13364,64 $;-0,68 $;0,00%;-0,68 $;0,00 $;-0,68 $;0,00 $;-0,68 $;210,00;155,00 $;250,00 $;250,68 $;0,07%;
29/12/2020;1;-8687,64 $;199,32 $;199,32 $;0,00 $;5,68 $;-13165,32 $;0,00 $;100,00%;199,32 $;199,32 $;0,00 $;199,32 $;0,00 $;210,00;330,00 $;395,00 $;195,68 $;0,07%;
30/12/2020;1;-8678,32 $;9,32 $;9,32 $;0,00 $;5,68 $;-13156,00 $;0,00 $;100,00%;9,32 $;9,32 $;0,00 $;9,32 $;0,00 $;240,00;250,00 $;300,00 $;290,68 $;0,07%;
04/01/2021;1;-8464,00 $;214,32 $;214,32 $;0,00 $;5,68 $;-12941,68 $;0,00 $;100,00%;214,32 $;214,32 $;0,00 $;214,32 $;0,00 $;90,00;335,00 $;245,00 $;30,68 $;0,07%;
05/01/2021;1;-8294,68 $;169,32 $;169,32 $;0,00 $;5,68 $;-12772,36 $;0,00 $;100,00%;169,32 $;169,32 $;0,00 $;169,32 $;0,00 $;210,00;25,00 $;765,00 $;595,68 $;0,07%;
06/01/2021;2;-8276,04 $;18,64 $;18,64 $;0,00 $;11,36 $;-12758,04 $;0,00 $;100,00%;9,32 $;9,32 $;0,00 $;14,32 $;0,00 $;240,00;692,50 $;902,50 $;893,18 $;0,14%;
07/01/2021;1;-7856,72 $;419,32 $;419,32 $;0,00 $;5,68 $;-12334,40 $;0,00 $;100,00%;419,32 $;419,32 $;0,00 $;419,32 $;0,00 $;210,00;290,00 $;510,00 $;90,68 $;0,07%;
08/01/2021;1;-7947,40 $;-90,68 $;0,00 $;-90,68 $;5,68 $;-12425,08 $;-90,68 $;0,00%;-90,68 $;0,00 $;-90,68 $;0,00 $;-90,68 $;210,00;1795,00 $;110,00 $;200,68 $;0,07%;
11/01/2021;1;-8048,08 $;-100,68 $;0,00 $;-100,68 $;5,68 $;-12525,76 $;-100,68 $;0,00%;-100,68 $;0,00 $;-100,68 $;0,00 $;-100,68 $;240,00;160,00 $;525,00 $;625,68 $;0,07%;
12/01/2021;1;-7928,76 $;119,32 $;119,32 $;0,00 $;5,68 $;-12406,44 $;0,00 $;100,00%;119,32 $;119,32 $;0,00 $;119,32 $;0,00 $;240,00;650,00 $;235,00 $;115,68 $;0,07%;
13/01/2021;1;-8474,44 $;-545,68 $;0,00 $;-545,68 $;5,68 $;-12952,12 $;-545,68 $;0,00%;-545,68 $;0,00 $;-545,68 $;0,00 $;-545,68 $;240,00;550,00 $;450,00 $;995,68 $;0,07%;
14/01/2021;1;-8180,12 $;294,32 $;294,32 $;0,00 $;5,68 $;-12657,80 $;0,00 $;100,00%;294,32 $;294,32 $;0,00 $;294,32 $;0,00 $;240,00;30,00 $;700,00 $;405,68 $;0,07%;
15/01/2021;1;-8370,80 $;-190,68 $;0,00 $;-190,68 $;5,68 $;-12848,48 $;-190,68 $;0,00%;-190,68 $;0,00 $;-190,68 $;0,00 $;-190,68 $;210,00;200,00 $;900,00 $;1090,68 $;0,07%;
20/01/2021;1;-8416,48 $;-45,68 $;0,00 $;-45,68 $;5,68 $;-12894,16 $;-45,68 $;0,00%;-45,68 $;0,00 $;-45,68 $;0,00 $;-45,68 $;240,00;595,00 $;155,00 $;200,68 $;0,07%;
21/01/2021;1;-8407,16 $;9,32 $;9,32 $;0,00 $;5,68 $;-12884,84 $;0,00 $;100,00%;9,32 $;9,32 $;0,00 $;9,32 $;0,00 $;240,00;620,00 $;195,00 $;185,68 $;0,07%;
22/01/2021;1;-7107,84 $;1299,32 $;1299,32 $;0,00 $;5,68 $;-11585,52 $;0,00 $;100,00%;1299,32 $;1299,32 $;0,00 $;1299,32 $;0,00 $;240,00;50,00 $;1325,00 $;25,68 $;0,07%;
25/01/2021;1;-6918,52 $;189,32 $;189,32 $;0,00 $;5,68 $;-11396,20 $;0,00 $;100,00%;189,32 $;189,32 $;0,00 $;189,32 $;0,00 $;150,00;625,00 $;385,00 $;195,68 $;0,07%;
26/01/2021;1;-6959,20 $;-40,68 $;0,00 $;-40,68 $;5,68 $;-11436,88 $;-40,68 $;0,00%;-40,68 $;0,00 $;-40,68 $;0,00 $;-40,68 $;240,00;675,00 $;340,00 $;380,68 $;0,07%;
27/01/2021;1;-8309,88 $;-1350,68 $;0,00 $;-1350,68 $;5,68 $;-12787,56 $;-1350,68 $;0,00%;-1350,68 $;0,00 $;-1350,68 $;0,00 $;-1350,68 $;210,00;1470,00 $;1065,00 $;2415,68 $;0,07%;
28/01/2021;1;-7590,56 $;719,32 $;719,32 $;0,00 $;5,68 $;-12068,24 $;0,00 $;100,00%;719,32 $;719,32 $;0,00 $;719,32 $;0,00 $;240,00;130,00 $;1525,00 $;805,68 $;0,07%;
29/01/2021;1;-8426,24 $;-835,68 $;0,00 $;-835,68 $;5,68 $;-12903,92 $;-835,68 $;0,00%;-835,68 $;0,00 $;-835,68 $;0,00 $;-835,68 $;240,00;1820,00 $;530,00 $;1365,68 $;0,07%;
03/02/2021;1;-7411,92 $;1014,32 $;1014,32 $;0,00 $;5,68 $;-11889,60 $;0,00 $;100,00%;1014,32 $;1014,32 $;0,00 $;1014,32 $;0,00 $;210,00;110,00 $;1045,00 $;30,68 $;0,07%;
04/02/2021;1;-7182,60 $;229,32 $;229,32 $;0,00 $;5,68 $;-11660,28 $;0,00 $;100,00%;229,32 $;229,32 $;0,00 $;229,32 $;0,00 $;210,00;405,00 $;345,00 $;115,68 $;0,07%;
05/02/2021;1;-7223,28 $;-40,68 $;0,00 $;-40,68 $;5,68 $;-11700,96 $;-40,68 $;0,00%;-40,68 $;0,00 $;-40,68 $;0,00 $;-40,68 $;240,00;520,00 $;210,00 $;250,68 $;0,07%;
08/02/2021;1;-6963,96 $;259,32 $;259,32 $;0,00 $;5,68 $;-11441,64 $;0,00 $;100,00%;259,32 $;259,32 $;0,00 $;259,32 $;0,00 $;240,00;425,00 $;305,00 $;45,68 $;0,07%;
09/02/2021;2;-6305,32 $;658,64 $;658,64 $;0,00 $;11,36 $;-10937,32 $;0,00 $;100,00%;329,32 $;329,32 $;0,00 $;504,32 $;0,00 $;240,00;17,50 $;727,50 $;398,18 $;0,14%;
12/02/2021;1;-6591,00 $;-285,68 $;0,00 $;-285,68 $;5,68 $;-11068,68 $;-285,68 $;0,00%;-285,68 $;0,00 $;-285,68 $;0,00 $;-285,68 $;240,00;430,00 $;285,00 $;570,68 $;0,07%;
15/02/2021;1;-6581,68 $;9,32 $;9,32 $;0,00 $;5,68 $;-11059,36 $;0,00 $;100,00%;9,32 $;9,32 $;0,00 $;9,32 $;0,00 $;0,00;35,00 $;65,00 $;55,68 $;0,07%;
16/02/2021;1;-6722,36 $;-140,68 $;0,00 $;-140,68 $;5,68 $;-11200,04 $;-140,68 $;0,00%;-140,68 $;0,00 $;-140,68 $;0,00 $;-140,68 $;240,00;915,00 $;335,00 $;475,68 $;0,07%;
17/02/2021;1;-6133,04 $;589,32 $;589,32 $;0,00 $;5,68 $;-10610,72 $;0,00 $;100,00%;589,32 $;589,32 $;0,00 $;589,32 $;0,00 $;210,00;135,00 $;820,00 $;230,68 $;0,07%;
18/02/2021;1;-6053,72 $;79,32 $;79,32 $;0,00 $;5,68 $;-10531,40 $;0,00 $;100,00%;79,32 $;79,32 $;0,00 $;79,32 $;0,00 $;210,00;445,00 $;645,00 $;565,68 $;0,07%;
19/02/2021;2;-6670,08 $;-616,36 $;0,00 $;-616,36 $;11,36 $;-11147,76 $;-616,36 $;0,00%;-308,18 $;0,00 $;-308,18 $;0,00 $;-485,68 $;270,00;410,00 $;210,00 $;518,18 $;0,14%;
22/02/2021;1;-7110,76 $;-440,68 $;0,00 $;-440,68 $;5,68 $;-11588,44 $;-440,68 $;0,00%;-440,68 $;0,00 $;-440,68 $;0,00 $;-440,68 $;240,00;435,00 $;810,00 $;1250,68 $;0,07%;
23/02/2021;1;-5311,44 $;1799,32 $;1799,32 $;0,00 $;5,68 $;-9789,12 $;0,00 $;100,00%;1799,32 $;1799,32 $;0,00 $;1799,32 $;0,00 $;240,00;775,00 $;1930,00 $;130,68 $;0,07%;
24/02/2021;2;-4762,80 $;548,64 $;548,64 $;0,00 $;11,36 $;-9359,80 $;0,00 $;100,00%;274,32 $;274,32 $;0,00 $;429,32 $;0,00 $;240,00;72,50 $;510,00 $;235,68 $;0,14%;
25/02/2021;1;-5478,48 $;-715,68 $;0,00 $;-715,68 $;5,68 $;-9956,16 $;-715,68 $;0,00%;-715,68 $;0,00 $;-715,68 $;0,00 $;-715,68 $;30,00;825,00 $;240,00 $;955,68 $;0,07%;
01/03/2021;1;-4779,16 $;699,32 $;699,32 $;0,00 $;5,68 $;-9256,84 $;0,00 $;100,00%;699,32 $;699,32 $;0,00 $;699,32 $;0,00 $;240,00;215,00 $;910,00 $;210,68 $;0,07%;
02/03/2021;1;-5104,84 $;-325,68 $;0,00 $;-325,68 $;5,68 $;-9582,52 $;-325,68 $;0,00%;-325,68 $;0,00 $;-325,68 $;0,00 $;-325,68 $;210,00;765,00 $;510,00 $;835,68 $;0,07%;
03/03/2021;1;-6890,52 $;-1785,68 $;0,00 $;-1785,68 $;5,68 $;-11368,20 $;-1785,68 $;0,00%;-1785,68 $;0,00 $;-1785,68 $;0,00 $;-1785,68 $;210,00;1875,00 $;605,00 $;2390,68 $;0,07%;
04/03/2021;1;-8496,20 $;-1605,68 $;0,00 $;-1605,68 $;5,68 $;-12973,88 $;-1605,68 $;0,00%;-1605,68 $;0,00 $;-1605,68 $;0,00 $;-1605,68 $;210,00;3705,00 $;20,00 $;1625,68 $;0,07%;
08/03/2021;1;-9976,88 $;-1480,68 $;0,00 $;-1480,68 $;5,68 $;-14454,56 $;-1480,68 $;0,00%;-1480,68 $;0,00 $;-1480,68 $;0,00 $;-1480,68 $;240,00;1765,00 $;235,00 $;1715,68 $;0,07%;
10/03/2021;1;-9747,56 $;229,32 $;229,32 $;0,00 $;5,68 $;-14225,24 $;0,00 $;100,00%;229,32 $;229,32 $;0,00 $;229,32 $;0,00 $;150,00;645,00 $;305,00 $;75,68 $;0,07%;
11/03/2021;1;-9303,24 $;444,32 $;444,32 $;0,00 $;5,68 $;-13780,92 $;0,00 $;100,00%;444,32 $;444,32 $;0,00 $;444,32 $;0,00 $;210,00;395,00 $;560,00 $;115,68 $;0,07%;
12/03/2021;1;-8708,92 $;594,32 $;594,32 $;0,00 $;5,68 $;-13186,60 $;0,00 $;100,00%;594,32 $;594,32 $;0,00 $;594,32 $;0,00 $;210,00;255,00 $;765,00 $;170,68 $;0,07%;
15/03/2021;1;-8494,60 $;214,32 $;214,32 $;0,00 $;5,68 $;-12972,28 $;0,00 $;100,00%;214,32 $;214,32 $;0,00 $;214,32 $;0,00 $;150,00;360,00 $;430,00 $;215,68 $;0,07%;
16/03/2021;1;-9060,28 $;-565,68 $;0,00 $;-565,68 $;5,68 $;-13537,96 $;-565,68 $;0,00%;-565,68 $;0,00 $;-565,68 $;0,00 $;-565,68 $;150,00;1300,00 $;5,00 $;570,68 $;0,07%;
17/03/2021;2;-7906,64 $;1153,64 $;1349,32 $;-195,68 $;11,36 $;-12384,32 $;-195,68 $;50,00%;576,82 $;1349,32 $;-195,68 $;1349,32 $;-195,68 $;270,00;222,50 $;990,00 $;413,18 $;0,14%;
19/03/2021;1;-7437,32 $;469,32 $;469,32 $;0,00 $;5,68 $;-11915,00 $;0,00 $;100,00%;469,32 $;469,32 $;0,00 $;469,32 $;0,00 $;240,00;65,00 $;1220,00 $;750,68 $;0,07%;
22/03/2021;1;-7213,00 $;224,32 $;224,32 $;0,00 $;5,68 $;-11690,68 $;0,00 $;100,00%;224,32 $;224,32 $;0,00 $;224,32 $;0,00 $;210,00;185,00 $;910,00 $;685,68 $;0,07%;
23/03/2021;1;-9683,68 $;-2470,68 $;0,00 $;-2470,68 $;5,68 $;-14161,36 $;-2470,68 $;0,00%;-2470,68 $;0,00 $;-2470,68 $;0,00 $;-2470,68 $;240,00;2680,00 $;60,00 $;2530,68 $;0,07%;
24/03/2021;1;-12384,36 $;-2700,68 $;0,00 $;-2700,68 $;5,68 $;-16862,04 $;-2700,68 $;0,00%;-2700,68 $;0,00 $;-2700,68 $;0,00 $;-2700,68 $;240,00;2775,00 $;115,00 $;2815,68 $;0,07%;
25/03/2021;1;-9755,04 $;2629,32 $;2629,32 $;0,00 $;5,68 $;-14232,72 $;0,00 $;100,00%;2629,32 $;2629,32 $;0,00 $;2629,32 $;0,00 $;240,00;210,00 $;2670,00 $;40,68 $;0,07%;
26/03/2021;1;-8815,72 $;939,32 $;939,32 $;0,00 $;5,68 $;-13293,40 $;0,00 $;100,00%;939,32 $;939,32 $;0,00 $;939,32 $;0,00 $;150,00;1465,00 $;1070,00 $;130,68 $;0,07%;
29/03/2021;1;-9116,40 $;-300,68 $;0,00 $;-300,68 $;5,68 $;-13594,08 $;-300,68 $;0,00%;-300,68 $;0,00 $;-300,68 $;0,00 $;-300,68 $;210,00;565,00 $;970,00 $;1270,68 $;0,07%;
30/03/2021;2;-8667,76 $;448,64 $;489,32 $;-40,68 $;11,36 $;-13145,44 $;-40,68 $;50,00%;224,32 $;489,32 $;-40,68 $;489,32 $;-40,68 $;270,00;347,50 $;292,50 $;68,18 $;0,14%;
31/03/2021;1;-7708,44 $;959,32 $;959,32 $;0,00 $;5,68 $;-12186,12 $;0,00 $;100,00%;959,32 $;959,32 $;0,00 $;959,32 $;0,00 $;240,00;455,00 $;1205,00 $;245,68 $;0,07%;
05/04/2021;1;-7854,12 $;-145,68 $;0,00 $;-145,68 $;5,68 $;-12331,80 $;-145,68 $;0,00%;-145,68 $;0,00 $;-145,68 $;0,00 $;-145,68 $;240,00;520,00 $;130,00 $;275,68 $;0,07%;
06/04/2021;1;-8499,80 $;-645,68 $;0,00 $;-645,68 $;5,68 $;-12977,48 $;-645,68 $;0,00%;-645,68 $;0,00 $;-645,68 $;0,00 $;-645,68 $;240,00;900,00 $;175,00 $;820,68 $;0,07%;
07/04/2021;1;-9185,48 $;-685,68 $;0,00 $;-685,68 $;5,68 $;-13663,16 $;-685,68 $;0,00%;-685,68 $;0,00 $;-685,68 $;0,00 $;-685,68 $;240,00;800,00 $;330,00 $;1015,68 $;0,07%;
08/04/2021;1;-8511,16 $;674,32 $;674,32 $;0,00 $;5,68 $;-12988,84 $;0,00 $;100,00%;674,32 $;674,32 $;0,00 $;674,32 $;0,00 $;150,00;335,00 $;695,00 $;20,68 $;0,07%;
09/04/2021;1;-8081,84 $;429,32 $;429,32 $;0,00 $;5,68 $;-12559,52 $;0,00 $;100,00%;429,32 $;429,32 $;0,00 $;429,32 $;0,00 $;150,00;195,00 $;655,00 $;225,68 $;0,07%;
12/04/2021;1;-8312,52 $;-230,68 $;0,00 $;-230,68 $;5,68 $;-12790,20 $;-230,68 $;0,00%;-230,68 $;0,00 $;-230,68 $;0,00 $;-230,68 $;210,00;525,00 $;190,00 $;420,68 $;0,07%;
13/04/2021;1;-7678,20 $;634,32 $;634,32 $;0,00 $;5,68 $;-12155,88 $;0,00 $;100,00%;634,32 $;634,32 $;0,00 $;634,32 $;0,00 $;240,00;620,00 $;915,00 $;280,68 $;0,07%;
14/04/2021;1;-8448,88 $;-770,68 $;0,00 $;-770,68 $;5,68 $;-12926,56 $;-770,68 $;0,00%;-770,68 $;0,00 $;-770,68 $;0,00 $;-770,68 $;240,00;1450,00 $;190,00 $;960,68 $;0,07%;
15/04/2021;1;-8149,56 $;299,32 $;299,32 $;0,00 $;5,68 $;-12627,24 $;0,00 $;100,00%;299,32 $;299,32 $;0,00 $;299,32 $;0,00 $;240,00;180,00 $;790,00 $;490,68 $;0,07%;
20/04/2021;1;-8035,24 $;114,32 $;114,32 $;0,00 $;5,68 $;-12512,92 $;0,00 $;100,00%;114,32 $;114,32 $;0,00 $;114,32 $;0,00 $;240,00;420,00 $;670,00 $;555,68 $;0,07%;
21/04/2021;1;-6870,92 $;1164,32 $;1164,32 $;0,00 $;5,68 $;-11348,60 $;0,00 $;100,00%;1164,32 $;1164,32 $;0,00 $;1164,32 $;0,00 $;240,00;35,00 $;1430,00 $;265,68 $;0,07%;
22/04/2021;1;-8281,60 $;-1410,68 $;0,00 $;-1410,68 $;5,68 $;-12759,28 $;-1410,68 $;0,00%;-1410,68 $;0,00 $;-1410,68 $;0,00 $;-1410,68 $;210,00;2065,00 $;250,00 $;1660,68 $;0,07%;
26/04/2021;1;-8537,28 $;-255,68 $;0,00 $;-255,68 $;5,68 $;-13014,96 $;-255,68 $;0,00%;-255,68 $;0,00 $;-255,68 $;0,00 $;-255,68 $;240,00;320,00 $;175,00 $;430,68 $;0,07%;
27/04/2021;1;-9222,96 $;-685,68 $;0,00 $;-685,68 $;5,68 $;-13700,64 $;-685,68 $;0,00%;-685,68 $;0,00 $;-685,68 $;0,00 $;-685,68 $;240,00;855,00 $;80,00 $;765,68 $;0,07%;
28/04/2021;2;-9199,32 $;23,64 $;294,32 $;-270,68 $;11,36 $;-13677,00 $;-270,68 $;50,00%;11,82 $;294,32 $;-270,68 $;294,32 $;-270,68 $;270,00;347,50 $;292,50 $;280,68 $;0,14%;
29/04/2021;1;-8630,00 $;569,32 $;569,32 $;0,00 $;5,68 $;-13107,68 $;0,00 $;100,00%;569,32 $;569,32 $;0,00 $;569,32 $;0,00 $;210,00;120,00 $;1080,00 $;510,68 $;0,07%;
03/05/2021;1;-7975,68 $;654,32 $;654,32 $;0,00 $;5,68 $;-12453,36 $;0,00 $;100,00%;654,32 $;654,32 $;0,00 $;654,32 $;0,00 $;240,00;40,00 $;825,00 $;170,68 $;0,07%;
04/05/2021;1;-7666,36 $;309,32 $;309,32 $;0,00 $;5,68 $;-12144,04 $;0,00 $;100,00%;309,32 $;309,32 $;0,00 $;309,32 $;0,00 $;150,00;240,00 $;380,00 $;70,68 $;0,07%;
05/05/2021;1;-8427,04 $;-760,68 $;0,00 $;-760,68 $;5,68 $;-12904,72 $;-760,68 $;0,00%;-760,68 $;0,00 $;-760,68 $;0,00 $;-760,68 $;210,00;1210,00 $;105,00 $;865,68 $;0,07%;
06/05/2021;2;-7823,40 $;603,64 $;603,64 $;0,00 $;11,36 $;-12515,40 $;0,00 $;100,00%;301,82 $;301,82 $;0,00 $;389,32 $;0,00 $;240,00;277,50 $;372,50 $;70,68 $;0,14%;
07/05/2021;1;-7764,08 $;59,32 $;59,32 $;0,00 $;5,68 $;-12241,76 $;0,00 $;100,00%;59,32 $;59,32 $;0,00 $;59,32 $;0,00 $;240,00;345,00 $;250,00 $;190,68 $;0,07%;
11/05/2021;1;-7154,76 $;609,32 $;609,32 $;0,00 $;5,68 $;-11632,44 $;0,00 $;100,00%;609,32 $;609,32 $;0,00 $;609,32 $;0,00 $;240,00;590,00 $;980,00 $;370,68 $;0,07%;
12/05/2021;1;-8725,44 $;-1570,68 $;0,00 $;-1570,68 $;5,68 $;-13203,12 $;-1570,68 $;0,00%;-1570,68 $;0,00 $;-1570,68 $;0,00 $;-1570,68 $;90,00;1665,00 $;290,00 $;1860,68 $;0,07%;
13/05/2021;1;-7876,12 $;849,32 $;849,32 $;0,00 $;5,68 $;-12353,80 $;0,00 $;100,00%;849,32 $;849,32 $;0,00 $;849,32 $;0,00 $;240,00;1205,00 $;900,00 $;50,68 $;0,07%;
14/05/2021;1;-6816,80 $;1059,32 $;1059,32 $;0,00 $;5,68 $;-11294,48 $;0,00 $;100,00%;1059,32 $;1059,32 $;0,00 $;1059,32 $;0,00 $;240,00;5,00 $;1340,00 $;280,68 $;0,07%;
17/05/2021;1;-5942,48 $;874,32 $;874,32 $;0,00 $;5,68 $;-10420,16 $;0,00 $;100,00%;874,32 $;874,32 $;0,00 $;874,32 $;0,00 $;210,00;250,00 $;1015,00 $;140,68 $;0,07%;
18/05/2021;1;-7138,16 $;-1195,68 $;0,00 $;-1195,68 $;5,68 $;-11615,84 $;-1195,68 $;0,00%;-1195,68 $;0,00 $;-1195,68 $;0,00 $;-1195,68 $;90,00;1365,00 $;95,00 $;1290,68 $;0,07%;
19/05/2021;1;-6228,84 $;909,32 $;909,32 $;0,00 $;5,68 $;-10706,52 $;0,00 $;100,00%;909,32 $;909,32 $;0,00 $;909,32 $;0,00 $;240,00;340,00 $;990,00 $;80,68 $;0,07%;
24/05/2021;1;-5949,52 $;279,32 $;279,32 $;0,00 $;5,68 $;-10427,20 $;0,00 $;100,00%;279,32 $;279,32 $;0,00 $;279,32 $;0,00 $;240,00;480,00 $;470,00 $;190,68 $;0,07%;
25/05/2021;1;-6180,20 $;-230,68 $;0,00 $;-230,68 $;5,68 $;-10657,88 $;-230,68 $;0,00%;-230,68 $;0,00 $;-230,68 $;0,00 $;-230,68 $;240,00;485,00 $;460,00 $;690,68 $;0,07%;
26/05/2021;1;-5450,88 $;729,32 $;729,32 $;0,00 $;5,68 $;-9928,56 $;0,00 $;100,00%;729,32 $;729,32 $;0,00 $;729,32 $;0,00 $;240,00;110,00 $;745,00 $;15,68 $;0,07%;
27/05/2021;1;-4966,56 $;484,32 $;484,32 $;0,00 $;5,68 $;-9444,24 $;0,00 $;100,00%;484,32 $;484,32 $;0,00 $;484,32 $;0,00 $;240,00;100,00 $;515,00 $;30,68 $;0,07%;
28/05/2021;1;-4997,24 $;-30,68 $;0,00 $;-30,68 $;5,68 $;-9474,92 $;-30,68 $;0,00%;-30,68 $;0,00 $;-30,68 $;0,00 $;-30,68 $;240,00;115,00 $;375,00 $;405,68 $;0,07%;
01/06/2021;1;-4467,92 $;529,32 $;529,32 $;0,00 $;5,68 $;-8945,60 $;0,00 $;100,00%;529,32 $;529,32 $;0,00 $;529,32 $;0,00 $;240,00;115,00 $;695,00 $;165,68 $;0,07%;
02/06/2021;1;-4443,60 $;24,32 $;24,32 $;0,00 $;5,68 $;-8921,28 $;0,00 $;100,00%;24,32 $;24,32 $;0,00 $;24,32 $;0,00 $;240,00;360,00 $;495,00 $;470,68 $;0,07%;
04/06/2021;1;-4359,28 $;84,32 $;84,32 $;0,00 $;5,68 $;-8836,96 $;0,00 $;100,00%;84,32 $;84,32 $;0,00 $;84,32 $;0,00 $;210,00;25,00 $;360,00 $;275,68 $;0,07%;
07/06/2021;1;-4099,96 $;259,32 $;259,32 $;0,00 $;5,68 $;-8577,64 $;0,00 $;100,00%;259,32 $;259,32 $;0,00 $;259,32 $;0,00 $;210,00;130,00 $;315,00 $;55,68 $;0,07%;
08/06/2021;1;-3570,64 $;529,32 $;529,32 $;0,00 $;5,68 $;-8048,32 $;0,00 $;100,00%;529,32 $;529,32 $;0,00 $;529,32 $;0,00 $;210,00;15,00 $;775,00 $;245,68 $;0,07%;
09/06/2021;1;-3971,32 $;-400,68 $;0,00 $;-400,68 $;5,68 $;-8449,00 $;-400,68 $;0,00%;-400,68 $;0,00 $;-400,68 $;0,00 $;-400,68 $;90,00;640,00 $;100,00 $;500,68 $;0,07%;
10/06/2021;1;-3932,00 $;39,32 $;39,32 $;0,00 $;5,68 $;-8409,68 $;0,00 $;100,00%;39,32 $;39,32 $;0,00 $;39,32 $;0,00 $;240,00;395,00 $;450,00 $;410,68 $;0,07%;
18/06/2021;1;-4632,68 $;-700,68 $;0,00 $;-700,68 $;5,68 $;-9110,36 $;-700,68 $;0,00%;-700,68 $;0,00 $;-700,68 $;0,00 $;-700,68 $;150,00;845,00 $;325,00 $;1025,68 $;0,07%;
21/06/2021;1;-4318,36 $;314,32 $;314,32 $;0,00 $;5,68 $;-8796,04 $;0,00 $;100,00%;314,32 $;314,32 $;0,00 $;314,32 $;0,00 $;240,00;0,00 $;795,00 $;480,68 $;0,07%;
22/06/2021;1;-3654,04 $;664,32 $;664,32 $;0,00 $;5,68 $;-8131,72 $;0,00 $;100,00%;664,32 $;664,32 $;0,00 $;664,32 $;0,00 $;210,00;280,00 $;925,00 $;260,68 $;0,07%;
23/06/2021;1;-3324,72 $;329,32 $;329,32 $;0,00 $;5,68 $;-7802,40 $;0,00 $;100,00%;329,32 $;329,32 $;0,00 $;329,32 $;0,00 $;240,00;290,00 $;485,00 $;155,68 $;0,07%;
24/06/2021;1;-2720,40 $;604,32 $;604,32 $;0,00 $;5,68 $;-7198,08 $;0,00 $;100,00%;604,32 $;604,32 $;0,00 $;604,32 $;0,00 $;240,00;130,00 $;740,00 $;135,68 $;0,07%;
28/06/2021;1;-2721,08 $;-0,68 $;0,00 $;-0,68 $;5,68 $;-7198,76 $;-0,68 $;0,00%;-0,68 $;0,00 $;-0,68 $;0,00 $;-0,68 $;240,00;830,00 $;115,00 $;115,68 $;0,07%;
29/06/2021;1;-2821,76 $;-100,68 $;0,00 $;-100,68 $;5,68 $;-7299,44 $;-100,68 $;0,00%;-100,68 $;0,00 $;-100,68 $;0,00 $;-100,68 $;30,00;210,00 $;85,00 $;185,68 $;0,07%;
30/06/2021;1;-2802,44 $;19,32 $;19,32 $;0,00 $;5,68 $;-7280,12 $;0,00 $;100,00%;19,32 $;19,32 $;0,00 $;19,32 $;0,00 $;210,00;285,00 $;205,00 $;185,68 $;0,07%;
02/07/2021;1;-2698,12 $;104,32 $;104,32 $;0,00 $;5,68 $;-7175,80 $;0,00 $;100,00%;104,32 $;104,32 $;0,00 $;104,32 $;0,00 $;240,00;380,00 $;330,00 $;225,68 $;0,07%;
07/07/2021;1;-2698,80 $;-0,68 $;0,00 $;-0,68 $;5,68 $;-7176,48 $;-0,68 $;0,00%;-0,68 $;0,00 $;-0,68 $;0,00 $;-0,68 $;30,00;355,00 $;85,00 $;85,68 $;0,07%;
09/07/2021;1;-2279,48 $;419,32 $;419,32 $;0,00 $;5,68 $;-6757,16 $;0,00 $;100,00%;419,32 $;419,32 $;0,00 $;419,32 $;0,00 $;240,00;15,00 $;530,00 $;110,68 $;0,07%;
12/07/2021;1;-1865,16 $;414,32 $;414,32 $;0,00 $;5,68 $;-6342,84 $;0,00 $;100,00%;414,32 $;414,32 $;0,00 $;414,32 $;0,00 $;240,00;200,00 $;590,00 $;175,68 $;0,07%;
13/07/2021;1;-2275,84 $;-410,68 $;0,00 $;-410,68 $;5,68 $;-6753,52 $;-410,68 $;0,00%;-410,68 $;0,00 $;-410,68 $;0,00 $;-410,68 $;240,00;465,00 $;245,00 $;655,68 $;0,07%;
14/07/2021;1;-2886,52 $;-610,68 $;0,00 $;-610,68 $;5,68 $;-7364,20 $;-610,68 $;0,00%;-610,68 $;0,00 $;-610,68 $;0,00 $;-610,68 $;150,00;710,00 $;215,00 $;825,68 $;0,07%;
16/07/2021;1;-4492,20 $;-1605,68 $;0,00 $;-1605,68 $;5,68 $;-8969,88 $;-1605,68 $;0,00%;-1605,68 $;0,00 $;-1605,68 $;0,00 $;-1605,68 $;210,00;1675,00 $;30,00 $;1635,68 $;0,07%;
20/07/2021;1;-3672,88 $;819,32 $;819,32 $;0,00 $;5,68 $;-8150,56 $;0,00 $;100,00%;819,32 $;819,32 $;0,00 $;819,32 $;0,00 $;240,00;220,00 $;830,00 $;10,68 $;0,07%;
21/07/2021;1;-3228,56 $;444,32 $;444,32 $;0,00 $;5,68 $;-7706,24 $;0,00 $;100,00%;444,32 $;444,32 $;0,00 $;444,32 $;0,00 $;240,00;40,00 $;700,00 $;255,68 $;0,07%;
22/07/2021;1;-3254,24 $;-25,68 $;0,00 $;-25,68 $;5,68 $;-7731,92 $;-25,68 $;0,00%;-25,68 $;0,00 $;-25,68 $;0,00 $;-25,68 $;90,00;615,00 $;145,00 $;170,68 $;0,07%;
26/07/2021;1;-3324,92 $;-70,68 $;0,00 $;-70,68 $;5,68 $;-7802,60 $;-70,68 $;0,00%;-70,68 $;0,00 $;-70,68 $;0,00 $;-70,68 $;240,00;540,00 $;80,00 $;150,68 $;0,07%;
27/07/2021;1;-2750,60 $;574,32 $;574,32 $;0,00 $;5,68 $;-7228,28 $;0,00 $;100,00%;574,32 $;574,32 $;0,00 $;574,32 $;0,00 $;210,00;495,00 $;960,00 $;385,68 $;0,07%;
28/07/2021;1;-2081,28 $;669,32 $;669,32 $;0,00 $;5,68 $;-6558,96 $;0,00 $;100,00%;669,32 $;669,32 $;0,00 $;669,32 $;0,00 $;210,00;180,00 $;1435,00 $;765,68 $;0,07%;
29/07/2021;1;-2426,96 $;-345,68 $;0,00 $;-345,68 $;5,68 $;-6904,64 $;-345,68 $;0,00%;-345,68 $;0,00 $;-345,68 $;0,00 $;-345,68 $;240,00;425,00 $;435,00 $;780,68 $;0,07%;
02/08/2021;1;-3017,64 $;-590,68 $;0,00 $;-590,68 $;5,68 $;-7495,32 $;-590,68 $;0,00%;-590,68 $;0,00 $;-590,68 $;0,00 $;-590,68 $;240,00;810,00 $;70,00 $;660,68 $;0,07%;
03/08/2021;1;-2623,32 $;394,32 $;394,32 $;0,00 $;5,68 $;-7101,00 $;0,00 $;100,00%;394,32 $;394,32 $;0,00 $;394,32 $;0,00 $;210,00;125,00 $;715,00 $;320,68 $;0,07%;
05/08/2021;1;-2804,00 $;-180,68 $;0,00 $;-180,68 $;5,68 $;-7281,68 $;-180,68 $;0,00%;-180,68 $;0,00 $;-180,68 $;0,00 $;-180,68 $;240,00;450,00 $;115,00 $;295,68 $;0,07%;
09/08/2021;1;-2909,68 $;-105,68 $;0,00 $;-105,68 $;5,68 $;-7387,36 $;-105,68 $;0,00%;-105,68 $;0,00 $;-105,68 $;0,00 $;-105,68 $;30,00;310,00 $;75,00 $;180,68 $;0,07%;
10/08/2021;1;-2905,36 $;4,32 $;4,32 $;0,00 $;5,68 $;-7383,04 $;0,00 $;100,00%;4,32 $;4,32 $;0,00 $;4,32 $;0,00 $;240,00;215,00 $;250,00 $;245,68 $;0,07%;
11/08/2021;1;-1791,04 $;1114,32 $;1114,32 $;0,00 $;5,68 $;-6268,72 $;0,00 $;100,00%;1114,32 $;1114,32 $;0,00 $;1114,32 $;0,00 $;210,00;15,00 $;1165,00 $;50,68 $;0,07%;
12/08/2021;1;-1731,72 $;59,32 $;59,32 $;0,00 $;5,68 $;-6209,40 $;0,00 $;100,00%;59,32 $;59,32 $;0,00 $;59,32 $;0,00 $;210,00;380,00 $;250,00 $;190,68 $;0,07%;
13/08/2021;1;-2157,40 $;-425,68 $;0,00 $;-425,68 $;5,68 $;-6635,08 $;-425,68 $;0,00%;-425,68 $;0,00 $;-425,68 $;0,00 $;-425,68 $;240,00;500,00 $;185,00 $;610,68 $;0,07%;
16/08/2021;1;-2388,08 $;-230,68 $;0,00 $;-230,68 $;5,68 $;-6865,76 $;-230,68 $;0,00%;-230,68 $;0,00 $;-230,68 $;0,00 $;-230,68 $;210,00;335,00 $;355,00 $;585,68 $;0,07%;
18/08/2021;1;-4398,76 $;-2010,68 $;0,00 $;-2010,68 $;5,68 $;-8876,44 $;-2010,68 $;0,00%;-2010,68 $;0,00 $;-2010,68 $;0,00 $;-2010,68 $;90,00;2240,00 $;145,00 $;2155,68 $;0,07%;
19/08/2021;1;-3959,44 $;439,32 $;439,32 $;0,00 $;5,68 $;-8437,12 $;0,00 $;100,00%;439,32 $;439,32 $;0,00 $;439,32 $;0,00 $;240,00;470,00 $;895,00 $;455,68 $;0,07%;
20/08/2021;1;-3295,12 $;664,32 $;664,32 $;0,00 $;5,68 $;-7772,80 $;0,00 $;100,00%;664,32 $;664,32 $;0,00 $;664,32 $;0,00 $;240,00;210,00 $;965,00 $;300,68 $;0,07%;
23/08/2021;1;-2670,80 $;624,32 $;624,32 $;0,00 $;5,68 $;-7148,48 $;0,00 $;100,00%;624,32 $;624,32 $;0,00 $;624,32 $;0,00 $;240,00;80,00 $;630,00 $;5,68 $;0,07%;
24/08/2021;1;-2206,48 $;464,32 $;464,32 $;0,00 $;5,68 $;-6684,16 $;0,00 $;100,00%;464,32 $;464,32 $;0,00 $;464,32 $;0,00 $;240,00;260,00 $;535,00 $;70,68 $;0,07%;
25/08/2021;1;-2087,16 $;119,32 $;119,32 $;0,00 $;5,68 $;-6564,84 $;0,00 $;100,00%;119,32 $;119,32 $;0,00 $;119,32 $;0,00 $;240,00;35,00 $;485,00 $;365,68 $;0,07%;
27/08/2021;1;-1242,84 $;844,32 $;844,32 $;0,00 $;5,68 $;-5720,52 $;0,00 $;100,00%;844,32 $;844,32 $;0,00 $;844,32 $;0,00 $;240,00;10,00 $;985,00 $;140,68 $;0,07%;
31/08/2021;1;-858,52 $;384,32 $;384,32 $;0,00 $;5,68 $;-5336,20 $;0,00 $;100,00%;384,32 $;384,32 $;0,00 $;384,32 $;0,00 $;30,00;85,00 $;410,00 $;25,68 $;0,07%;
01/09/2021;1;-344,20 $;514,32 $;514,32 $;0,00 $;5,68 $;-4821,88 $;0,00 $;100,00%;514,32 $;514,32 $;0,00 $;514,32 $;0,00 $;240,00;60,00 $;950,00 $;435,68 $;0,07%;
02/09/2021;1;-644,88 $;-300,68 $;0,00 $;-300,68 $;5,68 $;-5122,56 $;-300,68 $;0,00%;-300,68 $;0,00 $;-300,68 $;0,00 $;-300,68 $;240,00;475,00 $;230,00 $;530,68 $;0,07%;
03/09/2021;1;-815,56 $;-170,68 $;0,00 $;-170,68 $;5,68 $;-5293,24 $;-170,68 $;0,00%;-170,68 $;0,00 $;-170,68 $;0,00 $;-170,68 $;150,00;280,00 $;80,00 $;250,68 $;0,07%;
07/09/2021;1;-1141,24 $;-325,68 $;0,00 $;-325,68 $;5,68 $;-5618,92 $;-325,68 $;0,00%;-325,68 $;0,00 $;-325,68 $;0,00 $;-325,68 $;210,00;415,00 $;240,00 $;565,68 $;0,07%;
08/09/2021;1;-1506,92 $;-365,68 $;0,00 $;-365,68 $;5,68 $;-5984,60 $;-365,68 $;0,00%;-365,68 $;0,00 $;-365,68 $;0,00 $;-365,68 $;210,00;565,00 $;25,00 $;390,68 $;0,07%;
09/09/2021;1;-1762,60 $;-255,68 $;0,00 $;-255,68 $;5,68 $;-6240,28 $;-255,68 $;0,00%;-255,68 $;0,00 $;-255,68 $;0,00 $;-255,68 $;240,00;685,00 $;285,00 $;540,68 $;0,07%;
10/09/2021;1;-2728,28 $;-965,68 $;0,00 $;-965,68 $;5,68 $;-7205,96 $;-965,68 $;0,00%;-965,68 $;0,00 $;-965,68 $;0,00 $;-965,68 $;150,00;1165,00 $;120,00 $;1085,68 $;0,07%;
13/09/2021;1;-2678,96 $;49,32 $;49,32 $;0,00 $;5,68 $;-7156,64 $;0,00 $;100,00%;49,32 $;49,32 $;0,00 $;49,32 $;0,00 $;210,00;715,00 $;110,00 $;60,68 $;0,07%;
15/09/2021;1;-2269,64 $;409,32 $;409,32 $;0,00 $;5,68 $;-6747,32 $;0,00 $;100,00%;409,32 $;409,32 $;0,00 $;409,32 $;0,00 $;240,00;170,00 $;685,00 $;275,68 $;0,07%;
16/09/2021;1;-2000,32 $;269,32 $;269,32 $;0,00 $;5,68 $;-6478,00 $;0,00 $;100,00%;269,32 $;269,32 $;0,00 $;269,32 $;0,00 $;210,00;65,00 $;865,00 $;595,68 $;0,07%;
20/09/2021;1;-1541,00 $;459,32 $;459,32 $;0,00 $;5,68 $;-6018,68 $;0,00 $;100,00%;459,32 $;459,32 $;0,00 $;459,32 $;0,00 $;210,00;815,00 $;795,00 $;335,68 $;0,07%;
21/09/2021;1;-1741,68 $;-200,68 $;0,00 $;-200,68 $;5,68 $;-6219,36 $;-200,68 $;0,00%;-200,68 $;0,00 $;-200,68 $;0,00 $;-200,68 $;150,00;385,00 $;675,00 $;875,68 $;0,07%;
22/09/2021;1;-1417,36 $;324,32 $;324,32 $;0,00 $;5,68 $;-5895,04 $;0,00 $;100,00%;324,32 $;324,32 $;0,00 $;324,32 $;0,00 $;240,00;370,00 $;705,00 $;380,68 $;0,07%;
23/09/2021;1;-1003,04 $;414,32 $;414,32 $;0,00 $;5,68 $;-5480,72 $;0,00 $;100,00%;414,32 $;414,32 $;0,00 $;414,32 $;0,00 $;240,00;145,00 $;780,00 $;365,68 $;0,07%;
24/09/2021;1;-1458,72 $;-455,68 $;0,00 $;-455,68 $;5,68 $;-5936,40 $;-455,68 $;0,00%;-455,68 $;0,00 $;-455,68 $;0,00 $;-455,68 $;210,00;555,00 $;95,00 $;550,68 $;0,07%;
27/09/2021;1;-1454,40 $;4,32 $;4,32 $;0,00 $;5,68 $;-5932,08 $;0,00 $;100,00%;4,32 $;4,32 $;0,00 $;4,32 $;0,00 $;240,00;345,00 $;335,00 $;330,68 $;0,07%;
29/09/2021;1;-1505,08 $;-50,68 $;0,00 $;-50,68 $;5,68 $;-5982,76 $;-50,68 $;0,00%;-50,68 $;0,00 $;-50,68 $;0,00 $;-50,68 $;30,00;480,00 $;40,00 $;90,68 $;0,07%;
30/09/2021;1;-2210,76 $;-705,68 $;0,00 $;-705,68 $;5,68 $;-6688,44 $;-705,68 $;0,00%;-705,68 $;0,00 $;-705,68 $;0,00 $;-705,68 $;240,00;1445,00 $;25,00 $;730,68 $;0,07%;
04/10/2021;1;-1926,44 $;284,32 $;284,32 $;0,00 $;5,68 $;-6404,12 $;0,00 $;100,00%;284,32 $;284,32 $;0,00 $;284,32 $;0,00 $;150,00;170,00 $;350,00 $;65,68 $;0,07%;
05/10/2021;1;-2427,12 $;-500,68 $;0,00 $;-500,68 $;5,68 $;-6904,80 $;-500,68 $;0,00%;-500,68 $;0,00 $;-500,68 $;0,00 $;-500,68 $;240,00;1005,00 $;0,00 $;500,68 $;0,07%;
06/10/2021;1;-1252,80 $;1174,32 $;1174,32 $;0,00 $;5,68 $;-5730,48 $;0,00 $;100,00%;1174,32 $;1174,32 $;0,00 $;1174,32 $;0,00 $;240,00;245,00 $;1490,00 $;315,68 $;0,07%;
07/10/2021;1;-1723,48 $;-470,68 $;0,00 $;-470,68 $;5,68 $;-6201,16 $;-470,68 $;0,00%;-470,68 $;0,00 $;-470,68 $;0,00 $;-470,68 $;240,00;535,00 $;320,00 $;790,68 $;0,07%;
08/10/2021;1;-1979,16 $;-255,68 $;0,00 $;-255,68 $;5,68 $;-6456,84 $;-255,68 $;0,00%;-255,68 $;0,00 $;-255,68 $;0,00 $;-255,68 $;210,00;300,00 $;385,00 $;640,68 $;0,07%;
11/10/2021;1;-2829,84 $;-850,68 $;0,00 $;-850,68 $;5,68 $;-7307,52 $;-850,68 $;0,00%;-850,68 $;0,00 $;-850,68 $;0,00 $;-850,68 $;240,00;940,00 $;175,00 $;1025,68 $;0,07%;
12/10/2021;1;-3290,52 $;-460,68 $;0,00 $;-460,68 $;5,68 $;-7768,20 $;-460,68 $;0,00%;-460,68 $;0,00 $;-460,68 $;0,00 $;-460,68 $;210,00;485,00 $;255,00 $;715,68 $;0,07%;
13/10/2021;1;-3326,20 $;-35,68 $;0,00 $;-35,68 $;5,68 $;-7803,88 $;-35,68 $;0,00%;-35,68 $;0,00 $;-35,68 $;0,00 $;-35,68 $;240,00;335,00 $;400,00 $;435,68 $;0,07%;
15/10/2021;1;-4371,88 $;-1045,68 $;0,00 $;-1045,68 $;5,68 $;-8849,56 $;-1045,68 $;0,00%;-1045,68 $;0,00 $;-1045,68 $;0,00 $;-1045,68 $;210,00;1065,00 $;125,00 $;1170,68 $;0,07%;
18/10/2021;1;-4157,56 $;214,32 $;214,32 $;0,00 $;5,68 $;-8635,24 $;0,00 $;100,00%;214,32 $;214,32 $;0,00 $;214,32 $;0,00 $;240,00;40,00 $;540,00 $;325,68 $;0,07%;
19/10/2021;1;-4178,24 $;-20,68 $;0,00 $;-20,68 $;5,68 $;-8655,92 $;-20,68 $;0,00%;-20,68 $;0,00 $;-20,68 $;0,00 $;-20,68 $;240,00;300,00 $;510,00 $;530,68 $;0,07%;
20/10/2021;1;-4333,92 $;-155,68 $;0,00 $;-155,68 $;5,68 $;-8811,60 $;-155,68 $;0,00%;-155,68 $;0,00 $;-155,68 $;0,00 $;-155,68 $;240,00;335,00 $;310,00 $;465,68 $;0,07%;
21/10/2021;1;-3824,60 $;509,32 $;509,32 $;0,00 $;5,68 $;-8302,28 $;0,00 $;100,00%;509,32 $;509,32 $;0,00 $;509,32 $;0,00 $;240,00;150,00 $;540,00 $;30,68 $;0,07%;
22/10/2021;1;-3785,28 $;39,32 $;39,32 $;0,00 $;5,68 $;-8262,96 $;0,00 $;100,00%;39,32 $;39,32 $;0,00 $;39,32 $;0,00 $;240,00;665,00 $;380,00 $;340,68 $;0,07%;
26/10/2021;1;-4325,96 $;-540,68 $;0,00 $;-540,68 $;5,68 $;-8803,64 $;-540,68 $;0,00%;-540,68 $;0,00 $;-540,68 $;0,00 $;-540,68 $;90,00;615,00 $;145,00 $;685,68 $;0,07%;
27/10/2021;1;-4976,64 $;-650,68 $;0,00 $;-650,68 $;5,68 $;-9454,32 $;-650,68 $;0,00%;-650,68 $;0,00 $;-650,68 $;0,00 $;-650,68 $;240,00;1070,00 $;245,00 $;895,68 $;0,07%;
28/10/2021;1;-4617,32 $;359,32 $;359,32 $;0,00 $;5,68 $;-9095,00 $;0,00 $;100,00%;359,32 $;359,32 $;0,00 $;359,32 $;0,00 $;240,00;70,00 $;615,00 $;255,68 $;0,07%;
29/10/2021;1;-4138,00 $;479,32 $;479,32 $;0,00 $;5,68 $;-8615,68 $;0,00 $;100,00%;479,32 $;479,32 $;0,00 $;479,32 $;0,00 $;90,00;200,00 $;535,00 $;55,68 $;0,07%;
01/11/2021;1;-3793,68 $;344,32 $;344,32 $;0,00 $;5,68 $;-8271,36 $;0,00 $;100,00%;344,32 $;344,32 $;0,00 $;344,32 $;0,00 $;210,00;350,00 $;400,00 $;55,68 $;0,07%;
02/11/2021;1;-3434,36 $;359,32 $;359,32 $;0,00 $;5,68 $;-7912,04 $;0,00 $;100,00%;359,32 $;359,32 $;0,00 $;359,32 $;0,00 $;210,00;275,00 $;440,00 $;80,68 $;0,07%;
03/11/2021;1;-2590,04 $;844,32 $;844,32 $;0,00 $;5,68 $;-7067,72 $;0,00 $;100,00%;844,32 $;844,32 $;0,00 $;844,32 $;0,00 $;210,00;420,00 $;1430,00 $;585,68 $;0,07%;
04/11/2021;1;-2505,72 $;84,32 $;84,32 $;0,00 $;5,68 $;-6983,40 $;0,00 $;100,00%;84,32 $;84,32 $;0,00 $;84,32 $;0,00 $;150,00;410,00 $;220,00 $;135,68 $;0,07%;
05/11/2021;1;-2716,40 $;-210,68 $;0,00 $;-210,68 $;5,68 $;-7194,08 $;-210,68 $;0,00%;-210,68 $;0,00 $;-210,68 $;0,00 $;-210,68 $;210,00;880,00 $;215,00 $;425,68 $;0,07%;
08/11/2021;1;-3077,08 $;-360,68 $;0,00 $;-360,68 $;5,68 $;-7554,76 $;-360,68 $;0,00%;-360,68 $;0,00 $;-360,68 $;0,00 $;-360,68 $;150,00;450,00 $;205,00 $;565,68 $;0,07%;
09/11/2021;1;-3322,76 $;-245,68 $;0,00 $;-245,68 $;5,68 $;-7800,44 $;-245,68 $;0,00%;-245,68 $;0,00 $;-245,68 $;0,00 $;-245,68 $;150,00;370,00 $;125,00 $;370,68 $;0,07%;
12/11/2021;1;-3093,44 $;229,32 $;229,32 $;0,00 $;5,68 $;-7571,12 $;0,00 $;100,00%;229,32 $;229,32 $;0,00 $;229,32 $;0,00 $;240,00;205,00 $;235,00 $;5,68 $;0,07%;
15/11/2021;1;-2724,12 $;369,32 $;369,32 $;0,00 $;5,68 $;-7201,80 $;0,00 $;100,00%;369,32 $;369,32 $;0,00 $;369,32 $;0,00 $;210,00;25,00 $;515,00 $;145,68 $;0,07%;
16/11/2021;1;-2869,80 $;-145,68 $;0,00 $;-145,68 $;5,68 $;-7347,48 $;-145,68 $;0,00%;-145,68 $;0,00 $;-145,68 $;0,00 $;-145,68 $;90,00;245,00 $;155,00 $;300,68 $;0,07%;
17/11/2021;1;-2865,48 $;4,32 $;4,32 $;0,00 $;5,68 $;-7343,16 $;0,00 $;100,00%;4,32 $;4,32 $;0,00 $;4,32 $;0,00 $;240,00;520,00 $;205,00 $;200,68 $;0,07%;
18/11/2021;1;-3076,16 $;-210,68 $;0,00 $;-210,68 $;5,68 $;-7553,84 $;-210,68 $;0,00%;-210,68 $;0,00 $;-210,68 $;0,00 $;-210,68 $;210,00;830,00 $;90,00 $;300,68 $;0,07%;
19/11/2021;1;-3726,84 $;-650,68 $;0,00 $;-650,68 $;5,68 $;-8204,52 $;-650,68 $;0,00%;-650,68 $;0,00 $;-650,68 $;0,00 $;-650,68 $;210,00;860,00 $;175,00 $;825,68 $;0,07%;
22/11/2021;1;-4337,52 $;-610,68 $;0,00 $;-610,68 $;5,68 $;-8815,20 $;-610,68 $;0,00%;-610,68 $;0,00 $;-610,68 $;0,00 $;-610,68 $;240,00;1450,00 $;45,00 $;655,68 $;0,07%;
23/11/2021;1;-3943,20 $;394,32 $;394,32 $;0,00 $;5,68 $;-8420,88 $;0,00 $;100,00%;394,32 $;394,32 $;0,00 $;394,32 $;0,00 $;210,00;450,00 $;735,00 $;340,68 $;0,07%;
24/11/2021;1;-3703,88 $;239,32 $;239,32 $;0,00 $;5,68 $;-8181,56 $;0,00 $;100,00%;239,32 $;239,32 $;0,00 $;239,32 $;0,00 $;240,00;520,00 $;280,00 $;40,68 $;0,07%;
25/11/2021;1;-3719,56 $;-15,68 $;0,00 $;-15,68 $;5,68 $;-8197,24 $;-15,68 $;0,00%;-15,68 $;0,00 $;-15,68 $;0,00 $;-15,68 $;30,00;35,00 $;105,00 $;120,68 $;0,07%;
29/11/2021;1;-4520,24 $;-800,68 $;0,00 $;-800,68 $;5,68 $;-8997,92 $;-800,68 $;0,00%;-800,68 $;0,00 $;-800,68 $;0,00 $;-800,68 $;150,00;1285,00 $;80,00 $;880,68 $;0,07%;
30/11/2021;1;-4520,92 $;-0,68 $;0,00 $;-0,68 $;5,68 $;-8998,60 $;-0,68 $;0,00%;-0,68 $;0,00 $;-0,68 $;0,00 $;-0,68 $;240,00;1370,00 $;260,00 $;260,68 $;0,07%;
02/12/2021;1;-3786,60 $;734,32 $;734,32 $;0,00 $;5,68 $;-8264,28 $;0,00 $;100,00%;734,32 $;734,32 $;0,00 $;734,32 $;0,00 $;240,00;715,00 $;1015,00 $;280,68 $;0,07%;
06/12/2021;1;-2987,28 $;799,32 $;799,32 $;0,00 $;5,68 $;-7464,96 $;0,00 $;100,00%;799,32 $;799,32 $;0,00 $;799,32 $;0,00 $;240,00;415,00 $;1455,00 $;655,68 $;0,07%;
07/12/2021;1;-3342,96 $;-355,68 $;0,00 $;-355,68 $;5,68 $;-7820,64 $;-355,68 $;0,00%;-355,68 $;0,00 $;-355,68 $;0,00 $;-355,68 $;240,00;355,00 $;345,00 $;700,68 $;0,07%;
08/12/2021;1;-3323,64 $;19,32 $;19,32 $;0,00 $;5,68 $;-7801,32 $;0,00 $;100,00%;19,32 $;19,32 $;0,00 $;19,32 $;0,00 $;240,00;335,00 $;295,00 $;275,68 $;0,07%;
10/12/2021;1;-3234,32 $;89,32 $;89,32 $;0,00 $;5,68 $;-7712,00 $;0,00 $;100,00%;89,32 $;89,32 $;0,00 $;89,32 $;0,00 $;240,00;105,00 $;425,00 $;335,68 $;0,07%;
13/12/2021;1;-3190,00 $;44,32 $;44,32 $;0,00 $;5,68 $;-7667,68 $;0,00 $;100,00%;44,32 $;44,32 $;0,00 $;44,32 $;0,00 $;90,00;265,00 $;640,00 $;595,68 $;0,07%;
14/12/2021;1;-3140,68 $;49,32 $;49,32 $;0,00 $;5,68 $;-7618,36 $;0,00 $;100,00%;49,32 $;49,32 $;0,00 $;49,32 $;0,00 $;240,00;960,00 $;85,00 $;35,68 $;0,07%;
15/12/2021;1;-261,36 $;2879,32 $;2879,32 $;0,00 $;5,68 $;-4739,04 $;0,00 $;100,00%;2879,32 $;2879,32 $;0,00 $;2879,32 $;0,00 $;210,00;290,00 $;2965,00 $;85,68 $;0,07%;
17/12/2021;1;-132,04 $;129,32 $;129,32 $;0,00 $;5,68 $;-4609,72 $;0,00 $;100,00%;129,32 $;129,32 $;0,00 $;129,32 $;0,00 $;210,00;390,00 $;645,00 $;515,68 $;0,07%;
21/12/2021;1;487,28 $;619,32 $;619,32 $;0,00 $;5,68 $;-3990,40 $;0,00 $;100,00%;619,32 $;619,32 $;0,00 $;619,32 $;0,00 $;240,00;95,00 $;870,00 $;250,68 $;0,07%;
22/12/2021;1;541,60 $;54,32 $;54,32 $;0,00 $;5,68 $;-3936,08 $;0,00 $;100,00%;54,32 $;54,32 $;0,00 $;54,32 $;0,00 $;240,00;380,00 $;435,00 $;380,68 $;0,07%;
23/12/2021;1;715,92 $;174,32 $;174,32 $;0,00 $;5,68 $;-3761,76 $;0,00 $;100,00%;174,32 $;174,32 $;0,00 $;174,32 $;0,00 $;240,00;80,00 $;455,00 $;280,68 $;0,07%;
27/12/2021;1;885,24 $;169,32 $;169,32 $;0,00 $;5,68 $;-3592,44 $;0,00 $;100,00%;169,32 $;169,32 $;0,00 $;169,32 $;0,00 $;240,00;210,00 $;200,00 $;30,68 $;0,07%;
28/12/2021;1;989,56 $;104,32 $;104,32 $;0,00 $;5,68 $;-3488,12 $;0,00 $;100,00%;104,32 $;104,32 $;0,00 $;104,32 $;0,00 $;210,00;205,00 $;535,00 $;430,68 $;0,07%;
29/12/2021;1;738,88 $;-250,68 $;0,00 $;-250,68 $;5,68 $;-3738,80 $;-250,68 $;0,00%;-250,68 $;0,00 $;-250,68 $;0,00 $;-250,68 $;240,00;305,00 $;110,00 $;360,68 $;0,07%;
30/12/2021;1;508,20 $;-230,68 $;0,00 $;-230,68 $;5,68 $;-3969,48 $;-230,68 $;0,00%;-230,68 $;0,00 $;-230,68 $;0,00 $;-230,68 $;240,00;435,00 $;385,00 $;615,68 $;0,07%;
31/12/2021;1;537,52 $;29,32 $;29,32 $;0,00 $;5,68 $;-3940,16 $;0,00 $;100,00%;29,32 $;29,32 $;0,00 $;29,32 $;0,00 $;210,00;100,00 $;475,00 $;445,68 $;0,07%;
03/01/2022;1;906,84 $;369,32 $;369,32 $;0,00 $;5,68 $;-3570,84 $;0,00 $;100,00%;369,32 $;369,32 $;0,00 $;369,32 $;0,00 $;90,00;160,00 $;475,00 $;105,68 $;0,07%;
04/01/2022;1;1381,16 $;474,32 $;474,32 $;0,00 $;5,68 $;-3096,52 $;0,00 $;100,00%;474,32 $;474,32 $;0,00 $;474,32 $;0,00 $;240,00;225,00 $;670,00 $;195,68 $;0,07%;
05/01/2022;1;-1654,52 $;-3035,68 $;0,00 $;-3035,68 $;5,68 $;-6132,20 $;-3035,68 $;0,00%;-3035,68 $;0,00 $;-3035,68 $;0,00 $;-3035,68 $;240,00;3040,00 $;45,00 $;3080,68 $;0,07%;
06/01/2022;1;-1560,20 $;94,32 $;94,32 $;0,00 $;5,68 $;-6037,88 $;0,00 $;100,00%;94,32 $;94,32 $;0,00 $;94,32 $;0,00 $;240,00;365,00 $;625,00 $;530,68 $;0,07%;
07/01/2022;1;-1890,88 $;-330,68 $;0,00 $;-330,68 $;5,68 $;-6368,56 $;-330,68 $;0,00%;-330,68 $;0,00 $;-330,68 $;0,00 $;-330,68 $;240,00;475,00 $;555,00 $;885,68 $;0,07%;
10/01/2022;1;-276,56 $;1614,32 $;1614,32 $;0,00 $;5,68 $;-4754,24 $;0,00 $;100,00%;1614,32 $;1614,32 $;0,00 $;1614,32 $;0,00 $;210,00;445,00 $;1720,00 $;105,68 $;0,07%;
11/01/2022;1;742,76 $;1019,32 $;1019,32 $;0,00 $;5,68 $;-3734,92 $;0,00 $;100,00%;1019,32 $;1019,32 $;0,00 $;1019,32 $;0,00 $;240,00;90,00 $;1085,00 $;65,68 $;0,07%;
12/01/2022;1;1072,08 $;329,32 $;329,32 $;0,00 $;5,68 $;-3405,60 $;0,00 $;100,00%;329,32 $;329,32 $;0,00 $;329,32 $;0,00 $;240,00;65,00 $;915,00 $;585,68 $;0,07%;
13/01/2022;1;196,40 $;-875,68 $;0,00 $;-875,68 $;5,68 $;-4281,28 $;-875,68 $;0,00%;-875,68 $;0,00 $;-875,68 $;0,00 $;-875,68 $;210,00;1045,00 $;650,00 $;1525,68 $;0,07%;
14/01/2022;1;1005,72 $;809,32 $;809,32 $;0,00 $;5,68 $;-3471,96 $;0,00 $;100,00%;809,32 $;809,32 $;0,00 $;809,32 $;0,00 $;240,00;745,00 $;930,00 $;120,68 $;0,07%;
18/01/2022;1;880,04 $;-125,68 $;0,00 $;-125,68 $;5,68 $;-3597,64 $;-125,68 $;0,00%;-125,68 $;0,00 $;-125,68 $;0,00 $;-125,68 $;240,00;695,00 $;660,00 $;785,68 $;0,07%;
19/01/2022;1;-90,64 $;-970,68 $;0,00 $;-970,68 $;5,68 $;-4568,32 $;-970,68 $;0,00%;-970,68 $;0,00 $;-970,68 $;0,00 $;-970,68 $;150,00;1280,00 $;315,00 $;1285,68 $;0,07%;
20/01/2022;1;-2696,32 $;-2605,68 $;0,00 $;-2605,68 $;5,68 $;-7174,00 $;-2605,68 $;0,00%;-2605,68 $;0,00 $;-2605,68 $;0,00 $;-2605,68 $;240,00;2780,00 $;145,00 $;2750,68 $;0,07%;
21/01/2022;1;-4147,00 $;-1450,68 $;0,00 $;-1450,68 $;5,68 $;-8624,68 $;-1450,68 $;0,00%;-1450,68 $;0,00 $;-1450,68 $;0,00 $;-1450,68 $;210,00;1485,00 $;315,00 $;1765,68 $;0,07%;
24/01/2022;1;892,32 $;5039,32 $;5039,32 $;0,00 $;5,68 $;-3585,36 $;0,00 $;100,00%;5039,32 $;5039,32 $;0,00 $;5039,32 $;0,00 $;210,00;375,00 $;5265,00 $;225,68 $;0,07%;
25/01/2022;1;1986,64 $;1094,32 $;1094,32 $;0,00 $;5,68 $;-2491,04 $;0,00 $;100,00%;1094,32 $;1094,32 $;0,00 $;1094,32 $;0,00 $;240,00;725,00 $;2240,00 $;1145,68 $;0,07%;
28/01/2022;1;3370,96 $;1384,32 $;1384,32 $;0,00 $;5,68 $;-1106,72 $;0,00 $;100,00%;1384,32 $;1384,32 $;0,00 $;1384,32 $;0,00 $;210,00;1780,00 $;1705,00 $;320,68 $;0,07%;
31/01/2022;1;4200,28 $;829,32 $;829,32 $;0,00 $;5,68 $;-277,40 $;0,00 $;100,00%;829,32 $;829,32 $;0,00 $;829,32 $;0,00 $;240,00;145,00 $;1395,00 $;565,68 $;0,07%;
01/02/2022;1;4639,60 $;439,32 $;439,32 $;0,00 $;5,68 $;0,00 $;0,00 $;100,00%;439,32 $;439,32 $;0,00 $;439,32 $;0,00 $;210,00;495,00 $;720,00 $;280,68 $;0,07%;
04/02/2022;1;5178,92 $;539,32 $;539,32 $;0,00 $;5,68 $;0,00 $;0,00 $;100,00%;539,32 $;539,32 $;0,00 $;539,32 $;0,00 $;210,00;170,00 $;1705,00 $;1165,68 $;0,07%;
07/02/2022;1;5538,24 $;359,32 $;359,32 $;0,00 $;5,68 $;0,00 $;0,00 $;100,00%;359,32 $;359,32 $;0,00 $;359,32 $;0,00 $;240,00;840,00 $;755,00 $;395,68 $;0,07%;
08/02/2022;1;5937,56 $;399,32 $;399,32 $;0,00 $;5,68 $;0,00 $;0,00 $;100,00%;399,32 $;399,32 $;0,00 $;399,32 $;0,00 $;210,00;430,00 $;530,00 $;130,68 $;0,07%;
09/02/2022;1;6126,88 $;189,32 $;189,32 $;0,00 $;5,68 $;0,00 $;0,00 $;100,00%;189,32 $;189,32 $;0,00 $;189,32 $;0,00 $;240,00;320,00 $;405,00 $;215,68 $;0,07%;
10/02/2022;1;4181,20 $;-1945,68 $;0,00 $;-1945,68 $;5,68 $;-1945,68 $;-1945,68 $;0,00%;-1945,68 $;0,00 $;-1945,68 $;0,00 $;-1945,68 $;240,00;2055,00 $;920,00 $;2865,68 $;0,07%;
14/02/2022;1;3765,52 $;-415,68 $;0,00 $;-415,68 $;5,68 $;-2361,36 $;-415,68 $;0,00%;-415,68 $;0,00 $;-415,68 $;0,00 $;-415,68 $;150,00;1040,00 $;190,00 $;605,68 $;0,07%;
15/02/2022;1;4529,84 $;764,32 $;764,32 $;0,00 $;5,68 $;-1597,04 $;0,00 $;100,00%;764,32 $;764,32 $;0,00 $;764,32 $;0,00 $;240,00;70,00 $;915,00 $;150,68 $;0,07%;
16/02/2022;1;5114,16 $;584,32 $;584,32 $;0,00 $;5,68 $;-1012,72 $;0,00 $;100,00%;584,32 $;584,32 $;0,00 $;584,32 $;0,00 $;240,00;675,00 $;900,00 $;315,68 $;0,07%;
22/02/2022;2;5042,80 $;-71,36 $;0,00 $;-71,36 $;11,36 $;-1084,08 $;-71,36 $;0,00%;-35,68 $;0,00 $;-35,68 $;0,00 $;-60,68 $;270,00;822,50 $;352,50 $;388,18 $;0,14%;
24/02/2022;1;7537,12 $;2494,32 $;2494,32 $;0,00 $;5,68 $;0,00 $;0,00 $;100,00%;2494,32 $;2494,32 $;0,00 $;2494,32 $;0,00 $;210,00;290,00 $;3220,00 $;725,68 $;0,07%;
25/02/2022;1;8396,44 $;859,32 $;859,32 $;0,00 $;5,68 $;0,00 $;0,00 $;100,00%;859,32 $;859,32 $;0,00 $;859,32 $;0,00 $;240,00;175,00 $;990,00 $;130,68 $;0,07%;
28/02/2022;2;7415,08 $;-981,36 $;0,00 $;-981,36 $;11,36 $;-981,36 $;-981,36 $;0,00%;-490,68 $;0,00 $;-490,68 $;0,00 $;-955,68 $;270,00;892,50 $;92,50 $;583,18 $;0,14%;
01/03/2022;1;7134,40 $;-280,68 $;0,00 $;-280,68 $;5,68 $;-1262,04 $;-280,68 $;0,00%;-280,68 $;0,00 $;-280,68 $;0,00 $;-280,68 $;90,00;1295,00 $;340,00 $;620,68 $;0,07%;
02/03/2022;1;7298,72 $;164,32 $;164,32 $;0,00 $;5,68 $;-1097,72 $;0,00 $;100,00%;164,32 $;164,32 $;0,00 $;164,32 $;0,00 $;210,00;80,00 $;775,00 $;610,68 $;0,07%;
03/03/2022;1;7088,04 $;-210,68 $;0,00 $;-210,68 $;5,68 $;-1308,40 $;-210,68 $;0,00%;-210,68 $;0,00 $;-210,68 $;0,00 $;-210,68 $;240,00;750,00 $;745,00 $;955,68 $;0,07%;
04/03/2022;1;7307,36 $;219,32 $;219,32 $;0,00 $;5,68 $;-1089,08 $;0,00 $;100,00%;219,32 $;219,32 $;0,00 $;219,32 $;0,00 $;240,00;405,00 $;890,00 $;670,68 $;0,07%;
07/03/2022;1;6426,68 $;-880,68 $;0,00 $;-880,68 $;5,68 $;-1969,76 $;-880,68 $;0,00%;-880,68 $;0,00 $;-880,68 $;0,00 $;-880,68 $;90,00;1030,00 $;80,00 $;960,68 $;0,07%;
08/03/2022;1;4461,00 $;-1965,68 $;0,00 $;-1965,68 $;5,68 $;-3935,44 $;-1965,68 $;0,00%;-1965,68 $;0,00 $;-1965,68 $;0,00 $;-1965,68 $;150,00;2075,00 $;170,00 $;2135,68 $;0,07%;
09/03/2022;1;4335,32 $;-125,68 $;0,00 $;-125,68 $;5,68 $;-4061,12 $;-125,68 $;0,00%;-125,68 $;0,00 $;-125,68 $;0,00 $;-125,68 $;0,00;225,00 $;20,00 $;145,68 $;0,07%;
10/03/2022;1;5619,64 $;1284,32 $;1284,32 $;0,00 $;5,68 $;-2776,80 $;0,00 $;100,00%;1284,32 $;1284,32 $;0,00 $;1284,32 $;0,00 $;240,00;50,00 $;1390,00 $;105,68 $;0,07%;
11/03/2022;1;4943,96 $;-675,68 $;0,00 $;-675,68 $;5,68 $;-3452,48 $;-675,68 $;0,00%;-675,68 $;0,00 $;-675,68 $;0,00 $;-675,68 $;240,00;670,00 $;60,00 $;735,68 $;0,07%;
14/03/2022;1;3523,28 $;-1420,68 $;0,00 $;-1420,68 $;5,68 $;-4873,16 $;-1420,68 $;0,00%;-1420,68 $;0,00 $;-1420,68 $;0,00 $;-1420,68 $;240,00;1700,00 $;75,00 $;1495,68 $;0,07%;
15/03/2022;2;3616,92 $;93,64 $;279,32 $;-185,68 $;11,36 $;-4779,52 $;-185,68 $;50,00%;46,82 $;279,32 $;-185,68 $;279,32 $;-185,68 $;270,00;495,00 $;202,50 $;155,68 $;0,14%;
16/03/2022;2;3940,56 $;323,64 $;323,64 $;0,00 $;11,36 $;-4525,20 $;0,00 $;100,00%;161,82 $;161,82 $;0,00 $;254,32 $;0,00 $;240,00;970,00 $;305,00 $;143,18 $;0,14%;
17/03/2022;1;3839,88 $;-100,68 $;0,00 $;-100,68 $;5,68 $;-4556,56 $;-100,68 $;0,00%;-100,68 $;0,00 $;-100,68 $;0,00 $;-100,68 $;150,00;270,00 $;480,00 $;580,68 $;0,07%;
18/03/2022;1;5039,20 $;1199,32 $;1199,32 $;0,00 $;5,68 $;-3357,24 $;0,00 $;100,00%;1199,32 $;1199,32 $;0,00 $;1199,32 $;0,00 $;240,00;55,00 $;1240,00 $;40,68 $;0,07%;
22/03/2022;1;5188,52 $;149,32 $;149,32 $;0,00 $;5,68 $;-3207,92 $;0,00 $;100,00%;149,32 $;149,32 $;0,00 $;149,32 $;0,00 $;90,00;90,00 $;355,00 $;205,68 $;0,07%;
23/03/2022;1;4127,84 $;-1060,68 $;0,00 $;-1060,68 $;5,68 $;-4268,60 $;-1060,68 $;0,00%;-1060,68 $;0,00 $;-1060,68 $;0,00 $;-1060,68 $;240,00;1265,00 $;325,00 $;1385,68 $;0,07%;
24/03/2022;2;4536,48 $;408,64 $;479,32 $;-70,68 $;11,36 $;-3859,96 $;-70,68 $;50,00%;204,32 $;479,32 $;-70,68 $;479,32 $;-70,68 $;270,00;105,00 $;275,00 $;70,68 $;0,14%;
25/03/2022;1;4760,80 $;224,32 $;224,32 $;0,00 $;5,68 $;-3635,64 $;0,00 $;100,00%;224,32 $;224,32 $;0,00 $;224,32 $;0,00 $;210,00;475,00 $;300,00 $;75,68 $;0,07%;
28/03/2022;1;6185,12 $;1424,32 $;1424,32 $;0,00 $;5,68 $;-2211,32 $;0,00 $;100,00%;1424,32 $;1424,32 $;0,00 $;1424,32 $;0,00 $;210,00;70,00 $;1480,00 $;55,68 $;0,07%;
29/03/2022;2;7058,76 $;873,64 $;873,64 $;0,00 $;11,36 $;-1417,00 $;0,00 $;100,00%;436,82 $;436,82 $;0,00 $;794,32 $;0,00 $;240,00;285,00 $;462,50 $;25,68 $;0,14%;
31/03/2022;1;6128,08 $;-930,68 $;0,00 $;-930,68 $;5,68 $;-2268,36 $;-930,68 $;0,00%;-930,68 $;0,00 $;-930,68 $;0,00 $;-930,68 $;210,00;1190,00 $;80,00 $;1010,68 $;0,07%;
01/04/2022;1;6927,40 $;799,32 $;799,32 $;0,00 $;5,68 $;-1469,04 $;0,00 $;100,00%;799,32 $;799,32 $;0,00 $;799,32 $;0,00 $;210,00;380,00 $;970,00 $;170,68 $;0,07%;
04/04/2022;1;7211,72 $;284,32 $;284,32 $;0,00 $;5,68 $;-1184,72 $;0,00 $;100,00%;284,32 $;284,32 $;0,00 $;284,32 $;0,00 $;240,00;85,00 $;435,00 $;150,68 $;0,07%;
06/04/2022;1;7116,04 $;-95,68 $;0,00 $;-95,68 $;5,68 $;-1280,40 $;-95,68 $;0,00%;-95,68 $;0,00 $;-95,68 $;0,00 $;-95,68 $;0,00;110,00 $;15,00 $;110,68 $;0,07%;
08/04/2022;1;6735,36 $;-380,68 $;0,00 $;-380,68 $;5,68 $;-1661,08 $;-380,68 $;0,00%;-380,68 $;0,00 $;-380,68 $;0,00 $;-380,68 $;240,00;555,00 $;165,00 $;545,68 $;0,07%;
11/04/2022;1;6799,68 $;64,32 $;64,32 $;0,00 $;5,68 $;-1596,76 $;0,00 $;100,00%;64,32 $;64,32 $;0,00 $;64,32 $;0,00 $;0,00;30,00 $;90,00 $;25,68 $;0,07%;
12/04/2022;1;4924,00 $;-1875,68 $;0,00 $;-1875,68 $;5,68 $;-3472,44 $;-1875,68 $;0,00%;-1875,68 $;0,00 $;-1875,68 $;0,00 $;-1875,68 $;240,00;2005,00 $;165,00 $;2040,68 $;0,07%;
13/04/2022;1;5523,32 $;599,32 $;599,32 $;0,00 $;5,68 $;-2873,12 $;0,00 $;100,00%;599,32 $;599,32 $;0,00 $;599,32 $;0,00 $;240,00;165,00 $;645,00 $;45,68 $;0,07%;
14/04/2022;1;5277,64 $;-245,68 $;0,00 $;-245,68 $;5,68 $;-3118,80 $;-245,68 $;0,00%;-245,68 $;0,00 $;-245,68 $;0,00 $;-245,68 $;150,00;305,00 $;650,00 $;895,68 $;0,07%;
19/04/2022;1;5431,96 $;154,32 $;154,32 $;0,00 $;5,68 $;-2964,48 $;0,00 $;100,00%;154,32 $;154,32 $;0,00 $;154,32 $;0,00 $;240,00;210,00 $;385,00 $;230,68 $;0,07%;
20/04/2022;1;5451,28 $;19,32 $;19,32 $;0,00 $;5,68 $;-2945,16 $;0,00 $;100,00%;19,32 $;19,32 $;0,00 $;19,32 $;0,00 $;240,00;490,00 $;425,00 $;405,68 $;0,07%;
21/04/2022;1;4875,60 $;-575,68 $;0,00 $;-575,68 $;5,68 $;-3520,84 $;-575,68 $;0,00%;-575,68 $;0,00 $;-575,68 $;0,00 $;-575,68 $;90,00;740,00 $;320,00 $;895,68 $;0,07%;
25/04/2022;1;5859,92 $;984,32 $;984,32 $;0,00 $;5,68 $;-2536,52 $;0,00 $;100,00%;984,32 $;984,32 $;0,00 $;984,32 $;0,00 $;150,00;320,00 $;1125,00 $;140,68 $;0,07%;
26/04/2022;1;4889,24 $;-970,68 $;0,00 $;-970,68 $;5,68 $;-3507,20 $;-970,68 $;0,00%;-970,68 $;0,00 $;-970,68 $;0,00 $;-970,68 $;150,00;1065,00 $;515,00 $;1485,68 $;0,07%;
27/04/2022;1;4803,56 $;-85,68 $;0,00 $;-85,68 $;5,68 $;-3592,88 $;-85,68 $;0,00%;-85,68 $;0,00 $;-85,68 $;0,00 $;-85,68 $;150,00;835,00 $;430,00 $;515,68 $;0,07%;
28/04/2022;1;6122,88 $;1319,32 $;1319,32 $;0,00 $;5,68 $;-2273,56 $;0,00 $;100,00%;1319,32 $;1319,32 $;0,00 $;1319,32 $;0,00 $;210,00;20,00 $;2035,00 $;715,68 $;0,07%;
02/05/2022;1;6212,20 $;89,32 $;89,32 $;0,00 $;5,68 $;-2184,24 $;0,00 $;100,00%;89,32 $;89,32 $;0,00 $;89,32 $;0,00 $;240,00;1515,00 $;520,00 $;430,68 $;0,07%;
03/05/2022;2;6480,84 $;268,64 $;268,64 $;0,00 $;11,36 $;-1989,92 $;0,00 $;100,00%;134,32 $;134,32 $;0,00 $;194,32 $;0,00 $;240,00;412,50 $;337,50 $;203,18 $;0,14%;
04/05/2022;1;9285,16 $;2804,32 $;2804,32 $;0,00 $;5,68 $;0,00 $;0,00 $;100,00%;2804,32 $;2804,32 $;0,00 $;2804,32 $;0,00 $;210,00;1010,00 $;3175,00 $;370,68 $;0,07%;
06/05/2022;1;7564,48 $;-1720,68 $;0,00 $;-1720,68 $;5,68 $;-1720,68 $;-1720,68 $;0,00%;-1720,68 $;0,00 $;-1720,68 $;0,00 $;-1720,68 $;240,00;1955,00 $;430,00 $;2150,68 $;0,07%;
09/05/2022;1;7038,80 $;-525,68 $;0,00 $;-525,68 $;5,68 $;-2246,36 $;-525,68 $;0,00%;-525,68 $;0,00 $;-525,68 $;0,00 $;-525,68 $;150,00;1075,00 $;480,00 $;1005,68 $;0,07%;
10/05/2022;1;6993,12 $;-45,68 $;0,00 $;-45,68 $;5,68 $;-2292,04 $;-45,68 $;0,00%;-45,68 $;0,00 $;-45,68 $;0,00 $;-45,68 $;30,00;420,00 $;130,00 $;175,68 $;0,07%;
11/05/2022;1;4562,44 $;-2430,68 $;0,00 $;-2430,68 $;5,68 $;-4722,72 $;-2430,68 $;0,00%;-2430,68 $;0,00 $;-2430,68 $;0,00 $;-2430,68 $;240,00;2800,00 $;515,00 $;2945,68 $;0,07%;
12/05/2022;1;3376,76 $;-1185,68 $;0,00 $;-1185,68 $;5,68 $;-5908,40 $;-1185,68 $;0,00%;-1185,68 $;0,00 $;-1185,68 $;0,00 $;-1185,68 $;240,00;2015,00 $;115,00 $;1300,68 $;0,07%;
13/05/2022;1;3696,08 $;319,32 $;319,32 $;0,00 $;5,68 $;-5589,08 $;0,00 $;100,00%;319,32 $;319,32 $;0,00 $;319,32 $;0,00 $;240,00;890,00 $;715,00 $;395,68 $;0,07%;
16/05/2022;1;3790,40 $;94,32 $;94,32 $;0,00 $;5,68 $;-5494,76 $;0,00 $;100,00%;94,32 $;94,32 $;0,00 $;94,32 $;0,00 $;240,00;290,00 $;895,00 $;800,68 $;0,07%;
17/05/2022;1;3739,72 $;-50,68 $;0,00 $;-50,68 $;5,68 $;-5545,44 $;-50,68 $;0,00%;-50,68 $;0,00 $;-50,68 $;0,00 $;-50,68 $;0,00;60,00 $;25,00 $;75,68 $;0,07%;
19/05/2022;1;4049,04 $;309,32 $;309,32 $;0,00 $;5,68 $;-5236,12 $;0,00 $;100,00%;309,32 $;309,32 $;0,00 $;309,32 $;0,00 $;240,00;60,00 $;1275,00 $;965,68 $;0,07%;
20/05/2022;1;4078,36 $;29,32 $;29,32 $;0,00 $;5,68 $;-5206,80 $;0,00 $;100,00%;29,32 $;29,32 $;0,00 $;29,32 $;0,00 $;0,00;10,00 $;150,00 $;120,68 $;0,07%;
23/05/2022;1;3922,68 $;-155,68 $;0,00 $;-155,68 $;5,68 $;-5362,48 $;-155,68 $;0,00%;-155,68 $;0,00 $;-155,68 $;0,00 $;-155,68 $;240,00;580,00 $;395,00 $;550,68 $;0,07%;
24/05/2022;1;4927,00 $;1004,32 $;1004,32 $;0,00 $;5,68 $;-4358,16 $;0,00 $;100,00%;1004,32 $;1004,32 $;0,00 $;1004,32 $;0,00 $;150,00;205,00 $;1110,00 $;105,68 $;0,07%;
25/05/2022;2;5840,64 $;913,64 $;913,64 $;0,00 $;11,36 $;-3523,84 $;0,00 $;100,00%;456,82 $;456,82 $;0,00 $;834,32 $;0,00 $;240,00;382,50 $;625,00 $;168,18 $;0,14%;
26/05/2022;1;5924,96 $;84,32 $;84,32 $;0,00 $;5,68 $;-3360,20 $;0,00 $;100,00%;84,32 $;84,32 $;0,00 $;84,32 $;0,00 $;240,00;185,00 $;575,00 $;490,68 $;0,07%;
30/05/2022;1;5789,28 $;-135,68 $;0,00 $;-135,68 $;5,68 $;-3495,88 $;-135,68 $;0,00%;-135,68 $;0,00 $;-135,68 $;0,00 $;-135,68 $;30,00;195,00 $;110,00 $;245,68 $;0,07%;
31/05/2022;1;5443,60 $;-345,68 $;0,00 $;-345,68 $;5,68 $;-3841,56 $;-345,68 $;0,00%;-345,68 $;0,00 $;-345,68 $;0,00 $;-345,68 $;210,00;955,00 $;440,00 $;785,68 $;0,07%;
02/06/2022;1;5847,92 $;404,32 $;404,32 $;0,00 $;5,68 $;-3437,24 $;0,00 $;100,00%;404,32 $;404,32 $;0,00 $;404,32 $;0,00 $;210,00;200,00 $;470,00 $;65,68 $;0,07%;
06/06/2022;1;6032,24 $;184,32 $;184,32 $;0,00 $;5,68 $;-3252,92 $;0,00 $;100,00%;184,32 $;184,32 $;0,00 $;184,32 $;0,00 $;150,00;235,00 $;560,00 $;375,68 $;0,07%;
07/06/2022;1;6786,56 $;754,32 $;754,32 $;0,00 $;5,68 $;-2498,60 $;0,00 $;100,00%;754,32 $;754,32 $;0,00 $;754,32 $;0,00 $;240,00;365,00 $;810,00 $;55,68 $;0,07%;
08/06/2022;1;5725,88 $;-1060,68 $;0,00 $;-1060,68 $;5,68 $;-3559,28 $;-1060,68 $;0,00%;-1060,68 $;0,00 $;-1060,68 $;0,00 $;-1060,68 $;240,00;1540,00 $;180,00 $;1240,68 $;0,07%;
10/06/2022;1;6305,20 $;579,32 $;579,32 $;0,00 $;5,68 $;-2979,96 $;0,00 $;100,00%;579,32 $;579,32 $;0,00 $;579,32 $;0,00 $;210,00;175,00 $;995,00 $;415,68 $;0,07%;
13/06/2022;1;6074,52 $;-230,68 $;0,00 $;-230,68 $;5,68 $;-3210,64 $;-230,68 $;0,00%;-230,68 $;0,00 $;-230,68 $;0,00 $;-230,68 $;150,00;755,00 $;750,00 $;980,68 $;0,07%;
14/06/2022;1;6178,84 $;104,32 $;104,32 $;0,00 $;5,68 $;-3106,32 $;0,00 $;100,00%;104,32 $;104,32 $;0,00 $;104,32 $;0,00 $;90,00;795,00 $;375,00 $;270,68 $;0,07%;
15/06/2022;2;7157,48 $;978,64 $;978,64 $;0,00 $;11,36 $;-2187,00 $;0,00 $;100,00%;489,32 $;489,32 $;0,00 $;919,32 $;0,00 $;240,00;735,00 $;692,50 $;203,18 $;0,14%;
16/06/2022;1;6631,80 $;-525,68 $;0,00 $;-525,68 $;5,68 $;-2653,36 $;-525,68 $;0,00%;-525,68 $;0,00 $;-525,68 $;0,00 $;-525,68 $;240,00;1165,00 $;225,00 $;750,68 $;0,07%;
21/06/2022;1;6506,12 $;-125,68 $;0,00 $;-125,68 $;5,68 $;-2779,04 $;-125,68 $;0,00%;-125,68 $;0,00 $;-125,68 $;0,00 $;-125,68 $;240,00;505,00 $;200,00 $;325,68 $;0,07%;
22/06/2022;1;6315,44 $;-190,68 $;0,00 $;-190,68 $;5,68 $;-2969,72 $;-190,68 $;0,00%;-190,68 $;0,00 $;-190,68 $;0,00 $;-190,68 $;240,00;625,00 $;475,00 $;665,68 $;0,07%;
23/06/2022;1;7124,76 $;809,32 $;809,32 $;0,00 $;5,68 $;-2160,40 $;0,00 $;100,00%;809,32 $;809,32 $;0,00 $;809,32 $;0,00 $;210,00;715,00 $;1135,00 $;325,68 $;0,07%;
24/06/2022;1;7289,08 $;164,32 $;164,32 $;0,00 $;5,68 $;-1996,08 $;0,00 $;100,00%;164,32 $;164,32 $;0,00 $;164,32 $;0,00 $;240,00;100,00 $;175,00 $;10,68 $;0,07%;
27/06/2022;1;7493,40 $;204,32 $;204,32 $;0,00 $;5,68 $;-1791,76 $;0,00 $;100,00%;204,32 $;204,32 $;0,00 $;204,32 $;0,00 $;210,00;150,00 $;500,00 $;295,68 $;0,07%;
28/06/2022;1;6882,72 $;-610,68 $;0,00 $;-610,68 $;5,68 $;-2402,44 $;-610,68 $;0,00%;-610,68 $;0,00 $;-610,68 $;0,00 $;-610,68 $;150,00;720,00 $;70,00 $;680,68 $;0,07%;
29/06/2022;1;7517,04 $;634,32 $;634,32 $;0,00 $;5,68 $;-1768,12 $;0,00 $;100,00%;634,32 $;634,32 $;0,00 $;634,32 $;0,00 $;240,00;135,00 $;755,00 $;120,68 $;0,07%;
30/06/2022;1;6636,36 $;-880,68 $;0,00 $;-880,68 $;5,68 $;-2648,80 $;-880,68 $;0,00%;-880,68 $;0,00 $;-880,68 $;0,00 $;-880,68 $;210,00;1370,00 $;200,00 $;1080,68 $;0,07%;
01/07/2022;1;7450,68 $;814,32 $;814,32 $;0,00 $;5,68 $;-1834,48 $;0,00 $;100,00%;814,32 $;814,32 $;0,00 $;814,32 $;0,00 $;240,00;650,00 $;900,00 $;85,68 $;0,07%;
05/07/2022;1;9205,00 $;1754,32 $;1754,32 $;0,00 $;5,68 $;-80,16 $;0,00 $;100,00%;1754,32 $;1754,32 $;0,00 $;1754,32 $;0,00 $;240,00;145,00 $;1825,00 $;70,68 $;0,07%;
06/07/2022;1;9339,32 $;134,32 $;134,32 $;0,00 $;5,68 $;0,00 $;0,00 $;100,00%;134,32 $;134,32 $;0,00 $;134,32 $;0,00 $;90,00;240,00 $;545,00 $;410,68 $;0,07%;
07/07/2022;1;9228,64 $;-110,68 $;0,00 $;-110,68 $;5,68 $;-110,68 $;-110,68 $;0,00%;-110,68 $;0,00 $;-110,68 $;0,00 $;-110,68 $;150,00;165,00 $;215,00 $;325,68 $;0,07%;
08/07/2022;1;8847,96 $;-380,68 $;0,00 $;-380,68 $;5,68 $;-491,36 $;-380,68 $;0,00%;-380,68 $;0,00 $;-380,68 $;0,00 $;-380,68 $;240,00;1295,00 $;70,00 $;450,68 $;0,07%;
11/07/2022;1;8922,28 $;74,32 $;74,32 $;0,00 $;5,68 $;-417,04 $;0,00 $;100,00%;74,32 $;74,32 $;0,00 $;74,32 $;0,00 $;210,00;295,00 $;635,00 $;560,68 $;0,07%;
12/07/2022;1;8211,60 $;-710,68 $;0,00 $;-710,68 $;5,68 $;-1127,72 $;-710,68 $;0,00%;-710,68 $;0,00 $;-710,68 $;0,00 $;-710,68 $;210,00;1185,00 $;230,00 $;940,68 $;0,07%;
13/07/2022;1;8065,92 $;-145,68 $;0,00 $;-145,68 $;5,68 $;-1273,40 $;-145,68 $;0,00%;-145,68 $;0,00 $;-145,68 $;0,00 $;-145,68 $;210,00;145,00 $;530,00 $;675,68 $;0,07%;
14/07/2022;1;9080,24 $;1014,32 $;1014,32 $;0,00 $;5,68 $;-259,08 $;0,00 $;100,00%;1014,32 $;1014,32 $;0,00 $;1014,32 $;0,00 $;240,00;285,00 $;1140,00 $;125,68 $;0,07%;
15/07/2022;1;9639,56 $;559,32 $;559,32 $;0,00 $;5,68 $;0,00 $;0,00 $;100,00%;559,32 $;559,32 $;0,00 $;559,32 $;0,00 $;240,00;70,00 $;760,00 $;200,68 $;0,07%;
18/07/2022;1;8078,88 $;-1560,68 $;0,00 $;-1560,68 $;5,68 $;-1560,68 $;-1560,68 $;0,00%;-1560,68 $;0,00 $;-1560,68 $;0,00 $;-1560,68 $;240,00;1560,00 $;130,00 $;1690,68 $;0,07%;
19/07/2022;1;8483,20 $;404,32 $;404,32 $;0,00 $;5,68 $;-1156,36 $;0,00 $;100,00%;404,32 $;404,32 $;0,00 $;404,32 $;0,00 $;240,00;5,00 $;625,00 $;220,68 $;0,07%;
20/07/2022;1;8602,52 $;119,32 $;119,32 $;0,00 $;5,68 $;-1037,04 $;0,00 $;100,00%;119,32 $;119,32 $;0,00 $;119,32 $;0,00 $;210,00;715,00 $;535,00 $;415,68 $;0,07%;
21/07/2022;1;9011,84 $;409,32 $;409,32 $;0,00 $;5,68 $;-627,72 $;0,00 $;100,00%;409,32 $;409,32 $;0,00 $;409,32 $;0,00 $;240,00;130,00 $;515,00 $;105,68 $;0,07%;
22/07/2022;1;7631,16 $;-1380,68 $;0,00 $;-1380,68 $;5,68 $;-2008,40 $;-1380,68 $;0,00%;-1380,68 $;0,00 $;-1380,68 $;0,00 $;-1380,68 $;240,00;1550,00 $;295,00 $;1675,68 $;0,07%;
26/07/2022;1;7660,48 $;29,32 $;29,32 $;0,00 $;5,68 $;-1979,08 $;0,00 $;100,00%;29,32 $;29,32 $;0,00 $;29,32 $;0,00 $;210,00;175,00 $;425,00 $;395,68 $;0,07%;
27/07/2022;1;8829,80 $;1169,32 $;1169,32 $;0,00 $;5,68 $;-809,76 $;0,00 $;100,00%;1169,32 $;1169,32 $;0,00 $;1169,32 $;0,00 $;210,00;330,00 $;1600,00 $;430,68 $;0,07%;
29/07/2022;2;9538,44 $;708,64 $;739,32 $;-30,68 $;11,36 $;-101,12 $;-30,68 $;50,00%;354,32 $;739,32 $;-30,68 $;739,32 $;-30,68 $;270,00;92,50 $;397,50 $;43,18 $;0,14%;
01/08/2022;1;9782,76 $;244,32 $;244,32 $;0,00 $;5,68 $;0,00 $;0,00 $;100,00%;244,32 $;244,32 $;0,00 $;244,32 $;0,00 $;240,00;265,00 $;700,00 $;455,68 $;0,07%;
02/08/2022;1;8937,08 $;-845,68 $;0,00 $;-845,68 $;5,68 $;-845,68 $;-845,68 $;0,00%;-845,68 $;0,00 $;-845,68 $;0,00 $;-845,68 $;210,00;875,00 $;215,00 $;1060,68 $;0,07%;
03/08/2022;1;8891,40 $;-45,68 $;0,00 $;-45,68 $;5,68 $;-891,36 $;-45,68 $;0,00%;-45,68 $;0,00 $;-45,68 $;0,00 $;-45,68 $;150,00;130,00 $;245,00 $;290,68 $;0,07%;
04/08/2022;1;9235,72 $;344,32 $;344,32 $;0,00 $;5,68 $;-547,04 $;0,00 $;100,00%;344,32 $;344,32 $;0,00 $;344,32 $;0,00 $;240,00;275,00 $;470,00 $;125,68 $;0,07%;
05/08/2022;1;10300,04 $;1064,32 $;1064,32 $;0,00 $;5,68 $;0,00 $;0,00 $;100,00%;1064,32 $;1064,32 $;0,00 $;1064,32 $;0,00 $;240,00;30,00 $;1270,00 $;205,68 $;0,07%;
08/08/2022;1;9729,36 $;-570,68 $;0,00 $;-570,68 $;5,68 $;-570,68 $;-570,68 $;0,00%;-570,68 $;0,00 $;-570,68 $;0,00 $;-570,68 $;240,00;985,00 $;30,00 $;600,68 $;0,07%;
09/08/2022;1;9368,68 $;-360,68 $;0,00 $;-360,68 $;5,68 $;-931,36 $;-360,68 $;0,00%;-360,68 $;0,00 $;-360,68 $;0,00 $;-360,68 $;240,00;635,00 $;5,00 $;365,68 $;0,07%;
10/08/2022;1;9668,00 $;299,32 $;299,32 $;0,00 $;5,68 $;-632,04 $;0,00 $;100,00%;299,32 $;299,32 $;0,00 $;299,32 $;0,00 $;240,00;275,00 $;325,00 $;25,68 $;0,07%;
11/08/2022;1;9057,32 $;-610,68 $;0,00 $;-610,68 $;5,68 $;-1242,72 $;-610,68 $;0,00%;-610,68 $;0,00 $;-610,68 $;0,00 $;-610,68 $;240,00;795,00 $;40,00 $;650,68 $;0,07%;
12/08/2022;1;9451,64 $;394,32 $;394,32 $;0,00 $;5,68 $;-848,40 $;0,00 $;100,00%;394,32 $;394,32 $;0,00 $;394,32 $;0,00 $;210,00;135,00 $;475,00 $;80,68 $;0,07%;
15/08/2022;1;9740,96 $;289,32 $;289,32 $;0,00 $;5,68 $;-559,08 $;0,00 $;100,00%;289,32 $;289,32 $;0,00 $;289,32 $;0,00 $;210,00;210,00 $;400,00 $;110,68 $;0,07%;
16/08/2022;1;10030,28 $;289,32 $;289,32 $;0,00 $;5,68 $;-269,76 $;0,00 $;100,00%;289,32 $;289,32 $;0,00 $;289,32 $;0,00 $;240,00;40,00 $;830,00 $;540,68 $;0,07%;
17/08/2022;1;9999,60 $;-30,68 $;0,00 $;-30,68 $;5,68 $;-300,44 $;-30,68 $;0,00%;-30,68 $;0,00 $;-30,68 $;0,00 $;-30,68 $;30,00;260,00 $;35,00 $;65,68 $;0,07%;
18/08/2022;1;10563,92 $;564,32 $;564,32 $;0,00 $;5,68 $;0,00 $;0,00 $;100,00%;564,32 $;564,32 $;0,00 $;564,32 $;0,00 $;210,00;200,00 $;770,00 $;205,68 $;0,07%;
22/08/2022;1;10718,24 $;154,32 $;154,32 $;0,00 $;5,68 $;0,00 $;0,00 $;100,00%;154,32 $;154,32 $;0,00 $;154,32 $;0,00 $;150,00;270,00 $;200,00 $;45,68 $;0,07%;
23/08/2022;1;10692,56 $;-25,68 $;0,00 $;-25,68 $;5,68 $;-25,68 $;-25,68 $;0,00%;-25,68 $;0,00 $;-25,68 $;0,00 $;-25,68 $;240,00;570,00 $;165,00 $;190,68 $;0,07%;
24/08/2022;1;10436,88 $;-255,68 $;0,00 $;-255,68 $;5,68 $;-281,36 $;-255,68 $;0,00%;-255,68 $;0,00 $;-255,68 $;0,00 $;-255,68 $;240,00;635,00 $;65,00 $;320,68 $;0,07%;
25/08/2022;1;10706,20 $;269,32 $;269,32 $;0,00 $;5,68 $;-12,04 $;0,00 $;100,00%;269,32 $;269,32 $;0,00 $;269,32 $;0,00 $;240,00;240,00 $;300,00 $;30,68 $;0,07%;
29/08/2022;1;10710,52 $;4,32 $;4,32 $;0,00 $;5,68 $;-7,72 $;0,00 $;100,00%;4,32 $;4,32 $;0,00 $;4,32 $;0,00 $;240,00;240,00 $;655,00 $;650,68 $;0,07%;
30/08/2022;1;10659,84 $;-50,68 $;0,00 $;-50,68 $;5,68 $;-58,40 $;-50,68 $;0,00%;-50,68 $;0,00 $;-50,68 $;0,00 $;-50,68 $;210,00;610,00 $;200,00 $;250,68 $;0,07%;
31/08/2022;1;10154,16 $;-505,68 $;0,00 $;-505,68 $;5,68 $;-564,08 $;-505,68 $;0,00%;-505,68 $;0,00 $;-505,68 $;0,00 $;-505,68 $;210,00;660,00 $;70,00 $;575,68 $;0,07%;
02/09/2022;1;8463,48 $;-1690,68 $;0,00 $;-1690,68 $;5,68 $;-2254,76 $;-1690,68 $;0,00%;-1690,68 $;0,00 $;-1690,68 $;0,00 $;-1690,68 $;240,00;1855,00 $;265,00 $;1955,68 $;0,07%;
07/09/2022;1;9757,80 $;1294,32 $;1294,32 $;0,00 $;5,68 $;-960,44 $;0,00 $;100,00%;1294,32 $;1294,32 $;0,00 $;1294,32 $;0,00 $;240,00;275,00 $;1315,00 $;20,68 $;0,07%;
08/09/2022;1;9837,12 $;79,32 $;79,32 $;0,00 $;5,68 $;-881,12 $;0,00 $;100,00%;79,32 $;79,32 $;0,00 $;79,32 $;0,00 $;240,00;1005,00 $;165,00 $;85,68 $;0,07%;
09/09/2022;1;10166,44 $;329,32 $;329,32 $;0,00 $;5,68 $;-551,80 $;0,00 $;100,00%;329,32 $;329,32 $;0,00 $;329,32 $;0,00 $;240,00;265,00 $;440,00 $;110,68 $;0,07%;
12/09/2022;1;10245,76 $;79,32 $;79,32 $;0,00 $;5,68 $;-472,48 $;0,00 $;100,00%;79,32 $;79,32 $;0,00 $;79,32 $;0,00 $;240,00;595,00 $;240,00 $;160,68 $;0,07%;
13/09/2022;1;9470,08 $;-775,68 $;0,00 $;-775,68 $;5,68 $;-1248,16 $;-775,68 $;0,00%;-775,68 $;0,00 $;-775,68 $;0,00 $;-775,68 $;240,00;775,00 $;375,00 $;1150,68 $;0,07%;
14/09/2022;1;9899,40 $;429,32 $;429,32 $;0,00 $;5,68 $;-818,84 $;0,00 $;100,00%;429,32 $;429,32 $;0,00 $;429,32 $;0,00 $;210,00;750,00 $;450,00 $;20,68 $;0,07%;
15/09/2022;1;9138,72 $;-760,68 $;0,00 $;-760,68 $;5,68 $;-1579,52 $;-760,68 $;0,00%;-760,68 $;0,00 $;-760,68 $;0,00 $;-760,68 $;240,00;845,00 $;750,00 $;1510,68 $;0,07%;
16/09/2022;1;9003,04 $;-135,68 $;0,00 $;-135,68 $;5,68 $;-1715,20 $;-135,68 $;0,00%;-135,68 $;0,00 $;-135,68 $;0,00 $;-135,68 $;240,00;705,00 $;190,00 $;325,68 $;0,07%;
19/09/2022;2;9901,68 $;898,64 $;898,64 $;0,00 $;11,36 $;-875,88 $;0,00 $;100,00%;449,32 $;449,32 $;0,00 $;839,32 $;0,00 $;240,00;105,00 $;550,00 $;100,68 $;0,14%;
20/09/2022;2;9940,32 $;38,64 $;104,32 $;-65,68 $;11,36 $;-882,24 $;-65,68 $;50,00%;19,32 $;104,32 $;-65,68 $;104,32 $;-65,68 $;240,00;417,50 $;225,00 $;205,68 $;0,14%;
21/09/2022;1;10054,64 $;114,32 $;114,32 $;0,00 $;5,68 $;-663,60 $;0,00 $;100,00%;114,32 $;114,32 $;0,00 $;114,32 $;0,00 $;0,00;15,00 $;160,00 $;45,68 $;0,07%;
22/09/2022;1;10068,96 $;14,32 $;14,32 $;0,00 $;5,68 $;-649,28 $;0,00 $;100,00%;14,32 $;14,32 $;0,00 $;14,32 $;0,00 $;240,00;555,00 $;250,00 $;235,68 $;0,07%;
23/09/2022;1;10078,28 $;9,32 $;9,32 $;0,00 $;5,68 $;-639,96 $;0,00 $;100,00%;9,32 $;9,32 $;0,00 $;9,32 $;0,00 $;0,00;40,00 $;60,00 $;50,68 $;0,07%;
26/09/2022;2;9576,92 $;-501,36 $;49,32 $;-550,68 $;11,36 $;-1190,64 $;-550,68 $;50,00%;-250,68 $;49,32 $;-550,68 $;49,32 $;-550,68 $;270,00;605,00 $;145,00 $;395,68 $;0,14%;
28/09/2022;1;10516,24 $;939,32 $;939,32 $;0,00 $;5,68 $;-202,00 $;0,00 $;100,00%;939,32 $;939,32 $;0,00 $;939,32 $;0,00 $;240,00;275,00 $;1000,00 $;60,68 $;0,07%;
29/09/2022;1;10985,56 $;469,32 $;469,32 $;0,00 $;5,68 $;0,00 $;0,00 $;100,00%;469,32 $;469,32 $;0,00 $;469,32 $;0,00 $;210,00;540,00 $;550,00 $;80,68 $;0,07%;
03/10/2022;1;11524,88 $;539,32 $;539,32 $;0,00 $;5,68 $;0,00 $;0,00 $;100,00%;539,32 $;539,32 $;0,00 $;539,32 $;0,00 $;240,00;555,00 $;650,00 $;110,68 $;0,07%;
04/10/2022;2;11078,52 $;-446,36 $;0,00 $;-446,36 $;11,36 $;-446,36 $;-446,36 $;0,00%;-223,18 $;0,00 $;-223,18 $;0,00 $;-390,68 $;270,00;500,00 $;15,00 $;238,18 $;0,14%;
05/10/2022;1;12052,84 $;974,32 $;974,32 $;0,00 $;5,68 $;0,00 $;0,00 $;100,00%;974,32 $;974,32 $;0,00 $;974,32 $;0,00 $;210,00;80,00 $;1165,00 $;190,68 $;0,07%;
06/10/2022;1;11722,16 $;-330,68 $;0,00 $;-330,68 $;5,68 $;-330,68 $;-330,68 $;0,00%;-330,68 $;0,00 $;-330,68 $;0,00 $;-330,68 $;210,00;555,00 $;250,00 $;580,68 $;0,07%;
07/10/2022;1;11206,48 $;-515,68 $;0,00 $;-515,68 $;5,68 $;-846,36 $;-515,68 $;0,00%;-515,68 $;0,00 $;-515,68 $;0,00 $;-515,68 $;210,00;775,00 $;0,00 $;515,68 $;0,07%;
10/10/2022;1;11400,80 $;194,32 $;194,32 $;0,00 $;5,68 $;-652,04 $;0,00 $;100,00%;194,32 $;194,32 $;0,00 $;194,32 $;0,00 $;150,00;25,00 $;995,00 $;800,68 $;0,07%;
11/10/2022;1;10815,12 $;-585,68 $;0,00 $;-585,68 $;5,68 $;-1237,72 $;-585,68 $;0,00%;-585,68 $;0,00 $;-585,68 $;0,00 $;-585,68 $;210,00;1600,00 $;455,00 $;1040,68 $;0,07%;
12/10/2022;1;10699,44 $;-115,68 $;0,00 $;-115,68 $;5,68 $;-1353,40 $;-115,68 $;0,00%;-115,68 $;0,00 $;-115,68 $;0,00 $;-115,68 $;30,00;365,00 $;80,00 $;195,68 $;0,07%;
13/10/2022;1;12063,76 $;1364,32 $;1364,32 $;0,00 $;5,68 $;0,00 $;0,00 $;100,00%;1364,32 $;1364,32 $;0,00 $;1364,32 $;0,00 $;240,00;150,00 $;1780,00 $;415,68 $;0,07%;
17/10/2022;1;11868,08 $;-195,68 $;0,00 $;-195,68 $;5,68 $;-195,68 $;-195,68 $;0,00%;-195,68 $;0,00 $;-195,68 $;0,00 $;-195,68 $;240,00;465,00 $;245,00 $;440,68 $;0,07%;
18/10/2022;1;12182,40 $;314,32 $;314,32 $;0,00 $;5,68 $;0,00 $;0,00 $;100,00%;314,32 $;314,32 $;0,00 $;314,32 $;0,00 $;150,00;910,00 $;450,00 $;135,68 $;0,07%;
19/10/2022;1;11471,72 $;-710,68 $;0,00 $;-710,68 $;5,68 $;-710,68 $;-710,68 $;0,00%;-710,68 $;0,00 $;-710,68 $;0,00 $;-710,68 $;240,00;1300,00 $;145,00 $;855,68 $;0,07%;
20/10/2022;1;9551,04 $;-1920,68 $;0,00 $;-1920,68 $;5,68 $;-2631,36 $;-1920,68 $;0,00%;-1920,68 $;0,00 $;-1920,68 $;0,00 $;-1920,68 $;240,00;2055,00 $;330,00 $;2250,68 $;0,07%;
21/10/2022;2;11204,68 $;1653,64 $;1689,32 $;-35,68 $;11,36 $;-977,72 $;-35,68 $;50,00%;826,82 $;1689,32 $;-35,68 $;1689,32 $;-35,68 $;270,00;45,00 $;875,00 $;48,18 $;0,14%;
24/10/2022;1;11759,00 $;554,32 $;554,32 $;0,00 $;5,68 $;-423,40 $;0,00 $;100,00%;554,32 $;554,32 $;0,00 $;554,32 $;0,00 $;240,00;170,00 $;665,00 $;110,68 $;0,07%;
25/10/2022;1;12043,32 $;284,32 $;284,32 $;0,00 $;5,68 $;-139,08 $;0,00 $;100,00%;284,32 $;284,32 $;0,00 $;284,32 $;0,00 $;240,00;280,00 $;510,00 $;225,68 $;0,07%;
26/10/2022;1;10822,64 $;-1220,68 $;0,00 $;-1220,68 $;5,68 $;-1359,76 $;-1220,68 $;0,00%;-1220,68 $;0,00 $;-1220,68 $;0,00 $;-1220,68 $;240,00;1390,00 $;245,00 $;1465,68 $;0,07%;
27/10/2022;1;9846,96 $;-975,68 $;0,00 $;-975,68 $;5,68 $;-2335,44 $;-975,68 $;0,00%;-975,68 $;0,00 $;-975,68 $;0,00 $;-975,68 $;240,00;1235,00 $;305,00 $;1280,68 $;0,07%;
31/10/2022;1;10036,28 $;189,32 $;189,32 $;0,00 $;5,68 $;-2146,12 $;0,00 $;100,00%;189,32 $;189,32 $;0,00 $;189,32 $;0,00 $;240,00;270,00 $;450,00 $;260,68 $;0,07%;
01/11/2022;1;9795,60 $;-240,68 $;0,00 $;-240,68 $;5,68 $;-2386,80 $;-240,68 $;0,00%;-240,68 $;0,00 $;-240,68 $;0,00 $;-240,68 $;210,00;300,00 $;675,00 $;915,68 $;0,07%;
02/11/2022;1;9549,92 $;-245,68 $;0,00 $;-245,68 $;5,68 $;-2632,48 $;-245,68 $;0,00%;-245,68 $;0,00 $;-245,68 $;0,00 $;-245,68 $;30,00;475,00 $;320,00 $;565,68 $;0,07%;
04/11/2022;2;9353,56 $;-196,36 $;0,00 $;-196,36 $;11,36 $;-2828,84 $;-196,36 $;0,00%;-98,18 $;0,00 $;-98,18 $;0,00 $;-130,68 $;270,00;692,50 $;85,00 $;183,18 $;0,14%;
08/11/2022;2;8337,20 $;-1016,36 $;0,00 $;-1016,36 $;11,36 $;-3845,20 $;-1016,36 $;0,00%;-508,18 $;0,00 $;-508,18 $;0,00 $;-1000,68 $;270,00;1052,50 $;165,00 $;673,18 $;0,14%;
09/11/2022;1;7036,52 $;-1300,68 $;0,00 $;-1300,68 $;5,68 $;-5145,88 $;-1300,68 $;0,00%;-1300,68 $;0,00 $;-1300,68 $;0,00 $;-1300,68 $;240,00;1360,00 $;290,00 $;1590,68 $;0,07%;
10/11/2022;1;7235,84 $;199,32 $;199,32 $;0,00 $;5,68 $;-4946,56 $;0,00 $;100,00%;199,32 $;199,32 $;0,00 $;199,32 $;0,00 $;240,00;790,00 $;275,00 $;75,68 $;0,07%;
11/11/2022;1;7725,16 $;489,32 $;489,32 $;0,00 $;5,68 $;-4457,24 $;0,00 $;100,00%;489,32 $;489,32 $;0,00 $;489,32 $;0,00 $;240,00;110,00 $;970,00 $;480,68 $;0,07%;
14/11/2022;1;8064,48 $;339,32 $;339,32 $;0,00 $;5,68 $;-4117,92 $;0,00 $;100,00%;339,32 $;339,32 $;0,00 $;339,32 $;0,00 $;240,00;70,00 $;1145,00 $;805,68 $;0,07%;
15/11/2022;1;7433,80 $;-630,68 $;0,00 $;-630,68 $;5,68 $;-4748,60 $;-630,68 $;0,00%;-630,68 $;0,00 $;-630,68 $;0,00 $;-630,68 $;210,00;1310,00 $;180,00 $;810,68 $;0,07%;
17/11/2022;1;7618,12 $;184,32 $;184,32 $;0,00 $;5,68 $;-4564,28 $;0,00 $;100,00%;184,32 $;184,32 $;0,00 $;184,32 $;0,00 $;240,00;260,00 $;890,00 $;705,68 $;0,07%;
21/11/2022;1;7817,44 $;199,32 $;199,32 $;0,00 $;5,68 $;-4364,96 $;0,00 $;100,00%;199,32 $;199,32 $;0,00 $;199,32 $;0,00 $;90,00;150,00 $;315,00 $;115,68 $;0,07%;
22/11/2022;1;8361,76 $;544,32 $;544,32 $;0,00 $;5,68 $;-3820,64 $;0,00 $;100,00%;544,32 $;544,32 $;0,00 $;544,32 $;0,00 $;240,00;180,00 $;570,00 $;25,68 $;0,07%;
23/11/2022;1;8361,08 $;-0,68 $;0,00 $;-0,68 $;5,68 $;-3821,32 $;-0,68 $;0,00%;-0,68 $;0,00 $;-0,68 $;0,00 $;-0,68 $;240,00;835,00 $;305,00 $;305,68 $;0,07%;
25/11/2022;1;8335,40 $;-25,68 $;0,00 $;-25,68 $;5,68 $;-3847,00 $;-25,68 $;0,00%;-25,68 $;0,00 $;-25,68 $;0,00 $;-25,68 $;45,00;185,00 $;195,00 $;220,68 $;0,07%;
28/11/2022;1;7234,72 $;-1100,68 $;0,00 $;-1100,68 $;5,68 $;-4947,68 $;-1100,68 $;0,00%;-1100,68 $;0,00 $;-1100,68 $;0,00 $;-1100,68 $;240,00;1105,00 $;250,00 $;1350,68 $;0,07%;
29/11/2022;1;7359,04 $;124,32 $;124,32 $;0,00 $;5,68 $;-4823,36 $;0,00 $;100,00%;124,32 $;124,32 $;0,00 $;124,32 $;0,00 $;240,00;50,00 $;455,00 $;330,68 $;0,07%;
30/11/2022;1;10828,36 $;3469,32 $;3469,32 $;0,00 $;5,68 $;-1354,04 $;0,00 $;100,00%;3469,32 $;3469,32 $;0,00 $;3469,32 $;0,00 $;210,00;155,00 $;3480,00 $;10,68 $;0,07%;
02/12/2022;1;11037,68 $;209,32 $;209,32 $;0,00 $;5,68 $;-1144,72 $;0,00 $;100,00%;209,32 $;209,32 $;0,00 $;209,32 $;0,00 $;210,00;335,00 $;745,00 $;535,68 $;0,07%;
06/12/2022;1;10757,00 $;-280,68 $;0,00 $;-280,68 $;5,68 $;-1425,40 $;-280,68 $;0,00%;-280,68 $;0,00 $;-280,68 $;0,00 $;-280,68 $;210,00;775,00 $;25,00 $;305,68 $;0,07%;
07/12/2022;1;10631,32 $;-125,68 $;0,00 $;-125,68 $;5,68 $;-1551,08 $;-125,68 $;0,00%;-125,68 $;0,00 $;-125,68 $;0,00 $;-125,68 $;240,00;330,00 $;380,00 $;505,68 $;0,07%;
08/12/2022;1;10290,64 $;-340,68 $;0,00 $;-340,68 $;5,68 $;-1891,76 $;-340,68 $;0,00%;-340,68 $;0,00 $;-340,68 $;0,00 $;-340,68 $;240,00;585,00 $;215,00 $;555,68 $;0,07%;
09/12/2022;1;9569,96 $;-720,68 $;0,00 $;-720,68 $;5,68 $;-2612,44 $;-720,68 $;0,00%;-720,68 $;0,00 $;-720,68 $;0,00 $;-720,68 $;210,00;760,00 $;285,00 $;1005,68 $;0,07%;
12/12/2022;2;9933,60 $;363,64 $;404,32 $;-40,68 $;11,36 $;-2248,80 $;-40,68 $;50,00%;181,82 $;404,32 $;-40,68 $;404,32 $;-40,68 $;270,00;105,00 $;215,00 $;33,18 $;0,14%;
13/12/2022;1;10142,92 $;209,32 $;209,32 $;0,00 $;5,68 $;-2039,48 $;0,00 $;100,00%;209,32 $;209,32 $;0,00 $;209,32 $;0,00 $;210,00;390,00 $;690,00 $;480,68 $;0,07%;
14/12/2022;1;10227,24 $;84,32 $;84,32 $;0,00 $;5,68 $;-1955,16 $;0,00 $;100,00%;84,32 $;84,32 $;0,00 $;84,32 $;0,00 $;0,00;25,00 $;170,00 $;85,68 $;0,07%;
16/12/2022;1;10511,56 $;284,32 $;284,32 $;0,00 $;5,68 $;-1670,84 $;0,00 $;100,00%;284,32 $;284,32 $;0,00 $;284,32 $;0,00 $;240,00;415,00 $;430,00 $;145,68 $;0,07%;
19/12/2022;1;9720,88 $;-790,68 $;0,00 $;-790,68 $;5,68 $;-2461,52 $;-790,68 $;0,00%;-790,68 $;0,00 $;-790,68 $;0,00 $;-790,68 $;240,00;955,00 $;20,00 $;810,68 $;0,07%;
20/12/2022;1;9905,20 $;184,32 $;184,32 $;0,00 $;5,68 $;-2277,20 $;0,00 $;100,00%;184,32 $;184,32 $;0,00 $;184,32 $;0,00 $;240,00;20,00 $;555,00 $;370,68 $;0,07%;
21/12/2022;1;9294,52 $;-610,68 $;0,00 $;-610,68 $;5,68 $;-2887,88 $;-610,68 $;0,00%;-610,68 $;0,00 $;-610,68 $;0,00 $;-610,68 $;240,00;615,00 $;55,00 $;665,68 $;0,07%;
22/12/2022;1;9373,84 $;79,32 $;79,32 $;0,00 $;5,68 $;-2808,56 $;0,00 $;100,00%;79,32 $;79,32 $;0,00 $;79,32 $;0,00 $;0,00;30,00 $;85,00 $;5,68 $;0,07%;
23/12/2022;1;9678,16 $;304,32 $;304,32 $;0,00 $;5,68 $;-2504,24 $;0,00 $;100,00%;304,32 $;304,32 $;0,00 $;304,32 $;0,00 $;240,00;80,00 $;530,00 $;225,68 $;0,07%;
27/12/2022;1;9292,48 $;-385,68 $;0,00 $;-385,68 $;5,68 $;-2889,92 $;-385,68 $;0,00%;-385,68 $;0,00 $;-385,68 $;0,00 $;-385,68 $;240,00;725,00 $;165,00 $;550,68 $;0,07%;
28/12/2022;1;9111,80 $;-180,68 $;0,00 $;-180,68 $;5,68 $;-3070,60 $;-180,68 $;0,00%;-180,68 $;0,00 $;-180,68 $;0,00 $;-180,68 $;90,00;375,00 $;235,00 $;415,68 $;0,07%;
29/12/2022;1;9231,12 $;119,32 $;119,32 $;0,00 $;5,68 $;-2951,28 $;0,00 $;100,00%;119,32 $;119,32 $;0,00 $;119,32 $;0,00 $;240,00;0,00 $;505,00 $;385,68 $;0,07%;
30/12/2022;1;9780,44 $;549,32 $;549,32 $;0,00 $;5,68 $;-2401,96 $;0,00 $;100,00%;549,32 $;549,32 $;0,00 $;549,32 $;0,00 $;210,00;545,00 $;570,00 $;20,68 $;0,07%;
04/01/2023;1;9419,76 $;-360,68 $;0,00 $;-360,68 $;5,68 $;-2762,64 $;-360,68 $;0,00%;-360,68 $;0,00 $;-360,68 $;0,00 $;-360,68 $;150,00;820,00 $;230,00 $;590,68 $;0,07%;
05/01/2023;1;9354,08 $;-65,68 $;0,00 $;-65,68 $;5,68 $;-2828,32 $;-65,68 $;0,00%;-65,68 $;0,00 $;-65,68 $;0,00 $;-65,68 $;90,00;210,00 $;435,00 $;500,68 $;0,07%;
06/01/2023;1;9548,40 $;194,32 $;194,32 $;0,00 $;5,68 $;-2634,00 $;0,00 $;100,00%;194,32 $;194,32 $;0,00 $;194,32 $;0,00 $;240,00;240,00 $;450,00 $;255,68 $;0,07%;
09/01/2023;1;8622,72 $;-925,68 $;0,00 $;-925,68 $;5,68 $;-3559,68 $;-925,68 $;0,00%;-925,68 $;0,00 $;-925,68 $;0,00 $;-925,68 $;240,00;1015,00 $;90,00 $;1015,68 $;0,07%;
10/01/2023;1;9252,04 $;629,32 $;629,32 $;0,00 $;5,68 $;-2930,36 $;0,00 $;100,00%;629,32 $;629,32 $;0,00 $;629,32 $;0,00 $;210,00;15,00 $;730,00 $;100,68 $;0,07%;
12/01/2023;1;9621,36 $;369,32 $;369,32 $;0,00 $;5,68 $;-2561,04 $;0,00 $;100,00%;369,32 $;369,32 $;0,00 $;369,32 $;0,00 $;210,00;405,00 $;455,00 $;85,68 $;0,07%;
13/01/2023;1;9965,68 $;344,32 $;344,32 $;0,00 $;5,68 $;-2216,72 $;0,00 $;100,00%;344,32 $;344,32 $;0,00 $;344,32 $;0,00 $;240,00;270,00 $;450,00 $;105,68 $;0,07%;
17/01/2023;1;10060,00 $;94,32 $;94,32 $;0,00 $;5,68 $;-2122,40 $;0,00 $;100,00%;94,32 $;94,32 $;0,00 $;94,32 $;0,00 $;240,00;165,00 $;200,00 $;105,68 $;0,07%;
19/01/2023;1;10054,32 $;-5,68 $;0,00 $;-5,68 $;5,68 $;-2128,08 $;-5,68 $;0,00%;-5,68 $;0,00 $;-5,68 $;0,00 $;-5,68 $;150,00;25,00 $;560,00 $;565,68 $;0,07%;
20/01/2023;1;10548,64 $;494,32 $;494,32 $;0,00 $;5,68 $;-1633,76 $;0,00 $;100,00%;494,32 $;494,32 $;0,00 $;494,32 $;0,00 $;240,00;480,00 $;620,00 $;125,68 $;0,07%;
23/01/2023;1;10582,96 $;34,32 $;34,32 $;0,00 $;5,68 $;-1599,44 $;0,00 $;100,00%;34,32 $;34,32 $;0,00 $;34,32 $;0,00 $;240,00;380,00 $;650,00 $;615,68 $;0,07%;
24/01/2023;1;10407,28 $;-175,68 $;0,00 $;-175,68 $;5,68 $;-1775,12 $;-175,68 $;0,00%;-175,68 $;0,00 $;-175,68 $;0,00 $;-175,68 $;240,00;390,00 $;90,00 $;265,68 $;0,07%;
25/01/2023;1;11431,60 $;1024,32 $;1024,32 $;0,00 $;5,68 $;-750,80 $;0,00 $;100,00%;1024,32 $;1024,32 $;0,00 $;1024,32 $;0,00 $;210,00;5,00 $;1185,00 $;160,68 $;0,07%;
27/01/2023;1;12350,92 $;919,32 $;919,32 $;0,00 $;5,68 $;0,00 $;0,00 $;100,00%;919,32 $;919,32 $;0,00 $;919,32 $;0,00 $;240,00;0,00 $;960,00 $;40,68 $;0,07%;
30/01/2023;2;11669,56 $;-681,36 $;4,32 $;-685,68 $;11,36 $;-685,68 $;-685,68 $;50,00%;-340,68 $;4,32 $;-685,68 $;4,32 $;-685,68 $;270,00;357,50 $;82,50 $;423,18 $;0,14%;
31/01/2023;1;11858,88 $;189,32 $;189,32 $;0,00 $;5,68 $;-492,04 $;0,00 $;100,00%;189,32 $;189,32 $;0,00 $;189,32 $;0,00 $;240,00;40,00 $;425,00 $;235,68 $;0,07%;
01/02/2023;1;13578,20 $;1719,32 $;1719,32 $;0,00 $;5,68 $;0,00 $;0,00 $;100,00%;1719,32 $;1719,32 $;0,00 $;1719,32 $;0,00 $;210,00;290,00 $;2775,00 $;1055,68 $;0,07%;
03/02/2023;1;12812,52 $;-765,68 $;0,00 $;-765,68 $;5,68 $;-765,68 $;-765,68 $;0,00%;-765,68 $;0,00 $;-765,68 $;0,00 $;-765,68 $;240,00;1250,00 $;220,00 $;985,68 $;0,07%;
06/02/2023;1;13051,84 $;239,32 $;239,32 $;0,00 $;5,68 $;-526,36 $;0,00 $;100,00%;239,32 $;239,32 $;0,00 $;239,32 $;0,00 $;30,00;140,00 $;345,00 $;105,68 $;0,07%;
07/02/2023;1;14141,16 $;1089,32 $;1089,32 $;0,00 $;5,68 $;0,00 $;0,00 $;100,00%;1089,32 $;1089,32 $;0,00 $;1089,32 $;0,00 $;210,00;695,00 $;1575,00 $;485,68 $;0,07%;
13/02/2023;1;14475,48 $;334,32 $;334,32 $;0,00 $;5,68 $;0,00 $;0,00 $;100,00%;334,32 $;334,32 $;0,00 $;334,32 $;0,00 $;240,00;125,00 $;690,00 $;355,68 $;0,07%;
14/02/2023;1;15264,80 $;789,32 $;789,32 $;0,00 $;5,68 $;0,00 $;0,00 $;100,00%;789,32 $;789,32 $;0,00 $;789,32 $;0,00 $;240,00;490,00 $;920,00 $;130,68 $;0,07%;
15/02/2023;1;16374,12 $;1109,32 $;1109,32 $;0,00 $;5,68 $;0,00 $;0,00 $;100,00%;1109,32 $;1109,32 $;0,00 $;1109,32 $;0,00 $;210,00;35,00 $;1200,00 $;90,68 $;0,07%;
16/02/2023;1;15933,44 $;-440,68 $;0,00 $;-440,68 $;5,68 $;-440,68 $;-440,68 $;0,00%;-440,68 $;0,00 $;-440,68 $;0,00 $;-440,68 $;240,00;435,00 $;530,00 $;970,68 $;0,07%;
17/02/2023;1;16502,76 $;569,32 $;569,32 $;0,00 $;5,68 $;0,00 $;0,00 $;100,00%;569,32 $;569,32 $;0,00 $;569,32 $;0,00 $;240,00;85,00 $;885,00 $;315,68 $;0,07%;
21/02/2023;1;16177,08 $;-325,68 $;0,00 $;-325,68 $;5,68 $;-325,68 $;-325,68 $;0,00%;-325,68 $;0,00 $;-325,68 $;0,00 $;-325,68 $;240,00;590,00 $;90,00 $;415,68 $;0,07%;
23/02/2023;1;15996,40 $;-180,68 $;0,00 $;-180,68 $;5,68 $;-506,36 $;-180,68 $;0,00%;-180,68 $;0,00 $;-180,68 $;0,00 $;-180,68 $;30,00;255,00 $;90,00 $;270,68 $;0,07%;
24/02/2023;1;16050,72 $;54,32 $;54,32 $;0,00 $;5,68 $;-452,04 $;0,00 $;100,00%;54,32 $;54,32 $;0,00 $;54,32 $;0,00 $;240,00;495,00 $;290,00 $;235,68 $;0,07%;
27/02/2023;1;15545,04 $;-505,68 $;0,00 $;-505,68 $;5,68 $;-957,72 $;-505,68 $;0,00%;-505,68 $;0,00 $;-505,68 $;0,00 $;-505,68 $;240,00;625,00 $;15,00 $;520,68 $;0,07%;
28/02/2023;1;15144,36 $;-400,68 $;0,00 $;-400,68 $;5,68 $;-1358,40 $;-400,68 $;0,00%;-400,68 $;0,00 $;-400,68 $;0,00 $;-400,68 $;240,00;440,00 $;90,00 $;490,68 $;0,07%;
01/03/2023;1;15123,68 $;-20,68 $;0,00 $;-20,68 $;5,68 $;-1379,08 $;-20,68 $;0,00%;-20,68 $;0,00 $;-20,68 $;0,00 $;-20,68 $;210,00;580,00 $;145,00 $;165,68 $;0,07%;
02/03/2023;1;15818,00 $;694,32 $;694,32 $;0,00 $;5,68 $;-684,76 $;0,00 $;100,00%;694,32 $;694,32 $;0,00 $;694,32 $;0,00 $;240,00;50,00 $;805,00 $;110,68 $;0,07%;
03/03/2023;1;16727,32 $;909,32 $;909,32 $;0,00 $;5,68 $;0,00 $;0,00 $;100,00%;909,32 $;909,32 $;0,00 $;909,32 $;0,00 $;240,00;35,00 $;1035,00 $;125,68 $;0,07%;
06/03/2023;1;16636,64 $;-90,68 $;0,00 $;-90,68 $;5,68 $;-90,68 $;-90,68 $;0,00%;-90,68 $;0,00 $;-90,68 $;0,00 $;-90,68 $;150,00;515,00 $;20,00 $;110,68 $;0,07%;
07/03/2023;1;16505,96 $;-130,68 $;0,00 $;-130,68 $;5,68 $;-221,36 $;-130,68 $;0,00%;-130,68 $;0,00 $;-130,68 $;0,00 $;-130,68 $;150,00;355,00 $;110,00 $;240,68 $;0,07%;
08/03/2023;1;15925,28 $;-580,68 $;0,00 $;-580,68 $;5,68 $;-802,04 $;-580,68 $;0,00%;-580,68 $;0,00 $;-580,68 $;0,00 $;-580,68 $;240,00;875,00 $;175,00 $;755,68 $;0,07%;
10/03/2023;1;13769,60 $;-2155,68 $;0,00 $;-2155,68 $;5,68 $;-2957,72 $;-2155,68 $;0,00%;-2155,68 $;0,00 $;-2155,68 $;0,00 $;-2155,68 $;240,00;2865,00 $;210,00 $;2365,68 $;0,07%;
13/03/2023;1;12388,92 $;-1380,68 $;0,00 $;-1380,68 $;5,68 $;-4338,40 $;-1380,68 $;0,00%;-1380,68 $;0,00 $;-1380,68 $;0,00 $;-1380,68 $;240,00;1660,00 $;105,00 $;1485,68 $;0,07%;
14/03/2023;1;13068,24 $;679,32 $;679,32 $;0,00 $;5,68 $;-3659,08 $;0,00 $;100,00%;679,32 $;679,32 $;0,00 $;679,32 $;0,00 $;30,00;110,00 $;780,00 $;100,68 $;0,07%;
15/03/2023;1;13197,56 $;129,32 $;129,32 $;0,00 $;5,68 $;-3529,76 $;0,00 $;100,00%;129,32 $;129,32 $;0,00 $;129,32 $;0,00 $;90,00;515,00 $;310,00 $;180,68 $;0,07%;
16/03/2023;1;13841,88 $;644,32 $;644,32 $;0,00 $;5,68 $;-2885,44 $;0,00 $;100,00%;644,32 $;644,32 $;0,00 $;644,32 $;0,00 $;210,00;180,00 $;1210,00 $;565,68 $;0,07%;
17/03/2023;1;14026,20 $;184,32 $;184,32 $;0,00 $;5,68 $;-2701,12 $;0,00 $;100,00%;184,32 $;184,32 $;0,00 $;184,32 $;0,00 $;240,00;320,00 $;755,00 $;570,68 $;0,07%;
20/03/2023;1;13180,52 $;-845,68 $;0,00 $;-845,68 $;5,68 $;-3546,80 $;-845,68 $;0,00%;-845,68 $;0,00 $;-845,68 $;0,00 $;-845,68 $;240,00;1385,00 $;15,00 $;860,68 $;0,07%;
21/03/2023;1;13259,84 $;79,32 $;79,32 $;0,00 $;5,68 $;-3467,48 $;0,00 $;100,00%;79,32 $;79,32 $;0,00 $;79,32 $;0,00 $;0,00;5,00 $;105,00 $;25,68 $;0,07%;
22/03/2023;1;11734,16 $;-1525,68 $;0,00 $;-1525,68 $;5,68 $;-4993,16 $;-1525,68 $;0,00%;-1525,68 $;0,00 $;-1525,68 $;0,00 $;-1525,68 $;30,00;1815,00 $;50,00 $;1575,68 $;0,07%;
24/03/2023;1;13303,48 $;1569,32 $;1569,32 $;0,00 $;5,68 $;-3423,84 $;0,00 $;100,00%;1569,32 $;1569,32 $;0,00 $;1569,32 $;0,00 $;240,00;50,00 $;1615,00 $;45,68 $;0,07%;
27/03/2023;1;14102,80 $;799,32 $;799,32 $;0,00 $;5,68 $;-2624,52 $;0,00 $;100,00%;799,32 $;799,32 $;0,00 $;799,32 $;0,00 $;240,00;245,00 $;930,00 $;130,68 $;0,07%;
28/03/2023;1;13737,12 $;-365,68 $;0,00 $;-365,68 $;5,68 $;-2990,20 $;-365,68 $;0,00%;-365,68 $;0,00 $;-365,68 $;0,00 $;-365,68 $;240,00;575,00 $;180,00 $;545,68 $;0,07%;
29/03/2023;1;14141,44 $;404,32 $;404,32 $;0,00 $;5,68 $;-2585,88 $;0,00 $;100,00%;404,32 $;404,32 $;0,00 $;404,32 $;0,00 $;240,00;110,00 $;500,00 $;95,68 $;0,07%;
30/03/2023;1;14160,76 $;19,32 $;19,32 $;0,00 $;5,68 $;-2566,56 $;0,00 $;100,00%;19,32 $;19,32 $;0,00 $;19,32 $;0,00 $;210,00;415,00 $;40,00 $;20,68 $;0,07%;
31/03/2023;1;13835,08 $;-325,68 $;0,00 $;-325,68 $;5,68 $;-2892,24 $;-325,68 $;0,00%;-325,68 $;0,00 $;-325,68 $;0,00 $;-325,68 $;240,00;625,00 $;30,00 $;355,68 $;0,07%;
03/04/2023;1;14514,40 $;679,32 $;679,32 $;0,00 $;5,68 $;-2212,92 $;0,00 $;100,00%;679,32 $;679,32 $;0,00 $;679,32 $;0,00 $;240,00;15,00 $;740,00 $;60,68 $;0,07%;
04/04/2023;1;14193,72 $;-320,68 $;0,00 $;-320,68 $;5,68 $;-2533,60 $;-320,68 $;0,00%;-320,68 $;0,00 $;-320,68 $;0,00 $;-320,68 $;240,00;395,00 $;220,00 $;540,68 $;0,07%;
05/04/2023;1;14313,04 $;119,32 $;119,32 $;0,00 $;5,68 $;-2414,28 $;0,00 $;100,00%;119,32 $;119,32 $;0,00 $;119,32 $;0,00 $;120,00;125,00 $;355,00 $;235,68 $;0,07%;
18/04/2023;1;14257,36 $;-55,68 $;0,00 $;-55,68 $;5,68 $;-2469,96 $;-55,68 $;0,00%;-55,68 $;0,00 $;-55,68 $;0,00 $;-55,68 $;240,00;380,00 $;100,00 $;155,68 $;0,07%;
19/04/2023;1;14986,68 $;729,32 $;729,32 $;0,00 $;5,68 $;-1740,64 $;0,00 $;100,00%;729,32 $;729,32 $;0,00 $;729,32 $;0,00 $;240,00;175,00 $;800,00 $;70,68 $;0,07%;
20/04/2023;1;14681,00 $;-305,68 $;0,00 $;-305,68 $;5,68 $;-2046,32 $;-305,68 $;0,00%;-305,68 $;0,00 $;-305,68 $;0,00 $;-305,68 $;240,00;335,00 $;415,00 $;720,68 $;0,07%;
24/04/2023;1;15000,32 $;319,32 $;319,32 $;0,00 $;5,68 $;-1727,00 $;0,00 $;100,00%;319,32 $;319,32 $;0,00 $;319,32 $;0,00 $;240,00;105,00 $;470,00 $;150,68 $;0,07%;
26/04/2023;1;14269,64 $;-730,68 $;0,00 $;-730,68 $;5,68 $;-2457,68 $;-730,68 $;0,00%;-730,68 $;0,00 $;-730,68 $;0,00 $;-730,68 $;210,00;970,00 $;60,00 $;790,68 $;0,07%;
27/04/2023;1;15073,96 $;804,32 $;804,32 $;0,00 $;5,68 $;-1653,36 $;0,00 $;100,00%;804,32 $;804,32 $;0,00 $;804,32 $;0,00 $;240,00;80,00 $;940,00 $;135,68 $;0,07%;
28/04/2023;1;14903,28 $;-170,68 $;0,00 $;-170,68 $;5,68 $;-1824,04 $;-170,68 $;0,00%;-170,68 $;0,00 $;-170,68 $;0,00 $;-170,68 $;240,00;315,00 $;235,00 $;405,68 $;0,07%;
02/05/2023;1;15037,60 $;134,32 $;134,32 $;0,00 $;5,68 $;-1689,72 $;0,00 $;100,00%;134,32 $;134,32 $;0,00 $;134,32 $;0,00 $;150,00;110,00 $;370,00 $;235,68 $;0,07%;
03/05/2023;1;14876,92 $;-160,68 $;0,00 $;-160,68 $;5,68 $;-1850,40 $;-160,68 $;0,00%;-160,68 $;0,00 $;-160,68 $;0,00 $;-160,68 $;240,00;185,00 $;1260,00 $;1420,68 $;0,07%;
04/05/2023;1;14761,24 $;-115,68 $;0,00 $;-115,68 $;5,68 $;-1966,08 $;-115,68 $;0,00%;-115,68 $;0,00 $;-115,68 $;0,00 $;-115,68 $;150,00;320,00 $;225,00 $;340,68 $;0,07%;
05/05/2023;1;15300,56 $;539,32 $;539,32 $;0,00 $;5,68 $;-1426,76 $;0,00 $;100,00%;539,32 $;539,32 $;0,00 $;539,32 $;0,00 $;240,00;175,00 $;770,00 $;230,68 $;0,07%;
09/05/2023;1;15584,88 $;284,32 $;284,32 $;0,00 $;5,68 $;-1142,44 $;0,00 $;100,00%;284,32 $;284,32 $;0,00 $;284,32 $;0,00 $;210,00;15,00 $;550,00 $;265,68 $;0,07%;
10/05/2023;1;15509,20 $;-75,68 $;0,00 $;-75,68 $;5,68 $;-1218,12 $;-75,68 $;0,00%;-75,68 $;0,00 $;-75,68 $;0,00 $;-75,68 $;30,00;135,00 $;170,00 $;245,68 $;0,07%;
12/05/2023;1;15778,52 $;269,32 $;269,32 $;0,00 $;5,68 $;-948,80 $;0,00 $;100,00%;269,32 $;269,32 $;0,00 $;269,32 $;0,00 $;90,00;130,00 $;450,00 $;180,68 $;0,07%;
15/05/2023;1;15937,84 $;159,32 $;159,32 $;0,00 $;5,68 $;-789,48 $;0,00 $;100,00%;159,32 $;159,32 $;0,00 $;159,32 $;0,00 $;210,00;25,00 $;600,00 $;440,68 $;0,07%;
17/05/2023;1;16082,16 $;144,32 $;144,32 $;0,00 $;5,68 $;-645,16 $;0,00 $;100,00%;144,32 $;144,32 $;0,00 $;144,32 $;0,00 $;90,00;80,00 $;335,00 $;190,68 $;0,07%;
18/05/2023;1;16156,48 $;74,32 $;74,32 $;0,00 $;5,68 $;-570,84 $;0,00 $;100,00%;74,32 $;74,32 $;0,00 $;74,32 $;0,00 $;0,00;0,00 $;120,00 $;45,68 $;0,07%;
19/05/2023;1;16020,80 $;-135,68 $;0,00 $;-135,68 $;5,68 $;-706,52 $;-135,68 $;0,00%;-135,68 $;0,00 $;-135,68 $;0,00 $;-135,68 $;240,00;430,00 $;115,00 $;250,68 $;0,07%;
22/05/2023;1;16410,12 $;389,32 $;389,32 $;0,00 $;5,68 $;-317,20 $;0,00 $;100,00%;389,32 $;389,32 $;0,00 $;389,32 $;0,00 $;240,00;45,00 $;695,00 $;305,68 $;0,07%;
23/05/2023;1;15114,44 $;-1295,68 $;0,00 $;-1295,68 $;5,68 $;-1612,88 $;-1295,68 $;0,00%;-1295,68 $;0,00 $;-1295,68 $;0,00 $;-1295,68 $;240,00;1545,00 $;55,00 $;1350,68 $;0,07%;
24/05/2023;1;15373,76 $;259,32 $;259,32 $;0,00 $;5,68 $;-1353,56 $;0,00 $;100,00%;259,32 $;259,32 $;0,00 $;259,32 $;0,00 $;210,00;245,00 $;585,00 $;325,68 $;0,07%;
25/05/2023;1;15598,08 $;224,32 $;224,32 $;0,00 $;5,68 $;-1129,24 $;0,00 $;100,00%;224,32 $;224,32 $;0,00 $;224,32 $;0,00 $;210,00;190,00 $;545,00 $;320,68 $;0,07%;
26/05/2023;1;16112,40 $;514,32 $;514,32 $;0,00 $;5,68 $;-614,92 $;0,00 $;100,00%;514,32 $;514,32 $;0,00 $;514,32 $;0,00 $;240,00;40,00 $;740,00 $;225,68 $;0,07%;
30/05/2023;1;16386,72 $;274,32 $;274,32 $;0,00 $;5,68 $;-340,60 $;0,00 $;100,00%;274,32 $;274,32 $;0,00 $;274,32 $;0,00 $;150,00;110,00 $;475,00 $;200,68 $;0,07%;
31/05/2023;1;16901,04 $;514,32 $;514,32 $;0,00 $;5,68 $;0,00 $;0,00 $;100,00%;514,32 $;514,32 $;0,00 $;514,32 $;0,00 $;210,00;60,00 $;705,00 $;190,68 $;0,07%;
01/06/2023;1;16925,36 $;24,32 $;24,32 $;0,00 $;5,68 $;0,00 $;0,00 $;100,00%;24,32 $;24,32 $;0,00 $;24,32 $;0,00 $;240,00;35,00 $;280,00 $;255,68 $;0,07%;
02/06/2023;1;17809,68 $;884,32 $;884,32 $;0,00 $;5,68 $;0,00 $;0,00 $;100,00%;884,32 $;884,32 $;0,00 $;884,32 $;0,00 $;210,00;30,00 $;945,00 $;60,68 $;0,07%;
05/06/2023;1;17604,00 $;-205,68 $;0,00 $;-205,68 $;5,68 $;-205,68 $;-205,68 $;0,00%;-205,68 $;0,00 $;-205,68 $;0,00 $;-205,68 $;240,00;395,00 $;390,00 $;595,68 $;0,07%;
06/06/2023;1;17688,32 $;84,32 $;84,32 $;0,00 $;5,68 $;-121,36 $;0,00 $;100,00%;84,32 $;84,32 $;0,00 $;84,32 $;0,00 $;210,00;430,00 $;210,00 $;125,68 $;0,07%;
07/06/2023;1;17787,64 $;99,32 $;99,32 $;0,00 $;5,68 $;-22,04 $;0,00 $;100,00%;99,32 $;99,32 $;0,00 $;99,32 $;0,00 $;30,00;210,00 $;155,00 $;55,68 $;0,07%;
09/06/2023;1;17686,96 $;-100,68 $;0,00 $;-100,68 $;5,68 $;-122,72 $;-100,68 $;0,00%;-100,68 $;0,00 $;-100,68 $;0,00 $;-100,68 $;240,00;185,00 $;295,00 $;395,68 $;0,07%;
12/06/2023;1;17891,28 $;204,32 $;204,32 $;0,00 $;5,68 $;0,00 $;0,00 $;100,00%;204,32 $;204,32 $;0,00 $;204,32 $;0,00 $;210,00;340,00 $;340,00 $;135,68 $;0,07%;
13/06/2023;1;17895,60 $;4,32 $;4,32 $;0,00 $;5,68 $;0,00 $;0,00 $;100,00%;4,32 $;4,32 $;0,00 $;4,32 $;0,00 $;210,00;370,00 $;145,00 $;140,68 $;0,07%;
14/06/2023;2;16924,24 $;-971,36 $;24,32 $;-995,68 $;11,36 $;-995,68 $;-995,68 $;50,00%;-485,68 $;24,32 $;-995,68 $;24,32 $;-995,68 $;270,00;927,50 $;112,50 $;598,18 $;0,14%;
15/06/2023;1;17278,56 $;354,32 $;354,32 $;0,00 $;5,68 $;-617,04 $;0,00 $;100,00%;354,32 $;354,32 $;0,00 $;354,32 $;0,00 $;240,00;380,00 $;580,00 $;225,68 $;0,07%;
16/06/2023;1;17477,88 $;199,32 $;199,32 $;0,00 $;5,68 $;-417,72 $;0,00 $;100,00%;199,32 $;199,32 $;0,00 $;199,32 $;0,00 $;210,00;385,00 $;315,00 $;115,68 $;0,07%;
20/06/2023;1;17582,20 $;104,32 $;104,32 $;0,00 $;5,68 $;-313,40 $;0,00 $;100,00%;104,32 $;104,32 $;0,00 $;104,32 $;0,00 $;210,00;90,00 $;365,00 $;260,68 $;0,07%;
21/06/2023;1;17921,52 $;339,32 $;339,32 $;0,00 $;5,68 $;0,00 $;0,00 $;100,00%;339,32 $;339,32 $;0,00 $;339,32 $;0,00 $;240,00;140,00 $;695,00 $;355,68 $;0,07%;
22/06/2023;1;18015,84 $;94,32 $;94,32 $;0,00 $;5,68 $;0,00 $;0,00 $;100,00%;94,32 $;94,32 $;0,00 $;94,32 $;0,00 $;30,00;65,00 $;145,00 $;50,68 $;0,07%;
23/06/2023;1;17310,16 $;-705,68 $;0,00 $;-705,68 $;5,68 $;-705,68 $;-705,68 $;0,00%;-705,68 $;0,00 $;-705,68 $;0,00 $;-705,68 $;210,00;870,00 $;120,00 $;825,68 $;0,07%;
26/06/2023;1;17639,48 $;329,32 $;329,32 $;0,00 $;5,68 $;-376,36 $;0,00 $;100,00%;329,32 $;329,32 $;0,00 $;329,32 $;0,00 $;240,00;400,00 $;450,00 $;120,68 $;0,07%;
28/06/2023;1;17838,80 $;199,32 $;199,32 $;0,00 $;5,68 $;-177,04 $;0,00 $;100,00%;199,32 $;199,32 $;0,00 $;199,32 $;0,00 $;240,00;180,00 $;430,00 $;230,68 $;0,07%;
29/06/2023;1;17933,12 $;94,32 $;94,32 $;0,00 $;5,68 $;-82,72 $;0,00 $;100,00%;94,32 $;94,32 $;0,00 $;94,32 $;0,00 $;240,00;255,00 $;340,00 $;245,68 $;0,07%;
30/06/2023;1;18107,44 $;174,32 $;174,32 $;0,00 $;5,68 $;0,00 $;0,00 $;100,00%;174,32 $;174,32 $;0,00 $;174,32 $;0,00 $;240,00;90,00 $;525,00 $;350,68 $;0,07%;
03/07/2023;1;18256,76 $;149,32 $;149,32 $;0,00 $;5,68 $;0,00 $;0,00 $;100,00%;149,32 $;149,32 $;0,00 $;149,32 $;0,00 $;45,00;135,00 $;240,00 $;90,68 $;0,07%;
05/07/2023;1;17861,08 $;-395,68 $;0,00 $;-395,68 $;5,68 $;-395,68 $;-395,68 $;0,00%;-395,68 $;0,00 $;-395,68 $;0,00 $;-395,68 $;150,00;395,00 $;190,00 $;585,68 $;0,07%;
06/07/2023;1;18410,40 $;549,32 $;549,32 $;0,00 $;5,68 $;0,00 $;0,00 $;100,00%;549,32 $;549,32 $;0,00 $;549,32 $;0,00 $;210,00;5,00 $;755,00 $;205,68 $;0,07%;
07/07/2023;1;18304,72 $;-105,68 $;0,00 $;-105,68 $;5,68 $;-105,68 $;-105,68 $;0,00%;-105,68 $;0,00 $;-105,68 $;0,00 $;-105,68 $;240,00;315,00 $;320,00 $;425,68 $;0,07%;
10/07/2023;1;18599,04 $;294,32 $;294,32 $;0,00 $;5,68 $;0,00 $;0,00 $;100,00%;294,32 $;294,32 $;0,00 $;294,32 $;0,00 $;240,00;80,00 $;440,00 $;145,68 $;0,07%;
11/07/2023;2;19122,68 $;523,64 $;549,32 $;-25,68 $;11,36 $;-25,68 $;-25,68 $;50,00%;261,82 $;549,32 $;-25,68 $;549,32 $;-25,68 $;270,00;60,00 $;312,50 $;50,68 $;0,14%;
12/07/2023;1;18862,00 $;-260,68 $;0,00 $;-260,68 $;5,68 $;-286,36 $;-260,68 $;0,00%;-260,68 $;0,00 $;-260,68 $;0,00 $;-260,68 $;240,00;465,00 $;140,00 $;400,68 $;0,07%;
13/07/2023;1;19081,32 $;219,32 $;219,32 $;0,00 $;5,68 $;-67,04 $;0,00 $;100,00%;219,32 $;219,32 $;0,00 $;219,32 $;0,00 $;240,00;90,00 $;310,00 $;90,68 $;0,07%;
17/07/2023;1;19380,64 $;299,32 $;299,32 $;0,00 $;5,68 $;0,00 $;0,00 $;100,00%;299,32 $;299,32 $;0,00 $;299,32 $;0,00 $;240,00;85,00 $;555,00 $;255,68 $;0,07%;
18/07/2023;1;19439,96 $;59,32 $;59,32 $;0,00 $;5,68 $;0,00 $;0,00 $;100,00%;59,32 $;59,32 $;0,00 $;59,32 $;0,00 $;240,00;405,00 $;105,00 $;45,68 $;0,07%;
20/07/2023;1;19854,28 $;414,32 $;414,32 $;0,00 $;5,68 $;0,00 $;0,00 $;100,00%;414,32 $;414,32 $;0,00 $;414,32 $;0,00 $;90,00;15,00 $;440,00 $;25,68 $;0,07%;
24/07/2023;1;19783,60 $;-70,68 $;0,00 $;-70,68 $;5,68 $;-70,68 $;-70,68 $;0,00%;-70,68 $;0,00 $;-70,68 $;0,00 $;-70,68 $;240,00;135,00 $;325,00 $;395,68 $;0,07%;
25/07/2023;1;19672,92 $;-110,68 $;0,00 $;-110,68 $;5,68 $;-181,36 $;-110,68 $;0,00%;-110,68 $;0,00 $;-110,68 $;0,00 $;-110,68 $;240,00;220,00 $;300,00 $;410,68 $;0,07%;
26/07/2023;2;19796,56 $;123,64 $;319,32 $;-195,68 $;11,36 $;-195,68 $;-195,68 $;50,00%;61,82 $;319,32 $;-195,68 $;319,32 $;-195,68 $;270,00;167,50 $;392,50 $;330,68 $;0,14%;
28/07/2023;1;19725,88 $;-70,68 $;0,00 $;-70,68 $;5,68 $;-266,36 $;-70,68 $;0,00%;-70,68 $;0,00 $;-70,68 $;0,00 $;-70,68 $;240,00;435,00 $;195,00 $;265,68 $;0,07%;
31/07/2023;1;19770,20 $;44,32 $;44,32 $;0,00 $;5,68 $;-222,04 $;0,00 $;100,00%;44,32 $;44,32 $;0,00 $;44,32 $;0,00 $;240,00;370,00 $;85,00 $;40,68 $;0,07%;
01/08/2023;1;19744,52 $;-25,68 $;0,00 $;-25,68 $;5,68 $;-247,72 $;-25,68 $;0,00%;-25,68 $;0,00 $;-25,68 $;0,00 $;-25,68 $;30,00;90,00 $;160,00 $;185,68 $;0,07%;
02/08/2023;1;20113,84 $;369,32 $;369,32 $;0,00 $;5,68 $;0,00 $;0,00 $;100,00%;369,32 $;369,32 $;0,00 $;369,32 $;0,00 $;210,00;30,00 $;460,00 $;90,68 $;0,07%;
03/08/2023;1;20178,16 $;64,32 $;64,32 $;0,00 $;5,68 $;0,00 $;0,00 $;100,00%;64,32 $;64,32 $;0,00 $;64,32 $;0,00 $;240,00;145,00 $;520,00 $;455,68 $;0,07%;
04/08/2023;1;19187,48 $;-990,68 $;0,00 $;-990,68 $;5,68 $;-990,68 $;-990,68 $;0,00%;-990,68 $;0,00 $;-990,68 $;0,00 $;-990,68 $;210,00;1120,00 $;100,00 $;1090,68 $;0,07%;
08/08/2023;1;19926,80 $;739,32 $;739,32 $;0,00 $;5,68 $;-251,36 $;0,00 $;100,00%;739,32 $;739,32 $;0,00 $;739,32 $;0,00 $;210,00;0,00 $;880,00 $;140,68 $;0,07%;
09/08/2023;1;19631,12 $;-295,68 $;0,00 $;-295,68 $;5,68 $;-547,04 $;-295,68 $;0,00%;-295,68 $;0,00 $;-295,68 $;0,00 $;-295,68 $;90,00;560,00 $;115,00 $;410,68 $;0,07%;
10/08/2023;1;18915,44 $;-715,68 $;0,00 $;-715,68 $;5,68 $;-1262,72 $;-715,68 $;0,00%;-715,68 $;0,00 $;-715,68 $;0,00 $;-715,68 $;240,00;1135,00 $;125,00 $;840,68 $;0,07%;
11/08/2023;1;19159,76 $;244,32 $;244,32 $;0,00 $;5,68 $;-1018,40 $;0,00 $;100,00%;244,32 $;244,32 $;0,00 $;244,32 $;0,00 $;240,00;105,00 $;405,00 $;160,68 $;0,07%;
14/08/2023;1;19429,08 $;269,32 $;269,32 $;0,00 $;5,68 $;-749,08 $;0,00 $;100,00%;269,32 $;269,32 $;0,00 $;269,32 $;0,00 $;240,00;75,00 $;340,00 $;70,68 $;0,07%;
15/08/2023;1;19278,40 $;-150,68 $;0,00 $;-150,68 $;5,68 $;-899,76 $;-150,68 $;0,00%;-150,68 $;0,00 $;-150,68 $;0,00 $;-150,68 $;210,00;320,00 $;25,00 $;175,68 $;0,07%;
16/08/2023;1;18472,72 $;-805,68 $;0,00 $;-805,68 $;5,68 $;-1705,44 $;-805,68 $;0,00%;-805,68 $;0,00 $;-805,68 $;0,00 $;-805,68 $;240,00;920,00 $;25,00 $;830,68 $;0,07%;
17/08/2023;1;17717,04 $;-755,68 $;0,00 $;-755,68 $;5,68 $;-2461,12 $;-755,68 $;0,00%;-755,68 $;0,00 $;-755,68 $;0,00 $;-755,68 $;150,00;820,00 $;5,00 $;760,68 $;0,07%;
18/08/2023;1;17926,36 $;209,32 $;209,32 $;0,00 $;5,68 $;-2251,80 $;0,00 $;100,00%;209,32 $;209,32 $;0,00 $;209,32 $;0,00 $;240,00;120,00 $;360,00 $;150,68 $;0,07%;
21/08/2023;1;18080,68 $;154,32 $;154,32 $;0,00 $;5,68 $;-2097,48 $;0,00 $;100,00%;154,32 $;154,32 $;0,00 $;154,32 $;0,00 $;150,00;15,00 $;420,00 $;265,68 $;0,07%;
22/08/2023;1;18215,00 $;134,32 $;134,32 $;0,00 $;5,68 $;-1963,16 $;0,00 $;100,00%;134,32 $;134,32 $;0,00 $;134,32 $;0,00 $;210,00;190,00 $;425,00 $;290,68 $;0,07%;
23/08/2023;1;18424,32 $;209,32 $;209,32 $;0,00 $;5,68 $;-1753,84 $;0,00 $;100,00%;209,32 $;209,32 $;0,00 $;209,32 $;0,00 $;240,00;10,00 $;320,00 $;110,68 $;0,07%;
24/08/2023;1;18238,64 $;-185,68 $;0,00 $;-185,68 $;5,68 $;-1939,52 $;-185,68 $;0,00%;-185,68 $;0,00 $;-185,68 $;0,00 $;-185,68 $;240,00;355,00 $;130,00 $;315,68 $;0,07%;
25/08/2023;1;18347,96 $;109,32 $;109,32 $;0,00 $;5,68 $;-1830,20 $;0,00 $;100,00%;109,32 $;109,32 $;0,00 $;109,32 $;0,00 $;210,00;280,00 $;640,00 $;530,68 $;0,07%;
29/08/2023;2;18566,60 $;218,64 $;249,32 $;-30,68 $;11,36 $;-1611,56 $;-30,68 $;50,00%;109,32 $;249,32 $;-30,68 $;249,32 $;-30,68 $;270,00;25,00 $;197,50 $;88,18 $;0,14%;
31/08/2023;1;18305,92 $;-260,68 $;0,00 $;-260,68 $;5,68 $;-1872,24 $;-260,68 $;0,00%;-260,68 $;0,00 $;-260,68 $;0,00 $;-260,68 $;210,00;390,00 $;65,00 $;325,68 $;0,07%;
05/09/2023;1;17835,24 $;-470,68 $;0,00 $;-470,68 $;5,68 $;-2342,92 $;-470,68 $;0,00%;-470,68 $;0,00 $;-470,68 $;0,00 $;-470,68 $;210,00;510,00 $;75,00 $;545,68 $;0,07%;
06/09/2023;1;18209,56 $;374,32 $;374,32 $;0,00 $;5,68 $;-1968,60 $;0,00 $;100,00%;374,32 $;374,32 $;0,00 $;374,32 $;0,00 $;210,00;140,00 $;475,00 $;100,68 $;0,07%;
07/09/2023;1;18218,88 $;9,32 $;9,32 $;0,00 $;5,68 $;-1959,28 $;0,00 $;100,00%;9,32 $;9,32 $;0,00 $;9,32 $;0,00 $;150,00;155,00 $;105,00 $;95,68 $;0,07%;
08/09/2023;1;17958,20 $;-260,68 $;0,00 $;-260,68 $;5,68 $;-2219,96 $;-260,68 $;0,00%;-260,68 $;0,00 $;-260,68 $;0,00 $;-260,68 $;240,00;300,00 $;100,00 $;360,68 $;0,07%;
11/09/2023;1;17647,52 $;-310,68 $;0,00 $;-310,68 $;5,68 $;-2530,64 $;-310,68 $;0,00%;-310,68 $;0,00 $;-310,68 $;0,00 $;-310,68 $;150,00;380,00 $;35,00 $;345,68 $;0,07%;
12/09/2023;1;17446,84 $;-200,68 $;0,00 $;-200,68 $;5,68 $;-2731,32 $;-200,68 $;0,00%;-200,68 $;0,00 $;-200,68 $;0,00 $;-200,68 $;240,00;240,00 $;395,00 $;595,68 $;0,07%;
13/09/2023;1;17051,16 $;-395,68 $;0,00 $;-395,68 $;5,68 $;-3127,00 $;-395,68 $;0,00%;-395,68 $;0,00 $;-395,68 $;0,00 $;-395,68 $;210,00;700,00 $;25,00 $;420,68 $;0,07%;
14/09/2023;1;17440,48 $;389,32 $;389,32 $;0,00 $;5,68 $;-2737,68 $;0,00 $;100,00%;389,32 $;389,32 $;0,00 $;389,32 $;0,00 $;210,00;45,00 $;405,00 $;15,68 $;0,07%;
15/09/2023;1;17449,80 $;9,32 $;9,32 $;0,00 $;5,68 $;-2728,36 $;0,00 $;100,00%;9,32 $;9,32 $;0,00 $;9,32 $;0,00 $;240,00;385,00 $;55,00 $;45,68 $;0,07%;
18/09/2023;1;17199,12 $;-250,68 $;0,00 $;-250,68 $;5,68 $;-2979,04 $;-250,68 $;0,00%;-250,68 $;0,00 $;-250,68 $;0,00 $;-250,68 $;150,00;330,00 $;65,00 $;315,68 $;0,07%;
19/09/2023;1;17298,44 $;99,32 $;99,32 $;0,00 $;5,68 $;-2879,72 $;0,00 $;100,00%;99,32 $;99,32 $;0,00 $;99,32 $;0,00 $;240,00;335,00 $;225,00 $;125,68 $;0,07%;
20/09/2023;1;16532,76 $;-765,68 $;0,00 $;-765,68 $;5,68 $;-3645,40 $;-765,68 $;0,00%;-765,68 $;0,00 $;-765,68 $;0,00 $;-765,68 $;240,00;940,00 $;85,00 $;850,68 $;0,07%;
21/09/2023;1;16492,08 $;-40,68 $;0,00 $;-40,68 $;5,68 $;-3686,08 $;-40,68 $;0,00%;-40,68 $;0,00 $;-40,68 $;0,00 $;-40,68 $;240,00;75,00 $;455,00 $;495,68 $;0,07%;
22/09/2023;2;16415,72 $;-76,36 $;0,00 $;-76,36 $;11,36 $;-3762,44 $;-76,36 $;0,00%;-38,18 $;0,00 $;-38,18 $;0,00 $;-60,68 $;270,00;265,00 $;60,00 $;98,18 $;0,14%;
25/09/2023;1;16315,04 $;-100,68 $;0,00 $;-100,68 $;5,68 $;-3863,12 $;-100,68 $;0,00%;-100,68 $;0,00 $;-100,68 $;0,00 $;-100,68 $;210,00;470,00 $;25,00 $;125,68 $;0,07%;
26/09/2023;1;16234,36 $;-80,68 $;0,00 $;-80,68 $;5,68 $;-3943,80 $;-80,68 $;0,00%;-80,68 $;0,00 $;-80,68 $;0,00 $;-80,68 $;150,00;375,00 $;45,00 $;125,68 $;0,07%;
27/09/2023;2;16388,00 $;153,64 $;153,64 $;0,00 $;11,36 $;-3889,48 $;0,00 $;100,00%;76,82 $;76,82 $;0,00 $;99,32 $;0,00 $;240,00;515,00 $;172,50 $;95,68 $;0,14%;
28/09/2023;1;16637,32 $;249,32 $;249,32 $;0,00 $;5,68 $;-3540,84 $;0,00 $;100,00%;249,32 $;249,32 $;0,00 $;249,32 $;0,00 $;240,00;155,00 $;505,00 $;255,68 $;0,07%;
29/09/2023;1;16576,64 $;-60,68 $;0,00 $;-60,68 $;5,68 $;-3601,52 $;-60,68 $;0,00%;-60,68 $;0,00 $;-60,68 $;0,00 $;-60,68 $;0,00;55,00 $;30,00 $;90,68 $;0,07%;
03/10/2023;1;16410,96 $;-165,68 $;0,00 $;-165,68 $;5,68 $;-3767,20 $;-165,68 $;0,00%;-165,68 $;0,00 $;-165,68 $;0,00 $;-165,68 $;150,00;450,00 $;40,00 $;205,68 $;0,07%;
04/10/2023;1;16310,28 $;-100,68 $;0,00 $;-100,68 $;5,68 $;-3867,88 $;-100,68 $;0,00%;-100,68 $;0,00 $;-100,68 $;0,00 $;-100,68 $;210,00;645,00 $;195,00 $;295,68 $;0,07%;
05/10/2023;1;16639,60 $;329,32 $;329,32 $;0,00 $;5,68 $;-3538,56 $;0,00 $;100,00%;329,32 $;329,32 $;0,00 $;329,32 $;0,00 $;150,00;90,00 $;675,00 $;345,68 $;0,07%;
06/10/2023;1;17388,92 $;749,32 $;749,32 $;0,00 $;5,68 $;-2789,24 $;0,00 $;100,00%;749,32 $;749,32 $;0,00 $;749,32 $;0,00 $;240,00;5,00 $;1020,00 $;270,68 $;0,07%;
09/10/2023;1;17243,24 $;-145,68 $;0,00 $;-145,68 $;5,68 $;-2934,92 $;-145,68 $;0,00%;-145,68 $;0,00 $;-145,68 $;0,00 $;-145,68 $;30,00;210,00 $;5,00 $;150,68 $;0,07%;
10/10/2023;1;16957,56 $;-285,68 $;0,00 $;-285,68 $;5,68 $;-3220,60 $;-285,68 $;0,00%;-285,68 $;0,00 $;-285,68 $;0,00 $;-285,68 $;240,00;385,00 $;80,00 $;365,68 $;0,07%;
11/10/2023;1;17361,88 $;404,32 $;404,32 $;0,00 $;5,68 $;-2816,28 $;0,00 $;100,00%;404,32 $;404,32 $;0,00 $;404,32 $;0,00 $;30,00;45,00 $;450,00 $;45,68 $;0,07%;
16/10/2023;1;17471,20 $;109,32 $;109,32 $;0,00 $;5,68 $;-2706,96 $;0,00 $;100,00%;109,32 $;109,32 $;0,00 $;109,32 $;0,00 $;240,00;290,00 $;195,00 $;85,68 $;0,07%;
17/10/2023;1;17440,52 $;-30,68 $;0,00 $;-30,68 $;5,68 $;-2737,64 $;-30,68 $;0,00%;-30,68 $;0,00 $;-30,68 $;0,00 $;-30,68 $;240,00;245,00 $;570,00 $;600,68 $;0,07%;
18/10/2023;1;16904,84 $;-535,68 $;0,00 $;-535,68 $;5,68 $;-3273,32 $;-535,68 $;0,00%;-535,68 $;0,00 $;-535,68 $;0,00 $;-535,68 $;90,00;630,00 $;100,00 $;635,68 $;0,07%;
19/10/2023;1;15489,16 $;-1415,68 $;0,00 $;-1415,68 $;5,68 $;-4689,00 $;-1415,68 $;0,00%;-1415,68 $;0,00 $;-1415,68 $;0,00 $;-1415,68 $;150,00;1475,00 $;85,00 $;1500,68 $;0,07%;
23/10/2023;1;14648,48 $;-840,68 $;0,00 $;-840,68 $;5,68 $;-5529,68 $;-840,68 $;0,00%;-840,68 $;0,00 $;-840,68 $;0,00 $;-840,68 $;240,00;865,00 $;240,00 $;1080,68 $;0,07%;
24/10/2023;1;14747,80 $;99,32 $;99,32 $;0,00 $;5,68 $;-5430,36 $;0,00 $;100,00%;99,32 $;99,32 $;0,00 $;99,32 $;0,00 $;240,00;490,00 $;150,00 $;50,68 $;0,07%;
25/10/2023;1;14602,12 $;-145,68 $;0,00 $;-145,68 $;5,68 $;-5576,04 $;-145,68 $;0,00%;-145,68 $;0,00 $;-145,68 $;0,00 $;-145,68 $;210,00;415,00 $;140,00 $;285,68 $;0,07%;
26/10/2023;1;14421,44 $;-180,68 $;0,00 $;-180,68 $;5,68 $;-5756,72 $;-180,68 $;0,00%;-180,68 $;0,00 $;-180,68 $;0,00 $;-180,68 $;90,00;390,00 $;530,00 $;710,68 $;0,07%;
30/10/2023;1;14665,76 $;244,32 $;244,32 $;0,00 $;5,68 $;-5512,40 $;0,00 $;100,00%;244,32 $;244,32 $;0,00 $;244,32 $;0,00 $;210,00;295,00 $;725,00 $;480,68 $;0,07%;
31/10/2023;1;14600,08 $;-65,68 $;0,00 $;-65,68 $;5,68 $;-5578,08 $;-65,68 $;0,00%;-65,68 $;0,00 $;-65,68 $;0,00 $;-65,68 $;150,00;110,00 $;320,00 $;385,68 $;0,07%;
01/11/2023;2;15123,72 $;523,64 $;523,64 $;0,00 $;11,36 $;-5108,76 $;0,00 $;100,00%;261,82 $;261,82 $;0,00 $;469,32 $;0,00 $;240,00;295,00 $;322,50 $;60,68 $;0,14%;
03/11/2023;1;15123,04 $;-0,68 $;0,00 $;-0,68 $;5,68 $;-5055,12 $;-0,68 $;0,00%;-0,68 $;0,00 $;-0,68 $;0,00 $;-0,68 $;210,00;150,00 $;610,00 $;610,68 $;0,07%;
07/11/2023;1;15147,36 $;24,32 $;24,32 $;0,00 $;5,68 $;-5030,80 $;0,00 $;100,00%;24,32 $;24,32 $;0,00 $;24,32 $;0,00 $;240,00;400,00 $;160,00 $;135,68 $;0,07%;
08/11/2023;1;15236,68 $;89,32 $;89,32 $;0,00 $;5,68 $;-4941,48 $;0,00 $;100,00%;89,32 $;89,32 $;0,00 $;89,32 $;0,00 $;210,00;125,00 $;335,00 $;245,68 $;0,07%;
09/11/2023;1;13991,00 $;-1245,68 $;0,00 $;-1245,68 $;5,68 $;-6187,16 $;-1245,68 $;0,00%;-1245,68 $;0,00 $;-1245,68 $;0,00 $;-1245,68 $;240,00;1325,00 $;255,00 $;1500,68 $;0,07%;
10/11/2023;1;14690,32 $;699,32 $;699,32 $;0,00 $;5,68 $;-5487,84 $;0,00 $;100,00%;699,32 $;699,32 $;0,00 $;699,32 $;0,00 $;210,00;5,00 $;990,00 $;290,68 $;0,07%;
13/11/2023;1;14749,64 $;59,32 $;59,32 $;0,00 $;5,68 $;-5428,52 $;0,00 $;100,00%;59,32 $;59,32 $;0,00 $;59,32 $;0,00 $;240,00;150,00 $;290,00 $;230,68 $;0,07%;
14/11/2023;2;15018,28 $;268,64 $;268,64 $;0,00 $;11,36 $;-5219,20 $;0,00 $;100,00%;134,32 $;134,32 $;0,00 $;209,32 $;0,00 $;240,00;312,50 $;162,50 $;28,18 $;0,14%;
15/11/2023;1;14142,60 $;-875,68 $;0,00 $;-875,68 $;5,68 $;-6035,56 $;-875,68 $;0,00%;-875,68 $;0,00 $;-875,68 $;0,00 $;-875,68 $;210,00;885,00 $;120,00 $;995,68 $;0,07%;
16/11/2023;1;14456,92 $;314,32 $;314,32 $;0,00 $;5,68 $;-5721,24 $;0,00 $;100,00%;314,32 $;314,32 $;0,00 $;314,32 $;0,00 $;240,00;265,00 $;410,00 $;95,68 $;0,07%;
17/11/2023;1;14756,24 $;299,32 $;299,32 $;0,00 $;5,68 $;-5421,92 $;0,00 $;100,00%;299,32 $;299,32 $;0,00 $;299,32 $;0,00 $;240,00;100,00 $;420,00 $;120,68 $;0,07%;
20/11/2023;1;14745,56 $;-10,68 $;0,00 $;-10,68 $;5,68 $;-5432,60 $;-10,68 $;0,00%;-10,68 $;0,00 $;-10,68 $;0,00 $;-10,68 $;240,00;235,00 $;155,00 $;165,68 $;0,07%;
21/11/2023;1;14574,88 $;-170,68 $;0,00 $;-170,68 $;5,68 $;-5603,28 $;-170,68 $;0,00%;-170,68 $;0,00 $;-170,68 $;0,00 $;-170,68 $;30,00;350,00 $;10,00 $;180,68 $;0,07%;
22/11/2023;1;14644,20 $;69,32 $;69,32 $;0,00 $;5,68 $;-5533,96 $;0,00 $;100,00%;69,32 $;69,32 $;0,00 $;69,32 $;0,00 $;210,00;335,00 $;155,00 $;85,68 $;0,07%;
23/11/2023;1;14528,52 $;-115,68 $;0,00 $;-115,68 $;5,68 $;-5649,64 $;-115,68 $;0,00%;-115,68 $;0,00 $;-115,68 $;0,00 $;-115,68 $;30,00;145,00 $;30,00 $;145,68 $;0,07%;
24/11/2023;1;14527,84 $;-0,68 $;0,00 $;-0,68 $;5,68 $;-5650,32 $;-0,68 $;0,00%;-0,68 $;0,00 $;-0,68 $;0,00 $;-0,68 $;45,00;145,00 $;115,00 $;115,68 $;0,07%;
27/11/2023;2;14586,48 $;58,64 $;144,32 $;-85,68 $;11,36 $;-5591,68 $;-85,68 $;50,00%;29,32 $;144,32 $;-85,68 $;144,32 $;-85,68 $;330,00;145,00 $;140,00 $;110,68 $;0,14%;
28/11/2023;1;14380,80 $;-205,68 $;0,00 $;-205,68 $;5,68 $;-5797,36 $;-205,68 $;0,00%;-205,68 $;0,00 $;-205,68 $;0,00 $;-205,68 $;210,00;520,00 $;15,00 $;220,68 $;0,07%;
30/11/2023;1;14060,12 $;-320,68 $;0,00 $;-320,68 $;5,68 $;-6118,04 $;-320,68 $;0,00%;-320,68 $;0,00 $;-320,68 $;0,00 $;-320,68 $;240,00;445,00 $;85,00 $;405,68 $;0,07%;
01/12/2023;1;14714,44 $;654,32 $;654,32 $;0,00 $;5,68 $;-5463,72 $;0,00 $;100,00%;654,32 $;654,32 $;0,00 $;654,32 $;0,00 $;240,00;250,00 $;800,00 $;145,68 $;0,07%;
05/12/2023;1;14313,76 $;-400,68 $;0,00 $;-400,68 $;5,68 $;-5864,40 $;-400,68 $;0,00%;-400,68 $;0,00 $;-400,68 $;0,00 $;-400,68 $;240,00;695,00 $;225,00 $;625,68 $;0,07%;
07/12/2023;1;14593,08 $;279,32 $;279,32 $;0,00 $;5,68 $;-5585,08 $;0,00 $;100,00%;279,32 $;279,32 $;0,00 $;279,32 $;0,00 $;240,00;80,00 $;450,00 $;170,68 $;0,07%;
08/12/2023;1;15072,40 $;479,32 $;479,32 $;0,00 $;5,68 $;-5105,76 $;0,00 $;100,00%;479,32 $;479,32 $;0,00 $;479,32 $;0,00 $;240,00;375,00 $;540,00 $;60,68 $;0,07%;
11/12/2023;1;15066,72 $;-5,68 $;0,00 $;-5,68 $;5,68 $;-5111,44 $;-5,68 $;0,00%;-5,68 $;0,00 $;-5,68 $;0,00 $;-5,68 $;90,00;165,00 $;45,00 $;50,68 $;0,07%;
12/12/2023;1;15496,04 $;429,32 $;429,32 $;0,00 $;5,68 $;-4682,12 $;0,00 $;100,00%;429,32 $;429,32 $;0,00 $;429,32 $;0,00 $;210,00;145,00 $;675,00 $;245,68 $;0,07%;
13/12/2023;1;19265,36 $;3769,32 $;3769,32 $;0,00 $;5,68 $;-912,80 $;0,00 $;100,00%;3769,32 $;3769,32 $;0,00 $;3769,32 $;0,00 $;210,00;370,00 $;3915,00 $;145,68 $;0,07%;
14/12/2023;1;19554,68 $;289,32 $;289,32 $;0,00 $;5,68 $;-623,48 $;0,00 $;100,00%;289,32 $;289,32 $;0,00 $;289,32 $;0,00 $;240,00;960,00 $;555,00 $;265,68 $;0,07%;
15/12/2023;2;19218,32 $;-336,36 $;39,32 $;-375,68 $;11,36 $;-999,16 $;-375,68 $;50,00%;-168,18 $;39,32 $;-375,68 $;39,32 $;-375,68 $;270,00;567,50 $;100,00 $;268,18 $;0,14%;
19/12/2023;1;19517,64 $;299,32 $;299,32 $;0,00 $;5,68 $;-660,52 $;0,00 $;100,00%;299,32 $;299,32 $;0,00 $;299,32 $;0,00 $;240,00;430,00 $;310,00 $;10,68 $;0,07%;
20/12/2023;1;16891,96 $;-2625,68 $;0,00 $;-2625,68 $;5,68 $;-3286,20 $;-2625,68 $;0,00%;-2625,68 $;0,00 $;-2625,68 $;0,00 $;-2625,68 $;210,00;2890,00 $;225,00 $;2850,68 $;0,07%;
21/12/2023;1;17836,28 $;944,32 $;944,32 $;0,00 $;5,68 $;-2341,88 $;0,00 $;100,00%;944,32 $;944,32 $;0,00 $;944,32 $;0,00 $;210,00;195,00 $;1015,00 $;70,68 $;0,07%;
22/12/2023;1;17780,60 $;-55,68 $;0,00 $;-55,68 $;5,68 $;-2397,56 $;-55,68 $;0,00%;-55,68 $;0,00 $;-55,68 $;0,00 $;-55,68 $;0,00;90,00 $;15,00 $;70,68 $;0,07%;
27/12/2023;1;17984,92 $;204,32 $;204,32 $;0,00 $;5,68 $;-2193,24 $;0,00 $;100,00%;204,32 $;204,32 $;0,00 $;204,32 $;0,00 $;240,00;120,00 $;775,00 $;570,68 $;0,07%;
28/12/2023;1;17784,24 $;-200,68 $;0,00 $;-200,68 $;5,68 $;-2393,92 $;-200,68 $;0,00%;-200,68 $;0,00 $;-200,68 $;0,00 $;-200,68 $;240,00;405,00 $;225,00 $;425,68 $;0,07%;
29/12/2023;1;18203,56 $;419,32 $;419,32 $;0,00 $;5,68 $;-1974,60 $;0,00 $;100,00%;419,32 $;419,32 $;0,00 $;419,32 $;0,00 $;240,00;110,00 $;450,00 $;30,68 $;0,07%;
03/01/2024;1;16797,88 $;-1405,68 $;0,00 $;-1405,68 $;5,68 $;-3380,28 $;-1405,68 $;0,00%;-1405,68 $;0,00 $;-1405,68 $;0,00 $;-1405,68 $;240,00;1530,00 $;75,00 $;1480,68 $;0,07%;
04/01/2024;1;16402,20 $;-395,68 $;0,00 $;-395,68 $;5,68 $;-3775,96 $;-395,68 $;0,00%;-395,68 $;0,00 $;-395,68 $;0,00 $;-395,68 $;240,00;630,00 $;145,00 $;540,68 $;0,07%;
05/01/2024;1;16016,52 $;-385,68 $;0,00 $;-385,68 $;5,68 $;-4161,64 $;-385,68 $;0,00%;-385,68 $;0,00 $;-385,68 $;0,00 $;-385,68 $;240,00;715,00 $;160,00 $;545,68 $;0,07%;
08/01/2024;1;16810,84 $;794,32 $;794,32 $;0,00 $;5,68 $;-3367,32 $;0,00 $;100,00%;794,32 $;794,32 $;0,00 $;794,32 $;0,00 $;240,00;115,00 $;915,00 $;120,68 $;0,07%;
09/01/2024;1;16580,16 $;-230,68 $;0,00 $;-230,68 $;5,68 $;-3598,00 $;-230,68 $;0,00%;-230,68 $;0,00 $;-230,68 $;0,00 $;-230,68 $;210,00;425,00 $;220,00 $;450,68 $;0,07%;
11/01/2024;1;16559,48 $;-20,68 $;0,00 $;-20,68 $;5,68 $;-3618,68 $;-20,68 $;0,00%;-20,68 $;0,00 $;-20,68 $;0,00 $;-20,68 $;90,00;230,00 $;205,00 $;225,68 $;0,07%;
16/01/2024;1;16473,80 $;-85,68 $;0,00 $;-85,68 $;5,68 $;-3704,36 $;-85,68 $;0,00%;-85,68 $;0,00 $;-85,68 $;0,00 $;-85,68 $;210,00;540,00 $;205,00 $;290,68 $;0,07%;
17/01/2024;1;16908,12 $;434,32 $;434,32 $;0,00 $;5,68 $;-3270,04 $;0,00 $;100,00%;434,32 $;434,32 $;0,00 $;434,32 $;0,00 $;30,00;20,00 $;570,00 $;135,68 $;0,07%;
18/01/2024;1;17257,44 $;349,32 $;349,32 $;0,00 $;5,68 $;-2920,72 $;0,00 $;100,00%;349,32 $;349,32 $;0,00 $;349,32 $;0,00 $;240,00;795,00 $;360,00 $;10,68 $;0,07%;
19/01/2024;1;18471,76 $;1214,32 $;1214,32 $;0,00 $;5,68 $;-1706,40 $;0,00 $;100,00%;1214,32 $;1214,32 $;0,00 $;1214,32 $;0,00 $;210,00;110,00 $;1295,00 $;80,68 $;0,07%;
22/01/2024;1;18691,08 $;219,32 $;219,32 $;0,00 $;5,68 $;-1487,08 $;0,00 $;100,00%;219,32 $;219,32 $;0,00 $;219,32 $;0,00 $;240,00;635,00 $;225,00 $;5,68 $;0,07%;
23/01/2024;1;18705,40 $;14,32 $;14,32 $;0,00 $;5,68 $;-1472,76 $;0,00 $;100,00%;14,32 $;14,32 $;0,00 $;14,32 $;0,00 $;90,00;115,00 $;430,00 $;415,68 $;0,07%;
29/01/2024;1;19824,72 $;1119,32 $;1119,32 $;0,00 $;5,68 $;-353,44 $;0,00 $;100,00%;1119,32 $;1119,32 $;0,00 $;1119,32 $;0,00 $;210,00;125,00 $;1275,00 $;155,68 $;0,07%;
30/01/2024;1;20074,04 $;249,32 $;249,32 $;0,00 $;5,68 $;-104,12 $;0,00 $;100,00%;249,32 $;249,32 $;0,00 $;249,32 $;0,00 $;150,00;85,00 $;370,00 $;120,68 $;0,07%;
31/01/2024;1;18983,36 $;-1090,68 $;0,00 $;-1090,68 $;5,68 $;-1194,80 $;-1090,68 $;0,00%;-1090,68 $;0,00 $;-1090,68 $;0,00 $;-1090,68 $;240,00;1560,00 $;1170,00 $;2260,68 $;0,07%;
01/02/2024;1;20562,68 $;1579,32 $;1579,32 $;0,00 $;5,68 $;0,00 $;0,00 $;100,00%;1579,32 $;1579,32 $;0,00 $;1579,32 $;0,00 $;240,00;5,00 $;1830,00 $;250,68 $;0,07%;
02/02/2024;1;20597,00 $;34,32 $;34,32 $;0,00 $;5,68 $;0,00 $;0,00 $;100,00%;34,32 $;34,32 $;0,00 $;34,32 $;0,00 $;210,00;645,00 $;665,00 $;630,68 $;0,07%;
05/02/2024;1;20536,32 $;-60,68 $;0,00 $;-60,68 $;5,68 $;-60,68 $;-60,68 $;0,00%;-60,68 $;0,00 $;-60,68 $;0,00 $;-60,68 $;150,00;190,00 $;635,00 $;695,68 $;0,07%;
06/02/2024;2;20424,96 $;-111,36 $;99,32 $;-210,68 $;11,36 $;-271,36 $;-210,68 $;50,00%;-55,68 $;99,32 $;-210,68 $;99,32 $;-210,68 $;270,00;305,00 $;95,00 $;150,68 $;0,14%;
07/02/2024;1;20794,28 $;369,32 $;369,32 $;0,00 $;5,68 $;0,00 $;0,00 $;100,00%;369,32 $;369,32 $;0,00 $;369,32 $;0,00 $;240,00;165,00 $;600,00 $;230,68 $;0,07%;
08/02/2024;1;21083,60 $;289,32 $;289,32 $;0,00 $;5,68 $;0,00 $;0,00 $;100,00%;289,32 $;289,32 $;0,00 $;289,32 $;0,00 $;150,00;30,00 $;425,00 $;135,68 $;0,07%;
09/02/2024;1;22147,92 $;1064,32 $;1064,32 $;0,00 $;5,68 $;0,00 $;0,00 $;100,00%;1064,32 $;1064,32 $;0,00 $;1064,32 $;0,00 $;240,00;140,00 $;1220,00 $;155,68 $;0,07%;
12/02/2024;1;22257,24 $;109,32 $;109,32 $;0,00 $;5,68 $;0,00 $;0,00 $;100,00%;109,32 $;109,32 $;0,00 $;109,32 $;0,00 $;240,00;315,00 $;365,00 $;255,68 $;0,07%;
14/02/2024;1;23351,56 $;1094,32 $;1094,32 $;0,00 $;5,68 $;0,00 $;0,00 $;100,00%;1094,32 $;1094,32 $;0,00 $;1094,32 $;0,00 $;240,00;510,00 $;1195,00 $;100,68 $;0,07%;
15/02/2024;1;24655,88 $;1304,32 $;1304,32 $;0,00 $;5,68 $;0,00 $;0,00 $;100,00%;1304,32 $;1304,32 $;0,00 $;1304,32 $;0,00 $;240,00;75,00 $;1525,00 $;220,68 $;0,07%;
16/02/2024;1;24410,20 $;-245,68 $;0,00 $;-245,68 $;5,68 $;-245,68 $;-245,68 $;0,00%;-245,68 $;0,00 $;-245,68 $;0,00 $;-245,68 $;240,00;435,00 $;420,00 $;665,68 $;0,07%;
21/02/2024;1;25014,52 $;604,32 $;604,32 $;0,00 $;5,68 $;0,00 $;0,00 $;100,00%;604,32 $;604,32 $;0,00 $;604,32 $;0,00 $;30,00;15,00 $;810,00 $;205,68 $;0,07%;
23/02/2024;1;24388,84 $;-625,68 $;0,00 $;-625,68 $;5,68 $;-625,68 $;-625,68 $;0,00%;-625,68 $;0,00 $;-625,68 $;0,00 $;-625,68 $;150,00;620,00 $;110,00 $;735,68 $;0,07%;
26/02/2024;1;24383,16 $;-5,68 $;0,00 $;-5,68 $;5,68 $;-631,36 $;-5,68 $;0,00%;-5,68 $;0,00 $;-5,68 $;0,00 $;-5,68 $;0,00;45,00 $;25,00 $;30,68 $;0,07%;
27/02/2024;1;24527,48 $;144,32 $;144,32 $;0,00 $;5,68 $;-487,04 $;0,00 $;100,00%;144,32 $;144,32 $;0,00 $;144,32 $;0,00 $;210,00;285,00 $;260,00 $;115,68 $;0,07%;
28/02/2024;1;23931,80 $;-595,68 $;0,00 $;-595,68 $;5,68 $;-1082,72 $;-595,68 $;0,00%;-595,68 $;0,00 $;-595,68 $;0,00 $;-595,68 $;150,00;700,00 $;35,00 $;630,68 $;0,07%;
29/02/2024;1;23991,12 $;59,32 $;59,32 $;0,00 $;5,68 $;-1023,40 $;0,00 $;100,00%;59,32 $;59,32 $;0,00 $;59,32 $;0,00 $;240,00;505,00 $;230,00 $;170,68 $;0,07%;
01/03/2024;1;24055,44 $;64,32 $;64,32 $;0,00 $;5,68 $;-959,08 $;0,00 $;100,00%;64,32 $;64,32 $;0,00 $;64,32 $;0,00 $;240,00;160,00 $;295,00 $;230,68 $;0,07%;
05/03/2024;1;23384,76 $;-670,68 $;0,00 $;-670,68 $;5,68 $;-1629,76 $;-670,68 $;0,00%;-670,68 $;0,00 $;-670,68 $;0,00 $;-670,68 $;240,00;715,00 $;385,00 $;1055,68 $;0,07%;
06/03/2024;1;23019,08 $;-365,68 $;0,00 $;-365,68 $;5,68 $;-1995,44 $;-365,68 $;0,00%;-365,68 $;0,00 $;-365,68 $;0,00 $;-365,68 $;240,00;690,00 $;95,00 $;460,68 $;0,07%;
07/03/2024;1;22918,40 $;-100,68 $;0,00 $;-100,68 $;5,68 $;-2096,12 $;-100,68 $;0,00%;-100,68 $;0,00 $;-100,68 $;0,00 $;-100,68 $;210,00;195,00 $;255,00 $;355,68 $;0,07%;
08/03/2024;1;23137,72 $;219,32 $;219,32 $;0,00 $;5,68 $;-1876,80 $;0,00 $;100,00%;219,32 $;219,32 $;0,00 $;219,32 $;0,00 $;150,00;380,00 $;620,00 $;400,68 $;0,07%;
11/03/2024;1;22977,04 $;-160,68 $;0,00 $;-160,68 $;5,68 $;-2037,48 $;-160,68 $;0,00%;-160,68 $;0,00 $;-160,68 $;0,00 $;-160,68 $;150,00;510,00 $;45,00 $;205,68 $;0,07%;
12/03/2024;1;23251,36 $;274,32 $;274,32 $;0,00 $;5,68 $;-1763,16 $;0,00 $;100,00%;274,32 $;274,32 $;0,00 $;274,32 $;0,00 $;150,00;25,00 $;595,00 $;320,68 $;0,07%;
13/03/2024;1;22805,68 $;-445,68 $;0,00 $;-445,68 $;5,68 $;-2208,84 $;-445,68 $;0,00%;-445,68 $;0,00 $;-445,68 $;0,00 $;-445,68 $;240,00;625,00 $;305,00 $;750,68 $;0,07%;
14/03/2024;1;23040,00 $;234,32 $;234,32 $;0,00 $;5,68 $;-1974,52 $;0,00 $;100,00%;234,32 $;234,32 $;0,00 $;234,32 $;0,00 $;150,00;655,00 $;445,00 $;210,68 $;0,07%;
19/03/2024;1;23494,32 $;454,32 $;454,32 $;0,00 $;5,68 $;-1520,20 $;0,00 $;100,00%;454,32 $;454,32 $;0,00 $;454,32 $;0,00 $;240,00;5,00 $;840,00 $;385,68 $;0,07%;
20/03/2024;2;25357,96 $;1863,64 $;1879,32 $;-15,68 $;11,36 $;-15,68 $;-15,68 $;50,00%;931,82 $;1879,32 $;-15,68 $;1879,32 $;-15,68 $;270,00;232,50 $;1002,50 $;70,68 $;0,14%;
22/03/2024;1;24972,28 $;-385,68 $;0,00 $;-385,68 $;5,68 $;-401,36 $;-385,68 $;0,00%;-385,68 $;0,00 $;-385,68 $;0,00 $;-385,68 $;240,00;520,00 $;10,00 $;395,68 $;0,07%;
25/03/2024;1;24566,60 $;-405,68 $;0,00 $;-405,68 $;5,68 $;-807,04 $;-405,68 $;0,00%;-405,68 $;0,00 $;-405,68 $;0,00 $;-405,68 $;240,00;500,00 $;100,00 $;505,68 $;0,07%;
26/03/2024;1;24320,92 $;-245,68 $;0,00 $;-245,68 $;5,68 $;-1052,72 $;-245,68 $;0,00%;-245,68 $;0,00 $;-245,68 $;0,00 $;-245,68 $;210,00;505,00 $;235,00 $;480,68 $;0,07%;
27/03/2024;1;24810,24 $;489,32 $;489,32 $;0,00 $;5,68 $;-563,40 $;0,00 $;100,00%;489,32 $;489,32 $;0,00 $;489,32 $;0,00 $;240,00;135,00 $;545,00 $;55,68 $;0,07%;
28/03/2024;1;24269,56 $;-540,68 $;0,00 $;-540,68 $;5,68 $;-1104,08 $;-540,68 $;0,00%;-540,68 $;0,00 $;-540,68 $;0,00 $;-540,68 $;240,00;690,00 $;235,00 $;775,68 $;0,07%;
02/04/2024;1;24013,88 $;-255,68 $;0,00 $;-255,68 $;5,68 $;-1359,76 $;-255,68 $;0,00%;-255,68 $;0,00 $;-255,68 $;0,00 $;-255,68 $;240,00;590,00 $;0,00 $;255,68 $;0,07%;
03/04/2024;1;23673,20 $;-340,68 $;0,00 $;-340,68 $;5,68 $;-1700,44 $;-340,68 $;0,00%;-340,68 $;0,00 $;-340,68 $;0,00 $;-340,68 $;240,00;415,00 $;175,00 $;515,68 $;0,07%;
05/04/2024;1;23847,52 $;174,32 $;174,32 $;0,00 $;5,68 $;-1526,12 $;0,00 $;100,00%;174,32 $;174,32 $;0,00 $;174,32 $;0,00 $;240,00;60,00 $;685,00 $;510,68 $;0,07%;
08/04/2024;1;23921,84 $;74,32 $;74,32 $;0,00 $;5,68 $;-1451,80 $;0,00 $;100,00%;74,32 $;74,32 $;0,00 $;74,32 $;0,00 $;240,00;325,00 $;200,00 $;125,68 $;0,07%;
09/04/2024;1;23861,16 $;-60,68 $;0,00 $;-60,68 $;5,68 $;-1512,48 $;-60,68 $;0,00%;-60,68 $;0,00 $;-60,68 $;0,00 $;-60,68 $;0,00;95,00 $;40,00 $;100,68 $;0,07%;
10/04/2024;1;24390,48 $;529,32 $;529,32 $;0,00 $;5,68 $;-983,16 $;0,00 $;100,00%;529,32 $;529,32 $;0,00 $;529,32 $;0,00 $;90,00;135,00 $;645,00 $;115,68 $;0,07%;
12/04/2024;1;24799,80 $;409,32 $;409,32 $;0,00 $;5,68 $;-573,84 $;0,00 $;100,00%;409,32 $;409,32 $;0,00 $;409,32 $;0,00 $;30,00;30,00 $;525,00 $;115,68 $;0,07%;
15/04/2024;1;23949,12 $;-850,68 $;0,00 $;-850,68 $;5,68 $;-1424,52 $;-850,68 $;0,00%;-850,68 $;0,00 $;-850,68 $;0,00 $;-850,68 $;210,00;1160,00 $;0,00 $;850,68 $;0,07%;
16/04/2024;1;23893,44 $;-55,68 $;0,00 $;-55,68 $;5,68 $;-1480,20 $;-55,68 $;0,00%;-55,68 $;0,00 $;-55,68 $;0,00 $;-55,68 $;210,00;605,00 $;560,00 $;615,68 $;0,07%;
17/04/2024;1;23232,76 $;-660,68 $;0,00 $;-660,68 $;5,68 $;-2140,88 $;-660,68 $;0,00%;-660,68 $;0,00 $;-660,68 $;0,00 $;-660,68 $;90,00;795,00 $;435,00 $;1095,68 $;0,07%;
19/04/2024;1;22857,08 $;-375,68 $;0,00 $;-375,68 $;5,68 $;-2516,56 $;-375,68 $;0,00%;-375,68 $;0,00 $;-375,68 $;0,00 $;-375,68 $;240,00;905,00 $;200,00 $;575,68 $;0,07%;
22/04/2024;1;23901,40 $;1044,32 $;1044,32 $;0,00 $;5,68 $;-1472,24 $;0,00 $;100,00%;1044,32 $;1044,32 $;0,00 $;1044,32 $;0,00 $;240,00;65,00 $;1430,00 $;385,68 $;0,07%;
23/04/2024;1;23885,72 $;-15,68 $;0,00 $;-15,68 $;5,68 $;-1487,92 $;-15,68 $;0,00%;-15,68 $;0,00 $;-15,68 $;0,00 $;-15,68 $;240,00;255,00 $;365,00 $;380,68 $;0,07%;
24/04/2024;1;24255,04 $;369,32 $;369,32 $;0,00 $;5,68 $;-1118,60 $;0,00 $;100,00%;369,32 $;369,32 $;0,00 $;369,32 $;0,00 $;90,00;180,00 $;450,00 $;80,68 $;0,07%;
25/04/2024;2;25073,68 $;818,64 $;818,64 $;0,00 $;11,36 $;-334,28 $;0,00 $;100,00%;409,32 $;409,32 $;0,00 $;784,32 $;0,00 $;240,00;120,00 $;505,00 $;95,68 $;0,14%;
29/04/2024;1;24828,00 $;-245,68 $;0,00 $;-245,68 $;5,68 $;-545,64 $;-245,68 $;0,00%;-245,68 $;0,00 $;-245,68 $;0,00 $;-245,68 $;210,00;640,00 $;150,00 $;395,68 $;0,07%;
01/05/2024;2;26611,64 $;1783,64 $;1783,64 $;0,00 $;11,36 $;0,00 $;0,00 $;100,00%;891,82 $;891,82 $;0,00 $;1689,32 $;0,00 $;240,00;125,00 $;1332,50 $;440,68 $;0,14%;
03/05/2024;1;26730,96 $;119,32 $;119,32 $;0,00 $;5,68 $;0,00 $;0,00 $;100,00%;119,32 $;119,32 $;0,00 $;119,32 $;0,00 $;210,00;315,00 $;195,00 $;75,68 $;0,07%;
06/05/2024;1;26570,28 $;-160,68 $;0,00 $;-160,68 $;5,68 $;-160,68 $;-160,68 $;0,00%;-160,68 $;0,00 $;-160,68 $;0,00 $;-160,68 $;90,00;325,00 $;5,00 $;165,68 $;0,07%;
07/05/2024;1;26509,60 $;-60,68 $;0,00 $;-60,68 $;5,68 $;-221,36 $;-60,68 $;0,00%;-60,68 $;0,00 $;-60,68 $;0,00 $;-60,68 $;0,00;75,00 $;25,00 $;85,68 $;0,07%;
08/05/2024;1;26503,92 $;-5,68 $;0,00 $;-5,68 $;5,68 $;-227,04 $;-5,68 $;0,00%;-5,68 $;0,00 $;-5,68 $;0,00 $;-5,68 $;240,00;385,00 $;55,00 $;60,68 $;0,07%;
09/05/2024;1;26758,24 $;254,32 $;254,32 $;0,00 $;5,68 $;0,00 $;0,00 $;100,00%;254,32 $;254,32 $;0,00 $;254,32 $;0,00 $;240,00;130,00 $;320,00 $;65,68 $;0,07%;
13/05/2024;1;26642,56 $;-115,68 $;0,00 $;-115,68 $;5,68 $;-115,68 $;-115,68 $;0,00%;-115,68 $;0,00 $;-115,68 $;0,00 $;-115,68 $;150,00;220,00 $;150,00 $;265,68 $;0,07%;
14/05/2024;1;26536,88 $;-105,68 $;0,00 $;-105,68 $;5,68 $;-221,36 $;-105,68 $;0,00%;-105,68 $;0,00 $;-105,68 $;0,00 $;-105,68 $;240,00;490,00 $;10,00 $;115,68 $;0,07%;
15/05/2024;1;26511,20 $;-25,68 $;0,00 $;-25,68 $;5,68 $;-247,04 $;-25,68 $;0,00%;-25,68 $;0,00 $;-25,68 $;0,00 $;-25,68 $;210,00;200,00 $;220,00 $;245,68 $;0,07%;
16/05/2024;1;26390,52 $;-120,68 $;0,00 $;-120,68 $;5,68 $;-367,72 $;-120,68 $;0,00%;-120,68 $;0,00 $;-120,68 $;0,00 $;-120,68 $;240,00;425,00 $;25,00 $;145,68 $;0,07%;
17/05/2024;2;26344,16 $;-46,36 $;0,00 $;-46,36 $;11,36 $;-414,08 $;-46,36 $;0,00%;-23,18 $;0,00 $;-23,18 $;0,00 $;-35,68 $;270,00;165,00 $;112,50 $;135,68 $;0,14%;
20/05/2024;1;26123,48 $;-220,68 $;0,00 $;-220,68 $;5,68 $;-634,76 $;-220,68 $;0,00%;-220,68 $;0,00 $;-220,68 $;0,00 $;-220,68 $;240,00;445,00 $;55,00 $;275,68 $;0,07%;
21/05/2024;1;26177,80 $;54,32 $;54,32 $;0,00 $;5,68 $;-580,44 $;0,00 $;100,00%;54,32 $;54,32 $;0,00 $;54,32 $;0,00 $;90,00;75,00 $;150,00 $;95,68 $;0,07%;
22/05/2024;1;25227,12 $;-950,68 $;0,00 $;-950,68 $;5,68 $;-1531,12 $;-950,68 $;0,00%;-950,68 $;0,00 $;-950,68 $;0,00 $;-950,68 $;210,00;1200,00 $;55,00 $;1005,68 $;0,07%;
24/05/2024;1;25021,44 $;-205,68 $;0,00 $;-205,68 $;5,68 $;-1736,80 $;-205,68 $;0,00%;-205,68 $;0,00 $;-205,68 $;0,00 $;-205,68 $;240,00;390,00 $;110,00 $;315,68 $;0,07%;
27/05/2024;1;25280,76 $;259,32 $;259,32 $;0,00 $;5,68 $;-1477,48 $;0,00 $;100,00%;259,32 $;259,32 $;0,00 $;259,32 $;0,00 $;30,00;10,00 $;400,00 $;140,68 $;0,07%;
28/05/2024;1;24890,08 $;-390,68 $;0,00 $;-390,68 $;5,68 $;-1868,16 $;-390,68 $;0,00%;-390,68 $;0,00 $;-390,68 $;0,00 $;-390,68 $;210,00;995,00 $;140,00 $;530,68 $;0,07%;
29/05/2024;1;24884,40 $;-5,68 $;0,00 $;-5,68 $;5,68 $;-1873,84 $;-5,68 $;0,00%;-5,68 $;0,00 $;-5,68 $;0,00 $;-5,68 $;90,00;110,00 $;185,00 $;190,68 $;0,07%;
30/05/2024;1;24688,72 $;-195,68 $;0,00 $;-195,68 $;5,68 $;-2069,52 $;-195,68 $;0,00%;-195,68 $;0,00 $;-195,68 $;0,00 $;-195,68 $;240,00;390,00 $;175,00 $;370,68 $;0,07%;
03/06/2024;1;24263,04 $;-425,68 $;0,00 $;-425,68 $;5,68 $;-2495,20 $;-425,68 $;0,00%;-425,68 $;0,00 $;-425,68 $;0,00 $;-425,68 $;240,00;1045,00 $;25,00 $;450,68 $;0,07%;
04/06/2024;1;24177,36 $;-85,68 $;0,00 $;-85,68 $;5,68 $;-2580,88 $;-85,68 $;0,00%;-85,68 $;0,00 $;-85,68 $;0,00 $;-85,68 $;210,00;240,00 $;355,00 $;440,68 $;0,07%;
05/06/2024;1;24526,68 $;349,32 $;349,32 $;0,00 $;5,68 $;-2231,56 $;0,00 $;100,00%;349,32 $;349,32 $;0,00 $;349,32 $;0,00 $;210,00;20,00 $;380,00 $;30,68 $;0,07%;
06/06/2024;1;24296,00 $;-230,68 $;0,00 $;-230,68 $;5,68 $;-2462,24 $;-230,68 $;0,00%;-230,68 $;0,00 $;-230,68 $;0,00 $;-230,68 $;240,00;570,00 $;20,00 $;250,68 $;0,07%;
07/06/2024;1;24095,32 $;-200,68 $;0,00 $;-200,68 $;5,68 $;-2662,92 $;-200,68 $;0,00%;-200,68 $;0,00 $;-200,68 $;0,00 $;-200,68 $;150,00;560,00 $;10,00 $;210,68 $;0,07%;
10/06/2024;1;24639,64 $;544,32 $;544,32 $;0,00 $;5,68 $;-2118,60 $;0,00 $;100,00%;544,32 $;544,32 $;0,00 $;544,32 $;0,00 $;240,00;25,00 $;575,00 $;30,68 $;0,07%;
11/06/2024;1;24438,96 $;-200,68 $;0,00 $;-200,68 $;5,68 $;-2319,28 $;-200,68 $;0,00%;-200,68 $;0,00 $;-200,68 $;0,00 $;-200,68 $;90,00;290,00 $;50,00 $;250,68 $;0,07%;
12/06/2024;1;23043,28 $;-1395,68 $;0,00 $;-1395,68 $;5,68 $;-3714,96 $;-1395,68 $;0,00%;-1395,68 $;0,00 $;-1395,68 $;0,00 $;-1395,68 $;240,00;1475,00 $;45,00 $;1440,68 $;0,07%;
14/06/2024;1;23307,60 $;264,32 $;264,32 $;0,00 $;5,68 $;-3450,64 $;0,00 $;100,00%;264,32 $;264,32 $;0,00 $;264,32 $;0,00 $;210,00;80,00 $;435,00 $;170,68 $;0,07%;
17/06/2024;1;23981,92 $;674,32 $;674,32 $;0,00 $;5,68 $;-2776,32 $;0,00 $;100,00%;674,32 $;674,32 $;0,00 $;674,32 $;0,00 $;210,00;75,00 $;975,00 $;300,68 $;0,07%;
18/06/2024;1;24006,24 $;24,32 $;24,32 $;0,00 $;5,68 $;-2752,00 $;0,00 $;100,00%;24,32 $;24,32 $;0,00 $;24,32 $;0,00 $;240,00;30,00 $;480,00 $;455,68 $;0,07%;
20/06/2024;1;23445,56 $;-560,68 $;0,00 $;-560,68 $;5,68 $;-3312,68 $;-560,68 $;0,00%;-560,68 $;0,00 $;-560,68 $;0,00 $;-560,68 $;240,00;885,00 $;85,00 $;645,68 $;0,07%;
24/06/2024;1;23074,88 $;-370,68 $;0,00 $;-370,68 $;5,68 $;-3683,36 $;-370,68 $;0,00%;-370,68 $;0,00 $;-370,68 $;0,00 $;-370,68 $;240,00;815,00 $;35,00 $;405,68 $;0,07%;
25/06/2024;1;22949,20 $;-125,68 $;0,00 $;-125,68 $;5,68 $;-3809,04 $;-125,68 $;0,00%;-125,68 $;0,00 $;-125,68 $;0,00 $;-125,68 $;90,00;250,00 $;0,00 $;125,68 $;0,07%;
26/06/2024;1;22888,52 $;-60,68 $;0,00 $;-60,68 $;5,68 $;-3869,72 $;-60,68 $;0,00%;-60,68 $;0,00 $;-60,68 $;0,00 $;-60,68 $;240,00;180,00 $;445,00 $;505,68 $;0,07%;
28/06/2024;1;22377,84 $;-510,68 $;0,00 $;-510,68 $;5,68 $;-4380,40 $;-510,68 $;0,00%;-510,68 $;0,00 $;-510,68 $;0,00 $;-510,68 $;240,00;585,00 $;205,00 $;715,68 $;0,07%;
02/07/2024;1;22492,16 $;114,32 $;114,32 $;0,00 $;5,68 $;-4266,08 $;0,00 $;100,00%;114,32 $;114,32 $;0,00 $;114,32 $;0,00 $;240,00;400,00 $;150,00 $;35,68 $;0,07%;
03/07/2024;1;22366,48 $;-125,68 $;0,00 $;-125,68 $;5,68 $;-4391,76 $;-125,68 $;0,00%;-125,68 $;0,00 $;-125,68 $;0,00 $;-125,68 $;45,00;215,00 $;80,00 $;205,68 $;0,07%;
05/07/2024;1;22455,80 $;89,32 $;89,32 $;0,00 $;5,68 $;-4302,44 $;0,00 $;100,00%;89,32 $;89,32 $;0,00 $;89,32 $;0,00 $;210,00;130,00 $;370,00 $;280,68 $;0,07%;
09/07/2024;1;22220,12 $;-235,68 $;0,00 $;-235,68 $;5,68 $;-4538,12 $;-235,68 $;0,00%;-235,68 $;0,00 $;-235,68 $;0,00 $;-235,68 $;150,00;380,00 $;160,00 $;395,68 $;0,07%;
10/07/2024;2;22573,76 $;353,64 $;353,64 $;0,00 $;11,36 $;-4203,80 $;0,00 $;100,00%;176,82 $;176,82 $;0,00 $;334,32 $;0,00 $;240,00;80,00 $;207,50 $;30,68 $;0,14%;
11/07/2024;1;23313,08 $;739,32 $;739,32 $;0,00 $;5,68 $;-3445,16 $;0,00 $;100,00%;739,32 $;739,32 $;0,00 $;739,32 $;0,00 $;210,00;130,00 $;770,00 $;30,68 $;0,07%;
12/07/2024;1;23142,40 $;-170,68 $;0,00 $;-170,68 $;5,68 $;-3615,84 $;-170,68 $;0,00%;-170,68 $;0,00 $;-170,68 $;0,00 $;-170,68 $;240,00;585,00 $;5,00 $;175,68 $;0,07%;
15/07/2024;1;23191,72 $;49,32 $;49,32 $;0,00 $;5,68 $;-3566,52 $;0,00 $;100,00%;49,32 $;49,32 $;0,00 $;49,32 $;0,00 $;210,00;490,00 $;610,00 $;560,68 $;0,07%;
16/07/2024;1;24276,04 $;1084,32 $;1084,32 $;0,00 $;5,68 $;-2482,20 $;0,00 $;100,00%;1084,32 $;1084,32 $;0,00 $;1084,32 $;0,00 $;240,00;420,00 $;1135,00 $;50,68 $;0,07%;
18/07/2024;1;22215,36 $;-2060,68 $;0,00 $;-2060,68 $;5,68 $;-4542,88 $;-2060,68 $;0,00%;-2060,68 $;0,00 $;-2060,68 $;0,00 $;-2060,68 $;240,00;2210,00 $;155,00 $;2215,68 $;0,07%;
19/07/2024;1;22819,68 $;604,32 $;604,32 $;0,00 $;5,68 $;-3938,56 $;0,00 $;100,00%;604,32 $;604,32 $;0,00 $;604,32 $;0,00 $;240,00;40,00 $;935,00 $;330,68 $;0,07%;
22/07/2024;1;24249,00 $;1429,32 $;1429,32 $;0,00 $;5,68 $;-2509,24 $;0,00 $;100,00%;1429,32 $;1429,32 $;0,00 $;1429,32 $;0,00 $;210,00;100,00 $;1620,00 $;190,68 $;0,07%;
23/07/2024;1;24823,32 $;574,32 $;574,32 $;0,00 $;5,68 $;-1934,92 $;0,00 $;100,00%;574,32 $;574,32 $;0,00 $;574,32 $;0,00 $;240,00;340,00 $;725,00 $;150,68 $;0,07%;
24/07/2024;1;23267,64 $;-1555,68 $;0,00 $;-1555,68 $;5,68 $;-3490,60 $;-1555,68 $;0,00%;-1555,68 $;0,00 $;-1555,68 $;0,00 $;-1555,68 $;240,00;1645,00 $;410,00 $;1965,68 $;0,07%;
25/07/2024;2;23516,28 $;248,64 $;248,64 $;0,00 $;11,36 $;-3316,28 $;0,00 $;100,00%;124,32 $;124,32 $;0,00 $;174,32 $;0,00 $;240,00;292,50 $;635,00 $;510,68 $;0,14%;
26/07/2024;1;23635,60 $;119,32 $;119,32 $;0,00 $;5,68 $;-3122,64 $;0,00 $;100,00%;119,32 $;119,32 $;0,00 $;119,32 $;0,00 $;150,00;605,00 $;380,00 $;260,68 $;0,07%;
29/07/2024;1;23474,92 $;-160,68 $;0,00 $;-160,68 $;5,68 $;-3283,32 $;-160,68 $;0,00%;-160,68 $;0,00 $;-160,68 $;0,00 $;-160,68 $;210,00;690,00 $;165,00 $;325,68 $;0,07%;
30/07/2024;1;23599,24 $;124,32 $;124,32 $;0,00 $;5,68 $;-3159,00 $;0,00 $;100,00%;124,32 $;124,32 $;0,00 $;124,32 $;0,00 $;240,00;490,00 $;275,00 $;150,68 $;0,07%;
31/07/2024;2;24302,88 $;703,64 $;764,32 $;-60,68 $;11,36 $;-2455,36 $;-60,68 $;50,00%;351,82 $;764,32 $;-60,68 $;764,32 $;-60,68 $;270,00;92,50 $;1335,00 $;983,18 $;0,14%;
05/08/2024;1;24532,20 $;229,32 $;229,32 $;0,00 $;5,68 $;-2226,04 $;0,00 $;100,00%;229,32 $;229,32 $;0,00 $;229,32 $;0,00 $;240,00;370,00 $;1575,00 $;1345,68 $;0,07%;
06/08/2024;1;25681,52 $;1149,32 $;1149,32 $;0,00 $;5,68 $;-1076,72 $;0,00 $;100,00%;1149,32 $;1149,32 $;0,00 $;1149,32 $;0,00 $;240,00;15,00 $;2010,00 $;860,68 $;0,07%;
08/08/2024;1;26275,84 $;594,32 $;594,32 $;0,00 $;5,68 $;-482,40 $;0,00 $;100,00%;594,32 $;594,32 $;0,00 $;594,32 $;0,00 $;240,00;395,00 $;825,00 $;230,68 $;0,07%;
12/08/2024;1;26320,16 $;44,32 $;44,32 $;0,00 $;5,68 $;-438,08 $;0,00 $;100,00%;44,32 $;44,32 $;0,00 $;44,32 $;0,00 $;90,00;210,00 $;215,00 $;170,68 $;0,07%;
13/08/2024;1;26989,48 $;669,32 $;669,32 $;0,00 $;5,68 $;0,00 $;0,00 $;100,00%;669,32 $;669,32 $;0,00 $;669,32 $;0,00 $;240,00;40,00 $;810,00 $;140,68 $;0,07%;
14/08/2024;1;26783,80 $;-205,68 $;0,00 $;-205,68 $;5,68 $;-205,68 $;-205,68 $;0,00%;-205,68 $;0,00 $;-205,68 $;0,00 $;-205,68 $;240,00;600,00 $;380,00 $;585,68 $;0,07%;
15/08/2024;1;27098,12 $;314,32 $;314,32 $;0,00 $;5,68 $;0,00 $;0,00 $;100,00%;314,32 $;314,32 $;0,00 $;314,32 $;0,00 $;240,00;80,00 $;615,00 $;300,68 $;0,07%;
16/08/2024;1;27257,44 $;159,32 $;159,32 $;0,00 $;5,68 $;0,00 $;0,00 $;100,00%;159,32 $;159,32 $;0,00 $;159,32 $;0,00 $;210,00;110,00 $;320,00 $;160,68 $;0,07%;
19/08/2024;1;27631,76 $;374,32 $;374,32 $;0,00 $;5,68 $;0,00 $;0,00 $;100,00%;374,32 $;374,32 $;0,00 $;374,32 $;0,00 $;240,00;160,00 $;535,00 $;160,68 $;0,07%;
20/08/2024;1;28021,08 $;389,32 $;389,32 $;0,00 $;5,68 $;0,00 $;0,00 $;100,00%;389,32 $;389,32 $;0,00 $;389,32 $;0,00 $;240,00;170,00 $;460,00 $;70,68 $;0,07%;
21/08/2024;1;28915,40 $;894,32 $;894,32 $;0,00 $;5,68 $;0,00 $;0,00 $;100,00%;894,32 $;894,32 $;0,00 $;894,32 $;0,00 $;210,00;50,00 $;980,00 $;85,68 $;0,07%;
23/08/2024;1;28669,72 $;-245,68 $;0,00 $;-245,68 $;5,68 $;-245,68 $;-245,68 $;0,00%;-245,68 $;0,00 $;-245,68 $;0,00 $;-245,68 $;240,00;795,00 $;220,00 $;465,68 $;0,07%;
27/08/2024;1;29099,04 $;429,32 $;429,32 $;0,00 $;5,68 $;0,00 $;0,00 $;100,00%;429,32 $;429,32 $;0,00 $;429,32 $;0,00 $;240,00;310,00 $;500,00 $;70,68 $;0,07%;
28/08/2024;2;29402,68 $;303,64 $;303,64 $;0,00 $;11,36 $;0,00 $;0,00 $;100,00%;151,82 $;151,82 $;0,00 $;159,32 $;0,00 $;240,00;350,00 $;195,00 $;43,18 $;0,14%;
29/08/2024;1;29502,00 $;99,32 $;99,32 $;0,00 $;5,68 $;0,00 $;0,00 $;100,00%;99,32 $;99,32 $;0,00 $;99,32 $;0,00 $;240,00;440,00 $;675,00 $;575,68 $;0,07%;
30/08/2024;1;29856,32 $;354,32 $;354,32 $;0,00 $;5,68 $;0,00 $;0,00 $;100,00%;354,32 $;354,32 $;0,00 $;354,32 $;0,00 $;240,00;645,00 $;370,00 $;15,68 $;0,07%;
02/09/2024;1;29875,64 $;19,32 $;19,32 $;0,00 $;5,68 $;0,00 $;0,00 $;100,00%;19,32 $;19,32 $;0,00 $;19,32 $;0,00 $;0,00;165,00 $;35,00 $;15,68 $;0,07%;
03/09/2024;1;29104,96 $;-770,68 $;0,00 $;-770,68 $;5,68 $;-770,68 $;-770,68 $;0,00%;-770,68 $;0,00 $;-770,68 $;0,00 $;-770,68 $;210,00;920,00 $;0,00 $;770,68 $;0,07%;
04/09/2024;1;28544,28 $;-560,68 $;0,00 $;-560,68 $;5,68 $;-1331,36 $;-560,68 $;0,00%;-560,68 $;0,00 $;-560,68 $;0,00 $;-560,68 $;240,00;880,00 $;225,00 $;785,68 $;0,07%;
05/09/2024;1;28858,60 $;314,32 $;314,32 $;0,00 $;5,68 $;-1017,04 $;0,00 $;100,00%;314,32 $;314,32 $;0,00 $;314,32 $;0,00 $;150,00;80,00 $;670,00 $;355,68 $;0,07%;
06/09/2024;1;28572,92 $;-285,68 $;0,00 $;-285,68 $;5,68 $;-1302,72 $;-285,68 $;0,00%;-285,68 $;0,00 $;-285,68 $;0,00 $;-285,68 $;90,00;650,00 $;450,00 $;735,68 $;0,07%;
09/09/2024;1;28097,24 $;-475,68 $;0,00 $;-475,68 $;5,68 $;-1778,40 $;-475,68 $;0,00%;-475,68 $;0,00 $;-475,68 $;0,00 $;-475,68 $;150,00;745,00 $;0,00 $;475,68 $;0,07%;
10/09/2024;1;29276,56 $;1179,32 $;1179,32 $;0,00 $;5,68 $;-599,08 $;0,00 $;100,00%;1179,32 $;1179,32 $;0,00 $;1179,32 $;0,00 $;210,00;45,00 $;1330,00 $;150,68 $;0,07%;
11/09/2024;1;30255,88 $;979,32 $;979,32 $;0,00 $;5,68 $;0,00 $;0,00 $;100,00%;979,32 $;979,32 $;0,00 $;979,32 $;0,00 $;210,00;45,00 $;1115,00 $;135,68 $;0,07%;
12/09/2024;1;30525,20 $;269,32 $;269,32 $;0,00 $;5,68 $;0,00 $;0,00 $;100,00%;269,32 $;269,32 $;0,00 $;269,32 $;0,00 $;240,00;425,00 $;795,00 $;525,68 $;0,07%;
13/09/2024;1;30599,52 $;74,32 $;74,32 $;0,00 $;5,68 $;0,00 $;0,00 $;100,00%;74,32 $;74,32 $;0,00 $;74,32 $;0,00 $;240,00;235,00 $;575,00 $;500,68 $;0,07%;
16/09/2024;1;30648,84 $;49,32 $;49,32 $;0,00 $;5,68 $;0,00 $;0,00 $;100,00%;49,32 $;49,32 $;0,00 $;49,32 $;0,00 $;30,00;55,00 $;245,00 $;195,68 $;0,07%;
17/09/2024;1;29493,16 $;-1155,68 $;0,00 $;-1155,68 $;5,68 $;-1155,68 $;-1155,68 $;0,00%;-1155,68 $;0,00 $;-1155,68 $;0,00 $;-1155,68 $;240,00;1540,00 $;170,00 $;1325,68 $;0,07%;
18/09/2024;1;28597,48 $;-895,68 $;0,00 $;-895,68 $;5,68 $;-2051,36 $;-895,68 $;0,00%;-895,68 $;0,00 $;-895,68 $;0,00 $;-895,68 $;30,00;1260,00 $;200,00 $;1095,68 $;0,07%;
20/09/2024;1;28306,80 $;-290,68 $;0,00 $;-290,68 $;5,68 $;-2342,04 $;-290,68 $;0,00%;-290,68 $;0,00 $;-290,68 $;0,00 $;-290,68 $;150,00;560,00 $;160,00 $;450,68 $;0,07%;
23/09/2024;1;28716,12 $;409,32 $;409,32 $;0,00 $;5,68 $;-1932,72 $;0,00 $;100,00%;409,32 $;409,32 $;0,00 $;409,32 $;0,00 $;240,00;115,00 $;450,00 $;40,68 $;0,07%;
24/09/2024;1;28975,44 $;259,32 $;259,32 $;0,00 $;5,68 $;-1673,40 $;0,00 $;100,00%;259,32 $;259,32 $;0,00 $;259,32 $;0,00 $;240,00;230,00 $;355,00 $;95,68 $;0,07%;
26/09/2024;1;28814,76 $;-160,68 $;0,00 $;-160,68 $;5,68 $;-1834,08 $;-160,68 $;0,00%;-160,68 $;0,00 $;-160,68 $;0,00 $;-160,68 $;210,00;335,00 $;215,00 $;375,68 $;0,07%;
27/09/2024;2;27813,40 $;-1001,36 $;0,00 $;-1001,36 $;11,36 $;-2835,44 $;-1001,36 $;0,00%;-500,68 $;0,00 $;-500,68 $;0,00 $;-970,68 $;270,00;690,00 $;105,00 $;605,68 $;0,14%;
30/09/2024;1;27707,72 $;-105,68 $;0,00 $;-105,68 $;5,68 $;-2941,12 $;-105,68 $;0,00%;-105,68 $;0,00 $;-105,68 $;0,00 $;-105,68 $;210,00;1285,00 $;85,00 $;190,68 $;0,07%;
01/10/2024;1;27392,04 $;-315,68 $;0,00 $;-315,68 $;5,68 $;-3256,80 $;-315,68 $;0,00%;-315,68 $;0,00 $;-315,68 $;0,00 $;-315,68 $;30,00;405,00 $;0,00 $;315,68 $;0,07%;
03/10/2024;1;27056,36 $;-335,68 $;0,00 $;-335,68 $;5,68 $;-3592,48 $;-335,68 $;0,00%;-335,68 $;0,00 $;-335,68 $;0,00 $;-335,68 $;210,00;860,00 $;5,00 $;340,68 $;0,07%;
04/10/2024;1;27640,68 $;584,32 $;584,32 $;0,00 $;5,68 $;-3008,16 $;0,00 $;100,00%;584,32 $;584,32 $;0,00 $;584,32 $;0,00 $;240,00;110,00 $;750,00 $;165,68 $;0,07%;
08/10/2024;1;27545,00 $;-95,68 $;0,00 $;-95,68 $;5,68 $;-3103,84 $;-95,68 $;0,00%;-95,68 $;0,00 $;-95,68 $;0,00 $;-95,68 $;150,00;120,00 $;250,00 $;345,68 $;0,07%;
09/10/2024;1;26874,32 $;-670,68 $;0,00 $;-670,68 $;5,68 $;-3774,52 $;-670,68 $;0,00%;-670,68 $;0,00 $;-670,68 $;0,00 $;-670,68 $;240,00;780,00 $;220,00 $;890,68 $;0,07%;
10/10/2024;1;26948,64 $;74,32 $;74,32 $;0,00 $;5,68 $;-3700,20 $;0,00 $;100,00%;74,32 $;74,32 $;0,00 $;74,32 $;0,00 $;210,00;495,00 $;140,00 $;65,68 $;0,07%;
11/10/2024;1;27267,96 $;319,32 $;319,32 $;0,00 $;5,68 $;-3380,88 $;0,00 $;100,00%;319,32 $;319,32 $;0,00 $;319,32 $;0,00 $;240,00;130,00 $;465,00 $;145,68 $;0,07%;
14/10/2024;1;27687,28 $;419,32 $;419,32 $;0,00 $;5,68 $;-2961,56 $;0,00 $;100,00%;419,32 $;419,32 $;0,00 $;419,32 $;0,00 $;240,00;60,00 $;475,00 $;55,68 $;0,07%;
17/10/2024;1;27741,60 $;54,32 $;54,32 $;0,00 $;5,68 $;-2907,24 $;0,00 $;100,00%;54,32 $;54,32 $;0,00 $;54,32 $;0,00 $;210,00;185,00 $;220,00 $;165,68 $;0,07%;
22/10/2024;1;27480,92 $;-260,68 $;0,00 $;-260,68 $;5,68 $;-3167,92 $;-260,68 $;0,00%;-260,68 $;0,00 $;-260,68 $;0,00 $;-260,68 $;30,00;270,00 $;50,00 $;310,68 $;0,07%;
24/10/2024;1;27820,24 $;339,32 $;339,32 $;0,00 $;5,68 $;-2828,60 $;0,00 $;100,00%;339,32 $;339,32 $;0,00 $;339,32 $;0,00 $;90,00;115,00 $;455,00 $;115,68 $;0,07%;
29/10/2024;1;27969,56 $;149,32 $;149,32 $;0,00 $;5,68 $;-2679,28 $;0,00 $;100,00%;149,32 $;149,32 $;0,00 $;149,32 $;0,00 $;240,00;295,00 $;270,00 $;120,68 $;0,07%;
30/10/2024;1;27488,88 $;-480,68 $;0,00 $;-480,68 $;5,68 $;-3159,96 $;-480,68 $;0,00%;-480,68 $;0,00 $;-480,68 $;0,00 $;-480,68 $;240,00;565,00 $;280,00 $;760,68 $;0,07%;
31/10/2024;1;26288,20 $;-1200,68 $;0,00 $;-1200,68 $;5,68 $;-4360,64 $;-1200,68 $;0,00%;-1200,68 $;0,00 $;-1200,68 $;0,00 $;-1200,68 $;150,00;1315,00 $;15,00 $;1215,68 $;0,07%;
01/11/2024;1;25507,52 $;-780,68 $;0,00 $;-780,68 $;5,68 $;-5141,32 $;-780,68 $;0,00%;-780,68 $;0,00 $;-780,68 $;0,00 $;-780,68 $;240,00;1025,00 $;10,00 $;790,68 $;0,07%;
04/11/2024;1;25156,84 $;-350,68 $;0,00 $;-350,68 $;5,68 $;-5492,00 $;-350,68 $;0,00%;-350,68 $;0,00 $;-350,68 $;0,00 $;-350,68 $;240,00;595,00 $;155,00 $;505,68 $;0,07%;
05/11/2024;1;26046,16 $;889,32 $;889,32 $;0,00 $;5,68 $;-4602,68 $;0,00 $;100,00%;889,32 $;889,32 $;0,00 $;889,32 $;0,00 $;90,00;175,00 $;940,00 $;50,68 $;0,07%;
06/11/2024;1;27485,48 $;1439,32 $;1439,32 $;0,00 $;5,68 $;-3163,36 $;0,00 $;100,00%;1439,32 $;1439,32 $;0,00 $;1439,32 $;0,00 $;240,00;195,00 $;1500,00 $;60,68 $;0,07%;
07/11/2024;2;27394,12 $;-91,36 $;0,00 $;-91,36 $;11,36 $;-3254,72 $;-91,36 $;0,00%;-45,68 $;0,00 $;-45,68 $;0,00 $;-75,68 $;270,00;397,50 $;287,50 $;333,18 $;0,14%;
08/11/2024;1;27498,44 $;104,32 $;104,32 $;0,00 $;5,68 $;-3150,40 $;0,00 $;100,00%;104,32 $;104,32 $;0,00 $;104,32 $;0,00 $;90,00;150,00 $;335,00 $;230,68 $;0,07%;
12/11/2024;1;27162,76 $;-335,68 $;0,00 $;-335,68 $;5,68 $;-3486,08 $;-335,68 $;0,00%;-335,68 $;0,00 $;-335,68 $;0,00 $;-335,68 $;90,00;585,00 $;15,00 $;350,68 $;0,07%;
13/11/2024;1;25867,08 $;-1295,68 $;0,00 $;-1295,68 $;5,68 $;-4781,76 $;-1295,68 $;0,00%;-1295,68 $;0,00 $;-1295,68 $;0,00 $;-1295,68 $;210,00;1660,00 $;190,00 $;1485,68 $;0,07%;
14/11/2024;1;25356,40 $;-510,68 $;0,00 $;-510,68 $;5,68 $;-5292,44 $;-510,68 $;0,00%;-510,68 $;0,00 $;-510,68 $;0,00 $;-510,68 $;210,00;875,00 $;165,00 $;675,68 $;0,07%;
15/11/2024;1;25370,72 $;14,32 $;14,32 $;0,00 $;5,68 $;-5278,12 $;0,00 $;100,00%;14,32 $;14,32 $;0,00 $;14,32 $;0,00 $;210,00;470,00 $;145,00 $;130,68 $;0,07%;
18/11/2024;1;24965,04 $;-405,68 $;0,00 $;-405,68 $;5,68 $;-5683,80 $;-405,68 $;0,00%;-405,68 $;0,00 $;-405,68 $;0,00 $;-405,68 $;240,00;930,00 $;250,00 $;655,68 $;0,07%;
19/11/2024;1;25584,36 $;619,32 $;619,32 $;0,00 $;5,68 $;-5064,48 $;0,00 $;100,00%;619,32 $;619,32 $;0,00 $;619,32 $;0,00 $;210,00;255,00 $;640,00 $;20,68 $;0,07%;
21/11/2024;1;26038,68 $;454,32 $;454,32 $;0,00 $;5,68 $;-4610,16 $;0,00 $;100,00%;454,32 $;454,32 $;0,00 $;454,32 $;0,00 $;240,00;315,00 $;535,00 $;80,68 $;0,07%;
22/11/2024;1;26388,00 $;349,32 $;349,32 $;0,00 $;5,68 $;-4260,84 $;0,00 $;100,00%;349,32 $;349,32 $;0,00 $;349,32 $;0,00 $;150,00;270,00 $;405,00 $;55,68 $;0,07%;
26/11/2024;1;26377,32 $;-10,68 $;0,00 $;-10,68 $;5,68 $;-4271,52 $;-10,68 $;0,00%;-10,68 $;0,00 $;-10,68 $;0,00 $;-10,68 $;0,00;15,00 $;100,00 $;110,68 $;0,07%;
27/11/2024;1;26481,64 $;104,32 $;104,32 $;0,00 $;5,68 $;-4167,20 $;0,00 $;100,00%;104,32 $;104,32 $;0,00 $;104,32 $;0,00 $;210,00;240,00 $;125,00 $;20,68 $;0,07%;
28/11/2024;1;26440,96 $;-40,68 $;0,00 $;-40,68 $;5,68 $;-4207,88 $;-40,68 $;0,00%;-40,68 $;0,00 $;-40,68 $;0,00 $;-40,68 $;0,00;85,00 $;60,00 $;100,68 $;0,07%;
29/11/2024;1;26460,28 $;19,32 $;19,32 $;0,00 $;5,68 $;-4188,56 $;0,00 $;100,00%;19,32 $;19,32 $;0,00 $;19,32 $;0,00 $;45,00;265,00 $;375,00 $;355,68 $;0,07%;
02/12/2024;2;26688,92 $;228,64 $;228,64 $;0,00 $;11,36 $;-4029,24 $;0,00 $;100,00%;114,32 $;114,32 $;0,00 $;159,32 $;0,00 $;240,00;310,00 $;297,50 $;183,18 $;0,14%;
03/12/2024;1;26688,24 $;-0,68 $;0,00 $;-0,68 $;5,68 $;-3960,60 $;-0,68 $;0,00%;-0,68 $;0,00 $;-0,68 $;0,00 $;-0,68 $;210,00;195,00 $;380,00 $;380,68 $;0,07%;
04/12/2024;1;26222,56 $;-465,68 $;0,00 $;-465,68 $;5,68 $;-4426,28 $;-465,68 $;0,00%;-465,68 $;0,00 $;-465,68 $;0,00 $;-465,68 $;240,00;1060,00 $;110,00 $;575,68 $;0,07%;
05/12/2024;1;25536,88 $;-685,68 $;0,00 $;-685,68 $;5,68 $;-5111,96 $;-685,68 $;0,00%;-685,68 $;0,00 $;-685,68 $;0,00 $;-685,68 $;210,00;865,00 $;60,00 $;745,68 $;0,07%;
10/12/2024;1;25211,20 $;-325,68 $;0,00 $;-325,68 $;5,68 $;-5437,64 $;-325,68 $;0,00%;-325,68 $;0,00 $;-325,68 $;0,00 $;-325,68 $;210,00;720,00 $;475,00 $;800,68 $;0,07%;
11/12/2024;1;25115,52 $;-95,68 $;0,00 $;-95,68 $;5,68 $;-5533,32 $;-95,68 $;0,00%;-95,68 $;0,00 $;-95,68 $;0,00 $;-95,68 $;210,00;200,00 $;610,00 $;705,68 $;0,07%;
12/12/2024;1;24334,84 $;-780,68 $;0,00 $;-780,68 $;5,68 $;-6314,00 $;-780,68 $;0,00%;-780,68 $;0,00 $;-780,68 $;0,00 $;-780,68 $;210,00;855,00 $;85,00 $;865,68 $;0,07%;
16/12/2024;1;24514,16 $;179,32 $;179,32 $;0,00 $;5,68 $;-6134,68 $;0,00 $;100,00%;179,32 $;179,32 $;0,00 $;179,32 $;0,00 $;240,00;90,00 $;645,00 $;465,68 $;0,07%;
17/12/2024;1;24188,48 $;-325,68 $;0,00 $;-325,68 $;5,68 $;-6460,36 $;-325,68 $;0,00%;-325,68 $;0,00 $;-325,68 $;0,00 $;-325,68 $;150,00;500,00 $;275,00 $;600,68 $;0,07%;
20/12/2024;1;23882,80 $;-305,68 $;0,00 $;-305,68 $;5,68 $;-6766,04 $;-305,68 $;0,00%;-305,68 $;0,00 $;-305,68 $;0,00 $;-305,68 $;240,00;555,00 $;810,00 $;1115,68 $;0,07%;
23/12/2024;1;24107,12 $;224,32 $;224,32 $;0,00 $;5,68 $;-6541,72 $;0,00 $;100,00%;224,32 $;224,32 $;0,00 $;224,32 $;0,00 $;150,00;185,00 $;420,00 $;195,68 $;0,07%;
26/12/2024;1;24621,44 $;514,32 $;514,32 $;0,00 $;5,68 $;-6027,40 $;0,00 $;100,00%;514,32 $;514,32 $;0,00 $;514,32 $;0,00 $;210,00;240,00 $;725,00 $;210,68 $;0,07%;
27/12/2024;1;25595,76 $;974,32 $;974,32 $;0,00 $;5,68 $;-5053,08 $;0,00 $;100,00%;974,32 $;974,32 $;0,00 $;974,32 $;0,00 $;210,00;205,00 $;1060,00 $;85,68 $;0,07%;
30/12/2024;1;25540,08 $;-55,68 $;0,00 $;-55,68 $;5,68 $;-5108,76 $;-55,68 $;0,00%;-55,68 $;0,00 $;-55,68 $;0,00 $;-55,68 $;210,00;170,00 $;540,00 $;595,68 $;0,07%;
02/01/2025;1;25949,40 $;409,32 $;409,32 $;0,00 $;5,68 $;-4699,44 $;0,00 $;100,00%;409,32 $;409,32 $;0,00 $;409,32 $;0,00 $;150,00;390,00 $;570,00 $;160,68 $;0,07%;
03/01/2025;1;26193,72 $;244,32 $;244,32 $;0,00 $;5,68 $;-4455,12 $;0,00 $;100,00%;244,32 $;244,32 $;0,00 $;244,32 $;0,00 $;150,00;35,00 $;460,00 $;215,68 $;0,07%;
07/01/2025;1;25798,04 $;-395,68 $;0,00 $;-395,68 $;5,68 $;-4850,80 $;-395,68 $;0,00%;-395,68 $;0,00 $;-395,68 $;0,00 $;-395,68 $;150,00;1055,00 $;0,00 $;395,68 $;0,07%;
08/01/2025;1;26342,36 $;544,32 $;544,32 $;0,00 $;5,68 $;-4306,48 $;0,00 $;100,00%;544,32 $;544,32 $;0,00 $;544,32 $;0,00 $;240,00;435,00 $;885,00 $;340,68 $;0,07%;
10/01/2025;1;26621,68 $;279,32 $;279,32 $;0,00 $;5,68 $;-4027,16 $;0,00 $;100,00%;279,32 $;279,32 $;0,00 $;279,32 $;0,00 $;240,00;350,00 $;705,00 $;425,68 $;0,07%;
13/01/2025;1;27436,00 $;814,32 $;814,32 $;0,00 $;5,68 $;-3212,84 $;0,00 $;100,00%;814,32 $;814,32 $;0,00 $;814,32 $;0,00 $;240,00;410,00 $;965,00 $;150,68 $;0,07%;
14/01/2025;1;27405,32 $;-30,68 $;0,00 $;-30,68 $;5,68 $;-3243,52 $;-30,68 $;0,00%;-30,68 $;0,00 $;-30,68 $;0,00 $;-30,68 $;240,00;1345,00 $;205,00 $;235,68 $;0,07%;
15/01/2025;1;27499,64 $;94,32 $;94,32 $;0,00 $;5,68 $;-3149,20 $;0,00 $;100,00%;94,32 $;94,32 $;0,00 $;94,32 $;0,00 $;150,00;180,00 $;445,00 $;350,68 $;0,07%;
16/01/2025;1;27258,96 $;-240,68 $;0,00 $;-240,68 $;5,68 $;-3389,88 $;-240,68 $;0,00%;-240,68 $;0,00 $;-240,68 $;0,00 $;-240,68 $;240,00;560,00 $;85,00 $;325,68 $;0,07%;
17/01/2025;1;27033,28 $;-225,68 $;0,00 $;-225,68 $;5,68 $;-3615,56 $;-225,68 $;0,00%;-225,68 $;0,00 $;-225,68 $;0,00 $;-225,68 $;240,00;460,00 $;340,00 $;565,68 $;0,07%;
21/01/2025;1;27562,60 $;529,32 $;529,32 $;0,00 $;5,68 $;-3086,24 $;0,00 $;100,00%;529,32 $;529,32 $;0,00 $;529,32 $;0,00 $;240,00;175,00 $;690,00 $;160,68 $;0,07%;
23/01/2025;1;27621,92 $;59,32 $;59,32 $;0,00 $;5,68 $;-3026,92 $;0,00 $;100,00%;59,32 $;59,32 $;0,00 $;59,32 $;0,00 $;210,00;200,00 $;235,00 $;175,68 $;0,07%;
24/01/2025;1;26871,24 $;-750,68 $;0,00 $;-750,68 $;5,68 $;-3777,60 $;-750,68 $;0,00%;-750,68 $;0,00 $;-750,68 $;0,00 $;-750,68 $;240,00;770,00 $;280,00 $;1030,68 $;0,07%;
27/01/2025;1;26595,56 $;-275,68 $;0,00 $;-275,68 $;5,68 $;-4053,28 $;-275,68 $;0,00%;-275,68 $;0,00 $;-275,68 $;0,00 $;-275,68 $;210,00;1065,00 $;100,00 $;375,68 $;0,07%;
28/01/2025;1;27459,88 $;864,32 $;864,32 $;0,00 $;5,68 $;-3188,96 $;0,00 $;100,00%;864,32 $;864,32 $;0,00 $;864,32 $;0,00 $;240,00;225,00 $;980,00 $;115,68 $;0,07%;
29/01/2025;2;27218,52 $;-241,36 $;0,00 $;-241,36 $;11,36 $;-3430,32 $;-241,36 $;0,00%;-120,68 $;0,00 $;-120,68 $;0,00 $;-150,68 $;270,00;597,50 $;337,50 $;458,18 $;0,14%;
31/01/2025;1;25622,84 $;-1595,68 $;0,00 $;-1595,68 $;5,68 $;-5026,00 $;-1595,68 $;0,00%;-1595,68 $;0,00 $;-1595,68 $;0,00 $;-1595,68 $;240,00;1865,00 $;585,00 $;2180,68 $;0,07%;
03/02/2025;1;25302,16 $;-320,68 $;0,00 $;-320,68 $;5,68 $;-5346,68 $;-320,68 $;0,00%;-320,68 $;0,00 $;-320,68 $;0,00 $;-320,68 $;240,00;790,00 $;295,00 $;615,68 $;0,07%;
04/02/2025;1;25926,48 $;624,32 $;624,32 $;0,00 $;5,68 $;-4722,36 $;0,00 $;100,00%;624,32 $;624,32 $;0,00 $;624,32 $;0,00 $;240,00;110,00 $;725,00 $;100,68 $;0,07%;
05/02/2025;1;26080,80 $;154,32 $;154,32 $;0,00 $;5,68 $;-4568,04 $;0,00 $;100,00%;154,32 $;154,32 $;0,00 $;154,32 $;0,00 $;240,00;15,00 $;345,00 $;190,68 $;0,07%;
06/02/2025;1;25185,12 $;-895,68 $;0,00 $;-895,68 $;5,68 $;-5463,72 $;-895,68 $;0,00%;-895,68 $;0,00 $;-895,68 $;0,00 $;-895,68 $;240,00;1340,00 $;10,00 $;905,68 $;0,07%;
07/02/2025;1;25409,44 $;224,32 $;224,32 $;0,00 $;5,68 $;-5239,40 $;0,00 $;100,00%;224,32 $;224,32 $;0,00 $;224,32 $;0,00 $;90,00;65,00 $;290,00 $;65,68 $;0,07%;
11/02/2025;1;25553,76 $;144,32 $;144,32 $;0,00 $;5,68 $;-5095,08 $;0,00 $;100,00%;144,32 $;144,32 $;0,00 $;144,32 $;0,00 $;210,00;265,00 $;195,00 $;50,68 $;0,07%;
12/02/2025;1;26228,08 $;674,32 $;674,32 $;0,00 $;5,68 $;-4420,76 $;0,00 $;100,00%;674,32 $;674,32 $;0,00 $;674,32 $;0,00 $;240,00;10,00 $;1010,00 $;335,68 $;0,07%;
13/02/2025;1;27332,40 $;1104,32 $;1104,32 $;0,00 $;5,68 $;-3316,44 $;0,00 $;100,00%;1104,32 $;1104,32 $;0,00 $;1104,32 $;0,00 $;240,00;125,00 $;1115,00 $;10,68 $;0,07%;
18/02/2025;1;27201,72 $;-130,68 $;0,00 $;-130,68 $;5,68 $;-3447,12 $;-130,68 $;0,00%;-130,68 $;0,00 $;-130,68 $;0,00 $;-130,68 $;240,00;740,00 $;170,00 $;300,68 $;0,07%;
19/02/2025;1;27201,04 $;-0,68 $;0,00 $;-0,68 $;5,68 $;-3447,80 $;-0,68 $;0,00%;-0,68 $;0,00 $;-0,68 $;0,00 $;-0,68 $;240,00;405,00 $;425,00 $;425,68 $;0,07%;
20/02/2025;1;27640,36 $;439,32 $;439,32 $;0,00 $;5,68 $;-3008,48 $;0,00 $;100,00%;439,32 $;439,32 $;0,00 $;439,32 $;0,00 $;240,00;160,00 $;635,00 $;195,68 $;0,07%;
24/02/2025;1;27129,68 $;-510,68 $;0,00 $;-510,68 $;5,68 $;-3519,16 $;-510,68 $;0,00%;-510,68 $;0,00 $;-510,68 $;0,00 $;-510,68 $;210,00;700,00 $;480,00 $;990,68 $;0,07%;
25/02/2025;1;27694,00 $;564,32 $;564,32 $;0,00 $;5,68 $;-2954,84 $;0,00 $;100,00%;564,32 $;564,32 $;0,00 $;564,32 $;0,00 $;90,00;5,00 $;1060,00 $;495,68 $;0,07%;
26/02/2025;1;26308,32 $;-1385,68 $;0,00 $;-1385,68 $;5,68 $;-4340,52 $;-1385,68 $;0,00%;-1385,68 $;0,00 $;-1385,68 $;0,00 $;-1385,68 $;240,00;1515,00 $;80,00 $;1465,68 $;0,07%;
28/02/2025;1;27507,64 $;1199,32 $;1199,32 $;0,00 $;5,68 $;-3141,20 $;0,00 $;100,00%;1199,32 $;1199,32 $;0,00 $;1199,32 $;0,00 $;150,00;160,00 $;1370,00 $;170,68 $;0,07%;
03/03/2025;1;24816,96 $;-2690,68 $;0,00 $;-2690,68 $;5,68 $;-5831,88 $;-2690,68 $;0,00%;-2690,68 $;0,00 $;-2690,68 $;0,00 $;-2690,68 $;240,00;2760,00 $;540,00 $;3230,68 $;0,07%;
04/03/2025;1;24906,28 $;89,32 $;89,32 $;0,00 $;5,68 $;-5742,56 $;0,00 $;100,00%;89,32 $;89,32 $;0,00 $;89,32 $;0,00 $;90,00;1000,00 $;805,00 $;715,68 $;0,07%;
05/03/2025;1;26370,60 $;1464,32 $;1464,32 $;0,00 $;5,68 $;-4278,24 $;0,00 $;100,00%;1464,32 $;1464,32 $;0,00 $;1464,32 $;0,00 $;240,00;385,00 $;1640,00 $;175,68 $;0,07%;
06/03/2025;1;25404,92 $;-965,68 $;0,00 $;-965,68 $;5,68 $;-5243,92 $;-965,68 $;0,00%;-965,68 $;0,00 $;-965,68 $;0,00 $;-965,68 $;240,00;1825,00 $;330,00 $;1295,68 $;0,07%;
07/03/2025;1;27359,24 $;1954,32 $;1954,32 $;0,00 $;5,68 $;-3289,60 $;0,00 $;100,00%;1954,32 $;1954,32 $;0,00 $;1954,32 $;0,00 $;240,00;525,00 $;2195,00 $;240,68 $;0,07%;
10/03/2025;1;27468,56 $;109,32 $;109,32 $;0,00 $;5,68 $;-3180,28 $;0,00 $;100,00%;109,32 $;109,32 $;0,00 $;109,32 $;0,00 $;0,00;15,00 $;170,00 $;60,68 $;0,07%;
11/03/2025;1;27962,88 $;494,32 $;494,32 $;0,00 $;5,68 $;-2685,96 $;0,00 $;100,00%;494,32 $;494,32 $;0,00 $;494,32 $;0,00 $;210,00;785,00 $;1585,00 $;1090,68 $;0,07%;
12/03/2025;1;27937,20 $;-25,68 $;0,00 $;-25,68 $;5,68 $;-2711,64 $;-25,68 $;0,00%;-25,68 $;0,00 $;-25,68 $;0,00 $;-25,68 $;210,00;200,00 $;855,00 $;880,68 $;0,07%;
13/03/2025;1;27496,52 $;-440,68 $;0,00 $;-440,68 $;5,68 $;-3152,32 $;-440,68 $;0,00%;-440,68 $;0,00 $;-440,68 $;0,00 $;-440,68 $;240,00;1085,00 $;135,00 $;575,68 $;0,07%;
14/03/2025;1;27850,84 $;354,32 $;354,32 $;0,00 $;5,68 $;-2798,00 $;0,00 $;100,00%;354,32 $;354,32 $;0,00 $;354,32 $;0,00 $;210,00;20,00 $;660,00 $;305,68 $;0,07%;
17/03/2025;1;28440,16 $;589,32 $;589,32 $;0,00 $;5,68 $;-2208,68 $;0,00 $;100,00%;589,32 $;589,32 $;0,00 $;589,32 $;0,00 $;240,00;325,00 $;815,00 $;225,68 $;0,07%;
19/03/2025;2;29043,80 $;603,64 $;674,32 $;-70,68 $;11,36 $;-1605,04 $;-70,68 $;50,00%;301,82 $;674,32 $;-70,68 $;674,32 $;-70,68 $;270,00;340,00 $;820,00 $;518,18 $;0,14%;
20/03/2025;1;27913,12 $;-1130,68 $;0,00 $;-1130,68 $;5,68 $;-2735,72 $;-1130,68 $;0,00%;-1130,68 $;0,00 $;-1130,68 $;0,00 $;-1130,68 $;240,00;1250,00 $;20,00 $;1150,68 $;0,07%;
21/03/2025;1;28247,44 $;334,32 $;334,32 $;0,00 $;5,68 $;-2401,40 $;0,00 $;100,00%;334,32 $;334,32 $;0,00 $;334,32 $;0,00 $;30,00;70,00 $;375,00 $;40,68 $;0,07%;
24/03/2025;2;28081,08 $;-166,36 $;0,00 $;-166,36 $;11,36 $;-2567,76 $;-166,36 $;0,00%;-83,18 $;0,00 $;-83,18 $;0,00 $;-120,68 $;270,00;320,00 $;77,50 $;160,68 $;0,14%;
26/03/2025;1;27630,40 $;-450,68 $;0,00 $;-450,68 $;5,68 $;-3018,44 $;-450,68 $;0,00%;-450,68 $;0,00 $;-450,68 $;0,00 $;-450,68 $;210,00;810,00 $;105,00 $;555,68 $;0,07%;
27/03/2025;1;27424,72 $;-205,68 $;0,00 $;-205,68 $;5,68 $;-3224,12 $;-205,68 $;0,00%;-205,68 $;0,00 $;-205,68 $;0,00 $;-205,68 $;210,00;555,00 $;300,00 $;505,68 $;0,07%;
28/03/2025;1;27304,04 $;-120,68 $;0,00 $;-120,68 $;5,68 $;-3344,80 $;-120,68 $;0,00%;-120,68 $;0,00 $;-120,68 $;0,00 $;-120,68 $;210,00;375,00 $;310,00 $;430,68 $;0,07%;
31/03/2025;1;27568,36 $;264,32 $;264,32 $;0,00 $;5,68 $;-3080,48 $;0,00 $;100,00%;264,32 $;264,32 $;0,00 $;264,32 $;0,00 $;210,00;405,00 $;900,00 $;635,68 $;0,07%;
01/04/2025;2;26947,00 $;-621,36 $;79,32 $;-700,68 $;11,36 $;-3781,16 $;-700,68 $;50,00%;-310,68 $;79,32 $;-700,68 $;79,32 $;-700,68 $;270,00;722,50 $;347,50 $;658,18 $;0,14%;
02/04/2025;1;24311,32 $;-2635,68 $;0,00 $;-2635,68 $;5,68 $;-6337,52 $;-2635,68 $;0,00%;-2635,68 $;0,00 $;-2635,68 $;0,00 $;-2635,68 $;210,00;2630,00 $;2010,00 $;4645,68 $;0,07%;
03/04/2025;1;23985,64 $;-325,68 $;0,00 $;-325,68 $;5,68 $;-6663,20 $;-325,68 $;0,00%;-325,68 $;0,00 $;-325,68 $;0,00 $;-325,68 $;240,00;900,00 $;815,00 $;1140,68 $;0,07%;
04/04/2025;1;23644,96 $;-340,68 $;0,00 $;-340,68 $;5,68 $;-7003,88 $;-340,68 $;0,00%;-340,68 $;0,00 $;-340,68 $;0,00 $;-340,68 $;30,00;930,00 $;705,00 $;1045,68 $;0,07%;
07/04/2025;1;24889,28 $;1244,32 $;1244,32 $;0,00 $;5,68 $;-5759,56 $;0,00 $;100,00%;1244,32 $;1244,32 $;0,00 $;1244,32 $;0,00 $;240,00;10,00 $;3110,00 $;1865,68 $;0,07%;
08/04/2025;1;24993,60 $;104,32 $;104,32 $;0,00 $;5,68 $;-5655,24 $;0,00 $;100,00%;104,32 $;104,32 $;0,00 $;104,32 $;0,00 $;0,00;100,00 $;205,00 $;100,68 $;0,07%;
09/04/2025;1;24787,92 $;-205,68 $;0,00 $;-205,68 $;5,68 $;-5860,92 $;-205,68 $;0,00%;-205,68 $;0,00 $;-205,68 $;0,00 $;-205,68 $;90,00;2455,00 $;435,00 $;640,68 $;0,07%;
10/04/2025;1;26922,24 $;2134,32 $;2134,32 $;0,00 $;5,68 $;-3726,60 $;0,00 $;100,00%;2134,32 $;2134,32 $;0,00 $;2134,32 $;0,00 $;210,00;65,00 $;3120,00 $;985,68 $;0,07%;
14/04/2025;1;27721,56 $;799,32 $;799,32 $;0,00 $;5,68 $;-2927,28 $;0,00 $;100,00%;799,32 $;799,32 $;0,00 $;799,32 $;0,00 $;240,00;1140,00 $;1020,00 $;220,68 $;0,07%;
16/04/2025;1;25800,88 $;-1920,68 $;0,00 $;-1920,68 $;5,68 $;-4847,96 $;-1920,68 $;0,00%;-1920,68 $;0,00 $;-1920,68 $;0,00 $;-1920,68 $;240,00;2070,00 $;25,00 $;1945,68 $;0,07%;
17/04/2025;1;26320,20 $;519,32 $;519,32 $;0,00 $;5,68 $;-4328,64 $;0,00 $;100,00%;519,32 $;519,32 $;0,00 $;519,32 $;0,00 $;150,00;0,00 $;795,00 $;275,68 $;0,07%;
21/04/2025;2;26113,84 $;-206,36 $;84,32 $;-290,68 $;11,36 $;-4619,32 $;-290,68 $;50,00%;-103,18 $;84,32 $;-290,68 $;84,32 $;-290,68 $;270,00;440,00 $;155,00 $;258,18 $;0,14%;
22/04/2025;1;26293,16 $;179,32 $;179,32 $;0,00 $;5,68 $;-4355,68 $;0,00 $;100,00%;179,32 $;179,32 $;0,00 $;179,32 $;0,00 $;240,00;555,00 $;725,00 $;545,68 $;0,07%;
23/04/2025;1;25342,48 $;-950,68 $;0,00 $;-950,68 $;5,68 $;-5306,36 $;-950,68 $;0,00%;-950,68 $;0,00 $;-950,68 $;0,00 $;-950,68 $;240,00;1065,00 $;280,00 $;1230,68 $;0,07%;
24/04/2025;1;26121,80 $;779,32 $;779,32 $;0,00 $;5,68 $;-4527,04 $;0,00 $;100,00%;779,32 $;779,32 $;0,00 $;779,32 $;0,00 $;240,00;85,00 $;1035,00 $;255,68 $;0,07%;
25/04/2025;1;26636,12 $;514,32 $;514,32 $;0,00 $;5,68 $;-4012,72 $;0,00 $;100,00%;514,32 $;514,32 $;0,00 $;514,32 $;0,00 $;240,00;245,00 $;765,00 $;250,68 $;0,07%;
28/04/2025;1;27145,44 $;509,32 $;509,32 $;0,00 $;5,68 $;-3503,40 $;0,00 $;100,00%;509,32 $;509,32 $;0,00 $;509,32 $;0,00 $;240,00;465,00 $;535,00 $;25,68 $;0,07%;
29/04/2025;1;27474,76 $;329,32 $;329,32 $;0,00 $;5,68 $;-3174,08 $;0,00 $;100,00%;329,32 $;329,32 $;0,00 $;329,32 $;0,00 $;210,00;340,00 $;665,00 $;335,68 $;0,07%;
30/04/2025;1;27649,08 $;174,32 $;174,32 $;0,00 $;5,68 $;-2999,76 $;0,00 $;100,00%;174,32 $;174,32 $;0,00 $;174,32 $;0,00 $;240,00;280,00 $;785,00 $;610,68 $;0,07%;
01/05/2025;1;27758,40 $;109,32 $;109,32 $;0,00 $;5,68 $;-2890,44 $;0,00 $;100,00%;109,32 $;109,32 $;0,00 $;109,32 $;0,00 $;210,00;155,00 $;905,00 $;795,68 $;0,07%;
02/05/2025;1;28572,72 $;814,32 $;814,32 $;0,00 $;5,68 $;-2076,12 $;0,00 $;100,00%;814,32 $;814,32 $;0,00 $;814,32 $;0,00 $;240,00;40,00 $;995,00 $;180,68 $;0,07%;
05/05/2025;1;28677,04 $;104,32 $;104,32 $;0,00 $;5,68 $;-1971,80 $;0,00 $;100,00%;104,32 $;104,32 $;0,00 $;104,32 $;0,00 $;0,00;5,00 $;125,00 $;20,68 $;0,07%;
06/05/2025;1;28241,36 $;-435,68 $;0,00 $;-435,68 $;5,68 $;-2407,48 $;-435,68 $;0,00%;-435,68 $;0,00 $;-435,68 $;0,00 $;-435,68 $;240,00;1055,00 $;175,00 $;610,68 $;0,07%;
07/05/2025;1;27675,68 $;-565,68 $;0,00 $;-565,68 $;5,68 $;-2973,16 $;-565,68 $;0,00%;-565,68 $;0,00 $;-565,68 $;0,00 $;-565,68 $;240,00;760,00 $;520,00 $;1085,68 $;0,07%;
09/05/2025;1;27750,00 $;74,32 $;74,32 $;0,00 $;5,68 $;-2898,84 $;0,00 $;100,00%;74,32 $;74,32 $;0,00 $;74,32 $;0,00 $;240,00;395,00 $;255,00 $;180,68 $;0,07%;
12/05/2025;1;27784,32 $;34,32 $;34,32 $;0,00 $;5,68 $;-2864,52 $;0,00 $;100,00%;34,32 $;34,32 $;0,00 $;34,32 $;0,00 $;0,00;50,00 $;70,00 $;35,68 $;0,07%;
13/05/2025;1;27398,64 $;-385,68 $;0,00 $;-385,68 $;5,68 $;-3250,20 $;-385,68 $;0,00%;-385,68 $;0,00 $;-385,68 $;0,00 $;-385,68 $;210,00;380,00 $;270,00 $;655,68 $;0,07%;
15/05/2025;1;27672,96 $;274,32 $;274,32 $;0,00 $;5,68 $;-2975,88 $;0,00 $;100,00%;274,32 $;274,32 $;0,00 $;274,32 $;0,00 $;150,00;155,00 $;375,00 $;100,68 $;0,07%;
19/05/2025;1;28027,28 $;354,32 $;354,32 $;0,00 $;5,68 $;-2621,56 $;0,00 $;100,00%;354,32 $;354,32 $;0,00 $;354,32 $;0,00 $;240,00;15,00 $;620,00 $;265,68 $;0,07%;
20/05/2025;1;27771,60 $;-255,68 $;0,00 $;-255,68 $;5,68 $;-2877,24 $;-255,68 $;0,00%;-255,68 $;0,00 $;-255,68 $;0,00 $;-255,68 $;150,00;665,00 $;120,00 $;375,68 $;0,07%;
21/05/2025;1;25740,92 $;-2030,68 $;0,00 $;-2030,68 $;5,68 $;-4907,92 $;-2030,68 $;0,00%;-2030,68 $;0,00 $;-2030,68 $;0,00 $;-2030,68 $;240,00;2100,00 $;140,00 $;2170,68 $;0,07%;
23/05/2025;1;26060,24 $;319,32 $;319,32 $;0,00 $;5,68 $;-4588,60 $;0,00 $;100,00%;319,32 $;319,32 $;0,00 $;319,32 $;0,00 $;240,00;135,00 $;630,00 $;310,68 $;0,07%;
27/05/2025;1;26369,56 $;309,32 $;309,32 $;0,00 $;5,68 $;-4279,28 $;0,00 $;100,00%;309,32 $;309,32 $;0,00 $;309,32 $;0,00 $;30,00;100,00 $;320,00 $;10,68 $;0,07%;
28/05/2025;1;26363,88 $;-5,68 $;0,00 $;-5,68 $;5,68 $;-4284,96 $;-5,68 $;0,00%;-5,68 $;0,00 $;-5,68 $;0,00 $;-5,68 $;240,00;255,00 $;310,00 $;315,68 $;0,07%;
29/05/2025;1;26698,20 $;334,32 $;334,32 $;0,00 $;5,68 $;-3950,64 $;0,00 $;100,00%;334,32 $;334,32 $;0,00 $;334,32 $;0,00 $;210,00;25,00 $;400,00 $;65,68 $;0,07%;
30/05/2025;1;26912,52 $;214,32 $;214,32 $;0,00 $;5,68 $;-3736,32 $;0,00 $;100,00%;214,32 $;214,32 $;0,00 $;214,32 $;0,00 $;240,00;1125,00 $;245,00 $;30,68 $;0,07%;
02/06/2025;1;27271,84 $;359,32 $;359,32 $;0,00 $;5,68 $;-3377,00 $;0,00 $;100,00%;359,32 $;359,32 $;0,00 $;359,32 $;0,00 $;240,00;170,00 $;435,00 $;75,68 $;0,07%;
03/06/2025;1;27596,16 $;324,32 $;324,32 $;0,00 $;5,68 $;-3052,68 $;0,00 $;100,00%;324,32 $;324,32 $;0,00 $;324,32 $;0,00 $;240,00;45,00 $;670,00 $;345,68 $;0,07%;
04/06/2025;1;27720,48 $;124,32 $;124,32 $;0,00 $;5,68 $;-2928,36 $;0,00 $;100,00%;124,32 $;124,32 $;0,00 $;124,32 $;0,00 $;240,00;205,00 $;355,00 $;230,68 $;0,07%;
06/06/2025;1;27834,80 $;114,32 $;114,32 $;0,00 $;5,68 $;-2814,04 $;0,00 $;100,00%;114,32 $;114,32 $;0,00 $;114,32 $;0,00 $;240,00;220,00 $;265,00 $;150,68 $;0,07%;
09/06/2025;1;27859,12 $;24,32 $;24,32 $;0,00 $;5,68 $;-2789,72 $;0,00 $;100,00%;24,32 $;24,32 $;0,00 $;24,32 $;0,00 $;210,00;45,00 $;500,00 $;475,68 $;0,07%;
10/06/2025;2;27597,76 $;-261,36 $;29,32 $;-290,68 $;11,36 $;-3080,40 $;-290,68 $;50,00%;-130,68 $;29,32 $;-290,68 $;29,32 $;-290,68 $;270,00;322,50 $;30,00 $;160,68 $;0,14%;
11/06/2025;1;26627,08 $;-970,68 $;0,00 $;-970,68 $;5,68 $;-4021,76 $;-970,68 $;0,00%;-970,68 $;0,00 $;-970,68 $;0,00 $;-970,68 $;240,00;1135,00 $;85,00 $;1055,68 $;0,07%;
12/06/2025;1;26796,40 $;169,32 $;169,32 $;0,00 $;5,68 $;-3852,44 $;0,00 $;100,00%;169,32 $;169,32 $;0,00 $;169,32 $;0,00 $;240,00;195,00 $;400,00 $;230,68 $;0,07%;
13/06/2025;1;25700,72 $;-1095,68 $;0,00 $;-1095,68 $;5,68 $;-4948,12 $;-1095,68 $;0,00%;-1095,68 $;0,00 $;-1095,68 $;0,00 $;-1095,68 $;240,00;1175,00 $;460,00 $;1555,68 $;0,07%;
16/06/2025;1;25410,04 $;-290,68 $;0,00 $;-290,68 $;5,68 $;-5238,80 $;-290,68 $;0,00%;-290,68 $;0,00 $;-290,68 $;0,00 $;-290,68 $;240,00;365,00 $;225,00 $;515,68 $;0,07%;
17/06/2025;1;25099,36 $;-310,68 $;0,00 $;-310,68 $;5,68 $;-5549,48 $;-310,68 $;0,00%;-310,68 $;0,00 $;-310,68 $;0,00 $;-310,68 $;150,00;415,00 $;295,00 $;605,68 $;0,07%;
18/06/2025;1;24218,68 $;-880,68 $;0,00 $;-880,68 $;5,68 $;-6430,16 $;-880,68 $;0,00%;-880,68 $;0,00 $;-880,68 $;0,00 $;-880,68 $;240,00;945,00 $;340,00 $;1220,68 $;0,07%;
23/06/2025;1;25008,00 $;789,32 $;789,32 $;0,00 $;5,68 $;-5640,84 $;0,00 $;100,00%;789,32 $;789,32 $;0,00 $;789,32 $;0,00 $;240,00;1365,00 $;810,00 $;20,68 $;0,07%;
24/06/2025;1;25152,32 $;144,32 $;144,32 $;0,00 $;5,68 $;-5496,52 $;0,00 $;100,00%;144,32 $;144,32 $;0,00 $;144,32 $;0,00 $;240,00;290,00 $;250,00 $;105,68 $;0,07%;
25/06/2025;1;24631,64 $;-520,68 $;0,00 $;-520,68 $;5,68 $;-6017,20 $;-520,68 $;0,00%;-520,68 $;0,00 $;-520,68 $;0,00 $;-520,68 $;150,00;585,00 $;30,00 $;550,68 $;0,07%;
26/06/2025;1;25345,96 $;714,32 $;714,32 $;0,00 $;5,68 $;-5302,88 $;0,00 $;100,00%;714,32 $;714,32 $;0,00 $;714,32 $;0,00 $;240,00;50,00 $;780,00 $;65,68 $;0,07%;
27/06/2025;1;24525,28 $;-820,68 $;0,00 $;-820,68 $;5,68 $;-6123,56 $;-820,68 $;0,00%;-820,68 $;0,00 $;-820,68 $;0,00 $;-820,68 $;210,00;1600,00 $;35,00 $;855,68 $;0,07%;
30/06/2025;1;24744,60 $;219,32 $;219,32 $;0,00 $;5,68 $;-5904,24 $;0,00 $;100,00%;219,32 $;219,32 $;0,00 $;219,32 $;0,00 $;240,00;265,00 $;320,00 $;100,68 $;0,07%;
01/07/2025;1;25273,92 $;529,32 $;529,32 $;0,00 $;5,68 $;-5374,92 $;0,00 $;100,00%;529,32 $;529,32 $;0,00 $;529,32 $;0,00 $;240,00;70,00 $;1565,00 $;1035,68 $;0,07%;
02/07/2025;1;26003,24 $;729,32 $;729,32 $;0,00 $;5,68 $;-4645,60 $;0,00 $;100,00%;729,32 $;729,32 $;0,00 $;729,32 $;0,00 $;210,00;110,00 $;765,00 $;35,68 $;0,07%;
03/07/2025;1;26152,56 $;149,32 $;149,32 $;0,00 $;5,68 $;-4496,28 $;0,00 $;100,00%;149,32 $;149,32 $;0,00 $;149,32 $;0,00 $;45,00;50,00 $;330,00 $;180,68 $;0,07%;
07/07/2025;2;25346,20 $;-806,36 $;0,00 $;-806,36 $;11,36 $;-5302,64 $;-806,36 $;0,00%;-403,18 $;0,00 $;-403,18 $;0,00 $;-720,68 $;270,00;720,00 $;132,50 $;535,68 $;0,14%;
08/07/2025;1;24925,52 $;-420,68 $;0,00 $;-420,68 $;5,68 $;-5723,32 $;-420,68 $;0,00%;-420,68 $;0,00 $;-420,68 $;0,00 $;-420,68 $;210,00;580,00 $;25,00 $;445,68 $;0,07%;
09/07/2025;1;25684,84 $;759,32 $;759,32 $;0,00 $;5,68 $;-4964,00 $;0,00 $;100,00%;759,32 $;759,32 $;0,00 $;759,32 $;0,00 $;240,00;170,00 $;810,00 $;50,68 $;0,07%;
10/07/2025;1;25354,16 $;-330,68 $;0,00 $;-330,68 $;5,68 $;-5294,68 $;-330,68 $;0,00%;-330,68 $;0,00 $;-330,68 $;0,00 $;-330,68 $;210,00;370,00 $;345,00 $;675,68 $;0,07%;
16/07/2025;1;26023,48 $;669,32 $;669,32 $;0,00 $;5,68 $;-4625,36 $;0,00 $;100,00%;669,32 $;669,32 $;0,00 $;669,32 $;0,00 $;210,00;195,00 $;1010,00 $;340,68 $;0,07%;
21/07/2025;1;24857,80 $;-1165,68 $;0,00 $;-1165,68 $;5,68 $;-5791,04 $;-1165,68 $;0,00%;-1165,68 $;0,00 $;-1165,68 $;0,00 $;-1165,68 $;240,00;1230,00 $;65,00 $;1230,68 $;0,07%;
22/07/2025;1;25507,12 $;649,32 $;649,32 $;0,00 $;5,68 $;-5141,72 $;0,00 $;100,00%;649,32 $;649,32 $;0,00 $;649,32 $;0,00 $;210,00;75,00 $;800,00 $;150,68 $;0,07%;
23/07/2025;1;25921,44 $;414,32 $;414,32 $;0,00 $;5,68 $;-4727,40 $;0,00 $;100,00%;414,32 $;414,32 $;0,00 $;414,32 $;0,00 $;210,00;430,00 $;565,00 $;150,68 $;0,07%;
24/07/2025;1;25650,76 $;-270,68 $;0,00 $;-270,68 $;5,68 $;-4998,08 $;-270,68 $;0,00%;-270,68 $;0,00 $;-270,68 $;0,00 $;-270,68 $;240,00;485,00 $;40,00 $;310,68 $;0,07%;
25/07/2025;1;26355,08 $;704,32 $;704,32 $;0,00 $;5,68 $;-4293,76 $;0,00 $;100,00%;704,32 $;704,32 $;0,00 $;704,32 $;0,00 $;240,00;30,00 $;715,00 $;10,68 $;0,07%;
28/07/2025;1;26434,40 $;79,32 $;79,32 $;0,00 $;5,68 $;-4214,44 $;0,00 $;100,00%;79,32 $;79,32 $;0,00 $;79,32 $;0,00 $;240,00;210,00 $;430,00 $;350,68 $;0,07%;
29/07/2025;1;26568,72 $;134,32 $;134,32 $;0,00 $;5,68 $;-4080,12 $;0,00 $;100,00%;134,32 $;134,32 $;0,00 $;134,32 $;0,00 $;240,00;295,00 $;430,00 $;295,68 $;0,07%;
30/07/2025;1;24803,04 $;-1765,68 $;0,00 $;-1765,68 $;5,68 $;-5845,80 $;-1765,68 $;0,00%;-1765,68 $;0,00 $;-1765,68 $;0,00 $;-1765,68 $;240,00;1880,00 $;585,00 $;2350,68 $;0,07%;
01/08/2025;1;25142,36 $;339,32 $;339,32 $;0,00 $;5,68 $;-5506,48 $;0,00 $;100,00%;339,32 $;339,32 $;0,00 $;339,32 $;0,00 $;150,00;250,00 $;630,00 $;290,68 $;0,07%;
05/08/2025;1;25466,68 $;324,32 $;324,32 $;0,00 $;5,68 $;-5182,16 $;0,00 $;100,00%;324,32 $;324,32 $;0,00 $;324,32 $;0,00 $;210,00;285,00 $;435,00 $;110,68 $;0,07%;
06/08/2025;1;25601,00 $;134,32 $;134,32 $;0,00 $;5,68 $;-5047,84 $;0,00 $;100,00%;134,32 $;134,32 $;0,00 $;134,32 $;0,00 $;210,00;215,00 $;235,00 $;100,68 $;0,07%;
11/08/2025;1;25305,32 $;-295,68 $;0,00 $;-295,68 $;5,68 $;-5343,52 $;-295,68 $;0,00%;-295,68 $;0,00 $;-295,68 $;0,00 $;-295,68 $;210,00;530,00 $;30,00 $;325,68 $;0,07%;
12/08/2025;1;26279,64 $;974,32 $;974,32 $;0,00 $;5,68 $;-4369,20 $;0,00 $;100,00%;974,32 $;974,32 $;0,00 $;974,32 $;0,00 $;240,00;10,00 $;1055,00 $;80,68 $;0,07%;
13/08/2025;1;27093,96 $;814,32 $;814,32 $;0,00 $;5,68 $;-3554,88 $;0,00 $;100,00%;814,32 $;814,32 $;0,00 $;814,32 $;0,00 $;240,00;170,00 $;845,00 $;30,68 $;0,07%;
14/08/2025;1;27548,28 $;454,32 $;454,32 $;0,00 $;5,68 $;-3100,56 $;0,00 $;100,00%;454,32 $;454,32 $;0,00 $;454,32 $;0,00 $;240,00;515,00 $;680,00 $;225,68 $;0,07%;
15/08/2025;1;27752,60 $;204,32 $;204,32 $;0,00 $;5,68 $;-2896,24 $;0,00 $;100,00%;204,32 $;204,32 $;0,00 $;204,32 $;0,00 $;240,00;115,00 $;580,00 $;375,68 $;0,07%;
18/08/2025;1;27601,92 $;-150,68 $;0,00 $;-150,68 $;5,68 $;-3046,92 $;-150,68 $;0,00%;-150,68 $;0,00 $;-150,68 $;0,00 $;-150,68 $;150,00;210,00 $;120,00 $;270,68 $;0,07%;
20/08/2025;1;27751,24 $;149,32 $;149,32 $;0,00 $;5,68 $;-2897,60 $;0,00 $;100,00%;149,32 $;149,32 $;0,00 $;149,32 $;0,00 $;210,00;445,00 $;390,00 $;240,68 $;0,07%;
21/08/2025;1;28245,56 $;494,32 $;494,32 $;0,00 $;5,68 $;-2403,28 $;0,00 $;100,00%;494,32 $;494,32 $;0,00 $;494,32 $;0,00 $;210,00;225,00 $;595,00 $;100,68 $;0,07%;
22/08/2025;1;28094,88 $;-150,68 $;0,00 $;-150,68 $;5,68 $;-2553,96 $;-150,68 $;0,00%;-150,68 $;0,00 $;-150,68 $;0,00 $;-150,68 $;240,00;275,00 $;275,00 $;425,68 $;0,07%;
26/08/2025;1;28289,20 $;194,32 $;194,32 $;0,00 $;5,68 $;-2359,64 $;0,00 $;100,00%;194,32 $;194,32 $;0,00 $;194,32 $;0,00 $;240,00;15,00 $;515,00 $;320,68 $;0,07%;
27/08/2025;1;28343,52 $;54,32 $;54,32 $;0,00 $;5,68 $;-2305,32 $;0,00 $;100,00%;54,32 $;54,32 $;0,00 $;54,32 $;0,00 $;240,00;390,00 $;155,00 $;100,68 $;0,07%;
28/08/2025;1;28647,84 $;304,32 $;304,32 $;0,00 $;5,68 $;-2001,00 $;0,00 $;100,00%;304,32 $;304,32 $;0,00 $;304,32 $;0,00 $;240,00;0,00 $;425,00 $;120,68 $;0,07%;
02/09/2025;1;29197,16 $;549,32 $;549,32 $;0,00 $;5,68 $;-1451,68 $;0,00 $;100,00%;549,32 $;549,32 $;0,00 $;549,32 $;0,00 $;240,00;480,00 $;595,00 $;45,68 $;0,07%;
03/09/2025;1;28946,48 $;-250,68 $;0,00 $;-250,68 $;5,68 $;-1702,36 $;-250,68 $;0,00%;-250,68 $;0,00 $;-250,68 $;0,00 $;-250,68 $;240,00;405,00 $;220,00 $;470,68 $;0,07%;
05/09/2025;1;29295,80 $;349,32 $;349,32 $;0,00 $;5,68 $;-1353,04 $;0,00 $;100,00%;349,32 $;349,32 $;0,00 $;349,32 $;0,00 $;210,00;405,00 $;465,00 $;115,68 $;0,07%;
10/09/2025;1;28805,12 $;-490,68 $;0,00 $;-490,68 $;5,68 $;-1843,72 $;-490,68 $;0,00%;-490,68 $;0,00 $;-490,68 $;0,00 $;-490,68 $;240,00;510,00 $;225,00 $;715,68 $;0,07%;
11/09/2025;1;29134,44 $;329,32 $;329,32 $;0,00 $;5,68 $;-1514,40 $;0,00 $;100,00%;329,32 $;329,32 $;0,00 $;329,32 $;0,00 $;240,00;250,00 $;425,00 $;95,68 $;0,07%;
12/09/2025;1;29158,76 $;24,32 $;24,32 $;0,00 $;5,68 $;-1490,08 $;0,00 $;100,00%;24,32 $;24,32 $;0,00 $;24,32 $;0,00 $;240,00;115,00 $;430,00 $;405,68 $;0,07%;
15/09/2025;1;28948,08 $;-210,68 $;0,00 $;-210,68 $;5,68 $;-1700,76 $;-210,68 $;0,00%;-210,68 $;0,00 $;-210,68 $;0,00 $;-210,68 $;210,00;310,00 $;210,00 $;420,68 $;0,07%;
16/09/2025;1;29312,40 $;364,32 $;364,32 $;0,00 $;5,68 $;-1336,44 $;0,00 $;100,00%;364,32 $;364,32 $;0,00 $;364,32 $;0,00 $;150,00;135,00 $;495,00 $;130,68 $;0,07%;
17/09/2025;1;28861,72 $;-450,68 $;0,00 $;-450,68 $;5,68 $;-1787,12 $;-450,68 $;0,00%;-450,68 $;0,00 $;-450,68 $;0,00 $;-450,68 $;30,00;750,00 $;25,00 $;475,68 $;0,07%;
22/09/2025;1;29386,04 $;524,32 $;524,32 $;0,00 $;5,68 $;-1262,80 $;0,00 $;100,00%;524,32 $;524,32 $;0,00 $;524,32 $;0,00 $;210,00;40,00 $;835,00 $;310,68 $;0,07%;
24/09/2025;1;29255,36 $;-130,68 $;0,00 $;-130,68 $;5,68 $;-1393,48 $;-130,68 $;0,00%;-130,68 $;0,00 $;-130,68 $;0,00 $;-130,68 $;210,00;375,00 $;295,00 $;425,68 $;0,07%;
26/09/2025;1;29679,68 $;424,32 $;424,32 $;0,00 $;5,68 $;-969,16 $;0,00 $;100,00%;424,32 $;424,32 $;0,00 $;424,32 $;0,00 $;240,00;265,00 $;555,00 $;130,68 $;0,07%;
29/09/2025;1;29639,00 $;-40,68 $;0,00 $;-40,68 $;5,68 $;-1009,84 $;-40,68 $;0,00%;-40,68 $;0,00 $;-40,68 $;0,00 $;-40,68 $;210,00;385,00 $;145,00 $;185,68 $;0,07%;
30/09/2025;1;30163,32 $;524,32 $;524,32 $;0,00 $;5,68 $;-485,52 $;0,00 $;100,00%;524,32 $;524,32 $;0,00 $;524,32 $;0,00 $;240,00;240,00 $;630,00 $;105,68 $;0,07%;
01/10/2025;1;30637,64 $;474,32 $;474,32 $;0,00 $;5,68 $;-11,20 $;0,00 $;100,00%;474,32 $;474,32 $;0,00 $;474,32 $;0,00 $;240,00;235,00 $;485,00 $;10,68 $;0,07%;
02/10/2025;1;31361,96 $;724,32 $;724,32 $;0,00 $;5,68 $;0,00 $;0,00 $;100,00%;724,32 $;724,32 $;0,00 $;724,32 $;0,00 $;150,00;30,00 $;765,00 $;40,68 $;0,07%;
03/10/2025;1;30851,28 $;-510,68 $;0,00 $;-510,68 $;5,68 $;-510,68 $;-510,68 $;0,00%;-510,68 $;0,00 $;-510,68 $;0,00 $;-510,68 $;240,00;880,00 $;445,00 $;955,68 $;0,07%;
06/10/2025;1;30205,60 $;-645,68 $;0,00 $;-645,68 $;5,68 $;-1156,36 $;-645,68 $;0,00%;-645,68 $;0,00 $;-645,68 $;0,00 $;-645,68 $;240,00;715,00 $;45,00 $;690,68 $;0,07%;
07/10/2025;1;30544,92 $;339,32 $;339,32 $;0,00 $;5,68 $;-817,04 $;0,00 $;100,00%;339,32 $;339,32 $;0,00 $;339,32 $;0,00 $;210,00;210,00 $;380,00 $;40,68 $;0,07%;
08/10/2025;1;30729,24 $;184,32 $;184,32 $;0,00 $;5,68 $;-632,72 $;0,00 $;100,00%;184,32 $;184,32 $;0,00 $;184,32 $;0,00 $;240,00;130,00 $;505,00 $;320,68 $;0,07%;
09/10/2025;1;31333,56 $;604,32 $;604,32 $;0,00 $;5,68 $;-28,40 $;0,00 $;100,00%;604,32 $;604,32 $;0,00 $;604,32 $;0,00 $;150,00;60,00 $;665,00 $;60,68 $;0,07%;
14/10/2025;1;33822,88 $;2489,32 $;2489,32 $;0,00 $;5,68 $;0,00 $;0,00 $;100,00%;2489,32 $;2489,32 $;0,00 $;2489,32 $;0,00 $;240,00;5,00 $;2630,00 $;140,68 $;0,07%;
15/10/2025;1;33917,20 $;94,32 $;94,32 $;0,00 $;5,68 $;0,00 $;0,00 $;100,00%;94,32 $;94,32 $;0,00 $;94,32 $;0,00 $;30,00;220,00 $;335,00 $;240,68 $;0,07%;
16/10/2025;2;31875,84 $;-2041,36 $;54,32 $;-2095,68 $;11,36 $;-2095,68 $;-2095,68 $;50,00%;-1020,68 $;54,32 $;-2095,68 $;54,32 $;-2095,68 $;270,00;1162,50 $;187,50 $;1208,18 $;0,14%;
17/10/2025;1;32820,16 $;944,32 $;944,32 $;0,00 $;5,68 $;-1097,04 $;0,00 $;100,00%;944,32 $;944,32 $;0,00 $;944,32 $;0,00 $;150,00;35,00 $;980,00 $;35,68 $;0,07%;
20/10/2025;1;33304,48 $;484,32 $;484,32 $;0,00 $;5,68 $;-612,72 $;0,00 $;100,00%;484,32 $;484,32 $;0,00 $;484,32 $;0,00 $;240,00;230,00 $;665,00 $;180,68 $;0,07%;
21/10/2025;1;32658,80 $;-645,68 $;0,00 $;-645,68 $;5,68 $;-1258,40 $;-645,68 $;0,00%;-645,68 $;0,00 $;-645,68 $;0,00 $;-645,68 $;210,00;890,00 $;20,00 $;665,68 $;0,07%;
22/10/2025;1;32683,12 $;24,32 $;24,32 $;0,00 $;5,68 $;-1234,08 $;0,00 $;100,00%;24,32 $;24,32 $;0,00 $;24,32 $;0,00 $;240,00;1295,00 $;415,00 $;390,68 $;0,07%;
23/10/2025;1;33092,44 $;409,32 $;409,32 $;0,00 $;5,68 $;-824,76 $;0,00 $;100,00%;409,32 $;409,32 $;0,00 $;409,32 $;0,00 $;210,00;165,00 $;865,00 $;455,68 $;0,07%;
24/10/2025;1;32641,76 $;-450,68 $;0,00 $;-450,68 $;5,68 $;-1275,44 $;-450,68 $;0,00%;-450,68 $;0,00 $;-450,68 $;0,00 $;-450,68 $;210,00;500,00 $;115,00 $;565,68 $;0,07%;
