Period;#;Cum. net profit;Net profit;Gross profit;Gross loss;Commission;Cum. max. drawdown;Max. drawdown;% Win;Avg. trade;Avg. winner;Avg. loser;Lrg. winner;Lrg. loser;MTR;Avg. MAE;Avg. MFE;Avg. ETD;% Trade;
03/01/2020;1;-905,52 $;-905,52 $;0,00 $;-905,52 $;5,52 $;-905,52 $;-905,52 $;0,00%;-905,52 $;0,00 $;-905,52 $;0,00 $;-905,52 $;120,00;1250,00 $;50,00 $;955,52 $;0,06%;
07/01/2020;2;-1766,56 $;-861,04 $;0,00 $;-861,04 $;11,04 $;-1766,56 $;-861,04 $;0,00%;-430,52 $;0,00 $;-430,52 $;0,00 $;-630,52 $;660,00;937,50 $;550,00 $;980,52 $;0,13%;
08/01/2020;1;452,92 $;2219,48 $;2219,48 $;0,00 $;5,52 $;0,00 $;0,00 $;100,00%;2219,48 $;2219,48 $;0,00 $;2219,48 $;0,00 $;240,00;175,00 $;2575,00 $;355,52 $;0,06%;
09/01/2020;3;1911,36 $;1458,44 $;1458,44 $;0,00 $;16,56 $;0,00 $;0,00 $;100,00%;486,15 $;486,15 $;0,00 $;869,48 $;0,00 $;240,00;258,33 $;1050,00 $;563,85 $;0,19%;
14/01/2020;1;1755,84 $;-155,52 $;0,00 $;-155,52 $;5,52 $;-155,52 $;-155,52 $;0,00%;-155,52 $;0,00 $;-155,52 $;0,00 $;-155,52 $;0,00;500,00 $;50,00 $;205,52 $;0,06%;
16/01/2020;1;900,32 $;-855,52 $;0,00 $;-855,52 $;5,52 $;-1011,04 $;-855,52 $;0,00%;-855,52 $;0,00 $;-855,52 $;0,00 $;-855,52 $;240,00;1625,00 $;1250,00 $;2105,52 $;0,06%;
17/01/2020;2;739,28 $;-161,04 $;44,48 $;-205,52 $;11,04 $;-1216,56 $;-205,52 $;50,00%;-80,52 $;44,48 $;-205,52 $;44,48 $;-205,52 $;600,00;687,50 $;462,50 $;543,02 $;0,13%;
20/01/2020;1;1358,76 $;619,48 $;619,48 $;0,00 $;5,52 $;-552,60 $;0,00 $;100,00%;619,48 $;619,48 $;0,00 $;619,48 $;0,00 $;180,00;25,00 $;675,00 $;55,52 $;0,06%;
21/01/2020;1;1228,24 $;-130,52 $;0,00 $;-130,52 $;5,52 $;-683,12 $;-130,52 $;0,00%;-130,52 $;0,00 $;-130,52 $;0,00 $;-130,52 $;240,00;575,00 $;975,00 $;1105,52 $;0,06%;
24/01/2020;1;-852,28 $;-2080,52 $;0,00 $;-2080,52 $;5,52 $;-2763,64 $;-2080,52 $;0,00%;-2080,52 $;0,00 $;-2080,52 $;0,00 $;-2080,52 $;240,00;2100,00 $;25,00 $;2105,52 $;0,06%;
28/01/2020;1;-682,80 $;169,48 $;169,48 $;0,00 $;5,52 $;-2594,16 $;0,00 $;100,00%;169,48 $;169,48 $;0,00 $;169,48 $;0,00 $;240,00;475,00 $;350,00 $;180,52 $;0,06%;
29/01/2020;2;-418,84 $;263,96 $;494,48 $;-230,52 $;11,04 $;-2330,20 $;-230,52 $;50,00%;131,98 $;494,48 $;-230,52 $;494,48 $;-230,52 $;600,00;237,50 $;762,50 $;630,52 $;0,13%;
03/02/2020;2;-554,88 $;-136,04 $;244,48 $;-380,52 $;11,04 $;-2466,24 $;-380,52 $;50,00%;-68,02 $;244,48 $;-380,52 $;244,48 $;-380,52 $;600,00;487,50 $;525,00 $;593,02 $;0,13%;
04/02/2020;1;814,60 $;1369,48 $;1369,48 $;0,00 $;5,52 $;-1096,76 $;0,00 $;100,00%;1369,48 $;1369,48 $;0,00 $;1369,48 $;0,00 $;240,00;150,00 $;1725,00 $;355,52 $;0,06%;
05/02/2020;2;3453,56 $;2638,96 $;2638,96 $;0,00 $;11,04 $;0,00 $;0,00 $;100,00%;1319,48 $;1319,48 $;0,00 $;2019,48 $;0,00 $;240,00;225,00 $;1987,50 $;668,02 $;0,13%;
06/02/2020;2;3592,52 $;138,96 $;344,48 $;-205,52 $;11,04 $;-205,52 $;-205,52 $;50,00%;69,48 $;344,48 $;-205,52 $;344,48 $;-205,52 $;540,00;562,50 $;450,00 $;380,52 $;0,13%;
10/02/2020;2;4631,48 $;1038,96 $;1069,48 $;-30,52 $;11,04 $;-236,04 $;-30,52 $;50,00%;519,48 $;1069,48 $;-30,52 $;1069,48 $;-30,52 $;240,00;700,00 $;612,50 $;93,02 $;0,13%;
11/02/2020;2;5795,44 $;1163,96 $;1163,96 $;0,00 $;11,04 $;0,00 $;0,00 $;100,00%;581,98 $;581,98 $;0,00 $;1144,48 $;0,00 $;240,00;37,50 $;1087,50 $;505,52 $;0,13%;
12/02/2020;1;6039,92 $;244,48 $;244,48 $;0,00 $;5,52 $;0,00 $;0,00 $;100,00%;244,48 $;244,48 $;0,00 $;244,48 $;0,00 $;240,00;25,00 $;825,00 $;580,52 $;0,06%;
13/02/2020;1;6784,40 $;744,48 $;744,48 $;0,00 $;5,52 $;0,00 $;0,00 $;100,00%;744,48 $;744,48 $;0,00 $;744,48 $;0,00 $;240,00;275,00 $;975,00 $;230,52 $;0,06%;
17/02/2020;1;6828,88 $;44,48 $;44,48 $;0,00 $;5,52 $;0,00 $;0,00 $;100,00%;44,48 $;44,48 $;0,00 $;44,48 $;0,00 $;120,00;100,00 $;175,00 $;130,52 $;0,06%;
18/02/2020;1;6473,36 $;-355,52 $;0,00 $;-355,52 $;5,52 $;-355,52 $;-355,52 $;0,00%;-355,52 $;0,00 $;-355,52 $;0,00 $;-355,52 $;0,00;525,00 $;75,00 $;430,52 $;0,06%;
20/02/2020;1;5842,84 $;-630,52 $;0,00 $;-630,52 $;5,52 $;-986,04 $;-630,52 $;0,00%;-630,52 $;0,00 $;-630,52 $;0,00 $;-630,52 $;240,00;1150,00 $;75,00 $;705,52 $;0,06%;
26/02/2020;1;4087,32 $;-1755,52 $;0,00 $;-1755,52 $;5,52 $;-2741,56 $;-1755,52 $;0,00%;-1755,52 $;0,00 $;-1755,52 $;0,00 $;-1755,52 $;120,00;2600,00 $;225,00 $;1980,52 $;0,06%;
28/02/2020;1;5656,80 $;1569,48 $;1569,48 $;0,00 $;5,52 $;-1172,08 $;0,00 $;100,00%;1569,48 $;1569,48 $;0,00 $;1569,48 $;0,00 $;0,00;2975,00 $;1575,00 $;5,52 $;0,06%;
02/03/2020;1;9276,28 $;3619,48 $;3619,48 $;0,00 $;5,52 $;0,00 $;0,00 $;100,00%;3619,48 $;3619,48 $;0,00 $;3619,48 $;0,00 $;60,00;3025,00 $;4200,00 $;580,52 $;0,06%;
03/03/2020;1;5945,76 $;-3330,52 $;0,00 $;-3330,52 $;5,52 $;-3330,52 $;-3330,52 $;0,00%;-3330,52 $;0,00 $;-3330,52 $;0,00 $;-3330,52 $;240,00;5500,00 $;3775,00 $;7105,52 $;0,06%;
04/03/2020;1;8940,24 $;2994,48 $;2994,48 $;0,00 $;5,52 $;-336,04 $;0,00 $;100,00%;2994,48 $;2994,48 $;0,00 $;2994,48 $;0,00 $;240,00;525,00 $;3600,00 $;605,52 $;0,06%;
10/03/2020;2;579,20 $;-8361,04 $;0,00 $;-8361,04 $;11,04 $;-8697,08 $;-8361,04 $;0,00%;-4180,52 $;0,00 $;-4180,52 $;0,00 $;-6205,52 $;540,00;6375,00 $;2187,50 $;6368,02 $;0,13%;
13/03/2020;1;9273,68 $;8694,48 $;8694,48 $;0,00 $;5,52 $;-2,60 $;0,00 $;100,00%;8694,48 $;8694,48 $;0,00 $;8694,48 $;0,00 $;240,00;5825,00 $;10075,00 $;1380,52 $;0,06%;
16/03/2020;1;5193,16 $;-4080,52 $;0,00 $;-4080,52 $;5,52 $;-4083,12 $;-4080,52 $;0,00%;-4080,52 $;0,00 $;-4080,52 $;0,00 $;-4080,52 $;180,00;6775,00 $;1875,00 $;5955,52 $;0,06%;
17/03/2020;2;7057,12 $;1863,96 $;2644,48 $;-780,52 $;11,04 $;-2219,16 $;-780,52 $;50,00%;931,98 $;2644,48 $;-780,52 $;2644,48 $;-780,52 $;540,00;4712,50 $;2325,00 $;1393,02 $;0,13%;
19/03/2020;1;7501,60 $;444,48 $;444,48 $;0,00 $;5,52 $;-1774,68 $;0,00 $;100,00%;444,48 $;444,48 $;0,00 $;444,48 $;0,00 $;240,00;950,00 $;5700,00 $;5255,52 $;0,06%;
20/03/2020;1;3821,08 $;-3680,52 $;0,00 $;-3680,52 $;5,52 $;-5455,20 $;-3680,52 $;0,00%;-3680,52 $;0,00 $;-3680,52 $;0,00 $;-3680,52 $;240,00;4100,00 $;1875,00 $;5555,52 $;0,06%;
23/03/2020;1;4490,56 $;669,48 $;669,48 $;0,00 $;5,52 $;-4785,72 $;0,00 $;100,00%;669,48 $;669,48 $;0,00 $;669,48 $;0,00 $;240,00;5100,00 $;2325,00 $;1655,52 $;0,06%;
24/03/2020;1;8585,04 $;4094,48 $;4094,48 $;0,00 $;5,52 $;-691,24 $;0,00 $;100,00%;4094,48 $;4094,48 $;0,00 $;4094,48 $;0,00 $;240,00;1900,00 $;4575,00 $;480,52 $;0,06%;
25/03/2020;2;-4051,00 $;-12636,04 $;0,00 $;-12636,04 $;11,04 $;-13327,28 $;-12636,04 $;0,00%;-6318,02 $;0,00 $;-6318,02 $;0,00 $;-11330,52 $;720,00;8875,00 $;2962,50 $;9280,52 $;0,13%;
26/03/2020;2;-512,04 $;3538,96 $;3538,96 $;0,00 $;11,04 $;-11007,80 $;0,00 $;100,00%;1769,48 $;1769,48 $;0,00 $;2319,48 $;0,00 $;240,00;1175,00 $;3150,00 $;1380,52 $;0,13%;
30/03/2020;1;2107,44 $;2619,48 $;2619,48 $;0,00 $;5,52 $;-7168,84 $;0,00 $;100,00%;2619,48 $;2619,48 $;0,00 $;2619,48 $;0,00 $;240,00;100,00 $;3525,00 $;905,52 $;0,06%;
31/03/2020;1;-773,08 $;-2880,52 $;0,00 $;-2880,52 $;5,52 $;-10049,36 $;-2880,52 $;0,00%;-2880,52 $;0,00 $;-2880,52 $;0,00 $;-2880,52 $;240,00;3425,00 $;3050,00 $;5930,52 $;0,06%;
02/04/2020;2;-634,12 $;138,96 $;138,96 $;0,00 $;11,04 $;-9929,88 $;0,00 $;100,00%;69,48 $;69,48 $;0,00 $;119,48 $;0,00 $;240,00;3012,50 $;575,00 $;505,52 $;0,13%;
03/04/2020;1;-2539,64 $;-1905,52 $;0,00 $;-1905,52 $;5,52 $;-11815,92 $;-1905,52 $;0,00%;-1905,52 $;0,00 $;-1905,52 $;0,00 $;-1905,52 $;240,00;2625,00 $;775,00 $;2680,52 $;0,06%;
06/04/2020;2;2649,32 $;5188,96 $;5188,96 $;0,00 $;11,04 $;-9046,44 $;0,00 $;100,00%;2594,48 $;2594,48 $;0,00 $;2769,48 $;0,00 $;240,00;412,50 $;3650,00 $;1055,52 $;0,13%;
07/04/2020;1;93,80 $;-2555,52 $;0,00 $;-2555,52 $;5,52 $;-9182,48 $;-2555,52 $;0,00%;-2555,52 $;0,00 $;-2555,52 $;0,00 $;-2555,52 $;240,00;6000,00 $;1025,00 $;3580,52 $;0,06%;
08/04/2020;1;3213,28 $;3119,48 $;3119,48 $;0,00 $;5,52 $;-6063,00 $;0,00 $;100,00%;3119,48 $;3119,48 $;0,00 $;3119,48 $;0,00 $;240,00;600,00 $;3275,00 $;155,52 $;0,06%;
09/04/2020;2;8202,24 $;4988,96 $;4988,96 $;0,00 $;11,04 $;-2443,52 $;0,00 $;100,00%;2494,48 $;2494,48 $;0,00 $;3619,48 $;0,00 $;240,00;2062,50 $;4462,50 $;1968,02 $;0,13%;
14/04/2020;1;7946,72 $;-255,52 $;0,00 $;-255,52 $;5,52 $;-1329,56 $;-255,52 $;0,00%;-255,52 $;0,00 $;-255,52 $;0,00 $;-255,52 $;240,00;1550,00 $;700,00 $;955,52 $;0,06%;
16/04/2020;1;7016,20 $;-930,52 $;0,00 $;-930,52 $;5,52 $;-2260,08 $;-930,52 $;0,00%;-930,52 $;0,00 $;-930,52 $;0,00 $;-930,52 $;240,00;1700,00 $;725,00 $;1655,52 $;0,06%;
17/04/2020;1;5560,68 $;-1455,52 $;0,00 $;-1455,52 $;5,52 $;-3715,60 $;-1455,52 $;0,00%;-1455,52 $;0,00 $;-1455,52 $;0,00 $;-1455,52 $;240,00;3825,00 $;175,00 $;1630,52 $;0,06%;
20/04/2020;1;1980,16 $;-3580,52 $;0,00 $;-3580,52 $;5,52 $;-7296,12 $;-3580,52 $;0,00%;-3580,52 $;0,00 $;-3580,52 $;0,00 $;-3580,52 $;180,00;3875,00 $;50,00 $;3630,52 $;0,06%;
22/04/2020;1;3524,64 $;1544,48 $;1544,48 $;0,00 $;5,52 $;-5751,64 $;0,00 $;100,00%;1544,48 $;1544,48 $;0,00 $;1544,48 $;0,00 $;240,00;825,00 $;2025,00 $;480,52 $;0,06%;
23/04/2020;2;2038,60 $;-1486,04 $;869,48 $;-2355,52 $;11,04 $;-7237,68 $;-2355,52 $;50,00%;-743,02 $;869,48 $;-2355,52 $;869,48 $;-2355,52 $;540,00;2025,00 $;1237,50 $;1980,52 $;0,13%;
27/04/2020;3;3772,04 $;1733,44 $;1763,96 $;-30,52 $;16,56 $;-6893,20 $;-30,52 $;66,67%;577,81 $;881,98 $;-30,52 $;1419,48 $;-30,52 $;240,00;1108,33 $;1116,67 $;538,85 $;0,19%;
28/04/2020;2;6336,00 $;2563,96 $;3794,48 $;-1230,52 $;11,04 $;-2940,28 $;-1230,52 $;50,00%;1281,98 $;3794,48 $;-1230,52 $;3794,48 $;-1230,52 $;540,00;1262,50 $;2450,00 $;1168,02 $;0,13%;
29/04/2020;2;13499,96 $;7163,96 $;7163,96 $;0,00 $;11,04 $;0,00 $;0,00 $;100,00%;3581,98 $;3581,98 $;0,00 $;4844,48 $;0,00 $;240,00;500,00 $;3912,50 $;330,52 $;0,13%;
04/05/2020;1;15219,44 $;1719,48 $;1719,48 $;0,00 $;5,52 $;0,00 $;0,00 $;100,00%;1719,48 $;1719,48 $;0,00 $;1719,48 $;0,00 $;0,00;125,00 $;1775,00 $;55,52 $;0,06%;
05/05/2020;3;16052,88 $;833,44 $;2644,48 $;-1811,04 $;16,56 $;-1455,52 $;-1455,52 $;33,33%;277,81 $;2644,48 $;-905,52 $;2644,48 $;-1455,52 $;240,00;1558,33 $;2008,33 $;1730,52 $;0,19%;
06/05/2020;1;15747,36 $;-305,52 $;0,00 $;-305,52 $;5,52 $;-1761,04 $;-305,52 $;0,00%;-305,52 $;0,00 $;-305,52 $;0,00 $;-305,52 $;240,00;1325,00 $;1300,00 $;1605,52 $;0,06%;
07/05/2020;2;17186,32 $;1438,96 $;1438,96 $;0,00 $;11,04 $;-491,56 $;0,00 $;100,00%;719,48 $;719,48 $;0,00 $;1269,48 $;0,00 $;240,00;887,50 $;1625,00 $;905,52 $;0,13%;
08/05/2020;1;17730,80 $;544,48 $;544,48 $;0,00 $;5,52 $;0,00 $;0,00 $;100,00%;544,48 $;544,48 $;0,00 $;544,48 $;0,00 $;240,00;250,00 $;1050,00 $;505,52 $;0,06%;
11/05/2020;1;17675,28 $;-55,52 $;0,00 $;-55,52 $;5,52 $;-55,52 $;-55,52 $;0,00%;-55,52 $;0,00 $;-55,52 $;0,00 $;-55,52 $;60,00;500,00 $;375,00 $;430,52 $;0,06%;
12/05/2020;1;16619,76 $;-1055,52 $;0,00 $;-1055,52 $;5,52 $;-1111,04 $;-1055,52 $;0,00%;-1055,52 $;0,00 $;-1055,52 $;0,00 $;-1055,52 $;240,00;2150,00 $;125,00 $;1180,52 $;0,06%;
15/05/2020;2;15083,72 $;-1536,04 $;369,48 $;-1905,52 $;11,04 $;-3016,56 $;-1905,52 $;50,00%;-768,02 $;369,48 $;-1905,52 $;369,48 $;-1905,52 $;540,00;2300,00 $;1050,00 $;1818,02 $;0,13%;
18/05/2020;1;18578,20 $;3494,48 $;3494,48 $;0,00 $;5,52 $;0,00 $;0,00 $;100,00%;3494,48 $;3494,48 $;0,00 $;3494,48 $;0,00 $;240,00;550,00 $;4675,00 $;1180,52 $;0,06%;
19/05/2020;1;16197,68 $;-2380,52 $;0,00 $;-2380,52 $;5,52 $;-2380,52 $;-2380,52 $;0,00%;-2380,52 $;0,00 $;-2380,52 $;0,00 $;-2380,52 $;120,00;2625,00 $;650,00 $;3030,52 $;0,06%;
20/05/2020;2;17811,64 $;1613,96 $;1613,96 $;0,00 $;11,04 $;-1186,04 $;0,00 $;100,00%;806,98 $;806,98 $;0,00 $;1194,48 $;0,00 $;240,00;712,50 $;1600,00 $;793,02 $;0,13%;
22/05/2020;1;18856,12 $;1044,48 $;1044,48 $;0,00 $;5,52 $;0,00 $;0,00 $;100,00%;1044,48 $;1044,48 $;0,00 $;1044,48 $;0,00 $;180,00;350,00 $;1125,00 $;80,52 $;0,06%;
25/05/2020;1;19275,60 $;419,48 $;419,48 $;0,00 $;5,52 $;0,00 $;0,00 $;100,00%;419,48 $;419,48 $;0,00 $;419,48 $;0,00 $;180,00;350,00 $;625,00 $;205,52 $;0,06%;
26/05/2020;2;20364,56 $;1088,96 $;1088,96 $;0,00 $;11,04 $;0,00 $;0,00 $;100,00%;544,48 $;544,48 $;0,00 $;844,48 $;0,00 $;240,00;662,50 $;987,50 $;443,02 $;0,13%;
27/05/2020;2;22828,52 $;2463,96 $;2463,96 $;0,00 $;11,04 $;0,00 $;0,00 $;100,00%;1231,98 $;1231,98 $;0,00 $;1319,48 $;0,00 $;240,00;687,50 $;2075,00 $;843,02 $;0,13%;
28/05/2020;2;21467,48 $;-1361,04 $;1394,48 $;-2755,52 $;11,04 $;-2755,52 $;-2755,52 $;50,00%;-680,52 $;1394,48 $;-2755,52 $;1394,48 $;-2755,52 $;480,00;1625,00 $;1537,50 $;2218,02 $;0,13%;
01/06/2020;2;25131,44 $;3663,96 $;3663,96 $;0,00 $;11,04 $;-236,04 $;0,00 $;100,00%;1831,98 $;1831,98 $;0,00 $;2519,48 $;0,00 $;240,00;462,50 $;2050,00 $;218,02 $;0,13%;
02/06/2020;1;25775,92 $;644,48 $;644,48 $;0,00 $;5,52 $;0,00 $;0,00 $;100,00%;644,48 $;644,48 $;0,00 $;644,48 $;0,00 $;240,00;775,00 $;1800,00 $;1155,52 $;0,06%;
03/06/2020;1;30920,40 $;5144,48 $;5144,48 $;0,00 $;5,52 $;0,00 $;0,00 $;100,00%;5144,48 $;5144,48 $;0,00 $;5144,48 $;0,00 $;240,00;225,00 $;5850,00 $;705,52 $;0,06%;
04/06/2020;1;28714,88 $;-2205,52 $;0,00 $;-2205,52 $;5,52 $;-2205,52 $;-2205,52 $;0,00%;-2205,52 $;0,00 $;-2205,52 $;0,00 $;-2205,52 $;240,00;4600,00 $;400,00 $;2605,52 $;0,06%;
05/06/2020;1;31634,36 $;2919,48 $;2919,48 $;0,00 $;5,52 $;0,00 $;0,00 $;100,00%;2919,48 $;2919,48 $;0,00 $;2919,48 $;0,00 $;240,00;2150,00 $;4275,00 $;1355,52 $;0,06%;
08/06/2020;2;34098,32 $;2463,96 $;2944,48 $;-480,52 $;11,04 $;-480,52 $;-480,52 $;50,00%;1231,98 $;2944,48 $;-480,52 $;2944,48 $;-480,52 $;240,00;912,50 $;2837,50 $;1605,52 $;0,13%;
10/06/2020;1;31642,80 $;-2455,52 $;0,00 $;-2455,52 $;5,52 $;-2455,52 $;-2455,52 $;0,00%;-2455,52 $;0,00 $;-2455,52 $;0,00 $;-2455,52 $;240,00;6025,00 $;0,00 $;2455,52 $;0,06%;
12/06/2020;1;30812,28 $;-830,52 $;0,00 $;-830,52 $;5,52 $;-3286,04 $;-830,52 $;0,00%;-830,52 $;0,00 $;-830,52 $;0,00 $;-830,52 $;240,00;4300,00 $;2000,00 $;2830,52 $;0,06%;
15/06/2020;1;34856,76 $;4044,48 $;4044,48 $;0,00 $;5,52 $;0,00 $;0,00 $;100,00%;4044,48 $;4044,48 $;0,00 $;4044,48 $;0,00 $;240,00;100,00 $;4850,00 $;805,52 $;0,06%;
16/06/2020;2;37945,72 $;3088,96 $;3644,48 $;-555,52 $;11,04 $;-555,52 $;-555,52 $;50,00%;1544,48 $;3644,48 $;-555,52 $;3644,48 $;-555,52 $;660,00;1500,00 $;2487,50 $;943,02 $;0,13%;
17/06/2020;2;36759,68 $;-1186,04 $;69,48 $;-1255,52 $;11,04 $;-1741,56 $;-1255,52 $;50,00%;-593,02 $;69,48 $;-1255,52 $;69,48 $;-1255,52 $;480,00;2200,00 $;525,00 $;1118,02 $;0,13%;
22/06/2020;2;37248,64 $;488,96 $;488,96 $;0,00 $;11,04 $;-1447,08 $;0,00 $;100,00%;244,48 $;244,48 $;0,00 $;294,48 $;0,00 $;240,00;1575,00 $;525,00 $;280,52 $;0,13%;
23/06/2020;2;38912,60 $;1663,96 $;2094,48 $;-430,52 $;11,04 $;-430,52 $;-430,52 $;50,00%;831,98 $;2094,48 $;-430,52 $;2094,48 $;-430,52 $;540,00;1187,50 $;1650,00 $;818,02 $;0,13%;
25/06/2020;2;39676,56 $;763,96 $;3144,48 $;-2380,52 $;11,04 $;-2811,04 $;-2380,52 $;50,00%;381,98 $;3144,48 $;-2380,52 $;3144,48 $;-2380,52 $;240,00;1500,00 $;2287,50 $;1905,52 $;0,13%;
26/06/2020;2;36140,52 $;-3536,04 $;844,48 $;-4380,52 $;11,04 $;-4380,52 $;-4380,52 $;50,00%;-1768,02 $;844,48 $;-4380,52 $;844,48 $;-4380,52 $;540,00;4200,00 $;612,50 $;2380,52 $;0,13%;
30/06/2020;3;38873,96 $;2733,44 $;2733,44 $;0,00 $;16,56 $;-4111,04 $;0,00 $;100,00%;911,15 $;911,15 $;0,00 $;1794,48 $;0,00 $;240,00;1366,67 $;2116,67 $;1205,52 $;0,19%;
01/07/2020;2;39337,92 $;463,96 $;463,96 $;0,00 $;11,04 $;-1377,60 $;0,00 $;100,00%;231,98 $;231,98 $;0,00 $;269,48 $;0,00 $;240,00;1037,50 $;1287,50 $;1055,52 $;0,13%;
02/07/2020;2;42076,88 $;2738,96 $;2738,96 $;0,00 $;11,04 $;0,00 $;0,00 $;100,00%;1369,48 $;1369,48 $;0,00 $;1469,48 $;0,00 $;240,00;1162,50 $;1800,00 $;430,52 $;0,13%;
06/07/2020;2;40940,84 $;-1136,04 $;0,00 $;-1136,04 $;11,04 $;-1136,04 $;-1136,04 $;0,00%;-568,02 $;0,00 $;-568,02 $;0,00 $;-630,52 $;600,00;2362,50 $;1312,50 $;1880,52 $;0,13%;
07/07/2020;1;38460,32 $;-2480,52 $;0,00 $;-2480,52 $;5,52 $;-3616,56 $;-2480,52 $;0,00%;-2480,52 $;0,00 $;-2480,52 $;0,00 $;-2480,52 $;180,00;2850,00 $;225,00 $;2705,52 $;0,06%;
08/07/2020;1;36879,80 $;-1580,52 $;0,00 $;-1580,52 $;5,52 $;-5197,08 $;-1580,52 $;0,00%;-1580,52 $;0,00 $;-1580,52 $;0,00 $;-1580,52 $;240,00;2725,00 $;175,00 $;1755,52 $;0,06%;
09/07/2020;2;34543,76 $;-2336,04 $;1044,48 $;-3380,52 $;11,04 $;-7533,12 $;-3380,52 $;50,00%;-1168,02 $;1044,48 $;-3380,52 $;1044,48 $;-3380,52 $;540,00;3150,00 $;1062,50 $;2230,52 $;0,13%;
10/07/2020;2;36732,72 $;2188,96 $;2188,96 $;0,00 $;11,04 $;-6663,64 $;0,00 $;100,00%;1094,48 $;1094,48 $;0,00 $;1319,48 $;0,00 $;240,00;625,00 $;1812,50 $;718,02 $;0,13%;
13/07/2020;1;31102,20 $;-5630,52 $;0,00 $;-5630,52 $;5,52 $;-10974,68 $;-5630,52 $;0,00%;-5630,52 $;0,00 $;-5630,52 $;0,00 $;-5630,52 $;120,00;6350,00 $;600,00 $;6230,52 $;0,06%;
14/07/2020;1;33146,68 $;2044,48 $;2044,48 $;0,00 $;5,52 $;-8930,20 $;0,00 $;100,00%;2044,48 $;2044,48 $;0,00 $;2044,48 $;0,00 $;240,00;700,00 $;2250,00 $;205,52 $;0,06%;
15/07/2020;2;36035,64 $;2888,96 $;3219,48 $;-330,52 $;11,04 $;-6041,24 $;-330,52 $;50,00%;1444,48 $;3219,48 $;-330,52 $;3219,48 $;-330,52 $;540,00;900,00 $;3037,50 $;1593,02 $;0,13%;
16/07/2020;1;35430,12 $;-605,52 $;0,00 $;-605,52 $;5,52 $;-6646,76 $;-605,52 $;0,00%;-605,52 $;0,00 $;-605,52 $;0,00 $;-605,52 $;240,00;750,00 $;400,00 $;1005,52 $;0,06%;
17/07/2020;2;35894,08 $;463,96 $;463,96 $;0,00 $;11,04 $;-6477,28 $;0,00 $;100,00%;231,98 $;231,98 $;0,00 $;294,48 $;0,00 $;240,00;662,50 $;875,00 $;643,02 $;0,13%;
20/07/2020;2;37358,04 $;1463,96 $;1463,96 $;0,00 $;11,04 $;-5563,32 $;0,00 $;100,00%;731,98 $;731,98 $;0,00 $;844,48 $;0,00 $;240,00;525,00 $;1225,00 $;493,02 $;0,13%;
21/07/2020;2;35347,00 $;-2011,04 $;569,48 $;-2580,52 $;11,04 $;-6729,88 $;-2580,52 $;50,00%;-1005,52 $;569,48 $;-2580,52 $;569,48 $;-2580,52 $;540,00;1912,50 $;800,00 $;1805,52 $;0,13%;
23/07/2020;1;35441,48 $;94,48 $;94,48 $;0,00 $;5,52 $;-6635,40 $;0,00 $;100,00%;94,48 $;94,48 $;0,00 $;94,48 $;0,00 $;240,00;1100,00 $;1025,00 $;930,52 $;0,06%;
27/07/2020;2;35380,44 $;-61,04 $;444,48 $;-505,52 $;11,04 $;-6696,44 $;-505,52 $;50,00%;-30,52 $;444,48 $;-505,52 $;444,48 $;-505,52 $;660,00;862,50 $;787,50 $;818,02 $;0,13%;
29/07/2020;2;35719,40 $;338,96 $;494,48 $;-155,52 $;11,04 $;-6851,96 $;-155,52 $;50,00%;169,48 $;494,48 $;-155,52 $;494,48 $;-155,52 $;240,00;900,00 $;600,00 $;430,52 $;0,13%;
30/07/2020;1;35713,88 $;-5,52 $;0,00 $;-5,52 $;5,52 $;-6363,00 $;-5,52 $;0,00%;-5,52 $;0,00 $;-5,52 $;0,00 $;-5,52 $;0,00;500,00 $;625,00 $;630,52 $;0,06%;
31/07/2020;1;33583,36 $;-2130,52 $;0,00 $;-2130,52 $;5,52 $;-8493,52 $;-2130,52 $;0,00%;-2130,52 $;0,00 $;-2130,52 $;0,00 $;-2130,52 $;240,00;2600,00 $;2050,00 $;4180,52 $;0,06%;
03/08/2020;2;36822,32 $;3238,96 $;3238,96 $;0,00 $;11,04 $;-5499,04 $;0,00 $;100,00%;1619,48 $;1619,48 $;0,00 $;2994,48 $;0,00 $;240,00;537,50 $;2112,50 $;493,02 $;0,13%;
04/08/2020;1;36291,80 $;-530,52 $;0,00 $;-530,52 $;5,52 $;-5785,08 $;-530,52 $;0,00%;-530,52 $;0,00 $;-530,52 $;0,00 $;-530,52 $;240,00;1550,00 $;150,00 $;680,52 $;0,06%;
05/08/2020;2;35830,76 $;-461,04 $;694,48 $;-1155,52 $;11,04 $;-6246,12 $;-1155,52 $;50,00%;-230,52 $;694,48 $;-1155,52 $;694,48 $;-1155,52 $;660,00;1375,00 $;1250,00 $;1480,52 $;0,13%;
06/08/2020;1;34825,24 $;-1005,52 $;0,00 $;-1005,52 $;5,52 $;-7251,64 $;-1005,52 $;0,00%;-1005,52 $;0,00 $;-1005,52 $;0,00 $;-1005,52 $;240,00;2175,00 $;325,00 $;1330,52 $;0,06%;
07/08/2020;1;34244,72 $;-580,52 $;0,00 $;-580,52 $;5,52 $;-7832,16 $;-580,52 $;0,00%;-580,52 $;0,00 $;-580,52 $;0,00 $;-580,52 $;240,00;725,00 $;850,00 $;1430,52 $;0,06%;
10/08/2020;1;34514,20 $;269,48 $;269,48 $;0,00 $;5,52 $;-7562,68 $;0,00 $;100,00%;269,48 $;269,48 $;0,00 $;269,48 $;0,00 $;240,00;1375,00 $;850,00 $;580,52 $;0,06%;
11/08/2020;2;35203,16 $;688,96 $;688,96 $;0,00 $;11,04 $;-7443,20 $;0,00 $;100,00%;344,48 $;344,48 $;0,00 $;569,48 $;0,00 $;240,00;1175,00 $;975,00 $;630,52 $;0,13%;
12/08/2020;1;37272,64 $;2069,48 $;2069,48 $;0,00 $;5,52 $;-4804,24 $;0,00 $;100,00%;2069,48 $;2069,48 $;0,00 $;2069,48 $;0,00 $;240,00;125,00 $;2700,00 $;630,52 $;0,06%;
14/08/2020;1;37267,12 $;-5,52 $;0,00 $;-5,52 $;5,52 $;-4809,76 $;-5,52 $;0,00%;-5,52 $;0,00 $;-5,52 $;0,00 $;-5,52 $;60,00;1100,00 $;100,00 $;105,52 $;0,06%;
17/08/2020;2;36956,08 $;-311,04 $;0,00 $;-311,04 $;11,04 $;-5120,80 $;-311,04 $;0,00%;-155,52 $;0,00 $;-155,52 $;0,00 $;-155,52 $;540,00;1025,00 $;462,50 $;618,02 $;0,13%;
18/08/2020;1;33750,56 $;-3205,52 $;0,00 $;-3205,52 $;5,52 $;-8326,32 $;-3205,52 $;0,00%;-3205,52 $;0,00 $;-3205,52 $;0,00 $;-3205,52 $;240,00;4325,00 $;50,00 $;3255,52 $;0,06%;
19/08/2020;2;34364,52 $;613,96 $;694,48 $;-80,52 $;11,04 $;-7712,36 $;-80,52 $;50,00%;306,98 $;694,48 $;-80,52 $;694,48 $;-80,52 $;600,00;512,50 $;800,00 $;493,02 $;0,13%;
20/08/2020;1;34609,00 $;244,48 $;244,48 $;0,00 $;5,52 $;-7467,88 $;0,00 $;100,00%;244,48 $;244,48 $;0,00 $;244,48 $;0,00 $;120,00;150,00 $;800,00 $;555,52 $;0,06%;
21/08/2020;1;29578,48 $;-5030,52 $;0,00 $;-5030,52 $;5,52 $;-12498,40 $;-5030,52 $;0,00%;-5030,52 $;0,00 $;-5030,52 $;0,00 $;-5030,52 $;240,00;5250,00 $;1150,00 $;6180,52 $;0,06%;
24/08/2020;1;28597,96 $;-980,52 $;0,00 $;-980,52 $;5,52 $;-13478,92 $;-980,52 $;0,00%;-980,52 $;0,00 $;-980,52 $;0,00 $;-980,52 $;240,00;1225,00 $;1325,00 $;2305,52 $;0,06%;
25/08/2020;1;25217,44 $;-3380,52 $;0,00 $;-3380,52 $;5,52 $;-16859,44 $;-3380,52 $;0,00%;-3380,52 $;0,00 $;-3380,52 $;0,00 $;-3380,52 $;240,00;4000,00 $;75,00 $;3455,52 $;0,06%;
26/08/2020;2;27181,40 $;1963,96 $;1963,96 $;0,00 $;11,04 $;-16664,96 $;0,00 $;100,00%;981,98 $;981,98 $;0,00 $;1769,48 $;0,00 $;240,00;450,00 $;2350,00 $;1368,02 $;0,13%;
28/08/2020;1;25975,88 $;-1205,52 $;0,00 $;-1205,52 $;5,52 $;-16101,00 $;-1205,52 $;0,00%;-1205,52 $;0,00 $;-1205,52 $;0,00 $;-1205,52 $;240,00;2000,00 $;200,00 $;1405,52 $;0,06%;
02/09/2020;1;27770,36 $;1794,48 $;1794,48 $;0,00 $;5,52 $;-14306,52 $;0,00 $;100,00%;1794,48 $;1794,48 $;0,00 $;1794,48 $;0,00 $;240,00;1125,00 $;2025,00 $;230,52 $;0,06%;
03/09/2020;1;29739,84 $;1969,48 $;1969,48 $;0,00 $;5,52 $;-12337,04 $;0,00 $;100,00%;1969,48 $;1969,48 $;0,00 $;1969,48 $;0,00 $;240,00;50,00 $;3375,00 $;1405,52 $;0,06%;
07/09/2020;2;32878,80 $;3138,96 $;3138,96 $;0,00 $;11,04 $;-10517,56 $;0,00 $;100,00%;1569,48 $;1569,48 $;0,00 $;1819,48 $;0,00 $;240,00;150,00 $;1837,50 $;268,02 $;0,13%;
08/09/2020;1;30223,28 $;-2655,52 $;0,00 $;-2655,52 $;5,52 $;-11853,60 $;-2655,52 $;0,00%;-2655,52 $;0,00 $;-2655,52 $;0,00 $;-2655,52 $;60,00;2825,00 $;175,00 $;2830,52 $;0,06%;
09/09/2020;1;31367,76 $;1144,48 $;1144,48 $;0,00 $;5,52 $;-10709,12 $;0,00 $;100,00%;1144,48 $;1144,48 $;0,00 $;1144,48 $;0,00 $;240,00;600,00 $;1700,00 $;555,52 $;0,06%;
10/09/2020;1;30312,24 $;-1055,52 $;0,00 $;-1055,52 $;5,52 $;-11764,64 $;-1055,52 $;0,00%;-1055,52 $;0,00 $;-1055,52 $;0,00 $;-1055,52 $;240,00;2075,00 $;400,00 $;1455,52 $;0,06%;
11/09/2020;1;28456,72 $;-1855,52 $;0,00 $;-1855,52 $;5,52 $;-13620,16 $;-1855,52 $;0,00%;-1855,52 $;0,00 $;-1855,52 $;0,00 $;-1855,52 $;240,00;2900,00 $;450,00 $;2305,52 $;0,06%;
14/09/2020;1;27001,20 $;-1455,52 $;0,00 $;-1455,52 $;5,52 $;-15075,68 $;-1455,52 $;0,00%;-1455,52 $;0,00 $;-1455,52 $;0,00 $;-1455,52 $;240,00;1950,00 $;850,00 $;2305,52 $;0,06%;
15/09/2020;1;26595,68 $;-405,52 $;0,00 $;-405,52 $;5,52 $;-15481,20 $;-405,52 $;0,00%;-405,52 $;0,00 $;-405,52 $;0,00 $;-405,52 $;240,00;900,00 $;675,00 $;1080,52 $;0,06%;
16/09/2020;2;25434,64 $;-1161,04 $;0,00 $;-1161,04 $;11,04 $;-16642,24 $;-1161,04 $;0,00%;-580,52 $;0,00 $;-580,52 $;0,00 $;-855,52 $;600,00;1162,50 $;887,50 $;1468,02 $;0,13%;
18/09/2020;1;26154,12 $;719,48 $;719,48 $;0,00 $;5,52 $;-15922,76 $;0,00 $;100,00%;719,48 $;719,48 $;0,00 $;719,48 $;0,00 $;240,00;250,00 $;1375,00 $;655,52 $;0,06%;
22/09/2020;1;25598,60 $;-555,52 $;0,00 $;-555,52 $;5,52 $;-16478,28 $;-555,52 $;0,00%;-555,52 $;0,00 $;-555,52 $;0,00 $;-555,52 $;240,00;1000,00 $;800,00 $;1355,52 $;0,06%;
23/09/2020;1;24168,08 $;-1430,52 $;0,00 $;-1430,52 $;5,52 $;-17908,80 $;-1430,52 $;0,00%;-1430,52 $;0,00 $;-1430,52 $;0,00 $;-1430,52 $;240,00;1800,00 $;450,00 $;1880,52 $;0,06%;
24/09/2020;1;25137,56 $;969,48 $;969,48 $;0,00 $;5,52 $;-16939,32 $;0,00 $;100,00%;969,48 $;969,48 $;0,00 $;969,48 $;0,00 $;240,00;1875,00 $;1250,00 $;280,52 $;0,06%;
25/09/2020;1;25607,04 $;469,48 $;469,48 $;0,00 $;5,52 $;-16469,84 $;0,00 $;100,00%;469,48 $;469,48 $;0,00 $;469,48 $;0,00 $;0,00;200,00 $;825,00 $;355,52 $;0,06%;
28/09/2020;2;28146,00 $;2538,96 $;2619,48 $;-80,52 $;11,04 $;-13930,88 $;-80,52 $;50,00%;1269,48 $;2619,48 $;-80,52 $;2619,48 $;-80,52 $;600,00;337,50 $;1712,50 $;443,02 $;0,13%;
30/09/2020;1;26740,48 $;-1405,52 $;0,00 $;-1405,52 $;5,52 $;-15336,40 $;-1405,52 $;0,00%;-1405,52 $;0,00 $;-1405,52 $;0,00 $;-1405,52 $;240,00;2650,00 $;500,00 $;1905,52 $;0,06%;
05/10/2020;3;29298,92 $;2558,44 $;2558,44 $;0,00 $;16,56 $;-14691,92 $;0,00 $;100,00%;852,81 $;852,81 $;0,00 $;1044,48 $;0,00 $;240,00;141,67 $;1216,67 $;363,85 $;0,19%;
06/10/2020;1;27368,40 $;-1930,52 $;0,00 $;-1930,52 $;5,52 $;-14708,48 $;-1930,52 $;0,00%;-1930,52 $;0,00 $;-1930,52 $;0,00 $;-1930,52 $;180,00;2500,00 $;1850,00 $;3780,52 $;0,06%;
07/10/2020;1;28212,88 $;844,48 $;844,48 $;0,00 $;5,52 $;-13864,00 $;0,00 $;100,00%;844,48 $;844,48 $;0,00 $;844,48 $;0,00 $;120,00;175,00 $;1275,00 $;430,52 $;0,06%;
08/10/2020;3;29196,32 $;983,44 $;983,44 $;0,00 $;16,56 $;-13719,52 $;0,00 $;100,00%;327,81 $;327,81 $;0,00 $;694,48 $;0,00 $;240,00;633,33 $;1000,00 $;672,19 $;0,19%;
09/10/2020;1;29115,80 $;-80,52 $;0,00 $;-80,52 $;5,52 $;-12961,08 $;-80,52 $;0,00%;-80,52 $;0,00 $;-80,52 $;0,00 $;-80,52 $;240,00;1550,00 $;225,00 $;305,52 $;0,06%;
12/10/2020;2;30029,76 $;913,96 $;913,96 $;0,00 $;11,04 $;-12716,60 $;0,00 $;100,00%;456,98 $;456,98 $;0,00 $;669,48 $;0,00 $;240,00;250,00 $;1125,00 $;668,02 $;0,13%;
14/10/2020;2;27568,72 $;-2461,04 $;0,00 $;-2461,04 $;11,04 $;-14508,16 $;-2461,04 $;0,00%;-1230,52 $;0,00 $;-1230,52 $;0,00 $;-1780,52 $;540,00;2212,50 $;225,00 $;1455,52 $;0,13%;
16/10/2020;2;30082,68 $;2513,96 $;2513,96 $;0,00 $;11,04 $;-12088,68 $;0,00 $;100,00%;1256,98 $;1256,98 $;0,00 $;2419,48 $;0,00 $;240,00;500,00 $;1437,50 $;180,52 $;0,13%;
20/10/2020;1;30102,16 $;19,48 $;19,48 $;0,00 $;5,52 $;-11974,72 $;0,00 $;100,00%;19,48 $;19,48 $;0,00 $;19,48 $;0,00 $;240,00;425,00 $;675,00 $;655,52 $;0,06%;
22/10/2020;2;28316,12 $;-1786,04 $;0,00 $;-1786,04 $;11,04 $;-13760,76 $;-1786,04 $;0,00%;-893,02 $;0,00 $;-893,02 $;0,00 $;-930,52 $;720,00;1462,50 $;612,50 $;1505,52 $;0,13%;
29/10/2020;2;27955,08 $;-361,04 $;994,48 $;-1355,52 $;11,04 $;-15116,28 $;-1355,52 $;50,00%;-180,52 $;994,48 $;-1355,52 $;994,48 $;-1355,52 $;600,00;1950,00 $;2075,00 $;2255,52 $;0,13%;
02/11/2020;1;28824,56 $;869,48 $;869,48 $;0,00 $;5,52 $;-13252,32 $;0,00 $;100,00%;869,48 $;869,48 $;0,00 $;869,48 $;0,00 $;240,00;1300,00 $;975,00 $;105,52 $;0,06%;
03/11/2020;2;30538,52 $;1713,96 $;1713,96 $;0,00 $;11,04 $;-12832,84 $;0,00 $;100,00%;856,98 $;856,98 $;0,00 $;1294,48 $;0,00 $;240,00;950,00 $;1925,00 $;1068,02 $;0,13%;
04/11/2020;2;33177,48 $;2638,96 $;2869,48 $;-230,52 $;11,04 $;-8899,40 $;-230,52 $;50,00%;1319,48 $;2869,48 $;-230,52 $;2869,48 $;-230,52 $;540,00;1037,50 $;2987,50 $;1668,02 $;0,13%;
05/11/2020;2;35816,44 $;2638,96 $;2638,96 $;0,00 $;11,04 $;-6879,92 $;0,00 $;100,00%;1319,48 $;1319,48 $;0,00 $;2019,48 $;0,00 $;240,00;1025,00 $;2375,00 $;1055,52 $;0,13%;
06/11/2020;1;35610,92 $;-205,52 $;0,00 $;-205,52 $;5,52 $;-6465,96 $;-205,52 $;0,00%;-205,52 $;0,00 $;-205,52 $;0,00 $;-205,52 $;240,00;1375,00 $;975,00 $;1180,52 $;0,06%;
09/11/2020;1;34080,40 $;-1530,52 $;0,00 $;-1530,52 $;5,52 $;-7996,48 $;-1530,52 $;0,00%;-1530,52 $;0,00 $;-1530,52 $;0,00 $;-1530,52 $;240,00;2500,00 $;2200,00 $;3730,52 $;0,06%;
10/11/2020;1;35499,88 $;1419,48 $;1419,48 $;0,00 $;5,52 $;-6577,00 $;0,00 $;100,00%;1419,48 $;1419,48 $;0,00 $;1419,48 $;0,00 $;240,00;400,00 $;3100,00 $;1680,52 $;0,06%;
11/11/2020;2;35413,84 $;-86,04 $;169,48 $;-255,52 $;11,04 $;-6832,52 $;-255,52 $;50,00%;-43,02 $;169,48 $;-255,52 $;169,48 $;-255,52 $;540,00;1075,00 $;412,50 $;455,52 $;0,13%;
13/11/2020;2;36027,80 $;613,96 $;869,48 $;-255,52 $;11,04 $;-6918,56 $;-255,52 $;50,00%;306,98 $;869,48 $;-255,52 $;869,48 $;-255,52 $;240,00;1200,00 $;625,00 $;318,02 $;0,13%;
16/11/2020;2;35591,76 $;-436,04 $;2394,48 $;-2830,52 $;11,04 $;-6485,12 $;-2830,52 $;50,00%;-218,02 $;2394,48 $;-2830,52 $;2394,48 $;-2830,52 $;540,00;1600,00 $;2387,50 $;2605,52 $;0,13%;
17/11/2020;1;36461,24 $;869,48 $;869,48 $;0,00 $;5,52 $;-5615,64 $;0,00 $;100,00%;869,48 $;869,48 $;0,00 $;869,48 $;0,00 $;240,00;200,00 $;1100,00 $;230,52 $;0,06%;
18/11/2020;2;36950,20 $;488,96 $;1194,48 $;-705,52 $;11,04 $;-5126,68 $;-705,52 $;50,00%;244,48 $;1194,48 $;-705,52 $;1194,48 $;-705,52 $;660,00;637,50 $;1287,50 $;1043,02 $;0,13%;
19/11/2020;1;36069,68 $;-880,52 $;0,00 $;-880,52 $;5,52 $;-6007,20 $;-880,52 $;0,00%;-880,52 $;0,00 $;-880,52 $;0,00 $;-880,52 $;240,00;1100,00 $;600,00 $;1480,52 $;0,06%;
20/11/2020;1;35664,16 $;-405,52 $;0,00 $;-405,52 $;5,52 $;-6412,72 $;-405,52 $;0,00%;-405,52 $;0,00 $;-405,52 $;0,00 $;-405,52 $;240,00;525,00 $;1050,00 $;1455,52 $;0,06%;
23/11/2020;1;34208,64 $;-1455,52 $;0,00 $;-1455,52 $;5,52 $;-7868,24 $;-1455,52 $;0,00%;-1455,52 $;0,00 $;-1455,52 $;0,00 $;-1455,52 $;240,00;2025,00 $;150,00 $;1605,52 $;0,06%;
24/11/2020;2;34872,60 $;663,96 $;663,96 $;0,00 $;11,04 $;-7398,76 $;0,00 $;100,00%;331,98 $;331,98 $;0,00 $;469,48 $;0,00 $;240,00;462,50 $;750,00 $;418,02 $;0,13%;
25/11/2020;1;32817,08 $;-2055,52 $;0,00 $;-2055,52 $;5,52 $;-9259,80 $;-2055,52 $;0,00%;-2055,52 $;0,00 $;-2055,52 $;0,00 $;-2055,52 $;240,00;2700,00 $;150,00 $;2205,52 $;0,06%;
27/11/2020;2;33481,04 $;663,96 $;663,96 $;0,00 $;11,04 $;-9240,32 $;0,00 $;100,00%;331,98 $;331,98 $;0,00 $;644,48 $;0,00 $;240,00;700,00 $;462,50 $;130,52 $;0,13%;
30/11/2020;1;34350,52 $;869,48 $;869,48 $;0,00 $;5,52 $;-7726,36 $;0,00 $;100,00%;869,48 $;869,48 $;0,00 $;869,48 $;0,00 $;240,00;1275,00 $;1525,00 $;655,52 $;0,06%;
01/12/2020;2;34314,48 $;-36,04 $;419,48 $;-455,52 $;11,04 $;-7762,40 $;-455,52 $;50,00%;-18,02 $;419,48 $;-455,52 $;419,48 $;-455,52 $;540,00;625,00 $;675,00 $;693,02 $;0,13%;
04/12/2020;1;34858,96 $;544,48 $;544,48 $;0,00 $;5,52 $;-7217,92 $;0,00 $;100,00%;544,48 $;544,48 $;0,00 $;544,48 $;0,00 $;240,00;800,00 $;850,00 $;305,52 $;0,06%;
07/12/2020;2;34697,92 $;-161,04 $;0,00 $;-161,04 $;11,04 $;-7378,96 $;-161,04 $;0,00%;-80,52 $;0,00 $;-80,52 $;0,00 $;-105,52 $;480,00;887,50 $;112,50 $;193,02 $;0,13%;
08/12/2020;1;35667,40 $;969,48 $;969,48 $;0,00 $;5,52 $;-6409,48 $;0,00 $;100,00%;969,48 $;969,48 $;0,00 $;969,48 $;0,00 $;240,00;375,00 $;1300,00 $;330,52 $;0,06%;
09/12/2020;1;35461,88 $;-205,52 $;0,00 $;-205,52 $;5,52 $;-6615,00 $;-205,52 $;0,00%;-205,52 $;0,00 $;-205,52 $;0,00 $;-205,52 $;240,00;825,00 $;650,00 $;855,52 $;0,06%;
10/12/2020;1;33531,36 $;-1930,52 $;0,00 $;-1930,52 $;5,52 $;-8545,52 $;-1930,52 $;0,00%;-1930,52 $;0,00 $;-1930,52 $;0,00 $;-1930,52 $;240,00;3675,00 $;175,00 $;2105,52 $;0,06%;
14/12/2020;2;34020,32 $;488,96 $;1469,48 $;-980,52 $;11,04 $;-8056,56 $;-980,52 $;50,00%;244,48 $;1469,48 $;-980,52 $;1469,48 $;-980,52 $;540,00;1025,00 $;1262,50 $;1018,02 $;0,13%;
15/12/2020;2;35759,28 $;1738,96 $;1738,96 $;0,00 $;11,04 $;-7562,08 $;0,00 $;100,00%;869,48 $;869,48 $;0,00 $;1244,48 $;0,00 $;240,00;200,00 $;1312,50 $;443,02 $;0,13%;
16/12/2020;2;36398,24 $;638,96 $;694,48 $;-55,52 $;11,04 $;-6373,12 $;-55,52 $;50,00%;319,48 $;694,48 $;-55,52 $;694,48 $;-55,52 $;240,00;650,00 $;925,00 $;605,52 $;0,13%;
17/12/2020;2;35987,20 $;-411,04 $;94,48 $;-505,52 $;11,04 $;-6184,16 $;-505,52 $;50,00%;-205,52 $;94,48 $;-505,52 $;94,48 $;-505,52 $;720,00;737,50 $;825,00 $;1030,52 $;0,13%;
18/12/2020;1;36081,68 $;94,48 $;94,48 $;0,00 $;5,52 $;-5995,20 $;0,00 $;100,00%;94,48 $;94,48 $;0,00 $;94,48 $;0,00 $;240,00;900,00 $;750,00 $;655,52 $;0,06%;
22/12/2020;2;36470,64 $;388,96 $;494,48 $;-105,52 $;11,04 $;-5606,24 $;-105,52 $;50,00%;194,48 $;494,48 $;-105,52 $;494,48 $;-105,52 $;600,00;587,50 $;687,50 $;493,02 $;0,13%;
23/12/2020;2;37484,60 $;1013,96 $;1013,96 $;0,00 $;11,04 $;-5336,76 $;0,00 $;100,00%;506,98 $;506,98 $;0,00 $;744,48 $;0,00 $;240,00;287,50 $;1250,00 $;743,02 $;0,13%;
28/12/2020;2;37998,56 $;513,96 $;844,48 $;-330,52 $;11,04 $;-4078,32 $;-330,52 $;50,00%;256,98 $;844,48 $;-330,52 $;844,48 $;-330,52 $;600,00;600,00 $;975,00 $;718,02 $;0,13%;
29/12/2020;1;37293,04 $;-705,52 $;0,00 $;-705,52 $;5,52 $;-4783,84 $;-705,52 $;0,00%;-705,52 $;0,00 $;-705,52 $;0,00 $;-705,52 $;240,00;1350,00 $;100,00 $;805,52 $;0,06%;
30/12/2020;1;35962,52 $;-1330,52 $;0,00 $;-1330,52 $;5,52 $;-6114,36 $;-1330,52 $;0,00%;-1330,52 $;0,00 $;-1330,52 $;0,00 $;-1330,52 $;240,00;1450,00 $;750,00 $;2080,52 $;0,06%;
04/01/2021;1;38382,00 $;2419,48 $;2419,48 $;0,00 $;5,52 $;-3694,88 $;0,00 $;100,00%;2419,48 $;2419,48 $;0,00 $;2419,48 $;0,00 $;240,00;0,00 $;3050,00 $;630,52 $;0,06%;
05/01/2021;1;38976,48 $;594,48 $;594,48 $;0,00 $;5,52 $;-3100,40 $;0,00 $;100,00%;594,48 $;594,48 $;0,00 $;594,48 $;0,00 $;120,00;125,00 $;1100,00 $;505,52 $;0,06%;
06/01/2021;2;39940,44 $;963,96 $;2719,48 $;-1755,52 $;11,04 $;-2136,44 $;-1755,52 $;50,00%;481,98 $;2719,48 $;-1755,52 $;2719,48 $;-1755,52 $;420,00;1725,00 $;1962,50 $;1480,52 $;0,13%;
07/01/2021;2;39629,40 $;-311,04 $;744,48 $;-1055,52 $;11,04 $;-3191,96 $;-1055,52 $;50,00%;-155,52 $;744,48 $;-1055,52 $;744,48 $;-1055,52 $;600,00;1137,50 $;1000,00 $;1155,52 $;0,13%;
08/01/2021;1;39448,88 $;-180,52 $;0,00 $;-180,52 $;5,52 $;-2628,00 $;-180,52 $;0,00%;-180,52 $;0,00 $;-180,52 $;0,00 $;-180,52 $;240,00;850,00 $;325,00 $;505,52 $;0,06%;
11/01/2021;1;39218,36 $;-230,52 $;0,00 $;-230,52 $;5,52 $;-2858,52 $;-230,52 $;0,00%;-230,52 $;0,00 $;-230,52 $;0,00 $;-230,52 $;120,00;975,00 $;300,00 $;530,52 $;0,06%;
13/01/2021;3;39601,80 $;383,44 $;713,96 $;-330,52 $;16,56 $;-3189,04 $;-330,52 $;66,67%;127,81 $;356,98 $;-330,52 $;619,48 $;-330,52 $;240,00;716,67 $;841,67 $;713,85 $;0,19%;
14/01/2021;2;38390,76 $;-1211,04 $;0,00 $;-1211,04 $;11,04 $;-3686,12 $;-1211,04 $;0,00%;-605,52 $;0,00 $;-605,52 $;0,00 $;-1005,52 $;540,00;1387,50 $;362,50 $;968,02 $;0,13%;
18/01/2021;2;40904,72 $;2513,96 $;2513,96 $;0,00 $;11,04 $;-2291,64 $;0,00 $;100,00%;1256,98 $;1256,98 $;0,00 $;1394,48 $;0,00 $;240,00;62,50 $;1500,00 $;243,02 $;0,13%;
19/01/2021;1;41199,20 $;294,48 $;294,48 $;0,00 $;5,52 $;-877,68 $;0,00 $;100,00%;294,48 $;294,48 $;0,00 $;294,48 $;0,00 $;240,00;475,00 $;1025,00 $;730,52 $;0,06%;
20/01/2021;2;40938,16 $;-261,04 $;69,48 $;-330,52 $;11,04 $;-1208,20 $;-330,52 $;50,00%;-130,52 $;69,48 $;-330,52 $;69,48 $;-330,52 $;600,00;787,50 $;612,50 $;743,02 $;0,13%;
22/01/2021;1;41157,64 $;219,48 $;219,48 $;0,00 $;5,52 $;-919,24 $;0,00 $;100,00%;219,48 $;219,48 $;0,00 $;219,48 $;0,00 $;240,00;525,00 $;1000,00 $;780,52 $;0,06%;
26/01/2021;1;39927,12 $;-1230,52 $;0,00 $;-1230,52 $;5,52 $;-2149,76 $;-1230,52 $;0,00%;-1230,52 $;0,00 $;-1230,52 $;0,00 $;-1230,52 $;240,00;1450,00 $;350,00 $;1580,52 $;0,06%;
28/01/2021;2;41791,08 $;1863,96 $;2669,48 $;-805,52 $;11,04 $;-805,52 $;-805,52 $;50,00%;931,98 $;2669,48 $;-805,52 $;2669,48 $;-805,52 $;480,00;1050,00 $;2387,50 $;1455,52 $;0,13%;
01/02/2021;2;41930,04 $;138,96 $;144,48 $;-5,52 $;11,04 $;-811,04 $;-5,52 $;50,00%;69,48 $;144,48 $;-5,52 $;144,48 $;-5,52 $;240,00;787,50 $;637,50 $;568,02 $;0,13%;
02/02/2021;2;43019,00 $;1088,96 $;1244,48 $;-155,52 $;11,04 $;-822,08 $;-155,52 $;50,00%;544,48 $;1244,48 $;-155,52 $;1244,48 $;-155,52 $;240,00;187,50 $;1425,00 $;880,52 $;0,13%;
03/02/2021;3;43902,44 $;883,44 $;1144,48 $;-261,04 $;16,56 $;-180,52 $;-180,52 $;33,33%;294,48 $;1144,48 $;-130,52 $;1144,48 $;-180,52 $;240,00;1058,33 $;925,00 $;630,52 $;0,19%;
04/02/2021;1;45446,92 $;1544,48 $;1544,48 $;0,00 $;5,52 $;0,00 $;0,00 $;100,00%;1544,48 $;1544,48 $;0,00 $;1544,48 $;0,00 $;240,00;400,00 $;2100,00 $;555,52 $;0,06%;
05/02/2021;1;45241,40 $;-205,52 $;0,00 $;-205,52 $;5,52 $;-205,52 $;-205,52 $;0,00%;-205,52 $;0,00 $;-205,52 $;0,00 $;-205,52 $;240,00;375,00 $;525,00 $;730,52 $;0,06%;
08/02/2021;1;43560,88 $;-1680,52 $;0,00 $;-1680,52 $;5,52 $;-1886,04 $;-1680,52 $;0,00%;-1680,52 $;0,00 $;-1680,52 $;0,00 $;-1680,52 $;240,00;2150,00 $;200,00 $;1880,52 $;0,06%;
10/02/2021;1;41105,36 $;-2455,52 $;0,00 $;-2455,52 $;5,52 $;-4341,56 $;-2455,52 $;0,00%;-2455,52 $;0,00 $;-2455,52 $;0,00 $;-2455,52 $;240,00;4975,00 $;250,00 $;2705,52 $;0,06%;
11/02/2021;2;41719,32 $;613,96 $;613,96 $;0,00 $;11,04 $;-4147,08 $;0,00 $;100,00%;306,98 $;306,98 $;0,00 $;419,48 $;0,00 $;240,00;287,50 $;825,00 $;518,02 $;0,13%;
12/02/2021;1;43038,80 $;1319,48 $;1319,48 $;0,00 $;5,52 $;-2408,12 $;0,00 $;100,00%;1319,48 $;1319,48 $;0,00 $;1319,48 $;0,00 $;240,00;425,00 $;1750,00 $;430,52 $;0,06%;
15/02/2021;1;43333,28 $;294,48 $;294,48 $;0,00 $;5,52 $;-2113,64 $;0,00 $;100,00%;294,48 $;294,48 $;0,00 $;294,48 $;0,00 $;240,00;500,00 $;350,00 $;55,52 $;0,06%;
18/02/2021;1;42677,76 $;-655,52 $;0,00 $;-655,52 $;5,52 $;-2769,16 $;-655,52 $;0,00%;-655,52 $;0,00 $;-655,52 $;0,00 $;-655,52 $;240,00;2725,00 $;0,00 $;655,52 $;0,06%;
19/02/2021;2;42316,72 $;-361,04 $;1169,48 $;-1530,52 $;11,04 $;-3130,20 $;-1530,52 $;50,00%;-180,52 $;1169,48 $;-1530,52 $;1169,48 $;-1530,52 $;540,00;1050,00 $;650,00 $;830,52 $;0,13%;
22/02/2021;1;43136,20 $;819,48 $;819,48 $;0,00 $;5,52 $;-2310,72 $;0,00 $;100,00%;819,48 $;819,48 $;0,00 $;819,48 $;0,00 $;240,00;375,00 $;900,00 $;80,52 $;0,06%;
24/02/2021;1;43705,68 $;569,48 $;569,48 $;0,00 $;5,52 $;-1741,24 $;0,00 $;100,00%;569,48 $;569,48 $;0,00 $;569,48 $;0,00 $;180,00;150,00 $;900,00 $;330,52 $;0,06%;
01/03/2021;1;45550,16 $;1844,48 $;1844,48 $;0,00 $;5,52 $;0,00 $;0,00 $;100,00%;1844,48 $;1844,48 $;0,00 $;1844,48 $;0,00 $;240,00;225,00 $;2175,00 $;330,52 $;0,06%;
02/03/2021;1;44969,64 $;-580,52 $;0,00 $;-580,52 $;5,52 $;-580,52 $;-580,52 $;0,00%;-580,52 $;0,00 $;-580,52 $;0,00 $;-580,52 $;240,00;1625,00 $;375,00 $;955,52 $;0,06%;
03/03/2021;1;44264,12 $;-705,52 $;0,00 $;-705,52 $;5,52 $;-1286,04 $;-705,52 $;0,00%;-705,52 $;0,00 $;-705,52 $;0,00 $;-705,52 $;240,00;800,00 $;775,00 $;1480,52 $;0,06%;
04/03/2021;1;42633,60 $;-1630,52 $;0,00 $;-1630,52 $;5,52 $;-2916,56 $;-1630,52 $;0,00%;-1630,52 $;0,00 $;-1630,52 $;0,00 $;-1630,52 $;240,00;3300,00 $;1050,00 $;2680,52 $;0,06%;
05/03/2021;1;42078,08 $;-555,52 $;0,00 $;-555,52 $;5,52 $;-3472,08 $;-555,52 $;0,00%;-555,52 $;0,00 $;-555,52 $;0,00 $;-555,52 $;240,00;1875,00 $;2125,00 $;2680,52 $;0,06%;
08/03/2021;1;48872,56 $;6794,48 $;6794,48 $;0,00 $;5,52 $;0,00 $;0,00 $;100,00%;6794,48 $;6794,48 $;0,00 $;6794,48 $;0,00 $;240,00;450,00 $;7400,00 $;605,52 $;0,06%;
09/03/2021;2;50686,52 $;1813,96 $;1813,96 $;0,00 $;11,04 $;0,00 $;0,00 $;100,00%;906,98 $;906,98 $;0,00 $;1394,48 $;0,00 $;240,00;50,00 $;1662,50 $;755,52 $;0,13%;
10/03/2021;3;51269,96 $;583,44 $;663,96 $;-80,52 $;16,56 $;-80,52 $;-80,52 $;66,67%;194,48 $;331,98 $;-80,52 $;594,48 $;-80,52 $;240,00;400,00 $;541,67 $;347,19 $;0,19%;
12/03/2021;1;52514,44 $;1244,48 $;1244,48 $;0,00 $;5,52 $;0,00 $;0,00 $;100,00%;1244,48 $;1244,48 $;0,00 $;1244,48 $;0,00 $;180,00;225,00 $;1325,00 $;80,52 $;0,06%;
15/03/2021;2;50503,40 $;-2011,04 $;0,00 $;-2011,04 $;11,04 $;-2011,04 $;-2011,04 $;0,00%;-1005,52 $;0,00 $;-1005,52 $;0,00 $;-1030,52 $;540,00;2325,00 $;162,50 $;1168,02 $;0,13%;
16/03/2021;2;50792,36 $;288,96 $;869,48 $;-580,52 $;11,04 $;-1722,08 $;-580,52 $;50,00%;144,48 $;869,48 $;-580,52 $;869,48 $;-580,52 $;540,00;537,50 $;812,50 $;668,02 $;0,13%;
17/03/2021;2;50931,32 $;138,96 $;369,48 $;-230,52 $;11,04 $;-1952,60 $;-230,52 $;50,00%;69,48 $;369,48 $;-230,52 $;369,48 $;-230,52 $;240,00;237,50 $;500,00 $;430,52 $;0,13%;
18/03/2021;2;47795,28 $;-3136,04 $;0,00 $;-3136,04 $;11,04 $;-4719,16 $;-3136,04 $;0,00%;-1568,02 $;0,00 $;-1568,02 $;0,00 $;-2705,52 $;600,00;1937,50 $;800,00 $;2368,02 $;0,13%;
19/03/2021;1;46964,76 $;-830,52 $;0,00 $;-830,52 $;5,52 $;-5549,68 $;-830,52 $;0,00%;-830,52 $;0,00 $;-830,52 $;0,00 $;-830,52 $;240,00;1425,00 $;450,00 $;1280,52 $;0,06%;
22/03/2021;2;48203,72 $;1238,96 $;1238,96 $;0,00 $;11,04 $;-4930,20 $;0,00 $;100,00%;619,48 $;619,48 $;0,00 $;619,48 $;0,00 $;240,00;412,50 $;825,00 $;205,52 $;0,13%;
23/03/2021;2;47617,68 $;-586,04 $;1169,48 $;-1755,52 $;11,04 $;-4896,76 $;-1755,52 $;50,00%;-293,02 $;1169,48 $;-1755,52 $;1169,48 $;-1755,52 $;480,00;1325,00 $;900,00 $;1193,02 $;0,13%;
24/03/2021;1;46512,16 $;-1105,52 $;0,00 $;-1105,52 $;5,52 $;-6002,28 $;-1105,52 $;0,00%;-1105,52 $;0,00 $;-1105,52 $;0,00 $;-1105,52 $;180,00;1500,00 $;75,00 $;1180,52 $;0,06%;
25/03/2021;2;45851,12 $;-661,04 $;1019,48 $;-1680,52 $;11,04 $;-7682,80 $;-1680,52 $;50,00%;-330,52 $;1019,48 $;-1680,52 $;1019,48 $;-1680,52 $;540,00;2100,00 $;562,50 $;893,02 $;0,13%;
26/03/2021;1;48020,60 $;2169,48 $;2169,48 $;0,00 $;5,52 $;-4493,84 $;0,00 $;100,00%;2169,48 $;2169,48 $;0,00 $;2169,48 $;0,00 $;240,00;400,00 $;2275,00 $;105,52 $;0,06%;
29/03/2021;2;48084,56 $;63,96 $;119,48 $;-55,52 $;11,04 $;-4429,88 $;-55,52 $;50,00%;31,98 $;119,48 $;-55,52 $;119,48 $;-55,52 $;480,00;575,00 $;762,50 $;730,52 $;0,13%;
30/03/2021;1;48629,04 $;544,48 $;544,48 $;0,00 $;5,52 $;-3885,40 $;0,00 $;100,00%;544,48 $;544,48 $;0,00 $;544,48 $;0,00 $;240,00;325,00 $;1675,00 $;1130,52 $;0,06%;
31/03/2021;2;48618,00 $;-11,04 $;0,00 $;-11,04 $;11,04 $;-3896,44 $;-11,04 $;0,00%;-5,52 $;0,00 $;-5,52 $;0,00 $;-5,52 $;660,00;337,50 $;500,00 $;505,52 $;0,13%;
01/04/2021;2;49531,96 $;913,96 $;913,96 $;0,00 $;11,04 $;-3826,96 $;0,00 $;100,00%;456,98 $;456,98 $;0,00 $;844,48 $;0,00 $;240,00;737,50 $;700,00 $;243,02 $;0,13%;
06/04/2021;2;47920,92 $;-1611,04 $;0,00 $;-1611,04 $;11,04 $;-4593,52 $;-1611,04 $;0,00%;-805,52 $;0,00 $;-805,52 $;0,00 $;-1405,52 $;540,00;1100,00 $;550,00 $;1355,52 $;0,13%;
07/04/2021;1;47840,40 $;-80,52 $;0,00 $;-80,52 $;5,52 $;-4674,04 $;-80,52 $;0,00%;-80,52 $;0,00 $;-80,52 $;0,00 $;-80,52 $;240,00;1075,00 $;100,00 $;180,52 $;0,06%;
08/04/2021;1;45784,88 $;-2055,52 $;0,00 $;-2055,52 $;5,52 $;-6729,56 $;-2055,52 $;0,00%;-2055,52 $;0,00 $;-2055,52 $;0,00 $;-2055,52 $;240,00;2050,00 $;500,00 $;2555,52 $;0,06%;
09/04/2021;1;46079,36 $;294,48 $;294,48 $;0,00 $;5,52 $;-6435,08 $;0,00 $;100,00%;294,48 $;294,48 $;0,00 $;294,48 $;0,00 $;240,00;75,00 $;525,00 $;230,52 $;0,06%;
12/04/2021;2;45568,32 $;-511,04 $;369,48 $;-880,52 $;11,04 $;-6946,12 $;-880,52 $;50,00%;-255,52 $;369,48 $;-880,52 $;369,48 $;-880,52 $;540,00;562,50 $;425,00 $;680,52 $;0,13%;
13/04/2021;3;44351,76 $;-1216,56 $;0,00 $;-1216,56 $;16,56 $;-8162,68 $;-1216,56 $;0,00%;-405,52 $;0,00 $;-405,52 $;0,00 $;-830,52 $;660,00;1000,00 $;441,67 $;847,19 $;0,19%;
15/04/2021;2;44040,72 $;-311,04 $;0,00 $;-311,04 $;11,04 $;-8473,72 $;-311,04 $;0,00%;-155,52 $;0,00 $;-155,52 $;0,00 $;-305,52 $;660,00;512,50 $;337,50 $;493,02 $;0,13%;
16/04/2021;2;45654,68 $;1613,96 $;1613,96 $;0,00 $;11,04 $;-7804,24 $;0,00 $;100,00%;806,98 $;806,98 $;0,00 $;944,48 $;0,00 $;240,00;525,00 $;1000,00 $;193,02 $;0,13%;
21/04/2021;1;45874,16 $;219,48 $;219,48 $;0,00 $;5,52 $;-6640,28 $;0,00 $;100,00%;219,48 $;219,48 $;0,00 $;219,48 $;0,00 $;240,00;2800,00 $;675,00 $;455,52 $;0,06%;
22/04/2021;2;45638,12 $;-236,04 $;969,48 $;-1205,52 $;11,04 $;-6876,32 $;-1205,52 $;50,00%;-118,02 $;969,48 $;-1205,52 $;969,48 $;-1205,52 $;660,00;1287,50 $;1087,50 $;1205,52 $;0,13%;
23/04/2021;1;45282,60 $;-355,52 $;0,00 $;-355,52 $;5,52 $;-7231,84 $;-355,52 $;0,00%;-355,52 $;0,00 $;-355,52 $;0,00 $;-355,52 $;120,00;475,00 $;400,00 $;755,52 $;0,06%;
26/04/2021;2;45296,56 $;13,96 $;144,48 $;-130,52 $;11,04 $;-7217,88 $;-130,52 $;50,00%;6,98 $;144,48 $;-130,52 $;144,48 $;-130,52 $;600,00;750,00 $;462,50 $;455,52 $;0,13%;
28/04/2021;1;45641,04 $;344,48 $;344,48 $;0,00 $;5,52 $;-6873,40 $;0,00 $;100,00%;344,48 $;344,48 $;0,00 $;344,48 $;0,00 $;240,00;450,00 $;475,00 $;130,52 $;0,06%;
29/04/2021;1;43135,52 $;-2505,52 $;0,00 $;-2505,52 $;5,52 $;-9378,92 $;-2505,52 $;0,00%;-2505,52 $;0,00 $;-2505,52 $;0,00 $;-2505,52 $;240,00;2825,00 $;25,00 $;2530,52 $;0,06%;
30/04/2021;1;42055,00 $;-1080,52 $;0,00 $;-1080,52 $;5,52 $;-10459,44 $;-1080,52 $;0,00%;-1080,52 $;0,00 $;-1080,52 $;0,00 $;-1080,52 $;240,00;1575,00 $;1200,00 $;2280,52 $;0,06%;
03/05/2021;2;41993,96 $;-61,04 $;194,48 $;-255,52 $;11,04 $;-10714,96 $;-255,52 $;50,00%;-30,52 $;194,48 $;-255,52 $;194,48 $;-255,52 $;600,00;2212,50 $;375,00 $;405,52 $;0,13%;
05/05/2021;2;44232,92 $;2238,96 $;2238,96 $;0,00 $;11,04 $;-9426,00 $;0,00 $;100,00%;1119,48 $;1119,48 $;0,00 $;1144,48 $;0,00 $;240,00;775,00 $;1362,50 $;243,02 $;0,13%;
06/05/2021;2;45121,88 $;888,96 $;1319,48 $;-430,52 $;11,04 $;-8712,04 $;-430,52 $;50,00%;444,48 $;1319,48 $;-430,52 $;1319,48 $;-430,52 $;240,00;1025,00 $;2012,50 $;1568,02 $;0,13%;
07/05/2021;2;45485,84 $;363,96 $;363,96 $;0,00 $;11,04 $;-7348,08 $;0,00 $;100,00%;181,98 $;181,98 $;0,00 $;319,48 $;0,00 $;240,00;600,00 $;1225,00 $;1043,02 $;0,13%;
10/05/2021;1;43355,32 $;-2130,52 $;0,00 $;-2130,52 $;5,52 $;-9159,12 $;-2130,52 $;0,00%;-2130,52 $;0,00 $;-2130,52 $;0,00 $;-2130,52 $;180,00;2275,00 $;175,00 $;2305,52 $;0,06%;
11/05/2021;1;43299,80 $;-55,52 $;0,00 $;-55,52 $;5,52 $;-9214,64 $;-55,52 $;0,00%;-55,52 $;0,00 $;-55,52 $;0,00 $;-55,52 $;180,00;1300,00 $;575,00 $;630,52 $;0,06%;
12/05/2021;1;43144,28 $;-155,52 $;0,00 $;-155,52 $;5,52 $;-9370,16 $;-155,52 $;0,00%;-155,52 $;0,00 $;-155,52 $;0,00 $;-155,52 $;240,00;1425,00 $;525,00 $;680,52 $;0,06%;
13/05/2021;2;47408,24 $;4263,96 $;4263,96 $;0,00 $;11,04 $;-6525,68 $;0,00 $;100,00%;2131,98 $;2131,98 $;0,00 $;2844,48 $;0,00 $;240,00;12,50 $;2887,50 $;755,52 $;0,13%;
14/05/2021;2;51772,20 $;4363,96 $;4363,96 $;0,00 $;11,04 $;-3086,72 $;0,00 $;100,00%;2181,98 $;2181,98 $;0,00 $;2344,48 $;0,00 $;240,00;87,50 $;2600,00 $;418,02 $;0,13%;
17/05/2021;2;51311,16 $;-461,04 $;519,48 $;-980,52 $;11,04 $;-1722,76 $;-980,52 $;50,00%;-230,52 $;519,48 $;-980,52 $;519,48 $;-980,52 $;660,00;1000,00 $;550,00 $;780,52 $;0,13%;
18/05/2021;1;49680,64 $;-1630,52 $;0,00 $;-1630,52 $;5,52 $;-2833,80 $;-1630,52 $;0,00%;-1630,52 $;0,00 $;-1630,52 $;0,00 $;-1630,52 $;240,00;1675,00 $;50,00 $;1680,52 $;0,06%;
20/05/2021;1;52025,12 $;2344,48 $;2344,48 $;0,00 $;5,52 $;-489,32 $;0,00 $;100,00%;2344,48 $;2344,48 $;0,00 $;2344,48 $;0,00 $;240,00;300,00 $;3275,00 $;930,52 $;0,06%;
21/05/2021;2;52264,08 $;238,96 $;744,48 $;-505,52 $;11,04 $;-505,52 $;-505,52 $;50,00%;119,48 $;744,48 $;-505,52 $;744,48 $;-505,52 $;540,00;787,50 $;612,50 $;493,02 $;0,13%;
24/05/2021;2;53228,04 $;963,96 $;1019,48 $;-55,52 $;11,04 $;-55,52 $;-55,52 $;50,00%;481,98 $;1019,48 $;-55,52 $;1019,48 $;-55,52 $;480,00;512,50 $;912,50 $;430,52 $;0,13%;
28/05/2021;1;52722,52 $;-505,52 $;0,00 $;-505,52 $;5,52 $;-561,04 $;-505,52 $;0,00%;-505,52 $;0,00 $;-505,52 $;0,00 $;-505,52 $;240,00;850,00 $;50,00 $;555,52 $;0,06%;
01/06/2021;1;50192,00 $;-2530,52 $;0,00 $;-2530,52 $;5,52 $;-3091,56 $;-2530,52 $;0,00%;-2530,52 $;0,00 $;-2530,52 $;0,00 $;-2530,52 $;240,00;3125,00 $;125,00 $;2655,52 $;0,06%;
02/06/2021;2;50105,96 $;-86,04 $;0,00 $;-86,04 $;11,04 $;-3177,60 $;-86,04 $;0,00%;-43,02 $;0,00 $;-43,02 $;0,00 $;-55,52 $;480,00;712,50 $;225,00 $;268,02 $;0,13%;
04/06/2021;1;51325,44 $;1219,48 $;1219,48 $;0,00 $;5,52 $;-1958,12 $;0,00 $;100,00%;1219,48 $;1219,48 $;0,00 $;1219,48 $;0,00 $;240,00;625,00 $;1425,00 $;205,52 $;0,06%;
07/06/2021;2;50914,40 $;-411,04 $;519,48 $;-930,52 $;11,04 $;-2369,16 $;-930,52 $;50,00%;-205,52 $;519,48 $;-930,52 $;519,48 $;-930,52 $;540,00;975,00 $;537,50 $;743,02 $;0,13%;
08/06/2021;1;50158,88 $;-755,52 $;0,00 $;-755,52 $;5,52 $;-3124,68 $;-755,52 $;0,00%;-755,52 $;0,00 $;-755,52 $;0,00 $;-755,52 $;240,00;1700,00 $;300,00 $;1055,52 $;0,06%;
10/06/2021;1;50253,36 $;94,48 $;94,48 $;0,00 $;5,52 $;-3030,20 $;0,00 $;100,00%;94,48 $;94,48 $;0,00 $;94,48 $;0,00 $;180,00;325,00 $;375,00 $;280,52 $;0,06%;
11/06/2021;3;54161,80 $;3908,44 $;3908,44 $;0,00 $;16,56 $;-1285,72 $;0,00 $;100,00%;1302,81 $;1302,81 $;0,00 $;1744,48 $;0,00 $;240,00;416,67 $;1433,33 $;130,52 $;0,19%;
14/06/2021;1;52856,28 $;-1305,52 $;0,00 $;-1305,52 $;5,52 $;-1305,52 $;-1305,52 $;0,00%;-1305,52 $;0,00 $;-1305,52 $;0,00 $;-1305,52 $;240,00;1575,00 $;50,00 $;1355,52 $;0,06%;
15/06/2021;1;52200,76 $;-655,52 $;0,00 $;-655,52 $;5,52 $;-1961,04 $;-655,52 $;0,00%;-655,52 $;0,00 $;-655,52 $;0,00 $;-655,52 $;240,00;1100,00 $;350,00 $;1005,52 $;0,06%;
16/06/2021;1;51995,24 $;-205,52 $;0,00 $;-205,52 $;5,52 $;-2166,56 $;-205,52 $;0,00%;-205,52 $;0,00 $;-205,52 $;0,00 $;-205,52 $;240,00;675,00 $;275,00 $;480,52 $;0,06%;
17/06/2021;2;52334,20 $;338,96 $;338,96 $;0,00 $;11,04 $;-2097,08 $;0,00 $;100,00%;169,48 $;169,48 $;0,00 $;269,48 $;0,00 $;240,00;612,50 $;750,00 $;580,52 $;0,13%;
21/06/2021;2;53423,16 $;1088,96 $;1088,96 $;0,00 $;11,04 $;-1358,12 $;0,00 $;100,00%;544,48 $;544,48 $;0,00 $;619,48 $;0,00 $;240,00;537,50 $;912,50 $;368,02 $;0,13%;
22/06/2021;2;54212,12 $;788,96 $;788,96 $;0,00 $;11,04 $;-19,16 $;0,00 $;100,00%;394,48 $;394,48 $;0,00 $;719,48 $;0,00 $;240,00;375,00 $;762,50 $;368,02 $;0,13%;
24/06/2021;2;54801,08 $;588,96 $;588,96 $;0,00 $;11,04 $;0,00 $;0,00 $;100,00%;294,48 $;294,48 $;0,00 $;319,48 $;0,00 $;240,00;475,00 $;750,00 $;455,52 $;0,13%;
28/06/2021;1;53820,56 $;-980,52 $;0,00 $;-980,52 $;5,52 $;-980,52 $;-980,52 $;0,00%;-980,52 $;0,00 $;-980,52 $;0,00 $;-980,52 $;240,00;1700,00 $;125,00 $;1105,52 $;0,06%;
29/06/2021;2;54434,52 $;613,96 $;1269,48 $;-655,52 $;11,04 $;-655,52 $;-655,52 $;50,00%;306,98 $;1269,48 $;-655,52 $;1269,48 $;-655,52 $;540,00;750,00 $;775,00 $;468,02 $;0,13%;
01/07/2021;1;54279,00 $;-155,52 $;0,00 $;-155,52 $;5,52 $;-811,04 $;-155,52 $;0,00%;-155,52 $;0,00 $;-155,52 $;0,00 $;-155,52 $;240,00;1425,00 $;900,00 $;1055,52 $;0,06%;
02/07/2021;2;55642,96 $;1363,96 $;1363,96 $;0,00 $;11,04 $;0,00 $;0,00 $;100,00%;681,98 $;681,98 $;0,00 $;1144,48 $;0,00 $;240,00;112,50 $;1225,00 $;543,02 $;0,13%;
06/07/2021;1;52212,44 $;-3430,52 $;0,00 $;-3430,52 $;5,52 $;-3430,52 $;-3430,52 $;0,00%;-3430,52 $;0,00 $;-3430,52 $;0,00 $;-3430,52 $;240,00;4525,00 $;150,00 $;3580,52 $;0,06%;
07/07/2021;2;52826,40 $;613,96 $;644,48 $;-30,52 $;11,04 $;-2816,56 $;-30,52 $;50,00%;306,98 $;644,48 $;-30,52 $;644,48 $;-30,52 $;540,00;962,50 $;875,00 $;568,02 $;0,13%;
09/07/2021;2;55140,36 $;2313,96 $;2313,96 $;0,00 $;11,04 $;-2322,08 $;0,00 $;100,00%;1156,98 $;1156,98 $;0,00 $;1819,48 $;0,00 $;240,00;450,00 $;1500,00 $;343,02 $;0,13%;
12/07/2021;2;56354,32 $;1213,96 $;1213,96 $;0,00 $;11,04 $;0,00 $;0,00 $;100,00%;606,98 $;606,98 $;0,00 $;769,48 $;0,00 $;240,00;887,50 $;825,00 $;218,02 $;0,13%;
13/07/2021;2;55918,28 $;-436,04 $;0,00 $;-436,04 $;11,04 $;-436,04 $;-436,04 $;0,00%;-218,02 $;0,00 $;-218,02 $;0,00 $;-280,52 $;600,00;675,00 $;425,00 $;643,02 $;0,13%;
14/07/2021;2;55432,24 $;-486,04 $;0,00 $;-486,04 $;11,04 $;-922,08 $;-486,04 $;0,00%;-243,02 $;0,00 $;-243,02 $;0,00 $;-355,52 $;360,00;687,50 $;262,50 $;505,52 $;0,13%;
20/07/2021;1;56876,72 $;1444,48 $;1444,48 $;0,00 $;5,52 $;0,00 $;0,00 $;100,00%;1444,48 $;1444,48 $;0,00 $;1444,48 $;0,00 $;240,00;1350,00 $;1500,00 $;55,52 $;0,06%;
21/07/2021;1;58596,20 $;1719,48 $;1719,48 $;0,00 $;5,52 $;0,00 $;0,00 $;100,00%;1719,48 $;1719,48 $;0,00 $;1719,48 $;0,00 $;240,00;175,00 $;2100,00 $;380,52 $;0,06%;
22/07/2021;2;59135,16 $;538,96 $;538,96 $;0,00 $;11,04 $;0,00 $;0,00 $;100,00%;269,48 $;269,48 $;0,00 $;394,48 $;0,00 $;240,00;812,50 $;600,00 $;330,52 $;0,13%;
23/07/2021;1;60229,64 $;1094,48 $;1094,48 $;0,00 $;5,52 $;0,00 $;0,00 $;100,00%;1094,48 $;1094,48 $;0,00 $;1094,48 $;0,00 $;240,00;25,00 $;1150,00 $;55,52 $;0,06%;
26/07/2021;1;60624,12 $;394,48 $;394,48 $;0,00 $;5,52 $;0,00 $;0,00 $;100,00%;394,48 $;394,48 $;0,00 $;394,48 $;0,00 $;180,00;375,00 $;525,00 $;130,52 $;0,06%;
28/07/2021;1;60093,60 $;-530,52 $;0,00 $;-530,52 $;5,52 $;-530,52 $;-530,52 $;0,00%;-530,52 $;0,00 $;-530,52 $;0,00 $;-530,52 $;180,00;1175,00 $;200,00 $;730,52 $;0,06%;
29/07/2021;2;62082,56 $;1988,96 $;1994,48 $;-5,52 $;11,04 $;-5,52 $;-5,52 $;50,00%;994,48 $;1994,48 $;-5,52 $;1994,48 $;-5,52 $;660,00;350,00 $;1325,00 $;330,52 $;0,13%;
30/07/2021;1;61702,04 $;-380,52 $;0,00 $;-380,52 $;5,52 $;-386,04 $;-380,52 $;0,00%;-380,52 $;0,00 $;-380,52 $;0,00 $;-380,52 $;240,00;775,00 $;350,00 $;730,52 $;0,06%;
02/08/2021;2;58116,00 $;-3586,04 $;0,00 $;-3586,04 $;11,04 $;-3972,08 $;-3586,04 $;0,00%;-1793,02 $;0,00 $;-1793,02 $;0,00 $;-2555,52 $;720,00;2025,00 $;1175,00 $;2968,02 $;0,13%;
03/08/2021;1;56260,48 $;-1855,52 $;0,00 $;-1855,52 $;5,52 $;-5827,60 $;-1855,52 $;0,00%;-1855,52 $;0,00 $;-1855,52 $;0,00 $;-1855,52 $;240,00;1950,00 $;575,00 $;2430,52 $;0,06%;
04/08/2021;2;56974,44 $;713,96 $;969,48 $;-255,52 $;11,04 $;-5113,64 $;-255,52 $;50,00%;356,98 $;969,48 $;-255,52 $;969,48 $;-255,52 $;420,00;837,50 $;975,00 $;618,02 $;0,13%;
05/08/2021;1;58243,92 $;1269,48 $;1269,48 $;0,00 $;5,52 $;-3844,16 $;0,00 $;100,00%;1269,48 $;1269,48 $;0,00 $;1269,48 $;0,00 $;240,00;50,00 $;1375,00 $;105,52 $;0,06%;
06/08/2021;2;57957,88 $;-286,04 $;169,48 $;-455,52 $;11,04 $;-4130,20 $;-455,52 $;50,00%;-143,02 $;169,48 $;-455,52 $;169,48 $;-455,52 $;540,00;537,50 $;562,50 $;705,52 $;0,13%;
09/08/2021;1;58202,36 $;244,48 $;244,48 $;0,00 $;5,52 $;-3885,72 $;0,00 $;100,00%;244,48 $;244,48 $;0,00 $;244,48 $;0,00 $;240,00;200,00 $;450,00 $;205,52 $;0,06%;
10/08/2021;1;58221,84 $;19,48 $;19,48 $;0,00 $;5,52 $;-3866,24 $;0,00 $;100,00%;19,48 $;19,48 $;0,00 $;19,48 $;0,00 $;240,00;300,00 $;625,00 $;605,52 $;0,06%;
11/08/2021;2;60035,80 $;1813,96 $;1813,96 $;0,00 $;11,04 $;-2821,76 $;0,00 $;100,00%;906,98 $;906,98 $;0,00 $;1044,48 $;0,00 $;240,00;337,50 $;1775,00 $;868,02 $;0,13%;
12/08/2021;1;60280,28 $;244,48 $;244,48 $;0,00 $;5,52 $;-1807,80 $;0,00 $;100,00%;244,48 $;244,48 $;0,00 $;244,48 $;0,00 $;180,00;0,00 $;800,00 $;555,52 $;0,06%;
13/08/2021;2;61644,24 $;1363,96 $;1619,48 $;-255,52 $;11,04 $;-443,84 $;-255,52 $;50,00%;681,98 $;1619,48 $;-255,52 $;1619,48 $;-255,52 $;600,00;412,50 $;1237,50 $;555,52 $;0,13%;
16/08/2021;1;62663,72 $;1019,48 $;1019,48 $;0,00 $;5,52 $;0,00 $;0,00 $;100,00%;1019,48 $;1019,48 $;0,00 $;1019,48 $;0,00 $;180,00;100,00 $;1100,00 $;80,52 $;0,06%;
17/08/2021;1;61958,20 $;-705,52 $;0,00 $;-705,52 $;5,52 $;-705,52 $;-705,52 $;0,00%;-705,52 $;0,00 $;-705,52 $;0,00 $;-705,52 $;240,00;1825,00 $;400,00 $;1105,52 $;0,06%;
18/08/2021;1;63152,68 $;1194,48 $;1194,48 $;0,00 $;5,52 $;0,00 $;0,00 $;100,00%;1194,48 $;1194,48 $;0,00 $;1194,48 $;0,00 $;240,00;450,00 $;1300,00 $;105,52 $;0,06%;
19/08/2021;1;63247,16 $;94,48 $;94,48 $;0,00 $;5,52 $;0,00 $;0,00 $;100,00%;94,48 $;94,48 $;0,00 $;94,48 $;0,00 $;180,00;1250,00 $;550,00 $;455,52 $;0,06%;
20/08/2021;1;63741,64 $;494,48 $;494,48 $;0,00 $;5,52 $;0,00 $;0,00 $;100,00%;494,48 $;494,48 $;0,00 $;494,48 $;0,00 $;180,00;175,00 $;650,00 $;155,52 $;0,06%;
23/08/2021;2;64405,60 $;663,96 $;663,96 $;0,00 $;11,04 $;0,00 $;0,00 $;100,00%;331,98 $;331,98 $;0,00 $;419,48 $;0,00 $;240,00;437,50 $;625,00 $;293,02 $;0,13%;
24/08/2021;2;63669,56 $;-736,04 $;344,48 $;-1080,52 $;11,04 $;-1080,52 $;-1080,52 $;50,00%;-368,02 $;344,48 $;-1080,52 $;344,48 $;-1080,52 $;540,00;725,00 $;387,50 $;755,52 $;0,13%;
26/08/2021;1;62764,04 $;-905,52 $;0,00 $;-905,52 $;5,52 $;-1641,56 $;-905,52 $;0,00%;-905,52 $;0,00 $;-905,52 $;0,00 $;-905,52 $;180,00;1250,00 $;350,00 $;1255,52 $;0,06%;
27/08/2021;1;63783,52 $;1019,48 $;1019,48 $;0,00 $;5,52 $;-622,08 $;0,00 $;100,00%;1019,48 $;1019,48 $;0,00 $;1019,48 $;0,00 $;240,00;700,00 $;1375,00 $;355,52 $;0,06%;
30/08/2021;1;63578,00 $;-205,52 $;0,00 $;-205,52 $;5,52 $;-827,60 $;-205,52 $;0,00%;-205,52 $;0,00 $;-205,52 $;0,00 $;-205,52 $;180,00;525,00 $;75,00 $;280,52 $;0,06%;
31/08/2021;1;59797,48 $;-3780,52 $;0,00 $;-3780,52 $;5,52 $;-4608,12 $;-3780,52 $;0,00%;-3780,52 $;0,00 $;-3780,52 $;0,00 $;-3780,52 $;240,00;4175,00 $;775,00 $;4555,52 $;0,06%;
02/09/2021;1;59366,96 $;-430,52 $;0,00 $;-430,52 $;5,52 $;-5038,64 $;-430,52 $;0,00%;-430,52 $;0,00 $;-430,52 $;0,00 $;-430,52 $;180,00;925,00 $;0,00 $;430,52 $;0,06%;
03/09/2021;1;59936,44 $;569,48 $;569,48 $;0,00 $;5,52 $;-4469,16 $;0,00 $;100,00%;569,48 $;569,48 $;0,00 $;569,48 $;0,00 $;240,00;800,00 $;900,00 $;330,52 $;0,06%;
06/09/2021;1;61005,92 $;1069,48 $;1069,48 $;0,00 $;5,52 $;-3399,68 $;0,00 $;100,00%;1069,48 $;1069,48 $;0,00 $;1069,48 $;0,00 $;240,00;25,00 $;1800,00 $;730,52 $;0,06%;
09/09/2021;1;61000,40 $;-5,52 $;0,00 $;-5,52 $;5,52 $;-3405,20 $;-5,52 $;0,00%;-5,52 $;0,00 $;-5,52 $;0,00 $;-5,52 $;240,00;875,00 $;1675,00 $;1680,52 $;0,06%;
10/09/2021;1;60344,88 $;-655,52 $;0,00 $;-655,52 $;5,52 $;-4060,72 $;-655,52 $;0,00%;-655,52 $;0,00 $;-655,52 $;0,00 $;-655,52 $;240,00;675,00 $;850,00 $;1505,52 $;0,06%;
13/09/2021;2;60808,84 $;463,96 $;1294,48 $;-830,52 $;11,04 $;-3596,76 $;-830,52 $;50,00%;231,98 $;1294,48 $;-830,52 $;1294,48 $;-830,52 $;540,00;600,00 $;912,50 $;680,52 $;0,13%;
14/09/2021;2;60922,80 $;113,96 $;369,48 $;-255,52 $;11,04 $;-3482,80 $;-255,52 $;50,00%;56,98 $;369,48 $;-255,52 $;369,48 $;-255,52 $;540,00;1200,00 $;625,00 $;568,02 $;0,13%;
15/09/2021;1;60892,28 $;-30,52 $;0,00 $;-30,52 $;5,52 $;-3513,32 $;-30,52 $;0,00%;-30,52 $;0,00 $;-30,52 $;0,00 $;-30,52 $;240,00;1275,00 $;300,00 $;330,52 $;0,06%;
16/09/2021;1;60536,76 $;-355,52 $;0,00 $;-355,52 $;5,52 $;-3868,84 $;-355,52 $;0,00%;-355,52 $;0,00 $;-355,52 $;0,00 $;-355,52 $;240,00;1275,00 $;1450,00 $;1805,52 $;0,06%;
21/09/2021;2;60175,72 $;-361,04 $;594,48 $;-955,52 $;11,04 $;-4229,88 $;-955,52 $;50,00%;-180,52 $;594,48 $;-955,52 $;594,48 $;-955,52 $;540,00;950,00 $;875,00 $;1055,52 $;0,13%;
22/09/2021;2;61489,68 $;1313,96 $;1313,96 $;0,00 $;11,04 $;-3435,40 $;0,00 $;100,00%;656,98 $;656,98 $;0,00 $;794,48 $;0,00 $;240,00;375,00 $;1137,50 $;480,52 $;0,13%;
23/09/2021;2;62303,64 $;813,96 $;813,96 $;0,00 $;11,04 $;-2821,44 $;0,00 $;100,00%;406,98 $;406,98 $;0,00 $;719,48 $;0,00 $;240,00;787,50 $;1550,00 $;1143,02 $;0,13%;
29/09/2021;1;63448,12 $;1144,48 $;1144,48 $;0,00 $;5,52 $;-957,48 $;0,00 $;100,00%;1144,48 $;1144,48 $;0,00 $;1144,48 $;0,00 $;240,00;725,00 $;1775,00 $;630,52 $;0,06%;
30/09/2021;1;61392,60 $;-2055,52 $;0,00 $;-2055,52 $;5,52 $;-3013,00 $;-2055,52 $;0,00%;-2055,52 $;0,00 $;-2055,52 $;0,00 $;-2055,52 $;240,00;2300,00 $;375,00 $;2430,52 $;0,06%;
01/10/2021;1;60362,08 $;-1030,52 $;0,00 $;-1030,52 $;5,52 $;-4043,52 $;-1030,52 $;0,00%;-1030,52 $;0,00 $;-1030,52 $;0,00 $;-1030,52 $;240,00;2550,00 $;1000,00 $;2030,52 $;0,06%;
04/10/2021;1;57431,56 $;-2930,52 $;0,00 $;-2930,52 $;5,52 $;-6974,04 $;-2930,52 $;0,00%;-2930,52 $;0,00 $;-2930,52 $;0,00 $;-2930,52 $;240,00;3900,00 $;175,00 $;3105,52 $;0,06%;
05/10/2021;2;57670,52 $;238,96 $;569,48 $;-330,52 $;11,04 $;-6735,08 $;-330,52 $;50,00%;119,48 $;569,48 $;-330,52 $;569,48 $;-330,52 $;600,00;337,50 $;612,50 $;493,02 $;0,13%;
06/10/2021;1;58190,00 $;519,48 $;519,48 $;0,00 $;5,52 $;-6215,60 $;0,00 $;100,00%;519,48 $;519,48 $;0,00 $;519,48 $;0,00 $;240,00;1800,00 $;1425,00 $;905,52 $;0,06%;
07/10/2021;2;60978,96 $;2788,96 $;2788,96 $;0,00 $;11,04 $;-5396,12 $;0,00 $;100,00%;1394,48 $;1394,48 $;0,00 $;1969,48 $;0,00 $;240,00;775,00 $;1637,50 $;243,02 $;0,13%;
08/10/2021;1;60173,44 $;-805,52 $;0,00 $;-805,52 $;5,52 $;-4232,16 $;-805,52 $;0,00%;-805,52 $;0,00 $;-805,52 $;0,00 $;-805,52 $;240,00;925,00 $;875,00 $;1680,52 $;0,06%;
11/10/2021;1;59667,92 $;-505,52 $;0,00 $;-505,52 $;5,52 $;-4737,68 $;-505,52 $;0,00%;-505,52 $;0,00 $;-505,52 $;0,00 $;-505,52 $;240,00;875,00 $;650,00 $;1155,52 $;0,06%;
12/10/2021;1;58687,40 $;-980,52 $;0,00 $;-980,52 $;5,52 $;-5718,20 $;-980,52 $;0,00%;-980,52 $;0,00 $;-980,52 $;0,00 $;-980,52 $;240,00;1150,00 $;275,00 $;1255,52 $;0,06%;
13/10/2021;1;59006,88 $;319,48 $;319,48 $;0,00 $;5,52 $;-5398,72 $;0,00 $;100,00%;319,48 $;319,48 $;0,00 $;319,48 $;0,00 $;240,00;1125,00 $;1025,00 $;705,52 $;0,06%;
14/10/2021;2;61070,84 $;2063,96 $;2063,96 $;0,00 $;11,04 $;-3679,24 $;0,00 $;100,00%;1031,98 $;1031,98 $;0,00 $;1719,48 $;0,00 $;240,00;337,50 $;1237,50 $;205,52 $;0,13%;
15/10/2021;2;62584,80 $;1513,96 $;1513,96 $;0,00 $;11,04 $;-2290,28 $;0,00 $;100,00%;756,98 $;756,98 $;0,00 $;1044,48 $;0,00 $;240,00;87,50 $;912,50 $;155,52 $;0,13%;
19/10/2021;1;62279,28 $;-305,52 $;0,00 $;-305,52 $;5,52 $;-2126,32 $;-305,52 $;0,00%;-305,52 $;0,00 $;-305,52 $;0,00 $;-305,52 $;240,00;550,00 $;300,00 $;605,52 $;0,06%;
20/10/2021;2;62193,24 $;-86,04 $;0,00 $;-86,04 $;11,04 $;-2212,36 $;-86,04 $;0,00%;-43,02 $;0,00 $;-43,02 $;0,00 $;-55,52 $;660,00;400,00 $;525,00 $;568,02 $;0,13%;
21/10/2021;1;62362,72 $;169,48 $;169,48 $;0,00 $;5,52 $;-2042,88 $;0,00 $;100,00%;169,48 $;169,48 $;0,00 $;169,48 $;0,00 $;240,00;675,00 $;475,00 $;305,52 $;0,06%;
22/10/2021;2;62001,68 $;-361,04 $;569,48 $;-930,52 $;11,04 $;-2403,92 $;-930,52 $;50,00%;-180,52 $;569,48 $;-930,52 $;569,48 $;-930,52 $;540,00;1037,50 $;750,00 $;930,52 $;0,13%;
25/10/2021;1;62871,16 $;869,48 $;869,48 $;0,00 $;5,52 $;-1534,44 $;0,00 $;100,00%;869,48 $;869,48 $;0,00 $;869,48 $;0,00 $;240,00;25,00 $;1075,00 $;205,52 $;0,06%;
26/10/2021;2;62535,12 $;-336,04 $;319,48 $;-655,52 $;11,04 $;-1870,48 $;-655,52 $;50,00%;-168,02 $;319,48 $;-655,52 $;319,48 $;-655,52 $;540,00;525,00 $;887,50 $;1055,52 $;0,13%;
28/10/2021;1;62804,60 $;269,48 $;269,48 $;0,00 $;5,52 $;-1601,00 $;0,00 $;100,00%;269,48 $;269,48 $;0,00 $;269,48 $;0,00 $;180,00;350,00 $;400,00 $;130,52 $;0,06%;
29/10/2021;1;62999,08 $;194,48 $;194,48 $;0,00 $;5,52 $;-1406,52 $;0,00 $;100,00%;194,48 $;194,48 $;0,00 $;194,48 $;0,00 $;0,00;125,00 $;625,00 $;430,52 $;0,06%;
01/11/2021;2;62088,04 $;-911,04 $;369,48 $;-1280,52 $;11,04 $;-2687,04 $;-1280,52 $;50,00%;-455,52 $;369,48 $;-1280,52 $;369,48 $;-1280,52 $;600,00;1175,00 $;350,00 $;805,52 $;0,13%;
02/11/2021;1;63307,52 $;1219,48 $;1219,48 $;0,00 $;5,52 $;-1098,08 $;0,00 $;100,00%;1219,48 $;1219,48 $;0,00 $;1219,48 $;0,00 $;240,00;325,00 $;1300,00 $;80,52 $;0,06%;
03/11/2021;2;64971,48 $;1663,96 $;1844,48 $;-180,52 $;11,04 $;-1278,60 $;-180,52 $;50,00%;831,98 $;1844,48 $;-180,52 $;1844,48 $;-180,52 $;240,00;362,50 $;1262,50 $;430,52 $;0,13%;
04/11/2021;2;65685,44 $;713,96 $;713,96 $;0,00 $;11,04 $;0,00 $;0,00 $;100,00%;356,98 $;356,98 $;0,00 $;694,48 $;0,00 $;240,00;312,50 $;625,00 $;268,02 $;0,13%;
05/11/2021;1;64754,92 $;-930,52 $;0,00 $;-930,52 $;5,52 $;-930,52 $;-930,52 $;0,00%;-930,52 $;0,00 $;-930,52 $;0,00 $;-930,52 $;240,00;1000,00 $;150,00 $;1080,52 $;0,06%;
08/11/2021;1;64524,40 $;-230,52 $;0,00 $;-230,52 $;5,52 $;-1161,04 $;-230,52 $;0,00%;-230,52 $;0,00 $;-230,52 $;0,00 $;-230,52 $;240,00;400,00 $;675,00 $;905,52 $;0,06%;
09/11/2021;1;64993,88 $;469,48 $;469,48 $;0,00 $;5,52 $;-691,56 $;0,00 $;100,00%;469,48 $;469,48 $;0,00 $;469,48 $;0,00 $;240,00;50,00 $;875,00 $;405,52 $;0,06%;
11/11/2021;1;65213,36 $;219,48 $;219,48 $;0,00 $;5,52 $;-472,08 $;0,00 $;100,00%;219,48 $;219,48 $;0,00 $;219,48 $;0,00 $;240,00;250,00 $;400,00 $;180,52 $;0,06%;
12/11/2021;2;64952,32 $;-261,04 $;69,48 $;-330,52 $;11,04 $;-733,12 $;-330,52 $;50,00%;-130,52 $;69,48 $;-330,52 $;69,48 $;-330,52 $;540,00;562,50 $;412,50 $;543,02 $;0,13%;
15/11/2021;2;65116,28 $;163,96 $;269,48 $;-105,52 $;11,04 $;-838,64 $;-105,52 $;50,00%;81,98 $;269,48 $;-105,52 $;269,48 $;-105,52 $;240,00;350,00 $;575,00 $;493,02 $;0,13%;
16/11/2021;2;65680,24 $;563,96 $;844,48 $;-280,52 $;11,04 $;-280,52 $;-280,52 $;50,00%;281,98 $;844,48 $;-280,52 $;844,48 $;-280,52 $;600,00;350,00 $;687,50 $;405,52 $;0,13%;
17/11/2021;2;65444,20 $;-236,04 $;0,00 $;-236,04 $;11,04 $;-516,56 $;-236,04 $;0,00%;-118,02 $;0,00 $;-118,02 $;0,00 $;-130,52 $;600,00;487,50 $;175,00 $;293,02 $;0,13%;
18/11/2021;1;64738,68 $;-705,52 $;0,00 $;-705,52 $;5,52 $;-1222,08 $;-705,52 $;0,00%;-705,52 $;0,00 $;-705,52 $;0,00 $;-705,52 $;240,00;1225,00 $;175,00 $;880,52 $;0,06%;
22/11/2021;1;63483,16 $;-1255,52 $;0,00 $;-1255,52 $;5,52 $;-2477,60 $;-1255,52 $;0,00%;-1255,52 $;0,00 $;-1255,52 $;0,00 $;-1255,52 $;240,00;1875,00 $;525,00 $;1780,52 $;0,06%;
23/11/2021;1;61427,64 $;-2055,52 $;0,00 $;-2055,52 $;5,52 $;-4533,12 $;-2055,52 $;0,00%;-2055,52 $;0,00 $;-2055,52 $;0,00 $;-2055,52 $;240,00;2900,00 $;175,00 $;2230,52 $;0,06%;
24/11/2021;1;61847,12 $;419,48 $;419,48 $;0,00 $;5,52 $;-4113,64 $;0,00 $;100,00%;419,48 $;419,48 $;0,00 $;419,48 $;0,00 $;120,00;500,00 $;475,00 $;55,52 $;0,06%;
29/11/2021;1;63766,60 $;1919,48 $;1919,48 $;0,00 $;5,52 $;-2194,16 $;0,00 $;100,00%;1919,48 $;1919,48 $;0,00 $;1919,48 $;0,00 $;240,00;200,00 $;2375,00 $;455,52 $;0,06%;
30/11/2021;1;60511,08 $;-3255,52 $;0,00 $;-3255,52 $;5,52 $;-5449,68 $;-3255,52 $;0,00%;-3255,52 $;0,00 $;-3255,52 $;0,00 $;-3255,52 $;240,00;4600,00 $;1625,00 $;4880,52 $;0,06%;
01/12/2021;1;59305,56 $;-1205,52 $;0,00 $;-1205,52 $;5,52 $;-6655,20 $;-1205,52 $;0,00%;-1205,52 $;0,00 $;-1205,52 $;0,00 $;-1205,52 $;240,00;2300,00 $;3200,00 $;4405,52 $;0,06%;
02/12/2021;1;60525,04 $;1219,48 $;1219,48 $;0,00 $;5,52 $;-5435,72 $;0,00 $;100,00%;1219,48 $;1219,48 $;0,00 $;1219,48 $;0,00 $;180,00;275,00 $;1475,00 $;255,52 $;0,06%;
06/12/2021;1;63469,52 $;2944,48 $;2944,48 $;0,00 $;5,52 $;-2491,24 $;0,00 $;100,00%;2944,48 $;2944,48 $;0,00 $;2944,48 $;0,00 $;240,00;600,00 $;3125,00 $;180,52 $;0,06%;
07/12/2021;3;68277,96 $;4808,44 $;4808,44 $;0,00 $;16,56 $;-1396,76 $;0,00 $;100,00%;1602,81 $;1602,81 $;0,00 $;3669,48 $;0,00 $;240,00;350,00 $;1775,00 $;172,19 $;0,19%;
08/12/2021;1;68172,44 $;-105,52 $;0,00 $;-105,52 $;5,52 $;-105,52 $;-105,52 $;0,00%;-105,52 $;0,00 $;-105,52 $;0,00 $;-105,52 $;240,00;2350,00 $;1300,00 $;1405,52 $;0,06%;
10/12/2021;1;67391,92 $;-780,52 $;0,00 $;-780,52 $;5,52 $;-886,04 $;-780,52 $;0,00%;-780,52 $;0,00 $;-780,52 $;0,00 $;-780,52 $;240,00;1750,00 $;475,00 $;1255,52 $;0,06%;
13/12/2021;1;63811,40 $;-3580,52 $;0,00 $;-3580,52 $;5,52 $;-4466,56 $;-3580,52 $;0,00%;-3580,52 $;0,00 $;-3580,52 $;0,00 $;-3580,52 $;240,00;4550,00 $;175,00 $;3755,52 $;0,06%;
15/12/2021;1;64005,88 $;194,48 $;194,48 $;0,00 $;5,52 $;-4272,08 $;0,00 $;100,00%;194,48 $;194,48 $;0,00 $;194,48 $;0,00 $;240,00;350,00 $;525,00 $;330,52 $;0,06%;
16/12/2021;1;61575,36 $;-2430,52 $;0,00 $;-2430,52 $;5,52 $;-6702,60 $;-2430,52 $;0,00%;-2430,52 $;0,00 $;-2430,52 $;0,00 $;-2430,52 $;240,00;2500,00 $;25,00 $;2455,52 $;0,06%;
20/12/2021;1;63244,84 $;1669,48 $;1669,48 $;0,00 $;5,52 $;-5033,12 $;0,00 $;100,00%;1669,48 $;1669,48 $;0,00 $;1669,48 $;0,00 $;180,00;300,00 $;1775,00 $;105,52 $;0,06%;
21/12/2021;1;64839,32 $;1594,48 $;1594,48 $;0,00 $;5,52 $;-3438,64 $;0,00 $;100,00%;1594,48 $;1594,48 $;0,00 $;1594,48 $;0,00 $;240,00;1125,00 $;1925,00 $;330,52 $;0,06%;
22/12/2021;2;66653,28 $;1813,96 $;1813,96 $;0,00 $;11,04 $;-1944,16 $;0,00 $;100,00%;906,98 $;906,98 $;0,00 $;1494,48 $;0,00 $;240,00;925,00 $;1112,50 $;205,52 $;0,13%;
23/12/2021;2;67842,24 $;1188,96 $;1188,96 $;0,00 $;11,04 $;-480,20 $;0,00 $;100,00%;594,48 $;594,48 $;0,00 $;1144,48 $;0,00 $;240,00;612,50 $;950,00 $;355,52 $;0,13%;
27/12/2021;1;68411,72 $;569,48 $;569,48 $;0,00 $;5,52 $;0,00 $;0,00 $;100,00%;569,48 $;569,48 $;0,00 $;569,48 $;0,00 $;240,00;200,00 $;850,00 $;280,52 $;0,06%;
28/12/2021;2;68600,68 $;188,96 $;419,48 $;-230,52 $;11,04 $;-230,52 $;-230,52 $;50,00%;94,48 $;419,48 $;-230,52 $;419,48 $;-230,52 $;600,00;625,00 $;425,00 $;330,52 $;0,13%;
30/12/2021;1;68245,16 $;-355,52 $;0,00 $;-355,52 $;5,52 $;-586,04 $;-355,52 $;0,00%;-355,52 $;0,00 $;-355,52 $;0,00 $;-355,52 $;240,00;600,00 $;350,00 $;705,52 $;0,06%;
03/01/2022;2;70134,12 $;1888,96 $;1888,96 $;0,00 $;11,04 $;0,00 $;0,00 $;100,00%;944,48 $;944,48 $;0,00 $;1069,48 $;0,00 $;240,00;487,50 $;1150,00 $;205,52 $;0,13%;
04/01/2022;2;73223,08 $;3088,96 $;3088,96 $;0,00 $;11,04 $;0,00 $;0,00 $;100,00%;1544,48 $;1544,48 $;0,00 $;2794,48 $;0,00 $;240,00;237,50 $;1812,50 $;268,02 $;0,13%;
05/01/2022;2;71612,04 $;-1611,04 $;919,48 $;-2530,52 $;11,04 $;-2530,52 $;-2530,52 $;50,00%;-805,52 $;919,48 $;-2530,52 $;919,48 $;-2530,52 $;600,00;1600,00 $;787,50 $;1593,02 $;0,13%;
11/01/2022;2;72901,00 $;1288,96 $;1288,96 $;0,00 $;11,04 $;-2011,04 $;0,00 $;100,00%;644,48 $;644,48 $;0,00 $;769,48 $;0,00 $;240,00;875,00 $;862,50 $;218,02 $;0,13%;
12/01/2022;1;71820,48 $;-1080,52 $;0,00 $;-1080,52 $;5,52 $;-2322,08 $;-1080,52 $;0,00%;-1080,52 $;0,00 $;-1080,52 $;0,00 $;-1080,52 $;240,00;1900,00 $;150,00 $;1230,52 $;0,06%;
13/01/2022;1;69114,96 $;-2705,52 $;0,00 $;-2705,52 $;5,52 $;-5027,60 $;-2705,52 $;0,00%;-2705,52 $;0,00 $;-2705,52 $;0,00 $;-2705,52 $;240,00;3350,00 $;575,00 $;3280,52 $;0,06%;
14/01/2022;1;67759,44 $;-1355,52 $;0,00 $;-1355,52 $;5,52 $;-6383,12 $;-1355,52 $;0,00%;-1355,52 $;0,00 $;-1355,52 $;0,00 $;-1355,52 $;240,00;2350,00 $;125,00 $;1480,52 $;0,06%;
19/01/2022;1;66078,92 $;-1680,52 $;0,00 $;-1680,52 $;5,52 $;-8063,64 $;-1680,52 $;0,00%;-1680,52 $;0,00 $;-1680,52 $;0,00 $;-1680,52 $;240,00;2975,00 $;75,00 $;1755,52 $;0,06%;
20/01/2022;1;67348,40 $;1269,48 $;1269,48 $;0,00 $;5,52 $;-6794,16 $;0,00 $;100,00%;1269,48 $;1269,48 $;0,00 $;1269,48 $;0,00 $;240,00;600,00 $;2000,00 $;730,52 $;0,06%;
25/01/2022;1;66867,88 $;-480,52 $;0,00 $;-480,52 $;5,52 $;-7274,68 $;-480,52 $;0,00%;-480,52 $;0,00 $;-480,52 $;0,00 $;-480,52 $;240,00;3175,00 $;1450,00 $;1930,52 $;0,06%;
26/01/2022;2;66181,84 $;-686,04 $;1469,48 $;-2155,52 $;11,04 $;-7960,72 $;-2155,52 $;50,00%;-343,02 $;1469,48 $;-2155,52 $;1469,48 $;-2155,52 $;540,00;2775,00 $;2212,50 $;2555,52 $;0,13%;
27/01/2022;1;62976,32 $;-3205,52 $;0,00 $;-3205,52 $;5,52 $;-11166,24 $;-3205,52 $;0,00%;-3205,52 $;0,00 $;-3205,52 $;0,00 $;-3205,52 $;240,00;4125,00 $;350,00 $;3555,52 $;0,06%;
28/01/2022;1;64745,80 $;1769,48 $;1769,48 $;0,00 $;5,52 $;-9396,76 $;0,00 $;100,00%;1769,48 $;1769,48 $;0,00 $;1769,48 $;0,00 $;180,00;3500,00 $;1775,00 $;5,52 $;0,06%;
31/01/2022;2;66659,76 $;1913,96 $;1913,96 $;0,00 $;11,04 $;-8327,28 $;0,00 $;100,00%;956,98 $;956,98 $;0,00 $;1069,48 $;0,00 $;240,00;1487,50 $;1337,50 $;380,52 $;0,13%;
01/02/2022;1;66579,24 $;-80,52 $;0,00 $;-80,52 $;5,52 $;-7563,32 $;-80,52 $;0,00%;-80,52 $;0,00 $;-80,52 $;0,00 $;-80,52 $;240,00;3200,00 $;325,00 $;405,52 $;0,06%;
02/02/2022;1;66598,72 $;19,48 $;19,48 $;0,00 $;5,52 $;-7543,84 $;0,00 $;100,00%;19,48 $;19,48 $;0,00 $;19,48 $;0,00 $;240,00;950,00 $;1475,00 $;1455,52 $;0,06%;
07/02/2022;1;66268,20 $;-330,52 $;0,00 $;-330,52 $;5,52 $;-7874,36 $;-330,52 $;0,00%;-330,52 $;0,00 $;-330,52 $;0,00 $;-330,52 $;240,00;2250,00 $;425,00 $;755,52 $;0,06%;
08/02/2022;2;64657,16 $;-1611,04 $;1094,48 $;-2705,52 $;11,04 $;-10579,88 $;-2705,52 $;50,00%;-805,52 $;1094,48 $;-2705,52 $;1094,48 $;-2705,52 $;660,00;1787,50 $;1325,00 $;2130,52 $;0,13%;
09/02/2022;2;66596,12 $;1938,96 $;1938,96 $;0,00 $;11,04 $;-8565,92 $;0,00 $;100,00%;969,48 $;969,48 $;0,00 $;1019,48 $;0,00 $;240,00;112,50 $;1250,00 $;280,52 $;0,13%;
10/02/2022;2;64435,08 $;-2161,04 $;1019,48 $;-3180,52 $;11,04 $;-9707,48 $;-3180,52 $;50,00%;-1080,52 $;1019,48 $;-3180,52 $;1019,48 $;-3180,52 $;660,00;2187,50 $;650,00 $;1730,52 $;0,13%;
11/02/2022;1;62729,56 $;-1705,52 $;0,00 $;-1705,52 $;5,52 $;-11413,00 $;-1705,52 $;0,00%;-1705,52 $;0,00 $;-1705,52 $;0,00 $;-1705,52 $;240,00;1975,00 $;1300,00 $;3005,52 $;0,06%;
14/02/2022;1;63474,04 $;744,48 $;744,48 $;0,00 $;5,52 $;-10668,52 $;0,00 $;100,00%;744,48 $;744,48 $;0,00 $;744,48 $;0,00 $;0,00;775,00 $;1100,00 $;355,52 $;0,06%;
15/02/2022;1;63843,52 $;369,48 $;369,48 $;0,00 $;5,52 $;-10299,04 $;0,00 $;100,00%;369,48 $;369,48 $;0,00 $;369,48 $;0,00 $;180,00;1225,00 $;625,00 $;255,52 $;0,06%;
16/02/2022;1;61713,00 $;-2130,52 $;0,00 $;-2130,52 $;5,52 $;-12429,56 $;-2130,52 $;0,00%;-2130,52 $;0,00 $;-2130,52 $;0,00 $;-2130,52 $;240,00;2500,00 $;300,00 $;2430,52 $;0,06%;
18/02/2022;1;60532,48 $;-1180,52 $;0,00 $;-1180,52 $;5,52 $;-13610,08 $;-1180,52 $;0,00%;-1180,52 $;0,00 $;-1180,52 $;0,00 $;-1180,52 $;240,00;1825,00 $;150,00 $;1330,52 $;0,06%;
21/02/2022;1;53701,96 $;-6830,52 $;0,00 $;-6830,52 $;5,52 $;-20440,60 $;-6830,52 $;0,00%;-6830,52 $;0,00 $;-6830,52 $;0,00 $;-6830,52 $;240,00;7750,00 $;50,00 $;6880,52 $;0,06%;
22/02/2022;2;56090,92 $;2388,96 $;2388,96 $;0,00 $;11,04 $;-19196,12 $;0,00 $;100,00%;1194,48 $;1194,48 $;0,00 $;1244,48 $;0,00 $;240,00;2325,00 $;1975,00 $;780,52 $;0,13%;
23/02/2022;1;53760,40 $;-2330,52 $;0,00 $;-2330,52 $;5,52 $;-20382,16 $;-2330,52 $;0,00%;-2330,52 $;0,00 $;-2330,52 $;0,00 $;-2330,52 $;240,00;2350,00 $;800,00 $;3130,52 $;0,06%;
24/02/2022;1;61954,88 $;8194,48 $;8194,48 $;0,00 $;5,52 $;-12187,68 $;0,00 $;100,00%;8194,48 $;8194,48 $;0,00 $;8194,48 $;0,00 $;120,00;325,00 $;9350,00 $;1155,52 $;0,06%;
25/02/2022;1;63999,36 $;2044,48 $;2044,48 $;0,00 $;5,52 $;-10143,20 $;0,00 $;100,00%;2044,48 $;2044,48 $;0,00 $;2044,48 $;0,00 $;180,00;1700,00 $;2075,00 $;30,52 $;0,06%;
28/02/2022;1;59518,84 $;-4480,52 $;0,00 $;-4480,52 $;5,52 $;-14623,72 $;-4480,52 $;0,00%;-4480,52 $;0,00 $;-4480,52 $;0,00 $;-4480,52 $;240,00;5900,00 $;2200,00 $;6680,52 $;0,06%;
03/03/2022;1;53163,32 $;-6355,52 $;0,00 $;-6355,52 $;5,52 $;-20979,24 $;-6355,52 $;0,00%;-6355,52 $;0,00 $;-6355,52 $;0,00 $;-6355,52 $;240,00;8700,00 $;1675,00 $;8030,52 $;0,06%;
08/03/2022;2;57502,28 $;4338,96 $;5019,48 $;-680,52 $;11,04 $;-21659,76 $;-680,52 $;50,00%;2169,48 $;5019,48 $;-680,52 $;5019,48 $;-680,52 $;240,00;3687,50 $;7412,50 $;5243,02 $;0,13%;
09/03/2022;3;72810,72 $;15308,44 $;15888,96 $;-580,52 $;16,56 $;-13545,80 $;-580,52 $;66,67%;5102,81 $;7944,48 $;-580,52 $;12794,48 $;-580,52 $;240,00;1433,33 $;6758,33 $;1655,52 $;0,19%;
11/03/2022;1;77755,20 $;4944,48 $;4944,48 $;0,00 $;5,52 $;0,00 $;0,00 $;100,00%;4944,48 $;4944,48 $;0,00 $;4944,48 $;0,00 $;240,00;0,00 $;14275,00 $;9330,52 $;0,06%;
14/03/2022;2;75519,16 $;-2236,04 $;519,48 $;-2755,52 $;11,04 $;-2755,52 $;-2755,52 $;50,00%;-1118,02 $;519,48 $;-2755,52 $;519,48 $;-2755,52 $;540,00;2400,00 $;3512,50 $;4630,52 $;0,13%;
15/03/2022;1;77488,64 $;1969,48 $;1969,48 $;0,00 $;5,52 $;-786,04 $;0,00 $;100,00%;1969,48 $;1969,48 $;0,00 $;1969,48 $;0,00 $;240,00;1750,00 $;3500,00 $;1530,52 $;0,06%;
16/03/2022;2;77802,60 $;313,96 $;2169,48 $;-1855,52 $;11,04 $;-1855,52 $;-1855,52 $;50,00%;156,98 $;2169,48 $;-1855,52 $;2169,48 $;-1855,52 $;540,00;2787,50 $;2475,00 $;2318,02 $;0,13%;
17/03/2022;2;74241,56 $;-3561,04 $;0,00 $;-3561,04 $;11,04 $;-5416,56 $;-3561,04 $;0,00%;-1780,52 $;0,00 $;-1780,52 $;0,00 $;-3555,52 $;660,00;2850,00 $;700,00 $;2480,52 $;0,13%;
18/03/2022;1;75136,04 $;894,48 $;894,48 $;0,00 $;5,52 $;-4522,08 $;0,00 $;100,00%;894,48 $;894,48 $;0,00 $;894,48 $;0,00 $;180,00;350,00 $;1900,00 $;1005,52 $;0,06%;
22/03/2022;2;76025,00 $;888,96 $;888,96 $;0,00 $;11,04 $;-4352,60 $;0,00 $;100,00%;444,48 $;444,48 $;0,00 $;719,48 $;0,00 $;240,00;787,50 $;1425,00 $;980,52 $;0,13%;
24/03/2022;1;76569,48 $;544,48 $;544,48 $;0,00 $;5,52 $;-3088,64 $;0,00 $;100,00%;544,48 $;544,48 $;0,00 $;544,48 $;0,00 $;240,00;1800,00 $;2200,00 $;1655,52 $;0,06%;
25/03/2022;1;78788,96 $;2219,48 $;2219,48 $;0,00 $;5,52 $;-869,16 $;0,00 $;100,00%;2219,48 $;2219,48 $;0,00 $;2219,48 $;0,00 $;240,00;1375,00 $;3050,00 $;830,52 $;0,06%;
28/03/2022;1;77158,44 $;-1630,52 $;0,00 $;-1630,52 $;5,52 $;-2499,68 $;-1630,52 $;0,00%;-1630,52 $;0,00 $;-1630,52 $;0,00 $;-1630,52 $;240,00;2700,00 $;1875,00 $;3505,52 $;0,06%;
29/03/2022;2;81372,40 $;4213,96 $;5319,48 $;-1105,52 $;11,04 $;-1105,52 $;-1105,52 $;50,00%;2106,98 $;5319,48 $;-1105,52 $;5319,48 $;-1105,52 $;600,00;1487,50 $;3412,50 $;1305,52 $;0,13%;
31/03/2022;1;79141,88 $;-2230,52 $;0,00 $;-2230,52 $;5,52 $;-3336,04 $;-2230,52 $;0,00%;-2230,52 $;0,00 $;-2230,52 $;0,00 $;-2230,52 $;240,00;2750,00 $;225,00 $;2455,52 $;0,06%;
01/04/2022;1;78861,36 $;-280,52 $;0,00 $;-280,52 $;5,52 $;-3616,56 $;-280,52 $;0,00%;-280,52 $;0,00 $;-280,52 $;0,00 $;-280,52 $;240,00;1025,00 $;775,00 $;1055,52 $;0,06%;
04/04/2022;1;79930,84 $;1069,48 $;1069,48 $;0,00 $;5,52 $;-2547,08 $;0,00 $;100,00%;1069,48 $;1069,48 $;0,00 $;1069,48 $;0,00 $;240,00;650,00 $;1475,00 $;405,52 $;0,06%;
07/04/2022;1;79150,32 $;-780,52 $;0,00 $;-780,52 $;5,52 $;-3327,60 $;-780,52 $;0,00%;-780,52 $;0,00 $;-780,52 $;0,00 $;-780,52 $;240,00;1675,00 $;2250,00 $;3030,52 $;0,06%;
08/04/2022;2;77514,28 $;-1636,04 $;0,00 $;-1636,04 $;11,04 $;-4963,64 $;-1636,04 $;0,00%;-818,02 $;0,00 $;-818,02 $;0,00 $;-1030,52 $;600,00;1187,50 $;687,50 $;1505,52 $;0,13%;
11/04/2022;1;76308,76 $;-1205,52 $;0,00 $;-1205,52 $;5,52 $;-6169,16 $;-1205,52 $;0,00%;-1205,52 $;0,00 $;-1205,52 $;0,00 $;-1205,52 $;240,00;1675,00 $;950,00 $;2155,52 $;0,06%;
12/04/2022;1;73128,24 $;-3180,52 $;0,00 $;-3180,52 $;5,52 $;-9349,68 $;-3180,52 $;0,00%;-3180,52 $;0,00 $;-3180,52 $;0,00 $;-3180,52 $;240,00;3325,00 $;25,00 $;3205,52 $;0,06%;
13/04/2022;2;71167,20 $;-1961,04 $;894,48 $;-2855,52 $;11,04 $;-12205,20 $;-2855,52 $;50,00%;-980,52 $;894,48 $;-2855,52 $;894,48 $;-2855,52 $;600,00;1612,50 $;775,00 $;1755,52 $;0,13%;
14/04/2022;2;70856,16 $;-311,04 $;694,48 $;-1005,52 $;11,04 $;-11621,76 $;-1005,52 $;50,00%;-155,52 $;694,48 $;-1005,52 $;694,48 $;-1005,52 $;660,00;1625,00 $;1175,00 $;1330,52 $;0,13%;
19/04/2022;1;72750,64 $;1894,48 $;1894,48 $;0,00 $;5,52 $;-9727,28 $;0,00 $;100,00%;1894,48 $;1894,48 $;0,00 $;1894,48 $;0,00 $;120,00;225,00 $;1900,00 $;5,52 $;0,06%;
20/04/2022;2;72014,60 $;-736,04 $;269,48 $;-1005,52 $;11,04 $;-10463,32 $;-1005,52 $;50,00%;-368,02 $;269,48 $;-1005,52 $;269,48 $;-1005,52 $;540,00;937,50 $;937,50 $;1305,52 $;0,13%;
21/04/2022;2;70353,56 $;-1661,04 $;2019,48 $;-3680,52 $;11,04 $;-12124,36 $;-3680,52 $;50,00%;-830,52 $;2019,48 $;-3680,52 $;2019,48 $;-3680,52 $;600,00;2150,00 $;1387,50 $;2218,02 $;0,13%;
25/04/2022;1;73698,04 $;3344,48 $;3344,48 $;0,00 $;5,52 $;-8779,88 $;0,00 $;100,00%;3344,48 $;3344,48 $;0,00 $;3344,48 $;0,00 $;120,00;600,00 $;3700,00 $;355,52 $;0,06%;
26/04/2022;1;74017,52 $;319,48 $;319,48 $;0,00 $;5,52 $;-8460,40 $;0,00 $;100,00%;319,48 $;319,48 $;0,00 $;319,48 $;0,00 $;240,00;675,00 $;1475,00 $;1155,52 $;0,06%;
27/04/2022;2;71206,48 $;-2811,04 $;0,00 $;-2811,04 $;11,04 $;-11271,44 $;-2811,04 $;0,00%;-1405,52 $;0,00 $;-1405,52 $;0,00 $;-2105,52 $;540,00;2362,50 $;362,50 $;1768,02 $;0,13%;
28/04/2022;1;69300,96 $;-1905,52 $;0,00 $;-1905,52 $;5,52 $;-13176,96 $;-1905,52 $;0,00%;-1905,52 $;0,00 $;-1905,52 $;0,00 $;-1905,52 $;240,00;3975,00 $;1250,00 $;3155,52 $;0,06%;
29/04/2022;2;65914,92 $;-3386,04 $;0,00 $;-3386,04 $;11,04 $;-16563,00 $;-3386,04 $;0,00%;-1693,02 $;0,00 $;-1693,02 $;0,00 $;-2330,52 $;540,00;2512,50 $;1412,50 $;3105,52 $;0,13%;
02/05/2022;1;64534,40 $;-1380,52 $;0,00 $;-1380,52 $;5,52 $;-17943,52 $;-1380,52 $;0,00%;-1380,52 $;0,00 $;-1380,52 $;0,00 $;-1380,52 $;240,00;2375,00 $;825,00 $;2205,52 $;0,06%;
03/05/2022;2;64398,36 $;-136,04 $;1419,48 $;-1555,52 $;11,04 $;-19499,04 $;-1555,52 $;50,00%;-68,02 $;1419,48 $;-1555,52 $;1419,48 $;-1555,52 $;540,00;1287,50 $;1000,00 $;1068,02 $;0,13%;
04/05/2022;2;70462,32 $;6063,96 $;6063,96 $;0,00 $;11,04 $;-17185,08 $;0,00 $;100,00%;3031,98 $;3031,98 $;0,00 $;5169,48 $;0,00 $;240,00;1012,50 $;3450,00 $;418,02 $;0,13%;
10/05/2022;2;71701,28 $;1238,96 $;2594,48 $;-1355,52 $;11,04 $;-10776,64 $;-1355,52 $;50,00%;619,48 $;2594,48 $;-1355,52 $;2594,48 $;-1355,52 $;540,00;3387,50 $;1525,00 $;905,52 $;0,13%;
11/05/2022;2;65990,24 $;-5711,04 $;0,00 $;-5711,04 $;11,04 $;-16487,68 $;-5711,04 $;0,00%;-2855,52 $;0,00 $;-2855,52 $;0,00 $;-3030,52 $;600,00;3662,50 $;2312,50 $;5168,02 $;0,13%;
12/05/2022;1;67134,72 $;1144,48 $;1144,48 $;0,00 $;5,52 $;-15343,20 $;0,00 $;100,00%;1144,48 $;1144,48 $;0,00 $;1144,48 $;0,00 $;240,00;425,00 $;5150,00 $;4005,52 $;0,06%;
13/05/2022;2;69323,68 $;2188,96 $;2188,96 $;0,00 $;11,04 $;-13648,72 $;0,00 $;100,00%;1094,48 $;1094,48 $;0,00 $;1694,48 $;0,00 $;240,00;162,50 $;1925,00 $;830,52 $;0,13%;
17/05/2022;2;69862,64 $;538,96 $;1569,48 $;-1030,52 $;11,04 $;-14184,76 $;-1030,52 $;50,00%;269,48 $;1569,48 $;-1030,52 $;1569,48 $;-1030,52 $;240,00;1100,00 $;1012,50 $;743,02 $;0,13%;
18/05/2022;1;65732,12 $;-4130,52 $;0,00 $;-4130,52 $;5,52 $;-16745,80 $;-4130,52 $;0,00%;-4130,52 $;0,00 $;-4130,52 $;0,00 $;-4130,52 $;240,00;4300,00 $;150,00 $;4280,52 $;0,06%;
20/05/2022;1;60501,60 $;-5230,52 $;0,00 $;-5230,52 $;5,52 $;-21976,32 $;-5230,52 $;0,00%;-5230,52 $;0,00 $;-5230,52 $;0,00 $;-5230,52 $;240,00;5425,00 $;275,00 $;5505,52 $;0,06%;
23/05/2022;2;59890,56 $;-611,04 $;919,48 $;-1530,52 $;11,04 $;-23506,84 $;-1530,52 $;50,00%;-305,52 $;919,48 $;-1530,52 $;919,48 $;-1530,52 $;660,00;1787,50 $;1450,00 $;1755,52 $;0,13%;
26/05/2022;1;60610,04 $;719,48 $;719,48 $;0,00 $;5,52 $;-21867,88 $;0,00 $;100,00%;719,48 $;719,48 $;0,00 $;719,48 $;0,00 $;240,00;1200,00 $;1400,00 $;680,52 $;0,06%;
27/05/2022;2;64099,00 $;3488,96 $;3488,96 $;0,00 $;11,04 $;-19823,40 $;0,00 $;100,00%;1744,48 $;1744,48 $;0,00 $;2044,48 $;0,00 $;240,00;362,50 $;2275,00 $;530,52 $;0,13%;
30/05/2022;1;64468,48 $;369,48 $;369,48 $;0,00 $;5,52 $;-18009,44 $;0,00 $;100,00%;369,48 $;369,48 $;0,00 $;369,48 $;0,00 $;180,00;225,00 $;525,00 $;155,52 $;0,06%;
01/06/2022;1;62562,96 $;-1905,52 $;0,00 $;-1905,52 $;5,52 $;-19914,96 $;-1905,52 $;0,00%;-1905,52 $;0,00 $;-1905,52 $;0,00 $;-1905,52 $;240,00;3775,00 $;225,00 $;2130,52 $;0,06%;
02/06/2022;2;65801,92 $;3238,96 $;3238,96 $;0,00 $;11,04 $;-18870,48 $;0,00 $;100,00%;1619,48 $;1619,48 $;0,00 $;2194,48 $;0,00 $;240,00;887,50 $;1775,00 $;155,52 $;0,13%;
03/06/2022;1;64421,40 $;-1380,52 $;0,00 $;-1380,52 $;5,52 $;-18056,52 $;-1380,52 $;0,00%;-1380,52 $;0,00 $;-1380,52 $;0,00 $;-1380,52 $;240,00;1725,00 $;125,00 $;1505,52 $;0,06%;
06/06/2022;1;65315,88 $;894,48 $;894,48 $;0,00 $;5,52 $;-17162,04 $;0,00 $;100,00%;894,48 $;894,48 $;0,00 $;894,48 $;0,00 $;240,00;100,00 $;975,00 $;80,52 $;0,06%;
07/06/2022;1;65860,36 $;544,48 $;544,48 $;0,00 $;5,52 $;-16617,56 $;0,00 $;100,00%;544,48 $;544,48 $;0,00 $;544,48 $;0,00 $;240,00;525,00 $;1075,00 $;530,52 $;0,06%;
15/06/2022;2;65349,32 $;-511,04 $;0,00 $;-511,04 $;11,04 $;-17128,60 $;-511,04 $;0,00%;-255,52 $;0,00 $;-255,52 $;0,00 $;-380,52 $;720,00;2850,00 $;1612,50 $;1868,02 $;0,13%;
17/06/2022;1;64418,80 $;-930,52 $;0,00 $;-930,52 $;5,52 $;-18059,12 $;-930,52 $;0,00%;-930,52 $;0,00 $;-930,52 $;0,00 $;-930,52 $;240,00;1000,00 $;1650,00 $;2580,52 $;0,06%;
20/06/2022;2;64457,76 $;38,96 $;569,48 $;-530,52 $;11,04 $;-18020,16 $;-530,52 $;50,00%;19,48 $;569,48 $;-530,52 $;569,48 $;-530,52 $;660,00;875,00 $;500,00 $;480,52 $;0,13%;
23/06/2022;1;61077,24 $;-3380,52 $;0,00 $;-3380,52 $;5,52 $;-21400,68 $;-3380,52 $;0,00%;-3380,52 $;0,00 $;-3380,52 $;0,00 $;-3380,52 $;240,00;4950,00 $;375,00 $;3755,52 $;0,06%;
24/06/2022;2;65566,20 $;4488,96 $;4488,96 $;0,00 $;11,04 $;-19106,20 $;0,00 $;100,00%;2244,48 $;2244,48 $;0,00 $;2294,48 $;0,00 $;240,00;100,00 $;2575,00 $;330,52 $;0,13%;
27/06/2022;1;63785,68 $;-1780,52 $;0,00 $;-1780,52 $;5,52 $;-18692,24 $;-1780,52 $;0,00%;-1780,52 $;0,00 $;-1780,52 $;0,00 $;-1780,52 $;240,00;2575,00 $;200,00 $;1980,52 $;0,06%;
28/06/2022;2;61924,64 $;-1861,04 $;1844,48 $;-3705,52 $;11,04 $;-20553,28 $;-3705,52 $;50,00%;-930,52 $;1844,48 $;-3705,52 $;1844,48 $;-3705,52 $;540,00;2137,50 $;1312,50 $;2243,02 $;0,13%;
30/06/2022;1;62569,12 $;644,48 $;644,48 $;0,00 $;5,52 $;-19908,80 $;0,00 $;100,00%;644,48 $;644,48 $;0,00 $;644,48 $;0,00 $;180,00;1525,00 $;1075,00 $;430,52 $;0,06%;
01/07/2022;2;61933,08 $;-636,04 $;0,00 $;-636,04 $;11,04 $;-20544,84 $;-636,04 $;0,00%;-318,02 $;0,00 $;-318,02 $;0,00 $;-605,52 $;600,00;2025,00 $;1375,00 $;1693,02 $;0,13%;
06/07/2022;1;63352,56 $;1419,48 $;1419,48 $;0,00 $;5,52 $;-19125,36 $;0,00 $;100,00%;1419,48 $;1419,48 $;0,00 $;1419,48 $;0,00 $;240,00;950,00 $;1625,00 $;205,52 $;0,06%;
07/07/2022;1;64497,04 $;1144,48 $;1144,48 $;0,00 $;5,52 $;-17980,88 $;0,00 $;100,00%;1144,48 $;1144,48 $;0,00 $;1144,48 $;0,00 $;240,00;225,00 $;1600,00 $;455,52 $;0,06%;
08/07/2022;2;65386,00 $;888,96 $;1119,48 $;-230,52 $;11,04 $;-17091,92 $;-230,52 $;50,00%;444,48 $;1119,48 $;-230,52 $;1119,48 $;-230,52 $;540,00;987,50 $;2300,00 $;1855,52 $;0,13%;
11/07/2022;1;64605,48 $;-780,52 $;0,00 $;-780,52 $;5,52 $;-17872,44 $;-780,52 $;0,00%;-780,52 $;0,00 $;-780,52 $;0,00 $;-780,52 $;120,00;1000,00 $;1050,00 $;1830,52 $;0,06%;
12/07/2022;1;67599,96 $;2994,48 $;2994,48 $;0,00 $;5,52 $;-14877,96 $;0,00 $;100,00%;2994,48 $;2994,48 $;0,00 $;2994,48 $;0,00 $;240,00;625,00 $;3625,00 $;630,52 $;0,06%;
13/07/2022;1;67369,44 $;-230,52 $;0,00 $;-230,52 $;5,52 $;-15108,48 $;-230,52 $;0,00%;-230,52 $;0,00 $;-230,52 $;0,00 $;-230,52 $;60,00;1200,00 $;525,00 $;755,52 $;0,06%;
15/07/2022;2;70458,40 $;3088,96 $;3088,96 $;0,00 $;11,04 $;-14314,00 $;0,00 $;100,00%;1544,48 $;1544,48 $;0,00 $;2294,48 $;0,00 $;240,00;187,50 $;3050,00 $;1505,52 $;0,13%;
18/07/2022;1;71452,88 $;994,48 $;994,48 $;0,00 $;5,52 $;-11025,04 $;0,00 $;100,00%;994,48 $;994,48 $;0,00 $;994,48 $;0,00 $;240,00;400,00 $;1375,00 $;380,52 $;0,06%;
19/07/2022;1;75772,36 $;4319,48 $;4319,48 $;0,00 $;5,52 $;-6705,56 $;0,00 $;100,00%;4319,48 $;4319,48 $;0,00 $;4319,48 $;0,00 $;240,00;50,00 $;4325,00 $;5,52 $;0,06%;
21/07/2022;1;75116,84 $;-655,52 $;0,00 $;-655,52 $;5,52 $;-7361,08 $;-655,52 $;0,00%;-655,52 $;0,00 $;-655,52 $;0,00 $;-655,52 $;240,00;1550,00 $;1175,00 $;1830,52 $;0,06%;
22/07/2022;2;74255,80 $;-861,04 $;1819,48 $;-2680,52 $;11,04 $;-8222,12 $;-2680,52 $;50,00%;-430,52 $;1819,48 $;-2680,52 $;1819,48 $;-2680,52 $;540,00;1662,50 $;1875,00 $;2305,52 $;0,13%;
25/07/2022;1;70900,28 $;-3355,52 $;0,00 $;-3355,52 $;5,52 $;-11577,64 $;-3355,52 $;0,00%;-3355,52 $;0,00 $;-3355,52 $;0,00 $;-3355,52 $;240,00;3900,00 $;650,00 $;4005,52 $;0,06%;
27/07/2022;1;71844,76 $;944,48 $;944,48 $;0,00 $;5,52 $;-10633,16 $;0,00 $;100,00%;944,48 $;944,48 $;0,00 $;944,48 $;0,00 $;240,00;475,00 $;1750,00 $;805,52 $;0,06%;
28/07/2022;1;74864,24 $;3019,48 $;3019,48 $;0,00 $;5,52 $;-7613,68 $;0,00 $;100,00%;3019,48 $;3019,48 $;0,00 $;3019,48 $;0,00 $;240,00;900,00 $;3150,00 $;130,52 $;0,06%;
29/07/2022;2;77628,20 $;2763,96 $;2763,96 $;0,00 $;11,04 $;-6044,20 $;0,00 $;100,00%;1381,98 $;1381,98 $;0,00 $;1569,48 $;0,00 $;240,00;400,00 $;1825,00 $;443,02 $;0,13%;
01/08/2022;2;77017,16 $;-611,04 $;1044,48 $;-1655,52 $;11,04 $;-5460,76 $;-1655,52 $;50,00%;-305,52 $;1044,48 $;-1655,52 $;1044,48 $;-1655,52 $;660,00;1650,00 $;675,00 $;980,52 $;0,13%;
02/08/2022;1;76786,64 $;-230,52 $;0,00 $;-230,52 $;5,52 $;-5691,28 $;-230,52 $;0,00%;-230,52 $;0,00 $;-230,52 $;0,00 $;-230,52 $;240,00;700,00 $;1750,00 $;1980,52 $;0,06%;
03/08/2022;1;76881,12 $;94,48 $;94,48 $;0,00 $;5,52 $;-5596,80 $;0,00 $;100,00%;94,48 $;94,48 $;0,00 $;94,48 $;0,00 $;60,00;475,00 $;575,00 $;480,52 $;0,06%;
04/08/2022;2;76495,08 $;-386,04 $;744,48 $;-1130,52 $;11,04 $;-5982,84 $;-1130,52 $;50,00%;-193,02 $;744,48 $;-1130,52 $;744,48 $;-1130,52 $;540,00;1025,00 $;1300,00 $;1493,02 $;0,13%;
05/08/2022;1;76289,56 $;-205,52 $;0,00 $;-205,52 $;5,52 $;-6188,36 $;-205,52 $;0,00%;-205,52 $;0,00 $;-205,52 $;0,00 $;-205,52 $;240,00;1500,00 $;300,00 $;505,52 $;0,06%;
08/08/2022;2;77078,52 $;788,96 $;2644,48 $;-1855,52 $;11,04 $;-5399,40 $;-1855,52 $;50,00%;394,48 $;2644,48 $;-1855,52 $;2644,48 $;-1855,52 $;600,00;1262,50 $;1562,50 $;1168,02 $;0,13%;
10/08/2022;2;80867,48 $;3788,96 $;3788,96 $;0,00 $;11,04 $;-3004,92 $;0,00 $;100,00%;1894,48 $;1894,48 $;0,00 $;2394,48 $;0,00 $;240,00;762,50 $;2337,50 $;443,02 $;0,13%;
11/08/2022;2;80656,44 $;-211,04 $;719,48 $;-930,52 $;11,04 $;-1821,48 $;-930,52 $;50,00%;-105,52 $;719,48 $;-930,52 $;719,48 $;-930,52 $;540,00;1400,00 $;500,00 $;605,52 $;0,13%;
12/08/2022;1;82550,92 $;1894,48 $;1894,48 $;0,00 $;5,52 $;0,00 $;0,00 $;100,00%;1894,48 $;1894,48 $;0,00 $;1894,48 $;0,00 $;240,00;700,00 $;2125,00 $;230,52 $;0,06%;
16/08/2022;1;83320,40 $;769,48 $;769,48 $;0,00 $;5,52 $;0,00 $;0,00 $;100,00%;769,48 $;769,48 $;0,00 $;769,48 $;0,00 $;240,00;200,00 $;2050,00 $;1280,52 $;0,06%;
18/08/2022;1;83789,88 $;469,48 $;469,48 $;0,00 $;5,52 $;0,00 $;0,00 $;100,00%;469,48 $;469,48 $;0,00 $;469,48 $;0,00 $;240,00;75,00 $;2525,00 $;2055,52 $;0,06%;
23/08/2022;1;82884,36 $;-905,52 $;0,00 $;-905,52 $;5,52 $;-905,52 $;-905,52 $;0,00%;-905,52 $;0,00 $;-905,52 $;0,00 $;-905,52 $;240,00;1875,00 $;650,00 $;1555,52 $;0,06%;
24/08/2022;1;82778,84 $;-105,52 $;0,00 $;-105,52 $;5,52 $;-1011,04 $;-105,52 $;0,00%;-105,52 $;0,00 $;-105,52 $;0,00 $;-105,52 $;240,00;750,00 $;1250,00 $;1355,52 $;0,06%;
25/08/2022;2;83317,80 $;538,96 $;1819,48 $;-1280,52 $;11,04 $;-2291,56 $;-1280,52 $;50,00%;269,48 $;1819,48 $;-1280,52 $;1819,48 $;-1280,52 $;240,00;1637,50 $;1162,50 $;893,02 $;0,13%;
29/08/2022;1;84612,28 $;1294,48 $;1294,48 $;0,00 $;5,52 $;0,00 $;0,00 $;100,00%;1294,48 $;1294,48 $;0,00 $;1294,48 $;0,00 $;240,00;375,00 $;1575,00 $;280,52 $;0,06%;
30/08/2022;2;83601,24 $;-1011,04 $;2594,48 $;-3605,52 $;11,04 $;-3605,52 $;-3605,52 $;50,00%;-505,52 $;2594,48 $;-3605,52 $;2594,48 $;-3605,52 $;540,00;2350,00 $;1737,50 $;2243,02 $;0,13%;
31/08/2022;1;81895,72 $;-1705,52 $;0,00 $;-1705,52 $;5,52 $;-5311,04 $;-1705,52 $;0,00%;-1705,52 $;0,00 $;-1705,52 $;0,00 $;-1705,52 $;240,00;2600,00 $;1500,00 $;3205,52 $;0,06%;
02/09/2022;1;73440,20 $;-8455,52 $;0,00 $;-8455,52 $;5,52 $;-13766,56 $;-8455,52 $;0,00%;-8455,52 $;0,00 $;-8455,52 $;0,00 $;-8455,52 $;240,00;9250,00 $;875,00 $;9330,52 $;0,06%;
05/09/2022;1;73259,68 $;-180,52 $;0,00 $;-180,52 $;5,52 $;-13947,08 $;-180,52 $;0,00%;-180,52 $;0,00 $;-180,52 $;0,00 $;-180,52 $;180,00;175,00 $;575,00 $;755,52 $;0,06%;
06/09/2022;1;73779,16 $;519,48 $;519,48 $;0,00 $;5,52 $;-13427,60 $;0,00 $;100,00%;519,48 $;519,48 $;0,00 $;519,48 $;0,00 $;240,00;2825,00 $;900,00 $;380,52 $;0,06%;
07/09/2022;3;74487,60 $;708,44 $;2463,96 $;-1755,52 $;16,56 $;-15183,12 $;-1755,52 $;66,67%;236,15 $;1231,98 $;-1755,52 $;2269,48 $;-1755,52 $;240,00;1100,00 $;966,67 $;730,52 $;0,19%;
08/09/2022;2;69601,56 $;-4886,04 $;0,00 $;-4886,04 $;11,04 $;-17605,20 $;-4886,04 $;0,00%;-2443,02 $;0,00 $;-2443,02 $;0,00 $;-2505,52 $;720,00;3925,00 $;862,50 $;3305,52 $;0,13%;
09/09/2022;2;72090,52 $;2488,96 $;2488,96 $;0,00 $;11,04 $;-16060,72 $;0,00 $;100,00%;1244,48 $;1244,48 $;0,00 $;1544,48 $;0,00 $;240,00;362,50 $;1837,50 $;593,02 $;0,13%;
12/09/2022;3;75448,96 $;3358,44 $;3363,96 $;-5,52 $;16,56 $;-13596,76 $;-5,52 $;66,67%;1119,48 $;1681,98 $;-5,52 $;1844,48 $;-5,52 $;240,00;300,00 $;1725,00 $;605,52 $;0,19%;
13/09/2022;1;77818,44 $;2369,48 $;2369,48 $;0,00 $;5,52 $;-9388,32 $;0,00 $;100,00%;2369,48 $;2369,48 $;0,00 $;2369,48 $;0,00 $;240,00;625,00 $;2500,00 $;130,52 $;0,06%;
15/09/2022;1;75912,92 $;-1905,52 $;0,00 $;-1905,52 $;5,52 $;-11293,84 $;-1905,52 $;0,00%;-1905,52 $;0,00 $;-1905,52 $;0,00 $;-1905,52 $;240,00;2500,00 $;550,00 $;2455,52 $;0,06%;
19/09/2022;1;77732,40 $;1819,48 $;1819,48 $;0,00 $;5,52 $;-9474,36 $;0,00 $;100,00%;1819,48 $;1819,48 $;0,00 $;1819,48 $;0,00 $;240,00;675,00 $;2875,00 $;1055,52 $;0,06%;
21/09/2022;1;71951,88 $;-5780,52 $;0,00 $;-5780,52 $;5,52 $;-15254,88 $;-5780,52 $;0,00%;-5780,52 $;0,00 $;-5780,52 $;0,00 $;-5780,52 $;0,00;5775,00 $;200,00 $;5980,52 $;0,06%;
22/09/2022;1;68646,36 $;-3305,52 $;0,00 $;-3305,52 $;5,52 $;-18560,40 $;-3305,52 $;0,00%;-3305,52 $;0,00 $;-3305,52 $;0,00 $;-3305,52 $;240,00;4650,00 $;50,00 $;3355,52 $;0,06%;
26/09/2022;2;64385,32 $;-4261,04 $;0,00 $;-4261,04 $;11,04 $;-22821,44 $;-4261,04 $;0,00%;-2130,52 $;0,00 $;-2130,52 $;0,00 $;-3805,52 $;540,00;3750,00 $;700,00 $;2830,52 $;0,13%;
27/09/2022;1;63079,80 $;-1305,52 $;0,00 $;-1305,52 $;5,52 $;-24126,96 $;-1305,52 $;0,00%;-1305,52 $;0,00 $;-1305,52 $;0,00 $;-1305,52 $;240,00;3875,00 $;675,00 $;1980,52 $;0,06%;
28/09/2022;2;67193,76 $;4113,96 $;4113,96 $;0,00 $;11,04 $;-20782,48 $;0,00 $;100,00%;2056,98 $;2056,98 $;0,00 $;3344,48 $;0,00 $;240,00;437,50 $;2812,50 $;755,52 $;0,13%;
30/09/2022;2;63857,72 $;-3336,04 $;0,00 $;-3336,04 $;11,04 $;-23349,04 $;-3336,04 $;0,00%;-1668,02 $;0,00 $;-1668,02 $;0,00 $;-1930,52 $;540,00;2787,50 $;750,00 $;2418,02 $;0,13%;
03/10/2022;1;65127,20 $;1269,48 $;1269,48 $;0,00 $;5,52 $;-22079,56 $;0,00 $;100,00%;1269,48 $;1269,48 $;0,00 $;1269,48 $;0,00 $;240,00;950,00 $;2300,00 $;1030,52 $;0,06%;
04/10/2022;3;69810,64 $;4683,44 $;4683,44 $;0,00 $;16,56 $;-18810,08 $;0,00 $;100,00%;1561,15 $;1561,15 $;0,00 $;3269,48 $;0,00 $;240,00;458,33 $;2266,67 $;705,52 $;0,19%;
05/10/2022;1;69380,12 $;-430,52 $;0,00 $;-430,52 $;5,52 $;-17826,64 $;-430,52 $;0,00%;-430,52 $;0,00 $;-430,52 $;0,00 $;-430,52 $;0,00;850,00 $;1200,00 $;1630,52 $;0,06%;
07/10/2022;1;67024,60 $;-2355,52 $;0,00 $;-2355,52 $;5,52 $;-20182,16 $;-2355,52 $;0,00%;-2355,52 $;0,00 $;-2355,52 $;0,00 $;-2355,52 $;240,00;3475,00 $;875,00 $;3230,52 $;0,06%;
10/10/2022;1;67269,08 $;244,48 $;244,48 $;0,00 $;5,52 $;-19937,68 $;0,00 $;100,00%;244,48 $;244,48 $;0,00 $;244,48 $;0,00 $;240,00;2375,00 $;1275,00 $;1030,52 $;0,06%;
11/10/2022;1;65163,56 $;-2105,52 $;0,00 $;-2105,52 $;5,52 $;-22043,20 $;-2105,52 $;0,00%;-2105,52 $;0,00 $;-2105,52 $;0,00 $;-2105,52 $;180,00;3200,00 $;1175,00 $;3280,52 $;0,06%;
13/10/2022;2;64802,52 $;-361,04 $;1119,48 $;-1480,52 $;11,04 $;-23523,72 $;-1480,52 $;50,00%;-180,52 $;1119,48 $;-1480,52 $;1119,48 $;-1480,52 $;480,00;3675,00 $;2037,50 $;2218,02 $;0,13%;
14/10/2022;1;61447,00 $;-3355,52 $;0,00 $;-3355,52 $;5,52 $;-25759,76 $;-3355,52 $;0,00%;-3355,52 $;0,00 $;-3355,52 $;0,00 $;-3355,52 $;240,00;4750,00 $;0,00 $;3355,52 $;0,06%;
17/10/2022;1;60691,48 $;-755,52 $;0,00 $;-755,52 $;5,52 $;-26515,28 $;-755,52 $;0,00%;-755,52 $;0,00 $;-755,52 $;0,00 $;-755,52 $;240,00;1775,00 $;875,00 $;1630,52 $;0,06%;
18/10/2022;1;62060,96 $;1369,48 $;1369,48 $;0,00 $;5,52 $;-25145,80 $;0,00 $;100,00%;1369,48 $;1369,48 $;0,00 $;1369,48 $;0,00 $;240,00;150,00 $;3625,00 $;2255,52 $;0,06%;
20/10/2022;1;63530,44 $;1469,48 $;1469,48 $;0,00 $;5,52 $;-23676,32 $;0,00 $;100,00%;1469,48 $;1469,48 $;0,00 $;1469,48 $;0,00 $;240,00;300,00 $;3175,00 $;1705,52 $;0,06%;
21/10/2022;1;65224,92 $;1694,48 $;1694,48 $;0,00 $;5,52 $;-21981,84 $;0,00 $;100,00%;1694,48 $;1694,48 $;0,00 $;1694,48 $;0,00 $;240,00;2100,00 $;1775,00 $;80,52 $;0,06%;
24/10/2022;1;64069,40 $;-1155,52 $;0,00 $;-1155,52 $;5,52 $;-23137,36 $;-1155,52 $;0,00%;-1155,52 $;0,00 $;-1155,52 $;0,00 $;-1155,52 $;240,00;3925,00 $;525,00 $;1680,52 $;0,06%;
25/10/2022;1;65413,88 $;1344,48 $;1344,48 $;0,00 $;5,52 $;-21792,88 $;0,00 $;100,00%;1344,48 $;1344,48 $;0,00 $;1344,48 $;0,00 $;240,00;325,00 $;2325,00 $;980,52 $;0,06%;
26/10/2022;2;64752,84 $;-661,04 $;0,00 $;-661,04 $;11,04 $;-22453,92 $;-661,04 $;0,00%;-330,52 $;0,00 $;-330,52 $;0,00 $;-505,52 $;660,00;575,00 $;1450,00 $;1780,52 $;0,13%;
27/10/2022;1;65672,32 $;919,48 $;919,48 $;0,00 $;5,52 $;-21534,44 $;0,00 $;100,00%;919,48 $;919,48 $;0,00 $;919,48 $;0,00 $;240,00;225,00 $;2575,00 $;1655,52 $;0,06%;
28/10/2022;1;69191,80 $;3519,48 $;3519,48 $;0,00 $;5,52 $;-18014,96 $;0,00 $;100,00%;3519,48 $;3519,48 $;0,00 $;3519,48 $;0,00 $;240,00;425,00 $;3600,00 $;80,52 $;0,06%;
01/11/2022;1;69911,28 $;719,48 $;719,48 $;0,00 $;5,52 $;-17295,48 $;0,00 $;100,00%;719,48 $;719,48 $;0,00 $;719,48 $;0,00 $;240,00;175,00 $;1325,00 $;605,52 $;0,06%;
03/11/2022;1;70180,76 $;269,48 $;269,48 $;0,00 $;5,52 $;-17026,00 $;0,00 $;100,00%;269,48 $;269,48 $;0,00 $;269,48 $;0,00 $;240,00;1025,00 $;475,00 $;205,52 $;0,06%;
04/11/2022;2;73669,72 $;3488,96 $;3919,48 $;-430,52 $;11,04 $;-13537,04 $;-430,52 $;50,00%;1744,48 $;3919,48 $;-430,52 $;3919,48 $;-430,52 $;540,00;775,00 $;3237,50 $;1493,02 $;0,13%;
07/11/2022;1;72789,20 $;-880,52 $;0,00 $;-880,52 $;5,52 $;-14417,56 $;-880,52 $;0,00%;-880,52 $;0,00 $;-880,52 $;0,00 $;-880,52 $;240,00;1400,00 $;450,00 $;1330,52 $;0,06%;
08/11/2022;2;73628,16 $;838,96 $;869,48 $;-30,52 $;11,04 $;-13578,60 $;-30,52 $;50,00%;419,48 $;869,48 $;-30,52 $;869,48 $;-30,52 $;540,00;212,50 $;1600,00 $;1180,52 $;0,13%;
09/11/2022;1;71347,64 $;-2280,52 $;0,00 $;-2280,52 $;5,52 $;-15859,12 $;-2280,52 $;0,00%;-2280,52 $;0,00 $;-2280,52 $;0,00 $;-2280,52 $;180,00;2275,00 $;150,00 $;2430,52 $;0,06%;
10/11/2022;1;73167,12 $;1819,48 $;1819,48 $;0,00 $;5,52 $;-14039,64 $;0,00 $;100,00%;1819,48 $;1819,48 $;0,00 $;1819,48 $;0,00 $;240,00;875,00 $;3900,00 $;2080,52 $;0,06%;
11/11/2022;2;73556,08 $;388,96 $;1094,48 $;-705,52 $;11,04 $;-14745,16 $;-705,52 $;50,00%;194,48 $;1094,48 $;-705,52 $;1094,48 $;-705,52 $;240,00;1362,50 $;975,00 $;780,52 $;0,13%;
14/11/2022;2;71395,04 $;-2161,04 $;0,00 $;-2161,04 $;11,04 $;-15811,72 $;-2161,04 $;0,00%;-1080,52 $;0,00 $;-1080,52 $;0,00 $;-2030,52 $;360,00;1275,00 $;1650,00 $;2730,52 $;0,13%;
15/11/2022;2;72059,00 $;663,96 $;2119,48 $;-1455,52 $;11,04 $;-17267,24 $;-1455,52 $;50,00%;331,98 $;2119,48 $;-1455,52 $;2119,48 $;-1455,52 $;240,00;1350,00 $;1662,50 $;1330,52 $;0,13%;
17/11/2022;1;69178,48 $;-2880,52 $;0,00 $;-2880,52 $;5,52 $;-18028,28 $;-2880,52 $;0,00%;-2880,52 $;0,00 $;-2880,52 $;0,00 $;-2880,52 $;240,00;3050,00 $;225,00 $;3105,52 $;0,06%;
18/11/2022;2;69042,44 $;-136,04 $;719,48 $;-855,52 $;11,04 $;-18883,80 $;-855,52 $;50,00%;-68,02 $;719,48 $;-855,52 $;719,48 $;-855,52 $;540,00;1137,50 $;700,00 $;768,02 $;0,13%;
21/11/2022;1;68736,92 $;-305,52 $;0,00 $;-305,52 $;5,52 $;-18469,84 $;-305,52 $;0,00%;-305,52 $;0,00 $;-305,52 $;0,00 $;-305,52 $;240,00;1550,00 $;550,00 $;855,52 $;0,06%;
22/11/2022;2;68950,88 $;213,96 $;419,48 $;-205,52 $;11,04 $;-18675,36 $;-205,52 $;50,00%;106,98 $;419,48 $;-205,52 $;419,48 $;-205,52 $;240,00;812,50 $;1462,50 $;1355,52 $;0,13%;
23/11/2022;1;68695,36 $;-255,52 $;0,00 $;-255,52 $;5,52 $;-18511,40 $;-255,52 $;0,00%;-255,52 $;0,00 $;-255,52 $;0,00 $;-255,52 $;240,00;1325,00 $;425,00 $;680,52 $;0,06%;
24/11/2022;1;67414,84 $;-1280,52 $;0,00 $;-1280,52 $;5,52 $;-19791,92 $;-1280,52 $;0,00%;-1280,52 $;0,00 $;-1280,52 $;0,00 $;-1280,52 $;240,00;1900,00 $;250,00 $;1530,52 $;0,06%;
25/11/2022;1;66884,32 $;-530,52 $;0,00 $;-530,52 $;5,52 $;-20322,44 $;-530,52 $;0,00%;-530,52 $;0,00 $;-530,52 $;0,00 $;-530,52 $;240,00;850,00 $;225,00 $;755,52 $;0,06%;
29/11/2022;1;66453,80 $;-430,52 $;0,00 $;-430,52 $;5,52 $;-20752,96 $;-430,52 $;0,00%;-430,52 $;0,00 $;-430,52 $;0,00 $;-430,52 $;240,00;1700,00 $;300,00 $;730,52 $;0,06%;
30/11/2022;2;67167,76 $;713,96 $;1444,48 $;-730,52 $;11,04 $;-21483,48 $;-730,52 $;50,00%;356,98 $;1444,48 $;-730,52 $;1444,48 $;-730,52 $;240,00;862,50 $;787,50 $;430,52 $;0,13%;
01/12/2022;1;66462,24 $;-705,52 $;0,00 $;-705,52 $;5,52 $;-20744,52 $;-705,52 $;0,00%;-705,52 $;0,00 $;-705,52 $;0,00 $;-705,52 $;240,00;2400,00 $;400,00 $;1105,52 $;0,06%;
02/12/2022;2;68551,20 $;2088,96 $;2088,96 $;0,00 $;11,04 $;-19300,04 $;0,00 $;100,00%;1044,48 $;1044,48 $;0,00 $;1444,48 $;0,00 $;240,00;250,00 $;1325,00 $;280,52 $;0,13%;
06/12/2022;1;67370,68 $;-1180,52 $;0,00 $;-1180,52 $;5,52 $;-19836,08 $;-1180,52 $;0,00%;-1180,52 $;0,00 $;-1180,52 $;0,00 $;-1180,52 $;240,00;2750,00 $;150,00 $;1330,52 $;0,06%;
07/12/2022;2;65509,64 $;-1861,04 $;0,00 $;-1861,04 $;11,04 $;-21697,12 $;-1861,04 $;0,00%;-930,52 $;0,00 $;-930,52 $;0,00 $;-1855,52 $;540,00;2275,00 $;1025,00 $;1955,52 $;0,13%;
08/12/2022;1;66329,12 $;819,48 $;819,48 $;0,00 $;5,52 $;-20877,64 $;0,00 $;100,00%;819,48 $;819,48 $;0,00 $;819,48 $;0,00 $;240,00;150,00 $;1150,00 $;330,52 $;0,06%;
09/12/2022;2;66368,08 $;38,96 $;944,48 $;-905,52 $;11,04 $;-20838,68 $;-905,52 $;50,00%;19,48 $;944,48 $;-905,52 $;944,48 $;-905,52 $;600,00;1687,50 $;1237,50 $;1218,02 $;0,13%;
12/12/2022;1;65212,56 $;-1155,52 $;0,00 $;-1155,52 $;5,52 $;-21994,20 $;-1155,52 $;0,00%;-1155,52 $;0,00 $;-1155,52 $;0,00 $;-1155,52 $;240,00;1750,00 $;200,00 $;1355,52 $;0,06%;
13/12/2022;2;63951,52 $;-1261,04 $;2919,48 $;-4180,52 $;11,04 $;-23255,24 $;-4180,52 $;50,00%;-630,52 $;2919,48 $;-4180,52 $;2919,48 $;-4180,52 $;540,00;2537,50 $;2600,00 $;3230,52 $;0,13%;
14/12/2022;1;62446,00 $;-1505,52 $;0,00 $;-1505,52 $;5,52 $;-24760,76 $;-1505,52 $;0,00%;-1505,52 $;0,00 $;-1505,52 $;0,00 $;-1505,52 $;240,00;2550,00 $;900,00 $;2405,52 $;0,06%;
19/12/2022;1;62715,48 $;269,48 $;269,48 $;0,00 $;5,52 $;-24491,28 $;0,00 $;100,00%;269,48 $;269,48 $;0,00 $;269,48 $;0,00 $;240,00;550,00 $;1300,00 $;1030,52 $;0,06%;
20/12/2022;1;63184,96 $;469,48 $;469,48 $;0,00 $;5,52 $;-24021,80 $;0,00 $;100,00%;469,48 $;469,48 $;0,00 $;469,48 $;0,00 $;180,00;150,00 $;1125,00 $;655,52 $;0,06%;
21/12/2022;2;63798,92 $;613,96 $;769,48 $;-155,52 $;11,04 $;-23407,84 $;-155,52 $;50,00%;306,98 $;769,48 $;-155,52 $;769,48 $;-155,52 $;660,00;312,50 $;637,50 $;330,52 $;0,13%;
23/12/2022;2;64087,88 $;288,96 $;344,48 $;-55,52 $;11,04 $;-23463,36 $;-55,52 $;50,00%;144,48 $;344,48 $;-55,52 $;344,48 $;-55,52 $;240,00;837,50 $;775,00 $;630,52 $;0,13%;
28/12/2022;1;63357,36 $;-730,52 $;0,00 $;-730,52 $;5,52 $;-23849,40 $;-730,52 $;0,00%;-730,52 $;0,00 $;-730,52 $;0,00 $;-730,52 $;240,00;950,00 $;675,00 $;1405,52 $;0,06%;
29/12/2022;2;65721,32 $;2363,96 $;2363,96 $;0,00 $;11,04 $;-22554,92 $;0,00 $;100,00%;1181,98 $;1181,98 $;0,00 $;1294,48 $;0,00 $;240,00;200,00 $;1500,00 $;318,02 $;0,13%;
03/01/2023;2;62710,28 $;-3011,04 $;0,00 $;-3011,04 $;11,04 $;-24496,48 $;-3011,04 $;0,00%;-1505,52 $;0,00 $;-1505,52 $;0,00 $;-1530,52 $;540,00;2887,50 $;387,50 $;1893,02 $;0,13%;
04/01/2023;2;64299,24 $;1588,96 $;1588,96 $;0,00 $;11,04 $;-23377,00 $;0,00 $;100,00%;794,48 $;794,48 $;0,00 $;1119,48 $;0,00 $;240,00;1275,00 $;1450,00 $;655,52 $;0,13%;
05/01/2023;1;63943,72 $;-355,52 $;0,00 $;-355,52 $;5,52 $;-23263,04 $;-355,52 $;0,00%;-355,52 $;0,00 $;-355,52 $;0,00 $;-355,52 $;60,00;725,00 $;400,00 $;755,52 $;0,06%;
06/01/2023;1;68313,20 $;4369,48 $;4369,48 $;0,00 $;5,52 $;-18893,56 $;0,00 $;100,00%;4369,48 $;4369,48 $;0,00 $;4369,48 $;0,00 $;240,00;0,00 $;4425,00 $;55,52 $;0,06%;
09/01/2023;2;68827,16 $;513,96 $;1969,48 $;-1455,52 $;11,04 $;-18379,60 $;-1455,52 $;50,00%;256,98 $;1969,48 $;-1455,52 $;1969,48 $;-1455,52 $;420,00;1150,00 $;1425,00 $;1168,02 $;0,13%;
10/01/2023;1;70421,64 $;1594,48 $;1594,48 $;0,00 $;5,52 $;-16785,12 $;0,00 $;100,00%;1594,48 $;1594,48 $;0,00 $;1594,48 $;0,00 $;240,00;200,00 $;1675,00 $;80,52 $;0,06%;
11/01/2023;2;72660,60 $;2238,96 $;2238,96 $;0,00 $;11,04 $;-16115,64 $;0,00 $;100,00%;1119,48 $;1119,48 $;0,00 $;1569,48 $;0,00 $;240,00;200,00 $;1337,50 $;218,02 $;0,13%;
12/01/2023;3;73869,04 $;1208,44 $;1813,96 $;-605,52 $;16,56 $;-13376,68 $;-605,52 $;66,67%;402,81 $;906,98 $;-605,52 $;1169,48 $;-605,52 $;240,00;1375,00 $;966,67 $;563,85 $;0,19%;
13/01/2023;1;74413,52 $;544,48 $;544,48 $;0,00 $;5,52 $;-12793,24 $;0,00 $;100,00%;544,48 $;544,48 $;0,00 $;544,48 $;0,00 $;240,00;550,00 $;800,00 $;255,52 $;0,06%;
16/01/2023;1;74583,00 $;169,48 $;169,48 $;0,00 $;5,52 $;-12623,76 $;0,00 $;100,00%;169,48 $;169,48 $;0,00 $;169,48 $;0,00 $;240,00;250,00 $;725,00 $;555,52 $;0,06%;
17/01/2023;1;76402,48 $;1819,48 $;1819,48 $;0,00 $;5,52 $;-10804,28 $;0,00 $;100,00%;1819,48 $;1819,48 $;0,00 $;1819,48 $;0,00 $;240,00;250,00 $;3700,00 $;1880,52 $;0,06%;
18/01/2023;2;75641,44 $;-761,04 $;694,48 $;-1455,52 $;11,04 $;-11565,32 $;-1455,52 $;50,00%;-380,52 $;694,48 $;-1455,52 $;694,48 $;-1455,52 $;600,00;1437,50 $;537,50 $;918,02 $;0,13%;
19/01/2023;1;75435,92 $;-205,52 $;0,00 $;-205,52 $;5,52 $;-11770,84 $;-205,52 $;0,00%;-205,52 $;0,00 $;-205,52 $;0,00 $;-205,52 $;0,00;325,00 $;225,00 $;430,52 $;0,06%;
20/01/2023;2;77174,88 $;1738,96 $;1738,96 $;0,00 $;11,04 $;-11726,36 $;0,00 $;100,00%;869,48 $;869,48 $;0,00 $;1694,48 $;0,00 $;240,00;575,00 $;1100,00 $;230,52 $;0,13%;
23/01/2023;2;77363,84 $;188,96 $;369,48 $;-180,52 $;11,04 $;-10212,40 $;-180,52 $;50,00%;94,48 $;369,48 $;-180,52 $;369,48 $;-180,52 $;240,00;912,50 $;650,00 $;555,52 $;0,13%;
24/01/2023;2;76002,80 $;-1361,04 $;19,48 $;-1380,52 $;11,04 $;-11223,44 $;-1380,52 $;50,00%;-680,52 $;19,48 $;-1380,52 $;19,48 $;-1380,52 $;660,00;1362,50 $;250,00 $;930,52 $;0,13%;
25/01/2023;1;77097,28 $;1094,48 $;1094,48 $;0,00 $;5,52 $;-10109,48 $;0,00 $;100,00%;1094,48 $;1094,48 $;0,00 $;1094,48 $;0,00 $;180,00;375,00 $;1125,00 $;30,52 $;0,06%;
27/01/2023;1;76066,76 $;-1030,52 $;0,00 $;-1030,52 $;5,52 $;-11140,00 $;-1030,52 $;0,00%;-1030,52 $;0,00 $;-1030,52 $;0,00 $;-1030,52 $;240,00;1100,00 $;1000,00 $;2030,52 $;0,06%;
31/01/2023;1;76936,24 $;869,48 $;869,48 $;0,00 $;5,52 $;-10270,52 $;0,00 $;100,00%;869,48 $;869,48 $;0,00 $;869,48 $;0,00 $;240,00;775,00 $;1100,00 $;230,52 $;0,06%;
01/02/2023;2;76900,20 $;-36,04 $;969,48 $;-1005,52 $;11,04 $;-10306,56 $;-1005,52 $;50,00%;-18,02 $;969,48 $;-1005,52 $;969,48 $;-1005,52 $;540,00;1375,00 $;987,50 $;1005,52 $;0,13%;
02/02/2023;1;78044,68 $;1144,48 $;1144,48 $;0,00 $;5,52 $;-9162,08 $;0,00 $;100,00%;1144,48 $;1144,48 $;0,00 $;1144,48 $;0,00 $;240,00;1550,00 $;1550,00 $;405,52 $;0,06%;
07/02/2023;1;76664,16 $;-1380,52 $;0,00 $;-1380,52 $;5,52 $;-10542,60 $;-1380,52 $;0,00%;-1380,52 $;0,00 $;-1380,52 $;0,00 $;-1380,52 $;240,00;1725,00 $;400,00 $;1780,52 $;0,06%;
08/02/2023;1;77233,64 $;569,48 $;569,48 $;0,00 $;5,52 $;-9973,12 $;0,00 $;100,00%;569,48 $;569,48 $;0,00 $;569,48 $;0,00 $;240,00;50,00 $;1450,00 $;880,52 $;0,06%;
09/02/2023;2;75597,60 $;-1636,04 $;569,48 $;-2205,52 $;11,04 $;-11609,16 $;-2205,52 $;50,00%;-818,02 $;569,48 $;-2205,52 $;569,48 $;-2205,52 $;540,00;1637,50 $;1062,50 $;1880,52 $;0,13%;
13/02/2023;3;77306,04 $;1708,44 $;1708,44 $;0,00 $;16,56 $;-10914,68 $;0,00 $;100,00%;569,48 $;569,48 $;0,00 $;994,48 $;0,00 $;240,00;575,00 $;741,67 $;172,19 $;0,19%;
14/02/2023;1;78100,52 $;794,48 $;794,48 $;0,00 $;5,52 $;-9106,24 $;0,00 $;100,00%;794,48 $;794,48 $;0,00 $;794,48 $;0,00 $;240,00;700,00 $;1250,00 $;455,52 $;0,06%;
16/02/2023;2;76939,48 $;-1161,04 $;194,48 $;-1355,52 $;11,04 $;-10267,28 $;-1355,52 $;50,00%;-580,52 $;194,48 $;-1355,52 $;194,48 $;-1355,52 $;660,00;900,00 $;900,00 $;1480,52 $;0,13%;
17/02/2023;1;78083,96 $;1144,48 $;1144,48 $;0,00 $;5,52 $;-9122,80 $;0,00 $;100,00%;1144,48 $;1144,48 $;0,00 $;1144,48 $;0,00 $;240,00;50,00 $;1775,00 $;630,52 $;0,06%;
22/02/2023;1;78728,44 $;644,48 $;644,48 $;0,00 $;5,52 $;-8478,32 $;0,00 $;100,00%;644,48 $;644,48 $;0,00 $;644,48 $;0,00 $;240,00;1375,00 $;825,00 $;180,52 $;0,06%;
23/02/2023;1;79447,92 $;719,48 $;719,48 $;0,00 $;5,52 $;-7758,84 $;0,00 $;100,00%;719,48 $;719,48 $;0,00 $;719,48 $;0,00 $;240,00;1250,00 $;875,00 $;155,52 $;0,06%;
27/02/2023;2;79661,88 $;213,96 $;1044,48 $;-830,52 $;11,04 $;-7544,88 $;-830,52 $;50,00%;106,98 $;1044,48 $;-830,52 $;1044,48 $;-830,52 $;600,00;1125,00 $;850,00 $;743,02 $;0,13%;
28/02/2023;1;78481,36 $;-1180,52 $;0,00 $;-1180,52 $;5,52 $;-8725,40 $;-1180,52 $;0,00%;-1180,52 $;0,00 $;-1180,52 $;0,00 $;-1180,52 $;240,00;2025,00 $;50,00 $;1230,52 $;0,06%;
01/03/2023;1;79250,84 $;769,48 $;769,48 $;0,00 $;5,52 $;-7955,92 $;0,00 $;100,00%;769,48 $;769,48 $;0,00 $;769,48 $;0,00 $;240,00;700,00 $;1300,00 $;530,52 $;0,06%;
02/03/2023;1;80595,32 $;1344,48 $;1344,48 $;0,00 $;5,52 $;-6611,44 $;0,00 $;100,00%;1344,48 $;1344,48 $;0,00 $;1344,48 $;0,00 $;240,00;300,00 $;1850,00 $;505,52 $;0,06%;
03/03/2023;3;87378,76 $;6783,44 $;6783,44 $;0,00 $;16,56 $;-3441,96 $;0,00 $;100,00%;2261,15 $;2261,15 $;0,00 $;3469,48 $;0,00 $;240,00;150,00 $;2450,00 $;188,85 $;0,19%;
06/03/2023;1;86998,24 $;-380,52 $;0,00 $;-380,52 $;5,52 $;-380,52 $;-380,52 $;0,00%;-380,52 $;0,00 $;-380,52 $;0,00 $;-380,52 $;240,00;650,00 $;200,00 $;580,52 $;0,06%;
07/03/2023;1;86517,72 $;-480,52 $;0,00 $;-480,52 $;5,52 $;-861,04 $;-480,52 $;0,00%;-480,52 $;0,00 $;-480,52 $;0,00 $;-480,52 $;240,00;475,00 $;750,00 $;1230,52 $;0,06%;
08/03/2023;1;87587,20 $;1069,48 $;1069,48 $;0,00 $;5,52 $;0,00 $;0,00 $;100,00%;1069,48 $;1069,48 $;0,00 $;1069,48 $;0,00 $;240,00;650,00 $;1850,00 $;780,52 $;0,06%;
09/03/2023;1;85406,68 $;-2180,52 $;0,00 $;-2180,52 $;5,52 $;-2180,52 $;-2180,52 $;0,00%;-2180,52 $;0,00 $;-2180,52 $;0,00 $;-2180,52 $;240,00;2450,00 $;600,00 $;2780,52 $;0,06%;
10/03/2023;1;82201,16 $;-3205,52 $;0,00 $;-3205,52 $;5,52 $;-5386,04 $;-3205,52 $;0,00%;-3205,52 $;0,00 $;-3205,52 $;0,00 $;-3205,52 $;240,00;3750,00 $;425,00 $;3630,52 $;0,06%;
14/03/2023;2;85540,12 $;3338,96 $;3444,48 $;-105,52 $;11,04 $;-2047,08 $;-105,52 $;50,00%;1669,48 $;3444,48 $;-105,52 $;3444,48 $;-105,52 $;480,00;1225,00 $;2375,00 $;705,52 $;0,13%;
16/03/2023;1;87934,60 $;2394,48 $;2394,48 $;0,00 $;5,52 $;0,00 $;0,00 $;100,00%;2394,48 $;2394,48 $;0,00 $;2394,48 $;0,00 $;240,00;4450,00 $;3800,00 $;1405,52 $;0,06%;
20/03/2023;2;92373,56 $;4438,96 $;4438,96 $;0,00 $;11,04 $;0,00 $;0,00 $;100,00%;2219,48 $;2219,48 $;0,00 $;3619,48 $;0,00 $;240,00;425,00 $;2350,00 $;130,52 $;0,13%;
21/03/2023;1;91068,04 $;-1305,52 $;0,00 $;-1305,52 $;5,52 $;-1305,52 $;-1305,52 $;0,00%;-1305,52 $;0,00 $;-1305,52 $;0,00 $;-1305,52 $;240,00;1750,00 $;475,00 $;1780,52 $;0,06%;
22/03/2023;1;90162,52 $;-905,52 $;0,00 $;-905,52 $;5,52 $;-2211,04 $;-905,52 $;0,00%;-905,52 $;0,00 $;-905,52 $;0,00 $;-905,52 $;240,00;1975,00 $;625,00 $;1530,52 $;0,06%;
23/03/2023;1;89282,00 $;-880,52 $;0,00 $;-880,52 $;5,52 $;-3091,56 $;-880,52 $;0,00%;-880,52 $;0,00 $;-880,52 $;0,00 $;-880,52 $;180,00;4225,00 $;125,00 $;1005,52 $;0,06%;
27/03/2023;2;92320,96 $;3038,96 $;3038,96 $;0,00 $;11,04 $;-1397,08 $;0,00 $;100,00%;1519,48 $;1519,48 $;0,00 $;1694,48 $;0,00 $;240,00;387,50 $;1787,50 $;268,02 $;0,13%;
29/03/2023;2;95659,92 $;3338,96 $;3338,96 $;0,00 $;11,04 $;0,00 $;0,00 $;100,00%;1669,48 $;1669,48 $;0,00 $;1819,48 $;0,00 $;240,00;300,00 $;1912,50 $;243,02 $;0,13%;
30/03/2023;3;97943,36 $;2283,44 $;2283,44 $;0,00 $;16,56 $;0,00 $;0,00 $;100,00%;761,15 $;761,15 $;0,00 $;894,48 $;0,00 $;240,00;216,67 $;1233,33 $;472,19 $;0,19%;
31/03/2023;2;99732,32 $;1788,96 $;1788,96 $;0,00 $;11,04 $;0,00 $;0,00 $;100,00%;894,48 $;894,48 $;0,00 $;1694,48 $;0,00 $;240,00;175,00 $;1487,50 $;593,02 $;0,13%;
04/04/2023;2;100546,28 $;813,96 $;2544,48 $;-1730,52 $;11,04 $;-1730,52 $;-1730,52 $;50,00%;406,98 $;2544,48 $;-1730,52 $;2544,48 $;-1730,52 $;600,00;1212,50 $;1762,50 $;1355,52 $;0,13%;
17/04/2023;1;100515,76 $;-30,52 $;0,00 $;-30,52 $;5,52 $;-1761,04 $;-30,52 $;0,00%;-30,52 $;0,00 $;-30,52 $;0,00 $;-30,52 $;240,00;775,00 $;375,00 $;405,52 $;0,06%;
18/04/2023;2;101629,72 $;1113,96 $;1944,48 $;-830,52 $;11,04 $;-830,52 $;-830,52 $;50,00%;556,98 $;1944,48 $;-830,52 $;1944,48 $;-830,52 $;540,00;862,50 $;1087,50 $;530,52 $;0,13%;
19/04/2023;1;102699,20 $;1069,48 $;1069,48 $;0,00 $;5,52 $;0,00 $;0,00 $;100,00%;1069,48 $;1069,48 $;0,00 $;1069,48 $;0,00 $;240,00;75,00 $;1325,00 $;255,52 $;0,06%;
20/04/2023;1;102718,68 $;19,48 $;19,48 $;0,00 $;5,52 $;0,00 $;0,00 $;100,00%;19,48 $;19,48 $;0,00 $;19,48 $;0,00 $;180,00;675,00 $;775,00 $;755,52 $;0,06%;
21/04/2023;1;105238,16 $;2519,48 $;2519,48 $;0,00 $;5,52 $;0,00 $;0,00 $;100,00%;2519,48 $;2519,48 $;0,00 $;2519,48 $;0,00 $;240,00;0,00 $;2800,00 $;280,52 $;0,06%;
24/04/2023;2;105002,12 $;-236,04 $;594,48 $;-830,52 $;11,04 $;-830,52 $;-830,52 $;50,00%;-118,02 $;594,48 $;-830,52 $;594,48 $;-830,52 $;600,00;1137,50 $;387,50 $;505,52 $;0,13%;
25/04/2023;1;103421,60 $;-1580,52 $;0,00 $;-1580,52 $;5,52 $;-2411,04 $;-1580,52 $;0,00%;-1580,52 $;0,00 $;-1580,52 $;0,00 $;-1580,52 $;240,00;1825,00 $;925,00 $;2505,52 $;0,06%;
26/04/2023;1;103041,08 $;-380,52 $;0,00 $;-380,52 $;5,52 $;-2791,56 $;-380,52 $;0,00%;-380,52 $;0,00 $;-380,52 $;0,00 $;-380,52 $;240,00;1125,00 $;750,00 $;1130,52 $;0,06%;
27/04/2023;2;102680,04 $;-361,04 $;69,48 $;-430,52 $;11,04 $;-3222,08 $;-430,52 $;50,00%;-180,52 $;69,48 $;-430,52 $;69,48 $;-430,52 $;420,00;787,50 $;612,50 $;793,02 $;0,13%;
28/04/2023;1;104749,52 $;2069,48 $;2069,48 $;0,00 $;5,52 $;-1083,12 $;0,00 $;100,00%;2069,48 $;2069,48 $;0,00 $;2069,48 $;0,00 $;240,00;150,00 $;2550,00 $;480,52 $;0,06%;
03/05/2023;2;105513,48 $;763,96 $;763,96 $;0,00 $;11,04 $;-888,64 $;0,00 $;100,00%;381,98 $;381,98 $;0,00 $;569,48 $;0,00 $;240,00;500,00 $;1262,50 $;880,52 $;0,13%;
04/05/2023;1;105082,96 $;-430,52 $;0,00 $;-430,52 $;5,52 $;-749,68 $;-430,52 $;0,00%;-430,52 $;0,00 $;-430,52 $;0,00 $;-430,52 $;120,00;525,00 $;750,00 $;1180,52 $;0,06%;
05/05/2023;1;106402,44 $;1319,48 $;1319,48 $;0,00 $;5,52 $;0,00 $;0,00 $;100,00%;1319,48 $;1319,48 $;0,00 $;1319,48 $;0,00 $;240,00;150,00 $;1550,00 $;230,52 $;0,06%;
08/05/2023;1;105596,92 $;-805,52 $;0,00 $;-805,52 $;5,52 $;-805,52 $;-805,52 $;0,00%;-805,52 $;0,00 $;-805,52 $;0,00 $;-805,52 $;240,00;925,00 $;725,00 $;1530,52 $;0,06%;
09/05/2023;1;106091,40 $;494,48 $;494,48 $;0,00 $;5,52 $;-311,04 $;0,00 $;100,00%;494,48 $;494,48 $;0,00 $;494,48 $;0,00 $;240,00;100,00 $;750,00 $;255,52 $;0,06%;
12/05/2023;2;105105,36 $;-986,04 $;0,00 $;-986,04 $;11,04 $;-1297,08 $;-986,04 $;0,00%;-493,02 $;0,00 $;-493,02 $;0,00 $;-605,52 $;540,00;900,00 $;300,00 $;793,02 $;0,13%;
15/05/2023;1;105074,84 $;-30,52 $;0,00 $;-30,52 $;5,52 $;-1327,60 $;-30,52 $;0,00%;-30,52 $;0,00 $;-30,52 $;0,00 $;-30,52 $;240,00;400,00 $;525,00 $;555,52 $;0,06%;
16/05/2023;1;104794,32 $;-280,52 $;0,00 $;-280,52 $;5,52 $;-1608,12 $;-280,52 $;0,00%;-280,52 $;0,00 $;-280,52 $;0,00 $;-280,52 $;240,00;950,00 $;175,00 $;455,52 $;0,06%;
17/05/2023;1;104463,80 $;-330,52 $;0,00 $;-330,52 $;5,52 $;-1938,64 $;-330,52 $;0,00%;-330,52 $;0,00 $;-330,52 $;0,00 $;-330,52 $;240,00;500,00 $;1000,00 $;1330,52 $;0,06%;
18/05/2023;1;102233,28 $;-2230,52 $;0,00 $;-2230,52 $;5,52 $;-4169,16 $;-2230,52 $;0,00%;-2230,52 $;0,00 $;-2230,52 $;0,00 $;-2230,52 $;240,00;2500,00 $;725,00 $;2955,52 $;0,06%;
19/05/2023;2;103597,24 $;1363,96 $;1363,96 $;0,00 $;11,04 $;-3149,68 $;0,00 $;100,00%;681,98 $;681,98 $;0,00 $;1019,48 $;0,00 $;240,00;400,00 $;1000,00 $;318,02 $;0,13%;
22/05/2023;1;103341,72 $;-255,52 $;0,00 $;-255,52 $;5,52 $;-3060,72 $;-255,52 $;0,00%;-255,52 $;0,00 $;-255,52 $;0,00 $;-255,52 $;0,00;475,00 $;50,00 $;305,52 $;0,06%;
26/05/2023;1;108061,20 $;4719,48 $;4719,48 $;0,00 $;5,52 $;0,00 $;0,00 $;100,00%;4719,48 $;4719,48 $;0,00 $;4719,48 $;0,00 $;240,00;50,00 $;4900,00 $;180,52 $;0,06%;
30/05/2023;2;106700,16 $;-1361,04 $;1019,48 $;-2380,52 $;11,04 $;-2380,52 $;-2380,52 $;50,00%;-680,52 $;1019,48 $;-2380,52 $;1019,48 $;-2380,52 $;540,00;1812,50 $;1075,00 $;1755,52 $;0,13%;
01/06/2023;2;108289,12 $;1588,96 $;1588,96 $;0,00 $;11,04 $;-886,04 $;0,00 $;100,00%;794,48 $;794,48 $;0,00 $;1494,48 $;0,00 $;240,00;1112,50 $;1087,50 $;293,02 $;0,13%;
02/06/2023;1;108083,60 $;-205,52 $;0,00 $;-205,52 $;5,52 $;-997,08 $;-205,52 $;0,00%;-205,52 $;0,00 $;-205,52 $;0,00 $;-205,52 $;240,00;1325,00 $;875,00 $;1080,52 $;0,06%;
05/06/2023;1;105803,08 $;-2280,52 $;0,00 $;-2280,52 $;5,52 $;-3277,60 $;-2280,52 $;0,00%;-2280,52 $;0,00 $;-2280,52 $;0,00 $;-2280,52 $;240,00;3800,00 $;100,00 $;2380,52 $;0,06%;
06/06/2023;1;106372,56 $;569,48 $;569,48 $;0,00 $;5,52 $;-2708,12 $;0,00 $;100,00%;569,48 $;569,48 $;0,00 $;569,48 $;0,00 $;180,00;575,00 $;650,00 $;80,52 $;0,06%;
08/06/2023;2;106686,52 $;313,96 $;313,96 $;0,00 $;11,04 $;-2688,64 $;0,00 $;100,00%;156,98 $;156,98 $;0,00 $;294,48 $;0,00 $;240,00;350,00 $;637,50 $;480,52 $;0,13%;
12/06/2023;1;106881,00 $;194,48 $;194,48 $;0,00 $;5,52 $;-2199,68 $;0,00 $;100,00%;194,48 $;194,48 $;0,00 $;194,48 $;0,00 $;240,00;1425,00 $;450,00 $;255,52 $;0,06%;
13/06/2023;1;108150,48 $;1269,48 $;1269,48 $;0,00 $;5,52 $;-930,20 $;0,00 $;100,00%;1269,48 $;1269,48 $;0,00 $;1269,48 $;0,00 $;240,00;225,00 $;1300,00 $;30,52 $;0,06%;
14/06/2023;2;107189,44 $;-961,04 $;0,00 $;-961,04 $;11,04 $;-1891,24 $;-961,04 $;0,00%;-480,52 $;0,00 $;-480,52 $;0,00 $;-580,52 $;540,00;525,00 $;762,50 $;1243,02 $;0,13%;
15/06/2023;1;108558,92 $;1369,48 $;1369,48 $;0,00 $;5,52 $;-521,76 $;0,00 $;100,00%;1369,48 $;1369,48 $;0,00 $;1369,48 $;0,00 $;240,00;300,00 $;1425,00 $;55,52 $;0,06%;
16/06/2023;2;108622,88 $;63,96 $;919,48 $;-855,52 $;11,04 $;-855,52 $;-855,52 $;50,00%;31,98 $;919,48 $;-855,52 $;919,48 $;-855,52 $;540,00;700,00 $;1462,50 $;1430,52 $;0,13%;
20/06/2023;1;108467,36 $;-155,52 $;0,00 $;-155,52 $;5,52 $;-1011,04 $;-155,52 $;0,00%;-155,52 $;0,00 $;-155,52 $;0,00 $;-155,52 $;60,00;200,00 $;275,00 $;430,52 $;0,06%;
21/06/2023;1;105861,84 $;-2605,52 $;0,00 $;-2605,52 $;5,52 $;-3616,56 $;-2605,52 $;0,00%;-2605,52 $;0,00 $;-2605,52 $;0,00 $;-2605,52 $;240,00;2750,00 $;350,00 $;2955,52 $;0,06%;
26/06/2023;1;105331,32 $;-530,52 $;0,00 $;-530,52 $;5,52 $;-4147,08 $;-530,52 $;0,00%;-530,52 $;0,00 $;-530,52 $;0,00 $;-530,52 $;240,00;1225,00 $;50,00 $;580,52 $;0,06%;
27/06/2023;1;106975,80 $;1644,48 $;1644,48 $;0,00 $;5,52 $;-2502,60 $;0,00 $;100,00%;1644,48 $;1644,48 $;0,00 $;1644,48 $;0,00 $;240,00;325,00 $;1925,00 $;280,52 $;0,06%;
28/06/2023;1;106420,28 $;-555,52 $;0,00 $;-555,52 $;5,52 $;-3058,12 $;-555,52 $;0,00%;-555,52 $;0,00 $;-555,52 $;0,00 $;-555,52 $;240,00;700,00 $;475,00 $;1030,52 $;0,06%;
29/06/2023;1;105514,76 $;-905,52 $;0,00 $;-905,52 $;5,52 $;-3963,64 $;-905,52 $;0,00%;-905,52 $;0,00 $;-905,52 $;0,00 $;-905,52 $;240,00;1775,00 $;200,00 $;1105,52 $;0,06%;
30/06/2023;2;108678,72 $;3163,96 $;3163,96 $;0,00 $;11,04 $;-1319,16 $;0,00 $;100,00%;1581,98 $;1581,98 $;0,00 $;2644,48 $;0,00 $;240,00;350,00 $;1812,50 $;230,52 $;0,13%;
07/07/2023;2;111092,68 $;2413,96 $;2413,96 $;0,00 $;11,04 $;0,00 $;0,00 $;100,00%;1206,98 $;1206,98 $;0,00 $;1519,48 $;0,00 $;240,00;400,00 $;2400,00 $;1193,02 $;0,13%;
10/07/2023;1;110237,16 $;-855,52 $;0,00 $;-855,52 $;5,52 $;-855,52 $;-855,52 $;0,00%;-855,52 $;0,00 $;-855,52 $;0,00 $;-855,52 $;240,00;1325,00 $;750,00 $;1605,52 $;0,06%;
11/07/2023;2;112701,12 $;2463,96 $;2463,96 $;0,00 $;11,04 $;0,00 $;0,00 $;100,00%;1231,98 $;1231,98 $;0,00 $;1694,48 $;0,00 $;240,00;562,50 $;1350,00 $;118,02 $;0,13%;
12/07/2023;2;114915,08 $;2213,96 $;2213,96 $;0,00 $;11,04 $;0,00 $;0,00 $;100,00%;1106,98 $;1106,98 $;0,00 $;1744,48 $;0,00 $;240,00;212,50 $;1550,00 $;443,02 $;0,13%;
13/07/2023;2;116929,04 $;2013,96 $;2013,96 $;0,00 $;11,04 $;0,00 $;0,00 $;100,00%;1006,98 $;1006,98 $;0,00 $;1894,48 $;0,00 $;240,00;487,50 $;1112,50 $;105,52 $;0,13%;
14/07/2023;1;115523,52 $;-1405,52 $;0,00 $;-1405,52 $;5,52 $;-1405,52 $;-1405,52 $;0,00%;-1405,52 $;0,00 $;-1405,52 $;0,00 $;-1405,52 $;240,00;1650,00 $;250,00 $;1655,52 $;0,06%;
18/07/2023;1;116393,00 $;869,48 $;869,48 $;0,00 $;5,52 $;-536,04 $;0,00 $;100,00%;869,48 $;869,48 $;0,00 $;869,48 $;0,00 $;240,00;50,00 $;1350,00 $;480,52 $;0,06%;
20/07/2023;1;118037,48 $;1644,48 $;1644,48 $;0,00 $;5,52 $;0,00 $;0,00 $;100,00%;1644,48 $;1644,48 $;0,00 $;1644,48 $;0,00 $;240,00;200,00 $;1650,00 $;5,52 $;0,06%;
21/07/2023;1;119206,96 $;1169,48 $;1169,48 $;0,00 $;5,52 $;0,00 $;0,00 $;100,00%;1169,48 $;1169,48 $;0,00 $;1169,48 $;0,00 $;240,00;200,00 $;1225,00 $;55,52 $;0,06%;
24/07/2023;1;118651,44 $;-555,52 $;0,00 $;-555,52 $;5,52 $;-555,52 $;-555,52 $;0,00%;-555,52 $;0,00 $;-555,52 $;0,00 $;-555,52 $;240,00;800,00 $;775,00 $;1330,52 $;0,06%;
25/07/2023;2;119190,40 $;538,96 $;538,96 $;0,00 $;11,04 $;-461,04 $;0,00 $;100,00%;269,48 $;269,48 $;0,00 $;444,48 $;0,00 $;240,00;300,00 $;750,00 $;480,52 $;0,13%;
26/07/2023;1;119084,88 $;-105,52 $;0,00 $;-105,52 $;5,52 $;-122,08 $;-105,52 $;0,00%;-105,52 $;0,00 $;-105,52 $;0,00 $;-105,52 $;180,00;1075,00 $;1000,00 $;1105,52 $;0,06%;
27/07/2023;2;117748,84 $;-1336,04 $;1494,48 $;-2830,52 $;11,04 $;-2830,52 $;-2830,52 $;50,00%;-668,02 $;1494,48 $;-2830,52 $;1494,48 $;-2830,52 $;600,00;2137,50 $;962,50 $;1630,52 $;0,13%;
28/07/2023;1;118268,32 $;519,48 $;519,48 $;0,00 $;5,52 $;-2311,04 $;0,00 $;100,00%;519,48 $;519,48 $;0,00 $;519,48 $;0,00 $;240,00;675,00 $;1075,00 $;555,52 $;0,06%;
31/07/2023;1;116912,80 $;-1355,52 $;0,00 $;-1355,52 $;5,52 $;-3666,56 $;-1355,52 $;0,00%;-1355,52 $;0,00 $;-1355,52 $;0,00 $;-1355,52 $;240,00;1475,00 $;550,00 $;1905,52 $;0,06%;
03/08/2023;1;116832,28 $;-80,52 $;0,00 $;-80,52 $;5,52 $;-3747,08 $;-80,52 $;0,00%;-80,52 $;0,00 $;-80,52 $;0,00 $;-80,52 $;180,00;325,00 $;1025,00 $;1105,52 $;0,06%;
04/08/2023;1;114501,76 $;-2330,52 $;0,00 $;-2330,52 $;5,52 $;-6077,60 $;-2330,52 $;0,00%;-2330,52 $;0,00 $;-2330,52 $;0,00 $;-2330,52 $;240,00;2500,00 $;500,00 $;2830,52 $;0,06%;
07/08/2023;1;115371,24 $;869,48 $;869,48 $;0,00 $;5,52 $;-5208,12 $;0,00 $;100,00%;869,48 $;869,48 $;0,00 $;869,48 $;0,00 $;240,00;1425,00 $;900,00 $;30,52 $;0,06%;
10/08/2023;1;113740,72 $;-1630,52 $;0,00 $;-1630,52 $;5,52 $;-6838,64 $;-1630,52 $;0,00%;-1630,52 $;0,00 $;-1630,52 $;0,00 $;-1630,52 $;240,00;1625,00 $;300,00 $;1930,52 $;0,06%;
14/08/2023;2;113304,68 $;-436,04 $;519,48 $;-955,52 $;11,04 $;-7794,16 $;-955,52 $;50,00%;-218,02 $;519,48 $;-955,52 $;519,48 $;-955,52 $;600,00;1100,00 $;575,00 $;793,02 $;0,13%;
16/08/2023;2;112568,64 $;-736,04 $;344,48 $;-1080,52 $;11,04 $;-8010,72 $;-1080,52 $;50,00%;-368,02 $;344,48 $;-1080,52 $;344,48 $;-1080,52 $;660,00;1075,00 $;475,00 $;843,02 $;0,13%;
17/08/2023;1;110588,12 $;-1980,52 $;0,00 $;-1980,52 $;5,52 $;-9991,24 $;-1980,52 $;0,00%;-1980,52 $;0,00 $;-1980,52 $;0,00 $;-1980,52 $;240,00;2750,00 $;425,00 $;2405,52 $;0,06%;
18/08/2023;1;111057,60 $;469,48 $;469,48 $;0,00 $;5,52 $;-9521,76 $;0,00 $;100,00%;469,48 $;469,48 $;0,00 $;469,48 $;0,00 $;240,00;300,00 $;825,00 $;355,52 $;0,06%;
21/08/2023;1;110102,08 $;-955,52 $;0,00 $;-955,52 $;5,52 $;-10477,28 $;-955,52 $;0,00%;-955,52 $;0,00 $;-955,52 $;0,00 $;-955,52 $;240,00;1900,00 $;0,00 $;955,52 $;0,06%;
22/08/2023;1;110896,56 $;794,48 $;794,48 $;0,00 $;5,52 $;-9682,80 $;0,00 $;100,00%;794,48 $;794,48 $;0,00 $;794,48 $;0,00 $;240,00;575,00 $;975,00 $;180,52 $;0,06%;
23/08/2023;2;108885,52 $;-2011,04 $;194,48 $;-2205,52 $;11,04 $;-11888,32 $;-2205,52 $;50,00%;-1005,52 $;194,48 $;-2205,52 $;194,48 $;-2205,52 $;600,00;1462,50 $;712,50 $;1718,02 $;0,13%;
24/08/2023;1;106630,00 $;-2255,52 $;0,00 $;-2255,52 $;5,52 $;-13949,36 $;-2255,52 $;0,00%;-2255,52 $;0,00 $;-2255,52 $;0,00 $;-2255,52 $;240,00;2525,00 $;700,00 $;2955,52 $;0,06%;
25/08/2023;2;107668,96 $;1038,96 $;1494,48 $;-455,52 $;11,04 $;-12910,40 $;-455,52 $;50,00%;519,48 $;1494,48 $;-455,52 $;1494,48 $;-455,52 $;540,00;1212,50 $;1575,00 $;1055,52 $;0,13%;
28/08/2023;1;107738,44 $;69,48 $;69,48 $;0,00 $;5,52 $;-12840,92 $;0,00 $;100,00%;69,48 $;69,48 $;0,00 $;69,48 $;0,00 $;240,00;550,00 $;1025,00 $;955,52 $;0,06%;
29/08/2023;1;108682,92 $;944,48 $;944,48 $;0,00 $;5,52 $;-11896,44 $;0,00 $;100,00%;944,48 $;944,48 $;0,00 $;944,48 $;0,00 $;240,00;100,00 $;1125,00 $;180,52 $;0,06%;
30/08/2023;1;107552,40 $;-1130,52 $;0,00 $;-1130,52 $;5,52 $;-13026,96 $;-1130,52 $;0,00%;-1130,52 $;0,00 $;-1130,52 $;0,00 $;-1130,52 $;240,00;1850,00 $;200,00 $;1330,52 $;0,06%;
31/08/2023;1;107996,88 $;444,48 $;444,48 $;0,00 $;5,52 $;-12582,48 $;0,00 $;100,00%;444,48 $;444,48 $;0,00 $;444,48 $;0,00 $;240,00;775,00 $;1175,00 $;730,52 $;0,06%;
05/09/2023;1;107416,36 $;-580,52 $;0,00 $;-580,52 $;5,52 $;-13163,00 $;-580,52 $;0,00%;-580,52 $;0,00 $;-580,52 $;0,00 $;-580,52 $;240,00;925,00 $;225,00 $;805,52 $;0,06%;
06/09/2023;1;106585,84 $;-830,52 $;0,00 $;-830,52 $;5,52 $;-13993,52 $;-830,52 $;0,00%;-830,52 $;0,00 $;-830,52 $;0,00 $;-830,52 $;240,00;1500,00 $;675,00 $;1505,52 $;0,06%;
07/09/2023;1;105930,32 $;-655,52 $;0,00 $;-655,52 $;5,52 $;-14649,04 $;-655,52 $;0,00%;-655,52 $;0,00 $;-655,52 $;0,00 $;-655,52 $;240,00;925,00 $;1600,00 $;2255,52 $;0,06%;
08/09/2023;1;106174,80 $;244,48 $;244,48 $;0,00 $;5,52 $;-14404,56 $;0,00 $;100,00%;244,48 $;244,48 $;0,00 $;244,48 $;0,00 $;240,00;0,00 $;850,00 $;605,52 $;0,06%;
11/09/2023;2;105163,76 $;-1011,04 $;619,48 $;-1630,52 $;11,04 $;-16035,08 $;-1630,52 $;50,00%;-505,52 $;619,48 $;-1630,52 $;619,48 $;-1630,52 $;540,00;1275,00 $;550,00 $;1055,52 $;0,13%;
13/09/2023;1;103758,24 $;-1405,52 $;0,00 $;-1405,52 $;5,52 $;-16821,12 $;-1405,52 $;0,00%;-1405,52 $;0,00 $;-1405,52 $;0,00 $;-1405,52 $;240,00;1750,00 $;175,00 $;1580,52 $;0,06%;
14/09/2023;1;104902,72 $;1144,48 $;1144,48 $;0,00 $;5,52 $;-15676,64 $;0,00 $;100,00%;1144,48 $;1144,48 $;0,00 $;1144,48 $;0,00 $;240,00;125,00 $;1250,00 $;105,52 $;0,06%;
15/09/2023;1;104397,20 $;-505,52 $;0,00 $;-505,52 $;5,52 $;-16182,16 $;-505,52 $;0,00%;-505,52 $;0,00 $;-505,52 $;0,00 $;-505,52 $;240,00;1225,00 $;450,00 $;955,52 $;0,06%;
20/09/2023;2;105061,16 $;663,96 $;944,48 $;-280,52 $;11,04 $;-15518,20 $;-280,52 $;50,00%;331,98 $;944,48 $;-280,52 $;944,48 $;-280,52 $;540,00;487,50 $;1037,50 $;705,52 $;0,13%;
22/09/2023;1;104855,64 $;-205,52 $;0,00 $;-205,52 $;5,52 $;-15723,72 $;-205,52 $;0,00%;-205,52 $;0,00 $;-205,52 $;0,00 $;-205,52 $;240,00;850,00 $;1000,00 $;1205,52 $;0,06%;
25/09/2023;1;105150,12 $;294,48 $;294,48 $;0,00 $;5,52 $;-15429,24 $;0,00 $;100,00%;294,48 $;294,48 $;0,00 $;294,48 $;0,00 $;0,00;325,00 $;450,00 $;155,52 $;0,06%;
27/09/2023;2;102564,08 $;-2586,04 $;0,00 $;-2586,04 $;11,04 $;-18015,28 $;-2586,04 $;0,00%;-1293,02 $;0,00 $;-1293,02 $;0,00 $;-2255,52 $;540,00;2100,00 $;587,50 $;1880,52 $;0,13%;
28/09/2023;2;104153,04 $;1588,96 $;1588,96 $;0,00 $;11,04 $;-16495,80 $;0,00 $;100,00%;794,48 $;794,48 $;0,00 $;1519,48 $;0,00 $;240,00;700,00 $;1075,00 $;280,52 $;0,13%;
29/09/2023;2;101042,00 $;-3111,04 $;994,48 $;-4105,52 $;11,04 $;-19537,36 $;-4105,52 $;50,00%;-1555,52 $;994,48 $;-4105,52 $;994,48 $;-4105,52 $;600,00;2200,00 $;987,50 $;2543,02 $;0,13%;
04/10/2023;2;101730,96 $;688,96 $;688,96 $;0,00 $;11,04 $;-19317,88 $;0,00 $;100,00%;344,48 $;344,48 $;0,00 $;469,48 $;0,00 $;240,00;1562,50 $;962,50 $;618,02 $;0,13%;
05/10/2023;1;100700,44 $;-1030,52 $;0,00 $;-1030,52 $;5,52 $;-19878,92 $;-1030,52 $;0,00%;-1030,52 $;0,00 $;-1030,52 $;0,00 $;-1030,52 $;240,00;1150,00 $;1000,00 $;2030,52 $;0,06%;
06/10/2023;1;104019,92 $;3319,48 $;3319,48 $;0,00 $;5,52 $;-16559,44 $;0,00 $;100,00%;3319,48 $;3319,48 $;0,00 $;3319,48 $;0,00 $;240,00;125,00 $;3575,00 $;255,52 $;0,06%;
09/10/2023;1;103964,40 $;-55,52 $;0,00 $;-55,52 $;5,52 $;-16614,96 $;-55,52 $;0,00%;-55,52 $;0,00 $;-55,52 $;0,00 $;-55,52 $;0,00;325,00 $;125,00 $;180,52 $;0,06%;
10/10/2023;2;103928,36 $;-36,04 $;344,48 $;-380,52 $;11,04 $;-16651,00 $;-380,52 $;50,00%;-18,02 $;344,48 $;-380,52 $;344,48 $;-380,52 $;540,00;1000,00 $;387,50 $;405,52 $;0,13%;
11/10/2023;1;105497,84 $;1569,48 $;1569,48 $;0,00 $;5,52 $;-15081,52 $;0,00 $;100,00%;1569,48 $;1569,48 $;0,00 $;1569,48 $;0,00 $;240,00;175,00 $;1675,00 $;105,52 $;0,06%;
12/10/2023;1;106442,32 $;944,48 $;944,48 $;0,00 $;5,52 $;-14137,04 $;0,00 $;100,00%;944,48 $;944,48 $;0,00 $;944,48 $;0,00 $;240,00;175,00 $;1800,00 $;855,52 $;0,06%;
16/10/2023;1;107336,80 $;894,48 $;894,48 $;0,00 $;5,52 $;-13242,56 $;0,00 $;100,00%;894,48 $;894,48 $;0,00 $;894,48 $;0,00 $;240,00;375,00 $;1725,00 $;830,52 $;0,06%;
19/10/2023;1;106831,28 $;-505,52 $;0,00 $;-505,52 $;5,52 $;-13748,08 $;-505,52 $;0,00%;-505,52 $;0,00 $;-505,52 $;0,00 $;-505,52 $;240,00;1200,00 $;625,00 $;1130,52 $;0,06%;
23/10/2023;1;105675,76 $;-1155,52 $;0,00 $;-1155,52 $;5,52 $;-14903,60 $;-1155,52 $;0,00%;-1155,52 $;0,00 $;-1155,52 $;0,00 $;-1155,52 $;180,00;1350,00 $;775,00 $;1930,52 $;0,06%;
24/10/2023;1;106595,24 $;919,48 $;919,48 $;0,00 $;5,52 $;-13984,12 $;0,00 $;100,00%;919,48 $;919,48 $;0,00 $;919,48 $;0,00 $;240,00;1100,00 $;1600,00 $;680,52 $;0,06%;
25/10/2023;1;105364,72 $;-1230,52 $;0,00 $;-1230,52 $;5,52 $;-15214,64 $;-1230,52 $;0,00%;-1230,52 $;0,00 $;-1230,52 $;0,00 $;-1230,52 $;240,00;1650,00 $;1500,00 $;2730,52 $;0,06%;
26/10/2023;1;103934,20 $;-1430,52 $;0,00 $;-1430,52 $;5,52 $;-16645,16 $;-1430,52 $;0,00%;-1430,52 $;0,00 $;-1430,52 $;0,00 $;-1430,52 $;0,00;1550,00 $;200,00 $;1630,52 $;0,06%;
27/10/2023;1;101828,68 $;-2105,52 $;0,00 $;-2105,52 $;5,52 $;-18750,68 $;-2105,52 $;0,00%;-2105,52 $;0,00 $;-2105,52 $;0,00 $;-2105,52 $;240,00;2575,00 $;875,00 $;2980,52 $;0,06%;
31/10/2023;1;101848,16 $;19,48 $;19,48 $;0,00 $;5,52 $;-18731,20 $;0,00 $;100,00%;19,48 $;19,48 $;0,00 $;19,48 $;0,00 $;60,00;350,00 $;175,00 $;155,52 $;0,06%;
01/11/2023;1;102817,64 $;969,48 $;969,48 $;0,00 $;5,52 $;-17761,72 $;0,00 $;100,00%;969,48 $;969,48 $;0,00 $;969,48 $;0,00 $;240,00;1150,00 $;1125,00 $;155,52 $;0,06%;
02/11/2023;1;103262,12 $;444,48 $;444,48 $;0,00 $;5,52 $;-17317,24 $;0,00 $;100,00%;444,48 $;444,48 $;0,00 $;444,48 $;0,00 $;240,00;1275,00 $;900,00 $;455,52 $;0,06%;
03/11/2023;1;101481,60 $;-1780,52 $;0,00 $;-1780,52 $;5,52 $;-19097,76 $;-1780,52 $;0,00%;-1780,52 $;0,00 $;-1780,52 $;0,00 $;-1780,52 $;240,00;2200,00 $;300,00 $;2080,52 $;0,06%;
07/11/2023;1;101526,08 $;44,48 $;44,48 $;0,00 $;5,52 $;-19053,28 $;0,00 $;100,00%;44,48 $;44,48 $;0,00 $;44,48 $;0,00 $;180,00;425,00 $;275,00 $;230,52 $;0,06%;
08/11/2023;2;103015,04 $;1488,96 $;1488,96 $;0,00 $;11,04 $;-18633,80 $;0,00 $;100,00%;744,48 $;744,48 $;0,00 $;1069,48 $;0,00 $;240,00;112,50 $;1987,50 $;1243,02 $;0,13%;
09/11/2023;1;103684,52 $;669,48 $;669,48 $;0,00 $;5,52 $;-16894,84 $;0,00 $;100,00%;669,48 $;669,48 $;0,00 $;669,48 $;0,00 $;240,00;975,00 $;1025,00 $;355,52 $;0,06%;
10/11/2023;1;105529,00 $;1844,48 $;1844,48 $;0,00 $;5,52 $;-15050,36 $;0,00 $;100,00%;1844,48 $;1844,48 $;0,00 $;1844,48 $;0,00 $;180,00;25,00 $;1950,00 $;105,52 $;0,06%;
13/11/2023;2;104317,96 $;-1211,04 $;0,00 $;-1211,04 $;11,04 $;-16261,40 $;-1211,04 $;0,00%;-605,52 $;0,00 $;-605,52 $;0,00 $;-1130,52 $;660,00;900,00 $;500,00 $;1105,52 $;0,13%;
14/11/2023;1;105612,44 $;1294,48 $;1294,48 $;0,00 $;5,52 $;-14966,92 $;0,00 $;100,00%;1294,48 $;1294,48 $;0,00 $;1294,48 $;0,00 $;240,00;350,00 $;2100,00 $;805,52 $;0,06%;
15/11/2023;2;106651,40 $;1038,96 $;1038,96 $;0,00 $;11,04 $;-14147,44 $;0,00 $;100,00%;519,48 $;519,48 $;0,00 $;819,48 $;0,00 $;240,00;312,50 $;1212,50 $;693,02 $;0,13%;
16/11/2023;2;107415,36 $;763,96 $;844,48 $;-80,52 $;11,04 $;-13164,00 $;-80,52 $;50,00%;381,98 $;844,48 $;-80,52 $;844,48 $;-80,52 $;540,00;562,50 $;887,50 $;505,52 $;0,13%;
17/11/2023;2;109429,32 $;2013,96 $;2013,96 $;0,00 $;11,04 $;-11769,52 $;0,00 $;100,00%;1006,98 $;1006,98 $;0,00 $;1394,48 $;0,00 $;240,00;75,00 $;1637,50 $;630,52 $;0,13%;
20/11/2023;1;110023,80 $;594,48 $;594,48 $;0,00 $;5,52 $;-10555,56 $;0,00 $;100,00%;594,48 $;594,48 $;0,00 $;594,48 $;0,00 $;180,00;200,00 $;900,00 $;305,52 $;0,06%;
21/11/2023;1;109468,28 $;-555,52 $;0,00 $;-555,52 $;5,52 $;-11111,08 $;-555,52 $;0,00%;-555,52 $;0,00 $;-555,52 $;0,00 $;-555,52 $;240,00;575,00 $;400,00 $;955,52 $;0,06%;
22/11/2023;1;109212,76 $;-255,52 $;0,00 $;-255,52 $;5,52 $;-11366,60 $;-255,52 $;0,00%;-255,52 $;0,00 $;-255,52 $;0,00 $;-255,52 $;240,00;650,00 $;500,00 $;755,52 $;0,06%;
23/11/2023;2;109601,72 $;388,96 $;388,96 $;0,00 $;11,04 $;-11022,12 $;0,00 $;100,00%;194,48 $;194,48 $;0,00 $;344,48 $;0,00 $;240,00;300,00 $;450,00 $;255,52 $;0,13%;
24/11/2023;2;109740,68 $;138,96 $;269,48 $;-130,52 $;11,04 $;-10838,68 $;-130,52 $;50,00%;69,48 $;269,48 $;-130,52 $;269,48 $;-130,52 $;480,00;412,50 $;337,50 $;268,02 $;0,13%;
28/11/2023;1;110410,16 $;669,48 $;669,48 $;0,00 $;5,52 $;-10169,20 $;0,00 $;100,00%;669,48 $;669,48 $;0,00 $;669,48 $;0,00 $;240,00;425,00 $;1250,00 $;580,52 $;0,06%;
29/11/2023;2;110374,12 $;-36,04 $;294,48 $;-330,52 $;11,04 $;-10205,24 $;-330,52 $;50,00%;-18,02 $;294,48 $;-330,52 $;294,48 $;-330,52 $;600,00;812,50 $;512,50 $;530,52 $;0,13%;
30/11/2023;1;110043,60 $;-330,52 $;0,00 $;-330,52 $;5,52 $;-10535,76 $;-330,52 $;0,00%;-330,52 $;0,00 $;-330,52 $;0,00 $;-330,52 $;240,00;900,00 $;125,00 $;455,52 $;0,06%;
01/12/2023;2;111607,56 $;1563,96 $;2419,48 $;-855,52 $;11,04 $;-11391,28 $;-855,52 $;50,00%;781,98 $;2419,48 $;-855,52 $;2419,48 $;-855,52 $;240,00;500,00 $;1512,50 $;730,52 $;0,13%;
04/12/2023;1;111727,04 $;119,48 $;119,48 $;0,00 $;5,52 $;-8852,32 $;0,00 $;100,00%;119,48 $;119,48 $;0,00 $;119,48 $;0,00 $;240,00;150,00 $;550,00 $;430,52 $;0,06%;
05/12/2023;1;113696,52 $;1969,48 $;1969,48 $;0,00 $;5,52 $;-6882,84 $;0,00 $;100,00%;1969,48 $;1969,48 $;0,00 $;1969,48 $;0,00 $;240,00;25,00 $;2400,00 $;430,52 $;0,06%;
06/12/2023;2;115060,48 $;1363,96 $;1363,96 $;0,00 $;11,04 $;-5788,36 $;0,00 $;100,00%;681,98 $;681,98 $;0,00 $;1094,48 $;0,00 $;240,00;275,00 $;1675,00 $;993,02 $;0,13%;
07/12/2023;1;115554,96 $;494,48 $;494,48 $;0,00 $;5,52 $;-5024,40 $;0,00 $;100,00%;494,48 $;494,48 $;0,00 $;494,48 $;0,00 $;240,00;550,00 $;575,00 $;80,52 $;0,06%;
08/12/2023;1;117099,44 $;1544,48 $;1544,48 $;0,00 $;5,52 $;-3479,92 $;0,00 $;100,00%;1544,48 $;1544,48 $;0,00 $;1544,48 $;0,00 $;240,00;25,00 $;1750,00 $;205,52 $;0,06%;
11/12/2023;2;118263,40 $;1163,96 $;1163,96 $;0,00 $;11,04 $;-2385,44 $;0,00 $;100,00%;581,98 $;581,98 $;0,00 $;1094,48 $;0,00 $;240,00;125,00 $;737,50 $;155,52 $;0,13%;
13/12/2023;2;117677,36 $;-586,04 $;0,00 $;-586,04 $;11,04 $;-2902,00 $;-586,04 $;0,00%;-293,02 $;0,00 $;-293,02 $;0,00 $;-505,52 $;480,00;1087,50 $;300,00 $;593,02 $;0,13%;
14/12/2023;1;115371,84 $;-2305,52 $;0,00 $;-2305,52 $;5,52 $;-5207,52 $;-2305,52 $;0,00%;-2305,52 $;0,00 $;-2305,52 $;0,00 $;-2305,52 $;240,00;2300,00 $;1475,00 $;3780,52 $;0,06%;
15/12/2023;1;111991,32 $;-3380,52 $;0,00 $;-3380,52 $;5,52 $;-8588,04 $;-3380,52 $;0,00%;-3380,52 $;0,00 $;-3380,52 $;0,00 $;-3380,52 $;240,00;3875,00 $;625,00 $;4005,52 $;0,06%;
19/12/2023;2;113380,28 $;1388,96 $;1388,96 $;0,00 $;11,04 $;-7818,56 $;0,00 $;100,00%;694,48 $;694,48 $;0,00 $;769,48 $;0,00 $;240,00;175,00 $;750,00 $;55,52 $;0,13%;
21/12/2023;1;113549,76 $;169,48 $;169,48 $;0,00 $;5,52 $;-7029,60 $;0,00 $;100,00%;169,48 $;169,48 $;0,00 $;169,48 $;0,00 $;240,00;625,00 $;600,00 $;430,52 $;0,06%;
22/12/2023;1;114419,24 $;869,48 $;869,48 $;0,00 $;5,52 $;-6160,12 $;0,00 $;100,00%;869,48 $;869,48 $;0,00 $;869,48 $;0,00 $;240,00;125,00 $;1425,00 $;555,52 $;0,06%;
27/12/2023;2;114808,20 $;388,96 $;388,96 $;0,00 $;11,04 $;-5990,64 $;0,00 $;100,00%;194,48 $;194,48 $;0,00 $;219,48 $;0,00 $;240,00;200,00 $;912,50 $;718,02 $;0,13%;
29/12/2023;1;115127,68 $;319,48 $;319,48 $;0,00 $;5,52 $;-5451,68 $;0,00 $;100,00%;319,48 $;319,48 $;0,00 $;319,48 $;0,00 $;240,00;1700,00 $;400,00 $;80,52 $;0,06%;
04/01/2024;2;113841,64 $;-1286,04 $;0,00 $;-1286,04 $;11,04 $;-6737,72 $;-1286,04 $;0,00%;-643,02 $;0,00 $;-643,02 $;0,00 $;-755,52 $;660,00;1325,00 $;487,50 $;1130,52 $;0,13%;
05/01/2024;1;112211,12 $;-1630,52 $;0,00 $;-1630,52 $;5,52 $;-8368,24 $;-1630,52 $;0,00%;-1630,52 $;0,00 $;-1630,52 $;0,00 $;-1630,52 $;240,00;1775,00 $;50,00 $;1680,52 $;0,06%;
08/01/2024;2;116475,08 $;4263,96 $;4263,96 $;0,00 $;11,04 $;-5673,76 $;0,00 $;100,00%;2131,98 $;2131,98 $;0,00 $;2694,48 $;0,00 $;240,00;412,50 $;2187,50 $;55,52 $;0,13%;
10/01/2024;1;115819,56 $;-655,52 $;0,00 $;-655,52 $;5,52 $;-4759,80 $;-655,52 $;0,00%;-655,52 $;0,00 $;-655,52 $;0,00 $;-655,52 $;240,00;1000,00 $;1475,00 $;2130,52 $;0,06%;
12/01/2024;1;116039,04 $;219,48 $;219,48 $;0,00 $;5,52 $;-4540,32 $;0,00 $;100,00%;219,48 $;219,48 $;0,00 $;219,48 $;0,00 $;240,00;1175,00 $;350,00 $;130,52 $;0,06%;
17/01/2024;1;116508,52 $;469,48 $;469,48 $;0,00 $;5,52 $;-4070,84 $;0,00 $;100,00%;469,48 $;469,48 $;0,00 $;469,48 $;0,00 $;120,00;700,00 $;650,00 $;180,52 $;0,06%;
18/01/2024;2;118597,48 $;2088,96 $;2088,96 $;0,00 $;11,04 $;-2851,36 $;0,00 $;100,00%;1044,48 $;1044,48 $;0,00 $;1219,48 $;0,00 $;240,00;337,50 $;1287,50 $;243,02 $;0,13%;
19/01/2024;1;118266,96 $;-330,52 $;0,00 $;-330,52 $;5,52 $;-2312,40 $;-330,52 $;0,00%;-330,52 $;0,00 $;-330,52 $;0,00 $;-330,52 $;240,00;975,00 $;475,00 $;805,52 $;0,06%;
22/01/2024;2;117405,92 $;-861,04 $;119,48 $;-980,52 $;11,04 $;-3292,92 $;-980,52 $;50,00%;-430,52 $;119,48 $;-980,52 $;119,48 $;-980,52 $;600,00;800,00 $;437,50 $;868,02 $;0,13%;
24/01/2024;2;120244,88 $;2838,96 $;2838,96 $;0,00 $;11,04 $;-1103,96 $;0,00 $;100,00%;1419,48 $;1419,48 $;0,00 $;2069,48 $;0,00 $;240,00;450,00 $;1587,50 $;168,02 $;0,13%;
25/01/2024;1;119789,36 $;-455,52 $;0,00 $;-455,52 $;5,52 $;-790,00 $;-455,52 $;0,00%;-455,52 $;0,00 $;-455,52 $;0,00 $;-455,52 $;240,00;675,00 $;450,00 $;905,52 $;0,06%;
26/01/2024;2;120103,32 $;313,96 $;313,96 $;0,00 $;11,04 $;-570,52 $;0,00 $;100,00%;156,98 $;156,98 $;0,00 $;219,48 $;0,00 $;240,00;400,00 $;550,00 $;393,02 $;0,13%;
29/01/2024;1;120322,80 $;219,48 $;219,48 $;0,00 $;5,52 $;-256,56 $;0,00 $;100,00%;219,48 $;219,48 $;0,00 $;219,48 $;0,00 $;240,00;375,00 $;675,00 $;455,52 $;0,06%;
30/01/2024;1;119667,28 $;-655,52 $;0,00 $;-655,52 $;5,52 $;-912,08 $;-655,52 $;0,00%;-655,52 $;0,00 $;-655,52 $;0,00 $;-655,52 $;240,00;1450,00 $;300,00 $;955,52 $;0,06%;
31/01/2024;1;119286,76 $;-380,52 $;0,00 $;-380,52 $;5,52 $;-1292,60 $;-380,52 $;0,00%;-380,52 $;0,00 $;-380,52 $;0,00 $;-380,52 $;240,00;1475,00 $;25,00 $;405,52 $;0,06%;
01/02/2024;1;120181,24 $;894,48 $;894,48 $;0,00 $;5,52 $;-398,12 $;0,00 $;100,00%;894,48 $;894,48 $;0,00 $;894,48 $;0,00 $;240,00;1325,00 $;1250,00 $;355,52 $;0,06%;
05/02/2024;1;120050,72 $;-130,52 $;0,00 $;-130,52 $;5,52 $;-528,64 $;-130,52 $;0,00%;-130,52 $;0,00 $;-130,52 $;0,00 $;-130,52 $;120,00;225,00 $;550,00 $;680,52 $;0,06%;
06/02/2024;2;122889,68 $;2838,96 $;2838,96 $;0,00 $;11,04 $;0,00 $;0,00 $;100,00%;1419,48 $;1419,48 $;0,00 $;2394,48 $;0,00 $;240,00;212,50 $;1825,00 $;405,52 $;0,13%;
07/02/2024;1;122609,16 $;-280,52 $;0,00 $;-280,52 $;5,52 $;-280,52 $;-280,52 $;0,00%;-280,52 $;0,00 $;-280,52 $;0,00 $;-280,52 $;240,00;1425,00 $;0,00 $;280,52 $;0,06%;
08/02/2024;1;122403,64 $;-205,52 $;0,00 $;-205,52 $;5,52 $;-486,04 $;-205,52 $;0,00%;-205,52 $;0,00 $;-205,52 $;0,00 $;-205,52 $;240,00;550,00 $;75,00 $;280,52 $;0,06%;
12/02/2024;2;122192,60 $;-211,04 $;494,48 $;-705,52 $;11,04 $;-705,52 $;-705,52 $;50,00%;-105,52 $;494,48 $;-705,52 $;494,48 $;-705,52 $;660,00;550,00 $;725,00 $;830,52 $;0,13%;
14/02/2024;1;122462,08 $;269,48 $;269,48 $;0,00 $;5,52 $;-436,04 $;0,00 $;100,00%;269,48 $;269,48 $;0,00 $;269,48 $;0,00 $;240,00;1100,00 $;475,00 $;205,52 $;0,06%;
15/02/2024;3;122545,52 $;83,44 $;1213,96 $;-1130,52 $;16,56 $;-1566,56 $;-1130,52 $;66,67%;27,81 $;606,98 $;-1130,52 $;1144,48 $;-1130,52 $;240,00;733,33 $;533,33 $;505,52 $;0,19%;
16/02/2024;1;121965,00 $;-580,52 $;0,00 $;-580,52 $;5,52 $;-933,12 $;-580,52 $;0,00%;-580,52 $;0,00 $;-580,52 $;0,00 $;-580,52 $;240,00;2125,00 $;200,00 $;780,52 $;0,06%;
20/02/2024;1;121809,48 $;-155,52 $;0,00 $;-155,52 $;5,52 $;-1088,64 $;-155,52 $;0,00%;-155,52 $;0,00 $;-155,52 $;0,00 $;-155,52 $;240,00;1175,00 $;175,00 $;330,52 $;0,06%;
21/02/2024;1;121728,96 $;-80,52 $;0,00 $;-80,52 $;5,52 $;-1169,16 $;-80,52 $;0,00%;-80,52 $;0,00 $;-80,52 $;0,00 $;-80,52 $;240,00;1100,00 $;750,00 $;830,52 $;0,06%;
22/02/2024;2;123217,92 $;1488,96 $;1488,96 $;0,00 $;11,04 $;-574,68 $;0,00 $;100,00%;744,48 $;744,48 $;0,00 $;894,48 $;0,00 $;240,00;750,00 $;1387,50 $;643,02 $;0,13%;
23/02/2024;1;123137,40 $;-80,52 $;0,00 $;-80,52 $;5,52 $;-80,52 $;-80,52 $;0,00%;-80,52 $;0,00 $;-80,52 $;0,00 $;-80,52 $;240,00;550,00 $;300,00 $;380,52 $;0,06%;
26/02/2024;1;122681,88 $;-455,52 $;0,00 $;-455,52 $;5,52 $;-536,04 $;-455,52 $;0,00%;-455,52 $;0,00 $;-455,52 $;0,00 $;-455,52 $;240,00;700,00 $;525,00 $;980,52 $;0,06%;
27/02/2024;2;125570,84 $;2888,96 $;2888,96 $;0,00 $;11,04 $;0,00 $;0,00 $;100,00%;1444,48 $;1444,48 $;0,00 $;2194,48 $;0,00 $;240,00;125,00 $;1987,50 $;543,02 $;0,13%;
28/02/2024;2;126034,80 $;463,96 $;594,48 $;-130,52 $;11,04 $;-130,52 $;-130,52 $;50,00%;231,98 $;594,48 $;-130,52 $;594,48 $;-130,52 $;420,00;425,00 $;562,50 $;330,52 $;0,13%;
29/02/2024;2;124798,76 $;-1236,04 $;0,00 $;-1236,04 $;11,04 $;-1366,56 $;-1236,04 $;0,00%;-618,02 $;0,00 $;-618,02 $;0,00 $;-780,52 $;600,00;1600,00 $;50,00 $;668,02 $;0,13%;
01/03/2024;1;124018,24 $;-780,52 $;0,00 $;-780,52 $;5,52 $;-2147,08 $;-780,52 $;0,00%;-780,52 $;0,00 $;-780,52 $;0,00 $;-780,52 $;240,00;2475,00 $;75,00 $;855,52 $;0,06%;
05/03/2024;1;123887,72 $;-130,52 $;0,00 $;-130,52 $;5,52 $;-2277,60 $;-130,52 $;0,00%;-130,52 $;0,00 $;-130,52 $;0,00 $;-130,52 $;240,00;850,00 $;925,00 $;1055,52 $;0,06%;
06/03/2024;2;123951,68 $;63,96 $;119,48 $;-55,52 $;11,04 $;-2213,64 $;-55,52 $;50,00%;31,98 $;119,48 $;-55,52 $;119,48 $;-55,52 $;540,00;837,50 $;562,50 $;530,52 $;0,13%;
07/03/2024;1;125171,16 $;1219,48 $;1219,48 $;0,00 $;5,52 $;-994,16 $;0,00 $;100,00%;1219,48 $;1219,48 $;0,00 $;1219,48 $;0,00 $;240,00;75,00 $;1350,00 $;130,52 $;0,06%;
11/03/2024;1;125890,64 $;719,48 $;719,48 $;0,00 $;5,52 $;-274,68 $;0,00 $;100,00%;719,48 $;719,48 $;0,00 $;719,48 $;0,00 $;180,00;200,00 $;825,00 $;105,52 $;0,06%;
12/03/2024;1;126535,12 $;644,48 $;644,48 $;0,00 $;5,52 $;0,00 $;0,00 $;100,00%;644,48 $;644,48 $;0,00 $;644,48 $;0,00 $;240,00;1100,00 $;1500,00 $;855,52 $;0,06%;
13/03/2024;1;126204,60 $;-330,52 $;0,00 $;-330,52 $;5,52 $;-330,52 $;-330,52 $;0,00%;-330,52 $;0,00 $;-330,52 $;0,00 $;-330,52 $;180,00;1125,00 $;375,00 $;705,52 $;0,06%;
14/03/2024;1;125949,08 $;-255,52 $;0,00 $;-255,52 $;5,52 $;-586,04 $;-255,52 $;0,00%;-255,52 $;0,00 $;-255,52 $;0,00 $;-255,52 $;240,00;400,00 $;1000,00 $;1255,52 $;0,06%;
15/03/2024;1;123368,56 $;-2580,52 $;0,00 $;-2580,52 $;5,52 $;-3166,56 $;-2580,52 $;0,00%;-2580,52 $;0,00 $;-2580,52 $;0,00 $;-2580,52 $;240,00;2700,00 $;175,00 $;2755,52 $;0,06%;
18/03/2024;1;122513,04 $;-855,52 $;0,00 $;-855,52 $;5,52 $;-4022,08 $;-855,52 $;0,00%;-855,52 $;0,00 $;-855,52 $;0,00 $;-855,52 $;240,00;1250,00 $;225,00 $;1080,52 $;0,06%;
19/03/2024;1;122882,52 $;369,48 $;369,48 $;0,00 $;5,52 $;-3652,60 $;0,00 $;100,00%;369,48 $;369,48 $;0,00 $;369,48 $;0,00 $;240,00;1000,00 $;900,00 $;530,52 $;0,06%;
20/03/2024;3;125915,96 $;3033,44 $;3033,44 $;0,00 $;16,56 $;-3258,12 $;0,00 $;100,00%;1011,15 $;1011,15 $;0,00 $;2469,48 $;0,00 $;240,00;358,33 $;1358,33 $;347,19 $;0,19%;
21/03/2024;1;125910,44 $;-5,52 $;0,00 $;-5,52 $;5,52 $;-624,68 $;-5,52 $;0,00%;-5,52 $;0,00 $;-5,52 $;0,00 $;-5,52 $;240,00;1150,00 $;400,00 $;405,52 $;0,06%;
22/03/2024;1;126404,92 $;494,48 $;494,48 $;0,00 $;5,52 $;-130,20 $;0,00 $;100,00%;494,48 $;494,48 $;0,00 $;494,48 $;0,00 $;240,00;625,00 $;600,00 $;105,52 $;0,06%;
25/03/2024;1;127299,40 $;894,48 $;894,48 $;0,00 $;5,52 $;0,00 $;0,00 $;100,00%;894,48 $;894,48 $;0,00 $;894,48 $;0,00 $;240,00;75,00 $;1200,00 $;305,52 $;0,06%;
26/03/2024;2;128588,36 $;1288,96 $;1619,48 $;-330,52 $;11,04 $;-330,52 $;-330,52 $;50,00%;644,48 $;1619,48 $;-330,52 $;1619,48 $;-330,52 $;540,00;512,50 $;1162,50 $;518,02 $;0,13%;
27/03/2024;1;129807,84 $;1219,48 $;1219,48 $;0,00 $;5,52 $;0,00 $;0,00 $;100,00%;1219,48 $;1219,48 $;0,00 $;1219,48 $;0,00 $;240,00;400,00 $;1475,00 $;255,52 $;0,06%;
28/03/2024;1;129777,32 $;-30,52 $;0,00 $;-30,52 $;5,52 $;-30,52 $;-30,52 $;0,00%;-30,52 $;0,00 $;-30,52 $;0,00 $;-30,52 $;240,00;600,00 $;350,00 $;380,52 $;0,06%;
03/04/2024;1;129671,80 $;-105,52 $;0,00 $;-105,52 $;5,52 $;-136,04 $;-105,52 $;0,00%;-105,52 $;0,00 $;-105,52 $;0,00 $;-105,52 $;180,00;700,00 $;475,00 $;580,52 $;0,06%;
04/04/2024;1;129141,28 $;-530,52 $;0,00 $;-530,52 $;5,52 $;-666,56 $;-530,52 $;0,00%;-530,52 $;0,00 $;-530,52 $;0,00 $;-530,52 $;240,00;575,00 $;775,00 $;1305,52 $;0,06%;
05/04/2024;1;129060,76 $;-80,52 $;0,00 $;-80,52 $;5,52 $;-747,08 $;-80,52 $;0,00%;-80,52 $;0,00 $;-80,52 $;0,00 $;-80,52 $;180,00;1075,00 $;625,00 $;705,52 $;0,06%;
08/04/2024;2;128874,72 $;-186,04 $;294,48 $;-480,52 $;11,04 $;-933,12 $;-480,52 $;50,00%;-93,02 $;294,48 $;-480,52 $;294,48 $;-480,52 $;300,00;812,50 $;187,50 $;280,52 $;0,13%;
10/04/2024;1;125469,20 $;-3405,52 $;0,00 $;-3405,52 $;5,52 $;-4338,64 $;-3405,52 $;0,00%;-3405,52 $;0,00 $;-3405,52 $;0,00 $;-3405,52 $;240,00;6225,00 $;50,00 $;3455,52 $;0,06%;
12/04/2024;1;120763,68 $;-4705,52 $;0,00 $;-4705,52 $;5,52 $;-9044,16 $;-4705,52 $;0,00%;-4705,52 $;0,00 $;-4705,52 $;0,00 $;-4705,52 $;240,00;4775,00 $;75,00 $;4780,52 $;0,06%;
15/04/2024;1;123058,16 $;2294,48 $;2294,48 $;0,00 $;5,52 $;-6749,68 $;0,00 $;100,00%;2294,48 $;2294,48 $;0,00 $;2294,48 $;0,00 $;240,00;175,00 $;3175,00 $;880,52 $;0,06%;
17/04/2024;1;123652,64 $;594,48 $;594,48 $;0,00 $;5,52 $;-6155,20 $;0,00 $;100,00%;594,48 $;594,48 $;0,00 $;594,48 $;0,00 $;240,00;425,00 $;2100,00 $;1505,52 $;0,06%;
19/04/2024;1;123422,12 $;-230,52 $;0,00 $;-230,52 $;5,52 $;-6385,72 $;-230,52 $;0,00%;-230,52 $;0,00 $;-230,52 $;0,00 $;-230,52 $;240,00;1350,00 $;525,00 $;755,52 $;0,06%;
22/04/2024;1;125316,60 $;1894,48 $;1894,48 $;0,00 $;5,52 $;-4491,24 $;0,00 $;100,00%;1894,48 $;1894,48 $;0,00 $;1894,48 $;0,00 $;240,00;250,00 $;2375,00 $;480,52 $;0,06%;
23/04/2024;2;127605,56 $;2288,96 $;2288,96 $;0,00 $;11,04 $;-2321,76 $;0,00 $;100,00%;1144,48 $;1144,48 $;0,00 $;2169,48 $;0,00 $;240,00;500,00 $;1537,50 $;393,02 $;0,13%;
24/04/2024;1;126700,04 $;-905,52 $;0,00 $;-905,52 $;5,52 $;-3107,80 $;-905,52 $;0,00%;-905,52 $;0,00 $;-905,52 $;0,00 $;-905,52 $;240,00;900,00 $;725,00 $;1630,52 $;0,06%;
26/04/2024;1;129269,52 $;2569,48 $;2569,48 $;0,00 $;5,52 $;-538,32 $;0,00 $;100,00%;2569,48 $;2569,48 $;0,00 $;2569,48 $;0,00 $;240,00;175,00 $;2975,00 $;405,52 $;0,06%;
29/04/2024;1;128139,00 $;-1130,52 $;0,00 $;-1130,52 $;5,52 $;-1668,84 $;-1130,52 $;0,00%;-1130,52 $;0,00 $;-1130,52 $;0,00 $;-1130,52 $;240,00;1325,00 $;225,00 $;1355,52 $;0,06%;
02/05/2024;2;127427,96 $;-711,04 $;0,00 $;-711,04 $;11,04 $;-2379,88 $;-711,04 $;0,00%;-355,52 $;0,00 $;-355,52 $;0,00 $;-455,52 $;420,00;1175,00 $;662,50 $;1018,02 $;0,13%;
03/05/2024;1;126897,44 $;-530,52 $;0,00 $;-530,52 $;5,52 $;-2910,40 $;-530,52 $;0,00%;-530,52 $;0,00 $;-530,52 $;0,00 $;-530,52 $;240,00;2200,00 $;775,00 $;1305,52 $;0,06%;
06/05/2024;1;128691,92 $;1794,48 $;1794,48 $;0,00 $;5,52 $;-1115,92 $;0,00 $;100,00%;1794,48 $;1794,48 $;0,00 $;1794,48 $;0,00 $;240,00;100,00 $;1900,00 $;105,52 $;0,06%;
07/05/2024;2;132055,88 $;3363,96 $;3363,96 $;0,00 $;11,04 $;0,00 $;0,00 $;100,00%;1681,98 $;1681,98 $;0,00 $;2044,48 $;0,00 $;240,00;150,00 $;2425,00 $;743,02 $;0,13%;
08/05/2024;2;131619,84 $;-436,04 $;219,48 $;-655,52 $;11,04 $;-655,52 $;-655,52 $;50,00%;-218,02 $;219,48 $;-655,52 $;219,48 $;-655,52 $;480,00;1112,50 $;337,50 $;555,52 $;0,13%;
09/05/2024;2;132533,80 $;913,96 $;944,48 $;-30,52 $;11,04 $;-30,52 $;-30,52 $;50,00%;456,98 $;944,48 $;-30,52 $;944,48 $;-30,52 $;360,00;425,00 $;525,00 $;68,02 $;0,13%;
10/05/2024;1;132203,28 $;-330,52 $;0,00 $;-330,52 $;5,52 $;-361,04 $;-330,52 $;0,00%;-330,52 $;0,00 $;-330,52 $;0,00 $;-330,52 $;240,00;950,00 $;250,00 $;580,52 $;0,06%;
13/05/2024;1;131297,76 $;-905,52 $;0,00 $;-905,52 $;5,52 $;-1266,56 $;-905,52 $;0,00%;-905,52 $;0,00 $;-905,52 $;0,00 $;-905,52 $;240,00;1275,00 $;150,00 $;1055,52 $;0,06%;
14/05/2024;1;132467,24 $;1169,48 $;1169,48 $;0,00 $;5,52 $;-97,08 $;0,00 $;100,00%;1169,48 $;1169,48 $;0,00 $;1169,48 $;0,00 $;240,00;200,00 $;1275,00 $;105,52 $;0,06%;
15/05/2024;2;133181,20 $;713,96 $;713,96 $;0,00 $;11,04 $;0,00 $;0,00 $;100,00%;356,98 $;356,98 $;0,00 $;394,48 $;0,00 $;240,00;800,00 $;1300,00 $;943,02 $;0,13%;
17/05/2024;1;133825,68 $;644,48 $;644,48 $;0,00 $;5,52 $;0,00 $;0,00 $;100,00%;644,48 $;644,48 $;0,00 $;644,48 $;0,00 $;240,00;175,00 $;825,00 $;180,52 $;0,06%;
20/05/2024;1;134570,16 $;744,48 $;744,48 $;0,00 $;5,52 $;0,00 $;0,00 $;100,00%;744,48 $;744,48 $;0,00 $;744,48 $;0,00 $;240,00;275,00 $;1200,00 $;455,52 $;0,06%;
21/05/2024;1;135239,64 $;669,48 $;669,48 $;0,00 $;5,52 $;0,00 $;0,00 $;100,00%;669,48 $;669,48 $;0,00 $;669,48 $;0,00 $;240,00;25,00 $;825,00 $;155,52 $;0,06%;
23/05/2024;2;133978,60 $;-1261,04 $;219,48 $;-1480,52 $;11,04 $;-1480,52 $;-1480,52 $;50,00%;-630,52 $;219,48 $;-1480,52 $;219,48 $;-1480,52 $;540,00;1837,50 $;362,50 $;993,02 $;0,13%;
24/05/2024;2;135792,56 $;1813,96 $;1813,96 $;0,00 $;11,04 $;-61,04 $;0,00 $;100,00%;906,98 $;906,98 $;0,00 $;1419,48 $;0,00 $;240,00;562,50 $;1350,00 $;443,02 $;0,13%;
27/05/2024;1;137012,04 $;1219,48 $;1219,48 $;0,00 $;5,52 $;0,00 $;0,00 $;100,00%;1219,48 $;1219,48 $;0,00 $;1219,48 $;0,00 $;240,00;25,00 $;1400,00 $;180,52 $;0,06%;
28/05/2024;1;133481,52 $;-3530,52 $;0,00 $;-3530,52 $;5,52 $;-3530,52 $;-3530,52 $;0,00%;-3530,52 $;0,00 $;-3530,52 $;0,00 $;-3530,52 $;240,00;3650,00 $;50,00 $;3580,52 $;0,06%;
30/05/2024;1;134476,00 $;994,48 $;994,48 $;0,00 $;5,52 $;-2536,04 $;0,00 $;100,00%;994,48 $;994,48 $;0,00 $;994,48 $;0,00 $;240,00;250,00 $;1050,00 $;55,52 $;0,06%;
31/05/2024;1;134170,48 $;-305,52 $;0,00 $;-305,52 $;5,52 $;-2841,56 $;-305,52 $;0,00%;-305,52 $;0,00 $;-305,52 $;0,00 $;-305,52 $;240,00;2225,00 $;50,00 $;355,52 $;0,06%;
03/06/2024;2;132434,44 $;-1736,04 $;1044,48 $;-2780,52 $;11,04 $;-4577,60 $;-2780,52 $;50,00%;-868,02 $;1044,48 $;-2780,52 $;1044,48 $;-2780,52 $;600,00;1912,50 $;1712,50 $;2580,52 $;0,13%;
04/06/2024;1;130353,92 $;-2080,52 $;0,00 $;-2080,52 $;5,52 $;-6658,12 $;-2080,52 $;0,00%;-2080,52 $;0,00 $;-2080,52 $;0,00 $;-2080,52 $;240,00;3150,00 $;900,00 $;2980,52 $;0,06%;
05/06/2024;1;130398,40 $;44,48 $;44,48 $;0,00 $;5,52 $;-6613,64 $;0,00 $;100,00%;44,48 $;44,48 $;0,00 $;44,48 $;0,00 $;240,00;1000,00 $;1800,00 $;1755,52 $;0,06%;
06/06/2024;1;128767,88 $;-1630,52 $;0,00 $;-1630,52 $;5,52 $;-8244,16 $;-1630,52 $;0,00%;-1630,52 $;0,00 $;-1630,52 $;0,00 $;-1630,52 $;240,00;2300,00 $;500,00 $;2130,52 $;0,06%;
07/06/2024;1;127712,36 $;-1055,52 $;0,00 $;-1055,52 $;5,52 $;-9299,68 $;-1055,52 $;0,00%;-1055,52 $;0,00 $;-1055,52 $;0,00 $;-1055,52 $;120,00;1425,00 $;225,00 $;1280,52 $;0,06%;
11/06/2024;2;122926,32 $;-4786,04 $;0,00 $;-4786,04 $;11,04 $;-14085,72 $;-4786,04 $;0,00%;-2393,02 $;0,00 $;-2393,02 $;0,00 $;-4105,52 $;660,00;2975,00 $;375,00 $;2768,02 $;0,13%;
12/06/2024;1;122995,80 $;69,48 $;69,48 $;0,00 $;5,52 $;-14016,24 $;0,00 $;100,00%;69,48 $;69,48 $;0,00 $;69,48 $;0,00 $;240,00;500,00 $;500,00 $;430,52 $;0,06%;
17/06/2024;1;122515,28 $;-480,52 $;0,00 $;-480,52 $;5,52 $;-14496,76 $;-480,52 $;0,00%;-480,52 $;0,00 $;-480,52 $;0,00 $;-480,52 $;240,00;2625,00 $;800,00 $;1280,52 $;0,06%;
18/06/2024;2;121829,24 $;-686,04 $;0,00 $;-686,04 $;11,04 $;-15182,80 $;-686,04 $;0,00%;-343,02 $;0,00 $;-343,02 $;0,00 $;-380,52 $;480,00;1162,50 $;312,50 $;655,52 $;0,13%;
20/06/2024;1;122923,72 $;1094,48 $;1094,48 $;0,00 $;5,52 $;-14088,32 $;0,00 $;100,00%;1094,48 $;1094,48 $;0,00 $;1094,48 $;0,00 $;240,00;150,00 $;2475,00 $;1380,52 $;0,06%;
21/06/2024;1;122768,20 $;-155,52 $;0,00 $;-155,52 $;5,52 $;-14243,84 $;-155,52 $;0,00%;-155,52 $;0,00 $;-155,52 $;0,00 $;-155,52 $;120,00;475,00 $;225,00 $;380,52 $;0,06%;
24/06/2024;1;124487,68 $;1719,48 $;1719,48 $;0,00 $;5,52 $;-12524,36 $;0,00 $;100,00%;1719,48 $;1719,48 $;0,00 $;1719,48 $;0,00 $;240,00;675,00 $;2050,00 $;330,52 $;0,06%;
25/06/2024;1;125482,16 $;994,48 $;994,48 $;0,00 $;5,52 $;-11529,88 $;0,00 $;100,00%;994,48 $;994,48 $;0,00 $;994,48 $;0,00 $;240,00;175,00 $;1150,00 $;155,52 $;0,06%;
27/06/2024;1;125426,64 $;-55,52 $;0,00 $;-55,52 $;5,52 $;-11585,40 $;-55,52 $;0,00%;-55,52 $;0,00 $;-55,52 $;0,00 $;-55,52 $;240,00;1075,00 $;1125,00 $;1180,52 $;0,06%;
28/06/2024;1;126296,12 $;869,48 $;869,48 $;0,00 $;5,52 $;-10715,92 $;0,00 $;100,00%;869,48 $;869,48 $;0,00 $;869,48 $;0,00 $;240,00;750,00 $;2925,00 $;2055,52 $;0,06%;
01/07/2024;1;126365,60 $;69,48 $;69,48 $;0,00 $;5,52 $;-10646,44 $;0,00 $;100,00%;69,48 $;69,48 $;0,00 $;69,48 $;0,00 $;120,00;700,00 $;325,00 $;255,52 $;0,06%;
03/07/2024;2;130404,56 $;4038,96 $;4038,96 $;0,00 $;11,04 $;-7901,96 $;0,00 $;100,00%;2019,48 $;2019,48 $;0,00 $;2744,48 $;0,00 $;240,00;425,00 $;2150,00 $;130,52 $;0,13%;
04/07/2024;1;131024,04 $;619,48 $;619,48 $;0,00 $;5,52 $;-5988,00 $;0,00 $;100,00%;619,48 $;619,48 $;0,00 $;619,48 $;0,00 $;240,00;300,00 $;900,00 $;280,52 $;0,06%;
05/07/2024;1;127443,52 $;-3580,52 $;0,00 $;-3580,52 $;5,52 $;-9568,52 $;-3580,52 $;0,00%;-3580,52 $;0,00 $;-3580,52 $;0,00 $;-3580,52 $;240,00;3700,00 $;1100,00 $;4680,52 $;0,06%;
08/07/2024;1;125638,00 $;-1805,52 $;0,00 $;-1805,52 $;5,52 $;-11374,04 $;-1805,52 $;0,00%;-1805,52 $;0,00 $;-1805,52 $;0,00 $;-1805,52 $;240,00;2250,00 $;0,00 $;1805,52 $;0,06%;
10/07/2024;2;129326,96 $;3688,96 $;3688,96 $;0,00 $;11,04 $;-9604,56 $;0,00 $;100,00%;1844,48 $;1844,48 $;0,00 $;1919,48 $;0,00 $;240,00;150,00 $;2350,00 $;505,52 $;0,13%;
11/07/2024;2;129015,92 $;-311,04 $;0,00 $;-311,04 $;11,04 $;-7996,12 $;-311,04 $;0,00%;-155,52 $;0,00 $;-155,52 $;0,00 $;-280,52 $;540,00;587,50 $;2300,00 $;2455,52 $;0,13%;
12/07/2024;1;132635,40 $;3619,48 $;3619,48 $;0,00 $;5,52 $;-4376,64 $;0,00 $;100,00%;3619,48 $;3619,48 $;0,00 $;3619,48 $;0,00 $;240,00;400,00 $;4400,00 $;780,52 $;0,06%;
16/07/2024;1;133704,88 $;1069,48 $;1069,48 $;0,00 $;5,52 $;-3307,16 $;0,00 $;100,00%;1069,48 $;1069,48 $;0,00 $;1069,48 $;0,00 $;240,00;425,00 $;1125,00 $;55,52 $;0,06%;
18/07/2024;1;129574,36 $;-4130,52 $;0,00 $;-4130,52 $;5,52 $;-7437,68 $;-4130,52 $;0,00%;-4130,52 $;0,00 $;-4130,52 $;0,00 $;-4130,52 $;240,00;4425,00 $;75,00 $;4205,52 $;0,06%;
22/07/2024;2;134813,32 $;5238,96 $;5238,96 $;0,00 $;11,04 $;-3368,20 $;0,00 $;100,00%;2619,48 $;2619,48 $;0,00 $;4069,48 $;0,00 $;240,00;250,00 $;2812,50 $;193,02 $;0,13%;
23/07/2024;2;136002,28 $;1188,96 $;1319,48 $;-130,52 $;11,04 $;-1009,76 $;-130,52 $;50,00%;594,48 $;1319,48 $;-130,52 $;1319,48 $;-130,52 $;600,00;375,00 $;1887,50 $;1293,02 $;0,13%;
25/07/2024;1;134621,76 $;-1380,52 $;0,00 $;-1380,52 $;5,52 $;-2390,28 $;-1380,52 $;0,00%;-1380,52 $;0,00 $;-1380,52 $;0,00 $;-1380,52 $;180,00;1500,00 $;1350,00 $;2730,52 $;0,06%;
26/07/2024;2;136610,72 $;1988,96 $;1988,96 $;0,00 $;11,04 $;-770,80 $;0,00 $;100,00%;994,48 $;994,48 $;0,00 $;1619,48 $;0,00 $;240,00;575,00 $;1225,00 $;230,52 $;0,13%;
30/07/2024;2;138199,68 $;1588,96 $;1588,96 $;0,00 $;11,04 $;0,00 $;0,00 $;100,00%;794,48 $;794,48 $;0,00 $;1394,48 $;0,00 $;240,00;812,50 $;1112,50 $;318,02 $;0,13%;
31/07/2024;1;136969,16 $;-1230,52 $;0,00 $;-1230,52 $;5,52 $;-1230,52 $;-1230,52 $;0,00%;-1230,52 $;0,00 $;-1230,52 $;0,00 $;-1230,52 $;240,00;2025,00 $;350,00 $;1580,52 $;0,06%;
05/08/2024;1;136788,64 $;-180,52 $;0,00 $;-180,52 $;5,52 $;-1411,04 $;-180,52 $;0,00%;-180,52 $;0,00 $;-180,52 $;0,00 $;-180,52 $;180,00;575,00 $;2300,00 $;2480,52 $;0,06%;
06/08/2024;2;134777,60 $;-2011,04 $;444,48 $;-2455,52 $;11,04 $;-3866,56 $;-2455,52 $;50,00%;-1005,52 $;444,48 $;-2455,52 $;444,48 $;-2455,52 $;660,00;3312,50 $;862,50 $;1868,02 $;0,13%;
07/08/2024;1;136472,08 $;1694,48 $;1694,48 $;0,00 $;5,52 $;-1727,60 $;0,00 $;100,00%;1694,48 $;1694,48 $;0,00 $;1694,48 $;0,00 $;240,00;500,00 $;3200,00 $;1505,52 $;0,06%;
09/08/2024;1;133566,56 $;-2905,52 $;0,00 $;-2905,52 $;5,52 $;-4633,12 $;-2905,52 $;0,00%;-2905,52 $;0,00 $;-2905,52 $;0,00 $;-2905,52 $;240,00;3975,00 $;0,00 $;2905,52 $;0,06%;
12/08/2024;1;133761,04 $;194,48 $;194,48 $;0,00 $;5,52 $;-4438,64 $;0,00 $;100,00%;194,48 $;194,48 $;0,00 $;194,48 $;0,00 $;240,00;1925,00 $;650,00 $;455,52 $;0,06%;
13/08/2024;3;133694,48 $;-66,56 $;2588,96 $;-2655,52 $;16,56 $;-7094,16 $;-2655,52 $;66,67%;-22,19 $;1294,48 $;-2655,52 $;1919,48 $;-2655,52 $;720,00;1416,67 $;1108,33 $;1130,52 $;0,19%;
14/08/2024;2;133258,44 $;-436,04 $;194,48 $;-630,52 $;11,04 $;-5135,72 $;-630,52 $;50,00%;-218,02 $;194,48 $;-630,52 $;194,48 $;-630,52 $;540,00;875,00 $;800,00 $;1018,02 $;0,13%;
15/08/2024;1;139202,92 $;5944,48 $;5944,48 $;0,00 $;5,52 $;0,00 $;0,00 $;100,00%;5944,48 $;5944,48 $;0,00 $;5944,48 $;0,00 $;240,00;200,00 $;6300,00 $;355,52 $;0,06%;
16/08/2024;2;137766,88 $;-1436,04 $;0,00 $;-1436,04 $;11,04 $;-1436,04 $;-1436,04 $;0,00%;-718,02 $;0,00 $;-718,02 $;0,00 $;-1005,52 $;540,00;1700,00 $;87,50 $;805,52 $;0,13%;
19/08/2024;2;140030,84 $;2263,96 $;2263,96 $;0,00 $;11,04 $;0,00 $;0,00 $;100,00%;1131,98 $;1131,98 $;0,00 $;1669,48 $;0,00 $;240,00;225,00 $;1312,50 $;180,52 $;0,13%;
20/08/2024;1;137900,32 $;-2130,52 $;0,00 $;-2130,52 $;5,52 $;-2130,52 $;-2130,52 $;0,00%;-2130,52 $;0,00 $;-2130,52 $;0,00 $;-2130,52 $;240,00;2350,00 $;125,00 $;2255,52 $;0,06%;
21/08/2024;2;139589,28 $;1688,96 $;1688,96 $;0,00 $;11,04 $;-1461,04 $;0,00 $;100,00%;844,48 $;844,48 $;0,00 $;1019,48 $;0,00 $;240,00;175,00 $;1400,00 $;555,52 $;0,13%;
22/08/2024;1;139433,76 $;-155,52 $;0,00 $;-155,52 $;5,52 $;-597,08 $;-155,52 $;0,00%;-155,52 $;0,00 $;-155,52 $;0,00 $;-155,52 $;240,00;650,00 $;750,00 $;905,52 $;0,06%;
23/08/2024;3;142117,20 $;2683,44 $;2683,44 $;0,00 $;16,56 $;0,00 $;0,00 $;100,00%;894,48 $;894,48 $;0,00 $;1894,48 $;0,00 $;240,00;308,33 $;1908,33 $;1013,85 $;0,19%;
26/08/2024;1;141261,68 $;-855,52 $;0,00 $;-855,52 $;5,52 $;-855,52 $;-855,52 $;0,00%;-855,52 $;0,00 $;-855,52 $;0,00 $;-855,52 $;240,00;975,00 $;200,00 $;1055,52 $;0,06%;
27/08/2024;2;142750,64 $;1488,96 $;1488,96 $;0,00 $;11,04 $;0,00 $;0,00 $;100,00%;744,48 $;744,48 $;0,00 $;1244,48 $;0,00 $;240,00;225,00 $;1187,50 $;443,02 $;0,13%;
28/08/2024;2;142989,60 $;238,96 $;719,48 $;-480,52 $;11,04 $;-480,52 $;-480,52 $;50,00%;119,48 $;719,48 $;-480,52 $;719,48 $;-480,52 $;540,00;1312,50 $;737,50 $;618,02 $;0,13%;
29/08/2024;2;139678,56 $;-3311,04 $;0,00 $;-3311,04 $;11,04 $;-3791,56 $;-3311,04 $;0,00%;-1655,52 $;0,00 $;-1655,52 $;0,00 $;-2605,52 $;540,00;2262,50 $;575,00 $;2230,52 $;0,13%;
02/09/2024;1;140098,04 $;419,48 $;419,48 $;0,00 $;5,52 $;-3372,08 $;0,00 $;100,00%;419,48 $;419,48 $;0,00 $;419,48 $;0,00 $;240,00;150,00 $;475,00 $;55,52 $;0,06%;
03/09/2024;1;137917,52 $;-2180,52 $;0,00 $;-2180,52 $;5,52 $;-5552,60 $;-2180,52 $;0,00%;-2180,52 $;0,00 $;-2180,52 $;0,00 $;-2180,52 $;240,00;3475,00 $;225,00 $;2405,52 $;0,06%;
04/09/2024;1;135912,00 $;-2005,52 $;0,00 $;-2005,52 $;5,52 $;-7558,12 $;-2005,52 $;0,00%;-2005,52 $;0,00 $;-2005,52 $;0,00 $;-2005,52 $;240,00;2000,00 $;600,00 $;2605,52 $;0,06%;
05/09/2024;2;134825,96 $;-1086,04 $;0,00 $;-1086,04 $;11,04 $;-8644,16 $;-1086,04 $;0,00%;-543,02 $;0,00 $;-543,02 $;0,00 $;-780,52 $;600,00;2350,00 $;637,50 $;1180,52 $;0,13%;
09/09/2024;1;137020,44 $;2194,48 $;2194,48 $;0,00 $;5,52 $;-6449,68 $;0,00 $;100,00%;2194,48 $;2194,48 $;0,00 $;2194,48 $;0,00 $;240,00;650,00 $;2275,00 $;80,52 $;0,06%;
11/09/2024;1;139914,92 $;2894,48 $;2894,48 $;0,00 $;5,52 $;-3555,20 $;0,00 $;100,00%;2894,48 $;2894,48 $;0,00 $;2894,48 $;0,00 $;180,00;75,00 $;3100,00 $;205,52 $;0,06%;
12/09/2024;2;140728,88 $;813,96 $;813,96 $;0,00 $;11,04 $;-3285,72 $;0,00 $;100,00%;406,98 $;406,98 $;0,00 $;544,48 $;0,00 $;240,00;675,00 $;1150,00 $;743,02 $;0,13%;
13/09/2024;2;142317,84 $;1588,96 $;1588,96 $;0,00 $;11,04 $;-1396,76 $;0,00 $;100,00%;794,48 $;794,48 $;0,00 $;1344,48 $;0,00 $;240,00;325,00 $;1475,00 $;680,52 $;0,13%;
17/09/2024;1;144662,32 $;2344,48 $;2344,48 $;0,00 $;5,52 $;0,00 $;0,00 $;100,00%;2344,48 $;2344,48 $;0,00 $;2344,48 $;0,00 $;240,00;150,00 $;2500,00 $;155,52 $;0,06%;
18/09/2024;2;145776,28 $;1113,96 $;1169,48 $;-55,52 $;11,04 $;-55,52 $;-55,52 $;50,00%;556,98 $;1169,48 $;-55,52 $;1169,48 $;-55,52 $;240,00;600,00 $;2962,50 $;2405,52 $;0,13%;
19/09/2024;2;149465,24 $;3688,96 $;4694,48 $;-1005,52 $;11,04 $;-1005,52 $;-1005,52 $;50,00%;1844,48 $;4694,48 $;-1005,52 $;4694,48 $;-1005,52 $;660,00;687,50 $;3125,00 $;1280,52 $;0,13%;
23/09/2024;2;150904,20 $;1438,96 $;1438,96 $;0,00 $;11,04 $;-261,04 $;0,00 $;100,00%;719,48 $;719,48 $;0,00 $;744,48 $;0,00 $;240,00;950,00 $;937,50 $;218,02 $;0,13%;
24/09/2024;2;150593,16 $;-311,04 $;44,48 $;-355,52 $;11,04 $;-355,52 $;-355,52 $;50,00%;-155,52 $;44,48 $;-355,52 $;44,48 $;-355,52 $;540,00;1225,00 $;450,00 $;605,52 $;0,13%;
26/09/2024;2;153407,12 $;2813,96 $;2813,96 $;0,00 $;11,04 $;0,00 $;0,00 $;100,00%;1406,98 $;1406,98 $;0,00 $;2644,48 $;0,00 $;240,00;412,50 $;1937,50 $;530,52 $;0,13%;
27/09/2024;2;156846,08 $;3438,96 $;3919,48 $;-480,52 $;11,04 $;-480,52 $;-480,52 $;50,00%;1719,48 $;3919,48 $;-480,52 $;3919,48 $;-480,52 $;600,00;550,00 $;2850,00 $;1130,52 $;0,13%;
01/10/2024;1;158140,56 $;1294,48 $;1294,48 $;0,00 $;5,52 $;0,00 $;0,00 $;100,00%;1294,48 $;1294,48 $;0,00 $;1294,48 $;0,00 $;240,00;800,00 $;1600,00 $;305,52 $;0,06%;
04/10/2024;1;158960,04 $;819,48 $;819,48 $;0,00 $;5,52 $;0,00 $;0,00 $;100,00%;819,48 $;819,48 $;0,00 $;819,48 $;0,00 $;240,00;1025,00 $;1000,00 $;180,52 $;0,06%;
07/10/2024;1;157104,52 $;-1855,52 $;0,00 $;-1855,52 $;5,52 $;-1855,52 $;-1855,52 $;0,00%;-1855,52 $;0,00 $;-1855,52 $;0,00 $;-1855,52 $;120,00;2800,00 $;275,00 $;2130,52 $;0,06%;
08/10/2024;1;157149,00 $;44,48 $;44,48 $;0,00 $;5,52 $;-1811,04 $;0,00 $;100,00%;44,48 $;44,48 $;0,00 $;44,48 $;0,00 $;240,00;700,00 $;850,00 $;805,52 $;0,06%;
09/10/2024;1;159718,48 $;2569,48 $;2569,48 $;0,00 $;5,52 $;0,00 $;0,00 $;100,00%;2569,48 $;2569,48 $;0,00 $;2569,48 $;0,00 $;240,00;1175,00 $;2675,00 $;105,52 $;0,06%;
10/10/2024;2;159057,44 $;-661,04 $;144,48 $;-805,52 $;11,04 $;-805,52 $;-805,52 $;50,00%;-330,52 $;144,48 $;-805,52 $;144,48 $;-805,52 $;420,00;1887,50 $;450,00 $;780,52 $;0,13%;
11/10/2024;1;159876,92 $;819,48 $;819,48 $;0,00 $;5,52 $;0,00 $;0,00 $;100,00%;819,48 $;819,48 $;0,00 $;819,48 $;0,00 $;120,00;125,00 $;1075,00 $;255,52 $;0,06%;
15/10/2024;1;159371,40 $;-505,52 $;0,00 $;-505,52 $;5,52 $;-505,52 $;-505,52 $;0,00%;-505,52 $;0,00 $;-505,52 $;0,00 $;-505,52 $;240,00;1550,00 $;1425,00 $;1930,52 $;0,06%;
16/10/2024;1;159240,88 $;-130,52 $;0,00 $;-130,52 $;5,52 $;-636,04 $;-130,52 $;0,00%;-130,52 $;0,00 $;-130,52 $;0,00 $;-130,52 $;240,00;1875,00 $;75,00 $;205,52 $;0,06%;
17/10/2024;1;158760,36 $;-480,52 $;0,00 $;-480,52 $;5,52 $;-1116,56 $;-480,52 $;0,00%;-480,52 $;0,00 $;-480,52 $;0,00 $;-480,52 $;240,00;1550,00 $;2075,00 $;2555,52 $;0,06%;
18/10/2024;2;158499,32 $;-261,04 $;0,00 $;-261,04 $;11,04 $;-1377,60 $;-261,04 $;0,00%;-130,52 $;0,00 $;-130,52 $;0,00 $;-180,52 $;540,00;525,00 $;737,50 $;868,02 $;0,13%;
22/10/2024;2;155613,28 $;-2886,04 $;269,48 $;-3155,52 $;11,04 $;-4533,12 $;-3155,52 $;50,00%;-1443,02 $;269,48 $;-3155,52 $;269,48 $;-3155,52 $;660,00;2337,50 $;487,50 $;1930,52 $;0,13%;
24/10/2024;1;156682,76 $;1069,48 $;1069,48 $;0,00 $;5,52 $;-3194,16 $;0,00 $;100,00%;1069,48 $;1069,48 $;0,00 $;1069,48 $;0,00 $;240,00;875,00 $;1375,00 $;305,52 $;0,06%;
25/10/2024;1;156952,24 $;269,48 $;269,48 $;0,00 $;5,52 $;-2924,68 $;0,00 $;100,00%;269,48 $;269,48 $;0,00 $;269,48 $;0,00 $;240,00;675,00 $;1375,00 $;1105,52 $;0,06%;
28/10/2024;1;155096,72 $;-1855,52 $;0,00 $;-1855,52 $;5,52 $;-4780,20 $;-1855,52 $;0,00%;-1855,52 $;0,00 $;-1855,52 $;0,00 $;-1855,52 $;240,00;4100,00 $;325,00 $;2180,52 $;0,06%;
01/11/2024;1;155116,20 $;19,48 $;19,48 $;0,00 $;5,52 $;-4760,72 $;0,00 $;100,00%;19,48 $;19,48 $;0,00 $;19,48 $;0,00 $;240,00;175,00 $;1950,00 $;1930,52 $;0,06%;
04/11/2024;1;153185,68 $;-1930,52 $;0,00 $;-1930,52 $;5,52 $;-6691,24 $;-1930,52 $;0,00%;-1930,52 $;0,00 $;-1930,52 $;0,00 $;-1930,52 $;240,00;2200,00 $;400,00 $;2330,52 $;0,06%;
05/11/2024;3;156394,12 $;3208,44 $;3208,44 $;0,00 $;16,56 $;-6646,76 $;0,00 $;100,00%;1069,48 $;1069,48 $;0,00 $;2144,48 $;0,00 $;240,00;491,67 $;1725,00 $;655,52 $;0,19%;
06/11/2024;1;152288,60 $;-4105,52 $;0,00 $;-4105,52 $;5,52 $;-7588,32 $;-4105,52 $;0,00%;-4105,52 $;0,00 $;-4105,52 $;0,00 $;-4105,52 $;240,00;6375,00 $;550,00 $;4655,52 $;0,06%;
07/11/2024;2;156352,56 $;4063,96 $;4063,96 $;0,00 $;11,04 $;-4243,84 $;0,00 $;100,00%;2031,98 $;2031,98 $;0,00 $;3344,48 $;0,00 $;240,00;1025,00 $;2187,50 $;155,52 $;0,13%;
08/11/2024;1;151897,04 $;-4455,52 $;0,00 $;-4455,52 $;5,52 $;-7979,88 $;-4455,52 $;0,00%;-4455,52 $;0,00 $;-4455,52 $;0,00 $;-4455,52 $;240,00;6525,00 $;350,00 $;4805,52 $;0,06%;
11/11/2024;2;152236,00 $;338,96 $;2044,48 $;-1705,52 $;11,04 $;-7640,92 $;-1705,52 $;50,00%;169,48 $;2044,48 $;-1705,52 $;2044,48 $;-1705,52 $;660,00;1775,00 $;1162,50 $;993,02 $;0,13%;
13/11/2024;1;148680,48 $;-3555,52 $;0,00 $;-3555,52 $;5,52 $;-11196,44 $;-3555,52 $;0,00%;-3555,52 $;0,00 $;-3555,52 $;0,00 $;-3555,52 $;240,00;5125,00 $;25,00 $;3580,52 $;0,06%;
14/11/2024;2;151094,44 $;2413,96 $;2769,48 $;-355,52 $;11,04 $;-8782,48 $;-355,52 $;50,00%;1206,98 $;2769,48 $;-355,52 $;2769,48 $;-355,52 $;660,00;762,50 $;2025,00 $;818,02 $;0,13%;
15/11/2024;2;148108,40 $;-2986,04 $;0,00 $;-2986,04 $;11,04 $;-11768,52 $;-2986,04 $;0,00%;-1493,02 $;0,00 $;-1493,02 $;0,00 $;-2080,52 $;540,00;1987,50 $;512,50 $;2005,52 $;0,13%;
18/11/2024;2;145197,36 $;-2911,04 $;0,00 $;-2911,04 $;11,04 $;-14679,56 $;-2911,04 $;0,00%;-1455,52 $;0,00 $;-1455,52 $;0,00 $;-2030,52 $;540,00;2162,50 $;25,00 $;1480,52 $;0,13%;
20/11/2024;1;143091,84 $;-2105,52 $;0,00 $;-2105,52 $;5,52 $;-16785,08 $;-2105,52 $;0,00%;-2105,52 $;0,00 $;-2105,52 $;0,00 $;-2105,52 $;240,00;3875,00 $;275,00 $;2380,52 $;0,06%;
21/11/2024;1;146386,32 $;3294,48 $;3294,48 $;0,00 $;5,52 $;-13490,60 $;0,00 $;100,00%;3294,48 $;3294,48 $;0,00 $;3294,48 $;0,00 $;240,00;1125,00 $;3500,00 $;205,52 $;0,06%;
22/11/2024;1;147230,80 $;844,48 $;844,48 $;0,00 $;5,52 $;-12646,12 $;0,00 $;100,00%;844,48 $;844,48 $;0,00 $;844,48 $;0,00 $;240,00;1325,00 $;1100,00 $;255,52 $;0,06%;
25/11/2024;2;147469,76 $;238,96 $;944,48 $;-705,52 $;11,04 $;-12407,16 $;-705,52 $;50,00%;119,48 $;944,48 $;-705,52 $;944,48 $;-705,52 $;540,00;1775,00 $;887,50 $;768,02 $;0,13%;
26/11/2024;1;146614,24 $;-855,52 $;0,00 $;-855,52 $;5,52 $;-13262,68 $;-855,52 $;0,00%;-855,52 $;0,00 $;-855,52 $;0,00 $;-855,52 $;240,00;2200,00 $;725,00 $;1580,52 $;0,06%;
27/11/2024;1;146958,72 $;344,48 $;344,48 $;0,00 $;5,52 $;-12918,20 $;0,00 $;100,00%;344,48 $;344,48 $;0,00 $;344,48 $;0,00 $;240,00;925,00 $;600,00 $;255,52 $;0,06%;
28/11/2024;1;147628,20 $;669,48 $;669,48 $;0,00 $;5,52 $;-12248,72 $;0,00 $;100,00%;669,48 $;669,48 $;0,00 $;669,48 $;0,00 $;240,00;75,00 $;1100,00 $;430,52 $;0,06%;
29/11/2024;2;151667,16 $;4038,96 $;4038,96 $;0,00 $;11,04 $;-10454,24 $;0,00 $;100,00%;2019,48 $;2019,48 $;0,00 $;2244,48 $;0,00 $;240,00;125,00 $;2750,00 $;730,52 $;0,13%;
02/12/2024;2;160956,12 $;9288,96 $;9288,96 $;0,00 $;11,04 $;-1715,28 $;0,00 $;100,00%;4644,48 $;4644,48 $;0,00 $;6494,48 $;0,00 $;240,00;537,50 $;5137,50 $;493,02 $;0,13%;
03/12/2024;2;160520,08 $;-436,04 $;719,48 $;-1155,52 $;11,04 $;-1155,52 $;-1155,52 $;50,00%;-218,02 $;719,48 $;-1155,52 $;719,48 $;-1155,52 $;600,00;812,50 $;700,00 $;918,02 $;0,13%;
04/12/2024;1;160564,56 $;44,48 $;44,48 $;0,00 $;5,52 $;-391,56 $;0,00 $;100,00%;44,48 $;44,48 $;0,00 $;44,48 $;0,00 $;240,00;675,00 $;1500,00 $;1455,52 $;0,06%;
05/12/2024;1;160434,04 $;-130,52 $;0,00 $;-130,52 $;5,52 $;-522,08 $;-130,52 $;0,00%;-130,52 $;0,00 $;-130,52 $;0,00 $;-130,52 $;240,00;675,00 $;500,00 $;630,52 $;0,06%;
06/12/2024;1;159903,52 $;-530,52 $;0,00 $;-530,52 $;5,52 $;-1052,60 $;-530,52 $;0,00%;-530,52 $;0,00 $;-530,52 $;0,00 $;-530,52 $;240,00;550,00 $;900,00 $;1430,52 $;0,06%;
10/12/2024;1;159023,00 $;-880,52 $;0,00 $;-880,52 $;5,52 $;-1933,12 $;-880,52 $;0,00%;-880,52 $;0,00 $;-880,52 $;0,00 $;-880,52 $;240,00;1125,00 $;450,00 $;1330,52 $;0,06%;
11/12/2024;1;160142,48 $;1119,48 $;1119,48 $;0,00 $;5,52 $;-813,64 $;0,00 $;100,00%;1119,48 $;1119,48 $;0,00 $;1119,48 $;0,00 $;240,00;500,00 $;1600,00 $;480,52 $;0,06%;
12/12/2024;2;159531,44 $;-611,04 $;19,48 $;-630,52 $;11,04 $;-1424,68 $;-630,52 $;50,00%;-305,52 $;19,48 $;-630,52 $;19,48 $;-630,52 $;540,00;787,50 $;587,50 $;893,02 $;0,13%;
13/12/2024;1;157775,92 $;-1755,52 $;0,00 $;-1755,52 $;5,52 $;-3180,20 $;-1755,52 $;0,00%;-1755,52 $;0,00 $;-1755,52 $;0,00 $;-1755,52 $;240,00;2425,00 $;400,00 $;2155,52 $;0,06%;
16/12/2024;1;157420,40 $;-355,52 $;0,00 $;-355,52 $;5,52 $;-3535,72 $;-355,52 $;0,00%;-355,52 $;0,00 $;-355,52 $;0,00 $;-355,52 $;60,00;375,00 $;300,00 $;655,52 $;0,06%;
17/12/2024;1;155739,88 $;-1680,52 $;0,00 $;-1680,52 $;5,52 $;-5216,24 $;-1680,52 $;0,00%;-1680,52 $;0,00 $;-1680,52 $;0,00 $;-1680,52 $;240,00;2125,00 $;300,00 $;1980,52 $;0,06%;
18/12/2024;1;151434,36 $;-4305,52 $;0,00 $;-4305,52 $;5,52 $;-9521,76 $;-4305,52 $;0,00%;-4305,52 $;0,00 $;-4305,52 $;0,00 $;-4305,52 $;240,00;4525,00 $;75,00 $;4380,52 $;0,06%;
20/12/2024;1;150603,84 $;-830,52 $;0,00 $;-830,52 $;5,52 $;-10352,28 $;-830,52 $;0,00%;-830,52 $;0,00 $;-830,52 $;0,00 $;-830,52 $;180,00;1225,00 $;1025,00 $;1855,52 $;0,06%;
23/12/2024;1;150923,32 $;319,48 $;319,48 $;0,00 $;5,52 $;-10032,80 $;0,00 $;100,00%;319,48 $;319,48 $;0,00 $;319,48 $;0,00 $;120,00;1200,00 $;550,00 $;230,52 $;0,06%;
27/12/2024;2;152262,28 $;1338,96 $;1338,96 $;0,00 $;11,04 $;-9388,32 $;0,00 $;100,00%;669,48 $;669,48 $;0,00 $;694,48 $;0,00 $;240,00;775,00 $;1300,00 $;630,52 $;0,13%;
30/12/2024;1;151406,76 $;-855,52 $;0,00 $;-855,52 $;5,52 $;-9549,36 $;-855,52 $;0,00%;-855,52 $;0,00 $;-855,52 $;0,00 $;-855,52 $;0,00;975,00 $;300,00 $;1155,52 $;0,06%;
02/01/2025;2;149595,72 $;-1811,04 $;0,00 $;-1811,04 $;11,04 $;-11360,40 $;-1811,04 $;0,00%;-905,52 $;0,00 $;-905,52 $;0,00 $;-1005,52 $;660,00;2325,00 $;1937,50 $;2843,02 $;0,13%;
06/01/2025;1;151290,20 $;1694,48 $;1694,48 $;0,00 $;5,52 $;-9665,92 $;0,00 $;100,00%;1694,48 $;1694,48 $;0,00 $;1694,48 $;0,00 $;240,00;4050,00 $;2325,00 $;630,52 $;0,06%;
07/01/2025;2;153229,16 $;1938,96 $;2269,48 $;-330,52 $;11,04 $;-7726,96 $;-330,52 $;50,00%;969,48 $;2269,48 $;-330,52 $;2269,48 $;-330,52 $;600,00;1312,50 $;1462,50 $;493,02 $;0,13%;
09/01/2025;1;153198,64 $;-30,52 $;0,00 $;-30,52 $;5,52 $;-7757,48 $;-30,52 $;0,00%;-30,52 $;0,00 $;-30,52 $;0,00 $;-30,52 $;240,00;450,00 $;800,00 $;830,52 $;0,06%;
10/01/2025;1;152643,12 $;-555,52 $;0,00 $;-555,52 $;5,52 $;-8313,00 $;-555,52 $;0,00%;-555,52 $;0,00 $;-555,52 $;0,00 $;-555,52 $;240,00;1750,00 $;1725,00 $;2280,52 $;0,06%;
14/01/2025;1;151637,60 $;-1005,52 $;0,00 $;-1005,52 $;5,52 $;-9318,52 $;-1005,52 $;0,00%;-1005,52 $;0,00 $;-1005,52 $;0,00 $;-1005,52 $;240,00;1800,00 $;400,00 $;1405,52 $;0,06%;
15/01/2025;2;154976,56 $;3338,96 $;3338,96 $;0,00 $;11,04 $;-6624,04 $;0,00 $;100,00%;1669,48 $;1669,48 $;0,00 $;2694,48 $;0,00 $;240,00;287,50 $;2112,50 $;443,02 $;0,13%;
16/01/2025;1;154521,04 $;-455,52 $;0,00 $;-455,52 $;5,52 $;-6435,08 $;-455,52 $;0,00%;-455,52 $;0,00 $;-455,52 $;0,00 $;-455,52 $;180,00;1075,00 $;75,00 $;530,52 $;0,06%;
20/01/2025;2;152985,00 $;-1536,04 $;0,00 $;-1536,04 $;11,04 $;-7971,12 $;-1536,04 $;0,00%;-768,02 $;0,00 $;-768,02 $;0,00 $;-1505,52 $;600,00;2125,00 $;325,00 $;1093,02 $;0,13%;
21/01/2025;1;155304,48 $;2319,48 $;2319,48 $;0,00 $;5,52 $;-5651,64 $;0,00 $;100,00%;2319,48 $;2319,48 $;0,00 $;2319,48 $;0,00 $;240,00;250,00 $;2500,00 $;180,52 $;0,06%;
22/01/2025;1;156573,96 $;1269,48 $;1269,48 $;0,00 $;5,52 $;-4382,16 $;0,00 $;100,00%;1269,48 $;1269,48 $;0,00 $;1269,48 $;0,00 $;240,00;25,00 $;2100,00 $;830,52 $;0,06%;
23/01/2025;2;160662,92 $;4088,96 $;4088,96 $;0,00 $;11,04 $;-3637,68 $;0,00 $;100,00%;2044,48 $;2044,48 $;0,00 $;3344,48 $;0,00 $;240,00;150,00 $;2500,00 $;455,52 $;0,13%;
27/01/2025;1;162807,40 $;2144,48 $;2144,48 $;0,00 $;5,52 $;0,00 $;0,00 $;100,00%;2144,48 $;2144,48 $;0,00 $;2144,48 $;0,00 $;180,00;350,00 $;2200,00 $;55,52 $;0,06%;
28/01/2025;2;166296,36 $;3488,96 $;3488,96 $;0,00 $;11,04 $;0,00 $;0,00 $;100,00%;1744,48 $;1744,48 $;0,00 $;2194,48 $;0,00 $;240,00;625,00 $;2050,00 $;305,52 $;0,13%;
29/01/2025;2;167235,32 $;938,96 $;1144,48 $;-205,52 $;11,04 $;-205,52 $;-205,52 $;50,00%;469,48 $;1144,48 $;-205,52 $;1144,48 $;-205,52 $;600,00;550,00 $;1125,00 $;655,52 $;0,13%;
30/01/2025;1;166829,80 $;-405,52 $;0,00 $;-405,52 $;5,52 $;-611,04 $;-405,52 $;0,00%;-405,52 $;0,00 $;-405,52 $;0,00 $;-405,52 $;240,00;1025,00 $;600,00 $;1005,52 $;0,06%;
31/01/2025;1;167824,28 $;994,48 $;994,48 $;0,00 $;5,52 $;0,00 $;0,00 $;100,00%;994,48 $;994,48 $;0,00 $;994,48 $;0,00 $;240,00;125,00 $;1075,00 $;80,52 $;0,06%;
03/02/2025;1;168618,76 $;794,48 $;794,48 $;0,00 $;5,52 $;0,00 $;0,00 $;100,00%;794,48 $;794,48 $;0,00 $;794,48 $;0,00 $;240,00;1675,00 $;1225,00 $;430,52 $;0,06%;
04/02/2025;2;170482,72 $;1863,96 $;1863,96 $;0,00 $;11,04 $;0,00 $;0,00 $;100,00%;931,98 $;931,98 $;0,00 $;1469,48 $;0,00 $;240,00;112,50 $;1500,00 $;568,02 $;0,13%;
05/02/2025;2;172196,68 $;1713,96 $;1713,96 $;0,00 $;11,04 $;0,00 $;0,00 $;100,00%;856,98 $;856,98 $;0,00 $;994,48 $;0,00 $;240,00;537,50 $;1225,00 $;368,02 $;0,13%;
06/02/2025;2;175560,64 $;3363,96 $;3363,96 $;0,00 $;11,04 $;0,00 $;0,00 $;100,00%;1681,98 $;1681,98 $;0,00 $;2594,48 $;0,00 $;240,00;537,50 $;2250,00 $;568,02 $;0,13%;
10/02/2025;1;176055,12 $;494,48 $;494,48 $;0,00 $;5,52 $;0,00 $;0,00 $;100,00%;494,48 $;494,48 $;0,00 $;494,48 $;0,00 $;240,00;225,00 $;800,00 $;305,52 $;0,06%;
11/02/2025;1;177374,60 $;1319,48 $;1319,48 $;0,00 $;5,52 $;0,00 $;0,00 $;100,00%;1319,48 $;1319,48 $;0,00 $;1319,48 $;0,00 $;240,00;250,00 $;1500,00 $;180,52 $;0,06%;
12/02/2025;2;176438,56 $;-936,04 $;619,48 $;-1555,52 $;11,04 $;-1555,52 $;-1555,52 $;50,00%;-468,02 $;619,48 $;-1555,52 $;619,48 $;-1555,52 $;600,00;1975,00 $;675,00 $;1143,02 $;0,13%;
13/02/2025;2;178002,52 $;1563,96 $;2544,48 $;-980,52 $;11,04 $;-980,52 $;-980,52 $;50,00%;781,98 $;2544,48 $;-980,52 $;2544,48 $;-980,52 $;540,00;1562,50 $;3087,50 $;2305,52 $;0,13%;
14/02/2025;2;177266,48 $;-736,04 $;569,48 $;-1305,52 $;11,04 $;-1716,56 $;-1305,52 $;50,00%;-368,02 $;569,48 $;-1305,52 $;569,48 $;-1305,52 $;660,00;1762,50 $;850,00 $;1218,02 $;0,13%;
17/02/2025;2;181030,44 $;3763,96 $;3763,96 $;0,00 $;11,04 $;0,00 $;0,00 $;100,00%;1881,98 $;1881,98 $;0,00 $;2069,48 $;0,00 $;240,00;200,00 $;2137,50 $;255,52 $;0,13%;
18/02/2025;1;181474,92 $;444,48 $;444,48 $;0,00 $;5,52 $;0,00 $;0,00 $;100,00%;444,48 $;444,48 $;0,00 $;444,48 $;0,00 $;240,00;1275,00 $;650,00 $;205,52 $;0,06%;
20/02/2025;1;178694,40 $;-2780,52 $;0,00 $;-2780,52 $;5,52 $;-2780,52 $;-2780,52 $;0,00%;-2780,52 $;0,00 $;-2780,52 $;0,00 $;-2780,52 $;240,00;2875,00 $;450,00 $;3230,52 $;0,06%;
21/02/2025;1;177338,88 $;-1355,52 $;0,00 $;-1355,52 $;5,52 $;-4136,04 $;-1355,52 $;0,00%;-1355,52 $;0,00 $;-1355,52 $;0,00 $;-1355,52 $;240,00;3525,00 $;850,00 $;2205,52 $;0,06%;
24/02/2025;2;174852,84 $;-2486,04 $;0,00 $;-2486,04 $;11,04 $;-6622,08 $;-2486,04 $;0,00%;-1243,02 $;0,00 $;-1243,02 $;0,00 $;-2330,52 $;600,00;2262,50 $;900,00 $;2143,02 $;0,13%;
25/02/2025;1;172972,32 $;-1880,52 $;0,00 $;-1880,52 $;5,52 $;-8502,60 $;-1880,52 $;0,00%;-1880,52 $;0,00 $;-1880,52 $;0,00 $;-1880,52 $;240,00;5850,00 $;50,00 $;1930,52 $;0,06%;
26/02/2025;2;173911,28 $;938,96 $;4269,48 $;-3330,52 $;11,04 $;-7563,64 $;-3330,52 $;50,00%;469,48 $;4269,48 $;-3330,52 $;4269,48 $;-3330,52 $;600,00;2037,50 $;3187,50 $;2718,02 $;0,13%;
28/02/2025;1;174005,76 $;94,48 $;94,48 $;0,00 $;5,52 $;-7469,16 $;0,00 $;100,00%;94,48 $;94,48 $;0,00 $;94,48 $;0,00 $;240,00;2675,00 $;675,00 $;580,52 $;0,06%;
03/03/2025;2;186744,72 $;12738,96 $;14194,48 $;-1455,52 $;11,04 $;-1455,52 $;-1455,52 $;50,00%;6369,48 $;14194,48 $;-1455,52 $;14194,48 $;-1455,52 $;600,00;1750,00 $;7912,50 $;1543,02 $;0,13%;
05/03/2025;2;195708,68 $;8963,96 $;8963,96 $;0,00 $;11,04 $;0,00 $;0,00 $;100,00%;4481,98 $;4481,98 $;0,00 $;5644,48 $;0,00 $;240,00;650,00 $;6350,00 $;1868,02 $;0,13%;
06/03/2025;2;192447,64 $;-3261,04 $;0,00 $;-3261,04 $;11,04 $;-3261,04 $;-3261,04 $;0,00%;-1630,52 $;0,00 $;-1630,52 $;0,00 $;-2555,52 $;600,00;3200,00 $;3962,50 $;5593,02 $;0,13%;
07/03/2025;1;196142,12 $;3694,48 $;3694,48 $;0,00 $;5,52 $;0,00 $;0,00 $;100,00%;3694,48 $;3694,48 $;0,00 $;3694,48 $;0,00 $;120,00;0,00 $;4025,00 $;330,52 $;0,06%;
11/03/2025;1;193361,60 $;-2780,52 $;0,00 $;-2780,52 $;5,52 $;-2780,52 $;-2780,52 $;0,00%;-2780,52 $;0,00 $;-2780,52 $;0,00 $;-2780,52 $;240,00;4475,00 $;1525,00 $;4305,52 $;0,06%;
12/03/2025;2;193825,56 $;463,96 $;594,48 $;-130,52 $;11,04 $;-2316,56 $;-130,52 $;50,00%;231,98 $;594,48 $;-130,52 $;594,48 $;-130,52 $;600,00;1550,00 $;2737,50 $;2505,52 $;0,13%;
14/03/2025;2;197214,52 $;3388,96 $;3388,96 $;0,00 $;11,04 $;-1122,08 $;0,00 $;100,00%;1694,48 $;1694,48 $;0,00 $;2194,48 $;0,00 $;240,00;775,00 $;2637,50 $;943,02 $;0,13%;
17/03/2025;2;201103,48 $;3888,96 $;3888,96 $;0,00 $;11,04 $;0,00 $;0,00 $;100,00%;1944,48 $;1944,48 $;0,00 $;2519,48 $;0,00 $;240,00;950,00 $;2862,50 $;918,02 $;0,13%;
18/03/2025;2;197467,44 $;-3636,04 $;0,00 $;-3636,04 $;11,04 $;-3636,04 $;-3636,04 $;0,00%;-1818,02 $;0,00 $;-1818,02 $;0,00 $;-3405,52 $;540,00;3275,00 $;662,50 $;2480,52 $;0,13%;
19/03/2025;1;197236,92 $;-230,52 $;0,00 $;-230,52 $;5,52 $;-3866,56 $;-230,52 $;0,00%;-230,52 $;0,00 $;-230,52 $;0,00 $;-230,52 $;240,00;1800,00 $;1575,00 $;1805,52 $;0,06%;
20/03/2025;1;189131,40 $;-8105,52 $;0,00 $;-8105,52 $;5,52 $;-11972,08 $;-8105,52 $;0,00%;-8105,52 $;0,00 $;-8105,52 $;0,00 $;-8105,52 $;240,00;11750,00 $;1050,00 $;9155,52 $;0,06%;
24/03/2025;1;188900,88 $;-230,52 $;0,00 $;-230,52 $;5,52 $;-12202,60 $;-230,52 $;0,00%;-230,52 $;0,00 $;-230,52 $;0,00 $;-230,52 $;240,00;2825,00 $;2950,00 $;3180,52 $;0,06%;
25/03/2025;2;191439,84 $;2538,96 $;2538,96 $;0,00 $;11,04 $;-11308,12 $;0,00 $;100,00%;1269,48 $;1269,48 $;0,00 $;1644,48 $;0,00 $;240,00;800,00 $;3487,50 $;2218,02 $;0,13%;
28/03/2025;1;190584,32 $;-855,52 $;0,00 $;-855,52 $;5,52 $;-10519,16 $;-855,52 $;0,00%;-855,52 $;0,00 $;-855,52 $;0,00 $;-855,52 $;60,00;1525,00 $;250,00 $;1105,52 $;0,06%;
31/03/2025;1;193103,80 $;2519,48 $;2519,48 $;0,00 $;5,52 $;-7999,68 $;0,00 $;100,00%;2519,48 $;2519,48 $;0,00 $;2519,48 $;0,00 $;180,00;1400,00 $;3725,00 $;1205,52 $;0,06%;
01/04/2025;2;198342,76 $;5238,96 $;5238,96 $;0,00 $;11,04 $;-5805,20 $;0,00 $;100,00%;2619,48 $;2619,48 $;0,00 $;3044,48 $;0,00 $;240,00;1437,50 $;4925,00 $;2305,52 $;0,13%;
08/04/2025;1;199162,24 $;819,48 $;819,48 $;0,00 $;5,52 $;-1941,24 $;0,00 $;100,00%;819,48 $;819,48 $;0,00 $;819,48 $;0,00 $;240,00;2200,00 $;4900,00 $;4080,52 $;0,06%;
09/04/2025;1;232331,72 $;33169,48 $;33169,48 $;0,00 $;5,52 $;0,00 $;0,00 $;100,00%;33169,48 $;33169,48 $;0,00 $;33169,48 $;0,00 $;240,00;5125,00 $;37550,00 $;4380,52 $;0,06%;
10/04/2025;1;230376,20 $;-1955,52 $;0,00 $;-1955,52 $;5,52 $;-1955,52 $;-1955,52 $;0,00%;-1955,52 $;0,00 $;-1955,52 $;0,00 $;-1955,52 $;240,00;4350,00 $;2300,00 $;4255,52 $;0,06%;
14/04/2025;2;229765,16 $;-611,04 $;0,00 $;-611,04 $;11,04 $;-2566,56 $;-611,04 $;0,00%;-305,52 $;0,00 $;-305,52 $;0,00 $;-330,52 $;660,00;3362,50 $;1712,50 $;2018,02 $;0,13%;
15/04/2025;2;231979,12 $;2213,96 $;2213,96 $;0,00 $;11,04 $;-1172,08 $;0,00 $;100,00%;1106,98 $;1106,98 $;0,00 $;1394,48 $;0,00 $;240,00;2450,00 $;2137,50 $;1030,52 $;0,13%;
16/04/2025;1;228448,60 $;-3530,52 $;0,00 $;-3530,52 $;5,52 $;-3883,12 $;-3530,52 $;0,00%;-3530,52 $;0,00 $;-3530,52 $;0,00 $;-3530,52 $;240,00;3600,00 $;2875,00 $;6405,52 $;0,06%;
17/04/2025;1;227243,08 $;-1205,52 $;0,00 $;-1205,52 $;5,52 $;-5088,64 $;-1205,52 $;0,00%;-1205,52 $;0,00 $;-1205,52 $;0,00 $;-1205,52 $;240,00;3050,00 $;800,00 $;2005,52 $;0,06%;
22/04/2025;1;229662,56 $;2419,48 $;2419,48 $;0,00 $;5,52 $;-2669,16 $;0,00 $;100,00%;2419,48 $;2419,48 $;0,00 $;2419,48 $;0,00 $;180,00;875,00 $;3025,00 $;605,52 $;0,06%;
23/04/2025;2;232476,52 $;2813,96 $;3469,48 $;-655,52 $;11,04 $;-3324,68 $;-655,52 $;50,00%;1406,98 $;3469,48 $;-655,52 $;3469,48 $;-655,52 $;240,00;1050,00 $;5225,00 $;3818,02 $;0,13%;
24/04/2025;1;235746,00 $;3269,48 $;3269,48 $;0,00 $;5,52 $;0,00 $;0,00 $;100,00%;3269,48 $;3269,48 $;0,00 $;3269,48 $;0,00 $;240,00;200,00 $;3525,00 $;255,52 $;0,06%;
25/04/2025;3;239454,44 $;3708,44 $;3708,44 $;0,00 $;16,56 $;0,00 $;0,00 $;100,00%;1236,15 $;1236,15 $;0,00 $;2094,48 $;0,00 $;240,00;1433,33 $;2575,00 $;1338,85 $;0,19%;
28/04/2025;2;237868,40 $;-1586,04 $;944,48 $;-2530,52 $;11,04 $;-2530,52 $;-2530,52 $;50,00%;-793,02 $;944,48 $;-2530,52 $;944,48 $;-2530,52 $;540,00;2637,50 $;1112,50 $;1905,52 $;0,13%;
29/04/2025;1;240337,88 $;2469,48 $;2469,48 $;0,00 $;5,52 $;-61,04 $;0,00 $;100,00%;2469,48 $;2469,48 $;0,00 $;2469,48 $;0,00 $;240,00;325,00 $;2650,00 $;180,52 $;0,06%;
02/05/2025;2;244026,84 $;3688,96 $;3688,96 $;0,00 $;11,04 $;0,00 $;0,00 $;100,00%;1844,48 $;1844,48 $;0,00 $;1994,48 $;0,00 $;240,00;1787,50 $;2475,00 $;630,52 $;0,13%;
05/05/2025;1;246496,32 $;2469,48 $;2469,48 $;0,00 $;5,52 $;0,00 $;0,00 $;100,00%;2469,48 $;2469,48 $;0,00 $;2469,48 $;0,00 $;240,00;200,00 $;2975,00 $;505,52 $;0,06%;
06/05/2025;2;240160,28 $;-6336,04 $;0,00 $;-6336,04 $;11,04 $;-6336,04 $;-6336,04 $;0,00%;-3168,02 $;0,00 $;-3168,02 $;0,00 $;-6055,52 $;720,00;7525,00 $;1250,00 $;4418,02 $;0,13%;
07/05/2025;1;239579,76 $;-580,52 $;0,00 $;-580,52 $;5,52 $;-6916,56 $;-580,52 $;0,00%;-580,52 $;0,00 $;-580,52 $;0,00 $;-580,52 $;240,00;1775,00 $;1200,00 $;1780,52 $;0,06%;
08/05/2025;1;239999,24 $;419,48 $;419,48 $;0,00 $;5,52 $;-6497,08 $;0,00 $;100,00%;419,48 $;419,48 $;0,00 $;419,48 $;0,00 $;240,00;3925,00 $;1125,00 $;705,52 $;0,06%;
09/05/2025;1;239043,72 $;-955,52 $;0,00 $;-955,52 $;5,52 $;-7452,60 $;-955,52 $;0,00%;-955,52 $;0,00 $;-955,52 $;0,00 $;-955,52 $;240,00;1350,00 $;975,00 $;1930,52 $;0,06%;
12/05/2025;1;232263,20 $;-6780,52 $;0,00 $;-6780,52 $;5,52 $;-14233,12 $;-6780,52 $;0,00%;-6780,52 $;0,00 $;-6780,52 $;0,00 $;-6780,52 $;240,00;7700,00 $;175,00 $;6955,52 $;0,06%;
13/05/2025;2;231352,16 $;-911,04 $;119,48 $;-1030,52 $;11,04 $;-15144,16 $;-1030,52 $;50,00%;-455,52 $;119,48 $;-1030,52 $;119,48 $;-1030,52 $;300,00;862,50 $;675,00 $;1130,52 $;0,13%;
15/05/2025;1;233796,64 $;2444,48 $;2444,48 $;0,00 $;5,52 $;-12699,68 $;0,00 $;100,00%;2444,48 $;2444,48 $;0,00 $;2444,48 $;0,00 $;240,00;525,00 $;3150,00 $;705,52 $;0,06%;
16/05/2025;2;232785,60 $;-1011,04 $;144,48 $;-1155,52 $;11,04 $;-13855,20 $;-1155,52 $;50,00%;-505,52 $;144,48 $;-1155,52 $;144,48 $;-1155,52 $;660,00;925,00 $;400,00 $;905,52 $;0,13%;
19/05/2025;1;236980,08 $;4194,48 $;4194,48 $;0,00 $;5,52 $;-9516,24 $;0,00 $;100,00%;4194,48 $;4194,48 $;0,00 $;4194,48 $;0,00 $;240,00;1100,00 $;4825,00 $;630,52 $;0,06%;
20/05/2025;2;238769,04 $;1788,96 $;2069,48 $;-280,52 $;11,04 $;-7727,28 $;-280,52 $;50,00%;894,48 $;2069,48 $;-280,52 $;2069,48 $;-280,52 $;720,00;1687,50 $;1462,50 $;568,02 $;0,13%;
21/05/2025;1;234163,52 $;-4605,52 $;0,00 $;-4605,52 $;5,52 $;-12332,80 $;-4605,52 $;0,00%;-4605,52 $;0,00 $;-4605,52 $;0,00 $;-4605,52 $;180,00;5950,00 $;450,00 $;5055,52 $;0,06%;
22/05/2025;1;234433,00 $;269,48 $;269,48 $;0,00 $;5,52 $;-12063,32 $;0,00 $;100,00%;269,48 $;269,48 $;0,00 $;269,48 $;0,00 $;180,00;700,00 $;1675,00 $;1405,52 $;0,06%;
23/05/2025;1;219077,48 $;-15355,52 $;0,00 $;-15355,52 $;5,52 $;-27418,84 $;-15355,52 $;0,00%;-15355,52 $;0,00 $;-15355,52 $;0,00 $;-15355,52 $;240,00;20950,00 $;0,00 $;15355,52 $;0,06%;
26/05/2025;1;219071,96 $;-5,52 $;0,00 $;-5,52 $;5,52 $;-27424,36 $;-5,52 $;0,00%;-5,52 $;0,00 $;-5,52 $;0,00 $;-5,52 $;240,00;925,00 $;575,00 $;580,52 $;0,06%;
27/05/2025;1;220941,44 $;1869,48 $;1869,48 $;0,00 $;5,52 $;-25554,88 $;0,00 $;100,00%;1869,48 $;1869,48 $;0,00 $;1869,48 $;0,00 $;240,00;0,00 $;2825,00 $;955,52 $;0,06%;
29/05/2025;1;217335,92 $;-3605,52 $;0,00 $;-3605,52 $;5,52 $;-29160,40 $;-3605,52 $;0,00%;-3605,52 $;0,00 $;-3605,52 $;0,00 $;-3605,52 $;240,00;3725,00 $;100,00 $;3705,52 $;0,06%;
30/05/2025;1;214705,40 $;-2630,52 $;0,00 $;-2630,52 $;5,52 $;-31790,92 $;-2630,52 $;0,00%;-2630,52 $;0,00 $;-2630,52 $;0,00 $;-2630,52 $;240,00;3475,00 $;1000,00 $;3630,52 $;0,06%;
02/06/2025;1;217824,88 $;3119,48 $;3119,48 $;0,00 $;5,52 $;-28671,44 $;0,00 $;100,00%;3119,48 $;3119,48 $;0,00 $;3119,48 $;0,00 $;180,00;300,00 $;3300,00 $;180,52 $;0,06%;
03/06/2025;1;216169,36 $;-1655,52 $;0,00 $;-1655,52 $;5,52 $;-30326,96 $;-1655,52 $;0,00%;-1655,52 $;0,00 $;-1655,52 $;0,00 $;-1655,52 $;240,00;5625,00 $;325,00 $;1980,52 $;0,06%;
04/06/2025;2;214533,32 $;-1636,04 $;0,00 $;-1636,04 $;11,04 $;-31963,00 $;-1636,04 $;0,00%;-818,02 $;0,00 $;-818,02 $;0,00 $;-1455,52 $;660,00;1462,50 $;900,00 $;1718,02 $;0,13%;
05/06/2025;1;214352,80 $;-180,52 $;0,00 $;-180,52 $;5,52 $;-32143,52 $;-180,52 $;0,00%;-180,52 $;0,00 $;-180,52 $;0,00 $;-180,52 $;240,00;2950,00 $;3900,00 $;4080,52 $;0,06%;
12/06/2025;1;214947,28 $;594,48 $;594,48 $;0,00 $;5,52 $;-31549,04 $;0,00 $;100,00%;594,48 $;594,48 $;0,00 $;594,48 $;0,00 $;240,00;1000,00 $;2975,00 $;2380,52 $;0,06%;
16/06/2025;2;213661,24 $;-1286,04 $;294,48 $;-1580,52 $;11,04 $;-32835,08 $;-1580,52 $;50,00%;-643,02 $;294,48 $;-1580,52 $;294,48 $;-1580,52 $;540,00;1600,00 $;1462,50 $;2105,52 $;0,13%;
18/06/2025;1;211330,72 $;-2330,52 $;0,00 $;-2330,52 $;5,52 $;-35165,60 $;-2330,52 $;0,00%;-2330,52 $;0,00 $;-2330,52 $;0,00 $;-2330,52 $;240,00;2825,00 $;200,00 $;2530,52 $;0,06%;
20/06/2025;2;212669,68 $;1338,96 $;2619,48 $;-1280,52 $;11,04 $;-33826,64 $;-1280,52 $;50,00%;669,48 $;2619,48 $;-1280,52 $;2619,48 $;-1280,52 $;600,00;2225,00 $;2837,50 $;2168,02 $;0,13%;
23/06/2025;1;214689,16 $;2019,48 $;2019,48 $;0,00 $;5,52 $;-31807,16 $;0,00 $;100,00%;2019,48 $;2019,48 $;0,00 $;2019,48 $;0,00 $;60,00;125,00 $;2525,00 $;505,52 $;0,06%;
24/06/2025;2;211328,12 $;-3361,04 $;394,48 $;-3755,52 $;11,04 $;-35562,68 $;-3755,52 $;50,00%;-1680,52 $;394,48 $;-3755,52 $;394,48 $;-3755,52 $;540,00;2187,50 $;512,50 $;2193,02 $;0,13%;
26/06/2025;2;212892,08 $;1563,96 $;1819,48 $;-255,52 $;11,04 $;-35423,72 $;-255,52 $;50,00%;781,98 $;1819,48 $;-255,52 $;1819,48 $;-255,52 $;240,00;712,50 $;1950,00 $;1168,02 $;0,13%;
27/06/2025;2;216306,04 $;3413,96 $;3894,48 $;-480,52 $;11,04 $;-34084,76 $;-480,52 $;50,00%;1706,98 $;3894,48 $;-480,52 $;3894,48 $;-480,52 $;240,00;975,00 $;3062,50 $;1355,52 $;0,13%;
01/07/2025;1;212700,52 $;-3605,52 $;0,00 $;-3605,52 $;5,52 $;-33795,80 $;-3605,52 $;0,00%;-3605,52 $;0,00 $;-3605,52 $;0,00 $;-3605,52 $;240,00;4725,00 $;850,00 $;4455,52 $;0,06%;
02/07/2025;2;213889,48 $;1188,96 $;1188,96 $;0,00 $;11,04 $;-33001,32 $;0,00 $;100,00%;594,48 $;594,48 $;0,00 $;794,48 $;0,00 $;240,00;1912,50 $;1062,50 $;468,02 $;0,13%;
03/07/2025;1;215333,96 $;1444,48 $;1444,48 $;0,00 $;5,52 $;-31162,36 $;0,00 $;100,00%;1444,48 $;1444,48 $;0,00 $;1444,48 $;0,00 $;240,00;275,00 $;2050,00 $;605,52 $;0,06%;
07/07/2025;1;214778,44 $;-555,52 $;0,00 $;-555,52 $;5,52 $;-31717,88 $;-555,52 $;0,00%;-555,52 $;0,00 $;-555,52 $;0,00 $;-555,52 $;0,00;725,00 $;100,00 $;655,52 $;0,06%;
08/07/2025;2;216917,40 $;2138,96 $;2138,96 $;0,00 $;11,04 $;-29948,40 $;0,00 $;100,00%;1069,48 $;1069,48 $;0,00 $;1769,48 $;0,00 $;240,00;662,50 $;1512,50 $;443,02 $;0,13%;
09/07/2025;3;221250,84 $;4333,44 $;4333,44 $;0,00 $;16,56 $;-25934,44 $;0,00 $;100,00%;1444,48 $;1444,48 $;0,00 $;3644,48 $;0,00 $;240,00;675,00 $;1616,67 $;172,19 $;0,19%;
10/07/2025;1;220070,32 $;-1180,52 $;0,00 $;-1180,52 $;5,52 $;-26426,00 $;-1180,52 $;0,00%;-1180,52 $;0,00 $;-1180,52 $;0,00 $;-1180,52 $;240,00;1300,00 $;600,00 $;1780,52 $;0,06%;
14/07/2025;1;223364,80 $;3294,48 $;3294,48 $;0,00 $;5,52 $;-23131,52 $;0,00 $;100,00%;3294,48 $;3294,48 $;0,00 $;3294,48 $;0,00 $;240,00;125,00 $;3500,00 $;205,52 $;0,06%;
15/07/2025;1;220734,28 $;-2630,52 $;0,00 $;-2630,52 $;5,52 $;-25762,04 $;-2630,52 $;0,00%;-2630,52 $;0,00 $;-2630,52 $;0,00 $;-2630,52 $;240,00;3075,00 $;350,00 $;2980,52 $;0,06%;
16/07/2025;2;221648,24 $;913,96 $;1444,48 $;-530,52 $;11,04 $;-26292,56 $;-530,52 $;50,00%;456,98 $;1444,48 $;-530,52 $;1444,48 $;-530,52 $;240,00;487,50 $;1950,00 $;1493,02 $;0,13%;
17/07/2025;1;223742,72 $;2094,48 $;2094,48 $;0,00 $;5,52 $;-22753,60 $;0,00 $;100,00%;2094,48 $;2094,48 $;0,00 $;2094,48 $;0,00 $;240,00;650,00 $;2525,00 $;430,52 $;0,06%;
18/07/2025;1;221112,20 $;-2630,52 $;0,00 $;-2630,52 $;5,52 $;-25384,12 $;-2630,52 $;0,00%;-2630,52 $;0,00 $;-2630,52 $;0,00 $;-2630,52 $;240,00;2800,00 $;725,00 $;3355,52 $;0,06%;
21/07/2025;2;221326,16 $;213,96 $;369,48 $;-155,52 $;11,04 $;-25539,64 $;-155,52 $;50,00%;106,98 $;369,48 $;-155,52 $;369,48 $;-155,52 $;240,00;1125,00 $;1175,00 $;1068,02 $;0,13%;
23/07/2025;2;226815,12 $;5488,96 $;5994,48 $;-505,52 $;11,04 $;-25675,68 $;-505,52 $;50,00%;2744,48 $;5994,48 $;-505,52 $;5994,48 $;-505,52 $;240,00;2000,00 $;5375,00 $;2630,52 $;0,13%;
25/07/2025;1;228659,60 $;1844,48 $;1844,48 $;0,00 $;5,52 $;-17836,72 $;0,00 $;100,00%;1844,48 $;1844,48 $;0,00 $;1844,48 $;0,00 $;240,00;950,00 $;2150,00 $;305,52 $;0,06%;
28/07/2025;1;220929,08 $;-7730,52 $;0,00 $;-7730,52 $;5,52 $;-25567,24 $;-7730,52 $;0,00%;-7730,52 $;0,00 $;-7730,52 $;0,00 $;-7730,52 $;240,00;8000,00 $;275,00 $;8005,52 $;0,06%;
29/07/2025;2;221243,04 $;313,96 $;444,48 $;-130,52 $;11,04 $;-25697,76 $;-130,52 $;50,00%;156,98 $;444,48 $;-130,52 $;444,48 $;-130,52 $;240,00;1200,00 $;1612,50 $;1455,52 $;0,13%;
30/07/2025;1;221762,52 $;519,48 $;519,48 $;0,00 $;5,52 $;-24733,80 $;0,00 $;100,00%;519,48 $;519,48 $;0,00 $;519,48 $;0,00 $;240,00;1225,00 $;575,00 $;55,52 $;0,06%;
04/08/2025;3;227670,96 $;5908,44 $;5908,44 $;0,00 $;16,56 $;-20214,32 $;0,00 $;100,00%;1969,48 $;1969,48 $;0,00 $;4519,48 $;0,00 $;240,00;916,67 $;2583,33 $;613,85 $;0,19%;
05/08/2025;1;224065,44 $;-3605,52 $;0,00 $;-3605,52 $;5,52 $;-22430,88 $;-3605,52 $;0,00%;-3605,52 $;0,00 $;-3605,52 $;0,00 $;-3605,52 $;240,00;4625,00 $;350,00 $;3955,52 $;0,06%;
06/08/2025;1;224509,92 $;444,48 $;444,48 $;0,00 $;5,52 $;-21986,40 $;0,00 $;100,00%;444,48 $;444,48 $;0,00 $;444,48 $;0,00 $;120,00;250,00 $;1175,00 $;730,52 $;0,06%;
07/08/2025;2;227123,88 $;2613,96 $;7269,48 $;-4655,52 $;11,04 $;-19372,44 $;-4655,52 $;50,00%;1306,98 $;7269,48 $;-4655,52 $;7269,48 $;-4655,52 $;540,00;2787,50 $;4837,50 $;3530,52 $;0,13%;
08/08/2025;1;228443,36 $;1319,48 $;1319,48 $;0,00 $;5,52 $;-18052,96 $;0,00 $;100,00%;1319,48 $;1319,48 $;0,00 $;1319,48 $;0,00 $;120,00;250,00 $;1325,00 $;5,52 $;0,06%;
12/08/2025;2;227507,32 $;-936,04 $;2419,48 $;-3355,52 $;11,04 $;-21408,48 $;-3355,52 $;50,00%;-468,02 $;2419,48 $;-3355,52 $;2419,48 $;-3355,52 $;660,00;2250,00 $;1225,00 $;1693,02 $;0,13%;
13/08/2025;2;228521,28 $;1013,96 $;1044,48 $;-30,52 $;11,04 $;-17975,04 $;-30,52 $;50,00%;506,98 $;1044,48 $;-30,52 $;1044,48 $;-30,52 $;540,00;712,50 $;1637,50 $;1130,52 $;0,13%;
14/08/2025;1;229840,76 $;1319,48 $;1319,48 $;0,00 $;5,52 $;-16655,56 $;0,00 $;100,00%;1319,48 $;1319,48 $;0,00 $;1319,48 $;0,00 $;240,00;550,00 $;2150,00 $;830,52 $;0,06%;
15/08/2025;1;228035,24 $;-1805,52 $;0,00 $;-1805,52 $;5,52 $;-18461,08 $;-1805,52 $;0,00%;-1805,52 $;0,00 $;-1805,52 $;0,00 $;-1805,52 $;240,00;2400,00 $;1475,00 $;3280,52 $;0,06%;
18/08/2025;1;229354,72 $;1319,48 $;1319,48 $;0,00 $;5,52 $;-17141,60 $;0,00 $;100,00%;1319,48 $;1319,48 $;0,00 $;1319,48 $;0,00 $;120,00;75,00 $;1525,00 $;205,52 $;0,06%;
19/08/2025;1;229874,20 $;519,48 $;519,48 $;0,00 $;5,52 $;-16622,12 $;0,00 $;100,00%;519,48 $;519,48 $;0,00 $;519,48 $;0,00 $;240,00;100,00 $;2100,00 $;1580,52 $;0,06%;
22/08/2025;2;229588,16 $;-286,04 $;494,48 $;-780,52 $;11,04 $;-16908,16 $;-780,52 $;50,00%;-143,02 $;494,48 $;-780,52 $;494,48 $;-780,52 $;660,00;775,00 $;1100,00 $;1243,02 $;0,13%;
25/08/2025;1;228707,64 $;-880,52 $;0,00 $;-880,52 $;5,52 $;-17788,68 $;-880,52 $;0,00%;-880,52 $;0,00 $;-880,52 $;0,00 $;-880,52 $;240,00;2275,00 $;1350,00 $;2230,52 $;0,06%;
26/08/2025;1;229527,12 $;819,48 $;819,48 $;0,00 $;5,52 $;-16969,20 $;0,00 $;100,00%;819,48 $;819,48 $;0,00 $;819,48 $;0,00 $;120,00;200,00 $;1050,00 $;230,52 $;0,06%;
28/08/2025;2;228991,08 $;-536,04 $;0,00 $;-536,04 $;11,04 $;-17505,24 $;-536,04 $;0,00%;-268,02 $;0,00 $;-268,02 $;0,00 $;-355,52 $;600,00;1812,50 $;212,50 $;480,52 $;0,13%;
01/09/2025;1;229160,56 $;169,48 $;169,48 $;0,00 $;5,52 $;-17335,76 $;0,00 $;100,00%;169,48 $;169,48 $;0,00 $;169,48 $;0,00 $;240,00;900,00 $;600,00 $;430,52 $;0,06%;
03/09/2025;1;227630,04 $;-1530,52 $;0,00 $;-1530,52 $;5,52 $;-18866,28 $;-1530,52 $;0,00%;-1530,52 $;0,00 $;-1530,52 $;0,00 $;-1530,52 $;240,00;2750,00 $;450,00 $;1980,52 $;0,06%;
04/09/2025;1;229474,52 $;1844,48 $;1844,48 $;0,00 $;5,52 $;-17021,80 $;0,00 $;100,00%;1844,48 $;1844,48 $;0,00 $;1844,48 $;0,00 $;240,00;200,00 $;2750,00 $;905,52 $;0,06%;
05/09/2025;1;223919,00 $;-5555,52 $;0,00 $;-5555,52 $;5,52 $;-22577,32 $;-5555,52 $;0,00%;-5555,52 $;0,00 $;-5555,52 $;0,00 $;-5555,52 $;240,00;6725,00 $;500,00 $;6055,52 $;0,06%;
08/09/2025;2;222657,96 $;-1261,04 $;694,48 $;-1955,52 $;11,04 $;-24532,84 $;-1955,52 $;50,00%;-630,52 $;694,48 $;-1955,52 $;694,48 $;-1955,52 $;600,00;1262,50 $;1262,50 $;1893,02 $;0,13%;
11/09/2025;1;221577,44 $;-1080,52 $;0,00 $;-1080,52 $;5,52 $;-24918,88 $;-1080,52 $;0,00%;-1080,52 $;0,00 $;-1080,52 $;0,00 $;-1080,52 $;240,00;3175,00 $;125,00 $;1205,52 $;0,06%;
12/09/2025;1;221546,92 $;-30,52 $;0,00 $;-30,52 $;5,52 $;-24949,40 $;-30,52 $;0,00%;-30,52 $;0,00 $;-30,52 $;0,00 $;-30,52 $;180,00;400,00 $;550,00 $;580,52 $;0,06%;
15/09/2025;1;221066,40 $;-480,52 $;0,00 $;-480,52 $;5,52 $;-25429,92 $;-480,52 $;0,00%;-480,52 $;0,00 $;-480,52 $;0,00 $;-480,52 $;240,00;1325,00 $;1675,00 $;2155,52 $;0,06%;
18/09/2025;1;219785,88 $;-1280,52 $;0,00 $;-1280,52 $;5,52 $;-26710,44 $;-1280,52 $;0,00%;-1280,52 $;0,00 $;-1280,52 $;0,00 $;-1280,52 $;240,00;2125,00 $;275,00 $;1555,52 $;0,06%;
23/09/2025;2;216424,84 $;-3361,04 $;0,00 $;-3361,04 $;11,04 $;-30071,48 $;-3361,04 $;0,00%;-1680,52 $;0,00 $;-1680,52 $;0,00 $;-2880,52 $;660,00;2525,00 $;1162,50 $;2843,02 $;0,13%;
26/09/2025;2;220788,80 $;4363,96 $;4363,96 $;0,00 $;11,04 $;-26777,00 $;0,00 $;100,00%;2181,98 $;2181,98 $;0,00 $;3294,48 $;0,00 $;240,00;362,50 $;2487,50 $;305,52 $;0,13%;
29/09/2025;2;217602,76 $;-3186,04 $;0,00 $;-3186,04 $;11,04 $;-28893,56 $;-3186,04 $;0,00%;-1593,02 $;0,00 $;-1593,02 $;0,00 $;-2955,52 $;600,00;2075,00 $;687,50 $;2280,52 $;0,13%;
30/09/2025;2;221066,72 $;3463,96 $;3463,96 $;0,00 $;11,04 $;-27424,08 $;0,00 $;100,00%;1731,98 $;1731,98 $;0,00 $;1994,48 $;0,00 $;240,00;25,00 $;2312,50 $;580,52 $;0,13%;
01/10/2025;2;227930,68 $;6863,96 $;6863,96 $;0,00 $;11,04 $;-22360,12 $;0,00 $;100,00%;3431,98 $;3431,98 $;0,00 $;3794,48 $;0,00 $;240,00;162,50 $;4025,00 $;593,02 $;0,13%;
02/10/2025;2;228894,64 $;963,96 $;1444,48 $;-480,52 $;11,04 $;-17601,68 $;-480,52 $;50,00%;481,98 $;1444,48 $;-480,52 $;1444,48 $;-480,52 $;540,00;337,50 $;1475,00 $;993,02 $;0,13%;
03/10/2025;1;226064,12 $;-2830,52 $;0,00 $;-2830,52 $;5,52 $;-20432,20 $;-2830,52 $;0,00%;-2830,52 $;0,00 $;-2830,52 $;0,00 $;-2830,52 $;240,00;2925,00 $;125,00 $;2955,52 $;0,06%;
06/10/2025;1;227058,60 $;994,48 $;994,48 $;0,00 $;5,52 $;-19437,72 $;0,00 $;100,00%;994,48 $;994,48 $;0,00 $;994,48 $;0,00 $;240,00;850,00 $;1325,00 $;330,52 $;0,06%;
07/10/2025;1;225628,08 $;-1430,52 $;0,00 $;-1430,52 $;5,52 $;-20868,24 $;-1430,52 $;0,00%;-1430,52 $;0,00 $;-1430,52 $;0,00 $;-1430,52 $;240,00;2150,00 $;50,00 $;1480,52 $;0,06%;
08/10/2025;2;228267,04 $;2638,96 $;2638,96 $;0,00 $;11,04 $;-19298,76 $;0,00 $;100,00%;1319,48 $;1319,48 $;0,00 $;1569,48 $;0,00 $;240,00;625,00 $;2100,00 $;780,52 $;0,13%;
09/10/2025;1;227436,52 $;-830,52 $;0,00 $;-830,52 $;5,52 $;-19059,80 $;-830,52 $;0,00%;-830,52 $;0,00 $;-830,52 $;0,00 $;-830,52 $;240,00;1175,00 $;2725,00 $;3555,52 $;0,06%;
10/10/2025;1;226356,00 $;-1080,52 $;0,00 $;-1080,52 $;5,52 $;-20140,32 $;-1080,52 $;0,00%;-1080,52 $;0,00 $;-1080,52 $;0,00 $;-1080,52 $;240,00;3400,00 $;600,00 $;1680,52 $;0,06%;
14/10/2025;1;229275,48 $;2919,48 $;2919,48 $;0,00 $;5,52 $;-17220,84 $;0,00 $;100,00%;2919,48 $;2919,48 $;0,00 $;2919,48 $;0,00 $;240,00;200,00 $;2950,00 $;30,52 $;0,06%;
15/10/2025;1;227119,96 $;-2155,52 $;0,00 $;-2155,52 $;5,52 $;-19376,36 $;-2155,52 $;0,00%;-2155,52 $;0,00 $;-2155,52 $;0,00 $;-2155,52 $;240,00;3050,00 $;500,00 $;2655,52 $;0,06%;
16/10/2025;1;222914,44 $;-4205,52 $;0,00 $;-4205,52 $;5,52 $;-23581,88 $;-4205,52 $;0,00%;-4205,52 $;0,00 $;-4205,52 $;0,00 $;-4205,52 $;180,00;5675,00 $;350,00 $;4555,52 $;0,06%;
20/10/2025;2;227053,40 $;4138,96 $;4138,96 $;0,00 $;11,04 $;-20937,40 $;0,00 $;100,00%;2069,48 $;2069,48 $;0,00 $;2644,48 $;0,00 $;240,00;612,50 $;2400,00 $;330,52 $;0,13%;
21/10/2025;2;228117,36 $;1063,96 $;1144,48 $;-80,52 $;11,04 $;-18378,96 $;-80,52 $;50,00%;531,98 $;1144,48 $;-80,52 $;1144,48 $;-80,52 $;660,00;1375,00 $;1362,50 $;830,52 $;0,13%;
