Period;#;Cum. net profit;Net profit;Gross profit;Gross loss;Commission;Cum. max. drawdown;Max. drawdown;% Win;Avg. trade;Avg. winner;Avg. loser;Lrg. winner;Lrg. loser;MTR;Avg. MAE;Avg. MFE;Avg. ETD;% Trade;
04/01/2019;1;79,32 $;79,32 $;79,32 $;0,00 $;5,68 $;0,00 $;0,00 $;100,00%;79,32 $;79,32 $;0,00 $;79,32 $;0,00 $;5,00;245,00 $;85,00 $;5,68 $;0,09%;
07/01/2019;1;618,64 $;539,32 $;539,32 $;0,00 $;5,68 $;0,00 $;0,00 $;100,00%;539,32 $;539,32 $;0,00 $;539,32 $;0,00 $;55,00;235,00 $;545,00 $;5,68 $;0,09%;
09/01/2019;1;377,96 $;-240,68 $;0,00 $;-240,68 $;5,68 $;-240,68 $;-240,68 $;0,00%;-240,68 $;0,00 $;-240,68 $;0,00 $;-240,68 $;285,00;465,00 $;595,00 $;835,68 $;0,09%;
10/01/2019;1;607,28 $;229,32 $;229,32 $;0,00 $;5,68 $;-11,36 $;0,00 $;100,00%;229,32 $;229,32 $;0,00 $;229,32 $;0,00 $;15,00;215,00 $;235,00 $;5,68 $;0,09%;
11/01/2019;1;676,60 $;69,32 $;69,32 $;0,00 $;5,68 $;0,00 $;0,00 $;100,00%;69,32 $;69,32 $;0,00 $;69,32 $;0,00 $;250,00;600,00 $;95,00 $;25,68 $;0,09%;
14/01/2019;1;790,92 $;114,32 $;114,32 $;0,00 $;5,68 $;0,00 $;0,00 $;100,00%;114,32 $;114,32 $;0,00 $;114,32 $;0,00 $;5,00;25,00 $;120,00 $;5,68 $;0,09%;
15/01/2019;1;745,24 $;-45,68 $;0,00 $;-45,68 $;5,68 $;-45,68 $;-45,68 $;0,00%;-45,68 $;0,00 $;-45,68 $;0,00 $;-45,68 $;280,00;1030,00 $;170,00 $;215,68 $;0,09%;
17/01/2019;1;579,56 $;-165,68 $;0,00 $;-165,68 $;5,68 $;-211,36 $;-165,68 $;0,00%;-165,68 $;0,00 $;-165,68 $;0,00 $;-165,68 $;0,00;160,00 $;0,00 $;165,68 $;0,09%;
18/01/2019;1;603,88 $;24,32 $;24,32 $;0,00 $;5,68 $;-187,04 $;0,00 $;100,00%;24,32 $;24,32 $;0,00 $;24,32 $;0,00 $;0,00;0,00 $;30,00 $;5,68 $;0,09%;
21/01/2019;1;653,20 $;49,32 $;49,32 $;0,00 $;5,68 $;-137,72 $;0,00 $;100,00%;49,32 $;49,32 $;0,00 $;49,32 $;0,00 $;65,00;85,00 $;160,00 $;110,68 $;0,09%;
25/01/2019;1;822,52 $;169,32 $;169,32 $;0,00 $;5,68 $;0,00 $;0,00 $;100,00%;169,32 $;169,32 $;0,00 $;169,32 $;0,00 $;355,00;205,00 $;480,00 $;310,68 $;0,09%;
28/01/2019;1;276,84 $;-545,68 $;0,00 $;-545,68 $;5,68 $;-545,68 $;-545,68 $;0,00%;-545,68 $;0,00 $;-545,68 $;0,00 $;-545,68 $;80,00;540,00 $;345,00 $;890,68 $;0,09%;
30/01/2019;1;796,16 $;519,32 $;519,32 $;0,00 $;5,68 $;-26,36 $;0,00 $;100,00%;519,32 $;519,32 $;0,00 $;519,32 $;0,00 $;90,00;225,00 $;525,00 $;5,68 $;0,09%;
31/01/2019;1;1380,48 $;584,32 $;584,32 $;0,00 $;5,68 $;0,00 $;0,00 $;100,00%;584,32 $;584,32 $;0,00 $;584,32 $;0,00 $;80,00;120,00 $;590,00 $;5,68 $;0,09%;
01/02/2019;1;589,80 $;-790,68 $;0,00 $;-790,68 $;5,68 $;-790,68 $;-790,68 $;0,00%;-790,68 $;0,00 $;-790,68 $;0,00 $;-790,68 $;190,00;785,00 $;215,00 $;1005,68 $;0,09%;
04/02/2019;1;1254,12 $;664,32 $;664,32 $;0,00 $;5,68 $;-126,36 $;0,00 $;100,00%;664,32 $;664,32 $;0,00 $;664,32 $;0,00 $;45,00;25,00 $;670,00 $;5,68 $;0,09%;
05/02/2019;1;658,44 $;-595,68 $;0,00 $;-595,68 $;5,68 $;-722,04 $;-595,68 $;0,00%;-595,68 $;0,00 $;-595,68 $;0,00 $;-595,68 $;120,00;590,00 $;80,00 $;675,68 $;0,09%;
07/02/2019;1;-87,24 $;-745,68 $;0,00 $;-745,68 $;5,68 $;-1467,72 $;-745,68 $;0,00%;-745,68 $;0,00 $;-745,68 $;0,00 $;-745,68 $;10,00;740,00 $;90,00 $;835,68 $;0,09%;
08/02/2019;1;422,08 $;509,32 $;509,32 $;0,00 $;5,68 $;-958,40 $;0,00 $;100,00%;509,32 $;509,32 $;0,00 $;509,32 $;0,00 $;70,00;115,00 $;515,00 $;5,68 $;0,09%;
12/02/2019;1;666,40 $;244,32 $;244,32 $;0,00 $;5,68 $;-714,08 $;0,00 $;100,00%;244,32 $;244,32 $;0,00 $;244,32 $;0,00 $;160,00;125,00 $;250,00 $;5,68 $;0,09%;
14/02/2019;1;230,72 $;-435,68 $;0,00 $;-435,68 $;5,68 $;-1149,76 $;-435,68 $;0,00%;-435,68 $;0,00 $;-435,68 $;0,00 $;-435,68 $;275,00;470,00 $;325,00 $;760,68 $;0,09%;
18/02/2019;1;360,04 $;129,32 $;129,32 $;0,00 $;5,68 $;-1020,44 $;0,00 $;100,00%;129,32 $;129,32 $;0,00 $;129,32 $;0,00 $;120,00;105,00 $;135,00 $;5,68 $;0,09%;
19/02/2019;1;669,36 $;309,32 $;309,32 $;0,00 $;5,68 $;-711,12 $;0,00 $;100,00%;309,32 $;309,32 $;0,00 $;309,32 $;0,00 $;25,00;165,00 $;315,00 $;5,68 $;0,09%;
20/02/2019;1;163,68 $;-505,68 $;0,00 $;-505,68 $;5,68 $;-1216,80 $;-505,68 $;0,00%;-505,68 $;0,00 $;-505,68 $;0,00 $;-505,68 $;80,00;500,00 $;25,00 $;530,68 $;0,09%;
21/02/2019;1;-347,00 $;-510,68 $;0,00 $;-510,68 $;5,68 $;-1727,48 $;-510,68 $;0,00%;-510,68 $;0,00 $;-510,68 $;0,00 $;-510,68 $;260,00;990,00 $;130,00 $;640,68 $;0,09%;
22/02/2019;1;-27,68 $;319,32 $;319,32 $;0,00 $;5,68 $;-1408,16 $;0,00 $;100,00%;319,32 $;319,32 $;0,00 $;319,32 $;0,00 $;345,00;525,00 $;340,00 $;20,68 $;0,09%;
26/02/2019;1;-583,36 $;-555,68 $;0,00 $;-555,68 $;5,68 $;-1963,84 $;-555,68 $;0,00%;-555,68 $;0,00 $;-555,68 $;0,00 $;-555,68 $;120,00;575,00 $;245,00 $;800,68 $;0,09%;
27/02/2019;1;-639,04 $;-55,68 $;0,00 $;-55,68 $;5,68 $;-2019,52 $;-55,68 $;0,00%;-55,68 $;0,00 $;-55,68 $;0,00 $;-55,68 $;125,00;345,00 $;60,00 $;115,68 $;0,09%;
28/02/2019;1;-979,72 $;-340,68 $;0,00 $;-340,68 $;5,68 $;-2360,20 $;-340,68 $;0,00%;-340,68 $;0,00 $;-340,68 $;0,00 $;-340,68 $;260,00;660,00 $;70,00 $;410,68 $;0,09%;
01/03/2019;1;-1020,40 $;-40,68 $;0,00 $;-40,68 $;5,68 $;-2400,88 $;-40,68 $;0,00%;-40,68 $;0,00 $;-40,68 $;0,00 $;-40,68 $;130,00;270,00 $;80,00 $;120,68 $;0,09%;
05/03/2019;1;-1146,08 $;-125,68 $;0,00 $;-125,68 $;5,68 $;-2526,56 $;-125,68 $;0,00%;-125,68 $;0,00 $;-125,68 $;0,00 $;-125,68 $;320,00;185,00 $;345,00 $;470,68 $;0,09%;
08/03/2019;1;-476,76 $;669,32 $;669,32 $;0,00 $;5,68 $;-1857,24 $;0,00 $;100,00%;669,32 $;669,32 $;0,00 $;669,32 $;0,00 $;290,00;455,00 $;675,00 $;5,68 $;0,09%;
11/03/2019;1;-132,44 $;344,32 $;344,32 $;0,00 $;5,68 $;-1512,92 $;0,00 $;100,00%;344,32 $;344,32 $;0,00 $;344,32 $;0,00 $;35,00;75,00 $;350,00 $;5,68 $;0,09%;
12/03/2019;1;56,88 $;189,32 $;189,32 $;0,00 $;5,68 $;-1323,60 $;0,00 $;100,00%;189,32 $;189,32 $;0,00 $;189,32 $;0,00 $;65,00;420,00 $;195,00 $;5,68 $;0,09%;
13/03/2019;1;196,20 $;139,32 $;139,32 $;0,00 $;5,68 $;-1184,28 $;0,00 $;100,00%;139,32 $;139,32 $;0,00 $;139,32 $;0,00 $;5,00;35,00 $;145,00 $;5,68 $;0,09%;
15/03/2019;1;475,52 $;279,32 $;279,32 $;0,00 $;5,68 $;-904,96 $;0,00 $;100,00%;279,32 $;279,32 $;0,00 $;279,32 $;0,00 $;320,00;135,00 $;585,00 $;305,68 $;0,09%;
19/03/2019;1;754,84 $;279,32 $;279,32 $;0,00 $;5,68 $;-625,64 $;0,00 $;100,00%;279,32 $;279,32 $;0,00 $;279,32 $;0,00 $;15,00;35,00 $;285,00 $;5,68 $;0,09%;
20/03/2019;1;749,16 $;-5,68 $;0,00 $;-5,68 $;5,68 $;-631,32 $;-5,68 $;0,00%;-5,68 $;0,00 $;-5,68 $;0,00 $;-5,68 $;0,00;0,00 $;0,00 $;5,68 $;0,09%;
21/03/2019;1;1083,48 $;334,32 $;334,32 $;0,00 $;5,68 $;-297,00 $;0,00 $;100,00%;334,32 $;334,32 $;0,00 $;334,32 $;0,00 $;15,00;145,00 $;340,00 $;5,68 $;0,09%;
29/03/2019;1;1477,80 $;394,32 $;394,32 $;0,00 $;5,68 $;0,00 $;0,00 $;100,00%;394,32 $;394,32 $;0,00 $;394,32 $;0,00 $;305,00;415,00 $;435,00 $;40,68 $;0,09%;
01/04/2019;1;1932,12 $;454,32 $;454,32 $;0,00 $;5,68 $;0,00 $;0,00 $;100,00%;454,32 $;454,32 $;0,00 $;454,32 $;0,00 $;270,00;315,00 $;460,00 $;5,68 $;0,09%;
02/04/2019;1;2296,44 $;364,32 $;364,32 $;0,00 $;5,68 $;0,00 $;0,00 $;100,00%;364,32 $;364,32 $;0,00 $;364,32 $;0,00 $;265,00;355,00 $;370,00 $;5,68 $;0,09%;
03/04/2019;1;2405,76 $;109,32 $;109,32 $;0,00 $;5,68 $;0,00 $;0,00 $;100,00%;109,32 $;109,32 $;0,00 $;109,32 $;0,00 $;20,00;105,00 $;115,00 $;5,68 $;0,09%;
05/04/2019;1;2460,08 $;54,32 $;54,32 $;0,00 $;5,68 $;0,00 $;0,00 $;100,00%;54,32 $;54,32 $;0,00 $;54,32 $;0,00 $;0,00;35,00 $;60,00 $;5,68 $;0,09%;
08/04/2019;1;2759,40 $;299,32 $;299,32 $;0,00 $;5,68 $;0,00 $;0,00 $;100,00%;299,32 $;299,32 $;0,00 $;299,32 $;0,00 $;40,00;75,00 $;305,00 $;5,68 $;0,09%;
09/04/2019;1;2358,72 $;-400,68 $;0,00 $;-400,68 $;5,68 $;-400,68 $;-400,68 $;0,00%;-400,68 $;0,00 $;-400,68 $;0,00 $;-400,68 $;60,00;395,00 $;65,00 $;465,68 $;0,09%;
10/04/2019;1;2613,04 $;254,32 $;254,32 $;0,00 $;5,68 $;-146,36 $;0,00 $;100,00%;254,32 $;254,32 $;0,00 $;254,32 $;0,00 $;240,00;380,00 $;260,00 $;5,68 $;0,09%;
18/04/2019;1;2712,36 $;99,32 $;99,32 $;0,00 $;5,68 $;-47,04 $;0,00 $;100,00%;99,32 $;99,32 $;0,00 $;99,32 $;0,00 $;150,00;170,00 $;115,00 $;15,68 $;0,09%;
22/04/2019;1;3106,68 $;394,32 $;394,32 $;0,00 $;5,68 $;0,00 $;0,00 $;100,00%;394,32 $;394,32 $;0,00 $;394,32 $;0,00 $;285,00;40,00 $;400,00 $;5,68 $;0,09%;
23/04/2019;1;3521,00 $;414,32 $;414,32 $;0,00 $;5,68 $;0,00 $;0,00 $;100,00%;414,32 $;414,32 $;0,00 $;414,32 $;0,00 $;170,00;75,00 $;420,00 $;5,68 $;0,09%;
24/04/2019;1;2885,32 $;-635,68 $;0,00 $;-635,68 $;5,68 $;-635,68 $;-635,68 $;0,00%;-635,68 $;0,00 $;-635,68 $;0,00 $;-635,68 $;100,00;630,00 $;30,00 $;665,68 $;0,09%;
26/04/2019;1;3559,64 $;674,32 $;674,32 $;0,00 $;5,68 $;0,00 $;0,00 $;100,00%;674,32 $;674,32 $;0,00 $;674,32 $;0,00 $;260,00;175,00 $;680,00 $;5,68 $;0,09%;
29/04/2019;1;3008,96 $;-550,68 $;0,00 $;-550,68 $;5,68 $;-550,68 $;-550,68 $;0,00%;-550,68 $;0,00 $;-550,68 $;0,00 $;-550,68 $;310,00;545,00 $;270,00 $;820,68 $;0,09%;
30/04/2019;1;2973,28 $;-35,68 $;0,00 $;-35,68 $;5,68 $;-586,36 $;-35,68 $;0,00%;-35,68 $;0,00 $;-35,68 $;0,00 $;-35,68 $;0,00;30,00 $;0,00 $;35,68 $;0,09%;
01/05/2019;1;2272,60 $;-700,68 $;0,00 $;-700,68 $;5,68 $;-1287,04 $;-700,68 $;0,00%;-700,68 $;0,00 $;-700,68 $;0,00 $;-700,68 $;170,00;695,00 $;160,00 $;860,68 $;0,09%;
03/05/2019;1;2766,92 $;494,32 $;494,32 $;0,00 $;5,68 $;-792,72 $;0,00 $;100,00%;494,32 $;494,32 $;0,00 $;494,32 $;0,00 $;170,00;200,00 $;500,00 $;5,68 $;0,09%;
06/05/2019;1;3276,24 $;509,32 $;509,32 $;0,00 $;5,68 $;-283,40 $;0,00 $;100,00%;509,32 $;509,32 $;0,00 $;509,32 $;0,00 $;50,00;235,00 $;515,00 $;5,68 $;0,09%;
08/05/2019;1;2565,56 $;-710,68 $;0,00 $;-710,68 $;5,68 $;-994,08 $;-710,68 $;0,00%;-710,68 $;0,00 $;-710,68 $;0,00 $;-710,68 $;340,00;1020,00 $;155,00 $;865,68 $;0,09%;
09/05/2019;1;3029,88 $;464,32 $;464,32 $;0,00 $;5,68 $;-529,76 $;0,00 $;100,00%;464,32 $;464,32 $;0,00 $;464,32 $;0,00 $;60,00;315,00 $;470,00 $;5,68 $;0,09%;
10/05/2019;1;2659,20 $;-370,68 $;0,00 $;-370,68 $;5,68 $;-900,44 $;-370,68 $;0,00%;-370,68 $;0,00 $;-370,68 $;0,00 $;-370,68 $;85,00;1030,00 $;5,00 $;375,68 $;0,09%;
14/05/2019;1;3633,52 $;974,32 $;974,32 $;0,00 $;5,68 $;0,00 $;0,00 $;100,00%;974,32 $;974,32 $;0,00 $;974,32 $;0,00 $;75,00;135,00 $;980,00 $;5,68 $;0,09%;
15/05/2019;1;3662,84 $;29,32 $;29,32 $;0,00 $;5,68 $;0,00 $;0,00 $;100,00%;29,32 $;29,32 $;0,00 $;29,32 $;0,00 $;0,00;0,00 $;35,00 $;5,68 $;0,09%;
16/05/2019;1;3982,16 $;319,32 $;319,32 $;0,00 $;5,68 $;0,00 $;0,00 $;100,00%;319,32 $;319,32 $;0,00 $;319,32 $;0,00 $;65,00;115,00 $;325,00 $;5,68 $;0,09%;
17/05/2019;1;3971,48 $;-10,68 $;0,00 $;-10,68 $;5,68 $;-10,68 $;-10,68 $;0,00%;-10,68 $;0,00 $;-10,68 $;0,00 $;-10,68 $;0,00;5,00 $;0,00 $;10,68 $;0,09%;
20/05/2019;1;2670,80 $;-1300,68 $;0,00 $;-1300,68 $;5,68 $;-1311,36 $;-1300,68 $;0,00%;-1300,68 $;0,00 $;-1300,68 $;0,00 $;-1300,68 $;270,00;1295,00 $;160,00 $;1460,68 $;0,09%;
21/05/2019;1;2470,12 $;-200,68 $;0,00 $;-200,68 $;5,68 $;-1512,04 $;-200,68 $;0,00%;-200,68 $;0,00 $;-200,68 $;0,00 $;-200,68 $;355,00;545,00 $;260,00 $;460,68 $;0,09%;
22/05/2019;1;1899,44 $;-570,68 $;0,00 $;-570,68 $;5,68 $;-2082,72 $;-570,68 $;0,00%;-570,68 $;0,00 $;-570,68 $;0,00 $;-570,68 $;70,00;565,00 $;25,00 $;595,68 $;0,09%;
29/05/2019;1;948,76 $;-950,68 $;0,00 $;-950,68 $;5,68 $;-3033,40 $;-950,68 $;0,00%;-950,68 $;0,00 $;-950,68 $;0,00 $;-950,68 $;50,00;945,00 $;55,00 $;1005,68 $;0,09%;
31/05/2019;1;483,08 $;-465,68 $;0,00 $;-465,68 $;5,68 $;-3499,08 $;-465,68 $;0,00%;-465,68 $;0,00 $;-465,68 $;0,00 $;-465,68 $;290,00;460,00 $;660,00 $;1125,68 $;0,09%;
04/06/2019;1;457,40 $;-25,68 $;0,00 $;-25,68 $;5,68 $;-3524,76 $;-25,68 $;0,00%;-25,68 $;0,00 $;-25,68 $;0,00 $;-25,68 $;0,00;20,00 $;0,00 $;25,68 $;0,09%;
05/06/2019;1;381,72 $;-75,68 $;0,00 $;-75,68 $;5,68 $;-3600,44 $;-75,68 $;0,00%;-75,68 $;0,00 $;-75,68 $;0,00 $;-75,68 $;5,00;75,00 $;15,00 $;90,68 $;0,09%;
06/06/2019;1;791,04 $;409,32 $;409,32 $;0,00 $;5,68 $;-3191,12 $;0,00 $;100,00%;409,32 $;409,32 $;0,00 $;409,32 $;0,00 $;35,00;125,00 $;415,00 $;5,68 $;0,09%;
07/06/2019;1;840,36 $;49,32 $;49,32 $;0,00 $;5,68 $;-3141,80 $;0,00 $;100,00%;49,32 $;49,32 $;0,00 $;49,32 $;0,00 $;0,00;0,00 $;55,00 $;5,68 $;0,09%;
10/06/2019;1;1424,68 $;584,32 $;584,32 $;0,00 $;5,68 $;-2557,48 $;0,00 $;100,00%;584,32 $;584,32 $;0,00 $;584,32 $;0,00 $;55,00;165,00 $;590,00 $;5,68 $;0,09%;
14/06/2019;1;1869,00 $;444,32 $;444,32 $;0,00 $;5,68 $;-2113,16 $;0,00 $;100,00%;444,32 $;444,32 $;0,00 $;444,32 $;0,00 $;250,00;445,00 $;450,00 $;5,68 $;0,09%;
18/06/2019;1;968,32 $;-900,68 $;0,00 $;-900,68 $;5,68 $;-3013,84 $;-900,68 $;0,00%;-900,68 $;0,00 $;-900,68 $;0,00 $;-900,68 $;350,00;1180,00 $;80,00 $;980,68 $;0,09%;
19/06/2019;1;1112,64 $;144,32 $;144,32 $;0,00 $;5,68 $;-2869,52 $;0,00 $;100,00%;144,32 $;144,32 $;0,00 $;144,32 $;0,00 $;10,00;440,00 $;150,00 $;5,68 $;0,09%;
21/06/2019;1;1556,96 $;444,32 $;444,32 $;0,00 $;5,68 $;-2425,20 $;0,00 $;100,00%;444,32 $;444,32 $;0,00 $;444,32 $;0,00 $;5,00;10,00 $;450,00 $;5,68 $;0,09%;
28/06/2019;1;1926,28 $;369,32 $;369,32 $;0,00 $;5,68 $;-2055,88 $;0,00 $;100,00%;369,32 $;369,32 $;0,00 $;369,32 $;0,00 $;225,00;610,00 $;375,00 $;5,68 $;0,09%;
02/07/2019;1;1615,60 $;-310,68 $;0,00 $;-310,68 $;5,68 $;-2366,56 $;-310,68 $;0,00%;-310,68 $;0,00 $;-310,68 $;0,00 $;-310,68 $;50,00;305,00 $;175,00 $;485,68 $;0,09%;
03/07/2019;1;1709,92 $;94,32 $;94,32 $;0,00 $;5,68 $;-2272,24 $;0,00 $;100,00%;94,32 $;94,32 $;0,00 $;94,32 $;0,00 $;5,00;20,00 $;100,00 $;5,68 $;0,09%;
04/07/2019;1;1694,24 $;-15,68 $;0,00 $;-15,68 $;5,68 $;-2287,92 $;-15,68 $;0,00%;-15,68 $;0,00 $;-15,68 $;0,00 $;-15,68 $;105,00;90,00 $;85,00 $;100,68 $;0,09%;
05/07/2019;1;2138,56 $;444,32 $;444,32 $;0,00 $;5,68 $;-1843,60 $;0,00 $;100,00%;444,32 $;444,32 $;0,00 $;444,32 $;0,00 $;115,00;130,00 $;450,00 $;5,68 $;0,09%;
08/07/2019;1;2482,88 $;344,32 $;344,32 $;0,00 $;5,68 $;-1499,28 $;0,00 $;100,00%;344,32 $;344,32 $;0,00 $;344,32 $;0,00 $;285,00;255,00 $;350,00 $;5,68 $;0,09%;
09/07/2019;1;2797,20 $;314,32 $;314,32 $;0,00 $;5,68 $;-1184,96 $;0,00 $;100,00%;314,32 $;314,32 $;0,00 $;314,32 $;0,00 $;110,00;170,00 $;320,00 $;5,68 $;0,09%;
12/07/2019;1;2961,52 $;164,32 $;164,32 $;0,00 $;5,68 $;-1020,64 $;0,00 $;100,00%;164,32 $;164,32 $;0,00 $;164,32 $;0,00 $;180,00;195,00 $;170,00 $;5,68 $;0,09%;
15/07/2019;1;3080,84 $;119,32 $;119,32 $;0,00 $;5,68 $;-901,32 $;0,00 $;100,00%;119,32 $;119,32 $;0,00 $;119,32 $;0,00 $;80,00;105,00 $;125,00 $;5,68 $;0,09%;
18/07/2019;1;3175,16 $;94,32 $;94,32 $;0,00 $;5,68 $;-807,00 $;0,00 $;100,00%;94,32 $;94,32 $;0,00 $;94,32 $;0,00 $;5,00;65,00 $;100,00 $;5,68 $;0,09%;
22/07/2019;1;3214,48 $;39,32 $;39,32 $;0,00 $;5,68 $;-767,68 $;0,00 $;100,00%;39,32 $;39,32 $;0,00 $;39,32 $;0,00 $;95,00;250,00 $;160,00 $;120,68 $;0,09%;
23/07/2019;1;3693,80 $;479,32 $;479,32 $;0,00 $;5,68 $;-288,36 $;0,00 $;100,00%;479,32 $;479,32 $;0,00 $;479,32 $;0,00 $;115,00;60,00 $;485,00 $;5,68 $;0,09%;
24/07/2019;1;4093,12 $;399,32 $;399,32 $;0,00 $;5,68 $;0,00 $;0,00 $;100,00%;399,32 $;399,32 $;0,00 $;399,32 $;0,00 $;240,00;270,00 $;405,00 $;5,68 $;0,09%;
25/07/2019;1;4162,44 $;69,32 $;69,32 $;0,00 $;5,68 $;0,00 $;0,00 $;100,00%;69,32 $;69,32 $;0,00 $;69,32 $;0,00 $;5,00;15,00 $;85,00 $;15,68 $;0,09%;
26/07/2019;1;3746,76 $;-415,68 $;0,00 $;-415,68 $;5,68 $;-415,68 $;-415,68 $;0,00%;-415,68 $;0,00 $;-415,68 $;0,00 $;-415,68 $;110,00;410,00 $;80,00 $;495,68 $;0,09%;
29/07/2019;1;3726,08 $;-20,68 $;0,00 $;-20,68 $;5,68 $;-436,36 $;-20,68 $;0,00%;-20,68 $;0,00 $;-20,68 $;0,00 $;-20,68 $;60,00;120,00 $;40,00 $;60,68 $;0,09%;
30/07/2019;1;2945,40 $;-780,68 $;0,00 $;-780,68 $;5,68 $;-1217,04 $;-780,68 $;0,00%;-780,68 $;0,00 $;-780,68 $;0,00 $;-780,68 $;130,00;775,00 $;30,00 $;810,68 $;0,09%;
01/08/2019;1;3264,72 $;319,32 $;319,32 $;0,00 $;5,68 $;-897,72 $;0,00 $;100,00%;319,32 $;319,32 $;0,00 $;319,32 $;0,00 $;15,00;100,00 $;325,00 $;5,68 $;0,09%;
06/08/2019;1;2799,04 $;-465,68 $;0,00 $;-465,68 $;5,68 $;-1363,40 $;-465,68 $;0,00%;-465,68 $;0,00 $;-465,68 $;0,00 $;-465,68 $;130,00;615,00 $;15,00 $;480,68 $;0,09%;
07/08/2019;1;4063,36 $;1264,32 $;1264,32 $;0,00 $;5,68 $;-99,08 $;0,00 $;100,00%;1264,32 $;1264,32 $;0,00 $;1264,32 $;0,00 $;190,00;470,00 $;1270,00 $;5,68 $;0,09%;
08/08/2019;1;4737,68 $;674,32 $;674,32 $;0,00 $;5,68 $;0,00 $;0,00 $;100,00%;674,32 $;674,32 $;0,00 $;674,32 $;0,00 $;60,00;70,00 $;680,00 $;5,68 $;0,09%;
12/08/2019;1;3967,00 $;-770,68 $;0,00 $;-770,68 $;5,68 $;-770,68 $;-770,68 $;0,00%;-770,68 $;0,00 $;-770,68 $;0,00 $;-770,68 $;30,00;765,00 $;95,00 $;865,68 $;0,09%;
16/08/2019;1;4161,32 $;194,32 $;194,32 $;0,00 $;5,68 $;-576,36 $;0,00 $;100,00%;194,32 $;194,32 $;0,00 $;194,32 $;0,00 $;0,00;0,00 $;200,00 $;5,68 $;0,09%;
19/08/2019;1;3630,64 $;-530,68 $;0,00 $;-530,68 $;5,68 $;-1107,04 $;-530,68 $;0,00%;-530,68 $;0,00 $;-530,68 $;0,00 $;-530,68 $;215,00;620,00 $;65,00 $;595,68 $;0,09%;
20/08/2019;1;4044,96 $;414,32 $;414,32 $;0,00 $;5,68 $;-692,72 $;0,00 $;100,00%;414,32 $;414,32 $;0,00 $;414,32 $;0,00 $;40,00;315,00 $;420,00 $;5,68 $;0,09%;
23/08/2019;1;2244,28 $;-1800,68 $;0,00 $;-1800,68 $;5,68 $;-2493,40 $;-1800,68 $;0,00%;-1800,68 $;0,00 $;-1800,68 $;0,00 $;-1800,68 $;5,00;1795,00 $;135,00 $;1935,68 $;0,09%;
26/08/2019;1;2733,60 $;489,32 $;489,32 $;0,00 $;5,68 $;-2004,08 $;0,00 $;100,00%;489,32 $;489,32 $;0,00 $;489,32 $;0,00 $;200,00;510,00 $;495,00 $;5,68 $;0,09%;
28/08/2019;1;2602,92 $;-130,68 $;0,00 $;-130,68 $;5,68 $;-2134,76 $;-130,68 $;0,00%;-130,68 $;0,00 $;-130,68 $;0,00 $;-130,68 $;315,00;440,00 $;355,00 $;485,68 $;0,09%;
29/08/2019;1;2322,24 $;-280,68 $;0,00 $;-280,68 $;5,68 $;-2415,44 $;-280,68 $;0,00%;-280,68 $;0,00 $;-280,68 $;0,00 $;-280,68 $;65,00;275,00 $;145,00 $;425,68 $;0,09%;
02/09/2019;1;1826,56 $;-495,68 $;0,00 $;-495,68 $;5,68 $;-2911,12 $;-495,68 $;0,00%;-495,68 $;0,00 $;-495,68 $;0,00 $;-495,68 $;75,00;490,00 $;120,00 $;615,68 $;0,09%;
04/09/2019;1;1995,88 $;169,32 $;169,32 $;0,00 $;5,68 $;-2741,80 $;0,00 $;100,00%;169,32 $;169,32 $;0,00 $;169,32 $;0,00 $;230,00;270,00 $;315,00 $;145,68 $;0,09%;
05/09/2019;1;1555,20 $;-440,68 $;0,00 $;-440,68 $;5,68 $;-3182,48 $;-440,68 $;0,00%;-440,68 $;0,00 $;-440,68 $;0,00 $;-440,68 $;385,00;665,00 $;145,00 $;585,68 $;0,09%;
06/09/2019;1;1394,52 $;-160,68 $;0,00 $;-160,68 $;5,68 $;-3343,16 $;-160,68 $;0,00%;-160,68 $;0,00 $;-160,68 $;0,00 $;-160,68 $;190,00;445,00 $;130,00 $;290,68 $;0,09%;
10/09/2019;1;1783,84 $;389,32 $;389,32 $;0,00 $;5,68 $;-2953,84 $;0,00 $;100,00%;389,32 $;389,32 $;0,00 $;389,32 $;0,00 $;100,00;530,00 $;395,00 $;5,68 $;0,09%;
11/09/2019;1;2173,16 $;389,32 $;389,32 $;0,00 $;5,68 $;-2564,52 $;0,00 $;100,00%;389,32 $;389,32 $;0,00 $;389,32 $;0,00 $;90,00;110,00 $;395,00 $;5,68 $;0,09%;
12/09/2019;1;1087,48 $;-1085,68 $;0,00 $;-1085,68 $;5,68 $;-3650,20 $;-1085,68 $;0,00%;-1085,68 $;0,00 $;-1085,68 $;0,00 $;-1085,68 $;380,00;1115,00 $;75,00 $;1160,68 $;0,09%;
13/09/2019;1;451,80 $;-635,68 $;0,00 $;-635,68 $;5,68 $;-4285,88 $;-635,68 $;0,00%;-635,68 $;0,00 $;-635,68 $;0,00 $;-635,68 $;135,00;630,00 $;35,00 $;670,68 $;0,09%;
17/09/2019;1;591,12 $;139,32 $;139,32 $;0,00 $;5,68 $;-4146,56 $;0,00 $;100,00%;139,32 $;139,32 $;0,00 $;139,32 $;0,00 $;10,00;35,00 $;145,00 $;5,68 $;0,09%;
18/09/2019;1;580,44 $;-10,68 $;0,00 $;-10,68 $;5,68 $;-4157,24 $;-10,68 $;0,00%;-10,68 $;0,00 $;-10,68 $;0,00 $;-10,68 $;0,00;5,00 $;0,00 $;10,68 $;0,09%;
23/09/2019;1;894,76 $;314,32 $;314,32 $;0,00 $;5,68 $;-3842,92 $;0,00 $;100,00%;314,32 $;314,32 $;0,00 $;314,32 $;0,00 $;255,00;275,00 $;345,00 $;30,68 $;0,09%;
25/09/2019;1;1899,08 $;1004,32 $;1004,32 $;0,00 $;5,68 $;-2838,60 $;0,00 $;100,00%;1004,32 $;1004,32 $;0,00 $;1004,32 $;0,00 $;210,00;285,00 $;1010,00 $;5,68 $;0,09%;
26/09/2019;1;1683,40 $;-215,68 $;0,00 $;-215,68 $;5,68 $;-3054,28 $;-215,68 $;0,00%;-215,68 $;0,00 $;-215,68 $;0,00 $;-215,68 $;70,00;290,00 $;110,00 $;325,68 $;0,09%;
30/09/2019;1;2202,72 $;519,32 $;519,32 $;0,00 $;5,68 $;-2534,96 $;0,00 $;100,00%;519,32 $;519,32 $;0,00 $;519,32 $;0,00 $;55,00;105,00 $;525,00 $;5,68 $;0,09%;
03/10/2019;1;3287,04 $;1084,32 $;1084,32 $;0,00 $;5,68 $;-1450,64 $;0,00 $;100,00%;1084,32 $;1084,32 $;0,00 $;1084,32 $;0,00 $;330,00;450,00 $;1145,00 $;60,68 $;0,09%;
04/10/2019;1;3896,36 $;609,32 $;609,32 $;0,00 $;5,68 $;-841,32 $;0,00 $;100,00%;609,32 $;609,32 $;0,00 $;609,32 $;0,00 $;235,00;150,00 $;615,00 $;5,68 $;0,09%;
07/10/2019;1;3975,68 $;79,32 $;79,32 $;0,00 $;5,68 $;-762,00 $;0,00 $;100,00%;79,32 $;79,32 $;0,00 $;79,32 $;0,00 $;140,00;660,00 $;85,00 $;5,68 $;0,09%;
08/10/2019;1;2790,00 $;-1185,68 $;0,00 $;-1185,68 $;5,68 $;-1947,68 $;-1185,68 $;0,00%;-1185,68 $;0,00 $;-1185,68 $;0,00 $;-1185,68 $;135,00;1180,00 $;745,00 $;1930,68 $;0,09%;
09/10/2019;1;2869,32 $;79,32 $;79,32 $;0,00 $;5,68 $;-1868,36 $;0,00 $;100,00%;79,32 $;79,32 $;0,00 $;79,32 $;0,00 $;275,00;200,00 $;665,00 $;585,68 $;0,09%;
10/10/2019;1;3028,64 $;159,32 $;159,32 $;0,00 $;5,68 $;-1709,04 $;0,00 $;100,00%;159,32 $;159,32 $;0,00 $;159,32 $;0,00 $;345,00;1410,00 $;405,00 $;245,68 $;0,09%;
11/10/2019;1;2262,96 $;-765,68 $;0,00 $;-765,68 $;5,68 $;-2474,72 $;-765,68 $;0,00%;-765,68 $;0,00 $;-765,68 $;0,00 $;-765,68 $;70,00;760,00 $;325,00 $;1090,68 $;0,09%;
15/10/2019;1;2237,28 $;-25,68 $;0,00 $;-25,68 $;5,68 $;-2500,40 $;-25,68 $;0,00%;-25,68 $;0,00 $;-25,68 $;0,00 $;-25,68 $;0,00;20,00 $;0,00 $;25,68 $;0,09%;
16/10/2019;1;2416,60 $;179,32 $;179,32 $;0,00 $;5,68 $;-2321,08 $;0,00 $;100,00%;179,32 $;179,32 $;0,00 $;179,32 $;0,00 $;345,00;620,00 $;185,00 $;5,68 $;0,09%;
21/10/2019;1;2600,92 $;184,32 $;184,32 $;0,00 $;5,68 $;-2136,76 $;0,00 $;100,00%;184,32 $;184,32 $;0,00 $;184,32 $;0,00 $;255,00;115,00 $;265,00 $;80,68 $;0,09%;
23/10/2019;1;2085,24 $;-515,68 $;0,00 $;-515,68 $;5,68 $;-2652,44 $;-515,68 $;0,00%;-515,68 $;0,00 $;-515,68 $;0,00 $;-515,68 $;165,00;510,00 $;115,00 $;630,68 $;0,09%;
24/10/2019;1;1184,56 $;-900,68 $;0,00 $;-900,68 $;5,68 $;-3553,12 $;-900,68 $;0,00%;-900,68 $;0,00 $;-900,68 $;0,00 $;-900,68 $;310,00;945,00 $;295,00 $;1195,68 $;0,09%;
25/10/2019;1;1388,88 $;204,32 $;204,32 $;0,00 $;5,68 $;-3348,80 $;0,00 $;100,00%;204,32 $;204,32 $;0,00 $;204,32 $;0,00 $;15,00;110,00 $;210,00 $;5,68 $;0,09%;
28/10/2019;1;1478,20 $;89,32 $;89,32 $;0,00 $;5,68 $;-3259,48 $;0,00 $;100,00%;89,32 $;89,32 $;0,00 $;89,32 $;0,00 $;65,00;220,00 $;95,00 $;5,68 $;0,09%;
30/10/2019;1;2097,52 $;619,32 $;619,32 $;0,00 $;5,68 $;-2640,16 $;0,00 $;100,00%;619,32 $;619,32 $;0,00 $;619,32 $;0,00 $;255,00;675,00 $;625,00 $;5,68 $;0,09%;
06/11/2019;1;2116,84 $;19,32 $;19,32 $;0,00 $;5,68 $;-2620,84 $;0,00 $;100,00%;19,32 $;19,32 $;0,00 $;19,32 $;0,00 $;20,00;10,00 $;55,00 $;35,68 $;0,09%;
07/11/2019;1;2391,16 $;274,32 $;274,32 $;0,00 $;5,68 $;-2346,52 $;0,00 $;100,00%;274,32 $;274,32 $;0,00 $;274,32 $;0,00 $;80,00;115,00 $;280,00 $;5,68 $;0,09%;
08/11/2019;1;2885,48 $;494,32 $;494,32 $;0,00 $;5,68 $;-1852,20 $;0,00 $;100,00%;494,32 $;494,32 $;0,00 $;494,32 $;0,00 $;340,00;235,00 $;575,00 $;80,68 $;0,09%;
11/11/2019;1;3269,80 $;384,32 $;384,32 $;0,00 $;5,68 $;-1467,88 $;0,00 $;100,00%;384,32 $;384,32 $;0,00 $;384,32 $;0,00 $;375,00;75,00 $;405,00 $;20,68 $;0,09%;
12/11/2019;1;3389,12 $;119,32 $;119,32 $;0,00 $;5,68 $;-1348,56 $;0,00 $;100,00%;119,32 $;119,32 $;0,00 $;119,32 $;0,00 $;0,00;0,00 $;125,00 $;5,68 $;0,09%;
13/11/2019;1;3653,44 $;264,32 $;264,32 $;0,00 $;5,68 $;-1084,24 $;0,00 $;100,00%;264,32 $;264,32 $;0,00 $;264,32 $;0,00 $;380,00;345,00 $;495,00 $;230,68 $;0,09%;
14/11/2019;1;3652,76 $;-0,68 $;0,00 $;-0,68 $;5,68 $;-1084,92 $;-0,68 $;0,00%;-0,68 $;0,00 $;-0,68 $;0,00 $;-0,68 $;75,00;145,00 $;55,00 $;55,68 $;0,09%;
15/11/2019;1;3917,08 $;264,32 $;264,32 $;0,00 $;5,68 $;-820,60 $;0,00 $;100,00%;264,32 $;264,32 $;0,00 $;264,32 $;0,00 $;25,00;25,00 $;270,00 $;5,68 $;0,09%;
18/11/2019;1;4226,40 $;309,32 $;309,32 $;0,00 $;5,68 $;-511,28 $;0,00 $;100,00%;309,32 $;309,32 $;0,00 $;309,32 $;0,00 $;45,00;160,00 $;315,00 $;5,68 $;0,09%;
19/11/2019;1;3685,72 $;-540,68 $;0,00 $;-540,68 $;5,68 $;-1051,96 $;-540,68 $;0,00%;-540,68 $;0,00 $;-540,68 $;0,00 $;-540,68 $;150,00;535,00 $;40,00 $;580,68 $;0,09%;
20/11/2019;1;3130,04 $;-555,68 $;0,00 $;-555,68 $;5,68 $;-1607,64 $;-555,68 $;0,00%;-555,68 $;0,00 $;-555,68 $;0,00 $;-555,68 $;55,00;550,00 $;20,00 $;575,68 $;0,09%;
25/11/2019;1;3314,36 $;184,32 $;184,32 $;0,00 $;5,68 $;-1423,32 $;0,00 $;100,00%;184,32 $;184,32 $;0,00 $;184,32 $;0,00 $;310,00;165,00 $;190,00 $;5,68 $;0,09%;
26/11/2019;1;3528,68 $;214,32 $;214,32 $;0,00 $;5,68 $;-1209,00 $;0,00 $;100,00%;214,32 $;214,32 $;0,00 $;214,32 $;0,00 $;325,00;200,00 $;265,00 $;50,68 $;0,09%;
27/11/2019;1;3743,00 $;214,32 $;214,32 $;0,00 $;5,68 $;-994,68 $;0,00 $;100,00%;214,32 $;214,32 $;0,00 $;214,32 $;0,00 $;85,00;105,00 $;220,00 $;5,68 $;0,09%;
28/11/2019;1;3777,32 $;34,32 $;34,32 $;0,00 $;5,68 $;-960,36 $;0,00 $;100,00%;34,32 $;34,32 $;0,00 $;34,32 $;0,00 $;15,00;20,00 $;40,00 $;5,68 $;0,09%;
03/12/2019;1;4991,64 $;1214,32 $;1214,32 $;0,00 $;5,68 $;0,00 $;0,00 $;100,00%;1214,32 $;1214,32 $;0,00 $;1214,32 $;0,00 $;270,00;150,00 $;1220,00 $;5,68 $;0,09%;
06/12/2019;1;5205,96 $;214,32 $;214,32 $;0,00 $;5,68 $;0,00 $;0,00 $;100,00%;214,32 $;214,32 $;0,00 $;214,32 $;0,00 $;310,00;90,00 $;310,00 $;95,68 $;0,09%;
10/12/2019;1;4710,28 $;-495,68 $;0,00 $;-495,68 $;5,68 $;-495,68 $;-495,68 $;0,00%;-495,68 $;0,00 $;-495,68 $;0,00 $;-495,68 $;385,00;1000,00 $;110,00 $;605,68 $;0,09%;
11/12/2019;1;4779,60 $;69,32 $;69,32 $;0,00 $;5,68 $;-426,36 $;0,00 $;100,00%;69,32 $;69,32 $;0,00 $;69,32 $;0,00 $;120,00;190,00 $;140,00 $;70,68 $;0,09%;
16/12/2019;1;4718,92 $;-60,68 $;0,00 $;-60,68 $;5,68 $;-487,04 $;-60,68 $;0,00%;-60,68 $;0,00 $;-60,68 $;0,00 $;-60,68 $;380,00;200,00 $;145,00 $;205,68 $;0,09%;
18/12/2019;1;4548,24 $;-170,68 $;0,00 $;-170,68 $;5,68 $;-657,72 $;-170,68 $;0,00%;-170,68 $;0,00 $;-170,68 $;0,00 $;-170,68 $;320,00;435,00 $;175,00 $;345,68 $;0,09%;
19/12/2019;1;4707,56 $;159,32 $;159,32 $;0,00 $;5,68 $;-498,40 $;0,00 $;100,00%;159,32 $;159,32 $;0,00 $;159,32 $;0,00 $;10,00;5,00 $;165,00 $;5,68 $;0,09%;
20/12/2019;1;4806,88 $;99,32 $;99,32 $;0,00 $;5,68 $;-399,08 $;0,00 $;100,00%;99,32 $;99,32 $;0,00 $;99,32 $;0,00 $;330,00;225,00 $;245,00 $;145,68 $;0,09%;
23/12/2019;1;4501,20 $;-305,68 $;0,00 $;-305,68 $;5,68 $;-704,76 $;-305,68 $;0,00%;-305,68 $;0,00 $;-305,68 $;0,00 $;-305,68 $;235,00;300,00 $;30,00 $;335,68 $;0,09%;
26/12/2019;1;4580,52 $;79,32 $;79,32 $;0,00 $;5,68 $;-625,44 $;0,00 $;100,00%;79,32 $;79,32 $;0,00 $;79,32 $;0,00 $;35,00;45,00 $;85,00 $;5,68 $;0,09%;
30/12/2019;1;4214,84 $;-365,68 $;0,00 $;-365,68 $;5,68 $;-991,12 $;-365,68 $;0,00%;-365,68 $;0,00 $;-365,68 $;0,00 $;-365,68 $;250,00;605,00 $;110,00 $;475,68 $;0,09%;
31/12/2019;1;4324,16 $;109,32 $;109,32 $;0,00 $;5,68 $;-881,80 $;0,00 $;100,00%;109,32 $;109,32 $;0,00 $;109,32 $;0,00 $;45,00;65,00 $;120,00 $;10,68 $;0,09%;
02/01/2020;1;4653,48 $;329,32 $;329,32 $;0,00 $;5,68 $;-552,48 $;0,00 $;100,00%;329,32 $;329,32 $;0,00 $;329,32 $;0,00 $;70,00;5,00 $;335,00 $;5,68 $;0,09%;
03/01/2020;1;3967,80 $;-685,68 $;0,00 $;-685,68 $;5,68 $;-1238,16 $;-685,68 $;0,00%;-685,68 $;0,00 $;-685,68 $;0,00 $;-685,68 $;275,00;810,00 $;320,00 $;1005,68 $;0,09%;
06/01/2020;1;4437,12 $;469,32 $;469,32 $;0,00 $;5,68 $;-768,84 $;0,00 $;100,00%;469,32 $;469,32 $;0,00 $;469,32 $;0,00 $;220,00;235,00 $;475,00 $;5,68 $;0,09%;
07/01/2020;1;3471,44 $;-965,68 $;0,00 $;-965,68 $;5,68 $;-1734,52 $;-965,68 $;0,00%;-965,68 $;0,00 $;-965,68 $;0,00 $;-965,68 $;315,00;960,00 $;115,00 $;1080,68 $;0,09%;
08/01/2020;1;3245,76 $;-225,68 $;0,00 $;-225,68 $;5,68 $;-1960,20 $;-225,68 $;0,00%;-225,68 $;0,00 $;-225,68 $;0,00 $;-225,68 $;0,00;220,00 $;0,00 $;225,68 $;0,09%;
13/01/2020;1;3880,08 $;634,32 $;634,32 $;0,00 $;5,68 $;-1325,88 $;0,00 $;100,00%;634,32 $;634,32 $;0,00 $;634,32 $;0,00 $;105,00;30,00 $;640,00 $;5,68 $;0,09%;
14/01/2020;1;3359,40 $;-520,68 $;0,00 $;-520,68 $;5,68 $;-1846,56 $;-520,68 $;0,00%;-520,68 $;0,00 $;-520,68 $;0,00 $;-520,68 $;200,00;515,00 $;685,00 $;1205,68 $;0,09%;
16/01/2020;1;3323,72 $;-35,68 $;0,00 $;-35,68 $;5,68 $;-1882,24 $;-35,68 $;0,00%;-35,68 $;0,00 $;-35,68 $;0,00 $;-35,68 $;0,00;30,00 $;0,00 $;35,68 $;0,09%;
17/01/2020;1;3573,04 $;249,32 $;249,32 $;0,00 $;5,68 $;-1632,92 $;0,00 $;100,00%;249,32 $;249,32 $;0,00 $;249,32 $;0,00 $;0,00;0,00 $;255,00 $;5,68 $;0,09%;
20/01/2020;1;3557,36 $;-15,68 $;0,00 $;-15,68 $;5,68 $;-1648,60 $;-15,68 $;0,00%;-15,68 $;0,00 $;-15,68 $;0,00 $;-15,68 $;45,00;65,00 $;15,00 $;30,68 $;0,09%;
21/01/2020;1;2861,68 $;-695,68 $;0,00 $;-695,68 $;5,68 $;-2344,28 $;-695,68 $;0,00%;-695,68 $;0,00 $;-695,68 $;0,00 $;-695,68 $;130,00;690,00 $;205,00 $;900,68 $;0,09%;
23/01/2020;1;3601,00 $;739,32 $;739,32 $;0,00 $;5,68 $;-1604,96 $;0,00 $;100,00%;739,32 $;739,32 $;0,00 $;739,32 $;0,00 $;120,00;65,00 $;745,00 $;5,68 $;0,09%;
27/01/2020;1;2685,32 $;-915,68 $;0,00 $;-915,68 $;5,68 $;-2520,64 $;-915,68 $;0,00%;-915,68 $;0,00 $;-915,68 $;0,00 $;-915,68 $;190,00;910,00 $;150,00 $;1065,68 $;0,09%;
28/01/2020;1;2804,64 $;119,32 $;119,32 $;0,00 $;5,68 $;-2401,32 $;0,00 $;100,00%;119,32 $;119,32 $;0,00 $;119,32 $;0,00 $;0,00;0,00 $;125,00 $;5,68 $;0,09%;
29/01/2020;1;1888,96 $;-915,68 $;0,00 $;-915,68 $;5,68 $;-3317,00 $;-915,68 $;0,00%;-915,68 $;0,00 $;-915,68 $;0,00 $;-915,68 $;130,00;1400,00 $;55,00 $;970,68 $;0,09%;
30/01/2020;1;2188,28 $;299,32 $;299,32 $;0,00 $;5,68 $;-3017,68 $;0,00 $;100,00%;299,32 $;299,32 $;0,00 $;299,32 $;0,00 $;10,00;85,00 $;305,00 $;5,68 $;0,09%;
04/02/2020;1;2917,60 $;729,32 $;729,32 $;0,00 $;5,68 $;-2288,36 $;0,00 $;100,00%;729,32 $;729,32 $;0,00 $;729,32 $;0,00 $;40,00;145,00 $;735,00 $;5,68 $;0,09%;
06/02/2020;1;3426,92 $;509,32 $;509,32 $;0,00 $;5,68 $;-1779,04 $;0,00 $;100,00%;509,32 $;509,32 $;0,00 $;509,32 $;0,00 $;335,00;300,00 $;515,00 $;5,68 $;0,09%;
07/02/2020;1;3701,24 $;274,32 $;274,32 $;0,00 $;5,68 $;-1504,72 $;0,00 $;100,00%;274,32 $;274,32 $;0,00 $;274,32 $;0,00 $;40,00;165,00 $;280,00 $;5,68 $;0,09%;
10/02/2020;1;4160,56 $;459,32 $;459,32 $;0,00 $;5,68 $;-1045,40 $;0,00 $;100,00%;459,32 $;459,32 $;0,00 $;459,32 $;0,00 $;260,00;220,00 $;465,00 $;5,68 $;0,09%;
11/02/2020;1;2994,88 $;-1165,68 $;0,00 $;-1165,68 $;5,68 $;-2211,08 $;-1165,68 $;0,00%;-1165,68 $;0,00 $;-1165,68 $;0,00 $;-1165,68 $;210,00;1160,00 $;260,00 $;1425,68 $;0,09%;
12/02/2020;1;3474,20 $;479,32 $;479,32 $;0,00 $;5,68 $;-1731,76 $;0,00 $;100,00%;479,32 $;479,32 $;0,00 $;479,32 $;0,00 $;310,00;95,00 $;580,00 $;100,68 $;0,09%;
13/02/2020;1;3933,52 $;459,32 $;459,32 $;0,00 $;5,68 $;-1272,44 $;0,00 $;100,00%;459,32 $;459,32 $;0,00 $;459,32 $;0,00 $;70,00;95,00 $;465,00 $;5,68 $;0,09%;
14/02/2020;1;3247,84 $;-685,68 $;0,00 $;-685,68 $;5,68 $;-1958,12 $;-685,68 $;0,00%;-685,68 $;0,00 $;-685,68 $;0,00 $;-685,68 $;75,00;680,00 $;125,00 $;810,68 $;0,09%;
17/02/2020;1;3242,16 $;-5,68 $;0,00 $;-5,68 $;5,68 $;-1963,80 $;-5,68 $;0,00%;-5,68 $;0,00 $;-5,68 $;0,00 $;-5,68 $;75,00;90,00 $;55,00 $;60,68 $;0,09%;
18/02/2020;1;3276,48 $;34,32 $;34,32 $;0,00 $;5,68 $;-1929,48 $;0,00 $;100,00%;34,32 $;34,32 $;0,00 $;34,32 $;0,00 $;135,00;185,00 $;325,00 $;290,68 $;0,09%;
19/02/2020;1;3305,80 $;29,32 $;29,32 $;0,00 $;5,68 $;-1900,16 $;0,00 $;100,00%;29,32 $;29,32 $;0,00 $;29,32 $;0,00 $;5,00;55,00 $;35,00 $;5,68 $;0,09%;
26/02/2020;1;1640,12 $;-1665,68 $;0,00 $;-1665,68 $;5,68 $;-3565,84 $;-1665,68 $;0,00%;-1665,68 $;0,00 $;-1665,68 $;0,00 $;-1665,68 $;60,00;1660,00 $;365,00 $;2030,68 $;0,09%;
27/02/2020;1;-1510,56 $;-3150,68 $;0,00 $;-3150,68 $;5,68 $;-6716,52 $;-3150,68 $;0,00%;-3150,68 $;0,00 $;-3150,68 $;0,00 $;-3150,68 $;80,00;3145,00 $;605,00 $;3755,68 $;0,09%;
28/02/2020;1;203,76 $;1714,32 $;1714,32 $;0,00 $;5,68 $;-5002,20 $;0,00 $;100,00%;1714,32 $;1714,32 $;0,00 $;1714,32 $;0,00 $;0,00;0,00 $;1720,00 $;5,68 $;0,09%;
02/03/2020;1;1198,08 $;994,32 $;994,32 $;0,00 $;5,68 $;-4007,88 $;0,00 $;100,00%;994,32 $;994,32 $;0,00 $;994,32 $;0,00 $;20,00;405,00 $;1000,00 $;5,68 $;0,09%;
04/03/2020;1;1382,40 $;184,32 $;184,32 $;0,00 $;5,68 $;-3823,56 $;0,00 $;100,00%;184,32 $;184,32 $;0,00 $;184,32 $;0,00 $;140,00;1675,00 $;190,00 $;5,68 $;0,09%;
05/03/2020;1;2461,72 $;1079,32 $;1079,32 $;0,00 $;5,68 $;-2744,24 $;0,00 $;100,00%;1079,32 $;1079,32 $;0,00 $;1079,32 $;0,00 $;40,00;605,00 $;1085,00 $;5,68 $;0,09%;
06/03/2020;1;2951,04 $;489,32 $;489,32 $;0,00 $;5,68 $;-2254,92 $;0,00 $;100,00%;489,32 $;489,32 $;0,00 $;489,32 $;0,00 $;0,00;0,00 $;495,00 $;5,68 $;0,09%;
09/03/2020;1;-2814,64 $;-5765,68 $;0,00 $;-5765,68 $;5,68 $;-8020,60 $;-5765,68 $;0,00%;-5765,68 $;0,00 $;-5765,68 $;0,00 $;-5765,68 $;300,00;6455,00 $;745,00 $;6510,68 $;0,09%;
10/03/2020;1;-1115,32 $;1699,32 $;1699,32 $;0,00 $;5,68 $;-6321,28 $;0,00 $;100,00%;1699,32 $;1699,32 $;0,00 $;1699,32 $;0,00 $;20,00;460,00 $;1705,00 $;5,68 $;0,09%;
12/03/2020;1;-6626,00 $;-5510,68 $;0,00 $;-5510,68 $;5,68 $;-11831,96 $;-5510,68 $;0,00%;-5510,68 $;0,00 $;-5510,68 $;0,00 $;-5510,68 $;160,00;5505,00 $;675,00 $;6185,68 $;0,09%;
13/03/2020;1;-8226,68 $;-1600,68 $;0,00 $;-1600,68 $;5,68 $;-13432,64 $;-1600,68 $;0,00%;-1600,68 $;0,00 $;-1600,68 $;0,00 $;-1600,68 $;0,00;1595,00 $;0,00 $;1600,68 $;0,09%;
16/03/2020;1;-14792,36 $;-6565,68 $;0,00 $;-6565,68 $;5,68 $;-19998,32 $;-6565,68 $;0,00%;-6565,68 $;0,00 $;-6565,68 $;0,00 $;-6565,68 $;305,00;6560,00 $;3370,00 $;9935,68 $;0,09%;
17/03/2020;1;-12103,04 $;2689,32 $;2689,32 $;0,00 $;5,68 $;-17309,00 $;0,00 $;100,00%;2689,32 $;2689,32 $;0,00 $;2689,32 $;0,00 $;25,00;700,00 $;2695,00 $;5,68 $;0,09%;
19/03/2020;1;-15213,72 $;-3110,68 $;0,00 $;-3110,68 $;5,68 $;-20419,68 $;-3110,68 $;0,00%;-3110,68 $;0,00 $;-3110,68 $;0,00 $;-3110,68 $;385,00;3670,00 $;3250,00 $;6360,68 $;0,09%;
20/03/2020;1;-17859,40 $;-2645,68 $;0,00 $;-2645,68 $;5,68 $;-23065,36 $;-2645,68 $;0,00%;-2645,68 $;0,00 $;-2645,68 $;0,00 $;-2645,68 $;70,00;2640,00 $;1155,00 $;3800,68 $;0,09%;
23/03/2020;1;-22135,08 $;-4275,68 $;0,00 $;-4275,68 $;5,68 $;-27341,04 $;-4275,68 $;0,00%;-4275,68 $;0,00 $;-4275,68 $;0,00 $;-4275,68 $;125,00;4270,00 $;240,00 $;4515,68 $;0,09%;
24/03/2020;1;-21065,76 $;1069,32 $;1069,32 $;0,00 $;5,68 $;-26271,72 $;0,00 $;100,00%;1069,32 $;1069,32 $;0,00 $;1069,32 $;0,00 $;110,00;1575,00 $;1075,00 $;5,68 $;0,09%;
25/03/2020;1;-25371,44 $;-4305,68 $;0,00 $;-4305,68 $;5,68 $;-30577,40 $;-4305,68 $;0,00%;-4305,68 $;0,00 $;-4305,68 $;0,00 $;-4305,68 $;200,00;5240,00 $;1360,00 $;5665,68 $;0,09%;
26/03/2020;1;-24147,12 $;1224,32 $;1224,32 $;0,00 $;5,68 $;-29353,08 $;0,00 $;100,00%;1224,32 $;1224,32 $;0,00 $;1224,32 $;0,00 $;255,00;1890,00 $;1230,00 $;5,68 $;0,09%;
27/03/2020;1;-22642,80 $;1504,32 $;1504,32 $;0,00 $;5,68 $;-27848,76 $;0,00 $;100,00%;1504,32 $;1504,32 $;0,00 $;1504,32 $;0,00 $;210,00;1475,00 $;1510,00 $;5,68 $;0,09%;
30/03/2020;1;-20803,48 $;1839,32 $;1839,32 $;0,00 $;5,68 $;-26009,44 $;0,00 $;100,00%;1839,32 $;1839,32 $;0,00 $;1839,32 $;0,00 $;140,00;120,00 $;1845,00 $;5,68 $;0,09%;
31/03/2020;1;-20449,16 $;354,32 $;354,32 $;0,00 $;5,68 $;-25655,12 $;0,00 $;100,00%;354,32 $;354,32 $;0,00 $;354,32 $;0,00 $;0,00;0,00 $;360,00 $;5,68 $;0,09%;
01/04/2020;1;-19894,84 $;554,32 $;554,32 $;0,00 $;5,68 $;-25100,80 $;0,00 $;100,00%;554,32 $;554,32 $;0,00 $;554,32 $;0,00 $;20,00;620,00 $;560,00 $;5,68 $;0,09%;
02/04/2020;1;-18505,52 $;1389,32 $;1389,32 $;0,00 $;5,68 $;-23711,48 $;0,00 $;100,00%;1389,32 $;1389,32 $;0,00 $;1389,32 $;0,00 $;315,00;2305,00 $;1395,00 $;5,68 $;0,09%;
06/04/2020;1;-16396,20 $;2109,32 $;2109,32 $;0,00 $;5,68 $;-21602,16 $;0,00 $;100,00%;2109,32 $;2109,32 $;0,00 $;2109,32 $;0,00 $;220,00;10,00 $;2115,00 $;5,68 $;0,09%;
08/04/2020;1;-15941,88 $;454,32 $;454,32 $;0,00 $;5,68 $;-21147,84 $;0,00 $;100,00%;454,32 $;454,32 $;0,00 $;454,32 $;0,00 $;310,00;1180,00 $;1265,00 $;810,68 $;0,09%;
13/04/2020;1;-14372,56 $;1569,32 $;1569,32 $;0,00 $;5,68 $;-19578,52 $;0,00 $;100,00%;1569,32 $;1569,32 $;0,00 $;1569,32 $;0,00 $;95,00;480,00 $;1575,00 $;5,68 $;0,09%;
14/04/2020;1;-12453,24 $;1919,32 $;1919,32 $;0,00 $;5,68 $;-17659,20 $;0,00 $;100,00%;1919,32 $;1919,32 $;0,00 $;1919,32 $;0,00 $;195,00;860,00 $;1925,00 $;5,68 $;0,09%;
15/04/2020;1;-10903,92 $;1549,32 $;1549,32 $;0,00 $;5,68 $;-16109,88 $;0,00 $;100,00%;1549,32 $;1549,32 $;0,00 $;1549,32 $;0,00 $;230,00;825,00 $;1555,00 $;5,68 $;0,09%;
16/04/2020;1;-9814,60 $;1089,32 $;1089,32 $;0,00 $;5,68 $;-15020,56 $;0,00 $;100,00%;1089,32 $;1089,32 $;0,00 $;1089,32 $;0,00 $;35,00;25,00 $;1095,00 $;5,68 $;0,09%;
20/04/2020;1;-9060,28 $;754,32 $;754,32 $;0,00 $;5,68 $;-14266,24 $;0,00 $;100,00%;754,32 $;754,32 $;0,00 $;754,32 $;0,00 $;10,00;135,00 $;760,00 $;5,68 $;0,09%;
22/04/2020;1;-7825,96 $;1234,32 $;1234,32 $;0,00 $;5,68 $;-13031,92 $;0,00 $;100,00%;1234,32 $;1234,32 $;0,00 $;1234,32 $;0,00 $;110,00;70,00 $;1240,00 $;5,68 $;0,09%;
23/04/2020;1;-7811,64 $;14,32 $;14,32 $;0,00 $;5,68 $;-13017,60 $;0,00 $;100,00%;14,32 $;14,32 $;0,00 $;14,32 $;0,00 $;5,00;215,00 $;20,00 $;5,68 $;0,09%;
24/04/2020;1;-6847,32 $;964,32 $;964,32 $;0,00 $;5,68 $;-12053,28 $;0,00 $;100,00%;964,32 $;964,32 $;0,00 $;964,32 $;0,00 $;180,00;915,00 $;970,00 $;5,68 $;0,09%;
29/04/2020;1;-6073,00 $;774,32 $;774,32 $;0,00 $;5,68 $;-11278,96 $;0,00 $;100,00%;774,32 $;774,32 $;0,00 $;774,32 $;0,00 $;200,00;485,00 $;780,00 $;5,68 $;0,09%;
04/05/2020;1;-5298,68 $;774,32 $;774,32 $;0,00 $;5,68 $;-10504,64 $;0,00 $;100,00%;774,32 $;774,32 $;0,00 $;774,32 $;0,00 $;330,00;1425,00 $;1160,00 $;385,68 $;0,09%;
05/05/2020;1;-6514,36 $;-1215,68 $;0,00 $;-1215,68 $;5,68 $;-11720,32 $;-1215,68 $;0,00%;-1215,68 $;0,00 $;-1215,68 $;0,00 $;-1215,68 $;215,00;1210,00 $;705,00 $;1920,68 $;0,09%;
06/05/2020;1;-8590,04 $;-2075,68 $;0,00 $;-2075,68 $;5,68 $;-13796,00 $;-2075,68 $;0,00%;-2075,68 $;0,00 $;-2075,68 $;0,00 $;-2075,68 $;145,00;2070,00 $;205,00 $;2280,68 $;0,09%;
07/05/2020;1;-8295,72 $;294,32 $;294,32 $;0,00 $;5,68 $;-13501,68 $;0,00 $;100,00%;294,32 $;294,32 $;0,00 $;294,32 $;0,00 $;260,00;760,00 $;455,00 $;160,68 $;0,09%;
08/05/2020;1;-7976,40 $;319,32 $;319,32 $;0,00 $;5,68 $;-13182,36 $;0,00 $;100,00%;319,32 $;319,32 $;0,00 $;319,32 $;0,00 $;65,00;535,00 $;325,00 $;5,68 $;0,09%;
11/05/2020;1;-7327,08 $;649,32 $;649,32 $;0,00 $;5,68 $;-12533,04 $;0,00 $;100,00%;649,32 $;649,32 $;0,00 $;649,32 $;0,00 $;90,00;160,00 $;655,00 $;5,68 $;0,09%;
12/05/2020;1;-9052,76 $;-1725,68 $;0,00 $;-1725,68 $;5,68 $;-14258,72 $;-1725,68 $;0,00%;-1725,68 $;0,00 $;-1725,68 $;0,00 $;-1725,68 $;245,00;1720,00 $;200,00 $;1925,68 $;0,09%;
13/05/2020;1;-11393,44 $;-2340,68 $;0,00 $;-2340,68 $;5,68 $;-16599,40 $;-2340,68 $;0,00%;-2340,68 $;0,00 $;-2340,68 $;0,00 $;-2340,68 $;40,00;2335,00 $;10,00 $;2350,68 $;0,09%;
14/05/2020;1;-10024,12 $;1369,32 $;1369,32 $;0,00 $;5,68 $;-15230,08 $;0,00 $;100,00%;1369,32 $;1369,32 $;0,00 $;1369,32 $;0,00 $;130,00;500,00 $;1375,00 $;5,68 $;0,09%;
15/05/2020;1;-9079,80 $;944,32 $;944,32 $;0,00 $;5,68 $;-14285,76 $;0,00 $;100,00%;944,32 $;944,32 $;0,00 $;944,32 $;0,00 $;30,00;285,00 $;950,00 $;5,68 $;0,09%;
18/05/2020;1;-8350,48 $;729,32 $;729,32 $;0,00 $;5,68 $;-13556,44 $;0,00 $;100,00%;729,32 $;729,32 $;0,00 $;729,32 $;0,00 $;155,00;300,00 $;735,00 $;5,68 $;0,09%;
19/05/2020;1;-9681,16 $;-1330,68 $;0,00 $;-1330,68 $;5,68 $;-14887,12 $;-1330,68 $;0,00%;-1330,68 $;0,00 $;-1330,68 $;0,00 $;-1330,68 $;255,00;1325,00 $;445,00 $;1775,68 $;0,09%;
20/05/2020;1;-9591,84 $;89,32 $;89,32 $;0,00 $;5,68 $;-14797,80 $;0,00 $;100,00%;89,32 $;89,32 $;0,00 $;89,32 $;0,00 $;325,00;1185,00 $;175,00 $;85,68 $;0,09%;
22/05/2020;1;-9067,52 $;524,32 $;524,32 $;0,00 $;5,68 $;-14273,48 $;0,00 $;100,00%;524,32 $;524,32 $;0,00 $;524,32 $;0,00 $;195,00;410,00 $;550,00 $;25,68 $;0,09%;
25/05/2020;1;-9078,20 $;-10,68 $;0,00 $;-10,68 $;5,68 $;-14284,16 $;-10,68 $;0,00%;-10,68 $;0,00 $;-10,68 $;0,00 $;-10,68 $;65,00;135,00 $;70,00 $;80,68 $;0,09%;
27/05/2020;1;-7883,88 $;1194,32 $;1194,32 $;0,00 $;5,68 $;-13089,84 $;0,00 $;100,00%;1194,32 $;1194,32 $;0,00 $;1194,32 $;0,00 $;155,00;455,00 $;1340,00 $;145,68 $;0,09%;
28/05/2020;1;-7184,56 $;699,32 $;699,32 $;0,00 $;5,68 $;-12390,52 $;0,00 $;100,00%;699,32 $;699,32 $;0,00 $;699,32 $;0,00 $;80,00;585,00 $;705,00 $;5,68 $;0,09%;
29/05/2020;1;-6050,24 $;1134,32 $;1134,32 $;0,00 $;5,68 $;-11256,20 $;0,00 $;100,00%;1134,32 $;1134,32 $;0,00 $;1134,32 $;0,00 $;35,00;180,00 $;1140,00 $;5,68 $;0,09%;
01/06/2020;1;-6080,92 $;-30,68 $;0,00 $;-30,68 $;5,68 $;-11286,88 $;-30,68 $;0,00%;-30,68 $;0,00 $;-30,68 $;0,00 $;-30,68 $;215,00;375,00 $;240,00 $;270,68 $;0,09%;
02/06/2020;1;-5266,60 $;814,32 $;814,32 $;0,00 $;5,68 $;-10472,56 $;0,00 $;100,00%;814,32 $;814,32 $;0,00 $;814,32 $;0,00 $;115,00;410,00 $;820,00 $;5,68 $;0,09%;
03/06/2020;1;-5647,28 $;-380,68 $;0,00 $;-380,68 $;5,68 $;-10853,24 $;-380,68 $;0,00%;-380,68 $;0,00 $;-380,68 $;0,00 $;-380,68 $;75,00;590,00 $;380,00 $;760,68 $;0,09%;
05/06/2020;1;-4732,96 $;914,32 $;914,32 $;0,00 $;5,68 $;-9938,92 $;0,00 $;100,00%;914,32 $;914,32 $;0,00 $;914,32 $;0,00 $;70,00;80,00 $;920,00 $;5,68 $;0,09%;
08/06/2020;1;-3223,64 $;1509,32 $;1509,32 $;0,00 $;5,68 $;-8429,60 $;0,00 $;100,00%;1509,32 $;1509,32 $;0,00 $;1509,32 $;0,00 $;240,00;155,00 $;1515,00 $;5,68 $;0,09%;
09/06/2020;1;-2989,32 $;234,32 $;234,32 $;0,00 $;5,68 $;-8195,28 $;0,00 $;100,00%;234,32 $;234,32 $;0,00 $;234,32 $;0,00 $;0,00;0,00 $;240,00 $;5,68 $;0,09%;
10/06/2020;1;-3175,00 $;-185,68 $;0,00 $;-185,68 $;5,68 $;-8380,96 $;-185,68 $;0,00%;-185,68 $;0,00 $;-185,68 $;0,00 $;-185,68 $;0,00;180,00 $;0,00 $;185,68 $;0,09%;
11/06/2020;1;-4280,68 $;-1105,68 $;0,00 $;-1105,68 $;5,68 $;-9486,64 $;-1105,68 $;0,00%;-1105,68 $;0,00 $;-1105,68 $;0,00 $;-1105,68 $;30,00;1100,00 $;995,00 $;2100,68 $;0,09%;
15/06/2020;1;-2641,36 $;1639,32 $;1639,32 $;0,00 $;5,68 $;-7847,32 $;0,00 $;100,00%;1639,32 $;1639,32 $;0,00 $;1639,32 $;0,00 $;100,00;355,00 $;1645,00 $;5,68 $;0,09%;
17/06/2020;1;-3922,04 $;-1280,68 $;0,00 $;-1280,68 $;5,68 $;-9128,00 $;-1280,68 $;0,00%;-1280,68 $;0,00 $;-1280,68 $;0,00 $;-1280,68 $;155,00;1275,00 $;420,00 $;1700,68 $;0,09%;
18/06/2020;1;-4627,72 $;-705,68 $;0,00 $;-705,68 $;5,68 $;-9833,68 $;-705,68 $;0,00%;-705,68 $;0,00 $;-705,68 $;0,00 $;-705,68 $;35,00;700,00 $;140,00 $;845,68 $;0,09%;
22/06/2020;1;-3398,40 $;1229,32 $;1229,32 $;0,00 $;5,68 $;-8604,36 $;0,00 $;100,00%;1229,32 $;1229,32 $;0,00 $;1229,32 $;0,00 $;265,00;685,00 $;1235,00 $;5,68 $;0,09%;
23/06/2020;1;-2989,08 $;409,32 $;409,32 $;0,00 $;5,68 $;-8195,04 $;0,00 $;100,00%;409,32 $;409,32 $;0,00 $;409,32 $;0,00 $;40,00;415,00 $;415,00 $;5,68 $;0,09%;
25/06/2020;1;-1729,76 $;1259,32 $;1259,32 $;0,00 $;5,68 $;-6935,72 $;0,00 $;100,00%;1259,32 $;1259,32 $;0,00 $;1259,32 $;0,00 $;285,00;1110,00 $;1265,00 $;5,68 $;0,09%;
29/06/2020;1;-140,44 $;1589,32 $;1589,32 $;0,00 $;5,68 $;-5346,40 $;0,00 $;100,00%;1589,32 $;1589,32 $;0,00 $;1589,32 $;0,00 $;90,00;220,00 $;1595,00 $;5,68 $;0,09%;
30/06/2020;1;453,88 $;594,32 $;594,32 $;0,00 $;5,68 $;-4752,08 $;0,00 $;100,00%;594,32 $;594,32 $;0,00 $;594,32 $;0,00 $;65,00;195,00 $;600,00 $;5,68 $;0,09%;
01/07/2020;1;1203,20 $;749,32 $;749,32 $;0,00 $;5,68 $;-4002,76 $;0,00 $;100,00%;749,32 $;749,32 $;0,00 $;749,32 $;0,00 $;115,00;410,00 $;755,00 $;5,68 $;0,09%;
06/07/2020;1;2102,52 $;899,32 $;899,32 $;0,00 $;5,68 $;-3103,44 $;0,00 $;100,00%;899,32 $;899,32 $;0,00 $;899,32 $;0,00 $;45,00;95,00 $;905,00 $;5,68 $;0,09%;
07/07/2020;1;106,84 $;-1995,68 $;0,00 $;-1995,68 $;5,68 $;-5099,12 $;-1995,68 $;0,00%;-1995,68 $;0,00 $;-1995,68 $;0,00 $;-1995,68 $;275,00;1990,00 $;725,00 $;2720,68 $;0,09%;
08/07/2020;1;851,16 $;744,32 $;744,32 $;0,00 $;5,68 $;-4354,80 $;0,00 $;100,00%;744,32 $;744,32 $;0,00 $;744,32 $;0,00 $;60,00;285,00 $;750,00 $;5,68 $;0,09%;
09/07/2020;1;-739,52 $;-1590,68 $;0,00 $;-1590,68 $;5,68 $;-5945,48 $;-1590,68 $;0,00%;-1590,68 $;0,00 $;-1590,68 $;0,00 $;-1590,68 $;15,00;1585,00 $;110,00 $;1700,68 $;0,09%;
10/07/2020;1;394,80 $;1134,32 $;1134,32 $;0,00 $;5,68 $;-4811,16 $;0,00 $;100,00%;1134,32 $;1134,32 $;0,00 $;1134,32 $;0,00 $;240,00;625,00 $;1140,00 $;5,68 $;0,09%;
13/07/2020;1;849,12 $;454,32 $;454,32 $;0,00 $;5,68 $;-4356,84 $;0,00 $;100,00%;454,32 $;454,32 $;0,00 $;454,32 $;0,00 $;15,00;165,00 $;460,00 $;5,68 $;0,09%;
14/07/2020;1;483,44 $;-365,68 $;0,00 $;-365,68 $;5,68 $;-4722,52 $;-365,68 $;0,00%;-365,68 $;0,00 $;-365,68 $;0,00 $;-365,68 $;50,00;505,00 $;70,00 $;435,68 $;0,09%;
16/07/2020;1;-1277,24 $;-1760,68 $;0,00 $;-1760,68 $;5,68 $;-6483,20 $;-1760,68 $;0,00%;-1760,68 $;0,00 $;-1760,68 $;0,00 $;-1760,68 $;150,00;2315,00 $;485,00 $;2245,68 $;0,09%;
17/07/2020;1;-1477,92 $;-200,68 $;0,00 $;-200,68 $;5,68 $;-6683,88 $;-200,68 $;0,00%;-200,68 $;0,00 $;-200,68 $;0,00 $;-200,68 $;150,00;270,00 $;750,00 $;950,68 $;0,09%;
20/07/2020;1;-108,60 $;1369,32 $;1369,32 $;0,00 $;5,68 $;-5314,56 $;0,00 $;100,00%;1369,32 $;1369,32 $;0,00 $;1369,32 $;0,00 $;145,00;375,00 $;1375,00 $;5,68 $;0,09%;
24/07/2020;1;-619,28 $;-510,68 $;0,00 $;-510,68 $;5,68 $;-5825,24 $;-510,68 $;0,00%;-510,68 $;0,00 $;-510,68 $;0,00 $;-510,68 $;350,00;2095,00 $;900,00 $;1410,68 $;0,09%;
27/07/2020;1;105,04 $;724,32 $;724,32 $;0,00 $;5,68 $;-5100,92 $;0,00 $;100,00%;724,32 $;724,32 $;0,00 $;724,32 $;0,00 $;135,00;525,00 $;770,00 $;45,68 $;0,09%;
28/07/2020;1;-1400,64 $;-1505,68 $;0,00 $;-1505,68 $;5,68 $;-6606,60 $;-1505,68 $;0,00%;-1505,68 $;0,00 $;-1505,68 $;0,00 $;-1505,68 $;205,00;1500,00 $;375,00 $;1880,68 $;0,09%;
29/07/2020;1;-911,32 $;489,32 $;489,32 $;0,00 $;5,68 $;-6117,28 $;0,00 $;100,00%;489,32 $;489,32 $;0,00 $;489,32 $;0,00 $;120,00;1180,00 $;495,00 $;5,68 $;0,09%;
30/07/2020;1;433,00 $;1344,32 $;1344,32 $;0,00 $;5,68 $;-4772,96 $;0,00 $;100,00%;1344,32 $;1344,32 $;0,00 $;1344,32 $;0,00 $;175,00;145,00 $;1350,00 $;5,68 $;0,09%;
31/07/2020;1;602,32 $;169,32 $;169,32 $;0,00 $;5,68 $;-4603,64 $;0,00 $;100,00%;169,32 $;169,32 $;0,00 $;169,32 $;0,00 $;45,00;155,00 $;175,00 $;5,68 $;0,09%;
04/08/2020;1;501,64 $;-100,68 $;0,00 $;-100,68 $;5,68 $;-4704,32 $;-100,68 $;0,00%;-100,68 $;0,00 $;-100,68 $;0,00 $;-100,68 $;40,00;255,00 $;0,00 $;100,68 $;0,09%;
06/08/2020;1;1245,96 $;744,32 $;744,32 $;0,00 $;5,68 $;-3960,00 $;0,00 $;100,00%;744,32 $;744,32 $;0,00 $;744,32 $;0,00 $;145,00;1050,00 $;750,00 $;5,68 $;0,09%;
11/08/2020;1;-1189,72 $;-2435,68 $;0,00 $;-2435,68 $;5,68 $;-6395,68 $;-2435,68 $;0,00%;-2435,68 $;0,00 $;-2435,68 $;0,00 $;-2435,68 $;230,00;2430,00 $;425,00 $;2860,68 $;0,09%;
12/08/2020;1;259,60 $;1449,32 $;1449,32 $;0,00 $;5,68 $;-4946,36 $;0,00 $;100,00%;1449,32 $;1449,32 $;0,00 $;1449,32 $;0,00 $;100,00;195,00 $;1455,00 $;5,68 $;0,09%;
13/08/2020;1;-1246,08 $;-1505,68 $;0,00 $;-1505,68 $;5,68 $;-6452,04 $;-1505,68 $;0,00%;-1505,68 $;0,00 $;-1505,68 $;0,00 $;-1505,68 $;200,00;1500,00 $;395,00 $;1900,68 $;0,09%;
17/08/2020;1;-1031,76 $;214,32 $;214,32 $;0,00 $;5,68 $;-6237,72 $;0,00 $;100,00%;214,32 $;214,32 $;0,00 $;214,32 $;0,00 $;210,00;130,00 $;490,00 $;275,68 $;0,09%;
18/08/2020;1;-417,44 $;614,32 $;614,32 $;0,00 $;5,68 $;-5623,40 $;0,00 $;100,00%;614,32 $;614,32 $;0,00 $;614,32 $;0,00 $;180,00;335,00 $;660,00 $;45,68 $;0,09%;
19/08/2020;1;-1938,12 $;-1520,68 $;0,00 $;-1520,68 $;5,68 $;-7144,08 $;-1520,68 $;0,00%;-1520,68 $;0,00 $;-1520,68 $;0,00 $;-1520,68 $;220,00;1515,00 $;600,00 $;2120,68 $;0,09%;
20/08/2020;1;-348,80 $;1589,32 $;1589,32 $;0,00 $;5,68 $;-5554,76 $;0,00 $;100,00%;1589,32 $;1589,32 $;0,00 $;1589,32 $;0,00 $;190,00;105,00 $;1595,00 $;5,68 $;0,09%;
21/08/2020;1;90,52 $;439,32 $;439,32 $;0,00 $;5,68 $;-5115,44 $;0,00 $;100,00%;439,32 $;439,32 $;0,00 $;439,32 $;0,00 $;10,00;5,00 $;445,00 $;5,68 $;0,09%;
25/08/2020;1;84,84 $;-5,68 $;0,00 $;-5,68 $;5,68 $;-5121,12 $;-5,68 $;0,00%;-5,68 $;0,00 $;-5,68 $;0,00 $;-5,68 $;0,00;0,00 $;0,00 $;5,68 $;0,09%;
26/08/2020;1;189,16 $;104,32 $;104,32 $;0,00 $;5,68 $;-5016,80 $;0,00 $;100,00%;104,32 $;104,32 $;0,00 $;104,32 $;0,00 $;0,00;0,00 $;110,00 $;5,68 $;0,09%;
27/08/2020;1;-1526,52 $;-1715,68 $;0,00 $;-1715,68 $;5,68 $;-6732,48 $;-1715,68 $;0,00%;-1715,68 $;0,00 $;-1715,68 $;0,00 $;-1715,68 $;85,00;1710,00 $;1025,00 $;2740,68 $;0,09%;
31/08/2020;1;-832,20 $;694,32 $;694,32 $;0,00 $;5,68 $;-6038,16 $;0,00 $;100,00%;694,32 $;694,32 $;0,00 $;694,32 $;0,00 $;35,00;295,00 $;700,00 $;5,68 $;0,09%;
01/09/2020;1;612,12 $;1444,32 $;1444,32 $;0,00 $;5,68 $;-4593,84 $;0,00 $;100,00%;1444,32 $;1444,32 $;0,00 $;1444,32 $;0,00 $;370,00;950,00 $;1450,00 $;5,68 $;0,09%;
02/09/2020;1;556,44 $;-55,68 $;0,00 $;-55,68 $;5,68 $;-4649,52 $;-55,68 $;0,00%;-55,68 $;0,00 $;-55,68 $;0,00 $;-55,68 $;85,00;420,00 $;500,00 $;555,68 $;0,09%;
07/09/2020;1;295,76 $;-260,68 $;0,00 $;-260,68 $;5,68 $;-4910,20 $;-260,68 $;0,00%;-260,68 $;0,00 $;-260,68 $;0,00 $;-260,68 $;105,00;635,00 $;280,00 $;540,68 $;0,09%;
08/09/2020;1;-4829,92 $;-5125,68 $;0,00 $;-5125,68 $;5,68 $;-10035,88 $;-5125,68 $;0,00%;-5125,68 $;0,00 $;-5125,68 $;0,00 $;-5125,68 $;250,00;5120,00 $;640,00 $;5765,68 $;0,09%;
09/09/2020;1;-3590,60 $;1239,32 $;1239,32 $;0,00 $;5,68 $;-8796,56 $;0,00 $;100,00%;1239,32 $;1239,32 $;0,00 $;1239,32 $;0,00 $;85,00;780,00 $;1245,00 $;5,68 $;0,09%;
14/09/2020;1;-6141,28 $;-2550,68 $;0,00 $;-2550,68 $;5,68 $;-11347,24 $;-2550,68 $;0,00%;-2550,68 $;0,00 $;-2550,68 $;0,00 $;-2550,68 $;165,00;2545,00 $;65,00 $;2615,68 $;0,09%;
17/09/2020;1;-8196,96 $;-2055,68 $;0,00 $;-2055,68 $;5,68 $;-13402,92 $;-2055,68 $;0,00%;-2055,68 $;0,00 $;-2055,68 $;0,00 $;-2055,68 $;70,00;2050,00 $;1305,00 $;3360,68 $;0,09%;
21/09/2020;1;-6247,64 $;1949,32 $;1949,32 $;0,00 $;5,68 $;-11453,60 $;0,00 $;100,00%;1949,32 $;1949,32 $;0,00 $;1949,32 $;0,00 $;140,00;2495,00 $;1955,00 $;5,68 $;0,09%;
22/09/2020;1;-4868,32 $;1379,32 $;1379,32 $;0,00 $;5,68 $;-10074,28 $;0,00 $;100,00%;1379,32 $;1379,32 $;0,00 $;1379,32 $;0,00 $;90,00;555,00 $;1385,00 $;5,68 $;0,09%;
24/09/2020;1;-5109,00 $;-240,68 $;0,00 $;-240,68 $;5,68 $;-10314,96 $;-240,68 $;0,00%;-240,68 $;0,00 $;-240,68 $;0,00 $;-240,68 $;305,00;2270,00 $;1830,00 $;2070,68 $;0,09%;
25/09/2020;1;-4434,68 $;674,32 $;674,32 $;0,00 $;5,68 $;-9640,64 $;0,00 $;100,00%;674,32 $;674,32 $;0,00 $;674,32 $;0,00 $;35,00;460,00 $;680,00 $;5,68 $;0,09%;
28/09/2020;1;-3480,36 $;954,32 $;954,32 $;0,00 $;5,68 $;-8686,32 $;0,00 $;100,00%;954,32 $;954,32 $;0,00 $;954,32 $;0,00 $;85,00;795,00 $;1155,00 $;200,68 $;0,09%;
30/09/2020;1;-5666,04 $;-2185,68 $;0,00 $;-2185,68 $;5,68 $;-10872,00 $;-2185,68 $;0,00%;-2185,68 $;0,00 $;-2185,68 $;0,00 $;-2185,68 $;380,00;2610,00 $;1195,00 $;3380,68 $;0,09%;
01/10/2020;1;-5816,72 $;-150,68 $;0,00 $;-150,68 $;5,68 $;-11022,68 $;-150,68 $;0,00%;-150,68 $;0,00 $;-150,68 $;0,00 $;-150,68 $;120,00;965,00 $;380,00 $;530,68 $;0,09%;
05/10/2020;1;-4957,40 $;859,32 $;859,32 $;0,00 $;5,68 $;-10163,36 $;0,00 $;100,00%;859,32 $;859,32 $;0,00 $;859,32 $;0,00 $;160,00;130,00 $;865,00 $;5,68 $;0,09%;
06/10/2020;1;-5693,08 $;-735,68 $;0,00 $;-735,68 $;5,68 $;-10899,04 $;-735,68 $;0,00%;-735,68 $;0,00 $;-735,68 $;0,00 $;-735,68 $;0,00;730,00 $;0,00 $;735,68 $;0,09%;
07/10/2020;1;-4233,76 $;1459,32 $;1459,32 $;0,00 $;5,68 $;-9439,72 $;0,00 $;100,00%;1459,32 $;1459,32 $;0,00 $;1459,32 $;0,00 $;70,00;20,00 $;1465,00 $;5,68 $;0,09%;
09/10/2020;1;-3904,44 $;329,32 $;329,32 $;0,00 $;5,68 $;-9110,40 $;0,00 $;100,00%;329,32 $;329,32 $;0,00 $;329,32 $;0,00 $;40,00;380,00 $;335,00 $;5,68 $;0,09%;
12/10/2020;1;-3495,12 $;409,32 $;409,32 $;0,00 $;5,68 $;-8701,08 $;0,00 $;100,00%;409,32 $;409,32 $;0,00 $;409,32 $;0,00 $;5,00;10,00 $;415,00 $;5,68 $;0,09%;
13/10/2020;1;-2800,80 $;694,32 $;694,32 $;0,00 $;5,68 $;-8006,76 $;0,00 $;100,00%;694,32 $;694,32 $;0,00 $;694,32 $;0,00 $;10,00;160,00 $;700,00 $;5,68 $;0,09%;
15/10/2020;1;-3251,48 $;-450,68 $;0,00 $;-450,68 $;5,68 $;-8457,44 $;-450,68 $;0,00%;-450,68 $;0,00 $;-450,68 $;0,00 $;-450,68 $;80,00;690,00 $;245,00 $;695,68 $;0,09%;
16/10/2020;1;-4852,16 $;-1600,68 $;0,00 $;-1600,68 $;5,68 $;-10058,12 $;-1600,68 $;0,00%;-1600,68 $;0,00 $;-1600,68 $;0,00 $;-1600,68 $;35,00;1595,00 $;140,00 $;1740,68 $;0,09%;
19/10/2020;1;-5102,84 $;-250,68 $;0,00 $;-250,68 $;5,68 $;-10308,80 $;-250,68 $;0,00%;-250,68 $;0,00 $;-250,68 $;0,00 $;-250,68 $;0,00;355,00 $;0,00 $;250,68 $;0,09%;
20/10/2020;1;-5538,52 $;-435,68 $;0,00 $;-435,68 $;5,68 $;-10744,48 $;-435,68 $;0,00%;-435,68 $;0,00 $;-435,68 $;0,00 $;-435,68 $;35,00;430,00 $;45,00 $;480,68 $;0,09%;
21/10/2020;1;-5749,20 $;-210,68 $;0,00 $;-210,68 $;5,68 $;-10955,16 $;-210,68 $;0,00%;-210,68 $;0,00 $;-210,68 $;0,00 $;-210,68 $;0,00;205,00 $;0,00 $;210,68 $;0,09%;
22/10/2020;1;-6694,88 $;-945,68 $;0,00 $;-945,68 $;5,68 $;-11900,84 $;-945,68 $;0,00%;-945,68 $;0,00 $;-945,68 $;0,00 $;-945,68 $;170,00;940,00 $;85,00 $;1030,68 $;0,09%;
27/10/2020;1;-6765,56 $;-70,68 $;0,00 $;-70,68 $;5,68 $;-11971,52 $;-70,68 $;0,00%;-70,68 $;0,00 $;-70,68 $;0,00 $;-70,68 $;325,00;410,00 $;1300,00 $;1370,68 $;0,09%;
29/10/2020;1;-5046,24 $;1719,32 $;1719,32 $;0,00 $;5,68 $;-10252,20 $;0,00 $;100,00%;1719,32 $;1719,32 $;0,00 $;1719,32 $;0,00 $;165,00;1195,00 $;1725,00 $;5,68 $;0,09%;
03/11/2020;1;-6136,92 $;-1090,68 $;0,00 $;-1090,68 $;5,68 $;-11342,88 $;-1090,68 $;0,00%;-1090,68 $;0,00 $;-1090,68 $;0,00 $;-1090,68 $;385,00;1760,00 $;905,00 $;1995,68 $;0,09%;
04/11/2020;1;-5122,60 $;1014,32 $;1014,32 $;0,00 $;5,68 $;-10328,56 $;0,00 $;100,00%;1014,32 $;1014,32 $;0,00 $;1014,32 $;0,00 $;385,00;1040,00 $;1615,00 $;600,68 $;0,09%;
06/11/2020;1;-4608,28 $;514,32 $;514,32 $;0,00 $;5,68 $;-9814,24 $;0,00 $;100,00%;514,32 $;514,32 $;0,00 $;514,32 $;0,00 $;20,00;450,00 $;520,00 $;5,68 $;0,09%;
09/11/2020;1;-8718,96 $;-4110,68 $;0,00 $;-4110,68 $;5,68 $;-13924,92 $;-4110,68 $;0,00%;-4110,68 $;0,00 $;-4110,68 $;0,00 $;-4110,68 $;215,00;4105,00 $;40,00 $;4150,68 $;0,09%;
10/11/2020;1;-11154,64 $;-2435,68 $;0,00 $;-2435,68 $;5,68 $;-16360,60 $;-2435,68 $;0,00%;-2435,68 $;0,00 $;-2435,68 $;0,00 $;-2435,68 $;65,00;2430,00 $;145,00 $;2580,68 $;0,09%;
11/11/2020;1;-10660,32 $;494,32 $;494,32 $;0,00 $;5,68 $;-15866,28 $;0,00 $;100,00%;494,32 $;494,32 $;0,00 $;494,32 $;0,00 $;95,00;305,00 $;500,00 $;5,68 $;0,09%;
13/11/2020;1;-10446,00 $;214,32 $;214,32 $;0,00 $;5,68 $;-15651,96 $;0,00 $;100,00%;214,32 $;214,32 $;0,00 $;214,32 $;0,00 $;65,00;250,00 $;285,00 $;70,68 $;0,09%;
16/11/2020;1;-11526,68 $;-1080,68 $;0,00 $;-1080,68 $;5,68 $;-16732,64 $;-1080,68 $;0,00%;-1080,68 $;0,00 $;-1080,68 $;0,00 $;-1080,68 $;180,00;1075,00 $;955,00 $;2035,68 $;0,09%;
17/11/2020;1;-12922,36 $;-1395,68 $;0,00 $;-1395,68 $;5,68 $;-18128,32 $;-1395,68 $;0,00%;-1395,68 $;0,00 $;-1395,68 $;0,00 $;-1395,68 $;120,00;1390,00 $;235,00 $;1630,68 $;0,09%;
18/11/2020;1;-15078,04 $;-2155,68 $;0,00 $;-2155,68 $;5,68 $;-20284,00 $;-2155,68 $;0,00%;-2155,68 $;0,00 $;-2155,68 $;0,00 $;-2155,68 $;215,00;2150,00 $;200,00 $;2355,68 $;0,09%;
19/11/2020;1;-14568,72 $;509,32 $;509,32 $;0,00 $;5,68 $;-19774,68 $;0,00 $;100,00%;509,32 $;509,32 $;0,00 $;509,32 $;0,00 $;360,00;560,00 $;1220,00 $;710,68 $;0,09%;
20/11/2020;1;-15699,40 $;-1130,68 $;0,00 $;-1130,68 $;5,68 $;-20905,36 $;-1130,68 $;0,00%;-1130,68 $;0,00 $;-1130,68 $;0,00 $;-1130,68 $;275,00;1125,00 $;265,00 $;1395,68 $;0,09%;
24/11/2020;1;-15175,08 $;524,32 $;524,32 $;0,00 $;5,68 $;-20381,04 $;0,00 $;100,00%;524,32 $;524,32 $;0,00 $;524,32 $;0,00 $;5,00;50,00 $;530,00 $;5,68 $;0,09%;
25/11/2020;1;-15040,76 $;134,32 $;134,32 $;0,00 $;5,68 $;-20246,72 $;0,00 $;100,00%;134,32 $;134,32 $;0,00 $;134,32 $;0,00 $;100,00;350,00 $;320,00 $;185,68 $;0,09%;
27/11/2020;1;-14826,44 $;214,32 $;214,32 $;0,00 $;5,68 $;-20032,40 $;0,00 $;100,00%;214,32 $;214,32 $;0,00 $;214,32 $;0,00 $;0,00;0,00 $;220,00 $;5,68 $;0,09%;
30/11/2020;1;-14502,12 $;324,32 $;324,32 $;0,00 $;5,68 $;-19708,08 $;0,00 $;100,00%;324,32 $;324,32 $;0,00 $;324,32 $;0,00 $;20,00;20,00 $;330,00 $;5,68 $;0,09%;
01/12/2020;1;-13202,80 $;1299,32 $;1299,32 $;0,00 $;5,68 $;-18408,76 $;0,00 $;100,00%;1299,32 $;1299,32 $;0,00 $;1299,32 $;0,00 $;145,00;255,00 $;1305,00 $;5,68 $;0,09%;
02/12/2020;1;-12348,48 $;854,32 $;854,32 $;0,00 $;5,68 $;-17554,44 $;0,00 $;100,00%;854,32 $;854,32 $;0,00 $;854,32 $;0,00 $;90,00;375,00 $;860,00 $;5,68 $;0,09%;
04/12/2020;1;-12449,16 $;-100,68 $;0,00 $;-100,68 $;5,68 $;-17655,12 $;-100,68 $;0,00%;-100,68 $;0,00 $;-100,68 $;0,00 $;-100,68 $;300,00;430,00 $;435,00 $;535,68 $;0,09%;
07/12/2020;1;-13164,84 $;-715,68 $;0,00 $;-715,68 $;5,68 $;-18370,80 $;-715,68 $;0,00%;-715,68 $;0,00 $;-715,68 $;0,00 $;-715,68 $;100,00;710,00 $;135,00 $;850,68 $;0,09%;
08/12/2020;1;-12695,52 $;469,32 $;469,32 $;0,00 $;5,68 $;-17901,48 $;0,00 $;100,00%;469,32 $;469,32 $;0,00 $;469,32 $;0,00 $;55,00;225,00 $;475,00 $;5,68 $;0,09%;
10/12/2020;1;-13476,20 $;-780,68 $;0,00 $;-780,68 $;5,68 $;-18682,16 $;-780,68 $;0,00%;-780,68 $;0,00 $;-780,68 $;0,00 $;-780,68 $;360,00;1545,00 $;390,00 $;1170,68 $;0,09%;
11/12/2020;1;-13221,88 $;254,32 $;254,32 $;0,00 $;5,68 $;-18427,84 $;0,00 $;100,00%;254,32 $;254,32 $;0,00 $;254,32 $;0,00 $;125,00;525,00 $;470,00 $;215,68 $;0,09%;
15/12/2020;1;-13342,56 $;-120,68 $;0,00 $;-120,68 $;5,68 $;-18548,52 $;-120,68 $;0,00%;-120,68 $;0,00 $;-120,68 $;0,00 $;-120,68 $;45,00;140,00 $;90,00 $;210,68 $;0,09%;
16/12/2020;1;-12563,24 $;779,32 $;779,32 $;0,00 $;5,68 $;-17769,20 $;0,00 $;100,00%;779,32 $;779,32 $;0,00 $;779,32 $;0,00 $;225,00;350,00 $;785,00 $;5,68 $;0,09%;
21/12/2020;1;-12213,92 $;349,32 $;349,32 $;0,00 $;5,68 $;-17419,88 $;0,00 $;100,00%;349,32 $;349,32 $;0,00 $;349,32 $;0,00 $;210,00;695,00 $;635,00 $;285,68 $;0,09%;
23/12/2020;1;-13299,60 $;-1085,68 $;0,00 $;-1085,68 $;5,68 $;-18505,56 $;-1085,68 $;0,00%;-1085,68 $;0,00 $;-1085,68 $;0,00 $;-1085,68 $;205,00;1080,00 $;560,00 $;1645,68 $;0,09%;
28/12/2020;1;-12860,28 $;439,32 $;439,32 $;0,00 $;5,68 $;-18066,24 $;0,00 $;100,00%;439,32 $;439,32 $;0,00 $;439,32 $;0,00 $;315,00;280,00 $;705,00 $;265,68 $;0,09%;
31/12/2020;1;-12870,96 $;-10,68 $;0,00 $;-10,68 $;5,68 $;-18076,92 $;-10,68 $;0,00%;-10,68 $;0,00 $;-10,68 $;0,00 $;-10,68 $;45,00;160,00 $;70,00 $;80,68 $;0,09%;
05/01/2021;1;-12526,64 $;344,32 $;344,32 $;0,00 $;5,68 $;-17732,60 $;0,00 $;100,00%;344,32 $;344,32 $;0,00 $;344,32 $;0,00 $;150,00;650,00 $;460,00 $;115,68 $;0,09%;
06/01/2021;1;-11612,32 $;914,32 $;914,32 $;0,00 $;5,68 $;-16818,28 $;0,00 $;100,00%;914,32 $;914,32 $;0,00 $;914,32 $;0,00 $;15,00;5,00 $;920,00 $;5,68 $;0,09%;
07/01/2021;1;-11018,00 $;594,32 $;594,32 $;0,00 $;5,68 $;-16223,96 $;0,00 $;100,00%;594,32 $;594,32 $;0,00 $;594,32 $;0,00 $;360,00;540,00 $;1265,00 $;670,68 $;0,09%;
08/01/2021;1;-9533,68 $;1484,32 $;1484,32 $;0,00 $;5,68 $;-14739,64 $;0,00 $;100,00%;1484,32 $;1484,32 $;0,00 $;1484,32 $;0,00 $;35,00;90,00 $;1490,00 $;5,68 $;0,09%;
11/01/2021;1;-11354,36 $;-1820,68 $;0,00 $;-1820,68 $;5,68 $;-16560,32 $;-1820,68 $;0,00%;-1820,68 $;0,00 $;-1820,68 $;0,00 $;-1820,68 $;275,00;1815,00 $;570,00 $;2390,68 $;0,09%;
13/01/2021;1;-11285,04 $;69,32 $;69,32 $;0,00 $;5,68 $;-16491,00 $;0,00 $;100,00%;69,32 $;69,32 $;0,00 $;69,32 $;0,00 $;360,00;620,00 $;675,00 $;605,68 $;0,09%;
14/01/2021;1;-12190,72 $;-905,68 $;0,00 $;-905,68 $;5,68 $;-17396,68 $;-905,68 $;0,00%;-905,68 $;0,00 $;-905,68 $;0,00 $;-905,68 $;55,00;900,00 $;200,00 $;1105,68 $;0,09%;
19/01/2021;1;-11266,40 $;924,32 $;924,32 $;0,00 $;5,68 $;-16472,36 $;0,00 $;100,00%;924,32 $;924,32 $;0,00 $;924,32 $;0,00 $;55,00;10,00 $;930,00 $;5,68 $;0,09%;
20/01/2021;1;-10792,08 $;474,32 $;474,32 $;0,00 $;5,68 $;-15998,04 $;0,00 $;100,00%;474,32 $;474,32 $;0,00 $;474,32 $;0,00 $;50,00;500,00 $;480,00 $;5,68 $;0,09%;
21/01/2021;1;-10257,76 $;534,32 $;534,32 $;0,00 $;5,68 $;-15463,72 $;0,00 $;100,00%;534,32 $;534,32 $;0,00 $;534,32 $;0,00 $;30,00;95,00 $;540,00 $;5,68 $;0,09%;
26/01/2021;1;-8803,44 $;1454,32 $;1454,32 $;0,00 $;5,68 $;-14009,40 $;0,00 $;100,00%;1454,32 $;1454,32 $;0,00 $;1454,32 $;0,00 $;300,00;1180,00 $;1460,00 $;5,68 $;0,09%;
27/01/2021;1;-12409,12 $;-3605,68 $;0,00 $;-3605,68 $;5,68 $;-17615,08 $;-3605,68 $;0,00%;-3605,68 $;0,00 $;-3605,68 $;0,00 $;-3605,68 $;205,00;3600,00 $;115,00 $;3720,68 $;0,09%;
28/01/2021;1;-10869,80 $;1539,32 $;1539,32 $;0,00 $;5,68 $;-16075,76 $;0,00 $;100,00%;1539,32 $;1539,32 $;0,00 $;1539,32 $;0,00 $;95,00;760,00 $;1545,00 $;5,68 $;0,09%;
29/01/2021;1;-12975,48 $;-2105,68 $;0,00 $;-2105,68 $;5,68 $;-18181,44 $;-2105,68 $;0,00%;-2105,68 $;0,00 $;-2105,68 $;0,00 $;-2105,68 $;40,00;2100,00 $;400,00 $;2505,68 $;0,09%;
01/02/2021;1;-11481,16 $;1494,32 $;1494,32 $;0,00 $;5,68 $;-16687,12 $;0,00 $;100,00%;1494,32 $;1494,32 $;0,00 $;1494,32 $;0,00 $;45,00;110,00 $;1500,00 $;5,68 $;0,09%;
02/02/2021;1;-10836,84 $;644,32 $;644,32 $;0,00 $;5,68 $;-16042,80 $;0,00 $;100,00%;644,32 $;644,32 $;0,00 $;644,32 $;0,00 $;105,00;410,00 $;650,00 $;5,68 $;0,09%;
04/02/2021;1;-9717,52 $;1119,32 $;1119,32 $;0,00 $;5,68 $;-14923,48 $;0,00 $;100,00%;1119,32 $;1119,32 $;0,00 $;1119,32 $;0,00 $;210,00;170,00 $;1125,00 $;5,68 $;0,09%;
05/02/2021;1;-8993,20 $;724,32 $;724,32 $;0,00 $;5,68 $;-14199,16 $;0,00 $;100,00%;724,32 $;724,32 $;0,00 $;724,32 $;0,00 $;35,00;25,00 $;730,00 $;5,68 $;0,09%;
09/02/2021;1;-9333,88 $;-340,68 $;0,00 $;-340,68 $;5,68 $;-14539,84 $;-340,68 $;0,00%;-340,68 $;0,00 $;-340,68 $;0,00 $;-340,68 $;385,00;1050,00 $;420,00 $;760,68 $;0,09%;
12/02/2021;1;-9094,56 $;239,32 $;239,32 $;0,00 $;5,68 $;-14300,52 $;0,00 $;100,00%;239,32 $;239,32 $;0,00 $;239,32 $;0,00 $;15,00;150,00 $;245,00 $;5,68 $;0,09%;
17/02/2021;1;-9030,24 $;64,32 $;64,32 $;0,00 $;5,68 $;-14236,20 $;0,00 $;100,00%;64,32 $;64,32 $;0,00 $;64,32 $;0,00 $;60,00;205,00 $;185,00 $;120,68 $;0,09%;
18/02/2021;1;-7875,92 $;1154,32 $;1154,32 $;0,00 $;5,68 $;-13081,88 $;0,00 $;100,00%;1154,32 $;1154,32 $;0,00 $;1154,32 $;0,00 $;90,00;245,00 $;1160,00 $;5,68 $;0,09%;
19/02/2021;1;-8941,60 $;-1065,68 $;0,00 $;-1065,68 $;5,68 $;-14147,56 $;-1065,68 $;0,00%;-1065,68 $;0,00 $;-1065,68 $;0,00 $;-1065,68 $;35,00;1060,00 $;45,00 $;1110,68 $;0,09%;
23/02/2021;1;-6162,28 $;2779,32 $;2779,32 $;0,00 $;5,68 $;-11368,24 $;0,00 $;100,00%;2779,32 $;2779,32 $;0,00 $;2779,32 $;0,00 $;265,00;2540,00 $;2785,00 $;5,68 $;0,09%;
24/02/2021;1;-4302,96 $;1859,32 $;1859,32 $;0,00 $;5,68 $;-9508,92 $;0,00 $;100,00%;1859,32 $;1859,32 $;0,00 $;1859,32 $;0,00 $;75,00;40,00 $;1865,00 $;5,68 $;0,09%;
26/02/2021;1;-7578,64 $;-3275,68 $;0,00 $;-3275,68 $;5,68 $;-12784,60 $;-3275,68 $;0,00%;-3275,68 $;0,00 $;-3275,68 $;0,00 $;-3275,68 $;270,00;4255,00 $;60,00 $;3335,68 $;0,09%;
01/03/2021;1;-6474,32 $;1104,32 $;1104,32 $;0,00 $;5,68 $;-11680,28 $;0,00 $;100,00%;1104,32 $;1104,32 $;0,00 $;1104,32 $;0,00 $;35,00;150,00 $;1110,00 $;5,68 $;0,09%;
04/03/2021;1;-10920,00 $;-4445,68 $;0,00 $;-4445,68 $;5,68 $;-16125,96 $;-4445,68 $;0,00%;-4445,68 $;0,00 $;-4445,68 $;0,00 $;-4445,68 $;45,00;4440,00 $;865,00 $;5310,68 $;0,09%;
05/03/2021;1;-8980,68 $;1939,32 $;1939,32 $;0,00 $;5,68 $;-14186,64 $;0,00 $;100,00%;1939,32 $;1939,32 $;0,00 $;1939,32 $;0,00 $;120,00;1670,00 $;1945,00 $;5,68 $;0,09%;
09/03/2021;1;-8841,36 $;139,32 $;139,32 $;0,00 $;5,68 $;-14047,32 $;0,00 $;100,00%;139,32 $;139,32 $;0,00 $;139,32 $;0,00 $;280,00;335,00 $;1735,00 $;1595,68 $;0,09%;
11/03/2021;1;-7892,04 $;949,32 $;949,32 $;0,00 $;5,68 $;-13098,00 $;0,00 $;100,00%;949,32 $;949,32 $;0,00 $;949,32 $;0,00 $;35,00;110,00 $;955,00 $;5,68 $;0,09%;
12/03/2021;1;-7362,72 $;529,32 $;529,32 $;0,00 $;5,68 $;-12568,68 $;0,00 $;100,00%;529,32 $;529,32 $;0,00 $;529,32 $;0,00 $;115,00;625,00 $;755,00 $;225,68 $;0,09%;
15/03/2021;1;-5803,40 $;1559,32 $;1559,32 $;0,00 $;5,68 $;-11009,36 $;0,00 $;100,00%;1559,32 $;1559,32 $;0,00 $;1559,32 $;0,00 $;95,00;70,00 $;1565,00 $;5,68 $;0,09%;
16/03/2021;1;-7909,08 $;-2105,68 $;0,00 $;-2105,68 $;5,68 $;-13115,04 $;-2105,68 $;0,00%;-2105,68 $;0,00 $;-2105,68 $;0,00 $;-2105,68 $;200,00;2100,00 $;480,00 $;2585,68 $;0,09%;
17/03/2021;1;-5889,76 $;2019,32 $;2019,32 $;0,00 $;5,68 $;-11095,72 $;0,00 $;100,00%;2019,32 $;2019,32 $;0,00 $;2019,32 $;0,00 $;245,00;2325,00 $;2025,00 $;5,68 $;0,09%;
19/03/2021;1;-5895,44 $;-5,68 $;0,00 $;-5,68 $;5,68 $;-11101,40 $;-5,68 $;0,00%;-5,68 $;0,00 $;-5,68 $;0,00 $;-5,68 $;345,00;1360,00 $;1315,00 $;1320,68 $;0,09%;
22/03/2021;1;-5031,12 $;864,32 $;864,32 $;0,00 $;5,68 $;-10237,08 $;0,00 $;100,00%;864,32 $;864,32 $;0,00 $;864,32 $;0,00 $;75,00;310,00 $;870,00 $;5,68 $;0,09%;
23/03/2021;1;-7161,80 $;-2130,68 $;0,00 $;-2130,68 $;5,68 $;-12367,76 $;-2130,68 $;0,00%;-2130,68 $;0,00 $;-2130,68 $;0,00 $;-2130,68 $;210,00;2125,00 $;135,00 $;2265,68 $;0,09%;
26/03/2021;1;-8437,48 $;-1275,68 $;0,00 $;-1275,68 $;5,68 $;-13643,44 $;-1275,68 $;0,00%;-1275,68 $;0,00 $;-1275,68 $;0,00 $;-1275,68 $;25,00;1270,00 $;40,00 $;1315,68 $;0,09%;
29/03/2021;1;-8903,16 $;-465,68 $;0,00 $;-465,68 $;5,68 $;-14109,12 $;-465,68 $;0,00%;-465,68 $;0,00 $;-465,68 $;0,00 $;-465,68 $;215,00;2035,00 $;315,00 $;780,68 $;0,09%;
30/03/2021;1;-8258,84 $;644,32 $;644,32 $;0,00 $;5,68 $;-13464,80 $;0,00 $;100,00%;644,32 $;644,32 $;0,00 $;644,32 $;0,00 $;15,00;335,00 $;650,00 $;5,68 $;0,09%;
31/03/2021;1;-8884,52 $;-625,68 $;0,00 $;-625,68 $;5,68 $;-14090,48 $;-625,68 $;0,00%;-625,68 $;0,00 $;-625,68 $;0,00 $;-625,68 $;360,00;1000,00 $;760,00 $;1385,68 $;0,09%;
01/04/2021;1;-8870,20 $;14,32 $;14,32 $;0,00 $;5,68 $;-14076,16 $;0,00 $;100,00%;14,32 $;14,32 $;0,00 $;14,32 $;0,00 $;45,00;110,00 $;125,00 $;110,68 $;0,09%;
05/04/2021;1;-8150,88 $;719,32 $;719,32 $;0,00 $;5,68 $;-13356,84 $;0,00 $;100,00%;719,32 $;719,32 $;0,00 $;719,32 $;0,00 $;100,00;335,00 $;725,00 $;5,68 $;0,09%;
06/04/2021;1;-9676,56 $;-1525,68 $;0,00 $;-1525,68 $;5,68 $;-14882,52 $;-1525,68 $;0,00%;-1525,68 $;0,00 $;-1525,68 $;0,00 $;-1525,68 $;120,00;1520,00 $;460,00 $;1985,68 $;0,09%;
07/04/2021;1;-9577,24 $;99,32 $;99,32 $;0,00 $;5,68 $;-14783,20 $;0,00 $;100,00%;99,32 $;99,32 $;0,00 $;99,32 $;0,00 $;385,00;1100,00 $;505,00 $;405,68 $;0,09%;
08/04/2021;1;-9252,92 $;324,32 $;324,32 $;0,00 $;5,68 $;-14458,88 $;0,00 $;100,00%;324,32 $;324,32 $;0,00 $;324,32 $;0,00 $;20,00;40,00 $;350,00 $;25,68 $;0,09%;
09/04/2021;1;-7758,60 $;1494,32 $;1494,32 $;0,00 $;5,68 $;-12964,56 $;0,00 $;100,00%;1494,32 $;1494,32 $;0,00 $;1494,32 $;0,00 $;240,00;5,00 $;1500,00 $;5,68 $;0,09%;
12/04/2021;1;-7779,28 $;-20,68 $;0,00 $;-20,68 $;5,68 $;-12985,24 $;-20,68 $;0,00%;-20,68 $;0,00 $;-20,68 $;0,00 $;-20,68 $;225,00;1150,00 $;65,00 $;85,68 $;0,09%;
13/04/2021;1;-7284,96 $;494,32 $;494,32 $;0,00 $;5,68 $;-12490,92 $;0,00 $;100,00%;494,32 $;494,32 $;0,00 $;494,32 $;0,00 $;20,00;70,00 $;500,00 $;5,68 $;0,09%;
15/04/2021;1;-6680,64 $;604,32 $;604,32 $;0,00 $;5,68 $;-11886,60 $;0,00 $;100,00%;604,32 $;604,32 $;0,00 $;604,32 $;0,00 $;200,00;1000,00 $;610,00 $;5,68 $;0,09%;
16/04/2021;1;-6866,32 $;-185,68 $;0,00 $;-185,68 $;5,68 $;-12072,28 $;-185,68 $;0,00%;-185,68 $;0,00 $;-185,68 $;0,00 $;-185,68 $;270,00;735,00 $;160,00 $;345,68 $;0,09%;
21/04/2021;1;-5627,00 $;1239,32 $;1239,32 $;0,00 $;5,68 $;-10832,96 $;0,00 $;100,00%;1239,32 $;1239,32 $;0,00 $;1239,32 $;0,00 $;255,00;290,00 $;1245,00 $;5,68 $;0,09%;
22/04/2021;1;-5187,68 $;439,32 $;439,32 $;0,00 $;5,68 $;-10393,64 $;0,00 $;100,00%;439,32 $;439,32 $;0,00 $;439,32 $;0,00 $;5,00;25,00 $;445,00 $;5,68 $;0,09%;
23/04/2021;1;-4293,36 $;894,32 $;894,32 $;0,00 $;5,68 $;-9499,32 $;0,00 $;100,00%;894,32 $;894,32 $;0,00 $;894,32 $;0,00 $;30,00;60,00 $;900,00 $;5,68 $;0,09%;
26/04/2021;1;-3359,04 $;934,32 $;934,32 $;0,00 $;5,68 $;-8565,00 $;0,00 $;100,00%;934,32 $;934,32 $;0,00 $;934,32 $;0,00 $;215,00;155,00 $;940,00 $;5,68 $;0,09%;
30/04/2021;1;-4399,72 $;-1040,68 $;0,00 $;-1040,68 $;5,68 $;-9605,68 $;-1040,68 $;0,00%;-1040,68 $;0,00 $;-1040,68 $;0,00 $;-1040,68 $;40,00;1035,00 $;345,00 $;1385,68 $;0,09%;
06/05/2021;1;-3365,40 $;1034,32 $;1034,32 $;0,00 $;5,68 $;-8571,36 $;0,00 $;100,00%;1034,32 $;1034,32 $;0,00 $;1034,32 $;0,00 $;250,00;1735,00 $;1040,00 $;5,68 $;0,09%;
07/05/2021;1;-5366,08 $;-2000,68 $;0,00 $;-2000,68 $;5,68 $;-10572,04 $;-2000,68 $;0,00%;-2000,68 $;0,00 $;-2000,68 $;0,00 $;-2000,68 $;210,00;1995,00 $;455,00 $;2455,68 $;0,09%;
11/05/2021;1;-5221,76 $;144,32 $;144,32 $;0,00 $;5,68 $;-10427,72 $;0,00 $;100,00%;144,32 $;144,32 $;0,00 $;144,32 $;0,00 $;315,00;1235,00 $;1325,00 $;1180,68 $;0,09%;
14/05/2021;1;-4182,44 $;1039,32 $;1039,32 $;0,00 $;5,68 $;-9388,40 $;0,00 $;100,00%;1039,32 $;1039,32 $;0,00 $;1039,32 $;0,00 $;45,00;60,00 $;1045,00 $;5,68 $;0,09%;
18/05/2021;1;-5658,12 $;-1475,68 $;0,00 $;-1475,68 $;5,68 $;-10864,08 $;-1475,68 $;0,00%;-1475,68 $;0,00 $;-1475,68 $;0,00 $;-1475,68 $;225,00;1470,00 $;465,00 $;1940,68 $;0,09%;
19/05/2021;1;-3668,80 $;1989,32 $;1989,32 $;0,00 $;5,68 $;-8874,76 $;0,00 $;100,00%;1989,32 $;1989,32 $;0,00 $;1989,32 $;0,00 $;115,00;60,00 $;1995,00 $;5,68 $;0,09%;
20/05/2021;1;-2854,48 $;814,32 $;814,32 $;0,00 $;5,68 $;-8060,44 $;0,00 $;100,00%;814,32 $;814,32 $;0,00 $;814,32 $;0,00 $;40,00;120,00 $;820,00 $;5,68 $;0,09%;
24/05/2021;1;-2805,16 $;49,32 $;49,32 $;0,00 $;5,68 $;-8011,12 $;0,00 $;100,00%;49,32 $;49,32 $;0,00 $;49,32 $;0,00 $;0,00;0,00 $;55,00 $;5,68 $;0,09%;
26/05/2021;1;-2980,84 $;-175,68 $;0,00 $;-175,68 $;5,68 $;-8186,80 $;-175,68 $;0,00%;-175,68 $;0,00 $;-175,68 $;0,00 $;-175,68 $;345,00;710,00 $;270,00 $;445,68 $;0,09%;
27/05/2021;1;-2861,52 $;119,32 $;119,32 $;0,00 $;5,68 $;-8067,48 $;0,00 $;100,00%;119,32 $;119,32 $;0,00 $;119,32 $;0,00 $;5,00;65,00 $;125,00 $;5,68 $;0,09%;
28/05/2021;1;-3797,20 $;-935,68 $;0,00 $;-935,68 $;5,68 $;-9003,16 $;-935,68 $;0,00%;-935,68 $;0,00 $;-935,68 $;0,00 $;-935,68 $;230,00;930,00 $;290,00 $;1225,68 $;0,09%;
03/06/2021;1;-5087,88 $;-1290,68 $;0,00 $;-1290,68 $;5,68 $;-10293,84 $;-1290,68 $;0,00%;-1290,68 $;0,00 $;-1290,68 $;0,00 $;-1290,68 $;340,00;1545,00 $;45,00 $;1335,68 $;0,09%;
04/06/2021;1;-5023,56 $;64,32 $;64,32 $;0,00 $;5,68 $;-10229,52 $;0,00 $;100,00%;64,32 $;64,32 $;0,00 $;64,32 $;0,00 $;320,00;265,00 $;480,00 $;415,68 $;0,09%;
07/06/2021;1;-4704,24 $;319,32 $;319,32 $;0,00 $;5,68 $;-9910,20 $;0,00 $;100,00%;319,32 $;319,32 $;0,00 $;319,32 $;0,00 $;10,00;80,00 $;325,00 $;5,68 $;0,09%;
10/06/2021;1;-4704,92 $;-0,68 $;0,00 $;-0,68 $;5,68 $;-9910,88 $;-0,68 $;0,00%;-0,68 $;0,00 $;-0,68 $;0,00 $;-0,68 $;5,00;35,00 $;65,00 $;65,68 $;0,09%;
11/06/2021;1;-4705,60 $;-0,68 $;0,00 $;-0,68 $;5,68 $;-9911,56 $;-0,68 $;0,00%;-0,68 $;0,00 $;-0,68 $;0,00 $;-0,68 $;45,00;85,00 $;35,00 $;35,68 $;0,09%;
14/06/2021;1;-3781,28 $;924,32 $;924,32 $;0,00 $;5,68 $;-8987,24 $;0,00 $;100,00%;924,32 $;924,32 $;0,00 $;924,32 $;0,00 $;210,00;300,00 $;930,00 $;5,68 $;0,09%;
17/06/2021;1;-3856,96 $;-75,68 $;0,00 $;-75,68 $;5,68 $;-9062,92 $;-75,68 $;0,00%;-75,68 $;0,00 $;-75,68 $;0,00 $;-75,68 $;0,00;70,00 $;0,00 $;75,68 $;0,09%;
21/06/2021;1;-3177,64 $;679,32 $;679,32 $;0,00 $;5,68 $;-8383,60 $;0,00 $;100,00%;679,32 $;679,32 $;0,00 $;679,32 $;0,00 $;360,00;225,00 $;815,00 $;135,68 $;0,09%;
22/06/2021;1;-2353,32 $;824,32 $;824,32 $;0,00 $;5,68 $;-7559,28 $;0,00 $;100,00%;824,32 $;824,32 $;0,00 $;824,32 $;0,00 $;90,00;0,00 $;830,00 $;5,68 $;0,09%;
24/06/2021;1;-3269,00 $;-915,68 $;0,00 $;-915,68 $;5,68 $;-8474,96 $;-915,68 $;0,00%;-915,68 $;0,00 $;-915,68 $;0,00 $;-915,68 $;150,00;910,00 $;295,00 $;1210,68 $;0,09%;
28/06/2021;1;-2449,68 $;819,32 $;819,32 $;0,00 $;5,68 $;-7655,64 $;0,00 $;100,00%;819,32 $;819,32 $;0,00 $;819,32 $;0,00 $;250,00;320,00 $;825,00 $;5,68 $;0,09%;
29/06/2021;1;-2115,36 $;334,32 $;334,32 $;0,00 $;5,68 $;-7321,32 $;0,00 $;100,00%;334,32 $;334,32 $;0,00 $;334,32 $;0,00 $;90,00;155,00 $;340,00 $;5,68 $;0,09%;
02/07/2021;1;-1876,04 $;239,32 $;239,32 $;0,00 $;5,68 $;-7082,00 $;0,00 $;100,00%;239,32 $;239,32 $;0,00 $;239,32 $;0,00 $;20,00;105,00 $;245,00 $;5,68 $;0,09%;
08/07/2021;1;-411,72 $;1464,32 $;1464,32 $;0,00 $;5,68 $;-5617,68 $;0,00 $;100,00%;1464,32 $;1464,32 $;0,00 $;1464,32 $;0,00 $;105,00;375,00 $;1470,00 $;5,68 $;0,09%;
09/07/2021;1;-327,40 $;84,32 $;84,32 $;0,00 $;5,68 $;-5533,36 $;0,00 $;100,00%;84,32 $;84,32 $;0,00 $;84,32 $;0,00 $;0,00;0,00 $;90,00 $;5,68 $;0,09%;
12/07/2021;1;-53,08 $;274,32 $;274,32 $;0,00 $;5,68 $;-5259,04 $;0,00 $;100,00%;274,32 $;274,32 $;0,00 $;274,32 $;0,00 $;80,00;140,00 $;420,00 $;145,68 $;0,09%;
13/07/2021;1;-2398,76 $;-2345,68 $;0,00 $;-2345,68 $;5,68 $;-7604,72 $;-2345,68 $;0,00%;-2345,68 $;0,00 $;-2345,68 $;0,00 $;-2345,68 $;200,00;2340,00 $;575,00 $;2920,68 $;0,09%;
19/07/2021;1;-2134,44 $;264,32 $;264,32 $;0,00 $;5,68 $;-7340,40 $;0,00 $;100,00%;264,32 $;264,32 $;0,00 $;264,32 $;0,00 $;15,00;30,00 $;375,00 $;110,68 $;0,09%;
20/07/2021;1;-895,12 $;1239,32 $;1239,32 $;0,00 $;5,68 $;-6101,08 $;0,00 $;100,00%;1239,32 $;1239,32 $;0,00 $;1239,32 $;0,00 $;30,00;200,00 $;1245,00 $;5,68 $;0,09%;
21/07/2021;1;-395,80 $;499,32 $;499,32 $;0,00 $;5,68 $;-5601,76 $;0,00 $;100,00%;499,32 $;499,32 $;0,00 $;499,32 $;0,00 $;240,00;815,00 $;505,00 $;5,68 $;0,09%;
22/07/2021;1;-1606,48 $;-1210,68 $;0,00 $;-1210,68 $;5,68 $;-6812,44 $;-1210,68 $;0,00%;-1210,68 $;0,00 $;-1210,68 $;0,00 $;-1210,68 $;95,00;1205,00 $;115,00 $;1325,68 $;0,09%;
23/07/2021;1;-667,16 $;939,32 $;939,32 $;0,00 $;5,68 $;-5873,12 $;0,00 $;100,00%;939,32 $;939,32 $;0,00 $;939,32 $;0,00 $;40,00;200,00 $;945,00 $;5,68 $;0,09%;
26/07/2021;1;-597,84 $;69,32 $;69,32 $;0,00 $;5,68 $;-5803,80 $;0,00 $;100,00%;69,32 $;69,32 $;0,00 $;69,32 $;0,00 $;280,00;740,00 $;160,00 $;90,68 $;0,09%;
28/07/2021;1;-2113,52 $;-1515,68 $;0,00 $;-1515,68 $;5,68 $;-7319,48 $;-1515,68 $;0,00%;-1515,68 $;0,00 $;-1515,68 $;0,00 $;-1515,68 $;380,00;2770,00 $;75,00 $;1590,68 $;0,09%;
02/08/2021;1;-1409,20 $;704,32 $;704,32 $;0,00 $;5,68 $;-6615,16 $;0,00 $;100,00%;704,32 $;704,32 $;0,00 $;704,32 $;0,00 $;45,00;370,00 $;710,00 $;5,68 $;0,09%;
03/08/2021;1;-1239,88 $;169,32 $;169,32 $;0,00 $;5,68 $;-6445,84 $;0,00 $;100,00%;169,32 $;169,32 $;0,00 $;169,32 $;0,00 $;220,00;635,00 $;475,00 $;305,68 $;0,09%;
04/08/2021;1;-1510,56 $;-270,68 $;0,00 $;-270,68 $;5,68 $;-6716,52 $;-270,68 $;0,00%;-270,68 $;0,00 $;-270,68 $;0,00 $;-270,68 $;215,00;650,00 $;265,00 $;535,68 $;0,09%;
05/08/2021;1;-1276,24 $;234,32 $;234,32 $;0,00 $;5,68 $;-6482,20 $;0,00 $;100,00%;234,32 $;234,32 $;0,00 $;234,32 $;0,00 $;345,00;485,00 $;255,00 $;20,68 $;0,09%;
09/08/2021;1;-1166,92 $;109,32 $;109,32 $;0,00 $;5,68 $;-6372,88 $;0,00 $;100,00%;109,32 $;109,32 $;0,00 $;109,32 $;0,00 $;370,00;625,00 $;490,00 $;380,68 $;0,09%;
12/08/2021;1;-1042,60 $;124,32 $;124,32 $;0,00 $;5,68 $;-6248,56 $;0,00 $;100,00%;124,32 $;124,32 $;0,00 $;124,32 $;0,00 $;0,00;0,00 $;130,00 $;5,68 $;0,09%;
13/08/2021;1;-1033,28 $;9,32 $;9,32 $;0,00 $;5,68 $;-6239,24 $;0,00 $;100,00%;9,32 $;9,32 $;0,00 $;9,32 $;0,00 $;380,00;580,00 $;175,00 $;165,68 $;0,09%;
16/08/2021;1;-988,96 $;44,32 $;44,32 $;0,00 $;5,68 $;-6194,92 $;0,00 $;100,00%;44,32 $;44,32 $;0,00 $;44,32 $;0,00 $;45,00;190,00 $;120,00 $;75,68 $;0,09%;
19/08/2021;1;695,36 $;1684,32 $;1684,32 $;0,00 $;5,68 $;-4510,60 $;0,00 $;100,00%;1684,32 $;1684,32 $;0,00 $;1684,32 $;0,00 $;40,00;515,00 $;1690,00 $;5,68 $;0,09%;
20/08/2021;1;899,68 $;204,32 $;204,32 $;0,00 $;5,68 $;-4306,28 $;0,00 $;100,00%;204,32 $;204,32 $;0,00 $;204,32 $;0,00 $;380,00;1660,00 $;310,00 $;105,68 $;0,09%;
23/08/2021;1;1479,00 $;579,32 $;579,32 $;0,00 $;5,68 $;-3726,96 $;0,00 $;100,00%;579,32 $;579,32 $;0,00 $;579,32 $;0,00 $;55,00;175,00 $;585,00 $;5,68 $;0,09%;
24/08/2021;1;1268,32 $;-210,68 $;0,00 $;-210,68 $;5,68 $;-3937,64 $;-210,68 $;0,00%;-210,68 $;0,00 $;-210,68 $;0,00 $;-210,68 $;370,00;870,00 $;35,00 $;245,68 $;0,09%;
27/08/2021;1;2027,64 $;759,32 $;759,32 $;0,00 $;5,68 $;-3178,32 $;0,00 $;100,00%;759,32 $;759,32 $;0,00 $;759,32 $;0,00 $;385,00;625,00 $;1075,00 $;315,68 $;0,09%;
30/08/2021;1;2671,96 $;644,32 $;644,32 $;0,00 $;5,68 $;-2534,00 $;0,00 $;100,00%;644,32 $;644,32 $;0,00 $;644,32 $;0,00 $;215,00;485,00 $;650,00 $;5,68 $;0,09%;
31/08/2021;1;3296,28 $;624,32 $;624,32 $;0,00 $;5,68 $;-1909,68 $;0,00 $;100,00%;624,32 $;624,32 $;0,00 $;624,32 $;0,00 $;320,00;90,00 $;720,00 $;95,68 $;0,09%;
07/09/2021;1;3290,60 $;-5,68 $;0,00 $;-5,68 $;5,68 $;-1915,36 $;-5,68 $;0,00%;-5,68 $;0,00 $;-5,68 $;0,00 $;-5,68 $;350,00;790,00 $;590,00 $;595,68 $;0,09%;
15/09/2021;1;3329,92 $;39,32 $;39,32 $;0,00 $;5,68 $;-1876,04 $;0,00 $;100,00%;39,32 $;39,32 $;0,00 $;39,32 $;0,00 $;0,00;0,00 $;45,00 $;5,68 $;0,09%;
16/09/2021;1;4124,24 $;794,32 $;794,32 $;0,00 $;5,68 $;-1081,72 $;0,00 $;100,00%;794,32 $;794,32 $;0,00 $;794,32 $;0,00 $;55,00;40,00 $;800,00 $;5,68 $;0,09%;
22/09/2021;1;5818,56 $;1694,32 $;1694,32 $;0,00 $;5,68 $;0,00 $;0,00 $;100,00%;1694,32 $;1694,32 $;0,00 $;1694,32 $;0,00 $;210,00;700,00 $;1700,00 $;5,68 $;0,09%;
23/09/2021;1;4917,88 $;-900,68 $;0,00 $;-900,68 $;5,68 $;-900,68 $;-900,68 $;0,00%;-900,68 $;0,00 $;-900,68 $;0,00 $;-900,68 $;190,00;1075,00 $;125,00 $;1025,68 $;0,09%;
24/09/2021;1;5957,20 $;1039,32 $;1039,32 $;0,00 $;5,68 $;0,00 $;0,00 $;100,00%;1039,32 $;1039,32 $;0,00 $;1039,32 $;0,00 $;195,00;330,00 $;1045,00 $;5,68 $;0,09%;
27/09/2021;1;6681,52 $;724,32 $;724,32 $;0,00 $;5,68 $;0,00 $;0,00 $;100,00%;724,32 $;724,32 $;0,00 $;724,32 $;0,00 $;275,00;1395,00 $;730,00 $;5,68 $;0,09%;
01/10/2021;1;7510,84 $;829,32 $;829,32 $;0,00 $;5,68 $;0,00 $;0,00 $;100,00%;829,32 $;829,32 $;0,00 $;829,32 $;0,00 $;130,00;740,00 $;835,00 $;5,68 $;0,09%;
05/10/2021;1;8270,16 $;759,32 $;759,32 $;0,00 $;5,68 $;0,00 $;0,00 $;100,00%;759,32 $;759,32 $;0,00 $;759,32 $;0,00 $;65,00;280,00 $;765,00 $;5,68 $;0,09%;
06/10/2021;1;10409,48 $;2139,32 $;2139,32 $;0,00 $;5,68 $;0,00 $;0,00 $;100,00%;2139,32 $;2139,32 $;0,00 $;2139,32 $;0,00 $;375,00;1815,00 $;2235,00 $;95,68 $;0,09%;
07/10/2021;1;8803,80 $;-1605,68 $;0,00 $;-1605,68 $;5,68 $;-1605,68 $;-1605,68 $;0,00%;-1605,68 $;0,00 $;-1605,68 $;0,00 $;-1605,68 $;310,00;1600,00 $;405,00 $;2010,68 $;0,09%;
11/10/2021;1;6813,12 $;-1990,68 $;0,00 $;-1990,68 $;5,68 $;-3596,36 $;-1990,68 $;0,00%;-1990,68 $;0,00 $;-1990,68 $;0,00 $;-1990,68 $;170,00;1985,00 $;70,00 $;2060,68 $;0,09%;
14/10/2021;1;8187,44 $;1374,32 $;1374,32 $;0,00 $;5,68 $;-2222,04 $;0,00 $;100,00%;1374,32 $;1374,32 $;0,00 $;1374,32 $;0,00 $;280,00;50,00 $;1380,00 $;5,68 $;0,09%;
15/10/2021;1;8366,76 $;179,32 $;179,32 $;0,00 $;5,68 $;-2042,72 $;0,00 $;100,00%;179,32 $;179,32 $;0,00 $;179,32 $;0,00 $;280,00;1130,00 $;185,00 $;5,68 $;0,09%;
18/10/2021;1;9411,08 $;1044,32 $;1044,32 $;0,00 $;5,68 $;-998,40 $;0,00 $;100,00%;1044,32 $;1044,32 $;0,00 $;1044,32 $;0,00 $;125,00;120,00 $;1050,00 $;5,68 $;0,09%;
19/10/2021;1;10065,40 $;654,32 $;654,32 $;0,00 $;5,68 $;-344,08 $;0,00 $;100,00%;654,32 $;654,32 $;0,00 $;654,32 $;0,00 $;285,00;225,00 $;660,00 $;5,68 $;0,09%;
21/10/2021;1;10424,72 $;359,32 $;359,32 $;0,00 $;5,68 $;0,00 $;0,00 $;100,00%;359,32 $;359,32 $;0,00 $;359,32 $;0,00 $;270,00;645,00 $;365,00 $;5,68 $;0,09%;
25/10/2021;1;12004,04 $;1579,32 $;1579,32 $;0,00 $;5,68 $;0,00 $;0,00 $;100,00%;1579,32 $;1579,32 $;0,00 $;1579,32 $;0,00 $;110,00;215,00 $;1585,00 $;5,68 $;0,09%;
26/10/2021;1;10823,36 $;-1180,68 $;0,00 $;-1180,68 $;5,68 $;-1180,68 $;-1180,68 $;0,00%;-1180,68 $;0,00 $;-1180,68 $;0,00 $;-1180,68 $;60,00;1175,00 $;380,00 $;1560,68 $;0,09%;
27/10/2021;1;9752,68 $;-1070,68 $;0,00 $;-1070,68 $;5,68 $;-2251,36 $;-1070,68 $;0,00%;-1070,68 $;0,00 $;-1070,68 $;0,00 $;-1070,68 $;330,00;1295,00 $;1425,00 $;2495,68 $;0,09%;
28/10/2021;1;10417,00 $;664,32 $;664,32 $;0,00 $;5,68 $;-1587,04 $;0,00 $;100,00%;664,32 $;664,32 $;0,00 $;664,32 $;0,00 $;230,00;705,00 $;670,00 $;5,68 $;0,09%;
29/10/2021;1;10701,32 $;284,32 $;284,32 $;0,00 $;5,68 $;-1302,72 $;0,00 $;100,00%;284,32 $;284,32 $;0,00 $;284,32 $;0,00 $;40,00;200,00 $;290,00 $;5,68 $;0,09%;
01/11/2021;1;11550,64 $;849,32 $;849,32 $;0,00 $;5,68 $;-453,40 $;0,00 $;100,00%;849,32 $;849,32 $;0,00 $;849,32 $;0,00 $;315,00;1120,00 $;1080,00 $;230,68 $;0,09%;
03/11/2021;1;11974,96 $;424,32 $;424,32 $;0,00 $;5,68 $;-29,08 $;0,00 $;100,00%;424,32 $;424,32 $;0,00 $;424,32 $;0,00 $;5,00;165,00 $;430,00 $;5,68 $;0,09%;
04/11/2021;1;13014,28 $;1039,32 $;1039,32 $;0,00 $;5,68 $;0,00 $;0,00 $;100,00%;1039,32 $;1039,32 $;0,00 $;1039,32 $;0,00 $;205,00;1030,00 $;1045,00 $;5,68 $;0,09%;
12/11/2021;1;14383,60 $;1369,32 $;1369,32 $;0,00 $;5,68 $;0,00 $;0,00 $;100,00%;1369,32 $;1369,32 $;0,00 $;1369,32 $;0,00 $;25,00;15,00 $;1375,00 $;5,68 $;0,09%;
16/11/2021;1;14427,92 $;44,32 $;44,32 $;0,00 $;5,68 $;0,00 $;0,00 $;100,00%;44,32 $;44,32 $;0,00 $;44,32 $;0,00 $;0,00;0,00 $;50,00 $;5,68 $;0,09%;
17/11/2021;1;15247,24 $;819,32 $;819,32 $;0,00 $;5,68 $;0,00 $;0,00 $;100,00%;819,32 $;819,32 $;0,00 $;819,32 $;0,00 $;45,00;165,00 $;825,00 $;5,68 $;0,09%;
18/11/2021;1;15236,56 $;-10,68 $;0,00 $;-10,68 $;5,68 $;-10,68 $;-10,68 $;0,00%;-10,68 $;0,00 $;-10,68 $;0,00 $;-10,68 $;0,00;5,00 $;0,00 $;10,68 $;0,09%;
24/11/2021;1;15920,88 $;684,32 $;684,32 $;0,00 $;5,68 $;0,00 $;0,00 $;100,00%;684,32 $;684,32 $;0,00 $;684,32 $;0,00 $;330,00;1385,00 $;965,00 $;280,68 $;0,09%;
29/11/2021;1;17440,20 $;1519,32 $;1519,32 $;0,00 $;5,68 $;0,00 $;0,00 $;100,00%;1519,32 $;1519,32 $;0,00 $;1519,32 $;0,00 $;80,00;40,00 $;1525,00 $;5,68 $;0,09%;
01/12/2021;1;14914,52 $;-2525,68 $;0,00 $;-2525,68 $;5,68 $;-2525,68 $;-2525,68 $;0,00%;-2525,68 $;0,00 $;-2525,68 $;0,00 $;-2525,68 $;85,00;2520,00 $;255,00 $;2780,68 $;0,09%;
02/12/2021;1;14533,84 $;-380,68 $;0,00 $;-380,68 $;5,68 $;-2906,36 $;-380,68 $;0,00%;-380,68 $;0,00 $;-380,68 $;0,00 $;-380,68 $;65,00;1750,00 $;0,00 $;380,68 $;0,09%;
06/12/2021;1;16073,16 $;1539,32 $;1539,32 $;0,00 $;5,68 $;-1367,04 $;0,00 $;100,00%;1539,32 $;1539,32 $;0,00 $;1539,32 $;0,00 $;175,00;2200,00 $;1545,00 $;5,68 $;0,09%;
07/12/2021;1;17467,48 $;1394,32 $;1394,32 $;0,00 $;5,68 $;0,00 $;0,00 $;100,00%;1394,32 $;1394,32 $;0,00 $;1394,32 $;0,00 $;325,00;1040,00 $;1400,00 $;5,68 $;0,09%;
08/12/2021;1;17986,80 $;519,32 $;519,32 $;0,00 $;5,68 $;0,00 $;0,00 $;100,00%;519,32 $;519,32 $;0,00 $;519,32 $;0,00 $;175,00;755,00 $;830,00 $;310,68 $;0,09%;
15/12/2021;1;18076,12 $;89,32 $;89,32 $;0,00 $;5,68 $;0,00 $;0,00 $;100,00%;89,32 $;89,32 $;0,00 $;89,32 $;0,00 $;30,00;2465,00 $;95,00 $;5,68 $;0,09%;
17/12/2021;1;17485,44 $;-590,68 $;0,00 $;-590,68 $;5,68 $;-590,68 $;-590,68 $;0,00%;-590,68 $;0,00 $;-590,68 $;0,00 $;-590,68 $;350,00;2320,00 $;1975,00 $;2565,68 $;0,09%;
20/12/2021;1;17329,76 $;-155,68 $;0,00 $;-155,68 $;5,68 $;-746,36 $;-155,68 $;0,00%;-155,68 $;0,00 $;-155,68 $;0,00 $;-155,68 $;30,00;230,00 $;165,00 $;320,68 $;0,09%;
21/12/2021;1;18899,08 $;1569,32 $;1569,32 $;0,00 $;5,68 $;0,00 $;0,00 $;100,00%;1569,32 $;1569,32 $;0,00 $;1569,32 $;0,00 $;85,00;490,00 $;1575,00 $;5,68 $;0,09%;
22/12/2021;1;20148,40 $;1249,32 $;1249,32 $;0,00 $;5,68 $;0,00 $;0,00 $;100,00%;1249,32 $;1249,32 $;0,00 $;1249,32 $;0,00 $;295,00;910,00 $;1255,00 $;5,68 $;0,09%;
23/12/2021;1;21252,72 $;1104,32 $;1104,32 $;0,00 $;5,68 $;0,00 $;0,00 $;100,00%;1104,32 $;1104,32 $;0,00 $;1104,32 $;0,00 $;75,00;370,00 $;1110,00 $;5,68 $;0,09%;
27/12/2021;1;21707,04 $;454,32 $;454,32 $;0,00 $;5,68 $;0,00 $;0,00 $;100,00%;454,32 $;454,32 $;0,00 $;454,32 $;0,00 $;195,00;710,00 $;460,00 $;5,68 $;0,09%;
30/12/2021;1;19536,36 $;-2170,68 $;0,00 $;-2170,68 $;5,68 $;-2170,68 $;-2170,68 $;0,00%;-2170,68 $;0,00 $;-2170,68 $;0,00 $;-2170,68 $;315,00;2165,00 $;110,00 $;2280,68 $;0,09%;
03/01/2022;1;19965,68 $;429,32 $;429,32 $;0,00 $;5,68 $;-1741,36 $;0,00 $;100,00%;429,32 $;429,32 $;0,00 $;429,32 $;0,00 $;115,00;475,00 $;680,00 $;250,68 $;0,09%;
10/01/2022;1;22380,00 $;2414,32 $;2414,32 $;0,00 $;5,68 $;0,00 $;0,00 $;100,00%;2414,32 $;2414,32 $;0,00 $;2414,32 $;0,00 $;25,00;135,00 $;2420,00 $;5,68 $;0,09%;
11/01/2022;1;23604,32 $;1224,32 $;1224,32 $;0,00 $;5,68 $;0,00 $;0,00 $;100,00%;1224,32 $;1224,32 $;0,00 $;1224,32 $;0,00 $;10,00;410,00 $;1230,00 $;5,68 $;0,09%;
14/01/2022;1;23773,64 $;169,32 $;169,32 $;0,00 $;5,68 $;0,00 $;0,00 $;100,00%;169,32 $;169,32 $;0,00 $;169,32 $;0,00 $;25,00;55,00 $;260,00 $;90,68 $;0,09%;
20/01/2022;1;20862,96 $;-2910,68 $;0,00 $;-2910,68 $;5,68 $;-2910,68 $;-2910,68 $;0,00%;-2910,68 $;0,00 $;-2910,68 $;0,00 $;-2910,68 $;120,00;2905,00 $;45,00 $;2955,68 $;0,09%;
21/01/2022;1;16822,28 $;-4040,68 $;0,00 $;-4040,68 $;5,68 $;-6951,36 $;-4040,68 $;0,00%;-4040,68 $;0,00 $;-4040,68 $;0,00 $;-4040,68 $;70,00;4035,00 $;200,00 $;4240,68 $;0,09%;
24/01/2022;1;18336,60 $;1514,32 $;1514,32 $;0,00 $;5,68 $;-5437,04 $;0,00 $;100,00%;1514,32 $;1514,32 $;0,00 $;1514,32 $;0,00 $;0,00;0,00 $;1520,00 $;5,68 $;0,09%;
25/01/2022;1;11270,92 $;-7065,68 $;0,00 $;-7065,68 $;5,68 $;-12502,72 $;-7065,68 $;0,00%;-7065,68 $;0,00 $;-7065,68 $;0,00 $;-7065,68 $;80,00;7060,00 $;95,00 $;7160,68 $;0,09%;
26/01/2022;1;7555,24 $;-3715,68 $;0,00 $;-3715,68 $;5,68 $;-16218,40 $;-3715,68 $;0,00%;-3715,68 $;0,00 $;-3715,68 $;0,00 $;-3715,68 $;100,00;3710,00 $;2085,00 $;5800,68 $;0,09%;
28/01/2022;1;9964,56 $;2409,32 $;2409,32 $;0,00 $;5,68 $;-13809,08 $;0,00 $;100,00%;2409,32 $;2409,32 $;0,00 $;2409,32 $;0,00 $;10,00;135,00 $;2415,00 $;5,68 $;0,09%;
31/01/2022;1;14068,88 $;4104,32 $;4104,32 $;0,00 $;5,68 $;-9704,76 $;0,00 $;100,00%;4104,32 $;4104,32 $;0,00 $;4104,32 $;0,00 $;280,00;685,00 $;4110,00 $;5,68 $;0,09%;
01/02/2022;1;16563,20 $;2494,32 $;2494,32 $;0,00 $;5,68 $;-7210,44 $;0,00 $;100,00%;2494,32 $;2494,32 $;0,00 $;2494,32 $;0,00 $;245,00;2055,00 $;2500,00 $;5,68 $;0,09%;
04/02/2022;1;18737,52 $;2174,32 $;2174,32 $;0,00 $;5,68 $;-5036,12 $;0,00 $;100,00%;2174,32 $;2174,32 $;0,00 $;2174,32 $;0,00 $;125,00;310,00 $;2180,00 $;5,68 $;0,09%;
08/02/2022;1;19976,84 $;1239,32 $;1239,32 $;0,00 $;5,68 $;-3796,80 $;0,00 $;100,00%;1239,32 $;1239,32 $;0,00 $;1239,32 $;0,00 $;55,00;355,00 $;1245,00 $;5,68 $;0,09%;
09/02/2022;1;21001,16 $;1024,32 $;1024,32 $;0,00 $;5,68 $;-2772,48 $;0,00 $;100,00%;1024,32 $;1024,32 $;0,00 $;1024,32 $;0,00 $;170,00;580,00 $;1030,00 $;5,68 $;0,09%;
10/02/2022;1;18600,48 $;-2400,68 $;0,00 $;-2400,68 $;5,68 $;-5173,16 $;-2400,68 $;0,00%;-2400,68 $;0,00 $;-2400,68 $;0,00 $;-2400,68 $;115,00;2395,00 $;960,00 $;3360,68 $;0,09%;
14/02/2022;1;15704,80 $;-2895,68 $;0,00 $;-2895,68 $;5,68 $;-8068,84 $;-2895,68 $;0,00%;-2895,68 $;0,00 $;-2895,68 $;0,00 $;-2895,68 $;135,00;2890,00 $;830,00 $;3725,68 $;0,09%;
15/02/2022;1;14134,12 $;-1570,68 $;0,00 $;-1570,68 $;5,68 $;-9639,52 $;-1570,68 $;0,00%;-1570,68 $;0,00 $;-1570,68 $;0,00 $;-1570,68 $;105,00;1565,00 $;815,00 $;2385,68 $;0,09%;
16/02/2022;1;13688,44 $;-445,68 $;0,00 $;-445,68 $;5,68 $;-10085,20 $;-445,68 $;0,00%;-445,68 $;0,00 $;-445,68 $;0,00 $;-445,68 $;0,00;440,00 $;0,00 $;445,68 $;0,09%;
24/02/2022;1;16827,76 $;3139,32 $;3139,32 $;0,00 $;5,68 $;-6945,88 $;0,00 $;100,00%;3139,32 $;3139,32 $;0,00 $;3139,32 $;0,00 $;40,00;1195,00 $;3145,00 $;5,68 $;0,09%;
25/02/2022;1;18337,08 $;1509,32 $;1509,32 $;0,00 $;5,68 $;-5436,56 $;0,00 $;100,00%;1509,32 $;1509,32 $;0,00 $;1509,32 $;0,00 $;15,00;740,00 $;1515,00 $;5,68 $;0,09%;
28/02/2022;1;20046,40 $;1709,32 $;1709,32 $;0,00 $;5,68 $;-3727,24 $;0,00 $;100,00%;1709,32 $;1709,32 $;0,00 $;1709,32 $;0,00 $;35,00;250,00 $;1715,00 $;5,68 $;0,09%;
02/03/2022;1;22675,72 $;2629,32 $;2629,32 $;0,00 $;5,68 $;-1097,92 $;0,00 $;100,00%;2629,32 $;2629,32 $;0,00 $;2629,32 $;0,00 $;265,00;340,00 $;2635,00 $;5,68 $;0,09%;
08/03/2022;1;24605,04 $;1929,32 $;1929,32 $;0,00 $;5,68 $;0,00 $;0,00 $;100,00%;1929,32 $;1929,32 $;0,00 $;1929,32 $;0,00 $;15,00;835,00 $;1935,00 $;5,68 $;0,09%;
09/03/2022;1;27414,36 $;2809,32 $;2809,32 $;0,00 $;5,68 $;0,00 $;0,00 $;100,00%;2809,32 $;2809,32 $;0,00 $;2809,32 $;0,00 $;240,00;1035,00 $;2815,00 $;5,68 $;0,09%;
10/03/2022;1;27198,68 $;-215,68 $;0,00 $;-215,68 $;5,68 $;-215,68 $;-215,68 $;0,00%;-215,68 $;0,00 $;-215,68 $;0,00 $;-215,68 $;110,00;690,00 $;885,00 $;1100,68 $;0,09%;
14/03/2022;1;24493,00 $;-2705,68 $;0,00 $;-2705,68 $;5,68 $;-2921,36 $;-2705,68 $;0,00%;-2705,68 $;0,00 $;-2705,68 $;0,00 $;-2705,68 $;70,00;2700,00 $;845,00 $;3550,68 $;0,09%;
15/03/2022;1;25982,32 $;1489,32 $;1489,32 $;0,00 $;5,68 $;-1432,04 $;0,00 $;100,00%;1489,32 $;1489,32 $;0,00 $;1489,32 $;0,00 $;50,00;465,00 $;1495,00 $;5,68 $;0,09%;
16/03/2022;1;25781,64 $;-200,68 $;0,00 $;-200,68 $;5,68 $;-1632,72 $;-200,68 $;0,00%;-200,68 $;0,00 $;-200,68 $;0,00 $;-200,68 $;0,00;195,00 $;0,00 $;200,68 $;0,09%;
17/03/2022;1;25635,96 $;-145,68 $;0,00 $;-145,68 $;5,68 $;-1778,40 $;-145,68 $;0,00%;-145,68 $;0,00 $;-145,68 $;0,00 $;-145,68 $;190,00;1105,00 $;1425,00 $;1570,68 $;0,09%;
18/03/2022;1;28195,28 $;2559,32 $;2559,32 $;0,00 $;5,68 $;0,00 $;0,00 $;100,00%;2559,32 $;2559,32 $;0,00 $;2559,32 $;0,00 $;235,00;630,00 $;2565,00 $;5,68 $;0,09%;
22/03/2022;1;29634,60 $;1439,32 $;1439,32 $;0,00 $;5,68 $;0,00 $;0,00 $;100,00%;1439,32 $;1439,32 $;0,00 $;1439,32 $;0,00 $;315,00;895,00 $;1445,00 $;5,68 $;0,09%;
23/03/2022;1;30563,92 $;929,32 $;929,32 $;0,00 $;5,68 $;0,00 $;0,00 $;100,00%;929,32 $;929,32 $;0,00 $;929,32 $;0,00 $;50,00;965,00 $;935,00 $;5,68 $;0,09%;
24/03/2022;1;30913,24 $;349,32 $;349,32 $;0,00 $;5,68 $;0,00 $;0,00 $;100,00%;349,32 $;349,32 $;0,00 $;349,32 $;0,00 $;10,00;145,00 $;355,00 $;5,68 $;0,09%;
28/03/2022;1;31812,56 $;899,32 $;899,32 $;0,00 $;5,68 $;0,00 $;0,00 $;100,00%;899,32 $;899,32 $;0,00 $;899,32 $;0,00 $;100,00;180,00 $;1225,00 $;325,68 $;0,09%;
29/03/2022;1;31956,88 $;144,32 $;144,32 $;0,00 $;5,68 $;0,00 $;0,00 $;100,00%;144,32 $;144,32 $;0,00 $;144,32 $;0,00 $;125,00;275,00 $;1040,00 $;895,68 $;0,09%;
30/03/2022;1;30396,20 $;-1560,68 $;0,00 $;-1560,68 $;5,68 $;-1560,68 $;-1560,68 $;0,00%;-1560,68 $;0,00 $;-1560,68 $;0,00 $;-1560,68 $;20,00;1555,00 $;95,00 $;1655,68 $;0,09%;
31/03/2022;1;28090,52 $;-2305,68 $;0,00 $;-2305,68 $;5,68 $;-3866,36 $;-2305,68 $;0,00%;-2305,68 $;0,00 $;-2305,68 $;0,00 $;-2305,68 $;205,00;2300,00 $;290,00 $;2595,68 $;0,09%;
04/04/2022;1;29834,84 $;1744,32 $;1744,32 $;0,00 $;5,68 $;-2122,04 $;0,00 $;100,00%;1744,32 $;1744,32 $;0,00 $;1744,32 $;0,00 $;280,00;300,00 $;1750,00 $;5,68 $;0,09%;
08/04/2022;1;28394,16 $;-1440,68 $;0,00 $;-1440,68 $;5,68 $;-3562,72 $;-1440,68 $;0,00%;-1440,68 $;0,00 $;-1440,68 $;0,00 $;-1440,68 $;310,00;1435,00 $;2285,00 $;3725,68 $;0,09%;
13/04/2022;1;29938,48 $;1544,32 $;1544,32 $;0,00 $;5,68 $;-2018,40 $;0,00 $;100,00%;1544,32 $;1544,32 $;0,00 $;1544,32 $;0,00 $;50,00;900,00 $;1550,00 $;5,68 $;0,09%;
18/04/2022;1;26867,80 $;-3070,68 $;0,00 $;-3070,68 $;5,68 $;-5089,08 $;-3070,68 $;0,00%;-3070,68 $;0,00 $;-3070,68 $;0,00 $;-3070,68 $;100,00;3065,00 $;345,00 $;3415,68 $;0,09%;
19/04/2022;1;27152,12 $;284,32 $;284,32 $;0,00 $;5,68 $;-4804,76 $;0,00 $;100,00%;284,32 $;284,32 $;0,00 $;284,32 $;0,00 $;385,00;325,00 $;3215,00 $;2930,68 $;0,09%;
25/04/2022;1;28116,44 $;964,32 $;964,32 $;0,00 $;5,68 $;-3840,44 $;0,00 $;100,00%;964,32 $;964,32 $;0,00 $;964,32 $;0,00 $;245,00;3645,00 $;970,00 $;5,68 $;0,09%;
28/04/2022;1;29805,76 $;1689,32 $;1689,32 $;0,00 $;5,68 $;-2151,12 $;0,00 $;100,00%;1689,32 $;1689,32 $;0,00 $;1689,32 $;0,00 $;20,00;5,00 $;1695,00 $;5,68 $;0,09%;
02/05/2022;1;25645,08 $;-4160,68 $;0,00 $;-4160,68 $;5,68 $;-6311,80 $;-4160,68 $;0,00%;-4160,68 $;0,00 $;-4160,68 $;0,00 $;-4160,68 $;180,00;4155,00 $;105,00 $;4265,68 $;0,09%;
03/05/2022;1;25174,40 $;-470,68 $;0,00 $;-470,68 $;5,68 $;-6782,48 $;-470,68 $;0,00%;-470,68 $;0,00 $;-470,68 $;0,00 $;-470,68 $;180,00;2975,00 $;105,00 $;575,68 $;0,09%;
04/05/2022;1;24593,72 $;-580,68 $;0,00 $;-580,68 $;5,68 $;-7363,16 $;-580,68 $;0,00%;-580,68 $;0,00 $;-580,68 $;0,00 $;-580,68 $;0,00;575,00 $;0,00 $;580,68 $;0,09%;
06/05/2022;1;28028,04 $;3434,32 $;3434,32 $;0,00 $;5,68 $;-3928,84 $;0,00 $;100,00%;3434,32 $;3434,32 $;0,00 $;3434,32 $;0,00 $;20,00;985,00 $;3440,00 $;5,68 $;0,09%;
12/05/2022;1;22212,36 $;-5815,68 $;0,00 $;-5815,68 $;5,68 $;-9744,52 $;-5815,68 $;0,00%;-5815,68 $;0,00 $;-5815,68 $;0,00 $;-5815,68 $;250,00;5810,00 $;2985,00 $;8800,68 $;0,09%;
13/05/2022;1;22801,68 $;589,32 $;589,32 $;0,00 $;5,68 $;-9155,20 $;0,00 $;100,00%;589,32 $;589,32 $;0,00 $;589,32 $;0,00 $;375,00;2315,00 $;1955,00 $;1365,68 $;0,09%;
16/05/2022;1;19771,00 $;-3030,68 $;0,00 $;-3030,68 $;5,68 $;-12185,88 $;-3030,68 $;0,00%;-3030,68 $;0,00 $;-3030,68 $;0,00 $;-3030,68 $;135,00;3515,00 $;235,00 $;3265,68 $;0,09%;
17/05/2022;1;19955,32 $;184,32 $;184,32 $;0,00 $;5,68 $;-12001,56 $;0,00 $;100,00%;184,32 $;184,32 $;0,00 $;184,32 $;0,00 $;95,00;1070,00 $;275,00 $;90,68 $;0,09%;
19/05/2022;1;16654,64 $;-3300,68 $;0,00 $;-3300,68 $;5,68 $;-15302,24 $;-3300,68 $;0,00%;-3300,68 $;0,00 $;-3300,68 $;0,00 $;-3300,68 $;305,00;4285,00 $;90,00 $;3390,68 $;0,09%;
23/05/2022;1;18273,96 $;1619,32 $;1619,32 $;0,00 $;5,68 $;-13682,92 $;0,00 $;100,00%;1619,32 $;1619,32 $;0,00 $;1619,32 $;0,00 $;305,00;1150,00 $;2015,00 $;395,68 $;0,09%;
24/05/2022;1;19448,28 $;1174,32 $;1174,32 $;0,00 $;5,68 $;-12508,60 $;0,00 $;100,00%;1174,32 $;1174,32 $;0,00 $;1174,32 $;0,00 $;60,00;205,00 $;1360,00 $;185,68 $;0,09%;
25/05/2022;1;20917,60 $;1469,32 $;1469,32 $;0,00 $;5,68 $;-11039,28 $;0,00 $;100,00%;1469,32 $;1469,32 $;0,00 $;1469,32 $;0,00 $;235,00;2365,00 $;1475,00 $;5,68 $;0,09%;
26/05/2022;1;23021,92 $;2104,32 $;2104,32 $;0,00 $;5,68 $;-8934,96 $;0,00 $;100,00%;2104,32 $;2104,32 $;0,00 $;2104,32 $;0,00 $;100,00;630,00 $;2110,00 $;5,68 $;0,09%;
27/05/2022;1;24636,24 $;1614,32 $;1614,32 $;0,00 $;5,68 $;-7320,64 $;0,00 $;100,00%;1614,32 $;1614,32 $;0,00 $;1614,32 $;0,00 $;285,00;1150,00 $;1620,00 $;5,68 $;0,09%;
30/05/2022;1;24920,56 $;284,32 $;284,32 $;0,00 $;5,68 $;-7036,32 $;0,00 $;100,00%;284,32 $;284,32 $;0,00 $;284,32 $;0,00 $;20,00;65,00 $;290,00 $;5,68 $;0,09%;
31/05/2022;1;26289,88 $;1369,32 $;1369,32 $;0,00 $;5,68 $;-5667,00 $;0,00 $;100,00%;1369,32 $;1369,32 $;0,00 $;1369,32 $;0,00 $;55,00;1305,00 $;1375,00 $;5,68 $;0,09%;
02/06/2022;1;26384,20 $;94,32 $;94,32 $;0,00 $;5,68 $;-5572,68 $;0,00 $;100,00%;94,32 $;94,32 $;0,00 $;94,32 $;0,00 $;0,00;0,00 $;100,00 $;5,68 $;0,09%;
07/06/2022;1;26548,52 $;164,32 $;164,32 $;0,00 $;5,68 $;-5408,36 $;0,00 $;100,00%;164,32 $;164,32 $;0,00 $;164,32 $;0,00 $;0,00;0,00 $;170,00 $;5,68 $;0,09%;
15/06/2022;1;27882,84 $;1334,32 $;1334,32 $;0,00 $;5,68 $;-4074,04 $;0,00 $;100,00%;1334,32 $;1334,32 $;0,00 $;1334,32 $;0,00 $;0,00;0,00 $;1340,00 $;5,68 $;0,09%;
17/06/2022;1;26502,16 $;-1380,68 $;0,00 $;-1380,68 $;5,68 $;-5454,72 $;-1380,68 $;0,00%;-1380,68 $;0,00 $;-1380,68 $;0,00 $;-1380,68 $;210,00;2140,00 $;160,00 $;1540,68 $;0,09%;
20/06/2022;1;27236,48 $;734,32 $;734,32 $;0,00 $;5,68 $;-4720,40 $;0,00 $;100,00%;734,32 $;734,32 $;0,00 $;734,32 $;0,00 $;85,00;35,00 $;740,00 $;5,68 $;0,09%;
21/06/2022;1;25325,80 $;-1910,68 $;0,00 $;-1910,68 $;5,68 $;-6631,08 $;-1910,68 $;0,00%;-1910,68 $;0,00 $;-1910,68 $;0,00 $;-1910,68 $;350,00;2295,00 $;5,00 $;1915,68 $;0,09%;
22/06/2022;1;22065,12 $;-3260,68 $;0,00 $;-3260,68 $;5,68 $;-9891,76 $;-3260,68 $;0,00%;-3260,68 $;0,00 $;-3260,68 $;0,00 $;-3260,68 $;385,00;3360,00 $;765,00 $;4025,68 $;0,09%;
23/06/2022;1;21369,44 $;-695,68 $;0,00 $;-695,68 $;5,68 $;-10587,44 $;-695,68 $;0,00%;-695,68 $;0,00 $;-695,68 $;0,00 $;-695,68 $;355,00;3510,00 $;885,00 $;1580,68 $;0,09%;
24/06/2022;1;21573,76 $;204,32 $;204,32 $;0,00 $;5,68 $;-10383,12 $;0,00 $;100,00%;204,32 $;204,32 $;0,00 $;204,32 $;0,00 $;45,00;545,00 $;230,00 $;25,68 $;0,09%;
27/06/2022;1;20063,08 $;-1510,68 $;0,00 $;-1510,68 $;5,68 $;-11893,80 $;-1510,68 $;0,00%;-1510,68 $;0,00 $;-1510,68 $;0,00 $;-1510,68 $;230,00;1505,00 $;1110,00 $;2620,68 $;0,09%;
30/06/2022;1;21047,40 $;984,32 $;984,32 $;0,00 $;5,68 $;-10909,48 $;0,00 $;100,00%;984,32 $;984,32 $;0,00 $;984,32 $;0,00 $;30,00;305,00 $;990,00 $;5,68 $;0,09%;
04/07/2022;1;20966,72 $;-80,68 $;0,00 $;-80,68 $;5,68 $;-10990,16 $;-80,68 $;0,00%;-80,68 $;0,00 $;-80,68 $;0,00 $;-80,68 $;90,00;145,00 $;335,00 $;415,68 $;0,09%;
05/07/2022;1;20806,04 $;-160,68 $;0,00 $;-160,68 $;5,68 $;-11150,84 $;-160,68 $;0,00%;-160,68 $;0,00 $;-160,68 $;0,00 $;-160,68 $;0,00;155,00 $;0,00 $;160,68 $;0,09%;
06/07/2022;1;20340,36 $;-465,68 $;0,00 $;-465,68 $;5,68 $;-11616,52 $;-465,68 $;0,00%;-465,68 $;0,00 $;-465,68 $;0,00 $;-465,68 $;130,00;1550,00 $;975,00 $;1440,68 $;0,09%;
07/07/2022;1;21289,68 $;949,32 $;949,32 $;0,00 $;5,68 $;-10667,20 $;0,00 $;100,00%;949,32 $;949,32 $;0,00 $;949,32 $;0,00 $;155,00;775,00 $;955,00 $;5,68 $;0,09%;
08/07/2022;1;22294,00 $;1004,32 $;1004,32 $;0,00 $;5,68 $;-9662,88 $;0,00 $;100,00%;1004,32 $;1004,32 $;0,00 $;1004,32 $;0,00 $;40,00;840,00 $;1010,00 $;5,68 $;0,09%;
11/07/2022;1;23493,32 $;1199,32 $;1199,32 $;0,00 $;5,68 $;-8463,56 $;0,00 $;100,00%;1199,32 $;1199,32 $;0,00 $;1199,32 $;0,00 $;170,00;860,00 $;1205,00 $;5,68 $;0,09%;
13/07/2022;1;23677,64 $;184,32 $;184,32 $;0,00 $;5,68 $;-8279,24 $;0,00 $;100,00%;184,32 $;184,32 $;0,00 $;184,32 $;0,00 $;0,00;0,00 $;190,00 $;5,68 $;0,09%;
14/07/2022;1;25786,96 $;2109,32 $;2109,32 $;0,00 $;5,68 $;-6169,92 $;0,00 $;100,00%;2109,32 $;2109,32 $;0,00 $;2109,32 $;0,00 $;135,00;275,00 $;2115,00 $;5,68 $;0,09%;
15/07/2022;1;25871,28 $;84,32 $;84,32 $;0,00 $;5,68 $;-6085,60 $;0,00 $;100,00%;84,32 $;84,32 $;0,00 $;84,32 $;0,00 $;40,00;55,00 $;130,00 $;45,68 $;0,09%;
19/07/2022;1;26940,60 $;1069,32 $;1069,32 $;0,00 $;5,68 $;-5016,28 $;0,00 $;100,00%;1069,32 $;1069,32 $;0,00 $;1069,32 $;0,00 $;15,00;40,00 $;1075,00 $;5,68 $;0,09%;
20/07/2022;1;27054,92 $;114,32 $;114,32 $;0,00 $;5,68 $;-4901,96 $;0,00 $;100,00%;114,32 $;114,32 $;0,00 $;114,32 $;0,00 $;5,00;305,00 $;120,00 $;5,68 $;0,09%;
21/07/2022;1;28359,24 $;1304,32 $;1304,32 $;0,00 $;5,68 $;-3597,64 $;0,00 $;100,00%;1304,32 $;1304,32 $;0,00 $;1304,32 $;0,00 $;220,00;765,00 $;1310,00 $;5,68 $;0,09%;
27/07/2022;1;29628,56 $;1269,32 $;1269,32 $;0,00 $;5,68 $;-2328,32 $;0,00 $;100,00%;1269,32 $;1269,32 $;0,00 $;1269,32 $;0,00 $;205,00;460,00 $;1275,00 $;5,68 $;0,09%;
28/07/2022;1;32177,88 $;2549,32 $;2549,32 $;0,00 $;5,68 $;0,00 $;0,00 $;100,00%;2549,32 $;2549,32 $;0,00 $;2549,32 $;0,00 $;210,00;180,00 $;2555,00 $;5,68 $;0,09%;
29/07/2022;1;33207,20 $;1029,32 $;1029,32 $;0,00 $;5,68 $;0,00 $;0,00 $;100,00%;1029,32 $;1029,32 $;0,00 $;1029,32 $;0,00 $;175,00;205,00 $;1735,00 $;705,68 $;0,09%;
01/08/2022;1;29841,52 $;-3365,68 $;0,00 $;-3365,68 $;5,68 $;-3365,68 $;-3365,68 $;0,00%;-3365,68 $;0,00 $;-3365,68 $;0,00 $;-3365,68 $;160,00;3360,00 $;390,00 $;3755,68 $;0,09%;
02/08/2022;1;31895,84 $;2054,32 $;2054,32 $;0,00 $;5,68 $;-1311,36 $;0,00 $;100,00%;2054,32 $;2054,32 $;0,00 $;2054,32 $;0,00 $;70,00;765,00 $;2060,00 $;5,68 $;0,09%;
03/08/2022;1;33825,16 $;1929,32 $;1929,32 $;0,00 $;5,68 $;0,00 $;0,00 $;100,00%;1929,32 $;1929,32 $;0,00 $;1929,32 $;0,00 $;240,00;450,00 $;1935,00 $;5,68 $;0,09%;
05/08/2022;1;31239,48 $;-2585,68 $;0,00 $;-2585,68 $;5,68 $;-2585,68 $;-2585,68 $;0,00%;-2585,68 $;0,00 $;-2585,68 $;0,00 $;-2585,68 $;50,00;2580,00 $;40,00 $;2625,68 $;0,09%;
10/08/2022;1;31863,80 $;624,32 $;624,32 $;0,00 $;5,68 $;-1961,36 $;0,00 $;100,00%;624,32 $;624,32 $;0,00 $;624,32 $;0,00 $;315,00;660,00 $;1170,00 $;545,68 $;0,09%;
12/08/2022;1;32578,12 $;714,32 $;714,32 $;0,00 $;5,68 $;-1247,04 $;0,00 $;100,00%;714,32 $;714,32 $;0,00 $;714,32 $;0,00 $;130,00;350,00 $;720,00 $;5,68 $;0,09%;
15/08/2022;1;33037,44 $;459,32 $;459,32 $;0,00 $;5,68 $;-787,72 $;0,00 $;100,00%;459,32 $;459,32 $;0,00 $;459,32 $;0,00 $;295,00;395,00 $;1010,00 $;550,68 $;0,09%;
16/08/2022;1;34011,76 $;974,32 $;974,32 $;0,00 $;5,68 $;0,00 $;0,00 $;100,00%;974,32 $;974,32 $;0,00 $;974,32 $;0,00 $;105,00;395,00 $;980,00 $;5,68 $;0,09%;
17/08/2022;1;32306,08 $;-1705,68 $;0,00 $;-1705,68 $;5,68 $;-1705,68 $;-1705,68 $;0,00%;-1705,68 $;0,00 $;-1705,68 $;0,00 $;-1705,68 $;65,00;1700,00 $;235,00 $;1940,68 $;0,09%;
18/08/2022;1;32905,40 $;599,32 $;599,32 $;0,00 $;5,68 $;-1106,36 $;0,00 $;100,00%;599,32 $;599,32 $;0,00 $;599,32 $;0,00 $;355,00;520,00 $;1315,00 $;715,68 $;0,09%;
24/08/2022;1;33844,72 $;939,32 $;939,32 $;0,00 $;5,68 $;-167,04 $;0,00 $;100,00%;939,32 $;939,32 $;0,00 $;939,32 $;0,00 $;50,00;685,00 $;945,00 $;5,68 $;0,09%;
25/08/2022;1;34609,04 $;764,32 $;764,32 $;0,00 $;5,68 $;0,00 $;0,00 $;100,00%;764,32 $;764,32 $;0,00 $;764,32 $;0,00 $;375,00;2180,00 $;1105,00 $;340,68 $;0,09%;
01/09/2022;1;34713,36 $;104,32 $;104,32 $;0,00 $;5,68 $;0,00 $;0,00 $;100,00%;104,32 $;104,32 $;0,00 $;104,32 $;0,00 $;45,00;580,00 $;250,00 $;145,68 $;0,09%;
02/09/2022;1;35132,68 $;419,32 $;419,32 $;0,00 $;5,68 $;0,00 $;0,00 $;100,00%;419,32 $;419,32 $;0,00 $;419,32 $;0,00 $;0,00;0,00 $;425,00 $;5,68 $;0,09%;
05/09/2022;1;35582,00 $;449,32 $;449,32 $;0,00 $;5,68 $;0,00 $;0,00 $;100,00%;449,32 $;449,32 $;0,00 $;449,32 $;0,00 $;90,00;255,00 $;455,00 $;5,68 $;0,09%;
06/09/2022;1;34336,32 $;-1245,68 $;0,00 $;-1245,68 $;5,68 $;-1245,68 $;-1245,68 $;0,00%;-1245,68 $;0,00 $;-1245,68 $;0,00 $;-1245,68 $;285,00;2365,00 $;85,00 $;1330,68 $;0,09%;
07/09/2022;1;35975,64 $;1639,32 $;1639,32 $;0,00 $;5,68 $;0,00 $;0,00 $;100,00%;1639,32 $;1639,32 $;0,00 $;1639,32 $;0,00 $;130,00;530,00 $;1645,00 $;5,68 $;0,09%;
08/09/2022;1;36659,96 $;684,32 $;684,32 $;0,00 $;5,68 $;0,00 $;0,00 $;100,00%;684,32 $;684,32 $;0,00 $;684,32 $;0,00 $;365,00;3485,00 $;1330,00 $;645,68 $;0,09%;
09/09/2022;1;37324,28 $;664,32 $;664,32 $;0,00 $;5,68 $;0,00 $;0,00 $;100,00%;664,32 $;664,32 $;0,00 $;664,32 $;0,00 $;360,00;945,00 $;1110,00 $;445,68 $;0,09%;
12/09/2022;1;37433,60 $;109,32 $;109,32 $;0,00 $;5,68 $;0,00 $;0,00 $;100,00%;109,32 $;109,32 $;0,00 $;109,32 $;0,00 $;35,00;30,00 $;160,00 $;50,68 $;0,09%;
14/09/2022;1;35357,92 $;-2075,68 $;0,00 $;-2075,68 $;5,68 $;-2075,68 $;-2075,68 $;0,00%;-2075,68 $;0,00 $;-2075,68 $;0,00 $;-2075,68 $;230,00;2070,00 $;755,00 $;2830,68 $;0,09%;
16/09/2022;1;34297,24 $;-1060,68 $;0,00 $;-1060,68 $;5,68 $;-3136,36 $;-1060,68 $;0,00%;-1060,68 $;0,00 $;-1060,68 $;0,00 $;-1060,68 $;95,00;1055,00 $;650,00 $;1710,68 $;0,09%;
19/09/2022;1;32781,56 $;-1515,68 $;0,00 $;-1515,68 $;5,68 $;-4652,04 $;-1515,68 $;0,00%;-1515,68 $;0,00 $;-1515,68 $;0,00 $;-1515,68 $;70,00;1510,00 $;765,00 $;2280,68 $;0,09%;
20/09/2022;1;33365,88 $;584,32 $;584,32 $;0,00 $;5,68 $;-4067,72 $;0,00 $;100,00%;584,32 $;584,32 $;0,00 $;584,32 $;0,00 $;45,00;555,00 $;590,00 $;5,68 $;0,09%;
21/09/2022;1;34370,20 $;1004,32 $;1004,32 $;0,00 $;5,68 $;-3063,40 $;0,00 $;100,00%;1004,32 $;1004,32 $;0,00 $;1004,32 $;0,00 $;0,00;0,00 $;1010,00 $;5,68 $;0,09%;
26/09/2022;1;32809,52 $;-1560,68 $;0,00 $;-1560,68 $;5,68 $;-4624,08 $;-1560,68 $;0,00%;-1560,68 $;0,00 $;-1560,68 $;0,00 $;-1560,68 $;30,00;1555,00 $;240,00 $;1800,68 $;0,09%;
28/09/2022;1;34123,84 $;1314,32 $;1314,32 $;0,00 $;5,68 $;-3309,76 $;0,00 $;100,00%;1314,32 $;1314,32 $;0,00 $;1314,32 $;0,00 $;70,00;495,00 $;1320,00 $;5,68 $;0,09%;
30/09/2022;1;31398,16 $;-2725,68 $;0,00 $;-2725,68 $;5,68 $;-6035,44 $;-2725,68 $;0,00%;-2725,68 $;0,00 $;-2725,68 $;0,00 $;-2725,68 $;230,00;2720,00 $;1515,00 $;4240,68 $;0,09%;
03/10/2022;1;33752,48 $;2354,32 $;2354,32 $;0,00 $;5,68 $;-3681,12 $;0,00 $;100,00%;2354,32 $;2354,32 $;0,00 $;2354,32 $;0,00 $;225,00;1020,00 $;2360,00 $;5,68 $;0,09%;
05/10/2022;1;34626,80 $;874,32 $;874,32 $;0,00 $;5,68 $;-2806,80 $;0,00 $;100,00%;874,32 $;874,32 $;0,00 $;874,32 $;0,00 $;25,00;465,00 $;880,00 $;5,68 $;0,09%;
11/10/2022;1;36006,12 $;1379,32 $;1379,32 $;0,00 $;5,68 $;-1427,48 $;0,00 $;100,00%;1379,32 $;1379,32 $;0,00 $;1379,32 $;0,00 $;60,00;475,00 $;1385,00 $;5,68 $;0,09%;
13/10/2022;1;35935,44 $;-70,68 $;0,00 $;-70,68 $;5,68 $;-1498,16 $;-70,68 $;0,00%;-70,68 $;0,00 $;-70,68 $;0,00 $;-70,68 $;0,00;65,00 $;0,00 $;70,68 $;0,09%;
17/10/2022;1;36224,76 $;289,32 $;289,32 $;0,00 $;5,68 $;-1208,84 $;0,00 $;100,00%;289,32 $;289,32 $;0,00 $;289,32 $;0,00 $;170,00;620,00 $;540,00 $;250,68 $;0,09%;
19/10/2022;1;36364,08 $;139,32 $;139,32 $;0,00 $;5,68 $;-1069,52 $;0,00 $;100,00%;139,32 $;139,32 $;0,00 $;139,32 $;0,00 $;0,00;0,00 $;145,00 $;5,68 $;0,09%;
20/10/2022;1;32593,40 $;-3770,68 $;0,00 $;-3770,68 $;5,68 $;-4840,20 $;-3770,68 $;0,00%;-3770,68 $;0,00 $;-3770,68 $;0,00 $;-3770,68 $;190,00;3765,00 $;935,00 $;4705,68 $;0,09%;
21/10/2022;1;35092,72 $;2499,32 $;2499,32 $;0,00 $;5,68 $;-2340,88 $;0,00 $;100,00%;2499,32 $;2499,32 $;0,00 $;2499,32 $;0,00 $;230,00;600,00 $;2670,00 $;170,68 $;0,09%;
24/10/2022;1;35822,04 $;729,32 $;729,32 $;0,00 $;5,68 $;-1611,56 $;0,00 $;100,00%;729,32 $;729,32 $;0,00 $;729,32 $;0,00 $;260,00;980,00 $;1865,00 $;1135,68 $;0,09%;
25/10/2022;1;34001,36 $;-1820,68 $;0,00 $;-1820,68 $;5,68 $;-3432,24 $;-1820,68 $;0,00%;-1820,68 $;0,00 $;-1820,68 $;0,00 $;-1820,68 $;320,00;2735,00 $;1150,00 $;2970,68 $;0,09%;
26/10/2022;1;34645,68 $;644,32 $;644,32 $;0,00 $;5,68 $;-2787,92 $;0,00 $;100,00%;644,32 $;644,32 $;0,00 $;644,32 $;0,00 $;20,00;570,00 $;650,00 $;5,68 $;0,09%;
27/10/2022;1;31640,00 $;-3005,68 $;0,00 $;-3005,68 $;5,68 $;-5793,60 $;-3005,68 $;0,00%;-3005,68 $;0,00 $;-3005,68 $;0,00 $;-3005,68 $;110,00;3000,00 $;165,00 $;3170,68 $;0,09%;
28/10/2022;1;31884,32 $;244,32 $;244,32 $;0,00 $;5,68 $;-5549,28 $;0,00 $;100,00%;244,32 $;244,32 $;0,00 $;244,32 $;0,00 $;0,00;0,00 $;250,00 $;5,68 $;0,09%;
02/11/2022;1;32083,64 $;199,32 $;199,32 $;0,00 $;5,68 $;-5349,96 $;0,00 $;100,00%;199,32 $;199,32 $;0,00 $;199,32 $;0,00 $;0,00;0,00 $;205,00 $;5,68 $;0,09%;
03/11/2022;1;29467,96 $;-2615,68 $;0,00 $;-2615,68 $;5,68 $;-7965,64 $;-2615,68 $;0,00%;-2615,68 $;0,00 $;-2615,68 $;0,00 $;-2615,68 $;350,00;2850,00 $;140,00 $;2755,68 $;0,09%;
04/11/2022;1;25472,28 $;-3995,68 $;0,00 $;-3995,68 $;5,68 $;-11961,32 $;-3995,68 $;0,00%;-3995,68 $;0,00 $;-3995,68 $;0,00 $;-3995,68 $;80,00;3990,00 $;1010,00 $;5005,68 $;0,09%;
07/11/2022;1;26111,60 $;639,32 $;639,32 $;0,00 $;5,68 $;-11322,00 $;0,00 $;100,00%;639,32 $;639,32 $;0,00 $;639,32 $;0,00 $;20,00;145,00 $;645,00 $;5,68 $;0,09%;
08/11/2022;1;27195,92 $;1084,32 $;1084,32 $;0,00 $;5,68 $;-10237,68 $;0,00 $;100,00%;1084,32 $;1084,32 $;0,00 $;1084,32 $;0,00 $;45,00;125,00 $;1090,00 $;5,68 $;0,09%;
10/11/2022;1;30775,24 $;3579,32 $;3579,32 $;0,00 $;5,68 $;-6658,36 $;0,00 $;100,00%;3579,32 $;3579,32 $;0,00 $;3579,32 $;0,00 $;285,00;1345,00 $;3585,00 $;5,68 $;0,09%;
11/11/2022;1;32114,56 $;1339,32 $;1339,32 $;0,00 $;5,68 $;-5319,04 $;0,00 $;100,00%;1339,32 $;1339,32 $;0,00 $;1339,32 $;0,00 $;170,00;2275,00 $;1345,00 $;5,68 $;0,09%;
14/11/2022;1;33518,88 $;1404,32 $;1404,32 $;0,00 $;5,68 $;-3914,72 $;0,00 $;100,00%;1404,32 $;1404,32 $;0,00 $;1404,32 $;0,00 $;110,00;805,00 $;1410,00 $;5,68 $;0,09%;
17/11/2022;1;34853,20 $;1334,32 $;1334,32 $;0,00 $;5,68 $;-2580,40 $;0,00 $;100,00%;1334,32 $;1334,32 $;0,00 $;1334,32 $;0,00 $;80,00;690,00 $;1340,00 $;5,68 $;0,09%;
22/11/2022;1;35952,52 $;1099,32 $;1099,32 $;0,00 $;5,68 $;-1481,08 $;0,00 $;100,00%;1099,32 $;1099,32 $;0,00 $;1099,32 $;0,00 $;105,00;570,00 $;1105,00 $;5,68 $;0,09%;
23/11/2022;1;34276,84 $;-1675,68 $;0,00 $;-1675,68 $;5,68 $;-3156,76 $;-1675,68 $;0,00%;-1675,68 $;0,00 $;-1675,68 $;0,00 $;-1675,68 $;65,00;1670,00 $;425,00 $;2100,68 $;0,09%;
24/11/2022;1;34036,16 $;-240,68 $;0,00 $;-240,68 $;5,68 $;-3397,44 $;-240,68 $;0,00%;-240,68 $;0,00 $;-240,68 $;0,00 $;-240,68 $;105,00;235,00 $;50,00 $;290,68 $;0,09%;
30/11/2022;1;33675,48 $;-360,68 $;0,00 $;-360,68 $;5,68 $;-3758,12 $;-360,68 $;0,00%;-360,68 $;0,00 $;-360,68 $;0,00 $;-360,68 $;0,00;355,00 $;0,00 $;360,68 $;0,09%;
02/12/2022;1;35239,80 $;1564,32 $;1564,32 $;0,00 $;5,68 $;-2193,80 $;0,00 $;100,00%;1564,32 $;1564,32 $;0,00 $;1564,32 $;0,00 $;265,00;570,00 $;1570,00 $;5,68 $;0,09%;
08/12/2022;1;35179,12 $;-60,68 $;0,00 $;-60,68 $;5,68 $;-2254,48 $;-60,68 $;0,00%;-60,68 $;0,00 $;-60,68 $;0,00 $;-60,68 $;370,00;1250,00 $;915,00 $;975,68 $;0,09%;
09/12/2022;1;33228,44 $;-1950,68 $;0,00 $;-1950,68 $;5,68 $;-4205,16 $;-1950,68 $;0,00%;-1950,68 $;0,00 $;-1950,68 $;0,00 $;-1950,68 $;275,00;1945,00 $;940,00 $;2890,68 $;0,09%;
12/12/2022;1;33832,76 $;604,32 $;604,32 $;0,00 $;5,68 $;-3600,84 $;0,00 $;100,00%;604,32 $;604,32 $;0,00 $;604,32 $;0,00 $;10,00;10,00 $;610,00 $;5,68 $;0,09%;
14/12/2022;1;32027,08 $;-1805,68 $;0,00 $;-1805,68 $;5,68 $;-5406,52 $;-1805,68 $;0,00%;-1805,68 $;0,00 $;-1805,68 $;0,00 $;-1805,68 $;140,00;1800,00 $;315,00 $;2120,68 $;0,09%;
20/12/2022;1;31316,40 $;-710,68 $;0,00 $;-710,68 $;5,68 $;-6117,20 $;-710,68 $;0,00%;-710,68 $;0,00 $;-710,68 $;0,00 $;-710,68 $;375,00;2530,00 $;120,00 $;830,68 $;0,09%;
21/12/2022;1;32065,72 $;749,32 $;749,32 $;0,00 $;5,68 $;-5367,88 $;0,00 $;100,00%;749,32 $;749,32 $;0,00 $;749,32 $;0,00 $;25,00;295,00 $;755,00 $;5,68 $;0,09%;
23/12/2022;1;31985,04 $;-80,68 $;0,00 $;-80,68 $;5,68 $;-5448,56 $;-80,68 $;0,00%;-80,68 $;0,00 $;-80,68 $;0,00 $;-80,68 $;380,00;1910,00 $;650,00 $;730,68 $;0,09%;
27/12/2022;1;30414,36 $;-1570,68 $;0,00 $;-1570,68 $;5,68 $;-7019,24 $;-1570,68 $;0,00%;-1570,68 $;0,00 $;-1570,68 $;0,00 $;-1570,68 $;370,00;1810,00 $;550,00 $;2120,68 $;0,09%;
29/12/2022;1;31448,68 $;1034,32 $;1034,32 $;0,00 $;5,68 $;-5984,92 $;0,00 $;100,00%;1034,32 $;1034,32 $;0,00 $;1034,32 $;0,00 $;60,00;5,00 $;1040,00 $;5,68 $;0,09%;
30/12/2022;1;32883,00 $;1434,32 $;1434,32 $;0,00 $;5,68 $;-4550,60 $;0,00 $;100,00%;1434,32 $;1434,32 $;0,00 $;1434,32 $;0,00 $;220,00;1290,00 $;1440,00 $;5,68 $;0,09%;
04/01/2023;1;31427,32 $;-1455,68 $;0,00 $;-1455,68 $;5,68 $;-6006,28 $;-1455,68 $;0,00%;-1455,68 $;0,00 $;-1455,68 $;0,00 $;-1455,68 $;300,00;3095,00 $;245,00 $;1700,68 $;0,09%;
06/01/2023;1;33036,64 $;1609,32 $;1609,32 $;0,00 $;5,68 $;-4396,96 $;0,00 $;100,00%;1609,32 $;1609,32 $;0,00 $;1609,32 $;0,00 $;160,00;205,00 $;1615,00 $;5,68 $;0,09%;
09/01/2023;1;29750,96 $;-3285,68 $;0,00 $;-3285,68 $;5,68 $;-7682,64 $;-3285,68 $;0,00%;-3285,68 $;0,00 $;-3285,68 $;0,00 $;-3285,68 $;280,00;3280,00 $;500,00 $;3785,68 $;0,09%;
10/01/2023;1;30220,28 $;469,32 $;469,32 $;0,00 $;5,68 $;-7213,32 $;0,00 $;100,00%;469,32 $;469,32 $;0,00 $;469,32 $;0,00 $;160,00;805,00 $;625,00 $;155,68 $;0,09%;
11/01/2023;1;31024,60 $;804,32 $;804,32 $;0,00 $;5,68 $;-6409,00 $;0,00 $;100,00%;804,32 $;804,32 $;0,00 $;804,32 $;0,00 $;40,00;160,00 $;810,00 $;5,68 $;0,09%;
12/01/2023;1;32128,92 $;1104,32 $;1104,32 $;0,00 $;5,68 $;-5304,68 $;0,00 $;100,00%;1104,32 $;1104,32 $;0,00 $;1104,32 $;0,00 $;385,00;1555,00 $;2175,00 $;1070,68 $;0,09%;
13/01/2023;1;34233,24 $;2104,32 $;2104,32 $;0,00 $;5,68 $;-3200,36 $;0,00 $;100,00%;2104,32 $;2104,32 $;0,00 $;2104,32 $;0,00 $;270,00;1055,00 $;2110,00 $;5,68 $;0,09%;
20/01/2023;1;34942,56 $;709,32 $;709,32 $;0,00 $;5,68 $;-2491,04 $;0,00 $;100,00%;709,32 $;709,32 $;0,00 $;709,32 $;0,00 $;135,00;275,00 $;715,00 $;5,68 $;0,09%;
23/01/2023;1;36476,88 $;1534,32 $;1534,32 $;0,00 $;5,68 $;-956,72 $;0,00 $;100,00%;1534,32 $;1534,32 $;0,00 $;1534,32 $;0,00 $;30,00;250,00 $;1540,00 $;5,68 $;0,09%;
24/01/2023;1;36141,20 $;-335,68 $;0,00 $;-335,68 $;5,68 $;-1292,40 $;-335,68 $;0,00%;-335,68 $;0,00 $;-335,68 $;0,00 $;-335,68 $;35,00;380,00 $;115,00 $;450,68 $;0,09%;
25/01/2023;1;38160,52 $;2019,32 $;2019,32 $;0,00 $;5,68 $;0,00 $;0,00 $;100,00%;2019,32 $;2019,32 $;0,00 $;2019,32 $;0,00 $;120,00;165,00 $;2025,00 $;5,68 $;0,09%;
26/01/2023;1;37749,84 $;-410,68 $;0,00 $;-410,68 $;5,68 $;-410,68 $;-410,68 $;0,00%;-410,68 $;0,00 $;-410,68 $;0,00 $;-410,68 $;80,00;500,00 $;645,00 $;1055,68 $;0,09%;
27/01/2023;1;39549,16 $;1799,32 $;1799,32 $;0,00 $;5,68 $;0,00 $;0,00 $;100,00%;1799,32 $;1799,32 $;0,00 $;1799,32 $;0,00 $;185,00;205,00 $;1805,00 $;5,68 $;0,09%;
31/01/2023;1;40728,48 $;1179,32 $;1179,32 $;0,00 $;5,68 $;0,00 $;0,00 $;100,00%;1179,32 $;1179,32 $;0,00 $;1179,32 $;0,00 $;290,00;650,00 $;1185,00 $;5,68 $;0,09%;
01/02/2023;1;39592,80 $;-1135,68 $;0,00 $;-1135,68 $;5,68 $;-1135,68 $;-1135,68 $;0,00%;-1135,68 $;0,00 $;-1135,68 $;0,00 $;-1135,68 $;5,00;1130,00 $;85,00 $;1220,68 $;0,09%;
02/02/2023;1;40277,12 $;684,32 $;684,32 $;0,00 $;5,68 $;-451,36 $;0,00 $;100,00%;684,32 $;684,32 $;0,00 $;684,32 $;0,00 $;130,00;870,00 $;690,00 $;5,68 $;0,09%;
03/02/2023;1;41711,44 $;1434,32 $;1434,32 $;0,00 $;5,68 $;0,00 $;0,00 $;100,00%;1434,32 $;1434,32 $;0,00 $;1434,32 $;0,00 $;10,00;360,00 $;1440,00 $;5,68 $;0,09%;
07/02/2023;1;42515,76 $;804,32 $;804,32 $;0,00 $;5,68 $;0,00 $;0,00 $;100,00%;804,32 $;804,32 $;0,00 $;804,32 $;0,00 $;55,00;955,00 $;810,00 $;5,68 $;0,09%;
13/02/2023;1;43540,08 $;1024,32 $;1024,32 $;0,00 $;5,68 $;0,00 $;0,00 $;100,00%;1024,32 $;1024,32 $;0,00 $;1024,32 $;0,00 $;145,00;250,00 $;1030,00 $;5,68 $;0,09%;
14/02/2023;1;43279,40 $;-260,68 $;0,00 $;-260,68 $;5,68 $;-260,68 $;-260,68 $;0,00%;-260,68 $;0,00 $;-260,68 $;0,00 $;-260,68 $;55,00;525,00 $;45,00 $;305,68 $;0,09%;
15/02/2023;1;45013,72 $;1734,32 $;1734,32 $;0,00 $;5,68 $;0,00 $;0,00 $;100,00%;1734,32 $;1734,32 $;0,00 $;1734,32 $;0,00 $;240,00;810,00 $;1740,00 $;5,68 $;0,09%;
16/02/2023;1;45373,04 $;359,32 $;359,32 $;0,00 $;5,68 $;0,00 $;0,00 $;100,00%;359,32 $;359,32 $;0,00 $;359,32 $;0,00 $;5,00;230,00 $;365,00 $;5,68 $;0,09%;
17/02/2023;1;45117,36 $;-255,68 $;0,00 $;-255,68 $;5,68 $;-255,68 $;-255,68 $;0,00%;-255,68 $;0,00 $;-255,68 $;0,00 $;-255,68 $;105,00;840,00 $;105,00 $;360,68 $;0,09%;
28/02/2023;1;43296,68 $;-1820,68 $;0,00 $;-1820,68 $;5,68 $;-2076,36 $;-1820,68 $;0,00%;-1820,68 $;0,00 $;-1820,68 $;0,00 $;-1820,68 $;170,00;1815,00 $;345,00 $;2165,68 $;0,09%;
02/03/2023;1;43941,00 $;644,32 $;644,32 $;0,00 $;5,68 $;-1432,04 $;0,00 $;100,00%;644,32 $;644,32 $;0,00 $;644,32 $;0,00 $;5,00;25,00 $;650,00 $;5,68 $;0,09%;
03/03/2023;1;45375,32 $;1434,32 $;1434,32 $;0,00 $;5,68 $;0,00 $;0,00 $;100,00%;1434,32 $;1434,32 $;0,00 $;1434,32 $;0,00 $;205,00;700,00 $;1440,00 $;5,68 $;0,09%;
06/03/2023;1;45989,64 $;614,32 $;614,32 $;0,00 $;5,68 $;0,00 $;0,00 $;100,00%;614,32 $;614,32 $;0,00 $;614,32 $;0,00 $;10,00;115,00 $;620,00 $;5,68 $;0,09%;
08/03/2023;1;47183,96 $;1194,32 $;1194,32 $;0,00 $;5,68 $;0,00 $;0,00 $;100,00%;1194,32 $;1194,32 $;0,00 $;1194,32 $;0,00 $;365,00;725,00 $;1525,00 $;330,68 $;0,09%;
10/03/2023;1;44723,28 $;-2460,68 $;0,00 $;-2460,68 $;5,68 $;-2460,68 $;-2460,68 $;0,00%;-2460,68 $;0,00 $;-2460,68 $;0,00 $;-2460,68 $;130,00;2455,00 $;1840,00 $;4300,68 $;0,09%;
13/03/2023;1;43332,60 $;-1390,68 $;0,00 $;-1390,68 $;5,68 $;-3851,36 $;-1390,68 $;0,00%;-1390,68 $;0,00 $;-1390,68 $;0,00 $;-1390,68 $;335,00;1950,00 $;1425,00 $;2815,68 $;0,09%;
14/03/2023;1;44016,92 $;684,32 $;684,32 $;0,00 $;5,68 $;-3167,04 $;0,00 $;100,00%;684,32 $;684,32 $;0,00 $;684,32 $;0,00 $;45,00;525,00 $;690,00 $;5,68 $;0,09%;
15/03/2023;1;43821,24 $;-195,68 $;0,00 $;-195,68 $;5,68 $;-3362,72 $;-195,68 $;0,00%;-195,68 $;0,00 $;-195,68 $;0,00 $;-195,68 $;0,00;190,00 $;0,00 $;195,68 $;0,09%;
16/03/2023;1;44125,56 $;304,32 $;304,32 $;0,00 $;5,68 $;-3058,40 $;0,00 $;100,00%;304,32 $;304,32 $;0,00 $;304,32 $;0,00 $;5,00;305,00 $;310,00 $;5,68 $;0,09%;
20/03/2023;1;45049,88 $;924,32 $;924,32 $;0,00 $;5,68 $;-2134,08 $;0,00 $;100,00%;924,32 $;924,32 $;0,00 $;924,32 $;0,00 $;285,00;1775,00 $;930,00 $;5,68 $;0,09%;
21/03/2023;1;45529,20 $;479,32 $;479,32 $;0,00 $;5,68 $;-1654,76 $;0,00 $;100,00%;479,32 $;479,32 $;0,00 $;479,32 $;0,00 $;100,00;130,00 $;925,00 $;445,68 $;0,09%;
22/03/2023;1;45778,52 $;249,32 $;249,32 $;0,00 $;5,68 $;-1405,44 $;0,00 $;100,00%;249,32 $;249,32 $;0,00 $;249,32 $;0,00 $;50,00;645,00 $;255,00 $;5,68 $;0,09%;
23/03/2023;1;46982,84 $;1204,32 $;1204,32 $;0,00 $;5,68 $;-201,12 $;0,00 $;100,00%;1204,32 $;1204,32 $;0,00 $;1204,32 $;0,00 $;15,00;240,00 $;1210,00 $;5,68 $;0,09%;
24/03/2023;1;48287,16 $;1304,32 $;1304,32 $;0,00 $;5,68 $;0,00 $;0,00 $;100,00%;1304,32 $;1304,32 $;0,00 $;1304,32 $;0,00 $;125,00;515,00 $;1350,00 $;45,68 $;0,09%;
28/03/2023;1;48391,48 $;104,32 $;104,32 $;0,00 $;5,68 $;0,00 $;0,00 $;100,00%;104,32 $;104,32 $;0,00 $;104,32 $;0,00 $;45,00;75,00 $;155,00 $;50,68 $;0,09%;
29/03/2023;1;48815,80 $;424,32 $;424,32 $;0,00 $;5,68 $;0,00 $;0,00 $;100,00%;424,32 $;424,32 $;0,00 $;424,32 $;0,00 $;15,00;290,00 $;430,00 $;5,68 $;0,09%;
31/03/2023;1;49170,12 $;354,32 $;354,32 $;0,00 $;5,68 $;0,00 $;0,00 $;100,00%;354,32 $;354,32 $;0,00 $;354,32 $;0,00 $;30,00;290,00 $;360,00 $;5,68 $;0,09%;
03/04/2023;1;49074,44 $;-95,68 $;0,00 $;-95,68 $;5,68 $;-95,68 $;-95,68 $;0,00%;-95,68 $;0,00 $;-95,68 $;0,00 $;-95,68 $;40,00;120,00 $;20,00 $;115,68 $;0,09%;
06/04/2023;1;50023,76 $;949,32 $;949,32 $;0,00 $;5,68 $;0,00 $;0,00 $;100,00%;949,32 $;949,32 $;0,00 $;949,32 $;0,00 $;25,00;125,00 $;955,00 $;5,68 $;0,09%;
10/04/2023;1;50633,08 $;609,32 $;609,32 $;0,00 $;5,68 $;0,00 $;0,00 $;100,00%;609,32 $;609,32 $;0,00 $;609,32 $;0,00 $;15,00;305,00 $;615,00 $;5,68 $;0,09%;
13/04/2023;1;51352,40 $;719,32 $;719,32 $;0,00 $;5,68 $;0,00 $;0,00 $;100,00%;719,32 $;719,32 $;0,00 $;719,32 $;0,00 $;160,00;535,00 $;725,00 $;5,68 $;0,09%;
19/04/2023;1;52111,72 $;759,32 $;759,32 $;0,00 $;5,68 $;0,00 $;0,00 $;100,00%;759,32 $;759,32 $;0,00 $;759,32 $;0,00 $;45,00;30,00 $;765,00 $;5,68 $;0,09%;
20/04/2023;1;50761,04 $;-1350,68 $;0,00 $;-1350,68 $;5,68 $;-1350,68 $;-1350,68 $;0,00%;-1350,68 $;0,00 $;-1350,68 $;0,00 $;-1350,68 $;110,00;1345,00 $;980,00 $;2330,68 $;0,09%;
21/04/2023;1;51255,36 $;494,32 $;494,32 $;0,00 $;5,68 $;-856,36 $;0,00 $;100,00%;494,32 $;494,32 $;0,00 $;494,32 $;0,00 $;305,00;40,00 $;1420,00 $;925,68 $;0,09%;
26/04/2023;1;49454,68 $;-1800,68 $;0,00 $;-1800,68 $;5,68 $;-2657,04 $;-1800,68 $;0,00%;-1800,68 $;0,00 $;-1800,68 $;0,00 $;-1800,68 $;175,00;1795,00 $;470,00 $;2270,68 $;0,09%;
27/04/2023;1;50059,00 $;604,32 $;604,32 $;0,00 $;5,68 $;-2052,72 $;0,00 $;100,00%;604,32 $;604,32 $;0,00 $;604,32 $;0,00 $;10,00;130,00 $;610,00 $;5,68 $;0,09%;
28/04/2023;1;50833,32 $;774,32 $;774,32 $;0,00 $;5,68 $;-1278,40 $;0,00 $;100,00%;774,32 $;774,32 $;0,00 $;774,32 $;0,00 $;330,00;2155,00 $;780,00 $;5,68 $;0,09%;
01/05/2023;1;49997,64 $;-835,68 $;0,00 $;-835,68 $;5,68 $;-2114,08 $;-835,68 $;0,00%;-835,68 $;0,00 $;-835,68 $;0,00 $;-835,68 $;245,00;920,00 $;660,00 $;1495,68 $;0,09%;
03/05/2023;1;49226,96 $;-770,68 $;0,00 $;-770,68 $;5,68 $;-2884,76 $;-770,68 $;0,00%;-770,68 $;0,00 $;-770,68 $;0,00 $;-770,68 $;0,00;765,00 $;0,00 $;770,68 $;0,09%;
04/05/2023;1;50191,28 $;964,32 $;964,32 $;0,00 $;5,68 $;-1920,44 $;0,00 $;100,00%;964,32 $;964,32 $;0,00 $;964,32 $;0,00 $;110,00;675,00 $;970,00 $;5,68 $;0,09%;
05/05/2023;1;51470,60 $;1279,32 $;1279,32 $;0,00 $;5,68 $;-641,12 $;0,00 $;100,00%;1279,32 $;1279,32 $;0,00 $;1279,32 $;0,00 $;185,00;45,00 $;1285,00 $;5,68 $;0,09%;
08/05/2023;1;52054,92 $;584,32 $;584,32 $;0,00 $;5,68 $;-56,80 $;0,00 $;100,00%;584,32 $;584,32 $;0,00 $;584,32 $;0,00 $;95,00;420,00 $;590,00 $;5,68 $;0,09%;
10/05/2023;1;51549,24 $;-505,68 $;0,00 $;-505,68 $;5,68 $;-562,48 $;-505,68 $;0,00%;-505,68 $;0,00 $;-505,68 $;0,00 $;-505,68 $;75,00;640,00 $;115,00 $;620,68 $;0,09%;
11/05/2023;1;52123,56 $;574,32 $;574,32 $;0,00 $;5,68 $;0,00 $;0,00 $;100,00%;574,32 $;574,32 $;0,00 $;574,32 $;0,00 $;65,00;380,00 $;580,00 $;5,68 $;0,09%;
15/05/2023;1;52792,88 $;669,32 $;669,32 $;0,00 $;5,68 $;0,00 $;0,00 $;100,00%;669,32 $;669,32 $;0,00 $;669,32 $;0,00 $;315,00;245,00 $;995,00 $;325,68 $;0,09%;
16/05/2023;1;52382,20 $;-410,68 $;0,00 $;-410,68 $;5,68 $;-410,68 $;-410,68 $;0,00%;-410,68 $;0,00 $;-410,68 $;0,00 $;-410,68 $;340,00;925,00 $;620,00 $;1030,68 $;0,09%;
17/05/2023;1;53166,52 $;784,32 $;784,32 $;0,00 $;5,68 $;0,00 $;0,00 $;100,00%;784,32 $;784,32 $;0,00 $;784,32 $;0,00 $;60,00;255,00 $;790,00 $;5,68 $;0,09%;
18/05/2023;1;52975,84 $;-190,68 $;0,00 $;-190,68 $;5,68 $;-190,68 $;-190,68 $;0,00%;-190,68 $;0,00 $;-190,68 $;0,00 $;-190,68 $;0,00;185,00 $;0,00 $;190,68 $;0,09%;
24/05/2023;1;54370,16 $;1394,32 $;1394,32 $;0,00 $;5,68 $;0,00 $;0,00 $;100,00%;1394,32 $;1394,32 $;0,00 $;1394,32 $;0,00 $;40,00;740,00 $;1400,00 $;5,68 $;0,09%;
25/05/2023;1;55134,48 $;764,32 $;764,32 $;0,00 $;5,68 $;0,00 $;0,00 $;100,00%;764,32 $;764,32 $;0,00 $;764,32 $;0,00 $;10,00;115,00 $;770,00 $;5,68 $;0,09%;
26/05/2023;1;55663,80 $;529,32 $;529,32 $;0,00 $;5,68 $;0,00 $;0,00 $;100,00%;529,32 $;529,32 $;0,00 $;529,32 $;0,00 $;5,00;115,00 $;535,00 $;5,68 $;0,09%;
29/05/2023;1;55838,12 $;174,32 $;174,32 $;0,00 $;5,68 $;0,00 $;0,00 $;100,00%;174,32 $;174,32 $;0,00 $;174,32 $;0,00 $;10,00;0,00 $;180,00 $;5,68 $;0,09%;
01/06/2023;1;56937,44 $;1099,32 $;1099,32 $;0,00 $;5,68 $;0,00 $;0,00 $;100,00%;1099,32 $;1099,32 $;0,00 $;1099,32 $;0,00 $;50,00;250,00 $;1105,00 $;5,68 $;0,09%;
05/06/2023;1;55251,76 $;-1685,68 $;0,00 $;-1685,68 $;5,68 $;-1685,68 $;-1685,68 $;0,00%;-1685,68 $;0,00 $;-1685,68 $;0,00 $;-1685,68 $;185,00;1680,00 $;635,00 $;2320,68 $;0,09%;
06/06/2023;1;56051,08 $;799,32 $;799,32 $;0,00 $;5,68 $;-886,36 $;0,00 $;100,00%;799,32 $;799,32 $;0,00 $;799,32 $;0,00 $;10,00;50,00 $;805,00 $;5,68 $;0,09%;
08/06/2023;1;56655,40 $;604,32 $;604,32 $;0,00 $;5,68 $;-282,04 $;0,00 $;100,00%;604,32 $;604,32 $;0,00 $;604,32 $;0,00 $;5,00;70,00 $;610,00 $;5,68 $;0,09%;
12/06/2023;1;57119,72 $;464,32 $;464,32 $;0,00 $;5,68 $;0,00 $;0,00 $;100,00%;464,32 $;464,32 $;0,00 $;464,32 $;0,00 $;110,00;255,00 $;470,00 $;5,68 $;0,09%;
14/06/2023;1;55029,04 $;-2090,68 $;0,00 $;-2090,68 $;5,68 $;-2090,68 $;-2090,68 $;0,00%;-2090,68 $;0,00 $;-2090,68 $;0,00 $;-2090,68 $;190,00;2085,00 $;870,00 $;2960,68 $;0,09%;
15/06/2023;1;57013,36 $;1984,32 $;1984,32 $;0,00 $;5,68 $;-106,36 $;0,00 $;100,00%;1984,32 $;1984,32 $;0,00 $;1984,32 $;0,00 $;190,00;80,00 $;1990,00 $;5,68 $;0,09%;
16/06/2023;1;56257,68 $;-755,68 $;0,00 $;-755,68 $;5,68 $;-862,04 $;-755,68 $;0,00%;-755,68 $;0,00 $;-755,68 $;0,00 $;-755,68 $;40,00;750,00 $;935,00 $;1690,68 $;0,09%;
19/06/2023;1;56172,00 $;-85,68 $;0,00 $;-85,68 $;5,68 $;-947,72 $;-85,68 $;0,00%;-85,68 $;0,00 $;-85,68 $;0,00 $;-85,68 $;20,00;80,00 $;140,00 $;225,68 $;0,09%;
22/06/2023;1;57266,32 $;1094,32 $;1094,32 $;0,00 $;5,68 $;0,00 $;0,00 $;100,00%;1094,32 $;1094,32 $;0,00 $;1094,32 $;0,00 $;265,00;1575,00 $;1100,00 $;5,68 $;0,09%;
23/06/2023;1;57965,64 $;699,32 $;699,32 $;0,00 $;5,68 $;0,00 $;0,00 $;100,00%;699,32 $;699,32 $;0,00 $;699,32 $;0,00 $;50,00;210,00 $;705,00 $;5,68 $;0,09%;
27/06/2023;1;58809,96 $;844,32 $;844,32 $;0,00 $;5,68 $;0,00 $;0,00 $;100,00%;844,32 $;844,32 $;0,00 $;844,32 $;0,00 $;55,00;290,00 $;850,00 $;5,68 $;0,09%;
28/06/2023;1;58759,28 $;-50,68 $;0,00 $;-50,68 $;5,68 $;-50,68 $;-50,68 $;0,00%;-50,68 $;0,00 $;-50,68 $;0,00 $;-50,68 $;0,00;45,00 $;0,00 $;50,68 $;0,09%;
30/06/2023;1;57883,60 $;-875,68 $;0,00 $;-875,68 $;5,68 $;-926,36 $;-875,68 $;0,00%;-875,68 $;0,00 $;-875,68 $;0,00 $;-875,68 $;380,00;1520,00 $;185,00 $;1060,68 $;0,09%;
05/07/2023;1;56362,92 $;-1520,68 $;0,00 $;-1520,68 $;5,68 $;-2447,04 $;-1520,68 $;0,00%;-1520,68 $;0,00 $;-1520,68 $;0,00 $;-1520,68 $;85,00;1515,00 $;325,00 $;1845,68 $;0,09%;
06/07/2023;1;56602,24 $;239,32 $;239,32 $;0,00 $;5,68 $;-2207,72 $;0,00 $;100,00%;239,32 $;239,32 $;0,00 $;239,32 $;0,00 $;245,00;375,00 $;840,00 $;600,68 $;0,09%;
07/07/2023;1;57581,56 $;979,32 $;979,32 $;0,00 $;5,68 $;-1228,40 $;0,00 $;100,00%;979,32 $;979,32 $;0,00 $;979,32 $;0,00 $;65,00;260,00 $;985,00 $;5,68 $;0,09%;
11/07/2023;1;57640,88 $;59,32 $;59,32 $;0,00 $;5,68 $;-1169,08 $;0,00 $;100,00%;59,32 $;59,32 $;0,00 $;59,32 $;0,00 $;55,00;185,00 $;145,00 $;85,68 $;0,09%;
12/07/2023;1;56370,20 $;-1270,68 $;0,00 $;-1270,68 $;5,68 $;-2439,76 $;-1270,68 $;0,00%;-1270,68 $;0,00 $;-1270,68 $;0,00 $;-1270,68 $;40,00;1265,00 $;100,00 $;1370,68 $;0,09%;
13/07/2023;1;56944,52 $;574,32 $;574,32 $;0,00 $;5,68 $;-1865,44 $;0,00 $;100,00%;574,32 $;574,32 $;0,00 $;574,32 $;0,00 $;70,00;135,00 $;580,00 $;5,68 $;0,09%;
14/07/2023;1;55823,84 $;-1120,68 $;0,00 $;-1120,68 $;5,68 $;-2986,12 $;-1120,68 $;0,00%;-1120,68 $;0,00 $;-1120,68 $;0,00 $;-1120,68 $;15,00;1115,00 $;425,00 $;1545,68 $;0,09%;
17/07/2023;1;56723,16 $;899,32 $;899,32 $;0,00 $;5,68 $;-2086,80 $;0,00 $;100,00%;899,32 $;899,32 $;0,00 $;899,32 $;0,00 $;200,00;735,00 $;905,00 $;5,68 $;0,09%;
18/07/2023;1;57642,48 $;919,32 $;919,32 $;0,00 $;5,68 $;-1167,48 $;0,00 $;100,00%;919,32 $;919,32 $;0,00 $;919,32 $;0,00 $;30,00;460,00 $;925,00 $;5,68 $;0,09%;
25/07/2023;1;58576,80 $;934,32 $;934,32 $;0,00 $;5,68 $;-233,16 $;0,00 $;100,00%;934,32 $;934,32 $;0,00 $;934,32 $;0,00 $;95,00;100,00 $;940,00 $;5,68 $;0,09%;
26/07/2023;1;56911,12 $;-1665,68 $;0,00 $;-1665,68 $;5,68 $;-1898,84 $;-1665,68 $;0,00%;-1665,68 $;0,00 $;-1665,68 $;0,00 $;-1665,68 $;10,00;1660,00 $;20,00 $;1685,68 $;0,09%;
28/07/2023;1;56485,44 $;-425,68 $;0,00 $;-425,68 $;5,68 $;-2324,52 $;-425,68 $;0,00%;-425,68 $;0,00 $;-425,68 $;0,00 $;-425,68 $;330,00;1850,00 $;580,00 $;1005,68 $;0,09%;
01/08/2023;1;56574,76 $;89,32 $;89,32 $;0,00 $;5,68 $;-2235,20 $;0,00 $;100,00%;89,32 $;89,32 $;0,00 $;89,32 $;0,00 $;350,00;515,00 $;910,00 $;820,68 $;0,09%;
03/08/2023;1;58059,08 $;1484,32 $;1484,32 $;0,00 $;5,68 $;-750,88 $;0,00 $;100,00%;1484,32 $;1484,32 $;0,00 $;1484,32 $;0,00 $;235,00;1255,00 $;1490,00 $;5,68 $;0,09%;
04/08/2023;1;53733,40 $;-4325,68 $;0,00 $;-4325,68 $;5,68 $;-5076,56 $;-4325,68 $;0,00%;-4325,68 $;0,00 $;-4325,68 $;0,00 $;-4325,68 $;110,00;4320,00 $;35,00 $;4360,68 $;0,09%;
07/08/2023;1;54812,72 $;1079,32 $;1079,32 $;0,00 $;5,68 $;-3997,24 $;0,00 $;100,00%;1079,32 $;1079,32 $;0,00 $;1079,32 $;0,00 $;160,00;300,00 $;1185,00 $;105,68 $;0,09%;
11/08/2023;1;52907,04 $;-1905,68 $;0,00 $;-1905,68 $;5,68 $;-5902,92 $;-1905,68 $;0,00%;-1905,68 $;0,00 $;-1905,68 $;0,00 $;-1905,68 $;60,00;1900,00 $;375,00 $;2280,68 $;0,09%;
14/08/2023;1;54191,36 $;1284,32 $;1284,32 $;0,00 $;5,68 $;-4618,60 $;0,00 $;100,00%;1284,32 $;1284,32 $;0,00 $;1284,32 $;0,00 $;10,00;55,00 $;1290,00 $;5,68 $;0,09%;
18/08/2023;1;54865,68 $;674,32 $;674,32 $;0,00 $;5,68 $;-3944,28 $;0,00 $;100,00%;674,32 $;674,32 $;0,00 $;674,32 $;0,00 $;150,00;1550,00 $;680,00 $;5,68 $;0,09%;
21/08/2023;1;55160,00 $;294,32 $;294,32 $;0,00 $;5,68 $;-3649,96 $;0,00 $;100,00%;294,32 $;294,32 $;0,00 $;294,32 $;0,00 $;185,00;435,00 $;1135,00 $;840,68 $;0,09%;
23/08/2023;1;56939,32 $;1779,32 $;1779,32 $;0,00 $;5,68 $;-1870,64 $;0,00 $;100,00%;1779,32 $;1779,32 $;0,00 $;1779,32 $;0,00 $;165,00;60,00 $;1785,00 $;5,68 $;0,09%;
25/08/2023;1;56298,64 $;-640,68 $;0,00 $;-640,68 $;5,68 $;-2511,32 $;-640,68 $;0,00%;-640,68 $;0,00 $;-640,68 $;0,00 $;-640,68 $;80,00;755,00 $;245,00 $;885,68 $;0,09%;
28/08/2023;1;55202,96 $;-1095,68 $;0,00 $;-1095,68 $;5,68 $;-3607,00 $;-1095,68 $;0,00%;-1095,68 $;0,00 $;-1095,68 $;0,00 $;-1095,68 $;10,00;1090,00 $;65,00 $;1160,68 $;0,09%;
29/08/2023;1;56927,28 $;1724,32 $;1724,32 $;0,00 $;5,68 $;-1882,68 $;0,00 $;100,00%;1724,32 $;1724,32 $;0,00 $;1724,32 $;0,00 $;240,00;580,00 $;1730,00 $;5,68 $;0,09%;
30/08/2023;1;57216,60 $;289,32 $;289,32 $;0,00 $;5,68 $;-1593,36 $;0,00 $;100,00%;289,32 $;289,32 $;0,00 $;289,32 $;0,00 $;280,00;965,00 $;490,00 $;200,68 $;0,09%;
31/08/2023;1;55670,92 $;-1545,68 $;0,00 $;-1545,68 $;5,68 $;-3139,04 $;-1545,68 $;0,00%;-1545,68 $;0,00 $;-1545,68 $;0,00 $;-1545,68 $;120,00;1540,00 $;95,00 $;1640,68 $;0,09%;
05/09/2023;1;55940,24 $;269,32 $;269,32 $;0,00 $;5,68 $;-2869,72 $;0,00 $;100,00%;269,32 $;269,32 $;0,00 $;269,32 $;0,00 $;0,00;0,00 $;275,00 $;5,68 $;0,09%;
07/09/2023;1;56634,56 $;694,32 $;694,32 $;0,00 $;5,68 $;-2175,40 $;0,00 $;100,00%;694,32 $;694,32 $;0,00 $;694,32 $;0,00 $;335,00;1075,00 $;1210,00 $;515,68 $;0,09%;
11/09/2023;1;57208,88 $;574,32 $;574,32 $;0,00 $;5,68 $;-1601,08 $;0,00 $;100,00%;574,32 $;574,32 $;0,00 $;574,32 $;0,00 $;10,00;45,00 $;580,00 $;5,68 $;0,09%;
13/09/2023;1;57253,20 $;44,32 $;44,32 $;0,00 $;5,68 $;-1556,76 $;0,00 $;100,00%;44,32 $;44,32 $;0,00 $;44,32 $;0,00 $;335,00;1245,00 $;985,00 $;940,68 $;0,09%;
14/09/2023;1;58372,52 $;1119,32 $;1119,32 $;0,00 $;5,68 $;-437,44 $;0,00 $;100,00%;1119,32 $;1119,32 $;0,00 $;1119,32 $;0,00 $;245,00;540,00 $;1125,00 $;5,68 $;0,09%;
18/09/2023;1;57906,84 $;-465,68 $;0,00 $;-465,68 $;5,68 $;-903,12 $;-465,68 $;0,00%;-465,68 $;0,00 $;-465,68 $;0,00 $;-465,68 $;295,00;1385,00 $;255,00 $;720,68 $;0,09%;
19/09/2023;1;57946,16 $;39,32 $;39,32 $;0,00 $;5,68 $;-863,80 $;0,00 $;100,00%;39,32 $;39,32 $;0,00 $;39,32 $;0,00 $;125,00;855,00 $;185,00 $;145,68 $;0,09%;
22/09/2023;1;55785,48 $;-2160,68 $;0,00 $;-2160,68 $;5,68 $;-3024,48 $;-2160,68 $;0,00%;-2160,68 $;0,00 $;-2160,68 $;0,00 $;-2160,68 $;200,00;2155,00 $;640,00 $;2800,68 $;0,09%;
25/09/2023;1;56784,80 $;999,32 $;999,32 $;0,00 $;5,68 $;-2025,16 $;0,00 $;100,00%;999,32 $;999,32 $;0,00 $;999,32 $;0,00 $;285,00;1255,00 $;1005,00 $;5,68 $;0,09%;
28/09/2023;1;59249,12 $;2464,32 $;2464,32 $;0,00 $;5,68 $;0,00 $;0,00 $;100,00%;2464,32 $;2464,32 $;0,00 $;2464,32 $;0,00 $;45,00;170,00 $;2470,00 $;5,68 $;0,09%;
02/10/2023;1;56963,44 $;-2285,68 $;0,00 $;-2285,68 $;5,68 $;-2285,68 $;-2285,68 $;0,00%;-2285,68 $;0,00 $;-2285,68 $;0,00 $;-2285,68 $;25,00;2280,00 $;75,00 $;2360,68 $;0,09%;
04/10/2023;1;58502,76 $;1539,32 $;1539,32 $;0,00 $;5,68 $;-746,36 $;0,00 $;100,00%;1539,32 $;1539,32 $;0,00 $;1539,32 $;0,00 $;210,00;815,00 $;1545,00 $;5,68 $;0,09%;
05/10/2023;1;57902,08 $;-600,68 $;0,00 $;-600,68 $;5,68 $;-1347,04 $;-600,68 $;0,00%;-600,68 $;0,00 $;-600,68 $;0,00 $;-600,68 $;125,00;805,00 $;290,00 $;890,68 $;0,09%;
06/10/2023;1;58331,40 $;429,32 $;429,32 $;0,00 $;5,68 $;-917,72 $;0,00 $;100,00%;429,32 $;429,32 $;0,00 $;429,32 $;0,00 $;5,00;380,00 $;435,00 $;5,68 $;0,09%;
09/10/2023;1;59920,72 $;1589,32 $;1589,32 $;0,00 $;5,68 $;0,00 $;0,00 $;100,00%;1589,32 $;1589,32 $;0,00 $;1589,32 $;0,00 $;20,00;170,00 $;1595,00 $;5,68 $;0,09%;
10/10/2023;1;60920,04 $;999,32 $;999,32 $;0,00 $;5,68 $;0,00 $;0,00 $;100,00%;999,32 $;999,32 $;0,00 $;999,32 $;0,00 $;40,00;110,00 $;1005,00 $;5,68 $;0,09%;
11/10/2023;1;60919,36 $;-0,68 $;0,00 $;-0,68 $;5,68 $;-0,68 $;-0,68 $;0,00%;-0,68 $;0,00 $;-0,68 $;0,00 $;-0,68 $;40,00;135,00 $;125,00 $;125,68 $;0,09%;
12/10/2023;1;59863,68 $;-1055,68 $;0,00 $;-1055,68 $;5,68 $;-1056,36 $;-1055,68 $;0,00%;-1055,68 $;0,00 $;-1055,68 $;0,00 $;-1055,68 $;95,00;1050,00 $;1010,00 $;2065,68 $;0,09%;
16/10/2023;1;60293,00 $;429,32 $;429,32 $;0,00 $;5,68 $;-627,04 $;0,00 $;100,00%;429,32 $;429,32 $;0,00 $;429,32 $;0,00 $;0,00;0,00 $;435,00 $;5,68 $;0,09%;
17/10/2023;1;61507,32 $;1214,32 $;1214,32 $;0,00 $;5,68 $;0,00 $;0,00 $;100,00%;1214,32 $;1214,32 $;0,00 $;1214,32 $;0,00 $;50,00;95,00 $;1220,00 $;5,68 $;0,09%;
19/10/2023;1;60616,64 $;-890,68 $;0,00 $;-890,68 $;5,68 $;-890,68 $;-890,68 $;0,00%;-890,68 $;0,00 $;-890,68 $;0,00 $;-890,68 $;10,00;885,00 $;445,00 $;1335,68 $;0,09%;
23/10/2023;1;63040,96 $;2424,32 $;2424,32 $;0,00 $;5,68 $;0,00 $;0,00 $;100,00%;2424,32 $;2424,32 $;0,00 $;2424,32 $;0,00 $;115,00;640,00 $;2430,00 $;5,68 $;0,09%;
24/10/2023;1;61080,28 $;-1960,68 $;0,00 $;-1960,68 $;5,68 $;-1960,68 $;-1960,68 $;0,00%;-1960,68 $;0,00 $;-1960,68 $;0,00 $;-1960,68 $;95,00;1955,00 $;440,00 $;2400,68 $;0,09%;
27/10/2023;1;59084,60 $;-1995,68 $;0,00 $;-1995,68 $;5,68 $;-3956,36 $;-1995,68 $;0,00%;-1995,68 $;0,00 $;-1995,68 $;0,00 $;-1995,68 $;95,00;1990,00 $;80,00 $;2075,68 $;0,09%;
31/10/2023;1;59808,92 $;724,32 $;724,32 $;0,00 $;5,68 $;-3232,04 $;0,00 $;100,00%;724,32 $;724,32 $;0,00 $;724,32 $;0,00 $;30,00;1055,00 $;730,00 $;5,68 $;0,09%;
01/11/2023;1;59693,24 $;-115,68 $;0,00 $;-115,68 $;5,68 $;-3347,72 $;-115,68 $;0,00%;-115,68 $;0,00 $;-115,68 $;0,00 $;-115,68 $;0,00;110,00 $;0,00 $;115,68 $;0,09%;
02/11/2023;1;59982,56 $;289,32 $;289,32 $;0,00 $;5,68 $;-3058,40 $;0,00 $;100,00%;289,32 $;289,32 $;0,00 $;289,32 $;0,00 $;345,00;660,00 $;1230,00 $;940,68 $;0,09%;
03/11/2023;1;59856,88 $;-125,68 $;0,00 $;-125,68 $;5,68 $;-3184,08 $;-125,68 $;0,00%;-125,68 $;0,00 $;-125,68 $;0,00 $;-125,68 $;260,00;715,00 $;725,00 $;850,68 $;0,09%;
07/11/2023;1;60731,20 $;874,32 $;874,32 $;0,00 $;5,68 $;-2309,76 $;0,00 $;100,00%;874,32 $;874,32 $;0,00 $;874,32 $;0,00 $;185,00;660,00 $;880,00 $;5,68 $;0,09%;
10/11/2023;1;60835,52 $;104,32 $;104,32 $;0,00 $;5,68 $;-2205,44 $;0,00 $;100,00%;104,32 $;104,32 $;0,00 $;104,32 $;0,00 $;35,00;655,00 $;110,00 $;5,68 $;0,09%;
13/11/2023;1;61274,84 $;439,32 $;439,32 $;0,00 $;5,68 $;-1766,12 $;0,00 $;100,00%;439,32 $;439,32 $;0,00 $;439,32 $;0,00 $;15,00;155,00 $;445,00 $;5,68 $;0,09%;
14/11/2023;1;59804,16 $;-1470,68 $;0,00 $;-1470,68 $;5,68 $;-3236,80 $;-1470,68 $;0,00%;-1470,68 $;0,00 $;-1470,68 $;0,00 $;-1470,68 $;195,00;1465,00 $;15,00 $;1485,68 $;0,09%;
17/11/2023;1;60673,48 $;869,32 $;869,32 $;0,00 $;5,68 $;-2367,48 $;0,00 $;100,00%;869,32 $;869,32 $;0,00 $;869,32 $;0,00 $;105,00;455,00 $;875,00 $;5,68 $;0,09%;
20/11/2023;1;61597,80 $;924,32 $;924,32 $;0,00 $;5,68 $;-1443,16 $;0,00 $;100,00%;924,32 $;924,32 $;0,00 $;924,32 $;0,00 $;100,00;150,00 $;930,00 $;5,68 $;0,09%;
27/11/2023;1;60427,12 $;-1170,68 $;0,00 $;-1170,68 $;5,68 $;-2613,84 $;-1170,68 $;0,00%;-1170,68 $;0,00 $;-1170,68 $;0,00 $;-1170,68 $;285,00;1305,00 $;525,00 $;1695,68 $;0,09%;
28/11/2023;1;61031,44 $;604,32 $;604,32 $;0,00 $;5,68 $;-2009,52 $;0,00 $;100,00%;604,32 $;604,32 $;0,00 $;604,32 $;0,00 $;30,00;400,00 $;610,00 $;5,68 $;0,09%;
01/12/2023;1;61520,76 $;489,32 $;489,32 $;0,00 $;5,68 $;-1520,20 $;0,00 $;100,00%;489,32 $;489,32 $;0,00 $;489,32 $;0,00 $;25,00;305,00 $;495,00 $;5,68 $;0,09%;
05/12/2023;1;60480,08 $;-1040,68 $;0,00 $;-1040,68 $;5,68 $;-2560,88 $;-1040,68 $;0,00%;-1040,68 $;0,00 $;-1040,68 $;0,00 $;-1040,68 $;355,00;2480,00 $;180,00 $;1220,68 $;0,09%;
07/12/2023;1;61484,40 $;1004,32 $;1004,32 $;0,00 $;5,68 $;-1556,56 $;0,00 $;100,00%;1004,32 $;1004,32 $;0,00 $;1004,32 $;0,00 $;100,00;1155,00 $;1010,00 $;5,68 $;0,09%;
08/12/2023;1;62153,72 $;669,32 $;669,32 $;0,00 $;5,68 $;-887,24 $;0,00 $;100,00%;669,32 $;669,32 $;0,00 $;669,32 $;0,00 $;380,00;1415,00 $;1170,00 $;500,68 $;0,09%;
11/12/2023;1;63073,04 $;919,32 $;919,32 $;0,00 $;5,68 $;0,00 $;0,00 $;100,00%;919,32 $;919,32 $;0,00 $;919,32 $;0,00 $;140,00;1185,00 $;925,00 $;5,68 $;0,09%;
12/12/2023;1;64407,36 $;1334,32 $;1334,32 $;0,00 $;5,68 $;0,00 $;0,00 $;100,00%;1334,32 $;1334,32 $;0,00 $;1334,32 $;0,00 $;240,00;630,00 $;1340,00 $;5,68 $;0,09%;
13/12/2023;1;64476,68 $;69,32 $;69,32 $;0,00 $;5,68 $;0,00 $;0,00 $;100,00%;69,32 $;69,32 $;0,00 $;69,32 $;0,00 $;0,00;0,00 $;75,00 $;5,68 $;0,09%;
15/12/2023;1;65226,00 $;749,32 $;749,32 $;0,00 $;5,68 $;0,00 $;0,00 $;100,00%;749,32 $;749,32 $;0,00 $;749,32 $;0,00 $;45,00;190,00 $;755,00 $;5,68 $;0,09%;
18/12/2023;1;66325,32 $;1099,32 $;1099,32 $;0,00 $;5,68 $;0,00 $;0,00 $;100,00%;1099,32 $;1099,32 $;0,00 $;1099,32 $;0,00 $;140,00;150,00 $;1105,00 $;5,68 $;0,09%;
19/12/2023;1;66634,64 $;309,32 $;309,32 $;0,00 $;5,68 $;0,00 $;0,00 $;100,00%;309,32 $;309,32 $;0,00 $;309,32 $;0,00 $;345,00;900,00 $;385,00 $;75,68 $;0,09%;
20/12/2023;1;65338,96 $;-1295,68 $;0,00 $;-1295,68 $;5,68 $;-1295,68 $;-1295,68 $;0,00%;-1295,68 $;0,00 $;-1295,68 $;0,00 $;-1295,68 $;235,00;1290,00 $;115,00 $;1410,68 $;0,09%;
21/12/2023;1;65503,28 $;164,32 $;164,32 $;0,00 $;5,68 $;-1131,36 $;0,00 $;100,00%;164,32 $;164,32 $;0,00 $;164,32 $;0,00 $;70,00;40,00 $;500,00 $;335,68 $;0,09%;
26/12/2023;1;65847,60 $;344,32 $;344,32 $;0,00 $;5,68 $;-787,04 $;0,00 $;100,00%;344,32 $;344,32 $;0,00 $;344,32 $;0,00 $;90,00;270,00 $;350,00 $;5,68 $;0,09%;
27/12/2023;1;65941,92 $;94,32 $;94,32 $;0,00 $;5,68 $;-692,72 $;0,00 $;100,00%;94,32 $;94,32 $;0,00 $;94,32 $;0,00 $;35,00;35,00 $;125,00 $;30,68 $;0,09%;
04/01/2024;1;67096,24 $;1154,32 $;1154,32 $;0,00 $;5,68 $;0,00 $;0,00 $;100,00%;1154,32 $;1154,32 $;0,00 $;1154,32 $;0,00 $;25,00;0,00 $;1160,00 $;5,68 $;0,09%;
05/01/2024;1;64935,56 $;-2160,68 $;0,00 $;-2160,68 $;5,68 $;-2160,68 $;-2160,68 $;0,00%;-2160,68 $;0,00 $;-2160,68 $;0,00 $;-2160,68 $;130,00;2155,00 $;460,00 $;2620,68 $;0,09%;
08/01/2024;1;66124,88 $;1189,32 $;1189,32 $;0,00 $;5,68 $;-971,36 $;0,00 $;100,00%;1189,32 $;1189,32 $;0,00 $;1189,32 $;0,00 $;175,00;605,00 $;1195,00 $;5,68 $;0,09%;
09/01/2024;1;67189,20 $;1064,32 $;1064,32 $;0,00 $;5,68 $;0,00 $;0,00 $;100,00%;1064,32 $;1064,32 $;0,00 $;1064,32 $;0,00 $;45,00;310,00 $;1070,00 $;5,68 $;0,09%;
10/01/2024;1;68178,52 $;989,32 $;989,32 $;0,00 $;5,68 $;0,00 $;0,00 $;100,00%;989,32 $;989,32 $;0,00 $;989,32 $;0,00 $;190,00;760,00 $;995,00 $;5,68 $;0,09%;
15/01/2024;1;68072,84 $;-105,68 $;0,00 $;-105,68 $;5,68 $;-105,68 $;-105,68 $;0,00%;-105,68 $;0,00 $;-105,68 $;0,00 $;-105,68 $;115,00;415,00 $;80,00 $;185,68 $;0,09%;
16/01/2024;1;68232,16 $;159,32 $;159,32 $;0,00 $;5,68 $;0,00 $;0,00 $;100,00%;159,32 $;159,32 $;0,00 $;159,32 $;0,00 $;0,00;0,00 $;165,00 $;5,68 $;0,09%;
17/01/2024;1;69566,48 $;1334,32 $;1334,32 $;0,00 $;5,68 $;0,00 $;0,00 $;100,00%;1334,32 $;1334,32 $;0,00 $;1334,32 $;0,00 $;270,00;1400,00 $;1340,00 $;5,68 $;0,09%;
18/01/2024;1;67765,80 $;-1800,68 $;0,00 $;-1800,68 $;5,68 $;-1800,68 $;-1800,68 $;0,00%;-1800,68 $;0,00 $;-1800,68 $;0,00 $;-1800,68 $;125,00;1795,00 $;530,00 $;2330,68 $;0,09%;
19/01/2024;1;68495,12 $;729,32 $;729,32 $;0,00 $;5,68 $;-1071,36 $;0,00 $;100,00%;729,32 $;729,32 $;0,00 $;729,32 $;0,00 $;65,00;650,00 $;735,00 $;5,68 $;0,09%;
23/01/2024;1;69054,44 $;559,32 $;559,32 $;0,00 $;5,68 $;-512,04 $;0,00 $;100,00%;559,32 $;559,32 $;0,00 $;559,32 $;0,00 $;45,00;55,00 $;565,00 $;5,68 $;0,09%;
24/01/2024;1;69383,76 $;329,32 $;329,32 $;0,00 $;5,68 $;-182,72 $;0,00 $;100,00%;329,32 $;329,32 $;0,00 $;329,32 $;0,00 $;5,00;145,00 $;335,00 $;5,68 $;0,09%;
25/01/2024;1;67758,08 $;-1625,68 $;0,00 $;-1625,68 $;5,68 $;-1808,40 $;-1625,68 $;0,00%;-1625,68 $;0,00 $;-1625,68 $;0,00 $;-1625,68 $;120,00;1620,00 $;440,00 $;2065,68 $;0,09%;
26/01/2024;1;68152,40 $;394,32 $;394,32 $;0,00 $;5,68 $;-1414,08 $;0,00 $;100,00%;394,32 $;394,32 $;0,00 $;394,32 $;0,00 $;10,00;140,00 $;400,00 $;5,68 $;0,09%;
29/01/2024;1;68866,72 $;714,32 $;714,32 $;0,00 $;5,68 $;-699,76 $;0,00 $;100,00%;714,32 $;714,32 $;0,00 $;714,32 $;0,00 $;140,00;535,00 $;720,00 $;5,68 $;0,09%;
31/01/2024;1;67631,04 $;-1235,68 $;0,00 $;-1235,68 $;5,68 $;-1935,44 $;-1235,68 $;0,00%;-1235,68 $;0,00 $;-1235,68 $;0,00 $;-1235,68 $;5,00;1230,00 $;330,00 $;1565,68 $;0,09%;
01/02/2024;1;69230,36 $;1599,32 $;1599,32 $;0,00 $;5,68 $;-336,12 $;0,00 $;100,00%;1599,32 $;1599,32 $;0,00 $;1599,32 $;0,00 $;155,00;685,00 $;1605,00 $;5,68 $;0,09%;
02/02/2024;1;70494,68 $;1264,32 $;1264,32 $;0,00 $;5,68 $;0,00 $;0,00 $;100,00%;1264,32 $;1264,32 $;0,00 $;1264,32 $;0,00 $;45,00;675,00 $;1270,00 $;5,68 $;0,09%;
05/02/2024;1;69684,00 $;-810,68 $;0,00 $;-810,68 $;5,68 $;-810,68 $;-810,68 $;0,00%;-810,68 $;0,00 $;-810,68 $;0,00 $;-810,68 $;125,00;1385,00 $;35,00 $;845,68 $;0,09%;
07/02/2024;1;69258,32 $;-425,68 $;0,00 $;-425,68 $;5,68 $;-1236,36 $;-425,68 $;0,00%;-425,68 $;0,00 $;-425,68 $;0,00 $;-425,68 $;0,00;420,00 $;0,00 $;425,68 $;0,09%;
08/02/2024;1;68822,64 $;-435,68 $;0,00 $;-435,68 $;5,68 $;-1672,04 $;-435,68 $;0,00%;-435,68 $;0,00 $;-435,68 $;0,00 $;-435,68 $;350,00;1090,00 $;295,00 $;730,68 $;0,09%;
09/02/2024;1;69781,96 $;959,32 $;959,32 $;0,00 $;5,68 $;-712,72 $;0,00 $;100,00%;959,32 $;959,32 $;0,00 $;959,32 $;0,00 $;145,00;235,00 $;965,00 $;5,68 $;0,09%;
12/02/2024;1;69676,28 $;-105,68 $;0,00 $;-105,68 $;5,68 $;-818,40 $;-105,68 $;0,00%;-105,68 $;0,00 $;-105,68 $;0,00 $;-105,68 $;0,00;100,00 $;0,00 $;105,68 $;0,09%;
13/02/2024;1;69340,60 $;-335,68 $;0,00 $;-335,68 $;5,68 $;-1154,08 $;-335,68 $;0,00%;-335,68 $;0,00 $;-335,68 $;0,00 $;-335,68 $;0,00;330,00 $;0,00 $;335,68 $;0,09%;
14/02/2024;1;67649,92 $;-1690,68 $;0,00 $;-1690,68 $;5,68 $;-2844,76 $;-1690,68 $;0,00%;-1690,68 $;0,00 $;-1690,68 $;0,00 $;-1690,68 $;25,00;1685,00 $;50,00 $;1740,68 $;0,09%;
15/02/2024;1;68389,24 $;739,32 $;739,32 $;0,00 $;5,68 $;-2105,44 $;0,00 $;100,00%;739,32 $;739,32 $;0,00 $;739,32 $;0,00 $;160,00;805,00 $;745,00 $;5,68 $;0,09%;
21/02/2024;1;69818,56 $;1429,32 $;1429,32 $;0,00 $;5,68 $;-676,12 $;0,00 $;100,00%;1429,32 $;1429,32 $;0,00 $;1429,32 $;0,00 $;5,00;110,00 $;1435,00 $;5,68 $;0,09%;
22/02/2024;1;71802,88 $;1984,32 $;1984,32 $;0,00 $;5,68 $;0,00 $;0,00 $;100,00%;1984,32 $;1984,32 $;0,00 $;1984,32 $;0,00 $;125,00;415,00 $;1990,00 $;5,68 $;0,09%;
26/02/2024;1;69997,20 $;-1805,68 $;0,00 $;-1805,68 $;5,68 $;-1805,68 $;-1805,68 $;0,00%;-1805,68 $;0,00 $;-1805,68 $;0,00 $;-1805,68 $;245,00;1800,00 $;75,00 $;1880,68 $;0,09%;
27/02/2024;1;69771,52 $;-225,68 $;0,00 $;-225,68 $;5,68 $;-2031,36 $;-225,68 $;0,00%;-225,68 $;0,00 $;-225,68 $;0,00 $;-225,68 $;25,00;240,00 $;25,00 $;250,68 $;0,09%;
28/02/2024;1;68100,84 $;-1670,68 $;0,00 $;-1670,68 $;5,68 $;-3702,04 $;-1670,68 $;0,00%;-1670,68 $;0,00 $;-1670,68 $;0,00 $;-1670,68 $;270,00;1665,00 $;320,00 $;1990,68 $;0,09%;
29/02/2024;1;67990,16 $;-110,68 $;0,00 $;-110,68 $;5,68 $;-3812,72 $;-110,68 $;0,00%;-110,68 $;0,00 $;-110,68 $;0,00 $;-110,68 $;15,00;200,00 $;0,00 $;110,68 $;0,09%;
01/03/2024;1;68794,48 $;804,32 $;804,32 $;0,00 $;5,68 $;-3008,40 $;0,00 $;100,00%;804,32 $;804,32 $;0,00 $;804,32 $;0,00 $;70,00;160,00 $;810,00 $;5,68 $;0,09%;
04/03/2024;1;67598,80 $;-1195,68 $;0,00 $;-1195,68 $;5,68 $;-4204,08 $;-1195,68 $;0,00%;-1195,68 $;0,00 $;-1195,68 $;0,00 $;-1195,68 $;50,00;1190,00 $;130,00 $;1325,68 $;0,09%;
06/03/2024;1;65533,12 $;-2065,68 $;0,00 $;-2065,68 $;5,68 $;-6269,76 $;-2065,68 $;0,00%;-2065,68 $;0,00 $;-2065,68 $;0,00 $;-2065,68 $;285,00;3175,00 $;620,00 $;2685,68 $;0,09%;
07/03/2024;1;67042,44 $;1509,32 $;1509,32 $;0,00 $;5,68 $;-4760,44 $;0,00 $;100,00%;1509,32 $;1509,32 $;0,00 $;1509,32 $;0,00 $;90,00;195,00 $;1515,00 $;5,68 $;0,09%;
12/03/2024;1;68766,76 $;1724,32 $;1724,32 $;0,00 $;5,68 $;-3036,12 $;0,00 $;100,00%;1724,32 $;1724,32 $;0,00 $;1724,32 $;0,00 $;310,00;1485,00 $;1730,00 $;5,68 $;0,09%;
18/03/2024;1;67446,08 $;-1320,68 $;0,00 $;-1320,68 $;5,68 $;-4356,80 $;-1320,68 $;0,00%;-1320,68 $;0,00 $;-1320,68 $;0,00 $;-1320,68 $;35,00;1315,00 $;280,00 $;1600,68 $;0,09%;
19/03/2024;1;69130,40 $;1684,32 $;1684,32 $;0,00 $;5,68 $;-2672,48 $;0,00 $;100,00%;1684,32 $;1684,32 $;0,00 $;1684,32 $;0,00 $;80,00;225,00 $;1690,00 $;5,68 $;0,09%;
20/03/2024;1;69194,72 $;64,32 $;64,32 $;0,00 $;5,68 $;-2608,16 $;0,00 $;100,00%;64,32 $;64,32 $;0,00 $;64,32 $;0,00 $;0,00;0,00 $;70,00 $;5,68 $;0,09%;
22/03/2024;1;68659,04 $;-535,68 $;0,00 $;-535,68 $;5,68 $;-3143,84 $;-535,68 $;0,00%;-535,68 $;0,00 $;-535,68 $;0,00 $;-535,68 $;225,00;865,00 $;715,00 $;1250,68 $;0,09%;
25/03/2024;1;69068,36 $;409,32 $;409,32 $;0,00 $;5,68 $;-2734,52 $;0,00 $;100,00%;409,32 $;409,32 $;0,00 $;409,32 $;0,00 $;385,00;275,00 $;1180,00 $;770,68 $;0,09%;
27/03/2024;1;68892,68 $;-175,68 $;0,00 $;-175,68 $;5,68 $;-2910,20 $;-175,68 $;0,00%;-175,68 $;0,00 $;-175,68 $;0,00 $;-175,68 $;35,00;235,00 $;5,00 $;180,68 $;0,09%;
02/04/2024;1;69777,00 $;884,32 $;884,32 $;0,00 $;5,68 $;-2025,88 $;0,00 $;100,00%;884,32 $;884,32 $;0,00 $;884,32 $;0,00 $;160,00;515,00 $;890,00 $;5,68 $;0,09%;
03/04/2024;1;69336,32 $;-440,68 $;0,00 $;-440,68 $;5,68 $;-2466,56 $;-440,68 $;0,00%;-440,68 $;0,00 $;-440,68 $;0,00 $;-440,68 $;385,00;2130,00 $;845,00 $;1285,68 $;0,09%;
04/04/2024;1;68290,64 $;-1045,68 $;0,00 $;-1045,68 $;5,68 $;-3512,24 $;-1045,68 $;0,00%;-1045,68 $;0,00 $;-1045,68 $;0,00 $;-1045,68 $;65,00;1040,00 $;170,00 $;1215,68 $;0,09%;
05/04/2024;1;69299,96 $;1009,32 $;1009,32 $;0,00 $;5,68 $;-2502,92 $;0,00 $;100,00%;1009,32 $;1009,32 $;0,00 $;1009,32 $;0,00 $;55,00;1520,00 $;1015,00 $;5,68 $;0,09%;
08/04/2024;1;68469,28 $;-830,68 $;0,00 $;-830,68 $;5,68 $;-3333,60 $;-830,68 $;0,00%;-830,68 $;0,00 $;-830,68 $;0,00 $;-830,68 $;375,00;2015,00 $;465,00 $;1295,68 $;0,09%;
11/04/2024;1;69033,60 $;564,32 $;564,32 $;0,00 $;5,68 $;-2769,28 $;0,00 $;100,00%;564,32 $;564,32 $;0,00 $;564,32 $;0,00 $;50,00;275,00 $;570,00 $;5,68 $;0,09%;
16/04/2024;1;67592,92 $;-1440,68 $;0,00 $;-1440,68 $;5,68 $;-4209,96 $;-1440,68 $;0,00%;-1440,68 $;0,00 $;-1440,68 $;0,00 $;-1440,68 $;25,00;1435,00 $;725,00 $;2165,68 $;0,09%;
18/04/2024;1;68227,24 $;634,32 $;634,32 $;0,00 $;5,68 $;-3575,64 $;0,00 $;100,00%;634,32 $;634,32 $;0,00 $;634,32 $;0,00 $;30,00;340,00 $;640,00 $;5,68 $;0,09%;
22/04/2024;1;69151,56 $;924,32 $;924,32 $;0,00 $;5,68 $;-2651,32 $;0,00 $;100,00%;924,32 $;924,32 $;0,00 $;924,32 $;0,00 $;5,00;25,00 $;930,00 $;5,68 $;0,09%;
23/04/2024;1;70240,88 $;1089,32 $;1089,32 $;0,00 $;5,68 $;-1562,00 $;0,00 $;100,00%;1089,32 $;1089,32 $;0,00 $;1089,32 $;0,00 $;185,00;685,00 $;1095,00 $;5,68 $;0,09%;
25/04/2024;1;70735,20 $;494,32 $;494,32 $;0,00 $;5,68 $;-1067,68 $;0,00 $;100,00%;494,32 $;494,32 $;0,00 $;494,32 $;0,00 $;110,00;1810,00 $;500,00 $;5,68 $;0,09%;
26/04/2024;1;71554,52 $;819,32 $;819,32 $;0,00 $;5,68 $;-248,36 $;0,00 $;100,00%;819,32 $;819,32 $;0,00 $;819,32 $;0,00 $;385,00;285,00 $;2120,00 $;1300,68 $;0,09%;
29/04/2024;1;70113,84 $;-1440,68 $;0,00 $;-1440,68 $;5,68 $;-1689,04 $;-1440,68 $;0,00%;-1440,68 $;0,00 $;-1440,68 $;0,00 $;-1440,68 $;135,00;1435,00 $;600,00 $;2040,68 $;0,09%;
01/05/2024;1;68558,16 $;-1555,68 $;0,00 $;-1555,68 $;5,68 $;-3244,72 $;-1555,68 $;0,00%;-1555,68 $;0,00 $;-1555,68 $;0,00 $;-1555,68 $;0,00;1550,00 $;0,00 $;1555,68 $;0,09%;
02/05/2024;1;72232,48 $;3674,32 $;3674,32 $;0,00 $;5,68 $;0,00 $;0,00 $;100,00%;3674,32 $;3674,32 $;0,00 $;3674,32 $;0,00 $;260,00;920,00 $;3680,00 $;5,68 $;0,09%;
06/05/2024;1;72901,80 $;669,32 $;669,32 $;0,00 $;5,68 $;0,00 $;0,00 $;100,00%;669,32 $;669,32 $;0,00 $;669,32 $;0,00 $;105,00;100,00 $;675,00 $;5,68 $;0,09%;
07/05/2024;1;71636,12 $;-1265,68 $;0,00 $;-1265,68 $;5,68 $;-1265,68 $;-1265,68 $;0,00%;-1265,68 $;0,00 $;-1265,68 $;0,00 $;-1265,68 $;185,00;1260,00 $;435,00 $;1700,68 $;0,09%;
08/05/2024;1;70835,44 $;-800,68 $;0,00 $;-800,68 $;5,68 $;-2066,36 $;-800,68 $;0,00%;-800,68 $;0,00 $;-800,68 $;0,00 $;-800,68 $;375,00;1235,00 $;835,00 $;1635,68 $;0,09%;
09/05/2024;1;70834,76 $;-0,68 $;0,00 $;-0,68 $;5,68 $;-2067,04 $;-0,68 $;0,00%;-0,68 $;0,00 $;-0,68 $;0,00 $;-0,68 $;360,00;1010,00 $;395,00 $;395,68 $;0,09%;
13/05/2024;1;69854,08 $;-980,68 $;0,00 $;-980,68 $;5,68 $;-3047,72 $;-980,68 $;0,00%;-980,68 $;0,00 $;-980,68 $;0,00 $;-980,68 $;20,00;975,00 $;55,00 $;1035,68 $;0,09%;
14/05/2024;1;71368,40 $;1514,32 $;1514,32 $;0,00 $;5,68 $;-1533,40 $;0,00 $;100,00%;1514,32 $;1514,32 $;0,00 $;1514,32 $;0,00 $;215,00;400,00 $;1520,00 $;5,68 $;0,09%;
15/05/2024;1;72492,72 $;1124,32 $;1124,32 $;0,00 $;5,68 $;-409,08 $;0,00 $;100,00%;1124,32 $;1124,32 $;0,00 $;1124,32 $;0,00 $;55,00;105,00 $;1130,00 $;5,68 $;0,09%;
16/05/2024;1;72932,04 $;439,32 $;439,32 $;0,00 $;5,68 $;0,00 $;0,00 $;100,00%;439,32 $;439,32 $;0,00 $;439,32 $;0,00 $;10,00;85,00 $;445,00 $;5,68 $;0,09%;
17/05/2024;1;71916,36 $;-1015,68 $;0,00 $;-1015,68 $;5,68 $;-1015,68 $;-1015,68 $;0,00%;-1015,68 $;0,00 $;-1015,68 $;0,00 $;-1015,68 $;120,00;1010,00 $;125,00 $;1140,68 $;0,09%;
20/05/2024;1;71130,68 $;-785,68 $;0,00 $;-785,68 $;5,68 $;-1801,36 $;-785,68 $;0,00%;-785,68 $;0,00 $;-785,68 $;0,00 $;-785,68 $;240,00;1545,00 $;205,00 $;990,68 $;0,09%;
21/05/2024;1;71665,00 $;534,32 $;534,32 $;0,00 $;5,68 $;-1267,04 $;0,00 $;100,00%;534,32 $;534,32 $;0,00 $;534,32 $;0,00 $;90,00;205,00 $;540,00 $;5,68 $;0,09%;
22/05/2024;1;70804,32 $;-860,68 $;0,00 $;-860,68 $;5,68 $;-2127,72 $;-860,68 $;0,00%;-860,68 $;0,00 $;-860,68 $;0,00 $;-860,68 $;110,00;855,00 $;25,00 $;885,68 $;0,09%;
24/05/2024;1;71408,64 $;604,32 $;604,32 $;0,00 $;5,68 $;-1523,40 $;0,00 $;100,00%;604,32 $;604,32 $;0,00 $;604,32 $;0,00 $;25,00;470,00 $;610,00 $;5,68 $;0,09%;
27/05/2024;1;71982,96 $;574,32 $;574,32 $;0,00 $;5,68 $;-949,08 $;0,00 $;100,00%;574,32 $;574,32 $;0,00 $;574,32 $;0,00 $;55,00;0,00 $;580,00 $;5,68 $;0,09%;
28/05/2024;1;70667,28 $;-1315,68 $;0,00 $;-1315,68 $;5,68 $;-2264,76 $;-1315,68 $;0,00%;-1315,68 $;0,00 $;-1315,68 $;0,00 $;-1315,68 $;210,00;1310,00 $;805,00 $;2120,68 $;0,09%;
29/05/2024;1;68826,60 $;-1840,68 $;0,00 $;-1840,68 $;5,68 $;-4105,44 $;-1840,68 $;0,00%;-1840,68 $;0,00 $;-1840,68 $;0,00 $;-1840,68 $;345,00;1835,00 $;180,00 $;2020,68 $;0,09%;
04/06/2024;1;69360,92 $;534,32 $;534,32 $;0,00 $;5,68 $;-3571,12 $;0,00 $;100,00%;534,32 $;534,32 $;0,00 $;534,32 $;0,00 $;10,00;70,00 $;540,00 $;5,68 $;0,09%;
05/06/2024;1;69340,24 $;-20,68 $;0,00 $;-20,68 $;5,68 $;-3591,80 $;-20,68 $;0,00%;-20,68 $;0,00 $;-20,68 $;0,00 $;-20,68 $;0,00;15,00 $;0,00 $;20,68 $;0,09%;
07/06/2024;1;70119,56 $;779,32 $;779,32 $;0,00 $;5,68 $;-2812,48 $;0,00 $;100,00%;779,32 $;779,32 $;0,00 $;779,32 $;0,00 $;120,00;1650,00 $;785,00 $;5,68 $;0,09%;
10/06/2024;1;70663,88 $;544,32 $;544,32 $;0,00 $;5,68 $;-2268,16 $;0,00 $;100,00%;544,32 $;544,32 $;0,00 $;544,32 $;0,00 $;10,00;35,00 $;550,00 $;5,68 $;0,09%;
11/06/2024;1;71848,20 $;1184,32 $;1184,32 $;0,00 $;5,68 $;-1083,84 $;0,00 $;100,00%;1184,32 $;1184,32 $;0,00 $;1184,32 $;0,00 $;195,00;875,00 $;1190,00 $;5,68 $;0,09%;
12/06/2024;1;72327,52 $;479,32 $;479,32 $;0,00 $;5,68 $;-604,52 $;0,00 $;100,00%;479,32 $;479,32 $;0,00 $;479,32 $;0,00 $;285,00;1900,00 $;485,00 $;5,68 $;0,09%;
14/06/2024;1;73026,84 $;699,32 $;699,32 $;0,00 $;5,68 $;0,00 $;0,00 $;100,00%;699,32 $;699,32 $;0,00 $;699,32 $;0,00 $;205,00;635,00 $;770,00 $;70,68 $;0,09%;
17/06/2024;1;73551,16 $;524,32 $;524,32 $;0,00 $;5,68 $;0,00 $;0,00 $;100,00%;524,32 $;524,32 $;0,00 $;524,32 $;0,00 $;60,00;35,00 $;530,00 $;5,68 $;0,09%;
18/06/2024;1;72630,48 $;-920,68 $;0,00 $;-920,68 $;5,68 $;-920,68 $;-920,68 $;0,00%;-920,68 $;0,00 $;-920,68 $;0,00 $;-920,68 $;20,00;915,00 $;395,00 $;1315,68 $;0,09%;
21/06/2024;1;72894,80 $;264,32 $;264,32 $;0,00 $;5,68 $;-656,36 $;0,00 $;100,00%;264,32 $;264,32 $;0,00 $;264,32 $;0,00 $;325,00;975,00 $;1530,00 $;1265,68 $;0,09%;
25/06/2024;1;73649,12 $;754,32 $;754,32 $;0,00 $;5,68 $;0,00 $;0,00 $;100,00%;754,32 $;754,32 $;0,00 $;754,32 $;0,00 $;325,00;1895,00 $;975,00 $;220,68 $;0,09%;
01/07/2024;1;74898,44 $;1249,32 $;1249,32 $;0,00 $;5,68 $;0,00 $;0,00 $;100,00%;1249,32 $;1249,32 $;0,00 $;1249,32 $;0,00 $;225,00;540,00 $;1255,00 $;5,68 $;0,09%;
02/07/2024;1;75777,76 $;879,32 $;879,32 $;0,00 $;5,68 $;0,00 $;0,00 $;100,00%;879,32 $;879,32 $;0,00 $;879,32 $;0,00 $;120,00;1185,00 $;885,00 $;5,68 $;0,09%;
03/07/2024;1;77027,08 $;1249,32 $;1249,32 $;0,00 $;5,68 $;0,00 $;0,00 $;100,00%;1249,32 $;1249,32 $;0,00 $;1249,32 $;0,00 $;45,00;75,00 $;1255,00 $;5,68 $;0,09%;
05/07/2024;1;77641,40 $;614,32 $;614,32 $;0,00 $;5,68 $;0,00 $;0,00 $;100,00%;614,32 $;614,32 $;0,00 $;614,32 $;0,00 $;325,00;30,00 $;1580,00 $;965,68 $;0,09%;
08/07/2024;1;78355,72 $;714,32 $;714,32 $;0,00 $;5,68 $;0,00 $;0,00 $;100,00%;714,32 $;714,32 $;0,00 $;714,32 $;0,00 $;315,00;790,00 $;790,00 $;75,68 $;0,09%;
10/07/2024;1;78740,04 $;384,32 $;384,32 $;0,00 $;5,68 $;0,00 $;0,00 $;100,00%;384,32 $;384,32 $;0,00 $;384,32 $;0,00 $;15,00;65,00 $;390,00 $;5,68 $;0,09%;
12/07/2024;1;79939,36 $;1199,32 $;1199,32 $;0,00 $;5,68 $;0,00 $;0,00 $;100,00%;1199,32 $;1199,32 $;0,00 $;1199,32 $;0,00 $;170,00;1935,00 $;1205,00 $;5,68 $;0,09%;
15/07/2024;1;81093,68 $;1154,32 $;1154,32 $;0,00 $;5,68 $;0,00 $;0,00 $;100,00%;1154,32 $;1154,32 $;0,00 $;1154,32 $;0,00 $;25,00;375,00 $;1160,00 $;5,68 $;0,09%;
23/07/2024;1;79008,00 $;-2085,68 $;0,00 $;-2085,68 $;5,68 $;-2085,68 $;-2085,68 $;0,00%;-2085,68 $;0,00 $;-2085,68 $;0,00 $;-2085,68 $;50,00;2080,00 $;200,00 $;2285,68 $;0,09%;
25/07/2024;1;74847,32 $;-4160,68 $;0,00 $;-4160,68 $;5,68 $;-6246,36 $;-4160,68 $;0,00%;-4160,68 $;0,00 $;-4160,68 $;0,00 $;-4160,68 $;325,00;5230,00 $;3760,00 $;7920,68 $;0,09%;
26/07/2024;1;74121,64 $;-725,68 $;0,00 $;-725,68 $;5,68 $;-6972,04 $;-725,68 $;0,00%;-725,68 $;0,00 $;-725,68 $;0,00 $;-725,68 $;290,00;2155,00 $;1720,00 $;2445,68 $;0,09%;
31/07/2024;1;76595,96 $;2474,32 $;2474,32 $;0,00 $;5,68 $;-4497,72 $;0,00 $;100,00%;2474,32 $;2474,32 $;0,00 $;2474,32 $;0,00 $;250,00;2055,00 $;2480,00 $;5,68 $;0,09%;
05/08/2024;1;77460,28 $;864,32 $;864,32 $;0,00 $;5,68 $;-3633,40 $;0,00 $;100,00%;864,32 $;864,32 $;0,00 $;864,32 $;0,00 $;325,00;4220,00 $;3715,00 $;2850,68 $;0,09%;
06/08/2024;1;73399,60 $;-4060,68 $;0,00 $;-4060,68 $;5,68 $;-7694,08 $;-4060,68 $;0,00%;-4060,68 $;0,00 $;-4060,68 $;0,00 $;-4060,68 $;355,00;4660,00 $;3630,00 $;7690,68 $;0,09%;
08/08/2024;1;76258,92 $;2859,32 $;2859,32 $;0,00 $;5,68 $;-4834,76 $;0,00 $;100,00%;2859,32 $;2859,32 $;0,00 $;2859,32 $;0,00 $;200,00;1175,00 $;2865,00 $;5,68 $;0,09%;
09/08/2024;1;78008,24 $;1749,32 $;1749,32 $;0,00 $;5,68 $;-3085,44 $;0,00 $;100,00%;1749,32 $;1749,32 $;0,00 $;1749,32 $;0,00 $;135,00;1845,00 $;1755,00 $;5,68 $;0,09%;
12/08/2024;1;79172,56 $;1164,32 $;1164,32 $;0,00 $;5,68 $;-1921,12 $;0,00 $;100,00%;1164,32 $;1164,32 $;0,00 $;1164,32 $;0,00 $;30,00;120,00 $;1170,00 $;5,68 $;0,09%;
13/08/2024;1;80226,88 $;1054,32 $;1054,32 $;0,00 $;5,68 $;-866,80 $;0,00 $;100,00%;1054,32 $;1054,32 $;0,00 $;1054,32 $;0,00 $;70,00;355,00 $;1060,00 $;5,68 $;0,09%;
14/08/2024;1;80211,20 $;-15,68 $;0,00 $;-15,68 $;5,68 $;-882,48 $;-15,68 $;0,00%;-15,68 $;0,00 $;-15,68 $;0,00 $;-15,68 $;305,00;2595,00 $;1120,00 $;1135,68 $;0,09%;
15/08/2024;1;81595,52 $;1384,32 $;1384,32 $;0,00 $;5,68 $;0,00 $;0,00 $;100,00%;1384,32 $;1384,32 $;0,00 $;1384,32 $;0,00 $;365,00;620,00 $;2090,00 $;705,68 $;0,09%;
16/08/2024;1;83349,84 $;1754,32 $;1754,32 $;0,00 $;5,68 $;0,00 $;0,00 $;100,00%;1754,32 $;1754,32 $;0,00 $;1754,32 $;0,00 $;140,00;1460,00 $;1760,00 $;5,68 $;0,09%;
19/08/2024;1;83604,16 $;254,32 $;254,32 $;0,00 $;5,68 $;0,00 $;0,00 $;100,00%;254,32 $;254,32 $;0,00 $;254,32 $;0,00 $;100,00;1140,00 $;260,00 $;5,68 $;0,09%;
21/08/2024;1;83598,48 $;-5,68 $;0,00 $;-5,68 $;5,68 $;-5,68 $;-5,68 $;0,00%;-5,68 $;0,00 $;-5,68 $;0,00 $;-5,68 $;0,00;0,00 $;0,00 $;5,68 $;0,09%;
27/08/2024;1;83707,80 $;109,32 $;109,32 $;0,00 $;5,68 $;0,00 $;0,00 $;100,00%;109,32 $;109,32 $;0,00 $;109,32 $;0,00 $;385,00;1050,00 $;1280,00 $;1170,68 $;0,09%;
02/09/2024;1;83417,12 $;-290,68 $;0,00 $;-290,68 $;5,68 $;-290,68 $;-290,68 $;0,00%;-290,68 $;0,00 $;-290,68 $;0,00 $;-290,68 $;120,00;650,00 $;180,00 $;470,68 $;0,09%;
04/09/2024;1;81476,44 $;-1940,68 $;0,00 $;-1940,68 $;5,68 $;-2231,36 $;-1940,68 $;0,00%;-1940,68 $;0,00 $;-1940,68 $;0,00 $;-1940,68 $;370,00;3070,00 $;1070,00 $;3010,68 $;0,09%;
09/09/2024;1;79925,76 $;-1550,68 $;0,00 $;-1550,68 $;5,68 $;-3782,04 $;-1550,68 $;0,00%;-1550,68 $;0,00 $;-1550,68 $;0,00 $;-1550,68 $;50,00;1545,00 $;370,00 $;1920,68 $;0,09%;
10/09/2024;1;80070,08 $;144,32 $;144,32 $;0,00 $;5,68 $;-3637,72 $;0,00 $;100,00%;144,32 $;144,32 $;0,00 $;144,32 $;0,00 $;155,00;455,00 $;1020,00 $;875,68 $;0,09%;
11/09/2024;1;81719,40 $;1649,32 $;1649,32 $;0,00 $;5,68 $;-1988,40 $;0,00 $;100,00%;1649,32 $;1649,32 $;0,00 $;1649,32 $;0,00 $;60,00;855,00 $;1655,00 $;5,68 $;0,09%;
12/09/2024;1;82743,72 $;1024,32 $;1024,32 $;0,00 $;5,68 $;-964,08 $;0,00 $;100,00%;1024,32 $;1024,32 $;0,00 $;1024,32 $;0,00 $;40,00;1620,00 $;1030,00 $;5,68 $;0,09%;
13/09/2024;1;82393,04 $;-350,68 $;0,00 $;-350,68 $;5,68 $;-1314,76 $;-350,68 $;0,00%;-350,68 $;0,00 $;-350,68 $;0,00 $;-350,68 $;325,00;855,00 $;1130,00 $;1480,68 $;0,09%;
17/09/2024;1;81167,36 $;-1225,68 $;0,00 $;-1225,68 $;5,68 $;-2540,44 $;-1225,68 $;0,00%;-1225,68 $;0,00 $;-1225,68 $;0,00 $;-1225,68 $;75,00;1220,00 $;935,00 $;2160,68 $;0,09%;
18/09/2024;1;80621,68 $;-545,68 $;0,00 $;-545,68 $;5,68 $;-3086,12 $;-545,68 $;0,00%;-545,68 $;0,00 $;-545,68 $;0,00 $;-545,68 $;0,00;540,00 $;0,00 $;545,68 $;0,09%;
19/09/2024;1;81291,00 $;669,32 $;669,32 $;0,00 $;5,68 $;-2416,80 $;0,00 $;100,00%;669,32 $;669,32 $;0,00 $;669,32 $;0,00 $;185,00;1985,00 $;675,00 $;5,68 $;0,09%;
23/09/2024;1;79550,32 $;-1740,68 $;0,00 $;-1740,68 $;5,68 $;-4157,48 $;-1740,68 $;0,00%;-1740,68 $;0,00 $;-1740,68 $;0,00 $;-1740,68 $;65,00;1735,00 $;115,00 $;1855,68 $;0,09%;
24/09/2024;1;79149,64 $;-400,68 $;0,00 $;-400,68 $;5,68 $;-4558,16 $;-400,68 $;0,00%;-400,68 $;0,00 $;-400,68 $;0,00 $;-400,68 $;300,00;1925,00 $;195,00 $;595,68 $;0,09%;
02/10/2024;1;80128,96 $;979,32 $;979,32 $;0,00 $;5,68 $;-3578,84 $;0,00 $;100,00%;979,32 $;979,32 $;0,00 $;979,32 $;0,00 $;370,00;770,00 $;1665,00 $;685,68 $;0,09%;
07/10/2024;1;78413,28 $;-1715,68 $;0,00 $;-1715,68 $;5,68 $;-5294,52 $;-1715,68 $;0,00%;-1715,68 $;0,00 $;-1715,68 $;0,00 $;-1715,68 $;235,00;1710,00 $;185,00 $;1900,68 $;0,09%;
08/10/2024;1;79332,60 $;919,32 $;919,32 $;0,00 $;5,68 $;-4375,20 $;0,00 $;100,00%;919,32 $;919,32 $;0,00 $;919,32 $;0,00 $;355,00;1505,00 $;1790,00 $;870,68 $;0,09%;
09/10/2024;1;79731,92 $;399,32 $;399,32 $;0,00 $;5,68 $;-3975,88 $;0,00 $;100,00%;399,32 $;399,32 $;0,00 $;399,32 $;0,00 $;25,00;750,00 $;405,00 $;5,68 $;0,09%;
10/10/2024;1;81191,24 $;1459,32 $;1459,32 $;0,00 $;5,68 $;-2516,56 $;0,00 $;100,00%;1459,32 $;1459,32 $;0,00 $;1459,32 $;0,00 $;45,00;145,00 $;1465,00 $;5,68 $;0,09%;
11/10/2024;1;80325,56 $;-865,68 $;0,00 $;-865,68 $;5,68 $;-3382,24 $;-865,68 $;0,00%;-865,68 $;0,00 $;-865,68 $;0,00 $;-865,68 $;385,00;1305,00 $;760,00 $;1625,68 $;0,09%;
16/10/2024;1;81284,88 $;959,32 $;959,32 $;0,00 $;5,68 $;-2422,92 $;0,00 $;100,00%;959,32 $;959,32 $;0,00 $;959,32 $;0,00 $;375,00;680,00 $;1990,00 $;1030,68 $;0,09%;
21/10/2024;1;81319,20 $;34,32 $;34,32 $;0,00 $;5,68 $;-2388,60 $;0,00 $;100,00%;34,32 $;34,32 $;0,00 $;34,32 $;0,00 $;0,00;25,00 $;185,00 $;150,68 $;0,09%;
22/10/2024;1;80403,52 $;-915,68 $;0,00 $;-915,68 $;5,68 $;-3304,28 $;-915,68 $;0,00%;-915,68 $;0,00 $;-915,68 $;0,00 $;-915,68 $;180,00;1135,00 $;755,00 $;1670,68 $;0,09%;
24/10/2024;1;80427,84 $;24,32 $;24,32 $;0,00 $;5,68 $;-3279,96 $;0,00 $;100,00%;24,32 $;24,32 $;0,00 $;24,32 $;0,00 $;85,00;360,00 $;480,00 $;455,68 $;0,09%;
28/10/2024;1;79037,16 $;-1390,68 $;0,00 $;-1390,68 $;5,68 $;-4670,64 $;-1390,68 $;0,00%;-1390,68 $;0,00 $;-1390,68 $;0,00 $;-1390,68 $;45,00;1385,00 $;10,00 $;1400,68 $;0,09%;
29/10/2024;1;80431,48 $;1394,32 $;1394,32 $;0,00 $;5,68 $;-3276,32 $;0,00 $;100,00%;1394,32 $;1394,32 $;0,00 $;1394,32 $;0,00 $;130,00;290,00 $;1400,00 $;5,68 $;0,09%;
30/10/2024;1;77525,80 $;-2905,68 $;0,00 $;-2905,68 $;5,68 $;-6182,00 $;-2905,68 $;0,00%;-2905,68 $;0,00 $;-2905,68 $;0,00 $;-2905,68 $;315,00;2900,00 $;105,00 $;3010,68 $;0,09%;
01/11/2024;1;77455,12 $;-70,68 $;0,00 $;-70,68 $;5,68 $;-6252,68 $;-70,68 $;0,00%;-70,68 $;0,00 $;-70,68 $;0,00 $;-70,68 $;0,00;65,00 $;0,00 $;70,68 $;0,09%;
04/11/2024;1;74494,44 $;-2960,68 $;0,00 $;-2960,68 $;5,68 $;-9213,36 $;-2960,68 $;0,00%;-2960,68 $;0,00 $;-2960,68 $;0,00 $;-2960,68 $;90,00;2955,00 $;830,00 $;3790,68 $;0,09%;
05/11/2024;1;74943,76 $;449,32 $;449,32 $;0,00 $;5,68 $;-8764,04 $;0,00 $;100,00%;449,32 $;449,32 $;0,00 $;449,32 $;0,00 $;290,00;1190,00 $;910,00 $;460,68 $;0,09%;
06/11/2024;1;76813,08 $;1869,32 $;1869,32 $;0,00 $;5,68 $;-6894,72 $;0,00 $;100,00%;1869,32 $;1869,32 $;0,00 $;1869,32 $;0,00 $;230,00;130,00 $;2130,00 $;260,68 $;0,09%;
07/11/2024;1;77877,40 $;1064,32 $;1064,32 $;0,00 $;5,68 $;-5830,40 $;0,00 $;100,00%;1064,32 $;1064,32 $;0,00 $;1064,32 $;0,00 $;175,00;505,00 $;1070,00 $;5,68 $;0,09%;
08/11/2024;1;77161,72 $;-715,68 $;0,00 $;-715,68 $;5,68 $;-6546,08 $;-715,68 $;0,00%;-715,68 $;0,00 $;-715,68 $;0,00 $;-715,68 $;195,00;1085,00 $;50,00 $;765,68 $;0,09%;
13/11/2024;1;76871,04 $;-290,68 $;0,00 $;-290,68 $;5,68 $;-6836,76 $;-290,68 $;0,00%;-290,68 $;0,00 $;-290,68 $;0,00 $;-290,68 $;270,00;1130,00 $;1765,00 $;2055,68 $;0,09%;
18/11/2024;1;77420,36 $;549,32 $;549,32 $;0,00 $;5,68 $;-6287,44 $;0,00 $;100,00%;549,32 $;549,32 $;0,00 $;549,32 $;0,00 $;0,00;0,00 $;555,00 $;5,68 $;0,09%;
19/11/2024;1;78124,68 $;704,32 $;704,32 $;0,00 $;5,68 $;-5583,12 $;0,00 $;100,00%;704,32 $;704,32 $;0,00 $;704,32 $;0,00 $;15,00;70,00 $;710,00 $;5,68 $;0,09%;
20/11/2024;1;79739,00 $;1614,32 $;1614,32 $;0,00 $;5,68 $;-3968,80 $;0,00 $;100,00%;1614,32 $;1614,32 $;0,00 $;1614,32 $;0,00 $;285,00;2025,00 $;2570,00 $;955,68 $;0,09%;
21/11/2024;1;78833,32 $;-905,68 $;0,00 $;-905,68 $;5,68 $;-4874,48 $;-905,68 $;0,00%;-905,68 $;0,00 $;-905,68 $;0,00 $;-905,68 $;250,00;965,00 $;800,00 $;1705,68 $;0,09%;
28/11/2024;1;78562,64 $;-270,68 $;0,00 $;-270,68 $;5,68 $;-5145,16 $;-270,68 $;0,00%;-270,68 $;0,00 $;-270,68 $;0,00 $;-270,68 $;110,00;505,00 $;125,00 $;395,68 $;0,09%;
29/11/2024;1;79466,96 $;904,32 $;904,32 $;0,00 $;5,68 $;-4240,84 $;0,00 $;100,00%;904,32 $;904,32 $;0,00 $;904,32 $;0,00 $;160,00;190,00 $;1435,00 $;530,68 $;0,09%;
02/12/2024;1;80221,28 $;754,32 $;754,32 $;0,00 $;5,68 $;-3486,52 $;0,00 $;100,00%;754,32 $;754,32 $;0,00 $;754,32 $;0,00 $;330,00;125,00 $;1735,00 $;980,68 $;0,09%;
03/12/2024;1;81245,60 $;1024,32 $;1024,32 $;0,00 $;5,68 $;-2462,20 $;0,00 $;100,00%;1024,32 $;1024,32 $;0,00 $;1024,32 $;0,00 $;175,00;565,00 $;1030,00 $;5,68 $;0,09%;
04/12/2024;1;81744,92 $;499,32 $;499,32 $;0,00 $;5,68 $;-1962,88 $;0,00 $;100,00%;499,32 $;499,32 $;0,00 $;499,32 $;0,00 $;215,00;780,00 $;505,00 $;5,68 $;0,09%;
05/12/2024;1;80519,24 $;-1225,68 $;0,00 $;-1225,68 $;5,68 $;-3188,56 $;-1225,68 $;0,00%;-1225,68 $;0,00 $;-1225,68 $;0,00 $;-1225,68 $;50,00;1220,00 $;175,00 $;1400,68 $;0,09%;
06/12/2024;1;80758,56 $;239,32 $;239,32 $;0,00 $;5,68 $;-2949,24 $;0,00 $;100,00%;239,32 $;239,32 $;0,00 $;239,32 $;0,00 $;380,00;975,00 $;950,00 $;710,68 $;0,09%;
11/12/2024;1;80602,88 $;-155,68 $;0,00 $;-155,68 $;5,68 $;-3104,92 $;-155,68 $;0,00%;-155,68 $;0,00 $;-155,68 $;0,00 $;-155,68 $;325,00;430,00 $;1135,00 $;1290,68 $;0,09%;
12/12/2024;1;81067,20 $;464,32 $;464,32 $;0,00 $;5,68 $;-2640,60 $;0,00 $;100,00%;464,32 $;464,32 $;0,00 $;464,32 $;0,00 $;10,00;90,00 $;470,00 $;5,68 $;0,09%;
16/12/2024;1;82666,52 $;1599,32 $;1599,32 $;0,00 $;5,68 $;-1041,28 $;0,00 $;100,00%;1599,32 $;1599,32 $;0,00 $;1599,32 $;0,00 $;110,00;355,00 $;1605,00 $;5,68 $;0,09%;
18/12/2024;1;80935,84 $;-1730,68 $;0,00 $;-1730,68 $;5,68 $;-2771,96 $;-1730,68 $;0,00%;-1730,68 $;0,00 $;-1730,68 $;0,00 $;-1730,68 $;185,00;1725,00 $;330,00 $;2060,68 $;0,09%;
20/12/2024;1;81985,16 $;1049,32 $;1049,32 $;0,00 $;5,68 $;-1722,64 $;0,00 $;100,00%;1049,32 $;1049,32 $;0,00 $;1049,32 $;0,00 $;0,00;0,00 $;1055,00 $;5,68 $;0,09%;
23/12/2024;1;82859,48 $;874,32 $;874,32 $;0,00 $;5,68 $;-848,32 $;0,00 $;100,00%;874,32 $;874,32 $;0,00 $;874,32 $;0,00 $;295,00;1020,00 $;1670,00 $;795,68 $;0,09%;
24/12/2024;1;84538,80 $;1679,32 $;1679,32 $;0,00 $;5,68 $;0,00 $;0,00 $;100,00%;1679,32 $;1679,32 $;0,00 $;1679,32 $;0,00 $;125,00;355,00 $;1685,00 $;5,68 $;0,09%;
26/12/2024;1;83973,12 $;-565,68 $;0,00 $;-565,68 $;5,68 $;-565,68 $;-565,68 $;0,00%;-565,68 $;0,00 $;-565,68 $;0,00 $;-565,68 $;340,00;790,00 $;1280,00 $;1845,68 $;0,09%;
30/12/2024;1;85012,44 $;1039,32 $;1039,32 $;0,00 $;5,68 $;0,00 $;0,00 $;100,00%;1039,32 $;1039,32 $;0,00 $;1039,32 $;0,00 $;35,00;910,00 $;1045,00 $;5,68 $;0,09%;
03/01/2025;1;85301,76 $;289,32 $;289,32 $;0,00 $;5,68 $;0,00 $;0,00 $;100,00%;289,32 $;289,32 $;0,00 $;289,32 $;0,00 $;305,00;735,00 $;1620,00 $;1330,68 $;0,09%;
06/01/2025;1;83086,08 $;-2215,68 $;0,00 $;-2215,68 $;5,68 $;-2215,68 $;-2215,68 $;0,00%;-2215,68 $;0,00 $;-2215,68 $;0,00 $;-2215,68 $;150,00;2210,00 $;395,00 $;2610,68 $;0,09%;
10/01/2025;1;80600,40 $;-2485,68 $;0,00 $;-2485,68 $;5,68 $;-4701,36 $;-2485,68 $;0,00%;-2485,68 $;0,00 $;-2485,68 $;0,00 $;-2485,68 $;170,00;2795,00 $;55,00 $;2540,68 $;0,09%;
13/01/2025;1;82594,72 $;1994,32 $;1994,32 $;0,00 $;5,68 $;-2707,04 $;0,00 $;100,00%;1994,32 $;1994,32 $;0,00 $;1994,32 $;0,00 $;220,00;1140,00 $;2085,00 $;90,68 $;0,09%;
15/01/2025;1;80029,04 $;-2565,68 $;0,00 $;-2565,68 $;5,68 $;-5272,72 $;-2565,68 $;0,00%;-2565,68 $;0,00 $;-2565,68 $;0,00 $;-2565,68 $;75,00;2560,00 $;345,00 $;2910,68 $;0,09%;
17/01/2025;1;79938,36 $;-90,68 $;0,00 $;-90,68 $;5,68 $;-5363,40 $;-90,68 $;0,00%;-90,68 $;0,00 $;-90,68 $;0,00 $;-90,68 $;340,00;670,00 $;1575,00 $;1665,68 $;0,09%;
21/01/2025;1;81217,68 $;1279,32 $;1279,32 $;0,00 $;5,68 $;-4084,08 $;0,00 $;100,00%;1279,32 $;1279,32 $;0,00 $;1279,32 $;0,00 $;195,00;380,00 $;1285,00 $;5,68 $;0,09%;
22/01/2025;1;80632,00 $;-585,68 $;0,00 $;-585,68 $;5,68 $;-4669,76 $;-585,68 $;0,00%;-585,68 $;0,00 $;-585,68 $;0,00 $;-585,68 $;360,00;930,00 $;1590,00 $;2175,68 $;0,09%;
23/01/2025;1;81266,32 $;634,32 $;634,32 $;0,00 $;5,68 $;-4035,44 $;0,00 $;100,00%;634,32 $;634,32 $;0,00 $;634,32 $;0,00 $;55,00;780,00 $;640,00 $;5,68 $;0,09%;
27/01/2025;1;78160,64 $;-3105,68 $;0,00 $;-3105,68 $;5,68 $;-7141,12 $;-3105,68 $;0,00%;-3105,68 $;0,00 $;-3105,68 $;0,00 $;-3105,68 $;35,00;3100,00 $;160,00 $;3265,68 $;0,09%;
28/01/2025;1;80309,96 $;2149,32 $;2149,32 $;0,00 $;5,68 $;-4991,80 $;0,00 $;100,00%;2149,32 $;2149,32 $;0,00 $;2149,32 $;0,00 $;165,00;1595,00 $;2155,00 $;5,68 $;0,09%;
29/01/2025;1;79999,28 $;-310,68 $;0,00 $;-310,68 $;5,68 $;-5302,48 $;-310,68 $;0,00%;-310,68 $;0,00 $;-310,68 $;0,00 $;-310,68 $;15,00;1610,00 $;450,00 $;760,68 $;0,09%;
31/01/2025;1;76748,60 $;-3250,68 $;0,00 $;-3250,68 $;5,68 $;-8553,16 $;-3250,68 $;0,00%;-3250,68 $;0,00 $;-3250,68 $;0,00 $;-3250,68 $;145,00;3245,00 $;200,00 $;3450,68 $;0,09%;
03/02/2025;1;78882,92 $;2134,32 $;2134,32 $;0,00 $;5,68 $;-6418,84 $;0,00 $;100,00%;2134,32 $;2134,32 $;0,00 $;2134,32 $;0,00 $;40,00;460,00 $;2140,00 $;5,68 $;0,09%;
04/02/2025;1;77532,24 $;-1350,68 $;0,00 $;-1350,68 $;5,68 $;-7769,52 $;-1350,68 $;0,00%;-1350,68 $;0,00 $;-1350,68 $;0,00 $;-1350,68 $;360,00;2015,00 $;865,00 $;2215,68 $;0,09%;
05/02/2025;1;78911,56 $;1379,32 $;1379,32 $;0,00 $;5,68 $;-6390,20 $;0,00 $;100,00%;1379,32 $;1379,32 $;0,00 $;1379,32 $;0,00 $;15,00;190,00 $;1385,00 $;5,68 $;0,09%;
06/02/2025;1;77685,88 $;-1225,68 $;0,00 $;-1225,68 $;5,68 $;-7615,88 $;-1225,68 $;0,00%;-1225,68 $;0,00 $;-1225,68 $;0,00 $;-1225,68 $;50,00;1220,00 $;360,00 $;1585,68 $;0,09%;
10/02/2025;1;76925,20 $;-760,68 $;0,00 $;-760,68 $;5,68 $;-8376,56 $;-760,68 $;0,00%;-760,68 $;0,00 $;-760,68 $;0,00 $;-760,68 $;375,00;1150,00 $;385,00 $;1145,68 $;0,09%;
11/02/2025;1;75129,52 $;-1795,68 $;0,00 $;-1795,68 $;5,68 $;-10172,24 $;-1795,68 $;0,00%;-1795,68 $;0,00 $;-1795,68 $;0,00 $;-1795,68 $;75,00;1790,00 $;425,00 $;2220,68 $;0,09%;
12/02/2025;1;77283,84 $;2154,32 $;2154,32 $;0,00 $;5,68 $;-8017,92 $;0,00 $;100,00%;2154,32 $;2154,32 $;0,00 $;2154,32 $;0,00 $;120,00;1080,00 $;2160,00 $;5,68 $;0,09%;
13/02/2025;1;79263,16 $;1979,32 $;1979,32 $;0,00 $;5,68 $;-6038,60 $;0,00 $;100,00%;1979,32 $;1979,32 $;0,00 $;1979,32 $;0,00 $;280,00;2020,00 $;1985,00 $;5,68 $;0,09%;
14/02/2025;1;80082,48 $;819,32 $;819,32 $;0,00 $;5,68 $;-5219,28 $;0,00 $;100,00%;819,32 $;819,32 $;0,00 $;819,32 $;0,00 $;180,00;1405,00 $;825,00 $;5,68 $;0,09%;
17/02/2025;1;80341,80 $;259,32 $;259,32 $;0,00 $;5,68 $;-4959,96 $;0,00 $;100,00%;259,32 $;259,32 $;0,00 $;259,32 $;0,00 $;25,00;115,00 $;265,00 $;5,68 $;0,09%;
19/02/2025;1;81596,12 $;1254,32 $;1254,32 $;0,00 $;5,68 $;-3705,64 $;0,00 $;100,00%;1254,32 $;1254,32 $;0,00 $;1254,32 $;0,00 $;165,00;460,00 $;1260,00 $;5,68 $;0,09%;
26/02/2025;1;79830,44 $;-1765,68 $;0,00 $;-1765,68 $;5,68 $;-5471,32 $;-1765,68 $;0,00%;-1765,68 $;0,00 $;-1765,68 $;0,00 $;-1765,68 $;175,00;1760,00 $;2540,00 $;4305,68 $;0,09%;
28/02/2025;1;76229,76 $;-3600,68 $;0,00 $;-3600,68 $;5,68 $;-9072,00 $;-3600,68 $;0,00%;-3600,68 $;0,00 $;-3600,68 $;0,00 $;-3600,68 $;155,00;3595,00 $;1525,00 $;5125,68 $;0,09%;
04/03/2025;1;81414,08 $;5184,32 $;5184,32 $;0,00 $;5,68 $;-3887,68 $;0,00 $;100,00%;5184,32 $;5184,32 $;0,00 $;5184,32 $;0,00 $;105,00;965,00 $;5190,00 $;5,68 $;0,09%;
05/03/2025;1;86498,40 $;5084,32 $;5084,32 $;0,00 $;5,68 $;0,00 $;0,00 $;100,00%;5084,32 $;5084,32 $;0,00 $;5084,32 $;0,00 $;115,00;415,00 $;5090,00 $;5,68 $;0,09%;
06/03/2025;1;82717,72 $;-3780,68 $;0,00 $;-3780,68 $;5,68 $;-3780,68 $;-3780,68 $;0,00%;-3780,68 $;0,00 $;-3780,68 $;0,00 $;-3780,68 $;85,00;3775,00 $;1675,00 $;5455,68 $;0,09%;
07/03/2025;1;81792,04 $;-925,68 $;0,00 $;-925,68 $;5,68 $;-4706,36 $;-925,68 $;0,00%;-925,68 $;0,00 $;-925,68 $;0,00 $;-925,68 $;135,00;3095,00 $;660,00 $;1585,68 $;0,09%;
11/03/2025;1;77676,36 $;-4115,68 $;0,00 $;-4115,68 $;5,68 $;-8822,04 $;-4115,68 $;0,00%;-4115,68 $;0,00 $;-4115,68 $;0,00 $;-4115,68 $;110,00;4700,00 $;1415,00 $;5530,68 $;0,09%;
14/03/2025;1;77745,68 $;69,32 $;69,32 $;0,00 $;5,68 $;-8752,72 $;0,00 $;100,00%;69,32 $;69,32 $;0,00 $;69,32 $;0,00 $;320,00;1185,00 $;1575,00 $;1505,68 $;0,09%;
17/03/2025;1;75930,00 $;-1815,68 $;0,00 $;-1815,68 $;5,68 $;-10568,40 $;-1815,68 $;0,00%;-1815,68 $;0,00 $;-1815,68 $;0,00 $;-1815,68 $;145,00;2475,00 $;800,00 $;2615,68 $;0,09%;
19/03/2025;1;79619,32 $;3689,32 $;3689,32 $;0,00 $;5,68 $;-6879,08 $;0,00 $;100,00%;3689,32 $;3689,32 $;0,00 $;3689,32 $;0,00 $;180,00;2830,00 $;3695,00 $;5,68 $;0,09%;
20/03/2025;1;76168,64 $;-3450,68 $;0,00 $;-3450,68 $;5,68 $;-10329,76 $;-3450,68 $;0,00%;-3450,68 $;0,00 $;-3450,68 $;0,00 $;-3450,68 $;125,00;3445,00 $;1395,00 $;4845,68 $;0,09%;
21/03/2025;1;78732,96 $;2564,32 $;2564,32 $;0,00 $;5,68 $;-7765,44 $;0,00 $;100,00%;2564,32 $;2564,32 $;0,00 $;2564,32 $;0,00 $;100,00;1410,00 $;2570,00 $;5,68 $;0,09%;
24/03/2025;1;78822,28 $;89,32 $;89,32 $;0,00 $;5,68 $;-7676,12 $;0,00 $;100,00%;89,32 $;89,32 $;0,00 $;89,32 $;0,00 $;350,00;885,00 $;1140,00 $;1050,68 $;0,09%;
25/03/2025;1;79616,60 $;794,32 $;794,32 $;0,00 $;5,68 $;-6881,80 $;0,00 $;100,00%;794,32 $;794,32 $;0,00 $;794,32 $;0,00 $;330,00;1535,00 $;800,00 $;5,68 $;0,09%;
27/03/2025;1;76380,92 $;-3235,68 $;0,00 $;-3235,68 $;5,68 $;-10117,48 $;-3235,68 $;0,00%;-3235,68 $;0,00 $;-3235,68 $;0,00 $;-3235,68 $;370,00;3675,00 $;815,00 $;4050,68 $;0,09%;
31/03/2025;1;79010,24 $;2629,32 $;2629,32 $;0,00 $;5,68 $;-7488,16 $;0,00 $;100,00%;2629,32 $;2629,32 $;0,00 $;2629,32 $;0,00 $;150,00;1065,00 $;2635,00 $;5,68 $;0,09%;
01/04/2025;1;79994,56 $;984,32 $;984,32 $;0,00 $;5,68 $;-6503,84 $;0,00 $;100,00%;984,32 $;984,32 $;0,00 $;984,32 $;0,00 $;5,00;460,00 $;990,00 $;5,68 $;0,09%;
02/04/2025;1;83653,88 $;3659,32 $;3659,32 $;0,00 $;5,68 $;-2844,52 $;0,00 $;100,00%;3659,32 $;3659,32 $;0,00 $;3659,32 $;0,00 $;70,00;125,00 $;3665,00 $;5,68 $;0,09%;
07/04/2025;1;88913,20 $;5259,32 $;5259,32 $;0,00 $;5,68 $;0,00 $;0,00 $;100,00%;5259,32 $;5259,32 $;0,00 $;5259,32 $;0,00 $;385,00;4315,00 $;9170,00 $;3910,68 $;0,09%;
09/04/2025;1;88212,52 $;-700,68 $;0,00 $;-700,68 $;5,68 $;-700,68 $;-700,68 $;0,00%;-700,68 $;0,00 $;-700,68 $;0,00 $;-700,68 $;0,00;695,00 $;0,00 $;700,68 $;0,09%;
11/04/2025;1;89026,84 $;814,32 $;814,32 $;0,00 $;5,68 $;0,00 $;0,00 $;100,00%;814,32 $;814,32 $;0,00 $;814,32 $;0,00 $;245,00;3695,00 $;1880,00 $;1065,68 $;0,09%;
16/04/2025;1;85691,16 $;-3335,68 $;0,00 $;-3335,68 $;5,68 $;-3335,68 $;-3335,68 $;0,00%;-3335,68 $;0,00 $;-3335,68 $;0,00 $;-3335,68 $;110,00;3330,00 $;30,00 $;3365,68 $;0,09%;
22/04/2025;1;88070,48 $;2379,32 $;2379,32 $;0,00 $;5,68 $;-956,36 $;0,00 $;100,00%;2379,32 $;2379,32 $;0,00 $;2379,32 $;0,00 $;65,00;740,00 $;2385,00 $;5,68 $;0,09%;
24/04/2025;1;91294,80 $;3224,32 $;3224,32 $;0,00 $;5,68 $;0,00 $;0,00 $;100,00%;3224,32 $;3224,32 $;0,00 $;3224,32 $;0,00 $;240,00;1325,00 $;3230,00 $;5,68 $;0,09%;
25/04/2025;1;93174,12 $;1879,32 $;1879,32 $;0,00 $;5,68 $;0,00 $;0,00 $;100,00%;1879,32 $;1879,32 $;0,00 $;1879,32 $;0,00 $;45,00;385,00 $;1885,00 $;5,68 $;0,09%;
29/04/2025;1;92323,44 $;-850,68 $;0,00 $;-850,68 $;5,68 $;-850,68 $;-850,68 $;0,00%;-850,68 $;0,00 $;-850,68 $;0,00 $;-850,68 $;175,00;1785,00 $;640,00 $;1490,68 $;0,09%;
30/04/2025;1;93057,76 $;734,32 $;734,32 $;0,00 $;5,68 $;-116,36 $;0,00 $;100,00%;734,32 $;734,32 $;0,00 $;734,32 $;0,00 $;10,00;585,00 $;740,00 $;5,68 $;0,09%;
01/05/2025;1;89857,08 $;-3200,68 $;0,00 $;-3200,68 $;5,68 $;-3317,04 $;-3200,68 $;0,00%;-3200,68 $;0,00 $;-3200,68 $;0,00 $;-3200,68 $;310,00;3195,00 $;2125,00 $;5325,68 $;0,09%;
02/05/2025;1;91426,40 $;1569,32 $;1569,32 $;0,00 $;5,68 $;-1747,72 $;0,00 $;100,00%;1569,32 $;1569,32 $;0,00 $;1569,32 $;0,00 $;95,00;1140,00 $;1575,00 $;5,68 $;0,09%;
05/05/2025;1;89900,72 $;-1525,68 $;0,00 $;-1525,68 $;5,68 $;-3273,40 $;-1525,68 $;0,00%;-1525,68 $;0,00 $;-1525,68 $;0,00 $;-1525,68 $;260,00;2320,00 $;1465,00 $;2990,68 $;0,09%;
06/05/2025;1;91510,04 $;1609,32 $;1609,32 $;0,00 $;5,68 $;-1664,08 $;0,00 $;100,00%;1609,32 $;1609,32 $;0,00 $;1609,32 $;0,00 $;95,00;515,00 $;1615,00 $;5,68 $;0,09%;
07/05/2025;1;89359,36 $;-2150,68 $;0,00 $;-2150,68 $;5,68 $;-3814,76 $;-2150,68 $;0,00%;-2150,68 $;0,00 $;-2150,68 $;0,00 $;-2150,68 $;10,00;2145,00 $;35,00 $;2185,68 $;0,09%;
08/05/2025;1;89363,68 $;4,32 $;4,32 $;0,00 $;5,68 $;-3810,44 $;0,00 $;100,00%;4,32 $;4,32 $;0,00 $;4,32 $;0,00 $;0,00;0,00 $;10,00 $;5,68 $;0,09%;
12/05/2025;1;90673,00 $;1309,32 $;1309,32 $;0,00 $;5,68 $;-2501,12 $;0,00 $;100,00%;1309,32 $;1309,32 $;0,00 $;1309,32 $;0,00 $;170,00;585,00 $;1315,00 $;5,68 $;0,09%;
13/05/2025;1;92752,32 $;2079,32 $;2079,32 $;0,00 $;5,68 $;-421,80 $;0,00 $;100,00%;2079,32 $;2079,32 $;0,00 $;2079,32 $;0,00 $;125,00;465,00 $;2085,00 $;5,68 $;0,09%;
14/05/2025;1;92596,64 $;-155,68 $;0,00 $;-155,68 $;5,68 $;-577,48 $;-155,68 $;0,00%;-155,68 $;0,00 $;-155,68 $;0,00 $;-155,68 $;45,00;250,00 $;110,00 $;265,68 $;0,09%;
15/05/2025;1;93685,96 $;1089,32 $;1089,32 $;0,00 $;5,68 $;0,00 $;0,00 $;100,00%;1089,32 $;1089,32 $;0,00 $;1089,32 $;0,00 $;20,00;205,00 $;1095,00 $;5,68 $;0,09%;
16/05/2025;1;94430,28 $;744,32 $;744,32 $;0,00 $;5,68 $;0,00 $;0,00 $;100,00%;744,32 $;744,32 $;0,00 $;744,32 $;0,00 $;140,00;750,00 $;750,00 $;5,68 $;0,09%;
19/05/2025;1;95689,60 $;1259,32 $;1259,32 $;0,00 $;5,68 $;0,00 $;0,00 $;100,00%;1259,32 $;1259,32 $;0,00 $;1259,32 $;0,00 $;255,00;205,00 $;1815,00 $;555,68 $;0,09%;
20/05/2025;1;93463,92 $;-2225,68 $;0,00 $;-2225,68 $;5,68 $;-2225,68 $;-2225,68 $;0,00%;-2225,68 $;0,00 $;-2225,68 $;0,00 $;-2225,68 $;90,00;2220,00 $;175,00 $;2400,68 $;0,09%;
21/05/2025;1;89533,24 $;-3930,68 $;0,00 $;-3930,68 $;5,68 $;-6156,36 $;-3930,68 $;0,00%;-3930,68 $;0,00 $;-3930,68 $;0,00 $;-3930,68 $;125,00;3925,00 $;820,00 $;4750,68 $;0,09%;
23/05/2025;1;91192,56 $;1659,32 $;1659,32 $;0,00 $;5,68 $;-4497,04 $;0,00 $;100,00%;1659,32 $;1659,32 $;0,00 $;1659,32 $;0,00 $;145,00;1650,00 $;1665,00 $;5,68 $;0,09%;
27/05/2025;1;93181,88 $;1989,32 $;1989,32 $;0,00 $;5,68 $;-2507,72 $;0,00 $;100,00%;1989,32 $;1989,32 $;0,00 $;1989,32 $;0,00 $;380,00;565,00 $;2225,00 $;235,68 $;0,09%;
30/05/2025;1;90176,20 $;-3005,68 $;0,00 $;-3005,68 $;5,68 $;-5513,40 $;-3005,68 $;0,00%;-3005,68 $;0,00 $;-3005,68 $;0,00 $;-3005,68 $;115,00;3000,00 $;300,00 $;3305,68 $;0,09%;
02/06/2025;1;91090,52 $;914,32 $;914,32 $;0,00 $;5,68 $;-4599,08 $;0,00 $;100,00%;914,32 $;914,32 $;0,00 $;914,32 $;0,00 $;145,00;370,00 $;1355,00 $;440,68 $;0,09%;
03/06/2025;1;93059,84 $;1969,32 $;1969,32 $;0,00 $;5,68 $;-2629,76 $;0,00 $;100,00%;1969,32 $;1969,32 $;0,00 $;1969,32 $;0,00 $;130,00;135,00 $;1975,00 $;5,68 $;0,09%;
05/06/2025;1;93859,16 $;799,32 $;799,32 $;0,00 $;5,68 $;-1830,44 $;0,00 $;100,00%;799,32 $;799,32 $;0,00 $;799,32 $;0,00 $;15,00;275,00 $;805,00 $;5,68 $;0,09%;
09/06/2025;1;93248,48 $;-610,68 $;0,00 $;-610,68 $;5,68 $;-2441,12 $;-610,68 $;0,00%;-610,68 $;0,00 $;-610,68 $;0,00 $;-610,68 $;385,00;1115,00 $;765,00 $;1375,68 $;0,09%;
10/06/2025;1;91962,80 $;-1285,68 $;0,00 $;-1285,68 $;5,68 $;-3726,80 $;-1285,68 $;0,00%;-1285,68 $;0,00 $;-1285,68 $;0,00 $;-1285,68 $;100,00;1280,00 $;715,00 $;2000,68 $;0,09%;
11/06/2025;1;89492,12 $;-2470,68 $;0,00 $;-2470,68 $;5,68 $;-6197,48 $;-2470,68 $;0,00%;-2470,68 $;0,00 $;-2470,68 $;0,00 $;-2470,68 $;110,00;2465,00 $;550,00 $;3020,68 $;0,09%;
12/06/2025;1;90366,44 $;874,32 $;874,32 $;0,00 $;5,68 $;-5323,16 $;0,00 $;100,00%;874,32 $;874,32 $;0,00 $;874,32 $;0,00 $;30,00;220,00 $;880,00 $;5,68 $;0,09%;
13/06/2025;1;88390,76 $;-1975,68 $;0,00 $;-1975,68 $;5,68 $;-7298,84 $;-1975,68 $;0,00%;-1975,68 $;0,00 $;-1975,68 $;0,00 $;-1975,68 $;150,00;1970,00 $;905,00 $;2880,68 $;0,09%;
16/06/2025;1;87690,08 $;-700,68 $;0,00 $;-700,68 $;5,68 $;-7999,52 $;-700,68 $;0,00%;-700,68 $;0,00 $;-700,68 $;0,00 $;-700,68 $;385,00;1210,00 $;490,00 $;1190,68 $;0,09%;
18/06/2025;1;85389,40 $;-2300,68 $;0,00 $;-2300,68 $;5,68 $;-10300,20 $;-2300,68 $;0,00%;-2300,68 $;0,00 $;-2300,68 $;0,00 $;-2300,68 $;180,00;2295,00 $;500,00 $;2800,68 $;0,09%;
23/06/2025;1;82803,72 $;-2585,68 $;0,00 $;-2585,68 $;5,68 $;-12885,88 $;-2585,68 $;0,00%;-2585,68 $;0,00 $;-2585,68 $;0,00 $;-2585,68 $;65,00;2580,00 $;60,00 $;2645,68 $;0,09%;
24/06/2025;1;83833,04 $;1029,32 $;1029,32 $;0,00 $;5,68 $;-11856,56 $;0,00 $;100,00%;1029,32 $;1029,32 $;0,00 $;1029,32 $;0,00 $;75,00;55,00 $;1035,00 $;5,68 $;0,09%;
26/06/2025;1;85192,36 $;1359,32 $;1359,32 $;0,00 $;5,68 $;-10497,24 $;0,00 $;100,00%;1359,32 $;1359,32 $;0,00 $;1359,32 $;0,00 $;170,00;1015,00 $;1365,00 $;5,68 $;0,09%;
30/06/2025;1;84201,68 $;-990,68 $;0,00 $;-990,68 $;5,68 $;-11487,92 $;-990,68 $;0,00%;-990,68 $;0,00 $;-990,68 $;0,00 $;-990,68 $;115,00;985,00 $;485,00 $;1475,68 $;0,09%;
02/07/2025;1;84616,00 $;414,32 $;414,32 $;0,00 $;5,68 $;-11073,60 $;0,00 $;100,00%;414,32 $;414,32 $;0,00 $;414,32 $;0,00 $;5,00;20,00 $;420,00 $;5,68 $;0,09%;
03/07/2025;1;84815,32 $;199,32 $;199,32 $;0,00 $;5,68 $;-10874,28 $;0,00 $;100,00%;199,32 $;199,32 $;0,00 $;199,32 $;0,00 $;155,00;425,00 $;1075,00 $;875,68 $;0,09%;
04/07/2025;1;84179,64 $;-635,68 $;0,00 $;-635,68 $;5,68 $;-11509,96 $;-635,68 $;0,00%;-635,68 $;0,00 $;-635,68 $;0,00 $;-635,68 $;125,00;845,00 $;95,00 $;730,68 $;0,09%;
08/07/2025;1;83898,96 $;-280,68 $;0,00 $;-280,68 $;5,68 $;-11790,64 $;-280,68 $;0,00%;-280,68 $;0,00 $;-280,68 $;0,00 $;-280,68 $;255,00;935,00 $;515,00 $;795,68 $;0,09%;
11/07/2025;1;82838,28 $;-1060,68 $;0,00 $;-1060,68 $;5,68 $;-12851,32 $;-1060,68 $;0,00%;-1060,68 $;0,00 $;-1060,68 $;0,00 $;-1060,68 $;385,00;1640,00 $;615,00 $;1675,68 $;0,09%;
14/07/2025;1;84807,60 $;1969,32 $;1969,32 $;0,00 $;5,68 $;-10882,00 $;0,00 $;100,00%;1969,32 $;1969,32 $;0,00 $;1969,32 $;0,00 $;145,00;310,00 $;1975,00 $;5,68 $;0,09%;
16/07/2025;1;84936,92 $;129,32 $;129,32 $;0,00 $;5,68 $;-10752,68 $;0,00 $;100,00%;129,32 $;129,32 $;0,00 $;129,32 $;0,00 $;220,00;800,00 $;870,00 $;740,68 $;0,09%;
17/07/2025;1;86166,24 $;1229,32 $;1229,32 $;0,00 $;5,68 $;-9523,36 $;0,00 $;100,00%;1229,32 $;1229,32 $;0,00 $;1229,32 $;0,00 $;175,00;50,00 $;1235,00 $;5,68 $;0,09%;
21/07/2025;1;84830,56 $;-1335,68 $;0,00 $;-1335,68 $;5,68 $;-10859,04 $;-1335,68 $;0,00%;-1335,68 $;0,00 $;-1335,68 $;0,00 $;-1335,68 $;375,00;1700,00 $;200,00 $;1535,68 $;0,09%;
23/07/2025;1;86004,88 $;1174,32 $;1174,32 $;0,00 $;5,68 $;-9684,72 $;0,00 $;100,00%;1174,32 $;1174,32 $;0,00 $;1174,32 $;0,00 $;135,00;1235,00 $;1180,00 $;5,68 $;0,09%;
24/07/2025;1;86109,20 $;104,32 $;104,32 $;0,00 $;5,68 $;-9580,40 $;0,00 $;100,00%;104,32 $;104,32 $;0,00 $;104,32 $;0,00 $;205,00;465,00 $;700,00 $;595,68 $;0,09%;
25/07/2025;1;86718,52 $;609,32 $;609,32 $;0,00 $;5,68 $;-8971,08 $;0,00 $;100,00%;609,32 $;609,32 $;0,00 $;609,32 $;0,00 $;320,00;295,00 $;1180,00 $;570,68 $;0,09%;
30/07/2025;1;87712,84 $;994,32 $;994,32 $;0,00 $;5,68 $;-7976,76 $;0,00 $;100,00%;994,32 $;994,32 $;0,00 $;994,32 $;0,00 $;125,00;490,00 $;1000,00 $;5,68 $;0,09%;
01/08/2025;1;83562,16 $;-4150,68 $;0,00 $;-4150,68 $;5,68 $;-12127,44 $;-4150,68 $;0,00%;-4150,68 $;0,00 $;-4150,68 $;0,00 $;-4150,68 $;125,00;4145,00 $;770,00 $;4920,68 $;0,09%;
04/08/2025;1;85131,48 $;1569,32 $;1569,32 $;0,00 $;5,68 $;-10558,12 $;0,00 $;100,00%;1569,32 $;1569,32 $;0,00 $;1569,32 $;0,00 $;230,00;615,00 $;1610,00 $;40,68 $;0,09%;
06/08/2025;1;87250,80 $;2119,32 $;2119,32 $;0,00 $;5,68 $;-8438,80 $;0,00 $;100,00%;2119,32 $;2119,32 $;0,00 $;2119,32 $;0,00 $;180,00;335,00 $;2125,00 $;5,68 $;0,09%;
08/08/2025;1;88840,12 $;1589,32 $;1589,32 $;0,00 $;5,68 $;-6849,48 $;0,00 $;100,00%;1589,32 $;1589,32 $;0,00 $;1589,32 $;0,00 $;370,00;1490,00 $;1595,00 $;5,68 $;0,09%;
11/08/2025;1;89684,44 $;844,32 $;844,32 $;0,00 $;5,68 $;-6005,16 $;0,00 $;100,00%;844,32 $;844,32 $;0,00 $;844,32 $;0,00 $;90,00;665,00 $;850,00 $;5,68 $;0,09%;
12/08/2025;1;91653,76 $;1969,32 $;1969,32 $;0,00 $;5,68 $;-4035,84 $;0,00 $;100,00%;1969,32 $;1969,32 $;0,00 $;1969,32 $;0,00 $;330,00;590,00 $;2055,00 $;85,68 $;0,09%;
14/08/2025;1;89588,08 $;-2065,68 $;0,00 $;-2065,68 $;5,68 $;-6101,52 $;-2065,68 $;0,00%;-2065,68 $;0,00 $;-2065,68 $;0,00 $;-2065,68 $;35,00;2060,00 $;10,00 $;2075,68 $;0,09%;
21/08/2025;1;86797,40 $;-2790,68 $;0,00 $;-2790,68 $;5,68 $;-8892,20 $;-2790,68 $;0,00%;-2790,68 $;0,00 $;-2790,68 $;0,00 $;-2790,68 $;140,00;2785,00 $;355,00 $;3145,68 $;0,09%;
22/08/2025;1;86186,72 $;-610,68 $;0,00 $;-610,68 $;5,68 $;-9502,88 $;-610,68 $;0,00%;-610,68 $;0,00 $;-610,68 $;0,00 $;-610,68 $;365,00;2115,00 $;740,00 $;1350,68 $;0,09%;
25/08/2025;1;84616,04 $;-1570,68 $;0,00 $;-1570,68 $;5,68 $;-11073,56 $;-1570,68 $;0,00%;-1570,68 $;0,00 $;-1570,68 $;0,00 $;-1570,68 $;350,00;1895,00 $;715,00 $;2285,68 $;0,09%;
26/08/2025;1;86360,36 $;1744,32 $;1744,32 $;0,00 $;5,68 $;-9329,24 $;0,00 $;100,00%;1744,32 $;1744,32 $;0,00 $;1744,32 $;0,00 $;330,00;870,00 $;1750,00 $;5,68 $;0,09%;
27/08/2025;1;87019,68 $;659,32 $;659,32 $;0,00 $;5,68 $;-8669,92 $;0,00 $;100,00%;659,32 $;659,32 $;0,00 $;659,32 $;0,00 $;220,00;1125,00 $;665,00 $;5,68 $;0,09%;
28/08/2025;1;87074,00 $;54,32 $;54,32 $;0,00 $;5,68 $;-8615,60 $;0,00 $;100,00%;54,32 $;54,32 $;0,00 $;54,32 $;0,00 $;240,00;735,00 $;895,00 $;840,68 $;0,09%;
01/09/2025;1;87023,32 $;-50,68 $;0,00 $;-50,68 $;5,68 $;-8666,28 $;-50,68 $;0,00%;-50,68 $;0,00 $;-50,68 $;0,00 $;-50,68 $;80,00;455,00 $;40,00 $;90,68 $;0,09%;
02/09/2025;1;87107,64 $;84,32 $;84,32 $;0,00 $;5,68 $;-8581,96 $;0,00 $;100,00%;84,32 $;84,32 $;0,00 $;84,32 $;0,00 $;30,00;340,00 $;220,00 $;135,68 $;0,09%;
03/09/2025;1;84166,96 $;-2940,68 $;0,00 $;-2940,68 $;5,68 $;-11522,64 $;-2940,68 $;0,00%;-2940,68 $;0,00 $;-2940,68 $;0,00 $;-2940,68 $;175,00;2935,00 $;175,00 $;3115,68 $;0,09%;
04/09/2025;1;85736,28 $;1569,32 $;1569,32 $;0,00 $;5,68 $;-9953,32 $;0,00 $;100,00%;1569,32 $;1569,32 $;0,00 $;1569,32 $;0,00 $;165,00;660,00 $;1575,00 $;5,68 $;0,09%;
09/09/2025;1;87060,60 $;1324,32 $;1324,32 $;0,00 $;5,68 $;-8629,00 $;0,00 $;100,00%;1324,32 $;1324,32 $;0,00 $;1324,32 $;0,00 $;60,00;300,00 $;1330,00 $;5,68 $;0,09%;
11/09/2025;1;87364,92 $;304,32 $;304,32 $;0,00 $;5,68 $;-8324,68 $;0,00 $;100,00%;304,32 $;304,32 $;0,00 $;304,32 $;0,00 $;360,00;325,00 $;1095,00 $;790,68 $;0,09%;
12/09/2025;1;87924,24 $;559,32 $;559,32 $;0,00 $;5,68 $;-7765,36 $;0,00 $;100,00%;559,32 $;559,32 $;0,00 $;559,32 $;0,00 $;15,00;135,00 $;565,00 $;5,68 $;0,09%;
15/09/2025;1;88448,56 $;524,32 $;524,32 $;0,00 $;5,68 $;-7241,04 $;0,00 $;100,00%;524,32 $;524,32 $;0,00 $;524,32 $;0,00 $;290,00;485,00 $;905,00 $;380,68 $;0,09%;
18/09/2025;1;87057,88 $;-1390,68 $;0,00 $;-1390,68 $;5,68 $;-8631,72 $;-1390,68 $;0,00%;-1390,68 $;0,00 $;-1390,68 $;0,00 $;-1390,68 $;380,00;1960,00 $;660,00 $;2050,68 $;0,09%;
19/09/2025;1;88372,20 $;1314,32 $;1314,32 $;0,00 $;5,68 $;-7317,40 $;0,00 $;100,00%;1314,32 $;1314,32 $;0,00 $;1314,32 $;0,00 $;175,00;520,00 $;1320,00 $;5,68 $;0,09%;
22/09/2025;1;89301,52 $;929,32 $;929,32 $;0,00 $;5,68 $;-6388,08 $;0,00 $;100,00%;929,32 $;929,32 $;0,00 $;929,32 $;0,00 $;90,00;210,00 $;935,00 $;5,68 $;0,09%;
25/09/2025;1;89610,84 $;309,32 $;309,32 $;0,00 $;5,68 $;-6078,76 $;0,00 $;100,00%;309,32 $;309,32 $;0,00 $;309,32 $;0,00 $;385,00;3325,00 $;1540,00 $;1230,68 $;0,09%;
26/09/2025;1;89325,16 $;-285,68 $;0,00 $;-285,68 $;5,68 $;-6364,44 $;-285,68 $;0,00%;-285,68 $;0,00 $;-285,68 $;0,00 $;-285,68 $;30,00;350,00 $;50,00 $;335,68 $;0,09%;
30/09/2025;1;90259,48 $;934,32 $;934,32 $;0,00 $;5,68 $;-5430,12 $;0,00 $;100,00%;934,32 $;934,32 $;0,00 $;934,32 $;0,00 $;285,00;2490,00 $;940,00 $;5,68 $;0,09%;
01/10/2025;1;91338,80 $;1079,32 $;1079,32 $;0,00 $;5,68 $;-4350,80 $;0,00 $;100,00%;1079,32 $;1079,32 $;0,00 $;1079,32 $;0,00 $;115,00;430,00 $;1085,00 $;5,68 $;0,09%;
02/10/2025;1;91653,12 $;314,32 $;314,32 $;0,00 $;5,68 $;-4036,48 $;0,00 $;100,00%;314,32 $;314,32 $;0,00 $;314,32 $;0,00 $;195,00;195,00 $;750,00 $;435,68 $;0,09%;
06/10/2025;1;92697,44 $;1044,32 $;1044,32 $;0,00 $;5,68 $;-2992,16 $;0,00 $;100,00%;1044,32 $;1044,32 $;0,00 $;1044,32 $;0,00 $;145,00;290,00 $;1050,00 $;5,68 $;0,09%;
08/10/2025;1;94366,76 $;1669,32 $;1669,32 $;0,00 $;5,68 $;-1322,84 $;0,00 $;100,00%;1669,32 $;1669,32 $;0,00 $;1669,32 $;0,00 $;250,00;155,00 $;1675,00 $;5,68 $;0,09%;
13/10/2025;1;93416,08 $;-950,68 $;0,00 $;-950,68 $;5,68 $;-2273,52 $;-950,68 $;0,00%;-950,68 $;0,00 $;-950,68 $;0,00 $;-950,68 $;230,00;1375,00 $;265,00 $;1215,68 $;0,09%;
14/10/2025;1;95310,40 $;1894,32 $;1894,32 $;0,00 $;5,68 $;-379,20 $;0,00 $;100,00%;1894,32 $;1894,32 $;0,00 $;1894,32 $;0,00 $;80,00;1015,00 $;1900,00 $;5,68 $;0,09%;
15/10/2025;1;91154,72 $;-4155,68 $;0,00 $;-4155,68 $;5,68 $;-4534,88 $;-4155,68 $;0,00%;-4155,68 $;0,00 $;-4155,68 $;0,00 $;-4155,68 $;70,00;4150,00 $;175,00 $;4330,68 $;0,09%;
16/10/2025;1;89534,04 $;-1620,68 $;0,00 $;-1620,68 $;5,68 $;-6155,56 $;-1620,68 $;0,00%;-1620,68 $;0,00 $;-1620,68 $;0,00 $;-1620,68 $;25,00;1615,00 $;480,00 $;2100,68 $;0,09%;
17/10/2025;1;92018,36 $;2484,32 $;2484,32 $;0,00 $;5,68 $;-3671,24 $;0,00 $;100,00%;2484,32 $;2484,32 $;0,00 $;2484,32 $;0,00 $;385,00;4680,00 $;2935,00 $;450,68 $;0,09%;
20/10/2025;1;92572,68 $;554,32 $;554,32 $;0,00 $;5,68 $;-3116,92 $;0,00 $;100,00%;554,32 $;554,32 $;0,00 $;554,32 $;0,00 $;35,00;140,00 $;560,00 $;5,68 $;0,09%;
21/10/2025;1;91242,00 $;-1330,68 $;0,00 $;-1330,68 $;5,68 $;-4447,60 $;-1330,68 $;0,00%;-1330,68 $;0,00 $;-1330,68 $;0,00 $;-1330,68 $;290,00;2055,00 $;340,00 $;1670,68 $;0,09%;
23/10/2025;1;93341,32 $;2099,32 $;2099,32 $;0,00 $;5,68 $;-2348,28 $;0,00 $;100,00%;2099,32 $;2099,32 $;0,00 $;2099,32 $;0,00 $;340,00;1065,00 $;2465,00 $;365,68 $;0,09%;
24/10/2025;1;92500,64 $;-840,68 $;0,00 $;-840,68 $;5,68 $;-3188,96 $;-840,68 $;0,00%;-840,68 $;0,00 $;-840,68 $;0,00 $;-840,68 $;225,00;1090,00 $;375,00 $;1215,68 $;0,09%;
27/10/2025;1;93659,96 $;1159,32 $;1159,32 $;0,00 $;5,68 $;-2029,64 $;0,00 $;100,00%;1159,32 $;1159,32 $;0,00 $;1159,32 $;0,00 $;215,00;210,00 $;1165,00 $;5,68 $;0,09%;
