Period;#;Cum. net profit;Net profit;Gross profit;Gross loss;Commission;Cum. max. drawdown;Max. drawdown;% Win;Avg. trade;Avg. winner;Avg. loser;Lrg. winner;Lrg. loser;MTR;Avg. MAE;Avg. MFE;Avg. ETD;% Trade;
04/01/2019;1;784,32 $;784,32 $;784,32 $;0,00 $;5,68 $;0,00 $;0,00 $;100,00%;784,32 $;784,32 $;0,00 $;784,32 $;0,00 $;15,00;640,00 $;790,00 $;5,68 $;0,09%;
07/01/2019;1;1373,64 $;589,32 $;589,32 $;0,00 $;5,68 $;0,00 $;0,00 $;100,00%;589,32 $;589,32 $;0,00 $;589,32 $;0,00 $;60,00;130,00 $;595,00 $;5,68 $;0,09%;
09/01/2019;1;622,96 $;-750,68 $;0,00 $;-750,68 $;5,68 $;-750,68 $;-750,68 $;0,00%;-750,68 $;0,00 $;-750,68 $;0,00 $;-750,68 $;35,00;745,00 $;130,00 $;880,68 $;0,09%;
10/01/2019;1;1007,28 $;384,32 $;384,32 $;0,00 $;5,68 $;-366,36 $;0,00 $;100,00%;384,32 $;384,32 $;0,00 $;384,32 $;0,00 $;30,00;155,00 $;390,00 $;5,68 $;0,09%;
11/01/2019;1;1211,60 $;204,32 $;204,32 $;0,00 $;5,68 $;-162,04 $;0,00 $;100,00%;204,32 $;204,32 $;0,00 $;204,32 $;0,00 $;265,00;465,00 $;230,00 $;25,68 $;0,09%;
14/01/2019;1;835,92 $;-375,68 $;0,00 $;-375,68 $;5,68 $;-537,72 $;-375,68 $;0,00%;-375,68 $;0,00 $;-375,68 $;0,00 $;-375,68 $;375,00;490,00 $;295,00 $;670,68 $;0,09%;
15/01/2019;1;1075,24 $;239,32 $;239,32 $;0,00 $;5,68 $;-298,40 $;0,00 $;100,00%;239,32 $;239,32 $;0,00 $;239,32 $;0,00 $;410,00;745,00 $;455,00 $;215,68 $;0,09%;
17/01/2019;1;1474,56 $;399,32 $;399,32 $;0,00 $;5,68 $;0,00 $;0,00 $;100,00%;399,32 $;399,32 $;0,00 $;399,32 $;0,00 $;270,00;220,00 $;405,00 $;5,68 $;0,09%;
18/01/2019;1;2018,88 $;544,32 $;544,32 $;0,00 $;5,68 $;0,00 $;0,00 $;100,00%;544,32 $;544,32 $;0,00 $;544,32 $;0,00 $;75,00;60,00 $;550,00 $;5,68 $;0,09%;
25/01/2019;1;2183,20 $;164,32 $;164,32 $;0,00 $;5,68 $;0,00 $;0,00 $;100,00%;164,32 $;164,32 $;0,00 $;164,32 $;0,00 $;30,00;235,00 $;170,00 $;5,68 $;0,09%;
30/01/2019;1;2382,52 $;199,32 $;199,32 $;0,00 $;5,68 $;0,00 $;0,00 $;100,00%;199,32 $;199,32 $;0,00 $;199,32 $;0,00 $;95,00;215,00 $;205,00 $;5,68 $;0,09%;
31/01/2019;1;2586,84 $;204,32 $;204,32 $;0,00 $;5,68 $;0,00 $;0,00 $;100,00%;204,32 $;204,32 $;0,00 $;204,32 $;0,00 $;10,00;140,00 $;210,00 $;5,68 $;0,09%;
01/02/2019;1;1496,16 $;-1090,68 $;0,00 $;-1090,68 $;5,68 $;-1090,68 $;-1090,68 $;0,00%;-1090,68 $;0,00 $;-1090,68 $;0,00 $;-1090,68 $;200,00;1085,00 $;25,00 $;1115,68 $;0,09%;
04/02/2019;1;2275,48 $;779,32 $;779,32 $;0,00 $;5,68 $;-311,36 $;0,00 $;100,00%;779,32 $;779,32 $;0,00 $;779,32 $;0,00 $;55,00;30,00 $;785,00 $;5,68 $;0,09%;
05/02/2019;1;2214,80 $;-60,68 $;0,00 $;-60,68 $;5,68 $;-372,04 $;-60,68 $;0,00%;-60,68 $;0,00 $;-60,68 $;0,00 $;-60,68 $;375,00;670,00 $;370,00 $;430,68 $;0,09%;
07/02/2019;1;1419,12 $;-795,68 $;0,00 $;-795,68 $;5,68 $;-1167,72 $;-795,68 $;0,00%;-795,68 $;0,00 $;-795,68 $;0,00 $;-795,68 $;15,00;790,00 $;25,00 $;820,68 $;0,09%;
08/02/2019;1;1923,44 $;504,32 $;504,32 $;0,00 $;5,68 $;-663,40 $;0,00 $;100,00%;504,32 $;504,32 $;0,00 $;504,32 $;0,00 $;70,00;115,00 $;510,00 $;5,68 $;0,09%;
12/02/2019;1;2597,76 $;674,32 $;674,32 $;0,00 $;5,68 $;0,00 $;0,00 $;100,00%;674,32 $;674,32 $;0,00 $;674,32 $;0,00 $;245,00;130,00 $;680,00 $;5,68 $;0,09%;
14/02/2019;1;2982,08 $;384,32 $;384,32 $;0,00 $;5,68 $;0,00 $;0,00 $;100,00%;384,32 $;384,32 $;0,00 $;384,32 $;0,00 $;125,00;430,00 $;390,00 $;5,68 $;0,09%;
18/02/2019;1;3056,40 $;74,32 $;74,32 $;0,00 $;5,68 $;0,00 $;0,00 $;100,00%;74,32 $;74,32 $;0,00 $;74,32 $;0,00 $;30,00;10,00 $;80,00 $;5,68 $;0,09%;
19/02/2019;1;3070,72 $;14,32 $;14,32 $;0,00 $;5,68 $;0,00 $;0,00 $;100,00%;14,32 $;14,32 $;0,00 $;14,32 $;0,00 $;405,00;135,00 $;545,00 $;530,68 $;0,09%;
20/02/2019;1;2555,04 $;-515,68 $;0,00 $;-515,68 $;5,68 $;-515,68 $;-515,68 $;0,00%;-515,68 $;0,00 $;-515,68 $;0,00 $;-515,68 $;85,00;510,00 $;95,00 $;610,68 $;0,09%;
21/02/2019;1;1539,36 $;-1015,68 $;0,00 $;-1015,68 $;5,68 $;-1531,36 $;-1015,68 $;0,00%;-1015,68 $;0,00 $;-1015,68 $;0,00 $;-1015,68 $;105,00;1010,00 $;35,00 $;1050,68 $;0,09%;
22/02/2019;1;1928,68 $;389,32 $;389,32 $;0,00 $;5,68 $;-1142,04 $;0,00 $;100,00%;389,32 $;389,32 $;0,00 $;389,32 $;0,00 $;65,00;200,00 $;395,00 $;5,68 $;0,09%;
26/02/2019;1;2193,00 $;264,32 $;264,32 $;0,00 $;5,68 $;-877,72 $;0,00 $;100,00%;264,32 $;264,32 $;0,00 $;264,32 $;0,00 $;285,00;560,00 $;270,00 $;5,68 $;0,09%;
27/02/2019;1;2287,32 $;94,32 $;94,32 $;0,00 $;5,68 $;-783,40 $;0,00 $;100,00%;94,32 $;94,32 $;0,00 $;94,32 $;0,00 $;150,00;195,00 $;260,00 $;165,68 $;0,09%;
28/02/2019;1;1916,64 $;-370,68 $;0,00 $;-370,68 $;5,68 $;-1154,08 $;-370,68 $;0,00%;-370,68 $;0,00 $;-370,68 $;0,00 $;-370,68 $;265,00;690,00 $;40,00 $;410,68 $;0,09%;
05/03/2019;1;1790,96 $;-125,68 $;0,00 $;-125,68 $;5,68 $;-1279,76 $;-125,68 $;0,00%;-125,68 $;0,00 $;-125,68 $;0,00 $;-125,68 $;320,00;185,00 $;345,00 $;470,68 $;0,09%;
08/03/2019;1;2220,28 $;429,32 $;429,32 $;0,00 $;5,68 $;-850,44 $;0,00 $;100,00%;429,32 $;429,32 $;0,00 $;429,32 $;0,00 $;235,00;550,00 $;435,00 $;5,68 $;0,09%;
11/03/2019;1;3064,60 $;844,32 $;844,32 $;0,00 $;5,68 $;-6,12 $;0,00 $;100,00%;844,32 $;844,32 $;0,00 $;844,32 $;0,00 $;85,00;10,00 $;850,00 $;5,68 $;0,09%;
12/03/2019;1;3333,92 $;269,32 $;269,32 $;0,00 $;5,68 $;0,00 $;0,00 $;100,00%;269,32 $;269,32 $;0,00 $;269,32 $;0,00 $;65,00;290,00 $;275,00 $;5,68 $;0,09%;
13/03/2019;1;3608,24 $;274,32 $;274,32 $;0,00 $;5,68 $;0,00 $;0,00 $;100,00%;274,32 $;274,32 $;0,00 $;274,32 $;0,00 $;45,00;170,00 $;280,00 $;5,68 $;0,09%;
15/03/2019;1;4187,56 $;579,32 $;579,32 $;0,00 $;5,68 $;0,00 $;0,00 $;100,00%;579,32 $;579,32 $;0,00 $;579,32 $;0,00 $;125,00;240,00 $;585,00 $;5,68 $;0,09%;
18/03/2019;1;3486,88 $;-700,68 $;0,00 $;-700,68 $;5,68 $;-700,68 $;-700,68 $;0,00%;-700,68 $;0,00 $;-700,68 $;0,00 $;-700,68 $;85,00;695,00 $;195,00 $;895,68 $;0,09%;
19/03/2019;1;2766,20 $;-720,68 $;0,00 $;-720,68 $;5,68 $;-1421,36 $;-720,68 $;0,00%;-720,68 $;0,00 $;-720,68 $;0,00 $;-720,68 $;45,00;715,00 $;205,00 $;925,68 $;0,09%;
20/03/2019;1;2195,52 $;-570,68 $;0,00 $;-570,68 $;5,68 $;-1992,04 $;-570,68 $;0,00%;-570,68 $;0,00 $;-570,68 $;0,00 $;-570,68 $;45,00;565,00 $;20,00 $;590,68 $;0,09%;
21/03/2019;1;3314,84 $;1119,32 $;1119,32 $;0,00 $;5,68 $;-872,72 $;0,00 $;100,00%;1119,32 $;1119,32 $;0,00 $;1119,32 $;0,00 $;190,00;40,00 $;1125,00 $;5,68 $;0,09%;
26/03/2019;1;2524,16 $;-790,68 $;0,00 $;-790,68 $;5,68 $;-1663,40 $;-790,68 $;0,00%;-790,68 $;0,00 $;-790,68 $;0,00 $;-790,68 $;100,00;785,00 $;35,00 $;825,68 $;0,09%;
28/03/2019;1;1748,48 $;-775,68 $;0,00 $;-775,68 $;5,68 $;-2439,08 $;-775,68 $;0,00%;-775,68 $;0,00 $;-775,68 $;0,00 $;-775,68 $;50,00;770,00 $;215,00 $;990,68 $;0,09%;
29/03/2019;1;1797,80 $;49,32 $;49,32 $;0,00 $;5,68 $;-2389,76 $;0,00 $;100,00%;49,32 $;49,32 $;0,00 $;49,32 $;0,00 $;25,00;10,00 $;90,00 $;40,68 $;0,09%;
01/04/2019;1;2092,12 $;294,32 $;294,32 $;0,00 $;5,68 $;-2095,44 $;0,00 $;100,00%;294,32 $;294,32 $;0,00 $;294,32 $;0,00 $;170,00;180,00 $;300,00 $;5,68 $;0,09%;
02/04/2019;1;1716,44 $;-375,68 $;0,00 $;-375,68 $;5,68 $;-2471,12 $;-375,68 $;0,00%;-375,68 $;0,00 $;-375,68 $;0,00 $;-375,68 $;30,00;370,00 $;115,00 $;490,68 $;0,09%;
03/04/2019;1;1940,76 $;224,32 $;224,32 $;0,00 $;5,68 $;-2246,80 $;0,00 $;100,00%;224,32 $;224,32 $;0,00 $;224,32 $;0,00 $;25,00;45,00 $;230,00 $;5,68 $;0,09%;
05/04/2019;1;2110,08 $;169,32 $;169,32 $;0,00 $;5,68 $;-2077,48 $;0,00 $;100,00%;169,32 $;169,32 $;0,00 $;169,32 $;0,00 $;400,00;315,00 $;175,00 $;5,68 $;0,09%;
08/04/2019;1;2629,40 $;519,32 $;519,32 $;0,00 $;5,68 $;-1558,16 $;0,00 $;100,00%;519,32 $;519,32 $;0,00 $;519,32 $;0,00 $;255,00;285,00 $;525,00 $;5,68 $;0,09%;
09/04/2019;1;1948,72 $;-680,68 $;0,00 $;-680,68 $;5,68 $;-2238,84 $;-680,68 $;0,00%;-680,68 $;0,00 $;-680,68 $;0,00 $;-680,68 $;320,00;675,00 $;55,00 $;735,68 $;0,09%;
10/04/2019;1;2273,04 $;324,32 $;324,32 $;0,00 $;5,68 $;-1914,52 $;0,00 $;100,00%;324,32 $;324,32 $;0,00 $;324,32 $;0,00 $;250,00;320,00 $;330,00 $;5,68 $;0,09%;
16/04/2019;1;2272,36 $;-0,68 $;0,00 $;-0,68 $;5,68 $;-1915,20 $;-0,68 $;0,00%;-0,68 $;0,00 $;-0,68 $;0,00 $;-0,68 $;0,00;0,00 $;5,00 $;5,68 $;0,09%;
22/04/2019;1;2531,68 $;259,32 $;259,32 $;0,00 $;5,68 $;-1655,88 $;0,00 $;100,00%;259,32 $;259,32 $;0,00 $;259,32 $;0,00 $;50,00;170,00 $;265,00 $;5,68 $;0,09%;
23/04/2019;1;3096,00 $;564,32 $;564,32 $;0,00 $;5,68 $;-1091,56 $;0,00 $;100,00%;564,32 $;564,32 $;0,00 $;564,32 $;0,00 $;80,00;105,00 $;570,00 $;5,68 $;0,09%;
24/04/2019;1;3095,32 $;-0,68 $;0,00 $;-0,68 $;5,68 $;-1092,24 $;-0,68 $;0,00%;-0,68 $;0,00 $;-0,68 $;0,00 $;-0,68 $;20,00;105,00 $;60,00 $;60,68 $;0,09%;
26/04/2019;1;3274,64 $;179,32 $;179,32 $;0,00 $;5,68 $;-912,92 $;0,00 $;100,00%;179,32 $;179,32 $;0,00 $;179,32 $;0,00 $;100,00;65,00 $;350,00 $;170,68 $;0,09%;
29/04/2019;1;3428,96 $;154,32 $;154,32 $;0,00 $;5,68 $;-758,60 $;0,00 $;100,00%;154,32 $;154,32 $;0,00 $;154,32 $;0,00 $;230,00;320,00 $;160,00 $;5,68 $;0,09%;
30/04/2019;1;3263,28 $;-165,68 $;0,00 $;-165,68 $;5,68 $;-924,28 $;-165,68 $;0,00%;-165,68 $;0,00 $;-165,68 $;0,00 $;-165,68 $;0,00;160,00 $;0,00 $;165,68 $;0,09%;
01/05/2019;1;3582,60 $;319,32 $;319,32 $;0,00 $;5,68 $;-604,96 $;0,00 $;100,00%;319,32 $;319,32 $;0,00 $;319,32 $;0,00 $;15,00;70,00 $;325,00 $;5,68 $;0,09%;
02/05/2019;1;2581,92 $;-1000,68 $;0,00 $;-1000,68 $;5,68 $;-1605,64 $;-1000,68 $;0,00%;-1000,68 $;0,00 $;-1000,68 $;0,00 $;-1000,68 $;65,00;995,00 $;5,00 $;1005,68 $;0,09%;
03/05/2019;1;2771,24 $;189,32 $;189,32 $;0,00 $;5,68 $;-1416,32 $;0,00 $;100,00%;189,32 $;189,32 $;0,00 $;189,32 $;0,00 $;30,00;295,00 $;195,00 $;5,68 $;0,09%;
06/05/2019;1;2365,56 $;-405,68 $;0,00 $;-405,68 $;5,68 $;-1822,00 $;-405,68 $;0,00%;-405,68 $;0,00 $;-405,68 $;0,00 $;-405,68 $;390,00;400,00 $;1170,00 $;1575,68 $;0,09%;
08/05/2019;1;1709,88 $;-655,68 $;0,00 $;-655,68 $;5,68 $;-2477,68 $;-655,68 $;0,00%;-655,68 $;0,00 $;-655,68 $;0,00 $;-655,68 $;345,00;965,00 $;210,00 $;865,68 $;0,09%;
09/05/2019;1;2224,20 $;514,32 $;514,32 $;0,00 $;5,68 $;-1963,36 $;0,00 $;100,00%;514,32 $;514,32 $;0,00 $;514,32 $;0,00 $;60,00;315,00 $;520,00 $;5,68 $;0,09%;
10/05/2019;1;2298,52 $;74,32 $;74,32 $;0,00 $;5,68 $;-1889,04 $;0,00 $;100,00%;74,32 $;74,32 $;0,00 $;74,32 $;0,00 $;0,00;0,00 $;80,00 $;5,68 $;0,09%;
14/05/2019;1;2922,84 $;624,32 $;624,32 $;0,00 $;5,68 $;-1264,72 $;0,00 $;100,00%;624,32 $;624,32 $;0,00 $;624,32 $;0,00 $;65,00;335,00 $;630,00 $;5,68 $;0,09%;
15/05/2019;1;3042,16 $;119,32 $;119,32 $;0,00 $;5,68 $;-1145,40 $;0,00 $;100,00%;119,32 $;119,32 $;0,00 $;119,32 $;0,00 $;0,00;0,00 $;125,00 $;5,68 $;0,09%;
16/05/2019;1;3791,48 $;749,32 $;749,32 $;0,00 $;5,68 $;-396,08 $;0,00 $;100,00%;749,32 $;749,32 $;0,00 $;749,32 $;0,00 $;35,00;80,00 $;755,00 $;5,68 $;0,09%;
17/05/2019;1;2810,80 $;-980,68 $;0,00 $;-980,68 $;5,68 $;-1376,76 $;-980,68 $;0,00%;-980,68 $;0,00 $;-980,68 $;0,00 $;-980,68 $;275,00;975,00 $;1110,00 $;2090,68 $;0,09%;
20/05/2019;1;2350,12 $;-460,68 $;0,00 $;-460,68 $;5,68 $;-1837,44 $;-460,68 $;0,00%;-460,68 $;0,00 $;-460,68 $;0,00 $;-460,68 $;375,00;1330,00 $;160,00 $;620,68 $;0,09%;
21/05/2019;1;2409,44 $;59,32 $;59,32 $;0,00 $;5,68 $;-1778,12 $;0,00 $;100,00%;59,32 $;59,32 $;0,00 $;59,32 $;0,00 $;350,00;285,00 $;520,00 $;460,68 $;0,09%;
22/05/2019;1;1883,76 $;-525,68 $;0,00 $;-525,68 $;5,68 $;-2303,80 $;-525,68 $;0,00%;-525,68 $;0,00 $;-525,68 $;0,00 $;-525,68 $;185,00;520,00 $;545,00 $;1070,68 $;0,09%;
29/05/2019;1;933,08 $;-950,68 $;0,00 $;-950,68 $;5,68 $;-3254,48 $;-950,68 $;0,00%;-950,68 $;0,00 $;-950,68 $;0,00 $;-950,68 $;50,00;945,00 $;55,00 $;1005,68 $;0,09%;
31/05/2019;1;197,40 $;-735,68 $;0,00 $;-735,68 $;5,68 $;-3990,16 $;-735,68 $;0,00%;-735,68 $;0,00 $;-735,68 $;0,00 $;-735,68 $;260,00;730,00 $;260,00 $;995,68 $;0,09%;
04/06/2019;1;516,72 $;319,32 $;319,32 $;0,00 $;5,68 $;-3670,84 $;0,00 $;100,00%;319,32 $;319,32 $;0,00 $;319,32 $;0,00 $;25,00;355,00 $;325,00 $;5,68 $;0,09%;
06/06/2019;1;676,04 $;159,32 $;159,32 $;0,00 $;5,68 $;-3511,52 $;0,00 $;100,00%;159,32 $;159,32 $;0,00 $;159,32 $;0,00 $;30,00;290,00 $;165,00 $;5,68 $;0,09%;
07/06/2019;1;1590,36 $;914,32 $;914,32 $;0,00 $;5,68 $;-2597,20 $;0,00 $;100,00%;914,32 $;914,32 $;0,00 $;914,32 $;0,00 $;30,00;85,00 $;920,00 $;5,68 $;0,09%;
10/06/2019;1;2234,68 $;644,32 $;644,32 $;0,00 $;5,68 $;-1952,88 $;0,00 $;100,00%;644,32 $;644,32 $;0,00 $;644,32 $;0,00 $;80,00;280,00 $;650,00 $;5,68 $;0,09%;
14/06/2019;1;2254,00 $;19,32 $;19,32 $;0,00 $;5,68 $;-1933,56 $;0,00 $;100,00%;19,32 $;19,32 $;0,00 $;19,32 $;0,00 $;355,00;515,00 $;425,00 $;405,68 $;0,09%;
17/06/2019;1;2348,32 $;94,32 $;94,32 $;0,00 $;5,68 $;-1839,24 $;0,00 $;100,00%;94,32 $;94,32 $;0,00 $;94,32 $;0,00 $;410,00;335,00 $;270,00 $;175,68 $;0,09%;
18/06/2019;1;1522,64 $;-825,68 $;0,00 $;-825,68 $;5,68 $;-2664,92 $;-825,68 $;0,00%;-825,68 $;0,00 $;-825,68 $;0,00 $;-825,68 $;365,00;1105,00 $;165,00 $;990,68 $;0,09%;
19/06/2019;1;1491,96 $;-30,68 $;0,00 $;-30,68 $;5,68 $;-2695,60 $;-30,68 $;0,00%;-30,68 $;0,00 $;-30,68 $;0,00 $;-30,68 $;90,00;275,00 $;275,00 $;305,68 $;0,09%;
21/06/2019;1;1906,28 $;414,32 $;414,32 $;0,00 $;5,68 $;-2281,28 $;0,00 $;100,00%;414,32 $;414,32 $;0,00 $;414,32 $;0,00 $;25,00;80,00 $;420,00 $;5,68 $;0,09%;
28/06/2019;1;1945,60 $;39,32 $;39,32 $;0,00 $;5,68 $;-2241,96 $;0,00 $;100,00%;39,32 $;39,32 $;0,00 $;39,32 $;0,00 $;25,00;125,00 $;100,00 $;60,68 $;0,09%;
02/07/2019;1;1374,92 $;-570,68 $;0,00 $;-570,68 $;5,68 $;-2812,64 $;-570,68 $;0,00%;-570,68 $;0,00 $;-570,68 $;0,00 $;-570,68 $;110,00;565,00 $;15,00 $;585,68 $;0,09%;
03/07/2019;1;1544,24 $;169,32 $;169,32 $;0,00 $;5,68 $;-2643,32 $;0,00 $;100,00%;169,32 $;169,32 $;0,00 $;169,32 $;0,00 $;10,00;30,00 $;175,00 $;5,68 $;0,09%;
04/07/2019;1;1593,56 $;49,32 $;49,32 $;0,00 $;5,68 $;-2594,00 $;0,00 $;100,00%;49,32 $;49,32 $;0,00 $;49,32 $;0,00 $;10,00;25,00 $;55,00 $;5,68 $;0,09%;
05/07/2019;1;1892,88 $;299,32 $;299,32 $;0,00 $;5,68 $;-2294,68 $;0,00 $;100,00%;299,32 $;299,32 $;0,00 $;299,32 $;0,00 $;35,00;80,00 $;305,00 $;5,68 $;0,09%;
09/07/2019;1;2467,20 $;574,32 $;574,32 $;0,00 $;5,68 $;-1720,36 $;0,00 $;100,00%;574,32 $;574,32 $;0,00 $;574,32 $;0,00 $;110,00;15,00 $;580,00 $;5,68 $;0,09%;
10/07/2019;1;1411,52 $;-1055,68 $;0,00 $;-1055,68 $;5,68 $;-2776,04 $;-1055,68 $;0,00%;-1055,68 $;0,00 $;-1055,68 $;0,00 $;-1055,68 $;70,00;1050,00 $;25,00 $;1080,68 $;0,09%;
11/07/2019;1;970,84 $;-440,68 $;0,00 $;-440,68 $;5,68 $;-3216,72 $;-440,68 $;0,00%;-440,68 $;0,00 $;-440,68 $;0,00 $;-440,68 $;110,00;435,00 $;125,00 $;565,68 $;0,09%;
12/07/2019;1;1090,16 $;119,32 $;119,32 $;0,00 $;5,68 $;-3097,40 $;0,00 $;100,00%;119,32 $;119,32 $;0,00 $;119,32 $;0,00 $;285,00;130,00 $;305,00 $;185,68 $;0,09%;
15/07/2019;1;1114,48 $;24,32 $;24,32 $;0,00 $;5,68 $;-3073,08 $;0,00 $;100,00%;24,32 $;24,32 $;0,00 $;24,32 $;0,00 $;100,00;30,00 $;195,00 $;170,68 $;0,09%;
18/07/2019;1;1718,80 $;604,32 $;604,32 $;0,00 $;5,68 $;-2468,76 $;0,00 $;100,00%;604,32 $;604,32 $;0,00 $;604,32 $;0,00 $;85,00;140,00 $;610,00 $;5,68 $;0,09%;
22/07/2019;1;2138,12 $;419,32 $;419,32 $;0,00 $;5,68 $;-2049,44 $;0,00 $;100,00%;419,32 $;419,32 $;0,00 $;419,32 $;0,00 $;295,00;505,00 $;425,00 $;5,68 $;0,09%;
23/07/2019;1;1557,44 $;-580,68 $;0,00 $;-580,68 $;5,68 $;-2630,12 $;-580,68 $;0,00%;-580,68 $;0,00 $;-580,68 $;0,00 $;-580,68 $;55,00;575,00 $;415,00 $;995,68 $;0,09%;
24/07/2019;1;1901,76 $;344,32 $;344,32 $;0,00 $;5,68 $;-2285,80 $;0,00 $;100,00%;344,32 $;344,32 $;0,00 $;344,32 $;0,00 $;260,00;475,00 $;350,00 $;5,68 $;0,09%;
26/07/2019;1;1516,08 $;-385,68 $;0,00 $;-385,68 $;5,68 $;-2671,48 $;-385,68 $;0,00%;-385,68 $;0,00 $;-385,68 $;0,00 $;-385,68 $;105,00;380,00 $;130,00 $;515,68 $;0,09%;
30/07/2019;1;1930,40 $;414,32 $;414,32 $;0,00 $;5,68 $;-2257,16 $;0,00 $;100,00%;414,32 $;414,32 $;0,00 $;414,32 $;0,00 $;335,00;360,00 $;595,00 $;180,68 $;0,09%;
01/08/2019;1;2784,72 $;854,32 $;854,32 $;0,00 $;5,68 $;-1402,84 $;0,00 $;100,00%;854,32 $;854,32 $;0,00 $;854,32 $;0,00 $;30,00;30,00 $;860,00 $;5,68 $;0,09%;
06/08/2019;1;2369,04 $;-415,68 $;0,00 $;-415,68 $;5,68 $;-1818,52 $;-415,68 $;0,00%;-415,68 $;0,00 $;-415,68 $;0,00 $;-415,68 $;145,00;565,00 $;215,00 $;630,68 $;0,09%;
07/08/2019;1;3848,36 $;1479,32 $;1479,32 $;0,00 $;5,68 $;-339,20 $;0,00 $;100,00%;1479,32 $;1479,32 $;0,00 $;1479,32 $;0,00 $;195,00;345,00 $;1485,00 $;5,68 $;0,09%;
08/08/2019;1;4307,68 $;459,32 $;459,32 $;0,00 $;5,68 $;0,00 $;0,00 $;100,00%;459,32 $;459,32 $;0,00 $;459,32 $;0,00 $;25,00;160,00 $;465,00 $;5,68 $;0,09%;
13/08/2019;1;3782,00 $;-525,68 $;0,00 $;-525,68 $;5,68 $;-525,68 $;-525,68 $;0,00%;-525,68 $;0,00 $;-525,68 $;0,00 $;-525,68 $;385,00;1665,00 $;100,00 $;625,68 $;0,09%;
16/08/2019;1;4281,32 $;499,32 $;499,32 $;0,00 $;5,68 $;-26,36 $;0,00 $;100,00%;499,32 $;499,32 $;0,00 $;499,32 $;0,00 $;10,00;15,00 $;505,00 $;5,68 $;0,09%;
20/08/2019;1;3360,64 $;-920,68 $;0,00 $;-920,68 $;5,68 $;-947,04 $;-920,68 $;0,00%;-920,68 $;0,00 $;-920,68 $;0,00 $;-920,68 $;190,00;915,00 $;225,00 $;1145,68 $;0,09%;
23/08/2019;1;3794,96 $;434,32 $;434,32 $;0,00 $;5,68 $;-512,72 $;0,00 $;100,00%;434,32 $;434,32 $;0,00 $;434,32 $;0,00 $;10,00;255,00 $;440,00 $;5,68 $;0,09%;
26/08/2019;1;4239,28 $;444,32 $;444,32 $;0,00 $;5,68 $;-68,40 $;0,00 $;100,00%;444,32 $;444,32 $;0,00 $;444,32 $;0,00 $;260,00;500,00 $;685,00 $;240,68 $;0,09%;
28/08/2019;1;5318,60 $;1079,32 $;1079,32 $;0,00 $;5,68 $;0,00 $;0,00 $;100,00%;1079,32 $;1079,32 $;0,00 $;1079,32 $;0,00 $;295,00;100,00 $;1085,00 $;5,68 $;0,09%;
29/08/2019;1;4887,92 $;-430,68 $;0,00 $;-430,68 $;5,68 $;-430,68 $;-430,68 $;0,00%;-430,68 $;0,00 $;-430,68 $;0,00 $;-430,68 $;170,00;595,00 $;50,00 $;480,68 $;0,09%;
02/09/2019;1;4352,24 $;-535,68 $;0,00 $;-535,68 $;5,68 $;-966,36 $;-535,68 $;0,00%;-535,68 $;0,00 $;-535,68 $;0,00 $;-535,68 $;70,00;530,00 $;85,00 $;620,68 $;0,09%;
04/09/2019;1;4536,56 $;184,32 $;184,32 $;0,00 $;5,68 $;-782,04 $;0,00 $;100,00%;184,32 $;184,32 $;0,00 $;184,32 $;0,00 $;235,00;255,00 $;330,00 $;145,68 $;0,09%;
05/09/2019;1;5055,88 $;519,32 $;519,32 $;0,00 $;5,68 $;-262,72 $;0,00 $;100,00%;519,32 $;519,32 $;0,00 $;519,32 $;0,00 $;10,00;70,00 $;525,00 $;5,68 $;0,09%;
10/09/2019;1;5355,20 $;299,32 $;299,32 $;0,00 $;5,68 $;0,00 $;0,00 $;100,00%;299,32 $;299,32 $;0,00 $;299,32 $;0,00 $;235,00;875,00 $;330,00 $;30,68 $;0,09%;
11/09/2019;1;5989,52 $;634,32 $;634,32 $;0,00 $;5,68 $;0,00 $;0,00 $;100,00%;634,32 $;634,32 $;0,00 $;634,32 $;0,00 $;370,00;155,00 $;640,00 $;5,68 $;0,09%;
12/09/2019;1;4818,84 $;-1170,68 $;0,00 $;-1170,68 $;5,68 $;-1170,68 $;-1170,68 $;0,00%;-1170,68 $;0,00 $;-1170,68 $;0,00 $;-1170,68 $;385,00;1165,00 $;80,00 $;1250,68 $;0,09%;
13/09/2019;1;4258,16 $;-560,68 $;0,00 $;-560,68 $;5,68 $;-1731,36 $;-560,68 $;0,00%;-560,68 $;0,00 $;-560,68 $;0,00 $;-560,68 $;160,00;555,00 $;280,00 $;840,68 $;0,09%;
16/09/2019;1;3657,48 $;-600,68 $;0,00 $;-600,68 $;5,68 $;-2332,04 $;-600,68 $;0,00%;-600,68 $;0,00 $;-600,68 $;0,00 $;-600,68 $;110,00;595,00 $;190,00 $;790,68 $;0,09%;
17/09/2019;1;3846,80 $;189,32 $;189,32 $;0,00 $;5,68 $;-2142,72 $;0,00 $;100,00%;189,32 $;189,32 $;0,00 $;189,32 $;0,00 $;75,00;25,00 $;295,00 $;105,68 $;0,09%;
18/09/2019;1;4171,12 $;324,32 $;324,32 $;0,00 $;5,68 $;-1818,40 $;0,00 $;100,00%;324,32 $;324,32 $;0,00 $;324,32 $;0,00 $;10,00;55,00 $;330,00 $;5,68 $;0,09%;
19/09/2019;1;3310,44 $;-860,68 $;0,00 $;-860,68 $;5,68 $;-2679,08 $;-860,68 $;0,00%;-860,68 $;0,00 $;-860,68 $;0,00 $;-860,68 $;100,00;855,00 $;140,00 $;1000,68 $;0,09%;
23/09/2019;1;3704,76 $;394,32 $;394,32 $;0,00 $;5,68 $;-2284,76 $;0,00 $;100,00%;394,32 $;394,32 $;0,00 $;394,32 $;0,00 $;305,00;195,00 $;425,00 $;30,68 $;0,09%;
25/09/2019;1;4229,08 $;524,32 $;524,32 $;0,00 $;5,68 $;-1760,44 $;0,00 $;100,00%;524,32 $;524,32 $;0,00 $;524,32 $;0,00 $;125,00;220,00 $;530,00 $;5,68 $;0,09%;
30/09/2019;1;4673,40 $;444,32 $;444,32 $;0,00 $;5,68 $;-1316,12 $;0,00 $;100,00%;444,32 $;444,32 $;0,00 $;444,32 $;0,00 $;95,00;230,00 $;450,00 $;5,68 $;0,09%;
03/10/2019;1;4772,72 $;99,32 $;99,32 $;0,00 $;5,68 $;-1216,80 $;0,00 $;100,00%;99,32 $;99,32 $;0,00 $;99,32 $;0,00 $;65,00;675,00 $;105,00 $;5,68 $;0,09%;
04/10/2019;1;5337,04 $;564,32 $;564,32 $;0,00 $;5,68 $;-652,48 $;0,00 $;100,00%;564,32 $;564,32 $;0,00 $;564,32 $;0,00 $;100,00;515,00 $;570,00 $;5,68 $;0,09%;
07/10/2019;1;6066,36 $;729,32 $;729,32 $;0,00 $;5,68 $;0,00 $;0,00 $;100,00%;729,32 $;729,32 $;0,00 $;729,32 $;0,00 $;170,00;30,00 $;735,00 $;5,68 $;0,09%;
08/10/2019;1;4785,68 $;-1280,68 $;0,00 $;-1280,68 $;5,68 $;-1280,68 $;-1280,68 $;0,00%;-1280,68 $;0,00 $;-1280,68 $;0,00 $;-1280,68 $;5,00;1275,00 $;25,00 $;1305,68 $;0,09%;
09/10/2019;1;5350,00 $;564,32 $;564,32 $;0,00 $;5,68 $;-716,36 $;0,00 $;100,00%;564,32 $;564,32 $;0,00 $;564,32 $;0,00 $;170,00;55,00 $;570,00 $;5,68 $;0,09%;
10/10/2019;1;5639,32 $;289,32 $;289,32 $;0,00 $;5,68 $;-427,04 $;0,00 $;100,00%;289,32 $;289,32 $;0,00 $;289,32 $;0,00 $;45,00;170,00 $;295,00 $;5,68 $;0,09%;
11/10/2019;1;4758,64 $;-880,68 $;0,00 $;-880,68 $;5,68 $;-1307,72 $;-880,68 $;0,00%;-880,68 $;0,00 $;-880,68 $;0,00 $;-880,68 $;110,00;875,00 $;510,00 $;1390,68 $;0,09%;
14/10/2019;1;4562,96 $;-195,68 $;0,00 $;-195,68 $;5,68 $;-1503,40 $;-195,68 $;0,00%;-195,68 $;0,00 $;-195,68 $;0,00 $;-195,68 $;365,00;435,00 $;190,00 $;385,68 $;0,09%;
15/10/2019;1;4932,28 $;369,32 $;369,32 $;0,00 $;5,68 $;-1134,08 $;0,00 $;100,00%;369,32 $;369,32 $;0,00 $;369,32 $;0,00 $;15,00;55,00 $;375,00 $;5,68 $;0,09%;
16/10/2019;1;4281,60 $;-650,68 $;0,00 $;-650,68 $;5,68 $;-1784,76 $;-650,68 $;0,00%;-650,68 $;0,00 $;-650,68 $;0,00 $;-650,68 $;120,00;645,00 $;90,00 $;740,68 $;0,09%;
21/10/2019;1;4465,92 $;184,32 $;184,32 $;0,00 $;5,68 $;-1600,44 $;0,00 $;100,00%;184,32 $;184,32 $;0,00 $;184,32 $;0,00 $;255,00;115,00 $;265,00 $;80,68 $;0,09%;
23/10/2019;1;4885,24 $;419,32 $;419,32 $;0,00 $;5,68 $;-1181,12 $;0,00 $;100,00%;419,32 $;419,32 $;0,00 $;419,32 $;0,00 $;325,00;650,00 $;445,00 $;25,68 $;0,09%;
24/10/2019;1;4379,56 $;-505,68 $;0,00 $;-505,68 $;5,68 $;-1686,80 $;-505,68 $;0,00%;-505,68 $;0,00 $;-505,68 $;0,00 $;-505,68 $;35,00;500,00 $;205,00 $;710,68 $;0,09%;
25/10/2019;1;4848,88 $;469,32 $;469,32 $;0,00 $;5,68 $;-1217,48 $;0,00 $;100,00%;469,32 $;469,32 $;0,00 $;469,32 $;0,00 $;15,00;10,00 $;475,00 $;5,68 $;0,09%;
28/10/2019;1;5258,20 $;409,32 $;409,32 $;0,00 $;5,68 $;-808,16 $;0,00 $;100,00%;409,32 $;409,32 $;0,00 $;409,32 $;0,00 $;265,00;135,00 $;415,00 $;5,68 $;0,09%;
30/10/2019;1;5492,52 $;234,32 $;234,32 $;0,00 $;5,68 $;-573,84 $;0,00 $;100,00%;234,32 $;234,32 $;0,00 $;234,32 $;0,00 $;15,00;115,00 $;240,00 $;5,68 $;0,09%;
01/11/2019;1;5491,84 $;-0,68 $;0,00 $;-0,68 $;5,68 $;-574,52 $;-0,68 $;0,00%;-0,68 $;0,00 $;-0,68 $;0,00 $;-0,68 $;0,00;0,00 $;5,00 $;5,68 $;0,09%;
06/11/2019;1;5491,16 $;-0,68 $;0,00 $;-0,68 $;5,68 $;-575,20 $;-0,68 $;0,00%;-0,68 $;0,00 $;-0,68 $;0,00 $;-0,68 $;10,00;30,00 $;35,00 $;35,68 $;0,09%;
07/11/2019;1;4930,48 $;-560,68 $;0,00 $;-560,68 $;5,68 $;-1135,88 $;-560,68 $;0,00%;-560,68 $;0,00 $;-560,68 $;0,00 $;-560,68 $;250,00;555,00 $;415,00 $;975,68 $;0,09%;
08/11/2019;1;5409,80 $;479,32 $;479,32 $;0,00 $;5,68 $;-656,56 $;0,00 $;100,00%;479,32 $;479,32 $;0,00 $;479,32 $;0,00 $;285,00;260,00 $;485,00 $;5,68 $;0,09%;
11/11/2019;1;5724,12 $;314,32 $;314,32 $;0,00 $;5,68 $;-342,24 $;0,00 $;100,00%;314,32 $;314,32 $;0,00 $;314,32 $;0,00 $;185,00;40,00 $;320,00 $;5,68 $;0,09%;
12/11/2019;1;5943,44 $;219,32 $;219,32 $;0,00 $;5,68 $;-122,92 $;0,00 $;100,00%;219,32 $;219,32 $;0,00 $;219,32 $;0,00 $;20,00;0,00 $;225,00 $;5,68 $;0,09%;
13/11/2019;1;5977,76 $;34,32 $;34,32 $;0,00 $;5,68 $;-88,60 $;0,00 $;100,00%;34,32 $;34,32 $;0,00 $;34,32 $;0,00 $;365,00;575,00 $;265,00 $;230,68 $;0,09%;
14/11/2019;1;5552,08 $;-425,68 $;0,00 $;-425,68 $;5,68 $;-514,28 $;-425,68 $;0,00%;-425,68 $;0,00 $;-425,68 $;0,00 $;-425,68 $;40,00;420,00 $;70,00 $;495,68 $;0,09%;
15/11/2019;1;5666,40 $;114,32 $;114,32 $;0,00 $;5,68 $;-399,96 $;0,00 $;100,00%;114,32 $;114,32 $;0,00 $;114,32 $;0,00 $;45,00;45,00 $;135,00 $;20,68 $;0,09%;
18/11/2019;1;5960,72 $;294,32 $;294,32 $;0,00 $;5,68 $;-105,64 $;0,00 $;100,00%;294,32 $;294,32 $;0,00 $;294,32 $;0,00 $;310,00;185,00 $;530,00 $;235,68 $;0,09%;
20/11/2019;1;5525,04 $;-435,68 $;0,00 $;-435,68 $;5,68 $;-541,32 $;-435,68 $;0,00%;-435,68 $;0,00 $;-435,68 $;0,00 $;-435,68 $;125,00;430,00 $;200,00 $;635,68 $;0,09%;
25/11/2019;1;6054,36 $;529,32 $;529,32 $;0,00 $;5,68 $;-12,00 $;0,00 $;100,00%;529,32 $;529,32 $;0,00 $;529,32 $;0,00 $;410,00;5,00 $;620,00 $;90,68 $;0,09%;
26/11/2019;1;6303,68 $;249,32 $;249,32 $;0,00 $;5,68 $;0,00 $;0,00 $;100,00%;249,32 $;249,32 $;0,00 $;249,32 $;0,00 $;360,00;165,00 $;300,00 $;50,68 $;0,09%;
27/11/2019;1;6478,00 $;174,32 $;174,32 $;0,00 $;5,68 $;0,00 $;0,00 $;100,00%;174,32 $;174,32 $;0,00 $;174,32 $;0,00 $;30,00;5,00 $;180,00 $;5,68 $;0,09%;
28/11/2019;1;6497,32 $;19,32 $;19,32 $;0,00 $;5,68 $;0,00 $;0,00 $;100,00%;19,32 $;19,32 $;0,00 $;19,32 $;0,00 $;20,00;5,00 $;25,00 $;5,68 $;0,09%;
29/11/2019;1;6161,64 $;-335,68 $;0,00 $;-335,68 $;5,68 $;-335,68 $;-335,68 $;0,00%;-335,68 $;0,00 $;-335,68 $;0,00 $;-335,68 $;95,00;330,00 $;50,00 $;385,68 $;0,09%;
03/12/2019;1;6510,96 $;349,32 $;349,32 $;0,00 $;5,68 $;0,00 $;0,00 $;100,00%;349,32 $;349,32 $;0,00 $;349,32 $;0,00 $;195,00;460,00 $;470,00 $;120,68 $;0,09%;
06/12/2019;1;6710,28 $;199,32 $;199,32 $;0,00 $;5,68 $;0,00 $;0,00 $;100,00%;199,32 $;199,32 $;0,00 $;199,32 $;0,00 $;315,00;105,00 $;295,00 $;95,68 $;0,09%;
10/12/2019;1;6459,60 $;-250,68 $;0,00 $;-250,68 $;5,68 $;-250,68 $;-250,68 $;0,00%;-250,68 $;0,00 $;-250,68 $;0,00 $;-250,68 $;395,00;755,00 $;355,00 $;605,68 $;0,09%;
11/12/2019;1;6538,92 $;79,32 $;79,32 $;0,00 $;5,68 $;-171,36 $;0,00 $;100,00%;79,32 $;79,32 $;0,00 $;79,32 $;0,00 $;250,00;450,00 $;85,00 $;5,68 $;0,09%;
12/12/2019;1;6248,24 $;-290,68 $;0,00 $;-290,68 $;5,68 $;-462,04 $;-290,68 $;0,00%;-290,68 $;0,00 $;-290,68 $;0,00 $;-290,68 $;400,00;1680,00 $;205,00 $;495,68 $;0,09%;
13/12/2019;1;6097,56 $;-150,68 $;0,00 $;-150,68 $;5,68 $;-612,72 $;-150,68 $;0,00%;-150,68 $;0,00 $;-150,68 $;0,00 $;-150,68 $;0,00;145,00 $;0,00 $;150,68 $;0,09%;
16/12/2019;1;5996,88 $;-100,68 $;0,00 $;-100,68 $;5,68 $;-713,40 $;-100,68 $;0,00%;-100,68 $;0,00 $;-100,68 $;0,00 $;-100,68 $;385,00;240,00 $;105,00 $;205,68 $;0,09%;
18/12/2019;1;5591,20 $;-405,68 $;0,00 $;-405,68 $;5,68 $;-1119,08 $;-405,68 $;0,00%;-405,68 $;0,00 $;-405,68 $;0,00 $;-405,68 $;265,00;400,00 $;125,00 $;530,68 $;0,09%;
19/12/2019;1;5935,52 $;344,32 $;344,32 $;0,00 $;5,68 $;-774,76 $;0,00 $;100,00%;344,32 $;344,32 $;0,00 $;344,32 $;0,00 $;35,00;45,00 $;350,00 $;5,68 $;0,09%;
20/12/2019;1;5874,84 $;-60,68 $;0,00 $;-60,68 $;5,68 $;-835,44 $;-60,68 $;0,00%;-60,68 $;0,00 $;-60,68 $;0,00 $;-60,68 $;205,00;385,00 $;70,00 $;130,68 $;0,09%;
26/12/2019;1;6299,16 $;424,32 $;424,32 $;0,00 $;5,68 $;-411,12 $;0,00 $;100,00%;424,32 $;424,32 $;0,00 $;424,32 $;0,00 $;165,00;25,00 $;430,00 $;5,68 $;0,09%;
31/12/2019;1;6453,48 $;154,32 $;154,32 $;0,00 $;5,68 $;-256,80 $;0,00 $;100,00%;154,32 $;154,32 $;0,00 $;154,32 $;0,00 $;50,00;55,00 $;165,00 $;10,68 $;0,09%;
02/01/2020;1;7112,80 $;659,32 $;659,32 $;0,00 $;5,68 $;0,00 $;0,00 $;100,00%;659,32 $;659,32 $;0,00 $;659,32 $;0,00 $;85,00;30,00 $;665,00 $;5,68 $;0,09%;
03/01/2020;1;6482,12 $;-630,68 $;0,00 $;-630,68 $;5,68 $;-630,68 $;-630,68 $;0,00%;-630,68 $;0,00 $;-630,68 $;0,00 $;-630,68 $;280,00;755,00 $;375,00 $;1005,68 $;0,09%;
06/01/2020;1;7486,44 $;1004,32 $;1004,32 $;0,00 $;5,68 $;0,00 $;0,00 $;100,00%;1004,32 $;1004,32 $;0,00 $;1004,32 $;0,00 $;315,00;0,00 $;1010,00 $;5,68 $;0,09%;
07/01/2020;1;6520,76 $;-965,68 $;0,00 $;-965,68 $;5,68 $;-965,68 $;-965,68 $;0,00%;-965,68 $;0,00 $;-965,68 $;0,00 $;-965,68 $;315,00;960,00 $;115,00 $;1080,68 $;0,09%;
08/01/2020;1;7175,08 $;654,32 $;654,32 $;0,00 $;5,68 $;-311,36 $;0,00 $;100,00%;654,32 $;654,32 $;0,00 $;654,32 $;0,00 $;95,00;700,00 $;660,00 $;5,68 $;0,09%;
13/01/2020;1;7644,40 $;469,32 $;469,32 $;0,00 $;5,68 $;0,00 $;0,00 $;100,00%;469,32 $;469,32 $;0,00 $;469,32 $;0,00 $;105,00;215,00 $;475,00 $;5,68 $;0,09%;
14/01/2020;1;6973,72 $;-670,68 $;0,00 $;-670,68 $;5,68 $;-670,68 $;-670,68 $;0,00%;-670,68 $;0,00 $;-670,68 $;0,00 $;-670,68 $;70,00;665,00 $;195,00 $;865,68 $;0,09%;
15/01/2020;1;6368,04 $;-605,68 $;0,00 $;-605,68 $;5,68 $;-1276,36 $;-605,68 $;0,00%;-605,68 $;0,00 $;-605,68 $;0,00 $;-605,68 $;205,00;600,00 $;300,00 $;905,68 $;0,09%;
16/01/2020;1;6442,36 $;74,32 $;74,32 $;0,00 $;5,68 $;-1202,04 $;0,00 $;100,00%;74,32 $;74,32 $;0,00 $;74,32 $;0,00 $;60,00;130,00 $;115,00 $;40,68 $;0,09%;
17/01/2020;1;6306,68 $;-135,68 $;0,00 $;-135,68 $;5,68 $;-1337,72 $;-135,68 $;0,00%;-135,68 $;0,00 $;-135,68 $;0,00 $;-135,68 $;50,00;185,00 $;25,00 $;160,68 $;0,09%;
20/01/2020;1;6341,00 $;34,32 $;34,32 $;0,00 $;5,68 $;-1303,40 $;0,00 $;100,00%;34,32 $;34,32 $;0,00 $;34,32 $;0,00 $;60,00;20,00 $;65,00 $;30,68 $;0,09%;
21/01/2020;1;6675,32 $;334,32 $;334,32 $;0,00 $;5,68 $;-969,08 $;0,00 $;100,00%;334,32 $;334,32 $;0,00 $;334,32 $;0,00 $;65,00;290,00 $;340,00 $;5,68 $;0,09%;
22/01/2020;1;5934,64 $;-740,68 $;0,00 $;-740,68 $;5,68 $;-1709,76 $;-740,68 $;0,00%;-740,68 $;0,00 $;-740,68 $;0,00 $;-740,68 $;265,00;735,00 $;115,00 $;855,68 $;0,09%;
23/01/2020;1;6858,96 $;924,32 $;924,32 $;0,00 $;5,68 $;-785,44 $;0,00 $;100,00%;924,32 $;924,32 $;0,00 $;924,32 $;0,00 $;320,00;560,00 $;930,00 $;5,68 $;0,09%;
27/01/2020;1;6073,28 $;-785,68 $;0,00 $;-785,68 $;5,68 $;-1571,12 $;-785,68 $;0,00%;-785,68 $;0,00 $;-785,68 $;0,00 $;-785,68 $;270,00;990,00 $;240,00 $;1025,68 $;0,09%;
28/01/2020;1;6397,60 $;324,32 $;324,32 $;0,00 $;5,68 $;-1246,80 $;0,00 $;100,00%;324,32 $;324,32 $;0,00 $;324,32 $;0,00 $;40,00;90,00 $;330,00 $;5,68 $;0,09%;
30/01/2020;1;7481,92 $;1084,32 $;1084,32 $;0,00 $;5,68 $;-162,48 $;0,00 $;100,00%;1084,32 $;1084,32 $;0,00 $;1084,32 $;0,00 $;15,00;70,00 $;1090,00 $;5,68 $;0,09%;
03/02/2020;1;6706,24 $;-775,68 $;0,00 $;-775,68 $;5,68 $;-938,16 $;-775,68 $;0,00%;-775,68 $;0,00 $;-775,68 $;0,00 $;-775,68 $;410,00;1105,00 $;235,00 $;1010,68 $;0,09%;
04/02/2020;1;7305,56 $;599,32 $;599,32 $;0,00 $;5,68 $;-338,84 $;0,00 $;100,00%;599,32 $;599,32 $;0,00 $;599,32 $;0,00 $;50,00;175,00 $;605,00 $;5,68 $;0,09%;
06/02/2020;1;8219,88 $;914,32 $;914,32 $;0,00 $;5,68 $;0,00 $;0,00 $;100,00%;914,32 $;914,32 $;0,00 $;914,32 $;0,00 $;345,00;350,00 $;920,00 $;5,68 $;0,09%;
07/02/2020;1;8854,20 $;634,32 $;634,32 $;0,00 $;5,68 $;0,00 $;0,00 $;100,00%;634,32 $;634,32 $;0,00 $;634,32 $;0,00 $;40,00;245,00 $;640,00 $;5,68 $;0,09%;
10/02/2020;1;9743,52 $;889,32 $;889,32 $;0,00 $;5,68 $;0,00 $;0,00 $;100,00%;889,32 $;889,32 $;0,00 $;889,32 $;0,00 $;295,00;180,00 $;895,00 $;5,68 $;0,09%;
11/02/2020;1;8767,84 $;-975,68 $;0,00 $;-975,68 $;5,68 $;-975,68 $;-975,68 $;0,00%;-975,68 $;0,00 $;-975,68 $;0,00 $;-975,68 $;215,00;970,00 $;450,00 $;1425,68 $;0,09%;
12/02/2020;1;9052,16 $;284,32 $;284,32 $;0,00 $;5,68 $;-691,36 $;0,00 $;100,00%;284,32 $;284,32 $;0,00 $;284,32 $;0,00 $;315,00;290,00 $;385,00 $;100,68 $;0,09%;
13/02/2020;1;9816,48 $;764,32 $;764,32 $;0,00 $;5,68 $;0,00 $;0,00 $;100,00%;764,32 $;764,32 $;0,00 $;764,32 $;0,00 $;60,00;65,00 $;770,00 $;5,68 $;0,09%;
17/02/2020;1;9825,80 $;9,32 $;9,32 $;0,00 $;5,68 $;0,00 $;0,00 $;100,00%;9,32 $;9,32 $;0,00 $;9,32 $;0,00 $;80,00;75,00 $;70,00 $;60,68 $;0,09%;
18/02/2020;1;10310,12 $;484,32 $;484,32 $;0,00 $;5,68 $;0,00 $;0,00 $;100,00%;484,32 $;484,32 $;0,00 $;484,32 $;0,00 $;410,00;750,00 $;775,00 $;290,68 $;0,09%;
19/02/2020;1;10809,44 $;499,32 $;499,32 $;0,00 $;5,68 $;0,00 $;0,00 $;100,00%;499,32 $;499,32 $;0,00 $;499,32 $;0,00 $;135,00;125,00 $;505,00 $;5,68 $;0,09%;
26/02/2020;1;8003,76 $;-2805,68 $;0,00 $;-2805,68 $;5,68 $;-2805,68 $;-2805,68 $;0,00%;-2805,68 $;0,00 $;-2805,68 $;0,00 $;-2805,68 $;80,00;2800,00 $;140,00 $;2945,68 $;0,09%;
27/02/2020;1;6173,08 $;-1830,68 $;0,00 $;-1830,68 $;5,68 $;-4636,36 $;-1830,68 $;0,00%;-1830,68 $;0,00 $;-1830,68 $;0,00 $;-1830,68 $;100,00;1825,00 $;1925,00 $;3755,68 $;0,09%;
28/02/2020;1;8387,40 $;2214,32 $;2214,32 $;0,00 $;5,68 $;-2422,04 $;0,00 $;100,00%;2214,32 $;2214,32 $;0,00 $;2214,32 $;0,00 $;260,00;3820,00 $;2220,00 $;5,68 $;0,09%;
02/03/2020;1;9516,72 $;1129,32 $;1129,32 $;0,00 $;5,68 $;-1292,72 $;0,00 $;100,00%;1129,32 $;1129,32 $;0,00 $;1129,32 $;0,00 $;25,00;265,00 $;1135,00 $;5,68 $;0,09%;
03/03/2020;1;8201,04 $;-1315,68 $;0,00 $;-1315,68 $;5,68 $;-2608,40 $;-1315,68 $;0,00%;-1315,68 $;0,00 $;-1315,68 $;0,00 $;-1315,68 $;55,00;1310,00 $;1755,00 $;3070,68 $;0,09%;
04/03/2020;1;10610,36 $;2409,32 $;2409,32 $;0,00 $;5,68 $;-199,08 $;0,00 $;100,00%;2409,32 $;2409,32 $;0,00 $;2409,32 $;0,00 $;290,00;1155,00 $;2415,00 $;5,68 $;0,09%;
05/03/2020;1;12179,68 $;1569,32 $;1569,32 $;0,00 $;5,68 $;0,00 $;0,00 $;100,00%;1569,32 $;1569,32 $;0,00 $;1569,32 $;0,00 $;45,00;250,00 $;1575,00 $;5,68 $;0,09%;
06/03/2020;1;13419,00 $;1239,32 $;1239,32 $;0,00 $;5,68 $;0,00 $;0,00 $;100,00%;1239,32 $;1239,32 $;0,00 $;1239,32 $;0,00 $;5,00;255,00 $;1245,00 $;5,68 $;0,09%;
09/03/2020;1;15378,32 $;1959,32 $;1959,32 $;0,00 $;5,68 $;0,00 $;0,00 $;100,00%;1959,32 $;1959,32 $;0,00 $;1959,32 $;0,00 $;0,00;0,00 $;1965,00 $;5,68 $;0,09%;
10/03/2020;1;17717,64 $;2339,32 $;2339,32 $;0,00 $;5,68 $;0,00 $;0,00 $;100,00%;2339,32 $;2339,32 $;0,00 $;2339,32 $;0,00 $;25,00;460,00 $;2345,00 $;5,68 $;0,09%;
12/03/2020;1;18876,96 $;1159,32 $;1159,32 $;0,00 $;5,68 $;0,00 $;0,00 $;100,00%;1159,32 $;1159,32 $;0,00 $;1159,32 $;0,00 $;20,00;520,00 $;1165,00 $;5,68 $;0,09%;
13/03/2020;1;19801,28 $;924,32 $;924,32 $;0,00 $;5,68 $;0,00 $;0,00 $;100,00%;924,32 $;924,32 $;0,00 $;924,32 $;0,00 $;0,00;0,00 $;930,00 $;5,68 $;0,09%;
16/03/2020;1;11550,60 $;-8250,68 $;0,00 $;-8250,68 $;5,68 $;-8250,68 $;-8250,68 $;0,00%;-8250,68 $;0,00 $;-8250,68 $;0,00 $;-8250,68 $;280,00;8245,00 $;1685,00 $;9935,68 $;0,09%;
17/03/2020;1;13064,92 $;1514,32 $;1514,32 $;0,00 $;5,68 $;-6736,36 $;0,00 $;100,00%;1514,32 $;1514,32 $;0,00 $;1514,32 $;0,00 $;45,00;2240,00 $;1520,00 $;5,68 $;0,09%;
18/03/2020;1;6434,24 $;-6630,68 $;0,00 $;-6630,68 $;5,68 $;-13367,04 $;-6630,68 $;0,00%;-6630,68 $;0,00 $;-6630,68 $;0,00 $;-6630,68 $;190,00;6625,00 $;640,00 $;7270,68 $;0,09%;
19/03/2020;1;8178,56 $;1744,32 $;1744,32 $;0,00 $;5,68 $;-11622,72 $;0,00 $;100,00%;1744,32 $;1744,32 $;0,00 $;1744,32 $;0,00 $;5,00;635,00 $;1750,00 $;5,68 $;0,09%;
23/03/2020;1;5217,88 $;-2960,68 $;0,00 $;-2960,68 $;5,68 $;-14583,40 $;-2960,68 $;0,00%;-2960,68 $;0,00 $;-2960,68 $;0,00 $;-2960,68 $;65,00;2955,00 $;1385,00 $;4345,68 $;0,09%;
24/03/2020;1;3257,20 $;-1960,68 $;0,00 $;-1960,68 $;5,68 $;-16544,08 $;-1960,68 $;0,00%;-1960,68 $;0,00 $;-1960,68 $;0,00 $;-1960,68 $;130,00;1955,00 $;2130,00 $;4090,68 $;0,09%;
25/03/2020;1;-678,48 $;-3935,68 $;0,00 $;-3935,68 $;5,68 $;-20479,76 $;-3935,68 $;0,00%;-3935,68 $;0,00 $;-3935,68 $;0,00 $;-3935,68 $;140,00;3930,00 $;1595,00 $;5530,68 $;0,09%;
26/03/2020;1;1420,84 $;2099,32 $;2099,32 $;0,00 $;5,68 $;-18380,44 $;0,00 $;100,00%;2099,32 $;2099,32 $;0,00 $;2099,32 $;0,00 $;140,00;690,00 $;2105,00 $;5,68 $;0,09%;
27/03/2020;1;-1189,84 $;-2610,68 $;0,00 $;-2610,68 $;5,68 $;-20991,12 $;-2610,68 $;0,00%;-2610,68 $;0,00 $;-2610,68 $;0,00 $;-2610,68 $;120,00;2605,00 $;1845,00 $;4455,68 $;0,09%;
30/03/2020;1;-30,52 $;1159,32 $;1159,32 $;0,00 $;5,68 $;-19831,80 $;0,00 $;100,00%;1159,32 $;1159,32 $;0,00 $;1159,32 $;0,00 $;25,00;60,00 $;1165,00 $;5,68 $;0,09%;
31/03/2020;1;-206,20 $;-175,68 $;0,00 $;-175,68 $;5,68 $;-20007,48 $;-175,68 $;0,00%;-175,68 $;0,00 $;-175,68 $;0,00 $;-175,68 $;0,00;170,00 $;0,00 $;175,68 $;0,09%;
01/04/2020;1;-1856,88 $;-1650,68 $;0,00 $;-1650,68 $;5,68 $;-21658,16 $;-1650,68 $;0,00%;-1650,68 $;0,00 $;-1650,68 $;0,00 $;-1650,68 $;85,00;1645,00 $;800,00 $;2450,68 $;0,09%;
02/04/2020;1;-1332,56 $;524,32 $;524,32 $;0,00 $;5,68 $;-21133,84 $;0,00 $;100,00%;524,32 $;524,32 $;0,00 $;524,32 $;0,00 $;320,00;3200,00 $;530,00 $;5,68 $;0,09%;
06/04/2020;1;-718,24 $;614,32 $;614,32 $;0,00 $;5,68 $;-20519,52 $;0,00 $;100,00%;614,32 $;614,32 $;0,00 $;614,32 $;0,00 $;30,00;220,00 $;620,00 $;5,68 $;0,09%;
08/04/2020;1;-93,92 $;624,32 $;624,32 $;0,00 $;5,68 $;-19895,20 $;0,00 $;100,00%;624,32 $;624,32 $;0,00 $;624,32 $;0,00 $;200,00;1295,00 $;630,00 $;5,68 $;0,09%;
13/04/2020;1;1195,40 $;1289,32 $;1289,32 $;0,00 $;5,68 $;-18605,88 $;0,00 $;100,00%;1289,32 $;1289,32 $;0,00 $;1289,32 $;0,00 $;45,00;520,00 $;1295,00 $;5,68 $;0,09%;
14/04/2020;1;3034,72 $;1839,32 $;1839,32 $;0,00 $;5,68 $;-16766,56 $;0,00 $;100,00%;1839,32 $;1839,32 $;0,00 $;1839,32 $;0,00 $;205,00;590,00 $;1845,00 $;5,68 $;0,09%;
15/04/2020;1;4794,04 $;1759,32 $;1759,32 $;0,00 $;5,68 $;-15007,24 $;0,00 $;100,00%;1759,32 $;1759,32 $;0,00 $;1759,32 $;0,00 $;230,00;825,00 $;1765,00 $;5,68 $;0,09%;
16/04/2020;1;5428,36 $;634,32 $;634,32 $;0,00 $;5,68 $;-14372,92 $;0,00 $;100,00%;634,32 $;634,32 $;0,00 $;634,32 $;0,00 $;10,00;45,00 $;640,00 $;5,68 $;0,09%;
20/04/2020;1;6462,68 $;1034,32 $;1034,32 $;0,00 $;5,68 $;-13338,60 $;0,00 $;100,00%;1034,32 $;1034,32 $;0,00 $;1034,32 $;0,00 $;25,00;135,00 $;1040,00 $;5,68 $;0,09%;
22/04/2020;1;7607,00 $;1144,32 $;1144,32 $;0,00 $;5,68 $;-12194,28 $;0,00 $;100,00%;1144,32 $;1144,32 $;0,00 $;1144,32 $;0,00 $;115,00;195,00 $;1150,00 $;5,68 $;0,09%;
23/04/2020;1;5756,32 $;-1850,68 $;0,00 $;-1850,68 $;5,68 $;-14044,96 $;-1850,68 $;0,00%;-1850,68 $;0,00 $;-1850,68 $;0,00 $;-1850,68 $;135,00;1845,00 $;650,00 $;2500,68 $;0,09%;
24/04/2020;1;7055,64 $;1299,32 $;1299,32 $;0,00 $;5,68 $;-12745,64 $;0,00 $;100,00%;1299,32 $;1299,32 $;0,00 $;1299,32 $;0,00 $;145,00;345,00 $;1305,00 $;5,68 $;0,09%;
27/04/2020;1;6279,96 $;-775,68 $;0,00 $;-775,68 $;5,68 $;-13521,32 $;-775,68 $;0,00%;-775,68 $;0,00 $;-775,68 $;0,00 $;-775,68 $;45,00;770,00 $;390,00 $;1165,68 $;0,09%;
29/04/2020;1;6934,28 $;654,32 $;654,32 $;0,00 $;5,68 $;-12867,00 $;0,00 $;100,00%;654,32 $;654,32 $;0,00 $;654,32 $;0,00 $;125,00;335,00 $;660,00 $;5,68 $;0,09%;
01/05/2020;1;5533,60 $;-1400,68 $;0,00 $;-1400,68 $;5,68 $;-14267,68 $;-1400,68 $;0,00%;-1400,68 $;0,00 $;-1400,68 $;0,00 $;-1400,68 $;75,00;1395,00 $;40,00 $;1440,68 $;0,09%;
04/05/2020;1;5327,92 $;-205,68 $;0,00 $;-205,68 $;5,68 $;-14473,36 $;-205,68 $;0,00%;-205,68 $;0,00 $;-205,68 $;0,00 $;-205,68 $;0,00;200,00 $;0,00 $;205,68 $;0,09%;
05/05/2020;1;6147,24 $;819,32 $;819,32 $;0,00 $;5,68 $;-13654,04 $;0,00 $;100,00%;819,32 $;819,32 $;0,00 $;819,32 $;0,00 $;245,00;520,00 $;825,00 $;5,68 $;0,09%;
06/05/2020;1;5016,56 $;-1130,68 $;0,00 $;-1130,68 $;5,68 $;-14784,72 $;-1130,68 $;0,00%;-1130,68 $;0,00 $;-1130,68 $;0,00 $;-1130,68 $;285,00;1125,00 $;565,00 $;1695,68 $;0,09%;
07/05/2020;1;5035,88 $;19,32 $;19,32 $;0,00 $;5,68 $;-14765,40 $;0,00 $;100,00%;19,32 $;19,32 $;0,00 $;19,32 $;0,00 $;225,00;1035,00 $;180,00 $;160,68 $;0,09%;
08/05/2020;1;5770,20 $;734,32 $;734,32 $;0,00 $;5,68 $;-14031,08 $;0,00 $;100,00%;734,32 $;734,32 $;0,00 $;734,32 $;0,00 $;320,00;640,00 $;740,00 $;5,68 $;0,09%;
11/05/2020;1;6919,52 $;1149,32 $;1149,32 $;0,00 $;5,68 $;-12881,76 $;0,00 $;100,00%;1149,32 $;1149,32 $;0,00 $;1149,32 $;0,00 $;170,00;320,00 $;1155,00 $;5,68 $;0,09%;
13/05/2020;1;4718,84 $;-2200,68 $;0,00 $;-2200,68 $;5,68 $;-15082,44 $;-2200,68 $;0,00%;-2200,68 $;0,00 $;-2200,68 $;0,00 $;-2200,68 $;80,00;2195,00 $;1010,00 $;3210,68 $;0,09%;
14/05/2020;1;6033,16 $;1314,32 $;1314,32 $;0,00 $;5,68 $;-13768,12 $;0,00 $;100,00%;1314,32 $;1314,32 $;0,00 $;1314,32 $;0,00 $;130,00;1105,00 $;1320,00 $;5,68 $;0,09%;
15/05/2020;1;7032,48 $;999,32 $;999,32 $;0,00 $;5,68 $;-12768,80 $;0,00 $;100,00%;999,32 $;999,32 $;0,00 $;999,32 $;0,00 $;165,00;1690,00 $;1005,00 $;5,68 $;0,09%;
18/05/2020;1;7516,80 $;484,32 $;484,32 $;0,00 $;5,68 $;-12284,48 $;0,00 $;100,00%;484,32 $;484,32 $;0,00 $;484,32 $;0,00 $;150,00;345,00 $;490,00 $;5,68 $;0,09%;
19/05/2020;1;6116,12 $;-1400,68 $;0,00 $;-1400,68 $;5,68 $;-13685,16 $;-1400,68 $;0,00%;-1400,68 $;0,00 $;-1400,68 $;0,00 $;-1400,68 $;340,00;1395,00 $;660,00 $;2060,68 $;0,09%;
20/05/2020;1;6810,44 $;694,32 $;694,32 $;0,00 $;5,68 $;-12990,84 $;0,00 $;100,00%;694,32 $;694,32 $;0,00 $;694,32 $;0,00 $;90,00;240,00 $;700,00 $;5,68 $;0,09%;
22/05/2020;1;7479,76 $;669,32 $;669,32 $;0,00 $;5,68 $;-12321,52 $;0,00 $;100,00%;669,32 $;669,32 $;0,00 $;669,32 $;0,00 $;270,00;945,00 $;675,00 $;5,68 $;0,09%;
25/05/2020;1;7459,08 $;-20,68 $;0,00 $;-20,68 $;5,68 $;-12342,20 $;-20,68 $;0,00%;-20,68 $;0,00 $;-20,68 $;0,00 $;-20,68 $;90,00;145,00 $;60,00 $;80,68 $;0,09%;
27/05/2020;1;8358,40 $;899,32 $;899,32 $;0,00 $;5,68 $;-11442,88 $;0,00 $;100,00%;899,32 $;899,32 $;0,00 $;899,32 $;0,00 $;110,00;315,00 $;1045,00 $;145,68 $;0,09%;
28/05/2020;1;9627,72 $;1269,32 $;1269,32 $;0,00 $;5,68 $;-10173,56 $;0,00 $;100,00%;1269,32 $;1269,32 $;0,00 $;1269,32 $;0,00 $;120,00;370,00 $;1275,00 $;5,68 $;0,09%;
29/05/2020;1;10387,04 $;759,32 $;759,32 $;0,00 $;5,68 $;-9414,24 $;0,00 $;100,00%;759,32 $;759,32 $;0,00 $;759,32 $;0,00 $;40,00;290,00 $;765,00 $;5,68 $;0,09%;
01/06/2020;1;10971,36 $;584,32 $;584,32 $;0,00 $;5,68 $;-8829,92 $;0,00 $;100,00%;584,32 $;584,32 $;0,00 $;584,32 $;0,00 $;395,00;550,00 $;855,00 $;270,68 $;0,09%;
02/06/2020;1;10295,68 $;-675,68 $;0,00 $;-675,68 $;5,68 $;-9505,60 $;-675,68 $;0,00%;-675,68 $;0,00 $;-675,68 $;0,00 $;-675,68 $;10,00;670,00 $;145,00 $;820,68 $;0,09%;
03/06/2020;1;10020,00 $;-275,68 $;0,00 $;-275,68 $;5,68 $;-9781,28 $;-275,68 $;0,00%;-275,68 $;0,00 $;-275,68 $;0,00 $;-275,68 $;120,00;485,00 $;485,00 $;760,68 $;0,09%;
04/06/2020;1;9094,32 $;-925,68 $;0,00 $;-925,68 $;5,68 $;-10706,96 $;-925,68 $;0,00%;-925,68 $;0,00 $;-925,68 $;0,00 $;-925,68 $;25,00;920,00 $;95,00 $;1020,68 $;0,09%;
05/06/2020;1;9538,64 $;444,32 $;444,32 $;0,00 $;5,68 $;-10262,64 $;0,00 $;100,00%;444,32 $;444,32 $;0,00 $;444,32 $;0,00 $;345,00;195,00 $;1220,00 $;775,68 $;0,09%;
08/06/2020;1;10187,96 $;649,32 $;649,32 $;0,00 $;5,68 $;-9613,32 $;0,00 $;100,00%;649,32 $;649,32 $;0,00 $;649,32 $;0,00 $;115,00;30,00 $;655,00 $;5,68 $;0,09%;
09/06/2020;1;11277,28 $;1089,32 $;1089,32 $;0,00 $;5,68 $;-8524,00 $;0,00 $;100,00%;1089,32 $;1089,32 $;0,00 $;1089,32 $;0,00 $;20,00;15,00 $;1095,00 $;5,68 $;0,09%;
10/06/2020;1;10621,60 $;-655,68 $;0,00 $;-655,68 $;5,68 $;-9179,68 $;-655,68 $;0,00%;-655,68 $;0,00 $;-655,68 $;0,00 $;-655,68 $;40,00;650,00 $;260,00 $;915,68 $;0,09%;
11/06/2020;1;8935,92 $;-1685,68 $;0,00 $;-1685,68 $;5,68 $;-10865,36 $;-1685,68 $;0,00%;-1685,68 $;0,00 $;-1685,68 $;0,00 $;-1685,68 $;35,00;1680,00 $;455,00 $;2140,68 $;0,09%;
15/06/2020;1;9440,24 $;504,32 $;504,32 $;0,00 $;5,68 $;-10361,04 $;0,00 $;100,00%;504,32 $;504,32 $;0,00 $;504,32 $;0,00 $;110,00;1490,00 $;510,00 $;5,68 $;0,09%;
17/06/2020;1;8429,56 $;-1010,68 $;0,00 $;-1010,68 $;5,68 $;-11371,72 $;-1010,68 $;0,00%;-1010,68 $;0,00 $;-1010,68 $;0,00 $;-1010,68 $;155,00;1005,00 $;435,00 $;1445,68 $;0,09%;
18/06/2020;1;7238,88 $;-1190,68 $;0,00 $;-1190,68 $;5,68 $;-12562,40 $;-1190,68 $;0,00%;-1190,68 $;0,00 $;-1190,68 $;0,00 $;-1190,68 $;220,00;1185,00 $;40,00 $;1230,68 $;0,09%;
22/06/2020;1;7178,20 $;-60,68 $;0,00 $;-60,68 $;5,68 $;-12623,08 $;-60,68 $;0,00%;-60,68 $;0,00 $;-60,68 $;0,00 $;-60,68 $;0,00;55,00 $;0,00 $;60,68 $;0,09%;
23/06/2020;1;7697,52 $;519,32 $;519,32 $;0,00 $;5,68 $;-12103,76 $;0,00 $;100,00%;519,32 $;519,32 $;0,00 $;519,32 $;0,00 $;50,00;410,00 $;525,00 $;5,68 $;0,09%;
25/06/2020;1;9216,84 $;1519,32 $;1519,32 $;0,00 $;5,68 $;-10584,44 $;0,00 $;100,00%;1519,32 $;1519,32 $;0,00 $;1519,32 $;0,00 $;265,00;1110,00 $;1715,00 $;195,68 $;0,09%;
29/06/2020;1;11236,16 $;2019,32 $;2019,32 $;0,00 $;5,68 $;-8565,12 $;0,00 $;100,00%;2019,32 $;2019,32 $;0,00 $;2019,32 $;0,00 $;310,00;810,00 $;2025,00 $;5,68 $;0,09%;
30/06/2020;1;12670,48 $;1434,32 $;1434,32 $;0,00 $;5,68 $;-7130,80 $;0,00 $;100,00%;1434,32 $;1434,32 $;0,00 $;1434,32 $;0,00 $;310,00;295,00 $;1440,00 $;5,68 $;0,09%;
01/07/2020;1;13379,80 $;709,32 $;709,32 $;0,00 $;5,68 $;-6421,48 $;0,00 $;100,00%;709,32 $;709,32 $;0,00 $;709,32 $;0,00 $;110,00;515,00 $;715,00 $;5,68 $;0,09%;
06/07/2020;1;13549,12 $;169,32 $;169,32 $;0,00 $;5,68 $;-6252,16 $;0,00 $;100,00%;169,32 $;169,32 $;0,00 $;169,32 $;0,00 $;5,00;315,00 $;175,00 $;5,68 $;0,09%;
07/07/2020;1;11458,44 $;-2090,68 $;0,00 $;-2090,68 $;5,68 $;-8342,84 $;-2090,68 $;0,00%;-2090,68 $;0,00 $;-2090,68 $;0,00 $;-2090,68 $;280,00;2085,00 $;665,00 $;2755,68 $;0,09%;
08/07/2020;1;10107,76 $;-1350,68 $;0,00 $;-1350,68 $;5,68 $;-9693,52 $;-1350,68 $;0,00%;-1350,68 $;0,00 $;-1350,68 $;0,00 $;-1350,68 $;55,00;1345,00 $;25,00 $;1375,68 $;0,09%;
09/07/2020;1;9207,08 $;-900,68 $;0,00 $;-900,68 $;5,68 $;-10594,20 $;-900,68 $;0,00%;-900,68 $;0,00 $;-900,68 $;0,00 $;-900,68 $;100,00;1585,00 $;110,00 $;1010,68 $;0,09%;
10/07/2020;1;10901,40 $;1694,32 $;1694,32 $;0,00 $;5,68 $;-8899,88 $;0,00 $;100,00%;1694,32 $;1694,32 $;0,00 $;1694,32 $;0,00 $;170,00;195,00 $;1700,00 $;5,68 $;0,09%;
13/07/2020;1;9370,72 $;-1530,68 $;0,00 $;-1530,68 $;5,68 $;-10430,56 $;-1530,68 $;0,00%;-1530,68 $;0,00 $;-1530,68 $;0,00 $;-1530,68 $;185,00;1525,00 $;1060,00 $;2590,68 $;0,09%;
14/07/2020;1;8760,04 $;-610,68 $;0,00 $;-610,68 $;5,68 $;-11041,24 $;-610,68 $;0,00%;-610,68 $;0,00 $;-610,68 $;0,00 $;-610,68 $;55,00;750,00 $;20,00 $;630,68 $;0,09%;
16/07/2020;1;7539,36 $;-1220,68 $;0,00 $;-1220,68 $;5,68 $;-12261,92 $;-1220,68 $;0,00%;-1220,68 $;0,00 $;-1220,68 $;0,00 $;-1220,68 $;155,00;1215,00 $;960,00 $;2180,68 $;0,09%;
17/07/2020;1;6903,68 $;-635,68 $;0,00 $;-635,68 $;5,68 $;-12897,60 $;-635,68 $;0,00%;-635,68 $;0,00 $;-635,68 $;0,00 $;-635,68 $;80,00;705,00 $;315,00 $;950,68 $;0,09%;
20/07/2020;1;7638,00 $;734,32 $;734,32 $;0,00 $;5,68 $;-12163,28 $;0,00 $;100,00%;734,32 $;734,32 $;0,00 $;734,32 $;0,00 $;10,00;125,00 $;740,00 $;5,68 $;0,09%;
22/07/2020;1;6247,32 $;-1390,68 $;0,00 $;-1390,68 $;5,68 $;-13553,96 $;-1390,68 $;0,00%;-1390,68 $;0,00 $;-1390,68 $;0,00 $;-1390,68 $;40,00;1385,00 $;175,00 $;1565,68 $;0,09%;
24/07/2020;1;7436,64 $;1189,32 $;1189,32 $;0,00 $;5,68 $;-12364,64 $;0,00 $;100,00%;1189,32 $;1189,32 $;0,00 $;1189,32 $;0,00 $;380,00;395,00 $;2600,00 $;1410,68 $;0,09%;
27/07/2020;1;5280,96 $;-2155,68 $;0,00 $;-2155,68 $;5,68 $;-14520,32 $;-2155,68 $;0,00%;-2155,68 $;0,00 $;-2155,68 $;0,00 $;-2155,68 $;90,00;2150,00 $;15,00 $;2170,68 $;0,09%;
29/07/2020;1;5935,28 $;654,32 $;654,32 $;0,00 $;5,68 $;-13866,00 $;0,00 $;100,00%;654,32 $;654,32 $;0,00 $;654,32 $;0,00 $;255,00;715,00 $;660,00 $;5,68 $;0,09%;
30/07/2020;1;6724,60 $;789,32 $;789,32 $;0,00 $;5,68 $;-13076,68 $;0,00 $;100,00%;789,32 $;789,32 $;0,00 $;789,32 $;0,00 $;30,00;195,00 $;795,00 $;5,68 $;0,09%;
31/07/2020;1;6963,92 $;239,32 $;239,32 $;0,00 $;5,68 $;-12837,36 $;0,00 $;100,00%;239,32 $;239,32 $;0,00 $;239,32 $;0,00 $;25,00;40,00 $;380,00 $;140,68 $;0,09%;
03/08/2020;1;6963,24 $;-0,68 $;0,00 $;-0,68 $;5,68 $;-12838,04 $;-0,68 $;0,00%;-0,68 $;0,00 $;-0,68 $;0,00 $;-0,68 $;215,00;735,00 $;395,00 $;395,68 $;0,09%;
04/08/2020;1;5737,56 $;-1225,68 $;0,00 $;-1225,68 $;5,68 $;-14063,72 $;-1225,68 $;0,00%;-1225,68 $;0,00 $;-1225,68 $;0,00 $;-1225,68 $;250,00;1220,00 $;135,00 $;1360,68 $;0,09%;
05/08/2020;1;5546,88 $;-190,68 $;0,00 $;-190,68 $;5,68 $;-14254,40 $;-190,68 $;0,00%;-190,68 $;0,00 $;-190,68 $;0,00 $;-190,68 $;410,00;700,00 $;470,00 $;660,68 $;0,09%;
06/08/2020;1;4291,20 $;-1255,68 $;0,00 $;-1255,68 $;5,68 $;-15510,08 $;-1255,68 $;0,00%;-1255,68 $;0,00 $;-1255,68 $;0,00 $;-1255,68 $;25,00;1250,00 $;70,00 $;1325,68 $;0,09%;
07/08/2020;1;3485,52 $;-805,68 $;0,00 $;-805,68 $;5,68 $;-16315,76 $;-805,68 $;0,00%;-805,68 $;0,00 $;-805,68 $;0,00 $;-805,68 $;20,00;800,00 $;135,00 $;940,68 $;0,09%;
11/08/2020;1;1709,84 $;-1775,68 $;0,00 $;-1775,68 $;5,68 $;-18091,44 $;-1775,68 $;0,00%;-1775,68 $;0,00 $;-1775,68 $;0,00 $;-1775,68 $;235,00;1770,00 $;800,00 $;2575,68 $;0,09%;
12/08/2020;1;2764,16 $;1054,32 $;1054,32 $;0,00 $;5,68 $;-17037,12 $;0,00 $;100,00%;1054,32 $;1054,32 $;0,00 $;1054,32 $;0,00 $;45,00;165,00 $;1060,00 $;5,68 $;0,09%;
13/08/2020;1;1323,48 $;-1440,68 $;0,00 $;-1440,68 $;5,68 $;-18477,80 $;-1440,68 $;0,00%;-1440,68 $;0,00 $;-1440,68 $;0,00 $;-1440,68 $;215,00;1435,00 $;600,00 $;2040,68 $;0,09%;
17/08/2020;1;1602,80 $;279,32 $;279,32 $;0,00 $;5,68 $;-18198,48 $;0,00 $;100,00%;279,32 $;279,32 $;0,00 $;279,32 $;0,00 $;245,00;670,00 $;285,00 $;5,68 $;0,09%;
18/08/2020;1;2192,12 $;589,32 $;589,32 $;0,00 $;5,68 $;-17609,16 $;0,00 $;100,00%;589,32 $;589,32 $;0,00 $;589,32 $;0,00 $;185,00;360,00 $;635,00 $;45,68 $;0,09%;
19/08/2020;1;676,44 $;-1515,68 $;0,00 $;-1515,68 $;5,68 $;-19124,84 $;-1515,68 $;0,00%;-1515,68 $;0,00 $;-1515,68 $;0,00 $;-1515,68 $;155,00;1510,00 $;365,00 $;1880,68 $;0,09%;
20/08/2020;1;2325,76 $;1649,32 $;1649,32 $;0,00 $;5,68 $;-17475,52 $;0,00 $;100,00%;1649,32 $;1649,32 $;0,00 $;1649,32 $;0,00 $;255,00;225,00 $;1655,00 $;5,68 $;0,09%;
21/08/2020;1;2665,08 $;339,32 $;339,32 $;0,00 $;5,68 $;-17136,20 $;0,00 $;100,00%;339,32 $;339,32 $;0,00 $;339,32 $;0,00 $;15,00;175,00 $;345,00 $;5,68 $;0,09%;
25/08/2020;1;3219,40 $;554,32 $;554,32 $;0,00 $;5,68 $;-16581,88 $;0,00 $;100,00%;554,32 $;554,32 $;0,00 $;554,32 $;0,00 $;10,00;105,00 $;560,00 $;5,68 $;0,09%;
26/08/2020;1;3473,72 $;254,32 $;254,32 $;0,00 $;5,68 $;-16327,56 $;0,00 $;100,00%;254,32 $;254,32 $;0,00 $;254,32 $;0,00 $;5,00;65,00 $;260,00 $;5,68 $;0,09%;
27/08/2020;1;1353,04 $;-2120,68 $;0,00 $;-2120,68 $;5,68 $;-18448,24 $;-2120,68 $;0,00%;-2120,68 $;0,00 $;-2120,68 $;0,00 $;-2120,68 $;80,00;2115,00 $;570,00 $;2690,68 $;0,09%;
31/08/2020;1;2372,36 $;1019,32 $;1019,32 $;0,00 $;5,68 $;-17428,92 $;0,00 $;100,00%;1019,32 $;1019,32 $;0,00 $;1019,32 $;0,00 $;140,00;685,00 $;1025,00 $;5,68 $;0,09%;
01/09/2020;1;3816,68 $;1444,32 $;1444,32 $;0,00 $;5,68 $;-15984,60 $;0,00 $;100,00%;1444,32 $;1444,32 $;0,00 $;1444,32 $;0,00 $;205,00;150,00 $;1450,00 $;5,68 $;0,09%;
07/09/2020;1;3386,00 $;-430,68 $;0,00 $;-430,68 $;5,68 $;-16415,28 $;-430,68 $;0,00%;-430,68 $;0,00 $;-430,68 $;0,00 $;-430,68 $;110,00;805,00 $;110,00 $;540,68 $;0,09%;
08/09/2020;1;-1119,68 $;-4505,68 $;0,00 $;-4505,68 $;5,68 $;-20920,96 $;-4505,68 $;0,00%;-4505,68 $;0,00 $;-4505,68 $;0,00 $;-4505,68 $;260,00;4500,00 $;1260,00 $;5765,68 $;0,09%;
09/09/2020;1;-410,36 $;709,32 $;709,32 $;0,00 $;5,68 $;-20211,64 $;0,00 $;100,00%;709,32 $;709,32 $;0,00 $;709,32 $;0,00 $;20,00;525,00 $;715,00 $;5,68 $;0,09%;
10/09/2020;1;-2221,04 $;-1810,68 $;0,00 $;-1810,68 $;5,68 $;-22022,32 $;-1810,68 $;0,00%;-1810,68 $;0,00 $;-1810,68 $;0,00 $;-1810,68 $;30,00;1805,00 $;395,00 $;2205,68 $;0,09%;
14/09/2020;1;-4741,72 $;-2520,68 $;0,00 $;-2520,68 $;5,68 $;-24543,00 $;-2520,68 $;0,00%;-2520,68 $;0,00 $;-2520,68 $;0,00 $;-2520,68 $;195,00;2515,00 $;580,00 $;3100,68 $;0,09%;
15/09/2020;1;-5887,40 $;-1145,68 $;0,00 $;-1145,68 $;5,68 $;-25688,68 $;-1145,68 $;0,00%;-1145,68 $;0,00 $;-1145,68 $;0,00 $;-1145,68 $;15,00;1140,00 $;150,00 $;1295,68 $;0,09%;
17/09/2020;1;-4678,08 $;1209,32 $;1209,32 $;0,00 $;5,68 $;-24479,36 $;0,00 $;100,00%;1209,32 $;1209,32 $;0,00 $;1209,32 $;0,00 $;40,00;1050,00 $;1215,00 $;5,68 $;0,09%;
21/09/2020;1;-2533,76 $;2144,32 $;2144,32 $;0,00 $;5,68 $;-22335,04 $;0,00 $;100,00%;2144,32 $;2144,32 $;0,00 $;2144,32 $;0,00 $;145,00;2090,00 $;2150,00 $;5,68 $;0,09%;
22/09/2020;1;-899,44 $;1634,32 $;1634,32 $;0,00 $;5,68 $;-20700,72 $;0,00 $;100,00%;1634,32 $;1634,32 $;0,00 $;1634,32 $;0,00 $;110,00;135,00 $;1640,00 $;5,68 $;0,09%;
24/09/2020;1;714,88 $;1614,32 $;1614,32 $;0,00 $;5,68 $;-19086,40 $;0,00 $;100,00%;1614,32 $;1614,32 $;0,00 $;1614,32 $;0,00 $;110,00;2520,00 $;1620,00 $;5,68 $;0,09%;
25/09/2020;1;1479,20 $;764,32 $;764,32 $;0,00 $;5,68 $;-18322,08 $;0,00 $;100,00%;764,32 $;764,32 $;0,00 $;764,32 $;0,00 $;35,00;355,00 $;770,00 $;5,68 $;0,09%;
28/09/2020;1;1848,52 $;369,32 $;369,32 $;0,00 $;5,68 $;-17952,76 $;0,00 $;100,00%;369,32 $;369,32 $;0,00 $;369,32 $;0,00 $;50,00;65,00 $;570,00 $;200,68 $;0,09%;
30/09/2020;1;1747,84 $;-100,68 $;0,00 $;-100,68 $;5,68 $;-18053,44 $;-100,68 $;0,00%;-100,68 $;0,00 $;-100,68 $;0,00 $;-100,68 $;0,00;95,00 $;0,00 $;100,68 $;0,09%;
01/10/2020;1;1377,16 $;-370,68 $;0,00 $;-370,68 $;5,68 $;-18424,12 $;-370,68 $;0,00%;-370,68 $;0,00 $;-370,68 $;0,00 $;-370,68 $;110,00;1185,00 $;110,00 $;480,68 $;0,09%;
02/10/2020;1;-1713,52 $;-3090,68 $;0,00 $;-3090,68 $;5,68 $;-21514,80 $;-3090,68 $;0,00%;-3090,68 $;0,00 $;-3090,68 $;0,00 $;-3090,68 $;90,00;3085,00 $;270,00 $;3360,68 $;0,09%;
05/10/2020;1;-1474,20 $;239,32 $;239,32 $;0,00 $;5,68 $;-21275,48 $;0,00 $;100,00%;239,32 $;239,32 $;0,00 $;239,32 $;0,00 $;15,00;255,00 $;245,00 $;5,68 $;0,09%;
06/10/2020;1;-2894,88 $;-1420,68 $;0,00 $;-1420,68 $;5,68 $;-22696,16 $;-1420,68 $;0,00%;-1420,68 $;0,00 $;-1420,68 $;0,00 $;-1420,68 $;50,00;1415,00 $;55,00 $;1475,68 $;0,09%;
07/10/2020;1;-2085,56 $;809,32 $;809,32 $;0,00 $;5,68 $;-21886,84 $;0,00 $;100,00%;809,32 $;809,32 $;0,00 $;809,32 $;0,00 $;80,00;965,00 $;815,00 $;5,68 $;0,09%;
09/10/2020;1;-1441,24 $;644,32 $;644,32 $;0,00 $;5,68 $;-21242,52 $;0,00 $;100,00%;644,32 $;644,32 $;0,00 $;644,32 $;0,00 $;55,00;15,00 $;650,00 $;5,68 $;0,09%;
12/10/2020;1;-696,92 $;744,32 $;744,32 $;0,00 $;5,68 $;-20498,20 $;0,00 $;100,00%;744,32 $;744,32 $;0,00 $;744,32 $;0,00 $;20,00;35,00 $;750,00 $;5,68 $;0,09%;
13/10/2020;1;-3662,60 $;-2965,68 $;0,00 $;-2965,68 $;5,68 $;-23463,88 $;-2965,68 $;0,00%;-2965,68 $;0,00 $;-2965,68 $;0,00 $;-2965,68 $;140,00;2960,00 $;40,00 $;3005,68 $;0,09%;
15/10/2020;1;-5473,28 $;-1810,68 $;0,00 $;-1810,68 $;5,68 $;-25274,56 $;-1810,68 $;0,00%;-1810,68 $;0,00 $;-1810,68 $;0,00 $;-1810,68 $;35,00;1805,00 $;285,00 $;2095,68 $;0,09%;
16/10/2020;1;-4908,96 $;564,32 $;564,32 $;0,00 $;5,68 $;-24710,24 $;0,00 $;100,00%;564,32 $;564,32 $;0,00 $;564,32 $;0,00 $;0,00;0,00 $;570,00 $;5,68 $;0,09%;
20/10/2020;1;-5244,64 $;-335,68 $;0,00 $;-335,68 $;5,68 $;-25045,92 $;-335,68 $;0,00%;-335,68 $;0,00 $;-335,68 $;0,00 $;-335,68 $;75,00;330,00 $;200,00 $;535,68 $;0,09%;
21/10/2020;1;-5625,32 $;-380,68 $;0,00 $;-380,68 $;5,68 $;-25426,60 $;-380,68 $;0,00%;-380,68 $;0,00 $;-380,68 $;0,00 $;-380,68 $;10,00;375,00 $;100,00 $;480,68 $;0,09%;
22/10/2020;1;-6336,00 $;-710,68 $;0,00 $;-710,68 $;5,68 $;-26137,28 $;-710,68 $;0,00%;-710,68 $;0,00 $;-710,68 $;0,00 $;-710,68 $;165,00;705,00 $;15,00 $;725,68 $;0,09%;
26/10/2020;1;-8776,68 $;-2440,68 $;0,00 $;-2440,68 $;5,68 $;-28577,96 $;-2440,68 $;0,00%;-2440,68 $;0,00 $;-2440,68 $;0,00 $;-2440,68 $;40,00;2435,00 $;135,00 $;2575,68 $;0,09%;
27/10/2020;1;-9297,36 $;-520,68 $;0,00 $;-520,68 $;5,68 $;-29098,64 $;-520,68 $;0,00%;-520,68 $;0,00 $;-520,68 $;0,00 $;-520,68 $;330,00;860,00 $;850,00 $;1370,68 $;0,09%;
29/10/2020;1;-8613,04 $;684,32 $;684,32 $;0,00 $;5,68 $;-28414,32 $;0,00 $;100,00%;684,32 $;684,32 $;0,00 $;684,32 $;0,00 $;70,00;760,00 $;690,00 $;5,68 $;0,09%;
03/11/2020;1;-8698,72 $;-85,68 $;0,00 $;-85,68 $;5,68 $;-28500,00 $;-85,68 $;0,00%;-85,68 $;0,00 $;-85,68 $;0,00 $;-85,68 $;0,00;80,00 $;0,00 $;85,68 $;0,09%;
04/11/2020;1;-7604,40 $;1094,32 $;1094,32 $;0,00 $;5,68 $;-27405,68 $;0,00 $;100,00%;1094,32 $;1094,32 $;0,00 $;1094,32 $;0,00 $;5,00;230,00 $;1100,00 $;5,68 $;0,09%;
05/11/2020;1;-7125,08 $;479,32 $;479,32 $;0,00 $;5,68 $;-26926,36 $;0,00 $;100,00%;479,32 $;479,32 $;0,00 $;479,32 $;0,00 $;400,00;1855,00 $;890,00 $;410,68 $;0,09%;
06/11/2020;1;-6350,76 $;774,32 $;774,32 $;0,00 $;5,68 $;-26152,04 $;0,00 $;100,00%;774,32 $;774,32 $;0,00 $;774,32 $;0,00 $;280,00;580,00 $;1070,00 $;295,68 $;0,09%;
09/11/2020;1;-10106,44 $;-3755,68 $;0,00 $;-3755,68 $;5,68 $;-29907,72 $;-3755,68 $;0,00%;-3755,68 $;0,00 $;-3755,68 $;0,00 $;-3755,68 $;220,00;3750,00 $;615,00 $;4370,68 $;0,09%;
11/11/2020;1;-9212,12 $;894,32 $;894,32 $;0,00 $;5,68 $;-29013,40 $;0,00 $;100,00%;894,32 $;894,32 $;0,00 $;894,32 $;0,00 $;300,00;405,00 $;1395,00 $;500,68 $;0,09%;
13/11/2020;1;-9282,80 $;-70,68 $;0,00 $;-70,68 $;5,68 $;-29084,08 $;-70,68 $;0,00%;-70,68 $;0,00 $;-70,68 $;0,00 $;-70,68 $;70,00;535,00 $;85,00 $;155,68 $;0,09%;
16/11/2020;1;-8528,48 $;754,32 $;754,32 $;0,00 $;5,68 $;-28329,76 $;0,00 $;100,00%;754,32 $;754,32 $;0,00 $;754,32 $;0,00 $;380,00;1465,00 $;785,00 $;30,68 $;0,09%;
18/11/2020;1;-10034,16 $;-1505,68 $;0,00 $;-1505,68 $;5,68 $;-29835,44 $;-1505,68 $;0,00%;-1505,68 $;0,00 $;-1505,68 $;0,00 $;-1505,68 $;125,00;1500,00 $;195,00 $;1700,68 $;0,09%;
19/11/2020;1;-9194,84 $;839,32 $;839,32 $;0,00 $;5,68 $;-28996,12 $;0,00 $;100,00%;839,32 $;839,32 $;0,00 $;839,32 $;0,00 $;85,00;640,00 $;845,00 $;5,68 $;0,09%;
20/11/2020;1;-9860,52 $;-665,68 $;0,00 $;-665,68 $;5,68 $;-29661,80 $;-665,68 $;0,00%;-665,68 $;0,00 $;-665,68 $;0,00 $;-665,68 $;280,00;660,00 $;610,00 $;1275,68 $;0,09%;
24/11/2020;1;-8546,20 $;1314,32 $;1314,32 $;0,00 $;5,68 $;-28347,48 $;0,00 $;100,00%;1314,32 $;1314,32 $;0,00 $;1314,32 $;0,00 $;95,00;50,00 $;1320,00 $;5,68 $;0,09%;
25/11/2020;1;-7986,88 $;559,32 $;559,32 $;0,00 $;5,68 $;-27788,16 $;0,00 $;100,00%;559,32 $;559,32 $;0,00 $;559,32 $;0,00 $;220,00;490,00 $;745,00 $;185,68 $;0,09%;
27/11/2020;1;-7982,56 $;4,32 $;4,32 $;0,00 $;5,68 $;-27783,84 $;0,00 $;100,00%;4,32 $;4,32 $;0,00 $;4,32 $;0,00 $;0,00;0,00 $;10,00 $;5,68 $;0,09%;
30/11/2020;1;-7788,24 $;194,32 $;194,32 $;0,00 $;5,68 $;-27589,52 $;0,00 $;100,00%;194,32 $;194,32 $;0,00 $;194,32 $;0,00 $;10,00;25,00 $;200,00 $;5,68 $;0,09%;
01/12/2020;1;-7353,92 $;434,32 $;434,32 $;0,00 $;5,68 $;-27155,20 $;0,00 $;100,00%;434,32 $;434,32 $;0,00 $;434,32 $;0,00 $;85,00;1455,00 $;440,00 $;5,68 $;0,09%;
02/12/2020;1;-6464,60 $;889,32 $;889,32 $;0,00 $;5,68 $;-26265,88 $;0,00 $;100,00%;889,32 $;889,32 $;0,00 $;889,32 $;0,00 $;385,00;375,00 $;1090,00 $;200,68 $;0,09%;
03/12/2020;1;-7685,28 $;-1220,68 $;0,00 $;-1220,68 $;5,68 $;-27486,56 $;-1220,68 $;0,00%;-1220,68 $;0,00 $;-1220,68 $;0,00 $;-1220,68 $;50,00;1215,00 $;325,00 $;1545,68 $;0,09%;
04/12/2020;1;-7740,96 $;-55,68 $;0,00 $;-55,68 $;5,68 $;-27542,24 $;-55,68 $;0,00%;-55,68 $;0,00 $;-55,68 $;0,00 $;-55,68 $;405,00;780,00 $;480,00 $;535,68 $;0,09%;
07/12/2020;1;-8196,64 $;-455,68 $;0,00 $;-455,68 $;5,68 $;-27997,92 $;-455,68 $;0,00%;-455,68 $;0,00 $;-455,68 $;0,00 $;-455,68 $;400,00;945,00 $;360,00 $;815,68 $;0,09%;
08/12/2020;1;-6872,32 $;1324,32 $;1324,32 $;0,00 $;5,68 $;-26673,60 $;0,00 $;100,00%;1324,32 $;1324,32 $;0,00 $;1324,32 $;0,00 $;130,00;110,00 $;1330,00 $;5,68 $;0,09%;
09/12/2020;1;-7443,00 $;-570,68 $;0,00 $;-570,68 $;5,68 $;-27244,28 $;-570,68 $;0,00%;-570,68 $;0,00 $;-570,68 $;0,00 $;-570,68 $;5,00;565,00 $;110,00 $;680,68 $;0,09%;
10/12/2020;1;-6853,68 $;589,32 $;589,32 $;0,00 $;5,68 $;-26654,96 $;0,00 $;100,00%;589,32 $;589,32 $;0,00 $;589,32 $;0,00 $;410,00;210,00 $;1760,00 $;1170,68 $;0,09%;
11/12/2020;1;-6654,36 $;199,32 $;199,32 $;0,00 $;5,68 $;-26455,64 $;0,00 $;100,00%;199,32 $;199,32 $;0,00 $;199,32 $;0,00 $;85,00;400,00 $;415,00 $;215,68 $;0,09%;
14/12/2020;1;-7480,04 $;-825,68 $;0,00 $;-825,68 $;5,68 $;-27281,32 $;-825,68 $;0,00%;-825,68 $;0,00 $;-825,68 $;0,00 $;-825,68 $;405,00;1235,00 $;730,00 $;1555,68 $;0,09%;
15/12/2020;1;-7045,72 $;434,32 $;434,32 $;0,00 $;5,68 $;-26847,00 $;0,00 $;100,00%;434,32 $;434,32 $;0,00 $;434,32 $;0,00 $;80,00;90,00 $;655,00 $;220,68 $;0,09%;
16/12/2020;1;-6001,40 $;1044,32 $;1044,32 $;0,00 $;5,68 $;-25802,68 $;0,00 $;100,00%;1044,32 $;1044,32 $;0,00 $;1044,32 $;0,00 $;230,00;315,00 $;1050,00 $;5,68 $;0,09%;
21/12/2020;1;-5752,08 $;249,32 $;249,32 $;0,00 $;5,68 $;-25553,36 $;0,00 $;100,00%;249,32 $;249,32 $;0,00 $;249,32 $;0,00 $;215,00;795,00 $;535,00 $;285,68 $;0,09%;
22/12/2020;1;-6707,76 $;-955,68 $;0,00 $;-955,68 $;5,68 $;-26509,04 $;-955,68 $;0,00%;-955,68 $;0,00 $;-955,68 $;0,00 $;-955,68 $;55,00;950,00 $;420,00 $;1375,68 $;0,09%;
23/12/2020;1;-8333,44 $;-1625,68 $;0,00 $;-1625,68 $;5,68 $;-28134,72 $;-1625,68 $;0,00%;-1625,68 $;0,00 $;-1625,68 $;0,00 $;-1625,68 $;125,00;1620,00 $;20,00 $;1645,68 $;0,09%;
24/12/2020;1;-8604,12 $;-270,68 $;0,00 $;-270,68 $;5,68 $;-28405,40 $;-270,68 $;0,00%;-270,68 $;0,00 $;-270,68 $;0,00 $;-270,68 $;145,00;1045,00 $;15,00 $;285,68 $;0,09%;
28/12/2020;1;-8044,80 $;559,32 $;559,32 $;0,00 $;5,68 $;-27846,08 $;0,00 $;100,00%;559,32 $;559,32 $;0,00 $;559,32 $;0,00 $;145,00;50,00 $;565,00 $;5,68 $;0,09%;
31/12/2020;1;-8020,48 $;24,32 $;24,32 $;0,00 $;5,68 $;-27821,76 $;0,00 $;100,00%;24,32 $;24,32 $;0,00 $;24,32 $;0,00 $;50,00;125,00 $;115,00 $;90,68 $;0,09%;
05/01/2021;1;-7181,16 $;839,32 $;839,32 $;0,00 $;5,68 $;-26982,44 $;0,00 $;100,00%;839,32 $;839,32 $;0,00 $;839,32 $;0,00 $;400,00;1465,00 $;955,00 $;115,68 $;0,09%;
06/01/2021;1;-5826,84 $;1354,32 $;1354,32 $;0,00 $;5,68 $;-25628,12 $;0,00 $;100,00%;1354,32 $;1354,32 $;0,00 $;1354,32 $;0,00 $;30,00;65,00 $;1360,00 $;5,68 $;0,09%;
07/01/2021;1;-5372,52 $;454,32 $;454,32 $;0,00 $;5,68 $;-25173,80 $;0,00 $;100,00%;454,32 $;454,32 $;0,00 $;454,32 $;0,00 $;35,00;160,00 $;460,00 $;5,68 $;0,09%;
08/01/2021;1;-6578,20 $;-1205,68 $;0,00 $;-1205,68 $;5,68 $;-26379,48 $;-1205,68 $;0,00%;-1205,68 $;0,00 $;-1205,68 $;0,00 $;-1205,68 $;55,00;1200,00 $;320,00 $;1525,68 $;0,09%;
11/01/2021;1;-8608,88 $;-2030,68 $;0,00 $;-2030,68 $;5,68 $;-28410,16 $;-2030,68 $;0,00%;-2030,68 $;0,00 $;-2030,68 $;0,00 $;-2030,68 $;280,00;2025,00 $;415,00 $;2445,68 $;0,09%;
13/01/2021;1;-8094,56 $;514,32 $;514,32 $;0,00 $;5,68 $;-27895,84 $;0,00 $;100,00%;514,32 $;514,32 $;0,00 $;514,32 $;0,00 $;10,00;5,00 $;520,00 $;5,68 $;0,09%;
14/01/2021;1;-9000,24 $;-905,68 $;0,00 $;-905,68 $;5,68 $;-28801,52 $;-905,68 $;0,00%;-905,68 $;0,00 $;-905,68 $;0,00 $;-905,68 $;55,00;900,00 $;200,00 $;1105,68 $;0,09%;
18/01/2021;1;-8940,92 $;59,32 $;59,32 $;0,00 $;5,68 $;-28742,20 $;0,00 $;100,00%;59,32 $;59,32 $;0,00 $;59,32 $;0,00 $;165,00;345,00 $;90,00 $;30,68 $;0,09%;
19/01/2021;1;-8081,60 $;859,32 $;859,32 $;0,00 $;5,68 $;-27882,88 $;0,00 $;100,00%;859,32 $;859,32 $;0,00 $;859,32 $;0,00 $;60,00;60,00 $;865,00 $;5,68 $;0,09%;
20/01/2021;1;-7367,28 $;714,32 $;714,32 $;0,00 $;5,68 $;-27168,56 $;0,00 $;100,00%;714,32 $;714,32 $;0,00 $;714,32 $;0,00 $;135,00;425,00 $;720,00 $;5,68 $;0,09%;
21/01/2021;1;-6657,96 $;709,32 $;709,32 $;0,00 $;5,68 $;-26459,24 $;0,00 $;100,00%;709,32 $;709,32 $;0,00 $;709,32 $;0,00 $;270,00;1055,00 $;715,00 $;5,68 $;0,09%;
22/01/2021;1;-7323,64 $;-665,68 $;0,00 $;-665,68 $;5,68 $;-27124,92 $;-665,68 $;0,00%;-665,68 $;0,00 $;-665,68 $;0,00 $;-665,68 $;75,00;895,00 $;155,00 $;820,68 $;0,09%;
26/01/2021;1;-7534,32 $;-210,68 $;0,00 $;-210,68 $;5,68 $;-27335,60 $;-210,68 $;0,00%;-210,68 $;0,00 $;-210,68 $;0,00 $;-210,68 $;25,00;410,00 $;230,00 $;440,68 $;0,09%;
28/01/2021;1;-5680,00 $;1854,32 $;1854,32 $;0,00 $;5,68 $;-25481,28 $;0,00 $;100,00%;1854,32 $;1854,32 $;0,00 $;1854,32 $;0,00 $;100,00;445,00 $;1860,00 $;5,68 $;0,09%;
29/01/2021;1;-8230,68 $;-2550,68 $;0,00 $;-2550,68 $;5,68 $;-28031,96 $;-2550,68 $;0,00%;-2550,68 $;0,00 $;-2550,68 $;0,00 $;-2550,68 $;45,00;2545,00 $;110,00 $;2660,68 $;0,09%;
01/02/2021;1;-5456,36 $;2774,32 $;2774,32 $;0,00 $;5,68 $;-25257,64 $;0,00 $;100,00%;2774,32 $;2774,32 $;0,00 $;2774,32 $;0,00 $;65,00;560,00 $;2780,00 $;5,68 $;0,09%;
02/02/2021;1;-4267,04 $;1189,32 $;1189,32 $;0,00 $;5,68 $;-24068,32 $;0,00 $;100,00%;1189,32 $;1189,32 $;0,00 $;1189,32 $;0,00 $;255,00;675,00 $;1195,00 $;5,68 $;0,09%;
04/02/2021;1;-3252,72 $;1014,32 $;1014,32 $;0,00 $;5,68 $;-23054,00 $;0,00 $;100,00%;1014,32 $;1014,32 $;0,00 $;1014,32 $;0,00 $;160,00;190,00 $;1020,00 $;5,68 $;0,09%;
05/02/2021;1;-3198,40 $;54,32 $;54,32 $;0,00 $;5,68 $;-22999,68 $;0,00 $;100,00%;54,32 $;54,32 $;0,00 $;54,32 $;0,00 $;265,00;640,00 $;760,00 $;705,68 $;0,09%;
08/02/2021;1;-4019,08 $;-820,68 $;0,00 $;-820,68 $;5,68 $;-23820,36 $;-820,68 $;0,00%;-820,68 $;0,00 $;-820,68 $;0,00 $;-820,68 $;70,00;815,00 $;70,00 $;890,68 $;0,09%;
09/02/2021;1;-4219,76 $;-200,68 $;0,00 $;-200,68 $;5,68 $;-24021,04 $;-200,68 $;0,00%;-200,68 $;0,00 $;-200,68 $;0,00 $;-200,68 $;410,00;910,00 $;560,00 $;760,68 $;0,09%;
12/02/2021;1;-3495,44 $;724,32 $;724,32 $;0,00 $;5,68 $;-23296,72 $;0,00 $;100,00%;724,32 $;724,32 $;0,00 $;724,32 $;0,00 $;285,00;360,00 $;730,00 $;5,68 $;0,09%;
15/02/2021;1;-3506,12 $;-10,68 $;0,00 $;-10,68 $;5,68 $;-23307,40 $;-10,68 $;0,00%;-10,68 $;0,00 $;-10,68 $;0,00 $;-10,68 $;0,00;45,00 $;35,00 $;45,68 $;0,09%;
17/02/2021;1;-3016,80 $;489,32 $;489,32 $;0,00 $;5,68 $;-22818,08 $;0,00 $;100,00%;489,32 $;489,32 $;0,00 $;489,32 $;0,00 $;155,00;715,00 $;720,00 $;230,68 $;0,09%;
18/02/2021;1;-2367,48 $;649,32 $;649,32 $;0,00 $;5,68 $;-22168,76 $;0,00 $;100,00%;649,32 $;649,32 $;0,00 $;649,32 $;0,00 $;80,00;275,00 $;655,00 $;5,68 $;0,09%;
23/02/2021;1;-1103,16 $;1264,32 $;1264,32 $;0,00 $;5,68 $;-20904,44 $;0,00 $;100,00%;1264,32 $;1264,32 $;0,00 $;1264,32 $;0,00 $;360,00;4180,00 $;3265,00 $;2000,68 $;0,09%;
24/02/2021;1;241,16 $;1344,32 $;1344,32 $;0,00 $;5,68 $;-19560,12 $;0,00 $;100,00%;1344,32 $;1344,32 $;0,00 $;1344,32 $;0,00 $;65,00;610,00 $;1350,00 $;5,68 $;0,09%;
26/02/2021;1;-2829,52 $;-3070,68 $;0,00 $;-3070,68 $;5,68 $;-22630,80 $;-3070,68 $;0,00%;-3070,68 $;0,00 $;-3070,68 $;0,00 $;-3070,68 $;105,00;3065,00 $;75,00 $;3145,68 $;0,09%;
01/03/2021;1;-1760,20 $;1069,32 $;1069,32 $;0,00 $;5,68 $;-21561,48 $;0,00 $;100,00%;1069,32 $;1069,32 $;0,00 $;1069,32 $;0,00 $;25,00;205,00 $;1075,00 $;5,68 $;0,09%;
04/03/2021;1;-4885,88 $;-3125,68 $;0,00 $;-3125,68 $;5,68 $;-24687,16 $;-3125,68 $;0,00%;-3125,68 $;0,00 $;-3125,68 $;0,00 $;-3125,68 $;30,00;3120,00 $;305,00 $;3430,68 $;0,09%;
05/03/2021;1;-4096,56 $;789,32 $;789,32 $;0,00 $;5,68 $;-23897,84 $;0,00 $;100,00%;789,32 $;789,32 $;0,00 $;789,32 $;0,00 $;130,00;240,00 $;1700,00 $;910,68 $;0,09%;
09/03/2021;1;-3987,24 $;109,32 $;109,32 $;0,00 $;5,68 $;-23788,52 $;0,00 $;100,00%;109,32 $;109,32 $;0,00 $;109,32 $;0,00 $;0,00;0,00 $;115,00 $;5,68 $;0,09%;
11/03/2021;1;-3017,92 $;969,32 $;969,32 $;0,00 $;5,68 $;-22819,20 $;0,00 $;100,00%;969,32 $;969,32 $;0,00 $;969,32 $;0,00 $;35,00;110,00 $;975,00 $;5,68 $;0,09%;
12/03/2021;1;-4773,60 $;-1755,68 $;0,00 $;-1755,68 $;5,68 $;-24574,88 $;-1755,68 $;0,00%;-1755,68 $;0,00 $;-1755,68 $;0,00 $;-1755,68 $;20,00;1750,00 $;410,00 $;2165,68 $;0,09%;
15/03/2021;1;-6464,28 $;-1690,68 $;0,00 $;-1690,68 $;5,68 $;-26265,56 $;-1690,68 $;0,00%;-1690,68 $;0,00 $;-1690,68 $;0,00 $;-1690,68 $;85,00;1685,00 $;315,00 $;2005,68 $;0,09%;
16/03/2021;1;-8679,96 $;-2215,68 $;0,00 $;-2215,68 $;5,68 $;-28481,24 $;-2215,68 $;0,00%;-2215,68 $;0,00 $;-2215,68 $;0,00 $;-2215,68 $;255,00;2210,00 $;895,00 $;3110,68 $;0,09%;
17/03/2021;1;-7025,64 $;1654,32 $;1654,32 $;0,00 $;5,68 $;-26826,92 $;0,00 $;100,00%;1654,32 $;1654,32 $;0,00 $;1654,32 $;0,00 $;230,00;1860,00 $;1660,00 $;5,68 $;0,09%;
19/03/2021;1;-7746,32 $;-720,68 $;0,00 $;-720,68 $;5,68 $;-27547,60 $;-720,68 $;0,00%;-720,68 $;0,00 $;-720,68 $;0,00 $;-720,68 $;290,00;765,00 $;600,00 $;1320,68 $;0,09%;
22/03/2021;1;-6617,00 $;1129,32 $;1129,32 $;0,00 $;5,68 $;-26418,28 $;0,00 $;100,00%;1129,32 $;1129,32 $;0,00 $;1129,32 $;0,00 $;45,00;350,00 $;1135,00 $;5,68 $;0,09%;
23/03/2021;1;-8822,68 $;-2205,68 $;0,00 $;-2205,68 $;5,68 $;-28623,96 $;-2205,68 $;0,00%;-2205,68 $;0,00 $;-2205,68 $;0,00 $;-2205,68 $;215,00;2200,00 $;35,00 $;2240,68 $;0,09%;
25/03/2021;1;-11043,36 $;-2220,68 $;0,00 $;-2220,68 $;5,68 $;-30844,64 $;-2220,68 $;0,00%;-2220,68 $;0,00 $;-2220,68 $;0,00 $;-2220,68 $;30,00;2215,00 $;370,00 $;2590,68 $;0,09%;
26/03/2021;1;-12294,04 $;-1250,68 $;0,00 $;-1250,68 $;5,68 $;-32095,32 $;-1250,68 $;0,00%;-1250,68 $;0,00 $;-1250,68 $;0,00 $;-1250,68 $;230,00;1245,00 $;1130,00 $;2380,68 $;0,09%;
29/03/2021;1;-14024,72 $;-1730,68 $;0,00 $;-1730,68 $;5,68 $;-33826,00 $;-1730,68 $;0,00%;-1730,68 $;0,00 $;-1730,68 $;0,00 $;-1730,68 $;75,00;1725,00 $;275,00 $;2005,68 $;0,09%;
30/03/2021;1;-14275,40 $;-250,68 $;0,00 $;-250,68 $;5,68 $;-34076,68 $;-250,68 $;0,00%;-250,68 $;0,00 $;-250,68 $;0,00 $;-250,68 $;310,00;1540,00 $;240,00 $;490,68 $;0,09%;
31/03/2021;1;-13376,08 $;899,32 $;899,32 $;0,00 $;5,68 $;-33177,36 $;0,00 $;100,00%;899,32 $;899,32 $;0,00 $;899,32 $;0,00 $;35,00;50,00 $;905,00 $;5,68 $;0,09%;
01/04/2021;1;-13056,76 $;319,32 $;319,32 $;0,00 $;5,68 $;-32858,04 $;0,00 $;100,00%;319,32 $;319,32 $;0,00 $;319,32 $;0,00 $;395,00;1020,00 $;430,00 $;110,68 $;0,09%;
05/04/2021;1;-11892,44 $;1164,32 $;1164,32 $;0,00 $;5,68 $;-31693,72 $;0,00 $;100,00%;1164,32 $;1164,32 $;0,00 $;1164,32 $;0,00 $;80,00;0,00 $;1170,00 $;5,68 $;0,09%;
06/04/2021;1;-11198,12 $;694,32 $;694,32 $;0,00 $;5,68 $;-30999,40 $;0,00 $;100,00%;694,32 $;694,32 $;0,00 $;694,32 $;0,00 $;70,00;820,00 $;700,00 $;5,68 $;0,09%;
07/04/2021;1;-10338,80 $;859,32 $;859,32 $;0,00 $;5,68 $;-30140,08 $;0,00 $;100,00%;859,32 $;859,32 $;0,00 $;859,32 $;0,00 $;245,00;640,00 $;865,00 $;5,68 $;0,09%;
08/04/2021;1;-9824,48 $;514,32 $;514,32 $;0,00 $;5,68 $;-29625,76 $;0,00 $;100,00%;514,32 $;514,32 $;0,00 $;514,32 $;0,00 $;40,00;10,00 $;520,00 $;5,68 $;0,09%;
09/04/2021;1;-9235,16 $;589,32 $;589,32 $;0,00 $;5,68 $;-29036,44 $;0,00 $;100,00%;589,32 $;589,32 $;0,00 $;589,32 $;0,00 $;105,00;825,00 $;595,00 $;5,68 $;0,09%;
12/04/2021;1;-9215,84 $;19,32 $;19,32 $;0,00 $;5,68 $;-29017,12 $;0,00 $;100,00%;19,32 $;19,32 $;0,00 $;19,32 $;0,00 $;230,00;1110,00 $;105,00 $;85,68 $;0,09%;
13/04/2021;1;-8311,52 $;904,32 $;904,32 $;0,00 $;5,68 $;-28112,80 $;0,00 $;100,00%;904,32 $;904,32 $;0,00 $;904,32 $;0,00 $;410,00;920,00 $;1280,00 $;375,68 $;0,09%;
15/04/2021;1;-7497,20 $;814,32 $;814,32 $;0,00 $;5,68 $;-27298,48 $;0,00 $;100,00%;814,32 $;814,32 $;0,00 $;814,32 $;0,00 $;310,00;965,00 $;820,00 $;5,68 $;0,09%;
21/04/2021;1;-6002,88 $;1494,32 $;1494,32 $;0,00 $;5,68 $;-25804,16 $;0,00 $;100,00%;1494,32 $;1494,32 $;0,00 $;1494,32 $;0,00 $;85,00;520,00 $;1500,00 $;5,68 $;0,09%;
22/04/2021;1;-7168,56 $;-1165,68 $;0,00 $;-1165,68 $;5,68 $;-26969,84 $;-1165,68 $;0,00%;-1165,68 $;0,00 $;-1165,68 $;0,00 $;-1165,68 $;145,00;1160,00 $;490,00 $;1655,68 $;0,09%;
23/04/2021;1;-6564,24 $;604,32 $;604,32 $;0,00 $;5,68 $;-26365,52 $;0,00 $;100,00%;604,32 $;604,32 $;0,00 $;604,32 $;0,00 $;40,00;250,00 $;610,00 $;5,68 $;0,09%;
26/04/2021;1;-6009,92 $;554,32 $;554,32 $;0,00 $;5,68 $;-25811,20 $;0,00 $;100,00%;554,32 $;554,32 $;0,00 $;554,32 $;0,00 $;50,00;215,00 $;560,00 $;5,68 $;0,09%;
28/04/2021;1;-7680,60 $;-1670,68 $;0,00 $;-1670,68 $;5,68 $;-27481,88 $;-1670,68 $;0,00%;-1670,68 $;0,00 $;-1670,68 $;0,00 $;-1670,68 $;115,00;1665,00 $;250,00 $;1920,68 $;0,09%;
30/04/2021;1;-6716,28 $;964,32 $;964,32 $;0,00 $;5,68 $;-26517,56 $;0,00 $;100,00%;964,32 $;964,32 $;0,00 $;964,32 $;0,00 $;20,00;305,00 $;970,00 $;5,68 $;0,09%;
03/05/2021;1;-8131,96 $;-1415,68 $;0,00 $;-1415,68 $;5,68 $;-27933,24 $;-1415,68 $;0,00%;-1415,68 $;0,00 $;-1415,68 $;0,00 $;-1415,68 $;25,00;1410,00 $;310,00 $;1725,68 $;0,09%;
06/05/2021;1;-7327,64 $;804,32 $;804,32 $;0,00 $;5,68 $;-27128,92 $;0,00 $;100,00%;804,32 $;804,32 $;0,00 $;804,32 $;0,00 $;250,00;1735,00 $;810,00 $;5,68 $;0,09%;
07/05/2021;1;-8883,32 $;-1555,68 $;0,00 $;-1555,68 $;5,68 $;-28684,60 $;-1555,68 $;0,00%;-1555,68 $;0,00 $;-1555,68 $;0,00 $;-1555,68 $;395,00;2615,00 $;350,00 $;1905,68 $;0,09%;
11/05/2021;1;-6589,00 $;2294,32 $;2294,32 $;0,00 $;5,68 $;-26390,28 $;0,00 $;100,00%;2294,32 $;2294,32 $;0,00 $;2294,32 $;0,00 $;215,00;2555,00 $;2300,00 $;5,68 $;0,09%;
13/05/2021;1;-8674,68 $;-2085,68 $;0,00 $;-2085,68 $;5,68 $;-28475,96 $;-2085,68 $;0,00%;-2085,68 $;0,00 $;-2085,68 $;0,00 $;-2085,68 $;85,00;2080,00 $;665,00 $;2750,68 $;0,09%;
14/05/2021;1;-7485,36 $;1189,32 $;1189,32 $;0,00 $;5,68 $;-27286,64 $;0,00 $;100,00%;1189,32 $;1189,32 $;0,00 $;1189,32 $;0,00 $;15,00;40,00 $;1195,00 $;5,68 $;0,09%;
18/05/2021;1;-9006,04 $;-1520,68 $;0,00 $;-1520,68 $;5,68 $;-28807,32 $;-1520,68 $;0,00%;-1520,68 $;0,00 $;-1520,68 $;0,00 $;-1520,68 $;220,00;1515,00 $;205,00 $;1725,68 $;0,09%;
19/05/2021;1;-7871,72 $;1134,32 $;1134,32 $;0,00 $;5,68 $;-27673,00 $;0,00 $;100,00%;1134,32 $;1134,32 $;0,00 $;1134,32 $;0,00 $;85,00;785,00 $;1140,00 $;5,68 $;0,09%;
20/05/2021;1;-5627,40 $;2244,32 $;2244,32 $;0,00 $;5,68 $;-25428,68 $;0,00 $;100,00%;2244,32 $;2244,32 $;0,00 $;2244,32 $;0,00 $;305,00;70,00 $;2250,00 $;5,68 $;0,09%;
24/05/2021;1;-4483,08 $;1144,32 $;1144,32 $;0,00 $;5,68 $;-24284,36 $;0,00 $;100,00%;1144,32 $;1144,32 $;0,00 $;1144,32 $;0,00 $;250,00;45,00 $;1150,00 $;5,68 $;0,09%;
26/05/2021;1;-4618,76 $;-135,68 $;0,00 $;-135,68 $;5,68 $;-24420,04 $;-135,68 $;0,00%;-135,68 $;0,00 $;-135,68 $;0,00 $;-135,68 $;335,00;670,00 $;310,00 $;445,68 $;0,09%;
27/05/2021;1;-5099,44 $;-480,68 $;0,00 $;-480,68 $;5,68 $;-24900,72 $;-480,68 $;0,00%;-480,68 $;0,00 $;-480,68 $;0,00 $;-480,68 $;370,00;1395,00 $;40,00 $;520,68 $;0,09%;
28/05/2021;1;-6085,12 $;-985,68 $;0,00 $;-985,68 $;5,68 $;-25886,40 $;-985,68 $;0,00%;-985,68 $;0,00 $;-985,68 $;0,00 $;-985,68 $;235,00;980,00 $;380,00 $;1365,68 $;0,09%;
03/06/2021;1;-7535,80 $;-1450,68 $;0,00 $;-1450,68 $;5,68 $;-27337,08 $;-1450,68 $;0,00%;-1450,68 $;0,00 $;-1450,68 $;0,00 $;-1450,68 $;345,00;1705,00 $;25,00 $;1475,68 $;0,09%;
04/06/2021;1;-6491,48 $;1044,32 $;1044,32 $;0,00 $;5,68 $;-26292,76 $;0,00 $;100,00%;1044,32 $;1044,32 $;0,00 $;1044,32 $;0,00 $;275,00;205,00 $;1050,00 $;5,68 $;0,09%;
07/06/2021;1;-6002,16 $;489,32 $;489,32 $;0,00 $;5,68 $;-25803,44 $;0,00 $;100,00%;489,32 $;489,32 $;0,00 $;489,32 $;0,00 $;20,00;40,00 $;495,00 $;5,68 $;0,09%;
10/06/2021;1;-5702,84 $;299,32 $;299,32 $;0,00 $;5,68 $;-25504,12 $;0,00 $;100,00%;299,32 $;299,32 $;0,00 $;299,32 $;0,00 $;170,00;530,00 $;365,00 $;65,68 $;0,09%;
11/06/2021;1;-6233,52 $;-530,68 $;0,00 $;-530,68 $;5,68 $;-26034,80 $;-530,68 $;0,00%;-530,68 $;0,00 $;-530,68 $;0,00 $;-530,68 $;20,00;525,00 $;325,00 $;855,68 $;0,09%;
14/06/2021;1;-5084,20 $;1149,32 $;1149,32 $;0,00 $;5,68 $;-24885,48 $;0,00 $;100,00%;1149,32 $;1149,32 $;0,00 $;1149,32 $;0,00 $;215,00;345,00 $;1155,00 $;5,68 $;0,09%;
16/06/2021;1;-5819,88 $;-735,68 $;0,00 $;-735,68 $;5,68 $;-25621,16 $;-735,68 $;0,00%;-735,68 $;0,00 $;-735,68 $;0,00 $;-735,68 $;85,00;730,00 $;340,00 $;1075,68 $;0,09%;
17/06/2021;1;-4510,56 $;1309,32 $;1309,32 $;0,00 $;5,68 $;-24311,84 $;0,00 $;100,00%;1309,32 $;1309,32 $;0,00 $;1309,32 $;0,00 $;25,00;500,00 $;1315,00 $;5,68 $;0,09%;
21/06/2021;1;-3541,24 $;969,32 $;969,32 $;0,00 $;5,68 $;-23342,52 $;0,00 $;100,00%;969,32 $;969,32 $;0,00 $;969,32 $;0,00 $;365,00;0,00 $;1105,00 $;135,68 $;0,09%;
22/06/2021;1;-2441,92 $;1099,32 $;1099,32 $;0,00 $;5,68 $;-22243,20 $;0,00 $;100,00%;1099,32 $;1099,32 $;0,00 $;1099,32 $;0,00 $;225,00;0,00 $;1105,00 $;5,68 $;0,09%;
24/06/2021;1;-3627,60 $;-1185,68 $;0,00 $;-1185,68 $;5,68 $;-23428,88 $;-1185,68 $;0,00%;-1185,68 $;0,00 $;-1185,68 $;0,00 $;-1185,68 $;170,00;1180,00 $;385,00 $;1570,68 $;0,09%;
28/06/2021;1;-2923,28 $;704,32 $;704,32 $;0,00 $;5,68 $;-22724,56 $;0,00 $;100,00%;704,32 $;704,32 $;0,00 $;704,32 $;0,00 $;395,00;245,00 $;1050,00 $;345,68 $;0,09%;
29/06/2021;1;-2203,96 $;719,32 $;719,32 $;0,00 $;5,68 $;-22005,24 $;0,00 $;100,00%;719,32 $;719,32 $;0,00 $;719,32 $;0,00 $;265,00;325,00 $;765,00 $;45,68 $;0,09%;
02/07/2021;1;-1289,64 $;914,32 $;914,32 $;0,00 $;5,68 $;-21090,92 $;0,00 $;100,00%;914,32 $;914,32 $;0,00 $;914,32 $;0,00 $;210,00;170,00 $;920,00 $;5,68 $;0,09%;
06/07/2021;1;-1915,32 $;-625,68 $;0,00 $;-625,68 $;5,68 $;-21716,60 $;-625,68 $;0,00%;-625,68 $;0,00 $;-625,68 $;0,00 $;-625,68 $;10,00;620,00 $;165,00 $;790,68 $;0,09%;
08/07/2021;1;-526,00 $;1389,32 $;1389,32 $;0,00 $;5,68 $;-20327,28 $;0,00 $;100,00%;1389,32 $;1389,32 $;0,00 $;1389,32 $;0,00 $;100,00;210,00 $;1395,00 $;5,68 $;0,09%;
09/07/2021;1;253,32 $;779,32 $;779,32 $;0,00 $;5,68 $;-19547,96 $;0,00 $;100,00%;779,32 $;779,32 $;0,00 $;779,32 $;0,00 $;10,00;20,00 $;785,00 $;5,68 $;0,09%;
13/07/2021;1;877,64 $;624,32 $;624,32 $;0,00 $;5,68 $;-18923,64 $;0,00 $;100,00%;624,32 $;624,32 $;0,00 $;624,32 $;0,00 $;25,00;260,00 $;630,00 $;5,68 $;0,09%;
19/07/2021;1;1101,96 $;224,32 $;224,32 $;0,00 $;5,68 $;-18699,32 $;0,00 $;100,00%;224,32 $;224,32 $;0,00 $;224,32 $;0,00 $;20,00;85,00 $;335,00 $;110,68 $;0,09%;
20/07/2021;1;2171,28 $;1069,32 $;1069,32 $;0,00 $;5,68 $;-17630,00 $;0,00 $;100,00%;1069,32 $;1069,32 $;0,00 $;1069,32 $;0,00 $;55,00;110,00 $;1075,00 $;5,68 $;0,09%;
21/07/2021;1;3475,60 $;1304,32 $;1304,32 $;0,00 $;5,68 $;-16325,68 $;0,00 $;100,00%;1304,32 $;1304,32 $;0,00 $;1304,32 $;0,00 $;305,00;235,00 $;1310,00 $;5,68 $;0,09%;
22/07/2021;1;4169,92 $;694,32 $;694,32 $;0,00 $;5,68 $;-15631,36 $;0,00 $;100,00%;694,32 $;694,32 $;0,00 $;694,32 $;0,00 $;320,00;1290,00 $;700,00 $;5,68 $;0,09%;
23/07/2021;1;5034,24 $;864,32 $;864,32 $;0,00 $;5,68 $;-14767,04 $;0,00 $;100,00%;864,32 $;864,32 $;0,00 $;864,32 $;0,00 $;45,00;340,00 $;870,00 $;5,68 $;0,09%;
26/07/2021;1;5268,56 $;234,32 $;234,32 $;0,00 $;5,68 $;-14532,72 $;0,00 $;100,00%;234,32 $;234,32 $;0,00 $;234,32 $;0,00 $;410,00;605,00 $;430,00 $;195,68 $;0,09%;
28/07/2021;1;3907,88 $;-1360,68 $;0,00 $;-1360,68 $;5,68 $;-15893,40 $;-1360,68 $;0,00%;-1360,68 $;0,00 $;-1360,68 $;0,00 $;-1360,68 $;385,00;2615,00 $;440,00 $;1800,68 $;0,09%;
30/07/2021;1;3812,20 $;-95,68 $;0,00 $;-95,68 $;5,68 $;-15989,08 $;-95,68 $;0,00%;-95,68 $;0,00 $;-95,68 $;0,00 $;-95,68 $;405,00;1215,00 $;160,00 $;255,68 $;0,09%;
03/08/2021;1;4461,52 $;649,32 $;649,32 $;0,00 $;5,68 $;-15339,76 $;0,00 $;100,00%;649,32 $;649,32 $;0,00 $;649,32 $;0,00 $;285,00;450,00 $;955,00 $;305,68 $;0,09%;
04/08/2021;1;4790,84 $;329,32 $;329,32 $;0,00 $;5,68 $;-15010,44 $;0,00 $;100,00%;329,32 $;329,32 $;0,00 $;329,32 $;0,00 $;80,00;375,00 $;335,00 $;5,68 $;0,09%;
05/08/2021;1;5295,16 $;504,32 $;504,32 $;0,00 $;5,68 $;-14506,12 $;0,00 $;100,00%;504,32 $;504,32 $;0,00 $;504,32 $;0,00 $;355,00;215,00 $;525,00 $;20,68 $;0,09%;
09/08/2021;1;5169,48 $;-125,68 $;0,00 $;-125,68 $;5,68 $;-14631,80 $;-125,68 $;0,00%;-125,68 $;0,00 $;-125,68 $;0,00 $;-125,68 $;130,00;395,00 $;70,00 $;195,68 $;0,09%;
12/08/2021;1;6073,80 $;904,32 $;904,32 $;0,00 $;5,68 $;-13727,48 $;0,00 $;100,00%;904,32 $;904,32 $;0,00 $;904,32 $;0,00 $;70,00;0,00 $;910,00 $;5,68 $;0,09%;
13/08/2021;1;5753,12 $;-320,68 $;0,00 $;-320,68 $;5,68 $;-14048,16 $;-320,68 $;0,00%;-320,68 $;0,00 $;-320,68 $;0,00 $;-320,68 $;390,00;910,00 $;65,00 $;385,68 $;0,09%;
16/08/2021;1;6202,44 $;449,32 $;449,32 $;0,00 $;5,68 $;-13598,84 $;0,00 $;100,00%;449,32 $;449,32 $;0,00 $;449,32 $;0,00 $;80,00;265,00 $;535,00 $;85,68 $;0,09%;
17/08/2021;1;4801,76 $;-1400,68 $;0,00 $;-1400,68 $;5,68 $;-14999,52 $;-1400,68 $;0,00%;-1400,68 $;0,00 $;-1400,68 $;0,00 $;-1400,68 $;45,00;1395,00 $;35,00 $;1435,68 $;0,09%;
18/08/2021;1;3941,08 $;-860,68 $;0,00 $;-860,68 $;5,68 $;-15860,20 $;-860,68 $;0,00%;-860,68 $;0,00 $;-860,68 $;0,00 $;-860,68 $;90,00;855,00 $;595,00 $;1455,68 $;0,09%;
19/08/2021;1;4750,40 $;809,32 $;809,32 $;0,00 $;5,68 $;-15050,88 $;0,00 $;100,00%;809,32 $;809,32 $;0,00 $;809,32 $;0,00 $;40,00;870,00 $;815,00 $;5,68 $;0,09%;
20/08/2021;1;5454,72 $;704,32 $;704,32 $;0,00 $;5,68 $;-14346,56 $;0,00 $;100,00%;704,32 $;704,32 $;0,00 $;704,32 $;0,00 $;410,00;1160,00 $;810,00 $;105,68 $;0,09%;
23/08/2021;1;6264,04 $;809,32 $;809,32 $;0,00 $;5,68 $;-13537,24 $;0,00 $;100,00%;809,32 $;809,32 $;0,00 $;809,32 $;0,00 $;40,00;160,00 $;815,00 $;5,68 $;0,09%;
24/08/2021;1;6178,36 $;-85,68 $;0,00 $;-85,68 $;5,68 $;-13622,92 $;-85,68 $;0,00%;-85,68 $;0,00 $;-85,68 $;0,00 $;-85,68 $;385,00;745,00 $;260,00 $;345,68 $;0,09%;
27/08/2021;1;6162,68 $;-15,68 $;0,00 $;-15,68 $;5,68 $;-13638,60 $;-15,68 $;0,00%;-15,68 $;0,00 $;-15,68 $;0,00 $;-15,68 $;0,00;10,00 $;0,00 $;15,68 $;0,09%;
30/08/2021;1;6802,00 $;639,32 $;639,32 $;0,00 $;5,68 $;-12999,28 $;0,00 $;100,00%;639,32 $;639,32 $;0,00 $;639,32 $;0,00 $;25,00;165,00 $;645,00 $;5,68 $;0,09%;
03/09/2021;1;7261,32 $;459,32 $;459,32 $;0,00 $;5,68 $;-12539,96 $;0,00 $;100,00%;459,32 $;459,32 $;0,00 $;459,32 $;0,00 $;185,00;775,00 $;465,00 $;5,68 $;0,09%;
06/09/2021;1;7240,64 $;-20,68 $;0,00 $;-20,68 $;5,68 $;-12560,64 $;-20,68 $;0,00%;-20,68 $;0,00 $;-20,68 $;0,00 $;-20,68 $;0,00;15,00 $;0,00 $;20,68 $;0,09%;
07/09/2021;1;7234,96 $;-5,68 $;0,00 $;-5,68 $;5,68 $;-12566,32 $;-5,68 $;0,00%;-5,68 $;0,00 $;-5,68 $;0,00 $;-5,68 $;350,00;790,00 $;590,00 $;595,68 $;0,09%;
15/09/2021;1;8694,28 $;1459,32 $;1459,32 $;0,00 $;5,68 $;-11107,00 $;0,00 $;100,00%;1459,32 $;1459,32 $;0,00 $;1459,32 $;0,00 $;225,00;10,00 $;1590,00 $;130,68 $;0,09%;
16/09/2021;1;9118,60 $;424,32 $;424,32 $;0,00 $;5,68 $;-10682,68 $;0,00 $;100,00%;424,32 $;424,32 $;0,00 $;424,32 $;0,00 $;150,00;175,00 $;1120,00 $;695,68 $;0,09%;
22/09/2021;1;9472,92 $;354,32 $;354,32 $;0,00 $;5,68 $;-10328,36 $;0,00 $;100,00%;354,32 $;354,32 $;0,00 $;354,32 $;0,00 $;15,00;515,00 $;360,00 $;5,68 $;0,09%;
23/09/2021;1;8932,24 $;-540,68 $;0,00 $;-540,68 $;5,68 $;-10869,04 $;-540,68 $;0,00%;-540,68 $;0,00 $;-540,68 $;0,00 $;-540,68 $;400,00;1145,00 $;485,00 $;1025,68 $;0,09%;
24/09/2021;1;9991,56 $;1059,32 $;1059,32 $;0,00 $;5,68 $;-9809,72 $;0,00 $;100,00%;1059,32 $;1059,32 $;0,00 $;1059,32 $;0,00 $;180,00;750,00 $;1065,00 $;5,68 $;0,09%;
27/09/2021;1;9080,88 $;-910,68 $;0,00 $;-910,68 $;5,68 $;-10720,40 $;-910,68 $;0,00%;-910,68 $;0,00 $;-910,68 $;0,00 $;-910,68 $;90,00;915,00 $;155,00 $;1065,68 $;0,09%;
29/09/2021;1;7360,20 $;-1720,68 $;0,00 $;-1720,68 $;5,68 $;-12441,08 $;-1720,68 $;0,00%;-1720,68 $;0,00 $;-1720,68 $;0,00 $;-1720,68 $;90,00;1715,00 $;560,00 $;2280,68 $;0,09%;
01/10/2021;1;8084,52 $;724,32 $;724,32 $;0,00 $;5,68 $;-11716,76 $;0,00 $;100,00%;724,32 $;724,32 $;0,00 $;724,32 $;0,00 $;145,00;30,00 $;1545,00 $;820,68 $;0,09%;
05/10/2021;1;8973,84 $;889,32 $;889,32 $;0,00 $;5,68 $;-10827,44 $;0,00 $;100,00%;889,32 $;889,32 $;0,00 $;889,32 $;0,00 $;40,00;255,00 $;895,00 $;5,68 $;0,09%;
06/10/2021;1;11373,16 $;2399,32 $;2399,32 $;0,00 $;5,68 $;-8428,12 $;0,00 $;100,00%;2399,32 $;2399,32 $;0,00 $;2399,32 $;0,00 $;340,00;1555,00 $;2405,00 $;5,68 $;0,09%;
07/10/2021;1;9802,48 $;-1570,68 $;0,00 $;-1570,68 $;5,68 $;-9998,80 $;-1570,68 $;0,00%;-1570,68 $;0,00 $;-1570,68 $;0,00 $;-1570,68 $;405,00;2020,00 $;635,00 $;2205,68 $;0,09%;
11/10/2021;1;6871,80 $;-2930,68 $;0,00 $;-2930,68 $;5,68 $;-12929,48 $;-2930,68 $;0,00%;-2930,68 $;0,00 $;-2930,68 $;0,00 $;-2930,68 $;345,00;2925,00 $;585,00 $;3515,68 $;0,09%;
14/10/2021;1;7451,12 $;579,32 $;579,32 $;0,00 $;5,68 $;-12350,16 $;0,00 $;100,00%;579,32 $;579,32 $;0,00 $;579,32 $;0,00 $;100,00;445,00 $;585,00 $;5,68 $;0,09%;
15/10/2021;1;8030,44 $;579,32 $;579,32 $;0,00 $;5,68 $;-11770,84 $;0,00 $;100,00%;579,32 $;579,32 $;0,00 $;579,32 $;0,00 $;345,00;1130,00 $;600,00 $;20,68 $;0,09%;
18/10/2021;1;9334,76 $;1304,32 $;1304,32 $;0,00 $;5,68 $;-10466,52 $;0,00 $;100,00%;1304,32 $;1304,32 $;0,00 $;1304,32 $;0,00 $;120,00;560,00 $;1310,00 $;5,68 $;0,09%;
19/10/2021;1;10239,08 $;904,32 $;904,32 $;0,00 $;5,68 $;-9562,20 $;0,00 $;100,00%;904,32 $;904,32 $;0,00 $;904,32 $;0,00 $;290,00;165,00 $;910,00 $;5,68 $;0,09%;
20/10/2021;1;9743,40 $;-495,68 $;0,00 $;-495,68 $;5,68 $;-10057,88 $;-495,68 $;0,00%;-495,68 $;0,00 $;-495,68 $;0,00 $;-495,68 $;20,00;490,00 $;105,00 $;600,68 $;0,09%;
21/10/2021;1;10342,72 $;599,32 $;599,32 $;0,00 $;5,68 $;-9458,56 $;0,00 $;100,00%;599,32 $;599,32 $;0,00 $;599,32 $;0,00 $;25,00;75,00 $;605,00 $;5,68 $;0,09%;
25/10/2021;1;12052,04 $;1709,32 $;1709,32 $;0,00 $;5,68 $;-7749,24 $;0,00 $;100,00%;1709,32 $;1709,32 $;0,00 $;1709,32 $;0,00 $;265,00;180,00 $;1715,00 $;5,68 $;0,09%;
26/10/2021;1;9811,36 $;-2240,68 $;0,00 $;-2240,68 $;5,68 $;-9989,92 $;-2240,68 $;0,00%;-2240,68 $;0,00 $;-2240,68 $;0,00 $;-2240,68 $;95,00;2235,00 $;190,00 $;2430,68 $;0,09%;
27/10/2021;1;8530,68 $;-1280,68 $;0,00 $;-1280,68 $;5,68 $;-11270,60 $;-1280,68 $;0,00%;-1280,68 $;0,00 $;-1280,68 $;0,00 $;-1280,68 $;335,00;1505,00 $;1215,00 $;2495,68 $;0,09%;
28/10/2021;1;9250,00 $;719,32 $;719,32 $;0,00 $;5,68 $;-10551,28 $;0,00 $;100,00%;719,32 $;719,32 $;0,00 $;719,32 $;0,00 $;35,00;170,00 $;725,00 $;5,68 $;0,09%;
29/10/2021;1;10889,32 $;1639,32 $;1639,32 $;0,00 $;5,68 $;-8911,96 $;0,00 $;100,00%;1639,32 $;1639,32 $;0,00 $;1639,32 $;0,00 $;110,00;230,00 $;1645,00 $;5,68 $;0,09%;
01/11/2021;1;11108,64 $;219,32 $;219,32 $;0,00 $;5,68 $;-8692,64 $;0,00 $;100,00%;219,32 $;219,32 $;0,00 $;219,32 $;0,00 $;45,00;55,00 $;315,00 $;95,68 $;0,09%;
02/11/2021;1;11417,96 $;309,32 $;309,32 $;0,00 $;5,68 $;-8383,32 $;0,00 $;100,00%;309,32 $;309,32 $;0,00 $;309,32 $;0,00 $;300,00;765,00 $;705,00 $;395,68 $;0,09%;
03/11/2021;1;12782,28 $;1364,32 $;1364,32 $;0,00 $;5,68 $;-7019,00 $;0,00 $;100,00%;1364,32 $;1364,32 $;0,00 $;1364,32 $;0,00 $;30,00;225,00 $;1370,00 $;5,68 $;0,09%;
04/11/2021;1;13746,60 $;964,32 $;964,32 $;0,00 $;5,68 $;-6054,68 $;0,00 $;100,00%;964,32 $;964,32 $;0,00 $;964,32 $;0,00 $;25,00;190,00 $;970,00 $;5,68 $;0,09%;
10/11/2021;1;10920,92 $;-2825,68 $;0,00 $;-2825,68 $;5,68 $;-8880,36 $;-2825,68 $;0,00%;-2825,68 $;0,00 $;-2825,68 $;0,00 $;-2825,68 $;190,00;2820,00 $;770,00 $;3595,68 $;0,09%;
12/11/2021;1;11835,24 $;914,32 $;914,32 $;0,00 $;5,68 $;-7966,04 $;0,00 $;100,00%;914,32 $;914,32 $;0,00 $;914,32 $;0,00 $;15,00;115,00 $;920,00 $;5,68 $;0,09%;
16/11/2021;1;12079,56 $;244,32 $;244,32 $;0,00 $;5,68 $;-7721,72 $;0,00 $;100,00%;244,32 $;244,32 $;0,00 $;244,32 $;0,00 $;340,00;80,00 $;840,00 $;595,68 $;0,09%;
17/11/2021;1;12403,88 $;324,32 $;324,32 $;0,00 $;5,68 $;-7397,40 $;0,00 $;100,00%;324,32 $;324,32 $;0,00 $;324,32 $;0,00 $;30,00;240,00 $;330,00 $;5,68 $;0,09%;
18/11/2021;1;13028,20 $;624,32 $;624,32 $;0,00 $;5,68 $;-6773,08 $;0,00 $;100,00%;624,32 $;624,32 $;0,00 $;624,32 $;0,00 $;45,00;105,00 $;630,00 $;5,68 $;0,09%;
19/11/2021;1;12982,52 $;-45,68 $;0,00 $;-45,68 $;5,68 $;-6818,76 $;-45,68 $;0,00%;-45,68 $;0,00 $;-45,68 $;0,00 $;-45,68 $;410,00;1135,00 $;765,00 $;810,68 $;0,09%;
22/11/2021;1;10636,84 $;-2345,68 $;0,00 $;-2345,68 $;5,68 $;-9164,44 $;-2345,68 $;0,00%;-2345,68 $;0,00 $;-2345,68 $;0,00 $;-2345,68 $;55,00;2340,00 $;250,00 $;2595,68 $;0,09%;
24/11/2021;1;12111,16 $;1474,32 $;1474,32 $;0,00 $;5,68 $;-7690,12 $;0,00 $;100,00%;1474,32 $;1474,32 $;0,00 $;1474,32 $;0,00 $;45,00;630,00 $;1480,00 $;5,68 $;0,09%;
29/11/2021;1;13410,48 $;1299,32 $;1299,32 $;0,00 $;5,68 $;-6390,80 $;0,00 $;100,00%;1299,32 $;1299,32 $;0,00 $;1299,32 $;0,00 $;105,00;1255,00 $;1305,00 $;5,68 $;0,09%;
30/11/2021;1;13844,80 $;434,32 $;434,32 $;0,00 $;5,68 $;-5956,48 $;0,00 $;100,00%;434,32 $;434,32 $;0,00 $;434,32 $;0,00 $;0,00;0,00 $;440,00 $;5,68 $;0,09%;
01/12/2021;1;11834,12 $;-2010,68 $;0,00 $;-2010,68 $;5,68 $;-7967,16 $;-2010,68 $;0,00%;-2010,68 $;0,00 $;-2010,68 $;0,00 $;-2010,68 $;115,00;2005,00 $;1140,00 $;3150,68 $;0,09%;
02/12/2021;1;7233,44 $;-4600,68 $;0,00 $;-4600,68 $;5,68 $;-12567,84 $;-4600,68 $;0,00%;-4600,68 $;0,00 $;-4600,68 $;0,00 $;-4600,68 $;35,00;4595,00 $;45,00 $;4645,68 $;0,09%;
06/12/2021;1;8897,76 $;1664,32 $;1664,32 $;0,00 $;5,68 $;-10903,52 $;0,00 $;100,00%;1664,32 $;1664,32 $;0,00 $;1664,32 $;0,00 $;385,00;2200,00 $;2630,00 $;965,68 $;0,09%;
07/12/2021;1;9832,08 $;934,32 $;934,32 $;0,00 $;5,68 $;-9969,20 $;0,00 $;100,00%;934,32 $;934,32 $;0,00 $;934,32 $;0,00 $;30,00;315,00 $;940,00 $;5,68 $;0,09%;
08/12/2021;1;9996,40 $;164,32 $;164,32 $;0,00 $;5,68 $;-9804,88 $;0,00 $;100,00%;164,32 $;164,32 $;0,00 $;164,32 $;0,00 $;185,00;1110,00 $;475,00 $;310,68 $;0,09%;
15/12/2021;1;10380,72 $;384,32 $;384,32 $;0,00 $;5,68 $;-9420,56 $;0,00 $;100,00%;384,32 $;384,32 $;0,00 $;384,32 $;0,00 $;30,00;2465,00 $;390,00 $;5,68 $;0,09%;
17/12/2021;1;11475,04 $;1094,32 $;1094,32 $;0,00 $;5,68 $;-8326,24 $;0,00 $;100,00%;1094,32 $;1094,32 $;0,00 $;1094,32 $;0,00 $;20,00;510,00 $;1100,00 $;5,68 $;0,09%;
20/12/2021;1;11259,36 $;-215,68 $;0,00 $;-215,68 $;5,68 $;-8541,92 $;-215,68 $;0,00%;-215,68 $;0,00 $;-215,68 $;0,00 $;-215,68 $;35,00;290,00 $;110,00 $;325,68 $;0,09%;
21/12/2021;1;13193,68 $;1934,32 $;1934,32 $;0,00 $;5,68 $;-6607,60 $;0,00 $;100,00%;1934,32 $;1934,32 $;0,00 $;1934,32 $;0,00 $;70,00;115,00 $;1940,00 $;5,68 $;0,09%;
22/12/2021;1;14748,00 $;1554,32 $;1554,32 $;0,00 $;5,68 $;-5053,28 $;0,00 $;100,00%;1554,32 $;1554,32 $;0,00 $;1554,32 $;0,00 $;300,00;630,00 $;1560,00 $;5,68 $;0,09%;
23/12/2021;1;15322,32 $;574,32 $;574,32 $;0,00 $;5,68 $;-4478,96 $;0,00 $;100,00%;574,32 $;574,32 $;0,00 $;574,32 $;0,00 $;35,00;450,00 $;580,00 $;5,68 $;0,09%;
27/12/2021;1;16861,64 $;1539,32 $;1539,32 $;0,00 $;5,68 $;-2939,64 $;0,00 $;100,00%;1539,32 $;1539,32 $;0,00 $;1539,32 $;0,00 $;240,00;245,00 $;1545,00 $;5,68 $;0,09%;
30/12/2021;1;14740,96 $;-2120,68 $;0,00 $;-2120,68 $;5,68 $;-5060,32 $;-2120,68 $;0,00%;-2120,68 $;0,00 $;-2120,68 $;0,00 $;-2120,68 $;325,00;2115,00 $;255,00 $;2375,68 $;0,09%;
03/01/2022;1;14905,28 $;164,32 $;164,32 $;0,00 $;5,68 $;-4896,00 $;0,00 $;100,00%;164,32 $;164,32 $;0,00 $;164,32 $;0,00 $;120,00;740,00 $;415,00 $;250,68 $;0,09%;
06/01/2022;1;14149,60 $;-755,68 $;0,00 $;-755,68 $;5,68 $;-5651,68 $;-755,68 $;0,00%;-755,68 $;0,00 $;-755,68 $;0,00 $;-755,68 $;240,00;2280,00 $;710,00 $;1465,68 $;0,09%;
10/01/2022;1;16143,92 $;1994,32 $;1994,32 $;0,00 $;5,68 $;-3657,36 $;0,00 $;100,00%;1994,32 $;1994,32 $;0,00 $;1994,32 $;0,00 $;90,00;895,00 $;2000,00 $;5,68 $;0,09%;
11/01/2022;1;17873,24 $;1729,32 $;1729,32 $;0,00 $;5,68 $;-1928,04 $;0,00 $;100,00%;1729,32 $;1729,32 $;0,00 $;1729,32 $;0,00 $;60,00;2425,00 $;1735,00 $;5,68 $;0,09%;
14/01/2022;1;18952,56 $;1079,32 $;1079,32 $;0,00 $;5,68 $;-848,72 $;0,00 $;100,00%;1079,32 $;1079,32 $;0,00 $;1079,32 $;0,00 $;85,00;5,00 $;1170,00 $;90,68 $;0,09%;
18/01/2022;1;16481,88 $;-2470,68 $;0,00 $;-2470,68 $;5,68 $;-3319,40 $;-2470,68 $;0,00%;-2470,68 $;0,00 $;-2470,68 $;0,00 $;-2470,68 $;70,00;2465,00 $;600,00 $;3070,68 $;0,09%;
19/01/2022;1;15036,20 $;-1445,68 $;0,00 $;-1445,68 $;5,68 $;-4765,08 $;-1445,68 $;0,00%;-1445,68 $;0,00 $;-1445,68 $;0,00 $;-1445,68 $;20,00;1440,00 $;840,00 $;2285,68 $;0,09%;
20/01/2022;1;12755,52 $;-2280,68 $;0,00 $;-2280,68 $;5,68 $;-7045,76 $;-2280,68 $;0,00%;-2280,68 $;0,00 $;-2280,68 $;0,00 $;-2280,68 $;240,00;2275,00 $;1330,00 $;3610,68 $;0,09%;
21/01/2022;1;9949,84 $;-2805,68 $;0,00 $;-2805,68 $;5,68 $;-9851,44 $;-2805,68 $;0,00%;-2805,68 $;0,00 $;-2805,68 $;0,00 $;-2805,68 $;10,00;2800,00 $;200,00 $;3005,68 $;0,09%;
24/01/2022;1;11809,16 $;1859,32 $;1859,32 $;0,00 $;5,68 $;-7992,12 $;0,00 $;100,00%;1859,32 $;1859,32 $;0,00 $;1859,32 $;0,00 $;5,00;95,00 $;1865,00 $;5,68 $;0,09%;
25/01/2022;1;8633,48 $;-3175,68 $;0,00 $;-3175,68 $;5,68 $;-11167,80 $;-3175,68 $;0,00%;-3175,68 $;0,00 $;-3175,68 $;0,00 $;-3175,68 $;85,00;3170,00 $;2735,00 $;5910,68 $;0,09%;
26/01/2022;1;4822,80 $;-3810,68 $;0,00 $;-3810,68 $;5,68 $;-14978,48 $;-3810,68 $;0,00%;-3810,68 $;0,00 $;-3810,68 $;0,00 $;-3810,68 $;110,00;3805,00 $;1990,00 $;5800,68 $;0,09%;
28/01/2022;1;9597,12 $;4774,32 $;4774,32 $;0,00 $;5,68 $;-10204,16 $;0,00 $;100,00%;4774,32 $;4774,32 $;0,00 $;4774,32 $;0,00 $;280,00;795,00 $;4780,00 $;5,68 $;0,09%;
31/01/2022;1;11621,44 $;2024,32 $;2024,32 $;0,00 $;5,68 $;-8179,84 $;0,00 $;100,00%;2024,32 $;2024,32 $;0,00 $;2024,32 $;0,00 $;105,00;200,00 $;2030,00 $;5,68 $;0,09%;
01/02/2022;1;13910,76 $;2289,32 $;2289,32 $;0,00 $;5,68 $;-5890,52 $;0,00 $;100,00%;2289,32 $;2289,32 $;0,00 $;2289,32 $;0,00 $;35,00;420,00 $;2295,00 $;5,68 $;0,09%;
04/02/2022;1;17315,08 $;3404,32 $;3404,32 $;0,00 $;5,68 $;-2486,20 $;0,00 $;100,00%;3404,32 $;3404,32 $;0,00 $;3404,32 $;0,00 $;275,00;3365,00 $;3410,00 $;5,68 $;0,09%;
08/02/2022;1;18664,40 $;1349,32 $;1349,32 $;0,00 $;5,68 $;-1136,88 $;0,00 $;100,00%;1349,32 $;1349,32 $;0,00 $;1349,32 $;0,00 $;15,00;45,00 $;1355,00 $;5,68 $;0,09%;
09/02/2022;1;19543,72 $;879,32 $;879,32 $;0,00 $;5,68 $;-257,56 $;0,00 $;100,00%;879,32 $;879,32 $;0,00 $;879,32 $;0,00 $;160,00;665,00 $;885,00 $;5,68 $;0,09%;
10/02/2022;1;19883,04 $;339,32 $;339,32 $;0,00 $;5,68 $;0,00 $;0,00 $;100,00%;339,32 $;339,32 $;0,00 $;339,32 $;0,00 $;0,00;0,00 $;345,00 $;5,68 $;0,09%;
14/02/2022;1;16337,36 $;-3545,68 $;0,00 $;-3545,68 $;5,68 $;-3545,68 $;-3545,68 $;0,00%;-3545,68 $;0,00 $;-3545,68 $;0,00 $;-3545,68 $;140,00;3540,00 $;705,00 $;4250,68 $;0,09%;
15/02/2022;1;14496,68 $;-1840,68 $;0,00 $;-1840,68 $;5,68 $;-5386,36 $;-1840,68 $;0,00%;-1840,68 $;0,00 $;-1840,68 $;0,00 $;-1840,68 $;110,00;1835,00 $;515,00 $;2355,68 $;0,09%;
16/02/2022;1;15071,00 $;574,32 $;574,32 $;0,00 $;5,68 $;-4812,04 $;0,00 $;100,00%;574,32 $;574,32 $;0,00 $;574,32 $;0,00 $;25,00;945,00 $;580,00 $;5,68 $;0,09%;
22/02/2022;1;11985,32 $;-3085,68 $;0,00 $;-3085,68 $;5,68 $;-7897,72 $;-3085,68 $;0,00%;-3085,68 $;0,00 $;-3085,68 $;0,00 $;-3085,68 $;70,00;3080,00 $;295,00 $;3380,68 $;0,09%;
24/02/2022;1;15304,64 $;3319,32 $;3319,32 $;0,00 $;5,68 $;-4578,40 $;0,00 $;100,00%;3319,32 $;3319,32 $;0,00 $;3319,32 $;0,00 $;205,00;2695,00 $;3325,00 $;5,68 $;0,09%;
25/02/2022;1;17148,96 $;1844,32 $;1844,32 $;0,00 $;5,68 $;-2734,08 $;0,00 $;100,00%;1844,32 $;1844,32 $;0,00 $;1844,32 $;0,00 $;60,00;850,00 $;1850,00 $;5,68 $;0,09%;
28/02/2022;1;16788,28 $;-360,68 $;0,00 $;-360,68 $;5,68 $;-3094,76 $;-360,68 $;0,00%;-360,68 $;0,00 $;-360,68 $;0,00 $;-360,68 $;0,00;355,00 $;0,00 $;360,68 $;0,09%;
02/03/2022;1;18397,60 $;1609,32 $;1609,32 $;0,00 $;5,68 $;-1485,44 $;0,00 $;100,00%;1609,32 $;1609,32 $;0,00 $;1609,32 $;0,00 $;110,00;655,00 $;1615,00 $;5,68 $;0,09%;
08/03/2022;1;19346,92 $;949,32 $;949,32 $;0,00 $;5,68 $;-536,12 $;0,00 $;100,00%;949,32 $;949,32 $;0,00 $;949,32 $;0,00 $;5,00;865,00 $;955,00 $;5,68 $;0,09%;
09/03/2022;1;21031,24 $;1684,32 $;1684,32 $;0,00 $;5,68 $;0,00 $;0,00 $;100,00%;1684,32 $;1684,32 $;0,00 $;1684,32 $;0,00 $;120,00;1045,00 $;1690,00 $;5,68 $;0,09%;
10/03/2022;1;20705,56 $;-325,68 $;0,00 $;-325,68 $;5,68 $;-325,68 $;-325,68 $;0,00%;-325,68 $;0,00 $;-325,68 $;0,00 $;-325,68 $;135,00;800,00 $;895,00 $;1220,68 $;0,09%;
14/03/2022;1;17294,88 $;-3410,68 $;0,00 $;-3410,68 $;5,68 $;-3736,36 $;-3410,68 $;0,00%;-3410,68 $;0,00 $;-3410,68 $;0,00 $;-3410,68 $;75,00;3405,00 $;385,00 $;3795,68 $;0,09%;
15/03/2022;1;18389,20 $;1094,32 $;1094,32 $;0,00 $;5,68 $;-2642,04 $;0,00 $;100,00%;1094,32 $;1094,32 $;0,00 $;1094,32 $;0,00 $;35,00;130,00 $;1100,00 $;5,68 $;0,09%;
16/03/2022;1;14153,52 $;-4235,68 $;0,00 $;-4235,68 $;5,68 $;-6877,72 $;-4235,68 $;0,00%;-4235,68 $;0,00 $;-4235,68 $;0,00 $;-4235,68 $;220,00;4230,00 $;860,00 $;5095,68 $;0,09%;
17/03/2022;1;15002,84 $;849,32 $;849,32 $;0,00 $;5,68 $;-6028,40 $;0,00 $;100,00%;849,32 $;849,32 $;0,00 $;849,32 $;0,00 $;200,00;3160,00 $;855,00 $;5,68 $;0,09%;
18/03/2022;1;15512,16 $;509,32 $;509,32 $;0,00 $;5,68 $;-5519,08 $;0,00 $;100,00%;509,32 $;509,32 $;0,00 $;509,32 $;0,00 $;0,00;0,00 $;515,00 $;5,68 $;0,09%;
22/03/2022;1;16756,48 $;1244,32 $;1244,32 $;0,00 $;5,68 $;-4274,76 $;0,00 $;100,00%;1244,32 $;1244,32 $;0,00 $;1244,32 $;0,00 $;15,00;270,00 $;1250,00 $;5,68 $;0,09%;
23/03/2022;1;17645,80 $;889,32 $;889,32 $;0,00 $;5,68 $;-3385,44 $;0,00 $;100,00%;889,32 $;889,32 $;0,00 $;889,32 $;0,00 $;55,00;1150,00 $;895,00 $;5,68 $;0,09%;
24/03/2022;1;18400,12 $;754,32 $;754,32 $;0,00 $;5,68 $;-2631,12 $;0,00 $;100,00%;754,32 $;754,32 $;0,00 $;754,32 $;0,00 $;0,00;0,00 $;760,00 $;5,68 $;0,09%;
28/03/2022;1;19229,44 $;829,32 $;829,32 $;0,00 $;5,68 $;-1801,80 $;0,00 $;100,00%;829,32 $;829,32 $;0,00 $;829,32 $;0,00 $;115,00;415,00 $;1155,00 $;325,68 $;0,09%;
29/03/2022;1;19078,76 $;-150,68 $;0,00 $;-150,68 $;5,68 $;-1952,48 $;-150,68 $;0,00%;-150,68 $;0,00 $;-150,68 $;0,00 $;-150,68 $;110,00;570,00 $;745,00 $;895,68 $;0,09%;
30/03/2022;1;17723,08 $;-1355,68 $;0,00 $;-1355,68 $;5,68 $;-3308,16 $;-1355,68 $;0,00%;-1355,68 $;0,00 $;-1355,68 $;0,00 $;-1355,68 $;25,00;1350,00 $;525,00 $;1880,68 $;0,09%;
04/04/2022;1;19402,40 $;1679,32 $;1679,32 $;0,00 $;5,68 $;-1628,84 $;0,00 $;100,00%;1679,32 $;1679,32 $;0,00 $;1679,32 $;0,00 $;280,00;815,00 $;1685,00 $;5,68 $;0,09%;
07/04/2022;1;17536,72 $;-1865,68 $;0,00 $;-1865,68 $;5,68 $;-3494,52 $;-1865,68 $;0,00%;-1865,68 $;0,00 $;-1865,68 $;0,00 $;-1865,68 $;100,00;2100,00 $;135,00 $;2000,68 $;0,09%;
08/04/2022;1;15271,04 $;-2265,68 $;0,00 $;-2265,68 $;5,68 $;-5760,20 $;-2265,68 $;0,00%;-2265,68 $;0,00 $;-2265,68 $;0,00 $;-2265,68 $;110,00;2260,00 $;320,00 $;2585,68 $;0,09%;
12/04/2022;1;12275,36 $;-2995,68 $;0,00 $;-2995,68 $;5,68 $;-8755,88 $;-2995,68 $;0,00%;-2995,68 $;0,00 $;-2995,68 $;0,00 $;-2995,68 $;40,00;2990,00 $;305,00 $;3300,68 $;0,09%;
13/04/2022;1;15224,68 $;2949,32 $;2949,32 $;0,00 $;5,68 $;-5806,56 $;0,00 $;100,00%;2949,32 $;2949,32 $;0,00 $;2949,32 $;0,00 $;275,00;630,00 $;2955,00 $;5,68 $;0,09%;
18/04/2022;1;12364,00 $;-2860,68 $;0,00 $;-2860,68 $;5,68 $;-8667,24 $;-2860,68 $;0,00%;-2860,68 $;0,00 $;-2860,68 $;0,00 $;-2860,68 $;80,00;2855,00 $;225,00 $;3085,68 $;0,09%;
19/04/2022;1;13003,32 $;639,32 $;639,32 $;0,00 $;5,68 $;-8027,92 $;0,00 $;100,00%;639,32 $;639,32 $;0,00 $;639,32 $;0,00 $;5,00;200,00 $;645,00 $;5,68 $;0,09%;
25/04/2022;1;14477,64 $;1474,32 $;1474,32 $;0,00 $;5,68 $;-6553,60 $;0,00 $;100,00%;1474,32 $;1474,32 $;0,00 $;1474,32 $;0,00 $;295,00;3645,00 $;1480,00 $;5,68 $;0,09%;
28/04/2022;1;16591,96 $;2114,32 $;2114,32 $;0,00 $;5,68 $;-4439,28 $;0,00 $;100,00%;2114,32 $;2114,32 $;0,00 $;2114,32 $;0,00 $;50,00;500,00 $;2120,00 $;5,68 $;0,09%;
29/04/2022;1;13836,28 $;-2755,68 $;0,00 $;-2755,68 $;5,68 $;-7194,96 $;-2755,68 $;0,00%;-2755,68 $;0,00 $;-2755,68 $;0,00 $;-2755,68 $;15,00;2750,00 $;405,00 $;3160,68 $;0,09%;
02/05/2022;1;8780,60 $;-5055,68 $;0,00 $;-5055,68 $;5,68 $;-12250,64 $;-5055,68 $;0,00%;-5055,68 $;0,00 $;-5055,68 $;0,00 $;-5055,68 $;185,00;5050,00 $;760,00 $;5815,68 $;0,09%;
03/05/2022;1;9894,92 $;1114,32 $;1114,32 $;0,00 $;5,68 $;-11136,32 $;0,00 $;100,00%;1114,32 $;1114,32 $;0,00 $;1114,32 $;0,00 $;405,00;1770,00 $;2375,00 $;1260,68 $;0,09%;
04/05/2022;1;8944,24 $;-950,68 $;0,00 $;-950,68 $;5,68 $;-12087,00 $;-950,68 $;0,00%;-950,68 $;0,00 $;-950,68 $;0,00 $;-950,68 $;5,00;945,00 $;720,00 $;1670,68 $;0,09%;
06/05/2022;1;5408,56 $;-3535,68 $;0,00 $;-3535,68 $;5,68 $;-15622,68 $;-3535,68 $;0,00%;-3535,68 $;0,00 $;-3535,68 $;0,00 $;-3535,68 $;355,00;5475,00 $;1775,00 $;5310,68 $;0,09%;
12/05/2022;1;8757,88 $;3349,32 $;3349,32 $;0,00 $;5,68 $;-12273,36 $;0,00 $;100,00%;3349,32 $;3349,32 $;0,00 $;3349,32 $;0,00 $;45,00;790,00 $;3355,00 $;5,68 $;0,09%;
13/05/2022;1;10302,20 $;1544,32 $;1544,32 $;0,00 $;5,68 $;-10729,04 $;0,00 $;100,00%;1544,32 $;1544,32 $;0,00 $;1544,32 $;0,00 $;105,00;605,00 $;1550,00 $;5,68 $;0,09%;
16/05/2022;1;6871,52 $;-3430,68 $;0,00 $;-3430,68 $;5,68 $;-14159,72 $;-3430,68 $;0,00%;-3430,68 $;0,00 $;-3430,68 $;0,00 $;-3430,68 $;80,00;3425,00 $;235,00 $;3665,68 $;0,09%;
17/05/2022;1;7290,84 $;419,32 $;419,32 $;0,00 $;5,68 $;-13740,40 $;0,00 $;100,00%;419,32 $;419,32 $;0,00 $;419,32 $;0,00 $;100,00;835,00 $;510,00 $;90,68 $;0,09%;
19/05/2022;1;3960,16 $;-3330,68 $;0,00 $;-3330,68 $;5,68 $;-17071,08 $;-3330,68 $;0,00%;-3330,68 $;0,00 $;-3330,68 $;0,00 $;-3330,68 $;310,00;4315,00 $;205,00 $;3535,68 $;0,09%;
23/05/2022;1;5199,48 $;1239,32 $;1239,32 $;0,00 $;5,68 $;-15831,76 $;0,00 $;100,00%;1239,32 $;1239,32 $;0,00 $;1239,32 $;0,00 $;310,00;1530,00 $;1635,00 $;395,68 $;0,09%;
25/05/2022;1;6993,80 $;1794,32 $;1794,32 $;0,00 $;5,68 $;-14037,44 $;0,00 $;100,00%;1794,32 $;1794,32 $;0,00 $;1794,32 $;0,00 $;260,00;2940,00 $;1800,00 $;5,68 $;0,09%;
26/05/2022;1;10158,12 $;3164,32 $;3164,32 $;0,00 $;5,68 $;-10873,12 $;0,00 $;100,00%;3164,32 $;3164,32 $;0,00 $;3164,32 $;0,00 $;125,00;175,00 $;3170,00 $;5,68 $;0,09%;
27/05/2022;1;11942,44 $;1784,32 $;1784,32 $;0,00 $;5,68 $;-9088,80 $;0,00 $;100,00%;1784,32 $;1784,32 $;0,00 $;1784,32 $;0,00 $;295,00;570,00 $;1790,00 $;5,68 $;0,09%;
30/05/2022;1;12381,76 $;439,32 $;439,32 $;0,00 $;5,68 $;-8649,48 $;0,00 $;100,00%;439,32 $;439,32 $;0,00 $;439,32 $;0,00 $;25,00;220,00 $;445,00 $;5,68 $;0,09%;
31/05/2022;1;10416,08 $;-1965,68 $;0,00 $;-1965,68 $;5,68 $;-10615,16 $;-1965,68 $;0,00%;-1965,68 $;0,00 $;-1965,68 $;0,00 $;-1965,68 $;290,00;2990,00 $;345,00 $;2310,68 $;0,09%;
02/06/2022;1;12595,40 $;2179,32 $;2179,32 $;0,00 $;5,68 $;-8435,84 $;0,00 $;100,00%;2179,32 $;2179,32 $;0,00 $;2179,32 $;0,00 $;50,00;375,00 $;2185,00 $;5,68 $;0,09%;
06/06/2022;1;10249,72 $;-2345,68 $;0,00 $;-2345,68 $;5,68 $;-10781,52 $;-2345,68 $;0,00%;-2345,68 $;0,00 $;-2345,68 $;0,00 $;-2345,68 $;60,00;2340,00 $;330,00 $;2675,68 $;0,09%;
07/06/2022;1;10854,04 $;604,32 $;604,32 $;0,00 $;5,68 $;-10177,20 $;0,00 $;100,00%;604,32 $;604,32 $;0,00 $;604,32 $;0,00 $;0,00;0,00 $;610,00 $;5,68 $;0,09%;
09/06/2022;1;8723,36 $;-2130,68 $;0,00 $;-2130,68 $;5,68 $;-12307,88 $;-2130,68 $;0,00%;-2130,68 $;0,00 $;-2130,68 $;0,00 $;-2130,68 $;215,00;2125,00 $;1330,00 $;3460,68 $;0,09%;
15/06/2022;1;10122,68 $;1399,32 $;1399,32 $;0,00 $;5,68 $;-10908,56 $;0,00 $;100,00%;1399,32 $;1399,32 $;0,00 $;1399,32 $;0,00 $;95,00;1620,00 $;1405,00 $;5,68 $;0,09%;
17/06/2022;1;8852,00 $;-1270,68 $;0,00 $;-1270,68 $;5,68 $;-12179,24 $;-1270,68 $;0,00%;-1270,68 $;0,00 $;-1270,68 $;0,00 $;-1270,68 $;215,00;2030,00 $;270,00 $;1540,68 $;0,09%;
20/06/2022;1;9691,32 $;839,32 $;839,32 $;0,00 $;5,68 $;-11339,92 $;0,00 $;100,00%;839,32 $;839,32 $;0,00 $;839,32 $;0,00 $;85,00;160,00 $;845,00 $;5,68 $;0,09%;
21/06/2022;1;8850,64 $;-840,68 $;0,00 $;-840,68 $;5,68 $;-12180,60 $;-840,68 $;0,00%;-840,68 $;0,00 $;-840,68 $;0,00 $;-840,68 $;405,00;1225,00 $;1100,00 $;1940,68 $;0,09%;
22/06/2022;1;10489,96 $;1639,32 $;1639,32 $;0,00 $;5,68 $;-10541,28 $;0,00 $;100,00%;1639,32 $;1639,32 $;0,00 $;1639,32 $;0,00 $;10,00;350,00 $;1645,00 $;5,68 $;0,09%;
23/06/2022;1;7569,28 $;-2920,68 $;0,00 $;-2920,68 $;5,68 $;-13461,96 $;-2920,68 $;0,00%;-2920,68 $;0,00 $;-2920,68 $;0,00 $;-2920,68 $;125,00;2915,00 $;750,00 $;3670,68 $;0,09%;
24/06/2022;1;8578,60 $;1009,32 $;1009,32 $;0,00 $;5,68 $;-12452,64 $;0,00 $;100,00%;1009,32 $;1009,32 $;0,00 $;1009,32 $;0,00 $;335,00;1675,00 $;1015,00 $;5,68 $;0,09%;
29/06/2022;1;8747,92 $;169,32 $;169,32 $;0,00 $;5,68 $;-12283,32 $;0,00 $;100,00%;169,32 $;169,32 $;0,00 $;169,32 $;0,00 $;400,00;1560,00 $;1335,00 $;1165,68 $;0,09%;
30/06/2022;1;7282,24 $;-1465,68 $;0,00 $;-1465,68 $;5,68 $;-13749,00 $;-1465,68 $;0,00%;-1465,68 $;0,00 $;-1465,68 $;0,00 $;-1465,68 $;290,00;2265,00 $;2015,00 $;3480,68 $;0,09%;
01/07/2022;1;7996,56 $;714,32 $;714,32 $;0,00 $;5,68 $;-13034,68 $;0,00 $;100,00%;714,32 $;714,32 $;0,00 $;714,32 $;0,00 $;95,00;375,00 $;1105,00 $;390,68 $;0,09%;
05/07/2022;1;9380,88 $;1384,32 $;1384,32 $;0,00 $;5,68 $;-11650,36 $;0,00 $;100,00%;1384,32 $;1384,32 $;0,00 $;1384,32 $;0,00 $;0,00;0,00 $;1390,00 $;5,68 $;0,09%;
06/07/2022;1;8915,20 $;-465,68 $;0,00 $;-465,68 $;5,68 $;-12116,04 $;-465,68 $;0,00%;-465,68 $;0,00 $;-465,68 $;0,00 $;-465,68 $;130,00;1550,00 $;975,00 $;1440,68 $;0,09%;
07/07/2022;1;11564,52 $;2649,32 $;2649,32 $;0,00 $;5,68 $;-9466,72 $;0,00 $;100,00%;2649,32 $;2649,32 $;0,00 $;2649,32 $;0,00 $;260,00;115,00 $;2655,00 $;5,68 $;0,09%;
08/07/2022;1;12483,84 $;919,32 $;919,32 $;0,00 $;5,68 $;-8547,40 $;0,00 $;100,00%;919,32 $;919,32 $;0,00 $;919,32 $;0,00 $;40,00;730,00 $;925,00 $;5,68 $;0,09%;
13/07/2022;1;11058,16 $;-1425,68 $;0,00 $;-1425,68 $;5,68 $;-9973,08 $;-1425,68 $;0,00%;-1425,68 $;0,00 $;-1425,68 $;0,00 $;-1425,68 $;370,00;1980,00 $;1015,00 $;2440,68 $;0,09%;
14/07/2022;1;13752,48 $;2694,32 $;2694,32 $;0,00 $;5,68 $;-7278,76 $;0,00 $;100,00%;2694,32 $;2694,32 $;0,00 $;2694,32 $;0,00 $;160,00;1305,00 $;2700,00 $;5,68 $;0,09%;
15/07/2022;1;14506,80 $;754,32 $;754,32 $;0,00 $;5,68 $;-6524,44 $;0,00 $;100,00%;754,32 $;754,32 $;0,00 $;754,32 $;0,00 $;115,00;480,00 $;805,00 $;50,68 $;0,09%;
18/07/2022;1;12766,12 $;-1740,68 $;0,00 $;-1740,68 $;5,68 $;-8265,12 $;-1740,68 $;0,00%;-1740,68 $;0,00 $;-1740,68 $;0,00 $;-1740,68 $;85,00;1735,00 $;160,00 $;1900,68 $;0,09%;
19/07/2022;1;14410,44 $;1644,32 $;1644,32 $;0,00 $;5,68 $;-6620,80 $;0,00 $;100,00%;1644,32 $;1644,32 $;0,00 $;1644,32 $;0,00 $;25,00;110,00 $;1650,00 $;5,68 $;0,09%;
20/07/2022;1;14609,76 $;199,32 $;199,32 $;0,00 $;5,68 $;-6421,48 $;0,00 $;100,00%;199,32 $;199,32 $;0,00 $;199,32 $;0,00 $;0,00;0,00 $;205,00 $;5,68 $;0,09%;
21/07/2022;1;16454,08 $;1844,32 $;1844,32 $;0,00 $;5,68 $;-4577,16 $;0,00 $;100,00%;1844,32 $;1844,32 $;0,00 $;1844,32 $;0,00 $;45,00;340,00 $;1850,00 $;5,68 $;0,09%;
27/07/2022;1;18773,40 $;2319,32 $;2319,32 $;0,00 $;5,68 $;-2257,84 $;0,00 $;100,00%;2319,32 $;2319,32 $;0,00 $;2319,32 $;0,00 $;250,00;445,00 $;2325,00 $;5,68 $;0,09%;
28/07/2022;1;22257,72 $;3484,32 $;3484,32 $;0,00 $;5,68 $;0,00 $;0,00 $;100,00%;3484,32 $;3484,32 $;0,00 $;3484,32 $;0,00 $;260,00;640,00 $;3490,00 $;5,68 $;0,09%;
29/07/2022;1;24067,04 $;1809,32 $;1809,32 $;0,00 $;5,68 $;0,00 $;0,00 $;100,00%;1809,32 $;1809,32 $;0,00 $;1809,32 $;0,00 $;400,00;2000,00 $;2515,00 $;705,68 $;0,09%;
01/08/2022;1;25881,36 $;1814,32 $;1814,32 $;0,00 $;5,68 $;0,00 $;0,00 $;100,00%;1814,32 $;1814,32 $;0,00 $;1814,32 $;0,00 $;45,00;670,00 $;1820,00 $;5,68 $;0,09%;
02/08/2022;1;27675,68 $;1794,32 $;1794,32 $;0,00 $;5,68 $;0,00 $;0,00 $;100,00%;1794,32 $;1794,32 $;0,00 $;1794,32 $;0,00 $;75,00;985,00 $;1800,00 $;5,68 $;0,09%;
03/08/2022;1;28550,00 $;874,32 $;874,32 $;0,00 $;5,68 $;0,00 $;0,00 $;100,00%;874,32 $;874,32 $;0,00 $;874,32 $;0,00 $;80,00;1705,00 $;880,00 $;5,68 $;0,09%;
05/08/2022;1;29149,32 $;599,32 $;599,32 $;0,00 $;5,68 $;0,00 $;0,00 $;100,00%;599,32 $;599,32 $;0,00 $;599,32 $;0,00 $;5,00;85,00 $;605,00 $;5,68 $;0,09%;
08/08/2022;1;25828,64 $;-3320,68 $;0,00 $;-3320,68 $;5,68 $;-3320,68 $;-3320,68 $;0,00%;-3320,68 $;0,00 $;-3320,68 $;0,00 $;-3320,68 $;95,00;3315,00 $;280,00 $;3600,68 $;0,09%;
10/08/2022;1;26472,96 $;644,32 $;644,32 $;0,00 $;5,68 $;-2676,36 $;0,00 $;100,00%;644,32 $;644,32 $;0,00 $;644,32 $;0,00 $;340,00;640,00 $;1190,00 $;545,68 $;0,09%;
11/08/2022;1;26822,28 $;349,32 $;349,32 $;0,00 $;5,68 $;-2327,04 $;0,00 $;100,00%;349,32 $;349,32 $;0,00 $;349,32 $;0,00 $;0,00;0,00 $;355,00 $;5,68 $;0,09%;
12/08/2022;1;28351,60 $;1529,32 $;1529,32 $;0,00 $;5,68 $;-797,72 $;0,00 $;100,00%;1529,32 $;1529,32 $;0,00 $;1529,32 $;0,00 $;200,00;1010,00 $;1535,00 $;5,68 $;0,09%;
15/08/2022;1;29960,92 $;1609,32 $;1609,32 $;0,00 $;5,68 $;0,00 $;0,00 $;100,00%;1609,32 $;1609,32 $;0,00 $;1609,32 $;0,00 $;285,00;1165,00 $;1615,00 $;5,68 $;0,09%;
16/08/2022;1;31040,24 $;1079,32 $;1079,32 $;0,00 $;5,68 $;0,00 $;0,00 $;100,00%;1079,32 $;1079,32 $;0,00 $;1079,32 $;0,00 $;120,00;705,00 $;1085,00 $;5,68 $;0,09%;
17/08/2022;1;28414,56 $;-2625,68 $;0,00 $;-2625,68 $;5,68 $;-2625,68 $;-2625,68 $;0,00%;-2625,68 $;0,00 $;-2625,68 $;0,00 $;-2625,68 $;70,00;2620,00 $;15,00 $;2640,68 $;0,09%;
18/08/2022;1;29518,88 $;1104,32 $;1104,32 $;0,00 $;5,68 $;-1521,36 $;0,00 $;100,00%;1104,32 $;1104,32 $;0,00 $;1104,32 $;0,00 $;60,00;545,00 $;1110,00 $;5,68 $;0,09%;
23/08/2022;1;27378,20 $;-2140,68 $;0,00 $;-2140,68 $;5,68 $;-3662,04 $;-2140,68 $;0,00%;-2140,68 $;0,00 $;-2140,68 $;0,00 $;-2140,68 $;395,00;2420,00 $;250,00 $;2390,68 $;0,09%;
24/08/2022;1;27937,52 $;559,32 $;559,32 $;0,00 $;5,68 $;-3102,72 $;0,00 $;100,00%;559,32 $;559,32 $;0,00 $;559,32 $;0,00 $;45,00;520,00 $;565,00 $;5,68 $;0,09%;
25/08/2022;1;28071,84 $;134,32 $;134,32 $;0,00 $;5,68 $;-2968,40 $;0,00 $;100,00%;134,32 $;134,32 $;0,00 $;134,32 $;0,00 $;5,00;270,00 $;140,00 $;5,68 $;0,09%;
01/09/2022;1;29606,16 $;1534,32 $;1534,32 $;0,00 $;5,68 $;-1434,08 $;0,00 $;100,00%;1534,32 $;1534,32 $;0,00 $;1534,32 $;0,00 $;95,00;650,00 $;1685,00 $;150,68 $;0,09%;
02/09/2022;1;26535,48 $;-3070,68 $;0,00 $;-3070,68 $;5,68 $;-4504,76 $;-3070,68 $;0,00%;-3070,68 $;0,00 $;-3070,68 $;0,00 $;-3070,68 $;105,00;3065,00 $;100,00 $;3170,68 $;0,09%;
05/09/2022;1;26249,80 $;-285,68 $;0,00 $;-285,68 $;5,68 $;-4790,44 $;-285,68 $;0,00%;-285,68 $;0,00 $;-285,68 $;0,00 $;-285,68 $;130,00;425,00 $;350,00 $;635,68 $;0,09%;
07/09/2022;1;27919,12 $;1669,32 $;1669,32 $;0,00 $;5,68 $;-3121,12 $;0,00 $;100,00%;1669,32 $;1669,32 $;0,00 $;1669,32 $;0,00 $;155,00;715,00 $;1675,00 $;5,68 $;0,09%;
08/09/2022;1;31393,44 $;3474,32 $;3474,32 $;0,00 $;5,68 $;0,00 $;0,00 $;100,00%;3474,32 $;3474,32 $;0,00 $;3474,32 $;0,00 $;55,00;0,00 $;3480,00 $;5,68 $;0,09%;
09/09/2022;1;31992,76 $;599,32 $;599,32 $;0,00 $;5,68 $;0,00 $;0,00 $;100,00%;599,32 $;599,32 $;0,00 $;599,32 $;0,00 $;30,00;995,00 $;605,00 $;5,68 $;0,09%;
12/09/2022;1;32692,08 $;699,32 $;699,32 $;0,00 $;5,68 $;0,00 $;0,00 $;100,00%;699,32 $;699,32 $;0,00 $;699,32 $;0,00 $;355,00;1770,00 $;705,00 $;5,68 $;0,09%;
14/09/2022;1;30631,40 $;-2060,68 $;0,00 $;-2060,68 $;5,68 $;-2060,68 $;-2060,68 $;0,00%;-2060,68 $;0,00 $;-2060,68 $;0,00 $;-2060,68 $;250,00;2055,00 $;1035,00 $;3095,68 $;0,09%;
16/09/2022;1;29410,72 $;-1220,68 $;0,00 $;-1220,68 $;5,68 $;-3281,36 $;-1220,68 $;0,00%;-1220,68 $;0,00 $;-1220,68 $;0,00 $;-1220,68 $;50,00;1215,00 $;160,00 $;1380,68 $;0,09%;
19/09/2022;1;30610,04 $;1199,32 $;1199,32 $;0,00 $;5,68 $;-2082,04 $;0,00 $;100,00%;1199,32 $;1199,32 $;0,00 $;1199,32 $;0,00 $;275,00;2175,00 $;1205,00 $;5,68 $;0,09%;
20/09/2022;1;31719,36 $;1109,32 $;1109,32 $;0,00 $;5,68 $;-972,72 $;0,00 $;100,00%;1109,32 $;1109,32 $;0,00 $;1109,32 $;0,00 $;50,00;145,00 $;1115,00 $;5,68 $;0,09%;
21/09/2022;1;32808,68 $;1089,32 $;1089,32 $;0,00 $;5,68 $;0,00 $;0,00 $;100,00%;1089,32 $;1089,32 $;0,00 $;1089,32 $;0,00 $;70,00;590,00 $;1095,00 $;5,68 $;0,09%;
26/09/2022;1;29893,00 $;-2915,68 $;0,00 $;-2915,68 $;5,68 $;-2915,68 $;-2915,68 $;0,00%;-2915,68 $;0,00 $;-2915,68 $;0,00 $;-2915,68 $;140,00;2910,00 $;1000,00 $;3915,68 $;0,09%;
28/09/2022;1;30662,32 $;769,32 $;769,32 $;0,00 $;5,68 $;-2146,36 $;0,00 $;100,00%;769,32 $;769,32 $;0,00 $;769,32 $;0,00 $;45,00;415,00 $;775,00 $;5,68 $;0,09%;
30/09/2022;1;31626,64 $;964,32 $;964,32 $;0,00 $;5,68 $;-1182,04 $;0,00 $;100,00%;964,32 $;964,32 $;0,00 $;964,32 $;0,00 $;35,00;780,00 $;970,00 $;5,68 $;0,09%;
03/10/2022;1;33155,96 $;1529,32 $;1529,32 $;0,00 $;5,68 $;0,00 $;0,00 $;100,00%;1529,32 $;1529,32 $;0,00 $;1529,32 $;0,00 $;30,00;240,00 $;1535,00 $;5,68 $;0,09%;
04/10/2022;1;33230,28 $;74,32 $;74,32 $;0,00 $;5,68 $;0,00 $;0,00 $;100,00%;74,32 $;74,32 $;0,00 $;74,32 $;0,00 $;405,00;2340,00 $;675,00 $;600,68 $;0,09%;
05/10/2022;1;34634,60 $;1404,32 $;1404,32 $;0,00 $;5,68 $;0,00 $;0,00 $;100,00%;1404,32 $;1404,32 $;0,00 $;1404,32 $;0,00 $;20,00;85,00 $;1410,00 $;5,68 $;0,09%;
11/10/2022;1;32208,92 $;-2425,68 $;0,00 $;-2425,68 $;5,68 $;-2425,68 $;-2425,68 $;0,00%;-2425,68 $;0,00 $;-2425,68 $;0,00 $;-2425,68 $;175,00;2420,00 $;1490,00 $;3915,68 $;0,09%;
13/10/2022;1;33203,24 $;994,32 $;994,32 $;0,00 $;5,68 $;-1431,36 $;0,00 $;100,00%;994,32 $;994,32 $;0,00 $;994,32 $;0,00 $;5,00;305,00 $;1000,00 $;5,68 $;0,09%;
17/10/2022;1;33582,56 $;379,32 $;379,32 $;0,00 $;5,68 $;-1052,04 $;0,00 $;100,00%;379,32 $;379,32 $;0,00 $;379,32 $;0,00 $;295,00;750,00 $;630,00 $;250,68 $;0,09%;
19/10/2022;1;30306,88 $;-3275,68 $;0,00 $;-3275,68 $;5,68 $;-4327,72 $;-3275,68 $;0,00%;-3275,68 $;0,00 $;-3275,68 $;0,00 $;-3275,68 $;135,00;3270,00 $;225,00 $;3500,68 $;0,09%;
20/10/2022;1;31336,20 $;1029,32 $;1029,32 $;0,00 $;5,68 $;-3298,40 $;0,00 $;100,00%;1029,32 $;1029,32 $;0,00 $;1029,32 $;0,00 $;0,00;0,00 $;1035,00 $;5,68 $;0,09%;
21/10/2022;1;32795,52 $;1459,32 $;1459,32 $;0,00 $;5,68 $;-1839,08 $;0,00 $;100,00%;1459,32 $;1459,32 $;0,00 $;1459,32 $;0,00 $;200,00;2850,00 $;1465,00 $;5,68 $;0,09%;
24/10/2022;1;33394,84 $;599,32 $;599,32 $;0,00 $;5,68 $;-1239,76 $;0,00 $;100,00%;599,32 $;599,32 $;0,00 $;599,32 $;0,00 $;265,00;1110,00 $;1735,00 $;1135,68 $;0,09%;
25/10/2022;1;32089,16 $;-1305,68 $;0,00 $;-1305,68 $;5,68 $;-2545,44 $;-1305,68 $;0,00%;-1305,68 $;0,00 $;-1305,68 $;0,00 $;-1305,68 $;410,00;2220,00 $;1665,00 $;2970,68 $;0,09%;
26/10/2022;1;33288,48 $;1199,32 $;1199,32 $;0,00 $;5,68 $;-1346,12 $;0,00 $;100,00%;1199,32 $;1199,32 $;0,00 $;1199,32 $;0,00 $;20,00;880,00 $;1205,00 $;5,68 $;0,09%;
28/10/2022;1;35457,80 $;2169,32 $;2169,32 $;0,00 $;5,68 $;0,00 $;0,00 $;100,00%;2169,32 $;2169,32 $;0,00 $;2169,32 $;0,00 $;110,00;270,00 $;2175,00 $;5,68 $;0,09%;
02/11/2022;1;36037,12 $;579,32 $;579,32 $;0,00 $;5,68 $;0,00 $;0,00 $;100,00%;579,32 $;579,32 $;0,00 $;579,32 $;0,00 $;10,00;1085,00 $;585,00 $;5,68 $;0,09%;
03/11/2022;1;33771,44 $;-2265,68 $;0,00 $;-2265,68 $;5,68 $;-2265,68 $;-2265,68 $;0,00%;-2265,68 $;0,00 $;-2265,68 $;0,00 $;-2265,68 $;30,00;2260,00 $;420,00 $;2685,68 $;0,09%;
07/11/2022;1;34130,76 $;359,32 $;359,32 $;0,00 $;5,68 $;-1906,36 $;0,00 $;100,00%;359,32 $;359,32 $;0,00 $;359,32 $;0,00 $;145,00;80,00 $;855,00 $;495,68 $;0,09%;
08/11/2022;1;35475,08 $;1344,32 $;1344,32 $;0,00 $;5,68 $;-562,04 $;0,00 $;100,00%;1344,32 $;1344,32 $;0,00 $;1344,32 $;0,00 $;45,00;95,00 $;1350,00 $;5,68 $;0,09%;
10/11/2022;1;37004,40 $;1529,32 $;1529,32 $;0,00 $;5,68 $;0,00 $;0,00 $;100,00%;1529,32 $;1529,32 $;0,00 $;1529,32 $;0,00 $;280,00;1705,00 $;1535,00 $;5,68 $;0,09%;
11/11/2022;1;37938,72 $;934,32 $;934,32 $;0,00 $;5,68 $;0,00 $;0,00 $;100,00%;934,32 $;934,32 $;0,00 $;934,32 $;0,00 $;160,00;1995,00 $;940,00 $;5,68 $;0,09%;
14/11/2022;1;39313,04 $;1374,32 $;1374,32 $;0,00 $;5,68 $;0,00 $;0,00 $;100,00%;1374,32 $;1374,32 $;0,00 $;1374,32 $;0,00 $;185,00;1430,00 $;1380,00 $;5,68 $;0,09%;
17/11/2022;1;40602,36 $;1289,32 $;1289,32 $;0,00 $;5,68 $;0,00 $;0,00 $;100,00%;1289,32 $;1289,32 $;0,00 $;1289,32 $;0,00 $;140,00;1260,00 $;1295,00 $;5,68 $;0,09%;
22/11/2022;1;42156,68 $;1554,32 $;1554,32 $;0,00 $;5,68 $;0,00 $;0,00 $;100,00%;1554,32 $;1554,32 $;0,00 $;1554,32 $;0,00 $;265,00;705,00 $;1560,00 $;5,68 $;0,09%;
23/11/2022;1;39956,00 $;-2200,68 $;0,00 $;-2200,68 $;5,68 $;-2200,68 $;-2200,68 $;0,00%;-2200,68 $;0,00 $;-2200,68 $;0,00 $;-2200,68 $;160,00;2195,00 $;715,00 $;2915,68 $;0,09%;
24/11/2022;1;39715,32 $;-240,68 $;0,00 $;-240,68 $;5,68 $;-2441,36 $;-240,68 $;0,00%;-240,68 $;0,00 $;-240,68 $;0,00 $;-240,68 $;105,00;235,00 $;50,00 $;290,68 $;0,09%;
25/11/2022;1;39339,64 $;-375,68 $;0,00 $;-375,68 $;5,68 $;-2817,04 $;-375,68 $;0,00%;-375,68 $;0,00 $;-375,68 $;0,00 $;-375,68 $;160,00;720,00 $;390,00 $;765,68 $;0,09%;
30/11/2022;1;38553,96 $;-785,68 $;0,00 $;-785,68 $;5,68 $;-3602,72 $;-785,68 $;0,00%;-785,68 $;0,00 $;-785,68 $;0,00 $;-785,68 $;0,00;780,00 $;0,00 $;785,68 $;0,09%;
02/12/2022;1;39838,28 $;1284,32 $;1284,32 $;0,00 $;5,68 $;-2318,40 $;0,00 $;100,00%;1284,32 $;1284,32 $;0,00 $;1284,32 $;0,00 $;270,00;870,00 $;1290,00 $;5,68 $;0,09%;
08/12/2022;1;40572,60 $;734,32 $;734,32 $;0,00 $;5,68 $;-1584,08 $;0,00 $;100,00%;734,32 $;734,32 $;0,00 $;734,32 $;0,00 $;25,00;465,00 $;740,00 $;5,68 $;0,09%;
09/12/2022;1;37956,92 $;-2615,68 $;0,00 $;-2615,68 $;5,68 $;-4199,76 $;-2615,68 $;0,00%;-2615,68 $;0,00 $;-2615,68 $;0,00 $;-2615,68 $;345,00;2665,00 $;695,00 $;3310,68 $;0,09%;
12/12/2022;1;39016,24 $;1059,32 $;1059,32 $;0,00 $;5,68 $;-3140,44 $;0,00 $;100,00%;1059,32 $;1059,32 $;0,00 $;1059,32 $;0,00 $;65,00;385,00 $;1065,00 $;5,68 $;0,09%;
14/12/2022;1;36995,56 $;-2020,68 $;0,00 $;-2020,68 $;5,68 $;-5161,12 $;-2020,68 $;0,00%;-2020,68 $;0,00 $;-2020,68 $;0,00 $;-2020,68 $;230,00;2015,00 $;780,00 $;2800,68 $;0,09%;
20/12/2022;1;38329,88 $;1334,32 $;1334,32 $;0,00 $;5,68 $;-3826,80 $;0,00 $;100,00%;1334,32 $;1334,32 $;0,00 $;1334,32 $;0,00 $;20,00;220,00 $;1340,00 $;5,68 $;0,09%;
21/12/2022;1;39709,20 $;1379,32 $;1379,32 $;0,00 $;5,68 $;-2447,48 $;0,00 $;100,00%;1379,32 $;1379,32 $;0,00 $;1379,32 $;0,00 $;40,00;350,00 $;1385,00 $;5,68 $;0,09%;
23/12/2022;1;39603,52 $;-105,68 $;0,00 $;-105,68 $;5,68 $;-2553,16 $;-105,68 $;0,00%;-105,68 $;0,00 $;-105,68 $;0,00 $;-105,68 $;370,00;1935,00 $;325,00 $;430,68 $;0,09%;
29/12/2022;1;39962,84 $;359,32 $;359,32 $;0,00 $;5,68 $;-2193,84 $;0,00 $;100,00%;359,32 $;359,32 $;0,00 $;359,32 $;0,00 $;395,00;440,00 $;1195,00 $;835,68 $;0,09%;
30/12/2022;1;41777,16 $;1814,32 $;1814,32 $;0,00 $;5,68 $;-379,52 $;0,00 $;100,00%;1814,32 $;1814,32 $;0,00 $;1814,32 $;0,00 $;45,00;215,00 $;1820,00 $;5,68 $;0,09%;
04/01/2023;1;39731,48 $;-2045,68 $;0,00 $;-2045,68 $;5,68 $;-2425,20 $;-2045,68 $;0,00%;-2045,68 $;0,00 $;-2045,68 $;0,00 $;-2045,68 $;130,00;2040,00 $;245,00 $;2290,68 $;0,09%;
06/01/2023;1;42470,80 $;2739,32 $;2739,32 $;0,00 $;5,68 $;0,00 $;0,00 $;100,00%;2739,32 $;2739,32 $;0,00 $;2739,32 $;0,00 $;200,00;335,00 $;2745,00 $;5,68 $;0,09%;
09/01/2023;1;43235,12 $;764,32 $;764,32 $;0,00 $;5,68 $;0,00 $;0,00 $;100,00%;764,32 $;764,32 $;0,00 $;764,32 $;0,00 $;40,00;865,00 $;770,00 $;5,68 $;0,09%;
10/01/2023;1;41254,44 $;-1980,68 $;0,00 $;-1980,68 $;5,68 $;-1980,68 $;-1980,68 $;0,00%;-1980,68 $;0,00 $;-1980,68 $;0,00 $;-1980,68 $;15,00;1975,00 $;290,00 $;2270,68 $;0,09%;
11/01/2023;1;42883,76 $;1629,32 $;1629,32 $;0,00 $;5,68 $;-351,36 $;0,00 $;100,00%;1629,32 $;1629,32 $;0,00 $;1629,32 $;0,00 $;155,00;810,00 $;1635,00 $;5,68 $;0,09%;
12/01/2023;1;42508,08 $;-375,68 $;0,00 $;-375,68 $;5,68 $;-727,04 $;-375,68 $;0,00%;-375,68 $;0,00 $;-375,68 $;0,00 $;-375,68 $;265,00;1765,00 $;695,00 $;1070,68 $;0,09%;
13/01/2023;1;42997,40 $;489,32 $;489,32 $;0,00 $;5,68 $;-237,72 $;0,00 $;100,00%;489,32 $;489,32 $;0,00 $;489,32 $;0,00 $;15,00;330,00 $;495,00 $;5,68 $;0,09%;
17/01/2023;1;42151,72 $;-845,68 $;0,00 $;-845,68 $;5,68 $;-1083,40 $;-845,68 $;0,00%;-845,68 $;0,00 $;-845,68 $;0,00 $;-845,68 $;400,00;2210,00 $;380,00 $;1225,68 $;0,09%;
18/01/2023;1;41096,04 $;-1055,68 $;0,00 $;-1055,68 $;5,68 $;-2139,08 $;-1055,68 $;0,00%;-1055,68 $;0,00 $;-1055,68 $;0,00 $;-1055,68 $;20,00;1050,00 $;225,00 $;1280,68 $;0,09%;
20/01/2023;1;42195,36 $;1099,32 $;1099,32 $;0,00 $;5,68 $;-1039,76 $;0,00 $;100,00%;1099,32 $;1099,32 $;0,00 $;1099,32 $;0,00 $;65,00;40,00 $;1105,00 $;5,68 $;0,09%;
23/01/2023;1;44089,68 $;1894,32 $;1894,32 $;0,00 $;5,68 $;0,00 $;0,00 $;100,00%;1894,32 $;1894,32 $;0,00 $;1894,32 $;0,00 $;55,00;390,00 $;1900,00 $;5,68 $;0,09%;
24/01/2023;1;45764,00 $;1674,32 $;1674,32 $;0,00 $;5,68 $;0,00 $;0,00 $;100,00%;1674,32 $;1674,32 $;0,00 $;1674,32 $;0,00 $;290,00;1235,00 $;1680,00 $;5,68 $;0,09%;
25/01/2023;1;46708,32 $;944,32 $;944,32 $;0,00 $;5,68 $;0,00 $;0,00 $;100,00%;944,32 $;944,32 $;0,00 $;944,32 $;0,00 $;90,00;370,00 $;950,00 $;5,68 $;0,09%;
26/01/2023;1;46297,64 $;-410,68 $;0,00 $;-410,68 $;5,68 $;-410,68 $;-410,68 $;0,00%;-410,68 $;0,00 $;-410,68 $;0,00 $;-410,68 $;80,00;500,00 $;645,00 $;1055,68 $;0,09%;
27/01/2023;1;47601,96 $;1304,32 $;1304,32 $;0,00 $;5,68 $;0,00 $;0,00 $;100,00%;1304,32 $;1304,32 $;0,00 $;1304,32 $;0,00 $;145,00;1590,00 $;1310,00 $;5,68 $;0,09%;
31/01/2023;1;49066,28 $;1464,32 $;1464,32 $;0,00 $;5,68 $;0,00 $;0,00 $;100,00%;1464,32 $;1464,32 $;0,00 $;1464,32 $;0,00 $;310,00;235,00 $;1470,00 $;5,68 $;0,09%;
01/02/2023;1;47800,60 $;-1265,68 $;0,00 $;-1265,68 $;5,68 $;-1265,68 $;-1265,68 $;0,00%;-1265,68 $;0,00 $;-1265,68 $;0,00 $;-1265,68 $;10,00;1260,00 $;325,00 $;1590,68 $;0,09%;
02/02/2023;1;48124,92 $;324,32 $;324,32 $;0,00 $;5,68 $;-941,36 $;0,00 $;100,00%;324,32 $;324,32 $;0,00 $;324,32 $;0,00 $;5,00;255,00 $;330,00 $;5,68 $;0,09%;
03/02/2023;1;44024,24 $;-4100,68 $;0,00 $;-4100,68 $;5,68 $;-5042,04 $;-4100,68 $;0,00%;-4100,68 $;0,00 $;-4100,68 $;0,00 $;-4100,68 $;390,00;4855,00 $;1135,00 $;5235,68 $;0,09%;
06/02/2023;1;43058,56 $;-965,68 $;0,00 $;-965,68 $;5,68 $;-6007,72 $;-965,68 $;0,00%;-965,68 $;0,00 $;-965,68 $;0,00 $;-965,68 $;5,00;960,00 $;60,00 $;1025,68 $;0,09%;
07/02/2023;1;43897,88 $;839,32 $;839,32 $;0,00 $;5,68 $;-5168,40 $;0,00 $;100,00%;839,32 $;839,32 $;0,00 $;839,32 $;0,00 $;80,00;330,00 $;845,00 $;5,68 $;0,09%;
10/02/2023;1;42417,20 $;-1480,68 $;0,00 $;-1480,68 $;5,68 $;-6649,08 $;-1480,68 $;0,00%;-1480,68 $;0,00 $;-1480,68 $;0,00 $;-1480,68 $;20,00;1475,00 $;480,00 $;1960,68 $;0,09%;
13/02/2023;1;44171,52 $;1754,32 $;1754,32 $;0,00 $;5,68 $;-4894,76 $;0,00 $;100,00%;1754,32 $;1754,32 $;0,00 $;1754,32 $;0,00 $;60,00;370,00 $;1760,00 $;5,68 $;0,09%;
14/02/2023;1;43705,84 $;-465,68 $;0,00 $;-465,68 $;5,68 $;-5360,44 $;-465,68 $;0,00%;-465,68 $;0,00 $;-465,68 $;0,00 $;-465,68 $;405,00;4470,00 $;650,00 $;1115,68 $;0,09%;
15/02/2023;1;44520,16 $;814,32 $;814,32 $;0,00 $;5,68 $;-4546,12 $;0,00 $;100,00%;814,32 $;814,32 $;0,00 $;814,32 $;0,00 $;135,00;1110,00 $;820,00 $;5,68 $;0,09%;
16/02/2023;1;45329,48 $;809,32 $;809,32 $;0,00 $;5,68 $;-3736,80 $;0,00 $;100,00%;809,32 $;809,32 $;0,00 $;809,32 $;0,00 $;15,00;75,00 $;815,00 $;5,68 $;0,09%;
27/02/2023;1;45318,80 $;-10,68 $;0,00 $;-10,68 $;5,68 $;-3747,48 $;-10,68 $;0,00%;-10,68 $;0,00 $;-10,68 $;0,00 $;-10,68 $;0,00;5,00 $;0,00 $;10,68 $;0,09%;
28/02/2023;1;43743,12 $;-1575,68 $;0,00 $;-1575,68 $;5,68 $;-5323,16 $;-1575,68 $;0,00%;-1575,68 $;0,00 $;-1575,68 $;0,00 $;-1575,68 $;205,00;1570,00 $;1060,00 $;2635,68 $;0,09%;
02/03/2023;1;43952,44 $;209,32 $;209,32 $;0,00 $;5,68 $;-5113,84 $;0,00 $;100,00%;209,32 $;209,32 $;0,00 $;209,32 $;0,00 $;55,00;1010,00 $;215,00 $;5,68 $;0,09%;
03/03/2023;1;45461,76 $;1509,32 $;1509,32 $;0,00 $;5,68 $;-3604,52 $;0,00 $;100,00%;1509,32 $;1509,32 $;0,00 $;1509,32 $;0,00 $;160,00;695,00 $;1515,00 $;5,68 $;0,09%;
06/03/2023;1;45616,08 $;154,32 $;154,32 $;0,00 $;5,68 $;-3450,20 $;0,00 $;100,00%;154,32 $;154,32 $;0,00 $;154,32 $;0,00 $;5,00;165,00 $;160,00 $;5,68 $;0,09%;
08/03/2023;1;44440,40 $;-1175,68 $;0,00 $;-1175,68 $;5,68 $;-4625,88 $;-1175,68 $;0,00%;-1175,68 $;0,00 $;-1175,68 $;0,00 $;-1175,68 $;125,00;1170,00 $;825,00 $;2000,68 $;0,09%;
09/03/2023;1;42159,72 $;-2280,68 $;0,00 $;-2280,68 $;5,68 $;-6906,56 $;-2280,68 $;0,00%;-2280,68 $;0,00 $;-2280,68 $;0,00 $;-2280,68 $;155,00;2275,00 $;110,00 $;2390,68 $;0,09%;
10/03/2023;1;38309,04 $;-3850,68 $;0,00 $;-3850,68 $;5,68 $;-10757,24 $;-3850,68 $;0,00%;-3850,68 $;0,00 $;-3850,68 $;0,00 $;-3850,68 $;105,00;3845,00 $;245,00 $;4095,68 $;0,09%;
13/03/2023;1;40518,36 $;2209,32 $;2209,32 $;0,00 $;5,68 $;-8547,92 $;0,00 $;100,00%;2209,32 $;2209,32 $;0,00 $;2209,32 $;0,00 $;60,00;1455,00 $;2215,00 $;5,68 $;0,09%;
14/03/2023;1;38137,68 $;-2380,68 $;0,00 $;-2380,68 $;5,68 $;-10928,60 $;-2380,68 $;0,00%;-2380,68 $;0,00 $;-2380,68 $;0,00 $;-2380,68 $;210,00;2375,00 $;745,00 $;3125,68 $;0,09%;
15/03/2023;1;40062,00 $;1924,32 $;1924,32 $;0,00 $;5,68 $;-9004,28 $;0,00 $;100,00%;1924,32 $;1924,32 $;0,00 $;1924,32 $;0,00 $;45,00;575,00 $;1930,00 $;5,68 $;0,09%;
16/03/2023;1;41556,32 $;1494,32 $;1494,32 $;0,00 $;5,68 $;-7509,96 $;0,00 $;100,00%;1494,32 $;1494,32 $;0,00 $;1494,32 $;0,00 $;30,00;210,00 $;1500,00 $;5,68 $;0,09%;
17/03/2023;1;40285,64 $;-1270,68 $;0,00 $;-1270,68 $;5,68 $;-8780,64 $;-1270,68 $;0,00%;-1270,68 $;0,00 $;-1270,68 $;0,00 $;-1270,68 $;5,00;1265,00 $;290,00 $;1560,68 $;0,09%;
20/03/2023;1;41139,96 $;854,32 $;854,32 $;0,00 $;5,68 $;-7926,32 $;0,00 $;100,00%;854,32 $;854,32 $;0,00 $;854,32 $;0,00 $;345,00;1855,00 $;1000,00 $;145,68 $;0,09%;
21/03/2023;1;41844,28 $;704,32 $;704,32 $;0,00 $;5,68 $;-7222,00 $;0,00 $;100,00%;704,32 $;704,32 $;0,00 $;704,32 $;0,00 $;25,00;35,00 $;710,00 $;5,68 $;0,09%;
22/03/2023;1;41658,60 $;-185,68 $;0,00 $;-185,68 $;5,68 $;-7407,68 $;-185,68 $;0,00%;-185,68 $;0,00 $;-185,68 $;0,00 $;-185,68 $;0,00;180,00 $;0,00 $;185,68 $;0,09%;
23/03/2023;1;41887,92 $;229,32 $;229,32 $;0,00 $;5,68 $;-7178,36 $;0,00 $;100,00%;229,32 $;229,32 $;0,00 $;229,32 $;0,00 $;0,00;0,00 $;235,00 $;5,68 $;0,09%;
24/03/2023;1;43157,24 $;1269,32 $;1269,32 $;0,00 $;5,68 $;-5909,04 $;0,00 $;100,00%;1269,32 $;1269,32 $;0,00 $;1269,32 $;0,00 $;130,00;550,00 $;1315,00 $;45,68 $;0,09%;
29/03/2023;1;43886,56 $;729,32 $;729,32 $;0,00 $;5,68 $;-5179,72 $;0,00 $;100,00%;729,32 $;729,32 $;0,00 $;729,32 $;0,00 $;25,00;310,00 $;735,00 $;5,68 $;0,09%;
30/03/2023;1;42835,88 $;-1050,68 $;0,00 $;-1050,68 $;5,68 $;-6230,40 $;-1050,68 $;0,00%;-1050,68 $;0,00 $;-1050,68 $;0,00 $;-1050,68 $;170,00;1045,00 $;455,00 $;1505,68 $;0,09%;
31/03/2023;1;43555,20 $;719,32 $;719,32 $;0,00 $;5,68 $;-5511,08 $;0,00 $;100,00%;719,32 $;719,32 $;0,00 $;719,32 $;0,00 $;95,00;440,00 $;725,00 $;5,68 $;0,09%;
03/04/2023;1;43409,52 $;-145,68 $;0,00 $;-145,68 $;5,68 $;-5656,76 $;-145,68 $;0,00%;-145,68 $;0,00 $;-145,68 $;0,00 $;-145,68 $;45,00;170,00 $;25,00 $;170,68 $;0,09%;
04/04/2023;1;41683,84 $;-1725,68 $;0,00 $;-1725,68 $;5,68 $;-7382,44 $;-1725,68 $;0,00%;-1725,68 $;0,00 $;-1725,68 $;0,00 $;-1725,68 $;50,00;1720,00 $;95,00 $;1820,68 $;0,09%;
06/04/2023;1;42598,16 $;914,32 $;914,32 $;0,00 $;5,68 $;-6468,12 $;0,00 $;100,00%;914,32 $;914,32 $;0,00 $;914,32 $;0,00 $;60,00;360,00 $;920,00 $;5,68 $;0,09%;
10/04/2023;1;43832,48 $;1234,32 $;1234,32 $;0,00 $;5,68 $;-5233,80 $;0,00 $;100,00%;1234,32 $;1234,32 $;0,00 $;1234,32 $;0,00 $;105,00;965,00 $;1240,00 $;5,68 $;0,09%;
13/04/2023;1;44046,80 $;214,32 $;214,32 $;0,00 $;5,68 $;-5019,48 $;0,00 $;100,00%;214,32 $;214,32 $;0,00 $;214,32 $;0,00 $;95,00;565,00 $;220,00 $;5,68 $;0,09%;
14/04/2023;1;41726,12 $;-2320,68 $;0,00 $;-2320,68 $;5,68 $;-7340,16 $;-2320,68 $;0,00%;-2320,68 $;0,00 $;-2320,68 $;0,00 $;-2320,68 $;20,00;2315,00 $;15,00 $;2335,68 $;0,09%;
19/04/2023;1;42780,44 $;1054,32 $;1054,32 $;0,00 $;5,68 $;-6285,84 $;0,00 $;100,00%;1054,32 $;1054,32 $;0,00 $;1054,32 $;0,00 $;80,00;155,00 $;1060,00 $;5,68 $;0,09%;
20/04/2023;1;40904,76 $;-1875,68 $;0,00 $;-1875,68 $;5,68 $;-8161,52 $;-1875,68 $;0,00%;-1875,68 $;0,00 $;-1875,68 $;0,00 $;-1875,68 $;295,00;1870,00 $;1210,00 $;3085,68 $;0,09%;
21/04/2023;1;41639,08 $;734,32 $;734,32 $;0,00 $;5,68 $;-7427,20 $;0,00 $;100,00%;734,32 $;734,32 $;0,00 $;734,32 $;0,00 $;110,00;290,00 $;740,00 $;5,68 $;0,09%;
26/04/2023;1;40118,40 $;-1520,68 $;0,00 $;-1520,68 $;5,68 $;-8947,88 $;-1520,68 $;0,00%;-1520,68 $;0,00 $;-1520,68 $;0,00 $;-1520,68 $;185,00;1515,00 $;750,00 $;2270,68 $;0,09%;
27/04/2023;1;40302,72 $;184,32 $;184,32 $;0,00 $;5,68 $;-8763,56 $;0,00 $;100,00%;184,32 $;184,32 $;0,00 $;184,32 $;0,00 $;10,00;260,00 $;190,00 $;5,68 $;0,09%;
28/04/2023;1;40907,04 $;604,32 $;604,32 $;0,00 $;5,68 $;-8159,24 $;0,00 $;100,00%;604,32 $;604,32 $;0,00 $;604,32 $;0,00 $;330,00;2035,00 $;610,00 $;5,68 $;0,09%;
01/05/2023;1;41026,36 $;119,32 $;119,32 $;0,00 $;5,68 $;-8039,92 $;0,00 $;100,00%;119,32 $;119,32 $;0,00 $;119,32 $;0,00 $;15,00;320,00 $;125,00 $;5,68 $;0,09%;
03/05/2023;1;40260,68 $;-765,68 $;0,00 $;-765,68 $;5,68 $;-8805,60 $;-765,68 $;0,00%;-765,68 $;0,00 $;-765,68 $;0,00 $;-765,68 $;55,00;760,00 $;65,00 $;830,68 $;0,09%;
04/05/2023;1;39305,00 $;-955,68 $;0,00 $;-955,68 $;5,68 $;-9761,28 $;-955,68 $;0,00%;-955,68 $;0,00 $;-955,68 $;0,00 $;-955,68 $;285,00;950,00 $;1140,00 $;2095,68 $;0,09%;
05/05/2023;1;39509,32 $;204,32 $;204,32 $;0,00 $;5,68 $;-9556,96 $;0,00 $;100,00%;204,32 $;204,32 $;0,00 $;204,32 $;0,00 $;0,00;0,00 $;210,00 $;5,68 $;0,09%;
08/05/2023;1;40243,64 $;734,32 $;734,32 $;0,00 $;5,68 $;-8822,64 $;0,00 $;100,00%;734,32 $;734,32 $;0,00 $;734,32 $;0,00 $;90,00;160,00 $;740,00 $;5,68 $;0,09%;
09/05/2023;1;39897,96 $;-345,68 $;0,00 $;-345,68 $;5,68 $;-9168,32 $;-345,68 $;0,00%;-345,68 $;0,00 $;-345,68 $;0,00 $;-345,68 $;60,00;340,00 $;245,00 $;590,68 $;0,09%;
10/05/2023;1;38682,28 $;-1215,68 $;0,00 $;-1215,68 $;5,68 $;-10384,00 $;-1215,68 $;0,00%;-1215,68 $;0,00 $;-1215,68 $;0,00 $;-1215,68 $;25,00;1210,00 $;640,00 $;1855,68 $;0,09%;
11/05/2023;1;39046,60 $;364,32 $;364,32 $;0,00 $;5,68 $;-10019,68 $;0,00 $;100,00%;364,32 $;364,32 $;0,00 $;364,32 $;0,00 $;315,00;700,00 $;835,00 $;470,68 $;0,09%;
15/05/2023;1;39745,92 $;699,32 $;699,32 $;0,00 $;5,68 $;-9320,36 $;0,00 $;100,00%;699,32 $;699,32 $;0,00 $;699,32 $;0,00 $;90,00;240,00 $;705,00 $;5,68 $;0,09%;
16/05/2023;1;39380,24 $;-365,68 $;0,00 $;-365,68 $;5,68 $;-9686,04 $;-365,68 $;0,00%;-365,68 $;0,00 $;-365,68 $;0,00 $;-365,68 $;345,00;880,00 $;665,00 $;1030,68 $;0,09%;
17/05/2023;1;39904,56 $;524,32 $;524,32 $;0,00 $;5,68 $;-9161,72 $;0,00 $;100,00%;524,32 $;524,32 $;0,00 $;524,32 $;0,00 $;45,00;215,00 $;530,00 $;5,68 $;0,09%;
18/05/2023;1;40568,88 $;664,32 $;664,32 $;0,00 $;5,68 $;-8497,40 $;0,00 $;100,00%;664,32 $;664,32 $;0,00 $;664,32 $;0,00 $;5,00;5,00 $;670,00 $;5,68 $;0,09%;
24/05/2023;1;41293,20 $;724,32 $;724,32 $;0,00 $;5,68 $;-7773,08 $;0,00 $;100,00%;724,32 $;724,32 $;0,00 $;724,32 $;0,00 $;45,00;1035,00 $;730,00 $;5,68 $;0,09%;
25/05/2023;1;41037,52 $;-255,68 $;0,00 $;-255,68 $;5,68 $;-8028,76 $;-255,68 $;0,00%;-255,68 $;0,00 $;-255,68 $;0,00 $;-255,68 $;265,00;1055,00 $;745,00 $;1000,68 $;0,09%;
26/05/2023;1;42101,84 $;1064,32 $;1064,32 $;0,00 $;5,68 $;-6964,44 $;0,00 $;100,00%;1064,32 $;1064,32 $;0,00 $;1064,32 $;0,00 $;20,00;140,00 $;1070,00 $;5,68 $;0,09%;
29/05/2023;1;42256,16 $;154,32 $;154,32 $;0,00 $;5,68 $;-6810,12 $;0,00 $;100,00%;154,32 $;154,32 $;0,00 $;154,32 $;0,00 $;15,00;55,00 $;160,00 $;5,68 $;0,09%;
01/06/2023;1;43225,48 $;969,32 $;969,32 $;0,00 $;5,68 $;-5840,80 $;0,00 $;100,00%;969,32 $;969,32 $;0,00 $;969,32 $;0,00 $;30,00;1080,00 $;975,00 $;5,68 $;0,09%;
05/06/2023;1;41539,80 $;-1685,68 $;0,00 $;-1685,68 $;5,68 $;-7526,48 $;-1685,68 $;0,00%;-1685,68 $;0,00 $;-1685,68 $;0,00 $;-1685,68 $;205,00;1680,00 $;865,00 $;2550,68 $;0,09%;
06/06/2023;1;42664,12 $;1124,32 $;1124,32 $;0,00 $;5,68 $;-6402,16 $;0,00 $;100,00%;1124,32 $;1124,32 $;0,00 $;1124,32 $;0,00 $;85,00;450,00 $;1130,00 $;5,68 $;0,09%;
08/06/2023;1;43823,44 $;1159,32 $;1159,32 $;0,00 $;5,68 $;-5242,84 $;0,00 $;100,00%;1159,32 $;1159,32 $;0,00 $;1159,32 $;0,00 $;35,00;330,00 $;1165,00 $;5,68 $;0,09%;
09/06/2023;1;41742,76 $;-2080,68 $;0,00 $;-2080,68 $;5,68 $;-7323,52 $;-2080,68 $;0,00%;-2080,68 $;0,00 $;-2080,68 $;0,00 $;-2080,68 $;80,00;2075,00 $;540,00 $;2620,68 $;0,09%;
12/06/2023;1;41852,08 $;109,32 $;109,32 $;0,00 $;5,68 $;-7214,20 $;0,00 $;100,00%;109,32 $;109,32 $;0,00 $;109,32 $;0,00 $;50,00;390,00 $;115,00 $;5,68 $;0,09%;
14/06/2023;1;42741,40 $;889,32 $;889,32 $;0,00 $;5,68 $;-6324,88 $;0,00 $;100,00%;889,32 $;889,32 $;0,00 $;889,32 $;0,00 $;65,00;160,00 $;895,00 $;5,68 $;0,09%;
15/06/2023;1;43965,72 $;1224,32 $;1224,32 $;0,00 $;5,68 $;-5100,56 $;0,00 $;100,00%;1224,32 $;1224,32 $;0,00 $;1224,32 $;0,00 $;80,00;485,00 $;1230,00 $;5,68 $;0,09%;
22/06/2023;1;46105,04 $;2139,32 $;2139,32 $;0,00 $;5,68 $;-2961,24 $;0,00 $;100,00%;2139,32 $;2139,32 $;0,00 $;2139,32 $;0,00 $;285,00;465,00 $;2145,00 $;5,68 $;0,09%;
23/06/2023;1;44934,36 $;-1170,68 $;0,00 $;-1170,68 $;5,68 $;-4131,92 $;-1170,68 $;0,00%;-1170,68 $;0,00 $;-1170,68 $;0,00 $;-1170,68 $;265,00;1625,00 $;875,00 $;2045,68 $;0,09%;
26/06/2023;1;42773,68 $;-2160,68 $;0,00 $;-2160,68 $;5,68 $;-6292,60 $;-2160,68 $;0,00%;-2160,68 $;0,00 $;-2160,68 $;0,00 $;-2160,68 $;60,00;2155,00 $;410,00 $;2570,68 $;0,09%;
27/06/2023;1;43708,00 $;934,32 $;934,32 $;0,00 $;5,68 $;-5358,28 $;0,00 $;100,00%;934,32 $;934,32 $;0,00 $;934,32 $;0,00 $;60,00;200,00 $;940,00 $;5,68 $;0,09%;
28/06/2023;1;44402,32 $;694,32 $;694,32 $;0,00 $;5,68 $;-4663,96 $;0,00 $;100,00%;694,32 $;694,32 $;0,00 $;694,32 $;0,00 $;5,00;140,00 $;700,00 $;5,68 $;0,09%;
30/06/2023;1;43761,64 $;-640,68 $;0,00 $;-640,68 $;5,68 $;-5304,64 $;-640,68 $;0,00%;-640,68 $;0,00 $;-640,68 $;0,00 $;-640,68 $;390,00;1285,00 $;420,00 $;1060,68 $;0,09%;
05/07/2023;1;42645,96 $;-1115,68 $;0,00 $;-1115,68 $;5,68 $;-6420,32 $;-1115,68 $;0,00%;-1115,68 $;0,00 $;-1115,68 $;0,00 $;-1115,68 $;385,00;1715,00 $;440,00 $;1555,68 $;0,09%;
06/07/2023;1;42800,28 $;154,32 $;154,32 $;0,00 $;5,68 $;-6266,00 $;0,00 $;100,00%;154,32 $;154,32 $;0,00 $;154,32 $;0,00 $;225,00;460,00 $;755,00 $;600,68 $;0,09%;
07/07/2023;1;41169,60 $;-1630,68 $;0,00 $;-1630,68 $;5,68 $;-7896,68 $;-1630,68 $;0,00%;-1630,68 $;0,00 $;-1630,68 $;0,00 $;-1630,68 $;25,00;1625,00 $;165,00 $;1795,68 $;0,09%;
11/07/2023;1;41868,92 $;699,32 $;699,32 $;0,00 $;5,68 $;-7197,36 $;0,00 $;100,00%;699,32 $;699,32 $;0,00 $;699,32 $;0,00 $;285,00;1405,00 $;1030,00 $;330,68 $;0,09%;
12/07/2023;1;40283,24 $;-1585,68 $;0,00 $;-1585,68 $;5,68 $;-8783,04 $;-1585,68 $;0,00%;-1585,68 $;0,00 $;-1585,68 $;0,00 $;-1585,68 $;85,00;1580,00 $;410,00 $;1995,68 $;0,09%;
13/07/2023;1;41427,56 $;1144,32 $;1144,32 $;0,00 $;5,68 $;-7638,72 $;0,00 $;100,00%;1144,32 $;1144,32 $;0,00 $;1144,32 $;0,00 $;135,00;10,00 $;1150,00 $;5,68 $;0,09%;
14/07/2023;1;39766,88 $;-1660,68 $;0,00 $;-1660,68 $;5,68 $;-9299,40 $;-1660,68 $;0,00%;-1660,68 $;0,00 $;-1660,68 $;0,00 $;-1660,68 $;260,00;1655,00 $;1065,00 $;2725,68 $;0,09%;
17/07/2023;1;40766,20 $;999,32 $;999,32 $;0,00 $;5,68 $;-8300,08 $;0,00 $;100,00%;999,32 $;999,32 $;0,00 $;999,32 $;0,00 $;210,00;735,00 $;1005,00 $;5,68 $;0,09%;
18/07/2023;1;40965,52 $;199,32 $;199,32 $;0,00 $;5,68 $;-8100,76 $;0,00 $;100,00%;199,32 $;199,32 $;0,00 $;199,32 $;0,00 $;0,00;0,00 $;205,00 $;5,68 $;0,09%;
19/07/2023;1;40059,84 $;-905,68 $;0,00 $;-905,68 $;5,68 $;-9006,44 $;-905,68 $;0,00%;-905,68 $;0,00 $;-905,68 $;0,00 $;-905,68 $;55,00;900,00 $;810,00 $;1715,68 $;0,09%;
25/07/2023;1;41439,16 $;1379,32 $;1379,32 $;0,00 $;5,68 $;-7627,12 $;0,00 $;100,00%;1379,32 $;1379,32 $;0,00 $;1379,32 $;0,00 $;250,00;780,00 $;1385,00 $;5,68 $;0,09%;
26/07/2023;1;40013,48 $;-1425,68 $;0,00 $;-1425,68 $;5,68 $;-9052,80 $;-1425,68 $;0,00%;-1425,68 $;0,00 $;-1425,68 $;0,00 $;-1425,68 $;15,00;1420,00 $;615,00 $;2040,68 $;0,09%;
28/07/2023;1;41717,80 $;1704,32 $;1704,32 $;0,00 $;5,68 $;-7348,48 $;0,00 $;100,00%;1704,32 $;1704,32 $;0,00 $;1704,32 $;0,00 $;95,00;500,00 $;1710,00 $;5,68 $;0,09%;
01/08/2023;1;41522,12 $;-195,68 $;0,00 $;-195,68 $;5,68 $;-7544,16 $;-195,68 $;0,00%;-195,68 $;0,00 $;-195,68 $;0,00 $;-195,68 $;355,00;800,00 $;625,00 $;820,68 $;0,09%;
03/08/2023;1;42751,44 $;1229,32 $;1229,32 $;0,00 $;5,68 $;-6314,84 $;0,00 $;100,00%;1229,32 $;1229,32 $;0,00 $;1229,32 $;0,00 $;305,00;1125,00 $;1235,00 $;5,68 $;0,09%;
04/08/2023;1;40775,76 $;-1975,68 $;0,00 $;-1975,68 $;5,68 $;-8290,52 $;-1975,68 $;0,00%;-1975,68 $;0,00 $;-1975,68 $;0,00 $;-1975,68 $;80,00;1970,00 $;320,00 $;2295,68 $;0,09%;
07/08/2023;1;40845,08 $;69,32 $;69,32 $;0,00 $;5,68 $;-8221,20 $;0,00 $;100,00%;69,32 $;69,32 $;0,00 $;69,32 $;0,00 $;45,00;55,00 $;175,00 $;105,68 $;0,09%;
10/08/2023;1;37699,40 $;-3145,68 $;0,00 $;-3145,68 $;5,68 $;-11366,88 $;-3145,68 $;0,00%;-3145,68 $;0,00 $;-3145,68 $;0,00 $;-3145,68 $;75,00;3140,00 $;170,00 $;3315,68 $;0,09%;
11/08/2023;1;35468,72 $;-2230,68 $;0,00 $;-2230,68 $;5,68 $;-13597,56 $;-2230,68 $;0,00%;-2230,68 $;0,00 $;-2230,68 $;0,00 $;-2230,68 $;65,00;2225,00 $;55,00 $;2285,68 $;0,09%;
14/08/2023;1;36728,04 $;1259,32 $;1259,32 $;0,00 $;5,68 $;-12338,24 $;0,00 $;100,00%;1259,32 $;1259,32 $;0,00 $;1259,32 $;0,00 $;25,00;155,00 $;1265,00 $;5,68 $;0,09%;
18/08/2023;1;37982,36 $;1254,32 $;1254,32 $;0,00 $;5,68 $;-11083,92 $;0,00 $;100,00%;1254,32 $;1254,32 $;0,00 $;1254,32 $;0,00 $;70,00;650,00 $;1260,00 $;5,68 $;0,09%;
21/08/2023;1;35646,68 $;-2335,68 $;0,00 $;-2335,68 $;5,68 $;-13419,60 $;-2335,68 $;0,00%;-2335,68 $;0,00 $;-2335,68 $;0,00 $;-2335,68 $;60,00;2330,00 $;30,00 $;2365,68 $;0,09%;
23/08/2023;1;36246,00 $;599,32 $;599,32 $;0,00 $;5,68 $;-12820,28 $;0,00 $;100,00%;599,32 $;599,32 $;0,00 $;599,32 $;0,00 $;10,00;165,00 $;605,00 $;5,68 $;0,09%;
25/08/2023;1;35990,32 $;-255,68 $;0,00 $;-255,68 $;5,68 $;-13075,96 $;-255,68 $;0,00%;-255,68 $;0,00 $;-255,68 $;0,00 $;-255,68 $;0,00;250,00 $;0,00 $;255,68 $;0,09%;
29/08/2023;1;36539,64 $;549,32 $;549,32 $;0,00 $;5,68 $;-12526,64 $;0,00 $;100,00%;549,32 $;549,32 $;0,00 $;549,32 $;0,00 $;0,00;0,00 $;555,00 $;5,68 $;0,09%;
30/08/2023;1;34788,96 $;-1750,68 $;0,00 $;-1750,68 $;5,68 $;-14277,32 $;-1750,68 $;0,00%;-1750,68 $;0,00 $;-1750,68 $;0,00 $;-1750,68 $;20,00;1745,00 $;675,00 $;2425,68 $;0,09%;
31/08/2023;1;34008,28 $;-780,68 $;0,00 $;-780,68 $;5,68 $;-15058,00 $;-780,68 $;0,00%;-780,68 $;0,00 $;-780,68 $;0,00 $;-780,68 $;390,00;1645,00 $;630,00 $;1410,68 $;0,09%;
04/09/2023;1;33762,60 $;-245,68 $;0,00 $;-245,68 $;5,68 $;-15303,68 $;-245,68 $;0,00%;-245,68 $;0,00 $;-245,68 $;0,00 $;-245,68 $;5,00;240,00 $;10,00 $;255,68 $;0,09%;
05/09/2023;1;34656,92 $;894,32 $;894,32 $;0,00 $;5,68 $;-14409,36 $;0,00 $;100,00%;894,32 $;894,32 $;0,00 $;894,32 $;0,00 $;5,00;0,00 $;900,00 $;5,68 $;0,09%;
07/09/2023;1;35591,24 $;934,32 $;934,32 $;0,00 $;5,68 $;-13475,04 $;0,00 $;100,00%;934,32 $;934,32 $;0,00 $;934,32 $;0,00 $;360,00;835,00 $;1450,00 $;515,68 $;0,09%;
08/09/2023;1;33460,56 $;-2130,68 $;0,00 $;-2130,68 $;5,68 $;-15605,72 $;-2130,68 $;0,00%;-2130,68 $;0,00 $;-2130,68 $;0,00 $;-2130,68 $;265,00;2125,00 $;225,00 $;2355,68 $;0,09%;
11/09/2023;1;33924,88 $;464,32 $;464,32 $;0,00 $;5,68 $;-15141,40 $;0,00 $;100,00%;464,32 $;464,32 $;0,00 $;464,32 $;0,00 $;190,00;35,00 $;990,00 $;525,68 $;0,09%;
12/09/2023;1;33334,20 $;-590,68 $;0,00 $;-590,68 $;5,68 $;-15732,08 $;-590,68 $;0,00%;-590,68 $;0,00 $;-590,68 $;0,00 $;-590,68 $;0,00;585,00 $;0,00 $;590,68 $;0,09%;
13/09/2023;1;33213,52 $;-120,68 $;0,00 $;-120,68 $;5,68 $;-15852,76 $;-120,68 $;0,00%;-120,68 $;0,00 $;-120,68 $;0,00 $;-120,68 $;340,00;1410,00 $;820,00 $;940,68 $;0,09%;
14/09/2023;1;33887,84 $;674,32 $;674,32 $;0,00 $;5,68 $;-15178,44 $;0,00 $;100,00%;674,32 $;674,32 $;0,00 $;674,32 $;0,00 $;80,00;680,00 $;680,00 $;5,68 $;0,09%;
18/09/2023;1;33447,16 $;-440,68 $;0,00 $;-440,68 $;5,68 $;-15619,12 $;-440,68 $;0,00%;-440,68 $;0,00 $;-440,68 $;0,00 $;-440,68 $;300,00;1360,00 $;280,00 $;720,68 $;0,09%;
19/09/2023;1;33236,48 $;-210,68 $;0,00 $;-210,68 $;5,68 $;-15829,80 $;-210,68 $;0,00%;-210,68 $;0,00 $;-210,68 $;0,00 $;-210,68 $;130,00;1105,00 $;45,00 $;255,68 $;0,09%;
22/09/2023;1;33585,80 $;349,32 $;349,32 $;0,00 $;5,68 $;-15480,48 $;0,00 $;100,00%;349,32 $;349,32 $;0,00 $;349,32 $;0,00 $;20,00;245,00 $;355,00 $;5,68 $;0,09%;
25/09/2023;1;34335,12 $;749,32 $;749,32 $;0,00 $;5,68 $;-14731,16 $;0,00 $;100,00%;749,32 $;749,32 $;0,00 $;749,32 $;0,00 $;330,00;1415,00 $;850,00 $;100,68 $;0,09%;
28/09/2023;1;34279,44 $;-55,68 $;0,00 $;-55,68 $;5,68 $;-14786,84 $;-55,68 $;0,00%;-55,68 $;0,00 $;-55,68 $;0,00 $;-55,68 $;0,00;50,00 $;0,00 $;55,68 $;0,09%;
02/10/2023;1;33308,76 $;-970,68 $;0,00 $;-970,68 $;5,68 $;-15757,52 $;-970,68 $;0,00%;-970,68 $;0,00 $;-970,68 $;0,00 $;-970,68 $;330,00;3530,00 $;90,00 $;1060,68 $;0,09%;
03/10/2023;1;33303,08 $;-5,68 $;0,00 $;-5,68 $;5,68 $;-15763,20 $;-5,68 $;0,00%;-5,68 $;0,00 $;-5,68 $;0,00 $;-5,68 $;0,00;0,00 $;0,00 $;5,68 $;0,09%;
04/10/2023;1;34572,40 $;1269,32 $;1269,32 $;0,00 $;5,68 $;-14493,88 $;0,00 $;100,00%;1269,32 $;1269,32 $;0,00 $;1269,32 $;0,00 $;215,00;1045,00 $;1275,00 $;5,68 $;0,09%;
06/10/2023;1;35121,72 $;549,32 $;549,32 $;0,00 $;5,68 $;-13944,56 $;0,00 $;100,00%;549,32 $;549,32 $;0,00 $;549,32 $;0,00 $;10,00;340,00 $;555,00 $;5,68 $;0,09%;
09/10/2023;1;37221,04 $;2099,32 $;2099,32 $;0,00 $;5,68 $;-11845,24 $;0,00 $;100,00%;2099,32 $;2099,32 $;0,00 $;2099,32 $;0,00 $;75,00;375,00 $;2105,00 $;5,68 $;0,09%;
10/10/2023;1;37720,36 $;499,32 $;499,32 $;0,00 $;5,68 $;-11345,92 $;0,00 $;100,00%;499,32 $;499,32 $;0,00 $;499,32 $;0,00 $;5,00;180,00 $;505,00 $;5,68 $;0,09%;
11/10/2023;1;37719,68 $;-0,68 $;0,00 $;-0,68 $;5,68 $;-11346,60 $;-0,68 $;0,00%;-0,68 $;0,00 $;-0,68 $;0,00 $;-0,68 $;40,00;135,00 $;125,00 $;125,68 $;0,09%;
12/10/2023;1;38564,00 $;844,32 $;844,32 $;0,00 $;5,68 $;-10502,28 $;0,00 $;100,00%;844,32 $;844,32 $;0,00 $;844,32 $;0,00 $;60,00;550,00 $;850,00 $;5,68 $;0,09%;
16/10/2023;1;38693,32 $;129,32 $;129,32 $;0,00 $;5,68 $;-10372,96 $;0,00 $;100,00%;129,32 $;129,32 $;0,00 $;129,32 $;0,00 $;385,00;1720,00 $;775,00 $;645,68 $;0,09%;
17/10/2023;1;39457,64 $;764,32 $;764,32 $;0,00 $;5,68 $;-9608,64 $;0,00 $;100,00%;764,32 $;764,32 $;0,00 $;764,32 $;0,00 $;15,00;260,00 $;770,00 $;5,68 $;0,09%;
18/10/2023;1;38751,96 $;-705,68 $;0,00 $;-705,68 $;5,68 $;-10314,32 $;-705,68 $;0,00%;-705,68 $;0,00 $;-705,68 $;0,00 $;-705,68 $;5,00;700,00 $;15,00 $;720,68 $;0,09%;
23/10/2023;1;41036,28 $;2284,32 $;2284,32 $;0,00 $;5,68 $;-8030,00 $;0,00 $;100,00%;2284,32 $;2284,32 $;0,00 $;2284,32 $;0,00 $;70,00;20,00 $;2290,00 $;5,68 $;0,09%;
24/10/2023;1;38980,60 $;-2055,68 $;0,00 $;-2055,68 $;5,68 $;-10085,68 $;-2055,68 $;0,00%;-2055,68 $;0,00 $;-2055,68 $;0,00 $;-2055,68 $;100,00;2050,00 $;255,00 $;2310,68 $;0,09%;
27/10/2023;1;37124,92 $;-1855,68 $;0,00 $;-1855,68 $;5,68 $;-11941,36 $;-1855,68 $;0,00%;-1855,68 $;0,00 $;-1855,68 $;0,00 $;-1855,68 $;105,00;1850,00 $;470,00 $;2325,68 $;0,09%;
31/10/2023;1;37299,24 $;174,32 $;174,32 $;0,00 $;5,68 $;-11767,04 $;0,00 $;100,00%;174,32 $;174,32 $;0,00 $;174,32 $;0,00 $;225,00;600,00 $;1215,00 $;1040,68 $;0,09%;
01/11/2023;1;37608,56 $;309,32 $;309,32 $;0,00 $;5,68 $;-11457,72 $;0,00 $;100,00%;309,32 $;309,32 $;0,00 $;309,32 $;0,00 $;5,00;150,00 $;315,00 $;5,68 $;0,09%;
02/11/2023;1;38422,88 $;814,32 $;814,32 $;0,00 $;5,68 $;-10643,40 $;0,00 $;100,00%;814,32 $;814,32 $;0,00 $;814,32 $;0,00 $;215,00;810,00 $;820,00 $;5,68 $;0,09%;
03/11/2023;1;39362,20 $;939,32 $;939,32 $;0,00 $;5,68 $;-9704,08 $;0,00 $;100,00%;939,32 $;939,32 $;0,00 $;939,32 $;0,00 $;310,00;105,00 $;1790,00 $;850,68 $;0,09%;
07/11/2023;1;40741,52 $;1379,32 $;1379,32 $;0,00 $;5,68 $;-8324,76 $;0,00 $;100,00%;1379,32 $;1379,32 $;0,00 $;1379,32 $;0,00 $;20,00;170,00 $;1385,00 $;5,68 $;0,09%;
09/11/2023;1;39180,84 $;-1560,68 $;0,00 $;-1560,68 $;5,68 $;-9885,44 $;-1560,68 $;0,00%;-1560,68 $;0,00 $;-1560,68 $;0,00 $;-1560,68 $;60,00;1555,00 $;25,00 $;1585,68 $;0,09%;
10/11/2023;1;39605,16 $;424,32 $;424,32 $;0,00 $;5,68 $;-9461,12 $;0,00 $;100,00%;424,32 $;424,32 $;0,00 $;424,32 $;0,00 $;45,00;595,00 $;430,00 $;5,68 $;0,09%;
13/11/2023;1;39679,48 $;74,32 $;74,32 $;0,00 $;5,68 $;-9386,80 $;0,00 $;100,00%;74,32 $;74,32 $;0,00 $;74,32 $;0,00 $;335,00;335,00 $;725,00 $;650,68 $;0,09%;
14/11/2023;1;39743,80 $;64,32 $;64,32 $;0,00 $;5,68 $;-9322,48 $;0,00 $;100,00%;64,32 $;64,32 $;0,00 $;64,32 $;0,00 $;375,00;1350,00 $;585,00 $;520,68 $;0,09%;
16/11/2023;1;38528,12 $;-1215,68 $;0,00 $;-1215,68 $;5,68 $;-10538,16 $;-1215,68 $;0,00%;-1215,68 $;0,00 $;-1215,68 $;0,00 $;-1215,68 $;35,00;1210,00 $;405,00 $;1620,68 $;0,09%;
17/11/2023;1;38987,44 $;459,32 $;459,32 $;0,00 $;5,68 $;-10078,84 $;0,00 $;100,00%;459,32 $;459,32 $;0,00 $;459,32 $;0,00 $;65,00;575,00 $;465,00 $;5,68 $;0,09%;
20/11/2023;1;40691,76 $;1704,32 $;1704,32 $;0,00 $;5,68 $;-8374,52 $;0,00 $;100,00%;1704,32 $;1704,32 $;0,00 $;1704,32 $;0,00 $;180,00;940,00 $;1710,00 $;5,68 $;0,09%;
27/11/2023;1;39956,08 $;-735,68 $;0,00 $;-735,68 $;5,68 $;-9110,20 $;-735,68 $;0,00%;-735,68 $;0,00 $;-735,68 $;0,00 $;-735,68 $;360,00;870,00 $;960,00 $;1695,68 $;0,09%;
28/11/2023;1;40535,40 $;579,32 $;579,32 $;0,00 $;5,68 $;-8530,88 $;0,00 $;100,00%;579,32 $;579,32 $;0,00 $;579,32 $;0,00 $;40,00;610,00 $;585,00 $;5,68 $;0,09%;
01/12/2023;1;41864,72 $;1329,32 $;1329,32 $;0,00 $;5,68 $;-7201,56 $;0,00 $;100,00%;1329,32 $;1329,32 $;0,00 $;1329,32 $;0,00 $;15,00;165,00 $;1335,00 $;5,68 $;0,09%;
05/12/2023;1;41664,04 $;-200,68 $;0,00 $;-200,68 $;5,68 $;-7402,24 $;-200,68 $;0,00%;-200,68 $;0,00 $;-200,68 $;0,00 $;-200,68 $;0,00;195,00 $;0,00 $;200,68 $;0,09%;
07/12/2023;1;43028,36 $;1364,32 $;1364,32 $;0,00 $;5,68 $;-6037,92 $;0,00 $;100,00%;1364,32 $;1364,32 $;0,00 $;1364,32 $;0,00 $;225,00;1155,00 $;1370,00 $;5,68 $;0,09%;
08/12/2023;1;43457,68 $;429,32 $;429,32 $;0,00 $;5,68 $;-5608,60 $;0,00 $;100,00%;429,32 $;429,32 $;0,00 $;429,32 $;0,00 $;0,00;0,00 $;435,00 $;5,68 $;0,09%;
11/12/2023;1;45077,00 $;1619,32 $;1619,32 $;0,00 $;5,68 $;-3989,28 $;0,00 $;100,00%;1619,32 $;1619,32 $;0,00 $;1619,32 $;0,00 $;395,00;805,00 $;1715,00 $;95,68 $;0,09%;
12/12/2023;1;45581,32 $;504,32 $;504,32 $;0,00 $;5,68 $;-3484,96 $;0,00 $;100,00%;504,32 $;504,32 $;0,00 $;504,32 $;0,00 $;50,00;340,00 $;510,00 $;5,68 $;0,09%;
13/12/2023;1;46205,64 $;624,32 $;624,32 $;0,00 $;5,68 $;-2860,64 $;0,00 $;100,00%;624,32 $;624,32 $;0,00 $;624,32 $;0,00 $;5,00;0,00 $;630,00 $;5,68 $;0,09%;
15/12/2023;1;44589,96 $;-1615,68 $;0,00 $;-1615,68 $;5,68 $;-4476,32 $;-1615,68 $;0,00%;-1615,68 $;0,00 $;-1615,68 $;0,00 $;-1615,68 $;180,00;1610,00 $;540,00 $;2155,68 $;0,09%;
18/12/2023;1;45134,28 $;544,32 $;544,32 $;0,00 $;5,68 $;-3932,00 $;0,00 $;100,00%;544,32 $;544,32 $;0,00 $;544,32 $;0,00 $;120,00;805,00 $;550,00 $;5,68 $;0,09%;
19/12/2023;1;45503,60 $;369,32 $;369,32 $;0,00 $;5,68 $;-3562,68 $;0,00 $;100,00%;369,32 $;369,32 $;0,00 $;369,32 $;0,00 $;350,00;840,00 $;445,00 $;75,68 $;0,09%;
20/12/2023;1;46237,92 $;734,32 $;734,32 $;0,00 $;5,68 $;-2828,36 $;0,00 $;100,00%;734,32 $;734,32 $;0,00 $;734,32 $;0,00 $;15,00;35,00 $;740,00 $;5,68 $;0,09%;
26/12/2023;1;47287,24 $;1049,32 $;1049,32 $;0,00 $;5,68 $;-1779,04 $;0,00 $;100,00%;1049,32 $;1049,32 $;0,00 $;1049,32 $;0,00 $;145,00;50,00 $;1055,00 $;5,68 $;0,09%;
27/12/2023;1;47346,56 $;59,32 $;59,32 $;0,00 $;5,68 $;-1719,72 $;0,00 $;100,00%;59,32 $;59,32 $;0,00 $;59,32 $;0,00 $;40,00;70,00 $;90,00 $;30,68 $;0,09%;
04/01/2024;1;48160,88 $;814,32 $;814,32 $;0,00 $;5,68 $;-905,40 $;0,00 $;100,00%;814,32 $;814,32 $;0,00 $;814,32 $;0,00 $;50,00;405,00 $;820,00 $;5,68 $;0,09%;
05/01/2024;1;48360,20 $;199,32 $;199,32 $;0,00 $;5,68 $;-706,08 $;0,00 $;100,00%;199,32 $;199,32 $;0,00 $;199,32 $;0,00 $;15,00;590,00 $;205,00 $;5,68 $;0,09%;
08/01/2024;1;49399,52 $;1039,32 $;1039,32 $;0,00 $;5,68 $;0,00 $;0,00 $;100,00%;1039,32 $;1039,32 $;0,00 $;1039,32 $;0,00 $;110,00;285,00 $;1045,00 $;5,68 $;0,09%;
09/01/2024;1;49958,84 $;559,32 $;559,32 $;0,00 $;5,68 $;0,00 $;0,00 $;100,00%;559,32 $;559,32 $;0,00 $;559,32 $;0,00 $;55,00;565,00 $;565,00 $;5,68 $;0,09%;
10/01/2024;1;50483,16 $;524,32 $;524,32 $;0,00 $;5,68 $;0,00 $;0,00 $;100,00%;524,32 $;524,32 $;0,00 $;524,32 $;0,00 $;120,00;545,00 $;530,00 $;5,68 $;0,09%;
15/01/2024;1;50377,48 $;-105,68 $;0,00 $;-105,68 $;5,68 $;-105,68 $;-105,68 $;0,00%;-105,68 $;0,00 $;-105,68 $;0,00 $;-105,68 $;115,00;415,00 $;80,00 $;185,68 $;0,09%;
16/01/2024;1;50096,80 $;-280,68 $;0,00 $;-280,68 $;5,68 $;-386,36 $;-280,68 $;0,00%;-280,68 $;0,00 $;-280,68 $;0,00 $;-280,68 $;385,00;2595,00 $;840,00 $;1120,68 $;0,09%;
17/01/2024;1;49916,12 $;-180,68 $;0,00 $;-180,68 $;5,68 $;-567,04 $;-180,68 $;0,00%;-180,68 $;0,00 $;-180,68 $;0,00 $;-180,68 $;55,00;290,00 $;15,00 $;195,68 $;0,09%;
18/01/2024;1;48240,44 $;-1675,68 $;0,00 $;-1675,68 $;5,68 $;-2242,72 $;-1675,68 $;0,00%;-1675,68 $;0,00 $;-1675,68 $;0,00 $;-1675,68 $;80,00;1670,00 $;485,00 $;2160,68 $;0,09%;
19/01/2024;1;48954,76 $;714,32 $;714,32 $;0,00 $;5,68 $;-1528,40 $;0,00 $;100,00%;714,32 $;714,32 $;0,00 $;714,32 $;0,00 $;20,00;165,00 $;720,00 $;5,68 $;0,09%;
23/01/2024;1;50109,08 $;1154,32 $;1154,32 $;0,00 $;5,68 $;-374,08 $;0,00 $;100,00%;1154,32 $;1154,32 $;0,00 $;1154,32 $;0,00 $;115,00;95,00 $;1275,00 $;120,68 $;0,09%;
24/01/2024;1;50858,40 $;749,32 $;749,32 $;0,00 $;5,68 $;0,00 $;0,00 $;100,00%;749,32 $;749,32 $;0,00 $;749,32 $;0,00 $;10,00;145,00 $;755,00 $;5,68 $;0,09%;
25/01/2024;1;49817,72 $;-1040,68 $;0,00 $;-1040,68 $;5,68 $;-1040,68 $;-1040,68 $;0,00%;-1040,68 $;0,00 $;-1040,68 $;0,00 $;-1040,68 $;20,00;1035,00 $;165,00 $;1205,68 $;0,09%;
26/01/2024;1;50297,04 $;479,32 $;479,32 $;0,00 $;5,68 $;-561,36 $;0,00 $;100,00%;479,32 $;479,32 $;0,00 $;479,32 $;0,00 $;10,00;15,00 $;485,00 $;5,68 $;0,09%;
29/01/2024;1;51091,36 $;794,32 $;794,32 $;0,00 $;5,68 $;0,00 $;0,00 $;100,00%;794,32 $;794,32 $;0,00 $;794,32 $;0,00 $;145,00;380,00 $;800,00 $;5,68 $;0,09%;
31/01/2024;1;49855,68 $;-1235,68 $;0,00 $;-1235,68 $;5,68 $;-1235,68 $;-1235,68 $;0,00%;-1235,68 $;0,00 $;-1235,68 $;0,00 $;-1235,68 $;5,00;1230,00 $;330,00 $;1565,68 $;0,09%;
01/02/2024;1;48990,00 $;-865,68 $;0,00 $;-865,68 $;5,68 $;-2101,36 $;-865,68 $;0,00%;-865,68 $;0,00 $;-865,68 $;0,00 $;-865,68 $;30,00;860,00 $;695,00 $;1560,68 $;0,09%;
02/02/2024;1;49834,32 $;844,32 $;844,32 $;0,00 $;5,68 $;-1257,04 $;0,00 $;100,00%;844,32 $;844,32 $;0,00 $;844,32 $;0,00 $;360,00;765,00 $;2620,00 $;1775,68 $;0,09%;
05/02/2024;1;48768,64 $;-1065,68 $;0,00 $;-1065,68 $;5,68 $;-2322,72 $;-1065,68 $;0,00%;-1065,68 $;0,00 $;-1065,68 $;0,00 $;-1065,68 $;15,00;1060,00 $;30,00 $;1095,68 $;0,09%;
07/02/2024;1;48757,96 $;-10,68 $;0,00 $;-10,68 $;5,68 $;-2333,40 $;-10,68 $;0,00%;-10,68 $;0,00 $;-10,68 $;0,00 $;-10,68 $;0,00;5,00 $;0,00 $;10,68 $;0,09%;
08/02/2024;1;48142,28 $;-615,68 $;0,00 $;-615,68 $;5,68 $;-2949,08 $;-615,68 $;0,00%;-615,68 $;0,00 $;-615,68 $;0,00 $;-615,68 $;360,00;1270,00 $;115,00 $;730,68 $;0,09%;
09/02/2024;1;48286,60 $;144,32 $;144,32 $;0,00 $;5,68 $;-2804,76 $;0,00 $;100,00%;144,32 $;144,32 $;0,00 $;144,32 $;0,00 $;5,00;280,00 $;150,00 $;5,68 $;0,09%;
12/02/2024;1;48560,92 $;274,32 $;274,32 $;0,00 $;5,68 $;-2530,44 $;0,00 $;100,00%;274,32 $;274,32 $;0,00 $;274,32 $;0,00 $;30,00;350,00 $;280,00 $;5,68 $;0,09%;
13/02/2024;1;50460,24 $;1899,32 $;1899,32 $;0,00 $;5,68 $;-631,12 $;0,00 $;100,00%;1899,32 $;1899,32 $;0,00 $;1899,32 $;0,00 $;25,00;380,00 $;1905,00 $;5,68 $;0,09%;
14/02/2024;1;48564,56 $;-1895,68 $;0,00 $;-1895,68 $;5,68 $;-2526,80 $;-1895,68 $;0,00%;-1895,68 $;0,00 $;-1895,68 $;0,00 $;-1895,68 $;30,00;1890,00 $;95,00 $;1990,68 $;0,09%;
15/02/2024;1;49228,88 $;664,32 $;664,32 $;0,00 $;5,68 $;-1862,48 $;0,00 $;100,00%;664,32 $;664,32 $;0,00 $;664,32 $;0,00 $;205,00;970,00 $;935,00 $;270,68 $;0,09%;
21/02/2024;1;49938,20 $;709,32 $;709,32 $;0,00 $;5,68 $;-1153,16 $;0,00 $;100,00%;709,32 $;709,32 $;0,00 $;709,32 $;0,00 $;15,00;335,00 $;715,00 $;5,68 $;0,09%;
22/02/2024;1;51787,52 $;1849,32 $;1849,32 $;0,00 $;5,68 $;0,00 $;0,00 $;100,00%;1849,32 $;1849,32 $;0,00 $;1849,32 $;0,00 $;175,00;965,00 $;1855,00 $;5,68 $;0,09%;
28/02/2024;1;50531,84 $;-1255,68 $;0,00 $;-1255,68 $;5,68 $;-1255,68 $;-1255,68 $;0,00%;-1255,68 $;0,00 $;-1255,68 $;0,00 $;-1255,68 $;65,00;1250,00 $;280,00 $;1535,68 $;0,09%;
29/02/2024;1;50421,16 $;-110,68 $;0,00 $;-110,68 $;5,68 $;-1366,36 $;-110,68 $;0,00%;-110,68 $;0,00 $;-110,68 $;0,00 $;-110,68 $;15,00;200,00 $;0,00 $;110,68 $;0,09%;
01/03/2024;1;50835,48 $;414,32 $;414,32 $;0,00 $;5,68 $;-952,04 $;0,00 $;100,00%;414,32 $;414,32 $;0,00 $;414,32 $;0,00 $;35,00;610,00 $;420,00 $;5,68 $;0,09%;
04/03/2024;1;49959,80 $;-875,68 $;0,00 $;-875,68 $;5,68 $;-1827,72 $;-875,68 $;0,00%;-875,68 $;0,00 $;-875,68 $;0,00 $;-875,68 $;35,00;870,00 $;295,00 $;1170,68 $;0,09%;
06/03/2024;1;48149,12 $;-1810,68 $;0,00 $;-1810,68 $;5,68 $;-3638,40 $;-1810,68 $;0,00%;-1810,68 $;0,00 $;-1810,68 $;0,00 $;-1810,68 $;75,00;1805,00 $;300,00 $;2110,68 $;0,09%;
07/03/2024;1;50098,44 $;1949,32 $;1949,32 $;0,00 $;5,68 $;-1689,08 $;0,00 $;100,00%;1949,32 $;1949,32 $;0,00 $;1949,32 $;0,00 $;175,00;195,00 $;1955,00 $;5,68 $;0,09%;
08/03/2024;1;47922,76 $;-2175,68 $;0,00 $;-2175,68 $;5,68 $;-3864,76 $;-2175,68 $;0,00%;-2175,68 $;0,00 $;-2175,68 $;0,00 $;-2175,68 $;60,00;2170,00 $;805,00 $;2980,68 $;0,09%;
12/03/2024;1;49397,08 $;1474,32 $;1474,32 $;0,00 $;5,68 $;-2390,44 $;0,00 $;100,00%;1474,32 $;1474,32 $;0,00 $;1474,32 $;0,00 $;380,00;1475,00 $;1880,00 $;405,68 $;0,09%;
18/03/2024;1;47666,40 $;-1730,68 $;0,00 $;-1730,68 $;5,68 $;-4121,12 $;-1730,68 $;0,00%;-1730,68 $;0,00 $;-1730,68 $;0,00 $;-1730,68 $;60,00;1725,00 $;55,00 $;1785,68 $;0,09%;
19/03/2024;1;49560,72 $;1894,32 $;1894,32 $;0,00 $;5,68 $;-2226,80 $;0,00 $;100,00%;1894,32 $;1894,32 $;0,00 $;1894,32 $;0,00 $;35,00;195,00 $;1900,00 $;5,68 $;0,09%;
20/03/2024;1;52075,04 $;2514,32 $;2514,32 $;0,00 $;5,68 $;0,00 $;0,00 $;100,00%;2514,32 $;2514,32 $;0,00 $;2514,32 $;0,00 $;10,00;220,00 $;2520,00 $;5,68 $;0,09%;
22/03/2024;1;52734,36 $;659,32 $;659,32 $;0,00 $;5,68 $;0,00 $;0,00 $;100,00%;659,32 $;659,32 $;0,00 $;659,32 $;0,00 $;90,00;605,00 $;665,00 $;5,68 $;0,09%;
25/03/2024;1;53268,68 $;534,32 $;534,32 $;0,00 $;5,68 $;0,00 $;0,00 $;100,00%;534,32 $;534,32 $;0,00 $;534,32 $;0,00 $;80,00;415,00 $;540,00 $;5,68 $;0,09%;
02/04/2024;1;54448,00 $;1179,32 $;1179,32 $;0,00 $;5,68 $;0,00 $;0,00 $;100,00%;1179,32 $;1179,32 $;0,00 $;1179,32 $;0,00 $;100,00;165,00 $;1270,00 $;90,68 $;0,09%;
03/04/2024;1;54442,32 $;-5,68 $;0,00 $;-5,68 $;5,68 $;-5,68 $;-5,68 $;0,00%;-5,68 $;0,00 $;-5,68 $;0,00 $;-5,68 $;0,00;0,00 $;0,00 $;5,68 $;0,09%;
05/04/2024;1;56141,64 $;1699,32 $;1699,32 $;0,00 $;5,68 $;0,00 $;0,00 $;100,00%;1699,32 $;1699,32 $;0,00 $;1699,32 $;0,00 $;50,00;755,00 $;1705,00 $;5,68 $;0,09%;
08/04/2024;1;55310,96 $;-830,68 $;0,00 $;-830,68 $;5,68 $;-830,68 $;-830,68 $;0,00%;-830,68 $;0,00 $;-830,68 $;0,00 $;-830,68 $;375,00;2015,00 $;465,00 $;1295,68 $;0,09%;
10/04/2024;1;55025,28 $;-285,68 $;0,00 $;-285,68 $;5,68 $;-1116,36 $;-285,68 $;0,00%;-285,68 $;0,00 $;-285,68 $;0,00 $;-285,68 $;60,00;1100,00 $;225,00 $;510,68 $;0,09%;
11/04/2024;1;55274,60 $;249,32 $;249,32 $;0,00 $;5,68 $;-867,04 $;0,00 $;100,00%;249,32 $;249,32 $;0,00 $;249,32 $;0,00 $;55,00;495,00 $;255,00 $;5,68 $;0,09%;
12/04/2024;1;54863,92 $;-410,68 $;0,00 $;-410,68 $;5,68 $;-1277,72 $;-410,68 $;0,00%;-410,68 $;0,00 $;-410,68 $;0,00 $;-410,68 $;0,00;405,00 $;0,00 $;410,68 $;0,09%;
16/04/2024;1;53258,24 $;-1605,68 $;0,00 $;-1605,68 $;5,68 $;-2883,40 $;-1605,68 $;0,00%;-1605,68 $;0,00 $;-1605,68 $;0,00 $;-1605,68 $;200,00;1600,00 $;695,00 $;2300,68 $;0,09%;
18/04/2024;1;50162,56 $;-3095,68 $;0,00 $;-3095,68 $;5,68 $;-5979,08 $;-3095,68 $;0,00%;-3095,68 $;0,00 $;-3095,68 $;0,00 $;-3095,68 $;150,00;3090,00 $;795,00 $;3890,68 $;0,09%;
22/04/2024;1;51006,88 $;844,32 $;844,32 $;0,00 $;5,68 $;-5134,76 $;0,00 $;100,00%;844,32 $;844,32 $;0,00 $;844,32 $;0,00 $;10,00;155,00 $;850,00 $;5,68 $;0,09%;
23/04/2024;1;52226,20 $;1219,32 $;1219,32 $;0,00 $;5,68 $;-3915,44 $;0,00 $;100,00%;1219,32 $;1219,32 $;0,00 $;1219,32 $;0,00 $;195,00;485,00 $;1225,00 $;5,68 $;0,09%;
25/04/2024;1;52515,52 $;289,32 $;289,32 $;0,00 $;5,68 $;-3626,12 $;0,00 $;100,00%;289,32 $;289,32 $;0,00 $;289,32 $;0,00 $;115,00;1965,00 $;295,00 $;5,68 $;0,09%;
26/04/2024;1;53584,84 $;1069,32 $;1069,32 $;0,00 $;5,68 $;-2556,80 $;0,00 $;100,00%;1069,32 $;1069,32 $;0,00 $;1069,32 $;0,00 $;55,00;795,00 $;1075,00 $;5,68 $;0,09%;
01/05/2024;1;53284,16 $;-300,68 $;0,00 $;-300,68 $;5,68 $;-2857,48 $;-300,68 $;0,00%;-300,68 $;0,00 $;-300,68 $;0,00 $;-300,68 $;0,00;295,00 $;0,00 $;300,68 $;0,09%;
02/05/2024;1;55158,48 $;1874,32 $;1874,32 $;0,00 $;5,68 $;-983,16 $;0,00 $;100,00%;1874,32 $;1874,32 $;0,00 $;1874,32 $;0,00 $;135,00;345,00 $;1880,00 $;5,68 $;0,09%;
03/05/2024;1;55212,80 $;54,32 $;54,32 $;0,00 $;5,68 $;-928,84 $;0,00 $;100,00%;54,32 $;54,32 $;0,00 $;54,32 $;0,00 $;155,00;695,00 $;105,00 $;50,68 $;0,09%;
06/05/2024;1;56302,12 $;1089,32 $;1089,32 $;0,00 $;5,68 $;0,00 $;0,00 $;100,00%;1089,32 $;1089,32 $;0,00 $;1089,32 $;0,00 $;230,00;875,00 $;1095,00 $;5,68 $;0,09%;
07/05/2024;1;55351,44 $;-950,68 $;0,00 $;-950,68 $;5,68 $;-950,68 $;-950,68 $;0,00%;-950,68 $;0,00 $;-950,68 $;0,00 $;-950,68 $;160,00;945,00 $;435,00 $;1385,68 $;0,09%;
08/05/2024;1;55320,76 $;-30,68 $;0,00 $;-30,68 $;5,68 $;-981,36 $;-30,68 $;0,00%;-30,68 $;0,00 $;-30,68 $;0,00 $;-30,68 $;405,00;465,00 $;1605,00 $;1635,68 $;0,09%;
09/05/2024;1;55345,08 $;24,32 $;24,32 $;0,00 $;5,68 $;-957,04 $;0,00 $;100,00%;24,32 $;24,32 $;0,00 $;24,32 $;0,00 $;350,00;985,00 $;420,00 $;395,68 $;0,09%;
14/05/2024;1;56049,40 $;704,32 $;704,32 $;0,00 $;5,68 $;-252,72 $;0,00 $;100,00%;704,32 $;704,32 $;0,00 $;704,32 $;0,00 $;235,00;1385,00 $;710,00 $;5,68 $;0,09%;
15/05/2024;1;56643,72 $;594,32 $;594,32 $;0,00 $;5,68 $;0,00 $;0,00 $;100,00%;594,32 $;594,32 $;0,00 $;594,32 $;0,00 $;20,00;120,00 $;600,00 $;5,68 $;0,09%;
16/05/2024;1;57358,04 $;714,32 $;714,32 $;0,00 $;5,68 $;0,00 $;0,00 $;100,00%;714,32 $;714,32 $;0,00 $;714,32 $;0,00 $;50,00;555,00 $;720,00 $;5,68 $;0,09%;
17/05/2024;1;56612,36 $;-745,68 $;0,00 $;-745,68 $;5,68 $;-745,68 $;-745,68 $;0,00%;-745,68 $;0,00 $;-745,68 $;0,00 $;-745,68 $;5,00;740,00 $;10,00 $;755,68 $;0,09%;
20/05/2024;1;57531,68 $;919,32 $;919,32 $;0,00 $;5,68 $;0,00 $;0,00 $;100,00%;919,32 $;919,32 $;0,00 $;919,32 $;0,00 $;170,00;290,00 $;925,00 $;5,68 $;0,09%;
21/05/2024;1;58246,00 $;714,32 $;714,32 $;0,00 $;5,68 $;0,00 $;0,00 $;100,00%;714,32 $;714,32 $;0,00 $;714,32 $;0,00 $;20,00;75,00 $;720,00 $;5,68 $;0,09%;
22/05/2024;1;57325,32 $;-920,68 $;0,00 $;-920,68 $;5,68 $;-920,68 $;-920,68 $;0,00%;-920,68 $;0,00 $;-920,68 $;0,00 $;-920,68 $;140,00;915,00 $;85,00 $;1005,68 $;0,09%;
24/05/2024;1;57794,64 $;469,32 $;469,32 $;0,00 $;5,68 $;-451,36 $;0,00 $;100,00%;469,32 $;469,32 $;0,00 $;469,32 $;0,00 $;20,00;90,00 $;475,00 $;5,68 $;0,09%;
27/05/2024;1;58323,96 $;529,32 $;529,32 $;0,00 $;5,68 $;0,00 $;0,00 $;100,00%;529,32 $;529,32 $;0,00 $;529,32 $;0,00 $;60,00;40,00 $;535,00 $;5,68 $;0,09%;
28/05/2024;1;56373,28 $;-1950,68 $;0,00 $;-1950,68 $;5,68 $;-1950,68 $;-1950,68 $;0,00%;-1950,68 $;0,00 $;-1950,68 $;0,00 $;-1950,68 $;50,00;1945,00 $;20,00 $;1970,68 $;0,09%;
29/05/2024;1;57322,60 $;949,32 $;949,32 $;0,00 $;5,68 $;-1001,36 $;0,00 $;100,00%;949,32 $;949,32 $;0,00 $;949,32 $;0,00 $;25,00;325,00 $;955,00 $;5,68 $;0,09%;
04/06/2024;1;57246,92 $;-75,68 $;0,00 $;-75,68 $;5,68 $;-1077,04 $;-75,68 $;0,00%;-75,68 $;0,00 $;-75,68 $;0,00 $;-75,68 $;0,00;70,00 $;0,00 $;75,68 $;0,09%;
05/06/2024;1;56896,24 $;-350,68 $;0,00 $;-350,68 $;5,68 $;-1427,72 $;-350,68 $;0,00%;-350,68 $;0,00 $;-350,68 $;0,00 $;-350,68 $;0,00;345,00 $;0,00 $;350,68 $;0,09%;
07/06/2024;1;56810,56 $;-85,68 $;0,00 $;-85,68 $;5,68 $;-1513,40 $;-85,68 $;0,00%;-85,68 $;0,00 $;-85,68 $;0,00 $;-85,68 $;0,00;80,00 $;0,00 $;85,68 $;0,09%;
10/06/2024;1;57424,88 $;614,32 $;614,32 $;0,00 $;5,68 $;-899,08 $;0,00 $;100,00%;614,32 $;614,32 $;0,00 $;614,32 $;0,00 $;20,00;220,00 $;620,00 $;5,68 $;0,09%;
11/06/2024;1;58499,20 $;1074,32 $;1074,32 $;0,00 $;5,68 $;0,00 $;0,00 $;100,00%;1074,32 $;1074,32 $;0,00 $;1074,32 $;0,00 $;190,00;1090,00 $;1080,00 $;5,68 $;0,09%;
12/06/2024;1;60138,52 $;1639,32 $;1639,32 $;0,00 $;5,68 $;0,00 $;0,00 $;100,00%;1639,32 $;1639,32 $;0,00 $;1639,32 $;0,00 $;390,00;1900,00 $;1685,00 $;45,68 $;0,09%;
14/06/2024;1;61532,84 $;1394,32 $;1394,32 $;0,00 $;5,68 $;0,00 $;0,00 $;100,00%;1394,32 $;1394,32 $;0,00 $;1394,32 $;0,00 $;245,00;180,00 $;1465,00 $;70,68 $;0,09%;
17/06/2024;1;62247,16 $;714,32 $;714,32 $;0,00 $;5,68 $;0,00 $;0,00 $;100,00%;714,32 $;714,32 $;0,00 $;714,32 $;0,00 $;70,00;275,00 $;720,00 $;5,68 $;0,09%;
21/06/2024;1;59996,48 $;-2250,68 $;0,00 $;-2250,68 $;5,68 $;-2250,68 $;-2250,68 $;0,00%;-2250,68 $;0,00 $;-2250,68 $;0,00 $;-2250,68 $;95,00;2245,00 $;100,00 $;2350,68 $;0,09%;
24/06/2024;1;57850,80 $;-2145,68 $;0,00 $;-2145,68 $;5,68 $;-4396,36 $;-2145,68 $;0,00%;-2145,68 $;0,00 $;-2145,68 $;0,00 $;-2145,68 $;25,00;2140,00 $;85,00 $;2230,68 $;0,09%;
25/06/2024;1;58225,12 $;374,32 $;374,32 $;0,00 $;5,68 $;-4022,04 $;0,00 $;100,00%;374,32 $;374,32 $;0,00 $;374,32 $;0,00 $;55,00;815,00 $;380,00 $;5,68 $;0,09%;
26/06/2024;1;56464,44 $;-1760,68 $;0,00 $;-1760,68 $;5,68 $;-5782,72 $;-1760,68 $;0,00%;-1760,68 $;0,00 $;-1760,68 $;0,00 $;-1760,68 $;55,00;1755,00 $;345,00 $;2105,68 $;0,09%;
28/06/2024;1;56378,76 $;-85,68 $;0,00 $;-85,68 $;5,68 $;-5868,40 $;-85,68 $;0,00%;-85,68 $;0,00 $;-85,68 $;0,00 $;-85,68 $;0,00;80,00 $;0,00 $;85,68 $;0,09%;
01/07/2024;1;56968,08 $;589,32 $;589,32 $;0,00 $;5,68 $;-5279,08 $;0,00 $;100,00%;589,32 $;589,32 $;0,00 $;589,32 $;0,00 $;275,00;705,00 $;1225,00 $;635,68 $;0,09%;
02/07/2024;1;58992,40 $;2024,32 $;2024,32 $;0,00 $;5,68 $;-3254,76 $;0,00 $;100,00%;2024,32 $;2024,32 $;0,00 $;2024,32 $;0,00 $;180,00;1050,00 $;2030,00 $;5,68 $;0,09%;
03/07/2024;1;60041,72 $;1049,32 $;1049,32 $;0,00 $;5,68 $;-2205,44 $;0,00 $;100,00%;1049,32 $;1049,32 $;0,00 $;1049,32 $;0,00 $;40,00;505,00 $;1055,00 $;5,68 $;0,09%;
05/07/2024;1;61676,04 $;1634,32 $;1634,32 $;0,00 $;5,68 $;-571,12 $;0,00 $;100,00%;1634,32 $;1634,32 $;0,00 $;1634,32 $;0,00 $;60,00;340,00 $;1640,00 $;5,68 $;0,09%;
08/07/2024;1;62115,36 $;439,32 $;439,32 $;0,00 $;5,68 $;-131,80 $;0,00 $;100,00%;439,32 $;439,32 $;0,00 $;439,32 $;0,00 $;320,00;1065,00 $;515,00 $;75,68 $;0,09%;
10/07/2024;1;61074,68 $;-1040,68 $;0,00 $;-1040,68 $;5,68 $;-1172,48 $;-1040,68 $;0,00%;-1040,68 $;0,00 $;-1040,68 $;0,00 $;-1040,68 $;40,00;1035,00 $;40,00 $;1080,68 $;0,09%;
12/07/2024;1;61254,00 $;179,32 $;179,32 $;0,00 $;5,68 $;-993,16 $;0,00 $;100,00%;179,32 $;179,32 $;0,00 $;179,32 $;0,00 $;0,00;0,00 $;185,00 $;5,68 $;0,09%;
15/07/2024;1;63023,32 $;1769,32 $;1769,32 $;0,00 $;5,68 $;0,00 $;0,00 $;100,00%;1769,32 $;1769,32 $;0,00 $;1769,32 $;0,00 $;40,00;110,00 $;1775,00 $;5,68 $;0,09%;
22/07/2024;1;62222,64 $;-800,68 $;0,00 $;-800,68 $;5,68 $;-800,68 $;-800,68 $;0,00%;-800,68 $;0,00 $;-800,68 $;0,00 $;-800,68 $;145,00;1120,00 $;435,00 $;1235,68 $;0,09%;
23/07/2024;1;59476,96 $;-2745,68 $;0,00 $;-2745,68 $;5,68 $;-3546,36 $;-2745,68 $;0,00%;-2745,68 $;0,00 $;-2745,68 $;0,00 $;-2745,68 $;90,00;2740,00 $;80,00 $;2825,68 $;0,09%;
25/07/2024;1;62056,28 $;2579,32 $;2579,32 $;0,00 $;5,68 $;-967,04 $;0,00 $;100,00%;2579,32 $;2579,32 $;0,00 $;2579,32 $;0,00 $;55,00;1530,00 $;2585,00 $;5,68 $;0,09%;
26/07/2024;1;63785,60 $;1729,32 $;1729,32 $;0,00 $;5,68 $;0,00 $;0,00 $;100,00%;1729,32 $;1729,32 $;0,00 $;1729,32 $;0,00 $;40,00;160,00 $;1735,00 $;5,68 $;0,09%;
31/07/2024;1;64764,92 $;979,32 $;979,32 $;0,00 $;5,68 $;0,00 $;0,00 $;100,00%;979,32 $;979,32 $;0,00 $;979,32 $;0,00 $;250,00;2485,00 $;985,00 $;5,68 $;0,09%;
05/08/2024;1;68909,24 $;4144,32 $;4144,32 $;0,00 $;5,68 $;0,00 $;0,00 $;100,00%;4144,32 $;4144,32 $;0,00 $;4144,32 $;0,00 $;390,00;1770,00 $;6995,00 $;2850,68 $;0,09%;
06/08/2024;1;72898,56 $;3989,32 $;3989,32 $;0,00 $;5,68 $;0,00 $;0,00 $;100,00%;3989,32 $;3989,32 $;0,00 $;3989,32 $;0,00 $;155,00;1095,00 $;3995,00 $;5,68 $;0,09%;
08/08/2024;1;75137,88 $;2239,32 $;2239,32 $;0,00 $;5,68 $;0,00 $;0,00 $;100,00%;2239,32 $;2239,32 $;0,00 $;2239,32 $;0,00 $;30,00;240,00 $;2245,00 $;5,68 $;0,09%;
09/08/2024;1;76787,20 $;1649,32 $;1649,32 $;0,00 $;5,68 $;0,00 $;0,00 $;100,00%;1649,32 $;1649,32 $;0,00 $;1649,32 $;0,00 $;120,00;1695,00 $;1655,00 $;5,68 $;0,09%;
12/08/2024;1;75366,52 $;-1420,68 $;0,00 $;-1420,68 $;5,68 $;-1420,68 $;-1420,68 $;0,00%;-1420,68 $;0,00 $;-1420,68 $;0,00 $;-1420,68 $;385,00;2415,00 $;1365,00 $;2785,68 $;0,09%;
13/08/2024;1;76395,84 $;1029,32 $;1029,32 $;0,00 $;5,68 $;-391,36 $;0,00 $;100,00%;1029,32 $;1029,32 $;0,00 $;1029,32 $;0,00 $;50,00;150,00 $;1035,00 $;5,68 $;0,09%;
14/08/2024;1;73775,16 $;-2620,68 $;0,00 $;-2620,68 $;5,68 $;-3012,04 $;-2620,68 $;0,00%;-2620,68 $;0,00 $;-2620,68 $;0,00 $;-2620,68 $;15,00;2615,00 $;70,00 $;2690,68 $;0,09%;
15/08/2024;1;75009,48 $;1234,32 $;1234,32 $;0,00 $;5,68 $;-1777,72 $;0,00 $;100,00%;1234,32 $;1234,32 $;0,00 $;1234,32 $;0,00 $;20,00;415,00 $;1240,00 $;5,68 $;0,09%;
16/08/2024;1;75468,80 $;459,32 $;459,32 $;0,00 $;5,68 $;-1318,40 $;0,00 $;100,00%;459,32 $;459,32 $;0,00 $;459,32 $;0,00 $;110,00;1765,00 $;465,00 $;5,68 $;0,09%;
19/08/2024;1;76233,12 $;764,32 $;764,32 $;0,00 $;5,68 $;-554,08 $;0,00 $;100,00%;764,32 $;764,32 $;0,00 $;764,32 $;0,00 $;150,00;945,00 $;770,00 $;5,68 $;0,09%;
20/08/2024;1;74717,44 $;-1515,68 $;0,00 $;-1515,68 $;5,68 $;-2069,76 $;-1515,68 $;0,00%;-1515,68 $;0,00 $;-1515,68 $;0,00 $;-1515,68 $;10,00;1510,00 $;330,00 $;1845,68 $;0,09%;
21/08/2024;1;75401,76 $;684,32 $;684,32 $;0,00 $;5,68 $;-1385,44 $;0,00 $;100,00%;684,32 $;684,32 $;0,00 $;684,32 $;0,00 $;25,00;1155,00 $;690,00 $;5,68 $;0,09%;
23/08/2024;1;74731,08 $;-670,68 $;0,00 $;-670,68 $;5,68 $;-2056,12 $;-670,68 $;0,00%;-670,68 $;0,00 $;-670,68 $;0,00 $;-670,68 $;0,00;665,00 $;0,00 $;670,68 $;0,09%;
27/08/2024;1;76440,40 $;1709,32 $;1709,32 $;0,00 $;5,68 $;-346,80 $;0,00 $;100,00%;1709,32 $;1709,32 $;0,00 $;1709,32 $;0,00 $;25,00;365,00 $;1715,00 $;5,68 $;0,09%;
29/08/2024;1;72379,72 $;-4060,68 $;0,00 $;-4060,68 $;5,68 $;-4407,48 $;-4060,68 $;0,00%;-4060,68 $;0,00 $;-4060,68 $;0,00 $;-4060,68 $;220,00;4055,00 $;255,00 $;4315,68 $;0,09%;
30/08/2024;1;71054,04 $;-1325,68 $;0,00 $;-1325,68 $;5,68 $;-5733,16 $;-1325,68 $;0,00%;-1325,68 $;0,00 $;-1325,68 $;0,00 $;-1325,68 $;45,00;1320,00 $;495,00 $;1820,68 $;0,09%;
02/09/2024;1;70848,36 $;-205,68 $;0,00 $;-205,68 $;5,68 $;-5938,84 $;-205,68 $;0,00%;-205,68 $;0,00 $;-205,68 $;0,00 $;-205,68 $;125,00;565,00 $;265,00 $;470,68 $;0,09%;
04/09/2024;1;69402,68 $;-1445,68 $;0,00 $;-1445,68 $;5,68 $;-7384,52 $;-1445,68 $;0,00%;-1445,68 $;0,00 $;-1445,68 $;0,00 $;-1445,68 $;375,00;2575,00 $;1565,00 $;3010,68 $;0,09%;
05/09/2024;1;65447,00 $;-3955,68 $;0,00 $;-3955,68 $;5,68 $;-11340,20 $;-3955,68 $;0,00%;-3955,68 $;0,00 $;-3955,68 $;0,00 $;-3955,68 $;75,00;3950,00 $;1365,00 $;5320,68 $;0,09%;
09/09/2024;1;63976,32 $;-1470,68 $;0,00 $;-1470,68 $;5,68 $;-12810,88 $;-1470,68 $;0,00%;-1470,68 $;0,00 $;-1470,68 $;0,00 $;-1470,68 $;20,00;1465,00 $;860,00 $;2330,68 $;0,09%;
10/09/2024;1;64235,64 $;259,32 $;259,32 $;0,00 $;5,68 $;-12551,56 $;0,00 $;100,00%;259,32 $;259,32 $;0,00 $;259,32 $;0,00 $;150,00;200,00 $;1135,00 $;875,68 $;0,09%;
11/09/2024;1;65919,96 $;1684,32 $;1684,32 $;0,00 $;5,68 $;-10867,24 $;0,00 $;100,00%;1684,32 $;1684,32 $;0,00 $;1684,32 $;0,00 $;40,00;150,00 $;1690,00 $;5,68 $;0,09%;
12/09/2024;1;66984,28 $;1064,32 $;1064,32 $;0,00 $;5,68 $;-9802,92 $;0,00 $;100,00%;1064,32 $;1064,32 $;0,00 $;1064,32 $;0,00 $;45,00;1375,00 $;1070,00 $;5,68 $;0,09%;
13/09/2024;1;66903,60 $;-80,68 $;0,00 $;-80,68 $;5,68 $;-9883,60 $;-80,68 $;0,00%;-80,68 $;0,00 $;-80,68 $;0,00 $;-80,68 $;360,00;585,00 $;1400,00 $;1480,68 $;0,09%;
18/09/2024;1;68357,92 $;1454,32 $;1454,32 $;0,00 $;5,68 $;-8429,28 $;0,00 $;100,00%;1454,32 $;1454,32 $;0,00 $;1454,32 $;0,00 $;0,00;0,00 $;1460,00 $;5,68 $;0,09%;
19/09/2024;1;68622,24 $;264,32 $;264,32 $;0,00 $;5,68 $;-8164,96 $;0,00 $;100,00%;264,32 $;264,32 $;0,00 $;264,32 $;0,00 $;0,00;0,00 $;270,00 $;5,68 $;0,09%;
23/09/2024;1;67041,56 $;-1580,68 $;0,00 $;-1580,68 $;5,68 $;-9745,64 $;-1580,68 $;0,00%;-1580,68 $;0,00 $;-1580,68 $;0,00 $;-1580,68 $;125,00;1575,00 $;320,00 $;1900,68 $;0,09%;
24/09/2024;1;67545,88 $;504,32 $;504,32 $;0,00 $;5,68 $;-9241,32 $;0,00 $;100,00%;504,32 $;504,32 $;0,00 $;504,32 $;0,00 $;5,00;10,00 $;510,00 $;5,68 $;0,09%;
25/09/2024;1;65380,20 $;-2165,68 $;0,00 $;-2165,68 $;5,68 $;-11407,00 $;-2165,68 $;0,00%;-2165,68 $;0,00 $;-2165,68 $;0,00 $;-2165,68 $;170,00;2160,00 $;505,00 $;2670,68 $;0,09%;
02/10/2024;1;66339,52 $;959,32 $;959,32 $;0,00 $;5,68 $;-10447,68 $;0,00 $;100,00%;959,32 $;959,32 $;0,00 $;959,32 $;0,00 $;375,00;790,00 $;1645,00 $;685,68 $;0,09%;
03/10/2024;1;62413,84 $;-3925,68 $;0,00 $;-3925,68 $;5,68 $;-14373,36 $;-3925,68 $;0,00%;-3925,68 $;0,00 $;-3925,68 $;0,00 $;-3925,68 $;175,00;3920,00 $;465,00 $;4390,68 $;0,09%;
07/10/2024;1;60828,16 $;-1585,68 $;0,00 $;-1585,68 $;5,68 $;-15959,04 $;-1585,68 $;0,00%;-1585,68 $;0,00 $;-1585,68 $;0,00 $;-1585,68 $;215,00;1580,00 $;165,00 $;1750,68 $;0,09%;
08/10/2024;1;60527,48 $;-300,68 $;0,00 $;-300,68 $;5,68 $;-16259,72 $;-300,68 $;0,00%;-300,68 $;0,00 $;-300,68 $;0,00 $;-300,68 $;0,00;295,00 $;0,00 $;300,68 $;0,09%;
09/10/2024;1;61081,80 $;554,32 $;554,32 $;0,00 $;5,68 $;-15705,40 $;0,00 $;100,00%;554,32 $;554,32 $;0,00 $;554,32 $;0,00 $;30,00;365,00 $;560,00 $;5,68 $;0,09%;
10/10/2024;1;62786,12 $;1704,32 $;1704,32 $;0,00 $;5,68 $;-14001,08 $;0,00 $;100,00%;1704,32 $;1704,32 $;0,00 $;1704,32 $;0,00 $;90,00;565,00 $;1710,00 $;5,68 $;0,09%;
11/10/2024;1;62415,44 $;-370,68 $;0,00 $;-370,68 $;5,68 $;-14371,76 $;-370,68 $;0,00%;-370,68 $;0,00 $;-370,68 $;0,00 $;-370,68 $;0,00;365,00 $;0,00 $;370,68 $;0,09%;
14/10/2024;1;60424,76 $;-1990,68 $;0,00 $;-1990,68 $;5,68 $;-16362,44 $;-1990,68 $;0,00%;-1990,68 $;0,00 $;-1990,68 $;0,00 $;-1990,68 $;50,00;1985,00 $;185,00 $;2175,68 $;0,09%;
16/10/2024;1;59789,08 $;-635,68 $;0,00 $;-635,68 $;5,68 $;-16998,12 $;-635,68 $;0,00%;-635,68 $;0,00 $;-635,68 $;0,00 $;-635,68 $;140,00;815,00 $;240,00 $;875,68 $;0,09%;
18/10/2024;1;59183,40 $;-605,68 $;0,00 $;-605,68 $;5,68 $;-17603,80 $;-605,68 $;0,00%;-605,68 $;0,00 $;-605,68 $;0,00 $;-605,68 $;215,00;1250,00 $;55,00 $;660,68 $;0,09%;
21/10/2024;1;57652,72 $;-1530,68 $;0,00 $;-1530,68 $;5,68 $;-19134,48 $;-1530,68 $;0,00%;-1530,68 $;0,00 $;-1530,68 $;0,00 $;-1530,68 $;35,00;1525,00 $;1115,00 $;2645,68 $;0,09%;
22/10/2024;1;59432,04 $;1779,32 $;1779,32 $;0,00 $;5,68 $;-17355,16 $;0,00 $;100,00%;1779,32 $;1779,32 $;0,00 $;1779,32 $;0,00 $;220,00;1500,00 $;1785,00 $;5,68 $;0,09%;
24/10/2024;1;59496,36 $;64,32 $;64,32 $;0,00 $;5,68 $;-17290,84 $;0,00 $;100,00%;64,32 $;64,32 $;0,00 $;64,32 $;0,00 $;90,00;320,00 $;520,00 $;455,68 $;0,09%;
25/10/2024;1;55715,68 $;-3780,68 $;0,00 $;-3780,68 $;5,68 $;-21071,52 $;-3780,68 $;0,00%;-3780,68 $;0,00 $;-3780,68 $;0,00 $;-3780,68 $;215,00;3775,00 $;570,00 $;4350,68 $;0,09%;
29/10/2024;1;56365,00 $;649,32 $;649,32 $;0,00 $;5,68 $;-20422,20 $;0,00 $;100,00%;649,32 $;649,32 $;0,00 $;649,32 $;0,00 $;85,00;1220,00 $;655,00 $;5,68 $;0,09%;
30/10/2024;1;53414,32 $;-2950,68 $;0,00 $;-2950,68 $;5,68 $;-23372,88 $;-2950,68 $;0,00%;-2950,68 $;0,00 $;-2950,68 $;0,00 $;-2950,68 $;320,00;2945,00 $;60,00 $;3010,68 $;0,09%;
01/11/2024;1;54188,64 $;774,32 $;774,32 $;0,00 $;5,68 $;-22598,56 $;0,00 $;100,00%;774,32 $;774,32 $;0,00 $;774,32 $;0,00 $;10,00;135,00 $;780,00 $;5,68 $;0,09%;
04/11/2024;1;52807,96 $;-1380,68 $;0,00 $;-1380,68 $;5,68 $;-23979,24 $;-1380,68 $;0,00%;-1380,68 $;0,00 $;-1380,68 $;0,00 $;-1380,68 $;385,00;3090,00 $;870,00 $;2250,68 $;0,09%;
05/11/2024;1;54087,28 $;1279,32 $;1279,32 $;0,00 $;5,68 $;-22699,92 $;0,00 $;100,00%;1279,32 $;1279,32 $;0,00 $;1279,32 $;0,00 $;125,00;1265,00 $;1285,00 $;5,68 $;0,09%;
06/11/2024;1;56186,60 $;2099,32 $;2099,32 $;0,00 $;5,68 $;-20600,60 $;0,00 $;100,00%;2099,32 $;2099,32 $;0,00 $;2099,32 $;0,00 $;235,00;140,00 $;2360,00 $;260,68 $;0,09%;
07/11/2024;1;57490,92 $;1304,32 $;1304,32 $;0,00 $;5,68 $;-19296,28 $;0,00 $;100,00%;1304,32 $;1304,32 $;0,00 $;1304,32 $;0,00 $;95,00;590,00 $;1310,00 $;5,68 $;0,09%;
08/11/2024;1;56790,24 $;-700,68 $;0,00 $;-700,68 $;5,68 $;-19996,96 $;-700,68 $;0,00%;-700,68 $;0,00 $;-700,68 $;0,00 $;-700,68 $;190,00;1070,00 $;65,00 $;765,68 $;0,09%;
13/11/2024;1;57999,56 $;1209,32 $;1209,32 $;0,00 $;5,68 $;-18787,64 $;0,00 $;100,00%;1209,32 $;1209,32 $;0,00 $;1209,32 $;0,00 $;80,00;195,00 $;1215,00 $;5,68 $;0,09%;
18/11/2024;1;58663,88 $;664,32 $;664,32 $;0,00 $;5,68 $;-18123,32 $;0,00 $;100,00%;664,32 $;664,32 $;0,00 $;664,32 $;0,00 $;10,00;25,00 $;670,00 $;5,68 $;0,09%;
19/11/2024;1;59438,20 $;774,32 $;774,32 $;0,00 $;5,68 $;-17349,00 $;0,00 $;100,00%;774,32 $;774,32 $;0,00 $;774,32 $;0,00 $;25,00;395,00 $;780,00 $;5,68 $;0,09%;
20/11/2024;1;56747,52 $;-2690,68 $;0,00 $;-2690,68 $;5,68 $;-20039,68 $;-2690,68 $;0,00%;-2690,68 $;0,00 $;-2690,68 $;0,00 $;-2690,68 $;5,00;2685,00 $;85,00 $;2775,68 $;0,09%;
28/11/2024;1;56686,84 $;-60,68 $;0,00 $;-60,68 $;5,68 $;-20100,36 $;-60,68 $;0,00%;-60,68 $;0,00 $;-60,68 $;0,00 $;-60,68 $;145,00;295,00 $;335,00 $;395,68 $;0,09%;
29/11/2024;1;57631,16 $;944,32 $;944,32 $;0,00 $;5,68 $;-19156,04 $;0,00 $;100,00%;944,32 $;944,32 $;0,00 $;944,32 $;0,00 $;10,00;5,00 $;950,00 $;5,68 $;0,09%;
02/12/2024;1;58355,48 $;724,32 $;724,32 $;0,00 $;5,68 $;-18431,72 $;0,00 $;100,00%;724,32 $;724,32 $;0,00 $;724,32 $;0,00 $;410,00;670,00 $;1705,00 $;980,68 $;0,09%;
03/12/2024;1;59649,80 $;1294,32 $;1294,32 $;0,00 $;5,68 $;-17137,40 $;0,00 $;100,00%;1294,32 $;1294,32 $;0,00 $;1294,32 $;0,00 $;340,00;995,00 $;1300,00 $;5,68 $;0,09%;
04/12/2024;1;60404,12 $;754,32 $;754,32 $;0,00 $;5,68 $;-16383,08 $;0,00 $;100,00%;754,32 $;754,32 $;0,00 $;754,32 $;0,00 $;15,00;110,00 $;760,00 $;5,68 $;0,09%;
05/12/2024;1;59638,44 $;-765,68 $;0,00 $;-765,68 $;5,68 $;-17148,76 $;-765,68 $;0,00%;-765,68 $;0,00 $;-765,68 $;0,00 $;-765,68 $;55,00;760,00 $;275,00 $;1040,68 $;0,09%;
06/12/2024;1;60277,76 $;639,32 $;639,32 $;0,00 $;5,68 $;-16509,44 $;0,00 $;100,00%;639,32 $;639,32 $;0,00 $;639,32 $;0,00 $;410,00;575,00 $;1350,00 $;710,68 $;0,09%;
10/12/2024;1;58382,08 $;-1895,68 $;0,00 $;-1895,68 $;5,68 $;-18405,12 $;-1895,68 $;0,00%;-1895,68 $;0,00 $;-1895,68 $;0,00 $;-1895,68 $;35,00;1890,00 $;50,00 $;1945,68 $;0,09%;
11/12/2024;1;60216,40 $;1834,32 $;1834,32 $;0,00 $;5,68 $;-16570,80 $;0,00 $;100,00%;1834,32 $;1834,32 $;0,00 $;1834,32 $;0,00 $;120,00;375,00 $;1840,00 $;5,68 $;0,09%;
12/12/2024;1;60620,72 $;404,32 $;404,32 $;0,00 $;5,68 $;-16166,48 $;0,00 $;100,00%;404,32 $;404,32 $;0,00 $;404,32 $;0,00 $;10,00;235,00 $;410,00 $;5,68 $;0,09%;
16/12/2024;1;61050,04 $;429,32 $;429,32 $;0,00 $;5,68 $;-15737,16 $;0,00 $;100,00%;429,32 $;429,32 $;0,00 $;429,32 $;0,00 $;25,00;1275,00 $;435,00 $;5,68 $;0,09%;
17/12/2024;1;59304,36 $;-1745,68 $;0,00 $;-1745,68 $;5,68 $;-17482,84 $;-1745,68 $;0,00%;-1745,68 $;0,00 $;-1745,68 $;0,00 $;-1745,68 $;150,00;1740,00 $;155,00 $;1900,68 $;0,09%;
18/12/2024;1;57198,68 $;-2105,68 $;0,00 $;-2105,68 $;5,68 $;-19588,52 $;-2105,68 $;0,00%;-2105,68 $;0,00 $;-2105,68 $;0,00 $;-2105,68 $;200,00;2100,00 $;715,00 $;2820,68 $;0,09%;
20/12/2024;1;58128,00 $;929,32 $;929,32 $;0,00 $;5,68 $;-18659,20 $;0,00 $;100,00%;929,32 $;929,32 $;0,00 $;929,32 $;0,00 $;0,00;0,00 $;935,00 $;5,68 $;0,09%;
23/12/2024;1;58987,32 $;859,32 $;859,32 $;0,00 $;5,68 $;-17799,88 $;0,00 $;100,00%;859,32 $;859,32 $;0,00 $;859,32 $;0,00 $;290,00;1035,00 $;1655,00 $;795,68 $;0,09%;
24/12/2024;1;60146,64 $;1159,32 $;1159,32 $;0,00 $;5,68 $;-16640,56 $;0,00 $;100,00%;1159,32 $;1159,32 $;0,00 $;1159,32 $;0,00 $;50,00;325,00 $;1165,00 $;5,68 $;0,09%;
26/12/2024;1;61655,96 $;1509,32 $;1509,32 $;0,00 $;5,68 $;-15131,24 $;0,00 $;100,00%;1509,32 $;1509,32 $;0,00 $;1509,32 $;0,00 $;50,00;285,00 $;1515,00 $;5,68 $;0,09%;
30/12/2024;1;64005,28 $;2349,32 $;2349,32 $;0,00 $;5,68 $;-12781,92 $;0,00 $;100,00%;2349,32 $;2349,32 $;0,00 $;2349,32 $;0,00 $;50,00;40,00 $;2355,00 $;5,68 $;0,09%;
02/01/2025;1;59069,60 $;-4935,68 $;0,00 $;-4935,68 $;5,68 $;-17717,60 $;-4935,68 $;0,00%;-4935,68 $;0,00 $;-4935,68 $;0,00 $;-4935,68 $;140,00;4930,00 $;625,00 $;5560,68 $;0,09%;
03/01/2025;1;59473,92 $;404,32 $;404,32 $;0,00 $;5,68 $;-17313,28 $;0,00 $;100,00%;404,32 $;404,32 $;0,00 $;404,32 $;0,00 $;310,00;620,00 $;1735,00 $;1330,68 $;0,09%;
06/01/2025;1;56743,24 $;-2730,68 $;0,00 $;-2730,68 $;5,68 $;-20043,96 $;-2730,68 $;0,00%;-2730,68 $;0,00 $;-2730,68 $;0,00 $;-2730,68 $;200,00;2725,00 $;745,00 $;3475,68 $;0,09%;
08/01/2025;1;54627,56 $;-2115,68 $;0,00 $;-2115,68 $;5,68 $;-22159,64 $;-2115,68 $;0,00%;-2115,68 $;0,00 $;-2115,68 $;0,00 $;-2115,68 $;20,00;2110,00 $;35,00 $;2150,68 $;0,09%;
13/01/2025;1;55951,88 $;1324,32 $;1324,32 $;0,00 $;5,68 $;-20835,32 $;0,00 $;100,00%;1324,32 $;1324,32 $;0,00 $;1324,32 $;0,00 $;40,00;1765,00 $;1330,00 $;5,68 $;0,09%;
15/01/2025;1;56201,20 $;249,32 $;249,32 $;0,00 $;5,68 $;-20586,00 $;0,00 $;100,00%;249,32 $;249,32 $;0,00 $;249,32 $;0,00 $;400,00;2355,00 $;1775,00 $;1525,68 $;0,09%;
17/01/2025;1;54690,52 $;-1510,68 $;0,00 $;-1510,68 $;5,68 $;-22096,68 $;-1510,68 $;0,00%;-1510,68 $;0,00 $;-1510,68 $;0,00 $;-1510,68 $;210,00;1850,00 $;70,00 $;1580,68 $;0,09%;
21/01/2025;1;55314,84 $;624,32 $;624,32 $;0,00 $;5,68 $;-21472,36 $;0,00 $;100,00%;624,32 $;624,32 $;0,00 $;624,32 $;0,00 $;235,00;880,00 $;850,00 $;225,68 $;0,09%;
22/01/2025;1;56609,16 $;1294,32 $;1294,32 $;0,00 $;5,68 $;-20178,04 $;0,00 $;100,00%;1294,32 $;1294,32 $;0,00 $;1294,32 $;0,00 $;110,00;380,00 $;1300,00 $;5,68 $;0,09%;
23/01/2025;1;57538,48 $;929,32 $;929,32 $;0,00 $;5,68 $;-19248,72 $;0,00 $;100,00%;929,32 $;929,32 $;0,00 $;929,32 $;0,00 $;60,00;530,00 $;935,00 $;5,68 $;0,09%;
27/01/2025;1;51912,80 $;-5625,68 $;0,00 $;-5625,68 $;5,68 $;-24874,40 $;-5625,68 $;0,00%;-5625,68 $;0,00 $;-5625,68 $;0,00 $;-5625,68 $;250,00;5620,00 $;575,00 $;6200,68 $;0,09%;
28/01/2025;1;52742,12 $;829,32 $;829,32 $;0,00 $;5,68 $;-24045,08 $;0,00 $;100,00%;829,32 $;829,32 $;0,00 $;829,32 $;0,00 $;0,00;0,00 $;835,00 $;5,68 $;0,09%;
31/01/2025;1;52971,44 $;229,32 $;229,32 $;0,00 $;5,68 $;-23815,76 $;0,00 $;100,00%;229,32 $;229,32 $;0,00 $;229,32 $;0,00 $;5,00;615,00 $;235,00 $;5,68 $;0,09%;
03/02/2025;1;54755,76 $;1784,32 $;1784,32 $;0,00 $;5,68 $;-22031,44 $;0,00 $;100,00%;1784,32 $;1784,32 $;0,00 $;1784,32 $;0,00 $;0,00;0,00 $;1790,00 $;5,68 $;0,09%;
04/02/2025;1;55515,08 $;759,32 $;759,32 $;0,00 $;5,68 $;-21272,12 $;0,00 $;100,00%;759,32 $;759,32 $;0,00 $;759,32 $;0,00 $;0,00;0,00 $;765,00 $;5,68 $;0,09%;
05/02/2025;1;57114,40 $;1599,32 $;1599,32 $;0,00 $;5,68 $;-19672,80 $;0,00 $;100,00%;1599,32 $;1599,32 $;0,00 $;1599,32 $;0,00 $;55,00;420,00 $;1605,00 $;5,68 $;0,09%;
06/02/2025;1;55173,72 $;-1940,68 $;0,00 $;-1940,68 $;5,68 $;-21613,48 $;-1940,68 $;0,00%;-1940,68 $;0,00 $;-1940,68 $;0,00 $;-1940,68 $;250,00;1935,00 $;140,00 $;2080,68 $;0,09%;
10/02/2025;1;55818,04 $;644,32 $;644,32 $;0,00 $;5,68 $;-20969,16 $;0,00 $;100,00%;644,32 $;644,32 $;0,00 $;644,32 $;0,00 $;15,00;155,00 $;650,00 $;5,68 $;0,09%;
11/02/2025;1;55492,36 $;-325,68 $;0,00 $;-325,68 $;5,68 $;-21294,84 $;-325,68 $;0,00%;-325,68 $;0,00 $;-325,68 $;0,00 $;-325,68 $;390,00;1855,00 $;1260,00 $;1585,68 $;0,09%;
12/02/2025;1;57881,68 $;2389,32 $;2389,32 $;0,00 $;5,68 $;-18905,52 $;0,00 $;100,00%;2389,32 $;2389,32 $;0,00 $;2389,32 $;0,00 $;250,00;1280,00 $;2395,00 $;5,68 $;0,09%;
13/02/2025;1;59746,00 $;1864,32 $;1864,32 $;0,00 $;5,68 $;-17041,20 $;0,00 $;100,00%;1864,32 $;1864,32 $;0,00 $;1864,32 $;0,00 $;260,00;1665,00 $;1870,00 $;5,68 $;0,09%;
14/02/2025;1;60915,32 $;1169,32 $;1169,32 $;0,00 $;5,68 $;-15871,88 $;0,00 $;100,00%;1169,32 $;1169,32 $;0,00 $;1169,32 $;0,00 $;195,00;705,00 $;1175,00 $;5,68 $;0,09%;
17/02/2025;1;60759,64 $;-155,68 $;0,00 $;-155,68 $;5,68 $;-16027,56 $;-155,68 $;0,00%;-155,68 $;0,00 $;-155,68 $;0,00 $;-155,68 $;100,00;405,00 $;180,00 $;335,68 $;0,09%;
19/02/2025;1;61823,96 $;1064,32 $;1064,32 $;0,00 $;5,68 $;-14963,24 $;0,00 $;100,00%;1064,32 $;1064,32 $;0,00 $;1064,32 $;0,00 $;160,00;795,00 $;1070,00 $;5,68 $;0,09%;
26/02/2025;1;63108,28 $;1284,32 $;1284,32 $;0,00 $;5,68 $;-13678,92 $;0,00 $;100,00%;1284,32 $;1284,32 $;0,00 $;1284,32 $;0,00 $;15,00;765,00 $;1290,00 $;5,68 $;0,09%;
28/02/2025;1;64722,60 $;1614,32 $;1614,32 $;0,00 $;5,68 $;-12064,60 $;0,00 $;100,00%;1614,32 $;1614,32 $;0,00 $;1614,32 $;0,00 $;315,00;5285,00 $;1620,00 $;5,68 $;0,09%;
04/03/2025;1;67731,92 $;3009,32 $;3009,32 $;0,00 $;5,68 $;-9055,28 $;0,00 $;100,00%;3009,32 $;3009,32 $;0,00 $;3009,32 $;0,00 $;30,00;300,00 $;3015,00 $;5,68 $;0,09%;
05/03/2025;1;69676,24 $;1944,32 $;1944,32 $;0,00 $;5,68 $;-7110,96 $;0,00 $;100,00%;1944,32 $;1944,32 $;0,00 $;1944,32 $;0,00 $;80,00;1205,00 $;1950,00 $;5,68 $;0,09%;
06/03/2025;1;69875,56 $;199,32 $;199,32 $;0,00 $;5,68 $;-6911,64 $;0,00 $;100,00%;199,32 $;199,32 $;0,00 $;199,32 $;0,00 $;0,00;0,00 $;205,00 $;5,68 $;0,09%;
07/03/2025;1;69019,88 $;-855,68 $;0,00 $;-855,68 $;5,68 $;-7767,32 $;-855,68 $;0,00%;-855,68 $;0,00 $;-855,68 $;0,00 $;-855,68 $;140,00;3025,00 $;730,00 $;1585,68 $;0,09%;
11/03/2025;1;63524,20 $;-5495,68 $;0,00 $;-5495,68 $;5,68 $;-13263,00 $;-5495,68 $;0,00%;-5495,68 $;0,00 $;-5495,68 $;0,00 $;-5495,68 $;65,00;5490,00 $;350,00 $;5845,68 $;0,09%;
14/03/2025;1;64643,52 $;1119,32 $;1119,32 $;0,00 $;5,68 $;-12143,68 $;0,00 $;100,00%;1119,32 $;1119,32 $;0,00 $;1119,32 $;0,00 $;345,00;445,00 $;2625,00 $;1505,68 $;0,09%;
17/03/2025;1;63247,84 $;-1395,68 $;0,00 $;-1395,68 $;5,68 $;-13539,36 $;-1395,68 $;0,00%;-1395,68 $;0,00 $;-1395,68 $;0,00 $;-1395,68 $;150,00;2055,00 $;1220,00 $;2615,68 $;0,09%;
19/03/2025;1;64432,16 $;1184,32 $;1184,32 $;0,00 $;5,68 $;-12355,04 $;0,00 $;100,00%;1184,32 $;1184,32 $;0,00 $;1184,32 $;0,00 $;105,00;1515,00 $;1190,00 $;5,68 $;0,09%;
20/03/2025;1;66256,48 $;1824,32 $;1824,32 $;0,00 $;5,68 $;-10530,72 $;0,00 $;100,00%;1824,32 $;1824,32 $;0,00 $;1824,32 $;0,00 $;30,00;575,00 $;1830,00 $;5,68 $;0,09%;
21/03/2025;1;67995,80 $;1739,32 $;1739,32 $;0,00 $;5,68 $;-8791,40 $;0,00 $;100,00%;1739,32 $;1739,32 $;0,00 $;1739,32 $;0,00 $;105,00;1310,00 $;1745,00 $;5,68 $;0,09%;
24/03/2025;1;69155,12 $;1159,32 $;1159,32 $;0,00 $;5,68 $;-7632,08 $;0,00 $;100,00%;1159,32 $;1159,32 $;0,00 $;1159,32 $;0,00 $;325,00;715,00 $;1165,00 $;5,68 $;0,09%;
25/03/2025;1;70399,44 $;1244,32 $;1244,32 $;0,00 $;5,68 $;-6387,76 $;0,00 $;100,00%;1244,32 $;1244,32 $;0,00 $;1244,32 $;0,00 $;325,00;635,00 $;1250,00 $;5,68 $;0,09%;
27/03/2025;1;69173,76 $;-1225,68 $;0,00 $;-1225,68 $;5,68 $;-7613,44 $;-1225,68 $;0,00%;-1225,68 $;0,00 $;-1225,68 $;0,00 $;-1225,68 $;405,00;1665,00 $;2825,00 $;4050,68 $;0,09%;
31/03/2025;1;72843,08 $;3669,32 $;3669,32 $;0,00 $;5,68 $;-3944,12 $;0,00 $;100,00%;3669,32 $;3669,32 $;0,00 $;3669,32 $;0,00 $;175,00;975,00 $;3675,00 $;5,68 $;0,09%;
01/04/2025;1;74222,40 $;1379,32 $;1379,32 $;0,00 $;5,68 $;-2564,80 $;0,00 $;100,00%;1379,32 $;1379,32 $;0,00 $;1379,32 $;0,00 $;10,00;35,00 $;1385,00 $;5,68 $;0,09%;
02/04/2025;1;78921,72 $;4699,32 $;4699,32 $;0,00 $;5,68 $;0,00 $;0,00 $;100,00%;4699,32 $;4699,32 $;0,00 $;4699,32 $;0,00 $;135,00;605,00 $;4705,00 $;5,68 $;0,09%;
07/04/2025;1;80051,04 $;1129,32 $;1129,32 $;0,00 $;5,68 $;0,00 $;0,00 $;100,00%;1129,32 $;1129,32 $;0,00 $;1129,32 $;0,00 $;0,00;0,00 $;1135,00 $;5,68 $;0,09%;
08/04/2025;1;74805,36 $;-5245,68 $;0,00 $;-5245,68 $;5,68 $;-5245,68 $;-5245,68 $;0,00%;-5245,68 $;0,00 $;-5245,68 $;0,00 $;-5245,68 $;60,00;5240,00 $;725,00 $;5970,68 $;0,09%;
09/04/2025;1;80954,68 $;6149,32 $;6149,32 $;0,00 $;5,68 $;0,00 $;0,00 $;100,00%;6149,32 $;6149,32 $;0,00 $;6149,32 $;0,00 $;0,00;0,00 $;6155,00 $;5,68 $;0,09%;
11/04/2025;1;82244,00 $;1289,32 $;1289,32 $;0,00 $;5,68 $;0,00 $;0,00 $;100,00%;1289,32 $;1289,32 $;0,00 $;1289,32 $;0,00 $;250,00;3220,00 $;2355,00 $;1065,68 $;0,09%;
16/04/2025;1;79683,32 $;-2560,68 $;0,00 $;-2560,68 $;5,68 $;-2560,68 $;-2560,68 $;0,00%;-2560,68 $;0,00 $;-2560,68 $;0,00 $;-2560,68 $;25,00;2555,00 $;75,00 $;2635,68 $;0,09%;
22/04/2025;1;81817,64 $;2134,32 $;2134,32 $;0,00 $;5,68 $;-426,36 $;0,00 $;100,00%;2134,32 $;2134,32 $;0,00 $;2134,32 $;0,00 $;105,00;965,00 $;2140,00 $;5,68 $;0,09%;
23/04/2025;1;77716,96 $;-4100,68 $;0,00 $;-4100,68 $;5,68 $;-4527,04 $;-4100,68 $;0,00%;-4100,68 $;0,00 $;-4100,68 $;0,00 $;-4100,68 $;35,00;4095,00 $;390,00 $;4490,68 $;0,09%;
24/04/2025;1;78951,28 $;1234,32 $;1234,32 $;0,00 $;5,68 $;-3292,72 $;0,00 $;100,00%;1234,32 $;1234,32 $;0,00 $;1234,32 $;0,00 $;20,00;465,00 $;1240,00 $;5,68 $;0,09%;
25/04/2025;1;76875,60 $;-2075,68 $;0,00 $;-2075,68 $;5,68 $;-5368,40 $;-2075,68 $;0,00%;-2075,68 $;0,00 $;-2075,68 $;0,00 $;-2075,68 $;0,00;2070,00 $;0,00 $;2075,68 $;0,09%;
29/04/2025;1;78439,92 $;1564,32 $;1564,32 $;0,00 $;5,68 $;-3804,08 $;0,00 $;100,00%;1564,32 $;1564,32 $;0,00 $;1564,32 $;0,00 $;210,00;2005,00 $;1570,00 $;5,68 $;0,09%;
30/04/2025;1;81784,24 $;3344,32 $;3344,32 $;0,00 $;5,68 $;-459,76 $;0,00 $;100,00%;3344,32 $;3344,32 $;0,00 $;3344,32 $;0,00 $;170,00;615,00 $;3350,00 $;5,68 $;0,09%;
01/05/2025;1;83078,56 $;1294,32 $;1294,32 $;0,00 $;5,68 $;0,00 $;0,00 $;100,00%;1294,32 $;1294,32 $;0,00 $;1294,32 $;0,00 $;30,00;270,00 $;1300,00 $;5,68 $;0,09%;
02/05/2025;1;84497,88 $;1419,32 $;1419,32 $;0,00 $;5,68 $;0,00 $;0,00 $;100,00%;1419,32 $;1419,32 $;0,00 $;1419,32 $;0,00 $;100,00;705,00 $;1425,00 $;5,68 $;0,09%;
05/05/2025;1;85552,20 $;1054,32 $;1054,32 $;0,00 $;5,68 $;0,00 $;0,00 $;100,00%;1054,32 $;1054,32 $;0,00 $;1054,32 $;0,00 $;95,00;375,00 $;1060,00 $;5,68 $;0,09%;
06/05/2025;1;86521,52 $;969,32 $;969,32 $;0,00 $;5,68 $;0,00 $;0,00 $;100,00%;969,32 $;969,32 $;0,00 $;969,32 $;0,00 $;60,00;365,00 $;975,00 $;5,68 $;0,09%;
07/05/2025;1;84755,84 $;-1765,68 $;0,00 $;-1765,68 $;5,68 $;-1765,68 $;-1765,68 $;0,00%;-1765,68 $;0,00 $;-1765,68 $;0,00 $;-1765,68 $;30,00;1760,00 $;640,00 $;2405,68 $;0,09%;
08/05/2025;1;84645,16 $;-110,68 $;0,00 $;-110,68 $;5,68 $;-1876,36 $;-110,68 $;0,00%;-110,68 $;0,00 $;-110,68 $;0,00 $;-110,68 $;0,00;105,00 $;0,00 $;110,68 $;0,09%;
12/05/2025;1;85274,48 $;629,32 $;629,32 $;0,00 $;5,68 $;-1247,04 $;0,00 $;100,00%;629,32 $;629,32 $;0,00 $;629,32 $;0,00 $;145,00;1325,00 $;1415,00 $;785,68 $;0,09%;
13/05/2025;1;86183,80 $;909,32 $;909,32 $;0,00 $;5,68 $;-337,72 $;0,00 $;100,00%;909,32 $;909,32 $;0,00 $;909,32 $;0,00 $;5,00;95,00 $;915,00 $;5,68 $;0,09%;
15/05/2025;1;87353,12 $;1169,32 $;1169,32 $;0,00 $;5,68 $;0,00 $;0,00 $;100,00%;1169,32 $;1169,32 $;0,00 $;1169,32 $;0,00 $;25,00;10,00 $;1175,00 $;5,68 $;0,09%;
16/05/2025;1;85462,44 $;-1890,68 $;0,00 $;-1890,68 $;5,68 $;-1890,68 $;-1890,68 $;0,00%;-1890,68 $;0,00 $;-1890,68 $;0,00 $;-1890,68 $;120,00;1885,00 $;595,00 $;2485,68 $;0,09%;
19/05/2025;1;87396,76 $;1934,32 $;1934,32 $;0,00 $;5,68 $;0,00 $;0,00 $;100,00%;1934,32 $;1934,32 $;0,00 $;1934,32 $;0,00 $;400,00;870,00 $;2490,00 $;555,68 $;0,09%;
20/05/2025;1;85771,08 $;-1625,68 $;0,00 $;-1625,68 $;5,68 $;-1625,68 $;-1625,68 $;0,00%;-1625,68 $;0,00 $;-1625,68 $;0,00 $;-1625,68 $;210,00;1620,00 $;710,00 $;2335,68 $;0,09%;
21/05/2025;1;87855,40 $;2084,32 $;2084,32 $;0,00 $;5,68 $;0,00 $;0,00 $;100,00%;2084,32 $;2084,32 $;0,00 $;2084,32 $;0,00 $;50,00;290,00 $;2090,00 $;5,68 $;0,09%;
22/05/2025;1;88179,72 $;324,32 $;324,32 $;0,00 $;5,68 $;0,00 $;0,00 $;100,00%;324,32 $;324,32 $;0,00 $;324,32 $;0,00 $;0,00;0,00 $;330,00 $;5,68 $;0,09%;
23/05/2025;1;87929,04 $;-250,68 $;0,00 $;-250,68 $;5,68 $;-250,68 $;-250,68 $;0,00%;-250,68 $;0,00 $;-250,68 $;0,00 $;-250,68 $;370,00;1605,00 $;2350,00 $;2600,68 $;0,09%;
27/05/2025;1;88453,36 $;524,32 $;524,32 $;0,00 $;5,68 $;0,00 $;0,00 $;100,00%;524,32 $;524,32 $;0,00 $;524,32 $;0,00 $;10,00;100,00 $;530,00 $;5,68 $;0,09%;
02/06/2025;1;89547,68 $;1094,32 $;1094,32 $;0,00 $;5,68 $;0,00 $;0,00 $;100,00%;1094,32 $;1094,32 $;0,00 $;1094,32 $;0,00 $;150,00;190,00 $;1535,00 $;440,68 $;0,09%;
03/06/2025;1;91172,00 $;1624,32 $;1624,32 $;0,00 $;5,68 $;0,00 $;0,00 $;100,00%;1624,32 $;1624,32 $;0,00 $;1624,32 $;0,00 $;95,00;465,00 $;1630,00 $;5,68 $;0,09%;
04/06/2025;1;90396,32 $;-775,68 $;0,00 $;-775,68 $;5,68 $;-775,68 $;-775,68 $;0,00%;-775,68 $;0,00 $;-775,68 $;0,00 $;-775,68 $;125,00;925,00 $;235,00 $;1010,68 $;0,09%;
05/06/2025;1;86965,64 $;-3430,68 $;0,00 $;-3430,68 $;5,68 $;-4206,36 $;-3430,68 $;0,00%;-3430,68 $;0,00 $;-3430,68 $;0,00 $;-3430,68 $;100,00;3425,00 $;1450,00 $;4880,68 $;0,09%;
09/06/2025;1;87569,96 $;604,32 $;604,32 $;0,00 $;5,68 $;-3602,04 $;0,00 $;100,00%;604,32 $;604,32 $;0,00 $;604,32 $;0,00 $;10,00;40,00 $;610,00 $;5,68 $;0,09%;
10/06/2025;1;88774,28 $;1204,32 $;1204,32 $;0,00 $;5,68 $;-2397,72 $;0,00 $;100,00%;1204,32 $;1204,32 $;0,00 $;1204,32 $;0,00 $;160,00;1475,00 $;1210,00 $;5,68 $;0,09%;
11/06/2025;1;86173,60 $;-2600,68 $;0,00 $;-2600,68 $;5,68 $;-4998,40 $;-2600,68 $;0,00%;-2600,68 $;0,00 $;-2600,68 $;0,00 $;-2600,68 $;105,00;2595,00 $;420,00 $;3020,68 $;0,09%;
12/06/2025;1;86997,92 $;824,32 $;824,32 $;0,00 $;5,68 $;-4174,08 $;0,00 $;100,00%;824,32 $;824,32 $;0,00 $;824,32 $;0,00 $;40,00;335,00 $;830,00 $;5,68 $;0,09%;
13/06/2025;1;84282,24 $;-2715,68 $;0,00 $;-2715,68 $;5,68 $;-6889,76 $;-2715,68 $;0,00%;-2715,68 $;0,00 $;-2715,68 $;0,00 $;-2715,68 $;170,00;2710,00 $;1150,00 $;3865,68 $;0,09%;
16/06/2025;1;85216,56 $;934,32 $;934,32 $;0,00 $;5,68 $;-5955,44 $;0,00 $;100,00%;934,32 $;934,32 $;0,00 $;934,32 $;0,00 $;70,00;560,00 $;940,00 $;5,68 $;0,09%;
17/06/2025;1;83695,88 $;-1520,68 $;0,00 $;-1520,68 $;5,68 $;-7476,12 $;-1520,68 $;0,00%;-1520,68 $;0,00 $;-1520,68 $;0,00 $;-1520,68 $;150,00;1515,00 $;670,00 $;2190,68 $;0,09%;
18/06/2025;1;84540,20 $;844,32 $;844,32 $;0,00 $;5,68 $;-6631,80 $;0,00 $;100,00%;844,32 $;844,32 $;0,00 $;844,32 $;0,00 $;15,00;85,00 $;850,00 $;5,68 $;0,09%;
23/06/2025;1;80559,52 $;-3980,68 $;0,00 $;-3980,68 $;5,68 $;-10612,48 $;-3980,68 $;0,00%;-3980,68 $;0,00 $;-3980,68 $;0,00 $;-3980,68 $;150,00;3975,00 $;1220,00 $;5200,68 $;0,09%;
24/06/2025;1;81623,84 $;1064,32 $;1064,32 $;0,00 $;5,68 $;-9548,16 $;0,00 $;100,00%;1064,32 $;1064,32 $;0,00 $;1064,32 $;0,00 $;80,00;140,00 $;1070,00 $;5,68 $;0,09%;
26/06/2025;1;82898,16 $;1274,32 $;1274,32 $;0,00 $;5,68 $;-8273,84 $;0,00 $;100,00%;1274,32 $;1274,32 $;0,00 $;1274,32 $;0,00 $;175,00;595,00 $;1280,00 $;5,68 $;0,09%;
27/06/2025;1;83042,48 $;144,32 $;144,32 $;0,00 $;5,68 $;-8129,52 $;0,00 $;100,00%;144,32 $;144,32 $;0,00 $;144,32 $;0,00 $;0,00;0,00 $;150,00 $;5,68 $;0,09%;
30/06/2025;1;82751,80 $;-290,68 $;0,00 $;-290,68 $;5,68 $;-8420,20 $;-290,68 $;0,00%;-290,68 $;0,00 $;-290,68 $;0,00 $;-290,68 $;80,00;570,00 $;1075,00 $;1365,68 $;0,09%;
02/07/2025;1;83716,12 $;964,32 $;964,32 $;0,00 $;5,68 $;-7455,88 $;0,00 $;100,00%;964,32 $;964,32 $;0,00 $;964,32 $;0,00 $;20,00;25,00 $;970,00 $;5,68 $;0,09%;
03/07/2025;1;83765,44 $;49,32 $;49,32 $;0,00 $;5,68 $;-7406,56 $;0,00 $;100,00%;49,32 $;49,32 $;0,00 $;49,32 $;0,00 $;0,00;0,00 $;55,00 $;5,68 $;0,09%;
04/07/2025;1;83049,76 $;-715,68 $;0,00 $;-715,68 $;5,68 $;-8122,24 $;-715,68 $;0,00%;-715,68 $;0,00 $;-715,68 $;0,00 $;-715,68 $;130,00;925,00 $;30,00 $;745,68 $;0,09%;
08/07/2025;1;82284,08 $;-765,68 $;0,00 $;-765,68 $;5,68 $;-8887,92 $;-765,68 $;0,00%;-765,68 $;0,00 $;-765,68 $;0,00 $;-765,68 $;0,00;760,00 $;0,00 $;765,68 $;0,09%;
09/07/2025;1;80013,40 $;-2270,68 $;0,00 $;-2270,68 $;5,68 $;-11158,60 $;-2270,68 $;0,00%;-2270,68 $;0,00 $;-2270,68 $;0,00 $;-2270,68 $;20,00;2265,00 $;90,00 $;2360,68 $;0,09%;
11/07/2025;1;78902,72 $;-1110,68 $;0,00 $;-1110,68 $;5,68 $;-12269,28 $;-1110,68 $;0,00%;-1110,68 $;0,00 $;-1110,68 $;0,00 $;-1110,68 $;390,00;1690,00 $;565,00 $;1675,68 $;0,09%;
14/07/2025;1;79512,04 $;609,32 $;609,32 $;0,00 $;5,68 $;-11659,96 $;0,00 $;100,00%;609,32 $;609,32 $;0,00 $;609,32 $;0,00 $;345,00;270,00 $;1220,00 $;610,68 $;0,09%;
16/07/2025;1;79061,36 $;-450,68 $;0,00 $;-450,68 $;5,68 $;-12110,64 $;-450,68 $;0,00%;-450,68 $;0,00 $;-450,68 $;0,00 $;-450,68 $;60,00;600,00 $;115,00 $;565,68 $;0,09%;
17/07/2025;1;79800,68 $;739,32 $;739,32 $;0,00 $;5,68 $;-11371,32 $;0,00 $;100,00%;739,32 $;739,32 $;0,00 $;739,32 $;0,00 $;55,00;1150,00 $;745,00 $;5,68 $;0,09%;
21/07/2025;1;78750,00 $;-1050,68 $;0,00 $;-1050,68 $;5,68 $;-12422,00 $;-1050,68 $;0,00%;-1050,68 $;0,00 $;-1050,68 $;0,00 $;-1050,68 $;400,00;1415,00 $;510,00 $;1560,68 $;0,09%;
23/07/2025;1;80194,32 $;1444,32 $;1444,32 $;0,00 $;5,68 $;-10977,68 $;0,00 $;100,00%;1444,32 $;1444,32 $;0,00 $;1444,32 $;0,00 $;105,00;470,00 $;1450,00 $;5,68 $;0,09%;
24/07/2025;1;79958,64 $;-235,68 $;0,00 $;-235,68 $;5,68 $;-11213,36 $;-235,68 $;0,00%;-235,68 $;0,00 $;-235,68 $;0,00 $;-235,68 $;210,00;805,00 $;360,00 $;595,68 $;0,09%;
25/07/2025;1;80962,96 $;1004,32 $;1004,32 $;0,00 $;5,68 $;-10209,04 $;0,00 $;100,00%;1004,32 $;1004,32 $;0,00 $;1004,32 $;0,00 $;120,00;75,00 $;1010,00 $;5,68 $;0,09%;
30/07/2025;1;79142,28 $;-1820,68 $;0,00 $;-1820,68 $;5,68 $;-12029,72 $;-1820,68 $;0,00%;-1820,68 $;0,00 $;-1820,68 $;0,00 $;-1820,68 $;150,00;1815,00 $;965,00 $;2785,68 $;0,09%;
04/08/2025;1;81561,60 $;2419,32 $;2419,32 $;0,00 $;5,68 $;-9610,40 $;0,00 $;100,00%;2419,32 $;2419,32 $;0,00 $;2419,32 $;0,00 $;405,00;835,00 $;2460,00 $;40,68 $;0,09%;
06/08/2025;1;83770,92 $;2209,32 $;2209,32 $;0,00 $;5,68 $;-7401,08 $;0,00 $;100,00%;2209,32 $;2209,32 $;0,00 $;2209,32 $;0,00 $;70,00;1110,00 $;2215,00 $;5,68 $;0,09%;
08/08/2025;1;86145,24 $;2374,32 $;2374,32 $;0,00 $;5,68 $;-5026,76 $;0,00 $;100,00%;2374,32 $;2374,32 $;0,00 $;2374,32 $;0,00 $;355,00;560,00 $;2380,00 $;5,68 $;0,09%;
11/08/2025;1;86989,56 $;844,32 $;844,32 $;0,00 $;5,68 $;-4182,44 $;0,00 $;100,00%;844,32 $;844,32 $;0,00 $;844,32 $;0,00 $;100,00;765,00 $;850,00 $;5,68 $;0,09%;
12/08/2025;1;88703,88 $;1714,32 $;1714,32 $;0,00 $;5,68 $;-2468,12 $;0,00 $;100,00%;1714,32 $;1714,32 $;0,00 $;1714,32 $;0,00 $;255,00;535,00 $;1720,00 $;5,68 $;0,09%;
14/08/2025;1;87498,20 $;-1205,68 $;0,00 $;-1205,68 $;5,68 $;-3673,80 $;-1205,68 $;0,00%;-1205,68 $;0,00 $;-1205,68 $;0,00 $;-1205,68 $;385,00;1770,00 $;1125,00 $;2330,68 $;0,09%;
21/08/2025;1;84107,52 $;-3390,68 $;0,00 $;-3390,68 $;5,68 $;-7064,48 $;-3390,68 $;0,00%;-3390,68 $;0,00 $;-3390,68 $;0,00 $;-3390,68 $;115,00;3385,00 $;15,00 $;3405,68 $;0,09%;
22/08/2025;1;83426,84 $;-680,68 $;0,00 $;-680,68 $;5,68 $;-7745,16 $;-680,68 $;0,00%;-680,68 $;0,00 $;-680,68 $;0,00 $;-680,68 $;0,00;675,00 $;0,00 $;680,68 $;0,09%;
25/08/2025;1;84311,16 $;884,32 $;884,32 $;0,00 $;5,68 $;-6860,84 $;0,00 $;100,00%;884,32 $;884,32 $;0,00 $;884,32 $;0,00 $;65,00;595,00 $;890,00 $;5,68 $;0,09%;
26/08/2025;1;85835,48 $;1524,32 $;1524,32 $;0,00 $;5,68 $;-5336,52 $;0,00 $;100,00%;1524,32 $;1524,32 $;0,00 $;1524,32 $;0,00 $;335,00;1090,00 $;1530,00 $;5,68 $;0,09%;
27/08/2025;1;86759,80 $;924,32 $;924,32 $;0,00 $;5,68 $;-4412,20 $;0,00 $;100,00%;924,32 $;924,32 $;0,00 $;924,32 $;0,00 $;225,00;1090,00 $;930,00 $;5,68 $;0,09%;
28/08/2025;1;86814,12 $;54,32 $;54,32 $;0,00 $;5,68 $;-4357,88 $;0,00 $;100,00%;54,32 $;54,32 $;0,00 $;54,32 $;0,00 $;240,00;735,00 $;895,00 $;840,68 $;0,09%;
01/09/2025;1;87053,44 $;239,32 $;239,32 $;0,00 $;5,68 $;-4118,56 $;0,00 $;100,00%;239,32 $;239,32 $;0,00 $;239,32 $;0,00 $;170,00;220,00 $;335,00 $;95,68 $;0,09%;
02/09/2025;1;89972,76 $;2919,32 $;2919,32 $;0,00 $;5,68 $;-1199,24 $;0,00 $;100,00%;2919,32 $;2919,32 $;0,00 $;2919,32 $;0,00 $;375,00;4030,00 $;2925,00 $;5,68 $;0,09%;
03/09/2025;1;91407,08 $;1434,32 $;1434,32 $;0,00 $;5,68 $;0,00 $;0,00 $;100,00%;1434,32 $;1434,32 $;0,00 $;1434,32 $;0,00 $;10,00;25,00 $;1440,00 $;5,68 $;0,09%;
04/09/2025;1;93416,40 $;2009,32 $;2009,32 $;0,00 $;5,68 $;0,00 $;0,00 $;100,00%;2009,32 $;2009,32 $;0,00 $;2009,32 $;0,00 $;140,00;40,00 $;2015,00 $;5,68 $;0,09%;
08/09/2025;1;92010,72 $;-1405,68 $;0,00 $;-1405,68 $;5,68 $;-1405,68 $;-1405,68 $;0,00%;-1405,68 $;0,00 $;-1405,68 $;0,00 $;-1405,68 $;215,00;1400,00 $;930,00 $;2335,68 $;0,09%;
09/09/2025;1;92845,04 $;834,32 $;834,32 $;0,00 $;5,68 $;-571,36 $;0,00 $;100,00%;834,32 $;834,32 $;0,00 $;834,32 $;0,00 $;20,00;200,00 $;840,00 $;5,68 $;0,09%;
11/09/2025;1;92694,36 $;-150,68 $;0,00 $;-150,68 $;5,68 $;-722,04 $;-150,68 $;0,00%;-150,68 $;0,00 $;-150,68 $;0,00 $;-150,68 $;370,00;780,00 $;640,00 $;790,68 $;0,09%;
12/09/2025;1;93643,68 $;949,32 $;949,32 $;0,00 $;5,68 $;0,00 $;0,00 $;100,00%;949,32 $;949,32 $;0,00 $;949,32 $;0,00 $;200,00;160,00 $;955,00 $;5,68 $;0,09%;
15/09/2025;1;94488,00 $;844,32 $;844,32 $;0,00 $;5,68 $;0,00 $;0,00 $;100,00%;844,32 $;844,32 $;0,00 $;844,32 $;0,00 $;350,00;445,00 $;850,00 $;5,68 $;0,09%;
18/09/2025;1;93777,32 $;-710,68 $;0,00 $;-710,68 $;5,68 $;-710,68 $;-710,68 $;0,00%;-710,68 $;0,00 $;-710,68 $;0,00 $;-710,68 $;400,00;1280,00 $;1340,00 $;2050,68 $;0,09%;
19/09/2025;1;94876,64 $;1099,32 $;1099,32 $;0,00 $;5,68 $;0,00 $;0,00 $;100,00%;1099,32 $;1099,32 $;0,00 $;1099,32 $;0,00 $;205,00;325,00 $;1105,00 $;5,68 $;0,09%;
22/09/2025;1;95700,96 $;824,32 $;824,32 $;0,00 $;5,68 $;0,00 $;0,00 $;100,00%;824,32 $;824,32 $;0,00 $;824,32 $;0,00 $;35,00;395,00 $;830,00 $;5,68 $;0,09%;
25/09/2025;1;96010,28 $;309,32 $;309,32 $;0,00 $;5,68 $;0,00 $;0,00 $;100,00%;309,32 $;309,32 $;0,00 $;309,32 $;0,00 $;385,00;3325,00 $;1540,00 $;1230,68 $;0,09%;
26/09/2025;1;96179,60 $;169,32 $;169,32 $;0,00 $;5,68 $;0,00 $;0,00 $;100,00%;169,32 $;169,32 $;0,00 $;169,32 $;0,00 $;140,00;350,00 $;575,00 $;405,68 $;0,09%;
29/09/2025;1;94573,92 $;-1605,68 $;0,00 $;-1605,68 $;5,68 $;-1605,68 $;-1605,68 $;0,00%;-1605,68 $;0,00 $;-1605,68 $;0,00 $;-1605,68 $;75,00;1600,00 $;825,00 $;2430,68 $;0,09%;
30/09/2025;1;92298,24 $;-2275,68 $;0,00 $;-2275,68 $;5,68 $;-3881,36 $;-2275,68 $;0,00%;-2275,68 $;0,00 $;-2275,68 $;0,00 $;-2275,68 $;130,00;2270,00 $;50,00 $;2325,68 $;0,09%;
01/10/2025;1;93572,56 $;1274,32 $;1274,32 $;0,00 $;5,68 $;-2607,04 $;0,00 $;100,00%;1274,32 $;1274,32 $;0,00 $;1274,32 $;0,00 $;105,00;185,00 $;1280,00 $;5,68 $;0,09%;
06/10/2025;1;92616,88 $;-955,68 $;0,00 $;-955,68 $;5,68 $;-3562,72 $;-955,68 $;0,00%;-955,68 $;0,00 $;-955,68 $;0,00 $;-955,68 $;170,00;1150,00 $;425,00 $;1380,68 $;0,09%;
08/10/2025;1;93481,20 $;864,32 $;864,32 $;0,00 $;5,68 $;-2698,40 $;0,00 $;100,00%;864,32 $;864,32 $;0,00 $;864,32 $;0,00 $;100,00;835,00 $;870,00 $;5,68 $;0,09%;
13/10/2025;1;94635,52 $;1154,32 $;1154,32 $;0,00 $;5,68 $;-1544,08 $;0,00 $;100,00%;1154,32 $;1154,32 $;0,00 $;1154,32 $;0,00 $;260,00;3180,00 $;1160,00 $;5,68 $;0,09%;
14/10/2025;1;97849,84 $;3214,32 $;3214,32 $;0,00 $;5,68 $;0,00 $;0,00 $;100,00%;3214,32 $;3214,32 $;0,00 $;3214,32 $;0,00 $;105,00;615,00 $;3220,00 $;5,68 $;0,09%;
15/10/2025;1;98154,16 $;304,32 $;304,32 $;0,00 $;5,68 $;0,00 $;0,00 $;100,00%;304,32 $;304,32 $;0,00 $;304,32 $;0,00 $;0,00;0,00 $;310,00 $;5,68 $;0,09%;
16/10/2025;1;96158,48 $;-1995,68 $;0,00 $;-1995,68 $;5,68 $;-1995,68 $;-1995,68 $;0,00%;-1995,68 $;0,00 $;-1995,68 $;0,00 $;-1995,68 $;30,00;1990,00 $;235,00 $;2230,68 $;0,09%;
17/10/2025;1;98477,80 $;2319,32 $;2319,32 $;0,00 $;5,68 $;0,00 $;0,00 $;100,00%;2319,32 $;2319,32 $;0,00 $;2319,32 $;0,00 $;145,00;3465,00 $;2325,00 $;5,68 $;0,09%;
20/10/2025;1;100687,12 $;2209,32 $;2209,32 $;0,00 $;5,68 $;0,00 $;0,00 $;100,00%;2209,32 $;2209,32 $;0,00 $;2209,32 $;0,00 $;180,00;455,00 $;2215,00 $;5,68 $;0,09%;
21/10/2025;1;99531,44 $;-1155,68 $;0,00 $;-1155,68 $;5,68 $;-1155,68 $;-1155,68 $;0,00%;-1155,68 $;0,00 $;-1155,68 $;0,00 $;-1155,68 $;295,00;1880,00 $;515,00 $;1670,68 $;0,09%;
23/10/2025;1;102005,76 $;2474,32 $;2474,32 $;0,00 $;5,68 $;0,00 $;0,00 $;100,00%;2474,32 $;2474,32 $;0,00 $;2474,32 $;0,00 $;225,00;1440,00 $;2480,00 $;5,68 $;0,09%;
24/10/2025;1;101375,08 $;-630,68 $;0,00 $;-630,68 $;5,68 $;-630,68 $;-630,68 $;0,00%;-630,68 $;0,00 $;-630,68 $;0,00 $;-630,68 $;270,00;880,00 $;585,00 $;1215,68 $;0,09%;
27/10/2025;1;102614,40 $;1239,32 $;1239,32 $;0,00 $;5,68 $;0,00 $;0,00 $;100,00%;1239,32 $;1239,32 $;0,00 $;1239,32 $;0,00 $;205,00;745,00 $;1245,00 $;5,68 $;0,09%;
